2025-04-08 21:29:03,209 - [MainProcess:27178] root:init_logger:344 - INFO - Enabled
2025-04-08 21:29:03,209 - [MainProcess:27178] root:init_logger:345 - WARNING - Enabled
2025-04-08 21:29:03,209 - [MainProcess:27178] root:init_logger:346 - ERROR - Enabled
2025-04-08 21:29:03,209 - [MainProcess:27178] root:init_logger:347 - CRITICAL - Enabled
2025-04-08 21:29:03,259 - [MainProcess:27178] root:_log_profile:78 - PROFILE - [136.688 MB]: Enabled
2025-04-08 21:29:03,259 - [MainProcess:27178] mummi_ras.online.cg.cganalysis:run_cganalysis:881 - INFO - Running CG analysis, options are:
2025-04-08 21:29:03,259 - [MainProcess:27178] mummi_ras.online.cg.cganalysis:run_cganalysis:882 - INFO - Namespace(simname='structure_iter00_000000000002', fcount=0, noninteractive=False, path='/tmp/mummi/cg/structure_iter00_000000000002-20250408_212846', pathremote='/p/gpfs1/pottier1/minimummi-sc25/roots/root3/sims-cg/structure_iter00_000000000002', fstype='mummi', fbio='mummi', nprocs=1, loglevel=2, logpath='./', logstdout=True, test=False, logfile='cg_analysis', maxsimtime=250000000, stopsimtime=600, minsimtime=100000000, frameProcessBatchSize=10, siminputs='/p/gpfs1/pottier1/minimummi-sc25/roots/root3/sims-cg/structure_iter00_000000000002', simbin='gmx', simruntime='0.5', simcores=8, nofeedback=False, backend=<MDEngine.GROMACS: <class 'mummi_ras.online.simulation.GROMACS'>>, mini=True)
2025-04-08 21:29:03,259 - [MainProcess:27178] mummi_ras.online.cg.cganalysis:run_cganalysis:883 - INFO - local path = /tmp/mummi/cg/structure_iter00_000000000002-20250408_212846
2025-04-08 21:29:03,259 - [MainProcess:27178] mummi_ras.online.cg.cganalysis:run_cganalysis:885 - INFO - remote path = /p/gpfs1/pottier1/minimummi-sc25/roots/root3/sims-cg/structure_iter00_000000000002
2025-04-08 21:29:03,466 - [MainProcess:27178] mummi_ras.online.cg.cganalysis:run_cganalysis:895 - INFO - Using IO_Interface [<class 'mummi_ras.interfaces.mummi.IO_Mummi'>] for data output
2025-04-08 21:29:03,466 - [MainProcess:27178] mummi_ras.online.cg.cganalysis:run_cganalysis:896 - INFO - Using IO_Interface [<class 'mummi_ras.interfaces.mummi.IO_Mummi'>] for feedback output
2025-04-08 21:29:03,466 - [MainProcess:27178] mummi_ras.online.cg.cgoptions:__init__:47 - INFO - Loading parameters from /g/g92/pottier1/admirral_sc25/mummi_resources/analysis/cg/cg_analysis_parameters.yaml
2025-04-08 21:29:03,474 - [MainProcess:27178] mummi_ras.feedback.feedback_manager_cg2ml:__init__:56 - INFO - Initialized FeedbackManager (type = FeedbackManagerType.Worker; name = structure_iter00_000000000002; host = lassen597)
2025-04-08 21:29:03,531 - [MainProcess:27178] mummi_ras.parsers.cg:setup:68 - INFO - Initializing CGParser (MDAnalysis version 2.8.0-dev0)
2025-04-08 21:29:03,531 - [MainProcess:27178] mummi_ras.parsers.cg:setup:69 - INFO - 	Loading: (/tmp/mummi/cg/structure_iter00_000000000002-20250408_212846/lipids-water-eq6.gro) (/tmp/mummi/cg/structure_iter00_000000000002-20250408_212846/topol.tpr)
2025-04-08 21:29:03,551 - [MainProcess:27178] MDAnalysis.topology.TPRparser:_log_header:258 - INFO - Gromacs version   : b'VERSION 2024.1'
2025-04-08 21:29:03,551 - [MainProcess:27178] MDAnalysis.topology.TPRparser:_log_header:259 - INFO - tpx version       : 133
2025-04-08 21:29:03,551 - [MainProcess:27178] MDAnalysis.topology.TPRparser:_log_header:260 - INFO - tpx generation    : 28
2025-04-08 21:29:03,552 - [MainProcess:27178] MDAnalysis.topology.TPRparser:_log_header:261 - INFO - tpx precision     : 4
2025-04-08 21:29:03,552 - [MainProcess:27178] MDAnalysis.topology.TPRparser:_log_header:262 - INFO - tpx file_tag      : b'release'
2025-04-08 21:29:03,552 - [MainProcess:27178] MDAnalysis.topology.TPRparser:_log_header:263 - INFO - tpx natoms        : 54445
2025-04-08 21:29:03,552 - [MainProcess:27178] MDAnalysis.topology.TPRparser:_log_header:264 - INFO - tpx ngtc          : 2
2025-04-08 21:29:03,552 - [MainProcess:27178] MDAnalysis.topology.TPRparser:_log_header:265 - INFO - tpx fep_state     : 0
2025-04-08 21:29:03,552 - [MainProcess:27178] MDAnalysis.topology.TPRparser:_log_header:266 - INFO - tpx lambda        : 0.0
2025-04-08 21:29:04,481 - [MainProcess:27178] mummi_ras.parsers.cg:setup:74 - INFO - 	Number of frames in sim: 1
2025-04-08 21:29:04,481 - [MainProcess:27178] mummi_ras.parsers.cg:setup:75 - INFO - 	Number of atoms in sim: 54445
2025-04-08 21:29:04,481 - [MainProcess:27178] mummi_ras.parsers.cg:setup:76 - INFO - 	Sim dimensions: [182.1744 182.1744 180.4957]
2025-04-08 21:29:04,517 - [MainProcess:27178] mummi_ras.parsers.cg:_setup_lipids:103 - WARNING -  Resnames ['ALA' 'ARG' 'ASN' 'ASP' 'CGW' 'CYF' 'CYM' 'CYS' 'GLN' 'GLU' 'GLY' 'GTP'
 'HSE' 'ILE' 'ION' 'LEU' 'LYS' 'MET' 'MG' 'PHE' 'PRO' 'SER' 'THR' 'TRP'
 'TYR' 'VAL' 'W' 'ZN2'] either not lipids or not supported!
2025-04-08 21:29:04,990 - [MainProcess:27178] numexpr.utils:_init_num_threads:145 - INFO - Note: detected 176 virtual cores but NumExpr set to maximum of 64, check "NUMEXPR_MAX_THREADS" environment variable.
2025-04-08 21:29:04,990 - [MainProcess:27178] numexpr.utils:_init_num_threads:148 - INFO - Note: NumExpr detected 176 cores but "NUMEXPR_MAX_THREADS" not set, so enforcing safe limit of 8.
2025-04-08 21:29:05,997 - [MainProcess:27178] mummi_ras.parsers.cg:_setup_lipids:145 - WARNING - Found leaflets of size 448 355
2025-04-08 21:29:06,002 - [MainProcess:27178] mummi_ras.parsers.cg_aligner:init:144 - INFO - origin: (165,): ['THR', 'GLU', 'TYR', 'LYS', 'LEU', 'VAL', 'VAL', 'VAL', 'GLY', 'ALA', 'ASP', 'GLY', 'VAL', 'GLY', 'LYS', 'SER', 'ALA', 'LEU', 'THR', 'ILE', 'GLN', 'LEU', 'ILE', 'GLN', 'ASN', 'HSE', 'PHE', 'VAL', 'ASP', 'GLU', 'TYR', 'ASP', 'PRO', 'THR', 'ILE', 'GLU', 'ASP', 'SER', 'TYR', 'ARG', 'LYS', 'GLN', 'VAL', 'VAL', 'ILE', 'ASP', 'GLY', 'GLU', 'THR', 'CYS', 'LEU', 'LEU', 'ASP', 'ILE', 'LEU', 'ASP', 'THR', 'ALA', 'GLY', 'GLN', 'GLU', 'GLU', 'TYR', 'SER', 'ALA', 'MET', 'ARG', 'ASP', 'GLN', 'TYR', 'MET', 'ARG', 'THR', 'GLY', 'GLU', 'GLY', 'PHE', 'LEU', 'CYS', 'VAL', 'PHE', 'ALA', 'ILE', 'ASN', 'ASN', 'THR', 'LYS', 'SER', 'PHE', 'GLU', 'ASP', 'ILE', 'HSE', 'HSE', 'TYR', 'ARG', 'GLU', 'GLN', 'ILE', 'LYS', 'ARG', 'VAL', 'LYS', 'ASP', 'SER', 'GLU', 'ASP', 'VAL', 'PRO', 'MET', 'VAL', 'LEU', 'VAL', 'GLY', 'ASN', 'LYS', 'CYS', 'ASP', 'LEU', 'PRO', 'SER', 'ARG', 'THR', 'VAL', 'ASP', 'THR', 'LYS', 'GLN', 'ALA', 'GLN', 'ASP', 'LEU', 'ALA', 'ARG', 'SER', 'TYR', 'GLY', 'ILE', 'PRO', 'PHE', 'ILE', 'GLU', 'THR', 'SER', 'ALA', 'LYS', 'THR', 'ARG', 'GLN', 'GLY', 'VAL', 'ASP', 'ASP', 'ALA', 'PHE', 'TYR', 'THR', 'LEU', 'VAL', 'ARG', 'GLU', 'ILE', 'ARG', 'LYS', 'HSE']
2025-04-08 21:29:06,002 - [MainProcess:27178] mummi_ras.parsers.cg_aligner:init:145 - INFO - xaxis:  (8,): ['THR', 'PHE', 'PHE', 'THR', 'LEU', 'LEU', 'PHE', 'GLN']
2025-04-08 21:29:06,005 - [MainProcess:27178] mummi_ras.online.cg.cganalysis:run_cganalysis:978 - INFO - Testing flags: [Success='cg_success', Fail='cg_failure']
2025-04-08 21:29:06,005 - [MainProcess:27178] mummi_ras.online.cg.cganalysis:run_cganalysis:979 - INFO - Checking for exit condition [/p/gpfs1/pottier1/minimummi-sc25/roots/root3/sims-cg/structure_iter00_000000000002] (pass=False fail=False)
2025-04-08 21:29:06,006 - [MainProcess:27178] mummi_ras.online.simulation:run:101 - INFO - Starting /usr/WS1/mummiusr/mummi-spack/spack/0.21/opt/spack/__spack_path_placeholder__/__spack_path_placeholder__/__spack_path_placeholder__/__spack_path_placeholder__/__spack_path_placeholder__/__spack_path_placeholder__/__spack_path_placeholder__/__spack_path_pla/linux-rhel7-power9le/gcc-11.2.1/gromacs-2024.1-qjy7zpleiv5vefcx74wqch3gy2rui4uh/bin/gmx....
2025-04-08 21:29:06,006 - [MainProcess:27178] mummi_ras.online.simulation:run:115 - INFO - cmd =       /usr/WS1/mummiusr/mummi-spack/spack/0.21/opt/spack/__spack_path_placeholder__/__spack_path_placeholder__/__spack_path_placeholder__/__spack_path_placeholder__/__spack_path_placeholder__/__spack_path_placeholder__/__spack_path_placeholder__/__spack_path_pla/linux-rhel7-power9le/gcc-11.2.1/gromacs-2024.1-qjy7zpleiv5vefcx74wqch3gy2rui4uh/bin/gmx mdrun -cpi -nb gpu -ntmpi 1 -ntomp 8 -pin off -maxh 0.5 >> mdrun.log 2>&1
2025-04-08 21:29:06,006 - [MainProcess:27178] mummi_ras.online.simulation:run:116 - INFO - os.pwd =    /tmp/mummi/cg/structure_iter00_000000000002-20250408_212846
2025-04-08 21:29:06,006 - [MainProcess:27178] mummi_ras.online.simulation:run:117 - INFO - simdir =    /tmp/mummi/cg/structure_iter00_000000000002-20250408_212846
2025-04-08 21:29:11,014 - [MainProcess:27178] mummi_ras.online.simulation:run:122 - INFO - Process Running? None
2025-04-08 21:29:11,015 - [MainProcess:27178] mummi_ras.online.simulation:run:126 - INFO - CUDA_VISIBLE_DEVICES=0
2025-04-08 21:29:11,016 - [MainProcess:27178] mummi_ras.online.simulation:run:127 - INFO - ROCR_VISIBLE_DEVICES=UNSET
2025-04-08 21:29:11,099 - [MainProcess:27178] mummi_ras.online.simulation:get_new_frames:399 - INFO - Getting all frame numbers in trajectory from 0 to 0.
2025-04-08 21:29:11,099 - [MainProcess:27178] mummi_ras.online.cg.cganalysis:run_main_analysis:193 - INFO - Process frame 0
2025-04-08 21:29:11,099 - [MainProcess:27178] mummi_ras.online.cg.cganalysis:processFrame:554 - INFO - Load 1 frames: current frame ID /tmp/mummi/cg/structure_iter00_000000000002-20250408_212846/traj_comp.xtc
2025-04-08 21:29:11,112 - [MainProcess:27178] mummi_ras.online.cg.cganalysis:processFrame:580 - INFO - Frame:     0, Time:    0.000 ps, Bbox = [0, 182.1744, 0, 182.1744]
2025-04-08 21:29:11,112 - [MainProcess:27178] mummi_ras.online.cg.cganalysis:processFrame:584 - INFO - Lengths of layers: 667 25 493
2025-04-08 21:29:11,246 - [MainProcess:27178] mummi_ras.online.cg.cganalysis:processFrame:765 - INFO - Time for analysis - frameNum 0, time 0.1465606689453125 s
2025-04-08 21:29:13,246 - [MainProcess:27178] mummi_ras.online.simulation:has_computed_enough:352 - INFO - runtime_hours*0.99 = 0.495 vs delta_time = 0.002011287675963508 (length 0.0 ns) False False
2025-04-08 21:29:15,253 - [MainProcess:27178] mummi_ras.online.simulation:has_computed_enough:352 - INFO - runtime_hours*0.99 = 0.495 vs delta_time = 0.0025686917702356974 (length 0.0 ns) False False
2025-04-08 21:29:17,260 - [MainProcess:27178] mummi_ras.online.simulation:has_computed_enough:352 - INFO - runtime_hours*0.99 = 0.495 vs delta_time = 0.0031260685125986737 (length 0.0 ns) False False
2025-04-08 21:29:19,266 - [MainProcess:27178] mummi_ras.online.simulation:has_computed_enough:352 - INFO - runtime_hours*0.99 = 0.495 vs delta_time = 0.003683424062199063 (length 0.0 ns) False False
2025-04-08 21:29:21,273 - [MainProcess:27178] mummi_ras.online.simulation:has_computed_enough:352 - INFO - runtime_hours*0.99 = 0.495 vs delta_time = 0.0042407853735817805 (length 0.0 ns) False False
2025-04-08 21:29:23,279 - [MainProcess:27178] mummi_ras.online.simulation:has_computed_enough:352 - INFO - runtime_hours*0.99 = 0.495 vs delta_time = 0.004798163043128119 (length 0.0 ns) False False
2025-04-08 21:29:25,286 - [MainProcess:27178] mummi_ras.online.simulation:has_computed_enough:352 - INFO - runtime_hours*0.99 = 0.495 vs delta_time = 0.005355550911691454 (length 0.0 ns) False False
2025-04-08 21:29:27,292 - [MainProcess:27178] mummi_ras.online.simulation:has_computed_enough:352 - INFO - runtime_hours*0.99 = 0.495 vs delta_time = 0.005912920633951823 (length 0.0 ns) False False
2025-04-08 21:29:29,299 - [MainProcess:27178] mummi_ras.online.simulation:has_computed_enough:352 - INFO - runtime_hours*0.99 = 0.495 vs delta_time = 0.006470291349622939 (length 0.0 ns) False False
2025-04-08 21:29:31,305 - [MainProcess:27178] mummi_ras.online.simulation:has_computed_enough:352 - INFO - runtime_hours*0.99 = 0.495 vs delta_time = 0.007027663323614332 (length 0.0 ns) False False
2025-04-08 21:29:33,312 - [MainProcess:27178] mummi_ras.online.simulation:has_computed_enough:352 - INFO - runtime_hours*0.99 = 0.495 vs delta_time = 0.007585034039285448 (length 0.0 ns) False False
2025-04-08 21:29:33,709 - [MainProcess:27178] mummi_ras.online.simulation:get_new_frames:399 - INFO - Getting all frame numbers in trajectory from 1 to 1.
2025-04-08 21:29:33,709 - [MainProcess:27178] mummi_ras.online.cg.cganalysis:run_main_analysis:193 - INFO - Process frame 1
2025-04-08 21:29:33,709 - [MainProcess:27178] mummi_ras.online.cg.cganalysis:processFrame:554 - INFO - Load 2 frames: current frame ID /tmp/mummi/cg/structure_iter00_000000000002-20250408_212846/traj_comp.xtc
2025-04-08 21:29:33,721 - [MainProcess:27178] mummi_ras.online.cg.cganalysis:processFrame:580 - INFO - Frame:     1, Time:  500.000 ps, Bbox = [0, 180.74036, 0, 180.74036]
2025-04-08 21:29:33,721 - [MainProcess:27178] mummi_ras.online.cg.cganalysis:processFrame:584 - INFO - Lengths of layers: 670 25 490
2025-04-08 21:29:33,826 - [MainProcess:27178] mummi_ras.online.cg.cganalysis:processFrame:765 - INFO - Time for analysis - frameNum 1, time 0.11612606048583984 s
2025-04-08 21:29:35,826 - [MainProcess:27178] mummi_ras.online.simulation:has_computed_enough:352 - INFO - runtime_hours*0.99 = 0.495 vs delta_time = 0.008283378746774461 (length 0.5 ns) False False
2025-04-08 21:29:37,833 - [MainProcess:27178] mummi_ras.online.simulation:has_computed_enough:352 - INFO - runtime_hours*0.99 = 0.495 vs delta_time = 0.008840793304973178 (length 0.5 ns) False False
2025-04-08 21:29:39,839 - [MainProcess:27178] mummi_ras.online.simulation:has_computed_enough:352 - INFO - runtime_hours*0.99 = 0.495 vs delta_time = 0.009398139980104234 (length 0.5 ns) False False
2025-04-08 21:29:41,846 - [MainProcess:27178] mummi_ras.online.simulation:has_computed_enough:352 - INFO - runtime_hours*0.99 = 0.495 vs delta_time = 0.009955537915229797 (length 0.5 ns) False False
2025-04-08 21:29:43,852 - [MainProcess:27178] mummi_ras.online.simulation:has_computed_enough:352 - INFO - runtime_hours*0.99 = 0.495 vs delta_time = 0.010512933995988634 (length 0.5 ns) False False
2025-04-08 21:29:45,859 - [MainProcess:27178] mummi_ras.online.simulation:has_computed_enough:352 - INFO - runtime_hours*0.99 = 0.495 vs delta_time = 0.011070326765378316 (length 0.5 ns) False False
2025-04-08 21:29:47,866 - [MainProcess:27178] mummi_ras.online.simulation:has_computed_enough:352 - INFO - runtime_hours*0.99 = 0.495 vs delta_time = 0.011627696686320835 (length 0.5 ns) False False
2025-04-08 21:29:49,872 - [MainProcess:27178] mummi_ras.online.simulation:has_computed_enough:352 - INFO - runtime_hours*0.99 = 0.495 vs delta_time = 0.012185002366701761 (length 0.5 ns) False False
2025-04-08 21:29:51,878 - [MainProcess:27178] mummi_ras.online.simulation:has_computed_enough:352 - INFO - runtime_hours*0.99 = 0.495 vs delta_time = 0.012742307053671943 (length 0.5 ns) False False
2025-04-08 21:29:53,885 - [MainProcess:27178] mummi_ras.online.simulation:has_computed_enough:352 - INFO - runtime_hours*0.99 = 0.495 vs delta_time = 0.013299678365389506 (length 0.5 ns) False False
2025-04-08 21:29:55,891 - [MainProcess:27178] mummi_ras.online.simulation:has_computed_enough:352 - INFO - runtime_hours*0.99 = 0.495 vs delta_time = 0.013857047888967727 (length 0.5 ns) False False
2025-04-08 21:29:57,898 - [MainProcess:27178] mummi_ras.online.simulation:has_computed_enough:352 - INFO - runtime_hours*0.99 = 0.495 vs delta_time = 0.014414410326215956 (length 0.5 ns) False False
2025-04-08 21:29:59,904 - [MainProcess:27178] mummi_ras.online.simulation:has_computed_enough:352 - INFO - runtime_hours*0.99 = 0.495 vs delta_time = 0.014971711370680067 (length 0.5 ns) False False
2025-04-08 21:30:01,911 - [MainProcess:27178] mummi_ras.online.simulation:has_computed_enough:352 - INFO - runtime_hours*0.99 = 0.495 vs delta_time = 0.015529077450434367 (length 0.5 ns) False False
2025-04-08 21:30:01,968 - [MainProcess:27178] mummi_ras.online.simulation:get_new_frames:399 - INFO - Getting all frame numbers in trajectory from 2 to 2.
2025-04-08 21:30:01,968 - [MainProcess:27178] mummi_ras.online.cg.cganalysis:run_main_analysis:193 - INFO - Process frame 2
2025-04-08 21:30:01,968 - [MainProcess:27178] mummi_ras.online.cg.cganalysis:processFrame:554 - INFO - Load 3 frames: current frame ID /tmp/mummi/cg/structure_iter00_000000000002-20250408_212846/traj_comp.xtc
2025-04-08 21:30:01,979 - [MainProcess:27178] mummi_ras.online.cg.cganalysis:processFrame:580 - INFO - Frame:     2, Time: 1000.000 ps, Bbox = [0, 181.77728, 0, 181.77728]
2025-04-08 21:30:01,980 - [MainProcess:27178] mummi_ras.online.cg.cganalysis:processFrame:584 - INFO - Lengths of layers: 667 31 487
2025-04-08 21:30:02,091 - [MainProcess:27178] mummi_ras.online.cg.cganalysis:processFrame:765 - INFO - Time for analysis - frameNum 2, time 0.12320208549499512 s
2025-04-08 21:30:04,092 - [MainProcess:27178] mummi_ras.online.simulation:has_computed_enough:352 - INFO - runtime_hours*0.99 = 0.495 vs delta_time = 0.01613502158059014 (length 1.0 ns) False False
2025-04-08 21:30:06,099 - [MainProcess:27178] mummi_ras.online.simulation:has_computed_enough:352 - INFO - runtime_hours*0.99 = 0.495 vs delta_time = 0.01669242693318261 (length 1.0 ns) False False
2025-04-08 21:30:08,105 - [MainProcess:27178] mummi_ras.online.simulation:has_computed_enough:352 - INFO - runtime_hours*0.99 = 0.495 vs delta_time = 0.01724979711903466 (length 1.0 ns) False False
2025-04-08 21:30:10,112 - [MainProcess:27178] mummi_ras.online.simulation:has_computed_enough:352 - INFO - runtime_hours*0.99 = 0.495 vs delta_time = 0.017807174788581 (length 1.0 ns) False False
2025-04-08 21:30:12,118 - [MainProcess:27178] mummi_ras.online.simulation:has_computed_enough:352 - INFO - runtime_hours*0.99 = 0.495 vs delta_time = 0.018364440467622544 (length 1.0 ns) False False
2025-04-08 21:30:14,124 - [MainProcess:27178] mummi_ras.online.simulation:has_computed_enough:352 - INFO - runtime_hours*0.99 = 0.495 vs delta_time = 0.01892180840174357 (length 1.0 ns) False False
2025-04-08 21:30:16,131 - [MainProcess:27178] mummi_ras.online.simulation:has_computed_enough:352 - INFO - runtime_hours*0.99 = 0.495 vs delta_time = 0.019479186005062526 (length 1.0 ns) False False
2025-04-08 21:30:18,137 - [MainProcess:27178] mummi_ras.online.simulation:has_computed_enough:352 - INFO - runtime_hours*0.99 = 0.495 vs delta_time = 0.02003648234738244 (length 1.0 ns) False False
2025-04-08 21:30:20,144 - [MainProcess:27178] mummi_ras.online.simulation:has_computed_enough:352 - INFO - runtime_hours*0.99 = 0.495 vs delta_time = 0.020593840347396003 (length 1.0 ns) False False
2025-04-08 21:30:22,150 - [MainProcess:27178] mummi_ras.online.simulation:has_computed_enough:352 - INFO - runtime_hours*0.99 = 0.495 vs delta_time = 0.021151179340150622 (length 1.0 ns) False False
2025-04-08 21:30:24,156 - [MainProcess:27178] mummi_ras.online.simulation:has_computed_enough:352 - INFO - runtime_hours*0.99 = 0.495 vs delta_time = 0.021708470582962037 (length 1.0 ns) False False
2025-04-08 21:30:26,163 - [MainProcess:27178] mummi_ras.online.simulation:has_computed_enough:352 - INFO - runtime_hours*0.99 = 0.495 vs delta_time = 0.022265848252508377 (length 1.0 ns) False False
2025-04-08 21:30:28,169 - [MainProcess:27178] mummi_ras.online.simulation:has_computed_enough:352 - INFO - runtime_hours*0.99 = 0.495 vs delta_time = 0.02282314426369137 (length 1.0 ns) False False
2025-04-08 21:30:28,222 - [MainProcess:27178] mummi_ras.online.simulation:get_new_frames:399 - INFO - Getting all frame numbers in trajectory from 3 to 3.
2025-04-08 21:30:28,222 - [MainProcess:27178] mummi_ras.online.cg.cganalysis:run_main_analysis:193 - INFO - Process frame 3
2025-04-08 21:30:28,223 - [MainProcess:27178] mummi_ras.online.cg.cganalysis:processFrame:554 - INFO - Load 4 frames: current frame ID /tmp/mummi/cg/structure_iter00_000000000002-20250408_212846/traj_comp.xtc
2025-04-08 21:30:28,234 - [MainProcess:27178] mummi_ras.online.cg.cganalysis:processFrame:580 - INFO - Frame:     3, Time: 1500.000 ps, Bbox = [0, 180.95206, 0, 180.95206]
2025-04-08 21:30:28,234 - [MainProcess:27178] mummi_ras.online.cg.cganalysis:processFrame:584 - INFO - Lengths of layers: 661 38 486
2025-04-08 21:30:28,338 - [MainProcess:27178] mummi_ras.online.cg.cganalysis:processFrame:765 - INFO - Time for analysis - frameNum 3, time 0.11574983596801758 s
2025-04-08 21:30:30,339 - [MainProcess:27178] mummi_ras.online.simulation:has_computed_enough:352 - INFO - runtime_hours*0.99 = 0.495 vs delta_time = 0.02342580371432834 (length 1.5 ns) False False
2025-04-08 21:30:32,345 - [MainProcess:27178] mummi_ras.online.simulation:has_computed_enough:352 - INFO - runtime_hours*0.99 = 0.495 vs delta_time = 0.023983163634936015 (length 1.5 ns) False False
2025-04-08 21:30:34,352 - [MainProcess:27178] mummi_ras.online.simulation:has_computed_enough:352 - INFO - runtime_hours*0.99 = 0.495 vs delta_time = 0.024540549251768323 (length 1.5 ns) False False
2025-04-08 21:30:36,358 - [MainProcess:27178] mummi_ras.online.simulation:has_computed_enough:352 - INFO - runtime_hours*0.99 = 0.495 vs delta_time = 0.02509789890713162 (length 1.5 ns) False False
2025-04-08 21:30:38,365 - [MainProcess:27178] mummi_ras.online.simulation:has_computed_enough:352 - INFO - runtime_hours*0.99 = 0.495 vs delta_time = 0.025655190149943035 (length 1.5 ns) False False
2025-04-08 21:30:40,371 - [MainProcess:27178] mummi_ras.online.simulation:has_computed_enough:352 - INFO - runtime_hours*0.99 = 0.495 vs delta_time = 0.026212545302179126 (length 1.5 ns) False False
2025-04-08 21:30:42,377 - [MainProcess:27178] mummi_ras.online.simulation:has_computed_enough:352 - INFO - runtime_hours*0.99 = 0.495 vs delta_time = 0.026769898136456808 (length 1.5 ns) False False
2025-04-08 21:30:44,384 - [MainProcess:27178] mummi_ras.online.simulation:has_computed_enough:352 - INFO - runtime_hours*0.99 = 0.495 vs delta_time = 0.02732718626658122 (length 1.5 ns) False False
2025-04-08 21:30:46,390 - [MainProcess:27178] mummi_ras.online.simulation:has_computed_enough:352 - INFO - runtime_hours*0.99 = 0.495 vs delta_time = 0.02788454552491506 (length 1.5 ns) False False
2025-04-08 21:30:48,397 - [MainProcess:27178] mummi_ras.online.simulation:has_computed_enough:352 - INFO - runtime_hours*0.99 = 0.495 vs delta_time = 0.028441893061002095 (length 1.5 ns) False False
2025-04-08 21:30:50,403 - [MainProcess:27178] mummi_ras.online.simulation:has_computed_enough:352 - INFO - runtime_hours*0.99 = 0.495 vs delta_time = 0.028999214702182346 (length 1.5 ns) False False
2025-04-08 21:30:52,410 - [MainProcess:27178] mummi_ras.online.simulation:has_computed_enough:352 - INFO - runtime_hours*0.99 = 0.495 vs delta_time = 0.029556608531210157 (length 1.5 ns) False False
2025-04-08 21:30:54,416 - [MainProcess:27178] mummi_ras.online.simulation:has_computed_enough:352 - INFO - runtime_hours*0.99 = 0.495 vs delta_time = 0.030113999644915262 (length 1.5 ns) False False
2025-04-08 21:30:54,468 - [MainProcess:27178] mummi_ras.online.simulation:get_new_frames:399 - INFO - Getting all frame numbers in trajectory from 4 to 4.
2025-04-08 21:30:54,469 - [MainProcess:27178] mummi_ras.online.cg.cganalysis:run_main_analysis:193 - INFO - Process frame 4
2025-04-08 21:30:54,469 - [MainProcess:27178] mummi_ras.online.cg.cganalysis:processFrame:554 - INFO - Load 5 frames: current frame ID /tmp/mummi/cg/structure_iter00_000000000002-20250408_212846/traj_comp.xtc
2025-04-08 21:30:54,480 - [MainProcess:27178] mummi_ras.online.cg.cganalysis:processFrame:580 - INFO - Frame:     4, Time: 2000.000 ps, Bbox = [0, 180.23569, 0, 180.23569]
2025-04-08 21:30:54,480 - [MainProcess:27178] mummi_ras.online.cg.cganalysis:processFrame:584 - INFO - Lengths of layers: 657 41 487
2025-04-08 21:30:54,584 - [MainProcess:27178] mummi_ras.online.cg.cganalysis:processFrame:765 - INFO - Time for analysis - frameNum 4, time 0.11535787582397461 s
2025-04-08 21:30:56,584 - [MainProcess:27178] mummi_ras.online.simulation:has_computed_enough:352 - INFO - runtime_hours*0.99 = 0.495 vs delta_time = 0.030716290407710605 (length 2.0 ns) False False
2025-04-08 21:30:58,591 - [MainProcess:27178] mummi_ras.online.simulation:has_computed_enough:352 - INFO - runtime_hours*0.99 = 0.495 vs delta_time = 0.031273728940222 (length 2.0 ns) False False
2025-04-08 21:31:00,598 - [MainProcess:27178] mummi_ras.online.simulation:has_computed_enough:352 - INFO - runtime_hours*0.99 = 0.495 vs delta_time = 0.03183109634452396 (length 2.0 ns) False False
2025-04-08 21:31:02,604 - [MainProcess:27178] mummi_ras.online.simulation:has_computed_enough:352 - INFO - runtime_hours*0.99 = 0.495 vs delta_time = 0.03238836288452149 (length 2.0 ns) False False
2025-04-08 21:31:04,610 - [MainProcess:27178] mummi_ras.online.simulation:has_computed_enough:352 - INFO - runtime_hours*0.99 = 0.495 vs delta_time = 0.03294572558667925 (length 2.0 ns) False False
2025-04-08 21:31:06,617 - [MainProcess:27178] mummi_ras.online.simulation:has_computed_enough:352 - INFO - runtime_hours*0.99 = 0.495 vs delta_time = 0.03350310371981727 (length 2.0 ns) False False
2025-04-08 21:31:08,623 - [MainProcess:27178] mummi_ras.online.simulation:has_computed_enough:352 - INFO - runtime_hours*0.99 = 0.495 vs delta_time = 0.034060457150141395 (length 2.0 ns) False False
2025-04-08 21:31:10,630 - [MainProcess:27178] mummi_ras.online.simulation:has_computed_enough:352 - INFO - runtime_hours*0.99 = 0.495 vs delta_time = 0.034617765347162884 (length 2.0 ns) False False
2025-04-08 21:31:12,636 - [MainProcess:27178] mummi_ras.online.simulation:has_computed_enough:352 - INFO - runtime_hours*0.99 = 0.495 vs delta_time = 0.03517513400978512 (length 2.0 ns) False False
2025-04-08 21:31:14,643 - [MainProcess:27178] mummi_ras.online.simulation:has_computed_enough:352 - INFO - runtime_hours*0.99 = 0.495 vs delta_time = 0.035732483996285334 (length 2.0 ns) False False
2025-04-08 21:31:16,649 - [MainProcess:27178] mummi_ras.online.simulation:has_computed_enough:352 - INFO - runtime_hours*0.99 = 0.495 vs delta_time = 0.036289763980441626 (length 2.0 ns) False False
2025-04-08 21:31:18,655 - [MainProcess:27178] mummi_ras.online.simulation:has_computed_enough:352 - INFO - runtime_hours*0.99 = 0.495 vs delta_time = 0.036847131318516205 (length 2.0 ns) False False
2025-04-08 21:31:20,662 - [MainProcess:27178] mummi_ras.online.simulation:has_computed_enough:352 - INFO - runtime_hours*0.99 = 0.495 vs delta_time = 0.03740449931886461 (length 2.0 ns) False False
2025-04-08 21:31:22,668 - [MainProcess:27178] mummi_ras.online.simulation:has_computed_enough:352 - INFO - runtime_hours*0.99 = 0.495 vs delta_time = 0.03796180956893497 (length 2.0 ns) False False
2025-04-08 21:31:22,725 - [MainProcess:27178] mummi_ras.online.simulation:get_new_frames:399 - INFO - Getting all frame numbers in trajectory from 5 to 5.
2025-04-08 21:31:22,725 - [MainProcess:27178] mummi_ras.online.cg.cganalysis:run_main_analysis:193 - INFO - Process frame 5
2025-04-08 21:31:22,725 - [MainProcess:27178] mummi_ras.online.cg.cganalysis:processFrame:554 - INFO - Load 6 frames: current frame ID /tmp/mummi/cg/structure_iter00_000000000002-20250408_212846/traj_comp.xtc
2025-04-08 21:31:22,736 - [MainProcess:27178] mummi_ras.online.cg.cganalysis:processFrame:580 - INFO - Frame:     5, Time: 2500.000 ps, Bbox = [0, 181.38672, 0, 181.38672]
2025-04-08 21:31:22,736 - [MainProcess:27178] mummi_ras.online.cg.cganalysis:processFrame:584 - INFO - Lengths of layers: 658 42 485
2025-04-08 21:31:22,841 - [MainProcess:27178] mummi_ras.online.cg.cganalysis:processFrame:765 - INFO - Time for analysis - frameNum 5, time 0.1158289909362793 s
2025-04-08 21:31:24,841 - [MainProcess:27178] mummi_ras.online.simulation:has_computed_enough:352 - INFO - runtime_hours*0.99 = 0.495 vs delta_time = 0.038565448853704665 (length 2.5 ns) False False
2025-04-08 21:31:26,848 - [MainProcess:27178] mummi_ras.online.simulation:has_computed_enough:352 - INFO - runtime_hours*0.99 = 0.495 vs delta_time = 0.03912280976772308 (length 2.5 ns) False False
2025-04-08 21:31:28,855 - [MainProcess:27178] mummi_ras.online.simulation:has_computed_enough:352 - INFO - runtime_hours*0.99 = 0.495 vs delta_time = 0.03968018862936232 (length 2.5 ns) False False
2025-04-08 21:31:30,861 - [MainProcess:27178] mummi_ras.online.simulation:has_computed_enough:352 - INFO - runtime_hours*0.99 = 0.495 vs delta_time = 0.040237562722629974 (length 2.5 ns) False False
2025-04-08 21:31:32,867 - [MainProcess:27178] mummi_ras.online.simulation:has_computed_enough:352 - INFO - runtime_hours*0.99 = 0.495 vs delta_time = 0.04079485846890343 (length 2.5 ns) False False
2025-04-08 21:31:34,874 - [MainProcess:27178] mummi_ras.online.simulation:has_computed_enough:352 - INFO - runtime_hours*0.99 = 0.495 vs delta_time = 0.04135222189956241 (length 2.5 ns) False False
2025-04-08 21:31:36,880 - [MainProcess:27178] mummi_ras.online.simulation:has_computed_enough:352 - INFO - runtime_hours*0.99 = 0.495 vs delta_time = 0.041909580098258126 (length 2.5 ns) False False
2025-04-08 21:31:38,887 - [MainProcess:27178] mummi_ras.online.simulation:has_computed_enough:352 - INFO - runtime_hours*0.99 = 0.495 vs delta_time = 0.042466893659697635 (length 2.5 ns) False False
2025-04-08 21:31:40,893 - [MainProcess:27178] mummi_ras.online.simulation:has_computed_enough:352 - INFO - runtime_hours*0.99 = 0.495 vs delta_time = 0.04302426477273305 (length 2.5 ns) False False
2025-04-08 21:31:42,900 - [MainProcess:27178] mummi_ras.online.simulation:has_computed_enough:352 - INFO - runtime_hours*0.99 = 0.495 vs delta_time = 0.04358163939581977 (length 2.5 ns) False False
2025-04-08 21:31:44,906 - [MainProcess:27178] mummi_ras.online.simulation:has_computed_enough:352 - INFO - runtime_hours*0.99 = 0.495 vs delta_time = 0.04413894275824229 (length 2.5 ns) False False
2025-04-08 21:31:46,913 - [MainProcess:27178] mummi_ras.online.simulation:has_computed_enough:352 - INFO - runtime_hours*0.99 = 0.495 vs delta_time = 0.04469631400373247 (length 2.5 ns) False False
2025-04-08 21:31:48,919 - [MainProcess:27178] mummi_ras.online.simulation:has_computed_enough:352 - INFO - runtime_hours*0.99 = 0.495 vs delta_time = 0.045253677897983124 (length 2.5 ns) False False
2025-04-08 21:31:49,230 - [MainProcess:27178] mummi_ras.online.simulation:get_new_frames:399 - INFO - Getting all frame numbers in trajectory from 6 to 6.
2025-04-08 21:31:49,230 - [MainProcess:27178] mummi_ras.online.cg.cganalysis:run_main_analysis:193 - INFO - Process frame 6
2025-04-08 21:31:49,230 - [MainProcess:27178] mummi_ras.online.cg.cganalysis:processFrame:554 - INFO - Load 7 frames: current frame ID /tmp/mummi/cg/structure_iter00_000000000002-20250408_212846/traj_comp.xtc
2025-04-08 21:31:49,241 - [MainProcess:27178] mummi_ras.online.cg.cganalysis:processFrame:580 - INFO - Frame:     6, Time: 3000.000 ps, Bbox = [0, 179.8137, 0, 179.8137]
2025-04-08 21:31:49,241 - [MainProcess:27178] mummi_ras.online.cg.cganalysis:processFrame:584 - INFO - Lengths of layers: 659 40 486
2025-04-08 21:31:49,345 - [MainProcess:27178] mummi_ras.online.cg.cganalysis:processFrame:765 - INFO - Time for analysis - frameNum 6, time 0.1152334213256836 s
2025-04-08 21:31:51,346 - [MainProcess:27178] mummi_ras.online.simulation:has_computed_enough:352 - INFO - runtime_hours*0.99 = 0.495 vs delta_time = 0.04592774477269915 (length 3.0 ns) False False
2025-04-08 21:31:53,352 - [MainProcess:27178] mummi_ras.online.simulation:has_computed_enough:352 - INFO - runtime_hours*0.99 = 0.495 vs delta_time = 0.046485057340727914 (length 3.0 ns) False False
2025-04-08 21:31:55,359 - [MainProcess:27178] mummi_ras.online.simulation:has_computed_enough:352 - INFO - runtime_hours*0.99 = 0.495 vs delta_time = 0.04704244984520806 (length 3.0 ns) False False
2025-04-08 21:31:57,365 - [MainProcess:27178] mummi_ras.online.simulation:has_computed_enough:352 - INFO - runtime_hours*0.99 = 0.495 vs delta_time = 0.04759983128971524 (length 3.0 ns) False False
2025-04-08 21:31:59,371 - [MainProcess:27178] mummi_ras.online.simulation:has_computed_enough:352 - INFO - runtime_hours*0.99 = 0.495 vs delta_time = 0.04815713273154365 (length 3.0 ns) False False
2025-04-08 21:32:01,378 - [MainProcess:27178] mummi_ras.online.simulation:has_computed_enough:352 - INFO - runtime_hours*0.99 = 0.495 vs delta_time = 0.04871450106302897 (length 3.0 ns) False False
2025-04-08 21:32:03,384 - [MainProcess:27178] mummi_ras.online.simulation:has_computed_enough:352 - INFO - runtime_hours*0.99 = 0.495 vs delta_time = 0.04927184025446574 (length 3.0 ns) False False
2025-04-08 21:32:05,391 - [MainProcess:27178] mummi_ras.online.simulation:has_computed_enough:352 - INFO - runtime_hours*0.99 = 0.495 vs delta_time = 0.049829199843936495 (length 3.0 ns) False False
2025-04-08 21:32:07,397 - [MainProcess:27178] mummi_ras.online.simulation:has_computed_enough:352 - INFO - runtime_hours*0.99 = 0.495 vs delta_time = 0.05038656704955631 (length 3.0 ns) False False
2025-04-08 21:32:09,404 - [MainProcess:27178] mummi_ras.online.simulation:has_computed_enough:352 - INFO - runtime_hours*0.99 = 0.495 vs delta_time = 0.050943876372443304 (length 3.0 ns) False False
2025-04-08 21:32:11,410 - [MainProcess:27178] mummi_ras.online.simulation:has_computed_enough:352 - INFO - runtime_hours*0.99 = 0.495 vs delta_time = 0.05150124993589189 (length 3.0 ns) False False
2025-04-08 21:32:13,417 - [MainProcess:27178] mummi_ras.online.simulation:has_computed_enough:352 - INFO - runtime_hours*0.99 = 0.495 vs delta_time = 0.05205861998928918 (length 3.0 ns) False False
2025-04-08 21:32:15,423 - [MainProcess:27178] mummi_ras.online.simulation:has_computed_enough:352 - INFO - runtime_hours*0.99 = 0.495 vs delta_time = 0.05261590215894911 (length 3.0 ns) False False
2025-04-08 21:32:17,429 - [MainProcess:27178] mummi_ras.online.simulation:has_computed_enough:352 - INFO - runtime_hours*0.99 = 0.495 vs delta_time = 0.05317323307196299 (length 3.0 ns) False False
2025-04-08 21:32:17,482 - [MainProcess:27178] mummi_ras.online.simulation:get_new_frames:399 - INFO - Getting all frame numbers in trajectory from 7 to 7.
2025-04-08 21:32:17,482 - [MainProcess:27178] mummi_ras.online.cg.cganalysis:run_main_analysis:193 - INFO - Process frame 7
2025-04-08 21:32:17,482 - [MainProcess:27178] mummi_ras.online.cg.cganalysis:processFrame:554 - INFO - Load 8 frames: current frame ID /tmp/mummi/cg/structure_iter00_000000000002-20250408_212846/traj_comp.xtc
2025-04-08 21:32:17,494 - [MainProcess:27178] mummi_ras.online.cg.cganalysis:processFrame:580 - INFO - Frame:     7, Time: 3500.000 ps, Bbox = [0, 179.24295, 0, 179.24295]
2025-04-08 21:32:17,494 - [MainProcess:27178] mummi_ras.online.cg.cganalysis:processFrame:584 - INFO - Lengths of layers: 656 44 485
2025-04-08 21:32:17,598 - [MainProcess:27178] mummi_ras.online.cg.cganalysis:processFrame:765 - INFO - Time for analysis - frameNum 7, time 0.1156926155090332 s
2025-04-08 21:32:19,599 - [MainProcess:27178] mummi_ras.online.simulation:has_computed_enough:352 - INFO - runtime_hours*0.99 = 0.495 vs delta_time = 0.053775758147239686 (length 3.5 ns) False False
2025-04-08 21:32:21,605 - [MainProcess:27178] mummi_ras.online.simulation:has_computed_enough:352 - INFO - runtime_hours*0.99 = 0.495 vs delta_time = 0.05433307058281368 (length 3.5 ns) False False
2025-04-08 21:32:23,611 - [MainProcess:27178] mummi_ras.online.simulation:has_computed_enough:352 - INFO - runtime_hours*0.99 = 0.495 vs delta_time = 0.05489042752318912 (length 3.5 ns) False False
2025-04-08 21:32:25,618 - [MainProcess:27178] mummi_ras.online.simulation:has_computed_enough:352 - INFO - runtime_hours*0.99 = 0.495 vs delta_time = 0.0554477901591195 (length 3.5 ns) False False
2025-04-08 21:32:27,624 - [MainProcess:27178] mummi_ras.online.simulation:has_computed_enough:352 - INFO - runtime_hours*0.99 = 0.495 vs delta_time = 0.05600510120391846 (length 3.5 ns) False False
2025-04-08 21:32:29,631 - [MainProcess:27178] mummi_ras.online.simulation:has_computed_enough:352 - INFO - runtime_hours*0.99 = 0.495 vs delta_time = 0.05656246291266547 (length 3.5 ns) False False
2025-04-08 21:32:31,637 - [MainProcess:27178] mummi_ras.online.simulation:has_computed_enough:352 - INFO - runtime_hours*0.99 = 0.495 vs delta_time = 0.057119830780559114 (length 3.5 ns) False False
2025-04-08 21:32:33,643 - [MainProcess:27178] mummi_ras.online.simulation:has_computed_enough:352 - INFO - runtime_hours*0.99 = 0.495 vs delta_time = 0.057677061756451924 (length 3.5 ns) False False
2025-04-08 21:32:35,650 - [MainProcess:27178] mummi_ras.online.simulation:has_computed_enough:352 - INFO - runtime_hours*0.99 = 0.495 vs delta_time = 0.05823441743850708 (length 3.5 ns) False False
2025-04-08 21:32:37,656 - [MainProcess:27178] mummi_ras.online.simulation:has_computed_enough:352 - INFO - runtime_hours*0.99 = 0.495 vs delta_time = 0.058791785173945954 (length 3.5 ns) False False
2025-04-08 21:32:39,663 - [MainProcess:27178] mummi_ras.online.simulation:has_computed_enough:352 - INFO - runtime_hours*0.99 = 0.495 vs delta_time = 0.0593491311205758 (length 3.5 ns) False False
2025-04-08 21:32:41,669 - [MainProcess:27178] mummi_ras.online.simulation:has_computed_enough:352 - INFO - runtime_hours*0.99 = 0.495 vs delta_time = 0.05990648633903927 (length 3.5 ns) False False
2025-04-08 21:32:43,676 - [MainProcess:27178] mummi_ras.online.simulation:has_computed_enough:352 - INFO - runtime_hours*0.99 = 0.495 vs delta_time = 0.06046380201975505 (length 3.5 ns) False False
2025-04-08 21:32:43,733 - [MainProcess:27178] mummi_ras.online.simulation:get_new_frames:399 - INFO - Getting all frame numbers in trajectory from 8 to 8.
2025-04-08 21:32:43,734 - [MainProcess:27178] mummi_ras.online.cg.cganalysis:run_main_analysis:193 - INFO - Process frame 8
2025-04-08 21:32:43,734 - [MainProcess:27178] mummi_ras.online.cg.cganalysis:processFrame:554 - INFO - Load 9 frames: current frame ID /tmp/mummi/cg/structure_iter00_000000000002-20250408_212846/traj_comp.xtc
2025-04-08 21:32:43,745 - [MainProcess:27178] mummi_ras.online.cg.cganalysis:processFrame:580 - INFO - Frame:     8, Time: 4000.000 ps, Bbox = [0, 179.86864, 0, 179.86864]
2025-04-08 21:32:43,745 - [MainProcess:27178] mummi_ras.online.cg.cganalysis:processFrame:584 - INFO - Lengths of layers: 657 40 488
2025-04-08 21:32:43,849 - [MainProcess:27178] mummi_ras.online.cg.cganalysis:processFrame:765 - INFO - Time for analysis - frameNum 8, time 0.11538529396057129 s
2025-04-08 21:32:45,850 - [MainProcess:27178] mummi_ras.online.simulation:has_computed_enough:352 - INFO - runtime_hours*0.99 = 0.495 vs delta_time = 0.061067719327078926 (length 4.0 ns) False False
2025-04-08 21:32:47,856 - [MainProcess:27178] mummi_ras.online.simulation:has_computed_enough:352 - INFO - runtime_hours*0.99 = 0.495 vs delta_time = 0.06162510315577189 (length 4.0 ns) False False
2025-04-08 21:32:49,863 - [MainProcess:27178] mummi_ras.online.simulation:has_computed_enough:352 - INFO - runtime_hours*0.99 = 0.495 vs delta_time = 0.06218246665265825 (length 4.0 ns) False False
2025-04-08 21:32:51,869 - [MainProcess:27178] mummi_ras.online.simulation:has_computed_enough:352 - INFO - runtime_hours*0.99 = 0.495 vs delta_time = 0.06273980922169156 (length 4.0 ns) False False
2025-04-08 21:32:53,876 - [MainProcess:27178] mummi_ras.online.simulation:has_computed_enough:352 - INFO - runtime_hours*0.99 = 0.495 vs delta_time = 0.06329713867770301 (length 4.0 ns) False False
2025-04-08 21:32:55,882 - [MainProcess:27178] mummi_ras.online.simulation:has_computed_enough:352 - INFO - runtime_hours*0.99 = 0.495 vs delta_time = 0.06385451012187533 (length 4.0 ns) False False
2025-04-08 21:32:57,888 - [MainProcess:27178] mummi_ras.online.simulation:has_computed_enough:352 - INFO - runtime_hours*0.99 = 0.495 vs delta_time = 0.06441182884905074 (length 4.0 ns) False False
2025-04-08 21:32:59,895 - [MainProcess:27178] mummi_ras.online.simulation:has_computed_enough:352 - INFO - runtime_hours*0.99 = 0.495 vs delta_time = 0.06496917996141646 (length 4.0 ns) False False
2025-04-08 21:33:01,901 - [MainProcess:27178] mummi_ras.online.simulation:has_computed_enough:352 - INFO - runtime_hours*0.99 = 0.495 vs delta_time = 0.06552656292915345 (length 4.0 ns) False False
2025-04-08 21:33:03,908 - [MainProcess:27178] mummi_ras.online.simulation:has_computed_enough:352 - INFO - runtime_hours*0.99 = 0.495 vs delta_time = 0.06608386774857838 (length 4.0 ns) False False
2025-04-08 21:33:05,914 - [MainProcess:27178] mummi_ras.online.simulation:has_computed_enough:352 - INFO - runtime_hours*0.99 = 0.495 vs delta_time = 0.0666412310467826 (length 4.0 ns) False False
2025-04-08 21:33:07,921 - [MainProcess:27178] mummi_ras.online.simulation:has_computed_enough:352 - INFO - runtime_hours*0.99 = 0.495 vs delta_time = 0.067198609246148 (length 4.0 ns) False False
2025-04-08 21:33:09,927 - [MainProcess:27178] mummi_ras.online.simulation:has_computed_enough:352 - INFO - runtime_hours*0.99 = 0.495 vs delta_time = 0.06775592260890537 (length 4.0 ns) False False
2025-04-08 21:33:11,934 - [MainProcess:27178] mummi_ras.online.simulation:has_computed_enough:352 - INFO - runtime_hours*0.99 = 0.495 vs delta_time = 0.06831328438387976 (length 4.0 ns) False False
2025-04-08 21:33:11,986 - [MainProcess:27178] mummi_ras.online.simulation:get_new_frames:399 - INFO - Getting all frame numbers in trajectory from 9 to 9.
2025-04-08 21:33:11,986 - [MainProcess:27178] mummi_ras.online.cg.cganalysis:run_main_analysis:193 - INFO - Process frame 9
2025-04-08 21:33:11,986 - [MainProcess:27178] mummi_ras.online.cg.cganalysis:processFrame:554 - INFO - Load 10 frames: current frame ID /tmp/mummi/cg/structure_iter00_000000000002-20250408_212846/traj_comp.xtc
2025-04-08 21:33:11,998 - [MainProcess:27178] mummi_ras.online.cg.cganalysis:processFrame:580 - INFO - Frame:     9, Time: 4500.000 ps, Bbox = [0, 180.57051, 0, 180.57051]
2025-04-08 21:33:11,998 - [MainProcess:27178] mummi_ras.online.cg.cganalysis:processFrame:584 - INFO - Lengths of layers: 659 38 488
2025-04-08 21:33:12,102 - [MainProcess:27178] mummi_ras.online.cg.cganalysis:processFrame:765 - INFO - Time for analysis - frameNum 9, time 0.11517620086669922 s
2025-04-08 21:33:14,102 - [MainProcess:27178] mummi_ras.online.simulation:has_computed_enough:352 - INFO - runtime_hours*0.99 = 0.495 vs delta_time = 0.06891567448774974 (length 4.5 ns) False False
2025-04-08 21:33:14,109 - [MainProcess:27178] mummi_ras.online.cg.cganalysis:processOutput:92 - INFO - Add feedback for frameNum 0 - state []
2025-04-08 21:33:14,109 - [MainProcess:27178] mummi_ras.online.cg.cganalysis:processOutput:92 - INFO - Add feedback for frameNum 1 - state []
2025-04-08 21:33:14,109 - [MainProcess:27178] mummi_ras.online.cg.cganalysis:processOutput:92 - INFO - Add feedback for frameNum 2 - state []
2025-04-08 21:33:14,109 - [MainProcess:27178] mummi_ras.online.cg.cganalysis:processOutput:92 - INFO - Add feedback for frameNum 3 - state []
2025-04-08 21:33:14,110 - [MainProcess:27178] mummi_ras.online.cg.cganalysis:processOutput:92 - INFO - Add feedback for frameNum 4 - state []
2025-04-08 21:33:14,110 - [MainProcess:27178] mummi_ras.online.cg.cganalysis:processOutput:92 - INFO - Add feedback for frameNum 5 - state []
2025-04-08 21:33:14,110 - [MainProcess:27178] mummi_ras.online.cg.cganalysis:processOutput:92 - INFO - Add feedback for frameNum 6 - state []
2025-04-08 21:33:14,110 - [MainProcess:27178] mummi_ras.online.cg.cganalysis:processOutput:92 - INFO - Add feedback for frameNum 7 - state []
2025-04-08 21:33:14,110 - [MainProcess:27178] mummi_ras.online.cg.cganalysis:processOutput:92 - INFO - Add feedback for frameNum 8 - state []
2025-04-08 21:33:14,110 - [MainProcess:27178] mummi_ras.online.cg.cganalysis:processOutput:92 - INFO - Add feedback for frameNum 9 - state []
2025-04-08 21:33:14,126 - [MainProcess:27178] mummi_core.interfaces.simple:_save_files:91 - INFO - Wrote 10 files to (/p/gpfs1/pottier1/minimummi-sc25/roots/root3/feedback-cg2ml/002)
2025-04-08 21:33:14,127 - [MainProcess:27178] mummi_ras.feedback.feedback_manager_cg2ml:report:118 - INFO - Added 10 frames (from structure_iter00_000000000002) to feedback (/p/gpfs1/pottier1/minimummi-sc25/roots/root3/feedback-cg2ml)
2025-04-08 21:33:14,127 - [MainProcess:27178] mummi_ras.online.cg.cganalysis:processOutput:112 - INFO - processOutput: 9
2025-04-08 21:33:14,127 - [MainProcess:27178] mummi_ras.online.cg.cganalysis:copyRemoteRestart:452 - INFO - Copy to remote frames [0, 1, 2, 3, 4, 5, 6, 7, 8, 9]
2025-04-08 21:33:14,325 - [MainProcess:27178] mummi_core.utils.utilities:sys_call:184 - INFO - Run command: rsync -va --no-g traj_comp.xtc topol.tpr state.cpt ener.edr md.log mdrun.log /p/gpfs1/pottier1/minimummi-sc25/roots/root3/sims-cg/structure_iter00_000000000002 || true
2025-04-08 21:33:14,585 - [MainProcess:27178] mummi_ras.interfaces.mummi:save_analysis_data:253 - INFO - Saved all analysis data for frames [0, 1, 2, 3, 4, 5, 6, 7, 8, 9]
2025-04-08 21:33:14,585 - [MainProcess:27178] mummi_ras.online.cg.cganalysis:copyRemoteLogs:350 - INFO - Copy over log files
2025-04-08 21:33:14,612 - [MainProcess:27178] mummi_core.utils.utilities:sys_call:184 - INFO - Run command: cp -r  /tmp/mummi/cg/structure_iter00_000000000002-20250408_212846/cg_analysis.out /tmp/mummi/cg/structure_iter00_000000000002-20250408_212846/traj_comp.xtc /tmp/mummi/cg/structure_iter00_000000000002-20250408_212846/*.log /p/gpfs1/pottier1/minimummi-sc25/roots/root3/sims-cg/structure_iter00_000000000002/ || true
2025-04-08 21:33:14,612 - [MainProcess:27178] mummi_ras.online.cg.cganalysis:copyRemoteLogs:365 - INFO - copyRemoteLogs =  /tmp/mummi/cg/structure_iter00_000000000002-20250408_212846/cg_analysis.out /tmp/mummi/cg/structure_iter00_000000000002-20250408_212846/traj_comp.xtc /tmp/mummi/cg/structure_iter00_000000000002-20250408_212846/*.log
2025-04-08 21:33:14,612 - [MainProcess:27178] mummi_ras.online.cg.cganalysis:cleanupLocal:375 - WARNING - Copy cleanup local only works for ddcMD files
2025-04-08 21:33:16,613 - [MainProcess:27178] mummi_ras.online.simulation:has_computed_enough:352 - INFO - runtime_hours*0.99 = 0.495 vs delta_time = 0.0696129897567961 (length 4.5 ns) False False
2025-04-08 21:33:18,619 - [MainProcess:27178] mummi_ras.online.simulation:has_computed_enough:352 - INFO - runtime_hours*0.99 = 0.495 vs delta_time = 0.0701703800757726 (length 4.5 ns) False False
2025-04-08 21:33:20,626 - [MainProcess:27178] mummi_ras.online.simulation:has_computed_enough:352 - INFO - runtime_hours*0.99 = 0.495 vs delta_time = 0.07072772198253208 (length 4.5 ns) False False
2025-04-08 21:33:22,632 - [MainProcess:27178] mummi_ras.online.simulation:has_computed_enough:352 - INFO - runtime_hours*0.99 = 0.495 vs delta_time = 0.071285074684355 (length 4.5 ns) False False
2025-04-08 21:33:24,639 - [MainProcess:27178] mummi_ras.online.simulation:has_computed_enough:352 - INFO - runtime_hours*0.99 = 0.495 vs delta_time = 0.07184243049886492 (length 4.5 ns) False False
2025-04-08 21:33:26,645 - [MainProcess:27178] mummi_ras.online.simulation:has_computed_enough:352 - INFO - runtime_hours*0.99 = 0.495 vs delta_time = 0.07239974478880565 (length 4.5 ns) False False
2025-04-08 21:33:28,651 - [MainProcess:27178] mummi_ras.online.simulation:has_computed_enough:352 - INFO - runtime_hours*0.99 = 0.495 vs delta_time = 0.0729570973581738 (length 4.5 ns) False False
2025-04-08 21:33:30,658 - [MainProcess:27178] mummi_ras.online.simulation:has_computed_enough:352 - INFO - runtime_hours*0.99 = 0.495 vs delta_time = 0.07351442807250552 (length 4.5 ns) False False
2025-04-08 21:33:32,664 - [MainProcess:27178] mummi_ras.online.simulation:has_computed_enough:352 - INFO - runtime_hours*0.99 = 0.495 vs delta_time = 0.07407167726092868 (length 4.5 ns) False False
2025-04-08 21:33:34,670 - [MainProcess:27178] mummi_ras.online.simulation:has_computed_enough:352 - INFO - runtime_hours*0.99 = 0.495 vs delta_time = 0.07462902492947049 (length 4.5 ns) False False
2025-04-08 21:33:36,677 - [MainProcess:27178] mummi_ras.online.simulation:has_computed_enough:352 - INFO - runtime_hours*0.99 = 0.495 vs delta_time = 0.07518639180395338 (length 4.5 ns) False False
2025-04-08 21:33:38,683 - [MainProcess:27178] mummi_ras.online.simulation:has_computed_enough:352 - INFO - runtime_hours*0.99 = 0.495 vs delta_time = 0.0757436333100001 (length 4.5 ns) False False
2025-04-08 21:33:38,734 - [MainProcess:27178] mummi_ras.online.simulation:get_new_frames:399 - INFO - Getting all frame numbers in trajectory from 10 to 10.
2025-04-08 21:33:38,734 - [MainProcess:27178] mummi_ras.online.cg.cganalysis:run_main_analysis:193 - INFO - Process frame 10
2025-04-08 21:33:38,734 - [MainProcess:27178] mummi_ras.online.cg.cganalysis:processFrame:554 - INFO - Load 11 frames: current frame ID /tmp/mummi/cg/structure_iter00_000000000002-20250408_212846/traj_comp.xtc
2025-04-08 21:33:38,746 - [MainProcess:27178] mummi_ras.online.cg.cganalysis:processFrame:580 - INFO - Frame:    10, Time: 5000.000 ps, Bbox = [0, 181.14651, 0, 181.14651]
2025-04-08 21:33:38,746 - [MainProcess:27178] mummi_ras.online.cg.cganalysis:processFrame:584 - INFO - Lengths of layers: 663 36 486
2025-04-08 21:33:38,849 - [MainProcess:27178] mummi_ras.online.cg.cganalysis:processFrame:765 - INFO - Time for analysis - frameNum 10, time 0.11461830139160156 s
2025-04-08 21:33:40,849 - [MainProcess:27178] mummi_ras.online.simulation:has_computed_enough:352 - INFO - runtime_hours*0.99 = 0.495 vs delta_time = 0.07634546756744384 (length 5.0 ns) False False
2025-04-08 21:33:42,856 - [MainProcess:27178] mummi_ras.online.simulation:has_computed_enough:352 - INFO - runtime_hours*0.99 = 0.495 vs delta_time = 0.0769028772910436 (length 5.0 ns) False False
2025-04-08 21:33:44,862 - [MainProcess:27178] mummi_ras.online.simulation:has_computed_enough:352 - INFO - runtime_hours*0.99 = 0.495 vs delta_time = 0.07746014051967197 (length 5.0 ns) False False
2025-04-08 21:33:46,869 - [MainProcess:27178] mummi_ras.online.simulation:has_computed_enough:352 - INFO - runtime_hours*0.99 = 0.495 vs delta_time = 0.07801747951242659 (length 5.0 ns) False False
2025-04-08 21:33:48,875 - [MainProcess:27178] mummi_ras.online.simulation:has_computed_enough:352 - INFO - runtime_hours*0.99 = 0.495 vs delta_time = 0.07857486757967207 (length 5.0 ns) False False
2025-04-08 21:33:50,881 - [MainProcess:27178] mummi_ras.online.simulation:has_computed_enough:352 - INFO - runtime_hours*0.99 = 0.495 vs delta_time = 0.07913208934995863 (length 5.0 ns) False False
2025-04-08 21:33:52,888 - [MainProcess:27178] mummi_ras.online.simulation:has_computed_enough:352 - INFO - runtime_hours*0.99 = 0.495 vs delta_time = 0.07968944489955902 (length 5.0 ns) False False
2025-04-08 21:33:54,894 - [MainProcess:27178] mummi_ras.online.simulation:has_computed_enough:352 - INFO - runtime_hours*0.99 = 0.495 vs delta_time = 0.08024677164024777 (length 5.0 ns) False False
2025-04-08 21:33:56,901 - [MainProcess:27178] mummi_ras.online.simulation:has_computed_enough:352 - INFO - runtime_hours*0.99 = 0.495 vs delta_time = 0.08080409030119579 (length 5.0 ns) False False
2025-04-08 21:33:58,907 - [MainProcess:27178] mummi_ras.online.simulation:has_computed_enough:352 - INFO - runtime_hours*0.99 = 0.495 vs delta_time = 0.08136143969164954 (length 5.0 ns) False False
2025-04-08 21:34:00,913 - [MainProcess:27178] mummi_ras.online.simulation:has_computed_enough:352 - INFO - runtime_hours*0.99 = 0.495 vs delta_time = 0.08191870596673753 (length 5.0 ns) False False
2025-04-08 21:34:02,920 - [MainProcess:27178] mummi_ras.online.simulation:has_computed_enough:352 - INFO - runtime_hours*0.99 = 0.495 vs delta_time = 0.0824760627746582 (length 5.0 ns) False False
2025-04-08 21:34:04,926 - [MainProcess:27178] mummi_ras.online.simulation:has_computed_enough:352 - INFO - runtime_hours*0.99 = 0.495 vs delta_time = 0.08303340084022946 (length 5.0 ns) False False
2025-04-08 21:34:04,980 - [MainProcess:27178] mummi_ras.online.simulation:get_new_frames:399 - INFO - Getting all frame numbers in trajectory from 11 to 11.
2025-04-08 21:34:04,980 - [MainProcess:27178] mummi_ras.online.cg.cganalysis:run_main_analysis:193 - INFO - Process frame 11
2025-04-08 21:34:04,980 - [MainProcess:27178] mummi_ras.online.cg.cganalysis:processFrame:554 - INFO - Load 12 frames: current frame ID /tmp/mummi/cg/structure_iter00_000000000002-20250408_212846/traj_comp.xtc
2025-04-08 21:34:04,992 - [MainProcess:27178] mummi_ras.online.cg.cganalysis:processFrame:580 - INFO - Frame:    11, Time: 5500.000 ps, Bbox = [0, 180.74052, 0, 180.74052]
2025-04-08 21:34:04,992 - [MainProcess:27178] mummi_ras.online.cg.cganalysis:processFrame:584 - INFO - Lengths of layers: 665 36 484
2025-04-08 21:34:05,095 - [MainProcess:27178] mummi_ras.online.cg.cganalysis:processFrame:765 - INFO - Time for analysis - frameNum 11, time 0.11434578895568848 s
2025-04-08 21:34:07,095 - [MainProcess:27178] mummi_ras.online.simulation:has_computed_enough:352 - INFO - runtime_hours*0.99 = 0.495 vs delta_time = 0.08363588233788809 (length 5.5 ns) False False
2025-04-08 21:34:09,102 - [MainProcess:27178] mummi_ras.online.simulation:has_computed_enough:352 - INFO - runtime_hours*0.99 = 0.495 vs delta_time = 0.08419333669874403 (length 5.5 ns) False False
2025-04-08 21:34:11,108 - [MainProcess:27178] mummi_ras.online.simulation:has_computed_enough:352 - INFO - runtime_hours*0.99 = 0.495 vs delta_time = 0.08475061019261677 (length 5.5 ns) False False
2025-04-08 21:34:13,115 - [MainProcess:27178] mummi_ras.online.simulation:has_computed_enough:352 - INFO - runtime_hours*0.99 = 0.495 vs delta_time = 0.08530801236629486 (length 5.5 ns) False False
2025-04-08 21:34:15,121 - [MainProcess:27178] mummi_ras.online.simulation:has_computed_enough:352 - INFO - runtime_hours*0.99 = 0.495 vs delta_time = 0.08586537785000271 (length 5.5 ns) False False
2025-04-08 21:34:17,127 - [MainProcess:27178] mummi_ras.online.simulation:has_computed_enough:352 - INFO - runtime_hours*0.99 = 0.495 vs delta_time = 0.08642264015144772 (length 5.5 ns) False False
2025-04-08 21:34:19,134 - [MainProcess:27178] mummi_ras.online.simulation:has_computed_enough:352 - INFO - runtime_hours*0.99 = 0.495 vs delta_time = 0.0869799964957767 (length 5.5 ns) False False
2025-04-08 21:34:21,140 - [MainProcess:27178] mummi_ras.online.simulation:has_computed_enough:352 - INFO - runtime_hours*0.99 = 0.495 vs delta_time = 0.08753736502594418 (length 5.5 ns) False False
2025-04-08 21:34:23,146 - [MainProcess:27178] mummi_ras.online.simulation:has_computed_enough:352 - INFO - runtime_hours*0.99 = 0.495 vs delta_time = 0.08809462944666545 (length 5.5 ns) False False
2025-04-08 21:34:25,153 - [MainProcess:27178] mummi_ras.online.simulation:has_computed_enough:352 - INFO - runtime_hours*0.99 = 0.495 vs delta_time = 0.08865198883745405 (length 5.5 ns) False False
2025-04-08 21:34:27,159 - [MainProcess:27178] mummi_ras.online.simulation:has_computed_enough:352 - INFO - runtime_hours*0.99 = 0.495 vs delta_time = 0.08920933968491024 (length 5.5 ns) False False
2025-04-08 21:34:29,166 - [MainProcess:27178] mummi_ras.online.simulation:has_computed_enough:352 - INFO - runtime_hours*0.99 = 0.495 vs delta_time = 0.08976661622524261 (length 5.5 ns) False False
2025-04-08 21:34:31,172 - [MainProcess:27178] mummi_ras.online.simulation:has_computed_enough:352 - INFO - runtime_hours*0.99 = 0.495 vs delta_time = 0.09032398005326589 (length 5.5 ns) False False
2025-04-08 21:34:33,179 - [MainProcess:27178] mummi_ras.online.simulation:has_computed_enough:352 - INFO - runtime_hours*0.99 = 0.495 vs delta_time = 0.09088135030534532 (length 5.5 ns) False False
2025-04-08 21:34:33,231 - [MainProcess:27178] mummi_ras.online.simulation:get_new_frames:399 - INFO - Getting all frame numbers in trajectory from 12 to 12.
2025-04-08 21:34:33,231 - [MainProcess:27178] mummi_ras.online.cg.cganalysis:run_main_analysis:193 - INFO - Process frame 12
2025-04-08 21:34:33,231 - [MainProcess:27178] mummi_ras.online.cg.cganalysis:processFrame:554 - INFO - Load 13 frames: current frame ID /tmp/mummi/cg/structure_iter00_000000000002-20250408_212846/traj_comp.xtc
2025-04-08 21:34:33,243 - [MainProcess:27178] mummi_ras.online.cg.cganalysis:processFrame:580 - INFO - Frame:    12, Time: 6000.000 ps, Bbox = [0, 180.76926, 0, 180.76926]
2025-04-08 21:34:33,243 - [MainProcess:27178] mummi_ras.online.cg.cganalysis:processFrame:584 - INFO - Lengths of layers: 662 32 491
2025-04-08 21:34:33,345 - [MainProcess:27178] mummi_ras.online.cg.cganalysis:processFrame:765 - INFO - Time for analysis - frameNum 12, time 0.11345410346984863 s
2025-04-08 21:34:35,346 - [MainProcess:27178] mummi_ras.online.simulation:has_computed_enough:352 - INFO - runtime_hours*0.99 = 0.495 vs delta_time = 0.09148324780993991 (length 6.0 ns) False False
2025-04-08 21:34:37,352 - [MainProcess:27178] mummi_ras.online.simulation:has_computed_enough:352 - INFO - runtime_hours*0.99 = 0.495 vs delta_time = 0.09204066157341004 (length 6.0 ns) False False
2025-04-08 21:34:39,359 - [MainProcess:27178] mummi_ras.online.simulation:has_computed_enough:352 - INFO - runtime_hours*0.99 = 0.495 vs delta_time = 0.09259800593058268 (length 6.0 ns) False False
2025-04-08 21:34:41,365 - [MainProcess:27178] mummi_ras.online.simulation:has_computed_enough:352 - INFO - runtime_hours*0.99 = 0.495 vs delta_time = 0.09315522915787167 (length 6.0 ns) False False
2025-04-08 21:34:43,371 - [MainProcess:27178] mummi_ras.online.simulation:has_computed_enough:352 - INFO - runtime_hours*0.99 = 0.495 vs delta_time = 0.0937125939130783 (length 6.0 ns) False False
2025-04-08 21:34:45,378 - [MainProcess:27178] mummi_ras.online.simulation:has_computed_enough:352 - INFO - runtime_hours*0.99 = 0.495 vs delta_time = 0.09426992601818508 (length 6.0 ns) False False
2025-04-08 21:34:47,384 - [MainProcess:27178] mummi_ras.online.simulation:has_computed_enough:352 - INFO - runtime_hours*0.99 = 0.495 vs delta_time = 0.09482718759112888 (length 6.0 ns) False False
2025-04-08 21:34:49,390 - [MainProcess:27178] mummi_ras.online.simulation:has_computed_enough:352 - INFO - runtime_hours*0.99 = 0.495 vs delta_time = 0.09538455453183915 (length 6.0 ns) False False
2025-04-08 21:34:51,397 - [MainProcess:27178] mummi_ras.online.simulation:has_computed_enough:352 - INFO - runtime_hours*0.99 = 0.495 vs delta_time = 0.09594190319379171 (length 6.0 ns) False False
2025-04-08 21:34:53,403 - [MainProcess:27178] mummi_ras.online.simulation:has_computed_enough:352 - INFO - runtime_hours*0.99 = 0.495 vs delta_time = 0.09649917198552026 (length 6.0 ns) False False
2025-04-08 21:34:55,409 - [MainProcess:27178] mummi_ras.online.simulation:has_computed_enough:352 - INFO - runtime_hours*0.99 = 0.495 vs delta_time = 0.09705653607845306 (length 6.0 ns) False False
2025-04-08 21:34:57,416 - [MainProcess:27178] mummi_ras.online.simulation:has_computed_enough:352 - INFO - runtime_hours*0.99 = 0.495 vs delta_time = 0.09761387957466973 (length 6.0 ns) False False
2025-04-08 21:34:59,422 - [MainProcess:27178] mummi_ras.online.simulation:has_computed_enough:352 - INFO - runtime_hours*0.99 = 0.495 vs delta_time = 0.0981711271736357 (length 6.0 ns) False False
2025-04-08 21:34:59,473 - [MainProcess:27178] mummi_ras.online.simulation:get_new_frames:399 - INFO - Getting all frame numbers in trajectory from 13 to 13.
2025-04-08 21:34:59,473 - [MainProcess:27178] mummi_ras.online.cg.cganalysis:run_main_analysis:193 - INFO - Process frame 13
2025-04-08 21:34:59,473 - [MainProcess:27178] mummi_ras.online.cg.cganalysis:processFrame:554 - INFO - Load 14 frames: current frame ID /tmp/mummi/cg/structure_iter00_000000000002-20250408_212846/traj_comp.xtc
2025-04-08 21:34:59,484 - [MainProcess:27178] mummi_ras.online.cg.cganalysis:processFrame:580 - INFO - Frame:    13, Time: 6500.000 ps, Bbox = [0, 182.14888, 0, 182.14888]
2025-04-08 21:34:59,485 - [MainProcess:27178] mummi_ras.online.cg.cganalysis:processFrame:584 - INFO - Lengths of layers: 660 29 496
2025-04-08 21:34:59,587 - [MainProcess:27178] mummi_ras.online.cg.cganalysis:processFrame:765 - INFO - Time for analysis - frameNum 13, time 0.11397743225097656 s
2025-04-08 21:35:01,587 - [MainProcess:27178] mummi_ras.online.simulation:has_computed_enough:352 - INFO - runtime_hours*0.99 = 0.495 vs delta_time = 0.09877268466684554 (length 6.5 ns) False False
2025-04-08 21:35:03,594 - [MainProcess:27178] mummi_ras.online.simulation:has_computed_enough:352 - INFO - runtime_hours*0.99 = 0.495 vs delta_time = 0.09933008717166053 (length 6.5 ns) False False
2025-04-08 21:35:05,600 - [MainProcess:27178] mummi_ras.online.simulation:has_computed_enough:352 - INFO - runtime_hours*0.99 = 0.495 vs delta_time = 0.0998873374859492 (length 6.5 ns) False False
2025-04-08 21:35:07,607 - [MainProcess:27178] mummi_ras.online.simulation:has_computed_enough:352 - INFO - runtime_hours*0.99 = 0.495 vs delta_time = 0.10044465250439114 (length 6.5 ns) False False
2025-04-08 21:35:09,613 - [MainProcess:27178] mummi_ras.online.simulation:has_computed_enough:352 - INFO - runtime_hours*0.99 = 0.495 vs delta_time = 0.10100202335251703 (length 6.5 ns) False False
2025-04-08 21:35:11,620 - [MainProcess:27178] mummi_ras.online.simulation:has_computed_enough:352 - INFO - runtime_hours*0.99 = 0.495 vs delta_time = 0.10155936506059435 (length 6.5 ns) False False
2025-04-08 21:35:13,625 - [MainProcess:27178] mummi_ras.online.simulation:has_computed_enough:352 - INFO - runtime_hours*0.99 = 0.495 vs delta_time = 0.10211655808819665 (length 6.5 ns) False False
2025-04-08 21:35:15,632 - [MainProcess:27178] mummi_ras.online.simulation:has_computed_enough:352 - INFO - runtime_hours*0.99 = 0.495 vs delta_time = 0.10267394264539083 (length 6.5 ns) False False
2025-04-08 21:35:17,639 - [MainProcess:27178] mummi_ras.online.simulation:has_computed_enough:352 - INFO - runtime_hours*0.99 = 0.495 vs delta_time = 0.10323134647475349 (length 6.5 ns) False False
2025-04-08 21:35:19,645 - [MainProcess:27178] mummi_ras.online.simulation:has_computed_enough:352 - INFO - runtime_hours*0.99 = 0.495 vs delta_time = 0.10378862765100268 (length 6.5 ns) False False
2025-04-08 21:35:21,651 - [MainProcess:27178] mummi_ras.online.simulation:has_computed_enough:352 - INFO - runtime_hours*0.99 = 0.495 vs delta_time = 0.10434595783551534 (length 6.5 ns) False False
2025-04-08 21:35:23,658 - [MainProcess:27178] mummi_ras.online.simulation:has_computed_enough:352 - INFO - runtime_hours*0.99 = 0.495 vs delta_time = 0.10490332119994693 (length 6.5 ns) False False
2025-04-08 21:35:25,664 - [MainProcess:27178] mummi_ras.online.simulation:has_computed_enough:352 - INFO - runtime_hours*0.99 = 0.495 vs delta_time = 0.1054606564839681 (length 6.5 ns) False False
2025-04-08 21:35:27,670 - [MainProcess:27178] mummi_ras.online.simulation:has_computed_enough:352 - INFO - runtime_hours*0.99 = 0.495 vs delta_time = 0.10601785593562656 (length 6.5 ns) False False
2025-04-08 21:35:27,725 - [MainProcess:27178] mummi_ras.online.simulation:get_new_frames:399 - INFO - Getting all frame numbers in trajectory from 14 to 14.
2025-04-08 21:35:27,725 - [MainProcess:27178] mummi_ras.online.cg.cganalysis:run_main_analysis:193 - INFO - Process frame 14
2025-04-08 21:35:27,725 - [MainProcess:27178] mummi_ras.online.cg.cganalysis:processFrame:554 - INFO - Load 15 frames: current frame ID /tmp/mummi/cg/structure_iter00_000000000002-20250408_212846/traj_comp.xtc
2025-04-08 21:35:27,736 - [MainProcess:27178] mummi_ras.online.cg.cganalysis:processFrame:580 - INFO - Frame:    14, Time: 7000.000 ps, Bbox = [0, 180.56558, 0, 180.56558]
2025-04-08 21:35:27,736 - [MainProcess:27178] mummi_ras.online.cg.cganalysis:processFrame:584 - INFO - Lengths of layers: 658 37 490
2025-04-08 21:35:27,839 - [MainProcess:27178] mummi_ras.online.cg.cganalysis:processFrame:765 - INFO - Time for analysis - frameNum 14, time 0.11409902572631836 s
2025-04-08 21:35:29,840 - [MainProcess:27178] mummi_ras.online.simulation:has_computed_enough:352 - INFO - runtime_hours*0.99 = 0.495 vs delta_time = 0.10662047856383854 (length 7.0 ns) False False
2025-04-08 21:35:31,846 - [MainProcess:27178] mummi_ras.online.simulation:has_computed_enough:352 - INFO - runtime_hours*0.99 = 0.495 vs delta_time = 0.10717778755558861 (length 7.0 ns) False False
2025-04-08 21:35:33,852 - [MainProcess:27178] mummi_ras.online.simulation:has_computed_enough:352 - INFO - runtime_hours*0.99 = 0.495 vs delta_time = 0.10773515039020115 (length 7.0 ns) False False
2025-04-08 21:35:35,859 - [MainProcess:27178] mummi_ras.online.simulation:has_computed_enough:352 - INFO - runtime_hours*0.99 = 0.495 vs delta_time = 0.10829251368840535 (length 7.0 ns) False False
2025-04-08 21:35:37,865 - [MainProcess:27178] mummi_ras.online.simulation:has_computed_enough:352 - INFO - runtime_hours*0.99 = 0.495 vs delta_time = 0.10884985685348511 (length 7.0 ns) False False
2025-04-08 21:35:39,871 - [MainProcess:27178] mummi_ras.online.simulation:has_computed_enough:352 - INFO - runtime_hours*0.99 = 0.495 vs delta_time = 0.1094071129295561 (length 7.0 ns) False False
2025-04-08 21:35:41,878 - [MainProcess:27178] mummi_ras.online.simulation:has_computed_enough:352 - INFO - runtime_hours*0.99 = 0.495 vs delta_time = 0.10996447583039602 (length 7.0 ns) False False
2025-04-08 21:35:43,884 - [MainProcess:27178] mummi_ras.online.simulation:has_computed_enough:352 - INFO - runtime_hours*0.99 = 0.495 vs delta_time = 0.11052182290289136 (length 7.0 ns) False False
2025-04-08 21:35:45,891 - [MainProcess:27178] mummi_ras.online.simulation:has_computed_enough:352 - INFO - runtime_hours*0.99 = 0.495 vs delta_time = 0.11107910354932149 (length 7.0 ns) False False
2025-04-08 21:35:47,897 - [MainProcess:27178] mummi_ras.online.simulation:has_computed_enough:352 - INFO - runtime_hours*0.99 = 0.495 vs delta_time = 0.1116364723443985 (length 7.0 ns) False False
2025-04-08 21:35:49,904 - [MainProcess:27178] mummi_ras.online.simulation:has_computed_enough:352 - INFO - runtime_hours*0.99 = 0.495 vs delta_time = 0.11219382411903805 (length 7.0 ns) False False
2025-04-08 21:35:51,909 - [MainProcess:27178] mummi_ras.online.simulation:has_computed_enough:352 - INFO - runtime_hours*0.99 = 0.495 vs delta_time = 0.11275098635090722 (length 7.0 ns) False False
2025-04-08 21:35:53,916 - [MainProcess:27178] mummi_ras.online.simulation:has_computed_enough:352 - INFO - runtime_hours*0.99 = 0.495 vs delta_time = 0.11330835402011871 (length 7.0 ns) False False
2025-04-08 21:35:53,969 - [MainProcess:27178] mummi_ras.online.simulation:get_new_frames:399 - INFO - Getting all frame numbers in trajectory from 15 to 15.
2025-04-08 21:35:53,969 - [MainProcess:27178] mummi_ras.online.cg.cganalysis:run_main_analysis:193 - INFO - Process frame 15
2025-04-08 21:35:53,969 - [MainProcess:27178] mummi_ras.online.cg.cganalysis:processFrame:554 - INFO - Load 16 frames: current frame ID /tmp/mummi/cg/structure_iter00_000000000002-20250408_212846/traj_comp.xtc
2025-04-08 21:35:53,980 - [MainProcess:27178] mummi_ras.online.cg.cganalysis:processFrame:580 - INFO - Frame:    15, Time: 7500.000 ps, Bbox = [0, 181.30945, 0, 181.30945]
2025-04-08 21:35:53,980 - [MainProcess:27178] mummi_ras.online.cg.cganalysis:processFrame:584 - INFO - Lengths of layers: 658 40 487
2025-04-08 21:35:54,083 - [MainProcess:27178] mummi_ras.online.cg.cganalysis:processFrame:765 - INFO - Time for analysis - frameNum 15, time 0.11344480514526367 s
2025-04-08 21:35:56,083 - [MainProcess:27178] mummi_ras.online.simulation:has_computed_enough:352 - INFO - runtime_hours*0.99 = 0.495 vs delta_time = 0.11391033755408393 (length 7.5 ns) False False
2025-04-08 21:35:58,090 - [MainProcess:27178] mummi_ras.online.simulation:has_computed_enough:352 - INFO - runtime_hours*0.99 = 0.495 vs delta_time = 0.11446769025590685 (length 7.5 ns) False False
2025-04-08 21:36:00,096 - [MainProcess:27178] mummi_ras.online.simulation:has_computed_enough:352 - INFO - runtime_hours*0.99 = 0.495 vs delta_time = 0.11502505918343862 (length 7.5 ns) False False
2025-04-08 21:36:02,103 - [MainProcess:27178] mummi_ras.online.simulation:has_computed_enough:352 - INFO - runtime_hours*0.99 = 0.495 vs delta_time = 0.11558241963386535 (length 7.5 ns) False False
2025-04-08 21:36:04,109 - [MainProcess:27178] mummi_ras.online.simulation:has_computed_enough:352 - INFO - runtime_hours*0.99 = 0.495 vs delta_time = 0.1161396661069658 (length 7.5 ns) False False
2025-04-08 21:36:06,115 - [MainProcess:27178] mummi_ras.online.simulation:has_computed_enough:352 - INFO - runtime_hours*0.99 = 0.495 vs delta_time = 0.11669703861077627 (length 7.5 ns) False False
2025-04-08 21:36:08,122 - [MainProcess:27178] mummi_ras.online.simulation:has_computed_enough:352 - INFO - runtime_hours*0.99 = 0.495 vs delta_time = 0.11725440396202935 (length 7.5 ns) False False
2025-04-08 21:36:10,128 - [MainProcess:27178] mummi_ras.online.simulation:has_computed_enough:352 - INFO - runtime_hours*0.99 = 0.495 vs delta_time = 0.11781164877944522 (length 7.5 ns) False False
2025-04-08 21:36:12,134 - [MainProcess:27178] mummi_ras.online.simulation:has_computed_enough:352 - INFO - runtime_hours*0.99 = 0.495 vs delta_time = 0.11836898724238078 (length 7.5 ns) False False
2025-04-08 21:36:14,141 - [MainProcess:27178] mummi_ras.online.simulation:has_computed_enough:352 - INFO - runtime_hours*0.99 = 0.495 vs delta_time = 0.11892634848753611 (length 7.5 ns) False False
2025-04-08 21:36:16,147 - [MainProcess:27178] mummi_ras.online.simulation:has_computed_enough:352 - INFO - runtime_hours*0.99 = 0.495 vs delta_time = 0.11948369158638848 (length 7.5 ns) False False
2025-04-08 21:36:18,153 - [MainProcess:27178] mummi_ras.online.simulation:has_computed_enough:352 - INFO - runtime_hours*0.99 = 0.495 vs delta_time = 0.12004095574220021 (length 7.5 ns) False False
2025-04-08 21:36:20,160 - [MainProcess:27178] mummi_ras.online.simulation:has_computed_enough:352 - INFO - runtime_hours*0.99 = 0.495 vs delta_time = 0.1205983226829105 (length 7.5 ns) False False
2025-04-08 21:36:22,166 - [MainProcess:27178] mummi_ras.online.simulation:has_computed_enough:352 - INFO - runtime_hours*0.99 = 0.495 vs delta_time = 0.1211557177040312 (length 7.5 ns) False False
2025-04-08 21:36:22,218 - [MainProcess:27178] mummi_ras.online.simulation:get_new_frames:399 - INFO - Getting all frame numbers in trajectory from 16 to 16.
2025-04-08 21:36:22,218 - [MainProcess:27178] mummi_ras.online.cg.cganalysis:run_main_analysis:193 - INFO - Process frame 16
2025-04-08 21:36:22,218 - [MainProcess:27178] mummi_ras.online.cg.cganalysis:processFrame:554 - INFO - Load 17 frames: current frame ID /tmp/mummi/cg/structure_iter00_000000000002-20250408_212846/traj_comp.xtc
2025-04-08 21:36:22,229 - [MainProcess:27178] mummi_ras.online.cg.cganalysis:processFrame:580 - INFO - Frame:    16, Time: 8000.000 ps, Bbox = [0, 181.4956, 0, 181.4956]
2025-04-08 21:36:22,229 - [MainProcess:27178] mummi_ras.online.cg.cganalysis:processFrame:584 - INFO - Lengths of layers: 655 43 487
2025-04-08 21:36:22,332 - [MainProcess:27178] mummi_ras.online.cg.cganalysis:processFrame:765 - INFO - Time for analysis - frameNum 16, time 0.11411619186401367 s
2025-04-08 21:36:24,333 - [MainProcess:27178] mummi_ras.online.simulation:has_computed_enough:352 - INFO - runtime_hours*0.99 = 0.495 vs delta_time = 0.12175750308566623 (length 8.0 ns) False False
2025-04-08 21:36:26,339 - [MainProcess:27178] mummi_ras.online.simulation:has_computed_enough:352 - INFO - runtime_hours*0.99 = 0.495 vs delta_time = 0.12231490446461571 (length 8.0 ns) False False
2025-04-08 21:36:28,346 - [MainProcess:27178] mummi_ras.online.simulation:has_computed_enough:352 - INFO - runtime_hours*0.99 = 0.495 vs delta_time = 0.12287226862377591 (length 8.0 ns) False False
2025-04-08 21:36:30,352 - [MainProcess:27178] mummi_ras.online.simulation:has_computed_enough:352 - INFO - runtime_hours*0.99 = 0.495 vs delta_time = 0.12342962702115377 (length 8.0 ns) False False
2025-04-08 21:36:32,358 - [MainProcess:27178] mummi_ras.online.simulation:has_computed_enough:352 - INFO - runtime_hours*0.99 = 0.495 vs delta_time = 0.12398684468534257 (length 8.0 ns) False False
2025-04-08 21:36:34,365 - [MainProcess:27178] mummi_ras.online.simulation:has_computed_enough:352 - INFO - runtime_hours*0.99 = 0.495 vs delta_time = 0.12454418136013878 (length 8.0 ns) False False
2025-04-08 21:36:36,371 - [MainProcess:27178] mummi_ras.online.simulation:has_computed_enough:352 - INFO - runtime_hours*0.99 = 0.495 vs delta_time = 0.12510153690973919 (length 8.0 ns) False False
2025-04-08 21:36:38,378 - [MainProcess:27178] mummi_ras.online.simulation:has_computed_enough:352 - INFO - runtime_hours*0.99 = 0.495 vs delta_time = 0.12565886305438148 (length 8.0 ns) False False
2025-04-08 21:36:40,384 - [MainProcess:27178] mummi_ras.online.simulation:has_computed_enough:352 - INFO - runtime_hours*0.99 = 0.495 vs delta_time = 0.126216122508049 (length 8.0 ns) False False
2025-04-08 21:36:42,390 - [MainProcess:27178] mummi_ras.online.simulation:has_computed_enough:352 - INFO - runtime_hours*0.99 = 0.495 vs delta_time = 0.12677343606948852 (length 8.0 ns) False False
2025-04-08 21:36:44,397 - [MainProcess:27178] mummi_ras.online.simulation:has_computed_enough:352 - INFO - runtime_hours*0.99 = 0.495 vs delta_time = 0.1273307967185974 (length 8.0 ns) False False
2025-04-08 21:36:46,403 - [MainProcess:27178] mummi_ras.online.simulation:has_computed_enough:352 - INFO - runtime_hours*0.99 = 0.495 vs delta_time = 0.12788813047938877 (length 8.0 ns) False False
2025-04-08 21:36:48,409 - [MainProcess:27178] mummi_ras.online.simulation:has_computed_enough:352 - INFO - runtime_hours*0.99 = 0.495 vs delta_time = 0.12844537066088782 (length 8.0 ns) False False
2025-04-08 21:36:48,475 - [MainProcess:27178] mummi_ras.online.simulation:get_new_frames:399 - INFO - Getting all frame numbers in trajectory from 17 to 17.
2025-04-08 21:36:48,475 - [MainProcess:27178] mummi_ras.online.cg.cganalysis:run_main_analysis:193 - INFO - Process frame 17
2025-04-08 21:36:48,475 - [MainProcess:27178] mummi_ras.online.cg.cganalysis:processFrame:554 - INFO - Load 18 frames: current frame ID /tmp/mummi/cg/structure_iter00_000000000002-20250408_212846/traj_comp.xtc
2025-04-08 21:36:48,486 - [MainProcess:27178] mummi_ras.online.cg.cganalysis:processFrame:580 - INFO - Frame:    17, Time: 8500.000 ps, Bbox = [0, 181.24617, 0, 181.24617]
2025-04-08 21:36:48,486 - [MainProcess:27178] mummi_ras.online.cg.cganalysis:processFrame:584 - INFO - Lengths of layers: 659 35 491
2025-04-08 21:36:48,588 - [MainProcess:27178] mummi_ras.online.cg.cganalysis:processFrame:765 - INFO - Time for analysis - frameNum 17, time 0.11320972442626953 s
2025-04-08 21:36:50,589 - [MainProcess:27178] mummi_ras.online.simulation:has_computed_enough:352 - INFO - runtime_hours*0.99 = 0.495 vs delta_time = 0.12905076464017232 (length 8.5 ns) False False
2025-04-08 21:36:52,595 - [MainProcess:27178] mummi_ras.online.simulation:has_computed_enough:352 - INFO - runtime_hours*0.99 = 0.495 vs delta_time = 0.12960817688041262 (length 8.5 ns) False False
2025-04-08 21:36:54,602 - [MainProcess:27178] mummi_ras.online.simulation:has_computed_enough:352 - INFO - runtime_hours*0.99 = 0.495 vs delta_time = 0.13016553858915964 (length 8.5 ns) False False
2025-04-08 21:36:56,608 - [MainProcess:27178] mummi_ras.online.simulation:has_computed_enough:352 - INFO - runtime_hours*0.99 = 0.495 vs delta_time = 0.1307227948639128 (length 8.5 ns) False False
2025-04-08 21:36:58,614 - [MainProcess:27178] mummi_ras.online.simulation:has_computed_enough:352 - INFO - runtime_hours*0.99 = 0.495 vs delta_time = 0.13128012557824453 (length 8.5 ns) False False
2025-04-08 21:37:00,621 - [MainProcess:27178] mummi_ras.online.simulation:has_computed_enough:352 - INFO - runtime_hours*0.99 = 0.495 vs delta_time = 0.1318374659617742 (length 8.5 ns) False False
2025-04-08 21:37:02,627 - [MainProcess:27178] mummi_ras.online.simulation:has_computed_enough:352 - INFO - runtime_hours*0.99 = 0.495 vs delta_time = 0.1323948093255361 (length 8.5 ns) False False
2025-04-08 21:37:04,634 - [MainProcess:27178] mummi_ras.online.simulation:has_computed_enough:352 - INFO - runtime_hours*0.99 = 0.495 vs delta_time = 0.13295214096705119 (length 8.5 ns) False False
2025-04-08 21:37:06,640 - [MainProcess:27178] mummi_ras.online.simulation:has_computed_enough:352 - INFO - runtime_hours*0.99 = 0.495 vs delta_time = 0.13350949803988138 (length 8.5 ns) False False
2025-04-08 21:37:08,646 - [MainProcess:27178] mummi_ras.online.simulation:has_computed_enough:352 - INFO - runtime_hours*0.99 = 0.495 vs delta_time = 0.13406684080759684 (length 8.5 ns) False False
2025-04-08 21:37:10,652 - [MainProcess:27178] mummi_ras.online.simulation:has_computed_enough:352 - INFO - runtime_hours*0.99 = 0.495 vs delta_time = 0.1346240249607298 (length 8.5 ns) False False
2025-04-08 21:37:12,659 - [MainProcess:27178] mummi_ras.online.simulation:has_computed_enough:352 - INFO - runtime_hours*0.99 = 0.495 vs delta_time = 0.13518137978182898 (length 8.5 ns) False False
2025-04-08 21:37:14,665 - [MainProcess:27178] mummi_ras.online.simulation:has_computed_enough:352 - INFO - runtime_hours*0.99 = 0.495 vs delta_time = 0.135738704668151 (length 8.5 ns) False False
2025-04-08 21:37:16,672 - [MainProcess:27178] mummi_ras.online.simulation:has_computed_enough:352 - INFO - runtime_hours*0.99 = 0.495 vs delta_time = 0.13629603505134583 (length 8.5 ns) False False
2025-04-08 21:37:16,725 - [MainProcess:27178] mummi_ras.online.simulation:get_new_frames:399 - INFO - Getting all frame numbers in trajectory from 18 to 18.
2025-04-08 21:37:16,725 - [MainProcess:27178] mummi_ras.online.cg.cganalysis:run_main_analysis:193 - INFO - Process frame 18
2025-04-08 21:37:16,725 - [MainProcess:27178] mummi_ras.online.cg.cganalysis:processFrame:554 - INFO - Load 19 frames: current frame ID /tmp/mummi/cg/structure_iter00_000000000002-20250408_212846/traj_comp.xtc
2025-04-08 21:37:16,736 - [MainProcess:27178] mummi_ras.online.cg.cganalysis:processFrame:580 - INFO - Frame:    18, Time: 9000.000 ps, Bbox = [0, 181.31895, 0, 181.31895]
2025-04-08 21:37:16,736 - [MainProcess:27178] mummi_ras.online.cg.cganalysis:processFrame:584 - INFO - Lengths of layers: 660 38 487
2025-04-08 21:37:16,839 - [MainProcess:27178] mummi_ras.online.cg.cganalysis:processFrame:765 - INFO - Time for analysis - frameNum 18, time 0.11373281478881836 s
2025-04-08 21:37:18,839 - [MainProcess:27178] mummi_ras.online.simulation:has_computed_enough:352 - INFO - runtime_hours*0.99 = 0.495 vs delta_time = 0.13689820905526479 (length 9.0 ns) False False
2025-04-08 21:37:20,846 - [MainProcess:27178] mummi_ras.online.simulation:has_computed_enough:352 - INFO - runtime_hours*0.99 = 0.495 vs delta_time = 0.13745557970470854 (length 9.0 ns) False False
2025-04-08 21:37:22,852 - [MainProcess:27178] mummi_ras.online.simulation:has_computed_enough:352 - INFO - runtime_hours*0.99 = 0.495 vs delta_time = 0.13801293512185414 (length 9.0 ns) False False
2025-04-08 21:37:24,859 - [MainProcess:27178] mummi_ras.online.simulation:has_computed_enough:352 - INFO - runtime_hours*0.99 = 0.495 vs delta_time = 0.1385702066289054 (length 9.0 ns) False False
2025-04-08 21:37:26,865 - [MainProcess:27178] mummi_ras.online.simulation:has_computed_enough:352 - INFO - runtime_hours*0.99 = 0.495 vs delta_time = 0.13912756092018552 (length 9.0 ns) False False
2025-04-08 21:37:28,871 - [MainProcess:27178] mummi_ras.online.simulation:has_computed_enough:352 - INFO - runtime_hours*0.99 = 0.495 vs delta_time = 0.1396848801109526 (length 9.0 ns) False False
2025-04-08 21:37:30,878 - [MainProcess:27178] mummi_ras.online.simulation:has_computed_enough:352 - INFO - runtime_hours*0.99 = 0.495 vs delta_time = 0.14024227215184107 (length 9.0 ns) False False
2025-04-08 21:37:32,884 - [MainProcess:27178] mummi_ras.online.simulation:has_computed_enough:352 - INFO - runtime_hours*0.99 = 0.495 vs delta_time = 0.1407996047205395 (length 9.0 ns) False False
2025-04-08 21:37:34,891 - [MainProcess:27178] mummi_ras.online.simulation:has_computed_enough:352 - INFO - runtime_hours*0.99 = 0.495 vs delta_time = 0.14135689351293776 (length 9.0 ns) False False
2025-04-08 21:37:36,897 - [MainProcess:27178] mummi_ras.online.simulation:has_computed_enough:352 - INFO - runtime_hours*0.99 = 0.495 vs delta_time = 0.14191423230701022 (length 9.0 ns) False False
2025-04-08 21:37:38,903 - [MainProcess:27178] mummi_ras.online.simulation:has_computed_enough:352 - INFO - runtime_hours*0.99 = 0.495 vs delta_time = 0.14247150911225212 (length 9.0 ns) False False
2025-04-08 21:37:40,910 - [MainProcess:27178] mummi_ras.online.simulation:has_computed_enough:352 - INFO - runtime_hours*0.99 = 0.495 vs delta_time = 0.14302887009249793 (length 9.0 ns) False False
2025-04-08 21:37:42,916 - [MainProcess:27178] mummi_ras.online.simulation:has_computed_enough:352 - INFO - runtime_hours*0.99 = 0.495 vs delta_time = 0.1435861547787984 (length 9.0 ns) False False
2025-04-08 21:37:42,967 - [MainProcess:27178] mummi_ras.online.simulation:get_new_frames:399 - INFO - Getting all frame numbers in trajectory from 19 to 19.
2025-04-08 21:37:42,968 - [MainProcess:27178] mummi_ras.online.cg.cganalysis:run_main_analysis:193 - INFO - Process frame 19
2025-04-08 21:37:42,968 - [MainProcess:27178] mummi_ras.online.cg.cganalysis:processFrame:554 - INFO - Load 20 frames: current frame ID /tmp/mummi/cg/structure_iter00_000000000002-20250408_212846/traj_comp.xtc
2025-04-08 21:37:42,979 - [MainProcess:27178] mummi_ras.online.cg.cganalysis:processFrame:580 - INFO - Frame:    19, Time: 9500.000 ps, Bbox = [0, 181.17093, 0, 181.17093]
2025-04-08 21:37:42,979 - [MainProcess:27178] mummi_ras.online.cg.cganalysis:processFrame:584 - INFO - Lengths of layers: 665 32 488
2025-04-08 21:37:43,082 - [MainProcess:27178] mummi_ras.online.cg.cganalysis:processFrame:765 - INFO - Time for analysis - frameNum 19, time 0.11400818824768066 s
2025-04-08 21:37:45,082 - [MainProcess:27178] mummi_ras.online.simulation:has_computed_enough:352 - INFO - runtime_hours*0.99 = 0.495 vs delta_time = 0.14418789128462473 (length 9.5 ns) False False
2025-04-08 21:37:45,089 - [MainProcess:27178] mummi_ras.online.cg.cganalysis:processOutput:92 - INFO - Add feedback for frameNum 10 - state []
2025-04-08 21:37:45,089 - [MainProcess:27178] mummi_ras.online.cg.cganalysis:processOutput:92 - INFO - Add feedback for frameNum 11 - state []
2025-04-08 21:37:45,089 - [MainProcess:27178] mummi_ras.online.cg.cganalysis:processOutput:92 - INFO - Add feedback for frameNum 12 - state []
2025-04-08 21:37:45,089 - [MainProcess:27178] mummi_ras.online.cg.cganalysis:processOutput:92 - INFO - Add feedback for frameNum 13 - state []
2025-04-08 21:37:45,089 - [MainProcess:27178] mummi_ras.online.cg.cganalysis:processOutput:92 - INFO - Add feedback for frameNum 14 - state []
2025-04-08 21:37:45,089 - [MainProcess:27178] mummi_ras.online.cg.cganalysis:processOutput:92 - INFO - Add feedback for frameNum 15 - state []
2025-04-08 21:37:45,089 - [MainProcess:27178] mummi_ras.online.cg.cganalysis:processOutput:92 - INFO - Add feedback for frameNum 16 - state []
2025-04-08 21:37:45,090 - [MainProcess:27178] mummi_ras.online.cg.cganalysis:processOutput:92 - INFO - Add feedback for frameNum 17 - state []
2025-04-08 21:37:45,090 - [MainProcess:27178] mummi_ras.online.cg.cganalysis:processOutput:92 - INFO - Add feedback for frameNum 18 - state []
2025-04-08 21:37:45,090 - [MainProcess:27178] mummi_ras.online.cg.cganalysis:processOutput:92 - INFO - Add feedback for frameNum 19 - state []
2025-04-08 21:37:45,105 - [MainProcess:27178] mummi_core.interfaces.simple:_save_files:91 - INFO - Wrote 10 files to (/p/gpfs1/pottier1/minimummi-sc25/roots/root3/feedback-cg2ml/002)
2025-04-08 21:37:45,105 - [MainProcess:27178] mummi_ras.feedback.feedback_manager_cg2ml:report:118 - INFO - Added 10 frames (from structure_iter00_000000000002) to feedback (/p/gpfs1/pottier1/minimummi-sc25/roots/root3/feedback-cg2ml)
2025-04-08 21:37:45,105 - [MainProcess:27178] mummi_ras.online.cg.cganalysis:processOutput:112 - INFO - processOutput: 19
2025-04-08 21:37:45,105 - [MainProcess:27178] mummi_ras.online.cg.cganalysis:copyRemoteRestart:452 - INFO - Copy to remote frames [10, 11, 12, 13, 14, 15, 16, 17, 18, 19]
2025-04-08 21:37:45,179 - [MainProcess:27178] mummi_core.utils.utilities:sys_call:184 - INFO - Run command: rsync -va --no-g traj_comp.xtc topol.tpr state.cpt ener.edr md.log mdrun.log /p/gpfs1/pottier1/minimummi-sc25/roots/root3/sims-cg/structure_iter00_000000000002 || true
2025-04-08 21:37:45,599 - [MainProcess:27178] mummi_ras.interfaces.mummi:save_analysis_data:253 - INFO - Saved all analysis data for frames [10, 11, 12, 13, 14, 15, 16, 17, 18, 19]
2025-04-08 21:37:45,599 - [MainProcess:27178] mummi_ras.online.cg.cganalysis:copyRemoteLogs:350 - INFO - Copy over log files
2025-04-08 21:37:45,624 - [MainProcess:27178] mummi_core.utils.utilities:sys_call:184 - INFO - Run command: cp -r  /tmp/mummi/cg/structure_iter00_000000000002-20250408_212846/cg_analysis.out /tmp/mummi/cg/structure_iter00_000000000002-20250408_212846/traj_comp.xtc /tmp/mummi/cg/structure_iter00_000000000002-20250408_212846/*.log /p/gpfs1/pottier1/minimummi-sc25/roots/root3/sims-cg/structure_iter00_000000000002/ || true
2025-04-08 21:37:45,624 - [MainProcess:27178] mummi_ras.online.cg.cganalysis:copyRemoteLogs:365 - INFO - copyRemoteLogs =  /tmp/mummi/cg/structure_iter00_000000000002-20250408_212846/cg_analysis.out /tmp/mummi/cg/structure_iter00_000000000002-20250408_212846/traj_comp.xtc /tmp/mummi/cg/structure_iter00_000000000002-20250408_212846/*.log
2025-04-08 21:37:45,624 - [MainProcess:27178] mummi_ras.online.cg.cganalysis:cleanupLocal:375 - WARNING - Copy cleanup local only works for ddcMD files
2025-04-08 21:37:47,625 - [MainProcess:27178] mummi_ras.online.simulation:has_computed_enough:352 - INFO - runtime_hours*0.99 = 0.495 vs delta_time = 0.1448941343360477 (length 9.5 ns) False False
2025-04-08 21:37:49,628 - [MainProcess:27178] mummi_ras.online.simulation:has_computed_enough:352 - INFO - runtime_hours*0.99 = 0.495 vs delta_time = 0.14545073184702131 (length 9.5 ns) False False
2025-04-08 21:37:51,632 - [MainProcess:27178] mummi_ras.online.simulation:has_computed_enough:352 - INFO - runtime_hours*0.99 = 0.495 vs delta_time = 0.14600730021794636 (length 9.5 ns) False False
2025-04-08 21:37:53,636 - [MainProcess:27178] mummi_ras.online.simulation:has_computed_enough:352 - INFO - runtime_hours*0.99 = 0.495 vs delta_time = 0.14656386812527974 (length 9.5 ns) False False
2025-04-08 21:37:55,639 - [MainProcess:27178] mummi_ras.online.simulation:has_computed_enough:352 - INFO - runtime_hours*0.99 = 0.495 vs delta_time = 0.14712043186028798 (length 9.5 ns) False False
2025-04-08 21:37:57,643 - [MainProcess:27178] mummi_ras.online.simulation:has_computed_enough:352 - INFO - runtime_hours*0.99 = 0.495 vs delta_time = 0.14767699466811285 (length 9.5 ns) False False
2025-04-08 21:37:59,647 - [MainProcess:27178] mummi_ras.online.simulation:has_computed_enough:352 - INFO - runtime_hours*0.99 = 0.495 vs delta_time = 0.14823355310493044 (length 9.5 ns) False False
2025-04-08 21:38:01,650 - [MainProcess:27178] mummi_ras.online.simulation:has_computed_enough:352 - INFO - runtime_hours*0.99 = 0.495 vs delta_time = 0.14879011200533973 (length 9.5 ns) False False
2025-04-08 21:38:03,654 - [MainProcess:27178] mummi_ras.online.simulation:has_computed_enough:352 - INFO - runtime_hours*0.99 = 0.495 vs delta_time = 0.14934666991233825 (length 9.5 ns) False False
2025-04-08 21:38:05,657 - [MainProcess:27178] mummi_ras.online.simulation:has_computed_enough:352 - INFO - runtime_hours*0.99 = 0.495 vs delta_time = 0.1499032290114297 (length 9.5 ns) False False
2025-04-08 21:38:07,661 - [MainProcess:27178] mummi_ras.online.simulation:has_computed_enough:352 - INFO - runtime_hours*0.99 = 0.495 vs delta_time = 0.15045978864034018 (length 9.5 ns) False False
2025-04-08 21:38:09,665 - [MainProcess:27178] mummi_ras.online.simulation:has_computed_enough:352 - INFO - runtime_hours*0.99 = 0.495 vs delta_time = 0.1510163476732042 (length 9.5 ns) False False
2025-04-08 21:38:09,698 - [MainProcess:27178] mummi_ras.online.simulation:get_new_frames:399 - INFO - Getting all frame numbers in trajectory from 20 to 20.
2025-04-08 21:38:09,699 - [MainProcess:27178] mummi_ras.online.cg.cganalysis:run_main_analysis:193 - INFO - Process frame 20
2025-04-08 21:38:09,699 - [MainProcess:27178] mummi_ras.online.cg.cganalysis:processFrame:554 - INFO - Load 21 frames: current frame ID /tmp/mummi/cg/structure_iter00_000000000002-20250408_212846/traj_comp.xtc
2025-04-08 21:38:09,705 - [MainProcess:27178] mummi_ras.online.cg.cganalysis:processFrame:580 - INFO - Frame:    20, Time: 10000.000 ps, Bbox = [0, 181.7478, 0, 181.7478]
2025-04-08 21:38:09,706 - [MainProcess:27178] mummi_ras.online.cg.cganalysis:processFrame:584 - INFO - Lengths of layers: 662 32 491
2025-04-08 21:38:09,765 - [MainProcess:27178] mummi_ras.online.cg.cganalysis:processFrame:765 - INFO - Time for analysis - frameNum 20, time 0.06672024726867676 s
2025-04-08 21:38:11,766 - [MainProcess:27178] mummi_ras.online.simulation:has_computed_enough:352 - INFO - runtime_hours*0.99 = 0.495 vs delta_time = 0.15160001807742648 (length 10.0 ns) False False
2025-04-08 21:38:13,770 - [MainProcess:27178] mummi_ras.online.simulation:has_computed_enough:352 - INFO - runtime_hours*0.99 = 0.495 vs delta_time = 0.15215662088659074 (length 10.0 ns) False False
2025-04-08 21:38:15,773 - [MainProcess:27178] mummi_ras.online.simulation:has_computed_enough:352 - INFO - runtime_hours*0.99 = 0.495 vs delta_time = 0.15271318998601702 (length 10.0 ns) False False
2025-04-08 21:38:17,777 - [MainProcess:27178] mummi_ras.online.simulation:has_computed_enough:352 - INFO - runtime_hours*0.99 = 0.495 vs delta_time = 0.15326974829037984 (length 10.0 ns) False False
2025-04-08 21:38:19,781 - [MainProcess:27178] mummi_ras.online.simulation:has_computed_enough:352 - INFO - runtime_hours*0.99 = 0.495 vs delta_time = 0.15382630745569864 (length 10.0 ns) False False
2025-04-08 21:38:21,784 - [MainProcess:27178] mummi_ras.online.simulation:has_computed_enough:352 - INFO - runtime_hours*0.99 = 0.495 vs delta_time = 0.15438286993238662 (length 10.0 ns) False False
2025-04-08 21:38:23,788 - [MainProcess:27178] mummi_ras.online.simulation:has_computed_enough:352 - INFO - runtime_hours*0.99 = 0.495 vs delta_time = 0.15493942572010888 (length 10.0 ns) False False
2025-04-08 21:38:25,791 - [MainProcess:27178] mummi_ras.online.simulation:has_computed_enough:352 - INFO - runtime_hours*0.99 = 0.495 vs delta_time = 0.15549598395824432 (length 10.0 ns) False False
2025-04-08 21:38:27,795 - [MainProcess:27178] mummi_ras.online.simulation:has_computed_enough:352 - INFO - runtime_hours*0.99 = 0.495 vs delta_time = 0.15605253636837005 (length 10.0 ns) False False
2025-04-08 21:38:29,799 - [MainProcess:27178] mummi_ras.online.simulation:has_computed_enough:352 - INFO - runtime_hours*0.99 = 0.495 vs delta_time = 0.15660908924208747 (length 10.0 ns) False False
2025-04-08 21:38:31,802 - [MainProcess:27178] mummi_ras.online.simulation:has_computed_enough:352 - INFO - runtime_hours*0.99 = 0.495 vs delta_time = 0.15716563959916433 (length 10.0 ns) False False
2025-04-08 21:38:33,806 - [MainProcess:27178] mummi_ras.online.simulation:has_computed_enough:352 - INFO - runtime_hours*0.99 = 0.495 vs delta_time = 0.15772219373120203 (length 10.0 ns) False False
2025-04-08 21:38:35,809 - [MainProcess:27178] mummi_ras.online.simulation:has_computed_enough:352 - INFO - runtime_hours*0.99 = 0.495 vs delta_time = 0.1582787838909361 (length 10.0 ns) False False
2025-04-08 21:38:37,813 - [MainProcess:27178] mummi_ras.online.simulation:has_computed_enough:352 - INFO - runtime_hours*0.99 = 0.495 vs delta_time = 0.15883537729581196 (length 10.0 ns) False False
2025-04-08 21:38:37,846 - [MainProcess:27178] mummi_ras.online.simulation:get_new_frames:399 - INFO - Getting all frame numbers in trajectory from 21 to 21.
2025-04-08 21:38:37,846 - [MainProcess:27178] mummi_ras.online.cg.cganalysis:run_main_analysis:193 - INFO - Process frame 21
2025-04-08 21:38:37,846 - [MainProcess:27178] mummi_ras.online.cg.cganalysis:processFrame:554 - INFO - Load 22 frames: current frame ID /tmp/mummi/cg/structure_iter00_000000000002-20250408_212846/traj_comp.xtc
2025-04-08 21:38:37,853 - [MainProcess:27178] mummi_ras.online.cg.cganalysis:processFrame:580 - INFO - Frame:    21, Time: 10500.000 ps, Bbox = [0, 181.08147, 0, 181.08147]
2025-04-08 21:38:37,853 - [MainProcess:27178] mummi_ras.online.cg.cganalysis:processFrame:584 - INFO - Lengths of layers: 664 28 493
2025-04-08 21:38:37,915 - [MainProcess:27178] mummi_ras.online.cg.cganalysis:processFrame:765 - INFO - Time for analysis - frameNum 21, time 0.06870341300964355 s
2025-04-08 21:38:39,915 - [MainProcess:27178] mummi_ras.online.simulation:has_computed_enough:352 - INFO - runtime_hours*0.99 = 0.495 vs delta_time = 0.15941934744517008 (length 10.5 ns) False False
2025-04-08 21:38:41,919 - [MainProcess:27178] mummi_ras.online.simulation:has_computed_enough:352 - INFO - runtime_hours*0.99 = 0.495 vs delta_time = 0.1599759562810262 (length 10.5 ns) False False
2025-04-08 21:38:43,923 - [MainProcess:27178] mummi_ras.online.simulation:has_computed_enough:352 - INFO - runtime_hours*0.99 = 0.495 vs delta_time = 0.16053252975145976 (length 10.5 ns) False False
2025-04-08 21:38:45,927 - [MainProcess:27178] mummi_ras.online.simulation:has_computed_enough:352 - INFO - runtime_hours*0.99 = 0.495 vs delta_time = 0.161089097460111 (length 10.5 ns) False False
2025-04-08 21:38:47,930 - [MainProcess:27178] mummi_ras.online.simulation:has_computed_enough:352 - INFO - runtime_hours*0.99 = 0.495 vs delta_time = 0.1616456585460239 (length 10.5 ns) False False
2025-04-08 21:38:49,934 - [MainProcess:27178] mummi_ras.online.simulation:has_computed_enough:352 - INFO - runtime_hours*0.99 = 0.495 vs delta_time = 0.1622022396326065 (length 10.5 ns) False False
2025-04-08 21:38:51,937 - [MainProcess:27178] mummi_ras.online.simulation:has_computed_enough:352 - INFO - runtime_hours*0.99 = 0.495 vs delta_time = 0.16275879879792532 (length 10.5 ns) False False
2025-04-08 21:38:53,941 - [MainProcess:27178] mummi_ras.online.simulation:has_computed_enough:352 - INFO - runtime_hours*0.99 = 0.495 vs delta_time = 0.16331536332766214 (length 10.5 ns) False False
2025-04-08 21:38:55,945 - [MainProcess:27178] mummi_ras.online.simulation:has_computed_enough:352 - INFO - runtime_hours*0.99 = 0.495 vs delta_time = 0.16387192951308358 (length 10.5 ns) False False
2025-04-08 21:38:57,948 - [MainProcess:27178] mummi_ras.online.simulation:has_computed_enough:352 - INFO - runtime_hours*0.99 = 0.495 vs delta_time = 0.1644284925195906 (length 10.5 ns) False False
2025-04-08 21:38:59,952 - [MainProcess:27178] mummi_ras.online.simulation:has_computed_enough:352 - INFO - runtime_hours*0.99 = 0.495 vs delta_time = 0.16498505095640817 (length 10.5 ns) False False
2025-04-08 21:39:01,956 - [MainProcess:27178] mummi_ras.online.simulation:has_computed_enough:352 - INFO - runtime_hours*0.99 = 0.495 vs delta_time = 0.16554161522123548 (length 10.5 ns) False False
2025-04-08 21:39:03,959 - [MainProcess:27178] mummi_ras.online.simulation:has_computed_enough:352 - INFO - runtime_hours*0.99 = 0.495 vs delta_time = 0.16609817372428046 (length 10.5 ns) False False
2025-04-08 21:39:03,991 - [MainProcess:27178] mummi_ras.online.simulation:get_new_frames:399 - INFO - Getting all frame numbers in trajectory from 22 to 22.
2025-04-08 21:39:03,991 - [MainProcess:27178] mummi_ras.online.cg.cganalysis:run_main_analysis:193 - INFO - Process frame 22
2025-04-08 21:39:03,991 - [MainProcess:27178] mummi_ras.online.cg.cganalysis:processFrame:554 - INFO - Load 23 frames: current frame ID /tmp/mummi/cg/structure_iter00_000000000002-20250408_212846/traj_comp.xtc
2025-04-08 21:39:03,998 - [MainProcess:27178] mummi_ras.online.cg.cganalysis:processFrame:580 - INFO - Frame:    22, Time: 11000.000 ps, Bbox = [0, 180.22157, 0, 180.22157]
2025-04-08 21:39:03,998 - [MainProcess:27178] mummi_ras.online.cg.cganalysis:processFrame:584 - INFO - Lengths of layers: 664 31 490
2025-04-08 21:39:04,058 - [MainProcess:27178] mummi_ras.online.cg.cganalysis:processFrame:765 - INFO - Time for analysis - frameNum 22, time 0.06691169738769531 s
2025-04-08 21:39:06,058 - [MainProcess:27178] mummi_ras.online.simulation:has_computed_enough:352 - INFO - runtime_hours*0.99 = 0.495 vs delta_time = 0.16668127258618673 (length 11.0 ns) False False
2025-04-08 21:39:08,062 - [MainProcess:27178] mummi_ras.online.simulation:has_computed_enough:352 - INFO - runtime_hours*0.99 = 0.495 vs delta_time = 0.16723787870672013 (length 11.0 ns) False False
2025-04-08 21:39:10,066 - [MainProcess:27178] mummi_ras.online.simulation:has_computed_enough:352 - INFO - runtime_hours*0.99 = 0.495 vs delta_time = 0.1677944438987308 (length 11.0 ns) False False
2025-04-08 21:39:12,069 - [MainProcess:27178] mummi_ras.online.simulation:has_computed_enough:352 - INFO - runtime_hours*0.99 = 0.495 vs delta_time = 0.1683510070376926 (length 11.0 ns) False False
2025-04-08 21:39:14,073 - [MainProcess:27178] mummi_ras.online.simulation:has_computed_enough:352 - INFO - runtime_hours*0.99 = 0.495 vs delta_time = 0.16890756838851506 (length 11.0 ns) False False
2025-04-08 21:39:16,077 - [MainProcess:27178] mummi_ras.online.simulation:has_computed_enough:352 - INFO - runtime_hours*0.99 = 0.495 vs delta_time = 0.16946413099765778 (length 11.0 ns) False False
2025-04-08 21:39:18,080 - [MainProcess:27178] mummi_ras.online.simulation:has_computed_enough:352 - INFO - runtime_hours*0.99 = 0.495 vs delta_time = 0.17002068877220153 (length 11.0 ns) False False
2025-04-08 21:39:20,084 - [MainProcess:27178] mummi_ras.online.simulation:has_computed_enough:352 - INFO - runtime_hours*0.99 = 0.495 vs delta_time = 0.17057724826865725 (length 11.0 ns) False False
2025-04-08 21:39:22,087 - [MainProcess:27178] mummi_ras.online.simulation:has_computed_enough:352 - INFO - runtime_hours*0.99 = 0.495 vs delta_time = 0.17113380365901523 (length 11.0 ns) False False
2025-04-08 21:39:24,091 - [MainProcess:27178] mummi_ras.online.simulation:has_computed_enough:352 - INFO - runtime_hours*0.99 = 0.495 vs delta_time = 0.17169035957919226 (length 11.0 ns) False False
2025-04-08 21:39:26,095 - [MainProcess:27178] mummi_ras.online.simulation:has_computed_enough:352 - INFO - runtime_hours*0.99 = 0.495 vs delta_time = 0.17224691814846463 (length 11.0 ns) False False
2025-04-08 21:39:28,098 - [MainProcess:27178] mummi_ras.online.simulation:has_computed_enough:352 - INFO - runtime_hours*0.99 = 0.495 vs delta_time = 0.17280347234672971 (length 11.0 ns) False False
2025-04-08 21:39:30,102 - [MainProcess:27178] mummi_ras.online.simulation:has_computed_enough:352 - INFO - runtime_hours*0.99 = 0.495 vs delta_time = 0.17336003614796533 (length 11.0 ns) False False
2025-04-08 21:39:32,106 - [MainProcess:27178] mummi_ras.online.simulation:has_computed_enough:352 - INFO - runtime_hours*0.99 = 0.495 vs delta_time = 0.1739165950483746 (length 11.0 ns) False False
2025-04-08 21:39:32,295 - [MainProcess:27178] mummi_ras.online.simulation:get_new_frames:399 - INFO - Getting all frame numbers in trajectory from 23 to 23.
2025-04-08 21:39:32,295 - [MainProcess:27178] mummi_ras.online.cg.cganalysis:run_main_analysis:193 - INFO - Process frame 23
2025-04-08 21:39:32,295 - [MainProcess:27178] mummi_ras.online.cg.cganalysis:processFrame:554 - INFO - Load 24 frames: current frame ID /tmp/mummi/cg/structure_iter00_000000000002-20250408_212846/traj_comp.xtc
2025-04-08 21:39:32,302 - [MainProcess:27178] mummi_ras.online.cg.cganalysis:processFrame:580 - INFO - Frame:    23, Time: 11500.000 ps, Bbox = [0, 181.95425, 0, 181.95425]
2025-04-08 21:39:32,302 - [MainProcess:27178] mummi_ras.online.cg.cganalysis:processFrame:584 - INFO - Lengths of layers: 662 37 486
2025-04-08 21:39:32,362 - [MainProcess:27178] mummi_ras.online.cg.cganalysis:processFrame:765 - INFO - Time for analysis - frameNum 23, time 0.06702804565429688 s
2025-04-08 21:39:34,363 - [MainProcess:27178] mummi_ras.online.simulation:has_computed_enough:352 - INFO - runtime_hours*0.99 = 0.495 vs delta_time = 0.17454357663790385 (length 11.5 ns) False False
2025-04-08 21:39:36,367 - [MainProcess:27178] mummi_ras.online.simulation:has_computed_enough:352 - INFO - runtime_hours*0.99 = 0.495 vs delta_time = 0.17510021812385984 (length 11.5 ns) False False
2025-04-08 21:39:38,370 - [MainProcess:27178] mummi_ras.online.simulation:has_computed_enough:352 - INFO - runtime_hours*0.99 = 0.495 vs delta_time = 0.175656815038787 (length 11.5 ns) False False
2025-04-08 21:39:40,374 - [MainProcess:27178] mummi_ras.online.simulation:has_computed_enough:352 - INFO - runtime_hours*0.99 = 0.495 vs delta_time = 0.17621344725290936 (length 11.5 ns) False False
2025-04-08 21:39:42,378 - [MainProcess:27178] mummi_ras.online.simulation:has_computed_enough:352 - INFO - runtime_hours*0.99 = 0.495 vs delta_time = 0.17677007370524936 (length 11.5 ns) False False
2025-04-08 21:39:44,382 - [MainProcess:27178] mummi_ras.online.simulation:has_computed_enough:352 - INFO - runtime_hours*0.99 = 0.495 vs delta_time = 0.17732669168048434 (length 11.5 ns) False False
2025-04-08 21:39:46,386 - [MainProcess:27178] mummi_ras.online.simulation:has_computed_enough:352 - INFO - runtime_hours*0.99 = 0.495 vs delta_time = 0.1778832870721817 (length 11.5 ns) False False
2025-04-08 21:39:48,389 - [MainProcess:27178] mummi_ras.online.simulation:has_computed_enough:352 - INFO - runtime_hours*0.99 = 0.495 vs delta_time = 0.17843987610605028 (length 11.5 ns) False False
2025-04-08 21:39:50,393 - [MainProcess:27178] mummi_ras.online.simulation:has_computed_enough:352 - INFO - runtime_hours*0.99 = 0.495 vs delta_time = 0.1789964779218038 (length 11.5 ns) False False
2025-04-08 21:39:52,397 - [MainProcess:27178] mummi_ras.online.simulation:has_computed_enough:352 - INFO - runtime_hours*0.99 = 0.495 vs delta_time = 0.17955306318071154 (length 11.5 ns) False False
2025-04-08 21:39:54,401 - [MainProcess:27178] mummi_ras.online.simulation:has_computed_enough:352 - INFO - runtime_hours*0.99 = 0.495 vs delta_time = 0.18010965082380506 (length 11.5 ns) False False
2025-04-08 21:39:56,404 - [MainProcess:27178] mummi_ras.online.simulation:has_computed_enough:352 - INFO - runtime_hours*0.99 = 0.495 vs delta_time = 0.18066624489095476 (length 11.5 ns) False False
2025-04-08 21:39:58,408 - [MainProcess:27178] mummi_ras.online.simulation:has_computed_enough:352 - INFO - runtime_hours*0.99 = 0.495 vs delta_time = 0.18122285187244416 (length 11.5 ns) False False
2025-04-08 21:39:58,441 - [MainProcess:27178] mummi_ras.online.simulation:get_new_frames:399 - INFO - Getting all frame numbers in trajectory from 24 to 24.
2025-04-08 21:39:58,441 - [MainProcess:27178] mummi_ras.online.cg.cganalysis:run_main_analysis:193 - INFO - Process frame 24
2025-04-08 21:39:58,441 - [MainProcess:27178] mummi_ras.online.cg.cganalysis:processFrame:554 - INFO - Load 25 frames: current frame ID /tmp/mummi/cg/structure_iter00_000000000002-20250408_212846/traj_comp.xtc
2025-04-08 21:39:58,448 - [MainProcess:27178] mummi_ras.online.cg.cganalysis:processFrame:580 - INFO - Frame:    24, Time: 12000.000 ps, Bbox = [0, 181.3423, 0, 181.3423]
2025-04-08 21:39:58,448 - [MainProcess:27178] mummi_ras.online.cg.cganalysis:processFrame:584 - INFO - Lengths of layers: 661 36 488
2025-04-08 21:39:58,509 - [MainProcess:27178] mummi_ras.online.cg.cganalysis:processFrame:765 - INFO - Time for analysis - frameNum 24, time 0.06743574142456055 s
2025-04-08 21:40:00,509 - [MainProcess:27178] mummi_ras.online.simulation:has_computed_enough:352 - INFO - runtime_hours*0.99 = 0.495 vs delta_time = 0.18180647611618042 (length 12.0 ns) False False
2025-04-08 21:40:02,513 - [MainProcess:27178] mummi_ras.online.simulation:has_computed_enough:352 - INFO - runtime_hours*0.99 = 0.495 vs delta_time = 0.18236307819684347 (length 12.0 ns) False False
2025-04-08 21:40:04,516 - [MainProcess:27178] mummi_ras.online.simulation:has_computed_enough:352 - INFO - runtime_hours*0.99 = 0.495 vs delta_time = 0.18291963789198135 (length 12.0 ns) False False
2025-04-08 21:40:06,520 - [MainProcess:27178] mummi_ras.online.simulation:has_computed_enough:352 - INFO - runtime_hours*0.99 = 0.495 vs delta_time = 0.1834761944082048 (length 12.0 ns) False False
2025-04-08 21:40:08,524 - [MainProcess:27178] mummi_ras.online.simulation:has_computed_enough:352 - INFO - runtime_hours*0.99 = 0.495 vs delta_time = 0.18403274754683177 (length 12.0 ns) False False
2025-04-08 21:40:10,527 - [MainProcess:27178] mummi_ras.online.simulation:has_computed_enough:352 - INFO - runtime_hours*0.99 = 0.495 vs delta_time = 0.18458930962615544 (length 12.0 ns) False False
2025-04-08 21:40:12,531 - [MainProcess:27178] mummi_ras.online.simulation:has_computed_enough:352 - INFO - runtime_hours*0.99 = 0.495 vs delta_time = 0.18514586713578965 (length 12.0 ns) False False
2025-04-08 21:40:14,534 - [MainProcess:27178] mummi_ras.online.simulation:has_computed_enough:352 - INFO - runtime_hours*0.99 = 0.495 vs delta_time = 0.1857024151749081 (length 12.0 ns) False False
2025-04-08 21:40:16,538 - [MainProcess:27178] mummi_ras.online.simulation:has_computed_enough:352 - INFO - runtime_hours*0.99 = 0.495 vs delta_time = 0.18625896639294096 (length 12.0 ns) False False
2025-04-08 21:40:18,542 - [MainProcess:27178] mummi_ras.online.simulation:has_computed_enough:352 - INFO - runtime_hours*0.99 = 0.495 vs delta_time = 0.18681552026006912 (length 12.0 ns) False False
2025-04-08 21:40:20,545 - [MainProcess:27178] mummi_ras.online.simulation:has_computed_enough:352 - INFO - runtime_hours*0.99 = 0.495 vs delta_time = 0.18737208114729986 (length 12.0 ns) False False
2025-04-08 21:40:22,549 - [MainProcess:27178] mummi_ras.online.simulation:has_computed_enough:352 - INFO - runtime_hours*0.99 = 0.495 vs delta_time = 0.18792863236533272 (length 12.0 ns) False False
2025-04-08 21:40:24,552 - [MainProcess:27178] mummi_ras.online.simulation:has_computed_enough:352 - INFO - runtime_hours*0.99 = 0.495 vs delta_time = 0.18848518206013573 (length 12.0 ns) False False
2025-04-08 21:40:26,556 - [MainProcess:27178] mummi_ras.online.simulation:has_computed_enough:352 - INFO - runtime_hours*0.99 = 0.495 vs delta_time = 0.18904173427157933 (length 12.0 ns) False False
2025-04-08 21:40:26,588 - [MainProcess:27178] mummi_ras.online.simulation:get_new_frames:399 - INFO - Getting all frame numbers in trajectory from 25 to 25.
2025-04-08 21:40:26,588 - [MainProcess:27178] mummi_ras.online.cg.cganalysis:run_main_analysis:193 - INFO - Process frame 25
2025-04-08 21:40:26,588 - [MainProcess:27178] mummi_ras.online.cg.cganalysis:processFrame:554 - INFO - Load 26 frames: current frame ID /tmp/mummi/cg/structure_iter00_000000000002-20250408_212846/traj_comp.xtc
2025-04-08 21:40:26,595 - [MainProcess:27178] mummi_ras.online.cg.cganalysis:processFrame:580 - INFO - Frame:    25, Time: 12500.000 ps, Bbox = [0, 181.07552, 0, 181.07552]
2025-04-08 21:40:26,596 - [MainProcess:27178] mummi_ras.online.cg.cganalysis:processFrame:584 - INFO - Lengths of layers: 663 35 487
2025-04-08 21:40:26,655 - [MainProcess:27178] mummi_ras.online.cg.cganalysis:processFrame:765 - INFO - Time for analysis - frameNum 25, time 0.06694531440734863 s
2025-04-08 21:40:28,656 - [MainProcess:27178] mummi_ras.online.simulation:has_computed_enough:352 - INFO - runtime_hours*0.99 = 0.495 vs delta_time = 0.1896249924103419 (length 12.5 ns) False False
2025-04-08 21:40:30,660 - [MainProcess:27178] mummi_ras.online.simulation:has_computed_enough:352 - INFO - runtime_hours*0.99 = 0.495 vs delta_time = 0.19018167124854193 (length 12.5 ns) False False
2025-04-08 21:40:32,664 - [MainProcess:27178] mummi_ras.online.simulation:has_computed_enough:352 - INFO - runtime_hours*0.99 = 0.495 vs delta_time = 0.19073830134338804 (length 12.5 ns) False False
2025-04-08 21:40:34,668 - [MainProcess:27178] mummi_ras.online.simulation:has_computed_enough:352 - INFO - runtime_hours*0.99 = 0.495 vs delta_time = 0.19129492309358384 (length 12.5 ns) False False
2025-04-08 21:40:36,671 - [MainProcess:27178] mummi_ras.online.simulation:has_computed_enough:352 - INFO - runtime_hours*0.99 = 0.495 vs delta_time = 0.1918515541818407 (length 12.5 ns) False False
2025-04-08 21:40:38,675 - [MainProcess:27178] mummi_ras.online.simulation:has_computed_enough:352 - INFO - runtime_hours*0.99 = 0.495 vs delta_time = 0.19240817904472352 (length 12.5 ns) False False
2025-04-08 21:40:40,679 - [MainProcess:27178] mummi_ras.online.simulation:has_computed_enough:352 - INFO - runtime_hours*0.99 = 0.495 vs delta_time = 0.19296481483512454 (length 12.5 ns) False False
2025-04-08 21:40:42,683 - [MainProcess:27178] mummi_ras.online.simulation:has_computed_enough:352 - INFO - runtime_hours*0.99 = 0.495 vs delta_time = 0.19352143930064308 (length 12.5 ns) False False
2025-04-08 21:40:44,687 - [MainProcess:27178] mummi_ras.online.simulation:has_computed_enough:352 - INFO - runtime_hours*0.99 = 0.495 vs delta_time = 0.19407807813750372 (length 12.5 ns) False False
2025-04-08 21:40:46,691 - [MainProcess:27178] mummi_ras.online.simulation:has_computed_enough:352 - INFO - runtime_hours*0.99 = 0.495 vs delta_time = 0.19463473512066734 (length 12.5 ns) False False
2025-04-08 21:40:48,695 - [MainProcess:27178] mummi_ras.online.simulation:has_computed_enough:352 - INFO - runtime_hours*0.99 = 0.495 vs delta_time = 0.1951913958787918 (length 12.5 ns) False False
2025-04-08 21:40:50,699 - [MainProcess:27178] mummi_ras.online.simulation:has_computed_enough:352 - INFO - runtime_hours*0.99 = 0.495 vs delta_time = 0.1957480541865031 (length 12.5 ns) False False
2025-04-08 21:40:52,703 - [MainProcess:27178] mummi_ras.online.simulation:has_computed_enough:352 - INFO - runtime_hours*0.99 = 0.495 vs delta_time = 0.19630467785729303 (length 12.5 ns) False False
2025-04-08 21:40:52,737 - [MainProcess:27178] mummi_ras.online.simulation:get_new_frames:399 - INFO - Getting all frame numbers in trajectory from 26 to 26.
2025-04-08 21:40:52,737 - [MainProcess:27178] mummi_ras.online.cg.cganalysis:run_main_analysis:193 - INFO - Process frame 26
2025-04-08 21:40:52,737 - [MainProcess:27178] mummi_ras.online.cg.cganalysis:processFrame:554 - INFO - Load 27 frames: current frame ID /tmp/mummi/cg/structure_iter00_000000000002-20250408_212846/traj_comp.xtc
2025-04-08 21:40:52,744 - [MainProcess:27178] mummi_ras.online.cg.cganalysis:processFrame:580 - INFO - Frame:    26, Time: 13000.000 ps, Bbox = [0, 180.72975, 0, 180.72975]
2025-04-08 21:40:52,744 - [MainProcess:27178] mummi_ras.online.cg.cganalysis:processFrame:584 - INFO - Lengths of layers: 662 36 487
2025-04-08 21:40:52,805 - [MainProcess:27178] mummi_ras.online.cg.cganalysis:processFrame:765 - INFO - Time for analysis - frameNum 26, time 0.06779956817626953 s
2025-04-08 21:40:54,805 - [MainProcess:27178] mummi_ras.online.simulation:has_computed_enough:352 - INFO - runtime_hours*0.99 = 0.495 vs delta_time = 0.19688865966267055 (length 13.0 ns) False False
2025-04-08 21:40:56,809 - [MainProcess:27178] mummi_ras.online.simulation:has_computed_enough:352 - INFO - runtime_hours*0.99 = 0.495 vs delta_time = 0.19744526048501332 (length 13.0 ns) False False
2025-04-08 21:40:58,812 - [MainProcess:27178] mummi_ras.online.simulation:has_computed_enough:352 - INFO - runtime_hours*0.99 = 0.495 vs delta_time = 0.19800181865692137 (length 13.0 ns) False False
2025-04-08 21:41:00,816 - [MainProcess:27178] mummi_ras.online.simulation:has_computed_enough:352 - INFO - runtime_hours*0.99 = 0.495 vs delta_time = 0.19855838391515943 (length 13.0 ns) False False
2025-04-08 21:41:02,820 - [MainProcess:27178] mummi_ras.online.simulation:has_computed_enough:352 - INFO - runtime_hours*0.99 = 0.495 vs delta_time = 0.199114933874872 (length 13.0 ns) False False
2025-04-08 21:41:04,823 - [MainProcess:27178] mummi_ras.online.simulation:has_computed_enough:352 - INFO - runtime_hours*0.99 = 0.495 vs delta_time = 0.1996714812517166 (length 13.0 ns) False False
2025-04-08 21:41:06,827 - [MainProcess:27178] mummi_ras.online.simulation:has_computed_enough:352 - INFO - runtime_hours*0.99 = 0.495 vs delta_time = 0.20022803015179105 (length 13.0 ns) False False
2025-04-08 21:41:08,830 - [MainProcess:27178] mummi_ras.online.simulation:has_computed_enough:352 - INFO - runtime_hours*0.99 = 0.495 vs delta_time = 0.2007845750119951 (length 13.0 ns) False False
2025-04-08 21:41:10,834 - [MainProcess:27178] mummi_ras.online.simulation:has_computed_enough:352 - INFO - runtime_hours*0.99 = 0.495 vs delta_time = 0.2013411325878567 (length 13.0 ns) False False
2025-04-08 21:41:12,837 - [MainProcess:27178] mummi_ras.online.simulation:has_computed_enough:352 - INFO - runtime_hours*0.99 = 0.495 vs delta_time = 0.20189768175284067 (length 13.0 ns) False False
2025-04-08 21:41:14,841 - [MainProcess:27178] mummi_ras.online.simulation:has_computed_enough:352 - INFO - runtime_hours*0.99 = 0.495 vs delta_time = 0.20245423071914248 (length 13.0 ns) False False
2025-04-08 21:41:16,845 - [MainProcess:27178] mummi_ras.online.simulation:has_computed_enough:352 - INFO - runtime_hours*0.99 = 0.495 vs delta_time = 0.20301077796353234 (length 13.0 ns) False False
2025-04-08 21:41:18,848 - [MainProcess:27178] mummi_ras.online.simulation:has_computed_enough:352 - INFO - runtime_hours*0.99 = 0.495 vs delta_time = 0.2035673266649246 (length 13.0 ns) False False
2025-04-08 21:41:20,852 - [MainProcess:27178] mummi_ras.online.simulation:has_computed_enough:352 - INFO - runtime_hours*0.99 = 0.495 vs delta_time = 0.20412388881047566 (length 13.0 ns) False False
2025-04-08 21:41:20,885 - [MainProcess:27178] mummi_ras.online.simulation:get_new_frames:399 - INFO - Getting all frame numbers in trajectory from 27 to 27.
2025-04-08 21:41:20,885 - [MainProcess:27178] mummi_ras.online.cg.cganalysis:run_main_analysis:193 - INFO - Process frame 27
2025-04-08 21:41:20,885 - [MainProcess:27178] mummi_ras.online.cg.cganalysis:processFrame:554 - INFO - Load 28 frames: current frame ID /tmp/mummi/cg/structure_iter00_000000000002-20250408_212846/traj_comp.xtc
2025-04-08 21:41:20,892 - [MainProcess:27178] mummi_ras.online.cg.cganalysis:processFrame:580 - INFO - Frame:    27, Time: 13500.000 ps, Bbox = [0, 181.25821, 0, 181.25821]
2025-04-08 21:41:20,892 - [MainProcess:27178] mummi_ras.online.cg.cganalysis:processFrame:584 - INFO - Lengths of layers: 659 41 485
2025-04-08 21:41:20,954 - [MainProcess:27178] mummi_ras.online.cg.cganalysis:processFrame:765 - INFO - Time for analysis - frameNum 27, time 0.06908392906188965 s
2025-04-08 21:41:22,955 - [MainProcess:27178] mummi_ras.online.simulation:has_computed_enough:352 - INFO - runtime_hours*0.99 = 0.495 vs delta_time = 0.2047080467806922 (length 13.5 ns) False False
2025-04-08 21:41:24,959 - [MainProcess:27178] mummi_ras.online.simulation:has_computed_enough:352 - INFO - runtime_hours*0.99 = 0.495 vs delta_time = 0.2052647117111418 (length 13.5 ns) False False
2025-04-08 21:41:26,963 - [MainProcess:27178] mummi_ras.online.simulation:has_computed_enough:352 - INFO - runtime_hours*0.99 = 0.495 vs delta_time = 0.2058213124010298 (length 13.5 ns) False False
2025-04-08 21:41:28,966 - [MainProcess:27178] mummi_ras.online.simulation:has_computed_enough:352 - INFO - runtime_hours*0.99 = 0.495 vs delta_time = 0.20637791633605956 (length 13.5 ns) False False
2025-04-08 21:41:30,970 - [MainProcess:27178] mummi_ras.online.simulation:has_computed_enough:352 - INFO - runtime_hours*0.99 = 0.495 vs delta_time = 0.20693451239003074 (length 13.5 ns) False False
2025-04-08 21:41:32,974 - [MainProcess:27178] mummi_ras.online.simulation:has_computed_enough:352 - INFO - runtime_hours*0.99 = 0.495 vs delta_time = 0.20749110917250316 (length 13.5 ns) False False
2025-04-08 21:41:34,977 - [MainProcess:27178] mummi_ras.online.simulation:has_computed_enough:352 - INFO - runtime_hours*0.99 = 0.495 vs delta_time = 0.20804769330554537 (length 13.5 ns) False False
2025-04-08 21:41:36,981 - [MainProcess:27178] mummi_ras.online.simulation:has_computed_enough:352 - INFO - runtime_hours*0.99 = 0.495 vs delta_time = 0.20860428161091274 (length 13.5 ns) False False
2025-04-08 21:41:38,985 - [MainProcess:27178] mummi_ras.online.simulation:has_computed_enough:352 - INFO - runtime_hours*0.99 = 0.495 vs delta_time = 0.20916086733341216 (length 13.5 ns) False False
2025-04-08 21:41:40,989 - [MainProcess:27178] mummi_ras.online.simulation:has_computed_enough:352 - INFO - runtime_hours*0.99 = 0.495 vs delta_time = 0.20971746080451542 (length 13.5 ns) False False
2025-04-08 21:41:42,992 - [MainProcess:27178] mummi_ras.online.simulation:has_computed_enough:352 - INFO - runtime_hours*0.99 = 0.495 vs delta_time = 0.21027405546771155 (length 13.5 ns) False False
2025-04-08 21:41:44,996 - [MainProcess:27178] mummi_ras.online.simulation:has_computed_enough:352 - INFO - runtime_hours*0.99 = 0.495 vs delta_time = 0.2108306592040592 (length 13.5 ns) False False
2025-04-08 21:41:47,000 - [MainProcess:27178] mummi_ras.online.simulation:has_computed_enough:352 - INFO - runtime_hours*0.99 = 0.495 vs delta_time = 0.21138724671469794 (length 13.5 ns) False False
2025-04-08 21:41:47,182 - [MainProcess:27178] mummi_ras.online.simulation:get_new_frames:399 - INFO - Getting all frame numbers in trajectory from 28 to 28.
2025-04-08 21:41:47,182 - [MainProcess:27178] mummi_ras.online.cg.cganalysis:run_main_analysis:193 - INFO - Process frame 28
2025-04-08 21:41:47,182 - [MainProcess:27178] mummi_ras.online.cg.cganalysis:processFrame:554 - INFO - Load 29 frames: current frame ID /tmp/mummi/cg/structure_iter00_000000000002-20250408_212846/traj_comp.xtc
2025-04-08 21:41:47,189 - [MainProcess:27178] mummi_ras.online.cg.cganalysis:processFrame:580 - INFO - Frame:    28, Time: 14000.000 ps, Bbox = [0, 181.39899, 0, 181.39899]
2025-04-08 21:41:47,189 - [MainProcess:27178] mummi_ras.online.cg.cganalysis:processFrame:584 - INFO - Lengths of layers: 657 43 485
2025-04-08 21:41:47,249 - [MainProcess:27178] mummi_ras.online.cg.cganalysis:processFrame:765 - INFO - Time for analysis - frameNum 28, time 0.06691598892211914 s
2025-04-08 21:41:49,250 - [MainProcess:27178] mummi_ras.online.simulation:has_computed_enough:352 - INFO - runtime_hours*0.99 = 0.495 vs delta_time = 0.21201214770476023 (length 14.0 ns) False False
2025-04-08 21:41:51,253 - [MainProcess:27178] mummi_ras.online.simulation:has_computed_enough:352 - INFO - runtime_hours*0.99 = 0.495 vs delta_time = 0.21256878164079454 (length 14.0 ns) False False
2025-04-08 21:41:53,257 - [MainProcess:27178] mummi_ras.online.simulation:has_computed_enough:352 - INFO - runtime_hours*0.99 = 0.495 vs delta_time = 0.21312538345654805 (length 14.0 ns) False False
2025-04-08 21:41:55,261 - [MainProcess:27178] mummi_ras.online.simulation:has_computed_enough:352 - INFO - runtime_hours*0.99 = 0.495 vs delta_time = 0.21368197315269047 (length 14.0 ns) False False
2025-04-08 21:41:57,265 - [MainProcess:27178] mummi_ras.online.simulation:has_computed_enough:352 - INFO - runtime_hours*0.99 = 0.495 vs delta_time = 0.2142385380135642 (length 14.0 ns) False False
2025-04-08 21:41:59,268 - [MainProcess:27178] mummi_ras.online.simulation:has_computed_enough:352 - INFO - runtime_hours*0.99 = 0.495 vs delta_time = 0.2147951070467631 (length 14.0 ns) False False
2025-04-08 21:42:01,272 - [MainProcess:27178] mummi_ras.online.simulation:has_computed_enough:352 - INFO - runtime_hours*0.99 = 0.495 vs delta_time = 0.2153516725036833 (length 14.0 ns) False False
2025-04-08 21:42:03,275 - [MainProcess:27178] mummi_ras.online.simulation:has_computed_enough:352 - INFO - runtime_hours*0.99 = 0.495 vs delta_time = 0.21590823299354978 (length 14.0 ns) False False
2025-04-08 21:42:05,279 - [MainProcess:27178] mummi_ras.online.simulation:has_computed_enough:352 - INFO - runtime_hours*0.99 = 0.495 vs delta_time = 0.21646479460928175 (length 14.0 ns) False False
2025-04-08 21:42:07,283 - [MainProcess:27178] mummi_ras.online.simulation:has_computed_enough:352 - INFO - runtime_hours*0.99 = 0.495 vs delta_time = 0.2170213621854782 (length 14.0 ns) False False
2025-04-08 21:42:09,286 - [MainProcess:27178] mummi_ras.online.simulation:has_computed_enough:352 - INFO - runtime_hours*0.99 = 0.495 vs delta_time = 0.2175779225428899 (length 14.0 ns) False False
2025-04-08 21:42:11,290 - [MainProcess:27178] mummi_ras.online.simulation:has_computed_enough:352 - INFO - runtime_hours*0.99 = 0.495 vs delta_time = 0.21813448237048255 (length 14.0 ns) False False
2025-04-08 21:42:13,294 - [MainProcess:27178] mummi_ras.online.simulation:has_computed_enough:352 - INFO - runtime_hours*0.99 = 0.495 vs delta_time = 0.21869104743003845 (length 14.0 ns) False False
2025-04-08 21:42:15,297 - [MainProcess:27178] mummi_ras.online.simulation:has_computed_enough:352 - INFO - runtime_hours*0.99 = 0.495 vs delta_time = 0.21924760891331566 (length 14.0 ns) False False
2025-04-08 21:42:15,331 - [MainProcess:27178] mummi_ras.online.simulation:get_new_frames:399 - INFO - Getting all frame numbers in trajectory from 29 to 29.
2025-04-08 21:42:15,331 - [MainProcess:27178] mummi_ras.online.cg.cganalysis:run_main_analysis:193 - INFO - Process frame 29
2025-04-08 21:42:15,331 - [MainProcess:27178] mummi_ras.online.cg.cganalysis:processFrame:554 - INFO - Load 30 frames: current frame ID /tmp/mummi/cg/structure_iter00_000000000002-20250408_212846/traj_comp.xtc
2025-04-08 21:42:15,338 - [MainProcess:27178] mummi_ras.online.cg.cganalysis:processFrame:580 - INFO - Frame:    29, Time: 14500.000 ps, Bbox = [0, 181.74721, 0, 181.74721]
2025-04-08 21:42:15,338 - [MainProcess:27178] mummi_ras.online.cg.cganalysis:processFrame:584 - INFO - Lengths of layers: 653 39 493
2025-04-08 21:42:15,398 - [MainProcess:27178] mummi_ras.online.cg.cganalysis:processFrame:765 - INFO - Time for analysis - frameNum 29, time 0.06702327728271484 s
2025-04-08 21:42:17,399 - [MainProcess:27178] mummi_ras.online.simulation:has_computed_enough:352 - INFO - runtime_hours*0.99 = 0.495 vs delta_time = 0.21983140733506945 (length 14.5 ns) False False
2025-04-08 21:42:17,403 - [MainProcess:27178] mummi_ras.online.cg.cganalysis:processOutput:92 - INFO - Add feedback for frameNum 20 - state []
2025-04-08 21:42:17,403 - [MainProcess:27178] mummi_ras.online.cg.cganalysis:processOutput:92 - INFO - Add feedback for frameNum 21 - state []
2025-04-08 21:42:17,403 - [MainProcess:27178] mummi_ras.online.cg.cganalysis:processOutput:92 - INFO - Add feedback for frameNum 22 - state []
2025-04-08 21:42:17,403 - [MainProcess:27178] mummi_ras.online.cg.cganalysis:processOutput:92 - INFO - Add feedback for frameNum 23 - state []
2025-04-08 21:42:17,403 - [MainProcess:27178] mummi_ras.online.cg.cganalysis:processOutput:92 - INFO - Add feedback for frameNum 24 - state []
2025-04-08 21:42:17,403 - [MainProcess:27178] mummi_ras.online.cg.cganalysis:processOutput:92 - INFO - Add feedback for frameNum 25 - state []
2025-04-08 21:42:17,403 - [MainProcess:27178] mummi_ras.online.cg.cganalysis:processOutput:92 - INFO - Add feedback for frameNum 26 - state []
2025-04-08 21:42:17,404 - [MainProcess:27178] mummi_ras.online.cg.cganalysis:processOutput:92 - INFO - Add feedback for frameNum 27 - state []
2025-04-08 21:42:17,404 - [MainProcess:27178] mummi_ras.online.cg.cganalysis:processOutput:92 - INFO - Add feedback for frameNum 28 - state []
2025-04-08 21:42:17,404 - [MainProcess:27178] mummi_ras.online.cg.cganalysis:processOutput:92 - INFO - Add feedback for frameNum 29 - state []
2025-04-08 21:42:17,414 - [MainProcess:27178] mummi_core.interfaces.simple:_save_files:91 - INFO - Wrote 10 files to (/p/gpfs1/pottier1/minimummi-sc25/roots/root3/feedback-cg2ml/002)
2025-04-08 21:42:17,414 - [MainProcess:27178] mummi_ras.feedback.feedback_manager_cg2ml:report:118 - INFO - Added 10 frames (from structure_iter00_000000000002) to feedback (/p/gpfs1/pottier1/minimummi-sc25/roots/root3/feedback-cg2ml)
2025-04-08 21:42:17,414 - [MainProcess:27178] mummi_ras.online.cg.cganalysis:processOutput:112 - INFO - processOutput: 29
2025-04-08 21:42:17,414 - [MainProcess:27178] mummi_ras.online.cg.cganalysis:copyRemoteRestart:452 - INFO - Copy to remote frames [20, 21, 22, 23, 24, 25, 26, 27, 28, 29]
2025-04-08 21:42:17,481 - [MainProcess:27178] mummi_core.utils.utilities:sys_call:184 - INFO - Run command: rsync -va --no-g traj_comp.xtc topol.tpr state.cpt ener.edr md.log mdrun.log /p/gpfs1/pottier1/minimummi-sc25/roots/root3/sims-cg/structure_iter00_000000000002 || true
2025-04-08 21:42:17,780 - [MainProcess:27178] mummi_ras.interfaces.mummi:save_analysis_data:253 - INFO - Saved all analysis data for frames [20, 21, 22, 23, 24, 25, 26, 27, 28, 29]
2025-04-08 21:42:17,781 - [MainProcess:27178] mummi_ras.online.cg.cganalysis:copyRemoteLogs:350 - INFO - Copy over log files
2025-04-08 21:42:17,812 - [MainProcess:27178] mummi_core.utils.utilities:sys_call:184 - INFO - Run command: cp -r  /tmp/mummi/cg/structure_iter00_000000000002-20250408_212846/cg_analysis.out /tmp/mummi/cg/structure_iter00_000000000002-20250408_212846/traj_comp.xtc /tmp/mummi/cg/structure_iter00_000000000002-20250408_212846/*.log /p/gpfs1/pottier1/minimummi-sc25/roots/root3/sims-cg/structure_iter00_000000000002/ || true
2025-04-08 21:42:17,812 - [MainProcess:27178] mummi_ras.online.cg.cganalysis:copyRemoteLogs:365 - INFO - copyRemoteLogs =  /tmp/mummi/cg/structure_iter00_000000000002-20250408_212846/cg_analysis.out /tmp/mummi/cg/structure_iter00_000000000002-20250408_212846/traj_comp.xtc /tmp/mummi/cg/structure_iter00_000000000002-20250408_212846/*.log
2025-04-08 21:42:17,812 - [MainProcess:27178] mummi_ras.online.cg.cganalysis:cleanupLocal:375 - WARNING - Copy cleanup local only works for ddcMD files
2025-04-08 21:42:19,813 - [MainProcess:27178] mummi_ras.online.simulation:has_computed_enough:352 - INFO - runtime_hours*0.99 = 0.495 vs delta_time = 0.22050185508198208 (length 14.5 ns) False False
2025-04-08 21:42:21,819 - [MainProcess:27178] mummi_ras.online.simulation:has_computed_enough:352 - INFO - runtime_hours*0.99 = 0.495 vs delta_time = 0.22105922096305422 (length 14.5 ns) False False
2025-04-08 21:42:23,825 - [MainProcess:27178] mummi_ras.online.simulation:has_computed_enough:352 - INFO - runtime_hours*0.99 = 0.495 vs delta_time = 0.2216164803504944 (length 14.5 ns) False False
2025-04-08 21:42:25,832 - [MainProcess:27178] mummi_ras.online.simulation:has_computed_enough:352 - INFO - runtime_hours*0.99 = 0.495 vs delta_time = 0.22217384821838804 (length 14.5 ns) False False
2025-04-08 21:42:27,838 - [MainProcess:27178] mummi_ras.online.simulation:has_computed_enough:352 - INFO - runtime_hours*0.99 = 0.495 vs delta_time = 0.2227312167485555 (length 14.5 ns) False False
2025-04-08 21:42:29,844 - [MainProcess:27178] mummi_ras.online.simulation:has_computed_enough:352 - INFO - runtime_hours*0.99 = 0.495 vs delta_time = 0.22328850342167747 (length 14.5 ns) False False
2025-04-08 21:42:31,851 - [MainProcess:27178] mummi_ras.online.simulation:has_computed_enough:352 - INFO - runtime_hours*0.99 = 0.495 vs delta_time = 0.22384583049350315 (length 14.5 ns) False False
2025-04-08 21:42:33,857 - [MainProcess:27178] mummi_ras.online.simulation:has_computed_enough:352 - INFO - runtime_hours*0.99 = 0.495 vs delta_time = 0.2244031912750668 (length 14.5 ns) False False
2025-04-08 21:42:35,864 - [MainProcess:27178] mummi_ras.online.simulation:has_computed_enough:352 - INFO - runtime_hours*0.99 = 0.495 vs delta_time = 0.22496052271789974 (length 14.5 ns) False False
2025-04-08 21:42:37,870 - [MainProcess:27178] mummi_ras.online.simulation:has_computed_enough:352 - INFO - runtime_hours*0.99 = 0.495 vs delta_time = 0.22551778740353054 (length 14.5 ns) False False
2025-04-08 21:42:39,876 - [MainProcess:27178] mummi_ras.online.simulation:has_computed_enough:352 - INFO - runtime_hours*0.99 = 0.495 vs delta_time = 0.2260751446750429 (length 14.5 ns) False False
2025-04-08 21:42:41,883 - [MainProcess:27178] mummi_ras.online.simulation:has_computed_enough:352 - INFO - runtime_hours*0.99 = 0.495 vs delta_time = 0.22663250863552092 (length 14.5 ns) False False
2025-04-08 21:42:41,936 - [MainProcess:27178] mummi_ras.online.simulation:get_new_frames:399 - INFO - Getting all frame numbers in trajectory from 30 to 30.
2025-04-08 21:42:41,936 - [MainProcess:27178] mummi_ras.online.cg.cganalysis:run_main_analysis:193 - INFO - Process frame 30
2025-04-08 21:42:41,937 - [MainProcess:27178] mummi_ras.online.cg.cganalysis:processFrame:554 - INFO - Load 31 frames: current frame ID /tmp/mummi/cg/structure_iter00_000000000002-20250408_212846/traj_comp.xtc
2025-04-08 21:42:41,948 - [MainProcess:27178] mummi_ras.online.cg.cganalysis:processFrame:580 - INFO - Frame:    30, Time: 15000.000 ps, Bbox = [0, 180.81764, 0, 180.81764]
2025-04-08 21:42:41,948 - [MainProcess:27178] mummi_ras.online.cg.cganalysis:processFrame:584 - INFO - Lengths of layers: 657 34 494
2025-04-08 21:42:42,050 - [MainProcess:27178] mummi_ras.online.cg.cganalysis:processFrame:765 - INFO - Time for analysis - frameNum 30, time 0.11359214782714844 s
2025-04-08 21:42:44,051 - [MainProcess:27178] mummi_ras.online.simulation:has_computed_enough:352 - INFO - runtime_hours*0.99 = 0.495 vs delta_time = 0.22723469999101426 (length 15.0 ns) False False
2025-04-08 21:42:46,057 - [MainProcess:27178] mummi_ras.online.simulation:has_computed_enough:352 - INFO - runtime_hours*0.99 = 0.495 vs delta_time = 0.22779211514525943 (length 15.0 ns) False False
2025-04-08 21:42:48,064 - [MainProcess:27178] mummi_ras.online.simulation:has_computed_enough:352 - INFO - runtime_hours*0.99 = 0.495 vs delta_time = 0.2283494906955295 (length 15.0 ns) False False
2025-04-08 21:42:50,070 - [MainProcess:27178] mummi_ras.online.simulation:has_computed_enough:352 - INFO - runtime_hours*0.99 = 0.495 vs delta_time = 0.22890678485234578 (length 15.0 ns) False False
2025-04-08 21:42:52,077 - [MainProcess:27178] mummi_ras.online.simulation:has_computed_enough:352 - INFO - runtime_hours*0.99 = 0.495 vs delta_time = 0.22946412722269693 (length 15.0 ns) False False
2025-04-08 21:42:54,083 - [MainProcess:27178] mummi_ras.online.simulation:has_computed_enough:352 - INFO - runtime_hours*0.99 = 0.495 vs delta_time = 0.23002147244082558 (length 15.0 ns) False False
2025-04-08 21:42:56,090 - [MainProcess:27178] mummi_ras.online.simulation:has_computed_enough:352 - INFO - runtime_hours*0.99 = 0.495 vs delta_time = 0.23057882454660203 (length 15.0 ns) False False
2025-04-08 21:42:58,096 - [MainProcess:27178] mummi_ras.online.simulation:has_computed_enough:352 - INFO - runtime_hours*0.99 = 0.495 vs delta_time = 0.23113612009419335 (length 15.0 ns) False False
2025-04-08 21:43:00,102 - [MainProcess:27178] mummi_ras.online.simulation:has_computed_enough:352 - INFO - runtime_hours*0.99 = 0.495 vs delta_time = 0.23169350855880314 (length 15.0 ns) False False
2025-04-08 21:43:02,109 - [MainProcess:27178] mummi_ras.online.simulation:has_computed_enough:352 - INFO - runtime_hours*0.99 = 0.495 vs delta_time = 0.232250863843494 (length 15.0 ns) False False
2025-04-08 21:43:04,115 - [MainProcess:27178] mummi_ras.online.simulation:has_computed_enough:352 - INFO - runtime_hours*0.99 = 0.495 vs delta_time = 0.23280811144245994 (length 15.0 ns) False False
2025-04-08 21:43:06,122 - [MainProcess:27178] mummi_ras.online.simulation:has_computed_enough:352 - INFO - runtime_hours*0.99 = 0.495 vs delta_time = 0.23336546738942465 (length 15.0 ns) False False
2025-04-08 21:43:08,128 - [MainProcess:27178] mummi_ras.online.simulation:has_computed_enough:352 - INFO - runtime_hours*0.99 = 0.495 vs delta_time = 0.23392283346917894 (length 15.0 ns) False False
2025-04-08 21:43:08,180 - [MainProcess:27178] mummi_ras.online.simulation:get_new_frames:399 - INFO - Getting all frame numbers in trajectory from 31 to 31.
2025-04-08 21:43:08,180 - [MainProcess:27178] mummi_ras.online.cg.cganalysis:run_main_analysis:193 - INFO - Process frame 31
2025-04-08 21:43:08,180 - [MainProcess:27178] mummi_ras.online.cg.cganalysis:processFrame:554 - INFO - Load 32 frames: current frame ID /tmp/mummi/cg/structure_iter00_000000000002-20250408_212846/traj_comp.xtc
2025-04-08 21:43:08,191 - [MainProcess:27178] mummi_ras.online.cg.cganalysis:processFrame:580 - INFO - Frame:    31, Time: 15500.000 ps, Bbox = [0, 180.25342, 0, 180.25342]
2025-04-08 21:43:08,191 - [MainProcess:27178] mummi_ras.online.cg.cganalysis:processFrame:584 - INFO - Lengths of layers: 659 34 492
2025-04-08 21:43:08,294 - [MainProcess:27178] mummi_ras.online.cg.cganalysis:processFrame:765 - INFO - Time for analysis - frameNum 31, time 0.11375617980957031 s
2025-04-08 21:43:10,294 - [MainProcess:27178] mummi_ras.online.simulation:has_computed_enough:352 - INFO - runtime_hours*0.99 = 0.495 vs delta_time = 0.2345245013634364 (length 15.5 ns) False False
2025-04-08 21:43:12,301 - [MainProcess:27178] mummi_ras.online.simulation:has_computed_enough:352 - INFO - runtime_hours*0.99 = 0.495 vs delta_time = 0.2350819112857183 (length 15.5 ns) False False
2025-04-08 21:43:14,307 - [MainProcess:27178] mummi_ras.online.simulation:has_computed_enough:352 - INFO - runtime_hours*0.99 = 0.495 vs delta_time = 0.2356392413377762 (length 15.5 ns) False False
2025-04-08 21:43:16,313 - [MainProcess:27178] mummi_ras.online.simulation:has_computed_enough:352 - INFO - runtime_hours*0.99 = 0.495 vs delta_time = 0.2361965129772822 (length 15.5 ns) False False
2025-04-08 21:43:18,320 - [MainProcess:27178] mummi_ras.online.simulation:has_computed_enough:352 - INFO - runtime_hours*0.99 = 0.495 vs delta_time = 0.23675386243396335 (length 15.5 ns) False False
2025-04-08 21:43:20,326 - [MainProcess:27178] mummi_ras.online.simulation:has_computed_enough:352 - INFO - runtime_hours*0.99 = 0.495 vs delta_time = 0.23731121745374467 (length 15.5 ns) False False
2025-04-08 21:43:22,332 - [MainProcess:27178] mummi_ras.online.simulation:has_computed_enough:352 - INFO - runtime_hours*0.99 = 0.495 vs delta_time = 0.23786849326557583 (length 15.5 ns) False False
2025-04-08 21:43:24,339 - [MainProcess:27178] mummi_ras.online.simulation:has_computed_enough:352 - INFO - runtime_hours*0.99 = 0.495 vs delta_time = 0.2384258657693863 (length 15.5 ns) False False
2025-04-08 21:43:26,345 - [MainProcess:27178] mummi_ras.online.simulation:has_computed_enough:352 - INFO - runtime_hours*0.99 = 0.495 vs delta_time = 0.2389832435713874 (length 15.5 ns) False False
2025-04-08 21:43:28,352 - [MainProcess:27178] mummi_ras.online.simulation:has_computed_enough:352 - INFO - runtime_hours*0.99 = 0.495 vs delta_time = 0.23954052448272706 (length 15.5 ns) False False
2025-04-08 21:43:30,358 - [MainProcess:27178] mummi_ras.online.simulation:has_computed_enough:352 - INFO - runtime_hours*0.99 = 0.495 vs delta_time = 0.24009787758191425 (length 15.5 ns) False False
2025-04-08 21:43:32,365 - [MainProcess:27178] mummi_ras.online.simulation:has_computed_enough:352 - INFO - runtime_hours*0.99 = 0.495 vs delta_time = 0.24065522816446092 (length 15.5 ns) False False
2025-04-08 21:43:34,371 - [MainProcess:27178] mummi_ras.online.simulation:has_computed_enough:352 - INFO - runtime_hours*0.99 = 0.495 vs delta_time = 0.24121251907613542 (length 15.5 ns) False False
2025-04-08 21:43:36,377 - [MainProcess:27178] mummi_ras.online.simulation:has_computed_enough:352 - INFO - runtime_hours*0.99 = 0.495 vs delta_time = 0.24176985058519576 (length 15.5 ns) False False
2025-04-08 21:43:36,431 - [MainProcess:27178] mummi_ras.online.simulation:get_new_frames:399 - INFO - Getting all frame numbers in trajectory from 32 to 32.
2025-04-08 21:43:36,431 - [MainProcess:27178] mummi_ras.online.cg.cganalysis:run_main_analysis:193 - INFO - Process frame 32
2025-04-08 21:43:36,431 - [MainProcess:27178] mummi_ras.online.cg.cganalysis:processFrame:554 - INFO - Load 33 frames: current frame ID /tmp/mummi/cg/structure_iter00_000000000002-20250408_212846/traj_comp.xtc
2025-04-08 21:43:36,442 - [MainProcess:27178] mummi_ras.online.cg.cganalysis:processFrame:580 - INFO - Frame:    32, Time: 16000.000 ps, Bbox = [0, 180.3703, 0, 180.3703]
2025-04-08 21:43:36,442 - [MainProcess:27178] mummi_ras.online.cg.cganalysis:processFrame:584 - INFO - Lengths of layers: 660 34 491
2025-04-08 21:43:36,545 - [MainProcess:27178] mummi_ras.online.cg.cganalysis:processFrame:765 - INFO - Time for analysis - frameNum 32, time 0.11391282081604004 s
2025-04-08 21:43:38,545 - [MainProcess:27178] mummi_ras.online.simulation:has_computed_enough:352 - INFO - runtime_hours*0.99 = 0.495 vs delta_time = 0.2423720681667328 (length 16.0 ns) False False
2025-04-08 21:43:40,552 - [MainProcess:27178] mummi_ras.online.simulation:has_computed_enough:352 - INFO - runtime_hours*0.99 = 0.495 vs delta_time = 0.24292944391568502 (length 16.0 ns) False False
2025-04-08 21:43:42,558 - [MainProcess:27178] mummi_ras.online.simulation:has_computed_enough:352 - INFO - runtime_hours*0.99 = 0.495 vs delta_time = 0.24348679959774017 (length 16.0 ns) False False
2025-04-08 21:43:44,564 - [MainProcess:27178] mummi_ras.online.simulation:has_computed_enough:352 - INFO - runtime_hours*0.99 = 0.495 vs delta_time = 0.24404405746195051 (length 16.0 ns) False False
2025-04-08 21:43:46,571 - [MainProcess:27178] mummi_ras.online.simulation:has_computed_enough:352 - INFO - runtime_hours*0.99 = 0.495 vs delta_time = 0.24460141963428922 (length 16.0 ns) False False
2025-04-08 21:43:48,577 - [MainProcess:27178] mummi_ras.online.simulation:has_computed_enough:352 - INFO - runtime_hours*0.99 = 0.495 vs delta_time = 0.24515877995226118 (length 16.0 ns) False False
2025-04-08 21:43:50,584 - [MainProcess:27178] mummi_ras.online.simulation:has_computed_enough:352 - INFO - runtime_hours*0.99 = 0.495 vs delta_time = 0.24571608589755164 (length 16.0 ns) False False
2025-04-08 21:43:52,590 - [MainProcess:27178] mummi_ras.online.simulation:has_computed_enough:352 - INFO - runtime_hours*0.99 = 0.495 vs delta_time = 0.24627339601516723 (length 16.0 ns) False False
2025-04-08 21:43:54,597 - [MainProcess:27178] mummi_ras.online.simulation:has_computed_enough:352 - INFO - runtime_hours*0.99 = 0.495 vs delta_time = 0.2468307520283593 (length 16.0 ns) False False
2025-04-08 21:43:56,603 - [MainProcess:27178] mummi_ras.online.simulation:has_computed_enough:352 - INFO - runtime_hours*0.99 = 0.495 vs delta_time = 0.24738809439871046 (length 16.0 ns) False False
2025-04-08 21:43:58,609 - [MainProcess:27178] mummi_ras.online.simulation:has_computed_enough:352 - INFO - runtime_hours*0.99 = 0.495 vs delta_time = 0.24794524974293178 (length 16.0 ns) False False
2025-04-08 21:44:00,615 - [MainProcess:27178] mummi_ras.online.simulation:has_computed_enough:352 - INFO - runtime_hours*0.99 = 0.495 vs delta_time = 0.2485026329755783 (length 16.0 ns) False False
2025-04-08 21:44:02,622 - [MainProcess:27178] mummi_ras.online.simulation:has_computed_enough:352 - INFO - runtime_hours*0.99 = 0.495 vs delta_time = 0.2490599978632397 (length 16.0 ns) False False
2025-04-08 21:44:02,675 - [MainProcess:27178] mummi_ras.online.simulation:get_new_frames:399 - INFO - Getting all frame numbers in trajectory from 33 to 33.
2025-04-08 21:44:02,675 - [MainProcess:27178] mummi_ras.online.cg.cganalysis:run_main_analysis:193 - INFO - Process frame 33
2025-04-08 21:44:02,675 - [MainProcess:27178] mummi_ras.online.cg.cganalysis:processFrame:554 - INFO - Load 34 frames: current frame ID /tmp/mummi/cg/structure_iter00_000000000002-20250408_212846/traj_comp.xtc
2025-04-08 21:44:02,686 - [MainProcess:27178] mummi_ras.online.cg.cganalysis:processFrame:580 - INFO - Frame:    33, Time: 16500.000 ps, Bbox = [0, 180.99458, 0, 180.99458]
2025-04-08 21:44:02,686 - [MainProcess:27178] mummi_ras.online.cg.cganalysis:processFrame:584 - INFO - Lengths of layers: 661 29 495
2025-04-08 21:44:02,789 - [MainProcess:27178] mummi_ras.online.cg.cganalysis:processFrame:765 - INFO - Time for analysis - frameNum 33, time 0.11400914192199707 s
2025-04-08 21:44:04,790 - [MainProcess:27178] mummi_ras.online.simulation:has_computed_enough:352 - INFO - runtime_hours*0.99 = 0.495 vs delta_time = 0.24966216100586786 (length 16.5 ns) False False
2025-04-08 21:44:06,796 - [MainProcess:27178] mummi_ras.online.simulation:has_computed_enough:352 - INFO - runtime_hours*0.99 = 0.495 vs delta_time = 0.25021960510147945 (length 16.5 ns) False False
2025-04-08 21:44:08,803 - [MainProcess:27178] mummi_ras.online.simulation:has_computed_enough:352 - INFO - runtime_hours*0.99 = 0.495 vs delta_time = 0.2507769809828864 (length 16.5 ns) False False
2025-04-08 21:44:10,809 - [MainProcess:27178] mummi_ras.online.simulation:has_computed_enough:352 - INFO - runtime_hours*0.99 = 0.495 vs delta_time = 0.2513342863983578 (length 16.5 ns) False False
2025-04-08 21:44:12,815 - [MainProcess:27178] mummi_ras.online.simulation:has_computed_enough:352 - INFO - runtime_hours*0.99 = 0.495 vs delta_time = 0.2518914825386471 (length 16.5 ns) False False
2025-04-08 21:44:14,822 - [MainProcess:27178] mummi_ras.online.simulation:has_computed_enough:352 - INFO - runtime_hours*0.99 = 0.495 vs delta_time = 0.2524488339159224 (length 16.5 ns) False False
2025-04-08 21:44:16,828 - [MainProcess:27178] mummi_ras.online.simulation:has_computed_enough:352 - INFO - runtime_hours*0.99 = 0.495 vs delta_time = 0.2530061896642049 (length 16.5 ns) False False
2025-04-08 21:44:18,835 - [MainProcess:27178] mummi_ras.online.simulation:has_computed_enough:352 - INFO - runtime_hours*0.99 = 0.495 vs delta_time = 0.2535635366042455 (length 16.5 ns) False False
2025-04-08 21:44:20,841 - [MainProcess:27178] mummi_ras.online.simulation:has_computed_enough:352 - INFO - runtime_hours*0.99 = 0.495 vs delta_time = 0.2541208130121231 (length 16.5 ns) False False
2025-04-08 21:44:22,847 - [MainProcess:27178] mummi_ras.online.simulation:has_computed_enough:352 - INFO - runtime_hours*0.99 = 0.495 vs delta_time = 0.2546781329313914 (length 16.5 ns) False False
2025-04-08 21:44:24,854 - [MainProcess:27178] mummi_ras.online.simulation:has_computed_enough:352 - INFO - runtime_hours*0.99 = 0.495 vs delta_time = 0.2552354963620504 (length 16.5 ns) False False
2025-04-08 21:44:26,860 - [MainProcess:27178] mummi_ras.online.simulation:has_computed_enough:352 - INFO - runtime_hours*0.99 = 0.495 vs delta_time = 0.2557928419113159 (length 16.5 ns) False False
2025-04-08 21:44:28,866 - [MainProcess:27178] mummi_ras.online.simulation:has_computed_enough:352 - INFO - runtime_hours*0.99 = 0.495 vs delta_time = 0.2563500961992476 (length 16.5 ns) False False
2025-04-08 21:44:30,873 - [MainProcess:27178] mummi_ras.online.simulation:has_computed_enough:352 - INFO - runtime_hours*0.99 = 0.495 vs delta_time = 0.25690744313928815 (length 16.5 ns) False False
2025-04-08 21:44:30,925 - [MainProcess:27178] mummi_ras.online.simulation:get_new_frames:399 - INFO - Getting all frame numbers in trajectory from 34 to 34.
2025-04-08 21:44:30,925 - [MainProcess:27178] mummi_ras.online.cg.cganalysis:run_main_analysis:193 - INFO - Process frame 34
2025-04-08 21:44:30,925 - [MainProcess:27178] mummi_ras.online.cg.cganalysis:processFrame:554 - INFO - Load 35 frames: current frame ID /tmp/mummi/cg/structure_iter00_000000000002-20250408_212846/traj_comp.xtc
2025-04-08 21:44:30,937 - [MainProcess:27178] mummi_ras.online.cg.cganalysis:processFrame:580 - INFO - Frame:    34, Time: 17000.000 ps, Bbox = [0, 180.13033, 0, 180.13033]
2025-04-08 21:44:30,937 - [MainProcess:27178] mummi_ras.online.cg.cganalysis:processFrame:584 - INFO - Lengths of layers: 658 39 488
2025-04-08 21:44:31,040 - [MainProcess:27178] mummi_ras.online.cg.cganalysis:processFrame:765 - INFO - Time for analysis - frameNum 34, time 0.11405587196350098 s
2025-04-08 21:44:33,040 - [MainProcess:27178] mummi_ras.online.simulation:has_computed_enough:352 - INFO - runtime_hours*0.99 = 0.495 vs delta_time = 0.25750948713885413 (length 17.0 ns) False False
2025-04-08 21:44:35,047 - [MainProcess:27178] mummi_ras.online.simulation:has_computed_enough:352 - INFO - runtime_hours*0.99 = 0.495 vs delta_time = 0.2580668665965398 (length 17.0 ns) False False
2025-04-08 21:44:37,053 - [MainProcess:27178] mummi_ras.online.simulation:has_computed_enough:352 - INFO - runtime_hours*0.99 = 0.495 vs delta_time = 0.2586242098940743 (length 17.0 ns) False False
2025-04-08 21:44:39,059 - [MainProcess:27178] mummi_ras.online.simulation:has_computed_enough:352 - INFO - runtime_hours*0.99 = 0.495 vs delta_time = 0.2591815745168262 (length 17.0 ns) False False
2025-04-08 21:44:41,066 - [MainProcess:27178] mummi_ras.online.simulation:has_computed_enough:352 - INFO - runtime_hours*0.99 = 0.495 vs delta_time = 0.25973884463310243 (length 17.0 ns) False False
2025-04-08 21:44:43,072 - [MainProcess:27178] mummi_ras.online.simulation:has_computed_enough:352 - INFO - runtime_hours*0.99 = 0.495 vs delta_time = 0.2602961544195811 (length 17.0 ns) False False
2025-04-08 21:44:45,078 - [MainProcess:27178] mummi_ras.online.simulation:has_computed_enough:352 - INFO - runtime_hours*0.99 = 0.495 vs delta_time = 0.2608535187774234 (length 17.0 ns) False False
2025-04-08 21:44:47,085 - [MainProcess:27178] mummi_ras.online.simulation:has_computed_enough:352 - INFO - runtime_hours*0.99 = 0.495 vs delta_time = 0.2614108486970266 (length 17.0 ns) False False
2025-04-08 21:44:49,091 - [MainProcess:27178] mummi_ras.online.simulation:has_computed_enough:352 - INFO - runtime_hours*0.99 = 0.495 vs delta_time = 0.2619681191444397 (length 17.0 ns) False False
2025-04-08 21:44:51,097 - [MainProcess:27178] mummi_ras.online.simulation:has_computed_enough:352 - INFO - runtime_hours*0.99 = 0.495 vs delta_time = 0.2625254513157739 (length 17.0 ns) False False
2025-04-08 21:44:53,104 - [MainProcess:27178] mummi_ras.online.simulation:has_computed_enough:352 - INFO - runtime_hours*0.99 = 0.495 vs delta_time = 0.26308283090591433 (length 17.0 ns) False False
2025-04-08 21:44:55,110 - [MainProcess:27178] mummi_ras.online.simulation:has_computed_enough:352 - INFO - runtime_hours*0.99 = 0.495 vs delta_time = 0.2636401603619258 (length 17.0 ns) False False
2025-04-08 21:44:57,116 - [MainProcess:27178] mummi_ras.online.simulation:has_computed_enough:352 - INFO - runtime_hours*0.99 = 0.495 vs delta_time = 0.2641973999473784 (length 17.0 ns) False False
2025-04-08 21:44:57,175 - [MainProcess:27178] mummi_ras.online.simulation:get_new_frames:399 - INFO - Getting all frame numbers in trajectory from 35 to 35.
2025-04-08 21:44:57,175 - [MainProcess:27178] mummi_ras.online.cg.cganalysis:run_main_analysis:193 - INFO - Process frame 35
2025-04-08 21:44:57,175 - [MainProcess:27178] mummi_ras.online.cg.cganalysis:processFrame:554 - INFO - Load 36 frames: current frame ID /tmp/mummi/cg/structure_iter00_000000000002-20250408_212846/traj_comp.xtc
2025-04-08 21:44:57,186 - [MainProcess:27178] mummi_ras.online.cg.cganalysis:processFrame:580 - INFO - Frame:    35, Time: 17500.000 ps, Bbox = [0, 180.20415, 0, 180.20415]
2025-04-08 21:44:57,187 - [MainProcess:27178] mummi_ras.online.cg.cganalysis:processFrame:584 - INFO - Lengths of layers: 659 37 489
2025-04-08 21:44:57,289 - [MainProcess:27178] mummi_ras.online.cg.cganalysis:processFrame:765 - INFO - Time for analysis - frameNum 35, time 0.11365914344787598 s
2025-04-08 21:44:59,289 - [MainProcess:27178] mummi_ras.online.simulation:has_computed_enough:352 - INFO - runtime_hours*0.99 = 0.495 vs delta_time = 0.2648010085026423 (length 17.5 ns) False False
2025-04-08 21:45:01,296 - [MainProcess:27178] mummi_ras.online.simulation:has_computed_enough:352 - INFO - runtime_hours*0.99 = 0.495 vs delta_time = 0.26535835021071963 (length 17.5 ns) False False
2025-04-08 21:45:03,302 - [MainProcess:27178] mummi_ras.online.simulation:has_computed_enough:352 - INFO - runtime_hours*0.99 = 0.495 vs delta_time = 0.26591570728354985 (length 17.5 ns) False False
2025-04-08 21:45:05,309 - [MainProcess:27178] mummi_ras.online.simulation:has_computed_enough:352 - INFO - runtime_hours*0.99 = 0.495 vs delta_time = 0.2664730538924535 (length 17.5 ns) False False
2025-04-08 21:45:07,315 - [MainProcess:27178] mummi_ras.online.simulation:has_computed_enough:352 - INFO - runtime_hours*0.99 = 0.495 vs delta_time = 0.267030433482594 (length 17.5 ns) False False
2025-04-08 21:45:09,322 - [MainProcess:27178] mummi_ras.online.simulation:has_computed_enough:352 - INFO - runtime_hours*0.99 = 0.495 vs delta_time = 0.2675877063804203 (length 17.5 ns) False False
2025-04-08 21:45:11,328 - [MainProcess:27178] mummi_ras.online.simulation:has_computed_enough:352 - INFO - runtime_hours*0.99 = 0.495 vs delta_time = 0.2681451075606876 (length 17.5 ns) False False
2025-04-08 21:45:13,335 - [MainProcess:27178] mummi_ras.online.simulation:has_computed_enough:352 - INFO - runtime_hours*0.99 = 0.495 vs delta_time = 0.2687024772167206 (length 17.5 ns) False False
2025-04-08 21:45:15,341 - [MainProcess:27178] mummi_ras.online.simulation:has_computed_enough:352 - INFO - runtime_hours*0.99 = 0.495 vs delta_time = 0.26925975375705297 (length 17.5 ns) False False
2025-04-08 21:45:17,347 - [MainProcess:27178] mummi_ras.online.simulation:has_computed_enough:352 - INFO - runtime_hours*0.99 = 0.495 vs delta_time = 0.2698169979784224 (length 17.5 ns) False False
2025-04-08 21:45:19,353 - [MainProcess:27178] mummi_ras.online.simulation:has_computed_enough:352 - INFO - runtime_hours*0.99 = 0.495 vs delta_time = 0.2703743540578418 (length 17.5 ns) False False
2025-04-08 21:45:21,360 - [MainProcess:27178] mummi_ras.online.simulation:has_computed_enough:352 - INFO - runtime_hours*0.99 = 0.495 vs delta_time = 0.27093172166082596 (length 17.5 ns) False False
2025-04-08 21:45:23,367 - [MainProcess:27178] mummi_ras.online.simulation:has_computed_enough:352 - INFO - runtime_hours*0.99 = 0.495 vs delta_time = 0.2714890795946121 (length 17.5 ns) False False
2025-04-08 21:45:25,373 - [MainProcess:27178] mummi_ras.online.simulation:has_computed_enough:352 - INFO - runtime_hours*0.99 = 0.495 vs delta_time = 0.272046351035436 (length 17.5 ns) False False
2025-04-08 21:45:25,425 - [MainProcess:27178] mummi_ras.online.simulation:get_new_frames:399 - INFO - Getting all frame numbers in trajectory from 36 to 36.
2025-04-08 21:45:25,425 - [MainProcess:27178] mummi_ras.online.cg.cganalysis:run_main_analysis:193 - INFO - Process frame 36
2025-04-08 21:45:25,425 - [MainProcess:27178] mummi_ras.online.cg.cganalysis:processFrame:554 - INFO - Load 37 frames: current frame ID /tmp/mummi/cg/structure_iter00_000000000002-20250408_212846/traj_comp.xtc
2025-04-08 21:45:25,437 - [MainProcess:27178] mummi_ras.online.cg.cganalysis:processFrame:580 - INFO - Frame:    36, Time: 18000.000 ps, Bbox = [0, 181.58812, 0, 181.58812]
2025-04-08 21:45:25,437 - [MainProcess:27178] mummi_ras.online.cg.cganalysis:processFrame:584 - INFO - Lengths of layers: 660 33 492
2025-04-08 21:45:25,539 - [MainProcess:27178] mummi_ras.online.cg.cganalysis:processFrame:765 - INFO - Time for analysis - frameNum 36, time 0.11383795738220215 s
2025-04-08 21:45:27,540 - [MainProcess:27178] mummi_ras.online.simulation:has_computed_enough:352 - INFO - runtime_hours*0.99 = 0.495 vs delta_time = 0.272648337814543 (length 18.0 ns) False False
2025-04-08 21:45:29,546 - [MainProcess:27178] mummi_ras.online.simulation:has_computed_enough:352 - INFO - runtime_hours*0.99 = 0.495 vs delta_time = 0.2732057273387909 (length 18.0 ns) False False
2025-04-08 21:45:31,552 - [MainProcess:27178] mummi_ras.online.simulation:has_computed_enough:352 - INFO - runtime_hours*0.99 = 0.495 vs delta_time = 0.27376294599639045 (length 18.0 ns) False False
2025-04-08 21:45:33,559 - [MainProcess:27178] mummi_ras.online.simulation:has_computed_enough:352 - INFO - runtime_hours*0.99 = 0.495 vs delta_time = 0.27432030684418146 (length 18.0 ns) False False
2025-04-08 21:45:35,565 - [MainProcess:27178] mummi_ras.online.simulation:has_computed_enough:352 - INFO - runtime_hours*0.99 = 0.495 vs delta_time = 0.2748776737186644 (length 18.0 ns) False False
2025-04-08 21:45:37,572 - [MainProcess:27178] mummi_ras.online.simulation:has_computed_enough:352 - INFO - runtime_hours*0.99 = 0.495 vs delta_time = 0.27543494297398463 (length 18.0 ns) False False
2025-04-08 21:45:39,578 - [MainProcess:27178] mummi_ras.online.simulation:has_computed_enough:352 - INFO - runtime_hours*0.99 = 0.495 vs delta_time = 0.2759922671318054 (length 18.0 ns) False False
2025-04-08 21:45:41,584 - [MainProcess:27178] mummi_ras.online.simulation:has_computed_enough:352 - INFO - runtime_hours*0.99 = 0.495 vs delta_time = 0.2765496253967285 (length 18.0 ns) False False
2025-04-08 21:45:43,591 - [MainProcess:27178] mummi_ras.online.simulation:has_computed_enough:352 - INFO - runtime_hours*0.99 = 0.495 vs delta_time = 0.2771069523360994 (length 18.0 ns) False False
2025-04-08 21:45:45,597 - [MainProcess:27178] mummi_ras.online.simulation:has_computed_enough:352 - INFO - runtime_hours*0.99 = 0.495 vs delta_time = 0.277664217154185 (length 18.0 ns) False False
2025-04-08 21:45:47,603 - [MainProcess:27178] mummi_ras.online.simulation:has_computed_enough:352 - INFO - runtime_hours*0.99 = 0.495 vs delta_time = 0.27822154257032605 (length 18.0 ns) False False
2025-04-08 21:45:49,610 - [MainProcess:27178] mummi_ras.online.simulation:has_computed_enough:352 - INFO - runtime_hours*0.99 = 0.495 vs delta_time = 0.27877890765666963 (length 18.0 ns) False False
2025-04-08 21:45:51,616 - [MainProcess:27178] mummi_ras.online.simulation:has_computed_enough:352 - INFO - runtime_hours*0.99 = 0.495 vs delta_time = 0.27933622896671295 (length 18.0 ns) False False
2025-04-08 21:45:51,668 - [MainProcess:27178] mummi_ras.online.simulation:get_new_frames:399 - INFO - Getting all frame numbers in trajectory from 37 to 37.
2025-04-08 21:45:51,668 - [MainProcess:27178] mummi_ras.online.cg.cganalysis:run_main_analysis:193 - INFO - Process frame 37
2025-04-08 21:45:51,668 - [MainProcess:27178] mummi_ras.online.cg.cganalysis:processFrame:554 - INFO - Load 38 frames: current frame ID /tmp/mummi/cg/structure_iter00_000000000002-20250408_212846/traj_comp.xtc
2025-04-08 21:45:51,679 - [MainProcess:27178] mummi_ras.online.cg.cganalysis:processFrame:580 - INFO - Frame:    37, Time: 18500.000 ps, Bbox = [0, 181.20024, 0, 181.20024]
2025-04-08 21:45:51,679 - [MainProcess:27178] mummi_ras.online.cg.cganalysis:processFrame:584 - INFO - Lengths of layers: 660 34 491
2025-04-08 21:45:51,782 - [MainProcess:27178] mummi_ras.online.cg.cganalysis:processFrame:765 - INFO - Time for analysis - frameNum 37, time 0.1139211654663086 s
2025-04-08 21:45:53,782 - [MainProcess:27178] mummi_ras.online.simulation:has_computed_enough:352 - INFO - runtime_hours*0.99 = 0.495 vs delta_time = 0.2799378869930903 (length 18.5 ns) False False
2025-04-08 21:45:55,789 - [MainProcess:27178] mummi_ras.online.simulation:has_computed_enough:352 - INFO - runtime_hours*0.99 = 0.495 vs delta_time = 0.28049532035986585 (length 18.5 ns) False False
2025-04-08 21:45:57,796 - [MainProcess:27178] mummi_ras.online.simulation:has_computed_enough:352 - INFO - runtime_hours*0.99 = 0.495 vs delta_time = 0.2810526974333657 (length 18.5 ns) False False
2025-04-08 21:45:59,802 - [MainProcess:27178] mummi_ras.online.simulation:has_computed_enough:352 - INFO - runtime_hours*0.99 = 0.495 vs delta_time = 0.2816100568903817 (length 18.5 ns) False False
2025-04-08 21:46:01,808 - [MainProcess:27178] mummi_ras.online.simulation:has_computed_enough:352 - INFO - runtime_hours*0.99 = 0.495 vs delta_time = 0.28216731945673623 (length 18.5 ns) False False
2025-04-08 21:46:03,815 - [MainProcess:27178] mummi_ras.online.simulation:has_computed_enough:352 - INFO - runtime_hours*0.99 = 0.495 vs delta_time = 0.2827246582508087 (length 18.5 ns) False False
2025-04-08 21:46:05,821 - [MainProcess:27178] mummi_ras.online.simulation:has_computed_enough:352 - INFO - runtime_hours*0.99 = 0.495 vs delta_time = 0.28328203088707393 (length 18.5 ns) False False
2025-04-08 21:46:07,828 - [MainProcess:27178] mummi_ras.online.simulation:has_computed_enough:352 - INFO - runtime_hours*0.99 = 0.495 vs delta_time = 0.28383939968215094 (length 18.5 ns) False False
2025-04-08 21:46:09,834 - [MainProcess:27178] mummi_ras.online.simulation:has_computed_enough:352 - INFO - runtime_hours*0.99 = 0.495 vs delta_time = 0.2843966794676251 (length 18.5 ns) False False
2025-04-08 21:46:11,840 - [MainProcess:27178] mummi_ras.online.simulation:has_computed_enough:352 - INFO - runtime_hours*0.99 = 0.495 vs delta_time = 0.2849538858731588 (length 18.5 ns) False False
2025-04-08 21:46:13,846 - [MainProcess:27178] mummi_ras.online.simulation:has_computed_enough:352 - INFO - runtime_hours*0.99 = 0.495 vs delta_time = 0.2855112781127294 (length 18.5 ns) False False
2025-04-08 21:46:15,853 - [MainProcess:27178] mummi_ras.online.simulation:has_computed_enough:352 - INFO - runtime_hours*0.99 = 0.495 vs delta_time = 0.2860686863793267 (length 18.5 ns) False False
2025-04-08 21:46:17,860 - [MainProcess:27178] mummi_ras.online.simulation:has_computed_enough:352 - INFO - runtime_hours*0.99 = 0.495 vs delta_time = 0.2866260257694456 (length 18.5 ns) False False
2025-04-08 21:46:19,866 - [MainProcess:27178] mummi_ras.online.simulation:has_computed_enough:352 - INFO - runtime_hours*0.99 = 0.495 vs delta_time = 0.2871833118465212 (length 18.5 ns) False False
2025-04-08 21:46:19,918 - [MainProcess:27178] mummi_ras.online.simulation:get_new_frames:399 - INFO - Getting all frame numbers in trajectory from 38 to 38.
2025-04-08 21:46:19,919 - [MainProcess:27178] mummi_ras.online.cg.cganalysis:run_main_analysis:193 - INFO - Process frame 38
2025-04-08 21:46:19,919 - [MainProcess:27178] mummi_ras.online.cg.cganalysis:processFrame:554 - INFO - Load 39 frames: current frame ID /tmp/mummi/cg/structure_iter00_000000000002-20250408_212846/traj_comp.xtc
2025-04-08 21:46:19,930 - [MainProcess:27178] mummi_ras.online.cg.cganalysis:processFrame:580 - INFO - Frame:    38, Time: 19000.000 ps, Bbox = [0, 181.4888, 0, 181.4888]
2025-04-08 21:46:19,930 - [MainProcess:27178] mummi_ras.online.cg.cganalysis:processFrame:584 - INFO - Lengths of layers: 657 37 491
2025-04-08 21:46:20,033 - [MainProcess:27178] mummi_ras.online.cg.cganalysis:processFrame:765 - INFO - Time for analysis - frameNum 38, time 0.11389970779418945 s
2025-04-08 21:46:22,033 - [MainProcess:27178] mummi_ras.online.simulation:has_computed_enough:352 - INFO - runtime_hours*0.99 = 0.495 vs delta_time = 0.2877853444549772 (length 19.0 ns) False False
2025-04-08 21:46:24,040 - [MainProcess:27178] mummi_ras.online.simulation:has_computed_enough:352 - INFO - runtime_hours*0.99 = 0.495 vs delta_time = 0.28834275994035935 (length 19.0 ns) False False
2025-04-08 21:46:26,046 - [MainProcess:27178] mummi_ras.online.simulation:has_computed_enough:352 - INFO - runtime_hours*0.99 = 0.495 vs delta_time = 0.28890012350347305 (length 19.0 ns) False False
2025-04-08 21:46:28,053 - [MainProcess:27178] mummi_ras.online.simulation:has_computed_enough:352 - INFO - runtime_hours*0.99 = 0.495 vs delta_time = 0.2894574575954013 (length 19.0 ns) False False
2025-04-08 21:46:30,059 - [MainProcess:27178] mummi_ras.online.simulation:has_computed_enough:352 - INFO - runtime_hours*0.99 = 0.495 vs delta_time = 0.29001469526025986 (length 19.0 ns) False False
2025-04-08 21:46:32,065 - [MainProcess:27178] mummi_ras.online.simulation:has_computed_enough:352 - INFO - runtime_hours*0.99 = 0.495 vs delta_time = 0.29057187034024134 (length 19.0 ns) False False
2025-04-08 21:46:34,071 - [MainProcess:27178] mummi_ras.online.simulation:has_computed_enough:352 - INFO - runtime_hours*0.99 = 0.495 vs delta_time = 0.2911291962862015 (length 19.0 ns) False False
2025-04-08 21:46:36,077 - [MainProcess:27178] mummi_ras.online.simulation:has_computed_enough:352 - INFO - runtime_hours*0.99 = 0.495 vs delta_time = 0.2916865325636334 (length 19.0 ns) False False
2025-04-08 21:46:38,084 - [MainProcess:27178] mummi_ras.online.simulation:has_computed_enough:352 - INFO - runtime_hours*0.99 = 0.495 vs delta_time = 0.29224386552969617 (length 19.0 ns) False False
2025-04-08 21:46:40,090 - [MainProcess:27178] mummi_ras.online.simulation:has_computed_enough:352 - INFO - runtime_hours*0.99 = 0.495 vs delta_time = 0.29280119286643136 (length 19.0 ns) False False
2025-04-08 21:46:42,096 - [MainProcess:27178] mummi_ras.online.simulation:has_computed_enough:352 - INFO - runtime_hours*0.99 = 0.495 vs delta_time = 0.2933584446377224 (length 19.0 ns) False False
2025-04-08 21:46:44,102 - [MainProcess:27178] mummi_ras.online.simulation:has_computed_enough:352 - INFO - runtime_hours*0.99 = 0.495 vs delta_time = 0.29391569289896224 (length 19.0 ns) False False
2025-04-08 21:46:46,109 - [MainProcess:27178] mummi_ras.online.simulation:has_computed_enough:352 - INFO - runtime_hours*0.99 = 0.495 vs delta_time = 0.2944730184475581 (length 19.0 ns) False False
2025-04-08 21:46:46,162 - [MainProcess:27178] mummi_ras.online.simulation:get_new_frames:399 - INFO - Getting all frame numbers in trajectory from 39 to 39.
2025-04-08 21:46:46,162 - [MainProcess:27178] mummi_ras.online.cg.cganalysis:run_main_analysis:193 - INFO - Process frame 39
2025-04-08 21:46:46,162 - [MainProcess:27178] mummi_ras.online.cg.cganalysis:processFrame:554 - INFO - Load 40 frames: current frame ID /tmp/mummi/cg/structure_iter00_000000000002-20250408_212846/traj_comp.xtc
2025-04-08 21:46:46,173 - [MainProcess:27178] mummi_ras.online.cg.cganalysis:processFrame:580 - INFO - Frame:    39, Time: 19500.000 ps, Bbox = [0, 180.00278, 0, 180.00278]
2025-04-08 21:46:46,173 - [MainProcess:27178] mummi_ras.online.cg.cganalysis:processFrame:584 - INFO - Lengths of layers: 658 35 492
2025-04-08 21:46:46,277 - [MainProcess:27178] mummi_ras.online.cg.cganalysis:processFrame:765 - INFO - Time for analysis - frameNum 39, time 0.1143038272857666 s
2025-04-08 21:46:48,277 - [MainProcess:27178] mummi_ras.online.simulation:has_computed_enough:352 - INFO - runtime_hours*0.99 = 0.495 vs delta_time = 0.2950753241115146 (length 19.5 ns) False False
2025-04-08 21:46:48,284 - [MainProcess:27178] mummi_ras.online.cg.cganalysis:processOutput:92 - INFO - Add feedback for frameNum 30 - state []
2025-04-08 21:46:48,284 - [MainProcess:27178] mummi_ras.online.cg.cganalysis:processOutput:92 - INFO - Add feedback for frameNum 31 - state []
2025-04-08 21:46:48,284 - [MainProcess:27178] mummi_ras.online.cg.cganalysis:processOutput:92 - INFO - Add feedback for frameNum 32 - state []
2025-04-08 21:46:48,284 - [MainProcess:27178] mummi_ras.online.cg.cganalysis:processOutput:92 - INFO - Add feedback for frameNum 33 - state []
2025-04-08 21:46:48,284 - [MainProcess:27178] mummi_ras.online.cg.cganalysis:processOutput:92 - INFO - Add feedback for frameNum 34 - state []
2025-04-08 21:46:48,284 - [MainProcess:27178] mummi_ras.online.cg.cganalysis:processOutput:92 - INFO - Add feedback for frameNum 35 - state []
2025-04-08 21:46:48,284 - [MainProcess:27178] mummi_ras.online.cg.cganalysis:processOutput:92 - INFO - Add feedback for frameNum 36 - state []
2025-04-08 21:46:48,284 - [MainProcess:27178] mummi_ras.online.cg.cganalysis:processOutput:92 - INFO - Add feedback for frameNum 37 - state []
2025-04-08 21:46:48,284 - [MainProcess:27178] mummi_ras.online.cg.cganalysis:processOutput:92 - INFO - Add feedback for frameNum 38 - state []
2025-04-08 21:46:48,285 - [MainProcess:27178] mummi_ras.online.cg.cganalysis:processOutput:92 - INFO - Add feedback for frameNum 39 - state []
2025-04-08 21:46:48,299 - [MainProcess:27178] mummi_core.interfaces.simple:_save_files:91 - INFO - Wrote 10 files to (/p/gpfs1/pottier1/minimummi-sc25/roots/root3/feedback-cg2ml/002)
2025-04-08 21:46:48,299 - [MainProcess:27178] mummi_ras.feedback.feedback_manager_cg2ml:report:118 - INFO - Added 10 frames (from structure_iter00_000000000002) to feedback (/p/gpfs1/pottier1/minimummi-sc25/roots/root3/feedback-cg2ml)
2025-04-08 21:46:48,299 - [MainProcess:27178] mummi_ras.online.cg.cganalysis:processOutput:112 - INFO - processOutput: 39
2025-04-08 21:46:48,299 - [MainProcess:27178] mummi_ras.online.cg.cganalysis:copyRemoteRestart:452 - INFO - Copy to remote frames [30, 31, 32, 33, 34, 35, 36, 37, 38, 39]
2025-04-08 21:46:48,408 - [MainProcess:27178] mummi_core.utils.utilities:sys_call:184 - INFO - Run command: rsync -va --no-g traj_comp.xtc topol.tpr state.cpt ener.edr md.log mdrun.log /p/gpfs1/pottier1/minimummi-sc25/roots/root3/sims-cg/structure_iter00_000000000002 || true
2025-04-08 21:46:48,843 - [MainProcess:27178] mummi_ras.interfaces.mummi:save_analysis_data:253 - INFO - Saved all analysis data for frames [30, 31, 32, 33, 34, 35, 36, 37, 38, 39]
2025-04-08 21:46:48,843 - [MainProcess:27178] mummi_ras.online.cg.cganalysis:copyRemoteLogs:350 - INFO - Copy over log files
2025-04-08 21:46:48,868 - [MainProcess:27178] mummi_core.utils.utilities:sys_call:184 - INFO - Run command: cp -r  /tmp/mummi/cg/structure_iter00_000000000002-20250408_212846/cg_analysis.out /tmp/mummi/cg/structure_iter00_000000000002-20250408_212846/traj_comp.xtc /tmp/mummi/cg/structure_iter00_000000000002-20250408_212846/*.log /p/gpfs1/pottier1/minimummi-sc25/roots/root3/sims-cg/structure_iter00_000000000002/ || true
2025-04-08 21:46:48,868 - [MainProcess:27178] mummi_ras.online.cg.cganalysis:copyRemoteLogs:365 - INFO - copyRemoteLogs =  /tmp/mummi/cg/structure_iter00_000000000002-20250408_212846/cg_analysis.out /tmp/mummi/cg/structure_iter00_000000000002-20250408_212846/traj_comp.xtc /tmp/mummi/cg/structure_iter00_000000000002-20250408_212846/*.log
2025-04-08 21:46:48,868 - [MainProcess:27178] mummi_ras.online.cg.cganalysis:cleanupLocal:375 - WARNING - Copy cleanup local only works for ddcMD files
2025-04-08 21:46:50,868 - [MainProcess:27178] mummi_ras.online.simulation:has_computed_enough:352 - INFO - runtime_hours*0.99 = 0.495 vs delta_time = 0.29579519000318316 (length 19.5 ns) False False
2025-04-08 21:46:52,875 - [MainProcess:27178] mummi_ras.online.simulation:has_computed_enough:352 - INFO - runtime_hours*0.99 = 0.495 vs delta_time = 0.2963525236977471 (length 19.5 ns) False False
2025-04-08 21:46:54,881 - [MainProcess:27178] mummi_ras.online.simulation:has_computed_enough:352 - INFO - runtime_hours*0.99 = 0.495 vs delta_time = 0.29690988957881925 (length 19.5 ns) False False
2025-04-08 21:46:56,888 - [MainProcess:27178] mummi_ras.online.simulation:has_computed_enough:352 - INFO - runtime_hours*0.99 = 0.495 vs delta_time = 0.29746722949875726 (length 19.5 ns) False False
2025-04-08 21:46:58,894 - [MainProcess:27178] mummi_ras.online.simulation:has_computed_enough:352 - INFO - runtime_hours*0.99 = 0.495 vs delta_time = 0.2980245731274287 (length 19.5 ns) False False
2025-04-08 21:47:00,901 - [MainProcess:27178] mummi_ras.online.simulation:has_computed_enough:352 - INFO - runtime_hours*0.99 = 0.495 vs delta_time = 0.29858186854256524 (length 19.5 ns) False False
2025-04-08 21:47:02,907 - [MainProcess:27178] mummi_ras.online.simulation:has_computed_enough:352 - INFO - runtime_hours*0.99 = 0.495 vs delta_time = 0.2991392203172048 (length 19.5 ns) False False
2025-04-08 21:47:04,913 - [MainProcess:27178] mummi_ras.online.simulation:has_computed_enough:352 - INFO - runtime_hours*0.99 = 0.495 vs delta_time = 0.2996965771251255 (length 19.5 ns) False False
2025-04-08 21:47:06,920 - [MainProcess:27178] mummi_ras.online.simulation:has_computed_enough:352 - INFO - runtime_hours*0.99 = 0.495 vs delta_time = 0.3002539324760437 (length 19.5 ns) False False
2025-04-08 21:47:08,926 - [MainProcess:27178] mummi_ras.online.simulation:has_computed_enough:352 - INFO - runtime_hours*0.99 = 0.495 vs delta_time = 0.300811203651958 (length 19.5 ns) False False
2025-04-08 21:47:10,933 - [MainProcess:27178] mummi_ras.online.simulation:has_computed_enough:352 - INFO - runtime_hours*0.99 = 0.495 vs delta_time = 0.30136853449874457 (length 19.5 ns) False False
2025-04-08 21:47:12,939 - [MainProcess:27178] mummi_ras.online.simulation:has_computed_enough:352 - INFO - runtime_hours*0.99 = 0.495 vs delta_time = 0.3019258784585529 (length 19.5 ns) False False
2025-04-08 21:47:13,099 - [MainProcess:27178] mummi_ras.online.simulation:get_new_frames:399 - INFO - Getting all frame numbers in trajectory from 40 to 40.
2025-04-08 21:47:13,099 - [MainProcess:27178] mummi_ras.online.cg.cganalysis:run_main_analysis:193 - INFO - Process frame 40
2025-04-08 21:47:13,099 - [MainProcess:27178] mummi_ras.online.cg.cganalysis:processFrame:554 - INFO - Load 41 frames: current frame ID /tmp/mummi/cg/structure_iter00_000000000002-20250408_212846/traj_comp.xtc
2025-04-08 21:47:13,110 - [MainProcess:27178] mummi_ras.online.cg.cganalysis:processFrame:580 - INFO - Frame:    40, Time: 20000.000 ps, Bbox = [0, 180.10342, 0, 180.10342]
2025-04-08 21:47:13,110 - [MainProcess:27178] mummi_ras.online.cg.cganalysis:processFrame:584 - INFO - Lengths of layers: 659 36 490
2025-04-08 21:47:13,183 - [MainProcess:27178] mummi_ras.online.cg.cganalysis:processFrame:765 - INFO - Time for analysis - frameNum 40, time 0.08379077911376953 s
2025-04-08 21:47:15,184 - [MainProcess:27178] mummi_ras.online.simulation:has_computed_enough:352 - INFO - runtime_hours*0.99 = 0.495 vs delta_time = 0.3025494203964869 (length 20.0 ns) False False
2025-04-08 21:47:17,188 - [MainProcess:27178] mummi_ras.online.simulation:has_computed_enough:352 - INFO - runtime_hours*0.99 = 0.495 vs delta_time = 0.30310603744453857 (length 20.0 ns) False False
2025-04-08 21:47:19,191 - [MainProcess:27178] mummi_ras.online.simulation:has_computed_enough:352 - INFO - runtime_hours*0.99 = 0.495 vs delta_time = 0.30366264316770764 (length 20.0 ns) False False
2025-04-08 21:47:21,195 - [MainProcess:27178] mummi_ras.online.simulation:has_computed_enough:352 - INFO - runtime_hours*0.99 = 0.495 vs delta_time = 0.3042192420032289 (length 20.0 ns) False False
2025-04-08 21:47:23,199 - [MainProcess:27178] mummi_ras.online.simulation:has_computed_enough:352 - INFO - runtime_hours*0.99 = 0.495 vs delta_time = 0.3047758090496063 (length 20.0 ns) False False
2025-04-08 21:47:25,202 - [MainProcess:27178] mummi_ras.online.simulation:has_computed_enough:352 - INFO - runtime_hours*0.99 = 0.495 vs delta_time = 0.30533237675825753 (length 20.0 ns) False False
2025-04-08 21:47:27,206 - [MainProcess:27178] mummi_ras.online.simulation:has_computed_enough:352 - INFO - runtime_hours*0.99 = 0.495 vs delta_time = 0.30588894148667656 (length 20.0 ns) False False
2025-04-08 21:47:29,210 - [MainProcess:27178] mummi_ras.online.simulation:has_computed_enough:352 - INFO - runtime_hours*0.99 = 0.495 vs delta_time = 0.30644551217556 (length 20.0 ns) False False
2025-04-08 21:47:31,213 - [MainProcess:27178] mummi_ras.online.simulation:has_computed_enough:352 - INFO - runtime_hours*0.99 = 0.495 vs delta_time = 0.3070020784272088 (length 20.0 ns) False False
2025-04-08 21:47:33,217 - [MainProcess:27178] mummi_ras.online.simulation:has_computed_enough:352 - INFO - runtime_hours*0.99 = 0.495 vs delta_time = 0.30755864057275983 (length 20.0 ns) False False
2025-04-08 21:47:35,221 - [MainProcess:27178] mummi_ras.online.simulation:has_computed_enough:352 - INFO - runtime_hours*0.99 = 0.495 vs delta_time = 0.30811520377794904 (length 20.0 ns) False False
2025-04-08 21:47:37,224 - [MainProcess:27178] mummi_ras.online.simulation:has_computed_enough:352 - INFO - runtime_hours*0.99 = 0.495 vs delta_time = 0.30867176526122625 (length 20.0 ns) False False
2025-04-08 21:47:39,228 - [MainProcess:27178] mummi_ras.online.simulation:has_computed_enough:352 - INFO - runtime_hours*0.99 = 0.495 vs delta_time = 0.30922833376460607 (length 20.0 ns) False False
2025-04-08 21:47:41,231 - [MainProcess:27178] mummi_ras.online.simulation:has_computed_enough:352 - INFO - runtime_hours*0.99 = 0.495 vs delta_time = 0.30978489610883925 (length 20.0 ns) False False
2025-04-08 21:47:41,266 - [MainProcess:27178] mummi_ras.online.simulation:get_new_frames:399 - INFO - Getting all frame numbers in trajectory from 41 to 41.
2025-04-08 21:47:41,266 - [MainProcess:27178] mummi_ras.online.cg.cganalysis:run_main_analysis:193 - INFO - Process frame 41
2025-04-08 21:47:41,266 - [MainProcess:27178] mummi_ras.online.cg.cganalysis:processFrame:554 - INFO - Load 42 frames: current frame ID /tmp/mummi/cg/structure_iter00_000000000002-20250408_212846/traj_comp.xtc
2025-04-08 21:47:41,273 - [MainProcess:27178] mummi_ras.online.cg.cganalysis:processFrame:580 - INFO - Frame:    41, Time: 20500.000 ps, Bbox = [0, 180.78952, 0, 180.78952]
2025-04-08 21:47:41,273 - [MainProcess:27178] mummi_ras.online.cg.cganalysis:processFrame:584 - INFO - Lengths of layers: 662 28 495
2025-04-08 21:47:41,333 - [MainProcess:27178] mummi_ras.online.cg.cganalysis:processFrame:765 - INFO - Time for analysis - frameNum 41, time 0.06719756126403809 s
2025-04-08 21:47:43,333 - [MainProcess:27178] mummi_ras.online.simulation:has_computed_enough:352 - INFO - runtime_hours*0.99 = 0.495 vs delta_time = 0.3103687785069148 (length 20.5 ns) False False
2025-04-08 21:47:45,337 - [MainProcess:27178] mummi_ras.online.simulation:has_computed_enough:352 - INFO - runtime_hours*0.99 = 0.495 vs delta_time = 0.31092546138498517 (length 20.5 ns) False False
2025-04-08 21:47:47,341 - [MainProcess:27178] mummi_ras.online.simulation:has_computed_enough:352 - INFO - runtime_hours*0.99 = 0.495 vs delta_time = 0.3114821105533176 (length 20.5 ns) False False
2025-04-08 21:47:49,345 - [MainProcess:27178] mummi_ras.online.simulation:has_computed_enough:352 - INFO - runtime_hours*0.99 = 0.495 vs delta_time = 0.31203875111209023 (length 20.5 ns) False False
2025-04-08 21:47:51,349 - [MainProcess:27178] mummi_ras.online.simulation:has_computed_enough:352 - INFO - runtime_hours*0.99 = 0.495 vs delta_time = 0.31259538729985553 (length 20.5 ns) False False
2025-04-08 21:47:53,353 - [MainProcess:27178] mummi_ras.online.simulation:has_computed_enough:352 - INFO - runtime_hours*0.99 = 0.495 vs delta_time = 0.31315202580557927 (length 20.5 ns) False False
2025-04-08 21:47:55,357 - [MainProcess:27178] mummi_ras.online.simulation:has_computed_enough:352 - INFO - runtime_hours*0.99 = 0.495 vs delta_time = 0.31370865888065763 (length 20.5 ns) False False
2025-04-08 21:47:57,361 - [MainProcess:27178] mummi_ras.online.simulation:has_computed_enough:352 - INFO - runtime_hours*0.99 = 0.495 vs delta_time = 0.3142652944723765 (length 20.5 ns) False False
2025-04-08 21:47:59,365 - [MainProcess:27178] mummi_ras.online.simulation:has_computed_enough:352 - INFO - runtime_hours*0.99 = 0.495 vs delta_time = 0.3148219283421834 (length 20.5 ns) False False
2025-04-08 21:48:01,369 - [MainProcess:27178] mummi_ras.online.simulation:has_computed_enough:352 - INFO - runtime_hours*0.99 = 0.495 vs delta_time = 0.3153785606887605 (length 20.5 ns) False False
2025-04-08 21:48:03,373 - [MainProcess:27178] mummi_ras.online.simulation:has_computed_enough:352 - INFO - runtime_hours*0.99 = 0.495 vs delta_time = 0.31593519535329606 (length 20.5 ns) False False
2025-04-08 21:48:05,376 - [MainProcess:27178] mummi_ras.online.simulation:has_computed_enough:352 - INFO - runtime_hours*0.99 = 0.495 vs delta_time = 0.3164918327331543 (length 20.5 ns) False False
2025-04-08 21:48:07,380 - [MainProcess:27178] mummi_ras.online.simulation:has_computed_enough:352 - INFO - runtime_hours*0.99 = 0.495 vs delta_time = 0.31704846719900764 (length 20.5 ns) False False
2025-04-08 21:48:07,413 - [MainProcess:27178] mummi_ras.online.simulation:get_new_frames:399 - INFO - Getting all frame numbers in trajectory from 42 to 42.
2025-04-08 21:48:07,413 - [MainProcess:27178] mummi_ras.online.cg.cganalysis:run_main_analysis:193 - INFO - Process frame 42
2025-04-08 21:48:07,413 - [MainProcess:27178] mummi_ras.online.cg.cganalysis:processFrame:554 - INFO - Load 43 frames: current frame ID /tmp/mummi/cg/structure_iter00_000000000002-20250408_212846/traj_comp.xtc
2025-04-08 21:48:07,420 - [MainProcess:27178] mummi_ras.online.cg.cganalysis:processFrame:580 - INFO - Frame:    42, Time: 21000.000 ps, Bbox = [0, 180.29417, 0, 180.29417]
2025-04-08 21:48:07,420 - [MainProcess:27178] mummi_ras.online.cg.cganalysis:processFrame:584 - INFO - Lengths of layers: 660 33 492
2025-04-08 21:48:07,482 - [MainProcess:27178] mummi_ras.online.cg.cganalysis:processFrame:765 - INFO - Time for analysis - frameNum 42, time 0.06898117065429688 s
2025-04-08 21:48:09,482 - [MainProcess:27178] mummi_ras.online.simulation:has_computed_enough:352 - INFO - runtime_hours*0.99 = 0.495 vs delta_time = 0.31763241251309715 (length 21.0 ns) False False
2025-04-08 21:48:11,486 - [MainProcess:27178] mummi_ras.online.simulation:has_computed_enough:352 - INFO - runtime_hours*0.99 = 0.495 vs delta_time = 0.31818904320398966 (length 21.0 ns) False False
2025-04-08 21:48:13,490 - [MainProcess:27178] mummi_ras.online.simulation:has_computed_enough:352 - INFO - runtime_hours*0.99 = 0.495 vs delta_time = 0.31874561647574107 (length 21.0 ns) False False
2025-04-08 21:48:15,494 - [MainProcess:27178] mummi_ras.online.simulation:has_computed_enough:352 - INFO - runtime_hours*0.99 = 0.495 vs delta_time = 0.3193021880255805 (length 21.0 ns) False False
2025-04-08 21:48:17,497 - [MainProcess:27178] mummi_ras.online.simulation:has_computed_enough:352 - INFO - runtime_hours*0.99 = 0.495 vs delta_time = 0.319858753879865 (length 21.0 ns) False False
2025-04-08 21:48:19,501 - [MainProcess:27178] mummi_ras.online.simulation:has_computed_enough:352 - INFO - runtime_hours*0.99 = 0.495 vs delta_time = 0.32041532264815437 (length 21.0 ns) False False
2025-04-08 21:48:21,505 - [MainProcess:27178] mummi_ras.online.simulation:has_computed_enough:352 - INFO - runtime_hours*0.99 = 0.495 vs delta_time = 0.3209718906879425 (length 21.0 ns) False False
2025-04-08 21:48:23,508 - [MainProcess:27178] mummi_ras.online.simulation:has_computed_enough:352 - INFO - runtime_hours*0.99 = 0.495 vs delta_time = 0.3215284842915005 (length 21.0 ns) False False
2025-04-08 21:48:25,512 - [MainProcess:27178] mummi_ras.online.simulation:has_computed_enough:352 - INFO - runtime_hours*0.99 = 0.495 vs delta_time = 0.32208509266376495 (length 21.0 ns) False False
2025-04-08 21:48:27,516 - [MainProcess:27178] mummi_ras.online.simulation:has_computed_enough:352 - INFO - runtime_hours*0.99 = 0.495 vs delta_time = 0.32264168706205154 (length 21.0 ns) False False
2025-04-08 21:48:29,520 - [MainProcess:27178] mummi_ras.online.simulation:has_computed_enough:352 - INFO - runtime_hours*0.99 = 0.495 vs delta_time = 0.32319825139310626 (length 21.0 ns) False False
2025-04-08 21:48:31,523 - [MainProcess:27178] mummi_ras.online.simulation:has_computed_enough:352 - INFO - runtime_hours*0.99 = 0.495 vs delta_time = 0.3237548149956597 (length 21.0 ns) False False
2025-04-08 21:48:33,527 - [MainProcess:27178] mummi_ras.online.simulation:has_computed_enough:352 - INFO - runtime_hours*0.99 = 0.495 vs delta_time = 0.32431137906180485 (length 21.0 ns) False False
2025-04-08 21:48:35,530 - [MainProcess:27178] mummi_ras.online.simulation:has_computed_enough:352 - INFO - runtime_hours*0.99 = 0.495 vs delta_time = 0.32486794617440967 (length 21.0 ns) False False
2025-04-08 21:48:35,563 - [MainProcess:27178] mummi_ras.online.simulation:get_new_frames:399 - INFO - Getting all frame numbers in trajectory from 43 to 43.
2025-04-08 21:48:35,563 - [MainProcess:27178] mummi_ras.online.cg.cganalysis:run_main_analysis:193 - INFO - Process frame 43
2025-04-08 21:48:35,563 - [MainProcess:27178] mummi_ras.online.cg.cganalysis:processFrame:554 - INFO - Load 44 frames: current frame ID /tmp/mummi/cg/structure_iter00_000000000002-20250408_212846/traj_comp.xtc
2025-04-08 21:48:35,570 - [MainProcess:27178] mummi_ras.online.cg.cganalysis:processFrame:580 - INFO - Frame:    43, Time: 21500.000 ps, Bbox = [0, 180.77905, 0, 180.77905]
2025-04-08 21:48:35,570 - [MainProcess:27178] mummi_ras.online.cg.cganalysis:processFrame:584 - INFO - Lengths of layers: 663 29 493
2025-04-08 21:48:35,631 - [MainProcess:27178] mummi_ras.online.cg.cganalysis:processFrame:765 - INFO - Time for analysis - frameNum 43, time 0.06778550148010254 s
2025-04-08 21:48:37,631 - [MainProcess:27178] mummi_ras.online.simulation:has_computed_enough:352 - INFO - runtime_hours*0.99 = 0.495 vs delta_time = 0.325451469818751 (length 21.5 ns) False False
2025-04-08 21:48:39,635 - [MainProcess:27178] mummi_ras.online.simulation:has_computed_enough:352 - INFO - runtime_hours*0.99 = 0.495 vs delta_time = 0.3260081535577774 (length 21.5 ns) False False
2025-04-08 21:48:41,639 - [MainProcess:27178] mummi_ras.online.simulation:has_computed_enough:352 - INFO - runtime_hours*0.99 = 0.495 vs delta_time = 0.3265647972954644 (length 21.5 ns) False False
2025-04-08 21:48:43,643 - [MainProcess:27178] mummi_ras.online.simulation:has_computed_enough:352 - INFO - runtime_hours*0.99 = 0.495 vs delta_time = 0.3271214392450121 (length 21.5 ns) False False
2025-04-08 21:48:45,647 - [MainProcess:27178] mummi_ras.online.simulation:has_computed_enough:352 - INFO - runtime_hours*0.99 = 0.495 vs delta_time = 0.32767807483673095 (length 21.5 ns) False False
2025-04-08 21:48:47,651 - [MainProcess:27178] mummi_ras.online.simulation:has_computed_enough:352 - INFO - runtime_hours*0.99 = 0.495 vs delta_time = 0.32823471195167964 (length 21.5 ns) False False
2025-04-08 21:48:49,655 - [MainProcess:27178] mummi_ras.online.simulation:has_computed_enough:352 - INFO - runtime_hours*0.99 = 0.495 vs delta_time = 0.3287913636366526 (length 21.5 ns) False False
2025-04-08 21:48:51,659 - [MainProcess:27178] mummi_ras.online.simulation:has_computed_enough:352 - INFO - runtime_hours*0.99 = 0.495 vs delta_time = 0.32934799710909524 (length 21.5 ns) False False
2025-04-08 21:48:53,662 - [MainProcess:27178] mummi_ras.online.simulation:has_computed_enough:352 - INFO - runtime_hours*0.99 = 0.495 vs delta_time = 0.3299046288596259 (length 21.5 ns) False False
2025-04-08 21:48:55,666 - [MainProcess:27178] mummi_ras.online.simulation:has_computed_enough:352 - INFO - runtime_hours*0.99 = 0.495 vs delta_time = 0.33046126133865783 (length 21.5 ns) False False
2025-04-08 21:48:57,670 - [MainProcess:27178] mummi_ras.online.simulation:has_computed_enough:352 - INFO - runtime_hours*0.99 = 0.495 vs delta_time = 0.33101789202955034 (length 21.5 ns) False False
2025-04-08 21:48:59,674 - [MainProcess:27178] mummi_ras.online.simulation:has_computed_enough:352 - INFO - runtime_hours*0.99 = 0.495 vs delta_time = 0.33157452556822037 (length 21.5 ns) False False
2025-04-08 21:49:01,678 - [MainProcess:27178] mummi_ras.online.simulation:has_computed_enough:352 - INFO - runtime_hours*0.99 = 0.495 vs delta_time = 0.3321311589082082 (length 21.5 ns) False False
2025-04-08 21:49:01,712 - [MainProcess:27178] mummi_ras.online.simulation:get_new_frames:399 - INFO - Getting all frame numbers in trajectory from 44 to 44.
2025-04-08 21:49:01,712 - [MainProcess:27178] mummi_ras.online.cg.cganalysis:run_main_analysis:193 - INFO - Process frame 44
2025-04-08 21:49:01,712 - [MainProcess:27178] mummi_ras.online.cg.cganalysis:processFrame:554 - INFO - Load 45 frames: current frame ID /tmp/mummi/cg/structure_iter00_000000000002-20250408_212846/traj_comp.xtc
2025-04-08 21:49:01,719 - [MainProcess:27178] mummi_ras.online.cg.cganalysis:processFrame:580 - INFO - Frame:    44, Time: 22000.000 ps, Bbox = [0, 179.88351, 0, 179.88351]
2025-04-08 21:49:01,719 - [MainProcess:27178] mummi_ras.online.cg.cganalysis:processFrame:584 - INFO - Lengths of layers: 663 25 497
2025-04-08 21:49:01,778 - [MainProcess:27178] mummi_ras.online.cg.cganalysis:processFrame:765 - INFO - Time for analysis - frameNum 44, time 0.06650757789611816 s
2025-04-08 21:49:03,779 - [MainProcess:27178] mummi_ras.online.simulation:has_computed_enough:352 - INFO - runtime_hours*0.99 = 0.495 vs delta_time = 0.3327147407001919 (length 22.0 ns) False False
2025-04-08 21:49:05,783 - [MainProcess:27178] mummi_ras.online.simulation:has_computed_enough:352 - INFO - runtime_hours*0.99 = 0.495 vs delta_time = 0.3332713519202338 (length 22.0 ns) False False
2025-04-08 21:49:07,786 - [MainProcess:27178] mummi_ras.online.simulation:has_computed_enough:352 - INFO - runtime_hours*0.99 = 0.495 vs delta_time = 0.33382791856924693 (length 22.0 ns) False False
2025-04-08 21:49:09,790 - [MainProcess:27178] mummi_ras.online.simulation:has_computed_enough:352 - INFO - runtime_hours*0.99 = 0.495 vs delta_time = 0.3343844825691647 (length 22.0 ns) False False
2025-04-08 21:49:11,794 - [MainProcess:27178] mummi_ras.online.simulation:has_computed_enough:352 - INFO - runtime_hours*0.99 = 0.495 vs delta_time = 0.3349410442511241 (length 22.0 ns) False False
2025-04-08 21:49:13,797 - [MainProcess:27178] mummi_ras.online.simulation:has_computed_enough:352 - INFO - runtime_hours*0.99 = 0.495 vs delta_time = 0.33549760891331565 (length 22.0 ns) False False
2025-04-08 21:49:15,801 - [MainProcess:27178] mummi_ras.online.simulation:has_computed_enough:352 - INFO - runtime_hours*0.99 = 0.495 vs delta_time = 0.3360541821188397 (length 22.0 ns) False False
2025-04-08 21:49:17,804 - [MainProcess:27178] mummi_ras.online.simulation:has_computed_enough:352 - INFO - runtime_hours*0.99 = 0.495 vs delta_time = 0.33661074002583824 (length 22.0 ns) False False
2025-04-08 21:49:19,808 - [MainProcess:27178] mummi_ras.online.simulation:has_computed_enough:352 - INFO - runtime_hours*0.99 = 0.495 vs delta_time = 0.33716730038324993 (length 22.0 ns) False False
2025-04-08 21:49:21,812 - [MainProcess:27178] mummi_ras.online.simulation:has_computed_enough:352 - INFO - runtime_hours*0.99 = 0.495 vs delta_time = 0.3377238604757521 (length 22.0 ns) False False
2025-04-08 21:49:23,815 - [MainProcess:27178] mummi_ras.online.simulation:has_computed_enough:352 - INFO - runtime_hours*0.99 = 0.495 vs delta_time = 0.33828041897879707 (length 22.0 ns) False False
2025-04-08 21:49:25,819 - [MainProcess:27178] mummi_ras.online.simulation:has_computed_enough:352 - INFO - runtime_hours*0.99 = 0.495 vs delta_time = 0.3388369832436244 (length 22.0 ns) False False
2025-04-08 21:49:27,823 - [MainProcess:27178] mummi_ras.online.simulation:has_computed_enough:352 - INFO - runtime_hours*0.99 = 0.495 vs delta_time = 0.3393935642639796 (length 22.0 ns) False False
2025-04-08 21:49:29,826 - [MainProcess:27178] mummi_ras.online.simulation:has_computed_enough:352 - INFO - runtime_hours*0.99 = 0.495 vs delta_time = 0.3399501605828603 (length 22.0 ns) False False
2025-04-08 21:49:29,859 - [MainProcess:27178] mummi_ras.online.simulation:get_new_frames:399 - INFO - Getting all frame numbers in trajectory from 45 to 45.
2025-04-08 21:49:29,859 - [MainProcess:27178] mummi_ras.online.cg.cganalysis:run_main_analysis:193 - INFO - Process frame 45
2025-04-08 21:49:29,859 - [MainProcess:27178] mummi_ras.online.cg.cganalysis:processFrame:554 - INFO - Load 46 frames: current frame ID /tmp/mummi/cg/structure_iter00_000000000002-20250408_212846/traj_comp.xtc
2025-04-08 21:49:29,866 - [MainProcess:27178] mummi_ras.online.cg.cganalysis:processFrame:580 - INFO - Frame:    45, Time: 22500.000 ps, Bbox = [0, 181.22353, 0, 181.22353]
2025-04-08 21:49:29,866 - [MainProcess:27178] mummi_ras.online.cg.cganalysis:processFrame:584 - INFO - Lengths of layers: 664 26 495
2025-04-08 21:49:29,927 - [MainProcess:27178] mummi_ras.online.cg.cganalysis:processFrame:765 - INFO - Time for analysis - frameNum 45, time 0.06722807884216309 s
2025-04-08 21:49:31,927 - [MainProcess:27178] mummi_ras.online.simulation:has_computed_enough:352 - INFO - runtime_hours*0.99 = 0.495 vs delta_time = 0.34053370124763915 (length 22.5 ns) False False
2025-04-08 21:49:33,931 - [MainProcess:27178] mummi_ras.online.simulation:has_computed_enough:352 - INFO - runtime_hours*0.99 = 0.495 vs delta_time = 0.34109034366077845 (length 22.5 ns) False False
2025-04-08 21:49:35,935 - [MainProcess:27178] mummi_ras.online.simulation:has_computed_enough:352 - INFO - runtime_hours*0.99 = 0.495 vs delta_time = 0.34164694600635104 (length 22.5 ns) False False
2025-04-08 21:49:37,939 - [MainProcess:27178] mummi_ras.online.simulation:has_computed_enough:352 - INFO - runtime_hours*0.99 = 0.495 vs delta_time = 0.3422035417954127 (length 22.5 ns) False False
2025-04-08 21:49:39,942 - [MainProcess:27178] mummi_ras.online.simulation:has_computed_enough:352 - INFO - runtime_hours*0.99 = 0.495 vs delta_time = 0.3427601359287898 (length 22.5 ns) False False
2025-04-08 21:49:41,946 - [MainProcess:27178] mummi_ras.online.simulation:has_computed_enough:352 - INFO - runtime_hours*0.99 = 0.495 vs delta_time = 0.34331672569115956 (length 22.5 ns) False False
2025-04-08 21:49:43,950 - [MainProcess:27178] mummi_ras.online.simulation:has_computed_enough:352 - INFO - runtime_hours*0.99 = 0.495 vs delta_time = 0.3438733188311259 (length 22.5 ns) False False
2025-04-08 21:49:45,954 - [MainProcess:27178] mummi_ras.online.simulation:has_computed_enough:352 - INFO - runtime_hours*0.99 = 0.495 vs delta_time = 0.34442992157406277 (length 22.5 ns) False False
2025-04-08 21:49:47,957 - [MainProcess:27178] mummi_ras.online.simulation:has_computed_enough:352 - INFO - runtime_hours*0.99 = 0.495 vs delta_time = 0.34498651133643254 (length 22.5 ns) False False
2025-04-08 21:49:49,961 - [MainProcess:27178] mummi_ras.online.simulation:has_computed_enough:352 - INFO - runtime_hours*0.99 = 0.495 vs delta_time = 0.345543099310663 (length 22.5 ns) False False
2025-04-08 21:49:51,965 - [MainProcess:27178] mummi_ras.online.simulation:has_computed_enough:352 - INFO - runtime_hours*0.99 = 0.495 vs delta_time = 0.3460996872848935 (length 22.5 ns) False False
2025-04-08 21:49:53,968 - [MainProcess:27178] mummi_ras.online.simulation:has_computed_enough:352 - INFO - runtime_hours*0.99 = 0.495 vs delta_time = 0.34665627466307747 (length 22.5 ns) False False
2025-04-08 21:49:55,972 - [MainProcess:27178] mummi_ras.online.simulation:has_computed_enough:352 - INFO - runtime_hours*0.99 = 0.495 vs delta_time = 0.3472128684653176 (length 22.5 ns) False False
2025-04-08 21:49:56,005 - [MainProcess:27178] mummi_ras.online.simulation:get_new_frames:399 - INFO - Getting all frame numbers in trajectory from 46 to 46.
2025-04-08 21:49:56,005 - [MainProcess:27178] mummi_ras.online.cg.cganalysis:run_main_analysis:193 - INFO - Process frame 46
2025-04-08 21:49:56,005 - [MainProcess:27178] mummi_ras.online.cg.cganalysis:processFrame:554 - INFO - Load 47 frames: current frame ID /tmp/mummi/cg/structure_iter00_000000000002-20250408_212846/traj_comp.xtc
2025-04-08 21:49:56,012 - [MainProcess:27178] mummi_ras.online.cg.cganalysis:processFrame:580 - INFO - Frame:    46, Time: 23000.000 ps, Bbox = [0, 180.42055, 0, 180.42055]
2025-04-08 21:49:56,012 - [MainProcess:27178] mummi_ras.online.cg.cganalysis:processFrame:584 - INFO - Lengths of layers: 663 23 499
2025-04-08 21:49:56,072 - [MainProcess:27178] mummi_ras.online.cg.cganalysis:processFrame:765 - INFO - Time for analysis - frameNum 46, time 0.06716704368591309 s
2025-04-08 21:49:58,072 - [MainProcess:27178] mummi_ras.online.simulation:has_computed_enough:352 - INFO - runtime_hours*0.99 = 0.495 vs delta_time = 0.3477962977356381 (length 23.0 ns) False False
2025-04-08 21:50:00,077 - [MainProcess:27178] mummi_ras.online.simulation:has_computed_enough:352 - INFO - runtime_hours*0.99 = 0.495 vs delta_time = 0.34835297293133205 (length 23.0 ns) False False
2025-04-08 21:50:02,080 - [MainProcess:27178] mummi_ras.online.simulation:has_computed_enough:352 - INFO - runtime_hours*0.99 = 0.495 vs delta_time = 0.3489096097813712 (length 23.0 ns) False False
2025-04-08 21:50:04,084 - [MainProcess:27178] mummi_ras.online.simulation:has_computed_enough:352 - INFO - runtime_hours*0.99 = 0.495 vs delta_time = 0.34946624173058405 (length 23.0 ns) False False
2025-04-08 21:50:06,088 - [MainProcess:27178] mummi_ras.online.simulation:has_computed_enough:352 - INFO - runtime_hours*0.99 = 0.495 vs delta_time = 0.35002287281884087 (length 23.0 ns) False False
2025-04-08 21:50:08,092 - [MainProcess:27178] mummi_ras.online.simulation:has_computed_enough:352 - INFO - runtime_hours*0.99 = 0.495 vs delta_time = 0.35057950059572857 (length 23.0 ns) False False
2025-04-08 21:50:10,096 - [MainProcess:27178] mummi_ras.online.simulation:has_computed_enough:352 - INFO - runtime_hours*0.99 = 0.495 vs delta_time = 0.3511361280414793 (length 23.0 ns) False False
2025-04-08 21:50:12,100 - [MainProcess:27178] mummi_ras.online.simulation:has_computed_enough:352 - INFO - runtime_hours*0.99 = 0.495 vs delta_time = 0.3516927567455504 (length 23.0 ns) False False
2025-04-08 21:50:14,104 - [MainProcess:27178] mummi_ras.online.simulation:has_computed_enough:352 - INFO - runtime_hours*0.99 = 0.495 vs delta_time = 0.35224938882721796 (length 23.0 ns) False False
2025-04-08 21:50:16,107 - [MainProcess:27178] mummi_ras.online.simulation:has_computed_enough:352 - INFO - runtime_hours*0.99 = 0.495 vs delta_time = 0.3528060210413403 (length 23.0 ns) False False
2025-04-08 21:50:18,111 - [MainProcess:27178] mummi_ras.online.simulation:has_computed_enough:352 - INFO - runtime_hours*0.99 = 0.495 vs delta_time = 0.35336265537473893 (length 23.0 ns) False False
2025-04-08 21:50:20,115 - [MainProcess:27178] mummi_ras.online.simulation:has_computed_enough:352 - INFO - runtime_hours*0.99 = 0.495 vs delta_time = 0.3539192836152183 (length 23.0 ns) False False
2025-04-08 21:50:22,119 - [MainProcess:27178] mummi_ras.online.simulation:has_computed_enough:352 - INFO - runtime_hours*0.99 = 0.495 vs delta_time = 0.35447590861055583 (length 23.0 ns) False False
2025-04-08 21:50:24,123 - [MainProcess:27178] mummi_ras.online.simulation:has_computed_enough:352 - INFO - runtime_hours*0.99 = 0.495 vs delta_time = 0.35503253956635794 (length 23.0 ns) False False
2025-04-08 21:50:24,157 - [MainProcess:27178] mummi_ras.online.simulation:get_new_frames:399 - INFO - Getting all frame numbers in trajectory from 47 to 47.
2025-04-08 21:50:24,157 - [MainProcess:27178] mummi_ras.online.cg.cganalysis:run_main_analysis:193 - INFO - Process frame 47
2025-04-08 21:50:24,157 - [MainProcess:27178] mummi_ras.online.cg.cganalysis:processFrame:554 - INFO - Load 48 frames: current frame ID /tmp/mummi/cg/structure_iter00_000000000002-20250408_212846/traj_comp.xtc
2025-04-08 21:50:24,164 - [MainProcess:27178] mummi_ras.online.cg.cganalysis:processFrame:580 - INFO - Frame:    47, Time: 23500.000 ps, Bbox = [0, 180.44452, 0, 180.44452]
2025-04-08 21:50:24,164 - [MainProcess:27178] mummi_ras.online.cg.cganalysis:processFrame:584 - INFO - Lengths of layers: 666 25 494
2025-04-08 21:50:24,224 - [MainProcess:27178] mummi_ras.online.cg.cganalysis:processFrame:765 - INFO - Time for analysis - frameNum 47, time 0.06733560562133789 s
2025-04-08 21:50:26,225 - [MainProcess:27178] mummi_ras.online.simulation:has_computed_enough:352 - INFO - runtime_hours*0.99 = 0.495 vs delta_time = 0.35561635070376924 (length 23.5 ns) False False
2025-04-08 21:50:28,229 - [MainProcess:27178] mummi_ras.online.simulation:has_computed_enough:352 - INFO - runtime_hours*0.99 = 0.495 vs delta_time = 0.3561729868915346 (length 23.5 ns) False False
2025-04-08 21:50:30,232 - [MainProcess:27178] mummi_ras.online.simulation:has_computed_enough:352 - INFO - runtime_hours*0.99 = 0.495 vs delta_time = 0.3567295902305179 (length 23.5 ns) False False
2025-04-08 21:50:32,236 - [MainProcess:27178] mummi_ras.online.simulation:has_computed_enough:352 - INFO - runtime_hours*0.99 = 0.495 vs delta_time = 0.35728618654939864 (length 23.5 ns) False False
2025-04-08 21:50:34,240 - [MainProcess:27178] mummi_ras.online.simulation:has_computed_enough:352 - INFO - runtime_hours*0.99 = 0.495 vs delta_time = 0.35784280253781214 (length 23.5 ns) False False
2025-04-08 21:50:36,244 - [MainProcess:27178] mummi_ras.online.simulation:has_computed_enough:352 - INFO - runtime_hours*0.99 = 0.495 vs delta_time = 0.35839946104420556 (length 23.5 ns) False False
2025-04-08 21:50:38,248 - [MainProcess:27178] mummi_ras.online.simulation:has_computed_enough:352 - INFO - runtime_hours*0.99 = 0.495 vs delta_time = 0.3589560774962107 (length 23.5 ns) False False
2025-04-08 21:50:40,251 - [MainProcess:27178] mummi_ras.online.simulation:has_computed_enough:352 - INFO - runtime_hours*0.99 = 0.495 vs delta_time = 0.3595126671261258 (length 23.5 ns) False False
2025-04-08 21:50:42,255 - [MainProcess:27178] mummi_ras.online.simulation:has_computed_enough:352 - INFO - runtime_hours*0.99 = 0.495 vs delta_time = 0.3600692523850335 (length 23.5 ns) False False
2025-04-08 21:50:44,259 - [MainProcess:27178] mummi_ras.online.simulation:has_computed_enough:352 - INFO - runtime_hours*0.99 = 0.495 vs delta_time = 0.3606258370478948 (length 23.5 ns) False False
2025-04-08 21:50:46,263 - [MainProcess:27178] mummi_ras.online.simulation:has_computed_enough:352 - INFO - runtime_hours*0.99 = 0.495 vs delta_time = 0.36118242919445037 (length 23.5 ns) False False
2025-04-08 21:50:48,266 - [MainProcess:27178] mummi_ras.online.simulation:has_computed_enough:352 - INFO - runtime_hours*0.99 = 0.495 vs delta_time = 0.36173901644017964 (length 23.5 ns) False False
2025-04-08 21:50:50,270 - [MainProcess:27178] mummi_ras.online.simulation:has_computed_enough:352 - INFO - runtime_hours*0.99 = 0.495 vs delta_time = 0.3622956120305591 (length 23.5 ns) False False
2025-04-08 21:50:52,274 - [MainProcess:27178] mummi_ras.online.simulation:has_computed_enough:352 - INFO - runtime_hours*0.99 = 0.495 vs delta_time = 0.3628522064950731 (length 23.5 ns) False False
2025-04-08 21:50:52,307 - [MainProcess:27178] mummi_ras.online.simulation:get_new_frames:399 - INFO - Getting all frame numbers in trajectory from 48 to 48.
2025-04-08 21:50:52,307 - [MainProcess:27178] mummi_ras.online.cg.cganalysis:run_main_analysis:193 - INFO - Process frame 48
2025-04-08 21:50:52,307 - [MainProcess:27178] mummi_ras.online.cg.cganalysis:processFrame:554 - INFO - Load 49 frames: current frame ID /tmp/mummi/cg/structure_iter00_000000000002-20250408_212846/traj_comp.xtc
2025-04-08 21:50:52,314 - [MainProcess:27178] mummi_ras.online.cg.cganalysis:processFrame:580 - INFO - Frame:    48, Time: 24000.000 ps, Bbox = [0, 180.4636, 0, 180.4636]
2025-04-08 21:50:52,314 - [MainProcess:27178] mummi_ras.online.cg.cganalysis:processFrame:584 - INFO - Lengths of layers: 662 26 497
2025-04-08 21:50:52,375 - [MainProcess:27178] mummi_ras.online.cg.cganalysis:processFrame:765 - INFO - Time for analysis - frameNum 48, time 0.06734991073608398 s
2025-04-08 21:50:54,375 - [MainProcess:27178] mummi_ras.online.simulation:has_computed_enough:352 - INFO - runtime_hours*0.99 = 0.495 vs delta_time = 0.3634358926614126 (length 24.0 ns) False False
2025-04-08 21:50:56,379 - [MainProcess:27178] mummi_ras.online.simulation:has_computed_enough:352 - INFO - runtime_hours*0.99 = 0.495 vs delta_time = 0.36399257355266146 (length 24.0 ns) False False
2025-04-08 21:50:58,383 - [MainProcess:27178] mummi_ras.online.simulation:has_computed_enough:352 - INFO - runtime_hours*0.99 = 0.495 vs delta_time = 0.36454921464125317 (length 24.0 ns) False False
2025-04-08 21:51:00,387 - [MainProcess:27178] mummi_ras.online.simulation:has_computed_enough:352 - INFO - runtime_hours*0.99 = 0.495 vs delta_time = 0.36510585996839734 (length 24.0 ns) False False
2025-04-08 21:51:02,391 - [MainProcess:27178] mummi_ras.online.simulation:has_computed_enough:352 - INFO - runtime_hours*0.99 = 0.495 vs delta_time = 0.36566249383820426 (length 24.0 ns) False False
2025-04-08 21:51:04,395 - [MainProcess:27178] mummi_ras.online.simulation:has_computed_enough:352 - INFO - runtime_hours*0.99 = 0.495 vs delta_time = 0.3662191262510088 (length 24.0 ns) False False
2025-04-08 21:51:06,399 - [MainProcess:27178] mummi_ras.online.simulation:has_computed_enough:352 - INFO - runtime_hours*0.99 = 0.495 vs delta_time = 0.3667757621738646 (length 24.0 ns) False False
2025-04-08 21:51:08,402 - [MainProcess:27178] mummi_ras.online.simulation:has_computed_enough:352 - INFO - runtime_hours*0.99 = 0.495 vs delta_time = 0.3673323950502608 (length 24.0 ns) False False
2025-04-08 21:51:10,406 - [MainProcess:27178] mummi_ras.online.simulation:has_computed_enough:352 - INFO - runtime_hours*0.99 = 0.495 vs delta_time = 0.36788903819190133 (length 24.0 ns) False False
2025-04-08 21:51:12,410 - [MainProcess:27178] mummi_ras.online.simulation:has_computed_enough:352 - INFO - runtime_hours*0.99 = 0.495 vs delta_time = 0.368445669081476 (length 24.0 ns) False False
2025-04-08 21:51:14,414 - [MainProcess:27178] mummi_ras.online.simulation:has_computed_enough:352 - INFO - runtime_hours*0.99 = 0.495 vs delta_time = 0.36900230288505553 (length 24.0 ns) False False
2025-04-08 21:51:16,418 - [MainProcess:27178] mummi_ras.online.simulation:has_computed_enough:352 - INFO - runtime_hours*0.99 = 0.495 vs delta_time = 0.3695589355627696 (length 24.0 ns) False False
2025-04-08 21:51:18,422 - [MainProcess:27178] mummi_ras.online.simulation:has_computed_enough:352 - INFO - runtime_hours*0.99 = 0.495 vs delta_time = 0.37011556565761566 (length 24.0 ns) False False
2025-04-08 21:51:18,454 - [MainProcess:27178] mummi_ras.online.simulation:get_new_frames:399 - INFO - Getting all frame numbers in trajectory from 49 to 49.
2025-04-08 21:51:18,454 - [MainProcess:27178] mummi_ras.online.cg.cganalysis:run_main_analysis:193 - INFO - Process frame 49
2025-04-08 21:51:18,454 - [MainProcess:27178] mummi_ras.online.cg.cganalysis:processFrame:554 - INFO - Load 50 frames: current frame ID /tmp/mummi/cg/structure_iter00_000000000002-20250408_212846/traj_comp.xtc
2025-04-08 21:51:18,461 - [MainProcess:27178] mummi_ras.online.cg.cganalysis:processFrame:580 - INFO - Frame:    49, Time: 24500.000 ps, Bbox = [0, 180.50589, 0, 180.50589]
2025-04-08 21:51:18,461 - [MainProcess:27178] mummi_ras.online.cg.cganalysis:processFrame:584 - INFO - Lengths of layers: 659 30 496
2025-04-08 21:51:18,521 - [MainProcess:27178] mummi_ras.online.cg.cganalysis:processFrame:765 - INFO - Time for analysis - frameNum 49, time 0.06712222099304199 s
2025-04-08 21:51:20,522 - [MainProcess:27178] mummi_ras.online.simulation:has_computed_enough:352 - INFO - runtime_hours*0.99 = 0.495 vs delta_time = 0.37069888287120395 (length 24.5 ns) False False
2025-04-08 21:51:20,526 - [MainProcess:27178] mummi_ras.online.cg.cganalysis:processOutput:92 - INFO - Add feedback for frameNum 40 - state []
2025-04-08 21:51:20,526 - [MainProcess:27178] mummi_ras.online.cg.cganalysis:processOutput:92 - INFO - Add feedback for frameNum 41 - state []
2025-04-08 21:51:20,526 - [MainProcess:27178] mummi_ras.online.cg.cganalysis:processOutput:92 - INFO - Add feedback for frameNum 42 - state []
2025-04-08 21:51:20,526 - [MainProcess:27178] mummi_ras.online.cg.cganalysis:processOutput:92 - INFO - Add feedback for frameNum 43 - state []
2025-04-08 21:51:20,526 - [MainProcess:27178] mummi_ras.online.cg.cganalysis:processOutput:92 - INFO - Add feedback for frameNum 44 - state []
2025-04-08 21:51:20,526 - [MainProcess:27178] mummi_ras.online.cg.cganalysis:processOutput:92 - INFO - Add feedback for frameNum 45 - state []
2025-04-08 21:51:20,526 - [MainProcess:27178] mummi_ras.online.cg.cganalysis:processOutput:92 - INFO - Add feedback for frameNum 46 - state []
2025-04-08 21:51:20,526 - [MainProcess:27178] mummi_ras.online.cg.cganalysis:processOutput:92 - INFO - Add feedback for frameNum 47 - state []
2025-04-08 21:51:20,526 - [MainProcess:27178] mummi_ras.online.cg.cganalysis:processOutput:92 - INFO - Add feedback for frameNum 48 - state []
2025-04-08 21:51:20,527 - [MainProcess:27178] mummi_ras.online.cg.cganalysis:processOutput:92 - INFO - Add feedback for frameNum 49 - state []
2025-04-08 21:51:20,538 - [MainProcess:27178] mummi_core.interfaces.simple:_save_files:91 - INFO - Wrote 10 files to (/p/gpfs1/pottier1/minimummi-sc25/roots/root3/feedback-cg2ml/002)
2025-04-08 21:51:20,538 - [MainProcess:27178] mummi_ras.feedback.feedback_manager_cg2ml:report:118 - INFO - Added 10 frames (from structure_iter00_000000000002) to feedback (/p/gpfs1/pottier1/minimummi-sc25/roots/root3/feedback-cg2ml)
2025-04-08 21:51:20,538 - [MainProcess:27178] mummi_ras.online.cg.cganalysis:processOutput:112 - INFO - processOutput: 49
2025-04-08 21:51:20,539 - [MainProcess:27178] mummi_ras.online.cg.cganalysis:copyRemoteRestart:452 - INFO - Copy to remote frames [40, 41, 42, 43, 44, 45, 46, 47, 48, 49]
2025-04-08 21:51:20,622 - [MainProcess:27178] mummi_core.utils.utilities:sys_call:184 - INFO - Run command: rsync -va --no-g traj_comp.xtc topol.tpr state.cpt ener.edr md.log mdrun.log /p/gpfs1/pottier1/minimummi-sc25/roots/root3/sims-cg/structure_iter00_000000000002 || true
2025-04-08 21:51:20,912 - [MainProcess:27178] mummi_ras.interfaces.mummi:save_analysis_data:253 - INFO - Saved all analysis data for frames [40, 41, 42, 43, 44, 45, 46, 47, 48, 49]
2025-04-08 21:51:20,912 - [MainProcess:27178] mummi_ras.online.cg.cganalysis:copyRemoteLogs:350 - INFO - Copy over log files
2025-04-08 21:51:20,944 - [MainProcess:27178] mummi_core.utils.utilities:sys_call:184 - INFO - Run command: cp -r  /tmp/mummi/cg/structure_iter00_000000000002-20250408_212846/cg_analysis.out /tmp/mummi/cg/structure_iter00_000000000002-20250408_212846/traj_comp.xtc /tmp/mummi/cg/structure_iter00_000000000002-20250408_212846/*.log /p/gpfs1/pottier1/minimummi-sc25/roots/root3/sims-cg/structure_iter00_000000000002/ || true
2025-04-08 21:51:20,944 - [MainProcess:27178] mummi_ras.online.cg.cganalysis:copyRemoteLogs:365 - INFO - copyRemoteLogs =  /tmp/mummi/cg/structure_iter00_000000000002-20250408_212846/cg_analysis.out /tmp/mummi/cg/structure_iter00_000000000002-20250408_212846/traj_comp.xtc /tmp/mummi/cg/structure_iter00_000000000002-20250408_212846/*.log
2025-04-08 21:51:20,944 - [MainProcess:27178] mummi_ras.online.cg.cganalysis:cleanupLocal:375 - WARNING - Copy cleanup local only works for ddcMD files
2025-04-08 21:51:22,945 - [MainProcess:27178] mummi_ras.online.simulation:has_computed_enough:352 - INFO - runtime_hours*0.99 = 0.495 vs delta_time = 0.37137190534008874 (length 24.5 ns) False False
2025-04-08 21:51:24,951 - [MainProcess:27178] mummi_ras.online.simulation:has_computed_enough:352 - INFO - runtime_hours*0.99 = 0.495 vs delta_time = 0.371929313076867 (length 24.5 ns) False False
2025-04-08 21:51:26,958 - [MainProcess:27178] mummi_ras.online.simulation:has_computed_enough:352 - INFO - runtime_hours*0.99 = 0.495 vs delta_time = 0.37248666041427186 (length 24.5 ns) False False
2025-04-08 21:51:28,964 - [MainProcess:27178] mummi_ras.online.simulation:has_computed_enough:352 - INFO - runtime_hours*0.99 = 0.495 vs delta_time = 0.37304388728406696 (length 24.5 ns) False False
2025-04-08 21:51:30,970 - [MainProcess:27178] mummi_ras.online.simulation:has_computed_enough:352 - INFO - runtime_hours*0.99 = 0.495 vs delta_time = 0.3736012421051661 (length 24.5 ns) False False
2025-04-08 21:51:32,977 - [MainProcess:27178] mummi_ras.online.simulation:has_computed_enough:352 - INFO - runtime_hours*0.99 = 0.495 vs delta_time = 0.37415857672691344 (length 24.5 ns) False False
2025-04-08 21:51:34,983 - [MainProcess:27178] mummi_ras.online.simulation:has_computed_enough:352 - INFO - runtime_hours*0.99 = 0.495 vs delta_time = 0.37471575955549874 (length 24.5 ns) False False
2025-04-08 21:51:36,989 - [MainProcess:27178] mummi_ras.online.simulation:has_computed_enough:352 - INFO - runtime_hours*0.99 = 0.495 vs delta_time = 0.3752731222576565 (length 24.5 ns) False False
2025-04-08 21:51:38,996 - [MainProcess:27178] mummi_ras.online.simulation:has_computed_enough:352 - INFO - runtime_hours*0.99 = 0.495 vs delta_time = 0.3758305068148507 (length 24.5 ns) False False
2025-04-08 21:51:41,002 - [MainProcess:27178] mummi_ras.online.simulation:has_computed_enough:352 - INFO - runtime_hours*0.99 = 0.495 vs delta_time = 0.37638781752851275 (length 24.5 ns) False False
2025-04-08 21:51:43,009 - [MainProcess:27178] mummi_ras.online.simulation:has_computed_enough:352 - INFO - runtime_hours*0.99 = 0.495 vs delta_time = 0.37694520897335476 (length 24.5 ns) False False
2025-04-08 21:51:45,015 - [MainProcess:27178] mummi_ras.online.simulation:has_computed_enough:352 - INFO - runtime_hours*0.99 = 0.495 vs delta_time = 0.37750256465540993 (length 24.5 ns) False False
2025-04-08 21:51:45,068 - [MainProcess:27178] mummi_ras.online.simulation:get_new_frames:399 - INFO - Getting all frame numbers in trajectory from 50 to 50.
2025-04-08 21:51:45,068 - [MainProcess:27178] mummi_ras.online.cg.cganalysis:run_main_analysis:193 - INFO - Process frame 50
2025-04-08 21:51:45,068 - [MainProcess:27178] mummi_ras.online.cg.cganalysis:processFrame:554 - INFO - Load 51 frames: current frame ID /tmp/mummi/cg/structure_iter00_000000000002-20250408_212846/traj_comp.xtc
2025-04-08 21:51:45,080 - [MainProcess:27178] mummi_ras.online.cg.cganalysis:processFrame:580 - INFO - Frame:    50, Time: 25000.000 ps, Bbox = [0, 180.4003, 0, 180.4003]
2025-04-08 21:51:45,080 - [MainProcess:27178] mummi_ras.online.cg.cganalysis:processFrame:584 - INFO - Lengths of layers: 661 26 498
2025-04-08 21:51:45,183 - [MainProcess:27178] mummi_ras.online.cg.cganalysis:processFrame:765 - INFO - Time for analysis - frameNum 50, time 0.1144404411315918 s
2025-04-08 21:51:47,183 - [MainProcess:27178] mummi_ras.online.simulation:has_computed_enough:352 - INFO - runtime_hours*0.99 = 0.495 vs delta_time = 0.37810484654373594 (length 25.0 ns) False False
2025-04-08 21:51:49,190 - [MainProcess:27178] mummi_ras.online.simulation:has_computed_enough:352 - INFO - runtime_hours*0.99 = 0.495 vs delta_time = 0.3786622921625773 (length 25.0 ns) False False
2025-04-08 21:51:51,196 - [MainProcess:27178] mummi_ras.online.simulation:has_computed_enough:352 - INFO - runtime_hours*0.99 = 0.495 vs delta_time = 0.3792196128765742 (length 25.0 ns) False False
2025-04-08 21:51:53,203 - [MainProcess:27178] mummi_ras.online.simulation:has_computed_enough:352 - INFO - runtime_hours*0.99 = 0.495 vs delta_time = 0.37977697405550215 (length 25.0 ns) False False
2025-04-08 21:51:55,209 - [MainProcess:27178] mummi_ras.online.simulation:has_computed_enough:352 - INFO - runtime_hours*0.99 = 0.495 vs delta_time = 0.3803343230485916 (length 25.0 ns) False False
2025-04-08 21:51:57,216 - [MainProcess:27178] mummi_ras.online.simulation:has_computed_enough:352 - INFO - runtime_hours*0.99 = 0.495 vs delta_time = 0.3808915881978141 (length 25.0 ns) False False
2025-04-08 21:51:59,222 - [MainProcess:27178] mummi_ras.online.simulation:has_computed_enough:352 - INFO - runtime_hours*0.99 = 0.495 vs delta_time = 0.38144895944330426 (length 25.0 ns) False False
2025-04-08 21:52:01,229 - [MainProcess:27178] mummi_ras.online.simulation:has_computed_enough:352 - INFO - runtime_hours*0.99 = 0.495 vs delta_time = 0.3820063050587972 (length 25.0 ns) False False
2025-04-08 21:52:03,234 - [MainProcess:27178] mummi_ras.online.simulation:has_computed_enough:352 - INFO - runtime_hours*0.99 = 0.495 vs delta_time = 0.3825635109345118 (length 25.0 ns) False False
2025-04-08 21:52:05,241 - [MainProcess:27178] mummi_ras.online.simulation:has_computed_enough:352 - INFO - runtime_hours*0.99 = 0.495 vs delta_time = 0.3831208709213469 (length 25.0 ns) False False
2025-04-08 21:52:07,247 - [MainProcess:27178] mummi_ras.online.simulation:has_computed_enough:352 - INFO - runtime_hours*0.99 = 0.495 vs delta_time = 0.38367820037735834 (length 25.0 ns) False False
2025-04-08 21:52:09,254 - [MainProcess:27178] mummi_ras.online.simulation:has_computed_enough:352 - INFO - runtime_hours*0.99 = 0.495 vs delta_time = 0.38423547936810387 (length 25.0 ns) False False
2025-04-08 21:52:11,260 - [MainProcess:27178] mummi_ras.online.simulation:has_computed_enough:352 - INFO - runtime_hours*0.99 = 0.495 vs delta_time = 0.38479284644126893 (length 25.0 ns) False False
2025-04-08 21:52:13,267 - [MainProcess:27178] mummi_ras.online.simulation:has_computed_enough:352 - INFO - runtime_hours*0.99 = 0.495 vs delta_time = 0.38535019132826065 (length 25.0 ns) False False
2025-04-08 21:52:13,321 - [MainProcess:27178] mummi_ras.online.simulation:get_new_frames:399 - INFO - Getting all frame numbers in trajectory from 51 to 51.
2025-04-08 21:52:13,321 - [MainProcess:27178] mummi_ras.online.cg.cganalysis:run_main_analysis:193 - INFO - Process frame 51
2025-04-08 21:52:13,322 - [MainProcess:27178] mummi_ras.online.cg.cganalysis:processFrame:554 - INFO - Load 52 frames: current frame ID /tmp/mummi/cg/structure_iter00_000000000002-20250408_212846/traj_comp.xtc
2025-04-08 21:52:13,333 - [MainProcess:27178] mummi_ras.online.cg.cganalysis:processFrame:580 - INFO - Frame:    51, Time: 25500.000 ps, Bbox = [0, 180.46355, 0, 180.46355]
2025-04-08 21:52:13,333 - [MainProcess:27178] mummi_ras.online.cg.cganalysis:processFrame:584 - INFO - Lengths of layers: 661 25 499
2025-04-08 21:52:13,436 - [MainProcess:27178] mummi_ras.online.cg.cganalysis:processFrame:765 - INFO - Time for analysis - frameNum 51, time 0.11434650421142578 s
2025-04-08 21:52:15,436 - [MainProcess:27178] mummi_ras.online.simulation:has_computed_enough:352 - INFO - runtime_hours*0.99 = 0.495 vs delta_time = 0.38595295349756875 (length 25.5 ns) False False
2025-04-08 21:52:17,443 - [MainProcess:27178] mummi_ras.online.simulation:has_computed_enough:352 - INFO - runtime_hours*0.99 = 0.495 vs delta_time = 0.38651035043928356 (length 25.5 ns) False False
2025-04-08 21:52:19,449 - [MainProcess:27178] mummi_ras.online.simulation:has_computed_enough:352 - INFO - runtime_hours*0.99 = 0.495 vs delta_time = 0.38706761022408803 (length 25.5 ns) False False
2025-04-08 21:52:21,456 - [MainProcess:27178] mummi_ras.online.simulation:has_computed_enough:352 - INFO - runtime_hours*0.99 = 0.495 vs delta_time = 0.3876249630583657 (length 25.5 ns) False False
2025-04-08 21:52:23,462 - [MainProcess:27178] mummi_ras.online.simulation:has_computed_enough:352 - INFO - runtime_hours*0.99 = 0.495 vs delta_time = 0.3881823292705748 (length 25.5 ns) False False
2025-04-08 21:52:25,468 - [MainProcess:27178] mummi_ras.online.simulation:has_computed_enough:352 - INFO - runtime_hours*0.99 = 0.495 vs delta_time = 0.38873959494961635 (length 25.5 ns) False False
2025-04-08 21:52:27,475 - [MainProcess:27178] mummi_ras.online.simulation:has_computed_enough:352 - INFO - runtime_hours*0.99 = 0.495 vs delta_time = 0.3892969540754954 (length 25.5 ns) False False
2025-04-08 21:52:29,481 - [MainProcess:27178] mummi_ras.online.simulation:has_computed_enough:352 - INFO - runtime_hours*0.99 = 0.495 vs delta_time = 0.3898543189631568 (length 25.5 ns) False False
2025-04-08 21:52:31,488 - [MainProcess:27178] mummi_ras.online.simulation:has_computed_enough:352 - INFO - runtime_hours*0.99 = 0.495 vs delta_time = 0.3904115980863571 (length 25.5 ns) False False
2025-04-08 21:52:33,493 - [MainProcess:27178] mummi_ras.online.simulation:has_computed_enough:352 - INFO - runtime_hours*0.99 = 0.495 vs delta_time = 0.39096879276964397 (length 25.5 ns) False False
2025-04-08 21:52:35,500 - [MainProcess:27178] mummi_ras.online.simulation:has_computed_enough:352 - INFO - runtime_hours*0.99 = 0.495 vs delta_time = 0.3915261536836624 (length 25.5 ns) False False
2025-04-08 21:52:37,506 - [MainProcess:27178] mummi_ras.online.simulation:has_computed_enough:352 - INFO - runtime_hours*0.99 = 0.495 vs delta_time = 0.39208351135253905 (length 25.5 ns) False False
2025-04-08 21:52:39,513 - [MainProcess:27178] mummi_ras.online.simulation:has_computed_enough:352 - INFO - runtime_hours*0.99 = 0.495 vs delta_time = 0.3926408705446455 (length 25.5 ns) False False
2025-04-08 21:52:39,835 - [MainProcess:27178] mummi_ras.online.simulation:get_new_frames:399 - INFO - Getting all frame numbers in trajectory from 52 to 52.
2025-04-08 21:52:39,835 - [MainProcess:27178] mummi_ras.online.cg.cganalysis:run_main_analysis:193 - INFO - Process frame 52
2025-04-08 21:52:39,836 - [MainProcess:27178] mummi_ras.online.cg.cganalysis:processFrame:554 - INFO - Load 53 frames: current frame ID /tmp/mummi/cg/structure_iter00_000000000002-20250408_212846/traj_comp.xtc
2025-04-08 21:52:39,847 - [MainProcess:27178] mummi_ras.online.cg.cganalysis:processFrame:580 - INFO - Frame:    52, Time: 26000.000 ps, Bbox = [0, 180.93405, 0, 180.93405]
2025-04-08 21:52:39,847 - [MainProcess:27178] mummi_ras.online.cg.cganalysis:processFrame:584 - INFO - Lengths of layers: 664 29 492
2025-04-08 21:52:39,949 - [MainProcess:27178] mummi_ras.online.cg.cganalysis:processFrame:765 - INFO - Time for analysis - frameNum 52, time 0.11375236511230469 s
2025-04-08 21:52:41,950 - [MainProcess:27178] mummi_ras.online.simulation:has_computed_enough:352 - INFO - runtime_hours*0.99 = 0.495 vs delta_time = 0.39331777234872184 (length 26.0 ns) False False
2025-04-08 21:52:43,957 - [MainProcess:27178] mummi_ras.online.simulation:has_computed_enough:352 - INFO - runtime_hours*0.99 = 0.495 vs delta_time = 0.3938752075036367 (length 26.0 ns) False False
2025-04-08 21:52:45,963 - [MainProcess:27178] mummi_ras.online.simulation:has_computed_enough:352 - INFO - runtime_hours*0.99 = 0.495 vs delta_time = 0.3944326111343172 (length 26.0 ns) False False
2025-04-08 21:52:47,970 - [MainProcess:27178] mummi_ras.online.simulation:has_computed_enough:352 - INFO - runtime_hours*0.99 = 0.495 vs delta_time = 0.3949899338351356 (length 26.0 ns) False False
2025-04-08 21:52:49,976 - [MainProcess:27178] mummi_ras.online.simulation:has_computed_enough:352 - INFO - runtime_hours*0.99 = 0.495 vs delta_time = 0.39554733455181124 (length 26.0 ns) False False
2025-04-08 21:52:51,983 - [MainProcess:27178] mummi_ras.online.simulation:has_computed_enough:352 - INFO - runtime_hours*0.99 = 0.495 vs delta_time = 0.3961046925518248 (length 26.0 ns) False False
2025-04-08 21:52:53,989 - [MainProcess:27178] mummi_ras.online.simulation:has_computed_enough:352 - INFO - runtime_hours*0.99 = 0.495 vs delta_time = 0.39666196869479287 (length 26.0 ns) False False
2025-04-08 21:52:55,995 - [MainProcess:27178] mummi_ras.online.simulation:has_computed_enough:352 - INFO - runtime_hours*0.99 = 0.495 vs delta_time = 0.39721933152940536 (length 26.0 ns) False False
2025-04-08 21:52:58,002 - [MainProcess:27178] mummi_ras.online.simulation:has_computed_enough:352 - INFO - runtime_hours*0.99 = 0.495 vs delta_time = 0.39777669866879783 (length 26.0 ns) False False
2025-04-08 21:53:00,008 - [MainProcess:27178] mummi_ras.online.simulation:has_computed_enough:352 - INFO - runtime_hours*0.99 = 0.495 vs delta_time = 0.3983340137534671 (length 26.0 ns) False False
2025-04-08 21:53:02,015 - [MainProcess:27178] mummi_ras.online.simulation:has_computed_enough:352 - INFO - runtime_hours*0.99 = 0.495 vs delta_time = 0.39889134950107996 (length 26.0 ns) False False
2025-04-08 21:53:04,021 - [MainProcess:27178] mummi_ras.online.simulation:has_computed_enough:352 - INFO - runtime_hours*0.99 = 0.495 vs delta_time = 0.3994487023353577 (length 26.0 ns) False False
2025-04-08 21:53:06,028 - [MainProcess:27178] mummi_ras.online.simulation:has_computed_enough:352 - INFO - runtime_hours*0.99 = 0.495 vs delta_time = 0.40000605172581144 (length 26.0 ns) False False
2025-04-08 21:53:08,034 - [MainProcess:27178] mummi_ras.online.simulation:has_computed_enough:352 - INFO - runtime_hours*0.99 = 0.495 vs delta_time = 0.40056332753764257 (length 26.0 ns) False False
2025-04-08 21:53:08,087 - [MainProcess:27178] mummi_ras.online.simulation:get_new_frames:399 - INFO - Getting all frame numbers in trajectory from 53 to 53.
2025-04-08 21:53:08,088 - [MainProcess:27178] mummi_ras.online.cg.cganalysis:run_main_analysis:193 - INFO - Process frame 53
2025-04-08 21:53:08,088 - [MainProcess:27178] mummi_ras.online.cg.cganalysis:processFrame:554 - INFO - Load 54 frames: current frame ID /tmp/mummi/cg/structure_iter00_000000000002-20250408_212846/traj_comp.xtc
2025-04-08 21:53:08,099 - [MainProcess:27178] mummi_ras.online.cg.cganalysis:processFrame:580 - INFO - Frame:    53, Time: 26500.000 ps, Bbox = [0, 179.99869, 0, 179.99869]
2025-04-08 21:53:08,099 - [MainProcess:27178] mummi_ras.online.cg.cganalysis:processFrame:584 - INFO - Lengths of layers: 665 23 497
2025-04-08 21:53:08,201 - [MainProcess:27178] mummi_ras.online.cg.cganalysis:processFrame:765 - INFO - Time for analysis - frameNum 53, time 0.11366677284240723 s
2025-04-08 21:53:10,202 - [MainProcess:27178] mummi_ras.online.simulation:has_computed_enough:352 - INFO - runtime_hours*0.99 = 0.495 vs delta_time = 0.401165598432223 (length 26.5 ns) False False
2025-04-08 21:53:12,209 - [MainProcess:27178] mummi_ras.online.simulation:has_computed_enough:352 - INFO - runtime_hours*0.99 = 0.495 vs delta_time = 0.4017229861683316 (length 26.5 ns) False False
2025-04-08 21:53:14,215 - [MainProcess:27178] mummi_ras.online.simulation:has_computed_enough:352 - INFO - runtime_hours*0.99 = 0.495 vs delta_time = 0.4022802346944809 (length 26.5 ns) False False
2025-04-08 21:53:16,221 - [MainProcess:27178] mummi_ras.online.simulation:has_computed_enough:352 - INFO - runtime_hours*0.99 = 0.495 vs delta_time = 0.4028376107083427 (length 26.5 ns) False False
2025-04-08 21:53:18,228 - [MainProcess:27178] mummi_ras.online.simulation:has_computed_enough:352 - INFO - runtime_hours*0.99 = 0.495 vs delta_time = 0.40339497301313615 (length 26.5 ns) False False
2025-04-08 21:53:20,234 - [MainProcess:27178] mummi_ras.online.simulation:has_computed_enough:352 - INFO - runtime_hours*0.99 = 0.495 vs delta_time = 0.40395226187176175 (length 26.5 ns) False False
2025-04-08 21:53:22,240 - [MainProcess:27178] mummi_ras.online.simulation:has_computed_enough:352 - INFO - runtime_hours*0.99 = 0.495 vs delta_time = 0.40450959821542104 (length 26.5 ns) False False
2025-04-08 21:53:24,247 - [MainProcess:27178] mummi_ras.online.simulation:has_computed_enough:352 - INFO - runtime_hours*0.99 = 0.495 vs delta_time = 0.40506697290473515 (length 26.5 ns) False False
2025-04-08 21:53:26,253 - [MainProcess:27178] mummi_ras.online.simulation:has_computed_enough:352 - INFO - runtime_hours*0.99 = 0.495 vs delta_time = 0.4056242573261261 (length 26.5 ns) False False
2025-04-08 21:53:28,260 - [MainProcess:27178] mummi_ras.online.simulation:has_computed_enough:352 - INFO - runtime_hours*0.99 = 0.495 vs delta_time = 0.40618161506123013 (length 26.5 ns) False False
2025-04-08 21:53:30,266 - [MainProcess:27178] mummi_ras.online.simulation:has_computed_enough:352 - INFO - runtime_hours*0.99 = 0.495 vs delta_time = 0.4067389847172631 (length 26.5 ns) False False
2025-04-08 21:53:32,272 - [MainProcess:27178] mummi_ras.online.simulation:has_computed_enough:352 - INFO - runtime_hours*0.99 = 0.495 vs delta_time = 0.407296292980512 (length 26.5 ns) False False
2025-04-08 21:53:34,278 - [MainProcess:27178] mummi_ras.online.simulation:has_computed_enough:352 - INFO - runtime_hours*0.99 = 0.495 vs delta_time = 0.4078534848160214 (length 26.5 ns) False False
2025-04-08 21:53:34,341 - [MainProcess:27178] mummi_ras.online.simulation:get_new_frames:399 - INFO - Getting all frame numbers in trajectory from 54 to 54.
2025-04-08 21:53:34,342 - [MainProcess:27178] mummi_ras.online.cg.cganalysis:run_main_analysis:193 - INFO - Process frame 54
2025-04-08 21:53:34,342 - [MainProcess:27178] mummi_ras.online.cg.cganalysis:processFrame:554 - INFO - Load 55 frames: current frame ID /tmp/mummi/cg/structure_iter00_000000000002-20250408_212846/traj_comp.xtc
2025-04-08 21:53:34,353 - [MainProcess:27178] mummi_ras.online.cg.cganalysis:processFrame:580 - INFO - Frame:    54, Time: 27000.000 ps, Bbox = [0, 180.02676, 0, 180.02676]
2025-04-08 21:53:34,353 - [MainProcess:27178] mummi_ras.online.cg.cganalysis:processFrame:584 - INFO - Lengths of layers: 662 27 496
2025-04-08 21:53:34,455 - [MainProcess:27178] mummi_ras.online.cg.cganalysis:processFrame:765 - INFO - Time for analysis - frameNum 54, time 0.11315727233886719 s
2025-04-08 21:53:36,455 - [MainProcess:27178] mummi_ras.online.simulation:has_computed_enough:352 - INFO - runtime_hours*0.99 = 0.495 vs delta_time = 0.4084581767850452 (length 27.0 ns) False False
2025-04-08 21:53:38,462 - [MainProcess:27178] mummi_ras.online.simulation:has_computed_enough:352 - INFO - runtime_hours*0.99 = 0.495 vs delta_time = 0.4090155917406082 (length 27.0 ns) False False
2025-04-08 21:53:40,468 - [MainProcess:27178] mummi_ras.online.simulation:has_computed_enough:352 - INFO - runtime_hours*0.99 = 0.495 vs delta_time = 0.40957293543550705 (length 27.0 ns) False False
2025-04-08 21:53:42,474 - [MainProcess:27178] mummi_ras.online.simulation:has_computed_enough:352 - INFO - runtime_hours*0.99 = 0.495 vs delta_time = 0.410130190120803 (length 27.0 ns) False False
2025-04-08 21:53:44,481 - [MainProcess:27178] mummi_ras.online.simulation:has_computed_enough:352 - INFO - runtime_hours*0.99 = 0.495 vs delta_time = 0.4106875570615133 (length 27.0 ns) False False
2025-04-08 21:53:46,488 - [MainProcess:27178] mummi_ras.online.simulation:has_computed_enough:352 - INFO - runtime_hours*0.99 = 0.495 vs delta_time = 0.4112449238697688 (length 27.0 ns) False False
2025-04-08 21:53:48,494 - [MainProcess:27178] mummi_ras.online.simulation:has_computed_enough:352 - INFO - runtime_hours*0.99 = 0.495 vs delta_time = 0.4118022567033768 (length 27.0 ns) False False
2025-04-08 21:53:50,500 - [MainProcess:27178] mummi_ras.online.simulation:has_computed_enough:352 - INFO - runtime_hours*0.99 = 0.495 vs delta_time = 0.41235956576135424 (length 27.0 ns) False False
2025-04-08 21:53:52,507 - [MainProcess:27178] mummi_ras.online.simulation:has_computed_enough:352 - INFO - runtime_hours*0.99 = 0.495 vs delta_time = 0.4129169339603848 (length 27.0 ns) False False
2025-04-08 21:53:54,513 - [MainProcess:27178] mummi_ras.online.simulation:has_computed_enough:352 - INFO - runtime_hours*0.99 = 0.495 vs delta_time = 0.4134743035501904 (length 27.0 ns) False False
2025-04-08 21:53:56,520 - [MainProcess:27178] mummi_ras.online.simulation:has_computed_enough:352 - INFO - runtime_hours*0.99 = 0.495 vs delta_time = 0.414031658967336 (length 27.0 ns) False False
2025-04-08 21:53:58,526 - [MainProcess:27178] mummi_ras.online.simulation:has_computed_enough:352 - INFO - runtime_hours*0.99 = 0.495 vs delta_time = 0.41458894570668536 (length 27.0 ns) False False
2025-04-08 21:54:00,532 - [MainProcess:27178] mummi_ras.online.simulation:has_computed_enough:352 - INFO - runtime_hours*0.99 = 0.495 vs delta_time = 0.41514629536204867 (length 27.0 ns) False False
2025-04-08 21:54:02,539 - [MainProcess:27178] mummi_ras.online.simulation:has_computed_enough:352 - INFO - runtime_hours*0.99 = 0.495 vs delta_time = 0.4157036425007714 (length 27.0 ns) False False
2025-04-08 21:54:02,591 - [MainProcess:27178] mummi_ras.online.simulation:get_new_frames:399 - INFO - Getting all frame numbers in trajectory from 55 to 55.
2025-04-08 21:54:02,591 - [MainProcess:27178] mummi_ras.online.cg.cganalysis:run_main_analysis:193 - INFO - Process frame 55
2025-04-08 21:54:02,591 - [MainProcess:27178] mummi_ras.online.cg.cganalysis:processFrame:554 - INFO - Load 56 frames: current frame ID /tmp/mummi/cg/structure_iter00_000000000002-20250408_212846/traj_comp.xtc
2025-04-08 21:54:02,602 - [MainProcess:27178] mummi_ras.online.cg.cganalysis:processFrame:580 - INFO - Frame:    55, Time: 27500.000 ps, Bbox = [0, 180.79227, 0, 180.79227]
2025-04-08 21:54:02,602 - [MainProcess:27178] mummi_ras.online.cg.cganalysis:processFrame:584 - INFO - Lengths of layers: 663 25 497
2025-04-08 21:54:02,705 - [MainProcess:27178] mummi_ras.online.cg.cganalysis:processFrame:765 - INFO - Time for analysis - frameNum 55, time 0.11367273330688477 s
2025-04-08 21:54:04,705 - [MainProcess:27178] mummi_ras.online.simulation:has_computed_enough:352 - INFO - runtime_hours*0.99 = 0.495 vs delta_time = 0.41630533205138315 (length 27.5 ns) False False
2025-04-08 21:54:06,711 - [MainProcess:27178] mummi_ras.online.simulation:has_computed_enough:352 - INFO - runtime_hours*0.99 = 0.495 vs delta_time = 0.4168626585933897 (length 27.5 ns) False False
2025-04-08 21:54:08,718 - [MainProcess:27178] mummi_ras.online.simulation:has_computed_enough:352 - INFO - runtime_hours*0.99 = 0.495 vs delta_time = 0.4174200368589825 (length 27.5 ns) False False
2025-04-08 21:54:10,724 - [MainProcess:27178] mummi_ras.online.simulation:has_computed_enough:352 - INFO - runtime_hours*0.99 = 0.495 vs delta_time = 0.4179774002234141 (length 27.5 ns) False False
2025-04-08 21:54:12,731 - [MainProcess:27178] mummi_ras.online.simulation:has_computed_enough:352 - INFO - runtime_hours*0.99 = 0.495 vs delta_time = 0.4185346562994851 (length 27.5 ns) False False
2025-04-08 21:54:14,737 - [MainProcess:27178] mummi_ras.online.simulation:has_computed_enough:352 - INFO - runtime_hours*0.99 = 0.495 vs delta_time = 0.4190920143657261 (length 27.5 ns) False False
2025-04-08 21:54:16,744 - [MainProcess:27178] mummi_ras.online.simulation:has_computed_enough:352 - INFO - runtime_hours*0.99 = 0.495 vs delta_time = 0.41964938779671984 (length 27.5 ns) False False
2025-04-08 21:54:18,750 - [MainProcess:27178] mummi_ras.online.simulation:has_computed_enough:352 - INFO - runtime_hours*0.99 = 0.495 vs delta_time = 0.4202066563897663 (length 27.5 ns) False False
2025-04-08 21:54:20,756 - [MainProcess:27178] mummi_ras.online.simulation:has_computed_enough:352 - INFO - runtime_hours*0.99 = 0.495 vs delta_time = 0.4207640375693639 (length 27.5 ns) False False
2025-04-08 21:54:22,763 - [MainProcess:27178] mummi_ras.online.simulation:has_computed_enough:352 - INFO - runtime_hours*0.99 = 0.495 vs delta_time = 0.421321384774314 (length 27.5 ns) False False
2025-04-08 21:54:24,769 - [MainProcess:27178] mummi_ras.online.simulation:has_computed_enough:352 - INFO - runtime_hours*0.99 = 0.495 vs delta_time = 0.42187874019145966 (length 27.5 ns) False False
2025-04-08 21:54:26,775 - [MainProcess:27178] mummi_ras.online.simulation:has_computed_enough:352 - INFO - runtime_hours*0.99 = 0.495 vs delta_time = 0.4224359799755944 (length 27.5 ns) False False
2025-04-08 21:54:28,782 - [MainProcess:27178] mummi_ras.online.simulation:has_computed_enough:352 - INFO - runtime_hours*0.99 = 0.495 vs delta_time = 0.4229933586385515 (length 27.5 ns) False False
2025-04-08 21:54:28,836 - [MainProcess:27178] mummi_ras.online.simulation:get_new_frames:399 - INFO - Getting all frame numbers in trajectory from 56 to 56.
2025-04-08 21:54:28,836 - [MainProcess:27178] mummi_ras.online.cg.cganalysis:run_main_analysis:193 - INFO - Process frame 56
2025-04-08 21:54:28,836 - [MainProcess:27178] mummi_ras.online.cg.cganalysis:processFrame:554 - INFO - Load 57 frames: current frame ID /tmp/mummi/cg/structure_iter00_000000000002-20250408_212846/traj_comp.xtc
2025-04-08 21:54:28,848 - [MainProcess:27178] mummi_ras.online.cg.cganalysis:processFrame:580 - INFO - Frame:    56, Time: 28000.000 ps, Bbox = [0, 180.68686, 0, 180.68686]
2025-04-08 21:54:28,848 - [MainProcess:27178] mummi_ras.online.cg.cganalysis:processFrame:584 - INFO - Lengths of layers: 662 28 495
2025-04-08 21:54:28,950 - [MainProcess:27178] mummi_ras.online.cg.cganalysis:processFrame:765 - INFO - Time for analysis - frameNum 56, time 0.1135869026184082 s
2025-04-08 21:54:30,950 - [MainProcess:27178] mummi_ras.online.simulation:has_computed_enough:352 - INFO - runtime_hours*0.99 = 0.495 vs delta_time = 0.42359573390748767 (length 28.0 ns) False False
2025-04-08 21:54:32,957 - [MainProcess:27178] mummi_ras.online.simulation:has_computed_enough:352 - INFO - runtime_hours*0.99 = 0.495 vs delta_time = 0.42415306210517884 (length 28.0 ns) False False
2025-04-08 21:54:34,963 - [MainProcess:27178] mummi_ras.online.simulation:has_computed_enough:352 - INFO - runtime_hours*0.99 = 0.495 vs delta_time = 0.42471037487188973 (length 28.0 ns) False False
2025-04-08 21:54:36,970 - [MainProcess:27178] mummi_ras.online.simulation:has_computed_enough:352 - INFO - runtime_hours*0.99 = 0.495 vs delta_time = 0.42526772108342914 (length 28.0 ns) False False
2025-04-08 21:54:38,976 - [MainProcess:27178] mummi_ras.online.simulation:has_computed_enough:352 - INFO - runtime_hours*0.99 = 0.495 vs delta_time = 0.4258250785536236 (length 28.0 ns) False False
2025-04-08 21:54:40,983 - [MainProcess:27178] mummi_ras.online.simulation:has_computed_enough:352 - INFO - runtime_hours*0.99 = 0.495 vs delta_time = 0.42638242655330233 (length 28.0 ns) False False
2025-04-08 21:54:42,989 - [MainProcess:27178] mummi_ras.online.simulation:has_computed_enough:352 - INFO - runtime_hours*0.99 = 0.495 vs delta_time = 0.4269396962059869 (length 28.0 ns) False False
2025-04-08 21:54:44,995 - [MainProcess:27178] mummi_ras.online.simulation:has_computed_enough:352 - INFO - runtime_hours*0.99 = 0.495 vs delta_time = 0.4274968825446235 (length 28.0 ns) False False
2025-04-08 21:54:47,001 - [MainProcess:27178] mummi_ras.online.simulation:has_computed_enough:352 - INFO - runtime_hours*0.99 = 0.495 vs delta_time = 0.4280542086892658 (length 28.0 ns) False False
2025-04-08 21:54:49,007 - [MainProcess:27178] mummi_ras.online.simulation:has_computed_enough:352 - INFO - runtime_hours*0.99 = 0.495 vs delta_time = 0.42861155602667067 (length 28.0 ns) False False
2025-04-08 21:54:51,014 - [MainProcess:27178] mummi_ras.online.simulation:has_computed_enough:352 - INFO - runtime_hours*0.99 = 0.495 vs delta_time = 0.4291689035627577 (length 28.0 ns) False False
2025-04-08 21:54:53,020 - [MainProcess:27178] mummi_ras.online.simulation:has_computed_enough:352 - INFO - runtime_hours*0.99 = 0.495 vs delta_time = 0.4297262389792336 (length 28.0 ns) False False
2025-04-08 21:54:55,026 - [MainProcess:27178] mummi_ras.online.simulation:has_computed_enough:352 - INFO - runtime_hours*0.99 = 0.495 vs delta_time = 0.4302835151884291 (length 28.0 ns) False False
2025-04-08 21:54:55,079 - [MainProcess:27178] mummi_ras.online.simulation:get_new_frames:399 - INFO - Getting all frame numbers in trajectory from 57 to 57.
2025-04-08 21:54:55,079 - [MainProcess:27178] mummi_ras.online.cg.cganalysis:run_main_analysis:193 - INFO - Process frame 57
2025-04-08 21:54:55,080 - [MainProcess:27178] mummi_ras.online.cg.cganalysis:processFrame:554 - INFO - Load 58 frames: current frame ID /tmp/mummi/cg/structure_iter00_000000000002-20250408_212846/traj_comp.xtc
2025-04-08 21:54:55,091 - [MainProcess:27178] mummi_ras.online.cg.cganalysis:processFrame:580 - INFO - Frame:    57, Time: 28500.000 ps, Bbox = [0, 179.67165, 0, 179.67165]
2025-04-08 21:54:55,091 - [MainProcess:27178] mummi_ras.online.cg.cganalysis:processFrame:584 - INFO - Lengths of layers: 661 28 496
2025-04-08 21:54:55,193 - [MainProcess:27178] mummi_ras.online.cg.cganalysis:processFrame:765 - INFO - Time for analysis - frameNum 57, time 0.11372256278991699 s
2025-04-08 21:54:57,194 - [MainProcess:27178] mummi_ras.online.simulation:has_computed_enough:352 - INFO - runtime_hours*0.99 = 0.495 vs delta_time = 0.43088554077678254 (length 28.5 ns) False False
2025-04-08 21:54:59,200 - [MainProcess:27178] mummi_ras.online.simulation:has_computed_enough:352 - INFO - runtime_hours*0.99 = 0.495 vs delta_time = 0.4314429610967636 (length 28.5 ns) False False
2025-04-08 21:55:01,206 - [MainProcess:27178] mummi_ras.online.simulation:has_computed_enough:352 - INFO - runtime_hours*0.99 = 0.495 vs delta_time = 0.43200018597973716 (length 28.5 ns) False False
2025-04-08 21:55:03,213 - [MainProcess:27178] mummi_ras.online.simulation:has_computed_enough:352 - INFO - runtime_hours*0.99 = 0.495 vs delta_time = 0.4325575539800856 (length 28.5 ns) False False
2025-04-08 21:55:05,220 - [MainProcess:27178] mummi_ras.online.simulation:has_computed_enough:352 - INFO - runtime_hours*0.99 = 0.495 vs delta_time = 0.43311491635110644 (length 28.5 ns) False False
2025-04-08 21:55:07,226 - [MainProcess:27178] mummi_ras.online.simulation:has_computed_enough:352 - INFO - runtime_hours*0.99 = 0.495 vs delta_time = 0.43367216911580825 (length 28.5 ns) False False
2025-04-08 21:55:09,232 - [MainProcess:27178] mummi_ras.online.simulation:has_computed_enough:352 - INFO - runtime_hours*0.99 = 0.495 vs delta_time = 0.434229513141844 (length 28.5 ns) False False
2025-04-08 21:55:11,239 - [MainProcess:27178] mummi_ras.online.simulation:has_computed_enough:352 - INFO - runtime_hours*0.99 = 0.495 vs delta_time = 0.4347868815395567 (length 28.5 ns) False False
2025-04-08 21:55:13,245 - [MainProcess:27178] mummi_ras.online.simulation:has_computed_enough:352 - INFO - runtime_hours*0.99 = 0.495 vs delta_time = 0.435344173974461 (length 28.5 ns) False False
2025-04-08 21:55:15,251 - [MainProcess:27178] mummi_ras.online.simulation:has_computed_enough:352 - INFO - runtime_hours*0.99 = 0.495 vs delta_time = 0.4359015390608046 (length 28.5 ns) False False
2025-04-08 21:55:17,258 - [MainProcess:27178] mummi_ras.online.simulation:has_computed_enough:352 - INFO - runtime_hours*0.99 = 0.495 vs delta_time = 0.4364588886499405 (length 28.5 ns) False False
2025-04-08 21:55:19,264 - [MainProcess:27178] mummi_ras.online.simulation:has_computed_enough:352 - INFO - runtime_hours*0.99 = 0.495 vs delta_time = 0.4370161510176129 (length 28.5 ns) False False
2025-04-08 21:55:21,271 - [MainProcess:27178] mummi_ras.online.simulation:has_computed_enough:352 - INFO - runtime_hours*0.99 = 0.495 vs delta_time = 0.4375735263029734 (length 28.5 ns) False False
2025-04-08 21:55:23,277 - [MainProcess:27178] mummi_ras.online.simulation:has_computed_enough:352 - INFO - runtime_hours*0.99 = 0.495 vs delta_time = 0.43813087125619254 (length 28.5 ns) False False
2025-04-08 21:55:23,329 - [MainProcess:27178] mummi_ras.online.simulation:get_new_frames:399 - INFO - Getting all frame numbers in trajectory from 58 to 58.
2025-04-08 21:55:23,329 - [MainProcess:27178] mummi_ras.online.cg.cganalysis:run_main_analysis:193 - INFO - Process frame 58
2025-04-08 21:55:23,329 - [MainProcess:27178] mummi_ras.online.cg.cganalysis:processFrame:554 - INFO - Load 59 frames: current frame ID /tmp/mummi/cg/structure_iter00_000000000002-20250408_212846/traj_comp.xtc
2025-04-08 21:55:23,340 - [MainProcess:27178] mummi_ras.online.cg.cganalysis:processFrame:580 - INFO - Frame:    58, Time: 29000.000 ps, Bbox = [0, 181.91383, 0, 181.91383]
2025-04-08 21:55:23,340 - [MainProcess:27178] mummi_ras.online.cg.cganalysis:processFrame:584 - INFO - Lengths of layers: 664 28 493
2025-04-08 21:55:23,443 - [MainProcess:27178] mummi_ras.online.cg.cganalysis:processFrame:765 - INFO - Time for analysis - frameNum 58, time 0.11397838592529297 s
2025-04-08 21:55:25,443 - [MainProcess:27178] mummi_ras.online.simulation:has_computed_enough:352 - INFO - runtime_hours*0.99 = 0.495 vs delta_time = 0.43873263577620186 (length 29.0 ns) False False
2025-04-08 21:55:27,450 - [MainProcess:27178] mummi_ras.online.simulation:has_computed_enough:352 - INFO - runtime_hours*0.99 = 0.495 vs delta_time = 0.43929004357920753 (length 29.0 ns) False False
2025-04-08 21:55:29,456 - [MainProcess:27178] mummi_ras.online.simulation:has_computed_enough:352 - INFO - runtime_hours*0.99 = 0.495 vs delta_time = 0.4398473892609278 (length 29.0 ns) False False
2025-04-08 21:55:31,463 - [MainProcess:27178] mummi_ras.online.simulation:has_computed_enough:352 - INFO - runtime_hours*0.99 = 0.495 vs delta_time = 0.4404046816296048 (length 29.0 ns) False False
2025-04-08 21:55:33,469 - [MainProcess:27178] mummi_ras.online.simulation:has_computed_enough:352 - INFO - runtime_hours*0.99 = 0.495 vs delta_time = 0.44096199366781447 (length 29.0 ns) False False
2025-04-08 21:55:35,475 - [MainProcess:27178] mummi_ras.online.simulation:has_computed_enough:352 - INFO - runtime_hours*0.99 = 0.495 vs delta_time = 0.4415193568335639 (length 29.0 ns) False False
2025-04-08 21:55:37,482 - [MainProcess:27178] mummi_ras.online.simulation:has_computed_enough:352 - INFO - runtime_hours*0.99 = 0.495 vs delta_time = 0.4420767121182548 (length 29.0 ns) False False
2025-04-08 21:55:39,488 - [MainProcess:27178] mummi_ras.online.simulation:has_computed_enough:352 - INFO - runtime_hours*0.99 = 0.495 vs delta_time = 0.4426340405808555 (length 29.0 ns) False False
2025-04-08 21:55:41,495 - [MainProcess:27178] mummi_ras.online.simulation:has_computed_enough:352 - INFO - runtime_hours*0.99 = 0.495 vs delta_time = 0.44319131745232476 (length 29.0 ns) False False
2025-04-08 21:55:43,501 - [MainProcess:27178] mummi_ras.online.simulation:has_computed_enough:352 - INFO - runtime_hours*0.99 = 0.495 vs delta_time = 0.44374866121345097 (length 29.0 ns) False False
2025-04-08 21:55:45,507 - [MainProcess:27178] mummi_ras.online.simulation:has_computed_enough:352 - INFO - runtime_hours*0.99 = 0.495 vs delta_time = 0.4443060231871075 (length 29.0 ns) False False
2025-04-08 21:55:47,514 - [MainProcess:27178] mummi_ras.online.simulation:has_computed_enough:352 - INFO - runtime_hours*0.99 = 0.495 vs delta_time = 0.4448633493317498 (length 29.0 ns) False False
2025-04-08 21:55:49,520 - [MainProcess:27178] mummi_ras.online.simulation:has_computed_enough:352 - INFO - runtime_hours*0.99 = 0.495 vs delta_time = 0.44542061838838787 (length 29.0 ns) False False
2025-04-08 21:55:49,573 - [MainProcess:27178] mummi_ras.online.simulation:get_new_frames:399 - INFO - Getting all frame numbers in trajectory from 59 to 59.
2025-04-08 21:55:49,574 - [MainProcess:27178] mummi_ras.online.cg.cganalysis:run_main_analysis:193 - INFO - Process frame 59
2025-04-08 21:55:49,574 - [MainProcess:27178] mummi_ras.online.cg.cganalysis:processFrame:554 - INFO - Load 60 frames: current frame ID /tmp/mummi/cg/structure_iter00_000000000002-20250408_212846/traj_comp.xtc
2025-04-08 21:55:49,585 - [MainProcess:27178] mummi_ras.online.cg.cganalysis:processFrame:580 - INFO - Frame:    59, Time: 29500.000 ps, Bbox = [0, 181.6914, 0, 181.6914]
2025-04-08 21:55:49,585 - [MainProcess:27178] mummi_ras.online.cg.cganalysis:processFrame:584 - INFO - Lengths of layers: 667 22 496
2025-04-08 21:55:49,687 - [MainProcess:27178] mummi_ras.online.cg.cganalysis:processFrame:765 - INFO - Time for analysis - frameNum 59, time 0.1136627197265625 s
2025-04-08 21:55:51,688 - [MainProcess:27178] mummi_ras.online.simulation:has_computed_enough:352 - INFO - runtime_hours*0.99 = 0.495 vs delta_time = 0.4460228141811159 (length 29.5 ns) False False
2025-04-08 21:55:51,694 - [MainProcess:27178] mummi_ras.online.cg.cganalysis:processOutput:92 - INFO - Add feedback for frameNum 50 - state []
2025-04-08 21:55:51,695 - [MainProcess:27178] mummi_ras.online.cg.cganalysis:processOutput:92 - INFO - Add feedback for frameNum 51 - state []
2025-04-08 21:55:51,695 - [MainProcess:27178] mummi_ras.online.cg.cganalysis:processOutput:92 - INFO - Add feedback for frameNum 52 - state []
2025-04-08 21:55:51,695 - [MainProcess:27178] mummi_ras.online.cg.cganalysis:processOutput:92 - INFO - Add feedback for frameNum 53 - state []
2025-04-08 21:55:51,695 - [MainProcess:27178] mummi_ras.online.cg.cganalysis:processOutput:92 - INFO - Add feedback for frameNum 54 - state []
2025-04-08 21:55:51,695 - [MainProcess:27178] mummi_ras.online.cg.cganalysis:processOutput:92 - INFO - Add feedback for frameNum 55 - state []
2025-04-08 21:55:51,695 - [MainProcess:27178] mummi_ras.online.cg.cganalysis:processOutput:92 - INFO - Add feedback for frameNum 56 - state []
2025-04-08 21:55:51,695 - [MainProcess:27178] mummi_ras.online.cg.cganalysis:processOutput:92 - INFO - Add feedback for frameNum 57 - state []
2025-04-08 21:55:51,696 - [MainProcess:27178] mummi_ras.online.cg.cganalysis:processOutput:92 - INFO - Add feedback for frameNum 58 - state []
2025-04-08 21:55:51,696 - [MainProcess:27178] mummi_ras.online.cg.cganalysis:processOutput:92 - INFO - Add feedback for frameNum 59 - state []
2025-04-08 21:55:52,884 - [MainProcess:27178] mummi_core.interfaces.simple:_save_files:91 - INFO - Wrote 10 files to (/p/gpfs1/pottier1/minimummi-sc25/roots/root3/feedback-cg2ml/002)
2025-04-08 21:55:52,884 - [MainProcess:27178] mummi_ras.feedback.feedback_manager_cg2ml:report:118 - INFO - Added 10 frames (from structure_iter00_000000000002) to feedback (/p/gpfs1/pottier1/minimummi-sc25/roots/root3/feedback-cg2ml)
2025-04-08 21:55:52,885 - [MainProcess:27178] mummi_ras.online.cg.cganalysis:processOutput:112 - INFO - processOutput: 59
2025-04-08 21:55:52,885 - [MainProcess:27178] mummi_ras.online.cg.cganalysis:copyRemoteRestart:452 - INFO - Copy to remote frames [50, 51, 52, 53, 54, 55, 56, 57, 58, 59]
2025-04-08 21:55:53,038 - [MainProcess:27178] mummi_core.utils.utilities:sys_call:184 - INFO - Run command: rsync -va --no-g traj_comp.xtc topol.tpr state.cpt ener.edr md.log mdrun.log /p/gpfs1/pottier1/minimummi-sc25/roots/root3/sims-cg/structure_iter00_000000000002 || true
2025-04-08 21:55:53,480 - [MainProcess:27178] mummi_ras.interfaces.mummi:save_analysis_data:253 - INFO - Saved all analysis data for frames [50, 51, 52, 53, 54, 55, 56, 57, 58, 59]
2025-04-08 21:55:53,480 - [MainProcess:27178] mummi_ras.online.cg.cganalysis:copyRemoteLogs:350 - INFO - Copy over log files
2025-04-08 21:55:53,515 - [MainProcess:27178] mummi_core.utils.utilities:sys_call:184 - INFO - Run command: cp -r  /tmp/mummi/cg/structure_iter00_000000000002-20250408_212846/cg_analysis.out /tmp/mummi/cg/structure_iter00_000000000002-20250408_212846/traj_comp.xtc /tmp/mummi/cg/structure_iter00_000000000002-20250408_212846/*.log /p/gpfs1/pottier1/minimummi-sc25/roots/root3/sims-cg/structure_iter00_000000000002/ || true
2025-04-08 21:55:53,516 - [MainProcess:27178] mummi_ras.online.cg.cganalysis:copyRemoteLogs:365 - INFO - copyRemoteLogs =  /tmp/mummi/cg/structure_iter00_000000000002-20250408_212846/cg_analysis.out /tmp/mummi/cg/structure_iter00_000000000002-20250408_212846/traj_comp.xtc /tmp/mummi/cg/structure_iter00_000000000002-20250408_212846/*.log
2025-04-08 21:55:53,516 - [MainProcess:27178] mummi_ras.online.cg.cganalysis:cleanupLocal:375 - WARNING - Copy cleanup local only works for ddcMD files
2025-04-08 21:55:55,516 - [MainProcess:27178] mummi_ras.online.simulation:has_computed_enough:352 - INFO - runtime_hours*0.99 = 0.495 vs delta_time = 0.44708612991703883 (length 29.5 ns) False False
2025-04-08 21:55:57,520 - [MainProcess:27178] mummi_ras.online.simulation:has_computed_enough:352 - INFO - runtime_hours*0.99 = 0.495 vs delta_time = 0.4476427604754766 (length 29.5 ns) False False
2025-04-08 21:55:59,524 - [MainProcess:27178] mummi_ras.online.simulation:has_computed_enough:352 - INFO - runtime_hours*0.99 = 0.495 vs delta_time = 0.44819936725828385 (length 29.5 ns) False False
2025-04-08 21:56:01,527 - [MainProcess:27178] mummi_ras.online.simulation:has_computed_enough:352 - INFO - runtime_hours*0.99 = 0.495 vs delta_time = 0.44875599483648937 (length 29.5 ns) False False
2025-04-08 21:56:03,531 - [MainProcess:27178] mummi_ras.online.simulation:has_computed_enough:352 - INFO - runtime_hours*0.99 = 0.495 vs delta_time = 0.44931263155407375 (length 29.5 ns) False False
2025-04-08 21:56:05,535 - [MainProcess:27178] mummi_ras.online.simulation:has_computed_enough:352 - INFO - runtime_hours*0.99 = 0.495 vs delta_time = 0.44986925774150427 (length 29.5 ns) False False
2025-04-08 21:56:07,539 - [MainProcess:27178] mummi_ras.online.simulation:has_computed_enough:352 - INFO - runtime_hours*0.99 = 0.495 vs delta_time = 0.45042585968971255 (length 29.5 ns) False False
2025-04-08 21:56:09,543 - [MainProcess:27178] mummi_ras.online.simulation:has_computed_enough:352 - INFO - runtime_hours*0.99 = 0.495 vs delta_time = 0.45098246223396726 (length 29.5 ns) False False
2025-04-08 21:56:11,546 - [MainProcess:27178] mummi_ras.online.simulation:has_computed_enough:352 - INFO - runtime_hours*0.99 = 0.495 vs delta_time = 0.45153905775811937 (length 29.5 ns) False False
2025-04-08 21:56:13,550 - [MainProcess:27178] mummi_ras.online.simulation:has_computed_enough:352 - INFO - runtime_hours*0.99 = 0.495 vs delta_time = 0.4520956575870514 (length 29.5 ns) False False
2025-04-08 21:56:15,554 - [MainProcess:27178] mummi_ras.online.simulation:has_computed_enough:352 - INFO - runtime_hours*0.99 = 0.495 vs delta_time = 0.45265225821071203 (length 29.5 ns) False False
2025-04-08 21:56:17,558 - [MainProcess:27178] mummi_ras.online.simulation:has_computed_enough:352 - INFO - runtime_hours*0.99 = 0.495 vs delta_time = 0.45320885565545826 (length 29.5 ns) False False
2025-04-08 21:56:17,591 - [MainProcess:27178] mummi_ras.online.simulation:get_new_frames:399 - INFO - Getting all frame numbers in trajectory from 60 to 60.
2025-04-08 21:56:17,591 - [MainProcess:27178] mummi_ras.online.cg.cganalysis:run_main_analysis:193 - INFO - Process frame 60
2025-04-08 21:56:17,591 - [MainProcess:27178] mummi_ras.online.cg.cganalysis:processFrame:554 - INFO - Load 61 frames: current frame ID /tmp/mummi/cg/structure_iter00_000000000002-20250408_212846/traj_comp.xtc
2025-04-08 21:56:17,598 - [MainProcess:27178] mummi_ras.online.cg.cganalysis:processFrame:580 - INFO - Frame:    60, Time: 30000.000 ps, Bbox = [0, 181.8103, 0, 181.8103]
2025-04-08 21:56:17,598 - [MainProcess:27178] mummi_ras.online.cg.cganalysis:processFrame:584 - INFO - Lengths of layers: 667 25 493
2025-04-08 21:56:17,659 - [MainProcess:27178] mummi_ras.online.cg.cganalysis:processFrame:765 - INFO - Time for analysis - frameNum 60, time 0.06739306449890137 s
2025-04-08 21:56:19,659 - [MainProcess:27178] mummi_ras.online.simulation:has_computed_enough:352 - INFO - runtime_hours*0.99 = 0.495 vs delta_time = 0.453792592353291 (length 30.0 ns) False False
2025-04-08 21:56:21,663 - [MainProcess:27178] mummi_ras.online.simulation:has_computed_enough:352 - INFO - runtime_hours*0.99 = 0.495 vs delta_time = 0.4543492745690876 (length 30.0 ns) False False
2025-04-08 21:56:23,667 - [MainProcess:27178] mummi_ras.online.simulation:has_computed_enough:352 - INFO - runtime_hours*0.99 = 0.495 vs delta_time = 0.45490591731336383 (length 30.0 ns) False False
2025-04-08 21:56:25,671 - [MainProcess:27178] mummi_ras.online.simulation:has_computed_enough:352 - INFO - runtime_hours*0.99 = 0.495 vs delta_time = 0.4554625577396817 (length 30.0 ns) False False
2025-04-08 21:56:27,675 - [MainProcess:27178] mummi_ras.online.simulation:has_computed_enough:352 - INFO - runtime_hours*0.99 = 0.495 vs delta_time = 0.4560191893577576 (length 30.0 ns) False False
2025-04-08 21:56:29,679 - [MainProcess:27178] mummi_ras.online.simulation:has_computed_enough:352 - INFO - runtime_hours*0.99 = 0.495 vs delta_time = 0.45657582342624664 (length 30.0 ns) False False
2025-04-08 21:56:31,683 - [MainProcess:27178] mummi_ras.online.simulation:has_computed_enough:352 - INFO - runtime_hours*0.99 = 0.495 vs delta_time = 0.45713245650132495 (length 30.0 ns) False False
2025-04-08 21:56:33,687 - [MainProcess:27178] mummi_ras.online.simulation:has_computed_enough:352 - INFO - runtime_hours*0.99 = 0.495 vs delta_time = 0.4576890883843104 (length 30.0 ns) False False
2025-04-08 21:56:35,690 - [MainProcess:27178] mummi_ras.online.simulation:has_computed_enough:352 - INFO - runtime_hours*0.99 = 0.495 vs delta_time = 0.4582457215256161 (length 30.0 ns) False False
2025-04-08 21:56:37,694 - [MainProcess:27178] mummi_ras.online.simulation:has_computed_enough:352 - INFO - runtime_hours*0.99 = 0.495 vs delta_time = 0.4588023564550612 (length 30.0 ns) False False
2025-04-08 21:56:39,698 - [MainProcess:27178] mummi_ras.online.simulation:has_computed_enough:352 - INFO - runtime_hours*0.99 = 0.495 vs delta_time = 0.45935898840427397 (length 30.0 ns) False False
2025-04-08 21:56:41,702 - [MainProcess:27178] mummi_ras.online.simulation:has_computed_enough:352 - INFO - runtime_hours*0.99 = 0.495 vs delta_time = 0.45991562485694887 (length 30.0 ns) False False
2025-04-08 21:56:43,706 - [MainProcess:27178] mummi_ras.online.simulation:has_computed_enough:352 - INFO - runtime_hours*0.99 = 0.495 vs delta_time = 0.46047225515047707 (length 30.0 ns) False False
2025-04-08 21:56:45,710 - [MainProcess:27178] mummi_ras.online.simulation:has_computed_enough:352 - INFO - runtime_hours*0.99 = 0.495 vs delta_time = 0.4610288874308268 (length 30.0 ns) False False
2025-04-08 21:56:45,742 - [MainProcess:27178] mummi_ras.online.simulation:get_new_frames:399 - INFO - Getting all frame numbers in trajectory from 61 to 61.
2025-04-08 21:56:45,742 - [MainProcess:27178] mummi_ras.online.cg.cganalysis:run_main_analysis:193 - INFO - Process frame 61
2025-04-08 21:56:45,742 - [MainProcess:27178] mummi_ras.online.cg.cganalysis:processFrame:554 - INFO - Load 62 frames: current frame ID /tmp/mummi/cg/structure_iter00_000000000002-20250408_212846/traj_comp.xtc
2025-04-08 21:56:45,749 - [MainProcess:27178] mummi_ras.online.cg.cganalysis:processFrame:580 - INFO - Frame:    61, Time: 30500.000 ps, Bbox = [0, 181.62097, 0, 181.62097]
2025-04-08 21:56:45,749 - [MainProcess:27178] mummi_ras.online.cg.cganalysis:processFrame:584 - INFO - Lengths of layers: 666 28 491
2025-04-08 21:56:45,810 - [MainProcess:27178] mummi_ras.online.cg.cganalysis:processFrame:765 - INFO - Time for analysis - frameNum 61, time 0.06728291511535645 s
2025-04-08 21:56:47,810 - [MainProcess:27178] mummi_ras.online.simulation:has_computed_enough:352 - INFO - runtime_hours*0.99 = 0.495 vs delta_time = 0.461612335840861 (length 30.5 ns) False False
2025-04-08 21:56:49,814 - [MainProcess:27178] mummi_ras.online.simulation:has_computed_enough:352 - INFO - runtime_hours*0.99 = 0.495 vs delta_time = 0.4621689944134818 (length 30.5 ns) False False
2025-04-08 21:56:51,818 - [MainProcess:27178] mummi_ras.online.simulation:has_computed_enough:352 - INFO - runtime_hours*0.99 = 0.495 vs delta_time = 0.46272559808360203 (length 30.5 ns) False False
2025-04-08 21:56:53,822 - [MainProcess:27178] mummi_ras.online.simulation:has_computed_enough:352 - INFO - runtime_hours*0.99 = 0.495 vs delta_time = 0.4632821957932578 (length 30.5 ns) False False
2025-04-08 21:56:55,825 - [MainProcess:27178] mummi_ras.online.simulation:has_computed_enough:352 - INFO - runtime_hours*0.99 = 0.495 vs delta_time = 0.46383879019154445 (length 30.5 ns) False False
2025-04-08 21:56:57,829 - [MainProcess:27178] mummi_ras.online.simulation:has_computed_enough:352 - INFO - runtime_hours*0.99 = 0.495 vs delta_time = 0.46439538419246673 (length 30.5 ns) False False
2025-04-08 21:56:59,833 - [MainProcess:27178] mummi_ras.online.simulation:has_computed_enough:352 - INFO - runtime_hours*0.99 = 0.495 vs delta_time = 0.4649519760078854 (length 30.5 ns) False False
2025-04-08 21:57:01,837 - [MainProcess:27178] mummi_ras.online.simulation:has_computed_enough:352 - INFO - runtime_hours*0.99 = 0.495 vs delta_time = 0.4655085686180327 (length 30.5 ns) False False
2025-04-08 21:57:03,840 - [MainProcess:27178] mummi_ras.online.simulation:has_computed_enough:352 - INFO - runtime_hours*0.99 = 0.495 vs delta_time = 0.4660651604996787 (length 30.5 ns) False False
2025-04-08 21:57:05,844 - [MainProcess:27178] mummi_ras.online.simulation:has_computed_enough:352 - INFO - runtime_hours*0.99 = 0.495 vs delta_time = 0.466621775759591 (length 30.5 ns) False False
2025-04-08 21:57:07,848 - [MainProcess:27178] mummi_ras.online.simulation:has_computed_enough:352 - INFO - runtime_hours*0.99 = 0.495 vs delta_time = 0.46717840413252515 (length 30.5 ns) False False
2025-04-08 21:57:09,852 - [MainProcess:27178] mummi_ras.online.simulation:has_computed_enough:352 - INFO - runtime_hours*0.99 = 0.495 vs delta_time = 0.4677350352870093 (length 30.5 ns) False False
2025-04-08 21:57:11,856 - [MainProcess:27178] mummi_ras.online.simulation:has_computed_enough:352 - INFO - runtime_hours*0.99 = 0.495 vs delta_time = 0.4682916525999705 (length 30.5 ns) False False
2025-04-08 21:57:11,890 - [MainProcess:27178] mummi_ras.online.simulation:get_new_frames:399 - INFO - Getting all frame numbers in trajectory from 62 to 62.
2025-04-08 21:57:11,890 - [MainProcess:27178] mummi_ras.online.cg.cganalysis:run_main_analysis:193 - INFO - Process frame 62
2025-04-08 21:57:11,890 - [MainProcess:27178] mummi_ras.online.cg.cganalysis:processFrame:554 - INFO - Load 63 frames: current frame ID /tmp/mummi/cg/structure_iter00_000000000002-20250408_212846/traj_comp.xtc
2025-04-08 21:57:11,897 - [MainProcess:27178] mummi_ras.online.cg.cganalysis:processFrame:580 - INFO - Frame:    62, Time: 31000.000 ps, Bbox = [0, 180.34464, 0, 180.34464]
2025-04-08 21:57:11,897 - [MainProcess:27178] mummi_ras.online.cg.cganalysis:processFrame:584 - INFO - Lengths of layers: 667 26 492
2025-04-08 21:57:11,958 - [MainProcess:27178] mummi_ras.online.cg.cganalysis:processFrame:765 - INFO - Time for analysis - frameNum 62, time 0.06740927696228027 s
2025-04-08 21:57:13,958 - [MainProcess:27178] mummi_ras.online.simulation:has_computed_enough:352 - INFO - runtime_hours*0.99 = 0.495 vs delta_time = 0.4688756385114458 (length 31.0 ns) False False
2025-04-08 21:57:15,962 - [MainProcess:27178] mummi_ras.online.simulation:has_computed_enough:352 - INFO - runtime_hours*0.99 = 0.495 vs delta_time = 0.4694323240386115 (length 31.0 ns) False False
2025-04-08 21:57:17,966 - [MainProcess:27178] mummi_ras.online.simulation:has_computed_enough:352 - INFO - runtime_hours*0.99 = 0.495 vs delta_time = 0.46998896618684133 (length 31.0 ns) False False
2025-04-08 21:57:19,970 - [MainProcess:27178] mummi_ras.online.simulation:has_computed_enough:352 - INFO - runtime_hours*0.99 = 0.495 vs delta_time = 0.47054560502370196 (length 31.0 ns) False False
2025-04-08 21:57:21,974 - [MainProcess:27178] mummi_ras.online.simulation:has_computed_enough:352 - INFO - runtime_hours*0.99 = 0.495 vs delta_time = 0.4711022404829661 (length 31.0 ns) False False
2025-04-08 21:57:23,978 - [MainProcess:27178] mummi_ras.online.simulation:has_computed_enough:352 - INFO - runtime_hours*0.99 = 0.495 vs delta_time = 0.4716588724984063 (length 31.0 ns) False False
2025-04-08 21:57:25,982 - [MainProcess:27178] mummi_ras.online.simulation:has_computed_enough:352 - INFO - runtime_hours*0.99 = 0.495 vs delta_time = 0.47221550948090024 (length 31.0 ns) False False
2025-04-08 21:57:27,986 - [MainProcess:27178] mummi_ras.online.simulation:has_computed_enough:352 - INFO - runtime_hours*0.99 = 0.495 vs delta_time = 0.47277214388052624 (length 31.0 ns) False False
2025-04-08 21:57:29,989 - [MainProcess:27178] mummi_ras.online.simulation:has_computed_enough:352 - INFO - runtime_hours*0.99 = 0.495 vs delta_time = 0.47332877814769747 (length 31.0 ns) False False
2025-04-08 21:57:31,993 - [MainProcess:27178] mummi_ras.online.simulation:has_computed_enough:352 - INFO - runtime_hours*0.99 = 0.495 vs delta_time = 0.4738854138718711 (length 31.0 ns) False False
2025-04-08 21:57:33,997 - [MainProcess:27178] mummi_ras.online.simulation:has_computed_enough:352 - INFO - runtime_hours*0.99 = 0.495 vs delta_time = 0.47444204489390057 (length 31.0 ns) False False
2025-04-08 21:57:36,001 - [MainProcess:27178] mummi_ras.online.simulation:has_computed_enough:352 - INFO - runtime_hours*0.99 = 0.495 vs delta_time = 0.47499868194262185 (length 31.0 ns) False False
2025-04-08 21:57:38,005 - [MainProcess:27178] mummi_ras.online.simulation:has_computed_enough:352 - INFO - runtime_hours*0.99 = 0.495 vs delta_time = 0.47555531799793244 (length 31.0 ns) False False
2025-04-08 21:57:40,009 - [MainProcess:27178] mummi_ras.online.simulation:has_computed_enough:352 - INFO - runtime_hours*0.99 = 0.495 vs delta_time = 0.4761119458410475 (length 31.0 ns) False False
2025-04-08 21:57:40,041 - [MainProcess:27178] mummi_ras.online.simulation:get_new_frames:399 - INFO - Getting all frame numbers in trajectory from 63 to 63.
2025-04-08 21:57:40,042 - [MainProcess:27178] mummi_ras.online.cg.cganalysis:run_main_analysis:193 - INFO - Process frame 63
2025-04-08 21:57:40,042 - [MainProcess:27178] mummi_ras.online.cg.cganalysis:processFrame:554 - INFO - Load 64 frames: current frame ID /tmp/mummi/cg/structure_iter00_000000000002-20250408_212846/traj_comp.xtc
2025-04-08 21:57:40,048 - [MainProcess:27178] mummi_ras.online.cg.cganalysis:processFrame:580 - INFO - Frame:    63, Time: 31500.000 ps, Bbox = [0, 180.79199, 0, 180.79199]
2025-04-08 21:57:40,049 - [MainProcess:27178] mummi_ras.online.cg.cganalysis:processFrame:584 - INFO - Lengths of layers: 669 27 489
2025-04-08 21:57:40,109 - [MainProcess:27178] mummi_ras.online.cg.cganalysis:processFrame:765 - INFO - Time for analysis - frameNum 63, time 0.06731009483337402 s
2025-04-08 21:57:42,109 - [MainProcess:27178] mummi_ras.online.simulation:has_computed_enough:352 - INFO - runtime_hours*0.99 = 0.495 vs delta_time = 0.4766954628626506 (length 31.5 ns) False False
2025-04-08 21:57:44,113 - [MainProcess:27178] mummi_ras.online.simulation:has_computed_enough:352 - INFO - runtime_hours*0.99 = 0.495 vs delta_time = 0.4772520713011424 (length 31.5 ns) False False
2025-04-08 21:57:46,117 - [MainProcess:27178] mummi_ras.online.simulation:has_computed_enough:352 - INFO - runtime_hours*0.99 = 0.495 vs delta_time = 0.4778086452351676 (length 31.5 ns) False False
2025-04-08 21:57:48,121 - [MainProcess:27178] mummi_ras.online.simulation:has_computed_enough:352 - INFO - runtime_hours*0.99 = 0.495 vs delta_time = 0.47836521089076994 (length 31.5 ns) False False
2025-04-08 21:57:50,124 - [MainProcess:27178] mummi_ras.online.simulation:has_computed_enough:352 - INFO - runtime_hours*0.99 = 0.495 vs delta_time = 0.4789217919773526 (length 31.5 ns) False False
2025-04-08 21:57:52,128 - [MainProcess:27178] mummi_ras.online.simulation:has_computed_enough:352 - INFO - runtime_hours*0.99 = 0.495 vs delta_time = 0.4794783468378915 (length 31.5 ns) False False
2025-04-08 21:57:54,131 - [MainProcess:27178] mummi_ras.online.simulation:has_computed_enough:352 - INFO - runtime_hours*0.99 = 0.495 vs delta_time = 0.4800349060032103 (length 31.5 ns) False False
2025-04-08 21:57:56,135 - [MainProcess:27178] mummi_ras.online.simulation:has_computed_enough:352 - INFO - runtime_hours*0.99 = 0.495 vs delta_time = 0.4805914647049374 (length 31.5 ns) False False
2025-04-08 21:57:58,139 - [MainProcess:27178] mummi_ras.online.simulation:has_computed_enough:352 - INFO - runtime_hours*0.99 = 0.495 vs delta_time = 0.48114802221457165 (length 31.5 ns) False False
2025-04-08 21:58:00,142 - [MainProcess:27178] mummi_ras.online.simulation:has_computed_enough:352 - INFO - runtime_hours*0.99 = 0.495 vs delta_time = 0.4817045823070738 (length 31.5 ns) False False
2025-04-08 21:58:02,146 - [MainProcess:27178] mummi_ras.online.simulation:has_computed_enough:352 - INFO - runtime_hours*0.99 = 0.495 vs delta_time = 0.4822611397504806 (length 31.5 ns) False False
2025-04-08 21:58:04,149 - [MainProcess:27178] mummi_ras.online.simulation:has_computed_enough:352 - INFO - runtime_hours*0.99 = 0.495 vs delta_time = 0.48281769262419805 (length 31.5 ns) False False
2025-04-08 21:58:06,153 - [MainProcess:27178] mummi_ras.online.simulation:has_computed_enough:352 - INFO - runtime_hours*0.99 = 0.495 vs delta_time = 0.48337425781620874 (length 31.5 ns) False False
2025-04-08 21:58:06,277 - [MainProcess:27178] mummi_ras.online.simulation:get_new_frames:399 - INFO - Getting all frame numbers in trajectory from 64 to 64.
2025-04-08 21:58:06,277 - [MainProcess:27178] mummi_ras.online.cg.cganalysis:run_main_analysis:193 - INFO - Process frame 64
2025-04-08 21:58:06,277 - [MainProcess:27178] mummi_ras.online.cg.cganalysis:processFrame:554 - INFO - Load 65 frames: current frame ID /tmp/mummi/cg/structure_iter00_000000000002-20250408_212846/traj_comp.xtc
2025-04-08 21:58:06,284 - [MainProcess:27178] mummi_ras.online.cg.cganalysis:processFrame:580 - INFO - Frame:    64, Time: 32000.000 ps, Bbox = [0, 179.73477, 0, 179.73477]
2025-04-08 21:58:06,284 - [MainProcess:27178] mummi_ras.online.cg.cganalysis:processFrame:584 - INFO - Lengths of layers: 668 26 491
2025-04-08 21:58:06,344 - [MainProcess:27178] mummi_ras.online.cg.cganalysis:processFrame:765 - INFO - Time for analysis - frameNum 64, time 0.06713008880615234 s
2025-04-08 21:58:08,345 - [MainProcess:27178] mummi_ras.online.simulation:has_computed_enough:352 - INFO - runtime_hours*0.99 = 0.495 vs delta_time = 0.4839829911788305 (length 32.0 ns) False False
2025-04-08 21:58:10,348 - [MainProcess:27178] mummi_ras.online.simulation:has_computed_enough:352 - INFO - runtime_hours*0.99 = 0.495 vs delta_time = 0.48453962604204814 (length 32.0 ns) False False
2025-04-08 21:58:12,352 - [MainProcess:27178] mummi_ras.online.simulation:has_computed_enough:352 - INFO - runtime_hours*0.99 = 0.495 vs delta_time = 0.48509626388549804 (length 32.0 ns) False False
2025-04-08 21:58:14,356 - [MainProcess:27178] mummi_ras.online.simulation:has_computed_enough:352 - INFO - runtime_hours*0.99 = 0.495 vs delta_time = 0.4856528914637036 (length 32.0 ns) False False
2025-04-08 21:58:16,360 - [MainProcess:27178] mummi_ras.online.simulation:has_computed_enough:352 - INFO - runtime_hours*0.99 = 0.495 vs delta_time = 0.486209510895941 (length 32.0 ns) False False
2025-04-08 21:58:18,364 - [MainProcess:27178] mummi_ras.online.simulation:has_computed_enough:352 - INFO - runtime_hours*0.99 = 0.495 vs delta_time = 0.48676610469818116 (length 32.0 ns) False False
2025-04-08 21:58:20,368 - [MainProcess:27178] mummi_ras.online.simulation:has_computed_enough:352 - INFO - runtime_hours*0.99 = 0.495 vs delta_time = 0.4873227024740643 (length 32.0 ns) False False
2025-04-08 21:58:22,371 - [MainProcess:27178] mummi_ras.online.simulation:has_computed_enough:352 - INFO - runtime_hours*0.99 = 0.495 vs delta_time = 0.4878792936934365 (length 32.0 ns) False False
2025-04-08 21:58:24,375 - [MainProcess:27178] mummi_ras.online.simulation:has_computed_enough:352 - INFO - runtime_hours*0.99 = 0.495 vs delta_time = 0.4884358859062195 (length 32.0 ns) False False
2025-04-08 21:58:26,379 - [MainProcess:27178] mummi_ras.online.simulation:has_computed_enough:352 - INFO - runtime_hours*0.99 = 0.495 vs delta_time = 0.48899247580104405 (length 32.0 ns) False False
2025-04-08 21:58:28,382 - [MainProcess:27178] mummi_ras.online.simulation:has_computed_enough:352 - INFO - runtime_hours*0.99 = 0.495 vs delta_time = 0.4895490704642402 (length 32.0 ns) False False
2025-04-08 21:58:30,386 - [MainProcess:27178] mummi_ras.online.simulation:has_computed_enough:352 - INFO - runtime_hours*0.99 = 0.495 vs delta_time = 0.49010567280981276 (length 32.0 ns) False False
2025-04-08 21:58:32,390 - [MainProcess:27178] mummi_ras.online.simulation:has_computed_enough:352 - INFO - runtime_hours*0.99 = 0.495 vs delta_time = 0.490662263168229 (length 32.0 ns) False False
2025-04-08 21:58:34,394 - [MainProcess:27178] mummi_ras.online.simulation:has_computed_enough:352 - INFO - runtime_hours*0.99 = 0.495 vs delta_time = 0.4912188498179118 (length 32.0 ns) False False
2025-04-08 21:58:34,427 - [MainProcess:27178] mummi_ras.online.simulation:get_new_frames:399 - INFO - Getting all frame numbers in trajectory from 65 to 65.
2025-04-08 21:58:34,427 - [MainProcess:27178] mummi_ras.online.cg.cganalysis:run_main_analysis:193 - INFO - Process frame 65
2025-04-08 21:58:34,427 - [MainProcess:27178] mummi_ras.online.cg.cganalysis:processFrame:554 - INFO - Load 66 frames: current frame ID /tmp/mummi/cg/structure_iter00_000000000002-20250408_212846/traj_comp.xtc
2025-04-08 21:58:34,434 - [MainProcess:27178] mummi_ras.online.cg.cganalysis:processFrame:580 - INFO - Frame:    65, Time: 32500.000 ps, Bbox = [0, 180.69595, 0, 180.69595]
2025-04-08 21:58:34,434 - [MainProcess:27178] mummi_ras.online.cg.cganalysis:processFrame:584 - INFO - Lengths of layers: 667 30 488
2025-04-08 21:58:34,494 - [MainProcess:27178] mummi_ras.online.cg.cganalysis:processFrame:765 - INFO - Time for analysis - frameNum 65, time 0.06680774688720703 s
2025-04-08 21:58:36,495 - [MainProcess:27178] mummi_ras.online.simulation:has_computed_enough:352 - INFO - runtime_hours*0.99 = 0.495 vs delta_time = 0.4918024575048023 (length 32.5 ns) False False
2025-04-08 21:58:38,498 - [MainProcess:27178] mummi_ras.online.simulation:has_computed_enough:352 - INFO - runtime_hours*0.99 = 0.495 vs delta_time = 0.4923590604464213 (length 32.5 ns) False False
2025-04-08 21:58:40,502 - [MainProcess:27178] mummi_ras.online.simulation:has_computed_enough:352 - INFO - runtime_hours*0.99 = 0.495 vs delta_time = 0.49291564100318486 (length 32.5 ns) False False
2025-04-08 21:58:42,506 - [MainProcess:27178] mummi_ras.online.simulation:has_computed_enough:352 - INFO - runtime_hours*0.99 = 0.495 vs delta_time = 0.49347220189041563 (length 32.5 ns) False False
2025-04-08 21:58:44,509 - [MainProcess:27178] mummi_ras.online.simulation:has_computed_enough:352 - INFO - runtime_hours*0.99 = 0.495 vs delta_time = 0.4940287575456831 (length 32.5 ns) False False
2025-04-08 21:58:46,513 - [MainProcess:27178] mummi_ras.online.simulation:has_computed_enough:352 - INFO - runtime_hours*0.99 = 0.495 vs delta_time = 0.494585317240821 (length 32.5 ns) False False
2025-04-08 21:58:48,517 - [MainProcess:27178] mummi_ras.online.simulation:has_computed_enough:352 - INFO - runtime_hours*0.99 = 0.495 vs delta_time = 0.4951418724324968 (length 32.5 ns) True False
2025-04-08 21:58:48,517 - [MainProcess:27178] mummi_ras.online.simulation:has_computed_enough:355 - INFO - TEST False
2025-04-08 21:58:48,519 - [MainProcess:27178] mummi_core.interfaces.base:send_signal:280 - INFO - Saved signal (/p/gpfs1/pottier1/minimummi-sc25/roots/root3/sims-cg/structure_iter00_000000000002/cg_success)
2025-04-08 21:58:48,519 - [MainProcess:27178] mummi_ras.online.simulation:has_computed_enough:358 - INFO - Setting success flag for /p/gpfs1/pottier1/minimummi-sc25/roots/root3/sims-cg/structure_iter00_000000000002 (runtime 0.4951418724324968 hours) (length 32.5 ns)
2025-04-08 21:58:48,520 - [MainProcess:27178] mummi_ras.online.cg.cganalysis:run_main_analysis:232 - INFO - Sim structure_iter00_000000000002 IS DONE
2025-04-08 21:58:48,520 - [MainProcess:27178] mummi_ras.online.simulation:stop:135 - INFO - Stopping simulation structure_iter00_000000000002
2025-04-08 21:58:48,520 - [MainProcess:27178] mummi_ras.online.cg.cganalysis:processOutput:92 - INFO - Add feedback for frameNum 60 - state []
2025-04-08 21:58:48,520 - [MainProcess:27178] mummi_ras.online.cg.cganalysis:processOutput:92 - INFO - Add feedback for frameNum 61 - state []
2025-04-08 21:58:48,520 - [MainProcess:27178] mummi_ras.online.cg.cganalysis:processOutput:92 - INFO - Add feedback for frameNum 62 - state []
2025-04-08 21:58:48,520 - [MainProcess:27178] mummi_ras.online.cg.cganalysis:processOutput:92 - INFO - Add feedback for frameNum 63 - state []
2025-04-08 21:58:48,520 - [MainProcess:27178] mummi_ras.online.cg.cganalysis:processOutput:92 - INFO - Add feedback for frameNum 64 - state []
2025-04-08 21:58:48,520 - [MainProcess:27178] mummi_ras.online.cg.cganalysis:processOutput:92 - INFO - Add feedback for frameNum 65 - state []
2025-04-08 21:58:48,527 - [MainProcess:27178] mummi_core.interfaces.simple:_save_files:91 - INFO - Wrote 6 files to (/p/gpfs1/pottier1/minimummi-sc25/roots/root3/feedback-cg2ml/002)
2025-04-08 21:58:48,527 - [MainProcess:27178] mummi_ras.feedback.feedback_manager_cg2ml:report:118 - INFO - Added 6 frames (from structure_iter00_000000000002) to feedback (/p/gpfs1/pottier1/minimummi-sc25/roots/root3/feedback-cg2ml)
2025-04-08 21:58:48,527 - [MainProcess:27178] mummi_ras.online.cg.cganalysis:processOutput:112 - INFO - processOutput: 65
2025-04-08 21:58:48,527 - [MainProcess:27178] mummi_ras.online.cg.cganalysis:copyRemoteRestart:452 - INFO - Copy to remote frames [60, 61, 62, 63, 64, 65]
2025-04-08 21:58:48,609 - [MainProcess:27178] mummi_core.utils.utilities:sys_call:184 - INFO - Run command: rsync -va --no-g traj_comp.xtc topol.tpr state.cpt ener.edr md.log mdrun.log /p/gpfs1/pottier1/minimummi-sc25/roots/root3/sims-cg/structure_iter00_000000000002 || true
2025-04-08 21:58:48,779 - [MainProcess:27178] mummi_ras.interfaces.mummi:save_analysis_data:253 - INFO - Saved all analysis data for frames [60, 61, 62, 63, 64, 65]
2025-04-08 21:58:48,779 - [MainProcess:27178] mummi_ras.online.cg.cganalysis:copyRemoteLogs:350 - INFO - Copy over log files
2025-04-08 21:58:48,805 - [MainProcess:27178] mummi_core.utils.utilities:sys_call:184 - INFO - Run command: cp -r  /tmp/mummi/cg/structure_iter00_000000000002-20250408_212846/cg_analysis.out /tmp/mummi/cg/structure_iter00_000000000002-20250408_212846/traj_comp.xtc /tmp/mummi/cg/structure_iter00_000000000002-20250408_212846/*.log /p/gpfs1/pottier1/minimummi-sc25/roots/root3/sims-cg/structure_iter00_000000000002/ || true
2025-04-08 21:58:48,805 - [MainProcess:27178] mummi_ras.online.cg.cganalysis:copyRemoteLogs:365 - INFO - copyRemoteLogs =  /tmp/mummi/cg/structure_iter00_000000000002-20250408_212846/cg_analysis.out /tmp/mummi/cg/structure_iter00_000000000002-20250408_212846/traj_comp.xtc /tmp/mummi/cg/structure_iter00_000000000002-20250408_212846/*.log
2025-04-08 21:58:48,805 - [MainProcess:27178] mummi_ras.online.cg.cganalysis:cleanupLocal:375 - WARNING - Copy cleanup local only works for ddcMD files
2025-04-08 21:58:48,805 - [MainProcess:27178] mummi_core.interfaces.base:send_signal:275 - ERROR - Signal (/p/gpfs1/pottier1/minimummi-sc25/roots/root3/sims-cg/structure_iter00_000000000002/cg_success) already exist! Aborting.
2025-04-08 21:58:48,805 - [MainProcess:27178] mummi_core.interfaces.base:send_signal:280 - INFO - Saved signal (/p/gpfs1/pottier1/minimummi-sc25/roots/root3/sims-cg/structure_iter00_000000000002/cg_success)
2025-04-08 21:58:48,806 - [MainProcess:27178] mummi_ras.online.cg.cganalysis:copyRemoteLogs:350 - INFO - Copy over log files
2025-04-08 21:58:48,829 - [MainProcess:27178] mummi_core.utils.utilities:sys_call:184 - INFO - Run command: cp -r  /tmp/mummi/cg/structure_iter00_000000000002-20250408_212846/cg_analysis.out /tmp/mummi/cg/structure_iter00_000000000002-20250408_212846/traj_comp.xtc /tmp/mummi/cg/structure_iter00_000000000002-20250408_212846/*.log /p/gpfs1/pottier1/minimummi-sc25/roots/root3/sims-cg/structure_iter00_000000000002/ || true
2025-04-08 21:58:48,829 - [MainProcess:27178] mummi_ras.online.cg.cganalysis:copyRemoteLogs:365 - INFO - copyRemoteLogs =  /tmp/mummi/cg/structure_iter00_000000000002-20250408_212846/cg_analysis.out /tmp/mummi/cg/structure_iter00_000000000002-20250408_212846/traj_comp.xtc /tmp/mummi/cg/structure_iter00_000000000002-20250408_212846/*.log
2025-04-08 21:58:48,829 - [MainProcess:27178] mummi_ras.online.cg.cganalysis:run_main_analysis:248 - INFO - EXITING: structure_iter00_000000000002
