state-machine-manager start /opt/jobs/state-machine-workflow.yaml --config-dir=/opt/jobs --scheduler kubernetes --registry registry-0.mummi.default.svc.cluster.local:5000 --plain-http
INFO:state_machine_operator.manager.manager: Job Prefix: [structure_]
INFO:state_machine_operator.manager.manager:  Scheduler: [kubernetes]
INFO:state_machine_operator.manager.manager:   Registry: [registry-0.mummi.default.svc.cluster.local:5000]
INFO:state_machine_operator.manager.manager:Manager running with 0 job sequence completions.
INFO:state_machine_operator.manager.manager:
> 🌀 Starting step mlrunner
INFO:state_machine_operator.manager.manager:> Workflow needs
INFO:state_machine_operator.manager.manager:  > total completions           10 
INFO:state_machine_operator.manager.manager:  > max nodes allowed use       6

INFO:state_machine_operator.manager.manager:> Current state
INFO:state_machine_operator.manager.manager:  > nodes / step                1 
INFO:state_machine_operator.manager.manager:  > jobs needed                 10 
INFO:state_machine_operator.manager.manager:  > nodes allowed               6 
INFO:state_machine_operator.manager.manager:  > jobs allowed                6

INFO:state_machine_operator.manager.manager:> Workflow progress
INFO:state_machine_operator.manager.manager:  > Completions                 0
INFO:state_machine_operator.manager.manager:  > In progress                 0
INFO:state_machine_operator.manager.manager:  > New job sequences submit    6 
INFO:state_machine_operator.manager.manager:
> 🌀 Starting step mlrunner
INFO:state_machine_operator.manager.manager:> Workflow needs
INFO:state_machine_operator.manager.manager:  > total completions           10 
INFO:state_machine_operator.manager.manager:  > max nodes allowed use       6

INFO:state_machine_operator.manager.manager:> Current state
INFO:state_machine_operator.manager.manager:  > nodes / step                1 
INFO:state_machine_operator.manager.manager:  > jobs needed                 10 
INFO:state_machine_operator.manager.manager:  > nodes allowed               6 
INFO:state_machine_operator.manager.manager:  > jobs allowed                6

INFO:state_machine_operator.manager.manager:> Workflow progress
INFO:state_machine_operator.manager.manager:  > Completions                 0
INFO:state_machine_operator.manager.manager:  > In progress                 6
INFO:state_machine_operator.manager.manager:  > New job sequences submit    0 
INFO:state_machine_operator.manager.manager:
> 🌀 Starting step mlrunner
INFO:state_machine_operator.manager.manager:> Workflow needs
INFO:state_machine_operator.manager.manager:  > total completions           10 
INFO:state_machine_operator.manager.manager:  > max nodes allowed use       6

INFO:state_machine_operator.manager.manager:> Current state
INFO:state_machine_operator.manager.manager:  > nodes / step                1 
INFO:state_machine_operator.manager.manager:  > jobs needed                 10 
INFO:state_machine_operator.manager.manager:  > nodes allowed               6 
INFO:state_machine_operator.manager.manager:  > jobs allowed                6

INFO:state_machine_operator.manager.manager:> Workflow progress
INFO:state_machine_operator.manager.manager:  > Completions                 0
INFO:state_machine_operator.manager.manager:  > In progress                 6
INFO:state_machine_operator.manager.manager:  > New job sequences submit    0 
INFO:state_machine_operator.manager.manager:
> 🌀 Starting step mlrunner
INFO:state_machine_operator.manager.manager:> Workflow needs
INFO:state_machine_operator.manager.manager:  > total completions           10 
INFO:state_machine_operator.manager.manager:  > max nodes allowed use       6

INFO:state_machine_operator.manager.manager:> Current state
INFO:state_machine_operator.manager.manager:  > nodes / step                1 
INFO:state_machine_operator.manager.manager:  > jobs needed                 10 
INFO:state_machine_operator.manager.manager:  > nodes allowed               6 
INFO:state_machine_operator.manager.manager:  > jobs allowed                6

INFO:state_machine_operator.manager.manager:> Workflow progress
INFO:state_machine_operator.manager.manager:  > Completions                 0
INFO:state_machine_operator.manager.manager:  > In progress                 6
INFO:state_machine_operator.manager.manager:  > New job sequences submit    0 
INFO:state_machine_operator.manager.manager:
> 🌀 Starting step mlrunner
INFO:state_machine_operator.manager.manager:> Workflow needs
INFO:state_machine_operator.manager.manager:  > total completions           10 
INFO:state_machine_operator.manager.manager:  > max nodes allowed use       6

INFO:state_machine_operator.manager.manager:> Current state
INFO:state_machine_operator.manager.manager:  > nodes / step                1 
INFO:state_machine_operator.manager.manager:  > jobs needed                 10 
INFO:state_machine_operator.manager.manager:  > nodes allowed               6 
INFO:state_machine_operator.manager.manager:  > jobs allowed                6

INFO:state_machine_operator.manager.manager:> Workflow progress
INFO:state_machine_operator.manager.manager:  > Completions                 0
INFO:state_machine_operator.manager.manager:  > In progress                 6
INFO:state_machine_operator.manager.manager:  > New job sequences submit    0 
INFO:state_machine_operator.manager.manager:
> 🌀 Starting step mlrunner
INFO:state_machine_operator.manager.manager:> Workflow needs
INFO:state_machine_operator.manager.manager:  > total completions           10 
INFO:state_machine_operator.manager.manager:  > max nodes allowed use       6

INFO:state_machine_operator.manager.manager:> Current state
INFO:state_machine_operator.manager.manager:  > nodes / step                1 
INFO:state_machine_operator.manager.manager:  > jobs needed                 10 
INFO:state_machine_operator.manager.manager:  > nodes allowed               6 
INFO:state_machine_operator.manager.manager:  > jobs allowed                6

INFO:state_machine_operator.manager.manager:> Workflow progress
INFO:state_machine_operator.manager.manager:  > Completions                 0
INFO:state_machine_operator.manager.manager:  > In progress                 6
INFO:state_machine_operator.manager.manager:  > New job sequences submit    0 
INFO:state_machine_operator.manager.manager:
> 🌀 Starting step mlrunner
INFO:state_machine_operator.manager.manager:> Workflow needs
INFO:state_machine_operator.manager.manager:  > total completions           10 
INFO:state_machine_operator.manager.manager:  > max nodes allowed use       6

INFO:state_machine_operator.manager.manager:> Current state
INFO:state_machine_operator.manager.manager:  > nodes / step                1 
INFO:state_machine_operator.manager.manager:  > jobs needed                 10 
INFO:state_machine_operator.manager.manager:  > nodes allowed               6 
INFO:state_machine_operator.manager.manager:  > jobs allowed                6

INFO:state_machine_operator.manager.manager:> Workflow progress
INFO:state_machine_operator.manager.manager:  > Completions                 0
INFO:state_machine_operator.manager.manager:  > In progress                 6
INFO:state_machine_operator.manager.manager:  > New job sequences submit    0 
INFO:state_machine_operator.manager.manager:
> 🌀 Starting step mlrunner
INFO:state_machine_operator.manager.manager:> Workflow needs
INFO:state_machine_operator.manager.manager:  > total completions           10 
INFO:state_machine_operator.manager.manager:  > max nodes allowed use       6

INFO:state_machine_operator.manager.manager:> Current state
INFO:state_machine_operator.manager.manager:  > nodes / step                1 
INFO:state_machine_operator.manager.manager:  > jobs needed                 10 
INFO:state_machine_operator.manager.manager:  > nodes allowed               6 
INFO:state_machine_operator.manager.manager:  > jobs allowed                6

INFO:state_machine_operator.manager.manager:> Workflow progress
INFO:state_machine_operator.manager.manager:  > Completions                 0
INFO:state_machine_operator.manager.manager:  > In progress                 6
INFO:state_machine_operator.manager.manager:  > New job sequences submit    0 
INFO:state_machine_operator.manager.manager:
> 🌀 Starting step mlrunner
INFO:state_machine_operator.manager.manager:> Workflow needs
INFO:state_machine_operator.manager.manager:  > total completions           10 
INFO:state_machine_operator.manager.manager:  > max nodes allowed use       6

INFO:state_machine_operator.manager.manager:> Current state
INFO:state_machine_operator.manager.manager:  > nodes / step                1 
INFO:state_machine_operator.manager.manager:  > jobs needed                 10 
INFO:state_machine_operator.manager.manager:  > nodes allowed               6 
INFO:state_machine_operator.manager.manager:  > jobs allowed                6

INFO:state_machine_operator.manager.manager:> Workflow progress
INFO:state_machine_operator.manager.manager:  > Completions                 0
INFO:state_machine_operator.manager.manager:  > In progress                 6
INFO:state_machine_operator.manager.manager:  > New job sequences submit    0 
INFO:state_machine_operator.manager.manager:
> 🌀 Starting step mlrunner
INFO:state_machine_operator.manager.manager:> Workflow needs
INFO:state_machine_operator.manager.manager:  > total completions           10 
INFO:state_machine_operator.manager.manager:  > max nodes allowed use       6

INFO:state_machine_operator.manager.manager:> Current state
INFO:state_machine_operator.manager.manager:  > nodes / step                1 
INFO:state_machine_operator.manager.manager:  > jobs needed                 10 
INFO:state_machine_operator.manager.manager:  > nodes allowed               6 
INFO:state_machine_operator.manager.manager:  > jobs allowed                6

INFO:state_machine_operator.manager.manager:> Workflow progress
INFO:state_machine_operator.manager.manager:  > Completions                 0
INFO:state_machine_operator.manager.manager:  > In progress                 6
INFO:state_machine_operator.manager.manager:  > New job sequences submit    0 
INFO:state_machine_operator.manager.manager:
> 🌀 Starting step mlrunner
INFO:state_machine_operator.manager.manager:> Workflow needs
INFO:state_machine_operator.manager.manager:  > total completions           10 
INFO:state_machine_operator.manager.manager:  > max nodes allowed use       6

INFO:state_machine_operator.manager.manager:> Current state
INFO:state_machine_operator.manager.manager:  > nodes / step                1 
INFO:state_machine_operator.manager.manager:  > jobs needed                 10 
INFO:state_machine_operator.manager.manager:  > nodes allowed               6 
INFO:state_machine_operator.manager.manager:  > jobs allowed                6

INFO:state_machine_operator.manager.manager:> Workflow progress
INFO:state_machine_operator.manager.manager:  > Completions                 0
INFO:state_machine_operator.manager.manager:  > In progress                 6
INFO:state_machine_operator.manager.manager:  > New job sequences submit    0 
INFO:state_machine_operator.manager.manager:
> 🌀 Starting step mlrunner
INFO:state_machine_operator.manager.manager:> Workflow needs
INFO:state_machine_operator.manager.manager:  > total completions           10 
INFO:state_machine_operator.manager.manager:  > max nodes allowed use       6

INFO:state_machine_operator.manager.manager:> Current state
INFO:state_machine_operator.manager.manager:  > nodes / step                1 
INFO:state_machine_operator.manager.manager:  > jobs needed                 10 
INFO:state_machine_operator.manager.manager:  > nodes allowed               6 
INFO:state_machine_operator.manager.manager:  > jobs allowed                6

INFO:state_machine_operator.manager.manager:> Workflow progress
INFO:state_machine_operator.manager.manager:  > Completions                 0
INFO:state_machine_operator.manager.manager:  > In progress                 6
INFO:state_machine_operator.manager.manager:  > New job sequences submit    0 
INFO:state_machine_operator.manager.manager:
> 🌀 Starting step mlrunner
INFO:state_machine_operator.manager.manager:> Workflow needs
INFO:state_machine_operator.manager.manager:  > total completions           10 
INFO:state_machine_operator.manager.manager:  > max nodes allowed use       6

INFO:state_machine_operator.manager.manager:> Current state
INFO:state_machine_operator.manager.manager:  > nodes / step                1 
INFO:state_machine_operator.manager.manager:  > jobs needed                 10 
INFO:state_machine_operator.manager.manager:  > nodes allowed               6 
INFO:state_machine_operator.manager.manager:  > jobs allowed                6

INFO:state_machine_operator.manager.manager:> Workflow progress
INFO:state_machine_operator.manager.manager:  > Completions                 0
INFO:state_machine_operator.manager.manager:  > In progress                 6
INFO:state_machine_operator.manager.manager:  > New job sequences submit    0 
INFO:state_machine_operator.manager.manager:
> 🌀 Starting step mlrunner
INFO:state_machine_operator.manager.manager:> Workflow needs
INFO:state_machine_operator.manager.manager:  > total completions           10 
INFO:state_machine_operator.manager.manager:  > max nodes allowed use       6

INFO:state_machine_operator.manager.manager:> Current state
INFO:state_machine_operator.manager.manager:  > nodes / step                1 
INFO:state_machine_operator.manager.manager:  > jobs needed                 10 
INFO:state_machine_operator.manager.manager:  > nodes allowed               6 
INFO:state_machine_operator.manager.manager:  > jobs allowed                6

INFO:state_machine_operator.manager.manager:> Workflow progress
INFO:state_machine_operator.manager.manager:  > Completions                 0
INFO:state_machine_operator.manager.manager:  > In progress                 6
INFO:state_machine_operator.manager.manager:  > New job sequences submit    0 
INFO:state_machine_operator.manager.manager:
> 🌀 Starting step mlrunner
INFO:state_machine_operator.manager.manager:> Workflow needs
INFO:state_machine_operator.manager.manager:  > total completions           10 
INFO:state_machine_operator.manager.manager:  > max nodes allowed use       6

INFO:state_machine_operator.manager.manager:> Current state
INFO:state_machine_operator.manager.manager:  > nodes / step                1 
INFO:state_machine_operator.manager.manager:  > jobs needed                 10 
INFO:state_machine_operator.manager.manager:  > nodes allowed               6 
INFO:state_machine_operator.manager.manager:  > jobs allowed                6

INFO:state_machine_operator.manager.manager:> Workflow progress
INFO:state_machine_operator.manager.manager:  > Completions                 0
INFO:state_machine_operator.manager.manager:  > In progress                 6
INFO:state_machine_operator.manager.manager:  > New job sequences submit    0 
INFO:state_machine_operator.manager.manager:
> 🌀 Starting step mlrunner
INFO:state_machine_operator.manager.manager:> Workflow needs
INFO:state_machine_operator.manager.manager:  > total completions           10 
INFO:state_machine_operator.manager.manager:  > max nodes allowed use       6

INFO:state_machine_operator.manager.manager:> Current state
INFO:state_machine_operator.manager.manager:  > nodes / step                1 
INFO:state_machine_operator.manager.manager:  > jobs needed                 10 
INFO:state_machine_operator.manager.manager:  > nodes allowed               6 
INFO:state_machine_operator.manager.manager:  > jobs allowed                6

INFO:state_machine_operator.manager.manager:> Workflow progress
INFO:state_machine_operator.manager.manager:  > Completions                 0
INFO:state_machine_operator.manager.manager:  > In progress                 6
INFO:state_machine_operator.manager.manager:  > New job sequences submit    0 
INFO:state_machine_operator.manager.manager:
> 🌀 Starting step mlrunner
INFO:state_machine_operator.manager.manager:> Workflow needs
INFO:state_machine_operator.manager.manager:  > total completions           10 
INFO:state_machine_operator.manager.manager:  > max nodes allowed use       6

INFO:state_machine_operator.manager.manager:> Current state
INFO:state_machine_operator.manager.manager:  > nodes / step                1 
INFO:state_machine_operator.manager.manager:  > jobs needed                 10 
INFO:state_machine_operator.manager.manager:  > nodes allowed               6 
INFO:state_machine_operator.manager.manager:  > jobs allowed                6

INFO:state_machine_operator.manager.manager:> Workflow progress
INFO:state_machine_operator.manager.manager:  > Completions                 0
INFO:state_machine_operator.manager.manager:  > In progress                 6
INFO:state_machine_operator.manager.manager:  > New job sequences submit    0 
INFO:state_machine_operator.manager.manager:
> 🌀 Starting step mlrunner
INFO:state_machine_operator.manager.manager:> Workflow needs
INFO:state_machine_operator.manager.manager:  > total completions           10 
INFO:state_machine_operator.manager.manager:  > max nodes allowed use       6

INFO:state_machine_operator.manager.manager:> Current state
INFO:state_machine_operator.manager.manager:  > nodes / step                1 
INFO:state_machine_operator.manager.manager:  > jobs needed                 10 
INFO:state_machine_operator.manager.manager:  > nodes allowed               6 
INFO:state_machine_operator.manager.manager:  > jobs allowed                6

INFO:state_machine_operator.manager.manager:> Workflow progress
INFO:state_machine_operator.manager.manager:  > Completions                 0
INFO:state_machine_operator.manager.manager:  > In progress                 6
INFO:state_machine_operator.manager.manager:  > New job sequences submit    0 
INFO:state_machine_operator.manager.manager:
> 🌀 Starting step mlrunner
INFO:state_machine_operator.manager.manager:> Workflow needs
INFO:state_machine_operator.manager.manager:  > total completions           10 
INFO:state_machine_operator.manager.manager:  > max nodes allowed use       6

INFO:state_machine_operator.manager.manager:> Current state
INFO:state_machine_operator.manager.manager:  > nodes / step                1 
INFO:state_machine_operator.manager.manager:  > jobs needed                 10 
INFO:state_machine_operator.manager.manager:  > nodes allowed               6 
INFO:state_machine_operator.manager.manager:  > jobs allowed                6

INFO:state_machine_operator.manager.manager:> Workflow progress
INFO:state_machine_operator.manager.manager:  > Completions                 0
INFO:state_machine_operator.manager.manager:  > In progress                 6
INFO:state_machine_operator.manager.manager:  > New job sequences submit    0 
INFO:state_machine_operator.manager.manager:
> 🌀 Starting step mlrunner
INFO:state_machine_operator.manager.manager:> Workflow needs
INFO:state_machine_operator.manager.manager:  > total completions           10 
INFO:state_machine_operator.manager.manager:  > max nodes allowed use       6

INFO:state_machine_operator.manager.manager:> Current state
INFO:state_machine_operator.manager.manager:  > nodes / step                1 
INFO:state_machine_operator.manager.manager:  > jobs needed                 10 
INFO:state_machine_operator.manager.manager:  > nodes allowed               6 
INFO:state_machine_operator.manager.manager:  > jobs allowed                6

INFO:state_machine_operator.manager.manager:> Workflow progress
INFO:state_machine_operator.manager.manager:  > Completions                 0
INFO:state_machine_operator.manager.manager:  > In progress                 6
INFO:state_machine_operator.manager.manager:  > New job sequences submit    0 
INFO:state_machine_operator.manager.manager:
> 🌀 Starting step mlrunner
INFO:state_machine_operator.manager.manager:> Workflow needs
INFO:state_machine_operator.manager.manager:  > total completions           10 
INFO:state_machine_operator.manager.manager:  > max nodes allowed use       6

INFO:state_machine_operator.manager.manager:> Current state
INFO:state_machine_operator.manager.manager:  > nodes / step                1 
INFO:state_machine_operator.manager.manager:  > jobs needed                 10 
INFO:state_machine_operator.manager.manager:  > nodes allowed               6 
INFO:state_machine_operator.manager.manager:  > jobs allowed                6

INFO:state_machine_operator.manager.manager:> Workflow progress
INFO:state_machine_operator.manager.manager:  > Completions                 0
INFO:state_machine_operator.manager.manager:  > In progress                 6
INFO:state_machine_operator.manager.manager:  > New job sequences submit    0 
INFO:state_machine_operator.manager.manager:
> 🌀 Starting step mlrunner
INFO:state_machine_operator.manager.manager:> Workflow needs
INFO:state_machine_operator.manager.manager:  > total completions           10 
INFO:state_machine_operator.manager.manager:  > max nodes allowed use       6

INFO:state_machine_operator.manager.manager:> Current state
INFO:state_machine_operator.manager.manager:  > nodes / step                1 
INFO:state_machine_operator.manager.manager:  > jobs needed                 10 
INFO:state_machine_operator.manager.manager:  > nodes allowed               6 
INFO:state_machine_operator.manager.manager:  > jobs allowed                6

INFO:state_machine_operator.manager.manager:> Workflow progress
INFO:state_machine_operator.manager.manager:  > Completions                 0
INFO:state_machine_operator.manager.manager:  > In progress                 5
INFO:state_machine_operator.manager.manager:  > New job sequences submit    1 
INFO:state_machine_operator.manager.manager:
> 🌀 Starting step mlrunner
INFO:state_machine_operator.manager.manager:> Workflow needs
INFO:state_machine_operator.manager.manager:  > total completions           10 
INFO:state_machine_operator.manager.manager:  > max nodes allowed use       6

INFO:state_machine_operator.manager.manager:> Current state
INFO:state_machine_operator.manager.manager:  > nodes / step                1 
INFO:state_machine_operator.manager.manager:  > jobs needed                 10 
INFO:state_machine_operator.manager.manager:  > nodes allowed               6 
INFO:state_machine_operator.manager.manager:  > jobs allowed                6

INFO:state_machine_operator.manager.manager:> Workflow progress
INFO:state_machine_operator.manager.manager:  > Completions                 0
INFO:state_machine_operator.manager.manager:  > In progress                 6
INFO:state_machine_operator.manager.manager:  > New job sequences submit    0 
INFO:state_machine_operator.manager.manager:
> 🌀 Starting step mlrunner
INFO:state_machine_operator.manager.manager:> Workflow needs
INFO:state_machine_operator.manager.manager:  > total completions           10 
INFO:state_machine_operator.manager.manager:  > max nodes allowed use       6

INFO:state_machine_operator.manager.manager:> Current state
INFO:state_machine_operator.manager.manager:  > nodes / step                1 
INFO:state_machine_operator.manager.manager:  > jobs needed                 10 
INFO:state_machine_operator.manager.manager:  > nodes allowed               6 
INFO:state_machine_operator.manager.manager:  > jobs allowed                6

INFO:state_machine_operator.manager.manager:> Workflow progress
INFO:state_machine_operator.manager.manager:  > Completions                 0
INFO:state_machine_operator.manager.manager:  > In progress                 6
INFO:state_machine_operator.manager.manager:  > New job sequences submit    0 
INFO:state_machine_operator.manager.manager:
> 🌀 Starting step mlrunner
INFO:state_machine_operator.manager.manager:> Workflow needs
INFO:state_machine_operator.manager.manager:  > total completions           10 
INFO:state_machine_operator.manager.manager:  > max nodes allowed use       6

INFO:state_machine_operator.manager.manager:> Current state
INFO:state_machine_operator.manager.manager:  > nodes / step                1 
INFO:state_machine_operator.manager.manager:  > jobs needed                 10 
INFO:state_machine_operator.manager.manager:  > nodes allowed               6 
INFO:state_machine_operator.manager.manager:  > jobs allowed                6

INFO:state_machine_operator.manager.manager:> Workflow progress
INFO:state_machine_operator.manager.manager:  > Completions                 0
INFO:state_machine_operator.manager.manager:  > In progress                 6
INFO:state_machine_operator.manager.manager:  > New job sequences submit    0 
INFO:state_machine_operator.manager.manager:
> 🌀 Starting step mlrunner
INFO:state_machine_operator.manager.manager:> Workflow needs
INFO:state_machine_operator.manager.manager:  > total completions           10 
INFO:state_machine_operator.manager.manager:  > max nodes allowed use       6

INFO:state_machine_operator.manager.manager:> Current state
INFO:state_machine_operator.manager.manager:  > nodes / step                1 
INFO:state_machine_operator.manager.manager:  > jobs needed                 10 
INFO:state_machine_operator.manager.manager:  > nodes allowed               6 
INFO:state_machine_operator.manager.manager:  > jobs allowed                6

INFO:state_machine_operator.manager.manager:> Workflow progress
INFO:state_machine_operator.manager.manager:  > Completions                 0
INFO:state_machine_operator.manager.manager:  > In progress                 6
INFO:state_machine_operator.manager.manager:  > New job sequences submit    0 
INFO:state_machine_operator.manager.manager:
> 🌀 Starting step mlrunner
INFO:state_machine_operator.manager.manager:> Workflow needs
INFO:state_machine_operator.manager.manager:  > total completions           10 
INFO:state_machine_operator.manager.manager:  > max nodes allowed use       6

INFO:state_machine_operator.manager.manager:> Current state
INFO:state_machine_operator.manager.manager:  > nodes / step                1 
INFO:state_machine_operator.manager.manager:  > jobs needed                 10 
INFO:state_machine_operator.manager.manager:  > nodes allowed               6 
INFO:state_machine_operator.manager.manager:  > jobs allowed                6

INFO:state_machine_operator.manager.manager:> Workflow progress
INFO:state_machine_operator.manager.manager:  > Completions                 0
INFO:state_machine_operator.manager.manager:  > In progress                 6
INFO:state_machine_operator.manager.manager:  > New job sequences submit    0 
INFO:state_machine_operator.manager.manager:
> 🌀 Starting step mlrunner
INFO:state_machine_operator.manager.manager:> Workflow needs
INFO:state_machine_operator.manager.manager:  > total completions           10 
INFO:state_machine_operator.manager.manager:  > max nodes allowed use       6

INFO:state_machine_operator.manager.manager:> Current state
INFO:state_machine_operator.manager.manager:  > nodes / step                1 
INFO:state_machine_operator.manager.manager:  > jobs needed                 10 
INFO:state_machine_operator.manager.manager:  > nodes allowed               6 
INFO:state_machine_operator.manager.manager:  > jobs allowed                6

INFO:state_machine_operator.manager.manager:> Workflow progress
INFO:state_machine_operator.manager.manager:  > Completions                 0
INFO:state_machine_operator.manager.manager:  > In progress                 6
INFO:state_machine_operator.manager.manager:  > New job sequences submit    0 
INFO:state_machine_operator.manager.manager:
> 🌀 Starting step mlrunner
INFO:state_machine_operator.manager.manager:> Workflow needs
INFO:state_machine_operator.manager.manager:  > total completions           10 
INFO:state_machine_operator.manager.manager:  > max nodes allowed use       6

INFO:state_machine_operator.manager.manager:> Current state
INFO:state_machine_operator.manager.manager:  > nodes / step                1 
INFO:state_machine_operator.manager.manager:  > jobs needed                 10 
INFO:state_machine_operator.manager.manager:  > nodes allowed               6 
INFO:state_machine_operator.manager.manager:  > jobs allowed                6

INFO:state_machine_operator.manager.manager:> Workflow progress
INFO:state_machine_operator.manager.manager:  > Completions                 0
INFO:state_machine_operator.manager.manager:  > In progress                 6
INFO:state_machine_operator.manager.manager:  > New job sequences submit    0 
INFO:state_machine_operator.manager.manager:
> 🌀 Starting step mlrunner
INFO:state_machine_operator.manager.manager:> Workflow needs
INFO:state_machine_operator.manager.manager:  > total completions           10 
INFO:state_machine_operator.manager.manager:  > max nodes allowed use       6

INFO:state_machine_operator.manager.manager:> Current state
INFO:state_machine_operator.manager.manager:  > nodes / step                1 
INFO:state_machine_operator.manager.manager:  > jobs needed                 10 
INFO:state_machine_operator.manager.manager:  > nodes allowed               6 
INFO:state_machine_operator.manager.manager:  > jobs allowed                6

INFO:state_machine_operator.manager.manager:> Workflow progress
INFO:state_machine_operator.manager.manager:  > Completions                 0
INFO:state_machine_operator.manager.manager:  > In progress                 6
INFO:state_machine_operator.manager.manager:  > New job sequences submit    0 
INFO:state_machine_operator.manager.manager:
> 🌀 Starting step mlrunner
INFO:state_machine_operator.manager.manager:> Workflow needs
INFO:state_machine_operator.manager.manager:  > total completions           10 
INFO:state_machine_operator.manager.manager:  > max nodes allowed use       6

INFO:state_machine_operator.manager.manager:> Current state
INFO:state_machine_operator.manager.manager:  > nodes / step                1 
INFO:state_machine_operator.manager.manager:  > jobs needed                 10 
INFO:state_machine_operator.manager.manager:  > nodes allowed               6 
INFO:state_machine_operator.manager.manager:  > jobs allowed                6

INFO:state_machine_operator.manager.manager:> Workflow progress
INFO:state_machine_operator.manager.manager:  > Completions                 0
INFO:state_machine_operator.manager.manager:  > In progress                 6
INFO:state_machine_operator.manager.manager:  > New job sequences submit    0 
INFO:state_machine_operator.manager.manager:
> 🌀 Starting step mlrunner
INFO:state_machine_operator.manager.manager:> Workflow needs
INFO:state_machine_operator.manager.manager:  > total completions           10 
INFO:state_machine_operator.manager.manager:  > max nodes allowed use       6

INFO:state_machine_operator.manager.manager:> Current state
INFO:state_machine_operator.manager.manager:  > nodes / step                1 
INFO:state_machine_operator.manager.manager:  > jobs needed                 10 
INFO:state_machine_operator.manager.manager:  > nodes allowed               6 
INFO:state_machine_operator.manager.manager:  > jobs allowed                6

INFO:state_machine_operator.manager.manager:> Workflow progress
INFO:state_machine_operator.manager.manager:  > Completions                 0
INFO:state_machine_operator.manager.manager:  > In progress                 6
INFO:state_machine_operator.manager.manager:  > New job sequences submit    0 
INFO:state_machine_operator.manager.manager:
> 🌀 Starting step mlrunner
INFO:state_machine_operator.manager.manager:> Workflow needs
INFO:state_machine_operator.manager.manager:  > total completions           10 
INFO:state_machine_operator.manager.manager:  > max nodes allowed use       6

INFO:state_machine_operator.manager.manager:> Current state
INFO:state_machine_operator.manager.manager:  > nodes / step                1 
INFO:state_machine_operator.manager.manager:  > jobs needed                 10 
INFO:state_machine_operator.manager.manager:  > nodes allowed               6 
INFO:state_machine_operator.manager.manager:  > jobs allowed                6

INFO:state_machine_operator.manager.manager:> Workflow progress
INFO:state_machine_operator.manager.manager:  > Completions                 0
INFO:state_machine_operator.manager.manager:  > In progress                 6
INFO:state_machine_operator.manager.manager:  > New job sequences submit    0 
INFO:state_machine_operator.manager.manager:
> 🌀 Starting step mlrunner
INFO:state_machine_operator.manager.manager:> Workflow needs
INFO:state_machine_operator.manager.manager:  > total completions           10 
INFO:state_machine_operator.manager.manager:  > max nodes allowed use       6

INFO:state_machine_operator.manager.manager:> Current state
INFO:state_machine_operator.manager.manager:  > nodes / step                1 
INFO:state_machine_operator.manager.manager:  > jobs needed                 10 
INFO:state_machine_operator.manager.manager:  > nodes allowed               6 
INFO:state_machine_operator.manager.manager:  > jobs allowed                6

INFO:state_machine_operator.manager.manager:> Workflow progress
INFO:state_machine_operator.manager.manager:  > Completions                 0
INFO:state_machine_operator.manager.manager:  > In progress                 6
INFO:state_machine_operator.manager.manager:  > New job sequences submit    0 
INFO:state_machine_operator.manager.manager:
> 🌀 Starting step mlrunner
INFO:state_machine_operator.manager.manager:> Workflow needs
INFO:state_machine_operator.manager.manager:  > total completions           10 
INFO:state_machine_operator.manager.manager:  > max nodes allowed use       6

INFO:state_machine_operator.manager.manager:> Current state
INFO:state_machine_operator.manager.manager:  > nodes / step                1 
INFO:state_machine_operator.manager.manager:  > jobs needed                 10 
INFO:state_machine_operator.manager.manager:  > nodes allowed               6 
INFO:state_machine_operator.manager.manager:  > jobs allowed                6

INFO:state_machine_operator.manager.manager:> Workflow progress
INFO:state_machine_operator.manager.manager:  > Completions                 0
INFO:state_machine_operator.manager.manager:  > In progress                 6
INFO:state_machine_operator.manager.manager:  > New job sequences submit    0 
INFO:state_machine_operator.manager.manager:
> 🌀 Starting step mlrunner
INFO:state_machine_operator.manager.manager:> Workflow needs
INFO:state_machine_operator.manager.manager:  > total completions           10 
INFO:state_machine_operator.manager.manager:  > max nodes allowed use       6

INFO:state_machine_operator.manager.manager:> Current state
INFO:state_machine_operator.manager.manager:  > nodes / step                1 
INFO:state_machine_operator.manager.manager:  > jobs needed                 10 
INFO:state_machine_operator.manager.manager:  > nodes allowed               6 
INFO:state_machine_operator.manager.manager:  > jobs allowed                6

INFO:state_machine_operator.manager.manager:> Workflow progress
INFO:state_machine_operator.manager.manager:  > Completions                 0
INFO:state_machine_operator.manager.manager:  > In progress                 6
INFO:state_machine_operator.manager.manager:  > New job sequences submit    0 
INFO:state_machine_operator.manager.manager:
> 🌀 Starting step mlrunner
INFO:state_machine_operator.manager.manager:> Workflow needs
INFO:state_machine_operator.manager.manager:  > total completions           10 
INFO:state_machine_operator.manager.manager:  > max nodes allowed use       6

INFO:state_machine_operator.manager.manager:> Current state
INFO:state_machine_operator.manager.manager:  > nodes / step                1 
INFO:state_machine_operator.manager.manager:  > jobs needed                 10 
INFO:state_machine_operator.manager.manager:  > nodes allowed               6 
INFO:state_machine_operator.manager.manager:  > jobs allowed                6

INFO:state_machine_operator.manager.manager:> Workflow progress
INFO:state_machine_operator.manager.manager:  > Completions                 0
INFO:state_machine_operator.manager.manager:  > In progress                 6
INFO:state_machine_operator.manager.manager:  > New job sequences submit    0 
INFO:state_machine_operator.manager.manager:
> 🌀 Starting step mlrunner
INFO:state_machine_operator.manager.manager:> Workflow needs
INFO:state_machine_operator.manager.manager:  > total completions           10 
INFO:state_machine_operator.manager.manager:  > max nodes allowed use       6

INFO:state_machine_operator.manager.manager:> Current state
INFO:state_machine_operator.manager.manager:  > nodes / step                1 
INFO:state_machine_operator.manager.manager:  > jobs needed                 10 
INFO:state_machine_operator.manager.manager:  > nodes allowed               6 
INFO:state_machine_operator.manager.manager:  > jobs allowed                6

INFO:state_machine_operator.manager.manager:> Workflow progress
INFO:state_machine_operator.manager.manager:  > Completions                 0
INFO:state_machine_operator.manager.manager:  > In progress                 6
INFO:state_machine_operator.manager.manager:  > New job sequences submit    0 
INFO:state_machine_operator.manager.manager:
> 🌀 Starting step mlrunner
INFO:state_machine_operator.manager.manager:> Workflow needs
INFO:state_machine_operator.manager.manager:  > total completions           10 
INFO:state_machine_operator.manager.manager:  > max nodes allowed use       6

INFO:state_machine_operator.manager.manager:> Current state
INFO:state_machine_operator.manager.manager:  > nodes / step                1 
INFO:state_machine_operator.manager.manager:  > jobs needed                 10 
INFO:state_machine_operator.manager.manager:  > nodes allowed               6 
INFO:state_machine_operator.manager.manager:  > jobs allowed                6

INFO:state_machine_operator.manager.manager:> Workflow progress
INFO:state_machine_operator.manager.manager:  > Completions                 0
INFO:state_machine_operator.manager.manager:  > In progress                 6
INFO:state_machine_operator.manager.manager:  > New job sequences submit    0 
INFO:state_machine_operator.manager.manager:
> 🌀 Starting step mlrunner
INFO:state_machine_operator.manager.manager:> Workflow needs
INFO:state_machine_operator.manager.manager:  > total completions           10 
INFO:state_machine_operator.manager.manager:  > max nodes allowed use       6

INFO:state_machine_operator.manager.manager:> Current state
INFO:state_machine_operator.manager.manager:  > nodes / step                1 
INFO:state_machine_operator.manager.manager:  > jobs needed                 10 
INFO:state_machine_operator.manager.manager:  > nodes allowed               6 
INFO:state_machine_operator.manager.manager:  > jobs allowed                6

INFO:state_machine_operator.manager.manager:> Workflow progress
INFO:state_machine_operator.manager.manager:  > Completions                 0
INFO:state_machine_operator.manager.manager:  > In progress                 6
INFO:state_machine_operator.manager.manager:  > New job sequences submit    0 
INFO:state_machine_operator.manager.manager:
> 🌀 Starting step mlrunner
INFO:state_machine_operator.manager.manager:> Workflow needs
INFO:state_machine_operator.manager.manager:  > total completions           10 
INFO:state_machine_operator.manager.manager:  > max nodes allowed use       6

INFO:state_machine_operator.manager.manager:> Current state
INFO:state_machine_operator.manager.manager:  > nodes / step                1 
INFO:state_machine_operator.manager.manager:  > jobs needed                 10 
INFO:state_machine_operator.manager.manager:  > nodes allowed               6 
INFO:state_machine_operator.manager.manager:  > jobs allowed                6

INFO:state_machine_operator.manager.manager:> Workflow progress
INFO:state_machine_operator.manager.manager:  > Completions                 0
INFO:state_machine_operator.manager.manager:  > In progress                 6
INFO:state_machine_operator.manager.manager:  > New job sequences submit    0 
INFO:state_machine_operator.manager.manager:
> 🌀 Starting step mlrunner
INFO:state_machine_operator.manager.manager:> Workflow needs
INFO:state_machine_operator.manager.manager:  > total completions           10 
INFO:state_machine_operator.manager.manager:  > max nodes allowed use       6

INFO:state_machine_operator.manager.manager:> Current state
INFO:state_machine_operator.manager.manager:  > nodes / step                1 
INFO:state_machine_operator.manager.manager:  > jobs needed                 10 
INFO:state_machine_operator.manager.manager:  > nodes allowed               6 
INFO:state_machine_operator.manager.manager:  > jobs allowed                6

INFO:state_machine_operator.manager.manager:> Workflow progress
INFO:state_machine_operator.manager.manager:  > Completions                 0
INFO:state_machine_operator.manager.manager:  > In progress                 6
INFO:state_machine_operator.manager.manager:  > New job sequences submit    0 
INFO:state_machine_operator.manager.manager:
> 🌀 Starting step mlrunner
INFO:state_machine_operator.manager.manager:> Workflow needs
INFO:state_machine_operator.manager.manager:  > total completions           10 
INFO:state_machine_operator.manager.manager:  > max nodes allowed use       6

INFO:state_machine_operator.manager.manager:> Current state
INFO:state_machine_operator.manager.manager:  > nodes / step                1 
INFO:state_machine_operator.manager.manager:  > jobs needed                 10 
INFO:state_machine_operator.manager.manager:  > nodes allowed               6 
INFO:state_machine_operator.manager.manager:  > jobs allowed                6

INFO:state_machine_operator.manager.manager:> Workflow progress
INFO:state_machine_operator.manager.manager:  > Completions                 0
INFO:state_machine_operator.manager.manager:  > In progress                 6
INFO:state_machine_operator.manager.manager:  > New job sequences submit    0 
INFO:state_machine_operator.manager.manager:
> 🌀 Starting step mlrunner
INFO:state_machine_operator.manager.manager:> Workflow needs
INFO:state_machine_operator.manager.manager:  > total completions           10 
INFO:state_machine_operator.manager.manager:  > max nodes allowed use       6

INFO:state_machine_operator.manager.manager:> Current state
INFO:state_machine_operator.manager.manager:  > nodes / step                1 
INFO:state_machine_operator.manager.manager:  > jobs needed                 10 
INFO:state_machine_operator.manager.manager:  > nodes allowed               6 
INFO:state_machine_operator.manager.manager:  > jobs allowed                6

INFO:state_machine_operator.manager.manager:> Workflow progress
INFO:state_machine_operator.manager.manager:  > Completions                 0
INFO:state_machine_operator.manager.manager:  > In progress                 6
INFO:state_machine_operator.manager.manager:  > New job sequences submit    0 
INFO:state_machine_operator.manager.manager:
> 🌀 Starting step mlrunner
INFO:state_machine_operator.manager.manager:> Workflow needs
INFO:state_machine_operator.manager.manager:  > total completions           10 
INFO:state_machine_operator.manager.manager:  > max nodes allowed use       6

INFO:state_machine_operator.manager.manager:> Current state
INFO:state_machine_operator.manager.manager:  > nodes / step                1 
INFO:state_machine_operator.manager.manager:  > jobs needed                 10 
INFO:state_machine_operator.manager.manager:  > nodes allowed               6 
INFO:state_machine_operator.manager.manager:  > jobs allowed                6

INFO:state_machine_operator.manager.manager:> Workflow progress
INFO:state_machine_operator.manager.manager:  > Completions                 0
INFO:state_machine_operator.manager.manager:  > In progress                 6
INFO:state_machine_operator.manager.manager:  > New job sequences submit    0 
INFO:state_machine_operator.manager.manager:
> 🌀 Starting step mlrunner
INFO:state_machine_operator.manager.manager:> Workflow needs
INFO:state_machine_operator.manager.manager:  > total completions           10 
INFO:state_machine_operator.manager.manager:  > max nodes allowed use       6

INFO:state_machine_operator.manager.manager:> Current state
INFO:state_machine_operator.manager.manager:  > nodes / step                1 
INFO:state_machine_operator.manager.manager:  > jobs needed                 9 
INFO:state_machine_operator.manager.manager:  > nodes allowed               6 
INFO:state_machine_operator.manager.manager:  > jobs allowed                6

INFO:state_machine_operator.manager.manager:> Workflow progress
INFO:state_machine_operator.manager.manager:  > Completions                 1
INFO:state_machine_operator.manager.manager:  > In progress                 5
INFO:state_machine_operator.manager.manager:  > New job sequences submit    1 
INFO:state_machine_operator.manager.manager:
> 🌀 Starting step mlrunner
INFO:state_machine_operator.manager.manager:> Workflow needs
INFO:state_machine_operator.manager.manager:  > total completions           10 
INFO:state_machine_operator.manager.manager:  > max nodes allowed use       6

INFO:state_machine_operator.manager.manager:> Current state
INFO:state_machine_operator.manager.manager:  > nodes / step                1 
INFO:state_machine_operator.manager.manager:  > jobs needed                 9 
INFO:state_machine_operator.manager.manager:  > nodes allowed               6 
INFO:state_machine_operator.manager.manager:  > jobs allowed                6

INFO:state_machine_operator.manager.manager:> Workflow progress
INFO:state_machine_operator.manager.manager:  > Completions                 1
INFO:state_machine_operator.manager.manager:  > In progress                 6
INFO:state_machine_operator.manager.manager:  > New job sequences submit    0 
INFO:state_machine_operator.manager.manager:
> 🌀 Starting step mlrunner
INFO:state_machine_operator.manager.manager:> Workflow needs
INFO:state_machine_operator.manager.manager:  > total completions           10 
INFO:state_machine_operator.manager.manager:  > max nodes allowed use       6

INFO:state_machine_operator.manager.manager:> Current state
INFO:state_machine_operator.manager.manager:  > nodes / step                1 
INFO:state_machine_operator.manager.manager:  > jobs needed                 9 
INFO:state_machine_operator.manager.manager:  > nodes allowed               6 
INFO:state_machine_operator.manager.manager:  > jobs allowed                6

INFO:state_machine_operator.manager.manager:> Workflow progress
INFO:state_machine_operator.manager.manager:  > Completions                 1
INFO:state_machine_operator.manager.manager:  > In progress                 6
INFO:state_machine_operator.manager.manager:  > New job sequences submit    0 
INFO:state_machine_operator.manager.manager:
> 🌀 Starting step mlrunner
INFO:state_machine_operator.manager.manager:> Workflow needs
INFO:state_machine_operator.manager.manager:  > total completions           10 
INFO:state_machine_operator.manager.manager:  > max nodes allowed use       6

INFO:state_machine_operator.manager.manager:> Current state
INFO:state_machine_operator.manager.manager:  > nodes / step                1 
INFO:state_machine_operator.manager.manager:  > jobs needed                 8 
INFO:state_machine_operator.manager.manager:  > nodes allowed               6 
INFO:state_machine_operator.manager.manager:  > jobs allowed                6

INFO:state_machine_operator.manager.manager:> Workflow progress
INFO:state_machine_operator.manager.manager:  > Completions                 2
INFO:state_machine_operator.manager.manager:  > In progress                 5
INFO:state_machine_operator.manager.manager:  > New job sequences submit    1 
INFO:state_machine_operator.manager.manager:
> 🌀 Starting step mlrunner
INFO:state_machine_operator.manager.manager:> Workflow needs
INFO:state_machine_operator.manager.manager:  > total completions           10 
INFO:state_machine_operator.manager.manager:  > max nodes allowed use       6

INFO:state_machine_operator.manager.manager:> Current state
INFO:state_machine_operator.manager.manager:  > nodes / step                1 
INFO:state_machine_operator.manager.manager:  > jobs needed                 8 
INFO:state_machine_operator.manager.manager:  > nodes allowed               6 
INFO:state_machine_operator.manager.manager:  > jobs allowed                6

INFO:state_machine_operator.manager.manager:> Workflow progress
INFO:state_machine_operator.manager.manager:  > Completions                 2
INFO:state_machine_operator.manager.manager:  > In progress                 6
INFO:state_machine_operator.manager.manager:  > New job sequences submit    0 
INFO:state_machine_operator.manager.manager:
> 🌀 Starting step mlrunner
INFO:state_machine_operator.manager.manager:> Workflow needs
INFO:state_machine_operator.manager.manager:  > total completions           10 
INFO:state_machine_operator.manager.manager:  > max nodes allowed use       6

INFO:state_machine_operator.manager.manager:> Current state
INFO:state_machine_operator.manager.manager:  > nodes / step                1 
INFO:state_machine_operator.manager.manager:  > jobs needed                 8 
INFO:state_machine_operator.manager.manager:  > nodes allowed               6 
INFO:state_machine_operator.manager.manager:  > jobs allowed                6

INFO:state_machine_operator.manager.manager:> Workflow progress
INFO:state_machine_operator.manager.manager:  > Completions                 2
INFO:state_machine_operator.manager.manager:  > In progress                 6
INFO:state_machine_operator.manager.manager:  > New job sequences submit    0 
INFO:state_machine_operator.manager.manager:
> 🌀 Starting step mlrunner
INFO:state_machine_operator.manager.manager:> Workflow needs
INFO:state_machine_operator.manager.manager:  > total completions           10 
INFO:state_machine_operator.manager.manager:  > max nodes allowed use       6

INFO:state_machine_operator.manager.manager:> Current state
INFO:state_machine_operator.manager.manager:  > nodes / step                1 
INFO:state_machine_operator.manager.manager:  > jobs needed                 7 
INFO:state_machine_operator.manager.manager:  > nodes allowed               6 
INFO:state_machine_operator.manager.manager:  > jobs allowed                6

INFO:state_machine_operator.manager.manager:> Workflow progress
INFO:state_machine_operator.manager.manager:  > Completions                 3
INFO:state_machine_operator.manager.manager:  > In progress                 5
INFO:state_machine_operator.manager.manager:  > New job sequences submit    1 
INFO:state_machine_operator.manager.manager:
> 🌀 Starting step mlrunner
INFO:state_machine_operator.manager.manager:> Workflow needs
INFO:state_machine_operator.manager.manager:  > total completions           10 
INFO:state_machine_operator.manager.manager:  > max nodes allowed use       6

INFO:state_machine_operator.manager.manager:> Current state
INFO:state_machine_operator.manager.manager:  > nodes / step                1 
INFO:state_machine_operator.manager.manager:  > jobs needed                 7 
INFO:state_machine_operator.manager.manager:  > nodes allowed               6 
INFO:state_machine_operator.manager.manager:  > jobs allowed                6

INFO:state_machine_operator.manager.manager:> Workflow progress
INFO:state_machine_operator.manager.manager:  > Completions                 3
INFO:state_machine_operator.manager.manager:  > In progress                 6
INFO:state_machine_operator.manager.manager:  > New job sequences submit    0 
INFO:state_machine_operator.manager.manager:
> 🌀 Starting step mlrunner
INFO:state_machine_operator.manager.manager:> Workflow needs
INFO:state_machine_operator.manager.manager:  > total completions           10 
INFO:state_machine_operator.manager.manager:  > max nodes allowed use       6

INFO:state_machine_operator.manager.manager:> Current state
INFO:state_machine_operator.manager.manager:  > nodes / step                1 
INFO:state_machine_operator.manager.manager:  > jobs needed                 7 
INFO:state_machine_operator.manager.manager:  > nodes allowed               6 
INFO:state_machine_operator.manager.manager:  > jobs allowed                6

INFO:state_machine_operator.manager.manager:> Workflow progress
INFO:state_machine_operator.manager.manager:  > Completions                 3
INFO:state_machine_operator.manager.manager:  > In progress                 6
INFO:state_machine_operator.manager.manager:  > New job sequences submit    0 
INFO:state_machine_operator.manager.manager:
> 🌀 Starting step mlrunner
INFO:state_machine_operator.manager.manager:> Workflow needs
INFO:state_machine_operator.manager.manager:  > total completions           10 
INFO:state_machine_operator.manager.manager:  > max nodes allowed use       6

INFO:state_machine_operator.manager.manager:> Current state
INFO:state_machine_operator.manager.manager:  > nodes / step                1 
INFO:state_machine_operator.manager.manager:  > jobs needed                 6 
INFO:state_machine_operator.manager.manager:  > nodes allowed               6 
INFO:state_machine_operator.manager.manager:  > jobs allowed                6

INFO:state_machine_operator.manager.manager:> Workflow progress
INFO:state_machine_operator.manager.manager:  > Completions                 4
INFO:state_machine_operator.manager.manager:  > In progress                 5
INFO:state_machine_operator.manager.manager:  > New job sequences submit    1 
INFO:state_machine_operator.manager.manager:
> 🌀 Starting step mlrunner
INFO:state_machine_operator.manager.manager:> Workflow needs
INFO:state_machine_operator.manager.manager:  > total completions           10 
INFO:state_machine_operator.manager.manager:  > max nodes allowed use       6

INFO:state_machine_operator.manager.manager:> Current state
INFO:state_machine_operator.manager.manager:  > nodes / step                1 
INFO:state_machine_operator.manager.manager:  > jobs needed                 6 
INFO:state_machine_operator.manager.manager:  > nodes allowed               6 
INFO:state_machine_operator.manager.manager:  > jobs allowed                6

INFO:state_machine_operator.manager.manager:> Workflow progress
INFO:state_machine_operator.manager.manager:  > Completions                 4
INFO:state_machine_operator.manager.manager:  > In progress                 6
INFO:state_machine_operator.manager.manager:  > New job sequences submit    0 
INFO:state_machine_operator.manager.manager:
> 🌀 Starting step mlrunner
INFO:state_machine_operator.manager.manager:> Workflow needs
INFO:state_machine_operator.manager.manager:  > total completions           10 
INFO:state_machine_operator.manager.manager:  > max nodes allowed use       6

INFO:state_machine_operator.manager.manager:> Current state
INFO:state_machine_operator.manager.manager:  > nodes / step                1 
INFO:state_machine_operator.manager.manager:  > jobs needed                 6 
INFO:state_machine_operator.manager.manager:  > nodes allowed               6 
INFO:state_machine_operator.manager.manager:  > jobs allowed                6

INFO:state_machine_operator.manager.manager:> Workflow progress
INFO:state_machine_operator.manager.manager:  > Completions                 4
INFO:state_machine_operator.manager.manager:  > In progress                 6
INFO:state_machine_operator.manager.manager:  > New job sequences submit    0 
INFO:state_machine_operator.manager.manager:
> 🌀 Starting step mlrunner
INFO:state_machine_operator.manager.manager:> Workflow needs
INFO:state_machine_operator.manager.manager:  > total completions           10 
INFO:state_machine_operator.manager.manager:  > max nodes allowed use       6

INFO:state_machine_operator.manager.manager:> Current state
INFO:state_machine_operator.manager.manager:  > nodes / step                1 
INFO:state_machine_operator.manager.manager:  > jobs needed                 6 
INFO:state_machine_operator.manager.manager:  > nodes allowed               6 
INFO:state_machine_operator.manager.manager:  > jobs allowed                6

INFO:state_machine_operator.manager.manager:> Workflow progress
INFO:state_machine_operator.manager.manager:  > Completions                 4
INFO:state_machine_operator.manager.manager:  > In progress                 6
INFO:state_machine_operator.manager.manager:  > New job sequences submit    0 
INFO:state_machine_operator.manager.manager:
> 🌀 Starting step mlrunner
INFO:state_machine_operator.manager.manager:> Workflow needs
INFO:state_machine_operator.manager.manager:  > total completions           10 
INFO:state_machine_operator.manager.manager:  > max nodes allowed use       6

INFO:state_machine_operator.manager.manager:> Current state
INFO:state_machine_operator.manager.manager:  > nodes / step                1 
INFO:state_machine_operator.manager.manager:  > jobs needed                 6 
INFO:state_machine_operator.manager.manager:  > nodes allowed               6 
INFO:state_machine_operator.manager.manager:  > jobs allowed                6

INFO:state_machine_operator.manager.manager:> Workflow progress
INFO:state_machine_operator.manager.manager:  > Completions                 4
INFO:state_machine_operator.manager.manager:  > In progress                 6
INFO:state_machine_operator.manager.manager:  > New job sequences submit    0 
INFO:state_machine_operator.manager.manager:
> 🌀 Starting step mlrunner
INFO:state_machine_operator.manager.manager:> Workflow needs
INFO:state_machine_operator.manager.manager:  > total completions           10 
INFO:state_machine_operator.manager.manager:  > max nodes allowed use       6

INFO:state_machine_operator.manager.manager:> Current state
INFO:state_machine_operator.manager.manager:  > nodes / step                1 
INFO:state_machine_operator.manager.manager:  > jobs needed                 6 
INFO:state_machine_operator.manager.manager:  > nodes allowed               6 
INFO:state_machine_operator.manager.manager:  > jobs allowed                6

INFO:state_machine_operator.manager.manager:> Workflow progress
INFO:state_machine_operator.manager.manager:  > Completions                 4
INFO:state_machine_operator.manager.manager:  > In progress                 6
INFO:state_machine_operator.manager.manager:  > New job sequences submit    0 
INFO:state_machine_operator.manager.manager:
> 🌀 Starting step mlrunner
INFO:state_machine_operator.manager.manager:> Workflow needs
INFO:state_machine_operator.manager.manager:  > total completions           10 
INFO:state_machine_operator.manager.manager:  > max nodes allowed use       6

INFO:state_machine_operator.manager.manager:> Current state
INFO:state_machine_operator.manager.manager:  > nodes / step                1 
INFO:state_machine_operator.manager.manager:  > jobs needed                 5 
INFO:state_machine_operator.manager.manager:  > nodes allowed               6 
INFO:state_machine_operator.manager.manager:  > jobs allowed                5

INFO:state_machine_operator.manager.manager:> Workflow progress
INFO:state_machine_operator.manager.manager:  > Completions                 5
INFO:state_machine_operator.manager.manager:  > In progress                 5
INFO:state_machine_operator.manager.manager:  > New job sequences submit    0 
INFO:state_machine_operator.manager.manager:
> 🌀 Starting step mlrunner
INFO:state_machine_operator.manager.manager:> Workflow needs
INFO:state_machine_operator.manager.manager:  > total completions           10 
INFO:state_machine_operator.manager.manager:  > max nodes allowed use       6

INFO:state_machine_operator.manager.manager:> Current state
INFO:state_machine_operator.manager.manager:  > nodes / step                1 
INFO:state_machine_operator.manager.manager:  > jobs needed                 5 
INFO:state_machine_operator.manager.manager:  > nodes allowed               6 
INFO:state_machine_operator.manager.manager:  > jobs allowed                5

INFO:state_machine_operator.manager.manager:> Workflow progress
INFO:state_machine_operator.manager.manager:  > Completions                 5
INFO:state_machine_operator.manager.manager:  > In progress                 5
INFO:state_machine_operator.manager.manager:  > New job sequences submit    0 
INFO:state_machine_operator.manager.manager:
> 🌀 Starting step mlrunner
INFO:state_machine_operator.manager.manager:> Workflow needs
INFO:state_machine_operator.manager.manager:  > total completions           10 
INFO:state_machine_operator.manager.manager:  > max nodes allowed use       6

INFO:state_machine_operator.manager.manager:> Current state
INFO:state_machine_operator.manager.manager:  > nodes / step                1 
INFO:state_machine_operator.manager.manager:  > jobs needed                 5 
INFO:state_machine_operator.manager.manager:  > nodes allowed               6 
INFO:state_machine_operator.manager.manager:  > jobs allowed                5

INFO:state_machine_operator.manager.manager:> Workflow progress
INFO:state_machine_operator.manager.manager:  > Completions                 5
INFO:state_machine_operator.manager.manager:  > In progress                 5
INFO:state_machine_operator.manager.manager:  > New job sequences submit    0 
INFO:state_machine_operator.manager.manager:
> 🌀 Starting step mlrunner
INFO:state_machine_operator.manager.manager:> Workflow needs
INFO:state_machine_operator.manager.manager:  > total completions           10 
INFO:state_machine_operator.manager.manager:  > max nodes allowed use       6

INFO:state_machine_operator.manager.manager:> Current state
INFO:state_machine_operator.manager.manager:  > nodes / step                1 
INFO:state_machine_operator.manager.manager:  > jobs needed                 5 
INFO:state_machine_operator.manager.manager:  > nodes allowed               6 
INFO:state_machine_operator.manager.manager:  > jobs allowed                5

INFO:state_machine_operator.manager.manager:> Workflow progress
INFO:state_machine_operator.manager.manager:  > Completions                 5
INFO:state_machine_operator.manager.manager:  > In progress                 5
INFO:state_machine_operator.manager.manager:  > New job sequences submit    0 
INFO:state_machine_operator.manager.manager:
> 🌀 Starting step mlrunner
INFO:state_machine_operator.manager.manager:> Workflow needs
INFO:state_machine_operator.manager.manager:  > total completions           10 
INFO:state_machine_operator.manager.manager:  > max nodes allowed use       6

INFO:state_machine_operator.manager.manager:> Current state
INFO:state_machine_operator.manager.manager:  > nodes / step                1 
INFO:state_machine_operator.manager.manager:  > jobs needed                 5 
INFO:state_machine_operator.manager.manager:  > nodes allowed               6 
INFO:state_machine_operator.manager.manager:  > jobs allowed                5

INFO:state_machine_operator.manager.manager:> Workflow progress
INFO:state_machine_operator.manager.manager:  > Completions                 5
INFO:state_machine_operator.manager.manager:  > In progress                 5
INFO:state_machine_operator.manager.manager:  > New job sequences submit    0 
INFO:state_machine_operator.manager.manager:
> 🌀 Starting step mlrunner
INFO:state_machine_operator.manager.manager:> Workflow needs
INFO:state_machine_operator.manager.manager:  > total completions           10 
INFO:state_machine_operator.manager.manager:  > max nodes allowed use       6

INFO:state_machine_operator.manager.manager:> Current state
INFO:state_machine_operator.manager.manager:  > nodes / step                1 
INFO:state_machine_operator.manager.manager:  > jobs needed                 5 
INFO:state_machine_operator.manager.manager:  > nodes allowed               6 
INFO:state_machine_operator.manager.manager:  > jobs allowed                5

INFO:state_machine_operator.manager.manager:> Workflow progress
INFO:state_machine_operator.manager.manager:  > Completions                 5
INFO:state_machine_operator.manager.manager:  > In progress                 5
INFO:state_machine_operator.manager.manager:  > New job sequences submit    0 
INFO:state_machine_operator.manager.manager:
> 🌀 Starting step mlrunner
INFO:state_machine_operator.manager.manager:> Workflow needs
INFO:state_machine_operator.manager.manager:  > total completions           10 
INFO:state_machine_operator.manager.manager:  > max nodes allowed use       6

INFO:state_machine_operator.manager.manager:> Current state
INFO:state_machine_operator.manager.manager:  > nodes / step                1 
INFO:state_machine_operator.manager.manager:  > jobs needed                 5 
INFO:state_machine_operator.manager.manager:  > nodes allowed               6 
INFO:state_machine_operator.manager.manager:  > jobs allowed                5

INFO:state_machine_operator.manager.manager:> Workflow progress
INFO:state_machine_operator.manager.manager:  > Completions                 5
INFO:state_machine_operator.manager.manager:  > In progress                 5
INFO:state_machine_operator.manager.manager:  > New job sequences submit    0 
INFO:state_machine_operator.manager.manager:
> 🌀 Starting step mlrunner
INFO:state_machine_operator.manager.manager:> Workflow needs
INFO:state_machine_operator.manager.manager:  > total completions           10 
INFO:state_machine_operator.manager.manager:  > max nodes allowed use       6

INFO:state_machine_operator.manager.manager:> Current state
INFO:state_machine_operator.manager.manager:  > nodes / step                1 
INFO:state_machine_operator.manager.manager:  > jobs needed                 5 
INFO:state_machine_operator.manager.manager:  > nodes allowed               6 
INFO:state_machine_operator.manager.manager:  > jobs allowed                5

INFO:state_machine_operator.manager.manager:> Workflow progress
INFO:state_machine_operator.manager.manager:  > Completions                 5
INFO:state_machine_operator.manager.manager:  > In progress                 5
INFO:state_machine_operator.manager.manager:  > New job sequences submit    0 
INFO:state_machine_operator.manager.manager:
> 🌀 Starting step mlrunner
INFO:state_machine_operator.manager.manager:> Workflow needs
INFO:state_machine_operator.manager.manager:  > total completions           10 
INFO:state_machine_operator.manager.manager:  > max nodes allowed use       6

INFO:state_machine_operator.manager.manager:> Current state
INFO:state_machine_operator.manager.manager:  > nodes / step                1 
INFO:state_machine_operator.manager.manager:  > jobs needed                 5 
INFO:state_machine_operator.manager.manager:  > nodes allowed               6 
INFO:state_machine_operator.manager.manager:  > jobs allowed                5

INFO:state_machine_operator.manager.manager:> Workflow progress
INFO:state_machine_operator.manager.manager:  > Completions                 5
INFO:state_machine_operator.manager.manager:  > In progress                 5
INFO:state_machine_operator.manager.manager:  > New job sequences submit    0 
INFO:state_machine_operator.manager.manager:
> 🌀 Starting step mlrunner
INFO:state_machine_operator.manager.manager:> Workflow needs
INFO:state_machine_operator.manager.manager:  > total completions           10 
INFO:state_machine_operator.manager.manager:  > max nodes allowed use       6

INFO:state_machine_operator.manager.manager:> Current state
INFO:state_machine_operator.manager.manager:  > nodes / step                1 
INFO:state_machine_operator.manager.manager:  > jobs needed                 5 
INFO:state_machine_operator.manager.manager:  > nodes allowed               6 
INFO:state_machine_operator.manager.manager:  > jobs allowed                5

INFO:state_machine_operator.manager.manager:> Workflow progress
INFO:state_machine_operator.manager.manager:  > Completions                 5
INFO:state_machine_operator.manager.manager:  > In progress                 5
INFO:state_machine_operator.manager.manager:  > New job sequences submit    0 
INFO:state_machine_operator.manager.manager:
> 🌀 Starting step mlrunner
INFO:state_machine_operator.manager.manager:> Workflow needs
INFO:state_machine_operator.manager.manager:  > total completions           10 
INFO:state_machine_operator.manager.manager:  > max nodes allowed use       6

INFO:state_machine_operator.manager.manager:> Current state
INFO:state_machine_operator.manager.manager:  > nodes / step                1 
INFO:state_machine_operator.manager.manager:  > jobs needed                 5 
INFO:state_machine_operator.manager.manager:  > nodes allowed               6 
INFO:state_machine_operator.manager.manager:  > jobs allowed                5

INFO:state_machine_operator.manager.manager:> Workflow progress
INFO:state_machine_operator.manager.manager:  > Completions                 5
INFO:state_machine_operator.manager.manager:  > In progress                 5
INFO:state_machine_operator.manager.manager:  > New job sequences submit    0 
INFO:state_machine_operator.manager.manager:
> 🌀 Starting step mlrunner
INFO:state_machine_operator.manager.manager:> Workflow needs
INFO:state_machine_operator.manager.manager:  > total completions           10 
INFO:state_machine_operator.manager.manager:  > max nodes allowed use       6

INFO:state_machine_operator.manager.manager:> Current state
INFO:state_machine_operator.manager.manager:  > nodes / step                1 
INFO:state_machine_operator.manager.manager:  > jobs needed                 4 
INFO:state_machine_operator.manager.manager:  > nodes allowed               6 
INFO:state_machine_operator.manager.manager:  > jobs allowed                4

INFO:state_machine_operator.manager.manager:> Workflow progress
INFO:state_machine_operator.manager.manager:  > Completions                 6
INFO:state_machine_operator.manager.manager:  > In progress                 4
INFO:state_machine_operator.manager.manager:  > New job sequences submit    0 
INFO:state_machine_operator.manager.manager:
> 🌀 Starting step mlrunner
INFO:state_machine_operator.manager.manager:> Workflow needs
INFO:state_machine_operator.manager.manager:  > total completions           10 
INFO:state_machine_operator.manager.manager:  > max nodes allowed use       6

INFO:state_machine_operator.manager.manager:> Current state
INFO:state_machine_operator.manager.manager:  > nodes / step                1 
INFO:state_machine_operator.manager.manager:  > jobs needed                 4 
INFO:state_machine_operator.manager.manager:  > nodes allowed               6 
INFO:state_machine_operator.manager.manager:  > jobs allowed                4

INFO:state_machine_operator.manager.manager:> Workflow progress
INFO:state_machine_operator.manager.manager:  > Completions                 6
INFO:state_machine_operator.manager.manager:  > In progress                 4
INFO:state_machine_operator.manager.manager:  > New job sequences submit    0 
INFO:state_machine_operator.manager.manager:
> 🌀 Starting step mlrunner
INFO:state_machine_operator.manager.manager:> Workflow needs
INFO:state_machine_operator.manager.manager:  > total completions           10 
INFO:state_machine_operator.manager.manager:  > max nodes allowed use       6

INFO:state_machine_operator.manager.manager:> Current state
INFO:state_machine_operator.manager.manager:  > nodes / step                1 
INFO:state_machine_operator.manager.manager:  > jobs needed                 4 
INFO:state_machine_operator.manager.manager:  > nodes allowed               6 
INFO:state_machine_operator.manager.manager:  > jobs allowed                4

INFO:state_machine_operator.manager.manager:> Workflow progress
INFO:state_machine_operator.manager.manager:  > Completions                 6
INFO:state_machine_operator.manager.manager:  > In progress                 4
INFO:state_machine_operator.manager.manager:  > New job sequences submit    0 
INFO:state_machine_operator.manager.manager:
> 🌀 Starting step mlrunner
INFO:state_machine_operator.manager.manager:> Workflow needs
INFO:state_machine_operator.manager.manager:  > total completions           10 
INFO:state_machine_operator.manager.manager:  > max nodes allowed use       6

INFO:state_machine_operator.manager.manager:> Current state
INFO:state_machine_operator.manager.manager:  > nodes / step                1 
INFO:state_machine_operator.manager.manager:  > jobs needed                 4 
INFO:state_machine_operator.manager.manager:  > nodes allowed               6 
INFO:state_machine_operator.manager.manager:  > jobs allowed                4

INFO:state_machine_operator.manager.manager:> Workflow progress
INFO:state_machine_operator.manager.manager:  > Completions                 6
INFO:state_machine_operator.manager.manager:  > In progress                 4
INFO:state_machine_operator.manager.manager:  > New job sequences submit    0 
INFO:state_machine_operator.manager.manager:
> 🌀 Starting step mlrunner
INFO:state_machine_operator.manager.manager:> Workflow needs
INFO:state_machine_operator.manager.manager:  > total completions           10 
INFO:state_machine_operator.manager.manager:  > max nodes allowed use       6

INFO:state_machine_operator.manager.manager:> Current state
INFO:state_machine_operator.manager.manager:  > nodes / step                1 
INFO:state_machine_operator.manager.manager:  > jobs needed                 4 
INFO:state_machine_operator.manager.manager:  > nodes allowed               6 
INFO:state_machine_operator.manager.manager:  > jobs allowed                4

INFO:state_machine_operator.manager.manager:> Workflow progress
INFO:state_machine_operator.manager.manager:  > Completions                 6
INFO:state_machine_operator.manager.manager:  > In progress                 4
INFO:state_machine_operator.manager.manager:  > New job sequences submit    0 
INFO:state_machine_operator.manager.manager:
> 🌀 Starting step mlrunner
INFO:state_machine_operator.manager.manager:> Workflow needs
INFO:state_machine_operator.manager.manager:  > total completions           10 
INFO:state_machine_operator.manager.manager:  > max nodes allowed use       6

INFO:state_machine_operator.manager.manager:> Current state
INFO:state_machine_operator.manager.manager:  > nodes / step                1 
INFO:state_machine_operator.manager.manager:  > jobs needed                 4 
INFO:state_machine_operator.manager.manager:  > nodes allowed               6 
INFO:state_machine_operator.manager.manager:  > jobs allowed                4

INFO:state_machine_operator.manager.manager:> Workflow progress
INFO:state_machine_operator.manager.manager:  > Completions                 6
INFO:state_machine_operator.manager.manager:  > In progress                 4
INFO:state_machine_operator.manager.manager:  > New job sequences submit    0 
INFO:state_machine_operator.manager.manager:
> 🌀 Starting step mlrunner
INFO:state_machine_operator.manager.manager:> Workflow needs
INFO:state_machine_operator.manager.manager:  > total completions           10 
INFO:state_machine_operator.manager.manager:  > max nodes allowed use       6

INFO:state_machine_operator.manager.manager:> Current state
INFO:state_machine_operator.manager.manager:  > nodes / step                1 
INFO:state_machine_operator.manager.manager:  > jobs needed                 4 
INFO:state_machine_operator.manager.manager:  > nodes allowed               6 
INFO:state_machine_operator.manager.manager:  > jobs allowed                4

INFO:state_machine_operator.manager.manager:> Workflow progress
INFO:state_machine_operator.manager.manager:  > Completions                 6
INFO:state_machine_operator.manager.manager:  > In progress                 4
INFO:state_machine_operator.manager.manager:  > New job sequences submit    0 
INFO:state_machine_operator.manager.manager:
> 🌀 Starting step mlrunner
INFO:state_machine_operator.manager.manager:> Workflow needs
INFO:state_machine_operator.manager.manager:  > total completions           10 
INFO:state_machine_operator.manager.manager:  > max nodes allowed use       6

INFO:state_machine_operator.manager.manager:> Current state
INFO:state_machine_operator.manager.manager:  > nodes / step                1 
INFO:state_machine_operator.manager.manager:  > jobs needed                 4 
INFO:state_machine_operator.manager.manager:  > nodes allowed               6 
INFO:state_machine_operator.manager.manager:  > jobs allowed                4

INFO:state_machine_operator.manager.manager:> Workflow progress
INFO:state_machine_operator.manager.manager:  > Completions                 6
INFO:state_machine_operator.manager.manager:  > In progress                 4
INFO:state_machine_operator.manager.manager:  > New job sequences submit    0 
INFO:state_machine_operator.manager.manager:
> 🌀 Starting step mlrunner
INFO:state_machine_operator.manager.manager:> Workflow needs
INFO:state_machine_operator.manager.manager:  > total completions           10 
INFO:state_machine_operator.manager.manager:  > max nodes allowed use       6

INFO:state_machine_operator.manager.manager:> Current state
INFO:state_machine_operator.manager.manager:  > nodes / step                1 
INFO:state_machine_operator.manager.manager:  > jobs needed                 4 
INFO:state_machine_operator.manager.manager:  > nodes allowed               6 
INFO:state_machine_operator.manager.manager:  > jobs allowed                4

INFO:state_machine_operator.manager.manager:> Workflow progress
INFO:state_machine_operator.manager.manager:  > Completions                 6
INFO:state_machine_operator.manager.manager:  > In progress                 4
INFO:state_machine_operator.manager.manager:  > New job sequences submit    0 
INFO:state_machine_operator.manager.manager:
> 🌀 Starting step mlrunner
INFO:state_machine_operator.manager.manager:> Workflow needs
INFO:state_machine_operator.manager.manager:  > total completions           10 
INFO:state_machine_operator.manager.manager:  > max nodes allowed use       6

INFO:state_machine_operator.manager.manager:> Current state
INFO:state_machine_operator.manager.manager:  > nodes / step                1 
INFO:state_machine_operator.manager.manager:  > jobs needed                 4 
INFO:state_machine_operator.manager.manager:  > nodes allowed               6 
INFO:state_machine_operator.manager.manager:  > jobs allowed                4

INFO:state_machine_operator.manager.manager:> Workflow progress
INFO:state_machine_operator.manager.manager:  > Completions                 6
INFO:state_machine_operator.manager.manager:  > In progress                 4
INFO:state_machine_operator.manager.manager:  > New job sequences submit    0 
INFO:state_machine_operator.manager.manager:
> 🌀 Starting step mlrunner
INFO:state_machine_operator.manager.manager:> Workflow needs
INFO:state_machine_operator.manager.manager:  > total completions           10 
INFO:state_machine_operator.manager.manager:  > max nodes allowed use       6

INFO:state_machine_operator.manager.manager:> Current state
INFO:state_machine_operator.manager.manager:  > nodes / step                1 
INFO:state_machine_operator.manager.manager:  > jobs needed                 4 
INFO:state_machine_operator.manager.manager:  > nodes allowed               6 
INFO:state_machine_operator.manager.manager:  > jobs allowed                4

INFO:state_machine_operator.manager.manager:> Workflow progress
INFO:state_machine_operator.manager.manager:  > Completions                 6
INFO:state_machine_operator.manager.manager:  > In progress                 4
INFO:state_machine_operator.manager.manager:  > New job sequences submit    0 
INFO:state_machine_operator.manager.manager:
> 🌀 Starting step mlrunner
INFO:state_machine_operator.manager.manager:> Workflow needs
INFO:state_machine_operator.manager.manager:  > total completions           10 
INFO:state_machine_operator.manager.manager:  > max nodes allowed use       6

INFO:state_machine_operator.manager.manager:> Current state
INFO:state_machine_operator.manager.manager:  > nodes / step                1 
INFO:state_machine_operator.manager.manager:  > jobs needed                 4 
INFO:state_machine_operator.manager.manager:  > nodes allowed               6 
INFO:state_machine_operator.manager.manager:  > jobs allowed                4

INFO:state_machine_operator.manager.manager:> Workflow progress
INFO:state_machine_operator.manager.manager:  > Completions                 6
INFO:state_machine_operator.manager.manager:  > In progress                 4
INFO:state_machine_operator.manager.manager:  > New job sequences submit    0 
INFO:state_machine_operator.manager.manager:
> 🌀 Starting step mlrunner
INFO:state_machine_operator.manager.manager:> Workflow needs
INFO:state_machine_operator.manager.manager:  > total completions           10 
INFO:state_machine_operator.manager.manager:  > max nodes allowed use       6

INFO:state_machine_operator.manager.manager:> Current state
INFO:state_machine_operator.manager.manager:  > nodes / step                1 
INFO:state_machine_operator.manager.manager:  > jobs needed                 4 
INFO:state_machine_operator.manager.manager:  > nodes allowed               6 
INFO:state_machine_operator.manager.manager:  > jobs allowed                4

INFO:state_machine_operator.manager.manager:> Workflow progress
INFO:state_machine_operator.manager.manager:  > Completions                 6
INFO:state_machine_operator.manager.manager:  > In progress                 4
INFO:state_machine_operator.manager.manager:  > New job sequences submit    0 
INFO:state_machine_operator.manager.manager:
> 🌀 Starting step mlrunner
INFO:state_machine_operator.manager.manager:> Workflow needs
INFO:state_machine_operator.manager.manager:  > total completions           10 
INFO:state_machine_operator.manager.manager:  > max nodes allowed use       6

INFO:state_machine_operator.manager.manager:> Current state
INFO:state_machine_operator.manager.manager:  > nodes / step                1 
INFO:state_machine_operator.manager.manager:  > jobs needed                 4 
INFO:state_machine_operator.manager.manager:  > nodes allowed               6 
INFO:state_machine_operator.manager.manager:  > jobs allowed                4

INFO:state_machine_operator.manager.manager:> Workflow progress
INFO:state_machine_operator.manager.manager:  > Completions                 6
INFO:state_machine_operator.manager.manager:  > In progress                 4
INFO:state_machine_operator.manager.manager:  > New job sequences submit    0 
INFO:state_machine_operator.manager.manager:
> 🌀 Starting step mlrunner
INFO:state_machine_operator.manager.manager:> Workflow needs
INFO:state_machine_operator.manager.manager:  > total completions           10 
INFO:state_machine_operator.manager.manager:  > max nodes allowed use       6

INFO:state_machine_operator.manager.manager:> Current state
INFO:state_machine_operator.manager.manager:  > nodes / step                1 
INFO:state_machine_operator.manager.manager:  > jobs needed                 3 
INFO:state_machine_operator.manager.manager:  > nodes allowed               6 
INFO:state_machine_operator.manager.manager:  > jobs allowed                3

INFO:state_machine_operator.manager.manager:> Workflow progress
INFO:state_machine_operator.manager.manager:  > Completions                 7
INFO:state_machine_operator.manager.manager:  > In progress                 3
INFO:state_machine_operator.manager.manager:  > New job sequences submit    0 
INFO:state_machine_operator.manager.manager:
> 🌀 Starting step mlrunner
INFO:state_machine_operator.manager.manager:> Workflow needs
INFO:state_machine_operator.manager.manager:  > total completions           10 
INFO:state_machine_operator.manager.manager:  > max nodes allowed use       6

INFO:state_machine_operator.manager.manager:> Current state
INFO:state_machine_operator.manager.manager:  > nodes / step                1 
INFO:state_machine_operator.manager.manager:  > jobs needed                 3 
INFO:state_machine_operator.manager.manager:  > nodes allowed               6 
INFO:state_machine_operator.manager.manager:  > jobs allowed                3

INFO:state_machine_operator.manager.manager:> Workflow progress
INFO:state_machine_operator.manager.manager:  > Completions                 7
INFO:state_machine_operator.manager.manager:  > In progress                 3
INFO:state_machine_operator.manager.manager:  > New job sequences submit    0 
INFO:state_machine_operator.manager.manager:
> 🌀 Starting step mlrunner
INFO:state_machine_operator.manager.manager:> Workflow needs
INFO:state_machine_operator.manager.manager:  > total completions           10 
INFO:state_machine_operator.manager.manager:  > max nodes allowed use       6

INFO:state_machine_operator.manager.manager:> Current state
INFO:state_machine_operator.manager.manager:  > nodes / step                1 
INFO:state_machine_operator.manager.manager:  > jobs needed                 2 
INFO:state_machine_operator.manager.manager:  > nodes allowed               6 
INFO:state_machine_operator.manager.manager:  > jobs allowed                2

INFO:state_machine_operator.manager.manager:> Workflow progress
INFO:state_machine_operator.manager.manager:  > Completions                 8
INFO:state_machine_operator.manager.manager:  > In progress                 2
INFO:state_machine_operator.manager.manager:  > New job sequences submit    0 
INFO:state_machine_operator.manager.manager:
> 🌀 Starting step mlrunner
INFO:state_machine_operator.manager.manager:> Workflow needs
INFO:state_machine_operator.manager.manager:  > total completions           10 
INFO:state_machine_operator.manager.manager:  > max nodes allowed use       6

INFO:state_machine_operator.manager.manager:> Current state
INFO:state_machine_operator.manager.manager:  > nodes / step                1 
INFO:state_machine_operator.manager.manager:  > jobs needed                 2 
INFO:state_machine_operator.manager.manager:  > nodes allowed               6 
INFO:state_machine_operator.manager.manager:  > jobs allowed                2

INFO:state_machine_operator.manager.manager:> Workflow progress
INFO:state_machine_operator.manager.manager:  > Completions                 8
INFO:state_machine_operator.manager.manager:  > In progress                 2
INFO:state_machine_operator.manager.manager:  > New job sequences submit    0 
INFO:state_machine_operator.manager.manager:
> 🌀 Starting step mlrunner
INFO:state_machine_operator.manager.manager:> Workflow needs
INFO:state_machine_operator.manager.manager:  > total completions           10 
INFO:state_machine_operator.manager.manager:  > max nodes allowed use       6

INFO:state_machine_operator.manager.manager:> Current state
INFO:state_machine_operator.manager.manager:  > nodes / step                1 
INFO:state_machine_operator.manager.manager:  > jobs needed                 1 
INFO:state_machine_operator.manager.manager:  > nodes allowed               6 
INFO:state_machine_operator.manager.manager:  > jobs allowed                1

INFO:state_machine_operator.manager.manager:> Workflow progress
INFO:state_machine_operator.manager.manager:  > Completions                 9
INFO:state_machine_operator.manager.manager:  > In progress                 1
INFO:state_machine_operator.manager.manager:  > New job sequences submit    0 
INFO:state_machine_operator.manager.manager:
> 🌀 Starting step mlrunner
INFO:state_machine_operator.manager.manager:> Workflow needs
INFO:state_machine_operator.manager.manager:  > total completions           10 
INFO:state_machine_operator.manager.manager:  > max nodes allowed use       6

INFO:state_machine_operator.manager.manager:> Current state
INFO:state_machine_operator.manager.manager:  > nodes / step                1 
INFO:state_machine_operator.manager.manager:  > jobs needed                 1 
INFO:state_machine_operator.manager.manager:  > nodes allowed               6 
INFO:state_machine_operator.manager.manager:  > jobs allowed                1

INFO:state_machine_operator.manager.manager:> Workflow progress
INFO:state_machine_operator.manager.manager:  > Completions                 9
INFO:state_machine_operator.manager.manager:  > In progress                 1
INFO:state_machine_operator.manager.manager:  > New job sequences submit    0 
INFO:state_machine_operator.manager.manager:
> 🌀 Starting step mlrunner
INFO:state_machine_operator.manager.manager:> Workflow needs
INFO:state_machine_operator.manager.manager:  > total completions           10 
INFO:state_machine_operator.manager.manager:  > max nodes allowed use       6

INFO:state_machine_operator.manager.manager:> Current state
INFO:state_machine_operator.manager.manager:  > nodes / step                1 
INFO:state_machine_operator.manager.manager:  > jobs needed                 0 
INFO:state_machine_operator.manager.manager:  > nodes allowed               6 
INFO:state_machine_operator.manager.manager:  > jobs allowed                0

INFO:state_machine_operator.manager.manager:> Workflow progress
INFO:state_machine_operator.manager.manager:  > Completions                 10
INFO:state_machine_operator.manager.manager:  > In progress                 0
INFO:state_machine_operator.manager.manager:  > New job sequences submit    0 
INFO:state_machine_operator.manager.manager:Workflow is complete - 10/10 are done
> Launching workflow manager on (manager)
=== nodes
{"ip-192-168-30-150.ec2.internal": {"created": 1742089798.0, "labels": {"alpha.eksctl.io/cluster-name": "mini-mummi-gpu", "alpha.eksctl.io/nodegroup-name": "workers", "beta.kubernetes.io/arch": "amd64", "beta.kubernetes.io/instance-type": "p3.2xlarge", "beta.kubernetes.io/os": "linux", "eks.amazonaws.com/capacityType": "ON_DEMAND", "eks.amazonaws.com/nodegroup": "workers", "eks.amazonaws.com/nodegroup-image": "ami-0299b1cc4a5fd4661", "eks.amazonaws.com/sourceLaunchTemplateId": "lt-06e5d7fb1a381f90b", "eks.amazonaws.com/sourceLaunchTemplateVersion": "1", "failure-domain.beta.kubernetes.io/region": "us-east-1", "failure-domain.beta.kubernetes.io/zone": "us-east-1b", "k8s.amazonaws.com/accelerator": "nvidia-tesla-v100", "k8s.io/cloud-provider-aws": "247cfc4a5c24230cfa9a7802a0ad8e55", "kubernetes.io/arch": "amd64", "kubernetes.io/hostname": "ip-192-168-30-150.ec2.internal", "kubernetes.io/os": "linux", "node.kubernetes.io/instance-type": "p3.2xlarge", "topology.kubernetes.io/region": "us-east-1", "topology.kubernetes.io/zone": "us-east-1b"}, "conditions": [{"last_transition_time": 1742089813.0, "message": "kubelet is posting ready status", "reason": "KubeletReady", "status": true, "type": "Ready", "recorded_at": 1742089938.3803008}], "is_ready": true}, "ip-192-168-4-12.ec2.internal": {"created": 1742089793.0, "labels": {"alpha.eksctl.io/cluster-name": "mini-mummi-gpu", "alpha.eksctl.io/nodegroup-name": "workers", "beta.kubernetes.io/arch": "amd64", "beta.kubernetes.io/instance-type": "p3.2xlarge", "beta.kubernetes.io/os": "linux", "eks.amazonaws.com/capacityType": "ON_DEMAND", "eks.amazonaws.com/nodegroup": "workers", "eks.amazonaws.com/nodegroup-image": "ami-0299b1cc4a5fd4661", "eks.amazonaws.com/sourceLaunchTemplateId": "lt-06e5d7fb1a381f90b", "eks.amazonaws.com/sourceLaunchTemplateVersion": "1", "failure-domain.beta.kubernetes.io/region": "us-east-1", "failure-domain.beta.kubernetes.io/zone": "us-east-1b", "k8s.amazonaws.com/accelerator": "nvidia-tesla-v100", "k8s.io/cloud-provider-aws": "247cfc4a5c24230cfa9a7802a0ad8e55", "kubernetes.io/arch": "amd64", "kubernetes.io/hostname": "ip-192-168-4-12.ec2.internal", "kubernetes.io/os": "linux", "node.kubernetes.io/instance-type": "p3.2xlarge", "topology.kubernetes.io/region": "us-east-1", "topology.kubernetes.io/zone": "us-east-1b"}, "conditions": [{"last_transition_time": 1742089808.0, "message": "kubelet is posting ready status", "reason": "KubeletReady", "status": true, "type": "Ready", "recorded_at": 1742089938.3803885}], "is_ready": true}, "ip-192-168-4-89.ec2.internal": {"created": 1742089806.0, "labels": {"alpha.eksctl.io/cluster-name": "mini-mummi-gpu", "alpha.eksctl.io/nodegroup-name": "workers", "beta.kubernetes.io/arch": "amd64", "beta.kubernetes.io/instance-type": "p3.2xlarge", "beta.kubernetes.io/os": "linux", "eks.amazonaws.com/capacityType": "ON_DEMAND", "eks.amazonaws.com/nodegroup": "workers", "eks.amazonaws.com/nodegroup-image": "ami-0299b1cc4a5fd4661", "eks.amazonaws.com/sourceLaunchTemplateId": "lt-06e5d7fb1a381f90b", "eks.amazonaws.com/sourceLaunchTemplateVersion": "1", "failure-domain.beta.kubernetes.io/region": "us-east-1", "failure-domain.beta.kubernetes.io/zone": "us-east-1b", "k8s.amazonaws.com/accelerator": "nvidia-tesla-v100", "k8s.io/cloud-provider-aws": "247cfc4a5c24230cfa9a7802a0ad8e55", "kubernetes.io/arch": "amd64", "kubernetes.io/hostname": "ip-192-168-4-89.ec2.internal", "kubernetes.io/os": "linux", "node.kubernetes.io/instance-type": "p3.2xlarge", "topology.kubernetes.io/region": "us-east-1", "topology.kubernetes.io/zone": "us-east-1b"}, "conditions": [{"last_transition_time": 1742089818.0, "message": "kubelet is posting ready status", "reason": "KubeletReady", "status": true, "type": "Ready", "recorded_at": 1742089938.380464}], "is_ready": true}, "ip-192-168-5-102.ec2.internal": {"created": 1742089800.0, "labels": {"alpha.eksctl.io/cluster-name": "mini-mummi-gpu", "alpha.eksctl.io/nodegroup-name": "workers", "beta.kubernetes.io/arch": "amd64", "beta.kubernetes.io/instance-type": "p3.2xlarge", "beta.kubernetes.io/os": "linux", "eks.amazonaws.com/capacityType": "ON_DEMAND", "eks.amazonaws.com/nodegroup": "workers", "eks.amazonaws.com/nodegroup-image": "ami-0299b1cc4a5fd4661", "eks.amazonaws.com/sourceLaunchTemplateId": "lt-06e5d7fb1a381f90b", "eks.amazonaws.com/sourceLaunchTemplateVersion": "1", "failure-domain.beta.kubernetes.io/region": "us-east-1", "failure-domain.beta.kubernetes.io/zone": "us-east-1b", "k8s.amazonaws.com/accelerator": "nvidia-tesla-v100", "k8s.io/cloud-provider-aws": "247cfc4a5c24230cfa9a7802a0ad8e55", "kubernetes.io/arch": "amd64", "kubernetes.io/hostname": "ip-192-168-5-102.ec2.internal", "kubernetes.io/os": "linux", "node.kubernetes.io/instance-type": "p3.2xlarge", "topology.kubernetes.io/region": "us-east-1", "topology.kubernetes.io/zone": "us-east-1b"}, "conditions": [{"last_transition_time": 1742089814.0, "message": "kubelet is posting ready status", "reason": "KubeletReady", "status": true, "type": "Ready", "recorded_at": 1742089938.3805354}, {"last_transition_time": 1742093556.0, "message": "Kubelet stopped posting node status.", "reason": "NodeStatusUnknown", "status": false, "type": "Ready", "recorded_at": 1742093556.7568707}], "is_ready": false}, "ip-192-168-5-205.ec2.internal": {"created": 1742089753.0, "labels": {"alpha.eksctl.io/cluster-name": "mini-mummi-gpu", "alpha.eksctl.io/nodegroup-name": "workers-control-plane", "beta.kubernetes.io/arch": "amd64", "beta.kubernetes.io/instance-type": "c7a.4xlarge", "beta.kubernetes.io/os": "linux", "eks.amazonaws.com/capacityType": "ON_DEMAND", "eks.amazonaws.com/nodegroup": "workers-control-plane", "eks.amazonaws.com/nodegroup-image": "ami-094fa8fc1e6b34c46", "eks.amazonaws.com/sourceLaunchTemplateId": "lt-0bc0b0a183d6654aa", "eks.amazonaws.com/sourceLaunchTemplateVersion": "1", "failure-domain.beta.kubernetes.io/region": "us-east-1", "failure-domain.beta.kubernetes.io/zone": "us-east-1b", "k8s.io/cloud-provider-aws": "247cfc4a5c24230cfa9a7802a0ad8e55", "kubernetes.io/arch": "amd64", "kubernetes.io/hostname": "ip-192-168-5-205.ec2.internal", "kubernetes.io/os": "linux", "node.kubernetes.io/instance-type": "c7a.4xlarge", "topology.kubernetes.io/region": "us-east-1", "topology.kubernetes.io/zone": "us-east-1b"}, "conditions": [{"last_transition_time": 1742089766.0, "message": "kubelet is posting ready status", "reason": "KubeletReady", "status": true, "type": "Ready", "recorded_at": 1742089938.3806078}], "is_ready": true}, "ip-192-168-7-211.ec2.internal": {"created": 1742089796.0, "labels": {"alpha.eksctl.io/cluster-name": "mini-mummi-gpu", "alpha.eksctl.io/nodegroup-name": "workers", "beta.kubernetes.io/arch": "amd64", "beta.kubernetes.io/instance-type": "p3.2xlarge", "beta.kubernetes.io/os": "linux", "eks.amazonaws.com/capacityType": "ON_DEMAND", "eks.amazonaws.com/nodegroup": "workers", "eks.amazonaws.com/nodegroup-image": "ami-0299b1cc4a5fd4661", "eks.amazonaws.com/sourceLaunchTemplateId": "lt-06e5d7fb1a381f90b", "eks.amazonaws.com/sourceLaunchTemplateVersion": "1", "failure-domain.beta.kubernetes.io/region": "us-east-1", "failure-domain.beta.kubernetes.io/zone": "us-east-1b", "k8s.amazonaws.com/accelerator": "nvidia-tesla-v100", "k8s.io/cloud-provider-aws": "247cfc4a5c24230cfa9a7802a0ad8e55", "kubernetes.io/arch": "amd64", "kubernetes.io/hostname": "ip-192-168-7-211.ec2.internal", "kubernetes.io/os": "linux", "node.kubernetes.io/instance-type": "p3.2xlarge", "topology.kubernetes.io/region": "us-east-1", "topology.kubernetes.io/zone": "us-east-1b"}, "conditions": [{"last_transition_time": 1742089811.0, "message": "kubelet is posting ready status", "reason": "KubeletReady", "status": true, "type": "Ready", "recorded_at": 1742089938.3806775}], "is_ready": true}, "ip-192-168-9-177.ec2.internal": {"created": 1742089796.0, "labels": {"alpha.eksctl.io/cluster-name": "mini-mummi-gpu", "alpha.eksctl.io/nodegroup-name": "workers", "beta.kubernetes.io/arch": "amd64", "beta.kubernetes.io/instance-type": "p3.2xlarge", "beta.kubernetes.io/os": "linux", "eks.amazonaws.com/capacityType": "ON_DEMAND", "eks.amazonaws.com/nodegroup": "workers", "eks.amazonaws.com/nodegroup-image": "ami-0299b1cc4a5fd4661", "eks.amazonaws.com/sourceLaunchTemplateId": "lt-06e5d7fb1a381f90b", "eks.amazonaws.com/sourceLaunchTemplateVersion": "1", "failure-domain.beta.kubernetes.io/region": "us-east-1", "failure-domain.beta.kubernetes.io/zone": "us-east-1b", "k8s.amazonaws.com/accelerator": "nvidia-tesla-v100", "k8s.io/cloud-provider-aws": "247cfc4a5c24230cfa9a7802a0ad8e55", "kubernetes.io/arch": "amd64", "kubernetes.io/hostname": "ip-192-168-9-177.ec2.internal", "kubernetes.io/os": "linux", "node.kubernetes.io/instance-type": "p3.2xlarge", "topology.kubernetes.io/region": "us-east-1", "topology.kubernetes.io/zone": "us-east-1b"}, "conditions": [{"last_transition_time": 1742089811.0, "message": "kubelet is posting ready status", "reason": "KubeletReady", "status": true, "type": "Ready", "recorded_at": 1742089938.3807552}, {"last_transition_time": 1742093586.0, "message": "Kubelet stopped posting node status.", "reason": "NodeStatusUnknown", "status": false, "type": "Ready", "recorded_at": 1742093586.845292}], "is_ready": false}}
===
=== times
{"times": {"list_jobs_by_status": [0.01, 0.014, 0.008, 0.034, 0.022, 0.013, 0.015, 0.03, 0.013, 0.02, 0.013, 0.013, 0.043, 0.014, 0.04, 0.015, 0.05, 0.017, 0.015, 0.015, 0.015, 0.021, 0.023, 0.017, 0.017, 0.016, 0.042, 0.016, 0.026, 0.027, 0.031, 0.019, 0.019, 0.017, 0.023, 0.022, 0.019, 0.017, 0.02, 0.026, 0.019, 0.02, 0.025, 0.019, 0.022, 0.029, 0.02, 0.019, 0.02, 0.023, 0.026, 0.029, 0.024, 0.021, 0.023, 0.031, 0.021, 0.044, 0.032, 0.043, 0.03, 0.026, 0.028, 0.036, 0.052, 0.027, 0.025, 0.024, 0.025, 0.023, 0.027, 0.032, 0.024, 0.032, 0.03, 0.024, 0.029, 0.029, 0.025, 0.026, 0.093, 0.027, 0.03, 0.029, 0.029, 0.042, 0.028, 0.028, 0.028, 0.031, 0.031, 0.035, 0.029, 0.049, 0.029, 0.034, 0.033, 0.031, 0.028, 0.042, 0.035, 0.031, 0.028, 0.035, 0.029, 0.038, 0.05, 0.031, 0.031, 0.042, 0.033, 0.035, 0.034, 0.033, 0.032, 0.041, 0.035, 0.055, 0.035, 0.035, 0.037, 0.034, 0.032, 0.033, 0.034, 0.057, 0.031, 0.049, 0.055, 0.032, 0.037, 0.044, 0.036, 0.043, 0.046, 0.043, 0.045, 0.044, 0.054, 0.055, 0.039, 0.046, 0.037, 0.036, 0.039, 0.045, 0.049, 0.058, 0.041, 0.037, 0.039, 0.046, 0.059, 0.046, 0.039, 0.037, 0.051, 0.064, 0.043, 0.051, 0.04, 0.046, 0.041, 0.041, 0.045, 0.068, 0.047, 0.049, 0.04, 0.047, 0.039, 0.046, 0.048, 0.06, 0.046, 0.048, 0.046, 0.044, 0.048, 0.054, 0.042, 0.039, 0.058, 0.041, 0.051, 0.046]}, "timestamps": {"workflow_start": 1742089938.059042, "structure_036278635_mlrunner_start": 1742089938.3629515, "structure_095554186_mlrunner_start": 1742089938.3640773, "structure_057456688_mlrunner_start": 1742089938.3650517, "structure_021133825_mlrunner_start": 1742089938.365837, "structure_006303912_mlrunner_start": 1742089938.4230728, "structure_017729894_mlrunner_start": 1742089938.4529989, "structure_095554186_mlrunner_succeeded": 1742090344.3957305, "structure_095554186_createsim_start": 1742090344.4996958, "structure_036278635_mlrunner_succeeded": 1742090364.2755527, "structure_036278635_createsim_start": 1742090364.4169137, "structure_057456688_mlrunner_succeeded": 1742090366.0501714, "structure_057456688_createsim_start": 1742090366.1556325, "structure_006303912_mlrunner_succeeded": 1742090366.3067188, "structure_006303912_createsim_start": 1742090366.412093, "structure_017729894_mlrunner_succeeded": 1742090366.5114498, "structure_017729894_createsim_start": 1742090366.6195412, "structure_021133825_mlrunner_succeeded": 1742090372.3643332, "structure_021133825_createsim_start": 1742090372.4669714, "structure_036278635_createsim_failed": 1742090568.7211082, "structure_096200556_mlrunner_start": 1742090568.7715385, "structure_096200556_mlrunner_succeeded": 1742090614.7682285, "structure_096200556_createsim_start": 1742090614.8855872, "structure_095554186_createsim_succeeded": 1742091310.3121982, "structure_095554186_cganalysis_start": 1742091310.4700496, "structure_006303912_createsim_succeeded": 1742091340.3154259, "structure_006303912_cganalysis_start": 1742091340.4683146, "structure_057456688_createsim_succeeded": 1742091349.3527431, "structure_057456688_cganalysis_start": 1742091349.4593163, "structure_017729894_createsim_succeeded": 1742091350.1168706, "structure_017729894_cganalysis_start": 1742091350.227781, "structure_021133825_createsim_succeeded": 1742091386.5530865, "structure_021133825_cganalysis_start": 1742091386.674324, "structure_096200556_createsim_succeeded": 1742091419.3308542, "structure_096200556_cganalysis_start": 1742091419.4509976, "structure_095554186_cganalysis_succeeded": 1742093276.3620238, "structure_086485462_mlrunner_start": 1742093276.442387, "structure_006303912_cganalysis_succeeded": 1742093282.408231, "structure_006544610_mlrunner_start": 1742093282.4877012, "structure_017729894_cganalysis_succeeded": 1742093289.9975567, "structure_005049755_mlrunner_start": 1742093290.0873413, "structure_057456688_cganalysis_succeeded": 1742093291.209783, "structure_030977402_mlrunner_start": 1742093291.2808871, "structure_086485462_mlrunner_succeeded": 1742093325.4214063, "structure_086485462_createsim_start": 1742093325.5752146, "structure_021133825_cganalysis_succeeded": 1742093328.3755507, "structure_006544610_mlrunner_succeeded": 1742093331.505922, "structure_006544610_createsim_start": 1742093331.6895702, "structure_005049755_mlrunner_succeeded": 1742093336.0811553, "structure_005049755_createsim_start": 1742093336.255531, "structure_030977402_mlrunner_succeeded": 1742093339.2943566, "structure_030977402_createsim_start": 1742093339.4401228, "structure_096200556_cganalysis_succeeded": 1742093358.3741615, "structure_086485462_createsim_succeeded": 1742094133.1591902, "structure_086485462_cganalysis_start": 1742094133.306159, "structure_006544610_createsim_succeeded": 1742094147.3627203, "structure_006544610_cganalysis_start": 1742094147.5134, "structure_030977402_createsim_succeeded": 1742094150.9936616, "structure_030977402_cganalysis_start": 1742094151.1347203, "structure_005049755_createsim_succeeded": 1742094167.764991, "structure_005049755_cganalysis_start": 1742094167.9368641, "structure_086485462_cganalysis_succeeded": 1742095922.0505064, "structure_006544610_cganalysis_succeeded": 1742095936.4238822, "structure_030977402_cganalysis_succeeded": 1742095940.7902713, "structure_005049755_cganalysis_succeeded": 1742095957.3593078, "workflow_complete": 1742095957.4059007}}
===
Workflow is complete. You can delete the deployment to clean up.
