2025-03-25T03:46:25.161408005Z >> jobid        = structure_049935419
2025-03-25T03:46:25.161431725Z >> outpath      = /tmp/out
2025-03-25T03:46:25.161436376Z >> registry     = registry-0.mummi.default.svc.cluster.local:5000
2025-03-25T03:46:25.163265285Z >> hostname     = cganalysis-structure-049935419-2bfrc
2025-03-25T03:46:25.166391184Z mkdir: created directory '/tmp/out'
2025-03-25T03:46:25.184623375Z   % Total    % Received % Xferd  Average Speed   Time    Time     Time  Current
2025-03-25T03:46:25.184702828Z                                  Dload  Upload   Total   Spent    Left  Speed
2025-03-25T03:46:25.226799052Z   0     0    0     0    0     0      0      0 --:--:-- --:--:-- --:--:--     0  0     0    0     0    0     0      0      0 --:--:-- --:--:-- --:--:--     0
2025-03-25T03:46:25.329545303Z 100 4132k  100 4132k    0     0  28.0M      0 --:--:-- --:--:-- --:--:-- 28.0M
2025-03-25T03:46:25.444227257Z /tmp/out
2025-03-25T03:46:25.444243302Z Looking for structure_049935419 with oras repo list
2025-03-25T03:46:25.462448540Z structure_049935419
2025-03-25T03:46:25.462612326Z Pulling oras artifact to 
2025-03-25T03:46:25.473460095Z Downloading 09175a8b2561 .
2025-03-25T03:46:25.738282562Z Downloaded  09175a8b2561 .
2025-03-25T03:46:25.738465551Z Pulled [registry] registry-0.mummi.default.svc.cluster.local:5000/structure_049935419:createsim
2025-03-25T03:46:25.738476477Z Digest: sha256:aea26eb1212dfe14303937e06ff217f203b9311a7dc9acf53baf046226c1971b
2025-03-25T03:46:25.780612040Z 049935419
2025-03-25T03:46:25.780629466Z createsims-times.json
2025-03-25T03:46:25.780633021Z createsims.log
2025-03-25T03:46:25.780636530Z createsims.tar.gz
2025-03-25T03:46:25.780640021Z createsims_success
2025-03-25T03:46:25.780644410Z index.ndx
2025-03-25T03:46:25.780649181Z lipids-water-eq6.gro
2025-03-25T03:46:25.780653026Z martini_v2.x_new-rf-prod.mdp
2025-03-25T03:46:25.780658483Z psim.npz
2025-03-25T03:46:25.780663609Z structure_049935419_000000000000.gro
2025-03-25T03:46:25.780668479Z system.top
2025-03-25T03:46:25.780673009Z topol.tpr
2025-03-25T03:46:25.780787047Z >> xtclast = , cframe = 0
2025-03-25T03:46:26.732653258Z 2025-03-25 03:46:26,732 - [MainProcess:64] root:init_logger:344 - INFO - Enabled
2025-03-25T03:46:26.732697421Z 2025-03-25 03:46:26,732 - [MainProcess:64] root:init_logger:345 - WARNING - Enabled
2025-03-25T03:46:26.732854950Z 2025-03-25 03:46:26,732 - [MainProcess:64] root:init_logger:346 - ERROR - Enabled
2025-03-25T03:46:26.732929388Z 2025-03-25 03:46:26,732 - [MainProcess:64] root:init_logger:347 - CRITICAL - Enabled
2025-03-25T03:46:26.744460042Z 2025-03-25 03:46:26,744 - [MainProcess:64] root:_log_profile:78 - PROFILE - [197.484 MB]: Enabled
2025-03-25T03:46:26.744602505Z 2025-03-25 03:46:26,744 - [MainProcess:64] mummi_ras.online.cg.cganalysis:run_cganalysis:849 - INFO - Running CG analysis, options are:
2025-03-25T03:46:26.744739725Z 2025-03-25 03:46:26,744 - [MainProcess:64] mummi_ras.online.cg.cganalysis:run_cganalysis:850 - INFO - Namespace(simname='structure_049935419', fcount=0, noninteractive=False, path='/tmp/workdir', pathremote='/tmp/out', fstype='mummi', fbio='mummi', nprocs=1, loglevel=2, logpath='./', logstdout=True, test=False, no_gpu=False, logfile='cg_analysis', maxsimtime=250000000, stopsimtime=100, minsimtime=100000000, frameProcessBatchSize=10, siminputs='/tmp/out', simbin='gmx', simruntime='0.5', simcores=8, nofeedback=False, backend=<MDEngine.GROMACS: <class 'mummi_ras.online.simulation.GROMACS'>>, mini=True)
2025-03-25T03:46:26.744839975Z 2025-03-25 03:46:26,744 - [MainProcess:64] mummi_ras.online.cg.cganalysis:run_cganalysis:851 - INFO - local path = /tmp/workdir
2025-03-25T03:46:26.744938163Z 2025-03-25 03:46:26,744 - [MainProcess:64] mummi_ras.online.cg.cganalysis:run_cganalysis:853 - INFO - remote path = /tmp/out
2025-03-25T03:46:26.804061384Z 2025-03-25 03:46:26,803 - [MainProcess:64] mummi_ras.online.cg.cganalysis:run_cganalysis:863 - INFO - Using IO_Interface [<class 'mummi_ras.interfaces.mummi.IO_Mummi'>] for data output
2025-03-25T03:46:26.804104585Z 2025-03-25 03:46:26,803 - [MainProcess:64] mummi_ras.online.cg.cganalysis:run_cganalysis:864 - INFO - Using IO_Interface [<class 'mummi_ras.interfaces.mummi.IO_Mummi'>] for feedback output
2025-03-25T03:46:26.804235957Z 2025-03-25 03:46:26,804 - [MainProcess:64] mummi_ras.online.cg.cgoptions:__init__:46 - INFO - Loading parameters from /opt/clones/mummi_resources/analysis/cg/cg_analysis_parameters.yaml
2025-03-25T03:46:26.805721706Z 2025-03-25 03:46:26,805 - [MainProcess:64] mummi_ras.feedback.feedback_manager_cg2ml:__init__:56 - INFO - Initialized FeedbackManager (type = FeedbackManagerType.Worker; name = structure_049935419; host = cganalysis-structure-049935419-2bfrc)
2025-03-25T03:46:26.825722889Z 2025-03-25 03:46:26,825 - [MainProcess:64] mummi_ras.parsers.cg:setup:68 - INFO - Initializing CGParser (MDAnalysis version 2.8.0)
2025-03-25T03:46:26.825816519Z 2025-03-25 03:46:26,825 - [MainProcess:64] mummi_ras.parsers.cg:setup:69 - INFO - 	Loading: (/tmp/workdir/lipids-water-eq6.gro) (/tmp/workdir/topol.tpr)
2025-03-25T03:46:26.827396148Z 2025-03-25 03:46:26,827 - [MainProcess:64] MDAnalysis.topology.TPRparser:_log_header:257 - INFO - Gromacs version   : b'VERSION 2024.2-conda_forge'
2025-03-25T03:46:26.827470662Z 2025-03-25 03:46:26,827 - [MainProcess:64] MDAnalysis.topology.TPRparser:_log_header:258 - INFO - tpx version       : 133
2025-03-25T03:46:26.827582314Z 2025-03-25 03:46:26,827 - [MainProcess:64] MDAnalysis.topology.TPRparser:_log_header:259 - INFO - tpx generation    : 28
2025-03-25T03:46:26.827672673Z 2025-03-25 03:46:26,827 - [MainProcess:64] MDAnalysis.topology.TPRparser:_log_header:260 - INFO - tpx precision     : 4
2025-03-25T03:46:26.827760923Z 2025-03-25 03:46:26,827 - [MainProcess:64] MDAnalysis.topology.TPRparser:_log_header:261 - INFO - tpx file_tag      : b'release'
2025-03-25T03:46:26.827819731Z 2025-03-25 03:46:26,827 - [MainProcess:64] MDAnalysis.topology.TPRparser:_log_header:262 - INFO - tpx natoms        : 54444
2025-03-25T03:46:26.827914123Z 2025-03-25 03:46:26,827 - [MainProcess:64] MDAnalysis.topology.TPRparser:_log_header:263 - INFO - tpx ngtc          : 2
2025-03-25T03:46:26.828009179Z 2025-03-25 03:46:26,827 - [MainProcess:64] MDAnalysis.topology.TPRparser:_log_header:264 - INFO - tpx fep_state     : 0
2025-03-25T03:46:26.828087890Z 2025-03-25 03:46:26,827 - [MainProcess:64] MDAnalysis.topology.TPRparser:_log_header:265 - INFO - tpx lambda        : 0.0
2025-03-25T03:46:27.294505235Z 2025-03-25 03:46:27,294 - [MainProcess:64] MDAnalysis.core.universe:guess_TopologyAttrs:1645 - INFO - The attribute(s) types, masses have already been read from the topology file. The guesser will only guess empty values for this attribute, if any exists. To overwrite it by completely guessed values, you can pass the attribute to the force_guess parameter instead of the to_guess one
2025-03-25T03:46:27.297054576Z 2025-03-25 03:46:27,296 - [MainProcess:64] MDAnalysis.guesser.base:guess_attr:177 - INFO - There is no empty types values. Guesser did not guess any new values for types attribute
2025-03-25T03:46:27.297582773Z 2025-03-25 03:46:27,297 - [MainProcess:64] MDAnalysis.guesser.base:guess_attr:177 - INFO - There is no empty masses values. Guesser did not guess any new values for masses attribute
2025-03-25T03:46:27.297673503Z 2025-03-25 03:46:27,297 - [MainProcess:64] mummi_ras.parsers.cg:setup:74 - INFO - 	Number of frames in sim: 1
2025-03-25T03:46:27.297795619Z 2025-03-25 03:46:27,297 - [MainProcess:64] mummi_ras.parsers.cg:setup:75 - INFO - 	Number of atoms in sim: 54444
2025-03-25T03:46:27.298231875Z 2025-03-25 03:46:27,298 - [MainProcess:64] mummi_ras.parsers.cg:setup:76 - INFO - 	Sim dimensions: [181.32352 181.32352 181.8985 ]
2025-03-25T03:46:27.321284742Z 2025-03-25 03:46:27,321 - [MainProcess:64] mummi_ras.parsers.cg:_setup_lipids:103 - WARNING -  Resnames ['ALA' 'ARG' 'ASN' 'ASP' 'CGW' 'CYF' 'CYM' 'CYS' 'GLN' 'GLU' 'GLY' 'GTP'
2025-03-25T03:46:27.321293843Z  'HSE' 'ILE' 'ION' 'LEU' 'LYS' 'MET' 'MG' 'PHE' 'PRO' 'SER' 'THR' 'TRP'
2025-03-25T03:46:27.321301203Z  'TYR' 'VAL' 'W' 'ZN2'] either not lipids or not supported!
2025-03-25T03:46:27.589278282Z 2025-03-25 03:46:27,589 - [MainProcess:64] mummi_ras.parsers.cg:_setup_lipids:145 - WARNING - Found leaflets of size 448 354
2025-03-25T03:46:27.592918485Z 2025-03-25 03:46:27,592 - [MainProcess:64] mummi_ras.parsers.cg_aligner:init:144 - INFO - origin: (165,): ['THR', 'GLU', 'TYR', 'LYS', 'LEU', 'VAL', 'VAL', 'VAL', 'GLY', 'ALA', 'ASP', 'GLY', 'VAL', 'GLY', 'LYS', 'SER', 'ALA', 'LEU', 'THR', 'ILE', 'GLN', 'LEU', 'ILE', 'GLN', 'ASN', 'HSE', 'PHE', 'VAL', 'ASP', 'GLU', 'TYR', 'ASP', 'PRO', 'THR', 'ILE', 'GLU', 'ASP', 'SER', 'TYR', 'ARG', 'LYS', 'GLN', 'VAL', 'VAL', 'ILE', 'ASP', 'GLY', 'GLU', 'THR', 'CYS', 'LEU', 'LEU', 'ASP', 'ILE', 'LEU', 'ASP', 'THR', 'ALA', 'GLY', 'GLN', 'GLU', 'GLU', 'TYR', 'SER', 'ALA', 'MET', 'ARG', 'ASP', 'GLN', 'TYR', 'MET', 'ARG', 'THR', 'GLY', 'GLU', 'GLY', 'PHE', 'LEU', 'CYS', 'VAL', 'PHE', 'ALA', 'ILE', 'ASN', 'ASN', 'THR', 'LYS', 'SER', 'PHE', 'GLU', 'ASP', 'ILE', 'HSE', 'HSE', 'TYR', 'ARG', 'GLU', 'GLN', 'ILE', 'LYS', 'ARG', 'VAL', 'LYS', 'ASP', 'SER', 'GLU', 'ASP', 'VAL', 'PRO', 'MET', 'VAL', 'LEU', 'VAL', 'GLY', 'ASN', 'LYS', 'CYS', 'ASP', 'LEU', 'PRO', 'SER', 'ARG', 'THR', 'VAL', 'ASP', 'THR', 'LYS', 'GLN', 'ALA', 'GLN', 'ASP', 'LEU', 'ALA', 'ARG', 'SER', 'TYR', 'GLY', 'ILE', 'PRO', 'PHE', 'ILE', 'GLU', 'THR', 'SER', 'ALA', 'LYS', 'THR', 'ARG', 'GLN', 'GLY', 'VAL', 'ASP', 'ASP', 'ALA', 'PHE', 'TYR', 'THR', 'LEU', 'VAL', 'ARG', 'GLU', 'ILE', 'ARG', 'LYS', 'HSE']
2025-03-25T03:46:27.593030952Z 2025-03-25 03:46:27,592 - [MainProcess:64] mummi_ras.parsers.cg_aligner:init:145 - INFO - xaxis:  (8,): ['THR', 'PHE', 'PHE', 'THR', 'LEU', 'LEU', 'PHE', 'GLN']
2025-03-25T03:46:27.595742474Z 2025-03-25 03:46:27,595 - [MainProcess:64] mummi_ras.online.cg.cganalysis:run_cganalysis:946 - INFO - Testing flags: [Success='cg_success', Fail='cg_failure']
2025-03-25T03:46:27.595826768Z 2025-03-25 03:46:27,595 - [MainProcess:64] mummi_ras.online.cg.cganalysis:run_cganalysis:947 - INFO - Checking for exit condition [/tmp/out] (pass=False fail=False)
2025-03-25T03:46:27.596078828Z 2025-03-25 03:46:27,595 - [MainProcess:64] mummi_ras.online.simulation:run:98 - INFO - Starting /miniconda3/bin/gmx....
2025-03-25T03:46:27.596353337Z 2025-03-25 03:46:27,596 - [MainProcess:64] mummi_ras.online.simulation:run:112 - INFO - cmd =       /miniconda3/bin/gmx mdrun -cpi -nb gpu -ntmpi 1 -ntomp 8 -pin off -maxh 0.5 >> mdrun.log 2>&1
2025-03-25T03:46:27.596422887Z 2025-03-25 03:46:27,596 - [MainProcess:64] mummi_ras.online.simulation:run:113 - INFO - os.pwd =    /tmp/workdir
2025-03-25T03:46:27.596508054Z 2025-03-25 03:46:27,596 - [MainProcess:64] mummi_ras.online.simulation:run:114 - INFO - simdir =    /tmp/workdir
2025-03-25T03:46:32.607642163Z 2025-03-25 03:46:32,606 - [MainProcess:64] mummi_ras.online.simulation:run:119 - INFO - Process Running? None
2025-03-25T03:46:32.607752332Z 2025-03-25 03:46:32,607 - [MainProcess:64] mummi_ras.online.simulation:run:123 - INFO - CUDA_VISIBLE_DEVICES=UNSET
2025-03-25T03:46:32.607882041Z 2025-03-25 03:46:32,607 - [MainProcess:64] mummi_ras.online.simulation:run:124 - INFO - ROCR_VISIBLE_DEVICES=UNSET
2025-03-25T03:46:32.631566670Z 2025-03-25 03:46:32,631 - [MainProcess:64] mummi_ras.online.simulation:get_new_frames:376 - INFO - Getting all frame numbers in trajectory from 0 to 0.
2025-03-25T03:46:32.631889612Z 2025-03-25 03:46:32,631 - [MainProcess:64] mummi_ras.online.cg.cganalysis:run_main_analysis:194 - INFO - Process frame 0
2025-03-25T03:46:32.632190025Z 2025-03-25 03:46:32,632 - [MainProcess:64] mummi_ras.online.cg.cganalysis:processFrame:519 - INFO - Load 1 frames: current frame ID /tmp/workdir/traj_comp.xtc
2025-03-25T03:46:32.649352192Z 2025-03-25 03:46:32,649 - [MainProcess:64] mummi_ras.online.cg.cganalysis:processFrame:545 - INFO - Frame:     0, Time:    0.000 ps, Bbox = [0, 181.32352, 0, 181.32352]
2025-03-25T03:46:32.649648243Z 2025-03-25 03:46:32,649 - [MainProcess:64] mummi_ras.online.cg.cganalysis:processFrame:549 - INFO - Lengths of layers: 666 30 488
2025-03-25T03:46:32.760757057Z 2025-03-25 03:46:32,760 - [MainProcess:64] mummi_ras.online.cg.cganalysis:processFrame:730 - INFO - Time for analysis - frameNum 0, time 0.12834978103637695 s
2025-03-25T03:47:00.863660551Z /miniconda3/lib/python3.11/site-packages/MDAnalysis/coordinates/XDR.py:240: UserWarning: Reload offsets from trajectory
2025-03-25T03:47:00.863688466Z  ctime or size or n_atoms did not match
2025-03-25T03:47:00.863712426Z   warnings.warn("Reload offsets from trajectory\n "
2025-03-25T03:47:00.899064417Z 2025-03-25 03:47:00,898 - [MainProcess:64] mummi_ras.online.simulation:get_new_frames:376 - INFO - Getting all frame numbers in trajectory from 1 to 1.
2025-03-25T03:47:00.899431969Z 2025-03-25 03:47:00,899 - [MainProcess:64] mummi_ras.online.cg.cganalysis:run_main_analysis:194 - INFO - Process frame 1
2025-03-25T03:47:00.899706777Z 2025-03-25 03:47:00,899 - [MainProcess:64] mummi_ras.online.cg.cganalysis:processFrame:519 - INFO - Load 2 frames: current frame ID /tmp/workdir/traj_comp.xtc
2025-03-25T03:47:00.916027463Z 2025-03-25 03:47:00,915 - [MainProcess:64] mummi_ras.online.cg.cganalysis:processFrame:545 - INFO - Frame:     1, Time:  500.000 ps, Bbox = [0, 181.42734, 0, 181.42734]
2025-03-25T03:47:00.916316363Z 2025-03-25 03:47:00,916 - [MainProcess:64] mummi_ras.online.cg.cganalysis:processFrame:549 - INFO - Lengths of layers: 667 35 482
2025-03-25T03:47:01.008608031Z 2025-03-25 03:47:01,008 - [MainProcess:64] mummi_ras.online.cg.cganalysis:processFrame:730 - INFO - Time for analysis - frameNum 1, time 0.10870623588562012 s
2025-03-25T03:47:29.128906831Z 2025-03-25 03:47:29,128 - [MainProcess:64] mummi_ras.online.simulation:get_new_frames:376 - INFO - Getting all frame numbers in trajectory from 2 to 2.
2025-03-25T03:47:29.129220001Z 2025-03-25 03:47:29,129 - [MainProcess:64] mummi_ras.online.cg.cganalysis:run_main_analysis:194 - INFO - Process frame 2
2025-03-25T03:47:29.129511625Z 2025-03-25 03:47:29,129 - [MainProcess:64] mummi_ras.online.cg.cganalysis:processFrame:519 - INFO - Load 3 frames: current frame ID /tmp/workdir/traj_comp.xtc
2025-03-25T03:47:29.146113250Z 2025-03-25 03:47:29,145 - [MainProcess:64] mummi_ras.online.cg.cganalysis:processFrame:545 - INFO - Frame:     2, Time: 1000.000 ps, Bbox = [0, 180.44058, 0, 180.44058]
2025-03-25T03:47:29.146402506Z 2025-03-25 03:47:29,146 - [MainProcess:64] mummi_ras.online.cg.cganalysis:processFrame:549 - INFO - Lengths of layers: 665 32 487
2025-03-25T03:47:29.231277162Z 2025-03-25 03:47:29,231 - [MainProcess:64] mummi_ras.online.cg.cganalysis:processFrame:730 - INFO - Time for analysis - frameNum 2, time 0.10171318054199219 s
2025-03-25T03:47:57.359236810Z 2025-03-25 03:47:57,358 - [MainProcess:64] mummi_ras.online.simulation:get_new_frames:376 - INFO - Getting all frame numbers in trajectory from 3 to 3.
2025-03-25T03:47:57.359601260Z 2025-03-25 03:47:57,359 - [MainProcess:64] mummi_ras.online.cg.cganalysis:run_main_analysis:194 - INFO - Process frame 3
2025-03-25T03:47:57.359883366Z 2025-03-25 03:47:57,359 - [MainProcess:64] mummi_ras.online.cg.cganalysis:processFrame:519 - INFO - Load 4 frames: current frame ID /tmp/workdir/traj_comp.xtc
2025-03-25T03:47:57.375414783Z 2025-03-25 03:47:57,375 - [MainProcess:64] mummi_ras.online.cg.cganalysis:processFrame:545 - INFO - Frame:     3, Time: 1500.000 ps, Bbox = [0, 180.38405, 0, 180.38405]
2025-03-25T03:47:57.375707340Z 2025-03-25 03:47:57,375 - [MainProcess:64] mummi_ras.online.cg.cganalysis:processFrame:549 - INFO - Lengths of layers: 661 35 488
2025-03-25T03:47:57.457572879Z 2025-03-25 03:47:57,457 - [MainProcess:64] mummi_ras.online.cg.cganalysis:processFrame:730 - INFO - Time for analysis - frameNum 3, time 0.09764385223388672 s
2025-03-25T03:48:27.593529321Z 2025-03-25 03:48:27,593 - [MainProcess:64] mummi_ras.online.simulation:get_new_frames:376 - INFO - Getting all frame numbers in trajectory from 4 to 4.
2025-03-25T03:48:27.593880102Z 2025-03-25 03:48:27,593 - [MainProcess:64] mummi_ras.online.cg.cganalysis:run_main_analysis:194 - INFO - Process frame 4
2025-03-25T03:48:27.594182407Z 2025-03-25 03:48:27,594 - [MainProcess:64] mummi_ras.online.cg.cganalysis:processFrame:519 - INFO - Load 5 frames: current frame ID /tmp/workdir/traj_comp.xtc
2025-03-25T03:48:27.610319552Z 2025-03-25 03:48:27,610 - [MainProcess:64] mummi_ras.online.cg.cganalysis:processFrame:545 - INFO - Frame:     4, Time: 2000.000 ps, Bbox = [0, 181.67755, 0, 181.67755]
2025-03-25T03:48:27.610607467Z 2025-03-25 03:48:27,610 - [MainProcess:64] mummi_ras.online.cg.cganalysis:processFrame:549 - INFO - Lengths of layers: 664 33 487
2025-03-25T03:48:27.684215428Z 2025-03-25 03:48:27,684 - [MainProcess:64] mummi_ras.online.cg.cganalysis:processFrame:730 - INFO - Time for analysis - frameNum 4, time 0.08997893333435059 s
2025-03-25T03:48:55.810578632Z 2025-03-25 03:48:55,810 - [MainProcess:64] mummi_ras.online.simulation:get_new_frames:376 - INFO - Getting all frame numbers in trajectory from 5 to 5.
2025-03-25T03:48:55.810912905Z 2025-03-25 03:48:55,810 - [MainProcess:64] mummi_ras.online.cg.cganalysis:run_main_analysis:194 - INFO - Process frame 5
2025-03-25T03:48:55.811190970Z 2025-03-25 03:48:55,811 - [MainProcess:64] mummi_ras.online.cg.cganalysis:processFrame:519 - INFO - Load 6 frames: current frame ID /tmp/workdir/traj_comp.xtc
2025-03-25T03:48:55.827480938Z 2025-03-25 03:48:55,827 - [MainProcess:64] mummi_ras.online.cg.cganalysis:processFrame:545 - INFO - Frame:     5, Time: 2500.000 ps, Bbox = [0, 181.29156, 0, 181.29156]
2025-03-25T03:48:55.827765562Z 2025-03-25 03:48:55,827 - [MainProcess:64] mummi_ras.online.cg.cganalysis:processFrame:549 - INFO - Lengths of layers: 663 36 485
2025-03-25T03:48:55.911684555Z 2025-03-25 03:48:55,911 - [MainProcess:64] mummi_ras.online.cg.cganalysis:processFrame:730 - INFO - Time for analysis - frameNum 5, time 0.10043907165527344 s
2025-03-25T03:49:24.044140913Z 2025-03-25 03:49:24,043 - [MainProcess:64] mummi_ras.online.simulation:get_new_frames:376 - INFO - Getting all frame numbers in trajectory from 6 to 6.
2025-03-25T03:49:24.044515338Z 2025-03-25 03:49:24,044 - [MainProcess:64] mummi_ras.online.cg.cganalysis:run_main_analysis:194 - INFO - Process frame 6
2025-03-25T03:49:24.044799791Z 2025-03-25 03:49:24,044 - [MainProcess:64] mummi_ras.online.cg.cganalysis:processFrame:519 - INFO - Load 7 frames: current frame ID /tmp/workdir/traj_comp.xtc
2025-03-25T03:49:24.061188523Z 2025-03-25 03:49:24,061 - [MainProcess:64] mummi_ras.online.cg.cganalysis:processFrame:545 - INFO - Frame:     6, Time: 3000.000 ps, Bbox = [0, 181.04962, 0, 181.04962]
2025-03-25T03:49:24.061524147Z 2025-03-25 03:49:24,061 - [MainProcess:64] mummi_ras.online.cg.cganalysis:processFrame:549 - INFO - Lengths of layers: 665 31 488
2025-03-25T03:49:24.154052304Z 2025-03-25 03:49:24,153 - [MainProcess:64] mummi_ras.online.cg.cganalysis:processFrame:730 - INFO - Time for analysis - frameNum 6, time 0.10903191566467285 s
2025-03-25T03:49:54.304896667Z 2025-03-25 03:49:54,304 - [MainProcess:64] mummi_ras.online.simulation:get_new_frames:376 - INFO - Getting all frame numbers in trajectory from 7 to 7.
2025-03-25T03:49:54.305259043Z 2025-03-25 03:49:54,305 - [MainProcess:64] mummi_ras.online.cg.cganalysis:run_main_analysis:194 - INFO - Process frame 7
2025-03-25T03:49:54.305555092Z 2025-03-25 03:49:54,305 - [MainProcess:64] mummi_ras.online.cg.cganalysis:processFrame:519 - INFO - Load 8 frames: current frame ID /tmp/workdir/traj_comp.xtc
2025-03-25T03:49:54.322156351Z 2025-03-25 03:49:54,322 - [MainProcess:64] mummi_ras.online.cg.cganalysis:processFrame:545 - INFO - Frame:     7, Time: 3500.000 ps, Bbox = [0, 180.12225, 0, 180.12225]
2025-03-25T03:49:54.322455003Z 2025-03-25 03:49:54,322 - [MainProcess:64] mummi_ras.online.cg.cganalysis:processFrame:549 - INFO - Lengths of layers: 662 29 493
2025-03-25T03:49:54.417609945Z 2025-03-25 03:49:54,417 - [MainProcess:64] mummi_ras.online.cg.cganalysis:processFrame:730 - INFO - Time for analysis - frameNum 7, time 0.1118764877319336 s
2025-03-25T03:50:22.549644272Z 2025-03-25 03:50:22,549 - [MainProcess:64] mummi_ras.online.simulation:get_new_frames:376 - INFO - Getting all frame numbers in trajectory from 8 to 8.
2025-03-25T03:50:22.550041539Z 2025-03-25 03:50:22,549 - [MainProcess:64] mummi_ras.online.cg.cganalysis:run_main_analysis:194 - INFO - Process frame 8
2025-03-25T03:50:22.550335356Z 2025-03-25 03:50:22,550 - [MainProcess:64] mummi_ras.online.cg.cganalysis:processFrame:519 - INFO - Load 9 frames: current frame ID /tmp/workdir/traj_comp.xtc
2025-03-25T03:50:22.566930465Z 2025-03-25 03:50:22,566 - [MainProcess:64] mummi_ras.online.cg.cganalysis:processFrame:545 - INFO - Frame:     8, Time: 4000.000 ps, Bbox = [0, 180.66086, 0, 180.66086]
2025-03-25T03:50:22.567218863Z 2025-03-25 03:50:22,567 - [MainProcess:64] mummi_ras.online.cg.cganalysis:processFrame:549 - INFO - Lengths of layers: 661 36 487
2025-03-25T03:50:22.654188156Z 2025-03-25 03:50:22,653 - [MainProcess:64] mummi_ras.online.cg.cganalysis:processFrame:730 - INFO - Time for analysis - frameNum 8, time 0.10366630554199219 s
2025-03-25T03:50:50.772511335Z 2025-03-25 03:50:50,772 - [MainProcess:64] mummi_ras.online.simulation:get_new_frames:376 - INFO - Getting all frame numbers in trajectory from 9 to 9.
2025-03-25T03:50:50.772864236Z 2025-03-25 03:50:50,772 - [MainProcess:64] mummi_ras.online.cg.cganalysis:run_main_analysis:194 - INFO - Process frame 9
2025-03-25T03:50:50.773149921Z 2025-03-25 03:50:50,773 - [MainProcess:64] mummi_ras.online.cg.cganalysis:processFrame:519 - INFO - Load 10 frames: current frame ID /tmp/workdir/traj_comp.xtc
2025-03-25T03:50:50.801367053Z 2025-03-25 03:50:50,801 - [MainProcess:64] mummi_ras.online.cg.cganalysis:processFrame:545 - INFO - Frame:     9, Time: 4500.000 ps, Bbox = [0, 180.94887, 0, 180.94887]
2025-03-25T03:50:50.801674318Z 2025-03-25 03:50:50,801 - [MainProcess:64] mummi_ras.online.cg.cganalysis:processFrame:549 - INFO - Lengths of layers: 659 37 488
2025-03-25T03:50:50.880922617Z 2025-03-25 03:50:50,880 - [MainProcess:64] mummi_ras.online.cg.cganalysis:processFrame:730 - INFO - Time for analysis - frameNum 9, time 0.10772013664245605 s
2025-03-25T03:50:52.891373226Z 2025-03-25 03:50:52,891 - [MainProcess:64] mummi_ras.online.cg.cganalysis:processOutput:93 - INFO - Add feedback for frameNum 0 - state []
2025-03-25T03:50:52.891831764Z 2025-03-25 03:50:52,891 - [MainProcess:64] mummi_ras.online.cg.cganalysis:processOutput:93 - INFO - Add feedback for frameNum 1 - state []
2025-03-25T03:50:52.892128845Z 2025-03-25 03:50:52,892 - [MainProcess:64] mummi_ras.online.cg.cganalysis:processOutput:93 - INFO - Add feedback for frameNum 2 - state []
2025-03-25T03:50:52.892403490Z 2025-03-25 03:50:52,892 - [MainProcess:64] mummi_ras.online.cg.cganalysis:processOutput:93 - INFO - Add feedback for frameNum 3 - state []
2025-03-25T03:50:52.892689671Z 2025-03-25 03:50:52,892 - [MainProcess:64] mummi_ras.online.cg.cganalysis:processOutput:93 - INFO - Add feedback for frameNum 4 - state []
2025-03-25T03:50:52.892959903Z 2025-03-25 03:50:52,892 - [MainProcess:64] mummi_ras.online.cg.cganalysis:processOutput:93 - INFO - Add feedback for frameNum 5 - state []
2025-03-25T03:50:52.893240740Z 2025-03-25 03:50:52,893 - [MainProcess:64] mummi_ras.online.cg.cganalysis:processOutput:93 - INFO - Add feedback for frameNum 6 - state []
2025-03-25T03:50:52.893523678Z 2025-03-25 03:50:52,893 - [MainProcess:64] mummi_ras.online.cg.cganalysis:processOutput:93 - INFO - Add feedback for frameNum 7 - state []
2025-03-25T03:50:52.893799823Z 2025-03-25 03:50:52,893 - [MainProcess:64] mummi_ras.online.cg.cganalysis:processOutput:93 - INFO - Add feedback for frameNum 8 - state []
2025-03-25T03:50:52.894089344Z 2025-03-25 03:50:52,893 - [MainProcess:64] mummi_ras.online.cg.cganalysis:processOutput:93 - INFO - Add feedback for frameNum 9 - state []
2025-03-25T03:50:52.902656583Z 2025-03-25 03:50:52,902 - [MainProcess:64] mummi_core.interfaces.simple:_save_files:91 - INFO - Wrote 10 files to (/opt/clones/mummi-ras/feedback-cg2ml/019)
2025-03-25T03:50:52.902972841Z 2025-03-25 03:50:52,902 - [MainProcess:64] mummi_ras.feedback.feedback_manager_cg2ml:report:118 - INFO - Added 10 frames (from structure_049935419) to feedback (/opt/clones/mummi-ras/feedback-cg2ml)
2025-03-25T03:50:52.903251581Z 2025-03-25 03:50:52,903 - [MainProcess:64] mummi_ras.online.cg.cganalysis:processOutput:113 - INFO - processOutput: 9
2025-03-25T03:50:53.020886557Z 2025-03-25 03:50:53,020 - [MainProcess:64] mummi_ras.interfaces.mummi:save_analysis_data:254 - INFO - Saved all analysis data for frames [0, 1, 2, 3, 4, 5, 6, 7, 8, 9]
2025-03-25T03:50:53.021247449Z 2025-03-25 03:50:53,021 - [MainProcess:64] mummi_ras.online.cg.cganalysis:copyRemoteLogs:326 - INFO - Copy over log files
2025-03-25T03:50:53.038959042Z cp: cannot stat '/tmp/workdir/cg_analysis.out': No such file or directory
2025-03-25T03:50:53.040218996Z 2025-03-25 03:50:53,040 - [MainProcess:64] mummi_core.utils.utilities:sys_call:184 - INFO - Run command: cp -r  /tmp/workdir/cg_analysis.out /tmp/workdir/*.log /tmp/out/ || true
2025-03-25T03:50:53.040475298Z 2025-03-25 03:50:53,040 - [MainProcess:64] mummi_ras.online.cg.cganalysis:copyRemoteLogs:338 - INFO - copyRemoteLogs =  /tmp/workdir/cg_analysis.out /tmp/workdir/*.log
2025-03-25T03:50:53.040747279Z 2025-03-25 03:50:53,040 - [MainProcess:64] mummi_ras.online.cg.cganalysis:cleanupLocal:348 - WARNING - Copy cleanup local only works for ddcMD files
2025-03-25T03:51:19.150408989Z 2025-03-25 03:51:19,150 - [MainProcess:64] mummi_ras.online.simulation:get_new_frames:376 - INFO - Getting all frame numbers in trajectory from 10 to 10.
2025-03-25T03:51:19.150754732Z 2025-03-25 03:51:19,150 - [MainProcess:64] mummi_ras.online.cg.cganalysis:run_main_analysis:194 - INFO - Process frame 10
2025-03-25T03:51:19.151018985Z 2025-03-25 03:51:19,150 - [MainProcess:64] mummi_ras.online.cg.cganalysis:processFrame:519 - INFO - Load 11 frames: current frame ID /tmp/workdir/traj_comp.xtc
2025-03-25T03:51:19.167233441Z 2025-03-25 03:51:19,167 - [MainProcess:64] mummi_ras.online.cg.cganalysis:processFrame:545 - INFO - Frame:    10, Time: 5000.000 ps, Bbox = [0, 180.72519, 0, 180.72519]
2025-03-25T03:51:19.167523499Z 2025-03-25 03:51:19,167 - [MainProcess:64] mummi_ras.online.cg.cganalysis:processFrame:549 - INFO - Lengths of layers: 659 40 485
2025-03-25T03:51:19.253022799Z 2025-03-25 03:51:19,252 - [MainProcess:64] mummi_ras.online.cg.cganalysis:processFrame:730 - INFO - Time for analysis - frameNum 10, time 0.10192060470581055 s
2025-03-25T03:51:49.403843696Z 2025-03-25 03:51:49,403 - [MainProcess:64] mummi_ras.online.simulation:get_new_frames:376 - INFO - Getting all frame numbers in trajectory from 11 to 11.
2025-03-25T03:51:49.404220457Z 2025-03-25 03:51:49,404 - [MainProcess:64] mummi_ras.online.cg.cganalysis:run_main_analysis:194 - INFO - Process frame 11
2025-03-25T03:51:49.404510547Z 2025-03-25 03:51:49,404 - [MainProcess:64] mummi_ras.online.cg.cganalysis:processFrame:519 - INFO - Load 12 frames: current frame ID /tmp/workdir/traj_comp.xtc
2025-03-25T03:51:49.421114876Z 2025-03-25 03:51:49,420 - [MainProcess:64] mummi_ras.online.cg.cganalysis:processFrame:545 - INFO - Frame:    11, Time: 5500.000 ps, Bbox = [0, 180.38283, 0, 180.38283]
2025-03-25T03:51:49.421432129Z 2025-03-25 03:51:49,421 - [MainProcess:64] mummi_ras.online.cg.cganalysis:processFrame:549 - INFO - Lengths of layers: 662 35 487
2025-03-25T03:51:49.505334599Z 2025-03-25 03:51:49,505 - [MainProcess:64] mummi_ras.online.cg.cganalysis:processFrame:730 - INFO - Time for analysis - frameNum 11, time 0.1007378101348877 s
2025-03-25T03:52:17.629551624Z 2025-03-25 03:52:17,629 - [MainProcess:64] mummi_ras.online.simulation:get_new_frames:376 - INFO - Getting all frame numbers in trajectory from 12 to 12.
2025-03-25T03:52:17.629945380Z 2025-03-25 03:52:17,629 - [MainProcess:64] mummi_ras.online.cg.cganalysis:run_main_analysis:194 - INFO - Process frame 12
2025-03-25T03:52:17.630217481Z 2025-03-25 03:52:17,630 - [MainProcess:64] mummi_ras.online.cg.cganalysis:processFrame:519 - INFO - Load 13 frames: current frame ID /tmp/workdir/traj_comp.xtc
2025-03-25T03:52:17.646819982Z 2025-03-25 03:52:17,646 - [MainProcess:64] mummi_ras.online.cg.cganalysis:processFrame:545 - INFO - Frame:    12, Time: 6000.000 ps, Bbox = [0, 181.0527, 0, 181.0527]
2025-03-25T03:52:17.647115463Z 2025-03-25 03:52:17,646 - [MainProcess:64] mummi_ras.online.cg.cganalysis:processFrame:549 - INFO - Lengths of layers: 660 33 491
2025-03-25T03:52:17.739627793Z 2025-03-25 03:52:17,739 - [MainProcess:64] mummi_ras.online.cg.cganalysis:processFrame:730 - INFO - Time for analysis - frameNum 12, time 0.1092836856842041 s
2025-03-25T03:52:45.864772385Z 2025-03-25 03:52:45,864 - [MainProcess:64] mummi_ras.online.simulation:get_new_frames:376 - INFO - Getting all frame numbers in trajectory from 13 to 13.
2025-03-25T03:52:45.865134475Z 2025-03-25 03:52:45,865 - [MainProcess:64] mummi_ras.online.cg.cganalysis:run_main_analysis:194 - INFO - Process frame 13
2025-03-25T03:52:45.865415235Z 2025-03-25 03:52:45,865 - [MainProcess:64] mummi_ras.online.cg.cganalysis:processFrame:519 - INFO - Load 14 frames: current frame ID /tmp/workdir/traj_comp.xtc
2025-03-25T03:52:45.891145035Z 2025-03-25 03:52:45,890 - [MainProcess:64] mummi_ras.online.cg.cganalysis:processFrame:545 - INFO - Frame:    13, Time: 6500.000 ps, Bbox = [0, 180.05547, 0, 180.05547]
2025-03-25T03:52:45.891180666Z 2025-03-25 03:52:45,891 - [MainProcess:64] mummi_ras.online.cg.cganalysis:processFrame:549 - INFO - Lengths of layers: 661 38 485
2025-03-25T03:52:45.971211257Z 2025-03-25 03:52:45,970 - [MainProcess:64] mummi_ras.online.cg.cganalysis:processFrame:730 - INFO - Time for analysis - frameNum 13, time 0.10559344291687012 s
2025-03-25T03:53:16.115977579Z 2025-03-25 03:53:16,115 - [MainProcess:64] mummi_ras.online.simulation:get_new_frames:376 - INFO - Getting all frame numbers in trajectory from 14 to 14.
2025-03-25T03:53:16.116332649Z 2025-03-25 03:53:16,116 - [MainProcess:64] mummi_ras.online.cg.cganalysis:run_main_analysis:194 - INFO - Process frame 14
2025-03-25T03:53:16.116609114Z 2025-03-25 03:53:16,116 - [MainProcess:64] mummi_ras.online.cg.cganalysis:processFrame:519 - INFO - Load 15 frames: current frame ID /tmp/workdir/traj_comp.xtc
2025-03-25T03:53:16.133129196Z 2025-03-25 03:53:16,132 - [MainProcess:64] mummi_ras.online.cg.cganalysis:processFrame:545 - INFO - Frame:    14, Time: 7000.000 ps, Bbox = [0, 180.9805, 0, 180.9805]
2025-03-25T03:53:16.133425057Z 2025-03-25 03:53:16,133 - [MainProcess:64] mummi_ras.online.cg.cganalysis:processFrame:549 - INFO - Lengths of layers: 659 39 486
2025-03-25T03:53:16.223806930Z 2025-03-25 03:53:16,223 - [MainProcess:64] mummi_ras.online.cg.cganalysis:processFrame:730 - INFO - Time for analysis - frameNum 14, time 0.1070852279663086 s
2025-03-25T03:53:44.358899156Z 2025-03-25 03:53:44,358 - [MainProcess:64] mummi_ras.online.simulation:get_new_frames:376 - INFO - Getting all frame numbers in trajectory from 15 to 15.
2025-03-25T03:53:44.359522320Z 2025-03-25 03:53:44,359 - [MainProcess:64] mummi_ras.online.cg.cganalysis:run_main_analysis:194 - INFO - Process frame 15
2025-03-25T03:53:44.359809352Z 2025-03-25 03:53:44,359 - [MainProcess:64] mummi_ras.online.cg.cganalysis:processFrame:519 - INFO - Load 16 frames: current frame ID /tmp/workdir/traj_comp.xtc
2025-03-25T03:53:44.376597263Z 2025-03-25 03:53:44,376 - [MainProcess:64] mummi_ras.online.cg.cganalysis:processFrame:545 - INFO - Frame:    15, Time: 7500.000 ps, Bbox = [0, 179.89072, 0, 179.89072]
2025-03-25T03:53:44.376841436Z 2025-03-25 03:53:44,376 - [MainProcess:64] mummi_ras.online.cg.cganalysis:processFrame:549 - INFO - Lengths of layers: 661 38 485
2025-03-25T03:53:44.466427440Z 2025-03-25 03:53:44,466 - [MainProcess:64] mummi_ras.online.cg.cganalysis:processFrame:730 - INFO - Time for analysis - frameNum 15, time 0.10652565956115723 s
2025-03-25T03:54:12.595745767Z 2025-03-25 03:54:12,595 - [MainProcess:64] mummi_ras.online.simulation:get_new_frames:376 - INFO - Getting all frame numbers in trajectory from 16 to 16.
2025-03-25T03:54:12.596090917Z 2025-03-25 03:54:12,595 - [MainProcess:64] mummi_ras.online.cg.cganalysis:run_main_analysis:194 - INFO - Process frame 16
2025-03-25T03:54:12.596367165Z 2025-03-25 03:54:12,596 - [MainProcess:64] mummi_ras.online.cg.cganalysis:processFrame:519 - INFO - Load 17 frames: current frame ID /tmp/workdir/traj_comp.xtc
2025-03-25T03:54:12.612412458Z 2025-03-25 03:54:12,612 - [MainProcess:64] mummi_ras.online.cg.cganalysis:processFrame:545 - INFO - Frame:    16, Time: 8000.000 ps, Bbox = [0, 181.25174, 0, 181.25174]
2025-03-25T03:54:12.612704847Z 2025-03-25 03:54:12,612 - [MainProcess:64] mummi_ras.online.cg.cganalysis:processFrame:549 - INFO - Lengths of layers: 660 36 488
2025-03-25T03:54:12.698451733Z 2025-03-25 03:54:12,698 - [MainProcess:64] mummi_ras.online.cg.cganalysis:processFrame:730 - INFO - Time for analysis - frameNum 16, time 0.1020200252532959 s
2025-03-25T03:54:40.828740086Z 2025-03-25 03:54:40,828 - [MainProcess:64] mummi_ras.online.simulation:get_new_frames:376 - INFO - Getting all frame numbers in trajectory from 17 to 17.
2025-03-25T03:54:40.829101187Z 2025-03-25 03:54:40,828 - [MainProcess:64] mummi_ras.online.cg.cganalysis:run_main_analysis:194 - INFO - Process frame 17
2025-03-25T03:54:40.829386672Z 2025-03-25 03:54:40,829 - [MainProcess:64] mummi_ras.online.cg.cganalysis:processFrame:519 - INFO - Load 18 frames: current frame ID /tmp/workdir/traj_comp.xtc
2025-03-25T03:54:40.845782093Z 2025-03-25 03:54:40,845 - [MainProcess:64] mummi_ras.online.cg.cganalysis:processFrame:545 - INFO - Frame:    17, Time: 8500.000 ps, Bbox = [0, 180.48648, 0, 180.48648]
2025-03-25T03:54:40.846115619Z 2025-03-25 03:54:40,845 - [MainProcess:64] mummi_ras.online.cg.cganalysis:processFrame:549 - INFO - Lengths of layers: 660 38 486
2025-03-25T03:54:40.936005710Z 2025-03-25 03:54:40,935 - [MainProcess:64] mummi_ras.online.cg.cganalysis:processFrame:730 - INFO - Time for analysis - frameNum 17, time 0.10654330253601074 s
2025-03-25T03:55:11.075835910Z 2025-03-25 03:55:11,075 - [MainProcess:64] mummi_ras.online.simulation:get_new_frames:376 - INFO - Getting all frame numbers in trajectory from 18 to 18.
2025-03-25T03:55:11.076198433Z 2025-03-25 03:55:11,076 - [MainProcess:64] mummi_ras.online.cg.cganalysis:run_main_analysis:194 - INFO - Process frame 18
2025-03-25T03:55:11.076465328Z 2025-03-25 03:55:11,076 - [MainProcess:64] mummi_ras.online.cg.cganalysis:processFrame:519 - INFO - Load 19 frames: current frame ID /tmp/workdir/traj_comp.xtc
2025-03-25T03:55:11.098722777Z 2025-03-25 03:55:11,098 - [MainProcess:64] mummi_ras.online.cg.cganalysis:processFrame:545 - INFO - Frame:    18, Time: 9000.000 ps, Bbox = [0, 180.51622, 0, 180.51622]
2025-03-25T03:55:11.099014108Z 2025-03-25 03:55:11,098 - [MainProcess:64] mummi_ras.online.cg.cganalysis:processFrame:549 - INFO - Lengths of layers: 660 43 481
2025-03-25T03:55:11.177114158Z 2025-03-25 03:55:11,176 - [MainProcess:64] mummi_ras.online.cg.cganalysis:processFrame:730 - INFO - Time for analysis - frameNum 18, time 0.10050845146179199 s
2025-03-25T03:55:39.310255606Z 2025-03-25 03:55:39,310 - [MainProcess:64] mummi_ras.online.simulation:get_new_frames:376 - INFO - Getting all frame numbers in trajectory from 19 to 19.
2025-03-25T03:55:39.310624072Z 2025-03-25 03:55:39,310 - [MainProcess:64] mummi_ras.online.cg.cganalysis:run_main_analysis:194 - INFO - Process frame 19
2025-03-25T03:55:39.310899567Z 2025-03-25 03:55:39,310 - [MainProcess:64] mummi_ras.online.cg.cganalysis:processFrame:519 - INFO - Load 20 frames: current frame ID /tmp/workdir/traj_comp.xtc
2025-03-25T03:55:39.327449047Z 2025-03-25 03:55:39,327 - [MainProcess:64] mummi_ras.online.cg.cganalysis:processFrame:545 - INFO - Frame:    19, Time: 9500.000 ps, Bbox = [0, 181.46431, 0, 181.46431]
2025-03-25T03:55:39.327778582Z 2025-03-25 03:55:39,327 - [MainProcess:64] mummi_ras.online.cg.cganalysis:processFrame:549 - INFO - Lengths of layers: 660 37 487
2025-03-25T03:55:39.412492697Z 2025-03-25 03:55:39,412 - [MainProcess:64] mummi_ras.online.cg.cganalysis:processFrame:730 - INFO - Time for analysis - frameNum 19, time 0.10151124000549316 s
2025-03-25T03:55:39.413252877Z 2025-03-25 03:55:39,413 - [MainProcess:64] mummi_ras.online.cg.cganalysis:processOutput:93 - INFO - Add feedback for frameNum 10 - state []
2025-03-25T03:55:39.413591229Z 2025-03-25 03:55:39,413 - [MainProcess:64] mummi_ras.online.cg.cganalysis:processOutput:93 - INFO - Add feedback for frameNum 11 - state []
2025-03-25T03:55:39.413865310Z 2025-03-25 03:55:39,413 - [MainProcess:64] mummi_ras.online.cg.cganalysis:processOutput:93 - INFO - Add feedback for frameNum 12 - state []
2025-03-25T03:55:39.414166894Z 2025-03-25 03:55:39,414 - [MainProcess:64] mummi_ras.online.cg.cganalysis:processOutput:93 - INFO - Add feedback for frameNum 13 - state []
2025-03-25T03:55:39.414439065Z 2025-03-25 03:55:39,414 - [MainProcess:64] mummi_ras.online.cg.cganalysis:processOutput:93 - INFO - Add feedback for frameNum 14 - state []
2025-03-25T03:55:39.414719170Z 2025-03-25 03:55:39,414 - [MainProcess:64] mummi_ras.online.cg.cganalysis:processOutput:93 - INFO - Add feedback for frameNum 15 - state []
2025-03-25T03:55:39.414991523Z 2025-03-25 03:55:39,414 - [MainProcess:64] mummi_ras.online.cg.cganalysis:processOutput:93 - INFO - Add feedback for frameNum 16 - state []
2025-03-25T03:55:39.415249802Z 2025-03-25 03:55:39,415 - [MainProcess:64] mummi_ras.online.cg.cganalysis:processOutput:93 - INFO - Add feedback for frameNum 17 - state []
2025-03-25T03:55:39.415506033Z 2025-03-25 03:55:39,415 - [MainProcess:64] mummi_ras.online.cg.cganalysis:processOutput:93 - INFO - Add feedback for frameNum 18 - state []
2025-03-25T03:55:39.415762177Z 2025-03-25 03:55:39,415 - [MainProcess:64] mummi_ras.online.cg.cganalysis:processOutput:93 - INFO - Add feedback for frameNum 19 - state []
2025-03-25T03:55:39.423608605Z 2025-03-25 03:55:39,423 - [MainProcess:64] mummi_core.interfaces.simple:_save_files:91 - INFO - Wrote 10 files to (/opt/clones/mummi-ras/feedback-cg2ml/019)
2025-03-25T03:55:39.423900982Z 2025-03-25 03:55:39,423 - [MainProcess:64] mummi_ras.feedback.feedback_manager_cg2ml:report:118 - INFO - Added 10 frames (from structure_049935419) to feedback (/opt/clones/mummi-ras/feedback-cg2ml)
2025-03-25T03:55:39.424165955Z 2025-03-25 03:55:39,424 - [MainProcess:64] mummi_ras.online.cg.cganalysis:processOutput:113 - INFO - processOutput: 19
2025-03-25T03:55:39.566666530Z 2025-03-25 03:55:39,566 - [MainProcess:64] mummi_ras.interfaces.mummi:save_analysis_data:254 - INFO - Saved all analysis data for frames [10, 11, 12, 13, 14, 15, 16, 17, 18, 19]
2025-03-25T03:55:39.566989751Z 2025-03-25 03:55:39,566 - [MainProcess:64] mummi_ras.online.cg.cganalysis:copyRemoteLogs:326 - INFO - Copy over log files
2025-03-25T03:55:39.592075558Z cp: cannot stat '/tmp/workdir/cg_analysis.out': No such file or directory
2025-03-25T03:55:39.593510606Z 2025-03-25 03:55:39,593 - [MainProcess:64] mummi_core.utils.utilities:sys_call:184 - INFO - Run command: cp -r  /tmp/workdir/cg_analysis.out /tmp/workdir/*.log /tmp/out/ || true
2025-03-25T03:55:39.593802189Z 2025-03-25 03:55:39,593 - [MainProcess:64] mummi_ras.online.cg.cganalysis:copyRemoteLogs:338 - INFO - copyRemoteLogs =  /tmp/workdir/cg_analysis.out /tmp/workdir/*.log
2025-03-25T03:55:39.594087546Z 2025-03-25 03:55:39,593 - [MainProcess:64] mummi_ras.online.cg.cganalysis:cleanupLocal:348 - WARNING - Copy cleanup local only works for ddcMD files
2025-03-25T03:56:07.716172804Z 2025-03-25 03:56:07,715 - [MainProcess:64] mummi_ras.online.simulation:get_new_frames:376 - INFO - Getting all frame numbers in trajectory from 20 to 20.
2025-03-25T03:56:07.716529842Z 2025-03-25 03:56:07,716 - [MainProcess:64] mummi_ras.online.cg.cganalysis:run_main_analysis:194 - INFO - Process frame 20
2025-03-25T03:56:07.716809500Z 2025-03-25 03:56:07,716 - [MainProcess:64] mummi_ras.online.cg.cganalysis:processFrame:519 - INFO - Load 21 frames: current frame ID /tmp/workdir/traj_comp.xtc
2025-03-25T03:56:07.733072316Z 2025-03-25 03:56:07,732 - [MainProcess:64] mummi_ras.online.cg.cganalysis:processFrame:545 - INFO - Frame:    20, Time: 10000.000 ps, Bbox = [0, 180.59569, 0, 180.59569]
2025-03-25T03:56:07.733362495Z 2025-03-25 03:56:07,733 - [MainProcess:64] mummi_ras.online.cg.cganalysis:processFrame:549 - INFO - Lengths of layers: 660 42 482
2025-03-25T03:56:07.818658180Z 2025-03-25 03:56:07,818 - [MainProcess:64] mummi_ras.online.cg.cganalysis:processFrame:730 - INFO - Time for analysis - frameNum 20, time 0.10168886184692383 s
2025-03-25T03:56:37.942951542Z 2025-03-25 03:56:37,942 - [MainProcess:64] mummi_ras.online.simulation:get_new_frames:376 - INFO - Getting all frame numbers in trajectory from 21 to 21.
2025-03-25T03:56:37.943523971Z 2025-03-25 03:56:37,943 - [MainProcess:64] mummi_ras.online.cg.cganalysis:run_main_analysis:194 - INFO - Process frame 21
2025-03-25T03:56:37.943802171Z 2025-03-25 03:56:37,943 - [MainProcess:64] mummi_ras.online.cg.cganalysis:processFrame:519 - INFO - Load 22 frames: current frame ID /tmp/workdir/traj_comp.xtc
2025-03-25T03:56:37.960413984Z 2025-03-25 03:56:37,960 - [MainProcess:64] mummi_ras.online.cg.cganalysis:processFrame:545 - INFO - Frame:    21, Time: 10500.000 ps, Bbox = [0, 181.19728, 0, 181.19728]
2025-03-25T03:56:37.960706976Z 2025-03-25 03:56:37,960 - [MainProcess:64] mummi_ras.online.cg.cganalysis:processFrame:549 - INFO - Lengths of layers: 662 39 483
2025-03-25T03:56:38.044350043Z 2025-03-25 03:56:38,044 - [MainProcess:64] mummi_ras.online.cg.cganalysis:processFrame:730 - INFO - Time for analysis - frameNum 21, time 0.10041093826293945 s
2025-03-25T03:57:06.190848435Z 2025-03-25 03:57:06,190 - [MainProcess:64] mummi_ras.online.simulation:get_new_frames:376 - INFO - Getting all frame numbers in trajectory from 22 to 22.
2025-03-25T03:57:06.190887583Z 2025-03-25 03:57:06,190 - [MainProcess:64] mummi_ras.online.cg.cganalysis:run_main_analysis:194 - INFO - Process frame 22
2025-03-25T03:57:06.191114725Z 2025-03-25 03:57:06,190 - [MainProcess:64] mummi_ras.online.cg.cganalysis:processFrame:519 - INFO - Load 23 frames: current frame ID /tmp/workdir/traj_comp.xtc
2025-03-25T03:57:06.205962483Z 2025-03-25 03:57:06,205 - [MainProcess:64] mummi_ras.online.cg.cganalysis:processFrame:545 - INFO - Frame:    22, Time: 11000.000 ps, Bbox = [0, 181.51575, 0, 181.51575]
2025-03-25T03:57:06.206274679Z 2025-03-25 03:57:06,206 - [MainProcess:64] mummi_ras.online.cg.cganalysis:processFrame:549 - INFO - Lengths of layers: 661 39 484
2025-03-25T03:57:06.294385872Z 2025-03-25 03:57:06,294 - [MainProcess:64] mummi_ras.online.cg.cganalysis:processFrame:730 - INFO - Time for analysis - frameNum 22, time 0.10321617126464844 s
2025-03-25T03:57:34.420731847Z 2025-03-25 03:57:34,420 - [MainProcess:64] mummi_ras.online.simulation:get_new_frames:376 - INFO - Getting all frame numbers in trajectory from 23 to 23.
2025-03-25T03:57:34.421097579Z 2025-03-25 03:57:34,420 - [MainProcess:64] mummi_ras.online.cg.cganalysis:run_main_analysis:194 - INFO - Process frame 23
2025-03-25T03:57:34.421381660Z 2025-03-25 03:57:34,421 - [MainProcess:64] mummi_ras.online.cg.cganalysis:processFrame:519 - INFO - Load 24 frames: current frame ID /tmp/workdir/traj_comp.xtc
2025-03-25T03:57:34.437644433Z 2025-03-25 03:57:34,437 - [MainProcess:64] mummi_ras.online.cg.cganalysis:processFrame:545 - INFO - Frame:    23, Time: 11500.000 ps, Bbox = [0, 181.32483, 0, 181.32483]
2025-03-25T03:57:34.437948753Z 2025-03-25 03:57:34,437 - [MainProcess:64] mummi_ras.online.cg.cganalysis:processFrame:549 - INFO - Lengths of layers: 663 39 482
2025-03-25T03:57:34.521515104Z 2025-03-25 03:57:34,521 - [MainProcess:64] mummi_ras.online.cg.cganalysis:processFrame:730 - INFO - Time for analysis - frameNum 23, time 0.09997224807739258 s
2025-03-25T03:58:04.657482654Z 2025-03-25 03:58:04,657 - [MainProcess:64] mummi_ras.online.simulation:get_new_frames:376 - INFO - Getting all frame numbers in trajectory from 24 to 24.
2025-03-25T03:58:04.657833050Z 2025-03-25 03:58:04,657 - [MainProcess:64] mummi_ras.online.cg.cganalysis:run_main_analysis:194 - INFO - Process frame 24
2025-03-25T03:58:04.658149351Z 2025-03-25 03:58:04,658 - [MainProcess:64] mummi_ras.online.cg.cganalysis:processFrame:519 - INFO - Load 25 frames: current frame ID /tmp/workdir/traj_comp.xtc
2025-03-25T03:58:04.674876606Z 2025-03-25 03:58:04,674 - [MainProcess:64] mummi_ras.online.cg.cganalysis:processFrame:545 - INFO - Frame:    24, Time: 12000.000 ps, Bbox = [0, 179.72327, 0, 179.72327]
2025-03-25T03:58:04.675229587Z 2025-03-25 03:58:04,675 - [MainProcess:64] mummi_ras.online.cg.cganalysis:processFrame:549 - INFO - Lengths of layers: 665 39 480
2025-03-25T03:58:04.757864219Z 2025-03-25 03:58:04,757 - [MainProcess:64] mummi_ras.online.cg.cganalysis:processFrame:730 - INFO - Time for analysis - frameNum 24, time 0.09964585304260254 s
2025-03-25T03:58:32.892501421Z 2025-03-25 03:58:32,892 - [MainProcess:64] mummi_ras.online.simulation:get_new_frames:376 - INFO - Getting all frame numbers in trajectory from 25 to 25.
2025-03-25T03:58:32.892872039Z 2025-03-25 03:58:32,892 - [MainProcess:64] mummi_ras.online.cg.cganalysis:run_main_analysis:194 - INFO - Process frame 25
2025-03-25T03:58:32.893140199Z 2025-03-25 03:58:32,893 - [MainProcess:64] mummi_ras.online.cg.cganalysis:processFrame:519 - INFO - Load 26 frames: current frame ID /tmp/workdir/traj_comp.xtc
2025-03-25T03:58:32.909519233Z 2025-03-25 03:58:32,909 - [MainProcess:64] mummi_ras.online.cg.cganalysis:processFrame:545 - INFO - Frame:    25, Time: 12500.000 ps, Bbox = [0, 181.00189, 0, 181.00189]
2025-03-25T03:58:32.909803418Z 2025-03-25 03:58:32,909 - [MainProcess:64] mummi_ras.online.cg.cganalysis:processFrame:549 - INFO - Lengths of layers: 663 42 479
2025-03-25T03:58:32.988636137Z 2025-03-25 03:58:32,988 - [MainProcess:64] mummi_ras.online.cg.cganalysis:processFrame:730 - INFO - Time for analysis - frameNum 25, time 0.09538078308105469 s
2025-03-25T03:59:01.121683052Z 2025-03-25 03:59:01,121 - [MainProcess:64] mummi_ras.online.simulation:get_new_frames:376 - INFO - Getting all frame numbers in trajectory from 26 to 26.
2025-03-25T03:59:01.122044136Z 2025-03-25 03:59:01,121 - [MainProcess:64] mummi_ras.online.cg.cganalysis:run_main_analysis:194 - INFO - Process frame 26
2025-03-25T03:59:01.122336157Z 2025-03-25 03:59:01,122 - [MainProcess:64] mummi_ras.online.cg.cganalysis:processFrame:519 - INFO - Load 27 frames: current frame ID /tmp/workdir/traj_comp.xtc
2025-03-25T03:59:01.139032169Z 2025-03-25 03:59:01,138 - [MainProcess:64] mummi_ras.online.cg.cganalysis:processFrame:545 - INFO - Frame:    26, Time: 13000.000 ps, Bbox = [0, 179.94522, 0, 179.94522]
2025-03-25T03:59:01.139355487Z 2025-03-25 03:59:01,139 - [MainProcess:64] mummi_ras.online.cg.cganalysis:processFrame:549 - INFO - Lengths of layers: 666 41 477
2025-03-25T03:59:01.231815866Z 2025-03-25 03:59:01,231 - [MainProcess:64] mummi_ras.online.cg.cganalysis:processFrame:730 - INFO - Time for analysis - frameNum 26, time 0.10943746566772461 s
2025-03-25T03:59:31.372711691Z 2025-03-25 03:59:31,372 - [MainProcess:64] mummi_ras.online.simulation:get_new_frames:376 - INFO - Getting all frame numbers in trajectory from 27 to 27.
2025-03-25T03:59:31.373062781Z 2025-03-25 03:59:31,372 - [MainProcess:64] mummi_ras.online.cg.cganalysis:run_main_analysis:194 - INFO - Process frame 27
2025-03-25T03:59:31.373338371Z 2025-03-25 03:59:31,373 - [MainProcess:64] mummi_ras.online.cg.cganalysis:processFrame:519 - INFO - Load 28 frames: current frame ID /tmp/workdir/traj_comp.xtc
2025-03-25T03:59:31.401886980Z 2025-03-25 03:59:31,401 - [MainProcess:64] mummi_ras.online.cg.cganalysis:processFrame:545 - INFO - Frame:    27, Time: 13500.000 ps, Bbox = [0, 181.79192, 0, 181.79192]
2025-03-25T03:59:31.402212452Z 2025-03-25 03:59:31,402 - [MainProcess:64] mummi_ras.online.cg.cganalysis:processFrame:549 - INFO - Lengths of layers: 667 39 478
2025-03-25T03:59:31.492908756Z 2025-03-25 03:59:31,492 - [MainProcess:64] mummi_ras.online.cg.cganalysis:processFrame:730 - INFO - Time for analysis - frameNum 27, time 0.11938953399658203 s
2025-03-25T03:59:59.629103961Z 2025-03-25 03:59:59,628 - [MainProcess:64] mummi_ras.online.simulation:get_new_frames:376 - INFO - Getting all frame numbers in trajectory from 28 to 28.
2025-03-25T03:59:59.629472924Z 2025-03-25 03:59:59,629 - [MainProcess:64] mummi_ras.online.cg.cganalysis:run_main_analysis:194 - INFO - Process frame 28
2025-03-25T03:59:59.629724507Z 2025-03-25 03:59:59,629 - [MainProcess:64] mummi_ras.online.cg.cganalysis:processFrame:519 - INFO - Load 29 frames: current frame ID /tmp/workdir/traj_comp.xtc
2025-03-25T03:59:59.646259372Z 2025-03-25 03:59:59,646 - [MainProcess:64] mummi_ras.online.cg.cganalysis:processFrame:545 - INFO - Frame:    28, Time: 14000.000 ps, Bbox = [0, 181.38985, 0, 181.38985]
2025-03-25T03:59:59.646577711Z 2025-03-25 03:59:59,646 - [MainProcess:64] mummi_ras.online.cg.cganalysis:processFrame:549 - INFO - Lengths of layers: 665 42 477
2025-03-25T03:59:59.737511832Z 2025-03-25 03:59:59,737 - [MainProcess:64] mummi_ras.online.cg.cganalysis:processFrame:730 - INFO - Time for analysis - frameNum 28, time 0.10773372650146484 s
2025-03-25T04:00:27.873440008Z 2025-03-25 04:00:27,873 - [MainProcess:64] mummi_ras.online.simulation:get_new_frames:376 - INFO - Getting all frame numbers in trajectory from 29 to 29.
2025-03-25T04:00:27.873806294Z 2025-03-25 04:00:27,873 - [MainProcess:64] mummi_ras.online.cg.cganalysis:run_main_analysis:194 - INFO - Process frame 29
2025-03-25T04:00:27.874111272Z 2025-03-25 04:00:27,873 - [MainProcess:64] mummi_ras.online.cg.cganalysis:processFrame:519 - INFO - Load 30 frames: current frame ID /tmp/workdir/traj_comp.xtc
2025-03-25T04:00:27.896733714Z 2025-03-25 04:00:27,896 - [MainProcess:64] mummi_ras.online.cg.cganalysis:processFrame:545 - INFO - Frame:    29, Time: 14500.000 ps, Bbox = [0, 181.3315, 0, 181.3315]
2025-03-25T04:00:27.897016345Z 2025-03-25 04:00:27,896 - [MainProcess:64] mummi_ras.online.cg.cganalysis:processFrame:549 - INFO - Lengths of layers: 668 36 480
2025-03-25T04:00:27.976055650Z 2025-03-25 04:00:27,975 - [MainProcess:64] mummi_ras.online.cg.cganalysis:processFrame:730 - INFO - Time for analysis - frameNum 29, time 0.10180258750915527 s
2025-03-25T04:00:29.995596340Z 2025-03-25 04:00:29,995 - [MainProcess:64] mummi_ras.online.cg.cganalysis:processOutput:93 - INFO - Add feedback for frameNum 20 - state []
2025-03-25T04:00:29.995740480Z 2025-03-25 04:00:29,995 - [MainProcess:64] mummi_ras.online.cg.cganalysis:processOutput:93 - INFO - Add feedback for frameNum 21 - state []
2025-03-25T04:00:29.995789741Z 2025-03-25 04:00:29,995 - [MainProcess:64] mummi_ras.online.cg.cganalysis:processOutput:93 - INFO - Add feedback for frameNum 22 - state []
2025-03-25T04:00:29.995971767Z 2025-03-25 04:00:29,995 - [MainProcess:64] mummi_ras.online.cg.cganalysis:processOutput:93 - INFO - Add feedback for frameNum 23 - state []
2025-03-25T04:00:29.996252325Z 2025-03-25 04:00:29,996 - [MainProcess:64] mummi_ras.online.cg.cganalysis:processOutput:93 - INFO - Add feedback for frameNum 24 - state []
2025-03-25T04:00:29.996534696Z 2025-03-25 04:00:29,996 - [MainProcess:64] mummi_ras.online.cg.cganalysis:processOutput:93 - INFO - Add feedback for frameNum 25 - state []
2025-03-25T04:00:29.996803890Z 2025-03-25 04:00:29,996 - [MainProcess:64] mummi_ras.online.cg.cganalysis:processOutput:93 - INFO - Add feedback for frameNum 26 - state []
2025-03-25T04:00:29.997076654Z 2025-03-25 04:00:29,996 - [MainProcess:64] mummi_ras.online.cg.cganalysis:processOutput:93 - INFO - Add feedback for frameNum 27 - state []
2025-03-25T04:00:29.997352439Z 2025-03-25 04:00:29,997 - [MainProcess:64] mummi_ras.online.cg.cganalysis:processOutput:93 - INFO - Add feedback for frameNum 28 - state []
2025-03-25T04:00:29.997614366Z 2025-03-25 04:00:29,997 - [MainProcess:64] mummi_ras.online.cg.cganalysis:processOutput:93 - INFO - Add feedback for frameNum 29 - state []
2025-03-25T04:00:30.005675061Z 2025-03-25 04:00:30,005 - [MainProcess:64] mummi_core.interfaces.simple:_save_files:91 - INFO - Wrote 10 files to (/opt/clones/mummi-ras/feedback-cg2ml/019)
2025-03-25T04:00:30.005996468Z 2025-03-25 04:00:30,005 - [MainProcess:64] mummi_ras.feedback.feedback_manager_cg2ml:report:118 - INFO - Added 10 frames (from structure_049935419) to feedback (/opt/clones/mummi-ras/feedback-cg2ml)
2025-03-25T04:00:30.006280612Z 2025-03-25 04:00:30,006 - [MainProcess:64] mummi_ras.online.cg.cganalysis:processOutput:113 - INFO - processOutput: 29
2025-03-25T04:00:30.163914351Z 2025-03-25 04:00:30,163 - [MainProcess:64] mummi_ras.interfaces.mummi:save_analysis_data:254 - INFO - Saved all analysis data for frames [20, 21, 22, 23, 24, 25, 26, 27, 28, 29]
2025-03-25T04:00:30.164205003Z 2025-03-25 04:00:30,164 - [MainProcess:64] mummi_ras.online.cg.cganalysis:copyRemoteLogs:326 - INFO - Copy over log files
2025-03-25T04:00:30.192258616Z cp: cannot stat '/tmp/workdir/cg_analysis.out': No such file or directory
2025-03-25T04:00:30.193753607Z 2025-03-25 04:00:30,193 - [MainProcess:64] mummi_core.utils.utilities:sys_call:184 - INFO - Run command: cp -r  /tmp/workdir/cg_analysis.out /tmp/workdir/*.log /tmp/out/ || true
2025-03-25T04:00:30.194090345Z 2025-03-25 04:00:30,193 - [MainProcess:64] mummi_ras.online.cg.cganalysis:copyRemoteLogs:338 - INFO - copyRemoteLogs =  /tmp/workdir/cg_analysis.out /tmp/workdir/*.log
2025-03-25T04:00:30.194371736Z 2025-03-25 04:00:30,194 - [MainProcess:64] mummi_ras.online.cg.cganalysis:cleanupLocal:348 - WARNING - Copy cleanup local only works for ddcMD files
2025-03-25T04:00:56.319639694Z 2025-03-25 04:00:56,319 - [MainProcess:64] mummi_ras.online.simulation:get_new_frames:376 - INFO - Getting all frame numbers in trajectory from 30 to 30.
2025-03-25T04:00:56.320010330Z 2025-03-25 04:00:56,319 - [MainProcess:64] mummi_ras.online.cg.cganalysis:run_main_analysis:194 - INFO - Process frame 30
2025-03-25T04:00:56.320288103Z 2025-03-25 04:00:56,320 - [MainProcess:64] mummi_ras.online.cg.cganalysis:processFrame:519 - INFO - Load 31 frames: current frame ID /tmp/workdir/traj_comp.xtc
2025-03-25T04:00:56.336832265Z 2025-03-25 04:00:56,336 - [MainProcess:64] mummi_ras.online.cg.cganalysis:processFrame:545 - INFO - Frame:    30, Time: 15000.000 ps, Bbox = [0, 180.99368, 0, 180.99368]
2025-03-25T04:00:56.337135795Z 2025-03-25 04:00:56,337 - [MainProcess:64] mummi_ras.online.cg.cganalysis:processFrame:549 - INFO - Lengths of layers: 667 39 478
2025-03-25T04:00:56.420918658Z 2025-03-25 04:00:56,420 - [MainProcess:64] mummi_ras.online.cg.cganalysis:processFrame:730 - INFO - Time for analysis - frameNum 30, time 0.10050559043884277 s
2025-03-25T04:01:26.557494278Z 2025-03-25 04:01:26,557 - [MainProcess:64] mummi_ras.online.simulation:get_new_frames:376 - INFO - Getting all frame numbers in trajectory from 31 to 31.
2025-03-25T04:01:26.557875794Z 2025-03-25 04:01:26,557 - [MainProcess:64] mummi_ras.online.cg.cganalysis:run_main_analysis:194 - INFO - Process frame 31
2025-03-25T04:01:26.558163468Z 2025-03-25 04:01:26,558 - [MainProcess:64] mummi_ras.online.cg.cganalysis:processFrame:519 - INFO - Load 32 frames: current frame ID /tmp/workdir/traj_comp.xtc
2025-03-25T04:01:26.590592350Z 2025-03-25 04:01:26,590 - [MainProcess:64] mummi_ras.online.cg.cganalysis:processFrame:545 - INFO - Frame:    31, Time: 15500.000 ps, Bbox = [0, 180.5358, 0, 180.5358]
2025-03-25T04:01:26.590669712Z 2025-03-25 04:01:26,590 - [MainProcess:64] mummi_ras.online.cg.cganalysis:processFrame:549 - INFO - Lengths of layers: 666 43 475
2025-03-25T04:01:26.670065126Z 2025-03-25 04:01:26,669 - [MainProcess:64] mummi_ras.online.cg.cganalysis:processFrame:730 - INFO - Time for analysis - frameNum 31, time 0.11172723770141602 s
2025-03-25T04:01:54.806584725Z 2025-03-25 04:01:54,806 - [MainProcess:64] mummi_ras.online.simulation:get_new_frames:376 - INFO - Getting all frame numbers in trajectory from 32 to 32.
2025-03-25T04:01:54.807101020Z 2025-03-25 04:01:54,806 - [MainProcess:64] mummi_ras.online.cg.cganalysis:run_main_analysis:194 - INFO - Process frame 32
2025-03-25T04:01:54.807378847Z 2025-03-25 04:01:54,807 - [MainProcess:64] mummi_ras.online.cg.cganalysis:processFrame:519 - INFO - Load 33 frames: current frame ID /tmp/workdir/traj_comp.xtc
2025-03-25T04:01:54.824146035Z 2025-03-25 04:01:54,823 - [MainProcess:64] mummi_ras.online.cg.cganalysis:processFrame:545 - INFO - Frame:    32, Time: 16000.000 ps, Bbox = [0, 181.18613, 0, 181.18613]
2025-03-25T04:01:54.824434414Z 2025-03-25 04:01:54,824 - [MainProcess:64] mummi_ras.online.cg.cganalysis:processFrame:549 - INFO - Lengths of layers: 670 33 481
2025-03-25T04:01:54.911800622Z 2025-03-25 04:01:54,911 - [MainProcess:64] mummi_ras.online.cg.cganalysis:processFrame:730 - INFO - Time for analysis - frameNum 32, time 0.10425019264221191 s
2025-03-25T04:02:25.055759187Z 2025-03-25 04:02:25,055 - [MainProcess:64] mummi_ras.online.simulation:get_new_frames:376 - INFO - Getting all frame numbers in trajectory from 33 to 33.
2025-03-25T04:02:25.056105651Z 2025-03-25 04:02:25,055 - [MainProcess:64] mummi_ras.online.cg.cganalysis:run_main_analysis:194 - INFO - Process frame 33
2025-03-25T04:02:25.056384955Z 2025-03-25 04:02:25,056 - [MainProcess:64] mummi_ras.online.cg.cganalysis:processFrame:519 - INFO - Load 34 frames: current frame ID /tmp/workdir/traj_comp.xtc
2025-03-25T04:02:25.073138870Z 2025-03-25 04:02:25,072 - [MainProcess:64] mummi_ras.online.cg.cganalysis:processFrame:545 - INFO - Frame:    33, Time: 16500.000 ps, Bbox = [0, 179.9193, 0, 179.9193]
2025-03-25T04:02:25.073441621Z 2025-03-25 04:02:25,073 - [MainProcess:64] mummi_ras.online.cg.cganalysis:processFrame:549 - INFO - Lengths of layers: 667 29 488
2025-03-25T04:02:25.154681278Z 2025-03-25 04:02:25,154 - [MainProcess:64] mummi_ras.online.cg.cganalysis:processFrame:730 - INFO - Time for analysis - frameNum 33, time 0.0981285572052002 s
2025-03-25T04:02:53.292399224Z 2025-03-25 04:02:53,292 - [MainProcess:64] mummi_ras.online.simulation:get_new_frames:376 - INFO - Getting all frame numbers in trajectory from 34 to 34.
2025-03-25T04:02:53.292744841Z 2025-03-25 04:02:53,292 - [MainProcess:64] mummi_ras.online.cg.cganalysis:run_main_analysis:194 - INFO - Process frame 34
2025-03-25T04:02:53.293020060Z 2025-03-25 04:02:53,292 - [MainProcess:64] mummi_ras.online.cg.cganalysis:processFrame:519 - INFO - Load 35 frames: current frame ID /tmp/workdir/traj_comp.xtc
2025-03-25T04:02:53.309713338Z 2025-03-25 04:02:53,309 - [MainProcess:64] mummi_ras.online.cg.cganalysis:processFrame:545 - INFO - Frame:    34, Time: 17000.000 ps, Bbox = [0, 181.3331, 0, 181.3331]
2025-03-25T04:02:53.310036505Z 2025-03-25 04:02:53,309 - [MainProcess:64] mummi_ras.online.cg.cganalysis:processFrame:549 - INFO - Lengths of layers: 668 35 481
2025-03-25T04:02:53.395861956Z 2025-03-25 04:02:53,395 - [MainProcess:64] mummi_ras.online.cg.cganalysis:processFrame:730 - INFO - Time for analysis - frameNum 34, time 0.1027839183807373 s
2025-03-25T04:03:21.535633337Z 2025-03-25 04:03:21,535 - [MainProcess:64] mummi_ras.online.simulation:get_new_frames:376 - INFO - Getting all frame numbers in trajectory from 35 to 35.
2025-03-25T04:03:21.535932812Z 2025-03-25 04:03:21,535 - [MainProcess:64] mummi_ras.online.cg.cganalysis:run_main_analysis:194 - INFO - Process frame 35
2025-03-25T04:03:21.536181530Z 2025-03-25 04:03:21,536 - [MainProcess:64] mummi_ras.online.cg.cganalysis:processFrame:519 - INFO - Load 36 frames: current frame ID /tmp/workdir/traj_comp.xtc
2025-03-25T04:03:21.553071398Z 2025-03-25 04:03:21,552 - [MainProcess:64] mummi_ras.online.cg.cganalysis:processFrame:545 - INFO - Frame:    35, Time: 17500.000 ps, Bbox = [0, 180.15082, 0, 180.15082]
2025-03-25T04:03:21.553414088Z 2025-03-25 04:03:21,553 - [MainProcess:64] mummi_ras.online.cg.cganalysis:processFrame:549 - INFO - Lengths of layers: 665 39 480
2025-03-25T04:03:21.628989831Z 2025-03-25 04:03:21,628 - [MainProcess:64] mummi_ras.online.cg.cganalysis:processFrame:730 - INFO - Time for analysis - frameNum 35, time 0.09271526336669922 s
2025-03-25T04:03:51.765042140Z 2025-03-25 04:03:51,764 - [MainProcess:64] mummi_ras.online.simulation:get_new_frames:376 - INFO - Getting all frame numbers in trajectory from 36 to 36.
2025-03-25T04:03:51.765417498Z 2025-03-25 04:03:51,765 - [MainProcess:64] mummi_ras.online.cg.cganalysis:run_main_analysis:194 - INFO - Process frame 36
2025-03-25T04:03:51.765693344Z 2025-03-25 04:03:51,765 - [MainProcess:64] mummi_ras.online.cg.cganalysis:processFrame:519 - INFO - Load 37 frames: current frame ID /tmp/workdir/traj_comp.xtc
2025-03-25T04:03:51.793015745Z 2025-03-25 04:03:51,792 - [MainProcess:64] mummi_ras.online.cg.cganalysis:processFrame:545 - INFO - Frame:    36, Time: 18000.000 ps, Bbox = [0, 180.6496, 0, 180.6496]
2025-03-25T04:03:51.793307580Z 2025-03-25 04:03:51,793 - [MainProcess:64] mummi_ras.online.cg.cganalysis:processFrame:549 - INFO - Lengths of layers: 666 43 475
2025-03-25T04:03:51.873202320Z 2025-03-25 04:03:51,872 - [MainProcess:64] mummi_ras.online.cg.cganalysis:processFrame:730 - INFO - Time for analysis - frameNum 36, time 0.1073920726776123 s
2025-03-25T04:04:20.003083266Z 2025-03-25 04:04:20,002 - [MainProcess:64] mummi_ras.online.simulation:get_new_frames:376 - INFO - Getting all frame numbers in trajectory from 37 to 37.
2025-03-25T04:04:20.003430879Z 2025-03-25 04:04:20,003 - [MainProcess:64] mummi_ras.online.cg.cganalysis:run_main_analysis:194 - INFO - Process frame 37
2025-03-25T04:04:20.003709308Z 2025-03-25 04:04:20,003 - [MainProcess:64] mummi_ras.online.cg.cganalysis:processFrame:519 - INFO - Load 38 frames: current frame ID /tmp/workdir/traj_comp.xtc
2025-03-25T04:04:20.020232172Z 2025-03-25 04:04:20,020 - [MainProcess:64] mummi_ras.online.cg.cganalysis:processFrame:545 - INFO - Frame:    37, Time: 18500.000 ps, Bbox = [0, 180.79456, 0, 180.79456]
2025-03-25T04:04:20.020527548Z 2025-03-25 04:04:20,020 - [MainProcess:64] mummi_ras.online.cg.cganalysis:processFrame:549 - INFO - Lengths of layers: 665 42 477
2025-03-25T04:04:20.111698534Z 2025-03-25 04:04:20,111 - [MainProcess:64] mummi_ras.online.cg.cganalysis:processFrame:730 - INFO - Time for analysis - frameNum 37, time 0.10784745216369629 s
2025-03-25T04:04:48.241232845Z 2025-03-25 04:04:48,240 - [MainProcess:64] mummi_ras.online.simulation:get_new_frames:376 - INFO - Getting all frame numbers in trajectory from 38 to 38.
2025-03-25T04:04:48.241588642Z 2025-03-25 04:04:48,241 - [MainProcess:64] mummi_ras.online.cg.cganalysis:run_main_analysis:194 - INFO - Process frame 38
2025-03-25T04:04:48.241855419Z 2025-03-25 04:04:48,241 - [MainProcess:64] mummi_ras.online.cg.cganalysis:processFrame:519 - INFO - Load 39 frames: current frame ID /tmp/workdir/traj_comp.xtc
2025-03-25T04:04:48.257904063Z 2025-03-25 04:04:48,257 - [MainProcess:64] mummi_ras.online.cg.cganalysis:processFrame:545 - INFO - Frame:    38, Time: 19000.000 ps, Bbox = [0, 180.49178, 0, 180.49178]
2025-03-25T04:04:48.258209576Z 2025-03-25 04:04:48,258 - [MainProcess:64] mummi_ras.online.cg.cganalysis:processFrame:549 - INFO - Lengths of layers: 666 45 473
2025-03-25T04:04:48.350038605Z 2025-03-25 04:04:48,349 - [MainProcess:64] mummi_ras.online.cg.cganalysis:processFrame:730 - INFO - Time for analysis - frameNum 38, time 0.10803055763244629 s
2025-03-25T04:05:18.488228604Z 2025-03-25 04:05:18,487 - [MainProcess:64] mummi_ras.online.simulation:get_new_frames:376 - INFO - Getting all frame numbers in trajectory from 39 to 39.
2025-03-25T04:05:18.488287174Z 2025-03-25 04:05:18,488 - [MainProcess:64] mummi_ras.online.cg.cganalysis:run_main_analysis:194 - INFO - Process frame 39
2025-03-25T04:05:18.488355518Z 2025-03-25 04:05:18,488 - [MainProcess:64] mummi_ras.online.cg.cganalysis:processFrame:519 - INFO - Load 40 frames: current frame ID /tmp/workdir/traj_comp.xtc
2025-03-25T04:05:18.503547940Z 2025-03-25 04:05:18,503 - [MainProcess:64] mummi_ras.online.cg.cganalysis:processFrame:545 - INFO - Frame:    39, Time: 19500.000 ps, Bbox = [0, 179.7778, 0, 179.7778]
2025-03-25T04:05:18.503832557Z 2025-03-25 04:05:18,503 - [MainProcess:64] mummi_ras.online.cg.cganalysis:processFrame:549 - INFO - Lengths of layers: 663 44 477
2025-03-25T04:05:18.595600185Z 2025-03-25 04:05:18,595 - [MainProcess:64] mummi_ras.online.cg.cganalysis:processFrame:730 - INFO - Time for analysis - frameNum 39, time 0.10717177391052246 s
2025-03-25T04:05:18.596330081Z 2025-03-25 04:05:18,596 - [MainProcess:64] mummi_ras.online.cg.cganalysis:processOutput:93 - INFO - Add feedback for frameNum 30 - state []
2025-03-25T04:05:18.596460304Z 2025-03-25 04:05:18,596 - [MainProcess:64] mummi_ras.online.cg.cganalysis:processOutput:93 - INFO - Add feedback for frameNum 31 - state []
2025-03-25T04:05:18.596605642Z 2025-03-25 04:05:18,596 - [MainProcess:64] mummi_ras.online.cg.cganalysis:processOutput:93 - INFO - Add feedback for frameNum 32 - state []
2025-03-25T04:05:18.596682150Z 2025-03-25 04:05:18,596 - [MainProcess:64] mummi_ras.online.cg.cganalysis:processOutput:93 - INFO - Add feedback for frameNum 33 - state []
2025-03-25T04:05:18.596847218Z 2025-03-25 04:05:18,596 - [MainProcess:64] mummi_ras.online.cg.cganalysis:processOutput:93 - INFO - Add feedback for frameNum 34 - state []
2025-03-25T04:05:18.596921683Z 2025-03-25 04:05:18,596 - [MainProcess:64] mummi_ras.online.cg.cganalysis:processOutput:93 - INFO - Add feedback for frameNum 35 - state []
2025-03-25T04:05:18.597083802Z 2025-03-25 04:05:18,596 - [MainProcess:64] mummi_ras.online.cg.cganalysis:processOutput:93 - INFO - Add feedback for frameNum 36 - state []
2025-03-25T04:05:18.597156225Z 2025-03-25 04:05:18,597 - [MainProcess:64] mummi_ras.online.cg.cganalysis:processOutput:93 - INFO - Add feedback for frameNum 37 - state []
2025-03-25T04:05:18.597317890Z 2025-03-25 04:05:18,597 - [MainProcess:64] mummi_ras.online.cg.cganalysis:processOutput:93 - INFO - Add feedback for frameNum 38 - state []
2025-03-25T04:05:18.597376498Z 2025-03-25 04:05:18,597 - [MainProcess:64] mummi_ras.online.cg.cganalysis:processOutput:93 - INFO - Add feedback for frameNum 39 - state []
2025-03-25T04:05:18.605297952Z 2025-03-25 04:05:18,605 - [MainProcess:64] mummi_core.interfaces.simple:_save_files:91 - INFO - Wrote 10 files to (/opt/clones/mummi-ras/feedback-cg2ml/019)
2025-03-25T04:05:18.605467734Z 2025-03-25 04:05:18,605 - [MainProcess:64] mummi_ras.feedback.feedback_manager_cg2ml:report:118 - INFO - Added 10 frames (from structure_049935419) to feedback (/opt/clones/mummi-ras/feedback-cg2ml)
2025-03-25T04:05:18.605617984Z 2025-03-25 04:05:18,605 - [MainProcess:64] mummi_ras.online.cg.cganalysis:processOutput:113 - INFO - processOutput: 39
2025-03-25T04:05:18.751222551Z 2025-03-25 04:05:18,751 - [MainProcess:64] mummi_ras.interfaces.mummi:save_analysis_data:254 - INFO - Saved all analysis data for frames [30, 31, 32, 33, 34, 35, 36, 37, 38, 39]
2025-03-25T04:05:18.751550783Z 2025-03-25 04:05:18,751 - [MainProcess:64] mummi_ras.online.cg.cganalysis:copyRemoteLogs:326 - INFO - Copy over log files
2025-03-25T04:05:18.774463314Z cp: cannot stat '/tmp/workdir/cg_analysis.out': No such file or directory
2025-03-25T04:05:18.775848818Z 2025-03-25 04:05:18,775 - [MainProcess:64] mummi_core.utils.utilities:sys_call:184 - INFO - Run command: cp -r  /tmp/workdir/cg_analysis.out /tmp/workdir/*.log /tmp/out/ || true
2025-03-25T04:05:18.775938374Z 2025-03-25 04:05:18,775 - [MainProcess:64] mummi_ras.online.cg.cganalysis:copyRemoteLogs:338 - INFO - copyRemoteLogs =  /tmp/workdir/cg_analysis.out /tmp/workdir/*.log
2025-03-25T04:05:18.776200668Z 2025-03-25 04:05:18,775 - [MainProcess:64] mummi_ras.online.cg.cganalysis:cleanupLocal:348 - WARNING - Copy cleanup local only works for ddcMD files
2025-03-25T04:05:46.896475443Z 2025-03-25 04:05:46,896 - [MainProcess:64] mummi_ras.online.simulation:get_new_frames:376 - INFO - Getting all frame numbers in trajectory from 40 to 40.
2025-03-25T04:05:46.896843728Z 2025-03-25 04:05:46,896 - [MainProcess:64] mummi_ras.online.cg.cganalysis:run_main_analysis:194 - INFO - Process frame 40
2025-03-25T04:05:46.897110548Z 2025-03-25 04:05:46,896 - [MainProcess:64] mummi_ras.online.cg.cganalysis:processFrame:519 - INFO - Load 41 frames: current frame ID /tmp/workdir/traj_comp.xtc
2025-03-25T04:05:46.913235416Z 2025-03-25 04:05:46,913 - [MainProcess:64] mummi_ras.online.cg.cganalysis:processFrame:545 - INFO - Frame:    40, Time: 20000.000 ps, Bbox = [0, 180.42554, 0, 180.42554]
2025-03-25T04:05:46.913515131Z 2025-03-25 04:05:46,913 - [MainProcess:64] mummi_ras.online.cg.cganalysis:processFrame:549 - INFO - Lengths of layers: 664 40 480
2025-03-25T04:05:46.998419599Z 2025-03-25 04:05:46,998 - [MainProcess:64] mummi_ras.online.cg.cganalysis:processFrame:730 - INFO - Time for analysis - frameNum 40, time 0.10118508338928223 s
2025-03-25T04:06:15.124022529Z 2025-03-25 04:06:15,123 - [MainProcess:64] mummi_ras.online.simulation:get_new_frames:376 - INFO - Getting all frame numbers in trajectory from 41 to 41.
2025-03-25T04:06:15.124379744Z 2025-03-25 04:06:15,124 - [MainProcess:64] mummi_ras.online.cg.cganalysis:run_main_analysis:194 - INFO - Process frame 41
2025-03-25T04:06:15.124642727Z 2025-03-25 04:06:15,124 - [MainProcess:64] mummi_ras.online.cg.cganalysis:processFrame:519 - INFO - Load 42 frames: current frame ID /tmp/workdir/traj_comp.xtc
2025-03-25T04:06:15.141120219Z 2025-03-25 04:06:15,140 - [MainProcess:64] mummi_ras.online.cg.cganalysis:processFrame:545 - INFO - Frame:    41, Time: 20500.000 ps, Bbox = [0, 180.76462, 0, 180.76462]
2025-03-25T04:06:15.141400876Z 2025-03-25 04:06:15,141 - [MainProcess:64] mummi_ras.online.cg.cganalysis:processFrame:549 - INFO - Lengths of layers: 663 39 482
2025-03-25T04:06:15.216418819Z 2025-03-25 04:06:15,216 - [MainProcess:64] mummi_ras.online.cg.cganalysis:processFrame:730 - INFO - Time for analysis - frameNum 41, time 0.09168887138366699 s
2025-03-25T04:06:43.351173615Z 2025-03-25 04:06:43,350 - [MainProcess:64] mummi_ras.online.simulation:get_new_frames:376 - INFO - Getting all frame numbers in trajectory from 42 to 42.
2025-03-25T04:06:43.351534122Z 2025-03-25 04:06:43,351 - [MainProcess:64] mummi_ras.online.cg.cganalysis:run_main_analysis:194 - INFO - Process frame 42
2025-03-25T04:06:43.351810158Z 2025-03-25 04:06:43,351 - [MainProcess:64] mummi_ras.online.cg.cganalysis:processFrame:519 - INFO - Load 43 frames: current frame ID /tmp/workdir/traj_comp.xtc
2025-03-25T04:06:43.368363748Z 2025-03-25 04:06:43,368 - [MainProcess:64] mummi_ras.online.cg.cganalysis:processFrame:545 - INFO - Frame:    42, Time: 21000.000 ps, Bbox = [0, 180.19615, 0, 180.19615]
2025-03-25T04:06:43.368656827Z 2025-03-25 04:06:43,368 - [MainProcess:64] mummi_ras.online.cg.cganalysis:processFrame:549 - INFO - Lengths of layers: 659 42 483
2025-03-25T04:06:43.464756301Z 2025-03-25 04:06:43,464 - [MainProcess:64] mummi_ras.online.cg.cganalysis:processFrame:730 - INFO - Time for analysis - frameNum 42, time 0.11277461051940918 s
2025-03-25T04:07:13.603505537Z 2025-03-25 04:07:13,603 - [MainProcess:64] mummi_ras.online.simulation:get_new_frames:376 - INFO - Getting all frame numbers in trajectory from 43 to 43.
2025-03-25T04:07:13.603855026Z 2025-03-25 04:07:13,603 - [MainProcess:64] mummi_ras.online.cg.cganalysis:run_main_analysis:194 - INFO - Process frame 43
2025-03-25T04:07:13.604195420Z 2025-03-25 04:07:13,604 - [MainProcess:64] mummi_ras.online.cg.cganalysis:processFrame:519 - INFO - Load 44 frames: current frame ID /tmp/workdir/traj_comp.xtc
2025-03-25T04:07:13.620672980Z 2025-03-25 04:07:13,620 - [MainProcess:64] mummi_ras.online.cg.cganalysis:processFrame:545 - INFO - Frame:    43, Time: 21500.000 ps, Bbox = [0, 180.26794, 0, 180.26794]
2025-03-25T04:07:13.620993971Z 2025-03-25 04:07:13,620 - [MainProcess:64] mummi_ras.online.cg.cganalysis:processFrame:549 - INFO - Lengths of layers: 658 45 481
2025-03-25T04:07:13.712046647Z 2025-03-25 04:07:13,711 - [MainProcess:64] mummi_ras.online.cg.cganalysis:processFrame:730 - INFO - Time for analysis - frameNum 43, time 0.10786008834838867 s
2025-03-25T04:07:41.827567956Z 2025-03-25 04:07:41,827 - [MainProcess:64] mummi_ras.online.simulation:get_new_frames:376 - INFO - Getting all frame numbers in trajectory from 44 to 44.
2025-03-25T04:07:41.827947848Z 2025-03-25 04:07:41,827 - [MainProcess:64] mummi_ras.online.cg.cganalysis:run_main_analysis:194 - INFO - Process frame 44
2025-03-25T04:07:41.828250791Z 2025-03-25 04:07:41,828 - [MainProcess:64] mummi_ras.online.cg.cganalysis:processFrame:519 - INFO - Load 45 frames: current frame ID /tmp/workdir/traj_comp.xtc
2025-03-25T04:07:41.844814938Z 2025-03-25 04:07:41,844 - [MainProcess:64] mummi_ras.online.cg.cganalysis:processFrame:545 - INFO - Frame:    44, Time: 22000.000 ps, Bbox = [0, 180.8825, 0, 180.8825]
2025-03-25T04:07:41.845125960Z 2025-03-25 04:07:41,845 - [MainProcess:64] mummi_ras.online.cg.cganalysis:processFrame:549 - INFO - Lengths of layers: 662 40 482
2025-03-25T04:07:41.939301611Z 2025-03-25 04:07:41,939 - [MainProcess:64] mummi_ras.online.cg.cganalysis:processFrame:730 - INFO - Time for analysis - frameNum 44, time 0.11101675033569336 s
2025-03-25T04:08:10.064873348Z 2025-03-25 04:08:10,064 - [MainProcess:64] mummi_ras.online.simulation:get_new_frames:376 - INFO - Getting all frame numbers in trajectory from 45 to 45.
2025-03-25T04:08:10.065239257Z 2025-03-25 04:08:10,065 - [MainProcess:64] mummi_ras.online.cg.cganalysis:run_main_analysis:194 - INFO - Process frame 45
2025-03-25T04:08:10.065524985Z 2025-03-25 04:08:10,065 - [MainProcess:64] mummi_ras.online.cg.cganalysis:processFrame:519 - INFO - Load 46 frames: current frame ID /tmp/workdir/traj_comp.xtc
2025-03-25T04:08:10.095054294Z 2025-03-25 04:08:10,094 - [MainProcess:64] mummi_ras.online.cg.cganalysis:processFrame:545 - INFO - Frame:    45, Time: 22500.000 ps, Bbox = [0, 180.39908, 0, 180.39908]
2025-03-25T04:08:10.095356607Z 2025-03-25 04:08:10,095 - [MainProcess:64] mummi_ras.online.cg.cganalysis:processFrame:549 - INFO - Lengths of layers: 659 45 480
2025-03-25T04:08:10.176104506Z 2025-03-25 04:08:10,175 - [MainProcess:64] mummi_ras.online.cg.cganalysis:processFrame:730 - INFO - Time for analysis - frameNum 45, time 0.11040782928466797 s
2025-03-25T04:08:40.322269915Z 2025-03-25 04:08:40,322 - [MainProcess:64] mummi_ras.online.simulation:get_new_frames:376 - INFO - Getting all frame numbers in trajectory from 46 to 46.
2025-03-25T04:08:40.322633629Z 2025-03-25 04:08:40,322 - [MainProcess:64] mummi_ras.online.cg.cganalysis:run_main_analysis:194 - INFO - Process frame 46
2025-03-25T04:08:40.322908802Z 2025-03-25 04:08:40,322 - [MainProcess:64] mummi_ras.online.cg.cganalysis:processFrame:519 - INFO - Load 47 frames: current frame ID /tmp/workdir/traj_comp.xtc
2025-03-25T04:08:40.338683311Z 2025-03-25 04:08:40,338 - [MainProcess:64] mummi_ras.online.cg.cganalysis:processFrame:545 - INFO - Frame:    46, Time: 23000.000 ps, Bbox = [0, 181.01813, 0, 181.01813]
2025-03-25T04:08:40.338973513Z 2025-03-25 04:08:40,338 - [MainProcess:64] mummi_ras.online.cg.cganalysis:processFrame:549 - INFO - Lengths of layers: 658 48 478
2025-03-25T04:08:40.430544087Z 2025-03-25 04:08:40,430 - [MainProcess:64] mummi_ras.online.cg.cganalysis:processFrame:730 - INFO - Time for analysis - frameNum 46, time 0.10758519172668457 s
2025-03-25T04:09:08.561224833Z 2025-03-25 04:09:08,560 - [MainProcess:64] mummi_ras.online.simulation:get_new_frames:376 - INFO - Getting all frame numbers in trajectory from 47 to 47.
2025-03-25T04:09:08.561571395Z 2025-03-25 04:09:08,561 - [MainProcess:64] mummi_ras.online.cg.cganalysis:run_main_analysis:194 - INFO - Process frame 47
2025-03-25T04:09:08.561851795Z 2025-03-25 04:09:08,561 - [MainProcess:64] mummi_ras.online.cg.cganalysis:processFrame:519 - INFO - Load 48 frames: current frame ID /tmp/workdir/traj_comp.xtc
2025-03-25T04:09:08.590445868Z 2025-03-25 04:09:08,590 - [MainProcess:64] mummi_ras.online.cg.cganalysis:processFrame:545 - INFO - Frame:    47, Time: 23500.000 ps, Bbox = [0, 182.05473, 0, 182.05473]
2025-03-25T04:09:08.590503105Z 2025-03-25 04:09:08,590 - [MainProcess:64] mummi_ras.online.cg.cganalysis:processFrame:549 - INFO - Lengths of layers: 663 44 477
2025-03-25T04:09:08.670545085Z 2025-03-25 04:09:08,670 - [MainProcess:64] mummi_ras.online.cg.cganalysis:processFrame:730 - INFO - Time for analysis - frameNum 47, time 0.10852193832397461 s
2025-03-25T04:09:36.802771359Z 2025-03-25 04:09:36,802 - [MainProcess:64] mummi_ras.online.simulation:get_new_frames:376 - INFO - Getting all frame numbers in trajectory from 48 to 48.
2025-03-25T04:09:36.803129326Z 2025-03-25 04:09:36,803 - [MainProcess:64] mummi_ras.online.cg.cganalysis:run_main_analysis:194 - INFO - Process frame 48
2025-03-25T04:09:36.803406000Z 2025-03-25 04:09:36,803 - [MainProcess:64] mummi_ras.online.cg.cganalysis:processFrame:519 - INFO - Load 49 frames: current frame ID /tmp/workdir/traj_comp.xtc
2025-03-25T04:09:36.819899041Z 2025-03-25 04:09:36,819 - [MainProcess:64] mummi_ras.online.cg.cganalysis:processFrame:545 - INFO - Frame:    48, Time: 24000.000 ps, Bbox = [0, 181.39711, 0, 181.39711]
2025-03-25T04:09:36.820190176Z 2025-03-25 04:09:36,820 - [MainProcess:64] mummi_ras.online.cg.cganalysis:processFrame:549 - INFO - Lengths of layers: 663 41 480
2025-03-25T04:09:36.905269858Z 2025-03-25 04:09:36,905 - [MainProcess:64] mummi_ras.online.cg.cganalysis:processFrame:730 - INFO - Time for analysis - frameNum 48, time 0.10183095932006836 s
2025-03-25T04:10:07.043232418Z 2025-03-25 04:10:07,042 - [MainProcess:64] mummi_ras.online.simulation:get_new_frames:376 - INFO - Getting all frame numbers in trajectory from 49 to 49.
2025-03-25T04:10:07.043635422Z 2025-03-25 04:10:07,043 - [MainProcess:64] mummi_ras.online.cg.cganalysis:run_main_analysis:194 - INFO - Process frame 49
2025-03-25T04:10:07.043915560Z 2025-03-25 04:10:07,043 - [MainProcess:64] mummi_ras.online.cg.cganalysis:processFrame:519 - INFO - Load 50 frames: current frame ID /tmp/workdir/traj_comp.xtc
2025-03-25T04:10:07.060619829Z 2025-03-25 04:10:07,060 - [MainProcess:64] mummi_ras.online.cg.cganalysis:processFrame:545 - INFO - Frame:    49, Time: 24500.000 ps, Bbox = [0, 180.07918, 0, 180.07918]
2025-03-25T04:10:07.060909254Z 2025-03-25 04:10:07,060 - [MainProcess:64] mummi_ras.online.cg.cganalysis:processFrame:549 - INFO - Lengths of layers: 663 40 481
2025-03-25T04:10:07.142037604Z 2025-03-25 04:10:07,141 - [MainProcess:64] mummi_ras.online.cg.cganalysis:processFrame:730 - INFO - Time for analysis - frameNum 49, time 0.09803414344787598 s
2025-03-25T04:10:09.150032052Z 2025-03-25 04:10:09,149 - [MainProcess:64] mummi_ras.online.cg.cganalysis:processOutput:93 - INFO - Add feedback for frameNum 40 - state []
2025-03-25T04:10:09.150432428Z 2025-03-25 04:10:09,150 - [MainProcess:64] mummi_ras.online.cg.cganalysis:processOutput:93 - INFO - Add feedback for frameNum 41 - state []
2025-03-25T04:10:09.150713641Z 2025-03-25 04:10:09,150 - [MainProcess:64] mummi_ras.online.cg.cganalysis:processOutput:93 - INFO - Add feedback for frameNum 42 - state []
2025-03-25T04:10:09.150998993Z 2025-03-25 04:10:09,150 - [MainProcess:64] mummi_ras.online.cg.cganalysis:processOutput:93 - INFO - Add feedback for frameNum 43 - state []
2025-03-25T04:10:09.151269580Z 2025-03-25 04:10:09,151 - [MainProcess:64] mummi_ras.online.cg.cganalysis:processOutput:93 - INFO - Add feedback for frameNum 44 - state []
2025-03-25T04:10:09.151528484Z 2025-03-25 04:10:09,151 - [MainProcess:64] mummi_ras.online.cg.cganalysis:processOutput:93 - INFO - Add feedback for frameNum 45 - state []
2025-03-25T04:10:09.151800567Z 2025-03-25 04:10:09,151 - [MainProcess:64] mummi_ras.online.cg.cganalysis:processOutput:93 - INFO - Add feedback for frameNum 46 - state []
2025-03-25T04:10:09.152050216Z 2025-03-25 04:10:09,151 - [MainProcess:64] mummi_ras.online.cg.cganalysis:processOutput:93 - INFO - Add feedback for frameNum 47 - state []
2025-03-25T04:10:09.152307364Z 2025-03-25 04:10:09,152 - [MainProcess:64] mummi_ras.online.cg.cganalysis:processOutput:93 - INFO - Add feedback for frameNum 48 - state []
2025-03-25T04:10:09.152557421Z 2025-03-25 04:10:09,152 - [MainProcess:64] mummi_ras.online.cg.cganalysis:processOutput:93 - INFO - Add feedback for frameNum 49 - state []
2025-03-25T04:10:09.160977253Z 2025-03-25 04:10:09,160 - [MainProcess:64] mummi_core.interfaces.simple:_save_files:91 - INFO - Wrote 10 files to (/opt/clones/mummi-ras/feedback-cg2ml/019)
2025-03-25T04:10:09.161280734Z 2025-03-25 04:10:09,161 - [MainProcess:64] mummi_ras.feedback.feedback_manager_cg2ml:report:118 - INFO - Added 10 frames (from structure_049935419) to feedback (/opt/clones/mummi-ras/feedback-cg2ml)
2025-03-25T04:10:09.161553488Z 2025-03-25 04:10:09,161 - [MainProcess:64] mummi_ras.online.cg.cganalysis:processOutput:113 - INFO - processOutput: 49
2025-03-25T04:10:09.307525263Z 2025-03-25 04:10:09,307 - [MainProcess:64] mummi_ras.interfaces.mummi:save_analysis_data:254 - INFO - Saved all analysis data for frames [40, 41, 42, 43, 44, 45, 46, 47, 48, 49]
2025-03-25T04:10:09.307676214Z 2025-03-25 04:10:09,307 - [MainProcess:64] mummi_ras.online.cg.cganalysis:copyRemoteLogs:326 - INFO - Copy over log files
2025-03-25T04:10:09.330517479Z cp: cannot stat '/tmp/workdir/cg_analysis.out': No such file or directory
2025-03-25T04:10:09.331984390Z 2025-03-25 04:10:09,331 - [MainProcess:64] mummi_core.utils.utilities:sys_call:184 - INFO - Run command: cp -r  /tmp/workdir/cg_analysis.out /tmp/workdir/*.log /tmp/out/ || true
2025-03-25T04:10:09.332159497Z 2025-03-25 04:10:09,332 - [MainProcess:64] mummi_ras.online.cg.cganalysis:copyRemoteLogs:338 - INFO - copyRemoteLogs =  /tmp/workdir/cg_analysis.out /tmp/workdir/*.log
2025-03-25T04:10:09.332313287Z 2025-03-25 04:10:09,332 - [MainProcess:64] mummi_ras.online.cg.cganalysis:cleanupLocal:348 - WARNING - Copy cleanup local only works for ddcMD files
2025-03-25T04:10:35.456605106Z 2025-03-25 04:10:35,456 - [MainProcess:64] mummi_ras.online.simulation:get_new_frames:376 - INFO - Getting all frame numbers in trajectory from 50 to 50.
2025-03-25T04:10:35.456976966Z 2025-03-25 04:10:35,456 - [MainProcess:64] mummi_ras.online.cg.cganalysis:run_main_analysis:194 - INFO - Process frame 50
2025-03-25T04:10:35.457255062Z 2025-03-25 04:10:35,457 - [MainProcess:64] mummi_ras.online.cg.cganalysis:processFrame:519 - INFO - Load 51 frames: current frame ID /tmp/workdir/traj_comp.xtc
2025-03-25T04:10:35.473827748Z 2025-03-25 04:10:35,473 - [MainProcess:64] mummi_ras.online.cg.cganalysis:processFrame:545 - INFO - Frame:    50, Time: 25000.000 ps, Bbox = [0, 181.69281, 0, 181.69281]
2025-03-25T04:10:35.474154077Z 2025-03-25 04:10:35,474 - [MainProcess:64] mummi_ras.online.cg.cganalysis:processFrame:549 - INFO - Lengths of layers: 662 40 482
2025-03-25T04:10:35.549607836Z 2025-03-25 04:10:35,549 - [MainProcess:64] mummi_ras.online.cg.cganalysis:processFrame:730 - INFO - Time for analysis - frameNum 50, time 0.09218358993530273 s
2025-03-25T04:11:03.690904707Z 2025-03-25 04:11:03,690 - [MainProcess:64] mummi_ras.online.simulation:get_new_frames:376 - INFO - Getting all frame numbers in trajectory from 51 to 51.
2025-03-25T04:11:03.690939787Z 2025-03-25 04:11:03,690 - [MainProcess:64] mummi_ras.online.cg.cganalysis:run_main_analysis:194 - INFO - Process frame 51
2025-03-25T04:11:03.691114611Z 2025-03-25 04:11:03,690 - [MainProcess:64] mummi_ras.online.cg.cganalysis:processFrame:519 - INFO - Load 52 frames: current frame ID /tmp/workdir/traj_comp.xtc
2025-03-25T04:11:03.707726306Z 2025-03-25 04:11:03,707 - [MainProcess:64] mummi_ras.online.cg.cganalysis:processFrame:545 - INFO - Frame:    51, Time: 25500.000 ps, Bbox = [0, 181.40074, 0, 181.40074]
2025-03-25T04:11:03.708016164Z 2025-03-25 04:11:03,707 - [MainProcess:64] mummi_ras.online.cg.cganalysis:processFrame:549 - INFO - Lengths of layers: 665 40 479
2025-03-25T04:11:03.799089532Z 2025-03-25 04:11:03,798 - [MainProcess:64] mummi_ras.online.cg.cganalysis:processFrame:730 - INFO - Time for analysis - frameNum 51, time 0.10780811309814453 s
2025-03-25T04:11:33.930265250Z 2025-03-25 04:11:33,930 - [MainProcess:64] mummi_ras.online.simulation:get_new_frames:376 - INFO - Getting all frame numbers in trajectory from 52 to 52.
2025-03-25T04:11:33.930581323Z 2025-03-25 04:11:33,930 - [MainProcess:64] mummi_ras.online.cg.cganalysis:run_main_analysis:194 - INFO - Process frame 52
2025-03-25T04:11:33.930860353Z 2025-03-25 04:11:33,930 - [MainProcess:64] mummi_ras.online.cg.cganalysis:processFrame:519 - INFO - Load 53 frames: current frame ID /tmp/workdir/traj_comp.xtc
2025-03-25T04:11:33.947370553Z 2025-03-25 04:11:33,947 - [MainProcess:64] mummi_ras.online.cg.cganalysis:processFrame:545 - INFO - Frame:    52, Time: 26000.000 ps, Bbox = [0, 181.64018, 0, 181.64018]
2025-03-25T04:11:33.947668264Z 2025-03-25 04:11:33,947 - [MainProcess:64] mummi_ras.online.cg.cganalysis:processFrame:549 - INFO - Lengths of layers: 667 36 481
2025-03-25T04:11:34.037979937Z 2025-03-25 04:11:34,037 - [MainProcess:64] mummi_ras.online.cg.cganalysis:processFrame:730 - INFO - Time for analysis - frameNum 52, time 0.1069941520690918 s
2025-03-25T04:12:02.163018655Z 2025-03-25 04:12:02,162 - [MainProcess:64] mummi_ras.online.simulation:get_new_frames:376 - INFO - Getting all frame numbers in trajectory from 53 to 53.
2025-03-25T04:12:02.163397078Z 2025-03-25 04:12:02,163 - [MainProcess:64] mummi_ras.online.cg.cganalysis:run_main_analysis:194 - INFO - Process frame 53
2025-03-25T04:12:02.163682544Z 2025-03-25 04:12:02,163 - [MainProcess:64] mummi_ras.online.cg.cganalysis:processFrame:519 - INFO - Load 54 frames: current frame ID /tmp/workdir/traj_comp.xtc
2025-03-25T04:12:02.194071658Z 2025-03-25 04:12:02,193 - [MainProcess:64] mummi_ras.online.cg.cganalysis:processFrame:545 - INFO - Frame:    53, Time: 26500.000 ps, Bbox = [0, 180.83719, 0, 180.83719]
2025-03-25T04:12:02.194435243Z 2025-03-25 04:12:02,194 - [MainProcess:64] mummi_ras.online.cg.cganalysis:processFrame:549 - INFO - Lengths of layers: 663 33 488
2025-03-25T04:12:02.275650440Z 2025-03-25 04:12:02,275 - [MainProcess:64] mummi_ras.online.cg.cganalysis:processFrame:730 - INFO - Time for analysis - frameNum 53, time 0.11173844337463379 s
2025-03-25T04:12:30.414115667Z 2025-03-25 04:12:30,413 - [MainProcess:64] mummi_ras.online.simulation:get_new_frames:376 - INFO - Getting all frame numbers in trajectory from 54 to 54.
2025-03-25T04:12:30.414482676Z 2025-03-25 04:12:30,414 - [MainProcess:64] mummi_ras.online.cg.cganalysis:run_main_analysis:194 - INFO - Process frame 54
2025-03-25T04:12:30.414774356Z 2025-03-25 04:12:30,414 - [MainProcess:64] mummi_ras.online.cg.cganalysis:processFrame:519 - INFO - Load 55 frames: current frame ID /tmp/workdir/traj_comp.xtc
2025-03-25T04:12:30.431297182Z 2025-03-25 04:12:30,431 - [MainProcess:64] mummi_ras.online.cg.cganalysis:processFrame:545 - INFO - Frame:    54, Time: 27000.000 ps, Bbox = [0, 180.74887, 0, 180.74887]
2025-03-25T04:12:30.431588552Z 2025-03-25 04:12:30,431 - [MainProcess:64] mummi_ras.online.cg.cganalysis:processFrame:549 - INFO - Lengths of layers: 662 37 485
2025-03-25T04:12:30.522705762Z 2025-03-25 04:12:30,522 - [MainProcess:64] mummi_ras.online.cg.cganalysis:processFrame:730 - INFO - Time for analysis - frameNum 54, time 0.10785269737243652 s
2025-03-25T04:12:58.645538347Z 2025-03-25 04:12:58,645 - [MainProcess:64] mummi_ras.online.simulation:get_new_frames:376 - INFO - Getting all frame numbers in trajectory from 55 to 55.
2025-03-25T04:12:58.645893550Z 2025-03-25 04:12:58,645 - [MainProcess:64] mummi_ras.online.cg.cganalysis:run_main_analysis:194 - INFO - Process frame 55
2025-03-25T04:12:58.646188456Z 2025-03-25 04:12:58,646 - [MainProcess:64] mummi_ras.online.cg.cganalysis:processFrame:519 - INFO - Load 56 frames: current frame ID /tmp/workdir/traj_comp.xtc
2025-03-25T04:12:58.662822460Z 2025-03-25 04:12:58,662 - [MainProcess:64] mummi_ras.online.cg.cganalysis:processFrame:545 - INFO - Frame:    55, Time: 27500.000 ps, Bbox = [0, 181.61307, 0, 181.61307]
2025-03-25T04:12:58.663125646Z 2025-03-25 04:12:58,663 - [MainProcess:64] mummi_ras.online.cg.cganalysis:processFrame:549 - INFO - Lengths of layers: 659 36 489
2025-03-25T04:12:58.754639442Z 2025-03-25 04:12:58,754 - [MainProcess:64] mummi_ras.online.cg.cganalysis:processFrame:730 - INFO - Time for analysis - frameNum 55, time 0.10830569267272949 s
2025-03-25T04:13:28.902468166Z 2025-03-25 04:13:28,902 - [MainProcess:64] mummi_ras.online.simulation:get_new_frames:376 - INFO - Getting all frame numbers in trajectory from 56 to 56.
2025-03-25T04:13:28.902798222Z 2025-03-25 04:13:28,902 - [MainProcess:64] mummi_ras.online.cg.cganalysis:run_main_analysis:194 - INFO - Process frame 56
2025-03-25T04:13:28.903084017Z 2025-03-25 04:13:28,902 - [MainProcess:64] mummi_ras.online.cg.cganalysis:processFrame:519 - INFO - Load 57 frames: current frame ID /tmp/workdir/traj_comp.xtc
2025-03-25T04:13:28.918337367Z 2025-03-25 04:13:28,918 - [MainProcess:64] mummi_ras.online.cg.cganalysis:processFrame:545 - INFO - Frame:    56, Time: 28000.000 ps, Bbox = [0, 181.39473, 0, 181.39473]
2025-03-25T04:13:28.918607287Z 2025-03-25 04:13:28,918 - [MainProcess:64] mummi_ras.online.cg.cganalysis:processFrame:549 - INFO - Lengths of layers: 664 30 490
2025-03-25T04:13:29.003124166Z 2025-03-25 04:13:29,002 - [MainProcess:64] mummi_ras.online.cg.cganalysis:processFrame:730 - INFO - Time for analysis - frameNum 56, time 0.09990501403808594 s
2025-03-25T04:13:57.122959978Z 2025-03-25 04:13:57,122 - [MainProcess:64] mummi_ras.online.simulation:get_new_frames:376 - INFO - Getting all frame numbers in trajectory from 57 to 57.
2025-03-25T04:13:57.123312145Z 2025-03-25 04:13:57,123 - [MainProcess:64] mummi_ras.online.cg.cganalysis:run_main_analysis:194 - INFO - Process frame 57
2025-03-25T04:13:57.123597910Z 2025-03-25 04:13:57,123 - [MainProcess:64] mummi_ras.online.cg.cganalysis:processFrame:519 - INFO - Load 58 frames: current frame ID /tmp/workdir/traj_comp.xtc
2025-03-25T04:13:57.140253803Z 2025-03-25 04:13:57,140 - [MainProcess:64] mummi_ras.online.cg.cganalysis:processFrame:545 - INFO - Frame:    57, Time: 28500.000 ps, Bbox = [0, 181.68663, 0, 181.68663]
2025-03-25T04:13:57.140547966Z 2025-03-25 04:13:57,140 - [MainProcess:64] mummi_ras.online.cg.cganalysis:processFrame:549 - INFO - Lengths of layers: 664 29 491
2025-03-25T04:13:57.232937955Z 2025-03-25 04:13:57,232 - [MainProcess:64] mummi_ras.online.cg.cganalysis:processFrame:730 - INFO - Time for analysis - frameNum 57, time 0.10916352272033691 s
2025-03-25T04:14:27.370241840Z 2025-03-25 04:14:27,369 - [MainProcess:64] mummi_ras.online.simulation:get_new_frames:376 - INFO - Getting all frame numbers in trajectory from 58 to 58.
2025-03-25T04:14:27.370611061Z 2025-03-25 04:14:27,370 - [MainProcess:64] mummi_ras.online.cg.cganalysis:run_main_analysis:194 - INFO - Process frame 58
2025-03-25T04:14:27.370892241Z 2025-03-25 04:14:27,370 - [MainProcess:64] mummi_ras.online.cg.cganalysis:processFrame:519 - INFO - Load 59 frames: current frame ID /tmp/workdir/traj_comp.xtc
2025-03-25T04:14:27.399675176Z 2025-03-25 04:14:27,399 - [MainProcess:64] mummi_ras.online.cg.cganalysis:processFrame:545 - INFO - Frame:    58, Time: 29000.000 ps, Bbox = [0, 182.07185, 0, 182.07185]
2025-03-25T04:14:27.399978295Z 2025-03-25 04:14:27,399 - [MainProcess:64] mummi_ras.online.cg.cganalysis:processFrame:549 - INFO - Lengths of layers: 662 28 494
2025-03-25T04:14:27.492502205Z 2025-03-25 04:14:27,492 - [MainProcess:64] mummi_ras.online.cg.cganalysis:processFrame:730 - INFO - Time for analysis - frameNum 58, time 0.12147140502929688 s
2025-03-25T04:14:55.613917760Z 2025-03-25 04:14:55,613 - [MainProcess:64] mummi_ras.online.simulation:get_new_frames:376 - INFO - Getting all frame numbers in trajectory from 59 to 59.
2025-03-25T04:14:55.614378978Z 2025-03-25 04:14:55,614 - [MainProcess:64] mummi_ras.online.cg.cganalysis:run_main_analysis:194 - INFO - Process frame 59
2025-03-25T04:14:55.614408031Z 2025-03-25 04:14:55,614 - [MainProcess:64] mummi_ras.online.cg.cganalysis:processFrame:519 - INFO - Load 60 frames: current frame ID /tmp/workdir/traj_comp.xtc
2025-03-25T04:14:55.630491580Z 2025-03-25 04:14:55,630 - [MainProcess:64] mummi_ras.online.cg.cganalysis:processFrame:545 - INFO - Frame:    59, Time: 29500.000 ps, Bbox = [0, 181.269, 0, 181.269]
2025-03-25T04:14:55.630788685Z 2025-03-25 04:14:55,630 - [MainProcess:64] mummi_ras.online.cg.cganalysis:processFrame:549 - INFO - Lengths of layers: 663 27 494
2025-03-25T04:14:55.722433170Z 2025-03-25 04:14:55,722 - [MainProcess:64] mummi_ras.online.cg.cganalysis:processFrame:730 - INFO - Time for analysis - frameNum 59, time 0.10787701606750488 s
2025-03-25T04:14:55.723245054Z 2025-03-25 04:14:55,723 - [MainProcess:64] mummi_ras.online.cg.cganalysis:processOutput:93 - INFO - Add feedback for frameNum 50 - state []
2025-03-25T04:14:55.723544726Z 2025-03-25 04:14:55,723 - [MainProcess:64] mummi_ras.online.cg.cganalysis:processOutput:93 - INFO - Add feedback for frameNum 51 - state []
2025-03-25T04:14:55.723839744Z 2025-03-25 04:14:55,723 - [MainProcess:64] mummi_ras.online.cg.cganalysis:processOutput:93 - INFO - Add feedback for frameNum 52 - state []
2025-03-25T04:14:55.724105439Z 2025-03-25 04:14:55,723 - [MainProcess:64] mummi_ras.online.cg.cganalysis:processOutput:93 - INFO - Add feedback for frameNum 53 - state []
2025-03-25T04:14:55.724395328Z 2025-03-25 04:14:55,724 - [MainProcess:64] mummi_ras.online.cg.cganalysis:processOutput:93 - INFO - Add feedback for frameNum 54 - state []
2025-03-25T04:14:55.724660318Z 2025-03-25 04:14:55,724 - [MainProcess:64] mummi_ras.online.cg.cganalysis:processOutput:93 - INFO - Add feedback for frameNum 55 - state []
2025-03-25T04:14:55.724934333Z 2025-03-25 04:14:55,724 - [MainProcess:64] mummi_ras.online.cg.cganalysis:processOutput:93 - INFO - Add feedback for frameNum 56 - state []
2025-03-25T04:14:55.725195883Z 2025-03-25 04:14:55,725 - [MainProcess:64] mummi_ras.online.cg.cganalysis:processOutput:93 - INFO - Add feedback for frameNum 57 - state []
2025-03-25T04:14:55.725466277Z 2025-03-25 04:14:55,725 - [MainProcess:64] mummi_ras.online.cg.cganalysis:processOutput:93 - INFO - Add feedback for frameNum 58 - state []
2025-03-25T04:14:55.725727563Z 2025-03-25 04:14:55,725 - [MainProcess:64] mummi_ras.online.cg.cganalysis:processOutput:93 - INFO - Add feedback for frameNum 59 - state []
2025-03-25T04:14:55.733899955Z 2025-03-25 04:14:55,733 - [MainProcess:64] mummi_core.interfaces.simple:_save_files:91 - INFO - Wrote 10 files to (/opt/clones/mummi-ras/feedback-cg2ml/019)
2025-03-25T04:14:55.734206035Z 2025-03-25 04:14:55,734 - [MainProcess:64] mummi_ras.feedback.feedback_manager_cg2ml:report:118 - INFO - Added 10 frames (from structure_049935419) to feedback (/opt/clones/mummi-ras/feedback-cg2ml)
2025-03-25T04:14:55.734482005Z 2025-03-25 04:14:55,734 - [MainProcess:64] mummi_ras.online.cg.cganalysis:processOutput:113 - INFO - processOutput: 59
2025-03-25T04:14:55.893333333Z 2025-03-25 04:14:55,893 - [MainProcess:64] mummi_ras.interfaces.mummi:save_analysis_data:254 - INFO - Saved all analysis data for frames [50, 51, 52, 53, 54, 55, 56, 57, 58, 59]
2025-03-25T04:14:55.893704400Z 2025-03-25 04:14:55,893 - [MainProcess:64] mummi_ras.online.cg.cganalysis:copyRemoteLogs:326 - INFO - Copy over log files
2025-03-25T04:14:55.926304845Z cp: cannot stat '/tmp/workdir/cg_analysis.out': No such file or directory
2025-03-25T04:14:55.927984967Z 2025-03-25 04:14:55,927 - [MainProcess:64] mummi_core.utils.utilities:sys_call:184 - INFO - Run command: cp -r  /tmp/workdir/cg_analysis.out /tmp/workdir/*.log /tmp/out/ || true
2025-03-25T04:14:55.928163790Z 2025-03-25 04:14:55,927 - [MainProcess:64] mummi_ras.online.cg.cganalysis:copyRemoteLogs:338 - INFO - copyRemoteLogs =  /tmp/workdir/cg_analysis.out /tmp/workdir/*.log
2025-03-25T04:14:55.928179729Z 2025-03-25 04:14:55,928 - [MainProcess:64] mummi_ras.online.cg.cganalysis:cleanupLocal:348 - WARNING - Copy cleanup local only works for ddcMD files
2025-03-25T04:15:26.067163650Z 2025-03-25 04:15:26,066 - [MainProcess:64] mummi_ras.online.simulation:get_new_frames:376 - INFO - Getting all frame numbers in trajectory from 60 to 60.
2025-03-25T04:15:26.067529637Z 2025-03-25 04:15:26,067 - [MainProcess:64] mummi_ras.online.cg.cganalysis:run_main_analysis:194 - INFO - Process frame 60
2025-03-25T04:15:26.067798435Z 2025-03-25 04:15:26,067 - [MainProcess:64] mummi_ras.online.cg.cganalysis:processFrame:519 - INFO - Load 61 frames: current frame ID /tmp/workdir/traj_comp.xtc
2025-03-25T04:15:26.081886674Z 2025-03-25 04:15:26,081 - [MainProcess:64] mummi_ras.online.cg.cganalysis:processFrame:545 - INFO - Frame:    60, Time: 30000.000 ps, Bbox = [0, 181.14893, 0, 181.14893]
2025-03-25T04:15:26.081922528Z 2025-03-25 04:15:26,081 - [MainProcess:64] mummi_ras.online.cg.cganalysis:processFrame:549 - INFO - Lengths of layers: 657 38 489
2025-03-25T04:15:26.169975132Z 2025-03-25 04:15:26,169 - [MainProcess:64] mummi_ras.online.cg.cganalysis:processFrame:730 - INFO - Time for analysis - frameNum 60, time 0.1019744873046875 s
2025-03-25T04:15:54.307734046Z 2025-03-25 04:15:54,307 - [MainProcess:64] mummi_ras.online.simulation:get_new_frames:376 - INFO - Getting all frame numbers in trajectory from 61 to 61.
2025-03-25T04:15:54.308117304Z 2025-03-25 04:15:54,307 - [MainProcess:64] mummi_ras.online.cg.cganalysis:run_main_analysis:194 - INFO - Process frame 61
2025-03-25T04:15:54.308385643Z 2025-03-25 04:15:54,308 - [MainProcess:64] mummi_ras.online.cg.cganalysis:processFrame:519 - INFO - Load 62 frames: current frame ID /tmp/workdir/traj_comp.xtc
2025-03-25T04:15:54.325229003Z 2025-03-25 04:15:54,325 - [MainProcess:64] mummi_ras.online.cg.cganalysis:processFrame:545 - INFO - Frame:    61, Time: 30500.000 ps, Bbox = [0, 179.81491, 0, 179.81491]
2025-03-25T04:15:54.325525735Z 2025-03-25 04:15:54,325 - [MainProcess:64] mummi_ras.online.cg.cganalysis:processFrame:549 - INFO - Lengths of layers: 657 42 485
2025-03-25T04:15:54.417147544Z 2025-03-25 04:15:54,416 - [MainProcess:64] mummi_ras.online.cg.cganalysis:processFrame:730 - INFO - Time for analysis - frameNum 61, time 0.10859537124633789 s
2025-03-25T04:16:10.468160775Z 2025-03-25 04:16:10,467 - [MainProcess:64] mummi_ras.online.cg.cganalysis:run_main_analysis:293 - INFO - CG analysis is stopping.
2025-03-25T04:16:10.468196545Z 2025-03-25 04:16:10,468 - [MainProcess:64] mummi_ras.online.cg.cganalysis:run_main_analysis:310 - INFO - Process ouput from last frames
2025-03-25T04:16:10.468296657Z 2025-03-25 04:16:10,468 - [MainProcess:64] mummi_ras.online.cg.cganalysis:processOutput:93 - INFO - Add feedback for frameNum 60 - state []
2025-03-25T04:16:10.468401085Z 2025-03-25 04:16:10,468 - [MainProcess:64] mummi_ras.online.cg.cganalysis:processOutput:93 - INFO - Add feedback for frameNum 61 - state []
2025-03-25T04:16:10.470052452Z 2025-03-25 04:16:10,469 - [MainProcess:64] mummi_core.interfaces.simple:_save_files:91 - INFO - Wrote 2 files to (/opt/clones/mummi-ras/feedback-cg2ml/019)
2025-03-25T04:16:10.470140980Z 2025-03-25 04:16:10,470 - [MainProcess:64] mummi_ras.feedback.feedback_manager_cg2ml:report:118 - INFO - Added 2 frames (from structure_049935419) to feedback (/opt/clones/mummi-ras/feedback-cg2ml)
2025-03-25T04:16:10.470229741Z 2025-03-25 04:16:10,470 - [MainProcess:64] mummi_ras.online.cg.cganalysis:processOutput:113 - INFO - processOutput: 61
2025-03-25T04:16:10.489088364Z 2025-03-25 04:16:10,488 - [MainProcess:64] mummi_ras.interfaces.mummi:save_analysis_data:254 - INFO - Saved all analysis data for frames [60, 61]
2025-03-25T04:16:10.489152412Z 2025-03-25 04:16:10,489 - [MainProcess:64] mummi_ras.online.cg.cganalysis:copyRemoteLogs:326 - INFO - Copy over log files
2025-03-25T04:16:10.492806325Z cp: cannot stat '/tmp/workdir/cg_analysis.out': No such file or directory
2025-03-25T04:16:10.493873796Z 2025-03-25 04:16:10,493 - [MainProcess:64] mummi_core.utils.utilities:sys_call:184 - INFO - Run command: cp -r  /tmp/workdir/cg_analysis.out /tmp/workdir/*.log /tmp/out/ || true
2025-03-25T04:16:10.493934075Z 2025-03-25 04:16:10,493 - [MainProcess:64] mummi_ras.online.cg.cganalysis:copyRemoteLogs:338 - INFO - copyRemoteLogs =  /tmp/workdir/cg_analysis.out /tmp/workdir/*.log
2025-03-25T04:16:10.494044052Z 2025-03-25 04:16:10,493 - [MainProcess:64] mummi_ras.online.cg.cganalysis:cleanupLocal:348 - WARNING - Copy cleanup local only works for ddcMD files
2025-03-25T04:16:10.494140386Z 2025-03-25 04:16:10,494 - [MainProcess:64] mummi_ras.online.cg.cganalysis:copyRemoteLogs:326 - INFO - Copy over log files
2025-03-25T04:16:10.497410297Z cp: cannot stat '/tmp/workdir/cg_analysis.out': No such file or directory
2025-03-25T04:16:10.498462668Z 2025-03-25 04:16:10,498 - [MainProcess:64] mummi_core.utils.utilities:sys_call:184 - INFO - Run command: cp -r  /tmp/workdir/cg_analysis.out /tmp/workdir/*.log /tmp/out/ || true
2025-03-25T04:16:10.498520033Z 2025-03-25 04:16:10,498 - [MainProcess:64] mummi_ras.online.cg.cganalysis:copyRemoteLogs:338 - INFO - copyRemoteLogs =  /tmp/workdir/cg_analysis.out /tmp/workdir/*.log
2025-03-25T04:16:10.502718458Z 2025-03-25 04:16:10,502 - [MainProcess:64] mummi_core.utils.utilities:sys_call:184 - INFO - Run command: cp /tmp/workdir/cg_analysis.log /tmp/out/ || true
2025-03-25T04:16:10.505708808Z cp: cannot stat '/tmp/workdir/cg_analysis.out': No such file or directory
2025-03-25T04:16:10.506171172Z 2025-03-25 04:16:10,506 - [MainProcess:64] mummi_core.utils.utilities:sys_call:184 - INFO - Run command: cp /tmp/workdir/cg_analysis.out /tmp/out/ || true
2025-03-25T04:16:10.509577347Z 2025-03-25 04:16:10,509 - [MainProcess:64] mummi_core.utils.utilities:sys_call:184 - INFO - Run command: cp /tmp/workdir/md.log /tmp/out/ || true
2025-03-25T04:16:10.513145094Z 2025-03-25 04:16:10,512 - [MainProcess:64] mummi_core.utils.utilities:sys_call:184 - INFO - Run command: cp /tmp/workdir/mdrun.log /tmp/out/ || true
2025-03-25T04:16:10.513250454Z > Initialized MuMMI
2025-03-25T04:16:10.513257128Z 	> MuMMI_ROOT: (/opt/clones/mummi-ras)
2025-03-25T04:16:10.513260859Z 	> MuMMI_Resources: (/opt/clones/mummi_resources)
2025-03-25T04:16:10.513264137Z 	> MuMMI_Specs: (/opt/clones/mummi-ras/specs)
2025-03-25T04:16:10.513267168Z 
2025-03-25T04:16:10.513270465Z > Creating MuMMI root hierarchy at (/opt/clones/mummi-ras)
2025-03-25T04:16:10.513273421Z 
2025-03-25T04:16:10.513276985Z > Initializing logger:  level = (2), stdout = (True), file = (./cg_analysis.log), history = (False),  memusage = (False)
2025-03-25T04:16:10.513280502Z === times
2025-03-25T04:16:10.513284451Z {"times": {}, "timestamps": {"cganalysis_run_start": 1742874386.7444277, "cganalysis_load_mdanalysis_start": 1742874386.825508, "cganalysis_load_mdanalysis_complete": 1742874387.5930238, "cganalysis_run_simulation_start": 1742874387.5958266, "cganalysis_simrun_start": 1742874387.5959494, "cganalysis_simrun_complete": 1742874392.607868, "cganalysis_run_simulation_complete": 1742874392.6078827, "cganalysis_main_analysis_start": 1742874392.6078954, "cganalysis_main_analysis_complete": 1742876170.4986148, "cganalysis_run_complete": 1742876170.498718}}
2025-03-25T04:16:10.513288870Z ===
2025-03-25T04:16:10.776679612Z 0
2025-03-25T04:16:10.776709169Z Successful run found. Pushing feedback
2025-03-25T04:16:10.824706098Z Uploading b85bceec974a .
2025-03-25T04:16:10.840350545Z Uploaded  b85bceec974a .
2025-03-25T04:16:10.849627070Z Pushed [registry] registry-0.mummi.default.svc.cluster.local:5000/cganalysis:feedback-2025-03-25_04-16-10
2025-03-25T04:16:10.849637704Z ArtifactType: application/vnd.unknown.artifact.v1
2025-03-25T04:16:10.849661353Z Digest: sha256:b65b94e4d059d3a30f4e85280f6973c8600bc57b4f4df2e81da0d1b4cbd0915d
2025-03-25T04:16:10.851202443Z Job was successful, pushing result to registry-0.mummi.default.svc.cluster.local:5000/structure_049935419:cganalysis
2025-03-25T04:16:10.906622701Z Uploading 68b9bc740500 .
2025-03-25T04:16:10.922999649Z Uploaded  68b9bc740500 .
2025-03-25T04:16:10.931778048Z Pushed [registry] registry-0.mummi.default.svc.cluster.local:5000/structure_049935419:cganalysis
2025-03-25T04:16:10.931793575Z ArtifactType: application/vnd.unknown.artifact.v1
2025-03-25T04:16:10.931797946Z Digest: sha256:ed47562aa89b6342438d3f67fd2e7ef8daea653c9bd368b2c195fb25eca163b9
