2025-03-25T04:30:16.857956395Z >> jobid        = structure_012048918
2025-03-25T04:30:16.857981840Z >> outpath      = /tmp/out
2025-03-25T04:30:16.857988627Z >> registry     = registry-0.mummi.default.svc.cluster.local:5000
2025-03-25T04:30:16.859246602Z >> hostname     = cganalysis-structure-012048918-5ldsg
2025-03-25T04:30:16.860904698Z mkdir: created directory '/tmp/out'
2025-03-25T04:30:16.865143110Z   % Total    % Received % Xferd  Average Speed   Time    Time     Time  Current
2025-03-25T04:30:16.865235983Z                                  Dload  Upload   Total   Spent    Left  Speed
2025-03-25T04:30:16.950732076Z   0     0    0     0    0     0      0      0 --:--:-- --:--:-- --:--:--     0  0     0    0     0    0     0      0      0 --:--:-- --:--:-- --:--:--     0
2025-03-25T04:30:17.027109326Z 100 4132k  100 4132k    0     0  24.9M      0 --:--:-- --:--:-- --:--:-- 24.9M
2025-03-25T04:30:17.133216396Z /tmp/out
2025-03-25T04:30:17.133233180Z Looking for structure_012048918 with oras repo list
2025-03-25T04:30:17.140796221Z structure_012048918
2025-03-25T04:30:17.140991637Z Pulling oras artifact to 
2025-03-25T04:30:17.148007155Z Downloading 903fa3f09e60 .
2025-03-25T04:30:17.428168115Z Downloaded  903fa3f09e60 .
2025-03-25T04:30:17.428334290Z Pulled [registry] registry-0.mummi.default.svc.cluster.local:5000/structure_012048918:createsim
2025-03-25T04:30:17.428344669Z Digest: sha256:c0c5201ef504cd09336098935149701402aaa91dee04ad1e0884e31b53729fc8
2025-03-25T04:30:17.454180597Z 012048918
2025-03-25T04:30:17.454193634Z createsims-times.json
2025-03-25T04:30:17.454197350Z createsims.log
2025-03-25T04:30:17.454200741Z createsims.tar.gz
2025-03-25T04:30:17.454203934Z createsims_success
2025-03-25T04:30:17.454207377Z index.ndx
2025-03-25T04:30:17.454210693Z lipids-water-eq6.gro
2025-03-25T04:30:17.454214159Z martini_v2.x_new-rf-prod.mdp
2025-03-25T04:30:17.454217350Z psim.npz
2025-03-25T04:30:17.454222935Z structure_012048918_000000000000.gro
2025-03-25T04:30:17.454226236Z system.top
2025-03-25T04:30:17.454233795Z topol.tpr
2025-03-25T04:30:17.454405576Z >> xtclast = , cframe = 0
2025-03-25T04:30:18.366948107Z 2025-03-25 04:30:18,366 - [MainProcess:65] root:init_logger:344 - INFO - Enabled
2025-03-25T04:30:18.366973006Z 2025-03-25 04:30:18,366 - [MainProcess:65] root:init_logger:345 - WARNING - Enabled
2025-03-25T04:30:18.367083249Z 2025-03-25 04:30:18,366 - [MainProcess:65] root:init_logger:346 - ERROR - Enabled
2025-03-25T04:30:18.367157880Z 2025-03-25 04:30:18,367 - [MainProcess:65] root:init_logger:347 - CRITICAL - Enabled
2025-03-25T04:30:18.377980214Z 2025-03-25 04:30:18,377 - [MainProcess:65] root:_log_profile:78 - PROFILE - [197.410 MB]: Enabled
2025-03-25T04:30:18.378067226Z 2025-03-25 04:30:18,377 - [MainProcess:65] mummi_ras.online.cg.cganalysis:run_cganalysis:849 - INFO - Running CG analysis, options are:
2025-03-25T04:30:18.378193597Z 2025-03-25 04:30:18,378 - [MainProcess:65] mummi_ras.online.cg.cganalysis:run_cganalysis:850 - INFO - Namespace(simname='structure_012048918', fcount=0, noninteractive=False, path='/tmp/workdir', pathremote='/tmp/out', fstype='mummi', fbio='mummi', nprocs=1, loglevel=2, logpath='./', logstdout=True, test=False, no_gpu=False, logfile='cg_analysis', maxsimtime=250000000, stopsimtime=100, minsimtime=100000000, frameProcessBatchSize=10, siminputs='/tmp/out', simbin='gmx', simruntime='0.5', simcores=8, nofeedback=False, backend=<MDEngine.GROMACS: <class 'mummi_ras.online.simulation.GROMACS'>>, mini=True)
2025-03-25T04:30:18.378290566Z 2025-03-25 04:30:18,378 - [MainProcess:65] mummi_ras.online.cg.cganalysis:run_cganalysis:851 - INFO - local path = /tmp/workdir
2025-03-25T04:30:18.378402440Z 2025-03-25 04:30:18,378 - [MainProcess:65] mummi_ras.online.cg.cganalysis:run_cganalysis:853 - INFO - remote path = /tmp/out
2025-03-25T04:30:18.437647953Z 2025-03-25 04:30:18,437 - [MainProcess:65] mummi_ras.online.cg.cganalysis:run_cganalysis:863 - INFO - Using IO_Interface [<class 'mummi_ras.interfaces.mummi.IO_Mummi'>] for data output
2025-03-25T04:30:18.437699919Z 2025-03-25 04:30:18,437 - [MainProcess:65] mummi_ras.online.cg.cganalysis:run_cganalysis:864 - INFO - Using IO_Interface [<class 'mummi_ras.interfaces.mummi.IO_Mummi'>] for feedback output
2025-03-25T04:30:18.437848778Z 2025-03-25 04:30:18,437 - [MainProcess:65] mummi_ras.online.cg.cgoptions:__init__:46 - INFO - Loading parameters from /opt/clones/mummi_resources/analysis/cg/cg_analysis_parameters.yaml
2025-03-25T04:30:18.439406424Z 2025-03-25 04:30:18,439 - [MainProcess:65] mummi_ras.feedback.feedback_manager_cg2ml:__init__:56 - INFO - Initialized FeedbackManager (type = FeedbackManagerType.Worker; name = structure_012048918; host = cganalysis-structure-012048918-5ldsg)
2025-03-25T04:30:18.459540840Z 2025-03-25 04:30:18,459 - [MainProcess:65] mummi_ras.parsers.cg:setup:68 - INFO - Initializing CGParser (MDAnalysis version 2.8.0)
2025-03-25T04:30:18.459619810Z 2025-03-25 04:30:18,459 - [MainProcess:65] mummi_ras.parsers.cg:setup:69 - INFO - 	Loading: (/tmp/workdir/lipids-water-eq6.gro) (/tmp/workdir/topol.tpr)
2025-03-25T04:30:18.461027783Z 2025-03-25 04:30:18,460 - [MainProcess:65] MDAnalysis.topology.TPRparser:_log_header:257 - INFO - Gromacs version   : b'VERSION 2024.2-conda_forge'
2025-03-25T04:30:18.461107565Z 2025-03-25 04:30:18,461 - [MainProcess:65] MDAnalysis.topology.TPRparser:_log_header:258 - INFO - tpx version       : 133
2025-03-25T04:30:18.461197303Z 2025-03-25 04:30:18,461 - [MainProcess:65] MDAnalysis.topology.TPRparser:_log_header:259 - INFO - tpx generation    : 28
2025-03-25T04:30:18.461277750Z 2025-03-25 04:30:18,461 - [MainProcess:65] MDAnalysis.topology.TPRparser:_log_header:260 - INFO - tpx precision     : 4
2025-03-25T04:30:18.461355630Z 2025-03-25 04:30:18,461 - [MainProcess:65] MDAnalysis.topology.TPRparser:_log_header:261 - INFO - tpx file_tag      : b'release'
2025-03-25T04:30:18.461440722Z 2025-03-25 04:30:18,461 - [MainProcess:65] MDAnalysis.topology.TPRparser:_log_header:262 - INFO - tpx natoms        : 54419
2025-03-25T04:30:18.461511989Z 2025-03-25 04:30:18,461 - [MainProcess:65] MDAnalysis.topology.TPRparser:_log_header:263 - INFO - tpx ngtc          : 2
2025-03-25T04:30:18.461590845Z 2025-03-25 04:30:18,461 - [MainProcess:65] MDAnalysis.topology.TPRparser:_log_header:264 - INFO - tpx fep_state     : 0
2025-03-25T04:30:18.461662228Z 2025-03-25 04:30:18,461 - [MainProcess:65] MDAnalysis.topology.TPRparser:_log_header:265 - INFO - tpx lambda        : 0.0
2025-03-25T04:30:18.922626898Z 2025-03-25 04:30:18,922 - [MainProcess:65] MDAnalysis.core.universe:guess_TopologyAttrs:1645 - INFO - The attribute(s) masses, types have already been read from the topology file. The guesser will only guess empty values for this attribute, if any exists. To overwrite it by completely guessed values, you can pass the attribute to the force_guess parameter instead of the to_guess one
2025-03-25T04:30:18.925093881Z 2025-03-25 04:30:18,924 - [MainProcess:65] MDAnalysis.guesser.base:guess_attr:177 - INFO - There is no empty types values. Guesser did not guess any new values for types attribute
2025-03-25T04:30:18.925601649Z 2025-03-25 04:30:18,925 - [MainProcess:65] MDAnalysis.guesser.base:guess_attr:177 - INFO - There is no empty masses values. Guesser did not guess any new values for masses attribute
2025-03-25T04:30:18.925694419Z 2025-03-25 04:30:18,925 - [MainProcess:65] mummi_ras.parsers.cg:setup:74 - INFO - 	Number of frames in sim: 1
2025-03-25T04:30:18.925795589Z 2025-03-25 04:30:18,925 - [MainProcess:65] mummi_ras.parsers.cg:setup:75 - INFO - 	Number of atoms in sim: 54419
2025-03-25T04:30:18.926222808Z 2025-03-25 04:30:18,926 - [MainProcess:65] mummi_ras.parsers.cg:setup:76 - INFO - 	Sim dimensions: [182.2493  182.2493  180.00018]
2025-03-25T04:30:18.949290207Z 2025-03-25 04:30:18,949 - [MainProcess:65] mummi_ras.parsers.cg:_setup_lipids:103 - WARNING -  Resnames ['ALA' 'ARG' 'ASN' 'ASP' 'CGW' 'CYF' 'CYM' 'CYS' 'GLN' 'GLU' 'GLY' 'GTP'
2025-03-25T04:30:18.949306669Z  'HSE' 'ILE' 'ION' 'LEU' 'LYS' 'MET' 'MG' 'PHE' 'PRO' 'SER' 'THR' 'TRP'
2025-03-25T04:30:18.949312595Z  'TYR' 'VAL' 'W' 'ZN2'] either not lipids or not supported!
2025-03-25T04:30:19.209541249Z 2025-03-25 04:30:19,209 - [MainProcess:65] mummi_ras.parsers.cg:_setup_lipids:145 - WARNING - Found leaflets of size 448 355
2025-03-25T04:30:19.213145941Z 2025-03-25 04:30:19,213 - [MainProcess:65] mummi_ras.parsers.cg_aligner:init:144 - INFO - origin: (165,): ['THR', 'GLU', 'TYR', 'LYS', 'LEU', 'VAL', 'VAL', 'VAL', 'GLY', 'ALA', 'ASP', 'GLY', 'VAL', 'GLY', 'LYS', 'SER', 'ALA', 'LEU', 'THR', 'ILE', 'GLN', 'LEU', 'ILE', 'GLN', 'ASN', 'HSE', 'PHE', 'VAL', 'ASP', 'GLU', 'TYR', 'ASP', 'PRO', 'THR', 'ILE', 'GLU', 'ASP', 'SER', 'TYR', 'ARG', 'LYS', 'GLN', 'VAL', 'VAL', 'ILE', 'ASP', 'GLY', 'GLU', 'THR', 'CYS', 'LEU', 'LEU', 'ASP', 'ILE', 'LEU', 'ASP', 'THR', 'ALA', 'GLY', 'GLN', 'GLU', 'GLU', 'TYR', 'SER', 'ALA', 'MET', 'ARG', 'ASP', 'GLN', 'TYR', 'MET', 'ARG', 'THR', 'GLY', 'GLU', 'GLY', 'PHE', 'LEU', 'CYS', 'VAL', 'PHE', 'ALA', 'ILE', 'ASN', 'ASN', 'THR', 'LYS', 'SER', 'PHE', 'GLU', 'ASP', 'ILE', 'HSE', 'HSE', 'TYR', 'ARG', 'GLU', 'GLN', 'ILE', 'LYS', 'ARG', 'VAL', 'LYS', 'ASP', 'SER', 'GLU', 'ASP', 'VAL', 'PRO', 'MET', 'VAL', 'LEU', 'VAL', 'GLY', 'ASN', 'LYS', 'CYS', 'ASP', 'LEU', 'PRO', 'SER', 'ARG', 'THR', 'VAL', 'ASP', 'THR', 'LYS', 'GLN', 'ALA', 'GLN', 'ASP', 'LEU', 'ALA', 'ARG', 'SER', 'TYR', 'GLY', 'ILE', 'PRO', 'PHE', 'ILE', 'GLU', 'THR', 'SER', 'ALA', 'LYS', 'THR', 'ARG', 'GLN', 'GLY', 'VAL', 'ASP', 'ASP', 'ALA', 'PHE', 'TYR', 'THR', 'LEU', 'VAL', 'ARG', 'GLU', 'ILE', 'ARG', 'LYS', 'HSE']
2025-03-25T04:30:19.213262540Z 2025-03-25 04:30:19,213 - [MainProcess:65] mummi_ras.parsers.cg_aligner:init:145 - INFO - xaxis:  (8,): ['THR', 'PHE', 'PHE', 'THR', 'LEU', 'LEU', 'PHE', 'GLN']
2025-03-25T04:30:19.216012951Z 2025-03-25 04:30:19,215 - [MainProcess:65] mummi_ras.online.cg.cganalysis:run_cganalysis:946 - INFO - Testing flags: [Success='cg_success', Fail='cg_failure']
2025-03-25T04:30:19.216091203Z 2025-03-25 04:30:19,215 - [MainProcess:65] mummi_ras.online.cg.cganalysis:run_cganalysis:947 - INFO - Checking for exit condition [/tmp/out] (pass=False fail=False)
2025-03-25T04:30:19.216339795Z 2025-03-25 04:30:19,216 - [MainProcess:65] mummi_ras.online.simulation:run:98 - INFO - Starting /miniconda3/bin/gmx....
2025-03-25T04:30:19.216575346Z 2025-03-25 04:30:19,216 - [MainProcess:65] mummi_ras.online.simulation:run:112 - INFO - cmd =       /miniconda3/bin/gmx mdrun -cpi -nb gpu -ntmpi 1 -ntomp 8 -pin off -maxh 0.5 >> mdrun.log 2>&1
2025-03-25T04:30:19.216644148Z 2025-03-25 04:30:19,216 - [MainProcess:65] mummi_ras.online.simulation:run:113 - INFO - os.pwd =    /tmp/workdir
2025-03-25T04:30:19.216756579Z 2025-03-25 04:30:19,216 - [MainProcess:65] mummi_ras.online.simulation:run:114 - INFO - simdir =    /tmp/workdir
2025-03-25T04:30:24.225552128Z 2025-03-25 04:30:24,224 - [MainProcess:65] mummi_ras.online.simulation:run:119 - INFO - Process Running? None
2025-03-25T04:30:24.225914266Z 2025-03-25 04:30:24,225 - [MainProcess:65] mummi_ras.online.simulation:run:123 - INFO - CUDA_VISIBLE_DEVICES=UNSET
2025-03-25T04:30:24.225924667Z 2025-03-25 04:30:24,225 - [MainProcess:65] mummi_ras.online.simulation:run:124 - INFO - ROCR_VISIBLE_DEVICES=UNSET
2025-03-25T04:30:24.264908962Z 2025-03-25 04:30:24,264 - [MainProcess:65] mummi_ras.online.simulation:get_new_frames:376 - INFO - Getting all frame numbers in trajectory from 0 to 0.
2025-03-25T04:30:24.265229621Z 2025-03-25 04:30:24,265 - [MainProcess:65] mummi_ras.online.cg.cganalysis:run_main_analysis:194 - INFO - Process frame 0
2025-03-25T04:30:24.265595939Z 2025-03-25 04:30:24,265 - [MainProcess:65] mummi_ras.online.cg.cganalysis:processFrame:519 - INFO - Load 1 frames: current frame ID /tmp/workdir/traj_comp.xtc
2025-03-25T04:30:24.282409422Z 2025-03-25 04:30:24,282 - [MainProcess:65] mummi_ras.online.cg.cganalysis:processFrame:545 - INFO - Frame:     0, Time:    0.000 ps, Bbox = [0, 182.2493, 0, 182.2493]
2025-03-25T04:30:24.282714652Z 2025-03-25 04:30:24,282 - [MainProcess:65] mummi_ras.online.cg.cganalysis:processFrame:549 - INFO - Lengths of layers: 659 36 490
2025-03-25T04:30:24.400024491Z 2025-03-25 04:30:24,399 - [MainProcess:65] mummi_ras.online.cg.cganalysis:processFrame:730 - INFO - Time for analysis - frameNum 0, time 0.1343860626220703 s
2025-03-25T04:30:50.507349244Z /miniconda3/lib/python3.11/site-packages/MDAnalysis/coordinates/XDR.py:240: UserWarning: Reload offsets from trajectory
2025-03-25T04:30:50.507376270Z  ctime or size or n_atoms did not match
2025-03-25T04:30:50.507381877Z   warnings.warn("Reload offsets from trajectory\n "
2025-03-25T04:30:50.542937944Z 2025-03-25 04:30:50,542 - [MainProcess:65] mummi_ras.online.simulation:get_new_frames:376 - INFO - Getting all frame numbers in trajectory from 1 to 1.
2025-03-25T04:30:50.543256625Z 2025-03-25 04:30:50,543 - [MainProcess:65] mummi_ras.online.cg.cganalysis:run_main_analysis:194 - INFO - Process frame 1
2025-03-25T04:30:50.543542556Z 2025-03-25 04:30:50,543 - [MainProcess:65] mummi_ras.online.cg.cganalysis:processFrame:519 - INFO - Load 2 frames: current frame ID /tmp/workdir/traj_comp.xtc
2025-03-25T04:30:50.559732474Z 2025-03-25 04:30:50,559 - [MainProcess:65] mummi_ras.online.cg.cganalysis:processFrame:545 - INFO - Frame:     1, Time:  500.000 ps, Bbox = [0, 181.28806, 0, 181.28806]
2025-03-25T04:30:50.560086049Z 2025-03-25 04:30:50,559 - [MainProcess:65] mummi_ras.online.cg.cganalysis:processFrame:549 - INFO - Lengths of layers: 661 34 490
2025-03-25T04:30:50.648797078Z 2025-03-25 04:30:50,648 - [MainProcess:65] mummi_ras.online.cg.cganalysis:processFrame:730 - INFO - Time for analysis - frameNum 1, time 0.10463905334472656 s
2025-03-25T04:31:18.776593506Z 2025-03-25 04:31:18,776 - [MainProcess:65] mummi_ras.online.simulation:get_new_frames:376 - INFO - Getting all frame numbers in trajectory from 2 to 2.
2025-03-25T04:31:18.776939012Z 2025-03-25 04:31:18,776 - [MainProcess:65] mummi_ras.online.cg.cganalysis:run_main_analysis:194 - INFO - Process frame 2
2025-03-25T04:31:18.777219432Z 2025-03-25 04:31:18,777 - [MainProcess:65] mummi_ras.online.cg.cganalysis:processFrame:519 - INFO - Load 3 frames: current frame ID /tmp/workdir/traj_comp.xtc
2025-03-25T04:31:18.793452557Z 2025-03-25 04:31:18,793 - [MainProcess:65] mummi_ras.online.cg.cganalysis:processFrame:545 - INFO - Frame:     2, Time: 1000.000 ps, Bbox = [0, 181.06947, 0, 181.06947]
2025-03-25T04:31:18.793742779Z 2025-03-25 04:31:18,793 - [MainProcess:65] mummi_ras.online.cg.cganalysis:processFrame:549 - INFO - Lengths of layers: 662 37 486
2025-03-25T04:31:18.888224716Z 2025-03-25 04:31:18,887 - [MainProcess:65] mummi_ras.online.cg.cganalysis:processFrame:730 - INFO - Time for analysis - frameNum 2, time 0.11078214645385742 s
2025-03-25T04:31:47.004944785Z 2025-03-25 04:31:47,004 - [MainProcess:65] mummi_ras.online.simulation:get_new_frames:376 - INFO - Getting all frame numbers in trajectory from 3 to 3.
2025-03-25T04:31:47.005280474Z 2025-03-25 04:31:47,005 - [MainProcess:65] mummi_ras.online.cg.cganalysis:run_main_analysis:194 - INFO - Process frame 3
2025-03-25T04:31:47.005554618Z 2025-03-25 04:31:47,005 - [MainProcess:65] mummi_ras.online.cg.cganalysis:processFrame:519 - INFO - Load 4 frames: current frame ID /tmp/workdir/traj_comp.xtc
2025-03-25T04:31:47.021589677Z 2025-03-25 04:31:47,021 - [MainProcess:65] mummi_ras.online.cg.cganalysis:processFrame:545 - INFO - Frame:     3, Time: 1500.000 ps, Bbox = [0, 180.85143, 0, 180.85143]
2025-03-25T04:31:47.021880631Z 2025-03-25 04:31:47,021 - [MainProcess:65] mummi_ras.online.cg.cganalysis:processFrame:549 - INFO - Lengths of layers: 665 36 484
2025-03-25T04:31:47.103255064Z 2025-03-25 04:31:47,103 - [MainProcess:65] mummi_ras.online.cg.cganalysis:processFrame:730 - INFO - Time for analysis - frameNum 3, time 0.09764480590820312 s
2025-03-25T04:32:17.246363931Z 2025-03-25 04:32:17,246 - [MainProcess:65] mummi_ras.online.simulation:get_new_frames:376 - INFO - Getting all frame numbers in trajectory from 4 to 4.
2025-03-25T04:32:17.246691363Z 2025-03-25 04:32:17,246 - [MainProcess:65] mummi_ras.online.cg.cganalysis:run_main_analysis:194 - INFO - Process frame 4
2025-03-25T04:32:17.246945631Z 2025-03-25 04:32:17,246 - [MainProcess:65] mummi_ras.online.cg.cganalysis:processFrame:519 - INFO - Load 5 frames: current frame ID /tmp/workdir/traj_comp.xtc
2025-03-25T04:32:17.263206984Z 2025-03-25 04:32:17,263 - [MainProcess:65] mummi_ras.online.cg.cganalysis:processFrame:545 - INFO - Frame:     4, Time: 2000.000 ps, Bbox = [0, 180.65381, 0, 180.65381]
2025-03-25T04:32:17.263485701Z 2025-03-25 04:32:17,263 - [MainProcess:65] mummi_ras.online.cg.cganalysis:processFrame:549 - INFO - Lengths of layers: 663 37 485
2025-03-25T04:32:17.348338885Z 2025-03-25 04:32:17,348 - [MainProcess:65] mummi_ras.online.cg.cganalysis:processFrame:730 - INFO - Time for analysis - frameNum 4, time 0.10134243965148926 s
2025-03-25T04:32:45.470578156Z 2025-03-25 04:32:45,470 - [MainProcess:65] mummi_ras.online.simulation:get_new_frames:376 - INFO - Getting all frame numbers in trajectory from 5 to 5.
2025-03-25T04:32:45.470924292Z 2025-03-25 04:32:45,470 - [MainProcess:65] mummi_ras.online.cg.cganalysis:run_main_analysis:194 - INFO - Process frame 5
2025-03-25T04:32:45.471192243Z 2025-03-25 04:32:45,471 - [MainProcess:65] mummi_ras.online.cg.cganalysis:processFrame:519 - INFO - Load 6 frames: current frame ID /tmp/workdir/traj_comp.xtc
2025-03-25T04:32:45.487603260Z 2025-03-25 04:32:45,487 - [MainProcess:65] mummi_ras.online.cg.cganalysis:processFrame:545 - INFO - Frame:     5, Time: 2500.000 ps, Bbox = [0, 181.5769, 0, 181.5769]
2025-03-25T04:32:45.487896220Z 2025-03-25 04:32:45,487 - [MainProcess:65] mummi_ras.online.cg.cganalysis:processFrame:549 - INFO - Lengths of layers: 663 39 483
2025-03-25T04:32:45.566936848Z 2025-03-25 04:32:45,566 - [MainProcess:65] mummi_ras.online.cg.cganalysis:processFrame:730 - INFO - Time for analysis - frameNum 5, time 0.0956425666809082 s
2025-03-25T04:33:13.697900402Z 2025-03-25 04:33:13,697 - [MainProcess:65] mummi_ras.online.simulation:get_new_frames:376 - INFO - Getting all frame numbers in trajectory from 6 to 6.
2025-03-25T04:33:13.698257678Z 2025-03-25 04:33:13,698 - [MainProcess:65] mummi_ras.online.cg.cganalysis:run_main_analysis:194 - INFO - Process frame 6
2025-03-25T04:33:13.698586261Z 2025-03-25 04:33:13,698 - [MainProcess:65] mummi_ras.online.cg.cganalysis:processFrame:519 - INFO - Load 7 frames: current frame ID /tmp/workdir/traj_comp.xtc
2025-03-25T04:33:13.715145054Z 2025-03-25 04:33:13,714 - [MainProcess:65] mummi_ras.online.cg.cganalysis:processFrame:545 - INFO - Frame:     6, Time: 3000.000 ps, Bbox = [0, 180.36502, 0, 180.36502]
2025-03-25T04:33:13.715574201Z 2025-03-25 04:33:13,715 - [MainProcess:65] mummi_ras.online.cg.cganalysis:processFrame:549 - INFO - Lengths of layers: 660 42 483
2025-03-25T04:33:13.799415584Z 2025-03-25 04:33:13,799 - [MainProcess:65] mummi_ras.online.cg.cganalysis:processFrame:730 - INFO - Time for analysis - frameNum 6, time 0.1007835865020752 s
2025-03-25T04:33:43.930569741Z 2025-03-25 04:33:43,930 - [MainProcess:65] mummi_ras.online.simulation:get_new_frames:376 - INFO - Getting all frame numbers in trajectory from 7 to 7.
2025-03-25T04:33:43.930679686Z 2025-03-25 04:33:43,930 - [MainProcess:65] mummi_ras.online.cg.cganalysis:run_main_analysis:194 - INFO - Process frame 7
2025-03-25T04:33:43.930724247Z 2025-03-25 04:33:43,930 - [MainProcess:65] mummi_ras.online.cg.cganalysis:processFrame:519 - INFO - Load 8 frames: current frame ID /tmp/workdir/traj_comp.xtc
2025-03-25T04:33:43.949095697Z 2025-03-25 04:33:43,948 - [MainProcess:65] mummi_ras.online.cg.cganalysis:processFrame:545 - INFO - Frame:     7, Time: 3500.000 ps, Bbox = [0, 180.48683, 0, 180.48683]
2025-03-25T04:33:43.949390430Z 2025-03-25 04:33:43,949 - [MainProcess:65] mummi_ras.online.cg.cganalysis:processFrame:549 - INFO - Lengths of layers: 662 42 481
2025-03-25T04:33:44.041135696Z 2025-03-25 04:33:44,040 - [MainProcess:65] mummi_ras.online.cg.cganalysis:processFrame:730 - INFO - Time for analysis - frameNum 7, time 0.11033058166503906 s
2025-03-25T04:34:12.169577081Z 2025-03-25 04:34:12,169 - [MainProcess:65] mummi_ras.online.simulation:get_new_frames:376 - INFO - Getting all frame numbers in trajectory from 8 to 8.
2025-03-25T04:34:12.169920947Z 2025-03-25 04:34:12,169 - [MainProcess:65] mummi_ras.online.cg.cganalysis:run_main_analysis:194 - INFO - Process frame 8
2025-03-25T04:34:12.170199230Z 2025-03-25 04:34:12,170 - [MainProcess:65] mummi_ras.online.cg.cganalysis:processFrame:519 - INFO - Load 9 frames: current frame ID /tmp/workdir/traj_comp.xtc
2025-03-25T04:34:12.186681189Z 2025-03-25 04:34:12,186 - [MainProcess:65] mummi_ras.online.cg.cganalysis:processFrame:545 - INFO - Frame:     8, Time: 4000.000 ps, Bbox = [0, 180.6639, 0, 180.6639]
2025-03-25T04:34:12.186975990Z 2025-03-25 04:34:12,186 - [MainProcess:65] mummi_ras.online.cg.cganalysis:processFrame:549 - INFO - Lengths of layers: 664 37 484
2025-03-25T04:34:12.275627573Z 2025-03-25 04:34:12,275 - [MainProcess:65] mummi_ras.online.cg.cganalysis:processFrame:730 - INFO - Time for analysis - frameNum 8, time 0.10529565811157227 s
2025-03-25T04:34:40.398297346Z 2025-03-25 04:34:40,398 - [MainProcess:65] mummi_ras.online.simulation:get_new_frames:376 - INFO - Getting all frame numbers in trajectory from 9 to 9.
2025-03-25T04:34:40.398669181Z 2025-03-25 04:34:40,398 - [MainProcess:65] mummi_ras.online.cg.cganalysis:run_main_analysis:194 - INFO - Process frame 9
2025-03-25T04:34:40.398956206Z 2025-03-25 04:34:40,398 - [MainProcess:65] mummi_ras.online.cg.cganalysis:processFrame:519 - INFO - Load 10 frames: current frame ID /tmp/workdir/traj_comp.xtc
2025-03-25T04:34:40.415668254Z 2025-03-25 04:34:40,415 - [MainProcess:65] mummi_ras.online.cg.cganalysis:processFrame:545 - INFO - Frame:     9, Time: 4500.000 ps, Bbox = [0, 180.41061, 0, 180.41061]
2025-03-25T04:34:40.416031996Z 2025-03-25 04:34:40,415 - [MainProcess:65] mummi_ras.online.cg.cganalysis:processFrame:549 - INFO - Lengths of layers: 661 35 489
2025-03-25T04:34:40.511699482Z 2025-03-25 04:34:40,511 - [MainProcess:65] mummi_ras.online.cg.cganalysis:processFrame:730 - INFO - Time for analysis - frameNum 9, time 0.11269545555114746 s
2025-03-25T04:34:40.512411076Z 2025-03-25 04:34:40,512 - [MainProcess:65] mummi_ras.online.cg.cganalysis:processOutput:93 - INFO - Add feedback for frameNum 0 - state []
2025-03-25T04:34:40.512756659Z 2025-03-25 04:34:40,512 - [MainProcess:65] mummi_ras.online.cg.cganalysis:processOutput:93 - INFO - Add feedback for frameNum 1 - state []
2025-03-25T04:34:40.513015044Z 2025-03-25 04:34:40,512 - [MainProcess:65] mummi_ras.online.cg.cganalysis:processOutput:93 - INFO - Add feedback for frameNum 2 - state []
2025-03-25T04:34:40.513194877Z 2025-03-25 04:34:40,513 - [MainProcess:65] mummi_ras.online.cg.cganalysis:processOutput:93 - INFO - Add feedback for frameNum 3 - state []
2025-03-25T04:34:40.513377757Z 2025-03-25 04:34:40,513 - [MainProcess:65] mummi_ras.online.cg.cganalysis:processOutput:93 - INFO - Add feedback for frameNum 4 - state []
2025-03-25T04:34:40.513545712Z 2025-03-25 04:34:40,513 - [MainProcess:65] mummi_ras.online.cg.cganalysis:processOutput:93 - INFO - Add feedback for frameNum 5 - state []
2025-03-25T04:34:40.513716534Z 2025-03-25 04:34:40,513 - [MainProcess:65] mummi_ras.online.cg.cganalysis:processOutput:93 - INFO - Add feedback for frameNum 6 - state []
2025-03-25T04:34:40.513894332Z 2025-03-25 04:34:40,513 - [MainProcess:65] mummi_ras.online.cg.cganalysis:processOutput:93 - INFO - Add feedback for frameNum 7 - state []
2025-03-25T04:34:40.514069436Z 2025-03-25 04:34:40,513 - [MainProcess:65] mummi_ras.online.cg.cganalysis:processOutput:93 - INFO - Add feedback for frameNum 8 - state []
2025-03-25T04:34:40.514232358Z 2025-03-25 04:34:40,514 - [MainProcess:65] mummi_ras.online.cg.cganalysis:processOutput:93 - INFO - Add feedback for frameNum 9 - state []
2025-03-25T04:34:40.522959234Z 2025-03-25 04:34:40,522 - [MainProcess:65] mummi_core.interfaces.simple:_save_files:91 - INFO - Wrote 10 files to (/opt/clones/mummi-ras/feedback-cg2ml/018)
2025-03-25T04:34:40.523244040Z 2025-03-25 04:34:40,523 - [MainProcess:65] mummi_ras.feedback.feedback_manager_cg2ml:report:118 - INFO - Added 10 frames (from structure_012048918) to feedback (/opt/clones/mummi-ras/feedback-cg2ml)
2025-03-25T04:34:40.523443734Z 2025-03-25 04:34:40,523 - [MainProcess:65] mummi_ras.online.cg.cganalysis:processOutput:113 - INFO - processOutput: 9
2025-03-25T04:34:40.658066262Z 2025-03-25 04:34:40,657 - [MainProcess:65] mummi_ras.interfaces.mummi:save_analysis_data:254 - INFO - Saved all analysis data for frames [0, 1, 2, 3, 4, 5, 6, 7, 8, 9]
2025-03-25T04:34:40.658127866Z 2025-03-25 04:34:40,658 - [MainProcess:65] mummi_ras.online.cg.cganalysis:copyRemoteLogs:326 - INFO - Copy over log files
2025-03-25T04:34:40.662678572Z cp: cannot stat '/tmp/workdir/cg_analysis.out': No such file or directory
2025-03-25T04:34:40.663790453Z 2025-03-25 04:34:40,663 - [MainProcess:65] mummi_core.utils.utilities:sys_call:184 - INFO - Run command: cp -r  /tmp/workdir/cg_analysis.out /tmp/workdir/*.log /tmp/out/ || true
2025-03-25T04:34:40.663954432Z 2025-03-25 04:34:40,663 - [MainProcess:65] mummi_ras.online.cg.cganalysis:copyRemoteLogs:338 - INFO - copyRemoteLogs =  /tmp/workdir/cg_analysis.out /tmp/workdir/*.log
2025-03-25T04:34:40.664104512Z 2025-03-25 04:34:40,664 - [MainProcess:65] mummi_ras.online.cg.cganalysis:cleanupLocal:348 - WARNING - Copy cleanup local only works for ddcMD files
2025-03-25T04:35:10.804198374Z 2025-03-25 04:35:10,803 - [MainProcess:65] mummi_ras.online.simulation:get_new_frames:376 - INFO - Getting all frame numbers in trajectory from 10 to 10.
2025-03-25T04:35:10.804524411Z 2025-03-25 04:35:10,804 - [MainProcess:65] mummi_ras.online.cg.cganalysis:run_main_analysis:194 - INFO - Process frame 10
2025-03-25T04:35:10.804797825Z 2025-03-25 04:35:10,804 - [MainProcess:65] mummi_ras.online.cg.cganalysis:processFrame:519 - INFO - Load 11 frames: current frame ID /tmp/workdir/traj_comp.xtc
2025-03-25T04:35:10.821151990Z 2025-03-25 04:35:10,821 - [MainProcess:65] mummi_ras.online.cg.cganalysis:processFrame:545 - INFO - Frame:    10, Time: 5000.000 ps, Bbox = [0, 180.7197, 0, 180.7197]
2025-03-25T04:35:10.821448403Z 2025-03-25 04:35:10,821 - [MainProcess:65] mummi_ras.online.cg.cganalysis:processFrame:549 - INFO - Lengths of layers: 660 33 492
2025-03-25T04:35:10.911993624Z 2025-03-25 04:35:10,911 - [MainProcess:65] mummi_ras.online.cg.cganalysis:processFrame:730 - INFO - Time for analysis - frameNum 10, time 0.10714221000671387 s
2025-03-25T04:35:39.025374767Z 2025-03-25 04:35:39,025 - [MainProcess:65] mummi_ras.online.simulation:get_new_frames:376 - INFO - Getting all frame numbers in trajectory from 11 to 11.
2025-03-25T04:35:39.025706380Z 2025-03-25 04:35:39,025 - [MainProcess:65] mummi_ras.online.cg.cganalysis:run_main_analysis:194 - INFO - Process frame 11
2025-03-25T04:35:39.025984331Z 2025-03-25 04:35:39,025 - [MainProcess:65] mummi_ras.online.cg.cganalysis:processFrame:519 - INFO - Load 12 frames: current frame ID /tmp/workdir/traj_comp.xtc
2025-03-25T04:35:39.041767876Z 2025-03-25 04:35:39,041 - [MainProcess:65] mummi_ras.online.cg.cganalysis:processFrame:545 - INFO - Frame:    11, Time: 5500.000 ps, Bbox = [0, 181.34442, 0, 181.34442]
2025-03-25T04:35:39.041969471Z 2025-03-25 04:35:39,041 - [MainProcess:65] mummi_ras.online.cg.cganalysis:processFrame:549 - INFO - Lengths of layers: 661 28 496
2025-03-25T04:35:39.121075928Z 2025-03-25 04:35:39,120 - [MainProcess:65] mummi_ras.online.cg.cganalysis:processFrame:730 - INFO - Time for analysis - frameNum 11, time 0.09501218795776367 s
2025-03-25T04:36:07.255459014Z 2025-03-25 04:36:07,255 - [MainProcess:65] mummi_ras.online.simulation:get_new_frames:376 - INFO - Getting all frame numbers in trajectory from 12 to 12.
2025-03-25T04:36:07.255814547Z 2025-03-25 04:36:07,255 - [MainProcess:65] mummi_ras.online.cg.cganalysis:run_main_analysis:194 - INFO - Process frame 12
2025-03-25T04:36:07.256083931Z 2025-03-25 04:36:07,255 - [MainProcess:65] mummi_ras.online.cg.cganalysis:processFrame:519 - INFO - Load 13 frames: current frame ID /tmp/workdir/traj_comp.xtc
2025-03-25T04:36:07.272583225Z 2025-03-25 04:36:07,272 - [MainProcess:65] mummi_ras.online.cg.cganalysis:processFrame:545 - INFO - Frame:    12, Time: 6000.000 ps, Bbox = [0, 181.26788, 0, 181.26788]
2025-03-25T04:36:07.272872643Z 2025-03-25 04:36:07,272 - [MainProcess:65] mummi_ras.online.cg.cganalysis:processFrame:549 - INFO - Lengths of layers: 664 28 493
2025-03-25T04:36:07.363982063Z 2025-03-25 04:36:07,363 - [MainProcess:65] mummi_ras.online.cg.cganalysis:processFrame:730 - INFO - Time for analysis - frameNum 12, time 0.10773634910583496 s
2025-03-25T04:36:37.492073704Z 2025-03-25 04:36:37,490 - [MainProcess:65] mummi_ras.online.simulation:get_new_frames:376 - INFO - Getting all frame numbers in trajectory from 13 to 13.
2025-03-25T04:36:37.492097933Z 2025-03-25 04:36:37,490 - [MainProcess:65] mummi_ras.online.cg.cganalysis:run_main_analysis:194 - INFO - Process frame 13
2025-03-25T04:36:37.492106770Z 2025-03-25 04:36:37,491 - [MainProcess:65] mummi_ras.online.cg.cganalysis:processFrame:519 - INFO - Load 14 frames: current frame ID /tmp/workdir/traj_comp.xtc
2025-03-25T04:36:37.508512577Z 2025-03-25 04:36:37,508 - [MainProcess:65] mummi_ras.online.cg.cganalysis:processFrame:545 - INFO - Frame:    13, Time: 6500.000 ps, Bbox = [0, 181.74954, 0, 181.74954]
2025-03-25T04:36:37.508848210Z 2025-03-25 04:36:37,508 - [MainProcess:65] mummi_ras.online.cg.cganalysis:processFrame:549 - INFO - Lengths of layers: 661 33 491
2025-03-25T04:36:37.594433423Z 2025-03-25 04:36:37,594 - [MainProcess:65] mummi_ras.online.cg.cganalysis:processFrame:730 - INFO - Time for analysis - frameNum 13, time 0.10296773910522461 s
2025-03-25T04:37:05.711496628Z 2025-03-25 04:37:05,711 - [MainProcess:65] mummi_ras.online.simulation:get_new_frames:376 - INFO - Getting all frame numbers in trajectory from 14 to 14.
2025-03-25T04:37:05.711869117Z 2025-03-25 04:37:05,711 - [MainProcess:65] mummi_ras.online.cg.cganalysis:run_main_analysis:194 - INFO - Process frame 14
2025-03-25T04:37:05.712145063Z 2025-03-25 04:37:05,712 - [MainProcess:65] mummi_ras.online.cg.cganalysis:processFrame:519 - INFO - Load 15 frames: current frame ID /tmp/workdir/traj_comp.xtc
2025-03-25T04:37:05.726077952Z 2025-03-25 04:37:05,725 - [MainProcess:65] mummi_ras.online.cg.cganalysis:processFrame:545 - INFO - Frame:    14, Time: 7000.000 ps, Bbox = [0, 181.10007, 0, 181.10007]
2025-03-25T04:37:05.726099065Z 2025-03-25 04:37:05,726 - [MainProcess:65] mummi_ras.online.cg.cganalysis:processFrame:549 - INFO - Lengths of layers: 661 37 487
2025-03-25T04:37:05.817680960Z 2025-03-25 04:37:05,817 - [MainProcess:65] mummi_ras.online.cg.cganalysis:processFrame:730 - INFO - Time for analysis - frameNum 14, time 0.10545825958251953 s
2025-03-25T04:37:33.956465477Z 2025-03-25 04:37:33,956 - [MainProcess:65] mummi_ras.online.simulation:get_new_frames:376 - INFO - Getting all frame numbers in trajectory from 15 to 15.
2025-03-25T04:37:33.956831056Z 2025-03-25 04:37:33,956 - [MainProcess:65] mummi_ras.online.cg.cganalysis:run_main_analysis:194 - INFO - Process frame 15
2025-03-25T04:37:33.957109636Z 2025-03-25 04:37:33,956 - [MainProcess:65] mummi_ras.online.cg.cganalysis:processFrame:519 - INFO - Load 16 frames: current frame ID /tmp/workdir/traj_comp.xtc
2025-03-25T04:37:33.973971020Z 2025-03-25 04:37:33,973 - [MainProcess:65] mummi_ras.online.cg.cganalysis:processFrame:545 - INFO - Frame:    15, Time: 7500.000 ps, Bbox = [0, 179.9637, 0, 179.9637]
2025-03-25T04:37:33.974266656Z 2025-03-25 04:37:33,974 - [MainProcess:65] mummi_ras.online.cg.cganalysis:processFrame:549 - INFO - Lengths of layers: 663 33 489
2025-03-25T04:37:34.065100727Z 2025-03-25 04:37:34,064 - [MainProcess:65] mummi_ras.online.cg.cganalysis:processFrame:730 - INFO - Time for analysis - frameNum 15, time 0.10793590545654297 s
2025-03-25T04:38:04.193673091Z 2025-03-25 04:38:04,193 - [MainProcess:65] mummi_ras.online.simulation:get_new_frames:376 - INFO - Getting all frame numbers in trajectory from 16 to 16.
2025-03-25T04:38:04.193992084Z 2025-03-25 04:38:04,193 - [MainProcess:65] mummi_ras.online.cg.cganalysis:run_main_analysis:194 - INFO - Process frame 16
2025-03-25T04:38:04.194257413Z 2025-03-25 04:38:04,194 - [MainProcess:65] mummi_ras.online.cg.cganalysis:processFrame:519 - INFO - Load 17 frames: current frame ID /tmp/workdir/traj_comp.xtc
2025-03-25T04:38:04.210936923Z 2025-03-25 04:38:04,210 - [MainProcess:65] mummi_ras.online.cg.cganalysis:processFrame:545 - INFO - Frame:    16, Time: 8000.000 ps, Bbox = [0, 179.83472, 0, 179.83472]
2025-03-25T04:38:04.211227679Z 2025-03-25 04:38:04,211 - [MainProcess:65] mummi_ras.online.cg.cganalysis:processFrame:549 - INFO - Lengths of layers: 663 24 498
2025-03-25T04:38:04.296933631Z 2025-03-25 04:38:04,296 - [MainProcess:65] mummi_ras.online.cg.cganalysis:processFrame:730 - INFO - Time for analysis - frameNum 16, time 0.1025395393371582 s
2025-03-25T04:38:32.417368951Z 2025-03-25 04:38:32,417 - [MainProcess:65] mummi_ras.online.simulation:get_new_frames:376 - INFO - Getting all frame numbers in trajectory from 17 to 17.
2025-03-25T04:38:32.417726871Z 2025-03-25 04:38:32,417 - [MainProcess:65] mummi_ras.online.cg.cganalysis:run_main_analysis:194 - INFO - Process frame 17
2025-03-25T04:38:32.417996091Z 2025-03-25 04:38:32,417 - [MainProcess:65] mummi_ras.online.cg.cganalysis:processFrame:519 - INFO - Load 18 frames: current frame ID /tmp/workdir/traj_comp.xtc
2025-03-25T04:38:32.444707899Z 2025-03-25 04:38:32,444 - [MainProcess:65] mummi_ras.online.cg.cganalysis:processFrame:545 - INFO - Frame:    17, Time: 8500.000 ps, Bbox = [0, 180.17088, 0, 180.17088]
2025-03-25T04:38:32.444996697Z 2025-03-25 04:38:32,444 - [MainProcess:65] mummi_ras.online.cg.cganalysis:processFrame:549 - INFO - Lengths of layers: 661 32 492
2025-03-25T04:38:32.524143427Z 2025-03-25 04:38:32,523 - [MainProcess:65] mummi_ras.online.cg.cganalysis:processFrame:730 - INFO - Time for analysis - frameNum 17, time 0.10605669021606445 s
2025-03-25T04:39:00.655944791Z 2025-03-25 04:39:00,654 - [MainProcess:65] mummi_ras.online.simulation:get_new_frames:376 - INFO - Getting all frame numbers in trajectory from 18 to 18.
2025-03-25T04:39:00.655965037Z 2025-03-25 04:39:00,655 - [MainProcess:65] mummi_ras.online.cg.cganalysis:run_main_analysis:194 - INFO - Process frame 18
2025-03-25T04:39:00.655970335Z 2025-03-25 04:39:00,655 - [MainProcess:65] mummi_ras.online.cg.cganalysis:processFrame:519 - INFO - Load 19 frames: current frame ID /tmp/workdir/traj_comp.xtc
2025-03-25T04:39:00.672043168Z 2025-03-25 04:39:00,671 - [MainProcess:65] mummi_ras.online.cg.cganalysis:processFrame:545 - INFO - Frame:    18, Time: 9000.000 ps, Bbox = [0, 180.47652, 0, 180.47652]
2025-03-25T04:39:00.672130709Z 2025-03-25 04:39:00,672 - [MainProcess:65] mummi_ras.online.cg.cganalysis:processFrame:549 - INFO - Lengths of layers: 663 32 490
2025-03-25T04:39:00.751778770Z 2025-03-25 04:39:00,751 - [MainProcess:65] mummi_ras.online.cg.cganalysis:processFrame:730 - INFO - Time for analysis - frameNum 18, time 0.09630203247070312 s
2025-03-25T04:39:30.879463029Z 2025-03-25 04:39:30,879 - [MainProcess:65] mummi_ras.online.simulation:get_new_frames:376 - INFO - Getting all frame numbers in trajectory from 19 to 19.
2025-03-25T04:39:30.879807112Z 2025-03-25 04:39:30,879 - [MainProcess:65] mummi_ras.online.cg.cganalysis:run_main_analysis:194 - INFO - Process frame 19
2025-03-25T04:39:30.880075290Z 2025-03-25 04:39:30,879 - [MainProcess:65] mummi_ras.online.cg.cganalysis:processFrame:519 - INFO - Load 20 frames: current frame ID /tmp/workdir/traj_comp.xtc
2025-03-25T04:39:30.896383715Z 2025-03-25 04:39:30,896 - [MainProcess:65] mummi_ras.online.cg.cganalysis:processFrame:545 - INFO - Frame:    19, Time: 9500.000 ps, Bbox = [0, 181.03743, 0, 181.03743]
2025-03-25T04:39:30.896677885Z 2025-03-25 04:39:30,896 - [MainProcess:65] mummi_ras.online.cg.cganalysis:processFrame:549 - INFO - Lengths of layers: 664 28 493
2025-03-25T04:39:30.987649010Z 2025-03-25 04:39:30,987 - [MainProcess:65] mummi_ras.online.cg.cganalysis:processFrame:730 - INFO - Time for analysis - frameNum 19, time 0.10753035545349121 s
2025-03-25T04:39:30.988311866Z 2025-03-25 04:39:30,988 - [MainProcess:65] mummi_ras.online.cg.cganalysis:processOutput:93 - INFO - Add feedback for frameNum 10 - state []
2025-03-25T04:39:30.988596249Z 2025-03-25 04:39:30,988 - [MainProcess:65] mummi_ras.online.cg.cganalysis:processOutput:93 - INFO - Add feedback for frameNum 11 - state []
2025-03-25T04:39:30.988856402Z 2025-03-25 04:39:30,988 - [MainProcess:65] mummi_ras.online.cg.cganalysis:processOutput:93 - INFO - Add feedback for frameNum 12 - state []
2025-03-25T04:39:30.989131304Z 2025-03-25 04:39:30,989 - [MainProcess:65] mummi_ras.online.cg.cganalysis:processOutput:93 - INFO - Add feedback for frameNum 13 - state []
2025-03-25T04:39:30.989285419Z 2025-03-25 04:39:30,989 - [MainProcess:65] mummi_ras.online.cg.cganalysis:processOutput:93 - INFO - Add feedback for frameNum 14 - state []
2025-03-25T04:39:30.989409461Z 2025-03-25 04:39:30,989 - [MainProcess:65] mummi_ras.online.cg.cganalysis:processOutput:93 - INFO - Add feedback for frameNum 15 - state []
2025-03-25T04:39:30.989567187Z 2025-03-25 04:39:30,989 - [MainProcess:65] mummi_ras.online.cg.cganalysis:processOutput:93 - INFO - Add feedback for frameNum 16 - state []
2025-03-25T04:39:30.989713526Z 2025-03-25 04:39:30,989 - [MainProcess:65] mummi_ras.online.cg.cganalysis:processOutput:93 - INFO - Add feedback for frameNum 17 - state []
2025-03-25T04:39:30.989875470Z 2025-03-25 04:39:30,989 - [MainProcess:65] mummi_ras.online.cg.cganalysis:processOutput:93 - INFO - Add feedback for frameNum 18 - state []
2025-03-25T04:39:30.990010702Z 2025-03-25 04:39:30,989 - [MainProcess:65] mummi_ras.online.cg.cganalysis:processOutput:93 - INFO - Add feedback for frameNum 19 - state []
2025-03-25T04:39:30.997930130Z 2025-03-25 04:39:30,997 - [MainProcess:65] mummi_core.interfaces.simple:_save_files:91 - INFO - Wrote 10 files to (/opt/clones/mummi-ras/feedback-cg2ml/018)
2025-03-25T04:39:30.998225907Z 2025-03-25 04:39:30,998 - [MainProcess:65] mummi_ras.feedback.feedback_manager_cg2ml:report:118 - INFO - Added 10 frames (from structure_012048918) to feedback (/opt/clones/mummi-ras/feedback-cg2ml)
2025-03-25T04:39:30.998521112Z 2025-03-25 04:39:30,998 - [MainProcess:65] mummi_ras.online.cg.cganalysis:processOutput:113 - INFO - processOutput: 19
2025-03-25T04:39:31.151611477Z 2025-03-25 04:39:31,151 - [MainProcess:65] mummi_ras.interfaces.mummi:save_analysis_data:254 - INFO - Saved all analysis data for frames [10, 11, 12, 13, 14, 15, 16, 17, 18, 19]
2025-03-25T04:39:31.151884414Z 2025-03-25 04:39:31,151 - [MainProcess:65] mummi_ras.online.cg.cganalysis:copyRemoteLogs:326 - INFO - Copy over log files
2025-03-25T04:39:31.196271814Z cp: cannot stat '/tmp/workdir/cg_analysis.out': No such file or directory
2025-03-25T04:39:31.197689030Z 2025-03-25 04:39:31,197 - [MainProcess:65] mummi_core.utils.utilities:sys_call:184 - INFO - Run command: cp -r  /tmp/workdir/cg_analysis.out /tmp/workdir/*.log /tmp/out/ || true
2025-03-25T04:39:31.197782580Z 2025-03-25 04:39:31,197 - [MainProcess:65] mummi_ras.online.cg.cganalysis:copyRemoteLogs:338 - INFO - copyRemoteLogs =  /tmp/workdir/cg_analysis.out /tmp/workdir/*.log
2025-03-25T04:39:31.197877977Z 2025-03-25 04:39:31,197 - [MainProcess:65] mummi_ras.online.cg.cganalysis:cleanupLocal:348 - WARNING - Copy cleanup local only works for ddcMD files
2025-03-25T04:39:59.318592612Z 2025-03-25 04:39:59,318 - [MainProcess:65] mummi_ras.online.simulation:get_new_frames:376 - INFO - Getting all frame numbers in trajectory from 20 to 20.
2025-03-25T04:39:59.318947958Z 2025-03-25 04:39:59,318 - [MainProcess:65] mummi_ras.online.cg.cganalysis:run_main_analysis:194 - INFO - Process frame 20
2025-03-25T04:39:59.319215769Z 2025-03-25 04:39:59,319 - [MainProcess:65] mummi_ras.online.cg.cganalysis:processFrame:519 - INFO - Load 21 frames: current frame ID /tmp/workdir/traj_comp.xtc
2025-03-25T04:39:59.351171663Z 2025-03-25 04:39:59,351 - [MainProcess:65] mummi_ras.online.cg.cganalysis:processFrame:545 - INFO - Frame:    20, Time: 10000.000 ps, Bbox = [0, 181.86699, 0, 181.86699]
2025-03-25T04:39:59.351454103Z 2025-03-25 04:39:59,351 - [MainProcess:65] mummi_ras.online.cg.cganalysis:processFrame:549 - INFO - Lengths of layers: 660 36 489
2025-03-25T04:39:59.438983597Z 2025-03-25 04:39:59,438 - [MainProcess:65] mummi_ras.online.cg.cganalysis:processFrame:730 - INFO - Time for analysis - frameNum 20, time 0.11966156959533691 s
2025-03-25T04:40:27.561178409Z 2025-03-25 04:40:27,560 - [MainProcess:65] mummi_ras.online.simulation:get_new_frames:376 - INFO - Getting all frame numbers in trajectory from 21 to 21.
2025-03-25T04:40:27.561339673Z 2025-03-25 04:40:27,561 - [MainProcess:65] mummi_ras.online.cg.cganalysis:run_main_analysis:194 - INFO - Process frame 21
2025-03-25T04:40:27.561509073Z 2025-03-25 04:40:27,561 - [MainProcess:65] mummi_ras.online.cg.cganalysis:processFrame:519 - INFO - Load 22 frames: current frame ID /tmp/workdir/traj_comp.xtc
2025-03-25T04:40:27.577886756Z 2025-03-25 04:40:27,577 - [MainProcess:65] mummi_ras.online.cg.cganalysis:processFrame:545 - INFO - Frame:    21, Time: 10500.000 ps, Bbox = [0, 181.4515, 0, 181.4515]
2025-03-25T04:40:27.578167570Z 2025-03-25 04:40:27,578 - [MainProcess:65] mummi_ras.online.cg.cganalysis:processFrame:549 - INFO - Lengths of layers: 662 31 492
2025-03-25T04:40:27.667366379Z 2025-03-25 04:40:27,667 - [MainProcess:65] mummi_ras.online.cg.cganalysis:processFrame:730 - INFO - Time for analysis - frameNum 21, time 0.10582423210144043 s
2025-03-25T04:40:57.804145987Z 2025-03-25 04:40:57,803 - [MainProcess:65] mummi_ras.online.simulation:get_new_frames:376 - INFO - Getting all frame numbers in trajectory from 22 to 22.
2025-03-25T04:40:57.804453939Z 2025-03-25 04:40:57,804 - [MainProcess:65] mummi_ras.online.cg.cganalysis:run_main_analysis:194 - INFO - Process frame 22
2025-03-25T04:40:57.804722004Z 2025-03-25 04:40:57,804 - [MainProcess:65] mummi_ras.online.cg.cganalysis:processFrame:519 - INFO - Load 23 frames: current frame ID /tmp/workdir/traj_comp.xtc
2025-03-25T04:40:57.820813602Z 2025-03-25 04:40:57,820 - [MainProcess:65] mummi_ras.online.cg.cganalysis:processFrame:545 - INFO - Frame:    22, Time: 11000.000 ps, Bbox = [0, 180.40997, 0, 180.40997]
2025-03-25T04:40:57.821104413Z 2025-03-25 04:40:57,820 - [MainProcess:65] mummi_ras.online.cg.cganalysis:processFrame:549 - INFO - Lengths of layers: 664 30 491
2025-03-25T04:40:57.912893744Z 2025-03-25 04:40:57,912 - [MainProcess:65] mummi_ras.online.cg.cganalysis:processFrame:730 - INFO - Time for analysis - frameNum 22, time 0.10812020301818848 s
2025-03-25T04:41:26.038780468Z 2025-03-25 04:41:26,038 - [MainProcess:65] mummi_ras.online.simulation:get_new_frames:376 - INFO - Getting all frame numbers in trajectory from 23 to 23.
2025-03-25T04:41:26.038818935Z 2025-03-25 04:41:26,038 - [MainProcess:65] mummi_ras.online.cg.cganalysis:run_main_analysis:194 - INFO - Process frame 23
2025-03-25T04:41:26.038933713Z 2025-03-25 04:41:26,038 - [MainProcess:65] mummi_ras.online.cg.cganalysis:processFrame:519 - INFO - Load 24 frames: current frame ID /tmp/workdir/traj_comp.xtc
2025-03-25T04:41:26.055165497Z 2025-03-25 04:41:26,054 - [MainProcess:65] mummi_ras.online.cg.cganalysis:processFrame:545 - INFO - Frame:    23, Time: 11500.000 ps, Bbox = [0, 181.05865, 0, 181.05865]
2025-03-25T04:41:26.055484865Z 2025-03-25 04:41:26,055 - [MainProcess:65] mummi_ras.online.cg.cganalysis:processFrame:549 - INFO - Lengths of layers: 662 35 488
2025-03-25T04:41:26.140541679Z 2025-03-25 04:41:26,140 - [MainProcess:65] mummi_ras.online.cg.cganalysis:processFrame:730 - INFO - Time for analysis - frameNum 23, time 0.10155844688415527 s
2025-03-25T04:41:54.268127487Z 2025-03-25 04:41:54,267 - [MainProcess:65] mummi_ras.online.simulation:get_new_frames:376 - INFO - Getting all frame numbers in trajectory from 24 to 24.
2025-03-25T04:41:54.268470674Z 2025-03-25 04:41:54,268 - [MainProcess:65] mummi_ras.online.cg.cganalysis:run_main_analysis:194 - INFO - Process frame 24
2025-03-25T04:41:54.268748952Z 2025-03-25 04:41:54,268 - [MainProcess:65] mummi_ras.online.cg.cganalysis:processFrame:519 - INFO - Load 25 frames: current frame ID /tmp/workdir/traj_comp.xtc
2025-03-25T04:41:54.285374680Z 2025-03-25 04:41:54,285 - [MainProcess:65] mummi_ras.online.cg.cganalysis:processFrame:545 - INFO - Frame:    24, Time: 12000.000 ps, Bbox = [0, 180.40433, 0, 180.40433]
2025-03-25T04:41:54.285676625Z 2025-03-25 04:41:54,285 - [MainProcess:65] mummi_ras.online.cg.cganalysis:processFrame:549 - INFO - Lengths of layers: 666 29 490
2025-03-25T04:41:54.369654173Z 2025-03-25 04:41:54,369 - [MainProcess:65] mummi_ras.online.cg.cganalysis:processFrame:730 - INFO - Time for analysis - frameNum 24, time 0.10085201263427734 s
2025-03-25T04:42:24.499414558Z 2025-03-25 04:42:24,499 - [MainProcess:65] mummi_ras.online.simulation:get_new_frames:376 - INFO - Getting all frame numbers in trajectory from 25 to 25.
2025-03-25T04:42:24.499789683Z 2025-03-25 04:42:24,499 - [MainProcess:65] mummi_ras.online.cg.cganalysis:run_main_analysis:194 - INFO - Process frame 25
2025-03-25T04:42:24.500064340Z 2025-03-25 04:42:24,499 - [MainProcess:65] mummi_ras.online.cg.cganalysis:processFrame:519 - INFO - Load 26 frames: current frame ID /tmp/workdir/traj_comp.xtc
2025-03-25T04:42:24.516373012Z 2025-03-25 04:42:24,516 - [MainProcess:65] mummi_ras.online.cg.cganalysis:processFrame:545 - INFO - Frame:    25, Time: 12500.000 ps, Bbox = [0, 180.95227, 0, 180.95227]
2025-03-25T04:42:24.516663816Z 2025-03-25 04:42:24,516 - [MainProcess:65] mummi_ras.online.cg.cganalysis:processFrame:549 - INFO - Lengths of layers: 668 23 494
2025-03-25T04:42:24.608005643Z 2025-03-25 04:42:24,607 - [MainProcess:65] mummi_ras.online.cg.cganalysis:processFrame:730 - INFO - Time for analysis - frameNum 25, time 0.10785675048828125 s
2025-03-25T04:42:52.753357945Z 2025-03-25 04:42:52,753 - [MainProcess:65] mummi_ras.online.simulation:get_new_frames:376 - INFO - Getting all frame numbers in trajectory from 26 to 26.
2025-03-25T04:42:52.753666374Z 2025-03-25 04:42:52,753 - [MainProcess:65] mummi_ras.online.cg.cganalysis:run_main_analysis:194 - INFO - Process frame 26
2025-03-25T04:42:52.753966759Z 2025-03-25 04:42:52,753 - [MainProcess:65] mummi_ras.online.cg.cganalysis:processFrame:519 - INFO - Load 27 frames: current frame ID /tmp/workdir/traj_comp.xtc
2025-03-25T04:42:52.770029780Z 2025-03-25 04:42:52,769 - [MainProcess:65] mummi_ras.online.cg.cganalysis:processFrame:545 - INFO - Frame:    26, Time: 13000.000 ps, Bbox = [0, 182.20935, 0, 182.20935]
2025-03-25T04:42:52.770363752Z 2025-03-25 04:42:52,770 - [MainProcess:65] mummi_ras.online.cg.cganalysis:processFrame:549 - INFO - Lengths of layers: 667 28 490
2025-03-25T04:42:52.854067192Z 2025-03-25 04:42:52,853 - [MainProcess:65] mummi_ras.online.cg.cganalysis:processFrame:730 - INFO - Time for analysis - frameNum 26, time 0.10005760192871094 s
2025-03-25T04:43:20.982755807Z 2025-03-25 04:43:20,982 - [MainProcess:65] mummi_ras.online.simulation:get_new_frames:376 - INFO - Getting all frame numbers in trajectory from 27 to 27.
2025-03-25T04:43:20.983106367Z 2025-03-25 04:43:20,982 - [MainProcess:65] mummi_ras.online.cg.cganalysis:run_main_analysis:194 - INFO - Process frame 27
2025-03-25T04:43:20.983394438Z 2025-03-25 04:43:20,983 - [MainProcess:65] mummi_ras.online.cg.cganalysis:processFrame:519 - INFO - Load 28 frames: current frame ID /tmp/workdir/traj_comp.xtc
2025-03-25T04:43:21.000010568Z 2025-03-25 04:43:20,999 - [MainProcess:65] mummi_ras.online.cg.cganalysis:processFrame:545 - INFO - Frame:    27, Time: 13500.000 ps, Bbox = [0, 180.45941, 0, 180.45941]
2025-03-25T04:43:21.000306595Z 2025-03-25 04:43:21,000 - [MainProcess:65] mummi_ras.online.cg.cganalysis:processFrame:549 - INFO - Lengths of layers: 669 26 490
2025-03-25T04:43:21.086930260Z 2025-03-25 04:43:21,086 - [MainProcess:65] mummi_ras.online.cg.cganalysis:processFrame:730 - INFO - Time for analysis - frameNum 27, time 0.10350227355957031 s
2025-03-25T04:43:51.228147275Z 2025-03-25 04:43:51,227 - [MainProcess:65] mummi_ras.online.simulation:get_new_frames:376 - INFO - Getting all frame numbers in trajectory from 28 to 28.
2025-03-25T04:43:51.228184830Z 2025-03-25 04:43:51,228 - [MainProcess:65] mummi_ras.online.cg.cganalysis:run_main_analysis:194 - INFO - Process frame 28
2025-03-25T04:43:51.228336812Z 2025-03-25 04:43:51,228 - [MainProcess:65] mummi_ras.online.cg.cganalysis:processFrame:519 - INFO - Load 29 frames: current frame ID /tmp/workdir/traj_comp.xtc
2025-03-25T04:43:51.251686309Z 2025-03-25 04:43:51,251 - [MainProcess:65] mummi_ras.online.cg.cganalysis:processFrame:545 - INFO - Frame:    28, Time: 14000.000 ps, Bbox = [0, 179.86594, 0, 179.86594]
2025-03-25T04:43:51.251978327Z 2025-03-25 04:43:51,251 - [MainProcess:65] mummi_ras.online.cg.cganalysis:processFrame:549 - INFO - Lengths of layers: 669 26 490
2025-03-25T04:43:51.328198665Z 2025-03-25 04:43:51,328 - [MainProcess:65] mummi_ras.online.cg.cganalysis:processFrame:730 - INFO - Time for analysis - frameNum 28, time 0.09983301162719727 s
2025-03-25T04:44:19.462305740Z 2025-03-25 04:44:19,462 - [MainProcess:65] mummi_ras.online.simulation:get_new_frames:376 - INFO - Getting all frame numbers in trajectory from 29 to 29.
2025-03-25T04:44:19.462673692Z 2025-03-25 04:44:19,462 - [MainProcess:65] mummi_ras.online.cg.cganalysis:run_main_analysis:194 - INFO - Process frame 29
2025-03-25T04:44:19.462936968Z 2025-03-25 04:44:19,462 - [MainProcess:65] mummi_ras.online.cg.cganalysis:processFrame:519 - INFO - Load 30 frames: current frame ID /tmp/workdir/traj_comp.xtc
2025-03-25T04:44:19.479492634Z 2025-03-25 04:44:19,479 - [MainProcess:65] mummi_ras.online.cg.cganalysis:processFrame:545 - INFO - Frame:    29, Time: 14500.000 ps, Bbox = [0, 181.08458, 0, 181.08458]
2025-03-25T04:44:19.479772276Z 2025-03-25 04:44:19,479 - [MainProcess:65] mummi_ras.online.cg.cganalysis:processFrame:549 - INFO - Lengths of layers: 673 20 492
2025-03-25T04:44:19.565406638Z 2025-03-25 04:44:19,565 - [MainProcess:65] mummi_ras.online.cg.cganalysis:processFrame:730 - INFO - Time for analysis - frameNum 29, time 0.10233664512634277 s
2025-03-25T04:44:19.566170325Z 2025-03-25 04:44:19,566 - [MainProcess:65] mummi_ras.online.cg.cganalysis:processOutput:93 - INFO - Add feedback for frameNum 20 - state []
2025-03-25T04:44:19.566279417Z 2025-03-25 04:44:19,566 - [MainProcess:65] mummi_ras.online.cg.cganalysis:processOutput:93 - INFO - Add feedback for frameNum 21 - state []
2025-03-25T04:44:19.566496693Z 2025-03-25 04:44:19,566 - [MainProcess:65] mummi_ras.online.cg.cganalysis:processOutput:93 - INFO - Add feedback for frameNum 22 - state []
2025-03-25T04:44:19.566775882Z 2025-03-25 04:44:19,566 - [MainProcess:65] mummi_ras.online.cg.cganalysis:processOutput:93 - INFO - Add feedback for frameNum 23 - state []
2025-03-25T04:44:19.567029401Z 2025-03-25 04:44:19,566 - [MainProcess:65] mummi_ras.online.cg.cganalysis:processOutput:93 - INFO - Add feedback for frameNum 24 - state []
2025-03-25T04:44:19.567288000Z 2025-03-25 04:44:19,567 - [MainProcess:65] mummi_ras.online.cg.cganalysis:processOutput:93 - INFO - Add feedback for frameNum 25 - state []
2025-03-25T04:44:19.567538487Z 2025-03-25 04:44:19,567 - [MainProcess:65] mummi_ras.online.cg.cganalysis:processOutput:93 - INFO - Add feedback for frameNum 26 - state []
2025-03-25T04:44:19.567797742Z 2025-03-25 04:44:19,567 - [MainProcess:65] mummi_ras.online.cg.cganalysis:processOutput:93 - INFO - Add feedback for frameNum 27 - state []
2025-03-25T04:44:19.568061854Z 2025-03-25 04:44:19,567 - [MainProcess:65] mummi_ras.online.cg.cganalysis:processOutput:93 - INFO - Add feedback for frameNum 28 - state []
2025-03-25T04:44:19.568343736Z 2025-03-25 04:44:19,568 - [MainProcess:65] mummi_ras.online.cg.cganalysis:processOutput:93 - INFO - Add feedback for frameNum 29 - state []
2025-03-25T04:44:19.576249816Z 2025-03-25 04:44:19,576 - [MainProcess:65] mummi_core.interfaces.simple:_save_files:91 - INFO - Wrote 10 files to (/opt/clones/mummi-ras/feedback-cg2ml/018)
2025-03-25T04:44:19.576538343Z 2025-03-25 04:44:19,576 - [MainProcess:65] mummi_ras.feedback.feedback_manager_cg2ml:report:118 - INFO - Added 10 frames (from structure_012048918) to feedback (/opt/clones/mummi-ras/feedback-cg2ml)
2025-03-25T04:44:19.576787701Z 2025-03-25 04:44:19,576 - [MainProcess:65] mummi_ras.online.cg.cganalysis:processOutput:113 - INFO - processOutput: 29
2025-03-25T04:44:19.720958812Z 2025-03-25 04:44:19,720 - [MainProcess:65] mummi_ras.interfaces.mummi:save_analysis_data:254 - INFO - Saved all analysis data for frames [20, 21, 22, 23, 24, 25, 26, 27, 28, 29]
2025-03-25T04:44:19.721277133Z 2025-03-25 04:44:19,721 - [MainProcess:65] mummi_ras.online.cg.cganalysis:copyRemoteLogs:326 - INFO - Copy over log files
2025-03-25T04:44:19.750649566Z cp: cannot stat '/tmp/workdir/cg_analysis.out': No such file or directory
2025-03-25T04:44:19.752008133Z 2025-03-25 04:44:19,751 - [MainProcess:65] mummi_core.utils.utilities:sys_call:184 - INFO - Run command: cp -r  /tmp/workdir/cg_analysis.out /tmp/workdir/*.log /tmp/out/ || true
2025-03-25T04:44:19.752345993Z 2025-03-25 04:44:19,752 - [MainProcess:65] mummi_ras.online.cg.cganalysis:copyRemoteLogs:338 - INFO - copyRemoteLogs =  /tmp/workdir/cg_analysis.out /tmp/workdir/*.log
2025-03-25T04:44:19.752592929Z 2025-03-25 04:44:19,752 - [MainProcess:65] mummi_ras.online.cg.cganalysis:cleanupLocal:348 - WARNING - Copy cleanup local only works for ddcMD files
2025-03-25T04:44:49.898578639Z 2025-03-25 04:44:49,898 - [MainProcess:65] mummi_ras.online.simulation:get_new_frames:376 - INFO - Getting all frame numbers in trajectory from 30 to 30.
2025-03-25T04:44:49.898917988Z 2025-03-25 04:44:49,898 - [MainProcess:65] mummi_ras.online.cg.cganalysis:run_main_analysis:194 - INFO - Process frame 30
2025-03-25T04:44:49.899211941Z 2025-03-25 04:44:49,899 - [MainProcess:65] mummi_ras.online.cg.cganalysis:processFrame:519 - INFO - Load 31 frames: current frame ID /tmp/workdir/traj_comp.xtc
2025-03-25T04:44:49.915515092Z 2025-03-25 04:44:49,915 - [MainProcess:65] mummi_ras.online.cg.cganalysis:processFrame:545 - INFO - Frame:    30, Time: 15000.000 ps, Bbox = [0, 180.32544, 0, 180.32544]
2025-03-25T04:44:49.915811874Z 2025-03-25 04:44:49,915 - [MainProcess:65] mummi_ras.online.cg.cganalysis:processFrame:549 - INFO - Lengths of layers: 671 29 485
2025-03-25T04:44:50.000573628Z 2025-03-25 04:44:50,000 - [MainProcess:65] mummi_ras.online.cg.cganalysis:processFrame:730 - INFO - Time for analysis - frameNum 30, time 0.10134673118591309 s
2025-03-25T04:45:18.116391638Z 2025-03-25 04:45:18,116 - [MainProcess:65] mummi_ras.online.simulation:get_new_frames:376 - INFO - Getting all frame numbers in trajectory from 31 to 31.
2025-03-25T04:45:18.116493589Z 2025-03-25 04:45:18,116 - [MainProcess:65] mummi_ras.online.cg.cganalysis:run_main_analysis:194 - INFO - Process frame 31
2025-03-25T04:45:18.116548152Z 2025-03-25 04:45:18,116 - [MainProcess:65] mummi_ras.online.cg.cganalysis:processFrame:519 - INFO - Load 32 frames: current frame ID /tmp/workdir/traj_comp.xtc
2025-03-25T04:45:18.141227816Z 2025-03-25 04:45:18,141 - [MainProcess:65] mummi_ras.online.cg.cganalysis:processFrame:545 - INFO - Frame:    31, Time: 15500.000 ps, Bbox = [0, 180.09505, 0, 180.09505]
2025-03-25T04:45:18.141515195Z 2025-03-25 04:45:18,141 - [MainProcess:65] mummi_ras.online.cg.cganalysis:processFrame:549 - INFO - Lengths of layers: 667 33 485
2025-03-25T04:45:18.220709836Z 2025-03-25 04:45:18,220 - [MainProcess:65] mummi_ras.online.cg.cganalysis:processFrame:730 - INFO - Time for analysis - frameNum 31, time 0.10409355163574219 s
2025-03-25T04:45:46.339227245Z 2025-03-25 04:45:46,338 - [MainProcess:65] mummi_ras.online.simulation:get_new_frames:376 - INFO - Getting all frame numbers in trajectory from 32 to 32.
2025-03-25T04:45:46.339262986Z 2025-03-25 04:45:46,339 - [MainProcess:65] mummi_ras.online.cg.cganalysis:run_main_analysis:194 - INFO - Process frame 32
2025-03-25T04:45:46.339420668Z 2025-03-25 04:45:46,339 - [MainProcess:65] mummi_ras.online.cg.cganalysis:processFrame:519 - INFO - Load 33 frames: current frame ID /tmp/workdir/traj_comp.xtc
2025-03-25T04:45:46.355915263Z 2025-03-25 04:45:46,355 - [MainProcess:65] mummi_ras.online.cg.cganalysis:processFrame:545 - INFO - Frame:    32, Time: 16000.000 ps, Bbox = [0, 179.96103, 0, 179.96103]
2025-03-25T04:45:46.356249809Z 2025-03-25 04:45:46,356 - [MainProcess:65] mummi_ras.online.cg.cganalysis:processFrame:549 - INFO - Lengths of layers: 668 33 484
2025-03-25T04:45:46.439780814Z 2025-03-25 04:45:46,439 - [MainProcess:65] mummi_ras.online.cg.cganalysis:processFrame:730 - INFO - Time for analysis - frameNum 32, time 0.10025310516357422 s
2025-03-25T04:46:16.562029214Z 2025-03-25 04:46:16,561 - [MainProcess:65] mummi_ras.online.simulation:get_new_frames:376 - INFO - Getting all frame numbers in trajectory from 33 to 33.
2025-03-25T04:46:16.562396659Z 2025-03-25 04:46:16,562 - [MainProcess:65] mummi_ras.online.cg.cganalysis:run_main_analysis:194 - INFO - Process frame 33
2025-03-25T04:46:16.562666664Z 2025-03-25 04:46:16,562 - [MainProcess:65] mummi_ras.online.cg.cganalysis:processFrame:519 - INFO - Load 34 frames: current frame ID /tmp/workdir/traj_comp.xtc
2025-03-25T04:46:16.579101810Z 2025-03-25 04:46:16,578 - [MainProcess:65] mummi_ras.online.cg.cganalysis:processFrame:545 - INFO - Frame:    33, Time: 16500.000 ps, Bbox = [0, 180.84802, 0, 180.84802]
2025-03-25T04:46:16.579382571Z 2025-03-25 04:46:16,579 - [MainProcess:65] mummi_ras.online.cg.cganalysis:processFrame:549 - INFO - Lengths of layers: 670 27 488
2025-03-25T04:46:16.659965663Z 2025-03-25 04:46:16,659 - [MainProcess:65] mummi_ras.online.cg.cganalysis:processFrame:730 - INFO - Time for analysis - frameNum 33, time 0.09725618362426758 s
2025-03-25T04:46:44.789845730Z 2025-03-25 04:46:44,789 - [MainProcess:65] mummi_ras.online.simulation:get_new_frames:376 - INFO - Getting all frame numbers in trajectory from 34 to 34.
2025-03-25T04:46:44.790193291Z 2025-03-25 04:46:44,790 - [MainProcess:65] mummi_ras.online.cg.cganalysis:run_main_analysis:194 - INFO - Process frame 34
2025-03-25T04:46:44.790507224Z 2025-03-25 04:46:44,790 - [MainProcess:65] mummi_ras.online.cg.cganalysis:processFrame:519 - INFO - Load 35 frames: current frame ID /tmp/workdir/traj_comp.xtc
2025-03-25T04:46:44.806517086Z 2025-03-25 04:46:44,806 - [MainProcess:65] mummi_ras.online.cg.cganalysis:processFrame:545 - INFO - Frame:    34, Time: 17000.000 ps, Bbox = [0, 180.48224, 0, 180.48224]
2025-03-25T04:46:44.806797290Z 2025-03-25 04:46:44,806 - [MainProcess:65] mummi_ras.online.cg.cganalysis:processFrame:549 - INFO - Lengths of layers: 670 27 488
2025-03-25T04:46:44.903048397Z 2025-03-25 04:46:44,902 - [MainProcess:65] mummi_ras.online.cg.cganalysis:processFrame:730 - INFO - Time for analysis - frameNum 34, time 0.11250853538513184 s
2025-03-25T04:47:13.019814753Z 2025-03-25 04:47:13,019 - [MainProcess:65] mummi_ras.online.simulation:get_new_frames:376 - INFO - Getting all frame numbers in trajectory from 35 to 35.
2025-03-25T04:47:13.020159165Z 2025-03-25 04:47:13,020 - [MainProcess:65] mummi_ras.online.cg.cganalysis:run_main_analysis:194 - INFO - Process frame 35
2025-03-25T04:47:13.020418471Z 2025-03-25 04:47:13,020 - [MainProcess:65] mummi_ras.online.cg.cganalysis:processFrame:519 - INFO - Load 36 frames: current frame ID /tmp/workdir/traj_comp.xtc
2025-03-25T04:47:13.048929520Z 2025-03-25 04:47:13,048 - [MainProcess:65] mummi_ras.online.cg.cganalysis:processFrame:545 - INFO - Frame:    35, Time: 17500.000 ps, Bbox = [0, 180.14366, 0, 180.14366]
2025-03-25T04:47:13.049208572Z 2025-03-25 04:47:13,049 - [MainProcess:65] mummi_ras.online.cg.cganalysis:processFrame:549 - INFO - Lengths of layers: 669 34 482
2025-03-25T04:47:13.127634926Z 2025-03-25 04:47:13,127 - [MainProcess:65] mummi_ras.online.cg.cganalysis:processFrame:730 - INFO - Time for analysis - frameNum 35, time 0.10717439651489258 s
2025-03-25T04:47:43.282549083Z 2025-03-25 04:47:43,282 - [MainProcess:65] mummi_ras.online.simulation:get_new_frames:376 - INFO - Getting all frame numbers in trajectory from 36 to 36.
2025-03-25T04:47:43.282854012Z 2025-03-25 04:47:43,282 - [MainProcess:65] mummi_ras.online.cg.cganalysis:run_main_analysis:194 - INFO - Process frame 36
2025-03-25T04:47:43.283123944Z 2025-03-25 04:47:43,283 - [MainProcess:65] mummi_ras.online.cg.cganalysis:processFrame:519 - INFO - Load 37 frames: current frame ID /tmp/workdir/traj_comp.xtc
2025-03-25T04:47:43.299525710Z 2025-03-25 04:47:43,299 - [MainProcess:65] mummi_ras.online.cg.cganalysis:processFrame:545 - INFO - Frame:    36, Time: 18000.000 ps, Bbox = [0, 180.78477, 0, 180.78477]
2025-03-25T04:47:43.299815354Z 2025-03-25 04:47:43,299 - [MainProcess:65] mummi_ras.online.cg.cganalysis:processFrame:549 - INFO - Lengths of layers: 668 36 481
2025-03-25T04:47:43.383497672Z 2025-03-25 04:47:43,383 - [MainProcess:65] mummi_ras.online.cg.cganalysis:processFrame:730 - INFO - Time for analysis - frameNum 36, time 0.10032176971435547 s
2025-03-25T04:48:13.512789632Z 2025-03-25 04:48:13,512 - [MainProcess:65] mummi_ras.online.simulation:get_new_frames:376 - INFO - Getting all frame numbers in trajectory from 37 to 37.
2025-03-25T04:48:13.513131914Z 2025-03-25 04:48:13,512 - [MainProcess:65] mummi_ras.online.cg.cganalysis:run_main_analysis:194 - INFO - Process frame 37
2025-03-25T04:48:13.513409820Z 2025-03-25 04:48:13,513 - [MainProcess:65] mummi_ras.online.cg.cganalysis:processFrame:519 - INFO - Load 38 frames: current frame ID /tmp/workdir/traj_comp.xtc
2025-03-25T04:48:13.526932743Z 2025-03-25 04:48:13,526 - [MainProcess:65] mummi_ras.online.cg.cganalysis:processFrame:545 - INFO - Frame:    37, Time: 18500.000 ps, Bbox = [0, 181.15768, 0, 181.15768]
2025-03-25T04:48:13.526966917Z 2025-03-25 04:48:13,526 - [MainProcess:65] mummi_ras.online.cg.cganalysis:processFrame:549 - INFO - Lengths of layers: 668 41 476
2025-03-25T04:48:13.597167758Z 2025-03-25 04:48:13,596 - [MainProcess:65] mummi_ras.online.cg.cganalysis:processFrame:730 - INFO - Time for analysis - frameNum 37, time 0.08370494842529297 s
2025-03-25T04:48:41.720632723Z 2025-03-25 04:48:41,720 - [MainProcess:65] mummi_ras.online.simulation:get_new_frames:376 - INFO - Getting all frame numbers in trajectory from 38 to 38.
2025-03-25T04:48:41.720681983Z 2025-03-25 04:48:41,720 - [MainProcess:65] mummi_ras.online.cg.cganalysis:run_main_analysis:194 - INFO - Process frame 38
2025-03-25T04:48:41.720832444Z 2025-03-25 04:48:41,720 - [MainProcess:65] mummi_ras.online.cg.cganalysis:processFrame:519 - INFO - Load 39 frames: current frame ID /tmp/workdir/traj_comp.xtc
2025-03-25T04:48:41.748921321Z 2025-03-25 04:48:41,748 - [MainProcess:65] mummi_ras.online.cg.cganalysis:processFrame:545 - INFO - Frame:    38, Time: 19000.000 ps, Bbox = [0, 180.25555, 0, 180.25555]
2025-03-25T04:48:41.749204342Z 2025-03-25 04:48:41,749 - [MainProcess:65] mummi_ras.online.cg.cganalysis:processFrame:549 - INFO - Lengths of layers: 667 43 475
2025-03-25T04:48:41.840037801Z 2025-03-25 04:48:41,839 - [MainProcess:65] mummi_ras.online.cg.cganalysis:processFrame:730 - INFO - Time for analysis - frameNum 38, time 0.11916661262512207 s
2025-03-25T04:49:09.958604478Z 2025-03-25 04:49:09,958 - [MainProcess:65] mummi_ras.online.simulation:get_new_frames:376 - INFO - Getting all frame numbers in trajectory from 39 to 39.
2025-03-25T04:49:09.959014015Z 2025-03-25 04:49:09,958 - [MainProcess:65] mummi_ras.online.cg.cganalysis:run_main_analysis:194 - INFO - Process frame 39
2025-03-25T04:49:09.959299160Z 2025-03-25 04:49:09,959 - [MainProcess:65] mummi_ras.online.cg.cganalysis:processFrame:519 - INFO - Load 40 frames: current frame ID /tmp/workdir/traj_comp.xtc
2025-03-25T04:49:09.975957879Z 2025-03-25 04:49:09,975 - [MainProcess:65] mummi_ras.online.cg.cganalysis:processFrame:545 - INFO - Frame:    39, Time: 19500.000 ps, Bbox = [0, 180.5342, 0, 180.5342]
2025-03-25T04:49:09.976264488Z 2025-03-25 04:49:09,976 - [MainProcess:65] mummi_ras.online.cg.cganalysis:processFrame:549 - INFO - Lengths of layers: 672 42 471
2025-03-25T04:49:10.063189634Z 2025-03-25 04:49:10,062 - [MainProcess:65] mummi_ras.online.cg.cganalysis:processFrame:730 - INFO - Time for analysis - frameNum 39, time 0.10374140739440918 s
2025-03-25T04:49:10.063976178Z 2025-03-25 04:49:10,063 - [MainProcess:65] mummi_ras.online.cg.cganalysis:processOutput:93 - INFO - Add feedback for frameNum 30 - state []
2025-03-25T04:49:10.064276135Z 2025-03-25 04:49:10,064 - [MainProcess:65] mummi_ras.online.cg.cganalysis:processOutput:93 - INFO - Add feedback for frameNum 31 - state []
2025-03-25T04:49:10.064544435Z 2025-03-25 04:49:10,064 - [MainProcess:65] mummi_ras.online.cg.cganalysis:processOutput:93 - INFO - Add feedback for frameNum 32 - state []
2025-03-25T04:49:10.064814676Z 2025-03-25 04:49:10,064 - [MainProcess:65] mummi_ras.online.cg.cganalysis:processOutput:93 - INFO - Add feedback for frameNum 33 - state []
2025-03-25T04:49:10.064935288Z 2025-03-25 04:49:10,064 - [MainProcess:65] mummi_ras.online.cg.cganalysis:processOutput:93 - INFO - Add feedback for frameNum 34 - state []
2025-03-25T04:49:10.065152032Z 2025-03-25 04:49:10,064 - [MainProcess:65] mummi_ras.online.cg.cganalysis:processOutput:93 - INFO - Add feedback for frameNum 35 - state []
2025-03-25T04:49:10.065202226Z 2025-03-25 04:49:10,065 - [MainProcess:65] mummi_ras.online.cg.cganalysis:processOutput:93 - INFO - Add feedback for frameNum 36 - state []
2025-03-25T04:49:10.065408506Z 2025-03-25 04:49:10,065 - [MainProcess:65] mummi_ras.online.cg.cganalysis:processOutput:93 - INFO - Add feedback for frameNum 37 - state []
2025-03-25T04:49:10.065548570Z 2025-03-25 04:49:10,065 - [MainProcess:65] mummi_ras.online.cg.cganalysis:processOutput:93 - INFO - Add feedback for frameNum 38 - state []
2025-03-25T04:49:10.065710995Z 2025-03-25 04:49:10,065 - [MainProcess:65] mummi_ras.online.cg.cganalysis:processOutput:93 - INFO - Add feedback for frameNum 39 - state []
2025-03-25T04:49:10.073775111Z 2025-03-25 04:49:10,073 - [MainProcess:65] mummi_core.interfaces.simple:_save_files:91 - INFO - Wrote 10 files to (/opt/clones/mummi-ras/feedback-cg2ml/018)
2025-03-25T04:49:10.073963075Z 2025-03-25 04:49:10,073 - [MainProcess:65] mummi_ras.feedback.feedback_manager_cg2ml:report:118 - INFO - Added 10 frames (from structure_012048918) to feedback (/opt/clones/mummi-ras/feedback-cg2ml)
2025-03-25T04:49:10.074141997Z 2025-03-25 04:49:10,074 - [MainProcess:65] mummi_ras.online.cg.cganalysis:processOutput:113 - INFO - processOutput: 39
2025-03-25T04:49:10.223029927Z 2025-03-25 04:49:10,222 - [MainProcess:65] mummi_ras.interfaces.mummi:save_analysis_data:254 - INFO - Saved all analysis data for frames [30, 31, 32, 33, 34, 35, 36, 37, 38, 39]
2025-03-25T04:49:10.223383106Z 2025-03-25 04:49:10,223 - [MainProcess:65] mummi_ras.online.cg.cganalysis:copyRemoteLogs:326 - INFO - Copy over log files
2025-03-25T04:49:10.260661749Z cp: cannot stat '/tmp/workdir/cg_analysis.out': No such file or directory
2025-03-25T04:49:10.262190784Z 2025-03-25 04:49:10,262 - [MainProcess:65] mummi_core.utils.utilities:sys_call:184 - INFO - Run command: cp -r  /tmp/workdir/cg_analysis.out /tmp/workdir/*.log /tmp/out/ || true
2025-03-25T04:49:10.262306101Z 2025-03-25 04:49:10,262 - [MainProcess:65] mummi_ras.online.cg.cganalysis:copyRemoteLogs:338 - INFO - copyRemoteLogs =  /tmp/workdir/cg_analysis.out /tmp/workdir/*.log
2025-03-25T04:49:10.262476504Z 2025-03-25 04:49:10,262 - [MainProcess:65] mummi_ras.online.cg.cganalysis:cleanupLocal:348 - WARNING - Copy cleanup local only works for ddcMD files
2025-03-25T04:49:40.393362164Z 2025-03-25 04:49:40,393 - [MainProcess:65] mummi_ras.online.simulation:get_new_frames:376 - INFO - Getting all frame numbers in trajectory from 40 to 40.
2025-03-25T04:49:40.393738903Z 2025-03-25 04:49:40,393 - [MainProcess:65] mummi_ras.online.cg.cganalysis:run_main_analysis:194 - INFO - Process frame 40
2025-03-25T04:49:40.394022948Z 2025-03-25 04:49:40,393 - [MainProcess:65] mummi_ras.online.cg.cganalysis:processFrame:519 - INFO - Load 41 frames: current frame ID /tmp/workdir/traj_comp.xtc
2025-03-25T04:49:40.410854474Z 2025-03-25 04:49:40,410 - [MainProcess:65] mummi_ras.online.cg.cganalysis:processFrame:545 - INFO - Frame:    40, Time: 20000.000 ps, Bbox = [0, 180.1784, 0, 180.1784]
2025-03-25T04:49:40.411210880Z 2025-03-25 04:49:40,411 - [MainProcess:65] mummi_ras.online.cg.cganalysis:processFrame:549 - INFO - Lengths of layers: 671 32 482
2025-03-25T04:49:40.499849143Z 2025-03-25 04:49:40,499 - [MainProcess:65] mummi_ras.online.cg.cganalysis:processFrame:730 - INFO - Time for analysis - frameNum 40, time 0.10567688941955566 s
2025-03-25T04:50:10.640856756Z 2025-03-25 04:50:10,639 - [MainProcess:65] mummi_ras.online.simulation:get_new_frames:376 - INFO - Getting all frame numbers in trajectory from 41 to 41.
2025-03-25T04:50:10.640879150Z 2025-03-25 04:50:10,639 - [MainProcess:65] mummi_ras.online.cg.cganalysis:run_main_analysis:194 - INFO - Process frame 41
2025-03-25T04:50:10.640884925Z 2025-03-25 04:50:10,640 - [MainProcess:65] mummi_ras.online.cg.cganalysis:processFrame:519 - INFO - Load 42 frames: current frame ID /tmp/workdir/traj_comp.xtc
2025-03-25T04:50:10.658694232Z 2025-03-25 04:50:10,658 - [MainProcess:65] mummi_ras.online.cg.cganalysis:processFrame:545 - INFO - Frame:    41, Time: 20500.000 ps, Bbox = [0, 180.99713, 0, 180.99713]
2025-03-25T04:50:10.658988095Z 2025-03-25 04:50:10,658 - [MainProcess:65] mummi_ras.online.cg.cganalysis:processFrame:549 - INFO - Lengths of layers: 673 31 481
2025-03-25T04:50:10.745515909Z 2025-03-25 04:50:10,745 - [MainProcess:65] mummi_ras.online.cg.cganalysis:processFrame:730 - INFO - Time for analysis - frameNum 41, time 0.10529255867004395 s
2025-03-25T04:50:38.875996271Z 2025-03-25 04:50:38,875 - [MainProcess:65] mummi_ras.online.simulation:get_new_frames:376 - INFO - Getting all frame numbers in trajectory from 42 to 42.
2025-03-25T04:50:38.876376739Z 2025-03-25 04:50:38,876 - [MainProcess:65] mummi_ras.online.cg.cganalysis:run_main_analysis:194 - INFO - Process frame 42
2025-03-25T04:50:38.876697207Z 2025-03-25 04:50:38,876 - [MainProcess:65] mummi_ras.online.cg.cganalysis:processFrame:519 - INFO - Load 43 frames: current frame ID /tmp/workdir/traj_comp.xtc
2025-03-25T04:50:38.899072214Z 2025-03-25 04:50:38,898 - [MainProcess:65] mummi_ras.online.cg.cganalysis:processFrame:545 - INFO - Frame:    42, Time: 21000.000 ps, Bbox = [0, 181.55464, 0, 181.55464]
2025-03-25T04:50:38.899355537Z 2025-03-25 04:50:38,899 - [MainProcess:65] mummi_ras.online.cg.cganalysis:processFrame:549 - INFO - Lengths of layers: 674 29 482
2025-03-25T04:50:38.977733259Z 2025-03-25 04:50:38,977 - [MainProcess:65] mummi_ras.online.cg.cganalysis:processFrame:730 - INFO - Time for analysis - frameNum 42, time 0.1010277271270752 s
2025-03-25T04:51:09.113646706Z 2025-03-25 04:51:09,113 - [MainProcess:65] mummi_ras.online.simulation:get_new_frames:376 - INFO - Getting all frame numbers in trajectory from 43 to 43.
2025-03-25T04:51:09.113968057Z 2025-03-25 04:51:09,113 - [MainProcess:65] mummi_ras.online.cg.cganalysis:run_main_analysis:194 - INFO - Process frame 43
2025-03-25T04:51:09.114236704Z 2025-03-25 04:51:09,114 - [MainProcess:65] mummi_ras.online.cg.cganalysis:processFrame:519 - INFO - Load 44 frames: current frame ID /tmp/workdir/traj_comp.xtc
2025-03-25T04:51:09.128775700Z 2025-03-25 04:51:09,128 - [MainProcess:65] mummi_ras.online.cg.cganalysis:processFrame:545 - INFO - Frame:    43, Time: 21500.000 ps, Bbox = [0, 181.21866, 0, 181.21866]
2025-03-25T04:51:09.128866614Z 2025-03-25 04:51:09,128 - [MainProcess:65] mummi_ras.online.cg.cganalysis:processFrame:549 - INFO - Lengths of layers: 672 28 485
2025-03-25T04:51:09.214501841Z 2025-03-25 04:51:09,214 - [MainProcess:65] mummi_ras.online.cg.cganalysis:processFrame:730 - INFO - Time for analysis - frameNum 43, time 0.10016202926635742 s
2025-03-25T04:51:37.339842894Z 2025-03-25 04:51:37,339 - [MainProcess:65] mummi_ras.online.simulation:get_new_frames:376 - INFO - Getting all frame numbers in trajectory from 44 to 44.
2025-03-25T04:51:37.339874439Z 2025-03-25 04:51:37,339 - [MainProcess:65] mummi_ras.online.cg.cganalysis:run_main_analysis:194 - INFO - Process frame 44
2025-03-25T04:51:37.340046755Z 2025-03-25 04:51:37,339 - [MainProcess:65] mummi_ras.online.cg.cganalysis:processFrame:519 - INFO - Load 45 frames: current frame ID /tmp/workdir/traj_comp.xtc
2025-03-25T04:51:37.356127968Z 2025-03-25 04:51:37,355 - [MainProcess:65] mummi_ras.online.cg.cganalysis:processFrame:545 - INFO - Frame:    44, Time: 22000.000 ps, Bbox = [0, 181.22688, 0, 181.22688]
2025-03-25T04:51:37.356412174Z 2025-03-25 04:51:37,356 - [MainProcess:65] mummi_ras.online.cg.cganalysis:processFrame:549 - INFO - Lengths of layers: 673 27 485
2025-03-25T04:51:37.445327882Z 2025-03-25 04:51:37,445 - [MainProcess:65] mummi_ras.online.cg.cganalysis:processFrame:730 - INFO - Time for analysis - frameNum 44, time 0.10522294044494629 s
2025-03-25T04:52:05.574045190Z 2025-03-25 04:52:05,573 - [MainProcess:65] mummi_ras.online.simulation:get_new_frames:376 - INFO - Getting all frame numbers in trajectory from 45 to 45.
2025-03-25T04:52:05.574416126Z 2025-03-25 04:52:05,574 - [MainProcess:65] mummi_ras.online.cg.cganalysis:run_main_analysis:194 - INFO - Process frame 45
2025-03-25T04:52:05.574700309Z 2025-03-25 04:52:05,574 - [MainProcess:65] mummi_ras.online.cg.cganalysis:processFrame:519 - INFO - Load 46 frames: current frame ID /tmp/workdir/traj_comp.xtc
2025-03-25T04:52:05.590606280Z 2025-03-25 04:52:05,590 - [MainProcess:65] mummi_ras.online.cg.cganalysis:processFrame:545 - INFO - Frame:    45, Time: 22500.000 ps, Bbox = [0, 180.86887, 0, 180.86887]
2025-03-25T04:52:05.590893963Z 2025-03-25 04:52:05,590 - [MainProcess:65] mummi_ras.online.cg.cganalysis:processFrame:549 - INFO - Lengths of layers: 673 29 483
2025-03-25T04:52:05.675829282Z 2025-03-25 04:52:05,675 - [MainProcess:65] mummi_ras.online.cg.cganalysis:processFrame:730 - INFO - Time for analysis - frameNum 45, time 0.10100555419921875 s
2025-03-25T04:52:35.815384745Z 2025-03-25 04:52:35,815 - [MainProcess:65] mummi_ras.online.simulation:get_new_frames:376 - INFO - Getting all frame numbers in trajectory from 46 to 46.
2025-03-25T04:52:35.815737794Z 2025-03-25 04:52:35,815 - [MainProcess:65] mummi_ras.online.cg.cganalysis:run_main_analysis:194 - INFO - Process frame 46
2025-03-25T04:52:35.815999404Z 2025-03-25 04:52:35,815 - [MainProcess:65] mummi_ras.online.cg.cganalysis:processFrame:519 - INFO - Load 47 frames: current frame ID /tmp/workdir/traj_comp.xtc
2025-03-25T04:52:35.829039831Z 2025-03-25 04:52:35,828 - [MainProcess:65] mummi_ras.online.cg.cganalysis:processFrame:545 - INFO - Frame:    46, Time: 23000.000 ps, Bbox = [0, 180.80478, 0, 180.80478]
2025-03-25T04:52:35.829078461Z 2025-03-25 04:52:35,828 - [MainProcess:65] mummi_ras.online.cg.cganalysis:processFrame:549 - INFO - Lengths of layers: 670 33 482
2025-03-25T04:52:35.914755757Z 2025-03-25 04:52:35,914 - [MainProcess:65] mummi_ras.online.cg.cganalysis:processFrame:730 - INFO - Time for analysis - frameNum 46, time 0.09870338439941406 s
2025-03-25T04:53:04.049517308Z 2025-03-25 04:53:04,049 - [MainProcess:65] mummi_ras.online.simulation:get_new_frames:376 - INFO - Getting all frame numbers in trajectory from 47 to 47.
2025-03-25T04:53:04.049895575Z 2025-03-25 04:53:04,049 - [MainProcess:65] mummi_ras.online.cg.cganalysis:run_main_analysis:194 - INFO - Process frame 47
2025-03-25T04:53:04.050187582Z 2025-03-25 04:53:04,050 - [MainProcess:65] mummi_ras.online.cg.cganalysis:processFrame:519 - INFO - Load 48 frames: current frame ID /tmp/workdir/traj_comp.xtc
2025-03-25T04:53:04.066600658Z 2025-03-25 04:53:04,066 - [MainProcess:65] mummi_ras.online.cg.cganalysis:processFrame:545 - INFO - Frame:    47, Time: 23500.000 ps, Bbox = [0, 180.63452, 0, 180.63452]
2025-03-25T04:53:04.066911846Z 2025-03-25 04:53:04,066 - [MainProcess:65] mummi_ras.online.cg.cganalysis:processFrame:549 - INFO - Lengths of layers: 667 37 481
2025-03-25T04:53:04.159204393Z 2025-03-25 04:53:04,158 - [MainProcess:65] mummi_ras.online.cg.cganalysis:processFrame:730 - INFO - Time for analysis - frameNum 47, time 0.10892271995544434 s
2025-03-25T04:53:32.277070413Z 2025-03-25 04:53:32,276 - [MainProcess:65] mummi_ras.online.simulation:get_new_frames:376 - INFO - Getting all frame numbers in trajectory from 48 to 48.
2025-03-25T04:53:32.277415951Z 2025-03-25 04:53:32,277 - [MainProcess:65] mummi_ras.online.cg.cganalysis:run_main_analysis:194 - INFO - Process frame 48
2025-03-25T04:53:32.277696003Z 2025-03-25 04:53:32,277 - [MainProcess:65] mummi_ras.online.cg.cganalysis:processFrame:519 - INFO - Load 49 frames: current frame ID /tmp/workdir/traj_comp.xtc
2025-03-25T04:53:32.294103500Z 2025-03-25 04:53:32,293 - [MainProcess:65] mummi_ras.online.cg.cganalysis:processFrame:545 - INFO - Frame:    48, Time: 24000.000 ps, Bbox = [0, 181.0477, 0, 181.0477]
2025-03-25T04:53:32.294446480Z 2025-03-25 04:53:32,294 - [MainProcess:65] mummi_ras.online.cg.cganalysis:processFrame:549 - INFO - Lengths of layers: 668 33 484
2025-03-25T04:53:32.385523509Z 2025-03-25 04:53:32,385 - [MainProcess:65] mummi_ras.online.cg.cganalysis:processFrame:730 - INFO - Time for analysis - frameNum 48, time 0.10778403282165527 s
2025-03-25T04:54:02.511686681Z 2025-03-25 04:54:02,511 - [MainProcess:65] mummi_ras.online.simulation:get_new_frames:376 - INFO - Getting all frame numbers in trajectory from 49 to 49.
2025-03-25T04:54:02.512068735Z 2025-03-25 04:54:02,511 - [MainProcess:65] mummi_ras.online.cg.cganalysis:run_main_analysis:194 - INFO - Process frame 49
2025-03-25T04:54:02.512345427Z 2025-03-25 04:54:02,512 - [MainProcess:65] mummi_ras.online.cg.cganalysis:processFrame:519 - INFO - Load 50 frames: current frame ID /tmp/workdir/traj_comp.xtc
2025-03-25T04:54:02.540569288Z 2025-03-25 04:54:02,540 - [MainProcess:65] mummi_ras.online.cg.cganalysis:processFrame:545 - INFO - Frame:    49, Time: 24500.000 ps, Bbox = [0, 181.31912, 0, 181.31912]
2025-03-25T04:54:02.540859253Z 2025-03-25 04:54:02,540 - [MainProcess:65] mummi_ras.online.cg.cganalysis:processFrame:549 - INFO - Lengths of layers: 670 31 484
2025-03-25T04:54:02.621512799Z 2025-03-25 04:54:02,621 - [MainProcess:65] mummi_ras.online.cg.cganalysis:processFrame:730 - INFO - Time for analysis - frameNum 49, time 0.10910773277282715 s
2025-03-25T04:54:02.622232442Z 2025-03-25 04:54:02,622 - [MainProcess:65] mummi_ras.online.cg.cganalysis:processOutput:93 - INFO - Add feedback for frameNum 40 - state []
2025-03-25T04:54:02.622595309Z 2025-03-25 04:54:02,622 - [MainProcess:65] mummi_ras.online.cg.cganalysis:processOutput:93 - INFO - Add feedback for frameNum 41 - state []
2025-03-25T04:54:02.622879329Z 2025-03-25 04:54:02,622 - [MainProcess:65] mummi_ras.online.cg.cganalysis:processOutput:93 - INFO - Add feedback for frameNum 42 - state []
2025-03-25T04:54:02.623152385Z 2025-03-25 04:54:02,623 - [MainProcess:65] mummi_ras.online.cg.cganalysis:processOutput:93 - INFO - Add feedback for frameNum 43 - state []
2025-03-25T04:54:02.623412805Z 2025-03-25 04:54:02,623 - [MainProcess:65] mummi_ras.online.cg.cganalysis:processOutput:93 - INFO - Add feedback for frameNum 44 - state []
2025-03-25T04:54:02.623679904Z 2025-03-25 04:54:02,623 - [MainProcess:65] mummi_ras.online.cg.cganalysis:processOutput:93 - INFO - Add feedback for frameNum 45 - state []
2025-03-25T04:54:02.623939741Z 2025-03-25 04:54:02,623 - [MainProcess:65] mummi_ras.online.cg.cganalysis:processOutput:93 - INFO - Add feedback for frameNum 46 - state []
2025-03-25T04:54:02.624206841Z 2025-03-25 04:54:02,624 - [MainProcess:65] mummi_ras.online.cg.cganalysis:processOutput:93 - INFO - Add feedback for frameNum 47 - state []
2025-03-25T04:54:02.624464114Z 2025-03-25 04:54:02,624 - [MainProcess:65] mummi_ras.online.cg.cganalysis:processOutput:93 - INFO - Add feedback for frameNum 48 - state []
2025-03-25T04:54:02.624737205Z 2025-03-25 04:54:02,624 - [MainProcess:65] mummi_ras.online.cg.cganalysis:processOutput:93 - INFO - Add feedback for frameNum 49 - state []
2025-03-25T04:54:02.645061600Z 2025-03-25 04:54:02,644 - [MainProcess:65] mummi_core.interfaces.simple:_save_files:91 - INFO - Wrote 10 files to (/opt/clones/mummi-ras/feedback-cg2ml/018)
2025-03-25T04:54:02.645364940Z 2025-03-25 04:54:02,645 - [MainProcess:65] mummi_ras.feedback.feedback_manager_cg2ml:report:118 - INFO - Added 10 frames (from structure_012048918) to feedback (/opt/clones/mummi-ras/feedback-cg2ml)
2025-03-25T04:54:02.645632481Z 2025-03-25 04:54:02,645 - [MainProcess:65] mummi_ras.online.cg.cganalysis:processOutput:113 - INFO - processOutput: 49
2025-03-25T04:54:02.801815197Z 2025-03-25 04:54:02,801 - [MainProcess:65] mummi_ras.interfaces.mummi:save_analysis_data:254 - INFO - Saved all analysis data for frames [40, 41, 42, 43, 44, 45, 46, 47, 48, 49]
2025-03-25T04:54:02.801978052Z 2025-03-25 04:54:02,801 - [MainProcess:65] mummi_ras.online.cg.cganalysis:copyRemoteLogs:326 - INFO - Copy over log files
2025-03-25T04:54:02.816203145Z cp: cannot stat '/tmp/workdir/cg_analysis.out': No such file or directory
2025-03-25T04:54:02.817565978Z 2025-03-25 04:54:02,817 - [MainProcess:65] mummi_core.utils.utilities:sys_call:184 - INFO - Run command: cp -r  /tmp/workdir/cg_analysis.out /tmp/workdir/*.log /tmp/out/ || true
2025-03-25T04:54:02.817729517Z 2025-03-25 04:54:02,817 - [MainProcess:65] mummi_ras.online.cg.cganalysis:copyRemoteLogs:338 - INFO - copyRemoteLogs =  /tmp/workdir/cg_analysis.out /tmp/workdir/*.log
2025-03-25T04:54:02.817861398Z 2025-03-25 04:54:02,817 - [MainProcess:65] mummi_ras.online.cg.cganalysis:cleanupLocal:348 - WARNING - Copy cleanup local only works for ddcMD files
2025-03-25T04:54:30.951592707Z 2025-03-25 04:54:30,951 - [MainProcess:65] mummi_ras.online.simulation:get_new_frames:376 - INFO - Getting all frame numbers in trajectory from 50 to 50.
2025-03-25T04:54:30.951931203Z 2025-03-25 04:54:30,951 - [MainProcess:65] mummi_ras.online.cg.cganalysis:run_main_analysis:194 - INFO - Process frame 50
2025-03-25T04:54:30.952201481Z 2025-03-25 04:54:30,952 - [MainProcess:65] mummi_ras.online.cg.cganalysis:processFrame:519 - INFO - Load 51 frames: current frame ID /tmp/workdir/traj_comp.xtc
2025-03-25T04:54:30.968647410Z 2025-03-25 04:54:30,968 - [MainProcess:65] mummi_ras.online.cg.cganalysis:processFrame:545 - INFO - Frame:    50, Time: 25000.000 ps, Bbox = [0, 180.22513, 0, 180.22513]
2025-03-25T04:54:30.968940220Z 2025-03-25 04:54:30,968 - [MainProcess:65] mummi_ras.online.cg.cganalysis:processFrame:549 - INFO - Lengths of layers: 670 27 488
2025-03-25T04:54:31.051940161Z 2025-03-25 04:54:31,051 - [MainProcess:65] mummi_ras.online.cg.cganalysis:processFrame:730 - INFO - Time for analysis - frameNum 50, time 0.09969449043273926 s
2025-03-25T04:55:01.169778171Z 2025-03-25 04:55:01,169 - [MainProcess:65] mummi_ras.online.simulation:get_new_frames:376 - INFO - Getting all frame numbers in trajectory from 51 to 51.
2025-03-25T04:55:01.170132548Z 2025-03-25 04:55:01,169 - [MainProcess:65] mummi_ras.online.cg.cganalysis:run_main_analysis:194 - INFO - Process frame 51
2025-03-25T04:55:01.170461710Z 2025-03-25 04:55:01,170 - [MainProcess:65] mummi_ras.online.cg.cganalysis:processFrame:519 - INFO - Load 52 frames: current frame ID /tmp/workdir/traj_comp.xtc
2025-03-25T04:55:01.188549601Z 2025-03-25 04:55:01,188 - [MainProcess:65] mummi_ras.online.cg.cganalysis:processFrame:545 - INFO - Frame:    51, Time: 25500.000 ps, Bbox = [0, 180.07632, 0, 180.07632]
2025-03-25T04:55:01.188844498Z 2025-03-25 04:55:01,188 - [MainProcess:65] mummi_ras.online.cg.cganalysis:processFrame:549 - INFO - Lengths of layers: 672 27 486
2025-03-25T04:55:01.267197878Z 2025-03-25 04:55:01,267 - [MainProcess:65] mummi_ras.online.cg.cganalysis:processFrame:730 - INFO - Time for analysis - frameNum 51, time 0.0967245101928711 s
2025-03-25T04:55:29.392979018Z 2025-03-25 04:55:29,392 - [MainProcess:65] mummi_ras.online.simulation:get_new_frames:376 - INFO - Getting all frame numbers in trajectory from 52 to 52.
2025-03-25T04:55:29.393273985Z 2025-03-25 04:55:29,393 - [MainProcess:65] mummi_ras.online.cg.cganalysis:run_main_analysis:194 - INFO - Process frame 52
2025-03-25T04:55:29.393546995Z 2025-03-25 04:55:29,393 - [MainProcess:65] mummi_ras.online.cg.cganalysis:processFrame:519 - INFO - Load 53 frames: current frame ID /tmp/workdir/traj_comp.xtc
2025-03-25T04:55:29.410303026Z 2025-03-25 04:55:29,410 - [MainProcess:65] mummi_ras.online.cg.cganalysis:processFrame:545 - INFO - Frame:    52, Time: 26000.000 ps, Bbox = [0, 180.10664, 0, 180.10664]
2025-03-25T04:55:29.410408920Z 2025-03-25 04:55:29,410 - [MainProcess:65] mummi_ras.online.cg.cganalysis:processFrame:549 - INFO - Lengths of layers: 671 28 486
2025-03-25T04:55:29.494770907Z 2025-03-25 04:55:29,494 - [MainProcess:65] mummi_ras.online.cg.cganalysis:processFrame:730 - INFO - Time for analysis - frameNum 52, time 0.10113930702209473 s
2025-03-25T04:55:57.624357935Z 2025-03-25 04:55:57,624 - [MainProcess:65] mummi_ras.online.simulation:get_new_frames:376 - INFO - Getting all frame numbers in trajectory from 53 to 53.
2025-03-25T04:55:57.624396621Z 2025-03-25 04:55:57,624 - [MainProcess:65] mummi_ras.online.cg.cganalysis:run_main_analysis:194 - INFO - Process frame 53
2025-03-25T04:55:57.624547458Z 2025-03-25 04:55:57,624 - [MainProcess:65] mummi_ras.online.cg.cganalysis:processFrame:519 - INFO - Load 54 frames: current frame ID /tmp/workdir/traj_comp.xtc
2025-03-25T04:55:57.651469735Z 2025-03-25 04:55:57,651 - [MainProcess:65] mummi_ras.online.cg.cganalysis:processFrame:545 - INFO - Frame:    53, Time: 26500.000 ps, Bbox = [0, 179.20341, 0, 179.20341]
2025-03-25T04:55:57.651760573Z 2025-03-25 04:55:57,651 - [MainProcess:65] mummi_ras.online.cg.cganalysis:processFrame:549 - INFO - Lengths of layers: 671 27 487
2025-03-25T04:55:57.729811355Z 2025-03-25 04:55:57,729 - [MainProcess:65] mummi_ras.online.cg.cganalysis:processFrame:730 - INFO - Time for analysis - frameNum 53, time 0.10523176193237305 s
2025-03-25T04:56:27.872531287Z 2025-03-25 04:56:27,872 - [MainProcess:65] mummi_ras.online.simulation:get_new_frames:376 - INFO - Getting all frame numbers in trajectory from 54 to 54.
2025-03-25T04:56:27.872882406Z 2025-03-25 04:56:27,872 - [MainProcess:65] mummi_ras.online.cg.cganalysis:run_main_analysis:194 - INFO - Process frame 54
2025-03-25T04:56:27.873159004Z 2025-03-25 04:56:27,873 - [MainProcess:65] mummi_ras.online.cg.cganalysis:processFrame:519 - INFO - Load 55 frames: current frame ID /tmp/workdir/traj_comp.xtc
2025-03-25T04:56:27.889728202Z 2025-03-25 04:56:27,889 - [MainProcess:65] mummi_ras.online.cg.cganalysis:processFrame:545 - INFO - Frame:    54, Time: 27000.000 ps, Bbox = [0, 180.90965, 0, 180.90965]
2025-03-25T04:56:27.890014979Z 2025-03-25 04:56:27,889 - [MainProcess:65] mummi_ras.online.cg.cganalysis:processFrame:549 - INFO - Lengths of layers: 674 25 486
2025-03-25T04:56:27.985332435Z 2025-03-25 04:56:27,985 - [MainProcess:65] mummi_ras.online.cg.cganalysis:processFrame:730 - INFO - Time for analysis - frameNum 54, time 0.11212038993835449 s
2025-03-25T04:56:56.106845939Z 2025-03-25 04:56:56,106 - [MainProcess:65] mummi_ras.online.simulation:get_new_frames:376 - INFO - Getting all frame numbers in trajectory from 55 to 55.
2025-03-25T04:56:56.107224299Z 2025-03-25 04:56:56,107 - [MainProcess:65] mummi_ras.online.cg.cganalysis:run_main_analysis:194 - INFO - Process frame 55
2025-03-25T04:56:56.107501541Z 2025-03-25 04:56:56,107 - [MainProcess:65] mummi_ras.online.cg.cganalysis:processFrame:519 - INFO - Load 56 frames: current frame ID /tmp/workdir/traj_comp.xtc
2025-03-25T04:56:56.123526900Z 2025-03-25 04:56:56,123 - [MainProcess:65] mummi_ras.online.cg.cganalysis:processFrame:545 - INFO - Frame:    55, Time: 27500.000 ps, Bbox = [0, 181.02747, 0, 181.02747]
2025-03-25T04:56:56.123818778Z 2025-03-25 04:56:56,123 - [MainProcess:65] mummi_ras.online.cg.cganalysis:processFrame:549 - INFO - Lengths of layers: 669 33 483
2025-03-25T04:56:56.206954555Z 2025-03-25 04:56:56,206 - [MainProcess:65] mummi_ras.online.cg.cganalysis:processFrame:730 - INFO - Time for analysis - frameNum 55, time 0.09937191009521484 s
2025-03-25T04:57:24.325140449Z 2025-03-25 04:57:24,324 - [MainProcess:65] mummi_ras.online.simulation:get_new_frames:376 - INFO - Getting all frame numbers in trajectory from 56 to 56.
2025-03-25T04:57:24.325201436Z 2025-03-25 04:57:24,325 - [MainProcess:65] mummi_ras.online.cg.cganalysis:run_main_analysis:194 - INFO - Process frame 56
2025-03-25T04:57:24.338666607Z 2025-03-25 04:57:24,338 - [MainProcess:65] mummi_ras.online.cg.cganalysis:processFrame:519 - INFO - Load 57 frames: current frame ID /tmp/workdir/traj_comp.xtc
2025-03-25T04:57:24.354947478Z 2025-03-25 04:57:24,354 - [MainProcess:65] mummi_ras.online.cg.cganalysis:processFrame:545 - INFO - Frame:    56, Time: 28000.000 ps, Bbox = [0, 180.60754, 0, 180.60754]
2025-03-25T04:57:24.355266991Z 2025-03-25 04:57:24,355 - [MainProcess:65] mummi_ras.online.cg.cganalysis:processFrame:549 - INFO - Lengths of layers: 673 31 481
2025-03-25T04:57:24.446456267Z 2025-03-25 04:57:24,446 - [MainProcess:65] mummi_ras.online.cg.cganalysis:processFrame:730 - INFO - Time for analysis - frameNum 56, time 0.10778689384460449 s
2025-03-25T04:57:54.583071664Z 2025-03-25 04:57:54,582 - [MainProcess:65] mummi_ras.online.simulation:get_new_frames:376 - INFO - Getting all frame numbers in trajectory from 57 to 57.
2025-03-25T04:57:54.583430134Z 2025-03-25 04:57:54,583 - [MainProcess:65] mummi_ras.online.cg.cganalysis:run_main_analysis:194 - INFO - Process frame 57
2025-03-25T04:57:54.583703519Z 2025-03-25 04:57:54,583 - [MainProcess:65] mummi_ras.online.cg.cganalysis:processFrame:519 - INFO - Load 58 frames: current frame ID /tmp/workdir/traj_comp.xtc
2025-03-25T04:57:54.600268320Z 2025-03-25 04:57:54,600 - [MainProcess:65] mummi_ras.online.cg.cganalysis:processFrame:545 - INFO - Frame:    57, Time: 28500.000 ps, Bbox = [0, 180.89908, 0, 180.89908]
2025-03-25T04:57:54.600564602Z 2025-03-25 04:57:54,600 - [MainProcess:65] mummi_ras.online.cg.cganalysis:processFrame:549 - INFO - Lengths of layers: 674 32 479
2025-03-25T04:57:54.686679187Z 2025-03-25 04:57:54,686 - [MainProcess:65] mummi_ras.online.cg.cganalysis:processFrame:730 - INFO - Time for analysis - frameNum 57, time 0.10292887687683105 s
2025-03-25T04:58:22.817651810Z 2025-03-25 04:58:22,817 - [MainProcess:65] mummi_ras.online.simulation:get_new_frames:376 - INFO - Getting all frame numbers in trajectory from 58 to 58.
2025-03-25T04:58:22.818022814Z 2025-03-25 04:58:22,817 - [MainProcess:65] mummi_ras.online.cg.cganalysis:run_main_analysis:194 - INFO - Process frame 58
2025-03-25T04:58:22.818305755Z 2025-03-25 04:58:22,818 - [MainProcess:65] mummi_ras.online.cg.cganalysis:processFrame:519 - INFO - Load 59 frames: current frame ID /tmp/workdir/traj_comp.xtc
2025-03-25T04:58:22.844752146Z 2025-03-25 04:58:22,844 - [MainProcess:65] mummi_ras.online.cg.cganalysis:processFrame:545 - INFO - Frame:    58, Time: 29000.000 ps, Bbox = [0, 181.48935, 0, 181.48935]
2025-03-25T04:58:22.845055594Z 2025-03-25 04:58:22,844 - [MainProcess:65] mummi_ras.online.cg.cganalysis:processFrame:549 - INFO - Lengths of layers: 674 35 476
2025-03-25T04:58:22.924861300Z 2025-03-25 04:58:22,924 - [MainProcess:65] mummi_ras.online.cg.cganalysis:processFrame:730 - INFO - Time for analysis - frameNum 58, time 0.10650825500488281 s
2025-03-25T04:58:51.046351329Z 2025-03-25 04:58:51,046 - [MainProcess:65] mummi_ras.online.simulation:get_new_frames:376 - INFO - Getting all frame numbers in trajectory from 59 to 59.
2025-03-25T04:58:51.046697824Z 2025-03-25 04:58:51,046 - [MainProcess:65] mummi_ras.online.cg.cganalysis:run_main_analysis:194 - INFO - Process frame 59
2025-03-25T04:58:51.047006282Z 2025-03-25 04:58:51,046 - [MainProcess:65] mummi_ras.online.cg.cganalysis:processFrame:519 - INFO - Load 60 frames: current frame ID /tmp/workdir/traj_comp.xtc
2025-03-25T04:58:51.063480506Z 2025-03-25 04:58:51,063 - [MainProcess:65] mummi_ras.online.cg.cganalysis:processFrame:545 - INFO - Frame:    59, Time: 29500.000 ps, Bbox = [0, 180.57008, 0, 180.57008]
2025-03-25T04:58:51.063790189Z 2025-03-25 04:58:51,063 - [MainProcess:65] mummi_ras.online.cg.cganalysis:processFrame:549 - INFO - Lengths of layers: 672 39 474
2025-03-25T04:58:51.154772904Z 2025-03-25 04:58:51,154 - [MainProcess:65] mummi_ras.online.cg.cganalysis:processFrame:730 - INFO - Time for analysis - frameNum 59, time 0.10774397850036621 s
2025-03-25T04:58:51.155466882Z 2025-03-25 04:58:51,155 - [MainProcess:65] mummi_ras.online.cg.cganalysis:processOutput:93 - INFO - Add feedback for frameNum 50 - state []
2025-03-25T04:58:51.155758804Z 2025-03-25 04:58:51,155 - [MainProcess:65] mummi_ras.online.cg.cganalysis:processOutput:93 - INFO - Add feedback for frameNum 51 - state []
2025-03-25T04:58:51.156035537Z 2025-03-25 04:58:51,155 - [MainProcess:65] mummi_ras.online.cg.cganalysis:processOutput:93 - INFO - Add feedback for frameNum 52 - state []
2025-03-25T04:58:51.156302406Z 2025-03-25 04:58:51,156 - [MainProcess:65] mummi_ras.online.cg.cganalysis:processOutput:93 - INFO - Add feedback for frameNum 53 - state []
2025-03-25T04:58:51.156569471Z 2025-03-25 04:58:51,156 - [MainProcess:65] mummi_ras.online.cg.cganalysis:processOutput:93 - INFO - Add feedback for frameNum 54 - state []
2025-03-25T04:58:51.156823790Z 2025-03-25 04:58:51,156 - [MainProcess:65] mummi_ras.online.cg.cganalysis:processOutput:93 - INFO - Add feedback for frameNum 55 - state []
2025-03-25T04:58:51.157132409Z 2025-03-25 04:58:51,156 - [MainProcess:65] mummi_ras.online.cg.cganalysis:processOutput:93 - INFO - Add feedback for frameNum 56 - state []
2025-03-25T04:58:51.157266643Z 2025-03-25 04:58:51,157 - [MainProcess:65] mummi_ras.online.cg.cganalysis:processOutput:93 - INFO - Add feedback for frameNum 57 - state []
2025-03-25T04:58:51.158568807Z 2025-03-25 04:58:51,157 - [MainProcess:65] mummi_ras.online.cg.cganalysis:processOutput:93 - INFO - Add feedback for frameNum 58 - state []
2025-03-25T04:58:51.158737069Z 2025-03-25 04:58:51,158 - [MainProcess:65] mummi_ras.online.cg.cganalysis:processOutput:93 - INFO - Add feedback for frameNum 59 - state []
2025-03-25T04:58:51.166582677Z 2025-03-25 04:58:51,166 - [MainProcess:65] mummi_core.interfaces.simple:_save_files:91 - INFO - Wrote 10 files to (/opt/clones/mummi-ras/feedback-cg2ml/018)
2025-03-25T04:58:51.166881461Z 2025-03-25 04:58:51,166 - [MainProcess:65] mummi_ras.feedback.feedback_manager_cg2ml:report:118 - INFO - Added 10 frames (from structure_012048918) to feedback (/opt/clones/mummi-ras/feedback-cg2ml)
2025-03-25T04:58:51.167147010Z 2025-03-25 04:58:51,167 - [MainProcess:65] mummi_ras.online.cg.cganalysis:processOutput:113 - INFO - processOutput: 59
2025-03-25T04:58:51.327150304Z 2025-03-25 04:58:51,326 - [MainProcess:65] mummi_ras.interfaces.mummi:save_analysis_data:254 - INFO - Saved all analysis data for frames [50, 51, 52, 53, 54, 55, 56, 57, 58, 59]
2025-03-25T04:58:51.327176982Z 2025-03-25 04:58:51,327 - [MainProcess:65] mummi_ras.online.cg.cganalysis:copyRemoteLogs:326 - INFO - Copy over log files
2025-03-25T04:58:51.362686062Z cp: cannot stat '/tmp/workdir/cg_analysis.out': No such file or directory
2025-03-25T04:58:51.364176413Z 2025-03-25 04:58:51,364 - [MainProcess:65] mummi_core.utils.utilities:sys_call:184 - INFO - Run command: cp -r  /tmp/workdir/cg_analysis.out /tmp/workdir/*.log /tmp/out/ || true
2025-03-25T04:58:51.364339700Z 2025-03-25 04:58:51,364 - [MainProcess:65] mummi_ras.online.cg.cganalysis:copyRemoteLogs:338 - INFO - copyRemoteLogs =  /tmp/workdir/cg_analysis.out /tmp/workdir/*.log
2025-03-25T04:58:51.364395703Z 2025-03-25 04:58:51,364 - [MainProcess:65] mummi_ras.online.cg.cganalysis:cleanupLocal:348 - WARNING - Copy cleanup local only works for ddcMD files
2025-03-25T04:59:21.500250806Z 2025-03-25 04:59:21,500 - [MainProcess:65] mummi_ras.online.simulation:get_new_frames:376 - INFO - Getting all frame numbers in trajectory from 60 to 60.
2025-03-25T04:59:21.500617376Z 2025-03-25 04:59:21,500 - [MainProcess:65] mummi_ras.online.cg.cganalysis:run_main_analysis:194 - INFO - Process frame 60
2025-03-25T04:59:21.500891574Z 2025-03-25 04:59:21,500 - [MainProcess:65] mummi_ras.online.cg.cganalysis:processFrame:519 - INFO - Load 61 frames: current frame ID /tmp/workdir/traj_comp.xtc
2025-03-25T04:59:21.517378513Z 2025-03-25 04:59:21,517 - [MainProcess:65] mummi_ras.online.cg.cganalysis:processFrame:545 - INFO - Frame:    60, Time: 30000.000 ps, Bbox = [0, 180.76785, 0, 180.76785]
2025-03-25T04:59:21.517674053Z 2025-03-25 04:59:21,517 - [MainProcess:65] mummi_ras.online.cg.cganalysis:processFrame:549 - INFO - Lengths of layers: 673 35 477
2025-03-25T04:59:21.603300240Z 2025-03-25 04:59:21,603 - [MainProcess:65] mummi_ras.online.cg.cganalysis:processFrame:730 - INFO - Time for analysis - frameNum 60, time 0.10236740112304688 s
2025-03-25T04:59:49.719726743Z 2025-03-25 04:59:49,719 - [MainProcess:65] mummi_ras.online.simulation:get_new_frames:376 - INFO - Getting all frame numbers in trajectory from 61 to 61.
2025-03-25T04:59:49.720092255Z 2025-03-25 04:59:49,719 - [MainProcess:65] mummi_ras.online.cg.cganalysis:run_main_analysis:194 - INFO - Process frame 61
2025-03-25T04:59:49.720374045Z 2025-03-25 04:59:49,720 - [MainProcess:65] mummi_ras.online.cg.cganalysis:processFrame:519 - INFO - Load 62 frames: current frame ID /tmp/workdir/traj_comp.xtc
2025-03-25T04:59:49.742132300Z 2025-03-25 04:59:49,741 - [MainProcess:65] mummi_ras.online.cg.cganalysis:processFrame:545 - INFO - Frame:    61, Time: 30500.000 ps, Bbox = [0, 180.92502, 0, 180.92502]
2025-03-25T04:59:49.742480645Z 2025-03-25 04:59:49,742 - [MainProcess:65] mummi_ras.online.cg.cganalysis:processFrame:549 - INFO - Lengths of layers: 673 29 483
2025-03-25T04:59:49.821942722Z 2025-03-25 04:59:49,821 - [MainProcess:65] mummi_ras.online.cg.cganalysis:processFrame:730 - INFO - Time for analysis - frameNum 61, time 0.10149788856506348 s
2025-03-25T05:00:01.873193096Z 2025-03-25 05:00:01,872 - [MainProcess:65] mummi_ras.online.cg.cganalysis:run_main_analysis:293 - INFO - CG analysis is stopping.
2025-03-25T05:00:01.873236499Z 2025-03-25 05:00:01,873 - [MainProcess:65] mummi_ras.online.cg.cganalysis:run_main_analysis:310 - INFO - Process ouput from last frames
2025-03-25T05:00:01.873340436Z 2025-03-25 05:00:01,873 - [MainProcess:65] mummi_ras.online.cg.cganalysis:processOutput:93 - INFO - Add feedback for frameNum 60 - state []
2025-03-25T05:00:01.873406483Z 2025-03-25 05:00:01,873 - [MainProcess:65] mummi_ras.online.cg.cganalysis:processOutput:93 - INFO - Add feedback for frameNum 61 - state []
2025-03-25T05:00:01.875038155Z 2025-03-25 05:00:01,874 - [MainProcess:65] mummi_core.interfaces.simple:_save_files:91 - INFO - Wrote 2 files to (/opt/clones/mummi-ras/feedback-cg2ml/018)
2025-03-25T05:00:01.875109585Z 2025-03-25 05:00:01,875 - [MainProcess:65] mummi_ras.feedback.feedback_manager_cg2ml:report:118 - INFO - Added 2 frames (from structure_012048918) to feedback (/opt/clones/mummi-ras/feedback-cg2ml)
2025-03-25T05:00:01.875205474Z 2025-03-25 05:00:01,875 - [MainProcess:65] mummi_ras.online.cg.cganalysis:processOutput:113 - INFO - processOutput: 61
2025-03-25T05:00:01.893787361Z 2025-03-25 05:00:01,893 - [MainProcess:65] mummi_ras.interfaces.mummi:save_analysis_data:254 - INFO - Saved all analysis data for frames [60, 61]
2025-03-25T05:00:01.893851138Z 2025-03-25 05:00:01,893 - [MainProcess:65] mummi_ras.online.cg.cganalysis:copyRemoteLogs:326 - INFO - Copy over log files
2025-03-25T05:00:01.897498127Z cp: cannot stat '/tmp/workdir/cg_analysis.out': No such file or directory
2025-03-25T05:00:01.898592875Z 2025-03-25 05:00:01,898 - [MainProcess:65] mummi_core.utils.utilities:sys_call:184 - INFO - Run command: cp -r  /tmp/workdir/cg_analysis.out /tmp/workdir/*.log /tmp/out/ || true
2025-03-25T05:00:01.898627878Z 2025-03-25 05:00:01,898 - [MainProcess:65] mummi_ras.online.cg.cganalysis:copyRemoteLogs:338 - INFO - copyRemoteLogs =  /tmp/workdir/cg_analysis.out /tmp/workdir/*.log
2025-03-25T05:00:01.898769834Z 2025-03-25 05:00:01,898 - [MainProcess:65] mummi_ras.online.cg.cganalysis:cleanupLocal:348 - WARNING - Copy cleanup local only works for ddcMD files
2025-03-25T05:00:01.898793434Z 2025-03-25 05:00:01,898 - [MainProcess:65] mummi_ras.online.cg.cganalysis:copyRemoteLogs:326 - INFO - Copy over log files
2025-03-25T05:00:01.902041189Z cp: cannot stat '/tmp/workdir/cg_analysis.out': No such file or directory
2025-03-25T05:00:01.903067822Z 2025-03-25 05:00:01,902 - [MainProcess:65] mummi_core.utils.utilities:sys_call:184 - INFO - Run command: cp -r  /tmp/workdir/cg_analysis.out /tmp/workdir/*.log /tmp/out/ || true
2025-03-25T05:00:01.903086375Z 2025-03-25 05:00:01,903 - [MainProcess:65] mummi_ras.online.cg.cganalysis:copyRemoteLogs:338 - INFO - copyRemoteLogs =  /tmp/workdir/cg_analysis.out /tmp/workdir/*.log
2025-03-25T05:00:01.907422067Z 2025-03-25 05:00:01,907 - [MainProcess:65] mummi_core.utils.utilities:sys_call:184 - INFO - Run command: cp /tmp/workdir/cg_analysis.log /tmp/out/ || true
2025-03-25T05:00:01.910368921Z cp: cannot stat '/tmp/workdir/cg_analysis.out': No such file or directory
2025-03-25T05:00:01.910816309Z 2025-03-25 05:00:01,910 - [MainProcess:65] mummi_core.utils.utilities:sys_call:184 - INFO - Run command: cp /tmp/workdir/cg_analysis.out /tmp/out/ || true
2025-03-25T05:00:01.914241008Z 2025-03-25 05:00:01,914 - [MainProcess:65] mummi_core.utils.utilities:sys_call:184 - INFO - Run command: cp /tmp/workdir/md.log /tmp/out/ || true
2025-03-25T05:00:01.917702828Z 2025-03-25 05:00:01,917 - [MainProcess:65] mummi_core.utils.utilities:sys_call:184 - INFO - Run command: cp /tmp/workdir/mdrun.log /tmp/out/ || true
2025-03-25T05:00:01.917773641Z > Initialized MuMMI
2025-03-25T05:00:01.917782634Z 	> MuMMI_ROOT: (/opt/clones/mummi-ras)
2025-03-25T05:00:01.917787975Z 	> MuMMI_Resources: (/opt/clones/mummi_resources)
2025-03-25T05:00:01.917793104Z 	> MuMMI_Specs: (/opt/clones/mummi-ras/specs)
2025-03-25T05:00:01.917797713Z 
2025-03-25T05:00:01.917803149Z > Creating MuMMI root hierarchy at (/opt/clones/mummi-ras)
2025-03-25T05:00:01.917806655Z 
2025-03-25T05:00:01.917817537Z > Initializing logger:  level = (2), stdout = (True), file = (./cg_analysis.log), history = (False),  memusage = (False)
2025-03-25T05:00:01.917820260Z === times
2025-03-25T05:00:01.917825571Z {"times": {}, "timestamps": {"cganalysis_run_start": 1742877018.37795, "cganalysis_load_mdanalysis_start": 1742877018.4593668, "cganalysis_load_mdanalysis_complete": 1742877019.2132683, "cganalysis_run_simulation_start": 1742877019.2160919, "cganalysis_simrun_start": 1742877019.2162108, "cganalysis_simrun_complete": 1742877024.2257283, "cganalysis_run_simulation_complete": 1742877024.225746, "cganalysis_main_analysis_start": 1742877024.2257516, "cganalysis_main_analysis_complete": 1742878801.9031947, "cganalysis_run_complete": 1742878801.9032953}}
2025-03-25T05:00:01.917829507Z ===
2025-03-25T05:00:02.153481039Z 0
2025-03-25T05:00:02.153523533Z Successful run found. Pushing feedback
2025-03-25T05:00:02.206182819Z Uploading 7fc94fd362df .
2025-03-25T05:00:02.221518684Z Uploaded  7fc94fd362df .
2025-03-25T05:00:02.230598839Z Pushed [registry] registry-0.mummi.default.svc.cluster.local:5000/cganalysis:feedback-2025-03-25_05-00-02
2025-03-25T05:00:02.230612954Z ArtifactType: application/vnd.unknown.artifact.v1
2025-03-25T05:00:02.230617474Z Digest: sha256:67c4b7deae69fb56aab4436037f50abf0f959ef21aab45ab93dba347c339b68f
2025-03-25T05:00:02.231967225Z Job was successful, pushing result to registry-0.mummi.default.svc.cluster.local:5000/structure_012048918:cganalysis
2025-03-25T05:00:02.286758561Z Uploading 3f9fe261007d .
2025-03-25T05:00:02.304343781Z Uploaded  3f9fe261007d .
2025-03-25T05:00:02.313039528Z Pushed [registry] registry-0.mummi.default.svc.cluster.local:5000/structure_012048918:cganalysis
2025-03-25T05:00:02.313054427Z ArtifactType: application/vnd.unknown.artifact.v1
2025-03-25T05:00:02.313060294Z Digest: sha256:e768e6554946a6c003d5d46577fb7e4ee5542a409979ccbeda7d194f2a238d1f
