2025-04-08 21:18:05,135 - [MainProcess:160745] root:init_logger:344 - INFO - Enabled
2025-04-08 21:18:05,135 - [MainProcess:160745] root:init_logger:345 - WARNING - Enabled
2025-04-08 21:18:05,136 - [MainProcess:160745] root:init_logger:346 - ERROR - Enabled
2025-04-08 21:18:05,136 - [MainProcess:160745] root:init_logger:347 - CRITICAL - Enabled
2025-04-08 21:18:05,179 - [MainProcess:160745] root:_log_profile:78 - PROFILE - [136.688 MB]: Enabled
2025-04-08 21:18:05,179 - [MainProcess:160745] mummi_ras.online.cg.cganalysis:run_cganalysis:881 - INFO - Running CG analysis, options are:
2025-04-08 21:18:05,179 - [MainProcess:160745] mummi_ras.online.cg.cganalysis:run_cganalysis:882 - INFO - Namespace(simname='structure_iter00_000000000005', fcount=0, noninteractive=False, path='/tmp/mummi/cg/structure_iter00_000000000005-20250408_211746', pathremote='/p/gpfs1/pottier1/minimummi-sc25/roots/root3/sims-cg/structure_iter00_000000000005', fstype='mummi', fbio='mummi', nprocs=1, loglevel=2, logpath='./', logstdout=True, test=False, logfile='cg_analysis', maxsimtime=250000000, stopsimtime=600, minsimtime=100000000, frameProcessBatchSize=10, siminputs='/p/gpfs1/pottier1/minimummi-sc25/roots/root3/sims-cg/structure_iter00_000000000005', simbin='gmx', simruntime='0.5', simcores=8, nofeedback=False, backend=<MDEngine.GROMACS: <class 'mummi_ras.online.simulation.GROMACS'>>, mini=True)
2025-04-08 21:18:05,179 - [MainProcess:160745] mummi_ras.online.cg.cganalysis:run_cganalysis:883 - INFO - local path = /tmp/mummi/cg/structure_iter00_000000000005-20250408_211746
2025-04-08 21:18:05,179 - [MainProcess:160745] mummi_ras.online.cg.cganalysis:run_cganalysis:885 - INFO - remote path = /p/gpfs1/pottier1/minimummi-sc25/roots/root3/sims-cg/structure_iter00_000000000005
2025-04-08 21:18:05,336 - [MainProcess:160745] mummi_ras.online.cg.cganalysis:run_cganalysis:895 - INFO - Using IO_Interface [<class 'mummi_ras.interfaces.mummi.IO_Mummi'>] for data output
2025-04-08 21:18:05,336 - [MainProcess:160745] mummi_ras.online.cg.cganalysis:run_cganalysis:896 - INFO - Using IO_Interface [<class 'mummi_ras.interfaces.mummi.IO_Mummi'>] for feedback output
2025-04-08 21:18:05,337 - [MainProcess:160745] mummi_ras.online.cg.cgoptions:__init__:47 - INFO - Loading parameters from /g/g92/pottier1/admirral_sc25/mummi_resources/analysis/cg/cg_analysis_parameters.yaml
2025-04-08 21:18:05,346 - [MainProcess:160745] mummi_ras.feedback.feedback_manager_cg2ml:__init__:56 - INFO - Initialized FeedbackManager (type = FeedbackManagerType.Worker; name = structure_iter00_000000000005; host = lassen172)
2025-04-08 21:18:05,403 - [MainProcess:160745] mummi_ras.parsers.cg:setup:68 - INFO - Initializing CGParser (MDAnalysis version 2.8.0-dev0)
2025-04-08 21:18:05,403 - [MainProcess:160745] mummi_ras.parsers.cg:setup:69 - INFO - 	Loading: (/tmp/mummi/cg/structure_iter00_000000000005-20250408_211746/lipids-water-eq6.gro) (/tmp/mummi/cg/structure_iter00_000000000005-20250408_211746/topol.tpr)
2025-04-08 21:18:05,422 - [MainProcess:160745] MDAnalysis.topology.TPRparser:_log_header:258 - INFO - Gromacs version   : b'VERSION 2024.1'
2025-04-08 21:18:05,422 - [MainProcess:160745] MDAnalysis.topology.TPRparser:_log_header:259 - INFO - tpx version       : 133
2025-04-08 21:18:05,422 - [MainProcess:160745] MDAnalysis.topology.TPRparser:_log_header:260 - INFO - tpx generation    : 28
2025-04-08 21:18:05,422 - [MainProcess:160745] MDAnalysis.topology.TPRparser:_log_header:261 - INFO - tpx precision     : 4
2025-04-08 21:18:05,422 - [MainProcess:160745] MDAnalysis.topology.TPRparser:_log_header:262 - INFO - tpx file_tag      : b'release'
2025-04-08 21:18:05,422 - [MainProcess:160745] MDAnalysis.topology.TPRparser:_log_header:263 - INFO - tpx natoms        : 54602
2025-04-08 21:18:05,422 - [MainProcess:160745] MDAnalysis.topology.TPRparser:_log_header:264 - INFO - tpx ngtc          : 2
2025-04-08 21:18:05,422 - [MainProcess:160745] MDAnalysis.topology.TPRparser:_log_header:265 - INFO - tpx fep_state     : 0
2025-04-08 21:18:05,422 - [MainProcess:160745] MDAnalysis.topology.TPRparser:_log_header:266 - INFO - tpx lambda        : 0.0
2025-04-08 21:18:06,278 - [MainProcess:160745] mummi_ras.parsers.cg:setup:74 - INFO - 	Number of frames in sim: 1
2025-04-08 21:18:06,278 - [MainProcess:160745] mummi_ras.parsers.cg:setup:75 - INFO - 	Number of atoms in sim: 54602
2025-04-08 21:18:06,279 - [MainProcess:160745] mummi_ras.parsers.cg:setup:76 - INFO - 	Sim dimensions: [181.4632  181.4632  182.60669]
2025-04-08 21:18:06,314 - [MainProcess:160745] mummi_ras.parsers.cg:_setup_lipids:103 - WARNING -  Resnames ['ALA' 'ARG' 'ASN' 'ASP' 'CGW' 'CYF' 'CYM' 'CYS' 'GLN' 'GLU' 'GLY' 'GTP'
 'HSE' 'ILE' 'ION' 'LEU' 'LYS' 'MET' 'MG' 'PHE' 'PRO' 'SER' 'THR' 'TRP'
 'TYR' 'VAL' 'W' 'ZN2'] either not lipids or not supported!
2025-04-08 21:18:07,808 - [MainProcess:160745] numexpr.utils:_init_num_threads:145 - INFO - Note: detected 176 virtual cores but NumExpr set to maximum of 64, check "NUMEXPR_MAX_THREADS" environment variable.
2025-04-08 21:18:07,808 - [MainProcess:160745] numexpr.utils:_init_num_threads:148 - INFO - Note: NumExpr detected 176 cores but "NUMEXPR_MAX_THREADS" not set, so enforcing safe limit of 8.
2025-04-08 21:18:09,589 - [MainProcess:160745] mummi_ras.parsers.cg:_setup_lipids:145 - WARNING - Found leaflets of size 448 354
2025-04-08 21:18:09,593 - [MainProcess:160745] mummi_ras.parsers.cg_aligner:init:144 - INFO - origin: (165,): ['THR', 'GLU', 'TYR', 'LYS', 'LEU', 'VAL', 'VAL', 'VAL', 'GLY', 'ALA', 'ASP', 'GLY', 'VAL', 'GLY', 'LYS', 'SER', 'ALA', 'LEU', 'THR', 'ILE', 'GLN', 'LEU', 'ILE', 'GLN', 'ASN', 'HSE', 'PHE', 'VAL', 'ASP', 'GLU', 'TYR', 'ASP', 'PRO', 'THR', 'ILE', 'GLU', 'ASP', 'SER', 'TYR', 'ARG', 'LYS', 'GLN', 'VAL', 'VAL', 'ILE', 'ASP', 'GLY', 'GLU', 'THR', 'CYS', 'LEU', 'LEU', 'ASP', 'ILE', 'LEU', 'ASP', 'THR', 'ALA', 'GLY', 'GLN', 'GLU', 'GLU', 'TYR', 'SER', 'ALA', 'MET', 'ARG', 'ASP', 'GLN', 'TYR', 'MET', 'ARG', 'THR', 'GLY', 'GLU', 'GLY', 'PHE', 'LEU', 'CYS', 'VAL', 'PHE', 'ALA', 'ILE', 'ASN', 'ASN', 'THR', 'LYS', 'SER', 'PHE', 'GLU', 'ASP', 'ILE', 'HSE', 'HSE', 'TYR', 'ARG', 'GLU', 'GLN', 'ILE', 'LYS', 'ARG', 'VAL', 'LYS', 'ASP', 'SER', 'GLU', 'ASP', 'VAL', 'PRO', 'MET', 'VAL', 'LEU', 'VAL', 'GLY', 'ASN', 'LYS', 'CYS', 'ASP', 'LEU', 'PRO', 'SER', 'ARG', 'THR', 'VAL', 'ASP', 'THR', 'LYS', 'GLN', 'ALA', 'GLN', 'ASP', 'LEU', 'ALA', 'ARG', 'SER', 'TYR', 'GLY', 'ILE', 'PRO', 'PHE', 'ILE', 'GLU', 'THR', 'SER', 'ALA', 'LYS', 'THR', 'ARG', 'GLN', 'GLY', 'VAL', 'ASP', 'ASP', 'ALA', 'PHE', 'TYR', 'THR', 'LEU', 'VAL', 'ARG', 'GLU', 'ILE', 'ARG', 'LYS', 'HSE']
2025-04-08 21:18:09,594 - [MainProcess:160745] mummi_ras.parsers.cg_aligner:init:145 - INFO - xaxis:  (8,): ['THR', 'PHE', 'PHE', 'THR', 'LEU', 'LEU', 'PHE', 'GLN']
2025-04-08 21:18:09,597 - [MainProcess:160745] mummi_ras.online.cg.cganalysis:run_cganalysis:978 - INFO - Testing flags: [Success='cg_success', Fail='cg_failure']
2025-04-08 21:18:09,597 - [MainProcess:160745] mummi_ras.online.cg.cganalysis:run_cganalysis:979 - INFO - Checking for exit condition [/p/gpfs1/pottier1/minimummi-sc25/roots/root3/sims-cg/structure_iter00_000000000005] (pass=False fail=False)
2025-04-08 21:18:09,598 - [MainProcess:160745] mummi_ras.online.simulation:run:101 - INFO - Starting /usr/WS1/mummiusr/mummi-spack/spack/0.21/opt/spack/__spack_path_placeholder__/__spack_path_placeholder__/__spack_path_placeholder__/__spack_path_placeholder__/__spack_path_placeholder__/__spack_path_placeholder__/__spack_path_placeholder__/__spack_path_pla/linux-rhel7-power9le/gcc-11.2.1/gromacs-2024.1-qjy7zpleiv5vefcx74wqch3gy2rui4uh/bin/gmx....
2025-04-08 21:18:09,598 - [MainProcess:160745] mummi_ras.online.simulation:run:115 - INFO - cmd =       /usr/WS1/mummiusr/mummi-spack/spack/0.21/opt/spack/__spack_path_placeholder__/__spack_path_placeholder__/__spack_path_placeholder__/__spack_path_placeholder__/__spack_path_placeholder__/__spack_path_placeholder__/__spack_path_placeholder__/__spack_path_pla/linux-rhel7-power9le/gcc-11.2.1/gromacs-2024.1-qjy7zpleiv5vefcx74wqch3gy2rui4uh/bin/gmx mdrun -cpi -nb gpu -ntmpi 1 -ntomp 8 -pin off -maxh 0.5 >> mdrun.log 2>&1
2025-04-08 21:18:09,598 - [MainProcess:160745] mummi_ras.online.simulation:run:116 - INFO - os.pwd =    /tmp/mummi/cg/structure_iter00_000000000005-20250408_211746
2025-04-08 21:18:09,598 - [MainProcess:160745] mummi_ras.online.simulation:run:117 - INFO - simdir =    /tmp/mummi/cg/structure_iter00_000000000005-20250408_211746
2025-04-08 21:18:14,605 - [MainProcess:160745] mummi_ras.online.simulation:run:122 - INFO - Process Running? None
2025-04-08 21:18:14,607 - [MainProcess:160745] mummi_ras.online.simulation:run:126 - INFO - CUDA_VISIBLE_DEVICES=0
2025-04-08 21:18:14,607 - [MainProcess:160745] mummi_ras.online.simulation:run:127 - INFO - ROCR_VISIBLE_DEVICES=UNSET
2025-04-08 21:18:14,689 - [MainProcess:160745] mummi_ras.online.simulation:get_new_frames:399 - INFO - Getting all frame numbers in trajectory from 0 to 0.
2025-04-08 21:18:14,689 - [MainProcess:160745] mummi_ras.online.cg.cganalysis:run_main_analysis:193 - INFO - Process frame 0
2025-04-08 21:18:14,689 - [MainProcess:160745] mummi_ras.online.cg.cganalysis:processFrame:554 - INFO - Load 1 frames: current frame ID /tmp/mummi/cg/structure_iter00_000000000005-20250408_211746/traj_comp.xtc
2025-04-08 21:18:14,701 - [MainProcess:160745] mummi_ras.online.cg.cganalysis:processFrame:580 - INFO - Frame:     0, Time:    0.000 ps, Bbox = [0, 181.4632, 0, 181.4632]
2025-04-08 21:18:14,701 - [MainProcess:160745] mummi_ras.online.cg.cganalysis:processFrame:584 - INFO - Lengths of layers: 666 36 482
2025-04-08 21:18:14,833 - [MainProcess:160745] mummi_ras.online.cg.cganalysis:processFrame:765 - INFO - Time for analysis - frameNum 0, time 0.14378595352172852 s
2025-04-08 21:18:16,834 - [MainProcess:160745] mummi_ras.online.simulation:has_computed_enough:352 - INFO - runtime_hours*0.99 = 0.495 vs delta_time = 0.002010113265779283 (length 0.0 ns) False False
2025-04-08 21:18:18,841 - [MainProcess:160745] mummi_ras.online.simulation:has_computed_enough:352 - INFO - runtime_hours*0.99 = 0.495 vs delta_time = 0.0025675968329111733 (length 0.0 ns) False False
2025-04-08 21:18:20,848 - [MainProcess:160745] mummi_ras.online.simulation:has_computed_enough:352 - INFO - runtime_hours*0.99 = 0.495 vs delta_time = 0.0031250056955549454 (length 0.0 ns) False False
2025-04-08 21:18:22,854 - [MainProcess:160745] mummi_ras.online.simulation:has_computed_enough:352 - INFO - runtime_hours*0.99 = 0.495 vs delta_time = 0.0036823971403969658 (length 0.0 ns) False False
2025-04-08 21:18:24,861 - [MainProcess:160745] mummi_ras.online.simulation:has_computed_enough:352 - INFO - runtime_hours*0.99 = 0.495 vs delta_time = 0.004239801698260837 (length 0.0 ns) False False
2025-04-08 21:18:26,867 - [MainProcess:160745] mummi_ras.online.simulation:has_computed_enough:352 - INFO - runtime_hours*0.99 = 0.495 vs delta_time = 0.0047971962557898625 (length 0.0 ns) False False
2025-04-08 21:18:28,874 - [MainProcess:160745] mummi_ras.online.simulation:has_computed_enough:352 - INFO - runtime_hours*0.99 = 0.495 vs delta_time = 0.005354605383343166 (length 0.0 ns) False False
2025-04-08 21:18:30,881 - [MainProcess:160745] mummi_ras.online.simulation:has_computed_enough:352 - INFO - runtime_hours*0.99 = 0.495 vs delta_time = 0.005912004775471157 (length 0.0 ns) False False
2025-04-08 21:18:32,887 - [MainProcess:160745] mummi_ras.online.simulation:has_computed_enough:352 - INFO - runtime_hours*0.99 = 0.495 vs delta_time = 0.006469398670726352 (length 0.0 ns) False False
2025-04-08 21:18:34,894 - [MainProcess:160745] mummi_ras.online.simulation:has_computed_enough:352 - INFO - runtime_hours*0.99 = 0.495 vs delta_time = 0.007026801043086582 (length 0.0 ns) False False
2025-04-08 21:18:36,901 - [MainProcess:160745] mummi_ras.online.simulation:has_computed_enough:352 - INFO - runtime_hours*0.99 = 0.495 vs delta_time = 0.007584219177563985 (length 0.0 ns) False False
/usr/WS1/mummiusr/mummi-spack/spack/0.21/opt/spack/__spack_path_placeholder__/__spack_path_placeholder__/__spack_path_placeholder__/__spack_path_placeholder__/__spack_path_placeholder__/__spack_path_placeholder__/__spack_path_placeholder__/__spack_path_pla/linux-rhel7-power9le/gcc-11.2.1/py-mdanalysis-mummi-c2-r52p5p5z3zr3gz4m44s6vmwdgmmcbjjb/lib/python3.11/site-packages/MDAnalysis/coordinates/XDR.py:240: UserWarning: Reload offsets from trajectory
 ctime or size or n_atoms did not match
  warnings.warn("Reload offsets from trajectory\n "
2025-04-08 21:18:36,973 - [MainProcess:160745] mummi_ras.online.simulation:get_new_frames:399 - INFO - Getting all frame numbers in trajectory from 1 to 1.
2025-04-08 21:18:36,973 - [MainProcess:160745] mummi_ras.online.cg.cganalysis:run_main_analysis:193 - INFO - Process frame 1
2025-04-08 21:18:36,973 - [MainProcess:160745] mummi_ras.online.cg.cganalysis:processFrame:554 - INFO - Load 2 frames: current frame ID /tmp/mummi/cg/structure_iter00_000000000005-20250408_211746/traj_comp.xtc
2025-04-08 21:18:36,985 - [MainProcess:160745] mummi_ras.online.cg.cganalysis:processFrame:580 - INFO - Frame:     1, Time:  500.000 ps, Bbox = [0, 181.73143, 0, 181.73143]
2025-04-08 21:18:36,985 - [MainProcess:160745] mummi_ras.online.cg.cganalysis:processFrame:584 - INFO - Lengths of layers: 670 36 478
2025-04-08 21:18:37,093 - [MainProcess:160745] mummi_ras.online.cg.cganalysis:processFrame:765 - INFO - Time for analysis - frameNum 1, time 0.1192927360534668 s
2025-04-08 21:18:39,093 - [MainProcess:160745] mummi_ras.online.simulation:has_computed_enough:352 - INFO - runtime_hours*0.99 = 0.495 vs delta_time = 0.00819323890739017 (length 0.5 ns) False False
2025-04-08 21:18:41,100 - [MainProcess:160745] mummi_ras.online.simulation:has_computed_enough:352 - INFO - runtime_hours*0.99 = 0.495 vs delta_time = 0.00875063419342041 (length 0.5 ns) False False
2025-04-08 21:18:43,107 - [MainProcess:160745] mummi_ras.online.simulation:has_computed_enough:352 - INFO - runtime_hours*0.99 = 0.495 vs delta_time = 0.009308065838283962 (length 0.5 ns) False False
2025-04-08 21:18:45,113 - [MainProcess:160745] mummi_ras.online.simulation:has_computed_enough:352 - INFO - runtime_hours*0.99 = 0.495 vs delta_time = 0.009865406155586242 (length 0.5 ns) False False
2025-04-08 21:18:47,120 - [MainProcess:160745] mummi_ras.online.simulation:has_computed_enough:352 - INFO - runtime_hours*0.99 = 0.495 vs delta_time = 0.010422823958926731 (length 0.5 ns) False False
2025-04-08 21:18:49,126 - [MainProcess:160745] mummi_ras.online.simulation:has_computed_enough:352 - INFO - runtime_hours*0.99 = 0.495 vs delta_time = 0.010980176395840115 (length 0.5 ns) False False
2025-04-08 21:18:51,133 - [MainProcess:160745] mummi_ras.online.simulation:has_computed_enough:352 - INFO - runtime_hours*0.99 = 0.495 vs delta_time = 0.011537626915507847 (length 0.5 ns) False False
2025-04-08 21:18:53,139 - [MainProcess:160745] mummi_ras.online.simulation:has_computed_enough:352 - INFO - runtime_hours*0.99 = 0.495 vs delta_time = 0.012094951470692953 (length 0.5 ns) False False
2025-04-08 21:18:55,146 - [MainProcess:160745] mummi_ras.online.simulation:has_computed_enough:352 - INFO - runtime_hours*0.99 = 0.495 vs delta_time = 0.012652381989690993 (length 0.5 ns) False False
2025-04-08 21:18:57,153 - [MainProcess:160745] mummi_ras.online.simulation:has_computed_enough:352 - INFO - runtime_hours*0.99 = 0.495 vs delta_time = 0.013209792375564576 (length 0.5 ns) False False
2025-04-08 21:18:59,159 - [MainProcess:160745] mummi_ras.online.simulation:has_computed_enough:352 - INFO - runtime_hours*0.99 = 0.495 vs delta_time = 0.013767127527130975 (length 0.5 ns) False False
2025-04-08 21:18:59,329 - [MainProcess:160745] mummi_ras.online.simulation:get_new_frames:399 - INFO - Getting all frame numbers in trajectory from 2 to 2.
2025-04-08 21:18:59,330 - [MainProcess:160745] mummi_ras.online.cg.cganalysis:run_main_analysis:193 - INFO - Process frame 2
2025-04-08 21:18:59,330 - [MainProcess:160745] mummi_ras.online.cg.cganalysis:processFrame:554 - INFO - Load 3 frames: current frame ID /tmp/mummi/cg/structure_iter00_000000000005-20250408_211746/traj_comp.xtc
2025-04-08 21:18:59,342 - [MainProcess:160745] mummi_ras.online.cg.cganalysis:processFrame:580 - INFO - Frame:     2, Time: 1000.000 ps, Bbox = [0, 180.69699, 0, 180.69699]
2025-04-08 21:18:59,342 - [MainProcess:160745] mummi_ras.online.cg.cganalysis:processFrame:584 - INFO - Lengths of layers: 668 35 481
2025-04-08 21:18:59,448 - [MainProcess:160745] mummi_ras.online.cg.cganalysis:processFrame:765 - INFO - Time for analysis - frameNum 2, time 0.11874842643737793 s
2025-04-08 21:19:01,449 - [MainProcess:160745] mummi_ras.online.simulation:has_computed_enough:352 - INFO - runtime_hours*0.99 = 0.495 vs delta_time = 0.014403158889876472 (length 1.0 ns) False False
2025-04-08 21:19:03,456 - [MainProcess:160745] mummi_ras.online.simulation:has_computed_enough:352 - INFO - runtime_hours*0.99 = 0.495 vs delta_time = 0.01496063080098894 (length 1.0 ns) False False
2025-04-08 21:19:05,463 - [MainProcess:160745] mummi_ras.online.simulation:has_computed_enough:352 - INFO - runtime_hours*0.99 = 0.495 vs delta_time = 0.015518051187197367 (length 1.0 ns) False False
2025-04-08 21:19:07,469 - [MainProcess:160745] mummi_ras.online.simulation:has_computed_enough:352 - INFO - runtime_hours*0.99 = 0.495 vs delta_time = 0.01607544865873125 (length 1.0 ns) False False
2025-04-08 21:19:09,476 - [MainProcess:160745] mummi_ras.online.simulation:has_computed_enough:352 - INFO - runtime_hours*0.99 = 0.495 vs delta_time = 0.016632868316438464 (length 1.0 ns) False False
2025-04-08 21:19:11,483 - [MainProcess:160745] mummi_ras.online.simulation:has_computed_enough:352 - INFO - runtime_hours*0.99 = 0.495 vs delta_time = 0.01719027214580112 (length 1.0 ns) False False
2025-04-08 21:19:13,489 - [MainProcess:160745] mummi_ras.online.simulation:has_computed_enough:352 - INFO - runtime_hours*0.99 = 0.495 vs delta_time = 0.017747695048650106 (length 1.0 ns) False False
2025-04-08 21:19:15,496 - [MainProcess:160745] mummi_ras.online.simulation:has_computed_enough:352 - INFO - runtime_hours*0.99 = 0.495 vs delta_time = 0.018305032187038 (length 1.0 ns) False False
2025-04-08 21:19:17,502 - [MainProcess:160745] mummi_ras.online.simulation:has_computed_enough:352 - INFO - runtime_hours*0.99 = 0.495 vs delta_time = 0.018862451910972595 (length 1.0 ns) False False
2025-04-08 21:19:19,509 - [MainProcess:160745] mummi_ras.online.simulation:has_computed_enough:352 - INFO - runtime_hours*0.99 = 0.495 vs delta_time = 0.019419858190748426 (length 1.0 ns) False False
2025-04-08 21:19:21,522 - [MainProcess:160745] mummi_ras.online.simulation:has_computed_enough:352 - INFO - runtime_hours*0.99 = 0.495 vs delta_time = 0.019978972209824458 (length 1.0 ns) False False
2025-04-08 21:19:23,528 - [MainProcess:160745] mummi_ras.online.simulation:has_computed_enough:352 - INFO - runtime_hours*0.99 = 0.495 vs delta_time = 0.02053633623652988 (length 1.0 ns) False False
2025-04-08 21:19:23,618 - [MainProcess:160745] mummi_ras.online.simulation:get_new_frames:399 - INFO - Getting all frame numbers in trajectory from 3 to 3.
2025-04-08 21:19:23,618 - [MainProcess:160745] mummi_ras.online.cg.cganalysis:run_main_analysis:193 - INFO - Process frame 3
2025-04-08 21:19:23,619 - [MainProcess:160745] mummi_ras.online.cg.cganalysis:processFrame:554 - INFO - Load 4 frames: current frame ID /tmp/mummi/cg/structure_iter00_000000000005-20250408_211746/traj_comp.xtc
2025-04-08 21:19:23,631 - [MainProcess:160745] mummi_ras.online.cg.cganalysis:processFrame:580 - INFO - Frame:     3, Time: 1500.000 ps, Bbox = [0, 180.96869, 0, 180.96869]
2025-04-08 21:19:23,631 - [MainProcess:160745] mummi_ras.online.cg.cganalysis:processFrame:584 - INFO - Lengths of layers: 668 34 482
2025-04-08 21:19:23,738 - [MainProcess:160745] mummi_ras.online.cg.cganalysis:processFrame:765 - INFO - Time for analysis - frameNum 3, time 0.1197969913482666 s
2025-04-08 21:19:25,739 - [MainProcess:160745] mummi_ras.online.simulation:has_computed_enough:352 - INFO - runtime_hours*0.99 = 0.495 vs delta_time = 0.02115041646692488 (length 1.5 ns) False False
2025-04-08 21:19:27,746 - [MainProcess:160745] mummi_ras.online.simulation:has_computed_enough:352 - INFO - runtime_hours*0.99 = 0.495 vs delta_time = 0.021707883013619318 (length 1.5 ns) False False
2025-04-08 21:19:29,753 - [MainProcess:160745] mummi_ras.online.simulation:has_computed_enough:352 - INFO - runtime_hours*0.99 = 0.495 vs delta_time = 0.02226531015502082 (length 1.5 ns) False False
2025-04-08 21:19:31,759 - [MainProcess:160745] mummi_ras.online.simulation:has_computed_enough:352 - INFO - runtime_hours*0.99 = 0.495 vs delta_time = 0.02282265199555291 (length 1.5 ns) False False
2025-04-08 21:19:33,766 - [MainProcess:160745] mummi_ras.online.simulation:has_computed_enough:352 - INFO - runtime_hours*0.99 = 0.495 vs delta_time = 0.023380076554086474 (length 1.5 ns) False False
2025-04-08 21:19:35,772 - [MainProcess:160745] mummi_ras.online.simulation:has_computed_enough:352 - INFO - runtime_hours*0.99 = 0.495 vs delta_time = 0.023937390711572436 (length 1.5 ns) False False
2025-04-08 21:19:37,779 - [MainProcess:160745] mummi_ras.online.simulation:has_computed_enough:352 - INFO - runtime_hours*0.99 = 0.495 vs delta_time = 0.02449477348062727 (length 1.5 ns) False False
2025-04-08 21:19:39,785 - [MainProcess:160745] mummi_ras.online.simulation:has_computed_enough:352 - INFO - runtime_hours*0.99 = 0.495 vs delta_time = 0.025052195654975042 (length 1.5 ns) False False
2025-04-08 21:19:41,792 - [MainProcess:160745] mummi_ras.online.simulation:has_computed_enough:352 - INFO - runtime_hours*0.99 = 0.495 vs delta_time = 0.025609526104397245 (length 1.5 ns) False False
2025-04-08 21:19:43,798 - [MainProcess:160745] mummi_ras.online.simulation:has_computed_enough:352 - INFO - runtime_hours*0.99 = 0.495 vs delta_time = 0.026166935827996996 (length 1.5 ns) False False
2025-04-08 21:19:45,805 - [MainProcess:160745] mummi_ras.online.simulation:has_computed_enough:352 - INFO - runtime_hours*0.99 = 0.495 vs delta_time = 0.026724307934443157 (length 1.5 ns) False False
2025-04-08 21:19:45,861 - [MainProcess:160745] mummi_ras.online.simulation:get_new_frames:399 - INFO - Getting all frame numbers in trajectory from 4 to 4.
2025-04-08 21:19:45,861 - [MainProcess:160745] mummi_ras.online.cg.cganalysis:run_main_analysis:193 - INFO - Process frame 4
2025-04-08 21:19:45,861 - [MainProcess:160745] mummi_ras.online.cg.cganalysis:processFrame:554 - INFO - Load 5 frames: current frame ID /tmp/mummi/cg/structure_iter00_000000000005-20250408_211746/traj_comp.xtc
2025-04-08 21:19:45,873 - [MainProcess:160745] mummi_ras.online.cg.cganalysis:processFrame:580 - INFO - Frame:     4, Time: 2000.000 ps, Bbox = [0, 181.08023, 0, 181.08023]
2025-04-08 21:19:45,873 - [MainProcess:160745] mummi_ras.online.cg.cganalysis:processFrame:584 - INFO - Lengths of layers: 669 30 485
2025-04-08 21:19:45,980 - [MainProcess:160745] mummi_ras.online.cg.cganalysis:processFrame:765 - INFO - Time for analysis - frameNum 4, time 0.1188514232635498 s
2025-04-08 21:19:47,980 - [MainProcess:160745] mummi_ras.online.simulation:has_computed_enough:352 - INFO - runtime_hours*0.99 = 0.495 vs delta_time = 0.02732857664426168 (length 2.0 ns) False False
2025-04-08 21:19:49,987 - [MainProcess:160745] mummi_ras.online.simulation:has_computed_enough:352 - INFO - runtime_hours*0.99 = 0.495 vs delta_time = 0.027885944181018404 (length 2.0 ns) False False
2025-04-08 21:19:51,994 - [MainProcess:160745] mummi_ras.online.simulation:has_computed_enough:352 - INFO - runtime_hours*0.99 = 0.495 vs delta_time = 0.02844337436887953 (length 2.0 ns) False False
2025-04-08 21:19:54,000 - [MainProcess:160745] mummi_ras.online.simulation:has_computed_enough:352 - INFO - runtime_hours*0.99 = 0.495 vs delta_time = 0.0290007088581721 (length 2.0 ns) False False
2025-04-08 21:19:56,007 - [MainProcess:160745] mummi_ras.online.simulation:has_computed_enough:352 - INFO - runtime_hours*0.99 = 0.495 vs delta_time = 0.02955819500817193 (length 2.0 ns) False False
2025-04-08 21:19:58,014 - [MainProcess:160745] mummi_ras.online.simulation:has_computed_enough:352 - INFO - runtime_hours*0.99 = 0.495 vs delta_time = 0.030115550888909232 (length 2.0 ns) False False
2025-04-08 21:20:00,020 - [MainProcess:160745] mummi_ras.online.simulation:has_computed_enough:352 - INFO - runtime_hours*0.99 = 0.495 vs delta_time = 0.030672943327162 (length 2.0 ns) False False
2025-04-08 21:20:02,027 - [MainProcess:160745] mummi_ras.online.simulation:has_computed_enough:352 - INFO - runtime_hours*0.99 = 0.495 vs delta_time = 0.03123033861319224 (length 2.0 ns) False False
2025-04-08 21:20:04,033 - [MainProcess:160745] mummi_ras.online.simulation:has_computed_enough:352 - INFO - runtime_hours*0.99 = 0.495 vs delta_time = 0.03178768310281965 (length 2.0 ns) False False
2025-04-08 21:20:06,040 - [MainProcess:160745] mummi_ras.online.simulation:has_computed_enough:352 - INFO - runtime_hours*0.99 = 0.495 vs delta_time = 0.032345092826419404 (length 2.0 ns) False False
2025-04-08 21:20:08,047 - [MainProcess:160745] mummi_ras.online.simulation:has_computed_enough:352 - INFO - runtime_hours*0.99 = 0.495 vs delta_time = 0.03290251440472073 (length 2.0 ns) False False
2025-04-08 21:20:10,053 - [MainProcess:160745] mummi_ras.online.simulation:has_computed_enough:352 - INFO - runtime_hours*0.99 = 0.495 vs delta_time = 0.033459823661380346 (length 2.0 ns) False False
2025-04-08 21:20:10,244 - [MainProcess:160745] mummi_ras.online.simulation:get_new_frames:399 - INFO - Getting all frame numbers in trajectory from 5 to 5.
2025-04-08 21:20:10,244 - [MainProcess:160745] mummi_ras.online.cg.cganalysis:run_main_analysis:193 - INFO - Process frame 5
2025-04-08 21:20:10,244 - [MainProcess:160745] mummi_ras.online.cg.cganalysis:processFrame:554 - INFO - Load 6 frames: current frame ID /tmp/mummi/cg/structure_iter00_000000000005-20250408_211746/traj_comp.xtc
2025-04-08 21:20:10,255 - [MainProcess:160745] mummi_ras.online.cg.cganalysis:processFrame:580 - INFO - Frame:     5, Time: 2500.000 ps, Bbox = [0, 181.35663, 0, 181.35663]
2025-04-08 21:20:10,256 - [MainProcess:160745] mummi_ras.online.cg.cganalysis:processFrame:584 - INFO - Lengths of layers: 669 26 489
2025-04-08 21:20:10,362 - [MainProcess:160745] mummi_ras.online.cg.cganalysis:processFrame:765 - INFO - Time for analysis - frameNum 5, time 0.1178586483001709 s
2025-04-08 21:20:12,362 - [MainProcess:160745] mummi_ras.online.simulation:has_computed_enough:352 - INFO - runtime_hours*0.99 = 0.495 vs delta_time = 0.03410130249129401 (length 2.5 ns) False False
2025-04-08 21:20:14,369 - [MainProcess:160745] mummi_ras.online.simulation:has_computed_enough:352 - INFO - runtime_hours*0.99 = 0.495 vs delta_time = 0.03465868665112389 (length 2.5 ns) False False
2025-04-08 21:20:16,375 - [MainProcess:160745] mummi_ras.online.simulation:has_computed_enough:352 - INFO - runtime_hours*0.99 = 0.495 vs delta_time = 0.03521609597735935 (length 2.5 ns) False False
2025-04-08 21:20:18,382 - [MainProcess:160745] mummi_ras.online.simulation:has_computed_enough:352 - INFO - runtime_hours*0.99 = 0.495 vs delta_time = 0.03577348411083221 (length 2.5 ns) False False
2025-04-08 21:20:20,388 - [MainProcess:160745] mummi_ras.online.simulation:has_computed_enough:352 - INFO - runtime_hours*0.99 = 0.495 vs delta_time = 0.03633082489172618 (length 2.5 ns) False False
2025-04-08 21:20:22,395 - [MainProcess:160745] mummi_ras.online.simulation:has_computed_enough:352 - INFO - runtime_hours*0.99 = 0.495 vs delta_time = 0.03688815229468875 (length 2.5 ns) False False
2025-04-08 21:20:24,401 - [MainProcess:160745] mummi_ras.online.simulation:has_computed_enough:352 - INFO - runtime_hours*0.99 = 0.495 vs delta_time = 0.037445521023538375 (length 2.5 ns) False False
2025-04-08 21:20:26,408 - [MainProcess:160745] mummi_ras.online.simulation:has_computed_enough:352 - INFO - runtime_hours*0.99 = 0.495 vs delta_time = 0.03800293240282271 (length 2.5 ns) False False
2025-04-08 21:20:28,415 - [MainProcess:160745] mummi_ras.online.simulation:has_computed_enough:352 - INFO - runtime_hours*0.99 = 0.495 vs delta_time = 0.038560348285569084 (length 2.5 ns) False False
2025-04-08 21:20:30,421 - [MainProcess:160745] mummi_ras.online.simulation:has_computed_enough:352 - INFO - runtime_hours*0.99 = 0.495 vs delta_time = 0.03911774714787801 (length 2.5 ns) False False
2025-04-08 21:20:32,428 - [MainProcess:160745] mummi_ras.online.simulation:has_computed_enough:352 - INFO - runtime_hours*0.99 = 0.495 vs delta_time = 0.03967511329385969 (length 2.5 ns) False False
2025-04-08 21:20:34,434 - [MainProcess:160745] mummi_ras.online.simulation:has_computed_enough:352 - INFO - runtime_hours*0.99 = 0.495 vs delta_time = 0.04023243692186144 (length 2.5 ns) False False
2025-04-08 21:20:34,533 - [MainProcess:160745] mummi_ras.online.simulation:get_new_frames:399 - INFO - Getting all frame numbers in trajectory from 6 to 6.
2025-04-08 21:20:34,533 - [MainProcess:160745] mummi_ras.online.cg.cganalysis:run_main_analysis:193 - INFO - Process frame 6
2025-04-08 21:20:34,534 - [MainProcess:160745] mummi_ras.online.cg.cganalysis:processFrame:554 - INFO - Load 7 frames: current frame ID /tmp/mummi/cg/structure_iter00_000000000005-20250408_211746/traj_comp.xtc
2025-04-08 21:20:34,545 - [MainProcess:160745] mummi_ras.online.cg.cganalysis:processFrame:580 - INFO - Frame:     6, Time: 3000.000 ps, Bbox = [0, 181.02388, 0, 181.02388]
2025-04-08 21:20:34,545 - [MainProcess:160745] mummi_ras.online.cg.cganalysis:processFrame:584 - INFO - Lengths of layers: 667 25 492
2025-04-08 21:20:34,652 - [MainProcess:160745] mummi_ras.online.cg.cganalysis:processFrame:765 - INFO - Time for analysis - frameNum 6, time 0.11837959289550781 s
2025-04-08 21:20:36,652 - [MainProcess:160745] mummi_ras.online.simulation:has_computed_enough:352 - INFO - runtime_hours*0.99 = 0.495 vs delta_time = 0.04084856119420793 (length 3.0 ns) False False
2025-04-08 21:20:38,659 - [MainProcess:160745] mummi_ras.online.simulation:has_computed_enough:352 - INFO - runtime_hours*0.99 = 0.495 vs delta_time = 0.04140604303942786 (length 3.0 ns) False False
2025-04-08 21:20:40,666 - [MainProcess:160745] mummi_ras.online.simulation:has_computed_enough:352 - INFO - runtime_hours*0.99 = 0.495 vs delta_time = 0.04196345819367303 (length 3.0 ns) False False
2025-04-08 21:20:42,672 - [MainProcess:160745] mummi_ras.online.simulation:has_computed_enough:352 - INFO - runtime_hours*0.99 = 0.495 vs delta_time = 0.04252075864209069 (length 3.0 ns) False False
2025-04-08 21:20:44,679 - [MainProcess:160745] mummi_ras.online.simulation:has_computed_enough:352 - INFO - runtime_hours*0.99 = 0.495 vs delta_time = 0.04307806902461582 (length 3.0 ns) False False
2025-04-08 21:20:46,685 - [MainProcess:160745] mummi_ras.online.simulation:has_computed_enough:352 - INFO - runtime_hours*0.99 = 0.495 vs delta_time = 0.04363539934158325 (length 3.0 ns) False False
2025-04-08 21:20:48,692 - [MainProcess:160745] mummi_ras.online.simulation:has_computed_enough:352 - INFO - runtime_hours*0.99 = 0.495 vs delta_time = 0.04419278105099996 (length 3.0 ns) False False
2025-04-08 21:20:50,698 - [MainProcess:160745] mummi_ras.online.simulation:has_computed_enough:352 - INFO - runtime_hours*0.99 = 0.495 vs delta_time = 0.044750200973616705 (length 3.0 ns) False False
2025-04-08 21:20:52,705 - [MainProcess:160745] mummi_ras.online.simulation:has_computed_enough:352 - INFO - runtime_hours*0.99 = 0.495 vs delta_time = 0.04530761910809411 (length 3.0 ns) False False
2025-04-08 21:20:54,712 - [MainProcess:160745] mummi_ras.online.simulation:has_computed_enough:352 - INFO - runtime_hours*0.99 = 0.495 vs delta_time = 0.045865021612909104 (length 3.0 ns) False False
2025-04-08 21:20:56,718 - [MainProcess:160745] mummi_ras.online.simulation:has_computed_enough:352 - INFO - runtime_hours*0.99 = 0.495 vs delta_time = 0.04642234914832645 (length 3.0 ns) False False
2025-04-08 21:20:56,773 - [MainProcess:160745] mummi_ras.online.simulation:get_new_frames:399 - INFO - Getting all frame numbers in trajectory from 7 to 7.
2025-04-08 21:20:56,773 - [MainProcess:160745] mummi_ras.online.cg.cganalysis:run_main_analysis:193 - INFO - Process frame 7
2025-04-08 21:20:56,773 - [MainProcess:160745] mummi_ras.online.cg.cganalysis:processFrame:554 - INFO - Load 8 frames: current frame ID /tmp/mummi/cg/structure_iter00_000000000005-20250408_211746/traj_comp.xtc
2025-04-08 21:20:56,784 - [MainProcess:160745] mummi_ras.online.cg.cganalysis:processFrame:580 - INFO - Frame:     7, Time: 3500.000 ps, Bbox = [0, 180.66528, 0, 180.66528]
2025-04-08 21:20:56,785 - [MainProcess:160745] mummi_ras.online.cg.cganalysis:processFrame:584 - INFO - Lengths of layers: 668 29 487
2025-04-08 21:20:56,891 - [MainProcess:160745] mummi_ras.online.cg.cganalysis:processFrame:765 - INFO - Time for analysis - frameNum 7, time 0.11836028099060059 s
2025-04-08 21:20:58,892 - [MainProcess:160745] mummi_ras.online.simulation:has_computed_enough:352 - INFO - runtime_hours*0.99 = 0.495 vs delta_time = 0.0470261694987615 (length 3.5 ns) False False
2025-04-08 21:21:00,899 - [MainProcess:160745] mummi_ras.online.simulation:has_computed_enough:352 - INFO - runtime_hours*0.99 = 0.495 vs delta_time = 0.04758369061681959 (length 3.5 ns) False False
2025-04-08 21:21:02,906 - [MainProcess:160745] mummi_ras.online.simulation:has_computed_enough:352 - INFO - runtime_hours*0.99 = 0.495 vs delta_time = 0.04814117550849915 (length 3.5 ns) False False
2025-04-08 21:21:04,912 - [MainProcess:160745] mummi_ras.online.simulation:has_computed_enough:352 - INFO - runtime_hours*0.99 = 0.495 vs delta_time = 0.048698558542463515 (length 3.5 ns) False False
2025-04-08 21:21:06,919 - [MainProcess:160745] mummi_ras.online.simulation:has_computed_enough:352 - INFO - runtime_hours*0.99 = 0.495 vs delta_time = 0.04925588329633077 (length 3.5 ns) False False
2025-04-08 21:21:08,925 - [MainProcess:160745] mummi_ras.online.simulation:has_computed_enough:352 - INFO - runtime_hours*0.99 = 0.495 vs delta_time = 0.04981321222252316 (length 3.5 ns) False False
2025-04-08 21:21:10,932 - [MainProcess:160745] mummi_ras.online.simulation:has_computed_enough:352 - INFO - runtime_hours*0.99 = 0.495 vs delta_time = 0.05037054611576928 (length 3.5 ns) False False
2025-04-08 21:21:12,938 - [MainProcess:160745] mummi_ras.online.simulation:has_computed_enough:352 - INFO - runtime_hours*0.99 = 0.495 vs delta_time = 0.0509278753068712 (length 3.5 ns) False False
2025-04-08 21:21:14,945 - [MainProcess:160745] mummi_ras.online.simulation:has_computed_enough:352 - INFO - runtime_hours*0.99 = 0.495 vs delta_time = 0.05148527529504564 (length 3.5 ns) False False
2025-04-08 21:21:16,951 - [MainProcess:160745] mummi_ras.online.simulation:has_computed_enough:352 - INFO - runtime_hours*0.99 = 0.495 vs delta_time = 0.05204266177283393 (length 3.5 ns) False False
2025-04-08 21:21:18,958 - [MainProcess:160745] mummi_ras.online.simulation:has_computed_enough:352 - INFO - runtime_hours*0.99 = 0.495 vs delta_time = 0.05260003109773 (length 3.5 ns) False False
2025-04-08 21:21:20,964 - [MainProcess:160745] mummi_ras.online.simulation:has_computed_enough:352 - INFO - runtime_hours*0.99 = 0.495 vs delta_time = 0.053157410091824 (length 3.5 ns) False False
2025-04-08 21:21:21,134 - [MainProcess:160745] mummi_ras.online.simulation:get_new_frames:399 - INFO - Getting all frame numbers in trajectory from 8 to 8.
2025-04-08 21:21:21,134 - [MainProcess:160745] mummi_ras.online.cg.cganalysis:run_main_analysis:193 - INFO - Process frame 8
2025-04-08 21:21:21,135 - [MainProcess:160745] mummi_ras.online.cg.cganalysis:processFrame:554 - INFO - Load 9 frames: current frame ID /tmp/mummi/cg/structure_iter00_000000000005-20250408_211746/traj_comp.xtc
2025-04-08 21:21:21,146 - [MainProcess:160745] mummi_ras.online.cg.cganalysis:processFrame:580 - INFO - Frame:     8, Time: 4000.000 ps, Bbox = [0, 181.15526, 0, 181.15526]
2025-04-08 21:21:21,146 - [MainProcess:160745] mummi_ras.online.cg.cganalysis:processFrame:584 - INFO - Lengths of layers: 666 30 488
2025-04-08 21:21:21,252 - [MainProcess:160745] mummi_ras.online.cg.cganalysis:processFrame:765 - INFO - Time for analysis - frameNum 8, time 0.11751961708068848 s
2025-04-08 21:21:23,253 - [MainProcess:160745] mummi_ras.online.simulation:has_computed_enough:352 - INFO - runtime_hours*0.99 = 0.495 vs delta_time = 0.0537930785285102 (length 4.0 ns) False False
2025-04-08 21:21:25,260 - [MainProcess:160745] mummi_ras.online.simulation:has_computed_enough:352 - INFO - runtime_hours*0.99 = 0.495 vs delta_time = 0.05435056798987918 (length 4.0 ns) False False
2025-04-08 21:21:27,266 - [MainProcess:160745] mummi_ras.online.simulation:has_computed_enough:352 - INFO - runtime_hours*0.99 = 0.495 vs delta_time = 0.054907985130945844 (length 4.0 ns) False False
2025-04-08 21:21:29,273 - [MainProcess:160745] mummi_ras.online.simulation:has_computed_enough:352 - INFO - runtime_hours*0.99 = 0.495 vs delta_time = 0.05546540300051371 (length 4.0 ns) False False
2025-04-08 21:21:31,280 - [MainProcess:160745] mummi_ras.online.simulation:has_computed_enough:352 - INFO - runtime_hours*0.99 = 0.495 vs delta_time = 0.05602282702922821 (length 4.0 ns) False False
2025-04-08 21:21:33,286 - [MainProcess:160745] mummi_ras.online.simulation:has_computed_enough:352 - INFO - runtime_hours*0.99 = 0.495 vs delta_time = 0.05658023178577423 (length 4.0 ns) False False
2025-04-08 21:21:35,293 - [MainProcess:160745] mummi_ras.online.simulation:has_computed_enough:352 - INFO - runtime_hours*0.99 = 0.495 vs delta_time = 0.05713764713870154 (length 4.0 ns) False False
2025-04-08 21:21:37,300 - [MainProcess:160745] mummi_ras.online.simulation:has_computed_enough:352 - INFO - runtime_hours*0.99 = 0.495 vs delta_time = 0.0576950607697169 (length 4.0 ns) False False
2025-04-08 21:21:39,306 - [MainProcess:160745] mummi_ras.online.simulation:has_computed_enough:352 - INFO - runtime_hours*0.99 = 0.495 vs delta_time = 0.05825244883696238 (length 4.0 ns) False False
2025-04-08 21:21:41,313 - [MainProcess:160745] mummi_ras.online.simulation:has_computed_enough:352 - INFO - runtime_hours*0.99 = 0.495 vs delta_time = 0.05880985975265503 (length 4.0 ns) False False
2025-04-08 21:21:43,320 - [MainProcess:160745] mummi_ras.online.simulation:has_computed_enough:352 - INFO - runtime_hours*0.99 = 0.495 vs delta_time = 0.05936727676126692 (length 4.0 ns) False False
2025-04-08 21:21:43,413 - [MainProcess:160745] mummi_ras.online.simulation:get_new_frames:399 - INFO - Getting all frame numbers in trajectory from 9 to 9.
2025-04-08 21:21:43,414 - [MainProcess:160745] mummi_ras.online.cg.cganalysis:run_main_analysis:193 - INFO - Process frame 9
2025-04-08 21:21:43,414 - [MainProcess:160745] mummi_ras.online.cg.cganalysis:processFrame:554 - INFO - Load 10 frames: current frame ID /tmp/mummi/cg/structure_iter00_000000000005-20250408_211746/traj_comp.xtc
2025-04-08 21:21:43,426 - [MainProcess:160745] mummi_ras.online.cg.cganalysis:processFrame:580 - INFO - Frame:     9, Time: 4500.000 ps, Bbox = [0, 180.6642, 0, 180.6642]
2025-04-08 21:21:43,426 - [MainProcess:160745] mummi_ras.online.cg.cganalysis:processFrame:584 - INFO - Lengths of layers: 666 30 488
2025-04-08 21:21:43,532 - [MainProcess:160745] mummi_ras.online.cg.cganalysis:processFrame:765 - INFO - Time for analysis - frameNum 9, time 0.11823010444641113 s
2025-04-08 21:21:45,533 - [MainProcess:160745] mummi_ras.online.simulation:has_computed_enough:352 - INFO - runtime_hours*0.99 = 0.495 vs delta_time = 0.05998197999265459 (length 4.5 ns) False False
2025-04-08 21:21:45,539 - [MainProcess:160745] mummi_ras.online.cg.cganalysis:processOutput:92 - INFO - Add feedback for frameNum 0 - state []
2025-04-08 21:21:45,539 - [MainProcess:160745] mummi_ras.online.cg.cganalysis:processOutput:92 - INFO - Add feedback for frameNum 1 - state []
2025-04-08 21:21:45,540 - [MainProcess:160745] mummi_ras.online.cg.cganalysis:processOutput:92 - INFO - Add feedback for frameNum 2 - state []
2025-04-08 21:21:45,540 - [MainProcess:160745] mummi_ras.online.cg.cganalysis:processOutput:92 - INFO - Add feedback for frameNum 3 - state []
2025-04-08 21:21:45,540 - [MainProcess:160745] mummi_ras.online.cg.cganalysis:processOutput:92 - INFO - Add feedback for frameNum 4 - state []
2025-04-08 21:21:45,540 - [MainProcess:160745] mummi_ras.online.cg.cganalysis:processOutput:92 - INFO - Add feedback for frameNum 5 - state []
2025-04-08 21:21:45,540 - [MainProcess:160745] mummi_ras.online.cg.cganalysis:processOutput:92 - INFO - Add feedback for frameNum 6 - state []
2025-04-08 21:21:45,540 - [MainProcess:160745] mummi_ras.online.cg.cganalysis:processOutput:92 - INFO - Add feedback for frameNum 7 - state []
2025-04-08 21:21:45,541 - [MainProcess:160745] mummi_ras.online.cg.cganalysis:processOutput:92 - INFO - Add feedback for frameNum 8 - state []
2025-04-08 21:21:45,541 - [MainProcess:160745] mummi_ras.online.cg.cganalysis:processOutput:92 - INFO - Add feedback for frameNum 9 - state []
2025-04-08 21:21:45,558 - [MainProcess:160745] mummi_core.interfaces.simple:_save_files:91 - INFO - Wrote 10 files to (/p/gpfs1/pottier1/minimummi-sc25/roots/root3/feedback-cg2ml/005)
2025-04-08 21:21:45,558 - [MainProcess:160745] mummi_ras.feedback.feedback_manager_cg2ml:report:118 - INFO - Added 10 frames (from structure_iter00_000000000005) to feedback (/p/gpfs1/pottier1/minimummi-sc25/roots/root3/feedback-cg2ml)
2025-04-08 21:21:45,558 - [MainProcess:160745] mummi_ras.online.cg.cganalysis:processOutput:112 - INFO - processOutput: 9
2025-04-08 21:21:45,558 - [MainProcess:160745] mummi_ras.online.cg.cganalysis:copyRemoteRestart:452 - INFO - Copy to remote frames [0, 1, 2, 3, 4, 5, 6, 7, 8, 9]
sending incremental file list
rsync: link_stat "/tmp/mummi/cg/structure_iter00_000000000005-20250408_211746/state.cpt" failed: No such file or directory (2)
ener.edr
md.log
mdrun.log
topol.tpr
traj_comp.xtc

sent 3,897,411 bytes  received 111 bytes  7,795,044.00 bytes/sec
total size is 3,896,116  speedup is 1.00
rsync error: some files/attrs were not transferred (see previous errors) (code 23) at main.c(1179) [sender=3.1.2]
2025-04-08 21:21:45,676 - [MainProcess:160745] mummi_core.utils.utilities:sys_call:184 - INFO - Run command: rsync -va --no-g traj_comp.xtc topol.tpr state.cpt ener.edr md.log mdrun.log /p/gpfs1/pottier1/minimummi-sc25/roots/root3/sims-cg/structure_iter00_000000000005 || true
2025-04-08 21:21:45,938 - [MainProcess:160745] mummi_ras.interfaces.mummi:save_analysis_data:253 - INFO - Saved all analysis data for frames [0, 1, 2, 3, 4, 5, 6, 7, 8, 9]
2025-04-08 21:21:45,938 - [MainProcess:160745] mummi_ras.online.cg.cganalysis:copyRemoteLogs:350 - INFO - Copy over log files
2025-04-08 21:21:45,965 - [MainProcess:160745] mummi_core.utils.utilities:sys_call:184 - INFO - Run command: cp -r  /tmp/mummi/cg/structure_iter00_000000000005-20250408_211746/cg_analysis.out /tmp/mummi/cg/structure_iter00_000000000005-20250408_211746/traj_comp.xtc /tmp/mummi/cg/structure_iter00_000000000005-20250408_211746/*.log /p/gpfs1/pottier1/minimummi-sc25/roots/root3/sims-cg/structure_iter00_000000000005/ || true
2025-04-08 21:21:45,965 - [MainProcess:160745] mummi_ras.online.cg.cganalysis:copyRemoteLogs:365 - INFO - copyRemoteLogs =  /tmp/mummi/cg/structure_iter00_000000000005-20250408_211746/cg_analysis.out /tmp/mummi/cg/structure_iter00_000000000005-20250408_211746/traj_comp.xtc /tmp/mummi/cg/structure_iter00_000000000005-20250408_211746/*.log
2025-04-08 21:21:45,965 - [MainProcess:160745] mummi_ras.online.cg.cganalysis:cleanupLocal:375 - WARNING - Copy cleanup local only works for ddcMD files
2025-04-08 21:21:47,966 - [MainProcess:160745] mummi_ras.online.simulation:has_computed_enough:352 - INFO - runtime_hours*0.99 = 0.495 vs delta_time = 0.060657819310824077 (length 4.5 ns) False False
2025-04-08 21:21:49,972 - [MainProcess:160745] mummi_ras.online.simulation:has_computed_enough:352 - INFO - runtime_hours*0.99 = 0.495 vs delta_time = 0.06121524930000305 (length 4.5 ns) False False
2025-04-08 21:21:51,979 - [MainProcess:160745] mummi_ras.online.simulation:has_computed_enough:352 - INFO - runtime_hours*0.99 = 0.495 vs delta_time = 0.06177264928817749 (length 4.5 ns) False False
2025-04-08 21:21:53,986 - [MainProcess:160745] mummi_ras.online.simulation:has_computed_enough:352 - INFO - runtime_hours*0.99 = 0.495 vs delta_time = 0.06233002934190962 (length 4.5 ns) False False
2025-04-08 21:21:55,992 - [MainProcess:160745] mummi_ras.online.simulation:has_computed_enough:352 - INFO - runtime_hours*0.99 = 0.495 vs delta_time = 0.06288739714357588 (length 4.5 ns) False False
2025-04-08 21:21:57,999 - [MainProcess:160745] mummi_ras.online.simulation:has_computed_enough:352 - INFO - runtime_hours*0.99 = 0.495 vs delta_time = 0.06344476328955756 (length 4.5 ns) False False
2025-04-08 21:22:00,005 - [MainProcess:160745] mummi_ras.online.simulation:has_computed_enough:352 - INFO - runtime_hours*0.99 = 0.495 vs delta_time = 0.06400212307771047 (length 4.5 ns) False False
2025-04-08 21:22:02,012 - [MainProcess:160745] mummi_ras.online.simulation:has_computed_enough:352 - INFO - runtime_hours*0.99 = 0.495 vs delta_time = 0.06455948975351122 (length 4.5 ns) False False
2025-04-08 21:22:04,018 - [MainProcess:160745] mummi_ras.online.simulation:has_computed_enough:352 - INFO - runtime_hours*0.99 = 0.495 vs delta_time = 0.06511689947711097 (length 4.5 ns) False False
2025-04-08 21:22:06,025 - [MainProcess:160745] mummi_ras.online.simulation:has_computed_enough:352 - INFO - runtime_hours*0.99 = 0.495 vs delta_time = 0.06567431615458594 (length 4.5 ns) False False
2025-04-08 21:22:08,032 - [MainProcess:160745] mummi_ras.online.simulation:has_computed_enough:352 - INFO - runtime_hours*0.99 = 0.495 vs delta_time = 0.06623167826069726 (length 4.5 ns) False False
2025-04-08 21:22:08,087 - [MainProcess:160745] mummi_ras.online.simulation:get_new_frames:399 - INFO - Getting all frame numbers in trajectory from 10 to 10.
2025-04-08 21:22:08,087 - [MainProcess:160745] mummi_ras.online.cg.cganalysis:run_main_analysis:193 - INFO - Process frame 10
2025-04-08 21:22:08,087 - [MainProcess:160745] mummi_ras.online.cg.cganalysis:processFrame:554 - INFO - Load 11 frames: current frame ID /tmp/mummi/cg/structure_iter00_000000000005-20250408_211746/traj_comp.xtc
2025-04-08 21:22:08,099 - [MainProcess:160745] mummi_ras.online.cg.cganalysis:processFrame:580 - INFO - Frame:    10, Time: 5000.000 ps, Bbox = [0, 179.77911, 0, 179.77911]
2025-04-08 21:22:08,099 - [MainProcess:160745] mummi_ras.online.cg.cganalysis:processFrame:584 - INFO - Lengths of layers: 670 27 487
2025-04-08 21:22:08,205 - [MainProcess:160745] mummi_ras.online.cg.cganalysis:processFrame:765 - INFO - Time for analysis - frameNum 10, time 0.11763715744018555 s
2025-04-08 21:22:10,205 - [MainProcess:160745] mummi_ras.online.simulation:has_computed_enough:352 - INFO - runtime_hours*0.99 = 0.495 vs delta_time = 0.0668355096048779 (length 5.0 ns) False False
2025-04-08 21:22:12,212 - [MainProcess:160745] mummi_ras.online.simulation:has_computed_enough:352 - INFO - runtime_hours*0.99 = 0.495 vs delta_time = 0.06739290985796187 (length 5.0 ns) False False
2025-04-08 21:22:14,218 - [MainProcess:160745] mummi_ras.online.simulation:has_computed_enough:352 - INFO - runtime_hours*0.99 = 0.495 vs delta_time = 0.06795024858580695 (length 5.0 ns) False False
2025-04-08 21:22:16,225 - [MainProcess:160745] mummi_ras.online.simulation:has_computed_enough:352 - INFO - runtime_hours*0.99 = 0.495 vs delta_time = 0.0685076066520479 (length 5.0 ns) False False
2025-04-08 21:22:18,231 - [MainProcess:160745] mummi_ras.online.simulation:has_computed_enough:352 - INFO - runtime_hours*0.99 = 0.495 vs delta_time = 0.0690649829308192 (length 5.0 ns) False False
2025-04-08 21:22:20,238 - [MainProcess:160745] mummi_ras.online.simulation:has_computed_enough:352 - INFO - runtime_hours*0.99 = 0.495 vs delta_time = 0.06962237940894232 (length 5.0 ns) False False
2025-04-08 21:22:22,245 - [MainProcess:160745] mummi_ras.online.simulation:has_computed_enough:352 - INFO - runtime_hours*0.99 = 0.495 vs delta_time = 0.07017977032396529 (length 5.0 ns) False False
2025-04-08 21:22:24,251 - [MainProcess:160745] mummi_ras.online.simulation:has_computed_enough:352 - INFO - runtime_hours*0.99 = 0.495 vs delta_time = 0.07073715137110816 (length 5.0 ns) False False
2025-04-08 21:22:26,258 - [MainProcess:160745] mummi_ras.online.simulation:has_computed_enough:352 - INFO - runtime_hours*0.99 = 0.495 vs delta_time = 0.0712945513592826 (length 5.0 ns) False False
2025-04-08 21:22:28,265 - [MainProcess:160745] mummi_ras.online.simulation:has_computed_enough:352 - INFO - runtime_hours*0.99 = 0.495 vs delta_time = 0.07185194267166986 (length 5.0 ns) False False
2025-04-08 21:22:30,271 - [MainProcess:160745] mummi_ras.online.simulation:has_computed_enough:352 - INFO - runtime_hours*0.99 = 0.495 vs delta_time = 0.07240934113661449 (length 5.0 ns) False False
2025-04-08 21:22:30,426 - [MainProcess:160745] mummi_ras.online.simulation:get_new_frames:399 - INFO - Getting all frame numbers in trajectory from 11 to 11.
2025-04-08 21:22:30,426 - [MainProcess:160745] mummi_ras.online.cg.cganalysis:run_main_analysis:193 - INFO - Process frame 11
2025-04-08 21:22:30,426 - [MainProcess:160745] mummi_ras.online.cg.cganalysis:processFrame:554 - INFO - Load 12 frames: current frame ID /tmp/mummi/cg/structure_iter00_000000000005-20250408_211746/traj_comp.xtc
2025-04-08 21:22:30,438 - [MainProcess:160745] mummi_ras.online.cg.cganalysis:processFrame:580 - INFO - Frame:    11, Time: 5500.000 ps, Bbox = [0, 180.63522, 0, 180.63522]
2025-04-08 21:22:30,438 - [MainProcess:160745] mummi_ras.online.cg.cganalysis:processFrame:584 - INFO - Lengths of layers: 666 29 489
2025-04-08 21:22:30,543 - [MainProcess:160745] mummi_ras.online.cg.cganalysis:processFrame:765 - INFO - Time for analysis - frameNum 11, time 0.11700105667114258 s
2025-04-08 21:22:32,543 - [MainProcess:160745] mummi_ras.online.simulation:has_computed_enough:352 - INFO - runtime_hours*0.99 = 0.495 vs delta_time = 0.07304051485326556 (length 5.5 ns) False False
2025-04-08 21:22:34,550 - [MainProcess:160745] mummi_ras.online.simulation:has_computed_enough:352 - INFO - runtime_hours*0.99 = 0.495 vs delta_time = 0.07359797285662757 (length 5.5 ns) False False
2025-04-08 21:22:36,557 - [MainProcess:160745] mummi_ras.online.simulation:has_computed_enough:352 - INFO - runtime_hours*0.99 = 0.495 vs delta_time = 0.0741553603278266 (length 5.5 ns) False False
2025-04-08 21:22:38,563 - [MainProcess:160745] mummi_ras.online.simulation:has_computed_enough:352 - INFO - runtime_hours*0.99 = 0.495 vs delta_time = 0.07471274322933621 (length 5.5 ns) False False
2025-04-08 21:22:40,570 - [MainProcess:160745] mummi_ras.online.simulation:has_computed_enough:352 - INFO - runtime_hours*0.99 = 0.495 vs delta_time = 0.07527012699180179 (length 5.5 ns) False False
2025-04-08 21:22:42,577 - [MainProcess:160745] mummi_ras.online.simulation:has_computed_enough:352 - INFO - runtime_hours*0.99 = 0.495 vs delta_time = 0.07582751684718662 (length 5.5 ns) False False
2025-04-08 21:22:44,583 - [MainProcess:160745] mummi_ras.online.simulation:has_computed_enough:352 - INFO - runtime_hours*0.99 = 0.495 vs delta_time = 0.07638490206665463 (length 5.5 ns) False False
2025-04-08 21:22:46,590 - [MainProcess:160745] mummi_ras.online.simulation:has_computed_enough:352 - INFO - runtime_hours*0.99 = 0.495 vs delta_time = 0.0769422898027632 (length 5.5 ns) False False
2025-04-08 21:22:48,596 - [MainProcess:160745] mummi_ras.online.simulation:has_computed_enough:352 - INFO - runtime_hours*0.99 = 0.495 vs delta_time = 0.07749963541825612 (length 5.5 ns) False False
2025-04-08 21:22:50,603 - [MainProcess:160745] mummi_ras.online.simulation:has_computed_enough:352 - INFO - runtime_hours*0.99 = 0.495 vs delta_time = 0.07805696944395701 (length 5.5 ns) False False
2025-04-08 21:22:52,609 - [MainProcess:160745] mummi_ras.online.simulation:has_computed_enough:352 - INFO - runtime_hours*0.99 = 0.495 vs delta_time = 0.0786142893632253 (length 5.5 ns) False False
2025-04-08 21:22:54,615 - [MainProcess:160745] mummi_ras.online.simulation:has_computed_enough:352 - INFO - runtime_hours*0.99 = 0.495 vs delta_time = 0.0791716119978163 (length 5.5 ns) False False
2025-04-08 21:22:54,704 - [MainProcess:160745] mummi_ras.online.simulation:get_new_frames:399 - INFO - Getting all frame numbers in trajectory from 12 to 12.
2025-04-08 21:22:54,704 - [MainProcess:160745] mummi_ras.online.cg.cganalysis:run_main_analysis:193 - INFO - Process frame 12
2025-04-08 21:22:54,704 - [MainProcess:160745] mummi_ras.online.cg.cganalysis:processFrame:554 - INFO - Load 13 frames: current frame ID /tmp/mummi/cg/structure_iter00_000000000005-20250408_211746/traj_comp.xtc
2025-04-08 21:22:54,715 - [MainProcess:160745] mummi_ras.online.cg.cganalysis:processFrame:580 - INFO - Frame:    12, Time: 6000.000 ps, Bbox = [0, 180.24762, 0, 180.24762]
2025-04-08 21:22:54,715 - [MainProcess:160745] mummi_ras.online.cg.cganalysis:processFrame:584 - INFO - Lengths of layers: 664 34 486
2025-04-08 21:22:54,821 - [MainProcess:160745] mummi_ras.online.cg.cganalysis:processFrame:765 - INFO - Time for analysis - frameNum 12, time 0.11723446846008301 s
2025-04-08 21:22:56,821 - [MainProcess:160745] mummi_ras.online.simulation:has_computed_enough:352 - INFO - runtime_hours*0.99 = 0.495 vs delta_time = 0.07978441953659057 (length 6.0 ns) False False
2025-04-08 21:22:58,828 - [MainProcess:160745] mummi_ras.online.simulation:has_computed_enough:352 - INFO - runtime_hours*0.99 = 0.495 vs delta_time = 0.08034187018871307 (length 6.0 ns) False False
2025-04-08 21:23:00,835 - [MainProcess:160745] mummi_ras.online.simulation:has_computed_enough:352 - INFO - runtime_hours*0.99 = 0.495 vs delta_time = 0.08089924434820811 (length 6.0 ns) False False
2025-04-08 21:23:02,841 - [MainProcess:160745] mummi_ras.online.simulation:has_computed_enough:352 - INFO - runtime_hours*0.99 = 0.495 vs delta_time = 0.08145661698447333 (length 6.0 ns) False False
2025-04-08 21:23:04,848 - [MainProcess:160745] mummi_ras.online.simulation:has_computed_enough:352 - INFO - runtime_hours*0.99 = 0.495 vs delta_time = 0.08201399405797323 (length 6.0 ns) False False
2025-04-08 21:23:06,854 - [MainProcess:160745] mummi_ras.online.simulation:has_computed_enough:352 - INFO - runtime_hours*0.99 = 0.495 vs delta_time = 0.08257130185763041 (length 6.0 ns) False False
2025-04-08 21:23:08,861 - [MainProcess:160745] mummi_ras.online.simulation:has_computed_enough:352 - INFO - runtime_hours*0.99 = 0.495 vs delta_time = 0.08312865098317464 (length 6.0 ns) False False
2025-04-08 21:23:10,867 - [MainProcess:160745] mummi_ras.online.simulation:has_computed_enough:352 - INFO - runtime_hours*0.99 = 0.495 vs delta_time = 0.083686067726877 (length 6.0 ns) False False
2025-04-08 21:23:12,874 - [MainProcess:160745] mummi_ras.online.simulation:has_computed_enough:352 - INFO - runtime_hours*0.99 = 0.495 vs delta_time = 0.08424343711800046 (length 6.0 ns) False False
2025-04-08 21:23:14,880 - [MainProcess:160745] mummi_ras.online.simulation:has_computed_enough:352 - INFO - runtime_hours*0.99 = 0.495 vs delta_time = 0.0848007576333152 (length 6.0 ns) False False
2025-04-08 21:23:16,887 - [MainProcess:160745] mummi_ras.online.simulation:has_computed_enough:352 - INFO - runtime_hours*0.99 = 0.495 vs delta_time = 0.085358105301857 (length 6.0 ns) False False
2025-04-08 21:23:18,893 - [MainProcess:160745] mummi_ras.online.simulation:has_computed_enough:352 - INFO - runtime_hours*0.99 = 0.495 vs delta_time = 0.08591548661390941 (length 6.0 ns) False False
2025-04-08 21:23:18,948 - [MainProcess:160745] mummi_ras.online.simulation:get_new_frames:399 - INFO - Getting all frame numbers in trajectory from 13 to 13.
2025-04-08 21:23:18,948 - [MainProcess:160745] mummi_ras.online.cg.cganalysis:run_main_analysis:193 - INFO - Process frame 13
2025-04-08 21:23:18,948 - [MainProcess:160745] mummi_ras.online.cg.cganalysis:processFrame:554 - INFO - Load 14 frames: current frame ID /tmp/mummi/cg/structure_iter00_000000000005-20250408_211746/traj_comp.xtc
2025-04-08 21:23:18,960 - [MainProcess:160745] mummi_ras.online.cg.cganalysis:processFrame:580 - INFO - Frame:    13, Time: 6500.000 ps, Bbox = [0, 181.55403, 0, 181.55403]
2025-04-08 21:23:18,960 - [MainProcess:160745] mummi_ras.online.cg.cganalysis:processFrame:584 - INFO - Lengths of layers: 663 32 489
2025-04-08 21:23:19,066 - [MainProcess:160745] mummi_ras.online.cg.cganalysis:processFrame:765 - INFO - Time for analysis - frameNum 13, time 0.11742210388183594 s
2025-04-08 21:23:21,066 - [MainProcess:160745] mummi_ras.online.simulation:has_computed_enough:352 - INFO - runtime_hours*0.99 = 0.495 vs delta_time = 0.08651912132898966 (length 6.5 ns) False False
2025-04-08 21:23:23,073 - [MainProcess:160745] mummi_ras.online.simulation:has_computed_enough:352 - INFO - runtime_hours*0.99 = 0.495 vs delta_time = 0.08707657158374786 (length 6.5 ns) False False
2025-04-08 21:23:25,080 - [MainProcess:160745] mummi_ras.online.simulation:has_computed_enough:352 - INFO - runtime_hours*0.99 = 0.495 vs delta_time = 0.08763397329383427 (length 6.5 ns) False False
2025-04-08 21:23:27,086 - [MainProcess:160745] mummi_ras.online.simulation:has_computed_enough:352 - INFO - runtime_hours*0.99 = 0.495 vs delta_time = 0.08819136116239759 (length 6.5 ns) False False
2025-04-08 21:23:29,093 - [MainProcess:160745] mummi_ras.online.simulation:has_computed_enough:352 - INFO - runtime_hours*0.99 = 0.495 vs delta_time = 0.08874868267112308 (length 6.5 ns) False False
2025-04-08 21:23:31,099 - [MainProcess:160745] mummi_ras.online.simulation:has_computed_enough:352 - INFO - runtime_hours*0.99 = 0.495 vs delta_time = 0.0893060083521737 (length 6.5 ns) False False
2025-04-08 21:23:33,106 - [MainProcess:160745] mummi_ras.online.simulation:has_computed_enough:352 - INFO - runtime_hours*0.99 = 0.495 vs delta_time = 0.08986336906750997 (length 6.5 ns) False False
2025-04-08 21:23:35,112 - [MainProcess:160745] mummi_ras.online.simulation:has_computed_enough:352 - INFO - runtime_hours*0.99 = 0.495 vs delta_time = 0.090420763625039 (length 6.5 ns) False False
2025-04-08 21:23:37,119 - [MainProcess:160745] mummi_ras.online.simulation:has_computed_enough:352 - INFO - runtime_hours*0.99 = 0.495 vs delta_time = 0.0909781371222602 (length 6.5 ns) False False
2025-04-08 21:23:39,125 - [MainProcess:160745] mummi_ras.online.simulation:has_computed_enough:352 - INFO - runtime_hours*0.99 = 0.495 vs delta_time = 0.09153553075260586 (length 6.5 ns) False False
2025-04-08 21:23:41,132 - [MainProcess:160745] mummi_ras.online.simulation:has_computed_enough:352 - INFO - runtime_hours*0.99 = 0.495 vs delta_time = 0.09209290113714007 (length 6.5 ns) False False
2025-04-08 21:23:41,286 - [MainProcess:160745] mummi_ras.online.simulation:get_new_frames:399 - INFO - Getting all frame numbers in trajectory from 14 to 14.
2025-04-08 21:23:41,286 - [MainProcess:160745] mummi_ras.online.cg.cganalysis:run_main_analysis:193 - INFO - Process frame 14
2025-04-08 21:23:41,286 - [MainProcess:160745] mummi_ras.online.cg.cganalysis:processFrame:554 - INFO - Load 15 frames: current frame ID /tmp/mummi/cg/structure_iter00_000000000005-20250408_211746/traj_comp.xtc
2025-04-08 21:23:41,297 - [MainProcess:160745] mummi_ras.online.cg.cganalysis:processFrame:580 - INFO - Frame:    14, Time: 7000.000 ps, Bbox = [0, 180.42725, 0, 180.42725]
2025-04-08 21:23:41,298 - [MainProcess:160745] mummi_ras.online.cg.cganalysis:processFrame:584 - INFO - Lengths of layers: 662 34 488
2025-04-08 21:23:41,403 - [MainProcess:160745] mummi_ras.online.cg.cganalysis:processFrame:765 - INFO - Time for analysis - frameNum 14, time 0.11694169044494629 s
2025-04-08 21:23:43,404 - [MainProcess:160745] mummi_ras.online.simulation:has_computed_enough:352 - INFO - runtime_hours*0.99 = 0.495 vs delta_time = 0.09272390418582492 (length 7.0 ns) False False
2025-04-08 21:23:45,410 - [MainProcess:160745] mummi_ras.online.simulation:has_computed_enough:352 - INFO - runtime_hours*0.99 = 0.495 vs delta_time = 0.09328136709001329 (length 7.0 ns) False False
2025-04-08 21:23:47,417 - [MainProcess:160745] mummi_ras.online.simulation:has_computed_enough:352 - INFO - runtime_hours*0.99 = 0.495 vs delta_time = 0.09383873893154993 (length 7.0 ns) False False
2025-04-08 21:23:49,423 - [MainProcess:160745] mummi_ras.online.simulation:has_computed_enough:352 - INFO - runtime_hours*0.99 = 0.495 vs delta_time = 0.09439605865213606 (length 7.0 ns) False False
2025-04-08 21:23:51,430 - [MainProcess:160745] mummi_ras.online.simulation:has_computed_enough:352 - INFO - runtime_hours*0.99 = 0.495 vs delta_time = 0.09495339406861199 (length 7.0 ns) False False
2025-04-08 21:23:53,436 - [MainProcess:160745] mummi_ras.online.simulation:has_computed_enough:352 - INFO - runtime_hours*0.99 = 0.495 vs delta_time = 0.09551076193650564 (length 7.0 ns) False False
2025-04-08 21:23:55,443 - [MainProcess:160745] mummi_ras.online.simulation:has_computed_enough:352 - INFO - runtime_hours*0.99 = 0.495 vs delta_time = 0.09606813828150432 (length 7.0 ns) False False
2025-04-08 21:23:57,449 - [MainProcess:160745] mummi_ras.online.simulation:has_computed_enough:352 - INFO - runtime_hours*0.99 = 0.495 vs delta_time = 0.09662550535466936 (length 7.0 ns) False False
2025-04-08 21:23:59,456 - [MainProcess:160745] mummi_ras.online.simulation:has_computed_enough:352 - INFO - runtime_hours*0.99 = 0.495 vs delta_time = 0.09718281163109674 (length 7.0 ns) False False
2025-04-08 21:24:01,462 - [MainProcess:160745] mummi_ras.online.simulation:has_computed_enough:352 - INFO - runtime_hours*0.99 = 0.495 vs delta_time = 0.09774013274245792 (length 7.0 ns) False False
2025-04-08 21:24:03,469 - [MainProcess:160745] mummi_ras.online.simulation:has_computed_enough:352 - INFO - runtime_hours*0.99 = 0.495 vs delta_time = 0.09829751915401883 (length 7.0 ns) False False
2025-04-08 21:24:05,475 - [MainProcess:160745] mummi_ras.online.simulation:has_computed_enough:352 - INFO - runtime_hours*0.99 = 0.495 vs delta_time = 0.09885489443937938 (length 7.0 ns) False False
2025-04-08 21:24:05,564 - [MainProcess:160745] mummi_ras.online.simulation:get_new_frames:399 - INFO - Getting all frame numbers in trajectory from 15 to 15.
2025-04-08 21:24:05,564 - [MainProcess:160745] mummi_ras.online.cg.cganalysis:run_main_analysis:193 - INFO - Process frame 15
2025-04-08 21:24:05,564 - [MainProcess:160745] mummi_ras.online.cg.cganalysis:processFrame:554 - INFO - Load 16 frames: current frame ID /tmp/mummi/cg/structure_iter00_000000000005-20250408_211746/traj_comp.xtc
2025-04-08 21:24:05,576 - [MainProcess:160745] mummi_ras.online.cg.cganalysis:processFrame:580 - INFO - Frame:    15, Time: 7500.000 ps, Bbox = [0, 181.46669, 0, 181.46669]
2025-04-08 21:24:05,576 - [MainProcess:160745] mummi_ras.online.cg.cganalysis:processFrame:584 - INFO - Lengths of layers: 659 37 488
2025-04-08 21:24:05,681 - [MainProcess:160745] mummi_ras.online.cg.cganalysis:processFrame:765 - INFO - Time for analysis - frameNum 15, time 0.11665058135986328 s
2025-04-08 21:24:07,682 - [MainProcess:160745] mummi_ras.online.simulation:has_computed_enough:352 - INFO - runtime_hours*0.99 = 0.495 vs delta_time = 0.09946785324149661 (length 7.5 ns) False False
2025-04-08 21:24:09,688 - [MainProcess:160745] mummi_ras.online.simulation:has_computed_enough:352 - INFO - runtime_hours*0.99 = 0.495 vs delta_time = 0.10002524375915528 (length 7.5 ns) False False
2025-04-08 21:24:11,695 - [MainProcess:160745] mummi_ras.online.simulation:has_computed_enough:352 - INFO - runtime_hours*0.99 = 0.495 vs delta_time = 0.10058265222443474 (length 7.5 ns) False False
2025-04-08 21:24:13,702 - [MainProcess:160745] mummi_ras.online.simulation:has_computed_enough:352 - INFO - runtime_hours*0.99 = 0.495 vs delta_time = 0.10114004797405667 (length 7.5 ns) False False
2025-04-08 21:24:15,708 - [MainProcess:160745] mummi_ras.online.simulation:has_computed_enough:352 - INFO - runtime_hours*0.99 = 0.495 vs delta_time = 0.10169737650288475 (length 7.5 ns) False False
2025-04-08 21:24:17,715 - [MainProcess:160745] mummi_ras.online.simulation:has_computed_enough:352 - INFO - runtime_hours*0.99 = 0.495 vs delta_time = 0.10225475973553128 (length 7.5 ns) False False
2025-04-08 21:24:19,721 - [MainProcess:160745] mummi_ras.online.simulation:has_computed_enough:352 - INFO - runtime_hours*0.99 = 0.495 vs delta_time = 0.10281216687626309 (length 7.5 ns) False False
2025-04-08 21:24:21,728 - [MainProcess:160745] mummi_ras.online.simulation:has_computed_enough:352 - INFO - runtime_hours*0.99 = 0.495 vs delta_time = 0.10336955222818586 (length 7.5 ns) False False
2025-04-08 21:24:23,734 - [MainProcess:160745] mummi_ras.online.simulation:has_computed_enough:352 - INFO - runtime_hours*0.99 = 0.495 vs delta_time = 0.10392687267727323 (length 7.5 ns) False False
2025-04-08 21:24:25,741 - [MainProcess:160745] mummi_ras.online.simulation:has_computed_enough:352 - INFO - runtime_hours*0.99 = 0.495 vs delta_time = 0.10448419544431899 (length 7.5 ns) False False
2025-04-08 21:24:27,747 - [MainProcess:160745] mummi_ras.online.simulation:has_computed_enough:352 - INFO - runtime_hours*0.99 = 0.495 vs delta_time = 0.10504158933957418 (length 7.5 ns) False False
2025-04-08 21:24:27,802 - [MainProcess:160745] mummi_ras.online.simulation:get_new_frames:399 - INFO - Getting all frame numbers in trajectory from 16 to 16.
2025-04-08 21:24:27,802 - [MainProcess:160745] mummi_ras.online.cg.cganalysis:run_main_analysis:193 - INFO - Process frame 16
2025-04-08 21:24:27,802 - [MainProcess:160745] mummi_ras.online.cg.cganalysis:processFrame:554 - INFO - Load 17 frames: current frame ID /tmp/mummi/cg/structure_iter00_000000000005-20250408_211746/traj_comp.xtc
2025-04-08 21:24:27,814 - [MainProcess:160745] mummi_ras.online.cg.cganalysis:processFrame:580 - INFO - Frame:    16, Time: 8000.000 ps, Bbox = [0, 181.04343, 0, 181.04343]
2025-04-08 21:24:27,814 - [MainProcess:160745] mummi_ras.online.cg.cganalysis:processFrame:584 - INFO - Lengths of layers: 659 37 488
2025-04-08 21:24:27,919 - [MainProcess:160745] mummi_ras.online.cg.cganalysis:processFrame:765 - INFO - Time for analysis - frameNum 16, time 0.1168220043182373 s
2025-04-08 21:24:29,920 - [MainProcess:160745] mummi_ras.online.simulation:has_computed_enough:352 - INFO - runtime_hours*0.99 = 0.495 vs delta_time = 0.1056451274951299 (length 8.0 ns) False False
2025-04-08 21:24:31,927 - [MainProcess:160745] mummi_ras.online.simulation:has_computed_enough:352 - INFO - runtime_hours*0.99 = 0.495 vs delta_time = 0.10620252682103051 (length 8.0 ns) False False
2025-04-08 21:24:33,933 - [MainProcess:160745] mummi_ras.online.simulation:has_computed_enough:352 - INFO - runtime_hours*0.99 = 0.495 vs delta_time = 0.10675987117820315 (length 8.0 ns) False False
2025-04-08 21:24:35,940 - [MainProcess:160745] mummi_ras.online.simulation:has_computed_enough:352 - INFO - runtime_hours*0.99 = 0.495 vs delta_time = 0.10731725513935089 (length 8.0 ns) False False
2025-04-08 21:24:37,946 - [MainProcess:160745] mummi_ras.online.simulation:has_computed_enough:352 - INFO - runtime_hours*0.99 = 0.495 vs delta_time = 0.10787461717923483 (length 8.0 ns) False False
2025-04-08 21:24:39,952 - [MainProcess:160745] mummi_ras.online.simulation:has_computed_enough:352 - INFO - runtime_hours*0.99 = 0.495 vs delta_time = 0.10843192259470621 (length 8.0 ns) False False
2025-04-08 21:24:41,959 - [MainProcess:160745] mummi_ras.online.simulation:has_computed_enough:352 - INFO - runtime_hours*0.99 = 0.495 vs delta_time = 0.10898925344149271 (length 8.0 ns) False False
2025-04-08 21:24:43,965 - [MainProcess:160745] mummi_ras.online.simulation:has_computed_enough:352 - INFO - runtime_hours*0.99 = 0.495 vs delta_time = 0.10954663773377736 (length 8.0 ns) False False
2025-04-08 21:24:45,972 - [MainProcess:160745] mummi_ras.online.simulation:has_computed_enough:352 - INFO - runtime_hours*0.99 = 0.495 vs delta_time = 0.11010403666231368 (length 8.0 ns) False False
2025-04-08 21:24:47,979 - [MainProcess:160745] mummi_ras.online.simulation:has_computed_enough:352 - INFO - runtime_hours*0.99 = 0.495 vs delta_time = 0.1106614085038503 (length 8.0 ns) False False
2025-04-08 21:24:49,985 - [MainProcess:160745] mummi_ras.online.simulation:has_computed_enough:352 - INFO - runtime_hours*0.99 = 0.495 vs delta_time = 0.11121872610516019 (length 8.0 ns) False False
2025-04-08 21:24:51,991 - [MainProcess:160745] mummi_ras.online.simulation:has_computed_enough:352 - INFO - runtime_hours*0.99 = 0.495 vs delta_time = 0.11177608165476058 (length 8.0 ns) False False
2025-04-08 21:24:52,154 - [MainProcess:160745] mummi_ras.online.simulation:get_new_frames:399 - INFO - Getting all frame numbers in trajectory from 17 to 17.
2025-04-08 21:24:52,154 - [MainProcess:160745] mummi_ras.online.cg.cganalysis:run_main_analysis:193 - INFO - Process frame 17
2025-04-08 21:24:52,154 - [MainProcess:160745] mummi_ras.online.cg.cganalysis:processFrame:554 - INFO - Load 18 frames: current frame ID /tmp/mummi/cg/structure_iter00_000000000005-20250408_211746/traj_comp.xtc
2025-04-08 21:24:52,165 - [MainProcess:160745] mummi_ras.online.cg.cganalysis:processFrame:580 - INFO - Frame:    17, Time: 8500.000 ps, Bbox = [0, 180.37416, 0, 180.37416]
2025-04-08 21:24:52,165 - [MainProcess:160745] mummi_ras.online.cg.cganalysis:processFrame:584 - INFO - Lengths of layers: 653 38 493
2025-04-08 21:24:52,271 - [MainProcess:160745] mummi_ras.online.cg.cganalysis:processFrame:765 - INFO - Time for analysis - frameNum 17, time 0.11707496643066406 s
2025-04-08 21:24:54,272 - [MainProcess:160745] mummi_ras.online.simulation:has_computed_enough:352 - INFO - runtime_hours*0.99 = 0.495 vs delta_time = 0.11240950054592556 (length 8.5 ns) False False
2025-04-08 21:24:56,278 - [MainProcess:160745] mummi_ras.online.simulation:has_computed_enough:352 - INFO - runtime_hours*0.99 = 0.495 vs delta_time = 0.11296689682536655 (length 8.5 ns) False False
2025-04-08 21:24:58,285 - [MainProcess:160745] mummi_ras.online.simulation:has_computed_enough:352 - INFO - runtime_hours*0.99 = 0.495 vs delta_time = 0.11352421522140503 (length 8.5 ns) False False
2025-04-08 21:25:00,291 - [MainProcess:160745] mummi_ras.online.simulation:has_computed_enough:352 - INFO - runtime_hours*0.99 = 0.495 vs delta_time = 0.11408154355155097 (length 8.5 ns) False False
2025-04-08 21:25:02,298 - [MainProcess:160745] mummi_ras.online.simulation:has_computed_enough:352 - INFO - runtime_hours*0.99 = 0.495 vs delta_time = 0.11463892665174272 (length 8.5 ns) False False
2025-04-08 21:25:04,304 - [MainProcess:160745] mummi_ras.online.simulation:has_computed_enough:352 - INFO - runtime_hours*0.99 = 0.495 vs delta_time = 0.11519632445441352 (length 8.5 ns) False False
2025-04-08 21:25:06,311 - [MainProcess:160745] mummi_ras.online.simulation:has_computed_enough:352 - INFO - runtime_hours*0.99 = 0.495 vs delta_time = 0.1157537086142434 (length 8.5 ns) False False
2025-04-08 21:25:08,317 - [MainProcess:160745] mummi_ras.online.simulation:has_computed_enough:352 - INFO - runtime_hours*0.99 = 0.495 vs delta_time = 0.11631101111570995 (length 8.5 ns) False False
2025-04-08 21:25:10,324 - [MainProcess:160745] mummi_ras.online.simulation:has_computed_enough:352 - INFO - runtime_hours*0.99 = 0.495 vs delta_time = 0.11686833586957719 (length 8.5 ns) False False
2025-04-08 21:25:12,330 - [MainProcess:160745] mummi_ras.online.simulation:has_computed_enough:352 - INFO - runtime_hours*0.99 = 0.495 vs delta_time = 0.11742569625377655 (length 8.5 ns) False False
2025-04-08 21:25:14,337 - [MainProcess:160745] mummi_ras.online.simulation:has_computed_enough:352 - INFO - runtime_hours*0.99 = 0.495 vs delta_time = 0.1179830887582567 (length 8.5 ns) False False
2025-04-08 21:25:16,343 - [MainProcess:160745] mummi_ras.online.simulation:has_computed_enough:352 - INFO - runtime_hours*0.99 = 0.495 vs delta_time = 0.1185404560301039 (length 8.5 ns) False False
2025-04-08 21:25:16,432 - [MainProcess:160745] mummi_ras.online.simulation:get_new_frames:399 - INFO - Getting all frame numbers in trajectory from 18 to 18.
2025-04-08 21:25:16,432 - [MainProcess:160745] mummi_ras.online.cg.cganalysis:run_main_analysis:193 - INFO - Process frame 18
2025-04-08 21:25:16,432 - [MainProcess:160745] mummi_ras.online.cg.cganalysis:processFrame:554 - INFO - Load 19 frames: current frame ID /tmp/mummi/cg/structure_iter00_000000000005-20250408_211746/traj_comp.xtc
2025-04-08 21:25:16,444 - [MainProcess:160745] mummi_ras.online.cg.cganalysis:processFrame:580 - INFO - Frame:    18, Time: 9000.000 ps, Bbox = [0, 181.20757, 0, 181.20757]
2025-04-08 21:25:16,444 - [MainProcess:160745] mummi_ras.online.cg.cganalysis:processFrame:584 - INFO - Lengths of layers: 651 45 488
2025-04-08 21:25:16,550 - [MainProcess:160745] mummi_ras.online.cg.cganalysis:processFrame:765 - INFO - Time for analysis - frameNum 18, time 0.11721563339233398 s
2025-04-08 21:25:18,550 - [MainProcess:160745] mummi_ras.online.simulation:has_computed_enough:352 - INFO - runtime_hours*0.99 = 0.495 vs delta_time = 0.11915349894099765 (length 9.0 ns) False False
2025-04-08 21:25:20,557 - [MainProcess:160745] mummi_ras.online.simulation:has_computed_enough:352 - INFO - runtime_hours*0.99 = 0.495 vs delta_time = 0.11971096787187788 (length 9.0 ns) False False
2025-04-08 21:25:22,564 - [MainProcess:160745] mummi_ras.online.simulation:has_computed_enough:352 - INFO - runtime_hours*0.99 = 0.495 vs delta_time = 0.12026836653550466 (length 9.0 ns) False False
2025-04-08 21:25:24,570 - [MainProcess:160745] mummi_ras.online.simulation:has_computed_enough:352 - INFO - runtime_hours*0.99 = 0.495 vs delta_time = 0.12082573764854007 (length 9.0 ns) False False
2025-04-08 21:25:26,577 - [MainProcess:160745] mummi_ras.online.simulation:has_computed_enough:352 - INFO - runtime_hours*0.99 = 0.495 vs delta_time = 0.12138314459058974 (length 9.0 ns) False False
2025-04-08 21:25:28,583 - [MainProcess:160745] mummi_ras.online.simulation:has_computed_enough:352 - INFO - runtime_hours*0.99 = 0.495 vs delta_time = 0.12194051139884525 (length 9.0 ns) False False
2025-04-08 21:25:30,590 - [MainProcess:160745] mummi_ras.online.simulation:has_computed_enough:352 - INFO - runtime_hours*0.99 = 0.495 vs delta_time = 0.12249787383609348 (length 9.0 ns) False False
2025-04-08 21:25:32,596 - [MainProcess:160745] mummi_ras.online.simulation:has_computed_enough:352 - INFO - runtime_hours*0.99 = 0.495 vs delta_time = 0.12305525985029009 (length 9.0 ns) False False
2025-04-08 21:25:34,603 - [MainProcess:160745] mummi_ras.online.simulation:has_computed_enough:352 - INFO - runtime_hours*0.99 = 0.495 vs delta_time = 0.12361256983545091 (length 9.0 ns) False False
2025-04-08 21:25:36,609 - [MainProcess:160745] mummi_ras.online.simulation:has_computed_enough:352 - INFO - runtime_hours*0.99 = 0.495 vs delta_time = 0.12416995578342013 (length 9.0 ns) False False
2025-04-08 21:25:38,616 - [MainProcess:160745] mummi_ras.online.simulation:has_computed_enough:352 - INFO - runtime_hours*0.99 = 0.495 vs delta_time = 0.12472736199696859 (length 9.0 ns) False False
2025-04-08 21:25:38,672 - [MainProcess:160745] mummi_ras.online.simulation:get_new_frames:399 - INFO - Getting all frame numbers in trajectory from 19 to 19.
2025-04-08 21:25:38,672 - [MainProcess:160745] mummi_ras.online.cg.cganalysis:run_main_analysis:193 - INFO - Process frame 19
2025-04-08 21:25:38,672 - [MainProcess:160745] mummi_ras.online.cg.cganalysis:processFrame:554 - INFO - Load 20 frames: current frame ID /tmp/mummi/cg/structure_iter00_000000000005-20250408_211746/traj_comp.xtc
2025-04-08 21:25:38,684 - [MainProcess:160745] mummi_ras.online.cg.cganalysis:processFrame:580 - INFO - Frame:    19, Time: 9500.000 ps, Bbox = [0, 181.34622, 0, 181.34622]
2025-04-08 21:25:38,684 - [MainProcess:160745] mummi_ras.online.cg.cganalysis:processFrame:584 - INFO - Lengths of layers: 653 41 490
2025-04-08 21:25:38,789 - [MainProcess:160745] mummi_ras.online.cg.cganalysis:processFrame:765 - INFO - Time for analysis - frameNum 19, time 0.11651182174682617 s
2025-04-08 21:25:40,789 - [MainProcess:160745] mummi_ras.online.simulation:has_computed_enough:352 - INFO - runtime_hours*0.99 = 0.495 vs delta_time = 0.1253310990995831 (length 9.5 ns) False False
2025-04-08 21:25:40,796 - [MainProcess:160745] mummi_ras.online.cg.cganalysis:processOutput:92 - INFO - Add feedback for frameNum 10 - state []
2025-04-08 21:25:40,796 - [MainProcess:160745] mummi_ras.online.cg.cganalysis:processOutput:92 - INFO - Add feedback for frameNum 11 - state []
2025-04-08 21:25:40,797 - [MainProcess:160745] mummi_ras.online.cg.cganalysis:processOutput:92 - INFO - Add feedback for frameNum 12 - state []
2025-04-08 21:25:40,797 - [MainProcess:160745] mummi_ras.online.cg.cganalysis:processOutput:92 - INFO - Add feedback for frameNum 13 - state []
2025-04-08 21:25:40,797 - [MainProcess:160745] mummi_ras.online.cg.cganalysis:processOutput:92 - INFO - Add feedback for frameNum 14 - state []
2025-04-08 21:25:40,797 - [MainProcess:160745] mummi_ras.online.cg.cganalysis:processOutput:92 - INFO - Add feedback for frameNum 15 - state []
2025-04-08 21:25:40,797 - [MainProcess:160745] mummi_ras.online.cg.cganalysis:processOutput:92 - INFO - Add feedback for frameNum 16 - state []
2025-04-08 21:25:40,797 - [MainProcess:160745] mummi_ras.online.cg.cganalysis:processOutput:92 - INFO - Add feedback for frameNum 17 - state []
2025-04-08 21:25:40,798 - [MainProcess:160745] mummi_ras.online.cg.cganalysis:processOutput:92 - INFO - Add feedback for frameNum 18 - state []
2025-04-08 21:25:40,798 - [MainProcess:160745] mummi_ras.online.cg.cganalysis:processOutput:92 - INFO - Add feedback for frameNum 19 - state []
2025-04-08 21:25:40,816 - [MainProcess:160745] mummi_core.interfaces.simple:_save_files:91 - INFO - Wrote 10 files to (/p/gpfs1/pottier1/minimummi-sc25/roots/root3/feedback-cg2ml/005)
2025-04-08 21:25:40,816 - [MainProcess:160745] mummi_ras.feedback.feedback_manager_cg2ml:report:118 - INFO - Added 10 frames (from structure_iter00_000000000005) to feedback (/p/gpfs1/pottier1/minimummi-sc25/roots/root3/feedback-cg2ml)
2025-04-08 21:25:40,816 - [MainProcess:160745] mummi_ras.online.cg.cganalysis:processOutput:112 - INFO - processOutput: 19
2025-04-08 21:25:40,816 - [MainProcess:160745] mummi_ras.online.cg.cganalysis:copyRemoteRestart:452 - INFO - Copy to remote frames [10, 11, 12, 13, 14, 15, 16, 17, 18, 19]
sending incremental file list
rsync: link_stat "/tmp/mummi/cg/structure_iter00_000000000005-20250408_211746/state.cpt" failed: No such file or directory (2)
ener.edr
md.log
mdrun.log
traj_comp.xtc

sent 4,365,210 bytes  received 92 bytes  8,730,604.00 bytes/sec
total size is 6,066,354  speedup is 1.39
rsync error: some files/attrs were not transferred (see previous errors) (code 23) at main.c(1179) [sender=3.1.2]
2025-04-08 21:25:40,911 - [MainProcess:160745] mummi_core.utils.utilities:sys_call:184 - INFO - Run command: rsync -va --no-g traj_comp.xtc topol.tpr state.cpt ener.edr md.log mdrun.log /p/gpfs1/pottier1/minimummi-sc25/roots/root3/sims-cg/structure_iter00_000000000005 || true
2025-04-08 21:25:41,342 - [MainProcess:160745] mummi_ras.interfaces.mummi:save_analysis_data:253 - INFO - Saved all analysis data for frames [10, 11, 12, 13, 14, 15, 16, 17, 18, 19]
2025-04-08 21:25:41,343 - [MainProcess:160745] mummi_ras.online.cg.cganalysis:copyRemoteLogs:350 - INFO - Copy over log files
2025-04-08 21:25:41,366 - [MainProcess:160745] mummi_core.utils.utilities:sys_call:184 - INFO - Run command: cp -r  /tmp/mummi/cg/structure_iter00_000000000005-20250408_211746/cg_analysis.out /tmp/mummi/cg/structure_iter00_000000000005-20250408_211746/traj_comp.xtc /tmp/mummi/cg/structure_iter00_000000000005-20250408_211746/*.log /p/gpfs1/pottier1/minimummi-sc25/roots/root3/sims-cg/structure_iter00_000000000005/ || true
2025-04-08 21:25:41,367 - [MainProcess:160745] mummi_ras.online.cg.cganalysis:copyRemoteLogs:365 - INFO - copyRemoteLogs =  /tmp/mummi/cg/structure_iter00_000000000005-20250408_211746/cg_analysis.out /tmp/mummi/cg/structure_iter00_000000000005-20250408_211746/traj_comp.xtc /tmp/mummi/cg/structure_iter00_000000000005-20250408_211746/*.log
2025-04-08 21:25:41,367 - [MainProcess:160745] mummi_ras.online.cg.cganalysis:cleanupLocal:375 - WARNING - Copy cleanup local only works for ddcMD files
2025-04-08 21:25:43,367 - [MainProcess:160745] mummi_ras.online.simulation:has_computed_enough:352 - INFO - runtime_hours*0.99 = 0.495 vs delta_time = 0.12604703068733214 (length 9.5 ns) False False
2025-04-08 21:25:45,371 - [MainProcess:160745] mummi_ras.online.simulation:has_computed_enough:352 - INFO - runtime_hours*0.99 = 0.495 vs delta_time = 0.1266036668750975 (length 9.5 ns) False False
2025-04-08 21:25:47,375 - [MainProcess:160745] mummi_ras.online.simulation:has_computed_enough:352 - INFO - runtime_hours*0.99 = 0.495 vs delta_time = 0.12716028279728359 (length 9.5 ns) False False
2025-04-08 21:25:49,378 - [MainProcess:160745] mummi_ras.online.simulation:has_computed_enough:352 - INFO - runtime_hours*0.99 = 0.495 vs delta_time = 0.12771689772605896 (length 9.5 ns) False False
2025-04-08 21:25:51,382 - [MainProcess:160745] mummi_ras.online.simulation:has_computed_enough:352 - INFO - runtime_hours*0.99 = 0.495 vs delta_time = 0.1282735076877806 (length 9.5 ns) False False
2025-04-08 21:25:53,386 - [MainProcess:160745] mummi_ras.online.simulation:has_computed_enough:352 - INFO - runtime_hours*0.99 = 0.495 vs delta_time = 0.12883012096087137 (length 9.5 ns) False False
2025-04-08 21:25:55,390 - [MainProcess:160745] mummi_ras.online.simulation:has_computed_enough:352 - INFO - runtime_hours*0.99 = 0.495 vs delta_time = 0.1293867328431871 (length 9.5 ns) False False
2025-04-08 21:25:57,394 - [MainProcess:160745] mummi_ras.online.simulation:has_computed_enough:352 - INFO - runtime_hours*0.99 = 0.495 vs delta_time = 0.12994334830178156 (length 9.5 ns) False False
2025-04-08 21:25:59,397 - [MainProcess:160745] mummi_ras.online.simulation:has_computed_enough:352 - INFO - runtime_hours*0.99 = 0.495 vs delta_time = 0.13049996071391634 (length 9.5 ns) False False
2025-04-08 21:26:01,401 - [MainProcess:160745] mummi_ras.online.simulation:has_computed_enough:352 - INFO - runtime_hours*0.99 = 0.495 vs delta_time = 0.13105657113922967 (length 9.5 ns) False False
2025-04-08 21:26:03,405 - [MainProcess:160745] mummi_ras.online.simulation:has_computed_enough:352 - INFO - runtime_hours*0.99 = 0.495 vs delta_time = 0.1316131874587801 (length 9.5 ns) False False
2025-04-08 21:26:03,538 - [MainProcess:160745] mummi_ras.online.simulation:get_new_frames:399 - INFO - Getting all frame numbers in trajectory from 20 to 20.
2025-04-08 21:26:03,538 - [MainProcess:160745] mummi_ras.online.cg.cganalysis:run_main_analysis:193 - INFO - Process frame 20
2025-04-08 21:26:03,538 - [MainProcess:160745] mummi_ras.online.cg.cganalysis:processFrame:554 - INFO - Load 21 frames: current frame ID /tmp/mummi/cg/structure_iter00_000000000005-20250408_211746/traj_comp.xtc
2025-04-08 21:26:03,545 - [MainProcess:160745] mummi_ras.online.cg.cganalysis:processFrame:580 - INFO - Frame:    20, Time: 10000.000 ps, Bbox = [0, 181.68268, 0, 181.68268]
2025-04-08 21:26:03,546 - [MainProcess:160745] mummi_ras.online.cg.cganalysis:processFrame:584 - INFO - Lengths of layers: 655 33 496
2025-04-08 21:26:03,606 - [MainProcess:160745] mummi_ras.online.cg.cganalysis:processFrame:765 - INFO - Time for analysis - frameNum 20, time 0.06763410568237305 s
2025-04-08 21:26:05,607 - [MainProcess:160745] mummi_ras.online.simulation:has_computed_enough:352 - INFO - runtime_hours*0.99 = 0.495 vs delta_time = 0.13222473833296033 (length 10.0 ns) False False
2025-04-08 21:26:07,611 - [MainProcess:160745] mummi_ras.online.simulation:has_computed_enough:352 - INFO - runtime_hours*0.99 = 0.495 vs delta_time = 0.1327814233965344 (length 10.0 ns) False False
2025-04-08 21:26:09,615 - [MainProcess:160745] mummi_ras.online.simulation:has_computed_enough:352 - INFO - runtime_hours*0.99 = 0.495 vs delta_time = 0.13333808342615763 (length 10.0 ns) False False
2025-04-08 21:26:11,619 - [MainProcess:160745] mummi_ras.online.simulation:has_computed_enough:352 - INFO - runtime_hours*0.99 = 0.495 vs delta_time = 0.133894728091028 (length 10.0 ns) False False
2025-04-08 21:26:13,622 - [MainProcess:160745] mummi_ras.online.simulation:has_computed_enough:352 - INFO - runtime_hours*0.99 = 0.495 vs delta_time = 0.13445137944486407 (length 10.0 ns) False False
2025-04-08 21:26:15,626 - [MainProcess:160745] mummi_ras.online.simulation:has_computed_enough:352 - INFO - runtime_hours*0.99 = 0.495 vs delta_time = 0.13500801788436043 (length 10.0 ns) False False
2025-04-08 21:26:17,630 - [MainProcess:160745] mummi_ras.online.simulation:has_computed_enough:352 - INFO - runtime_hours*0.99 = 0.495 vs delta_time = 0.1355646628803677 (length 10.0 ns) False False
2025-04-08 21:26:19,634 - [MainProcess:160745] mummi_ras.online.simulation:has_computed_enough:352 - INFO - runtime_hours*0.99 = 0.495 vs delta_time = 0.13612131006187864 (length 10.0 ns) False False
2025-04-08 21:26:21,638 - [MainProcess:160745] mummi_ras.online.simulation:has_computed_enough:352 - INFO - runtime_hours*0.99 = 0.495 vs delta_time = 0.1366779504219691 (length 10.0 ns) False False
2025-04-08 21:26:23,642 - [MainProcess:160745] mummi_ras.online.simulation:has_computed_enough:352 - INFO - runtime_hours*0.99 = 0.495 vs delta_time = 0.1372345988618003 (length 10.0 ns) False False
2025-04-08 21:26:25,646 - [MainProcess:160745] mummi_ras.online.simulation:has_computed_enough:352 - INFO - runtime_hours*0.99 = 0.495 vs delta_time = 0.13779125226868524 (length 10.0 ns) False False
2025-04-08 21:26:25,711 - [MainProcess:160745] mummi_ras.online.simulation:get_new_frames:399 - INFO - Getting all frame numbers in trajectory from 21 to 21.
2025-04-08 21:26:25,711 - [MainProcess:160745] mummi_ras.online.cg.cganalysis:run_main_analysis:193 - INFO - Process frame 21
2025-04-08 21:26:25,711 - [MainProcess:160745] mummi_ras.online.cg.cganalysis:processFrame:554 - INFO - Load 22 frames: current frame ID /tmp/mummi/cg/structure_iter00_000000000005-20250408_211746/traj_comp.xtc
2025-04-08 21:26:25,718 - [MainProcess:160745] mummi_ras.online.cg.cganalysis:processFrame:580 - INFO - Frame:    21, Time: 10500.000 ps, Bbox = [0, 181.39655, 0, 181.39655]
2025-04-08 21:26:25,718 - [MainProcess:160745] mummi_ras.online.cg.cganalysis:processFrame:584 - INFO - Lengths of layers: 655 35 494
2025-04-08 21:26:25,781 - [MainProcess:160745] mummi_ras.online.cg.cganalysis:processFrame:765 - INFO - Time for analysis - frameNum 21, time 0.0697028636932373 s
2025-04-08 21:26:27,781 - [MainProcess:160745] mummi_ras.online.simulation:has_computed_enough:352 - INFO - runtime_hours*0.99 = 0.495 vs delta_time = 0.1383843293454912 (length 10.5 ns) False False
2025-04-08 21:26:29,785 - [MainProcess:160745] mummi_ras.online.simulation:has_computed_enough:352 - INFO - runtime_hours*0.99 = 0.495 vs delta_time = 0.1389410255352656 (length 10.5 ns) False False
2025-04-08 21:26:31,789 - [MainProcess:160745] mummi_ras.online.simulation:has_computed_enough:352 - INFO - runtime_hours*0.99 = 0.495 vs delta_time = 0.13949767503473492 (length 10.5 ns) False False
2025-04-08 21:26:33,793 - [MainProcess:160745] mummi_ras.online.simulation:has_computed_enough:352 - INFO - runtime_hours*0.99 = 0.495 vs delta_time = 0.14005433354112837 (length 10.5 ns) False False
2025-04-08 21:26:35,797 - [MainProcess:160745] mummi_ras.online.simulation:has_computed_enough:352 - INFO - runtime_hours*0.99 = 0.495 vs delta_time = 0.14061098317305246 (length 10.5 ns) False False
2025-04-08 21:26:37,801 - [MainProcess:160745] mummi_ras.online.simulation:has_computed_enough:352 - INFO - runtime_hours*0.99 = 0.495 vs delta_time = 0.14116762922869788 (length 10.5 ns) False False
2025-04-08 21:26:39,805 - [MainProcess:160745] mummi_ras.online.simulation:has_computed_enough:352 - INFO - runtime_hours*0.99 = 0.495 vs delta_time = 0.1417242713769277 (length 10.5 ns) False False
2025-04-08 21:26:41,809 - [MainProcess:160745] mummi_ras.online.simulation:has_computed_enough:352 - INFO - runtime_hours*0.99 = 0.495 vs delta_time = 0.14228091345893012 (length 10.5 ns) False False
2025-04-08 21:26:43,813 - [MainProcess:160745] mummi_ras.online.simulation:has_computed_enough:352 - INFO - runtime_hours*0.99 = 0.495 vs delta_time = 0.14283756097157796 (length 10.5 ns) False False
2025-04-08 21:26:45,817 - [MainProcess:160745] mummi_ras.online.simulation:has_computed_enough:352 - INFO - runtime_hours*0.99 = 0.495 vs delta_time = 0.14339420980877346 (length 10.5 ns) False False
2025-04-08 21:26:47,821 - [MainProcess:160745] mummi_ras.online.simulation:has_computed_enough:352 - INFO - runtime_hours*0.99 = 0.495 vs delta_time = 0.1439508577187856 (length 10.5 ns) False False
2025-04-08 21:26:49,825 - [MainProcess:160745] mummi_ras.online.simulation:has_computed_enough:352 - INFO - runtime_hours*0.99 = 0.495 vs delta_time = 0.14450750754939184 (length 10.5 ns) False False
2025-04-08 21:26:49,858 - [MainProcess:160745] mummi_ras.online.simulation:get_new_frames:399 - INFO - Getting all frame numbers in trajectory from 22 to 22.
2025-04-08 21:26:49,858 - [MainProcess:160745] mummi_ras.online.cg.cganalysis:run_main_analysis:193 - INFO - Process frame 22
2025-04-08 21:26:49,858 - [MainProcess:160745] mummi_ras.online.cg.cganalysis:processFrame:554 - INFO - Load 23 frames: current frame ID /tmp/mummi/cg/structure_iter00_000000000005-20250408_211746/traj_comp.xtc
2025-04-08 21:26:49,865 - [MainProcess:160745] mummi_ras.online.cg.cganalysis:processFrame:580 - INFO - Frame:    22, Time: 11000.000 ps, Bbox = [0, 180.19722, 0, 180.19722]
2025-04-08 21:26:49,865 - [MainProcess:160745] mummi_ras.online.cg.cganalysis:processFrame:584 - INFO - Lengths of layers: 657 33 494
2025-04-08 21:26:49,926 - [MainProcess:160745] mummi_ras.online.cg.cganalysis:processFrame:765 - INFO - Time for analysis - frameNum 22, time 0.06769299507141113 s
2025-04-08 21:26:51,926 - [MainProcess:160745] mummi_ras.online.simulation:has_computed_enough:352 - INFO - runtime_hours*0.99 = 0.495 vs delta_time = 0.14509131411711376 (length 11.0 ns) False False
2025-04-08 21:26:53,930 - [MainProcess:160745] mummi_ras.online.simulation:has_computed_enough:352 - INFO - runtime_hours*0.99 = 0.495 vs delta_time = 0.1456479247411092 (length 11.0 ns) False False
2025-04-08 21:26:55,934 - [MainProcess:160745] mummi_ras.online.simulation:has_computed_enough:352 - INFO - runtime_hours*0.99 = 0.495 vs delta_time = 0.1462044976154963 (length 11.0 ns) False False
2025-04-08 21:26:57,937 - [MainProcess:160745] mummi_ras.online.simulation:has_computed_enough:352 - INFO - runtime_hours*0.99 = 0.495 vs delta_time = 0.14676106499301061 (length 11.0 ns) False False
2025-04-08 21:26:59,941 - [MainProcess:160745] mummi_ras.online.simulation:has_computed_enough:352 - INFO - runtime_hours*0.99 = 0.495 vs delta_time = 0.14731763256920707 (length 11.0 ns) False False
2025-04-08 21:27:01,945 - [MainProcess:160745] mummi_ras.online.simulation:has_computed_enough:352 - INFO - runtime_hours*0.99 = 0.495 vs delta_time = 0.14787419743008084 (length 11.0 ns) False False
2025-04-08 21:27:03,948 - [MainProcess:160745] mummi_ras.online.simulation:has_computed_enough:352 - INFO - runtime_hours*0.99 = 0.495 vs delta_time = 0.1484307747417026 (length 11.0 ns) False False
2025-04-08 21:27:05,952 - [MainProcess:160745] mummi_ras.online.simulation:has_computed_enough:352 - INFO - runtime_hours*0.99 = 0.495 vs delta_time = 0.14898736827903325 (length 11.0 ns) False False
2025-04-08 21:27:07,956 - [MainProcess:160745] mummi_ras.online.simulation:has_computed_enough:352 - INFO - runtime_hours*0.99 = 0.495 vs delta_time = 0.14954394221305847 (length 11.0 ns) False False
2025-04-08 21:27:09,959 - [MainProcess:160745] mummi_ras.online.simulation:has_computed_enough:352 - INFO - runtime_hours*0.99 = 0.495 vs delta_time = 0.15010051137871214 (length 11.0 ns) False False
2025-04-08 21:27:11,963 - [MainProcess:160745] mummi_ras.online.simulation:has_computed_enough:352 - INFO - runtime_hours*0.99 = 0.495 vs delta_time = 0.15065708259741464 (length 11.0 ns) False False
2025-04-08 21:27:13,967 - [MainProcess:160745] mummi_ras.online.simulation:has_computed_enough:352 - INFO - runtime_hours*0.99 = 0.495 vs delta_time = 0.15121364957756467 (length 11.0 ns) False False
2025-04-08 21:27:14,095 - [MainProcess:160745] mummi_ras.online.simulation:get_new_frames:399 - INFO - Getting all frame numbers in trajectory from 23 to 23.
2025-04-08 21:27:14,095 - [MainProcess:160745] mummi_ras.online.cg.cganalysis:run_main_analysis:193 - INFO - Process frame 23
2025-04-08 21:27:14,095 - [MainProcess:160745] mummi_ras.online.cg.cganalysis:processFrame:554 - INFO - Load 24 frames: current frame ID /tmp/mummi/cg/structure_iter00_000000000005-20250408_211746/traj_comp.xtc
2025-04-08 21:27:14,102 - [MainProcess:160745] mummi_ras.online.cg.cganalysis:processFrame:580 - INFO - Frame:    23, Time: 11500.000 ps, Bbox = [0, 179.926, 0, 179.926]
2025-04-08 21:27:14,103 - [MainProcess:160745] mummi_ras.online.cg.cganalysis:processFrame:584 - INFO - Lengths of layers: 656 37 491
2025-04-08 21:27:14,163 - [MainProcess:160745] mummi_ras.online.cg.cganalysis:processFrame:765 - INFO - Time for analysis - frameNum 23, time 0.06751632690429688 s
2025-04-08 21:27:16,163 - [MainProcess:160745] mummi_ras.online.simulation:has_computed_enough:352 - INFO - runtime_hours*0.99 = 0.495 vs delta_time = 0.15182386822170682 (length 11.5 ns) False False
2025-04-08 21:27:18,167 - [MainProcess:160745] mummi_ras.online.simulation:has_computed_enough:352 - INFO - runtime_hours*0.99 = 0.495 vs delta_time = 0.15238050752215915 (length 11.5 ns) False False
2025-04-08 21:27:20,171 - [MainProcess:160745] mummi_ras.online.simulation:has_computed_enough:352 - INFO - runtime_hours*0.99 = 0.495 vs delta_time = 0.15293712887499067 (length 11.5 ns) False False
2025-04-08 21:27:22,175 - [MainProcess:160745] mummi_ras.online.simulation:has_computed_enough:352 - INFO - runtime_hours*0.99 = 0.495 vs delta_time = 0.1534937365187539 (length 11.5 ns) False False
2025-04-08 21:27:24,179 - [MainProcess:160745] mummi_ras.online.simulation:has_computed_enough:352 - INFO - runtime_hours*0.99 = 0.495 vs delta_time = 0.15405033985773722 (length 11.5 ns) False False
2025-04-08 21:27:26,183 - [MainProcess:160745] mummi_ras.online.simulation:has_computed_enough:352 - INFO - runtime_hours*0.99 = 0.495 vs delta_time = 0.1546069401502609 (length 11.5 ns) False False
2025-04-08 21:27:28,186 - [MainProcess:160745] mummi_ras.online.simulation:has_computed_enough:352 - INFO - runtime_hours*0.99 = 0.495 vs delta_time = 0.1551635401778751 (length 11.5 ns) False False
2025-04-08 21:27:30,190 - [MainProcess:160745] mummi_ras.online.simulation:has_computed_enough:352 - INFO - runtime_hours*0.99 = 0.495 vs delta_time = 0.15572014603349899 (length 11.5 ns) False False
2025-04-08 21:27:32,194 - [MainProcess:160745] mummi_ras.online.simulation:has_computed_enough:352 - INFO - runtime_hours*0.99 = 0.495 vs delta_time = 0.156276773346795 (length 11.5 ns) False False
2025-04-08 21:27:34,198 - [MainProcess:160745] mummi_ras.online.simulation:has_computed_enough:352 - INFO - runtime_hours*0.99 = 0.495 vs delta_time = 0.15683338860670726 (length 11.5 ns) False False
2025-04-08 21:27:36,202 - [MainProcess:160745] mummi_ras.online.simulation:has_computed_enough:352 - INFO - runtime_hours*0.99 = 0.495 vs delta_time = 0.15738999678028953 (length 11.5 ns) False False
2025-04-08 21:27:36,268 - [MainProcess:160745] mummi_ras.online.simulation:get_new_frames:399 - INFO - Getting all frame numbers in trajectory from 24 to 24.
2025-04-08 21:27:36,268 - [MainProcess:160745] mummi_ras.online.cg.cganalysis:run_main_analysis:193 - INFO - Process frame 24
2025-04-08 21:27:36,268 - [MainProcess:160745] mummi_ras.online.cg.cganalysis:processFrame:554 - INFO - Load 25 frames: current frame ID /tmp/mummi/cg/structure_iter00_000000000005-20250408_211746/traj_comp.xtc
2025-04-08 21:27:36,275 - [MainProcess:160745] mummi_ras.online.cg.cganalysis:processFrame:580 - INFO - Frame:    24, Time: 12000.000 ps, Bbox = [0, 179.74966, 0, 179.74966]
2025-04-08 21:27:36,275 - [MainProcess:160745] mummi_ras.online.cg.cganalysis:processFrame:584 - INFO - Lengths of layers: 656 37 491
2025-04-08 21:27:36,336 - [MainProcess:160745] mummi_ras.online.cg.cganalysis:processFrame:765 - INFO - Time for analysis - frameNum 24, time 0.06744170188903809 s
2025-04-08 21:27:38,336 - [MainProcess:160745] mummi_ras.online.simulation:has_computed_enough:352 - INFO - runtime_hours*0.99 = 0.495 vs delta_time = 0.15798296325736574 (length 12.0 ns) False False
2025-04-08 21:27:40,340 - [MainProcess:160745] mummi_ras.online.simulation:has_computed_enough:352 - INFO - runtime_hours*0.99 = 0.495 vs delta_time = 0.15853959341843923 (length 12.0 ns) False False
2025-04-08 21:27:42,344 - [MainProcess:160745] mummi_ras.online.simulation:has_computed_enough:352 - INFO - runtime_hours*0.99 = 0.495 vs delta_time = 0.15909619126054975 (length 12.0 ns) False False
2025-04-08 21:27:44,348 - [MainProcess:160745] mummi_ras.online.simulation:has_computed_enough:352 - INFO - runtime_hours*0.99 = 0.495 vs delta_time = 0.15965279122193654 (length 12.0 ns) False False
2025-04-08 21:27:46,351 - [MainProcess:160745] mummi_ras.online.simulation:has_computed_enough:352 - INFO - runtime_hours*0.99 = 0.495 vs delta_time = 0.16020938515663147 (length 12.0 ns) False False
2025-04-08 21:27:48,355 - [MainProcess:160745] mummi_ras.online.simulation:has_computed_enough:352 - INFO - runtime_hours*0.99 = 0.495 vs delta_time = 0.1607659877008862 (length 12.0 ns) False False
2025-04-08 21:27:50,359 - [MainProcess:160745] mummi_ras.online.simulation:has_computed_enough:352 - INFO - runtime_hours*0.99 = 0.495 vs delta_time = 0.16132258103953467 (length 12.0 ns) False False
2025-04-08 21:27:52,363 - [MainProcess:160745] mummi_ras.online.simulation:has_computed_enough:352 - INFO - runtime_hours*0.99 = 0.495 vs delta_time = 0.16187917682859632 (length 12.0 ns) False False
2025-04-08 21:27:54,366 - [MainProcess:160745] mummi_ras.online.simulation:has_computed_enough:352 - INFO - runtime_hours*0.99 = 0.495 vs delta_time = 0.1624357799026701 (length 12.0 ns) False False
2025-04-08 21:27:56,370 - [MainProcess:160745] mummi_ras.online.simulation:has_computed_enough:352 - INFO - runtime_hours*0.99 = 0.495 vs delta_time = 0.16299237999651167 (length 12.0 ns) False False
2025-04-08 21:27:58,374 - [MainProcess:160745] mummi_ras.online.simulation:has_computed_enough:352 - INFO - runtime_hours*0.99 = 0.495 vs delta_time = 0.16354898817009397 (length 12.0 ns) False False
2025-04-08 21:28:00,378 - [MainProcess:160745] mummi_ras.online.simulation:has_computed_enough:352 - INFO - runtime_hours*0.99 = 0.495 vs delta_time = 0.16410557919078403 (length 12.0 ns) False False
2025-04-08 21:28:00,411 - [MainProcess:160745] mummi_ras.online.simulation:get_new_frames:399 - INFO - Getting all frame numbers in trajectory from 25 to 25.
2025-04-08 21:28:00,411 - [MainProcess:160745] mummi_ras.online.cg.cganalysis:run_main_analysis:193 - INFO - Process frame 25
2025-04-08 21:28:00,411 - [MainProcess:160745] mummi_ras.online.cg.cganalysis:processFrame:554 - INFO - Load 26 frames: current frame ID /tmp/mummi/cg/structure_iter00_000000000005-20250408_211746/traj_comp.xtc
2025-04-08 21:28:00,418 - [MainProcess:160745] mummi_ras.online.cg.cganalysis:processFrame:580 - INFO - Frame:    25, Time: 12500.000 ps, Bbox = [0, 180.23901, 0, 180.23901]
2025-04-08 21:28:00,418 - [MainProcess:160745] mummi_ras.online.cg.cganalysis:processFrame:584 - INFO - Lengths of layers: 658 38 488
2025-04-08 21:28:00,479 - [MainProcess:160745] mummi_ras.online.cg.cganalysis:processFrame:765 - INFO - Time for analysis - frameNum 25, time 0.06785178184509277 s
2025-04-08 21:28:02,479 - [MainProcess:160745] mummi_ras.online.simulation:has_computed_enough:352 - INFO - runtime_hours*0.99 = 0.495 vs delta_time = 0.16468936999638875 (length 12.5 ns) False False
2025-04-08 21:28:04,483 - [MainProcess:160745] mummi_ras.online.simulation:has_computed_enough:352 - INFO - runtime_hours*0.99 = 0.495 vs delta_time = 0.16524597393141852 (length 12.5 ns) False False
2025-04-08 21:28:06,487 - [MainProcess:160745] mummi_ras.online.simulation:has_computed_enough:352 - INFO - runtime_hours*0.99 = 0.495 vs delta_time = 0.16580255647500355 (length 12.5 ns) False False
2025-04-08 21:28:08,490 - [MainProcess:160745] mummi_ras.online.simulation:has_computed_enough:352 - INFO - runtime_hours*0.99 = 0.495 vs delta_time = 0.16635913060771093 (length 12.5 ns) False False
2025-04-08 21:28:10,494 - [MainProcess:160745] mummi_ras.online.simulation:has_computed_enough:352 - INFO - runtime_hours*0.99 = 0.495 vs delta_time = 0.16691571010483636 (length 12.5 ns) False False
2025-04-08 21:28:12,498 - [MainProcess:160745] mummi_ras.online.simulation:has_computed_enough:352 - INFO - runtime_hours*0.99 = 0.495 vs delta_time = 0.16747228191958533 (length 12.5 ns) False False
2025-04-08 21:28:14,501 - [MainProcess:160745] mummi_ras.online.simulation:has_computed_enough:352 - INFO - runtime_hours*0.99 = 0.495 vs delta_time = 0.16802884128358628 (length 12.5 ns) False False
2025-04-08 21:28:16,505 - [MainProcess:160745] mummi_ras.online.simulation:has_computed_enough:352 - INFO - runtime_hours*0.99 = 0.495 vs delta_time = 0.16858541429042817 (length 12.5 ns) False False
2025-04-08 21:28:18,509 - [MainProcess:160745] mummi_ras.online.simulation:has_computed_enough:352 - INFO - runtime_hours*0.99 = 0.495 vs delta_time = 0.169141988158226 (length 12.5 ns) False False
2025-04-08 21:28:20,512 - [MainProcess:160745] mummi_ras.online.simulation:has_computed_enough:352 - INFO - runtime_hours*0.99 = 0.495 vs delta_time = 0.1696985712978575 (length 12.5 ns) False False
2025-04-08 21:28:22,516 - [MainProcess:160745] mummi_ras.online.simulation:has_computed_enough:352 - INFO - runtime_hours*0.99 = 0.495 vs delta_time = 0.17025514543056489 (length 12.5 ns) False False
2025-04-08 21:28:24,520 - [MainProcess:160745] mummi_ras.online.simulation:has_computed_enough:352 - INFO - runtime_hours*0.99 = 0.495 vs delta_time = 0.17081170598665874 (length 12.5 ns) False False
2025-04-08 21:28:24,652 - [MainProcess:160745] mummi_ras.online.simulation:get_new_frames:399 - INFO - Getting all frame numbers in trajectory from 26 to 26.
2025-04-08 21:28:24,652 - [MainProcess:160745] mummi_ras.online.cg.cganalysis:run_main_analysis:193 - INFO - Process frame 26
2025-04-08 21:28:24,652 - [MainProcess:160745] mummi_ras.online.cg.cganalysis:processFrame:554 - INFO - Load 27 frames: current frame ID /tmp/mummi/cg/structure_iter00_000000000005-20250408_211746/traj_comp.xtc
2025-04-08 21:28:24,659 - [MainProcess:160745] mummi_ras.online.cg.cganalysis:processFrame:580 - INFO - Frame:    26, Time: 13000.000 ps, Bbox = [0, 180.06866, 0, 180.06866]
2025-04-08 21:28:24,659 - [MainProcess:160745] mummi_ras.online.cg.cganalysis:processFrame:584 - INFO - Lengths of layers: 656 30 498
2025-04-08 21:28:24,720 - [MainProcess:160745] mummi_ras.online.cg.cganalysis:processFrame:765 - INFO - Time for analysis - frameNum 26, time 0.06826257705688477 s
2025-04-08 21:28:26,721 - [MainProcess:160745] mummi_ras.online.simulation:has_computed_enough:352 - INFO - runtime_hours*0.99 = 0.495 vs delta_time = 0.17142317401038276 (length 13.0 ns) False False
2025-04-08 21:28:28,725 - [MainProcess:160745] mummi_ras.online.simulation:has_computed_enough:352 - INFO - runtime_hours*0.99 = 0.495 vs delta_time = 0.17197978774706524 (length 13.0 ns) False False
2025-04-08 21:28:30,728 - [MainProcess:160745] mummi_ras.online.simulation:has_computed_enough:352 - INFO - runtime_hours*0.99 = 0.495 vs delta_time = 0.17253637260860866 (length 13.0 ns) False False
2025-04-08 21:28:32,732 - [MainProcess:160745] mummi_ras.online.simulation:has_computed_enough:352 - INFO - runtime_hours*0.99 = 0.495 vs delta_time = 0.17309293932384914 (length 13.0 ns) False False
2025-04-08 21:28:34,736 - [MainProcess:160745] mummi_ras.online.simulation:has_computed_enough:352 - INFO - runtime_hours*0.99 = 0.495 vs delta_time = 0.1736495045158598 (length 13.0 ns) False False
2025-04-08 21:28:36,739 - [MainProcess:160745] mummi_ras.online.simulation:has_computed_enough:352 - INFO - runtime_hours*0.99 = 0.495 vs delta_time = 0.17420609924528335 (length 13.0 ns) False False
2025-04-08 21:28:38,743 - [MainProcess:160745] mummi_ras.online.simulation:has_computed_enough:352 - INFO - runtime_hours*0.99 = 0.495 vs delta_time = 0.1747626918554306 (length 13.0 ns) False False
2025-04-08 21:28:40,747 - [MainProcess:160745] mummi_ras.online.simulation:has_computed_enough:352 - INFO - runtime_hours*0.99 = 0.495 vs delta_time = 0.17531927506128947 (length 13.0 ns) False False
2025-04-08 21:28:42,751 - [MainProcess:160745] mummi_ras.online.simulation:has_computed_enough:352 - INFO - runtime_hours*0.99 = 0.495 vs delta_time = 0.1758758482668135 (length 13.0 ns) False False
2025-04-08 21:28:44,754 - [MainProcess:160745] mummi_ras.online.simulation:has_computed_enough:352 - INFO - runtime_hours*0.99 = 0.495 vs delta_time = 0.17643242763148415 (length 13.0 ns) False False
2025-04-08 21:28:46,758 - [MainProcess:160745] mummi_ras.online.simulation:has_computed_enough:352 - INFO - runtime_hours*0.99 = 0.495 vs delta_time = 0.17698900461196898 (length 13.0 ns) False False
2025-04-08 21:28:46,837 - [MainProcess:160745] mummi_ras.online.simulation:get_new_frames:399 - INFO - Getting all frame numbers in trajectory from 27 to 27.
2025-04-08 21:28:46,837 - [MainProcess:160745] mummi_ras.online.cg.cganalysis:run_main_analysis:193 - INFO - Process frame 27
2025-04-08 21:28:46,837 - [MainProcess:160745] mummi_ras.online.cg.cganalysis:processFrame:554 - INFO - Load 28 frames: current frame ID /tmp/mummi/cg/structure_iter00_000000000005-20250408_211746/traj_comp.xtc
2025-04-08 21:28:46,844 - [MainProcess:160745] mummi_ras.online.cg.cganalysis:processFrame:580 - INFO - Frame:    27, Time: 13500.000 ps, Bbox = [0, 180.33537, 0, 180.33537]
2025-04-08 21:28:46,844 - [MainProcess:160745] mummi_ras.online.cg.cganalysis:processFrame:584 - INFO - Lengths of layers: 658 28 498
2025-04-08 21:28:46,905 - [MainProcess:160745] mummi_ras.online.cg.cganalysis:processFrame:765 - INFO - Time for analysis - frameNum 27, time 0.06790971755981445 s
2025-04-08 21:28:48,906 - [MainProcess:160745] mummi_ras.online.simulation:has_computed_enough:352 - INFO - runtime_hours*0.99 = 0.495 vs delta_time = 0.1775855900843938 (length 13.5 ns) False False
2025-04-08 21:28:50,910 - [MainProcess:160745] mummi_ras.online.simulation:has_computed_enough:352 - INFO - runtime_hours*0.99 = 0.495 vs delta_time = 0.17814227130677965 (length 13.5 ns) False False
2025-04-08 21:28:52,914 - [MainProcess:160745] mummi_ras.online.simulation:has_computed_enough:352 - INFO - runtime_hours*0.99 = 0.495 vs delta_time = 0.17869891338878208 (length 13.5 ns) False False
2025-04-08 21:28:54,918 - [MainProcess:160745] mummi_ras.online.simulation:has_computed_enough:352 - INFO - runtime_hours*0.99 = 0.495 vs delta_time = 0.17925555182827843 (length 13.5 ns) False False
2025-04-08 21:28:56,921 - [MainProcess:160745] mummi_ras.online.simulation:has_computed_enough:352 - INFO - runtime_hours*0.99 = 0.495 vs delta_time = 0.17981219073136648 (length 13.5 ns) False False
2025-04-08 21:28:58,925 - [MainProcess:160745] mummi_ras.online.simulation:has_computed_enough:352 - INFO - runtime_hours*0.99 = 0.495 vs delta_time = 0.18036882791254255 (length 13.5 ns) False False
2025-04-08 21:29:00,929 - [MainProcess:160745] mummi_ras.online.simulation:has_computed_enough:352 - INFO - runtime_hours*0.99 = 0.495 vs delta_time = 0.1809254703256819 (length 13.5 ns) False False
2025-04-08 21:29:02,933 - [MainProcess:160745] mummi_ras.online.simulation:has_computed_enough:352 - INFO - runtime_hours*0.99 = 0.495 vs delta_time = 0.18148211459318797 (length 13.5 ns) False False
2025-04-08 21:29:04,937 - [MainProcess:160745] mummi_ras.online.simulation:has_computed_enough:352 - INFO - runtime_hours*0.99 = 0.495 vs delta_time = 0.18203876038392386 (length 13.5 ns) False False
2025-04-08 21:29:06,941 - [MainProcess:160745] mummi_ras.online.simulation:has_computed_enough:352 - INFO - runtime_hours*0.99 = 0.495 vs delta_time = 0.18259542372491624 (length 13.5 ns) False False
2025-04-08 21:29:08,945 - [MainProcess:160745] mummi_ras.online.simulation:has_computed_enough:352 - INFO - runtime_hours*0.99 = 0.495 vs delta_time = 0.18315206699901157 (length 13.5 ns) False False
2025-04-08 21:29:10,949 - [MainProcess:160745] mummi_ras.online.simulation:has_computed_enough:352 - INFO - runtime_hours*0.99 = 0.495 vs delta_time = 0.18370871431297725 (length 13.5 ns) False False
2025-04-08 21:29:10,983 - [MainProcess:160745] mummi_ras.online.simulation:get_new_frames:399 - INFO - Getting all frame numbers in trajectory from 28 to 28.
2025-04-08 21:29:10,983 - [MainProcess:160745] mummi_ras.online.cg.cganalysis:run_main_analysis:193 - INFO - Process frame 28
2025-04-08 21:29:10,983 - [MainProcess:160745] mummi_ras.online.cg.cganalysis:processFrame:554 - INFO - Load 29 frames: current frame ID /tmp/mummi/cg/structure_iter00_000000000005-20250408_211746/traj_comp.xtc
2025-04-08 21:29:10,990 - [MainProcess:160745] mummi_ras.online.cg.cganalysis:processFrame:580 - INFO - Frame:    28, Time: 14000.000 ps, Bbox = [0, 179.80302, 0, 179.80302]
2025-04-08 21:29:10,990 - [MainProcess:160745] mummi_ras.online.cg.cganalysis:processFrame:584 - INFO - Lengths of layers: 655 30 499
2025-04-08 21:29:11,053 - [MainProcess:160745] mummi_ras.online.cg.cganalysis:processFrame:765 - INFO - Time for analysis - frameNum 28, time 0.07009363174438477 s
2025-04-08 21:29:13,054 - [MainProcess:160745] mummi_ras.online.simulation:has_computed_enough:352 - INFO - runtime_hours*0.99 = 0.495 vs delta_time = 0.18429343508349524 (length 14.0 ns) False False
2025-04-08 21:29:15,058 - [MainProcess:160745] mummi_ras.online.simulation:has_computed_enough:352 - INFO - runtime_hours*0.99 = 0.495 vs delta_time = 0.18485013829337227 (length 14.0 ns) False False
2025-04-08 21:29:17,062 - [MainProcess:160745] mummi_ras.online.simulation:has_computed_enough:352 - INFO - runtime_hours*0.99 = 0.495 vs delta_time = 0.18540678924984402 (length 14.0 ns) False False
2025-04-08 21:29:19,066 - [MainProcess:160745] mummi_ras.online.simulation:has_computed_enough:352 - INFO - runtime_hours*0.99 = 0.495 vs delta_time = 0.18596345014042326 (length 14.0 ns) False False
2025-04-08 21:29:21,070 - [MainProcess:160745] mummi_ras.online.simulation:has_computed_enough:352 - INFO - runtime_hours*0.99 = 0.495 vs delta_time = 0.18652009977234735 (length 14.0 ns) False False
2025-04-08 21:29:23,074 - [MainProcess:160745] mummi_ras.online.simulation:has_computed_enough:352 - INFO - runtime_hours*0.99 = 0.495 vs delta_time = 0.18707674847708808 (length 14.0 ns) False False
2025-04-08 21:29:25,078 - [MainProcess:160745] mummi_ras.online.simulation:has_computed_enough:352 - INFO - runtime_hours*0.99 = 0.495 vs delta_time = 0.1876333933406406 (length 14.0 ns) False False
2025-04-08 21:29:27,082 - [MainProcess:160745] mummi_ras.online.simulation:has_computed_enough:352 - INFO - runtime_hours*0.99 = 0.495 vs delta_time = 0.18819004151556226 (length 14.0 ns) False False
2025-04-08 21:29:29,086 - [MainProcess:160745] mummi_ras.online.simulation:has_computed_enough:352 - INFO - runtime_hours*0.99 = 0.495 vs delta_time = 0.1887466863791148 (length 14.0 ns) False False
2025-04-08 21:29:31,090 - [MainProcess:160745] mummi_ras.online.simulation:has_computed_enough:352 - INFO - runtime_hours*0.99 = 0.495 vs delta_time = 0.18930333256721496 (length 14.0 ns) False False
2025-04-08 21:29:33,093 - [MainProcess:160745] mummi_ras.online.simulation:has_computed_enough:352 - INFO - runtime_hours*0.99 = 0.495 vs delta_time = 0.18985998292764028 (length 14.0 ns) False False
2025-04-08 21:29:35,097 - [MainProcess:160745] mummi_ras.online.simulation:has_computed_enough:352 - INFO - runtime_hours*0.99 = 0.495 vs delta_time = 0.19041663189729055 (length 14.0 ns) False False
2025-04-08 21:29:35,356 - [MainProcess:160745] mummi_ras.online.simulation:get_new_frames:399 - INFO - Getting all frame numbers in trajectory from 29 to 29.
2025-04-08 21:29:35,356 - [MainProcess:160745] mummi_ras.online.cg.cganalysis:run_main_analysis:193 - INFO - Process frame 29
2025-04-08 21:29:35,356 - [MainProcess:160745] mummi_ras.online.cg.cganalysis:processFrame:554 - INFO - Load 30 frames: current frame ID /tmp/mummi/cg/structure_iter00_000000000005-20250408_211746/traj_comp.xtc
2025-04-08 21:29:35,363 - [MainProcess:160745] mummi_ras.online.cg.cganalysis:processFrame:580 - INFO - Frame:    29, Time: 14500.000 ps, Bbox = [0, 180.28812, 0, 180.28812]
2025-04-08 21:29:35,363 - [MainProcess:160745] mummi_ras.online.cg.cganalysis:processFrame:584 - INFO - Lengths of layers: 657 28 499
2025-04-08 21:29:35,424 - [MainProcess:160745] mummi_ras.online.cg.cganalysis:processFrame:765 - INFO - Time for analysis - frameNum 29, time 0.06796956062316895 s
2025-04-08 21:29:37,424 - [MainProcess:160745] mummi_ras.online.simulation:has_computed_enough:352 - INFO - runtime_hours*0.99 = 0.495 vs delta_time = 0.19106304638915592 (length 14.5 ns) False False
2025-04-08 21:29:37,428 - [MainProcess:160745] mummi_ras.online.cg.cganalysis:processOutput:92 - INFO - Add feedback for frameNum 20 - state []
2025-04-08 21:29:37,428 - [MainProcess:160745] mummi_ras.online.cg.cganalysis:processOutput:92 - INFO - Add feedback for frameNum 21 - state []
2025-04-08 21:29:37,428 - [MainProcess:160745] mummi_ras.online.cg.cganalysis:processOutput:92 - INFO - Add feedback for frameNum 22 - state []
2025-04-08 21:29:37,429 - [MainProcess:160745] mummi_ras.online.cg.cganalysis:processOutput:92 - INFO - Add feedback for frameNum 23 - state []
2025-04-08 21:29:37,429 - [MainProcess:160745] mummi_ras.online.cg.cganalysis:processOutput:92 - INFO - Add feedback for frameNum 24 - state []
2025-04-08 21:29:37,429 - [MainProcess:160745] mummi_ras.online.cg.cganalysis:processOutput:92 - INFO - Add feedback for frameNum 25 - state []
2025-04-08 21:29:37,429 - [MainProcess:160745] mummi_ras.online.cg.cganalysis:processOutput:92 - INFO - Add feedback for frameNum 26 - state []
2025-04-08 21:29:37,429 - [MainProcess:160745] mummi_ras.online.cg.cganalysis:processOutput:92 - INFO - Add feedback for frameNum 27 - state []
2025-04-08 21:29:37,429 - [MainProcess:160745] mummi_ras.online.cg.cganalysis:processOutput:92 - INFO - Add feedback for frameNum 28 - state []
2025-04-08 21:29:37,429 - [MainProcess:160745] mummi_ras.online.cg.cganalysis:processOutput:92 - INFO - Add feedback for frameNum 29 - state []
2025-04-08 21:29:37,439 - [MainProcess:160745] mummi_core.interfaces.simple:_save_files:91 - INFO - Wrote 10 files to (/p/gpfs1/pottier1/minimummi-sc25/roots/root3/feedback-cg2ml/005)
2025-04-08 21:29:37,440 - [MainProcess:160745] mummi_ras.feedback.feedback_manager_cg2ml:report:118 - INFO - Added 10 frames (from structure_iter00_000000000005) to feedback (/p/gpfs1/pottier1/minimummi-sc25/roots/root3/feedback-cg2ml)
2025-04-08 21:29:37,440 - [MainProcess:160745] mummi_ras.online.cg.cganalysis:processOutput:112 - INFO - processOutput: 29
2025-04-08 21:29:37,440 - [MainProcess:160745] mummi_ras.online.cg.cganalysis:copyRemoteRestart:452 - INFO - Copy to remote frames [20, 21, 22, 23, 24, 25, 26, 27, 28, 29]
sending incremental file list
rsync: link_stat "/tmp/mummi/cg/structure_iter00_000000000005-20250408_211746/state.cpt" failed: No such file or directory (2)
ener.edr
md.log
mdrun.log
traj_comp.xtc

sent 6,535,540 bytes  received 92 bytes  13,071,264.00 bytes/sec
total size is 8,236,156  speedup is 1.26
rsync error: some files/attrs were not transferred (see previous errors) (code 23) at main.c(1179) [sender=3.1.2]
2025-04-08 21:29:37,731 - [MainProcess:160745] mummi_core.utils.utilities:sys_call:184 - INFO - Run command: rsync -va --no-g traj_comp.xtc topol.tpr state.cpt ener.edr md.log mdrun.log /p/gpfs1/pottier1/minimummi-sc25/roots/root3/sims-cg/structure_iter00_000000000005 || true
2025-04-08 21:29:38,083 - [MainProcess:160745] mummi_ras.interfaces.mummi:save_analysis_data:253 - INFO - Saved all analysis data for frames [20, 21, 22, 23, 24, 25, 26, 27, 28, 29]
2025-04-08 21:29:38,084 - [MainProcess:160745] mummi_ras.online.cg.cganalysis:copyRemoteLogs:350 - INFO - Copy over log files
2025-04-08 21:29:38,116 - [MainProcess:160745] mummi_core.utils.utilities:sys_call:184 - INFO - Run command: cp -r  /tmp/mummi/cg/structure_iter00_000000000005-20250408_211746/cg_analysis.out /tmp/mummi/cg/structure_iter00_000000000005-20250408_211746/traj_comp.xtc /tmp/mummi/cg/structure_iter00_000000000005-20250408_211746/*.log /p/gpfs1/pottier1/minimummi-sc25/roots/root3/sims-cg/structure_iter00_000000000005/ || true
2025-04-08 21:29:38,116 - [MainProcess:160745] mummi_ras.online.cg.cganalysis:copyRemoteLogs:365 - INFO - copyRemoteLogs =  /tmp/mummi/cg/structure_iter00_000000000005-20250408_211746/cg_analysis.out /tmp/mummi/cg/structure_iter00_000000000005-20250408_211746/traj_comp.xtc /tmp/mummi/cg/structure_iter00_000000000005-20250408_211746/*.log
2025-04-08 21:29:38,116 - [MainProcess:160745] mummi_ras.online.cg.cganalysis:cleanupLocal:375 - WARNING - Copy cleanup local only works for ddcMD files
2025-04-08 21:29:40,116 - [MainProcess:160745] mummi_ras.online.simulation:has_computed_enough:352 - INFO - runtime_hours*0.99 = 0.495 vs delta_time = 0.1918107486433453 (length 14.5 ns) False False
2025-04-08 21:29:42,123 - [MainProcess:160745] mummi_ras.online.simulation:has_computed_enough:352 - INFO - runtime_hours*0.99 = 0.495 vs delta_time = 0.19236811419328054 (length 14.5 ns) False False
2025-04-08 21:29:44,129 - [MainProcess:160745] mummi_ras.online.simulation:has_computed_enough:352 - INFO - runtime_hours*0.99 = 0.495 vs delta_time = 0.19292551318804424 (length 14.5 ns) False False
2025-04-08 21:29:46,136 - [MainProcess:160745] mummi_ras.online.simulation:has_computed_enough:352 - INFO - runtime_hours*0.99 = 0.495 vs delta_time = 0.19348290231492785 (length 14.5 ns) False False
2025-04-08 21:29:48,142 - [MainProcess:160745] mummi_ras.online.simulation:has_computed_enough:352 - INFO - runtime_hours*0.99 = 0.495 vs delta_time = 0.19404020561112298 (length 14.5 ns) False False
2025-04-08 21:29:50,149 - [MainProcess:160745] mummi_ras.online.simulation:has_computed_enough:352 - INFO - runtime_hours*0.99 = 0.495 vs delta_time = 0.19459758977095287 (length 14.5 ns) False False
2025-04-08 21:29:52,155 - [MainProcess:160745] mummi_ras.online.simulation:has_computed_enough:352 - INFO - runtime_hours*0.99 = 0.495 vs delta_time = 0.1951549552546607 (length 14.5 ns) False False
2025-04-08 21:29:54,162 - [MainProcess:160745] mummi_ras.online.simulation:has_computed_enough:352 - INFO - runtime_hours*0.99 = 0.495 vs delta_time = 0.19571227080292172 (length 14.5 ns) False False
2025-04-08 21:29:56,168 - [MainProcess:160745] mummi_ras.online.simulation:has_computed_enough:352 - INFO - runtime_hours*0.99 = 0.495 vs delta_time = 0.1962696463531918 (length 14.5 ns) False False
2025-04-08 21:29:58,175 - [MainProcess:160745] mummi_ras.online.simulation:has_computed_enough:352 - INFO - runtime_hours*0.99 = 0.495 vs delta_time = 0.19682701461844973 (length 14.5 ns) False False
2025-04-08 21:29:58,336 - [MainProcess:160745] mummi_ras.online.simulation:get_new_frames:399 - INFO - Getting all frame numbers in trajectory from 30 to 30.
2025-04-08 21:29:58,336 - [MainProcess:160745] mummi_ras.online.cg.cganalysis:run_main_analysis:193 - INFO - Process frame 30
2025-04-08 21:29:58,336 - [MainProcess:160745] mummi_ras.online.cg.cganalysis:processFrame:554 - INFO - Load 31 frames: current frame ID /tmp/mummi/cg/structure_iter00_000000000005-20250408_211746/traj_comp.xtc
2025-04-08 21:29:58,348 - [MainProcess:160745] mummi_ras.online.cg.cganalysis:processFrame:580 - INFO - Frame:    30, Time: 15000.000 ps, Bbox = [0, 179.91606, 0, 179.91606]
2025-04-08 21:29:58,348 - [MainProcess:160745] mummi_ras.online.cg.cganalysis:processFrame:584 - INFO - Lengths of layers: 654 38 492
2025-04-08 21:29:58,454 - [MainProcess:160745] mummi_ras.online.cg.cganalysis:processFrame:765 - INFO - Time for analysis - frameNum 30, time 0.11733222007751465 s
2025-04-08 21:30:00,454 - [MainProcess:160745] mummi_ras.online.simulation:has_computed_enough:352 - INFO - runtime_hours*0.99 = 0.495 vs delta_time = 0.19746021608511607 (length 15.0 ns) False False
2025-04-08 21:30:02,461 - [MainProcess:160745] mummi_ras.online.simulation:has_computed_enough:352 - INFO - runtime_hours*0.99 = 0.495 vs delta_time = 0.19801766640610166 (length 15.0 ns) False False
2025-04-08 21:30:04,468 - [MainProcess:160745] mummi_ras.online.simulation:has_computed_enough:352 - INFO - runtime_hours*0.99 = 0.495 vs delta_time = 0.19857503665818108 (length 15.0 ns) False False
2025-04-08 21:30:06,474 - [MainProcess:160745] mummi_ras.online.simulation:has_computed_enough:352 - INFO - runtime_hours*0.99 = 0.495 vs delta_time = 0.1991324618127611 (length 15.0 ns) False False
2025-04-08 21:30:08,481 - [MainProcess:160745] mummi_ras.online.simulation:has_computed_enough:352 - INFO - runtime_hours*0.99 = 0.495 vs delta_time = 0.19968977206283145 (length 15.0 ns) False False
2025-04-08 21:30:10,487 - [MainProcess:160745] mummi_ras.online.simulation:has_computed_enough:352 - INFO - runtime_hours*0.99 = 0.495 vs delta_time = 0.20024714827537538 (length 15.0 ns) False False
2025-04-08 21:30:12,494 - [MainProcess:160745] mummi_ras.online.simulation:has_computed_enough:352 - INFO - runtime_hours*0.99 = 0.495 vs delta_time = 0.2008044422335095 (length 15.0 ns) False False
2025-04-08 21:30:14,500 - [MainProcess:160745] mummi_ras.online.simulation:has_computed_enough:352 - INFO - runtime_hours*0.99 = 0.495 vs delta_time = 0.2013618114921782 (length 15.0 ns) False False
2025-04-08 21:30:16,506 - [MainProcess:160745] mummi_ras.online.simulation:has_computed_enough:352 - INFO - runtime_hours*0.99 = 0.495 vs delta_time = 0.20191906909147897 (length 15.0 ns) False False
2025-04-08 21:30:18,513 - [MainProcess:160745] mummi_ras.online.simulation:has_computed_enough:352 - INFO - runtime_hours*0.99 = 0.495 vs delta_time = 0.20247644411193 (length 15.0 ns) False False
2025-04-08 21:30:20,519 - [MainProcess:160745] mummi_ras.online.simulation:has_computed_enough:352 - INFO - runtime_hours*0.99 = 0.495 vs delta_time = 0.2030337886015574 (length 15.0 ns) False False
2025-04-08 21:30:22,525 - [MainProcess:160745] mummi_ras.online.simulation:has_computed_enough:352 - INFO - runtime_hours*0.99 = 0.495 vs delta_time = 0.20359109216266208 (length 15.0 ns) False False
2025-04-08 21:30:22,584 - [MainProcess:160745] mummi_ras.online.simulation:get_new_frames:399 - INFO - Getting all frame numbers in trajectory from 31 to 31.
2025-04-08 21:30:22,585 - [MainProcess:160745] mummi_ras.online.cg.cganalysis:run_main_analysis:193 - INFO - Process frame 31
2025-04-08 21:30:22,585 - [MainProcess:160745] mummi_ras.online.cg.cganalysis:processFrame:554 - INFO - Load 32 frames: current frame ID /tmp/mummi/cg/structure_iter00_000000000005-20250408_211746/traj_comp.xtc
2025-04-08 21:30:22,596 - [MainProcess:160745] mummi_ras.online.cg.cganalysis:processFrame:580 - INFO - Frame:    31, Time: 15500.000 ps, Bbox = [0, 180.10211, 0, 180.10211]
2025-04-08 21:30:22,596 - [MainProcess:160745] mummi_ras.online.cg.cganalysis:processFrame:584 - INFO - Lengths of layers: 652 39 493
2025-04-08 21:30:22,701 - [MainProcess:160745] mummi_ras.online.cg.cganalysis:processFrame:765 - INFO - Time for analysis - frameNum 31, time 0.11672592163085938 s
2025-04-08 21:30:24,702 - [MainProcess:160745] mummi_ras.online.simulation:has_computed_enough:352 - INFO - runtime_hours*0.99 = 0.495 vs delta_time = 0.20419566730658215 (length 15.5 ns) False False
2025-04-08 21:30:26,709 - [MainProcess:160745] mummi_ras.online.simulation:has_computed_enough:352 - INFO - runtime_hours*0.99 = 0.495 vs delta_time = 0.20475311703152127 (length 15.5 ns) False False
2025-04-08 21:30:28,715 - [MainProcess:160745] mummi_ras.online.simulation:has_computed_enough:352 - INFO - runtime_hours*0.99 = 0.495 vs delta_time = 0.20531042946709527 (length 15.5 ns) False False
2025-04-08 21:30:30,722 - [MainProcess:160745] mummi_ras.online.simulation:has_computed_enough:352 - INFO - runtime_hours*0.99 = 0.495 vs delta_time = 0.20586781945493488 (length 15.5 ns) False False
2025-04-08 21:30:32,728 - [MainProcess:160745] mummi_ras.online.simulation:has_computed_enough:352 - INFO - runtime_hours*0.99 = 0.495 vs delta_time = 0.20642512910895877 (length 15.5 ns) False False
2025-04-08 21:30:34,735 - [MainProcess:160745] mummi_ras.online.simulation:has_computed_enough:352 - INFO - runtime_hours*0.99 = 0.495 vs delta_time = 0.20698251134819454 (length 15.5 ns) False False
2025-04-08 21:30:36,741 - [MainProcess:160745] mummi_ras.online.simulation:has_computed_enough:352 - INFO - runtime_hours*0.99 = 0.495 vs delta_time = 0.20753986861970689 (length 15.5 ns) False False
2025-04-08 21:30:38,747 - [MainProcess:160745] mummi_ras.online.simulation:has_computed_enough:352 - INFO - runtime_hours*0.99 = 0.495 vs delta_time = 0.20809721145364973 (length 15.5 ns) False False
2025-04-08 21:30:40,754 - [MainProcess:160745] mummi_ras.online.simulation:has_computed_enough:352 - INFO - runtime_hours*0.99 = 0.495 vs delta_time = 0.2086545811759101 (length 15.5 ns) False False
2025-04-08 21:30:42,760 - [MainProcess:160745] mummi_ras.online.simulation:has_computed_enough:352 - INFO - runtime_hours*0.99 = 0.495 vs delta_time = 0.2092118853992886 (length 15.5 ns) False False
2025-04-08 21:30:44,767 - [MainProcess:160745] mummi_ras.online.simulation:has_computed_enough:352 - INFO - runtime_hours*0.99 = 0.495 vs delta_time = 0.2097692600886027 (length 15.5 ns) False False
2025-04-08 21:30:45,178 - [MainProcess:160745] mummi_ras.online.simulation:get_new_frames:399 - INFO - Getting all frame numbers in trajectory from 32 to 32.
2025-04-08 21:30:45,179 - [MainProcess:160745] mummi_ras.online.cg.cganalysis:run_main_analysis:193 - INFO - Process frame 32
2025-04-08 21:30:45,179 - [MainProcess:160745] mummi_ras.online.cg.cganalysis:processFrame:554 - INFO - Load 33 frames: current frame ID /tmp/mummi/cg/structure_iter00_000000000005-20250408_211746/traj_comp.xtc
2025-04-08 21:30:45,190 - [MainProcess:160745] mummi_ras.online.cg.cganalysis:processFrame:580 - INFO - Frame:    32, Time: 16000.000 ps, Bbox = [0, 181.31508, 0, 181.31508]
2025-04-08 21:30:45,190 - [MainProcess:160745] mummi_ras.online.cg.cganalysis:processFrame:584 - INFO - Lengths of layers: 652 36 496
2025-04-08 21:30:45,295 - [MainProcess:160745] mummi_ras.online.cg.cganalysis:processFrame:765 - INFO - Time for analysis - frameNum 32, time 0.1163947582244873 s
2025-04-08 21:30:47,296 - [MainProcess:160745] mummi_ras.online.simulation:has_computed_enough:352 - INFO - runtime_hours*0.99 = 0.495 vs delta_time = 0.21047173824575213 (length 16.0 ns) False False
2025-04-08 21:30:49,303 - [MainProcess:160745] mummi_ras.online.simulation:has_computed_enough:352 - INFO - runtime_hours*0.99 = 0.495 vs delta_time = 0.21102917399671342 (length 16.0 ns) False False
2025-04-08 21:30:51,309 - [MainProcess:160745] mummi_ras.online.simulation:has_computed_enough:352 - INFO - runtime_hours*0.99 = 0.495 vs delta_time = 0.21158656239509582 (length 16.0 ns) False False
2025-04-08 21:30:53,316 - [MainProcess:160745] mummi_ras.online.simulation:has_computed_enough:352 - INFO - runtime_hours*0.99 = 0.495 vs delta_time = 0.21214394536283282 (length 16.0 ns) False False
2025-04-08 21:30:55,322 - [MainProcess:160745] mummi_ras.online.simulation:has_computed_enough:352 - INFO - runtime_hours*0.99 = 0.495 vs delta_time = 0.2127013431655036 (length 16.0 ns) False False
2025-04-08 21:30:57,329 - [MainProcess:160745] mummi_ras.online.simulation:has_computed_enough:352 - INFO - runtime_hours*0.99 = 0.495 vs delta_time = 0.21325866176022423 (length 16.0 ns) False False
2025-04-08 21:30:59,335 - [MainProcess:160745] mummi_ras.online.simulation:has_computed_enough:352 - INFO - runtime_hours*0.99 = 0.495 vs delta_time = 0.21381602022382948 (length 16.0 ns) False False
2025-04-08 21:31:01,342 - [MainProcess:160745] mummi_ras.online.simulation:has_computed_enough:352 - INFO - runtime_hours*0.99 = 0.495 vs delta_time = 0.21437341067526075 (length 16.0 ns) False False
2025-04-08 21:31:03,348 - [MainProcess:160745] mummi_ras.online.simulation:has_computed_enough:352 - INFO - runtime_hours*0.99 = 0.495 vs delta_time = 0.214930706553989 (length 16.0 ns) False False
2025-04-08 21:31:05,355 - [MainProcess:160745] mummi_ras.online.simulation:has_computed_enough:352 - INFO - runtime_hours*0.99 = 0.495 vs delta_time = 0.2154880730311076 (length 16.0 ns) False False
2025-04-08 21:31:07,361 - [MainProcess:160745] mummi_ras.online.simulation:has_computed_enough:352 - INFO - runtime_hours*0.99 = 0.495 vs delta_time = 0.21604549196031358 (length 16.0 ns) False False
2025-04-08 21:31:09,368 - [MainProcess:160745] mummi_ras.online.simulation:has_computed_enough:352 - INFO - runtime_hours*0.99 = 0.495 vs delta_time = 0.21660279737578497 (length 16.0 ns) False False
2025-04-08 21:31:09,533 - [MainProcess:160745] mummi_ras.online.simulation:get_new_frames:399 - INFO - Getting all frame numbers in trajectory from 33 to 33.
2025-04-08 21:31:09,534 - [MainProcess:160745] mummi_ras.online.cg.cganalysis:run_main_analysis:193 - INFO - Process frame 33
2025-04-08 21:31:09,534 - [MainProcess:160745] mummi_ras.online.cg.cganalysis:processFrame:554 - INFO - Load 34 frames: current frame ID /tmp/mummi/cg/structure_iter00_000000000005-20250408_211746/traj_comp.xtc
2025-04-08 21:31:09,545 - [MainProcess:160745] mummi_ras.online.cg.cganalysis:processFrame:580 - INFO - Frame:    33, Time: 16500.000 ps, Bbox = [0, 180.4088, 0, 180.4088]
2025-04-08 21:31:09,545 - [MainProcess:160745] mummi_ras.online.cg.cganalysis:processFrame:584 - INFO - Lengths of layers: 655 32 497
2025-04-08 21:31:09,650 - [MainProcess:160745] mummi_ras.online.cg.cganalysis:processFrame:765 - INFO - Time for analysis - frameNum 33, time 0.1166694164276123 s
2025-04-08 21:31:11,651 - [MainProcess:160745] mummi_ras.online.simulation:has_computed_enough:352 - INFO - runtime_hours*0.99 = 0.495 vs delta_time = 0.21723712272114223 (length 16.5 ns) False False
2025-04-08 21:31:13,658 - [MainProcess:160745] mummi_ras.online.simulation:has_computed_enough:352 - INFO - runtime_hours*0.99 = 0.495 vs delta_time = 0.21779454900158776 (length 16.5 ns) False False
2025-04-08 21:31:15,664 - [MainProcess:160745] mummi_ras.online.simulation:has_computed_enough:352 - INFO - runtime_hours*0.99 = 0.495 vs delta_time = 0.21835188183519574 (length 16.5 ns) False False
2025-04-08 21:31:17,671 - [MainProcess:160745] mummi_ras.online.simulation:has_computed_enough:352 - INFO - runtime_hours*0.99 = 0.495 vs delta_time = 0.2189092676507102 (length 16.5 ns) False False
2025-04-08 21:31:19,677 - [MainProcess:160745] mummi_ras.online.simulation:has_computed_enough:352 - INFO - runtime_hours*0.99 = 0.495 vs delta_time = 0.21946661995516883 (length 16.5 ns) False False
2025-04-08 21:31:21,684 - [MainProcess:160745] mummi_ras.online.simulation:has_computed_enough:352 - INFO - runtime_hours*0.99 = 0.495 vs delta_time = 0.2200239571597841 (length 16.5 ns) False False
2025-04-08 21:31:23,690 - [MainProcess:160745] mummi_ras.online.simulation:has_computed_enough:352 - INFO - runtime_hours*0.99 = 0.495 vs delta_time = 0.22058133237891728 (length 16.5 ns) False False
2025-04-08 21:31:25,697 - [MainProcess:160745] mummi_ras.online.simulation:has_computed_enough:352 - INFO - runtime_hours*0.99 = 0.495 vs delta_time = 0.2211387143532435 (length 16.5 ns) False False
2025-04-08 21:31:27,703 - [MainProcess:160745] mummi_ras.online.simulation:has_computed_enough:352 - INFO - runtime_hours*0.99 = 0.495 vs delta_time = 0.22169608447286818 (length 16.5 ns) False False
2025-04-08 21:31:29,710 - [MainProcess:160745] mummi_ras.online.simulation:has_computed_enough:352 - INFO - runtime_hours*0.99 = 0.495 vs delta_time = 0.22225339538521238 (length 16.5 ns) False False
2025-04-08 21:31:31,716 - [MainProcess:160745] mummi_ras.online.simulation:has_computed_enough:352 - INFO - runtime_hours*0.99 = 0.495 vs delta_time = 0.2228107656372918 (length 16.5 ns) False False
2025-04-08 21:31:31,776 - [MainProcess:160745] mummi_ras.online.simulation:get_new_frames:399 - INFO - Getting all frame numbers in trajectory from 34 to 34.
2025-04-08 21:31:31,776 - [MainProcess:160745] mummi_ras.online.cg.cganalysis:run_main_analysis:193 - INFO - Process frame 34
2025-04-08 21:31:31,776 - [MainProcess:160745] mummi_ras.online.cg.cganalysis:processFrame:554 - INFO - Load 35 frames: current frame ID /tmp/mummi/cg/structure_iter00_000000000005-20250408_211746/traj_comp.xtc
2025-04-08 21:31:31,788 - [MainProcess:160745] mummi_ras.online.cg.cganalysis:processFrame:580 - INFO - Frame:    34, Time: 17000.000 ps, Bbox = [0, 180.2958, 0, 180.2958]
2025-04-08 21:31:31,788 - [MainProcess:160745] mummi_ras.online.cg.cganalysis:processFrame:584 - INFO - Lengths of layers: 653 34 497
2025-04-08 21:31:31,893 - [MainProcess:160745] mummi_ras.online.cg.cganalysis:processFrame:765 - INFO - Time for analysis - frameNum 34, time 0.11667871475219727 s
2025-04-08 21:31:33,894 - [MainProcess:160745] mummi_ras.online.simulation:has_computed_enough:352 - INFO - runtime_hours*0.99 = 0.495 vs delta_time = 0.22341556343767377 (length 17.0 ns) False False
2025-04-08 21:31:35,900 - [MainProcess:160745] mummi_ras.online.simulation:has_computed_enough:352 - INFO - runtime_hours*0.99 = 0.495 vs delta_time = 0.22397296547889708 (length 17.0 ns) False False
2025-04-08 21:31:37,907 - [MainProcess:160745] mummi_ras.online.simulation:has_computed_enough:352 - INFO - runtime_hours*0.99 = 0.495 vs delta_time = 0.22453033712175158 (length 17.0 ns) False False
2025-04-08 21:31:39,913 - [MainProcess:160745] mummi_ras.online.simulation:has_computed_enough:352 - INFO - runtime_hours*0.99 = 0.495 vs delta_time = 0.22508770949310727 (length 17.0 ns) False False
2025-04-08 21:31:41,919 - [MainProcess:160745] mummi_ras.online.simulation:has_computed_enough:352 - INFO - runtime_hours*0.99 = 0.495 vs delta_time = 0.22564497490723928 (length 17.0 ns) False False
2025-04-08 21:31:43,926 - [MainProcess:160745] mummi_ras.online.simulation:has_computed_enough:352 - INFO - runtime_hours*0.99 = 0.495 vs delta_time = 0.226202271911833 (length 17.0 ns) False False
2025-04-08 21:31:45,932 - [MainProcess:160745] mummi_ras.online.simulation:has_computed_enough:352 - INFO - runtime_hours*0.99 = 0.495 vs delta_time = 0.22675965792602962 (length 17.0 ns) False False
2025-04-08 21:31:47,939 - [MainProcess:160745] mummi_ras.online.simulation:has_computed_enough:352 - INFO - runtime_hours*0.99 = 0.495 vs delta_time = 0.2273170393043094 (length 17.0 ns) False False
2025-04-08 21:31:49,945 - [MainProcess:160745] mummi_ras.online.simulation:has_computed_enough:352 - INFO - runtime_hours*0.99 = 0.495 vs delta_time = 0.22787440399328868 (length 17.0 ns) False False
2025-04-08 21:31:51,952 - [MainProcess:160745] mummi_ras.online.simulation:has_computed_enough:352 - INFO - runtime_hours*0.99 = 0.495 vs delta_time = 0.22843170232243007 (length 17.0 ns) False False
2025-04-08 21:31:53,958 - [MainProcess:160745] mummi_ras.online.simulation:has_computed_enough:352 - INFO - runtime_hours*0.99 = 0.495 vs delta_time = 0.22898904204368592 (length 17.0 ns) False False
2025-04-08 21:31:55,965 - [MainProcess:160745] mummi_ras.online.simulation:has_computed_enough:352 - INFO - runtime_hours*0.99 = 0.495 vs delta_time = 0.22954643507798514 (length 17.0 ns) False False
2025-04-08 21:31:56,161 - [MainProcess:160745] mummi_ras.online.simulation:get_new_frames:399 - INFO - Getting all frame numbers in trajectory from 35 to 35.
2025-04-08 21:31:56,162 - [MainProcess:160745] mummi_ras.online.cg.cganalysis:run_main_analysis:193 - INFO - Process frame 35
2025-04-08 21:31:56,162 - [MainProcess:160745] mummi_ras.online.cg.cganalysis:processFrame:554 - INFO - Load 36 frames: current frame ID /tmp/mummi/cg/structure_iter00_000000000005-20250408_211746/traj_comp.xtc
2025-04-08 21:31:56,174 - [MainProcess:160745] mummi_ras.online.cg.cganalysis:processFrame:580 - INFO - Frame:    35, Time: 17500.000 ps, Bbox = [0, 179.77142, 0, 179.77142]
2025-04-08 21:31:56,174 - [MainProcess:160745] mummi_ras.online.cg.cganalysis:processFrame:584 - INFO - Lengths of layers: 655 29 500
2025-04-08 21:31:56,278 - [MainProcess:160745] mummi_ras.online.cg.cganalysis:processFrame:765 - INFO - Time for analysis - frameNum 35, time 0.11646342277526855 s
2025-04-08 21:31:58,279 - [MainProcess:160745] mummi_ras.online.simulation:has_computed_enough:352 - INFO - runtime_hours*0.99 = 0.495 vs delta_time = 0.23018928190072377 (length 17.5 ns) False False
2025-04-08 21:32:00,286 - [MainProcess:160745] mummi_ras.online.simulation:has_computed_enough:352 - INFO - runtime_hours*0.99 = 0.495 vs delta_time = 0.2307467375199 (length 17.5 ns) False False
2025-04-08 21:32:02,292 - [MainProcess:160745] mummi_ras.online.simulation:has_computed_enough:352 - INFO - runtime_hours*0.99 = 0.495 vs delta_time = 0.2313041051228841 (length 17.5 ns) False False
2025-04-08 21:32:04,299 - [MainProcess:160745] mummi_ras.online.simulation:has_computed_enough:352 - INFO - runtime_hours*0.99 = 0.495 vs delta_time = 0.231861422724194 (length 17.5 ns) False False
2025-04-08 21:32:06,305 - [MainProcess:160745] mummi_ras.online.simulation:has_computed_enough:352 - INFO - runtime_hours*0.99 = 0.495 vs delta_time = 0.2324188228448232 (length 17.5 ns) False False
2025-04-08 21:32:08,312 - [MainProcess:160745] mummi_ras.online.simulation:has_computed_enough:352 - INFO - runtime_hours*0.99 = 0.495 vs delta_time = 0.2329761975341373 (length 17.5 ns) False False
2025-04-08 21:32:10,318 - [MainProcess:160745] mummi_ras.online.simulation:has_computed_enough:352 - INFO - runtime_hours*0.99 = 0.495 vs delta_time = 0.23353349738650853 (length 17.5 ns) False False
2025-04-08 21:32:12,325 - [MainProcess:160745] mummi_ras.online.simulation:has_computed_enough:352 - INFO - runtime_hours*0.99 = 0.495 vs delta_time = 0.23409085856543646 (length 17.5 ns) False False
2025-04-08 21:32:14,331 - [MainProcess:160745] mummi_ras.online.simulation:has_computed_enough:352 - INFO - runtime_hours*0.99 = 0.495 vs delta_time = 0.23464824808968437 (length 17.5 ns) False False
2025-04-08 21:32:16,338 - [MainProcess:160745] mummi_ras.online.simulation:has_computed_enough:352 - INFO - runtime_hours*0.99 = 0.495 vs delta_time = 0.23520555429988438 (length 17.5 ns) False False
2025-04-08 21:32:18,344 - [MainProcess:160745] mummi_ras.online.simulation:has_computed_enough:352 - INFO - runtime_hours*0.99 = 0.495 vs delta_time = 0.23576292620764838 (length 17.5 ns) False False
2025-04-08 21:32:18,522 - [MainProcess:160745] mummi_ras.online.simulation:get_new_frames:399 - INFO - Getting all frame numbers in trajectory from 36 to 36.
2025-04-08 21:32:18,522 - [MainProcess:160745] mummi_ras.online.cg.cganalysis:run_main_analysis:193 - INFO - Process frame 36
2025-04-08 21:32:18,522 - [MainProcess:160745] mummi_ras.online.cg.cganalysis:processFrame:554 - INFO - Load 37 frames: current frame ID /tmp/mummi/cg/structure_iter00_000000000005-20250408_211746/traj_comp.xtc
2025-04-08 21:32:18,534 - [MainProcess:160745] mummi_ras.online.cg.cganalysis:processFrame:580 - INFO - Frame:    36, Time: 18000.000 ps, Bbox = [0, 179.93845, 0, 179.93845]
2025-04-08 21:32:18,534 - [MainProcess:160745] mummi_ras.online.cg.cganalysis:processFrame:584 - INFO - Lengths of layers: 654 33 497
2025-04-08 21:32:18,639 - [MainProcess:160745] mummi_ras.online.cg.cganalysis:processFrame:765 - INFO - Time for analysis - frameNum 36, time 0.1167609691619873 s
2025-04-08 21:32:20,640 - [MainProcess:160745] mummi_ras.online.simulation:has_computed_enough:352 - INFO - runtime_hours*0.99 = 0.495 vs delta_time = 0.2364005595445633 (length 18.0 ns) False False
2025-04-08 21:32:22,646 - [MainProcess:160745] mummi_ras.online.simulation:has_computed_enough:352 - INFO - runtime_hours*0.99 = 0.495 vs delta_time = 0.23695800205071768 (length 18.0 ns) False False
2025-04-08 21:32:24,652 - [MainProcess:160745] mummi_ras.online.simulation:has_computed_enough:352 - INFO - runtime_hours*0.99 = 0.495 vs delta_time = 0.23751526017983754 (length 18.0 ns) False False
2025-04-08 21:32:26,659 - [MainProcess:160745] mummi_ras.online.simulation:has_computed_enough:352 - INFO - runtime_hours*0.99 = 0.495 vs delta_time = 0.23807264109452567 (length 18.0 ns) False False
2025-04-08 21:32:28,666 - [MainProcess:160745] mummi_ras.online.simulation:has_computed_enough:352 - INFO - runtime_hours*0.99 = 0.495 vs delta_time = 0.2386300124062432 (length 18.0 ns) False False
2025-04-08 21:32:30,672 - [MainProcess:160745] mummi_ras.online.simulation:has_computed_enough:352 - INFO - runtime_hours*0.99 = 0.495 vs delta_time = 0.23918731609980265 (length 18.0 ns) False False
2025-04-08 21:32:32,678 - [MainProcess:160745] mummi_ras.online.simulation:has_computed_enough:352 - INFO - runtime_hours*0.99 = 0.495 vs delta_time = 0.2397446644306183 (length 18.0 ns) False False
2025-04-08 21:32:34,685 - [MainProcess:160745] mummi_ras.online.simulation:has_computed_enough:352 - INFO - runtime_hours*0.99 = 0.495 vs delta_time = 0.2403020414378908 (length 18.0 ns) False False
2025-04-08 21:32:36,691 - [MainProcess:160745] mummi_ras.online.simulation:has_computed_enough:352 - INFO - runtime_hours*0.99 = 0.495 vs delta_time = 0.24085934771431816 (length 18.0 ns) False False
2025-04-08 21:32:38,698 - [MainProcess:160745] mummi_ras.online.simulation:has_computed_enough:352 - INFO - runtime_hours*0.99 = 0.495 vs delta_time = 0.24141671783394283 (length 18.0 ns) False False
2025-04-08 21:32:40,704 - [MainProcess:160745] mummi_ras.online.simulation:has_computed_enough:352 - INFO - runtime_hours*0.99 = 0.495 vs delta_time = 0.24197408318519592 (length 18.0 ns) False False
2025-04-08 21:32:42,711 - [MainProcess:160745] mummi_ras.online.simulation:has_computed_enough:352 - INFO - runtime_hours*0.99 = 0.495 vs delta_time = 0.24253145111931695 (length 18.0 ns) False False
2025-04-08 21:32:42,765 - [MainProcess:160745] mummi_ras.online.simulation:get_new_frames:399 - INFO - Getting all frame numbers in trajectory from 37 to 37.
2025-04-08 21:32:42,766 - [MainProcess:160745] mummi_ras.online.cg.cganalysis:run_main_analysis:193 - INFO - Process frame 37
2025-04-08 21:32:42,766 - [MainProcess:160745] mummi_ras.online.cg.cganalysis:processFrame:554 - INFO - Load 38 frames: current frame ID /tmp/mummi/cg/structure_iter00_000000000005-20250408_211746/traj_comp.xtc
2025-04-08 21:32:42,777 - [MainProcess:160745] mummi_ras.online.cg.cganalysis:processFrame:580 - INFO - Frame:    37, Time: 18500.000 ps, Bbox = [0, 180.39008, 0, 180.39008]
2025-04-08 21:32:42,777 - [MainProcess:160745] mummi_ras.online.cg.cganalysis:processFrame:584 - INFO - Lengths of layers: 657 29 498
2025-04-08 21:32:42,882 - [MainProcess:160745] mummi_ras.online.cg.cganalysis:processFrame:765 - INFO - Time for analysis - frameNum 37, time 0.11597466468811035 s
2025-04-08 21:32:44,882 - [MainProcess:160745] mummi_ras.online.simulation:has_computed_enough:352 - INFO - runtime_hours*0.99 = 0.495 vs delta_time = 0.24313471211327448 (length 18.5 ns) False False
2025-04-08 21:32:46,889 - [MainProcess:160745] mummi_ras.online.simulation:has_computed_enough:352 - INFO - runtime_hours*0.99 = 0.495 vs delta_time = 0.2436921476655536 (length 18.5 ns) False False
2025-04-08 21:32:48,896 - [MainProcess:160745] mummi_ras.online.simulation:has_computed_enough:352 - INFO - runtime_hours*0.99 = 0.495 vs delta_time = 0.24424954387876724 (length 18.5 ns) False False
2025-04-08 21:32:50,902 - [MainProcess:160745] mummi_ras.online.simulation:has_computed_enough:352 - INFO - runtime_hours*0.99 = 0.495 vs delta_time = 0.24480685393015544 (length 18.5 ns) False False
2025-04-08 21:32:52,909 - [MainProcess:160745] mummi_ras.online.simulation:has_computed_enough:352 - INFO - runtime_hours*0.99 = 0.495 vs delta_time = 0.2453642072280248 (length 18.5 ns) False False
2025-04-08 21:32:54,915 - [MainProcess:160745] mummi_ras.online.simulation:has_computed_enough:352 - INFO - runtime_hours*0.99 = 0.495 vs delta_time = 0.24592158509625328 (length 18.5 ns) False False
2025-04-08 21:32:56,922 - [MainProcess:160745] mummi_ras.online.simulation:has_computed_enough:352 - INFO - runtime_hours*0.99 = 0.495 vs delta_time = 0.2464788935581843 (length 18.5 ns) False False
2025-04-08 21:32:58,928 - [MainProcess:160745] mummi_ras.online.simulation:has_computed_enough:352 - INFO - runtime_hours*0.99 = 0.495 vs delta_time = 0.24703623824649387 (length 18.5 ns) False False
2025-04-08 21:33:00,935 - [MainProcess:160745] mummi_ras.online.simulation:has_computed_enough:352 - INFO - runtime_hours*0.99 = 0.495 vs delta_time = 0.2475936069091161 (length 18.5 ns) False False
2025-04-08 21:33:02,941 - [MainProcess:160745] mummi_ras.online.simulation:has_computed_enough:352 - INFO - runtime_hours*0.99 = 0.495 vs delta_time = 0.24815091994073657 (length 18.5 ns) False False
2025-04-08 21:33:04,947 - [MainProcess:160745] mummi_ras.online.simulation:has_computed_enough:352 - INFO - runtime_hours*0.99 = 0.495 vs delta_time = 0.24870832012759314 (length 18.5 ns) False False
2025-04-08 21:33:06,954 - [MainProcess:160745] mummi_ras.online.simulation:has_computed_enough:352 - INFO - runtime_hours*0.99 = 0.495 vs delta_time = 0.249265699783961 (length 18.5 ns) False False
2025-04-08 21:33:07,352 - [MainProcess:160745] mummi_ras.online.simulation:get_new_frames:399 - INFO - Getting all frame numbers in trajectory from 38 to 38.
2025-04-08 21:33:07,352 - [MainProcess:160745] mummi_ras.online.cg.cganalysis:run_main_analysis:193 - INFO - Process frame 38
2025-04-08 21:33:07,352 - [MainProcess:160745] mummi_ras.online.cg.cganalysis:processFrame:554 - INFO - Load 39 frames: current frame ID /tmp/mummi/cg/structure_iter00_000000000005-20250408_211746/traj_comp.xtc
2025-04-08 21:33:07,364 - [MainProcess:160745] mummi_ras.online.cg.cganalysis:processFrame:580 - INFO - Frame:    38, Time: 19000.000 ps, Bbox = [0, 180.24254, 0, 180.24254]
2025-04-08 21:33:07,364 - [MainProcess:160745] mummi_ras.online.cg.cganalysis:processFrame:584 - INFO - Lengths of layers: 656 34 494
2025-04-08 21:33:07,469 - [MainProcess:160745] mummi_ras.online.cg.cganalysis:processFrame:765 - INFO - Time for analysis - frameNum 38, time 0.11617541313171387 s
2025-04-08 21:33:09,469 - [MainProcess:160745] mummi_ras.online.simulation:has_computed_enough:352 - INFO - runtime_hours*0.99 = 0.495 vs delta_time = 0.24996439430448744 (length 19.0 ns) False False
2025-04-08 21:33:11,476 - [MainProcess:160745] mummi_ras.online.simulation:has_computed_enough:352 - INFO - runtime_hours*0.99 = 0.495 vs delta_time = 0.25052184012201095 (length 19.0 ns) False False
2025-04-08 21:33:13,483 - [MainProcess:160745] mummi_ras.online.simulation:has_computed_enough:352 - INFO - runtime_hours*0.99 = 0.495 vs delta_time = 0.25107922547393374 (length 19.0 ns) False False
2025-04-08 21:33:15,489 - [MainProcess:160745] mummi_ras.online.simulation:has_computed_enough:352 - INFO - runtime_hours*0.99 = 0.495 vs delta_time = 0.251636522213618 (length 19.0 ns) False False
2025-04-08 21:33:17,496 - [MainProcess:160745] mummi_ras.online.simulation:has_computed_enough:352 - INFO - runtime_hours*0.99 = 0.495 vs delta_time = 0.25219388286272687 (length 19.0 ns) False False
2025-04-08 21:33:19,502 - [MainProcess:160745] mummi_ras.online.simulation:has_computed_enough:352 - INFO - runtime_hours*0.99 = 0.495 vs delta_time = 0.25275115695264605 (length 19.0 ns) False False
2025-04-08 21:33:21,508 - [MainProcess:160745] mummi_ras.online.simulation:has_computed_enough:352 - INFO - runtime_hours*0.99 = 0.495 vs delta_time = 0.25330854190720453 (length 19.0 ns) False False
2025-04-08 21:33:23,515 - [MainProcess:160745] mummi_ras.online.simulation:has_computed_enough:352 - INFO - runtime_hours*0.99 = 0.495 vs delta_time = 0.2538658406999376 (length 19.0 ns) False False
2025-04-08 21:33:25,521 - [MainProcess:160745] mummi_ras.online.simulation:has_computed_enough:352 - INFO - runtime_hours*0.99 = 0.495 vs delta_time = 0.25442322393258415 (length 19.0 ns) False False
2025-04-08 21:33:27,527 - [MainProcess:160745] mummi_ras.online.simulation:has_computed_enough:352 - INFO - runtime_hours*0.99 = 0.495 vs delta_time = 0.25498052219549816 (length 19.0 ns) False False
2025-04-08 21:33:29,534 - [MainProcess:160745] mummi_ras.online.simulation:has_computed_enough:352 - INFO - runtime_hours*0.99 = 0.495 vs delta_time = 0.25553787847359977 (length 19.0 ns) False False
2025-04-08 21:33:29,760 - [MainProcess:160745] mummi_ras.online.simulation:get_new_frames:399 - INFO - Getting all frame numbers in trajectory from 39 to 39.
2025-04-08 21:33:29,761 - [MainProcess:160745] mummi_ras.online.cg.cganalysis:run_main_analysis:193 - INFO - Process frame 39
2025-04-08 21:33:29,761 - [MainProcess:160745] mummi_ras.online.cg.cganalysis:processFrame:554 - INFO - Load 40 frames: current frame ID /tmp/mummi/cg/structure_iter00_000000000005-20250408_211746/traj_comp.xtc
2025-04-08 21:33:29,772 - [MainProcess:160745] mummi_ras.online.cg.cganalysis:processFrame:580 - INFO - Frame:    39, Time: 19500.000 ps, Bbox = [0, 180.05547, 0, 180.05547]
2025-04-08 21:33:29,772 - [MainProcess:160745] mummi_ras.online.cg.cganalysis:processFrame:584 - INFO - Lengths of layers: 653 35 496
2025-04-08 21:33:29,877 - [MainProcess:160745] mummi_ras.online.cg.cganalysis:processFrame:765 - INFO - Time for analysis - frameNum 39, time 0.1166083812713623 s
2025-04-08 21:33:31,878 - [MainProcess:160745] mummi_ras.online.simulation:has_computed_enough:352 - INFO - runtime_hours*0.99 = 0.495 vs delta_time = 0.2561890448464288 (length 19.5 ns) False False
2025-04-08 21:33:31,885 - [MainProcess:160745] mummi_ras.online.cg.cganalysis:processOutput:92 - INFO - Add feedback for frameNum 30 - state []
2025-04-08 21:33:31,885 - [MainProcess:160745] mummi_ras.online.cg.cganalysis:processOutput:92 - INFO - Add feedback for frameNum 31 - state []
2025-04-08 21:33:31,885 - [MainProcess:160745] mummi_ras.online.cg.cganalysis:processOutput:92 - INFO - Add feedback for frameNum 32 - state []
2025-04-08 21:33:31,885 - [MainProcess:160745] mummi_ras.online.cg.cganalysis:processOutput:92 - INFO - Add feedback for frameNum 33 - state []
2025-04-08 21:33:31,885 - [MainProcess:160745] mummi_ras.online.cg.cganalysis:processOutput:92 - INFO - Add feedback for frameNum 34 - state []
2025-04-08 21:33:31,886 - [MainProcess:160745] mummi_ras.online.cg.cganalysis:processOutput:92 - INFO - Add feedback for frameNum 35 - state []
2025-04-08 21:33:31,886 - [MainProcess:160745] mummi_ras.online.cg.cganalysis:processOutput:92 - INFO - Add feedback for frameNum 36 - state []
2025-04-08 21:33:31,886 - [MainProcess:160745] mummi_ras.online.cg.cganalysis:processOutput:92 - INFO - Add feedback for frameNum 37 - state []
2025-04-08 21:33:31,886 - [MainProcess:160745] mummi_ras.online.cg.cganalysis:processOutput:92 - INFO - Add feedback for frameNum 38 - state []
2025-04-08 21:33:31,886 - [MainProcess:160745] mummi_ras.online.cg.cganalysis:processOutput:92 - INFO - Add feedback for frameNum 39 - state []
2025-04-08 21:33:31,903 - [MainProcess:160745] mummi_core.interfaces.simple:_save_files:91 - INFO - Wrote 10 files to (/p/gpfs1/pottier1/minimummi-sc25/roots/root3/feedback-cg2ml/005)
2025-04-08 21:33:31,903 - [MainProcess:160745] mummi_ras.feedback.feedback_manager_cg2ml:report:118 - INFO - Added 10 frames (from structure_iter00_000000000005) to feedback (/p/gpfs1/pottier1/minimummi-sc25/roots/root3/feedback-cg2ml)
2025-04-08 21:33:31,903 - [MainProcess:160745] mummi_ras.online.cg.cganalysis:processOutput:112 - INFO - processOutput: 39
2025-04-08 21:33:31,903 - [MainProcess:160745] mummi_ras.online.cg.cganalysis:copyRemoteRestart:452 - INFO - Copy to remote frames [30, 31, 32, 33, 34, 35, 36, 37, 38, 39]
sending incremental file list
ener.edr
md.log
mdrun.log
state.cpt
traj_comp.xtc

sent 10,017,720 bytes  received 111 bytes  6,678,554.00 bytes/sec
total size is 11,717,420  speedup is 1.17
2025-04-08 21:33:32,042 - [MainProcess:160745] mummi_core.utils.utilities:sys_call:184 - INFO - Run command: rsync -va --no-g traj_comp.xtc topol.tpr state.cpt ener.edr md.log mdrun.log /p/gpfs1/pottier1/minimummi-sc25/roots/root3/sims-cg/structure_iter00_000000000005 || true
2025-04-08 21:33:32,343 - [MainProcess:160745] mummi_ras.interfaces.mummi:save_analysis_data:253 - INFO - Saved all analysis data for frames [30, 31, 32, 33, 34, 35, 36, 37, 38, 39]
2025-04-08 21:33:32,343 - [MainProcess:160745] mummi_ras.online.cg.cganalysis:copyRemoteLogs:350 - INFO - Copy over log files
2025-04-08 21:33:32,375 - [MainProcess:160745] mummi_core.utils.utilities:sys_call:184 - INFO - Run command: cp -r  /tmp/mummi/cg/structure_iter00_000000000005-20250408_211746/cg_analysis.out /tmp/mummi/cg/structure_iter00_000000000005-20250408_211746/traj_comp.xtc /tmp/mummi/cg/structure_iter00_000000000005-20250408_211746/*.log /p/gpfs1/pottier1/minimummi-sc25/roots/root3/sims-cg/structure_iter00_000000000005/ || true
2025-04-08 21:33:32,376 - [MainProcess:160745] mummi_ras.online.cg.cganalysis:copyRemoteLogs:365 - INFO - copyRemoteLogs =  /tmp/mummi/cg/structure_iter00_000000000005-20250408_211746/cg_analysis.out /tmp/mummi/cg/structure_iter00_000000000005-20250408_211746/traj_comp.xtc /tmp/mummi/cg/structure_iter00_000000000005-20250408_211746/*.log
2025-04-08 21:33:32,376 - [MainProcess:160745] mummi_ras.online.cg.cganalysis:cleanupLocal:375 - WARNING - Copy cleanup local only works for ddcMD files
2025-04-08 21:33:34,376 - [MainProcess:160745] mummi_ras.online.simulation:has_computed_enough:352 - INFO - runtime_hours*0.99 = 0.495 vs delta_time = 0.2568828998671638 (length 19.5 ns) False False
2025-04-08 21:33:36,383 - [MainProcess:160745] mummi_ras.online.simulation:has_computed_enough:352 - INFO - runtime_hours*0.99 = 0.495 vs delta_time = 0.25744034429391227 (length 19.5 ns) False False
2025-04-08 21:33:38,389 - [MainProcess:160745] mummi_ras.online.simulation:has_computed_enough:352 - INFO - runtime_hours*0.99 = 0.495 vs delta_time = 0.2579977701107661 (length 19.5 ns) False False
2025-04-08 21:33:40,396 - [MainProcess:160745] mummi_ras.online.simulation:has_computed_enough:352 - INFO - runtime_hours*0.99 = 0.495 vs delta_time = 0.25855510738160875 (length 19.5 ns) False False
2025-04-08 21:33:42,403 - [MainProcess:160745] mummi_ras.online.simulation:has_computed_enough:352 - INFO - runtime_hours*0.99 = 0.495 vs delta_time = 0.2591125131315655 (length 19.5 ns) False False
2025-04-08 21:33:44,409 - [MainProcess:160745] mummi_ras.online.simulation:has_computed_enough:352 - INFO - runtime_hours*0.99 = 0.495 vs delta_time = 0.25966993232568103 (length 19.5 ns) False False
2025-04-08 21:33:46,416 - [MainProcess:160745] mummi_ras.online.simulation:has_computed_enough:352 - INFO - runtime_hours*0.99 = 0.495 vs delta_time = 0.2602272735701667 (length 19.5 ns) False False
2025-04-08 21:33:48,422 - [MainProcess:160745] mummi_ras.online.simulation:has_computed_enough:352 - INFO - runtime_hours*0.99 = 0.495 vs delta_time = 0.26078467660480076 (length 19.5 ns) False False
2025-04-08 21:33:50,429 - [MainProcess:160745] mummi_ras.online.simulation:has_computed_enough:352 - INFO - runtime_hours*0.99 = 0.495 vs delta_time = 0.2613421071237988 (length 19.5 ns) False False
2025-04-08 21:33:52,435 - [MainProcess:160745] mummi_ras.online.simulation:has_computed_enough:352 - INFO - runtime_hours*0.99 = 0.495 vs delta_time = 0.2618994328710768 (length 19.5 ns) False False
2025-04-08 21:33:52,495 - [MainProcess:160745] mummi_ras.online.simulation:get_new_frames:399 - INFO - Getting all frame numbers in trajectory from 40 to 40.
2025-04-08 21:33:52,496 - [MainProcess:160745] mummi_ras.online.cg.cganalysis:run_main_analysis:193 - INFO - Process frame 40
2025-04-08 21:33:52,496 - [MainProcess:160745] mummi_ras.online.cg.cganalysis:processFrame:554 - INFO - Load 41 frames: current frame ID /tmp/mummi/cg/structure_iter00_000000000005-20250408_211746/traj_comp.xtc
2025-04-08 21:33:52,507 - [MainProcess:160745] mummi_ras.online.cg.cganalysis:processFrame:580 - INFO - Frame:    40, Time: 20000.000 ps, Bbox = [0, 180.38171, 0, 180.38171]
2025-04-08 21:33:52,508 - [MainProcess:160745] mummi_ras.online.cg.cganalysis:processFrame:584 - INFO - Lengths of layers: 652 34 498
2025-04-08 21:33:52,615 - [MainProcess:160745] mummi_ras.online.cg.cganalysis:processFrame:765 - INFO - Time for analysis - frameNum 40, time 0.11938619613647461 s
2025-04-08 21:33:54,616 - [MainProcess:160745] mummi_ras.online.simulation:has_computed_enough:352 - INFO - runtime_hours*0.99 = 0.495 vs delta_time = 0.2625050570567449 (length 20.0 ns) False False
2025-04-08 21:33:56,622 - [MainProcess:160745] mummi_ras.online.simulation:has_computed_enough:352 - INFO - runtime_hours*0.99 = 0.495 vs delta_time = 0.2630624305539661 (length 20.0 ns) False False
2025-04-08 21:33:58,629 - [MainProcess:160745] mummi_ras.online.simulation:has_computed_enough:352 - INFO - runtime_hours*0.99 = 0.495 vs delta_time = 0.2636198196808497 (length 20.0 ns) False False
2025-04-08 21:34:00,636 - [MainProcess:160745] mummi_ras.online.simulation:has_computed_enough:352 - INFO - runtime_hours*0.99 = 0.495 vs delta_time = 0.2641772393385569 (length 20.0 ns) False False
2025-04-08 21:34:02,642 - [MainProcess:160745] mummi_ras.online.simulation:has_computed_enough:352 - INFO - runtime_hours*0.99 = 0.495 vs delta_time = 0.26473458263609145 (length 20.0 ns) False False
2025-04-08 21:34:04,649 - [MainProcess:160745] mummi_ras.online.simulation:has_computed_enough:352 - INFO - runtime_hours*0.99 = 0.495 vs delta_time = 0.2652919512324863 (length 20.0 ns) False False
2025-04-08 21:34:06,655 - [MainProcess:160745] mummi_ras.online.simulation:has_computed_enough:352 - INFO - runtime_hours*0.99 = 0.495 vs delta_time = 0.2658494163221783 (length 20.0 ns) False False
2025-04-08 21:34:08,662 - [MainProcess:160745] mummi_ras.online.simulation:has_computed_enough:352 - INFO - runtime_hours*0.99 = 0.495 vs delta_time = 0.26640678505102794 (length 20.0 ns) False False
2025-04-08 21:34:10,669 - [MainProcess:160745] mummi_ras.online.simulation:has_computed_enough:352 - INFO - runtime_hours*0.99 = 0.495 vs delta_time = 0.2669642217291726 (length 20.0 ns) False False
2025-04-08 21:34:12,675 - [MainProcess:160745] mummi_ras.online.simulation:has_computed_enough:352 - INFO - runtime_hours*0.99 = 0.495 vs delta_time = 0.26752156178156533 (length 20.0 ns) False False
2025-04-08 21:34:14,682 - [MainProcess:160745] mummi_ras.online.simulation:has_computed_enough:352 - INFO - runtime_hours*0.99 = 0.495 vs delta_time = 0.2680789699819353 (length 20.0 ns) False False
2025-04-08 21:34:16,688 - [MainProcess:160745] mummi_ras.online.simulation:has_computed_enough:352 - INFO - runtime_hours*0.99 = 0.495 vs delta_time = 0.2686363700363371 (length 20.0 ns) False False
2025-04-08 21:34:17,129 - [MainProcess:160745] mummi_ras.online.simulation:get_new_frames:399 - INFO - Getting all frame numbers in trajectory from 41 to 41.
2025-04-08 21:34:17,129 - [MainProcess:160745] mummi_ras.online.cg.cganalysis:run_main_analysis:193 - INFO - Process frame 41
2025-04-08 21:34:17,129 - [MainProcess:160745] mummi_ras.online.cg.cganalysis:processFrame:554 - INFO - Load 42 frames: current frame ID /tmp/mummi/cg/structure_iter00_000000000005-20250408_211746/traj_comp.xtc
2025-04-08 21:34:17,141 - [MainProcess:160745] mummi_ras.online.cg.cganalysis:processFrame:580 - INFO - Frame:    41, Time: 20500.000 ps, Bbox = [0, 181.11198, 0, 181.11198]
2025-04-08 21:34:17,141 - [MainProcess:160745] mummi_ras.online.cg.cganalysis:processFrame:584 - INFO - Lengths of layers: 651 39 494
2025-04-08 21:34:17,248 - [MainProcess:160745] mummi_ras.online.cg.cganalysis:processFrame:765 - INFO - Time for analysis - frameNum 41, time 0.11847925186157227 s
2025-04-08 21:34:19,249 - [MainProcess:160745] mummi_ras.online.simulation:has_computed_enough:352 - INFO - runtime_hours*0.99 = 0.495 vs delta_time = 0.2693475435839759 (length 20.5 ns) False False
2025-04-08 21:34:21,256 - [MainProcess:160745] mummi_ras.online.simulation:has_computed_enough:352 - INFO - runtime_hours*0.99 = 0.495 vs delta_time = 0.2699050469530953 (length 20.5 ns) False False
2025-04-08 21:34:23,262 - [MainProcess:160745] mummi_ras.online.simulation:has_computed_enough:352 - INFO - runtime_hours*0.99 = 0.495 vs delta_time = 0.2704623474677404 (length 20.5 ns) False False
2025-04-08 21:34:25,269 - [MainProcess:160745] mummi_ras.online.simulation:has_computed_enough:352 - INFO - runtime_hours*0.99 = 0.495 vs delta_time = 0.2710197548733817 (length 20.5 ns) False False
2025-04-08 21:34:27,275 - [MainProcess:160745] mummi_ras.online.simulation:has_computed_enough:352 - INFO - runtime_hours*0.99 = 0.495 vs delta_time = 0.27157718936602276 (length 20.5 ns) False False
2025-04-08 21:34:29,282 - [MainProcess:160745] mummi_ras.online.simulation:has_computed_enough:352 - INFO - runtime_hours*0.99 = 0.495 vs delta_time = 0.2721345167689853 (length 20.5 ns) False False
2025-04-08 21:34:31,289 - [MainProcess:160745] mummi_ras.online.simulation:has_computed_enough:352 - INFO - runtime_hours*0.99 = 0.495 vs delta_time = 0.2726919463608 (length 20.5 ns) False False
2025-04-08 21:34:33,295 - [MainProcess:160745] mummi_ras.online.simulation:has_computed_enough:352 - INFO - runtime_hours*0.99 = 0.495 vs delta_time = 0.2732492764128579 (length 20.5 ns) False False
2025-04-08 21:34:35,302 - [MainProcess:160745] mummi_ras.online.simulation:has_computed_enough:352 - INFO - runtime_hours*0.99 = 0.495 vs delta_time = 0.27380667918258245 (length 20.5 ns) False False
2025-04-08 21:34:37,308 - [MainProcess:160745] mummi_ras.online.simulation:has_computed_enough:352 - INFO - runtime_hours*0.99 = 0.495 vs delta_time = 0.2743640973832872 (length 20.5 ns) False False
2025-04-08 21:34:39,315 - [MainProcess:160745] mummi_ras.online.simulation:has_computed_enough:352 - INFO - runtime_hours*0.99 = 0.495 vs delta_time = 0.2749214380317264 (length 20.5 ns) False False
2025-04-08 21:34:41,321 - [MainProcess:160745] mummi_ras.online.simulation:has_computed_enough:352 - INFO - runtime_hours*0.99 = 0.495 vs delta_time = 0.2754788684182697 (length 20.5 ns) False False
2025-04-08 21:34:41,458 - [MainProcess:160745] mummi_ras.online.simulation:get_new_frames:399 - INFO - Getting all frame numbers in trajectory from 42 to 42.
2025-04-08 21:34:41,458 - [MainProcess:160745] mummi_ras.online.cg.cganalysis:run_main_analysis:193 - INFO - Process frame 42
2025-04-08 21:34:41,458 - [MainProcess:160745] mummi_ras.online.cg.cganalysis:processFrame:554 - INFO - Load 43 frames: current frame ID /tmp/mummi/cg/structure_iter00_000000000005-20250408_211746/traj_comp.xtc
2025-04-08 21:34:41,470 - [MainProcess:160745] mummi_ras.online.cg.cganalysis:processFrame:580 - INFO - Frame:    42, Time: 21000.000 ps, Bbox = [0, 180.98328, 0, 180.98328]
2025-04-08 21:34:41,470 - [MainProcess:160745] mummi_ras.online.cg.cganalysis:processFrame:584 - INFO - Lengths of layers: 651 34 499
2025-04-08 21:34:41,579 - [MainProcess:160745] mummi_ras.online.cg.cganalysis:processFrame:765 - INFO - Time for analysis - frameNum 42, time 0.1214897632598877 s
2025-04-08 21:34:43,580 - [MainProcess:160745] mummi_ras.online.simulation:has_computed_enough:352 - INFO - runtime_hours*0.99 = 0.495 vs delta_time = 0.2761062370406257 (length 21.0 ns) False False
2025-04-08 21:34:45,587 - [MainProcess:160745] mummi_ras.online.simulation:has_computed_enough:352 - INFO - runtime_hours*0.99 = 0.495 vs delta_time = 0.27666364623440637 (length 21.0 ns) False False
2025-04-08 21:34:47,593 - [MainProcess:160745] mummi_ras.online.simulation:has_computed_enough:352 - INFO - runtime_hours*0.99 = 0.495 vs delta_time = 0.27722106721666123 (length 21.0 ns) False False
2025-04-08 21:34:49,600 - [MainProcess:160745] mummi_ras.online.simulation:has_computed_enough:352 - INFO - runtime_hours*0.99 = 0.495 vs delta_time = 0.2777783499823676 (length 21.0 ns) False False
2025-04-08 21:34:51,607 - [MainProcess:160745] mummi_ras.online.simulation:has_computed_enough:352 - INFO - runtime_hours*0.99 = 0.495 vs delta_time = 0.27833589851856233 (length 21.0 ns) False False
2025-04-08 21:34:53,613 - [MainProcess:160745] mummi_ras.online.simulation:has_computed_enough:352 - INFO - runtime_hours*0.99 = 0.495 vs delta_time = 0.2788932882414924 (length 21.0 ns) False False
2025-04-08 21:34:55,620 - [MainProcess:160745] mummi_ras.online.simulation:has_computed_enough:352 - INFO - runtime_hours*0.99 = 0.495 vs delta_time = 0.27945067584514616 (length 21.0 ns) False False
2025-04-08 21:34:57,627 - [MainProcess:160745] mummi_ras.online.simulation:has_computed_enough:352 - INFO - runtime_hours*0.99 = 0.495 vs delta_time = 0.28000808629724716 (length 21.0 ns) False False
2025-04-08 21:34:59,633 - [MainProcess:160745] mummi_ras.online.simulation:has_computed_enough:352 - INFO - runtime_hours*0.99 = 0.495 vs delta_time = 0.2805654150247574 (length 21.0 ns) False False
2025-04-08 21:35:01,640 - [MainProcess:160745] mummi_ras.online.simulation:has_computed_enough:352 - INFO - runtime_hours*0.99 = 0.495 vs delta_time = 0.28112284514639113 (length 21.0 ns) False False
2025-04-08 21:35:03,646 - [MainProcess:160745] mummi_ras.online.simulation:has_computed_enough:352 - INFO - runtime_hours*0.99 = 0.495 vs delta_time = 0.2816801488399506 (length 21.0 ns) False False
2025-04-08 21:35:03,711 - [MainProcess:160745] mummi_ras.online.simulation:get_new_frames:399 - INFO - Getting all frame numbers in trajectory from 43 to 43.
2025-04-08 21:35:03,712 - [MainProcess:160745] mummi_ras.online.cg.cganalysis:run_main_analysis:193 - INFO - Process frame 43
2025-04-08 21:35:03,712 - [MainProcess:160745] mummi_ras.online.cg.cganalysis:processFrame:554 - INFO - Load 44 frames: current frame ID /tmp/mummi/cg/structure_iter00_000000000005-20250408_211746/traj_comp.xtc
2025-04-08 21:35:03,723 - [MainProcess:160745] mummi_ras.online.cg.cganalysis:processFrame:580 - INFO - Frame:    43, Time: 21500.000 ps, Bbox = [0, 180.0401, 0, 180.0401]
2025-04-08 21:35:03,723 - [MainProcess:160745] mummi_ras.online.cg.cganalysis:processFrame:584 - INFO - Lengths of layers: 652 38 494
2025-04-08 21:35:03,831 - [MainProcess:160745] mummi_ras.online.cg.cganalysis:processFrame:765 - INFO - Time for analysis - frameNum 43, time 0.11966896057128906 s
2025-04-08 21:35:05,832 - [MainProcess:160745] mummi_ras.online.simulation:has_computed_enough:352 - INFO - runtime_hours*0.99 = 0.495 vs delta_time = 0.2822873587078518 (length 21.5 ns) False False
2025-04-08 21:35:07,839 - [MainProcess:160745] mummi_ras.online.simulation:has_computed_enough:352 - INFO - runtime_hours*0.99 = 0.495 vs delta_time = 0.28284482883082496 (length 21.5 ns) False False
2025-04-08 21:35:09,845 - [MainProcess:160745] mummi_ras.online.simulation:has_computed_enough:352 - INFO - runtime_hours*0.99 = 0.495 vs delta_time = 0.283402168419626 (length 21.5 ns) False False
2025-04-08 21:35:11,852 - [MainProcess:160745] mummi_ras.online.simulation:has_computed_enough:352 - INFO - runtime_hours*0.99 = 0.495 vs delta_time = 0.28395958370632596 (length 21.5 ns) False False
2025-04-08 21:35:13,858 - [MainProcess:160745] mummi_ras.online.simulation:has_computed_enough:352 - INFO - runtime_hours*0.99 = 0.495 vs delta_time = 0.2845168756114112 (length 21.5 ns) False False
2025-04-08 21:35:15,865 - [MainProcess:160745] mummi_ras.online.simulation:has_computed_enough:352 - INFO - runtime_hours*0.99 = 0.495 vs delta_time = 0.28507429785198635 (length 21.5 ns) False False
2025-04-08 21:35:17,872 - [MainProcess:160745] mummi_ras.online.simulation:has_computed_enough:352 - INFO - runtime_hours*0.99 = 0.495 vs delta_time = 0.28563165770636667 (length 21.5 ns) False False
2025-04-08 21:35:19,878 - [MainProcess:160745] mummi_ras.online.simulation:has_computed_enough:352 - INFO - runtime_hours*0.99 = 0.495 vs delta_time = 0.2861890861723158 (length 21.5 ns) False False
2025-04-08 21:35:21,885 - [MainProcess:160745] mummi_ras.online.simulation:has_computed_enough:352 - INFO - runtime_hours*0.99 = 0.495 vs delta_time = 0.2867464856968986 (length 21.5 ns) False False
2025-04-08 21:35:23,891 - [MainProcess:160745] mummi_ras.online.simulation:has_computed_enough:352 - INFO - runtime_hours*0.99 = 0.495 vs delta_time = 0.28730387462510004 (length 21.5 ns) False False
2025-04-08 21:35:25,898 - [MainProcess:160745] mummi_ras.online.simulation:has_computed_enough:352 - INFO - runtime_hours*0.99 = 0.495 vs delta_time = 0.28786128997802735 (length 21.5 ns) False False
2025-04-08 21:35:27,904 - [MainProcess:160745] mummi_ras.online.simulation:has_computed_enough:352 - INFO - runtime_hours*0.99 = 0.495 vs delta_time = 0.28841859651936425 (length 21.5 ns) False False
2025-04-08 21:35:28,306 - [MainProcess:160745] mummi_ras.online.simulation:get_new_frames:399 - INFO - Getting all frame numbers in trajectory from 44 to 44.
2025-04-08 21:35:28,307 - [MainProcess:160745] mummi_ras.online.cg.cganalysis:run_main_analysis:193 - INFO - Process frame 44
2025-04-08 21:35:28,307 - [MainProcess:160745] mummi_ras.online.cg.cganalysis:processFrame:554 - INFO - Load 45 frames: current frame ID /tmp/mummi/cg/structure_iter00_000000000005-20250408_211746/traj_comp.xtc
2025-04-08 21:35:28,318 - [MainProcess:160745] mummi_ras.online.cg.cganalysis:processFrame:580 - INFO - Frame:    44, Time: 22000.000 ps, Bbox = [0, 180.91591, 0, 180.91591]
2025-04-08 21:35:28,318 - [MainProcess:160745] mummi_ras.online.cg.cganalysis:processFrame:584 - INFO - Lengths of layers: 651 39 494
2025-04-08 21:35:28,438 - [MainProcess:160745] mummi_ras.online.cg.cganalysis:processFrame:765 - INFO - Time for analysis - frameNum 44, time 0.13135671615600586 s
2025-04-08 21:35:30,439 - [MainProcess:160745] mummi_ras.online.simulation:has_computed_enough:352 - INFO - runtime_hours*0.99 = 0.495 vs delta_time = 0.28912260406547124 (length 22.0 ns) False False
2025-04-08 21:35:32,446 - [MainProcess:160745] mummi_ras.online.simulation:has_computed_enough:352 - INFO - runtime_hours*0.99 = 0.495 vs delta_time = 0.2896800051132838 (length 22.0 ns) False False
2025-04-08 21:35:34,452 - [MainProcess:160745] mummi_ras.online.simulation:has_computed_enough:352 - INFO - runtime_hours*0.99 = 0.495 vs delta_time = 0.29023743569850924 (length 22.0 ns) False False
2025-04-08 21:35:36,459 - [MainProcess:160745] mummi_ras.online.simulation:has_computed_enough:352 - INFO - runtime_hours*0.99 = 0.495 vs delta_time = 0.29079473376274106 (length 22.0 ns) False False
2025-04-08 21:35:38,465 - [MainProcess:160745] mummi_ras.online.simulation:has_computed_enough:352 - INFO - runtime_hours*0.99 = 0.495 vs delta_time = 0.29135214779112073 (length 22.0 ns) False False
2025-04-08 21:35:40,472 - [MainProcess:160745] mummi_ras.online.simulation:has_computed_enough:352 - INFO - runtime_hours*0.99 = 0.495 vs delta_time = 0.29190954751438564 (length 22.0 ns) False False
2025-04-08 21:35:42,478 - [MainProcess:160745] mummi_ras.online.simulation:has_computed_enough:352 - INFO - runtime_hours*0.99 = 0.495 vs delta_time = 0.29246688067913057 (length 22.0 ns) False False
2025-04-08 21:35:44,485 - [MainProcess:160745] mummi_ras.online.simulation:has_computed_enough:352 - INFO - runtime_hours*0.99 = 0.495 vs delta_time = 0.2930242736472024 (length 22.0 ns) False False
2025-04-08 21:35:46,492 - [MainProcess:160745] mummi_ras.online.simulation:has_computed_enough:352 - INFO - runtime_hours*0.99 = 0.495 vs delta_time = 0.29358169383472865 (length 22.0 ns) False False
2025-04-08 21:35:48,498 - [MainProcess:160745] mummi_ras.online.simulation:has_computed_enough:352 - INFO - runtime_hours*0.99 = 0.495 vs delta_time = 0.29413908110724557 (length 22.0 ns) False False
2025-04-08 21:35:50,505 - [MainProcess:160745] mummi_ras.online.simulation:has_computed_enough:352 - INFO - runtime_hours*0.99 = 0.495 vs delta_time = 0.29469644837909276 (length 22.0 ns) False False
2025-04-08 21:35:50,639 - [MainProcess:160745] mummi_ras.online.simulation:get_new_frames:399 - INFO - Getting all frame numbers in trajectory from 45 to 45.
2025-04-08 21:35:50,639 - [MainProcess:160745] mummi_ras.online.cg.cganalysis:run_main_analysis:193 - INFO - Process frame 45
2025-04-08 21:35:50,639 - [MainProcess:160745] mummi_ras.online.cg.cganalysis:processFrame:554 - INFO - Load 46 frames: current frame ID /tmp/mummi/cg/structure_iter00_000000000005-20250408_211746/traj_comp.xtc
2025-04-08 21:35:50,651 - [MainProcess:160745] mummi_ras.online.cg.cganalysis:processFrame:580 - INFO - Frame:    45, Time: 22500.000 ps, Bbox = [0, 181.21017, 0, 181.21017]
2025-04-08 21:35:50,651 - [MainProcess:160745] mummi_ras.online.cg.cganalysis:processFrame:584 - INFO - Lengths of layers: 649 40 495
2025-04-08 21:35:50,759 - [MainProcess:160745] mummi_ras.online.cg.cganalysis:processFrame:765 - INFO - Time for analysis - frameNum 45, time 0.1194314956665039 s
2025-04-08 21:35:52,760 - [MainProcess:160745] mummi_ras.online.simulation:has_computed_enough:352 - INFO - runtime_hours*0.99 = 0.495 vs delta_time = 0.29532277047634126 (length 22.5 ns) False False
2025-04-08 21:35:54,766 - [MainProcess:160745] mummi_ras.online.simulation:has_computed_enough:352 - INFO - runtime_hours*0.99 = 0.495 vs delta_time = 0.2958802009291119 (length 22.5 ns) False False
2025-04-08 21:35:56,773 - [MainProcess:160745] mummi_ras.online.simulation:has_computed_enough:352 - INFO - runtime_hours*0.99 = 0.495 vs delta_time = 0.2964376262823741 (length 22.5 ns) False False
2025-04-08 21:35:58,779 - [MainProcess:160745] mummi_ras.online.simulation:has_computed_enough:352 - INFO - runtime_hours*0.99 = 0.495 vs delta_time = 0.296994914677408 (length 22.5 ns) False False
2025-04-08 21:36:00,786 - [MainProcess:160745] mummi_ras.online.simulation:has_computed_enough:352 - INFO - runtime_hours*0.99 = 0.495 vs delta_time = 0.29755227300855847 (length 22.5 ns) False False
2025-04-08 21:36:02,792 - [MainProcess:160745] mummi_ras.online.simulation:has_computed_enough:352 - INFO - runtime_hours*0.99 = 0.495 vs delta_time = 0.29810970803101855 (length 22.5 ns) False False
2025-04-08 21:36:04,799 - [MainProcess:160745] mummi_ras.online.simulation:has_computed_enough:352 - INFO - runtime_hours*0.99 = 0.495 vs delta_time = 0.2986671119266086 (length 22.5 ns) False False
2025-04-08 21:36:06,806 - [MainProcess:160745] mummi_ras.online.simulation:has_computed_enough:352 - INFO - runtime_hours*0.99 = 0.495 vs delta_time = 0.29922452012697853 (length 22.5 ns) False False
2025-04-08 21:36:08,813 - [MainProcess:160745] mummi_ras.online.simulation:has_computed_enough:352 - INFO - runtime_hours*0.99 = 0.495 vs delta_time = 0.29978194349341925 (length 22.5 ns) False False
2025-04-08 21:36:10,819 - [MainProcess:160745] mummi_ras.online.simulation:has_computed_enough:352 - INFO - runtime_hours*0.99 = 0.495 vs delta_time = 0.300339284936587 (length 22.5 ns) False False
2025-04-08 21:36:12,826 - [MainProcess:160745] mummi_ras.online.simulation:has_computed_enough:352 - INFO - runtime_hours*0.99 = 0.495 vs delta_time = 0.30089670916398364 (length 22.5 ns) False False
2025-04-08 21:36:14,832 - [MainProcess:160745] mummi_ras.online.simulation:has_computed_enough:352 - INFO - runtime_hours*0.99 = 0.495 vs delta_time = 0.3014540598127577 (length 22.5 ns) False False
2025-04-08 21:36:14,903 - [MainProcess:160745] mummi_ras.online.simulation:get_new_frames:399 - INFO - Getting all frame numbers in trajectory from 46 to 46.
2025-04-08 21:36:14,903 - [MainProcess:160745] mummi_ras.online.cg.cganalysis:run_main_analysis:193 - INFO - Process frame 46
2025-04-08 21:36:14,903 - [MainProcess:160745] mummi_ras.online.cg.cganalysis:processFrame:554 - INFO - Load 47 frames: current frame ID /tmp/mummi/cg/structure_iter00_000000000005-20250408_211746/traj_comp.xtc
2025-04-08 21:36:14,915 - [MainProcess:160745] mummi_ras.online.cg.cganalysis:processFrame:580 - INFO - Frame:    46, Time: 23000.000 ps, Bbox = [0, 180.15036, 0, 180.15036]
2025-04-08 21:36:14,915 - [MainProcess:160745] mummi_ras.online.cg.cganalysis:processFrame:584 - INFO - Lengths of layers: 653 36 495
2025-04-08 21:36:15,022 - [MainProcess:160745] mummi_ras.online.cg.cganalysis:processFrame:765 - INFO - Time for analysis - frameNum 46, time 0.11896920204162598 s
2025-04-08 21:36:17,023 - [MainProcess:160745] mummi_ras.online.simulation:has_computed_enough:352 - INFO - runtime_hours*0.99 = 0.495 vs delta_time = 0.3020625613133113 (length 23.0 ns) False False
2025-04-08 21:36:19,030 - [MainProcess:160745] mummi_ras.online.simulation:has_computed_enough:352 - INFO - runtime_hours*0.99 = 0.495 vs delta_time = 0.30262006090746985 (length 23.0 ns) False False
2025-04-08 21:36:21,036 - [MainProcess:160745] mummi_ras.online.simulation:has_computed_enough:352 - INFO - runtime_hours*0.99 = 0.495 vs delta_time = 0.3031774761279424 (length 23.0 ns) False False
2025-04-08 21:36:23,043 - [MainProcess:160745] mummi_ras.online.simulation:has_computed_enough:352 - INFO - runtime_hours*0.99 = 0.495 vs delta_time = 0.3037348845932219 (length 23.0 ns) False False
2025-04-08 21:36:25,050 - [MainProcess:160745] mummi_ras.online.simulation:has_computed_enough:352 - INFO - runtime_hours*0.99 = 0.495 vs delta_time = 0.3042923257086012 (length 23.0 ns) False False
2025-04-08 21:36:27,056 - [MainProcess:160745] mummi_ras.online.simulation:has_computed_enough:352 - INFO - runtime_hours*0.99 = 0.495 vs delta_time = 0.30484968569543625 (length 23.0 ns) False False
2025-04-08 21:36:29,063 - [MainProcess:160745] mummi_ras.online.simulation:has_computed_enough:352 - INFO - runtime_hours*0.99 = 0.495 vs delta_time = 0.30540707535213896 (length 23.0 ns) False False
2025-04-08 21:36:31,070 - [MainProcess:160745] mummi_ras.online.simulation:has_computed_enough:352 - INFO - runtime_hours*0.99 = 0.495 vs delta_time = 0.3059645099110074 (length 23.0 ns) False False
2025-04-08 21:36:33,076 - [MainProcess:160745] mummi_ras.online.simulation:has_computed_enough:352 - INFO - runtime_hours*0.99 = 0.495 vs delta_time = 0.30652183446619247 (length 23.0 ns) False False
2025-04-08 21:36:35,083 - [MainProcess:160745] mummi_ras.online.simulation:has_computed_enough:352 - INFO - runtime_hours*0.99 = 0.495 vs delta_time = 0.307079259024726 (length 23.0 ns) False False
2025-04-08 21:36:37,089 - [MainProcess:160745] mummi_ras.online.simulation:has_computed_enough:352 - INFO - runtime_hours*0.99 = 0.495 vs delta_time = 0.307636601196395 (length 23.0 ns) False False
2025-04-08 21:36:39,096 - [MainProcess:160745] mummi_ras.online.simulation:has_computed_enough:352 - INFO - runtime_hours*0.99 = 0.495 vs delta_time = 0.308193992972374 (length 23.0 ns) False False
2025-04-08 21:36:39,460 - [MainProcess:160745] mummi_ras.online.simulation:get_new_frames:399 - INFO - Getting all frame numbers in trajectory from 47 to 47.
2025-04-08 21:36:39,460 - [MainProcess:160745] mummi_ras.online.cg.cganalysis:run_main_analysis:193 - INFO - Process frame 47
2025-04-08 21:36:39,460 - [MainProcess:160745] mummi_ras.online.cg.cganalysis:processFrame:554 - INFO - Load 48 frames: current frame ID /tmp/mummi/cg/structure_iter00_000000000005-20250408_211746/traj_comp.xtc
2025-04-08 21:36:39,472 - [MainProcess:160745] mummi_ras.online.cg.cganalysis:processFrame:580 - INFO - Frame:    47, Time: 23500.000 ps, Bbox = [0, 179.27121, 0, 179.27121]
2025-04-08 21:36:39,472 - [MainProcess:160745] mummi_ras.online.cg.cganalysis:processFrame:584 - INFO - Lengths of layers: 650 39 495
2025-04-08 21:36:39,579 - [MainProcess:160745] mummi_ras.online.cg.cganalysis:processFrame:765 - INFO - Time for analysis - frameNum 47, time 0.11903858184814453 s
2025-04-08 21:36:41,580 - [MainProcess:160745] mummi_ras.online.simulation:has_computed_enough:352 - INFO - runtime_hours*0.99 = 0.495 vs delta_time = 0.30888391859001585 (length 23.5 ns) False False
2025-04-08 21:36:43,586 - [MainProcess:160745] mummi_ras.online.simulation:has_computed_enough:352 - INFO - runtime_hours*0.99 = 0.495 vs delta_time = 0.30944130222002664 (length 23.5 ns) False False
2025-04-08 21:36:45,593 - [MainProcess:160745] mummi_ras.online.simulation:has_computed_enough:352 - INFO - runtime_hours*0.99 = 0.495 vs delta_time = 0.30999870936075846 (length 23.5 ns) False False
2025-04-08 21:36:47,600 - [MainProcess:160745] mummi_ras.online.simulation:has_computed_enough:352 - INFO - runtime_hours*0.99 = 0.495 vs delta_time = 0.3105561273627811 (length 23.5 ns) False False
2025-04-08 21:36:49,606 - [MainProcess:160745] mummi_ras.online.simulation:has_computed_enough:352 - INFO - runtime_hours*0.99 = 0.495 vs delta_time = 0.31111346304416654 (length 23.5 ns) False False
2025-04-08 21:36:51,613 - [MainProcess:160745] mummi_ras.online.simulation:has_computed_enough:352 - INFO - runtime_hours*0.99 = 0.495 vs delta_time = 0.3116708754168616 (length 23.5 ns) False False
2025-04-08 21:36:53,619 - [MainProcess:160745] mummi_ras.online.simulation:has_computed_enough:352 - INFO - runtime_hours*0.99 = 0.495 vs delta_time = 0.31222817964024013 (length 23.5 ns) False False
2025-04-08 21:36:55,626 - [MainProcess:160745] mummi_ras.online.simulation:has_computed_enough:352 - INFO - runtime_hours*0.99 = 0.495 vs delta_time = 0.3127855998939938 (length 23.5 ns) False False
2025-04-08 21:36:57,632 - [MainProcess:160745] mummi_ras.online.simulation:has_computed_enough:352 - INFO - runtime_hours*0.99 = 0.495 vs delta_time = 0.31334289623631373 (length 23.5 ns) False False
2025-04-08 21:36:59,639 - [MainProcess:160745] mummi_ras.online.simulation:has_computed_enough:352 - INFO - runtime_hours*0.99 = 0.495 vs delta_time = 0.313900299138493 (length 23.5 ns) False False
2025-04-08 21:37:01,645 - [MainProcess:160745] mummi_ras.online.simulation:has_computed_enough:352 - INFO - runtime_hours*0.99 = 0.495 vs delta_time = 0.3144576136271159 (length 23.5 ns) False False
2025-04-08 21:37:01,742 - [MainProcess:160745] mummi_ras.online.simulation:get_new_frames:399 - INFO - Getting all frame numbers in trajectory from 48 to 48.
2025-04-08 21:37:01,742 - [MainProcess:160745] mummi_ras.online.cg.cganalysis:run_main_analysis:193 - INFO - Process frame 48
2025-04-08 21:37:01,743 - [MainProcess:160745] mummi_ras.online.cg.cganalysis:processFrame:554 - INFO - Load 49 frames: current frame ID /tmp/mummi/cg/structure_iter00_000000000005-20250408_211746/traj_comp.xtc
2025-04-08 21:37:01,754 - [MainProcess:160745] mummi_ras.online.cg.cganalysis:processFrame:580 - INFO - Frame:    48, Time: 24000.000 ps, Bbox = [0, 180.53815, 0, 180.53815]
2025-04-08 21:37:01,755 - [MainProcess:160745] mummi_ras.online.cg.cganalysis:processFrame:584 - INFO - Lengths of layers: 653 38 493
2025-04-08 21:37:01,862 - [MainProcess:160745] mummi_ras.online.cg.cganalysis:processFrame:765 - INFO - Time for analysis - frameNum 48, time 0.11943340301513672 s
2025-04-08 21:37:03,863 - [MainProcess:160745] mummi_ras.online.simulation:has_computed_enough:352 - INFO - runtime_hours*0.99 = 0.495 vs delta_time = 0.3150736509429084 (length 24.0 ns) False False
2025-04-08 21:37:05,870 - [MainProcess:160745] mummi_ras.online.simulation:has_computed_enough:352 - INFO - runtime_hours*0.99 = 0.495 vs delta_time = 0.31563112126456366 (length 24.0 ns) False False
2025-04-08 21:37:07,876 - [MainProcess:160745] mummi_ras.online.simulation:has_computed_enough:352 - INFO - runtime_hours*0.99 = 0.495 vs delta_time = 0.31618852304087747 (length 24.0 ns) False False
2025-04-08 21:37:09,883 - [MainProcess:160745] mummi_ras.online.simulation:has_computed_enough:352 - INFO - runtime_hours*0.99 = 0.495 vs delta_time = 0.31674594740072887 (length 24.0 ns) False False
2025-04-08 21:37:11,889 - [MainProcess:160745] mummi_ras.online.simulation:has_computed_enough:352 - INFO - runtime_hours*0.99 = 0.495 vs delta_time = 0.31730324506759644 (length 24.0 ns) False False
2025-04-08 21:37:13,896 - [MainProcess:160745] mummi_ras.online.simulation:has_computed_enough:352 - INFO - runtime_hours*0.99 = 0.495 vs delta_time = 0.31786067677868735 (length 24.0 ns) False False
2025-04-08 21:37:15,902 - [MainProcess:160745] mummi_ras.online.simulation:has_computed_enough:352 - INFO - runtime_hours*0.99 = 0.495 vs delta_time = 0.3184179923269484 (length 24.0 ns) False False
2025-04-08 21:37:17,909 - [MainProcess:160745] mummi_ras.online.simulation:has_computed_enough:352 - INFO - runtime_hours*0.99 = 0.495 vs delta_time = 0.3189753992027707 (length 24.0 ns) False False
2025-04-08 21:37:19,915 - [MainProcess:160745] mummi_ras.online.simulation:has_computed_enough:352 - INFO - runtime_hours*0.99 = 0.495 vs delta_time = 0.3195327259434594 (length 24.0 ns) False False
2025-04-08 21:37:21,922 - [MainProcess:160745] mummi_ras.online.simulation:has_computed_enough:352 - INFO - runtime_hours*0.99 = 0.495 vs delta_time = 0.3200901575220956 (length 24.0 ns) False False
2025-04-08 21:37:23,928 - [MainProcess:160745] mummi_ras.online.simulation:has_computed_enough:352 - INFO - runtime_hours*0.99 = 0.495 vs delta_time = 0.3206474890311559 (length 24.0 ns) False False
2025-04-08 21:37:25,935 - [MainProcess:160745] mummi_ras.online.simulation:has_computed_enough:352 - INFO - runtime_hours*0.99 = 0.495 vs delta_time = 0.3212049090862274 (length 24.0 ns) False False
2025-04-08 21:37:26,001 - [MainProcess:160745] mummi_ras.online.simulation:get_new_frames:399 - INFO - Getting all frame numbers in trajectory from 49 to 49.
2025-04-08 21:37:26,001 - [MainProcess:160745] mummi_ras.online.cg.cganalysis:run_main_analysis:193 - INFO - Process frame 49
2025-04-08 21:37:26,001 - [MainProcess:160745] mummi_ras.online.cg.cganalysis:processFrame:554 - INFO - Load 50 frames: current frame ID /tmp/mummi/cg/structure_iter00_000000000005-20250408_211746/traj_comp.xtc
2025-04-08 21:37:26,013 - [MainProcess:160745] mummi_ras.online.cg.cganalysis:processFrame:580 - INFO - Frame:    49, Time: 24500.000 ps, Bbox = [0, 180.11804, 0, 180.11804]
2025-04-08 21:37:26,013 - [MainProcess:160745] mummi_ras.online.cg.cganalysis:processFrame:584 - INFO - Lengths of layers: 647 40 497
2025-04-08 21:37:26,120 - [MainProcess:160745] mummi_ras.online.cg.cganalysis:processFrame:765 - INFO - Time for analysis - frameNum 49, time 0.11943340301513672 s
2025-04-08 21:37:28,121 - [MainProcess:160745] mummi_ras.online.simulation:has_computed_enough:352 - INFO - runtime_hours*0.99 = 0.495 vs delta_time = 0.3218121069669724 (length 24.5 ns) False False
2025-04-08 21:37:28,128 - [MainProcess:160745] mummi_ras.online.cg.cganalysis:processOutput:92 - INFO - Add feedback for frameNum 40 - state []
2025-04-08 21:37:28,128 - [MainProcess:160745] mummi_ras.online.cg.cganalysis:processOutput:92 - INFO - Add feedback for frameNum 41 - state []
2025-04-08 21:37:28,128 - [MainProcess:160745] mummi_ras.online.cg.cganalysis:processOutput:92 - INFO - Add feedback for frameNum 42 - state []
2025-04-08 21:37:28,128 - [MainProcess:160745] mummi_ras.online.cg.cganalysis:processOutput:92 - INFO - Add feedback for frameNum 43 - state []
2025-04-08 21:37:28,129 - [MainProcess:160745] mummi_ras.online.cg.cganalysis:processOutput:92 - INFO - Add feedback for frameNum 44 - state []
2025-04-08 21:37:28,129 - [MainProcess:160745] mummi_ras.online.cg.cganalysis:processOutput:92 - INFO - Add feedback for frameNum 45 - state []
2025-04-08 21:37:28,129 - [MainProcess:160745] mummi_ras.online.cg.cganalysis:processOutput:92 - INFO - Add feedback for frameNum 46 - state []
2025-04-08 21:37:28,129 - [MainProcess:160745] mummi_ras.online.cg.cganalysis:processOutput:92 - INFO - Add feedback for frameNum 47 - state []
2025-04-08 21:37:28,129 - [MainProcess:160745] mummi_ras.online.cg.cganalysis:processOutput:92 - INFO - Add feedback for frameNum 48 - state []
2025-04-08 21:37:28,129 - [MainProcess:160745] mummi_ras.online.cg.cganalysis:processOutput:92 - INFO - Add feedback for frameNum 49 - state []
2025-04-08 21:37:28,144 - [MainProcess:160745] mummi_core.interfaces.simple:_save_files:91 - INFO - Wrote 10 files to (/p/gpfs1/pottier1/minimummi-sc25/roots/root3/feedback-cg2ml/005)
2025-04-08 21:37:28,145 - [MainProcess:160745] mummi_ras.feedback.feedback_manager_cg2ml:report:118 - INFO - Added 10 frames (from structure_iter00_000000000005) to feedback (/p/gpfs1/pottier1/minimummi-sc25/roots/root3/feedback-cg2ml)
2025-04-08 21:37:28,145 - [MainProcess:160745] mummi_ras.online.cg.cganalysis:processOutput:112 - INFO - processOutput: 49
2025-04-08 21:37:28,145 - [MainProcess:160745] mummi_ras.online.cg.cganalysis:copyRemoteRestart:452 - INFO - Copy to remote frames [40, 41, 42, 43, 44, 45, 46, 47, 48, 49]
sending incremental file list
ener.edr
md.log
mdrun.log
traj_comp.xtc

sent 10,872,676 bytes  received 92 bytes  21,745,536.00 bytes/sec
total size is 13,885,234  speedup is 1.28
2025-04-08 21:37:28,270 - [MainProcess:160745] mummi_core.utils.utilities:sys_call:184 - INFO - Run command: rsync -va --no-g traj_comp.xtc topol.tpr state.cpt ener.edr md.log mdrun.log /p/gpfs1/pottier1/minimummi-sc25/roots/root3/sims-cg/structure_iter00_000000000005 || true
2025-04-08 21:37:28,727 - [MainProcess:160745] mummi_ras.interfaces.mummi:save_analysis_data:253 - INFO - Saved all analysis data for frames [40, 41, 42, 43, 44, 45, 46, 47, 48, 49]
2025-04-08 21:37:28,728 - [MainProcess:160745] mummi_ras.online.cg.cganalysis:copyRemoteLogs:350 - INFO - Copy over log files
2025-04-08 21:37:28,754 - [MainProcess:160745] mummi_core.utils.utilities:sys_call:184 - INFO - Run command: cp -r  /tmp/mummi/cg/structure_iter00_000000000005-20250408_211746/cg_analysis.out /tmp/mummi/cg/structure_iter00_000000000005-20250408_211746/traj_comp.xtc /tmp/mummi/cg/structure_iter00_000000000005-20250408_211746/*.log /p/gpfs1/pottier1/minimummi-sc25/roots/root3/sims-cg/structure_iter00_000000000005/ || true
2025-04-08 21:37:28,754 - [MainProcess:160745] mummi_ras.online.cg.cganalysis:copyRemoteLogs:365 - INFO - copyRemoteLogs =  /tmp/mummi/cg/structure_iter00_000000000005-20250408_211746/cg_analysis.out /tmp/mummi/cg/structure_iter00_000000000005-20250408_211746/traj_comp.xtc /tmp/mummi/cg/structure_iter00_000000000005-20250408_211746/*.log
2025-04-08 21:37:28,754 - [MainProcess:160745] mummi_ras.online.cg.cganalysis:cleanupLocal:375 - WARNING - Copy cleanup local only works for ddcMD files
2025-04-08 21:37:30,755 - [MainProcess:160745] mummi_ras.online.simulation:has_computed_enough:352 - INFO - runtime_hours*0.99 = 0.495 vs delta_time = 0.3225436764293247 (length 24.5 ns) False False
2025-04-08 21:37:32,761 - [MainProcess:160745] mummi_ras.online.simulation:has_computed_enough:352 - INFO - runtime_hours*0.99 = 0.495 vs delta_time = 0.32310091992219286 (length 24.5 ns) False False
2025-04-08 21:37:34,767 - [MainProcess:160745] mummi_ras.online.simulation:has_computed_enough:352 - INFO - runtime_hours*0.99 = 0.495 vs delta_time = 0.32365828812122344 (length 24.5 ns) False False
2025-04-08 21:37:36,774 - [MainProcess:160745] mummi_ras.online.simulation:has_computed_enough:352 - INFO - runtime_hours*0.99 = 0.495 vs delta_time = 0.32421557168165843 (length 24.5 ns) False False
2025-04-08 21:37:38,780 - [MainProcess:160745] mummi_ras.online.simulation:has_computed_enough:352 - INFO - runtime_hours*0.99 = 0.495 vs delta_time = 0.32477292537689206 (length 24.5 ns) False False
2025-04-08 21:37:40,786 - [MainProcess:160745] mummi_ras.online.simulation:has_computed_enough:352 - INFO - runtime_hours*0.99 = 0.495 vs delta_time = 0.3253301888042026 (length 24.5 ns) False False
2025-04-08 21:37:42,793 - [MainProcess:160745] mummi_ras.online.simulation:has_computed_enough:352 - INFO - runtime_hours*0.99 = 0.495 vs delta_time = 0.3258875517050425 (length 24.5 ns) False False
2025-04-08 21:37:44,799 - [MainProcess:160745] mummi_ras.online.simulation:has_computed_enough:352 - INFO - runtime_hours*0.99 = 0.495 vs delta_time = 0.3264447538057963 (length 24.5 ns) False False
2025-04-08 21:37:46,805 - [MainProcess:160745] mummi_ras.online.simulation:has_computed_enough:352 - INFO - runtime_hours*0.99 = 0.495 vs delta_time = 0.3270021196206411 (length 24.5 ns) False False
2025-04-08 21:37:48,811 - [MainProcess:160745] mummi_ras.online.simulation:has_computed_enough:352 - INFO - runtime_hours*0.99 = 0.495 vs delta_time = 0.3275593109925588 (length 24.5 ns) False False
2025-04-08 21:37:49,064 - [MainProcess:160745] mummi_ras.online.simulation:get_new_frames:399 - INFO - Getting all frame numbers in trajectory from 50 to 50.
2025-04-08 21:37:49,064 - [MainProcess:160745] mummi_ras.online.cg.cganalysis:run_main_analysis:193 - INFO - Process frame 50
2025-04-08 21:37:49,065 - [MainProcess:160745] mummi_ras.online.cg.cganalysis:processFrame:554 - INFO - Load 51 frames: current frame ID /tmp/mummi/cg/structure_iter00_000000000005-20250408_211746/traj_comp.xtc
2025-04-08 21:37:49,076 - [MainProcess:160745] mummi_ras.online.cg.cganalysis:processFrame:580 - INFO - Frame:    50, Time: 25000.000 ps, Bbox = [0, 180.84628, 0, 180.84628]
2025-04-08 21:37:49,076 - [MainProcess:160745] mummi_ras.online.cg.cganalysis:processFrame:584 - INFO - Lengths of layers: 653 33 498
2025-04-08 21:37:49,138 - [MainProcess:160745] mummi_ras.online.cg.cganalysis:processFrame:765 - INFO - Time for analysis - frameNum 50, time 0.07387423515319824 s
2025-04-08 21:37:51,139 - [MainProcess:160745] mummi_ras.online.simulation:has_computed_enough:352 - INFO - runtime_hours*0.99 = 0.495 vs delta_time = 0.3282059717178345 (length 25.0 ns) False False
2025-04-08 21:37:53,143 - [MainProcess:160745] mummi_ras.online.simulation:has_computed_enough:352 - INFO - runtime_hours*0.99 = 0.495 vs delta_time = 0.328762589097023 (length 25.0 ns) False False
2025-04-08 21:37:55,147 - [MainProcess:160745] mummi_ras.online.simulation:has_computed_enough:352 - INFO - runtime_hours*0.99 = 0.495 vs delta_time = 0.32931916614373524 (length 25.0 ns) False False
2025-04-08 21:37:57,150 - [MainProcess:160745] mummi_ras.online.simulation:has_computed_enough:352 - INFO - runtime_hours*0.99 = 0.495 vs delta_time = 0.3298757419321272 (length 25.0 ns) False False
2025-04-08 21:37:59,154 - [MainProcess:160745] mummi_ras.online.simulation:has_computed_enough:352 - INFO - runtime_hours*0.99 = 0.495 vs delta_time = 0.3304323208332062 (length 25.0 ns) False False
2025-04-08 21:38:01,158 - [MainProcess:160745] mummi_ras.online.simulation:has_computed_enough:352 - INFO - runtime_hours*0.99 = 0.495 vs delta_time = 0.3309888978799184 (length 25.0 ns) False False
2025-04-08 21:38:03,161 - [MainProcess:160745] mummi_ras.online.simulation:has_computed_enough:352 - INFO - runtime_hours*0.99 = 0.495 vs delta_time = 0.33154547731081646 (length 25.0 ns) False False
2025-04-08 21:38:05,165 - [MainProcess:160745] mummi_ras.online.simulation:has_computed_enough:352 - INFO - runtime_hours*0.99 = 0.495 vs delta_time = 0.33210205660925973 (length 25.0 ns) False False
2025-04-08 21:38:07,169 - [MainProcess:160745] mummi_ras.online.simulation:has_computed_enough:352 - INFO - runtime_hours*0.99 = 0.495 vs delta_time = 0.3326586478948593 (length 25.0 ns) False False
2025-04-08 21:38:09,172 - [MainProcess:160745] mummi_ras.online.simulation:has_computed_enough:352 - INFO - runtime_hours*0.99 = 0.495 vs delta_time = 0.33321522619989186 (length 25.0 ns) False False
2025-04-08 21:38:11,176 - [MainProcess:160745] mummi_ras.online.simulation:has_computed_enough:352 - INFO - runtime_hours*0.99 = 0.495 vs delta_time = 0.3337718058956994 (length 25.0 ns) False False
2025-04-08 21:38:13,180 - [MainProcess:160745] mummi_ras.online.simulation:has_computed_enough:352 - INFO - runtime_hours*0.99 = 0.495 vs delta_time = 0.3343283797634973 (length 25.0 ns) False False
2025-04-08 21:38:13,265 - [MainProcess:160745] mummi_ras.online.simulation:get_new_frames:399 - INFO - Getting all frame numbers in trajectory from 51 to 51.
2025-04-08 21:38:13,265 - [MainProcess:160745] mummi_ras.online.cg.cganalysis:run_main_analysis:193 - INFO - Process frame 51
2025-04-08 21:38:13,265 - [MainProcess:160745] mummi_ras.online.cg.cganalysis:processFrame:554 - INFO - Load 52 frames: current frame ID /tmp/mummi/cg/structure_iter00_000000000005-20250408_211746/traj_comp.xtc
2025-04-08 21:38:13,272 - [MainProcess:160745] mummi_ras.online.cg.cganalysis:processFrame:580 - INFO - Frame:    51, Time: 25500.000 ps, Bbox = [0, 180.31355, 0, 180.31355]
2025-04-08 21:38:13,272 - [MainProcess:160745] mummi_ras.online.cg.cganalysis:processFrame:584 - INFO - Lengths of layers: 650 35 499
2025-04-08 21:38:13,333 - [MainProcess:160745] mummi_ras.online.cg.cganalysis:processFrame:765 - INFO - Time for analysis - frameNum 51, time 0.06786918640136719 s
2025-04-08 21:38:15,334 - [MainProcess:160745] mummi_ras.online.simulation:has_computed_enough:352 - INFO - runtime_hours*0.99 = 0.495 vs delta_time = 0.33492670642005073 (length 25.5 ns) False False
2025-04-08 21:38:17,338 - [MainProcess:160745] mummi_ras.online.simulation:has_computed_enough:352 - INFO - runtime_hours*0.99 = 0.495 vs delta_time = 0.3354833934042189 (length 25.5 ns) False False
2025-04-08 21:38:19,342 - [MainProcess:160745] mummi_ras.online.simulation:has_computed_enough:352 - INFO - runtime_hours*0.99 = 0.495 vs delta_time = 0.33604004356596207 (length 25.5 ns) False False
2025-04-08 21:38:21,346 - [MainProcess:160745] mummi_ras.online.simulation:has_computed_enough:352 - INFO - runtime_hours*0.99 = 0.495 vs delta_time = 0.33659669121106467 (length 25.5 ns) False False
2025-04-08 21:38:23,350 - [MainProcess:160745] mummi_ras.online.simulation:has_computed_enough:352 - INFO - runtime_hours*0.99 = 0.495 vs delta_time = 0.3371533397833506 (length 25.5 ns) False False
2025-04-08 21:38:25,353 - [MainProcess:160745] mummi_ras.online.simulation:has_computed_enough:352 - INFO - runtime_hours*0.99 = 0.495 vs delta_time = 0.33770998530917695 (length 25.5 ns) False False
2025-04-08 21:38:27,357 - [MainProcess:160745] mummi_ras.online.simulation:has_computed_enough:352 - INFO - runtime_hours*0.99 = 0.495 vs delta_time = 0.3382666251394484 (length 25.5 ns) False False
2025-04-08 21:38:29,361 - [MainProcess:160745] mummi_ras.online.simulation:has_computed_enough:352 - INFO - runtime_hours*0.99 = 0.495 vs delta_time = 0.3388232668903139 (length 25.5 ns) False False
2025-04-08 21:38:31,365 - [MainProcess:160745] mummi_ras.online.simulation:has_computed_enough:352 - INFO - runtime_hours*0.99 = 0.495 vs delta_time = 0.3393799138069153 (length 25.5 ns) False False
2025-04-08 21:38:33,369 - [MainProcess:160745] mummi_ras.online.simulation:has_computed_enough:352 - INFO - runtime_hours*0.99 = 0.495 vs delta_time = 0.33993656502829656 (length 25.5 ns) False False
2025-04-08 21:38:35,373 - [MainProcess:160745] mummi_ras.online.simulation:has_computed_enough:352 - INFO - runtime_hours*0.99 = 0.495 vs delta_time = 0.34049322538905674 (length 25.5 ns) False False
2025-04-08 21:38:35,406 - [MainProcess:160745] mummi_ras.online.simulation:get_new_frames:399 - INFO - Getting all frame numbers in trajectory from 52 to 52.
2025-04-08 21:38:35,406 - [MainProcess:160745] mummi_ras.online.cg.cganalysis:run_main_analysis:193 - INFO - Process frame 52
2025-04-08 21:38:35,407 - [MainProcess:160745] mummi_ras.online.cg.cganalysis:processFrame:554 - INFO - Load 53 frames: current frame ID /tmp/mummi/cg/structure_iter00_000000000005-20250408_211746/traj_comp.xtc
2025-04-08 21:38:35,413 - [MainProcess:160745] mummi_ras.online.cg.cganalysis:processFrame:580 - INFO - Frame:    52, Time: 26000.000 ps, Bbox = [0, 180.58505, 0, 180.58505]
2025-04-08 21:38:35,413 - [MainProcess:160745] mummi_ras.online.cg.cganalysis:processFrame:584 - INFO - Lengths of layers: 652 31 501
2025-04-08 21:38:35,474 - [MainProcess:160745] mummi_ras.online.cg.cganalysis:processFrame:765 - INFO - Time for analysis - frameNum 52, time 0.06769919395446777 s
2025-04-08 21:38:37,475 - [MainProcess:160745] mummi_ras.online.simulation:has_computed_enough:352 - INFO - runtime_hours*0.99 = 0.495 vs delta_time = 0.341077013346884 (length 26.0 ns) False False
2025-04-08 21:38:39,479 - [MainProcess:160745] mummi_ras.online.simulation:has_computed_enough:352 - INFO - runtime_hours*0.99 = 0.495 vs delta_time = 0.3416336280769772 (length 26.0 ns) False False
2025-04-08 21:38:41,482 - [MainProcess:160745] mummi_ras.online.simulation:has_computed_enough:352 - INFO - runtime_hours*0.99 = 0.495 vs delta_time = 0.34219020598464545 (length 26.0 ns) False False
2025-04-08 21:38:43,486 - [MainProcess:160745] mummi_ras.online.simulation:has_computed_enough:352 - INFO - runtime_hours*0.99 = 0.495 vs delta_time = 0.34274678309758505 (length 26.0 ns) False False
2025-04-08 21:38:45,490 - [MainProcess:160745] mummi_ras.online.simulation:has_computed_enough:352 - INFO - runtime_hours*0.99 = 0.495 vs delta_time = 0.34330335325664946 (length 26.0 ns) False False
2025-04-08 21:38:47,493 - [MainProcess:160745] mummi_ras.online.simulation:has_computed_enough:352 - INFO - runtime_hours*0.99 = 0.495 vs delta_time = 0.3438599267933104 (length 26.0 ns) False False
2025-04-08 21:38:49,497 - [MainProcess:160745] mummi_ras.online.simulation:has_computed_enough:352 - INFO - runtime_hours*0.99 = 0.495 vs delta_time = 0.3444165090719859 (length 26.0 ns) False False
2025-04-08 21:38:51,501 - [MainProcess:160745] mummi_ras.online.simulation:has_computed_enough:352 - INFO - runtime_hours*0.99 = 0.495 vs delta_time = 0.34497308678097194 (length 26.0 ns) False False
2025-04-08 21:38:53,504 - [MainProcess:160745] mummi_ras.online.simulation:has_computed_enough:352 - INFO - runtime_hours*0.99 = 0.495 vs delta_time = 0.34552967131137846 (length 26.0 ns) False False
2025-04-08 21:38:55,508 - [MainProcess:160745] mummi_ras.online.simulation:has_computed_enough:352 - INFO - runtime_hours*0.99 = 0.495 vs delta_time = 0.34608624279499056 (length 26.0 ns) False False
2025-04-08 21:38:57,512 - [MainProcess:160745] mummi_ras.online.simulation:has_computed_enough:352 - INFO - runtime_hours*0.99 = 0.495 vs delta_time = 0.3466428177886539 (length 26.0 ns) False False
2025-04-08 21:38:59,515 - [MainProcess:160745] mummi_ras.online.simulation:has_computed_enough:352 - INFO - runtime_hours*0.99 = 0.495 vs delta_time = 0.34719938841131 (length 26.0 ns) False False
2025-04-08 21:38:59,663 - [MainProcess:160745] mummi_ras.online.simulation:get_new_frames:399 - INFO - Getting all frame numbers in trajectory from 53 to 53.
2025-04-08 21:38:59,663 - [MainProcess:160745] mummi_ras.online.cg.cganalysis:run_main_analysis:193 - INFO - Process frame 53
2025-04-08 21:38:59,663 - [MainProcess:160745] mummi_ras.online.cg.cganalysis:processFrame:554 - INFO - Load 54 frames: current frame ID /tmp/mummi/cg/structure_iter00_000000000005-20250408_211746/traj_comp.xtc
2025-04-08 21:38:59,670 - [MainProcess:160745] mummi_ras.online.cg.cganalysis:processFrame:580 - INFO - Frame:    53, Time: 26500.000 ps, Bbox = [0, 180.16583, 0, 180.16583]
2025-04-08 21:38:59,670 - [MainProcess:160745] mummi_ras.online.cg.cganalysis:processFrame:584 - INFO - Lengths of layers: 651 29 504
2025-04-08 21:38:59,731 - [MainProcess:160745] mummi_ras.online.cg.cganalysis:processFrame:765 - INFO - Time for analysis - frameNum 53, time 0.0676889419555664 s
2025-04-08 21:39:01,731 - [MainProcess:160745] mummi_ras.online.simulation:has_computed_enough:352 - INFO - runtime_hours*0.99 = 0.495 vs delta_time = 0.34781493054495916 (length 26.5 ns) False False
2025-04-08 21:39:03,735 - [MainProcess:160745] mummi_ras.online.simulation:has_computed_enough:352 - INFO - runtime_hours*0.99 = 0.495 vs delta_time = 0.34837157580587597 (length 26.5 ns) False False
2025-04-08 21:39:05,739 - [MainProcess:160745] mummi_ras.online.simulation:has_computed_enough:352 - INFO - runtime_hours*0.99 = 0.495 vs delta_time = 0.3489282006687588 (length 26.5 ns) False False
2025-04-08 21:39:07,743 - [MainProcess:160745] mummi_ras.online.simulation:has_computed_enough:352 - INFO - runtime_hours*0.99 = 0.495 vs delta_time = 0.34948480467001597 (length 26.5 ns) False False
2025-04-08 21:39:09,747 - [MainProcess:160745] mummi_ras.online.simulation:has_computed_enough:352 - INFO - runtime_hours*0.99 = 0.495 vs delta_time = 0.35004140900241004 (length 26.5 ns) False False
2025-04-08 21:39:11,750 - [MainProcess:160745] mummi_ras.online.simulation:has_computed_enough:352 - INFO - runtime_hours*0.99 = 0.495 vs delta_time = 0.3505980086988873 (length 26.5 ns) False False
2025-04-08 21:39:13,754 - [MainProcess:160745] mummi_ras.online.simulation:has_computed_enough:352 - INFO - runtime_hours*0.99 = 0.495 vs delta_time = 0.35115461203787063 (length 26.5 ns) False False
2025-04-08 21:39:15,758 - [MainProcess:160745] mummi_ras.online.simulation:has_computed_enough:352 - INFO - runtime_hours*0.99 = 0.495 vs delta_time = 0.3517112137873967 (length 26.5 ns) False False
2025-04-08 21:39:17,762 - [MainProcess:160745] mummi_ras.online.simulation:has_computed_enough:352 - INFO - runtime_hours*0.99 = 0.495 vs delta_time = 0.3522678162654241 (length 26.5 ns) False False
2025-04-08 21:39:19,765 - [MainProcess:160745] mummi_ras.online.simulation:has_computed_enough:352 - INFO - runtime_hours*0.99 = 0.495 vs delta_time = 0.35282441953818006 (length 26.5 ns) False False
2025-04-08 21:39:21,769 - [MainProcess:160745] mummi_ras.online.simulation:has_computed_enough:352 - INFO - runtime_hours*0.99 = 0.495 vs delta_time = 0.35338102208243477 (length 26.5 ns) False False
2025-04-08 21:39:23,773 - [MainProcess:160745] mummi_ras.online.simulation:has_computed_enough:352 - INFO - runtime_hours*0.99 = 0.495 vs delta_time = 0.35393762985865274 (length 26.5 ns) False False
2025-04-08 21:39:23,843 - [MainProcess:160745] mummi_ras.online.simulation:get_new_frames:399 - INFO - Getting all frame numbers in trajectory from 54 to 54.
2025-04-08 21:39:23,843 - [MainProcess:160745] mummi_ras.online.cg.cganalysis:run_main_analysis:193 - INFO - Process frame 54
2025-04-08 21:39:23,843 - [MainProcess:160745] mummi_ras.online.cg.cganalysis:processFrame:554 - INFO - Load 55 frames: current frame ID /tmp/mummi/cg/structure_iter00_000000000005-20250408_211746/traj_comp.xtc
2025-04-08 21:39:23,850 - [MainProcess:160745] mummi_ras.online.cg.cganalysis:processFrame:580 - INFO - Frame:    54, Time: 27000.000 ps, Bbox = [0, 180.90729, 0, 180.90729]
2025-04-08 21:39:23,850 - [MainProcess:160745] mummi_ras.online.cg.cganalysis:processFrame:584 - INFO - Lengths of layers: 650 30 504
2025-04-08 21:39:23,911 - [MainProcess:160745] mummi_ras.online.cg.cganalysis:processFrame:765 - INFO - Time for analysis - frameNum 54, time 0.06737112998962402 s
2025-04-08 21:39:25,911 - [MainProcess:160745] mummi_ras.online.simulation:has_computed_enough:352 - INFO - runtime_hours*0.99 = 0.495 vs delta_time = 0.35453159266048007 (length 27.0 ns) False False
2025-04-08 21:39:27,915 - [MainProcess:160745] mummi_ras.online.simulation:has_computed_enough:352 - INFO - runtime_hours*0.99 = 0.495 vs delta_time = 0.35508820123142665 (length 27.0 ns) False False
2025-04-08 21:39:29,919 - [MainProcess:160745] mummi_ras.online.simulation:has_computed_enough:352 - INFO - runtime_hours*0.99 = 0.495 vs delta_time = 0.3556447755628162 (length 27.0 ns) False False
2025-04-08 21:39:31,922 - [MainProcess:160745] mummi_ras.online.simulation:has_computed_enough:352 - INFO - runtime_hours*0.99 = 0.495 vs delta_time = 0.35620135181479984 (length 27.0 ns) False False
2025-04-08 21:39:33,926 - [MainProcess:160745] mummi_ras.online.simulation:has_computed_enough:352 - INFO - runtime_hours*0.99 = 0.495 vs delta_time = 0.35675792733828227 (length 27.0 ns) False False
2025-04-08 21:39:35,930 - [MainProcess:160745] mummi_ras.online.simulation:has_computed_enough:352 - INFO - runtime_hours*0.99 = 0.495 vs delta_time = 0.35731449597411685 (length 27.0 ns) False False
2025-04-08 21:39:37,933 - [MainProcess:160745] mummi_ras.online.simulation:has_computed_enough:352 - INFO - runtime_hours*0.99 = 0.495 vs delta_time = 0.35787106719281936 (length 27.0 ns) False False
2025-04-08 21:39:39,937 - [MainProcess:160745] mummi_ras.online.simulation:has_computed_enough:352 - INFO - runtime_hours*0.99 = 0.495 vs delta_time = 0.3584276503324509 (length 27.0 ns) False False
2025-04-08 21:39:41,941 - [MainProcess:160745] mummi_ras.online.simulation:has_computed_enough:352 - INFO - runtime_hours*0.99 = 0.495 vs delta_time = 0.35898424168427784 (length 27.0 ns) False False
2025-04-08 21:39:43,945 - [MainProcess:160745] mummi_ras.online.simulation:has_computed_enough:352 - INFO - runtime_hours*0.99 = 0.495 vs delta_time = 0.35954082972473567 (length 27.0 ns) False False
2025-04-08 21:39:45,948 - [MainProcess:160745] mummi_ras.online.simulation:has_computed_enough:352 - INFO - runtime_hours*0.99 = 0.495 vs delta_time = 0.36009740094343823 (length 27.0 ns) False False
2025-04-08 21:39:45,982 - [MainProcess:160745] mummi_ras.online.simulation:get_new_frames:399 - INFO - Getting all frame numbers in trajectory from 55 to 55.
2025-04-08 21:39:45,982 - [MainProcess:160745] mummi_ras.online.cg.cganalysis:run_main_analysis:193 - INFO - Process frame 55
2025-04-08 21:39:45,982 - [MainProcess:160745] mummi_ras.online.cg.cganalysis:processFrame:554 - INFO - Load 56 frames: current frame ID /tmp/mummi/cg/structure_iter00_000000000005-20250408_211746/traj_comp.xtc
2025-04-08 21:39:45,989 - [MainProcess:160745] mummi_ras.online.cg.cganalysis:processFrame:580 - INFO - Frame:    55, Time: 27500.000 ps, Bbox = [0, 180.33832, 0, 180.33832]
2025-04-08 21:39:45,989 - [MainProcess:160745] mummi_ras.online.cg.cganalysis:processFrame:584 - INFO - Lengths of layers: 654 29 501
2025-04-08 21:39:46,050 - [MainProcess:160745] mummi_ras.online.cg.cganalysis:processFrame:765 - INFO - Time for analysis - frameNum 55, time 0.06777548789978027 s
2025-04-08 21:39:48,050 - [MainProcess:160745] mummi_ras.online.simulation:has_computed_enough:352 - INFO - runtime_hours*0.99 = 0.495 vs delta_time = 0.36068130638864304 (length 27.5 ns) False False
2025-04-08 21:39:50,054 - [MainProcess:160745] mummi_ras.online.simulation:has_computed_enough:352 - INFO - runtime_hours*0.99 = 0.495 vs delta_time = 0.36123794780837165 (length 27.5 ns) False False
2025-04-08 21:39:52,058 - [MainProcess:160745] mummi_ras.online.simulation:has_computed_enough:352 - INFO - runtime_hours*0.99 = 0.495 vs delta_time = 0.36179454995526206 (length 27.5 ns) False False
2025-04-08 21:39:54,062 - [MainProcess:160745] mummi_ras.online.simulation:has_computed_enough:352 - INFO - runtime_hours*0.99 = 0.495 vs delta_time = 0.36235115117496913 (length 27.5 ns) False False
2025-04-08 21:39:56,065 - [MainProcess:160745] mummi_ras.online.simulation:has_computed_enough:352 - INFO - runtime_hours*0.99 = 0.495 vs delta_time = 0.362907743718889 (length 27.5 ns) False False
2025-04-08 21:39:58,069 - [MainProcess:160745] mummi_ras.online.simulation:has_computed_enough:352 - INFO - runtime_hours*0.99 = 0.495 vs delta_time = 0.3634643455346425 (length 27.5 ns) False False
2025-04-08 21:40:00,073 - [MainProcess:160745] mummi_ras.online.simulation:has_computed_enough:352 - INFO - runtime_hours*0.99 = 0.495 vs delta_time = 0.364020946820577 (length 27.5 ns) False False
2025-04-08 21:40:02,077 - [MainProcess:160745] mummi_ras.online.simulation:has_computed_enough:352 - INFO - runtime_hours*0.99 = 0.495 vs delta_time = 0.3645775592989392 (length 27.5 ns) False False
2025-04-08 21:40:04,081 - [MainProcess:160745] mummi_ras.online.simulation:has_computed_enough:352 - INFO - runtime_hours*0.99 = 0.495 vs delta_time = 0.36513416594929166 (length 27.5 ns) False False
2025-04-08 21:40:06,084 - [MainProcess:160745] mummi_ras.online.simulation:has_computed_enough:352 - INFO - runtime_hours*0.99 = 0.495 vs delta_time = 0.36569076498349506 (length 27.5 ns) False False
2025-04-08 21:40:08,088 - [MainProcess:160745] mummi_ras.online.simulation:has_computed_enough:352 - INFO - runtime_hours*0.99 = 0.495 vs delta_time = 0.3662473628256056 (length 27.5 ns) False False
2025-04-08 21:40:10,092 - [MainProcess:160745] mummi_ras.online.simulation:has_computed_enough:352 - INFO - runtime_hours*0.99 = 0.495 vs delta_time = 0.36680396371417573 (length 27.5 ns) False False
2025-04-08 21:40:10,248 - [MainProcess:160745] mummi_ras.online.simulation:get_new_frames:399 - INFO - Getting all frame numbers in trajectory from 56 to 56.
2025-04-08 21:40:10,248 - [MainProcess:160745] mummi_ras.online.cg.cganalysis:run_main_analysis:193 - INFO - Process frame 56
2025-04-08 21:40:10,248 - [MainProcess:160745] mummi_ras.online.cg.cganalysis:processFrame:554 - INFO - Load 57 frames: current frame ID /tmp/mummi/cg/structure_iter00_000000000005-20250408_211746/traj_comp.xtc
2025-04-08 21:40:10,255 - [MainProcess:160745] mummi_ras.online.cg.cganalysis:processFrame:580 - INFO - Frame:    56, Time: 28000.000 ps, Bbox = [0, 181.2268, 0, 181.2268]
2025-04-08 21:40:10,255 - [MainProcess:160745] mummi_ras.online.cg.cganalysis:processFrame:584 - INFO - Lengths of layers: 654 30 500
2025-04-08 21:40:10,316 - [MainProcess:160745] mummi_ras.online.cg.cganalysis:processFrame:765 - INFO - Time for analysis - frameNum 56, time 0.06762075424194336 s
2025-04-08 21:40:12,316 - [MainProcess:160745] mummi_ras.online.simulation:has_computed_enough:352 - INFO - runtime_hours*0.99 = 0.495 vs delta_time = 0.36742182870705925 (length 28.0 ns) False False
2025-04-08 21:40:14,320 - [MainProcess:160745] mummi_ras.online.simulation:has_computed_enough:352 - INFO - runtime_hours*0.99 = 0.495 vs delta_time = 0.36797842899958294 (length 28.0 ns) False False
2025-04-08 21:40:16,323 - [MainProcess:160745] mummi_ras.online.simulation:has_computed_enough:352 - INFO - runtime_hours*0.99 = 0.495 vs delta_time = 0.3685349896219042 (length 28.0 ns) False False
2025-04-08 21:40:18,327 - [MainProcess:160745] mummi_ras.online.simulation:has_computed_enough:352 - INFO - runtime_hours*0.99 = 0.495 vs delta_time = 0.36909154733022054 (length 28.0 ns) False False
2025-04-08 21:40:20,331 - [MainProcess:160745] mummi_ras.online.simulation:has_computed_enough:352 - INFO - runtime_hours*0.99 = 0.495 vs delta_time = 0.36964810722404057 (length 28.0 ns) False False
2025-04-08 21:40:22,334 - [MainProcess:160745] mummi_ras.online.simulation:has_computed_enough:352 - INFO - runtime_hours*0.99 = 0.495 vs delta_time = 0.3702046718862322 (length 28.0 ns) False False
2025-04-08 21:40:24,338 - [MainProcess:160745] mummi_ras.online.simulation:has_computed_enough:352 - INFO - runtime_hours*0.99 = 0.495 vs delta_time = 0.37076122952832113 (length 28.0 ns) False False
2025-04-08 21:40:26,342 - [MainProcess:160745] mummi_ras.online.simulation:has_computed_enough:352 - INFO - runtime_hours*0.99 = 0.495 vs delta_time = 0.3713177929984199 (length 28.0 ns) False False
2025-04-08 21:40:28,345 - [MainProcess:160745] mummi_ras.online.simulation:has_computed_enough:352 - INFO - runtime_hours*0.99 = 0.495 vs delta_time = 0.3718743666675356 (length 28.0 ns) False False
2025-04-08 21:40:30,349 - [MainProcess:160745] mummi_ras.online.simulation:has_computed_enough:352 - INFO - runtime_hours*0.99 = 0.495 vs delta_time = 0.3724309277534485 (length 28.0 ns) False False
2025-04-08 21:40:32,352 - [MainProcess:160745] mummi_ras.online.simulation:has_computed_enough:352 - INFO - runtime_hours*0.99 = 0.495 vs delta_time = 0.37298749215073057 (length 28.0 ns) False False
2025-04-08 21:40:34,356 - [MainProcess:160745] mummi_ras.online.simulation:has_computed_enough:352 - INFO - runtime_hours*0.99 = 0.495 vs delta_time = 0.37354405601819357 (length 28.0 ns) False False
2025-04-08 21:40:34,435 - [MainProcess:160745] mummi_ras.online.simulation:get_new_frames:399 - INFO - Getting all frame numbers in trajectory from 57 to 57.
2025-04-08 21:40:34,435 - [MainProcess:160745] mummi_ras.online.cg.cganalysis:run_main_analysis:193 - INFO - Process frame 57
2025-04-08 21:40:34,435 - [MainProcess:160745] mummi_ras.online.cg.cganalysis:processFrame:554 - INFO - Load 58 frames: current frame ID /tmp/mummi/cg/structure_iter00_000000000005-20250408_211746/traj_comp.xtc
2025-04-08 21:40:34,442 - [MainProcess:160745] mummi_ras.online.cg.cganalysis:processFrame:580 - INFO - Frame:    57, Time: 28500.000 ps, Bbox = [0, 180.13586, 0, 180.13586]
2025-04-08 21:40:34,442 - [MainProcess:160745] mummi_ras.online.cg.cganalysis:processFrame:584 - INFO - Lengths of layers: 653 33 498
2025-04-08 21:40:34,503 - [MainProcess:160745] mummi_ras.online.cg.cganalysis:processFrame:765 - INFO - Time for analysis - frameNum 57, time 0.06779050827026367 s
2025-04-08 21:40:36,503 - [MainProcess:160745] mummi_ras.online.simulation:has_computed_enough:352 - INFO - runtime_hours*0.99 = 0.495 vs delta_time = 0.37414047923352983 (length 28.5 ns) False False
2025-04-08 21:40:38,507 - [MainProcess:160745] mummi_ras.online.simulation:has_computed_enough:352 - INFO - runtime_hours*0.99 = 0.495 vs delta_time = 0.3746971660852432 (length 28.5 ns) False False
2025-04-08 21:40:40,511 - [MainProcess:160745] mummi_ras.online.simulation:has_computed_enough:352 - INFO - runtime_hours*0.99 = 0.495 vs delta_time = 0.3752538185649448 (length 28.5 ns) False False
2025-04-08 21:40:42,515 - [MainProcess:160745] mummi_ras.online.simulation:has_computed_enough:352 - INFO - runtime_hours*0.99 = 0.495 vs delta_time = 0.37581045786539713 (length 28.5 ns) False False
2025-04-08 21:40:44,519 - [MainProcess:160745] mummi_ras.online.simulation:has_computed_enough:352 - INFO - runtime_hours*0.99 = 0.495 vs delta_time = 0.37636709067556595 (length 28.5 ns) False False
2025-04-08 21:40:46,523 - [MainProcess:160745] mummi_ras.online.simulation:has_computed_enough:352 - INFO - runtime_hours*0.99 = 0.495 vs delta_time = 0.3769237446122699 (length 28.5 ns) False False
2025-04-08 21:40:48,527 - [MainProcess:160745] mummi_ras.online.simulation:has_computed_enough:352 - INFO - runtime_hours*0.99 = 0.495 vs delta_time = 0.3774804104699029 (length 28.5 ns) False False
2025-04-08 21:40:50,531 - [MainProcess:160745] mummi_ras.online.simulation:has_computed_enough:352 - INFO - runtime_hours*0.99 = 0.495 vs delta_time = 0.37803704884317185 (length 28.5 ns) False False
2025-04-08 21:40:52,535 - [MainProcess:160745] mummi_ras.online.simulation:has_computed_enough:352 - INFO - runtime_hours*0.99 = 0.495 vs delta_time = 0.3785936955610911 (length 28.5 ns) False False
2025-04-08 21:40:54,539 - [MainProcess:160745] mummi_ras.online.simulation:has_computed_enough:352 - INFO - runtime_hours*0.99 = 0.495 vs delta_time = 0.37915032890107897 (length 28.5 ns) False False
2025-04-08 21:40:56,543 - [MainProcess:160745] mummi_ras.online.simulation:has_computed_enough:352 - INFO - runtime_hours*0.99 = 0.495 vs delta_time = 0.3797069776720471 (length 28.5 ns) False False
2025-04-08 21:40:56,577 - [MainProcess:160745] mummi_ras.online.simulation:get_new_frames:399 - INFO - Getting all frame numbers in trajectory from 58 to 58.
2025-04-08 21:40:56,577 - [MainProcess:160745] mummi_ras.online.cg.cganalysis:run_main_analysis:193 - INFO - Process frame 58
2025-04-08 21:40:56,577 - [MainProcess:160745] mummi_ras.online.cg.cganalysis:processFrame:554 - INFO - Load 59 frames: current frame ID /tmp/mummi/cg/structure_iter00_000000000005-20250408_211746/traj_comp.xtc
2025-04-08 21:40:56,584 - [MainProcess:160745] mummi_ras.online.cg.cganalysis:processFrame:580 - INFO - Frame:    58, Time: 29000.000 ps, Bbox = [0, 180.82028, 0, 180.82028]
2025-04-08 21:40:56,584 - [MainProcess:160745] mummi_ras.online.cg.cganalysis:processFrame:584 - INFO - Lengths of layers: 653 33 498
2025-04-08 21:40:56,644 - [MainProcess:160745] mummi_ras.online.cg.cganalysis:processFrame:765 - INFO - Time for analysis - frameNum 58, time 0.06743550300598145 s
2025-04-08 21:40:58,645 - [MainProcess:160745] mummi_ras.online.simulation:has_computed_enough:352 - INFO - runtime_hours*0.99 = 0.495 vs delta_time = 0.3802909590138329 (length 29.0 ns) False False
2025-04-08 21:41:00,649 - [MainProcess:160745] mummi_ras.online.simulation:has_computed_enough:352 - INFO - runtime_hours*0.99 = 0.495 vs delta_time = 0.3808475723531511 (length 29.0 ns) False False
2025-04-08 21:41:02,652 - [MainProcess:160745] mummi_ras.online.simulation:has_computed_enough:352 - INFO - runtime_hours*0.99 = 0.495 vs delta_time = 0.3814041438367632 (length 29.0 ns) False False
2025-04-08 21:41:04,656 - [MainProcess:160745] mummi_ras.online.simulation:has_computed_enough:352 - INFO - runtime_hours*0.99 = 0.495 vs delta_time = 0.3819607029358546 (length 29.0 ns) False False
2025-04-08 21:41:06,660 - [MainProcess:160745] mummi_ras.online.simulation:has_computed_enough:352 - INFO - runtime_hours*0.99 = 0.495 vs delta_time = 0.38251728587680395 (length 29.0 ns) False False
2025-04-08 21:41:08,663 - [MainProcess:160745] mummi_ras.online.simulation:has_computed_enough:352 - INFO - runtime_hours*0.99 = 0.495 vs delta_time = 0.38307386073801253 (length 29.0 ns) False False
2025-04-08 21:41:10,667 - [MainProcess:160745] mummi_ras.online.simulation:has_computed_enough:352 - INFO - runtime_hours*0.99 = 0.495 vs delta_time = 0.3836304326189889 (length 29.0 ns) False False
2025-04-08 21:41:12,671 - [MainProcess:160745] mummi_ras.online.simulation:has_computed_enough:352 - INFO - runtime_hours*0.99 = 0.495 vs delta_time = 0.3841870051622391 (length 29.0 ns) False False
2025-04-08 21:41:14,674 - [MainProcess:160745] mummi_ras.online.simulation:has_computed_enough:352 - INFO - runtime_hours*0.99 = 0.495 vs delta_time = 0.38474356101618873 (length 29.0 ns) False False
2025-04-08 21:41:16,678 - [MainProcess:160745] mummi_ras.online.simulation:has_computed_enough:352 - INFO - runtime_hours*0.99 = 0.495 vs delta_time = 0.3853001293871138 (length 29.0 ns) False False
2025-04-08 21:41:18,682 - [MainProcess:160745] mummi_ras.online.simulation:has_computed_enough:352 - INFO - runtime_hours*0.99 = 0.495 vs delta_time = 0.3858567036522759 (length 29.0 ns) False False
2025-04-08 21:41:20,685 - [MainProcess:160745] mummi_ras.online.simulation:has_computed_enough:352 - INFO - runtime_hours*0.99 = 0.495 vs delta_time = 0.38641327771875594 (length 29.0 ns) False False
2025-04-08 21:41:20,874 - [MainProcess:160745] mummi_ras.online.simulation:get_new_frames:399 - INFO - Getting all frame numbers in trajectory from 59 to 59.
2025-04-08 21:41:20,874 - [MainProcess:160745] mummi_ras.online.cg.cganalysis:run_main_analysis:193 - INFO - Process frame 59
2025-04-08 21:41:20,874 - [MainProcess:160745] mummi_ras.online.cg.cganalysis:processFrame:554 - INFO - Load 60 frames: current frame ID /tmp/mummi/cg/structure_iter00_000000000005-20250408_211746/traj_comp.xtc
2025-04-08 21:41:20,881 - [MainProcess:160745] mummi_ras.online.cg.cganalysis:processFrame:580 - INFO - Frame:    59, Time: 29500.000 ps, Bbox = [0, 180.10141, 0, 180.10141]
2025-04-08 21:41:20,881 - [MainProcess:160745] mummi_ras.online.cg.cganalysis:processFrame:584 - INFO - Lengths of layers: 653 34 497
2025-04-08 21:41:20,942 - [MainProcess:160745] mummi_ras.online.cg.cganalysis:processFrame:765 - INFO - Time for analysis - frameNum 59, time 0.06777119636535645 s
2025-04-08 21:41:22,942 - [MainProcess:160745] mummi_ras.online.simulation:has_computed_enough:352 - INFO - runtime_hours*0.99 = 0.495 vs delta_time = 0.3870402227507697 (length 29.5 ns) False False
2025-04-08 21:41:22,946 - [MainProcess:160745] mummi_ras.online.cg.cganalysis:processOutput:92 - INFO - Add feedback for frameNum 50 - state []
2025-04-08 21:41:22,946 - [MainProcess:160745] mummi_ras.online.cg.cganalysis:processOutput:92 - INFO - Add feedback for frameNum 51 - state []
2025-04-08 21:41:22,946 - [MainProcess:160745] mummi_ras.online.cg.cganalysis:processOutput:92 - INFO - Add feedback for frameNum 52 - state []
2025-04-08 21:41:22,946 - [MainProcess:160745] mummi_ras.online.cg.cganalysis:processOutput:92 - INFO - Add feedback for frameNum 53 - state []
2025-04-08 21:41:22,947 - [MainProcess:160745] mummi_ras.online.cg.cganalysis:processOutput:92 - INFO - Add feedback for frameNum 54 - state []
2025-04-08 21:41:22,947 - [MainProcess:160745] mummi_ras.online.cg.cganalysis:processOutput:92 - INFO - Add feedback for frameNum 55 - state []
2025-04-08 21:41:22,947 - [MainProcess:160745] mummi_ras.online.cg.cganalysis:processOutput:92 - INFO - Add feedback for frameNum 56 - state []
2025-04-08 21:41:22,947 - [MainProcess:160745] mummi_ras.online.cg.cganalysis:processOutput:92 - INFO - Add feedback for frameNum 57 - state []
2025-04-08 21:41:22,947 - [MainProcess:160745] mummi_ras.online.cg.cganalysis:processOutput:92 - INFO - Add feedback for frameNum 58 - state []
2025-04-08 21:41:22,947 - [MainProcess:160745] mummi_ras.online.cg.cganalysis:processOutput:92 - INFO - Add feedback for frameNum 59 - state []
2025-04-08 21:41:24,108 - [MainProcess:160745] mummi_core.interfaces.simple:_save_files:91 - INFO - Wrote 10 files to (/p/gpfs1/pottier1/minimummi-sc25/roots/root3/feedback-cg2ml/005)
2025-04-08 21:41:24,108 - [MainProcess:160745] mummi_ras.feedback.feedback_manager_cg2ml:report:118 - INFO - Added 10 frames (from structure_iter00_000000000005) to feedback (/p/gpfs1/pottier1/minimummi-sc25/roots/root3/feedback-cg2ml)
2025-04-08 21:41:24,108 - [MainProcess:160745] mummi_ras.online.cg.cganalysis:processOutput:112 - INFO - processOutput: 59
2025-04-08 21:41:24,108 - [MainProcess:160745] mummi_ras.online.cg.cganalysis:copyRemoteRestart:452 - INFO - Copy to remote frames [50, 51, 52, 53, 54, 55, 56, 57, 58, 59]
sending incremental file list
ener.edr
md.log
mdrun.log
traj_comp.xtc

sent 13,042,493 bytes  received 92 bytes  26,085,170.00 bytes/sec
total size is 16,054,528  speedup is 1.23
2025-04-08 21:41:24,270 - [MainProcess:160745] mummi_core.utils.utilities:sys_call:184 - INFO - Run command: rsync -va --no-g traj_comp.xtc topol.tpr state.cpt ener.edr md.log mdrun.log /p/gpfs1/pottier1/minimummi-sc25/roots/root3/sims-cg/structure_iter00_000000000005 || true
2025-04-08 21:41:24,726 - [MainProcess:160745] mummi_ras.interfaces.mummi:save_analysis_data:253 - INFO - Saved all analysis data for frames [50, 51, 52, 53, 54, 55, 56, 57, 58, 59]
2025-04-08 21:41:24,726 - [MainProcess:160745] mummi_ras.online.cg.cganalysis:copyRemoteLogs:350 - INFO - Copy over log files
2025-04-08 21:41:24,752 - [MainProcess:160745] mummi_core.utils.utilities:sys_call:184 - INFO - Run command: cp -r  /tmp/mummi/cg/structure_iter00_000000000005-20250408_211746/cg_analysis.out /tmp/mummi/cg/structure_iter00_000000000005-20250408_211746/traj_comp.xtc /tmp/mummi/cg/structure_iter00_000000000005-20250408_211746/*.log /p/gpfs1/pottier1/minimummi-sc25/roots/root3/sims-cg/structure_iter00_000000000005/ || true
2025-04-08 21:41:24,753 - [MainProcess:160745] mummi_ras.online.cg.cganalysis:copyRemoteLogs:365 - INFO - copyRemoteLogs =  /tmp/mummi/cg/structure_iter00_000000000005-20250408_211746/cg_analysis.out /tmp/mummi/cg/structure_iter00_000000000005-20250408_211746/traj_comp.xtc /tmp/mummi/cg/structure_iter00_000000000005-20250408_211746/*.log
2025-04-08 21:41:24,753 - [MainProcess:160745] mummi_ras.online.cg.cganalysis:cleanupLocal:375 - WARNING - Copy cleanup local only works for ddcMD files
2025-04-08 21:41:26,753 - [MainProcess:160745] mummi_ras.online.simulation:has_computed_enough:352 - INFO - runtime_hours*0.99 = 0.495 vs delta_time = 0.38809872057702804 (length 29.5 ns) False False
2025-04-08 21:41:28,757 - [MainProcess:160745] mummi_ras.online.simulation:has_computed_enough:352 - INFO - runtime_hours*0.99 = 0.495 vs delta_time = 0.3886553465657764 (length 29.5 ns) False False
2025-04-08 21:41:30,761 - [MainProcess:160745] mummi_ras.online.simulation:has_computed_enough:352 - INFO - runtime_hours*0.99 = 0.495 vs delta_time = 0.3892119609647327 (length 29.5 ns) False False
2025-04-08 21:41:32,764 - [MainProcess:160745] mummi_ras.online.simulation:has_computed_enough:352 - INFO - runtime_hours*0.99 = 0.495 vs delta_time = 0.3897685747014152 (length 29.5 ns) False False
2025-04-08 21:41:34,768 - [MainProcess:160745] mummi_ras.online.simulation:has_computed_enough:352 - INFO - runtime_hours*0.99 = 0.495 vs delta_time = 0.3903251826100879 (length 29.5 ns) False False
2025-04-08 21:41:36,772 - [MainProcess:160745] mummi_ras.online.simulation:has_computed_enough:352 - INFO - runtime_hours*0.99 = 0.495 vs delta_time = 0.3908817834986581 (length 29.5 ns) False False
2025-04-08 21:41:38,776 - [MainProcess:160745] mummi_ras.online.simulation:has_computed_enough:352 - INFO - runtime_hours*0.99 = 0.495 vs delta_time = 0.3914383794201745 (length 29.5 ns) False False
2025-04-08 21:41:40,779 - [MainProcess:160745] mummi_ras.online.simulation:has_computed_enough:352 - INFO - runtime_hours*0.99 = 0.495 vs delta_time = 0.3919949842823876 (length 29.5 ns) False False
2025-04-08 21:41:42,783 - [MainProcess:160745] mummi_ras.online.simulation:has_computed_enough:352 - INFO - runtime_hours*0.99 = 0.495 vs delta_time = 0.3925515764951706 (length 29.5 ns) False False
2025-04-08 21:41:44,787 - [MainProcess:160745] mummi_ras.online.simulation:has_computed_enough:352 - INFO - runtime_hours*0.99 = 0.495 vs delta_time = 0.3931081801652908 (length 29.5 ns) False False
2025-04-08 21:41:44,867 - [MainProcess:160745] mummi_ras.online.simulation:get_new_frames:399 - INFO - Getting all frame numbers in trajectory from 60 to 60.
2025-04-08 21:41:44,867 - [MainProcess:160745] mummi_ras.online.cg.cganalysis:run_main_analysis:193 - INFO - Process frame 60
2025-04-08 21:41:44,867 - [MainProcess:160745] mummi_ras.online.cg.cganalysis:processFrame:554 - INFO - Load 61 frames: current frame ID /tmp/mummi/cg/structure_iter00_000000000005-20250408_211746/traj_comp.xtc
2025-04-08 21:41:44,874 - [MainProcess:160745] mummi_ras.online.cg.cganalysis:processFrame:580 - INFO - Frame:    60, Time: 30000.000 ps, Bbox = [0, 180.43425, 0, 180.43425]
2025-04-08 21:41:44,874 - [MainProcess:160745] mummi_ras.online.cg.cganalysis:processFrame:584 - INFO - Lengths of layers: 654 31 499
2025-04-08 21:41:44,935 - [MainProcess:160745] mummi_ras.online.cg.cganalysis:processFrame:765 - INFO - Time for analysis - frameNum 60, time 0.06737518310546875 s
2025-04-08 21:41:46,935 - [MainProcess:160745] mummi_ras.online.simulation:has_computed_enough:352 - INFO - runtime_hours*0.99 = 0.495 vs delta_time = 0.39370488080713484 (length 30.0 ns) False False
2025-04-08 21:41:48,939 - [MainProcess:160745] mummi_ras.online.simulation:has_computed_enough:352 - INFO - runtime_hours*0.99 = 0.495 vs delta_time = 0.3942614867289861 (length 30.0 ns) False False
2025-04-08 21:41:50,943 - [MainProcess:160745] mummi_ras.online.simulation:has_computed_enough:352 - INFO - runtime_hours*0.99 = 0.495 vs delta_time = 0.3948180612590578 (length 30.0 ns) False False
2025-04-08 21:41:52,946 - [MainProcess:160745] mummi_ras.online.simulation:has_computed_enough:352 - INFO - runtime_hours*0.99 = 0.495 vs delta_time = 0.39537465274333955 (length 30.0 ns) False False
2025-04-08 21:41:54,950 - [MainProcess:160745] mummi_ras.online.simulation:has_computed_enough:352 - INFO - runtime_hours*0.99 = 0.495 vs delta_time = 0.39593123998906876 (length 30.0 ns) False False
2025-04-08 21:41:56,954 - [MainProcess:160745] mummi_ras.online.simulation:has_computed_enough:352 - INFO - runtime_hours*0.99 = 0.495 vs delta_time = 0.39648781491650475 (length 30.0 ns) False False
2025-04-08 21:41:58,957 - [MainProcess:160745] mummi_ras.online.simulation:has_computed_enough:352 - INFO - runtime_hours*0.99 = 0.495 vs delta_time = 0.3970443789826499 (length 30.0 ns) False False
2025-04-08 21:42:00,961 - [MainProcess:160745] mummi_ras.online.simulation:has_computed_enough:352 - INFO - runtime_hours*0.99 = 0.495 vs delta_time = 0.39760095847977533 (length 30.0 ns) False False
2025-04-08 21:42:02,965 - [MainProcess:160745] mummi_ras.online.simulation:has_computed_enough:352 - INFO - runtime_hours*0.99 = 0.495 vs delta_time = 0.3981575279103385 (length 30.0 ns) False False
2025-04-08 21:42:04,968 - [MainProcess:160745] mummi_ras.online.simulation:has_computed_enough:352 - INFO - runtime_hours*0.99 = 0.495 vs delta_time = 0.3987141067451901 (length 30.0 ns) False False
2025-04-08 21:42:06,972 - [MainProcess:160745] mummi_ras.online.simulation:has_computed_enough:352 - INFO - runtime_hours*0.99 = 0.495 vs delta_time = 0.3992706776327557 (length 30.0 ns) False False
2025-04-08 21:42:07,007 - [MainProcess:160745] mummi_ras.online.simulation:get_new_frames:399 - INFO - Getting all frame numbers in trajectory from 61 to 61.
2025-04-08 21:42:07,007 - [MainProcess:160745] mummi_ras.online.cg.cganalysis:run_main_analysis:193 - INFO - Process frame 61
2025-04-08 21:42:07,007 - [MainProcess:160745] mummi_ras.online.cg.cganalysis:processFrame:554 - INFO - Load 62 frames: current frame ID /tmp/mummi/cg/structure_iter00_000000000005-20250408_211746/traj_comp.xtc
2025-04-08 21:42:07,015 - [MainProcess:160745] mummi_ras.online.cg.cganalysis:processFrame:580 - INFO - Frame:    61, Time: 30500.000 ps, Bbox = [0, 180.18112, 0, 180.18112]
2025-04-08 21:42:07,015 - [MainProcess:160745] mummi_ras.online.cg.cganalysis:processFrame:584 - INFO - Lengths of layers: 649 39 496
2025-04-08 21:42:07,075 - [MainProcess:160745] mummi_ras.online.cg.cganalysis:processFrame:765 - INFO - Time for analysis - frameNum 61, time 0.06795763969421387 s
2025-04-08 21:42:09,076 - [MainProcess:160745] mummi_ras.online.simulation:has_computed_enough:352 - INFO - runtime_hours*0.99 = 0.495 vs delta_time = 0.3998550999164581 (length 30.5 ns) False False
2025-04-08 21:42:11,080 - [MainProcess:160745] mummi_ras.online.simulation:has_computed_enough:352 - INFO - runtime_hours*0.99 = 0.495 vs delta_time = 0.4004117874966727 (length 30.5 ns) False False
2025-04-08 21:42:13,084 - [MainProcess:160745] mummi_ras.online.simulation:has_computed_enough:352 - INFO - runtime_hours*0.99 = 0.495 vs delta_time = 0.4009684379233254 (length 30.5 ns) False False
2025-04-08 21:42:15,088 - [MainProcess:160745] mummi_ras.online.simulation:has_computed_enough:352 - INFO - runtime_hours*0.99 = 0.495 vs delta_time = 0.40152508556842803 (length 30.5 ns) False False
2025-04-08 21:42:17,092 - [MainProcess:160745] mummi_ras.online.simulation:has_computed_enough:352 - INFO - runtime_hours*0.99 = 0.495 vs delta_time = 0.4020817373196284 (length 30.5 ns) False False
2025-04-08 21:42:19,096 - [MainProcess:160745] mummi_ras.online.simulation:has_computed_enough:352 - INFO - runtime_hours*0.99 = 0.495 vs delta_time = 0.402638385825687 (length 30.5 ns) False False
2025-04-08 21:42:21,100 - [MainProcess:160745] mummi_ras.online.simulation:has_computed_enough:352 - INFO - runtime_hours*0.99 = 0.495 vs delta_time = 0.40319503552383845 (length 30.5 ns) False False
2025-04-08 21:42:23,104 - [MainProcess:160745] mummi_ras.online.simulation:has_computed_enough:352 - INFO - runtime_hours*0.99 = 0.495 vs delta_time = 0.40375168561935426 (length 30.5 ns) False False
2025-04-08 21:42:25,108 - [MainProcess:160745] mummi_ras.online.simulation:has_computed_enough:352 - INFO - runtime_hours*0.99 = 0.495 vs delta_time = 0.40430833372804853 (length 30.5 ns) False False
2025-04-08 21:42:27,111 - [MainProcess:160745] mummi_ras.online.simulation:has_computed_enough:352 - INFO - runtime_hours*0.99 = 0.495 vs delta_time = 0.4048649846845203 (length 30.5 ns) False False
2025-04-08 21:42:29,115 - [MainProcess:160745] mummi_ras.online.simulation:has_computed_enough:352 - INFO - runtime_hours*0.99 = 0.495 vs delta_time = 0.4054216313362122 (length 30.5 ns) False False
2025-04-08 21:42:31,119 - [MainProcess:160745] mummi_ras.online.simulation:has_computed_enough:352 - INFO - runtime_hours*0.99 = 0.495 vs delta_time = 0.4059782830874125 (length 30.5 ns) False False
2025-04-08 21:42:31,285 - [MainProcess:160745] mummi_ras.online.simulation:get_new_frames:399 - INFO - Getting all frame numbers in trajectory from 62 to 62.
2025-04-08 21:42:31,285 - [MainProcess:160745] mummi_ras.online.cg.cganalysis:run_main_analysis:193 - INFO - Process frame 62
2025-04-08 21:42:31,285 - [MainProcess:160745] mummi_ras.online.cg.cganalysis:processFrame:554 - INFO - Load 63 frames: current frame ID /tmp/mummi/cg/structure_iter00_000000000005-20250408_211746/traj_comp.xtc
2025-04-08 21:42:31,292 - [MainProcess:160745] mummi_ras.online.cg.cganalysis:processFrame:580 - INFO - Frame:    62, Time: 31000.000 ps, Bbox = [0, 181.18283, 0, 181.18283]
2025-04-08 21:42:31,292 - [MainProcess:160745] mummi_ras.online.cg.cganalysis:processFrame:584 - INFO - Lengths of layers: 650 36 498
2025-04-08 21:42:31,353 - [MainProcess:160745] mummi_ras.online.cg.cganalysis:processFrame:765 - INFO - Time for analysis - frameNum 62, time 0.06799650192260742 s
2025-04-08 21:42:33,353 - [MainProcess:160745] mummi_ras.online.simulation:has_computed_enough:352 - INFO - runtime_hours*0.99 = 0.495 vs delta_time = 0.4065988498263889 (length 31.0 ns) False False
2025-04-08 21:42:35,357 - [MainProcess:160745] mummi_ras.online.simulation:has_computed_enough:352 - INFO - runtime_hours*0.99 = 0.495 vs delta_time = 0.407155500849088 (length 31.0 ns) False False
2025-04-08 21:42:37,361 - [MainProcess:160745] mummi_ras.online.simulation:has_computed_enough:352 - INFO - runtime_hours*0.99 = 0.495 vs delta_time = 0.4077121129963133 (length 31.0 ns) False False
2025-04-08 21:42:39,365 - [MainProcess:160745] mummi_ras.online.simulation:has_computed_enough:352 - INFO - runtime_hours*0.99 = 0.495 vs delta_time = 0.40826872772640654 (length 31.0 ns) False False
2025-04-08 21:42:41,369 - [MainProcess:160745] mummi_ras.online.simulation:has_computed_enough:352 - INFO - runtime_hours*0.99 = 0.495 vs delta_time = 0.4088253373569912 (length 31.0 ns) False False
2025-04-08 21:42:43,373 - [MainProcess:160745] mummi_ras.online.simulation:has_computed_enough:352 - INFO - runtime_hours*0.99 = 0.495 vs delta_time = 0.40938194970289865 (length 31.0 ns) False False
2025-04-08 21:42:45,376 - [MainProcess:160745] mummi_ras.online.simulation:has_computed_enough:352 - INFO - runtime_hours*0.99 = 0.495 vs delta_time = 0.4099385554922952 (length 31.0 ns) False False
2025-04-08 21:42:47,380 - [MainProcess:160745] mummi_ras.online.simulation:has_computed_enough:352 - INFO - runtime_hours*0.99 = 0.495 vs delta_time = 0.41049516532156205 (length 31.0 ns) False False
2025-04-08 21:42:49,384 - [MainProcess:160745] mummi_ras.online.simulation:has_computed_enough:352 - INFO - runtime_hours*0.99 = 0.495 vs delta_time = 0.4110517707135942 (length 31.0 ns) False False
2025-04-08 21:42:51,388 - [MainProcess:160745] mummi_ras.online.simulation:has_computed_enough:352 - INFO - runtime_hours*0.99 = 0.495 vs delta_time = 0.41160837789376575 (length 31.0 ns) False False
2025-04-08 21:42:53,391 - [MainProcess:160745] mummi_ras.online.simulation:has_computed_enough:352 - INFO - runtime_hours*0.99 = 0.495 vs delta_time = 0.4121649945444531 (length 31.0 ns) False False
2025-04-08 21:42:55,395 - [MainProcess:160745] mummi_ras.online.simulation:has_computed_enough:352 - INFO - runtime_hours*0.99 = 0.495 vs delta_time = 0.4127215974198447 (length 31.0 ns) False False
2025-04-08 21:42:55,483 - [MainProcess:160745] mummi_ras.online.simulation:get_new_frames:399 - INFO - Getting all frame numbers in trajectory from 63 to 63.
2025-04-08 21:42:55,483 - [MainProcess:160745] mummi_ras.online.cg.cganalysis:run_main_analysis:193 - INFO - Process frame 63
2025-04-08 21:42:55,483 - [MainProcess:160745] mummi_ras.online.cg.cganalysis:processFrame:554 - INFO - Load 64 frames: current frame ID /tmp/mummi/cg/structure_iter00_000000000005-20250408_211746/traj_comp.xtc
2025-04-08 21:42:55,490 - [MainProcess:160745] mummi_ras.online.cg.cganalysis:processFrame:580 - INFO - Frame:    63, Time: 31500.000 ps, Bbox = [0, 180.54709, 0, 180.54709]
2025-04-08 21:42:55,490 - [MainProcess:160745] mummi_ras.online.cg.cganalysis:processFrame:584 - INFO - Lengths of layers: 650 35 499
2025-04-08 21:42:55,551 - [MainProcess:160745] mummi_ras.online.cg.cganalysis:processFrame:765 - INFO - Time for analysis - frameNum 63, time 0.06773161888122559 s
2025-04-08 21:42:57,551 - [MainProcess:160745] mummi_ras.online.simulation:has_computed_enough:352 - INFO - runtime_hours*0.99 = 0.495 vs delta_time = 0.41332047323385873 (length 31.5 ns) False False
2025-04-08 21:42:59,555 - [MainProcess:160745] mummi_ras.online.simulation:has_computed_enough:352 - INFO - runtime_hours*0.99 = 0.495 vs delta_time = 0.41387709187136756 (length 31.5 ns) False False
2025-04-08 21:43:01,559 - [MainProcess:160745] mummi_ras.online.simulation:has_computed_enough:352 - INFO - runtime_hours*0.99 = 0.495 vs delta_time = 0.4144336681895786 (length 31.5 ns) False False
2025-04-08 21:43:03,562 - [MainProcess:160745] mummi_ras.online.simulation:has_computed_enough:352 - INFO - runtime_hours*0.99 = 0.495 vs delta_time = 0.41499024861388734 (length 31.5 ns) False False
2025-04-08 21:43:05,566 - [MainProcess:160745] mummi_ras.online.simulation:has_computed_enough:352 - INFO - runtime_hours*0.99 = 0.495 vs delta_time = 0.4155468213558197 (length 31.5 ns) False False
2025-04-08 21:43:07,570 - [MainProcess:160745] mummi_ras.online.simulation:has_computed_enough:352 - INFO - runtime_hours*0.99 = 0.495 vs delta_time = 0.4161034169461992 (length 31.5 ns) False False
2025-04-08 21:43:09,573 - [MainProcess:160745] mummi_ras.online.simulation:has_computed_enough:352 - INFO - runtime_hours*0.99 = 0.495 vs delta_time = 0.41665998703903623 (length 31.5 ns) False False
2025-04-08 21:43:11,577 - [MainProcess:160745] mummi_ras.online.simulation:has_computed_enough:352 - INFO - runtime_hours*0.99 = 0.495 vs delta_time = 0.4172165627612008 (length 31.5 ns) False False
2025-04-08 21:43:13,581 - [MainProcess:160745] mummi_ras.online.simulation:has_computed_enough:352 - INFO - runtime_hours*0.99 = 0.495 vs delta_time = 0.41777313550313316 (length 31.5 ns) False False
2025-04-08 21:43:15,584 - [MainProcess:160745] mummi_ras.online.simulation:has_computed_enough:352 - INFO - runtime_hours*0.99 = 0.495 vs delta_time = 0.41832971533139546 (length 31.5 ns) False False
2025-04-08 21:43:17,588 - [MainProcess:160745] mummi_ras.online.simulation:has_computed_enough:352 - INFO - runtime_hours*0.99 = 0.495 vs delta_time = 0.4188862805896335 (length 31.5 ns) False False
2025-04-08 21:43:17,623 - [MainProcess:160745] mummi_ras.online.simulation:get_new_frames:399 - INFO - Getting all frame numbers in trajectory from 64 to 64.
2025-04-08 21:43:17,623 - [MainProcess:160745] mummi_ras.online.cg.cganalysis:run_main_analysis:193 - INFO - Process frame 64
2025-04-08 21:43:17,623 - [MainProcess:160745] mummi_ras.online.cg.cganalysis:processFrame:554 - INFO - Load 65 frames: current frame ID /tmp/mummi/cg/structure_iter00_000000000005-20250408_211746/traj_comp.xtc
2025-04-08 21:43:17,630 - [MainProcess:160745] mummi_ras.online.cg.cganalysis:processFrame:580 - INFO - Frame:    64, Time: 32000.000 ps, Bbox = [0, 181.50056, 0, 181.50056]
2025-04-08 21:43:17,630 - [MainProcess:160745] mummi_ras.online.cg.cganalysis:processFrame:584 - INFO - Lengths of layers: 651 39 494
2025-04-08 21:43:17,690 - [MainProcess:160745] mummi_ras.online.cg.cganalysis:processFrame:765 - INFO - Time for analysis - frameNum 64, time 0.06722164154052734 s
2025-04-08 21:43:19,691 - [MainProcess:160745] mummi_ras.online.simulation:has_computed_enough:352 - INFO - runtime_hours*0.99 = 0.495 vs delta_time = 0.41947033100657993 (length 32.0 ns) False False
2025-04-08 21:43:21,695 - [MainProcess:160745] mummi_ras.online.simulation:has_computed_enough:352 - INFO - runtime_hours*0.99 = 0.495 vs delta_time = 0.42002696851889293 (length 32.0 ns) False False
2025-04-08 21:43:23,698 - [MainProcess:160745] mummi_ras.online.simulation:has_computed_enough:352 - INFO - runtime_hours*0.99 = 0.495 vs delta_time = 0.42058357377847033 (length 32.0 ns) False False
2025-04-08 21:43:25,702 - [MainProcess:160745] mummi_ras.online.simulation:has_computed_enough:352 - INFO - runtime_hours*0.99 = 0.495 vs delta_time = 0.42114017327626546 (length 32.0 ns) False False
2025-04-08 21:43:27,706 - [MainProcess:160745] mummi_ras.online.simulation:has_computed_enough:352 - INFO - runtime_hours*0.99 = 0.495 vs delta_time = 0.4216967810524834 (length 32.0 ns) False False
2025-04-08 21:43:29,710 - [MainProcess:160745] mummi_ras.online.simulation:has_computed_enough:352 - INFO - runtime_hours*0.99 = 0.495 vs delta_time = 0.4222533798880047 (length 32.0 ns) False False
2025-04-08 21:43:31,713 - [MainProcess:160745] mummi_ras.online.simulation:has_computed_enough:352 - INFO - runtime_hours*0.99 = 0.495 vs delta_time = 0.4228099944194158 (length 32.0 ns) False False
2025-04-08 21:43:33,717 - [MainProcess:160745] mummi_ras.online.simulation:has_computed_enough:352 - INFO - runtime_hours*0.99 = 0.495 vs delta_time = 0.4233666014009052 (length 32.0 ns) False False
2025-04-08 21:43:35,721 - [MainProcess:160745] mummi_ras.online.simulation:has_computed_enough:352 - INFO - runtime_hours*0.99 = 0.495 vs delta_time = 0.42392320858107674 (length 32.0 ns) False False
2025-04-08 21:43:37,725 - [MainProcess:160745] mummi_ras.online.simulation:has_computed_enough:352 - INFO - runtime_hours*0.99 = 0.495 vs delta_time = 0.42447980489995746 (length 32.0 ns) False False
2025-04-08 21:43:39,729 - [MainProcess:160745] mummi_ras.online.simulation:has_computed_enough:352 - INFO - runtime_hours*0.99 = 0.495 vs delta_time = 0.42503639433119034 (length 32.0 ns) False False
2025-04-08 21:43:41,732 - [MainProcess:160745] mummi_ras.online.simulation:has_computed_enough:352 - INFO - runtime_hours*0.99 = 0.495 vs delta_time = 0.42559299243821036 (length 32.0 ns) False False
2025-04-08 21:43:41,943 - [MainProcess:160745] mummi_ras.online.simulation:get_new_frames:399 - INFO - Getting all frame numbers in trajectory from 65 to 65.
2025-04-08 21:43:41,943 - [MainProcess:160745] mummi_ras.online.cg.cganalysis:run_main_analysis:193 - INFO - Process frame 65
2025-04-08 21:43:41,943 - [MainProcess:160745] mummi_ras.online.cg.cganalysis:processFrame:554 - INFO - Load 66 frames: current frame ID /tmp/mummi/cg/structure_iter00_000000000005-20250408_211746/traj_comp.xtc
2025-04-08 21:43:41,950 - [MainProcess:160745] mummi_ras.online.cg.cganalysis:processFrame:580 - INFO - Frame:    65, Time: 32500.000 ps, Bbox = [0, 180.48041, 0, 180.48041]
2025-04-08 21:43:41,950 - [MainProcess:160745] mummi_ras.online.cg.cganalysis:processFrame:584 - INFO - Lengths of layers: 655 32 497
2025-04-08 21:43:42,010 - [MainProcess:160745] mummi_ras.online.cg.cganalysis:processFrame:765 - INFO - Time for analysis - frameNum 65, time 0.06763935089111328 s
2025-04-08 21:43:44,011 - [MainProcess:160745] mummi_ras.online.simulation:has_computed_enough:352 - INFO - runtime_hours*0.99 = 0.495 vs delta_time = 0.4262259579367108 (length 32.5 ns) False False
2025-04-08 21:43:46,015 - [MainProcess:160745] mummi_ras.online.simulation:has_computed_enough:352 - INFO - runtime_hours*0.99 = 0.495 vs delta_time = 0.42678256458706326 (length 32.5 ns) False False
2025-04-08 21:43:48,018 - [MainProcess:160745] mummi_ras.online.simulation:has_computed_enough:352 - INFO - runtime_hours*0.99 = 0.495 vs delta_time = 0.4273391395807266 (length 32.5 ns) False False
2025-04-08 21:43:50,022 - [MainProcess:160745] mummi_ras.online.simulation:has_computed_enough:352 - INFO - runtime_hours*0.99 = 0.495 vs delta_time = 0.42789570060041215 (length 32.5 ns) False False
2025-04-08 21:43:52,026 - [MainProcess:160745] mummi_ras.online.simulation:has_computed_enough:352 - INFO - runtime_hours*0.99 = 0.495 vs delta_time = 0.4284522740046183 (length 32.5 ns) False False
2025-04-08 21:43:54,029 - [MainProcess:160745] mummi_ras.online.simulation:has_computed_enough:352 - INFO - runtime_hours*0.99 = 0.495 vs delta_time = 0.42900883681244323 (length 32.5 ns) False False
2025-04-08 21:43:56,033 - [MainProcess:160745] mummi_ras.online.simulation:has_computed_enough:352 - INFO - runtime_hours*0.99 = 0.495 vs delta_time = 0.42956541154119704 (length 32.5 ns) False False
2025-04-08 21:43:58,037 - [MainProcess:160745] mummi_ras.online.simulation:has_computed_enough:352 - INFO - runtime_hours*0.99 = 0.495 vs delta_time = 0.43012197196483615 (length 32.5 ns) False False
2025-04-08 21:44:00,040 - [MainProcess:160745] mummi_ras.online.simulation:has_computed_enough:352 - INFO - runtime_hours*0.99 = 0.495 vs delta_time = 0.4306785403357612 (length 32.5 ns) False False
2025-04-08 21:44:02,044 - [MainProcess:160745] mummi_ras.online.simulation:has_computed_enough:352 - INFO - runtime_hours*0.99 = 0.495 vs delta_time = 0.43123511453469593 (length 32.5 ns) False False
2025-04-08 21:44:04,048 - [MainProcess:160745] mummi_ras.online.simulation:has_computed_enough:352 - INFO - runtime_hours*0.99 = 0.495 vs delta_time = 0.4317916997936037 (length 32.5 ns) False False
2025-04-08 21:44:06,051 - [MainProcess:160745] mummi_ras.online.simulation:has_computed_enough:352 - INFO - runtime_hours*0.99 = 0.495 vs delta_time = 0.4323482803503672 (length 32.5 ns) False False
2025-04-08 21:44:06,126 - [MainProcess:160745] mummi_ras.online.simulation:get_new_frames:399 - INFO - Getting all frame numbers in trajectory from 66 to 66.
2025-04-08 21:44:06,126 - [MainProcess:160745] mummi_ras.online.cg.cganalysis:run_main_analysis:193 - INFO - Process frame 66
2025-04-08 21:44:06,126 - [MainProcess:160745] mummi_ras.online.cg.cganalysis:processFrame:554 - INFO - Load 67 frames: current frame ID /tmp/mummi/cg/structure_iter00_000000000005-20250408_211746/traj_comp.xtc
2025-04-08 21:44:06,133 - [MainProcess:160745] mummi_ras.online.cg.cganalysis:processFrame:580 - INFO - Frame:    66, Time: 33000.000 ps, Bbox = [0, 179.52536, 0, 179.52536]
2025-04-08 21:44:06,133 - [MainProcess:160745] mummi_ras.online.cg.cganalysis:processFrame:584 - INFO - Lengths of layers: 651 39 494
2025-04-08 21:44:06,193 - [MainProcess:160745] mummi_ras.online.cg.cganalysis:processFrame:765 - INFO - Time for analysis - frameNum 66, time 0.0673379898071289 s
2025-04-08 21:44:08,194 - [MainProcess:160745] mummi_ras.online.simulation:has_computed_enough:352 - INFO - runtime_hours*0.99 = 0.495 vs delta_time = 0.4329434504773882 (length 33.0 ns) False False
2025-04-08 21:44:10,198 - [MainProcess:160745] mummi_ras.online.simulation:has_computed_enough:352 - INFO - runtime_hours*0.99 = 0.495 vs delta_time = 0.43350008136696283 (length 33.0 ns) False False
2025-04-08 21:44:12,202 - [MainProcess:160745] mummi_ras.online.simulation:has_computed_enough:352 - INFO - runtime_hours*0.99 = 0.495 vs delta_time = 0.4340566927194595 (length 33.0 ns) False False
2025-04-08 21:44:14,205 - [MainProcess:160745] mummi_ras.online.simulation:has_computed_enough:352 - INFO - runtime_hours*0.99 = 0.495 vs delta_time = 0.4346132963895798 (length 33.0 ns) False False
2025-04-08 21:44:16,209 - [MainProcess:160745] mummi_ras.online.simulation:has_computed_enough:352 - INFO - runtime_hours*0.99 = 0.495 vs delta_time = 0.4351699013180203 (length 33.0 ns) False False
2025-04-08 21:44:18,213 - [MainProcess:160745] mummi_ras.online.simulation:has_computed_enough:352 - INFO - runtime_hours*0.99 = 0.495 vs delta_time = 0.4357264933983485 (length 33.0 ns) False False
2025-04-08 21:44:20,217 - [MainProcess:160745] mummi_ras.online.simulation:has_computed_enough:352 - INFO - runtime_hours*0.99 = 0.495 vs delta_time = 0.4362830972009235 (length 33.0 ns) False False
2025-04-08 21:44:22,220 - [MainProcess:160745] mummi_ras.online.simulation:has_computed_enough:352 - INFO - runtime_hours*0.99 = 0.495 vs delta_time = 0.4368396954403983 (length 33.0 ns) False False
2025-04-08 21:44:24,224 - [MainProcess:160745] mummi_ras.online.simulation:has_computed_enough:352 - INFO - runtime_hours*0.99 = 0.495 vs delta_time = 0.4373962934149636 (length 33.0 ns) False False
2025-04-08 21:44:26,228 - [MainProcess:160745] mummi_ras.online.simulation:has_computed_enough:352 - INFO - runtime_hours*0.99 = 0.495 vs delta_time = 0.4379528827137417 (length 33.0 ns) False False
2025-04-08 21:44:28,232 - [MainProcess:160745] mummi_ras.online.simulation:has_computed_enough:352 - INFO - runtime_hours*0.99 = 0.495 vs delta_time = 0.43850948989391325 (length 33.0 ns) False False
2025-04-08 21:44:28,266 - [MainProcess:160745] mummi_ras.online.simulation:get_new_frames:399 - INFO - Getting all frame numbers in trajectory from 67 to 67.
2025-04-08 21:44:28,266 - [MainProcess:160745] mummi_ras.online.cg.cganalysis:run_main_analysis:193 - INFO - Process frame 67
2025-04-08 21:44:28,266 - [MainProcess:160745] mummi_ras.online.cg.cganalysis:processFrame:554 - INFO - Load 68 frames: current frame ID /tmp/mummi/cg/structure_iter00_000000000005-20250408_211746/traj_comp.xtc
2025-04-08 21:44:28,273 - [MainProcess:160745] mummi_ras.online.cg.cganalysis:processFrame:580 - INFO - Frame:    67, Time: 33500.000 ps, Bbox = [0, 179.79352, 0, 179.79352]
2025-04-08 21:44:28,273 - [MainProcess:160745] mummi_ras.online.cg.cganalysis:processFrame:584 - INFO - Lengths of layers: 653 34 497
2025-04-08 21:44:28,334 - [MainProcess:160745] mummi_ras.online.cg.cganalysis:processFrame:765 - INFO - Time for analysis - frameNum 67, time 0.0676271915435791 s
2025-04-08 21:44:30,334 - [MainProcess:160745] mummi_ras.online.simulation:has_computed_enough:352 - INFO - runtime_hours*0.99 = 0.495 vs delta_time = 0.4390934834215376 (length 33.5 ns) False False
2025-04-08 21:44:32,338 - [MainProcess:160745] mummi_ras.online.simulation:has_computed_enough:352 - INFO - runtime_hours*0.99 = 0.495 vs delta_time = 0.4396500982178582 (length 33.5 ns) False False
2025-04-08 21:44:34,342 - [MainProcess:160745] mummi_ras.online.simulation:has_computed_enough:352 - INFO - runtime_hours*0.99 = 0.495 vs delta_time = 0.44020666778087614 (length 33.5 ns) False False
2025-04-08 21:44:36,345 - [MainProcess:160745] mummi_ras.online.simulation:has_computed_enough:352 - INFO - runtime_hours*0.99 = 0.495 vs delta_time = 0.4407632437679503 (length 33.5 ns) False False
2025-04-08 21:44:38,349 - [MainProcess:160745] mummi_ras.online.simulation:has_computed_enough:352 - INFO - runtime_hours*0.99 = 0.495 vs delta_time = 0.4413198198212518 (length 33.5 ns) False False
2025-04-08 21:44:40,353 - [MainProcess:160745] mummi_ras.online.simulation:has_computed_enough:352 - INFO - runtime_hours*0.99 = 0.495 vs delta_time = 0.4418763967355092 (length 33.5 ns) False False
2025-04-08 21:44:42,356 - [MainProcess:160745] mummi_ras.online.simulation:has_computed_enough:352 - INFO - runtime_hours*0.99 = 0.495 vs delta_time = 0.44243296954366895 (length 33.5 ns) False False
2025-04-08 21:44:44,360 - [MainProcess:160745] mummi_ras.online.simulation:has_computed_enough:352 - INFO - runtime_hours*0.99 = 0.495 vs delta_time = 0.44298953195412955 (length 33.5 ns) False False
2025-04-08 21:44:46,364 - [MainProcess:160745] mummi_ras.online.simulation:has_computed_enough:352 - INFO - runtime_hours*0.99 = 0.495 vs delta_time = 0.4435461105240716 (length 33.5 ns) False False
2025-04-08 21:44:48,367 - [MainProcess:160745] mummi_ras.online.simulation:has_computed_enough:352 - INFO - runtime_hours*0.99 = 0.495 vs delta_time = 0.4441026838620504 (length 33.5 ns) False False
2025-04-08 21:44:50,371 - [MainProcess:160745] mummi_ras.online.simulation:has_computed_enough:352 - INFO - runtime_hours*0.99 = 0.495 vs delta_time = 0.44465926157103647 (length 33.5 ns) False False
2025-04-08 21:44:52,375 - [MainProcess:160745] mummi_ras.online.simulation:has_computed_enough:352 - INFO - runtime_hours*0.99 = 0.495 vs delta_time = 0.44521583457787833 (length 33.5 ns) False False
2025-04-08 21:44:52,506 - [MainProcess:160745] mummi_ras.online.simulation:get_new_frames:399 - INFO - Getting all frame numbers in trajectory from 68 to 68.
2025-04-08 21:44:52,506 - [MainProcess:160745] mummi_ras.online.cg.cganalysis:run_main_analysis:193 - INFO - Process frame 68
2025-04-08 21:44:52,506 - [MainProcess:160745] mummi_ras.online.cg.cganalysis:processFrame:554 - INFO - Load 69 frames: current frame ID /tmp/mummi/cg/structure_iter00_000000000005-20250408_211746/traj_comp.xtc
2025-04-08 21:44:52,513 - [MainProcess:160745] mummi_ras.online.cg.cganalysis:processFrame:580 - INFO - Frame:    68, Time: 34000.000 ps, Bbox = [0, 180.58762, 0, 180.58762]
2025-04-08 21:44:52,513 - [MainProcess:160745] mummi_ras.online.cg.cganalysis:processFrame:584 - INFO - Lengths of layers: 654 35 495
2025-04-08 21:44:52,574 - [MainProcess:160745] mummi_ras.online.cg.cganalysis:processFrame:765 - INFO - Time for analysis - frameNum 68, time 0.06786608695983887 s
2025-04-08 21:44:54,574 - [MainProcess:160745] mummi_ras.online.simulation:has_computed_enough:352 - INFO - runtime_hours*0.99 = 0.495 vs delta_time = 0.44582686364650725 (length 34.0 ns) False False
2025-04-08 21:44:56,578 - [MainProcess:160745] mummi_ras.online.simulation:has_computed_enough:352 - INFO - runtime_hours*0.99 = 0.495 vs delta_time = 0.4463835143380695 (length 34.0 ns) False False
2025-04-08 21:44:58,582 - [MainProcess:160745] mummi_ras.online.simulation:has_computed_enough:352 - INFO - runtime_hours*0.99 = 0.495 vs delta_time = 0.44694012800852456 (length 34.0 ns) False False
2025-04-08 21:45:00,586 - [MainProcess:160745] mummi_ras.online.simulation:has_computed_enough:352 - INFO - runtime_hours*0.99 = 0.495 vs delta_time = 0.4474967388974296 (length 34.0 ns) False False
2025-04-08 21:45:02,590 - [MainProcess:160745] mummi_ras.online.simulation:has_computed_enough:352 - INFO - runtime_hours*0.99 = 0.495 vs delta_time = 0.4480533427000046 (length 34.0 ns) False False
2025-04-08 21:45:04,593 - [MainProcess:160745] mummi_ras.online.simulation:has_computed_enough:352 - INFO - runtime_hours*0.99 = 0.495 vs delta_time = 0.44860994385348424 (length 34.0 ns) False False
2025-04-08 21:45:06,597 - [MainProcess:160745] mummi_ras.online.simulation:has_computed_enough:352 - INFO - runtime_hours*0.99 = 0.495 vs delta_time = 0.44916654845078785 (length 34.0 ns) False False
2025-04-08 21:45:08,601 - [MainProcess:160745] mummi_ras.online.simulation:has_computed_enough:352 - INFO - runtime_hours*0.99 = 0.495 vs delta_time = 0.44972317894299824 (length 34.0 ns) False False
2025-04-08 21:45:10,605 - [MainProcess:160745] mummi_ras.online.simulation:has_computed_enough:352 - INFO - runtime_hours*0.99 = 0.495 vs delta_time = 0.45027980466683704 (length 34.0 ns) False False
2025-04-08 21:45:12,609 - [MainProcess:160745] mummi_ras.online.simulation:has_computed_enough:352 - INFO - runtime_hours*0.99 = 0.495 vs delta_time = 0.4508364123106003 (length 34.0 ns) False False
2025-04-08 21:45:14,612 - [MainProcess:160745] mummi_ras.online.simulation:has_computed_enough:352 - INFO - runtime_hours*0.99 = 0.495 vs delta_time = 0.4513930196232266 (length 34.0 ns) False False
2025-04-08 21:45:16,616 - [MainProcess:160745] mummi_ras.online.simulation:has_computed_enough:352 - INFO - runtime_hours*0.99 = 0.495 vs delta_time = 0.45194962667094335 (length 34.0 ns) False False
2025-04-08 21:45:16,680 - [MainProcess:160745] mummi_ras.online.simulation:get_new_frames:399 - INFO - Getting all frame numbers in trajectory from 69 to 69.
2025-04-08 21:45:16,680 - [MainProcess:160745] mummi_ras.online.cg.cganalysis:run_main_analysis:193 - INFO - Process frame 69
2025-04-08 21:45:16,681 - [MainProcess:160745] mummi_ras.online.cg.cganalysis:processFrame:554 - INFO - Load 70 frames: current frame ID /tmp/mummi/cg/structure_iter00_000000000005-20250408_211746/traj_comp.xtc
2025-04-08 21:45:16,687 - [MainProcess:160745] mummi_ras.online.cg.cganalysis:processFrame:580 - INFO - Frame:    69, Time: 34500.000 ps, Bbox = [0, 181.49763, 0, 181.49763]
2025-04-08 21:45:16,687 - [MainProcess:160745] mummi_ras.online.cg.cganalysis:processFrame:584 - INFO - Lengths of layers: 657 31 496
2025-04-08 21:45:16,748 - [MainProcess:160745] mummi_ras.online.cg.cganalysis:processFrame:765 - INFO - Time for analysis - frameNum 69, time 0.06726694107055664 s
2025-04-08 21:45:18,748 - [MainProcess:160745] mummi_ras.online.simulation:has_computed_enough:352 - INFO - runtime_hours*0.99 = 0.495 vs delta_time = 0.45254188504483966 (length 34.5 ns) False False
2025-04-08 21:45:18,752 - [MainProcess:160745] mummi_ras.online.cg.cganalysis:processOutput:92 - INFO - Add feedback for frameNum 60 - state []
2025-04-08 21:45:18,752 - [MainProcess:160745] mummi_ras.online.cg.cganalysis:processOutput:92 - INFO - Add feedback for frameNum 61 - state []
2025-04-08 21:45:18,752 - [MainProcess:160745] mummi_ras.online.cg.cganalysis:processOutput:92 - INFO - Add feedback for frameNum 62 - state []
2025-04-08 21:45:18,752 - [MainProcess:160745] mummi_ras.online.cg.cganalysis:processOutput:92 - INFO - Add feedback for frameNum 63 - state []
2025-04-08 21:45:18,752 - [MainProcess:160745] mummi_ras.online.cg.cganalysis:processOutput:92 - INFO - Add feedback for frameNum 64 - state []
2025-04-08 21:45:18,753 - [MainProcess:160745] mummi_ras.online.cg.cganalysis:processOutput:92 - INFO - Add feedback for frameNum 65 - state []
2025-04-08 21:45:18,753 - [MainProcess:160745] mummi_ras.online.cg.cganalysis:processOutput:92 - INFO - Add feedback for frameNum 66 - state []
2025-04-08 21:45:18,753 - [MainProcess:160745] mummi_ras.online.cg.cganalysis:processOutput:92 - INFO - Add feedback for frameNum 67 - state []
2025-04-08 21:45:18,753 - [MainProcess:160745] mummi_ras.online.cg.cganalysis:processOutput:92 - INFO - Add feedback for frameNum 68 - state []
2025-04-08 21:45:18,753 - [MainProcess:160745] mummi_ras.online.cg.cganalysis:processOutput:92 - INFO - Add feedback for frameNum 69 - state []
2025-04-08 21:45:18,763 - [MainProcess:160745] mummi_core.interfaces.simple:_save_files:91 - INFO - Wrote 10 files to (/p/gpfs1/pottier1/minimummi-sc25/roots/root3/feedback-cg2ml/005)
2025-04-08 21:45:18,763 - [MainProcess:160745] mummi_ras.feedback.feedback_manager_cg2ml:report:118 - INFO - Added 10 frames (from structure_iter00_000000000005) to feedback (/p/gpfs1/pottier1/minimummi-sc25/roots/root3/feedback-cg2ml)
2025-04-08 21:45:18,763 - [MainProcess:160745] mummi_ras.online.cg.cganalysis:processOutput:112 - INFO - processOutput: 69
2025-04-08 21:45:18,763 - [MainProcess:160745] mummi_ras.online.cg.cganalysis:copyRemoteRestart:452 - INFO - Copy to remote frames [60, 61, 62, 63, 64, 65, 66, 67, 68, 69]
sending incremental file list
ener.edr
md.log
mdrun.log
traj_comp.xtc

sent 15,213,272 bytes  received 92 bytes  30,426,728.00 bytes/sec
total size is 18,224,782  speedup is 1.20
2025-04-08 21:45:18,975 - [MainProcess:160745] mummi_core.utils.utilities:sys_call:184 - INFO - Run command: rsync -va --no-g traj_comp.xtc topol.tpr state.cpt ener.edr md.log mdrun.log /p/gpfs1/pottier1/minimummi-sc25/roots/root3/sims-cg/structure_iter00_000000000005 || true
2025-04-08 21:45:19,425 - [MainProcess:160745] mummi_ras.interfaces.mummi:save_analysis_data:253 - INFO - Saved all analysis data for frames [60, 61, 62, 63, 64, 65, 66, 67, 68, 69]
2025-04-08 21:45:19,425 - [MainProcess:160745] mummi_ras.online.cg.cganalysis:copyRemoteLogs:350 - INFO - Copy over log files
2025-04-08 21:45:19,452 - [MainProcess:160745] mummi_core.utils.utilities:sys_call:184 - INFO - Run command: cp -r  /tmp/mummi/cg/structure_iter00_000000000005-20250408_211746/cg_analysis.out /tmp/mummi/cg/structure_iter00_000000000005-20250408_211746/traj_comp.xtc /tmp/mummi/cg/structure_iter00_000000000005-20250408_211746/*.log /p/gpfs1/pottier1/minimummi-sc25/roots/root3/sims-cg/structure_iter00_000000000005/ || true
2025-04-08 21:45:19,452 - [MainProcess:160745] mummi_ras.online.cg.cganalysis:copyRemoteLogs:365 - INFO - copyRemoteLogs =  /tmp/mummi/cg/structure_iter00_000000000005-20250408_211746/cg_analysis.out /tmp/mummi/cg/structure_iter00_000000000005-20250408_211746/traj_comp.xtc /tmp/mummi/cg/structure_iter00_000000000005-20250408_211746/*.log
2025-04-08 21:45:19,453 - [MainProcess:160745] mummi_ras.online.cg.cganalysis:cleanupLocal:375 - WARNING - Copy cleanup local only works for ddcMD files
2025-04-08 21:45:21,453 - [MainProcess:160745] mummi_ras.online.simulation:has_computed_enough:352 - INFO - runtime_hours*0.99 = 0.495 vs delta_time = 0.45329310966862574 (length 34.5 ns) False False
2025-04-08 21:45:23,456 - [MainProcess:160745] mummi_ras.online.simulation:has_computed_enough:352 - INFO - runtime_hours*0.99 = 0.495 vs delta_time = 0.45384971108701494 (length 34.5 ns) False False
2025-04-08 21:45:25,460 - [MainProcess:160745] mummi_ras.online.simulation:has_computed_enough:352 - INFO - runtime_hours*0.99 = 0.495 vs delta_time = 0.45440628879600103 (length 34.5 ns) False False
2025-04-08 21:45:27,464 - [MainProcess:160745] mummi_ras.online.simulation:has_computed_enough:352 - INFO - runtime_hours*0.99 = 0.495 vs delta_time = 0.4549628595511119 (length 34.5 ns) False False
2025-04-08 21:45:29,467 - [MainProcess:160745] mummi_ras.online.simulation:has_computed_enough:352 - INFO - runtime_hours*0.99 = 0.495 vs delta_time = 0.45551943759123487 (length 34.5 ns) False False
2025-04-08 21:45:31,471 - [MainProcess:160745] mummi_ras.online.simulation:has_computed_enough:352 - INFO - runtime_hours*0.99 = 0.495 vs delta_time = 0.4560760172870424 (length 34.5 ns) False False
2025-04-08 21:45:33,475 - [MainProcess:160745] mummi_ras.online.simulation:has_computed_enough:352 - INFO - runtime_hours*0.99 = 0.495 vs delta_time = 0.4566325926118427 (length 34.5 ns) False False
2025-04-08 21:45:35,479 - [MainProcess:160745] mummi_ras.online.simulation:has_computed_enough:352 - INFO - runtime_hours*0.99 = 0.495 vs delta_time = 0.45718916489018335 (length 34.5 ns) False False
2025-04-08 21:45:37,482 - [MainProcess:160745] mummi_ras.online.simulation:has_computed_enough:352 - INFO - runtime_hours*0.99 = 0.495 vs delta_time = 0.4577457320690155 (length 34.5 ns) False False
2025-04-08 21:45:39,486 - [MainProcess:160745] mummi_ras.online.simulation:has_computed_enough:352 - INFO - runtime_hours*0.99 = 0.495 vs delta_time = 0.4583023049434026 (length 34.5 ns) False False
2025-04-08 21:45:39,520 - [MainProcess:160745] mummi_ras.online.simulation:get_new_frames:399 - INFO - Getting all frame numbers in trajectory from 70 to 70.
2025-04-08 21:45:39,520 - [MainProcess:160745] mummi_ras.online.cg.cganalysis:run_main_analysis:193 - INFO - Process frame 70
2025-04-08 21:45:39,520 - [MainProcess:160745] mummi_ras.online.cg.cganalysis:processFrame:554 - INFO - Load 71 frames: current frame ID /tmp/mummi/cg/structure_iter00_000000000005-20250408_211746/traj_comp.xtc
2025-04-08 21:45:39,527 - [MainProcess:160745] mummi_ras.online.cg.cganalysis:processFrame:580 - INFO - Frame:    70, Time: 35000.000 ps, Bbox = [0, 179.80151, 0, 179.80151]
2025-04-08 21:45:39,527 - [MainProcess:160745] mummi_ras.online.cg.cganalysis:processFrame:584 - INFO - Lengths of layers: 657 27 500
2025-04-08 21:45:39,588 - [MainProcess:160745] mummi_ras.online.cg.cganalysis:processFrame:765 - INFO - Time for analysis - frameNum 70, time 0.06796884536743164 s
2025-04-08 21:45:41,588 - [MainProcess:160745] mummi_ras.online.simulation:has_computed_enough:352 - INFO - runtime_hours*0.99 = 0.495 vs delta_time = 0.45888637450006275 (length 35.0 ns) False False
2025-04-08 21:45:43,592 - [MainProcess:160745] mummi_ras.online.simulation:has_computed_enough:352 - INFO - runtime_hours*0.99 = 0.495 vs delta_time = 0.45944302406575943 (length 35.0 ns) False False
2025-04-08 21:45:45,596 - [MainProcess:160745] mummi_ras.online.simulation:has_computed_enough:352 - INFO - runtime_hours*0.99 = 0.495 vs delta_time = 0.45999962740474276 (length 35.0 ns) False False
2025-04-08 21:45:47,600 - [MainProcess:160745] mummi_ras.online.simulation:has_computed_enough:352 - INFO - runtime_hours*0.99 = 0.495 vs delta_time = 0.4605562250481712 (length 35.0 ns) False False
2025-04-08 21:45:49,604 - [MainProcess:160745] mummi_ras.online.simulation:has_computed_enough:352 - INFO - runtime_hours*0.99 = 0.495 vs delta_time = 0.4611128322283427 (length 35.0 ns) False False
2025-04-08 21:45:51,607 - [MainProcess:160745] mummi_ras.online.simulation:has_computed_enough:352 - INFO - runtime_hours*0.99 = 0.495 vs delta_time = 0.46166943503750696 (length 35.0 ns) False False
2025-04-08 21:45:53,611 - [MainProcess:160745] mummi_ras.online.simulation:has_computed_enough:352 - INFO - runtime_hours*0.99 = 0.495 vs delta_time = 0.46222604380713567 (length 35.0 ns) False False
2025-04-08 21:45:55,615 - [MainProcess:160745] mummi_ras.online.simulation:has_computed_enough:352 - INFO - runtime_hours*0.99 = 0.495 vs delta_time = 0.46278264111942713 (length 35.0 ns) False False
2025-04-08 21:45:57,619 - [MainProcess:160745] mummi_ras.online.simulation:has_computed_enough:352 - INFO - runtime_hours*0.99 = 0.495 vs delta_time = 0.4633392443259557 (length 35.0 ns) False False
2025-04-08 21:45:59,623 - [MainProcess:160745] mummi_ras.online.simulation:has_computed_enough:352 - INFO - runtime_hours*0.99 = 0.495 vs delta_time = 0.4638958497179879 (length 35.0 ns) False False
2025-04-08 21:46:01,626 - [MainProcess:160745] mummi_ras.online.simulation:has_computed_enough:352 - INFO - runtime_hours*0.99 = 0.495 vs delta_time = 0.4644524515999688 (length 35.0 ns) False False
2025-04-08 21:46:03,630 - [MainProcess:160745] mummi_ras.online.simulation:has_computed_enough:352 - INFO - runtime_hours*0.99 = 0.495 vs delta_time = 0.4650090563959546 (length 35.0 ns) False False
2025-04-08 21:46:03,749 - [MainProcess:160745] mummi_ras.online.simulation:get_new_frames:399 - INFO - Getting all frame numbers in trajectory from 71 to 71.
2025-04-08 21:46:03,750 - [MainProcess:160745] mummi_ras.online.cg.cganalysis:run_main_analysis:193 - INFO - Process frame 71
2025-04-08 21:46:03,750 - [MainProcess:160745] mummi_ras.online.cg.cganalysis:processFrame:554 - INFO - Load 72 frames: current frame ID /tmp/mummi/cg/structure_iter00_000000000005-20250408_211746/traj_comp.xtc
2025-04-08 21:46:03,756 - [MainProcess:160745] mummi_ras.online.cg.cganalysis:processFrame:580 - INFO - Frame:    71, Time: 35500.000 ps, Bbox = [0, 180.48724, 0, 180.48724]
2025-04-08 21:46:03,757 - [MainProcess:160745] mummi_ras.online.cg.cganalysis:processFrame:584 - INFO - Lengths of layers: 658 25 501
2025-04-08 21:46:03,817 - [MainProcess:160745] mummi_ras.online.cg.cganalysis:processFrame:765 - INFO - Time for analysis - frameNum 71, time 0.0676116943359375 s
2025-04-08 21:46:05,818 - [MainProcess:160745] mummi_ras.online.simulation:has_computed_enough:352 - INFO - runtime_hours*0.99 = 0.495 vs delta_time = 0.46561673442522683 (length 35.5 ns) False False
2025-04-08 21:46:07,822 - [MainProcess:160745] mummi_ras.online.simulation:has_computed_enough:352 - INFO - runtime_hours*0.99 = 0.495 vs delta_time = 0.4661733420689901 (length 35.5 ns) False False
2025-04-08 21:46:09,825 - [MainProcess:160745] mummi_ras.online.simulation:has_computed_enough:352 - INFO - runtime_hours*0.99 = 0.495 vs delta_time = 0.46672991043991513 (length 35.5 ns) False False
2025-04-08 21:46:11,829 - [MainProcess:160745] mummi_ras.online.simulation:has_computed_enough:352 - INFO - runtime_hours*0.99 = 0.495 vs delta_time = 0.4672864878839917 (length 35.5 ns) False False
2025-04-08 21:46:13,833 - [MainProcess:160745] mummi_ras.online.simulation:has_computed_enough:352 - INFO - runtime_hours*0.99 = 0.495 vs delta_time = 0.467843084136645 (length 35.5 ns) False False
2025-04-08 21:46:15,836 - [MainProcess:160745] mummi_ras.online.simulation:has_computed_enough:352 - INFO - runtime_hours*0.99 = 0.495 vs delta_time = 0.4683996676074134 (length 35.5 ns) False False
2025-04-08 21:46:17,840 - [MainProcess:160745] mummi_ras.online.simulation:has_computed_enough:352 - INFO - runtime_hours*0.99 = 0.495 vs delta_time = 0.46895623650815754 (length 35.5 ns) False False
2025-04-08 21:46:19,844 - [MainProcess:160745] mummi_ras.online.simulation:has_computed_enough:352 - INFO - runtime_hours*0.99 = 0.495 vs delta_time = 0.4695128107733197 (length 35.5 ns) False False
2025-04-08 21:46:21,847 - [MainProcess:160745] mummi_ras.online.simulation:has_computed_enough:352 - INFO - runtime_hours*0.99 = 0.495 vs delta_time = 0.4700693745083279 (length 35.5 ns) False False
2025-04-08 21:46:23,851 - [MainProcess:160745] mummi_ras.online.simulation:has_computed_enough:352 - INFO - runtime_hours*0.99 = 0.495 vs delta_time = 0.4706259471178055 (length 35.5 ns) False False
2025-04-08 21:46:25,855 - [MainProcess:160745] mummi_ras.online.simulation:has_computed_enough:352 - INFO - runtime_hours*0.99 = 0.495 vs delta_time = 0.4711825102567673 (length 35.5 ns) False False
2025-04-08 21:46:27,858 - [MainProcess:160745] mummi_ras.online.simulation:has_computed_enough:352 - INFO - runtime_hours*0.99 = 0.495 vs delta_time = 0.47173907650841607 (length 35.5 ns) False False
2025-04-08 21:46:27,930 - [MainProcess:160745] mummi_ras.online.simulation:get_new_frames:399 - INFO - Getting all frame numbers in trajectory from 72 to 72.
2025-04-08 21:46:27,930 - [MainProcess:160745] mummi_ras.online.cg.cganalysis:run_main_analysis:193 - INFO - Process frame 72
2025-04-08 21:46:27,930 - [MainProcess:160745] mummi_ras.online.cg.cganalysis:processFrame:554 - INFO - Load 73 frames: current frame ID /tmp/mummi/cg/structure_iter00_000000000005-20250408_211746/traj_comp.xtc
2025-04-08 21:46:27,937 - [MainProcess:160745] mummi_ras.online.cg.cganalysis:processFrame:580 - INFO - Frame:    72, Time: 36000.000 ps, Bbox = [0, 181.00389, 0, 181.00389]
2025-04-08 21:46:27,937 - [MainProcess:160745] mummi_ras.online.cg.cganalysis:processFrame:584 - INFO - Lengths of layers: 660 26 498
2025-04-08 21:46:27,999 - [MainProcess:160745] mummi_ras.online.cg.cganalysis:processFrame:765 - INFO - Time for analysis - frameNum 72, time 0.06873893737792969 s
2025-04-08 21:46:30,000 - [MainProcess:160745] mummi_ras.online.simulation:has_computed_enough:352 - INFO - runtime_hours*0.99 = 0.495 vs delta_time = 0.47233391761779786 (length 36.0 ns) False False
2025-04-08 21:46:32,004 - [MainProcess:160745] mummi_ras.online.simulation:has_computed_enough:352 - INFO - runtime_hours*0.99 = 0.495 vs delta_time = 0.4728905620177587 (length 36.0 ns) False False
2025-04-08 21:46:34,007 - [MainProcess:160745] mummi_ras.online.simulation:has_computed_enough:352 - INFO - runtime_hours*0.99 = 0.495 vs delta_time = 0.4734471680720647 (length 36.0 ns) False False
2025-04-08 21:46:36,011 - [MainProcess:160745] mummi_ras.online.simulation:has_computed_enough:352 - INFO - runtime_hours*0.99 = 0.495 vs delta_time = 0.474003766907586 (length 36.0 ns) False False
2025-04-08 21:46:38,015 - [MainProcess:160745] mummi_ras.online.simulation:has_computed_enough:352 - INFO - runtime_hours*0.99 = 0.495 vs delta_time = 0.4745603659417894 (length 36.0 ns) False False
2025-04-08 21:46:40,019 - [MainProcess:160745] mummi_ras.online.simulation:has_computed_enough:352 - INFO - runtime_hours*0.99 = 0.495 vs delta_time = 0.47511695934666526 (length 36.0 ns) False False
2025-04-08 21:46:42,022 - [MainProcess:160745] mummi_ras.online.simulation:has_computed_enough:352 - INFO - runtime_hours*0.99 = 0.495 vs delta_time = 0.475673552552859 (length 36.0 ns) False False
2025-04-08 21:46:44,026 - [MainProcess:160745] mummi_ras.online.simulation:has_computed_enough:352 - INFO - runtime_hours*0.99 = 0.495 vs delta_time = 0.47623014993137786 (length 36.0 ns) False False
2025-04-08 21:46:46,030 - [MainProcess:160745] mummi_ras.online.simulation:has_computed_enough:352 - INFO - runtime_hours*0.99 = 0.495 vs delta_time = 0.4767867409520679 (length 36.0 ns) False False
2025-04-08 21:46:48,034 - [MainProcess:160745] mummi_ras.online.simulation:has_computed_enough:352 - INFO - runtime_hours*0.99 = 0.495 vs delta_time = 0.4773433361450831 (length 36.0 ns) False False
2025-04-08 21:46:50,037 - [MainProcess:160745] mummi_ras.online.simulation:has_computed_enough:352 - INFO - runtime_hours*0.99 = 0.495 vs delta_time = 0.4778999308745066 (length 36.0 ns) False False
2025-04-08 21:46:50,071 - [MainProcess:160745] mummi_ras.online.simulation:get_new_frames:399 - INFO - Getting all frame numbers in trajectory from 73 to 73.
2025-04-08 21:46:50,071 - [MainProcess:160745] mummi_ras.online.cg.cganalysis:run_main_analysis:193 - INFO - Process frame 73
2025-04-08 21:46:50,071 - [MainProcess:160745] mummi_ras.online.cg.cganalysis:processFrame:554 - INFO - Load 74 frames: current frame ID /tmp/mummi/cg/structure_iter00_000000000005-20250408_211746/traj_comp.xtc
2025-04-08 21:46:50,078 - [MainProcess:160745] mummi_ras.online.cg.cganalysis:processFrame:580 - INFO - Frame:    73, Time: 36500.000 ps, Bbox = [0, 180.63864, 0, 180.63864]
2025-04-08 21:46:50,078 - [MainProcess:160745] mummi_ras.online.cg.cganalysis:processFrame:584 - INFO - Lengths of layers: 659 26 499
2025-04-08 21:46:50,139 - [MainProcess:160745] mummi_ras.online.cg.cganalysis:processFrame:765 - INFO - Time for analysis - frameNum 73, time 0.0679006576538086 s
2025-04-08 21:46:52,139 - [MainProcess:160745] mummi_ras.online.simulation:has_computed_enough:352 - INFO - runtime_hours*0.99 = 0.495 vs delta_time = 0.47848387565877704 (length 36.5 ns) False False
2025-04-08 21:46:54,143 - [MainProcess:160745] mummi_ras.online.simulation:has_computed_enough:352 - INFO - runtime_hours*0.99 = 0.495 vs delta_time = 0.47904048336876764 (length 36.5 ns) False False
2025-04-08 21:46:56,147 - [MainProcess:160745] mummi_ras.online.simulation:has_computed_enough:352 - INFO - runtime_hours*0.99 = 0.495 vs delta_time = 0.47959704650772944 (length 36.5 ns) False False
2025-04-08 21:46:58,151 - [MainProcess:160745] mummi_ras.online.simulation:has_computed_enough:352 - INFO - runtime_hours*0.99 = 0.495 vs delta_time = 0.48015361295806036 (length 36.5 ns) False False
2025-04-08 21:47:00,154 - [MainProcess:160745] mummi_ras.online.simulation:has_computed_enough:352 - INFO - runtime_hours*0.99 = 0.495 vs delta_time = 0.48071017722288767 (length 36.5 ns) False False
2025-04-08 21:47:02,158 - [MainProcess:160745] mummi_ras.online.simulation:has_computed_enough:352 - INFO - runtime_hours*0.99 = 0.495 vs delta_time = 0.4812667404280768 (length 36.5 ns) False False
2025-04-08 21:47:04,161 - [MainProcess:160745] mummi_ras.online.simulation:has_computed_enough:352 - INFO - runtime_hours*0.99 = 0.495 vs delta_time = 0.4818233195940653 (length 36.5 ns) False False
2025-04-08 21:47:06,165 - [MainProcess:160745] mummi_ras.online.simulation:has_computed_enough:352 - INFO - runtime_hours*0.99 = 0.495 vs delta_time = 0.48237990068064796 (length 36.5 ns) False False
2025-04-08 21:47:08,169 - [MainProcess:160745] mummi_ras.online.simulation:has_computed_enough:352 - INFO - runtime_hours*0.99 = 0.495 vs delta_time = 0.4829364646805657 (length 36.5 ns) False False
2025-04-08 21:47:10,172 - [MainProcess:160745] mummi_ras.online.simulation:has_computed_enough:352 - INFO - runtime_hours*0.99 = 0.495 vs delta_time = 0.4834930307335324 (length 36.5 ns) False False
2025-04-08 21:47:12,176 - [MainProcess:160745] mummi_ras.online.simulation:has_computed_enough:352 - INFO - runtime_hours*0.99 = 0.495 vs delta_time = 0.4840495903624429 (length 36.5 ns) False False
2025-04-08 21:47:14,180 - [MainProcess:160745] mummi_ras.online.simulation:has_computed_enough:352 - INFO - runtime_hours*0.99 = 0.495 vs delta_time = 0.48460615634918214 (length 36.5 ns) False False
2025-04-08 21:47:14,370 - [MainProcess:160745] mummi_ras.online.simulation:get_new_frames:399 - INFO - Getting all frame numbers in trajectory from 74 to 74.
2025-04-08 21:47:14,370 - [MainProcess:160745] mummi_ras.online.cg.cganalysis:run_main_analysis:193 - INFO - Process frame 74
2025-04-08 21:47:14,370 - [MainProcess:160745] mummi_ras.online.cg.cganalysis:processFrame:554 - INFO - Load 75 frames: current frame ID /tmp/mummi/cg/structure_iter00_000000000005-20250408_211746/traj_comp.xtc
2025-04-08 21:47:14,377 - [MainProcess:160745] mummi_ras.online.cg.cganalysis:processFrame:580 - INFO - Frame:    74, Time: 37000.000 ps, Bbox = [0, 180.98975, 0, 180.98975]
2025-04-08 21:47:14,377 - [MainProcess:160745] mummi_ras.online.cg.cganalysis:processFrame:584 - INFO - Lengths of layers: 659 25 500
2025-04-08 21:47:14,438 - [MainProcess:160745] mummi_ras.online.cg.cganalysis:processFrame:765 - INFO - Time for analysis - frameNum 74, time 0.06746172904968262 s
2025-04-08 21:47:16,438 - [MainProcess:160745] mummi_ras.online.simulation:has_computed_enough:352 - INFO - runtime_hours*0.99 = 0.495 vs delta_time = 0.48523348053296406 (length 37.0 ns) False False
2025-04-08 21:47:18,442 - [MainProcess:160745] mummi_ras.online.simulation:has_computed_enough:352 - INFO - runtime_hours*0.99 = 0.495 vs delta_time = 0.48579015082783167 (length 37.0 ns) False False
2025-04-08 21:47:20,446 - [MainProcess:160745] mummi_ras.online.simulation:has_computed_enough:352 - INFO - runtime_hours*0.99 = 0.495 vs delta_time = 0.48634678224722544 (length 37.0 ns) False False
2025-04-08 21:47:22,450 - [MainProcess:160745] mummi_ras.online.simulation:has_computed_enough:352 - INFO - runtime_hours*0.99 = 0.495 vs delta_time = 0.48690339790450204 (length 37.0 ns) False False
2025-04-08 21:47:24,454 - [MainProcess:160745] mummi_ras.online.simulation:has_computed_enough:352 - INFO - runtime_hours*0.99 = 0.495 vs delta_time = 0.48745999561415776 (length 37.0 ns) False False
2025-04-08 21:47:26,457 - [MainProcess:160745] mummi_ras.online.simulation:has_computed_enough:352 - INFO - runtime_hours*0.99 = 0.495 vs delta_time = 0.48801660537719727 (length 37.0 ns) False False
2025-04-08 21:47:28,461 - [MainProcess:160745] mummi_ras.online.simulation:has_computed_enough:352 - INFO - runtime_hours*0.99 = 0.495 vs delta_time = 0.4885732130209605 (length 37.0 ns) False False
2025-04-08 21:47:30,465 - [MainProcess:160745] mummi_ras.online.simulation:has_computed_enough:352 - INFO - runtime_hours*0.99 = 0.495 vs delta_time = 0.4891298215256797 (length 37.0 ns) False False
2025-04-08 21:47:32,469 - [MainProcess:160745] mummi_ras.online.simulation:has_computed_enough:352 - INFO - runtime_hours*0.99 = 0.495 vs delta_time = 0.48968642201688556 (length 37.0 ns) False False
2025-04-08 21:47:34,472 - [MainProcess:160745] mummi_ras.online.simulation:has_computed_enough:352 - INFO - runtime_hours*0.99 = 0.495 vs delta_time = 0.49024302469359504 (length 37.0 ns) False False
2025-04-08 21:47:36,476 - [MainProcess:160745] mummi_ras.online.simulation:has_computed_enough:352 - INFO - runtime_hours*0.99 = 0.495 vs delta_time = 0.4907996260457569 (length 37.0 ns) False False
2025-04-08 21:47:38,480 - [MainProcess:160745] mummi_ras.online.simulation:has_computed_enough:352 - INFO - runtime_hours*0.99 = 0.495 vs delta_time = 0.4913562342855665 (length 37.0 ns) False False
2025-04-08 21:47:38,555 - [MainProcess:160745] mummi_ras.online.simulation:get_new_frames:399 - INFO - Getting all frame numbers in trajectory from 75 to 75.
2025-04-08 21:47:38,555 - [MainProcess:160745] mummi_ras.online.cg.cganalysis:run_main_analysis:193 - INFO - Process frame 75
2025-04-08 21:47:38,555 - [MainProcess:160745] mummi_ras.online.cg.cganalysis:processFrame:554 - INFO - Load 76 frames: current frame ID /tmp/mummi/cg/structure_iter00_000000000005-20250408_211746/traj_comp.xtc
2025-04-08 21:47:38,562 - [MainProcess:160745] mummi_ras.online.cg.cganalysis:processFrame:580 - INFO - Frame:    75, Time: 37500.000 ps, Bbox = [0, 181.31789, 0, 181.31789]
2025-04-08 21:47:38,562 - [MainProcess:160745] mummi_ras.online.cg.cganalysis:processFrame:584 - INFO - Lengths of layers: 657 30 497
2025-04-08 21:47:38,623 - [MainProcess:160745] mummi_ras.online.cg.cganalysis:processFrame:765 - INFO - Time for analysis - frameNum 75, time 0.0676717758178711 s
2025-04-08 21:47:40,623 - [MainProcess:160745] mummi_ras.online.simulation:has_computed_enough:352 - INFO - runtime_hours*0.99 = 0.495 vs delta_time = 0.4919515209727817 (length 37.5 ns) False False
2025-04-08 21:47:42,627 - [MainProcess:160745] mummi_ras.online.simulation:has_computed_enough:352 - INFO - runtime_hours*0.99 = 0.495 vs delta_time = 0.4925082037183974 (length 37.5 ns) False False
2025-04-08 21:47:44,631 - [MainProcess:160745] mummi_ras.online.simulation:has_computed_enough:352 - INFO - runtime_hours*0.99 = 0.495 vs delta_time = 0.4930648432837592 (length 37.5 ns) False False
2025-04-08 21:47:46,635 - [MainProcess:160745] mummi_ras.online.simulation:has_computed_enough:352 - INFO - runtime_hours*0.99 = 0.495 vs delta_time = 0.4936214927170012 (length 37.5 ns) False False
2025-04-08 21:47:48,639 - [MainProcess:160745] mummi_ras.online.simulation:has_computed_enough:352 - INFO - runtime_hours*0.99 = 0.495 vs delta_time = 0.494178137977918 (length 37.5 ns) False False
2025-04-08 21:47:50,643 - [MainProcess:160745] mummi_ras.online.simulation:has_computed_enough:352 - INFO - runtime_hours*0.99 = 0.495 vs delta_time = 0.4947347851594289 (length 37.5 ns) False False
2025-04-08 21:47:52,647 - [MainProcess:160745] mummi_ras.online.simulation:has_computed_enough:352 - INFO - runtime_hours*0.99 = 0.495 vs delta_time = 0.4952914286322064 (length 37.5 ns) True False
2025-04-08 21:47:52,647 - [MainProcess:160745] mummi_ras.online.simulation:has_computed_enough:355 - INFO - TEST False
2025-04-08 21:47:52,649 - [MainProcess:160745] mummi_core.interfaces.base:send_signal:280 - INFO - Saved signal (/p/gpfs1/pottier1/minimummi-sc25/roots/root3/sims-cg/structure_iter00_000000000005/cg_success)
2025-04-08 21:47:52,649 - [MainProcess:160745] mummi_ras.online.simulation:has_computed_enough:358 - INFO - Setting success flag for /p/gpfs1/pottier1/minimummi-sc25/roots/root3/sims-cg/structure_iter00_000000000005 (runtime 0.4952914286322064 hours) (length 37.5 ns)
2025-04-08 21:47:52,649 - [MainProcess:160745] mummi_ras.online.cg.cganalysis:run_main_analysis:232 - INFO - Sim structure_iter00_000000000005 IS DONE
2025-04-08 21:47:52,650 - [MainProcess:160745] mummi_ras.online.simulation:stop:135 - INFO - Stopping simulation structure_iter00_000000000005
2025-04-08 21:47:52,650 - [MainProcess:160745] mummi_ras.online.cg.cganalysis:processOutput:92 - INFO - Add feedback for frameNum 70 - state []
2025-04-08 21:47:52,650 - [MainProcess:160745] mummi_ras.online.cg.cganalysis:processOutput:92 - INFO - Add feedback for frameNum 71 - state []
2025-04-08 21:47:52,650 - [MainProcess:160745] mummi_ras.online.cg.cganalysis:processOutput:92 - INFO - Add feedback for frameNum 72 - state []
2025-04-08 21:47:52,650 - [MainProcess:160745] mummi_ras.online.cg.cganalysis:processOutput:92 - INFO - Add feedback for frameNum 73 - state []
2025-04-08 21:47:52,650 - [MainProcess:160745] mummi_ras.online.cg.cganalysis:processOutput:92 - INFO - Add feedback for frameNum 74 - state []
2025-04-08 21:47:52,650 - [MainProcess:160745] mummi_ras.online.cg.cganalysis:processOutput:92 - INFO - Add feedback for frameNum 75 - state []
2025-04-08 21:47:52,656 - [MainProcess:160745] mummi_core.interfaces.simple:_save_files:91 - INFO - Wrote 6 files to (/p/gpfs1/pottier1/minimummi-sc25/roots/root3/feedback-cg2ml/005)
2025-04-08 21:47:52,656 - [MainProcess:160745] mummi_ras.feedback.feedback_manager_cg2ml:report:118 - INFO - Added 6 frames (from structure_iter00_000000000005) to feedback (/p/gpfs1/pottier1/minimummi-sc25/roots/root3/feedback-cg2ml)
2025-04-08 21:47:52,656 - [MainProcess:160745] mummi_ras.online.cg.cganalysis:processOutput:112 - INFO - processOutput: 75
2025-04-08 21:47:52,656 - [MainProcess:160745] mummi_ras.online.cg.cganalysis:copyRemoteRestart:452 - INFO - Copy to remote frames [70, 71, 72, 73, 74, 75]
sending incremental file list
ener.edr
md.log
mdrun.log
state.cpt
traj_comp.xtc

sent 17,835,100 bytes  received 111 bytes  35,670,422.00 bytes/sec
total size is 19,532,896  speedup is 1.10
2025-04-08 21:47:52,780 - [MainProcess:160745] mummi_core.utils.utilities:sys_call:184 - INFO - Run command: rsync -va --no-g traj_comp.xtc topol.tpr state.cpt ener.edr md.log mdrun.log /p/gpfs1/pottier1/minimummi-sc25/roots/root3/sims-cg/structure_iter00_000000000005 || true
2025-04-08 21:47:52,950 - [MainProcess:160745] mummi_ras.interfaces.mummi:save_analysis_data:253 - INFO - Saved all analysis data for frames [70, 71, 72, 73, 74, 75]
2025-04-08 21:47:52,950 - [MainProcess:160745] mummi_ras.online.cg.cganalysis:copyRemoteLogs:350 - INFO - Copy over log files
2025-04-08 21:47:52,977 - [MainProcess:160745] mummi_core.utils.utilities:sys_call:184 - INFO - Run command: cp -r  /tmp/mummi/cg/structure_iter00_000000000005-20250408_211746/cg_analysis.out /tmp/mummi/cg/structure_iter00_000000000005-20250408_211746/traj_comp.xtc /tmp/mummi/cg/structure_iter00_000000000005-20250408_211746/*.log /p/gpfs1/pottier1/minimummi-sc25/roots/root3/sims-cg/structure_iter00_000000000005/ || true
2025-04-08 21:47:52,977 - [MainProcess:160745] mummi_ras.online.cg.cganalysis:copyRemoteLogs:365 - INFO - copyRemoteLogs =  /tmp/mummi/cg/structure_iter00_000000000005-20250408_211746/cg_analysis.out /tmp/mummi/cg/structure_iter00_000000000005-20250408_211746/traj_comp.xtc /tmp/mummi/cg/structure_iter00_000000000005-20250408_211746/*.log
2025-04-08 21:47:52,977 - [MainProcess:160745] mummi_ras.online.cg.cganalysis:cleanupLocal:375 - WARNING - Copy cleanup local only works for ddcMD files
2025-04-08 21:47:52,977 - [MainProcess:160745] mummi_core.interfaces.base:send_signal:275 - ERROR - Signal (/p/gpfs1/pottier1/minimummi-sc25/roots/root3/sims-cg/structure_iter00_000000000005/cg_success) already exist! Aborting.
2025-04-08 21:47:52,977 - [MainProcess:160745] mummi_core.interfaces.base:send_signal:280 - INFO - Saved signal (/p/gpfs1/pottier1/minimummi-sc25/roots/root3/sims-cg/structure_iter00_000000000005/cg_success)
2025-04-08 21:47:52,977 - [MainProcess:160745] mummi_ras.online.cg.cganalysis:copyRemoteLogs:350 - INFO - Copy over log files
2025-04-08 21:47:53,001 - [MainProcess:160745] mummi_core.utils.utilities:sys_call:184 - INFO - Run command: cp -r  /tmp/mummi/cg/structure_iter00_000000000005-20250408_211746/cg_analysis.out /tmp/mummi/cg/structure_iter00_000000000005-20250408_211746/traj_comp.xtc /tmp/mummi/cg/structure_iter00_000000000005-20250408_211746/*.log /p/gpfs1/pottier1/minimummi-sc25/roots/root3/sims-cg/structure_iter00_000000000005/ || true
2025-04-08 21:47:53,001 - [MainProcess:160745] mummi_ras.online.cg.cganalysis:copyRemoteLogs:365 - INFO - copyRemoteLogs =  /tmp/mummi/cg/structure_iter00_000000000005-20250408_211746/cg_analysis.out /tmp/mummi/cg/structure_iter00_000000000005-20250408_211746/traj_comp.xtc /tmp/mummi/cg/structure_iter00_000000000005-20250408_211746/*.log
2025-04-08 21:47:53,001 - [MainProcess:160745] mummi_ras.online.cg.cganalysis:run_main_analysis:248 - INFO - EXITING: structure_iter00_000000000005
2025-04-08 21:47:53,020 - [MainProcess:160745] mummi_core.utils.utilities:sys_call:184 - INFO - Run command: cp /tmp/mummi/cg/structure_iter00_000000000005-20250408_211746/cg_analysis.log /p/gpfs1/pottier1/minimummi-sc25/roots/root3/sims-cg/structure_iter00_000000000005/ || true
