2025-04-08 21:19:34,577 - [MainProcess:164098] root:init_logger:344 - INFO - Enabled
2025-04-08 21:19:34,577 - [MainProcess:164098] root:init_logger:345 - WARNING - Enabled
2025-04-08 21:19:34,578 - [MainProcess:164098] root:init_logger:346 - ERROR - Enabled
2025-04-08 21:19:34,578 - [MainProcess:164098] root:init_logger:347 - CRITICAL - Enabled
2025-04-08 21:19:34,612 - [MainProcess:164098] root:_log_profile:78 - PROFILE - [136.688 MB]: Enabled
2025-04-08 21:19:34,612 - [MainProcess:164098] mummi_ras.online.cg.cganalysis:run_cganalysis:881 - INFO - Running CG analysis, options are:
2025-04-08 21:19:34,612 - [MainProcess:164098] mummi_ras.online.cg.cganalysis:run_cganalysis:882 - INFO - Namespace(simname='structure_iter00_000000000010', fcount=0, noninteractive=False, path='/tmp/mummi/cg/structure_iter00_000000000010-20250408_211916', pathremote='/p/gpfs1/pottier1/minimummi-sc25/roots/root3/sims-cg/structure_iter00_000000000010', fstype='mummi', fbio='mummi', nprocs=1, loglevel=2, logpath='./', logstdout=True, test=False, logfile='cg_analysis', maxsimtime=250000000, stopsimtime=600, minsimtime=100000000, frameProcessBatchSize=10, siminputs='/p/gpfs1/pottier1/minimummi-sc25/roots/root3/sims-cg/structure_iter00_000000000010', simbin='gmx', simruntime='0.5', simcores=8, nofeedback=False, backend=<MDEngine.GROMACS: <class 'mummi_ras.online.simulation.GROMACS'>>, mini=True)
2025-04-08 21:19:34,613 - [MainProcess:164098] mummi_ras.online.cg.cganalysis:run_cganalysis:883 - INFO - local path = /tmp/mummi/cg/structure_iter00_000000000010-20250408_211916
2025-04-08 21:19:34,613 - [MainProcess:164098] mummi_ras.online.cg.cganalysis:run_cganalysis:885 - INFO - remote path = /p/gpfs1/pottier1/minimummi-sc25/roots/root3/sims-cg/structure_iter00_000000000010
2025-04-08 21:19:34,744 - [MainProcess:164098] mummi_ras.online.cg.cganalysis:run_cganalysis:895 - INFO - Using IO_Interface [<class 'mummi_ras.interfaces.mummi.IO_Mummi'>] for data output
2025-04-08 21:19:34,745 - [MainProcess:164098] mummi_ras.online.cg.cganalysis:run_cganalysis:896 - INFO - Using IO_Interface [<class 'mummi_ras.interfaces.mummi.IO_Mummi'>] for feedback output
2025-04-08 21:19:34,745 - [MainProcess:164098] mummi_ras.online.cg.cgoptions:__init__:47 - INFO - Loading parameters from /g/g92/pottier1/admirral_sc25/mummi_resources/analysis/cg/cg_analysis_parameters.yaml
2025-04-08 21:19:34,752 - [MainProcess:164098] mummi_ras.feedback.feedback_manager_cg2ml:__init__:56 - INFO - Initialized FeedbackManager (type = FeedbackManagerType.Worker; name = structure_iter00_000000000010; host = lassen654)
2025-04-08 21:19:34,809 - [MainProcess:164098] mummi_ras.parsers.cg:setup:68 - INFO - Initializing CGParser (MDAnalysis version 2.8.0-dev0)
2025-04-08 21:19:34,809 - [MainProcess:164098] mummi_ras.parsers.cg:setup:69 - INFO - 	Loading: (/tmp/mummi/cg/structure_iter00_000000000010-20250408_211916/lipids-water-eq6.gro) (/tmp/mummi/cg/structure_iter00_000000000010-20250408_211916/topol.tpr)
2025-04-08 21:19:34,828 - [MainProcess:164098] MDAnalysis.topology.TPRparser:_log_header:258 - INFO - Gromacs version   : b'VERSION 2024.1'
2025-04-08 21:19:34,828 - [MainProcess:164098] MDAnalysis.topology.TPRparser:_log_header:259 - INFO - tpx version       : 133
2025-04-08 21:19:34,828 - [MainProcess:164098] MDAnalysis.topology.TPRparser:_log_header:260 - INFO - tpx generation    : 28
2025-04-08 21:19:34,828 - [MainProcess:164098] MDAnalysis.topology.TPRparser:_log_header:261 - INFO - tpx precision     : 4
2025-04-08 21:19:34,828 - [MainProcess:164098] MDAnalysis.topology.TPRparser:_log_header:262 - INFO - tpx file_tag      : b'release'
2025-04-08 21:19:34,828 - [MainProcess:164098] MDAnalysis.topology.TPRparser:_log_header:263 - INFO - tpx natoms        : 54826
2025-04-08 21:19:34,828 - [MainProcess:164098] MDAnalysis.topology.TPRparser:_log_header:264 - INFO - tpx ngtc          : 2
2025-04-08 21:19:34,829 - [MainProcess:164098] MDAnalysis.topology.TPRparser:_log_header:265 - INFO - tpx fep_state     : 0
2025-04-08 21:19:34,829 - [MainProcess:164098] MDAnalysis.topology.TPRparser:_log_header:266 - INFO - tpx lambda        : 0.0
2025-04-08 21:19:35,687 - [MainProcess:164098] mummi_ras.parsers.cg:setup:74 - INFO - 	Number of frames in sim: 1
2025-04-08 21:19:35,687 - [MainProcess:164098] mummi_ras.parsers.cg:setup:75 - INFO - 	Number of atoms in sim: 54826
2025-04-08 21:19:35,687 - [MainProcess:164098] mummi_ras.parsers.cg:setup:76 - INFO - 	Sim dimensions: [181.18741 181.18741 183.7164 ]
2025-04-08 21:19:35,723 - [MainProcess:164098] mummi_ras.parsers.cg:_setup_lipids:103 - WARNING -  Resnames ['ALA' 'ARG' 'ASN' 'ASP' 'CGW' 'CYF' 'CYM' 'CYS' 'GLN' 'GLU' 'GLY' 'GTP'
 'HSE' 'ILE' 'ION' 'LEU' 'LYS' 'MET' 'MG' 'PHE' 'PRO' 'SER' 'THR' 'TRP'
 'TYR' 'VAL' 'W' 'ZN2'] either not lipids or not supported!
2025-04-08 21:19:36,126 - [MainProcess:164098] numexpr.utils:_init_num_threads:145 - INFO - Note: detected 176 virtual cores but NumExpr set to maximum of 64, check "NUMEXPR_MAX_THREADS" environment variable.
2025-04-08 21:19:36,126 - [MainProcess:164098] numexpr.utils:_init_num_threads:148 - INFO - Note: NumExpr detected 176 cores but "NUMEXPR_MAX_THREADS" not set, so enforcing safe limit of 8.
2025-04-08 21:19:36,920 - [MainProcess:164098] mummi_ras.parsers.cg:_setup_lipids:145 - WARNING - Found leaflets of size 448 353
2025-04-08 21:19:36,924 - [MainProcess:164098] mummi_ras.parsers.cg_aligner:init:144 - INFO - origin: (165,): ['THR', 'GLU', 'TYR', 'LYS', 'LEU', 'VAL', 'VAL', 'VAL', 'GLY', 'ALA', 'ASP', 'GLY', 'VAL', 'GLY', 'LYS', 'SER', 'ALA', 'LEU', 'THR', 'ILE', 'GLN', 'LEU', 'ILE', 'GLN', 'ASN', 'HSE', 'PHE', 'VAL', 'ASP', 'GLU', 'TYR', 'ASP', 'PRO', 'THR', 'ILE', 'GLU', 'ASP', 'SER', 'TYR', 'ARG', 'LYS', 'GLN', 'VAL', 'VAL', 'ILE', 'ASP', 'GLY', 'GLU', 'THR', 'CYS', 'LEU', 'LEU', 'ASP', 'ILE', 'LEU', 'ASP', 'THR', 'ALA', 'GLY', 'GLN', 'GLU', 'GLU', 'TYR', 'SER', 'ALA', 'MET', 'ARG', 'ASP', 'GLN', 'TYR', 'MET', 'ARG', 'THR', 'GLY', 'GLU', 'GLY', 'PHE', 'LEU', 'CYS', 'VAL', 'PHE', 'ALA', 'ILE', 'ASN', 'ASN', 'THR', 'LYS', 'SER', 'PHE', 'GLU', 'ASP', 'ILE', 'HSE', 'HSE', 'TYR', 'ARG', 'GLU', 'GLN', 'ILE', 'LYS', 'ARG', 'VAL', 'LYS', 'ASP', 'SER', 'GLU', 'ASP', 'VAL', 'PRO', 'MET', 'VAL', 'LEU', 'VAL', 'GLY', 'ASN', 'LYS', 'CYS', 'ASP', 'LEU', 'PRO', 'SER', 'ARG', 'THR', 'VAL', 'ASP', 'THR', 'LYS', 'GLN', 'ALA', 'GLN', 'ASP', 'LEU', 'ALA', 'ARG', 'SER', 'TYR', 'GLY', 'ILE', 'PRO', 'PHE', 'ILE', 'GLU', 'THR', 'SER', 'ALA', 'LYS', 'THR', 'ARG', 'GLN', 'GLY', 'VAL', 'ASP', 'ASP', 'ALA', 'PHE', 'TYR', 'THR', 'LEU', 'VAL', 'ARG', 'GLU', 'ILE', 'ARG', 'LYS', 'HSE']
2025-04-08 21:19:36,924 - [MainProcess:164098] mummi_ras.parsers.cg_aligner:init:145 - INFO - xaxis:  (8,): ['THR', 'PHE', 'PHE', 'THR', 'LEU', 'LEU', 'PHE', 'GLN']
2025-04-08 21:19:36,927 - [MainProcess:164098] mummi_ras.online.cg.cganalysis:run_cganalysis:978 - INFO - Testing flags: [Success='cg_success', Fail='cg_failure']
2025-04-08 21:19:36,927 - [MainProcess:164098] mummi_ras.online.cg.cganalysis:run_cganalysis:979 - INFO - Checking for exit condition [/p/gpfs1/pottier1/minimummi-sc25/roots/root3/sims-cg/structure_iter00_000000000010] (pass=False fail=False)
2025-04-08 21:19:36,928 - [MainProcess:164098] mummi_ras.online.simulation:run:101 - INFO - Starting /usr/WS1/mummiusr/mummi-spack/spack/0.21/opt/spack/__spack_path_placeholder__/__spack_path_placeholder__/__spack_path_placeholder__/__spack_path_placeholder__/__spack_path_placeholder__/__spack_path_placeholder__/__spack_path_placeholder__/__spack_path_pla/linux-rhel7-power9le/gcc-11.2.1/gromacs-2024.1-qjy7zpleiv5vefcx74wqch3gy2rui4uh/bin/gmx....
2025-04-08 21:19:36,928 - [MainProcess:164098] mummi_ras.online.simulation:run:115 - INFO - cmd =       /usr/WS1/mummiusr/mummi-spack/spack/0.21/opt/spack/__spack_path_placeholder__/__spack_path_placeholder__/__spack_path_placeholder__/__spack_path_placeholder__/__spack_path_placeholder__/__spack_path_placeholder__/__spack_path_placeholder__/__spack_path_pla/linux-rhel7-power9le/gcc-11.2.1/gromacs-2024.1-qjy7zpleiv5vefcx74wqch3gy2rui4uh/bin/gmx mdrun -cpi -nb gpu -ntmpi 1 -ntomp 8 -pin off -maxh 0.5 >> mdrun.log 2>&1
2025-04-08 21:19:36,928 - [MainProcess:164098] mummi_ras.online.simulation:run:116 - INFO - os.pwd =    /tmp/mummi/cg/structure_iter00_000000000010-20250408_211916
2025-04-08 21:19:36,928 - [MainProcess:164098] mummi_ras.online.simulation:run:117 - INFO - simdir =    /tmp/mummi/cg/structure_iter00_000000000010-20250408_211916
2025-04-08 21:19:41,936 - [MainProcess:164098] mummi_ras.online.simulation:run:122 - INFO - Process Running? None
2025-04-08 21:19:41,937 - [MainProcess:164098] mummi_ras.online.simulation:run:126 - INFO - CUDA_VISIBLE_DEVICES=0
2025-04-08 21:19:41,937 - [MainProcess:164098] mummi_ras.online.simulation:run:127 - INFO - ROCR_VISIBLE_DEVICES=UNSET
2025-04-08 21:19:42,006 - [MainProcess:164098] mummi_ras.online.simulation:get_new_frames:399 - INFO - Getting all frame numbers in trajectory from 0 to 0.
2025-04-08 21:19:42,006 - [MainProcess:164098] mummi_ras.online.cg.cganalysis:run_main_analysis:193 - INFO - Process frame 0
2025-04-08 21:19:42,006 - [MainProcess:164098] mummi_ras.online.cg.cganalysis:processFrame:554 - INFO - Load 1 frames: current frame ID /tmp/mummi/cg/structure_iter00_000000000010-20250408_211916/traj_comp.xtc
2025-04-08 21:19:42,018 - [MainProcess:164098] mummi_ras.online.cg.cganalysis:processFrame:580 - INFO - Frame:     0, Time:    0.000 ps, Bbox = [0, 181.18741, 0, 181.18741]
2025-04-08 21:19:42,018 - [MainProcess:164098] mummi_ras.online.cg.cganalysis:processFrame:584 - INFO - Lengths of layers: 660 39 484
2025-04-08 21:19:42,143 - [MainProcess:164098] mummi_ras.online.cg.cganalysis:processFrame:765 - INFO - Time for analysis - frameNum 0, time 0.13658452033996582 s
2025-04-08 21:19:44,144 - [MainProcess:164098] mummi_ras.online.simulation:has_computed_enough:352 - INFO - runtime_hours*0.99 = 0.495 vs delta_time = 0.0020044536723030936 (length 0.0 ns) False False
2025-04-08 21:19:46,150 - [MainProcess:164098] mummi_ras.online.simulation:has_computed_enough:352 - INFO - runtime_hours*0.99 = 0.495 vs delta_time = 0.002561770942476061 (length 0.0 ns) False False
2025-04-08 21:19:48,156 - [MainProcess:164098] mummi_ras.online.simulation:has_computed_enough:352 - INFO - runtime_hours*0.99 = 0.495 vs delta_time = 0.0031190343697865804 (length 0.0 ns) False False
2025-04-08 21:19:50,163 - [MainProcess:164098] mummi_ras.online.simulation:has_computed_enough:352 - INFO - runtime_hours*0.99 = 0.495 vs delta_time = 0.0036763393216662937 (length 0.0 ns) False False
2025-04-08 21:19:52,169 - [MainProcess:164098] mummi_ras.online.simulation:has_computed_enough:352 - INFO - runtime_hours*0.99 = 0.495 vs delta_time = 0.004233595199055142 (length 0.0 ns) False False
2025-04-08 21:19:54,175 - [MainProcess:164098] mummi_ras.online.simulation:has_computed_enough:352 - INFO - runtime_hours*0.99 = 0.495 vs delta_time = 0.004790886044502258 (length 0.0 ns) False False
2025-04-08 21:19:56,181 - [MainProcess:164098] mummi_ras.online.simulation:has_computed_enough:352 - INFO - runtime_hours*0.99 = 0.495 vs delta_time = 0.005348217686017355 (length 0.0 ns) False False
2025-04-08 21:19:58,188 - [MainProcess:164098] mummi_ras.online.simulation:has_computed_enough:352 - INFO - runtime_hours*0.99 = 0.495 vs delta_time = 0.005905488398340013 (length 0.0 ns) False False
2025-04-08 21:20:00,194 - [MainProcess:164098] mummi_ras.online.simulation:has_computed_enough:352 - INFO - runtime_hours*0.99 = 0.495 vs delta_time = 0.006462732553482056 (length 0.0 ns) False False
2025-04-08 21:20:02,200 - [MainProcess:164098] mummi_ras.online.simulation:has_computed_enough:352 - INFO - runtime_hours*0.99 = 0.495 vs delta_time = 0.007019996907975939 (length 0.0 ns) False False
2025-04-08 21:20:04,206 - [MainProcess:164098] mummi_ras.online.simulation:has_computed_enough:352 - INFO - runtime_hours*0.99 = 0.495 vs delta_time = 0.007577255699369643 (length 0.0 ns) False False
/usr/WS1/mummiusr/mummi-spack/spack/0.21/opt/spack/__spack_path_placeholder__/__spack_path_placeholder__/__spack_path_placeholder__/__spack_path_placeholder__/__spack_path_placeholder__/__spack_path_placeholder__/__spack_path_placeholder__/__spack_path_pla/linux-rhel7-power9le/gcc-11.2.1/py-mdanalysis-mummi-c2-r52p5p5z3zr3gz4m44s6vmwdgmmcbjjb/lib/python3.11/site-packages/MDAnalysis/coordinates/XDR.py:240: UserWarning: Reload offsets from trajectory
 ctime or size or n_atoms did not match
  warnings.warn("Reload offsets from trajectory\n "
2025-04-08 21:20:04,263 - [MainProcess:164098] mummi_ras.online.simulation:get_new_frames:399 - INFO - Getting all frame numbers in trajectory from 1 to 1.
2025-04-08 21:20:04,263 - [MainProcess:164098] mummi_ras.online.cg.cganalysis:run_main_analysis:193 - INFO - Process frame 1
2025-04-08 21:20:04,263 - [MainProcess:164098] mummi_ras.online.cg.cganalysis:processFrame:554 - INFO - Load 2 frames: current frame ID /tmp/mummi/cg/structure_iter00_000000000010-20250408_211916/traj_comp.xtc
2025-04-08 21:20:04,274 - [MainProcess:164098] mummi_ras.online.cg.cganalysis:processFrame:580 - INFO - Frame:     1, Time:  500.000 ps, Bbox = [0, 181.55106, 0, 181.55106]
2025-04-08 21:20:04,274 - [MainProcess:164098] mummi_ras.online.cg.cganalysis:processFrame:584 - INFO - Lengths of layers: 660 37 486
2025-04-08 21:20:04,374 - [MainProcess:164098] mummi_ras.online.cg.cganalysis:processFrame:765 - INFO - Time for analysis - frameNum 1, time 0.11077761650085449 s
2025-04-08 21:20:06,374 - [MainProcess:164098] mummi_ras.online.simulation:has_computed_enough:352 - INFO - runtime_hours*0.99 = 0.495 vs delta_time = 0.00817960196071201 (length 0.5 ns) False False
2025-04-08 21:20:08,381 - [MainProcess:164098] mummi_ras.online.simulation:has_computed_enough:352 - INFO - runtime_hours*0.99 = 0.495 vs delta_time = 0.008736940357420179 (length 0.5 ns) False False
2025-04-08 21:20:10,387 - [MainProcess:164098] mummi_ras.online.simulation:has_computed_enough:352 - INFO - runtime_hours*0.99 = 0.495 vs delta_time = 0.009294207625918918 (length 0.5 ns) False False
2025-04-08 21:20:12,393 - [MainProcess:164098] mummi_ras.online.simulation:has_computed_enough:352 - INFO - runtime_hours*0.99 = 0.495 vs delta_time = 0.009851434694396125 (length 0.5 ns) False False
2025-04-08 21:20:14,399 - [MainProcess:164098] mummi_ras.online.simulation:has_computed_enough:352 - INFO - runtime_hours*0.99 = 0.495 vs delta_time = 0.010408703618579441 (length 0.5 ns) False False
2025-04-08 21:20:16,405 - [MainProcess:164098] mummi_ras.online.simulation:has_computed_enough:352 - INFO - runtime_hours*0.99 = 0.495 vs delta_time = 0.010965954926278856 (length 0.5 ns) False False
2025-04-08 21:20:18,411 - [MainProcess:164098] mummi_ras.online.simulation:has_computed_enough:352 - INFO - runtime_hours*0.99 = 0.495 vs delta_time = 0.01152313854959276 (length 0.5 ns) False False
2025-04-08 21:20:20,417 - [MainProcess:164098] mummi_ras.online.simulation:has_computed_enough:352 - INFO - runtime_hours*0.99 = 0.495 vs delta_time = 0.01208046317100525 (length 0.5 ns) False False
2025-04-08 21:20:22,424 - [MainProcess:164098] mummi_ras.online.simulation:has_computed_enough:352 - INFO - runtime_hours*0.99 = 0.495 vs delta_time = 0.012637714015112983 (length 0.5 ns) False False
2025-04-08 21:20:24,430 - [MainProcess:164098] mummi_ras.online.simulation:has_computed_enough:352 - INFO - runtime_hours*0.99 = 0.495 vs delta_time = 0.013194996515909831 (length 0.5 ns) False False
2025-04-08 21:20:26,436 - [MainProcess:164098] mummi_ras.online.simulation:has_computed_enough:352 - INFO - runtime_hours*0.99 = 0.495 vs delta_time = 0.013752261069085864 (length 0.5 ns) False False
2025-04-08 21:20:28,442 - [MainProcess:164098] mummi_ras.online.simulation:has_computed_enough:352 - INFO - runtime_hours*0.99 = 0.495 vs delta_time = 0.01430951025750902 (length 0.5 ns) False False
2025-04-08 21:20:28,625 - [MainProcess:164098] mummi_ras.online.simulation:get_new_frames:399 - INFO - Getting all frame numbers in trajectory from 2 to 2.
2025-04-08 21:20:28,625 - [MainProcess:164098] mummi_ras.online.cg.cganalysis:run_main_analysis:193 - INFO - Process frame 2
2025-04-08 21:20:28,625 - [MainProcess:164098] mummi_ras.online.cg.cganalysis:processFrame:554 - INFO - Load 3 frames: current frame ID /tmp/mummi/cg/structure_iter00_000000000010-20250408_211916/traj_comp.xtc
2025-04-08 21:20:28,636 - [MainProcess:164098] mummi_ras.online.cg.cganalysis:processFrame:580 - INFO - Frame:     2, Time: 1000.000 ps, Bbox = [0, 181.2188, 0, 181.2188]
2025-04-08 21:20:28,636 - [MainProcess:164098] mummi_ras.online.cg.cganalysis:processFrame:584 - INFO - Lengths of layers: 663 28 492
2025-04-08 21:20:28,736 - [MainProcess:164098] mummi_ras.online.cg.cganalysis:processFrame:765 - INFO - Time for analysis - frameNum 2, time 0.1106405258178711 s
2025-04-08 21:20:30,736 - [MainProcess:164098] mummi_ras.online.simulation:has_computed_enough:352 - INFO - runtime_hours*0.99 = 0.495 vs delta_time = 0.014946770270665486 (length 1.0 ns) False False
2025-04-08 21:20:32,743 - [MainProcess:164098] mummi_ras.online.simulation:has_computed_enough:352 - INFO - runtime_hours*0.99 = 0.495 vs delta_time = 0.015504090123706394 (length 1.0 ns) False False
2025-04-08 21:20:34,749 - [MainProcess:164098] mummi_ras.online.simulation:has_computed_enough:352 - INFO - runtime_hours*0.99 = 0.495 vs delta_time = 0.016061367723676893 (length 1.0 ns) False False
2025-04-08 21:20:36,755 - [MainProcess:164098] mummi_ras.online.simulation:has_computed_enough:352 - INFO - runtime_hours*0.99 = 0.495 vs delta_time = 0.01661862247520023 (length 1.0 ns) False False
2025-04-08 21:20:38,761 - [MainProcess:164098] mummi_ras.online.simulation:has_computed_enough:352 - INFO - runtime_hours*0.99 = 0.495 vs delta_time = 0.01717590053876241 (length 1.0 ns) False False
2025-04-08 21:20:40,767 - [MainProcess:164098] mummi_ras.online.simulation:has_computed_enough:352 - INFO - runtime_hours*0.99 = 0.495 vs delta_time = 0.017733163237571715 (length 1.0 ns) False False
2025-04-08 21:20:42,773 - [MainProcess:164098] mummi_ras.online.simulation:has_computed_enough:352 - INFO - runtime_hours*0.99 = 0.495 vs delta_time = 0.018290402028295728 (length 1.0 ns) False False
2025-04-08 21:20:44,780 - [MainProcess:164098] mummi_ras.online.simulation:has_computed_enough:352 - INFO - runtime_hours*0.99 = 0.495 vs delta_time = 0.018847704463534884 (length 1.0 ns) False False
2025-04-08 21:20:46,786 - [MainProcess:164098] mummi_ras.online.simulation:has_computed_enough:352 - INFO - runtime_hours*0.99 = 0.495 vs delta_time = 0.019404966235160827 (length 1.0 ns) False False
2025-04-08 21:20:48,792 - [MainProcess:164098] mummi_ras.online.simulation:has_computed_enough:352 - INFO - runtime_hours*0.99 = 0.495 vs delta_time = 0.019962243570221794 (length 1.0 ns) False False
2025-04-08 21:20:50,798 - [MainProcess:164098] mummi_ras.online.simulation:has_computed_enough:352 - INFO - runtime_hours*0.99 = 0.495 vs delta_time = 0.020519552363289728 (length 1.0 ns) False False
2025-04-08 21:20:52,804 - [MainProcess:164098] mummi_ras.online.simulation:has_computed_enough:352 - INFO - runtime_hours*0.99 = 0.495 vs delta_time = 0.02107683817545573 (length 1.0 ns) False False
2025-04-08 21:20:52,897 - [MainProcess:164098] mummi_ras.online.simulation:get_new_frames:399 - INFO - Getting all frame numbers in trajectory from 3 to 3.
2025-04-08 21:20:52,897 - [MainProcess:164098] mummi_ras.online.cg.cganalysis:run_main_analysis:193 - INFO - Process frame 3
2025-04-08 21:20:52,897 - [MainProcess:164098] mummi_ras.online.cg.cganalysis:processFrame:554 - INFO - Load 4 frames: current frame ID /tmp/mummi/cg/structure_iter00_000000000010-20250408_211916/traj_comp.xtc
2025-04-08 21:20:52,908 - [MainProcess:164098] mummi_ras.online.cg.cganalysis:processFrame:580 - INFO - Frame:     3, Time: 1500.000 ps, Bbox = [0, 180.64299, 0, 180.64299]
2025-04-08 21:20:52,908 - [MainProcess:164098] mummi_ras.online.cg.cganalysis:processFrame:584 - INFO - Lengths of layers: 661 35 487
2025-04-08 21:20:53,008 - [MainProcess:164098] mummi_ras.online.cg.cganalysis:processFrame:765 - INFO - Time for analysis - frameNum 3, time 0.11132526397705078 s
2025-04-08 21:20:55,009 - [MainProcess:164098] mummi_ras.online.simulation:has_computed_enough:352 - INFO - runtime_hours*0.99 = 0.495 vs delta_time = 0.021689176162083944 (length 1.5 ns) False False
2025-04-08 21:20:57,015 - [MainProcess:164098] mummi_ras.online.simulation:has_computed_enough:352 - INFO - runtime_hours*0.99 = 0.495 vs delta_time = 0.022246495286623636 (length 1.5 ns) False False
2025-04-08 21:20:59,021 - [MainProcess:164098] mummi_ras.online.simulation:has_computed_enough:352 - INFO - runtime_hours*0.99 = 0.495 vs delta_time = 0.02280375878016154 (length 1.5 ns) False False
2025-04-08 21:21:01,027 - [MainProcess:164098] mummi_ras.online.simulation:has_computed_enough:352 - INFO - runtime_hours*0.99 = 0.495 vs delta_time = 0.02336099664370219 (length 1.5 ns) False False
2025-04-08 21:21:03,034 - [MainProcess:164098] mummi_ras.online.simulation:has_computed_enough:352 - INFO - runtime_hours*0.99 = 0.495 vs delta_time = 0.023918286363283792 (length 1.5 ns) False False
2025-04-08 21:21:05,040 - [MainProcess:164098] mummi_ras.online.simulation:has_computed_enough:352 - INFO - runtime_hours*0.99 = 0.495 vs delta_time = 0.02447552952501509 (length 1.5 ns) False False
2025-04-08 21:21:07,046 - [MainProcess:164098] mummi_ras.online.simulation:has_computed_enough:352 - INFO - runtime_hours*0.99 = 0.495 vs delta_time = 0.025032763083775837 (length 1.5 ns) False False
2025-04-08 21:21:09,052 - [MainProcess:164098] mummi_ras.online.simulation:has_computed_enough:352 - INFO - runtime_hours*0.99 = 0.495 vs delta_time = 0.025590011808607312 (length 1.5 ns) False False
2025-04-08 21:21:11,058 - [MainProcess:164098] mummi_ras.online.simulation:has_computed_enough:352 - INFO - runtime_hours*0.99 = 0.495 vs delta_time = 0.026147254043155245 (length 1.5 ns) False False
2025-04-08 21:21:13,064 - [MainProcess:164098] mummi_ras.online.simulation:has_computed_enough:352 - INFO - runtime_hours*0.99 = 0.495 vs delta_time = 0.026704489654964872 (length 1.5 ns) False False
2025-04-08 21:21:15,070 - [MainProcess:164098] mummi_ras.online.simulation:has_computed_enough:352 - INFO - runtime_hours*0.99 = 0.495 vs delta_time = 0.027261740300390455 (length 1.5 ns) False False
2025-04-08 21:21:17,076 - [MainProcess:164098] mummi_ras.online.simulation:has_computed_enough:352 - INFO - runtime_hours*0.99 = 0.495 vs delta_time = 0.027818930943806965 (length 1.5 ns) False False
2025-04-08 21:21:17,126 - [MainProcess:164098] mummi_ras.online.simulation:get_new_frames:399 - INFO - Getting all frame numbers in trajectory from 4 to 4.
2025-04-08 21:21:17,126 - [MainProcess:164098] mummi_ras.online.cg.cganalysis:run_main_analysis:193 - INFO - Process frame 4
2025-04-08 21:21:17,127 - [MainProcess:164098] mummi_ras.online.cg.cganalysis:processFrame:554 - INFO - Load 5 frames: current frame ID /tmp/mummi/cg/structure_iter00_000000000010-20250408_211916/traj_comp.xtc
2025-04-08 21:21:17,137 - [MainProcess:164098] mummi_ras.online.cg.cganalysis:processFrame:580 - INFO - Frame:     4, Time: 2000.000 ps, Bbox = [0, 180.83069, 0, 180.83069]
2025-04-08 21:21:17,138 - [MainProcess:164098] mummi_ras.online.cg.cganalysis:processFrame:584 - INFO - Lengths of layers: 662 35 486
2025-04-08 21:21:17,237 - [MainProcess:164098] mummi_ras.online.cg.cganalysis:processFrame:765 - INFO - Time for analysis - frameNum 4, time 0.11082267761230469 s
2025-04-08 21:21:19,238 - [MainProcess:164098] mummi_ras.online.simulation:has_computed_enough:352 - INFO - runtime_hours*0.99 = 0.495 vs delta_time = 0.02841943919658661 (length 2.0 ns) False False
2025-04-08 21:21:21,244 - [MainProcess:164098] mummi_ras.online.simulation:has_computed_enough:352 - INFO - runtime_hours*0.99 = 0.495 vs delta_time = 0.028976774679289923 (length 2.0 ns) False False
2025-04-08 21:21:23,250 - [MainProcess:164098] mummi_ras.online.simulation:has_computed_enough:352 - INFO - runtime_hours*0.99 = 0.495 vs delta_time = 0.02953404188156128 (length 2.0 ns) False False
2025-04-08 21:21:25,256 - [MainProcess:164098] mummi_ras.online.simulation:has_computed_enough:352 - INFO - runtime_hours*0.99 = 0.495 vs delta_time = 0.03009129352039761 (length 2.0 ns) False False
2025-04-08 21:21:27,263 - [MainProcess:164098] mummi_ras.online.simulation:has_computed_enough:352 - INFO - runtime_hours*0.99 = 0.495 vs delta_time = 0.03064853721194797 (length 2.0 ns) False False
2025-04-08 21:21:29,269 - [MainProcess:164098] mummi_ras.online.simulation:has_computed_enough:352 - INFO - runtime_hours*0.99 = 0.495 vs delta_time = 0.031205765273835923 (length 2.0 ns) False False
2025-04-08 21:21:31,275 - [MainProcess:164098] mummi_ras.online.simulation:has_computed_enough:352 - INFO - runtime_hours*0.99 = 0.495 vs delta_time = 0.03176302015781403 (length 2.0 ns) False False
2025-04-08 21:21:33,281 - [MainProcess:164098] mummi_ras.online.simulation:has_computed_enough:352 - INFO - runtime_hours*0.99 = 0.495 vs delta_time = 0.03232025464375814 (length 2.0 ns) False False
2025-04-08 21:21:35,287 - [MainProcess:164098] mummi_ras.online.simulation:has_computed_enough:352 - INFO - runtime_hours*0.99 = 0.495 vs delta_time = 0.03287751191192203 (length 2.0 ns) False False
2025-04-08 21:21:37,293 - [MainProcess:164098] mummi_ras.online.simulation:has_computed_enough:352 - INFO - runtime_hours*0.99 = 0.495 vs delta_time = 0.03343473898039924 (length 2.0 ns) False False
2025-04-08 21:21:39,299 - [MainProcess:164098] mummi_ras.online.simulation:has_computed_enough:352 - INFO - runtime_hours*0.99 = 0.495 vs delta_time = 0.03399202518992954 (length 2.0 ns) False False
2025-04-08 21:21:41,305 - [MainProcess:164098] mummi_ras.online.simulation:has_computed_enough:352 - INFO - runtime_hours*0.99 = 0.495 vs delta_time = 0.03454927298757765 (length 2.0 ns) False False
2025-04-08 21:21:41,496 - [MainProcess:164098] mummi_ras.online.simulation:get_new_frames:399 - INFO - Getting all frame numbers in trajectory from 5 to 5.
2025-04-08 21:21:41,496 - [MainProcess:164098] mummi_ras.online.cg.cganalysis:run_main_analysis:193 - INFO - Process frame 5
2025-04-08 21:21:41,496 - [MainProcess:164098] mummi_ras.online.cg.cganalysis:processFrame:554 - INFO - Load 6 frames: current frame ID /tmp/mummi/cg/structure_iter00_000000000010-20250408_211916/traj_comp.xtc
2025-04-08 21:21:41,507 - [MainProcess:164098] mummi_ras.online.cg.cganalysis:processFrame:580 - INFO - Frame:     5, Time: 2500.000 ps, Bbox = [0, 180.44565, 0, 180.44565]
2025-04-08 21:21:41,507 - [MainProcess:164098] mummi_ras.online.cg.cganalysis:processFrame:584 - INFO - Lengths of layers: 660 38 485
2025-04-08 21:21:41,607 - [MainProcess:164098] mummi_ras.online.cg.cganalysis:processFrame:765 - INFO - Time for analysis - frameNum 5, time 0.1104583740234375 s
2025-04-08 21:21:43,607 - [MainProcess:164098] mummi_ras.online.simulation:has_computed_enough:352 - INFO - runtime_hours*0.99 = 0.495 vs delta_time = 0.03518873698181576 (length 2.5 ns) False False
2025-04-08 21:21:45,614 - [MainProcess:164098] mummi_ras.online.simulation:has_computed_enough:352 - INFO - runtime_hours*0.99 = 0.495 vs delta_time = 0.03574606272909377 (length 2.5 ns) False False
2025-04-08 21:21:47,620 - [MainProcess:164098] mummi_ras.online.simulation:has_computed_enough:352 - INFO - runtime_hours*0.99 = 0.495 vs delta_time = 0.03630331973234813 (length 2.5 ns) False False
2025-04-08 21:21:49,626 - [MainProcess:164098] mummi_ras.online.simulation:has_computed_enough:352 - INFO - runtime_hours*0.99 = 0.495 vs delta_time = 0.03686053011152479 (length 2.5 ns) False False
2025-04-08 21:21:51,632 - [MainProcess:164098] mummi_ras.online.simulation:has_computed_enough:352 - INFO - runtime_hours*0.99 = 0.495 vs delta_time = 0.03741784201727973 (length 2.5 ns) False False
2025-04-08 21:21:53,638 - [MainProcess:164098] mummi_ras.online.simulation:has_computed_enough:352 - INFO - runtime_hours*0.99 = 0.495 vs delta_time = 0.03797510041130914 (length 2.5 ns) False False
2025-04-08 21:21:55,644 - [MainProcess:164098] mummi_ras.online.simulation:has_computed_enough:352 - INFO - runtime_hours*0.99 = 0.495 vs delta_time = 0.038532339202033146 (length 2.5 ns) False False
2025-04-08 21:21:57,650 - [MainProcess:164098] mummi_ras.online.simulation:has_computed_enough:352 - INFO - runtime_hours*0.99 = 0.495 vs delta_time = 0.039089587993092006 (length 2.5 ns) False False
2025-04-08 21:21:59,656 - [MainProcess:164098] mummi_ras.online.simulation:has_computed_enough:352 - INFO - runtime_hours*0.99 = 0.495 vs delta_time = 0.039646833075417415 (length 2.5 ns) False False
2025-04-08 21:22:01,662 - [MainProcess:164098] mummi_ras.online.simulation:has_computed_enough:352 - INFO - runtime_hours*0.99 = 0.495 vs delta_time = 0.04020407749546899 (length 2.5 ns) False False
2025-04-08 21:22:03,669 - [MainProcess:164098] mummi_ras.online.simulation:has_computed_enough:352 - INFO - runtime_hours*0.99 = 0.495 vs delta_time = 0.04076133774386512 (length 2.5 ns) False False
2025-04-08 21:22:05,675 - [MainProcess:164098] mummi_ras.online.simulation:has_computed_enough:352 - INFO - runtime_hours*0.99 = 0.495 vs delta_time = 0.04131863494714101 (length 2.5 ns) False False
2025-04-08 21:22:05,763 - [MainProcess:164098] mummi_ras.online.simulation:get_new_frames:399 - INFO - Getting all frame numbers in trajectory from 6 to 6.
2025-04-08 21:22:05,764 - [MainProcess:164098] mummi_ras.online.cg.cganalysis:run_main_analysis:193 - INFO - Process frame 6
2025-04-08 21:22:05,764 - [MainProcess:164098] mummi_ras.online.cg.cganalysis:processFrame:554 - INFO - Load 7 frames: current frame ID /tmp/mummi/cg/structure_iter00_000000000010-20250408_211916/traj_comp.xtc
2025-04-08 21:22:05,775 - [MainProcess:164098] mummi_ras.online.cg.cganalysis:processFrame:580 - INFO - Frame:     6, Time: 3000.000 ps, Bbox = [0, 180.71135, 0, 180.71135]
2025-04-08 21:22:05,775 - [MainProcess:164098] mummi_ras.online.cg.cganalysis:processFrame:584 - INFO - Lengths of layers: 657 46 480
2025-04-08 21:22:05,874 - [MainProcess:164098] mummi_ras.online.cg.cganalysis:processFrame:765 - INFO - Time for analysis - frameNum 6, time 0.11046504974365234 s
2025-04-08 21:22:07,875 - [MainProcess:164098] mummi_ras.online.simulation:has_computed_enough:352 - INFO - runtime_hours*0.99 = 0.495 vs delta_time = 0.04192974070707957 (length 3.0 ns) False False
2025-04-08 21:22:09,881 - [MainProcess:164098] mummi_ras.online.simulation:has_computed_enough:352 - INFO - runtime_hours*0.99 = 0.495 vs delta_time = 0.0424870150619083 (length 3.0 ns) False False
2025-04-08 21:22:11,887 - [MainProcess:164098] mummi_ras.online.simulation:has_computed_enough:352 - INFO - runtime_hours*0.99 = 0.495 vs delta_time = 0.043044274780485364 (length 3.0 ns) False False
2025-04-08 21:22:13,893 - [MainProcess:164098] mummi_ras.online.simulation:has_computed_enough:352 - INFO - runtime_hours*0.99 = 0.495 vs delta_time = 0.043601527876324125 (length 3.0 ns) False False
2025-04-08 21:22:15,899 - [MainProcess:164098] mummi_ras.online.simulation:has_computed_enough:352 - INFO - runtime_hours*0.99 = 0.495 vs delta_time = 0.0441587977276908 (length 3.0 ns) False False
2025-04-08 21:22:17,906 - [MainProcess:164098] mummi_ras.online.simulation:has_computed_enough:352 - INFO - runtime_hours*0.99 = 0.495 vs delta_time = 0.044716047512160406 (length 3.0 ns) False False
2025-04-08 21:22:19,912 - [MainProcess:164098] mummi_ras.online.simulation:has_computed_enough:352 - INFO - runtime_hours*0.99 = 0.495 vs delta_time = 0.04527333749665154 (length 3.0 ns) False False
2025-04-08 21:22:21,918 - [MainProcess:164098] mummi_ras.online.simulation:has_computed_enough:352 - INFO - runtime_hours*0.99 = 0.495 vs delta_time = 0.04583060204982758 (length 3.0 ns) False False
2025-04-08 21:22:23,924 - [MainProcess:164098] mummi_ras.online.simulation:has_computed_enough:352 - INFO - runtime_hours*0.99 = 0.495 vs delta_time = 0.04638788832558526 (length 3.0 ns) False False
2025-04-08 21:22:25,930 - [MainProcess:164098] mummi_ras.online.simulation:has_computed_enough:352 - INFO - runtime_hours*0.99 = 0.495 vs delta_time = 0.04694514320956336 (length 3.0 ns) False False
2025-04-08 21:22:27,936 - [MainProcess:164098] mummi_ras.online.simulation:has_computed_enough:352 - INFO - runtime_hours*0.99 = 0.495 vs delta_time = 0.04750238014592065 (length 3.0 ns) False False
2025-04-08 21:22:29,942 - [MainProcess:164098] mummi_ras.online.simulation:has_computed_enough:352 - INFO - runtime_hours*0.99 = 0.495 vs delta_time = 0.048059639665815564 (length 3.0 ns) False False
2025-04-08 21:22:29,992 - [MainProcess:164098] mummi_ras.online.simulation:get_new_frames:399 - INFO - Getting all frame numbers in trajectory from 7 to 7.
2025-04-08 21:22:29,993 - [MainProcess:164098] mummi_ras.online.cg.cganalysis:run_main_analysis:193 - INFO - Process frame 7
2025-04-08 21:22:29,993 - [MainProcess:164098] mummi_ras.online.cg.cganalysis:processFrame:554 - INFO - Load 8 frames: current frame ID /tmp/mummi/cg/structure_iter00_000000000010-20250408_211916/traj_comp.xtc
2025-04-08 21:22:30,004 - [MainProcess:164098] mummi_ras.online.cg.cganalysis:processFrame:580 - INFO - Frame:     7, Time: 3500.000 ps, Bbox = [0, 180.72195, 0, 180.72195]
2025-04-08 21:22:30,004 - [MainProcess:164098] mummi_ras.online.cg.cganalysis:processFrame:584 - INFO - Lengths of layers: 657 34 492
2025-04-08 21:22:30,103 - [MainProcess:164098] mummi_ras.online.cg.cganalysis:processFrame:765 - INFO - Time for analysis - frameNum 7, time 0.11045479774475098 s
2025-04-08 21:22:32,104 - [MainProcess:164098] mummi_ras.online.simulation:has_computed_enough:352 - INFO - runtime_hours*0.99 = 0.495 vs delta_time = 0.04866000519858466 (length 3.5 ns) False False
2025-04-08 21:22:34,110 - [MainProcess:164098] mummi_ras.online.simulation:has_computed_enough:352 - INFO - runtime_hours*0.99 = 0.495 vs delta_time = 0.04921733882692125 (length 3.5 ns) False False
2025-04-08 21:22:36,116 - [MainProcess:164098] mummi_ras.online.simulation:has_computed_enough:352 - INFO - runtime_hours*0.99 = 0.495 vs delta_time = 0.049774596823586356 (length 3.5 ns) False False
2025-04-08 21:22:38,122 - [MainProcess:164098] mummi_ras.online.simulation:has_computed_enough:352 - INFO - runtime_hours*0.99 = 0.495 vs delta_time = 0.05033185501893361 (length 3.5 ns) False False
2025-04-08 21:22:40,129 - [MainProcess:164098] mummi_ras.online.simulation:has_computed_enough:352 - INFO - runtime_hours*0.99 = 0.495 vs delta_time = 0.050889113148053486 (length 3.5 ns) False False
2025-04-08 21:22:42,135 - [MainProcess:164098] mummi_ras.online.simulation:has_computed_enough:352 - INFO - runtime_hours*0.99 = 0.495 vs delta_time = 0.05144637571440803 (length 3.5 ns) False False
2025-04-08 21:22:44,141 - [MainProcess:164098] mummi_ras.online.simulation:has_computed_enough:352 - INFO - runtime_hours*0.99 = 0.495 vs delta_time = 0.05200362569755978 (length 3.5 ns) False False
2025-04-08 21:22:46,147 - [MainProcess:164098] mummi_ras.online.simulation:has_computed_enough:352 - INFO - runtime_hours*0.99 = 0.495 vs delta_time = 0.0525609024365743 (length 3.5 ns) False False
2025-04-08 21:22:48,153 - [MainProcess:164098] mummi_ras.online.simulation:has_computed_enough:352 - INFO - runtime_hours*0.99 = 0.495 vs delta_time = 0.05311815612845951 (length 3.5 ns) False False
2025-04-08 21:22:50,159 - [MainProcess:164098] mummi_ras.online.simulation:has_computed_enough:352 - INFO - runtime_hours*0.99 = 0.495 vs delta_time = 0.05367544704013401 (length 3.5 ns) False False
2025-04-08 21:22:52,166 - [MainProcess:164098] mummi_ras.online.simulation:has_computed_enough:352 - INFO - runtime_hours*0.99 = 0.495 vs delta_time = 0.05423270073201921 (length 3.5 ns) False False
2025-04-08 21:22:54,172 - [MainProcess:164098] mummi_ras.online.simulation:has_computed_enough:352 - INFO - runtime_hours*0.99 = 0.495 vs delta_time = 0.05478994799984826 (length 3.5 ns) False False
2025-04-08 21:22:54,341 - [MainProcess:164098] mummi_ras.online.simulation:get_new_frames:399 - INFO - Getting all frame numbers in trajectory from 8 to 8.
2025-04-08 21:22:54,341 - [MainProcess:164098] mummi_ras.online.cg.cganalysis:run_main_analysis:193 - INFO - Process frame 8
2025-04-08 21:22:54,342 - [MainProcess:164098] mummi_ras.online.cg.cganalysis:processFrame:554 - INFO - Load 9 frames: current frame ID /tmp/mummi/cg/structure_iter00_000000000010-20250408_211916/traj_comp.xtc
2025-04-08 21:22:54,352 - [MainProcess:164098] mummi_ras.online.cg.cganalysis:processFrame:580 - INFO - Frame:     8, Time: 4000.000 ps, Bbox = [0, 181.1217, 0, 181.1217]
2025-04-08 21:22:54,352 - [MainProcess:164098] mummi_ras.online.cg.cganalysis:processFrame:584 - INFO - Lengths of layers: 656 40 487
2025-04-08 21:22:54,451 - [MainProcess:164098] mummi_ras.online.cg.cganalysis:processFrame:765 - INFO - Time for analysis - frameNum 8, time 0.10983157157897949 s
2025-04-08 21:22:56,452 - [MainProcess:164098] mummi_ras.online.simulation:has_computed_enough:352 - INFO - runtime_hours*0.99 = 0.495 vs delta_time = 0.05542335033416748 (length 4.0 ns) False False
2025-04-08 21:22:58,458 - [MainProcess:164098] mummi_ras.online.simulation:has_computed_enough:352 - INFO - runtime_hours*0.99 = 0.495 vs delta_time = 0.05598068243927426 (length 4.0 ns) False False
2025-04-08 21:23:00,464 - [MainProcess:164098] mummi_ras.online.simulation:has_computed_enough:352 - INFO - runtime_hours*0.99 = 0.495 vs delta_time = 0.0565379403034846 (length 4.0 ns) False False
2025-04-08 21:23:02,470 - [MainProcess:164098] mummi_ras.online.simulation:has_computed_enough:352 - INFO - runtime_hours*0.99 = 0.495 vs delta_time = 0.05709518843226963 (length 4.0 ns) False False
2025-04-08 21:23:04,477 - [MainProcess:164098] mummi_ras.online.simulation:has_computed_enough:352 - INFO - runtime_hours*0.99 = 0.495 vs delta_time = 0.05765244152810838 (length 4.0 ns) False False
2025-04-08 21:23:06,482 - [MainProcess:164098] mummi_ras.online.simulation:has_computed_enough:352 - INFO - runtime_hours*0.99 = 0.495 vs delta_time = 0.058209624886512754 (length 4.0 ns) False False
2025-04-08 21:23:08,488 - [MainProcess:164098] mummi_ras.online.simulation:has_computed_enough:352 - INFO - runtime_hours*0.99 = 0.495 vs delta_time = 0.05876686327987247 (length 4.0 ns) False False
2025-04-08 21:23:10,495 - [MainProcess:164098] mummi_ras.online.simulation:has_computed_enough:352 - INFO - runtime_hours*0.99 = 0.495 vs delta_time = 0.05932411087883843 (length 4.0 ns) False False
2025-04-08 21:23:12,501 - [MainProcess:164098] mummi_ras.online.simulation:has_computed_enough:352 - INFO - runtime_hours*0.99 = 0.495 vs delta_time = 0.05988140980402629 (length 4.0 ns) False False
2025-04-08 21:23:14,507 - [MainProcess:164098] mummi_ras.online.simulation:has_computed_enough:352 - INFO - runtime_hours*0.99 = 0.495 vs delta_time = 0.06043867190678914 (length 4.0 ns) False False
2025-04-08 21:23:16,513 - [MainProcess:164098] mummi_ras.online.simulation:has_computed_enough:352 - INFO - runtime_hours*0.99 = 0.495 vs delta_time = 0.060995923280715944 (length 4.0 ns) False False
2025-04-08 21:23:18,519 - [MainProcess:164098] mummi_ras.online.simulation:has_computed_enough:352 - INFO - runtime_hours*0.99 = 0.495 vs delta_time = 0.06155323200755649 (length 4.0 ns) False False
2025-04-08 21:23:18,650 - [MainProcess:164098] mummi_ras.online.simulation:get_new_frames:399 - INFO - Getting all frame numbers in trajectory from 9 to 9.
2025-04-08 21:23:18,650 - [MainProcess:164098] mummi_ras.online.cg.cganalysis:run_main_analysis:193 - INFO - Process frame 9
2025-04-08 21:23:18,650 - [MainProcess:164098] mummi_ras.online.cg.cganalysis:processFrame:554 - INFO - Load 10 frames: current frame ID /tmp/mummi/cg/structure_iter00_000000000010-20250408_211916/traj_comp.xtc
2025-04-08 21:23:18,661 - [MainProcess:164098] mummi_ras.online.cg.cganalysis:processFrame:580 - INFO - Frame:     9, Time: 4500.000 ps, Bbox = [0, 180.51714, 0, 180.51714]
2025-04-08 21:23:18,661 - [MainProcess:164098] mummi_ras.online.cg.cganalysis:processFrame:584 - INFO - Lengths of layers: 660 30 493
2025-04-08 21:23:18,761 - [MainProcess:164098] mummi_ras.online.cg.cganalysis:processFrame:765 - INFO - Time for analysis - frameNum 9, time 0.11040234565734863 s
2025-04-08 21:23:20,761 - [MainProcess:164098] mummi_ras.online.simulation:has_computed_enough:352 - INFO - runtime_hours*0.99 = 0.495 vs delta_time = 0.06217595325575934 (length 4.5 ns) False False
2025-04-08 21:23:20,768 - [MainProcess:164098] mummi_ras.online.cg.cganalysis:processOutput:92 - INFO - Add feedback for frameNum 0 - state []
2025-04-08 21:23:20,768 - [MainProcess:164098] mummi_ras.online.cg.cganalysis:processOutput:92 - INFO - Add feedback for frameNum 1 - state []
2025-04-08 21:23:20,768 - [MainProcess:164098] mummi_ras.online.cg.cganalysis:processOutput:92 - INFO - Add feedback for frameNum 2 - state []
2025-04-08 21:23:20,768 - [MainProcess:164098] mummi_ras.online.cg.cganalysis:processOutput:92 - INFO - Add feedback for frameNum 3 - state []
2025-04-08 21:23:20,768 - [MainProcess:164098] mummi_ras.online.cg.cganalysis:processOutput:92 - INFO - Add feedback for frameNum 4 - state []
2025-04-08 21:23:20,768 - [MainProcess:164098] mummi_ras.online.cg.cganalysis:processOutput:92 - INFO - Add feedback for frameNum 5 - state []
2025-04-08 21:23:20,768 - [MainProcess:164098] mummi_ras.online.cg.cganalysis:processOutput:92 - INFO - Add feedback for frameNum 6 - state []
2025-04-08 21:23:20,769 - [MainProcess:164098] mummi_ras.online.cg.cganalysis:processOutput:92 - INFO - Add feedback for frameNum 7 - state []
2025-04-08 21:23:20,769 - [MainProcess:164098] mummi_ras.online.cg.cganalysis:processOutput:92 - INFO - Add feedback for frameNum 8 - state []
2025-04-08 21:23:20,769 - [MainProcess:164098] mummi_ras.online.cg.cganalysis:processOutput:92 - INFO - Add feedback for frameNum 9 - state []
2025-04-08 21:23:20,788 - [MainProcess:164098] mummi_core.interfaces.simple:_save_files:91 - INFO - Wrote 10 files to (/p/gpfs1/pottier1/minimummi-sc25/roots/root3/feedback-cg2ml/010)
2025-04-08 21:23:20,788 - [MainProcess:164098] mummi_ras.feedback.feedback_manager_cg2ml:report:118 - INFO - Added 10 frames (from structure_iter00_000000000010) to feedback (/p/gpfs1/pottier1/minimummi-sc25/roots/root3/feedback-cg2ml)
2025-04-08 21:23:20,788 - [MainProcess:164098] mummi_ras.online.cg.cganalysis:processOutput:112 - INFO - processOutput: 9
2025-04-08 21:23:20,788 - [MainProcess:164098] mummi_ras.online.cg.cganalysis:copyRemoteRestart:452 - INFO - Copy to remote frames [0, 1, 2, 3, 4, 5, 6, 7, 8, 9]
sending incremental file list
rsync: link_stat "/tmp/mummi/cg/structure_iter00_000000000010-20250408_211916/state.cpt" failed: No such file or directory (2)
ener.edr
md.log
mdrun.log
topol.tpr
traj_comp.xtc

sent 3,911,468 bytes  received 111 bytes  7,823,158.00 bytes/sec
total size is 3,910,156  speedup is 1.00
rsync error: some files/attrs were not transferred (see previous errors) (code 23) at main.c(1179) [sender=3.1.2]
2025-04-08 21:23:21,080 - [MainProcess:164098] mummi_core.utils.utilities:sys_call:184 - INFO - Run command: rsync -va --no-g traj_comp.xtc topol.tpr state.cpt ener.edr md.log mdrun.log /p/gpfs1/pottier1/minimummi-sc25/roots/root3/sims-cg/structure_iter00_000000000010 || true
2025-04-08 21:23:21,341 - [MainProcess:164098] mummi_ras.interfaces.mummi:save_analysis_data:253 - INFO - Saved all analysis data for frames [0, 1, 2, 3, 4, 5, 6, 7, 8, 9]
2025-04-08 21:23:21,341 - [MainProcess:164098] mummi_ras.online.cg.cganalysis:copyRemoteLogs:350 - INFO - Copy over log files
2025-04-08 21:23:21,368 - [MainProcess:164098] mummi_core.utils.utilities:sys_call:184 - INFO - Run command: cp -r  /tmp/mummi/cg/structure_iter00_000000000010-20250408_211916/cg_analysis.out /tmp/mummi/cg/structure_iter00_000000000010-20250408_211916/traj_comp.xtc /tmp/mummi/cg/structure_iter00_000000000010-20250408_211916/*.log /p/gpfs1/pottier1/minimummi-sc25/roots/root3/sims-cg/structure_iter00_000000000010/ || true
2025-04-08 21:23:21,368 - [MainProcess:164098] mummi_ras.online.cg.cganalysis:copyRemoteLogs:365 - INFO - copyRemoteLogs =  /tmp/mummi/cg/structure_iter00_000000000010-20250408_211916/cg_analysis.out /tmp/mummi/cg/structure_iter00_000000000010-20250408_211916/traj_comp.xtc /tmp/mummi/cg/structure_iter00_000000000010-20250408_211916/*.log
2025-04-08 21:23:21,368 - [MainProcess:164098] mummi_ras.online.cg.cganalysis:cleanupLocal:375 - WARNING - Copy cleanup local only works for ddcMD files
2025-04-08 21:23:23,369 - [MainProcess:164098] mummi_ras.online.simulation:has_computed_enough:352 - INFO - runtime_hours*0.99 = 0.495 vs delta_time = 0.06290024300416311 (length 4.5 ns) False False
2025-04-08 21:23:25,375 - [MainProcess:164098] mummi_ras.online.simulation:has_computed_enough:352 - INFO - runtime_hours*0.99 = 0.495 vs delta_time = 0.06345756987730662 (length 4.5 ns) False False
2025-04-08 21:23:27,381 - [MainProcess:164098] mummi_ras.online.simulation:has_computed_enough:352 - INFO - runtime_hours*0.99 = 0.495 vs delta_time = 0.0640148381392161 (length 4.5 ns) False False
2025-04-08 21:23:29,387 - [MainProcess:164098] mummi_ras.online.simulation:has_computed_enough:352 - INFO - runtime_hours*0.99 = 0.495 vs delta_time = 0.06457209792402055 (length 4.5 ns) False False
2025-04-08 21:23:31,393 - [MainProcess:164098] mummi_ras.online.simulation:has_computed_enough:352 - INFO - runtime_hours*0.99 = 0.495 vs delta_time = 0.0651292833354738 (length 4.5 ns) False False
2025-04-08 21:23:33,399 - [MainProcess:164098] mummi_ras.online.simulation:has_computed_enough:352 - INFO - runtime_hours*0.99 = 0.495 vs delta_time = 0.06568655716048347 (length 4.5 ns) False False
2025-04-08 21:23:35,406 - [MainProcess:164098] mummi_ras.online.simulation:has_computed_enough:352 - INFO - runtime_hours*0.99 = 0.495 vs delta_time = 0.0662438142961926 (length 4.5 ns) False False
2025-04-08 21:23:37,412 - [MainProcess:164098] mummi_ras.online.simulation:has_computed_enough:352 - INFO - runtime_hours*0.99 = 0.495 vs delta_time = 0.06680107752482096 (length 4.5 ns) False False
2025-04-08 21:23:39,418 - [MainProcess:164098] mummi_ras.online.simulation:has_computed_enough:352 - INFO - runtime_hours*0.99 = 0.495 vs delta_time = 0.06735834757486979 (length 4.5 ns) False False
2025-04-08 21:23:41,424 - [MainProcess:164098] mummi_ras.online.simulation:has_computed_enough:352 - INFO - runtime_hours*0.99 = 0.495 vs delta_time = 0.06791561590300665 (length 4.5 ns) False False
2025-04-08 21:23:43,430 - [MainProcess:164098] mummi_ras.online.simulation:has_computed_enough:352 - INFO - runtime_hours*0.99 = 0.495 vs delta_time = 0.06847284707758161 (length 4.5 ns) False False
2025-04-08 21:23:43,481 - [MainProcess:164098] mummi_ras.online.simulation:get_new_frames:399 - INFO - Getting all frame numbers in trajectory from 10 to 10.
2025-04-08 21:23:43,481 - [MainProcess:164098] mummi_ras.online.cg.cganalysis:run_main_analysis:193 - INFO - Process frame 10
2025-04-08 21:23:43,481 - [MainProcess:164098] mummi_ras.online.cg.cganalysis:processFrame:554 - INFO - Load 11 frames: current frame ID /tmp/mummi/cg/structure_iter00_000000000010-20250408_211916/traj_comp.xtc
2025-04-08 21:23:43,492 - [MainProcess:164098] mummi_ras.online.cg.cganalysis:processFrame:580 - INFO - Frame:    10, Time: 5000.000 ps, Bbox = [0, 179.61871, 0, 179.61871]
2025-04-08 21:23:43,492 - [MainProcess:164098] mummi_ras.online.cg.cganalysis:processFrame:584 - INFO - Lengths of layers: 657 35 491
2025-04-08 21:23:43,592 - [MainProcess:164098] mummi_ras.online.cg.cganalysis:processFrame:765 - INFO - Time for analysis - frameNum 10, time 0.11097431182861328 s
2025-04-08 21:23:45,592 - [MainProcess:164098] mummi_ras.online.simulation:has_computed_enough:352 - INFO - runtime_hours*0.99 = 0.495 vs delta_time = 0.06907346957259708 (length 5.0 ns) False False
2025-04-08 21:23:47,599 - [MainProcess:164098] mummi_ras.online.simulation:has_computed_enough:352 - INFO - runtime_hours*0.99 = 0.495 vs delta_time = 0.06963092154926724 (length 5.0 ns) False False
2025-04-08 21:23:49,606 - [MainProcess:164098] mummi_ras.online.simulation:has_computed_enough:352 - INFO - runtime_hours*0.99 = 0.495 vs delta_time = 0.07018833835919698 (length 5.0 ns) False False
2025-04-08 21:23:51,612 - [MainProcess:164098] mummi_ras.online.simulation:has_computed_enough:352 - INFO - runtime_hours*0.99 = 0.495 vs delta_time = 0.0707456749677658 (length 5.0 ns) False False
2025-04-08 21:23:53,619 - [MainProcess:164098] mummi_ras.online.simulation:has_computed_enough:352 - INFO - runtime_hours*0.99 = 0.495 vs delta_time = 0.07130299197302924 (length 5.0 ns) False False
2025-04-08 21:23:55,625 - [MainProcess:164098] mummi_ras.online.simulation:has_computed_enough:352 - INFO - runtime_hours*0.99 = 0.495 vs delta_time = 0.07186026857958899 (length 5.0 ns) False False
2025-04-08 21:23:57,631 - [MainProcess:164098] mummi_ras.online.simulation:has_computed_enough:352 - INFO - runtime_hours*0.99 = 0.495 vs delta_time = 0.07241754412651062 (length 5.0 ns) False False
2025-04-08 21:23:59,637 - [MainProcess:164098] mummi_ras.online.simulation:has_computed_enough:352 - INFO - runtime_hours*0.99 = 0.495 vs delta_time = 0.07297482616371578 (length 5.0 ns) False False
2025-04-08 21:24:01,643 - [MainProcess:164098] mummi_ras.online.simulation:has_computed_enough:352 - INFO - runtime_hours*0.99 = 0.495 vs delta_time = 0.07353207992182838 (length 5.0 ns) False False
2025-04-08 21:24:03,649 - [MainProcess:164098] mummi_ras.online.simulation:has_computed_enough:352 - INFO - runtime_hours*0.99 = 0.495 vs delta_time = 0.07408935222360823 (length 5.0 ns) False False
2025-04-08 21:24:05,655 - [MainProcess:164098] mummi_ras.online.simulation:has_computed_enough:352 - INFO - runtime_hours*0.99 = 0.495 vs delta_time = 0.07464658737182617 (length 5.0 ns) False False
2025-04-08 21:24:07,662 - [MainProcess:164098] mummi_ras.online.simulation:has_computed_enough:352 - INFO - runtime_hours*0.99 = 0.495 vs delta_time = 0.07520386556784311 (length 5.0 ns) False False
2025-04-08 21:24:07,823 - [MainProcess:164098] mummi_ras.online.simulation:get_new_frames:399 - INFO - Getting all frame numbers in trajectory from 11 to 11.
2025-04-08 21:24:07,824 - [MainProcess:164098] mummi_ras.online.cg.cganalysis:run_main_analysis:193 - INFO - Process frame 11
2025-04-08 21:24:07,824 - [MainProcess:164098] mummi_ras.online.cg.cganalysis:processFrame:554 - INFO - Load 12 frames: current frame ID /tmp/mummi/cg/structure_iter00_000000000010-20250408_211916/traj_comp.xtc
2025-04-08 21:24:07,835 - [MainProcess:164098] mummi_ras.online.cg.cganalysis:processFrame:580 - INFO - Frame:    11, Time: 5500.000 ps, Bbox = [0, 180.39182, 0, 180.39182]
2025-04-08 21:24:07,835 - [MainProcess:164098] mummi_ras.online.cg.cganalysis:processFrame:584 - INFO - Lengths of layers: 660 30 493
2025-04-08 21:24:07,935 - [MainProcess:164098] mummi_ras.online.cg.cganalysis:processFrame:765 - INFO - Time for analysis - frameNum 11, time 0.11124968528747559 s
2025-04-08 21:24:09,936 - [MainProcess:164098] mummi_ras.online.simulation:has_computed_enough:352 - INFO - runtime_hours*0.99 = 0.495 vs delta_time = 0.07583548380268945 (length 5.5 ns) False False
2025-04-08 21:24:11,942 - [MainProcess:164098] mummi_ras.online.simulation:has_computed_enough:352 - INFO - runtime_hours*0.99 = 0.495 vs delta_time = 0.07639283875624339 (length 5.5 ns) False False
2025-04-08 21:24:13,948 - [MainProcess:164098] mummi_ras.online.simulation:has_computed_enough:352 - INFO - runtime_hours*0.99 = 0.495 vs delta_time = 0.07695010628965165 (length 5.5 ns) False False
2025-04-08 21:24:15,954 - [MainProcess:164098] mummi_ras.online.simulation:has_computed_enough:352 - INFO - runtime_hours*0.99 = 0.495 vs delta_time = 0.07750735441843669 (length 5.5 ns) False False
2025-04-08 21:24:17,961 - [MainProcess:164098] mummi_ras.online.simulation:has_computed_enough:352 - INFO - runtime_hours*0.99 = 0.495 vs delta_time = 0.07806464533011119 (length 5.5 ns) False False
2025-04-08 21:24:19,967 - [MainProcess:164098] mummi_ras.online.simulation:has_computed_enough:352 - INFO - runtime_hours*0.99 = 0.495 vs delta_time = 0.07862197591198815 (length 5.5 ns) False False
2025-04-08 21:24:21,973 - [MainProcess:164098] mummi_ras.online.simulation:has_computed_enough:352 - INFO - runtime_hours*0.99 = 0.495 vs delta_time = 0.07917924927340614 (length 5.5 ns) False False
2025-04-08 21:24:23,979 - [MainProcess:164098] mummi_ras.online.simulation:has_computed_enough:352 - INFO - runtime_hours*0.99 = 0.495 vs delta_time = 0.07973643448617723 (length 5.5 ns) False False
2025-04-08 21:24:25,985 - [MainProcess:164098] mummi_ras.online.simulation:has_computed_enough:352 - INFO - runtime_hours*0.99 = 0.495 vs delta_time = 0.08029371155632867 (length 5.5 ns) False False
2025-04-08 21:24:27,991 - [MainProcess:164098] mummi_ras.online.simulation:has_computed_enough:352 - INFO - runtime_hours*0.99 = 0.495 vs delta_time = 0.08085097286436294 (length 5.5 ns) False False
2025-04-08 21:24:29,997 - [MainProcess:164098] mummi_ras.online.simulation:has_computed_enough:352 - INFO - runtime_hours*0.99 = 0.495 vs delta_time = 0.08140823251671261 (length 5.5 ns) False False
2025-04-08 21:24:32,004 - [MainProcess:164098] mummi_ras.online.simulation:has_computed_enough:352 - INFO - runtime_hours*0.99 = 0.495 vs delta_time = 0.08196549673875173 (length 5.5 ns) False False
2025-04-08 21:24:32,096 - [MainProcess:164098] mummi_ras.online.simulation:get_new_frames:399 - INFO - Getting all frame numbers in trajectory from 12 to 12.
2025-04-08 21:24:32,096 - [MainProcess:164098] mummi_ras.online.cg.cganalysis:run_main_analysis:193 - INFO - Process frame 12
2025-04-08 21:24:32,096 - [MainProcess:164098] mummi_ras.online.cg.cganalysis:processFrame:554 - INFO - Load 13 frames: current frame ID /tmp/mummi/cg/structure_iter00_000000000010-20250408_211916/traj_comp.xtc
2025-04-08 21:24:32,107 - [MainProcess:164098] mummi_ras.online.cg.cganalysis:processFrame:580 - INFO - Frame:    12, Time: 6000.000 ps, Bbox = [0, 181.42072, 0, 181.42072]
2025-04-08 21:24:32,107 - [MainProcess:164098] mummi_ras.online.cg.cganalysis:processFrame:584 - INFO - Lengths of layers: 658 31 494
2025-04-08 21:24:32,207 - [MainProcess:164098] mummi_ras.online.cg.cganalysis:processFrame:765 - INFO - Time for analysis - frameNum 12, time 0.1106116771697998 s
2025-04-08 21:24:34,208 - [MainProcess:164098] mummi_ras.online.simulation:has_computed_enough:352 - INFO - runtime_hours*0.99 = 0.495 vs delta_time = 0.08257771200603908 (length 6.0 ns) False False
2025-04-08 21:24:36,214 - [MainProcess:164098] mummi_ras.online.simulation:has_computed_enough:352 - INFO - runtime_hours*0.99 = 0.495 vs delta_time = 0.08313504550192091 (length 6.0 ns) False False
2025-04-08 21:24:38,220 - [MainProcess:164098] mummi_ras.online.simulation:has_computed_enough:352 - INFO - runtime_hours*0.99 = 0.495 vs delta_time = 0.08369226045078701 (length 6.0 ns) False False
2025-04-08 21:24:40,226 - [MainProcess:164098] mummi_ras.online.simulation:has_computed_enough:352 - INFO - runtime_hours*0.99 = 0.495 vs delta_time = 0.08424951725535923 (length 6.0 ns) False False
2025-04-08 21:24:42,232 - [MainProcess:164098] mummi_ras.online.simulation:has_computed_enough:352 - INFO - runtime_hours*0.99 = 0.495 vs delta_time = 0.0848067910141415 (length 6.0 ns) False False
2025-04-08 21:24:44,238 - [MainProcess:164098] mummi_ras.online.simulation:has_computed_enough:352 - INFO - runtime_hours*0.99 = 0.495 vs delta_time = 0.08536406702465481 (length 6.0 ns) False False
2025-04-08 21:24:46,245 - [MainProcess:164098] mummi_ras.online.simulation:has_computed_enough:352 - INFO - runtime_hours*0.99 = 0.495 vs delta_time = 0.08592133667733934 (length 6.0 ns) False False
2025-04-08 21:24:48,251 - [MainProcess:164098] mummi_ras.online.simulation:has_computed_enough:352 - INFO - runtime_hours*0.99 = 0.495 vs delta_time = 0.08647862255573273 (length 6.0 ns) False False
2025-04-08 21:24:50,257 - [MainProcess:164098] mummi_ras.online.simulation:has_computed_enough:352 - INFO - runtime_hours*0.99 = 0.495 vs delta_time = 0.08703597850269741 (length 6.0 ns) False False
2025-04-08 21:24:52,263 - [MainProcess:164098] mummi_ras.online.simulation:has_computed_enough:352 - INFO - runtime_hours*0.99 = 0.495 vs delta_time = 0.08759322252538469 (length 6.0 ns) False False
2025-04-08 21:24:54,270 - [MainProcess:164098] mummi_ras.online.simulation:has_computed_enough:352 - INFO - runtime_hours*0.99 = 0.495 vs delta_time = 0.08815048979388343 (length 6.0 ns) False False
2025-04-08 21:24:56,276 - [MainProcess:164098] mummi_ras.online.simulation:has_computed_enough:352 - INFO - runtime_hours*0.99 = 0.495 vs delta_time = 0.08870775143305461 (length 6.0 ns) False False
2025-04-08 21:24:56,326 - [MainProcess:164098] mummi_ras.online.simulation:get_new_frames:399 - INFO - Getting all frame numbers in trajectory from 13 to 13.
2025-04-08 21:24:56,326 - [MainProcess:164098] mummi_ras.online.cg.cganalysis:run_main_analysis:193 - INFO - Process frame 13
2025-04-08 21:24:56,327 - [MainProcess:164098] mummi_ras.online.cg.cganalysis:processFrame:554 - INFO - Load 14 frames: current frame ID /tmp/mummi/cg/structure_iter00_000000000010-20250408_211916/traj_comp.xtc
2025-04-08 21:24:56,337 - [MainProcess:164098] mummi_ras.online.cg.cganalysis:processFrame:580 - INFO - Frame:    13, Time: 6500.000 ps, Bbox = [0, 180.94809, 0, 180.94809]
2025-04-08 21:24:56,338 - [MainProcess:164098] mummi_ras.online.cg.cganalysis:processFrame:584 - INFO - Lengths of layers: 662 26 495
2025-04-08 21:24:56,439 - [MainProcess:164098] mummi_ras.online.cg.cganalysis:processFrame:765 - INFO - Time for analysis - frameNum 13, time 0.1122429370880127 s
2025-04-08 21:24:58,439 - [MainProcess:164098] mummi_ras.online.simulation:has_computed_enough:352 - INFO - runtime_hours*0.99 = 0.495 vs delta_time = 0.08930869811111027 (length 6.5 ns) False False
2025-04-08 21:25:00,445 - [MainProcess:164098] mummi_ras.online.simulation:has_computed_enough:352 - INFO - runtime_hours*0.99 = 0.495 vs delta_time = 0.0898659430609809 (length 6.5 ns) False False
2025-04-08 21:25:02,451 - [MainProcess:164098] mummi_ras.online.simulation:has_computed_enough:352 - INFO - runtime_hours*0.99 = 0.495 vs delta_time = 0.09042322754859924 (length 6.5 ns) False False
2025-04-08 21:25:04,458 - [MainProcess:164098] mummi_ras.online.simulation:has_computed_enough:352 - INFO - runtime_hours*0.99 = 0.495 vs delta_time = 0.0909804876645406 (length 6.5 ns) False False
2025-04-08 21:25:06,464 - [MainProcess:164098] mummi_ras.online.simulation:has_computed_enough:352 - INFO - runtime_hours*0.99 = 0.495 vs delta_time = 0.09153775566154056 (length 6.5 ns) False False
2025-04-08 21:25:08,470 - [MainProcess:164098] mummi_ras.online.simulation:has_computed_enough:352 - INFO - runtime_hours*0.99 = 0.495 vs delta_time = 0.09209503134091696 (length 6.5 ns) False False
2025-04-08 21:25:10,476 - [MainProcess:164098] mummi_ras.online.simulation:has_computed_enough:352 - INFO - runtime_hours*0.99 = 0.495 vs delta_time = 0.09265230496724447 (length 6.5 ns) False False
2025-04-08 21:25:12,482 - [MainProcess:164098] mummi_ras.online.simulation:has_computed_enough:352 - INFO - runtime_hours*0.99 = 0.495 vs delta_time = 0.0932095358106825 (length 6.5 ns) False False
2025-04-08 21:25:14,488 - [MainProcess:164098] mummi_ras.online.simulation:has_computed_enough:352 - INFO - runtime_hours*0.99 = 0.495 vs delta_time = 0.09376682334476047 (length 6.5 ns) False False
2025-04-08 21:25:16,495 - [MainProcess:164098] mummi_ras.online.simulation:has_computed_enough:352 - INFO - runtime_hours*0.99 = 0.495 vs delta_time = 0.09432408915625679 (length 6.5 ns) False False
2025-04-08 21:25:18,501 - [MainProcess:164098] mummi_ras.online.simulation:has_computed_enough:352 - INFO - runtime_hours*0.99 = 0.495 vs delta_time = 0.09488136854436663 (length 6.5 ns) False False
2025-04-08 21:25:20,507 - [MainProcess:164098] mummi_ras.online.simulation:has_computed_enough:352 - INFO - runtime_hours*0.99 = 0.495 vs delta_time = 0.09543869170877668 (length 6.5 ns) False False
2025-04-08 21:25:20,666 - [MainProcess:164098] mummi_ras.online.simulation:get_new_frames:399 - INFO - Getting all frame numbers in trajectory from 14 to 14.
2025-04-08 21:25:20,666 - [MainProcess:164098] mummi_ras.online.cg.cganalysis:run_main_analysis:193 - INFO - Process frame 14
2025-04-08 21:25:20,666 - [MainProcess:164098] mummi_ras.online.cg.cganalysis:processFrame:554 - INFO - Load 15 frames: current frame ID /tmp/mummi/cg/structure_iter00_000000000010-20250408_211916/traj_comp.xtc
2025-04-08 21:25:20,677 - [MainProcess:164098] mummi_ras.online.cg.cganalysis:processFrame:580 - INFO - Frame:    14, Time: 7000.000 ps, Bbox = [0, 180.91562, 0, 180.91562]
2025-04-08 21:25:20,677 - [MainProcess:164098] mummi_ras.online.cg.cganalysis:processFrame:584 - INFO - Lengths of layers: 660 28 495
2025-04-08 21:25:20,777 - [MainProcess:164098] mummi_ras.online.cg.cganalysis:processFrame:765 - INFO - Time for analysis - frameNum 14, time 0.11108899116516113 s
2025-04-08 21:25:22,778 - [MainProcess:164098] mummi_ras.online.simulation:has_computed_enough:352 - INFO - runtime_hours*0.99 = 0.495 vs delta_time = 0.09606942296028137 (length 7.0 ns) False False
2025-04-08 21:25:24,784 - [MainProcess:164098] mummi_ras.online.simulation:has_computed_enough:352 - INFO - runtime_hours*0.99 = 0.495 vs delta_time = 0.09662667512893677 (length 7.0 ns) False False
2025-04-08 21:25:26,790 - [MainProcess:164098] mummi_ras.online.simulation:has_computed_enough:352 - INFO - runtime_hours*0.99 = 0.495 vs delta_time = 0.09718393974834018 (length 7.0 ns) False False
2025-04-08 21:25:28,796 - [MainProcess:164098] mummi_ras.online.simulation:has_computed_enough:352 - INFO - runtime_hours*0.99 = 0.495 vs delta_time = 0.09774119675159454 (length 7.0 ns) False False
2025-04-08 21:25:30,802 - [MainProcess:164098] mummi_ras.online.simulation:has_computed_enough:352 - INFO - runtime_hours*0.99 = 0.495 vs delta_time = 0.09829849263032277 (length 7.0 ns) False False
2025-04-08 21:25:32,809 - [MainProcess:164098] mummi_ras.online.simulation:has_computed_enough:352 - INFO - runtime_hours*0.99 = 0.495 vs delta_time = 0.09885577181975047 (length 7.0 ns) False False
2025-04-08 21:25:34,815 - [MainProcess:164098] mummi_ras.online.simulation:has_computed_enough:352 - INFO - runtime_hours*0.99 = 0.495 vs delta_time = 0.09941302928659651 (length 7.0 ns) False False
2025-04-08 21:25:36,821 - [MainProcess:164098] mummi_ras.online.simulation:has_computed_enough:352 - INFO - runtime_hours*0.99 = 0.495 vs delta_time = 0.09997030152214897 (length 7.0 ns) False False
2025-04-08 21:25:38,827 - [MainProcess:164098] mummi_ras.online.simulation:has_computed_enough:352 - INFO - runtime_hours*0.99 = 0.495 vs delta_time = 0.1005275692542394 (length 7.0 ns) False False
2025-04-08 21:25:40,833 - [MainProcess:164098] mummi_ras.online.simulation:has_computed_enough:352 - INFO - runtime_hours*0.99 = 0.495 vs delta_time = 0.10108483427100712 (length 7.0 ns) False False
2025-04-08 21:25:42,839 - [MainProcess:164098] mummi_ras.online.simulation:has_computed_enough:352 - INFO - runtime_hours*0.99 = 0.495 vs delta_time = 0.10164207564459907 (length 7.0 ns) False False
2025-04-08 21:25:44,845 - [MainProcess:164098] mummi_ras.online.simulation:has_computed_enough:352 - INFO - runtime_hours*0.99 = 0.495 vs delta_time = 0.10219932138919831 (length 7.0 ns) False False
2025-04-08 21:25:44,951 - [MainProcess:164098] mummi_ras.online.simulation:get_new_frames:399 - INFO - Getting all frame numbers in trajectory from 15 to 15.
2025-04-08 21:25:44,951 - [MainProcess:164098] mummi_ras.online.cg.cganalysis:run_main_analysis:193 - INFO - Process frame 15
2025-04-08 21:25:44,951 - [MainProcess:164098] mummi_ras.online.cg.cganalysis:processFrame:554 - INFO - Load 16 frames: current frame ID /tmp/mummi/cg/structure_iter00_000000000010-20250408_211916/traj_comp.xtc
2025-04-08 21:25:44,962 - [MainProcess:164098] mummi_ras.online.cg.cganalysis:processFrame:580 - INFO - Frame:    15, Time: 7500.000 ps, Bbox = [0, 180.98082, 0, 180.98082]
2025-04-08 21:25:44,962 - [MainProcess:164098] mummi_ras.online.cg.cganalysis:processFrame:584 - INFO - Lengths of layers: 662 26 495
2025-04-08 21:25:45,061 - [MainProcess:164098] mummi_ras.online.cg.cganalysis:processFrame:765 - INFO - Time for analysis - frameNum 15, time 0.11002540588378906 s
2025-04-08 21:25:47,062 - [MainProcess:164098] mummi_ras.online.simulation:has_computed_enough:352 - INFO - runtime_hours*0.99 = 0.495 vs delta_time = 0.10281494306193457 (length 7.5 ns) False False
2025-04-08 21:25:49,068 - [MainProcess:164098] mummi_ras.online.simulation:has_computed_enough:352 - INFO - runtime_hours*0.99 = 0.495 vs delta_time = 0.10337227688895331 (length 7.5 ns) False False
2025-04-08 21:25:51,074 - [MainProcess:164098] mummi_ras.online.simulation:has_computed_enough:352 - INFO - runtime_hours*0.99 = 0.495 vs delta_time = 0.10392958343029023 (length 7.5 ns) False False
2025-04-08 21:25:53,080 - [MainProcess:164098] mummi_ras.online.simulation:has_computed_enough:352 - INFO - runtime_hours*0.99 = 0.495 vs delta_time = 0.10448678765032027 (length 7.5 ns) False False
2025-04-08 21:25:55,086 - [MainProcess:164098] mummi_ras.online.simulation:has_computed_enough:352 - INFO - runtime_hours*0.99 = 0.495 vs delta_time = 0.10504405816396077 (length 7.5 ns) False False
2025-04-08 21:25:57,093 - [MainProcess:164098] mummi_ras.online.simulation:has_computed_enough:352 - INFO - runtime_hours*0.99 = 0.495 vs delta_time = 0.10560132655832502 (length 7.5 ns) False False
2025-04-08 21:25:59,099 - [MainProcess:164098] mummi_ras.online.simulation:has_computed_enough:352 - INFO - runtime_hours*0.99 = 0.495 vs delta_time = 0.1061586093240314 (length 7.5 ns) False False
2025-04-08 21:26:01,105 - [MainProcess:164098] mummi_ras.online.simulation:has_computed_enough:352 - INFO - runtime_hours*0.99 = 0.495 vs delta_time = 0.10671588122844695 (length 7.5 ns) False False
2025-04-08 21:26:03,111 - [MainProcess:164098] mummi_ras.online.simulation:has_computed_enough:352 - INFO - runtime_hours*0.99 = 0.495 vs delta_time = 0.10727313982115852 (length 7.5 ns) False False
2025-04-08 21:26:05,117 - [MainProcess:164098] mummi_ras.online.simulation:has_computed_enough:352 - INFO - runtime_hours*0.99 = 0.495 vs delta_time = 0.10783039662573073 (length 7.5 ns) False False
2025-04-08 21:26:07,123 - [MainProcess:164098] mummi_ras.online.simulation:has_computed_enough:352 - INFO - runtime_hours*0.99 = 0.495 vs delta_time = 0.10838765958944957 (length 7.5 ns) False False
2025-04-08 21:26:09,130 - [MainProcess:164098] mummi_ras.online.simulation:has_computed_enough:352 - INFO - runtime_hours*0.99 = 0.495 vs delta_time = 0.10894494162665473 (length 7.5 ns) False False
2025-04-08 21:26:09,180 - [MainProcess:164098] mummi_ras.online.simulation:get_new_frames:399 - INFO - Getting all frame numbers in trajectory from 16 to 16.
2025-04-08 21:26:09,180 - [MainProcess:164098] mummi_ras.online.cg.cganalysis:run_main_analysis:193 - INFO - Process frame 16
2025-04-08 21:26:09,180 - [MainProcess:164098] mummi_ras.online.cg.cganalysis:processFrame:554 - INFO - Load 17 frames: current frame ID /tmp/mummi/cg/structure_iter00_000000000010-20250408_211916/traj_comp.xtc
2025-04-08 21:26:09,191 - [MainProcess:164098] mummi_ras.online.cg.cganalysis:processFrame:580 - INFO - Frame:    16, Time: 8000.000 ps, Bbox = [0, 180.31761, 0, 180.31761]
2025-04-08 21:26:09,191 - [MainProcess:164098] mummi_ras.online.cg.cganalysis:processFrame:584 - INFO - Lengths of layers: 658 35 490
2025-04-08 21:26:09,291 - [MainProcess:164098] mummi_ras.online.cg.cganalysis:processFrame:765 - INFO - Time for analysis - frameNum 16, time 0.11066246032714844 s
2025-04-08 21:26:11,292 - [MainProcess:164098] mummi_ras.online.simulation:has_computed_enough:352 - INFO - runtime_hours*0.99 = 0.495 vs delta_time = 0.10954550113942887 (length 8.0 ns) False False
2025-04-08 21:26:13,298 - [MainProcess:164098] mummi_ras.online.simulation:has_computed_enough:352 - INFO - runtime_hours*0.99 = 0.495 vs delta_time = 0.11010284231768715 (length 8.0 ns) False False
2025-04-08 21:26:15,304 - [MainProcess:164098] mummi_ras.online.simulation:has_computed_enough:352 - INFO - runtime_hours*0.99 = 0.495 vs delta_time = 0.11066002620591057 (length 8.0 ns) False False
2025-04-08 21:26:17,310 - [MainProcess:164098] mummi_ras.online.simulation:has_computed_enough:352 - INFO - runtime_hours*0.99 = 0.495 vs delta_time = 0.11121730287869772 (length 8.0 ns) False False
2025-04-08 21:26:19,316 - [MainProcess:164098] mummi_ras.online.simulation:has_computed_enough:352 - INFO - runtime_hours*0.99 = 0.495 vs delta_time = 0.11177458080980512 (length 8.0 ns) False False
2025-04-08 21:26:21,323 - [MainProcess:164098] mummi_ras.online.simulation:has_computed_enough:352 - INFO - runtime_hours*0.99 = 0.495 vs delta_time = 0.11233192106088002 (length 8.0 ns) False False
2025-04-08 21:26:23,329 - [MainProcess:164098] mummi_ras.online.simulation:has_computed_enough:352 - INFO - runtime_hours*0.99 = 0.495 vs delta_time = 0.11288919448852539 (length 8.0 ns) False False
2025-04-08 21:26:25,335 - [MainProcess:164098] mummi_ras.online.simulation:has_computed_enough:352 - INFO - runtime_hours*0.99 = 0.495 vs delta_time = 0.11344646990299224 (length 8.0 ns) False False
2025-04-08 21:26:27,341 - [MainProcess:164098] mummi_ras.online.simulation:has_computed_enough:352 - INFO - runtime_hours*0.99 = 0.495 vs delta_time = 0.11400376624531217 (length 8.0 ns) False False
2025-04-08 21:26:29,347 - [MainProcess:164098] mummi_ras.online.simulation:has_computed_enough:352 - INFO - runtime_hours*0.99 = 0.495 vs delta_time = 0.1145610217253367 (length 8.0 ns) False False
2025-04-08 21:26:31,354 - [MainProcess:164098] mummi_ras.online.simulation:has_computed_enough:352 - INFO - runtime_hours*0.99 = 0.495 vs delta_time = 0.11511829078197479 (length 8.0 ns) False False
2025-04-08 21:26:33,360 - [MainProcess:164098] mummi_ras.online.simulation:has_computed_enough:352 - INFO - runtime_hours*0.99 = 0.495 vs delta_time = 0.11567556957403818 (length 8.0 ns) False False
2025-04-08 21:26:35,366 - [MainProcess:164098] mummi_ras.online.simulation:has_computed_enough:352 - INFO - runtime_hours*0.99 = 0.495 vs delta_time = 0.11623284353150262 (length 8.0 ns) False False
2025-04-08 21:26:35,521 - [MainProcess:164098] mummi_ras.online.simulation:get_new_frames:399 - INFO - Getting all frame numbers in trajectory from 17 to 17.
2025-04-08 21:26:35,522 - [MainProcess:164098] mummi_ras.online.cg.cganalysis:run_main_analysis:193 - INFO - Process frame 17
2025-04-08 21:26:35,522 - [MainProcess:164098] mummi_ras.online.cg.cganalysis:processFrame:554 - INFO - Load 18 frames: current frame ID /tmp/mummi/cg/structure_iter00_000000000010-20250408_211916/traj_comp.xtc
2025-04-08 21:26:35,533 - [MainProcess:164098] mummi_ras.online.cg.cganalysis:processFrame:580 - INFO - Frame:    17, Time: 8500.000 ps, Bbox = [0, 180.46593, 0, 180.46593]
2025-04-08 21:26:35,533 - [MainProcess:164098] mummi_ras.online.cg.cganalysis:processFrame:584 - INFO - Lengths of layers: 656 38 489
2025-04-08 21:26:35,633 - [MainProcess:164098] mummi_ras.online.cg.cganalysis:processFrame:765 - INFO - Time for analysis - frameNum 17, time 0.11079692840576172 s
2025-04-08 21:26:37,633 - [MainProcess:164098] mummi_ras.online.simulation:has_computed_enough:352 - INFO - runtime_hours*0.99 = 0.495 vs delta_time = 0.11686257508065966 (length 8.5 ns) False False
2025-04-08 21:26:39,639 - [MainProcess:164098] mummi_ras.online.simulation:has_computed_enough:352 - INFO - runtime_hours*0.99 = 0.495 vs delta_time = 0.11741985473367902 (length 8.5 ns) False False
2025-04-08 21:26:41,646 - [MainProcess:164098] mummi_ras.online.simulation:has_computed_enough:352 - INFO - runtime_hours*0.99 = 0.495 vs delta_time = 0.11797716273201836 (length 8.5 ns) False False
2025-04-08 21:26:43,652 - [MainProcess:164098] mummi_ras.online.simulation:has_computed_enough:352 - INFO - runtime_hours*0.99 = 0.495 vs delta_time = 0.11853443284829458 (length 8.5 ns) False False
2025-04-08 21:26:45,658 - [MainProcess:164098] mummi_ras.online.simulation:has_computed_enough:352 - INFO - runtime_hours*0.99 = 0.495 vs delta_time = 0.11909170190493266 (length 8.5 ns) False False
2025-04-08 21:26:47,664 - [MainProcess:164098] mummi_ras.online.simulation:has_computed_enough:352 - INFO - runtime_hours*0.99 = 0.495 vs delta_time = 0.1196489663918813 (length 8.5 ns) False False
2025-04-08 21:26:49,670 - [MainProcess:164098] mummi_ras.online.simulation:has_computed_enough:352 - INFO - runtime_hours*0.99 = 0.495 vs delta_time = 0.12020624743567573 (length 8.5 ns) False False
2025-04-08 21:26:51,676 - [MainProcess:164098] mummi_ras.online.simulation:has_computed_enough:352 - INFO - runtime_hours*0.99 = 0.495 vs delta_time = 0.12076352331373427 (length 8.5 ns) False False
2025-04-08 21:26:53,683 - [MainProcess:164098] mummi_ras.online.simulation:has_computed_enough:352 - INFO - runtime_hours*0.99 = 0.495 vs delta_time = 0.12132079521814983 (length 8.5 ns) False False
2025-04-08 21:26:55,689 - [MainProcess:164098] mummi_ras.online.simulation:has_computed_enough:352 - INFO - runtime_hours*0.99 = 0.495 vs delta_time = 0.1218780517578125 (length 8.5 ns) False False
2025-04-08 21:26:57,695 - [MainProcess:164098] mummi_ras.online.simulation:has_computed_enough:352 - INFO - runtime_hours*0.99 = 0.495 vs delta_time = 0.12243527683946821 (length 8.5 ns) False False
2025-04-08 21:26:59,701 - [MainProcess:164098] mummi_ras.online.simulation:has_computed_enough:352 - INFO - runtime_hours*0.99 = 0.495 vs delta_time = 0.1229925247695711 (length 8.5 ns) False False
2025-04-08 21:26:59,788 - [MainProcess:164098] mummi_ras.online.simulation:get_new_frames:399 - INFO - Getting all frame numbers in trajectory from 18 to 18.
2025-04-08 21:26:59,788 - [MainProcess:164098] mummi_ras.online.cg.cganalysis:run_main_analysis:193 - INFO - Process frame 18
2025-04-08 21:26:59,788 - [MainProcess:164098] mummi_ras.online.cg.cganalysis:processFrame:554 - INFO - Load 19 frames: current frame ID /tmp/mummi/cg/structure_iter00_000000000010-20250408_211916/traj_comp.xtc
2025-04-08 21:26:59,799 - [MainProcess:164098] mummi_ras.online.cg.cganalysis:processFrame:580 - INFO - Frame:    18, Time: 9000.000 ps, Bbox = [0, 181.08023, 0, 181.08023]
2025-04-08 21:26:59,799 - [MainProcess:164098] mummi_ras.online.cg.cganalysis:processFrame:584 - INFO - Lengths of layers: 655 36 492
2025-04-08 21:26:59,900 - [MainProcess:164098] mummi_ras.online.cg.cganalysis:processFrame:765 - INFO - Time for analysis - frameNum 18, time 0.11106181144714355 s
2025-04-08 21:27:01,900 - [MainProcess:164098] mummi_ras.online.simulation:has_computed_enough:352 - INFO - runtime_hours*0.99 = 0.495 vs delta_time = 0.12360343641704984 (length 9.0 ns) False False
2025-04-08 21:27:03,907 - [MainProcess:164098] mummi_ras.online.simulation:has_computed_enough:352 - INFO - runtime_hours*0.99 = 0.495 vs delta_time = 0.12416076925065782 (length 9.0 ns) False False
2025-04-08 21:27:05,913 - [MainProcess:164098] mummi_ras.online.simulation:has_computed_enough:352 - INFO - runtime_hours*0.99 = 0.495 vs delta_time = 0.12471803698274825 (length 9.0 ns) False False
2025-04-08 21:27:07,919 - [MainProcess:164098] mummi_ras.online.simulation:has_computed_enough:352 - INFO - runtime_hours*0.99 = 0.495 vs delta_time = 0.12527531259589725 (length 9.0 ns) False False
2025-04-08 21:27:09,925 - [MainProcess:164098] mummi_ras.online.simulation:has_computed_enough:352 - INFO - runtime_hours*0.99 = 0.495 vs delta_time = 0.12583253575695885 (length 9.0 ns) False False
2025-04-08 21:27:11,931 - [MainProcess:164098] mummi_ras.online.simulation:has_computed_enough:352 - INFO - runtime_hours*0.99 = 0.495 vs delta_time = 0.1263898096481959 (length 9.0 ns) False False
2025-04-08 21:27:13,937 - [MainProcess:164098] mummi_ras.online.simulation:has_computed_enough:352 - INFO - runtime_hours*0.99 = 0.495 vs delta_time = 0.12694708016183642 (length 9.0 ns) False False
2025-04-08 21:27:15,943 - [MainProcess:164098] mummi_ras.online.simulation:has_computed_enough:352 - INFO - runtime_hours*0.99 = 0.495 vs delta_time = 0.12750433882077536 (length 9.0 ns) False False
2025-04-08 21:27:17,950 - [MainProcess:164098] mummi_ras.online.simulation:has_computed_enough:352 - INFO - runtime_hours*0.99 = 0.495 vs delta_time = 0.12806160536077288 (length 9.0 ns) False False
2025-04-08 21:27:19,956 - [MainProcess:164098] mummi_ras.online.simulation:has_computed_enough:352 - INFO - runtime_hours*0.99 = 0.495 vs delta_time = 0.1286189248164495 (length 9.0 ns) False False
2025-04-08 21:27:21,962 - [MainProcess:164098] mummi_ras.online.simulation:has_computed_enough:352 - INFO - runtime_hours*0.99 = 0.495 vs delta_time = 0.12917619711822934 (length 9.0 ns) False False
2025-04-08 21:27:23,968 - [MainProcess:164098] mummi_ras.online.simulation:has_computed_enough:352 - INFO - runtime_hours*0.99 = 0.495 vs delta_time = 0.12973347279760572 (length 9.0 ns) False False
2025-04-08 21:27:24,019 - [MainProcess:164098] mummi_ras.online.simulation:get_new_frames:399 - INFO - Getting all frame numbers in trajectory from 19 to 19.
2025-04-08 21:27:24,019 - [MainProcess:164098] mummi_ras.online.cg.cganalysis:run_main_analysis:193 - INFO - Process frame 19
2025-04-08 21:27:24,019 - [MainProcess:164098] mummi_ras.online.cg.cganalysis:processFrame:554 - INFO - Load 20 frames: current frame ID /tmp/mummi/cg/structure_iter00_000000000010-20250408_211916/traj_comp.xtc
2025-04-08 21:27:24,030 - [MainProcess:164098] mummi_ras.online.cg.cganalysis:processFrame:580 - INFO - Frame:    19, Time: 9500.000 ps, Bbox = [0, 180.54338, 0, 180.54338]
2025-04-08 21:27:24,030 - [MainProcess:164098] mummi_ras.online.cg.cganalysis:processFrame:584 - INFO - Lengths of layers: 650 45 488
2025-04-08 21:27:24,131 - [MainProcess:164098] mummi_ras.online.cg.cganalysis:processFrame:765 - INFO - Time for analysis - frameNum 19, time 0.11150860786437988 s
2025-04-08 21:27:26,131 - [MainProcess:164098] mummi_ras.online.simulation:has_computed_enough:352 - INFO - runtime_hours*0.99 = 0.495 vs delta_time = 0.1303342901998096 (length 9.5 ns) False False
2025-04-08 21:27:26,138 - [MainProcess:164098] mummi_ras.online.cg.cganalysis:processOutput:92 - INFO - Add feedback for frameNum 10 - state []
2025-04-08 21:27:26,138 - [MainProcess:164098] mummi_ras.online.cg.cganalysis:processOutput:92 - INFO - Add feedback for frameNum 11 - state []
2025-04-08 21:27:26,138 - [MainProcess:164098] mummi_ras.online.cg.cganalysis:processOutput:92 - INFO - Add feedback for frameNum 12 - state []
2025-04-08 21:27:26,138 - [MainProcess:164098] mummi_ras.online.cg.cganalysis:processOutput:92 - INFO - Add feedback for frameNum 13 - state []
2025-04-08 21:27:26,138 - [MainProcess:164098] mummi_ras.online.cg.cganalysis:processOutput:92 - INFO - Add feedback for frameNum 14 - state []
2025-04-08 21:27:26,138 - [MainProcess:164098] mummi_ras.online.cg.cganalysis:processOutput:92 - INFO - Add feedback for frameNum 15 - state []
2025-04-08 21:27:26,138 - [MainProcess:164098] mummi_ras.online.cg.cganalysis:processOutput:92 - INFO - Add feedback for frameNum 16 - state []
2025-04-08 21:27:26,139 - [MainProcess:164098] mummi_ras.online.cg.cganalysis:processOutput:92 - INFO - Add feedback for frameNum 17 - state []
2025-04-08 21:27:26,139 - [MainProcess:164098] mummi_ras.online.cg.cganalysis:processOutput:92 - INFO - Add feedback for frameNum 18 - state []
2025-04-08 21:27:26,139 - [MainProcess:164098] mummi_ras.online.cg.cganalysis:processOutput:92 - INFO - Add feedback for frameNum 19 - state []
2025-04-08 21:27:26,153 - [MainProcess:164098] mummi_core.interfaces.simple:_save_files:91 - INFO - Wrote 10 files to (/p/gpfs1/pottier1/minimummi-sc25/roots/root3/feedback-cg2ml/010)
2025-04-08 21:27:26,154 - [MainProcess:164098] mummi_ras.feedback.feedback_manager_cg2ml:report:118 - INFO - Added 10 frames (from structure_iter00_000000000010) to feedback (/p/gpfs1/pottier1/minimummi-sc25/roots/root3/feedback-cg2ml)
2025-04-08 21:27:26,154 - [MainProcess:164098] mummi_ras.online.cg.cganalysis:processOutput:112 - INFO - processOutput: 19
2025-04-08 21:27:26,154 - [MainProcess:164098] mummi_ras.online.cg.cganalysis:copyRemoteRestart:452 - INFO - Copy to remote frames [10, 11, 12, 13, 14, 15, 16, 17, 18, 19]
sending incremental file list
rsync: link_stat "/tmp/mummi/cg/structure_iter00_000000000010-20250408_211916/state.cpt" failed: No such file or directory (2)
ener.edr
md.log
mdrun.log
traj_comp.xtc

sent 4,381,819 bytes  received 92 bytes  8,763,822.00 bytes/sec
total size is 6,088,778  speedup is 1.39
rsync error: some files/attrs were not transferred (see previous errors) (code 23) at main.c(1179) [sender=3.1.2]
2025-04-08 21:27:26,277 - [MainProcess:164098] mummi_core.utils.utilities:sys_call:184 - INFO - Run command: rsync -va --no-g traj_comp.xtc topol.tpr state.cpt ener.edr md.log mdrun.log /p/gpfs1/pottier1/minimummi-sc25/roots/root3/sims-cg/structure_iter00_000000000010 || true
2025-04-08 21:27:26,686 - [MainProcess:164098] mummi_ras.interfaces.mummi:save_analysis_data:253 - INFO - Saved all analysis data for frames [10, 11, 12, 13, 14, 15, 16, 17, 18, 19]
2025-04-08 21:27:26,686 - [MainProcess:164098] mummi_ras.online.cg.cganalysis:copyRemoteLogs:350 - INFO - Copy over log files
2025-04-08 21:27:26,710 - [MainProcess:164098] mummi_core.utils.utilities:sys_call:184 - INFO - Run command: cp -r  /tmp/mummi/cg/structure_iter00_000000000010-20250408_211916/cg_analysis.out /tmp/mummi/cg/structure_iter00_000000000010-20250408_211916/traj_comp.xtc /tmp/mummi/cg/structure_iter00_000000000010-20250408_211916/*.log /p/gpfs1/pottier1/minimummi-sc25/roots/root3/sims-cg/structure_iter00_000000000010/ || true
2025-04-08 21:27:26,710 - [MainProcess:164098] mummi_ras.online.cg.cganalysis:copyRemoteLogs:365 - INFO - copyRemoteLogs =  /tmp/mummi/cg/structure_iter00_000000000010-20250408_211916/cg_analysis.out /tmp/mummi/cg/structure_iter00_000000000010-20250408_211916/traj_comp.xtc /tmp/mummi/cg/structure_iter00_000000000010-20250408_211916/*.log
2025-04-08 21:27:26,710 - [MainProcess:164098] mummi_ras.online.cg.cganalysis:cleanupLocal:375 - WARNING - Copy cleanup local only works for ddcMD files
2025-04-08 21:27:28,711 - [MainProcess:164098] mummi_ras.online.simulation:has_computed_enough:352 - INFO - runtime_hours*0.99 = 0.495 vs delta_time = 0.13105079332987468 (length 9.5 ns) False False
2025-04-08 21:27:30,715 - [MainProcess:164098] mummi_ras.online.simulation:has_computed_enough:352 - INFO - runtime_hours*0.99 = 0.495 vs delta_time = 0.13160746647251978 (length 9.5 ns) False False
2025-04-08 21:27:32,719 - [MainProcess:164098] mummi_ras.online.simulation:has_computed_enough:352 - INFO - runtime_hours*0.99 = 0.495 vs delta_time = 0.13216412458154891 (length 9.5 ns) False False
2025-04-08 21:27:34,723 - [MainProcess:164098] mummi_ras.online.simulation:has_computed_enough:352 - INFO - runtime_hours*0.99 = 0.495 vs delta_time = 0.13272077573670282 (length 9.5 ns) False False
2025-04-08 21:27:36,727 - [MainProcess:164098] mummi_ras.online.simulation:has_computed_enough:352 - INFO - runtime_hours*0.99 = 0.495 vs delta_time = 0.13327742530239953 (length 9.5 ns) False False
2025-04-08 21:27:38,730 - [MainProcess:164098] mummi_ras.online.simulation:has_computed_enough:352 - INFO - runtime_hours*0.99 = 0.495 vs delta_time = 0.1338340742058224 (length 9.5 ns) False False
2025-04-08 21:27:40,734 - [MainProcess:164098] mummi_ras.online.simulation:has_computed_enough:352 - INFO - runtime_hours*0.99 = 0.495 vs delta_time = 0.13439072496361204 (length 9.5 ns) False False
2025-04-08 21:27:42,738 - [MainProcess:164098] mummi_ras.online.simulation:has_computed_enough:352 - INFO - runtime_hours*0.99 = 0.495 vs delta_time = 0.13494736982716454 (length 9.5 ns) False False
2025-04-08 21:27:44,742 - [MainProcess:164098] mummi_ras.online.simulation:has_computed_enough:352 - INFO - runtime_hours*0.99 = 0.495 vs delta_time = 0.13550402137968276 (length 9.5 ns) False False
2025-04-08 21:27:46,746 - [MainProcess:164098] mummi_ras.online.simulation:has_computed_enough:352 - INFO - runtime_hours*0.99 = 0.495 vs delta_time = 0.13606066253450183 (length 9.5 ns) False False
2025-04-08 21:27:48,750 - [MainProcess:164098] mummi_ras.online.simulation:has_computed_enough:352 - INFO - runtime_hours*0.99 = 0.495 vs delta_time = 0.13661731627252366 (length 9.5 ns) False False
2025-04-08 21:27:48,872 - [MainProcess:164098] mummi_ras.online.simulation:get_new_frames:399 - INFO - Getting all frame numbers in trajectory from 20 to 20.
2025-04-08 21:27:48,872 - [MainProcess:164098] mummi_ras.online.cg.cganalysis:run_main_analysis:193 - INFO - Process frame 20
2025-04-08 21:27:48,872 - [MainProcess:164098] mummi_ras.online.cg.cganalysis:processFrame:554 - INFO - Load 21 frames: current frame ID /tmp/mummi/cg/structure_iter00_000000000010-20250408_211916/traj_comp.xtc
2025-04-08 21:27:48,879 - [MainProcess:164098] mummi_ras.online.cg.cganalysis:processFrame:580 - INFO - Frame:    20, Time: 10000.000 ps, Bbox = [0, 181.44458, 0, 181.44458]
2025-04-08 21:27:48,879 - [MainProcess:164098] mummi_ras.online.cg.cganalysis:processFrame:584 - INFO - Lengths of layers: 653 40 490
2025-04-08 21:27:48,942 - [MainProcess:164098] mummi_ras.online.cg.cganalysis:processFrame:765 - INFO - Time for analysis - frameNum 20, time 0.06964826583862305 s
2025-04-08 21:27:50,942 - [MainProcess:164098] mummi_ras.online.simulation:has_computed_enough:352 - INFO - runtime_hours*0.99 = 0.495 vs delta_time = 0.13722618281841278 (length 10.0 ns) False False
2025-04-08 21:27:52,946 - [MainProcess:164098] mummi_ras.online.simulation:has_computed_enough:352 - INFO - runtime_hours*0.99 = 0.495 vs delta_time = 0.13778283291392857 (length 10.0 ns) False False
2025-04-08 21:27:54,950 - [MainProcess:164098] mummi_ras.online.simulation:has_computed_enough:352 - INFO - runtime_hours*0.99 = 0.495 vs delta_time = 0.1383394392993715 (length 10.0 ns) False False
2025-04-08 21:27:56,954 - [MainProcess:164098] mummi_ras.online.simulation:has_computed_enough:352 - INFO - runtime_hours*0.99 = 0.495 vs delta_time = 0.1388960497909122 (length 10.0 ns) False False
2025-04-08 21:27:58,957 - [MainProcess:164098] mummi_ras.online.simulation:has_computed_enough:352 - INFO - runtime_hours*0.99 = 0.495 vs delta_time = 0.13945265200403 (length 10.0 ns) False False
2025-04-08 21:28:00,961 - [MainProcess:164098] mummi_ras.online.simulation:has_computed_enough:352 - INFO - runtime_hours*0.99 = 0.495 vs delta_time = 0.1400092598464754 (length 10.0 ns) False False
2025-04-08 21:28:02,965 - [MainProcess:164098] mummi_ras.online.simulation:has_computed_enough:352 - INFO - runtime_hours*0.99 = 0.495 vs delta_time = 0.14056585490703583 (length 10.0 ns) False False
2025-04-08 21:28:04,969 - [MainProcess:164098] mummi_ras.online.simulation:has_computed_enough:352 - INFO - runtime_hours*0.99 = 0.495 vs delta_time = 0.14112246361043718 (length 10.0 ns) False False
2025-04-08 21:28:06,972 - [MainProcess:164098] mummi_ras.online.simulation:has_computed_enough:352 - INFO - runtime_hours*0.99 = 0.495 vs delta_time = 0.14167906125386556 (length 10.0 ns) False False
2025-04-08 21:28:08,976 - [MainProcess:164098] mummi_ras.online.simulation:has_computed_enough:352 - INFO - runtime_hours*0.99 = 0.495 vs delta_time = 0.1422356653213501 (length 10.0 ns) False False
2025-04-08 21:28:10,980 - [MainProcess:164098] mummi_ras.online.simulation:has_computed_enough:352 - INFO - runtime_hours*0.99 = 0.495 vs delta_time = 0.1427922659450107 (length 10.0 ns) False False
2025-04-08 21:28:12,984 - [MainProcess:164098] mummi_ras.online.simulation:has_computed_enough:352 - INFO - runtime_hours*0.99 = 0.495 vs delta_time = 0.14334886689980825 (length 10.0 ns) False False
2025-04-08 21:28:13,050 - [MainProcess:164098] mummi_ras.online.simulation:get_new_frames:399 - INFO - Getting all frame numbers in trajectory from 21 to 21.
2025-04-08 21:28:13,050 - [MainProcess:164098] mummi_ras.online.cg.cganalysis:run_main_analysis:193 - INFO - Process frame 21
2025-04-08 21:28:13,051 - [MainProcess:164098] mummi_ras.online.cg.cganalysis:processFrame:554 - INFO - Load 22 frames: current frame ID /tmp/mummi/cg/structure_iter00_000000000010-20250408_211916/traj_comp.xtc
2025-04-08 21:28:13,058 - [MainProcess:164098] mummi_ras.online.cg.cganalysis:processFrame:580 - INFO - Frame:    21, Time: 10500.000 ps, Bbox = [0, 181.16478, 0, 181.16478]
2025-04-08 21:28:13,058 - [MainProcess:164098] mummi_ras.online.cg.cganalysis:processFrame:584 - INFO - Lengths of layers: 660 34 489
2025-04-08 21:28:13,118 - [MainProcess:164098] mummi_ras.online.cg.cganalysis:processFrame:765 - INFO - Time for analysis - frameNum 21, time 0.06797075271606445 s
2025-04-08 21:28:15,119 - [MainProcess:164098] mummi_ras.online.simulation:has_computed_enough:352 - INFO - runtime_hours*0.99 = 0.495 vs delta_time = 0.14394199517038134 (length 10.5 ns) False False
2025-04-08 21:28:17,123 - [MainProcess:164098] mummi_ras.online.simulation:has_computed_enough:352 - INFO - runtime_hours*0.99 = 0.495 vs delta_time = 0.14449867718749576 (length 10.5 ns) False False
2025-04-08 21:28:19,127 - [MainProcess:164098] mummi_ras.online.simulation:has_computed_enough:352 - INFO - runtime_hours*0.99 = 0.495 vs delta_time = 0.14505532178613875 (length 10.5 ns) False False
2025-04-08 21:28:21,131 - [MainProcess:164098] mummi_ras.online.simulation:has_computed_enough:352 - INFO - runtime_hours*0.99 = 0.495 vs delta_time = 0.14561199294196234 (length 10.5 ns) False False
2025-04-08 21:28:23,135 - [MainProcess:164098] mummi_ras.online.simulation:has_computed_enough:352 - INFO - runtime_hours*0.99 = 0.495 vs delta_time = 0.14616862899727293 (length 10.5 ns) False False
2025-04-08 21:28:25,139 - [MainProcess:164098] mummi_ras.online.simulation:has_computed_enough:352 - INFO - runtime_hours*0.99 = 0.495 vs delta_time = 0.14672528048356373 (length 10.5 ns) False False
2025-04-08 21:28:27,143 - [MainProcess:164098] mummi_ras.online.simulation:has_computed_enough:352 - INFO - runtime_hours*0.99 = 0.495 vs delta_time = 0.14728191726737552 (length 10.5 ns) False False
2025-04-08 21:28:29,147 - [MainProcess:164098] mummi_ras.online.simulation:has_computed_enough:352 - INFO - runtime_hours*0.99 = 0.495 vs delta_time = 0.1478385634554757 (length 10.5 ns) False False
2025-04-08 21:28:31,150 - [MainProcess:164098] mummi_ras.online.simulation:has_computed_enough:352 - INFO - runtime_hours*0.99 = 0.495 vs delta_time = 0.14839519580205282 (length 10.5 ns) False False
2025-04-08 21:28:33,154 - [MainProcess:164098] mummi_ras.online.simulation:has_computed_enough:352 - INFO - runtime_hours*0.99 = 0.495 vs delta_time = 0.14895184894402821 (length 10.5 ns) False False
2025-04-08 21:28:35,158 - [MainProcess:164098] mummi_ras.online.simulation:has_computed_enough:352 - INFO - runtime_hours*0.99 = 0.495 vs delta_time = 0.14950848758220672 (length 10.5 ns) False False
2025-04-08 21:28:37,162 - [MainProcess:164098] mummi_ras.online.simulation:has_computed_enough:352 - INFO - runtime_hours*0.99 = 0.495 vs delta_time = 0.1500651346312629 (length 10.5 ns) False False
2025-04-08 21:28:37,195 - [MainProcess:164098] mummi_ras.online.simulation:get_new_frames:399 - INFO - Getting all frame numbers in trajectory from 22 to 22.
2025-04-08 21:28:37,195 - [MainProcess:164098] mummi_ras.online.cg.cganalysis:run_main_analysis:193 - INFO - Process frame 22
2025-04-08 21:28:37,195 - [MainProcess:164098] mummi_ras.online.cg.cganalysis:processFrame:554 - INFO - Load 23 frames: current frame ID /tmp/mummi/cg/structure_iter00_000000000010-20250408_211916/traj_comp.xtc
2025-04-08 21:28:37,202 - [MainProcess:164098] mummi_ras.online.cg.cganalysis:processFrame:580 - INFO - Frame:    22, Time: 11000.000 ps, Bbox = [0, 181.1036, 0, 181.1036]
2025-04-08 21:28:37,202 - [MainProcess:164098] mummi_ras.online.cg.cganalysis:processFrame:584 - INFO - Lengths of layers: 658 35 490
2025-04-08 21:28:37,263 - [MainProcess:164098] mummi_ras.online.cg.cganalysis:processFrame:765 - INFO - Time for analysis - frameNum 22, time 0.06797647476196289 s
2025-04-08 21:28:39,263 - [MainProcess:164098] mummi_ras.online.simulation:has_computed_enough:352 - INFO - runtime_hours*0.99 = 0.495 vs delta_time = 0.15064873509936863 (length 11.0 ns) False False
2025-04-08 21:28:41,267 - [MainProcess:164098] mummi_ras.online.simulation:has_computed_enough:352 - INFO - runtime_hours*0.99 = 0.495 vs delta_time = 0.15120539393689897 (length 11.0 ns) False False
2025-04-08 21:28:43,271 - [MainProcess:164098] mummi_ras.online.simulation:has_computed_enough:352 - INFO - runtime_hours*0.99 = 0.495 vs delta_time = 0.1517619921763738 (length 11.0 ns) False False
2025-04-08 21:28:45,275 - [MainProcess:164098] mummi_ras.online.simulation:has_computed_enough:352 - INFO - runtime_hours*0.99 = 0.495 vs delta_time = 0.15231859876049889 (length 11.0 ns) False False
2025-04-08 21:28:47,278 - [MainProcess:164098] mummi_ras.online.simulation:has_computed_enough:352 - INFO - runtime_hours*0.99 = 0.495 vs delta_time = 0.15287519713242848 (length 11.0 ns) False False
2025-04-08 21:28:49,282 - [MainProcess:164098] mummi_ras.online.simulation:has_computed_enough:352 - INFO - runtime_hours*0.99 = 0.495 vs delta_time = 0.1534318220615387 (length 11.0 ns) False False
2025-04-08 21:28:51,286 - [MainProcess:164098] mummi_ras.online.simulation:has_computed_enough:352 - INFO - runtime_hours*0.99 = 0.495 vs delta_time = 0.15398846050103507 (length 11.0 ns) False False
2025-04-08 21:28:53,290 - [MainProcess:164098] mummi_ras.online.simulation:has_computed_enough:352 - INFO - runtime_hours*0.99 = 0.495 vs delta_time = 0.1545450998014874 (length 11.0 ns) False False
2025-04-08 21:28:55,294 - [MainProcess:164098] mummi_ras.online.simulation:has_computed_enough:352 - INFO - runtime_hours*0.99 = 0.495 vs delta_time = 0.15510171128643885 (length 11.0 ns) False False
2025-04-08 21:28:57,298 - [MainProcess:164098] mummi_ras.online.simulation:has_computed_enough:352 - INFO - runtime_hours*0.99 = 0.495 vs delta_time = 0.15565832051965925 (length 11.0 ns) False False
2025-04-08 21:28:59,301 - [MainProcess:164098] mummi_ras.online.simulation:has_computed_enough:352 - INFO - runtime_hours*0.99 = 0.495 vs delta_time = 0.15621492147445679 (length 11.0 ns) False False
2025-04-08 21:29:01,305 - [MainProcess:164098] mummi_ras.online.simulation:has_computed_enough:352 - INFO - runtime_hours*0.99 = 0.495 vs delta_time = 0.15677153289318085 (length 11.0 ns) False False
2025-04-08 21:29:01,480 - [MainProcess:164098] mummi_ras.online.simulation:get_new_frames:399 - INFO - Getting all frame numbers in trajectory from 23 to 23.
2025-04-08 21:29:01,480 - [MainProcess:164098] mummi_ras.online.cg.cganalysis:run_main_analysis:193 - INFO - Process frame 23
2025-04-08 21:29:01,480 - [MainProcess:164098] mummi_ras.online.cg.cganalysis:processFrame:554 - INFO - Load 24 frames: current frame ID /tmp/mummi/cg/structure_iter00_000000000010-20250408_211916/traj_comp.xtc
2025-04-08 21:29:01,487 - [MainProcess:164098] mummi_ras.online.cg.cganalysis:processFrame:580 - INFO - Frame:    23, Time: 11500.000 ps, Bbox = [0, 180.1574, 0, 180.1574]
2025-04-08 21:29:01,487 - [MainProcess:164098] mummi_ras.online.cg.cganalysis:processFrame:584 - INFO - Lengths of layers: 657 37 489
2025-04-08 21:29:01,548 - [MainProcess:164098] mummi_ras.online.cg.cganalysis:processFrame:765 - INFO - Time for analysis - frameNum 23, time 0.06807541847229004 s
2025-04-08 21:29:03,549 - [MainProcess:164098] mummi_ras.online.simulation:has_computed_enough:352 - INFO - runtime_hours*0.99 = 0.495 vs delta_time = 0.15739475044939252 (length 11.5 ns) False False
2025-04-08 21:29:05,553 - [MainProcess:164098] mummi_ras.online.simulation:has_computed_enough:352 - INFO - runtime_hours*0.99 = 0.495 vs delta_time = 0.15795139259762234 (length 11.5 ns) False False
2025-04-08 21:29:07,557 - [MainProcess:164098] mummi_ras.online.simulation:has_computed_enough:352 - INFO - runtime_hours*0.99 = 0.495 vs delta_time = 0.15850799169805316 (length 11.5 ns) False False
2025-04-08 21:29:09,560 - [MainProcess:164098] mummi_ras.online.simulation:has_computed_enough:352 - INFO - runtime_hours*0.99 = 0.495 vs delta_time = 0.15906460331545935 (length 11.5 ns) False False
2025-04-08 21:29:11,564 - [MainProcess:164098] mummi_ras.online.simulation:has_computed_enough:352 - INFO - runtime_hours*0.99 = 0.495 vs delta_time = 0.1596212073167165 (length 11.5 ns) False False
2025-04-08 21:29:13,568 - [MainProcess:164098] mummi_ras.online.simulation:has_computed_enough:352 - INFO - runtime_hours*0.99 = 0.495 vs delta_time = 0.16017780926492478 (length 11.5 ns) False False
2025-04-08 21:29:15,572 - [MainProcess:164098] mummi_ras.online.simulation:has_computed_enough:352 - INFO - runtime_hours*0.99 = 0.495 vs delta_time = 0.16073440213998158 (length 11.5 ns) False False
2025-04-08 21:29:17,575 - [MainProcess:164098] mummi_ras.online.simulation:has_computed_enough:352 - INFO - runtime_hours*0.99 = 0.495 vs delta_time = 0.1612910223669476 (length 11.5 ns) False False
2025-04-08 21:29:19,579 - [MainProcess:164098] mummi_ras.online.simulation:has_computed_enough:352 - INFO - runtime_hours*0.99 = 0.495 vs delta_time = 0.1618476300769382 (length 11.5 ns) False False
2025-04-08 21:29:21,583 - [MainProcess:164098] mummi_ras.online.simulation:has_computed_enough:352 - INFO - runtime_hours*0.99 = 0.495 vs delta_time = 0.16240426613224876 (length 11.5 ns) False False
2025-04-08 21:29:23,587 - [MainProcess:164098] mummi_ras.online.simulation:has_computed_enough:352 - INFO - runtime_hours*0.99 = 0.495 vs delta_time = 0.1629608733786477 (length 11.5 ns) False False
2025-04-08 21:29:25,591 - [MainProcess:164098] mummi_ras.online.simulation:has_computed_enough:352 - INFO - runtime_hours*0.99 = 0.495 vs delta_time = 0.16351747916804418 (length 11.5 ns) False False
2025-04-08 21:29:25,629 - [MainProcess:164098] mummi_ras.online.simulation:get_new_frames:399 - INFO - Getting all frame numbers in trajectory from 24 to 24.
2025-04-08 21:29:25,629 - [MainProcess:164098] mummi_ras.online.cg.cganalysis:run_main_analysis:193 - INFO - Process frame 24
2025-04-08 21:29:25,630 - [MainProcess:164098] mummi_ras.online.cg.cganalysis:processFrame:554 - INFO - Load 25 frames: current frame ID /tmp/mummi/cg/structure_iter00_000000000010-20250408_211916/traj_comp.xtc
2025-04-08 21:29:25,636 - [MainProcess:164098] mummi_ras.online.cg.cganalysis:processFrame:580 - INFO - Frame:    24, Time: 12000.000 ps, Bbox = [0, 180.90025, 0, 180.90025]
2025-04-08 21:29:25,637 - [MainProcess:164098] mummi_ras.online.cg.cganalysis:processFrame:584 - INFO - Lengths of layers: 656 39 488
2025-04-08 21:29:25,697 - [MainProcess:164098] mummi_ras.online.cg.cganalysis:processFrame:765 - INFO - Time for analysis - frameNum 24, time 0.06776547431945801 s
2025-04-08 21:29:27,698 - [MainProcess:164098] mummi_ras.online.simulation:has_computed_enough:352 - INFO - runtime_hours*0.99 = 0.495 vs delta_time = 0.16410275909635755 (length 12.0 ns) False False
2025-04-08 21:29:29,702 - [MainProcess:164098] mummi_ras.online.simulation:has_computed_enough:352 - INFO - runtime_hours*0.99 = 0.495 vs delta_time = 0.1646593984630373 (length 12.0 ns) False False
2025-04-08 21:29:31,705 - [MainProcess:164098] mummi_ras.online.simulation:has_computed_enough:352 - INFO - runtime_hours*0.99 = 0.495 vs delta_time = 0.16521600279543136 (length 12.0 ns) False False
2025-04-08 21:29:33,709 - [MainProcess:164098] mummi_ras.online.simulation:has_computed_enough:352 - INFO - runtime_hours*0.99 = 0.495 vs delta_time = 0.1657726071940528 (length 12.0 ns) False False
2025-04-08 21:29:35,713 - [MainProcess:164098] mummi_ras.online.simulation:has_computed_enough:352 - INFO - runtime_hours*0.99 = 0.495 vs delta_time = 0.16632922059959834 (length 12.0 ns) False False
2025-04-08 21:29:37,717 - [MainProcess:164098] mummi_ras.online.simulation:has_computed_enough:352 - INFO - runtime_hours*0.99 = 0.495 vs delta_time = 0.16688582294517093 (length 12.0 ns) False False
2025-04-08 21:29:39,721 - [MainProcess:164098] mummi_ras.online.simulation:has_computed_enough:352 - INFO - runtime_hours*0.99 = 0.495 vs delta_time = 0.16744243191348182 (length 12.0 ns) False False
2025-04-08 21:29:41,724 - [MainProcess:164098] mummi_ras.online.simulation:has_computed_enough:352 - INFO - runtime_hours*0.99 = 0.495 vs delta_time = 0.16799903644455805 (length 12.0 ns) False False
2025-04-08 21:29:43,728 - [MainProcess:164098] mummi_ras.online.simulation:has_computed_enough:352 - INFO - runtime_hours*0.99 = 0.495 vs delta_time = 0.16855565951930152 (length 12.0 ns) False False
2025-04-08 21:29:45,732 - [MainProcess:164098] mummi_ras.online.simulation:has_computed_enough:352 - INFO - runtime_hours*0.99 = 0.495 vs delta_time = 0.169112266169654 (length 12.0 ns) False False
2025-04-08 21:29:47,736 - [MainProcess:164098] mummi_ras.online.simulation:has_computed_enough:352 - INFO - runtime_hours*0.99 = 0.495 vs delta_time = 0.16966886195871564 (length 12.0 ns) False False
2025-04-08 21:29:49,739 - [MainProcess:164098] mummi_ras.online.simulation:has_computed_enough:352 - INFO - runtime_hours*0.99 = 0.495 vs delta_time = 0.17022546476787992 (length 12.0 ns) False False
2025-04-08 21:29:49,772 - [MainProcess:164098] mummi_ras.online.simulation:get_new_frames:399 - INFO - Getting all frame numbers in trajectory from 25 to 25.
2025-04-08 21:29:49,772 - [MainProcess:164098] mummi_ras.online.cg.cganalysis:run_main_analysis:193 - INFO - Process frame 25
2025-04-08 21:29:49,772 - [MainProcess:164098] mummi_ras.online.cg.cganalysis:processFrame:554 - INFO - Load 26 frames: current frame ID /tmp/mummi/cg/structure_iter00_000000000010-20250408_211916/traj_comp.xtc
2025-04-08 21:29:49,779 - [MainProcess:164098] mummi_ras.online.cg.cganalysis:processFrame:580 - INFO - Frame:    25, Time: 12500.000 ps, Bbox = [0, 182.01443, 0, 182.01443]
2025-04-08 21:29:49,779 - [MainProcess:164098] mummi_ras.online.cg.cganalysis:processFrame:584 - INFO - Lengths of layers: 659 42 482
2025-04-08 21:29:49,840 - [MainProcess:164098] mummi_ras.online.cg.cganalysis:processFrame:765 - INFO - Time for analysis - frameNum 25, time 0.06823372840881348 s
2025-04-08 21:29:51,841 - [MainProcess:164098] mummi_ras.online.simulation:has_computed_enough:352 - INFO - runtime_hours*0.99 = 0.495 vs delta_time = 0.170809113184611 (length 12.5 ns) False False
2025-04-08 21:29:53,845 - [MainProcess:164098] mummi_ras.online.simulation:has_computed_enough:352 - INFO - runtime_hours*0.99 = 0.495 vs delta_time = 0.17136576380994584 (length 12.5 ns) False False
2025-04-08 21:29:55,848 - [MainProcess:164098] mummi_ras.online.simulation:has_computed_enough:352 - INFO - runtime_hours*0.99 = 0.495 vs delta_time = 0.17192237979835934 (length 12.5 ns) False False
2025-04-08 21:29:57,852 - [MainProcess:164098] mummi_ras.online.simulation:has_computed_enough:352 - INFO - runtime_hours*0.99 = 0.495 vs delta_time = 0.1724789853228463 (length 12.5 ns) False False
2025-04-08 21:29:59,856 - [MainProcess:164098] mummi_ras.online.simulation:has_computed_enough:352 - INFO - runtime_hours*0.99 = 0.495 vs delta_time = 0.1730355974038442 (length 12.5 ns) False False
2025-04-08 21:30:01,860 - [MainProcess:164098] mummi_ras.online.simulation:has_computed_enough:352 - INFO - runtime_hours*0.99 = 0.495 vs delta_time = 0.1735922015375561 (length 12.5 ns) False False
2025-04-08 21:30:03,863 - [MainProcess:164098] mummi_ras.online.simulation:has_computed_enough:352 - INFO - runtime_hours*0.99 = 0.495 vs delta_time = 0.17414880957868364 (length 12.5 ns) False False
2025-04-08 21:30:05,867 - [MainProcess:164098] mummi_ras.online.simulation:has_computed_enough:352 - INFO - runtime_hours*0.99 = 0.495 vs delta_time = 0.17470542046758863 (length 12.5 ns) False False
2025-04-08 21:30:07,871 - [MainProcess:164098] mummi_ras.online.simulation:has_computed_enough:352 - INFO - runtime_hours*0.99 = 0.495 vs delta_time = 0.17526202301184338 (length 12.5 ns) False False
2025-04-08 21:30:09,875 - [MainProcess:164098] mummi_ras.online.simulation:has_computed_enough:352 - INFO - runtime_hours*0.99 = 0.495 vs delta_time = 0.17581862635082668 (length 12.5 ns) False False
2025-04-08 21:30:11,879 - [MainProcess:164098] mummi_ras.online.simulation:has_computed_enough:352 - INFO - runtime_hours*0.99 = 0.495 vs delta_time = 0.17637522637844086 (length 12.5 ns) False False
2025-04-08 21:30:13,882 - [MainProcess:164098] mummi_ras.online.simulation:has_computed_enough:352 - INFO - runtime_hours*0.99 = 0.495 vs delta_time = 0.17693182779683006 (length 12.5 ns) False False
2025-04-08 21:30:14,221 - [MainProcess:164098] mummi_ras.online.simulation:get_new_frames:399 - INFO - Getting all frame numbers in trajectory from 26 to 26.
2025-04-08 21:30:14,221 - [MainProcess:164098] mummi_ras.online.cg.cganalysis:run_main_analysis:193 - INFO - Process frame 26
2025-04-08 21:30:14,221 - [MainProcess:164098] mummi_ras.online.cg.cganalysis:processFrame:554 - INFO - Load 27 frames: current frame ID /tmp/mummi/cg/structure_iter00_000000000010-20250408_211916/traj_comp.xtc
2025-04-08 21:30:14,229 - [MainProcess:164098] mummi_ras.online.cg.cganalysis:processFrame:580 - INFO - Frame:    26, Time: 13000.000 ps, Bbox = [0, 181.39687, 0, 181.39687]
2025-04-08 21:30:14,229 - [MainProcess:164098] mummi_ras.online.cg.cganalysis:processFrame:584 - INFO - Lengths of layers: 658 38 487
2025-04-08 21:30:14,290 - [MainProcess:164098] mummi_ras.online.cg.cganalysis:processFrame:765 - INFO - Time for analysis - frameNum 26, time 0.06811165809631348 s
2025-04-08 21:30:16,290 - [MainProcess:164098] mummi_ras.online.simulation:has_computed_enough:352 - INFO - runtime_hours*0.99 = 0.495 vs delta_time = 0.17760063979360793 (length 13.0 ns) False False
2025-04-08 21:30:18,294 - [MainProcess:164098] mummi_ras.online.simulation:has_computed_enough:352 - INFO - runtime_hours*0.99 = 0.495 vs delta_time = 0.1781573243935903 (length 13.0 ns) False False
2025-04-08 21:30:20,298 - [MainProcess:164098] mummi_ras.online.simulation:has_computed_enough:352 - INFO - runtime_hours*0.99 = 0.495 vs delta_time = 0.17871400078137717 (length 13.0 ns) False False
2025-04-08 21:30:22,302 - [MainProcess:164098] mummi_ras.online.simulation:has_computed_enough:352 - INFO - runtime_hours*0.99 = 0.495 vs delta_time = 0.1792706510093477 (length 13.0 ns) False False
2025-04-08 21:30:24,306 - [MainProcess:164098] mummi_ras.online.simulation:has_computed_enough:352 - INFO - runtime_hours*0.99 = 0.495 vs delta_time = 0.17982730150222778 (length 13.0 ns) False False
2025-04-08 21:30:26,310 - [MainProcess:164098] mummi_ras.online.simulation:has_computed_enough:352 - INFO - runtime_hours*0.99 = 0.495 vs delta_time = 0.18038395206133526 (length 13.0 ns) False False
2025-04-08 21:30:28,314 - [MainProcess:164098] mummi_ras.online.simulation:has_computed_enough:352 - INFO - runtime_hours*0.99 = 0.495 vs delta_time = 0.18094059401088292 (length 13.0 ns) False False
2025-04-08 21:30:30,318 - [MainProcess:164098] mummi_ras.online.simulation:has_computed_enough:352 - INFO - runtime_hours*0.99 = 0.495 vs delta_time = 0.18149723437097337 (length 13.0 ns) False False
2025-04-08 21:30:32,322 - [MainProcess:164098] mummi_ras.online.simulation:has_computed_enough:352 - INFO - runtime_hours*0.99 = 0.495 vs delta_time = 0.18205386883682675 (length 13.0 ns) False False
2025-04-08 21:30:34,326 - [MainProcess:164098] mummi_ras.online.simulation:has_computed_enough:352 - INFO - runtime_hours*0.99 = 0.495 vs delta_time = 0.18261051264074113 (length 13.0 ns) False False
2025-04-08 21:30:36,330 - [MainProcess:164098] mummi_ras.online.simulation:has_computed_enough:352 - INFO - runtime_hours*0.99 = 0.495 vs delta_time = 0.18316716618008083 (length 13.0 ns) False False
2025-04-08 21:30:38,333 - [MainProcess:164098] mummi_ras.online.simulation:has_computed_enough:352 - INFO - runtime_hours*0.99 = 0.495 vs delta_time = 0.1837238120370441 (length 13.0 ns) False False
2025-04-08 21:30:38,480 - [MainProcess:164098] mummi_ras.online.simulation:get_new_frames:399 - INFO - Getting all frame numbers in trajectory from 27 to 27.
2025-04-08 21:30:38,480 - [MainProcess:164098] mummi_ras.online.cg.cganalysis:run_main_analysis:193 - INFO - Process frame 27
2025-04-08 21:30:38,480 - [MainProcess:164098] mummi_ras.online.cg.cganalysis:processFrame:554 - INFO - Load 28 frames: current frame ID /tmp/mummi/cg/structure_iter00_000000000010-20250408_211916/traj_comp.xtc
2025-04-08 21:30:38,487 - [MainProcess:164098] mummi_ras.online.cg.cganalysis:processFrame:580 - INFO - Frame:    27, Time: 13500.000 ps, Bbox = [0, 181.91626, 0, 181.91626]
2025-04-08 21:30:38,487 - [MainProcess:164098] mummi_ras.online.cg.cganalysis:processFrame:584 - INFO - Lengths of layers: 658 38 487
2025-04-08 21:30:38,548 - [MainProcess:164098] mummi_ras.online.cg.cganalysis:processFrame:765 - INFO - Time for analysis - frameNum 27, time 0.0680539608001709 s
2025-04-08 21:30:40,549 - [MainProcess:164098] mummi_ras.online.simulation:has_computed_enough:352 - INFO - runtime_hours*0.99 = 0.495 vs delta_time = 0.1843391517135832 (length 13.5 ns) False False
2025-04-08 21:30:42,553 - [MainProcess:164098] mummi_ras.online.simulation:has_computed_enough:352 - INFO - runtime_hours*0.99 = 0.495 vs delta_time = 0.18489583525392744 (length 13.5 ns) False False
2025-04-08 21:30:44,557 - [MainProcess:164098] mummi_ras.online.simulation:has_computed_enough:352 - INFO - runtime_hours*0.99 = 0.495 vs delta_time = 0.18545248700512781 (length 13.5 ns) False False
2025-04-08 21:30:46,561 - [MainProcess:164098] mummi_ras.online.simulation:has_computed_enough:352 - INFO - runtime_hours*0.99 = 0.495 vs delta_time = 0.1860091308090422 (length 13.5 ns) False False
2025-04-08 21:30:48,565 - [MainProcess:164098] mummi_ras.online.simulation:has_computed_enough:352 - INFO - runtime_hours*0.99 = 0.495 vs delta_time = 0.1865657783879174 (length 13.5 ns) False False
2025-04-08 21:30:50,569 - [MainProcess:164098] mummi_ras.online.simulation:has_computed_enough:352 - INFO - runtime_hours*0.99 = 0.495 vs delta_time = 0.1871224551068412 (length 13.5 ns) False False
2025-04-08 21:30:52,573 - [MainProcess:164098] mummi_ras.online.simulation:has_computed_enough:352 - INFO - runtime_hours*0.99 = 0.495 vs delta_time = 0.18767911500400966 (length 13.5 ns) False False
2025-04-08 21:30:54,576 - [MainProcess:164098] mummi_ras.online.simulation:has_computed_enough:352 - INFO - runtime_hours*0.99 = 0.495 vs delta_time = 0.1882357527150048 (length 13.5 ns) False False
2025-04-08 21:30:56,580 - [MainProcess:164098] mummi_ras.online.simulation:has_computed_enough:352 - INFO - runtime_hours*0.99 = 0.495 vs delta_time = 0.18879240499602423 (length 13.5 ns) False False
2025-04-08 21:30:58,584 - [MainProcess:164098] mummi_ras.online.simulation:has_computed_enough:352 - INFO - runtime_hours*0.99 = 0.495 vs delta_time = 0.18934904350174797 (length 13.5 ns) False False
2025-04-08 21:31:00,588 - [MainProcess:164098] mummi_ras.online.simulation:has_computed_enough:352 - INFO - runtime_hours*0.99 = 0.495 vs delta_time = 0.18990569167666965 (length 13.5 ns) False False
2025-04-08 21:31:02,592 - [MainProcess:164098] mummi_ras.online.simulation:has_computed_enough:352 - INFO - runtime_hours*0.99 = 0.495 vs delta_time = 0.19046233077843985 (length 13.5 ns) False False
2025-04-08 21:31:02,624 - [MainProcess:164098] mummi_ras.online.simulation:get_new_frames:399 - INFO - Getting all frame numbers in trajectory from 28 to 28.
2025-04-08 21:31:02,624 - [MainProcess:164098] mummi_ras.online.cg.cganalysis:run_main_analysis:193 - INFO - Process frame 28
2025-04-08 21:31:02,624 - [MainProcess:164098] mummi_ras.online.cg.cganalysis:processFrame:554 - INFO - Load 29 frames: current frame ID /tmp/mummi/cg/structure_iter00_000000000010-20250408_211916/traj_comp.xtc
2025-04-08 21:31:02,631 - [MainProcess:164098] mummi_ras.online.cg.cganalysis:processFrame:580 - INFO - Frame:    28, Time: 14000.000 ps, Bbox = [0, 180.79276, 0, 180.79276]
2025-04-08 21:31:02,632 - [MainProcess:164098] mummi_ras.online.cg.cganalysis:processFrame:584 - INFO - Lengths of layers: 660 34 489
2025-04-08 21:31:02,692 - [MainProcess:164098] mummi_ras.online.cg.cganalysis:processFrame:765 - INFO - Time for analysis - frameNum 28, time 0.06744551658630371 s
2025-04-08 21:31:04,692 - [MainProcess:164098] mummi_ras.online.simulation:has_computed_enough:352 - INFO - runtime_hours*0.99 = 0.495 vs delta_time = 0.19104573474989997 (length 14.0 ns) False False
2025-04-08 21:31:06,696 - [MainProcess:164098] mummi_ras.online.simulation:has_computed_enough:352 - INFO - runtime_hours*0.99 = 0.495 vs delta_time = 0.1916023827261395 (length 14.0 ns) False False
2025-04-08 21:31:08,700 - [MainProcess:164098] mummi_ras.online.simulation:has_computed_enough:352 - INFO - runtime_hours*0.99 = 0.495 vs delta_time = 0.1921589954694112 (length 14.0 ns) False False
2025-04-08 21:31:10,704 - [MainProcess:164098] mummi_ras.online.simulation:has_computed_enough:352 - INFO - runtime_hours*0.99 = 0.495 vs delta_time = 0.19271559953689577 (length 14.0 ns) False False
2025-04-08 21:31:12,708 - [MainProcess:164098] mummi_ras.online.simulation:has_computed_enough:352 - INFO - runtime_hours*0.99 = 0.495 vs delta_time = 0.19327220029301115 (length 14.0 ns) False False
2025-04-08 21:31:14,711 - [MainProcess:164098] mummi_ras.online.simulation:has_computed_enough:352 - INFO - runtime_hours*0.99 = 0.495 vs delta_time = 0.19382880561881596 (length 14.0 ns) False False
2025-04-08 21:31:16,715 - [MainProcess:164098] mummi_ras.online.simulation:has_computed_enough:352 - INFO - runtime_hours*0.99 = 0.495 vs delta_time = 0.19438541425598993 (length 14.0 ns) False False
2025-04-08 21:31:18,719 - [MainProcess:164098] mummi_ras.online.simulation:has_computed_enough:352 - INFO - runtime_hours*0.99 = 0.495 vs delta_time = 0.19494202375411987 (length 14.0 ns) False False
2025-04-08 21:31:20,723 - [MainProcess:164098] mummi_ras.online.simulation:has_computed_enough:352 - INFO - runtime_hours*0.99 = 0.495 vs delta_time = 0.19549866590234968 (length 14.0 ns) False False
2025-04-08 21:31:22,727 - [MainProcess:164098] mummi_ras.online.simulation:has_computed_enough:352 - INFO - runtime_hours*0.99 = 0.495 vs delta_time = 0.19605527877807616 (length 14.0 ns) False False
2025-04-08 21:31:24,731 - [MainProcess:164098] mummi_ras.online.simulation:has_computed_enough:352 - INFO - runtime_hours*0.99 = 0.495 vs delta_time = 0.1966118898656633 (length 14.0 ns) False False
2025-04-08 21:31:26,734 - [MainProcess:164098] mummi_ras.online.simulation:has_computed_enough:352 - INFO - runtime_hours*0.99 = 0.495 vs delta_time = 0.19716849717828963 (length 14.0 ns) False False
2025-04-08 21:31:27,110 - [MainProcess:164098] mummi_ras.online.simulation:get_new_frames:399 - INFO - Getting all frame numbers in trajectory from 29 to 29.
2025-04-08 21:31:27,110 - [MainProcess:164098] mummi_ras.online.cg.cganalysis:run_main_analysis:193 - INFO - Process frame 29
2025-04-08 21:31:27,110 - [MainProcess:164098] mummi_ras.online.cg.cganalysis:processFrame:554 - INFO - Load 30 frames: current frame ID /tmp/mummi/cg/structure_iter00_000000000010-20250408_211916/traj_comp.xtc
2025-04-08 21:31:27,117 - [MainProcess:164098] mummi_ras.online.cg.cganalysis:processFrame:580 - INFO - Frame:    29, Time: 14500.000 ps, Bbox = [0, 180.54437, 0, 180.54437]
2025-04-08 21:31:27,117 - [MainProcess:164098] mummi_ras.online.cg.cganalysis:processFrame:584 - INFO - Lengths of layers: 660 37 486
2025-04-08 21:31:27,178 - [MainProcess:164098] mummi_ras.online.cg.cganalysis:processFrame:765 - INFO - Time for analysis - frameNum 29, time 0.06779026985168457 s
2025-04-08 21:31:29,178 - [MainProcess:164098] mummi_ras.online.simulation:has_computed_enough:352 - INFO - runtime_hours*0.99 = 0.495 vs delta_time = 0.19784737096892463 (length 14.5 ns) False False
2025-04-08 21:31:29,182 - [MainProcess:164098] mummi_ras.online.cg.cganalysis:processOutput:92 - INFO - Add feedback for frameNum 20 - state []
2025-04-08 21:31:29,182 - [MainProcess:164098] mummi_ras.online.cg.cganalysis:processOutput:92 - INFO - Add feedback for frameNum 21 - state []
2025-04-08 21:31:29,183 - [MainProcess:164098] mummi_ras.online.cg.cganalysis:processOutput:92 - INFO - Add feedback for frameNum 22 - state []
2025-04-08 21:31:29,183 - [MainProcess:164098] mummi_ras.online.cg.cganalysis:processOutput:92 - INFO - Add feedback for frameNum 23 - state []
2025-04-08 21:31:29,183 - [MainProcess:164098] mummi_ras.online.cg.cganalysis:processOutput:92 - INFO - Add feedback for frameNum 24 - state []
2025-04-08 21:31:29,183 - [MainProcess:164098] mummi_ras.online.cg.cganalysis:processOutput:92 - INFO - Add feedback for frameNum 25 - state []
2025-04-08 21:31:29,183 - [MainProcess:164098] mummi_ras.online.cg.cganalysis:processOutput:92 - INFO - Add feedback for frameNum 26 - state []
2025-04-08 21:31:29,183 - [MainProcess:164098] mummi_ras.online.cg.cganalysis:processOutput:92 - INFO - Add feedback for frameNum 27 - state []
2025-04-08 21:31:29,183 - [MainProcess:164098] mummi_ras.online.cg.cganalysis:processOutput:92 - INFO - Add feedback for frameNum 28 - state []
2025-04-08 21:31:29,183 - [MainProcess:164098] mummi_ras.online.cg.cganalysis:processOutput:92 - INFO - Add feedback for frameNum 29 - state []
2025-04-08 21:31:29,194 - [MainProcess:164098] mummi_core.interfaces.simple:_save_files:91 - INFO - Wrote 10 files to (/p/gpfs1/pottier1/minimummi-sc25/roots/root3/feedback-cg2ml/010)
2025-04-08 21:31:29,194 - [MainProcess:164098] mummi_ras.feedback.feedback_manager_cg2ml:report:118 - INFO - Added 10 frames (from structure_iter00_000000000010) to feedback (/p/gpfs1/pottier1/minimummi-sc25/roots/root3/feedback-cg2ml)
2025-04-08 21:31:29,194 - [MainProcess:164098] mummi_ras.online.cg.cganalysis:processOutput:112 - INFO - processOutput: 29
2025-04-08 21:31:29,194 - [MainProcess:164098] mummi_ras.online.cg.cganalysis:copyRemoteRestart:452 - INFO - Copy to remote frames [20, 21, 22, 23, 24, 25, 26, 27, 28, 29]
sending incremental file list
rsync: link_stat "/tmp/mummi/cg/structure_iter00_000000000010-20250408_211916/state.cpt" failed: No such file or directory (2)
ener.edr
md.log
mdrun.log
traj_comp.xtc

sent 6,560,937 bytes  received 92 bytes  13,122,058.00 bytes/sec
total size is 8,267,368  speedup is 1.26
rsync error: some files/attrs were not transferred (see previous errors) (code 23) at main.c(1179) [sender=3.1.2]
2025-04-08 21:31:29,347 - [MainProcess:164098] mummi_core.utils.utilities:sys_call:184 - INFO - Run command: rsync -va --no-g traj_comp.xtc topol.tpr state.cpt ener.edr md.log mdrun.log /p/gpfs1/pottier1/minimummi-sc25/roots/root3/sims-cg/structure_iter00_000000000010 || true
2025-04-08 21:31:29,652 - [MainProcess:164098] mummi_ras.interfaces.mummi:save_analysis_data:253 - INFO - Saved all analysis data for frames [20, 21, 22, 23, 24, 25, 26, 27, 28, 29]
2025-04-08 21:31:29,652 - [MainProcess:164098] mummi_ras.online.cg.cganalysis:copyRemoteLogs:350 - INFO - Copy over log files
2025-04-08 21:31:29,682 - [MainProcess:164098] mummi_core.utils.utilities:sys_call:184 - INFO - Run command: cp -r  /tmp/mummi/cg/structure_iter00_000000000010-20250408_211916/cg_analysis.out /tmp/mummi/cg/structure_iter00_000000000010-20250408_211916/traj_comp.xtc /tmp/mummi/cg/structure_iter00_000000000010-20250408_211916/*.log /p/gpfs1/pottier1/minimummi-sc25/roots/root3/sims-cg/structure_iter00_000000000010/ || true
2025-04-08 21:31:29,683 - [MainProcess:164098] mummi_ras.online.cg.cganalysis:copyRemoteLogs:365 - INFO - copyRemoteLogs =  /tmp/mummi/cg/structure_iter00_000000000010-20250408_211916/cg_analysis.out /tmp/mummi/cg/structure_iter00_000000000010-20250408_211916/traj_comp.xtc /tmp/mummi/cg/structure_iter00_000000000010-20250408_211916/*.log
2025-04-08 21:31:29,683 - [MainProcess:164098] mummi_ras.online.cg.cganalysis:cleanupLocal:375 - WARNING - Copy cleanup local only works for ddcMD files
2025-04-08 21:31:31,683 - [MainProcess:164098] mummi_ras.online.simulation:has_computed_enough:352 - INFO - runtime_hours*0.99 = 0.495 vs delta_time = 0.1985431444644928 (length 14.5 ns) False False
2025-04-08 21:31:33,689 - [MainProcess:164098] mummi_ras.online.simulation:has_computed_enough:352 - INFO - runtime_hours*0.99 = 0.495 vs delta_time = 0.19910047385427687 (length 14.5 ns) False False
2025-04-08 21:31:35,696 - [MainProcess:164098] mummi_ras.online.simulation:has_computed_enough:352 - INFO - runtime_hours*0.99 = 0.495 vs delta_time = 0.19965774125523036 (length 14.5 ns) False False
2025-04-08 21:31:37,702 - [MainProcess:164098] mummi_ras.online.simulation:has_computed_enough:352 - INFO - runtime_hours*0.99 = 0.495 vs delta_time = 0.20021502561039395 (length 14.5 ns) False False
2025-04-08 21:31:39,708 - [MainProcess:164098] mummi_ras.online.simulation:has_computed_enough:352 - INFO - runtime_hours*0.99 = 0.495 vs delta_time = 0.20077228248119355 (length 14.5 ns) False False
2025-04-08 21:31:41,714 - [MainProcess:164098] mummi_ras.online.simulation:has_computed_enough:352 - INFO - runtime_hours*0.99 = 0.495 vs delta_time = 0.2013294772307078 (length 14.5 ns) False False
2025-04-08 21:31:43,720 - [MainProcess:164098] mummi_ras.online.simulation:has_computed_enough:352 - INFO - runtime_hours*0.99 = 0.495 vs delta_time = 0.20188672807481553 (length 14.5 ns) False False
2025-04-08 21:31:45,726 - [MainProcess:164098] mummi_ras.online.simulation:has_computed_enough:352 - INFO - runtime_hours*0.99 = 0.495 vs delta_time = 0.20244396289189656 (length 14.5 ns) False False
2025-04-08 21:31:47,732 - [MainProcess:164098] mummi_ras.online.simulation:has_computed_enough:352 - INFO - runtime_hours*0.99 = 0.495 vs delta_time = 0.2030012474457423 (length 14.5 ns) False False
2025-04-08 21:31:49,738 - [MainProcess:164098] mummi_ras.online.simulation:has_computed_enough:352 - INFO - runtime_hours*0.99 = 0.495 vs delta_time = 0.20355851895279353 (length 14.5 ns) False False
2025-04-08 21:31:51,745 - [MainProcess:164098] mummi_ras.online.simulation:has_computed_enough:352 - INFO - runtime_hours*0.99 = 0.495 vs delta_time = 0.2041158245669471 (length 14.5 ns) False False
2025-04-08 21:31:51,880 - [MainProcess:164098] mummi_ras.online.simulation:get_new_frames:399 - INFO - Getting all frame numbers in trajectory from 30 to 30.
2025-04-08 21:31:51,880 - [MainProcess:164098] mummi_ras.online.cg.cganalysis:run_main_analysis:193 - INFO - Process frame 30
2025-04-08 21:31:51,880 - [MainProcess:164098] mummi_ras.online.cg.cganalysis:processFrame:554 - INFO - Load 31 frames: current frame ID /tmp/mummi/cg/structure_iter00_000000000010-20250408_211916/traj_comp.xtc
2025-04-08 21:31:51,891 - [MainProcess:164098] mummi_ras.online.cg.cganalysis:processFrame:580 - INFO - Frame:    30, Time: 15000.000 ps, Bbox = [0, 180.95007, 0, 180.95007]
2025-04-08 21:31:51,891 - [MainProcess:164098] mummi_ras.online.cg.cganalysis:processFrame:584 - INFO - Lengths of layers: 660 36 487
2025-04-08 21:31:51,991 - [MainProcess:164098] mummi_ras.online.cg.cganalysis:processFrame:765 - INFO - Time for analysis - frameNum 30, time 0.11103129386901855 s
2025-04-08 21:31:53,991 - [MainProcess:164098] mummi_ras.online.simulation:has_computed_enough:352 - INFO - runtime_hours*0.99 = 0.495 vs delta_time = 0.20473991129133437 (length 15.0 ns) False False
2025-04-08 21:31:55,998 - [MainProcess:164098] mummi_ras.online.simulation:has_computed_enough:352 - INFO - runtime_hours*0.99 = 0.495 vs delta_time = 0.20529718763298457 (length 15.0 ns) False False
2025-04-08 21:31:58,004 - [MainProcess:164098] mummi_ras.online.simulation:has_computed_enough:352 - INFO - runtime_hours*0.99 = 0.495 vs delta_time = 0.20585448410775925 (length 15.0 ns) False False
2025-04-08 21:32:00,010 - [MainProcess:164098] mummi_ras.online.simulation:has_computed_enough:352 - INFO - runtime_hours*0.99 = 0.495 vs delta_time = 0.2064117474688424 (length 15.0 ns) False False
2025-04-08 21:32:02,016 - [MainProcess:164098] mummi_ras.online.simulation:has_computed_enough:352 - INFO - runtime_hours*0.99 = 0.495 vs delta_time = 0.20696900294886694 (length 15.0 ns) False False
2025-04-08 21:32:04,022 - [MainProcess:164098] mummi_ras.online.simulation:has_computed_enough:352 - INFO - runtime_hours*0.99 = 0.495 vs delta_time = 0.20752626611126793 (length 15.0 ns) False False
2025-04-08 21:32:06,028 - [MainProcess:164098] mummi_ras.online.simulation:has_computed_enough:352 - INFO - runtime_hours*0.99 = 0.495 vs delta_time = 0.20808352046542697 (length 15.0 ns) False False
2025-04-08 21:32:08,035 - [MainProcess:164098] mummi_ras.online.simulation:has_computed_enough:352 - INFO - runtime_hours*0.99 = 0.495 vs delta_time = 0.208640772567855 (length 15.0 ns) False False
2025-04-08 21:32:10,041 - [MainProcess:164098] mummi_ras.online.simulation:has_computed_enough:352 - INFO - runtime_hours*0.99 = 0.495 vs delta_time = 0.2091980133454005 (length 15.0 ns) False False
2025-04-08 21:32:12,047 - [MainProcess:164098] mummi_ras.online.simulation:has_computed_enough:352 - INFO - runtime_hours*0.99 = 0.495 vs delta_time = 0.2097552623351415 (length 15.0 ns) False False
2025-04-08 21:32:14,053 - [MainProcess:164098] mummi_ras.online.simulation:has_computed_enough:352 - INFO - runtime_hours*0.99 = 0.495 vs delta_time = 0.21031252337826623 (length 15.0 ns) False False
2025-04-08 21:32:16,059 - [MainProcess:164098] mummi_ras.online.simulation:has_computed_enough:352 - INFO - runtime_hours*0.99 = 0.495 vs delta_time = 0.2108697732951906 (length 15.0 ns) False False
2025-04-08 21:32:16,109 - [MainProcess:164098] mummi_ras.online.simulation:get_new_frames:399 - INFO - Getting all frame numbers in trajectory from 31 to 31.
2025-04-08 21:32:16,109 - [MainProcess:164098] mummi_ras.online.cg.cganalysis:run_main_analysis:193 - INFO - Process frame 31
2025-04-08 21:32:16,110 - [MainProcess:164098] mummi_ras.online.cg.cganalysis:processFrame:554 - INFO - Load 32 frames: current frame ID /tmp/mummi/cg/structure_iter00_000000000010-20250408_211916/traj_comp.xtc
2025-04-08 21:32:16,121 - [MainProcess:164098] mummi_ras.online.cg.cganalysis:processFrame:580 - INFO - Frame:    31, Time: 15500.000 ps, Bbox = [0, 179.66711, 0, 179.66711]
2025-04-08 21:32:16,121 - [MainProcess:164098] mummi_ras.online.cg.cganalysis:processFrame:584 - INFO - Lengths of layers: 659 40 484
2025-04-08 21:32:16,221 - [MainProcess:164098] mummi_ras.online.cg.cganalysis:processFrame:765 - INFO - Time for analysis - frameNum 31, time 0.11117410659790039 s
2025-04-08 21:32:18,221 - [MainProcess:164098] mummi_ras.online.simulation:has_computed_enough:352 - INFO - runtime_hours*0.99 = 0.495 vs delta_time = 0.21147039307488336 (length 15.5 ns) False False
2025-04-08 21:32:20,228 - [MainProcess:164098] mummi_ras.online.simulation:has_computed_enough:352 - INFO - runtime_hours*0.99 = 0.495 vs delta_time = 0.21202778875827788 (length 15.5 ns) False False
2025-04-08 21:32:22,234 - [MainProcess:164098] mummi_ras.online.simulation:has_computed_enough:352 - INFO - runtime_hours*0.99 = 0.495 vs delta_time = 0.2125851000679864 (length 15.5 ns) False False
2025-04-08 21:32:24,240 - [MainProcess:164098] mummi_ras.online.simulation:has_computed_enough:352 - INFO - runtime_hours*0.99 = 0.495 vs delta_time = 0.21314234607749516 (length 15.5 ns) False False
2025-04-08 21:32:26,246 - [MainProcess:164098] mummi_ras.online.simulation:has_computed_enough:352 - INFO - runtime_hours*0.99 = 0.495 vs delta_time = 0.21369959897465177 (length 15.5 ns) False False
2025-04-08 21:32:28,252 - [MainProcess:164098] mummi_ras.online.simulation:has_computed_enough:352 - INFO - runtime_hours*0.99 = 0.495 vs delta_time = 0.21425677888923222 (length 15.5 ns) False False
2025-04-08 21:32:30,258 - [MainProcess:164098] mummi_ras.online.simulation:has_computed_enough:352 - INFO - runtime_hours*0.99 = 0.495 vs delta_time = 0.21481404436959162 (length 15.5 ns) False False
2025-04-08 21:32:32,264 - [MainProcess:164098] mummi_ras.online.simulation:has_computed_enough:352 - INFO - runtime_hours*0.99 = 0.495 vs delta_time = 0.21537128958437177 (length 15.5 ns) False False
2025-04-08 21:32:34,271 - [MainProcess:164098] mummi_ras.online.simulation:has_computed_enough:352 - INFO - runtime_hours*0.99 = 0.495 vs delta_time = 0.21592855897214677 (length 15.5 ns) False False
2025-04-08 21:32:36,277 - [MainProcess:164098] mummi_ras.online.simulation:has_computed_enough:352 - INFO - runtime_hours*0.99 = 0.495 vs delta_time = 0.21648580272992451 (length 15.5 ns) False False
2025-04-08 21:32:38,283 - [MainProcess:164098] mummi_ras.online.simulation:has_computed_enough:352 - INFO - runtime_hours*0.99 = 0.495 vs delta_time = 0.2170430854294035 (length 15.5 ns) False False
2025-04-08 21:32:40,289 - [MainProcess:164098] mummi_ras.online.simulation:has_computed_enough:352 - INFO - runtime_hours*0.99 = 0.495 vs delta_time = 0.21760032832622528 (length 15.5 ns) False False
2025-04-08 21:32:40,748 - [MainProcess:164098] mummi_ras.online.simulation:get_new_frames:399 - INFO - Getting all frame numbers in trajectory from 32 to 32.
2025-04-08 21:32:40,748 - [MainProcess:164098] mummi_ras.online.cg.cganalysis:run_main_analysis:193 - INFO - Process frame 32
2025-04-08 21:32:40,748 - [MainProcess:164098] mummi_ras.online.cg.cganalysis:processFrame:554 - INFO - Load 33 frames: current frame ID /tmp/mummi/cg/structure_iter00_000000000010-20250408_211916/traj_comp.xtc
2025-04-08 21:32:40,759 - [MainProcess:164098] mummi_ras.online.cg.cganalysis:processFrame:580 - INFO - Frame:    32, Time: 16000.000 ps, Bbox = [0, 179.74062, 0, 179.74062]
2025-04-08 21:32:40,760 - [MainProcess:164098] mummi_ras.online.cg.cganalysis:processFrame:584 - INFO - Lengths of layers: 657 40 486
2025-04-08 21:32:40,860 - [MainProcess:164098] mummi_ras.online.cg.cganalysis:processFrame:765 - INFO - Time for analysis - frameNum 32, time 0.11130189895629883 s
2025-04-08 21:32:42,860 - [MainProcess:164098] mummi_ras.online.simulation:has_computed_enough:352 - INFO - runtime_hours*0.99 = 0.495 vs delta_time = 0.21831454429361555 (length 16.0 ns) False False
2025-04-08 21:32:44,866 - [MainProcess:164098] mummi_ras.online.simulation:has_computed_enough:352 - INFO - runtime_hours*0.99 = 0.495 vs delta_time = 0.21887185997433134 (length 16.0 ns) False False
2025-04-08 21:32:46,873 - [MainProcess:164098] mummi_ras.online.simulation:has_computed_enough:352 - INFO - runtime_hours*0.99 = 0.495 vs delta_time = 0.21942911956045363 (length 16.0 ns) False False
2025-04-08 21:32:48,879 - [MainProcess:164098] mummi_ras.online.simulation:has_computed_enough:352 - INFO - runtime_hours*0.99 = 0.495 vs delta_time = 0.21998636742432912 (length 16.0 ns) False False
2025-04-08 21:32:50,885 - [MainProcess:164098] mummi_ras.online.simulation:has_computed_enough:352 - INFO - runtime_hours*0.99 = 0.495 vs delta_time = 0.22054369383388095 (length 16.0 ns) False False
2025-04-08 21:32:52,891 - [MainProcess:164098] mummi_ras.online.simulation:has_computed_enough:352 - INFO - runtime_hours*0.99 = 0.495 vs delta_time = 0.22110094242625766 (length 16.0 ns) False False
2025-04-08 21:32:54,897 - [MainProcess:164098] mummi_ras.online.simulation:has_computed_enough:352 - INFO - runtime_hours*0.99 = 0.495 vs delta_time = 0.22165820949607426 (length 16.0 ns) False False
2025-04-08 21:32:56,903 - [MainProcess:164098] mummi_ras.online.simulation:has_computed_enough:352 - INFO - runtime_hours*0.99 = 0.495 vs delta_time = 0.2222154496775733 (length 16.0 ns) False False
2025-04-08 21:32:58,910 - [MainProcess:164098] mummi_ras.online.simulation:has_computed_enough:352 - INFO - runtime_hours*0.99 = 0.495 vs delta_time = 0.22277275999387106 (length 16.0 ns) False False
2025-04-08 21:33:00,916 - [MainProcess:164098] mummi_ras.online.simulation:has_computed_enough:352 - INFO - runtime_hours*0.99 = 0.495 vs delta_time = 0.2233300185865826 (length 16.0 ns) False False
2025-04-08 21:33:02,922 - [MainProcess:164098] mummi_ras.online.simulation:has_computed_enough:352 - INFO - runtime_hours*0.99 = 0.495 vs delta_time = 0.22388728082180023 (length 16.0 ns) False False
2025-04-08 21:33:04,928 - [MainProcess:164098] mummi_ras.online.simulation:has_computed_enough:352 - INFO - runtime_hours*0.99 = 0.495 vs delta_time = 0.22444453186459012 (length 16.0 ns) False False
2025-04-08 21:33:05,033 - [MainProcess:164098] mummi_ras.online.simulation:get_new_frames:399 - INFO - Getting all frame numbers in trajectory from 33 to 33.
2025-04-08 21:33:05,033 - [MainProcess:164098] mummi_ras.online.cg.cganalysis:run_main_analysis:193 - INFO - Process frame 33
2025-04-08 21:33:05,033 - [MainProcess:164098] mummi_ras.online.cg.cganalysis:processFrame:554 - INFO - Load 34 frames: current frame ID /tmp/mummi/cg/structure_iter00_000000000010-20250408_211916/traj_comp.xtc
2025-04-08 21:33:05,044 - [MainProcess:164098] mummi_ras.online.cg.cganalysis:processFrame:580 - INFO - Frame:    33, Time: 16500.000 ps, Bbox = [0, 180.74312, 0, 180.74312]
2025-04-08 21:33:05,044 - [MainProcess:164098] mummi_ras.online.cg.cganalysis:processFrame:584 - INFO - Lengths of layers: 657 39 487
2025-04-08 21:33:05,145 - [MainProcess:164098] mummi_ras.online.cg.cganalysis:processFrame:765 - INFO - Time for analysis - frameNum 33, time 0.11195874214172363 s
2025-04-08 21:33:07,146 - [MainProcess:164098] mummi_ras.online.simulation:has_computed_enough:352 - INFO - runtime_hours*0.99 = 0.495 vs delta_time = 0.22506048712465498 (length 16.5 ns) False False
2025-04-08 21:33:09,152 - [MainProcess:164098] mummi_ras.online.simulation:has_computed_enough:352 - INFO - runtime_hours*0.99 = 0.495 vs delta_time = 0.22561780671278636 (length 16.5 ns) False False
2025-04-08 21:33:11,158 - [MainProcess:164098] mummi_ras.online.simulation:has_computed_enough:352 - INFO - runtime_hours*0.99 = 0.495 vs delta_time = 0.22617506782213848 (length 16.5 ns) False False
2025-04-08 21:33:13,164 - [MainProcess:164098] mummi_ras.online.simulation:has_computed_enough:352 - INFO - runtime_hours*0.99 = 0.495 vs delta_time = 0.22673233065340254 (length 16.5 ns) False False
2025-04-08 21:33:15,170 - [MainProcess:164098] mummi_ras.online.simulation:has_computed_enough:352 - INFO - runtime_hours*0.99 = 0.495 vs delta_time = 0.2272895754708184 (length 16.5 ns) False False
2025-04-08 21:33:17,176 - [MainProcess:164098] mummi_ras.online.simulation:has_computed_enough:352 - INFO - runtime_hours*0.99 = 0.495 vs delta_time = 0.22784681485758887 (length 16.5 ns) False False
2025-04-08 21:33:19,182 - [MainProcess:164098] mummi_ras.online.simulation:has_computed_enough:352 - INFO - runtime_hours*0.99 = 0.495 vs delta_time = 0.22840408265590667 (length 16.5 ns) False False
2025-04-08 21:33:21,189 - [MainProcess:164098] mummi_ras.online.simulation:has_computed_enough:352 - INFO - runtime_hours*0.99 = 0.495 vs delta_time = 0.22896138734287685 (length 16.5 ns) False False
2025-04-08 21:33:23,195 - [MainProcess:164098] mummi_ras.online.simulation:has_computed_enough:352 - INFO - runtime_hours*0.99 = 0.495 vs delta_time = 0.22951865990956624 (length 16.5 ns) False False
2025-04-08 21:33:25,201 - [MainProcess:164098] mummi_ras.online.simulation:has_computed_enough:352 - INFO - runtime_hours*0.99 = 0.495 vs delta_time = 0.2300759137339062 (length 16.5 ns) False False
2025-04-08 21:33:27,207 - [MainProcess:164098] mummi_ras.online.simulation:has_computed_enough:352 - INFO - runtime_hours*0.99 = 0.495 vs delta_time = 0.2306331612004174 (length 16.5 ns) False False
2025-04-08 21:33:29,213 - [MainProcess:164098] mummi_ras.online.simulation:has_computed_enough:352 - INFO - runtime_hours*0.99 = 0.495 vs delta_time = 0.2311904169453515 (length 16.5 ns) False False
2025-04-08 21:33:29,264 - [MainProcess:164098] mummi_ras.online.simulation:get_new_frames:399 - INFO - Getting all frame numbers in trajectory from 34 to 34.
2025-04-08 21:33:29,264 - [MainProcess:164098] mummi_ras.online.cg.cganalysis:run_main_analysis:193 - INFO - Process frame 34
2025-04-08 21:33:29,264 - [MainProcess:164098] mummi_ras.online.cg.cganalysis:processFrame:554 - INFO - Load 35 frames: current frame ID /tmp/mummi/cg/structure_iter00_000000000010-20250408_211916/traj_comp.xtc
2025-04-08 21:33:29,275 - [MainProcess:164098] mummi_ras.online.cg.cganalysis:processFrame:580 - INFO - Frame:    34, Time: 17000.000 ps, Bbox = [0, 180.79659, 0, 180.79659]
2025-04-08 21:33:29,275 - [MainProcess:164098] mummi_ras.online.cg.cganalysis:processFrame:584 - INFO - Lengths of layers: 655 38 490
2025-04-08 21:33:29,375 - [MainProcess:164098] mummi_ras.online.cg.cganalysis:processFrame:765 - INFO - Time for analysis - frameNum 34, time 0.11103487014770508 s
2025-04-08 21:33:31,376 - [MainProcess:164098] mummi_ras.online.simulation:has_computed_enough:352 - INFO - runtime_hours*0.99 = 0.495 vs delta_time = 0.23179107308387756 (length 17.0 ns) False False
2025-04-08 21:33:33,382 - [MainProcess:164098] mummi_ras.online.simulation:has_computed_enough:352 - INFO - runtime_hours*0.99 = 0.495 vs delta_time = 0.23234838717513615 (length 17.0 ns) False False
2025-04-08 21:33:35,388 - [MainProcess:164098] mummi_ras.online.simulation:has_computed_enough:352 - INFO - runtime_hours*0.99 = 0.495 vs delta_time = 0.23290565431118013 (length 17.0 ns) False False
2025-04-08 21:33:37,394 - [MainProcess:164098] mummi_ras.online.simulation:has_computed_enough:352 - INFO - runtime_hours*0.99 = 0.495 vs delta_time = 0.23346291482448578 (length 17.0 ns) False False
2025-04-08 21:33:39,400 - [MainProcess:164098] mummi_ras.online.simulation:has_computed_enough:352 - INFO - runtime_hours*0.99 = 0.495 vs delta_time = 0.2340201707018746 (length 17.0 ns) False False
2025-04-08 21:33:41,406 - [MainProcess:164098] mummi_ras.online.simulation:has_computed_enough:352 - INFO - runtime_hours*0.99 = 0.495 vs delta_time = 0.23457742068502638 (length 17.0 ns) False False
2025-04-08 21:33:43,413 - [MainProcess:164098] mummi_ras.online.simulation:has_computed_enough:352 - INFO - runtime_hours*0.99 = 0.495 vs delta_time = 0.2351346668932173 (length 17.0 ns) False False
2025-04-08 21:33:45,419 - [MainProcess:164098] mummi_ras.online.simulation:has_computed_enough:352 - INFO - runtime_hours*0.99 = 0.495 vs delta_time = 0.23569193992349838 (length 17.0 ns) False False
2025-04-08 21:33:47,425 - [MainProcess:164098] mummi_ras.online.simulation:has_computed_enough:352 - INFO - runtime_hours*0.99 = 0.495 vs delta_time = 0.23624919560220506 (length 17.0 ns) False False
2025-04-08 21:33:49,431 - [MainProcess:164098] mummi_ras.online.simulation:has_computed_enough:352 - INFO - runtime_hours*0.99 = 0.495 vs delta_time = 0.2368064588970608 (length 17.0 ns) False False
2025-04-08 21:33:51,437 - [MainProcess:164098] mummi_ras.online.simulation:has_computed_enough:352 - INFO - runtime_hours*0.99 = 0.495 vs delta_time = 0.2373637921942605 (length 17.0 ns) False False
2025-04-08 21:33:53,444 - [MainProcess:164098] mummi_ras.online.simulation:has_computed_enough:352 - INFO - runtime_hours*0.99 = 0.495 vs delta_time = 0.23792108880148993 (length 17.0 ns) False False
2025-04-08 21:33:53,654 - [MainProcess:164098] mummi_ras.online.simulation:get_new_frames:399 - INFO - Getting all frame numbers in trajectory from 35 to 35.
2025-04-08 21:33:53,654 - [MainProcess:164098] mummi_ras.online.cg.cganalysis:run_main_analysis:193 - INFO - Process frame 35
2025-04-08 21:33:53,654 - [MainProcess:164098] mummi_ras.online.cg.cganalysis:processFrame:554 - INFO - Load 36 frames: current frame ID /tmp/mummi/cg/structure_iter00_000000000010-20250408_211916/traj_comp.xtc
2025-04-08 21:33:53,665 - [MainProcess:164098] mummi_ras.online.cg.cganalysis:processFrame:580 - INFO - Frame:    35, Time: 17500.000 ps, Bbox = [0, 180.34546, 0, 180.34546]
2025-04-08 21:33:53,665 - [MainProcess:164098] mummi_ras.online.cg.cganalysis:processFrame:584 - INFO - Lengths of layers: 654 42 487
2025-04-08 21:33:53,765 - [MainProcess:164098] mummi_ras.online.cg.cganalysis:processFrame:765 - INFO - Time for analysis - frameNum 35, time 0.11085772514343262 s
2025-04-08 21:33:55,766 - [MainProcess:164098] mummi_ras.online.simulation:has_computed_enough:352 - INFO - runtime_hours*0.99 = 0.495 vs delta_time = 0.23856610165701972 (length 17.5 ns) False False
2025-04-08 21:33:57,772 - [MainProcess:164098] mummi_ras.online.simulation:has_computed_enough:352 - INFO - runtime_hours*0.99 = 0.495 vs delta_time = 0.23912342846393586 (length 17.5 ns) False False
2025-04-08 21:33:59,778 - [MainProcess:164098] mummi_ras.online.simulation:has_computed_enough:352 - INFO - runtime_hours*0.99 = 0.495 vs delta_time = 0.23968068222204844 (length 17.5 ns) False False
2025-04-08 21:34:01,784 - [MainProcess:164098] mummi_ras.online.simulation:has_computed_enough:352 - INFO - runtime_hours*0.99 = 0.495 vs delta_time = 0.24023793829811943 (length 17.5 ns) False False
2025-04-08 21:34:03,791 - [MainProcess:164098] mummi_ras.online.simulation:has_computed_enough:352 - INFO - runtime_hours*0.99 = 0.495 vs delta_time = 0.24079520609643723 (length 17.5 ns) False False
2025-04-08 21:34:05,797 - [MainProcess:164098] mummi_ras.online.simulation:has_computed_enough:352 - INFO - runtime_hours*0.99 = 0.495 vs delta_time = 0.24135246157646179 (length 17.5 ns) False False
2025-04-08 21:34:07,803 - [MainProcess:164098] mummi_ras.online.simulation:has_computed_enough:352 - INFO - runtime_hours*0.99 = 0.495 vs delta_time = 0.2419097171889411 (length 17.5 ns) False False
2025-04-08 21:34:09,809 - [MainProcess:164098] mummi_ras.online.simulation:has_computed_enough:352 - INFO - runtime_hours*0.99 = 0.495 vs delta_time = 0.24246697386105856 (length 17.5 ns) False False
2025-04-08 21:34:11,815 - [MainProcess:164098] mummi_ras.online.simulation:has_computed_enough:352 - INFO - runtime_hours*0.99 = 0.495 vs delta_time = 0.24302424881193374 (length 17.5 ns) False False
2025-04-08 21:34:13,821 - [MainProcess:164098] mummi_ras.online.simulation:has_computed_enough:352 - INFO - runtime_hours*0.99 = 0.495 vs delta_time = 0.24358147594663832 (length 17.5 ns) False False
2025-04-08 21:34:15,827 - [MainProcess:164098] mummi_ras.online.simulation:has_computed_enough:352 - INFO - runtime_hours*0.99 = 0.495 vs delta_time = 0.24413876003689236 (length 17.5 ns) False False
2025-04-08 21:34:17,833 - [MainProcess:164098] mummi_ras.online.simulation:has_computed_enough:352 - INFO - runtime_hours*0.99 = 0.495 vs delta_time = 0.24469602134492663 (length 17.5 ns) False False
2025-04-08 21:34:18,059 - [MainProcess:164098] mummi_ras.online.simulation:get_new_frames:399 - INFO - Getting all frame numbers in trajectory from 36 to 36.
2025-04-08 21:34:18,059 - [MainProcess:164098] mummi_ras.online.cg.cganalysis:run_main_analysis:193 - INFO - Process frame 36
2025-04-08 21:34:18,060 - [MainProcess:164098] mummi_ras.online.cg.cganalysis:processFrame:554 - INFO - Load 37 frames: current frame ID /tmp/mummi/cg/structure_iter00_000000000010-20250408_211916/traj_comp.xtc
2025-04-08 21:34:18,070 - [MainProcess:164098] mummi_ras.online.cg.cganalysis:processFrame:580 - INFO - Frame:    36, Time: 18000.000 ps, Bbox = [0, 180.40903, 0, 180.40903]
2025-04-08 21:34:18,071 - [MainProcess:164098] mummi_ras.online.cg.cganalysis:processFrame:584 - INFO - Lengths of layers: 658 34 491
2025-04-08 21:34:18,171 - [MainProcess:164098] mummi_ras.online.cg.cganalysis:processFrame:765 - INFO - Time for analysis - frameNum 36, time 0.11132311820983887 s
2025-04-08 21:34:20,171 - [MainProcess:164098] mummi_ras.online.simulation:has_computed_enough:352 - INFO - runtime_hours*0.99 = 0.495 vs delta_time = 0.24534542216195002 (length 18.0 ns) False False
2025-04-08 21:34:22,178 - [MainProcess:164098] mummi_ras.online.simulation:has_computed_enough:352 - INFO - runtime_hours*0.99 = 0.495 vs delta_time = 0.24590275122059715 (length 18.0 ns) False False
2025-04-08 21:34:24,184 - [MainProcess:164098] mummi_ras.online.simulation:has_computed_enough:352 - INFO - runtime_hours*0.99 = 0.495 vs delta_time = 0.24646000100506676 (length 18.0 ns) False False
2025-04-08 21:34:26,190 - [MainProcess:164098] mummi_ras.online.simulation:has_computed_enough:352 - INFO - runtime_hours*0.99 = 0.495 vs delta_time = 0.24701727132002513 (length 18.0 ns) False False
2025-04-08 21:34:28,196 - [MainProcess:164098] mummi_ras.online.simulation:has_computed_enough:352 - INFO - runtime_hours*0.99 = 0.495 vs delta_time = 0.24757452574041156 (length 18.0 ns) False False
2025-04-08 21:34:30,202 - [MainProcess:164098] mummi_ras.online.simulation:has_computed_enough:352 - INFO - runtime_hours*0.99 = 0.495 vs delta_time = 0.24813179062472449 (length 18.0 ns) False False
2025-04-08 21:34:32,208 - [MainProcess:164098] mummi_ras.online.simulation:has_computed_enough:352 - INFO - runtime_hours*0.99 = 0.495 vs delta_time = 0.24868906444973415 (length 18.0 ns) False False
2025-04-08 21:34:34,215 - [MainProcess:164098] mummi_ras.online.simulation:has_computed_enough:352 - INFO - runtime_hours*0.99 = 0.495 vs delta_time = 0.24924633032745785 (length 18.0 ns) False False
2025-04-08 21:34:36,221 - [MainProcess:164098] mummi_ras.online.simulation:has_computed_enough:352 - INFO - runtime_hours*0.99 = 0.495 vs delta_time = 0.24980358209874895 (length 18.0 ns) False False
2025-04-08 21:34:38,227 - [MainProcess:164098] mummi_ras.online.simulation:has_computed_enough:352 - INFO - runtime_hours*0.99 = 0.495 vs delta_time = 0.25036084545983206 (length 18.0 ns) False False
2025-04-08 21:34:40,233 - [MainProcess:164098] mummi_ras.online.simulation:has_computed_enough:352 - INFO - runtime_hours*0.99 = 0.495 vs delta_time = 0.25091809067461224 (length 18.0 ns) False False
2025-04-08 21:34:42,239 - [MainProcess:164098] mummi_ras.online.simulation:has_computed_enough:352 - INFO - runtime_hours*0.99 = 0.495 vs delta_time = 0.25147528456317053 (length 18.0 ns) False False
2025-04-08 21:34:42,289 - [MainProcess:164098] mummi_ras.online.simulation:get_new_frames:399 - INFO - Getting all frame numbers in trajectory from 37 to 37.
2025-04-08 21:34:42,289 - [MainProcess:164098] mummi_ras.online.cg.cganalysis:run_main_analysis:193 - INFO - Process frame 37
2025-04-08 21:34:42,289 - [MainProcess:164098] mummi_ras.online.cg.cganalysis:processFrame:554 - INFO - Load 38 frames: current frame ID /tmp/mummi/cg/structure_iter00_000000000010-20250408_211916/traj_comp.xtc
2025-04-08 21:34:42,300 - [MainProcess:164098] mummi_ras.online.cg.cganalysis:processFrame:580 - INFO - Frame:    37, Time: 18500.000 ps, Bbox = [0, 180.8307, 0, 180.8307]
2025-04-08 21:34:42,300 - [MainProcess:164098] mummi_ras.online.cg.cganalysis:processFrame:584 - INFO - Lengths of layers: 660 34 489
2025-04-08 21:34:42,400 - [MainProcess:164098] mummi_ras.online.cg.cganalysis:processFrame:765 - INFO - Time for analysis - frameNum 37, time 0.11043596267700195 s
2025-04-08 21:34:44,400 - [MainProcess:164098] mummi_ras.online.simulation:has_computed_enough:352 - INFO - runtime_hours*0.99 = 0.495 vs delta_time = 0.25207563784387377 (length 18.5 ns) False False
2025-04-08 21:34:46,406 - [MainProcess:164098] mummi_ras.online.simulation:has_computed_enough:352 - INFO - runtime_hours*0.99 = 0.495 vs delta_time = 0.2526329681608412 (length 18.5 ns) False False
2025-04-08 21:34:48,413 - [MainProcess:164098] mummi_ras.online.simulation:has_computed_enough:352 - INFO - runtime_hours*0.99 = 0.495 vs delta_time = 0.253190232846472 (length 18.5 ns) False False
2025-04-08 21:34:50,419 - [MainProcess:164098] mummi_ras.online.simulation:has_computed_enough:352 - INFO - runtime_hours*0.99 = 0.495 vs delta_time = 0.2537475285265181 (length 18.5 ns) False False
2025-04-08 21:34:52,425 - [MainProcess:164098] mummi_ras.online.simulation:has_computed_enough:352 - INFO - runtime_hours*0.99 = 0.495 vs delta_time = 0.25430478354295094 (length 18.5 ns) False False
2025-04-08 21:34:54,431 - [MainProcess:164098] mummi_ras.online.simulation:has_computed_enough:352 - INFO - runtime_hours*0.99 = 0.495 vs delta_time = 0.25486206988493604 (length 18.5 ns) False False
2025-04-08 21:34:56,437 - [MainProcess:164098] mummi_ras.online.simulation:has_computed_enough:352 - INFO - runtime_hours*0.99 = 0.495 vs delta_time = 0.25541932066281636 (length 18.5 ns) False False
2025-04-08 21:34:58,443 - [MainProcess:164098] mummi_ras.online.simulation:has_computed_enough:352 - INFO - runtime_hours*0.99 = 0.495 vs delta_time = 0.25597658064630296 (length 18.5 ns) False False
2025-04-08 21:35:00,450 - [MainProcess:164098] mummi_ras.online.simulation:has_computed_enough:352 - INFO - runtime_hours*0.99 = 0.495 vs delta_time = 0.2565338322189119 (length 18.5 ns) False False
2025-04-08 21:35:02,456 - [MainProcess:164098] mummi_ras.online.simulation:has_computed_enough:352 - INFO - runtime_hours*0.99 = 0.495 vs delta_time = 0.25709108339415654 (length 18.5 ns) False False
2025-04-08 21:35:04,462 - [MainProcess:164098] mummi_ras.online.simulation:has_computed_enough:352 - INFO - runtime_hours*0.99 = 0.495 vs delta_time = 0.2576483333773083 (length 18.5 ns) False False
2025-04-08 21:35:06,468 - [MainProcess:164098] mummi_ras.online.simulation:has_computed_enough:352 - INFO - runtime_hours*0.99 = 0.495 vs delta_time = 0.25820558461878035 (length 18.5 ns) False False
2025-04-08 21:35:08,474 - [MainProcess:164098] mummi_ras.online.simulation:has_computed_enough:352 - INFO - runtime_hours*0.99 = 0.495 vs delta_time = 0.25876282970110576 (length 18.5 ns) False False
2025-04-08 21:35:09,061 - [MainProcess:164098] mummi_ras.online.simulation:get_new_frames:399 - INFO - Getting all frame numbers in trajectory from 38 to 38.
2025-04-08 21:35:09,062 - [MainProcess:164098] mummi_ras.online.cg.cganalysis:run_main_analysis:193 - INFO - Process frame 38
2025-04-08 21:35:09,062 - [MainProcess:164098] mummi_ras.online.cg.cganalysis:processFrame:554 - INFO - Load 39 frames: current frame ID /tmp/mummi/cg/structure_iter00_000000000010-20250408_211916/traj_comp.xtc
2025-04-08 21:35:09,073 - [MainProcess:164098] mummi_ras.online.cg.cganalysis:processFrame:580 - INFO - Frame:    38, Time: 19000.000 ps, Bbox = [0, 179.87323, 0, 179.87323]
2025-04-08 21:35:09,073 - [MainProcess:164098] mummi_ras.online.cg.cganalysis:processFrame:584 - INFO - Lengths of layers: 657 39 487
2025-04-08 21:35:09,173 - [MainProcess:164098] mummi_ras.online.cg.cganalysis:processFrame:765 - INFO - Time for analysis - frameNum 38, time 0.1114187240600586 s
2025-04-08 21:35:11,174 - [MainProcess:164098] mummi_ras.online.simulation:has_computed_enough:352 - INFO - runtime_hours*0.99 = 0.495 vs delta_time = 0.25951271792252856 (length 19.0 ns) False False
2025-04-08 21:35:13,180 - [MainProcess:164098] mummi_ras.online.simulation:has_computed_enough:352 - INFO - runtime_hours*0.99 = 0.495 vs delta_time = 0.2600700453917186 (length 19.0 ns) False False
2025-04-08 21:35:15,186 - [MainProcess:164098] mummi_ras.online.simulation:has_computed_enough:352 - INFO - runtime_hours*0.99 = 0.495 vs delta_time = 0.2606273106733958 (length 19.0 ns) False False
2025-04-08 21:35:17,192 - [MainProcess:164098] mummi_ras.online.simulation:has_computed_enough:352 - INFO - runtime_hours*0.99 = 0.495 vs delta_time = 0.26118455198076035 (length 19.0 ns) False False
2025-04-08 21:35:19,198 - [MainProcess:164098] mummi_ras.online.simulation:has_computed_enough:352 - INFO - runtime_hours*0.99 = 0.495 vs delta_time = 0.2617418240176307 (length 19.0 ns) False False
2025-04-08 21:35:21,205 - [MainProcess:164098] mummi_ras.online.simulation:has_computed_enough:352 - INFO - runtime_hours*0.99 = 0.495 vs delta_time = 0.26229915810955895 (length 19.0 ns) False False
2025-04-08 21:35:23,211 - [MainProcess:164098] mummi_ras.online.simulation:has_computed_enough:352 - INFO - runtime_hours*0.99 = 0.495 vs delta_time = 0.2628564151128133 (length 19.0 ns) False False
2025-04-08 21:35:25,217 - [MainProcess:164098] mummi_ras.online.simulation:has_computed_enough:352 - INFO - runtime_hours*0.99 = 0.495 vs delta_time = 0.2634137101968129 (length 19.0 ns) False False
2025-04-08 21:35:27,223 - [MainProcess:164098] mummi_ras.online.simulation:has_computed_enough:352 - INFO - runtime_hours*0.99 = 0.495 vs delta_time = 0.26397095051076674 (length 19.0 ns) False False
2025-04-08 21:35:29,229 - [MainProcess:164098] mummi_ras.online.simulation:has_computed_enough:352 - INFO - runtime_hours*0.99 = 0.495 vs delta_time = 0.2645282159911262 (length 19.0 ns) False False
2025-04-08 21:35:31,235 - [MainProcess:164098] mummi_ras.online.simulation:has_computed_enough:352 - INFO - runtime_hours*0.99 = 0.495 vs delta_time = 0.265085471007559 (length 19.0 ns) False False
2025-04-08 21:35:31,471 - [MainProcess:164098] mummi_ras.online.simulation:get_new_frames:399 - INFO - Getting all frame numbers in trajectory from 39 to 39.
2025-04-08 21:35:31,471 - [MainProcess:164098] mummi_ras.online.cg.cganalysis:run_main_analysis:193 - INFO - Process frame 39
2025-04-08 21:35:31,471 - [MainProcess:164098] mummi_ras.online.cg.cganalysis:processFrame:554 - INFO - Load 40 frames: current frame ID /tmp/mummi/cg/structure_iter00_000000000010-20250408_211916/traj_comp.xtc
2025-04-08 21:35:31,482 - [MainProcess:164098] mummi_ras.online.cg.cganalysis:processFrame:580 - INFO - Frame:    39, Time: 19500.000 ps, Bbox = [0, 180.66512, 0, 180.66512]
2025-04-08 21:35:31,482 - [MainProcess:164098] mummi_ras.online.cg.cganalysis:processFrame:584 - INFO - Lengths of layers: 660 35 488
2025-04-08 21:35:31,582 - [MainProcess:164098] mummi_ras.online.cg.cganalysis:processFrame:765 - INFO - Time for analysis - frameNum 39, time 0.11054611206054688 s
2025-04-08 21:35:33,582 - [MainProcess:164098] mummi_ras.online.simulation:has_computed_enough:352 - INFO - runtime_hours*0.99 = 0.495 vs delta_time = 0.2657373735639784 (length 19.5 ns) False False
2025-04-08 21:35:33,589 - [MainProcess:164098] mummi_ras.online.cg.cganalysis:processOutput:92 - INFO - Add feedback for frameNum 30 - state []
2025-04-08 21:35:33,589 - [MainProcess:164098] mummi_ras.online.cg.cganalysis:processOutput:92 - INFO - Add feedback for frameNum 31 - state []
2025-04-08 21:35:33,589 - [MainProcess:164098] mummi_ras.online.cg.cganalysis:processOutput:92 - INFO - Add feedback for frameNum 32 - state []
2025-04-08 21:35:33,589 - [MainProcess:164098] mummi_ras.online.cg.cganalysis:processOutput:92 - INFO - Add feedback for frameNum 33 - state []
2025-04-08 21:35:33,589 - [MainProcess:164098] mummi_ras.online.cg.cganalysis:processOutput:92 - INFO - Add feedback for frameNum 34 - state []
2025-04-08 21:35:33,589 - [MainProcess:164098] mummi_ras.online.cg.cganalysis:processOutput:92 - INFO - Add feedback for frameNum 35 - state []
2025-04-08 21:35:33,589 - [MainProcess:164098] mummi_ras.online.cg.cganalysis:processOutput:92 - INFO - Add feedback for frameNum 36 - state []
2025-04-08 21:35:33,590 - [MainProcess:164098] mummi_ras.online.cg.cganalysis:processOutput:92 - INFO - Add feedback for frameNum 37 - state []
2025-04-08 21:35:33,590 - [MainProcess:164098] mummi_ras.online.cg.cganalysis:processOutput:92 - INFO - Add feedback for frameNum 38 - state []
2025-04-08 21:35:33,590 - [MainProcess:164098] mummi_ras.online.cg.cganalysis:processOutput:92 - INFO - Add feedback for frameNum 39 - state []
2025-04-08 21:35:33,606 - [MainProcess:164098] mummi_core.interfaces.simple:_save_files:91 - INFO - Wrote 10 files to (/p/gpfs1/pottier1/minimummi-sc25/roots/root3/feedback-cg2ml/010)
2025-04-08 21:35:33,606 - [MainProcess:164098] mummi_ras.feedback.feedback_manager_cg2ml:report:118 - INFO - Added 10 frames (from structure_iter00_000000000010) to feedback (/p/gpfs1/pottier1/minimummi-sc25/roots/root3/feedback-cg2ml)
2025-04-08 21:35:33,606 - [MainProcess:164098] mummi_ras.online.cg.cganalysis:processOutput:112 - INFO - processOutput: 39
2025-04-08 21:35:33,607 - [MainProcess:164098] mummi_ras.online.cg.cganalysis:copyRemoteRestart:452 - INFO - Copy to remote frames [30, 31, 32, 33, 34, 35, 36, 37, 38, 39]
sending incremental file list
ener.edr
md.log
mdrun.log
state.cpt
traj_comp.xtc

sent 10,058,458 bytes  received 111 bytes  20,117,138.00 bytes/sec
total size is 11,763,976  speedup is 1.17
2025-04-08 21:35:33,724 - [MainProcess:164098] mummi_core.utils.utilities:sys_call:184 - INFO - Run command: rsync -va --no-g traj_comp.xtc topol.tpr state.cpt ener.edr md.log mdrun.log /p/gpfs1/pottier1/minimummi-sc25/roots/root3/sims-cg/structure_iter00_000000000010 || true
2025-04-08 21:35:34,147 - [MainProcess:164098] mummi_ras.interfaces.mummi:save_analysis_data:253 - INFO - Saved all analysis data for frames [30, 31, 32, 33, 34, 35, 36, 37, 38, 39]
2025-04-08 21:35:34,147 - [MainProcess:164098] mummi_ras.online.cg.cganalysis:copyRemoteLogs:350 - INFO - Copy over log files
2025-04-08 21:35:34,172 - [MainProcess:164098] mummi_core.utils.utilities:sys_call:184 - INFO - Run command: cp -r  /tmp/mummi/cg/structure_iter00_000000000010-20250408_211916/cg_analysis.out /tmp/mummi/cg/structure_iter00_000000000010-20250408_211916/traj_comp.xtc /tmp/mummi/cg/structure_iter00_000000000010-20250408_211916/*.log /p/gpfs1/pottier1/minimummi-sc25/roots/root3/sims-cg/structure_iter00_000000000010/ || true
2025-04-08 21:35:34,172 - [MainProcess:164098] mummi_ras.online.cg.cganalysis:copyRemoteLogs:365 - INFO - copyRemoteLogs =  /tmp/mummi/cg/structure_iter00_000000000010-20250408_211916/cg_analysis.out /tmp/mummi/cg/structure_iter00_000000000010-20250408_211916/traj_comp.xtc /tmp/mummi/cg/structure_iter00_000000000010-20250408_211916/*.log
2025-04-08 21:35:34,173 - [MainProcess:164098] mummi_ras.online.cg.cganalysis:cleanupLocal:375 - WARNING - Copy cleanup local only works for ddcMD files
2025-04-08 21:35:36,173 - [MainProcess:164098] mummi_ras.online.simulation:has_computed_enough:352 - INFO - runtime_hours*0.99 = 0.495 vs delta_time = 0.2664569385846456 (length 19.5 ns) False False
2025-04-08 21:35:38,177 - [MainProcess:164098] mummi_ras.online.simulation:has_computed_enough:352 - INFO - runtime_hours*0.99 = 0.495 vs delta_time = 0.2670136059655084 (length 19.5 ns) False False
2025-04-08 21:35:40,181 - [MainProcess:164098] mummi_ras.online.simulation:has_computed_enough:352 - INFO - runtime_hours*0.99 = 0.495 vs delta_time = 0.2675702601671219 (length 19.5 ns) False False
2025-04-08 21:35:42,185 - [MainProcess:164098] mummi_ras.online.simulation:has_computed_enough:352 - INFO - runtime_hours*0.99 = 0.495 vs delta_time = 0.26812690092457664 (length 19.5 ns) False False
2025-04-08 21:35:44,189 - [MainProcess:164098] mummi_ras.online.simulation:has_computed_enough:352 - INFO - runtime_hours*0.99 = 0.495 vs delta_time = 0.26868355214595796 (length 19.5 ns) False False
2025-04-08 21:35:46,192 - [MainProcess:164098] mummi_ras.online.simulation:has_computed_enough:352 - INFO - runtime_hours*0.99 = 0.495 vs delta_time = 0.26924019389682347 (length 19.5 ns) False False
2025-04-08 21:35:48,196 - [MainProcess:164098] mummi_ras.online.simulation:has_computed_enough:352 - INFO - runtime_hours*0.99 = 0.495 vs delta_time = 0.2697968412107892 (length 19.5 ns) False False
2025-04-08 21:35:50,200 - [MainProcess:164098] mummi_ras.online.simulation:has_computed_enough:352 - INFO - runtime_hours*0.99 = 0.495 vs delta_time = 0.27035349832640754 (length 19.5 ns) False False
2025-04-08 21:35:52,204 - [MainProcess:164098] mummi_ras.online.simulation:has_computed_enough:352 - INFO - runtime_hours*0.99 = 0.495 vs delta_time = 0.2709101618660821 (length 19.5 ns) False False
2025-04-08 21:35:54,208 - [MainProcess:164098] mummi_ras.online.simulation:has_computed_enough:352 - INFO - runtime_hours*0.99 = 0.495 vs delta_time = 0.2714668060011334 (length 19.5 ns) False False
2025-04-08 21:35:56,212 - [MainProcess:164098] mummi_ras.online.simulation:has_computed_enough:352 - INFO - runtime_hours*0.99 = 0.495 vs delta_time = 0.2720234614610672 (length 19.5 ns) False False
2025-04-08 21:35:56,245 - [MainProcess:164098] mummi_ras.online.simulation:get_new_frames:399 - INFO - Getting all frame numbers in trajectory from 40 to 40.
2025-04-08 21:35:56,245 - [MainProcess:164098] mummi_ras.online.cg.cganalysis:run_main_analysis:193 - INFO - Process frame 40
2025-04-08 21:35:56,245 - [MainProcess:164098] mummi_ras.online.cg.cganalysis:processFrame:554 - INFO - Load 41 frames: current frame ID /tmp/mummi/cg/structure_iter00_000000000010-20250408_211916/traj_comp.xtc
2025-04-08 21:35:56,252 - [MainProcess:164098] mummi_ras.online.cg.cganalysis:processFrame:580 - INFO - Frame:    40, Time: 20000.000 ps, Bbox = [0, 180.59082, 0, 180.59082]
2025-04-08 21:35:56,252 - [MainProcess:164098] mummi_ras.online.cg.cganalysis:processFrame:584 - INFO - Lengths of layers: 663 29 491
2025-04-08 21:35:56,313 - [MainProcess:164098] mummi_ras.online.cg.cganalysis:processFrame:765 - INFO - Time for analysis - frameNum 40, time 0.06804466247558594 s
2025-04-08 21:35:58,313 - [MainProcess:164098] mummi_ras.online.simulation:has_computed_enough:352 - INFO - runtime_hours*0.99 = 0.495 vs delta_time = 0.2726071424616708 (length 20.0 ns) False False
2025-04-08 21:36:00,317 - [MainProcess:164098] mummi_ras.online.simulation:has_computed_enough:352 - INFO - runtime_hours*0.99 = 0.495 vs delta_time = 0.27316379520628187 (length 20.0 ns) False False
2025-04-08 21:36:02,321 - [MainProcess:164098] mummi_ras.online.simulation:has_computed_enough:352 - INFO - runtime_hours*0.99 = 0.495 vs delta_time = 0.2737203956312603 (length 20.0 ns) False False
2025-04-08 21:36:04,325 - [MainProcess:164098] mummi_ras.online.simulation:has_computed_enough:352 - INFO - runtime_hours*0.99 = 0.495 vs delta_time = 0.2742770034737057 (length 20.0 ns) False False
2025-04-08 21:36:06,329 - [MainProcess:164098] mummi_ras.online.simulation:has_computed_enough:352 - INFO - runtime_hours*0.99 = 0.495 vs delta_time = 0.2748336146937476 (length 20.0 ns) False False
2025-04-08 21:36:08,333 - [MainProcess:164098] mummi_ras.online.simulation:has_computed_enough:352 - INFO - runtime_hours*0.99 = 0.495 vs delta_time = 0.2753902221388287 (length 20.0 ns) False False
2025-04-08 21:36:10,336 - [MainProcess:164098] mummi_ras.online.simulation:has_computed_enough:352 - INFO - runtime_hours*0.99 = 0.495 vs delta_time = 0.27594681746429867 (length 20.0 ns) False False
2025-04-08 21:36:12,340 - [MainProcess:164098] mummi_ras.online.simulation:has_computed_enough:352 - INFO - runtime_hours*0.99 = 0.495 vs delta_time = 0.27650341351826985 (length 20.0 ns) False False
2025-04-08 21:36:14,344 - [MainProcess:164098] mummi_ras.online.simulation:has_computed_enough:352 - INFO - runtime_hours*0.99 = 0.495 vs delta_time = 0.27706000480386944 (length 20.0 ns) False False
2025-04-08 21:36:16,348 - [MainProcess:164098] mummi_ras.online.simulation:has_computed_enough:352 - INFO - runtime_hours*0.99 = 0.495 vs delta_time = 0.27761661622259354 (length 20.0 ns) False False
2025-04-08 21:36:18,351 - [MainProcess:164098] mummi_ras.online.simulation:has_computed_enough:352 - INFO - runtime_hours*0.99 = 0.495 vs delta_time = 0.27817321015728846 (length 20.0 ns) False False
2025-04-08 21:36:20,355 - [MainProcess:164098] mummi_ras.online.simulation:has_computed_enough:352 - INFO - runtime_hours*0.99 = 0.495 vs delta_time = 0.27872983952363334 (length 20.0 ns) False False
2025-04-08 21:36:20,654 - [MainProcess:164098] mummi_ras.online.simulation:get_new_frames:399 - INFO - Getting all frame numbers in trajectory from 41 to 41.
2025-04-08 21:36:20,655 - [MainProcess:164098] mummi_ras.online.cg.cganalysis:run_main_analysis:193 - INFO - Process frame 41
2025-04-08 21:36:20,655 - [MainProcess:164098] mummi_ras.online.cg.cganalysis:processFrame:554 - INFO - Load 42 frames: current frame ID /tmp/mummi/cg/structure_iter00_000000000010-20250408_211916/traj_comp.xtc
2025-04-08 21:36:20,662 - [MainProcess:164098] mummi_ras.online.cg.cganalysis:processFrame:580 - INFO - Frame:    41, Time: 20500.000 ps, Bbox = [0, 180.70285, 0, 180.70285]
2025-04-08 21:36:20,662 - [MainProcess:164098] mummi_ras.online.cg.cganalysis:processFrame:584 - INFO - Lengths of layers: 663 31 489
2025-04-08 21:36:20,722 - [MainProcess:164098] mummi_ras.online.cg.cganalysis:processFrame:765 - INFO - Time for analysis - frameNum 41, time 0.06764435768127441 s
2025-04-08 21:36:22,723 - [MainProcess:164098] mummi_ras.online.simulation:has_computed_enough:352 - INFO - runtime_hours*0.99 = 0.495 vs delta_time = 0.27938749147786035 (length 20.5 ns) False False
2025-04-08 21:36:24,727 - [MainProcess:164098] mummi_ras.online.simulation:has_computed_enough:352 - INFO - runtime_hours*0.99 = 0.495 vs delta_time = 0.2799441893233193 (length 20.5 ns) False False
2025-04-08 21:36:26,731 - [MainProcess:164098] mummi_ras.online.simulation:has_computed_enough:352 - INFO - runtime_hours*0.99 = 0.495 vs delta_time = 0.28050083590878383 (length 20.5 ns) False False
2025-04-08 21:36:28,735 - [MainProcess:164098] mummi_ras.online.simulation:has_computed_enough:352 - INFO - runtime_hours*0.99 = 0.495 vs delta_time = 0.28105748269293046 (length 20.5 ns) False False
2025-04-08 21:36:30,739 - [MainProcess:164098] mummi_ras.online.simulation:has_computed_enough:352 - INFO - runtime_hours*0.99 = 0.495 vs delta_time = 0.281614132059945 (length 20.5 ns) False False
2025-04-08 21:36:32,743 - [MainProcess:164098] mummi_ras.online.simulation:has_computed_enough:352 - INFO - runtime_hours*0.99 = 0.495 vs delta_time = 0.2821707853343752 (length 20.5 ns) False False
2025-04-08 21:36:34,747 - [MainProcess:164098] mummi_ras.online.simulation:has_computed_enough:352 - INFO - runtime_hours*0.99 = 0.495 vs delta_time = 0.2827274333106147 (length 20.5 ns) False False
2025-04-08 21:36:36,750 - [MainProcess:164098] mummi_ras.online.simulation:has_computed_enough:352 - INFO - runtime_hours*0.99 = 0.495 vs delta_time = 0.28328408506181507 (length 20.5 ns) False False
2025-04-08 21:36:38,754 - [MainProcess:164098] mummi_ras.online.simulation:has_computed_enough:352 - INFO - runtime_hours*0.99 = 0.495 vs delta_time = 0.2838407218456268 (length 20.5 ns) False False
2025-04-08 21:36:40,758 - [MainProcess:164098] mummi_ras.online.simulation:has_computed_enough:352 - INFO - runtime_hours*0.99 = 0.495 vs delta_time = 0.28439737657705944 (length 20.5 ns) False False
2025-04-08 21:36:42,762 - [MainProcess:164098] mummi_ras.online.simulation:has_computed_enough:352 - INFO - runtime_hours*0.99 = 0.495 vs delta_time = 0.2849540070692698 (length 20.5 ns) False False
2025-04-08 21:36:44,766 - [MainProcess:164098] mummi_ras.online.simulation:has_computed_enough:352 - INFO - runtime_hours*0.99 = 0.495 vs delta_time = 0.2855106493499544 (length 20.5 ns) False False
2025-04-08 21:36:44,840 - [MainProcess:164098] mummi_ras.online.simulation:get_new_frames:399 - INFO - Getting all frame numbers in trajectory from 42 to 42.
2025-04-08 21:36:44,840 - [MainProcess:164098] mummi_ras.online.cg.cganalysis:run_main_analysis:193 - INFO - Process frame 42
2025-04-08 21:36:44,840 - [MainProcess:164098] mummi_ras.online.cg.cganalysis:processFrame:554 - INFO - Load 43 frames: current frame ID /tmp/mummi/cg/structure_iter00_000000000010-20250408_211916/traj_comp.xtc
2025-04-08 21:36:44,847 - [MainProcess:164098] mummi_ras.online.cg.cganalysis:processFrame:580 - INFO - Frame:    42, Time: 21000.000 ps, Bbox = [0, 181.48376, 0, 181.48376]
2025-04-08 21:36:44,847 - [MainProcess:164098] mummi_ras.online.cg.cganalysis:processFrame:584 - INFO - Lengths of layers: 661 32 490
2025-04-08 21:36:44,910 - [MainProcess:164098] mummi_ras.online.cg.cganalysis:processFrame:765 - INFO - Time for analysis - frameNum 42, time 0.06924724578857422 s
2025-04-08 21:36:46,910 - [MainProcess:164098] mummi_ras.online.simulation:has_computed_enough:352 - INFO - runtime_hours*0.99 = 0.495 vs delta_time = 0.2861062110132641 (length 21.0 ns) False False
2025-04-08 21:36:48,914 - [MainProcess:164098] mummi_ras.online.simulation:has_computed_enough:352 - INFO - runtime_hours*0.99 = 0.495 vs delta_time = 0.2866628595855501 (length 21.0 ns) False False
2025-04-08 21:36:50,918 - [MainProcess:164098] mummi_ras.online.simulation:has_computed_enough:352 - INFO - runtime_hours*0.99 = 0.495 vs delta_time = 0.28721950398551094 (length 21.0 ns) False False
2025-04-08 21:36:52,922 - [MainProcess:164098] mummi_ras.online.simulation:has_computed_enough:352 - INFO - runtime_hours*0.99 = 0.495 vs delta_time = 0.28777614487542047 (length 21.0 ns) False False
2025-04-08 21:36:54,926 - [MainProcess:164098] mummi_ras.online.simulation:has_computed_enough:352 - INFO - runtime_hours*0.99 = 0.495 vs delta_time = 0.2883327560954624 (length 21.0 ns) False False
2025-04-08 21:36:56,929 - [MainProcess:164098] mummi_ras.online.simulation:has_computed_enough:352 - INFO - runtime_hours*0.99 = 0.495 vs delta_time = 0.28888936393790776 (length 21.0 ns) False False
2025-04-08 21:36:58,933 - [MainProcess:164098] mummi_ras.online.simulation:has_computed_enough:352 - INFO - runtime_hours*0.99 = 0.495 vs delta_time = 0.28944596992598637 (length 21.0 ns) False False
2025-04-08 21:37:00,937 - [MainProcess:164098] mummi_ras.online.simulation:has_computed_enough:352 - INFO - runtime_hours*0.99 = 0.495 vs delta_time = 0.2900025747881995 (length 21.0 ns) False False
2025-04-08 21:37:02,941 - [MainProcess:164098] mummi_ras.online.simulation:has_computed_enough:352 - INFO - runtime_hours*0.99 = 0.495 vs delta_time = 0.29055916594134434 (length 21.0 ns) False False
2025-04-08 21:37:04,945 - [MainProcess:164098] mummi_ras.online.simulation:has_computed_enough:352 - INFO - runtime_hours*0.99 = 0.495 vs delta_time = 0.29111577166451347 (length 21.0 ns) False False
2025-04-08 21:37:06,948 - [MainProcess:164098] mummi_ras.online.simulation:has_computed_enough:352 - INFO - runtime_hours*0.99 = 0.495 vs delta_time = 0.29167237824863856 (length 21.0 ns) False False
2025-04-08 21:37:08,952 - [MainProcess:164098] mummi_ras.online.simulation:has_computed_enough:352 - INFO - runtime_hours*0.99 = 0.495 vs delta_time = 0.2922289876805411 (length 21.0 ns) False False
2025-04-08 21:37:10,956 - [MainProcess:164098] mummi_ras.online.simulation:has_computed_enough:352 - INFO - runtime_hours*0.99 = 0.495 vs delta_time = 0.29278559380107455 (length 21.0 ns) False False
2025-04-08 21:37:10,988 - [MainProcess:164098] mummi_ras.online.simulation:get_new_frames:399 - INFO - Getting all frame numbers in trajectory from 43 to 43.
2025-04-08 21:37:10,989 - [MainProcess:164098] mummi_ras.online.cg.cganalysis:run_main_analysis:193 - INFO - Process frame 43
2025-04-08 21:37:10,989 - [MainProcess:164098] mummi_ras.online.cg.cganalysis:processFrame:554 - INFO - Load 44 frames: current frame ID /tmp/mummi/cg/structure_iter00_000000000010-20250408_211916/traj_comp.xtc
2025-04-08 21:37:10,996 - [MainProcess:164098] mummi_ras.online.cg.cganalysis:processFrame:580 - INFO - Frame:    43, Time: 21500.000 ps, Bbox = [0, 181.10349, 0, 181.10349]
2025-04-08 21:37:10,996 - [MainProcess:164098] mummi_ras.online.cg.cganalysis:processFrame:584 - INFO - Lengths of layers: 659 34 490
2025-04-08 21:37:11,056 - [MainProcess:164098] mummi_ras.online.cg.cganalysis:processFrame:765 - INFO - Time for analysis - frameNum 43, time 0.06752729415893555 s
2025-04-08 21:37:13,057 - [MainProcess:164098] mummi_ras.online.simulation:has_computed_enough:352 - INFO - runtime_hours*0.99 = 0.495 vs delta_time = 0.29336912274360655 (length 21.5 ns) False False
2025-04-08 21:37:15,061 - [MainProcess:164098] mummi_ras.online.simulation:has_computed_enough:352 - INFO - runtime_hours*0.99 = 0.495 vs delta_time = 0.2939258068137699 (length 21.5 ns) False False
2025-04-08 21:37:17,065 - [MainProcess:164098] mummi_ras.online.simulation:has_computed_enough:352 - INFO - runtime_hours*0.99 = 0.495 vs delta_time = 0.2944824543926451 (length 21.5 ns) False False
2025-04-08 21:37:19,069 - [MainProcess:164098] mummi_ras.online.simulation:has_computed_enough:352 - INFO - runtime_hours*0.99 = 0.495 vs delta_time = 0.2950390928983688 (length 21.5 ns) False False
2025-04-08 21:37:21,073 - [MainProcess:164098] mummi_ras.online.simulation:has_computed_enough:352 - INFO - runtime_hours*0.99 = 0.495 vs delta_time = 0.2955957631270091 (length 21.5 ns) False False
2025-04-08 21:37:23,076 - [MainProcess:164098] mummi_ras.online.simulation:has_computed_enough:352 - INFO - runtime_hours*0.99 = 0.495 vs delta_time = 0.2961524021625519 (length 21.5 ns) False False
2025-04-08 21:37:25,080 - [MainProcess:164098] mummi_ras.online.simulation:has_computed_enough:352 - INFO - runtime_hours*0.99 = 0.495 vs delta_time = 0.29670905669530234 (length 21.5 ns) False False
2025-04-08 21:37:27,084 - [MainProcess:164098] mummi_ras.online.simulation:has_computed_enough:352 - INFO - runtime_hours*0.99 = 0.495 vs delta_time = 0.29726570414172276 (length 21.5 ns) False False
2025-04-08 21:37:29,088 - [MainProcess:164098] mummi_ras.online.simulation:has_computed_enough:352 - INFO - runtime_hours*0.99 = 0.495 vs delta_time = 0.2978223487403658 (length 21.5 ns) False False
2025-04-08 21:37:31,092 - [MainProcess:164098] mummi_ras.online.simulation:has_computed_enough:352 - INFO - runtime_hours*0.99 = 0.495 vs delta_time = 0.2983790116177665 (length 21.5 ns) False False
2025-04-08 21:37:33,096 - [MainProcess:164098] mummi_ras.online.simulation:has_computed_enough:352 - INFO - runtime_hours*0.99 = 0.495 vs delta_time = 0.2989356591304143 (length 21.5 ns) False False
2025-04-08 21:37:35,100 - [MainProcess:164098] mummi_ras.online.simulation:has_computed_enough:352 - INFO - runtime_hours*0.99 = 0.495 vs delta_time = 0.299492309557067 (length 21.5 ns) False False
2025-04-08 21:37:35,265 - [MainProcess:164098] mummi_ras.online.simulation:get_new_frames:399 - INFO - Getting all frame numbers in trajectory from 44 to 44.
2025-04-08 21:37:35,265 - [MainProcess:164098] mummi_ras.online.cg.cganalysis:run_main_analysis:193 - INFO - Process frame 44
2025-04-08 21:37:35,265 - [MainProcess:164098] mummi_ras.online.cg.cganalysis:processFrame:554 - INFO - Load 45 frames: current frame ID /tmp/mummi/cg/structure_iter00_000000000010-20250408_211916/traj_comp.xtc
2025-04-08 21:37:35,272 - [MainProcess:164098] mummi_ras.online.cg.cganalysis:processFrame:580 - INFO - Frame:    44, Time: 22000.000 ps, Bbox = [0, 180.56842, 0, 180.56842]
2025-04-08 21:37:35,272 - [MainProcess:164098] mummi_ras.online.cg.cganalysis:processFrame:584 - INFO - Lengths of layers: 660 38 485
2025-04-08 21:37:35,333 - [MainProcess:164098] mummi_ras.online.cg.cganalysis:processFrame:765 - INFO - Time for analysis - frameNum 44, time 0.06773972511291504 s
2025-04-08 21:37:37,334 - [MainProcess:164098] mummi_ras.online.simulation:has_computed_enough:352 - INFO - runtime_hours*0.99 = 0.495 vs delta_time = 0.3001127132442262 (length 22.0 ns) False False
2025-04-08 21:37:39,337 - [MainProcess:164098] mummi_ras.online.simulation:has_computed_enough:352 - INFO - runtime_hours*0.99 = 0.495 vs delta_time = 0.3006693575779597 (length 22.0 ns) False False
2025-04-08 21:37:41,341 - [MainProcess:164098] mummi_ras.online.simulation:has_computed_enough:352 - INFO - runtime_hours*0.99 = 0.495 vs delta_time = 0.30122597065236834 (length 22.0 ns) False False
2025-04-08 21:37:43,345 - [MainProcess:164098] mummi_ras.online.simulation:has_computed_enough:352 - INFO - runtime_hours*0.99 = 0.495 vs delta_time = 0.30178256975279916 (length 22.0 ns) False False
2025-04-08 21:37:45,349 - [MainProcess:164098] mummi_ras.online.simulation:has_computed_enough:352 - INFO - runtime_hours*0.99 = 0.495 vs delta_time = 0.30233917501237656 (length 22.0 ns) False False
2025-04-08 21:37:47,353 - [MainProcess:164098] mummi_ras.online.simulation:has_computed_enough:352 - INFO - runtime_hours*0.99 = 0.495 vs delta_time = 0.30289578550391727 (length 22.0 ns) False False
2025-04-08 21:37:49,356 - [MainProcess:164098] mummi_ras.online.simulation:has_computed_enough:352 - INFO - runtime_hours*0.99 = 0.495 vs delta_time = 0.3034523867898517 (length 22.0 ns) False False
2025-04-08 21:37:51,360 - [MainProcess:164098] mummi_ras.online.simulation:has_computed_enough:352 - INFO - runtime_hours*0.99 = 0.495 vs delta_time = 0.304009022447798 (length 22.0 ns) False False
2025-04-08 21:37:53,364 - [MainProcess:164098] mummi_ras.online.simulation:has_computed_enough:352 - INFO - runtime_hours*0.99 = 0.495 vs delta_time = 0.3045656314161089 (length 22.0 ns) False False
2025-04-08 21:37:55,368 - [MainProcess:164098] mummi_ras.online.simulation:has_computed_enough:352 - INFO - runtime_hours*0.99 = 0.495 vs delta_time = 0.3051222366094589 (length 22.0 ns) False False
2025-04-08 21:37:57,372 - [MainProcess:164098] mummi_ras.online.simulation:has_computed_enough:352 - INFO - runtime_hours*0.99 = 0.495 vs delta_time = 0.305678846306271 (length 22.0 ns) False False
2025-04-08 21:37:59,375 - [MainProcess:164098] mummi_ras.online.simulation:has_computed_enough:352 - INFO - runtime_hours*0.99 = 0.495 vs delta_time = 0.3062354494465722 (length 22.0 ns) False False
2025-04-08 21:37:59,450 - [MainProcess:164098] mummi_ras.online.simulation:get_new_frames:399 - INFO - Getting all frame numbers in trajectory from 45 to 45.
2025-04-08 21:37:59,450 - [MainProcess:164098] mummi_ras.online.cg.cganalysis:run_main_analysis:193 - INFO - Process frame 45
2025-04-08 21:37:59,450 - [MainProcess:164098] mummi_ras.online.cg.cganalysis:processFrame:554 - INFO - Load 46 frames: current frame ID /tmp/mummi/cg/structure_iter00_000000000010-20250408_211916/traj_comp.xtc
2025-04-08 21:37:59,457 - [MainProcess:164098] mummi_ras.online.cg.cganalysis:processFrame:580 - INFO - Frame:    45, Time: 22500.000 ps, Bbox = [0, 180.58731, 0, 180.58731]
2025-04-08 21:37:59,457 - [MainProcess:164098] mummi_ras.online.cg.cganalysis:processFrame:584 - INFO - Lengths of layers: 661 37 485
2025-04-08 21:37:59,518 - [MainProcess:164098] mummi_ras.online.cg.cganalysis:processFrame:765 - INFO - Time for analysis - frameNum 45, time 0.06801390647888184 s
2025-04-08 21:38:01,518 - [MainProcess:164098] mummi_ras.online.simulation:has_computed_enough:352 - INFO - runtime_hours*0.99 = 0.495 vs delta_time = 0.30683070255650413 (length 22.5 ns) False False
2025-04-08 21:38:03,522 - [MainProcess:164098] mummi_ras.online.simulation:has_computed_enough:352 - INFO - runtime_hours*0.99 = 0.495 vs delta_time = 0.3073873855008019 (length 22.5 ns) False False
2025-04-08 21:38:05,526 - [MainProcess:164098] mummi_ras.online.simulation:has_computed_enough:352 - INFO - runtime_hours*0.99 = 0.495 vs delta_time = 0.30794402758280437 (length 22.5 ns) False False
2025-04-08 21:38:07,530 - [MainProcess:164098] mummi_ras.online.simulation:has_computed_enough:352 - INFO - runtime_hours*0.99 = 0.495 vs delta_time = 0.3085006682740317 (length 22.5 ns) False False
2025-04-08 21:38:09,534 - [MainProcess:164098] mummi_ras.online.simulation:has_computed_enough:352 - INFO - runtime_hours*0.99 = 0.495 vs delta_time = 0.30905730313724944 (length 22.5 ns) False False
2025-04-08 21:38:11,538 - [MainProcess:164098] mummi_ras.online.simulation:has_computed_enough:352 - INFO - runtime_hours*0.99 = 0.495 vs delta_time = 0.3096139524380366 (length 22.5 ns) False False
2025-04-08 21:38:13,542 - [MainProcess:164098] mummi_ras.online.simulation:has_computed_enough:352 - INFO - runtime_hours*0.99 = 0.495 vs delta_time = 0.3101705913411246 (length 22.5 ns) False False
2025-04-08 21:38:15,546 - [MainProcess:164098] mummi_ras.online.simulation:has_computed_enough:352 - INFO - runtime_hours*0.99 = 0.495 vs delta_time = 0.31072722891966503 (length 22.5 ns) False False
2025-04-08 21:38:17,550 - [MainProcess:164098] mummi_ras.online.simulation:has_computed_enough:352 - INFO - runtime_hours*0.99 = 0.495 vs delta_time = 0.3112838688161638 (length 22.5 ns) False False
2025-04-08 21:38:19,554 - [MainProcess:164098] mummi_ras.online.simulation:has_computed_enough:352 - INFO - runtime_hours*0.99 = 0.495 vs delta_time = 0.3118405118253496 (length 22.5 ns) False False
2025-04-08 21:38:21,558 - [MainProcess:164098] mummi_ras.online.simulation:has_computed_enough:352 - INFO - runtime_hours*0.99 = 0.495 vs delta_time = 0.3123971907960044 (length 22.5 ns) False False
2025-04-08 21:38:23,562 - [MainProcess:164098] mummi_ras.online.simulation:has_computed_enough:352 - INFO - runtime_hours*0.99 = 0.495 vs delta_time = 0.3129538473818037 (length 22.5 ns) False False
2025-04-08 21:38:23,594 - [MainProcess:164098] mummi_ras.online.simulation:get_new_frames:399 - INFO - Getting all frame numbers in trajectory from 46 to 46.
2025-04-08 21:38:23,594 - [MainProcess:164098] mummi_ras.online.cg.cganalysis:run_main_analysis:193 - INFO - Process frame 46
2025-04-08 21:38:23,594 - [MainProcess:164098] mummi_ras.online.cg.cganalysis:processFrame:554 - INFO - Load 47 frames: current frame ID /tmp/mummi/cg/structure_iter00_000000000010-20250408_211916/traj_comp.xtc
2025-04-08 21:38:23,601 - [MainProcess:164098] mummi_ras.online.cg.cganalysis:processFrame:580 - INFO - Frame:    46, Time: 23000.000 ps, Bbox = [0, 179.92542, 0, 179.92542]
2025-04-08 21:38:23,601 - [MainProcess:164098] mummi_ras.online.cg.cganalysis:processFrame:584 - INFO - Lengths of layers: 659 42 482
2025-04-08 21:38:23,663 - [MainProcess:164098] mummi_ras.online.cg.cganalysis:processFrame:765 - INFO - Time for analysis - frameNum 46, time 0.06853413581848145 s
2025-04-08 21:38:25,663 - [MainProcess:164098] mummi_ras.online.simulation:has_computed_enough:352 - INFO - runtime_hours*0.99 = 0.495 vs delta_time = 0.3135376447439194 (length 23.0 ns) False False
2025-04-08 21:38:27,667 - [MainProcess:164098] mummi_ras.online.simulation:has_computed_enough:352 - INFO - runtime_hours*0.99 = 0.495 vs delta_time = 0.3140943078862296 (length 23.0 ns) False False
2025-04-08 21:38:29,671 - [MainProcess:164098] mummi_ras.online.simulation:has_computed_enough:352 - INFO - runtime_hours*0.99 = 0.495 vs delta_time = 0.3146509140729904 (length 23.0 ns) False False
2025-04-08 21:38:31,675 - [MainProcess:164098] mummi_ras.online.simulation:has_computed_enough:352 - INFO - runtime_hours*0.99 = 0.495 vs delta_time = 0.31520752780967287 (length 23.0 ns) False False
2025-04-08 21:38:33,679 - [MainProcess:164098] mummi_ras.online.simulation:has_computed_enough:352 - INFO - runtime_hours*0.99 = 0.495 vs delta_time = 0.31576413306925033 (length 23.0 ns) False False
2025-04-08 21:38:35,682 - [MainProcess:164098] mummi_ras.online.simulation:has_computed_enough:352 - INFO - runtime_hours*0.99 = 0.495 vs delta_time = 0.31632074375947317 (length 23.0 ns) False False
2025-04-08 21:38:37,686 - [MainProcess:164098] mummi_ras.online.simulation:has_computed_enough:352 - INFO - runtime_hours*0.99 = 0.495 vs delta_time = 0.31687736213207246 (length 23.0 ns) False False
2025-04-08 21:38:39,690 - [MainProcess:164098] mummi_ras.online.simulation:has_computed_enough:352 - INFO - runtime_hours*0.99 = 0.495 vs delta_time = 0.31743397090170117 (length 23.0 ns) False False
2025-04-08 21:38:41,694 - [MainProcess:164098] mummi_ras.online.simulation:has_computed_enough:352 - INFO - runtime_hours*0.99 = 0.495 vs delta_time = 0.3179905768235525 (length 23.0 ns) False False
2025-04-08 21:38:43,698 - [MainProcess:164098] mummi_ras.online.simulation:has_computed_enough:352 - INFO - runtime_hours*0.99 = 0.495 vs delta_time = 0.3185471820831299 (length 23.0 ns) False False
2025-04-08 21:38:45,701 - [MainProcess:164098] mummi_ras.online.simulation:has_computed_enough:352 - INFO - runtime_hours*0.99 = 0.495 vs delta_time = 0.3191037774748272 (length 23.0 ns) False False
2025-04-08 21:38:47,705 - [MainProcess:164098] mummi_ras.online.simulation:has_computed_enough:352 - INFO - runtime_hours*0.99 = 0.495 vs delta_time = 0.3196603881650501 (length 23.0 ns) False False
2025-04-08 21:38:47,737 - [MainProcess:164098] mummi_ras.online.simulation:get_new_frames:399 - INFO - Getting all frame numbers in trajectory from 47 to 47.
2025-04-08 21:38:47,737 - [MainProcess:164098] mummi_ras.online.cg.cganalysis:run_main_analysis:193 - INFO - Process frame 47
2025-04-08 21:38:47,738 - [MainProcess:164098] mummi_ras.online.cg.cganalysis:processFrame:554 - INFO - Load 48 frames: current frame ID /tmp/mummi/cg/structure_iter00_000000000010-20250408_211916/traj_comp.xtc
2025-04-08 21:38:47,745 - [MainProcess:164098] mummi_ras.online.cg.cganalysis:processFrame:580 - INFO - Frame:    47, Time: 23500.000 ps, Bbox = [0, 180.46875, 0, 180.46875]
2025-04-08 21:38:47,745 - [MainProcess:164098] mummi_ras.online.cg.cganalysis:processFrame:584 - INFO - Lengths of layers: 660 36 487
2025-04-08 21:38:47,806 - [MainProcess:164098] mummi_ras.online.cg.cganalysis:processFrame:765 - INFO - Time for analysis - frameNum 47, time 0.06799077987670898 s
2025-04-08 21:38:49,806 - [MainProcess:164098] mummi_ras.online.simulation:has_computed_enough:352 - INFO - runtime_hours*0.99 = 0.495 vs delta_time = 0.3202439645926158 (length 23.5 ns) False False
2025-04-08 21:38:51,810 - [MainProcess:164098] mummi_ras.online.simulation:has_computed_enough:352 - INFO - runtime_hours*0.99 = 0.495 vs delta_time = 0.3208006442917718 (length 23.5 ns) False False
2025-04-08 21:38:53,814 - [MainProcess:164098] mummi_ras.online.simulation:has_computed_enough:352 - INFO - runtime_hours*0.99 = 0.495 vs delta_time = 0.32135728498299915 (length 23.5 ns) False False
2025-04-08 21:38:55,818 - [MainProcess:164098] mummi_ras.online.simulation:has_computed_enough:352 - INFO - runtime_hours*0.99 = 0.495 vs delta_time = 0.32191390064027575 (length 23.5 ns) False False
2025-04-08 21:38:57,822 - [MainProcess:164098] mummi_ras.online.simulation:has_computed_enough:352 - INFO - runtime_hours*0.99 = 0.495 vs delta_time = 0.3224705027209388 (length 23.5 ns) False False
2025-04-08 21:38:59,825 - [MainProcess:164098] mummi_ras.online.simulation:has_computed_enough:352 - INFO - runtime_hours*0.99 = 0.495 vs delta_time = 0.3230271056625578 (length 23.5 ns) False False
2025-04-08 21:39:01,829 - [MainProcess:164098] mummi_ras.online.simulation:has_computed_enough:352 - INFO - runtime_hours*0.99 = 0.495 vs delta_time = 0.3235837099287245 (length 23.5 ns) False False
2025-04-08 21:39:03,833 - [MainProcess:164098] mummi_ras.online.simulation:has_computed_enough:352 - INFO - runtime_hours*0.99 = 0.495 vs delta_time = 0.32414032611582017 (length 23.5 ns) False False
2025-04-08 21:39:05,837 - [MainProcess:164098] mummi_ras.online.simulation:has_computed_enough:352 - INFO - runtime_hours*0.99 = 0.495 vs delta_time = 0.3246969225671556 (length 23.5 ns) False False
2025-04-08 21:39:07,840 - [MainProcess:164098] mummi_ras.online.simulation:has_computed_enough:352 - INFO - runtime_hours*0.99 = 0.495 vs delta_time = 0.3252535175614887 (length 23.5 ns) False False
2025-04-08 21:39:09,844 - [MainProcess:164098] mummi_ras.online.simulation:has_computed_enough:352 - INFO - runtime_hours*0.99 = 0.495 vs delta_time = 0.32581011911233265 (length 23.5 ns) False False
2025-04-08 21:39:11,848 - [MainProcess:164098] mummi_ras.online.simulation:has_computed_enough:352 - INFO - runtime_hours*0.99 = 0.495 vs delta_time = 0.32636672755082446 (length 23.5 ns) False False
2025-04-08 21:39:11,890 - [MainProcess:164098] mummi_ras.online.simulation:get_new_frames:399 - INFO - Getting all frame numbers in trajectory from 48 to 48.
2025-04-08 21:39:11,890 - [MainProcess:164098] mummi_ras.online.cg.cganalysis:run_main_analysis:193 - INFO - Process frame 48
2025-04-08 21:39:11,890 - [MainProcess:164098] mummi_ras.online.cg.cganalysis:processFrame:554 - INFO - Load 49 frames: current frame ID /tmp/mummi/cg/structure_iter00_000000000010-20250408_211916/traj_comp.xtc
2025-04-08 21:39:11,897 - [MainProcess:164098] mummi_ras.online.cg.cganalysis:processFrame:580 - INFO - Frame:    48, Time: 24000.000 ps, Bbox = [0, 180.68057, 0, 180.68057]
2025-04-08 21:39:11,897 - [MainProcess:164098] mummi_ras.online.cg.cganalysis:processFrame:584 - INFO - Lengths of layers: 656 42 485
2025-04-08 21:39:11,958 - [MainProcess:164098] mummi_ras.online.cg.cganalysis:processFrame:765 - INFO - Time for analysis - frameNum 48, time 0.06762337684631348 s
2025-04-08 21:39:13,958 - [MainProcess:164098] mummi_ras.online.simulation:has_computed_enough:352 - INFO - runtime_hours*0.99 = 0.495 vs delta_time = 0.32695286638206905 (length 24.0 ns) False False
2025-04-08 21:39:15,962 - [MainProcess:164098] mummi_ras.online.simulation:has_computed_enough:352 - INFO - runtime_hours*0.99 = 0.495 vs delta_time = 0.3275095080004798 (length 24.0 ns) False False
2025-04-08 21:39:17,966 - [MainProcess:164098] mummi_ras.online.simulation:has_computed_enough:352 - INFO - runtime_hours*0.99 = 0.495 vs delta_time = 0.32806610623995464 (length 24.0 ns) False False
2025-04-08 21:39:19,970 - [MainProcess:164098] mummi_ras.online.simulation:has_computed_enough:352 - INFO - runtime_hours*0.99 = 0.495 vs delta_time = 0.32862271302276186 (length 24.0 ns) False False
2025-04-08 21:39:21,973 - [MainProcess:164098] mummi_ras.online.simulation:has_computed_enough:352 - INFO - runtime_hours*0.99 = 0.495 vs delta_time = 0.3291793473561605 (length 24.0 ns) False False
2025-04-08 21:39:23,977 - [MainProcess:164098] mummi_ras.online.simulation:has_computed_enough:352 - INFO - runtime_hours*0.99 = 0.495 vs delta_time = 0.3297359614239799 (length 24.0 ns) False False
2025-04-08 21:39:25,981 - [MainProcess:164098] mummi_ras.online.simulation:has_computed_enough:352 - INFO - runtime_hours*0.99 = 0.495 vs delta_time = 0.33029255549112957 (length 24.0 ns) False False
2025-04-08 21:39:27,985 - [MainProcess:164098] mummi_ras.online.simulation:has_computed_enough:352 - INFO - runtime_hours*0.99 = 0.495 vs delta_time = 0.33084915704197354 (length 24.0 ns) False False
2025-04-08 21:39:29,989 - [MainProcess:164098] mummi_ras.online.simulation:has_computed_enough:352 - INFO - runtime_hours*0.99 = 0.495 vs delta_time = 0.3314057725667954 (length 24.0 ns) False False
2025-04-08 21:39:31,992 - [MainProcess:164098] mummi_ras.online.simulation:has_computed_enough:352 - INFO - runtime_hours*0.99 = 0.495 vs delta_time = 0.3319623738527298 (length 24.0 ns) False False
2025-04-08 21:39:33,996 - [MainProcess:164098] mummi_ras.online.simulation:has_computed_enough:352 - INFO - runtime_hours*0.99 = 0.495 vs delta_time = 0.3325189768605762 (length 24.0 ns) False False
2025-04-08 21:39:36,000 - [MainProcess:164098] mummi_ras.online.simulation:has_computed_enough:352 - INFO - runtime_hours*0.99 = 0.495 vs delta_time = 0.3330755833122465 (length 24.0 ns) False False
2025-04-08 21:39:38,004 - [MainProcess:164098] mummi_ras.online.simulation:has_computed_enough:352 - INFO - runtime_hours*0.99 = 0.495 vs delta_time = 0.33363217453161875 (length 24.0 ns) False False
2025-04-08 21:39:38,048 - [MainProcess:164098] mummi_ras.online.simulation:get_new_frames:399 - INFO - Getting all frame numbers in trajectory from 49 to 49.
2025-04-08 21:39:38,048 - [MainProcess:164098] mummi_ras.online.cg.cganalysis:run_main_analysis:193 - INFO - Process frame 49
2025-04-08 21:39:38,048 - [MainProcess:164098] mummi_ras.online.cg.cganalysis:processFrame:554 - INFO - Load 50 frames: current frame ID /tmp/mummi/cg/structure_iter00_000000000010-20250408_211916/traj_comp.xtc
2025-04-08 21:39:38,055 - [MainProcess:164098] mummi_ras.online.cg.cganalysis:processFrame:580 - INFO - Frame:    49, Time: 24500.000 ps, Bbox = [0, 181.38925, 0, 181.38925]
2025-04-08 21:39:38,056 - [MainProcess:164098] mummi_ras.online.cg.cganalysis:processFrame:584 - INFO - Lengths of layers: 657 41 485
2025-04-08 21:39:38,116 - [MainProcess:164098] mummi_ras.online.cg.cganalysis:processFrame:765 - INFO - Time for analysis - frameNum 49, time 0.06801939010620117 s
2025-04-08 21:39:40,117 - [MainProcess:164098] mummi_ras.online.simulation:has_computed_enough:352 - INFO - runtime_hours*0.99 = 0.495 vs delta_time = 0.334219211935997 (length 24.5 ns) False False
2025-04-08 21:39:40,121 - [MainProcess:164098] mummi_ras.online.cg.cganalysis:processOutput:92 - INFO - Add feedback for frameNum 40 - state []
2025-04-08 21:39:40,121 - [MainProcess:164098] mummi_ras.online.cg.cganalysis:processOutput:92 - INFO - Add feedback for frameNum 41 - state []
2025-04-08 21:39:40,121 - [MainProcess:164098] mummi_ras.online.cg.cganalysis:processOutput:92 - INFO - Add feedback for frameNum 42 - state []
2025-04-08 21:39:40,121 - [MainProcess:164098] mummi_ras.online.cg.cganalysis:processOutput:92 - INFO - Add feedback for frameNum 43 - state []
2025-04-08 21:39:40,121 - [MainProcess:164098] mummi_ras.online.cg.cganalysis:processOutput:92 - INFO - Add feedback for frameNum 44 - state []
2025-04-08 21:39:40,121 - [MainProcess:164098] mummi_ras.online.cg.cganalysis:processOutput:92 - INFO - Add feedback for frameNum 45 - state []
2025-04-08 21:39:40,122 - [MainProcess:164098] mummi_ras.online.cg.cganalysis:processOutput:92 - INFO - Add feedback for frameNum 46 - state []
2025-04-08 21:39:40,122 - [MainProcess:164098] mummi_ras.online.cg.cganalysis:processOutput:92 - INFO - Add feedback for frameNum 47 - state []
2025-04-08 21:39:40,122 - [MainProcess:164098] mummi_ras.online.cg.cganalysis:processOutput:92 - INFO - Add feedback for frameNum 48 - state []
2025-04-08 21:39:40,122 - [MainProcess:164098] mummi_ras.online.cg.cganalysis:processOutput:92 - INFO - Add feedback for frameNum 49 - state []
2025-04-08 21:39:40,132 - [MainProcess:164098] mummi_core.interfaces.simple:_save_files:91 - INFO - Wrote 10 files to (/p/gpfs1/pottier1/minimummi-sc25/roots/root3/feedback-cg2ml/010)
2025-04-08 21:39:40,132 - [MainProcess:164098] mummi_ras.feedback.feedback_manager_cg2ml:report:118 - INFO - Added 10 frames (from structure_iter00_000000000010) to feedback (/p/gpfs1/pottier1/minimummi-sc25/roots/root3/feedback-cg2ml)
2025-04-08 21:39:40,132 - [MainProcess:164098] mummi_ras.online.cg.cganalysis:processOutput:112 - INFO - processOutput: 49
2025-04-08 21:39:40,132 - [MainProcess:164098] mummi_ras.online.cg.cganalysis:copyRemoteRestart:452 - INFO - Copy to remote frames [40, 41, 42, 43, 44, 45, 46, 47, 48, 49]
sending incremental file list
ener.edr
md.log
mdrun.log
traj_comp.xtc

sent 10,918,036 bytes  received 92 bytes  21,836,256.00 bytes/sec
total size is 13,941,782  speedup is 1.28
2025-04-08 21:39:40,259 - [MainProcess:164098] mummi_core.utils.utilities:sys_call:184 - INFO - Run command: rsync -va --no-g traj_comp.xtc topol.tpr state.cpt ener.edr md.log mdrun.log /p/gpfs1/pottier1/minimummi-sc25/roots/root3/sims-cg/structure_iter00_000000000010 || true
2025-04-08 21:39:40,687 - [MainProcess:164098] mummi_ras.interfaces.mummi:save_analysis_data:253 - INFO - Saved all analysis data for frames [40, 41, 42, 43, 44, 45, 46, 47, 48, 49]
2025-04-08 21:39:40,687 - [MainProcess:164098] mummi_ras.online.cg.cganalysis:copyRemoteLogs:350 - INFO - Copy over log files
2025-04-08 21:39:40,713 - [MainProcess:164098] mummi_core.utils.utilities:sys_call:184 - INFO - Run command: cp -r  /tmp/mummi/cg/structure_iter00_000000000010-20250408_211916/cg_analysis.out /tmp/mummi/cg/structure_iter00_000000000010-20250408_211916/traj_comp.xtc /tmp/mummi/cg/structure_iter00_000000000010-20250408_211916/*.log /p/gpfs1/pottier1/minimummi-sc25/roots/root3/sims-cg/structure_iter00_000000000010/ || true
2025-04-08 21:39:40,713 - [MainProcess:164098] mummi_ras.online.cg.cganalysis:copyRemoteLogs:365 - INFO - copyRemoteLogs =  /tmp/mummi/cg/structure_iter00_000000000010-20250408_211916/cg_analysis.out /tmp/mummi/cg/structure_iter00_000000000010-20250408_211916/traj_comp.xtc /tmp/mummi/cg/structure_iter00_000000000010-20250408_211916/*.log
2025-04-08 21:39:40,713 - [MainProcess:164098] mummi_ras.online.cg.cganalysis:cleanupLocal:375 - WARNING - Copy cleanup local only works for ddcMD files
2025-04-08 21:39:42,714 - [MainProcess:164098] mummi_ras.online.simulation:has_computed_enough:352 - INFO - runtime_hours*0.99 = 0.495 vs delta_time = 0.3349404942989349 (length 24.5 ns) False False
2025-04-08 21:39:44,718 - [MainProcess:164098] mummi_ras.online.simulation:has_computed_enough:352 - INFO - runtime_hours*0.99 = 0.495 vs delta_time = 0.3354971747265922 (length 24.5 ns) False False
2025-04-08 21:39:46,722 - [MainProcess:164098] mummi_ras.online.simulation:has_computed_enough:352 - INFO - runtime_hours*0.99 = 0.495 vs delta_time = 0.33605381733841366 (length 24.5 ns) False False
2025-04-08 21:39:48,725 - [MainProcess:164098] mummi_ras.online.simulation:has_computed_enough:352 - INFO - runtime_hours*0.99 = 0.495 vs delta_time = 0.3366104671027925 (length 24.5 ns) False False
2025-04-08 21:39:50,730 - [MainProcess:164098] mummi_ras.online.simulation:has_computed_enough:352 - INFO - runtime_hours*0.99 = 0.495 vs delta_time = 0.33716714560985567 (length 24.5 ns) False False
2025-04-08 21:39:52,734 - [MainProcess:164098] mummi_ras.online.simulation:has_computed_enough:352 - INFO - runtime_hours*0.99 = 0.495 vs delta_time = 0.337723827958107 (length 24.5 ns) False False
2025-04-08 21:39:54,737 - [MainProcess:164098] mummi_ras.online.simulation:has_computed_enough:352 - INFO - runtime_hours*0.99 = 0.495 vs delta_time = 0.3382804752058453 (length 24.5 ns) False False
2025-04-08 21:39:56,741 - [MainProcess:164098] mummi_ras.online.simulation:has_computed_enough:352 - INFO - runtime_hours*0.99 = 0.495 vs delta_time = 0.33883712940745886 (length 24.5 ns) False False
2025-04-08 21:39:58,745 - [MainProcess:164098] mummi_ras.online.simulation:has_computed_enough:352 - INFO - runtime_hours*0.99 = 0.495 vs delta_time = 0.33939379486772747 (length 24.5 ns) False False
2025-04-08 21:40:00,749 - [MainProcess:164098] mummi_ras.online.simulation:has_computed_enough:352 - INFO - runtime_hours*0.99 = 0.495 vs delta_time = 0.3399504442347421 (length 24.5 ns) False False
2025-04-08 21:40:00,990 - [MainProcess:164098] mummi_ras.online.simulation:get_new_frames:399 - INFO - Getting all frame numbers in trajectory from 50 to 50.
2025-04-08 21:40:00,990 - [MainProcess:164098] mummi_ras.online.cg.cganalysis:run_main_analysis:193 - INFO - Process frame 50
2025-04-08 21:40:00,990 - [MainProcess:164098] mummi_ras.online.cg.cganalysis:processFrame:554 - INFO - Load 51 frames: current frame ID /tmp/mummi/cg/structure_iter00_000000000010-20250408_211916/traj_comp.xtc
2025-04-08 21:40:00,997 - [MainProcess:164098] mummi_ras.online.cg.cganalysis:processFrame:580 - INFO - Frame:    50, Time: 25000.000 ps, Bbox = [0, 181.42374, 0, 181.42374]
2025-04-08 21:40:00,997 - [MainProcess:164098] mummi_ras.online.cg.cganalysis:processFrame:584 - INFO - Lengths of layers: 657 41 485
2025-04-08 21:40:01,060 - [MainProcess:164098] mummi_ras.online.cg.cganalysis:processFrame:765 - INFO - Time for analysis - frameNum 50, time 0.0705564022064209 s
2025-04-08 21:40:03,061 - [MainProcess:164098] mummi_ras.online.simulation:has_computed_enough:352 - INFO - runtime_hours*0.99 = 0.495 vs delta_time = 0.3405925139453676 (length 25.0 ns) False False
2025-04-08 21:40:05,065 - [MainProcess:164098] mummi_ras.online.simulation:has_computed_enough:352 - INFO - runtime_hours*0.99 = 0.495 vs delta_time = 0.34114919847912256 (length 25.0 ns) False False
2025-04-08 21:40:07,069 - [MainProcess:164098] mummi_ras.online.simulation:has_computed_enough:352 - INFO - runtime_hours*0.99 = 0.495 vs delta_time = 0.34170584446854063 (length 25.0 ns) False False
2025-04-08 21:40:09,073 - [MainProcess:164098] mummi_ras.online.simulation:has_computed_enough:352 - INFO - runtime_hours*0.99 = 0.495 vs delta_time = 0.3422624979416529 (length 25.0 ns) False False
2025-04-08 21:40:11,077 - [MainProcess:164098] mummi_ras.online.simulation:has_computed_enough:352 - INFO - runtime_hours*0.99 = 0.495 vs delta_time = 0.3428191442622079 (length 25.0 ns) False False
2025-04-08 21:40:13,081 - [MainProcess:164098] mummi_ras.online.simulation:has_computed_enough:352 - INFO - runtime_hours*0.99 = 0.495 vs delta_time = 0.3433757897218068 (length 25.0 ns) False False
2025-04-08 21:40:15,085 - [MainProcess:164098] mummi_ras.online.simulation:has_computed_enough:352 - INFO - runtime_hours*0.99 = 0.495 vs delta_time = 0.3439324340555403 (length 25.0 ns) False False
2025-04-08 21:40:17,088 - [MainProcess:164098] mummi_ras.online.simulation:has_computed_enough:352 - INFO - runtime_hours*0.99 = 0.495 vs delta_time = 0.34448907441563076 (length 25.0 ns) False False
2025-04-08 21:40:19,092 - [MainProcess:164098] mummi_ras.online.simulation:has_computed_enough:352 - INFO - runtime_hours*0.99 = 0.495 vs delta_time = 0.3450457207361857 (length 25.0 ns) False False
2025-04-08 21:40:21,096 - [MainProcess:164098] mummi_ras.online.simulation:has_computed_enough:352 - INFO - runtime_hours*0.99 = 0.495 vs delta_time = 0.3456023899714152 (length 25.0 ns) False False
2025-04-08 21:40:23,100 - [MainProcess:164098] mummi_ras.online.simulation:has_computed_enough:352 - INFO - runtime_hours*0.99 = 0.495 vs delta_time = 0.34615903470251297 (length 25.0 ns) False False
2025-04-08 21:40:25,104 - [MainProcess:164098] mummi_ras.online.simulation:has_computed_enough:352 - INFO - runtime_hours*0.99 = 0.495 vs delta_time = 0.34671568082438575 (length 25.0 ns) False False
2025-04-08 21:40:25,140 - [MainProcess:164098] mummi_ras.online.simulation:get_new_frames:399 - INFO - Getting all frame numbers in trajectory from 51 to 51.
2025-04-08 21:40:25,140 - [MainProcess:164098] mummi_ras.online.cg.cganalysis:run_main_analysis:193 - INFO - Process frame 51
2025-04-08 21:40:25,140 - [MainProcess:164098] mummi_ras.online.cg.cganalysis:processFrame:554 - INFO - Load 52 frames: current frame ID /tmp/mummi/cg/structure_iter00_000000000010-20250408_211916/traj_comp.xtc
2025-04-08 21:40:25,148 - [MainProcess:164098] mummi_ras.online.cg.cganalysis:processFrame:580 - INFO - Frame:    51, Time: 25500.000 ps, Bbox = [0, 181.82504, 0, 181.82504]
2025-04-08 21:40:25,148 - [MainProcess:164098] mummi_ras.online.cg.cganalysis:processFrame:584 - INFO - Lengths of layers: 655 49 479
2025-04-08 21:40:25,208 - [MainProcess:164098] mummi_ras.online.cg.cganalysis:processFrame:765 - INFO - Time for analysis - frameNum 51, time 0.06777524948120117 s
2025-04-08 21:40:27,209 - [MainProcess:164098] mummi_ras.online.simulation:has_computed_enough:352 - INFO - runtime_hours*0.99 = 0.495 vs delta_time = 0.3473002537091573 (length 25.5 ns) False False
2025-04-08 21:40:29,213 - [MainProcess:164098] mummi_ras.online.simulation:has_computed_enough:352 - INFO - runtime_hours*0.99 = 0.495 vs delta_time = 0.3478569383753671 (length 25.5 ns) False False
2025-04-08 21:40:31,217 - [MainProcess:164098] mummi_ras.online.simulation:has_computed_enough:352 - INFO - runtime_hours*0.99 = 0.495 vs delta_time = 0.3484135921133889 (length 25.5 ns) False False
2025-04-08 21:40:33,221 - [MainProcess:164098] mummi_ras.online.simulation:has_computed_enough:352 - INFO - runtime_hours*0.99 = 0.495 vs delta_time = 0.3489702397584915 (length 25.5 ns) False False
2025-04-08 21:40:35,225 - [MainProcess:164098] mummi_ras.online.simulation:has_computed_enough:352 - INFO - runtime_hours*0.99 = 0.495 vs delta_time = 0.3495268946223789 (length 25.5 ns) False False
2025-04-08 21:40:37,229 - [MainProcess:164098] mummi_ras.online.simulation:has_computed_enough:352 - INFO - runtime_hours*0.99 = 0.495 vs delta_time = 0.3500835383600659 (length 25.5 ns) False False
2025-04-08 21:40:39,232 - [MainProcess:164098] mummi_ras.online.simulation:has_computed_enough:352 - INFO - runtime_hours*0.99 = 0.495 vs delta_time = 0.35064018554157683 (length 25.5 ns) False False
2025-04-08 21:40:41,236 - [MainProcess:164098] mummi_ras.online.simulation:has_computed_enough:352 - INFO - runtime_hours*0.99 = 0.495 vs delta_time = 0.35119683073626623 (length 25.5 ns) False False
2025-04-08 21:40:43,240 - [MainProcess:164098] mummi_ras.online.simulation:has_computed_enough:352 - INFO - runtime_hours*0.99 = 0.495 vs delta_time = 0.3517534695731269 (length 25.5 ns) False False
2025-04-08 21:40:45,244 - [MainProcess:164098] mummi_ras.online.simulation:has_computed_enough:352 - INFO - runtime_hours*0.99 = 0.495 vs delta_time = 0.3523101140393151 (length 25.5 ns) False False
2025-04-08 21:40:47,248 - [MainProcess:164098] mummi_ras.online.simulation:has_computed_enough:352 - INFO - runtime_hours*0.99 = 0.495 vs delta_time = 0.3528667704264323 (length 25.5 ns) False False
2025-04-08 21:40:49,252 - [MainProcess:164098] mummi_ras.online.simulation:has_computed_enough:352 - INFO - runtime_hours*0.99 = 0.495 vs delta_time = 0.3534234334362878 (length 25.5 ns) False False
2025-04-08 21:40:51,256 - [MainProcess:164098] mummi_ras.online.simulation:has_computed_enough:352 - INFO - runtime_hours*0.99 = 0.495 vs delta_time = 0.35398010578420425 (length 25.5 ns) False False
2025-04-08 21:40:51,289 - [MainProcess:164098] mummi_ras.online.simulation:get_new_frames:399 - INFO - Getting all frame numbers in trajectory from 52 to 52.
2025-04-08 21:40:51,289 - [MainProcess:164098] mummi_ras.online.cg.cganalysis:run_main_analysis:193 - INFO - Process frame 52
2025-04-08 21:40:51,289 - [MainProcess:164098] mummi_ras.online.cg.cganalysis:processFrame:554 - INFO - Load 53 frames: current frame ID /tmp/mummi/cg/structure_iter00_000000000010-20250408_211916/traj_comp.xtc
2025-04-08 21:40:51,296 - [MainProcess:164098] mummi_ras.online.cg.cganalysis:processFrame:580 - INFO - Frame:    52, Time: 26000.000 ps, Bbox = [0, 181.57118, 0, 181.57118]
2025-04-08 21:40:51,296 - [MainProcess:164098] mummi_ras.online.cg.cganalysis:processFrame:584 - INFO - Lengths of layers: 653 43 487
2025-04-08 21:40:51,357 - [MainProcess:164098] mummi_ras.online.cg.cganalysis:processFrame:765 - INFO - Time for analysis - frameNum 52, time 0.06799483299255371 s
2025-04-08 21:40:53,357 - [MainProcess:164098] mummi_ras.online.simulation:has_computed_enough:352 - INFO - runtime_hours*0.99 = 0.495 vs delta_time = 0.35456374102168614 (length 26.0 ns) False False
2025-04-08 21:40:55,361 - [MainProcess:164098] mummi_ras.online.simulation:has_computed_enough:352 - INFO - runtime_hours*0.99 = 0.495 vs delta_time = 0.3551204299264484 (length 26.0 ns) False False
2025-04-08 21:40:57,365 - [MainProcess:164098] mummi_ras.online.simulation:has_computed_enough:352 - INFO - runtime_hours*0.99 = 0.495 vs delta_time = 0.3556770747237735 (length 26.0 ns) False False
2025-04-08 21:40:59,369 - [MainProcess:164098] mummi_ras.online.simulation:has_computed_enough:352 - INFO - runtime_hours*0.99 = 0.495 vs delta_time = 0.3562337273359299 (length 26.0 ns) False False
2025-04-08 21:41:01,373 - [MainProcess:164098] mummi_ras.online.simulation:has_computed_enough:352 - INFO - runtime_hours*0.99 = 0.495 vs delta_time = 0.3567903749148051 (length 26.0 ns) False False
2025-04-08 21:41:03,377 - [MainProcess:164098] mummi_ras.online.simulation:has_computed_enough:352 - INFO - runtime_hours*0.99 = 0.495 vs delta_time = 0.3573470191160838 (length 26.0 ns) False False
2025-04-08 21:41:05,381 - [MainProcess:164098] mummi_ras.online.simulation:has_computed_enough:352 - INFO - runtime_hours*0.99 = 0.495 vs delta_time = 0.35790366537041135 (length 26.0 ns) False False
2025-04-08 21:41:07,385 - [MainProcess:164098] mummi_ras.online.simulation:has_computed_enough:352 - INFO - runtime_hours*0.99 = 0.495 vs delta_time = 0.3584603014919493 (length 26.0 ns) False False
2025-04-08 21:41:09,389 - [MainProcess:164098] mummi_ras.online.simulation:has_computed_enough:352 - INFO - runtime_hours*0.99 = 0.495 vs delta_time = 0.359016946554184 (length 26.0 ns) False False
2025-04-08 21:41:11,393 - [MainProcess:164098] mummi_ras.online.simulation:has_computed_enough:352 - INFO - runtime_hours*0.99 = 0.495 vs delta_time = 0.3595735967821545 (length 26.0 ns) False False
2025-04-08 21:41:13,397 - [MainProcess:164098] mummi_ras.online.simulation:has_computed_enough:352 - INFO - runtime_hours*0.99 = 0.495 vs delta_time = 0.36013023714224496 (length 26.0 ns) False False
2025-04-08 21:41:15,401 - [MainProcess:164098] mummi_ras.online.simulation:has_computed_enough:352 - INFO - runtime_hours*0.99 = 0.495 vs delta_time = 0.3606868802838855 (length 26.0 ns) False False
2025-04-08 21:41:15,555 - [MainProcess:164098] mummi_ras.online.simulation:get_new_frames:399 - INFO - Getting all frame numbers in trajectory from 53 to 53.
2025-04-08 21:41:15,555 - [MainProcess:164098] mummi_ras.online.cg.cganalysis:run_main_analysis:193 - INFO - Process frame 53
2025-04-08 21:41:15,555 - [MainProcess:164098] mummi_ras.online.cg.cganalysis:processFrame:554 - INFO - Load 54 frames: current frame ID /tmp/mummi/cg/structure_iter00_000000000010-20250408_211916/traj_comp.xtc
2025-04-08 21:41:15,562 - [MainProcess:164098] mummi_ras.online.cg.cganalysis:processFrame:580 - INFO - Frame:    53, Time: 26500.000 ps, Bbox = [0, 180.56934, 0, 180.56934]
2025-04-08 21:41:15,562 - [MainProcess:164098] mummi_ras.online.cg.cganalysis:processFrame:584 - INFO - Lengths of layers: 653 43 487
2025-04-08 21:41:15,623 - [MainProcess:164098] mummi_ras.online.cg.cganalysis:processFrame:765 - INFO - Time for analysis - frameNum 53, time 0.06802177429199219 s
2025-04-08 21:41:17,624 - [MainProcess:164098] mummi_ras.online.simulation:has_computed_enough:352 - INFO - runtime_hours*0.99 = 0.495 vs delta_time = 0.36130440996752844 (length 26.5 ns) False False
2025-04-08 21:41:19,628 - [MainProcess:164098] mummi_ras.online.simulation:has_computed_enough:352 - INFO - runtime_hours*0.99 = 0.495 vs delta_time = 0.36186110549502903 (length 26.5 ns) False False
2025-04-08 21:41:21,632 - [MainProcess:164098] mummi_ras.online.simulation:has_computed_enough:352 - INFO - runtime_hours*0.99 = 0.495 vs delta_time = 0.3624177874459161 (length 26.5 ns) False False
2025-04-08 21:41:23,636 - [MainProcess:164098] mummi_ras.online.simulation:has_computed_enough:352 - INFO - runtime_hours*0.99 = 0.495 vs delta_time = 0.3629744391971164 (length 26.5 ns) False False
2025-04-08 21:41:25,640 - [MainProcess:164098] mummi_ras.online.simulation:has_computed_enough:352 - INFO - runtime_hours*0.99 = 0.495 vs delta_time = 0.36353108214007485 (length 26.5 ns) False False
2025-04-08 21:41:27,644 - [MainProcess:164098] mummi_ras.online.simulation:has_computed_enough:352 - INFO - runtime_hours*0.99 = 0.495 vs delta_time = 0.3640877168046104 (length 26.5 ns) False False
2025-04-08 21:41:29,648 - [MainProcess:164098] mummi_ras.online.simulation:has_computed_enough:352 - INFO - runtime_hours*0.99 = 0.495 vs delta_time = 0.36464438107278613 (length 26.5 ns) False False
2025-04-08 21:41:31,652 - [MainProcess:164098] mummi_ras.online.simulation:has_computed_enough:352 - INFO - runtime_hours*0.99 = 0.495 vs delta_time = 0.36520104163222844 (length 26.5 ns) False False
2025-04-08 21:41:33,655 - [MainProcess:164098] mummi_ras.online.simulation:has_computed_enough:352 - INFO - runtime_hours*0.99 = 0.495 vs delta_time = 0.3657576891448763 (length 26.5 ns) False False
2025-04-08 21:41:35,659 - [MainProcess:164098] mummi_ras.online.simulation:has_computed_enough:352 - INFO - runtime_hours*0.99 = 0.495 vs delta_time = 0.3663143423530791 (length 26.5 ns) False False
2025-04-08 21:41:37,663 - [MainProcess:164098] mummi_ras.online.simulation:has_computed_enough:352 - INFO - runtime_hours*0.99 = 0.495 vs delta_time = 0.3668709796667099 (length 26.5 ns) False False
2025-04-08 21:41:39,667 - [MainProcess:164098] mummi_ras.online.simulation:has_computed_enough:352 - INFO - runtime_hours*0.99 = 0.495 vs delta_time = 0.36742762724558514 (length 26.5 ns) False False
2025-04-08 21:41:39,703 - [MainProcess:164098] mummi_ras.online.simulation:get_new_frames:399 - INFO - Getting all frame numbers in trajectory from 54 to 54.
2025-04-08 21:41:39,703 - [MainProcess:164098] mummi_ras.online.cg.cganalysis:run_main_analysis:193 - INFO - Process frame 54
2025-04-08 21:41:39,703 - [MainProcess:164098] mummi_ras.online.cg.cganalysis:processFrame:554 - INFO - Load 55 frames: current frame ID /tmp/mummi/cg/structure_iter00_000000000010-20250408_211916/traj_comp.xtc
2025-04-08 21:41:39,710 - [MainProcess:164098] mummi_ras.online.cg.cganalysis:processFrame:580 - INFO - Frame:    54, Time: 27000.000 ps, Bbox = [0, 181.25597, 0, 181.25597]
2025-04-08 21:41:39,710 - [MainProcess:164098] mummi_ras.online.cg.cganalysis:processFrame:584 - INFO - Lengths of layers: 658 35 490
2025-04-08 21:41:39,771 - [MainProcess:164098] mummi_ras.online.cg.cganalysis:processFrame:765 - INFO - Time for analysis - frameNum 54, time 0.06773090362548828 s
2025-04-08 21:41:41,771 - [MainProcess:164098] mummi_ras.online.simulation:has_computed_enough:352 - INFO - runtime_hours*0.99 = 0.495 vs delta_time = 0.368012086947759 (length 27.0 ns) False False
2025-04-08 21:41:43,775 - [MainProcess:164098] mummi_ras.online.simulation:has_computed_enough:352 - INFO - runtime_hours*0.99 = 0.495 vs delta_time = 0.3685687752564748 (length 27.0 ns) False False
2025-04-08 21:41:45,779 - [MainProcess:164098] mummi_ras.online.simulation:has_computed_enough:352 - INFO - runtime_hours*0.99 = 0.495 vs delta_time = 0.3691254198551178 (length 27.0 ns) False False
2025-04-08 21:41:47,783 - [MainProcess:164098] mummi_ras.online.simulation:has_computed_enough:352 - INFO - runtime_hours*0.99 = 0.495 vs delta_time = 0.36968205485079025 (length 27.0 ns) False False
2025-04-08 21:41:49,787 - [MainProcess:164098] mummi_ras.online.simulation:has_computed_enough:352 - INFO - runtime_hours*0.99 = 0.495 vs delta_time = 0.37023869819111294 (length 27.0 ns) False False
2025-04-08 21:41:51,791 - [MainProcess:164098] mummi_ras.online.simulation:has_computed_enough:352 - INFO - runtime_hours*0.99 = 0.495 vs delta_time = 0.37079536908202704 (length 27.0 ns) False False
2025-04-08 21:41:53,795 - [MainProcess:164098] mummi_ras.online.simulation:has_computed_enough:352 - INFO - runtime_hours*0.99 = 0.495 vs delta_time = 0.37135204003916844 (length 27.0 ns) False False
2025-04-08 21:41:55,799 - [MainProcess:164098] mummi_ras.online.simulation:has_computed_enough:352 - INFO - runtime_hours*0.99 = 0.495 vs delta_time = 0.371908680929078 (length 27.0 ns) False False
2025-04-08 21:41:57,803 - [MainProcess:164098] mummi_ras.online.simulation:has_computed_enough:352 - INFO - runtime_hours*0.99 = 0.495 vs delta_time = 0.37246532102425894 (length 27.0 ns) False False
2025-04-08 21:41:59,807 - [MainProcess:164098] mummi_ras.online.simulation:has_computed_enough:352 - INFO - runtime_hours*0.99 = 0.495 vs delta_time = 0.3730219711197747 (length 27.0 ns) False False
2025-04-08 21:42:01,811 - [MainProcess:164098] mummi_ras.online.simulation:has_computed_enough:352 - INFO - runtime_hours*0.99 = 0.495 vs delta_time = 0.3735786141289605 (length 27.0 ns) False False
2025-04-08 21:42:03,815 - [MainProcess:164098] mummi_ras.online.simulation:has_computed_enough:352 - INFO - runtime_hours*0.99 = 0.495 vs delta_time = 0.37413525654209984 (length 27.0 ns) False False
2025-04-08 21:42:03,891 - [MainProcess:164098] mummi_ras.online.simulation:get_new_frames:399 - INFO - Getting all frame numbers in trajectory from 55 to 55.
2025-04-08 21:42:03,891 - [MainProcess:164098] mummi_ras.online.cg.cganalysis:run_main_analysis:193 - INFO - Process frame 55
2025-04-08 21:42:03,891 - [MainProcess:164098] mummi_ras.online.cg.cganalysis:processFrame:554 - INFO - Load 56 frames: current frame ID /tmp/mummi/cg/structure_iter00_000000000010-20250408_211916/traj_comp.xtc
2025-04-08 21:42:03,898 - [MainProcess:164098] mummi_ras.online.cg.cganalysis:processFrame:580 - INFO - Frame:    55, Time: 27500.000 ps, Bbox = [0, 180.29056, 0, 180.29056]
2025-04-08 21:42:03,899 - [MainProcess:164098] mummi_ras.online.cg.cganalysis:processFrame:584 - INFO - Lengths of layers: 655 38 490
2025-04-08 21:42:03,960 - [MainProcess:164098] mummi_ras.online.cg.cganalysis:processFrame:765 - INFO - Time for analysis - frameNum 55, time 0.06839728355407715 s
2025-04-08 21:42:05,960 - [MainProcess:164098] mummi_ras.online.simulation:has_computed_enough:352 - INFO - runtime_hours*0.99 = 0.495 vs delta_time = 0.37473124232557087 (length 27.5 ns) False False
2025-04-08 21:42:07,964 - [MainProcess:164098] mummi_ras.online.simulation:has_computed_enough:352 - INFO - runtime_hours*0.99 = 0.495 vs delta_time = 0.3752879170576731 (length 27.5 ns) False False
2025-04-08 21:42:09,968 - [MainProcess:164098] mummi_ras.online.simulation:has_computed_enough:352 - INFO - runtime_hours*0.99 = 0.495 vs delta_time = 0.37584455768267316 (length 27.5 ns) False False
2025-04-08 21:42:11,972 - [MainProcess:164098] mummi_ras.online.simulation:has_computed_enough:352 - INFO - runtime_hours*0.99 = 0.495 vs delta_time = 0.3764012012879054 (length 27.5 ns) False False
2025-04-08 21:42:13,976 - [MainProcess:164098] mummi_ras.online.simulation:has_computed_enough:352 - INFO - runtime_hours*0.99 = 0.495 vs delta_time = 0.3769578434361352 (length 27.5 ns) False False
2025-04-08 21:42:15,980 - [MainProcess:164098] mummi_ras.online.simulation:has_computed_enough:352 - INFO - runtime_hours*0.99 = 0.495 vs delta_time = 0.37751448419358996 (length 27.5 ns) False False
2025-04-08 21:42:17,984 - [MainProcess:164098] mummi_ras.online.simulation:has_computed_enough:352 - INFO - runtime_hours*0.99 = 0.495 vs delta_time = 0.3780711223019494 (length 27.5 ns) False False
2025-04-08 21:42:19,988 - [MainProcess:164098] mummi_ras.online.simulation:has_computed_enough:352 - INFO - runtime_hours*0.99 = 0.495 vs delta_time = 0.3786277714702818 (length 27.5 ns) False False
2025-04-08 21:42:21,992 - [MainProcess:164098] mummi_ras.online.simulation:has_computed_enough:352 - INFO - runtime_hours*0.99 = 0.495 vs delta_time = 0.37918443977832794 (length 27.5 ns) False False
2025-04-08 21:42:23,996 - [MainProcess:164098] mummi_ras.online.simulation:has_computed_enough:352 - INFO - runtime_hours*0.99 = 0.495 vs delta_time = 0.3797410966290368 (length 27.5 ns) False False
2025-04-08 21:42:26,000 - [MainProcess:164098] mummi_ras.online.simulation:has_computed_enough:352 - INFO - runtime_hours*0.99 = 0.495 vs delta_time = 0.3802977359294891 (length 27.5 ns) False False
2025-04-08 21:42:28,004 - [MainProcess:164098] mummi_ras.online.simulation:has_computed_enough:352 - INFO - runtime_hours*0.99 = 0.495 vs delta_time = 0.38085436913702225 (length 27.5 ns) False False
2025-04-08 21:42:28,180 - [MainProcess:164098] mummi_ras.online.simulation:get_new_frames:399 - INFO - Getting all frame numbers in trajectory from 56 to 56.
2025-04-08 21:42:28,180 - [MainProcess:164098] mummi_ras.online.cg.cganalysis:run_main_analysis:193 - INFO - Process frame 56
2025-04-08 21:42:28,180 - [MainProcess:164098] mummi_ras.online.cg.cganalysis:processFrame:554 - INFO - Load 57 frames: current frame ID /tmp/mummi/cg/structure_iter00_000000000010-20250408_211916/traj_comp.xtc
2025-04-08 21:42:28,187 - [MainProcess:164098] mummi_ras.online.cg.cganalysis:processFrame:580 - INFO - Frame:    56, Time: 28000.000 ps, Bbox = [0, 181.13023, 0, 181.13023]
2025-04-08 21:42:28,187 - [MainProcess:164098] mummi_ras.online.cg.cganalysis:processFrame:584 - INFO - Lengths of layers: 657 34 492
2025-04-08 21:42:28,248 - [MainProcess:164098] mummi_ras.online.cg.cganalysis:processFrame:765 - INFO - Time for analysis - frameNum 56, time 0.06794857978820801 s
2025-04-08 21:42:30,249 - [MainProcess:164098] mummi_ras.online.simulation:has_computed_enough:352 - INFO - runtime_hours*0.99 = 0.495 vs delta_time = 0.3814779886272219 (length 28.0 ns) False False
2025-04-08 21:42:32,252 - [MainProcess:164098] mummi_ras.online.simulation:has_computed_enough:352 - INFO - runtime_hours*0.99 = 0.495 vs delta_time = 0.3820346271329456 (length 28.0 ns) False False
2025-04-08 21:42:34,256 - [MainProcess:164098] mummi_ras.online.simulation:has_computed_enough:352 - INFO - runtime_hours*0.99 = 0.495 vs delta_time = 0.3825912351078457 (length 28.0 ns) False False
2025-04-08 21:42:36,260 - [MainProcess:164098] mummi_ras.online.simulation:has_computed_enough:352 - INFO - runtime_hours*0.99 = 0.495 vs delta_time = 0.38314784990416634 (length 28.0 ns) False False
2025-04-08 21:42:38,264 - [MainProcess:164098] mummi_ras.online.simulation:has_computed_enough:352 - INFO - runtime_hours*0.99 = 0.495 vs delta_time = 0.3837044405274921 (length 28.0 ns) False False
2025-04-08 21:42:40,268 - [MainProcess:164098] mummi_ras.online.simulation:has_computed_enough:352 - INFO - runtime_hours*0.99 = 0.495 vs delta_time = 0.3842610425419278 (length 28.0 ns) False False
2025-04-08 21:42:42,271 - [MainProcess:164098] mummi_ras.online.simulation:has_computed_enough:352 - INFO - runtime_hours*0.99 = 0.495 vs delta_time = 0.3848176418410407 (length 28.0 ns) False False
2025-04-08 21:42:44,275 - [MainProcess:164098] mummi_ras.online.simulation:has_computed_enough:352 - INFO - runtime_hours*0.99 = 0.495 vs delta_time = 0.3853742492861218 (length 28.0 ns) False False
2025-04-08 21:42:46,279 - [MainProcess:164098] mummi_ras.online.simulation:has_computed_enough:352 - INFO - runtime_hours*0.99 = 0.495 vs delta_time = 0.38593086149957445 (length 28.0 ns) False False
2025-04-08 21:42:48,283 - [MainProcess:164098] mummi_ras.online.simulation:has_computed_enough:352 - INFO - runtime_hours*0.99 = 0.495 vs delta_time = 0.3864874643087387 (length 28.0 ns) False False
2025-04-08 21:42:50,286 - [MainProcess:164098] mummi_ras.online.simulation:has_computed_enough:352 - INFO - runtime_hours*0.99 = 0.495 vs delta_time = 0.3870440567864312 (length 28.0 ns) False False
2025-04-08 21:42:52,290 - [MainProcess:164098] mummi_ras.online.simulation:has_computed_enough:352 - INFO - runtime_hours*0.99 = 0.495 vs delta_time = 0.3876006907224655 (length 28.0 ns) False False
2025-04-08 21:42:52,338 - [MainProcess:164098] mummi_ras.online.simulation:get_new_frames:399 - INFO - Getting all frame numbers in trajectory from 57 to 57.
2025-04-08 21:42:52,338 - [MainProcess:164098] mummi_ras.online.cg.cganalysis:run_main_analysis:193 - INFO - Process frame 57
2025-04-08 21:42:52,338 - [MainProcess:164098] mummi_ras.online.cg.cganalysis:processFrame:554 - INFO - Load 58 frames: current frame ID /tmp/mummi/cg/structure_iter00_000000000010-20250408_211916/traj_comp.xtc
2025-04-08 21:42:52,345 - [MainProcess:164098] mummi_ras.online.cg.cganalysis:processFrame:580 - INFO - Frame:    57, Time: 28500.000 ps, Bbox = [0, 180.27454, 0, 180.27454]
2025-04-08 21:42:52,345 - [MainProcess:164098] mummi_ras.online.cg.cganalysis:processFrame:584 - INFO - Lengths of layers: 655 35 493
2025-04-08 21:42:52,407 - [MainProcess:164098] mummi_ras.online.cg.cganalysis:processFrame:765 - INFO - Time for analysis - frameNum 57, time 0.06851530075073242 s
2025-04-08 21:42:54,407 - [MainProcess:164098] mummi_ras.online.simulation:has_computed_enough:352 - INFO - runtime_hours*0.99 = 0.495 vs delta_time = 0.3881887094842063 (length 28.5 ns) False False
2025-04-08 21:42:56,411 - [MainProcess:164098] mummi_ras.online.simulation:has_computed_enough:352 - INFO - runtime_hours*0.99 = 0.495 vs delta_time = 0.3887453979253769 (length 28.5 ns) False False
2025-04-08 21:42:58,415 - [MainProcess:164098] mummi_ras.online.simulation:has_computed_enough:352 - INFO - runtime_hours*0.99 = 0.495 vs delta_time = 0.38930206305450865 (length 28.5 ns) False False
2025-04-08 21:43:00,419 - [MainProcess:164098] mummi_ras.online.simulation:has_computed_enough:352 - INFO - runtime_hours*0.99 = 0.495 vs delta_time = 0.38985872076617345 (length 28.5 ns) False False
2025-04-08 21:43:02,423 - [MainProcess:164098] mummi_ras.online.simulation:has_computed_enough:352 - INFO - runtime_hours*0.99 = 0.495 vs delta_time = 0.3904153619209925 (length 28.5 ns) False False
2025-04-08 21:43:04,427 - [MainProcess:164098] mummi_ras.online.simulation:has_computed_enough:352 - INFO - runtime_hours*0.99 = 0.495 vs delta_time = 0.3909720121489631 (length 28.5 ns) False False
2025-04-08 21:43:06,431 - [MainProcess:164098] mummi_ras.online.simulation:has_computed_enough:352 - INFO - runtime_hours*0.99 = 0.495 vs delta_time = 0.39152866575453016 (length 28.5 ns) False False
2025-04-08 21:43:08,435 - [MainProcess:164098] mummi_ras.online.simulation:has_computed_enough:352 - INFO - runtime_hours*0.99 = 0.495 vs delta_time = 0.3920853121413125 (length 28.5 ns) False False
2025-04-08 21:43:10,439 - [MainProcess:164098] mummi_ras.online.simulation:has_computed_enough:352 - INFO - runtime_hours*0.99 = 0.495 vs delta_time = 0.39264194819662307 (length 28.5 ns) False False
2025-04-08 21:43:12,443 - [MainProcess:164098] mummi_ras.online.simulation:has_computed_enough:352 - INFO - runtime_hours*0.99 = 0.495 vs delta_time = 0.3931985827949312 (length 28.5 ns) False False
2025-04-08 21:43:14,447 - [MainProcess:164098] mummi_ras.online.simulation:has_computed_enough:352 - INFO - runtime_hours*0.99 = 0.495 vs delta_time = 0.39375521772437627 (length 28.5 ns) False False
2025-04-08 21:43:16,450 - [MainProcess:164098] mummi_ras.online.simulation:has_computed_enough:352 - INFO - runtime_hours*0.99 = 0.495 vs delta_time = 0.39431186821725633 (length 28.5 ns) False False
2025-04-08 21:43:16,529 - [MainProcess:164098] mummi_ras.online.simulation:get_new_frames:399 - INFO - Getting all frame numbers in trajectory from 58 to 58.
2025-04-08 21:43:16,529 - [MainProcess:164098] mummi_ras.online.cg.cganalysis:run_main_analysis:193 - INFO - Process frame 58
2025-04-08 21:43:16,529 - [MainProcess:164098] mummi_ras.online.cg.cganalysis:processFrame:554 - INFO - Load 59 frames: current frame ID /tmp/mummi/cg/structure_iter00_000000000010-20250408_211916/traj_comp.xtc
2025-04-08 21:43:16,536 - [MainProcess:164098] mummi_ras.online.cg.cganalysis:processFrame:580 - INFO - Frame:    58, Time: 29000.000 ps, Bbox = [0, 179.49945, 0, 179.49945]
2025-04-08 21:43:16,536 - [MainProcess:164098] mummi_ras.online.cg.cganalysis:processFrame:584 - INFO - Lengths of layers: 655 34 494
2025-04-08 21:43:16,597 - [MainProcess:164098] mummi_ras.online.cg.cganalysis:processFrame:765 - INFO - Time for analysis - frameNum 58, time 0.0676887035369873 s
2025-04-08 21:43:18,597 - [MainProcess:164098] mummi_ras.online.simulation:has_computed_enough:352 - INFO - runtime_hours*0.99 = 0.495 vs delta_time = 0.3949082044098112 (length 29.0 ns) False False
2025-04-08 21:43:20,601 - [MainProcess:164098] mummi_ras.online.simulation:has_computed_enough:352 - INFO - runtime_hours*0.99 = 0.495 vs delta_time = 0.39546486682362025 (length 29.0 ns) False False
2025-04-08 21:43:22,605 - [MainProcess:164098] mummi_ras.online.simulation:has_computed_enough:352 - INFO - runtime_hours*0.99 = 0.495 vs delta_time = 0.3960215060578452 (length 29.0 ns) False False
2025-04-08 21:43:24,609 - [MainProcess:164098] mummi_ras.online.simulation:has_computed_enough:352 - INFO - runtime_hours*0.99 = 0.495 vs delta_time = 0.39657812158266703 (length 29.0 ns) False False
2025-04-08 21:43:26,613 - [MainProcess:164098] mummi_ras.online.simulation:has_computed_enough:352 - INFO - runtime_hours*0.99 = 0.495 vs delta_time = 0.397134727107154 (length 29.0 ns) False False
2025-04-08 21:43:28,617 - [MainProcess:164098] mummi_ras.online.simulation:has_computed_enough:352 - INFO - runtime_hours*0.99 = 0.495 vs delta_time = 0.39769133309523264 (length 29.0 ns) False False
2025-04-08 21:43:30,620 - [MainProcess:164098] mummi_ras.online.simulation:has_computed_enough:352 - INFO - runtime_hours*0.99 = 0.495 vs delta_time = 0.39824794040785894 (length 29.0 ns) False False
2025-04-08 21:43:32,624 - [MainProcess:164098] mummi_ras.online.simulation:has_computed_enough:352 - INFO - runtime_hours*0.99 = 0.495 vs delta_time = 0.39880454063415527 (length 29.0 ns) False False
2025-04-08 21:43:34,628 - [MainProcess:164098] mummi_ras.online.simulation:has_computed_enough:352 - INFO - runtime_hours*0.99 = 0.495 vs delta_time = 0.3993611458937327 (length 29.0 ns) False False
2025-04-08 21:43:36,632 - [MainProcess:164098] mummi_ras.online.simulation:has_computed_enough:352 - INFO - runtime_hours*0.99 = 0.495 vs delta_time = 0.3999177575111389 (length 29.0 ns) False False
2025-04-08 21:43:38,635 - [MainProcess:164098] mummi_ras.online.simulation:has_computed_enough:352 - INFO - runtime_hours*0.99 = 0.495 vs delta_time = 0.40047436270448894 (length 29.0 ns) False False
2025-04-08 21:43:40,639 - [MainProcess:164098] mummi_ras.online.simulation:has_computed_enough:352 - INFO - runtime_hours*0.99 = 0.495 vs delta_time = 0.40103096789783904 (length 29.0 ns) False False
2025-04-08 21:43:42,643 - [MainProcess:164098] mummi_ras.online.simulation:has_computed_enough:352 - INFO - runtime_hours*0.99 = 0.495 vs delta_time = 0.40158756097157794 (length 29.0 ns) False False
2025-04-08 21:43:42,798 - [MainProcess:164098] mummi_ras.online.simulation:get_new_frames:399 - INFO - Getting all frame numbers in trajectory from 59 to 59.
2025-04-08 21:43:42,798 - [MainProcess:164098] mummi_ras.online.cg.cganalysis:run_main_analysis:193 - INFO - Process frame 59
2025-04-08 21:43:42,798 - [MainProcess:164098] mummi_ras.online.cg.cganalysis:processFrame:554 - INFO - Load 60 frames: current frame ID /tmp/mummi/cg/structure_iter00_000000000010-20250408_211916/traj_comp.xtc
2025-04-08 21:43:42,805 - [MainProcess:164098] mummi_ras.online.cg.cganalysis:processFrame:580 - INFO - Frame:    59, Time: 29500.000 ps, Bbox = [0, 179.89998, 0, 179.89998]
2025-04-08 21:43:42,805 - [MainProcess:164098] mummi_ras.online.cg.cganalysis:processFrame:584 - INFO - Lengths of layers: 658 31 494
2025-04-08 21:43:42,866 - [MainProcess:164098] mummi_ras.online.cg.cganalysis:processFrame:765 - INFO - Time for analysis - frameNum 59, time 0.06817364692687988 s
2025-04-08 21:43:44,866 - [MainProcess:164098] mummi_ras.online.simulation:has_computed_enough:352 - INFO - runtime_hours*0.99 = 0.495 vs delta_time = 0.40220517939991424 (length 29.5 ns) False False
2025-04-08 21:43:44,870 - [MainProcess:164098] mummi_ras.online.cg.cganalysis:processOutput:92 - INFO - Add feedback for frameNum 50 - state []
2025-04-08 21:43:44,871 - [MainProcess:164098] mummi_ras.online.cg.cganalysis:processOutput:92 - INFO - Add feedback for frameNum 51 - state []
2025-04-08 21:43:44,871 - [MainProcess:164098] mummi_ras.online.cg.cganalysis:processOutput:92 - INFO - Add feedback for frameNum 52 - state []
2025-04-08 21:43:44,871 - [MainProcess:164098] mummi_ras.online.cg.cganalysis:processOutput:92 - INFO - Add feedback for frameNum 53 - state []
2025-04-08 21:43:44,871 - [MainProcess:164098] mummi_ras.online.cg.cganalysis:processOutput:92 - INFO - Add feedback for frameNum 54 - state []
2025-04-08 21:43:44,871 - [MainProcess:164098] mummi_ras.online.cg.cganalysis:processOutput:92 - INFO - Add feedback for frameNum 55 - state []
2025-04-08 21:43:44,871 - [MainProcess:164098] mummi_ras.online.cg.cganalysis:processOutput:92 - INFO - Add feedback for frameNum 56 - state []
2025-04-08 21:43:44,871 - [MainProcess:164098] mummi_ras.online.cg.cganalysis:processOutput:92 - INFO - Add feedback for frameNum 57 - state []
2025-04-08 21:43:44,871 - [MainProcess:164098] mummi_ras.online.cg.cganalysis:processOutput:92 - INFO - Add feedback for frameNum 58 - state []
2025-04-08 21:43:44,871 - [MainProcess:164098] mummi_ras.online.cg.cganalysis:processOutput:92 - INFO - Add feedback for frameNum 59 - state []
2025-04-08 21:43:46,042 - [MainProcess:164098] mummi_core.interfaces.simple:_save_files:91 - INFO - Wrote 10 files to (/p/gpfs1/pottier1/minimummi-sc25/roots/root3/feedback-cg2ml/010)
2025-04-08 21:43:46,042 - [MainProcess:164098] mummi_ras.feedback.feedback_manager_cg2ml:report:118 - INFO - Added 10 frames (from structure_iter00_000000000010) to feedback (/p/gpfs1/pottier1/minimummi-sc25/roots/root3/feedback-cg2ml)
2025-04-08 21:43:46,042 - [MainProcess:164098] mummi_ras.online.cg.cganalysis:processOutput:112 - INFO - processOutput: 59
2025-04-08 21:43:46,042 - [MainProcess:164098] mummi_ras.online.cg.cganalysis:copyRemoteRestart:452 - INFO - Copy to remote frames [50, 51, 52, 53, 54, 55, 56, 57, 58, 59]
sending incremental file list
ener.edr
md.log
mdrun.log
traj_comp.xtc

sent 13,096,346 bytes  received 92 bytes  26,192,876.00 bytes/sec
total size is 16,119,564  speedup is 1.23
2025-04-08 21:43:46,213 - [MainProcess:164098] mummi_core.utils.utilities:sys_call:184 - INFO - Run command: rsync -va --no-g traj_comp.xtc topol.tpr state.cpt ener.edr md.log mdrun.log /p/gpfs1/pottier1/minimummi-sc25/roots/root3/sims-cg/structure_iter00_000000000010 || true
2025-04-08 21:43:46,641 - [MainProcess:164098] mummi_ras.interfaces.mummi:save_analysis_data:253 - INFO - Saved all analysis data for frames [50, 51, 52, 53, 54, 55, 56, 57, 58, 59]
2025-04-08 21:43:46,641 - [MainProcess:164098] mummi_ras.online.cg.cganalysis:copyRemoteLogs:350 - INFO - Copy over log files
2025-04-08 21:43:46,668 - [MainProcess:164098] mummi_core.utils.utilities:sys_call:184 - INFO - Run command: cp -r  /tmp/mummi/cg/structure_iter00_000000000010-20250408_211916/cg_analysis.out /tmp/mummi/cg/structure_iter00_000000000010-20250408_211916/traj_comp.xtc /tmp/mummi/cg/structure_iter00_000000000010-20250408_211916/*.log /p/gpfs1/pottier1/minimummi-sc25/roots/root3/sims-cg/structure_iter00_000000000010/ || true
2025-04-08 21:43:46,668 - [MainProcess:164098] mummi_ras.online.cg.cganalysis:copyRemoteLogs:365 - INFO - copyRemoteLogs =  /tmp/mummi/cg/structure_iter00_000000000010-20250408_211916/cg_analysis.out /tmp/mummi/cg/structure_iter00_000000000010-20250408_211916/traj_comp.xtc /tmp/mummi/cg/structure_iter00_000000000010-20250408_211916/*.log
2025-04-08 21:43:46,668 - [MainProcess:164098] mummi_ras.online.cg.cganalysis:cleanupLocal:375 - WARNING - Copy cleanup local only works for ddcMD files
2025-04-08 21:43:48,668 - [MainProcess:164098] mummi_ras.online.simulation:has_computed_enough:352 - INFO - runtime_hours*0.99 = 0.495 vs delta_time = 0.4032611824406518 (length 29.5 ns) False False
2025-04-08 21:43:50,672 - [MainProcess:164098] mummi_ras.online.simulation:has_computed_enough:352 - INFO - runtime_hours*0.99 = 0.495 vs delta_time = 0.4038178741269641 (length 29.5 ns) False False
2025-04-08 21:43:52,676 - [MainProcess:164098] mummi_ras.online.simulation:has_computed_enough:352 - INFO - runtime_hours*0.99 = 0.495 vs delta_time = 0.404374543428421 (length 29.5 ns) False False
2025-04-08 21:43:54,680 - [MainProcess:164098] mummi_ras.online.simulation:has_computed_enough:352 - INFO - runtime_hours*0.99 = 0.495 vs delta_time = 0.4049312147166994 (length 29.5 ns) False False
2025-04-08 21:43:56,684 - [MainProcess:164098] mummi_ras.online.simulation:has_computed_enough:352 - INFO - runtime_hours*0.99 = 0.495 vs delta_time = 0.4054878618982103 (length 29.5 ns) False False
2025-04-08 21:43:58,688 - [MainProcess:164098] mummi_ras.online.simulation:has_computed_enough:352 - INFO - runtime_hours*0.99 = 0.495 vs delta_time = 0.406044528749254 (length 29.5 ns) False False
2025-04-08 21:44:00,692 - [MainProcess:164098] mummi_ras.online.simulation:has_computed_enough:352 - INFO - runtime_hours*0.99 = 0.495 vs delta_time = 0.4066011834144592 (length 29.5 ns) False False
2025-04-08 21:44:02,696 - [MainProcess:164098] mummi_ras.online.simulation:has_computed_enough:352 - INFO - runtime_hours*0.99 = 0.495 vs delta_time = 0.40715782629119024 (length 29.5 ns) False False
2025-04-08 21:44:04,700 - [MainProcess:164098] mummi_ras.online.simulation:has_computed_enough:352 - INFO - runtime_hours*0.99 = 0.495 vs delta_time = 0.4077145047982534 (length 29.5 ns) False False
2025-04-08 21:44:06,704 - [MainProcess:164098] mummi_ras.online.simulation:has_computed_enough:352 - INFO - runtime_hours*0.99 = 0.495 vs delta_time = 0.40827115370167627 (length 29.5 ns) False False
2025-04-08 21:44:06,739 - [MainProcess:164098] mummi_ras.online.simulation:get_new_frames:399 - INFO - Getting all frame numbers in trajectory from 60 to 60.
2025-04-08 21:44:06,739 - [MainProcess:164098] mummi_ras.online.cg.cganalysis:run_main_analysis:193 - INFO - Process frame 60
2025-04-08 21:44:06,739 - [MainProcess:164098] mummi_ras.online.cg.cganalysis:processFrame:554 - INFO - Load 61 frames: current frame ID /tmp/mummi/cg/structure_iter00_000000000010-20250408_211916/traj_comp.xtc
2025-04-08 21:44:06,746 - [MainProcess:164098] mummi_ras.online.cg.cganalysis:processFrame:580 - INFO - Frame:    60, Time: 30000.000 ps, Bbox = [0, 179.75595, 0, 179.75595]
2025-04-08 21:44:06,746 - [MainProcess:164098] mummi_ras.online.cg.cganalysis:processFrame:584 - INFO - Lengths of layers: 657 35 491
2025-04-08 21:44:06,807 - [MainProcess:164098] mummi_ras.online.cg.cganalysis:processFrame:765 - INFO - Time for analysis - frameNum 60, time 0.06795930862426758 s
2025-04-08 21:44:08,808 - [MainProcess:164098] mummi_ras.online.simulation:has_computed_enough:352 - INFO - runtime_hours*0.99 = 0.495 vs delta_time = 0.40885550333393944 (length 30.0 ns) False False
2025-04-08 21:44:10,812 - [MainProcess:164098] mummi_ras.online.simulation:has_computed_enough:352 - INFO - runtime_hours*0.99 = 0.495 vs delta_time = 0.4094121489259932 (length 30.0 ns) False False
2025-04-08 21:44:12,815 - [MainProcess:164098] mummi_ras.online.simulation:has_computed_enough:352 - INFO - runtime_hours*0.99 = 0.495 vs delta_time = 0.4099687597486708 (length 30.0 ns) False False
2025-04-08 21:44:14,819 - [MainProcess:164098] mummi_ras.online.simulation:has_computed_enough:352 - INFO - runtime_hours*0.99 = 0.495 vs delta_time = 0.4105253675911162 (length 30.0 ns) False False
2025-04-08 21:44:16,823 - [MainProcess:164098] mummi_ras.online.simulation:has_computed_enough:352 - INFO - runtime_hours*0.99 = 0.495 vs delta_time = 0.41108196967177923 (length 30.0 ns) False False
2025-04-08 21:44:18,827 - [MainProcess:164098] mummi_ras.online.simulation:has_computed_enough:352 - INFO - runtime_hours*0.99 = 0.495 vs delta_time = 0.41163857804404363 (length 30.0 ns) False False
2025-04-08 21:44:20,831 - [MainProcess:164098] mummi_ras.online.simulation:has_computed_enough:352 - INFO - runtime_hours*0.99 = 0.495 vs delta_time = 0.41219521436426376 (length 30.0 ns) False False
2025-04-08 21:44:22,834 - [MainProcess:164098] mummi_ras.online.simulation:has_computed_enough:352 - INFO - runtime_hours*0.99 = 0.495 vs delta_time = 0.4127518397569656 (length 30.0 ns) False False
2025-04-08 21:44:24,838 - [MainProcess:164098] mummi_ras.online.simulation:has_computed_enough:352 - INFO - runtime_hours*0.99 = 0.495 vs delta_time = 0.41330845362610286 (length 30.0 ns) False False
2025-04-08 21:44:26,842 - [MainProcess:164098] mummi_ras.online.simulation:has_computed_enough:352 - INFO - runtime_hours*0.99 = 0.495 vs delta_time = 0.413865058488316 (length 30.0 ns) False False
2025-04-08 21:44:28,846 - [MainProcess:164098] mummi_ras.online.simulation:has_computed_enough:352 - INFO - runtime_hours*0.99 = 0.495 vs delta_time = 0.414421667986446 (length 30.0 ns) False False
2025-04-08 21:44:30,850 - [MainProcess:164098] mummi_ras.online.simulation:has_computed_enough:352 - INFO - runtime_hours*0.99 = 0.495 vs delta_time = 0.41497827377584245 (length 30.0 ns) False False
2025-04-08 21:44:30,918 - [MainProcess:164098] mummi_ras.online.simulation:get_new_frames:399 - INFO - Getting all frame numbers in trajectory from 61 to 61.
2025-04-08 21:44:30,918 - [MainProcess:164098] mummi_ras.online.cg.cganalysis:run_main_analysis:193 - INFO - Process frame 61
2025-04-08 21:44:30,918 - [MainProcess:164098] mummi_ras.online.cg.cganalysis:processFrame:554 - INFO - Load 62 frames: current frame ID /tmp/mummi/cg/structure_iter00_000000000010-20250408_211916/traj_comp.xtc
2025-04-08 21:44:30,925 - [MainProcess:164098] mummi_ras.online.cg.cganalysis:processFrame:580 - INFO - Frame:    61, Time: 30500.000 ps, Bbox = [0, 179.70628, 0, 179.70628]
2025-04-08 21:44:30,926 - [MainProcess:164098] mummi_ras.online.cg.cganalysis:processFrame:584 - INFO - Lengths of layers: 658 39 486
2025-04-08 21:44:30,987 - [MainProcess:164098] mummi_ras.online.cg.cganalysis:processFrame:765 - INFO - Time for analysis - frameNum 61, time 0.06835031509399414 s
2025-04-08 21:44:32,987 - [MainProcess:164098] mummi_ras.online.simulation:has_computed_enough:352 - INFO - runtime_hours*0.99 = 0.495 vs delta_time = 0.41557206127378676 (length 30.5 ns) False False
2025-04-08 21:44:34,991 - [MainProcess:164098] mummi_ras.online.simulation:has_computed_enough:352 - INFO - runtime_hours*0.99 = 0.495 vs delta_time = 0.416128747926818 (length 30.5 ns) False False
2025-04-08 21:44:36,995 - [MainProcess:164098] mummi_ras.online.simulation:has_computed_enough:352 - INFO - runtime_hours*0.99 = 0.495 vs delta_time = 0.4166854049099816 (length 30.5 ns) False False
2025-04-08 21:44:38,999 - [MainProcess:164098] mummi_ras.online.simulation:has_computed_enough:352 - INFO - runtime_hours*0.99 = 0.495 vs delta_time = 0.4172420573896832 (length 30.5 ns) False False
2025-04-08 21:44:41,003 - [MainProcess:164098] mummi_ras.online.simulation:has_computed_enough:352 - INFO - runtime_hours*0.99 = 0.495 vs delta_time = 0.4177987113926146 (length 30.5 ns) False False
2025-04-08 21:44:43,007 - [MainProcess:164098] mummi_ras.online.simulation:has_computed_enough:352 - INFO - runtime_hours*0.99 = 0.495 vs delta_time = 0.418355352613661 (length 30.5 ns) False False
2025-04-08 21:44:45,011 - [MainProcess:164098] mummi_ras.online.simulation:has_computed_enough:352 - INFO - runtime_hours*0.99 = 0.495 vs delta_time = 0.4189119995964898 (length 30.5 ns) False False
2025-04-08 21:44:47,015 - [MainProcess:164098] mummi_ras.online.simulation:has_computed_enough:352 - INFO - runtime_hours*0.99 = 0.495 vs delta_time = 0.4194686473078198 (length 30.5 ns) False False
2025-04-08 21:44:49,019 - [MainProcess:164098] mummi_ras.online.simulation:has_computed_enough:352 - INFO - runtime_hours*0.99 = 0.495 vs delta_time = 0.4200253012445238 (length 30.5 ns) False False
2025-04-08 21:44:51,023 - [MainProcess:164098] mummi_ras.online.simulation:has_computed_enough:352 - INFO - runtime_hours*0.99 = 0.495 vs delta_time = 0.4205819653802448 (length 30.5 ns) False False
2025-04-08 21:44:53,027 - [MainProcess:164098] mummi_ras.online.simulation:has_computed_enough:352 - INFO - runtime_hours*0.99 = 0.495 vs delta_time = 0.4211386305093765 (length 30.5 ns) False False
2025-04-08 21:44:55,031 - [MainProcess:164098] mummi_ras.online.simulation:has_computed_enough:352 - INFO - runtime_hours*0.99 = 0.495 vs delta_time = 0.4216952813996209 (length 30.5 ns) False False
2025-04-08 21:44:55,179 - [MainProcess:164098] mummi_ras.online.simulation:get_new_frames:399 - INFO - Getting all frame numbers in trajectory from 62 to 62.
2025-04-08 21:44:55,180 - [MainProcess:164098] mummi_ras.online.cg.cganalysis:run_main_analysis:193 - INFO - Process frame 62
2025-04-08 21:44:55,180 - [MainProcess:164098] mummi_ras.online.cg.cganalysis:processFrame:554 - INFO - Load 63 frames: current frame ID /tmp/mummi/cg/structure_iter00_000000000010-20250408_211916/traj_comp.xtc
2025-04-08 21:44:55,187 - [MainProcess:164098] mummi_ras.online.cg.cganalysis:processFrame:580 - INFO - Frame:    62, Time: 31000.000 ps, Bbox = [0, 180.21234, 0, 180.21234]
2025-04-08 21:44:55,187 - [MainProcess:164098] mummi_ras.online.cg.cganalysis:processFrame:584 - INFO - Lengths of layers: 663 33 487
2025-04-08 21:44:55,248 - [MainProcess:164098] mummi_ras.online.cg.cganalysis:processFrame:765 - INFO - Time for analysis - frameNum 62, time 0.06793880462646484 s
2025-04-08 21:44:57,248 - [MainProcess:164098] mummi_ras.online.simulation:has_computed_enough:352 - INFO - runtime_hours*0.99 = 0.495 vs delta_time = 0.4223111954662535 (length 31.0 ns) False False
2025-04-08 21:44:59,252 - [MainProcess:164098] mummi_ras.online.simulation:has_computed_enough:352 - INFO - runtime_hours*0.99 = 0.495 vs delta_time = 0.42286790046426986 (length 31.0 ns) False False
2025-04-08 21:45:01,256 - [MainProcess:164098] mummi_ras.online.simulation:has_computed_enough:352 - INFO - runtime_hours*0.99 = 0.495 vs delta_time = 0.4234245566527049 (length 31.0 ns) False False
2025-04-08 21:45:03,260 - [MainProcess:164098] mummi_ras.online.simulation:has_computed_enough:352 - INFO - runtime_hours*0.99 = 0.495 vs delta_time = 0.42398120820522306 (length 31.0 ns) False False
2025-04-08 21:45:05,264 - [MainProcess:164098] mummi_ras.online.simulation:has_computed_enough:352 - INFO - runtime_hours*0.99 = 0.495 vs delta_time = 0.4245378590954675 (length 31.0 ns) False False
2025-04-08 21:45:07,268 - [MainProcess:164098] mummi_ras.online.simulation:has_computed_enough:352 - INFO - runtime_hours*0.99 = 0.495 vs delta_time = 0.4250945015748342 (length 31.0 ns) False False
2025-04-08 21:45:09,272 - [MainProcess:164098] mummi_ras.online.simulation:has_computed_enough:352 - INFO - runtime_hours*0.99 = 0.495 vs delta_time = 0.4256511643197801 (length 31.0 ns) False False
2025-04-08 21:45:11,276 - [MainProcess:164098] mummi_ras.online.simulation:has_computed_enough:352 - INFO - runtime_hours*0.99 = 0.495 vs delta_time = 0.4262078206406699 (length 31.0 ns) False False
2025-04-08 21:45:13,280 - [MainProcess:164098] mummi_ras.online.simulation:has_computed_enough:352 - INFO - runtime_hours*0.99 = 0.495 vs delta_time = 0.42676446795463563 (length 31.0 ns) False False
2025-04-08 21:45:15,284 - [MainProcess:164098] mummi_ras.online.simulation:has_computed_enough:352 - INFO - runtime_hours*0.99 = 0.495 vs delta_time = 0.42732110970550113 (length 31.0 ns) False False
2025-04-08 21:45:17,288 - [MainProcess:164098] mummi_ras.online.simulation:has_computed_enough:352 - INFO - runtime_hours*0.99 = 0.495 vs delta_time = 0.4278777554300096 (length 31.0 ns) False False
2025-04-08 21:45:19,292 - [MainProcess:164098] mummi_ras.online.simulation:has_computed_enough:352 - INFO - runtime_hours*0.99 = 0.495 vs delta_time = 0.42843440102206337 (length 31.0 ns) False False
2025-04-08 21:45:19,327 - [MainProcess:164098] mummi_ras.online.simulation:get_new_frames:399 - INFO - Getting all frame numbers in trajectory from 63 to 63.
2025-04-08 21:45:19,327 - [MainProcess:164098] mummi_ras.online.cg.cganalysis:run_main_analysis:193 - INFO - Process frame 63
2025-04-08 21:45:19,327 - [MainProcess:164098] mummi_ras.online.cg.cganalysis:processFrame:554 - INFO - Load 64 frames: current frame ID /tmp/mummi/cg/structure_iter00_000000000010-20250408_211916/traj_comp.xtc
2025-04-08 21:45:19,334 - [MainProcess:164098] mummi_ras.online.cg.cganalysis:processFrame:580 - INFO - Frame:    63, Time: 31500.000 ps, Bbox = [0, 180.77136, 0, 180.77136]
2025-04-08 21:45:19,334 - [MainProcess:164098] mummi_ras.online.cg.cganalysis:processFrame:584 - INFO - Lengths of layers: 664 31 488
2025-04-08 21:45:19,396 - [MainProcess:164098] mummi_ras.online.cg.cganalysis:processFrame:765 - INFO - Time for analysis - frameNum 63, time 0.06844615936279297 s
2025-04-08 21:45:21,396 - [MainProcess:164098] mummi_ras.online.simulation:has_computed_enough:352 - INFO - runtime_hours*0.99 = 0.495 vs delta_time = 0.42901900086137984 (length 31.5 ns) False False
2025-04-08 21:45:23,400 - [MainProcess:164098] mummi_ras.online.simulation:has_computed_enough:352 - INFO - runtime_hours*0.99 = 0.495 vs delta_time = 0.42957569453451366 (length 31.5 ns) False False
2025-04-08 21:45:25,404 - [MainProcess:164098] mummi_ras.online.simulation:has_computed_enough:352 - INFO - runtime_hours*0.99 = 0.495 vs delta_time = 0.4301323401265674 (length 31.5 ns) False False
2025-04-08 21:45:27,408 - [MainProcess:164098] mummi_ras.online.simulation:has_computed_enough:352 - INFO - runtime_hours*0.99 = 0.495 vs delta_time = 0.43068898154629603 (length 31.5 ns) False False
2025-04-08 21:45:29,412 - [MainProcess:164098] mummi_ras.online.simulation:has_computed_enough:352 - INFO - runtime_hours*0.99 = 0.495 vs delta_time = 0.43124562793307836 (length 31.5 ns) False False
2025-04-08 21:45:31,416 - [MainProcess:164098] mummi_ras.online.simulation:has_computed_enough:352 - INFO - runtime_hours*0.99 = 0.495 vs delta_time = 0.4318022718032201 (length 31.5 ns) False False
2025-04-08 21:45:33,420 - [MainProcess:164098] mummi_ras.online.simulation:has_computed_enough:352 - INFO - runtime_hours*0.99 = 0.495 vs delta_time = 0.4323589299122492 (length 31.5 ns) False False
2025-04-08 21:45:35,424 - [MainProcess:164098] mummi_ras.online.simulation:has_computed_enough:352 - INFO - runtime_hours*0.99 = 0.495 vs delta_time = 0.4329155776898066 (length 31.5 ns) False False
2025-04-08 21:45:37,428 - [MainProcess:164098] mummi_ras.online.simulation:has_computed_enough:352 - INFO - runtime_hours*0.99 = 0.495 vs delta_time = 0.43347221957312687 (length 31.5 ns) False False
2025-04-08 21:45:39,432 - [MainProcess:164098] mummi_ras.online.simulation:has_computed_enough:352 - INFO - runtime_hours*0.99 = 0.495 vs delta_time = 0.43402886443667943 (length 31.5 ns) False False
2025-04-08 21:45:41,436 - [MainProcess:164098] mummi_ras.online.simulation:has_computed_enough:352 - INFO - runtime_hours*0.99 = 0.495 vs delta_time = 0.43458550724718303 (length 31.5 ns) False False
2025-04-08 21:45:43,440 - [MainProcess:164098] mummi_ras.online.simulation:has_computed_enough:352 - INFO - runtime_hours*0.99 = 0.495 vs delta_time = 0.4351421539651023 (length 31.5 ns) False False
2025-04-08 21:45:43,505 - [MainProcess:164098] mummi_ras.online.simulation:get_new_frames:399 - INFO - Getting all frame numbers in trajectory from 64 to 64.
2025-04-08 21:45:43,505 - [MainProcess:164098] mummi_ras.online.cg.cganalysis:run_main_analysis:193 - INFO - Process frame 64
2025-04-08 21:45:43,505 - [MainProcess:164098] mummi_ras.online.cg.cganalysis:processFrame:554 - INFO - Load 65 frames: current frame ID /tmp/mummi/cg/structure_iter00_000000000010-20250408_211916/traj_comp.xtc
2025-04-08 21:45:43,512 - [MainProcess:164098] mummi_ras.online.cg.cganalysis:processFrame:580 - INFO - Frame:    64, Time: 32000.000 ps, Bbox = [0, 180.3914, 0, 180.3914]
2025-04-08 21:45:43,512 - [MainProcess:164098] mummi_ras.online.cg.cganalysis:processFrame:584 - INFO - Lengths of layers: 662 31 490
2025-04-08 21:45:43,573 - [MainProcess:164098] mummi_ras.online.cg.cganalysis:processFrame:765 - INFO - Time for analysis - frameNum 64, time 0.06833100318908691 s
2025-04-08 21:45:45,574 - [MainProcess:164098] mummi_ras.online.simulation:has_computed_enough:352 - INFO - runtime_hours*0.99 = 0.495 vs delta_time = 0.4357349827554491 (length 32.0 ns) False False
2025-04-08 21:45:47,578 - [MainProcess:164098] mummi_ras.online.simulation:has_computed_enough:352 - INFO - runtime_hours*0.99 = 0.495 vs delta_time = 0.4362916702694363 (length 32.0 ns) False False
2025-04-08 21:45:49,582 - [MainProcess:164098] mummi_ras.online.simulation:has_computed_enough:352 - INFO - runtime_hours*0.99 = 0.495 vs delta_time = 0.4368483242061403 (length 32.0 ns) False False
2025-04-08 21:45:51,586 - [MainProcess:164098] mummi_ras.online.simulation:has_computed_enough:352 - INFO - runtime_hours*0.99 = 0.495 vs delta_time = 0.4374050085412131 (length 32.0 ns) False False
2025-04-08 21:45:53,590 - [MainProcess:164098] mummi_ras.online.simulation:has_computed_enough:352 - INFO - runtime_hours*0.99 = 0.495 vs delta_time = 0.43796166347132787 (length 32.0 ns) False False
2025-04-08 21:45:55,594 - [MainProcess:164098] mummi_ras.online.simulation:has_computed_enough:352 - INFO - runtime_hours*0.99 = 0.495 vs delta_time = 0.4385183125072055 (length 32.0 ns) False False
2025-04-08 21:45:57,598 - [MainProcess:164098] mummi_ras.online.simulation:has_computed_enough:352 - INFO - runtime_hours*0.99 = 0.495 vs delta_time = 0.43907496598031787 (length 32.0 ns) False False
2025-04-08 21:45:59,602 - [MainProcess:164098] mummi_ras.online.simulation:has_computed_enough:352 - INFO - runtime_hours*0.99 = 0.495 vs delta_time = 0.4396316142214669 (length 32.0 ns) False False
2025-04-08 21:46:01,606 - [MainProcess:164098] mummi_ras.online.simulation:has_computed_enough:352 - INFO - runtime_hours*0.99 = 0.495 vs delta_time = 0.4401882619990243 (length 32.0 ns) False False
2025-04-08 21:46:03,609 - [MainProcess:164098] mummi_ras.online.simulation:has_computed_enough:352 - INFO - runtime_hours*0.99 = 0.495 vs delta_time = 0.4407449179887772 (length 32.0 ns) False False
2025-04-08 21:46:05,613 - [MainProcess:164098] mummi_ras.online.simulation:has_computed_enough:352 - INFO - runtime_hours*0.99 = 0.495 vs delta_time = 0.44130156351460353 (length 32.0 ns) False False
2025-04-08 21:46:07,617 - [MainProcess:164098] mummi_ras.online.simulation:has_computed_enough:352 - INFO - runtime_hours*0.99 = 0.495 vs delta_time = 0.44185820235146417 (length 32.0 ns) False False
2025-04-08 21:46:07,757 - [MainProcess:164098] mummi_ras.online.simulation:get_new_frames:399 - INFO - Getting all frame numbers in trajectory from 65 to 65.
2025-04-08 21:46:07,757 - [MainProcess:164098] mummi_ras.online.cg.cganalysis:run_main_analysis:193 - INFO - Process frame 65
2025-04-08 21:46:07,757 - [MainProcess:164098] mummi_ras.online.cg.cganalysis:processFrame:554 - INFO - Load 66 frames: current frame ID /tmp/mummi/cg/structure_iter00_000000000010-20250408_211916/traj_comp.xtc
2025-04-08 21:46:07,764 - [MainProcess:164098] mummi_ras.online.cg.cganalysis:processFrame:580 - INFO - Frame:    65, Time: 32500.000 ps, Bbox = [0, 181.05608, 0, 181.05608]
2025-04-08 21:46:07,764 - [MainProcess:164098] mummi_ras.online.cg.cganalysis:processFrame:584 - INFO - Lengths of layers: 660 39 484
2025-04-08 21:46:07,825 - [MainProcess:164098] mummi_ras.online.cg.cganalysis:processFrame:765 - INFO - Time for analysis - frameNum 65, time 0.06814146041870117 s
2025-04-08 21:46:09,826 - [MainProcess:164098] mummi_ras.online.simulation:has_computed_enough:352 - INFO - runtime_hours*0.99 = 0.495 vs delta_time = 0.442471598121855 (length 32.5 ns) False False
2025-04-08 21:46:11,830 - [MainProcess:164098] mummi_ras.online.simulation:has_computed_enough:352 - INFO - runtime_hours*0.99 = 0.495 vs delta_time = 0.44302828470865885 (length 32.5 ns) False False
2025-04-08 21:46:13,834 - [MainProcess:164098] mummi_ras.online.simulation:has_computed_enough:352 - INFO - runtime_hours*0.99 = 0.495 vs delta_time = 0.4435849454667833 (length 32.5 ns) False False
2025-04-08 21:46:15,838 - [MainProcess:164098] mummi_ras.online.simulation:has_computed_enough:352 - INFO - runtime_hours*0.99 = 0.495 vs delta_time = 0.4441416041718589 (length 32.5 ns) False False
2025-04-08 21:46:17,841 - [MainProcess:164098] mummi_ras.online.simulation:has_computed_enough:352 - INFO - runtime_hours*0.99 = 0.495 vs delta_time = 0.4446982483731376 (length 32.5 ns) False False
2025-04-08 21:46:19,845 - [MainProcess:164098] mummi_ras.online.simulation:has_computed_enough:352 - INFO - runtime_hours*0.99 = 0.495 vs delta_time = 0.44525489661428663 (length 32.5 ns) False False
2025-04-08 21:46:21,849 - [MainProcess:164098] mummi_ras.online.simulation:has_computed_enough:352 - INFO - runtime_hours*0.99 = 0.495 vs delta_time = 0.4458115694257948 (length 32.5 ns) False False
2025-04-08 21:46:23,853 - [MainProcess:164098] mummi_ras.online.simulation:has_computed_enough:352 - INFO - runtime_hours*0.99 = 0.495 vs delta_time = 0.44636823150846694 (length 32.5 ns) False False
2025-04-08 21:46:25,857 - [MainProcess:164098] mummi_ras.online.simulation:has_computed_enough:352 - INFO - runtime_hours*0.99 = 0.495 vs delta_time = 0.446924873524242 (length 32.5 ns) False False
2025-04-08 21:46:27,861 - [MainProcess:164098] mummi_ras.online.simulation:has_computed_enough:352 - INFO - runtime_hours*0.99 = 0.495 vs delta_time = 0.4474815090497335 (length 32.5 ns) False False
2025-04-08 21:46:29,865 - [MainProcess:164098] mummi_ras.online.simulation:has_computed_enough:352 - INFO - runtime_hours*0.99 = 0.495 vs delta_time = 0.44803814788659413 (length 32.5 ns) False False
2025-04-08 21:46:31,869 - [MainProcess:164098] mummi_ras.online.simulation:has_computed_enough:352 - INFO - runtime_hours*0.99 = 0.495 vs delta_time = 0.44859478844536677 (length 32.5 ns) False False
2025-04-08 21:46:33,873 - [MainProcess:164098] mummi_ras.online.simulation:has_computed_enough:352 - INFO - runtime_hours*0.99 = 0.495 vs delta_time = 0.44915143291155496 (length 32.5 ns) False False
2025-04-08 21:46:33,909 - [MainProcess:164098] mummi_ras.online.simulation:get_new_frames:399 - INFO - Getting all frame numbers in trajectory from 66 to 66.
2025-04-08 21:46:33,909 - [MainProcess:164098] mummi_ras.online.cg.cganalysis:run_main_analysis:193 - INFO - Process frame 66
2025-04-08 21:46:33,909 - [MainProcess:164098] mummi_ras.online.cg.cganalysis:processFrame:554 - INFO - Load 67 frames: current frame ID /tmp/mummi/cg/structure_iter00_000000000010-20250408_211916/traj_comp.xtc
2025-04-08 21:46:33,916 - [MainProcess:164098] mummi_ras.online.cg.cganalysis:processFrame:580 - INFO - Frame:    66, Time: 33000.000 ps, Bbox = [0, 180.50154, 0, 180.50154]
2025-04-08 21:46:33,916 - [MainProcess:164098] mummi_ras.online.cg.cganalysis:processFrame:584 - INFO - Lengths of layers: 660 35 488
2025-04-08 21:46:33,977 - [MainProcess:164098] mummi_ras.online.cg.cganalysis:processFrame:765 - INFO - Time for analysis - frameNum 66, time 0.06786227226257324 s
2025-04-08 21:46:35,977 - [MainProcess:164098] mummi_ras.online.simulation:has_computed_enough:352 - INFO - runtime_hours*0.99 = 0.495 vs delta_time = 0.44973599361048805 (length 33.0 ns) False False
2025-04-08 21:46:37,981 - [MainProcess:164098] mummi_ras.online.simulation:has_computed_enough:352 - INFO - runtime_hours*0.99 = 0.495 vs delta_time = 0.45029268430338965 (length 33.0 ns) False False
2025-04-08 21:46:39,985 - [MainProcess:164098] mummi_ras.online.simulation:has_computed_enough:352 - INFO - runtime_hours*0.99 = 0.495 vs delta_time = 0.4508493396308687 (length 33.0 ns) False False
2025-04-08 21:46:41,989 - [MainProcess:164098] mummi_ras.online.simulation:has_computed_enough:352 - INFO - runtime_hours*0.99 = 0.495 vs delta_time = 0.4514059853553772 (length 33.0 ns) False False
2025-04-08 21:46:43,993 - [MainProcess:164098] mummi_ras.online.simulation:has_computed_enough:352 - INFO - runtime_hours*0.99 = 0.495 vs delta_time = 0.45196263757016925 (length 33.0 ns) False False
2025-04-08 21:46:45,997 - [MainProcess:164098] mummi_ras.online.simulation:has_computed_enough:352 - INFO - runtime_hours*0.99 = 0.495 vs delta_time = 0.4525192775991228 (length 33.0 ns) False False
2025-04-08 21:46:48,001 - [MainProcess:164098] mummi_ras.online.simulation:has_computed_enough:352 - INFO - runtime_hours*0.99 = 0.495 vs delta_time = 0.4530759298139148 (length 33.0 ns) False False
2025-04-08 21:46:50,005 - [MainProcess:164098] mummi_ras.online.simulation:has_computed_enough:352 - INFO - runtime_hours*0.99 = 0.495 vs delta_time = 0.45363257553842334 (length 33.0 ns) False False
2025-04-08 21:46:52,009 - [MainProcess:164098] mummi_ras.online.simulation:has_computed_enough:352 - INFO - runtime_hours*0.99 = 0.495 vs delta_time = 0.4541892455683814 (length 33.0 ns) False False
2025-04-08 21:46:54,013 - [MainProcess:164098] mummi_ras.online.simulation:has_computed_enough:352 - INFO - runtime_hours*0.99 = 0.495 vs delta_time = 0.4547458916902542 (length 33.0 ns) False False
2025-04-08 21:46:56,017 - [MainProcess:164098] mummi_ras.online.simulation:has_computed_enough:352 - INFO - runtime_hours*0.99 = 0.495 vs delta_time = 0.45530254403750103 (length 33.0 ns) False False
2025-04-08 21:46:58,021 - [MainProcess:164098] mummi_ras.online.simulation:has_computed_enough:352 - INFO - runtime_hours*0.99 = 0.495 vs delta_time = 0.455859190887875 (length 33.0 ns) False False
2025-04-08 21:46:58,090 - [MainProcess:164098] mummi_ras.online.simulation:get_new_frames:399 - INFO - Getting all frame numbers in trajectory from 67 to 67.
2025-04-08 21:46:58,090 - [MainProcess:164098] mummi_ras.online.cg.cganalysis:run_main_analysis:193 - INFO - Process frame 67
2025-04-08 21:46:58,091 - [MainProcess:164098] mummi_ras.online.cg.cganalysis:processFrame:554 - INFO - Load 68 frames: current frame ID /tmp/mummi/cg/structure_iter00_000000000010-20250408_211916/traj_comp.xtc
2025-04-08 21:46:58,098 - [MainProcess:164098] mummi_ras.online.cg.cganalysis:processFrame:580 - INFO - Frame:    67, Time: 33500.000 ps, Bbox = [0, 181.0341, 0, 181.0341]
2025-04-08 21:46:58,098 - [MainProcess:164098] mummi_ras.online.cg.cganalysis:processFrame:584 - INFO - Lengths of layers: 661 33 489
2025-04-08 21:46:58,159 - [MainProcess:164098] mummi_ras.online.cg.cganalysis:processFrame:765 - INFO - Time for analysis - frameNum 67, time 0.06818938255310059 s
2025-04-08 21:47:00,159 - [MainProcess:164098] mummi_ras.online.simulation:has_computed_enough:352 - INFO - runtime_hours*0.99 = 0.495 vs delta_time = 0.45645316713386114 (length 33.5 ns) False False
2025-04-08 21:47:02,163 - [MainProcess:164098] mummi_ras.online.simulation:has_computed_enough:352 - INFO - runtime_hours*0.99 = 0.495 vs delta_time = 0.4570098429918289 (length 33.5 ns) False False
2025-04-08 21:47:04,167 - [MainProcess:164098] mummi_ras.online.simulation:has_computed_enough:352 - INFO - runtime_hours*0.99 = 0.495 vs delta_time = 0.4575664976570341 (length 33.5 ns) False False
2025-04-08 21:47:06,171 - [MainProcess:164098] mummi_ras.online.simulation:has_computed_enough:352 - INFO - runtime_hours*0.99 = 0.495 vs delta_time = 0.45812314960691664 (length 33.5 ns) False False
2025-04-08 21:47:08,175 - [MainProcess:164098] mummi_ras.online.simulation:has_computed_enough:352 - INFO - runtime_hours*0.99 = 0.495 vs delta_time = 0.4586797958612442 (length 33.5 ns) False False
2025-04-08 21:47:10,179 - [MainProcess:164098] mummi_ras.online.simulation:has_computed_enough:352 - INFO - runtime_hours*0.99 = 0.495 vs delta_time = 0.45923643390337626 (length 33.5 ns) False False
2025-04-08 21:47:12,183 - [MainProcess:164098] mummi_ras.online.simulation:has_computed_enough:352 - INFO - runtime_hours*0.99 = 0.495 vs delta_time = 0.4597930766476525 (length 33.5 ns) False False
2025-04-08 21:47:14,187 - [MainProcess:164098] mummi_ras.online.simulation:has_computed_enough:352 - INFO - runtime_hours*0.99 = 0.495 vs delta_time = 0.4603497244914373 (length 33.5 ns) False False
2025-04-08 21:47:16,191 - [MainProcess:164098] mummi_ras.online.simulation:has_computed_enough:352 - INFO - runtime_hours*0.99 = 0.495 vs delta_time = 0.460906373196178 (length 33.5 ns) False False
2025-04-08 21:47:18,195 - [MainProcess:164098] mummi_ras.online.simulation:has_computed_enough:352 - INFO - runtime_hours*0.99 = 0.495 vs delta_time = 0.46146301435099707 (length 33.5 ns) False False
2025-04-08 21:47:20,199 - [MainProcess:164098] mummi_ras.online.simulation:has_computed_enough:352 - INFO - runtime_hours*0.99 = 0.495 vs delta_time = 0.46201968020863005 (length 33.5 ns) False False
2025-04-08 21:47:22,203 - [MainProcess:164098] mummi_ras.online.simulation:has_computed_enough:352 - INFO - runtime_hours*0.99 = 0.495 vs delta_time = 0.4625763540797763 (length 33.5 ns) False False
2025-04-08 21:47:22,340 - [MainProcess:164098] mummi_ras.online.simulation:get_new_frames:399 - INFO - Getting all frame numbers in trajectory from 68 to 68.
2025-04-08 21:47:22,341 - [MainProcess:164098] mummi_ras.online.cg.cganalysis:run_main_analysis:193 - INFO - Process frame 68
2025-04-08 21:47:22,341 - [MainProcess:164098] mummi_ras.online.cg.cganalysis:processFrame:554 - INFO - Load 69 frames: current frame ID /tmp/mummi/cg/structure_iter00_000000000010-20250408_211916/traj_comp.xtc
2025-04-08 21:47:22,348 - [MainProcess:164098] mummi_ras.online.cg.cganalysis:processFrame:580 - INFO - Frame:    68, Time: 34000.000 ps, Bbox = [0, 181.41243, 0, 181.41243]
2025-04-08 21:47:22,348 - [MainProcess:164098] mummi_ras.online.cg.cganalysis:processFrame:584 - INFO - Lengths of layers: 659 32 492
2025-04-08 21:47:22,409 - [MainProcess:164098] mummi_ras.online.cg.cganalysis:processFrame:765 - INFO - Time for analysis - frameNum 68, time 0.06818151473999023 s
2025-04-08 21:47:24,409 - [MainProcess:164098] mummi_ras.online.simulation:has_computed_enough:352 - INFO - runtime_hours*0.99 = 0.495 vs delta_time = 0.4631893044710159 (length 34.0 ns) False False
2025-04-08 21:47:26,413 - [MainProcess:164098] mummi_ras.online.simulation:has_computed_enough:352 - INFO - runtime_hours*0.99 = 0.495 vs delta_time = 0.4637459515200721 (length 34.0 ns) False False
2025-04-08 21:47:28,417 - [MainProcess:164098] mummi_ras.online.simulation:has_computed_enough:352 - INFO - runtime_hours*0.99 = 0.495 vs delta_time = 0.4643025634686152 (length 34.0 ns) False False
2025-04-08 21:47:30,421 - [MainProcess:164098] mummi_ras.online.simulation:has_computed_enough:352 - INFO - runtime_hours*0.99 = 0.495 vs delta_time = 0.46485916005240546 (length 34.0 ns) False False
2025-04-08 21:47:32,425 - [MainProcess:164098] mummi_ras.online.simulation:has_computed_enough:352 - INFO - runtime_hours*0.99 = 0.495 vs delta_time = 0.4654157574971517 (length 34.0 ns) False False
2025-04-08 21:47:34,428 - [MainProcess:164098] mummi_ras.online.simulation:has_computed_enough:352 - INFO - runtime_hours*0.99 = 0.495 vs delta_time = 0.4659723655382792 (length 34.0 ns) False False
2025-04-08 21:47:36,432 - [MainProcess:164098] mummi_ras.online.simulation:has_computed_enough:352 - INFO - runtime_hours*0.99 = 0.495 vs delta_time = 0.46652897735436755 (length 34.0 ns) False False
2025-04-08 21:47:38,436 - [MainProcess:164098] mummi_ras.online.simulation:has_computed_enough:352 - INFO - runtime_hours*0.99 = 0.495 vs delta_time = 0.46708557367324827 (length 34.0 ns) False False
2025-04-08 21:47:40,440 - [MainProcess:164098] mummi_ras.online.simulation:has_computed_enough:352 - INFO - runtime_hours*0.99 = 0.495 vs delta_time = 0.4676421790652805 (length 34.0 ns) False False
2025-04-08 21:47:42,443 - [MainProcess:164098] mummi_ras.online.simulation:has_computed_enough:352 - INFO - runtime_hours*0.99 = 0.495 vs delta_time = 0.4681987768411636 (length 34.0 ns) False False
2025-04-08 21:47:44,447 - [MainProcess:164098] mummi_ras.online.simulation:has_computed_enough:352 - INFO - runtime_hours*0.99 = 0.495 vs delta_time = 0.4687553850809733 (length 34.0 ns) False False
2025-04-08 21:47:46,451 - [MainProcess:164098] mummi_ras.online.simulation:has_computed_enough:352 - INFO - runtime_hours*0.99 = 0.495 vs delta_time = 0.46931199577119614 (length 34.0 ns) False False
2025-04-08 21:47:46,486 - [MainProcess:164098] mummi_ras.online.simulation:get_new_frames:399 - INFO - Getting all frame numbers in trajectory from 69 to 69.
2025-04-08 21:47:46,486 - [MainProcess:164098] mummi_ras.online.cg.cganalysis:run_main_analysis:193 - INFO - Process frame 69
2025-04-08 21:47:46,487 - [MainProcess:164098] mummi_ras.online.cg.cganalysis:processFrame:554 - INFO - Load 70 frames: current frame ID /tmp/mummi/cg/structure_iter00_000000000010-20250408_211916/traj_comp.xtc
2025-04-08 21:47:46,494 - [MainProcess:164098] mummi_ras.online.cg.cganalysis:processFrame:580 - INFO - Frame:    69, Time: 34500.000 ps, Bbox = [0, 180.27747, 0, 180.27747]
2025-04-08 21:47:46,494 - [MainProcess:164098] mummi_ras.online.cg.cganalysis:processFrame:584 - INFO - Lengths of layers: 658 35 490
2025-04-08 21:47:46,555 - [MainProcess:164098] mummi_ras.online.cg.cganalysis:processFrame:765 - INFO - Time for analysis - frameNum 69, time 0.06812310218811035 s
2025-04-08 21:47:48,555 - [MainProcess:164098] mummi_ras.online.simulation:has_computed_enough:352 - INFO - runtime_hours*0.99 = 0.495 vs delta_time = 0.46989647772577076 (length 34.5 ns) False False
2025-04-08 21:47:48,559 - [MainProcess:164098] mummi_ras.online.cg.cganalysis:processOutput:92 - INFO - Add feedback for frameNum 60 - state []
2025-04-08 21:47:48,559 - [MainProcess:164098] mummi_ras.online.cg.cganalysis:processOutput:92 - INFO - Add feedback for frameNum 61 - state []
2025-04-08 21:47:48,559 - [MainProcess:164098] mummi_ras.online.cg.cganalysis:processOutput:92 - INFO - Add feedback for frameNum 62 - state []
2025-04-08 21:47:48,559 - [MainProcess:164098] mummi_ras.online.cg.cganalysis:processOutput:92 - INFO - Add feedback for frameNum 63 - state []
2025-04-08 21:47:48,560 - [MainProcess:164098] mummi_ras.online.cg.cganalysis:processOutput:92 - INFO - Add feedback for frameNum 64 - state []
2025-04-08 21:47:48,560 - [MainProcess:164098] mummi_ras.online.cg.cganalysis:processOutput:92 - INFO - Add feedback for frameNum 65 - state []
2025-04-08 21:47:48,560 - [MainProcess:164098] mummi_ras.online.cg.cganalysis:processOutput:92 - INFO - Add feedback for frameNum 66 - state []
2025-04-08 21:47:48,560 - [MainProcess:164098] mummi_ras.online.cg.cganalysis:processOutput:92 - INFO - Add feedback for frameNum 67 - state []
2025-04-08 21:47:48,560 - [MainProcess:164098] mummi_ras.online.cg.cganalysis:processOutput:92 - INFO - Add feedback for frameNum 68 - state []
2025-04-08 21:47:48,560 - [MainProcess:164098] mummi_ras.online.cg.cganalysis:processOutput:92 - INFO - Add feedback for frameNum 69 - state []
2025-04-08 21:47:48,570 - [MainProcess:164098] mummi_core.interfaces.simple:_save_files:91 - INFO - Wrote 10 files to (/p/gpfs1/pottier1/minimummi-sc25/roots/root3/feedback-cg2ml/010)
2025-04-08 21:47:48,570 - [MainProcess:164098] mummi_ras.feedback.feedback_manager_cg2ml:report:118 - INFO - Added 10 frames (from structure_iter00_000000000010) to feedback (/p/gpfs1/pottier1/minimummi-sc25/roots/root3/feedback-cg2ml)
2025-04-08 21:47:48,570 - [MainProcess:164098] mummi_ras.online.cg.cganalysis:processOutput:112 - INFO - processOutput: 69
2025-04-08 21:47:48,570 - [MainProcess:164098] mummi_ras.online.cg.cganalysis:copyRemoteRestart:452 - INFO - Copy to remote frames [60, 61, 62, 63, 64, 65, 66, 67, 68, 69]
sending incremental file list
ener.edr
md.log
mdrun.log
traj_comp.xtc

sent 15,276,920 bytes  received 92 bytes  30,554,024.00 bytes/sec
total size is 18,299,610  speedup is 1.20
2025-04-08 21:47:48,721 - [MainProcess:164098] mummi_core.utils.utilities:sys_call:184 - INFO - Run command: rsync -va --no-g traj_comp.xtc topol.tpr state.cpt ener.edr md.log mdrun.log /p/gpfs1/pottier1/minimummi-sc25/roots/root3/sims-cg/structure_iter00_000000000010 || true
2025-04-08 21:47:49,155 - [MainProcess:164098] mummi_ras.interfaces.mummi:save_analysis_data:253 - INFO - Saved all analysis data for frames [60, 61, 62, 63, 64, 65, 66, 67, 68, 69]
2025-04-08 21:47:49,155 - [MainProcess:164098] mummi_ras.online.cg.cganalysis:copyRemoteLogs:350 - INFO - Copy over log files
2025-04-08 21:47:49,183 - [MainProcess:164098] mummi_core.utils.utilities:sys_call:184 - INFO - Run command: cp -r  /tmp/mummi/cg/structure_iter00_000000000010-20250408_211916/cg_analysis.out /tmp/mummi/cg/structure_iter00_000000000010-20250408_211916/traj_comp.xtc /tmp/mummi/cg/structure_iter00_000000000010-20250408_211916/*.log /p/gpfs1/pottier1/minimummi-sc25/roots/root3/sims-cg/structure_iter00_000000000010/ || true
2025-04-08 21:47:49,183 - [MainProcess:164098] mummi_ras.online.cg.cganalysis:copyRemoteLogs:365 - INFO - copyRemoteLogs =  /tmp/mummi/cg/structure_iter00_000000000010-20250408_211916/cg_analysis.out /tmp/mummi/cg/structure_iter00_000000000010-20250408_211916/traj_comp.xtc /tmp/mummi/cg/structure_iter00_000000000010-20250408_211916/*.log
2025-04-08 21:47:49,183 - [MainProcess:164098] mummi_ras.online.cg.cganalysis:cleanupLocal:375 - WARNING - Copy cleanup local only works for ddcMD files
2025-04-08 21:47:51,183 - [MainProcess:164098] mummi_ras.online.simulation:has_computed_enough:352 - INFO - runtime_hours*0.99 = 0.495 vs delta_time = 0.47062645998266006 (length 34.5 ns) False False
2025-04-08 21:47:53,187 - [MainProcess:164098] mummi_ras.online.simulation:has_computed_enough:352 - INFO - runtime_hours*0.99 = 0.495 vs delta_time = 0.4711831401454078 (length 34.5 ns) False False
2025-04-08 21:47:55,191 - [MainProcess:164098] mummi_ras.online.simulation:has_computed_enough:352 - INFO - runtime_hours*0.99 = 0.495 vs delta_time = 0.4717397927575641 (length 34.5 ns) False False
2025-04-08 21:47:57,195 - [MainProcess:164098] mummi_ras.online.simulation:has_computed_enough:352 - INFO - runtime_hours*0.99 = 0.495 vs delta_time = 0.47229644344912636 (length 34.5 ns) False False
2025-04-08 21:47:59,199 - [MainProcess:164098] mummi_ras.online.simulation:has_computed_enough:352 - INFO - runtime_hours*0.99 = 0.495 vs delta_time = 0.4728531147374047 (length 34.5 ns) False False
2025-04-08 21:48:01,203 - [MainProcess:164098] mummi_ras.online.simulation:has_computed_enough:352 - INFO - runtime_hours*0.99 = 0.495 vs delta_time = 0.47340976761447057 (length 34.5 ns) False False
2025-04-08 21:48:03,207 - [MainProcess:164098] mummi_ras.online.simulation:has_computed_enough:352 - INFO - runtime_hours*0.99 = 0.495 vs delta_time = 0.4739664437373479 (length 34.5 ns) False False
2025-04-08 21:48:05,211 - [MainProcess:164098] mummi_ras.online.simulation:has_computed_enough:352 - INFO - runtime_hours*0.99 = 0.495 vs delta_time = 0.4745231018463771 (length 34.5 ns) False False
2025-04-08 21:48:07,215 - [MainProcess:164098] mummi_ras.online.simulation:has_computed_enough:352 - INFO - runtime_hours*0.99 = 0.495 vs delta_time = 0.4750797469086117 (length 34.5 ns) False False
2025-04-08 21:48:09,219 - [MainProcess:164098] mummi_ras.online.simulation:has_computed_enough:352 - INFO - runtime_hours*0.99 = 0.495 vs delta_time = 0.4756364087926017 (length 34.5 ns) False False
2025-04-08 21:48:11,223 - [MainProcess:164098] mummi_ras.online.simulation:has_computed_enough:352 - INFO - runtime_hours*0.99 = 0.495 vs delta_time = 0.4761930587556627 (length 34.5 ns) False False
2025-04-08 21:48:11,255 - [MainProcess:164098] mummi_ras.online.simulation:get_new_frames:399 - INFO - Getting all frame numbers in trajectory from 70 to 70.
2025-04-08 21:48:11,256 - [MainProcess:164098] mummi_ras.online.cg.cganalysis:run_main_analysis:193 - INFO - Process frame 70
2025-04-08 21:48:11,256 - [MainProcess:164098] mummi_ras.online.cg.cganalysis:processFrame:554 - INFO - Load 71 frames: current frame ID /tmp/mummi/cg/structure_iter00_000000000010-20250408_211916/traj_comp.xtc
2025-04-08 21:48:11,263 - [MainProcess:164098] mummi_ras.online.cg.cganalysis:processFrame:580 - INFO - Frame:    70, Time: 35000.000 ps, Bbox = [0, 179.76799, 0, 179.76799]
2025-04-08 21:48:11,263 - [MainProcess:164098] mummi_ras.online.cg.cganalysis:processFrame:584 - INFO - Lengths of layers: 658 36 489
2025-04-08 21:48:11,323 - [MainProcess:164098] mummi_ras.online.cg.cganalysis:processFrame:765 - INFO - Time for analysis - frameNum 70, time 0.06779193878173828 s
2025-04-08 21:48:13,324 - [MainProcess:164098] mummi_ras.online.simulation:has_computed_enough:352 - INFO - runtime_hours*0.99 = 0.495 vs delta_time = 0.47677669915888043 (length 35.0 ns) False False
2025-04-08 21:48:15,328 - [MainProcess:164098] mummi_ras.online.simulation:has_computed_enough:352 - INFO - runtime_hours*0.99 = 0.495 vs delta_time = 0.47733339137501185 (length 35.0 ns) False False
2025-04-08 21:48:17,332 - [MainProcess:164098] mummi_ras.online.simulation:has_computed_enough:352 - INFO - runtime_hours*0.99 = 0.495 vs delta_time = 0.47789003683461084 (length 35.0 ns) False False
2025-04-08 21:48:19,336 - [MainProcess:164098] mummi_ras.online.simulation:has_computed_enough:352 - INFO - runtime_hours*0.99 = 0.495 vs delta_time = 0.4784466744793786 (length 35.0 ns) False False
2025-04-08 21:48:21,340 - [MainProcess:164098] mummi_ras.online.simulation:has_computed_enough:352 - INFO - runtime_hours*0.99 = 0.495 vs delta_time = 0.4790033483505249 (length 35.0 ns) False False
2025-04-08 21:48:23,344 - [MainProcess:164098] mummi_ras.online.simulation:has_computed_enough:352 - INFO - runtime_hours*0.99 = 0.495 vs delta_time = 0.47956000407536825 (length 35.0 ns) False False
2025-04-08 21:48:25,348 - [MainProcess:164098] mummi_ras.online.simulation:has_computed_enough:352 - INFO - runtime_hours*0.99 = 0.495 vs delta_time = 0.4801166738404168 (length 35.0 ns) False False
2025-04-08 21:48:27,352 - [MainProcess:164098] mummi_ras.online.simulation:has_computed_enough:352 - INFO - runtime_hours*0.99 = 0.495 vs delta_time = 0.4806733185715146 (length 35.0 ns) False False
2025-04-08 21:48:29,356 - [MainProcess:164098] mummi_ras.online.simulation:has_computed_enough:352 - INFO - runtime_hours*0.99 = 0.495 vs delta_time = 0.481229965488116 (length 35.0 ns) False False
2025-04-08 21:48:31,360 - [MainProcess:164098] mummi_ras.online.simulation:has_computed_enough:352 - INFO - runtime_hours*0.99 = 0.495 vs delta_time = 0.48178662055068544 (length 35.0 ns) False False
2025-04-08 21:48:33,364 - [MainProcess:164098] mummi_ras.online.simulation:has_computed_enough:352 - INFO - runtime_hours*0.99 = 0.495 vs delta_time = 0.4823432650168737 (length 35.0 ns) False False
2025-04-08 21:48:35,367 - [MainProcess:164098] mummi_ras.online.simulation:has_computed_enough:352 - INFO - runtime_hours*0.99 = 0.495 vs delta_time = 0.48289991471502514 (length 35.0 ns) False False
2025-04-08 21:48:35,513 - [MainProcess:164098] mummi_ras.online.simulation:get_new_frames:399 - INFO - Getting all frame numbers in trajectory from 71 to 71.
2025-04-08 21:48:35,513 - [MainProcess:164098] mummi_ras.online.cg.cganalysis:run_main_analysis:193 - INFO - Process frame 71
2025-04-08 21:48:35,513 - [MainProcess:164098] mummi_ras.online.cg.cganalysis:processFrame:554 - INFO - Load 72 frames: current frame ID /tmp/mummi/cg/structure_iter00_000000000010-20250408_211916/traj_comp.xtc
2025-04-08 21:48:35,520 - [MainProcess:164098] mummi_ras.online.cg.cganalysis:processFrame:580 - INFO - Frame:    71, Time: 35500.000 ps, Bbox = [0, 179.43936, 0, 179.43936]
2025-04-08 21:48:35,520 - [MainProcess:164098] mummi_ras.online.cg.cganalysis:processFrame:584 - INFO - Lengths of layers: 658 37 488
2025-04-08 21:48:35,581 - [MainProcess:164098] mummi_ras.online.cg.cganalysis:processFrame:765 - INFO - Time for analysis - frameNum 71, time 0.06799125671386719 s
2025-04-08 21:48:37,581 - [MainProcess:164098] mummi_ras.online.simulation:has_computed_enough:352 - INFO - runtime_hours*0.99 = 0.495 vs delta_time = 0.48351489616764914 (length 35.5 ns) False False
2025-04-08 21:48:39,585 - [MainProcess:164098] mummi_ras.online.simulation:has_computed_enough:352 - INFO - runtime_hours*0.99 = 0.495 vs delta_time = 0.48407158421145546 (length 35.5 ns) False False
2025-04-08 21:48:41,589 - [MainProcess:164098] mummi_ras.online.simulation:has_computed_enough:352 - INFO - runtime_hours*0.99 = 0.495 vs delta_time = 0.4846282374858856 (length 35.5 ns) False False
2025-04-08 21:48:43,593 - [MainProcess:164098] mummi_ras.online.simulation:has_computed_enough:352 - INFO - runtime_hours*0.99 = 0.495 vs delta_time = 0.48518487592538195 (length 35.5 ns) False False
2025-04-08 21:48:45,597 - [MainProcess:164098] mummi_ras.online.simulation:has_computed_enough:352 - INFO - runtime_hours*0.99 = 0.495 vs delta_time = 0.48574152025911543 (length 35.5 ns) False False
2025-04-08 21:48:47,601 - [MainProcess:164098] mummi_ras.online.simulation:has_computed_enough:352 - INFO - runtime_hours*0.99 = 0.495 vs delta_time = 0.4862981691625383 (length 35.5 ns) False False
2025-04-08 21:48:49,605 - [MainProcess:164098] mummi_ras.online.simulation:has_computed_enough:352 - INFO - runtime_hours*0.99 = 0.495 vs delta_time = 0.4868548079331716 (length 35.5 ns) False False
2025-04-08 21:48:51,609 - [MainProcess:164098] mummi_ras.online.simulation:has_computed_enough:352 - INFO - runtime_hours*0.99 = 0.495 vs delta_time = 0.4874114923344718 (length 35.5 ns) False False
2025-04-08 21:48:53,613 - [MainProcess:164098] mummi_ras.online.simulation:has_computed_enough:352 - INFO - runtime_hours*0.99 = 0.495 vs delta_time = 0.4879681615697013 (length 35.5 ns) False False
2025-04-08 21:48:55,617 - [MainProcess:164098] mummi_ras.online.simulation:has_computed_enough:352 - INFO - runtime_hours*0.99 = 0.495 vs delta_time = 0.48852481835418277 (length 35.5 ns) False False
2025-04-08 21:48:57,621 - [MainProcess:164098] mummi_ras.online.simulation:has_computed_enough:352 - INFO - runtime_hours*0.99 = 0.495 vs delta_time = 0.4890814828210407 (length 35.5 ns) False False
2025-04-08 21:48:59,625 - [MainProcess:164098] mummi_ras.online.simulation:has_computed_enough:352 - INFO - runtime_hours*0.99 = 0.495 vs delta_time = 0.4896381440427568 (length 35.5 ns) False False
2025-04-08 21:48:59,661 - [MainProcess:164098] mummi_ras.online.simulation:get_new_frames:399 - INFO - Getting all frame numbers in trajectory from 72 to 72.
2025-04-08 21:48:59,661 - [MainProcess:164098] mummi_ras.online.cg.cganalysis:run_main_analysis:193 - INFO - Process frame 72
2025-04-08 21:48:59,661 - [MainProcess:164098] mummi_ras.online.cg.cganalysis:processFrame:554 - INFO - Load 73 frames: current frame ID /tmp/mummi/cg/structure_iter00_000000000010-20250408_211916/traj_comp.xtc
2025-04-08 21:48:59,668 - [MainProcess:164098] mummi_ras.online.cg.cganalysis:processFrame:580 - INFO - Frame:    72, Time: 36000.000 ps, Bbox = [0, 180.3405, 0, 180.3405]
2025-04-08 21:48:59,668 - [MainProcess:164098] mummi_ras.online.cg.cganalysis:processFrame:584 - INFO - Lengths of layers: 661 34 488
2025-04-08 21:48:59,730 - [MainProcess:164098] mummi_ras.online.cg.cganalysis:processFrame:765 - INFO - Time for analysis - frameNum 72, time 0.06928634643554688 s
2025-04-08 21:49:01,731 - [MainProcess:164098] mummi_ras.online.simulation:has_computed_enough:352 - INFO - runtime_hours*0.99 = 0.495 vs delta_time = 0.4902230401833852 (length 36.0 ns) False False
2025-04-08 21:49:03,735 - [MainProcess:164098] mummi_ras.online.simulation:has_computed_enough:352 - INFO - runtime_hours*0.99 = 0.495 vs delta_time = 0.49077973193592495 (length 36.0 ns) False False
2025-04-08 21:49:05,739 - [MainProcess:164098] mummi_ras.online.simulation:has_computed_enough:352 - INFO - runtime_hours*0.99 = 0.495 vs delta_time = 0.4913363799121645 (length 36.0 ns) False False
2025-04-08 21:49:07,743 - [MainProcess:164098] mummi_ras.online.simulation:has_computed_enough:352 - INFO - runtime_hours*0.99 = 0.495 vs delta_time = 0.4918930198086633 (length 36.0 ns) False False
2025-04-08 21:49:09,747 - [MainProcess:164098] mummi_ras.online.simulation:has_computed_enough:352 - INFO - runtime_hours*0.99 = 0.495 vs delta_time = 0.4924496641423967 (length 36.0 ns) False False
2025-04-08 21:49:11,750 - [MainProcess:164098] mummi_ras.online.simulation:has_computed_enough:352 - INFO - runtime_hours*0.99 = 0.495 vs delta_time = 0.49300631317827437 (length 36.0 ns) False False
2025-04-08 21:49:13,754 - [MainProcess:164098] mummi_ras.online.simulation:has_computed_enough:352 - INFO - runtime_hours*0.99 = 0.495 vs delta_time = 0.49356296002864836 (length 36.0 ns) False False
2025-04-08 21:49:15,758 - [MainProcess:164098] mummi_ras.online.simulation:has_computed_enough:352 - INFO - runtime_hours*0.99 = 0.495 vs delta_time = 0.4941195996602376 (length 36.0 ns) False False
2025-04-08 21:49:17,762 - [MainProcess:164098] mummi_ras.online.simulation:has_computed_enough:352 - INFO - runtime_hours*0.99 = 0.495 vs delta_time = 0.494676240351465 (length 36.0 ns) False False
2025-04-08 21:49:19,766 - [MainProcess:164098] mummi_ras.online.simulation:has_computed_enough:352 - INFO - runtime_hours*0.99 = 0.495 vs delta_time = 0.4952328923675749 (length 36.0 ns) True False
2025-04-08 21:49:19,766 - [MainProcess:164098] mummi_ras.online.simulation:has_computed_enough:355 - INFO - TEST False
2025-04-08 21:49:19,767 - [MainProcess:164098] mummi_core.interfaces.base:send_signal:280 - INFO - Saved signal (/p/gpfs1/pottier1/minimummi-sc25/roots/root3/sims-cg/structure_iter00_000000000010/cg_success)
2025-04-08 21:49:19,767 - [MainProcess:164098] mummi_ras.online.simulation:has_computed_enough:358 - INFO - Setting success flag for /p/gpfs1/pottier1/minimummi-sc25/roots/root3/sims-cg/structure_iter00_000000000010 (runtime 0.4952328923675749 hours) (length 36.0 ns)
2025-04-08 21:49:19,767 - [MainProcess:164098] mummi_ras.online.cg.cganalysis:run_main_analysis:232 - INFO - Sim structure_iter00_000000000010 IS DONE
2025-04-08 21:49:19,768 - [MainProcess:164098] mummi_ras.online.simulation:stop:135 - INFO - Stopping simulation structure_iter00_000000000010
2025-04-08 21:49:19,768 - [MainProcess:164098] mummi_ras.online.cg.cganalysis:processOutput:92 - INFO - Add feedback for frameNum 70 - state []
2025-04-08 21:49:19,768 - [MainProcess:164098] mummi_ras.online.cg.cganalysis:processOutput:92 - INFO - Add feedback for frameNum 71 - state []
2025-04-08 21:49:19,768 - [MainProcess:164098] mummi_ras.online.cg.cganalysis:processOutput:92 - INFO - Add feedback for frameNum 72 - state []
2025-04-08 21:49:19,771 - [MainProcess:164098] mummi_core.interfaces.simple:_save_files:91 - INFO - Wrote 3 files to (/p/gpfs1/pottier1/minimummi-sc25/roots/root3/feedback-cg2ml/010)
2025-04-08 21:49:19,771 - [MainProcess:164098] mummi_ras.feedback.feedback_manager_cg2ml:report:118 - INFO - Added 3 frames (from structure_iter00_000000000010) to feedback (/p/gpfs1/pottier1/minimummi-sc25/roots/root3/feedback-cg2ml)
2025-04-08 21:49:19,771 - [MainProcess:164098] mummi_ras.online.cg.cganalysis:processOutput:112 - INFO - processOutput: 72
2025-04-08 21:49:19,772 - [MainProcess:164098] mummi_ras.online.cg.cganalysis:copyRemoteRestart:452 - INFO - Copy to remote frames [70, 71, 72]
sending incremental file list
ener.edr
md.log
mdrun.log
traj_comp.xtc

sent 15,930,599 bytes  received 92 bytes  31,861,382.00 bytes/sec
total size is 18,953,129  speedup is 1.19
2025-04-08 21:49:19,887 - [MainProcess:164098] mummi_core.utils.utilities:sys_call:184 - INFO - Run command: rsync -va --no-g traj_comp.xtc topol.tpr state.cpt ener.edr md.log mdrun.log /p/gpfs1/pottier1/minimummi-sc25/roots/root3/sims-cg/structure_iter00_000000000010 || true
2025-04-08 21:49:19,970 - [MainProcess:164098] mummi_ras.interfaces.mummi:save_analysis_data:253 - INFO - Saved all analysis data for frames [70, 71, 72]
2025-04-08 21:49:19,970 - [MainProcess:164098] mummi_ras.online.cg.cganalysis:copyRemoteLogs:350 - INFO - Copy over log files
2025-04-08 21:49:19,997 - [MainProcess:164098] mummi_core.utils.utilities:sys_call:184 - INFO - Run command: cp -r  /tmp/mummi/cg/structure_iter00_000000000010-20250408_211916/cg_analysis.out /tmp/mummi/cg/structure_iter00_000000000010-20250408_211916/traj_comp.xtc /tmp/mummi/cg/structure_iter00_000000000010-20250408_211916/*.log /p/gpfs1/pottier1/minimummi-sc25/roots/root3/sims-cg/structure_iter00_000000000010/ || true
2025-04-08 21:49:19,997 - [MainProcess:164098] mummi_ras.online.cg.cganalysis:copyRemoteLogs:365 - INFO - copyRemoteLogs =  /tmp/mummi/cg/structure_iter00_000000000010-20250408_211916/cg_analysis.out /tmp/mummi/cg/structure_iter00_000000000010-20250408_211916/traj_comp.xtc /tmp/mummi/cg/structure_iter00_000000000010-20250408_211916/*.log
2025-04-08 21:49:19,997 - [MainProcess:164098] mummi_ras.online.cg.cganalysis:cleanupLocal:375 - WARNING - Copy cleanup local only works for ddcMD files
2025-04-08 21:49:19,997 - [MainProcess:164098] mummi_core.interfaces.base:send_signal:275 - ERROR - Signal (/p/gpfs1/pottier1/minimummi-sc25/roots/root3/sims-cg/structure_iter00_000000000010/cg_success) already exist! Aborting.
2025-04-08 21:49:19,998 - [MainProcess:164098] mummi_core.interfaces.base:send_signal:280 - INFO - Saved signal (/p/gpfs1/pottier1/minimummi-sc25/roots/root3/sims-cg/structure_iter00_000000000010/cg_success)
2025-04-08 21:49:19,998 - [MainProcess:164098] mummi_ras.online.cg.cganalysis:copyRemoteLogs:350 - INFO - Copy over log files
2025-04-08 21:49:20,021 - [MainProcess:164098] mummi_core.utils.utilities:sys_call:184 - INFO - Run command: cp -r  /tmp/mummi/cg/structure_iter00_000000000010-20250408_211916/cg_analysis.out /tmp/mummi/cg/structure_iter00_000000000010-20250408_211916/traj_comp.xtc /tmp/mummi/cg/structure_iter00_000000000010-20250408_211916/*.log /p/gpfs1/pottier1/minimummi-sc25/roots/root3/sims-cg/structure_iter00_000000000010/ || true
2025-04-08 21:49:20,021 - [MainProcess:164098] mummi_ras.online.cg.cganalysis:copyRemoteLogs:365 - INFO - copyRemoteLogs =  /tmp/mummi/cg/structure_iter00_000000000010-20250408_211916/cg_analysis.out /tmp/mummi/cg/structure_iter00_000000000010-20250408_211916/traj_comp.xtc /tmp/mummi/cg/structure_iter00_000000000010-20250408_211916/*.log
2025-04-08 21:49:20,022 - [MainProcess:164098] mummi_ras.online.cg.cganalysis:run_main_analysis:248 - INFO - EXITING: structure_iter00_000000000010
2025-04-08 21:49:20,041 - [MainProcess:164098] mummi_core.utils.utilities:sys_call:184 - INFO - Run command: cp /tmp/mummi/cg/structure_iter00_000000000010-20250408_211916/cg_analysis.log /p/gpfs1/pottier1/minimummi-sc25/roots/root3/sims-cg/structure_iter00_000000000010/ || true
