,name,kind,job,event,duration,container,experiment
0,aws-node-2q5v8,Pod,,pulled-timestamp,1741902911.0,602401143452.dkr.ecr.us-east-1.amazonaws.com/amazon/aws-network-policy-agent:v1.1.5-eksbuild.1,cpu-static
1,aws-node-2q5v8,Pod,,pulling-timestamp,1741902909.0,602401143452.dkr.ecr.us-east-1.amazonaws.com/amazon/aws-network-policy-agent:v1.1.5-eksbuild.1,cpu-static
2,aws-node-2q5v8,Pod,,scheduled-timestamp,1741902898.0,602401143452.dkr.ecr.us-east-1.amazonaws.com/amazon/aws-network-policy-agent:v1.1.5-eksbuild.1,cpu-static
3,aws-node-2q5v8,Pod,,created-timestamp,1741902911.0,602401143452.dkr.ecr.us-east-1.amazonaws.com/amazon/aws-network-policy-agent:v1.1.5-eksbuild.1,cpu-static
4,aws-node-2q5v8,Pod,,created,0,602401143452.dkr.ecr.us-east-1.amazonaws.com/amazon/aws-network-policy-agent:v1.1.5-eksbuild.1,cpu-static
5,aws-node-2q5v8,Pod,,started-timestamp,1741902911.0,602401143452.dkr.ecr.us-east-1.amazonaws.com/amazon/aws-network-policy-agent:v1.1.5-eksbuild.1,cpu-static
6,aws-node-2q5v8,Pod,,started,0,602401143452.dkr.ecr.us-east-1.amazonaws.com/amazon/aws-network-policy-agent:v1.1.5-eksbuild.1,cpu-static
7,aws-node-2q5v8,Pod,,pulled,1.092831488,602401143452.dkr.ecr.us-east-1.amazonaws.com/amazon/aws-network-policy-agent:v1.1.5-eksbuild.1,cpu-static
8,aws-node-64l2v,Pod,,pulled-timestamp,1741902900.0,602401143452.dkr.ecr.us-east-1.amazonaws.com/amazon/aws-network-policy-agent:v1.1.5-eksbuild.1,cpu-static
9,aws-node-64l2v,Pod,,pulling-timestamp,1741902899.0,602401143452.dkr.ecr.us-east-1.amazonaws.com/amazon/aws-network-policy-agent:v1.1.5-eksbuild.1,cpu-static
10,aws-node-64l2v,Pod,,scheduled-timestamp,1741902888.0,602401143452.dkr.ecr.us-east-1.amazonaws.com/amazon/aws-network-policy-agent:v1.1.5-eksbuild.1,cpu-static
11,aws-node-64l2v,Pod,,created-timestamp,1741902900.0,602401143452.dkr.ecr.us-east-1.amazonaws.com/amazon/aws-network-policy-agent:v1.1.5-eksbuild.1,cpu-static
12,aws-node-64l2v,Pod,,created,0,602401143452.dkr.ecr.us-east-1.amazonaws.com/amazon/aws-network-policy-agent:v1.1.5-eksbuild.1,cpu-static
13,aws-node-64l2v,Pod,,started-timestamp,1741902900.0,602401143452.dkr.ecr.us-east-1.amazonaws.com/amazon/aws-network-policy-agent:v1.1.5-eksbuild.1,cpu-static
14,aws-node-64l2v,Pod,,started,0,602401143452.dkr.ecr.us-east-1.amazonaws.com/amazon/aws-network-policy-agent:v1.1.5-eksbuild.1,cpu-static
15,aws-node-64l2v,Pod,,pulled,1.022535351,602401143452.dkr.ecr.us-east-1.amazonaws.com/amazon/aws-network-policy-agent:v1.1.5-eksbuild.1,cpu-static
16,aws-node-687lz,Pod,,pulled-timestamp,1741902907.0,602401143452.dkr.ecr.us-east-1.amazonaws.com/amazon/aws-network-policy-agent:v1.1.5-eksbuild.1,cpu-static
17,aws-node-687lz,Pod,,pulling-timestamp,1741902905.0,602401143452.dkr.ecr.us-east-1.amazonaws.com/amazon/aws-network-policy-agent:v1.1.5-eksbuild.1,cpu-static
18,aws-node-687lz,Pod,,scheduled-timestamp,1741902894.0,602401143452.dkr.ecr.us-east-1.amazonaws.com/amazon/aws-network-policy-agent:v1.1.5-eksbuild.1,cpu-static
19,aws-node-687lz,Pod,,created-timestamp,1741902907.0,602401143452.dkr.ecr.us-east-1.amazonaws.com/amazon/aws-network-policy-agent:v1.1.5-eksbuild.1,cpu-static
20,aws-node-687lz,Pod,,created,0,602401143452.dkr.ecr.us-east-1.amazonaws.com/amazon/aws-network-policy-agent:v1.1.5-eksbuild.1,cpu-static
21,aws-node-687lz,Pod,,started-timestamp,1741902907.0,602401143452.dkr.ecr.us-east-1.amazonaws.com/amazon/aws-network-policy-agent:v1.1.5-eksbuild.1,cpu-static
22,aws-node-687lz,Pod,,started,0,602401143452.dkr.ecr.us-east-1.amazonaws.com/amazon/aws-network-policy-agent:v1.1.5-eksbuild.1,cpu-static
23,aws-node-687lz,Pod,,pulled,1.033227393,602401143452.dkr.ecr.us-east-1.amazonaws.com/amazon/aws-network-policy-agent:v1.1.5-eksbuild.1,cpu-static
24,aws-node-csgrh,Pod,,pulled-timestamp,1741902906.0,602401143452.dkr.ecr.us-east-1.amazonaws.com/amazon/aws-network-policy-agent:v1.1.5-eksbuild.1,cpu-static
25,aws-node-csgrh,Pod,,pulling-timestamp,1741902904.0,602401143452.dkr.ecr.us-east-1.amazonaws.com/amazon/aws-network-policy-agent:v1.1.5-eksbuild.1,cpu-static
26,aws-node-csgrh,Pod,,scheduled-timestamp,1741902893.0,602401143452.dkr.ecr.us-east-1.amazonaws.com/amazon/aws-network-policy-agent:v1.1.5-eksbuild.1,cpu-static
27,aws-node-csgrh,Pod,,created-timestamp,1741902906.0,602401143452.dkr.ecr.us-east-1.amazonaws.com/amazon/aws-network-policy-agent:v1.1.5-eksbuild.1,cpu-static
28,aws-node-csgrh,Pod,,created,0,602401143452.dkr.ecr.us-east-1.amazonaws.com/amazon/aws-network-policy-agent:v1.1.5-eksbuild.1,cpu-static
29,aws-node-csgrh,Pod,,started-timestamp,1741902906.0,602401143452.dkr.ecr.us-east-1.amazonaws.com/amazon/aws-network-policy-agent:v1.1.5-eksbuild.1,cpu-static
30,aws-node-csgrh,Pod,,started,0,602401143452.dkr.ecr.us-east-1.amazonaws.com/amazon/aws-network-policy-agent:v1.1.5-eksbuild.1,cpu-static
31,aws-node-csgrh,Pod,,pulled,1.159757989,602401143452.dkr.ecr.us-east-1.amazonaws.com/amazon/aws-network-policy-agent:v1.1.5-eksbuild.1,cpu-static
32,aws-node-lws7j,Pod,,pulled-timestamp,1741902903.0,602401143452.dkr.ecr.us-east-1.amazonaws.com/amazon/aws-network-policy-agent:v1.1.5-eksbuild.1,cpu-static
33,aws-node-lws7j,Pod,,pulling-timestamp,1741902902.0,602401143452.dkr.ecr.us-east-1.amazonaws.com/amazon/aws-network-policy-agent:v1.1.5-eksbuild.1,cpu-static
34,aws-node-lws7j,Pod,,scheduled-timestamp,1741902892.0,602401143452.dkr.ecr.us-east-1.amazonaws.com/amazon/aws-network-policy-agent:v1.1.5-eksbuild.1,cpu-static
35,aws-node-lws7j,Pod,,created-timestamp,1741902903.0,602401143452.dkr.ecr.us-east-1.amazonaws.com/amazon/aws-network-policy-agent:v1.1.5-eksbuild.1,cpu-static
36,aws-node-lws7j,Pod,,created,0,602401143452.dkr.ecr.us-east-1.amazonaws.com/amazon/aws-network-policy-agent:v1.1.5-eksbuild.1,cpu-static
37,aws-node-lws7j,Pod,,started-timestamp,1741902903.0,602401143452.dkr.ecr.us-east-1.amazonaws.com/amazon/aws-network-policy-agent:v1.1.5-eksbuild.1,cpu-static
38,aws-node-lws7j,Pod,,started,0,602401143452.dkr.ecr.us-east-1.amazonaws.com/amazon/aws-network-policy-agent:v1.1.5-eksbuild.1,cpu-static
39,aws-node-lws7j,Pod,,pulled,0.98724396,602401143452.dkr.ecr.us-east-1.amazonaws.com/amazon/aws-network-policy-agent:v1.1.5-eksbuild.1,cpu-static
40,aws-node-xqclh,Pod,,pulled-timestamp,1741902902.0,602401143452.dkr.ecr.us-east-1.amazonaws.com/amazon/aws-network-policy-agent:v1.1.5-eksbuild.1,cpu-static
41,aws-node-xqclh,Pod,,pulling-timestamp,1741902901.0,602401143452.dkr.ecr.us-east-1.amazonaws.com/amazon/aws-network-policy-agent:v1.1.5-eksbuild.1,cpu-static
42,aws-node-xqclh,Pod,,scheduled-timestamp,1741902890.0,602401143452.dkr.ecr.us-east-1.amazonaws.com/amazon/aws-network-policy-agent:v1.1.5-eksbuild.1,cpu-static
43,aws-node-xqclh,Pod,,created-timestamp,1741902902.0,602401143452.dkr.ecr.us-east-1.amazonaws.com/amazon/aws-network-policy-agent:v1.1.5-eksbuild.1,cpu-static
44,aws-node-xqclh,Pod,,created,0,602401143452.dkr.ecr.us-east-1.amazonaws.com/amazon/aws-network-policy-agent:v1.1.5-eksbuild.1,cpu-static
45,aws-node-xqclh,Pod,,started-timestamp,1741902902.0,602401143452.dkr.ecr.us-east-1.amazonaws.com/amazon/aws-network-policy-agent:v1.1.5-eksbuild.1,cpu-static
46,aws-node-xqclh,Pod,,started,0,602401143452.dkr.ecr.us-east-1.amazonaws.com/amazon/aws-network-policy-agent:v1.1.5-eksbuild.1,cpu-static
47,aws-node-xqclh,Pod,,pulled,1.081036092,602401143452.dkr.ecr.us-east-1.amazonaws.com/amazon/aws-network-policy-agent:v1.1.5-eksbuild.1,cpu-static
48,aws-node-zlrxm,Pod,,pulled-timestamp,1741902900.0,602401143452.dkr.ecr.us-east-1.amazonaws.com/amazon/aws-network-policy-agent:v1.1.5-eksbuild.1,cpu-static
49,aws-node-zlrxm,Pod,,pulling-timestamp,1741902899.0,602401143452.dkr.ecr.us-east-1.amazonaws.com/amazon/aws-network-policy-agent:v1.1.5-eksbuild.1,cpu-static
50,aws-node-zlrxm,Pod,,scheduled-timestamp,1741902890.0,602401143452.dkr.ecr.us-east-1.amazonaws.com/amazon/aws-network-policy-agent:v1.1.5-eksbuild.1,cpu-static
51,aws-node-zlrxm,Pod,,created-timestamp,1741902900.0,602401143452.dkr.ecr.us-east-1.amazonaws.com/amazon/aws-network-policy-agent:v1.1.5-eksbuild.1,cpu-static
52,aws-node-zlrxm,Pod,,created,0,602401143452.dkr.ecr.us-east-1.amazonaws.com/amazon/aws-network-policy-agent:v1.1.5-eksbuild.1,cpu-static
53,aws-node-zlrxm,Pod,,started-timestamp,1741902900.0,602401143452.dkr.ecr.us-east-1.amazonaws.com/amazon/aws-network-policy-agent:v1.1.5-eksbuild.1,cpu-static
54,aws-node-zlrxm,Pod,,started,0,602401143452.dkr.ecr.us-east-1.amazonaws.com/amazon/aws-network-policy-agent:v1.1.5-eksbuild.1,cpu-static
55,aws-node-zlrxm,Pod,,pulled,1.126518146,602401143452.dkr.ecr.us-east-1.amazonaws.com/amazon/aws-network-policy-agent:v1.1.5-eksbuild.1,cpu-static
56,coredns-d9b6d6c7d-mkp5l,Pod,,pulled-timestamp,1741902903.0,602401143452.dkr.ecr.us-east-1.amazonaws.com/eks/coredns:v1.10.1-eksbuild.4,cpu-static
57,coredns-d9b6d6c7d-mkp5l,Pod,,pulling-timestamp,1741902902.0,602401143452.dkr.ecr.us-east-1.amazonaws.com/eks/coredns:v1.10.1-eksbuild.4,cpu-static
58,coredns-d9b6d6c7d-mkp5l,Pod,,scheduled-timestamp,1741902901.0,602401143452.dkr.ecr.us-east-1.amazonaws.com/eks/coredns:v1.10.1-eksbuild.4,cpu-static
59,coredns-d9b6d6c7d-mkp5l,Pod,,created-timestamp,1741902903.0,602401143452.dkr.ecr.us-east-1.amazonaws.com/eks/coredns:v1.10.1-eksbuild.4,cpu-static
60,coredns-d9b6d6c7d-mkp5l,Pod,,created,0,602401143452.dkr.ecr.us-east-1.amazonaws.com/eks/coredns:v1.10.1-eksbuild.4,cpu-static
61,coredns-d9b6d6c7d-mkp5l,Pod,,started-timestamp,1741902903.0,602401143452.dkr.ecr.us-east-1.amazonaws.com/eks/coredns:v1.10.1-eksbuild.4,cpu-static
62,coredns-d9b6d6c7d-mkp5l,Pod,,started,0,602401143452.dkr.ecr.us-east-1.amazonaws.com/eks/coredns:v1.10.1-eksbuild.4,cpu-static
63,coredns-d9b6d6c7d-mkp5l,Pod,,pulled,1.17665076,602401143452.dkr.ecr.us-east-1.amazonaws.com/eks/coredns:v1.10.1-eksbuild.4,cpu-static
64,coredns-d9b6d6c7d-nnk4x,Pod,,pulled-timestamp,1741902903.0,602401143452.dkr.ecr.us-east-1.amazonaws.com/eks/coredns:v1.10.1-eksbuild.4,cpu-static
65,coredns-d9b6d6c7d-nnk4x,Pod,,pulling-timestamp,1741902902.0,602401143452.dkr.ecr.us-east-1.amazonaws.com/eks/coredns:v1.10.1-eksbuild.4,cpu-static
66,coredns-d9b6d6c7d-nnk4x,Pod,,scheduled-timestamp,1741902901.0,602401143452.dkr.ecr.us-east-1.amazonaws.com/eks/coredns:v1.10.1-eksbuild.4,cpu-static
67,coredns-d9b6d6c7d-nnk4x,Pod,,created-timestamp,1741902903.0,602401143452.dkr.ecr.us-east-1.amazonaws.com/eks/coredns:v1.10.1-eksbuild.4,cpu-static
68,coredns-d9b6d6c7d-nnk4x,Pod,,created,0,602401143452.dkr.ecr.us-east-1.amazonaws.com/eks/coredns:v1.10.1-eksbuild.4,cpu-static
69,coredns-d9b6d6c7d-nnk4x,Pod,,started-timestamp,1741902903.0,602401143452.dkr.ecr.us-east-1.amazonaws.com/eks/coredns:v1.10.1-eksbuild.4,cpu-static
70,coredns-d9b6d6c7d-nnk4x,Pod,,started,0,602401143452.dkr.ecr.us-east-1.amazonaws.com/eks/coredns:v1.10.1-eksbuild.4,cpu-static
71,coredns-d9b6d6c7d-nnk4x,Pod,,pulled,1.152031498,602401143452.dkr.ecr.us-east-1.amazonaws.com/eks/coredns:v1.10.1-eksbuild.4,cpu-static
72,metrics-server-7794986bdb-txwqg,Pod,,pulled-timestamp,1741902903.0,602401143452.dkr.ecr.us-east-1.amazonaws.com/eks/metrics-server:v0.7.2-eksbuild.2,cpu-static
73,metrics-server-7794986bdb-txwqg,Pod,,pulling-timestamp,1741902902.0,602401143452.dkr.ecr.us-east-1.amazonaws.com/eks/metrics-server:v0.7.2-eksbuild.2,cpu-static
74,metrics-server-7794986bdb-txwqg,Pod,,scheduled-timestamp,1741902901.0,602401143452.dkr.ecr.us-east-1.amazonaws.com/eks/metrics-server:v0.7.2-eksbuild.2,cpu-static
75,metrics-server-7794986bdb-txwqg,Pod,,created-timestamp,1741902903.0,602401143452.dkr.ecr.us-east-1.amazonaws.com/eks/metrics-server:v0.7.2-eksbuild.2,cpu-static
76,metrics-server-7794986bdb-txwqg,Pod,,created,0,602401143452.dkr.ecr.us-east-1.amazonaws.com/eks/metrics-server:v0.7.2-eksbuild.2,cpu-static
77,metrics-server-7794986bdb-txwqg,Pod,,started-timestamp,1741902903.0,602401143452.dkr.ecr.us-east-1.amazonaws.com/eks/metrics-server:v0.7.2-eksbuild.2,cpu-static
78,metrics-server-7794986bdb-txwqg,Pod,,started,0,602401143452.dkr.ecr.us-east-1.amazonaws.com/eks/metrics-server:v0.7.2-eksbuild.2,cpu-static
79,metrics-server-7794986bdb-txwqg,Pod,,pulled,1.34715239,602401143452.dkr.ecr.us-east-1.amazonaws.com/eks/metrics-server:v0.7.2-eksbuild.2,cpu-static
80,metrics-server-7794986bdb-wknq7,Pod,,pulled-timestamp,1741902903.0,602401143452.dkr.ecr.us-east-1.amazonaws.com/eks/metrics-server:v0.7.2-eksbuild.2,cpu-static
81,metrics-server-7794986bdb-wknq7,Pod,,pulling-timestamp,1741902902.0,602401143452.dkr.ecr.us-east-1.amazonaws.com/eks/metrics-server:v0.7.2-eksbuild.2,cpu-static
82,metrics-server-7794986bdb-wknq7,Pod,,scheduled-timestamp,1741902901.0,602401143452.dkr.ecr.us-east-1.amazonaws.com/eks/metrics-server:v0.7.2-eksbuild.2,cpu-static
83,metrics-server-7794986bdb-wknq7,Pod,,created-timestamp,1741902903.0,602401143452.dkr.ecr.us-east-1.amazonaws.com/eks/metrics-server:v0.7.2-eksbuild.2,cpu-static
84,metrics-server-7794986bdb-wknq7,Pod,,created,0,602401143452.dkr.ecr.us-east-1.amazonaws.com/eks/metrics-server:v0.7.2-eksbuild.2,cpu-static
85,metrics-server-7794986bdb-wknq7,Pod,,started-timestamp,1741902903.0,602401143452.dkr.ecr.us-east-1.amazonaws.com/eks/metrics-server:v0.7.2-eksbuild.2,cpu-static
86,metrics-server-7794986bdb-wknq7,Pod,,started,0,602401143452.dkr.ecr.us-east-1.amazonaws.com/eks/metrics-server:v0.7.2-eksbuild.2,cpu-static
87,metrics-server-7794986bdb-wknq7,Pod,,pulled,1.34986525,602401143452.dkr.ecr.us-east-1.amazonaws.com/eks/metrics-server:v0.7.2-eksbuild.2,cpu-static
88,event-exporter-c7548569-8kgmt,Pod,,pulled-timestamp,1741903264.0,ghcr.io/resmoio/kubernetes-event-exporter:latest,cpu-static
89,event-exporter-c7548569-8kgmt,Pod,,pulling-timestamp,1741903263.0,ghcr.io/resmoio/kubernetes-event-exporter:latest,cpu-static
90,event-exporter-c7548569-8kgmt,Pod,,scheduled-timestamp,1741903262.0,ghcr.io/resmoio/kubernetes-event-exporter:latest,cpu-static
91,event-exporter-c7548569-8kgmt,Pod,,created-timestamp,1741903264.0,ghcr.io/resmoio/kubernetes-event-exporter:latest,cpu-static
92,event-exporter-c7548569-8kgmt,Pod,,created,0,ghcr.io/resmoio/kubernetes-event-exporter:latest,cpu-static
93,event-exporter-c7548569-8kgmt,Pod,,started-timestamp,1741903264.0,ghcr.io/resmoio/kubernetes-event-exporter:latest,cpu-static
94,event-exporter-c7548569-8kgmt,Pod,,started,0,ghcr.io/resmoio/kubernetes-event-exporter:latest,cpu-static
95,event-exporter-c7548569-8kgmt,Pod,,pulled,1.339291085,ghcr.io/resmoio/kubernetes-event-exporter:latest,cpu-static
96,state-machine-operator-controller-manager-668cf7768b-wz5x4,Pod,,pulled-timestamp,1741903392.0,ghcr.io/converged-computing/state-machine-operator:test,cpu-static
97,state-machine-operator-controller-manager-668cf7768b-wz5x4,Pod,,pulling-timestamp,1741903341.0,ghcr.io/converged-computing/state-machine-operator:test,cpu-static
98,state-machine-operator-controller-manager-668cf7768b-wz5x4,Pod,,scheduled-timestamp,1741903341.0,ghcr.io/converged-computing/state-machine-operator:test,cpu-static
99,state-machine-operator-controller-manager-668cf7768b-wz5x4,Pod,,created-timestamp,1741903343.0,ghcr.io/converged-computing/state-machine-operator:test,cpu-static
100,state-machine-operator-controller-manager-668cf7768b-wz5x4,Pod,,created,86351,ghcr.io/converged-computing/state-machine-operator:test,cpu-static
101,state-machine-operator-controller-manager-668cf7768b-wz5x4,Pod,,started-timestamp,1741903343.0,ghcr.io/converged-computing/state-machine-operator:test,cpu-static
102,state-machine-operator-controller-manager-668cf7768b-wz5x4,Pod,,started,0,ghcr.io/converged-computing/state-machine-operator:test,cpu-static
103,state-machine-operator-controller-manager-668cf7768b-wz5x4,Pod,,pulled,0.183642052,ghcr.io/converged-computing/state-machine-operator:test,cpu-static
104,state-machine-operator-controller-manager-fb4cc455c-qf6fs,Pod,,pulled-timestamp,1741903457.0,ghcr.io/converged-computing/state-machine-operator:test,cpu-static
105,state-machine-operator-controller-manager-fb4cc455c-qf6fs,Pod,,pulling-timestamp,1741903456.0,ghcr.io/converged-computing/state-machine-operator:test,cpu-static
106,state-machine-operator-controller-manager-fb4cc455c-qf6fs,Pod,,scheduled-timestamp,1741903456.0,ghcr.io/converged-computing/state-machine-operator:test,cpu-static
107,state-machine-operator-controller-manager-fb4cc455c-qf6fs,Pod,,created-timestamp,1741903457.0,ghcr.io/converged-computing/state-machine-operator:test,cpu-static
108,state-machine-operator-controller-manager-fb4cc455c-qf6fs,Pod,,created,0,ghcr.io/converged-computing/state-machine-operator:test,cpu-static
109,state-machine-operator-controller-manager-fb4cc455c-qf6fs,Pod,,started-timestamp,1741903457.0,ghcr.io/converged-computing/state-machine-operator:test,cpu-static
110,state-machine-operator-controller-manager-fb4cc455c-qf6fs,Pod,,started,0,ghcr.io/converged-computing/state-machine-operator:test,cpu-static
111,state-machine-operator-controller-manager-fb4cc455c-qf6fs,Pod,,pulled,1.260999108,ghcr.io/converged-computing/state-machine-operator:test,cpu-static
112,registry-0,Pod,,pulled-timestamp,1742000124.0,ghcr.io/oras-project/registry:latest,cpu-static
113,registry-0,Pod,,pulling-timestamp,1742000124.0,ghcr.io/oras-project/registry:latest,cpu-static
114,registry-0,Pod,,scheduled-timestamp,1742000123.0,ghcr.io/oras-project/registry:latest,cpu-static
115,registry-0,Pod,,created-timestamp,1742000124.0,ghcr.io/oras-project/registry:latest,cpu-static
116,registry-0,Pod,,created,0,ghcr.io/oras-project/registry:latest,cpu-static
117,registry-0,Pod,,started-timestamp,1742000125.0,ghcr.io/oras-project/registry:latest,cpu-static
118,registry-0,Pod,,started,1,ghcr.io/oras-project/registry:latest,cpu-static
119,registry-0,Pod,,pulled,0.675133749,ghcr.io/oras-project/registry:latest,cpu-static
120,mummi-manager-55b864fb8f-lg425,Pod,,pulled-timestamp,1741903491.0,ghcr.io/converged-computing/state-machine-operator:manager,cpu-static
121,mummi-manager-55b864fb8f-lg425,Pod,,pulling-timestamp,1741903483.0,ghcr.io/converged-computing/state-machine-operator:manager,cpu-static
122,mummi-manager-55b864fb8f-lg425,Pod,,scheduled-timestamp,1741903482.0,ghcr.io/converged-computing/state-machine-operator:manager,cpu-static
123,mummi-manager-55b864fb8f-lg425,Pod,,created-timestamp,1741903491.0,ghcr.io/converged-computing/state-machine-operator:manager,cpu-static
124,mummi-manager-55b864fb8f-lg425,Pod,,created,0,ghcr.io/converged-computing/state-machine-operator:manager,cpu-static
125,mummi-manager-55b864fb8f-lg425,Pod,,started-timestamp,1741903491.0,ghcr.io/converged-computing/state-machine-operator:manager,cpu-static
126,mummi-manager-55b864fb8f-lg425,Pod,,started,0,ghcr.io/converged-computing/state-machine-operator:manager,cpu-static
127,mummi-manager-55b864fb8f-lg425,Pod,,pulled,7.77869779,ghcr.io/converged-computing/state-machine-operator:manager,cpu-static
128,mlrunner-structure-004396842,Job,mlrunner,successfulcreate-timestamp,1741903491.0,,cpu-static
129,mlrunner-structure-004396842,Job,mlrunner,completed-timestamp,1741903833.0,,cpu-static
130,mlrunner-structure-004396842,Job,mlrunner,running,342,,cpu-static
131,mlrunner-structure-004396842-bqnt5,Pod,,pulled-timestamp,1741903725.0,633731392008.dkr.ecr.us-east-1.amazonaws.com/mini-mummi:mlrunner-arm,cpu-static
132,mlrunner-structure-004396842-bqnt5,Pod,,pulling-timestamp,1741903492.0,633731392008.dkr.ecr.us-east-1.amazonaws.com/mini-mummi:mlrunner-arm,cpu-static
133,mlrunner-structure-004396842-bqnt5,Pod,,scheduled-timestamp,1741903491.0,633731392008.dkr.ecr.us-east-1.amazonaws.com/mini-mummi:mlrunner-arm,cpu-static
134,mlrunner-structure-004396842-bqnt5,Pod,,created-timestamp,1741903725.0,633731392008.dkr.ecr.us-east-1.amazonaws.com/mini-mummi:mlrunner-arm,cpu-static
135,mlrunner-structure-004396842-bqnt5,Pod,,created,0,633731392008.dkr.ecr.us-east-1.amazonaws.com/mini-mummi:mlrunner-arm,cpu-static
136,mlrunner-structure-004396842-bqnt5,Pod,,started-timestamp,1741903725.0,633731392008.dkr.ecr.us-east-1.amazonaws.com/mini-mummi:mlrunner-arm,cpu-static
137,mlrunner-structure-004396842-bqnt5,Pod,,started,0,633731392008.dkr.ecr.us-east-1.amazonaws.com/mini-mummi:mlrunner-arm,cpu-static
138,mlrunner-structure-004396842-bqnt5,Pod,,pulled,233.30870409599999,633731392008.dkr.ecr.us-east-1.amazonaws.com/mini-mummi:mlrunner-arm,cpu-static
139,mlrunner-structure-066159450,Job,mlrunner,successfulcreate-timestamp,1741903491.0,,cpu-static
140,mlrunner-structure-066159450,Job,mlrunner,completed-timestamp,1741903837.0,,cpu-static
141,mlrunner-structure-066159450,Job,mlrunner,running,346,,cpu-static
142,mlrunner-structure-066159450-ft4jj,Pod,,pulled-timestamp,1741903726.0,633731392008.dkr.ecr.us-east-1.amazonaws.com/mini-mummi:mlrunner-arm,cpu-static
143,mlrunner-structure-066159450-ft4jj,Pod,,pulling-timestamp,1741903492.0,633731392008.dkr.ecr.us-east-1.amazonaws.com/mini-mummi:mlrunner-arm,cpu-static
144,mlrunner-structure-066159450-ft4jj,Pod,,scheduled-timestamp,1741903491.0,633731392008.dkr.ecr.us-east-1.amazonaws.com/mini-mummi:mlrunner-arm,cpu-static
145,mlrunner-structure-066159450-ft4jj,Pod,,created-timestamp,1741903726.0,633731392008.dkr.ecr.us-east-1.amazonaws.com/mini-mummi:mlrunner-arm,cpu-static
146,mlrunner-structure-066159450-ft4jj,Pod,,created,0,633731392008.dkr.ecr.us-east-1.amazonaws.com/mini-mummi:mlrunner-arm,cpu-static
147,mlrunner-structure-066159450-ft4jj,Pod,,started-timestamp,1741903726.0,633731392008.dkr.ecr.us-east-1.amazonaws.com/mini-mummi:mlrunner-arm,cpu-static
148,mlrunner-structure-066159450-ft4jj,Pod,,started,0,633731392008.dkr.ecr.us-east-1.amazonaws.com/mini-mummi:mlrunner-arm,cpu-static
149,mlrunner-structure-066159450-ft4jj,Pod,,pulled,234.214966482,633731392008.dkr.ecr.us-east-1.amazonaws.com/mini-mummi:mlrunner-arm,cpu-static
150,mlrunner-structure-085592883,Job,mlrunner,successfulcreate-timestamp,1741903491.0,,cpu-static
151,mlrunner-structure-085592883,Job,mlrunner,completed-timestamp,1741903838.0,,cpu-static
152,mlrunner-structure-085592883,Job,mlrunner,running,347,,cpu-static
153,mlrunner-structure-085592883-nx55c,Pod,,pulled-timestamp,1741903730.0,633731392008.dkr.ecr.us-east-1.amazonaws.com/mini-mummi:mlrunner-arm,cpu-static
154,mlrunner-structure-085592883-nx55c,Pod,,pulling-timestamp,1741903492.0,633731392008.dkr.ecr.us-east-1.amazonaws.com/mini-mummi:mlrunner-arm,cpu-static
155,mlrunner-structure-085592883-nx55c,Pod,,scheduled-timestamp,1741903491.0,633731392008.dkr.ecr.us-east-1.amazonaws.com/mini-mummi:mlrunner-arm,cpu-static
156,mlrunner-structure-085592883-nx55c,Pod,,created-timestamp,1741903730.0,633731392008.dkr.ecr.us-east-1.amazonaws.com/mini-mummi:mlrunner-arm,cpu-static
157,mlrunner-structure-085592883-nx55c,Pod,,created,0,633731392008.dkr.ecr.us-east-1.amazonaws.com/mini-mummi:mlrunner-arm,cpu-static
158,mlrunner-structure-085592883-nx55c,Pod,,started-timestamp,1741903731.0,633731392008.dkr.ecr.us-east-1.amazonaws.com/mini-mummi:mlrunner-arm,cpu-static
159,mlrunner-structure-085592883-nx55c,Pod,,started,1,633731392008.dkr.ecr.us-east-1.amazonaws.com/mini-mummi:mlrunner-arm,cpu-static
160,mlrunner-structure-085592883-nx55c,Pod,,pulled,238.42924548,633731392008.dkr.ecr.us-east-1.amazonaws.com/mini-mummi:mlrunner-arm,cpu-static
161,mlrunner-structure-061753916,Job,mlrunner,successfulcreate-timestamp,1741903491.0,,cpu-static
162,mlrunner-structure-061753916,Job,mlrunner,completed-timestamp,1741903831.0,,cpu-static
163,mlrunner-structure-061753916,Job,mlrunner,running,340,,cpu-static
164,mlrunner-structure-061753916-6zz9p,Pod,,pulled-timestamp,1741903723.0,633731392008.dkr.ecr.us-east-1.amazonaws.com/mini-mummi:mlrunner-arm,cpu-static
165,mlrunner-structure-061753916-6zz9p,Pod,,pulling-timestamp,1741903492.0,633731392008.dkr.ecr.us-east-1.amazonaws.com/mini-mummi:mlrunner-arm,cpu-static
166,mlrunner-structure-061753916-6zz9p,Pod,,scheduled-timestamp,1741903491.0,633731392008.dkr.ecr.us-east-1.amazonaws.com/mini-mummi:mlrunner-arm,cpu-static
167,mlrunner-structure-061753916-6zz9p,Pod,,created-timestamp,1741903724.0,633731392008.dkr.ecr.us-east-1.amazonaws.com/mini-mummi:mlrunner-arm,cpu-static
168,mlrunner-structure-061753916-6zz9p,Pod,,created,1,633731392008.dkr.ecr.us-east-1.amazonaws.com/mini-mummi:mlrunner-arm,cpu-static
169,mlrunner-structure-061753916-6zz9p,Pod,,started-timestamp,1741903724.0,633731392008.dkr.ecr.us-east-1.amazonaws.com/mini-mummi:mlrunner-arm,cpu-static
170,mlrunner-structure-061753916-6zz9p,Pod,,started,0,633731392008.dkr.ecr.us-east-1.amazonaws.com/mini-mummi:mlrunner-arm,cpu-static
171,mlrunner-structure-061753916-6zz9p,Pod,,pulled,231.681003071,633731392008.dkr.ecr.us-east-1.amazonaws.com/mini-mummi:mlrunner-arm,cpu-static
172,mlrunner-structure-081585831,Job,mlrunner,successfulcreate-timestamp,1741903491.0,,cpu-static
173,mlrunner-structure-081585831,Job,mlrunner,completed-timestamp,1741903832.0,,cpu-static
174,mlrunner-structure-081585831,Job,mlrunner,running,341,,cpu-static
175,mlrunner-structure-081585831-825gl,Pod,,pulled-timestamp,1741903724.0,633731392008.dkr.ecr.us-east-1.amazonaws.com/mini-mummi:mlrunner-arm,cpu-static
176,mlrunner-structure-081585831-825gl,Pod,,pulling-timestamp,1741903492.0,633731392008.dkr.ecr.us-east-1.amazonaws.com/mini-mummi:mlrunner-arm,cpu-static
177,mlrunner-structure-081585831-825gl,Pod,,scheduled-timestamp,1741903491.0,633731392008.dkr.ecr.us-east-1.amazonaws.com/mini-mummi:mlrunner-arm,cpu-static
178,mlrunner-structure-081585831-825gl,Pod,,created-timestamp,1741903724.0,633731392008.dkr.ecr.us-east-1.amazonaws.com/mini-mummi:mlrunner-arm,cpu-static
179,mlrunner-structure-081585831-825gl,Pod,,created,0,633731392008.dkr.ecr.us-east-1.amazonaws.com/mini-mummi:mlrunner-arm,cpu-static
180,mlrunner-structure-081585831-825gl,Pod,,started-timestamp,1741903724.0,633731392008.dkr.ecr.us-east-1.amazonaws.com/mini-mummi:mlrunner-arm,cpu-static
181,mlrunner-structure-081585831-825gl,Pod,,started,0,633731392008.dkr.ecr.us-east-1.amazonaws.com/mini-mummi:mlrunner-arm,cpu-static
182,mlrunner-structure-081585831-825gl,Pod,,pulled,231.873767259,633731392008.dkr.ecr.us-east-1.amazonaws.com/mini-mummi:mlrunner-arm,cpu-static
183,mlrunner-structure-015490701,Job,mlrunner,successfulcreate-timestamp,1741903491.0,,cpu-static
184,mlrunner-structure-015490701,Job,mlrunner,completed-timestamp,1741903832.0,,cpu-static
185,mlrunner-structure-015490701,Job,mlrunner,running,341,,cpu-static
186,mlrunner-structure-015490701-stjf5,Pod,,pulled-timestamp,1741903724.0,633731392008.dkr.ecr.us-east-1.amazonaws.com/mini-mummi:mlrunner-arm,cpu-static
187,mlrunner-structure-015490701-stjf5,Pod,,pulling-timestamp,1741903492.0,633731392008.dkr.ecr.us-east-1.amazonaws.com/mini-mummi:mlrunner-arm,cpu-static
188,mlrunner-structure-015490701-stjf5,Pod,,scheduled-timestamp,1741903491.0,633731392008.dkr.ecr.us-east-1.amazonaws.com/mini-mummi:mlrunner-arm,cpu-static
189,mlrunner-structure-015490701-stjf5,Pod,,created-timestamp,1741903724.0,633731392008.dkr.ecr.us-east-1.amazonaws.com/mini-mummi:mlrunner-arm,cpu-static
190,mlrunner-structure-015490701-stjf5,Pod,,created,0,633731392008.dkr.ecr.us-east-1.amazonaws.com/mini-mummi:mlrunner-arm,cpu-static
191,mlrunner-structure-015490701-stjf5,Pod,,started-timestamp,1741903725.0,633731392008.dkr.ecr.us-east-1.amazonaws.com/mini-mummi:mlrunner-arm,cpu-static
192,mlrunner-structure-015490701-stjf5,Pod,,started,1,633731392008.dkr.ecr.us-east-1.amazonaws.com/mini-mummi:mlrunner-arm,cpu-static
193,mlrunner-structure-015490701-stjf5,Pod,,pulled,232.530261536,633731392008.dkr.ecr.us-east-1.amazonaws.com/mini-mummi:mlrunner-arm,cpu-static
194,createsim-structure-061753916,Job,createsim,successfulcreate-timestamp,1741903831.0,,cpu-static
195,createsim-structure-061753916,Job,createsim,completed-timestamp,1741904366.0,,cpu-static
196,createsim-structure-061753916,Job,createsim,running,535,,cpu-static
197,createsim-structure-061753916-2mq4h,Pod,createsim,pulled-timestamp,1741903884.0,633731392008.dkr.ecr.us-east-1.amazonaws.com/mini-mummi:createsims-arm,cpu-static
198,createsim-structure-061753916-2mq4h,Pod,createsim,pulling-timestamp,1741903832.0,633731392008.dkr.ecr.us-east-1.amazonaws.com/mini-mummi:createsims-arm,cpu-static
199,createsim-structure-061753916-2mq4h,Pod,createsim,scheduled-timestamp,1741903831.0,633731392008.dkr.ecr.us-east-1.amazonaws.com/mini-mummi:createsims-arm,cpu-static
200,createsim-structure-061753916-2mq4h,Pod,createsim,created-timestamp,1741903884.0,633731392008.dkr.ecr.us-east-1.amazonaws.com/mini-mummi:createsims-arm,cpu-static
201,createsim-structure-061753916-2mq4h,Pod,createsim,created,0,633731392008.dkr.ecr.us-east-1.amazonaws.com/mini-mummi:createsims-arm,cpu-static
202,createsim-structure-061753916-2mq4h,Pod,createsim,started-timestamp,1741903884.0,633731392008.dkr.ecr.us-east-1.amazonaws.com/mini-mummi:createsims-arm,cpu-static
203,createsim-structure-061753916-2mq4h,Pod,createsim,started,0,633731392008.dkr.ecr.us-east-1.amazonaws.com/mini-mummi:createsims-arm,cpu-static
204,createsim-structure-061753916-2mq4h,Pod,createsim,pulled,52.445145236,633731392008.dkr.ecr.us-east-1.amazonaws.com/mini-mummi:createsims-arm,cpu-static
205,createsim-structure-081585831,Job,createsim,successfulcreate-timestamp,1741903832.0,,cpu-static
206,createsim-structure-081585831,Job,createsim,completed-timestamp,1741904386.0,,cpu-static
207,createsim-structure-081585831,Job,createsim,running,554,,cpu-static
208,createsim-structure-081585831-jdw6f,Pod,createsim,pulled-timestamp,1741903884.0,633731392008.dkr.ecr.us-east-1.amazonaws.com/mini-mummi:createsims-arm,cpu-static
209,createsim-structure-081585831-jdw6f,Pod,createsim,pulling-timestamp,1741903833.0,633731392008.dkr.ecr.us-east-1.amazonaws.com/mini-mummi:createsims-arm,cpu-static
210,createsim-structure-081585831-jdw6f,Pod,createsim,scheduled-timestamp,1741903832.0,633731392008.dkr.ecr.us-east-1.amazonaws.com/mini-mummi:createsims-arm,cpu-static
211,createsim-structure-081585831-jdw6f,Pod,createsim,created-timestamp,1741903884.0,633731392008.dkr.ecr.us-east-1.amazonaws.com/mini-mummi:createsims-arm,cpu-static
212,createsim-structure-081585831-jdw6f,Pod,createsim,created,0,633731392008.dkr.ecr.us-east-1.amazonaws.com/mini-mummi:createsims-arm,cpu-static
213,createsim-structure-081585831-jdw6f,Pod,createsim,started-timestamp,1741903884.0,633731392008.dkr.ecr.us-east-1.amazonaws.com/mini-mummi:createsims-arm,cpu-static
214,createsim-structure-081585831-jdw6f,Pod,createsim,started,0,633731392008.dkr.ecr.us-east-1.amazonaws.com/mini-mummi:createsims-arm,cpu-static
215,createsim-structure-081585831-jdw6f,Pod,createsim,pulled,51.37038467,633731392008.dkr.ecr.us-east-1.amazonaws.com/mini-mummi:createsims-arm,cpu-static
216,createsim-structure-015490701,Job,createsim,successfulcreate-timestamp,1741903833.0,,cpu-static
217,createsim-structure-015490701,Job,createsim,completed-timestamp,1741904368.0,,cpu-static
218,createsim-structure-015490701,Job,createsim,running,535,,cpu-static
219,createsim-structure-015490701-ztwlq,Pod,createsim,pulled-timestamp,1741903884.0,633731392008.dkr.ecr.us-east-1.amazonaws.com/mini-mummi:createsims-arm,cpu-static
220,createsim-structure-015490701-ztwlq,Pod,createsim,pulling-timestamp,1741903833.0,633731392008.dkr.ecr.us-east-1.amazonaws.com/mini-mummi:createsims-arm,cpu-static
221,createsim-structure-015490701-ztwlq,Pod,createsim,scheduled-timestamp,1741903833.0,633731392008.dkr.ecr.us-east-1.amazonaws.com/mini-mummi:createsims-arm,cpu-static
222,createsim-structure-015490701-ztwlq,Pod,createsim,created-timestamp,1741903884.0,633731392008.dkr.ecr.us-east-1.amazonaws.com/mini-mummi:createsims-arm,cpu-static
223,createsim-structure-015490701-ztwlq,Pod,createsim,created,0,633731392008.dkr.ecr.us-east-1.amazonaws.com/mini-mummi:createsims-arm,cpu-static
224,createsim-structure-015490701-ztwlq,Pod,createsim,started-timestamp,1741903884.0,633731392008.dkr.ecr.us-east-1.amazonaws.com/mini-mummi:createsims-arm,cpu-static
225,createsim-structure-015490701-ztwlq,Pod,createsim,started,0,633731392008.dkr.ecr.us-east-1.amazonaws.com/mini-mummi:createsims-arm,cpu-static
226,createsim-structure-015490701-ztwlq,Pod,createsim,pulled,51.090145533,633731392008.dkr.ecr.us-east-1.amazonaws.com/mini-mummi:createsims-arm,cpu-static
227,createsim-structure-004396842,Job,createsim,successfulcreate-timestamp,1741903833.0,,cpu-static
228,createsim-structure-004396842,Job,createsim,completed-timestamp,1741904386.0,,cpu-static
229,createsim-structure-004396842,Job,createsim,running,553,,cpu-static
230,createsim-structure-004396842-wqmxj,Pod,createsim,pulled-timestamp,1741903884.0,633731392008.dkr.ecr.us-east-1.amazonaws.com/mini-mummi:createsims-arm,cpu-static
231,createsim-structure-004396842-wqmxj,Pod,createsim,pulling-timestamp,1741903833.0,633731392008.dkr.ecr.us-east-1.amazonaws.com/mini-mummi:createsims-arm,cpu-static
232,createsim-structure-004396842-wqmxj,Pod,createsim,scheduled-timestamp,1741903833.0,633731392008.dkr.ecr.us-east-1.amazonaws.com/mini-mummi:createsims-arm,cpu-static
233,createsim-structure-004396842-wqmxj,Pod,createsim,created-timestamp,1741903884.0,633731392008.dkr.ecr.us-east-1.amazonaws.com/mini-mummi:createsims-arm,cpu-static
234,createsim-structure-004396842-wqmxj,Pod,createsim,created,0,633731392008.dkr.ecr.us-east-1.amazonaws.com/mini-mummi:createsims-arm,cpu-static
235,createsim-structure-004396842-wqmxj,Pod,createsim,started-timestamp,1741903884.0,633731392008.dkr.ecr.us-east-1.amazonaws.com/mini-mummi:createsims-arm,cpu-static
236,createsim-structure-004396842-wqmxj,Pod,createsim,started,0,633731392008.dkr.ecr.us-east-1.amazonaws.com/mini-mummi:createsims-arm,cpu-static
237,createsim-structure-004396842-wqmxj,Pod,createsim,pulled,50.909533834,633731392008.dkr.ecr.us-east-1.amazonaws.com/mini-mummi:createsims-arm,cpu-static
238,createsim-structure-066159450,Job,createsim,successfulcreate-timestamp,1741903837.0,,cpu-static
239,createsim-structure-066159450,Job,createsim,completed-timestamp,1741904366.0,,cpu-static
240,createsim-structure-066159450,Job,createsim,running,529,,cpu-static
241,createsim-structure-066159450-xz2kd,Pod,createsim,pulled-timestamp,1741903884.0,633731392008.dkr.ecr.us-east-1.amazonaws.com/mini-mummi:createsims-arm,cpu-static
242,createsim-structure-066159450-xz2kd,Pod,createsim,pulling-timestamp,1741903837.0,633731392008.dkr.ecr.us-east-1.amazonaws.com/mini-mummi:createsims-arm,cpu-static
243,createsim-structure-066159450-xz2kd,Pod,createsim,scheduled-timestamp,1741903837.0,633731392008.dkr.ecr.us-east-1.amazonaws.com/mini-mummi:createsims-arm,cpu-static
244,createsim-structure-066159450-xz2kd,Pod,createsim,created-timestamp,1741903884.0,633731392008.dkr.ecr.us-east-1.amazonaws.com/mini-mummi:createsims-arm,cpu-static
245,createsim-structure-066159450-xz2kd,Pod,createsim,created,0,633731392008.dkr.ecr.us-east-1.amazonaws.com/mini-mummi:createsims-arm,cpu-static
246,createsim-structure-066159450-xz2kd,Pod,createsim,started-timestamp,1741903884.0,633731392008.dkr.ecr.us-east-1.amazonaws.com/mini-mummi:createsims-arm,cpu-static
247,createsim-structure-066159450-xz2kd,Pod,createsim,started,0,633731392008.dkr.ecr.us-east-1.amazonaws.com/mini-mummi:createsims-arm,cpu-static
248,createsim-structure-066159450-xz2kd,Pod,createsim,pulled,47.044827493,633731392008.dkr.ecr.us-east-1.amazonaws.com/mini-mummi:createsims-arm,cpu-static
249,createsim-structure-085592883-nj2tt,Pod,createsim,pulled-timestamp,1741903884.0,633731392008.dkr.ecr.us-east-1.amazonaws.com/mini-mummi:createsims-arm,cpu-static
250,createsim-structure-085592883-nj2tt,Pod,createsim,pulling-timestamp,1741903839.0,633731392008.dkr.ecr.us-east-1.amazonaws.com/mini-mummi:createsims-arm,cpu-static
251,createsim-structure-085592883-nj2tt,Pod,createsim,scheduled-timestamp,1741903838.0,633731392008.dkr.ecr.us-east-1.amazonaws.com/mini-mummi:createsims-arm,cpu-static
252,createsim-structure-085592883-nj2tt,Pod,createsim,created-timestamp,1741903884.0,633731392008.dkr.ecr.us-east-1.amazonaws.com/mini-mummi:createsims-arm,cpu-static
253,createsim-structure-085592883-nj2tt,Pod,createsim,created,0,633731392008.dkr.ecr.us-east-1.amazonaws.com/mini-mummi:createsims-arm,cpu-static
254,createsim-structure-085592883-nj2tt,Pod,createsim,started-timestamp,1741903884.0,633731392008.dkr.ecr.us-east-1.amazonaws.com/mini-mummi:createsims-arm,cpu-static
255,createsim-structure-085592883-nj2tt,Pod,createsim,started,0,633731392008.dkr.ecr.us-east-1.amazonaws.com/mini-mummi:createsims-arm,cpu-static
256,createsim-structure-085592883-nj2tt,Pod,createsim,pulled,45.596484653,633731392008.dkr.ecr.us-east-1.amazonaws.com/mini-mummi:createsims-arm,cpu-static
257,mlrunner-structure-092670394,Job,mlrunner,successfulcreate-timestamp,1741903937.0,,cpu-static
258,mlrunner-structure-092670394,Job,mlrunner,completed-timestamp,1741903977.0,,cpu-static
259,mlrunner-structure-092670394,Job,mlrunner,running,40,,cpu-static
260,mlrunner-structure-092670394-f9x2s,Pod,,pulled-timestamp,1741903938.0,633731392008.dkr.ecr.us-east-1.amazonaws.com/mini-mummi:mlrunner-arm,cpu-static
261,mlrunner-structure-092670394-f9x2s,Pod,,pulling-timestamp,1741903938.0,633731392008.dkr.ecr.us-east-1.amazonaws.com/mini-mummi:mlrunner-arm,cpu-static
262,mlrunner-structure-092670394-f9x2s,Pod,,scheduled-timestamp,1741903937.0,633731392008.dkr.ecr.us-east-1.amazonaws.com/mini-mummi:mlrunner-arm,cpu-static
263,mlrunner-structure-092670394-f9x2s,Pod,,created-timestamp,1741903938.0,633731392008.dkr.ecr.us-east-1.amazonaws.com/mini-mummi:mlrunner-arm,cpu-static
264,mlrunner-structure-092670394-f9x2s,Pod,,created,0,633731392008.dkr.ecr.us-east-1.amazonaws.com/mini-mummi:mlrunner-arm,cpu-static
265,mlrunner-structure-092670394-f9x2s,Pod,,started-timestamp,1741903938.0,633731392008.dkr.ecr.us-east-1.amazonaws.com/mini-mummi:mlrunner-arm,cpu-static
266,mlrunner-structure-092670394-f9x2s,Pod,,started,0,633731392008.dkr.ecr.us-east-1.amazonaws.com/mini-mummi:mlrunner-arm,cpu-static
267,mlrunner-structure-092670394-f9x2s,Pod,,pulled,0.168654721,633731392008.dkr.ecr.us-east-1.amazonaws.com/mini-mummi:mlrunner-arm,cpu-static
268,createsim-structure-092670394,Job,createsim,successfulcreate-timestamp,1741903977.0,,cpu-static
269,createsim-structure-092670394,Job,createsim,completed-timestamp,1741904443.0,,cpu-static
270,createsim-structure-092670394,Job,createsim,running,466,,cpu-static
271,cganalysis-structure-061753916,Job,cganalysis,successfulcreate-timestamp,1741904366.0,,cpu-static
272,cganalysis-structure-061753916,Job,cganalysis,completed-timestamp,1741906155.0,,cpu-static
273,cganalysis-structure-061753916,Job,cganalysis,running,1789,,cpu-static
274,cganalysis-structure-061753916-cfxn9,Pod,cganalysis,pulled-timestamp,1741904368.0,633731392008.dkr.ecr.us-east-1.amazonaws.com/mini-mummi:cganalysis-arm,cpu-static
275,cganalysis-structure-061753916-cfxn9,Pod,cganalysis,pulling-timestamp,1741904367.0,633731392008.dkr.ecr.us-east-1.amazonaws.com/mini-mummi:cganalysis-arm,cpu-static
276,cganalysis-structure-061753916-cfxn9,Pod,cganalysis,scheduled-timestamp,1741904366.0,633731392008.dkr.ecr.us-east-1.amazonaws.com/mini-mummi:cganalysis-arm,cpu-static
277,cganalysis-structure-061753916-cfxn9,Pod,cganalysis,created-timestamp,1741904368.0,633731392008.dkr.ecr.us-east-1.amazonaws.com/mini-mummi:cganalysis-arm,cpu-static
278,cganalysis-structure-061753916-cfxn9,Pod,cganalysis,created,0,633731392008.dkr.ecr.us-east-1.amazonaws.com/mini-mummi:cganalysis-arm,cpu-static
279,cganalysis-structure-061753916-cfxn9,Pod,cganalysis,started-timestamp,1741904368.0,633731392008.dkr.ecr.us-east-1.amazonaws.com/mini-mummi:cganalysis-arm,cpu-static
280,cganalysis-structure-061753916-cfxn9,Pod,cganalysis,started,0,633731392008.dkr.ecr.us-east-1.amazonaws.com/mini-mummi:cganalysis-arm,cpu-static
281,cganalysis-structure-061753916-cfxn9,Pod,cganalysis,pulled,1.238042398,633731392008.dkr.ecr.us-east-1.amazonaws.com/mini-mummi:cganalysis-arm,cpu-static
282,cganalysis-structure-066159450,Job,cganalysis,successfulcreate-timestamp,1741904366.0,,cpu-static
283,cganalysis-structure-066159450,Job,cganalysis,completed-timestamp,1741906156.0,,cpu-static
284,cganalysis-structure-066159450,Job,cganalysis,running,1790,,cpu-static
285,cganalysis-structure-066159450-j28ch,Pod,cganalysis,pulled-timestamp,1741904368.0,633731392008.dkr.ecr.us-east-1.amazonaws.com/mini-mummi:cganalysis-arm,cpu-static
286,cganalysis-structure-066159450-j28ch,Pod,cganalysis,pulling-timestamp,1741904367.0,633731392008.dkr.ecr.us-east-1.amazonaws.com/mini-mummi:cganalysis-arm,cpu-static
287,cganalysis-structure-066159450-j28ch,Pod,cganalysis,scheduled-timestamp,1741904366.0,633731392008.dkr.ecr.us-east-1.amazonaws.com/mini-mummi:cganalysis-arm,cpu-static
288,cganalysis-structure-066159450-j28ch,Pod,cganalysis,created-timestamp,1741904368.0,633731392008.dkr.ecr.us-east-1.amazonaws.com/mini-mummi:cganalysis-arm,cpu-static
289,cganalysis-structure-066159450-j28ch,Pod,cganalysis,created,0,633731392008.dkr.ecr.us-east-1.amazonaws.com/mini-mummi:cganalysis-arm,cpu-static
290,cganalysis-structure-066159450-j28ch,Pod,cganalysis,started-timestamp,1741904368.0,633731392008.dkr.ecr.us-east-1.amazonaws.com/mini-mummi:cganalysis-arm,cpu-static
291,cganalysis-structure-066159450-j28ch,Pod,cganalysis,started,0,633731392008.dkr.ecr.us-east-1.amazonaws.com/mini-mummi:cganalysis-arm,cpu-static
292,cganalysis-structure-066159450-j28ch,Pod,cganalysis,pulled,1.033763403,633731392008.dkr.ecr.us-east-1.amazonaws.com/mini-mummi:cganalysis-arm,cpu-static
293,cganalysis-structure-015490701,Job,cganalysis,successfulcreate-timestamp,1741904368.0,,cpu-static
294,cganalysis-structure-015490701,Job,cganalysis,completed-timestamp,1741906156.0,,cpu-static
295,cganalysis-structure-015490701,Job,cganalysis,running,1788,,cpu-static
296,cganalysis-structure-015490701-lgk9w,Pod,cganalysis,pulled-timestamp,1741904369.0,633731392008.dkr.ecr.us-east-1.amazonaws.com/mini-mummi:cganalysis-arm,cpu-static
297,cganalysis-structure-015490701-lgk9w,Pod,cganalysis,pulling-timestamp,1741904368.0,633731392008.dkr.ecr.us-east-1.amazonaws.com/mini-mummi:cganalysis-arm,cpu-static
298,cganalysis-structure-015490701-lgk9w,Pod,cganalysis,scheduled-timestamp,1741904368.0,633731392008.dkr.ecr.us-east-1.amazonaws.com/mini-mummi:cganalysis-arm,cpu-static
299,cganalysis-structure-015490701-lgk9w,Pod,cganalysis,created-timestamp,1741904369.0,633731392008.dkr.ecr.us-east-1.amazonaws.com/mini-mummi:cganalysis-arm,cpu-static
300,cganalysis-structure-015490701-lgk9w,Pod,cganalysis,created,0,633731392008.dkr.ecr.us-east-1.amazonaws.com/mini-mummi:cganalysis-arm,cpu-static
301,cganalysis-structure-015490701-lgk9w,Pod,cganalysis,started-timestamp,1741904369.0,633731392008.dkr.ecr.us-east-1.amazonaws.com/mini-mummi:cganalysis-arm,cpu-static
302,cganalysis-structure-015490701-lgk9w,Pod,cganalysis,started,0,633731392008.dkr.ecr.us-east-1.amazonaws.com/mini-mummi:cganalysis-arm,cpu-static
303,cganalysis-structure-015490701-lgk9w,Pod,cganalysis,pulled,0.988779894,633731392008.dkr.ecr.us-east-1.amazonaws.com/mini-mummi:cganalysis-arm,cpu-static
304,cganalysis-structure-004396842,Job,cganalysis,successfulcreate-timestamp,1741904386.0,,cpu-static
305,cganalysis-structure-004396842,Job,cganalysis,completed-timestamp,1741906175.0,,cpu-static
306,cganalysis-structure-004396842,Job,cganalysis,running,1789,,cpu-static
307,cganalysis-structure-004396842-szlns,Pod,cganalysis,pulled-timestamp,1741904388.0,633731392008.dkr.ecr.us-east-1.amazonaws.com/mini-mummi:cganalysis-arm,cpu-static
308,cganalysis-structure-004396842-szlns,Pod,cganalysis,pulling-timestamp,1741904387.0,633731392008.dkr.ecr.us-east-1.amazonaws.com/mini-mummi:cganalysis-arm,cpu-static
309,cganalysis-structure-004396842-szlns,Pod,cganalysis,scheduled-timestamp,1741904386.0,633731392008.dkr.ecr.us-east-1.amazonaws.com/mini-mummi:cganalysis-arm,cpu-static
310,cganalysis-structure-004396842-szlns,Pod,cganalysis,created-timestamp,1741904388.0,633731392008.dkr.ecr.us-east-1.amazonaws.com/mini-mummi:cganalysis-arm,cpu-static
311,cganalysis-structure-004396842-szlns,Pod,cganalysis,created,0,633731392008.dkr.ecr.us-east-1.amazonaws.com/mini-mummi:cganalysis-arm,cpu-static
312,cganalysis-structure-004396842-szlns,Pod,cganalysis,started-timestamp,1741904388.0,633731392008.dkr.ecr.us-east-1.amazonaws.com/mini-mummi:cganalysis-arm,cpu-static
313,cganalysis-structure-004396842-szlns,Pod,cganalysis,started,0,633731392008.dkr.ecr.us-east-1.amazonaws.com/mini-mummi:cganalysis-arm,cpu-static
314,cganalysis-structure-004396842-szlns,Pod,cganalysis,pulled,1.099193246,633731392008.dkr.ecr.us-east-1.amazonaws.com/mini-mummi:cganalysis-arm,cpu-static
315,cganalysis-structure-081585831,Job,cganalysis,successfulcreate-timestamp,1741904387.0,,cpu-static
316,cganalysis-structure-081585831,Job,cganalysis,completed-timestamp,1741906175.0,,cpu-static
317,cganalysis-structure-081585831,Job,cganalysis,running,1788,,cpu-static
318,cganalysis-structure-081585831-clqhk,Pod,cganalysis,pulled-timestamp,1741904388.0,633731392008.dkr.ecr.us-east-1.amazonaws.com/mini-mummi:cganalysis-arm,cpu-static
319,cganalysis-structure-081585831-clqhk,Pod,cganalysis,pulling-timestamp,1741904387.0,633731392008.dkr.ecr.us-east-1.amazonaws.com/mini-mummi:cganalysis-arm,cpu-static
320,cganalysis-structure-081585831-clqhk,Pod,cganalysis,scheduled-timestamp,1741904387.0,633731392008.dkr.ecr.us-east-1.amazonaws.com/mini-mummi:cganalysis-arm,cpu-static
321,cganalysis-structure-081585831-clqhk,Pod,cganalysis,created-timestamp,1741904388.0,633731392008.dkr.ecr.us-east-1.amazonaws.com/mini-mummi:cganalysis-arm,cpu-static
322,cganalysis-structure-081585831-clqhk,Pod,cganalysis,created,0,633731392008.dkr.ecr.us-east-1.amazonaws.com/mini-mummi:cganalysis-arm,cpu-static
323,cganalysis-structure-081585831-clqhk,Pod,cganalysis,started-timestamp,1741904388.0,633731392008.dkr.ecr.us-east-1.amazonaws.com/mini-mummi:cganalysis-arm,cpu-static
324,cganalysis-structure-081585831-clqhk,Pod,cganalysis,started,0,633731392008.dkr.ecr.us-east-1.amazonaws.com/mini-mummi:cganalysis-arm,cpu-static
325,cganalysis-structure-081585831-clqhk,Pod,cganalysis,pulled,1.087812561,633731392008.dkr.ecr.us-east-1.amazonaws.com/mini-mummi:cganalysis-arm,cpu-static
326,cganalysis-structure-092670394,Job,cganalysis,successfulcreate-timestamp,1741904443.0,,cpu-static
327,cganalysis-structure-092670394,Job,cganalysis,completed-timestamp,1741906233.0,,cpu-static
328,cganalysis-structure-092670394,Job,cganalysis,running,1790,,cpu-static
329,cganalysis-structure-092670394-7s2th,Pod,cganalysis,pulled-timestamp,1741904445.0,633731392008.dkr.ecr.us-east-1.amazonaws.com/mini-mummi:cganalysis-arm,cpu-static
330,cganalysis-structure-092670394-7s2th,Pod,cganalysis,pulling-timestamp,1741904444.0,633731392008.dkr.ecr.us-east-1.amazonaws.com/mini-mummi:cganalysis-arm,cpu-static
331,cganalysis-structure-092670394-7s2th,Pod,cganalysis,scheduled-timestamp,1741904443.0,633731392008.dkr.ecr.us-east-1.amazonaws.com/mini-mummi:cganalysis-arm,cpu-static
332,cganalysis-structure-092670394-7s2th,Pod,cganalysis,created-timestamp,1741904445.0,633731392008.dkr.ecr.us-east-1.amazonaws.com/mini-mummi:cganalysis-arm,cpu-static
333,cganalysis-structure-092670394-7s2th,Pod,cganalysis,created,0,633731392008.dkr.ecr.us-east-1.amazonaws.com/mini-mummi:cganalysis-arm,cpu-static
334,cganalysis-structure-092670394-7s2th,Pod,cganalysis,started-timestamp,1741904445.0,633731392008.dkr.ecr.us-east-1.amazonaws.com/mini-mummi:cganalysis-arm,cpu-static
335,cganalysis-structure-092670394-7s2th,Pod,cganalysis,started,0,633731392008.dkr.ecr.us-east-1.amazonaws.com/mini-mummi:cganalysis-arm,cpu-static
336,cganalysis-structure-092670394-7s2th,Pod,cganalysis,pulled,1.028969678,633731392008.dkr.ecr.us-east-1.amazonaws.com/mini-mummi:cganalysis-arm,cpu-static
337,mlrunner-structure-052691500,Job,mlrunner,successfulcreate-timestamp,1741906155.0,,cpu-static
338,mlrunner-structure-052691500,Job,mlrunner,completed-timestamp,1741906205.0,,cpu-static
339,mlrunner-structure-052691500,Job,mlrunner,running,50,,cpu-static
340,mlrunner-structure-052691500-xs2pg,Pod,,pulled-timestamp,1741906156.0,633731392008.dkr.ecr.us-east-1.amazonaws.com/mini-mummi:mlrunner-arm,cpu-static
341,mlrunner-structure-052691500-xs2pg,Pod,,pulling-timestamp,1741906156.0,633731392008.dkr.ecr.us-east-1.amazonaws.com/mini-mummi:mlrunner-arm,cpu-static
342,mlrunner-structure-052691500-xs2pg,Pod,,scheduled-timestamp,1741906155.0,633731392008.dkr.ecr.us-east-1.amazonaws.com/mini-mummi:mlrunner-arm,cpu-static
343,mlrunner-structure-052691500-xs2pg,Pod,,created-timestamp,1741906156.0,633731392008.dkr.ecr.us-east-1.amazonaws.com/mini-mummi:mlrunner-arm,cpu-static
344,mlrunner-structure-052691500-xs2pg,Pod,,created,0,633731392008.dkr.ecr.us-east-1.amazonaws.com/mini-mummi:mlrunner-arm,cpu-static
345,mlrunner-structure-052691500-xs2pg,Pod,,started-timestamp,1741906156.0,633731392008.dkr.ecr.us-east-1.amazonaws.com/mini-mummi:mlrunner-arm,cpu-static
346,mlrunner-structure-052691500-xs2pg,Pod,,started,0,633731392008.dkr.ecr.us-east-1.amazonaws.com/mini-mummi:mlrunner-arm,cpu-static
347,mlrunner-structure-052691500-xs2pg,Pod,,pulled,0.16857701800000002,633731392008.dkr.ecr.us-east-1.amazonaws.com/mini-mummi:mlrunner-arm,cpu-static
348,mlrunner-structure-015059657,Job,mlrunner,successfulcreate-timestamp,1741906156.0,,cpu-static
349,mlrunner-structure-015059657,Job,mlrunner,completed-timestamp,1741906206.0,,cpu-static
350,mlrunner-structure-015059657,Job,mlrunner,running,50,,cpu-static
351,mlrunner-structure-015059657-wxwx7,Pod,,pulled-timestamp,1741906156.0,633731392008.dkr.ecr.us-east-1.amazonaws.com/mini-mummi:mlrunner-arm,cpu-static
352,mlrunner-structure-015059657-wxwx7,Pod,,pulling-timestamp,1741906156.0,633731392008.dkr.ecr.us-east-1.amazonaws.com/mini-mummi:mlrunner-arm,cpu-static
353,mlrunner-structure-015059657-wxwx7,Pod,,scheduled-timestamp,1741906156.0,633731392008.dkr.ecr.us-east-1.amazonaws.com/mini-mummi:mlrunner-arm,cpu-static
354,mlrunner-structure-015059657-wxwx7,Pod,,created-timestamp,1741906156.0,633731392008.dkr.ecr.us-east-1.amazonaws.com/mini-mummi:mlrunner-arm,cpu-static
355,mlrunner-structure-015059657-wxwx7,Pod,,created,0,633731392008.dkr.ecr.us-east-1.amazonaws.com/mini-mummi:mlrunner-arm,cpu-static
356,mlrunner-structure-015059657-wxwx7,Pod,,started-timestamp,1741906156.0,633731392008.dkr.ecr.us-east-1.amazonaws.com/mini-mummi:mlrunner-arm,cpu-static
357,mlrunner-structure-015059657-wxwx7,Pod,,started,0,633731392008.dkr.ecr.us-east-1.amazonaws.com/mini-mummi:mlrunner-arm,cpu-static
358,mlrunner-structure-015059657-wxwx7,Pod,,pulled,0.141965297,633731392008.dkr.ecr.us-east-1.amazonaws.com/mini-mummi:mlrunner-arm,cpu-static
359,mlrunner-structure-079737571,Job,mlrunner,successfulcreate-timestamp,1741906156.0,,cpu-static
360,mlrunner-structure-079737571,Job,mlrunner,completed-timestamp,1741906201.0,,cpu-static
361,mlrunner-structure-079737571,Job,mlrunner,running,45,,cpu-static
362,mlrunner-structure-079737571-6v5bm,Pod,,pulled-timestamp,1741906157.0,633731392008.dkr.ecr.us-east-1.amazonaws.com/mini-mummi:mlrunner-arm,cpu-static
363,mlrunner-structure-079737571-6v5bm,Pod,,pulling-timestamp,1741906157.0,633731392008.dkr.ecr.us-east-1.amazonaws.com/mini-mummi:mlrunner-arm,cpu-static
364,mlrunner-structure-079737571-6v5bm,Pod,,scheduled-timestamp,1741906156.0,633731392008.dkr.ecr.us-east-1.amazonaws.com/mini-mummi:mlrunner-arm,cpu-static
365,mlrunner-structure-079737571-6v5bm,Pod,,created-timestamp,1741906157.0,633731392008.dkr.ecr.us-east-1.amazonaws.com/mini-mummi:mlrunner-arm,cpu-static
366,mlrunner-structure-079737571-6v5bm,Pod,,created,0,633731392008.dkr.ecr.us-east-1.amazonaws.com/mini-mummi:mlrunner-arm,cpu-static
367,mlrunner-structure-079737571-6v5bm,Pod,,started-timestamp,1741906157.0,633731392008.dkr.ecr.us-east-1.amazonaws.com/mini-mummi:mlrunner-arm,cpu-static
368,mlrunner-structure-079737571-6v5bm,Pod,,started,0,633731392008.dkr.ecr.us-east-1.amazonaws.com/mini-mummi:mlrunner-arm,cpu-static
369,mlrunner-structure-079737571-6v5bm,Pod,,pulled,0.26782483300000004,633731392008.dkr.ecr.us-east-1.amazonaws.com/mini-mummi:mlrunner-arm,cpu-static
370,mlrunner-structure-056277282,Job,mlrunner,successfulcreate-timestamp,1741906175.0,,cpu-static
371,mlrunner-structure-056277282,Job,mlrunner,completed-timestamp,1741906232.0,,cpu-static
372,mlrunner-structure-056277282,Job,mlrunner,running,57,,cpu-static
373,mlrunner-structure-056277282-rzd79,Pod,,pulled-timestamp,1741906176.0,633731392008.dkr.ecr.us-east-1.amazonaws.com/mini-mummi:mlrunner-arm,cpu-static
374,mlrunner-structure-056277282-rzd79,Pod,,pulling-timestamp,1741906176.0,633731392008.dkr.ecr.us-east-1.amazonaws.com/mini-mummi:mlrunner-arm,cpu-static
375,mlrunner-structure-056277282-rzd79,Pod,,scheduled-timestamp,1741906175.0,633731392008.dkr.ecr.us-east-1.amazonaws.com/mini-mummi:mlrunner-arm,cpu-static
376,mlrunner-structure-056277282-rzd79,Pod,,created-timestamp,1741906176.0,633731392008.dkr.ecr.us-east-1.amazonaws.com/mini-mummi:mlrunner-arm,cpu-static
377,mlrunner-structure-056277282-rzd79,Pod,,created,0,633731392008.dkr.ecr.us-east-1.amazonaws.com/mini-mummi:mlrunner-arm,cpu-static
378,mlrunner-structure-056277282-rzd79,Pod,,started-timestamp,1741906176.0,633731392008.dkr.ecr.us-east-1.amazonaws.com/mini-mummi:mlrunner-arm,cpu-static
379,mlrunner-structure-056277282-rzd79,Pod,,started,0,633731392008.dkr.ecr.us-east-1.amazonaws.com/mini-mummi:mlrunner-arm,cpu-static
380,mlrunner-structure-056277282-rzd79,Pod,,pulled,0.144427528,633731392008.dkr.ecr.us-east-1.amazonaws.com/mini-mummi:mlrunner-arm,cpu-static
381,createsim-structure-052691500,Job,createsim,successfulcreate-timestamp,1741906205.0,,cpu-static
382,createsim-structure-052691500,Job,createsim,completed-timestamp,1741906682.0,,cpu-static
383,createsim-structure-052691500,Job,createsim,running,477,,cpu-static
384,createsim-structure-015059657,Job,createsim,successfulcreate-timestamp,1741906207.0,,cpu-static
385,createsim-structure-015059657,Job,createsim,completed-timestamp,1741906686.0,,cpu-static
386,createsim-structure-015059657,Job,createsim,running,479,,cpu-static
387,createsim-structure-056277282,Job,createsim,successfulcreate-timestamp,1741906232.0,,cpu-static
388,createsim-structure-056277282,Job,createsim,completed-timestamp,1741906714.0,,cpu-static
389,createsim-structure-056277282,Job,createsim,running,482,,cpu-static
390,mlrunner-structure-010998339,Job,mlrunner,successfulcreate-timestamp,1741906249.0,,cpu-static
391,mlrunner-structure-010998339,Job,mlrunner,completed-timestamp,1741906309.0,,cpu-static
392,mlrunner-structure-010998339,Job,mlrunner,running,60,,cpu-static
393,mlrunner-structure-010998339-zc9gv,Pod,,pulled-timestamp,1741906250.0,633731392008.dkr.ecr.us-east-1.amazonaws.com/mini-mummi:mlrunner-arm,cpu-static
394,mlrunner-structure-010998339-zc9gv,Pod,,pulling-timestamp,1741906249.0,633731392008.dkr.ecr.us-east-1.amazonaws.com/mini-mummi:mlrunner-arm,cpu-static
395,mlrunner-structure-010998339-zc9gv,Pod,,scheduled-timestamp,1741906249.0,633731392008.dkr.ecr.us-east-1.amazonaws.com/mini-mummi:mlrunner-arm,cpu-static
396,mlrunner-structure-010998339-zc9gv,Pod,,created-timestamp,1741906250.0,633731392008.dkr.ecr.us-east-1.amazonaws.com/mini-mummi:mlrunner-arm,cpu-static
397,mlrunner-structure-010998339-zc9gv,Pod,,created,0,633731392008.dkr.ecr.us-east-1.amazonaws.com/mini-mummi:mlrunner-arm,cpu-static
398,mlrunner-structure-010998339-zc9gv,Pod,,started-timestamp,1741906250.0,633731392008.dkr.ecr.us-east-1.amazonaws.com/mini-mummi:mlrunner-arm,cpu-static
399,mlrunner-structure-010998339-zc9gv,Pod,,started,0,633731392008.dkr.ecr.us-east-1.amazonaws.com/mini-mummi:mlrunner-arm,cpu-static
400,mlrunner-structure-010998339-zc9gv,Pod,,pulled,0.146851391,633731392008.dkr.ecr.us-east-1.amazonaws.com/mini-mummi:mlrunner-arm,cpu-static
401,createsim-structure-010998339,Job,createsim,successfulcreate-timestamp,1741906309.0,,cpu-static
402,createsim-structure-010998339,Job,createsim,completed-timestamp,1741906787.0,,cpu-static
403,createsim-structure-010998339,Job,createsim,running,478,,cpu-static
404,cganalysis-structure-052691500,Job,cganalysis,successfulcreate-timestamp,1741906682.0,,cpu-static
405,cganalysis-structure-052691500,Job,cganalysis,completed-timestamp,1741908470.0,,cpu-static
406,cganalysis-structure-052691500,Job,cganalysis,running,1788,,cpu-static
407,cganalysis-structure-052691500-fd55z,Pod,cganalysis,pulled-timestamp,1741906683.0,633731392008.dkr.ecr.us-east-1.amazonaws.com/mini-mummi:cganalysis-arm,cpu-static
408,cganalysis-structure-052691500-fd55z,Pod,cganalysis,pulling-timestamp,1741906683.0,633731392008.dkr.ecr.us-east-1.amazonaws.com/mini-mummi:cganalysis-arm,cpu-static
409,cganalysis-structure-052691500-fd55z,Pod,cganalysis,scheduled-timestamp,1741906682.0,633731392008.dkr.ecr.us-east-1.amazonaws.com/mini-mummi:cganalysis-arm,cpu-static
410,cganalysis-structure-052691500-fd55z,Pod,cganalysis,created-timestamp,1741906683.0,633731392008.dkr.ecr.us-east-1.amazonaws.com/mini-mummi:cganalysis-arm,cpu-static
411,cganalysis-structure-052691500-fd55z,Pod,cganalysis,created,0,633731392008.dkr.ecr.us-east-1.amazonaws.com/mini-mummi:cganalysis-arm,cpu-static
412,cganalysis-structure-052691500-fd55z,Pod,cganalysis,started-timestamp,1741906683.0,633731392008.dkr.ecr.us-east-1.amazonaws.com/mini-mummi:cganalysis-arm,cpu-static
413,cganalysis-structure-052691500-fd55z,Pod,cganalysis,started,0,633731392008.dkr.ecr.us-east-1.amazonaws.com/mini-mummi:cganalysis-arm,cpu-static
414,cganalysis-structure-052691500-fd55z,Pod,cganalysis,pulled,0.163679946,633731392008.dkr.ecr.us-east-1.amazonaws.com/mini-mummi:cganalysis-arm,cpu-static
415,cganalysis-structure-015059657,Job,cganalysis,successfulcreate-timestamp,1741906686.0,,cpu-static
416,cganalysis-structure-015059657,Job,cganalysis,completed-timestamp,1741908475.0,,cpu-static
417,cganalysis-structure-015059657,Job,cganalysis,running,1789,,cpu-static
418,cganalysis-structure-015059657-gwbdp,Pod,cganalysis,pulled-timestamp,1741906687.0,633731392008.dkr.ecr.us-east-1.amazonaws.com/mini-mummi:cganalysis-arm,cpu-static
419,cganalysis-structure-015059657-gwbdp,Pod,cganalysis,pulling-timestamp,1741906687.0,633731392008.dkr.ecr.us-east-1.amazonaws.com/mini-mummi:cganalysis-arm,cpu-static
420,cganalysis-structure-015059657-gwbdp,Pod,cganalysis,scheduled-timestamp,1741906686.0,633731392008.dkr.ecr.us-east-1.amazonaws.com/mini-mummi:cganalysis-arm,cpu-static
421,cganalysis-structure-015059657-gwbdp,Pod,cganalysis,created-timestamp,1741906687.0,633731392008.dkr.ecr.us-east-1.amazonaws.com/mini-mummi:cganalysis-arm,cpu-static
422,cganalysis-structure-015059657-gwbdp,Pod,cganalysis,created,0,633731392008.dkr.ecr.us-east-1.amazonaws.com/mini-mummi:cganalysis-arm,cpu-static
423,cganalysis-structure-015059657-gwbdp,Pod,cganalysis,started-timestamp,1741906687.0,633731392008.dkr.ecr.us-east-1.amazonaws.com/mini-mummi:cganalysis-arm,cpu-static
424,cganalysis-structure-015059657-gwbdp,Pod,cganalysis,started,0,633731392008.dkr.ecr.us-east-1.amazonaws.com/mini-mummi:cganalysis-arm,cpu-static
425,cganalysis-structure-015059657-gwbdp,Pod,cganalysis,pulled,0.159358728,633731392008.dkr.ecr.us-east-1.amazonaws.com/mini-mummi:cganalysis-arm,cpu-static
426,cganalysis-structure-056277282,Job,cganalysis,successfulcreate-timestamp,1741906715.0,,cpu-static
427,cganalysis-structure-056277282,Job,cganalysis,completed-timestamp,1741908503.0,,cpu-static
428,cganalysis-structure-056277282,Job,cganalysis,running,1788,,cpu-static
429,cganalysis-structure-056277282-swvbw,Pod,cganalysis,pulled-timestamp,1741906715.0,633731392008.dkr.ecr.us-east-1.amazonaws.com/mini-mummi:cganalysis-arm,cpu-static
430,cganalysis-structure-056277282-swvbw,Pod,cganalysis,pulling-timestamp,1741906715.0,633731392008.dkr.ecr.us-east-1.amazonaws.com/mini-mummi:cganalysis-arm,cpu-static
431,cganalysis-structure-056277282-swvbw,Pod,cganalysis,scheduled-timestamp,1741906715.0,633731392008.dkr.ecr.us-east-1.amazonaws.com/mini-mummi:cganalysis-arm,cpu-static
432,cganalysis-structure-056277282-swvbw,Pod,cganalysis,created-timestamp,1741906715.0,633731392008.dkr.ecr.us-east-1.amazonaws.com/mini-mummi:cganalysis-arm,cpu-static
433,cganalysis-structure-056277282-swvbw,Pod,cganalysis,created,0,633731392008.dkr.ecr.us-east-1.amazonaws.com/mini-mummi:cganalysis-arm,cpu-static
434,cganalysis-structure-056277282-swvbw,Pod,cganalysis,started-timestamp,1741906715.0,633731392008.dkr.ecr.us-east-1.amazonaws.com/mini-mummi:cganalysis-arm,cpu-static
435,cganalysis-structure-056277282-swvbw,Pod,cganalysis,started,0,633731392008.dkr.ecr.us-east-1.amazonaws.com/mini-mummi:cganalysis-arm,cpu-static
436,cganalysis-structure-056277282-swvbw,Pod,cganalysis,pulled,0.152646845,633731392008.dkr.ecr.us-east-1.amazonaws.com/mini-mummi:cganalysis-arm,cpu-static
437,cganalysis-structure-010998339,Job,cganalysis,successfulcreate-timestamp,1741906787.0,,cpu-static
438,cganalysis-structure-010998339,Job,cganalysis,completed-timestamp,1741908575.0,,cpu-static
439,cganalysis-structure-010998339,Job,cganalysis,running,1788,,cpu-static
440,cganalysis-structure-010998339-jgtfb,Pod,cganalysis,pulled-timestamp,1741906788.0,633731392008.dkr.ecr.us-east-1.amazonaws.com/mini-mummi:cganalysis-arm,cpu-static
441,cganalysis-structure-010998339-jgtfb,Pod,cganalysis,pulling-timestamp,1741906788.0,633731392008.dkr.ecr.us-east-1.amazonaws.com/mini-mummi:cganalysis-arm,cpu-static
442,cganalysis-structure-010998339-jgtfb,Pod,cganalysis,scheduled-timestamp,1741906787.0,633731392008.dkr.ecr.us-east-1.amazonaws.com/mini-mummi:cganalysis-arm,cpu-static
443,cganalysis-structure-010998339-jgtfb,Pod,cganalysis,created-timestamp,1741906788.0,633731392008.dkr.ecr.us-east-1.amazonaws.com/mini-mummi:cganalysis-arm,cpu-static
444,cganalysis-structure-010998339-jgtfb,Pod,cganalysis,created,0,633731392008.dkr.ecr.us-east-1.amazonaws.com/mini-mummi:cganalysis-arm,cpu-static
445,cganalysis-structure-010998339-jgtfb,Pod,cganalysis,started-timestamp,1741906788.0,633731392008.dkr.ecr.us-east-1.amazonaws.com/mini-mummi:cganalysis-arm,cpu-static
446,cganalysis-structure-010998339-jgtfb,Pod,cganalysis,started,0,633731392008.dkr.ecr.us-east-1.amazonaws.com/mini-mummi:cganalysis-arm,cpu-static
447,cganalysis-structure-010998339-jgtfb,Pod,cganalysis,pulled,0.238467033,633731392008.dkr.ecr.us-east-1.amazonaws.com/mini-mummi:cganalysis-arm,cpu-static
448,aws-node-bpctb,Pod,,pulled-timestamp,1741989582.0,602401143452.dkr.ecr.us-east-1.amazonaws.com/amazon/aws-network-policy-agent:v1.1.5-eksbuild.1,cpu-static
449,aws-node-bpctb,Pod,,pulling-timestamp,1741989581.0,602401143452.dkr.ecr.us-east-1.amazonaws.com/amazon/aws-network-policy-agent:v1.1.5-eksbuild.1,cpu-static
450,aws-node-bpctb,Pod,,scheduled-timestamp,1741989558.0,602401143452.dkr.ecr.us-east-1.amazonaws.com/amazon/aws-network-policy-agent:v1.1.5-eksbuild.1,cpu-static
451,aws-node-bpctb,Pod,,created-timestamp,1741989582.0,602401143452.dkr.ecr.us-east-1.amazonaws.com/amazon/aws-network-policy-agent:v1.1.5-eksbuild.1,cpu-static
452,aws-node-bpctb,Pod,,created,0,602401143452.dkr.ecr.us-east-1.amazonaws.com/amazon/aws-network-policy-agent:v1.1.5-eksbuild.1,cpu-static
453,aws-node-bpctb,Pod,,started-timestamp,1741989582.0,602401143452.dkr.ecr.us-east-1.amazonaws.com/amazon/aws-network-policy-agent:v1.1.5-eksbuild.1,cpu-static
454,aws-node-bpctb,Pod,,started,0,602401143452.dkr.ecr.us-east-1.amazonaws.com/amazon/aws-network-policy-agent:v1.1.5-eksbuild.1,cpu-static
455,aws-node-bpctb,Pod,,pulled,1.088104183,602401143452.dkr.ecr.us-east-1.amazonaws.com/amazon/aws-network-policy-agent:v1.1.5-eksbuild.1,cpu-static
456,aws-node-fwclx,Pod,,pulled-timestamp,1741989574.0,602401143452.dkr.ecr.us-east-1.amazonaws.com/amazon/aws-network-policy-agent:v1.1.5-eksbuild.1,cpu-static
457,aws-node-fwclx,Pod,,pulling-timestamp,1741989573.0,602401143452.dkr.ecr.us-east-1.amazonaws.com/amazon/aws-network-policy-agent:v1.1.5-eksbuild.1,cpu-static
458,aws-node-fwclx,Pod,,scheduled-timestamp,1741989562.0,602401143452.dkr.ecr.us-east-1.amazonaws.com/amazon/aws-network-policy-agent:v1.1.5-eksbuild.1,cpu-static
459,aws-node-fwclx,Pod,,created-timestamp,1741989574.0,602401143452.dkr.ecr.us-east-1.amazonaws.com/amazon/aws-network-policy-agent:v1.1.5-eksbuild.1,cpu-static
460,aws-node-fwclx,Pod,,created,0,602401143452.dkr.ecr.us-east-1.amazonaws.com/amazon/aws-network-policy-agent:v1.1.5-eksbuild.1,cpu-static
461,aws-node-fwclx,Pod,,started-timestamp,1741989574.0,602401143452.dkr.ecr.us-east-1.amazonaws.com/amazon/aws-network-policy-agent:v1.1.5-eksbuild.1,cpu-static
462,aws-node-fwclx,Pod,,started,0,602401143452.dkr.ecr.us-east-1.amazonaws.com/amazon/aws-network-policy-agent:v1.1.5-eksbuild.1,cpu-static
463,aws-node-fwclx,Pod,,pulled,1.130759371,602401143452.dkr.ecr.us-east-1.amazonaws.com/amazon/aws-network-policy-agent:v1.1.5-eksbuild.1,cpu-static
464,aws-node-kqpgx,Pod,,pulled-timestamp,1741989599.0,602401143452.dkr.ecr.us-east-1.amazonaws.com/amazon/aws-network-policy-agent:v1.1.5-eksbuild.1,cpu-static
465,aws-node-kqpgx,Pod,,pulling-timestamp,1741989598.0,602401143452.dkr.ecr.us-east-1.amazonaws.com/amazon/aws-network-policy-agent:v1.1.5-eksbuild.1,cpu-static
466,aws-node-kqpgx,Pod,,scheduled-timestamp,1741989549.0,602401143452.dkr.ecr.us-east-1.amazonaws.com/amazon/aws-network-policy-agent:v1.1.5-eksbuild.1,cpu-static
467,aws-node-kqpgx,Pod,,created-timestamp,1741989599.0,602401143452.dkr.ecr.us-east-1.amazonaws.com/amazon/aws-network-policy-agent:v1.1.5-eksbuild.1,cpu-static
468,aws-node-kqpgx,Pod,,created,0,602401143452.dkr.ecr.us-east-1.amazonaws.com/amazon/aws-network-policy-agent:v1.1.5-eksbuild.1,cpu-static
469,aws-node-kqpgx,Pod,,started-timestamp,1741989599.0,602401143452.dkr.ecr.us-east-1.amazonaws.com/amazon/aws-network-policy-agent:v1.1.5-eksbuild.1,cpu-static
470,aws-node-kqpgx,Pod,,started,0,602401143452.dkr.ecr.us-east-1.amazonaws.com/amazon/aws-network-policy-agent:v1.1.5-eksbuild.1,cpu-static
471,aws-node-kqpgx,Pod,,pulled,1.017019059,602401143452.dkr.ecr.us-east-1.amazonaws.com/amazon/aws-network-policy-agent:v1.1.5-eksbuild.1,cpu-static
472,aws-node-ksddr,Pod,,pulled-timestamp,1741989563.0,602401143452.dkr.ecr.us-east-1.amazonaws.com/amazon/aws-network-policy-agent:v1.1.5-eksbuild.1,cpu-static
473,aws-node-ksddr,Pod,,pulling-timestamp,1741989562.0,602401143452.dkr.ecr.us-east-1.amazonaws.com/amazon/aws-network-policy-agent:v1.1.5-eksbuild.1,cpu-static
474,aws-node-ksddr,Pod,,scheduled-timestamp,1741989552.0,602401143452.dkr.ecr.us-east-1.amazonaws.com/amazon/aws-network-policy-agent:v1.1.5-eksbuild.1,cpu-static
475,aws-node-ksddr,Pod,,created-timestamp,1741989563.0,602401143452.dkr.ecr.us-east-1.amazonaws.com/amazon/aws-network-policy-agent:v1.1.5-eksbuild.1,cpu-static
476,aws-node-ksddr,Pod,,created,0,602401143452.dkr.ecr.us-east-1.amazonaws.com/amazon/aws-network-policy-agent:v1.1.5-eksbuild.1,cpu-static
477,aws-node-ksddr,Pod,,started-timestamp,1741989563.0,602401143452.dkr.ecr.us-east-1.amazonaws.com/amazon/aws-network-policy-agent:v1.1.5-eksbuild.1,cpu-static
478,aws-node-ksddr,Pod,,started,0,602401143452.dkr.ecr.us-east-1.amazonaws.com/amazon/aws-network-policy-agent:v1.1.5-eksbuild.1,cpu-static
479,aws-node-ksddr,Pod,,pulled,0.965385443,602401143452.dkr.ecr.us-east-1.amazonaws.com/amazon/aws-network-policy-agent:v1.1.5-eksbuild.1,cpu-static
480,aws-node-pnk76,Pod,,pulled-timestamp,1741989565.0,602401143452.dkr.ecr.us-east-1.amazonaws.com/amazon/aws-network-policy-agent:v1.1.5-eksbuild.1,cpu-static
481,aws-node-pnk76,Pod,,pulling-timestamp,1741989561.0,602401143452.dkr.ecr.us-east-1.amazonaws.com/amazon/aws-network-policy-agent:v1.1.5-eksbuild.1,cpu-static
482,aws-node-pnk76,Pod,,scheduled-timestamp,1741989550.0,602401143452.dkr.ecr.us-east-1.amazonaws.com/amazon/aws-network-policy-agent:v1.1.5-eksbuild.1,cpu-static
483,aws-node-pnk76,Pod,,created-timestamp,1741989565.0,602401143452.dkr.ecr.us-east-1.amazonaws.com/amazon/aws-network-policy-agent:v1.1.5-eksbuild.1,cpu-static
484,aws-node-pnk76,Pod,,created,0,602401143452.dkr.ecr.us-east-1.amazonaws.com/amazon/aws-network-policy-agent:v1.1.5-eksbuild.1,cpu-static
485,aws-node-pnk76,Pod,,started-timestamp,1741989565.0,602401143452.dkr.ecr.us-east-1.amazonaws.com/amazon/aws-network-policy-agent:v1.1.5-eksbuild.1,cpu-static
486,aws-node-pnk76,Pod,,started,0,602401143452.dkr.ecr.us-east-1.amazonaws.com/amazon/aws-network-policy-agent:v1.1.5-eksbuild.1,cpu-static
487,aws-node-pnk76,Pod,,pulled,4.410831308,602401143452.dkr.ecr.us-east-1.amazonaws.com/amazon/aws-network-policy-agent:v1.1.5-eksbuild.1,cpu-static
488,aws-node-wtvjw,Pod,,pulled-timestamp,1741989570.0,602401143452.dkr.ecr.us-east-1.amazonaws.com/amazon/aws-network-policy-agent:v1.1.5-eksbuild.1,cpu-static
489,aws-node-wtvjw,Pod,,pulling-timestamp,1741989568.0,602401143452.dkr.ecr.us-east-1.amazonaws.com/amazon/aws-network-policy-agent:v1.1.5-eksbuild.1,cpu-static
490,aws-node-wtvjw,Pod,,scheduled-timestamp,1741989558.0,602401143452.dkr.ecr.us-east-1.amazonaws.com/amazon/aws-network-policy-agent:v1.1.5-eksbuild.1,cpu-static
491,aws-node-wtvjw,Pod,,created-timestamp,1741989570.0,602401143452.dkr.ecr.us-east-1.amazonaws.com/amazon/aws-network-policy-agent:v1.1.5-eksbuild.1,cpu-static
492,aws-node-wtvjw,Pod,,created,0,602401143452.dkr.ecr.us-east-1.amazonaws.com/amazon/aws-network-policy-agent:v1.1.5-eksbuild.1,cpu-static
493,aws-node-wtvjw,Pod,,started-timestamp,1741989570.0,602401143452.dkr.ecr.us-east-1.amazonaws.com/amazon/aws-network-policy-agent:v1.1.5-eksbuild.1,cpu-static
494,aws-node-wtvjw,Pod,,started,0,602401143452.dkr.ecr.us-east-1.amazonaws.com/amazon/aws-network-policy-agent:v1.1.5-eksbuild.1,cpu-static
495,aws-node-wtvjw,Pod,,pulled,1.055601324,602401143452.dkr.ecr.us-east-1.amazonaws.com/amazon/aws-network-policy-agent:v1.1.5-eksbuild.1,cpu-static
496,coredns-d9b6d6c7d-6vph9,Pod,,pulled-timestamp,1741989572.0,602401143452.dkr.ecr.us-east-1.amazonaws.com/eks/coredns:v1.10.1-eksbuild.4,cpu-static
497,coredns-d9b6d6c7d-6vph9,Pod,,pulling-timestamp,1741989564.0,602401143452.dkr.ecr.us-east-1.amazonaws.com/eks/coredns:v1.10.1-eksbuild.4,cpu-static
498,coredns-d9b6d6c7d-6vph9,Pod,,scheduled-timestamp,1741989563.0,602401143452.dkr.ecr.us-east-1.amazonaws.com/eks/coredns:v1.10.1-eksbuild.4,cpu-static
499,coredns-d9b6d6c7d-6vph9,Pod,,created-timestamp,1741989572.0,602401143452.dkr.ecr.us-east-1.amazonaws.com/eks/coredns:v1.10.1-eksbuild.4,cpu-static
500,coredns-d9b6d6c7d-6vph9,Pod,,created,0,602401143452.dkr.ecr.us-east-1.amazonaws.com/eks/coredns:v1.10.1-eksbuild.4,cpu-static
501,coredns-d9b6d6c7d-6vph9,Pod,,started-timestamp,1741989572.0,602401143452.dkr.ecr.us-east-1.amazonaws.com/eks/coredns:v1.10.1-eksbuild.4,cpu-static
502,coredns-d9b6d6c7d-6vph9,Pod,,started,0,602401143452.dkr.ecr.us-east-1.amazonaws.com/eks/coredns:v1.10.1-eksbuild.4,cpu-static
503,coredns-d9b6d6c7d-6vph9,Pod,,pulled,8.093640735,602401143452.dkr.ecr.us-east-1.amazonaws.com/eks/coredns:v1.10.1-eksbuild.4,cpu-static
504,coredns-d9b6d6c7d-sprzc,Pod,,pulled-timestamp,1741989572.0,602401143452.dkr.ecr.us-east-1.amazonaws.com/eks/coredns:v1.10.1-eksbuild.4,cpu-static
505,coredns-d9b6d6c7d-sprzc,Pod,,pulling-timestamp,1741989564.0,602401143452.dkr.ecr.us-east-1.amazonaws.com/eks/coredns:v1.10.1-eksbuild.4,cpu-static
506,coredns-d9b6d6c7d-sprzc,Pod,,scheduled-timestamp,1741989563.0,602401143452.dkr.ecr.us-east-1.amazonaws.com/eks/coredns:v1.10.1-eksbuild.4,cpu-static
507,coredns-d9b6d6c7d-sprzc,Pod,,created-timestamp,1741989572.0,602401143452.dkr.ecr.us-east-1.amazonaws.com/eks/coredns:v1.10.1-eksbuild.4,cpu-static
508,coredns-d9b6d6c7d-sprzc,Pod,,created,0,602401143452.dkr.ecr.us-east-1.amazonaws.com/eks/coredns:v1.10.1-eksbuild.4,cpu-static
509,coredns-d9b6d6c7d-sprzc,Pod,,started-timestamp,1741989572.0,602401143452.dkr.ecr.us-east-1.amazonaws.com/eks/coredns:v1.10.1-eksbuild.4,cpu-static
510,coredns-d9b6d6c7d-sprzc,Pod,,started,0,602401143452.dkr.ecr.us-east-1.amazonaws.com/eks/coredns:v1.10.1-eksbuild.4,cpu-static
511,coredns-d9b6d6c7d-sprzc,Pod,,pulled,8.094960032,602401143452.dkr.ecr.us-east-1.amazonaws.com/eks/coredns:v1.10.1-eksbuild.4,cpu-static
512,metrics-server-7794986bdb-5pg28,Pod,,pulled-timestamp,1741989565.0,602401143452.dkr.ecr.us-east-1.amazonaws.com/eks/metrics-server:v0.7.2-eksbuild.2,cpu-static
513,metrics-server-7794986bdb-5pg28,Pod,,pulling-timestamp,1741989564.0,602401143452.dkr.ecr.us-east-1.amazonaws.com/eks/metrics-server:v0.7.2-eksbuild.2,cpu-static
514,metrics-server-7794986bdb-5pg28,Pod,,scheduled-timestamp,1741989563.0,602401143452.dkr.ecr.us-east-1.amazonaws.com/eks/metrics-server:v0.7.2-eksbuild.2,cpu-static
515,metrics-server-7794986bdb-5pg28,Pod,,created-timestamp,1741989565.0,602401143452.dkr.ecr.us-east-1.amazonaws.com/eks/metrics-server:v0.7.2-eksbuild.2,cpu-static
516,metrics-server-7794986bdb-5pg28,Pod,,created,0,602401143452.dkr.ecr.us-east-1.amazonaws.com/eks/metrics-server:v0.7.2-eksbuild.2,cpu-static
517,metrics-server-7794986bdb-5pg28,Pod,,started-timestamp,1741989565.0,602401143452.dkr.ecr.us-east-1.amazonaws.com/eks/metrics-server:v0.7.2-eksbuild.2,cpu-static
518,metrics-server-7794986bdb-5pg28,Pod,,started,0,602401143452.dkr.ecr.us-east-1.amazonaws.com/eks/metrics-server:v0.7.2-eksbuild.2,cpu-static
519,metrics-server-7794986bdb-5pg28,Pod,,pulled,1.263167798,602401143452.dkr.ecr.us-east-1.amazonaws.com/eks/metrics-server:v0.7.2-eksbuild.2,cpu-static
520,metrics-server-7794986bdb-8g65c,Pod,,pulled-timestamp,1741989565.0,602401143452.dkr.ecr.us-east-1.amazonaws.com/eks/metrics-server:v0.7.2-eksbuild.2,cpu-static
521,metrics-server-7794986bdb-8g65c,Pod,,pulling-timestamp,1741989564.0,602401143452.dkr.ecr.us-east-1.amazonaws.com/eks/metrics-server:v0.7.2-eksbuild.2,cpu-static
522,metrics-server-7794986bdb-8g65c,Pod,,scheduled-timestamp,1741989563.0,602401143452.dkr.ecr.us-east-1.amazonaws.com/eks/metrics-server:v0.7.2-eksbuild.2,cpu-static
523,metrics-server-7794986bdb-8g65c,Pod,,created-timestamp,1741989565.0,602401143452.dkr.ecr.us-east-1.amazonaws.com/eks/metrics-server:v0.7.2-eksbuild.2,cpu-static
524,metrics-server-7794986bdb-8g65c,Pod,,created,0,602401143452.dkr.ecr.us-east-1.amazonaws.com/eks/metrics-server:v0.7.2-eksbuild.2,cpu-static
525,metrics-server-7794986bdb-8g65c,Pod,,started-timestamp,1741989565.0,602401143452.dkr.ecr.us-east-1.amazonaws.com/eks/metrics-server:v0.7.2-eksbuild.2,cpu-static
526,metrics-server-7794986bdb-8g65c,Pod,,started,0,602401143452.dkr.ecr.us-east-1.amazonaws.com/eks/metrics-server:v0.7.2-eksbuild.2,cpu-static
527,metrics-server-7794986bdb-8g65c,Pod,,pulled,1.26101319,602401143452.dkr.ecr.us-east-1.amazonaws.com/eks/metrics-server:v0.7.2-eksbuild.2,cpu-static
528,event-exporter-c7548569-rvb5c,Pod,,pulled-timestamp,1741989672.0,ghcr.io/resmoio/kubernetes-event-exporter:latest,cpu-static
529,event-exporter-c7548569-rvb5c,Pod,,pulling-timestamp,1741989670.0,ghcr.io/resmoio/kubernetes-event-exporter:latest,cpu-static
530,event-exporter-c7548569-rvb5c,Pod,,scheduled-timestamp,1741989670.0,ghcr.io/resmoio/kubernetes-event-exporter:latest,cpu-static
531,event-exporter-c7548569-rvb5c,Pod,,created-timestamp,1741989672.0,ghcr.io/resmoio/kubernetes-event-exporter:latest,cpu-static
532,event-exporter-c7548569-rvb5c,Pod,,created,0,ghcr.io/resmoio/kubernetes-event-exporter:latest,cpu-static
533,event-exporter-c7548569-rvb5c,Pod,,started-timestamp,1741989672.0,ghcr.io/resmoio/kubernetes-event-exporter:latest,cpu-static
534,event-exporter-c7548569-rvb5c,Pod,,started,0,ghcr.io/resmoio/kubernetes-event-exporter:latest,cpu-static
535,event-exporter-c7548569-rvb5c,Pod,,pulled,1.594426796,ghcr.io/resmoio/kubernetes-event-exporter:latest,cpu-static
536,state-machine-operator-controller-manager-fb4cc455c-2fv6m,Pod,,pulled-timestamp,1741989775.0,ghcr.io/converged-computing/state-machine-operator:test,cpu-static
537,state-machine-operator-controller-manager-fb4cc455c-2fv6m,Pod,,pulling-timestamp,1741989774.0,ghcr.io/converged-computing/state-machine-operator:test,cpu-static
538,state-machine-operator-controller-manager-fb4cc455c-2fv6m,Pod,,scheduled-timestamp,1741989774.0,ghcr.io/converged-computing/state-machine-operator:test,cpu-static
539,state-machine-operator-controller-manager-fb4cc455c-2fv6m,Pod,,created-timestamp,1741989775.0,ghcr.io/converged-computing/state-machine-operator:test,cpu-static
540,state-machine-operator-controller-manager-fb4cc455c-2fv6m,Pod,,created,0,ghcr.io/converged-computing/state-machine-operator:test,cpu-static
541,state-machine-operator-controller-manager-fb4cc455c-2fv6m,Pod,,started-timestamp,1741989776.0,ghcr.io/converged-computing/state-machine-operator:test,cpu-static
542,state-machine-operator-controller-manager-fb4cc455c-2fv6m,Pod,,started,1,ghcr.io/converged-computing/state-machine-operator:test,cpu-static
543,state-machine-operator-controller-manager-fb4cc455c-2fv6m,Pod,,pulled,1.16264109,ghcr.io/converged-computing/state-machine-operator:test,cpu-static
544,mummi-manager-55b864fb8f-npnzq,Pod,,pulled-timestamp,1741989873.0,ghcr.io/converged-computing/state-machine-operator:manager,cpu-static
545,mummi-manager-55b864fb8f-npnzq,Pod,,pulling-timestamp,1741989865.0,ghcr.io/converged-computing/state-machine-operator:manager,cpu-static
546,mummi-manager-55b864fb8f-npnzq,Pod,,scheduled-timestamp,1741989865.0,ghcr.io/converged-computing/state-machine-operator:manager,cpu-static
547,mummi-manager-55b864fb8f-npnzq,Pod,,created-timestamp,1741989873.0,ghcr.io/converged-computing/state-machine-operator:manager,cpu-static
548,mummi-manager-55b864fb8f-npnzq,Pod,,created,0,ghcr.io/converged-computing/state-machine-operator:manager,cpu-static
549,mummi-manager-55b864fb8f-npnzq,Pod,,started-timestamp,1741989873.0,ghcr.io/converged-computing/state-machine-operator:manager,cpu-static
550,mummi-manager-55b864fb8f-npnzq,Pod,,started,0,ghcr.io/converged-computing/state-machine-operator:manager,cpu-static
551,mummi-manager-55b864fb8f-npnzq,Pod,,pulled,7.497040625,ghcr.io/converged-computing/state-machine-operator:manager,cpu-static
552,mlrunner-structure-065937100,Job,mlrunner,successfulcreate-timestamp,1741989873.0,,cpu-static
553,mlrunner-structure-065937100,Job,mlrunner,completed-timestamp,1741990216.0,,cpu-static
554,mlrunner-structure-065937100,Job,mlrunner,running,343,,cpu-static
555,mlrunner-structure-065937100-srmc2,Pod,,pulled-timestamp,1741990106.0,633731392008.dkr.ecr.us-east-1.amazonaws.com/mini-mummi:mlrunner-arm,cpu-static
556,mlrunner-structure-065937100-srmc2,Pod,,pulling-timestamp,1741989874.0,633731392008.dkr.ecr.us-east-1.amazonaws.com/mini-mummi:mlrunner-arm,cpu-static
557,mlrunner-structure-065937100-srmc2,Pod,,scheduled-timestamp,1741989873.0,633731392008.dkr.ecr.us-east-1.amazonaws.com/mini-mummi:mlrunner-arm,cpu-static
558,mlrunner-structure-065937100-srmc2,Pod,,created-timestamp,1741990107.0,633731392008.dkr.ecr.us-east-1.amazonaws.com/mini-mummi:mlrunner-arm,cpu-static
559,mlrunner-structure-065937100-srmc2,Pod,,created,1,633731392008.dkr.ecr.us-east-1.amazonaws.com/mini-mummi:mlrunner-arm,cpu-static
560,mlrunner-structure-065937100-srmc2,Pod,,started-timestamp,1741990107.0,633731392008.dkr.ecr.us-east-1.amazonaws.com/mini-mummi:mlrunner-arm,cpu-static
561,mlrunner-structure-065937100-srmc2,Pod,,started,0,633731392008.dkr.ecr.us-east-1.amazonaws.com/mini-mummi:mlrunner-arm,cpu-static
562,mlrunner-structure-065937100-srmc2,Pod,,pulled,232.893964913,633731392008.dkr.ecr.us-east-1.amazonaws.com/mini-mummi:mlrunner-arm,cpu-static
563,mlrunner-structure-066464111,Job,mlrunner,successfulcreate-timestamp,1741989873.0,,cpu-static
564,mlrunner-structure-066464111,Job,mlrunner,completed-timestamp,1741990218.0,,cpu-static
565,mlrunner-structure-066464111,Job,mlrunner,running,345,,cpu-static
566,mlrunner-structure-066464111-c4ph8,Pod,,pulled-timestamp,1741990110.0,633731392008.dkr.ecr.us-east-1.amazonaws.com/mini-mummi:mlrunner-arm,cpu-static
567,mlrunner-structure-066464111-c4ph8,Pod,,pulling-timestamp,1741989874.0,633731392008.dkr.ecr.us-east-1.amazonaws.com/mini-mummi:mlrunner-arm,cpu-static
568,mlrunner-structure-066464111-c4ph8,Pod,,scheduled-timestamp,1741989873.0,633731392008.dkr.ecr.us-east-1.amazonaws.com/mini-mummi:mlrunner-arm,cpu-static
569,mlrunner-structure-066464111-c4ph8,Pod,,created-timestamp,1741990110.0,633731392008.dkr.ecr.us-east-1.amazonaws.com/mini-mummi:mlrunner-arm,cpu-static
570,mlrunner-structure-066464111-c4ph8,Pod,,created,0,633731392008.dkr.ecr.us-east-1.amazonaws.com/mini-mummi:mlrunner-arm,cpu-static
571,mlrunner-structure-066464111-c4ph8,Pod,,started-timestamp,1741990111.0,633731392008.dkr.ecr.us-east-1.amazonaws.com/mini-mummi:mlrunner-arm,cpu-static
572,mlrunner-structure-066464111-c4ph8,Pod,,started,1,633731392008.dkr.ecr.us-east-1.amazonaws.com/mini-mummi:mlrunner-arm,cpu-static
573,mlrunner-structure-066464111-c4ph8,Pod,,pulled,236.318835223,633731392008.dkr.ecr.us-east-1.amazonaws.com/mini-mummi:mlrunner-arm,cpu-static
574,mlrunner-structure-084643342,Job,mlrunner,successfulcreate-timestamp,1741989873.0,,cpu-static
575,mlrunner-structure-084643342,Job,mlrunner,completed-timestamp,1741990216.0,,cpu-static
576,mlrunner-structure-084643342,Job,mlrunner,running,343,,cpu-static
577,mlrunner-structure-084643342-79h5f,Pod,,pulled-timestamp,1741990108.0,633731392008.dkr.ecr.us-east-1.amazonaws.com/mini-mummi:mlrunner-arm,cpu-static
578,mlrunner-structure-084643342-79h5f,Pod,,pulling-timestamp,1741989874.0,633731392008.dkr.ecr.us-east-1.amazonaws.com/mini-mummi:mlrunner-arm,cpu-static
579,mlrunner-structure-084643342-79h5f,Pod,,scheduled-timestamp,1741989873.0,633731392008.dkr.ecr.us-east-1.amazonaws.com/mini-mummi:mlrunner-arm,cpu-static
580,mlrunner-structure-084643342-79h5f,Pod,,created-timestamp,1741990109.0,633731392008.dkr.ecr.us-east-1.amazonaws.com/mini-mummi:mlrunner-arm,cpu-static
581,mlrunner-structure-084643342-79h5f,Pod,,created,1,633731392008.dkr.ecr.us-east-1.amazonaws.com/mini-mummi:mlrunner-arm,cpu-static
582,mlrunner-structure-084643342-79h5f,Pod,,started-timestamp,1741990109.0,633731392008.dkr.ecr.us-east-1.amazonaws.com/mini-mummi:mlrunner-arm,cpu-static
583,mlrunner-structure-084643342-79h5f,Pod,,started,0,633731392008.dkr.ecr.us-east-1.amazonaws.com/mini-mummi:mlrunner-arm,cpu-static
584,mlrunner-structure-084643342-79h5f,Pod,,pulled,234.779012485,633731392008.dkr.ecr.us-east-1.amazonaws.com/mini-mummi:mlrunner-arm,cpu-static
585,mlrunner-structure-004710046,Job,mlrunner,successfulcreate-timestamp,1741989873.0,,cpu-static
586,mlrunner-structure-004710046,Job,mlrunner,completed-timestamp,1741990223.0,,cpu-static
587,mlrunner-structure-004710046,Job,mlrunner,running,350,,cpu-static
588,mlrunner-structure-004710046-8fwld,Pod,,pulled-timestamp,1741990111.0,633731392008.dkr.ecr.us-east-1.amazonaws.com/mini-mummi:mlrunner-arm,cpu-static
589,mlrunner-structure-004710046-8fwld,Pod,,pulling-timestamp,1741989874.0,633731392008.dkr.ecr.us-east-1.amazonaws.com/mini-mummi:mlrunner-arm,cpu-static
590,mlrunner-structure-004710046-8fwld,Pod,,scheduled-timestamp,1741989873.0,633731392008.dkr.ecr.us-east-1.amazonaws.com/mini-mummi:mlrunner-arm,cpu-static
591,mlrunner-structure-004710046-8fwld,Pod,,created-timestamp,1741990111.0,633731392008.dkr.ecr.us-east-1.amazonaws.com/mini-mummi:mlrunner-arm,cpu-static
592,mlrunner-structure-004710046-8fwld,Pod,,created,0,633731392008.dkr.ecr.us-east-1.amazonaws.com/mini-mummi:mlrunner-arm,cpu-static
593,mlrunner-structure-004710046-8fwld,Pod,,started-timestamp,1741990112.0,633731392008.dkr.ecr.us-east-1.amazonaws.com/mini-mummi:mlrunner-arm,cpu-static
594,mlrunner-structure-004710046-8fwld,Pod,,started,1,633731392008.dkr.ecr.us-east-1.amazonaws.com/mini-mummi:mlrunner-arm,cpu-static
595,mlrunner-structure-004710046-8fwld,Pod,,pulled,237.424057804,633731392008.dkr.ecr.us-east-1.amazonaws.com/mini-mummi:mlrunner-arm,cpu-static
596,mlrunner-structure-090442291,Job,mlrunner,successfulcreate-timestamp,1741989873.0,,cpu-static
597,mlrunner-structure-090442291,Job,mlrunner,completed-timestamp,1741990226.0,,cpu-static
598,mlrunner-structure-090442291,Job,mlrunner,running,353,,cpu-static
599,mlrunner-structure-090442291-5wshh,Pod,,pulled-timestamp,1741990117.0,633731392008.dkr.ecr.us-east-1.amazonaws.com/mini-mummi:mlrunner-arm,cpu-static
600,mlrunner-structure-090442291-5wshh,Pod,,pulling-timestamp,1741989874.0,633731392008.dkr.ecr.us-east-1.amazonaws.com/mini-mummi:mlrunner-arm,cpu-static
601,mlrunner-structure-090442291-5wshh,Pod,,scheduled-timestamp,1741989873.0,633731392008.dkr.ecr.us-east-1.amazonaws.com/mini-mummi:mlrunner-arm,cpu-static
602,mlrunner-structure-090442291-5wshh,Pod,,created-timestamp,1741990117.0,633731392008.dkr.ecr.us-east-1.amazonaws.com/mini-mummi:mlrunner-arm,cpu-static
603,mlrunner-structure-090442291-5wshh,Pod,,created,0,633731392008.dkr.ecr.us-east-1.amazonaws.com/mini-mummi:mlrunner-arm,cpu-static
604,mlrunner-structure-090442291-5wshh,Pod,,started-timestamp,1741990118.0,633731392008.dkr.ecr.us-east-1.amazonaws.com/mini-mummi:mlrunner-arm,cpu-static
605,mlrunner-structure-090442291-5wshh,Pod,,started,1,633731392008.dkr.ecr.us-east-1.amazonaws.com/mini-mummi:mlrunner-arm,cpu-static
606,mlrunner-structure-090442291-5wshh,Pod,,pulled,243.048406292,633731392008.dkr.ecr.us-east-1.amazonaws.com/mini-mummi:mlrunner-arm,cpu-static
607,mlrunner-structure-034178392,Job,mlrunner,successfulcreate-timestamp,1741989873.0,,cpu-static
608,mlrunner-structure-034178392,Job,mlrunner,completed-timestamp,1741990219.0,,cpu-static
609,mlrunner-structure-034178392,Job,mlrunner,running,346,,cpu-static
610,mlrunner-structure-034178392-mdll6,Pod,,pulled-timestamp,1741990109.0,633731392008.dkr.ecr.us-east-1.amazonaws.com/mini-mummi:mlrunner-arm,cpu-static
611,mlrunner-structure-034178392-mdll6,Pod,,pulling-timestamp,1741989874.0,633731392008.dkr.ecr.us-east-1.amazonaws.com/mini-mummi:mlrunner-arm,cpu-static
612,mlrunner-structure-034178392-mdll6,Pod,,scheduled-timestamp,1741989873.0,633731392008.dkr.ecr.us-east-1.amazonaws.com/mini-mummi:mlrunner-arm,cpu-static
613,mlrunner-structure-034178392-mdll6,Pod,,created-timestamp,1741990110.0,633731392008.dkr.ecr.us-east-1.amazonaws.com/mini-mummi:mlrunner-arm,cpu-static
614,mlrunner-structure-034178392-mdll6,Pod,,created,1,633731392008.dkr.ecr.us-east-1.amazonaws.com/mini-mummi:mlrunner-arm,cpu-static
615,mlrunner-structure-034178392-mdll6,Pod,,started-timestamp,1741990110.0,633731392008.dkr.ecr.us-east-1.amazonaws.com/mini-mummi:mlrunner-arm,cpu-static
616,mlrunner-structure-034178392-mdll6,Pod,,started,0,633731392008.dkr.ecr.us-east-1.amazonaws.com/mini-mummi:mlrunner-arm,cpu-static
617,mlrunner-structure-034178392-mdll6,Pod,,pulled,235.582083383,633731392008.dkr.ecr.us-east-1.amazonaws.com/mini-mummi:mlrunner-arm,cpu-static
618,createsim-structure-065937100,Job,createsim,successfulcreate-timestamp,1741990216.0,,cpu-static
619,createsim-structure-065937100,Job,createsim,completed-timestamp,1741990759.0,,cpu-static
620,createsim-structure-065937100,Job,createsim,running,543,,cpu-static
621,createsim-structure-065937100-9vnhc,Pod,createsim,pulled-timestamp,1741990270.0,633731392008.dkr.ecr.us-east-1.amazonaws.com/mini-mummi:createsims-arm,cpu-static
622,createsim-structure-065937100-9vnhc,Pod,createsim,pulling-timestamp,1741990217.0,633731392008.dkr.ecr.us-east-1.amazonaws.com/mini-mummi:createsims-arm,cpu-static
623,createsim-structure-065937100-9vnhc,Pod,createsim,scheduled-timestamp,1741990216.0,633731392008.dkr.ecr.us-east-1.amazonaws.com/mini-mummi:createsims-arm,cpu-static
624,createsim-structure-065937100-9vnhc,Pod,createsim,created-timestamp,1741990270.0,633731392008.dkr.ecr.us-east-1.amazonaws.com/mini-mummi:createsims-arm,cpu-static
625,createsim-structure-065937100-9vnhc,Pod,createsim,created,0,633731392008.dkr.ecr.us-east-1.amazonaws.com/mini-mummi:createsims-arm,cpu-static
626,createsim-structure-065937100-9vnhc,Pod,createsim,started-timestamp,1741990270.0,633731392008.dkr.ecr.us-east-1.amazonaws.com/mini-mummi:createsims-arm,cpu-static
627,createsim-structure-065937100-9vnhc,Pod,createsim,started,0,633731392008.dkr.ecr.us-east-1.amazonaws.com/mini-mummi:createsims-arm,cpu-static
628,createsim-structure-065937100-9vnhc,Pod,createsim,pulled,53.353595642,633731392008.dkr.ecr.us-east-1.amazonaws.com/mini-mummi:createsims-arm,cpu-static
629,createsim-structure-084643342,Job,createsim,successfulcreate-timestamp,1741990216.0,,cpu-static
630,createsim-structure-084643342,Job,createsim,completed-timestamp,1741990759.0,,cpu-static
631,createsim-structure-084643342,Job,createsim,running,543,,cpu-static
632,createsim-structure-084643342-xr5sd,Pod,createsim,pulled-timestamp,1741990270.0,633731392008.dkr.ecr.us-east-1.amazonaws.com/mini-mummi:createsims-arm,cpu-static
633,createsim-structure-084643342-xr5sd,Pod,createsim,pulling-timestamp,1741990217.0,633731392008.dkr.ecr.us-east-1.amazonaws.com/mini-mummi:createsims-arm,cpu-static
634,createsim-structure-084643342-xr5sd,Pod,createsim,scheduled-timestamp,1741990216.0,633731392008.dkr.ecr.us-east-1.amazonaws.com/mini-mummi:createsims-arm,cpu-static
635,createsim-structure-084643342-xr5sd,Pod,createsim,created-timestamp,1741990270.0,633731392008.dkr.ecr.us-east-1.amazonaws.com/mini-mummi:createsims-arm,cpu-static
636,createsim-structure-084643342-xr5sd,Pod,createsim,created,0,633731392008.dkr.ecr.us-east-1.amazonaws.com/mini-mummi:createsims-arm,cpu-static
637,createsim-structure-084643342-xr5sd,Pod,createsim,started-timestamp,1741990270.0,633731392008.dkr.ecr.us-east-1.amazonaws.com/mini-mummi:createsims-arm,cpu-static
638,createsim-structure-084643342-xr5sd,Pod,createsim,started,0,633731392008.dkr.ecr.us-east-1.amazonaws.com/mini-mummi:createsims-arm,cpu-static
639,createsim-structure-084643342-xr5sd,Pod,createsim,pulled,52.871853848,633731392008.dkr.ecr.us-east-1.amazonaws.com/mini-mummi:createsims-arm,cpu-static
640,createsim-structure-066464111,Job,createsim,successfulcreate-timestamp,1741990218.0,,cpu-static
641,createsim-structure-066464111,Job,createsim,completed-timestamp,1741990750.0,,cpu-static
642,createsim-structure-066464111,Job,createsim,running,532,,cpu-static
643,createsim-structure-066464111-xqskt,Pod,createsim,pulled-timestamp,1741990270.0,633731392008.dkr.ecr.us-east-1.amazonaws.com/mini-mummi:createsims-arm,cpu-static
644,createsim-structure-066464111-xqskt,Pod,createsim,pulling-timestamp,1741990219.0,633731392008.dkr.ecr.us-east-1.amazonaws.com/mini-mummi:createsims-arm,cpu-static
645,createsim-structure-066464111-xqskt,Pod,createsim,scheduled-timestamp,1741990218.0,633731392008.dkr.ecr.us-east-1.amazonaws.com/mini-mummi:createsims-arm,cpu-static
646,createsim-structure-066464111-xqskt,Pod,createsim,created-timestamp,1741990270.0,633731392008.dkr.ecr.us-east-1.amazonaws.com/mini-mummi:createsims-arm,cpu-static
647,createsim-structure-066464111-xqskt,Pod,createsim,created,0,633731392008.dkr.ecr.us-east-1.amazonaws.com/mini-mummi:createsims-arm,cpu-static
648,createsim-structure-066464111-xqskt,Pod,createsim,started-timestamp,1741990270.0,633731392008.dkr.ecr.us-east-1.amazonaws.com/mini-mummi:createsims-arm,cpu-static
649,createsim-structure-066464111-xqskt,Pod,createsim,started,0,633731392008.dkr.ecr.us-east-1.amazonaws.com/mini-mummi:createsims-arm,cpu-static
650,createsim-structure-066464111-xqskt,Pod,createsim,pulled,51.16530609,633731392008.dkr.ecr.us-east-1.amazonaws.com/mini-mummi:createsims-arm,cpu-static
651,createsim-structure-034178392,Job,createsim,successfulcreate-timestamp,1741990219.0,,cpu-static
652,createsim-structure-034178392,Job,createsim,completed-timestamp,1741990745.0,,cpu-static
653,createsim-structure-034178392,Job,createsim,running,526,,cpu-static
654,createsim-structure-034178392-x4j54,Pod,createsim,pulled-timestamp,1741990270.0,633731392008.dkr.ecr.us-east-1.amazonaws.com/mini-mummi:createsims-arm,cpu-static
655,createsim-structure-034178392-x4j54,Pod,createsim,pulling-timestamp,1741990219.0,633731392008.dkr.ecr.us-east-1.amazonaws.com/mini-mummi:createsims-arm,cpu-static
656,createsim-structure-034178392-x4j54,Pod,createsim,scheduled-timestamp,1741990219.0,633731392008.dkr.ecr.us-east-1.amazonaws.com/mini-mummi:createsims-arm,cpu-static
657,createsim-structure-034178392-x4j54,Pod,createsim,created-timestamp,1741990270.0,633731392008.dkr.ecr.us-east-1.amazonaws.com/mini-mummi:createsims-arm,cpu-static
658,createsim-structure-034178392-x4j54,Pod,createsim,created,0,633731392008.dkr.ecr.us-east-1.amazonaws.com/mini-mummi:createsims-arm,cpu-static
659,createsim-structure-034178392-x4j54,Pod,createsim,started-timestamp,1741990270.0,633731392008.dkr.ecr.us-east-1.amazonaws.com/mini-mummi:createsims-arm,cpu-static
660,createsim-structure-034178392-x4j54,Pod,createsim,started,0,633731392008.dkr.ecr.us-east-1.amazonaws.com/mini-mummi:createsims-arm,cpu-static
661,createsim-structure-034178392-x4j54,Pod,createsim,pulled,50.720860438,633731392008.dkr.ecr.us-east-1.amazonaws.com/mini-mummi:createsims-arm,cpu-static
662,createsim-structure-004710046,Job,createsim,successfulcreate-timestamp,1741990223.0,,cpu-static
663,createsim-structure-004710046,Job,createsim,completed-timestamp,1741990753.0,,cpu-static
664,createsim-structure-004710046,Job,createsim,running,530,,cpu-static
665,createsim-structure-004710046-9lplz,Pod,createsim,pulled-timestamp,1741990270.0,633731392008.dkr.ecr.us-east-1.amazonaws.com/mini-mummi:createsims-arm,cpu-static
666,createsim-structure-004710046-9lplz,Pod,createsim,pulling-timestamp,1741990224.0,633731392008.dkr.ecr.us-east-1.amazonaws.com/mini-mummi:createsims-arm,cpu-static
667,createsim-structure-004710046-9lplz,Pod,createsim,scheduled-timestamp,1741990223.0,633731392008.dkr.ecr.us-east-1.amazonaws.com/mini-mummi:createsims-arm,cpu-static
668,createsim-structure-004710046-9lplz,Pod,createsim,created-timestamp,1741990270.0,633731392008.dkr.ecr.us-east-1.amazonaws.com/mini-mummi:createsims-arm,cpu-static
669,createsim-structure-004710046-9lplz,Pod,createsim,created,0,633731392008.dkr.ecr.us-east-1.amazonaws.com/mini-mummi:createsims-arm,cpu-static
670,createsim-structure-004710046-9lplz,Pod,createsim,started-timestamp,1741990270.0,633731392008.dkr.ecr.us-east-1.amazonaws.com/mini-mummi:createsims-arm,cpu-static
671,createsim-structure-004710046-9lplz,Pod,createsim,started,0,633731392008.dkr.ecr.us-east-1.amazonaws.com/mini-mummi:createsims-arm,cpu-static
672,createsim-structure-004710046-9lplz,Pod,createsim,pulled,46.002602696,633731392008.dkr.ecr.us-east-1.amazonaws.com/mini-mummi:createsims-arm,cpu-static
673,createsim-structure-090442291,Job,createsim,successfulcreate-timestamp,1741990226.0,,cpu-static
674,createsim-structure-090442291,Job,createsim,completed-timestamp,1741990758.0,,cpu-static
675,createsim-structure-090442291,Job,createsim,running,532,,cpu-static
676,createsim-structure-090442291-ddj8v,Pod,createsim,pulled-timestamp,1741990271.0,633731392008.dkr.ecr.us-east-1.amazonaws.com/mini-mummi:createsims-arm,cpu-static
677,createsim-structure-090442291-ddj8v,Pod,createsim,pulling-timestamp,1741990226.0,633731392008.dkr.ecr.us-east-1.amazonaws.com/mini-mummi:createsims-arm,cpu-static
678,createsim-structure-090442291-ddj8v,Pod,createsim,scheduled-timestamp,1741990226.0,633731392008.dkr.ecr.us-east-1.amazonaws.com/mini-mummi:createsims-arm,cpu-static
679,createsim-structure-090442291-ddj8v,Pod,createsim,created-timestamp,1741990271.0,633731392008.dkr.ecr.us-east-1.amazonaws.com/mini-mummi:createsims-arm,cpu-static
680,createsim-structure-090442291-ddj8v,Pod,createsim,created,0,633731392008.dkr.ecr.us-east-1.amazonaws.com/mini-mummi:createsims-arm,cpu-static
681,createsim-structure-090442291-ddj8v,Pod,createsim,started-timestamp,1741990271.0,633731392008.dkr.ecr.us-east-1.amazonaws.com/mini-mummi:createsims-arm,cpu-static
682,createsim-structure-090442291-ddj8v,Pod,createsim,started,0,633731392008.dkr.ecr.us-east-1.amazonaws.com/mini-mummi:createsims-arm,cpu-static
683,createsim-structure-090442291-ddj8v,Pod,createsim,pulled,44.395139639,633731392008.dkr.ecr.us-east-1.amazonaws.com/mini-mummi:createsims-arm,cpu-static
684,cganalysis-structure-034178392,Job,cganalysis,successfulcreate-timestamp,1741990745.0,,cpu-static
685,cganalysis-structure-034178392,Job,cganalysis,completed-timestamp,1741992534.0,,cpu-static
686,cganalysis-structure-034178392,Job,cganalysis,running,1789,,cpu-static
687,cganalysis-structure-034178392-gh4bs,Pod,cganalysis,pulled-timestamp,1741990747.0,633731392008.dkr.ecr.us-east-1.amazonaws.com/mini-mummi:cganalysis-arm,cpu-static
688,cganalysis-structure-034178392-gh4bs,Pod,cganalysis,pulling-timestamp,1741990746.0,633731392008.dkr.ecr.us-east-1.amazonaws.com/mini-mummi:cganalysis-arm,cpu-static
689,cganalysis-structure-034178392-gh4bs,Pod,cganalysis,scheduled-timestamp,1741990745.0,633731392008.dkr.ecr.us-east-1.amazonaws.com/mini-mummi:cganalysis-arm,cpu-static
690,cganalysis-structure-034178392-gh4bs,Pod,cganalysis,created-timestamp,1741990747.0,633731392008.dkr.ecr.us-east-1.amazonaws.com/mini-mummi:cganalysis-arm,cpu-static
691,cganalysis-structure-034178392-gh4bs,Pod,cganalysis,created,0,633731392008.dkr.ecr.us-east-1.amazonaws.com/mini-mummi:cganalysis-arm,cpu-static
692,cganalysis-structure-034178392-gh4bs,Pod,cganalysis,started-timestamp,1741990747.0,633731392008.dkr.ecr.us-east-1.amazonaws.com/mini-mummi:cganalysis-arm,cpu-static
693,cganalysis-structure-034178392-gh4bs,Pod,cganalysis,started,0,633731392008.dkr.ecr.us-east-1.amazonaws.com/mini-mummi:cganalysis-arm,cpu-static
694,cganalysis-structure-034178392-gh4bs,Pod,cganalysis,pulled,1.194054773,633731392008.dkr.ecr.us-east-1.amazonaws.com/mini-mummi:cganalysis-arm,cpu-static
695,cganalysis-structure-066464111,Job,cganalysis,successfulcreate-timestamp,1741990750.0,,cpu-static
696,cganalysis-structure-066464111,Job,cganalysis,completed-timestamp,1741992539.0,,cpu-static
697,cganalysis-structure-066464111,Job,cganalysis,running,1789,,cpu-static
698,cganalysis-structure-066464111-dksg4,Pod,cganalysis,pulled-timestamp,1741990751.0,633731392008.dkr.ecr.us-east-1.amazonaws.com/mini-mummi:cganalysis-arm,cpu-static
699,cganalysis-structure-066464111-dksg4,Pod,cganalysis,pulling-timestamp,1741990750.0,633731392008.dkr.ecr.us-east-1.amazonaws.com/mini-mummi:cganalysis-arm,cpu-static
700,cganalysis-structure-066464111-dksg4,Pod,cganalysis,scheduled-timestamp,1741990750.0,633731392008.dkr.ecr.us-east-1.amazonaws.com/mini-mummi:cganalysis-arm,cpu-static
701,cganalysis-structure-066464111-dksg4,Pod,cganalysis,created-timestamp,1741990751.0,633731392008.dkr.ecr.us-east-1.amazonaws.com/mini-mummi:cganalysis-arm,cpu-static
702,cganalysis-structure-066464111-dksg4,Pod,cganalysis,created,0,633731392008.dkr.ecr.us-east-1.amazonaws.com/mini-mummi:cganalysis-arm,cpu-static
703,cganalysis-structure-066464111-dksg4,Pod,cganalysis,started-timestamp,1741990752.0,633731392008.dkr.ecr.us-east-1.amazonaws.com/mini-mummi:cganalysis-arm,cpu-static
704,cganalysis-structure-066464111-dksg4,Pod,cganalysis,started,1,633731392008.dkr.ecr.us-east-1.amazonaws.com/mini-mummi:cganalysis-arm,cpu-static
705,cganalysis-structure-066464111-dksg4,Pod,cganalysis,pulled,1.014552463,633731392008.dkr.ecr.us-east-1.amazonaws.com/mini-mummi:cganalysis-arm,cpu-static
706,cganalysis-structure-004710046,Job,cganalysis,successfulcreate-timestamp,1741990753.0,,cpu-static
707,cganalysis-structure-004710046,Job,cganalysis,completed-timestamp,1741992542.0,,cpu-static
708,cganalysis-structure-004710046,Job,cganalysis,running,1789,,cpu-static
709,cganalysis-structure-004710046-xq56f,Pod,cganalysis,pulled-timestamp,1741990755.0,633731392008.dkr.ecr.us-east-1.amazonaws.com/mini-mummi:cganalysis-arm,cpu-static
710,cganalysis-structure-004710046-xq56f,Pod,cganalysis,pulling-timestamp,1741990754.0,633731392008.dkr.ecr.us-east-1.amazonaws.com/mini-mummi:cganalysis-arm,cpu-static
711,cganalysis-structure-004710046-xq56f,Pod,cganalysis,scheduled-timestamp,1741990753.0,633731392008.dkr.ecr.us-east-1.amazonaws.com/mini-mummi:cganalysis-arm,cpu-static
712,cganalysis-structure-004710046-xq56f,Pod,cganalysis,created-timestamp,1741990755.0,633731392008.dkr.ecr.us-east-1.amazonaws.com/mini-mummi:cganalysis-arm,cpu-static
713,cganalysis-structure-004710046-xq56f,Pod,cganalysis,created,0,633731392008.dkr.ecr.us-east-1.amazonaws.com/mini-mummi:cganalysis-arm,cpu-static
714,cganalysis-structure-004710046-xq56f,Pod,cganalysis,started-timestamp,1741990755.0,633731392008.dkr.ecr.us-east-1.amazonaws.com/mini-mummi:cganalysis-arm,cpu-static
715,cganalysis-structure-004710046-xq56f,Pod,cganalysis,started,0,633731392008.dkr.ecr.us-east-1.amazonaws.com/mini-mummi:cganalysis-arm,cpu-static
716,cganalysis-structure-004710046-xq56f,Pod,cganalysis,pulled,0.999420433,633731392008.dkr.ecr.us-east-1.amazonaws.com/mini-mummi:cganalysis-arm,cpu-static
717,cganalysis-structure-090442291,Job,cganalysis,successfulcreate-timestamp,1741990758.0,,cpu-static
718,cganalysis-structure-090442291,Job,cganalysis,completed-timestamp,1741992548.0,,cpu-static
719,cganalysis-structure-090442291,Job,cganalysis,running,1790,,cpu-static
720,cganalysis-structure-090442291-fpbzp,Pod,cganalysis,pulled-timestamp,1741990760.0,633731392008.dkr.ecr.us-east-1.amazonaws.com/mini-mummi:cganalysis-arm,cpu-static
721,cganalysis-structure-090442291-fpbzp,Pod,cganalysis,pulling-timestamp,1741990759.0,633731392008.dkr.ecr.us-east-1.amazonaws.com/mini-mummi:cganalysis-arm,cpu-static
722,cganalysis-structure-090442291-fpbzp,Pod,cganalysis,scheduled-timestamp,1741990758.0,633731392008.dkr.ecr.us-east-1.amazonaws.com/mini-mummi:cganalysis-arm,cpu-static
723,cganalysis-structure-090442291-fpbzp,Pod,cganalysis,created-timestamp,1741990760.0,633731392008.dkr.ecr.us-east-1.amazonaws.com/mini-mummi:cganalysis-arm,cpu-static
724,cganalysis-structure-090442291-fpbzp,Pod,cganalysis,created,0,633731392008.dkr.ecr.us-east-1.amazonaws.com/mini-mummi:cganalysis-arm,cpu-static
725,cganalysis-structure-090442291-fpbzp,Pod,cganalysis,started-timestamp,1741990760.0,633731392008.dkr.ecr.us-east-1.amazonaws.com/mini-mummi:cganalysis-arm,cpu-static
726,cganalysis-structure-090442291-fpbzp,Pod,cganalysis,started,0,633731392008.dkr.ecr.us-east-1.amazonaws.com/mini-mummi:cganalysis-arm,cpu-static
727,cganalysis-structure-090442291-fpbzp,Pod,cganalysis,pulled,1.130255096,633731392008.dkr.ecr.us-east-1.amazonaws.com/mini-mummi:cganalysis-arm,cpu-static
728,cganalysis-structure-084643342,Job,cganalysis,successfulcreate-timestamp,1741990759.0,,cpu-static
729,cganalysis-structure-084643342,Job,cganalysis,completed-timestamp,1741992548.0,,cpu-static
730,cganalysis-structure-084643342,Job,cganalysis,running,1789,,cpu-static
731,cganalysis-structure-084643342-7fxdv,Pod,cganalysis,pulled-timestamp,1741990760.0,633731392008.dkr.ecr.us-east-1.amazonaws.com/mini-mummi:cganalysis-arm,cpu-static
732,cganalysis-structure-084643342-7fxdv,Pod,cganalysis,pulling-timestamp,1741990759.0,633731392008.dkr.ecr.us-east-1.amazonaws.com/mini-mummi:cganalysis-arm,cpu-static
733,cganalysis-structure-084643342-7fxdv,Pod,cganalysis,scheduled-timestamp,1741990759.0,633731392008.dkr.ecr.us-east-1.amazonaws.com/mini-mummi:cganalysis-arm,cpu-static
734,cganalysis-structure-084643342-7fxdv,Pod,cganalysis,created-timestamp,1741990760.0,633731392008.dkr.ecr.us-east-1.amazonaws.com/mini-mummi:cganalysis-arm,cpu-static
735,cganalysis-structure-084643342-7fxdv,Pod,cganalysis,created,0,633731392008.dkr.ecr.us-east-1.amazonaws.com/mini-mummi:cganalysis-arm,cpu-static
736,cganalysis-structure-084643342-7fxdv,Pod,cganalysis,started-timestamp,1741990760.0,633731392008.dkr.ecr.us-east-1.amazonaws.com/mini-mummi:cganalysis-arm,cpu-static
737,cganalysis-structure-084643342-7fxdv,Pod,cganalysis,started,0,633731392008.dkr.ecr.us-east-1.amazonaws.com/mini-mummi:cganalysis-arm,cpu-static
738,cganalysis-structure-084643342-7fxdv,Pod,cganalysis,pulled,1.053662666,633731392008.dkr.ecr.us-east-1.amazonaws.com/mini-mummi:cganalysis-arm,cpu-static
739,cganalysis-structure-065937100,Job,cganalysis,successfulcreate-timestamp,1741990759.0,,cpu-static
740,cganalysis-structure-065937100,Job,cganalysis,completed-timestamp,1741992548.0,,cpu-static
741,cganalysis-structure-065937100,Job,cganalysis,running,1789,,cpu-static
742,cganalysis-structure-065937100-szb9q,Pod,cganalysis,pulled-timestamp,1741990761.0,633731392008.dkr.ecr.us-east-1.amazonaws.com/mini-mummi:cganalysis-arm,cpu-static
743,cganalysis-structure-065937100-szb9q,Pod,cganalysis,pulling-timestamp,1741990760.0,633731392008.dkr.ecr.us-east-1.amazonaws.com/mini-mummi:cganalysis-arm,cpu-static
744,cganalysis-structure-065937100-szb9q,Pod,cganalysis,scheduled-timestamp,1741990759.0,633731392008.dkr.ecr.us-east-1.amazonaws.com/mini-mummi:cganalysis-arm,cpu-static
745,cganalysis-structure-065937100-szb9q,Pod,cganalysis,created-timestamp,1741990761.0,633731392008.dkr.ecr.us-east-1.amazonaws.com/mini-mummi:cganalysis-arm,cpu-static
746,cganalysis-structure-065937100-szb9q,Pod,cganalysis,created,0,633731392008.dkr.ecr.us-east-1.amazonaws.com/mini-mummi:cganalysis-arm,cpu-static
747,cganalysis-structure-065937100-szb9q,Pod,cganalysis,started-timestamp,1741990761.0,633731392008.dkr.ecr.us-east-1.amazonaws.com/mini-mummi:cganalysis-arm,cpu-static
748,cganalysis-structure-065937100-szb9q,Pod,cganalysis,started,0,633731392008.dkr.ecr.us-east-1.amazonaws.com/mini-mummi:cganalysis-arm,cpu-static
749,cganalysis-structure-065937100-szb9q,Pod,cganalysis,pulled,0.9733277100000001,633731392008.dkr.ecr.us-east-1.amazonaws.com/mini-mummi:cganalysis-arm,cpu-static
750,mlrunner-structure-008411161,Job,mlrunner,successfulcreate-timestamp,1741992534.0,,cpu-static
751,mlrunner-structure-008411161,Job,mlrunner,completed-timestamp,1741992587.0,,cpu-static
752,mlrunner-structure-008411161,Job,mlrunner,running,53,,cpu-static
753,mlrunner-structure-008411161-znh5b,Pod,,pulled-timestamp,1741992535.0,633731392008.dkr.ecr.us-east-1.amazonaws.com/mini-mummi:mlrunner-arm,cpu-static
754,mlrunner-structure-008411161-znh5b,Pod,,pulling-timestamp,1741992535.0,633731392008.dkr.ecr.us-east-1.amazonaws.com/mini-mummi:mlrunner-arm,cpu-static
755,mlrunner-structure-008411161-znh5b,Pod,,scheduled-timestamp,1741992534.0,633731392008.dkr.ecr.us-east-1.amazonaws.com/mini-mummi:mlrunner-arm,cpu-static
756,mlrunner-structure-008411161-znh5b,Pod,,created-timestamp,1741992535.0,633731392008.dkr.ecr.us-east-1.amazonaws.com/mini-mummi:mlrunner-arm,cpu-static
757,mlrunner-structure-008411161-znh5b,Pod,,created,0,633731392008.dkr.ecr.us-east-1.amazonaws.com/mini-mummi:mlrunner-arm,cpu-static
758,mlrunner-structure-008411161-znh5b,Pod,,started-timestamp,1741992535.0,633731392008.dkr.ecr.us-east-1.amazonaws.com/mini-mummi:mlrunner-arm,cpu-static
759,mlrunner-structure-008411161-znh5b,Pod,,started,0,633731392008.dkr.ecr.us-east-1.amazonaws.com/mini-mummi:mlrunner-arm,cpu-static
760,mlrunner-structure-008411161-znh5b,Pod,,pulled,0.171035578,633731392008.dkr.ecr.us-east-1.amazonaws.com/mini-mummi:mlrunner-arm,cpu-static
761,mlrunner-structure-026270096,Job,mlrunner,successfulcreate-timestamp,1741992540.0,,cpu-static
762,mlrunner-structure-026270096,Job,mlrunner,completed-timestamp,1741992591.0,,cpu-static
763,mlrunner-structure-026270096,Job,mlrunner,running,51,,cpu-static
764,mlrunner-structure-026270096-rw5q7,Pod,,pulled-timestamp,1741992540.0,633731392008.dkr.ecr.us-east-1.amazonaws.com/mini-mummi:mlrunner-arm,cpu-static
765,mlrunner-structure-026270096-rw5q7,Pod,,pulling-timestamp,1741992540.0,633731392008.dkr.ecr.us-east-1.amazonaws.com/mini-mummi:mlrunner-arm,cpu-static
766,mlrunner-structure-026270096-rw5q7,Pod,,scheduled-timestamp,1741992540.0,633731392008.dkr.ecr.us-east-1.amazonaws.com/mini-mummi:mlrunner-arm,cpu-static
767,mlrunner-structure-026270096-rw5q7,Pod,,created-timestamp,1741992540.0,633731392008.dkr.ecr.us-east-1.amazonaws.com/mini-mummi:mlrunner-arm,cpu-static
768,mlrunner-structure-026270096-rw5q7,Pod,,created,0,633731392008.dkr.ecr.us-east-1.amazonaws.com/mini-mummi:mlrunner-arm,cpu-static
769,mlrunner-structure-026270096-rw5q7,Pod,,started-timestamp,1741992540.0,633731392008.dkr.ecr.us-east-1.amazonaws.com/mini-mummi:mlrunner-arm,cpu-static
770,mlrunner-structure-026270096-rw5q7,Pod,,started,0,633731392008.dkr.ecr.us-east-1.amazonaws.com/mini-mummi:mlrunner-arm,cpu-static
771,mlrunner-structure-026270096-rw5q7,Pod,,pulled,0.23726555,633731392008.dkr.ecr.us-east-1.amazonaws.com/mini-mummi:mlrunner-arm,cpu-static
772,mlrunner-structure-018739629,Job,mlrunner,successfulcreate-timestamp,1741992542.0,,cpu-static
773,mlrunner-structure-018739629,Job,mlrunner,completed-timestamp,1741992598.0,,cpu-static
774,mlrunner-structure-018739629,Job,mlrunner,running,56,,cpu-static
775,mlrunner-structure-018739629-mt8qx,Pod,,pulled-timestamp,1741992542.0,633731392008.dkr.ecr.us-east-1.amazonaws.com/mini-mummi:mlrunner-arm,cpu-static
776,mlrunner-structure-018739629-mt8qx,Pod,,pulling-timestamp,1741992542.0,633731392008.dkr.ecr.us-east-1.amazonaws.com/mini-mummi:mlrunner-arm,cpu-static
777,mlrunner-structure-018739629-mt8qx,Pod,,scheduled-timestamp,1741992542.0,633731392008.dkr.ecr.us-east-1.amazonaws.com/mini-mummi:mlrunner-arm,cpu-static
778,mlrunner-structure-018739629-mt8qx,Pod,,created-timestamp,1741992543.0,633731392008.dkr.ecr.us-east-1.amazonaws.com/mini-mummi:mlrunner-arm,cpu-static
779,mlrunner-structure-018739629-mt8qx,Pod,,created,1,633731392008.dkr.ecr.us-east-1.amazonaws.com/mini-mummi:mlrunner-arm,cpu-static
780,mlrunner-structure-018739629-mt8qx,Pod,,started-timestamp,1741992543.0,633731392008.dkr.ecr.us-east-1.amazonaws.com/mini-mummi:mlrunner-arm,cpu-static
781,mlrunner-structure-018739629-mt8qx,Pod,,started,0,633731392008.dkr.ecr.us-east-1.amazonaws.com/mini-mummi:mlrunner-arm,cpu-static
782,mlrunner-structure-018739629-mt8qx,Pod,,pulled,0.14432629900000002,633731392008.dkr.ecr.us-east-1.amazonaws.com/mini-mummi:mlrunner-arm,cpu-static
783,mlrunner-structure-050566811,Job,mlrunner,successfulcreate-timestamp,1741992548.0,,cpu-static
784,mlrunner-structure-050566811,Job,mlrunner,completed-timestamp,1741992603.0,,cpu-static
785,mlrunner-structure-050566811,Job,mlrunner,running,55,,cpu-static
786,mlrunner-structure-050566811-xvr4h,Pod,,pulled-timestamp,1741992549.0,633731392008.dkr.ecr.us-east-1.amazonaws.com/mini-mummi:mlrunner-arm,cpu-static
787,mlrunner-structure-050566811-xvr4h,Pod,,pulling-timestamp,1741992548.0,633731392008.dkr.ecr.us-east-1.amazonaws.com/mini-mummi:mlrunner-arm,cpu-static
788,mlrunner-structure-050566811-xvr4h,Pod,,scheduled-timestamp,1741992548.0,633731392008.dkr.ecr.us-east-1.amazonaws.com/mini-mummi:mlrunner-arm,cpu-static
789,mlrunner-structure-050566811-xvr4h,Pod,,created-timestamp,1741992549.0,633731392008.dkr.ecr.us-east-1.amazonaws.com/mini-mummi:mlrunner-arm,cpu-static
790,mlrunner-structure-050566811-xvr4h,Pod,,created,0,633731392008.dkr.ecr.us-east-1.amazonaws.com/mini-mummi:mlrunner-arm,cpu-static
791,mlrunner-structure-050566811-xvr4h,Pod,,started-timestamp,1741992549.0,633731392008.dkr.ecr.us-east-1.amazonaws.com/mini-mummi:mlrunner-arm,cpu-static
792,mlrunner-structure-050566811-xvr4h,Pod,,started,0,633731392008.dkr.ecr.us-east-1.amazonaws.com/mini-mummi:mlrunner-arm,cpu-static
793,mlrunner-structure-050566811-xvr4h,Pod,,pulled,0.143508836,633731392008.dkr.ecr.us-east-1.amazonaws.com/mini-mummi:mlrunner-arm,cpu-static
794,createsim-structure-008411161,Job,createsim,successfulcreate-timestamp,1741992587.0,,cpu-static
795,createsim-structure-008411161,Job,createsim,completed-timestamp,1741993065.0,,cpu-static
796,createsim-structure-008411161,Job,createsim,running,478,,cpu-static
797,createsim-structure-026270096,Job,createsim,successfulcreate-timestamp,1741992592.0,,cpu-static
798,createsim-structure-026270096,Job,createsim,completed-timestamp,1741993073.0,,cpu-static
799,createsim-structure-026270096,Job,createsim,running,481,,cpu-static
800,createsim-structure-018739629,Job,createsim,successfulcreate-timestamp,1741992598.0,,cpu-static
801,createsim-structure-018739629,Job,createsim,completed-timestamp,1741993080.0,,cpu-static
802,createsim-structure-018739629,Job,createsim,running,482,,cpu-static
803,createsim-structure-050566811,Job,createsim,successfulcreate-timestamp,1741992603.0,,cpu-static
804,createsim-structure-050566811,Job,createsim,completed-timestamp,1741993077.0,,cpu-static
805,createsim-structure-050566811,Job,createsim,running,474,,cpu-static
806,cganalysis-structure-008411161,Job,cganalysis,successfulcreate-timestamp,1741993065.0,,cpu-static
807,cganalysis-structure-008411161,Job,cganalysis,completed-timestamp,1741994852.0,,cpu-static
808,cganalysis-structure-008411161,Job,cganalysis,running,1787,,cpu-static
809,cganalysis-structure-008411161-vgxzm,Pod,cganalysis,pulled-timestamp,1741993065.0,633731392008.dkr.ecr.us-east-1.amazonaws.com/mini-mummi:cganalysis-arm,cpu-static
810,cganalysis-structure-008411161-vgxzm,Pod,cganalysis,pulling-timestamp,1741993065.0,633731392008.dkr.ecr.us-east-1.amazonaws.com/mini-mummi:cganalysis-arm,cpu-static
811,cganalysis-structure-008411161-vgxzm,Pod,cganalysis,scheduled-timestamp,1741993065.0,633731392008.dkr.ecr.us-east-1.amazonaws.com/mini-mummi:cganalysis-arm,cpu-static
812,cganalysis-structure-008411161-vgxzm,Pod,cganalysis,created-timestamp,1741993065.0,633731392008.dkr.ecr.us-east-1.amazonaws.com/mini-mummi:cganalysis-arm,cpu-static
813,cganalysis-structure-008411161-vgxzm,Pod,cganalysis,created,0,633731392008.dkr.ecr.us-east-1.amazonaws.com/mini-mummi:cganalysis-arm,cpu-static
814,cganalysis-structure-008411161-vgxzm,Pod,cganalysis,started-timestamp,1741993065.0,633731392008.dkr.ecr.us-east-1.amazonaws.com/mini-mummi:cganalysis-arm,cpu-static
815,cganalysis-structure-008411161-vgxzm,Pod,cganalysis,started,0,633731392008.dkr.ecr.us-east-1.amazonaws.com/mini-mummi:cganalysis-arm,cpu-static
816,cganalysis-structure-008411161-vgxzm,Pod,cganalysis,pulled,0.168780966,633731392008.dkr.ecr.us-east-1.amazonaws.com/mini-mummi:cganalysis-arm,cpu-static
817,cganalysis-structure-026270096,Job,cganalysis,successfulcreate-timestamp,1741993073.0,,cpu-static
818,cganalysis-structure-026270096,Job,cganalysis,completed-timestamp,1741994861.0,,cpu-static
819,cganalysis-structure-026270096,Job,cganalysis,running,1788,,cpu-static
820,cganalysis-structure-026270096-bs46f,Pod,cganalysis,pulled-timestamp,1741993074.0,633731392008.dkr.ecr.us-east-1.amazonaws.com/mini-mummi:cganalysis-arm,cpu-static
821,cganalysis-structure-026270096-bs46f,Pod,cganalysis,pulling-timestamp,1741993074.0,633731392008.dkr.ecr.us-east-1.amazonaws.com/mini-mummi:cganalysis-arm,cpu-static
822,cganalysis-structure-026270096-bs46f,Pod,cganalysis,scheduled-timestamp,1741993073.0,633731392008.dkr.ecr.us-east-1.amazonaws.com/mini-mummi:cganalysis-arm,cpu-static
823,cganalysis-structure-026270096-bs46f,Pod,cganalysis,created-timestamp,1741993074.0,633731392008.dkr.ecr.us-east-1.amazonaws.com/mini-mummi:cganalysis-arm,cpu-static
824,cganalysis-structure-026270096-bs46f,Pod,cganalysis,created,0,633731392008.dkr.ecr.us-east-1.amazonaws.com/mini-mummi:cganalysis-arm,cpu-static
825,cganalysis-structure-026270096-bs46f,Pod,cganalysis,started-timestamp,1741993074.0,633731392008.dkr.ecr.us-east-1.amazonaws.com/mini-mummi:cganalysis-arm,cpu-static
826,cganalysis-structure-026270096-bs46f,Pod,cganalysis,started,0,633731392008.dkr.ecr.us-east-1.amazonaws.com/mini-mummi:cganalysis-arm,cpu-static
827,cganalysis-structure-026270096-bs46f,Pod,cganalysis,pulled,0.142970869,633731392008.dkr.ecr.us-east-1.amazonaws.com/mini-mummi:cganalysis-arm,cpu-static
828,cganalysis-structure-050566811,Job,cganalysis,successfulcreate-timestamp,1741993077.0,,cpu-static
829,cganalysis-structure-050566811,Job,cganalysis,completed-timestamp,1741994865.0,,cpu-static
830,cganalysis-structure-050566811,Job,cganalysis,running,1788,,cpu-static
831,cganalysis-structure-050566811-62w85,Pod,cganalysis,pulled-timestamp,1741993077.0,633731392008.dkr.ecr.us-east-1.amazonaws.com/mini-mummi:cganalysis-arm,cpu-static
832,cganalysis-structure-050566811-62w85,Pod,cganalysis,pulling-timestamp,1741993077.0,633731392008.dkr.ecr.us-east-1.amazonaws.com/mini-mummi:cganalysis-arm,cpu-static
833,cganalysis-structure-050566811-62w85,Pod,cganalysis,scheduled-timestamp,1741993077.0,633731392008.dkr.ecr.us-east-1.amazonaws.com/mini-mummi:cganalysis-arm,cpu-static
834,cganalysis-structure-050566811-62w85,Pod,cganalysis,created-timestamp,1741993077.0,633731392008.dkr.ecr.us-east-1.amazonaws.com/mini-mummi:cganalysis-arm,cpu-static
835,cganalysis-structure-050566811-62w85,Pod,cganalysis,created,0,633731392008.dkr.ecr.us-east-1.amazonaws.com/mini-mummi:cganalysis-arm,cpu-static
836,cganalysis-structure-050566811-62w85,Pod,cganalysis,started-timestamp,1741993077.0,633731392008.dkr.ecr.us-east-1.amazonaws.com/mini-mummi:cganalysis-arm,cpu-static
837,cganalysis-structure-050566811-62w85,Pod,cganalysis,started,0,633731392008.dkr.ecr.us-east-1.amazonaws.com/mini-mummi:cganalysis-arm,cpu-static
838,cganalysis-structure-050566811-62w85,Pod,cganalysis,pulled,0.158976944,633731392008.dkr.ecr.us-east-1.amazonaws.com/mini-mummi:cganalysis-arm,cpu-static
839,cganalysis-structure-018739629,Job,cganalysis,successfulcreate-timestamp,1741993080.0,,cpu-static
840,cganalysis-structure-018739629,Job,cganalysis,completed-timestamp,1741994868.0,,cpu-static
841,cganalysis-structure-018739629,Job,cganalysis,running,1788,,cpu-static
842,cganalysis-structure-018739629-zgcw2,Pod,cganalysis,pulled-timestamp,1741993081.0,633731392008.dkr.ecr.us-east-1.amazonaws.com/mini-mummi:cganalysis-arm,cpu-static
843,cganalysis-structure-018739629-zgcw2,Pod,cganalysis,pulling-timestamp,1741993081.0,633731392008.dkr.ecr.us-east-1.amazonaws.com/mini-mummi:cganalysis-arm,cpu-static
844,cganalysis-structure-018739629-zgcw2,Pod,cganalysis,scheduled-timestamp,1741993080.0,633731392008.dkr.ecr.us-east-1.amazonaws.com/mini-mummi:cganalysis-arm,cpu-static
845,cganalysis-structure-018739629-zgcw2,Pod,cganalysis,created-timestamp,1741993081.0,633731392008.dkr.ecr.us-east-1.amazonaws.com/mini-mummi:cganalysis-arm,cpu-static
846,cganalysis-structure-018739629-zgcw2,Pod,cganalysis,created,0,633731392008.dkr.ecr.us-east-1.amazonaws.com/mini-mummi:cganalysis-arm,cpu-static
847,cganalysis-structure-018739629-zgcw2,Pod,cganalysis,started-timestamp,1741993081.0,633731392008.dkr.ecr.us-east-1.amazonaws.com/mini-mummi:cganalysis-arm,cpu-static
848,cganalysis-structure-018739629-zgcw2,Pod,cganalysis,started,0,633731392008.dkr.ecr.us-east-1.amazonaws.com/mini-mummi:cganalysis-arm,cpu-static
849,cganalysis-structure-018739629-zgcw2,Pod,cganalysis,pulled,0.154064307,633731392008.dkr.ecr.us-east-1.amazonaws.com/mini-mummi:cganalysis-arm,cpu-static
850,aws-node-2qlsd,Pod,,pulled-timestamp,1741999997.0,602401143452.dkr.ecr.us-east-1.amazonaws.com/amazon/aws-network-policy-agent:v1.1.5-eksbuild.1,cpu-static
851,aws-node-2qlsd,Pod,,pulling-timestamp,1741999995.0,602401143452.dkr.ecr.us-east-1.amazonaws.com/amazon/aws-network-policy-agent:v1.1.5-eksbuild.1,cpu-static
852,aws-node-2qlsd,Pod,,scheduled-timestamp,1741999978.0,602401143452.dkr.ecr.us-east-1.amazonaws.com/amazon/aws-network-policy-agent:v1.1.5-eksbuild.1,cpu-static
853,aws-node-2qlsd,Pod,,created-timestamp,1741999997.0,602401143452.dkr.ecr.us-east-1.amazonaws.com/amazon/aws-network-policy-agent:v1.1.5-eksbuild.1,cpu-static
854,aws-node-2qlsd,Pod,,created,0,602401143452.dkr.ecr.us-east-1.amazonaws.com/amazon/aws-network-policy-agent:v1.1.5-eksbuild.1,cpu-static
855,aws-node-2qlsd,Pod,,started-timestamp,1741999997.0,602401143452.dkr.ecr.us-east-1.amazonaws.com/amazon/aws-network-policy-agent:v1.1.5-eksbuild.1,cpu-static
856,aws-node-2qlsd,Pod,,started,0,602401143452.dkr.ecr.us-east-1.amazonaws.com/amazon/aws-network-policy-agent:v1.1.5-eksbuild.1,cpu-static
857,aws-node-2qlsd,Pod,,pulled,1.06409752,602401143452.dkr.ecr.us-east-1.amazonaws.com/amazon/aws-network-policy-agent:v1.1.5-eksbuild.1,cpu-static
858,aws-node-42t5w,Pod,,pulled-timestamp,1742000002.0,602401143452.dkr.ecr.us-east-1.amazonaws.com/amazon/aws-network-policy-agent:v1.1.5-eksbuild.1,cpu-static
859,aws-node-42t5w,Pod,,pulling-timestamp,1742000001.0,602401143452.dkr.ecr.us-east-1.amazonaws.com/amazon/aws-network-policy-agent:v1.1.5-eksbuild.1,cpu-static
860,aws-node-42t5w,Pod,,scheduled-timestamp,1741999989.0,602401143452.dkr.ecr.us-east-1.amazonaws.com/amazon/aws-network-policy-agent:v1.1.5-eksbuild.1,cpu-static
861,aws-node-42t5w,Pod,,created-timestamp,1742000002.0,602401143452.dkr.ecr.us-east-1.amazonaws.com/amazon/aws-network-policy-agent:v1.1.5-eksbuild.1,cpu-static
862,aws-node-42t5w,Pod,,created,0,602401143452.dkr.ecr.us-east-1.amazonaws.com/amazon/aws-network-policy-agent:v1.1.5-eksbuild.1,cpu-static
863,aws-node-42t5w,Pod,,started-timestamp,1742000002.0,602401143452.dkr.ecr.us-east-1.amazonaws.com/amazon/aws-network-policy-agent:v1.1.5-eksbuild.1,cpu-static
864,aws-node-42t5w,Pod,,started,0,602401143452.dkr.ecr.us-east-1.amazonaws.com/amazon/aws-network-policy-agent:v1.1.5-eksbuild.1,cpu-static
865,aws-node-42t5w,Pod,,pulled,0.945299986,602401143452.dkr.ecr.us-east-1.amazonaws.com/amazon/aws-network-policy-agent:v1.1.5-eksbuild.1,cpu-static
866,aws-node-77bfm,Pod,,pulled-timestamp,1741999952.0,602401143452.dkr.ecr.us-east-1.amazonaws.com/amazon/aws-network-policy-agent:v1.1.5-eksbuild.1,cpu-static
867,aws-node-77bfm,Pod,,pulling-timestamp,1741999951.0,602401143452.dkr.ecr.us-east-1.amazonaws.com/amazon/aws-network-policy-agent:v1.1.5-eksbuild.1,cpu-static
868,aws-node-77bfm,Pod,,scheduled-timestamp,1741999940.0,602401143452.dkr.ecr.us-east-1.amazonaws.com/amazon/aws-network-policy-agent:v1.1.5-eksbuild.1,cpu-static
869,aws-node-77bfm,Pod,,created-timestamp,1741999952.0,602401143452.dkr.ecr.us-east-1.amazonaws.com/amazon/aws-network-policy-agent:v1.1.5-eksbuild.1,cpu-static
870,aws-node-77bfm,Pod,,created,0,602401143452.dkr.ecr.us-east-1.amazonaws.com/amazon/aws-network-policy-agent:v1.1.5-eksbuild.1,cpu-static
871,aws-node-77bfm,Pod,,started-timestamp,1741999952.0,602401143452.dkr.ecr.us-east-1.amazonaws.com/amazon/aws-network-policy-agent:v1.1.5-eksbuild.1,cpu-static
872,aws-node-77bfm,Pod,,started,0,602401143452.dkr.ecr.us-east-1.amazonaws.com/amazon/aws-network-policy-agent:v1.1.5-eksbuild.1,cpu-static
873,aws-node-77bfm,Pod,,pulled,1.014941717,602401143452.dkr.ecr.us-east-1.amazonaws.com/amazon/aws-network-policy-agent:v1.1.5-eksbuild.1,cpu-static
874,aws-node-bm9cr,Pod,,pulled-timestamp,1741999973.0,602401143452.dkr.ecr.us-east-1.amazonaws.com/amazon/aws-network-policy-agent:v1.1.5-eksbuild.1,cpu-static
875,aws-node-bm9cr,Pod,,pulling-timestamp,1741999972.0,602401143452.dkr.ecr.us-east-1.amazonaws.com/amazon/aws-network-policy-agent:v1.1.5-eksbuild.1,cpu-static
876,aws-node-bm9cr,Pod,,scheduled-timestamp,1741999967.0,602401143452.dkr.ecr.us-east-1.amazonaws.com/amazon/aws-network-policy-agent:v1.1.5-eksbuild.1,cpu-static
877,aws-node-bm9cr,Pod,,created-timestamp,1741999973.0,602401143452.dkr.ecr.us-east-1.amazonaws.com/amazon/aws-network-policy-agent:v1.1.5-eksbuild.1,cpu-static
878,aws-node-bm9cr,Pod,,created,0,602401143452.dkr.ecr.us-east-1.amazonaws.com/amazon/aws-network-policy-agent:v1.1.5-eksbuild.1,cpu-static
879,aws-node-bm9cr,Pod,,started-timestamp,1741999973.0,602401143452.dkr.ecr.us-east-1.amazonaws.com/amazon/aws-network-policy-agent:v1.1.5-eksbuild.1,cpu-static
880,aws-node-bm9cr,Pod,,started,0,602401143452.dkr.ecr.us-east-1.amazonaws.com/amazon/aws-network-policy-agent:v1.1.5-eksbuild.1,cpu-static
881,aws-node-bm9cr,Pod,,pulled,1.014151568,602401143452.dkr.ecr.us-east-1.amazonaws.com/amazon/aws-network-policy-agent:v1.1.5-eksbuild.1,cpu-static
882,aws-node-gk5ht,Pod,,pulled-timestamp,1741999953.0,602401143452.dkr.ecr.us-east-1.amazonaws.com/amazon/aws-network-policy-agent:v1.1.5-eksbuild.1,cpu-static
883,aws-node-gk5ht,Pod,,pulling-timestamp,1741999952.0,602401143452.dkr.ecr.us-east-1.amazonaws.com/amazon/aws-network-policy-agent:v1.1.5-eksbuild.1,cpu-static
884,aws-node-gk5ht,Pod,,scheduled-timestamp,1741999941.0,602401143452.dkr.ecr.us-east-1.amazonaws.com/amazon/aws-network-policy-agent:v1.1.5-eksbuild.1,cpu-static
885,aws-node-gk5ht,Pod,,created-timestamp,1741999953.0,602401143452.dkr.ecr.us-east-1.amazonaws.com/amazon/aws-network-policy-agent:v1.1.5-eksbuild.1,cpu-static
886,aws-node-gk5ht,Pod,,created,0,602401143452.dkr.ecr.us-east-1.amazonaws.com/amazon/aws-network-policy-agent:v1.1.5-eksbuild.1,cpu-static
887,aws-node-gk5ht,Pod,,started-timestamp,1741999953.0,602401143452.dkr.ecr.us-east-1.amazonaws.com/amazon/aws-network-policy-agent:v1.1.5-eksbuild.1,cpu-static
888,aws-node-gk5ht,Pod,,started,0,602401143452.dkr.ecr.us-east-1.amazonaws.com/amazon/aws-network-policy-agent:v1.1.5-eksbuild.1,cpu-static
889,aws-node-gk5ht,Pod,,pulled,1.135547805,602401143452.dkr.ecr.us-east-1.amazonaws.com/amazon/aws-network-policy-agent:v1.1.5-eksbuild.1,cpu-static
890,aws-node-prrsv,Pod,,pulled-timestamp,1741999952.0,602401143452.dkr.ecr.us-east-1.amazonaws.com/amazon/aws-network-policy-agent:v1.1.5-eksbuild.1,cpu-static
891,aws-node-prrsv,Pod,,pulling-timestamp,1741999951.0,602401143452.dkr.ecr.us-east-1.amazonaws.com/amazon/aws-network-policy-agent:v1.1.5-eksbuild.1,cpu-static
892,aws-node-prrsv,Pod,,scheduled-timestamp,1741999940.0,602401143452.dkr.ecr.us-east-1.amazonaws.com/amazon/aws-network-policy-agent:v1.1.5-eksbuild.1,cpu-static
893,aws-node-prrsv,Pod,,created-timestamp,1741999952.0,602401143452.dkr.ecr.us-east-1.amazonaws.com/amazon/aws-network-policy-agent:v1.1.5-eksbuild.1,cpu-static
894,aws-node-prrsv,Pod,,created,0,602401143452.dkr.ecr.us-east-1.amazonaws.com/amazon/aws-network-policy-agent:v1.1.5-eksbuild.1,cpu-static
895,aws-node-prrsv,Pod,,started-timestamp,1741999952.0,602401143452.dkr.ecr.us-east-1.amazonaws.com/amazon/aws-network-policy-agent:v1.1.5-eksbuild.1,cpu-static
896,aws-node-prrsv,Pod,,started,0,602401143452.dkr.ecr.us-east-1.amazonaws.com/amazon/aws-network-policy-agent:v1.1.5-eksbuild.1,cpu-static
897,aws-node-prrsv,Pod,,pulled,1.032908604,602401143452.dkr.ecr.us-east-1.amazonaws.com/amazon/aws-network-policy-agent:v1.1.5-eksbuild.1,cpu-static
898,aws-node-t72wm,Pod,,pulled-timestamp,1741999948.0,602401143452.dkr.ecr.us-east-1.amazonaws.com/amazon/aws-network-policy-agent:v1.1.5-eksbuild.1,cpu-static
899,aws-node-t72wm,Pod,,pulling-timestamp,1741999947.0,602401143452.dkr.ecr.us-east-1.amazonaws.com/amazon/aws-network-policy-agent:v1.1.5-eksbuild.1,cpu-static
900,aws-node-t72wm,Pod,,scheduled-timestamp,1741999936.0,602401143452.dkr.ecr.us-east-1.amazonaws.com/amazon/aws-network-policy-agent:v1.1.5-eksbuild.1,cpu-static
901,aws-node-t72wm,Pod,,created-timestamp,1741999948.0,602401143452.dkr.ecr.us-east-1.amazonaws.com/amazon/aws-network-policy-agent:v1.1.5-eksbuild.1,cpu-static
902,aws-node-t72wm,Pod,,created,0,602401143452.dkr.ecr.us-east-1.amazonaws.com/amazon/aws-network-policy-agent:v1.1.5-eksbuild.1,cpu-static
903,aws-node-t72wm,Pod,,started-timestamp,1741999948.0,602401143452.dkr.ecr.us-east-1.amazonaws.com/amazon/aws-network-policy-agent:v1.1.5-eksbuild.1,cpu-static
904,aws-node-t72wm,Pod,,started,0,602401143452.dkr.ecr.us-east-1.amazonaws.com/amazon/aws-network-policy-agent:v1.1.5-eksbuild.1,cpu-static
905,aws-node-t72wm,Pod,,pulled,1.016661058,602401143452.dkr.ecr.us-east-1.amazonaws.com/amazon/aws-network-policy-agent:v1.1.5-eksbuild.1,cpu-static
906,coredns-d9b6d6c7d-94zl7,Pod,,pulled-timestamp,1741999952.0,602401143452.dkr.ecr.us-east-1.amazonaws.com/eks/coredns:v1.10.1-eksbuild.4,cpu-static
907,coredns-d9b6d6c7d-94zl7,Pod,,pulling-timestamp,1741999951.0,602401143452.dkr.ecr.us-east-1.amazonaws.com/eks/coredns:v1.10.1-eksbuild.4,cpu-static
908,coredns-d9b6d6c7d-94zl7,Pod,,scheduled-timestamp,1741999950.0,602401143452.dkr.ecr.us-east-1.amazonaws.com/eks/coredns:v1.10.1-eksbuild.4,cpu-static
909,coredns-d9b6d6c7d-94zl7,Pod,,created-timestamp,1741999952.0,602401143452.dkr.ecr.us-east-1.amazonaws.com/eks/coredns:v1.10.1-eksbuild.4,cpu-static
910,coredns-d9b6d6c7d-94zl7,Pod,,created,0,602401143452.dkr.ecr.us-east-1.amazonaws.com/eks/coredns:v1.10.1-eksbuild.4,cpu-static
911,coredns-d9b6d6c7d-94zl7,Pod,,started-timestamp,1741999952.0,602401143452.dkr.ecr.us-east-1.amazonaws.com/eks/coredns:v1.10.1-eksbuild.4,cpu-static
912,coredns-d9b6d6c7d-94zl7,Pod,,started,0,602401143452.dkr.ecr.us-east-1.amazonaws.com/eks/coredns:v1.10.1-eksbuild.4,cpu-static
913,coredns-d9b6d6c7d-94zl7,Pod,,pulled,1.054632975,602401143452.dkr.ecr.us-east-1.amazonaws.com/eks/coredns:v1.10.1-eksbuild.4,cpu-static
914,coredns-d9b6d6c7d-p78qg,Pod,,pulled-timestamp,1741999952.0,602401143452.dkr.ecr.us-east-1.amazonaws.com/eks/coredns:v1.10.1-eksbuild.4,cpu-static
915,coredns-d9b6d6c7d-p78qg,Pod,,pulling-timestamp,1741999951.0,602401143452.dkr.ecr.us-east-1.amazonaws.com/eks/coredns:v1.10.1-eksbuild.4,cpu-static
916,coredns-d9b6d6c7d-p78qg,Pod,,scheduled-timestamp,1741999950.0,602401143452.dkr.ecr.us-east-1.amazonaws.com/eks/coredns:v1.10.1-eksbuild.4,cpu-static
917,coredns-d9b6d6c7d-p78qg,Pod,,created-timestamp,1741999952.0,602401143452.dkr.ecr.us-east-1.amazonaws.com/eks/coredns:v1.10.1-eksbuild.4,cpu-static
918,coredns-d9b6d6c7d-p78qg,Pod,,created,0,602401143452.dkr.ecr.us-east-1.amazonaws.com/eks/coredns:v1.10.1-eksbuild.4,cpu-static
919,coredns-d9b6d6c7d-p78qg,Pod,,started-timestamp,1741999952.0,602401143452.dkr.ecr.us-east-1.amazonaws.com/eks/coredns:v1.10.1-eksbuild.4,cpu-static
920,coredns-d9b6d6c7d-p78qg,Pod,,started,0,602401143452.dkr.ecr.us-east-1.amazonaws.com/eks/coredns:v1.10.1-eksbuild.4,cpu-static
921,coredns-d9b6d6c7d-p78qg,Pod,,pulled,1.027698024,602401143452.dkr.ecr.us-east-1.amazonaws.com/eks/coredns:v1.10.1-eksbuild.4,cpu-static
922,metrics-server-7794986bdb-6x62t,Pod,,pulled-timestamp,1741999952.0,602401143452.dkr.ecr.us-east-1.amazonaws.com/eks/metrics-server:v0.7.2-eksbuild.2,cpu-static
923,metrics-server-7794986bdb-6x62t,Pod,,pulling-timestamp,1741999951.0,602401143452.dkr.ecr.us-east-1.amazonaws.com/eks/metrics-server:v0.7.2-eksbuild.2,cpu-static
924,metrics-server-7794986bdb-6x62t,Pod,,scheduled-timestamp,1741999950.0,602401143452.dkr.ecr.us-east-1.amazonaws.com/eks/metrics-server:v0.7.2-eksbuild.2,cpu-static
925,metrics-server-7794986bdb-6x62t,Pod,,created-timestamp,1741999952.0,602401143452.dkr.ecr.us-east-1.amazonaws.com/eks/metrics-server:v0.7.2-eksbuild.2,cpu-static
926,metrics-server-7794986bdb-6x62t,Pod,,created,0,602401143452.dkr.ecr.us-east-1.amazonaws.com/eks/metrics-server:v0.7.2-eksbuild.2,cpu-static
927,metrics-server-7794986bdb-6x62t,Pod,,started-timestamp,1741999952.0,602401143452.dkr.ecr.us-east-1.amazonaws.com/eks/metrics-server:v0.7.2-eksbuild.2,cpu-static
928,metrics-server-7794986bdb-6x62t,Pod,,started,0,602401143452.dkr.ecr.us-east-1.amazonaws.com/eks/metrics-server:v0.7.2-eksbuild.2,cpu-static
929,metrics-server-7794986bdb-6x62t,Pod,,pulled,1.304715466,602401143452.dkr.ecr.us-east-1.amazonaws.com/eks/metrics-server:v0.7.2-eksbuild.2,cpu-static
930,metrics-server-7794986bdb-bkzt9,Pod,,pulled-timestamp,1741999952.0,602401143452.dkr.ecr.us-east-1.amazonaws.com/eks/metrics-server:v0.7.2-eksbuild.2,cpu-static
931,metrics-server-7794986bdb-bkzt9,Pod,,pulling-timestamp,1741999951.0,602401143452.dkr.ecr.us-east-1.amazonaws.com/eks/metrics-server:v0.7.2-eksbuild.2,cpu-static
932,metrics-server-7794986bdb-bkzt9,Pod,,scheduled-timestamp,1741999950.0,602401143452.dkr.ecr.us-east-1.amazonaws.com/eks/metrics-server:v0.7.2-eksbuild.2,cpu-static
933,metrics-server-7794986bdb-bkzt9,Pod,,created-timestamp,1741999952.0,602401143452.dkr.ecr.us-east-1.amazonaws.com/eks/metrics-server:v0.7.2-eksbuild.2,cpu-static
934,metrics-server-7794986bdb-bkzt9,Pod,,created,0,602401143452.dkr.ecr.us-east-1.amazonaws.com/eks/metrics-server:v0.7.2-eksbuild.2,cpu-static
935,metrics-server-7794986bdb-bkzt9,Pod,,started-timestamp,1741999952.0,602401143452.dkr.ecr.us-east-1.amazonaws.com/eks/metrics-server:v0.7.2-eksbuild.2,cpu-static
936,metrics-server-7794986bdb-bkzt9,Pod,,started,0,602401143452.dkr.ecr.us-east-1.amazonaws.com/eks/metrics-server:v0.7.2-eksbuild.2,cpu-static
937,metrics-server-7794986bdb-bkzt9,Pod,,pulled,1.346212914,602401143452.dkr.ecr.us-east-1.amazonaws.com/eks/metrics-server:v0.7.2-eksbuild.2,cpu-static
938,event-exporter-c7548569-48k2t,Pod,,pulled-timestamp,1742000069.0,ghcr.io/resmoio/kubernetes-event-exporter:latest,cpu-static
939,event-exporter-c7548569-48k2t,Pod,,pulling-timestamp,1742000068.0,ghcr.io/resmoio/kubernetes-event-exporter:latest,cpu-static
940,event-exporter-c7548569-48k2t,Pod,,scheduled-timestamp,1742000067.0,ghcr.io/resmoio/kubernetes-event-exporter:latest,cpu-static
941,event-exporter-c7548569-48k2t,Pod,,created-timestamp,1742000069.0,ghcr.io/resmoio/kubernetes-event-exporter:latest,cpu-static
942,event-exporter-c7548569-48k2t,Pod,,created,0,ghcr.io/resmoio/kubernetes-event-exporter:latest,cpu-static
943,event-exporter-c7548569-48k2t,Pod,,started-timestamp,1742000069.0,ghcr.io/resmoio/kubernetes-event-exporter:latest,cpu-static
944,event-exporter-c7548569-48k2t,Pod,,started,0,ghcr.io/resmoio/kubernetes-event-exporter:latest,cpu-static
945,event-exporter-c7548569-48k2t,Pod,,pulled,0.965779613,ghcr.io/resmoio/kubernetes-event-exporter:latest,cpu-static
946,state-machine-operator-controller-manager-88f644755-7hpn4,Pod,,pulled-timestamp,1742000107.0,ghcr.io/converged-computing/state-machine-operator@sha256:4fbec679024f006562108190b7573ee9c62fdffdb77ecc8b3f81ae25461849b9,cpu-static
947,state-machine-operator-controller-manager-88f644755-7hpn4,Pod,,pulling-timestamp,1742000106.0,ghcr.io/converged-computing/state-machine-operator@sha256:4fbec679024f006562108190b7573ee9c62fdffdb77ecc8b3f81ae25461849b9,cpu-static
948,state-machine-operator-controller-manager-88f644755-7hpn4,Pod,,scheduled-timestamp,1742000106.0,ghcr.io/converged-computing/state-machine-operator@sha256:4fbec679024f006562108190b7573ee9c62fdffdb77ecc8b3f81ae25461849b9,cpu-static
949,state-machine-operator-controller-manager-88f644755-7hpn4,Pod,,created-timestamp,1742000107.0,ghcr.io/converged-computing/state-machine-operator@sha256:4fbec679024f006562108190b7573ee9c62fdffdb77ecc8b3f81ae25461849b9,cpu-static
950,state-machine-operator-controller-manager-88f644755-7hpn4,Pod,,created,0,ghcr.io/converged-computing/state-machine-operator@sha256:4fbec679024f006562108190b7573ee9c62fdffdb77ecc8b3f81ae25461849b9,cpu-static
951,state-machine-operator-controller-manager-88f644755-7hpn4,Pod,,started-timestamp,1742000107.0,ghcr.io/converged-computing/state-machine-operator@sha256:4fbec679024f006562108190b7573ee9c62fdffdb77ecc8b3f81ae25461849b9,cpu-static
952,state-machine-operator-controller-manager-88f644755-7hpn4,Pod,,started,0,ghcr.io/converged-computing/state-machine-operator@sha256:4fbec679024f006562108190b7573ee9c62fdffdb77ecc8b3f81ae25461849b9,cpu-static
953,state-machine-operator-controller-manager-88f644755-7hpn4,Pod,,pulled,1.09112133,ghcr.io/converged-computing/state-machine-operator@sha256:4fbec679024f006562108190b7573ee9c62fdffdb77ecc8b3f81ae25461849b9,cpu-static
954,mummi-manager-55b864fb8f-9qzxz,Pod,,pulled-timestamp,1742000131.0,ghcr.io/converged-computing/state-machine-operator:manager,cpu-static
955,mummi-manager-55b864fb8f-9qzxz,Pod,,pulling-timestamp,1742000124.0,ghcr.io/converged-computing/state-machine-operator:manager,cpu-static
956,mummi-manager-55b864fb8f-9qzxz,Pod,,scheduled-timestamp,1742000123.0,ghcr.io/converged-computing/state-machine-operator:manager,cpu-static
957,mummi-manager-55b864fb8f-9qzxz,Pod,,created-timestamp,1742000131.0,ghcr.io/converged-computing/state-machine-operator:manager,cpu-static
958,mummi-manager-55b864fb8f-9qzxz,Pod,,created,0,ghcr.io/converged-computing/state-machine-operator:manager,cpu-static
959,mummi-manager-55b864fb8f-9qzxz,Pod,,started-timestamp,1742000131.0,ghcr.io/converged-computing/state-machine-operator:manager,cpu-static
960,mummi-manager-55b864fb8f-9qzxz,Pod,,started,0,ghcr.io/converged-computing/state-machine-operator:manager,cpu-static
961,mummi-manager-55b864fb8f-9qzxz,Pod,,pulled,6.996660217,ghcr.io/converged-computing/state-machine-operator:manager,cpu-static
962,mlrunner-structure-029601618,Job,mlrunner,successfulcreate-timestamp,1742000131.0,,cpu-static
963,mlrunner-structure-029601618,Job,mlrunner,completed-timestamp,1742000469.0,,cpu-static
964,mlrunner-structure-029601618,Job,mlrunner,running,338,,cpu-static
965,mlrunner-structure-029601618-97mhx,Pod,,pulled-timestamp,1742000361.0,633731392008.dkr.ecr.us-east-1.amazonaws.com/mini-mummi:mlrunner-arm,cpu-static
966,mlrunner-structure-029601618-97mhx,Pod,,pulling-timestamp,1742000132.0,633731392008.dkr.ecr.us-east-1.amazonaws.com/mini-mummi:mlrunner-arm,cpu-static
967,mlrunner-structure-029601618-97mhx,Pod,,scheduled-timestamp,1742000131.0,633731392008.dkr.ecr.us-east-1.amazonaws.com/mini-mummi:mlrunner-arm,cpu-static
968,mlrunner-structure-029601618-97mhx,Pod,,created-timestamp,1742000362.0,633731392008.dkr.ecr.us-east-1.amazonaws.com/mini-mummi:mlrunner-arm,cpu-static
969,mlrunner-structure-029601618-97mhx,Pod,,created,1,633731392008.dkr.ecr.us-east-1.amazonaws.com/mini-mummi:mlrunner-arm,cpu-static
970,mlrunner-structure-029601618-97mhx,Pod,,started-timestamp,1742000362.0,633731392008.dkr.ecr.us-east-1.amazonaws.com/mini-mummi:mlrunner-arm,cpu-static
971,mlrunner-structure-029601618-97mhx,Pod,,started,0,633731392008.dkr.ecr.us-east-1.amazonaws.com/mini-mummi:mlrunner-arm,cpu-static
972,mlrunner-structure-029601618-97mhx,Pod,,pulled,229.641519596,633731392008.dkr.ecr.us-east-1.amazonaws.com/mini-mummi:mlrunner-arm,cpu-static
973,mlrunner-structure-067546927,Job,mlrunner,successfulcreate-timestamp,1742000131.0,,cpu-static
974,mlrunner-structure-067546927,Job,mlrunner,completed-timestamp,1742000468.0,,cpu-static
975,mlrunner-structure-067546927,Job,mlrunner,running,337,,cpu-static
976,mlrunner-structure-067546927-rvwxd,Pod,,pulled-timestamp,1742000355.0,633731392008.dkr.ecr.us-east-1.amazonaws.com/mini-mummi:mlrunner-arm,cpu-static
977,mlrunner-structure-067546927-rvwxd,Pod,,pulling-timestamp,1742000132.0,633731392008.dkr.ecr.us-east-1.amazonaws.com/mini-mummi:mlrunner-arm,cpu-static
978,mlrunner-structure-067546927-rvwxd,Pod,,scheduled-timestamp,1742000131.0,633731392008.dkr.ecr.us-east-1.amazonaws.com/mini-mummi:mlrunner-arm,cpu-static
979,mlrunner-structure-067546927-rvwxd,Pod,,created-timestamp,1742000356.0,633731392008.dkr.ecr.us-east-1.amazonaws.com/mini-mummi:mlrunner-arm,cpu-static
980,mlrunner-structure-067546927-rvwxd,Pod,,created,1,633731392008.dkr.ecr.us-east-1.amazonaws.com/mini-mummi:mlrunner-arm,cpu-static
981,mlrunner-structure-067546927-rvwxd,Pod,,started-timestamp,1742000356.0,633731392008.dkr.ecr.us-east-1.amazonaws.com/mini-mummi:mlrunner-arm,cpu-static
982,mlrunner-structure-067546927-rvwxd,Pod,,started,0,633731392008.dkr.ecr.us-east-1.amazonaws.com/mini-mummi:mlrunner-arm,cpu-static
983,mlrunner-structure-067546927-rvwxd,Pod,,pulled,223.621639539,633731392008.dkr.ecr.us-east-1.amazonaws.com/mini-mummi:mlrunner-arm,cpu-static
984,mlrunner-structure-000848916,Job,mlrunner,successfulcreate-timestamp,1742000131.0,,cpu-static
985,mlrunner-structure-000848916,Job,mlrunner,completed-timestamp,1742000458.0,,cpu-static
986,mlrunner-structure-000848916,Job,mlrunner,running,327,,cpu-static
987,mlrunner-structure-000848916-jx4rp,Pod,,pulled-timestamp,1742000349.0,633731392008.dkr.ecr.us-east-1.amazonaws.com/mini-mummi:mlrunner-arm,cpu-static
988,mlrunner-structure-000848916-jx4rp,Pod,,pulling-timestamp,1742000132.0,633731392008.dkr.ecr.us-east-1.amazonaws.com/mini-mummi:mlrunner-arm,cpu-static
989,mlrunner-structure-000848916-jx4rp,Pod,,scheduled-timestamp,1742000131.0,633731392008.dkr.ecr.us-east-1.amazonaws.com/mini-mummi:mlrunner-arm,cpu-static
990,mlrunner-structure-000848916-jx4rp,Pod,,created-timestamp,1742000349.0,633731392008.dkr.ecr.us-east-1.amazonaws.com/mini-mummi:mlrunner-arm,cpu-static
991,mlrunner-structure-000848916-jx4rp,Pod,,created,0,633731392008.dkr.ecr.us-east-1.amazonaws.com/mini-mummi:mlrunner-arm,cpu-static
992,mlrunner-structure-000848916-jx4rp,Pod,,started-timestamp,1742000350.0,633731392008.dkr.ecr.us-east-1.amazonaws.com/mini-mummi:mlrunner-arm,cpu-static
993,mlrunner-structure-000848916-jx4rp,Pod,,started,1,633731392008.dkr.ecr.us-east-1.amazonaws.com/mini-mummi:mlrunner-arm,cpu-static
994,mlrunner-structure-000848916-jx4rp,Pod,,pulled,217.46614762000002,633731392008.dkr.ecr.us-east-1.amazonaws.com/mini-mummi:mlrunner-arm,cpu-static
995,mlrunner-structure-089108463-cvk8v,Pod,,pulled-timestamp,1742000359.0,633731392008.dkr.ecr.us-east-1.amazonaws.com/mini-mummi:mlrunner-arm,cpu-static
996,mlrunner-structure-089108463-cvk8v,Pod,,pulling-timestamp,1742000132.0,633731392008.dkr.ecr.us-east-1.amazonaws.com/mini-mummi:mlrunner-arm,cpu-static
997,mlrunner-structure-089108463-cvk8v,Pod,,scheduled-timestamp,1742000131.0,633731392008.dkr.ecr.us-east-1.amazonaws.com/mini-mummi:mlrunner-arm,cpu-static
998,mlrunner-structure-089108463-cvk8v,Pod,,created-timestamp,1742000359.0,633731392008.dkr.ecr.us-east-1.amazonaws.com/mini-mummi:mlrunner-arm,cpu-static
999,mlrunner-structure-089108463-cvk8v,Pod,,created,0,633731392008.dkr.ecr.us-east-1.amazonaws.com/mini-mummi:mlrunner-arm,cpu-static
1000,mlrunner-structure-089108463-cvk8v,Pod,,started-timestamp,1742000359.0,633731392008.dkr.ecr.us-east-1.amazonaws.com/mini-mummi:mlrunner-arm,cpu-static
1001,mlrunner-structure-089108463-cvk8v,Pod,,started,0,633731392008.dkr.ecr.us-east-1.amazonaws.com/mini-mummi:mlrunner-arm,cpu-static
1002,mlrunner-structure-089108463-cvk8v,Pod,,pulled,226.706725694,633731392008.dkr.ecr.us-east-1.amazonaws.com/mini-mummi:mlrunner-arm,cpu-static
1003,mlrunner-structure-089108463,Job,mlrunner,successfulcreate-timestamp,1742000131.0,,cpu-static
1004,mlrunner-structure-089108463,Job,mlrunner,completed-timestamp,1742000472.0,,cpu-static
1005,mlrunner-structure-089108463,Job,mlrunner,running,341,,cpu-static
1006,mlrunner-structure-040359927,Job,mlrunner,successfulcreate-timestamp,1742000131.0,,cpu-static
1007,mlrunner-structure-040359927,Job,mlrunner,completed-timestamp,1742000460.0,,cpu-static
1008,mlrunner-structure-040359927,Job,mlrunner,running,329,,cpu-static
1009,mlrunner-structure-040359927-ld4df,Pod,,pulled-timestamp,1742000352.0,633731392008.dkr.ecr.us-east-1.amazonaws.com/mini-mummi:mlrunner-arm,cpu-static
1010,mlrunner-structure-040359927-ld4df,Pod,,pulling-timestamp,1742000132.0,633731392008.dkr.ecr.us-east-1.amazonaws.com/mini-mummi:mlrunner-arm,cpu-static
1011,mlrunner-structure-040359927-ld4df,Pod,,scheduled-timestamp,1742000131.0,633731392008.dkr.ecr.us-east-1.amazonaws.com/mini-mummi:mlrunner-arm,cpu-static
1012,mlrunner-structure-040359927-ld4df,Pod,,created-timestamp,1742000353.0,633731392008.dkr.ecr.us-east-1.amazonaws.com/mini-mummi:mlrunner-arm,cpu-static
1013,mlrunner-structure-040359927-ld4df,Pod,,created,1,633731392008.dkr.ecr.us-east-1.amazonaws.com/mini-mummi:mlrunner-arm,cpu-static
1014,mlrunner-structure-040359927-ld4df,Pod,,started-timestamp,1742000353.0,633731392008.dkr.ecr.us-east-1.amazonaws.com/mini-mummi:mlrunner-arm,cpu-static
1015,mlrunner-structure-040359927-ld4df,Pod,,started,0,633731392008.dkr.ecr.us-east-1.amazonaws.com/mini-mummi:mlrunner-arm,cpu-static
1016,mlrunner-structure-040359927-ld4df,Pod,,pulled,220.504221889,633731392008.dkr.ecr.us-east-1.amazonaws.com/mini-mummi:mlrunner-arm,cpu-static
1017,mlrunner-structure-041674294,Job,mlrunner,successfulcreate-timestamp,1742000132.0,,cpu-static
1018,mlrunner-structure-041674294,Job,mlrunner,completed-timestamp,1742000461.0,,cpu-static
1019,mlrunner-structure-041674294,Job,mlrunner,running,329,,cpu-static
1020,mlrunner-structure-041674294-s2hql,Pod,,pulled-timestamp,1742000354.0,633731392008.dkr.ecr.us-east-1.amazonaws.com/mini-mummi:mlrunner-arm,cpu-static
1021,mlrunner-structure-041674294-s2hql,Pod,,pulling-timestamp,1742000132.0,633731392008.dkr.ecr.us-east-1.amazonaws.com/mini-mummi:mlrunner-arm,cpu-static
1022,mlrunner-structure-041674294-s2hql,Pod,,scheduled-timestamp,1742000132.0,633731392008.dkr.ecr.us-east-1.amazonaws.com/mini-mummi:mlrunner-arm,cpu-static
1023,mlrunner-structure-041674294-s2hql,Pod,,created-timestamp,1742000354.0,633731392008.dkr.ecr.us-east-1.amazonaws.com/mini-mummi:mlrunner-arm,cpu-static
1024,mlrunner-structure-041674294-s2hql,Pod,,created,0,633731392008.dkr.ecr.us-east-1.amazonaws.com/mini-mummi:mlrunner-arm,cpu-static
1025,mlrunner-structure-041674294-s2hql,Pod,,started-timestamp,1742000355.0,633731392008.dkr.ecr.us-east-1.amazonaws.com/mini-mummi:mlrunner-arm,cpu-static
1026,mlrunner-structure-041674294-s2hql,Pod,,started,1,633731392008.dkr.ecr.us-east-1.amazonaws.com/mini-mummi:mlrunner-arm,cpu-static
1027,mlrunner-structure-041674294-s2hql,Pod,,pulled,222.03655755,633731392008.dkr.ecr.us-east-1.amazonaws.com/mini-mummi:mlrunner-arm,cpu-static
1028,createsim-structure-000848916,Job,createsim,successfulcreate-timestamp,1742000458.0,,cpu-static
1029,createsim-structure-000848916,Job,createsim,completed-timestamp,1742001020.0,,cpu-static
1030,createsim-structure-000848916,Job,createsim,running,562,,cpu-static
1031,createsim-structure-000848916-gzc6g,Pod,createsim,pulled-timestamp,1742000512.0,633731392008.dkr.ecr.us-east-1.amazonaws.com/mini-mummi:createsims-arm,cpu-static
1032,createsim-structure-000848916-gzc6g,Pod,createsim,pulling-timestamp,1742000459.0,633731392008.dkr.ecr.us-east-1.amazonaws.com/mini-mummi:createsims-arm,cpu-static
1033,createsim-structure-000848916-gzc6g,Pod,createsim,scheduled-timestamp,1742000458.0,633731392008.dkr.ecr.us-east-1.amazonaws.com/mini-mummi:createsims-arm,cpu-static
1034,createsim-structure-000848916-gzc6g,Pod,createsim,created-timestamp,1742000512.0,633731392008.dkr.ecr.us-east-1.amazonaws.com/mini-mummi:createsims-arm,cpu-static
1035,createsim-structure-000848916-gzc6g,Pod,createsim,created,0,633731392008.dkr.ecr.us-east-1.amazonaws.com/mini-mummi:createsims-arm,cpu-static
1036,createsim-structure-000848916-gzc6g,Pod,createsim,started-timestamp,1742000512.0,633731392008.dkr.ecr.us-east-1.amazonaws.com/mini-mummi:createsims-arm,cpu-static
1037,createsim-structure-000848916-gzc6g,Pod,createsim,started,0,633731392008.dkr.ecr.us-east-1.amazonaws.com/mini-mummi:createsims-arm,cpu-static
1038,createsim-structure-000848916-gzc6g,Pod,createsim,pulled,52.750528674,633731392008.dkr.ecr.us-east-1.amazonaws.com/mini-mummi:createsims-arm,cpu-static
1039,createsim-structure-040359927,Job,createsim,successfulcreate-timestamp,1742000460.0,,cpu-static
1040,createsim-structure-040359927,Job,createsim,completed-timestamp,1742000998.0,,cpu-static
1041,createsim-structure-040359927,Job,createsim,running,538,,cpu-static
1042,createsim-structure-040359927-46cjb,Pod,createsim,pulled-timestamp,1742000511.0,633731392008.dkr.ecr.us-east-1.amazonaws.com/mini-mummi:createsims-arm,cpu-static
1043,createsim-structure-040359927-46cjb,Pod,createsim,pulling-timestamp,1742000461.0,633731392008.dkr.ecr.us-east-1.amazonaws.com/mini-mummi:createsims-arm,cpu-static
1044,createsim-structure-040359927-46cjb,Pod,createsim,scheduled-timestamp,1742000460.0,633731392008.dkr.ecr.us-east-1.amazonaws.com/mini-mummi:createsims-arm,cpu-static
1045,createsim-structure-040359927-46cjb,Pod,createsim,created-timestamp,1742000512.0,633731392008.dkr.ecr.us-east-1.amazonaws.com/mini-mummi:createsims-arm,cpu-static
1046,createsim-structure-040359927-46cjb,Pod,createsim,created,1,633731392008.dkr.ecr.us-east-1.amazonaws.com/mini-mummi:createsims-arm,cpu-static
1047,createsim-structure-040359927-46cjb,Pod,createsim,started-timestamp,1742000512.0,633731392008.dkr.ecr.us-east-1.amazonaws.com/mini-mummi:createsims-arm,cpu-static
1048,createsim-structure-040359927-46cjb,Pod,createsim,started,0,633731392008.dkr.ecr.us-east-1.amazonaws.com/mini-mummi:createsims-arm,cpu-static
1049,createsim-structure-040359927-46cjb,Pod,createsim,pulled,50.747459224,633731392008.dkr.ecr.us-east-1.amazonaws.com/mini-mummi:createsims-arm,cpu-static
1050,createsim-structure-041674294,Job,createsim,successfulcreate-timestamp,1742000462.0,,cpu-static
1051,createsim-structure-041674294,Job,createsim,completed-timestamp,1742001000.0,,cpu-static
1052,createsim-structure-041674294,Job,createsim,running,538,,cpu-static
1053,createsim-structure-041674294-cn2pm,Pod,createsim,pulled-timestamp,1742000512.0,633731392008.dkr.ecr.us-east-1.amazonaws.com/mini-mummi:createsims-arm,cpu-static
1054,createsim-structure-041674294-cn2pm,Pod,createsim,pulling-timestamp,1742000462.0,633731392008.dkr.ecr.us-east-1.amazonaws.com/mini-mummi:createsims-arm,cpu-static
1055,createsim-structure-041674294-cn2pm,Pod,createsim,scheduled-timestamp,1742000462.0,633731392008.dkr.ecr.us-east-1.amazonaws.com/mini-mummi:createsims-arm,cpu-static
1056,createsim-structure-041674294-cn2pm,Pod,createsim,created-timestamp,1742000512.0,633731392008.dkr.ecr.us-east-1.amazonaws.com/mini-mummi:createsims-arm,cpu-static
1057,createsim-structure-041674294-cn2pm,Pod,createsim,created,0,633731392008.dkr.ecr.us-east-1.amazonaws.com/mini-mummi:createsims-arm,cpu-static
1058,createsim-structure-041674294-cn2pm,Pod,createsim,started-timestamp,1742000512.0,633731392008.dkr.ecr.us-east-1.amazonaws.com/mini-mummi:createsims-arm,cpu-static
1059,createsim-structure-041674294-cn2pm,Pod,createsim,started,0,633731392008.dkr.ecr.us-east-1.amazonaws.com/mini-mummi:createsims-arm,cpu-static
1060,createsim-structure-041674294-cn2pm,Pod,createsim,pulled,49.523031477,633731392008.dkr.ecr.us-east-1.amazonaws.com/mini-mummi:createsims-arm,cpu-static
1061,createsim-structure-067546927,Job,createsim,successfulcreate-timestamp,1742000468.0,,cpu-static
1062,createsim-structure-067546927,Job,createsim,completed-timestamp,1742000987.0,,cpu-static
1063,createsim-structure-067546927,Job,createsim,running,519,,cpu-static
1064,createsim-structure-067546927-gh9fj,Pod,createsim,pulled-timestamp,1742000512.0,633731392008.dkr.ecr.us-east-1.amazonaws.com/mini-mummi:createsims-arm,cpu-static
1065,createsim-structure-067546927-gh9fj,Pod,createsim,pulling-timestamp,1742000469.0,633731392008.dkr.ecr.us-east-1.amazonaws.com/mini-mummi:createsims-arm,cpu-static
1066,createsim-structure-067546927-gh9fj,Pod,createsim,scheduled-timestamp,1742000468.0,633731392008.dkr.ecr.us-east-1.amazonaws.com/mini-mummi:createsims-arm,cpu-static
1067,createsim-structure-067546927-gh9fj,Pod,createsim,created-timestamp,1742000512.0,633731392008.dkr.ecr.us-east-1.amazonaws.com/mini-mummi:createsims-arm,cpu-static
1068,createsim-structure-067546927-gh9fj,Pod,createsim,created,0,633731392008.dkr.ecr.us-east-1.amazonaws.com/mini-mummi:createsims-arm,cpu-static
1069,createsim-structure-067546927-gh9fj,Pod,createsim,started-timestamp,1742000512.0,633731392008.dkr.ecr.us-east-1.amazonaws.com/mini-mummi:createsims-arm,cpu-static
1070,createsim-structure-067546927-gh9fj,Pod,createsim,started,0,633731392008.dkr.ecr.us-east-1.amazonaws.com/mini-mummi:createsims-arm,cpu-static
1071,createsim-structure-067546927-gh9fj,Pod,createsim,pulled,42.671434845,633731392008.dkr.ecr.us-east-1.amazonaws.com/mini-mummi:createsims-arm,cpu-static
1072,createsim-structure-029601618,Job,createsim,successfulcreate-timestamp,1742000469.0,,cpu-static
1073,createsim-structure-029601618,Job,createsim,completed-timestamp,1742000984.0,,cpu-static
1074,createsim-structure-029601618,Job,createsim,running,515,,cpu-static
1075,createsim-structure-029601618-4gh46,Pod,createsim,pulled-timestamp,1742000512.0,633731392008.dkr.ecr.us-east-1.amazonaws.com/mini-mummi:createsims-arm,cpu-static
1076,createsim-structure-029601618-4gh46,Pod,createsim,pulling-timestamp,1742000470.0,633731392008.dkr.ecr.us-east-1.amazonaws.com/mini-mummi:createsims-arm,cpu-static
1077,createsim-structure-029601618-4gh46,Pod,createsim,scheduled-timestamp,1742000469.0,633731392008.dkr.ecr.us-east-1.amazonaws.com/mini-mummi:createsims-arm,cpu-static
1078,createsim-structure-029601618-4gh46,Pod,createsim,created-timestamp,1742000512.0,633731392008.dkr.ecr.us-east-1.amazonaws.com/mini-mummi:createsims-arm,cpu-static
1079,createsim-structure-029601618-4gh46,Pod,createsim,created,0,633731392008.dkr.ecr.us-east-1.amazonaws.com/mini-mummi:createsims-arm,cpu-static
1080,createsim-structure-029601618-4gh46,Pod,createsim,started-timestamp,1742000512.0,633731392008.dkr.ecr.us-east-1.amazonaws.com/mini-mummi:createsims-arm,cpu-static
1081,createsim-structure-029601618-4gh46,Pod,createsim,started,0,633731392008.dkr.ecr.us-east-1.amazonaws.com/mini-mummi:createsims-arm,cpu-static
1082,createsim-structure-029601618-4gh46,Pod,createsim,pulled,42.080965945,633731392008.dkr.ecr.us-east-1.amazonaws.com/mini-mummi:createsims-arm,cpu-static
1083,createsim-structure-089108463,Job,createsim,successfulcreate-timestamp,1742000472.0,,cpu-static
1084,createsim-structure-089108463,Job,createsim,completed-timestamp,1742001005.0,,cpu-static
1085,createsim-structure-089108463,Job,createsim,running,533,,cpu-static
1086,createsim-structure-089108463-qmg2p,Pod,createsim,pulled-timestamp,1742000515.0,633731392008.dkr.ecr.us-east-1.amazonaws.com/mini-mummi:createsims-arm,cpu-static
1087,createsim-structure-089108463-qmg2p,Pod,createsim,pulling-timestamp,1742000473.0,633731392008.dkr.ecr.us-east-1.amazonaws.com/mini-mummi:createsims-arm,cpu-static
1088,createsim-structure-089108463-qmg2p,Pod,createsim,scheduled-timestamp,1742000472.0,633731392008.dkr.ecr.us-east-1.amazonaws.com/mini-mummi:createsims-arm,cpu-static
1089,createsim-structure-089108463-qmg2p,Pod,createsim,created-timestamp,1742000515.0,633731392008.dkr.ecr.us-east-1.amazonaws.com/mini-mummi:createsims-arm,cpu-static
1090,createsim-structure-089108463-qmg2p,Pod,createsim,created,0,633731392008.dkr.ecr.us-east-1.amazonaws.com/mini-mummi:createsims-arm,cpu-static
1091,createsim-structure-089108463-qmg2p,Pod,createsim,started-timestamp,1742000515.0,633731392008.dkr.ecr.us-east-1.amazonaws.com/mini-mummi:createsims-arm,cpu-static
1092,createsim-structure-089108463-qmg2p,Pod,createsim,started,0,633731392008.dkr.ecr.us-east-1.amazonaws.com/mini-mummi:createsims-arm,cpu-static
1093,createsim-structure-089108463-qmg2p,Pod,createsim,pulled,42.053423229,633731392008.dkr.ecr.us-east-1.amazonaws.com/mini-mummi:createsims-arm,cpu-static
1094,cganalysis-structure-029601618,Job,cganalysis,successfulcreate-timestamp,1742000984.0,,cpu-static
1095,cganalysis-structure-029601618,Job,cganalysis,completed-timestamp,1742002774.0,,cpu-static
1096,cganalysis-structure-029601618,Job,cganalysis,running,1790,,cpu-static
1097,cganalysis-structure-029601618-q7qpj,Pod,cganalysis,pulled-timestamp,1742000986.0,633731392008.dkr.ecr.us-east-1.amazonaws.com/mini-mummi:cganalysis-arm,cpu-static
1098,cganalysis-structure-029601618-q7qpj,Pod,cganalysis,pulling-timestamp,1742000985.0,633731392008.dkr.ecr.us-east-1.amazonaws.com/mini-mummi:cganalysis-arm,cpu-static
1099,cganalysis-structure-029601618-q7qpj,Pod,cganalysis,scheduled-timestamp,1742000984.0,633731392008.dkr.ecr.us-east-1.amazonaws.com/mini-mummi:cganalysis-arm,cpu-static
1100,cganalysis-structure-029601618-q7qpj,Pod,cganalysis,created-timestamp,1742000986.0,633731392008.dkr.ecr.us-east-1.amazonaws.com/mini-mummi:cganalysis-arm,cpu-static
1101,cganalysis-structure-029601618-q7qpj,Pod,cganalysis,created,0,633731392008.dkr.ecr.us-east-1.amazonaws.com/mini-mummi:cganalysis-arm,cpu-static
1102,cganalysis-structure-029601618-q7qpj,Pod,cganalysis,started-timestamp,1742000986.0,633731392008.dkr.ecr.us-east-1.amazonaws.com/mini-mummi:cganalysis-arm,cpu-static
1103,cganalysis-structure-029601618-q7qpj,Pod,cganalysis,started,0,633731392008.dkr.ecr.us-east-1.amazonaws.com/mini-mummi:cganalysis-arm,cpu-static
1104,cganalysis-structure-029601618-q7qpj,Pod,cganalysis,pulled,1.339639286,633731392008.dkr.ecr.us-east-1.amazonaws.com/mini-mummi:cganalysis-arm,cpu-static
1105,cganalysis-structure-067546927,Job,cganalysis,successfulcreate-timestamp,1742000987.0,,cpu-static
1106,cganalysis-structure-067546927,Job,cganalysis,completed-timestamp,1742002776.0,,cpu-static
1107,cganalysis-structure-067546927,Job,cganalysis,running,1789,,cpu-static
1108,cganalysis-structure-067546927-v9nsg,Pod,cganalysis,pulled-timestamp,1742000988.0,633731392008.dkr.ecr.us-east-1.amazonaws.com/mini-mummi:cganalysis-arm,cpu-static
1109,cganalysis-structure-067546927-v9nsg,Pod,cganalysis,pulling-timestamp,1742000987.0,633731392008.dkr.ecr.us-east-1.amazonaws.com/mini-mummi:cganalysis-arm,cpu-static
1110,cganalysis-structure-067546927-v9nsg,Pod,cganalysis,scheduled-timestamp,1742000987.0,633731392008.dkr.ecr.us-east-1.amazonaws.com/mini-mummi:cganalysis-arm,cpu-static
1111,cganalysis-structure-067546927-v9nsg,Pod,cganalysis,created-timestamp,1742000988.0,633731392008.dkr.ecr.us-east-1.amazonaws.com/mini-mummi:cganalysis-arm,cpu-static
1112,cganalysis-structure-067546927-v9nsg,Pod,cganalysis,created,0,633731392008.dkr.ecr.us-east-1.amazonaws.com/mini-mummi:cganalysis-arm,cpu-static
1113,cganalysis-structure-067546927-v9nsg,Pod,cganalysis,started-timestamp,1742000988.0,633731392008.dkr.ecr.us-east-1.amazonaws.com/mini-mummi:cganalysis-arm,cpu-static
1114,cganalysis-structure-067546927-v9nsg,Pod,cganalysis,started,0,633731392008.dkr.ecr.us-east-1.amazonaws.com/mini-mummi:cganalysis-arm,cpu-static
1115,cganalysis-structure-067546927-v9nsg,Pod,cganalysis,pulled,1.008166167,633731392008.dkr.ecr.us-east-1.amazonaws.com/mini-mummi:cganalysis-arm,cpu-static
1116,cganalysis-structure-040359927,Job,cganalysis,successfulcreate-timestamp,1742000998.0,,cpu-static
1117,cganalysis-structure-040359927,Job,cganalysis,completed-timestamp,1742002787.0,,cpu-static
1118,cganalysis-structure-040359927,Job,cganalysis,running,1789,,cpu-static
1119,cganalysis-structure-040359927-h68fw,Pod,cganalysis,pulled-timestamp,1742001000.0,633731392008.dkr.ecr.us-east-1.amazonaws.com/mini-mummi:cganalysis-arm,cpu-static
1120,cganalysis-structure-040359927-h68fw,Pod,cganalysis,pulling-timestamp,1742000999.0,633731392008.dkr.ecr.us-east-1.amazonaws.com/mini-mummi:cganalysis-arm,cpu-static
1121,cganalysis-structure-040359927-h68fw,Pod,cganalysis,scheduled-timestamp,1742000998.0,633731392008.dkr.ecr.us-east-1.amazonaws.com/mini-mummi:cganalysis-arm,cpu-static
1122,cganalysis-structure-040359927-h68fw,Pod,cganalysis,created-timestamp,1742001000.0,633731392008.dkr.ecr.us-east-1.amazonaws.com/mini-mummi:cganalysis-arm,cpu-static
1123,cganalysis-structure-040359927-h68fw,Pod,cganalysis,created,0,633731392008.dkr.ecr.us-east-1.amazonaws.com/mini-mummi:cganalysis-arm,cpu-static
1124,cganalysis-structure-040359927-h68fw,Pod,cganalysis,started-timestamp,1742001000.0,633731392008.dkr.ecr.us-east-1.amazonaws.com/mini-mummi:cganalysis-arm,cpu-static
1125,cganalysis-structure-040359927-h68fw,Pod,cganalysis,started,0,633731392008.dkr.ecr.us-east-1.amazonaws.com/mini-mummi:cganalysis-arm,cpu-static
1126,cganalysis-structure-040359927-h68fw,Pod,cganalysis,pulled,1.005578952,633731392008.dkr.ecr.us-east-1.amazonaws.com/mini-mummi:cganalysis-arm,cpu-static
1127,cganalysis-structure-041674294,Job,cganalysis,successfulcreate-timestamp,1742001000.0,,cpu-static
1128,cganalysis-structure-041674294,Job,cganalysis,completed-timestamp,1742002789.0,,cpu-static
1129,cganalysis-structure-041674294,Job,cganalysis,running,1789,,cpu-static
1130,cganalysis-structure-041674294-b4wzk,Pod,cganalysis,pulled-timestamp,1742001002.0,633731392008.dkr.ecr.us-east-1.amazonaws.com/mini-mummi:cganalysis-arm,cpu-static
1131,cganalysis-structure-041674294-b4wzk,Pod,cganalysis,pulling-timestamp,1742001001.0,633731392008.dkr.ecr.us-east-1.amazonaws.com/mini-mummi:cganalysis-arm,cpu-static
1132,cganalysis-structure-041674294-b4wzk,Pod,cganalysis,scheduled-timestamp,1742001000.0,633731392008.dkr.ecr.us-east-1.amazonaws.com/mini-mummi:cganalysis-arm,cpu-static
1133,cganalysis-structure-041674294-b4wzk,Pod,cganalysis,created-timestamp,1742001002.0,633731392008.dkr.ecr.us-east-1.amazonaws.com/mini-mummi:cganalysis-arm,cpu-static
1134,cganalysis-structure-041674294-b4wzk,Pod,cganalysis,created,0,633731392008.dkr.ecr.us-east-1.amazonaws.com/mini-mummi:cganalysis-arm,cpu-static
1135,cganalysis-structure-041674294-b4wzk,Pod,cganalysis,started-timestamp,1742001002.0,633731392008.dkr.ecr.us-east-1.amazonaws.com/mini-mummi:cganalysis-arm,cpu-static
1136,cganalysis-structure-041674294-b4wzk,Pod,cganalysis,started,0,633731392008.dkr.ecr.us-east-1.amazonaws.com/mini-mummi:cganalysis-arm,cpu-static
1137,cganalysis-structure-041674294-b4wzk,Pod,cganalysis,pulled,1.075531441,633731392008.dkr.ecr.us-east-1.amazonaws.com/mini-mummi:cganalysis-arm,cpu-static
1138,cganalysis-structure-089108463,Job,cganalysis,successfulcreate-timestamp,1742001005.0,,cpu-static
1139,cganalysis-structure-089108463,Job,cganalysis,completed-timestamp,1742002794.0,,cpu-static
1140,cganalysis-structure-089108463,Job,cganalysis,running,1789,,cpu-static
1141,cganalysis-structure-089108463-tt8z2,Pod,cganalysis,pulled-timestamp,1742001007.0,633731392008.dkr.ecr.us-east-1.amazonaws.com/mini-mummi:cganalysis-arm,cpu-static
1142,cganalysis-structure-089108463-tt8z2,Pod,cganalysis,pulling-timestamp,1742001006.0,633731392008.dkr.ecr.us-east-1.amazonaws.com/mini-mummi:cganalysis-arm,cpu-static
1143,cganalysis-structure-089108463-tt8z2,Pod,cganalysis,scheduled-timestamp,1742001005.0,633731392008.dkr.ecr.us-east-1.amazonaws.com/mini-mummi:cganalysis-arm,cpu-static
1144,cganalysis-structure-089108463-tt8z2,Pod,cganalysis,created-timestamp,1742001007.0,633731392008.dkr.ecr.us-east-1.amazonaws.com/mini-mummi:cganalysis-arm,cpu-static
1145,cganalysis-structure-089108463-tt8z2,Pod,cganalysis,created,0,633731392008.dkr.ecr.us-east-1.amazonaws.com/mini-mummi:cganalysis-arm,cpu-static
1146,cganalysis-structure-089108463-tt8z2,Pod,cganalysis,started-timestamp,1742001007.0,633731392008.dkr.ecr.us-east-1.amazonaws.com/mini-mummi:cganalysis-arm,cpu-static
1147,cganalysis-structure-089108463-tt8z2,Pod,cganalysis,started,0,633731392008.dkr.ecr.us-east-1.amazonaws.com/mini-mummi:cganalysis-arm,cpu-static
1148,cganalysis-structure-089108463-tt8z2,Pod,cganalysis,pulled,1.132443686,633731392008.dkr.ecr.us-east-1.amazonaws.com/mini-mummi:cganalysis-arm,cpu-static
1149,cganalysis-structure-000848916-rklcn,Pod,cganalysis,pulled-timestamp,1742001022.0,633731392008.dkr.ecr.us-east-1.amazonaws.com/mini-mummi:cganalysis-arm,cpu-static
1150,cganalysis-structure-000848916-rklcn,Pod,cganalysis,pulling-timestamp,1742001021.0,633731392008.dkr.ecr.us-east-1.amazonaws.com/mini-mummi:cganalysis-arm,cpu-static
1151,cganalysis-structure-000848916-rklcn,Pod,cganalysis,scheduled-timestamp,1742001020.0,633731392008.dkr.ecr.us-east-1.amazonaws.com/mini-mummi:cganalysis-arm,cpu-static
1152,cganalysis-structure-000848916-rklcn,Pod,cganalysis,created-timestamp,1742001022.0,633731392008.dkr.ecr.us-east-1.amazonaws.com/mini-mummi:cganalysis-arm,cpu-static
1153,cganalysis-structure-000848916-rklcn,Pod,cganalysis,created,0,633731392008.dkr.ecr.us-east-1.amazonaws.com/mini-mummi:cganalysis-arm,cpu-static
1154,cganalysis-structure-000848916-rklcn,Pod,cganalysis,started-timestamp,1742001022.0,633731392008.dkr.ecr.us-east-1.amazonaws.com/mini-mummi:cganalysis-arm,cpu-static
1155,cganalysis-structure-000848916-rklcn,Pod,cganalysis,started,0,633731392008.dkr.ecr.us-east-1.amazonaws.com/mini-mummi:cganalysis-arm,cpu-static
1156,cganalysis-structure-000848916-rklcn,Pod,cganalysis,pulled,1.024058226,633731392008.dkr.ecr.us-east-1.amazonaws.com/mini-mummi:cganalysis-arm,cpu-static
1157,cganalysis-structure-000848916,Job,cganalysis,successfulcreate-timestamp,1742001020.0,,cpu-static
1158,cganalysis-structure-000848916,Job,cganalysis,completed-timestamp,1742002809.0,,cpu-static
1159,cganalysis-structure-000848916,Job,cganalysis,running,1789,,cpu-static
1160,mlrunner-structure-030641144,Job,mlrunner,successfulcreate-timestamp,1742002774.0,,cpu-static
1161,mlrunner-structure-030641144,Job,mlrunner,completed-timestamp,1742002836.0,,cpu-static
1162,mlrunner-structure-030641144,Job,mlrunner,running,62,,cpu-static
1163,mlrunner-structure-030641144-2jw29,Pod,,pulled-timestamp,1742002775.0,633731392008.dkr.ecr.us-east-1.amazonaws.com/mini-mummi:mlrunner-arm,cpu-static
1164,mlrunner-structure-030641144-2jw29,Pod,,pulling-timestamp,1742002774.0,633731392008.dkr.ecr.us-east-1.amazonaws.com/mini-mummi:mlrunner-arm,cpu-static
1165,mlrunner-structure-030641144-2jw29,Pod,,scheduled-timestamp,1742002774.0,633731392008.dkr.ecr.us-east-1.amazonaws.com/mini-mummi:mlrunner-arm,cpu-static
1166,mlrunner-structure-030641144-2jw29,Pod,,created-timestamp,1742002775.0,633731392008.dkr.ecr.us-east-1.amazonaws.com/mini-mummi:mlrunner-arm,cpu-static
1167,mlrunner-structure-030641144-2jw29,Pod,,created,0,633731392008.dkr.ecr.us-east-1.amazonaws.com/mini-mummi:mlrunner-arm,cpu-static
1168,mlrunner-structure-030641144-2jw29,Pod,,started-timestamp,1742002775.0,633731392008.dkr.ecr.us-east-1.amazonaws.com/mini-mummi:mlrunner-arm,cpu-static
1169,mlrunner-structure-030641144-2jw29,Pod,,started,0,633731392008.dkr.ecr.us-east-1.amazonaws.com/mini-mummi:mlrunner-arm,cpu-static
1170,mlrunner-structure-030641144-2jw29,Pod,,pulled,0.16624703500000002,633731392008.dkr.ecr.us-east-1.amazonaws.com/mini-mummi:mlrunner-arm,cpu-static
1171,mlrunner-structure-089365616,Job,mlrunner,successfulcreate-timestamp,1742002776.0,,cpu-static
1172,mlrunner-structure-089365616,Job,mlrunner,completed-timestamp,1742002833.0,,cpu-static
1173,mlrunner-structure-089365616,Job,mlrunner,running,57,,cpu-static
1174,mlrunner-structure-089365616-d8t6l,Pod,,pulled-timestamp,1742002777.0,633731392008.dkr.ecr.us-east-1.amazonaws.com/mini-mummi:mlrunner-arm,cpu-static
1175,mlrunner-structure-089365616-d8t6l,Pod,,pulling-timestamp,1742002777.0,633731392008.dkr.ecr.us-east-1.amazonaws.com/mini-mummi:mlrunner-arm,cpu-static
1176,mlrunner-structure-089365616-d8t6l,Pod,,scheduled-timestamp,1742002776.0,633731392008.dkr.ecr.us-east-1.amazonaws.com/mini-mummi:mlrunner-arm,cpu-static
1177,mlrunner-structure-089365616-d8t6l,Pod,,created-timestamp,1742002777.0,633731392008.dkr.ecr.us-east-1.amazonaws.com/mini-mummi:mlrunner-arm,cpu-static
1178,mlrunner-structure-089365616-d8t6l,Pod,,created,0,633731392008.dkr.ecr.us-east-1.amazonaws.com/mini-mummi:mlrunner-arm,cpu-static
1179,mlrunner-structure-089365616-d8t6l,Pod,,started-timestamp,1742002777.0,633731392008.dkr.ecr.us-east-1.amazonaws.com/mini-mummi:mlrunner-arm,cpu-static
1180,mlrunner-structure-089365616-d8t6l,Pod,,started,0,633731392008.dkr.ecr.us-east-1.amazonaws.com/mini-mummi:mlrunner-arm,cpu-static
1181,mlrunner-structure-089365616-d8t6l,Pod,,pulled,0.160287754,633731392008.dkr.ecr.us-east-1.amazonaws.com/mini-mummi:mlrunner-arm,cpu-static
1182,mlrunner-structure-055809178,Job,mlrunner,successfulcreate-timestamp,1742002787.0,,cpu-static
1183,mlrunner-structure-055809178,Job,mlrunner,completed-timestamp,1742002844.0,,cpu-static
1184,mlrunner-structure-055809178,Job,mlrunner,running,57,,cpu-static
1185,mlrunner-structure-055809178-rh8dl,Pod,,pulled-timestamp,1742002787.0,633731392008.dkr.ecr.us-east-1.amazonaws.com/mini-mummi:mlrunner-arm,cpu-static
1186,mlrunner-structure-055809178-rh8dl,Pod,,pulling-timestamp,1742002787.0,633731392008.dkr.ecr.us-east-1.amazonaws.com/mini-mummi:mlrunner-arm,cpu-static
1187,mlrunner-structure-055809178-rh8dl,Pod,,scheduled-timestamp,1742002787.0,633731392008.dkr.ecr.us-east-1.amazonaws.com/mini-mummi:mlrunner-arm,cpu-static
1188,mlrunner-structure-055809178-rh8dl,Pod,,created-timestamp,1742002787.0,633731392008.dkr.ecr.us-east-1.amazonaws.com/mini-mummi:mlrunner-arm,cpu-static
1189,mlrunner-structure-055809178-rh8dl,Pod,,created,0,633731392008.dkr.ecr.us-east-1.amazonaws.com/mini-mummi:mlrunner-arm,cpu-static
1190,mlrunner-structure-055809178-rh8dl,Pod,,started-timestamp,1742002787.0,633731392008.dkr.ecr.us-east-1.amazonaws.com/mini-mummi:mlrunner-arm,cpu-static
1191,mlrunner-structure-055809178-rh8dl,Pod,,started,0,633731392008.dkr.ecr.us-east-1.amazonaws.com/mini-mummi:mlrunner-arm,cpu-static
1192,mlrunner-structure-055809178-rh8dl,Pod,,pulled,0.14012160499999998,633731392008.dkr.ecr.us-east-1.amazonaws.com/mini-mummi:mlrunner-arm,cpu-static
1193,mlrunner-structure-061107227,Job,mlrunner,successfulcreate-timestamp,1742002789.0,,cpu-static
1194,mlrunner-structure-061107227,Job,mlrunner,completed-timestamp,1742002846.0,,cpu-static
1195,mlrunner-structure-061107227,Job,mlrunner,running,57,,cpu-static
1196,mlrunner-structure-061107227-bv7fq,Pod,,pulled-timestamp,1742002790.0,633731392008.dkr.ecr.us-east-1.amazonaws.com/mini-mummi:mlrunner-arm,cpu-static
1197,mlrunner-structure-061107227-bv7fq,Pod,,pulling-timestamp,1742002790.0,633731392008.dkr.ecr.us-east-1.amazonaws.com/mini-mummi:mlrunner-arm,cpu-static
1198,mlrunner-structure-061107227-bv7fq,Pod,,scheduled-timestamp,1742002789.0,633731392008.dkr.ecr.us-east-1.amazonaws.com/mini-mummi:mlrunner-arm,cpu-static
1199,mlrunner-structure-061107227-bv7fq,Pod,,created-timestamp,1742002790.0,633731392008.dkr.ecr.us-east-1.amazonaws.com/mini-mummi:mlrunner-arm,cpu-static
1200,mlrunner-structure-061107227-bv7fq,Pod,,created,0,633731392008.dkr.ecr.us-east-1.amazonaws.com/mini-mummi:mlrunner-arm,cpu-static
1201,mlrunner-structure-061107227-bv7fq,Pod,,started-timestamp,1742002790.0,633731392008.dkr.ecr.us-east-1.amazonaws.com/mini-mummi:mlrunner-arm,cpu-static
1202,mlrunner-structure-061107227-bv7fq,Pod,,started,0,633731392008.dkr.ecr.us-east-1.amazonaws.com/mini-mummi:mlrunner-arm,cpu-static
1203,mlrunner-structure-061107227-bv7fq,Pod,,pulled,0.171074077,633731392008.dkr.ecr.us-east-1.amazonaws.com/mini-mummi:mlrunner-arm,cpu-static
1204,createsim-structure-089365616,Job,createsim,successfulcreate-timestamp,1742002833.0,,cpu-static
1205,createsim-structure-089365616,Job,createsim,completed-timestamp,1742003309.0,,cpu-static
1206,createsim-structure-089365616,Job,createsim,running,476,,cpu-static
1207,createsim-structure-030641144,Job,createsim,successfulcreate-timestamp,1742002836.0,,cpu-static
1208,createsim-structure-030641144,Job,createsim,completed-timestamp,1742003317.0,,cpu-static
1209,createsim-structure-030641144,Job,createsim,running,481,,cpu-static
1210,createsim-structure-055809178,Job,createsim,successfulcreate-timestamp,1742002844.0,,cpu-static
1211,createsim-structure-055809178,Job,createsim,completed-timestamp,1742003346.0,,cpu-static
1212,createsim-structure-055809178,Job,createsim,running,502,,cpu-static
1213,mlrunner-structure-018201636,Job,mlrunner,successfulcreate-timestamp,1742002894.0,,cpu-static
1214,mlrunner-structure-018201636,Job,mlrunner,completed-timestamp,1742002951.0,,cpu-static
1215,mlrunner-structure-018201636,Job,mlrunner,running,57,,cpu-static
1216,mlrunner-structure-018201636-rjkrp,Pod,,pulled-timestamp,1742002895.0,633731392008.dkr.ecr.us-east-1.amazonaws.com/mini-mummi:mlrunner-arm,cpu-static
1217,mlrunner-structure-018201636-rjkrp,Pod,,pulling-timestamp,1742002894.0,633731392008.dkr.ecr.us-east-1.amazonaws.com/mini-mummi:mlrunner-arm,cpu-static
1218,mlrunner-structure-018201636-rjkrp,Pod,,scheduled-timestamp,1742002894.0,633731392008.dkr.ecr.us-east-1.amazonaws.com/mini-mummi:mlrunner-arm,cpu-static
1219,mlrunner-structure-018201636-rjkrp,Pod,,created-timestamp,1742002895.0,633731392008.dkr.ecr.us-east-1.amazonaws.com/mini-mummi:mlrunner-arm,cpu-static
1220,mlrunner-structure-018201636-rjkrp,Pod,,created,0,633731392008.dkr.ecr.us-east-1.amazonaws.com/mini-mummi:mlrunner-arm,cpu-static
1221,mlrunner-structure-018201636-rjkrp,Pod,,started-timestamp,1742002895.0,633731392008.dkr.ecr.us-east-1.amazonaws.com/mini-mummi:mlrunner-arm,cpu-static
1222,mlrunner-structure-018201636-rjkrp,Pod,,started,0,633731392008.dkr.ecr.us-east-1.amazonaws.com/mini-mummi:mlrunner-arm,cpu-static
1223,mlrunner-structure-018201636-rjkrp,Pod,,pulled,0.15365502900000003,633731392008.dkr.ecr.us-east-1.amazonaws.com/mini-mummi:mlrunner-arm,cpu-static
1224,createsim-structure-018201636,Job,createsim,successfulcreate-timestamp,1742002952.0,,cpu-static
1225,createsim-structure-018201636,Job,createsim,completed-timestamp,1742003435.0,,cpu-static
1226,createsim-structure-018201636,Job,createsim,running,483,,cpu-static
1227,cganalysis-structure-089365616,Job,cganalysis,successfulcreate-timestamp,1742003309.0,,cpu-static
1228,cganalysis-structure-089365616,Job,cganalysis,completed-timestamp,1742005098.0,,cpu-static
1229,cganalysis-structure-089365616,Job,cganalysis,running,1789,,cpu-static
1230,cganalysis-structure-089365616-mkzg4,Pod,cganalysis,pulled-timestamp,1742003310.0,633731392008.dkr.ecr.us-east-1.amazonaws.com/mini-mummi:cganalysis-arm,cpu-static
1231,cganalysis-structure-089365616-mkzg4,Pod,cganalysis,pulling-timestamp,1742003310.0,633731392008.dkr.ecr.us-east-1.amazonaws.com/mini-mummi:cganalysis-arm,cpu-static
1232,cganalysis-structure-089365616-mkzg4,Pod,cganalysis,scheduled-timestamp,1742003309.0,633731392008.dkr.ecr.us-east-1.amazonaws.com/mini-mummi:cganalysis-arm,cpu-static
1233,cganalysis-structure-089365616-mkzg4,Pod,cganalysis,created-timestamp,1742003310.0,633731392008.dkr.ecr.us-east-1.amazonaws.com/mini-mummi:cganalysis-arm,cpu-static
1234,cganalysis-structure-089365616-mkzg4,Pod,cganalysis,created,0,633731392008.dkr.ecr.us-east-1.amazonaws.com/mini-mummi:cganalysis-arm,cpu-static
1235,cganalysis-structure-089365616-mkzg4,Pod,cganalysis,started-timestamp,1742003310.0,633731392008.dkr.ecr.us-east-1.amazonaws.com/mini-mummi:cganalysis-arm,cpu-static
1236,cganalysis-structure-089365616-mkzg4,Pod,cganalysis,started,0,633731392008.dkr.ecr.us-east-1.amazonaws.com/mini-mummi:cganalysis-arm,cpu-static
1237,cganalysis-structure-089365616-mkzg4,Pod,cganalysis,pulled,0.206912543,633731392008.dkr.ecr.us-east-1.amazonaws.com/mini-mummi:cganalysis-arm,cpu-static
1238,cganalysis-structure-030641144,Job,cganalysis,successfulcreate-timestamp,1742003318.0,,cpu-static
1239,cganalysis-structure-030641144,Job,cganalysis,completed-timestamp,1742005105.0,,cpu-static
1240,cganalysis-structure-030641144,Job,cganalysis,running,1787,,cpu-static
1241,cganalysis-structure-030641144-mtzq5,Pod,cganalysis,pulled-timestamp,1742003318.0,633731392008.dkr.ecr.us-east-1.amazonaws.com/mini-mummi:cganalysis-arm,cpu-static
1242,cganalysis-structure-030641144-mtzq5,Pod,cganalysis,pulling-timestamp,1742003318.0,633731392008.dkr.ecr.us-east-1.amazonaws.com/mini-mummi:cganalysis-arm,cpu-static
1243,cganalysis-structure-030641144-mtzq5,Pod,cganalysis,scheduled-timestamp,1742003318.0,633731392008.dkr.ecr.us-east-1.amazonaws.com/mini-mummi:cganalysis-arm,cpu-static
1244,cganalysis-structure-030641144-mtzq5,Pod,cganalysis,created-timestamp,1742003318.0,633731392008.dkr.ecr.us-east-1.amazonaws.com/mini-mummi:cganalysis-arm,cpu-static
1245,cganalysis-structure-030641144-mtzq5,Pod,cganalysis,created,0,633731392008.dkr.ecr.us-east-1.amazonaws.com/mini-mummi:cganalysis-arm,cpu-static
1246,cganalysis-structure-030641144-mtzq5,Pod,cganalysis,started-timestamp,1742003318.0,633731392008.dkr.ecr.us-east-1.amazonaws.com/mini-mummi:cganalysis-arm,cpu-static
1247,cganalysis-structure-030641144-mtzq5,Pod,cganalysis,started,0,633731392008.dkr.ecr.us-east-1.amazonaws.com/mini-mummi:cganalysis-arm,cpu-static
1248,cganalysis-structure-030641144-mtzq5,Pod,cganalysis,pulled,0.147717076,633731392008.dkr.ecr.us-east-1.amazonaws.com/mini-mummi:cganalysis-arm,cpu-static
1249,cganalysis-structure-055809178,Job,cganalysis,successfulcreate-timestamp,1742003346.0,,cpu-static
1250,cganalysis-structure-055809178,Job,cganalysis,completed-timestamp,1742005134.0,,cpu-static
1251,cganalysis-structure-055809178,Job,cganalysis,running,1788,,cpu-static
1252,cganalysis-structure-055809178-p9x2j,Pod,cganalysis,pulled-timestamp,1742003347.0,633731392008.dkr.ecr.us-east-1.amazonaws.com/mini-mummi:cganalysis-arm,cpu-static
1253,cganalysis-structure-055809178-p9x2j,Pod,cganalysis,pulling-timestamp,1742003347.0,633731392008.dkr.ecr.us-east-1.amazonaws.com/mini-mummi:cganalysis-arm,cpu-static
1254,cganalysis-structure-055809178-p9x2j,Pod,cganalysis,scheduled-timestamp,1742003346.0,633731392008.dkr.ecr.us-east-1.amazonaws.com/mini-mummi:cganalysis-arm,cpu-static
1255,cganalysis-structure-055809178-p9x2j,Pod,cganalysis,created-timestamp,1742003347.0,633731392008.dkr.ecr.us-east-1.amazonaws.com/mini-mummi:cganalysis-arm,cpu-static
1256,cganalysis-structure-055809178-p9x2j,Pod,cganalysis,created,0,633731392008.dkr.ecr.us-east-1.amazonaws.com/mini-mummi:cganalysis-arm,cpu-static
1257,cganalysis-structure-055809178-p9x2j,Pod,cganalysis,started-timestamp,1742003347.0,633731392008.dkr.ecr.us-east-1.amazonaws.com/mini-mummi:cganalysis-arm,cpu-static
1258,cganalysis-structure-055809178-p9x2j,Pod,cganalysis,started,0,633731392008.dkr.ecr.us-east-1.amazonaws.com/mini-mummi:cganalysis-arm,cpu-static
1259,cganalysis-structure-055809178-p9x2j,Pod,cganalysis,pulled,0.146358114,633731392008.dkr.ecr.us-east-1.amazonaws.com/mini-mummi:cganalysis-arm,cpu-static
1260,cganalysis-structure-018201636,Job,cganalysis,successfulcreate-timestamp,1742003435.0,,cpu-static
1261,cganalysis-structure-018201636,Job,cganalysis,completed-timestamp,1742005223.0,,cpu-static
1262,cganalysis-structure-018201636,Job,cganalysis,running,1788,,cpu-static
1263,cganalysis-structure-018201636-nbkp8,Pod,cganalysis,pulled-timestamp,1742003436.0,633731392008.dkr.ecr.us-east-1.amazonaws.com/mini-mummi:cganalysis-arm,cpu-static
1264,cganalysis-structure-018201636-nbkp8,Pod,cganalysis,pulling-timestamp,1742003436.0,633731392008.dkr.ecr.us-east-1.amazonaws.com/mini-mummi:cganalysis-arm,cpu-static
1265,cganalysis-structure-018201636-nbkp8,Pod,cganalysis,scheduled-timestamp,1742003435.0,633731392008.dkr.ecr.us-east-1.amazonaws.com/mini-mummi:cganalysis-arm,cpu-static
1266,cganalysis-structure-018201636-nbkp8,Pod,cganalysis,created-timestamp,1742003436.0,633731392008.dkr.ecr.us-east-1.amazonaws.com/mini-mummi:cganalysis-arm,cpu-static
1267,cganalysis-structure-018201636-nbkp8,Pod,cganalysis,created,0,633731392008.dkr.ecr.us-east-1.amazonaws.com/mini-mummi:cganalysis-arm,cpu-static
1268,cganalysis-structure-018201636-nbkp8,Pod,cganalysis,started-timestamp,1742003436.0,633731392008.dkr.ecr.us-east-1.amazonaws.com/mini-mummi:cganalysis-arm,cpu-static
1269,cganalysis-structure-018201636-nbkp8,Pod,cganalysis,started,0,633731392008.dkr.ecr.us-east-1.amazonaws.com/mini-mummi:cganalysis-arm,cpu-static
1270,cganalysis-structure-018201636-nbkp8,Pod,cganalysis,pulled,0.20414538999999998,633731392008.dkr.ecr.us-east-1.amazonaws.com/mini-mummi:cganalysis-arm,cpu-static
1271,aws-node-9kzp6,Pod,,pulled-timestamp,1741910445.0,602401143452.dkr.ecr.us-east-1.amazonaws.com/amazon/aws-network-policy-agent:v1.1.5-eksbuild.1,cpu-autoscale
1272,aws-node-9kzp6,Pod,,pulling-timestamp,1741910444.0,602401143452.dkr.ecr.us-east-1.amazonaws.com/amazon/aws-network-policy-agent:v1.1.5-eksbuild.1,cpu-autoscale
1273,aws-node-9kzp6,Pod,,scheduled-timestamp,1741910435.0,602401143452.dkr.ecr.us-east-1.amazonaws.com/amazon/aws-network-policy-agent:v1.1.5-eksbuild.1,cpu-autoscale
1274,aws-node-9kzp6,Pod,,created-timestamp,1741910445.0,602401143452.dkr.ecr.us-east-1.amazonaws.com/amazon/aws-network-policy-agent:v1.1.5-eksbuild.1,cpu-autoscale
1275,aws-node-9kzp6,Pod,,created,0,602401143452.dkr.ecr.us-east-1.amazonaws.com/amazon/aws-network-policy-agent:v1.1.5-eksbuild.1,cpu-autoscale
1276,aws-node-9kzp6,Pod,,started-timestamp,1741910445.0,602401143452.dkr.ecr.us-east-1.amazonaws.com/amazon/aws-network-policy-agent:v1.1.5-eksbuild.1,cpu-autoscale
1277,aws-node-9kzp6,Pod,,started,0,602401143452.dkr.ecr.us-east-1.amazonaws.com/amazon/aws-network-policy-agent:v1.1.5-eksbuild.1,cpu-autoscale
1278,aws-node-9kzp6,Pod,,pulled,1.052300127,602401143452.dkr.ecr.us-east-1.amazonaws.com/amazon/aws-network-policy-agent:v1.1.5-eksbuild.1,cpu-autoscale
1279,aws-node-bdk8t,Pod,,pulled-timestamp,1741911023.0,602401143452.dkr.ecr.us-east-1.amazonaws.com/amazon/aws-network-policy-agent:v1.1.5-eksbuild.1,cpu-autoscale
1280,aws-node-bdk8t,Pod,,pulling-timestamp,1741911022.0,602401143452.dkr.ecr.us-east-1.amazonaws.com/amazon/aws-network-policy-agent:v1.1.5-eksbuild.1,cpu-autoscale
1281,aws-node-bdk8t,Pod,,scheduled-timestamp,1741910994.0,602401143452.dkr.ecr.us-east-1.amazonaws.com/amazon/aws-network-policy-agent:v1.1.5-eksbuild.1,cpu-autoscale
1282,aws-node-bdk8t,Pod,,created-timestamp,1741911023.0,602401143452.dkr.ecr.us-east-1.amazonaws.com/amazon/aws-network-policy-agent:v1.1.5-eksbuild.1,cpu-autoscale
1283,aws-node-bdk8t,Pod,,created,0,602401143452.dkr.ecr.us-east-1.amazonaws.com/amazon/aws-network-policy-agent:v1.1.5-eksbuild.1,cpu-autoscale
1284,aws-node-bdk8t,Pod,,started-timestamp,1741911023.0,602401143452.dkr.ecr.us-east-1.amazonaws.com/amazon/aws-network-policy-agent:v1.1.5-eksbuild.1,cpu-autoscale
1285,aws-node-bdk8t,Pod,,started,0,602401143452.dkr.ecr.us-east-1.amazonaws.com/amazon/aws-network-policy-agent:v1.1.5-eksbuild.1,cpu-autoscale
1286,aws-node-bdk8t,Pod,,pulled,1.091554002,602401143452.dkr.ecr.us-east-1.amazonaws.com/amazon/aws-network-policy-agent:v1.1.5-eksbuild.1,cpu-autoscale
1287,aws-node-djtc8,Pod,,pulled-timestamp,1741910450.0,602401143452.dkr.ecr.us-east-1.amazonaws.com/amazon/aws-network-policy-agent:v1.1.5-eksbuild.1,cpu-autoscale
1288,aws-node-djtc8,Pod,,pulling-timestamp,1741910449.0,602401143452.dkr.ecr.us-east-1.amazonaws.com/amazon/aws-network-policy-agent:v1.1.5-eksbuild.1,cpu-autoscale
1289,aws-node-djtc8,Pod,,scheduled-timestamp,1741910438.0,602401143452.dkr.ecr.us-east-1.amazonaws.com/amazon/aws-network-policy-agent:v1.1.5-eksbuild.1,cpu-autoscale
1290,aws-node-djtc8,Pod,,created-timestamp,1741910450.0,602401143452.dkr.ecr.us-east-1.amazonaws.com/amazon/aws-network-policy-agent:v1.1.5-eksbuild.1,cpu-autoscale
1291,aws-node-djtc8,Pod,,created,0,602401143452.dkr.ecr.us-east-1.amazonaws.com/amazon/aws-network-policy-agent:v1.1.5-eksbuild.1,cpu-autoscale
1292,aws-node-djtc8,Pod,,started-timestamp,1741910450.0,602401143452.dkr.ecr.us-east-1.amazonaws.com/amazon/aws-network-policy-agent:v1.1.5-eksbuild.1,cpu-autoscale
1293,aws-node-djtc8,Pod,,started,0,602401143452.dkr.ecr.us-east-1.amazonaws.com/amazon/aws-network-policy-agent:v1.1.5-eksbuild.1,cpu-autoscale
1294,aws-node-djtc8,Pod,,pulled,1.128878257,602401143452.dkr.ecr.us-east-1.amazonaws.com/amazon/aws-network-policy-agent:v1.1.5-eksbuild.1,cpu-autoscale
1295,aws-node-htkmg,Pod,,pulled-timestamp,1741910494.0,602401143452.dkr.ecr.us-east-1.amazonaws.com/amazon/aws-network-policy-agent:v1.1.5-eksbuild.1,cpu-autoscale
1296,aws-node-htkmg,Pod,,pulling-timestamp,1741910493.0,602401143452.dkr.ecr.us-east-1.amazonaws.com/amazon/aws-network-policy-agent:v1.1.5-eksbuild.1,cpu-autoscale
1297,aws-node-htkmg,Pod,,scheduled-timestamp,1741910457.0,602401143452.dkr.ecr.us-east-1.amazonaws.com/amazon/aws-network-policy-agent:v1.1.5-eksbuild.1,cpu-autoscale
1298,aws-node-htkmg,Pod,,created-timestamp,1741910494.0,602401143452.dkr.ecr.us-east-1.amazonaws.com/amazon/aws-network-policy-agent:v1.1.5-eksbuild.1,cpu-autoscale
1299,aws-node-htkmg,Pod,,created,0,602401143452.dkr.ecr.us-east-1.amazonaws.com/amazon/aws-network-policy-agent:v1.1.5-eksbuild.1,cpu-autoscale
1300,aws-node-htkmg,Pod,,started-timestamp,1741910494.0,602401143452.dkr.ecr.us-east-1.amazonaws.com/amazon/aws-network-policy-agent:v1.1.5-eksbuild.1,cpu-autoscale
1301,aws-node-htkmg,Pod,,started,0,602401143452.dkr.ecr.us-east-1.amazonaws.com/amazon/aws-network-policy-agent:v1.1.5-eksbuild.1,cpu-autoscale
1302,aws-node-htkmg,Pod,,pulled,0.995297756,602401143452.dkr.ecr.us-east-1.amazonaws.com/amazon/aws-network-policy-agent:v1.1.5-eksbuild.1,cpu-autoscale
1303,aws-node-kr2xd,Pod,,pulled-timestamp,1741910451.0,602401143452.dkr.ecr.us-east-1.amazonaws.com/amazon/aws-network-policy-agent:v1.1.5-eksbuild.1,cpu-autoscale
1304,aws-node-kr2xd,Pod,,pulling-timestamp,1741910450.0,602401143452.dkr.ecr.us-east-1.amazonaws.com/amazon/aws-network-policy-agent:v1.1.5-eksbuild.1,cpu-autoscale
1305,aws-node-kr2xd,Pod,,scheduled-timestamp,1741910436.0,602401143452.dkr.ecr.us-east-1.amazonaws.com/amazon/aws-network-policy-agent:v1.1.5-eksbuild.1,cpu-autoscale
1306,aws-node-kr2xd,Pod,,created-timestamp,1741910451.0,602401143452.dkr.ecr.us-east-1.amazonaws.com/amazon/aws-network-policy-agent:v1.1.5-eksbuild.1,cpu-autoscale
1307,aws-node-kr2xd,Pod,,created,0,602401143452.dkr.ecr.us-east-1.amazonaws.com/amazon/aws-network-policy-agent:v1.1.5-eksbuild.1,cpu-autoscale
1308,aws-node-kr2xd,Pod,,started-timestamp,1741910451.0,602401143452.dkr.ecr.us-east-1.amazonaws.com/amazon/aws-network-policy-agent:v1.1.5-eksbuild.1,cpu-autoscale
1309,aws-node-kr2xd,Pod,,started,0,602401143452.dkr.ecr.us-east-1.amazonaws.com/amazon/aws-network-policy-agent:v1.1.5-eksbuild.1,cpu-autoscale
1310,aws-node-kr2xd,Pod,,pulled,1.044457853,602401143452.dkr.ecr.us-east-1.amazonaws.com/amazon/aws-network-policy-agent:v1.1.5-eksbuild.1,cpu-autoscale
1311,aws-node-pdswj,Pod,,pulled-timestamp,1741910445.0,602401143452.dkr.ecr.us-east-1.amazonaws.com/amazon/aws-network-policy-agent:v1.1.5-eksbuild.1,cpu-autoscale
1312,aws-node-pdswj,Pod,,pulling-timestamp,1741910444.0,602401143452.dkr.ecr.us-east-1.amazonaws.com/amazon/aws-network-policy-agent:v1.1.5-eksbuild.1,cpu-autoscale
1313,aws-node-pdswj,Pod,,scheduled-timestamp,1741910432.0,602401143452.dkr.ecr.us-east-1.amazonaws.com/amazon/aws-network-policy-agent:v1.1.5-eksbuild.1,cpu-autoscale
1314,aws-node-pdswj,Pod,,created-timestamp,1741910445.0,602401143452.dkr.ecr.us-east-1.amazonaws.com/amazon/aws-network-policy-agent:v1.1.5-eksbuild.1,cpu-autoscale
1315,aws-node-pdswj,Pod,,created,0,602401143452.dkr.ecr.us-east-1.amazonaws.com/amazon/aws-network-policy-agent:v1.1.5-eksbuild.1,cpu-autoscale
1316,aws-node-pdswj,Pod,,started-timestamp,1741910445.0,602401143452.dkr.ecr.us-east-1.amazonaws.com/amazon/aws-network-policy-agent:v1.1.5-eksbuild.1,cpu-autoscale
1317,aws-node-pdswj,Pod,,started,0,602401143452.dkr.ecr.us-east-1.amazonaws.com/amazon/aws-network-policy-agent:v1.1.5-eksbuild.1,cpu-autoscale
1318,aws-node-pdswj,Pod,,pulled,1.022096977,602401143452.dkr.ecr.us-east-1.amazonaws.com/amazon/aws-network-policy-agent:v1.1.5-eksbuild.1,cpu-autoscale
1319,aws-node-vtfdb,Pod,,pulled-timestamp,1741910446.0,602401143452.dkr.ecr.us-east-1.amazonaws.com/amazon/aws-network-policy-agent:v1.1.5-eksbuild.1,cpu-autoscale
1320,aws-node-vtfdb,Pod,,pulling-timestamp,1741910445.0,602401143452.dkr.ecr.us-east-1.amazonaws.com/amazon/aws-network-policy-agent:v1.1.5-eksbuild.1,cpu-autoscale
1321,aws-node-vtfdb,Pod,,scheduled-timestamp,1741910435.0,602401143452.dkr.ecr.us-east-1.amazonaws.com/amazon/aws-network-policy-agent:v1.1.5-eksbuild.1,cpu-autoscale
1322,aws-node-vtfdb,Pod,,created-timestamp,1741910446.0,602401143452.dkr.ecr.us-east-1.amazonaws.com/amazon/aws-network-policy-agent:v1.1.5-eksbuild.1,cpu-autoscale
1323,aws-node-vtfdb,Pod,,created,0,602401143452.dkr.ecr.us-east-1.amazonaws.com/amazon/aws-network-policy-agent:v1.1.5-eksbuild.1,cpu-autoscale
1324,aws-node-vtfdb,Pod,,started-timestamp,1741910446.0,602401143452.dkr.ecr.us-east-1.amazonaws.com/amazon/aws-network-policy-agent:v1.1.5-eksbuild.1,cpu-autoscale
1325,aws-node-vtfdb,Pod,,started,0,602401143452.dkr.ecr.us-east-1.amazonaws.com/amazon/aws-network-policy-agent:v1.1.5-eksbuild.1,cpu-autoscale
1326,aws-node-vtfdb,Pod,,pulled,1.036783768,602401143452.dkr.ecr.us-east-1.amazonaws.com/amazon/aws-network-policy-agent:v1.1.5-eksbuild.1,cpu-autoscale
1327,coredns-d9b6d6c7d-7w8pp,Pod,,pulled-timestamp,1741910448.0,602401143452.dkr.ecr.us-east-1.amazonaws.com/eks/coredns:v1.10.1-eksbuild.4,cpu-autoscale
1328,coredns-d9b6d6c7d-7w8pp,Pod,,pulling-timestamp,1741910447.0,602401143452.dkr.ecr.us-east-1.amazonaws.com/eks/coredns:v1.10.1-eksbuild.4,cpu-autoscale
1329,coredns-d9b6d6c7d-7w8pp,Pod,,scheduled-timestamp,1741910446.0,602401143452.dkr.ecr.us-east-1.amazonaws.com/eks/coredns:v1.10.1-eksbuild.4,cpu-autoscale
1330,coredns-d9b6d6c7d-7w8pp,Pod,,created-timestamp,1741910448.0,602401143452.dkr.ecr.us-east-1.amazonaws.com/eks/coredns:v1.10.1-eksbuild.4,cpu-autoscale
1331,coredns-d9b6d6c7d-7w8pp,Pod,,created,0,602401143452.dkr.ecr.us-east-1.amazonaws.com/eks/coredns:v1.10.1-eksbuild.4,cpu-autoscale
1332,coredns-d9b6d6c7d-7w8pp,Pod,,started-timestamp,1741910448.0,602401143452.dkr.ecr.us-east-1.amazonaws.com/eks/coredns:v1.10.1-eksbuild.4,cpu-autoscale
1333,coredns-d9b6d6c7d-7w8pp,Pod,,started,0,602401143452.dkr.ecr.us-east-1.amazonaws.com/eks/coredns:v1.10.1-eksbuild.4,cpu-autoscale
1334,coredns-d9b6d6c7d-7w8pp,Pod,,pulled,0.941970043,602401143452.dkr.ecr.us-east-1.amazonaws.com/eks/coredns:v1.10.1-eksbuild.4,cpu-autoscale
1335,coredns-d9b6d6c7d-rzs89,Pod,,pulled-timestamp,1741910448.0,602401143452.dkr.ecr.us-east-1.amazonaws.com/eks/coredns:v1.10.1-eksbuild.4,cpu-autoscale
1336,coredns-d9b6d6c7d-rzs89,Pod,,pulling-timestamp,1741910447.0,602401143452.dkr.ecr.us-east-1.amazonaws.com/eks/coredns:v1.10.1-eksbuild.4,cpu-autoscale
1337,coredns-d9b6d6c7d-rzs89,Pod,,scheduled-timestamp,1741910446.0,602401143452.dkr.ecr.us-east-1.amazonaws.com/eks/coredns:v1.10.1-eksbuild.4,cpu-autoscale
1338,coredns-d9b6d6c7d-rzs89,Pod,,created-timestamp,1741910448.0,602401143452.dkr.ecr.us-east-1.amazonaws.com/eks/coredns:v1.10.1-eksbuild.4,cpu-autoscale
1339,coredns-d9b6d6c7d-rzs89,Pod,,created,0,602401143452.dkr.ecr.us-east-1.amazonaws.com/eks/coredns:v1.10.1-eksbuild.4,cpu-autoscale
1340,coredns-d9b6d6c7d-rzs89,Pod,,started-timestamp,1741910448.0,602401143452.dkr.ecr.us-east-1.amazonaws.com/eks/coredns:v1.10.1-eksbuild.4,cpu-autoscale
1341,coredns-d9b6d6c7d-rzs89,Pod,,started,0,602401143452.dkr.ecr.us-east-1.amazonaws.com/eks/coredns:v1.10.1-eksbuild.4,cpu-autoscale
1342,coredns-d9b6d6c7d-rzs89,Pod,,pulled,0.943487489,602401143452.dkr.ecr.us-east-1.amazonaws.com/eks/coredns:v1.10.1-eksbuild.4,cpu-autoscale
1343,metrics-server-7794986bdb-m86j4,Pod,,pulled-timestamp,1741910448.0,602401143452.dkr.ecr.us-east-1.amazonaws.com/eks/metrics-server:v0.7.2-eksbuild.2,cpu-autoscale
1344,metrics-server-7794986bdb-m86j4,Pod,,pulling-timestamp,1741910447.0,602401143452.dkr.ecr.us-east-1.amazonaws.com/eks/metrics-server:v0.7.2-eksbuild.2,cpu-autoscale
1345,metrics-server-7794986bdb-m86j4,Pod,,scheduled-timestamp,1741910446.0,602401143452.dkr.ecr.us-east-1.amazonaws.com/eks/metrics-server:v0.7.2-eksbuild.2,cpu-autoscale
1346,metrics-server-7794986bdb-m86j4,Pod,,created-timestamp,1741910448.0,602401143452.dkr.ecr.us-east-1.amazonaws.com/eks/metrics-server:v0.7.2-eksbuild.2,cpu-autoscale
1347,metrics-server-7794986bdb-m86j4,Pod,,created,0,602401143452.dkr.ecr.us-east-1.amazonaws.com/eks/metrics-server:v0.7.2-eksbuild.2,cpu-autoscale
1348,metrics-server-7794986bdb-m86j4,Pod,,started-timestamp,1741910448.0,602401143452.dkr.ecr.us-east-1.amazonaws.com/eks/metrics-server:v0.7.2-eksbuild.2,cpu-autoscale
1349,metrics-server-7794986bdb-m86j4,Pod,,started,0,602401143452.dkr.ecr.us-east-1.amazonaws.com/eks/metrics-server:v0.7.2-eksbuild.2,cpu-autoscale
1350,metrics-server-7794986bdb-m86j4,Pod,,pulled,1.276688063,602401143452.dkr.ecr.us-east-1.amazonaws.com/eks/metrics-server:v0.7.2-eksbuild.2,cpu-autoscale
1351,metrics-server-7794986bdb-rmncg,Pod,,pulled-timestamp,1741910448.0,602401143452.dkr.ecr.us-east-1.amazonaws.com/eks/metrics-server:v0.7.2-eksbuild.2,cpu-autoscale
1352,metrics-server-7794986bdb-rmncg,Pod,,pulling-timestamp,1741910447.0,602401143452.dkr.ecr.us-east-1.amazonaws.com/eks/metrics-server:v0.7.2-eksbuild.2,cpu-autoscale
1353,metrics-server-7794986bdb-rmncg,Pod,,scheduled-timestamp,1741910446.0,602401143452.dkr.ecr.us-east-1.amazonaws.com/eks/metrics-server:v0.7.2-eksbuild.2,cpu-autoscale
1354,metrics-server-7794986bdb-rmncg,Pod,,created-timestamp,1741910448.0,602401143452.dkr.ecr.us-east-1.amazonaws.com/eks/metrics-server:v0.7.2-eksbuild.2,cpu-autoscale
1355,metrics-server-7794986bdb-rmncg,Pod,,created,0,602401143452.dkr.ecr.us-east-1.amazonaws.com/eks/metrics-server:v0.7.2-eksbuild.2,cpu-autoscale
1356,metrics-server-7794986bdb-rmncg,Pod,,started-timestamp,1741910448.0,602401143452.dkr.ecr.us-east-1.amazonaws.com/eks/metrics-server:v0.7.2-eksbuild.2,cpu-autoscale
1357,metrics-server-7794986bdb-rmncg,Pod,,started,0,602401143452.dkr.ecr.us-east-1.amazonaws.com/eks/metrics-server:v0.7.2-eksbuild.2,cpu-autoscale
1358,metrics-server-7794986bdb-rmncg,Pod,,pulled,1.277031216,602401143452.dkr.ecr.us-east-1.amazonaws.com/eks/metrics-server:v0.7.2-eksbuild.2,cpu-autoscale
1359,event-exporter-c7548569-km67w,Pod,,pulled-timestamp,1741911224.0,ghcr.io/resmoio/kubernetes-event-exporter:latest,cpu-autoscale
1360,event-exporter-c7548569-km67w,Pod,,pulling-timestamp,1741911223.0,ghcr.io/resmoio/kubernetes-event-exporter:latest,cpu-autoscale
1361,event-exporter-c7548569-km67w,Pod,,scheduled-timestamp,1741911222.0,ghcr.io/resmoio/kubernetes-event-exporter:latest,cpu-autoscale
1362,event-exporter-c7548569-km67w,Pod,,created-timestamp,1741911224.0,ghcr.io/resmoio/kubernetes-event-exporter:latest,cpu-autoscale
1363,event-exporter-c7548569-km67w,Pod,,created,0,ghcr.io/resmoio/kubernetes-event-exporter:latest,cpu-autoscale
1364,event-exporter-c7548569-km67w,Pod,,started-timestamp,1741911224.0,ghcr.io/resmoio/kubernetes-event-exporter:latest,cpu-autoscale
1365,event-exporter-c7548569-km67w,Pod,,started,0,ghcr.io/resmoio/kubernetes-event-exporter:latest,cpu-autoscale
1366,event-exporter-c7548569-km67w,Pod,,pulled,0.9246683480000001,ghcr.io/resmoio/kubernetes-event-exporter:latest,cpu-autoscale
1367,state-machine-operator-controller-manager-fb4cc455c-kfqdq,Pod,,pulled-timestamp,1741911249.0,ghcr.io/converged-computing/state-machine-operator:test,cpu-autoscale
1368,state-machine-operator-controller-manager-fb4cc455c-kfqdq,Pod,,pulling-timestamp,1741911248.0,ghcr.io/converged-computing/state-machine-operator:test,cpu-autoscale
1369,state-machine-operator-controller-manager-fb4cc455c-kfqdq,Pod,,scheduled-timestamp,1741911247.0,ghcr.io/converged-computing/state-machine-operator:test,cpu-autoscale
1370,state-machine-operator-controller-manager-fb4cc455c-kfqdq,Pod,,created-timestamp,1741911249.0,ghcr.io/converged-computing/state-machine-operator:test,cpu-autoscale
1371,state-machine-operator-controller-manager-fb4cc455c-kfqdq,Pod,,created,0,ghcr.io/converged-computing/state-machine-operator:test,cpu-autoscale
1372,state-machine-operator-controller-manager-fb4cc455c-kfqdq,Pod,,started-timestamp,1741911249.0,ghcr.io/converged-computing/state-machine-operator:test,cpu-autoscale
1373,state-machine-operator-controller-manager-fb4cc455c-kfqdq,Pod,,started,0,ghcr.io/converged-computing/state-machine-operator:test,cpu-autoscale
1374,state-machine-operator-controller-manager-fb4cc455c-kfqdq,Pod,,pulled,1.266115609,ghcr.io/converged-computing/state-machine-operator:test,cpu-autoscale
1375,registry-0,Pod,,pulled-timestamp,1742085796.0,ghcr.io/oras-project/registry:latest,cpu-autoscale
1376,registry-0,Pod,,pulling-timestamp,1742085796.0,ghcr.io/oras-project/registry:latest,cpu-autoscale
1377,registry-0,Pod,,scheduled-timestamp,1742085795.0,ghcr.io/oras-project/registry:latest,cpu-autoscale
1378,registry-0,Pod,,created-timestamp,1742085796.0,ghcr.io/oras-project/registry:latest,cpu-autoscale
1379,registry-0,Pod,,created,0,ghcr.io/oras-project/registry:latest,cpu-autoscale
1380,registry-0,Pod,,started-timestamp,1742085796.0,ghcr.io/oras-project/registry:latest,cpu-autoscale
1381,registry-0,Pod,,started,0,ghcr.io/oras-project/registry:latest,cpu-autoscale
1382,registry-0,Pod,,pulled,0.668373568,ghcr.io/oras-project/registry:latest,cpu-autoscale
1383,mummi-manager-55b864fb8f-z4wvl,Pod,,pulled-timestamp,1741911284.0,ghcr.io/converged-computing/state-machine-operator:manager,cpu-autoscale
1384,mummi-manager-55b864fb8f-z4wvl,Pod,,pulling-timestamp,1741911277.0,ghcr.io/converged-computing/state-machine-operator:manager,cpu-autoscale
1385,mummi-manager-55b864fb8f-z4wvl,Pod,,scheduled-timestamp,1741911276.0,ghcr.io/converged-computing/state-machine-operator:manager,cpu-autoscale
1386,mummi-manager-55b864fb8f-z4wvl,Pod,,created-timestamp,1741911284.0,ghcr.io/converged-computing/state-machine-operator:manager,cpu-autoscale
1387,mummi-manager-55b864fb8f-z4wvl,Pod,,created,0,ghcr.io/converged-computing/state-machine-operator:manager,cpu-autoscale
1388,mummi-manager-55b864fb8f-z4wvl,Pod,,started-timestamp,1741911285.0,ghcr.io/converged-computing/state-machine-operator:manager,cpu-autoscale
1389,mummi-manager-55b864fb8f-z4wvl,Pod,,started,1,ghcr.io/converged-computing/state-machine-operator:manager,cpu-autoscale
1390,mummi-manager-55b864fb8f-z4wvl,Pod,,pulled,7.830853716,ghcr.io/converged-computing/state-machine-operator:manager,cpu-autoscale
1391,mlrunner-structure-067658424,Job,mlrunner,successfulcreate-timestamp,1741911285.0,,cpu-autoscale
1392,mlrunner-structure-067658424,Job,mlrunner,completed-timestamp,1741911637.0,,cpu-autoscale
1393,mlrunner-structure-067658424,Job,mlrunner,running,352,,cpu-autoscale
1394,mlrunner-structure-067658424-j5pg6,Pod,,pulled-timestamp,1741911528.0,633731392008.dkr.ecr.us-east-1.amazonaws.com/mini-mummi:mlrunner-arm,cpu-autoscale
1395,mlrunner-structure-067658424-j5pg6,Pod,,pulling-timestamp,1741911286.0,633731392008.dkr.ecr.us-east-1.amazonaws.com/mini-mummi:mlrunner-arm,cpu-autoscale
1396,mlrunner-structure-067658424-j5pg6,Pod,,scheduled-timestamp,1741911285.0,633731392008.dkr.ecr.us-east-1.amazonaws.com/mini-mummi:mlrunner-arm,cpu-autoscale
1397,mlrunner-structure-067658424-j5pg6,Pod,,created-timestamp,1741911528.0,633731392008.dkr.ecr.us-east-1.amazonaws.com/mini-mummi:mlrunner-arm,cpu-autoscale
1398,mlrunner-structure-067658424-j5pg6,Pod,,created,0,633731392008.dkr.ecr.us-east-1.amazonaws.com/mini-mummi:mlrunner-arm,cpu-autoscale
1399,mlrunner-structure-067658424-j5pg6,Pod,,started-timestamp,1741911529.0,633731392008.dkr.ecr.us-east-1.amazonaws.com/mini-mummi:mlrunner-arm,cpu-autoscale
1400,mlrunner-structure-067658424-j5pg6,Pod,,started,1,633731392008.dkr.ecr.us-east-1.amazonaws.com/mini-mummi:mlrunner-arm,cpu-autoscale
1401,mlrunner-structure-067658424-j5pg6,Pod,,pulled,242.802063632,633731392008.dkr.ecr.us-east-1.amazonaws.com/mini-mummi:mlrunner-arm,cpu-autoscale
1402,mlrunner-structure-070182527,Job,mlrunner,successfulcreate-timestamp,1741911285.0,,cpu-autoscale
1403,mlrunner-structure-070182527,Job,mlrunner,completed-timestamp,1741911631.0,,cpu-autoscale
1404,mlrunner-structure-070182527,Job,mlrunner,running,346,,cpu-autoscale
1405,mlrunner-structure-070182527-mzn62,Pod,,pulled-timestamp,1741911524.0,633731392008.dkr.ecr.us-east-1.amazonaws.com/mini-mummi:mlrunner-arm,cpu-autoscale
1406,mlrunner-structure-070182527-mzn62,Pod,,pulling-timestamp,1741911286.0,633731392008.dkr.ecr.us-east-1.amazonaws.com/mini-mummi:mlrunner-arm,cpu-autoscale
1407,mlrunner-structure-070182527-mzn62,Pod,,scheduled-timestamp,1741911285.0,633731392008.dkr.ecr.us-east-1.amazonaws.com/mini-mummi:mlrunner-arm,cpu-autoscale
1408,mlrunner-structure-070182527-mzn62,Pod,,created-timestamp,1741911525.0,633731392008.dkr.ecr.us-east-1.amazonaws.com/mini-mummi:mlrunner-arm,cpu-autoscale
1409,mlrunner-structure-070182527-mzn62,Pod,,created,1,633731392008.dkr.ecr.us-east-1.amazonaws.com/mini-mummi:mlrunner-arm,cpu-autoscale
1410,mlrunner-structure-070182527-mzn62,Pod,,started-timestamp,1741911525.0,633731392008.dkr.ecr.us-east-1.amazonaws.com/mini-mummi:mlrunner-arm,cpu-autoscale
1411,mlrunner-structure-070182527-mzn62,Pod,,started,0,633731392008.dkr.ecr.us-east-1.amazonaws.com/mini-mummi:mlrunner-arm,cpu-autoscale
1412,mlrunner-structure-070182527-mzn62,Pod,,pulled,238.89670627200002,633731392008.dkr.ecr.us-east-1.amazonaws.com/mini-mummi:mlrunner-arm,cpu-autoscale
1413,mlrunner-structure-053939089,Job,mlrunner,successfulcreate-timestamp,1741911285.0,,cpu-autoscale
1414,mlrunner-structure-053939089,Job,mlrunner,completed-timestamp,1741911634.0,,cpu-autoscale
1415,mlrunner-structure-053939089,Job,mlrunner,running,349,,cpu-autoscale
1416,mlrunner-structure-053939089-v92p9,Pod,,pulled-timestamp,1741911525.0,633731392008.dkr.ecr.us-east-1.amazonaws.com/mini-mummi:mlrunner-arm,cpu-autoscale
1417,mlrunner-structure-053939089-v92p9,Pod,,pulling-timestamp,1741911286.0,633731392008.dkr.ecr.us-east-1.amazonaws.com/mini-mummi:mlrunner-arm,cpu-autoscale
1418,mlrunner-structure-053939089-v92p9,Pod,,scheduled-timestamp,1741911285.0,633731392008.dkr.ecr.us-east-1.amazonaws.com/mini-mummi:mlrunner-arm,cpu-autoscale
1419,mlrunner-structure-053939089-v92p9,Pod,,created-timestamp,1741911525.0,633731392008.dkr.ecr.us-east-1.amazonaws.com/mini-mummi:mlrunner-arm,cpu-autoscale
1420,mlrunner-structure-053939089-v92p9,Pod,,created,0,633731392008.dkr.ecr.us-east-1.amazonaws.com/mini-mummi:mlrunner-arm,cpu-autoscale
1421,mlrunner-structure-053939089-v92p9,Pod,,started-timestamp,1741911526.0,633731392008.dkr.ecr.us-east-1.amazonaws.com/mini-mummi:mlrunner-arm,cpu-autoscale
1422,mlrunner-structure-053939089-v92p9,Pod,,started,1,633731392008.dkr.ecr.us-east-1.amazonaws.com/mini-mummi:mlrunner-arm,cpu-autoscale
1423,mlrunner-structure-053939089-v92p9,Pod,,pulled,239.248917939,633731392008.dkr.ecr.us-east-1.amazonaws.com/mini-mummi:mlrunner-arm,cpu-autoscale
1424,mlrunner-structure-017048753,Job,mlrunner,successfulcreate-timestamp,1741911285.0,,cpu-autoscale
1425,mlrunner-structure-017048753,Job,mlrunner,completed-timestamp,1741911635.0,,cpu-autoscale
1426,mlrunner-structure-017048753,Job,mlrunner,running,350,,cpu-autoscale
1427,mlrunner-structure-017048753-wlmxs,Pod,,pulled-timestamp,1741911528.0,633731392008.dkr.ecr.us-east-1.amazonaws.com/mini-mummi:mlrunner-arm,cpu-autoscale
1428,mlrunner-structure-017048753-wlmxs,Pod,,pulling-timestamp,1741911286.0,633731392008.dkr.ecr.us-east-1.amazonaws.com/mini-mummi:mlrunner-arm,cpu-autoscale
1429,mlrunner-structure-017048753-wlmxs,Pod,,scheduled-timestamp,1741911285.0,633731392008.dkr.ecr.us-east-1.amazonaws.com/mini-mummi:mlrunner-arm,cpu-autoscale
1430,mlrunner-structure-017048753-wlmxs,Pod,,created-timestamp,1741911528.0,633731392008.dkr.ecr.us-east-1.amazonaws.com/mini-mummi:mlrunner-arm,cpu-autoscale
1431,mlrunner-structure-017048753-wlmxs,Pod,,created,0,633731392008.dkr.ecr.us-east-1.amazonaws.com/mini-mummi:mlrunner-arm,cpu-autoscale
1432,mlrunner-structure-017048753-wlmxs,Pod,,started-timestamp,1741911528.0,633731392008.dkr.ecr.us-east-1.amazonaws.com/mini-mummi:mlrunner-arm,cpu-autoscale
1433,mlrunner-structure-017048753-wlmxs,Pod,,started,0,633731392008.dkr.ecr.us-east-1.amazonaws.com/mini-mummi:mlrunner-arm,cpu-autoscale
1434,mlrunner-structure-017048753-wlmxs,Pod,,pulled,242.291129892,633731392008.dkr.ecr.us-east-1.amazonaws.com/mini-mummi:mlrunner-arm,cpu-autoscale
1435,mlrunner-structure-008194736,Job,mlrunner,successfulcreate-timestamp,1741911285.0,,cpu-autoscale
1436,mlrunner-structure-008194736,Job,mlrunner,completed-timestamp,1741911634.0,,cpu-autoscale
1437,mlrunner-structure-008194736,Job,mlrunner,running,349,,cpu-autoscale
1438,mlrunner-structure-008194736-swkdz,Pod,,pulled-timestamp,1741911525.0,633731392008.dkr.ecr.us-east-1.amazonaws.com/mini-mummi:mlrunner-arm,cpu-autoscale
1439,mlrunner-structure-008194736-swkdz,Pod,,pulling-timestamp,1741911286.0,633731392008.dkr.ecr.us-east-1.amazonaws.com/mini-mummi:mlrunner-arm,cpu-autoscale
1440,mlrunner-structure-008194736-swkdz,Pod,,scheduled-timestamp,1741911285.0,633731392008.dkr.ecr.us-east-1.amazonaws.com/mini-mummi:mlrunner-arm,cpu-autoscale
1441,mlrunner-structure-008194736-swkdz,Pod,,created-timestamp,1741911526.0,633731392008.dkr.ecr.us-east-1.amazonaws.com/mini-mummi:mlrunner-arm,cpu-autoscale
1442,mlrunner-structure-008194736-swkdz,Pod,,created,1,633731392008.dkr.ecr.us-east-1.amazonaws.com/mini-mummi:mlrunner-arm,cpu-autoscale
1443,mlrunner-structure-008194736-swkdz,Pod,,started-timestamp,1741911526.0,633731392008.dkr.ecr.us-east-1.amazonaws.com/mini-mummi:mlrunner-arm,cpu-autoscale
1444,mlrunner-structure-008194736-swkdz,Pod,,started,0,633731392008.dkr.ecr.us-east-1.amazonaws.com/mini-mummi:mlrunner-arm,cpu-autoscale
1445,mlrunner-structure-008194736-swkdz,Pod,,pulled,239.636640729,633731392008.dkr.ecr.us-east-1.amazonaws.com/mini-mummi:mlrunner-arm,cpu-autoscale
1446,mlrunner-structure-014283343,Job,mlrunner,successfulcreate-timestamp,1741911285.0,,cpu-autoscale
1447,mlrunner-structure-014283343,Job,mlrunner,completed-timestamp,1741911642.0,,cpu-autoscale
1448,mlrunner-structure-014283343,Job,mlrunner,running,357,,cpu-autoscale
1449,mlrunner-structure-014283343-f49lw,Pod,,pulled-timestamp,1741911533.0,633731392008.dkr.ecr.us-east-1.amazonaws.com/mini-mummi:mlrunner-arm,cpu-autoscale
1450,mlrunner-structure-014283343-f49lw,Pod,,pulling-timestamp,1741911286.0,633731392008.dkr.ecr.us-east-1.amazonaws.com/mini-mummi:mlrunner-arm,cpu-autoscale
1451,mlrunner-structure-014283343-f49lw,Pod,,scheduled-timestamp,1741911285.0,633731392008.dkr.ecr.us-east-1.amazonaws.com/mini-mummi:mlrunner-arm,cpu-autoscale
1452,mlrunner-structure-014283343-f49lw,Pod,,created-timestamp,1741911533.0,633731392008.dkr.ecr.us-east-1.amazonaws.com/mini-mummi:mlrunner-arm,cpu-autoscale
1453,mlrunner-structure-014283343-f49lw,Pod,,created,0,633731392008.dkr.ecr.us-east-1.amazonaws.com/mini-mummi:mlrunner-arm,cpu-autoscale
1454,mlrunner-structure-014283343-f49lw,Pod,,started-timestamp,1741911533.0,633731392008.dkr.ecr.us-east-1.amazonaws.com/mini-mummi:mlrunner-arm,cpu-autoscale
1455,mlrunner-structure-014283343-f49lw,Pod,,started,0,633731392008.dkr.ecr.us-east-1.amazonaws.com/mini-mummi:mlrunner-arm,cpu-autoscale
1456,mlrunner-structure-014283343-f49lw,Pod,,pulled,246.954753967,633731392008.dkr.ecr.us-east-1.amazonaws.com/mini-mummi:mlrunner-arm,cpu-autoscale
1457,createsim-structure-070182527,Job,createsim,successfulcreate-timestamp,1741911631.0,,cpu-autoscale
1458,createsim-structure-070182527,Job,createsim,completed-timestamp,1741912161.0,,cpu-autoscale
1459,createsim-structure-070182527,Job,createsim,running,530,,cpu-autoscale
1460,createsim-structure-070182527-vb929,Pod,createsim,pulled-timestamp,1741911687.0,633731392008.dkr.ecr.us-east-1.amazonaws.com/mini-mummi:createsims-arm,cpu-autoscale
1461,createsim-structure-070182527-vb929,Pod,createsim,pulling-timestamp,1741911632.0,633731392008.dkr.ecr.us-east-1.amazonaws.com/mini-mummi:createsims-arm,cpu-autoscale
1462,createsim-structure-070182527-vb929,Pod,createsim,scheduled-timestamp,1741911631.0,633731392008.dkr.ecr.us-east-1.amazonaws.com/mini-mummi:createsims-arm,cpu-autoscale
1463,createsim-structure-070182527-vb929,Pod,createsim,created-timestamp,1741911687.0,633731392008.dkr.ecr.us-east-1.amazonaws.com/mini-mummi:createsims-arm,cpu-autoscale
1464,createsim-structure-070182527-vb929,Pod,createsim,created,0,633731392008.dkr.ecr.us-east-1.amazonaws.com/mini-mummi:createsims-arm,cpu-autoscale
1465,createsim-structure-070182527-vb929,Pod,createsim,started-timestamp,1741911687.0,633731392008.dkr.ecr.us-east-1.amazonaws.com/mini-mummi:createsims-arm,cpu-autoscale
1466,createsim-structure-070182527-vb929,Pod,createsim,started,0,633731392008.dkr.ecr.us-east-1.amazonaws.com/mini-mummi:createsims-arm,cpu-autoscale
1467,createsim-structure-070182527-vb929,Pod,createsim,pulled,55.548750034,633731392008.dkr.ecr.us-east-1.amazonaws.com/mini-mummi:createsims-arm,cpu-autoscale
1468,createsim-structure-053939089,Job,createsim,successfulcreate-timestamp,1741911634.0,,cpu-autoscale
1469,createsim-structure-053939089,Job,createsim,completed-timestamp,1741912160.0,,cpu-autoscale
1470,createsim-structure-053939089,Job,createsim,running,526,,cpu-autoscale
1471,createsim-structure-053939089-6jrl7,Pod,createsim,pulled-timestamp,1741911687.0,633731392008.dkr.ecr.us-east-1.amazonaws.com/mini-mummi:createsims-arm,cpu-autoscale
1472,createsim-structure-053939089-6jrl7,Pod,createsim,pulling-timestamp,1741911635.0,633731392008.dkr.ecr.us-east-1.amazonaws.com/mini-mummi:createsims-arm,cpu-autoscale
1473,createsim-structure-053939089-6jrl7,Pod,createsim,scheduled-timestamp,1741911634.0,633731392008.dkr.ecr.us-east-1.amazonaws.com/mini-mummi:createsims-arm,cpu-autoscale
1474,createsim-structure-053939089-6jrl7,Pod,createsim,created-timestamp,1741911687.0,633731392008.dkr.ecr.us-east-1.amazonaws.com/mini-mummi:createsims-arm,cpu-autoscale
1475,createsim-structure-053939089-6jrl7,Pod,createsim,created,0,633731392008.dkr.ecr.us-east-1.amazonaws.com/mini-mummi:createsims-arm,cpu-autoscale
1476,createsim-structure-053939089-6jrl7,Pod,createsim,started-timestamp,1741911688.0,633731392008.dkr.ecr.us-east-1.amazonaws.com/mini-mummi:createsims-arm,cpu-autoscale
1477,createsim-structure-053939089-6jrl7,Pod,createsim,started,1,633731392008.dkr.ecr.us-east-1.amazonaws.com/mini-mummi:createsims-arm,cpu-autoscale
1478,createsim-structure-053939089-6jrl7,Pod,createsim,pulled,52.905263783,633731392008.dkr.ecr.us-east-1.amazonaws.com/mini-mummi:createsims-arm,cpu-autoscale
1479,createsim-structure-008194736,Job,createsim,successfulcreate-timestamp,1741911634.0,,cpu-autoscale
1480,createsim-structure-008194736,Job,createsim,completed-timestamp,1741912172.0,,cpu-autoscale
1481,createsim-structure-008194736,Job,createsim,running,538,,cpu-autoscale
1482,createsim-structure-008194736-8bxkf,Pod,createsim,pulled-timestamp,1741911688.0,633731392008.dkr.ecr.us-east-1.amazonaws.com/mini-mummi:createsims-arm,cpu-autoscale
1483,createsim-structure-008194736-8bxkf,Pod,createsim,pulling-timestamp,1741911635.0,633731392008.dkr.ecr.us-east-1.amazonaws.com/mini-mummi:createsims-arm,cpu-autoscale
1484,createsim-structure-008194736-8bxkf,Pod,createsim,scheduled-timestamp,1741911634.0,633731392008.dkr.ecr.us-east-1.amazonaws.com/mini-mummi:createsims-arm,cpu-autoscale
1485,createsim-structure-008194736-8bxkf,Pod,createsim,created-timestamp,1741911688.0,633731392008.dkr.ecr.us-east-1.amazonaws.com/mini-mummi:createsims-arm,cpu-autoscale
1486,createsim-structure-008194736-8bxkf,Pod,createsim,created,0,633731392008.dkr.ecr.us-east-1.amazonaws.com/mini-mummi:createsims-arm,cpu-autoscale
1487,createsim-structure-008194736-8bxkf,Pod,createsim,started-timestamp,1741911688.0,633731392008.dkr.ecr.us-east-1.amazonaws.com/mini-mummi:createsims-arm,cpu-autoscale
1488,createsim-structure-008194736-8bxkf,Pod,createsim,started,0,633731392008.dkr.ecr.us-east-1.amazonaws.com/mini-mummi:createsims-arm,cpu-autoscale
1489,createsim-structure-008194736-8bxkf,Pod,createsim,pulled,52.662576686,633731392008.dkr.ecr.us-east-1.amazonaws.com/mini-mummi:createsims-arm,cpu-autoscale
1490,createsim-structure-017048753,Job,createsim,successfulcreate-timestamp,1741911636.0,,cpu-autoscale
1491,createsim-structure-017048753,Job,createsim,completed-timestamp,1741912164.0,,cpu-autoscale
1492,createsim-structure-017048753,Job,createsim,running,528,,cpu-autoscale
1493,createsim-structure-017048753-7p492,Pod,createsim,pulled-timestamp,1741911687.0,633731392008.dkr.ecr.us-east-1.amazonaws.com/mini-mummi:createsims-arm,cpu-autoscale
1494,createsim-structure-017048753-7p492,Pod,createsim,pulling-timestamp,1741911636.0,633731392008.dkr.ecr.us-east-1.amazonaws.com/mini-mummi:createsims-arm,cpu-autoscale
1495,createsim-structure-017048753-7p492,Pod,createsim,scheduled-timestamp,1741911636.0,633731392008.dkr.ecr.us-east-1.amazonaws.com/mini-mummi:createsims-arm,cpu-autoscale
1496,createsim-structure-017048753-7p492,Pod,createsim,created-timestamp,1741911687.0,633731392008.dkr.ecr.us-east-1.amazonaws.com/mini-mummi:createsims-arm,cpu-autoscale
1497,createsim-structure-017048753-7p492,Pod,createsim,created,0,633731392008.dkr.ecr.us-east-1.amazonaws.com/mini-mummi:createsims-arm,cpu-autoscale
1498,createsim-structure-017048753-7p492,Pod,createsim,started-timestamp,1741911688.0,633731392008.dkr.ecr.us-east-1.amazonaws.com/mini-mummi:createsims-arm,cpu-autoscale
1499,createsim-structure-017048753-7p492,Pod,createsim,started,1,633731392008.dkr.ecr.us-east-1.amazonaws.com/mini-mummi:createsims-arm,cpu-autoscale
1500,createsim-structure-017048753-7p492,Pod,createsim,pulled,51.401463032,633731392008.dkr.ecr.us-east-1.amazonaws.com/mini-mummi:createsims-arm,cpu-autoscale
1501,createsim-structure-067658424,Job,createsim,successfulcreate-timestamp,1741911637.0,,cpu-autoscale
1502,createsim-structure-067658424,Job,createsim,completed-timestamp,1741912170.0,,cpu-autoscale
1503,createsim-structure-067658424,Job,createsim,running,533,,cpu-autoscale
1504,createsim-structure-067658424-s298g,Pod,createsim,pulled-timestamp,1741911687.0,633731392008.dkr.ecr.us-east-1.amazonaws.com/mini-mummi:createsims-arm,cpu-autoscale
1505,createsim-structure-067658424-s298g,Pod,createsim,pulling-timestamp,1741911637.0,633731392008.dkr.ecr.us-east-1.amazonaws.com/mini-mummi:createsims-arm,cpu-autoscale
1506,createsim-structure-067658424-s298g,Pod,createsim,scheduled-timestamp,1741911637.0,633731392008.dkr.ecr.us-east-1.amazonaws.com/mini-mummi:createsims-arm,cpu-autoscale
1507,createsim-structure-067658424-s298g,Pod,createsim,created-timestamp,1741911687.0,633731392008.dkr.ecr.us-east-1.amazonaws.com/mini-mummi:createsims-arm,cpu-autoscale
1508,createsim-structure-067658424-s298g,Pod,createsim,created,0,633731392008.dkr.ecr.us-east-1.amazonaws.com/mini-mummi:createsims-arm,cpu-autoscale
1509,createsim-structure-067658424-s298g,Pod,createsim,started-timestamp,1741911687.0,633731392008.dkr.ecr.us-east-1.amazonaws.com/mini-mummi:createsims-arm,cpu-autoscale
1510,createsim-structure-067658424-s298g,Pod,createsim,started,0,633731392008.dkr.ecr.us-east-1.amazonaws.com/mini-mummi:createsims-arm,cpu-autoscale
1511,createsim-structure-067658424-s298g,Pod,createsim,pulled,50.209999101,633731392008.dkr.ecr.us-east-1.amazonaws.com/mini-mummi:createsims-arm,cpu-autoscale
1512,createsim-structure-014283343-qhxz6,Pod,createsim,pulled-timestamp,1741911688.0,633731392008.dkr.ecr.us-east-1.amazonaws.com/mini-mummi:createsims-arm,cpu-autoscale
1513,createsim-structure-014283343-qhxz6,Pod,createsim,pulling-timestamp,1741911642.0,633731392008.dkr.ecr.us-east-1.amazonaws.com/mini-mummi:createsims-arm,cpu-autoscale
1514,createsim-structure-014283343-qhxz6,Pod,createsim,scheduled-timestamp,1741911642.0,633731392008.dkr.ecr.us-east-1.amazonaws.com/mini-mummi:createsims-arm,cpu-autoscale
1515,createsim-structure-014283343-qhxz6,Pod,createsim,created-timestamp,1741911688.0,633731392008.dkr.ecr.us-east-1.amazonaws.com/mini-mummi:createsims-arm,cpu-autoscale
1516,createsim-structure-014283343-qhxz6,Pod,createsim,created,0,633731392008.dkr.ecr.us-east-1.amazonaws.com/mini-mummi:createsims-arm,cpu-autoscale
1517,createsim-structure-014283343-qhxz6,Pod,createsim,started-timestamp,1741911688.0,633731392008.dkr.ecr.us-east-1.amazonaws.com/mini-mummi:createsims-arm,cpu-autoscale
1518,createsim-structure-014283343-qhxz6,Pod,createsim,started,0,633731392008.dkr.ecr.us-east-1.amazonaws.com/mini-mummi:createsims-arm,cpu-autoscale
1519,createsim-structure-014283343-qhxz6,Pod,createsim,pulled,45.478720904,633731392008.dkr.ecr.us-east-1.amazonaws.com/mini-mummi:createsims-arm,cpu-autoscale
1520,cluster-autoscaler-786dfb6c56-ljmjx,Pod,,pulled-timestamp,1741911736.0,registry.k8s.io/autoscaling/cluster-autoscaler:v1.26.2,cpu-autoscale
1521,cluster-autoscaler-786dfb6c56-ljmjx,Pod,,pulling-timestamp,1741911735.0,registry.k8s.io/autoscaling/cluster-autoscaler:v1.26.2,cpu-autoscale
1522,cluster-autoscaler-786dfb6c56-ljmjx,Pod,,scheduled-timestamp,1741911734.0,registry.k8s.io/autoscaling/cluster-autoscaler:v1.26.2,cpu-autoscale
1523,cluster-autoscaler-786dfb6c56-ljmjx,Pod,,created-timestamp,1741911736.0,registry.k8s.io/autoscaling/cluster-autoscaler:v1.26.2,cpu-autoscale
1524,cluster-autoscaler-786dfb6c56-ljmjx,Pod,,created,0,registry.k8s.io/autoscaling/cluster-autoscaler:v1.26.2,cpu-autoscale
1525,cluster-autoscaler-786dfb6c56-ljmjx,Pod,,started-timestamp,1741911737.0,registry.k8s.io/autoscaling/cluster-autoscaler:v1.26.2,cpu-autoscale
1526,cluster-autoscaler-786dfb6c56-ljmjx,Pod,,started,1,registry.k8s.io/autoscaling/cluster-autoscaler:v1.26.2,cpu-autoscale
1527,cluster-autoscaler-786dfb6c56-ljmjx,Pod,,pulled,1.487789824,registry.k8s.io/autoscaling/cluster-autoscaler:v1.26.2,cpu-autoscale
1528,mlrunner-structure-060630863,Job,mlrunner,successfulcreate-timestamp,1741911742.0,,cpu-autoscale
1529,mlrunner-structure-060630863,Job,mlrunner,completed-timestamp,1741911782.0,,cpu-autoscale
1530,mlrunner-structure-060630863,Job,mlrunner,running,40,,cpu-autoscale
1531,mlrunner-structure-060630863-8slqv,Pod,,pulled-timestamp,1741911742.0,633731392008.dkr.ecr.us-east-1.amazonaws.com/mini-mummi:mlrunner-arm,cpu-autoscale
1532,mlrunner-structure-060630863-8slqv,Pod,,pulling-timestamp,1741911742.0,633731392008.dkr.ecr.us-east-1.amazonaws.com/mini-mummi:mlrunner-arm,cpu-autoscale
1533,mlrunner-structure-060630863-8slqv,Pod,,scheduled-timestamp,1741911742.0,633731392008.dkr.ecr.us-east-1.amazonaws.com/mini-mummi:mlrunner-arm,cpu-autoscale
1534,mlrunner-structure-060630863-8slqv,Pod,,created-timestamp,1741911742.0,633731392008.dkr.ecr.us-east-1.amazonaws.com/mini-mummi:mlrunner-arm,cpu-autoscale
1535,mlrunner-structure-060630863-8slqv,Pod,,created,0,633731392008.dkr.ecr.us-east-1.amazonaws.com/mini-mummi:mlrunner-arm,cpu-autoscale
1536,mlrunner-structure-060630863-8slqv,Pod,,started-timestamp,1741911742.0,633731392008.dkr.ecr.us-east-1.amazonaws.com/mini-mummi:mlrunner-arm,cpu-autoscale
1537,mlrunner-structure-060630863-8slqv,Pod,,started,0,633731392008.dkr.ecr.us-east-1.amazonaws.com/mini-mummi:mlrunner-arm,cpu-autoscale
1538,mlrunner-structure-060630863-8slqv,Pod,,pulled,0.16629314299999998,633731392008.dkr.ecr.us-east-1.amazonaws.com/mini-mummi:mlrunner-arm,cpu-autoscale
1539,mlrunner-structure-046408069,Job,mlrunner,successfulcreate-timestamp,1741911827.0,,cpu-autoscale
1540,mlrunner-structure-046408069,Job,mlrunner,completed-timestamp,1741911867.0,,cpu-autoscale
1541,mlrunner-structure-046408069,Job,mlrunner,running,40,,cpu-autoscale
1542,mlrunner-structure-046408069-lfv4w,Pod,,pulled-timestamp,1741911828.0,633731392008.dkr.ecr.us-east-1.amazonaws.com/mini-mummi:mlrunner-arm,cpu-autoscale
1543,mlrunner-structure-046408069-lfv4w,Pod,,pulling-timestamp,1741911827.0,633731392008.dkr.ecr.us-east-1.amazonaws.com/mini-mummi:mlrunner-arm,cpu-autoscale
1544,mlrunner-structure-046408069-lfv4w,Pod,,scheduled-timestamp,1741911827.0,633731392008.dkr.ecr.us-east-1.amazonaws.com/mini-mummi:mlrunner-arm,cpu-autoscale
1545,mlrunner-structure-046408069-lfv4w,Pod,,created-timestamp,1741911828.0,633731392008.dkr.ecr.us-east-1.amazonaws.com/mini-mummi:mlrunner-arm,cpu-autoscale
1546,mlrunner-structure-046408069-lfv4w,Pod,,created,0,633731392008.dkr.ecr.us-east-1.amazonaws.com/mini-mummi:mlrunner-arm,cpu-autoscale
1547,mlrunner-structure-046408069-lfv4w,Pod,,started-timestamp,1741911828.0,633731392008.dkr.ecr.us-east-1.amazonaws.com/mini-mummi:mlrunner-arm,cpu-autoscale
1548,mlrunner-structure-046408069-lfv4w,Pod,,started,0,633731392008.dkr.ecr.us-east-1.amazonaws.com/mini-mummi:mlrunner-arm,cpu-autoscale
1549,mlrunner-structure-046408069-lfv4w,Pod,,pulled,0.144575488,633731392008.dkr.ecr.us-east-1.amazonaws.com/mini-mummi:mlrunner-arm,cpu-autoscale
1550,createsim-structure-046408069,Job,createsim,successfulcreate-timestamp,1741911867.0,,cpu-autoscale
1551,createsim-structure-046408069,Job,createsim,completed-timestamp,1741912354.0,,cpu-autoscale
1552,createsim-structure-046408069,Job,createsim,running,487,,cpu-autoscale
1553,cganalysis-structure-053939089,Job,cganalysis,successfulcreate-timestamp,1741912160.0,,cpu-autoscale
1554,cganalysis-structure-053939089,Job,cganalysis,completed-timestamp,1741913949.0,,cpu-autoscale
1555,cganalysis-structure-053939089,Job,cganalysis,running,1789,,cpu-autoscale
1556,cganalysis-structure-053939089-srvdf,Pod,cganalysis,pulled-timestamp,1741912162.0,633731392008.dkr.ecr.us-east-1.amazonaws.com/mini-mummi:cganalysis-arm,cpu-autoscale
1557,cganalysis-structure-053939089-srvdf,Pod,cganalysis,pulling-timestamp,1741912160.0,633731392008.dkr.ecr.us-east-1.amazonaws.com/mini-mummi:cganalysis-arm,cpu-autoscale
1558,cganalysis-structure-053939089-srvdf,Pod,cganalysis,scheduled-timestamp,1741912160.0,633731392008.dkr.ecr.us-east-1.amazonaws.com/mini-mummi:cganalysis-arm,cpu-autoscale
1559,cganalysis-structure-053939089-srvdf,Pod,cganalysis,created-timestamp,1741912162.0,633731392008.dkr.ecr.us-east-1.amazonaws.com/mini-mummi:cganalysis-arm,cpu-autoscale
1560,cganalysis-structure-053939089-srvdf,Pod,cganalysis,created,0,633731392008.dkr.ecr.us-east-1.amazonaws.com/mini-mummi:cganalysis-arm,cpu-autoscale
1561,cganalysis-structure-053939089-srvdf,Pod,cganalysis,started-timestamp,1741912162.0,633731392008.dkr.ecr.us-east-1.amazonaws.com/mini-mummi:cganalysis-arm,cpu-autoscale
1562,cganalysis-structure-053939089-srvdf,Pod,cganalysis,started,0,633731392008.dkr.ecr.us-east-1.amazonaws.com/mini-mummi:cganalysis-arm,cpu-autoscale
1563,cganalysis-structure-053939089-srvdf,Pod,cganalysis,pulled,1.274125197,633731392008.dkr.ecr.us-east-1.amazonaws.com/mini-mummi:cganalysis-arm,cpu-autoscale
1564,cganalysis-structure-070182527,Job,cganalysis,successfulcreate-timestamp,1741912161.0,,cpu-autoscale
1565,cganalysis-structure-070182527,Job,cganalysis,completed-timestamp,1741913951.0,,cpu-autoscale
1566,cganalysis-structure-070182527,Job,cganalysis,running,1790,,cpu-autoscale
1567,cganalysis-structure-070182527-tz698,Pod,cganalysis,pulled-timestamp,1741912163.0,633731392008.dkr.ecr.us-east-1.amazonaws.com/mini-mummi:cganalysis-arm,cpu-autoscale
1568,cganalysis-structure-070182527-tz698,Pod,cganalysis,pulling-timestamp,1741912162.0,633731392008.dkr.ecr.us-east-1.amazonaws.com/mini-mummi:cganalysis-arm,cpu-autoscale
1569,cganalysis-structure-070182527-tz698,Pod,cganalysis,scheduled-timestamp,1741912161.0,633731392008.dkr.ecr.us-east-1.amazonaws.com/mini-mummi:cganalysis-arm,cpu-autoscale
1570,cganalysis-structure-070182527-tz698,Pod,cganalysis,created-timestamp,1741912163.0,633731392008.dkr.ecr.us-east-1.amazonaws.com/mini-mummi:cganalysis-arm,cpu-autoscale
1571,cganalysis-structure-070182527-tz698,Pod,cganalysis,created,0,633731392008.dkr.ecr.us-east-1.amazonaws.com/mini-mummi:cganalysis-arm,cpu-autoscale
1572,cganalysis-structure-070182527-tz698,Pod,cganalysis,started-timestamp,1741912163.0,633731392008.dkr.ecr.us-east-1.amazonaws.com/mini-mummi:cganalysis-arm,cpu-autoscale
1573,cganalysis-structure-070182527-tz698,Pod,cganalysis,started,0,633731392008.dkr.ecr.us-east-1.amazonaws.com/mini-mummi:cganalysis-arm,cpu-autoscale
1574,cganalysis-structure-070182527-tz698,Pod,cganalysis,pulled,1.172856605,633731392008.dkr.ecr.us-east-1.amazonaws.com/mini-mummi:cganalysis-arm,cpu-autoscale
1575,cganalysis-structure-017048753,Job,cganalysis,successfulcreate-timestamp,1741912164.0,,cpu-autoscale
1576,cganalysis-structure-017048753,Job,cganalysis,completed-timestamp,1741913953.0,,cpu-autoscale
1577,cganalysis-structure-017048753,Job,cganalysis,running,1789,,cpu-autoscale
1578,cganalysis-structure-017048753-26q8c,Pod,cganalysis,pulled-timestamp,1741912166.0,633731392008.dkr.ecr.us-east-1.amazonaws.com/mini-mummi:cganalysis-arm,cpu-autoscale
1579,cganalysis-structure-017048753-26q8c,Pod,cganalysis,pulling-timestamp,1741912165.0,633731392008.dkr.ecr.us-east-1.amazonaws.com/mini-mummi:cganalysis-arm,cpu-autoscale
1580,cganalysis-structure-017048753-26q8c,Pod,cganalysis,scheduled-timestamp,1741912164.0,633731392008.dkr.ecr.us-east-1.amazonaws.com/mini-mummi:cganalysis-arm,cpu-autoscale
1581,cganalysis-structure-017048753-26q8c,Pod,cganalysis,created-timestamp,1741912166.0,633731392008.dkr.ecr.us-east-1.amazonaws.com/mini-mummi:cganalysis-arm,cpu-autoscale
1582,cganalysis-structure-017048753-26q8c,Pod,cganalysis,created,0,633731392008.dkr.ecr.us-east-1.amazonaws.com/mini-mummi:cganalysis-arm,cpu-autoscale
1583,cganalysis-structure-017048753-26q8c,Pod,cganalysis,started-timestamp,1741912166.0,633731392008.dkr.ecr.us-east-1.amazonaws.com/mini-mummi:cganalysis-arm,cpu-autoscale
1584,cganalysis-structure-017048753-26q8c,Pod,cganalysis,started,0,633731392008.dkr.ecr.us-east-1.amazonaws.com/mini-mummi:cganalysis-arm,cpu-autoscale
1585,cganalysis-structure-017048753-26q8c,Pod,cganalysis,pulled,1.04556209,633731392008.dkr.ecr.us-east-1.amazonaws.com/mini-mummi:cganalysis-arm,cpu-autoscale
1586,cganalysis-structure-067658424,Job,cganalysis,successfulcreate-timestamp,1741912170.0,,cpu-autoscale
1587,cganalysis-structure-067658424,Job,cganalysis,completed-timestamp,1741913960.0,,cpu-autoscale
1588,cganalysis-structure-067658424,Job,cganalysis,running,1790,,cpu-autoscale
1589,cganalysis-structure-067658424-bfmtq,Pod,cganalysis,pulled-timestamp,1741912172.0,633731392008.dkr.ecr.us-east-1.amazonaws.com/mini-mummi:cganalysis-arm,cpu-autoscale
1590,cganalysis-structure-067658424-bfmtq,Pod,cganalysis,pulling-timestamp,1741912171.0,633731392008.dkr.ecr.us-east-1.amazonaws.com/mini-mummi:cganalysis-arm,cpu-autoscale
1591,cganalysis-structure-067658424-bfmtq,Pod,cganalysis,scheduled-timestamp,1741912171.0,633731392008.dkr.ecr.us-east-1.amazonaws.com/mini-mummi:cganalysis-arm,cpu-autoscale
1592,cganalysis-structure-067658424-bfmtq,Pod,cganalysis,created-timestamp,1741912172.0,633731392008.dkr.ecr.us-east-1.amazonaws.com/mini-mummi:cganalysis-arm,cpu-autoscale
1593,cganalysis-structure-067658424-bfmtq,Pod,cganalysis,created,0,633731392008.dkr.ecr.us-east-1.amazonaws.com/mini-mummi:cganalysis-arm,cpu-autoscale
1594,cganalysis-structure-067658424-bfmtq,Pod,cganalysis,started-timestamp,1741912172.0,633731392008.dkr.ecr.us-east-1.amazonaws.com/mini-mummi:cganalysis-arm,cpu-autoscale
1595,cganalysis-structure-067658424-bfmtq,Pod,cganalysis,started,0,633731392008.dkr.ecr.us-east-1.amazonaws.com/mini-mummi:cganalysis-arm,cpu-autoscale
1596,cganalysis-structure-067658424-bfmtq,Pod,cganalysis,pulled,1.207199072,633731392008.dkr.ecr.us-east-1.amazonaws.com/mini-mummi:cganalysis-arm,cpu-autoscale
1597,cganalysis-structure-008194736,Job,cganalysis,successfulcreate-timestamp,1741912172.0,,cpu-autoscale
1598,cganalysis-structure-008194736,Job,cganalysis,completed-timestamp,1741913962.0,,cpu-autoscale
1599,cganalysis-structure-008194736,Job,cganalysis,running,1790,,cpu-autoscale
1600,cganalysis-structure-008194736-hv49w,Pod,cganalysis,pulled-timestamp,1741912174.0,633731392008.dkr.ecr.us-east-1.amazonaws.com/mini-mummi:cganalysis-arm,cpu-autoscale
1601,cganalysis-structure-008194736-hv49w,Pod,cganalysis,pulling-timestamp,1741912173.0,633731392008.dkr.ecr.us-east-1.amazonaws.com/mini-mummi:cganalysis-arm,cpu-autoscale
1602,cganalysis-structure-008194736-hv49w,Pod,cganalysis,scheduled-timestamp,1741912172.0,633731392008.dkr.ecr.us-east-1.amazonaws.com/mini-mummi:cganalysis-arm,cpu-autoscale
1603,cganalysis-structure-008194736-hv49w,Pod,cganalysis,created-timestamp,1741912174.0,633731392008.dkr.ecr.us-east-1.amazonaws.com/mini-mummi:cganalysis-arm,cpu-autoscale
1604,cganalysis-structure-008194736-hv49w,Pod,cganalysis,created,0,633731392008.dkr.ecr.us-east-1.amazonaws.com/mini-mummi:cganalysis-arm,cpu-autoscale
1605,cganalysis-structure-008194736-hv49w,Pod,cganalysis,started-timestamp,1741912174.0,633731392008.dkr.ecr.us-east-1.amazonaws.com/mini-mummi:cganalysis-arm,cpu-autoscale
1606,cganalysis-structure-008194736-hv49w,Pod,cganalysis,started,0,633731392008.dkr.ecr.us-east-1.amazonaws.com/mini-mummi:cganalysis-arm,cpu-autoscale
1607,cganalysis-structure-008194736-hv49w,Pod,cganalysis,pulled,1.03755995,633731392008.dkr.ecr.us-east-1.amazonaws.com/mini-mummi:cganalysis-arm,cpu-autoscale
1608,cganalysis-structure-046408069,Job,cganalysis,successfulcreate-timestamp,1741912354.0,,cpu-autoscale
1609,cganalysis-structure-046408069,Job,cganalysis,completed-timestamp,1741914143.0,,cpu-autoscale
1610,cganalysis-structure-046408069,Job,cganalysis,running,1789,,cpu-autoscale
1611,cganalysis-structure-046408069-57pvw,Pod,cganalysis,pulled-timestamp,1741912356.0,633731392008.dkr.ecr.us-east-1.amazonaws.com/mini-mummi:cganalysis-arm,cpu-autoscale
1612,cganalysis-structure-046408069-57pvw,Pod,cganalysis,pulling-timestamp,1741912354.0,633731392008.dkr.ecr.us-east-1.amazonaws.com/mini-mummi:cganalysis-arm,cpu-autoscale
1613,cganalysis-structure-046408069-57pvw,Pod,cganalysis,scheduled-timestamp,1741912354.0,633731392008.dkr.ecr.us-east-1.amazonaws.com/mini-mummi:cganalysis-arm,cpu-autoscale
1614,cganalysis-structure-046408069-57pvw,Pod,cganalysis,created-timestamp,1741912356.0,633731392008.dkr.ecr.us-east-1.amazonaws.com/mini-mummi:cganalysis-arm,cpu-autoscale
1615,cganalysis-structure-046408069-57pvw,Pod,cganalysis,created,0,633731392008.dkr.ecr.us-east-1.amazonaws.com/mini-mummi:cganalysis-arm,cpu-autoscale
1616,cganalysis-structure-046408069-57pvw,Pod,cganalysis,started-timestamp,1741912356.0,633731392008.dkr.ecr.us-east-1.amazonaws.com/mini-mummi:cganalysis-arm,cpu-autoscale
1617,cganalysis-structure-046408069-57pvw,Pod,cganalysis,started,0,633731392008.dkr.ecr.us-east-1.amazonaws.com/mini-mummi:cganalysis-arm,cpu-autoscale
1618,cganalysis-structure-046408069-57pvw,Pod,cganalysis,pulled,1.130275049,633731392008.dkr.ecr.us-east-1.amazonaws.com/mini-mummi:cganalysis-arm,cpu-autoscale
1619,mlrunner-structure-011559257,Job,mlrunner,successfulcreate-timestamp,1741913949.0,,cpu-autoscale
1620,mlrunner-structure-011559257,Job,mlrunner,completed-timestamp,1741914006.0,,cpu-autoscale
1621,mlrunner-structure-011559257,Job,mlrunner,running,57,,cpu-autoscale
1622,mlrunner-structure-011559257-5988x,Pod,,pulled-timestamp,1741913950.0,633731392008.dkr.ecr.us-east-1.amazonaws.com/mini-mummi:mlrunner-arm,cpu-autoscale
1623,mlrunner-structure-011559257-5988x,Pod,,pulling-timestamp,1741913950.0,633731392008.dkr.ecr.us-east-1.amazonaws.com/mini-mummi:mlrunner-arm,cpu-autoscale
1624,mlrunner-structure-011559257-5988x,Pod,,scheduled-timestamp,1741913949.0,633731392008.dkr.ecr.us-east-1.amazonaws.com/mini-mummi:mlrunner-arm,cpu-autoscale
1625,mlrunner-structure-011559257-5988x,Pod,,created-timestamp,1741913950.0,633731392008.dkr.ecr.us-east-1.amazonaws.com/mini-mummi:mlrunner-arm,cpu-autoscale
1626,mlrunner-structure-011559257-5988x,Pod,,created,0,633731392008.dkr.ecr.us-east-1.amazonaws.com/mini-mummi:mlrunner-arm,cpu-autoscale
1627,mlrunner-structure-011559257-5988x,Pod,,started-timestamp,1741913950.0,633731392008.dkr.ecr.us-east-1.amazonaws.com/mini-mummi:mlrunner-arm,cpu-autoscale
1628,mlrunner-structure-011559257-5988x,Pod,,started,0,633731392008.dkr.ecr.us-east-1.amazonaws.com/mini-mummi:mlrunner-arm,cpu-autoscale
1629,mlrunner-structure-011559257-5988x,Pod,,pulled,0.164097747,633731392008.dkr.ecr.us-east-1.amazonaws.com/mini-mummi:mlrunner-arm,cpu-autoscale
1630,mlrunner-structure-059776054,Job,mlrunner,successfulcreate-timestamp,1741913951.0,,cpu-autoscale
1631,mlrunner-structure-059776054,Job,mlrunner,completed-timestamp,1741914008.0,,cpu-autoscale
1632,mlrunner-structure-059776054,Job,mlrunner,running,57,,cpu-autoscale
1633,mlrunner-structure-059776054-w76z2,Pod,,pulled-timestamp,1741913951.0,633731392008.dkr.ecr.us-east-1.amazonaws.com/mini-mummi:mlrunner-arm,cpu-autoscale
1634,mlrunner-structure-059776054-w76z2,Pod,,pulling-timestamp,1741913951.0,633731392008.dkr.ecr.us-east-1.amazonaws.com/mini-mummi:mlrunner-arm,cpu-autoscale
1635,mlrunner-structure-059776054-w76z2,Pod,,scheduled-timestamp,1741913951.0,633731392008.dkr.ecr.us-east-1.amazonaws.com/mini-mummi:mlrunner-arm,cpu-autoscale
1636,mlrunner-structure-059776054-w76z2,Pod,,created-timestamp,1741913951.0,633731392008.dkr.ecr.us-east-1.amazonaws.com/mini-mummi:mlrunner-arm,cpu-autoscale
1637,mlrunner-structure-059776054-w76z2,Pod,,created,0,633731392008.dkr.ecr.us-east-1.amazonaws.com/mini-mummi:mlrunner-arm,cpu-autoscale
1638,mlrunner-structure-059776054-w76z2,Pod,,started-timestamp,1741913951.0,633731392008.dkr.ecr.us-east-1.amazonaws.com/mini-mummi:mlrunner-arm,cpu-autoscale
1639,mlrunner-structure-059776054-w76z2,Pod,,started,0,633731392008.dkr.ecr.us-east-1.amazonaws.com/mini-mummi:mlrunner-arm,cpu-autoscale
1640,mlrunner-structure-059776054-w76z2,Pod,,pulled,0.145559735,633731392008.dkr.ecr.us-east-1.amazonaws.com/mini-mummi:mlrunner-arm,cpu-autoscale
1641,mlrunner-structure-088737882,Job,mlrunner,successfulcreate-timestamp,1741913953.0,,cpu-autoscale
1642,mlrunner-structure-088737882,Job,mlrunner,completed-timestamp,1741914006.0,,cpu-autoscale
1643,mlrunner-structure-088737882,Job,mlrunner,running,53,,cpu-autoscale
1644,mlrunner-structure-088737882-vcch5,Pod,,pulled-timestamp,1741913953.0,633731392008.dkr.ecr.us-east-1.amazonaws.com/mini-mummi:mlrunner-arm,cpu-autoscale
1645,mlrunner-structure-088737882-vcch5,Pod,,pulling-timestamp,1741913953.0,633731392008.dkr.ecr.us-east-1.amazonaws.com/mini-mummi:mlrunner-arm,cpu-autoscale
1646,mlrunner-structure-088737882-vcch5,Pod,,scheduled-timestamp,1741913953.0,633731392008.dkr.ecr.us-east-1.amazonaws.com/mini-mummi:mlrunner-arm,cpu-autoscale
1647,mlrunner-structure-088737882-vcch5,Pod,,created-timestamp,1741913954.0,633731392008.dkr.ecr.us-east-1.amazonaws.com/mini-mummi:mlrunner-arm,cpu-autoscale
1648,mlrunner-structure-088737882-vcch5,Pod,,created,1,633731392008.dkr.ecr.us-east-1.amazonaws.com/mini-mummi:mlrunner-arm,cpu-autoscale
1649,mlrunner-structure-088737882-vcch5,Pod,,started-timestamp,1741913954.0,633731392008.dkr.ecr.us-east-1.amazonaws.com/mini-mummi:mlrunner-arm,cpu-autoscale
1650,mlrunner-structure-088737882-vcch5,Pod,,started,0,633731392008.dkr.ecr.us-east-1.amazonaws.com/mini-mummi:mlrunner-arm,cpu-autoscale
1651,mlrunner-structure-088737882-vcch5,Pod,,pulled,0.151657671,633731392008.dkr.ecr.us-east-1.amazonaws.com/mini-mummi:mlrunner-arm,cpu-autoscale
1652,mlrunner-structure-018596543,Job,mlrunner,successfulcreate-timestamp,1741913960.0,,cpu-autoscale
1653,mlrunner-structure-018596543,Job,mlrunner,completed-timestamp,1741914017.0,,cpu-autoscale
1654,mlrunner-structure-018596543,Job,mlrunner,running,57,,cpu-autoscale
1655,mlrunner-structure-018596543-qvfjw,Pod,,pulled-timestamp,1741913961.0,633731392008.dkr.ecr.us-east-1.amazonaws.com/mini-mummi:mlrunner-arm,cpu-autoscale
1656,mlrunner-structure-018596543-qvfjw,Pod,,pulling-timestamp,1741913961.0,633731392008.dkr.ecr.us-east-1.amazonaws.com/mini-mummi:mlrunner-arm,cpu-autoscale
1657,mlrunner-structure-018596543-qvfjw,Pod,,scheduled-timestamp,1741913960.0,633731392008.dkr.ecr.us-east-1.amazonaws.com/mini-mummi:mlrunner-arm,cpu-autoscale
1658,mlrunner-structure-018596543-qvfjw,Pod,,created-timestamp,1741913961.0,633731392008.dkr.ecr.us-east-1.amazonaws.com/mini-mummi:mlrunner-arm,cpu-autoscale
1659,mlrunner-structure-018596543-qvfjw,Pod,,created,0,633731392008.dkr.ecr.us-east-1.amazonaws.com/mini-mummi:mlrunner-arm,cpu-autoscale
1660,mlrunner-structure-018596543-qvfjw,Pod,,started-timestamp,1741913961.0,633731392008.dkr.ecr.us-east-1.amazonaws.com/mini-mummi:mlrunner-arm,cpu-autoscale
1661,mlrunner-structure-018596543-qvfjw,Pod,,started,0,633731392008.dkr.ecr.us-east-1.amazonaws.com/mini-mummi:mlrunner-arm,cpu-autoscale
1662,mlrunner-structure-018596543-qvfjw,Pod,,pulled,0.157205138,633731392008.dkr.ecr.us-east-1.amazonaws.com/mini-mummi:mlrunner-arm,cpu-autoscale
1663,createsim-structure-088737882,Job,createsim,successfulcreate-timestamp,1741914006.0,,cpu-autoscale
1664,createsim-structure-088737882,Job,createsim,completed-timestamp,1741914503.0,,cpu-autoscale
1665,createsim-structure-088737882,Job,createsim,running,497,,cpu-autoscale
1666,createsim-structure-011559257,Job,createsim,successfulcreate-timestamp,1741914006.0,,cpu-autoscale
1667,createsim-structure-011559257,Job,createsim,completed-timestamp,1741914493.0,,cpu-autoscale
1668,createsim-structure-011559257,Job,createsim,running,487,,cpu-autoscale
1669,createsim-structure-059776054,Job,createsim,successfulcreate-timestamp,1741914008.0,,cpu-autoscale
1670,createsim-structure-059776054,Job,createsim,completed-timestamp,1741914482.0,,cpu-autoscale
1671,createsim-structure-059776054,Job,createsim,running,474,,cpu-autoscale
1672,createsim-structure-018596543,Job,createsim,successfulcreate-timestamp,1741914017.0,,cpu-autoscale
1673,createsim-structure-018596543,Job,createsim,completed-timestamp,1741914499.0,,cpu-autoscale
1674,createsim-structure-018596543,Job,createsim,running,482,,cpu-autoscale
1675,metrics-server-7794986bdb-wqtx2,Pod,,pulled-timestamp,1741914269.0,602401143452.dkr.ecr.us-east-1.amazonaws.com/eks/metrics-server:v0.7.2-eksbuild.2,cpu-autoscale
1676,metrics-server-7794986bdb-wqtx2,Pod,,pulling-timestamp,1741914268.0,602401143452.dkr.ecr.us-east-1.amazonaws.com/eks/metrics-server:v0.7.2-eksbuild.2,cpu-autoscale
1677,metrics-server-7794986bdb-wqtx2,Pod,,scheduled-timestamp,1741914268.0,602401143452.dkr.ecr.us-east-1.amazonaws.com/eks/metrics-server:v0.7.2-eksbuild.2,cpu-autoscale
1678,metrics-server-7794986bdb-wqtx2,Pod,,created-timestamp,1741914269.0,602401143452.dkr.ecr.us-east-1.amazonaws.com/eks/metrics-server:v0.7.2-eksbuild.2,cpu-autoscale
1679,metrics-server-7794986bdb-wqtx2,Pod,,created,0,602401143452.dkr.ecr.us-east-1.amazonaws.com/eks/metrics-server:v0.7.2-eksbuild.2,cpu-autoscale
1680,metrics-server-7794986bdb-wqtx2,Pod,,started-timestamp,1741914269.0,602401143452.dkr.ecr.us-east-1.amazonaws.com/eks/metrics-server:v0.7.2-eksbuild.2,cpu-autoscale
1681,metrics-server-7794986bdb-wqtx2,Pod,,started,0,602401143452.dkr.ecr.us-east-1.amazonaws.com/eks/metrics-server:v0.7.2-eksbuild.2,cpu-autoscale
1682,metrics-server-7794986bdb-wqtx2,Pod,,pulled,0.994713565,602401143452.dkr.ecr.us-east-1.amazonaws.com/eks/metrics-server:v0.7.2-eksbuild.2,cpu-autoscale
1683,coredns-d9b6d6c7d-xh8ts,Pod,,pulled-timestamp,1741914269.0,602401143452.dkr.ecr.us-east-1.amazonaws.com/eks/coredns:v1.10.1-eksbuild.4,cpu-autoscale
1684,coredns-d9b6d6c7d-xh8ts,Pod,,pulling-timestamp,1741914268.0,602401143452.dkr.ecr.us-east-1.amazonaws.com/eks/coredns:v1.10.1-eksbuild.4,cpu-autoscale
1685,coredns-d9b6d6c7d-xh8ts,Pod,,scheduled-timestamp,1741914268.0,602401143452.dkr.ecr.us-east-1.amazonaws.com/eks/coredns:v1.10.1-eksbuild.4,cpu-autoscale
1686,coredns-d9b6d6c7d-xh8ts,Pod,,created-timestamp,1741914269.0,602401143452.dkr.ecr.us-east-1.amazonaws.com/eks/coredns:v1.10.1-eksbuild.4,cpu-autoscale
1687,coredns-d9b6d6c7d-xh8ts,Pod,,created,0,602401143452.dkr.ecr.us-east-1.amazonaws.com/eks/coredns:v1.10.1-eksbuild.4,cpu-autoscale
1688,coredns-d9b6d6c7d-xh8ts,Pod,,started-timestamp,1741914269.0,602401143452.dkr.ecr.us-east-1.amazonaws.com/eks/coredns:v1.10.1-eksbuild.4,cpu-autoscale
1689,coredns-d9b6d6c7d-xh8ts,Pod,,started,0,602401143452.dkr.ecr.us-east-1.amazonaws.com/eks/coredns:v1.10.1-eksbuild.4,cpu-autoscale
1690,coredns-d9b6d6c7d-xh8ts,Pod,,pulled,0.867721275,602401143452.dkr.ecr.us-east-1.amazonaws.com/eks/coredns:v1.10.1-eksbuild.4,cpu-autoscale
1691,aws-node-pnw54,Pod,,pulled-timestamp,1741914269.0,602401143452.dkr.ecr.us-east-1.amazonaws.com/amazon/aws-network-policy-agent:v1.1.5-eksbuild.1,cpu-autoscale
1692,aws-node-pnw54,Pod,,pulling-timestamp,1741914269.0,602401143452.dkr.ecr.us-east-1.amazonaws.com/amazon/aws-network-policy-agent:v1.1.5-eksbuild.1,cpu-autoscale
1693,aws-node-pnw54,Pod,,scheduled-timestamp,1741914268.0,602401143452.dkr.ecr.us-east-1.amazonaws.com/amazon/aws-network-policy-agent:v1.1.5-eksbuild.1,cpu-autoscale
1694,aws-node-pnw54,Pod,,created-timestamp,1741914269.0,602401143452.dkr.ecr.us-east-1.amazonaws.com/amazon/aws-network-policy-agent:v1.1.5-eksbuild.1,cpu-autoscale
1695,aws-node-pnw54,Pod,,created,0,602401143452.dkr.ecr.us-east-1.amazonaws.com/amazon/aws-network-policy-agent:v1.1.5-eksbuild.1,cpu-autoscale
1696,aws-node-pnw54,Pod,,started-timestamp,1741914269.0,602401143452.dkr.ecr.us-east-1.amazonaws.com/amazon/aws-network-policy-agent:v1.1.5-eksbuild.1,cpu-autoscale
1697,aws-node-pnw54,Pod,,started,0,602401143452.dkr.ecr.us-east-1.amazonaws.com/amazon/aws-network-policy-agent:v1.1.5-eksbuild.1,cpu-autoscale
1698,aws-node-pnw54,Pod,,pulled,0.11767807500000001,602401143452.dkr.ecr.us-east-1.amazonaws.com/amazon/aws-network-policy-agent:v1.1.5-eksbuild.1,cpu-autoscale
1699,coredns-d9b6d6c7d-75hpf,Pod,,pulled-timestamp,1741914281.0,602401143452.dkr.ecr.us-east-1.amazonaws.com/eks/coredns:v1.10.1-eksbuild.4,cpu-autoscale
1700,coredns-d9b6d6c7d-75hpf,Pod,,pulling-timestamp,1741914279.0,602401143452.dkr.ecr.us-east-1.amazonaws.com/eks/coredns:v1.10.1-eksbuild.4,cpu-autoscale
1701,coredns-d9b6d6c7d-75hpf,Pod,,scheduled-timestamp,1741914278.0,602401143452.dkr.ecr.us-east-1.amazonaws.com/eks/coredns:v1.10.1-eksbuild.4,cpu-autoscale
1702,coredns-d9b6d6c7d-75hpf,Pod,,created-timestamp,1741914281.0,602401143452.dkr.ecr.us-east-1.amazonaws.com/eks/coredns:v1.10.1-eksbuild.4,cpu-autoscale
1703,coredns-d9b6d6c7d-75hpf,Pod,,created,0,602401143452.dkr.ecr.us-east-1.amazonaws.com/eks/coredns:v1.10.1-eksbuild.4,cpu-autoscale
1704,coredns-d9b6d6c7d-75hpf,Pod,,started-timestamp,1741914281.0,602401143452.dkr.ecr.us-east-1.amazonaws.com/eks/coredns:v1.10.1-eksbuild.4,cpu-autoscale
1705,coredns-d9b6d6c7d-75hpf,Pod,,started,0,602401143452.dkr.ecr.us-east-1.amazonaws.com/eks/coredns:v1.10.1-eksbuild.4,cpu-autoscale
1706,coredns-d9b6d6c7d-75hpf,Pod,,pulled,1.611516988,602401143452.dkr.ecr.us-east-1.amazonaws.com/eks/coredns:v1.10.1-eksbuild.4,cpu-autoscale
1707,metrics-server-7794986bdb-zg8t7,Pod,,pulled-timestamp,1741914301.0,602401143452.dkr.ecr.us-east-1.amazonaws.com/eks/metrics-server:v0.7.2-eksbuild.2,cpu-autoscale
1708,metrics-server-7794986bdb-zg8t7,Pod,,pulling-timestamp,1741914299.0,602401143452.dkr.ecr.us-east-1.amazonaws.com/eks/metrics-server:v0.7.2-eksbuild.2,cpu-autoscale
1709,metrics-server-7794986bdb-zg8t7,Pod,,scheduled-timestamp,1741914298.0,602401143452.dkr.ecr.us-east-1.amazonaws.com/eks/metrics-server:v0.7.2-eksbuild.2,cpu-autoscale
1710,metrics-server-7794986bdb-zg8t7,Pod,,created-timestamp,1741914301.0,602401143452.dkr.ecr.us-east-1.amazonaws.com/eks/metrics-server:v0.7.2-eksbuild.2,cpu-autoscale
1711,metrics-server-7794986bdb-zg8t7,Pod,,created,0,602401143452.dkr.ecr.us-east-1.amazonaws.com/eks/metrics-server:v0.7.2-eksbuild.2,cpu-autoscale
1712,metrics-server-7794986bdb-zg8t7,Pod,,started-timestamp,1741914301.0,602401143452.dkr.ecr.us-east-1.amazonaws.com/eks/metrics-server:v0.7.2-eksbuild.2,cpu-autoscale
1713,metrics-server-7794986bdb-zg8t7,Pod,,started,0,602401143452.dkr.ecr.us-east-1.amazonaws.com/eks/metrics-server:v0.7.2-eksbuild.2,cpu-autoscale
1714,metrics-server-7794986bdb-zg8t7,Pod,,pulled,1.694431889,602401143452.dkr.ecr.us-east-1.amazonaws.com/eks/metrics-server:v0.7.2-eksbuild.2,cpu-autoscale
1715,cganalysis-structure-059776054,Job,cganalysis,successfulcreate-timestamp,1741914482.0,,cpu-autoscale
1716,cganalysis-structure-059776054,Job,cganalysis,completed-timestamp,1741916271.0,,cpu-autoscale
1717,cganalysis-structure-059776054,Job,cganalysis,running,1789,,cpu-autoscale
1718,cganalysis-structure-059776054-xmdnb,Pod,cganalysis,pulled-timestamp,1741914483.0,633731392008.dkr.ecr.us-east-1.amazonaws.com/mini-mummi:cganalysis-arm,cpu-autoscale
1719,cganalysis-structure-059776054-xmdnb,Pod,cganalysis,pulling-timestamp,1741914483.0,633731392008.dkr.ecr.us-east-1.amazonaws.com/mini-mummi:cganalysis-arm,cpu-autoscale
1720,cganalysis-structure-059776054-xmdnb,Pod,cganalysis,scheduled-timestamp,1741914482.0,633731392008.dkr.ecr.us-east-1.amazonaws.com/mini-mummi:cganalysis-arm,cpu-autoscale
1721,cganalysis-structure-059776054-xmdnb,Pod,cganalysis,created-timestamp,1741914483.0,633731392008.dkr.ecr.us-east-1.amazonaws.com/mini-mummi:cganalysis-arm,cpu-autoscale
1722,cganalysis-structure-059776054-xmdnb,Pod,cganalysis,created,0,633731392008.dkr.ecr.us-east-1.amazonaws.com/mini-mummi:cganalysis-arm,cpu-autoscale
1723,cganalysis-structure-059776054-xmdnb,Pod,cganalysis,started-timestamp,1741914483.0,633731392008.dkr.ecr.us-east-1.amazonaws.com/mini-mummi:cganalysis-arm,cpu-autoscale
1724,cganalysis-structure-059776054-xmdnb,Pod,cganalysis,started,0,633731392008.dkr.ecr.us-east-1.amazonaws.com/mini-mummi:cganalysis-arm,cpu-autoscale
1725,cganalysis-structure-059776054-xmdnb,Pod,cganalysis,pulled,0.230262698,633731392008.dkr.ecr.us-east-1.amazonaws.com/mini-mummi:cganalysis-arm,cpu-autoscale
1726,cganalysis-structure-011559257,Job,cganalysis,successfulcreate-timestamp,1741914493.0,,cpu-autoscale
1727,cganalysis-structure-011559257,Job,cganalysis,completed-timestamp,1741916280.0,,cpu-autoscale
1728,cganalysis-structure-011559257,Job,cganalysis,running,1787,,cpu-autoscale
1729,cganalysis-structure-011559257-h76t7,Pod,cganalysis,pulled-timestamp,1741914493.0,633731392008.dkr.ecr.us-east-1.amazonaws.com/mini-mummi:cganalysis-arm,cpu-autoscale
1730,cganalysis-structure-011559257-h76t7,Pod,cganalysis,pulling-timestamp,1741914493.0,633731392008.dkr.ecr.us-east-1.amazonaws.com/mini-mummi:cganalysis-arm,cpu-autoscale
1731,cganalysis-structure-011559257-h76t7,Pod,cganalysis,scheduled-timestamp,1741914493.0,633731392008.dkr.ecr.us-east-1.amazonaws.com/mini-mummi:cganalysis-arm,cpu-autoscale
1732,cganalysis-structure-011559257-h76t7,Pod,cganalysis,created-timestamp,1741914493.0,633731392008.dkr.ecr.us-east-1.amazonaws.com/mini-mummi:cganalysis-arm,cpu-autoscale
1733,cganalysis-structure-011559257-h76t7,Pod,cganalysis,created,0,633731392008.dkr.ecr.us-east-1.amazonaws.com/mini-mummi:cganalysis-arm,cpu-autoscale
1734,cganalysis-structure-011559257-h76t7,Pod,cganalysis,started-timestamp,1741914493.0,633731392008.dkr.ecr.us-east-1.amazonaws.com/mini-mummi:cganalysis-arm,cpu-autoscale
1735,cganalysis-structure-011559257-h76t7,Pod,cganalysis,started,0,633731392008.dkr.ecr.us-east-1.amazonaws.com/mini-mummi:cganalysis-arm,cpu-autoscale
1736,cganalysis-structure-011559257-h76t7,Pod,cganalysis,pulled,0.157783875,633731392008.dkr.ecr.us-east-1.amazonaws.com/mini-mummi:cganalysis-arm,cpu-autoscale
1737,cganalysis-structure-018596543,Job,cganalysis,successfulcreate-timestamp,1741914499.0,,cpu-autoscale
1738,cganalysis-structure-018596543,Job,cganalysis,completed-timestamp,1741916287.0,,cpu-autoscale
1739,cganalysis-structure-018596543,Job,cganalysis,running,1788,,cpu-autoscale
1740,cganalysis-structure-018596543-k89qh,Pod,cganalysis,pulled-timestamp,1741914500.0,633731392008.dkr.ecr.us-east-1.amazonaws.com/mini-mummi:cganalysis-arm,cpu-autoscale
1741,cganalysis-structure-018596543-k89qh,Pod,cganalysis,pulling-timestamp,1741914500.0,633731392008.dkr.ecr.us-east-1.amazonaws.com/mini-mummi:cganalysis-arm,cpu-autoscale
1742,cganalysis-structure-018596543-k89qh,Pod,cganalysis,scheduled-timestamp,1741914499.0,633731392008.dkr.ecr.us-east-1.amazonaws.com/mini-mummi:cganalysis-arm,cpu-autoscale
1743,cganalysis-structure-018596543-k89qh,Pod,cganalysis,created-timestamp,1741914500.0,633731392008.dkr.ecr.us-east-1.amazonaws.com/mini-mummi:cganalysis-arm,cpu-autoscale
1744,cganalysis-structure-018596543-k89qh,Pod,cganalysis,created,0,633731392008.dkr.ecr.us-east-1.amazonaws.com/mini-mummi:cganalysis-arm,cpu-autoscale
1745,cganalysis-structure-018596543-k89qh,Pod,cganalysis,started-timestamp,1741914500.0,633731392008.dkr.ecr.us-east-1.amazonaws.com/mini-mummi:cganalysis-arm,cpu-autoscale
1746,cganalysis-structure-018596543-k89qh,Pod,cganalysis,started,0,633731392008.dkr.ecr.us-east-1.amazonaws.com/mini-mummi:cganalysis-arm,cpu-autoscale
1747,cganalysis-structure-018596543-k89qh,Pod,cganalysis,pulled,0.150930868,633731392008.dkr.ecr.us-east-1.amazonaws.com/mini-mummi:cganalysis-arm,cpu-autoscale
1748,cganalysis-structure-088737882,Job,cganalysis,successfulcreate-timestamp,1741914503.0,,cpu-autoscale
1749,cganalysis-structure-088737882,Job,cganalysis,completed-timestamp,1741916291.0,,cpu-autoscale
1750,cganalysis-structure-088737882,Job,cganalysis,running,1788,,cpu-autoscale
1751,cganalysis-structure-088737882-cd72q,Pod,cganalysis,pulled-timestamp,1741914503.0,633731392008.dkr.ecr.us-east-1.amazonaws.com/mini-mummi:cganalysis-arm,cpu-autoscale
1752,cganalysis-structure-088737882-cd72q,Pod,cganalysis,pulling-timestamp,1741914503.0,633731392008.dkr.ecr.us-east-1.amazonaws.com/mini-mummi:cganalysis-arm,cpu-autoscale
1753,cganalysis-structure-088737882-cd72q,Pod,cganalysis,scheduled-timestamp,1741914503.0,633731392008.dkr.ecr.us-east-1.amazonaws.com/mini-mummi:cganalysis-arm,cpu-autoscale
1754,cganalysis-structure-088737882-cd72q,Pod,cganalysis,created-timestamp,1741914503.0,633731392008.dkr.ecr.us-east-1.amazonaws.com/mini-mummi:cganalysis-arm,cpu-autoscale
1755,cganalysis-structure-088737882-cd72q,Pod,cganalysis,created,0,633731392008.dkr.ecr.us-east-1.amazonaws.com/mini-mummi:cganalysis-arm,cpu-autoscale
1756,cganalysis-structure-088737882-cd72q,Pod,cganalysis,started-timestamp,1741914504.0,633731392008.dkr.ecr.us-east-1.amazonaws.com/mini-mummi:cganalysis-arm,cpu-autoscale
1757,cganalysis-structure-088737882-cd72q,Pod,cganalysis,started,1,633731392008.dkr.ecr.us-east-1.amazonaws.com/mini-mummi:cganalysis-arm,cpu-autoscale
1758,cganalysis-structure-088737882-cd72q,Pod,cganalysis,pulled,0.1882858,633731392008.dkr.ecr.us-east-1.amazonaws.com/mini-mummi:cganalysis-arm,cpu-autoscale
1759,metrics-server-7794986bdb-wn2pp,Pod,,pulled-timestamp,1741916407.0,602401143452.dkr.ecr.us-east-1.amazonaws.com/eks/metrics-server:v0.7.2-eksbuild.2,cpu-autoscale
1760,metrics-server-7794986bdb-wn2pp,Pod,,pulling-timestamp,1741916406.0,602401143452.dkr.ecr.us-east-1.amazonaws.com/eks/metrics-server:v0.7.2-eksbuild.2,cpu-autoscale
1761,metrics-server-7794986bdb-wn2pp,Pod,,scheduled-timestamp,1741916406.0,602401143452.dkr.ecr.us-east-1.amazonaws.com/eks/metrics-server:v0.7.2-eksbuild.2,cpu-autoscale
1762,metrics-server-7794986bdb-wn2pp,Pod,,created-timestamp,1741916407.0,602401143452.dkr.ecr.us-east-1.amazonaws.com/eks/metrics-server:v0.7.2-eksbuild.2,cpu-autoscale
1763,metrics-server-7794986bdb-wn2pp,Pod,,created,0,602401143452.dkr.ecr.us-east-1.amazonaws.com/eks/metrics-server:v0.7.2-eksbuild.2,cpu-autoscale
1764,metrics-server-7794986bdb-wn2pp,Pod,,started-timestamp,1741916407.0,602401143452.dkr.ecr.us-east-1.amazonaws.com/eks/metrics-server:v0.7.2-eksbuild.2,cpu-autoscale
1765,metrics-server-7794986bdb-wn2pp,Pod,,started,0,602401143452.dkr.ecr.us-east-1.amazonaws.com/eks/metrics-server:v0.7.2-eksbuild.2,cpu-autoscale
1766,metrics-server-7794986bdb-wn2pp,Pod,,pulled,1.23126726,602401143452.dkr.ecr.us-east-1.amazonaws.com/eks/metrics-server:v0.7.2-eksbuild.2,cpu-autoscale
1767,aws-node-7gfth,Pod,,pulled-timestamp,1741916408.0,602401143452.dkr.ecr.us-east-1.amazonaws.com/amazon/aws-network-policy-agent:v1.1.5-eksbuild.1,cpu-autoscale
1768,aws-node-7gfth,Pod,,pulling-timestamp,1741916407.0,602401143452.dkr.ecr.us-east-1.amazonaws.com/amazon/aws-network-policy-agent:v1.1.5-eksbuild.1,cpu-autoscale
1769,aws-node-7gfth,Pod,,scheduled-timestamp,1741916406.0,602401143452.dkr.ecr.us-east-1.amazonaws.com/amazon/aws-network-policy-agent:v1.1.5-eksbuild.1,cpu-autoscale
1770,aws-node-7gfth,Pod,,created-timestamp,1741916408.0,602401143452.dkr.ecr.us-east-1.amazonaws.com/amazon/aws-network-policy-agent:v1.1.5-eksbuild.1,cpu-autoscale
1771,aws-node-7gfth,Pod,,created,0,602401143452.dkr.ecr.us-east-1.amazonaws.com/amazon/aws-network-policy-agent:v1.1.5-eksbuild.1,cpu-autoscale
1772,aws-node-7gfth,Pod,,started-timestamp,1741916408.0,602401143452.dkr.ecr.us-east-1.amazonaws.com/amazon/aws-network-policy-agent:v1.1.5-eksbuild.1,cpu-autoscale
1773,aws-node-7gfth,Pod,,started,0,602401143452.dkr.ecr.us-east-1.amazonaws.com/amazon/aws-network-policy-agent:v1.1.5-eksbuild.1,cpu-autoscale
1774,aws-node-7gfth,Pod,,pulled,0.104953276,602401143452.dkr.ecr.us-east-1.amazonaws.com/amazon/aws-network-policy-agent:v1.1.5-eksbuild.1,cpu-autoscale
1775,aws-node-52vgz,Pod,,pulled-timestamp,1742064576.0,602401143452.dkr.ecr.us-east-1.amazonaws.com/amazon/aws-network-policy-agent:v1.1.5-eksbuild.1,cpu-autoscale
1776,aws-node-52vgz,Pod,,pulling-timestamp,1742064575.0,602401143452.dkr.ecr.us-east-1.amazonaws.com/amazon/aws-network-policy-agent:v1.1.5-eksbuild.1,cpu-autoscale
1777,aws-node-52vgz,Pod,,scheduled-timestamp,1742064563.0,602401143452.dkr.ecr.us-east-1.amazonaws.com/amazon/aws-network-policy-agent:v1.1.5-eksbuild.1,cpu-autoscale
1778,aws-node-52vgz,Pod,,created-timestamp,1742064576.0,602401143452.dkr.ecr.us-east-1.amazonaws.com/amazon/aws-network-policy-agent:v1.1.5-eksbuild.1,cpu-autoscale
1779,aws-node-52vgz,Pod,,created,0,602401143452.dkr.ecr.us-east-1.amazonaws.com/amazon/aws-network-policy-agent:v1.1.5-eksbuild.1,cpu-autoscale
1780,aws-node-52vgz,Pod,,started-timestamp,1742064576.0,602401143452.dkr.ecr.us-east-1.amazonaws.com/amazon/aws-network-policy-agent:v1.1.5-eksbuild.1,cpu-autoscale
1781,aws-node-52vgz,Pod,,started,0,602401143452.dkr.ecr.us-east-1.amazonaws.com/amazon/aws-network-policy-agent:v1.1.5-eksbuild.1,cpu-autoscale
1782,aws-node-52vgz,Pod,,pulled,1.001199023,602401143452.dkr.ecr.us-east-1.amazonaws.com/amazon/aws-network-policy-agent:v1.1.5-eksbuild.1,cpu-autoscale
1783,aws-node-6mhg6,Pod,,pulled-timestamp,1742064580.0,602401143452.dkr.ecr.us-east-1.amazonaws.com/amazon/aws-network-policy-agent:v1.1.5-eksbuild.1,cpu-autoscale
1784,aws-node-6mhg6,Pod,,pulling-timestamp,1742064579.0,602401143452.dkr.ecr.us-east-1.amazonaws.com/amazon/aws-network-policy-agent:v1.1.5-eksbuild.1,cpu-autoscale
1785,aws-node-6mhg6,Pod,,scheduled-timestamp,1742064569.0,602401143452.dkr.ecr.us-east-1.amazonaws.com/amazon/aws-network-policy-agent:v1.1.5-eksbuild.1,cpu-autoscale
1786,aws-node-6mhg6,Pod,,created-timestamp,1742064580.0,602401143452.dkr.ecr.us-east-1.amazonaws.com/amazon/aws-network-policy-agent:v1.1.5-eksbuild.1,cpu-autoscale
1787,aws-node-6mhg6,Pod,,created,0,602401143452.dkr.ecr.us-east-1.amazonaws.com/amazon/aws-network-policy-agent:v1.1.5-eksbuild.1,cpu-autoscale
1788,aws-node-6mhg6,Pod,,started-timestamp,1742064580.0,602401143452.dkr.ecr.us-east-1.amazonaws.com/amazon/aws-network-policy-agent:v1.1.5-eksbuild.1,cpu-autoscale
1789,aws-node-6mhg6,Pod,,started,0,602401143452.dkr.ecr.us-east-1.amazonaws.com/amazon/aws-network-policy-agent:v1.1.5-eksbuild.1,cpu-autoscale
1790,aws-node-6mhg6,Pod,,pulled,1.000822594,602401143452.dkr.ecr.us-east-1.amazonaws.com/amazon/aws-network-policy-agent:v1.1.5-eksbuild.1,cpu-autoscale
1791,aws-node-bvzng,Pod,,pulled-timestamp,1742064581.0,602401143452.dkr.ecr.us-east-1.amazonaws.com/amazon/aws-network-policy-agent:v1.1.5-eksbuild.1,cpu-autoscale
1792,aws-node-bvzng,Pod,,pulling-timestamp,1742064580.0,602401143452.dkr.ecr.us-east-1.amazonaws.com/amazon/aws-network-policy-agent:v1.1.5-eksbuild.1,cpu-autoscale
1793,aws-node-bvzng,Pod,,scheduled-timestamp,1742064569.0,602401143452.dkr.ecr.us-east-1.amazonaws.com/amazon/aws-network-policy-agent:v1.1.5-eksbuild.1,cpu-autoscale
1794,aws-node-bvzng,Pod,,created-timestamp,1742064581.0,602401143452.dkr.ecr.us-east-1.amazonaws.com/amazon/aws-network-policy-agent:v1.1.5-eksbuild.1,cpu-autoscale
1795,aws-node-bvzng,Pod,,created,0,602401143452.dkr.ecr.us-east-1.amazonaws.com/amazon/aws-network-policy-agent:v1.1.5-eksbuild.1,cpu-autoscale
1796,aws-node-bvzng,Pod,,started-timestamp,1742064581.0,602401143452.dkr.ecr.us-east-1.amazonaws.com/amazon/aws-network-policy-agent:v1.1.5-eksbuild.1,cpu-autoscale
1797,aws-node-bvzng,Pod,,started,0,602401143452.dkr.ecr.us-east-1.amazonaws.com/amazon/aws-network-policy-agent:v1.1.5-eksbuild.1,cpu-autoscale
1798,aws-node-bvzng,Pod,,pulled,0.979202233,602401143452.dkr.ecr.us-east-1.amazonaws.com/amazon/aws-network-policy-agent:v1.1.5-eksbuild.1,cpu-autoscale
1799,aws-node-mtm5f,Pod,,pulled-timestamp,1742064606.0,602401143452.dkr.ecr.us-east-1.amazonaws.com/amazon/aws-network-policy-agent:v1.1.5-eksbuild.1,cpu-autoscale
1800,aws-node-mtm5f,Pod,,pulling-timestamp,1742064605.0,602401143452.dkr.ecr.us-east-1.amazonaws.com/amazon/aws-network-policy-agent:v1.1.5-eksbuild.1,cpu-autoscale
1801,aws-node-mtm5f,Pod,,scheduled-timestamp,1742064593.0,602401143452.dkr.ecr.us-east-1.amazonaws.com/amazon/aws-network-policy-agent:v1.1.5-eksbuild.1,cpu-autoscale
1802,aws-node-mtm5f,Pod,,created-timestamp,1742064606.0,602401143452.dkr.ecr.us-east-1.amazonaws.com/amazon/aws-network-policy-agent:v1.1.5-eksbuild.1,cpu-autoscale
1803,aws-node-mtm5f,Pod,,created,0,602401143452.dkr.ecr.us-east-1.amazonaws.com/amazon/aws-network-policy-agent:v1.1.5-eksbuild.1,cpu-autoscale
1804,aws-node-mtm5f,Pod,,started-timestamp,1742064606.0,602401143452.dkr.ecr.us-east-1.amazonaws.com/amazon/aws-network-policy-agent:v1.1.5-eksbuild.1,cpu-autoscale
1805,aws-node-mtm5f,Pod,,started,0,602401143452.dkr.ecr.us-east-1.amazonaws.com/amazon/aws-network-policy-agent:v1.1.5-eksbuild.1,cpu-autoscale
1806,aws-node-mtm5f,Pod,,pulled,1.000287968,602401143452.dkr.ecr.us-east-1.amazonaws.com/amazon/aws-network-policy-agent:v1.1.5-eksbuild.1,cpu-autoscale
1807,aws-node-nbd7h,Pod,,pulled-timestamp,1742064619.0,602401143452.dkr.ecr.us-east-1.amazonaws.com/amazon/aws-network-policy-agent:v1.1.5-eksbuild.1,cpu-autoscale
1808,aws-node-nbd7h,Pod,,pulling-timestamp,1742064618.0,602401143452.dkr.ecr.us-east-1.amazonaws.com/amazon/aws-network-policy-agent:v1.1.5-eksbuild.1,cpu-autoscale
1809,aws-node-nbd7h,Pod,,scheduled-timestamp,1742064604.0,602401143452.dkr.ecr.us-east-1.amazonaws.com/amazon/aws-network-policy-agent:v1.1.5-eksbuild.1,cpu-autoscale
1810,aws-node-nbd7h,Pod,,created-timestamp,1742064619.0,602401143452.dkr.ecr.us-east-1.amazonaws.com/amazon/aws-network-policy-agent:v1.1.5-eksbuild.1,cpu-autoscale
1811,aws-node-nbd7h,Pod,,created,0,602401143452.dkr.ecr.us-east-1.amazonaws.com/amazon/aws-network-policy-agent:v1.1.5-eksbuild.1,cpu-autoscale
1812,aws-node-nbd7h,Pod,,started-timestamp,1742064619.0,602401143452.dkr.ecr.us-east-1.amazonaws.com/amazon/aws-network-policy-agent:v1.1.5-eksbuild.1,cpu-autoscale
1813,aws-node-nbd7h,Pod,,started,0,602401143452.dkr.ecr.us-east-1.amazonaws.com/amazon/aws-network-policy-agent:v1.1.5-eksbuild.1,cpu-autoscale
1814,aws-node-nbd7h,Pod,,pulled,0.986038317,602401143452.dkr.ecr.us-east-1.amazonaws.com/amazon/aws-network-policy-agent:v1.1.5-eksbuild.1,cpu-autoscale
1815,aws-node-pch2d,Pod,,pulled-timestamp,1742064581.0,602401143452.dkr.ecr.us-east-1.amazonaws.com/amazon/aws-network-policy-agent:v1.1.5-eksbuild.1,cpu-autoscale
1816,aws-node-pch2d,Pod,,pulling-timestamp,1742064580.0,602401143452.dkr.ecr.us-east-1.amazonaws.com/amazon/aws-network-policy-agent:v1.1.5-eksbuild.1,cpu-autoscale
1817,aws-node-pch2d,Pod,,scheduled-timestamp,1742064569.0,602401143452.dkr.ecr.us-east-1.amazonaws.com/amazon/aws-network-policy-agent:v1.1.5-eksbuild.1,cpu-autoscale
1818,aws-node-pch2d,Pod,,created-timestamp,1742064581.0,602401143452.dkr.ecr.us-east-1.amazonaws.com/amazon/aws-network-policy-agent:v1.1.5-eksbuild.1,cpu-autoscale
1819,aws-node-pch2d,Pod,,created,0,602401143452.dkr.ecr.us-east-1.amazonaws.com/amazon/aws-network-policy-agent:v1.1.5-eksbuild.1,cpu-autoscale
1820,aws-node-pch2d,Pod,,started-timestamp,1742064581.0,602401143452.dkr.ecr.us-east-1.amazonaws.com/amazon/aws-network-policy-agent:v1.1.5-eksbuild.1,cpu-autoscale
1821,aws-node-pch2d,Pod,,started,0,602401143452.dkr.ecr.us-east-1.amazonaws.com/amazon/aws-network-policy-agent:v1.1.5-eksbuild.1,cpu-autoscale
1822,aws-node-pch2d,Pod,,pulled,0.9854079400000001,602401143452.dkr.ecr.us-east-1.amazonaws.com/amazon/aws-network-policy-agent:v1.1.5-eksbuild.1,cpu-autoscale
1823,aws-node-sxhkn,Pod,,pulled-timestamp,1742064585.0,602401143452.dkr.ecr.us-east-1.amazonaws.com/amazon/aws-network-policy-agent:v1.1.5-eksbuild.1,cpu-autoscale
1824,aws-node-sxhkn,Pod,,pulling-timestamp,1742064583.0,602401143452.dkr.ecr.us-east-1.amazonaws.com/amazon/aws-network-policy-agent:v1.1.5-eksbuild.1,cpu-autoscale
1825,aws-node-sxhkn,Pod,,scheduled-timestamp,1742064572.0,602401143452.dkr.ecr.us-east-1.amazonaws.com/amazon/aws-network-policy-agent:v1.1.5-eksbuild.1,cpu-autoscale
1826,aws-node-sxhkn,Pod,,created-timestamp,1742064585.0,602401143452.dkr.ecr.us-east-1.amazonaws.com/amazon/aws-network-policy-agent:v1.1.5-eksbuild.1,cpu-autoscale
1827,aws-node-sxhkn,Pod,,created,0,602401143452.dkr.ecr.us-east-1.amazonaws.com/amazon/aws-network-policy-agent:v1.1.5-eksbuild.1,cpu-autoscale
1828,aws-node-sxhkn,Pod,,started-timestamp,1742064585.0,602401143452.dkr.ecr.us-east-1.amazonaws.com/amazon/aws-network-policy-agent:v1.1.5-eksbuild.1,cpu-autoscale
1829,aws-node-sxhkn,Pod,,started,0,602401143452.dkr.ecr.us-east-1.amazonaws.com/amazon/aws-network-policy-agent:v1.1.5-eksbuild.1,cpu-autoscale
1830,aws-node-sxhkn,Pod,,pulled,1.044980602,602401143452.dkr.ecr.us-east-1.amazonaws.com/amazon/aws-network-policy-agent:v1.1.5-eksbuild.1,cpu-autoscale
1831,coredns-d9b6d6c7d-4tch4,Pod,,pulled-timestamp,1742064578.0,602401143452.dkr.ecr.us-east-1.amazonaws.com/eks/coredns:v1.10.1-eksbuild.4,cpu-autoscale
1832,coredns-d9b6d6c7d-4tch4,Pod,,pulling-timestamp,1742064578.0,602401143452.dkr.ecr.us-east-1.amazonaws.com/eks/coredns:v1.10.1-eksbuild.4,cpu-autoscale
1833,coredns-d9b6d6c7d-4tch4,Pod,,scheduled-timestamp,1742064577.0,602401143452.dkr.ecr.us-east-1.amazonaws.com/eks/coredns:v1.10.1-eksbuild.4,cpu-autoscale
1834,coredns-d9b6d6c7d-4tch4,Pod,,created-timestamp,1742064578.0,602401143452.dkr.ecr.us-east-1.amazonaws.com/eks/coredns:v1.10.1-eksbuild.4,cpu-autoscale
1835,coredns-d9b6d6c7d-4tch4,Pod,,created,0,602401143452.dkr.ecr.us-east-1.amazonaws.com/eks/coredns:v1.10.1-eksbuild.4,cpu-autoscale
1836,coredns-d9b6d6c7d-4tch4,Pod,,started-timestamp,1742064578.0,602401143452.dkr.ecr.us-east-1.amazonaws.com/eks/coredns:v1.10.1-eksbuild.4,cpu-autoscale
1837,coredns-d9b6d6c7d-4tch4,Pod,,started,0,602401143452.dkr.ecr.us-east-1.amazonaws.com/eks/coredns:v1.10.1-eksbuild.4,cpu-autoscale
1838,coredns-d9b6d6c7d-4tch4,Pod,,pulled,0.77816075,602401143452.dkr.ecr.us-east-1.amazonaws.com/eks/coredns:v1.10.1-eksbuild.4,cpu-autoscale
1839,coredns-d9b6d6c7d-twwhl,Pod,,pulled-timestamp,1742064578.0,602401143452.dkr.ecr.us-east-1.amazonaws.com/eks/coredns:v1.10.1-eksbuild.4,cpu-autoscale
1840,coredns-d9b6d6c7d-twwhl,Pod,,pulling-timestamp,1742064578.0,602401143452.dkr.ecr.us-east-1.amazonaws.com/eks/coredns:v1.10.1-eksbuild.4,cpu-autoscale
1841,coredns-d9b6d6c7d-twwhl,Pod,,scheduled-timestamp,1742064577.0,602401143452.dkr.ecr.us-east-1.amazonaws.com/eks/coredns:v1.10.1-eksbuild.4,cpu-autoscale
1842,coredns-d9b6d6c7d-twwhl,Pod,,created-timestamp,1742064578.0,602401143452.dkr.ecr.us-east-1.amazonaws.com/eks/coredns:v1.10.1-eksbuild.4,cpu-autoscale
1843,coredns-d9b6d6c7d-twwhl,Pod,,created,0,602401143452.dkr.ecr.us-east-1.amazonaws.com/eks/coredns:v1.10.1-eksbuild.4,cpu-autoscale
1844,coredns-d9b6d6c7d-twwhl,Pod,,started-timestamp,1742064578.0,602401143452.dkr.ecr.us-east-1.amazonaws.com/eks/coredns:v1.10.1-eksbuild.4,cpu-autoscale
1845,coredns-d9b6d6c7d-twwhl,Pod,,started,0,602401143452.dkr.ecr.us-east-1.amazonaws.com/eks/coredns:v1.10.1-eksbuild.4,cpu-autoscale
1846,coredns-d9b6d6c7d-twwhl,Pod,,pulled,0.7753283790000001,602401143452.dkr.ecr.us-east-1.amazonaws.com/eks/coredns:v1.10.1-eksbuild.4,cpu-autoscale
1847,metrics-server-7794986bdb-78qnn,Pod,,pulled-timestamp,1742064579.0,602401143452.dkr.ecr.us-east-1.amazonaws.com/eks/metrics-server:v0.7.2-eksbuild.2,cpu-autoscale
1848,metrics-server-7794986bdb-78qnn,Pod,,pulling-timestamp,1742064578.0,602401143452.dkr.ecr.us-east-1.amazonaws.com/eks/metrics-server:v0.7.2-eksbuild.2,cpu-autoscale
1849,metrics-server-7794986bdb-78qnn,Pod,,scheduled-timestamp,1742064577.0,602401143452.dkr.ecr.us-east-1.amazonaws.com/eks/metrics-server:v0.7.2-eksbuild.2,cpu-autoscale
1850,metrics-server-7794986bdb-78qnn,Pod,,created-timestamp,1742064579.0,602401143452.dkr.ecr.us-east-1.amazonaws.com/eks/metrics-server:v0.7.2-eksbuild.2,cpu-autoscale
1851,metrics-server-7794986bdb-78qnn,Pod,,created,0,602401143452.dkr.ecr.us-east-1.amazonaws.com/eks/metrics-server:v0.7.2-eksbuild.2,cpu-autoscale
1852,metrics-server-7794986bdb-78qnn,Pod,,started-timestamp,1742064579.0,602401143452.dkr.ecr.us-east-1.amazonaws.com/eks/metrics-server:v0.7.2-eksbuild.2,cpu-autoscale
1853,metrics-server-7794986bdb-78qnn,Pod,,started,0,602401143452.dkr.ecr.us-east-1.amazonaws.com/eks/metrics-server:v0.7.2-eksbuild.2,cpu-autoscale
1854,metrics-server-7794986bdb-78qnn,Pod,,pulled,1.146882719,602401143452.dkr.ecr.us-east-1.amazonaws.com/eks/metrics-server:v0.7.2-eksbuild.2,cpu-autoscale
1855,metrics-server-7794986bdb-vvqv8,Pod,,pulled-timestamp,1742064579.0,602401143452.dkr.ecr.us-east-1.amazonaws.com/eks/metrics-server:v0.7.2-eksbuild.2,cpu-autoscale
1856,metrics-server-7794986bdb-vvqv8,Pod,,pulling-timestamp,1742064578.0,602401143452.dkr.ecr.us-east-1.amazonaws.com/eks/metrics-server:v0.7.2-eksbuild.2,cpu-autoscale
1857,metrics-server-7794986bdb-vvqv8,Pod,,scheduled-timestamp,1742064577.0,602401143452.dkr.ecr.us-east-1.amazonaws.com/eks/metrics-server:v0.7.2-eksbuild.2,cpu-autoscale
1858,metrics-server-7794986bdb-vvqv8,Pod,,created-timestamp,1742064579.0,602401143452.dkr.ecr.us-east-1.amazonaws.com/eks/metrics-server:v0.7.2-eksbuild.2,cpu-autoscale
1859,metrics-server-7794986bdb-vvqv8,Pod,,created,0,602401143452.dkr.ecr.us-east-1.amazonaws.com/eks/metrics-server:v0.7.2-eksbuild.2,cpu-autoscale
1860,metrics-server-7794986bdb-vvqv8,Pod,,started-timestamp,1742064579.0,602401143452.dkr.ecr.us-east-1.amazonaws.com/eks/metrics-server:v0.7.2-eksbuild.2,cpu-autoscale
1861,metrics-server-7794986bdb-vvqv8,Pod,,started,0,602401143452.dkr.ecr.us-east-1.amazonaws.com/eks/metrics-server:v0.7.2-eksbuild.2,cpu-autoscale
1862,metrics-server-7794986bdb-vvqv8,Pod,,pulled,1.145872521,602401143452.dkr.ecr.us-east-1.amazonaws.com/eks/metrics-server:v0.7.2-eksbuild.2,cpu-autoscale
1863,event-exporter-c7548569-462vr,Pod,,pulled-timestamp,1742064729.0,ghcr.io/resmoio/kubernetes-event-exporter:latest,cpu-autoscale
1864,event-exporter-c7548569-462vr,Pod,,pulling-timestamp,1742064728.0,ghcr.io/resmoio/kubernetes-event-exporter:latest,cpu-autoscale
1865,event-exporter-c7548569-462vr,Pod,,scheduled-timestamp,1742064728.0,ghcr.io/resmoio/kubernetes-event-exporter:latest,cpu-autoscale
1866,event-exporter-c7548569-462vr,Pod,,created-timestamp,1742064729.0,ghcr.io/resmoio/kubernetes-event-exporter:latest,cpu-autoscale
1867,event-exporter-c7548569-462vr,Pod,,created,0,ghcr.io/resmoio/kubernetes-event-exporter:latest,cpu-autoscale
1868,event-exporter-c7548569-462vr,Pod,,started-timestamp,1742064729.0,ghcr.io/resmoio/kubernetes-event-exporter:latest,cpu-autoscale
1869,event-exporter-c7548569-462vr,Pod,,started,0,ghcr.io/resmoio/kubernetes-event-exporter:latest,cpu-autoscale
1870,event-exporter-c7548569-462vr,Pod,,pulled,0.956836115,ghcr.io/resmoio/kubernetes-event-exporter:latest,cpu-autoscale
1871,state-machine-operator-controller-manager-88f644755-n5tdt,Pod,,pulled-timestamp,1742065020.0,ghcr.io/converged-computing/state-machine-operator@sha256:4fbec679024f006562108190b7573ee9c62fdffdb77ecc8b3f81ae25461849b9,cpu-autoscale
1872,state-machine-operator-controller-manager-88f644755-n5tdt,Pod,,pulling-timestamp,1742065019.0,ghcr.io/converged-computing/state-machine-operator@sha256:4fbec679024f006562108190b7573ee9c62fdffdb77ecc8b3f81ae25461849b9,cpu-autoscale
1873,state-machine-operator-controller-manager-88f644755-n5tdt,Pod,,scheduled-timestamp,1742065018.0,ghcr.io/converged-computing/state-machine-operator@sha256:4fbec679024f006562108190b7573ee9c62fdffdb77ecc8b3f81ae25461849b9,cpu-autoscale
1874,state-machine-operator-controller-manager-88f644755-n5tdt,Pod,,created-timestamp,1742065020.0,ghcr.io/converged-computing/state-machine-operator@sha256:4fbec679024f006562108190b7573ee9c62fdffdb77ecc8b3f81ae25461849b9,cpu-autoscale
1875,state-machine-operator-controller-manager-88f644755-n5tdt,Pod,,created,0,ghcr.io/converged-computing/state-machine-operator@sha256:4fbec679024f006562108190b7573ee9c62fdffdb77ecc8b3f81ae25461849b9,cpu-autoscale
1876,state-machine-operator-controller-manager-88f644755-n5tdt,Pod,,started-timestamp,1742065020.0,ghcr.io/converged-computing/state-machine-operator@sha256:4fbec679024f006562108190b7573ee9c62fdffdb77ecc8b3f81ae25461849b9,cpu-autoscale
1877,state-machine-operator-controller-manager-88f644755-n5tdt,Pod,,started,0,ghcr.io/converged-computing/state-machine-operator@sha256:4fbec679024f006562108190b7573ee9c62fdffdb77ecc8b3f81ae25461849b9,cpu-autoscale
1878,state-machine-operator-controller-manager-88f644755-n5tdt,Pod,,pulled,0.794990399,ghcr.io/converged-computing/state-machine-operator@sha256:4fbec679024f006562108190b7573ee9c62fdffdb77ecc8b3f81ae25461849b9,cpu-autoscale
1879,mummi-manager-55b864fb8f-vp5lm,Pod,,pulled-timestamp,1742065064.0,ghcr.io/converged-computing/state-machine-operator:manager,cpu-autoscale
1880,mummi-manager-55b864fb8f-vp5lm,Pod,,pulling-timestamp,1742065056.0,ghcr.io/converged-computing/state-machine-operator:manager,cpu-autoscale
1881,mummi-manager-55b864fb8f-vp5lm,Pod,,scheduled-timestamp,1742065056.0,ghcr.io/converged-computing/state-machine-operator:manager,cpu-autoscale
1882,mummi-manager-55b864fb8f-vp5lm,Pod,,created-timestamp,1742065064.0,ghcr.io/converged-computing/state-machine-operator:manager,cpu-autoscale
1883,mummi-manager-55b864fb8f-vp5lm,Pod,,created,0,ghcr.io/converged-computing/state-machine-operator:manager,cpu-autoscale
1884,mummi-manager-55b864fb8f-vp5lm,Pod,,started-timestamp,1742065064.0,ghcr.io/converged-computing/state-machine-operator:manager,cpu-autoscale
1885,mummi-manager-55b864fb8f-vp5lm,Pod,,started,0,ghcr.io/converged-computing/state-machine-operator:manager,cpu-autoscale
1886,mummi-manager-55b864fb8f-vp5lm,Pod,,pulled,7.473000785,ghcr.io/converged-computing/state-machine-operator:manager,cpu-autoscale
1887,mlrunner-structure-023224664,Job,mlrunner,successfulcreate-timestamp,1742065064.0,,cpu-autoscale
1888,mlrunner-structure-023224664,Job,mlrunner,completed-timestamp,1742065366.0,,cpu-autoscale
1889,mlrunner-structure-023224664,Job,mlrunner,running,302,,cpu-autoscale
1890,mlrunner-structure-023224664-hvwsq,Pod,,pulled-timestamp,1742065257.0,633731392008.dkr.ecr.us-east-1.amazonaws.com/mini-mummi:mlrunner-arm,cpu-autoscale
1891,mlrunner-structure-023224664-hvwsq,Pod,,pulling-timestamp,1742065065.0,633731392008.dkr.ecr.us-east-1.amazonaws.com/mini-mummi:mlrunner-arm,cpu-autoscale
1892,mlrunner-structure-023224664-hvwsq,Pod,,scheduled-timestamp,1742065064.0,633731392008.dkr.ecr.us-east-1.amazonaws.com/mini-mummi:mlrunner-arm,cpu-autoscale
1893,mlrunner-structure-023224664-hvwsq,Pod,,created-timestamp,1742065258.0,633731392008.dkr.ecr.us-east-1.amazonaws.com/mini-mummi:mlrunner-arm,cpu-autoscale
1894,mlrunner-structure-023224664-hvwsq,Pod,,created,1,633731392008.dkr.ecr.us-east-1.amazonaws.com/mini-mummi:mlrunner-arm,cpu-autoscale
1895,mlrunner-structure-023224664-hvwsq,Pod,,started-timestamp,1742065258.0,633731392008.dkr.ecr.us-east-1.amazonaws.com/mini-mummi:mlrunner-arm,cpu-autoscale
1896,mlrunner-structure-023224664-hvwsq,Pod,,started,0,633731392008.dkr.ecr.us-east-1.amazonaws.com/mini-mummi:mlrunner-arm,cpu-autoscale
1897,mlrunner-structure-023224664-hvwsq,Pod,,pulled,192.531100423,633731392008.dkr.ecr.us-east-1.amazonaws.com/mini-mummi:mlrunner-arm,cpu-autoscale
1898,mlrunner-structure-082336963,Job,mlrunner,successfulcreate-timestamp,1742065064.0,,cpu-autoscale
1899,mlrunner-structure-082336963,Job,mlrunner,completed-timestamp,1742065365.0,,cpu-autoscale
1900,mlrunner-structure-082336963,Job,mlrunner,running,301,,cpu-autoscale
1901,mlrunner-structure-082336963-npvt6,Pod,,pulled-timestamp,1742065256.0,633731392008.dkr.ecr.us-east-1.amazonaws.com/mini-mummi:mlrunner-arm,cpu-autoscale
1902,mlrunner-structure-082336963-npvt6,Pod,,pulling-timestamp,1742065065.0,633731392008.dkr.ecr.us-east-1.amazonaws.com/mini-mummi:mlrunner-arm,cpu-autoscale
1903,mlrunner-structure-082336963-npvt6,Pod,,scheduled-timestamp,1742065064.0,633731392008.dkr.ecr.us-east-1.amazonaws.com/mini-mummi:mlrunner-arm,cpu-autoscale
1904,mlrunner-structure-082336963-npvt6,Pod,,created-timestamp,1742065256.0,633731392008.dkr.ecr.us-east-1.amazonaws.com/mini-mummi:mlrunner-arm,cpu-autoscale
1905,mlrunner-structure-082336963-npvt6,Pod,,created,0,633731392008.dkr.ecr.us-east-1.amazonaws.com/mini-mummi:mlrunner-arm,cpu-autoscale
1906,mlrunner-structure-082336963-npvt6,Pod,,started-timestamp,1742065257.0,633731392008.dkr.ecr.us-east-1.amazonaws.com/mini-mummi:mlrunner-arm,cpu-autoscale
1907,mlrunner-structure-082336963-npvt6,Pod,,started,1,633731392008.dkr.ecr.us-east-1.amazonaws.com/mini-mummi:mlrunner-arm,cpu-autoscale
1908,mlrunner-structure-082336963-npvt6,Pod,,pulled,191.348824415,633731392008.dkr.ecr.us-east-1.amazonaws.com/mini-mummi:mlrunner-arm,cpu-autoscale
1909,mlrunner-structure-082865760,Job,mlrunner,successfulcreate-timestamp,1742065064.0,,cpu-autoscale
1910,mlrunner-structure-082865760,Job,mlrunner,completed-timestamp,1742065372.0,,cpu-autoscale
1911,mlrunner-structure-082865760,Job,mlrunner,running,308,,cpu-autoscale
1912,mlrunner-structure-082865760-64gcr,Pod,,pulled-timestamp,1742065261.0,633731392008.dkr.ecr.us-east-1.amazonaws.com/mini-mummi:mlrunner-arm,cpu-autoscale
1913,mlrunner-structure-082865760-64gcr,Pod,,pulling-timestamp,1742065065.0,633731392008.dkr.ecr.us-east-1.amazonaws.com/mini-mummi:mlrunner-arm,cpu-autoscale
1914,mlrunner-structure-082865760-64gcr,Pod,,scheduled-timestamp,1742065064.0,633731392008.dkr.ecr.us-east-1.amazonaws.com/mini-mummi:mlrunner-arm,cpu-autoscale
1915,mlrunner-structure-082865760-64gcr,Pod,,created-timestamp,1742065261.0,633731392008.dkr.ecr.us-east-1.amazonaws.com/mini-mummi:mlrunner-arm,cpu-autoscale
1916,mlrunner-structure-082865760-64gcr,Pod,,created,0,633731392008.dkr.ecr.us-east-1.amazonaws.com/mini-mummi:mlrunner-arm,cpu-autoscale
1917,mlrunner-structure-082865760-64gcr,Pod,,started-timestamp,1742065262.0,633731392008.dkr.ecr.us-east-1.amazonaws.com/mini-mummi:mlrunner-arm,cpu-autoscale
1918,mlrunner-structure-082865760-64gcr,Pod,,started,1,633731392008.dkr.ecr.us-east-1.amazonaws.com/mini-mummi:mlrunner-arm,cpu-autoscale
1919,mlrunner-structure-082865760-64gcr,Pod,,pulled,195.945999136,633731392008.dkr.ecr.us-east-1.amazonaws.com/mini-mummi:mlrunner-arm,cpu-autoscale
1920,mlrunner-structure-075696127,Job,mlrunner,successfulcreate-timestamp,1742065064.0,,cpu-autoscale
1921,mlrunner-structure-075696127,Job,mlrunner,completed-timestamp,1742065371.0,,cpu-autoscale
1922,mlrunner-structure-075696127,Job,mlrunner,running,307,,cpu-autoscale
1923,mlrunner-structure-075696127-2jwdl,Pod,,pulled-timestamp,1742065260.0,633731392008.dkr.ecr.us-east-1.amazonaws.com/mini-mummi:mlrunner-arm,cpu-autoscale
1924,mlrunner-structure-075696127-2jwdl,Pod,,pulling-timestamp,1742065065.0,633731392008.dkr.ecr.us-east-1.amazonaws.com/mini-mummi:mlrunner-arm,cpu-autoscale
1925,mlrunner-structure-075696127-2jwdl,Pod,,scheduled-timestamp,1742065064.0,633731392008.dkr.ecr.us-east-1.amazonaws.com/mini-mummi:mlrunner-arm,cpu-autoscale
1926,mlrunner-structure-075696127-2jwdl,Pod,,created-timestamp,1742065260.0,633731392008.dkr.ecr.us-east-1.amazonaws.com/mini-mummi:mlrunner-arm,cpu-autoscale
1927,mlrunner-structure-075696127-2jwdl,Pod,,created,0,633731392008.dkr.ecr.us-east-1.amazonaws.com/mini-mummi:mlrunner-arm,cpu-autoscale
1928,mlrunner-structure-075696127-2jwdl,Pod,,started-timestamp,1742065261.0,633731392008.dkr.ecr.us-east-1.amazonaws.com/mini-mummi:mlrunner-arm,cpu-autoscale
1929,mlrunner-structure-075696127-2jwdl,Pod,,started,1,633731392008.dkr.ecr.us-east-1.amazonaws.com/mini-mummi:mlrunner-arm,cpu-autoscale
1930,mlrunner-structure-075696127-2jwdl,Pod,,pulled,195.180742872,633731392008.dkr.ecr.us-east-1.amazonaws.com/mini-mummi:mlrunner-arm,cpu-autoscale
1931,mlrunner-structure-037140505,Job,mlrunner,successfulcreate-timestamp,1742065064.0,,cpu-autoscale
1932,mlrunner-structure-037140505,Job,mlrunner,completed-timestamp,1742065367.0,,cpu-autoscale
1933,mlrunner-structure-037140505,Job,mlrunner,running,303,,cpu-autoscale
1934,mlrunner-structure-037140505-c2775,Pod,,pulled-timestamp,1742065256.0,633731392008.dkr.ecr.us-east-1.amazonaws.com/mini-mummi:mlrunner-arm,cpu-autoscale
1935,mlrunner-structure-037140505-c2775,Pod,,pulling-timestamp,1742065065.0,633731392008.dkr.ecr.us-east-1.amazonaws.com/mini-mummi:mlrunner-arm,cpu-autoscale
1936,mlrunner-structure-037140505-c2775,Pod,,scheduled-timestamp,1742065064.0,633731392008.dkr.ecr.us-east-1.amazonaws.com/mini-mummi:mlrunner-arm,cpu-autoscale
1937,mlrunner-structure-037140505-c2775,Pod,,created-timestamp,1742065256.0,633731392008.dkr.ecr.us-east-1.amazonaws.com/mini-mummi:mlrunner-arm,cpu-autoscale
1938,mlrunner-structure-037140505-c2775,Pod,,created,0,633731392008.dkr.ecr.us-east-1.amazonaws.com/mini-mummi:mlrunner-arm,cpu-autoscale
1939,mlrunner-structure-037140505-c2775,Pod,,started-timestamp,1742065256.0,633731392008.dkr.ecr.us-east-1.amazonaws.com/mini-mummi:mlrunner-arm,cpu-autoscale
1940,mlrunner-structure-037140505-c2775,Pod,,started,0,633731392008.dkr.ecr.us-east-1.amazonaws.com/mini-mummi:mlrunner-arm,cpu-autoscale
1941,mlrunner-structure-037140505-c2775,Pod,,pulled,190.754064582,633731392008.dkr.ecr.us-east-1.amazonaws.com/mini-mummi:mlrunner-arm,cpu-autoscale
1942,mlrunner-structure-024071044,Job,mlrunner,successfulcreate-timestamp,1742065064.0,,cpu-autoscale
1943,mlrunner-structure-024071044,Job,mlrunner,completed-timestamp,1742065368.0,,cpu-autoscale
1944,mlrunner-structure-024071044,Job,mlrunner,running,304,,cpu-autoscale
1945,mlrunner-structure-024071044-slfbk,Pod,,pulled-timestamp,1742065257.0,633731392008.dkr.ecr.us-east-1.amazonaws.com/mini-mummi:mlrunner-arm,cpu-autoscale
1946,mlrunner-structure-024071044-slfbk,Pod,,pulling-timestamp,1742065065.0,633731392008.dkr.ecr.us-east-1.amazonaws.com/mini-mummi:mlrunner-arm,cpu-autoscale
1947,mlrunner-structure-024071044-slfbk,Pod,,scheduled-timestamp,1742065064.0,633731392008.dkr.ecr.us-east-1.amazonaws.com/mini-mummi:mlrunner-arm,cpu-autoscale
1948,mlrunner-structure-024071044-slfbk,Pod,,created-timestamp,1742065257.0,633731392008.dkr.ecr.us-east-1.amazonaws.com/mini-mummi:mlrunner-arm,cpu-autoscale
1949,mlrunner-structure-024071044-slfbk,Pod,,created,0,633731392008.dkr.ecr.us-east-1.amazonaws.com/mini-mummi:mlrunner-arm,cpu-autoscale
1950,mlrunner-structure-024071044-slfbk,Pod,,started-timestamp,1742065258.0,633731392008.dkr.ecr.us-east-1.amazonaws.com/mini-mummi:mlrunner-arm,cpu-autoscale
1951,mlrunner-structure-024071044-slfbk,Pod,,started,1,633731392008.dkr.ecr.us-east-1.amazonaws.com/mini-mummi:mlrunner-arm,cpu-autoscale
1952,mlrunner-structure-024071044-slfbk,Pod,,pulled,192.308436984,633731392008.dkr.ecr.us-east-1.amazonaws.com/mini-mummi:mlrunner-arm,cpu-autoscale
1953,createsim-structure-082336963,Job,createsim,successfulcreate-timestamp,1742065366.0,,cpu-autoscale
1954,createsim-structure-082336963,Job,createsim,completed-timestamp,1742065918.0,,cpu-autoscale
1955,createsim-structure-082336963,Job,createsim,running,552,,cpu-autoscale
1956,createsim-structure-082336963-phbfh,Pod,createsim,pulled-timestamp,1742065413.0,633731392008.dkr.ecr.us-east-1.amazonaws.com/mini-mummi:createsims-arm,cpu-autoscale
1957,createsim-structure-082336963-phbfh,Pod,createsim,pulling-timestamp,1742065366.0,633731392008.dkr.ecr.us-east-1.amazonaws.com/mini-mummi:createsims-arm,cpu-autoscale
1958,createsim-structure-082336963-phbfh,Pod,createsim,scheduled-timestamp,1742065366.0,633731392008.dkr.ecr.us-east-1.amazonaws.com/mini-mummi:createsims-arm,cpu-autoscale
1959,createsim-structure-082336963-phbfh,Pod,createsim,created-timestamp,1742065413.0,633731392008.dkr.ecr.us-east-1.amazonaws.com/mini-mummi:createsims-arm,cpu-autoscale
1960,createsim-structure-082336963-phbfh,Pod,createsim,created,0,633731392008.dkr.ecr.us-east-1.amazonaws.com/mini-mummi:createsims-arm,cpu-autoscale
1961,createsim-structure-082336963-phbfh,Pod,createsim,started-timestamp,1742065413.0,633731392008.dkr.ecr.us-east-1.amazonaws.com/mini-mummi:createsims-arm,cpu-autoscale
1962,createsim-structure-082336963-phbfh,Pod,createsim,started,0,633731392008.dkr.ecr.us-east-1.amazonaws.com/mini-mummi:createsims-arm,cpu-autoscale
1963,createsim-structure-082336963-phbfh,Pod,createsim,pulled,46.885091516,633731392008.dkr.ecr.us-east-1.amazonaws.com/mini-mummi:createsims-arm,cpu-autoscale
1964,createsim-structure-023224664-2c22l,Pod,createsim,pulled-timestamp,1742065413.0,633731392008.dkr.ecr.us-east-1.amazonaws.com/mini-mummi:createsims-arm,cpu-autoscale
1965,createsim-structure-023224664-2c22l,Pod,createsim,pulling-timestamp,1742065367.0,633731392008.dkr.ecr.us-east-1.amazonaws.com/mini-mummi:createsims-arm,cpu-autoscale
1966,createsim-structure-023224664-2c22l,Pod,createsim,scheduled-timestamp,1742065366.0,633731392008.dkr.ecr.us-east-1.amazonaws.com/mini-mummi:createsims-arm,cpu-autoscale
1967,createsim-structure-023224664-2c22l,Pod,createsim,created-timestamp,1742065413.0,633731392008.dkr.ecr.us-east-1.amazonaws.com/mini-mummi:createsims-arm,cpu-autoscale
1968,createsim-structure-023224664-2c22l,Pod,createsim,created,0,633731392008.dkr.ecr.us-east-1.amazonaws.com/mini-mummi:createsims-arm,cpu-autoscale
1969,createsim-structure-023224664-2c22l,Pod,createsim,started-timestamp,1742065413.0,633731392008.dkr.ecr.us-east-1.amazonaws.com/mini-mummi:createsims-arm,cpu-autoscale
1970,createsim-structure-023224664-2c22l,Pod,createsim,started,0,633731392008.dkr.ecr.us-east-1.amazonaws.com/mini-mummi:createsims-arm,cpu-autoscale
1971,createsim-structure-023224664-2c22l,Pod,createsim,pulled,46.273996797,633731392008.dkr.ecr.us-east-1.amazonaws.com/mini-mummi:createsims-arm,cpu-autoscale
1972,createsim-structure-037140505,Job,createsim,successfulcreate-timestamp,1742065367.0,,cpu-autoscale
1973,createsim-structure-037140505,Job,createsim,completed-timestamp,1742065899.0,,cpu-autoscale
1974,createsim-structure-037140505,Job,createsim,running,532,,cpu-autoscale
1975,createsim-structure-037140505-b7mn8,Pod,createsim,pulled-timestamp,1742065413.0,633731392008.dkr.ecr.us-east-1.amazonaws.com/mini-mummi:createsims-arm,cpu-autoscale
1976,createsim-structure-037140505-b7mn8,Pod,createsim,pulling-timestamp,1742065367.0,633731392008.dkr.ecr.us-east-1.amazonaws.com/mini-mummi:createsims-arm,cpu-autoscale
1977,createsim-structure-037140505-b7mn8,Pod,createsim,scheduled-timestamp,1742065367.0,633731392008.dkr.ecr.us-east-1.amazonaws.com/mini-mummi:createsims-arm,cpu-autoscale
1978,createsim-structure-037140505-b7mn8,Pod,createsim,created-timestamp,1742065413.0,633731392008.dkr.ecr.us-east-1.amazonaws.com/mini-mummi:createsims-arm,cpu-autoscale
1979,createsim-structure-037140505-b7mn8,Pod,createsim,created,0,633731392008.dkr.ecr.us-east-1.amazonaws.com/mini-mummi:createsims-arm,cpu-autoscale
1980,createsim-structure-037140505-b7mn8,Pod,createsim,started-timestamp,1742065413.0,633731392008.dkr.ecr.us-east-1.amazonaws.com/mini-mummi:createsims-arm,cpu-autoscale
1981,createsim-structure-037140505-b7mn8,Pod,createsim,started,0,633731392008.dkr.ecr.us-east-1.amazonaws.com/mini-mummi:createsims-arm,cpu-autoscale
1982,createsim-structure-037140505-b7mn8,Pod,createsim,pulled,45.668025503,633731392008.dkr.ecr.us-east-1.amazonaws.com/mini-mummi:createsims-arm,cpu-autoscale
1983,createsim-structure-024071044,Job,createsim,successfulcreate-timestamp,1742065368.0,,cpu-autoscale
1984,createsim-structure-024071044,Job,createsim,completed-timestamp,1742065892.0,,cpu-autoscale
1985,createsim-structure-024071044,Job,createsim,running,524,,cpu-autoscale
1986,createsim-structure-024071044-hbd2b,Pod,createsim,pulled-timestamp,1742065413.0,633731392008.dkr.ecr.us-east-1.amazonaws.com/mini-mummi:createsims-arm,cpu-autoscale
1987,createsim-structure-024071044-hbd2b,Pod,createsim,pulling-timestamp,1742065369.0,633731392008.dkr.ecr.us-east-1.amazonaws.com/mini-mummi:createsims-arm,cpu-autoscale
1988,createsim-structure-024071044-hbd2b,Pod,createsim,scheduled-timestamp,1742065368.0,633731392008.dkr.ecr.us-east-1.amazonaws.com/mini-mummi:createsims-arm,cpu-autoscale
1989,createsim-structure-024071044-hbd2b,Pod,createsim,created-timestamp,1742065413.0,633731392008.dkr.ecr.us-east-1.amazonaws.com/mini-mummi:createsims-arm,cpu-autoscale
1990,createsim-structure-024071044-hbd2b,Pod,createsim,created,0,633731392008.dkr.ecr.us-east-1.amazonaws.com/mini-mummi:createsims-arm,cpu-autoscale
1991,createsim-structure-024071044-hbd2b,Pod,createsim,started-timestamp,1742065413.0,633731392008.dkr.ecr.us-east-1.amazonaws.com/mini-mummi:createsims-arm,cpu-autoscale
1992,createsim-structure-024071044-hbd2b,Pod,createsim,started,0,633731392008.dkr.ecr.us-east-1.amazonaws.com/mini-mummi:createsims-arm,cpu-autoscale
1993,createsim-structure-024071044-hbd2b,Pod,createsim,pulled,44.012190597,633731392008.dkr.ecr.us-east-1.amazonaws.com/mini-mummi:createsims-arm,cpu-autoscale
1994,createsim-structure-075696127,Job,createsim,successfulcreate-timestamp,1742065371.0,,cpu-autoscale
1995,createsim-structure-075696127,Job,createsim,completed-timestamp,1742065893.0,,cpu-autoscale
1996,createsim-structure-075696127,Job,createsim,running,522,,cpu-autoscale
1997,createsim-structure-075696127-5lptf,Pod,createsim,pulled-timestamp,1742065414.0,633731392008.dkr.ecr.us-east-1.amazonaws.com/mini-mummi:createsims-arm,cpu-autoscale
1998,createsim-structure-075696127-5lptf,Pod,createsim,pulling-timestamp,1742065372.0,633731392008.dkr.ecr.us-east-1.amazonaws.com/mini-mummi:createsims-arm,cpu-autoscale
1999,createsim-structure-075696127-5lptf,Pod,createsim,scheduled-timestamp,1742065371.0,633731392008.dkr.ecr.us-east-1.amazonaws.com/mini-mummi:createsims-arm,cpu-autoscale
2000,createsim-structure-075696127-5lptf,Pod,createsim,created-timestamp,1742065414.0,633731392008.dkr.ecr.us-east-1.amazonaws.com/mini-mummi:createsims-arm,cpu-autoscale
2001,createsim-structure-075696127-5lptf,Pod,createsim,created,0,633731392008.dkr.ecr.us-east-1.amazonaws.com/mini-mummi:createsims-arm,cpu-autoscale
2002,createsim-structure-075696127-5lptf,Pod,createsim,started-timestamp,1742065414.0,633731392008.dkr.ecr.us-east-1.amazonaws.com/mini-mummi:createsims-arm,cpu-autoscale
2003,createsim-structure-075696127-5lptf,Pod,createsim,started,0,633731392008.dkr.ecr.us-east-1.amazonaws.com/mini-mummi:createsims-arm,cpu-autoscale
2004,createsim-structure-075696127-5lptf,Pod,createsim,pulled,42.335206208,633731392008.dkr.ecr.us-east-1.amazonaws.com/mini-mummi:createsims-arm,cpu-autoscale
2005,createsim-structure-082865760,Job,createsim,successfulcreate-timestamp,1742065372.0,,cpu-autoscale
2006,createsim-structure-082865760,Job,createsim,completed-timestamp,1742065922.0,,cpu-autoscale
2007,createsim-structure-082865760,Job,createsim,running,550,,cpu-autoscale
2008,createsim-structure-082865760-pnhss,Pod,createsim,pulled-timestamp,1742065415.0,633731392008.dkr.ecr.us-east-1.amazonaws.com/mini-mummi:createsims-arm,cpu-autoscale
2009,createsim-structure-082865760-pnhss,Pod,createsim,pulling-timestamp,1742065373.0,633731392008.dkr.ecr.us-east-1.amazonaws.com/mini-mummi:createsims-arm,cpu-autoscale
2010,createsim-structure-082865760-pnhss,Pod,createsim,scheduled-timestamp,1742065372.0,633731392008.dkr.ecr.us-east-1.amazonaws.com/mini-mummi:createsims-arm,cpu-autoscale
2011,createsim-structure-082865760-pnhss,Pod,createsim,created-timestamp,1742065415.0,633731392008.dkr.ecr.us-east-1.amazonaws.com/mini-mummi:createsims-arm,cpu-autoscale
2012,createsim-structure-082865760-pnhss,Pod,createsim,created,0,633731392008.dkr.ecr.us-east-1.amazonaws.com/mini-mummi:createsims-arm,cpu-autoscale
2013,createsim-structure-082865760-pnhss,Pod,createsim,started-timestamp,1742065416.0,633731392008.dkr.ecr.us-east-1.amazonaws.com/mini-mummi:createsims-arm,cpu-autoscale
2014,createsim-structure-082865760-pnhss,Pod,createsim,started,1,633731392008.dkr.ecr.us-east-1.amazonaws.com/mini-mummi:createsims-arm,cpu-autoscale
2015,createsim-structure-082865760-pnhss,Pod,createsim,pulled,42.514755166,633731392008.dkr.ecr.us-east-1.amazonaws.com/mini-mummi:createsims-arm,cpu-autoscale
2016,mlrunner-structure-002228387-jrffn,Pod,,pulled-timestamp,1742065465.0,633731392008.dkr.ecr.us-east-1.amazonaws.com/mini-mummi:mlrunner-arm,cpu-autoscale
2017,mlrunner-structure-002228387-jrffn,Pod,,pulling-timestamp,1742065465.0,633731392008.dkr.ecr.us-east-1.amazonaws.com/mini-mummi:mlrunner-arm,cpu-autoscale
2018,mlrunner-structure-002228387-jrffn,Pod,,scheduled-timestamp,1742065465.0,633731392008.dkr.ecr.us-east-1.amazonaws.com/mini-mummi:mlrunner-arm,cpu-autoscale
2019,mlrunner-structure-002228387-jrffn,Pod,,created-timestamp,1742065465.0,633731392008.dkr.ecr.us-east-1.amazonaws.com/mini-mummi:mlrunner-arm,cpu-autoscale
2020,mlrunner-structure-002228387-jrffn,Pod,,created,0,633731392008.dkr.ecr.us-east-1.amazonaws.com/mini-mummi:mlrunner-arm,cpu-autoscale
2021,mlrunner-structure-002228387-jrffn,Pod,,started-timestamp,1742065465.0,633731392008.dkr.ecr.us-east-1.amazonaws.com/mini-mummi:mlrunner-arm,cpu-autoscale
2022,mlrunner-structure-002228387-jrffn,Pod,,started,0,633731392008.dkr.ecr.us-east-1.amazonaws.com/mini-mummi:mlrunner-arm,cpu-autoscale
2023,mlrunner-structure-002228387-jrffn,Pod,,pulled,0.160001856,633731392008.dkr.ecr.us-east-1.amazonaws.com/mini-mummi:mlrunner-arm,cpu-autoscale
2024,mlrunner-structure-002228387,Job,mlrunner,successfulcreate-timestamp,1742065465.0,,cpu-autoscale
2025,mlrunner-structure-002228387,Job,mlrunner,completed-timestamp,1742065505.0,,cpu-autoscale
2026,mlrunner-structure-002228387,Job,mlrunner,running,40,,cpu-autoscale
2027,createsim-structure-002228387,Job,createsim,successfulcreate-timestamp,1742065505.0,,cpu-autoscale
2028,createsim-structure-002228387,Job,createsim,completed-timestamp,1742065985.0,,cpu-autoscale
2029,createsim-structure-002228387,Job,createsim,running,480,,cpu-autoscale
2030,cluster-autoscaler-786dfb6c56-lf29j,Pod,,pulled-timestamp,1742065675.0,registry.k8s.io/autoscaling/cluster-autoscaler:v1.26.2,cpu-autoscale
2031,cluster-autoscaler-786dfb6c56-lf29j,Pod,,pulling-timestamp,1742065673.0,registry.k8s.io/autoscaling/cluster-autoscaler:v1.26.2,cpu-autoscale
2032,cluster-autoscaler-786dfb6c56-lf29j,Pod,,scheduled-timestamp,1742065673.0,registry.k8s.io/autoscaling/cluster-autoscaler:v1.26.2,cpu-autoscale
2033,cluster-autoscaler-786dfb6c56-lf29j,Pod,,created-timestamp,1742065675.0,registry.k8s.io/autoscaling/cluster-autoscaler:v1.26.2,cpu-autoscale
2034,cluster-autoscaler-786dfb6c56-lf29j,Pod,,created,0,registry.k8s.io/autoscaling/cluster-autoscaler:v1.26.2,cpu-autoscale
2035,cluster-autoscaler-786dfb6c56-lf29j,Pod,,started-timestamp,1742065675.0,registry.k8s.io/autoscaling/cluster-autoscaler:v1.26.2,cpu-autoscale
2036,cluster-autoscaler-786dfb6c56-lf29j,Pod,,started,0,registry.k8s.io/autoscaling/cluster-autoscaler:v1.26.2,cpu-autoscale
2037,cluster-autoscaler-786dfb6c56-lf29j,Pod,,pulled,1.410306275,registry.k8s.io/autoscaling/cluster-autoscaler:v1.26.2,cpu-autoscale
2038,cganalysis-structure-024071044,Job,cganalysis,successfulcreate-timestamp,1742065892.0,,cpu-autoscale
2039,cganalysis-structure-024071044,Job,cganalysis,completed-timestamp,1742067681.0,,cpu-autoscale
2040,cganalysis-structure-024071044,Job,cganalysis,running,1789,,cpu-autoscale
2041,cganalysis-structure-024071044-xcr25,Pod,cganalysis,pulled-timestamp,1742065894.0,633731392008.dkr.ecr.us-east-1.amazonaws.com/mini-mummi:cganalysis-arm,cpu-autoscale
2042,cganalysis-structure-024071044-xcr25,Pod,cganalysis,pulling-timestamp,1742065893.0,633731392008.dkr.ecr.us-east-1.amazonaws.com/mini-mummi:cganalysis-arm,cpu-autoscale
2043,cganalysis-structure-024071044-xcr25,Pod,cganalysis,scheduled-timestamp,1742065892.0,633731392008.dkr.ecr.us-east-1.amazonaws.com/mini-mummi:cganalysis-arm,cpu-autoscale
2044,cganalysis-structure-024071044-xcr25,Pod,cganalysis,created-timestamp,1742065894.0,633731392008.dkr.ecr.us-east-1.amazonaws.com/mini-mummi:cganalysis-arm,cpu-autoscale
2045,cganalysis-structure-024071044-xcr25,Pod,cganalysis,created,0,633731392008.dkr.ecr.us-east-1.amazonaws.com/mini-mummi:cganalysis-arm,cpu-autoscale
2046,cganalysis-structure-024071044-xcr25,Pod,cganalysis,started-timestamp,1742065894.0,633731392008.dkr.ecr.us-east-1.amazonaws.com/mini-mummi:cganalysis-arm,cpu-autoscale
2047,cganalysis-structure-024071044-xcr25,Pod,cganalysis,started,0,633731392008.dkr.ecr.us-east-1.amazonaws.com/mini-mummi:cganalysis-arm,cpu-autoscale
2048,cganalysis-structure-024071044-xcr25,Pod,cganalysis,pulled,1.296502734,633731392008.dkr.ecr.us-east-1.amazonaws.com/mini-mummi:cganalysis-arm,cpu-autoscale
2049,cganalysis-structure-075696127,Job,cganalysis,successfulcreate-timestamp,1742065893.0,,cpu-autoscale
2050,cganalysis-structure-075696127,Job,cganalysis,completed-timestamp,1742067682.0,,cpu-autoscale
2051,cganalysis-structure-075696127,Job,cganalysis,running,1789,,cpu-autoscale
2052,cganalysis-structure-075696127-hw26l,Pod,cganalysis,pulled-timestamp,1742065894.0,633731392008.dkr.ecr.us-east-1.amazonaws.com/mini-mummi:cganalysis-arm,cpu-autoscale
2053,cganalysis-structure-075696127-hw26l,Pod,cganalysis,pulling-timestamp,1742065893.0,633731392008.dkr.ecr.us-east-1.amazonaws.com/mini-mummi:cganalysis-arm,cpu-autoscale
2054,cganalysis-structure-075696127-hw26l,Pod,cganalysis,scheduled-timestamp,1742065893.0,633731392008.dkr.ecr.us-east-1.amazonaws.com/mini-mummi:cganalysis-arm,cpu-autoscale
2055,cganalysis-structure-075696127-hw26l,Pod,cganalysis,created-timestamp,1742065894.0,633731392008.dkr.ecr.us-east-1.amazonaws.com/mini-mummi:cganalysis-arm,cpu-autoscale
2056,cganalysis-structure-075696127-hw26l,Pod,cganalysis,created,0,633731392008.dkr.ecr.us-east-1.amazonaws.com/mini-mummi:cganalysis-arm,cpu-autoscale
2057,cganalysis-structure-075696127-hw26l,Pod,cganalysis,started-timestamp,1742065894.0,633731392008.dkr.ecr.us-east-1.amazonaws.com/mini-mummi:cganalysis-arm,cpu-autoscale
2058,cganalysis-structure-075696127-hw26l,Pod,cganalysis,started,0,633731392008.dkr.ecr.us-east-1.amazonaws.com/mini-mummi:cganalysis-arm,cpu-autoscale
2059,cganalysis-structure-075696127-hw26l,Pod,cganalysis,pulled,1.077557997,633731392008.dkr.ecr.us-east-1.amazonaws.com/mini-mummi:cganalysis-arm,cpu-autoscale
2060,cganalysis-structure-037140505,Job,cganalysis,successfulcreate-timestamp,1742065899.0,,cpu-autoscale
2061,cganalysis-structure-037140505,Job,cganalysis,completed-timestamp,1742067688.0,,cpu-autoscale
2062,cganalysis-structure-037140505,Job,cganalysis,running,1789,,cpu-autoscale
2063,cganalysis-structure-037140505-mmdr9,Pod,cganalysis,pulled-timestamp,1742065901.0,633731392008.dkr.ecr.us-east-1.amazonaws.com/mini-mummi:cganalysis-arm,cpu-autoscale
2064,cganalysis-structure-037140505-mmdr9,Pod,cganalysis,pulling-timestamp,1742065900.0,633731392008.dkr.ecr.us-east-1.amazonaws.com/mini-mummi:cganalysis-arm,cpu-autoscale
2065,cganalysis-structure-037140505-mmdr9,Pod,cganalysis,scheduled-timestamp,1742065899.0,633731392008.dkr.ecr.us-east-1.amazonaws.com/mini-mummi:cganalysis-arm,cpu-autoscale
2066,cganalysis-structure-037140505-mmdr9,Pod,cganalysis,created-timestamp,1742065901.0,633731392008.dkr.ecr.us-east-1.amazonaws.com/mini-mummi:cganalysis-arm,cpu-autoscale
2067,cganalysis-structure-037140505-mmdr9,Pod,cganalysis,created,0,633731392008.dkr.ecr.us-east-1.amazonaws.com/mini-mummi:cganalysis-arm,cpu-autoscale
2068,cganalysis-structure-037140505-mmdr9,Pod,cganalysis,started-timestamp,1742065901.0,633731392008.dkr.ecr.us-east-1.amazonaws.com/mini-mummi:cganalysis-arm,cpu-autoscale
2069,cganalysis-structure-037140505-mmdr9,Pod,cganalysis,started,0,633731392008.dkr.ecr.us-east-1.amazonaws.com/mini-mummi:cganalysis-arm,cpu-autoscale
2070,cganalysis-structure-037140505-mmdr9,Pod,cganalysis,pulled,1.087335882,633731392008.dkr.ecr.us-east-1.amazonaws.com/mini-mummi:cganalysis-arm,cpu-autoscale
2071,cganalysis-structure-082336963,Job,cganalysis,successfulcreate-timestamp,1742065918.0,,cpu-autoscale
2072,cganalysis-structure-082336963,Job,cganalysis,completed-timestamp,1742067706.0,,cpu-autoscale
2073,cganalysis-structure-082336963,Job,cganalysis,running,1788,,cpu-autoscale
2074,cganalysis-structure-082336963-dj962,Pod,cganalysis,pulled-timestamp,1742065919.0,633731392008.dkr.ecr.us-east-1.amazonaws.com/mini-mummi:cganalysis-arm,cpu-autoscale
2075,cganalysis-structure-082336963-dj962,Pod,cganalysis,pulling-timestamp,1742065919.0,633731392008.dkr.ecr.us-east-1.amazonaws.com/mini-mummi:cganalysis-arm,cpu-autoscale
2076,cganalysis-structure-082336963-dj962,Pod,cganalysis,scheduled-timestamp,1742065918.0,633731392008.dkr.ecr.us-east-1.amazonaws.com/mini-mummi:cganalysis-arm,cpu-autoscale
2077,cganalysis-structure-082336963-dj962,Pod,cganalysis,created-timestamp,1742065920.0,633731392008.dkr.ecr.us-east-1.amazonaws.com/mini-mummi:cganalysis-arm,cpu-autoscale
2078,cganalysis-structure-082336963-dj962,Pod,cganalysis,created,1,633731392008.dkr.ecr.us-east-1.amazonaws.com/mini-mummi:cganalysis-arm,cpu-autoscale
2079,cganalysis-structure-082336963-dj962,Pod,cganalysis,started-timestamp,1742065920.0,633731392008.dkr.ecr.us-east-1.amazonaws.com/mini-mummi:cganalysis-arm,cpu-autoscale
2080,cganalysis-structure-082336963-dj962,Pod,cganalysis,started,0,633731392008.dkr.ecr.us-east-1.amazonaws.com/mini-mummi:cganalysis-arm,cpu-autoscale
2081,cganalysis-structure-082336963-dj962,Pod,cganalysis,pulled,0.967156202,633731392008.dkr.ecr.us-east-1.amazonaws.com/mini-mummi:cganalysis-arm,cpu-autoscale
2082,cganalysis-structure-082865760,Job,cganalysis,successfulcreate-timestamp,1742065922.0,,cpu-autoscale
2083,cganalysis-structure-082865760,Job,cganalysis,completed-timestamp,1742067710.0,,cpu-autoscale
2084,cganalysis-structure-082865760,Job,cganalysis,running,1788,,cpu-autoscale
2085,cganalysis-structure-082865760-5fzmm,Pod,cganalysis,pulled-timestamp,1742065923.0,633731392008.dkr.ecr.us-east-1.amazonaws.com/mini-mummi:cganalysis-arm,cpu-autoscale
2086,cganalysis-structure-082865760-5fzmm,Pod,cganalysis,pulling-timestamp,1742065922.0,633731392008.dkr.ecr.us-east-1.amazonaws.com/mini-mummi:cganalysis-arm,cpu-autoscale
2087,cganalysis-structure-082865760-5fzmm,Pod,cganalysis,scheduled-timestamp,1742065922.0,633731392008.dkr.ecr.us-east-1.amazonaws.com/mini-mummi:cganalysis-arm,cpu-autoscale
2088,cganalysis-structure-082865760-5fzmm,Pod,cganalysis,created-timestamp,1742065923.0,633731392008.dkr.ecr.us-east-1.amazonaws.com/mini-mummi:cganalysis-arm,cpu-autoscale
2089,cganalysis-structure-082865760-5fzmm,Pod,cganalysis,created,0,633731392008.dkr.ecr.us-east-1.amazonaws.com/mini-mummi:cganalysis-arm,cpu-autoscale
2090,cganalysis-structure-082865760-5fzmm,Pod,cganalysis,started-timestamp,1742065924.0,633731392008.dkr.ecr.us-east-1.amazonaws.com/mini-mummi:cganalysis-arm,cpu-autoscale
2091,cganalysis-structure-082865760-5fzmm,Pod,cganalysis,started,1,633731392008.dkr.ecr.us-east-1.amazonaws.com/mini-mummi:cganalysis-arm,cpu-autoscale
2092,cganalysis-structure-082865760-5fzmm,Pod,cganalysis,pulled,1.003480632,633731392008.dkr.ecr.us-east-1.amazonaws.com/mini-mummi:cganalysis-arm,cpu-autoscale
2093,cganalysis-structure-002228387,Job,cganalysis,successfulcreate-timestamp,1742065985.0,,cpu-autoscale
2094,cganalysis-structure-002228387,Job,cganalysis,completed-timestamp,1742067774.0,,cpu-autoscale
2095,cganalysis-structure-002228387,Job,cganalysis,running,1789,,cpu-autoscale
2096,cganalysis-structure-002228387-wjpjm,Pod,cganalysis,pulled-timestamp,1742065987.0,633731392008.dkr.ecr.us-east-1.amazonaws.com/mini-mummi:cganalysis-arm,cpu-autoscale
2097,cganalysis-structure-002228387-wjpjm,Pod,cganalysis,pulling-timestamp,1742065986.0,633731392008.dkr.ecr.us-east-1.amazonaws.com/mini-mummi:cganalysis-arm,cpu-autoscale
2098,cganalysis-structure-002228387-wjpjm,Pod,cganalysis,scheduled-timestamp,1742065985.0,633731392008.dkr.ecr.us-east-1.amazonaws.com/mini-mummi:cganalysis-arm,cpu-autoscale
2099,cganalysis-structure-002228387-wjpjm,Pod,cganalysis,created-timestamp,1742065987.0,633731392008.dkr.ecr.us-east-1.amazonaws.com/mini-mummi:cganalysis-arm,cpu-autoscale
2100,cganalysis-structure-002228387-wjpjm,Pod,cganalysis,created,0,633731392008.dkr.ecr.us-east-1.amazonaws.com/mini-mummi:cganalysis-arm,cpu-autoscale
2101,cganalysis-structure-002228387-wjpjm,Pod,cganalysis,started-timestamp,1742065987.0,633731392008.dkr.ecr.us-east-1.amazonaws.com/mini-mummi:cganalysis-arm,cpu-autoscale
2102,cganalysis-structure-002228387-wjpjm,Pod,cganalysis,started,0,633731392008.dkr.ecr.us-east-1.amazonaws.com/mini-mummi:cganalysis-arm,cpu-autoscale
2103,cganalysis-structure-002228387-wjpjm,Pod,cganalysis,pulled,1.053855823,633731392008.dkr.ecr.us-east-1.amazonaws.com/mini-mummi:cganalysis-arm,cpu-autoscale
2104,mlrunner-structure-056875909,Job,mlrunner,successfulcreate-timestamp,1742067681.0,,cpu-autoscale
2105,mlrunner-structure-056875909,Job,mlrunner,completed-timestamp,1742067730.0,,cpu-autoscale
2106,mlrunner-structure-056875909,Job,mlrunner,running,49,,cpu-autoscale
2107,mlrunner-structure-056875909-flj74,Pod,,pulled-timestamp,1742067682.0,633731392008.dkr.ecr.us-east-1.amazonaws.com/mini-mummi:mlrunner-arm,cpu-autoscale
2108,mlrunner-structure-056875909-flj74,Pod,,pulling-timestamp,1742067682.0,633731392008.dkr.ecr.us-east-1.amazonaws.com/mini-mummi:mlrunner-arm,cpu-autoscale
2109,mlrunner-structure-056875909-flj74,Pod,,scheduled-timestamp,1742067681.0,633731392008.dkr.ecr.us-east-1.amazonaws.com/mini-mummi:mlrunner-arm,cpu-autoscale
2110,mlrunner-structure-056875909-flj74,Pod,,created-timestamp,1742067682.0,633731392008.dkr.ecr.us-east-1.amazonaws.com/mini-mummi:mlrunner-arm,cpu-autoscale
2111,mlrunner-structure-056875909-flj74,Pod,,created,0,633731392008.dkr.ecr.us-east-1.amazonaws.com/mini-mummi:mlrunner-arm,cpu-autoscale
2112,mlrunner-structure-056875909-flj74,Pod,,started-timestamp,1742067682.0,633731392008.dkr.ecr.us-east-1.amazonaws.com/mini-mummi:mlrunner-arm,cpu-autoscale
2113,mlrunner-structure-056875909-flj74,Pod,,started,0,633731392008.dkr.ecr.us-east-1.amazonaws.com/mini-mummi:mlrunner-arm,cpu-autoscale
2114,mlrunner-structure-056875909-flj74,Pod,,pulled,0.176379553,633731392008.dkr.ecr.us-east-1.amazonaws.com/mini-mummi:mlrunner-arm,cpu-autoscale
2115,mlrunner-structure-048374956,Job,mlrunner,successfulcreate-timestamp,1742067682.0,,cpu-autoscale
2116,mlrunner-structure-048374956,Job,mlrunner,completed-timestamp,1742067734.0,,cpu-autoscale
2117,mlrunner-structure-048374956,Job,mlrunner,running,52,,cpu-autoscale
2118,mlrunner-structure-048374956-xg6w6,Pod,,pulled-timestamp,1742067682.0,633731392008.dkr.ecr.us-east-1.amazonaws.com/mini-mummi:mlrunner-arm,cpu-autoscale
2119,mlrunner-structure-048374956-xg6w6,Pod,,pulling-timestamp,1742067682.0,633731392008.dkr.ecr.us-east-1.amazonaws.com/mini-mummi:mlrunner-arm,cpu-autoscale
2120,mlrunner-structure-048374956-xg6w6,Pod,,scheduled-timestamp,1742067682.0,633731392008.dkr.ecr.us-east-1.amazonaws.com/mini-mummi:mlrunner-arm,cpu-autoscale
2121,mlrunner-structure-048374956-xg6w6,Pod,,created-timestamp,1742067682.0,633731392008.dkr.ecr.us-east-1.amazonaws.com/mini-mummi:mlrunner-arm,cpu-autoscale
2122,mlrunner-structure-048374956-xg6w6,Pod,,created,0,633731392008.dkr.ecr.us-east-1.amazonaws.com/mini-mummi:mlrunner-arm,cpu-autoscale
2123,mlrunner-structure-048374956-xg6w6,Pod,,started-timestamp,1742067682.0,633731392008.dkr.ecr.us-east-1.amazonaws.com/mini-mummi:mlrunner-arm,cpu-autoscale
2124,mlrunner-structure-048374956-xg6w6,Pod,,started,0,633731392008.dkr.ecr.us-east-1.amazonaws.com/mini-mummi:mlrunner-arm,cpu-autoscale
2125,mlrunner-structure-048374956-xg6w6,Pod,,pulled,0.15416221200000002,633731392008.dkr.ecr.us-east-1.amazonaws.com/mini-mummi:mlrunner-arm,cpu-autoscale
2126,mlrunner-structure-072532526,Job,mlrunner,successfulcreate-timestamp,1742067688.0,,cpu-autoscale
2127,mlrunner-structure-072532526,Job,mlrunner,completed-timestamp,1742067741.0,,cpu-autoscale
2128,mlrunner-structure-072532526,Job,mlrunner,running,53,,cpu-autoscale
2129,mlrunner-structure-072532526-6pdlf,Pod,,pulled-timestamp,1742067689.0,633731392008.dkr.ecr.us-east-1.amazonaws.com/mini-mummi:mlrunner-arm,cpu-autoscale
2130,mlrunner-structure-072532526-6pdlf,Pod,,pulling-timestamp,1742067688.0,633731392008.dkr.ecr.us-east-1.amazonaws.com/mini-mummi:mlrunner-arm,cpu-autoscale
2131,mlrunner-structure-072532526-6pdlf,Pod,,scheduled-timestamp,1742067688.0,633731392008.dkr.ecr.us-east-1.amazonaws.com/mini-mummi:mlrunner-arm,cpu-autoscale
2132,mlrunner-structure-072532526-6pdlf,Pod,,created-timestamp,1742067689.0,633731392008.dkr.ecr.us-east-1.amazonaws.com/mini-mummi:mlrunner-arm,cpu-autoscale
2133,mlrunner-structure-072532526-6pdlf,Pod,,created,0,633731392008.dkr.ecr.us-east-1.amazonaws.com/mini-mummi:mlrunner-arm,cpu-autoscale
2134,mlrunner-structure-072532526-6pdlf,Pod,,started-timestamp,1742067689.0,633731392008.dkr.ecr.us-east-1.amazonaws.com/mini-mummi:mlrunner-arm,cpu-autoscale
2135,mlrunner-structure-072532526-6pdlf,Pod,,started,0,633731392008.dkr.ecr.us-east-1.amazonaws.com/mini-mummi:mlrunner-arm,cpu-autoscale
2136,mlrunner-structure-072532526-6pdlf,Pod,,pulled,0.138595372,633731392008.dkr.ecr.us-east-1.amazonaws.com/mini-mummi:mlrunner-arm,cpu-autoscale
2137,mlrunner-structure-023006487,Job,mlrunner,successfulcreate-timestamp,1742067707.0,,cpu-autoscale
2138,mlrunner-structure-023006487,Job,mlrunner,completed-timestamp,1742067764.0,,cpu-autoscale
2139,mlrunner-structure-023006487,Job,mlrunner,running,57,,cpu-autoscale
2140,mlrunner-structure-023006487-mdr52,Pod,,pulled-timestamp,1742067707.0,633731392008.dkr.ecr.us-east-1.amazonaws.com/mini-mummi:mlrunner-arm,cpu-autoscale
2141,mlrunner-structure-023006487-mdr52,Pod,,pulling-timestamp,1742067707.0,633731392008.dkr.ecr.us-east-1.amazonaws.com/mini-mummi:mlrunner-arm,cpu-autoscale
2142,mlrunner-structure-023006487-mdr52,Pod,,scheduled-timestamp,1742067707.0,633731392008.dkr.ecr.us-east-1.amazonaws.com/mini-mummi:mlrunner-arm,cpu-autoscale
2143,mlrunner-structure-023006487-mdr52,Pod,,created-timestamp,1742067707.0,633731392008.dkr.ecr.us-east-1.amazonaws.com/mini-mummi:mlrunner-arm,cpu-autoscale
2144,mlrunner-structure-023006487-mdr52,Pod,,created,0,633731392008.dkr.ecr.us-east-1.amazonaws.com/mini-mummi:mlrunner-arm,cpu-autoscale
2145,mlrunner-structure-023006487-mdr52,Pod,,started-timestamp,1742067707.0,633731392008.dkr.ecr.us-east-1.amazonaws.com/mini-mummi:mlrunner-arm,cpu-autoscale
2146,mlrunner-structure-023006487-mdr52,Pod,,started,0,633731392008.dkr.ecr.us-east-1.amazonaws.com/mini-mummi:mlrunner-arm,cpu-autoscale
2147,mlrunner-structure-023006487-mdr52,Pod,,pulled,0.1412482,633731392008.dkr.ecr.us-east-1.amazonaws.com/mini-mummi:mlrunner-arm,cpu-autoscale
2148,createsim-structure-056875909,Job,createsim,successfulcreate-timestamp,1742067730.0,,cpu-autoscale
2149,createsim-structure-056875909,Job,createsim,completed-timestamp,1742068206.0,,cpu-autoscale
2150,createsim-structure-056875909,Job,createsim,running,476,,cpu-autoscale
2151,createsim-structure-048374956,Job,createsim,successfulcreate-timestamp,1742067735.0,,cpu-autoscale
2152,createsim-structure-048374956,Job,createsim,completed-timestamp,1742068213.0,,cpu-autoscale
2153,createsim-structure-048374956,Job,createsim,running,478,,cpu-autoscale
2154,createsim-structure-072532526,Job,createsim,successfulcreate-timestamp,1742067741.0,,cpu-autoscale
2155,createsim-structure-072532526,Job,createsim,completed-timestamp,1742068221.0,,cpu-autoscale
2156,createsim-structure-072532526,Job,createsim,running,480,,cpu-autoscale
2157,createsim-structure-023006487,Job,createsim,successfulcreate-timestamp,1742067764.0,,cpu-autoscale
2158,createsim-structure-023006487,Job,createsim,completed-timestamp,1742068270.0,,cpu-autoscale
2159,createsim-structure-023006487,Job,createsim,running,506,,cpu-autoscale
2160,cganalysis-structure-056875909,Job,cganalysis,successfulcreate-timestamp,1742068207.0,,cpu-autoscale
2161,cganalysis-structure-056875909,Job,cganalysis,completed-timestamp,1742069994.0,,cpu-autoscale
2162,cganalysis-structure-056875909,Job,cganalysis,running,1787,,cpu-autoscale
2163,cganalysis-structure-056875909-kv8vk,Pod,cganalysis,pulled-timestamp,1742068207.0,633731392008.dkr.ecr.us-east-1.amazonaws.com/mini-mummi:cganalysis-arm,cpu-autoscale
2164,cganalysis-structure-056875909-kv8vk,Pod,cganalysis,pulling-timestamp,1742068207.0,633731392008.dkr.ecr.us-east-1.amazonaws.com/mini-mummi:cganalysis-arm,cpu-autoscale
2165,cganalysis-structure-056875909-kv8vk,Pod,cganalysis,scheduled-timestamp,1742068207.0,633731392008.dkr.ecr.us-east-1.amazonaws.com/mini-mummi:cganalysis-arm,cpu-autoscale
2166,cganalysis-structure-056875909-kv8vk,Pod,cganalysis,created-timestamp,1742068207.0,633731392008.dkr.ecr.us-east-1.amazonaws.com/mini-mummi:cganalysis-arm,cpu-autoscale
2167,cganalysis-structure-056875909-kv8vk,Pod,cganalysis,created,0,633731392008.dkr.ecr.us-east-1.amazonaws.com/mini-mummi:cganalysis-arm,cpu-autoscale
2168,cganalysis-structure-056875909-kv8vk,Pod,cganalysis,started-timestamp,1742068207.0,633731392008.dkr.ecr.us-east-1.amazonaws.com/mini-mummi:cganalysis-arm,cpu-autoscale
2169,cganalysis-structure-056875909-kv8vk,Pod,cganalysis,started,0,633731392008.dkr.ecr.us-east-1.amazonaws.com/mini-mummi:cganalysis-arm,cpu-autoscale
2170,cganalysis-structure-056875909-kv8vk,Pod,cganalysis,pulled,0.16010232500000002,633731392008.dkr.ecr.us-east-1.amazonaws.com/mini-mummi:cganalysis-arm,cpu-autoscale
2171,cganalysis-structure-048374956,Job,cganalysis,successfulcreate-timestamp,1742068213.0,,cpu-autoscale
2172,cganalysis-structure-048374956,Job,cganalysis,completed-timestamp,1742070001.0,,cpu-autoscale
2173,cganalysis-structure-048374956,Job,cganalysis,running,1788,,cpu-autoscale
2174,cganalysis-structure-048374956-7wjp6,Pod,cganalysis,pulled-timestamp,1742068214.0,633731392008.dkr.ecr.us-east-1.amazonaws.com/mini-mummi:cganalysis-arm,cpu-autoscale
2175,cganalysis-structure-048374956-7wjp6,Pod,cganalysis,pulling-timestamp,1742068214.0,633731392008.dkr.ecr.us-east-1.amazonaws.com/mini-mummi:cganalysis-arm,cpu-autoscale
2176,cganalysis-structure-048374956-7wjp6,Pod,cganalysis,scheduled-timestamp,1742068213.0,633731392008.dkr.ecr.us-east-1.amazonaws.com/mini-mummi:cganalysis-arm,cpu-autoscale
2177,cganalysis-structure-048374956-7wjp6,Pod,cganalysis,created-timestamp,1742068214.0,633731392008.dkr.ecr.us-east-1.amazonaws.com/mini-mummi:cganalysis-arm,cpu-autoscale
2178,cganalysis-structure-048374956-7wjp6,Pod,cganalysis,created,0,633731392008.dkr.ecr.us-east-1.amazonaws.com/mini-mummi:cganalysis-arm,cpu-autoscale
2179,cganalysis-structure-048374956-7wjp6,Pod,cganalysis,started-timestamp,1742068214.0,633731392008.dkr.ecr.us-east-1.amazonaws.com/mini-mummi:cganalysis-arm,cpu-autoscale
2180,cganalysis-structure-048374956-7wjp6,Pod,cganalysis,started,0,633731392008.dkr.ecr.us-east-1.amazonaws.com/mini-mummi:cganalysis-arm,cpu-autoscale
2181,cganalysis-structure-048374956-7wjp6,Pod,cganalysis,pulled,0.161190726,633731392008.dkr.ecr.us-east-1.amazonaws.com/mini-mummi:cganalysis-arm,cpu-autoscale
2182,cganalysis-structure-072532526,Job,cganalysis,successfulcreate-timestamp,1742068221.0,,cpu-autoscale
2183,cganalysis-structure-072532526,Job,cganalysis,completed-timestamp,1742070009.0,,cpu-autoscale
2184,cganalysis-structure-072532526,Job,cganalysis,running,1788,,cpu-autoscale
2185,cganalysis-structure-072532526-tjpck,Pod,cganalysis,pulled-timestamp,1742068222.0,633731392008.dkr.ecr.us-east-1.amazonaws.com/mini-mummi:cganalysis-arm,cpu-autoscale
2186,cganalysis-structure-072532526-tjpck,Pod,cganalysis,pulling-timestamp,1742068222.0,633731392008.dkr.ecr.us-east-1.amazonaws.com/mini-mummi:cganalysis-arm,cpu-autoscale
2187,cganalysis-structure-072532526-tjpck,Pod,cganalysis,scheduled-timestamp,1742068221.0,633731392008.dkr.ecr.us-east-1.amazonaws.com/mini-mummi:cganalysis-arm,cpu-autoscale
2188,cganalysis-structure-072532526-tjpck,Pod,cganalysis,created-timestamp,1742068222.0,633731392008.dkr.ecr.us-east-1.amazonaws.com/mini-mummi:cganalysis-arm,cpu-autoscale
2189,cganalysis-structure-072532526-tjpck,Pod,cganalysis,created,0,633731392008.dkr.ecr.us-east-1.amazonaws.com/mini-mummi:cganalysis-arm,cpu-autoscale
2190,cganalysis-structure-072532526-tjpck,Pod,cganalysis,started-timestamp,1742068222.0,633731392008.dkr.ecr.us-east-1.amazonaws.com/mini-mummi:cganalysis-arm,cpu-autoscale
2191,cganalysis-structure-072532526-tjpck,Pod,cganalysis,started,0,633731392008.dkr.ecr.us-east-1.amazonaws.com/mini-mummi:cganalysis-arm,cpu-autoscale
2192,cganalysis-structure-072532526-tjpck,Pod,cganalysis,pulled,0.15530955700000001,633731392008.dkr.ecr.us-east-1.amazonaws.com/mini-mummi:cganalysis-arm,cpu-autoscale
2193,cganalysis-structure-023006487,Job,cganalysis,successfulcreate-timestamp,1742068270.0,,cpu-autoscale
2194,cganalysis-structure-023006487,Job,cganalysis,completed-timestamp,1742070058.0,,cpu-autoscale
2195,cganalysis-structure-023006487,Job,cganalysis,running,1788,,cpu-autoscale
2196,cganalysis-structure-023006487-zw5jw,Pod,cganalysis,pulled-timestamp,1742068271.0,633731392008.dkr.ecr.us-east-1.amazonaws.com/mini-mummi:cganalysis-arm,cpu-autoscale
2197,cganalysis-structure-023006487-zw5jw,Pod,cganalysis,pulling-timestamp,1742068271.0,633731392008.dkr.ecr.us-east-1.amazonaws.com/mini-mummi:cganalysis-arm,cpu-autoscale
2198,cganalysis-structure-023006487-zw5jw,Pod,cganalysis,scheduled-timestamp,1742068270.0,633731392008.dkr.ecr.us-east-1.amazonaws.com/mini-mummi:cganalysis-arm,cpu-autoscale
2199,cganalysis-structure-023006487-zw5jw,Pod,cganalysis,created-timestamp,1742068271.0,633731392008.dkr.ecr.us-east-1.amazonaws.com/mini-mummi:cganalysis-arm,cpu-autoscale
2200,cganalysis-structure-023006487-zw5jw,Pod,cganalysis,created,0,633731392008.dkr.ecr.us-east-1.amazonaws.com/mini-mummi:cganalysis-arm,cpu-autoscale
2201,cganalysis-structure-023006487-zw5jw,Pod,cganalysis,started-timestamp,1742068271.0,633731392008.dkr.ecr.us-east-1.amazonaws.com/mini-mummi:cganalysis-arm,cpu-autoscale
2202,cganalysis-structure-023006487-zw5jw,Pod,cganalysis,started,0,633731392008.dkr.ecr.us-east-1.amazonaws.com/mini-mummi:cganalysis-arm,cpu-autoscale
2203,cganalysis-structure-023006487-zw5jw,Pod,cganalysis,pulled,0.134244129,633731392008.dkr.ecr.us-east-1.amazonaws.com/mini-mummi:cganalysis-arm,cpu-autoscale
2204,metrics-server-7794986bdb-qggfn,Pod,,scheduled-timestamp,1742070316.0,,cpu-autoscale
2205,aws-node-6hjwm,Pod,,pulled-timestamp,1742085626.0,602401143452.dkr.ecr.us-east-1.amazonaws.com/amazon/aws-network-policy-agent:v1.1.5-eksbuild.1,cpu-autoscale
2206,aws-node-6hjwm,Pod,,pulling-timestamp,1742085625.0,602401143452.dkr.ecr.us-east-1.amazonaws.com/amazon/aws-network-policy-agent:v1.1.5-eksbuild.1,cpu-autoscale
2207,aws-node-6hjwm,Pod,,scheduled-timestamp,1742085607.0,602401143452.dkr.ecr.us-east-1.amazonaws.com/amazon/aws-network-policy-agent:v1.1.5-eksbuild.1,cpu-autoscale
2208,aws-node-6hjwm,Pod,,created-timestamp,1742085626.0,602401143452.dkr.ecr.us-east-1.amazonaws.com/amazon/aws-network-policy-agent:v1.1.5-eksbuild.1,cpu-autoscale
2209,aws-node-6hjwm,Pod,,created,0,602401143452.dkr.ecr.us-east-1.amazonaws.com/amazon/aws-network-policy-agent:v1.1.5-eksbuild.1,cpu-autoscale
2210,aws-node-6hjwm,Pod,,started-timestamp,1742085626.0,602401143452.dkr.ecr.us-east-1.amazonaws.com/amazon/aws-network-policy-agent:v1.1.5-eksbuild.1,cpu-autoscale
2211,aws-node-6hjwm,Pod,,started,0,602401143452.dkr.ecr.us-east-1.amazonaws.com/amazon/aws-network-policy-agent:v1.1.5-eksbuild.1,cpu-autoscale
2212,aws-node-6hjwm,Pod,,pulled,1.076257468,602401143452.dkr.ecr.us-east-1.amazonaws.com/amazon/aws-network-policy-agent:v1.1.5-eksbuild.1,cpu-autoscale
2213,aws-node-9lkzm,Pod,,pulled-timestamp,1742085531.0,602401143452.dkr.ecr.us-east-1.amazonaws.com/amazon/aws-network-policy-agent:v1.1.5-eksbuild.1,cpu-autoscale
2214,aws-node-9lkzm,Pod,,pulling-timestamp,1742085530.0,602401143452.dkr.ecr.us-east-1.amazonaws.com/amazon/aws-network-policy-agent:v1.1.5-eksbuild.1,cpu-autoscale
2215,aws-node-9lkzm,Pod,,scheduled-timestamp,1742085519.0,602401143452.dkr.ecr.us-east-1.amazonaws.com/amazon/aws-network-policy-agent:v1.1.5-eksbuild.1,cpu-autoscale
2216,aws-node-9lkzm,Pod,,created-timestamp,1742085531.0,602401143452.dkr.ecr.us-east-1.amazonaws.com/amazon/aws-network-policy-agent:v1.1.5-eksbuild.1,cpu-autoscale
2217,aws-node-9lkzm,Pod,,created,0,602401143452.dkr.ecr.us-east-1.amazonaws.com/amazon/aws-network-policy-agent:v1.1.5-eksbuild.1,cpu-autoscale
2218,aws-node-9lkzm,Pod,,started-timestamp,1742085531.0,602401143452.dkr.ecr.us-east-1.amazonaws.com/amazon/aws-network-policy-agent:v1.1.5-eksbuild.1,cpu-autoscale
2219,aws-node-9lkzm,Pod,,started,0,602401143452.dkr.ecr.us-east-1.amazonaws.com/amazon/aws-network-policy-agent:v1.1.5-eksbuild.1,cpu-autoscale
2220,aws-node-9lkzm,Pod,,pulled,0.998142321,602401143452.dkr.ecr.us-east-1.amazonaws.com/amazon/aws-network-policy-agent:v1.1.5-eksbuild.1,cpu-autoscale
2221,aws-node-bw2tl,Pod,,pulled-timestamp,1742085526.0,602401143452.dkr.ecr.us-east-1.amazonaws.com/amazon/aws-network-policy-agent:v1.1.5-eksbuild.1,cpu-autoscale
2222,aws-node-bw2tl,Pod,,pulling-timestamp,1742085525.0,602401143452.dkr.ecr.us-east-1.amazonaws.com/amazon/aws-network-policy-agent:v1.1.5-eksbuild.1,cpu-autoscale
2223,aws-node-bw2tl,Pod,,scheduled-timestamp,1742085514.0,602401143452.dkr.ecr.us-east-1.amazonaws.com/amazon/aws-network-policy-agent:v1.1.5-eksbuild.1,cpu-autoscale
2224,aws-node-bw2tl,Pod,,created-timestamp,1742085526.0,602401143452.dkr.ecr.us-east-1.amazonaws.com/amazon/aws-network-policy-agent:v1.1.5-eksbuild.1,cpu-autoscale
2225,aws-node-bw2tl,Pod,,created,0,602401143452.dkr.ecr.us-east-1.amazonaws.com/amazon/aws-network-policy-agent:v1.1.5-eksbuild.1,cpu-autoscale
2226,aws-node-bw2tl,Pod,,started-timestamp,1742085526.0,602401143452.dkr.ecr.us-east-1.amazonaws.com/amazon/aws-network-policy-agent:v1.1.5-eksbuild.1,cpu-autoscale
2227,aws-node-bw2tl,Pod,,started,0,602401143452.dkr.ecr.us-east-1.amazonaws.com/amazon/aws-network-policy-agent:v1.1.5-eksbuild.1,cpu-autoscale
2228,aws-node-bw2tl,Pod,,pulled,1.023827406,602401143452.dkr.ecr.us-east-1.amazonaws.com/amazon/aws-network-policy-agent:v1.1.5-eksbuild.1,cpu-autoscale
2229,aws-node-dhjpk,Pod,,pulled-timestamp,1742085525.0,602401143452.dkr.ecr.us-east-1.amazonaws.com/amazon/aws-network-policy-agent:v1.1.5-eksbuild.1,cpu-autoscale
2230,aws-node-dhjpk,Pod,,pulling-timestamp,1742085524.0,602401143452.dkr.ecr.us-east-1.amazonaws.com/amazon/aws-network-policy-agent:v1.1.5-eksbuild.1,cpu-autoscale
2231,aws-node-dhjpk,Pod,,scheduled-timestamp,1742085514.0,602401143452.dkr.ecr.us-east-1.amazonaws.com/amazon/aws-network-policy-agent:v1.1.5-eksbuild.1,cpu-autoscale
2232,aws-node-dhjpk,Pod,,created-timestamp,1742085525.0,602401143452.dkr.ecr.us-east-1.amazonaws.com/amazon/aws-network-policy-agent:v1.1.5-eksbuild.1,cpu-autoscale
2233,aws-node-dhjpk,Pod,,created,0,602401143452.dkr.ecr.us-east-1.amazonaws.com/amazon/aws-network-policy-agent:v1.1.5-eksbuild.1,cpu-autoscale
2234,aws-node-dhjpk,Pod,,started-timestamp,1742085525.0,602401143452.dkr.ecr.us-east-1.amazonaws.com/amazon/aws-network-policy-agent:v1.1.5-eksbuild.1,cpu-autoscale
2235,aws-node-dhjpk,Pod,,started,0,602401143452.dkr.ecr.us-east-1.amazonaws.com/amazon/aws-network-policy-agent:v1.1.5-eksbuild.1,cpu-autoscale
2236,aws-node-dhjpk,Pod,,pulled,1.010773058,602401143452.dkr.ecr.us-east-1.amazonaws.com/amazon/aws-network-policy-agent:v1.1.5-eksbuild.1,cpu-autoscale
2237,aws-node-hsxwv,Pod,,pulled-timestamp,1742085525.0,602401143452.dkr.ecr.us-east-1.amazonaws.com/amazon/aws-network-policy-agent:v1.1.5-eksbuild.1,cpu-autoscale
2238,aws-node-hsxwv,Pod,,pulling-timestamp,1742085524.0,602401143452.dkr.ecr.us-east-1.amazonaws.com/amazon/aws-network-policy-agent:v1.1.5-eksbuild.1,cpu-autoscale
2239,aws-node-hsxwv,Pod,,scheduled-timestamp,1742085514.0,602401143452.dkr.ecr.us-east-1.amazonaws.com/amazon/aws-network-policy-agent:v1.1.5-eksbuild.1,cpu-autoscale
2240,aws-node-hsxwv,Pod,,created-timestamp,1742085525.0,602401143452.dkr.ecr.us-east-1.amazonaws.com/amazon/aws-network-policy-agent:v1.1.5-eksbuild.1,cpu-autoscale
2241,aws-node-hsxwv,Pod,,created,0,602401143452.dkr.ecr.us-east-1.amazonaws.com/amazon/aws-network-policy-agent:v1.1.5-eksbuild.1,cpu-autoscale
2242,aws-node-hsxwv,Pod,,started-timestamp,1742085525.0,602401143452.dkr.ecr.us-east-1.amazonaws.com/amazon/aws-network-policy-agent:v1.1.5-eksbuild.1,cpu-autoscale
2243,aws-node-hsxwv,Pod,,started,0,602401143452.dkr.ecr.us-east-1.amazonaws.com/amazon/aws-network-policy-agent:v1.1.5-eksbuild.1,cpu-autoscale
2244,aws-node-hsxwv,Pod,,pulled,0.994965435,602401143452.dkr.ecr.us-east-1.amazonaws.com/amazon/aws-network-policy-agent:v1.1.5-eksbuild.1,cpu-autoscale
2245,aws-node-kvqmq,Pod,,pulled-timestamp,1742085525.0,602401143452.dkr.ecr.us-east-1.amazonaws.com/amazon/aws-network-policy-agent:v1.1.5-eksbuild.1,cpu-autoscale
2246,aws-node-kvqmq,Pod,,pulling-timestamp,1742085524.0,602401143452.dkr.ecr.us-east-1.amazonaws.com/amazon/aws-network-policy-agent:v1.1.5-eksbuild.1,cpu-autoscale
2247,aws-node-kvqmq,Pod,,scheduled-timestamp,1742085514.0,602401143452.dkr.ecr.us-east-1.amazonaws.com/amazon/aws-network-policy-agent:v1.1.5-eksbuild.1,cpu-autoscale
2248,aws-node-kvqmq,Pod,,created-timestamp,1742085525.0,602401143452.dkr.ecr.us-east-1.amazonaws.com/amazon/aws-network-policy-agent:v1.1.5-eksbuild.1,cpu-autoscale
2249,aws-node-kvqmq,Pod,,created,0,602401143452.dkr.ecr.us-east-1.amazonaws.com/amazon/aws-network-policy-agent:v1.1.5-eksbuild.1,cpu-autoscale
2250,aws-node-kvqmq,Pod,,started-timestamp,1742085525.0,602401143452.dkr.ecr.us-east-1.amazonaws.com/amazon/aws-network-policy-agent:v1.1.5-eksbuild.1,cpu-autoscale
2251,aws-node-kvqmq,Pod,,started,0,602401143452.dkr.ecr.us-east-1.amazonaws.com/amazon/aws-network-policy-agent:v1.1.5-eksbuild.1,cpu-autoscale
2252,aws-node-kvqmq,Pod,,pulled,1.002002786,602401143452.dkr.ecr.us-east-1.amazonaws.com/amazon/aws-network-policy-agent:v1.1.5-eksbuild.1,cpu-autoscale
2253,aws-node-tw5wk,Pod,,pulled-timestamp,1742085529.0,602401143452.dkr.ecr.us-east-1.amazonaws.com/amazon/aws-network-policy-agent:v1.1.5-eksbuild.1,cpu-autoscale
2254,aws-node-tw5wk,Pod,,pulling-timestamp,1742085528.0,602401143452.dkr.ecr.us-east-1.amazonaws.com/amazon/aws-network-policy-agent:v1.1.5-eksbuild.1,cpu-autoscale
2255,aws-node-tw5wk,Pod,,scheduled-timestamp,1742085518.0,602401143452.dkr.ecr.us-east-1.amazonaws.com/amazon/aws-network-policy-agent:v1.1.5-eksbuild.1,cpu-autoscale
2256,aws-node-tw5wk,Pod,,created-timestamp,1742085529.0,602401143452.dkr.ecr.us-east-1.amazonaws.com/amazon/aws-network-policy-agent:v1.1.5-eksbuild.1,cpu-autoscale
2257,aws-node-tw5wk,Pod,,created,0,602401143452.dkr.ecr.us-east-1.amazonaws.com/amazon/aws-network-policy-agent:v1.1.5-eksbuild.1,cpu-autoscale
2258,aws-node-tw5wk,Pod,,started-timestamp,1742085529.0,602401143452.dkr.ecr.us-east-1.amazonaws.com/amazon/aws-network-policy-agent:v1.1.5-eksbuild.1,cpu-autoscale
2259,aws-node-tw5wk,Pod,,started,0,602401143452.dkr.ecr.us-east-1.amazonaws.com/amazon/aws-network-policy-agent:v1.1.5-eksbuild.1,cpu-autoscale
2260,aws-node-tw5wk,Pod,,pulled,1.05118856,602401143452.dkr.ecr.us-east-1.amazonaws.com/amazon/aws-network-policy-agent:v1.1.5-eksbuild.1,cpu-autoscale
2261,coredns-d9b6d6c7d-g4hdr,Pod,,pulled-timestamp,1742085528.0,602401143452.dkr.ecr.us-east-1.amazonaws.com/eks/coredns:v1.10.1-eksbuild.4,cpu-autoscale
2262,coredns-d9b6d6c7d-g4hdr,Pod,,pulling-timestamp,1742085527.0,602401143452.dkr.ecr.us-east-1.amazonaws.com/eks/coredns:v1.10.1-eksbuild.4,cpu-autoscale
2263,coredns-d9b6d6c7d-g4hdr,Pod,,scheduled-timestamp,1742085526.0,602401143452.dkr.ecr.us-east-1.amazonaws.com/eks/coredns:v1.10.1-eksbuild.4,cpu-autoscale
2264,coredns-d9b6d6c7d-g4hdr,Pod,,created-timestamp,1742085528.0,602401143452.dkr.ecr.us-east-1.amazonaws.com/eks/coredns:v1.10.1-eksbuild.4,cpu-autoscale
2265,coredns-d9b6d6c7d-g4hdr,Pod,,created,0,602401143452.dkr.ecr.us-east-1.amazonaws.com/eks/coredns:v1.10.1-eksbuild.4,cpu-autoscale
2266,coredns-d9b6d6c7d-g4hdr,Pod,,started-timestamp,1742085528.0,602401143452.dkr.ecr.us-east-1.amazonaws.com/eks/coredns:v1.10.1-eksbuild.4,cpu-autoscale
2267,coredns-d9b6d6c7d-g4hdr,Pod,,started,0,602401143452.dkr.ecr.us-east-1.amazonaws.com/eks/coredns:v1.10.1-eksbuild.4,cpu-autoscale
2268,coredns-d9b6d6c7d-g4hdr,Pod,,pulled,0.9743043189999999,602401143452.dkr.ecr.us-east-1.amazonaws.com/eks/coredns:v1.10.1-eksbuild.4,cpu-autoscale
2269,coredns-d9b6d6c7d-rlcvh,Pod,,pulled-timestamp,1742085528.0,602401143452.dkr.ecr.us-east-1.amazonaws.com/eks/coredns:v1.10.1-eksbuild.4,cpu-autoscale
2270,coredns-d9b6d6c7d-rlcvh,Pod,,pulling-timestamp,1742085527.0,602401143452.dkr.ecr.us-east-1.amazonaws.com/eks/coredns:v1.10.1-eksbuild.4,cpu-autoscale
2271,coredns-d9b6d6c7d-rlcvh,Pod,,scheduled-timestamp,1742085526.0,602401143452.dkr.ecr.us-east-1.amazonaws.com/eks/coredns:v1.10.1-eksbuild.4,cpu-autoscale
2272,coredns-d9b6d6c7d-rlcvh,Pod,,created-timestamp,1742085528.0,602401143452.dkr.ecr.us-east-1.amazonaws.com/eks/coredns:v1.10.1-eksbuild.4,cpu-autoscale
2273,coredns-d9b6d6c7d-rlcvh,Pod,,created,0,602401143452.dkr.ecr.us-east-1.amazonaws.com/eks/coredns:v1.10.1-eksbuild.4,cpu-autoscale
2274,coredns-d9b6d6c7d-rlcvh,Pod,,started-timestamp,1742085528.0,602401143452.dkr.ecr.us-east-1.amazonaws.com/eks/coredns:v1.10.1-eksbuild.4,cpu-autoscale
2275,coredns-d9b6d6c7d-rlcvh,Pod,,started,0,602401143452.dkr.ecr.us-east-1.amazonaws.com/eks/coredns:v1.10.1-eksbuild.4,cpu-autoscale
2276,coredns-d9b6d6c7d-rlcvh,Pod,,pulled,0.977194742,602401143452.dkr.ecr.us-east-1.amazonaws.com/eks/coredns:v1.10.1-eksbuild.4,cpu-autoscale
2277,metrics-server-7794986bdb-x7vnn,Pod,,pulled-timestamp,1742085529.0,602401143452.dkr.ecr.us-east-1.amazonaws.com/eks/metrics-server:v0.7.2-eksbuild.2,cpu-autoscale
2278,metrics-server-7794986bdb-x7vnn,Pod,,pulling-timestamp,1742085527.0,602401143452.dkr.ecr.us-east-1.amazonaws.com/eks/metrics-server:v0.7.2-eksbuild.2,cpu-autoscale
2279,metrics-server-7794986bdb-x7vnn,Pod,,scheduled-timestamp,1742085526.0,602401143452.dkr.ecr.us-east-1.amazonaws.com/eks/metrics-server:v0.7.2-eksbuild.2,cpu-autoscale
2280,metrics-server-7794986bdb-x7vnn,Pod,,created-timestamp,1742085529.0,602401143452.dkr.ecr.us-east-1.amazonaws.com/eks/metrics-server:v0.7.2-eksbuild.2,cpu-autoscale
2281,metrics-server-7794986bdb-x7vnn,Pod,,created,0,602401143452.dkr.ecr.us-east-1.amazonaws.com/eks/metrics-server:v0.7.2-eksbuild.2,cpu-autoscale
2282,metrics-server-7794986bdb-x7vnn,Pod,,started-timestamp,1742085529.0,602401143452.dkr.ecr.us-east-1.amazonaws.com/eks/metrics-server:v0.7.2-eksbuild.2,cpu-autoscale
2283,metrics-server-7794986bdb-x7vnn,Pod,,started,0,602401143452.dkr.ecr.us-east-1.amazonaws.com/eks/metrics-server:v0.7.2-eksbuild.2,cpu-autoscale
2284,metrics-server-7794986bdb-x7vnn,Pod,,pulled,1.362188861,602401143452.dkr.ecr.us-east-1.amazonaws.com/eks/metrics-server:v0.7.2-eksbuild.2,cpu-autoscale
2285,metrics-server-7794986bdb-ztb4n,Pod,,pulled-timestamp,1742085529.0,602401143452.dkr.ecr.us-east-1.amazonaws.com/eks/metrics-server:v0.7.2-eksbuild.2,cpu-autoscale
2286,metrics-server-7794986bdb-ztb4n,Pod,,pulling-timestamp,1742085527.0,602401143452.dkr.ecr.us-east-1.amazonaws.com/eks/metrics-server:v0.7.2-eksbuild.2,cpu-autoscale
2287,metrics-server-7794986bdb-ztb4n,Pod,,scheduled-timestamp,1742085526.0,602401143452.dkr.ecr.us-east-1.amazonaws.com/eks/metrics-server:v0.7.2-eksbuild.2,cpu-autoscale
2288,metrics-server-7794986bdb-ztb4n,Pod,,created-timestamp,1742085529.0,602401143452.dkr.ecr.us-east-1.amazonaws.com/eks/metrics-server:v0.7.2-eksbuild.2,cpu-autoscale
2289,metrics-server-7794986bdb-ztb4n,Pod,,created,0,602401143452.dkr.ecr.us-east-1.amazonaws.com/eks/metrics-server:v0.7.2-eksbuild.2,cpu-autoscale
2290,metrics-server-7794986bdb-ztb4n,Pod,,started-timestamp,1742085529.0,602401143452.dkr.ecr.us-east-1.amazonaws.com/eks/metrics-server:v0.7.2-eksbuild.2,cpu-autoscale
2291,metrics-server-7794986bdb-ztb4n,Pod,,started,0,602401143452.dkr.ecr.us-east-1.amazonaws.com/eks/metrics-server:v0.7.2-eksbuild.2,cpu-autoscale
2292,metrics-server-7794986bdb-ztb4n,Pod,,pulled,1.359658189,602401143452.dkr.ecr.us-east-1.amazonaws.com/eks/metrics-server:v0.7.2-eksbuild.2,cpu-autoscale
2293,event-exporter-c7548569-k2z8j,Pod,,pulled-timestamp,1742085729.0,ghcr.io/resmoio/kubernetes-event-exporter:latest,cpu-autoscale
2294,event-exporter-c7548569-k2z8j,Pod,,pulling-timestamp,1742085728.0,ghcr.io/resmoio/kubernetes-event-exporter:latest,cpu-autoscale
2295,event-exporter-c7548569-k2z8j,Pod,,scheduled-timestamp,1742085728.0,ghcr.io/resmoio/kubernetes-event-exporter:latest,cpu-autoscale
2296,event-exporter-c7548569-k2z8j,Pod,,created-timestamp,1742085729.0,ghcr.io/resmoio/kubernetes-event-exporter:latest,cpu-autoscale
2297,event-exporter-c7548569-k2z8j,Pod,,created,0,ghcr.io/resmoio/kubernetes-event-exporter:latest,cpu-autoscale
2298,event-exporter-c7548569-k2z8j,Pod,,started-timestamp,1742085729.0,ghcr.io/resmoio/kubernetes-event-exporter:latest,cpu-autoscale
2299,event-exporter-c7548569-k2z8j,Pod,,started,0,ghcr.io/resmoio/kubernetes-event-exporter:latest,cpu-autoscale
2300,event-exporter-c7548569-k2z8j,Pod,,pulled,0.921918633,ghcr.io/resmoio/kubernetes-event-exporter:latest,cpu-autoscale
2301,state-machine-operator-controller-manager-88f644755-jn5tt,Pod,,pulled-timestamp,1742085771.0,ghcr.io/converged-computing/state-machine-operator@sha256:4fbec679024f006562108190b7573ee9c62fdffdb77ecc8b3f81ae25461849b9,cpu-autoscale
2302,state-machine-operator-controller-manager-88f644755-jn5tt,Pod,,pulling-timestamp,1742085770.0,ghcr.io/converged-computing/state-machine-operator@sha256:4fbec679024f006562108190b7573ee9c62fdffdb77ecc8b3f81ae25461849b9,cpu-autoscale
2303,state-machine-operator-controller-manager-88f644755-jn5tt,Pod,,scheduled-timestamp,1742085769.0,ghcr.io/converged-computing/state-machine-operator@sha256:4fbec679024f006562108190b7573ee9c62fdffdb77ecc8b3f81ae25461849b9,cpu-autoscale
2304,state-machine-operator-controller-manager-88f644755-jn5tt,Pod,,created-timestamp,1742085771.0,ghcr.io/converged-computing/state-machine-operator@sha256:4fbec679024f006562108190b7573ee9c62fdffdb77ecc8b3f81ae25461849b9,cpu-autoscale
2305,state-machine-operator-controller-manager-88f644755-jn5tt,Pod,,created,0,ghcr.io/converged-computing/state-machine-operator@sha256:4fbec679024f006562108190b7573ee9c62fdffdb77ecc8b3f81ae25461849b9,cpu-autoscale
2306,state-machine-operator-controller-manager-88f644755-jn5tt,Pod,,started-timestamp,1742085771.0,ghcr.io/converged-computing/state-machine-operator@sha256:4fbec679024f006562108190b7573ee9c62fdffdb77ecc8b3f81ae25461849b9,cpu-autoscale
2307,state-machine-operator-controller-manager-88f644755-jn5tt,Pod,,started,0,ghcr.io/converged-computing/state-machine-operator@sha256:4fbec679024f006562108190b7573ee9c62fdffdb77ecc8b3f81ae25461849b9,cpu-autoscale
2308,state-machine-operator-controller-manager-88f644755-jn5tt,Pod,,pulled,1.139561535,ghcr.io/converged-computing/state-machine-operator@sha256:4fbec679024f006562108190b7573ee9c62fdffdb77ecc8b3f81ae25461849b9,cpu-autoscale
2309,mummi-manager-55b864fb8f-5sxkh,Pod,,pulled-timestamp,1742085803.0,ghcr.io/converged-computing/state-machine-operator:manager,cpu-autoscale
2310,mummi-manager-55b864fb8f-5sxkh,Pod,,pulling-timestamp,1742085796.0,ghcr.io/converged-computing/state-machine-operator:manager,cpu-autoscale
2311,mummi-manager-55b864fb8f-5sxkh,Pod,,scheduled-timestamp,1742085795.0,ghcr.io/converged-computing/state-machine-operator:manager,cpu-autoscale
2312,mummi-manager-55b864fb8f-5sxkh,Pod,,created-timestamp,1742085804.0,ghcr.io/converged-computing/state-machine-operator:manager,cpu-autoscale
2313,mummi-manager-55b864fb8f-5sxkh,Pod,,created,1,ghcr.io/converged-computing/state-machine-operator:manager,cpu-autoscale
2314,mummi-manager-55b864fb8f-5sxkh,Pod,,started-timestamp,1742085804.0,ghcr.io/converged-computing/state-machine-operator:manager,cpu-autoscale
2315,mummi-manager-55b864fb8f-5sxkh,Pod,,started,0,ghcr.io/converged-computing/state-machine-operator:manager,cpu-autoscale
2316,mummi-manager-55b864fb8f-5sxkh,Pod,,pulled,7.637645593,ghcr.io/converged-computing/state-machine-operator:manager,cpu-autoscale
2317,mlrunner-structure-055178290,Job,mlrunner,successfulcreate-timestamp,1742085804.0,,cpu-autoscale
2318,mlrunner-structure-055178290,Job,mlrunner,completed-timestamp,1742086118.0,,cpu-autoscale
2319,mlrunner-structure-055178290,Job,mlrunner,running,314,,cpu-autoscale
2320,mlrunner-structure-055178290-5f75l,Pod,,pulled-timestamp,1742086008.0,633731392008.dkr.ecr.us-east-1.amazonaws.com/mini-mummi:mlrunner-arm,cpu-autoscale
2321,mlrunner-structure-055178290-5f75l,Pod,,pulling-timestamp,1742085805.0,633731392008.dkr.ecr.us-east-1.amazonaws.com/mini-mummi:mlrunner-arm,cpu-autoscale
2322,mlrunner-structure-055178290-5f75l,Pod,,scheduled-timestamp,1742085804.0,633731392008.dkr.ecr.us-east-1.amazonaws.com/mini-mummi:mlrunner-arm,cpu-autoscale
2323,mlrunner-structure-055178290-5f75l,Pod,,created-timestamp,1742086009.0,633731392008.dkr.ecr.us-east-1.amazonaws.com/mini-mummi:mlrunner-arm,cpu-autoscale
2324,mlrunner-structure-055178290-5f75l,Pod,,created,1,633731392008.dkr.ecr.us-east-1.amazonaws.com/mini-mummi:mlrunner-arm,cpu-autoscale
2325,mlrunner-structure-055178290-5f75l,Pod,,started-timestamp,1742086009.0,633731392008.dkr.ecr.us-east-1.amazonaws.com/mini-mummi:mlrunner-arm,cpu-autoscale
2326,mlrunner-structure-055178290-5f75l,Pod,,started,0,633731392008.dkr.ecr.us-east-1.amazonaws.com/mini-mummi:mlrunner-arm,cpu-autoscale
2327,mlrunner-structure-055178290-5f75l,Pod,,pulled,203.842287479,633731392008.dkr.ecr.us-east-1.amazonaws.com/mini-mummi:mlrunner-arm,cpu-autoscale
2328,mlrunner-structure-018593429,Job,mlrunner,successfulcreate-timestamp,1742085804.0,,cpu-autoscale
2329,mlrunner-structure-018593429,Job,mlrunner,completed-timestamp,1742086114.0,,cpu-autoscale
2330,mlrunner-structure-018593429,Job,mlrunner,running,310,,cpu-autoscale
2331,mlrunner-structure-018593429-86csl,Pod,,pulled-timestamp,1742086005.0,633731392008.dkr.ecr.us-east-1.amazonaws.com/mini-mummi:mlrunner-arm,cpu-autoscale
2332,mlrunner-structure-018593429-86csl,Pod,,pulling-timestamp,1742085805.0,633731392008.dkr.ecr.us-east-1.amazonaws.com/mini-mummi:mlrunner-arm,cpu-autoscale
2333,mlrunner-structure-018593429-86csl,Pod,,scheduled-timestamp,1742085804.0,633731392008.dkr.ecr.us-east-1.amazonaws.com/mini-mummi:mlrunner-arm,cpu-autoscale
2334,mlrunner-structure-018593429-86csl,Pod,,created-timestamp,1742086006.0,633731392008.dkr.ecr.us-east-1.amazonaws.com/mini-mummi:mlrunner-arm,cpu-autoscale
2335,mlrunner-structure-018593429-86csl,Pod,,created,1,633731392008.dkr.ecr.us-east-1.amazonaws.com/mini-mummi:mlrunner-arm,cpu-autoscale
2336,mlrunner-structure-018593429-86csl,Pod,,started-timestamp,1742086007.0,633731392008.dkr.ecr.us-east-1.amazonaws.com/mini-mummi:mlrunner-arm,cpu-autoscale
2337,mlrunner-structure-018593429-86csl,Pod,,started,1,633731392008.dkr.ecr.us-east-1.amazonaws.com/mini-mummi:mlrunner-arm,cpu-autoscale
2338,mlrunner-structure-018593429-86csl,Pod,,pulled,200.786082682,633731392008.dkr.ecr.us-east-1.amazonaws.com/mini-mummi:mlrunner-arm,cpu-autoscale
2339,mlrunner-structure-011530232,Job,mlrunner,successfulcreate-timestamp,1742085804.0,,cpu-autoscale
2340,mlrunner-structure-011530232,Job,mlrunner,completed-timestamp,1742086117.0,,cpu-autoscale
2341,mlrunner-structure-011530232,Job,mlrunner,running,313,,cpu-autoscale
2342,mlrunner-structure-011530232-j77sm,Pod,,pulled-timestamp,1742086009.0,633731392008.dkr.ecr.us-east-1.amazonaws.com/mini-mummi:mlrunner-arm,cpu-autoscale
2343,mlrunner-structure-011530232-j77sm,Pod,,pulling-timestamp,1742085805.0,633731392008.dkr.ecr.us-east-1.amazonaws.com/mini-mummi:mlrunner-arm,cpu-autoscale
2344,mlrunner-structure-011530232-j77sm,Pod,,scheduled-timestamp,1742085804.0,633731392008.dkr.ecr.us-east-1.amazonaws.com/mini-mummi:mlrunner-arm,cpu-autoscale
2345,mlrunner-structure-011530232-j77sm,Pod,,created-timestamp,1742086009.0,633731392008.dkr.ecr.us-east-1.amazonaws.com/mini-mummi:mlrunner-arm,cpu-autoscale
2346,mlrunner-structure-011530232-j77sm,Pod,,created,0,633731392008.dkr.ecr.us-east-1.amazonaws.com/mini-mummi:mlrunner-arm,cpu-autoscale
2347,mlrunner-structure-011530232-j77sm,Pod,,started-timestamp,1742086009.0,633731392008.dkr.ecr.us-east-1.amazonaws.com/mini-mummi:mlrunner-arm,cpu-autoscale
2348,mlrunner-structure-011530232-j77sm,Pod,,started,0,633731392008.dkr.ecr.us-east-1.amazonaws.com/mini-mummi:mlrunner-arm,cpu-autoscale
2349,mlrunner-structure-011530232-j77sm,Pod,,pulled,204.567487806,633731392008.dkr.ecr.us-east-1.amazonaws.com/mini-mummi:mlrunner-arm,cpu-autoscale
2350,mlrunner-structure-065518985,Job,mlrunner,successfulcreate-timestamp,1742085804.0,,cpu-autoscale
2351,mlrunner-structure-065518985,Job,mlrunner,completed-timestamp,1742086115.0,,cpu-autoscale
2352,mlrunner-structure-065518985,Job,mlrunner,running,311,,cpu-autoscale
2353,mlrunner-structure-065518985-fwfdf,Pod,,pulled-timestamp,1742086006.0,633731392008.dkr.ecr.us-east-1.amazonaws.com/mini-mummi:mlrunner-arm,cpu-autoscale
2354,mlrunner-structure-065518985-fwfdf,Pod,,pulling-timestamp,1742085806.0,633731392008.dkr.ecr.us-east-1.amazonaws.com/mini-mummi:mlrunner-arm,cpu-autoscale
2355,mlrunner-structure-065518985-fwfdf,Pod,,scheduled-timestamp,1742085804.0,633731392008.dkr.ecr.us-east-1.amazonaws.com/mini-mummi:mlrunner-arm,cpu-autoscale
2356,mlrunner-structure-065518985-fwfdf,Pod,,created-timestamp,1742086006.0,633731392008.dkr.ecr.us-east-1.amazonaws.com/mini-mummi:mlrunner-arm,cpu-autoscale
2357,mlrunner-structure-065518985-fwfdf,Pod,,created,0,633731392008.dkr.ecr.us-east-1.amazonaws.com/mini-mummi:mlrunner-arm,cpu-autoscale
2358,mlrunner-structure-065518985-fwfdf,Pod,,started-timestamp,1742086006.0,633731392008.dkr.ecr.us-east-1.amazonaws.com/mini-mummi:mlrunner-arm,cpu-autoscale
2359,mlrunner-structure-065518985-fwfdf,Pod,,started,0,633731392008.dkr.ecr.us-east-1.amazonaws.com/mini-mummi:mlrunner-arm,cpu-autoscale
2360,mlrunner-structure-065518985-fwfdf,Pod,,pulled,199.425512009,633731392008.dkr.ecr.us-east-1.amazonaws.com/mini-mummi:mlrunner-arm,cpu-autoscale
2361,mlrunner-structure-042718431,Job,mlrunner,successfulcreate-timestamp,1742085804.0,,cpu-autoscale
2362,mlrunner-structure-042718431,Job,mlrunner,completed-timestamp,1742086110.0,,cpu-autoscale
2363,mlrunner-structure-042718431,Job,mlrunner,running,306,,cpu-autoscale
2364,mlrunner-structure-042718431-ldn5l,Pod,,pulled-timestamp,1742085999.0,633731392008.dkr.ecr.us-east-1.amazonaws.com/mini-mummi:mlrunner-arm,cpu-autoscale
2365,mlrunner-structure-042718431-ldn5l,Pod,,pulling-timestamp,1742085805.0,633731392008.dkr.ecr.us-east-1.amazonaws.com/mini-mummi:mlrunner-arm,cpu-autoscale
2366,mlrunner-structure-042718431-ldn5l,Pod,,scheduled-timestamp,1742085804.0,633731392008.dkr.ecr.us-east-1.amazonaws.com/mini-mummi:mlrunner-arm,cpu-autoscale
2367,mlrunner-structure-042718431-ldn5l,Pod,,created-timestamp,1742085999.0,633731392008.dkr.ecr.us-east-1.amazonaws.com/mini-mummi:mlrunner-arm,cpu-autoscale
2368,mlrunner-structure-042718431-ldn5l,Pod,,created,0,633731392008.dkr.ecr.us-east-1.amazonaws.com/mini-mummi:mlrunner-arm,cpu-autoscale
2369,mlrunner-structure-042718431-ldn5l,Pod,,started-timestamp,1742086000.0,633731392008.dkr.ecr.us-east-1.amazonaws.com/mini-mummi:mlrunner-arm,cpu-autoscale
2370,mlrunner-structure-042718431-ldn5l,Pod,,started,1,633731392008.dkr.ecr.us-east-1.amazonaws.com/mini-mummi:mlrunner-arm,cpu-autoscale
2371,mlrunner-structure-042718431-ldn5l,Pod,,pulled,194.199760646,633731392008.dkr.ecr.us-east-1.amazonaws.com/mini-mummi:mlrunner-arm,cpu-autoscale
2372,mlrunner-structure-021209867,Job,mlrunner,successfulcreate-timestamp,1742085804.0,,cpu-autoscale
2373,mlrunner-structure-021209867,Job,mlrunner,completed-timestamp,1742086112.0,,cpu-autoscale
2374,mlrunner-structure-021209867,Job,mlrunner,running,308,,cpu-autoscale
2375,mlrunner-structure-021209867-d6kmz,Pod,,pulled-timestamp,1742086004.0,633731392008.dkr.ecr.us-east-1.amazonaws.com/mini-mummi:mlrunner-arm,cpu-autoscale
2376,mlrunner-structure-021209867-d6kmz,Pod,,pulling-timestamp,1742085805.0,633731392008.dkr.ecr.us-east-1.amazonaws.com/mini-mummi:mlrunner-arm,cpu-autoscale
2377,mlrunner-structure-021209867-d6kmz,Pod,,scheduled-timestamp,1742085804.0,633731392008.dkr.ecr.us-east-1.amazonaws.com/mini-mummi:mlrunner-arm,cpu-autoscale
2378,mlrunner-structure-021209867-d6kmz,Pod,,created-timestamp,1742086004.0,633731392008.dkr.ecr.us-east-1.amazonaws.com/mini-mummi:mlrunner-arm,cpu-autoscale
2379,mlrunner-structure-021209867-d6kmz,Pod,,created,0,633731392008.dkr.ecr.us-east-1.amazonaws.com/mini-mummi:mlrunner-arm,cpu-autoscale
2380,mlrunner-structure-021209867-d6kmz,Pod,,started-timestamp,1742086004.0,633731392008.dkr.ecr.us-east-1.amazonaws.com/mini-mummi:mlrunner-arm,cpu-autoscale
2381,mlrunner-structure-021209867-d6kmz,Pod,,started,0,633731392008.dkr.ecr.us-east-1.amazonaws.com/mini-mummi:mlrunner-arm,cpu-autoscale
2382,mlrunner-structure-021209867-d6kmz,Pod,,pulled,198.90027369,633731392008.dkr.ecr.us-east-1.amazonaws.com/mini-mummi:mlrunner-arm,cpu-autoscale
2383,createsim-structure-042718431,Job,createsim,successfulcreate-timestamp,1742086110.0,,cpu-autoscale
2384,createsim-structure-042718431,Job,createsim,completed-timestamp,1742086634.0,,cpu-autoscale
2385,createsim-structure-042718431,Job,createsim,running,524,,cpu-autoscale
2386,createsim-structure-042718431-55ggx,Pod,createsim,pulled-timestamp,1742086157.0,633731392008.dkr.ecr.us-east-1.amazonaws.com/mini-mummi:createsims-arm,cpu-autoscale
2387,createsim-structure-042718431-55ggx,Pod,createsim,pulling-timestamp,1742086110.0,633731392008.dkr.ecr.us-east-1.amazonaws.com/mini-mummi:createsims-arm,cpu-autoscale
2388,createsim-structure-042718431-55ggx,Pod,createsim,scheduled-timestamp,1742086110.0,633731392008.dkr.ecr.us-east-1.amazonaws.com/mini-mummi:createsims-arm,cpu-autoscale
2389,createsim-structure-042718431-55ggx,Pod,createsim,created-timestamp,1742086157.0,633731392008.dkr.ecr.us-east-1.amazonaws.com/mini-mummi:createsims-arm,cpu-autoscale
2390,createsim-structure-042718431-55ggx,Pod,createsim,created,0,633731392008.dkr.ecr.us-east-1.amazonaws.com/mini-mummi:createsims-arm,cpu-autoscale
2391,createsim-structure-042718431-55ggx,Pod,createsim,started-timestamp,1742086157.0,633731392008.dkr.ecr.us-east-1.amazonaws.com/mini-mummi:createsims-arm,cpu-autoscale
2392,createsim-structure-042718431-55ggx,Pod,createsim,started,0,633731392008.dkr.ecr.us-east-1.amazonaws.com/mini-mummi:createsims-arm,cpu-autoscale
2393,createsim-structure-042718431-55ggx,Pod,createsim,pulled,46.947903535,633731392008.dkr.ecr.us-east-1.amazonaws.com/mini-mummi:createsims-arm,cpu-autoscale
2394,createsim-structure-021209867-4dqvl,Pod,createsim,pulled-timestamp,1742086157.0,633731392008.dkr.ecr.us-east-1.amazonaws.com/mini-mummi:createsims-arm,cpu-autoscale
2395,createsim-structure-021209867-4dqvl,Pod,createsim,pulling-timestamp,1742086112.0,633731392008.dkr.ecr.us-east-1.amazonaws.com/mini-mummi:createsims-arm,cpu-autoscale
2396,createsim-structure-021209867-4dqvl,Pod,createsim,scheduled-timestamp,1742086112.0,633731392008.dkr.ecr.us-east-1.amazonaws.com/mini-mummi:createsims-arm,cpu-autoscale
2397,createsim-structure-021209867-4dqvl,Pod,createsim,created-timestamp,1742086157.0,633731392008.dkr.ecr.us-east-1.amazonaws.com/mini-mummi:createsims-arm,cpu-autoscale
2398,createsim-structure-021209867-4dqvl,Pod,createsim,created,0,633731392008.dkr.ecr.us-east-1.amazonaws.com/mini-mummi:createsims-arm,cpu-autoscale
2399,createsim-structure-021209867-4dqvl,Pod,createsim,started-timestamp,1742086157.0,633731392008.dkr.ecr.us-east-1.amazonaws.com/mini-mummi:createsims-arm,cpu-autoscale
2400,createsim-structure-021209867-4dqvl,Pod,createsim,started,0,633731392008.dkr.ecr.us-east-1.amazonaws.com/mini-mummi:createsims-arm,cpu-autoscale
2401,createsim-structure-021209867-4dqvl,Pod,createsim,pulled,45.111315459,633731392008.dkr.ecr.us-east-1.amazonaws.com/mini-mummi:createsims-arm,cpu-autoscale
2402,createsim-structure-018593429,Job,createsim,successfulcreate-timestamp,1742086114.0,,cpu-autoscale
2403,createsim-structure-018593429,Job,createsim,completed-timestamp,1742086639.0,,cpu-autoscale
2404,createsim-structure-018593429,Job,createsim,running,525,,cpu-autoscale
2405,createsim-structure-018593429-dzx6g,Pod,createsim,pulled-timestamp,1742086157.0,633731392008.dkr.ecr.us-east-1.amazonaws.com/mini-mummi:createsims-arm,cpu-autoscale
2406,createsim-structure-018593429-dzx6g,Pod,createsim,pulling-timestamp,1742086114.0,633731392008.dkr.ecr.us-east-1.amazonaws.com/mini-mummi:createsims-arm,cpu-autoscale
2407,createsim-structure-018593429-dzx6g,Pod,createsim,scheduled-timestamp,1742086114.0,633731392008.dkr.ecr.us-east-1.amazonaws.com/mini-mummi:createsims-arm,cpu-autoscale
2408,createsim-structure-018593429-dzx6g,Pod,createsim,created-timestamp,1742086157.0,633731392008.dkr.ecr.us-east-1.amazonaws.com/mini-mummi:createsims-arm,cpu-autoscale
2409,createsim-structure-018593429-dzx6g,Pod,createsim,created,0,633731392008.dkr.ecr.us-east-1.amazonaws.com/mini-mummi:createsims-arm,cpu-autoscale
2410,createsim-structure-018593429-dzx6g,Pod,createsim,started-timestamp,1742086157.0,633731392008.dkr.ecr.us-east-1.amazonaws.com/mini-mummi:createsims-arm,cpu-autoscale
2411,createsim-structure-018593429-dzx6g,Pod,createsim,started,0,633731392008.dkr.ecr.us-east-1.amazonaws.com/mini-mummi:createsims-arm,cpu-autoscale
2412,createsim-structure-018593429-dzx6g,Pod,createsim,pulled,43.047027529,633731392008.dkr.ecr.us-east-1.amazonaws.com/mini-mummi:createsims-arm,cpu-autoscale
2413,createsim-structure-065518985,Job,createsim,successfulcreate-timestamp,1742086115.0,,cpu-autoscale
2414,createsim-structure-065518985,Job,createsim,completed-timestamp,1742086639.0,,cpu-autoscale
2415,createsim-structure-065518985,Job,createsim,running,524,,cpu-autoscale
2416,createsim-structure-065518985-q492q,Pod,createsim,pulled-timestamp,1742086158.0,633731392008.dkr.ecr.us-east-1.amazonaws.com/mini-mummi:createsims-arm,cpu-autoscale
2417,createsim-structure-065518985-q492q,Pod,createsim,pulling-timestamp,1742086116.0,633731392008.dkr.ecr.us-east-1.amazonaws.com/mini-mummi:createsims-arm,cpu-autoscale
2418,createsim-structure-065518985-q492q,Pod,createsim,scheduled-timestamp,1742086115.0,633731392008.dkr.ecr.us-east-1.amazonaws.com/mini-mummi:createsims-arm,cpu-autoscale
2419,createsim-structure-065518985-q492q,Pod,createsim,created-timestamp,1742086158.0,633731392008.dkr.ecr.us-east-1.amazonaws.com/mini-mummi:createsims-arm,cpu-autoscale
2420,createsim-structure-065518985-q492q,Pod,createsim,created,0,633731392008.dkr.ecr.us-east-1.amazonaws.com/mini-mummi:createsims-arm,cpu-autoscale
2421,createsim-structure-065518985-q492q,Pod,createsim,started-timestamp,1742086158.0,633731392008.dkr.ecr.us-east-1.amazonaws.com/mini-mummi:createsims-arm,cpu-autoscale
2422,createsim-structure-065518985-q492q,Pod,createsim,started,0,633731392008.dkr.ecr.us-east-1.amazonaws.com/mini-mummi:createsims-arm,cpu-autoscale
2423,createsim-structure-065518985-q492q,Pod,createsim,pulled,42.213393728,633731392008.dkr.ecr.us-east-1.amazonaws.com/mini-mummi:createsims-arm,cpu-autoscale
2424,createsim-structure-011530232-n29pz,Pod,createsim,pulled-timestamp,1742086160.0,633731392008.dkr.ecr.us-east-1.amazonaws.com/mini-mummi:createsims-arm,cpu-autoscale
2425,createsim-structure-011530232-n29pz,Pod,createsim,pulling-timestamp,1742086118.0,633731392008.dkr.ecr.us-east-1.amazonaws.com/mini-mummi:createsims-arm,cpu-autoscale
2426,createsim-structure-011530232-n29pz,Pod,createsim,scheduled-timestamp,1742086117.0,633731392008.dkr.ecr.us-east-1.amazonaws.com/mini-mummi:createsims-arm,cpu-autoscale
2427,createsim-structure-011530232-n29pz,Pod,createsim,created-timestamp,1742086160.0,633731392008.dkr.ecr.us-east-1.amazonaws.com/mini-mummi:createsims-arm,cpu-autoscale
2428,createsim-structure-011530232-n29pz,Pod,createsim,created,0,633731392008.dkr.ecr.us-east-1.amazonaws.com/mini-mummi:createsims-arm,cpu-autoscale
2429,createsim-structure-011530232-n29pz,Pod,createsim,started-timestamp,1742086160.0,633731392008.dkr.ecr.us-east-1.amazonaws.com/mini-mummi:createsims-arm,cpu-autoscale
2430,createsim-structure-011530232-n29pz,Pod,createsim,started,0,633731392008.dkr.ecr.us-east-1.amazonaws.com/mini-mummi:createsims-arm,cpu-autoscale
2431,createsim-structure-011530232-n29pz,Pod,createsim,pulled,42.333678833,633731392008.dkr.ecr.us-east-1.amazonaws.com/mini-mummi:createsims-arm,cpu-autoscale
2432,createsim-structure-055178290,Job,createsim,successfulcreate-timestamp,1742086118.0,,cpu-autoscale
2433,createsim-structure-055178290,Job,createsim,completed-timestamp,1742086644.0,,cpu-autoscale
2434,createsim-structure-055178290,Job,createsim,running,526,,cpu-autoscale
2435,createsim-structure-055178290-jf2jx,Pod,createsim,pulled-timestamp,1742086160.0,633731392008.dkr.ecr.us-east-1.amazonaws.com/mini-mummi:createsims-arm,cpu-autoscale
2436,createsim-structure-055178290-jf2jx,Pod,createsim,pulling-timestamp,1742086118.0,633731392008.dkr.ecr.us-east-1.amazonaws.com/mini-mummi:createsims-arm,cpu-autoscale
2437,createsim-structure-055178290-jf2jx,Pod,createsim,scheduled-timestamp,1742086118.0,633731392008.dkr.ecr.us-east-1.amazonaws.com/mini-mummi:createsims-arm,cpu-autoscale
2438,createsim-structure-055178290-jf2jx,Pod,createsim,created-timestamp,1742086160.0,633731392008.dkr.ecr.us-east-1.amazonaws.com/mini-mummi:createsims-arm,cpu-autoscale
2439,createsim-structure-055178290-jf2jx,Pod,createsim,created,0,633731392008.dkr.ecr.us-east-1.amazonaws.com/mini-mummi:createsims-arm,cpu-autoscale
2440,createsim-structure-055178290-jf2jx,Pod,createsim,started-timestamp,1742086160.0,633731392008.dkr.ecr.us-east-1.amazonaws.com/mini-mummi:createsims-arm,cpu-autoscale
2441,createsim-structure-055178290-jf2jx,Pod,createsim,started,0,633731392008.dkr.ecr.us-east-1.amazonaws.com/mini-mummi:createsims-arm,cpu-autoscale
2442,createsim-structure-055178290-jf2jx,Pod,createsim,pulled,42.246412118,633731392008.dkr.ecr.us-east-1.amazonaws.com/mini-mummi:createsims-arm,cpu-autoscale
2443,mlrunner-structure-059232471,Job,mlrunner,successfulcreate-timestamp,1742086211.0,,cpu-autoscale
2444,mlrunner-structure-059232471,Job,mlrunner,completed-timestamp,1742086252.0,,cpu-autoscale
2445,mlrunner-structure-059232471,Job,mlrunner,running,41,,cpu-autoscale
2446,mlrunner-structure-059232471-ngxzz,Pod,,pulled-timestamp,1742086212.0,633731392008.dkr.ecr.us-east-1.amazonaws.com/mini-mummi:mlrunner-arm,cpu-autoscale
2447,mlrunner-structure-059232471-ngxzz,Pod,,pulling-timestamp,1742086211.0,633731392008.dkr.ecr.us-east-1.amazonaws.com/mini-mummi:mlrunner-arm,cpu-autoscale
2448,mlrunner-structure-059232471-ngxzz,Pod,,scheduled-timestamp,1742086211.0,633731392008.dkr.ecr.us-east-1.amazonaws.com/mini-mummi:mlrunner-arm,cpu-autoscale
2449,mlrunner-structure-059232471-ngxzz,Pod,,created-timestamp,1742086212.0,633731392008.dkr.ecr.us-east-1.amazonaws.com/mini-mummi:mlrunner-arm,cpu-autoscale
2450,mlrunner-structure-059232471-ngxzz,Pod,,created,0,633731392008.dkr.ecr.us-east-1.amazonaws.com/mini-mummi:mlrunner-arm,cpu-autoscale
2451,mlrunner-structure-059232471-ngxzz,Pod,,started-timestamp,1742086212.0,633731392008.dkr.ecr.us-east-1.amazonaws.com/mini-mummi:mlrunner-arm,cpu-autoscale
2452,mlrunner-structure-059232471-ngxzz,Pod,,started,0,633731392008.dkr.ecr.us-east-1.amazonaws.com/mini-mummi:mlrunner-arm,cpu-autoscale
2453,mlrunner-structure-059232471-ngxzz,Pod,,pulled,0.151950546,633731392008.dkr.ecr.us-east-1.amazonaws.com/mini-mummi:mlrunner-arm,cpu-autoscale
2454,createsim-structure-059232471,Job,createsim,successfulcreate-timestamp,1742086252.0,,cpu-autoscale
2455,createsim-structure-059232471,Job,createsim,completed-timestamp,1742086732.0,,cpu-autoscale
2456,createsim-structure-059232471,Job,createsim,running,480,,cpu-autoscale
2457,cganalysis-structure-042718431,Job,cganalysis,successfulcreate-timestamp,1742086635.0,,cpu-autoscale
2458,cganalysis-structure-042718431,Job,cganalysis,completed-timestamp,1742088424.0,,cpu-autoscale
2459,cganalysis-structure-042718431,Job,cganalysis,running,1789,,cpu-autoscale
2460,cganalysis-structure-042718431-n2wv6,Pod,cganalysis,pulled-timestamp,1742086636.0,633731392008.dkr.ecr.us-east-1.amazonaws.com/mini-mummi:cganalysis-arm,cpu-autoscale
2461,cganalysis-structure-042718431-n2wv6,Pod,cganalysis,pulling-timestamp,1742086635.0,633731392008.dkr.ecr.us-east-1.amazonaws.com/mini-mummi:cganalysis-arm,cpu-autoscale
2462,cganalysis-structure-042718431-n2wv6,Pod,cganalysis,scheduled-timestamp,1742086635.0,633731392008.dkr.ecr.us-east-1.amazonaws.com/mini-mummi:cganalysis-arm,cpu-autoscale
2463,cganalysis-structure-042718431-n2wv6,Pod,cganalysis,created-timestamp,1742086636.0,633731392008.dkr.ecr.us-east-1.amazonaws.com/mini-mummi:cganalysis-arm,cpu-autoscale
2464,cganalysis-structure-042718431-n2wv6,Pod,cganalysis,created,0,633731392008.dkr.ecr.us-east-1.amazonaws.com/mini-mummi:cganalysis-arm,cpu-autoscale
2465,cganalysis-structure-042718431-n2wv6,Pod,cganalysis,started-timestamp,1742086636.0,633731392008.dkr.ecr.us-east-1.amazonaws.com/mini-mummi:cganalysis-arm,cpu-autoscale
2466,cganalysis-structure-042718431-n2wv6,Pod,cganalysis,started,0,633731392008.dkr.ecr.us-east-1.amazonaws.com/mini-mummi:cganalysis-arm,cpu-autoscale
2467,cganalysis-structure-042718431-n2wv6,Pod,cganalysis,pulled,1.193115616,633731392008.dkr.ecr.us-east-1.amazonaws.com/mini-mummi:cganalysis-arm,cpu-autoscale
2468,cganalysis-structure-065518985,Job,cganalysis,successfulcreate-timestamp,1742086639.0,,cpu-autoscale
2469,cganalysis-structure-065518985,Job,cganalysis,completed-timestamp,1742088428.0,,cpu-autoscale
2470,cganalysis-structure-065518985,Job,cganalysis,running,1789,,cpu-autoscale
2471,cganalysis-structure-065518985-5dnnk,Pod,cganalysis,pulled-timestamp,1742086640.0,633731392008.dkr.ecr.us-east-1.amazonaws.com/mini-mummi:cganalysis-arm,cpu-autoscale
2472,cganalysis-structure-065518985-5dnnk,Pod,cganalysis,pulling-timestamp,1742086639.0,633731392008.dkr.ecr.us-east-1.amazonaws.com/mini-mummi:cganalysis-arm,cpu-autoscale
2473,cganalysis-structure-065518985-5dnnk,Pod,cganalysis,scheduled-timestamp,1742086639.0,633731392008.dkr.ecr.us-east-1.amazonaws.com/mini-mummi:cganalysis-arm,cpu-autoscale
2474,cganalysis-structure-065518985-5dnnk,Pod,cganalysis,created-timestamp,1742086640.0,633731392008.dkr.ecr.us-east-1.amazonaws.com/mini-mummi:cganalysis-arm,cpu-autoscale
2475,cganalysis-structure-065518985-5dnnk,Pod,cganalysis,created,0,633731392008.dkr.ecr.us-east-1.amazonaws.com/mini-mummi:cganalysis-arm,cpu-autoscale
2476,cganalysis-structure-065518985-5dnnk,Pod,cganalysis,started-timestamp,1742086640.0,633731392008.dkr.ecr.us-east-1.amazonaws.com/mini-mummi:cganalysis-arm,cpu-autoscale
2477,cganalysis-structure-065518985-5dnnk,Pod,cganalysis,started,0,633731392008.dkr.ecr.us-east-1.amazonaws.com/mini-mummi:cganalysis-arm,cpu-autoscale
2478,cganalysis-structure-065518985-5dnnk,Pod,cganalysis,pulled,1.071788397,633731392008.dkr.ecr.us-east-1.amazonaws.com/mini-mummi:cganalysis-arm,cpu-autoscale
2479,cganalysis-structure-018593429,Job,cganalysis,successfulcreate-timestamp,1742086639.0,,cpu-autoscale
2480,cganalysis-structure-018593429,Job,cganalysis,completed-timestamp,1742088432.0,,cpu-autoscale
2481,cganalysis-structure-018593429,Job,cganalysis,running,1793,,cpu-autoscale
2482,cganalysis-structure-018593429-8lx6g,Pod,cganalysis,pulled-timestamp,1742086644.0,633731392008.dkr.ecr.us-east-1.amazonaws.com/mini-mummi:cganalysis-arm,cpu-autoscale
2483,cganalysis-structure-018593429-8lx6g,Pod,cganalysis,pulling-timestamp,1742086640.0,633731392008.dkr.ecr.us-east-1.amazonaws.com/mini-mummi:cganalysis-arm,cpu-autoscale
2484,cganalysis-structure-018593429-8lx6g,Pod,cganalysis,scheduled-timestamp,1742086639.0,633731392008.dkr.ecr.us-east-1.amazonaws.com/mini-mummi:cganalysis-arm,cpu-autoscale
2485,cganalysis-structure-018593429-8lx6g,Pod,cganalysis,created-timestamp,1742086644.0,633731392008.dkr.ecr.us-east-1.amazonaws.com/mini-mummi:cganalysis-arm,cpu-autoscale
2486,cganalysis-structure-018593429-8lx6g,Pod,cganalysis,created,0,633731392008.dkr.ecr.us-east-1.amazonaws.com/mini-mummi:cganalysis-arm,cpu-autoscale
2487,cganalysis-structure-018593429-8lx6g,Pod,cganalysis,started-timestamp,1742086644.0,633731392008.dkr.ecr.us-east-1.amazonaws.com/mini-mummi:cganalysis-arm,cpu-autoscale
2488,cganalysis-structure-018593429-8lx6g,Pod,cganalysis,started,0,633731392008.dkr.ecr.us-east-1.amazonaws.com/mini-mummi:cganalysis-arm,cpu-autoscale
2489,cganalysis-structure-018593429-8lx6g,Pod,cganalysis,pulled,4.397062846,633731392008.dkr.ecr.us-east-1.amazonaws.com/mini-mummi:cganalysis-arm,cpu-autoscale
2490,cganalysis-structure-055178290,Job,cganalysis,successfulcreate-timestamp,1742086644.0,,cpu-autoscale
2491,cganalysis-structure-055178290,Job,cganalysis,completed-timestamp,1742088433.0,,cpu-autoscale
2492,cganalysis-structure-055178290,Job,cganalysis,running,1789,,cpu-autoscale
2493,cganalysis-structure-055178290-wvvv4,Pod,cganalysis,pulled-timestamp,1742086646.0,633731392008.dkr.ecr.us-east-1.amazonaws.com/mini-mummi:cganalysis-arm,cpu-autoscale
2494,cganalysis-structure-055178290-wvvv4,Pod,cganalysis,pulling-timestamp,1742086645.0,633731392008.dkr.ecr.us-east-1.amazonaws.com/mini-mummi:cganalysis-arm,cpu-autoscale
2495,cganalysis-structure-055178290-wvvv4,Pod,cganalysis,scheduled-timestamp,1742086644.0,633731392008.dkr.ecr.us-east-1.amazonaws.com/mini-mummi:cganalysis-arm,cpu-autoscale
2496,cganalysis-structure-055178290-wvvv4,Pod,cganalysis,created-timestamp,1742086646.0,633731392008.dkr.ecr.us-east-1.amazonaws.com/mini-mummi:cganalysis-arm,cpu-autoscale
2497,cganalysis-structure-055178290-wvvv4,Pod,cganalysis,created,0,633731392008.dkr.ecr.us-east-1.amazonaws.com/mini-mummi:cganalysis-arm,cpu-autoscale
2498,cganalysis-structure-055178290-wvvv4,Pod,cganalysis,started-timestamp,1742086646.0,633731392008.dkr.ecr.us-east-1.amazonaws.com/mini-mummi:cganalysis-arm,cpu-autoscale
2499,cganalysis-structure-055178290-wvvv4,Pod,cganalysis,started,0,633731392008.dkr.ecr.us-east-1.amazonaws.com/mini-mummi:cganalysis-arm,cpu-autoscale
2500,cganalysis-structure-055178290-wvvv4,Pod,cganalysis,pulled,1.016053968,633731392008.dkr.ecr.us-east-1.amazonaws.com/mini-mummi:cganalysis-arm,cpu-autoscale
2501,cganalysis-structure-059232471,Job,cganalysis,successfulcreate-timestamp,1742086732.0,,cpu-autoscale
2502,cganalysis-structure-059232471,Job,cganalysis,completed-timestamp,1742088521.0,,cpu-autoscale
2503,cganalysis-structure-059232471,Job,cganalysis,running,1789,,cpu-autoscale
2504,cganalysis-structure-059232471-rk9vv,Pod,cganalysis,pulled-timestamp,1742086733.0,633731392008.dkr.ecr.us-east-1.amazonaws.com/mini-mummi:cganalysis-arm,cpu-autoscale
2505,cganalysis-structure-059232471-rk9vv,Pod,cganalysis,pulling-timestamp,1742086732.0,633731392008.dkr.ecr.us-east-1.amazonaws.com/mini-mummi:cganalysis-arm,cpu-autoscale
2506,cganalysis-structure-059232471-rk9vv,Pod,cganalysis,scheduled-timestamp,1742086732.0,633731392008.dkr.ecr.us-east-1.amazonaws.com/mini-mummi:cganalysis-arm,cpu-autoscale
2507,cganalysis-structure-059232471-rk9vv,Pod,cganalysis,created-timestamp,1742086733.0,633731392008.dkr.ecr.us-east-1.amazonaws.com/mini-mummi:cganalysis-arm,cpu-autoscale
2508,cganalysis-structure-059232471-rk9vv,Pod,cganalysis,created,0,633731392008.dkr.ecr.us-east-1.amazonaws.com/mini-mummi:cganalysis-arm,cpu-autoscale
2509,cganalysis-structure-059232471-rk9vv,Pod,cganalysis,started-timestamp,1742086733.0,633731392008.dkr.ecr.us-east-1.amazonaws.com/mini-mummi:cganalysis-arm,cpu-autoscale
2510,cganalysis-structure-059232471-rk9vv,Pod,cganalysis,started,0,633731392008.dkr.ecr.us-east-1.amazonaws.com/mini-mummi:cganalysis-arm,cpu-autoscale
2511,cganalysis-structure-059232471-rk9vv,Pod,cganalysis,pulled,1.01128866,633731392008.dkr.ecr.us-east-1.amazonaws.com/mini-mummi:cganalysis-arm,cpu-autoscale
2512,mlrunner-structure-054530225,Job,mlrunner,successfulcreate-timestamp,1742088424.0,,cpu-autoscale
2513,mlrunner-structure-054530225,Job,mlrunner,completed-timestamp,1742088477.0,,cpu-autoscale
2514,mlrunner-structure-054530225,Job,mlrunner,running,53,,cpu-autoscale
2515,mlrunner-structure-054530225-449rt,Pod,,pulled-timestamp,1742088425.0,633731392008.dkr.ecr.us-east-1.amazonaws.com/mini-mummi:mlrunner-arm,cpu-autoscale
2516,mlrunner-structure-054530225-449rt,Pod,,pulling-timestamp,1742088425.0,633731392008.dkr.ecr.us-east-1.amazonaws.com/mini-mummi:mlrunner-arm,cpu-autoscale
2517,mlrunner-structure-054530225-449rt,Pod,,scheduled-timestamp,1742088424.0,633731392008.dkr.ecr.us-east-1.amazonaws.com/mini-mummi:mlrunner-arm,cpu-autoscale
2518,mlrunner-structure-054530225-449rt,Pod,,created-timestamp,1742088425.0,633731392008.dkr.ecr.us-east-1.amazonaws.com/mini-mummi:mlrunner-arm,cpu-autoscale
2519,mlrunner-structure-054530225-449rt,Pod,,created,0,633731392008.dkr.ecr.us-east-1.amazonaws.com/mini-mummi:mlrunner-arm,cpu-autoscale
2520,mlrunner-structure-054530225-449rt,Pod,,started-timestamp,1742088425.0,633731392008.dkr.ecr.us-east-1.amazonaws.com/mini-mummi:mlrunner-arm,cpu-autoscale
2521,mlrunner-structure-054530225-449rt,Pod,,started,0,633731392008.dkr.ecr.us-east-1.amazonaws.com/mini-mummi:mlrunner-arm,cpu-autoscale
2522,mlrunner-structure-054530225-449rt,Pod,,pulled,0.153844498,633731392008.dkr.ecr.us-east-1.amazonaws.com/mini-mummi:mlrunner-arm,cpu-autoscale
2523,mlrunner-structure-034459054,Job,mlrunner,successfulcreate-timestamp,1742088428.0,,cpu-autoscale
2524,mlrunner-structure-034459054,Job,mlrunner,completed-timestamp,1742088481.0,,cpu-autoscale
2525,mlrunner-structure-034459054,Job,mlrunner,running,53,,cpu-autoscale
2526,mlrunner-structure-034459054-dw8m4,Pod,,pulled-timestamp,1742088429.0,633731392008.dkr.ecr.us-east-1.amazonaws.com/mini-mummi:mlrunner-arm,cpu-autoscale
2527,mlrunner-structure-034459054-dw8m4,Pod,,pulling-timestamp,1742088429.0,633731392008.dkr.ecr.us-east-1.amazonaws.com/mini-mummi:mlrunner-arm,cpu-autoscale
2528,mlrunner-structure-034459054-dw8m4,Pod,,scheduled-timestamp,1742088428.0,633731392008.dkr.ecr.us-east-1.amazonaws.com/mini-mummi:mlrunner-arm,cpu-autoscale
2529,mlrunner-structure-034459054-dw8m4,Pod,,created-timestamp,1742088429.0,633731392008.dkr.ecr.us-east-1.amazonaws.com/mini-mummi:mlrunner-arm,cpu-autoscale
2530,mlrunner-structure-034459054-dw8m4,Pod,,created,0,633731392008.dkr.ecr.us-east-1.amazonaws.com/mini-mummi:mlrunner-arm,cpu-autoscale
2531,mlrunner-structure-034459054-dw8m4,Pod,,started-timestamp,1742088429.0,633731392008.dkr.ecr.us-east-1.amazonaws.com/mini-mummi:mlrunner-arm,cpu-autoscale
2532,mlrunner-structure-034459054-dw8m4,Pod,,started,0,633731392008.dkr.ecr.us-east-1.amazonaws.com/mini-mummi:mlrunner-arm,cpu-autoscale
2533,mlrunner-structure-034459054-dw8m4,Pod,,pulled,0.148854627,633731392008.dkr.ecr.us-east-1.amazonaws.com/mini-mummi:mlrunner-arm,cpu-autoscale
2534,mlrunner-structure-094277559,Job,mlrunner,successfulcreate-timestamp,1742088432.0,,cpu-autoscale
2535,mlrunner-structure-094277559,Job,mlrunner,completed-timestamp,1742088493.0,,cpu-autoscale
2536,mlrunner-structure-094277559,Job,mlrunner,running,61,,cpu-autoscale
2537,mlrunner-structure-094277559-cw529,Pod,,pulled-timestamp,1742088433.0,633731392008.dkr.ecr.us-east-1.amazonaws.com/mini-mummi:mlrunner-arm,cpu-autoscale
2538,mlrunner-structure-094277559-cw529,Pod,,pulling-timestamp,1742088433.0,633731392008.dkr.ecr.us-east-1.amazonaws.com/mini-mummi:mlrunner-arm,cpu-autoscale
2539,mlrunner-structure-094277559-cw529,Pod,,scheduled-timestamp,1742088432.0,633731392008.dkr.ecr.us-east-1.amazonaws.com/mini-mummi:mlrunner-arm,cpu-autoscale
2540,mlrunner-structure-094277559-cw529,Pod,,created-timestamp,1742088433.0,633731392008.dkr.ecr.us-east-1.amazonaws.com/mini-mummi:mlrunner-arm,cpu-autoscale
2541,mlrunner-structure-094277559-cw529,Pod,,created,0,633731392008.dkr.ecr.us-east-1.amazonaws.com/mini-mummi:mlrunner-arm,cpu-autoscale
2542,mlrunner-structure-094277559-cw529,Pod,,started-timestamp,1742088433.0,633731392008.dkr.ecr.us-east-1.amazonaws.com/mini-mummi:mlrunner-arm,cpu-autoscale
2543,mlrunner-structure-094277559-cw529,Pod,,started,0,633731392008.dkr.ecr.us-east-1.amazonaws.com/mini-mummi:mlrunner-arm,cpu-autoscale
2544,mlrunner-structure-094277559-cw529,Pod,,pulled,0.145412343,633731392008.dkr.ecr.us-east-1.amazonaws.com/mini-mummi:mlrunner-arm,cpu-autoscale
2545,mlrunner-structure-013455141,Job,mlrunner,successfulcreate-timestamp,1742088433.0,,cpu-autoscale
2546,mlrunner-structure-013455141,Job,mlrunner,completed-timestamp,1742088482.0,,cpu-autoscale
2547,mlrunner-structure-013455141,Job,mlrunner,running,49,,cpu-autoscale
2548,mlrunner-structure-013455141-98l7f,Pod,,pulled-timestamp,1742088434.0,633731392008.dkr.ecr.us-east-1.amazonaws.com/mini-mummi:mlrunner-arm,cpu-autoscale
2549,mlrunner-structure-013455141-98l7f,Pod,,pulling-timestamp,1742088434.0,633731392008.dkr.ecr.us-east-1.amazonaws.com/mini-mummi:mlrunner-arm,cpu-autoscale
2550,mlrunner-structure-013455141-98l7f,Pod,,scheduled-timestamp,1742088433.0,633731392008.dkr.ecr.us-east-1.amazonaws.com/mini-mummi:mlrunner-arm,cpu-autoscale
2551,mlrunner-structure-013455141-98l7f,Pod,,created-timestamp,1742088434.0,633731392008.dkr.ecr.us-east-1.amazonaws.com/mini-mummi:mlrunner-arm,cpu-autoscale
2552,mlrunner-structure-013455141-98l7f,Pod,,created,0,633731392008.dkr.ecr.us-east-1.amazonaws.com/mini-mummi:mlrunner-arm,cpu-autoscale
2553,mlrunner-structure-013455141-98l7f,Pod,,started-timestamp,1742088434.0,633731392008.dkr.ecr.us-east-1.amazonaws.com/mini-mummi:mlrunner-arm,cpu-autoscale
2554,mlrunner-structure-013455141-98l7f,Pod,,started,0,633731392008.dkr.ecr.us-east-1.amazonaws.com/mini-mummi:mlrunner-arm,cpu-autoscale
2555,mlrunner-structure-013455141-98l7f,Pod,,pulled,0.14832990100000001,633731392008.dkr.ecr.us-east-1.amazonaws.com/mini-mummi:mlrunner-arm,cpu-autoscale
2556,createsim-structure-054530225,Job,createsim,successfulcreate-timestamp,1742088477.0,,cpu-autoscale
2557,createsim-structure-054530225,Job,createsim,completed-timestamp,1742088967.0,,cpu-autoscale
2558,createsim-structure-054530225,Job,createsim,running,490,,cpu-autoscale
2559,createsim-structure-034459054,Job,createsim,successfulcreate-timestamp,1742088481.0,,cpu-autoscale
2560,createsim-structure-034459054,Job,createsim,completed-timestamp,1742088964.0,,cpu-autoscale
2561,createsim-structure-034459054,Job,createsim,running,483,,cpu-autoscale
2562,createsim-structure-013455141,Job,createsim,successfulcreate-timestamp,1742088482.0,,cpu-autoscale
2563,createsim-structure-013455141,Job,createsim,completed-timestamp,1742088958.0,,cpu-autoscale
2564,createsim-structure-013455141,Job,createsim,running,476,,cpu-autoscale
2565,createsim-structure-094277559,Job,createsim,successfulcreate-timestamp,1742088493.0,,cpu-autoscale
2566,createsim-structure-094277559,Job,createsim,completed-timestamp,1742088974.0,,cpu-autoscale
2567,createsim-structure-094277559,Job,createsim,running,481,,cpu-autoscale
2568,cluster-autoscaler-786dfb6c56-kjnct,Pod,,pulled-timestamp,1742088767.0,registry.k8s.io/autoscaling/cluster-autoscaler:v1.26.2,cpu-autoscale
2569,cluster-autoscaler-786dfb6c56-kjnct,Pod,,pulling-timestamp,1742088765.0,registry.k8s.io/autoscaling/cluster-autoscaler:v1.26.2,cpu-autoscale
2570,cluster-autoscaler-786dfb6c56-kjnct,Pod,,scheduled-timestamp,1742088765.0,registry.k8s.io/autoscaling/cluster-autoscaler:v1.26.2,cpu-autoscale
2571,cluster-autoscaler-786dfb6c56-kjnct,Pod,,created-timestamp,1742088767.0,registry.k8s.io/autoscaling/cluster-autoscaler:v1.26.2,cpu-autoscale
2572,cluster-autoscaler-786dfb6c56-kjnct,Pod,,created,0,registry.k8s.io/autoscaling/cluster-autoscaler:v1.26.2,cpu-autoscale
2573,cluster-autoscaler-786dfb6c56-kjnct,Pod,,started-timestamp,1742088767.0,registry.k8s.io/autoscaling/cluster-autoscaler:v1.26.2,cpu-autoscale
2574,cluster-autoscaler-786dfb6c56-kjnct,Pod,,started,0,registry.k8s.io/autoscaling/cluster-autoscaler:v1.26.2,cpu-autoscale
2575,cluster-autoscaler-786dfb6c56-kjnct,Pod,,pulled,1.826703665,registry.k8s.io/autoscaling/cluster-autoscaler:v1.26.2,cpu-autoscale
2576,mlrunner-structure-054212587,Job,mlrunner,successfulcreate-timestamp,1742088849.0,,cpu-autoscale
2577,mlrunner-structure-054212587,Job,mlrunner,completed-timestamp,1742088902.0,,cpu-autoscale
2578,mlrunner-structure-054212587,Job,mlrunner,running,53,,cpu-autoscale
2579,mlrunner-structure-054212587-65lqd,Pod,,pulled-timestamp,1742088850.0,633731392008.dkr.ecr.us-east-1.amazonaws.com/mini-mummi:mlrunner-arm,cpu-autoscale
2580,mlrunner-structure-054212587-65lqd,Pod,,pulling-timestamp,1742088850.0,633731392008.dkr.ecr.us-east-1.amazonaws.com/mini-mummi:mlrunner-arm,cpu-autoscale
2581,mlrunner-structure-054212587-65lqd,Pod,,scheduled-timestamp,1742088849.0,633731392008.dkr.ecr.us-east-1.amazonaws.com/mini-mummi:mlrunner-arm,cpu-autoscale
2582,mlrunner-structure-054212587-65lqd,Pod,,created-timestamp,1742088850.0,633731392008.dkr.ecr.us-east-1.amazonaws.com/mini-mummi:mlrunner-arm,cpu-autoscale
2583,mlrunner-structure-054212587-65lqd,Pod,,created,0,633731392008.dkr.ecr.us-east-1.amazonaws.com/mini-mummi:mlrunner-arm,cpu-autoscale
2584,mlrunner-structure-054212587-65lqd,Pod,,started-timestamp,1742088850.0,633731392008.dkr.ecr.us-east-1.amazonaws.com/mini-mummi:mlrunner-arm,cpu-autoscale
2585,mlrunner-structure-054212587-65lqd,Pod,,started,0,633731392008.dkr.ecr.us-east-1.amazonaws.com/mini-mummi:mlrunner-arm,cpu-autoscale
2586,mlrunner-structure-054212587-65lqd,Pod,,pulled,0.15171090699999998,633731392008.dkr.ecr.us-east-1.amazonaws.com/mini-mummi:mlrunner-arm,cpu-autoscale
2587,createsim-structure-054212587,Job,createsim,successfulcreate-timestamp,1742088902.0,,cpu-autoscale
2588,createsim-structure-054212587,Job,createsim,completed-timestamp,1742089390.0,,cpu-autoscale
2589,createsim-structure-054212587,Job,createsim,running,488,,cpu-autoscale
2590,coredns-d9b6d6c7d-bz85m,Pod,,pulled-timestamp,1742088910.0,602401143452.dkr.ecr.us-east-1.amazonaws.com/eks/coredns:v1.10.1-eksbuild.4,cpu-autoscale
2591,coredns-d9b6d6c7d-bz85m,Pod,,pulling-timestamp,1742088909.0,602401143452.dkr.ecr.us-east-1.amazonaws.com/eks/coredns:v1.10.1-eksbuild.4,cpu-autoscale
2592,coredns-d9b6d6c7d-bz85m,Pod,,scheduled-timestamp,1742088909.0,602401143452.dkr.ecr.us-east-1.amazonaws.com/eks/coredns:v1.10.1-eksbuild.4,cpu-autoscale
2593,coredns-d9b6d6c7d-bz85m,Pod,,created-timestamp,1742088910.0,602401143452.dkr.ecr.us-east-1.amazonaws.com/eks/coredns:v1.10.1-eksbuild.4,cpu-autoscale
2594,coredns-d9b6d6c7d-bz85m,Pod,,created,0,602401143452.dkr.ecr.us-east-1.amazonaws.com/eks/coredns:v1.10.1-eksbuild.4,cpu-autoscale
2595,coredns-d9b6d6c7d-bz85m,Pod,,started-timestamp,1742088910.0,602401143452.dkr.ecr.us-east-1.amazonaws.com/eks/coredns:v1.10.1-eksbuild.4,cpu-autoscale
2596,coredns-d9b6d6c7d-bz85m,Pod,,started,0,602401143452.dkr.ecr.us-east-1.amazonaws.com/eks/coredns:v1.10.1-eksbuild.4,cpu-autoscale
2597,coredns-d9b6d6c7d-bz85m,Pod,,pulled,0.7894455020000001,602401143452.dkr.ecr.us-east-1.amazonaws.com/eks/coredns:v1.10.1-eksbuild.4,cpu-autoscale
2598,metrics-server-7794986bdb-zs7v8,Pod,,pulled-timestamp,1742088910.0,602401143452.dkr.ecr.us-east-1.amazonaws.com/eks/metrics-server:v0.7.2-eksbuild.2,cpu-autoscale
2599,metrics-server-7794986bdb-zs7v8,Pod,,pulling-timestamp,1742088909.0,602401143452.dkr.ecr.us-east-1.amazonaws.com/eks/metrics-server:v0.7.2-eksbuild.2,cpu-autoscale
2600,metrics-server-7794986bdb-zs7v8,Pod,,scheduled-timestamp,1742088909.0,602401143452.dkr.ecr.us-east-1.amazonaws.com/eks/metrics-server:v0.7.2-eksbuild.2,cpu-autoscale
2601,metrics-server-7794986bdb-zs7v8,Pod,,created-timestamp,1742088910.0,602401143452.dkr.ecr.us-east-1.amazonaws.com/eks/metrics-server:v0.7.2-eksbuild.2,cpu-autoscale
2602,metrics-server-7794986bdb-zs7v8,Pod,,created,0,602401143452.dkr.ecr.us-east-1.amazonaws.com/eks/metrics-server:v0.7.2-eksbuild.2,cpu-autoscale
2603,metrics-server-7794986bdb-zs7v8,Pod,,started-timestamp,1742088910.0,602401143452.dkr.ecr.us-east-1.amazonaws.com/eks/metrics-server:v0.7.2-eksbuild.2,cpu-autoscale
2604,metrics-server-7794986bdb-zs7v8,Pod,,started,0,602401143452.dkr.ecr.us-east-1.amazonaws.com/eks/metrics-server:v0.7.2-eksbuild.2,cpu-autoscale
2605,metrics-server-7794986bdb-zs7v8,Pod,,pulled,0.89148993,602401143452.dkr.ecr.us-east-1.amazonaws.com/eks/metrics-server:v0.7.2-eksbuild.2,cpu-autoscale
2606,aws-node-jrl5c,Pod,,pulled-timestamp,1742088910.0,602401143452.dkr.ecr.us-east-1.amazonaws.com/amazon/aws-network-policy-agent:v1.1.5-eksbuild.1,cpu-autoscale
2607,aws-node-jrl5c,Pod,,pulling-timestamp,1742088910.0,602401143452.dkr.ecr.us-east-1.amazonaws.com/amazon/aws-network-policy-agent:v1.1.5-eksbuild.1,cpu-autoscale
2608,aws-node-jrl5c,Pod,,scheduled-timestamp,1742088909.0,602401143452.dkr.ecr.us-east-1.amazonaws.com/amazon/aws-network-policy-agent:v1.1.5-eksbuild.1,cpu-autoscale
2609,aws-node-jrl5c,Pod,,created-timestamp,1742088910.0,602401143452.dkr.ecr.us-east-1.amazonaws.com/amazon/aws-network-policy-agent:v1.1.5-eksbuild.1,cpu-autoscale
2610,aws-node-jrl5c,Pod,,created,0,602401143452.dkr.ecr.us-east-1.amazonaws.com/amazon/aws-network-policy-agent:v1.1.5-eksbuild.1,cpu-autoscale
2611,aws-node-jrl5c,Pod,,started-timestamp,1742088910.0,602401143452.dkr.ecr.us-east-1.amazonaws.com/amazon/aws-network-policy-agent:v1.1.5-eksbuild.1,cpu-autoscale
2612,aws-node-jrl5c,Pod,,started,0,602401143452.dkr.ecr.us-east-1.amazonaws.com/amazon/aws-network-policy-agent:v1.1.5-eksbuild.1,cpu-autoscale
2613,aws-node-jrl5c,Pod,,pulled,0.103556728,602401143452.dkr.ecr.us-east-1.amazonaws.com/amazon/aws-network-policy-agent:v1.1.5-eksbuild.1,cpu-autoscale
2614,coredns-d9b6d6c7d-qnkhx,Pod,,pulled-timestamp,1742088921.0,602401143452.dkr.ecr.us-east-1.amazonaws.com/eks/coredns:v1.10.1-eksbuild.4,cpu-autoscale
2615,coredns-d9b6d6c7d-qnkhx,Pod,,pulling-timestamp,1742088920.0,602401143452.dkr.ecr.us-east-1.amazonaws.com/eks/coredns:v1.10.1-eksbuild.4,cpu-autoscale
2616,coredns-d9b6d6c7d-qnkhx,Pod,,scheduled-timestamp,1742088919.0,602401143452.dkr.ecr.us-east-1.amazonaws.com/eks/coredns:v1.10.1-eksbuild.4,cpu-autoscale
2617,coredns-d9b6d6c7d-qnkhx,Pod,,created-timestamp,1742088921.0,602401143452.dkr.ecr.us-east-1.amazonaws.com/eks/coredns:v1.10.1-eksbuild.4,cpu-autoscale
2618,coredns-d9b6d6c7d-qnkhx,Pod,,created,0,602401143452.dkr.ecr.us-east-1.amazonaws.com/eks/coredns:v1.10.1-eksbuild.4,cpu-autoscale
2619,coredns-d9b6d6c7d-qnkhx,Pod,,started-timestamp,1742088921.0,602401143452.dkr.ecr.us-east-1.amazonaws.com/eks/coredns:v1.10.1-eksbuild.4,cpu-autoscale
2620,coredns-d9b6d6c7d-qnkhx,Pod,,started,0,602401143452.dkr.ecr.us-east-1.amazonaws.com/eks/coredns:v1.10.1-eksbuild.4,cpu-autoscale
2621,coredns-d9b6d6c7d-qnkhx,Pod,,pulled,1.391943974,602401143452.dkr.ecr.us-east-1.amazonaws.com/eks/coredns:v1.10.1-eksbuild.4,cpu-autoscale
2622,metrics-server-7794986bdb-54s97,Pod,,pulled-timestamp,1742088941.0,602401143452.dkr.ecr.us-east-1.amazonaws.com/eks/metrics-server:v0.7.2-eksbuild.2,cpu-autoscale
2623,metrics-server-7794986bdb-54s97,Pod,,pulling-timestamp,1742088940.0,602401143452.dkr.ecr.us-east-1.amazonaws.com/eks/metrics-server:v0.7.2-eksbuild.2,cpu-autoscale
2624,metrics-server-7794986bdb-54s97,Pod,,scheduled-timestamp,1742088939.0,602401143452.dkr.ecr.us-east-1.amazonaws.com/eks/metrics-server:v0.7.2-eksbuild.2,cpu-autoscale
2625,metrics-server-7794986bdb-54s97,Pod,,created-timestamp,1742088941.0,602401143452.dkr.ecr.us-east-1.amazonaws.com/eks/metrics-server:v0.7.2-eksbuild.2,cpu-autoscale
2626,metrics-server-7794986bdb-54s97,Pod,,created,0,602401143452.dkr.ecr.us-east-1.amazonaws.com/eks/metrics-server:v0.7.2-eksbuild.2,cpu-autoscale
2627,metrics-server-7794986bdb-54s97,Pod,,started-timestamp,1742088942.0,602401143452.dkr.ecr.us-east-1.amazonaws.com/eks/metrics-server:v0.7.2-eksbuild.2,cpu-autoscale
2628,metrics-server-7794986bdb-54s97,Pod,,started,1,602401143452.dkr.ecr.us-east-1.amazonaws.com/eks/metrics-server:v0.7.2-eksbuild.2,cpu-autoscale
2629,metrics-server-7794986bdb-54s97,Pod,,pulled,1.850936126,602401143452.dkr.ecr.us-east-1.amazonaws.com/eks/metrics-server:v0.7.2-eksbuild.2,cpu-autoscale
2630,cganalysis-structure-013455141,Job,cganalysis,successfulcreate-timestamp,1742088958.0,,cpu-autoscale
2631,cganalysis-structure-013455141,Job,cganalysis,completed-timestamp,1742090747.0,,cpu-autoscale
2632,cganalysis-structure-013455141,Job,cganalysis,running,1789,,cpu-autoscale
2633,cganalysis-structure-013455141-xl5kw,Pod,cganalysis,pulled-timestamp,1742088959.0,633731392008.dkr.ecr.us-east-1.amazonaws.com/mini-mummi:cganalysis-arm,cpu-autoscale
2634,cganalysis-structure-013455141-xl5kw,Pod,cganalysis,pulling-timestamp,1742088959.0,633731392008.dkr.ecr.us-east-1.amazonaws.com/mini-mummi:cganalysis-arm,cpu-autoscale
2635,cganalysis-structure-013455141-xl5kw,Pod,cganalysis,scheduled-timestamp,1742088958.0,633731392008.dkr.ecr.us-east-1.amazonaws.com/mini-mummi:cganalysis-arm,cpu-autoscale
2636,cganalysis-structure-013455141-xl5kw,Pod,cganalysis,created-timestamp,1742088959.0,633731392008.dkr.ecr.us-east-1.amazonaws.com/mini-mummi:cganalysis-arm,cpu-autoscale
2637,cganalysis-structure-013455141-xl5kw,Pod,cganalysis,created,0,633731392008.dkr.ecr.us-east-1.amazonaws.com/mini-mummi:cganalysis-arm,cpu-autoscale
2638,cganalysis-structure-013455141-xl5kw,Pod,cganalysis,started-timestamp,1742088959.0,633731392008.dkr.ecr.us-east-1.amazonaws.com/mini-mummi:cganalysis-arm,cpu-autoscale
2639,cganalysis-structure-013455141-xl5kw,Pod,cganalysis,started,0,633731392008.dkr.ecr.us-east-1.amazonaws.com/mini-mummi:cganalysis-arm,cpu-autoscale
2640,cganalysis-structure-013455141-xl5kw,Pod,cganalysis,pulled,0.168814732,633731392008.dkr.ecr.us-east-1.amazonaws.com/mini-mummi:cganalysis-arm,cpu-autoscale
2641,cganalysis-structure-034459054,Job,cganalysis,successfulcreate-timestamp,1742088964.0,,cpu-autoscale
2642,cganalysis-structure-034459054,Job,cganalysis,completed-timestamp,1742090752.0,,cpu-autoscale
2643,cganalysis-structure-034459054,Job,cganalysis,running,1788,,cpu-autoscale
2644,cganalysis-structure-034459054-zk6hx,Pod,cganalysis,pulled-timestamp,1742088965.0,633731392008.dkr.ecr.us-east-1.amazonaws.com/mini-mummi:cganalysis-arm,cpu-autoscale
2645,cganalysis-structure-034459054-zk6hx,Pod,cganalysis,pulling-timestamp,1742088964.0,633731392008.dkr.ecr.us-east-1.amazonaws.com/mini-mummi:cganalysis-arm,cpu-autoscale
2646,cganalysis-structure-034459054-zk6hx,Pod,cganalysis,scheduled-timestamp,1742088964.0,633731392008.dkr.ecr.us-east-1.amazonaws.com/mini-mummi:cganalysis-arm,cpu-autoscale
2647,cganalysis-structure-034459054-zk6hx,Pod,cganalysis,created-timestamp,1742088965.0,633731392008.dkr.ecr.us-east-1.amazonaws.com/mini-mummi:cganalysis-arm,cpu-autoscale
2648,cganalysis-structure-034459054-zk6hx,Pod,cganalysis,created,0,633731392008.dkr.ecr.us-east-1.amazonaws.com/mini-mummi:cganalysis-arm,cpu-autoscale
2649,cganalysis-structure-034459054-zk6hx,Pod,cganalysis,started-timestamp,1742088965.0,633731392008.dkr.ecr.us-east-1.amazonaws.com/mini-mummi:cganalysis-arm,cpu-autoscale
2650,cganalysis-structure-034459054-zk6hx,Pod,cganalysis,started,0,633731392008.dkr.ecr.us-east-1.amazonaws.com/mini-mummi:cganalysis-arm,cpu-autoscale
2651,cganalysis-structure-034459054-zk6hx,Pod,cganalysis,pulled,0.134072799,633731392008.dkr.ecr.us-east-1.amazonaws.com/mini-mummi:cganalysis-arm,cpu-autoscale
2652,cganalysis-structure-054530225,Job,cganalysis,successfulcreate-timestamp,1742088967.0,,cpu-autoscale
2653,cganalysis-structure-054530225,Job,cganalysis,completed-timestamp,1742090755.0,,cpu-autoscale
2654,cganalysis-structure-054530225,Job,cganalysis,running,1788,,cpu-autoscale
2655,cganalysis-structure-054530225-fdd8j,Pod,cganalysis,pulled-timestamp,1742088968.0,633731392008.dkr.ecr.us-east-1.amazonaws.com/mini-mummi:cganalysis-arm,cpu-autoscale
2656,cganalysis-structure-054530225-fdd8j,Pod,cganalysis,pulling-timestamp,1742088968.0,633731392008.dkr.ecr.us-east-1.amazonaws.com/mini-mummi:cganalysis-arm,cpu-autoscale
2657,cganalysis-structure-054530225-fdd8j,Pod,cganalysis,scheduled-timestamp,1742088967.0,633731392008.dkr.ecr.us-east-1.amazonaws.com/mini-mummi:cganalysis-arm,cpu-autoscale
2658,cganalysis-structure-054530225-fdd8j,Pod,cganalysis,created-timestamp,1742088968.0,633731392008.dkr.ecr.us-east-1.amazonaws.com/mini-mummi:cganalysis-arm,cpu-autoscale
2659,cganalysis-structure-054530225-fdd8j,Pod,cganalysis,created,0,633731392008.dkr.ecr.us-east-1.amazonaws.com/mini-mummi:cganalysis-arm,cpu-autoscale
2660,cganalysis-structure-054530225-fdd8j,Pod,cganalysis,started-timestamp,1742088968.0,633731392008.dkr.ecr.us-east-1.amazonaws.com/mini-mummi:cganalysis-arm,cpu-autoscale
2661,cganalysis-structure-054530225-fdd8j,Pod,cganalysis,started,0,633731392008.dkr.ecr.us-east-1.amazonaws.com/mini-mummi:cganalysis-arm,cpu-autoscale
2662,cganalysis-structure-054530225-fdd8j,Pod,cganalysis,pulled,0.140624892,633731392008.dkr.ecr.us-east-1.amazonaws.com/mini-mummi:cganalysis-arm,cpu-autoscale
2663,cganalysis-structure-094277559,Job,cganalysis,successfulcreate-timestamp,1742088974.0,,cpu-autoscale
2664,cganalysis-structure-094277559,Job,cganalysis,completed-timestamp,1742090761.0,,cpu-autoscale
2665,cganalysis-structure-094277559,Job,cganalysis,running,1787,,cpu-autoscale
2666,cganalysis-structure-094277559-v5bkn,Pod,cganalysis,pulled-timestamp,1742088974.0,633731392008.dkr.ecr.us-east-1.amazonaws.com/mini-mummi:cganalysis-arm,cpu-autoscale
2667,cganalysis-structure-094277559-v5bkn,Pod,cganalysis,pulling-timestamp,1742088974.0,633731392008.dkr.ecr.us-east-1.amazonaws.com/mini-mummi:cganalysis-arm,cpu-autoscale
2668,cganalysis-structure-094277559-v5bkn,Pod,cganalysis,scheduled-timestamp,1742088974.0,633731392008.dkr.ecr.us-east-1.amazonaws.com/mini-mummi:cganalysis-arm,cpu-autoscale
2669,cganalysis-structure-094277559-v5bkn,Pod,cganalysis,created-timestamp,1742088975.0,633731392008.dkr.ecr.us-east-1.amazonaws.com/mini-mummi:cganalysis-arm,cpu-autoscale
2670,cganalysis-structure-094277559-v5bkn,Pod,cganalysis,created,1,633731392008.dkr.ecr.us-east-1.amazonaws.com/mini-mummi:cganalysis-arm,cpu-autoscale
2671,cganalysis-structure-094277559-v5bkn,Pod,cganalysis,started-timestamp,1742088975.0,633731392008.dkr.ecr.us-east-1.amazonaws.com/mini-mummi:cganalysis-arm,cpu-autoscale
2672,cganalysis-structure-094277559-v5bkn,Pod,cganalysis,started,0,633731392008.dkr.ecr.us-east-1.amazonaws.com/mini-mummi:cganalysis-arm,cpu-autoscale
2673,cganalysis-structure-094277559-v5bkn,Pod,cganalysis,pulled,0.145359625,633731392008.dkr.ecr.us-east-1.amazonaws.com/mini-mummi:cganalysis-arm,cpu-autoscale
2674,cganalysis-structure-054212587,Job,cganalysis,successfulcreate-timestamp,1742089390.0,,cpu-autoscale
2675,cganalysis-structure-054212587,Job,cganalysis,completed-timestamp,1742091179.0,,cpu-autoscale
2676,cganalysis-structure-054212587,Job,cganalysis,running,1789,,cpu-autoscale
2677,cganalysis-structure-054212587-8799f,Pod,cganalysis,pulled-timestamp,1742089392.0,633731392008.dkr.ecr.us-east-1.amazonaws.com/mini-mummi:cganalysis-arm,cpu-autoscale
2678,cganalysis-structure-054212587-8799f,Pod,cganalysis,pulling-timestamp,1742089391.0,633731392008.dkr.ecr.us-east-1.amazonaws.com/mini-mummi:cganalysis-arm,cpu-autoscale
2679,cganalysis-structure-054212587-8799f,Pod,cganalysis,scheduled-timestamp,1742089390.0,633731392008.dkr.ecr.us-east-1.amazonaws.com/mini-mummi:cganalysis-arm,cpu-autoscale
2680,cganalysis-structure-054212587-8799f,Pod,cganalysis,created-timestamp,1742089392.0,633731392008.dkr.ecr.us-east-1.amazonaws.com/mini-mummi:cganalysis-arm,cpu-autoscale
2681,cganalysis-structure-054212587-8799f,Pod,cganalysis,created,0,633731392008.dkr.ecr.us-east-1.amazonaws.com/mini-mummi:cganalysis-arm,cpu-autoscale
2682,cganalysis-structure-054212587-8799f,Pod,cganalysis,started-timestamp,1742089392.0,633731392008.dkr.ecr.us-east-1.amazonaws.com/mini-mummi:cganalysis-arm,cpu-autoscale
2683,cganalysis-structure-054212587-8799f,Pod,cganalysis,started,0,633731392008.dkr.ecr.us-east-1.amazonaws.com/mini-mummi:cganalysis-arm,cpu-autoscale
2684,cganalysis-structure-054212587-8799f,Pod,cganalysis,pulled,1.188949677,633731392008.dkr.ecr.us-east-1.amazonaws.com/mini-mummi:cganalysis-arm,cpu-autoscale
2685,coredns-d9b6d6c7d-7k94j,Pod,,pulled-timestamp,1742090898.0,602401143452.dkr.ecr.us-east-1.amazonaws.com/eks/coredns:v1.10.1-eksbuild.4,cpu-autoscale
2686,coredns-d9b6d6c7d-7k94j,Pod,,pulling-timestamp,1742090897.0,602401143452.dkr.ecr.us-east-1.amazonaws.com/eks/coredns:v1.10.1-eksbuild.4,cpu-autoscale
2687,coredns-d9b6d6c7d-7k94j,Pod,,scheduled-timestamp,1742090896.0,602401143452.dkr.ecr.us-east-1.amazonaws.com/eks/coredns:v1.10.1-eksbuild.4,cpu-autoscale
2688,coredns-d9b6d6c7d-7k94j,Pod,,created-timestamp,1742090898.0,602401143452.dkr.ecr.us-east-1.amazonaws.com/eks/coredns:v1.10.1-eksbuild.4,cpu-autoscale
2689,coredns-d9b6d6c7d-7k94j,Pod,,created,0,602401143452.dkr.ecr.us-east-1.amazonaws.com/eks/coredns:v1.10.1-eksbuild.4,cpu-autoscale
2690,coredns-d9b6d6c7d-7k94j,Pod,,started-timestamp,1742090898.0,602401143452.dkr.ecr.us-east-1.amazonaws.com/eks/coredns:v1.10.1-eksbuild.4,cpu-autoscale
2691,coredns-d9b6d6c7d-7k94j,Pod,,started,0,602401143452.dkr.ecr.us-east-1.amazonaws.com/eks/coredns:v1.10.1-eksbuild.4,cpu-autoscale
2692,coredns-d9b6d6c7d-7k94j,Pod,,pulled,1.236358907,602401143452.dkr.ecr.us-east-1.amazonaws.com/eks/coredns:v1.10.1-eksbuild.4,cpu-autoscale
2693,aws-node-ghr2v,Pod,,pulled-timestamp,1742090898.0,602401143452.dkr.ecr.us-east-1.amazonaws.com/amazon/aws-network-policy-agent:v1.1.5-eksbuild.1,cpu-autoscale
2694,aws-node-ghr2v,Pod,,pulling-timestamp,1742090898.0,602401143452.dkr.ecr.us-east-1.amazonaws.com/amazon/aws-network-policy-agent:v1.1.5-eksbuild.1,cpu-autoscale
2695,aws-node-ghr2v,Pod,,scheduled-timestamp,1742090896.0,602401143452.dkr.ecr.us-east-1.amazonaws.com/amazon/aws-network-policy-agent:v1.1.5-eksbuild.1,cpu-autoscale
2696,aws-node-ghr2v,Pod,,created-timestamp,1742090898.0,602401143452.dkr.ecr.us-east-1.amazonaws.com/amazon/aws-network-policy-agent:v1.1.5-eksbuild.1,cpu-autoscale
2697,aws-node-ghr2v,Pod,,created,0,602401143452.dkr.ecr.us-east-1.amazonaws.com/amazon/aws-network-policy-agent:v1.1.5-eksbuild.1,cpu-autoscale
2698,aws-node-ghr2v,Pod,,started-timestamp,1742090898.0,602401143452.dkr.ecr.us-east-1.amazonaws.com/amazon/aws-network-policy-agent:v1.1.5-eksbuild.1,cpu-autoscale
2699,aws-node-ghr2v,Pod,,started,0,602401143452.dkr.ecr.us-east-1.amazonaws.com/amazon/aws-network-policy-agent:v1.1.5-eksbuild.1,cpu-autoscale
2700,aws-node-ghr2v,Pod,,pulled,0.101416247,602401143452.dkr.ecr.us-east-1.amazonaws.com/amazon/aws-network-policy-agent:v1.1.5-eksbuild.1,cpu-autoscale
2701,metrics-server-7794986bdb-pgp28,Pod,,pulled-timestamp,1742090918.0,602401143452.dkr.ecr.us-east-1.amazonaws.com/eks/metrics-server:v0.7.2-eksbuild.2,cpu-autoscale
2702,metrics-server-7794986bdb-pgp28,Pod,,pulling-timestamp,1742090917.0,602401143452.dkr.ecr.us-east-1.amazonaws.com/eks/metrics-server:v0.7.2-eksbuild.2,cpu-autoscale
2703,metrics-server-7794986bdb-pgp28,Pod,,scheduled-timestamp,1742090916.0,602401143452.dkr.ecr.us-east-1.amazonaws.com/eks/metrics-server:v0.7.2-eksbuild.2,cpu-autoscale
2704,metrics-server-7794986bdb-pgp28,Pod,,created-timestamp,1742090918.0,602401143452.dkr.ecr.us-east-1.amazonaws.com/eks/metrics-server:v0.7.2-eksbuild.2,cpu-autoscale
2705,metrics-server-7794986bdb-pgp28,Pod,,created,0,602401143452.dkr.ecr.us-east-1.amazonaws.com/eks/metrics-server:v0.7.2-eksbuild.2,cpu-autoscale
2706,metrics-server-7794986bdb-pgp28,Pod,,started-timestamp,1742090918.0,602401143452.dkr.ecr.us-east-1.amazonaws.com/eks/metrics-server:v0.7.2-eksbuild.2,cpu-autoscale
2707,metrics-server-7794986bdb-pgp28,Pod,,started,0,602401143452.dkr.ecr.us-east-1.amazonaws.com/eks/metrics-server:v0.7.2-eksbuild.2,cpu-autoscale
2708,metrics-server-7794986bdb-pgp28,Pod,,pulled,1.592776822,602401143452.dkr.ecr.us-east-1.amazonaws.com/eks/metrics-server:v0.7.2-eksbuild.2,cpu-autoscale
2709,aws-node-2z75t,Pod,,pulled-timestamp,1742090918.0,602401143452.dkr.ecr.us-east-1.amazonaws.com/amazon/aws-network-policy-agent:v1.1.5-eksbuild.1,cpu-autoscale
2710,aws-node-2z75t,Pod,,pulling-timestamp,1742090918.0,602401143452.dkr.ecr.us-east-1.amazonaws.com/amazon/aws-network-policy-agent:v1.1.5-eksbuild.1,cpu-autoscale
2711,aws-node-2z75t,Pod,,scheduled-timestamp,1742090916.0,602401143452.dkr.ecr.us-east-1.amazonaws.com/amazon/aws-network-policy-agent:v1.1.5-eksbuild.1,cpu-autoscale
2712,aws-node-2z75t,Pod,,created-timestamp,1742090918.0,602401143452.dkr.ecr.us-east-1.amazonaws.com/amazon/aws-network-policy-agent:v1.1.5-eksbuild.1,cpu-autoscale
2713,aws-node-2z75t,Pod,,created,0,602401143452.dkr.ecr.us-east-1.amazonaws.com/amazon/aws-network-policy-agent:v1.1.5-eksbuild.1,cpu-autoscale
2714,aws-node-2z75t,Pod,,started-timestamp,1742090918.0,602401143452.dkr.ecr.us-east-1.amazonaws.com/amazon/aws-network-policy-agent:v1.1.5-eksbuild.1,cpu-autoscale
2715,aws-node-2z75t,Pod,,started,0,602401143452.dkr.ecr.us-east-1.amazonaws.com/amazon/aws-network-policy-agent:v1.1.5-eksbuild.1,cpu-autoscale
2716,aws-node-2z75t,Pod,,pulled,0.10891168799999999,602401143452.dkr.ecr.us-east-1.amazonaws.com/amazon/aws-network-policy-agent:v1.1.5-eksbuild.1,cpu-autoscale
2717,coredns-d9b6d6c7d-xgdbx,Pod,,scheduled-timestamp,1742091446.0,,cpu-autoscale
2718,aws-node-2fn94,Pod,,pulled-timestamp,1742029492.0,602401143452.dkr.ecr.us-east-1.amazonaws.com/amazon/aws-network-policy-agent:v1.1.5-eksbuild.1,gpu-static
2719,aws-node-2fn94,Pod,,pulling-timestamp,1742029491.0,602401143452.dkr.ecr.us-east-1.amazonaws.com/amazon/aws-network-policy-agent:v1.1.5-eksbuild.1,gpu-static
2720,aws-node-2fn94,Pod,,scheduled-timestamp,1742029478.023216,602401143452.dkr.ecr.us-east-1.amazonaws.com/amazon/aws-network-policy-agent:v1.1.5-eksbuild.1,gpu-static
2721,aws-node-2fn94,Pod,,created-timestamp,1742029492.0,602401143452.dkr.ecr.us-east-1.amazonaws.com/amazon/aws-network-policy-agent:v1.1.5-eksbuild.1,gpu-static
2722,aws-node-2fn94,Pod,,created,0,602401143452.dkr.ecr.us-east-1.amazonaws.com/amazon/aws-network-policy-agent:v1.1.5-eksbuild.1,gpu-static
2723,aws-node-2fn94,Pod,,started-timestamp,1742029492.0,602401143452.dkr.ecr.us-east-1.amazonaws.com/amazon/aws-network-policy-agent:v1.1.5-eksbuild.1,gpu-static
2724,aws-node-2fn94,Pod,,started,0,602401143452.dkr.ecr.us-east-1.amazonaws.com/amazon/aws-network-policy-agent:v1.1.5-eksbuild.1,gpu-static
2725,aws-node-2fn94,Pod,,pulled,1.513336987,602401143452.dkr.ecr.us-east-1.amazonaws.com/amazon/aws-network-policy-agent:v1.1.5-eksbuild.1,gpu-static
2726,aws-node-cs7zp,Pod,,pulled-timestamp,1742029492.0,602401143452.dkr.ecr.us-east-1.amazonaws.com/amazon/aws-network-policy-agent:v1.1.5-eksbuild.1,gpu-static
2727,aws-node-cs7zp,Pod,,pulling-timestamp,1742029491.0,602401143452.dkr.ecr.us-east-1.amazonaws.com/amazon/aws-network-policy-agent:v1.1.5-eksbuild.1,gpu-static
2728,aws-node-cs7zp,Pod,,scheduled-timestamp,1742029480.476797,602401143452.dkr.ecr.us-east-1.amazonaws.com/amazon/aws-network-policy-agent:v1.1.5-eksbuild.1,gpu-static
2729,aws-node-cs7zp,Pod,,created-timestamp,1742029492.0,602401143452.dkr.ecr.us-east-1.amazonaws.com/amazon/aws-network-policy-agent:v1.1.5-eksbuild.1,gpu-static
2730,aws-node-cs7zp,Pod,,created,0,602401143452.dkr.ecr.us-east-1.amazonaws.com/amazon/aws-network-policy-agent:v1.1.5-eksbuild.1,gpu-static
2731,aws-node-cs7zp,Pod,,started-timestamp,1742029493.0,602401143452.dkr.ecr.us-east-1.amazonaws.com/amazon/aws-network-policy-agent:v1.1.5-eksbuild.1,gpu-static
2732,aws-node-cs7zp,Pod,,started,1,602401143452.dkr.ecr.us-east-1.amazonaws.com/amazon/aws-network-policy-agent:v1.1.5-eksbuild.1,gpu-static
2733,aws-node-cs7zp,Pod,,pulled,1.468358343,602401143452.dkr.ecr.us-east-1.amazonaws.com/amazon/aws-network-policy-agent:v1.1.5-eksbuild.1,gpu-static
2734,aws-node-ctswj,Pod,,pulled-timestamp,1742029492.0,602401143452.dkr.ecr.us-east-1.amazonaws.com/amazon/aws-network-policy-agent:v1.1.5-eksbuild.1,gpu-static
2735,aws-node-ctswj,Pod,,pulling-timestamp,1742029491.0,602401143452.dkr.ecr.us-east-1.amazonaws.com/amazon/aws-network-policy-agent:v1.1.5-eksbuild.1,gpu-static
2736,aws-node-ctswj,Pod,,scheduled-timestamp,1742029480.216434,602401143452.dkr.ecr.us-east-1.amazonaws.com/amazon/aws-network-policy-agent:v1.1.5-eksbuild.1,gpu-static
2737,aws-node-ctswj,Pod,,created-timestamp,1742029492.0,602401143452.dkr.ecr.us-east-1.amazonaws.com/amazon/aws-network-policy-agent:v1.1.5-eksbuild.1,gpu-static
2738,aws-node-ctswj,Pod,,created,0,602401143452.dkr.ecr.us-east-1.amazonaws.com/amazon/aws-network-policy-agent:v1.1.5-eksbuild.1,gpu-static
2739,aws-node-ctswj,Pod,,started-timestamp,1742029492.0,602401143452.dkr.ecr.us-east-1.amazonaws.com/amazon/aws-network-policy-agent:v1.1.5-eksbuild.1,gpu-static
2740,aws-node-ctswj,Pod,,started,0,602401143452.dkr.ecr.us-east-1.amazonaws.com/amazon/aws-network-policy-agent:v1.1.5-eksbuild.1,gpu-static
2741,aws-node-ctswj,Pod,,pulled,1.498799894,602401143452.dkr.ecr.us-east-1.amazonaws.com/amazon/aws-network-policy-agent:v1.1.5-eksbuild.1,gpu-static
2742,aws-node-d5dc8,Pod,,pulled-timestamp,1742029478.0,602401143452.dkr.ecr.us-east-1.amazonaws.com/amazon/aws-network-policy-agent:v1.1.5-eksbuild.1,gpu-static
2743,aws-node-d5dc8,Pod,,pulling-timestamp,1742029453.0,602401143452.dkr.ecr.us-east-1.amazonaws.com/amazon/aws-network-policy-agent:v1.1.5-eksbuild.1,gpu-static
2744,aws-node-d5dc8,Pod,,scheduled-timestamp,1742029443.032448,602401143452.dkr.ecr.us-east-1.amazonaws.com/amazon/aws-network-policy-agent:v1.1.5-eksbuild.1,gpu-static
2745,aws-node-d5dc8,Pod,,created-timestamp,1742029478.0,602401143452.dkr.ecr.us-east-1.amazonaws.com/amazon/aws-network-policy-agent:v1.1.5-eksbuild.1,gpu-static
2746,aws-node-d5dc8,Pod,,created,0,602401143452.dkr.ecr.us-east-1.amazonaws.com/amazon/aws-network-policy-agent:v1.1.5-eksbuild.1,gpu-static
2747,aws-node-d5dc8,Pod,,started-timestamp,1742029478.0,602401143452.dkr.ecr.us-east-1.amazonaws.com/amazon/aws-network-policy-agent:v1.1.5-eksbuild.1,gpu-static
2748,aws-node-d5dc8,Pod,,started,0,602401143452.dkr.ecr.us-east-1.amazonaws.com/amazon/aws-network-policy-agent:v1.1.5-eksbuild.1,gpu-static
2749,aws-node-d5dc8,Pod,,pulled,24.598933983,602401143452.dkr.ecr.us-east-1.amazonaws.com/amazon/aws-network-policy-agent:v1.1.5-eksbuild.1,gpu-static
2750,aws-node-fsg2v,Pod,,pulled-timestamp,1742029492.0,602401143452.dkr.ecr.us-east-1.amazonaws.com/amazon/aws-network-policy-agent:v1.1.5-eksbuild.1,gpu-static
2751,aws-node-fsg2v,Pod,,pulling-timestamp,1742029491.0,602401143452.dkr.ecr.us-east-1.amazonaws.com/amazon/aws-network-policy-agent:v1.1.5-eksbuild.1,gpu-static
2752,aws-node-fsg2v,Pod,,scheduled-timestamp,1742029478.221008,602401143452.dkr.ecr.us-east-1.amazonaws.com/amazon/aws-network-policy-agent:v1.1.5-eksbuild.1,gpu-static
2753,aws-node-fsg2v,Pod,,created-timestamp,1742029492.0,602401143452.dkr.ecr.us-east-1.amazonaws.com/amazon/aws-network-policy-agent:v1.1.5-eksbuild.1,gpu-static
2754,aws-node-fsg2v,Pod,,created,0,602401143452.dkr.ecr.us-east-1.amazonaws.com/amazon/aws-network-policy-agent:v1.1.5-eksbuild.1,gpu-static
2755,aws-node-fsg2v,Pod,,started-timestamp,1742029492.0,602401143452.dkr.ecr.us-east-1.amazonaws.com/amazon/aws-network-policy-agent:v1.1.5-eksbuild.1,gpu-static
2756,aws-node-fsg2v,Pod,,started,0,602401143452.dkr.ecr.us-east-1.amazonaws.com/amazon/aws-network-policy-agent:v1.1.5-eksbuild.1,gpu-static
2757,aws-node-fsg2v,Pod,,pulled,1.49260545,602401143452.dkr.ecr.us-east-1.amazonaws.com/amazon/aws-network-policy-agent:v1.1.5-eksbuild.1,gpu-static
2758,aws-node-t7hwz,Pod,,pulled-timestamp,1742029492.0,602401143452.dkr.ecr.us-east-1.amazonaws.com/amazon/aws-network-policy-agent:v1.1.5-eksbuild.1,gpu-static
2759,aws-node-t7hwz,Pod,,pulling-timestamp,1742029490.0,602401143452.dkr.ecr.us-east-1.amazonaws.com/amazon/aws-network-policy-agent:v1.1.5-eksbuild.1,gpu-static
2760,aws-node-t7hwz,Pod,,scheduled-timestamp,1742029477.584863,602401143452.dkr.ecr.us-east-1.amazonaws.com/amazon/aws-network-policy-agent:v1.1.5-eksbuild.1,gpu-static
2761,aws-node-t7hwz,Pod,,created-timestamp,1742029492.0,602401143452.dkr.ecr.us-east-1.amazonaws.com/amazon/aws-network-policy-agent:v1.1.5-eksbuild.1,gpu-static
2762,aws-node-t7hwz,Pod,,created,0,602401143452.dkr.ecr.us-east-1.amazonaws.com/amazon/aws-network-policy-agent:v1.1.5-eksbuild.1,gpu-static
2763,aws-node-t7hwz,Pod,,started-timestamp,1742029492.0,602401143452.dkr.ecr.us-east-1.amazonaws.com/amazon/aws-network-policy-agent:v1.1.5-eksbuild.1,gpu-static
2764,aws-node-t7hwz,Pod,,started,0,602401143452.dkr.ecr.us-east-1.amazonaws.com/amazon/aws-network-policy-agent:v1.1.5-eksbuild.1,gpu-static
2765,aws-node-t7hwz,Pod,,pulled,1.452487304,602401143452.dkr.ecr.us-east-1.amazonaws.com/amazon/aws-network-policy-agent:v1.1.5-eksbuild.1,gpu-static
2766,aws-node-wvl9s,Pod,,pulled-timestamp,1742029493.0,602401143452.dkr.ecr.us-east-1.amazonaws.com/amazon/aws-network-policy-agent:v1.1.5-eksbuild.1,gpu-static
2767,aws-node-wvl9s,Pod,,pulling-timestamp,1742029491.0,602401143452.dkr.ecr.us-east-1.amazonaws.com/amazon/aws-network-policy-agent:v1.1.5-eksbuild.1,gpu-static
2768,aws-node-wvl9s,Pod,,scheduled-timestamp,1742029482.613828,602401143452.dkr.ecr.us-east-1.amazonaws.com/amazon/aws-network-policy-agent:v1.1.5-eksbuild.1,gpu-static
2769,aws-node-wvl9s,Pod,,created-timestamp,1742029493.0,602401143452.dkr.ecr.us-east-1.amazonaws.com/amazon/aws-network-policy-agent:v1.1.5-eksbuild.1,gpu-static
2770,aws-node-wvl9s,Pod,,created,0,602401143452.dkr.ecr.us-east-1.amazonaws.com/amazon/aws-network-policy-agent:v1.1.5-eksbuild.1,gpu-static
2771,aws-node-wvl9s,Pod,,started-timestamp,1742029493.0,602401143452.dkr.ecr.us-east-1.amazonaws.com/amazon/aws-network-policy-agent:v1.1.5-eksbuild.1,gpu-static
2772,aws-node-wvl9s,Pod,,started,0,602401143452.dkr.ecr.us-east-1.amazonaws.com/amazon/aws-network-policy-agent:v1.1.5-eksbuild.1,gpu-static
2773,aws-node-wvl9s,Pod,,pulled,1.459511395,602401143452.dkr.ecr.us-east-1.amazonaws.com/amazon/aws-network-policy-agent:v1.1.5-eksbuild.1,gpu-static
2774,coredns-d9b6d6c7d-9mftp,Pod,,pulled-timestamp,1742029468.0,602401143452.dkr.ecr.us-east-1.amazonaws.com/eks/coredns:v1.10.1-eksbuild.4,gpu-static
2775,coredns-d9b6d6c7d-9mftp,Pod,,pulling-timestamp,1742029456.0,602401143452.dkr.ecr.us-east-1.amazonaws.com/eks/coredns:v1.10.1-eksbuild.4,gpu-static
2776,coredns-d9b6d6c7d-9mftp,Pod,,scheduled-timestamp,1742029455.611911,602401143452.dkr.ecr.us-east-1.amazonaws.com/eks/coredns:v1.10.1-eksbuild.4,gpu-static
2777,coredns-d9b6d6c7d-9mftp,Pod,,created-timestamp,1742029468.0,602401143452.dkr.ecr.us-east-1.amazonaws.com/eks/coredns:v1.10.1-eksbuild.4,gpu-static
2778,coredns-d9b6d6c7d-9mftp,Pod,,created,0,602401143452.dkr.ecr.us-east-1.amazonaws.com/eks/coredns:v1.10.1-eksbuild.4,gpu-static
2779,coredns-d9b6d6c7d-9mftp,Pod,,started-timestamp,1742029468.0,602401143452.dkr.ecr.us-east-1.amazonaws.com/eks/coredns:v1.10.1-eksbuild.4,gpu-static
2780,coredns-d9b6d6c7d-9mftp,Pod,,started,0,602401143452.dkr.ecr.us-east-1.amazonaws.com/eks/coredns:v1.10.1-eksbuild.4,gpu-static
2781,coredns-d9b6d6c7d-9mftp,Pod,,pulled,11.874100657,602401143452.dkr.ecr.us-east-1.amazonaws.com/eks/coredns:v1.10.1-eksbuild.4,gpu-static
2782,coredns-d9b6d6c7d-pv5kf,Pod,,pulled-timestamp,1742029468.0,602401143452.dkr.ecr.us-east-1.amazonaws.com/eks/coredns:v1.10.1-eksbuild.4,gpu-static
2783,coredns-d9b6d6c7d-pv5kf,Pod,,pulling-timestamp,1742029456.0,602401143452.dkr.ecr.us-east-1.amazonaws.com/eks/coredns:v1.10.1-eksbuild.4,gpu-static
2784,coredns-d9b6d6c7d-pv5kf,Pod,,scheduled-timestamp,1742029455.609546,602401143452.dkr.ecr.us-east-1.amazonaws.com/eks/coredns:v1.10.1-eksbuild.4,gpu-static
2785,coredns-d9b6d6c7d-pv5kf,Pod,,created-timestamp,1742029468.0,602401143452.dkr.ecr.us-east-1.amazonaws.com/eks/coredns:v1.10.1-eksbuild.4,gpu-static
2786,coredns-d9b6d6c7d-pv5kf,Pod,,created,0,602401143452.dkr.ecr.us-east-1.amazonaws.com/eks/coredns:v1.10.1-eksbuild.4,gpu-static
2787,coredns-d9b6d6c7d-pv5kf,Pod,,started-timestamp,1742029468.0,602401143452.dkr.ecr.us-east-1.amazonaws.com/eks/coredns:v1.10.1-eksbuild.4,gpu-static
2788,coredns-d9b6d6c7d-pv5kf,Pod,,started,0,602401143452.dkr.ecr.us-east-1.amazonaws.com/eks/coredns:v1.10.1-eksbuild.4,gpu-static
2789,coredns-d9b6d6c7d-pv5kf,Pod,,pulled,11.901202522,602401143452.dkr.ecr.us-east-1.amazonaws.com/eks/coredns:v1.10.1-eksbuild.4,gpu-static
2790,metrics-server-7794986bdb-f774x,Pod,,pulled-timestamp,1742029457.0,602401143452.dkr.ecr.us-east-1.amazonaws.com/eks/metrics-server:v0.7.2-eksbuild.2,gpu-static
2791,metrics-server-7794986bdb-f774x,Pod,,pulling-timestamp,1742029456.0,602401143452.dkr.ecr.us-east-1.amazonaws.com/eks/metrics-server:v0.7.2-eksbuild.2,gpu-static
2792,metrics-server-7794986bdb-f774x,Pod,,scheduled-timestamp,1742029455.60676,602401143452.dkr.ecr.us-east-1.amazonaws.com/eks/metrics-server:v0.7.2-eksbuild.2,gpu-static
2793,metrics-server-7794986bdb-f774x,Pod,,created-timestamp,1742029457.0,602401143452.dkr.ecr.us-east-1.amazonaws.com/eks/metrics-server:v0.7.2-eksbuild.2,gpu-static
2794,metrics-server-7794986bdb-f774x,Pod,,created,0,602401143452.dkr.ecr.us-east-1.amazonaws.com/eks/metrics-server:v0.7.2-eksbuild.2,gpu-static
2795,metrics-server-7794986bdb-f774x,Pod,,started-timestamp,1742029457.0,602401143452.dkr.ecr.us-east-1.amazonaws.com/eks/metrics-server:v0.7.2-eksbuild.2,gpu-static
2796,metrics-server-7794986bdb-f774x,Pod,,started,0,602401143452.dkr.ecr.us-east-1.amazonaws.com/eks/metrics-server:v0.7.2-eksbuild.2,gpu-static
2797,metrics-server-7794986bdb-f774x,Pod,,pulled,1.09285575,602401143452.dkr.ecr.us-east-1.amazonaws.com/eks/metrics-server:v0.7.2-eksbuild.2,gpu-static
2798,metrics-server-7794986bdb-kb9nw,Pod,,pulled-timestamp,1742029457.0,602401143452.dkr.ecr.us-east-1.amazonaws.com/eks/metrics-server:v0.7.2-eksbuild.2,gpu-static
2799,metrics-server-7794986bdb-kb9nw,Pod,,pulling-timestamp,1742029456.0,602401143452.dkr.ecr.us-east-1.amazonaws.com/eks/metrics-server:v0.7.2-eksbuild.2,gpu-static
2800,metrics-server-7794986bdb-kb9nw,Pod,,scheduled-timestamp,1742029455.612698,602401143452.dkr.ecr.us-east-1.amazonaws.com/eks/metrics-server:v0.7.2-eksbuild.2,gpu-static
2801,metrics-server-7794986bdb-kb9nw,Pod,,created-timestamp,1742029457.0,602401143452.dkr.ecr.us-east-1.amazonaws.com/eks/metrics-server:v0.7.2-eksbuild.2,gpu-static
2802,metrics-server-7794986bdb-kb9nw,Pod,,created,0,602401143452.dkr.ecr.us-east-1.amazonaws.com/eks/metrics-server:v0.7.2-eksbuild.2,gpu-static
2803,metrics-server-7794986bdb-kb9nw,Pod,,started-timestamp,1742029457.0,602401143452.dkr.ecr.us-east-1.amazonaws.com/eks/metrics-server:v0.7.2-eksbuild.2,gpu-static
2804,metrics-server-7794986bdb-kb9nw,Pod,,started,0,602401143452.dkr.ecr.us-east-1.amazonaws.com/eks/metrics-server:v0.7.2-eksbuild.2,gpu-static
2805,metrics-server-7794986bdb-kb9nw,Pod,,pulled,1.047315154,602401143452.dkr.ecr.us-east-1.amazonaws.com/eks/metrics-server:v0.7.2-eksbuild.2,gpu-static
2806,nvidia-device-plugin-daemonset-8kkln,Pod,,pulled-timestamp,1742029611.0,nvcr.io/nvidia/k8s-device-plugin:v0.17.0,gpu-static
2807,nvidia-device-plugin-daemonset-8kkln,Pod,,pulling-timestamp,1742029603.0,nvcr.io/nvidia/k8s-device-plugin:v0.17.0,gpu-static
2808,nvidia-device-plugin-daemonset-8kkln,Pod,,scheduled-timestamp,1742029602.495997,nvcr.io/nvidia/k8s-device-plugin:v0.17.0,gpu-static
2809,nvidia-device-plugin-daemonset-8kkln,Pod,,created-timestamp,1742029611.0,nvcr.io/nvidia/k8s-device-plugin:v0.17.0,gpu-static
2810,nvidia-device-plugin-daemonset-8kkln,Pod,,created,0,nvcr.io/nvidia/k8s-device-plugin:v0.17.0,gpu-static
2811,nvidia-device-plugin-daemonset-8kkln,Pod,,started-timestamp,1742029611.0,nvcr.io/nvidia/k8s-device-plugin:v0.17.0,gpu-static
2812,nvidia-device-plugin-daemonset-8kkln,Pod,,started,0,nvcr.io/nvidia/k8s-device-plugin:v0.17.0,gpu-static
2813,nvidia-device-plugin-daemonset-8kkln,Pod,,pulled,8.586470817,nvcr.io/nvidia/k8s-device-plugin:v0.17.0,gpu-static
2814,nvidia-device-plugin-daemonset-hmw7x,Pod,,pulled-timestamp,1742029611.0,nvcr.io/nvidia/k8s-device-plugin:v0.17.0,gpu-static
2815,nvidia-device-plugin-daemonset-hmw7x,Pod,,pulling-timestamp,1742029602.0,nvcr.io/nvidia/k8s-device-plugin:v0.17.0,gpu-static
2816,nvidia-device-plugin-daemonset-hmw7x,Pod,,scheduled-timestamp,1742029602.429437,nvcr.io/nvidia/k8s-device-plugin:v0.17.0,gpu-static
2817,nvidia-device-plugin-daemonset-hmw7x,Pod,,created-timestamp,1742029611.0,nvcr.io/nvidia/k8s-device-plugin:v0.17.0,gpu-static
2818,nvidia-device-plugin-daemonset-hmw7x,Pod,,created,0,nvcr.io/nvidia/k8s-device-plugin:v0.17.0,gpu-static
2819,nvidia-device-plugin-daemonset-hmw7x,Pod,,started-timestamp,1742029611.0,nvcr.io/nvidia/k8s-device-plugin:v0.17.0,gpu-static
2820,nvidia-device-plugin-daemonset-hmw7x,Pod,,started,0,nvcr.io/nvidia/k8s-device-plugin:v0.17.0,gpu-static
2821,nvidia-device-plugin-daemonset-hmw7x,Pod,,pulled,8.182282038,nvcr.io/nvidia/k8s-device-plugin:v0.17.0,gpu-static
2822,nvidia-device-plugin-daemonset-knfx2,Pod,,pulled-timestamp,1742029611.0,nvcr.io/nvidia/k8s-device-plugin:v0.17.0,gpu-static
2823,nvidia-device-plugin-daemonset-knfx2,Pod,,pulling-timestamp,1742029603.0,nvcr.io/nvidia/k8s-device-plugin:v0.17.0,gpu-static
2824,nvidia-device-plugin-daemonset-knfx2,Pod,,scheduled-timestamp,1742029602.491677,nvcr.io/nvidia/k8s-device-plugin:v0.17.0,gpu-static
2825,nvidia-device-plugin-daemonset-knfx2,Pod,,created-timestamp,1742029611.0,nvcr.io/nvidia/k8s-device-plugin:v0.17.0,gpu-static
2826,nvidia-device-plugin-daemonset-knfx2,Pod,,created,0,nvcr.io/nvidia/k8s-device-plugin:v0.17.0,gpu-static
2827,nvidia-device-plugin-daemonset-knfx2,Pod,,started-timestamp,1742029611.0,nvcr.io/nvidia/k8s-device-plugin:v0.17.0,gpu-static
2828,nvidia-device-plugin-daemonset-knfx2,Pod,,started,0,nvcr.io/nvidia/k8s-device-plugin:v0.17.0,gpu-static
2829,nvidia-device-plugin-daemonset-knfx2,Pod,,pulled,8.338265971,nvcr.io/nvidia/k8s-device-plugin:v0.17.0,gpu-static
2830,nvidia-device-plugin-daemonset-qkjs9,Pod,,pulled-timestamp,1742029607.0,nvcr.io/nvidia/k8s-device-plugin:v0.17.0,gpu-static
2831,nvidia-device-plugin-daemonset-qkjs9,Pod,,pulling-timestamp,1742029602.0,nvcr.io/nvidia/k8s-device-plugin:v0.17.0,gpu-static
2832,nvidia-device-plugin-daemonset-qkjs9,Pod,,scheduled-timestamp,1742029602.418388,nvcr.io/nvidia/k8s-device-plugin:v0.17.0,gpu-static
2833,nvidia-device-plugin-daemonset-qkjs9,Pod,,created-timestamp,1742029607.0,nvcr.io/nvidia/k8s-device-plugin:v0.17.0,gpu-static
2834,nvidia-device-plugin-daemonset-qkjs9,Pod,,created,0,nvcr.io/nvidia/k8s-device-plugin:v0.17.0,gpu-static
2835,nvidia-device-plugin-daemonset-qkjs9,Pod,,started-timestamp,1742029607.0,nvcr.io/nvidia/k8s-device-plugin:v0.17.0,gpu-static
2836,nvidia-device-plugin-daemonset-qkjs9,Pod,,started,0,nvcr.io/nvidia/k8s-device-plugin:v0.17.0,gpu-static
2837,nvidia-device-plugin-daemonset-qkjs9,Pod,,pulled,4.666047204,nvcr.io/nvidia/k8s-device-plugin:v0.17.0,gpu-static
2838,nvidia-device-plugin-daemonset-qz9g8,Pod,,pulled-timestamp,1742029611.0,nvcr.io/nvidia/k8s-device-plugin:v0.17.0,gpu-static
2839,nvidia-device-plugin-daemonset-qz9g8,Pod,,pulling-timestamp,1742029603.0,nvcr.io/nvidia/k8s-device-plugin:v0.17.0,gpu-static
2840,nvidia-device-plugin-daemonset-qz9g8,Pod,,scheduled-timestamp,1742029602.469788,nvcr.io/nvidia/k8s-device-plugin:v0.17.0,gpu-static
2841,nvidia-device-plugin-daemonset-qz9g8,Pod,,created-timestamp,1742029611.0,nvcr.io/nvidia/k8s-device-plugin:v0.17.0,gpu-static
2842,nvidia-device-plugin-daemonset-qz9g8,Pod,,created,0,nvcr.io/nvidia/k8s-device-plugin:v0.17.0,gpu-static
2843,nvidia-device-plugin-daemonset-qz9g8,Pod,,started-timestamp,1742029612.0,nvcr.io/nvidia/k8s-device-plugin:v0.17.0,gpu-static
2844,nvidia-device-plugin-daemonset-qz9g8,Pod,,started,1,nvcr.io/nvidia/k8s-device-plugin:v0.17.0,gpu-static
2845,nvidia-device-plugin-daemonset-qz9g8,Pod,,pulled,8.489128794,nvcr.io/nvidia/k8s-device-plugin:v0.17.0,gpu-static
2846,nvidia-device-plugin-daemonset-tlk9k,Pod,,pulled-timestamp,1742029611.0,nvcr.io/nvidia/k8s-device-plugin:v0.17.0,gpu-static
2847,nvidia-device-plugin-daemonset-tlk9k,Pod,,pulling-timestamp,1742029603.0,nvcr.io/nvidia/k8s-device-plugin:v0.17.0,gpu-static
2848,nvidia-device-plugin-daemonset-tlk9k,Pod,,scheduled-timestamp,1742029602.473221,nvcr.io/nvidia/k8s-device-plugin:v0.17.0,gpu-static
2849,nvidia-device-plugin-daemonset-tlk9k,Pod,,created-timestamp,1742029611.0,nvcr.io/nvidia/k8s-device-plugin:v0.17.0,gpu-static
2850,nvidia-device-plugin-daemonset-tlk9k,Pod,,created,0,nvcr.io/nvidia/k8s-device-plugin:v0.17.0,gpu-static
2851,nvidia-device-plugin-daemonset-tlk9k,Pod,,started-timestamp,1742029612.0,nvcr.io/nvidia/k8s-device-plugin:v0.17.0,gpu-static
2852,nvidia-device-plugin-daemonset-tlk9k,Pod,,started,1,nvcr.io/nvidia/k8s-device-plugin:v0.17.0,gpu-static
2853,nvidia-device-plugin-daemonset-tlk9k,Pod,,pulled,8.675850101,nvcr.io/nvidia/k8s-device-plugin:v0.17.0,gpu-static
2854,nvidia-device-plugin-daemonset-w4pwm,Pod,,pulled-timestamp,1742029611.0,nvcr.io/nvidia/k8s-device-plugin:v0.17.0,gpu-static
2855,nvidia-device-plugin-daemonset-w4pwm,Pod,,pulling-timestamp,1742029602.0,nvcr.io/nvidia/k8s-device-plugin:v0.17.0,gpu-static
2856,nvidia-device-plugin-daemonset-w4pwm,Pod,,scheduled-timestamp,1742029602.438067,nvcr.io/nvidia/k8s-device-plugin:v0.17.0,gpu-static
2857,nvidia-device-plugin-daemonset-w4pwm,Pod,,created-timestamp,1742029611.0,nvcr.io/nvidia/k8s-device-plugin:v0.17.0,gpu-static
2858,nvidia-device-plugin-daemonset-w4pwm,Pod,,created,0,nvcr.io/nvidia/k8s-device-plugin:v0.17.0,gpu-static
2859,nvidia-device-plugin-daemonset-w4pwm,Pod,,started-timestamp,1742029611.0,nvcr.io/nvidia/k8s-device-plugin:v0.17.0,gpu-static
2860,nvidia-device-plugin-daemonset-w4pwm,Pod,,started,0,nvcr.io/nvidia/k8s-device-plugin:v0.17.0,gpu-static
2861,nvidia-device-plugin-daemonset-w4pwm,Pod,,pulled,8.240450085,nvcr.io/nvidia/k8s-device-plugin:v0.17.0,gpu-static
2862,event-exporter-cdd6c96-5zwxj,Pod,,pulled-timestamp,1742029620.0,ghcr.io/resmoio/kubernetes-event-exporter:latest,gpu-static
2863,event-exporter-cdd6c96-5zwxj,Pod,,pulling-timestamp,1742029619.0,ghcr.io/resmoio/kubernetes-event-exporter:latest,gpu-static
2864,event-exporter-cdd6c96-5zwxj,Pod,,scheduled-timestamp,1742029619.249286,ghcr.io/resmoio/kubernetes-event-exporter:latest,gpu-static
2865,event-exporter-cdd6c96-5zwxj,Pod,,created-timestamp,1742029620.0,ghcr.io/resmoio/kubernetes-event-exporter:latest,gpu-static
2866,event-exporter-cdd6c96-5zwxj,Pod,,created,0,ghcr.io/resmoio/kubernetes-event-exporter:latest,gpu-static
2867,event-exporter-cdd6c96-5zwxj,Pod,,started-timestamp,1742029620.0,ghcr.io/resmoio/kubernetes-event-exporter:latest,gpu-static
2868,event-exporter-cdd6c96-5zwxj,Pod,,started,0,ghcr.io/resmoio/kubernetes-event-exporter:latest,gpu-static
2869,event-exporter-cdd6c96-5zwxj,Pod,,pulled,0.8222132249999999,ghcr.io/resmoio/kubernetes-event-exporter:latest,gpu-static
2870,state-machine-operator-controller-manager-5b58c5f4b8-gv9qm,Pod,,pulled-timestamp,1742029689.0,ghcr.io/converged-computing/state-machine-operator@sha256:4fbec679024f006562108190b7573ee9c62fdffdb77ecc8b3f81ae25461849b9,gpu-static
2871,state-machine-operator-controller-manager-5b58c5f4b8-gv9qm,Pod,,pulling-timestamp,1742029688.0,ghcr.io/converged-computing/state-machine-operator@sha256:4fbec679024f006562108190b7573ee9c62fdffdb77ecc8b3f81ae25461849b9,gpu-static
2872,state-machine-operator-controller-manager-5b58c5f4b8-gv9qm,Pod,,scheduled-timestamp,1742029688.307002,ghcr.io/converged-computing/state-machine-operator@sha256:4fbec679024f006562108190b7573ee9c62fdffdb77ecc8b3f81ae25461849b9,gpu-static
2873,state-machine-operator-controller-manager-5b58c5f4b8-gv9qm,Pod,,created-timestamp,1742029689.0,ghcr.io/converged-computing/state-machine-operator@sha256:4fbec679024f006562108190b7573ee9c62fdffdb77ecc8b3f81ae25461849b9,gpu-static
2874,state-machine-operator-controller-manager-5b58c5f4b8-gv9qm,Pod,,created,0,ghcr.io/converged-computing/state-machine-operator@sha256:4fbec679024f006562108190b7573ee9c62fdffdb77ecc8b3f81ae25461849b9,gpu-static
2875,state-machine-operator-controller-manager-5b58c5f4b8-gv9qm,Pod,,started-timestamp,1742029689.0,ghcr.io/converged-computing/state-machine-operator@sha256:4fbec679024f006562108190b7573ee9c62fdffdb77ecc8b3f81ae25461849b9,gpu-static
2876,state-machine-operator-controller-manager-5b58c5f4b8-gv9qm,Pod,,started,0,ghcr.io/converged-computing/state-machine-operator@sha256:4fbec679024f006562108190b7573ee9c62fdffdb77ecc8b3f81ae25461849b9,gpu-static
2877,state-machine-operator-controller-manager-5b58c5f4b8-gv9qm,Pod,,pulled,0.8598169299999999,ghcr.io/converged-computing/state-machine-operator@sha256:4fbec679024f006562108190b7573ee9c62fdffdb77ecc8b3f81ae25461849b9,gpu-static
2878,registry-0,Pod,,pulled-timestamp,1742038059.0,ghcr.io/oras-project/registry:latest,gpu-static
2879,registry-0,Pod,,pulling-timestamp,1742038059.0,ghcr.io/oras-project/registry:latest,gpu-static
2880,registry-0,Pod,,scheduled-timestamp,1742038058.0,ghcr.io/oras-project/registry:latest,gpu-static
2881,registry-0,Pod,,created-timestamp,1742038059.0,ghcr.io/oras-project/registry:latest,gpu-static
2882,registry-0,Pod,,created,0,ghcr.io/oras-project/registry:latest,gpu-static
2883,registry-0,Pod,,started-timestamp,1742038059.0,ghcr.io/oras-project/registry:latest,gpu-static
2884,registry-0,Pod,,started,0,ghcr.io/oras-project/registry:latest,gpu-static
2885,registry-0,Pod,,pulled,0.733863743,ghcr.io/oras-project/registry:latest,gpu-static
2886,mummi-manager-d6f98c7dd-9nnnv,Pod,,pulled-timestamp,1742029708.0,ghcr.io/converged-computing/state-machine-operator:manager,gpu-static
2887,mummi-manager-d6f98c7dd-9nnnv,Pod,,pulling-timestamp,1742029702.0,ghcr.io/converged-computing/state-machine-operator:manager,gpu-static
2888,mummi-manager-d6f98c7dd-9nnnv,Pod,,scheduled-timestamp,1742029701.883173,ghcr.io/converged-computing/state-machine-operator:manager,gpu-static
2889,mummi-manager-d6f98c7dd-9nnnv,Pod,,created-timestamp,1742029708.0,ghcr.io/converged-computing/state-machine-operator:manager,gpu-static
2890,mummi-manager-d6f98c7dd-9nnnv,Pod,,created,0,ghcr.io/converged-computing/state-machine-operator:manager,gpu-static
2891,mummi-manager-d6f98c7dd-9nnnv,Pod,,started-timestamp,1742029708.0,ghcr.io/converged-computing/state-machine-operator:manager,gpu-static
2892,mummi-manager-d6f98c7dd-9nnnv,Pod,,started,0,ghcr.io/converged-computing/state-machine-operator:manager,gpu-static
2893,mummi-manager-d6f98c7dd-9nnnv,Pod,,pulled,6.437526913,ghcr.io/converged-computing/state-machine-operator:manager,gpu-static
2894,mlrunner-structure-067537610,Job,mlrunner,successfulcreate-timestamp,1742029709.0,,gpu-static
2895,mlrunner-structure-067537610,Job,mlrunner,completed-timestamp,1742030111.0,,gpu-static
2896,mlrunner-structure-067537610,Job,mlrunner,running,402,,gpu-static
2897,mlrunner-structure-067537610-wq8md,Pod,,pulled-timestamp,1742030039.0,633731392008.dkr.ecr.us-east-1.amazonaws.com/mini-mummi:mlrunner-gpu,gpu-static
2898,mlrunner-structure-067537610-wq8md,Pod,,pulling-timestamp,1742029709.0,633731392008.dkr.ecr.us-east-1.amazonaws.com/mini-mummi:mlrunner-gpu,gpu-static
2899,mlrunner-structure-067537610-wq8md,Pod,,scheduled-timestamp,1742029709.252762,633731392008.dkr.ecr.us-east-1.amazonaws.com/mini-mummi:mlrunner-gpu,gpu-static
2900,mlrunner-structure-067537610-wq8md,Pod,,created-timestamp,1742030040.0,633731392008.dkr.ecr.us-east-1.amazonaws.com/mini-mummi:mlrunner-gpu,gpu-static
2901,mlrunner-structure-067537610-wq8md,Pod,,created,1,633731392008.dkr.ecr.us-east-1.amazonaws.com/mini-mummi:mlrunner-gpu,gpu-static
2902,mlrunner-structure-067537610-wq8md,Pod,,started-timestamp,1742030041.0,633731392008.dkr.ecr.us-east-1.amazonaws.com/mini-mummi:mlrunner-gpu,gpu-static
2903,mlrunner-structure-067537610-wq8md,Pod,,started,1,633731392008.dkr.ecr.us-east-1.amazonaws.com/mini-mummi:mlrunner-gpu,gpu-static
2904,mlrunner-structure-067537610-wq8md,Pod,,pulled,330.189507136,633731392008.dkr.ecr.us-east-1.amazonaws.com/mini-mummi:mlrunner-gpu,gpu-static
2905,mlrunner-structure-021843090,Job,mlrunner,successfulcreate-timestamp,1742029709.0,,gpu-static
2906,mlrunner-structure-021843090,Job,mlrunner,completed-timestamp,1742030115.0,,gpu-static
2907,mlrunner-structure-021843090,Job,mlrunner,running,406,,gpu-static
2908,mlrunner-structure-021843090-wph68,Pod,,pulled-timestamp,1742030042.0,633731392008.dkr.ecr.us-east-1.amazonaws.com/mini-mummi:mlrunner-gpu,gpu-static
2909,mlrunner-structure-021843090-wph68,Pod,,pulling-timestamp,1742029709.0,633731392008.dkr.ecr.us-east-1.amazonaws.com/mini-mummi:mlrunner-gpu,gpu-static
2910,mlrunner-structure-021843090-wph68,Pod,,scheduled-timestamp,1742029709.277784,633731392008.dkr.ecr.us-east-1.amazonaws.com/mini-mummi:mlrunner-gpu,gpu-static
2911,mlrunner-structure-021843090-wph68,Pod,,created-timestamp,1742030042.0,633731392008.dkr.ecr.us-east-1.amazonaws.com/mini-mummi:mlrunner-gpu,gpu-static
2912,mlrunner-structure-021843090-wph68,Pod,,created,0,633731392008.dkr.ecr.us-east-1.amazonaws.com/mini-mummi:mlrunner-gpu,gpu-static
2913,mlrunner-structure-021843090-wph68,Pod,,started-timestamp,1742030043.0,633731392008.dkr.ecr.us-east-1.amazonaws.com/mini-mummi:mlrunner-gpu,gpu-static
2914,mlrunner-structure-021843090-wph68,Pod,,started,1,633731392008.dkr.ecr.us-east-1.amazonaws.com/mini-mummi:mlrunner-gpu,gpu-static
2915,mlrunner-structure-021843090-wph68,Pod,,pulled,332.307273149,633731392008.dkr.ecr.us-east-1.amazonaws.com/mini-mummi:mlrunner-gpu,gpu-static
2916,mlrunner-structure-026650774,Job,mlrunner,successfulcreate-timestamp,1742029709.0,,gpu-static
2917,mlrunner-structure-026650774,Job,mlrunner,completed-timestamp,1742030119.0,,gpu-static
2918,mlrunner-structure-026650774,Job,mlrunner,running,410,,gpu-static
2919,mlrunner-structure-026650774-l62nr,Pod,,pulled-timestamp,1742030045.0,633731392008.dkr.ecr.us-east-1.amazonaws.com/mini-mummi:mlrunner-gpu,gpu-static
2920,mlrunner-structure-026650774-l62nr,Pod,,pulling-timestamp,1742029709.0,633731392008.dkr.ecr.us-east-1.amazonaws.com/mini-mummi:mlrunner-gpu,gpu-static
2921,mlrunner-structure-026650774-l62nr,Pod,,scheduled-timestamp,1742029709.310056,633731392008.dkr.ecr.us-east-1.amazonaws.com/mini-mummi:mlrunner-gpu,gpu-static
2922,mlrunner-structure-026650774-l62nr,Pod,,created-timestamp,1742030045.0,633731392008.dkr.ecr.us-east-1.amazonaws.com/mini-mummi:mlrunner-gpu,gpu-static
2923,mlrunner-structure-026650774-l62nr,Pod,,created,0,633731392008.dkr.ecr.us-east-1.amazonaws.com/mini-mummi:mlrunner-gpu,gpu-static
2924,mlrunner-structure-026650774-l62nr,Pod,,started-timestamp,1742030047.0,633731392008.dkr.ecr.us-east-1.amazonaws.com/mini-mummi:mlrunner-gpu,gpu-static
2925,mlrunner-structure-026650774-l62nr,Pod,,started,2,633731392008.dkr.ecr.us-east-1.amazonaws.com/mini-mummi:mlrunner-gpu,gpu-static
2926,mlrunner-structure-026650774-l62nr,Pod,,pulled,335.234738415,633731392008.dkr.ecr.us-east-1.amazonaws.com/mini-mummi:mlrunner-gpu,gpu-static
2927,mlrunner-structure-014439553,Job,mlrunner,successfulcreate-timestamp,1742029709.0,,gpu-static
2928,mlrunner-structure-014439553,Job,mlrunner,completed-timestamp,1742030132.0,,gpu-static
2929,mlrunner-structure-014439553,Job,mlrunner,running,423,,gpu-static
2930,mlrunner-structure-014439553-8fbjj,Pod,,pulled-timestamp,1742030059.0,633731392008.dkr.ecr.us-east-1.amazonaws.com/mini-mummi:mlrunner-gpu,gpu-static
2931,mlrunner-structure-014439553-8fbjj,Pod,,pulling-timestamp,1742029709.0,633731392008.dkr.ecr.us-east-1.amazonaws.com/mini-mummi:mlrunner-gpu,gpu-static
2932,mlrunner-structure-014439553-8fbjj,Pod,,scheduled-timestamp,1742029709.342508,633731392008.dkr.ecr.us-east-1.amazonaws.com/mini-mummi:mlrunner-gpu,gpu-static
2933,mlrunner-structure-014439553-8fbjj,Pod,,created-timestamp,1742030059.0,633731392008.dkr.ecr.us-east-1.amazonaws.com/mini-mummi:mlrunner-gpu,gpu-static
2934,mlrunner-structure-014439553-8fbjj,Pod,,created,0,633731392008.dkr.ecr.us-east-1.amazonaws.com/mini-mummi:mlrunner-gpu,gpu-static
2935,mlrunner-structure-014439553-8fbjj,Pod,,started-timestamp,1742030059.0,633731392008.dkr.ecr.us-east-1.amazonaws.com/mini-mummi:mlrunner-gpu,gpu-static
2936,mlrunner-structure-014439553-8fbjj,Pod,,started,0,633731392008.dkr.ecr.us-east-1.amazonaws.com/mini-mummi:mlrunner-gpu,gpu-static
2937,mlrunner-structure-014439553-8fbjj,Pod,,pulled,349.221620151,633731392008.dkr.ecr.us-east-1.amazonaws.com/mini-mummi:mlrunner-gpu,gpu-static
2938,mlrunner-structure-034991391,Job,mlrunner,successfulcreate-timestamp,1742029709.0,,gpu-static
2939,mlrunner-structure-034991391,Job,mlrunner,completed-timestamp,1742030131.0,,gpu-static
2940,mlrunner-structure-034991391,Job,mlrunner,running,422,,gpu-static
2941,mlrunner-structure-034991391-mp5nm,Pod,,pulled-timestamp,1742030060.0,633731392008.dkr.ecr.us-east-1.amazonaws.com/mini-mummi:mlrunner-gpu,gpu-static
2942,mlrunner-structure-034991391-mp5nm,Pod,,pulling-timestamp,1742029709.0,633731392008.dkr.ecr.us-east-1.amazonaws.com/mini-mummi:mlrunner-gpu,gpu-static
2943,mlrunner-structure-034991391-mp5nm,Pod,,scheduled-timestamp,1742029709.378937,633731392008.dkr.ecr.us-east-1.amazonaws.com/mini-mummi:mlrunner-gpu,gpu-static
2944,mlrunner-structure-034991391-mp5nm,Pod,,created-timestamp,1742030060.0,633731392008.dkr.ecr.us-east-1.amazonaws.com/mini-mummi:mlrunner-gpu,gpu-static
2945,mlrunner-structure-034991391-mp5nm,Pod,,created,0,633731392008.dkr.ecr.us-east-1.amazonaws.com/mini-mummi:mlrunner-gpu,gpu-static
2946,mlrunner-structure-034991391-mp5nm,Pod,,started-timestamp,1742030061.0,633731392008.dkr.ecr.us-east-1.amazonaws.com/mini-mummi:mlrunner-gpu,gpu-static
2947,mlrunner-structure-034991391-mp5nm,Pod,,started,1,633731392008.dkr.ecr.us-east-1.amazonaws.com/mini-mummi:mlrunner-gpu,gpu-static
2948,mlrunner-structure-034991391-mp5nm,Pod,,pulled,350.449164284,633731392008.dkr.ecr.us-east-1.amazonaws.com/mini-mummi:mlrunner-gpu,gpu-static
2949,mlrunner-structure-055412757,Job,mlrunner,successfulcreate-timestamp,1742029709.0,,gpu-static
2950,mlrunner-structure-055412757,Job,mlrunner,completed-timestamp,1742030131.0,,gpu-static
2951,mlrunner-structure-055412757,Job,mlrunner,running,422,,gpu-static
2952,mlrunner-structure-055412757-9gqqx,Pod,,pulled-timestamp,1742030058.0,633731392008.dkr.ecr.us-east-1.amazonaws.com/mini-mummi:mlrunner-gpu,gpu-static
2953,mlrunner-structure-055412757-9gqqx,Pod,,pulling-timestamp,1742029709.0,633731392008.dkr.ecr.us-east-1.amazonaws.com/mini-mummi:mlrunner-gpu,gpu-static
2954,mlrunner-structure-055412757-9gqqx,Pod,,scheduled-timestamp,1742029709.424311,633731392008.dkr.ecr.us-east-1.amazonaws.com/mini-mummi:mlrunner-gpu,gpu-static
2955,mlrunner-structure-055412757-9gqqx,Pod,,created-timestamp,1742030059.0,633731392008.dkr.ecr.us-east-1.amazonaws.com/mini-mummi:mlrunner-gpu,gpu-static
2956,mlrunner-structure-055412757-9gqqx,Pod,,created,1,633731392008.dkr.ecr.us-east-1.amazonaws.com/mini-mummi:mlrunner-gpu,gpu-static
2957,mlrunner-structure-055412757-9gqqx,Pod,,started-timestamp,1742030061.0,633731392008.dkr.ecr.us-east-1.amazonaws.com/mini-mummi:mlrunner-gpu,gpu-static
2958,mlrunner-structure-055412757-9gqqx,Pod,,started,2,633731392008.dkr.ecr.us-east-1.amazonaws.com/mini-mummi:mlrunner-gpu,gpu-static
2959,mlrunner-structure-055412757-9gqqx,Pod,,pulled,348.623261335,633731392008.dkr.ecr.us-east-1.amazonaws.com/mini-mummi:mlrunner-gpu,gpu-static
2960,createsim-structure-067537610-ts6lt,Pod,createsim,pulled-timestamp,1742030255.0,633731392008.dkr.ecr.us-east-1.amazonaws.com/mini-mummi:createsims-gpu,gpu-static
2961,createsim-structure-067537610-ts6lt,Pod,createsim,pulling-timestamp,1742030111.0,633731392008.dkr.ecr.us-east-1.amazonaws.com/mini-mummi:createsims-gpu,gpu-static
2962,createsim-structure-067537610-ts6lt,Pod,createsim,scheduled-timestamp,1742030111.133768,633731392008.dkr.ecr.us-east-1.amazonaws.com/mini-mummi:createsims-gpu,gpu-static
2963,createsim-structure-067537610-ts6lt,Pod,createsim,created-timestamp,1742030255.0,633731392008.dkr.ecr.us-east-1.amazonaws.com/mini-mummi:createsims-gpu,gpu-static
2964,createsim-structure-067537610-ts6lt,Pod,createsim,created,0,633731392008.dkr.ecr.us-east-1.amazonaws.com/mini-mummi:createsims-gpu,gpu-static
2965,createsim-structure-067537610-ts6lt,Pod,createsim,started-timestamp,1742030255.0,633731392008.dkr.ecr.us-east-1.amazonaws.com/mini-mummi:createsims-gpu,gpu-static
2966,createsim-structure-067537610-ts6lt,Pod,createsim,started,0,633731392008.dkr.ecr.us-east-1.amazonaws.com/mini-mummi:createsims-gpu,gpu-static
2967,createsim-structure-067537610-ts6lt,Pod,createsim,pulled,143.360575519,633731392008.dkr.ecr.us-east-1.amazonaws.com/mini-mummi:createsims-gpu,gpu-static
2968,createsim-structure-021843090,Job,createsim,successfulcreate-timestamp,1742030115.0,,gpu-static
2969,createsim-structure-021843090,Job,createsim,completed-timestamp,1742031062.0,,gpu-static
2970,createsim-structure-021843090,Job,createsim,running,947,,gpu-static
2971,createsim-structure-021843090-vt56d,Pod,createsim,pulled-timestamp,1742030260.0,633731392008.dkr.ecr.us-east-1.amazonaws.com/mini-mummi:createsims-gpu,gpu-static
2972,createsim-structure-021843090-vt56d,Pod,createsim,pulling-timestamp,1742030116.0,633731392008.dkr.ecr.us-east-1.amazonaws.com/mini-mummi:createsims-gpu,gpu-static
2973,createsim-structure-021843090-vt56d,Pod,createsim,scheduled-timestamp,1742030115.807287,633731392008.dkr.ecr.us-east-1.amazonaws.com/mini-mummi:createsims-gpu,gpu-static
2974,createsim-structure-021843090-vt56d,Pod,createsim,created-timestamp,1742030261.0,633731392008.dkr.ecr.us-east-1.amazonaws.com/mini-mummi:createsims-gpu,gpu-static
2975,createsim-structure-021843090-vt56d,Pod,createsim,created,1,633731392008.dkr.ecr.us-east-1.amazonaws.com/mini-mummi:createsims-gpu,gpu-static
2976,createsim-structure-021843090-vt56d,Pod,createsim,started-timestamp,1742030263.0,633731392008.dkr.ecr.us-east-1.amazonaws.com/mini-mummi:createsims-gpu,gpu-static
2977,createsim-structure-021843090-vt56d,Pod,createsim,started,2,633731392008.dkr.ecr.us-east-1.amazonaws.com/mini-mummi:createsims-gpu,gpu-static
2978,createsim-structure-021843090-vt56d,Pod,createsim,pulled,144.430097229,633731392008.dkr.ecr.us-east-1.amazonaws.com/mini-mummi:createsims-gpu,gpu-static
2979,createsim-structure-026650774,Job,createsim,successfulcreate-timestamp,1742030119.0,,gpu-static
2980,createsim-structure-026650774,Job,createsim,completed-timestamp,1742031090.0,,gpu-static
2981,createsim-structure-026650774,Job,createsim,running,971,,gpu-static
2982,createsim-structure-026650774-lj2gh,Pod,createsim,pulled-timestamp,1742030263.0,633731392008.dkr.ecr.us-east-1.amazonaws.com/mini-mummi:createsims-gpu,gpu-static
2983,createsim-structure-026650774-lj2gh,Pod,createsim,pulling-timestamp,1742030120.0,633731392008.dkr.ecr.us-east-1.amazonaws.com/mini-mummi:createsims-gpu,gpu-static
2984,createsim-structure-026650774-lj2gh,Pod,createsim,scheduled-timestamp,1742030119.705631,633731392008.dkr.ecr.us-east-1.amazonaws.com/mini-mummi:createsims-gpu,gpu-static
2985,createsim-structure-026650774-lj2gh,Pod,createsim,created-timestamp,1742030264.0,633731392008.dkr.ecr.us-east-1.amazonaws.com/mini-mummi:createsims-gpu,gpu-static
2986,createsim-structure-026650774-lj2gh,Pod,createsim,created,1,633731392008.dkr.ecr.us-east-1.amazonaws.com/mini-mummi:createsims-gpu,gpu-static
2987,createsim-structure-026650774-lj2gh,Pod,createsim,started-timestamp,1742030266.0,633731392008.dkr.ecr.us-east-1.amazonaws.com/mini-mummi:createsims-gpu,gpu-static
2988,createsim-structure-026650774-lj2gh,Pod,createsim,started,2,633731392008.dkr.ecr.us-east-1.amazonaws.com/mini-mummi:createsims-gpu,gpu-static
2989,createsim-structure-026650774-lj2gh,Pod,createsim,pulled,143.73581861,633731392008.dkr.ecr.us-east-1.amazonaws.com/mini-mummi:createsims-gpu,gpu-static
2990,createsim-structure-055412757,Job,createsim,successfulcreate-timestamp,1742030131.0,,gpu-static
2991,createsim-structure-055412757,Job,createsim,completed-timestamp,1742031079.0,,gpu-static
2992,createsim-structure-055412757,Job,createsim,running,948,,gpu-static
2993,createsim-structure-055412757-wpslw,Pod,createsim,pulled-timestamp,1742030262.0,633731392008.dkr.ecr.us-east-1.amazonaws.com/mini-mummi:createsims-gpu,gpu-static
2994,createsim-structure-055412757-wpslw,Pod,createsim,pulling-timestamp,1742030131.0,633731392008.dkr.ecr.us-east-1.amazonaws.com/mini-mummi:createsims-gpu,gpu-static
2995,createsim-structure-055412757-wpslw,Pod,createsim,scheduled-timestamp,1742030131.482735,633731392008.dkr.ecr.us-east-1.amazonaws.com/mini-mummi:createsims-gpu,gpu-static
2996,createsim-structure-055412757-wpslw,Pod,createsim,created-timestamp,1742030262.0,633731392008.dkr.ecr.us-east-1.amazonaws.com/mini-mummi:createsims-gpu,gpu-static
2997,createsim-structure-055412757-wpslw,Pod,createsim,created,0,633731392008.dkr.ecr.us-east-1.amazonaws.com/mini-mummi:createsims-gpu,gpu-static
2998,createsim-structure-055412757-wpslw,Pod,createsim,started-timestamp,1742030263.0,633731392008.dkr.ecr.us-east-1.amazonaws.com/mini-mummi:createsims-gpu,gpu-static
2999,createsim-structure-055412757-wpslw,Pod,createsim,started,1,633731392008.dkr.ecr.us-east-1.amazonaws.com/mini-mummi:createsims-gpu,gpu-static
3000,createsim-structure-055412757-wpslw,Pod,createsim,pulled,130.430776817,633731392008.dkr.ecr.us-east-1.amazonaws.com/mini-mummi:createsims-gpu,gpu-static
3001,createsim-structure-034991391,Job,createsim,successfulcreate-timestamp,1742030132.0,,gpu-static
3002,createsim-structure-034991391,Job,createsim,completed-timestamp,1742031077.0,,gpu-static
3003,createsim-structure-034991391,Job,createsim,running,945,,gpu-static
3004,createsim-structure-034991391-qfxqs,Pod,createsim,pulled-timestamp,1742030263.0,633731392008.dkr.ecr.us-east-1.amazonaws.com/mini-mummi:createsims-gpu,gpu-static
3005,createsim-structure-034991391-qfxqs,Pod,createsim,pulling-timestamp,1742030132.0,633731392008.dkr.ecr.us-east-1.amazonaws.com/mini-mummi:createsims-gpu,gpu-static
3006,createsim-structure-034991391-qfxqs,Pod,createsim,scheduled-timestamp,1742030132.072643,633731392008.dkr.ecr.us-east-1.amazonaws.com/mini-mummi:createsims-gpu,gpu-static
3007,createsim-structure-034991391-qfxqs,Pod,createsim,created-timestamp,1742030264.0,633731392008.dkr.ecr.us-east-1.amazonaws.com/mini-mummi:createsims-gpu,gpu-static
3008,createsim-structure-034991391-qfxqs,Pod,createsim,created,1,633731392008.dkr.ecr.us-east-1.amazonaws.com/mini-mummi:createsims-gpu,gpu-static
3009,createsim-structure-034991391-qfxqs,Pod,createsim,started-timestamp,1742030266.0,633731392008.dkr.ecr.us-east-1.amazonaws.com/mini-mummi:createsims-gpu,gpu-static
3010,createsim-structure-034991391-qfxqs,Pod,createsim,started,2,633731392008.dkr.ecr.us-east-1.amazonaws.com/mini-mummi:createsims-gpu,gpu-static
3011,createsim-structure-034991391-qfxqs,Pod,createsim,pulled,131.203651619,633731392008.dkr.ecr.us-east-1.amazonaws.com/mini-mummi:createsims-gpu,gpu-static
3012,createsim-structure-014439553,Job,createsim,successfulcreate-timestamp,1742030132.0,,gpu-static
3013,createsim-structure-014439553,Job,createsim,completed-timestamp,1742031060.0,,gpu-static
3014,createsim-structure-014439553,Job,createsim,running,928,,gpu-static
3015,createsim-structure-014439553-s4bnm,Pod,createsim,pulled-timestamp,1742030264.0,633731392008.dkr.ecr.us-east-1.amazonaws.com/mini-mummi:createsims-gpu,gpu-static
3016,createsim-structure-014439553-s4bnm,Pod,createsim,pulling-timestamp,1742030132.0,633731392008.dkr.ecr.us-east-1.amazonaws.com/mini-mummi:createsims-gpu,gpu-static
3017,createsim-structure-014439553-s4bnm,Pod,createsim,scheduled-timestamp,1742030132.261131,633731392008.dkr.ecr.us-east-1.amazonaws.com/mini-mummi:createsims-gpu,gpu-static
3018,createsim-structure-014439553-s4bnm,Pod,createsim,created-timestamp,1742030264.0,633731392008.dkr.ecr.us-east-1.amazonaws.com/mini-mummi:createsims-gpu,gpu-static
3019,createsim-structure-014439553-s4bnm,Pod,createsim,created,0,633731392008.dkr.ecr.us-east-1.amazonaws.com/mini-mummi:createsims-gpu,gpu-static
3020,createsim-structure-014439553-s4bnm,Pod,createsim,started-timestamp,1742030267.0,633731392008.dkr.ecr.us-east-1.amazonaws.com/mini-mummi:createsims-gpu,gpu-static
3021,createsim-structure-014439553-s4bnm,Pod,createsim,started,3,633731392008.dkr.ecr.us-east-1.amazonaws.com/mini-mummi:createsims-gpu,gpu-static
3022,createsim-structure-014439553-s4bnm,Pod,createsim,pulled,131.755135812,633731392008.dkr.ecr.us-east-1.amazonaws.com/mini-mummi:createsims-gpu,gpu-static
3023,cganalysis-structure-014439553,Job,cganalysis,successfulcreate-timestamp,1742031060.0,,gpu-static
3024,cganalysis-structure-014439553,Job,cganalysis,completed-timestamp,1742033027.0,,gpu-static
3025,cganalysis-structure-014439553,Job,cganalysis,running,1967,,gpu-static
3026,cganalysis-structure-014439553-bq44k,Pod,cganalysis,pulled-timestamp,1742031237.0,633731392008.dkr.ecr.us-east-1.amazonaws.com/mini-mummi:cganalysis-gpu,gpu-static
3027,cganalysis-structure-014439553-bq44k,Pod,cganalysis,pulling-timestamp,1742031060.0,633731392008.dkr.ecr.us-east-1.amazonaws.com/mini-mummi:cganalysis-gpu,gpu-static
3028,cganalysis-structure-014439553-bq44k,Pod,cganalysis,scheduled-timestamp,1742031060.332338,633731392008.dkr.ecr.us-east-1.amazonaws.com/mini-mummi:cganalysis-gpu,gpu-static
3029,cganalysis-structure-014439553-bq44k,Pod,cganalysis,created-timestamp,1742031237.0,633731392008.dkr.ecr.us-east-1.amazonaws.com/mini-mummi:cganalysis-gpu,gpu-static
3030,cganalysis-structure-014439553-bq44k,Pod,cganalysis,created,0,633731392008.dkr.ecr.us-east-1.amazonaws.com/mini-mummi:cganalysis-gpu,gpu-static
3031,cganalysis-structure-014439553-bq44k,Pod,cganalysis,started-timestamp,1742031239.0,633731392008.dkr.ecr.us-east-1.amazonaws.com/mini-mummi:cganalysis-gpu,gpu-static
3032,cganalysis-structure-014439553-bq44k,Pod,cganalysis,started,2,633731392008.dkr.ecr.us-east-1.amazonaws.com/mini-mummi:cganalysis-gpu,gpu-static
3033,cganalysis-structure-014439553-bq44k,Pod,cganalysis,pulled,176.18006247099999,633731392008.dkr.ecr.us-east-1.amazonaws.com/mini-mummi:cganalysis-gpu,gpu-static
3034,cganalysis-structure-021843090,Job,cganalysis,successfulcreate-timestamp,1742031062.0,,gpu-static
3035,cganalysis-structure-021843090,Job,cganalysis,completed-timestamp,1742033029.0,,gpu-static
3036,cganalysis-structure-021843090,Job,cganalysis,running,1967,,gpu-static
3037,cganalysis-structure-021843090-8d9ls,Pod,cganalysis,pulled-timestamp,1742031236.0,633731392008.dkr.ecr.us-east-1.amazonaws.com/mini-mummi:cganalysis-gpu,gpu-static
3038,cganalysis-structure-021843090-8d9ls,Pod,cganalysis,pulling-timestamp,1742031063.0,633731392008.dkr.ecr.us-east-1.amazonaws.com/mini-mummi:cganalysis-gpu,gpu-static
3039,cganalysis-structure-021843090-8d9ls,Pod,cganalysis,scheduled-timestamp,1742031062.656059,633731392008.dkr.ecr.us-east-1.amazonaws.com/mini-mummi:cganalysis-gpu,gpu-static
3040,cganalysis-structure-021843090-8d9ls,Pod,cganalysis,created-timestamp,1742031236.0,633731392008.dkr.ecr.us-east-1.amazonaws.com/mini-mummi:cganalysis-gpu,gpu-static
3041,cganalysis-structure-021843090-8d9ls,Pod,cganalysis,created,0,633731392008.dkr.ecr.us-east-1.amazonaws.com/mini-mummi:cganalysis-gpu,gpu-static
3042,cganalysis-structure-021843090-8d9ls,Pod,cganalysis,started-timestamp,1742031240.0,633731392008.dkr.ecr.us-east-1.amazonaws.com/mini-mummi:cganalysis-gpu,gpu-static
3043,cganalysis-structure-021843090-8d9ls,Pod,cganalysis,started,4,633731392008.dkr.ecr.us-east-1.amazonaws.com/mini-mummi:cganalysis-gpu,gpu-static
3044,cganalysis-structure-021843090-8d9ls,Pod,cganalysis,pulled,173.089729563,633731392008.dkr.ecr.us-east-1.amazonaws.com/mini-mummi:cganalysis-gpu,gpu-static
3045,cganalysis-structure-034991391,Job,cganalysis,successfulcreate-timestamp,1742031078.0,,gpu-static
3046,cganalysis-structure-034991391,Job,cganalysis,completed-timestamp,1742033024.0,,gpu-static
3047,cganalysis-structure-034991391,Job,cganalysis,running,1946,,gpu-static
3048,cganalysis-structure-034991391-r4bbg,Pod,cganalysis,pulled-timestamp,1742031231.0,633731392008.dkr.ecr.us-east-1.amazonaws.com/mini-mummi:cganalysis-gpu,gpu-static
3049,cganalysis-structure-034991391-r4bbg,Pod,cganalysis,pulling-timestamp,1742031078.0,633731392008.dkr.ecr.us-east-1.amazonaws.com/mini-mummi:cganalysis-gpu,gpu-static
3050,cganalysis-structure-034991391-r4bbg,Pod,cganalysis,scheduled-timestamp,1742031078.023186,633731392008.dkr.ecr.us-east-1.amazonaws.com/mini-mummi:cganalysis-gpu,gpu-static
3051,cganalysis-structure-034991391-r4bbg,Pod,cganalysis,created-timestamp,1742031232.0,633731392008.dkr.ecr.us-east-1.amazonaws.com/mini-mummi:cganalysis-gpu,gpu-static
3052,cganalysis-structure-034991391-r4bbg,Pod,cganalysis,created,1,633731392008.dkr.ecr.us-east-1.amazonaws.com/mini-mummi:cganalysis-gpu,gpu-static
3053,cganalysis-structure-034991391-r4bbg,Pod,cganalysis,started-timestamp,1742031236.0,633731392008.dkr.ecr.us-east-1.amazonaws.com/mini-mummi:cganalysis-gpu,gpu-static
3054,cganalysis-structure-034991391-r4bbg,Pod,cganalysis,started,4,633731392008.dkr.ecr.us-east-1.amazonaws.com/mini-mummi:cganalysis-gpu,gpu-static
3055,cganalysis-structure-034991391-r4bbg,Pod,cganalysis,pulled,153.120006589,633731392008.dkr.ecr.us-east-1.amazonaws.com/mini-mummi:cganalysis-gpu,gpu-static
3056,cganalysis-structure-055412757,Job,cganalysis,successfulcreate-timestamp,1742031080.0,,gpu-static
3057,cganalysis-structure-055412757,Job,cganalysis,completed-timestamp,1742033022.0,,gpu-static
3058,cganalysis-structure-055412757,Job,cganalysis,running,1942,,gpu-static
3059,cganalysis-structure-055412757-dhntc,Pod,cganalysis,pulled-timestamp,1742031233.0,633731392008.dkr.ecr.us-east-1.amazonaws.com/mini-mummi:cganalysis-gpu,gpu-static
3060,cganalysis-structure-055412757-dhntc,Pod,cganalysis,pulling-timestamp,1742031080.0,633731392008.dkr.ecr.us-east-1.amazonaws.com/mini-mummi:cganalysis-gpu,gpu-static
3061,cganalysis-structure-055412757-dhntc,Pod,cganalysis,scheduled-timestamp,1742031080.060294,633731392008.dkr.ecr.us-east-1.amazonaws.com/mini-mummi:cganalysis-gpu,gpu-static
3062,cganalysis-structure-055412757-dhntc,Pod,cganalysis,created-timestamp,1742031233.0,633731392008.dkr.ecr.us-east-1.amazonaws.com/mini-mummi:cganalysis-gpu,gpu-static
3063,cganalysis-structure-055412757-dhntc,Pod,cganalysis,created,0,633731392008.dkr.ecr.us-east-1.amazonaws.com/mini-mummi:cganalysis-gpu,gpu-static
3064,cganalysis-structure-055412757-dhntc,Pod,cganalysis,started-timestamp,1742031234.0,633731392008.dkr.ecr.us-east-1.amazonaws.com/mini-mummi:cganalysis-gpu,gpu-static
3065,cganalysis-structure-055412757-dhntc,Pod,cganalysis,started,1,633731392008.dkr.ecr.us-east-1.amazonaws.com/mini-mummi:cganalysis-gpu,gpu-static
3066,cganalysis-structure-055412757-dhntc,Pod,cganalysis,pulled,152.877450277,633731392008.dkr.ecr.us-east-1.amazonaws.com/mini-mummi:cganalysis-gpu,gpu-static
3067,cganalysis-structure-026650774,Job,cganalysis,successfulcreate-timestamp,1742031090.0,,gpu-static
3068,cganalysis-structure-026650774,Job,cganalysis,completed-timestamp,1742033029.0,,gpu-static
3069,cganalysis-structure-026650774,Job,cganalysis,running,1939,,gpu-static
3070,cganalysis-structure-026650774-8k6mt,Pod,cganalysis,pulled-timestamp,1742031240.0,633731392008.dkr.ecr.us-east-1.amazonaws.com/mini-mummi:cganalysis-gpu,gpu-static
3071,cganalysis-structure-026650774-8k6mt,Pod,cganalysis,pulling-timestamp,1742031091.0,633731392008.dkr.ecr.us-east-1.amazonaws.com/mini-mummi:cganalysis-gpu,gpu-static
3072,cganalysis-structure-026650774-8k6mt,Pod,cganalysis,scheduled-timestamp,1742031090.768498,633731392008.dkr.ecr.us-east-1.amazonaws.com/mini-mummi:cganalysis-gpu,gpu-static
3073,cganalysis-structure-026650774-8k6mt,Pod,cganalysis,created-timestamp,1742031240.0,633731392008.dkr.ecr.us-east-1.amazonaws.com/mini-mummi:cganalysis-gpu,gpu-static
3074,cganalysis-structure-026650774-8k6mt,Pod,cganalysis,created,0,633731392008.dkr.ecr.us-east-1.amazonaws.com/mini-mummi:cganalysis-gpu,gpu-static
3075,cganalysis-structure-026650774-8k6mt,Pod,cganalysis,started-timestamp,1742031241.0,633731392008.dkr.ecr.us-east-1.amazonaws.com/mini-mummi:cganalysis-gpu,gpu-static
3076,cganalysis-structure-026650774-8k6mt,Pod,cganalysis,started,1,633731392008.dkr.ecr.us-east-1.amazonaws.com/mini-mummi:cganalysis-gpu,gpu-static
3077,cganalysis-structure-026650774-8k6mt,Pod,cganalysis,pulled,148.714901072,633731392008.dkr.ecr.us-east-1.amazonaws.com/mini-mummi:cganalysis-gpu,gpu-static
3078,mlrunner-structure-074525896,Job,mlrunner,successfulcreate-timestamp,1742031703.0,,gpu-static
3079,mlrunner-structure-074525896,Job,mlrunner,completed-timestamp,1742031749.0,,gpu-static
3080,mlrunner-structure-074525896,Job,mlrunner,running,46,,gpu-static
3081,createsim-structure-074525896,Job,createsim,successfulcreate-timestamp,1742031749.0,,gpu-static
3082,createsim-structure-074525896,Job,createsim,completed-timestamp,1742032536.0,,gpu-static
3083,createsim-structure-074525896,Job,createsim,running,787,,gpu-static
3084,cganalysis-structure-074525896,Job,cganalysis,successfulcreate-timestamp,1742032536.0,,gpu-static
3085,cganalysis-structure-074525896,Job,cganalysis,completed-timestamp,1742034497.0,,gpu-static
3086,cganalysis-structure-074525896,Job,cganalysis,running,1961,,gpu-static
3087,cganalysis-structure-074525896-5jdpr,Pod,cganalysis,pulled-timestamp,1742032705.0,633731392008.dkr.ecr.us-east-1.amazonaws.com/mini-mummi:cganalysis-gpu,gpu-static
3088,cganalysis-structure-074525896-5jdpr,Pod,cganalysis,pulling-timestamp,1742032537.0,633731392008.dkr.ecr.us-east-1.amazonaws.com/mini-mummi:cganalysis-gpu,gpu-static
3089,cganalysis-structure-074525896-5jdpr,Pod,cganalysis,scheduled-timestamp,1742032536.801623,633731392008.dkr.ecr.us-east-1.amazonaws.com/mini-mummi:cganalysis-gpu,gpu-static
3090,cganalysis-structure-074525896-5jdpr,Pod,cganalysis,created-timestamp,1742032706.0,633731392008.dkr.ecr.us-east-1.amazonaws.com/mini-mummi:cganalysis-gpu,gpu-static
3091,cganalysis-structure-074525896-5jdpr,Pod,cganalysis,created,1,633731392008.dkr.ecr.us-east-1.amazonaws.com/mini-mummi:cganalysis-gpu,gpu-static
3092,cganalysis-structure-074525896-5jdpr,Pod,cganalysis,started-timestamp,1742032709.0,633731392008.dkr.ecr.us-east-1.amazonaws.com/mini-mummi:cganalysis-gpu,gpu-static
3093,cganalysis-structure-074525896-5jdpr,Pod,cganalysis,started,3,633731392008.dkr.ecr.us-east-1.amazonaws.com/mini-mummi:cganalysis-gpu,gpu-static
3094,cganalysis-structure-074525896-5jdpr,Pod,cganalysis,pulled,168.608563811,633731392008.dkr.ecr.us-east-1.amazonaws.com/mini-mummi:cganalysis-gpu,gpu-static
3095,mlrunner-structure-014302475,Job,mlrunner,successfulcreate-timestamp,1742033023.0,,gpu-static
3096,mlrunner-structure-014302475,Job,mlrunner,completed-timestamp,1742033070.0,,gpu-static
3097,mlrunner-structure-014302475,Job,mlrunner,running,47,,gpu-static
3098,mlrunner-structure-011530387,Job,mlrunner,successfulcreate-timestamp,1742033025.0,,gpu-static
3099,mlrunner-structure-011530387,Job,mlrunner,completed-timestamp,1742033074.0,,gpu-static
3100,mlrunner-structure-011530387,Job,mlrunner,running,49,,gpu-static
3101,mlrunner-structure-003855334,Job,mlrunner,successfulcreate-timestamp,1742033027.0,,gpu-static
3102,mlrunner-structure-003855334,Job,mlrunner,completed-timestamp,1742033074.0,,gpu-static
3103,mlrunner-structure-003855334,Job,mlrunner,running,47,,gpu-static
3104,mlrunner-structure-073025207,Job,mlrunner,successfulcreate-timestamp,1742033029.0,,gpu-static
3105,mlrunner-structure-073025207,Job,mlrunner,completed-timestamp,1742033078.0,,gpu-static
3106,mlrunner-structure-073025207,Job,mlrunner,running,49,,gpu-static
3107,createsim-structure-014302475,Job,createsim,successfulcreate-timestamp,1742033071.0,,gpu-static
3108,createsim-structure-014302475,Job,createsim,completed-timestamp,1742033867.0,,gpu-static
3109,createsim-structure-014302475,Job,createsim,running,796,,gpu-static
3110,createsim-structure-011530387,Job,createsim,successfulcreate-timestamp,1742033074.0,,gpu-static
3111,createsim-structure-011530387,Job,createsim,completed-timestamp,1742033889.0,,gpu-static
3112,createsim-structure-011530387,Job,createsim,running,815,,gpu-static
3113,createsim-structure-003855334,Job,createsim,successfulcreate-timestamp,1742033074.0,,gpu-static
3114,createsim-structure-003855334,Job,createsim,completed-timestamp,1742033868.0,,gpu-static
3115,createsim-structure-003855334,Job,createsim,running,794,,gpu-static
3116,createsim-structure-073025207,Job,createsim,successfulcreate-timestamp,1742033079.0,,gpu-static
3117,createsim-structure-073025207,Job,createsim,completed-timestamp,1742033900.0,,gpu-static
3118,createsim-structure-073025207,Job,createsim,running,821,,gpu-static
3119,cganalysis-structure-014302475,Job,cganalysis,successfulcreate-timestamp,1742033867.0,,gpu-static
3120,cganalysis-structure-014302475,Job,cganalysis,completed-timestamp,1742035656.0,,gpu-static
3121,cganalysis-structure-014302475,Job,cganalysis,running,1789,,gpu-static
3122,cganalysis-structure-003855334,Job,cganalysis,successfulcreate-timestamp,1742033869.0,,gpu-static
3123,cganalysis-structure-003855334,Job,cganalysis,completed-timestamp,1742035658.0,,gpu-static
3124,cganalysis-structure-003855334,Job,cganalysis,running,1789,,gpu-static
3125,cganalysis-structure-011530387,Job,cganalysis,successfulcreate-timestamp,1742033889.0,,gpu-static
3126,cganalysis-structure-011530387,Job,cganalysis,completed-timestamp,1742035678.0,,gpu-static
3127,cganalysis-structure-011530387,Job,cganalysis,running,1789,,gpu-static
3128,cganalysis-structure-073025207,Job,cganalysis,successfulcreate-timestamp,1742033900.0,,gpu-static
3129,cganalysis-structure-073025207,Job,cganalysis,completed-timestamp,1742035689.0,,gpu-static
3130,cganalysis-structure-073025207,Job,cganalysis,running,1789,,gpu-static
3131,metrics-server-7794986bdb-8wkds,Pod,,scheduled-timestamp,1742035979.674381,,gpu-static
3132,aws-node-6lbq2,Pod,,pulled-timestamp,1742021006.0,602401143452.dkr.ecr.us-east-1.amazonaws.com/amazon/aws-network-policy-agent:v1.1.5-eksbuild.1,gpu-static
3133,aws-node-6lbq2,Pod,,pulling-timestamp,1742021005.0,602401143452.dkr.ecr.us-east-1.amazonaws.com/amazon/aws-network-policy-agent:v1.1.5-eksbuild.1,gpu-static
3134,aws-node-6lbq2,Pod,,scheduled-timestamp,1742020992.0,602401143452.dkr.ecr.us-east-1.amazonaws.com/amazon/aws-network-policy-agent:v1.1.5-eksbuild.1,gpu-static
3135,aws-node-6lbq2,Pod,,created-timestamp,1742021006.0,602401143452.dkr.ecr.us-east-1.amazonaws.com/amazon/aws-network-policy-agent:v1.1.5-eksbuild.1,gpu-static
3136,aws-node-6lbq2,Pod,,created,0,602401143452.dkr.ecr.us-east-1.amazonaws.com/amazon/aws-network-policy-agent:v1.1.5-eksbuild.1,gpu-static
3137,aws-node-6lbq2,Pod,,started-timestamp,1742021006.0,602401143452.dkr.ecr.us-east-1.amazonaws.com/amazon/aws-network-policy-agent:v1.1.5-eksbuild.1,gpu-static
3138,aws-node-6lbq2,Pod,,started,0,602401143452.dkr.ecr.us-east-1.amazonaws.com/amazon/aws-network-policy-agent:v1.1.5-eksbuild.1,gpu-static
3139,aws-node-6lbq2,Pod,,pulled,1.460418382,602401143452.dkr.ecr.us-east-1.amazonaws.com/amazon/aws-network-policy-agent:v1.1.5-eksbuild.1,gpu-static
3140,aws-node-fkvxs,Pod,,pulled-timestamp,1742021010.0,602401143452.dkr.ecr.us-east-1.amazonaws.com/amazon/aws-network-policy-agent:v1.1.5-eksbuild.1,gpu-static
3141,aws-node-fkvxs,Pod,,pulling-timestamp,1742021009.0,602401143452.dkr.ecr.us-east-1.amazonaws.com/amazon/aws-network-policy-agent:v1.1.5-eksbuild.1,gpu-static
3142,aws-node-fkvxs,Pod,,scheduled-timestamp,1742021000.0,602401143452.dkr.ecr.us-east-1.amazonaws.com/amazon/aws-network-policy-agent:v1.1.5-eksbuild.1,gpu-static
3143,aws-node-fkvxs,Pod,,created-timestamp,1742021010.0,602401143452.dkr.ecr.us-east-1.amazonaws.com/amazon/aws-network-policy-agent:v1.1.5-eksbuild.1,gpu-static
3144,aws-node-fkvxs,Pod,,created,0,602401143452.dkr.ecr.us-east-1.amazonaws.com/amazon/aws-network-policy-agent:v1.1.5-eksbuild.1,gpu-static
3145,aws-node-fkvxs,Pod,,started-timestamp,1742021010.0,602401143452.dkr.ecr.us-east-1.amazonaws.com/amazon/aws-network-policy-agent:v1.1.5-eksbuild.1,gpu-static
3146,aws-node-fkvxs,Pod,,started,0,602401143452.dkr.ecr.us-east-1.amazonaws.com/amazon/aws-network-policy-agent:v1.1.5-eksbuild.1,gpu-static
3147,aws-node-fkvxs,Pod,,pulled,1.602162595,602401143452.dkr.ecr.us-east-1.amazonaws.com/amazon/aws-network-policy-agent:v1.1.5-eksbuild.1,gpu-static
3148,aws-node-flmd9,Pod,,pulled-timestamp,1742020971.0,602401143452.dkr.ecr.us-east-1.amazonaws.com/amazon/aws-network-policy-agent:v1.1.5-eksbuild.1,gpu-static
3149,aws-node-flmd9,Pod,,pulling-timestamp,1742020970.0,602401143452.dkr.ecr.us-east-1.amazonaws.com/amazon/aws-network-policy-agent:v1.1.5-eksbuild.1,gpu-static
3150,aws-node-flmd9,Pod,,scheduled-timestamp,1742020958.0,602401143452.dkr.ecr.us-east-1.amazonaws.com/amazon/aws-network-policy-agent:v1.1.5-eksbuild.1,gpu-static
3151,aws-node-flmd9,Pod,,created-timestamp,1742020971.0,602401143452.dkr.ecr.us-east-1.amazonaws.com/amazon/aws-network-policy-agent:v1.1.5-eksbuild.1,gpu-static
3152,aws-node-flmd9,Pod,,created,0,602401143452.dkr.ecr.us-east-1.amazonaws.com/amazon/aws-network-policy-agent:v1.1.5-eksbuild.1,gpu-static
3153,aws-node-flmd9,Pod,,started-timestamp,1742020971.0,602401143452.dkr.ecr.us-east-1.amazonaws.com/amazon/aws-network-policy-agent:v1.1.5-eksbuild.1,gpu-static
3154,aws-node-flmd9,Pod,,started,0,602401143452.dkr.ecr.us-east-1.amazonaws.com/amazon/aws-network-policy-agent:v1.1.5-eksbuild.1,gpu-static
3155,aws-node-flmd9,Pod,,pulled,1.023372985,602401143452.dkr.ecr.us-east-1.amazonaws.com/amazon/aws-network-policy-agent:v1.1.5-eksbuild.1,gpu-static
3156,aws-node-s2hv5,Pod,,pulled-timestamp,1742021018.0,602401143452.dkr.ecr.us-east-1.amazonaws.com/amazon/aws-network-policy-agent:v1.1.5-eksbuild.1,gpu-static
3157,aws-node-s2hv5,Pod,,pulling-timestamp,1742021016.0,602401143452.dkr.ecr.us-east-1.amazonaws.com/amazon/aws-network-policy-agent:v1.1.5-eksbuild.1,gpu-static
3158,aws-node-s2hv5,Pod,,scheduled-timestamp,1742020994.0,602401143452.dkr.ecr.us-east-1.amazonaws.com/amazon/aws-network-policy-agent:v1.1.5-eksbuild.1,gpu-static
3159,aws-node-s2hv5,Pod,,created-timestamp,1742021018.0,602401143452.dkr.ecr.us-east-1.amazonaws.com/amazon/aws-network-policy-agent:v1.1.5-eksbuild.1,gpu-static
3160,aws-node-s2hv5,Pod,,created,0,602401143452.dkr.ecr.us-east-1.amazonaws.com/amazon/aws-network-policy-agent:v1.1.5-eksbuild.1,gpu-static
3161,aws-node-s2hv5,Pod,,started-timestamp,1742021018.0,602401143452.dkr.ecr.us-east-1.amazonaws.com/amazon/aws-network-policy-agent:v1.1.5-eksbuild.1,gpu-static
3162,aws-node-s2hv5,Pod,,started,0,602401143452.dkr.ecr.us-east-1.amazonaws.com/amazon/aws-network-policy-agent:v1.1.5-eksbuild.1,gpu-static
3163,aws-node-s2hv5,Pod,,pulled,1.472164755,602401143452.dkr.ecr.us-east-1.amazonaws.com/amazon/aws-network-policy-agent:v1.1.5-eksbuild.1,gpu-static
3164,aws-node-tkx4t,Pod,,pulled-timestamp,1742021006.0,602401143452.dkr.ecr.us-east-1.amazonaws.com/amazon/aws-network-policy-agent:v1.1.5-eksbuild.1,gpu-static
3165,aws-node-tkx4t,Pod,,pulling-timestamp,1742021004.0,602401143452.dkr.ecr.us-east-1.amazonaws.com/amazon/aws-network-policy-agent:v1.1.5-eksbuild.1,gpu-static
3166,aws-node-tkx4t,Pod,,scheduled-timestamp,1742020992.0,602401143452.dkr.ecr.us-east-1.amazonaws.com/amazon/aws-network-policy-agent:v1.1.5-eksbuild.1,gpu-static
3167,aws-node-tkx4t,Pod,,created-timestamp,1742021006.0,602401143452.dkr.ecr.us-east-1.amazonaws.com/amazon/aws-network-policy-agent:v1.1.5-eksbuild.1,gpu-static
3168,aws-node-tkx4t,Pod,,created,0,602401143452.dkr.ecr.us-east-1.amazonaws.com/amazon/aws-network-policy-agent:v1.1.5-eksbuild.1,gpu-static
3169,aws-node-tkx4t,Pod,,started-timestamp,1742021006.0,602401143452.dkr.ecr.us-east-1.amazonaws.com/amazon/aws-network-policy-agent:v1.1.5-eksbuild.1,gpu-static
3170,aws-node-tkx4t,Pod,,started,0,602401143452.dkr.ecr.us-east-1.amazonaws.com/amazon/aws-network-policy-agent:v1.1.5-eksbuild.1,gpu-static
3171,aws-node-tkx4t,Pod,,pulled,1.533429149,602401143452.dkr.ecr.us-east-1.amazonaws.com/amazon/aws-network-policy-agent:v1.1.5-eksbuild.1,gpu-static
3172,aws-node-wt242,Pod,,pulled-timestamp,1742021010.0,602401143452.dkr.ecr.us-east-1.amazonaws.com/amazon/aws-network-policy-agent:v1.1.5-eksbuild.1,gpu-static
3173,aws-node-wt242,Pod,,pulling-timestamp,1742021008.0,602401143452.dkr.ecr.us-east-1.amazonaws.com/amazon/aws-network-policy-agent:v1.1.5-eksbuild.1,gpu-static
3174,aws-node-wt242,Pod,,scheduled-timestamp,1742020999.0,602401143452.dkr.ecr.us-east-1.amazonaws.com/amazon/aws-network-policy-agent:v1.1.5-eksbuild.1,gpu-static
3175,aws-node-wt242,Pod,,created-timestamp,1742021010.0,602401143452.dkr.ecr.us-east-1.amazonaws.com/amazon/aws-network-policy-agent:v1.1.5-eksbuild.1,gpu-static
3176,aws-node-wt242,Pod,,created,0,602401143452.dkr.ecr.us-east-1.amazonaws.com/amazon/aws-network-policy-agent:v1.1.5-eksbuild.1,gpu-static
3177,aws-node-wt242,Pod,,started-timestamp,1742021010.0,602401143452.dkr.ecr.us-east-1.amazonaws.com/amazon/aws-network-policy-agent:v1.1.5-eksbuild.1,gpu-static
3178,aws-node-wt242,Pod,,started,0,602401143452.dkr.ecr.us-east-1.amazonaws.com/amazon/aws-network-policy-agent:v1.1.5-eksbuild.1,gpu-static
3179,aws-node-wt242,Pod,,pulled,1.468228929,602401143452.dkr.ecr.us-east-1.amazonaws.com/amazon/aws-network-policy-agent:v1.1.5-eksbuild.1,gpu-static
3180,aws-node-zb4vb,Pod,,pulled-timestamp,1742021007.0,602401143452.dkr.ecr.us-east-1.amazonaws.com/amazon/aws-network-policy-agent:v1.1.5-eksbuild.1,gpu-static
3181,aws-node-zb4vb,Pod,,pulling-timestamp,1742021006.0,602401143452.dkr.ecr.us-east-1.amazonaws.com/amazon/aws-network-policy-agent:v1.1.5-eksbuild.1,gpu-static
3182,aws-node-zb4vb,Pod,,scheduled-timestamp,1742020993.0,602401143452.dkr.ecr.us-east-1.amazonaws.com/amazon/aws-network-policy-agent:v1.1.5-eksbuild.1,gpu-static
3183,aws-node-zb4vb,Pod,,created-timestamp,1742021007.0,602401143452.dkr.ecr.us-east-1.amazonaws.com/amazon/aws-network-policy-agent:v1.1.5-eksbuild.1,gpu-static
3184,aws-node-zb4vb,Pod,,created,0,602401143452.dkr.ecr.us-east-1.amazonaws.com/amazon/aws-network-policy-agent:v1.1.5-eksbuild.1,gpu-static
3185,aws-node-zb4vb,Pod,,started-timestamp,1742021007.0,602401143452.dkr.ecr.us-east-1.amazonaws.com/amazon/aws-network-policy-agent:v1.1.5-eksbuild.1,gpu-static
3186,aws-node-zb4vb,Pod,,started,0,602401143452.dkr.ecr.us-east-1.amazonaws.com/amazon/aws-network-policy-agent:v1.1.5-eksbuild.1,gpu-static
3187,aws-node-zb4vb,Pod,,pulled,1.490331238,602401143452.dkr.ecr.us-east-1.amazonaws.com/amazon/aws-network-policy-agent:v1.1.5-eksbuild.1,gpu-static
3188,coredns-d9b6d6c7d-g57lh,Pod,,pulled-timestamp,1742020973.0,602401143452.dkr.ecr.us-east-1.amazonaws.com/eks/coredns:v1.10.1-eksbuild.4,gpu-static
3189,coredns-d9b6d6c7d-g57lh,Pod,,pulling-timestamp,1742020973.0,602401143452.dkr.ecr.us-east-1.amazonaws.com/eks/coredns:v1.10.1-eksbuild.4,gpu-static
3190,coredns-d9b6d6c7d-g57lh,Pod,,scheduled-timestamp,1742020972.0,602401143452.dkr.ecr.us-east-1.amazonaws.com/eks/coredns:v1.10.1-eksbuild.4,gpu-static
3191,coredns-d9b6d6c7d-g57lh,Pod,,created-timestamp,1742020973.0,602401143452.dkr.ecr.us-east-1.amazonaws.com/eks/coredns:v1.10.1-eksbuild.4,gpu-static
3192,coredns-d9b6d6c7d-g57lh,Pod,,created,0,602401143452.dkr.ecr.us-east-1.amazonaws.com/eks/coredns:v1.10.1-eksbuild.4,gpu-static
3193,coredns-d9b6d6c7d-g57lh,Pod,,started-timestamp,1742020974.0,602401143452.dkr.ecr.us-east-1.amazonaws.com/eks/coredns:v1.10.1-eksbuild.4,gpu-static
3194,coredns-d9b6d6c7d-g57lh,Pod,,started,1,602401143452.dkr.ecr.us-east-1.amazonaws.com/eks/coredns:v1.10.1-eksbuild.4,gpu-static
3195,coredns-d9b6d6c7d-g57lh,Pod,,pulled,0.82358935,602401143452.dkr.ecr.us-east-1.amazonaws.com/eks/coredns:v1.10.1-eksbuild.4,gpu-static
3196,coredns-d9b6d6c7d-rng8b,Pod,,pulled-timestamp,1742020973.0,602401143452.dkr.ecr.us-east-1.amazonaws.com/eks/coredns:v1.10.1-eksbuild.4,gpu-static
3197,coredns-d9b6d6c7d-rng8b,Pod,,pulling-timestamp,1742020973.0,602401143452.dkr.ecr.us-east-1.amazonaws.com/eks/coredns:v1.10.1-eksbuild.4,gpu-static
3198,coredns-d9b6d6c7d-rng8b,Pod,,scheduled-timestamp,1742020972.0,602401143452.dkr.ecr.us-east-1.amazonaws.com/eks/coredns:v1.10.1-eksbuild.4,gpu-static
3199,coredns-d9b6d6c7d-rng8b,Pod,,created-timestamp,1742020973.0,602401143452.dkr.ecr.us-east-1.amazonaws.com/eks/coredns:v1.10.1-eksbuild.4,gpu-static
3200,coredns-d9b6d6c7d-rng8b,Pod,,created,0,602401143452.dkr.ecr.us-east-1.amazonaws.com/eks/coredns:v1.10.1-eksbuild.4,gpu-static
3201,coredns-d9b6d6c7d-rng8b,Pod,,started-timestamp,1742020974.0,602401143452.dkr.ecr.us-east-1.amazonaws.com/eks/coredns:v1.10.1-eksbuild.4,gpu-static
3202,coredns-d9b6d6c7d-rng8b,Pod,,started,1,602401143452.dkr.ecr.us-east-1.amazonaws.com/eks/coredns:v1.10.1-eksbuild.4,gpu-static
3203,coredns-d9b6d6c7d-rng8b,Pod,,pulled,0.822235571,602401143452.dkr.ecr.us-east-1.amazonaws.com/eks/coredns:v1.10.1-eksbuild.4,gpu-static
3204,metrics-server-7794986bdb-8cmgl,Pod,,pulled-timestamp,1742020974.0,602401143452.dkr.ecr.us-east-1.amazonaws.com/eks/metrics-server:v0.7.2-eksbuild.2,gpu-static
3205,metrics-server-7794986bdb-8cmgl,Pod,,pulling-timestamp,1742020973.0,602401143452.dkr.ecr.us-east-1.amazonaws.com/eks/metrics-server:v0.7.2-eksbuild.2,gpu-static
3206,metrics-server-7794986bdb-8cmgl,Pod,,scheduled-timestamp,1742020972.0,602401143452.dkr.ecr.us-east-1.amazonaws.com/eks/metrics-server:v0.7.2-eksbuild.2,gpu-static
3207,metrics-server-7794986bdb-8cmgl,Pod,,created-timestamp,1742020974.0,602401143452.dkr.ecr.us-east-1.amazonaws.com/eks/metrics-server:v0.7.2-eksbuild.2,gpu-static
3208,metrics-server-7794986bdb-8cmgl,Pod,,created,0,602401143452.dkr.ecr.us-east-1.amazonaws.com/eks/metrics-server:v0.7.2-eksbuild.2,gpu-static
3209,metrics-server-7794986bdb-8cmgl,Pod,,started-timestamp,1742020974.0,602401143452.dkr.ecr.us-east-1.amazonaws.com/eks/metrics-server:v0.7.2-eksbuild.2,gpu-static
3210,metrics-server-7794986bdb-8cmgl,Pod,,started,0,602401143452.dkr.ecr.us-east-1.amazonaws.com/eks/metrics-server:v0.7.2-eksbuild.2,gpu-static
3211,metrics-server-7794986bdb-8cmgl,Pod,,pulled,1.205482839,602401143452.dkr.ecr.us-east-1.amazonaws.com/eks/metrics-server:v0.7.2-eksbuild.2,gpu-static
3212,metrics-server-7794986bdb-jx7bt,Pod,,pulled-timestamp,1742020974.0,602401143452.dkr.ecr.us-east-1.amazonaws.com/eks/metrics-server:v0.7.2-eksbuild.2,gpu-static
3213,metrics-server-7794986bdb-jx7bt,Pod,,pulling-timestamp,1742020973.0,602401143452.dkr.ecr.us-east-1.amazonaws.com/eks/metrics-server:v0.7.2-eksbuild.2,gpu-static
3214,metrics-server-7794986bdb-jx7bt,Pod,,scheduled-timestamp,1742020972.0,602401143452.dkr.ecr.us-east-1.amazonaws.com/eks/metrics-server:v0.7.2-eksbuild.2,gpu-static
3215,metrics-server-7794986bdb-jx7bt,Pod,,created-timestamp,1742020974.0,602401143452.dkr.ecr.us-east-1.amazonaws.com/eks/metrics-server:v0.7.2-eksbuild.2,gpu-static
3216,metrics-server-7794986bdb-jx7bt,Pod,,created,0,602401143452.dkr.ecr.us-east-1.amazonaws.com/eks/metrics-server:v0.7.2-eksbuild.2,gpu-static
3217,metrics-server-7794986bdb-jx7bt,Pod,,started-timestamp,1742020974.0,602401143452.dkr.ecr.us-east-1.amazonaws.com/eks/metrics-server:v0.7.2-eksbuild.2,gpu-static
3218,metrics-server-7794986bdb-jx7bt,Pod,,started,0,602401143452.dkr.ecr.us-east-1.amazonaws.com/eks/metrics-server:v0.7.2-eksbuild.2,gpu-static
3219,metrics-server-7794986bdb-jx7bt,Pod,,pulled,1.205346198,602401143452.dkr.ecr.us-east-1.amazonaws.com/eks/metrics-server:v0.7.2-eksbuild.2,gpu-static
3220,nvidia-device-plugin-daemonset-7jgl7,Pod,,pulled-timestamp,1742021102.0,nvcr.io/nvidia/k8s-device-plugin:v0.17.0,gpu-static
3221,nvidia-device-plugin-daemonset-7jgl7,Pod,,pulling-timestamp,1742021094.0,nvcr.io/nvidia/k8s-device-plugin:v0.17.0,gpu-static
3222,nvidia-device-plugin-daemonset-7jgl7,Pod,,scheduled-timestamp,1742021093.0,nvcr.io/nvidia/k8s-device-plugin:v0.17.0,gpu-static
3223,nvidia-device-plugin-daemonset-7jgl7,Pod,,created-timestamp,1742021102.0,nvcr.io/nvidia/k8s-device-plugin:v0.17.0,gpu-static
3224,nvidia-device-plugin-daemonset-7jgl7,Pod,,created,0,nvcr.io/nvidia/k8s-device-plugin:v0.17.0,gpu-static
3225,nvidia-device-plugin-daemonset-7jgl7,Pod,,started-timestamp,1742021102.0,nvcr.io/nvidia/k8s-device-plugin:v0.17.0,gpu-static
3226,nvidia-device-plugin-daemonset-7jgl7,Pod,,started,0,nvcr.io/nvidia/k8s-device-plugin:v0.17.0,gpu-static
3227,nvidia-device-plugin-daemonset-7jgl7,Pod,,pulled,8.168424559,nvcr.io/nvidia/k8s-device-plugin:v0.17.0,gpu-static
3228,nvidia-device-plugin-daemonset-8w85f,Pod,,pulled-timestamp,1742021098.0,nvcr.io/nvidia/k8s-device-plugin:v0.17.0,gpu-static
3229,nvidia-device-plugin-daemonset-8w85f,Pod,,pulling-timestamp,1742021093.0,nvcr.io/nvidia/k8s-device-plugin:v0.17.0,gpu-static
3230,nvidia-device-plugin-daemonset-8w85f,Pod,,scheduled-timestamp,1742021093.0,nvcr.io/nvidia/k8s-device-plugin:v0.17.0,gpu-static
3231,nvidia-device-plugin-daemonset-8w85f,Pod,,created-timestamp,1742021098.0,nvcr.io/nvidia/k8s-device-plugin:v0.17.0,gpu-static
3232,nvidia-device-plugin-daemonset-8w85f,Pod,,created,0,nvcr.io/nvidia/k8s-device-plugin:v0.17.0,gpu-static
3233,nvidia-device-plugin-daemonset-8w85f,Pod,,started-timestamp,1742021098.0,nvcr.io/nvidia/k8s-device-plugin:v0.17.0,gpu-static
3234,nvidia-device-plugin-daemonset-8w85f,Pod,,started,0,nvcr.io/nvidia/k8s-device-plugin:v0.17.0,gpu-static
3235,nvidia-device-plugin-daemonset-8w85f,Pod,,pulled,4.740940827,nvcr.io/nvidia/k8s-device-plugin:v0.17.0,gpu-static
3236,nvidia-device-plugin-daemonset-d7sj2,Pod,,pulled-timestamp,1742021103.0,nvcr.io/nvidia/k8s-device-plugin:v0.17.0,gpu-static
3237,nvidia-device-plugin-daemonset-d7sj2,Pod,,pulling-timestamp,1742021094.0,nvcr.io/nvidia/k8s-device-plugin:v0.17.0,gpu-static
3238,nvidia-device-plugin-daemonset-d7sj2,Pod,,scheduled-timestamp,1742021093.0,nvcr.io/nvidia/k8s-device-plugin:v0.17.0,gpu-static
3239,nvidia-device-plugin-daemonset-d7sj2,Pod,,created-timestamp,1742021103.0,nvcr.io/nvidia/k8s-device-plugin:v0.17.0,gpu-static
3240,nvidia-device-plugin-daemonset-d7sj2,Pod,,created,0,nvcr.io/nvidia/k8s-device-plugin:v0.17.0,gpu-static
3241,nvidia-device-plugin-daemonset-d7sj2,Pod,,started-timestamp,1742021105.0,nvcr.io/nvidia/k8s-device-plugin:v0.17.0,gpu-static
3242,nvidia-device-plugin-daemonset-d7sj2,Pod,,started,2,nvcr.io/nvidia/k8s-device-plugin:v0.17.0,gpu-static
3243,nvidia-device-plugin-daemonset-d7sj2,Pod,,pulled,9.641041242,nvcr.io/nvidia/k8s-device-plugin:v0.17.0,gpu-static
3244,nvidia-device-plugin-daemonset-fd2p8,Pod,,pulled-timestamp,1742021102.0,nvcr.io/nvidia/k8s-device-plugin:v0.17.0,gpu-static
3245,nvidia-device-plugin-daemonset-fd2p8,Pod,,pulling-timestamp,1742021094.0,nvcr.io/nvidia/k8s-device-plugin:v0.17.0,gpu-static
3246,nvidia-device-plugin-daemonset-fd2p8,Pod,,scheduled-timestamp,1742021093.0,nvcr.io/nvidia/k8s-device-plugin:v0.17.0,gpu-static
3247,nvidia-device-plugin-daemonset-fd2p8,Pod,,created-timestamp,1742021102.0,nvcr.io/nvidia/k8s-device-plugin:v0.17.0,gpu-static
3248,nvidia-device-plugin-daemonset-fd2p8,Pod,,created,0,nvcr.io/nvidia/k8s-device-plugin:v0.17.0,gpu-static
3249,nvidia-device-plugin-daemonset-fd2p8,Pod,,started-timestamp,1742021102.0,nvcr.io/nvidia/k8s-device-plugin:v0.17.0,gpu-static
3250,nvidia-device-plugin-daemonset-fd2p8,Pod,,started,0,nvcr.io/nvidia/k8s-device-plugin:v0.17.0,gpu-static
3251,nvidia-device-plugin-daemonset-fd2p8,Pod,,pulled,8.572860033,nvcr.io/nvidia/k8s-device-plugin:v0.17.0,gpu-static
3252,nvidia-device-plugin-daemonset-jvk2q,Pod,,pulled-timestamp,1742021102.0,nvcr.io/nvidia/k8s-device-plugin:v0.17.0,gpu-static
3253,nvidia-device-plugin-daemonset-jvk2q,Pod,,pulling-timestamp,1742021094.0,nvcr.io/nvidia/k8s-device-plugin:v0.17.0,gpu-static
3254,nvidia-device-plugin-daemonset-jvk2q,Pod,,scheduled-timestamp,1742021093.0,nvcr.io/nvidia/k8s-device-plugin:v0.17.0,gpu-static
3255,nvidia-device-plugin-daemonset-jvk2q,Pod,,created-timestamp,1742021102.0,nvcr.io/nvidia/k8s-device-plugin:v0.17.0,gpu-static
3256,nvidia-device-plugin-daemonset-jvk2q,Pod,,created,0,nvcr.io/nvidia/k8s-device-plugin:v0.17.0,gpu-static
3257,nvidia-device-plugin-daemonset-jvk2q,Pod,,started-timestamp,1742021103.0,nvcr.io/nvidia/k8s-device-plugin:v0.17.0,gpu-static
3258,nvidia-device-plugin-daemonset-jvk2q,Pod,,started,1,nvcr.io/nvidia/k8s-device-plugin:v0.17.0,gpu-static
3259,nvidia-device-plugin-daemonset-jvk2q,Pod,,pulled,8.872824458,nvcr.io/nvidia/k8s-device-plugin:v0.17.0,gpu-static
3260,nvidia-device-plugin-daemonset-kpx5t,Pod,,pulled-timestamp,1742021102.0,nvcr.io/nvidia/k8s-device-plugin:v0.17.0,gpu-static
3261,nvidia-device-plugin-daemonset-kpx5t,Pod,,pulling-timestamp,1742021094.0,nvcr.io/nvidia/k8s-device-plugin:v0.17.0,gpu-static
3262,nvidia-device-plugin-daemonset-kpx5t,Pod,,scheduled-timestamp,1742021093.0,nvcr.io/nvidia/k8s-device-plugin:v0.17.0,gpu-static
3263,nvidia-device-plugin-daemonset-kpx5t,Pod,,created-timestamp,1742021102.0,nvcr.io/nvidia/k8s-device-plugin:v0.17.0,gpu-static
3264,nvidia-device-plugin-daemonset-kpx5t,Pod,,created,0,nvcr.io/nvidia/k8s-device-plugin:v0.17.0,gpu-static
3265,nvidia-device-plugin-daemonset-kpx5t,Pod,,started-timestamp,1742021103.0,nvcr.io/nvidia/k8s-device-plugin:v0.17.0,gpu-static
3266,nvidia-device-plugin-daemonset-kpx5t,Pod,,started,1,nvcr.io/nvidia/k8s-device-plugin:v0.17.0,gpu-static
3267,nvidia-device-plugin-daemonset-kpx5t,Pod,,pulled,8.224389963,nvcr.io/nvidia/k8s-device-plugin:v0.17.0,gpu-static
3268,nvidia-device-plugin-daemonset-zc9mx,Pod,,pulled-timestamp,1742021102.0,nvcr.io/nvidia/k8s-device-plugin:v0.17.0,gpu-static
3269,nvidia-device-plugin-daemonset-zc9mx,Pod,,pulling-timestamp,1742021094.0,nvcr.io/nvidia/k8s-device-plugin:v0.17.0,gpu-static
3270,nvidia-device-plugin-daemonset-zc9mx,Pod,,scheduled-timestamp,1742021093.0,nvcr.io/nvidia/k8s-device-plugin:v0.17.0,gpu-static
3271,nvidia-device-plugin-daemonset-zc9mx,Pod,,created-timestamp,1742021103.0,nvcr.io/nvidia/k8s-device-plugin:v0.17.0,gpu-static
3272,nvidia-device-plugin-daemonset-zc9mx,Pod,,created,1,nvcr.io/nvidia/k8s-device-plugin:v0.17.0,gpu-static
3273,nvidia-device-plugin-daemonset-zc9mx,Pod,,started-timestamp,1742021104.0,nvcr.io/nvidia/k8s-device-plugin:v0.17.0,gpu-static
3274,nvidia-device-plugin-daemonset-zc9mx,Pod,,started,1,nvcr.io/nvidia/k8s-device-plugin:v0.17.0,gpu-static
3275,nvidia-device-plugin-daemonset-zc9mx,Pod,,pulled,8.866646433,nvcr.io/nvidia/k8s-device-plugin:v0.17.0,gpu-static
3276,event-exporter-cdd6c96-prtkn,Pod,,pulled-timestamp,1742021279.0,ghcr.io/resmoio/kubernetes-event-exporter:latest,gpu-static
3277,event-exporter-cdd6c96-prtkn,Pod,,pulling-timestamp,1742021278.0,ghcr.io/resmoio/kubernetes-event-exporter:latest,gpu-static
3278,event-exporter-cdd6c96-prtkn,Pod,,scheduled-timestamp,1742021278.0,ghcr.io/resmoio/kubernetes-event-exporter:latest,gpu-static
3279,event-exporter-cdd6c96-prtkn,Pod,,created-timestamp,1742021279.0,ghcr.io/resmoio/kubernetes-event-exporter:latest,gpu-static
3280,event-exporter-cdd6c96-prtkn,Pod,,created,0,ghcr.io/resmoio/kubernetes-event-exporter:latest,gpu-static
3281,event-exporter-cdd6c96-prtkn,Pod,,started-timestamp,1742021279.0,ghcr.io/resmoio/kubernetes-event-exporter:latest,gpu-static
3282,event-exporter-cdd6c96-prtkn,Pod,,started,0,ghcr.io/resmoio/kubernetes-event-exporter:latest,gpu-static
3283,event-exporter-cdd6c96-prtkn,Pod,,pulled,0.877429037,ghcr.io/resmoio/kubernetes-event-exporter:latest,gpu-static
3284,state-machine-operator-controller-manager-5b58c5f4b8-64tlf,Pod,,pulled-timestamp,1742021305.0,ghcr.io/converged-computing/state-machine-operator@sha256:4fbec679024f006562108190b7573ee9c62fdffdb77ecc8b3f81ae25461849b9,gpu-static
3285,state-machine-operator-controller-manager-5b58c5f4b8-64tlf,Pod,,pulling-timestamp,1742021304.0,ghcr.io/converged-computing/state-machine-operator@sha256:4fbec679024f006562108190b7573ee9c62fdffdb77ecc8b3f81ae25461849b9,gpu-static
3286,state-machine-operator-controller-manager-5b58c5f4b8-64tlf,Pod,,scheduled-timestamp,1742021304.0,ghcr.io/converged-computing/state-machine-operator@sha256:4fbec679024f006562108190b7573ee9c62fdffdb77ecc8b3f81ae25461849b9,gpu-static
3287,state-machine-operator-controller-manager-5b58c5f4b8-64tlf,Pod,,created-timestamp,1742021305.0,ghcr.io/converged-computing/state-machine-operator@sha256:4fbec679024f006562108190b7573ee9c62fdffdb77ecc8b3f81ae25461849b9,gpu-static
3288,state-machine-operator-controller-manager-5b58c5f4b8-64tlf,Pod,,created,0,ghcr.io/converged-computing/state-machine-operator@sha256:4fbec679024f006562108190b7573ee9c62fdffdb77ecc8b3f81ae25461849b9,gpu-static
3289,state-machine-operator-controller-manager-5b58c5f4b8-64tlf,Pod,,started-timestamp,1742021305.0,ghcr.io/converged-computing/state-machine-operator@sha256:4fbec679024f006562108190b7573ee9c62fdffdb77ecc8b3f81ae25461849b9,gpu-static
3290,state-machine-operator-controller-manager-5b58c5f4b8-64tlf,Pod,,started,0,ghcr.io/converged-computing/state-machine-operator@sha256:4fbec679024f006562108190b7573ee9c62fdffdb77ecc8b3f81ae25461849b9,gpu-static
3291,state-machine-operator-controller-manager-5b58c5f4b8-64tlf,Pod,,pulled,0.989930194,ghcr.io/converged-computing/state-machine-operator@sha256:4fbec679024f006562108190b7573ee9c62fdffdb77ecc8b3f81ae25461849b9,gpu-static
3292,mummi-manager-d6f98c7dd-mkgxj,Pod,,pulled-timestamp,1742021358.0,ghcr.io/converged-computing/state-machine-operator:manager,gpu-static
3293,mummi-manager-d6f98c7dd-mkgxj,Pod,,pulling-timestamp,1742021351.0,ghcr.io/converged-computing/state-machine-operator:manager,gpu-static
3294,mummi-manager-d6f98c7dd-mkgxj,Pod,,scheduled-timestamp,1742021351.0,ghcr.io/converged-computing/state-machine-operator:manager,gpu-static
3295,mummi-manager-d6f98c7dd-mkgxj,Pod,,created-timestamp,1742021358.0,ghcr.io/converged-computing/state-machine-operator:manager,gpu-static
3296,mummi-manager-d6f98c7dd-mkgxj,Pod,,created,0,ghcr.io/converged-computing/state-machine-operator:manager,gpu-static
3297,mummi-manager-d6f98c7dd-mkgxj,Pod,,started-timestamp,1742021358.0,ghcr.io/converged-computing/state-machine-operator:manager,gpu-static
3298,mummi-manager-d6f98c7dd-mkgxj,Pod,,started,0,ghcr.io/converged-computing/state-machine-operator:manager,gpu-static
3299,mummi-manager-d6f98c7dd-mkgxj,Pod,,pulled,6.425499947,ghcr.io/converged-computing/state-machine-operator:manager,gpu-static
3300,mlrunner-structure-070398509,Job,mlrunner,successfulcreate-timestamp,1742021358.0,,gpu-static
3301,mlrunner-structure-070398509,Job,mlrunner,completed-timestamp,1742021785.0,,gpu-static
3302,mlrunner-structure-070398509,Job,mlrunner,running,427,,gpu-static
3303,mlrunner-structure-028821557,Job,mlrunner,successfulcreate-timestamp,1742021358.0,,gpu-static
3304,mlrunner-structure-028821557,Job,mlrunner,completed-timestamp,1742021791.0,,gpu-static
3305,mlrunner-structure-028821557,Job,mlrunner,running,433,,gpu-static
3306,mlrunner-structure-070398509-q5d9d,Pod,,pulled-timestamp,1742021714.0,633731392008.dkr.ecr.us-east-1.amazonaws.com/mini-mummi:mlrunner-gpu,gpu-static
3307,mlrunner-structure-070398509-q5d9d,Pod,,pulling-timestamp,1742021359.0,633731392008.dkr.ecr.us-east-1.amazonaws.com/mini-mummi:mlrunner-gpu,gpu-static
3308,mlrunner-structure-070398509-q5d9d,Pod,,scheduled-timestamp,1742021358.0,633731392008.dkr.ecr.us-east-1.amazonaws.com/mini-mummi:mlrunner-gpu,gpu-static
3309,mlrunner-structure-070398509-q5d9d,Pod,,created-timestamp,1742021715.0,633731392008.dkr.ecr.us-east-1.amazonaws.com/mini-mummi:mlrunner-gpu,gpu-static
3310,mlrunner-structure-070398509-q5d9d,Pod,,created,1,633731392008.dkr.ecr.us-east-1.amazonaws.com/mini-mummi:mlrunner-gpu,gpu-static
3311,mlrunner-structure-070398509-q5d9d,Pod,,started-timestamp,1742021715.0,633731392008.dkr.ecr.us-east-1.amazonaws.com/mini-mummi:mlrunner-gpu,gpu-static
3312,mlrunner-structure-070398509-q5d9d,Pod,,started,0,633731392008.dkr.ecr.us-east-1.amazonaws.com/mini-mummi:mlrunner-gpu,gpu-static
3313,mlrunner-structure-070398509-q5d9d,Pod,,pulled,355.300824986,633731392008.dkr.ecr.us-east-1.amazonaws.com/mini-mummi:mlrunner-gpu,gpu-static
3314,mlrunner-structure-028821557-jrbdh,Pod,,pulled-timestamp,1742021717.0,633731392008.dkr.ecr.us-east-1.amazonaws.com/mini-mummi:mlrunner-gpu,gpu-static
3315,mlrunner-structure-028821557-jrbdh,Pod,,pulling-timestamp,1742021359.0,633731392008.dkr.ecr.us-east-1.amazonaws.com/mini-mummi:mlrunner-gpu,gpu-static
3316,mlrunner-structure-028821557-jrbdh,Pod,,scheduled-timestamp,1742021358.0,633731392008.dkr.ecr.us-east-1.amazonaws.com/mini-mummi:mlrunner-gpu,gpu-static
3317,mlrunner-structure-028821557-jrbdh,Pod,,created-timestamp,1742021718.0,633731392008.dkr.ecr.us-east-1.amazonaws.com/mini-mummi:mlrunner-gpu,gpu-static
3318,mlrunner-structure-028821557-jrbdh,Pod,,created,1,633731392008.dkr.ecr.us-east-1.amazonaws.com/mini-mummi:mlrunner-gpu,gpu-static
3319,mlrunner-structure-028821557-jrbdh,Pod,,started-timestamp,1742021718.0,633731392008.dkr.ecr.us-east-1.amazonaws.com/mini-mummi:mlrunner-gpu,gpu-static
3320,mlrunner-structure-028821557-jrbdh,Pod,,started,0,633731392008.dkr.ecr.us-east-1.amazonaws.com/mini-mummi:mlrunner-gpu,gpu-static
3321,mlrunner-structure-028821557-jrbdh,Pod,,pulled,358.701644483,633731392008.dkr.ecr.us-east-1.amazonaws.com/mini-mummi:mlrunner-gpu,gpu-static
3322,mlrunner-structure-011923496,Job,mlrunner,successfulcreate-timestamp,1742021358.0,,gpu-static
3323,mlrunner-structure-011923496,Job,mlrunner,completed-timestamp,1742021785.0,,gpu-static
3324,mlrunner-structure-011923496,Job,mlrunner,running,427,,gpu-static
3325,mlrunner-structure-011923496-7662w,Pod,,pulled-timestamp,1742021715.0,633731392008.dkr.ecr.us-east-1.amazonaws.com/mini-mummi:mlrunner-gpu,gpu-static
3326,mlrunner-structure-011923496-7662w,Pod,,pulling-timestamp,1742021359.0,633731392008.dkr.ecr.us-east-1.amazonaws.com/mini-mummi:mlrunner-gpu,gpu-static
3327,mlrunner-structure-011923496-7662w,Pod,,scheduled-timestamp,1742021358.0,633731392008.dkr.ecr.us-east-1.amazonaws.com/mini-mummi:mlrunner-gpu,gpu-static
3328,mlrunner-structure-011923496-7662w,Pod,,created-timestamp,1742021715.0,633731392008.dkr.ecr.us-east-1.amazonaws.com/mini-mummi:mlrunner-gpu,gpu-static
3329,mlrunner-structure-011923496-7662w,Pod,,created,0,633731392008.dkr.ecr.us-east-1.amazonaws.com/mini-mummi:mlrunner-gpu,gpu-static
3330,mlrunner-structure-011923496-7662w,Pod,,started-timestamp,1742021716.0,633731392008.dkr.ecr.us-east-1.amazonaws.com/mini-mummi:mlrunner-gpu,gpu-static
3331,mlrunner-structure-011923496-7662w,Pod,,started,1,633731392008.dkr.ecr.us-east-1.amazonaws.com/mini-mummi:mlrunner-gpu,gpu-static
3332,mlrunner-structure-011923496-7662w,Pod,,pulled,355.940090661,633731392008.dkr.ecr.us-east-1.amazonaws.com/mini-mummi:mlrunner-gpu,gpu-static
3333,mlrunner-structure-093263929,Job,mlrunner,successfulcreate-timestamp,1742021358.0,,gpu-static
3334,mlrunner-structure-093263929,Job,mlrunner,completed-timestamp,1742021785.0,,gpu-static
3335,mlrunner-structure-093263929,Job,mlrunner,running,427,,gpu-static
3336,mlrunner-structure-093263929-vkckl,Pod,,pulled-timestamp,1742021715.0,633731392008.dkr.ecr.us-east-1.amazonaws.com/mini-mummi:mlrunner-gpu,gpu-static
3337,mlrunner-structure-093263929-vkckl,Pod,,pulling-timestamp,1742021359.0,633731392008.dkr.ecr.us-east-1.amazonaws.com/mini-mummi:mlrunner-gpu,gpu-static
3338,mlrunner-structure-093263929-vkckl,Pod,,scheduled-timestamp,1742021358.0,633731392008.dkr.ecr.us-east-1.amazonaws.com/mini-mummi:mlrunner-gpu,gpu-static
3339,mlrunner-structure-093263929-vkckl,Pod,,created-timestamp,1742021715.0,633731392008.dkr.ecr.us-east-1.amazonaws.com/mini-mummi:mlrunner-gpu,gpu-static
3340,mlrunner-structure-093263929-vkckl,Pod,,created,0,633731392008.dkr.ecr.us-east-1.amazonaws.com/mini-mummi:mlrunner-gpu,gpu-static
3341,mlrunner-structure-093263929-vkckl,Pod,,started-timestamp,1742021715.0,633731392008.dkr.ecr.us-east-1.amazonaws.com/mini-mummi:mlrunner-gpu,gpu-static
3342,mlrunner-structure-093263929-vkckl,Pod,,started,0,633731392008.dkr.ecr.us-east-1.amazonaws.com/mini-mummi:mlrunner-gpu,gpu-static
3343,mlrunner-structure-093263929-vkckl,Pod,,pulled,356.05276067,633731392008.dkr.ecr.us-east-1.amazonaws.com/mini-mummi:mlrunner-gpu,gpu-static
3344,mlrunner-structure-095063182,Job,mlrunner,successfulcreate-timestamp,1742021358.0,,gpu-static
3345,mlrunner-structure-095063182,Job,mlrunner,completed-timestamp,1742021792.0,,gpu-static
3346,mlrunner-structure-095063182,Job,mlrunner,running,434,,gpu-static
3347,mlrunner-structure-095063182-r29zf,Pod,,pulled-timestamp,1742021718.0,633731392008.dkr.ecr.us-east-1.amazonaws.com/mini-mummi:mlrunner-gpu,gpu-static
3348,mlrunner-structure-095063182-r29zf,Pod,,pulling-timestamp,1742021359.0,633731392008.dkr.ecr.us-east-1.amazonaws.com/mini-mummi:mlrunner-gpu,gpu-static
3349,mlrunner-structure-095063182-r29zf,Pod,,scheduled-timestamp,1742021358.0,633731392008.dkr.ecr.us-east-1.amazonaws.com/mini-mummi:mlrunner-gpu,gpu-static
3350,mlrunner-structure-095063182-r29zf,Pod,,created-timestamp,1742021719.0,633731392008.dkr.ecr.us-east-1.amazonaws.com/mini-mummi:mlrunner-gpu,gpu-static
3351,mlrunner-structure-095063182-r29zf,Pod,,created,1,633731392008.dkr.ecr.us-east-1.amazonaws.com/mini-mummi:mlrunner-gpu,gpu-static
3352,mlrunner-structure-095063182-r29zf,Pod,,started-timestamp,1742021719.0,633731392008.dkr.ecr.us-east-1.amazonaws.com/mini-mummi:mlrunner-gpu,gpu-static
3353,mlrunner-structure-095063182-r29zf,Pod,,started,0,633731392008.dkr.ecr.us-east-1.amazonaws.com/mini-mummi:mlrunner-gpu,gpu-static
3354,mlrunner-structure-095063182-r29zf,Pod,,pulled,359.393363831,633731392008.dkr.ecr.us-east-1.amazonaws.com/mini-mummi:mlrunner-gpu,gpu-static
3355,mlrunner-structure-075640678,Job,mlrunner,successfulcreate-timestamp,1742021358.0,,gpu-static
3356,mlrunner-structure-075640678,Job,mlrunner,completed-timestamp,1742021788.0,,gpu-static
3357,mlrunner-structure-075640678,Job,mlrunner,running,430,,gpu-static
3358,mlrunner-structure-075640678-898kv,Pod,,pulled-timestamp,1742021717.0,633731392008.dkr.ecr.us-east-1.amazonaws.com/mini-mummi:mlrunner-gpu,gpu-static
3359,mlrunner-structure-075640678-898kv,Pod,,pulling-timestamp,1742021359.0,633731392008.dkr.ecr.us-east-1.amazonaws.com/mini-mummi:mlrunner-gpu,gpu-static
3360,mlrunner-structure-075640678-898kv,Pod,,scheduled-timestamp,1742021358.0,633731392008.dkr.ecr.us-east-1.amazonaws.com/mini-mummi:mlrunner-gpu,gpu-static
3361,mlrunner-structure-075640678-898kv,Pod,,created-timestamp,1742021717.0,633731392008.dkr.ecr.us-east-1.amazonaws.com/mini-mummi:mlrunner-gpu,gpu-static
3362,mlrunner-structure-075640678-898kv,Pod,,created,0,633731392008.dkr.ecr.us-east-1.amazonaws.com/mini-mummi:mlrunner-gpu,gpu-static
3363,mlrunner-structure-075640678-898kv,Pod,,started-timestamp,1742021720.0,633731392008.dkr.ecr.us-east-1.amazonaws.com/mini-mummi:mlrunner-gpu,gpu-static
3364,mlrunner-structure-075640678-898kv,Pod,,started,3,633731392008.dkr.ecr.us-east-1.amazonaws.com/mini-mummi:mlrunner-gpu,gpu-static
3365,mlrunner-structure-075640678-898kv,Pod,,pulled,357.65631127300003,633731392008.dkr.ecr.us-east-1.amazonaws.com/mini-mummi:mlrunner-gpu,gpu-static
3366,createsim-structure-070398509,Job,createsim,successfulcreate-timestamp,1742021785.0,,gpu-static
3367,createsim-structure-070398509,Job,createsim,completed-timestamp,1742022740.0,,gpu-static
3368,createsim-structure-070398509,Job,createsim,running,955,,gpu-static
3369,createsim-structure-070398509-v6fps,Pod,createsim,pulled-timestamp,1742021929.0,633731392008.dkr.ecr.us-east-1.amazonaws.com/mini-mummi:createsims-gpu,gpu-static
3370,createsim-structure-070398509-v6fps,Pod,createsim,pulling-timestamp,1742021786.0,633731392008.dkr.ecr.us-east-1.amazonaws.com/mini-mummi:createsims-gpu,gpu-static
3371,createsim-structure-070398509-v6fps,Pod,createsim,scheduled-timestamp,1742021785.0,633731392008.dkr.ecr.us-east-1.amazonaws.com/mini-mummi:createsims-gpu,gpu-static
3372,createsim-structure-070398509-v6fps,Pod,createsim,created-timestamp,1742021929.0,633731392008.dkr.ecr.us-east-1.amazonaws.com/mini-mummi:createsims-gpu,gpu-static
3373,createsim-structure-070398509-v6fps,Pod,createsim,created,0,633731392008.dkr.ecr.us-east-1.amazonaws.com/mini-mummi:createsims-gpu,gpu-static
3374,createsim-structure-070398509-v6fps,Pod,createsim,started-timestamp,1742021930.0,633731392008.dkr.ecr.us-east-1.amazonaws.com/mini-mummi:createsims-gpu,gpu-static
3375,createsim-structure-070398509-v6fps,Pod,createsim,started,1,633731392008.dkr.ecr.us-east-1.amazonaws.com/mini-mummi:createsims-gpu,gpu-static
3376,createsim-structure-070398509-v6fps,Pod,createsim,pulled,143.547532563,633731392008.dkr.ecr.us-east-1.amazonaws.com/mini-mummi:createsims-gpu,gpu-static
3377,createsim-structure-011923496,Job,createsim,successfulcreate-timestamp,1742021785.0,,gpu-static
3378,createsim-structure-011923496,Job,createsim,completed-timestamp,1742022770.0,,gpu-static
3379,createsim-structure-011923496,Job,createsim,running,985,,gpu-static
3380,createsim-structure-011923496-7x5g2,Pod,createsim,pulled-timestamp,1742021928.0,633731392008.dkr.ecr.us-east-1.amazonaws.com/mini-mummi:createsims-gpu,gpu-static
3381,createsim-structure-011923496-7x5g2,Pod,createsim,pulling-timestamp,1742021786.0,633731392008.dkr.ecr.us-east-1.amazonaws.com/mini-mummi:createsims-gpu,gpu-static
3382,createsim-structure-011923496-7x5g2,Pod,createsim,scheduled-timestamp,1742021785.0,633731392008.dkr.ecr.us-east-1.amazonaws.com/mini-mummi:createsims-gpu,gpu-static
3383,createsim-structure-011923496-7x5g2,Pod,createsim,created-timestamp,1742021928.0,633731392008.dkr.ecr.us-east-1.amazonaws.com/mini-mummi:createsims-gpu,gpu-static
3384,createsim-structure-011923496-7x5g2,Pod,createsim,created,0,633731392008.dkr.ecr.us-east-1.amazonaws.com/mini-mummi:createsims-gpu,gpu-static
3385,createsim-structure-011923496-7x5g2,Pod,createsim,started-timestamp,1742021928.0,633731392008.dkr.ecr.us-east-1.amazonaws.com/mini-mummi:createsims-gpu,gpu-static
3386,createsim-structure-011923496-7x5g2,Pod,createsim,started,0,633731392008.dkr.ecr.us-east-1.amazonaws.com/mini-mummi:createsims-gpu,gpu-static
3387,createsim-structure-011923496-7x5g2,Pod,createsim,pulled,142.603640375,633731392008.dkr.ecr.us-east-1.amazonaws.com/mini-mummi:createsims-gpu,gpu-static
3388,createsim-structure-093263929,Job,createsim,successfulcreate-timestamp,1742021785.0,,gpu-static
3389,createsim-structure-093263929,Job,createsim,completed-timestamp,1742022735.0,,gpu-static
3390,createsim-structure-093263929,Job,createsim,running,950,,gpu-static
3391,createsim-structure-093263929-45kq8,Pod,createsim,pulled-timestamp,1742021927.0,633731392008.dkr.ecr.us-east-1.amazonaws.com/mini-mummi:createsims-gpu,gpu-static
3392,createsim-structure-093263929-45kq8,Pod,createsim,pulling-timestamp,1742021786.0,633731392008.dkr.ecr.us-east-1.amazonaws.com/mini-mummi:createsims-gpu,gpu-static
3393,createsim-structure-093263929-45kq8,Pod,createsim,scheduled-timestamp,1742021785.0,633731392008.dkr.ecr.us-east-1.amazonaws.com/mini-mummi:createsims-gpu,gpu-static
3394,createsim-structure-093263929-45kq8,Pod,createsim,created-timestamp,1742021927.0,633731392008.dkr.ecr.us-east-1.amazonaws.com/mini-mummi:createsims-gpu,gpu-static
3395,createsim-structure-093263929-45kq8,Pod,createsim,created,0,633731392008.dkr.ecr.us-east-1.amazonaws.com/mini-mummi:createsims-gpu,gpu-static
3396,createsim-structure-093263929-45kq8,Pod,createsim,started-timestamp,1742021929.0,633731392008.dkr.ecr.us-east-1.amazonaws.com/mini-mummi:createsims-gpu,gpu-static
3397,createsim-structure-093263929-45kq8,Pod,createsim,started,2,633731392008.dkr.ecr.us-east-1.amazonaws.com/mini-mummi:createsims-gpu,gpu-static
3398,createsim-structure-093263929-45kq8,Pod,createsim,pulled,140.98762787,633731392008.dkr.ecr.us-east-1.amazonaws.com/mini-mummi:createsims-gpu,gpu-static
3399,createsim-structure-075640678,Job,createsim,successfulcreate-timestamp,1742021789.0,,gpu-static
3400,createsim-structure-075640678,Job,createsim,completed-timestamp,1742022760.0,,gpu-static
3401,createsim-structure-075640678,Job,createsim,running,971,,gpu-static
3402,createsim-structure-075640678-wlfhq,Pod,createsim,pulled-timestamp,1742021933.0,633731392008.dkr.ecr.us-east-1.amazonaws.com/mini-mummi:createsims-gpu,gpu-static
3403,createsim-structure-075640678-wlfhq,Pod,createsim,pulling-timestamp,1742021789.0,633731392008.dkr.ecr.us-east-1.amazonaws.com/mini-mummi:createsims-gpu,gpu-static
3404,createsim-structure-075640678-wlfhq,Pod,createsim,scheduled-timestamp,1742021789.0,633731392008.dkr.ecr.us-east-1.amazonaws.com/mini-mummi:createsims-gpu,gpu-static
3405,createsim-structure-075640678-wlfhq,Pod,createsim,created-timestamp,1742021933.0,633731392008.dkr.ecr.us-east-1.amazonaws.com/mini-mummi:createsims-gpu,gpu-static
3406,createsim-structure-075640678-wlfhq,Pod,createsim,created,0,633731392008.dkr.ecr.us-east-1.amazonaws.com/mini-mummi:createsims-gpu,gpu-static
3407,createsim-structure-075640678-wlfhq,Pod,createsim,started-timestamp,1742021935.0,633731392008.dkr.ecr.us-east-1.amazonaws.com/mini-mummi:createsims-gpu,gpu-static
3408,createsim-structure-075640678-wlfhq,Pod,createsim,started,2,633731392008.dkr.ecr.us-east-1.amazonaws.com/mini-mummi:createsims-gpu,gpu-static
3409,createsim-structure-075640678-wlfhq,Pod,createsim,pulled,143.47056625300002,633731392008.dkr.ecr.us-east-1.amazonaws.com/mini-mummi:createsims-gpu,gpu-static
3410,createsim-structure-028821557,Job,createsim,successfulcreate-timestamp,1742021791.0,,gpu-static
3411,createsim-structure-028821557,Job,createsim,completed-timestamp,1742022733.0,,gpu-static
3412,createsim-structure-028821557,Job,createsim,running,942,,gpu-static
3413,createsim-structure-028821557-d7mtv,Pod,createsim,pulled-timestamp,1742021932.0,633731392008.dkr.ecr.us-east-1.amazonaws.com/mini-mummi:createsims-gpu,gpu-static
3414,createsim-structure-028821557-d7mtv,Pod,createsim,pulling-timestamp,1742021791.0,633731392008.dkr.ecr.us-east-1.amazonaws.com/mini-mummi:createsims-gpu,gpu-static
3415,createsim-structure-028821557-d7mtv,Pod,createsim,scheduled-timestamp,1742021791.0,633731392008.dkr.ecr.us-east-1.amazonaws.com/mini-mummi:createsims-gpu,gpu-static
3416,createsim-structure-028821557-d7mtv,Pod,createsim,created-timestamp,1742021932.0,633731392008.dkr.ecr.us-east-1.amazonaws.com/mini-mummi:createsims-gpu,gpu-static
3417,createsim-structure-028821557-d7mtv,Pod,createsim,created,0,633731392008.dkr.ecr.us-east-1.amazonaws.com/mini-mummi:createsims-gpu,gpu-static
3418,createsim-structure-028821557-d7mtv,Pod,createsim,started-timestamp,1742021935.0,633731392008.dkr.ecr.us-east-1.amazonaws.com/mini-mummi:createsims-gpu,gpu-static
3419,createsim-structure-028821557-d7mtv,Pod,createsim,started,3,633731392008.dkr.ecr.us-east-1.amazonaws.com/mini-mummi:createsims-gpu,gpu-static
3420,createsim-structure-028821557-d7mtv,Pod,createsim,pulled,140.546144539,633731392008.dkr.ecr.us-east-1.amazonaws.com/mini-mummi:createsims-gpu,gpu-static
3421,createsim-structure-095063182-7sznf,Pod,createsim,pulled-timestamp,1742021926.0,633731392008.dkr.ecr.us-east-1.amazonaws.com/mini-mummi:createsims-gpu,gpu-static
3422,createsim-structure-095063182-7sznf,Pod,createsim,pulling-timestamp,1742021793.0,633731392008.dkr.ecr.us-east-1.amazonaws.com/mini-mummi:createsims-gpu,gpu-static
3423,createsim-structure-095063182-7sznf,Pod,createsim,scheduled-timestamp,1742021792.0,633731392008.dkr.ecr.us-east-1.amazonaws.com/mini-mummi:createsims-gpu,gpu-static
3424,createsim-structure-095063182-7sznf,Pod,createsim,created-timestamp,1742021926.0,633731392008.dkr.ecr.us-east-1.amazonaws.com/mini-mummi:createsims-gpu,gpu-static
3425,createsim-structure-095063182-7sznf,Pod,createsim,created,0,633731392008.dkr.ecr.us-east-1.amazonaws.com/mini-mummi:createsims-gpu,gpu-static
3426,createsim-structure-095063182-7sznf,Pod,createsim,started-timestamp,1742021926.0,633731392008.dkr.ecr.us-east-1.amazonaws.com/mini-mummi:createsims-gpu,gpu-static
3427,createsim-structure-095063182-7sznf,Pod,createsim,started,0,633731392008.dkr.ecr.us-east-1.amazonaws.com/mini-mummi:createsims-gpu,gpu-static
3428,createsim-structure-095063182-7sznf,Pod,createsim,pulled,133.187782327,633731392008.dkr.ecr.us-east-1.amazonaws.com/mini-mummi:createsims-gpu,gpu-static
3429,createsim-structure-095063182,Job,createsim,successfulcreate-timestamp,1742021792.0,,gpu-static
3430,createsim-structure-095063182,Job,createsim,completed-timestamp,1742022742.0,,gpu-static
3431,createsim-structure-095063182,Job,createsim,running,950,,gpu-static
3432,cganalysis-structure-028821557,Job,cganalysis,successfulcreate-timestamp,1742022733.0,,gpu-static
3433,cganalysis-structure-028821557,Job,cganalysis,completed-timestamp,1742024707.0,,gpu-static
3434,cganalysis-structure-028821557,Job,cganalysis,running,1974,,gpu-static
3435,cganalysis-structure-028821557-q6p5v,Pod,cganalysis,pulled-timestamp,1742022915.0,633731392008.dkr.ecr.us-east-1.amazonaws.com/mini-mummi:cganalysis-gpu,gpu-static
3436,cganalysis-structure-028821557-q6p5v,Pod,cganalysis,pulling-timestamp,1742022733.0,633731392008.dkr.ecr.us-east-1.amazonaws.com/mini-mummi:cganalysis-gpu,gpu-static
3437,cganalysis-structure-028821557-q6p5v,Pod,cganalysis,scheduled-timestamp,1742022733.0,633731392008.dkr.ecr.us-east-1.amazonaws.com/mini-mummi:cganalysis-gpu,gpu-static
3438,cganalysis-structure-028821557-q6p5v,Pod,cganalysis,created-timestamp,1742022915.0,633731392008.dkr.ecr.us-east-1.amazonaws.com/mini-mummi:cganalysis-gpu,gpu-static
3439,cganalysis-structure-028821557-q6p5v,Pod,cganalysis,created,0,633731392008.dkr.ecr.us-east-1.amazonaws.com/mini-mummi:cganalysis-gpu,gpu-static
3440,cganalysis-structure-028821557-q6p5v,Pod,cganalysis,started-timestamp,1742022918.0,633731392008.dkr.ecr.us-east-1.amazonaws.com/mini-mummi:cganalysis-gpu,gpu-static
3441,cganalysis-structure-028821557-q6p5v,Pod,cganalysis,started,3,633731392008.dkr.ecr.us-east-1.amazonaws.com/mini-mummi:cganalysis-gpu,gpu-static
3442,cganalysis-structure-028821557-q6p5v,Pod,cganalysis,pulled,181.714946109,633731392008.dkr.ecr.us-east-1.amazonaws.com/mini-mummi:cganalysis-gpu,gpu-static
3443,cganalysis-structure-093263929,Job,cganalysis,successfulcreate-timestamp,1742022735.0,,gpu-static
3444,cganalysis-structure-093263929,Job,cganalysis,completed-timestamp,1742024705.0,,gpu-static
3445,cganalysis-structure-093263929,Job,cganalysis,running,1970,,gpu-static
3446,cganalysis-structure-093263929-6ddgc,Pod,cganalysis,pulled-timestamp,1742022915.0,633731392008.dkr.ecr.us-east-1.amazonaws.com/mini-mummi:cganalysis-gpu,gpu-static
3447,cganalysis-structure-093263929-6ddgc,Pod,cganalysis,pulling-timestamp,1742022735.0,633731392008.dkr.ecr.us-east-1.amazonaws.com/mini-mummi:cganalysis-gpu,gpu-static
3448,cganalysis-structure-093263929-6ddgc,Pod,cganalysis,scheduled-timestamp,1742022735.0,633731392008.dkr.ecr.us-east-1.amazonaws.com/mini-mummi:cganalysis-gpu,gpu-static
3449,cganalysis-structure-093263929-6ddgc,Pod,cganalysis,created-timestamp,1742022915.0,633731392008.dkr.ecr.us-east-1.amazonaws.com/mini-mummi:cganalysis-gpu,gpu-static
3450,cganalysis-structure-093263929-6ddgc,Pod,cganalysis,created,0,633731392008.dkr.ecr.us-east-1.amazonaws.com/mini-mummi:cganalysis-gpu,gpu-static
3451,cganalysis-structure-093263929-6ddgc,Pod,cganalysis,started-timestamp,1742022917.0,633731392008.dkr.ecr.us-east-1.amazonaws.com/mini-mummi:cganalysis-gpu,gpu-static
3452,cganalysis-structure-093263929-6ddgc,Pod,cganalysis,started,2,633731392008.dkr.ecr.us-east-1.amazonaws.com/mini-mummi:cganalysis-gpu,gpu-static
3453,cganalysis-structure-093263929-6ddgc,Pod,cganalysis,pulled,179.22291007,633731392008.dkr.ecr.us-east-1.amazonaws.com/mini-mummi:cganalysis-gpu,gpu-static
3454,cganalysis-structure-070398509,Job,cganalysis,successfulcreate-timestamp,1742022740.0,,gpu-static
3455,cganalysis-structure-070398509,Job,cganalysis,completed-timestamp,1742024699.0,,gpu-static
3456,cganalysis-structure-070398509,Job,cganalysis,running,1959,,gpu-static
3457,cganalysis-structure-070398509-hdmlx,Pod,cganalysis,pulled-timestamp,1742022906.0,633731392008.dkr.ecr.us-east-1.amazonaws.com/mini-mummi:cganalysis-gpu,gpu-static
3458,cganalysis-structure-070398509-hdmlx,Pod,cganalysis,pulling-timestamp,1742022741.0,633731392008.dkr.ecr.us-east-1.amazonaws.com/mini-mummi:cganalysis-gpu,gpu-static
3459,cganalysis-structure-070398509-hdmlx,Pod,cganalysis,scheduled-timestamp,1742022740.0,633731392008.dkr.ecr.us-east-1.amazonaws.com/mini-mummi:cganalysis-gpu,gpu-static
3460,cganalysis-structure-070398509-hdmlx,Pod,cganalysis,created-timestamp,1742022906.0,633731392008.dkr.ecr.us-east-1.amazonaws.com/mini-mummi:cganalysis-gpu,gpu-static
3461,cganalysis-structure-070398509-hdmlx,Pod,cganalysis,created,0,633731392008.dkr.ecr.us-east-1.amazonaws.com/mini-mummi:cganalysis-gpu,gpu-static
3462,cganalysis-structure-070398509-hdmlx,Pod,cganalysis,started-timestamp,1742022910.0,633731392008.dkr.ecr.us-east-1.amazonaws.com/mini-mummi:cganalysis-gpu,gpu-static
3463,cganalysis-structure-070398509-hdmlx,Pod,cganalysis,started,4,633731392008.dkr.ecr.us-east-1.amazonaws.com/mini-mummi:cganalysis-gpu,gpu-static
3464,cganalysis-structure-070398509-hdmlx,Pod,cganalysis,pulled,165.37982471499998,633731392008.dkr.ecr.us-east-1.amazonaws.com/mini-mummi:cganalysis-gpu,gpu-static
3465,cganalysis-structure-095063182,Job,cganalysis,successfulcreate-timestamp,1742022742.0,,gpu-static
3466,cganalysis-structure-095063182,Job,cganalysis,completed-timestamp,1742024707.0,,gpu-static
3467,cganalysis-structure-095063182,Job,cganalysis,running,1965,,gpu-static
3468,cganalysis-structure-095063182-rmxjz,Pod,cganalysis,pulled-timestamp,1742022914.0,633731392008.dkr.ecr.us-east-1.amazonaws.com/mini-mummi:cganalysis-gpu,gpu-static
3469,cganalysis-structure-095063182-rmxjz,Pod,cganalysis,pulling-timestamp,1742022743.0,633731392008.dkr.ecr.us-east-1.amazonaws.com/mini-mummi:cganalysis-gpu,gpu-static
3470,cganalysis-structure-095063182-rmxjz,Pod,cganalysis,scheduled-timestamp,1742022742.0,633731392008.dkr.ecr.us-east-1.amazonaws.com/mini-mummi:cganalysis-gpu,gpu-static
3471,cganalysis-structure-095063182-rmxjz,Pod,cganalysis,created-timestamp,1742022914.0,633731392008.dkr.ecr.us-east-1.amazonaws.com/mini-mummi:cganalysis-gpu,gpu-static
3472,cganalysis-structure-095063182-rmxjz,Pod,cganalysis,created,0,633731392008.dkr.ecr.us-east-1.amazonaws.com/mini-mummi:cganalysis-gpu,gpu-static
3473,cganalysis-structure-095063182-rmxjz,Pod,cganalysis,started-timestamp,1742022918.0,633731392008.dkr.ecr.us-east-1.amazonaws.com/mini-mummi:cganalysis-gpu,gpu-static
3474,cganalysis-structure-095063182-rmxjz,Pod,cganalysis,started,4,633731392008.dkr.ecr.us-east-1.amazonaws.com/mini-mummi:cganalysis-gpu,gpu-static
3475,cganalysis-structure-095063182-rmxjz,Pod,cganalysis,pulled,171.144299039,633731392008.dkr.ecr.us-east-1.amazonaws.com/mini-mummi:cganalysis-gpu,gpu-static
3476,cganalysis-structure-075640678,Job,cganalysis,successfulcreate-timestamp,1742022760.0,,gpu-static
3477,cganalysis-structure-075640678,Job,cganalysis,completed-timestamp,1742024706.0,,gpu-static
3478,cganalysis-structure-075640678,Job,cganalysis,running,1946,,gpu-static
3479,cganalysis-structure-075640678-nxdrr,Pod,cganalysis,pulled-timestamp,1742022913.0,633731392008.dkr.ecr.us-east-1.amazonaws.com/mini-mummi:cganalysis-gpu,gpu-static
3480,cganalysis-structure-075640678-nxdrr,Pod,cganalysis,pulling-timestamp,1742022760.0,633731392008.dkr.ecr.us-east-1.amazonaws.com/mini-mummi:cganalysis-gpu,gpu-static
3481,cganalysis-structure-075640678-nxdrr,Pod,cganalysis,scheduled-timestamp,1742022760.0,633731392008.dkr.ecr.us-east-1.amazonaws.com/mini-mummi:cganalysis-gpu,gpu-static
3482,cganalysis-structure-075640678-nxdrr,Pod,cganalysis,created-timestamp,1742022913.0,633731392008.dkr.ecr.us-east-1.amazonaws.com/mini-mummi:cganalysis-gpu,gpu-static
3483,cganalysis-structure-075640678-nxdrr,Pod,cganalysis,created,0,633731392008.dkr.ecr.us-east-1.amazonaws.com/mini-mummi:cganalysis-gpu,gpu-static
3484,cganalysis-structure-075640678-nxdrr,Pod,cganalysis,started-timestamp,1742022917.0,633731392008.dkr.ecr.us-east-1.amazonaws.com/mini-mummi:cganalysis-gpu,gpu-static
3485,cganalysis-structure-075640678-nxdrr,Pod,cganalysis,started,4,633731392008.dkr.ecr.us-east-1.amazonaws.com/mini-mummi:cganalysis-gpu,gpu-static
3486,cganalysis-structure-075640678-nxdrr,Pod,cganalysis,pulled,152.843888009,633731392008.dkr.ecr.us-east-1.amazonaws.com/mini-mummi:cganalysis-gpu,gpu-static
3487,cganalysis-structure-011923496,Job,cganalysis,successfulcreate-timestamp,1742022770.0,,gpu-static
3488,cganalysis-structure-011923496,Job,cganalysis,completed-timestamp,1742024709.0,,gpu-static
3489,cganalysis-structure-011923496,Job,cganalysis,running,1939,,gpu-static
3490,cganalysis-structure-011923496-kp7zd,Pod,cganalysis,pulled-timestamp,1742022919.0,633731392008.dkr.ecr.us-east-1.amazonaws.com/mini-mummi:cganalysis-gpu,gpu-static
3491,cganalysis-structure-011923496-kp7zd,Pod,cganalysis,pulling-timestamp,1742022771.0,633731392008.dkr.ecr.us-east-1.amazonaws.com/mini-mummi:cganalysis-gpu,gpu-static
3492,cganalysis-structure-011923496-kp7zd,Pod,cganalysis,scheduled-timestamp,1742022770.0,633731392008.dkr.ecr.us-east-1.amazonaws.com/mini-mummi:cganalysis-gpu,gpu-static
3493,cganalysis-structure-011923496-kp7zd,Pod,cganalysis,created-timestamp,1742022919.0,633731392008.dkr.ecr.us-east-1.amazonaws.com/mini-mummi:cganalysis-gpu,gpu-static
3494,cganalysis-structure-011923496-kp7zd,Pod,cganalysis,created,0,633731392008.dkr.ecr.us-east-1.amazonaws.com/mini-mummi:cganalysis-gpu,gpu-static
3495,cganalysis-structure-011923496-kp7zd,Pod,cganalysis,started-timestamp,1742022919.0,633731392008.dkr.ecr.us-east-1.amazonaws.com/mini-mummi:cganalysis-gpu,gpu-static
3496,cganalysis-structure-011923496-kp7zd,Pod,cganalysis,started,0,633731392008.dkr.ecr.us-east-1.amazonaws.com/mini-mummi:cganalysis-gpu,gpu-static
3497,cganalysis-structure-011923496-kp7zd,Pod,cganalysis,pulled,147.884642512,633731392008.dkr.ecr.us-east-1.amazonaws.com/mini-mummi:cganalysis-gpu,gpu-static
3498,mlrunner-structure-051251703,Job,mlrunner,successfulcreate-timestamp,1742024699.0,,gpu-static
3499,mlrunner-structure-051251703,Job,mlrunner,completed-timestamp,1742024747.0,,gpu-static
3500,mlrunner-structure-051251703,Job,mlrunner,running,48,,gpu-static
3501,mlrunner-structure-005964402,Job,mlrunner,successfulcreate-timestamp,1742024705.0,,gpu-static
3502,mlrunner-structure-005964402,Job,mlrunner,completed-timestamp,1742024753.0,,gpu-static
3503,mlrunner-structure-005964402,Job,mlrunner,running,48,,gpu-static
3504,mlrunner-structure-017238464,Job,mlrunner,successfulcreate-timestamp,1742024706.0,,gpu-static
3505,mlrunner-structure-017238464,Job,mlrunner,completed-timestamp,1742024754.0,,gpu-static
3506,mlrunner-structure-017238464,Job,mlrunner,running,48,,gpu-static
3507,mlrunner-structure-003611372,Job,mlrunner,successfulcreate-timestamp,1742024707.0,,gpu-static
3508,mlrunner-structure-003611372,Job,mlrunner,completed-timestamp,1742024750.0,,gpu-static
3509,mlrunner-structure-003611372,Job,mlrunner,running,43,,gpu-static
3510,createsim-structure-051251703,Job,createsim,successfulcreate-timestamp,1742024747.0,,gpu-static
3511,createsim-structure-051251703,Job,createsim,completed-timestamp,1742025585.0,,gpu-static
3512,createsim-structure-051251703,Job,createsim,running,838,,gpu-static
3513,createsim-structure-003611372,Job,createsim,successfulcreate-timestamp,1742024750.0,,gpu-static
3514,createsim-structure-003611372,Job,createsim,completed-timestamp,1742025552.0,,gpu-static
3515,createsim-structure-003611372,Job,createsim,running,802,,gpu-static
3516,createsim-structure-005964402,Job,createsim,successfulcreate-timestamp,1742024753.0,,gpu-static
3517,createsim-structure-005964402,Job,createsim,completed-timestamp,1742025548.0,,gpu-static
3518,createsim-structure-005964402,Job,createsim,running,795,,gpu-static
3519,createsim-structure-017238464,Job,createsim,successfulcreate-timestamp,1742024754.0,,gpu-static
3520,createsim-structure-017238464,Job,createsim,completed-timestamp,1742025566.0,,gpu-static
3521,createsim-structure-017238464,Job,createsim,running,812,,gpu-static
3522,cganalysis-structure-005964402,Job,cganalysis,successfulcreate-timestamp,1742025548.0,,gpu-static
3523,cganalysis-structure-005964402,Job,cganalysis,completed-timestamp,1742027336.0,,gpu-static
3524,cganalysis-structure-005964402,Job,cganalysis,running,1788,,gpu-static
3525,cganalysis-structure-003611372,Job,cganalysis,successfulcreate-timestamp,1742025552.0,,gpu-static
3526,cganalysis-structure-003611372,Job,cganalysis,completed-timestamp,1742027341.0,,gpu-static
3527,cganalysis-structure-003611372,Job,cganalysis,running,1789,,gpu-static
3528,cganalysis-structure-017238464,Job,cganalysis,successfulcreate-timestamp,1742025566.0,,gpu-static
3529,cganalysis-structure-017238464,Job,cganalysis,completed-timestamp,1742027355.0,,gpu-static
3530,cganalysis-structure-017238464,Job,cganalysis,running,1789,,gpu-static
3531,cganalysis-structure-051251703,Job,cganalysis,successfulcreate-timestamp,1742025585.0,,gpu-static
3532,cganalysis-structure-051251703,Job,cganalysis,completed-timestamp,1742027375.0,,gpu-static
3533,cganalysis-structure-051251703,Job,cganalysis,running,1790,,gpu-static
3534,coredns-d9b6d6c7d-m8lk4,Pod,,scheduled-timestamp,1742027595.0,,gpu-static
3535,metrics-server-7794986bdb-zhzt5,Pod,,scheduled-timestamp,1742027595.0,,gpu-static
3536,aws-node-9kgwx,Pod,,pulled-timestamp,1742037922.0,602401143452.dkr.ecr.us-east-1.amazonaws.com/amazon/aws-network-policy-agent:v1.1.5-eksbuild.1,gpu-static
3537,aws-node-9kgwx,Pod,,pulling-timestamp,1742037920.0,602401143452.dkr.ecr.us-east-1.amazonaws.com/amazon/aws-network-policy-agent:v1.1.5-eksbuild.1,gpu-static
3538,aws-node-9kgwx,Pod,,scheduled-timestamp,1742037905.0,602401143452.dkr.ecr.us-east-1.amazonaws.com/amazon/aws-network-policy-agent:v1.1.5-eksbuild.1,gpu-static
3539,aws-node-9kgwx,Pod,,created-timestamp,1742037922.0,602401143452.dkr.ecr.us-east-1.amazonaws.com/amazon/aws-network-policy-agent:v1.1.5-eksbuild.1,gpu-static
3540,aws-node-9kgwx,Pod,,created,0,602401143452.dkr.ecr.us-east-1.amazonaws.com/amazon/aws-network-policy-agent:v1.1.5-eksbuild.1,gpu-static
3541,aws-node-9kgwx,Pod,,started-timestamp,1742037922.0,602401143452.dkr.ecr.us-east-1.amazonaws.com/amazon/aws-network-policy-agent:v1.1.5-eksbuild.1,gpu-static
3542,aws-node-9kgwx,Pod,,started,0,602401143452.dkr.ecr.us-east-1.amazonaws.com/amazon/aws-network-policy-agent:v1.1.5-eksbuild.1,gpu-static
3543,aws-node-9kgwx,Pod,,pulled,1.578694114,602401143452.dkr.ecr.us-east-1.amazonaws.com/amazon/aws-network-policy-agent:v1.1.5-eksbuild.1,gpu-static
3544,aws-node-b7kk9,Pod,,pulled-timestamp,1742037921.0,602401143452.dkr.ecr.us-east-1.amazonaws.com/amazon/aws-network-policy-agent:v1.1.5-eksbuild.1,gpu-static
3545,aws-node-b7kk9,Pod,,pulling-timestamp,1742037920.0,602401143452.dkr.ecr.us-east-1.amazonaws.com/amazon/aws-network-policy-agent:v1.1.5-eksbuild.1,gpu-static
3546,aws-node-b7kk9,Pod,,scheduled-timestamp,1742037910.0,602401143452.dkr.ecr.us-east-1.amazonaws.com/amazon/aws-network-policy-agent:v1.1.5-eksbuild.1,gpu-static
3547,aws-node-b7kk9,Pod,,created-timestamp,1742037921.0,602401143452.dkr.ecr.us-east-1.amazonaws.com/amazon/aws-network-policy-agent:v1.1.5-eksbuild.1,gpu-static
3548,aws-node-b7kk9,Pod,,created,0,602401143452.dkr.ecr.us-east-1.amazonaws.com/amazon/aws-network-policy-agent:v1.1.5-eksbuild.1,gpu-static
3549,aws-node-b7kk9,Pod,,started-timestamp,1742037921.0,602401143452.dkr.ecr.us-east-1.amazonaws.com/amazon/aws-network-policy-agent:v1.1.5-eksbuild.1,gpu-static
3550,aws-node-b7kk9,Pod,,started,0,602401143452.dkr.ecr.us-east-1.amazonaws.com/amazon/aws-network-policy-agent:v1.1.5-eksbuild.1,gpu-static
3551,aws-node-b7kk9,Pod,,pulled,1.523240914,602401143452.dkr.ecr.us-east-1.amazonaws.com/amazon/aws-network-policy-agent:v1.1.5-eksbuild.1,gpu-static
3552,aws-node-ffp7g,Pod,,pulled-timestamp,1742037925.0,602401143452.dkr.ecr.us-east-1.amazonaws.com/amazon/aws-network-policy-agent:v1.1.5-eksbuild.1,gpu-static
3553,aws-node-ffp7g,Pod,,pulling-timestamp,1742037924.0,602401143452.dkr.ecr.us-east-1.amazonaws.com/amazon/aws-network-policy-agent:v1.1.5-eksbuild.1,gpu-static
3554,aws-node-ffp7g,Pod,,scheduled-timestamp,1742037911.0,602401143452.dkr.ecr.us-east-1.amazonaws.com/amazon/aws-network-policy-agent:v1.1.5-eksbuild.1,gpu-static
3555,aws-node-ffp7g,Pod,,created-timestamp,1742037925.0,602401143452.dkr.ecr.us-east-1.amazonaws.com/amazon/aws-network-policy-agent:v1.1.5-eksbuild.1,gpu-static
3556,aws-node-ffp7g,Pod,,created,0,602401143452.dkr.ecr.us-east-1.amazonaws.com/amazon/aws-network-policy-agent:v1.1.5-eksbuild.1,gpu-static
3557,aws-node-ffp7g,Pod,,started-timestamp,1742037925.0,602401143452.dkr.ecr.us-east-1.amazonaws.com/amazon/aws-network-policy-agent:v1.1.5-eksbuild.1,gpu-static
3558,aws-node-ffp7g,Pod,,started,0,602401143452.dkr.ecr.us-east-1.amazonaws.com/amazon/aws-network-policy-agent:v1.1.5-eksbuild.1,gpu-static
3559,aws-node-ffp7g,Pod,,pulled,1.494789225,602401143452.dkr.ecr.us-east-1.amazonaws.com/amazon/aws-network-policy-agent:v1.1.5-eksbuild.1,gpu-static
3560,aws-node-gxvgj,Pod,,pulled-timestamp,1742037918.0,602401143452.dkr.ecr.us-east-1.amazonaws.com/amazon/aws-network-policy-agent:v1.1.5-eksbuild.1,gpu-static
3561,aws-node-gxvgj,Pod,,pulling-timestamp,1742037917.0,602401143452.dkr.ecr.us-east-1.amazonaws.com/amazon/aws-network-policy-agent:v1.1.5-eksbuild.1,gpu-static
3562,aws-node-gxvgj,Pod,,scheduled-timestamp,1742037904.0,602401143452.dkr.ecr.us-east-1.amazonaws.com/amazon/aws-network-policy-agent:v1.1.5-eksbuild.1,gpu-static
3563,aws-node-gxvgj,Pod,,created-timestamp,1742037918.0,602401143452.dkr.ecr.us-east-1.amazonaws.com/amazon/aws-network-policy-agent:v1.1.5-eksbuild.1,gpu-static
3564,aws-node-gxvgj,Pod,,created,0,602401143452.dkr.ecr.us-east-1.amazonaws.com/amazon/aws-network-policy-agent:v1.1.5-eksbuild.1,gpu-static
3565,aws-node-gxvgj,Pod,,started-timestamp,1742037918.0,602401143452.dkr.ecr.us-east-1.amazonaws.com/amazon/aws-network-policy-agent:v1.1.5-eksbuild.1,gpu-static
3566,aws-node-gxvgj,Pod,,started,0,602401143452.dkr.ecr.us-east-1.amazonaws.com/amazon/aws-network-policy-agent:v1.1.5-eksbuild.1,gpu-static
3567,aws-node-gxvgj,Pod,,pulled,1.443073546,602401143452.dkr.ecr.us-east-1.amazonaws.com/amazon/aws-network-policy-agent:v1.1.5-eksbuild.1,gpu-static
3568,aws-node-kht2t,Pod,,pulled-timestamp,1742037892.0,602401143452.dkr.ecr.us-east-1.amazonaws.com/amazon/aws-network-policy-agent:v1.1.5-eksbuild.1,gpu-static
3569,aws-node-kht2t,Pod,,pulling-timestamp,1742037891.0,602401143452.dkr.ecr.us-east-1.amazonaws.com/amazon/aws-network-policy-agent:v1.1.5-eksbuild.1,gpu-static
3570,aws-node-kht2t,Pod,,scheduled-timestamp,1742037880.0,602401143452.dkr.ecr.us-east-1.amazonaws.com/amazon/aws-network-policy-agent:v1.1.5-eksbuild.1,gpu-static
3571,aws-node-kht2t,Pod,,created-timestamp,1742037892.0,602401143452.dkr.ecr.us-east-1.amazonaws.com/amazon/aws-network-policy-agent:v1.1.5-eksbuild.1,gpu-static
3572,aws-node-kht2t,Pod,,created,0,602401143452.dkr.ecr.us-east-1.amazonaws.com/amazon/aws-network-policy-agent:v1.1.5-eksbuild.1,gpu-static
3573,aws-node-kht2t,Pod,,started-timestamp,1742037892.0,602401143452.dkr.ecr.us-east-1.amazonaws.com/amazon/aws-network-policy-agent:v1.1.5-eksbuild.1,gpu-static
3574,aws-node-kht2t,Pod,,started,0,602401143452.dkr.ecr.us-east-1.amazonaws.com/amazon/aws-network-policy-agent:v1.1.5-eksbuild.1,gpu-static
3575,aws-node-kht2t,Pod,,pulled,1.021160541,602401143452.dkr.ecr.us-east-1.amazonaws.com/amazon/aws-network-policy-agent:v1.1.5-eksbuild.1,gpu-static
3576,aws-node-pxzpn,Pod,,pulled-timestamp,1742037919.0,602401143452.dkr.ecr.us-east-1.amazonaws.com/amazon/aws-network-policy-agent:v1.1.5-eksbuild.1,gpu-static
3577,aws-node-pxzpn,Pod,,pulling-timestamp,1742037918.0,602401143452.dkr.ecr.us-east-1.amazonaws.com/amazon/aws-network-policy-agent:v1.1.5-eksbuild.1,gpu-static
3578,aws-node-pxzpn,Pod,,scheduled-timestamp,1742037907.0,602401143452.dkr.ecr.us-east-1.amazonaws.com/amazon/aws-network-policy-agent:v1.1.5-eksbuild.1,gpu-static
3579,aws-node-pxzpn,Pod,,created-timestamp,1742037919.0,602401143452.dkr.ecr.us-east-1.amazonaws.com/amazon/aws-network-policy-agent:v1.1.5-eksbuild.1,gpu-static
3580,aws-node-pxzpn,Pod,,created,0,602401143452.dkr.ecr.us-east-1.amazonaws.com/amazon/aws-network-policy-agent:v1.1.5-eksbuild.1,gpu-static
3581,aws-node-pxzpn,Pod,,started-timestamp,1742037920.0,602401143452.dkr.ecr.us-east-1.amazonaws.com/amazon/aws-network-policy-agent:v1.1.5-eksbuild.1,gpu-static
3582,aws-node-pxzpn,Pod,,started,1,602401143452.dkr.ecr.us-east-1.amazonaws.com/amazon/aws-network-policy-agent:v1.1.5-eksbuild.1,gpu-static
3583,aws-node-pxzpn,Pod,,pulled,1.490494119,602401143452.dkr.ecr.us-east-1.amazonaws.com/amazon/aws-network-policy-agent:v1.1.5-eksbuild.1,gpu-static
3584,aws-node-qntd6,Pod,,pulled-timestamp,1742037920.0,602401143452.dkr.ecr.us-east-1.amazonaws.com/amazon/aws-network-policy-agent:v1.1.5-eksbuild.1,gpu-static
3585,aws-node-qntd6,Pod,,pulling-timestamp,1742037919.0,602401143452.dkr.ecr.us-east-1.amazonaws.com/amazon/aws-network-policy-agent:v1.1.5-eksbuild.1,gpu-static
3586,aws-node-qntd6,Pod,,scheduled-timestamp,1742037910.0,602401143452.dkr.ecr.us-east-1.amazonaws.com/amazon/aws-network-policy-agent:v1.1.5-eksbuild.1,gpu-static
3587,aws-node-qntd6,Pod,,created-timestamp,1742037920.0,602401143452.dkr.ecr.us-east-1.amazonaws.com/amazon/aws-network-policy-agent:v1.1.5-eksbuild.1,gpu-static
3588,aws-node-qntd6,Pod,,created,0,602401143452.dkr.ecr.us-east-1.amazonaws.com/amazon/aws-network-policy-agent:v1.1.5-eksbuild.1,gpu-static
3589,aws-node-qntd6,Pod,,started-timestamp,1742037920.0,602401143452.dkr.ecr.us-east-1.amazonaws.com/amazon/aws-network-policy-agent:v1.1.5-eksbuild.1,gpu-static
3590,aws-node-qntd6,Pod,,started,0,602401143452.dkr.ecr.us-east-1.amazonaws.com/amazon/aws-network-policy-agent:v1.1.5-eksbuild.1,gpu-static
3591,aws-node-qntd6,Pod,,pulled,1.501362956,602401143452.dkr.ecr.us-east-1.amazonaws.com/amazon/aws-network-policy-agent:v1.1.5-eksbuild.1,gpu-static
3592,coredns-d9b6d6c7d-btwdl,Pod,,pulled-timestamp,1742037895.0,602401143452.dkr.ecr.us-east-1.amazonaws.com/eks/coredns:v1.10.1-eksbuild.4,gpu-static
3593,coredns-d9b6d6c7d-btwdl,Pod,,pulling-timestamp,1742037894.0,602401143452.dkr.ecr.us-east-1.amazonaws.com/eks/coredns:v1.10.1-eksbuild.4,gpu-static
3594,coredns-d9b6d6c7d-btwdl,Pod,,scheduled-timestamp,1742037893.0,602401143452.dkr.ecr.us-east-1.amazonaws.com/eks/coredns:v1.10.1-eksbuild.4,gpu-static
3595,coredns-d9b6d6c7d-btwdl,Pod,,created-timestamp,1742037895.0,602401143452.dkr.ecr.us-east-1.amazonaws.com/eks/coredns:v1.10.1-eksbuild.4,gpu-static
3596,coredns-d9b6d6c7d-btwdl,Pod,,created,0,602401143452.dkr.ecr.us-east-1.amazonaws.com/eks/coredns:v1.10.1-eksbuild.4,gpu-static
3597,coredns-d9b6d6c7d-btwdl,Pod,,started-timestamp,1742037895.0,602401143452.dkr.ecr.us-east-1.amazonaws.com/eks/coredns:v1.10.1-eksbuild.4,gpu-static
3598,coredns-d9b6d6c7d-btwdl,Pod,,started,0,602401143452.dkr.ecr.us-east-1.amazonaws.com/eks/coredns:v1.10.1-eksbuild.4,gpu-static
3599,coredns-d9b6d6c7d-btwdl,Pod,,pulled,0.768758246,602401143452.dkr.ecr.us-east-1.amazonaws.com/eks/coredns:v1.10.1-eksbuild.4,gpu-static
3600,coredns-d9b6d6c7d-n9rtc,Pod,,pulled-timestamp,1742037895.0,602401143452.dkr.ecr.us-east-1.amazonaws.com/eks/coredns:v1.10.1-eksbuild.4,gpu-static
3601,coredns-d9b6d6c7d-n9rtc,Pod,,pulling-timestamp,1742037894.0,602401143452.dkr.ecr.us-east-1.amazonaws.com/eks/coredns:v1.10.1-eksbuild.4,gpu-static
3602,coredns-d9b6d6c7d-n9rtc,Pod,,scheduled-timestamp,1742037893.0,602401143452.dkr.ecr.us-east-1.amazonaws.com/eks/coredns:v1.10.1-eksbuild.4,gpu-static
3603,coredns-d9b6d6c7d-n9rtc,Pod,,created-timestamp,1742037895.0,602401143452.dkr.ecr.us-east-1.amazonaws.com/eks/coredns:v1.10.1-eksbuild.4,gpu-static
3604,coredns-d9b6d6c7d-n9rtc,Pod,,created,0,602401143452.dkr.ecr.us-east-1.amazonaws.com/eks/coredns:v1.10.1-eksbuild.4,gpu-static
3605,coredns-d9b6d6c7d-n9rtc,Pod,,started-timestamp,1742037895.0,602401143452.dkr.ecr.us-east-1.amazonaws.com/eks/coredns:v1.10.1-eksbuild.4,gpu-static
3606,coredns-d9b6d6c7d-n9rtc,Pod,,started,0,602401143452.dkr.ecr.us-east-1.amazonaws.com/eks/coredns:v1.10.1-eksbuild.4,gpu-static
3607,coredns-d9b6d6c7d-n9rtc,Pod,,pulled,0.7953676080000001,602401143452.dkr.ecr.us-east-1.amazonaws.com/eks/coredns:v1.10.1-eksbuild.4,gpu-static
3608,metrics-server-7794986bdb-ftrr4,Pod,,pulled-timestamp,1742037896.0,602401143452.dkr.ecr.us-east-1.amazonaws.com/eks/metrics-server:v0.7.2-eksbuild.2,gpu-static
3609,metrics-server-7794986bdb-ftrr4,Pod,,pulling-timestamp,1742037894.0,602401143452.dkr.ecr.us-east-1.amazonaws.com/eks/metrics-server:v0.7.2-eksbuild.2,gpu-static
3610,metrics-server-7794986bdb-ftrr4,Pod,,scheduled-timestamp,1742037893.0,602401143452.dkr.ecr.us-east-1.amazonaws.com/eks/metrics-server:v0.7.2-eksbuild.2,gpu-static
3611,metrics-server-7794986bdb-ftrr4,Pod,,created-timestamp,1742037896.0,602401143452.dkr.ecr.us-east-1.amazonaws.com/eks/metrics-server:v0.7.2-eksbuild.2,gpu-static
3612,metrics-server-7794986bdb-ftrr4,Pod,,created,0,602401143452.dkr.ecr.us-east-1.amazonaws.com/eks/metrics-server:v0.7.2-eksbuild.2,gpu-static
3613,metrics-server-7794986bdb-ftrr4,Pod,,started-timestamp,1742037896.0,602401143452.dkr.ecr.us-east-1.amazonaws.com/eks/metrics-server:v0.7.2-eksbuild.2,gpu-static
3614,metrics-server-7794986bdb-ftrr4,Pod,,started,0,602401143452.dkr.ecr.us-east-1.amazonaws.com/eks/metrics-server:v0.7.2-eksbuild.2,gpu-static
3615,metrics-server-7794986bdb-ftrr4,Pod,,pulled,1.185614706,602401143452.dkr.ecr.us-east-1.amazonaws.com/eks/metrics-server:v0.7.2-eksbuild.2,gpu-static
3616,metrics-server-7794986bdb-vx6h5,Pod,,pulled-timestamp,1742037896.0,602401143452.dkr.ecr.us-east-1.amazonaws.com/eks/metrics-server:v0.7.2-eksbuild.2,gpu-static
3617,metrics-server-7794986bdb-vx6h5,Pod,,pulling-timestamp,1742037894.0,602401143452.dkr.ecr.us-east-1.amazonaws.com/eks/metrics-server:v0.7.2-eksbuild.2,gpu-static
3618,metrics-server-7794986bdb-vx6h5,Pod,,scheduled-timestamp,1742037893.0,602401143452.dkr.ecr.us-east-1.amazonaws.com/eks/metrics-server:v0.7.2-eksbuild.2,gpu-static
3619,metrics-server-7794986bdb-vx6h5,Pod,,created-timestamp,1742037896.0,602401143452.dkr.ecr.us-east-1.amazonaws.com/eks/metrics-server:v0.7.2-eksbuild.2,gpu-static
3620,metrics-server-7794986bdb-vx6h5,Pod,,created,0,602401143452.dkr.ecr.us-east-1.amazonaws.com/eks/metrics-server:v0.7.2-eksbuild.2,gpu-static
3621,metrics-server-7794986bdb-vx6h5,Pod,,started-timestamp,1742037896.0,602401143452.dkr.ecr.us-east-1.amazonaws.com/eks/metrics-server:v0.7.2-eksbuild.2,gpu-static
3622,metrics-server-7794986bdb-vx6h5,Pod,,started,0,602401143452.dkr.ecr.us-east-1.amazonaws.com/eks/metrics-server:v0.7.2-eksbuild.2,gpu-static
3623,metrics-server-7794986bdb-vx6h5,Pod,,pulled,1.16011177,602401143452.dkr.ecr.us-east-1.amazonaws.com/eks/metrics-server:v0.7.2-eksbuild.2,gpu-static
3624,nvidia-device-plugin-daemonset-6xpgl,Pod,,pulled-timestamp,1742037977.0,nvcr.io/nvidia/k8s-device-plugin:v0.17.0,gpu-static
3625,nvidia-device-plugin-daemonset-6xpgl,Pod,,pulling-timestamp,1742037969.0,nvcr.io/nvidia/k8s-device-plugin:v0.17.0,gpu-static
3626,nvidia-device-plugin-daemonset-6xpgl,Pod,,scheduled-timestamp,1742037969.0,nvcr.io/nvidia/k8s-device-plugin:v0.17.0,gpu-static
3627,nvidia-device-plugin-daemonset-6xpgl,Pod,,created-timestamp,1742037977.0,nvcr.io/nvidia/k8s-device-plugin:v0.17.0,gpu-static
3628,nvidia-device-plugin-daemonset-6xpgl,Pod,,created,0,nvcr.io/nvidia/k8s-device-plugin:v0.17.0,gpu-static
3629,nvidia-device-plugin-daemonset-6xpgl,Pod,,started-timestamp,1742037978.0,nvcr.io/nvidia/k8s-device-plugin:v0.17.0,gpu-static
3630,nvidia-device-plugin-daemonset-6xpgl,Pod,,started,1,nvcr.io/nvidia/k8s-device-plugin:v0.17.0,gpu-static
3631,nvidia-device-plugin-daemonset-6xpgl,Pod,,pulled,8.309623503,nvcr.io/nvidia/k8s-device-plugin:v0.17.0,gpu-static
3632,nvidia-device-plugin-daemonset-c8c2l,Pod,,pulled-timestamp,1742037978.0,nvcr.io/nvidia/k8s-device-plugin:v0.17.0,gpu-static
3633,nvidia-device-plugin-daemonset-c8c2l,Pod,,pulling-timestamp,1742037969.0,nvcr.io/nvidia/k8s-device-plugin:v0.17.0,gpu-static
3634,nvidia-device-plugin-daemonset-c8c2l,Pod,,scheduled-timestamp,1742037969.0,nvcr.io/nvidia/k8s-device-plugin:v0.17.0,gpu-static
3635,nvidia-device-plugin-daemonset-c8c2l,Pod,,created-timestamp,1742037978.0,nvcr.io/nvidia/k8s-device-plugin:v0.17.0,gpu-static
3636,nvidia-device-plugin-daemonset-c8c2l,Pod,,created,0,nvcr.io/nvidia/k8s-device-plugin:v0.17.0,gpu-static
3637,nvidia-device-plugin-daemonset-c8c2l,Pod,,started-timestamp,1742037980.0,nvcr.io/nvidia/k8s-device-plugin:v0.17.0,gpu-static
3638,nvidia-device-plugin-daemonset-c8c2l,Pod,,started,2,nvcr.io/nvidia/k8s-device-plugin:v0.17.0,gpu-static
3639,nvidia-device-plugin-daemonset-c8c2l,Pod,,pulled,8.904883493,nvcr.io/nvidia/k8s-device-plugin:v0.17.0,gpu-static
3640,nvidia-device-plugin-daemonset-hpxs6,Pod,,pulled-timestamp,1742037974.0,nvcr.io/nvidia/k8s-device-plugin:v0.17.0,gpu-static
3641,nvidia-device-plugin-daemonset-hpxs6,Pod,,pulling-timestamp,1742037969.0,nvcr.io/nvidia/k8s-device-plugin:v0.17.0,gpu-static
3642,nvidia-device-plugin-daemonset-hpxs6,Pod,,scheduled-timestamp,1742037969.0,nvcr.io/nvidia/k8s-device-plugin:v0.17.0,gpu-static
3643,nvidia-device-plugin-daemonset-hpxs6,Pod,,created-timestamp,1742037974.0,nvcr.io/nvidia/k8s-device-plugin:v0.17.0,gpu-static
3644,nvidia-device-plugin-daemonset-hpxs6,Pod,,created,0,nvcr.io/nvidia/k8s-device-plugin:v0.17.0,gpu-static
3645,nvidia-device-plugin-daemonset-hpxs6,Pod,,started-timestamp,1742037974.0,nvcr.io/nvidia/k8s-device-plugin:v0.17.0,gpu-static
3646,nvidia-device-plugin-daemonset-hpxs6,Pod,,started,0,nvcr.io/nvidia/k8s-device-plugin:v0.17.0,gpu-static
3647,nvidia-device-plugin-daemonset-hpxs6,Pod,,pulled,4.807584962,nvcr.io/nvidia/k8s-device-plugin:v0.17.0,gpu-static
3648,nvidia-device-plugin-daemonset-pgvdn,Pod,,pulled-timestamp,1742037978.0,nvcr.io/nvidia/k8s-device-plugin:v0.17.0,gpu-static
3649,nvidia-device-plugin-daemonset-pgvdn,Pod,,pulling-timestamp,1742037969.0,nvcr.io/nvidia/k8s-device-plugin:v0.17.0,gpu-static
3650,nvidia-device-plugin-daemonset-pgvdn,Pod,,scheduled-timestamp,1742037969.0,nvcr.io/nvidia/k8s-device-plugin:v0.17.0,gpu-static
3651,nvidia-device-plugin-daemonset-pgvdn,Pod,,created-timestamp,1742037978.0,nvcr.io/nvidia/k8s-device-plugin:v0.17.0,gpu-static
3652,nvidia-device-plugin-daemonset-pgvdn,Pod,,created,0,nvcr.io/nvidia/k8s-device-plugin:v0.17.0,gpu-static
3653,nvidia-device-plugin-daemonset-pgvdn,Pod,,started-timestamp,1742037978.0,nvcr.io/nvidia/k8s-device-plugin:v0.17.0,gpu-static
3654,nvidia-device-plugin-daemonset-pgvdn,Pod,,started,0,nvcr.io/nvidia/k8s-device-plugin:v0.17.0,gpu-static
3655,nvidia-device-plugin-daemonset-pgvdn,Pod,,pulled,8.388123932,nvcr.io/nvidia/k8s-device-plugin:v0.17.0,gpu-static
3656,nvidia-device-plugin-daemonset-qx2h5,Pod,,pulled-timestamp,1742037978.0,nvcr.io/nvidia/k8s-device-plugin:v0.17.0,gpu-static
3657,nvidia-device-plugin-daemonset-qx2h5,Pod,,pulling-timestamp,1742037969.0,nvcr.io/nvidia/k8s-device-plugin:v0.17.0,gpu-static
3658,nvidia-device-plugin-daemonset-qx2h5,Pod,,scheduled-timestamp,1742037969.0,nvcr.io/nvidia/k8s-device-plugin:v0.17.0,gpu-static
3659,nvidia-device-plugin-daemonset-qx2h5,Pod,,created-timestamp,1742037978.0,nvcr.io/nvidia/k8s-device-plugin:v0.17.0,gpu-static
3660,nvidia-device-plugin-daemonset-qx2h5,Pod,,created,0,nvcr.io/nvidia/k8s-device-plugin:v0.17.0,gpu-static
3661,nvidia-device-plugin-daemonset-qx2h5,Pod,,started-timestamp,1742037979.0,nvcr.io/nvidia/k8s-device-plugin:v0.17.0,gpu-static
3662,nvidia-device-plugin-daemonset-qx2h5,Pod,,started,1,nvcr.io/nvidia/k8s-device-plugin:v0.17.0,gpu-static
3663,nvidia-device-plugin-daemonset-qx2h5,Pod,,pulled,8.578561722,nvcr.io/nvidia/k8s-device-plugin:v0.17.0,gpu-static
3664,nvidia-device-plugin-daemonset-tpnpd,Pod,,pulled-timestamp,1742037978.0,nvcr.io/nvidia/k8s-device-plugin:v0.17.0,gpu-static
3665,nvidia-device-plugin-daemonset-tpnpd,Pod,,pulling-timestamp,1742037969.0,nvcr.io/nvidia/k8s-device-plugin:v0.17.0,gpu-static
3666,nvidia-device-plugin-daemonset-tpnpd,Pod,,scheduled-timestamp,1742037969.0,nvcr.io/nvidia/k8s-device-plugin:v0.17.0,gpu-static
3667,nvidia-device-plugin-daemonset-tpnpd,Pod,,created-timestamp,1742037978.0,nvcr.io/nvidia/k8s-device-plugin:v0.17.0,gpu-static
3668,nvidia-device-plugin-daemonset-tpnpd,Pod,,created,0,nvcr.io/nvidia/k8s-device-plugin:v0.17.0,gpu-static
3669,nvidia-device-plugin-daemonset-tpnpd,Pod,,started-timestamp,1742037979.0,nvcr.io/nvidia/k8s-device-plugin:v0.17.0,gpu-static
3670,nvidia-device-plugin-daemonset-tpnpd,Pod,,started,1,nvcr.io/nvidia/k8s-device-plugin:v0.17.0,gpu-static
3671,nvidia-device-plugin-daemonset-tpnpd,Pod,,pulled,8.812400254,nvcr.io/nvidia/k8s-device-plugin:v0.17.0,gpu-static
3672,nvidia-device-plugin-daemonset-vdtdv,Pod,,pulled-timestamp,1742037977.0,nvcr.io/nvidia/k8s-device-plugin:v0.17.0,gpu-static
3673,nvidia-device-plugin-daemonset-vdtdv,Pod,,pulling-timestamp,1742037969.0,nvcr.io/nvidia/k8s-device-plugin:v0.17.0,gpu-static
3674,nvidia-device-plugin-daemonset-vdtdv,Pod,,scheduled-timestamp,1742037969.0,nvcr.io/nvidia/k8s-device-plugin:v0.17.0,gpu-static
3675,nvidia-device-plugin-daemonset-vdtdv,Pod,,created-timestamp,1742037977.0,nvcr.io/nvidia/k8s-device-plugin:v0.17.0,gpu-static
3676,nvidia-device-plugin-daemonset-vdtdv,Pod,,created,0,nvcr.io/nvidia/k8s-device-plugin:v0.17.0,gpu-static
3677,nvidia-device-plugin-daemonset-vdtdv,Pod,,started-timestamp,1742037978.0,nvcr.io/nvidia/k8s-device-plugin:v0.17.0,gpu-static
3678,nvidia-device-plugin-daemonset-vdtdv,Pod,,started,1,nvcr.io/nvidia/k8s-device-plugin:v0.17.0,gpu-static
3679,nvidia-device-plugin-daemonset-vdtdv,Pod,,pulled,8.186060199,nvcr.io/nvidia/k8s-device-plugin:v0.17.0,gpu-static
3680,event-exporter-cdd6c96-l2qrt,Pod,,pulled-timestamp,1742038017.0,ghcr.io/resmoio/kubernetes-event-exporter:latest,gpu-static
3681,event-exporter-cdd6c96-l2qrt,Pod,,pulling-timestamp,1742038016.0,ghcr.io/resmoio/kubernetes-event-exporter:latest,gpu-static
3682,event-exporter-cdd6c96-l2qrt,Pod,,scheduled-timestamp,1742038015.0,ghcr.io/resmoio/kubernetes-event-exporter:latest,gpu-static
3683,event-exporter-cdd6c96-l2qrt,Pod,,created-timestamp,1742038017.0,ghcr.io/resmoio/kubernetes-event-exporter:latest,gpu-static
3684,event-exporter-cdd6c96-l2qrt,Pod,,created,0,ghcr.io/resmoio/kubernetes-event-exporter:latest,gpu-static
3685,event-exporter-cdd6c96-l2qrt,Pod,,started-timestamp,1742038017.0,ghcr.io/resmoio/kubernetes-event-exporter:latest,gpu-static
3686,event-exporter-cdd6c96-l2qrt,Pod,,started,0,ghcr.io/resmoio/kubernetes-event-exporter:latest,gpu-static
3687,event-exporter-cdd6c96-l2qrt,Pod,,pulled,0.921414728,ghcr.io/resmoio/kubernetes-event-exporter:latest,gpu-static
3688,state-machine-operator-controller-manager-5b58c5f4b8-rtn2d,Pod,,pulled-timestamp,1742038045.0,ghcr.io/converged-computing/state-machine-operator@sha256:4fbec679024f006562108190b7573ee9c62fdffdb77ecc8b3f81ae25461849b9,gpu-static
3689,state-machine-operator-controller-manager-5b58c5f4b8-rtn2d,Pod,,pulling-timestamp,1742038044.0,ghcr.io/converged-computing/state-machine-operator@sha256:4fbec679024f006562108190b7573ee9c62fdffdb77ecc8b3f81ae25461849b9,gpu-static
3690,state-machine-operator-controller-manager-5b58c5f4b8-rtn2d,Pod,,scheduled-timestamp,1742038043.0,ghcr.io/converged-computing/state-machine-operator@sha256:4fbec679024f006562108190b7573ee9c62fdffdb77ecc8b3f81ae25461849b9,gpu-static
3691,state-machine-operator-controller-manager-5b58c5f4b8-rtn2d,Pod,,created-timestamp,1742038045.0,ghcr.io/converged-computing/state-machine-operator@sha256:4fbec679024f006562108190b7573ee9c62fdffdb77ecc8b3f81ae25461849b9,gpu-static
3692,state-machine-operator-controller-manager-5b58c5f4b8-rtn2d,Pod,,created,0,ghcr.io/converged-computing/state-machine-operator@sha256:4fbec679024f006562108190b7573ee9c62fdffdb77ecc8b3f81ae25461849b9,gpu-static
3693,state-machine-operator-controller-manager-5b58c5f4b8-rtn2d,Pod,,started-timestamp,1742038045.0,ghcr.io/converged-computing/state-machine-operator@sha256:4fbec679024f006562108190b7573ee9c62fdffdb77ecc8b3f81ae25461849b9,gpu-static
3694,state-machine-operator-controller-manager-5b58c5f4b8-rtn2d,Pod,,started,0,ghcr.io/converged-computing/state-machine-operator@sha256:4fbec679024f006562108190b7573ee9c62fdffdb77ecc8b3f81ae25461849b9,gpu-static
3695,state-machine-operator-controller-manager-5b58c5f4b8-rtn2d,Pod,,pulled,0.8192660620000001,ghcr.io/converged-computing/state-machine-operator@sha256:4fbec679024f006562108190b7573ee9c62fdffdb77ecc8b3f81ae25461849b9,gpu-static
3696,mummi-manager-d6f98c7dd-h6bl2,Pod,,pulled-timestamp,1742038066.0,ghcr.io/converged-computing/state-machine-operator:manager,gpu-static
3697,mummi-manager-d6f98c7dd-h6bl2,Pod,,pulling-timestamp,1742038059.0,ghcr.io/converged-computing/state-machine-operator:manager,gpu-static
3698,mummi-manager-d6f98c7dd-h6bl2,Pod,,scheduled-timestamp,1742038058.0,ghcr.io/converged-computing/state-machine-operator:manager,gpu-static
3699,mummi-manager-d6f98c7dd-h6bl2,Pod,,created-timestamp,1742038066.0,ghcr.io/converged-computing/state-machine-operator:manager,gpu-static
3700,mummi-manager-d6f98c7dd-h6bl2,Pod,,created,0,ghcr.io/converged-computing/state-machine-operator:manager,gpu-static
3701,mummi-manager-d6f98c7dd-h6bl2,Pod,,started-timestamp,1742038066.0,ghcr.io/converged-computing/state-machine-operator:manager,gpu-static
3702,mummi-manager-d6f98c7dd-h6bl2,Pod,,started,0,ghcr.io/converged-computing/state-machine-operator:manager,gpu-static
3703,mummi-manager-d6f98c7dd-h6bl2,Pod,,pulled,7.100355761,ghcr.io/converged-computing/state-machine-operator:manager,gpu-static
3704,mlrunner-structure-062429791,Job,mlrunner,successfulcreate-timestamp,1742038066.0,,gpu-static
3705,mlrunner-structure-062429791,Job,mlrunner,completed-timestamp,1742038486.0,,gpu-static
3706,mlrunner-structure-062429791,Job,mlrunner,running,420,,gpu-static
3707,mlrunner-structure-062429791-znst6,Pod,,pulled-timestamp,1742038416.0,633731392008.dkr.ecr.us-east-1.amazonaws.com/mini-mummi:mlrunner-gpu,gpu-static
3708,mlrunner-structure-062429791-znst6,Pod,,pulling-timestamp,1742038067.0,633731392008.dkr.ecr.us-east-1.amazonaws.com/mini-mummi:mlrunner-gpu,gpu-static
3709,mlrunner-structure-062429791-znst6,Pod,,scheduled-timestamp,1742038066.0,633731392008.dkr.ecr.us-east-1.amazonaws.com/mini-mummi:mlrunner-gpu,gpu-static
3710,mlrunner-structure-062429791-znst6,Pod,,created-timestamp,1742038417.0,633731392008.dkr.ecr.us-east-1.amazonaws.com/mini-mummi:mlrunner-gpu,gpu-static
3711,mlrunner-structure-062429791-znst6,Pod,,created,1,633731392008.dkr.ecr.us-east-1.amazonaws.com/mini-mummi:mlrunner-gpu,gpu-static
3712,mlrunner-structure-062429791-znst6,Pod,,started-timestamp,1742038417.0,633731392008.dkr.ecr.us-east-1.amazonaws.com/mini-mummi:mlrunner-gpu,gpu-static
3713,mlrunner-structure-062429791-znst6,Pod,,started,0,633731392008.dkr.ecr.us-east-1.amazonaws.com/mini-mummi:mlrunner-gpu,gpu-static
3714,mlrunner-structure-062429791-znst6,Pod,,pulled,349.429394069,633731392008.dkr.ecr.us-east-1.amazonaws.com/mini-mummi:mlrunner-gpu,gpu-static
3715,mlrunner-structure-016995260,Job,mlrunner,successfulcreate-timestamp,1742038066.0,,gpu-static
3716,mlrunner-structure-016995260,Job,mlrunner,completed-timestamp,1742038485.0,,gpu-static
3717,mlrunner-structure-016995260,Job,mlrunner,running,419,,gpu-static
3718,mlrunner-structure-049675686,Job,mlrunner,successfulcreate-timestamp,1742038066.0,,gpu-static
3719,mlrunner-structure-049675686,Job,mlrunner,completed-timestamp,1742038483.0,,gpu-static
3720,mlrunner-structure-049675686,Job,mlrunner,running,417,,gpu-static
3721,mlrunner-structure-049675686-rw7m5,Pod,,pulled-timestamp,1742038413.0,633731392008.dkr.ecr.us-east-1.amazonaws.com/mini-mummi:mlrunner-gpu,gpu-static
3722,mlrunner-structure-049675686-rw7m5,Pod,,pulling-timestamp,1742038067.0,633731392008.dkr.ecr.us-east-1.amazonaws.com/mini-mummi:mlrunner-gpu,gpu-static
3723,mlrunner-structure-049675686-rw7m5,Pod,,scheduled-timestamp,1742038066.0,633731392008.dkr.ecr.us-east-1.amazonaws.com/mini-mummi:mlrunner-gpu,gpu-static
3724,mlrunner-structure-049675686-rw7m5,Pod,,created-timestamp,1742038414.0,633731392008.dkr.ecr.us-east-1.amazonaws.com/mini-mummi:mlrunner-gpu,gpu-static
3725,mlrunner-structure-049675686-rw7m5,Pod,,created,1,633731392008.dkr.ecr.us-east-1.amazonaws.com/mini-mummi:mlrunner-gpu,gpu-static
3726,mlrunner-structure-049675686-rw7m5,Pod,,started-timestamp,1742038414.0,633731392008.dkr.ecr.us-east-1.amazonaws.com/mini-mummi:mlrunner-gpu,gpu-static
3727,mlrunner-structure-049675686-rw7m5,Pod,,started,0,633731392008.dkr.ecr.us-east-1.amazonaws.com/mini-mummi:mlrunner-gpu,gpu-static
3728,mlrunner-structure-049675686-rw7m5,Pod,,pulled,346.19123582,633731392008.dkr.ecr.us-east-1.amazonaws.com/mini-mummi:mlrunner-gpu,gpu-static
3729,mlrunner-structure-016995260-wkkns,Pod,,pulled-timestamp,1742038415.0,633731392008.dkr.ecr.us-east-1.amazonaws.com/mini-mummi:mlrunner-gpu,gpu-static
3730,mlrunner-structure-016995260-wkkns,Pod,,pulling-timestamp,1742038067.0,633731392008.dkr.ecr.us-east-1.amazonaws.com/mini-mummi:mlrunner-gpu,gpu-static
3731,mlrunner-structure-016995260-wkkns,Pod,,scheduled-timestamp,1742038066.0,633731392008.dkr.ecr.us-east-1.amazonaws.com/mini-mummi:mlrunner-gpu,gpu-static
3732,mlrunner-structure-016995260-wkkns,Pod,,created-timestamp,1742038415.0,633731392008.dkr.ecr.us-east-1.amazonaws.com/mini-mummi:mlrunner-gpu,gpu-static
3733,mlrunner-structure-016995260-wkkns,Pod,,created,0,633731392008.dkr.ecr.us-east-1.amazonaws.com/mini-mummi:mlrunner-gpu,gpu-static
3734,mlrunner-structure-016995260-wkkns,Pod,,started-timestamp,1742038416.0,633731392008.dkr.ecr.us-east-1.amazonaws.com/mini-mummi:mlrunner-gpu,gpu-static
3735,mlrunner-structure-016995260-wkkns,Pod,,started,1,633731392008.dkr.ecr.us-east-1.amazonaws.com/mini-mummi:mlrunner-gpu,gpu-static
3736,mlrunner-structure-016995260-wkkns,Pod,,pulled,347.635057405,633731392008.dkr.ecr.us-east-1.amazonaws.com/mini-mummi:mlrunner-gpu,gpu-static
3737,mlrunner-structure-011275643,Job,mlrunner,successfulcreate-timestamp,1742038066.0,,gpu-static
3738,mlrunner-structure-011275643,Job,mlrunner,completed-timestamp,1742038487.0,,gpu-static
3739,mlrunner-structure-011275643,Job,mlrunner,running,421,,gpu-static
3740,mlrunner-structure-011275643-b578z,Pod,,pulled-timestamp,1742038415.0,633731392008.dkr.ecr.us-east-1.amazonaws.com/mini-mummi:mlrunner-gpu,gpu-static
3741,mlrunner-structure-011275643-b578z,Pod,,pulling-timestamp,1742038067.0,633731392008.dkr.ecr.us-east-1.amazonaws.com/mini-mummi:mlrunner-gpu,gpu-static
3742,mlrunner-structure-011275643-b578z,Pod,,scheduled-timestamp,1742038066.0,633731392008.dkr.ecr.us-east-1.amazonaws.com/mini-mummi:mlrunner-gpu,gpu-static
3743,mlrunner-structure-011275643-b578z,Pod,,created-timestamp,1742038415.0,633731392008.dkr.ecr.us-east-1.amazonaws.com/mini-mummi:mlrunner-gpu,gpu-static
3744,mlrunner-structure-011275643-b578z,Pod,,created,0,633731392008.dkr.ecr.us-east-1.amazonaws.com/mini-mummi:mlrunner-gpu,gpu-static
3745,mlrunner-structure-011275643-b578z,Pod,,started-timestamp,1742038416.0,633731392008.dkr.ecr.us-east-1.amazonaws.com/mini-mummi:mlrunner-gpu,gpu-static
3746,mlrunner-structure-011275643-b578z,Pod,,started,1,633731392008.dkr.ecr.us-east-1.amazonaws.com/mini-mummi:mlrunner-gpu,gpu-static
3747,mlrunner-structure-011275643-b578z,Pod,,pulled,348.124506489,633731392008.dkr.ecr.us-east-1.amazonaws.com/mini-mummi:mlrunner-gpu,gpu-static
3748,mlrunner-structure-063152374,Job,mlrunner,successfulcreate-timestamp,1742038066.0,,gpu-static
3749,mlrunner-structure-063152374,Job,mlrunner,completed-timestamp,1742038486.0,,gpu-static
3750,mlrunner-structure-063152374,Job,mlrunner,running,420,,gpu-static
3751,mlrunner-structure-063152374-tlcpr,Pod,,pulled-timestamp,1742038414.0,633731392008.dkr.ecr.us-east-1.amazonaws.com/mini-mummi:mlrunner-gpu,gpu-static
3752,mlrunner-structure-063152374-tlcpr,Pod,,pulling-timestamp,1742038067.0,633731392008.dkr.ecr.us-east-1.amazonaws.com/mini-mummi:mlrunner-gpu,gpu-static
3753,mlrunner-structure-063152374-tlcpr,Pod,,scheduled-timestamp,1742038066.0,633731392008.dkr.ecr.us-east-1.amazonaws.com/mini-mummi:mlrunner-gpu,gpu-static
3754,mlrunner-structure-063152374-tlcpr,Pod,,created-timestamp,1742038415.0,633731392008.dkr.ecr.us-east-1.amazonaws.com/mini-mummi:mlrunner-gpu,gpu-static
3755,mlrunner-structure-063152374-tlcpr,Pod,,created,1,633731392008.dkr.ecr.us-east-1.amazonaws.com/mini-mummi:mlrunner-gpu,gpu-static
3756,mlrunner-structure-063152374-tlcpr,Pod,,started-timestamp,1742038415.0,633731392008.dkr.ecr.us-east-1.amazonaws.com/mini-mummi:mlrunner-gpu,gpu-static
3757,mlrunner-structure-063152374-tlcpr,Pod,,started,0,633731392008.dkr.ecr.us-east-1.amazonaws.com/mini-mummi:mlrunner-gpu,gpu-static
3758,mlrunner-structure-063152374-tlcpr,Pod,,pulled,347.258802577,633731392008.dkr.ecr.us-east-1.amazonaws.com/mini-mummi:mlrunner-gpu,gpu-static
3759,mlrunner-structure-093343854,Job,mlrunner,successfulcreate-timestamp,1742038066.0,,gpu-static
3760,mlrunner-structure-093343854,Job,mlrunner,completed-timestamp,1742038488.0,,gpu-static
3761,mlrunner-structure-093343854,Job,mlrunner,running,422,,gpu-static
3762,mlrunner-structure-093343854-gfh7t,Pod,,pulled-timestamp,1742038418.0,633731392008.dkr.ecr.us-east-1.amazonaws.com/mini-mummi:mlrunner-gpu,gpu-static
3763,mlrunner-structure-093343854-gfh7t,Pod,,pulling-timestamp,1742038067.0,633731392008.dkr.ecr.us-east-1.amazonaws.com/mini-mummi:mlrunner-gpu,gpu-static
3764,mlrunner-structure-093343854-gfh7t,Pod,,scheduled-timestamp,1742038067.0,633731392008.dkr.ecr.us-east-1.amazonaws.com/mini-mummi:mlrunner-gpu,gpu-static
3765,mlrunner-structure-093343854-gfh7t,Pod,,created-timestamp,1742038419.0,633731392008.dkr.ecr.us-east-1.amazonaws.com/mini-mummi:mlrunner-gpu,gpu-static
3766,mlrunner-structure-093343854-gfh7t,Pod,,created,1,633731392008.dkr.ecr.us-east-1.amazonaws.com/mini-mummi:mlrunner-gpu,gpu-static
3767,mlrunner-structure-093343854-gfh7t,Pod,,started-timestamp,1742038419.0,633731392008.dkr.ecr.us-east-1.amazonaws.com/mini-mummi:mlrunner-gpu,gpu-static
3768,mlrunner-structure-093343854-gfh7t,Pod,,started,0,633731392008.dkr.ecr.us-east-1.amazonaws.com/mini-mummi:mlrunner-gpu,gpu-static
3769,mlrunner-structure-093343854-gfh7t,Pod,,pulled,351.224839605,633731392008.dkr.ecr.us-east-1.amazonaws.com/mini-mummi:mlrunner-gpu,gpu-static
3770,createsim-structure-049675686,Job,createsim,successfulcreate-timestamp,1742038483.0,,gpu-static
3771,createsim-structure-049675686,Job,createsim,completed-timestamp,1742039432.0,,gpu-static
3772,createsim-structure-049675686,Job,createsim,running,949,,gpu-static
3773,createsim-structure-049675686-g66lr,Pod,createsim,pulled-timestamp,1742038627.0,633731392008.dkr.ecr.us-east-1.amazonaws.com/mini-mummi:createsims-gpu,gpu-static
3774,createsim-structure-049675686-g66lr,Pod,createsim,pulling-timestamp,1742038484.0,633731392008.dkr.ecr.us-east-1.amazonaws.com/mini-mummi:createsims-gpu,gpu-static
3775,createsim-structure-049675686-g66lr,Pod,createsim,scheduled-timestamp,1742038483.0,633731392008.dkr.ecr.us-east-1.amazonaws.com/mini-mummi:createsims-gpu,gpu-static
3776,createsim-structure-049675686-g66lr,Pod,createsim,created-timestamp,1742038627.0,633731392008.dkr.ecr.us-east-1.amazonaws.com/mini-mummi:createsims-gpu,gpu-static
3777,createsim-structure-049675686-g66lr,Pod,createsim,created,0,633731392008.dkr.ecr.us-east-1.amazonaws.com/mini-mummi:createsims-gpu,gpu-static
3778,createsim-structure-049675686-g66lr,Pod,createsim,started-timestamp,1742038630.0,633731392008.dkr.ecr.us-east-1.amazonaws.com/mini-mummi:createsims-gpu,gpu-static
3779,createsim-structure-049675686-g66lr,Pod,createsim,started,3,633731392008.dkr.ecr.us-east-1.amazonaws.com/mini-mummi:createsims-gpu,gpu-static
3780,createsim-structure-049675686-g66lr,Pod,createsim,pulled,143.130703438,633731392008.dkr.ecr.us-east-1.amazonaws.com/mini-mummi:createsims-gpu,gpu-static
3781,createsim-structure-016995260,Job,createsim,successfulcreate-timestamp,1742038485.0,,gpu-static
3782,createsim-structure-016995260,Job,createsim,completed-timestamp,1742039418.0,,gpu-static
3783,createsim-structure-016995260,Job,createsim,running,933,,gpu-static
3784,createsim-structure-016995260-t5b4t,Pod,createsim,pulled-timestamp,1742038624.0,633731392008.dkr.ecr.us-east-1.amazonaws.com/mini-mummi:createsims-gpu,gpu-static
3785,createsim-structure-016995260-t5b4t,Pod,createsim,pulling-timestamp,1742038486.0,633731392008.dkr.ecr.us-east-1.amazonaws.com/mini-mummi:createsims-gpu,gpu-static
3786,createsim-structure-016995260-t5b4t,Pod,createsim,scheduled-timestamp,1742038485.0,633731392008.dkr.ecr.us-east-1.amazonaws.com/mini-mummi:createsims-gpu,gpu-static
3787,createsim-structure-016995260-t5b4t,Pod,createsim,created-timestamp,1742038624.0,633731392008.dkr.ecr.us-east-1.amazonaws.com/mini-mummi:createsims-gpu,gpu-static
3788,createsim-structure-016995260-t5b4t,Pod,createsim,created,0,633731392008.dkr.ecr.us-east-1.amazonaws.com/mini-mummi:createsims-gpu,gpu-static
3789,createsim-structure-016995260-t5b4t,Pod,createsim,started-timestamp,1742038627.0,633731392008.dkr.ecr.us-east-1.amazonaws.com/mini-mummi:createsims-gpu,gpu-static
3790,createsim-structure-016995260-t5b4t,Pod,createsim,started,3,633731392008.dkr.ecr.us-east-1.amazonaws.com/mini-mummi:createsims-gpu,gpu-static
3791,createsim-structure-016995260-t5b4t,Pod,createsim,pulled,137.610637321,633731392008.dkr.ecr.us-east-1.amazonaws.com/mini-mummi:createsims-gpu,gpu-static
3792,createsim-structure-063152374,Job,createsim,successfulcreate-timestamp,1742038486.0,,gpu-static
3793,createsim-structure-063152374,Job,createsim,completed-timestamp,1742039429.0,,gpu-static
3794,createsim-structure-063152374,Job,createsim,running,943,,gpu-static
3795,createsim-structure-063152374-mdmph,Pod,createsim,pulled-timestamp,1742038624.0,633731392008.dkr.ecr.us-east-1.amazonaws.com/mini-mummi:createsims-gpu,gpu-static
3796,createsim-structure-063152374-mdmph,Pod,createsim,pulling-timestamp,1742038487.0,633731392008.dkr.ecr.us-east-1.amazonaws.com/mini-mummi:createsims-gpu,gpu-static
3797,createsim-structure-063152374-mdmph,Pod,createsim,scheduled-timestamp,1742038486.0,633731392008.dkr.ecr.us-east-1.amazonaws.com/mini-mummi:createsims-gpu,gpu-static
3798,createsim-structure-063152374-mdmph,Pod,createsim,created-timestamp,1742038624.0,633731392008.dkr.ecr.us-east-1.amazonaws.com/mini-mummi:createsims-gpu,gpu-static
3799,createsim-structure-063152374-mdmph,Pod,createsim,created,0,633731392008.dkr.ecr.us-east-1.amazonaws.com/mini-mummi:createsims-gpu,gpu-static
3800,createsim-structure-063152374-mdmph,Pod,createsim,started-timestamp,1742038626.0,633731392008.dkr.ecr.us-east-1.amazonaws.com/mini-mummi:createsims-gpu,gpu-static
3801,createsim-structure-063152374-mdmph,Pod,createsim,started,2,633731392008.dkr.ecr.us-east-1.amazonaws.com/mini-mummi:createsims-gpu,gpu-static
3802,createsim-structure-063152374-mdmph,Pod,createsim,pulled,137.303024707,633731392008.dkr.ecr.us-east-1.amazonaws.com/mini-mummi:createsims-gpu,gpu-static
3803,createsim-structure-062429791,Job,createsim,successfulcreate-timestamp,1742038487.0,,gpu-static
3804,createsim-structure-062429791,Job,createsim,completed-timestamp,1742039425.0,,gpu-static
3805,createsim-structure-062429791,Job,createsim,running,938,,gpu-static
3806,createsim-structure-062429791-qj47w,Pod,createsim,pulled-timestamp,1742038624.0,633731392008.dkr.ecr.us-east-1.amazonaws.com/mini-mummi:createsims-gpu,gpu-static
3807,createsim-structure-062429791-qj47w,Pod,createsim,pulling-timestamp,1742038487.0,633731392008.dkr.ecr.us-east-1.amazonaws.com/mini-mummi:createsims-gpu,gpu-static
3808,createsim-structure-062429791-qj47w,Pod,createsim,scheduled-timestamp,1742038487.0,633731392008.dkr.ecr.us-east-1.amazonaws.com/mini-mummi:createsims-gpu,gpu-static
3809,createsim-structure-062429791-qj47w,Pod,createsim,created-timestamp,1742038624.0,633731392008.dkr.ecr.us-east-1.amazonaws.com/mini-mummi:createsims-gpu,gpu-static
3810,createsim-structure-062429791-qj47w,Pod,createsim,created,0,633731392008.dkr.ecr.us-east-1.amazonaws.com/mini-mummi:createsims-gpu,gpu-static
3811,createsim-structure-062429791-qj47w,Pod,createsim,started-timestamp,1742038627.0,633731392008.dkr.ecr.us-east-1.amazonaws.com/mini-mummi:createsims-gpu,gpu-static
3812,createsim-structure-062429791-qj47w,Pod,createsim,started,3,633731392008.dkr.ecr.us-east-1.amazonaws.com/mini-mummi:createsims-gpu,gpu-static
3813,createsim-structure-062429791-qj47w,Pod,createsim,pulled,136.470565252,633731392008.dkr.ecr.us-east-1.amazonaws.com/mini-mummi:createsims-gpu,gpu-static
3814,createsim-structure-011275643,Job,createsim,successfulcreate-timestamp,1742038487.0,,gpu-static
3815,createsim-structure-011275643,Job,createsim,completed-timestamp,1742039415.0,,gpu-static
3816,createsim-structure-011275643,Job,createsim,running,928,,gpu-static
3817,createsim-structure-011275643-6q6j9,Pod,createsim,pulled-timestamp,1742038627.0,633731392008.dkr.ecr.us-east-1.amazonaws.com/mini-mummi:createsims-gpu,gpu-static
3818,createsim-structure-011275643-6q6j9,Pod,createsim,pulling-timestamp,1742038488.0,633731392008.dkr.ecr.us-east-1.amazonaws.com/mini-mummi:createsims-gpu,gpu-static
3819,createsim-structure-011275643-6q6j9,Pod,createsim,scheduled-timestamp,1742038488.0,633731392008.dkr.ecr.us-east-1.amazonaws.com/mini-mummi:createsims-gpu,gpu-static
3820,createsim-structure-011275643-6q6j9,Pod,createsim,created-timestamp,1742038627.0,633731392008.dkr.ecr.us-east-1.amazonaws.com/mini-mummi:createsims-gpu,gpu-static
3821,createsim-structure-011275643-6q6j9,Pod,createsim,created,0,633731392008.dkr.ecr.us-east-1.amazonaws.com/mini-mummi:createsims-gpu,gpu-static
3822,createsim-structure-011275643-6q6j9,Pod,createsim,started-timestamp,1742038630.0,633731392008.dkr.ecr.us-east-1.amazonaws.com/mini-mummi:createsims-gpu,gpu-static
3823,createsim-structure-011275643-6q6j9,Pod,createsim,started,3,633731392008.dkr.ecr.us-east-1.amazonaws.com/mini-mummi:createsims-gpu,gpu-static
3824,createsim-structure-011275643-6q6j9,Pod,createsim,pulled,139.239035727,633731392008.dkr.ecr.us-east-1.amazonaws.com/mini-mummi:createsims-gpu,gpu-static
3825,createsim-structure-093343854,Job,createsim,successfulcreate-timestamp,1742038488.0,,gpu-static
3826,createsim-structure-093343854,Job,createsim,completed-timestamp,1742039436.0,,gpu-static
3827,createsim-structure-093343854,Job,createsim,running,948,,gpu-static
3828,createsim-structure-093343854-qj82s,Pod,createsim,pulled-timestamp,1742038624.0,633731392008.dkr.ecr.us-east-1.amazonaws.com/mini-mummi:createsims-gpu,gpu-static
3829,createsim-structure-093343854-qj82s,Pod,createsim,pulling-timestamp,1742038489.0,633731392008.dkr.ecr.us-east-1.amazonaws.com/mini-mummi:createsims-gpu,gpu-static
3830,createsim-structure-093343854-qj82s,Pod,createsim,scheduled-timestamp,1742038488.0,633731392008.dkr.ecr.us-east-1.amazonaws.com/mini-mummi:createsims-gpu,gpu-static
3831,createsim-structure-093343854-qj82s,Pod,createsim,created-timestamp,1742038625.0,633731392008.dkr.ecr.us-east-1.amazonaws.com/mini-mummi:createsims-gpu,gpu-static
3832,createsim-structure-093343854-qj82s,Pod,createsim,created,1,633731392008.dkr.ecr.us-east-1.amazonaws.com/mini-mummi:createsims-gpu,gpu-static
3833,createsim-structure-093343854-qj82s,Pod,createsim,started-timestamp,1742038627.0,633731392008.dkr.ecr.us-east-1.amazonaws.com/mini-mummi:createsims-gpu,gpu-static
3834,createsim-structure-093343854-qj82s,Pod,createsim,started,2,633731392008.dkr.ecr.us-east-1.amazonaws.com/mini-mummi:createsims-gpu,gpu-static
3835,createsim-structure-093343854-qj82s,Pod,createsim,pulled,135.844031871,633731392008.dkr.ecr.us-east-1.amazonaws.com/mini-mummi:createsims-gpu,gpu-static
3836,cganalysis-structure-011275643,Job,cganalysis,successfulcreate-timestamp,1742039415.0,,gpu-static
3837,cganalysis-structure-011275643,Job,cganalysis,completed-timestamp,1742041369.0,,gpu-static
3838,cganalysis-structure-011275643,Job,cganalysis,running,1954,,gpu-static
3839,cganalysis-structure-011275643-s27gf,Pod,cganalysis,pulled-timestamp,1742039576.0,633731392008.dkr.ecr.us-east-1.amazonaws.com/mini-mummi:cganalysis-gpu,gpu-static
3840,cganalysis-structure-011275643-s27gf,Pod,cganalysis,pulling-timestamp,1742039416.0,633731392008.dkr.ecr.us-east-1.amazonaws.com/mini-mummi:cganalysis-gpu,gpu-static
3841,cganalysis-structure-011275643-s27gf,Pod,cganalysis,scheduled-timestamp,1742039415.0,633731392008.dkr.ecr.us-east-1.amazonaws.com/mini-mummi:cganalysis-gpu,gpu-static
3842,cganalysis-structure-011275643-s27gf,Pod,cganalysis,created-timestamp,1742039576.0,633731392008.dkr.ecr.us-east-1.amazonaws.com/mini-mummi:cganalysis-gpu,gpu-static
3843,cganalysis-structure-011275643-s27gf,Pod,cganalysis,created,0,633731392008.dkr.ecr.us-east-1.amazonaws.com/mini-mummi:cganalysis-gpu,gpu-static
3844,cganalysis-structure-011275643-s27gf,Pod,cganalysis,started-timestamp,1742039580.0,633731392008.dkr.ecr.us-east-1.amazonaws.com/mini-mummi:cganalysis-gpu,gpu-static
3845,cganalysis-structure-011275643-s27gf,Pod,cganalysis,started,4,633731392008.dkr.ecr.us-east-1.amazonaws.com/mini-mummi:cganalysis-gpu,gpu-static
3846,cganalysis-structure-011275643-s27gf,Pod,cganalysis,pulled,160.063084293,633731392008.dkr.ecr.us-east-1.amazonaws.com/mini-mummi:cganalysis-gpu,gpu-static
3847,cganalysis-structure-016995260,Job,cganalysis,successfulcreate-timestamp,1742039418.0,,gpu-static
3848,cganalysis-structure-016995260,Job,cganalysis,completed-timestamp,1742041377.0,,gpu-static
3849,cganalysis-structure-016995260,Job,cganalysis,running,1959,,gpu-static
3850,cganalysis-structure-016995260-h24pl,Pod,cganalysis,pulled-timestamp,1742039584.0,633731392008.dkr.ecr.us-east-1.amazonaws.com/mini-mummi:cganalysis-gpu,gpu-static
3851,cganalysis-structure-016995260-h24pl,Pod,cganalysis,pulling-timestamp,1742039419.0,633731392008.dkr.ecr.us-east-1.amazonaws.com/mini-mummi:cganalysis-gpu,gpu-static
3852,cganalysis-structure-016995260-h24pl,Pod,cganalysis,scheduled-timestamp,1742039418.0,633731392008.dkr.ecr.us-east-1.amazonaws.com/mini-mummi:cganalysis-gpu,gpu-static
3853,cganalysis-structure-016995260-h24pl,Pod,cganalysis,created-timestamp,1742039584.0,633731392008.dkr.ecr.us-east-1.amazonaws.com/mini-mummi:cganalysis-gpu,gpu-static
3854,cganalysis-structure-016995260-h24pl,Pod,cganalysis,created,0,633731392008.dkr.ecr.us-east-1.amazonaws.com/mini-mummi:cganalysis-gpu,gpu-static
3855,cganalysis-structure-016995260-h24pl,Pod,cganalysis,started-timestamp,1742039588.0,633731392008.dkr.ecr.us-east-1.amazonaws.com/mini-mummi:cganalysis-gpu,gpu-static
3856,cganalysis-structure-016995260-h24pl,Pod,cganalysis,started,4,633731392008.dkr.ecr.us-east-1.amazonaws.com/mini-mummi:cganalysis-gpu,gpu-static
3857,cganalysis-structure-016995260-h24pl,Pod,cganalysis,pulled,165.409194784,633731392008.dkr.ecr.us-east-1.amazonaws.com/mini-mummi:cganalysis-gpu,gpu-static
3858,cganalysis-structure-062429791,Job,cganalysis,successfulcreate-timestamp,1742039425.0,,gpu-static
3859,cganalysis-structure-062429791,Job,cganalysis,completed-timestamp,1742041370.0,,gpu-static
3860,cganalysis-structure-062429791,Job,cganalysis,running,1945,,gpu-static
3861,cganalysis-structure-062429791-spdwv,Pod,cganalysis,pulled-timestamp,1742039577.0,633731392008.dkr.ecr.us-east-1.amazonaws.com/mini-mummi:cganalysis-gpu,gpu-static
3862,cganalysis-structure-062429791-spdwv,Pod,cganalysis,pulling-timestamp,1742039426.0,633731392008.dkr.ecr.us-east-1.amazonaws.com/mini-mummi:cganalysis-gpu,gpu-static
3863,cganalysis-structure-062429791-spdwv,Pod,cganalysis,scheduled-timestamp,1742039425.0,633731392008.dkr.ecr.us-east-1.amazonaws.com/mini-mummi:cganalysis-gpu,gpu-static
3864,cganalysis-structure-062429791-spdwv,Pod,cganalysis,created-timestamp,1742039577.0,633731392008.dkr.ecr.us-east-1.amazonaws.com/mini-mummi:cganalysis-gpu,gpu-static
3865,cganalysis-structure-062429791-spdwv,Pod,cganalysis,created,0,633731392008.dkr.ecr.us-east-1.amazonaws.com/mini-mummi:cganalysis-gpu,gpu-static
3866,cganalysis-structure-062429791-spdwv,Pod,cganalysis,started-timestamp,1742039581.0,633731392008.dkr.ecr.us-east-1.amazonaws.com/mini-mummi:cganalysis-gpu,gpu-static
3867,cganalysis-structure-062429791-spdwv,Pod,cganalysis,started,4,633731392008.dkr.ecr.us-east-1.amazonaws.com/mini-mummi:cganalysis-gpu,gpu-static
3868,cganalysis-structure-062429791-spdwv,Pod,cganalysis,pulled,150.779805161,633731392008.dkr.ecr.us-east-1.amazonaws.com/mini-mummi:cganalysis-gpu,gpu-static
3869,cganalysis-structure-063152374,Job,cganalysis,successfulcreate-timestamp,1742039429.0,,gpu-static
3870,cganalysis-structure-063152374,Job,cganalysis,completed-timestamp,1742041368.0,,gpu-static
3871,cganalysis-structure-063152374,Job,cganalysis,running,1939,,gpu-static
3872,cganalysis-structure-063152374-sxpvp,Pod,cganalysis,pulled-timestamp,1742039579.0,633731392008.dkr.ecr.us-east-1.amazonaws.com/mini-mummi:cganalysis-gpu,gpu-static
3873,cganalysis-structure-063152374-sxpvp,Pod,cganalysis,pulling-timestamp,1742039430.0,633731392008.dkr.ecr.us-east-1.amazonaws.com/mini-mummi:cganalysis-gpu,gpu-static
3874,cganalysis-structure-063152374-sxpvp,Pod,cganalysis,scheduled-timestamp,1742039429.0,633731392008.dkr.ecr.us-east-1.amazonaws.com/mini-mummi:cganalysis-gpu,gpu-static
3875,cganalysis-structure-063152374-sxpvp,Pod,cganalysis,created-timestamp,1742039579.0,633731392008.dkr.ecr.us-east-1.amazonaws.com/mini-mummi:cganalysis-gpu,gpu-static
3876,cganalysis-structure-063152374-sxpvp,Pod,cganalysis,created,0,633731392008.dkr.ecr.us-east-1.amazonaws.com/mini-mummi:cganalysis-gpu,gpu-static
3877,cganalysis-structure-063152374-sxpvp,Pod,cganalysis,started-timestamp,1742039579.0,633731392008.dkr.ecr.us-east-1.amazonaws.com/mini-mummi:cganalysis-gpu,gpu-static
3878,cganalysis-structure-063152374-sxpvp,Pod,cganalysis,started,0,633731392008.dkr.ecr.us-east-1.amazonaws.com/mini-mummi:cganalysis-gpu,gpu-static
3879,cganalysis-structure-063152374-sxpvp,Pod,cganalysis,pulled,148.832611033,633731392008.dkr.ecr.us-east-1.amazonaws.com/mini-mummi:cganalysis-gpu,gpu-static
3880,cganalysis-structure-049675686,Job,cganalysis,successfulcreate-timestamp,1742039432.0,,gpu-static
3881,cganalysis-structure-049675686,Job,cganalysis,completed-timestamp,1742041376.0,,gpu-static
3882,cganalysis-structure-049675686,Job,cganalysis,running,1944,,gpu-static
3883,cganalysis-structure-049675686-8t4mj,Pod,cganalysis,pulled-timestamp,1742039584.0,633731392008.dkr.ecr.us-east-1.amazonaws.com/mini-mummi:cganalysis-gpu,gpu-static
3884,cganalysis-structure-049675686-8t4mj,Pod,cganalysis,pulling-timestamp,1742039433.0,633731392008.dkr.ecr.us-east-1.amazonaws.com/mini-mummi:cganalysis-gpu,gpu-static
3885,cganalysis-structure-049675686-8t4mj,Pod,cganalysis,scheduled-timestamp,1742039432.0,633731392008.dkr.ecr.us-east-1.amazonaws.com/mini-mummi:cganalysis-gpu,gpu-static
3886,cganalysis-structure-049675686-8t4mj,Pod,cganalysis,created-timestamp,1742039584.0,633731392008.dkr.ecr.us-east-1.amazonaws.com/mini-mummi:cganalysis-gpu,gpu-static
3887,cganalysis-structure-049675686-8t4mj,Pod,cganalysis,created,0,633731392008.dkr.ecr.us-east-1.amazonaws.com/mini-mummi:cganalysis-gpu,gpu-static
3888,cganalysis-structure-049675686-8t4mj,Pod,cganalysis,started-timestamp,1742039588.0,633731392008.dkr.ecr.us-east-1.amazonaws.com/mini-mummi:cganalysis-gpu,gpu-static
3889,cganalysis-structure-049675686-8t4mj,Pod,cganalysis,started,4,633731392008.dkr.ecr.us-east-1.amazonaws.com/mini-mummi:cganalysis-gpu,gpu-static
3890,cganalysis-structure-049675686-8t4mj,Pod,cganalysis,pulled,151.395809815,633731392008.dkr.ecr.us-east-1.amazonaws.com/mini-mummi:cganalysis-gpu,gpu-static
3891,cganalysis-structure-093343854,Job,cganalysis,successfulcreate-timestamp,1742039436.0,,gpu-static
3892,cganalysis-structure-093343854,Job,cganalysis,completed-timestamp,1742041375.0,,gpu-static
3893,cganalysis-structure-093343854,Job,cganalysis,running,1939,,gpu-static
3894,cganalysis-structure-093343854-2g2hb,Pod,cganalysis,pulled-timestamp,1742039586.0,633731392008.dkr.ecr.us-east-1.amazonaws.com/mini-mummi:cganalysis-gpu,gpu-static
3895,cganalysis-structure-093343854-2g2hb,Pod,cganalysis,pulling-timestamp,1742039437.0,633731392008.dkr.ecr.us-east-1.amazonaws.com/mini-mummi:cganalysis-gpu,gpu-static
3896,cganalysis-structure-093343854-2g2hb,Pod,cganalysis,scheduled-timestamp,1742039436.0,633731392008.dkr.ecr.us-east-1.amazonaws.com/mini-mummi:cganalysis-gpu,gpu-static
3897,cganalysis-structure-093343854-2g2hb,Pod,cganalysis,created-timestamp,1742039586.0,633731392008.dkr.ecr.us-east-1.amazonaws.com/mini-mummi:cganalysis-gpu,gpu-static
3898,cganalysis-structure-093343854-2g2hb,Pod,cganalysis,created,0,633731392008.dkr.ecr.us-east-1.amazonaws.com/mini-mummi:cganalysis-gpu,gpu-static
3899,cganalysis-structure-093343854-2g2hb,Pod,cganalysis,started-timestamp,1742039587.0,633731392008.dkr.ecr.us-east-1.amazonaws.com/mini-mummi:cganalysis-gpu,gpu-static
3900,cganalysis-structure-093343854-2g2hb,Pod,cganalysis,started,1,633731392008.dkr.ecr.us-east-1.amazonaws.com/mini-mummi:cganalysis-gpu,gpu-static
3901,cganalysis-structure-093343854-2g2hb,Pod,cganalysis,pulled,149.628876509,633731392008.dkr.ecr.us-east-1.amazonaws.com/mini-mummi:cganalysis-gpu,gpu-static
3902,mlrunner-structure-074542003,Job,mlrunner,successfulcreate-timestamp,1742041368.0,,gpu-static
3903,mlrunner-structure-074542003,Job,mlrunner,completed-timestamp,1742041415.0,,gpu-static
3904,mlrunner-structure-074542003,Job,mlrunner,running,47,,gpu-static
3905,mlrunner-structure-029645204,Job,mlrunner,successfulcreate-timestamp,1742041369.0,,gpu-static
3906,mlrunner-structure-029645204,Job,mlrunner,completed-timestamp,1742041417.0,,gpu-static
3907,mlrunner-structure-029645204,Job,mlrunner,running,48,,gpu-static
3908,mlrunner-structure-080858971,Job,mlrunner,successfulcreate-timestamp,1742041370.0,,gpu-static
3909,mlrunner-structure-080858971,Job,mlrunner,completed-timestamp,1742041418.0,,gpu-static
3910,mlrunner-structure-080858971,Job,mlrunner,running,48,,gpu-static
3911,mlrunner-structure-072748710,Job,mlrunner,successfulcreate-timestamp,1742041375.0,,gpu-static
3912,mlrunner-structure-072748710,Job,mlrunner,completed-timestamp,1742041423.0,,gpu-static
3913,mlrunner-structure-072748710,Job,mlrunner,running,48,,gpu-static
3914,createsim-structure-074542003,Job,createsim,successfulcreate-timestamp,1742041415.0,,gpu-static
3915,createsim-structure-074542003,Job,createsim,completed-timestamp,1742042200.0,,gpu-static
3916,createsim-structure-074542003,Job,createsim,running,785,,gpu-static
3917,createsim-structure-029645204,Job,createsim,successfulcreate-timestamp,1742041417.0,,gpu-static
3918,createsim-structure-029645204,Job,createsim,completed-timestamp,1742042219.0,,gpu-static
3919,createsim-structure-029645204,Job,createsim,running,802,,gpu-static
3920,createsim-structure-080858971,Job,createsim,successfulcreate-timestamp,1742041418.0,,gpu-static
3921,createsim-structure-080858971,Job,createsim,completed-timestamp,1742042217.0,,gpu-static
3922,createsim-structure-080858971,Job,createsim,running,799,,gpu-static
3923,createsim-structure-072748710,Job,createsim,successfulcreate-timestamp,1742041423.0,,gpu-static
3924,createsim-structure-072748710,Job,createsim,completed-timestamp,1742042236.0,,gpu-static
3925,createsim-structure-072748710,Job,createsim,running,813,,gpu-static
3926,cganalysis-structure-074542003,Job,cganalysis,successfulcreate-timestamp,1742042200.0,,gpu-static
3927,cganalysis-structure-074542003,Job,cganalysis,completed-timestamp,1742043989.0,,gpu-static
3928,cganalysis-structure-074542003,Job,cganalysis,running,1789,,gpu-static
3929,cganalysis-structure-080858971,Job,cganalysis,successfulcreate-timestamp,1742042217.0,,gpu-static
3930,cganalysis-structure-080858971,Job,cganalysis,completed-timestamp,1742044006.0,,gpu-static
3931,cganalysis-structure-080858971,Job,cganalysis,running,1789,,gpu-static
3932,cganalysis-structure-029645204,Job,cganalysis,successfulcreate-timestamp,1742042219.0,,gpu-static
3933,cganalysis-structure-029645204,Job,cganalysis,completed-timestamp,1742044008.0,,gpu-static
3934,cganalysis-structure-029645204,Job,cganalysis,running,1789,,gpu-static
3935,cganalysis-structure-072748710,Job,cganalysis,successfulcreate-timestamp,1742042236.0,,gpu-static
3936,cganalysis-structure-072748710,Job,cganalysis,completed-timestamp,1742044025.0,,gpu-static
3937,cganalysis-structure-072748710,Job,cganalysis,running,1789,,gpu-static
3938,aws-node-6kgvq,Pod,,pulled-timestamp,1742093786.0,602401143452.dkr.ecr.us-east-1.amazonaws.com/amazon/aws-network-policy-agent:v1.1.5-eksbuild.1,gpu-autoscale
3939,aws-node-6kgvq,Pod,,pulling-timestamp,1742093784.0,602401143452.dkr.ecr.us-east-1.amazonaws.com/amazon/aws-network-policy-agent:v1.1.5-eksbuild.1,gpu-autoscale
3940,aws-node-6kgvq,Pod,,scheduled-timestamp,1742093775.0,602401143452.dkr.ecr.us-east-1.amazonaws.com/amazon/aws-network-policy-agent:v1.1.5-eksbuild.1,gpu-autoscale
3941,aws-node-6kgvq,Pod,,created-timestamp,1742093786.0,602401143452.dkr.ecr.us-east-1.amazonaws.com/amazon/aws-network-policy-agent:v1.1.5-eksbuild.1,gpu-autoscale
3942,aws-node-6kgvq,Pod,,created,0,602401143452.dkr.ecr.us-east-1.amazonaws.com/amazon/aws-network-policy-agent:v1.1.5-eksbuild.1,gpu-autoscale
3943,aws-node-6kgvq,Pod,,started-timestamp,1742093786.0,602401143452.dkr.ecr.us-east-1.amazonaws.com/amazon/aws-network-policy-agent:v1.1.5-eksbuild.1,gpu-autoscale
3944,aws-node-6kgvq,Pod,,started,0,602401143452.dkr.ecr.us-east-1.amazonaws.com/amazon/aws-network-policy-agent:v1.1.5-eksbuild.1,gpu-autoscale
3945,aws-node-6kgvq,Pod,,pulled,1.725428581,602401143452.dkr.ecr.us-east-1.amazonaws.com/amazon/aws-network-policy-agent:v1.1.5-eksbuild.1,gpu-autoscale
3946,aws-node-b56vr,Pod,,pulled-timestamp,1742093789.0,602401143452.dkr.ecr.us-east-1.amazonaws.com/amazon/aws-network-policy-agent:v1.1.5-eksbuild.1,gpu-autoscale
3947,aws-node-b56vr,Pod,,pulling-timestamp,1742093787.0,602401143452.dkr.ecr.us-east-1.amazonaws.com/amazon/aws-network-policy-agent:v1.1.5-eksbuild.1,gpu-autoscale
3948,aws-node-b56vr,Pod,,scheduled-timestamp,1742093777.0,602401143452.dkr.ecr.us-east-1.amazonaws.com/amazon/aws-network-policy-agent:v1.1.5-eksbuild.1,gpu-autoscale
3949,aws-node-b56vr,Pod,,created-timestamp,1742093789.0,602401143452.dkr.ecr.us-east-1.amazonaws.com/amazon/aws-network-policy-agent:v1.1.5-eksbuild.1,gpu-autoscale
3950,aws-node-b56vr,Pod,,created,0,602401143452.dkr.ecr.us-east-1.amazonaws.com/amazon/aws-network-policy-agent:v1.1.5-eksbuild.1,gpu-autoscale
3951,aws-node-b56vr,Pod,,started-timestamp,1742093789.0,602401143452.dkr.ecr.us-east-1.amazonaws.com/amazon/aws-network-policy-agent:v1.1.5-eksbuild.1,gpu-autoscale
3952,aws-node-b56vr,Pod,,started,0,602401143452.dkr.ecr.us-east-1.amazonaws.com/amazon/aws-network-policy-agent:v1.1.5-eksbuild.1,gpu-autoscale
3953,aws-node-b56vr,Pod,,pulled,1.584459583,602401143452.dkr.ecr.us-east-1.amazonaws.com/amazon/aws-network-policy-agent:v1.1.5-eksbuild.1,gpu-autoscale
3954,aws-node-gkvsc,Pod,,pulled-timestamp,1742093789.0,602401143452.dkr.ecr.us-east-1.amazonaws.com/amazon/aws-network-policy-agent:v1.1.5-eksbuild.1,gpu-autoscale
3955,aws-node-gkvsc,Pod,,pulling-timestamp,1742093787.0,602401143452.dkr.ecr.us-east-1.amazonaws.com/amazon/aws-network-policy-agent:v1.1.5-eksbuild.1,gpu-autoscale
3956,aws-node-gkvsc,Pod,,scheduled-timestamp,1742093772.0,602401143452.dkr.ecr.us-east-1.amazonaws.com/amazon/aws-network-policy-agent:v1.1.5-eksbuild.1,gpu-autoscale
3957,aws-node-gkvsc,Pod,,created-timestamp,1742093789.0,602401143452.dkr.ecr.us-east-1.amazonaws.com/amazon/aws-network-policy-agent:v1.1.5-eksbuild.1,gpu-autoscale
3958,aws-node-gkvsc,Pod,,created,0,602401143452.dkr.ecr.us-east-1.amazonaws.com/amazon/aws-network-policy-agent:v1.1.5-eksbuild.1,gpu-autoscale
3959,aws-node-gkvsc,Pod,,started-timestamp,1742093789.0,602401143452.dkr.ecr.us-east-1.amazonaws.com/amazon/aws-network-policy-agent:v1.1.5-eksbuild.1,gpu-autoscale
3960,aws-node-gkvsc,Pod,,started,0,602401143452.dkr.ecr.us-east-1.amazonaws.com/amazon/aws-network-policy-agent:v1.1.5-eksbuild.1,gpu-autoscale
3961,aws-node-gkvsc,Pod,,pulled,1.477384018,602401143452.dkr.ecr.us-east-1.amazonaws.com/amazon/aws-network-policy-agent:v1.1.5-eksbuild.1,gpu-autoscale
3962,aws-node-hrbvm,Pod,,pulled-timestamp,1742093738.0,602401143452.dkr.ecr.us-east-1.amazonaws.com/amazon/aws-network-policy-agent:v1.1.5-eksbuild.1,gpu-autoscale
3963,aws-node-hrbvm,Pod,,pulling-timestamp,1742093737.0,602401143452.dkr.ecr.us-east-1.amazonaws.com/amazon/aws-network-policy-agent:v1.1.5-eksbuild.1,gpu-autoscale
3964,aws-node-hrbvm,Pod,,scheduled-timestamp,1742093726.0,602401143452.dkr.ecr.us-east-1.amazonaws.com/amazon/aws-network-policy-agent:v1.1.5-eksbuild.1,gpu-autoscale
3965,aws-node-hrbvm,Pod,,created-timestamp,1742093738.0,602401143452.dkr.ecr.us-east-1.amazonaws.com/amazon/aws-network-policy-agent:v1.1.5-eksbuild.1,gpu-autoscale
3966,aws-node-hrbvm,Pod,,created,0,602401143452.dkr.ecr.us-east-1.amazonaws.com/amazon/aws-network-policy-agent:v1.1.5-eksbuild.1,gpu-autoscale
3967,aws-node-hrbvm,Pod,,started-timestamp,1742093738.0,602401143452.dkr.ecr.us-east-1.amazonaws.com/amazon/aws-network-policy-agent:v1.1.5-eksbuild.1,gpu-autoscale
3968,aws-node-hrbvm,Pod,,started,0,602401143452.dkr.ecr.us-east-1.amazonaws.com/amazon/aws-network-policy-agent:v1.1.5-eksbuild.1,gpu-autoscale
3969,aws-node-hrbvm,Pod,,pulled,0.981264137,602401143452.dkr.ecr.us-east-1.amazonaws.com/amazon/aws-network-policy-agent:v1.1.5-eksbuild.1,gpu-autoscale
3970,aws-node-llx9c,Pod,,pulled-timestamp,1742093786.0,602401143452.dkr.ecr.us-east-1.amazonaws.com/amazon/aws-network-policy-agent:v1.1.5-eksbuild.1,gpu-autoscale
3971,aws-node-llx9c,Pod,,pulling-timestamp,1742093784.0,602401143452.dkr.ecr.us-east-1.amazonaws.com/amazon/aws-network-policy-agent:v1.1.5-eksbuild.1,gpu-autoscale
3972,aws-node-llx9c,Pod,,scheduled-timestamp,1742093773.0,602401143452.dkr.ecr.us-east-1.amazonaws.com/amazon/aws-network-policy-agent:v1.1.5-eksbuild.1,gpu-autoscale
3973,aws-node-llx9c,Pod,,created-timestamp,1742093786.0,602401143452.dkr.ecr.us-east-1.amazonaws.com/amazon/aws-network-policy-agent:v1.1.5-eksbuild.1,gpu-autoscale
3974,aws-node-llx9c,Pod,,created,0,602401143452.dkr.ecr.us-east-1.amazonaws.com/amazon/aws-network-policy-agent:v1.1.5-eksbuild.1,gpu-autoscale
3975,aws-node-llx9c,Pod,,started-timestamp,1742093786.0,602401143452.dkr.ecr.us-east-1.amazonaws.com/amazon/aws-network-policy-agent:v1.1.5-eksbuild.1,gpu-autoscale
3976,aws-node-llx9c,Pod,,started,0,602401143452.dkr.ecr.us-east-1.amazonaws.com/amazon/aws-network-policy-agent:v1.1.5-eksbuild.1,gpu-autoscale
3977,aws-node-llx9c,Pod,,pulled,1.516184672,602401143452.dkr.ecr.us-east-1.amazonaws.com/amazon/aws-network-policy-agent:v1.1.5-eksbuild.1,gpu-autoscale
3978,aws-node-m2f8p,Pod,,pulled-timestamp,1742093795.0,602401143452.dkr.ecr.us-east-1.amazonaws.com/amazon/aws-network-policy-agent:v1.1.5-eksbuild.1,gpu-autoscale
3979,aws-node-m2f8p,Pod,,pulling-timestamp,1742093794.0,602401143452.dkr.ecr.us-east-1.amazonaws.com/amazon/aws-network-policy-agent:v1.1.5-eksbuild.1,gpu-autoscale
3980,aws-node-m2f8p,Pod,,scheduled-timestamp,1742093782.0,602401143452.dkr.ecr.us-east-1.amazonaws.com/amazon/aws-network-policy-agent:v1.1.5-eksbuild.1,gpu-autoscale
3981,aws-node-m2f8p,Pod,,created-timestamp,1742093795.0,602401143452.dkr.ecr.us-east-1.amazonaws.com/amazon/aws-network-policy-agent:v1.1.5-eksbuild.1,gpu-autoscale
3982,aws-node-m2f8p,Pod,,created,0,602401143452.dkr.ecr.us-east-1.amazonaws.com/amazon/aws-network-policy-agent:v1.1.5-eksbuild.1,gpu-autoscale
3983,aws-node-m2f8p,Pod,,started-timestamp,1742093796.0,602401143452.dkr.ecr.us-east-1.amazonaws.com/amazon/aws-network-policy-agent:v1.1.5-eksbuild.1,gpu-autoscale
3984,aws-node-m2f8p,Pod,,started,1,602401143452.dkr.ecr.us-east-1.amazonaws.com/amazon/aws-network-policy-agent:v1.1.5-eksbuild.1,gpu-autoscale
3985,aws-node-m2f8p,Pod,,pulled,1.643485709,602401143452.dkr.ecr.us-east-1.amazonaws.com/amazon/aws-network-policy-agent:v1.1.5-eksbuild.1,gpu-autoscale
3986,aws-node-s2rbc,Pod,,pulled-timestamp,1742093794.0,602401143452.dkr.ecr.us-east-1.amazonaws.com/amazon/aws-network-policy-agent:v1.1.5-eksbuild.1,gpu-autoscale
3987,aws-node-s2rbc,Pod,,pulling-timestamp,1742093793.0,602401143452.dkr.ecr.us-east-1.amazonaws.com/amazon/aws-network-policy-agent:v1.1.5-eksbuild.1,gpu-autoscale
3988,aws-node-s2rbc,Pod,,scheduled-timestamp,1742093786.0,602401143452.dkr.ecr.us-east-1.amazonaws.com/amazon/aws-network-policy-agent:v1.1.5-eksbuild.1,gpu-autoscale
3989,aws-node-s2rbc,Pod,,created-timestamp,1742093794.0,602401143452.dkr.ecr.us-east-1.amazonaws.com/amazon/aws-network-policy-agent:v1.1.5-eksbuild.1,gpu-autoscale
3990,aws-node-s2rbc,Pod,,created,0,602401143452.dkr.ecr.us-east-1.amazonaws.com/amazon/aws-network-policy-agent:v1.1.5-eksbuild.1,gpu-autoscale
3991,aws-node-s2rbc,Pod,,started-timestamp,1742093794.0,602401143452.dkr.ecr.us-east-1.amazonaws.com/amazon/aws-network-policy-agent:v1.1.5-eksbuild.1,gpu-autoscale
3992,aws-node-s2rbc,Pod,,started,0,602401143452.dkr.ecr.us-east-1.amazonaws.com/amazon/aws-network-policy-agent:v1.1.5-eksbuild.1,gpu-autoscale
3993,aws-node-s2rbc,Pod,,pulled,1.457683878,602401143452.dkr.ecr.us-east-1.amazonaws.com/amazon/aws-network-policy-agent:v1.1.5-eksbuild.1,gpu-autoscale
3994,coredns-d9b6d6c7d-drz85,Pod,,pulled-timestamp,1742093741.0,602401143452.dkr.ecr.us-east-1.amazonaws.com/eks/coredns:v1.10.1-eksbuild.4,gpu-autoscale
3995,coredns-d9b6d6c7d-drz85,Pod,,pulling-timestamp,1742093740.0,602401143452.dkr.ecr.us-east-1.amazonaws.com/eks/coredns:v1.10.1-eksbuild.4,gpu-autoscale
3996,coredns-d9b6d6c7d-drz85,Pod,,scheduled-timestamp,1742093739.0,602401143452.dkr.ecr.us-east-1.amazonaws.com/eks/coredns:v1.10.1-eksbuild.4,gpu-autoscale
3997,coredns-d9b6d6c7d-drz85,Pod,,created-timestamp,1742093741.0,602401143452.dkr.ecr.us-east-1.amazonaws.com/eks/coredns:v1.10.1-eksbuild.4,gpu-autoscale
3998,coredns-d9b6d6c7d-drz85,Pod,,created,0,602401143452.dkr.ecr.us-east-1.amazonaws.com/eks/coredns:v1.10.1-eksbuild.4,gpu-autoscale
3999,coredns-d9b6d6c7d-drz85,Pod,,started-timestamp,1742093741.0,602401143452.dkr.ecr.us-east-1.amazonaws.com/eks/coredns:v1.10.1-eksbuild.4,gpu-autoscale
4000,coredns-d9b6d6c7d-drz85,Pod,,started,0,602401143452.dkr.ecr.us-east-1.amazonaws.com/eks/coredns:v1.10.1-eksbuild.4,gpu-autoscale
4001,coredns-d9b6d6c7d-drz85,Pod,,pulled,0.745616901,602401143452.dkr.ecr.us-east-1.amazonaws.com/eks/coredns:v1.10.1-eksbuild.4,gpu-autoscale
4002,coredns-d9b6d6c7d-g6ldg,Pod,,pulled-timestamp,1742093741.0,602401143452.dkr.ecr.us-east-1.amazonaws.com/eks/coredns:v1.10.1-eksbuild.4,gpu-autoscale
4003,coredns-d9b6d6c7d-g6ldg,Pod,,pulling-timestamp,1742093740.0,602401143452.dkr.ecr.us-east-1.amazonaws.com/eks/coredns:v1.10.1-eksbuild.4,gpu-autoscale
4004,coredns-d9b6d6c7d-g6ldg,Pod,,scheduled-timestamp,1742093739.0,602401143452.dkr.ecr.us-east-1.amazonaws.com/eks/coredns:v1.10.1-eksbuild.4,gpu-autoscale
4005,coredns-d9b6d6c7d-g6ldg,Pod,,created-timestamp,1742093741.0,602401143452.dkr.ecr.us-east-1.amazonaws.com/eks/coredns:v1.10.1-eksbuild.4,gpu-autoscale
4006,coredns-d9b6d6c7d-g6ldg,Pod,,created,0,602401143452.dkr.ecr.us-east-1.amazonaws.com/eks/coredns:v1.10.1-eksbuild.4,gpu-autoscale
4007,coredns-d9b6d6c7d-g6ldg,Pod,,started-timestamp,1742093741.0,602401143452.dkr.ecr.us-east-1.amazonaws.com/eks/coredns:v1.10.1-eksbuild.4,gpu-autoscale
4008,coredns-d9b6d6c7d-g6ldg,Pod,,started,0,602401143452.dkr.ecr.us-east-1.amazonaws.com/eks/coredns:v1.10.1-eksbuild.4,gpu-autoscale
4009,coredns-d9b6d6c7d-g6ldg,Pod,,pulled,0.47995877000000003,602401143452.dkr.ecr.us-east-1.amazonaws.com/eks/coredns:v1.10.1-eksbuild.4,gpu-autoscale
4010,metrics-server-7794986bdb-4nwk4,Pod,,pulled-timestamp,1742093756.0,602401143452.dkr.ecr.us-east-1.amazonaws.com/eks/metrics-server:v0.7.2-eksbuild.2,gpu-autoscale
4011,metrics-server-7794986bdb-4nwk4,Pod,,pulling-timestamp,1742093740.0,602401143452.dkr.ecr.us-east-1.amazonaws.com/eks/metrics-server:v0.7.2-eksbuild.2,gpu-autoscale
4012,metrics-server-7794986bdb-4nwk4,Pod,,scheduled-timestamp,1742093739.0,602401143452.dkr.ecr.us-east-1.amazonaws.com/eks/metrics-server:v0.7.2-eksbuild.2,gpu-autoscale
4013,metrics-server-7794986bdb-4nwk4,Pod,,created-timestamp,1742093756.0,602401143452.dkr.ecr.us-east-1.amazonaws.com/eks/metrics-server:v0.7.2-eksbuild.2,gpu-autoscale
4014,metrics-server-7794986bdb-4nwk4,Pod,,created,0,602401143452.dkr.ecr.us-east-1.amazonaws.com/eks/metrics-server:v0.7.2-eksbuild.2,gpu-autoscale
4015,metrics-server-7794986bdb-4nwk4,Pod,,started-timestamp,1742093756.0,602401143452.dkr.ecr.us-east-1.amazonaws.com/eks/metrics-server:v0.7.2-eksbuild.2,gpu-autoscale
4016,metrics-server-7794986bdb-4nwk4,Pod,,started,0,602401143452.dkr.ecr.us-east-1.amazonaws.com/eks/metrics-server:v0.7.2-eksbuild.2,gpu-autoscale
4017,metrics-server-7794986bdb-4nwk4,Pod,,pulled,16.149376659,602401143452.dkr.ecr.us-east-1.amazonaws.com/eks/metrics-server:v0.7.2-eksbuild.2,gpu-autoscale
4018,metrics-server-7794986bdb-rl6kx,Pod,,pulled-timestamp,1742093756.0,602401143452.dkr.ecr.us-east-1.amazonaws.com/eks/metrics-server:v0.7.2-eksbuild.2,gpu-autoscale
4019,metrics-server-7794986bdb-rl6kx,Pod,,pulling-timestamp,1742093740.0,602401143452.dkr.ecr.us-east-1.amazonaws.com/eks/metrics-server:v0.7.2-eksbuild.2,gpu-autoscale
4020,metrics-server-7794986bdb-rl6kx,Pod,,scheduled-timestamp,1742093739.0,602401143452.dkr.ecr.us-east-1.amazonaws.com/eks/metrics-server:v0.7.2-eksbuild.2,gpu-autoscale
4021,metrics-server-7794986bdb-rl6kx,Pod,,created-timestamp,1742093756.0,602401143452.dkr.ecr.us-east-1.amazonaws.com/eks/metrics-server:v0.7.2-eksbuild.2,gpu-autoscale
4022,metrics-server-7794986bdb-rl6kx,Pod,,created,0,602401143452.dkr.ecr.us-east-1.amazonaws.com/eks/metrics-server:v0.7.2-eksbuild.2,gpu-autoscale
4023,metrics-server-7794986bdb-rl6kx,Pod,,started-timestamp,1742093756.0,602401143452.dkr.ecr.us-east-1.amazonaws.com/eks/metrics-server:v0.7.2-eksbuild.2,gpu-autoscale
4024,metrics-server-7794986bdb-rl6kx,Pod,,started,0,602401143452.dkr.ecr.us-east-1.amazonaws.com/eks/metrics-server:v0.7.2-eksbuild.2,gpu-autoscale
4025,metrics-server-7794986bdb-rl6kx,Pod,,pulled,16.41504516,602401143452.dkr.ecr.us-east-1.amazonaws.com/eks/metrics-server:v0.7.2-eksbuild.2,gpu-autoscale
4026,nvidia-device-plugin-daemonset-2drbk,Pod,,pulled-timestamp,1742093858.0,nvcr.io/nvidia/k8s-device-plugin:v0.17.0,gpu-autoscale
4027,nvidia-device-plugin-daemonset-2drbk,Pod,,pulling-timestamp,1742093850.0,nvcr.io/nvidia/k8s-device-plugin:v0.17.0,gpu-autoscale
4028,nvidia-device-plugin-daemonset-2drbk,Pod,,scheduled-timestamp,1742093850.0,nvcr.io/nvidia/k8s-device-plugin:v0.17.0,gpu-autoscale
4029,nvidia-device-plugin-daemonset-2drbk,Pod,,created-timestamp,1742093858.0,nvcr.io/nvidia/k8s-device-plugin:v0.17.0,gpu-autoscale
4030,nvidia-device-plugin-daemonset-2drbk,Pod,,created,0,nvcr.io/nvidia/k8s-device-plugin:v0.17.0,gpu-autoscale
4031,nvidia-device-plugin-daemonset-2drbk,Pod,,started-timestamp,1742093858.0,nvcr.io/nvidia/k8s-device-plugin:v0.17.0,gpu-autoscale
4032,nvidia-device-plugin-daemonset-2drbk,Pod,,started,0,nvcr.io/nvidia/k8s-device-plugin:v0.17.0,gpu-autoscale
4033,nvidia-device-plugin-daemonset-2drbk,Pod,,pulled,7.7939265,nvcr.io/nvidia/k8s-device-plugin:v0.17.0,gpu-autoscale
4034,nvidia-device-plugin-daemonset-5lxkr,Pod,,pulled-timestamp,1742093858.0,nvcr.io/nvidia/k8s-device-plugin:v0.17.0,gpu-autoscale
4035,nvidia-device-plugin-daemonset-5lxkr,Pod,,pulling-timestamp,1742093850.0,nvcr.io/nvidia/k8s-device-plugin:v0.17.0,gpu-autoscale
4036,nvidia-device-plugin-daemonset-5lxkr,Pod,,scheduled-timestamp,1742093850.0,nvcr.io/nvidia/k8s-device-plugin:v0.17.0,gpu-autoscale
4037,nvidia-device-plugin-daemonset-5lxkr,Pod,,created-timestamp,1742093858.0,nvcr.io/nvidia/k8s-device-plugin:v0.17.0,gpu-autoscale
4038,nvidia-device-plugin-daemonset-5lxkr,Pod,,created,0,nvcr.io/nvidia/k8s-device-plugin:v0.17.0,gpu-autoscale
4039,nvidia-device-plugin-daemonset-5lxkr,Pod,,started-timestamp,1742093858.0,nvcr.io/nvidia/k8s-device-plugin:v0.17.0,gpu-autoscale
4040,nvidia-device-plugin-daemonset-5lxkr,Pod,,started,0,nvcr.io/nvidia/k8s-device-plugin:v0.17.0,gpu-autoscale
4041,nvidia-device-plugin-daemonset-5lxkr,Pod,,pulled,8.017942523,nvcr.io/nvidia/k8s-device-plugin:v0.17.0,gpu-autoscale
4042,nvidia-device-plugin-daemonset-8x7ht,Pod,,pulled-timestamp,1742093858.0,nvcr.io/nvidia/k8s-device-plugin:v0.17.0,gpu-autoscale
4043,nvidia-device-plugin-daemonset-8x7ht,Pod,,pulling-timestamp,1742093850.0,nvcr.io/nvidia/k8s-device-plugin:v0.17.0,gpu-autoscale
4044,nvidia-device-plugin-daemonset-8x7ht,Pod,,scheduled-timestamp,1742093850.0,nvcr.io/nvidia/k8s-device-plugin:v0.17.0,gpu-autoscale
4045,nvidia-device-plugin-daemonset-8x7ht,Pod,,created-timestamp,1742093858.0,nvcr.io/nvidia/k8s-device-plugin:v0.17.0,gpu-autoscale
4046,nvidia-device-plugin-daemonset-8x7ht,Pod,,created,0,nvcr.io/nvidia/k8s-device-plugin:v0.17.0,gpu-autoscale
4047,nvidia-device-plugin-daemonset-8x7ht,Pod,,started-timestamp,1742093859.0,nvcr.io/nvidia/k8s-device-plugin:v0.17.0,gpu-autoscale
4048,nvidia-device-plugin-daemonset-8x7ht,Pod,,started,1,nvcr.io/nvidia/k8s-device-plugin:v0.17.0,gpu-autoscale
4049,nvidia-device-plugin-daemonset-8x7ht,Pod,,pulled,8.126409497,nvcr.io/nvidia/k8s-device-plugin:v0.17.0,gpu-autoscale
4050,nvidia-device-plugin-daemonset-h927j,Pod,,pulled-timestamp,1742093859.0,nvcr.io/nvidia/k8s-device-plugin:v0.17.0,gpu-autoscale
4051,nvidia-device-plugin-daemonset-h927j,Pod,,pulling-timestamp,1742093850.0,nvcr.io/nvidia/k8s-device-plugin:v0.17.0,gpu-autoscale
4052,nvidia-device-plugin-daemonset-h927j,Pod,,scheduled-timestamp,1742093850.0,nvcr.io/nvidia/k8s-device-plugin:v0.17.0,gpu-autoscale
4053,nvidia-device-plugin-daemonset-h927j,Pod,,created-timestamp,1742093859.0,nvcr.io/nvidia/k8s-device-plugin:v0.17.0,gpu-autoscale
4054,nvidia-device-plugin-daemonset-h927j,Pod,,created,0,nvcr.io/nvidia/k8s-device-plugin:v0.17.0,gpu-autoscale
4055,nvidia-device-plugin-daemonset-h927j,Pod,,started-timestamp,1742093859.0,nvcr.io/nvidia/k8s-device-plugin:v0.17.0,gpu-autoscale
4056,nvidia-device-plugin-daemonset-h927j,Pod,,started,0,nvcr.io/nvidia/k8s-device-plugin:v0.17.0,gpu-autoscale
4057,nvidia-device-plugin-daemonset-h927j,Pod,,pulled,8.825712703,nvcr.io/nvidia/k8s-device-plugin:v0.17.0,gpu-autoscale
4058,nvidia-device-plugin-daemonset-sshp5,Pod,,pulled-timestamp,1742093858.0,nvcr.io/nvidia/k8s-device-plugin:v0.17.0,gpu-autoscale
4059,nvidia-device-plugin-daemonset-sshp5,Pod,,pulling-timestamp,1742093850.0,nvcr.io/nvidia/k8s-device-plugin:v0.17.0,gpu-autoscale
4060,nvidia-device-plugin-daemonset-sshp5,Pod,,scheduled-timestamp,1742093850.0,nvcr.io/nvidia/k8s-device-plugin:v0.17.0,gpu-autoscale
4061,nvidia-device-plugin-daemonset-sshp5,Pod,,created-timestamp,1742093859.0,nvcr.io/nvidia/k8s-device-plugin:v0.17.0,gpu-autoscale
4062,nvidia-device-plugin-daemonset-sshp5,Pod,,created,1,nvcr.io/nvidia/k8s-device-plugin:v0.17.0,gpu-autoscale
4063,nvidia-device-plugin-daemonset-sshp5,Pod,,started-timestamp,1742093859.0,nvcr.io/nvidia/k8s-device-plugin:v0.17.0,gpu-autoscale
4064,nvidia-device-plugin-daemonset-sshp5,Pod,,started,0,nvcr.io/nvidia/k8s-device-plugin:v0.17.0,gpu-autoscale
4065,nvidia-device-plugin-daemonset-sshp5,Pod,,pulled,8.279585275,nvcr.io/nvidia/k8s-device-plugin:v0.17.0,gpu-autoscale
4066,nvidia-device-plugin-daemonset-wjv49,Pod,,pulled-timestamp,1742093859.0,nvcr.io/nvidia/k8s-device-plugin:v0.17.0,gpu-autoscale
4067,nvidia-device-plugin-daemonset-wjv49,Pod,,pulling-timestamp,1742093850.0,nvcr.io/nvidia/k8s-device-plugin:v0.17.0,gpu-autoscale
4068,nvidia-device-plugin-daemonset-wjv49,Pod,,scheduled-timestamp,1742093850.0,nvcr.io/nvidia/k8s-device-plugin:v0.17.0,gpu-autoscale
4069,nvidia-device-plugin-daemonset-wjv49,Pod,,created-timestamp,1742093859.0,nvcr.io/nvidia/k8s-device-plugin:v0.17.0,gpu-autoscale
4070,nvidia-device-plugin-daemonset-wjv49,Pod,,created,0,nvcr.io/nvidia/k8s-device-plugin:v0.17.0,gpu-autoscale
4071,nvidia-device-plugin-daemonset-wjv49,Pod,,started-timestamp,1742093860.0,nvcr.io/nvidia/k8s-device-plugin:v0.17.0,gpu-autoscale
4072,nvidia-device-plugin-daemonset-wjv49,Pod,,started,1,nvcr.io/nvidia/k8s-device-plugin:v0.17.0,gpu-autoscale
4073,nvidia-device-plugin-daemonset-wjv49,Pod,,pulled,8.5603347,nvcr.io/nvidia/k8s-device-plugin:v0.17.0,gpu-autoscale
4074,nvidia-device-plugin-daemonset-xjtfg,Pod,,pulled-timestamp,1742093855.0,nvcr.io/nvidia/k8s-device-plugin:v0.17.0,gpu-autoscale
4075,nvidia-device-plugin-daemonset-xjtfg,Pod,,pulling-timestamp,1742093850.0,nvcr.io/nvidia/k8s-device-plugin:v0.17.0,gpu-autoscale
4076,nvidia-device-plugin-daemonset-xjtfg,Pod,,scheduled-timestamp,1742093850.0,nvcr.io/nvidia/k8s-device-plugin:v0.17.0,gpu-autoscale
4077,nvidia-device-plugin-daemonset-xjtfg,Pod,,created-timestamp,1742093855.0,nvcr.io/nvidia/k8s-device-plugin:v0.17.0,gpu-autoscale
4078,nvidia-device-plugin-daemonset-xjtfg,Pod,,created,0,nvcr.io/nvidia/k8s-device-plugin:v0.17.0,gpu-autoscale
4079,nvidia-device-plugin-daemonset-xjtfg,Pod,,started-timestamp,1742093855.0,nvcr.io/nvidia/k8s-device-plugin:v0.17.0,gpu-autoscale
4080,nvidia-device-plugin-daemonset-xjtfg,Pod,,started,0,nvcr.io/nvidia/k8s-device-plugin:v0.17.0,gpu-autoscale
4081,nvidia-device-plugin-daemonset-xjtfg,Pod,,pulled,4.977082919,nvcr.io/nvidia/k8s-device-plugin:v0.17.0,gpu-autoscale
4082,event-exporter-cdd6c96-r84dg,Pod,,pulled-timestamp,1742093889.0,ghcr.io/resmoio/kubernetes-event-exporter:latest,gpu-autoscale
4083,event-exporter-cdd6c96-r84dg,Pod,,pulling-timestamp,1742093888.0,ghcr.io/resmoio/kubernetes-event-exporter:latest,gpu-autoscale
4084,event-exporter-cdd6c96-r84dg,Pod,,scheduled-timestamp,1742093888.0,ghcr.io/resmoio/kubernetes-event-exporter:latest,gpu-autoscale
4085,event-exporter-cdd6c96-r84dg,Pod,,created-timestamp,1742093889.0,ghcr.io/resmoio/kubernetes-event-exporter:latest,gpu-autoscale
4086,event-exporter-cdd6c96-r84dg,Pod,,created,0,ghcr.io/resmoio/kubernetes-event-exporter:latest,gpu-autoscale
4087,event-exporter-cdd6c96-r84dg,Pod,,started-timestamp,1742093889.0,ghcr.io/resmoio/kubernetes-event-exporter:latest,gpu-autoscale
4088,event-exporter-cdd6c96-r84dg,Pod,,started,0,ghcr.io/resmoio/kubernetes-event-exporter:latest,gpu-autoscale
4089,event-exporter-cdd6c96-r84dg,Pod,,pulled,0.8893593670000001,ghcr.io/resmoio/kubernetes-event-exporter:latest,gpu-autoscale
4090,state-machine-operator-controller-manager-5b58c5f4b8-rdqpp,Pod,,pulled-timestamp,1742093969.0,ghcr.io/converged-computing/state-machine-operator@sha256:4fbec679024f006562108190b7573ee9c62fdffdb77ecc8b3f81ae25461849b9,gpu-autoscale
4091,state-machine-operator-controller-manager-5b58c5f4b8-rdqpp,Pod,,pulling-timestamp,1742093969.0,ghcr.io/converged-computing/state-machine-operator@sha256:4fbec679024f006562108190b7573ee9c62fdffdb77ecc8b3f81ae25461849b9,gpu-autoscale
4092,state-machine-operator-controller-manager-5b58c5f4b8-rdqpp,Pod,,scheduled-timestamp,1742093968.0,ghcr.io/converged-computing/state-machine-operator@sha256:4fbec679024f006562108190b7573ee9c62fdffdb77ecc8b3f81ae25461849b9,gpu-autoscale
4093,state-machine-operator-controller-manager-5b58c5f4b8-rdqpp,Pod,,created-timestamp,1742093969.0,ghcr.io/converged-computing/state-machine-operator@sha256:4fbec679024f006562108190b7573ee9c62fdffdb77ecc8b3f81ae25461849b9,gpu-autoscale
4094,state-machine-operator-controller-manager-5b58c5f4b8-rdqpp,Pod,,created,0,ghcr.io/converged-computing/state-machine-operator@sha256:4fbec679024f006562108190b7573ee9c62fdffdb77ecc8b3f81ae25461849b9,gpu-autoscale
4095,state-machine-operator-controller-manager-5b58c5f4b8-rdqpp,Pod,,started-timestamp,1742093969.0,ghcr.io/converged-computing/state-machine-operator@sha256:4fbec679024f006562108190b7573ee9c62fdffdb77ecc8b3f81ae25461849b9,gpu-autoscale
4096,state-machine-operator-controller-manager-5b58c5f4b8-rdqpp,Pod,,started,0,ghcr.io/converged-computing/state-machine-operator@sha256:4fbec679024f006562108190b7573ee9c62fdffdb77ecc8b3f81ae25461849b9,gpu-autoscale
4097,state-machine-operator-controller-manager-5b58c5f4b8-rdqpp,Pod,,pulled,0.835299761,ghcr.io/converged-computing/state-machine-operator@sha256:4fbec679024f006562108190b7573ee9c62fdffdb77ecc8b3f81ae25461849b9,gpu-autoscale
4098,registry-0,Pod,,pulled-timestamp,1742111531.0,ghcr.io/oras-project/registry:latest,gpu-autoscale
4099,registry-0,Pod,,pulling-timestamp,1742111530.0,ghcr.io/oras-project/registry:latest,gpu-autoscale
4100,registry-0,Pod,,scheduled-timestamp,1742111529.0,ghcr.io/oras-project/registry:latest,gpu-autoscale
4101,registry-0,Pod,,created-timestamp,1742111531.0,ghcr.io/oras-project/registry:latest,gpu-autoscale
4102,registry-0,Pod,,created,0,ghcr.io/oras-project/registry:latest,gpu-autoscale
4103,registry-0,Pod,,started-timestamp,1742111531.0,ghcr.io/oras-project/registry:latest,gpu-autoscale
4104,registry-0,Pod,,started,0,ghcr.io/oras-project/registry:latest,gpu-autoscale
4105,registry-0,Pod,,pulled,0.6940884429999999,ghcr.io/oras-project/registry:latest,gpu-autoscale
4106,mummi-manager-d6f98c7dd-bbmzg,Pod,,pulled-timestamp,1742094034.0,ghcr.io/converged-computing/state-machine-operator:manager,gpu-autoscale
4107,mummi-manager-d6f98c7dd-bbmzg,Pod,,pulling-timestamp,1742094026.0,ghcr.io/converged-computing/state-machine-operator:manager,gpu-autoscale
4108,mummi-manager-d6f98c7dd-bbmzg,Pod,,scheduled-timestamp,1742094026.0,ghcr.io/converged-computing/state-machine-operator:manager,gpu-autoscale
4109,mummi-manager-d6f98c7dd-bbmzg,Pod,,created-timestamp,1742094034.0,ghcr.io/converged-computing/state-machine-operator:manager,gpu-autoscale
4110,mummi-manager-d6f98c7dd-bbmzg,Pod,,created,0,ghcr.io/converged-computing/state-machine-operator:manager,gpu-autoscale
4111,mummi-manager-d6f98c7dd-bbmzg,Pod,,started-timestamp,1742094034.0,ghcr.io/converged-computing/state-machine-operator:manager,gpu-autoscale
4112,mummi-manager-d6f98c7dd-bbmzg,Pod,,started,0,ghcr.io/converged-computing/state-machine-operator:manager,gpu-autoscale
4113,mummi-manager-d6f98c7dd-bbmzg,Pod,,pulled,7.24616121,ghcr.io/converged-computing/state-machine-operator:manager,gpu-autoscale
4114,mlrunner-structure-004710840,Job,mlrunner,successfulcreate-timestamp,1742094034.0,,gpu-autoscale
4115,mlrunner-structure-004710840,Job,mlrunner,completed-timestamp,1742094439.0,,gpu-autoscale
4116,mlrunner-structure-004710840,Job,mlrunner,running,405,,gpu-autoscale
4117,mlrunner-structure-004710840-6t66d,Pod,,pulled-timestamp,1742094369.0,633731392008.dkr.ecr.us-east-1.amazonaws.com/mini-mummi:mlrunner-gpu,gpu-autoscale
4118,mlrunner-structure-004710840-6t66d,Pod,,pulling-timestamp,1742094035.0,633731392008.dkr.ecr.us-east-1.amazonaws.com/mini-mummi:mlrunner-gpu,gpu-autoscale
4119,mlrunner-structure-004710840-6t66d,Pod,,scheduled-timestamp,1742094034.0,633731392008.dkr.ecr.us-east-1.amazonaws.com/mini-mummi:mlrunner-gpu,gpu-autoscale
4120,mlrunner-structure-004710840-6t66d,Pod,,created-timestamp,1742094369.0,633731392008.dkr.ecr.us-east-1.amazonaws.com/mini-mummi:mlrunner-gpu,gpu-autoscale
4121,mlrunner-structure-004710840-6t66d,Pod,,created,0,633731392008.dkr.ecr.us-east-1.amazonaws.com/mini-mummi:mlrunner-gpu,gpu-autoscale
4122,mlrunner-structure-004710840-6t66d,Pod,,started-timestamp,1742094369.0,633731392008.dkr.ecr.us-east-1.amazonaws.com/mini-mummi:mlrunner-gpu,gpu-autoscale
4123,mlrunner-structure-004710840-6t66d,Pod,,started,0,633731392008.dkr.ecr.us-east-1.amazonaws.com/mini-mummi:mlrunner-gpu,gpu-autoscale
4124,mlrunner-structure-004710840-6t66d,Pod,,pulled,334.302373505,633731392008.dkr.ecr.us-east-1.amazonaws.com/mini-mummi:mlrunner-gpu,gpu-autoscale
4125,mlrunner-structure-072365894,Job,mlrunner,successfulcreate-timestamp,1742094034.0,,gpu-autoscale
4126,mlrunner-structure-072365894,Job,mlrunner,completed-timestamp,1742094437.0,,gpu-autoscale
4127,mlrunner-structure-072365894,Job,mlrunner,running,403,,gpu-autoscale
4128,mlrunner-structure-072365894-nhk6k,Pod,,pulled-timestamp,1742094368.0,633731392008.dkr.ecr.us-east-1.amazonaws.com/mini-mummi:mlrunner-gpu,gpu-autoscale
4129,mlrunner-structure-072365894-nhk6k,Pod,,pulling-timestamp,1742094035.0,633731392008.dkr.ecr.us-east-1.amazonaws.com/mini-mummi:mlrunner-gpu,gpu-autoscale
4130,mlrunner-structure-072365894-nhk6k,Pod,,scheduled-timestamp,1742094034.0,633731392008.dkr.ecr.us-east-1.amazonaws.com/mini-mummi:mlrunner-gpu,gpu-autoscale
4131,mlrunner-structure-072365894-nhk6k,Pod,,created-timestamp,1742094368.0,633731392008.dkr.ecr.us-east-1.amazonaws.com/mini-mummi:mlrunner-gpu,gpu-autoscale
4132,mlrunner-structure-072365894-nhk6k,Pod,,created,0,633731392008.dkr.ecr.us-east-1.amazonaws.com/mini-mummi:mlrunner-gpu,gpu-autoscale
4133,mlrunner-structure-072365894-nhk6k,Pod,,started-timestamp,1742094369.0,633731392008.dkr.ecr.us-east-1.amazonaws.com/mini-mummi:mlrunner-gpu,gpu-autoscale
4134,mlrunner-structure-072365894-nhk6k,Pod,,started,1,633731392008.dkr.ecr.us-east-1.amazonaws.com/mini-mummi:mlrunner-gpu,gpu-autoscale
4135,mlrunner-structure-072365894-nhk6k,Pod,,pulled,333.648429812,633731392008.dkr.ecr.us-east-1.amazonaws.com/mini-mummi:mlrunner-gpu,gpu-autoscale
4136,mlrunner-structure-099103039,Job,mlrunner,successfulcreate-timestamp,1742094034.0,,gpu-autoscale
4137,mlrunner-structure-099103039,Job,mlrunner,completed-timestamp,1742094441.0,,gpu-autoscale
4138,mlrunner-structure-099103039,Job,mlrunner,running,407,,gpu-autoscale
4139,mlrunner-structure-099103039-8n2t2,Pod,,pulled-timestamp,1742094369.0,633731392008.dkr.ecr.us-east-1.amazonaws.com/mini-mummi:mlrunner-gpu,gpu-autoscale
4140,mlrunner-structure-099103039-8n2t2,Pod,,pulling-timestamp,1742094035.0,633731392008.dkr.ecr.us-east-1.amazonaws.com/mini-mummi:mlrunner-gpu,gpu-autoscale
4141,mlrunner-structure-099103039-8n2t2,Pod,,scheduled-timestamp,1742094034.0,633731392008.dkr.ecr.us-east-1.amazonaws.com/mini-mummi:mlrunner-gpu,gpu-autoscale
4142,mlrunner-structure-099103039-8n2t2,Pod,,created-timestamp,1742094369.0,633731392008.dkr.ecr.us-east-1.amazonaws.com/mini-mummi:mlrunner-gpu,gpu-autoscale
4143,mlrunner-structure-099103039-8n2t2,Pod,,created,0,633731392008.dkr.ecr.us-east-1.amazonaws.com/mini-mummi:mlrunner-gpu,gpu-autoscale
4144,mlrunner-structure-099103039-8n2t2,Pod,,started-timestamp,1742094369.0,633731392008.dkr.ecr.us-east-1.amazonaws.com/mini-mummi:mlrunner-gpu,gpu-autoscale
4145,mlrunner-structure-099103039-8n2t2,Pod,,started,0,633731392008.dkr.ecr.us-east-1.amazonaws.com/mini-mummi:mlrunner-gpu,gpu-autoscale
4146,mlrunner-structure-099103039-8n2t2,Pod,,pulled,334.14956126,633731392008.dkr.ecr.us-east-1.amazonaws.com/mini-mummi:mlrunner-gpu,gpu-autoscale
4147,mlrunner-structure-024410114,Job,mlrunner,successfulcreate-timestamp,1742094034.0,,gpu-autoscale
4148,mlrunner-structure-024410114,Job,mlrunner,completed-timestamp,1742094440.0,,gpu-autoscale
4149,mlrunner-structure-024410114,Job,mlrunner,running,406,,gpu-autoscale
4150,mlrunner-structure-024410114-6jrc7,Pod,,pulled-timestamp,1742094368.0,633731392008.dkr.ecr.us-east-1.amazonaws.com/mini-mummi:mlrunner-gpu,gpu-autoscale
4151,mlrunner-structure-024410114-6jrc7,Pod,,pulling-timestamp,1742094035.0,633731392008.dkr.ecr.us-east-1.amazonaws.com/mini-mummi:mlrunner-gpu,gpu-autoscale
4152,mlrunner-structure-024410114-6jrc7,Pod,,scheduled-timestamp,1742094034.0,633731392008.dkr.ecr.us-east-1.amazonaws.com/mini-mummi:mlrunner-gpu,gpu-autoscale
4153,mlrunner-structure-024410114-6jrc7,Pod,,created-timestamp,1742094369.0,633731392008.dkr.ecr.us-east-1.amazonaws.com/mini-mummi:mlrunner-gpu,gpu-autoscale
4154,mlrunner-structure-024410114-6jrc7,Pod,,created,1,633731392008.dkr.ecr.us-east-1.amazonaws.com/mini-mummi:mlrunner-gpu,gpu-autoscale
4155,mlrunner-structure-024410114-6jrc7,Pod,,started-timestamp,1742094371.0,633731392008.dkr.ecr.us-east-1.amazonaws.com/mini-mummi:mlrunner-gpu,gpu-autoscale
4156,mlrunner-structure-024410114-6jrc7,Pod,,started,2,633731392008.dkr.ecr.us-east-1.amazonaws.com/mini-mummi:mlrunner-gpu,gpu-autoscale
4157,mlrunner-structure-024410114-6jrc7,Pod,,pulled,333.71312685099997,633731392008.dkr.ecr.us-east-1.amazonaws.com/mini-mummi:mlrunner-gpu,gpu-autoscale
4158,mlrunner-structure-048344355,Job,mlrunner,successfulcreate-timestamp,1742094034.0,,gpu-autoscale
4159,mlrunner-structure-048344355,Job,mlrunner,completed-timestamp,1742094440.0,,gpu-autoscale
4160,mlrunner-structure-048344355,Job,mlrunner,running,406,,gpu-autoscale
4161,mlrunner-structure-048344355-b7shg,Pod,,pulled-timestamp,1742094368.0,633731392008.dkr.ecr.us-east-1.amazonaws.com/mini-mummi:mlrunner-gpu,gpu-autoscale
4162,mlrunner-structure-048344355-b7shg,Pod,,pulling-timestamp,1742094035.0,633731392008.dkr.ecr.us-east-1.amazonaws.com/mini-mummi:mlrunner-gpu,gpu-autoscale
4163,mlrunner-structure-048344355-b7shg,Pod,,scheduled-timestamp,1742094034.0,633731392008.dkr.ecr.us-east-1.amazonaws.com/mini-mummi:mlrunner-gpu,gpu-autoscale
4164,mlrunner-structure-048344355-b7shg,Pod,,created-timestamp,1742094368.0,633731392008.dkr.ecr.us-east-1.amazonaws.com/mini-mummi:mlrunner-gpu,gpu-autoscale
4165,mlrunner-structure-048344355-b7shg,Pod,,created,0,633731392008.dkr.ecr.us-east-1.amazonaws.com/mini-mummi:mlrunner-gpu,gpu-autoscale
4166,mlrunner-structure-048344355-b7shg,Pod,,started-timestamp,1742094368.0,633731392008.dkr.ecr.us-east-1.amazonaws.com/mini-mummi:mlrunner-gpu,gpu-autoscale
4167,mlrunner-structure-048344355-b7shg,Pod,,started,0,633731392008.dkr.ecr.us-east-1.amazonaws.com/mini-mummi:mlrunner-gpu,gpu-autoscale
4168,mlrunner-structure-048344355-b7shg,Pod,,pulled,333.091778211,633731392008.dkr.ecr.us-east-1.amazonaws.com/mini-mummi:mlrunner-gpu,gpu-autoscale
4169,mlrunner-structure-009779172,Job,mlrunner,successfulcreate-timestamp,1742094034.0,,gpu-autoscale
4170,mlrunner-structure-009779172,Job,mlrunner,completed-timestamp,1742094493.0,,gpu-autoscale
4171,mlrunner-structure-009779172,Job,mlrunner,running,459,,gpu-autoscale
4172,mlrunner-structure-009779172-gbgx9,Pod,,pulled-timestamp,1742094417.0,633731392008.dkr.ecr.us-east-1.amazonaws.com/mini-mummi:mlrunner-gpu,gpu-autoscale
4173,mlrunner-structure-009779172-gbgx9,Pod,,pulling-timestamp,1742094035.0,633731392008.dkr.ecr.us-east-1.amazonaws.com/mini-mummi:mlrunner-gpu,gpu-autoscale
4174,mlrunner-structure-009779172-gbgx9,Pod,,scheduled-timestamp,1742094034.0,633731392008.dkr.ecr.us-east-1.amazonaws.com/mini-mummi:mlrunner-gpu,gpu-autoscale
4175,mlrunner-structure-009779172-gbgx9,Pod,,created-timestamp,1742094417.0,633731392008.dkr.ecr.us-east-1.amazonaws.com/mini-mummi:mlrunner-gpu,gpu-autoscale
4176,mlrunner-structure-009779172-gbgx9,Pod,,created,0,633731392008.dkr.ecr.us-east-1.amazonaws.com/mini-mummi:mlrunner-gpu,gpu-autoscale
4177,mlrunner-structure-009779172-gbgx9,Pod,,started-timestamp,1742094417.0,633731392008.dkr.ecr.us-east-1.amazonaws.com/mini-mummi:mlrunner-gpu,gpu-autoscale
4178,mlrunner-structure-009779172-gbgx9,Pod,,started,0,633731392008.dkr.ecr.us-east-1.amazonaws.com/mini-mummi:mlrunner-gpu,gpu-autoscale
4179,mlrunner-structure-009779172-gbgx9,Pod,,pulled,382.271990477,633731392008.dkr.ecr.us-east-1.amazonaws.com/mini-mummi:mlrunner-gpu,gpu-autoscale
4180,createsim-structure-072365894-cb8tc,Pod,createsim,pulled-timestamp,1742094574.0,633731392008.dkr.ecr.us-east-1.amazonaws.com/mini-mummi:createsims-gpu,gpu-autoscale
4181,createsim-structure-072365894-cb8tc,Pod,createsim,pulling-timestamp,1742094437.0,633731392008.dkr.ecr.us-east-1.amazonaws.com/mini-mummi:createsims-gpu,gpu-autoscale
4182,createsim-structure-072365894-cb8tc,Pod,createsim,scheduled-timestamp,1742094437.0,633731392008.dkr.ecr.us-east-1.amazonaws.com/mini-mummi:createsims-gpu,gpu-autoscale
4183,createsim-structure-072365894-cb8tc,Pod,createsim,created-timestamp,1742094575.0,633731392008.dkr.ecr.us-east-1.amazonaws.com/mini-mummi:createsims-gpu,gpu-autoscale
4184,createsim-structure-072365894-cb8tc,Pod,createsim,created,1,633731392008.dkr.ecr.us-east-1.amazonaws.com/mini-mummi:createsims-gpu,gpu-autoscale
4185,createsim-structure-072365894-cb8tc,Pod,createsim,started-timestamp,1742094578.0,633731392008.dkr.ecr.us-east-1.amazonaws.com/mini-mummi:createsims-gpu,gpu-autoscale
4186,createsim-structure-072365894-cb8tc,Pod,createsim,started,3,633731392008.dkr.ecr.us-east-1.amazonaws.com/mini-mummi:createsims-gpu,gpu-autoscale
4187,createsim-structure-072365894-cb8tc,Pod,createsim,pulled,137.028741408,633731392008.dkr.ecr.us-east-1.amazonaws.com/mini-mummi:createsims-gpu,gpu-autoscale
4188,createsim-structure-004710840-vbk6s,Pod,createsim,pulled-timestamp,1742094575.0,633731392008.dkr.ecr.us-east-1.amazonaws.com/mini-mummi:createsims-gpu,gpu-autoscale
4189,createsim-structure-004710840-vbk6s,Pod,createsim,pulling-timestamp,1742094440.0,633731392008.dkr.ecr.us-east-1.amazonaws.com/mini-mummi:createsims-gpu,gpu-autoscale
4190,createsim-structure-004710840-vbk6s,Pod,createsim,scheduled-timestamp,1742094439.0,633731392008.dkr.ecr.us-east-1.amazonaws.com/mini-mummi:createsims-gpu,gpu-autoscale
4191,createsim-structure-004710840-vbk6s,Pod,createsim,created-timestamp,1742094575.0,633731392008.dkr.ecr.us-east-1.amazonaws.com/mini-mummi:createsims-gpu,gpu-autoscale
4192,createsim-structure-004710840-vbk6s,Pod,createsim,created,0,633731392008.dkr.ecr.us-east-1.amazonaws.com/mini-mummi:createsims-gpu,gpu-autoscale
4193,createsim-structure-004710840-vbk6s,Pod,createsim,started-timestamp,1742094577.0,633731392008.dkr.ecr.us-east-1.amazonaws.com/mini-mummi:createsims-gpu,gpu-autoscale
4194,createsim-structure-004710840-vbk6s,Pod,createsim,started,2,633731392008.dkr.ecr.us-east-1.amazonaws.com/mini-mummi:createsims-gpu,gpu-autoscale
4195,createsim-structure-004710840-vbk6s,Pod,createsim,pulled,134.912896975,633731392008.dkr.ecr.us-east-1.amazonaws.com/mini-mummi:createsims-gpu,gpu-autoscale
4196,createsim-structure-024410114-bdkpj,Pod,createsim,pulled-timestamp,1742094574.0,633731392008.dkr.ecr.us-east-1.amazonaws.com/mini-mummi:createsims-gpu,gpu-autoscale
4197,createsim-structure-024410114-bdkpj,Pod,createsim,pulling-timestamp,1742094440.0,633731392008.dkr.ecr.us-east-1.amazonaws.com/mini-mummi:createsims-gpu,gpu-autoscale
4198,createsim-structure-024410114-bdkpj,Pod,createsim,scheduled-timestamp,1742094440.0,633731392008.dkr.ecr.us-east-1.amazonaws.com/mini-mummi:createsims-gpu,gpu-autoscale
4199,createsim-structure-024410114-bdkpj,Pod,createsim,created-timestamp,1742094574.0,633731392008.dkr.ecr.us-east-1.amazonaws.com/mini-mummi:createsims-gpu,gpu-autoscale
4200,createsim-structure-024410114-bdkpj,Pod,createsim,created,0,633731392008.dkr.ecr.us-east-1.amazonaws.com/mini-mummi:createsims-gpu,gpu-autoscale
4201,createsim-structure-024410114-bdkpj,Pod,createsim,started-timestamp,1742094577.0,633731392008.dkr.ecr.us-east-1.amazonaws.com/mini-mummi:createsims-gpu,gpu-autoscale
4202,createsim-structure-024410114-bdkpj,Pod,createsim,started,3,633731392008.dkr.ecr.us-east-1.amazonaws.com/mini-mummi:createsims-gpu,gpu-autoscale
4203,createsim-structure-024410114-bdkpj,Pod,createsim,pulled,133.709395886,633731392008.dkr.ecr.us-east-1.amazonaws.com/mini-mummi:createsims-gpu,gpu-autoscale
4204,createsim-structure-048344355-9bz6t,Pod,createsim,pulled-timestamp,1742094573.0,633731392008.dkr.ecr.us-east-1.amazonaws.com/mini-mummi:createsims-gpu,gpu-autoscale
4205,createsim-structure-048344355-9bz6t,Pod,createsim,pulling-timestamp,1742094440.0,633731392008.dkr.ecr.us-east-1.amazonaws.com/mini-mummi:createsims-gpu,gpu-autoscale
4206,createsim-structure-048344355-9bz6t,Pod,createsim,scheduled-timestamp,1742094440.0,633731392008.dkr.ecr.us-east-1.amazonaws.com/mini-mummi:createsims-gpu,gpu-autoscale
4207,createsim-structure-048344355-9bz6t,Pod,createsim,created-timestamp,1742094573.0,633731392008.dkr.ecr.us-east-1.amazonaws.com/mini-mummi:createsims-gpu,gpu-autoscale
4208,createsim-structure-048344355-9bz6t,Pod,createsim,created,0,633731392008.dkr.ecr.us-east-1.amazonaws.com/mini-mummi:createsims-gpu,gpu-autoscale
4209,createsim-structure-048344355-9bz6t,Pod,createsim,started-timestamp,1742094576.0,633731392008.dkr.ecr.us-east-1.amazonaws.com/mini-mummi:createsims-gpu,gpu-autoscale
4210,createsim-structure-048344355-9bz6t,Pod,createsim,started,3,633731392008.dkr.ecr.us-east-1.amazonaws.com/mini-mummi:createsims-gpu,gpu-autoscale
4211,createsim-structure-048344355-9bz6t,Pod,createsim,pulled,132.892914835,633731392008.dkr.ecr.us-east-1.amazonaws.com/mini-mummi:createsims-gpu,gpu-autoscale
4212,createsim-structure-099103039-fpjjm,Pod,createsim,pulled-timestamp,1742094576.0,633731392008.dkr.ecr.us-east-1.amazonaws.com/mini-mummi:createsims-gpu,gpu-autoscale
4213,createsim-structure-099103039-fpjjm,Pod,createsim,pulling-timestamp,1742094442.0,633731392008.dkr.ecr.us-east-1.amazonaws.com/mini-mummi:createsims-gpu,gpu-autoscale
4214,createsim-structure-099103039-fpjjm,Pod,createsim,scheduled-timestamp,1742094441.0,633731392008.dkr.ecr.us-east-1.amazonaws.com/mini-mummi:createsims-gpu,gpu-autoscale
4215,createsim-structure-099103039-fpjjm,Pod,createsim,created-timestamp,1742094576.0,633731392008.dkr.ecr.us-east-1.amazonaws.com/mini-mummi:createsims-gpu,gpu-autoscale
4216,createsim-structure-099103039-fpjjm,Pod,createsim,created,0,633731392008.dkr.ecr.us-east-1.amazonaws.com/mini-mummi:createsims-gpu,gpu-autoscale
4217,createsim-structure-099103039-fpjjm,Pod,createsim,started-timestamp,1742094579.0,633731392008.dkr.ecr.us-east-1.amazonaws.com/mini-mummi:createsims-gpu,gpu-autoscale
4218,createsim-structure-099103039-fpjjm,Pod,createsim,started,3,633731392008.dkr.ecr.us-east-1.amazonaws.com/mini-mummi:createsims-gpu,gpu-autoscale
4219,createsim-structure-099103039-fpjjm,Pod,createsim,pulled,133.718085982,633731392008.dkr.ecr.us-east-1.amazonaws.com/mini-mummi:createsims-gpu,gpu-autoscale
4220,cluster-autoscaler-77495fbc58-nx26c,Pod,,pulled-timestamp,1742094494.0,registry.k8s.io/autoscaling/cluster-autoscaler:v1.26.2,gpu-autoscale
4221,cluster-autoscaler-77495fbc58-nx26c,Pod,,pulling-timestamp,1742094493.0,registry.k8s.io/autoscaling/cluster-autoscaler:v1.26.2,gpu-autoscale
4222,cluster-autoscaler-77495fbc58-nx26c,Pod,,scheduled-timestamp,1742094493.0,registry.k8s.io/autoscaling/cluster-autoscaler:v1.26.2,gpu-autoscale
4223,cluster-autoscaler-77495fbc58-nx26c,Pod,,created-timestamp,1742094494.0,registry.k8s.io/autoscaling/cluster-autoscaler:v1.26.2,gpu-autoscale
4224,cluster-autoscaler-77495fbc58-nx26c,Pod,,created,0,registry.k8s.io/autoscaling/cluster-autoscaler:v1.26.2,gpu-autoscale
4225,cluster-autoscaler-77495fbc58-nx26c,Pod,,started-timestamp,1742094494.0,registry.k8s.io/autoscaling/cluster-autoscaler:v1.26.2,gpu-autoscale
4226,cluster-autoscaler-77495fbc58-nx26c,Pod,,started,0,registry.k8s.io/autoscaling/cluster-autoscaler:v1.26.2,gpu-autoscale
4227,cluster-autoscaler-77495fbc58-nx26c,Pod,,pulled,1.138343066,registry.k8s.io/autoscaling/cluster-autoscaler:v1.26.2,gpu-autoscale
4228,createsim-structure-009779172-459sm,Pod,createsim,pulled-timestamp,1742094656.0,633731392008.dkr.ecr.us-east-1.amazonaws.com/mini-mummi:createsims-gpu,gpu-autoscale
4229,createsim-structure-009779172-459sm,Pod,createsim,pulling-timestamp,1742094494.0,633731392008.dkr.ecr.us-east-1.amazonaws.com/mini-mummi:createsims-gpu,gpu-autoscale
4230,createsim-structure-009779172-459sm,Pod,createsim,scheduled-timestamp,1742094493.0,633731392008.dkr.ecr.us-east-1.amazonaws.com/mini-mummi:createsims-gpu,gpu-autoscale
4231,createsim-structure-009779172-459sm,Pod,createsim,created-timestamp,1742094656.0,633731392008.dkr.ecr.us-east-1.amazonaws.com/mini-mummi:createsims-gpu,gpu-autoscale
4232,createsim-structure-009779172-459sm,Pod,createsim,created,0,633731392008.dkr.ecr.us-east-1.amazonaws.com/mini-mummi:createsims-gpu,gpu-autoscale
4233,createsim-structure-009779172-459sm,Pod,createsim,started-timestamp,1742094656.0,633731392008.dkr.ecr.us-east-1.amazonaws.com/mini-mummi:createsims-gpu,gpu-autoscale
4234,createsim-structure-009779172-459sm,Pod,createsim,started,0,633731392008.dkr.ecr.us-east-1.amazonaws.com/mini-mummi:createsims-gpu,gpu-autoscale
4235,createsim-structure-009779172-459sm,Pod,createsim,pulled,162.689175875,633731392008.dkr.ecr.us-east-1.amazonaws.com/mini-mummi:createsims-gpu,gpu-autoscale
4236,aws-node-24xp8,Pod,,pulled-timestamp,1742102608.0,602401143452.dkr.ecr.us-east-1.amazonaws.com/amazon/aws-network-policy-agent:v1.1.5-eksbuild.1,gpu-autoscale
4237,aws-node-24xp8,Pod,,pulling-timestamp,1742102607.0,602401143452.dkr.ecr.us-east-1.amazonaws.com/amazon/aws-network-policy-agent:v1.1.5-eksbuild.1,gpu-autoscale
4238,aws-node-24xp8,Pod,,scheduled-timestamp,1742102585.0,602401143452.dkr.ecr.us-east-1.amazonaws.com/amazon/aws-network-policy-agent:v1.1.5-eksbuild.1,gpu-autoscale
4239,aws-node-24xp8,Pod,,created-timestamp,1742102608.0,602401143452.dkr.ecr.us-east-1.amazonaws.com/amazon/aws-network-policy-agent:v1.1.5-eksbuild.1,gpu-autoscale
4240,aws-node-24xp8,Pod,,created,0,602401143452.dkr.ecr.us-east-1.amazonaws.com/amazon/aws-network-policy-agent:v1.1.5-eksbuild.1,gpu-autoscale
4241,aws-node-24xp8,Pod,,started-timestamp,1742102608.0,602401143452.dkr.ecr.us-east-1.amazonaws.com/amazon/aws-network-policy-agent:v1.1.5-eksbuild.1,gpu-autoscale
4242,aws-node-24xp8,Pod,,started,0,602401143452.dkr.ecr.us-east-1.amazonaws.com/amazon/aws-network-policy-agent:v1.1.5-eksbuild.1,gpu-autoscale
4243,aws-node-24xp8,Pod,,pulled,0.92457644,602401143452.dkr.ecr.us-east-1.amazonaws.com/amazon/aws-network-policy-agent:v1.1.5-eksbuild.1,gpu-autoscale
4244,aws-node-7v4nr,Pod,,pulled-timestamp,1742102595.0,602401143452.dkr.ecr.us-east-1.amazonaws.com/amazon/aws-network-policy-agent:v1.1.5-eksbuild.1,gpu-autoscale
4245,aws-node-7v4nr,Pod,,pulling-timestamp,1742102594.0,602401143452.dkr.ecr.us-east-1.amazonaws.com/amazon/aws-network-policy-agent:v1.1.5-eksbuild.1,gpu-autoscale
4246,aws-node-7v4nr,Pod,,scheduled-timestamp,1742102583.0,602401143452.dkr.ecr.us-east-1.amazonaws.com/amazon/aws-network-policy-agent:v1.1.5-eksbuild.1,gpu-autoscale
4247,aws-node-7v4nr,Pod,,created-timestamp,1742102595.0,602401143452.dkr.ecr.us-east-1.amazonaws.com/amazon/aws-network-policy-agent:v1.1.5-eksbuild.1,gpu-autoscale
4248,aws-node-7v4nr,Pod,,created,0,602401143452.dkr.ecr.us-east-1.amazonaws.com/amazon/aws-network-policy-agent:v1.1.5-eksbuild.1,gpu-autoscale
4249,aws-node-7v4nr,Pod,,started-timestamp,1742102595.0,602401143452.dkr.ecr.us-east-1.amazonaws.com/amazon/aws-network-policy-agent:v1.1.5-eksbuild.1,gpu-autoscale
4250,aws-node-7v4nr,Pod,,started,0,602401143452.dkr.ecr.us-east-1.amazonaws.com/amazon/aws-network-policy-agent:v1.1.5-eksbuild.1,gpu-autoscale
4251,aws-node-7v4nr,Pod,,pulled,1.491334541,602401143452.dkr.ecr.us-east-1.amazonaws.com/amazon/aws-network-policy-agent:v1.1.5-eksbuild.1,gpu-autoscale
4252,aws-node-9qtnl,Pod,,pulled-timestamp,1742102595.0,602401143452.dkr.ecr.us-east-1.amazonaws.com/amazon/aws-network-policy-agent:v1.1.5-eksbuild.1,gpu-autoscale
4253,aws-node-9qtnl,Pod,,pulling-timestamp,1742102594.0,602401143452.dkr.ecr.us-east-1.amazonaws.com/amazon/aws-network-policy-agent:v1.1.5-eksbuild.1,gpu-autoscale
4254,aws-node-9qtnl,Pod,,scheduled-timestamp,1742102580.0,602401143452.dkr.ecr.us-east-1.amazonaws.com/amazon/aws-network-policy-agent:v1.1.5-eksbuild.1,gpu-autoscale
4255,aws-node-9qtnl,Pod,,created-timestamp,1742102595.0,602401143452.dkr.ecr.us-east-1.amazonaws.com/amazon/aws-network-policy-agent:v1.1.5-eksbuild.1,gpu-autoscale
4256,aws-node-9qtnl,Pod,,created,0,602401143452.dkr.ecr.us-east-1.amazonaws.com/amazon/aws-network-policy-agent:v1.1.5-eksbuild.1,gpu-autoscale
4257,aws-node-9qtnl,Pod,,started-timestamp,1742102595.0,602401143452.dkr.ecr.us-east-1.amazonaws.com/amazon/aws-network-policy-agent:v1.1.5-eksbuild.1,gpu-autoscale
4258,aws-node-9qtnl,Pod,,started,0,602401143452.dkr.ecr.us-east-1.amazonaws.com/amazon/aws-network-policy-agent:v1.1.5-eksbuild.1,gpu-autoscale
4259,aws-node-9qtnl,Pod,,pulled,1.483826929,602401143452.dkr.ecr.us-east-1.amazonaws.com/amazon/aws-network-policy-agent:v1.1.5-eksbuild.1,gpu-autoscale
4260,aws-node-bszjk,Pod,,pulled-timestamp,1742102596.0,602401143452.dkr.ecr.us-east-1.amazonaws.com/amazon/aws-network-policy-agent:v1.1.5-eksbuild.1,gpu-autoscale
4261,aws-node-bszjk,Pod,,pulling-timestamp,1742102594.0,602401143452.dkr.ecr.us-east-1.amazonaws.com/amazon/aws-network-policy-agent:v1.1.5-eksbuild.1,gpu-autoscale
4262,aws-node-bszjk,Pod,,scheduled-timestamp,1742102581.0,602401143452.dkr.ecr.us-east-1.amazonaws.com/amazon/aws-network-policy-agent:v1.1.5-eksbuild.1,gpu-autoscale
4263,aws-node-bszjk,Pod,,created-timestamp,1742102596.0,602401143452.dkr.ecr.us-east-1.amazonaws.com/amazon/aws-network-policy-agent:v1.1.5-eksbuild.1,gpu-autoscale
4264,aws-node-bszjk,Pod,,created,0,602401143452.dkr.ecr.us-east-1.amazonaws.com/amazon/aws-network-policy-agent:v1.1.5-eksbuild.1,gpu-autoscale
4265,aws-node-bszjk,Pod,,started-timestamp,1742102596.0,602401143452.dkr.ecr.us-east-1.amazonaws.com/amazon/aws-network-policy-agent:v1.1.5-eksbuild.1,gpu-autoscale
4266,aws-node-bszjk,Pod,,started,0,602401143452.dkr.ecr.us-east-1.amazonaws.com/amazon/aws-network-policy-agent:v1.1.5-eksbuild.1,gpu-autoscale
4267,aws-node-bszjk,Pod,,pulled,1.484323586,602401143452.dkr.ecr.us-east-1.amazonaws.com/amazon/aws-network-policy-agent:v1.1.5-eksbuild.1,gpu-autoscale
4268,aws-node-h4zd5,Pod,,pulled-timestamp,1742102595.0,602401143452.dkr.ecr.us-east-1.amazonaws.com/amazon/aws-network-policy-agent:v1.1.5-eksbuild.1,gpu-autoscale
4269,aws-node-h4zd5,Pod,,pulling-timestamp,1742102594.0,602401143452.dkr.ecr.us-east-1.amazonaws.com/amazon/aws-network-policy-agent:v1.1.5-eksbuild.1,gpu-autoscale
4270,aws-node-h4zd5,Pod,,scheduled-timestamp,1742102580.0,602401143452.dkr.ecr.us-east-1.amazonaws.com/amazon/aws-network-policy-agent:v1.1.5-eksbuild.1,gpu-autoscale
4271,aws-node-h4zd5,Pod,,created-timestamp,1742102595.0,602401143452.dkr.ecr.us-east-1.amazonaws.com/amazon/aws-network-policy-agent:v1.1.5-eksbuild.1,gpu-autoscale
4272,aws-node-h4zd5,Pod,,created,0,602401143452.dkr.ecr.us-east-1.amazonaws.com/amazon/aws-network-policy-agent:v1.1.5-eksbuild.1,gpu-autoscale
4273,aws-node-h4zd5,Pod,,started-timestamp,1742102595.0,602401143452.dkr.ecr.us-east-1.amazonaws.com/amazon/aws-network-policy-agent:v1.1.5-eksbuild.1,gpu-autoscale
4274,aws-node-h4zd5,Pod,,started,0,602401143452.dkr.ecr.us-east-1.amazonaws.com/amazon/aws-network-policy-agent:v1.1.5-eksbuild.1,gpu-autoscale
4275,aws-node-h4zd5,Pod,,pulled,1.460116364,602401143452.dkr.ecr.us-east-1.amazonaws.com/amazon/aws-network-policy-agent:v1.1.5-eksbuild.1,gpu-autoscale
4276,aws-node-n4ffc,Pod,,pulled-timestamp,1742102598.0,602401143452.dkr.ecr.us-east-1.amazonaws.com/amazon/aws-network-policy-agent:v1.1.5-eksbuild.1,gpu-autoscale
4277,aws-node-n4ffc,Pod,,pulling-timestamp,1742102596.0,602401143452.dkr.ecr.us-east-1.amazonaws.com/amazon/aws-network-policy-agent:v1.1.5-eksbuild.1,gpu-autoscale
4278,aws-node-n4ffc,Pod,,scheduled-timestamp,1742102583.0,602401143452.dkr.ecr.us-east-1.amazonaws.com/amazon/aws-network-policy-agent:v1.1.5-eksbuild.1,gpu-autoscale
4279,aws-node-n4ffc,Pod,,created-timestamp,1742102598.0,602401143452.dkr.ecr.us-east-1.amazonaws.com/amazon/aws-network-policy-agent:v1.1.5-eksbuild.1,gpu-autoscale
4280,aws-node-n4ffc,Pod,,created,0,602401143452.dkr.ecr.us-east-1.amazonaws.com/amazon/aws-network-policy-agent:v1.1.5-eksbuild.1,gpu-autoscale
4281,aws-node-n4ffc,Pod,,started-timestamp,1742102598.0,602401143452.dkr.ecr.us-east-1.amazonaws.com/amazon/aws-network-policy-agent:v1.1.5-eksbuild.1,gpu-autoscale
4282,aws-node-n4ffc,Pod,,started,0,602401143452.dkr.ecr.us-east-1.amazonaws.com/amazon/aws-network-policy-agent:v1.1.5-eksbuild.1,gpu-autoscale
4283,aws-node-n4ffc,Pod,,pulled,1.484257276,602401143452.dkr.ecr.us-east-1.amazonaws.com/amazon/aws-network-policy-agent:v1.1.5-eksbuild.1,gpu-autoscale
4284,aws-node-ndp76,Pod,,pulled-timestamp,1742102598.0,602401143452.dkr.ecr.us-east-1.amazonaws.com/amazon/aws-network-policy-agent:v1.1.5-eksbuild.1,gpu-autoscale
4285,aws-node-ndp76,Pod,,pulling-timestamp,1742102596.0,602401143452.dkr.ecr.us-east-1.amazonaws.com/amazon/aws-network-policy-agent:v1.1.5-eksbuild.1,gpu-autoscale
4286,aws-node-ndp76,Pod,,scheduled-timestamp,1742102583.0,602401143452.dkr.ecr.us-east-1.amazonaws.com/amazon/aws-network-policy-agent:v1.1.5-eksbuild.1,gpu-autoscale
4287,aws-node-ndp76,Pod,,created-timestamp,1742102598.0,602401143452.dkr.ecr.us-east-1.amazonaws.com/amazon/aws-network-policy-agent:v1.1.5-eksbuild.1,gpu-autoscale
4288,aws-node-ndp76,Pod,,created,0,602401143452.dkr.ecr.us-east-1.amazonaws.com/amazon/aws-network-policy-agent:v1.1.5-eksbuild.1,gpu-autoscale
4289,aws-node-ndp76,Pod,,started-timestamp,1742102598.0,602401143452.dkr.ecr.us-east-1.amazonaws.com/amazon/aws-network-policy-agent:v1.1.5-eksbuild.1,gpu-autoscale
4290,aws-node-ndp76,Pod,,started,0,602401143452.dkr.ecr.us-east-1.amazonaws.com/amazon/aws-network-policy-agent:v1.1.5-eksbuild.1,gpu-autoscale
4291,aws-node-ndp76,Pod,,pulled,1.580439543,602401143452.dkr.ecr.us-east-1.amazonaws.com/amazon/aws-network-policy-agent:v1.1.5-eksbuild.1,gpu-autoscale
4292,coredns-d9b6d6c7d-dmxb5,Pod,,pulled-timestamp,1742102598.0,602401143452.dkr.ecr.us-east-1.amazonaws.com/eks/coredns:v1.10.1-eksbuild.4,gpu-autoscale
4293,coredns-d9b6d6c7d-dmxb5,Pod,,pulling-timestamp,1742102597.0,602401143452.dkr.ecr.us-east-1.amazonaws.com/eks/coredns:v1.10.1-eksbuild.4,gpu-autoscale
4294,coredns-d9b6d6c7d-dmxb5,Pod,,scheduled-timestamp,1742102596.0,602401143452.dkr.ecr.us-east-1.amazonaws.com/eks/coredns:v1.10.1-eksbuild.4,gpu-autoscale
4295,coredns-d9b6d6c7d-dmxb5,Pod,,created-timestamp,1742102598.0,602401143452.dkr.ecr.us-east-1.amazonaws.com/eks/coredns:v1.10.1-eksbuild.4,gpu-autoscale
4296,coredns-d9b6d6c7d-dmxb5,Pod,,created,0,602401143452.dkr.ecr.us-east-1.amazonaws.com/eks/coredns:v1.10.1-eksbuild.4,gpu-autoscale
4297,coredns-d9b6d6c7d-dmxb5,Pod,,started-timestamp,1742102598.0,602401143452.dkr.ecr.us-east-1.amazonaws.com/eks/coredns:v1.10.1-eksbuild.4,gpu-autoscale
4298,coredns-d9b6d6c7d-dmxb5,Pod,,started,0,602401143452.dkr.ecr.us-east-1.amazonaws.com/eks/coredns:v1.10.1-eksbuild.4,gpu-autoscale
4299,coredns-d9b6d6c7d-dmxb5,Pod,,pulled,1.023478081,602401143452.dkr.ecr.us-east-1.amazonaws.com/eks/coredns:v1.10.1-eksbuild.4,gpu-autoscale
4300,coredns-d9b6d6c7d-pwdd7,Pod,,pulled-timestamp,1742102598.0,602401143452.dkr.ecr.us-east-1.amazonaws.com/eks/coredns:v1.10.1-eksbuild.4,gpu-autoscale
4301,coredns-d9b6d6c7d-pwdd7,Pod,,pulling-timestamp,1742102597.0,602401143452.dkr.ecr.us-east-1.amazonaws.com/eks/coredns:v1.10.1-eksbuild.4,gpu-autoscale
4302,coredns-d9b6d6c7d-pwdd7,Pod,,scheduled-timestamp,1742102596.0,602401143452.dkr.ecr.us-east-1.amazonaws.com/eks/coredns:v1.10.1-eksbuild.4,gpu-autoscale
4303,coredns-d9b6d6c7d-pwdd7,Pod,,created-timestamp,1742102598.0,602401143452.dkr.ecr.us-east-1.amazonaws.com/eks/coredns:v1.10.1-eksbuild.4,gpu-autoscale
4304,coredns-d9b6d6c7d-pwdd7,Pod,,created,0,602401143452.dkr.ecr.us-east-1.amazonaws.com/eks/coredns:v1.10.1-eksbuild.4,gpu-autoscale
4305,coredns-d9b6d6c7d-pwdd7,Pod,,started-timestamp,1742102598.0,602401143452.dkr.ecr.us-east-1.amazonaws.com/eks/coredns:v1.10.1-eksbuild.4,gpu-autoscale
4306,coredns-d9b6d6c7d-pwdd7,Pod,,started,0,602401143452.dkr.ecr.us-east-1.amazonaws.com/eks/coredns:v1.10.1-eksbuild.4,gpu-autoscale
4307,coredns-d9b6d6c7d-pwdd7,Pod,,pulled,1.105041974,602401143452.dkr.ecr.us-east-1.amazonaws.com/eks/coredns:v1.10.1-eksbuild.4,gpu-autoscale
4308,metrics-server-7794986bdb-2z92p,Pod,,pulled-timestamp,1742102598.0,602401143452.dkr.ecr.us-east-1.amazonaws.com/eks/metrics-server:v0.7.2-eksbuild.2,gpu-autoscale
4309,metrics-server-7794986bdb-2z92p,Pod,,pulling-timestamp,1742102597.0,602401143452.dkr.ecr.us-east-1.amazonaws.com/eks/metrics-server:v0.7.2-eksbuild.2,gpu-autoscale
4310,metrics-server-7794986bdb-2z92p,Pod,,scheduled-timestamp,1742102596.0,602401143452.dkr.ecr.us-east-1.amazonaws.com/eks/metrics-server:v0.7.2-eksbuild.2,gpu-autoscale
4311,metrics-server-7794986bdb-2z92p,Pod,,created-timestamp,1742102598.0,602401143452.dkr.ecr.us-east-1.amazonaws.com/eks/metrics-server:v0.7.2-eksbuild.2,gpu-autoscale
4312,metrics-server-7794986bdb-2z92p,Pod,,created,0,602401143452.dkr.ecr.us-east-1.amazonaws.com/eks/metrics-server:v0.7.2-eksbuild.2,gpu-autoscale
4313,metrics-server-7794986bdb-2z92p,Pod,,started-timestamp,1742102598.0,602401143452.dkr.ecr.us-east-1.amazonaws.com/eks/metrics-server:v0.7.2-eksbuild.2,gpu-autoscale
4314,metrics-server-7794986bdb-2z92p,Pod,,started,0,602401143452.dkr.ecr.us-east-1.amazonaws.com/eks/metrics-server:v0.7.2-eksbuild.2,gpu-autoscale
4315,metrics-server-7794986bdb-2z92p,Pod,,pulled,1.708503463,602401143452.dkr.ecr.us-east-1.amazonaws.com/eks/metrics-server:v0.7.2-eksbuild.2,gpu-autoscale
4316,metrics-server-7794986bdb-cl4wd,Pod,,pulled-timestamp,1742102598.0,602401143452.dkr.ecr.us-east-1.amazonaws.com/eks/metrics-server:v0.7.2-eksbuild.2,gpu-autoscale
4317,metrics-server-7794986bdb-cl4wd,Pod,,pulling-timestamp,1742102597.0,602401143452.dkr.ecr.us-east-1.amazonaws.com/eks/metrics-server:v0.7.2-eksbuild.2,gpu-autoscale
4318,metrics-server-7794986bdb-cl4wd,Pod,,scheduled-timestamp,1742102596.0,602401143452.dkr.ecr.us-east-1.amazonaws.com/eks/metrics-server:v0.7.2-eksbuild.2,gpu-autoscale
4319,metrics-server-7794986bdb-cl4wd,Pod,,created-timestamp,1742102598.0,602401143452.dkr.ecr.us-east-1.amazonaws.com/eks/metrics-server:v0.7.2-eksbuild.2,gpu-autoscale
4320,metrics-server-7794986bdb-cl4wd,Pod,,created,0,602401143452.dkr.ecr.us-east-1.amazonaws.com/eks/metrics-server:v0.7.2-eksbuild.2,gpu-autoscale
4321,metrics-server-7794986bdb-cl4wd,Pod,,started-timestamp,1742102598.0,602401143452.dkr.ecr.us-east-1.amazonaws.com/eks/metrics-server:v0.7.2-eksbuild.2,gpu-autoscale
4322,metrics-server-7794986bdb-cl4wd,Pod,,started,0,602401143452.dkr.ecr.us-east-1.amazonaws.com/eks/metrics-server:v0.7.2-eksbuild.2,gpu-autoscale
4323,metrics-server-7794986bdb-cl4wd,Pod,,pulled,1.703660094,602401143452.dkr.ecr.us-east-1.amazonaws.com/eks/metrics-server:v0.7.2-eksbuild.2,gpu-autoscale
4324,nvidia-device-plugin-daemonset-7bdph,Pod,,pulled-timestamp,1742102747.0,nvcr.io/nvidia/k8s-device-plugin:v0.17.0,gpu-autoscale
4325,nvidia-device-plugin-daemonset-7bdph,Pod,,pulling-timestamp,1742102739.0,nvcr.io/nvidia/k8s-device-plugin:v0.17.0,gpu-autoscale
4326,nvidia-device-plugin-daemonset-7bdph,Pod,,scheduled-timestamp,1742102738.0,nvcr.io/nvidia/k8s-device-plugin:v0.17.0,gpu-autoscale
4327,nvidia-device-plugin-daemonset-7bdph,Pod,,created-timestamp,1742102747.0,nvcr.io/nvidia/k8s-device-plugin:v0.17.0,gpu-autoscale
4328,nvidia-device-plugin-daemonset-7bdph,Pod,,created,0,nvcr.io/nvidia/k8s-device-plugin:v0.17.0,gpu-autoscale
4329,nvidia-device-plugin-daemonset-7bdph,Pod,,started-timestamp,1742102747.0,nvcr.io/nvidia/k8s-device-plugin:v0.17.0,gpu-autoscale
4330,nvidia-device-plugin-daemonset-7bdph,Pod,,started,0,nvcr.io/nvidia/k8s-device-plugin:v0.17.0,gpu-autoscale
4331,nvidia-device-plugin-daemonset-7bdph,Pod,,pulled,8.206160716,nvcr.io/nvidia/k8s-device-plugin:v0.17.0,gpu-autoscale
4332,nvidia-device-plugin-daemonset-7gbfz,Pod,,pulled-timestamp,1742102743.0,nvcr.io/nvidia/k8s-device-plugin:v0.17.0,gpu-autoscale
4333,nvidia-device-plugin-daemonset-7gbfz,Pod,,pulling-timestamp,1742102739.0,nvcr.io/nvidia/k8s-device-plugin:v0.17.0,gpu-autoscale
4334,nvidia-device-plugin-daemonset-7gbfz,Pod,,scheduled-timestamp,1742102738.0,nvcr.io/nvidia/k8s-device-plugin:v0.17.0,gpu-autoscale
4335,nvidia-device-plugin-daemonset-7gbfz,Pod,,created-timestamp,1742102743.0,nvcr.io/nvidia/k8s-device-plugin:v0.17.0,gpu-autoscale
4336,nvidia-device-plugin-daemonset-7gbfz,Pod,,created,0,nvcr.io/nvidia/k8s-device-plugin:v0.17.0,gpu-autoscale
4337,nvidia-device-plugin-daemonset-7gbfz,Pod,,started-timestamp,1742102743.0,nvcr.io/nvidia/k8s-device-plugin:v0.17.0,gpu-autoscale
4338,nvidia-device-plugin-daemonset-7gbfz,Pod,,started,0,nvcr.io/nvidia/k8s-device-plugin:v0.17.0,gpu-autoscale
4339,nvidia-device-plugin-daemonset-7gbfz,Pod,,pulled,4.839750873,nvcr.io/nvidia/k8s-device-plugin:v0.17.0,gpu-autoscale
4340,nvidia-device-plugin-daemonset-cpk2s,Pod,,pulled-timestamp,1742102747.0,nvcr.io/nvidia/k8s-device-plugin:v0.17.0,gpu-autoscale
4341,nvidia-device-plugin-daemonset-cpk2s,Pod,,pulling-timestamp,1742102739.0,nvcr.io/nvidia/k8s-device-plugin:v0.17.0,gpu-autoscale
4342,nvidia-device-plugin-daemonset-cpk2s,Pod,,scheduled-timestamp,1742102738.0,nvcr.io/nvidia/k8s-device-plugin:v0.17.0,gpu-autoscale
4343,nvidia-device-plugin-daemonset-cpk2s,Pod,,created-timestamp,1742102747.0,nvcr.io/nvidia/k8s-device-plugin:v0.17.0,gpu-autoscale
4344,nvidia-device-plugin-daemonset-cpk2s,Pod,,created,0,nvcr.io/nvidia/k8s-device-plugin:v0.17.0,gpu-autoscale
4345,nvidia-device-plugin-daemonset-cpk2s,Pod,,started-timestamp,1742102747.0,nvcr.io/nvidia/k8s-device-plugin:v0.17.0,gpu-autoscale
4346,nvidia-device-plugin-daemonset-cpk2s,Pod,,started,0,nvcr.io/nvidia/k8s-device-plugin:v0.17.0,gpu-autoscale
4347,nvidia-device-plugin-daemonset-cpk2s,Pod,,pulled,8.224285149,nvcr.io/nvidia/k8s-device-plugin:v0.17.0,gpu-autoscale
4348,nvidia-device-plugin-daemonset-jpw87,Pod,,pulled-timestamp,1742102747.0,nvcr.io/nvidia/k8s-device-plugin:v0.17.0,gpu-autoscale
4349,nvidia-device-plugin-daemonset-jpw87,Pod,,pulling-timestamp,1742102739.0,nvcr.io/nvidia/k8s-device-plugin:v0.17.0,gpu-autoscale
4350,nvidia-device-plugin-daemonset-jpw87,Pod,,scheduled-timestamp,1742102738.0,nvcr.io/nvidia/k8s-device-plugin:v0.17.0,gpu-autoscale
4351,nvidia-device-plugin-daemonset-jpw87,Pod,,created-timestamp,1742102747.0,nvcr.io/nvidia/k8s-device-plugin:v0.17.0,gpu-autoscale
4352,nvidia-device-plugin-daemonset-jpw87,Pod,,created,0,nvcr.io/nvidia/k8s-device-plugin:v0.17.0,gpu-autoscale
4353,nvidia-device-plugin-daemonset-jpw87,Pod,,started-timestamp,1742102747.0,nvcr.io/nvidia/k8s-device-plugin:v0.17.0,gpu-autoscale
4354,nvidia-device-plugin-daemonset-jpw87,Pod,,started,0,nvcr.io/nvidia/k8s-device-plugin:v0.17.0,gpu-autoscale
4355,nvidia-device-plugin-daemonset-jpw87,Pod,,pulled,8.495366308,nvcr.io/nvidia/k8s-device-plugin:v0.17.0,gpu-autoscale
4356,nvidia-device-plugin-daemonset-k2cgg,Pod,,pulled-timestamp,1742102747.0,nvcr.io/nvidia/k8s-device-plugin:v0.17.0,gpu-autoscale
4357,nvidia-device-plugin-daemonset-k2cgg,Pod,,pulling-timestamp,1742102739.0,nvcr.io/nvidia/k8s-device-plugin:v0.17.0,gpu-autoscale
4358,nvidia-device-plugin-daemonset-k2cgg,Pod,,scheduled-timestamp,1742102738.0,nvcr.io/nvidia/k8s-device-plugin:v0.17.0,gpu-autoscale
4359,nvidia-device-plugin-daemonset-k2cgg,Pod,,created-timestamp,1742102747.0,nvcr.io/nvidia/k8s-device-plugin:v0.17.0,gpu-autoscale
4360,nvidia-device-plugin-daemonset-k2cgg,Pod,,created,0,nvcr.io/nvidia/k8s-device-plugin:v0.17.0,gpu-autoscale
4361,nvidia-device-plugin-daemonset-k2cgg,Pod,,started-timestamp,1742102747.0,nvcr.io/nvidia/k8s-device-plugin:v0.17.0,gpu-autoscale
4362,nvidia-device-plugin-daemonset-k2cgg,Pod,,started,0,nvcr.io/nvidia/k8s-device-plugin:v0.17.0,gpu-autoscale
4363,nvidia-device-plugin-daemonset-k2cgg,Pod,,pulled,8.373395528,nvcr.io/nvidia/k8s-device-plugin:v0.17.0,gpu-autoscale
4364,nvidia-device-plugin-daemonset-mlmnb,Pod,,pulled-timestamp,1742102746.0,nvcr.io/nvidia/k8s-device-plugin:v0.17.0,gpu-autoscale
4365,nvidia-device-plugin-daemonset-mlmnb,Pod,,pulling-timestamp,1742102739.0,nvcr.io/nvidia/k8s-device-plugin:v0.17.0,gpu-autoscale
4366,nvidia-device-plugin-daemonset-mlmnb,Pod,,scheduled-timestamp,1742102738.0,nvcr.io/nvidia/k8s-device-plugin:v0.17.0,gpu-autoscale
4367,nvidia-device-plugin-daemonset-mlmnb,Pod,,created-timestamp,1742102746.0,nvcr.io/nvidia/k8s-device-plugin:v0.17.0,gpu-autoscale
4368,nvidia-device-plugin-daemonset-mlmnb,Pod,,created,0,nvcr.io/nvidia/k8s-device-plugin:v0.17.0,gpu-autoscale
4369,nvidia-device-plugin-daemonset-mlmnb,Pod,,started-timestamp,1742102747.0,nvcr.io/nvidia/k8s-device-plugin:v0.17.0,gpu-autoscale
4370,nvidia-device-plugin-daemonset-mlmnb,Pod,,started,1,nvcr.io/nvidia/k8s-device-plugin:v0.17.0,gpu-autoscale
4371,nvidia-device-plugin-daemonset-mlmnb,Pod,,pulled,7.937761207,nvcr.io/nvidia/k8s-device-plugin:v0.17.0,gpu-autoscale
4372,nvidia-device-plugin-daemonset-t445k,Pod,,pulled-timestamp,1742102747.0,nvcr.io/nvidia/k8s-device-plugin:v0.17.0,gpu-autoscale
4373,nvidia-device-plugin-daemonset-t445k,Pod,,pulling-timestamp,1742102739.0,nvcr.io/nvidia/k8s-device-plugin:v0.17.0,gpu-autoscale
4374,nvidia-device-plugin-daemonset-t445k,Pod,,scheduled-timestamp,1742102738.0,nvcr.io/nvidia/k8s-device-plugin:v0.17.0,gpu-autoscale
4375,nvidia-device-plugin-daemonset-t445k,Pod,,created-timestamp,1742102747.0,nvcr.io/nvidia/k8s-device-plugin:v0.17.0,gpu-autoscale
4376,nvidia-device-plugin-daemonset-t445k,Pod,,created,0,nvcr.io/nvidia/k8s-device-plugin:v0.17.0,gpu-autoscale
4377,nvidia-device-plugin-daemonset-t445k,Pod,,started-timestamp,1742102747.0,nvcr.io/nvidia/k8s-device-plugin:v0.17.0,gpu-autoscale
4378,nvidia-device-plugin-daemonset-t445k,Pod,,started,0,nvcr.io/nvidia/k8s-device-plugin:v0.17.0,gpu-autoscale
4379,nvidia-device-plugin-daemonset-t445k,Pod,,pulled,8.407945305,nvcr.io/nvidia/k8s-device-plugin:v0.17.0,gpu-autoscale
4380,event-exporter-cdd6c96-r8crw,Pod,,pulled-timestamp,1742102798.0,ghcr.io/resmoio/kubernetes-event-exporter:latest,gpu-autoscale
4381,event-exporter-cdd6c96-r8crw,Pod,,pulling-timestamp,1742102797.0,ghcr.io/resmoio/kubernetes-event-exporter:latest,gpu-autoscale
4382,event-exporter-cdd6c96-r8crw,Pod,,scheduled-timestamp,1742102797.0,ghcr.io/resmoio/kubernetes-event-exporter:latest,gpu-autoscale
4383,event-exporter-cdd6c96-r8crw,Pod,,created-timestamp,1742102798.0,ghcr.io/resmoio/kubernetes-event-exporter:latest,gpu-autoscale
4384,event-exporter-cdd6c96-r8crw,Pod,,created,0,ghcr.io/resmoio/kubernetes-event-exporter:latest,gpu-autoscale
4385,event-exporter-cdd6c96-r8crw,Pod,,started-timestamp,1742102798.0,ghcr.io/resmoio/kubernetes-event-exporter:latest,gpu-autoscale
4386,event-exporter-cdd6c96-r8crw,Pod,,started,0,ghcr.io/resmoio/kubernetes-event-exporter:latest,gpu-autoscale
4387,event-exporter-cdd6c96-r8crw,Pod,,pulled,0.934302829,ghcr.io/resmoio/kubernetes-event-exporter:latest,gpu-autoscale
4388,state-machine-operator-controller-manager-5b58c5f4b8-f94sn,Pod,,pulled-timestamp,1742102881.0,ghcr.io/converged-computing/state-machine-operator@sha256:4fbec679024f006562108190b7573ee9c62fdffdb77ecc8b3f81ae25461849b9,gpu-autoscale
4389,state-machine-operator-controller-manager-5b58c5f4b8-f94sn,Pod,,pulling-timestamp,1742102880.0,ghcr.io/converged-computing/state-machine-operator@sha256:4fbec679024f006562108190b7573ee9c62fdffdb77ecc8b3f81ae25461849b9,gpu-autoscale
4390,state-machine-operator-controller-manager-5b58c5f4b8-f94sn,Pod,,scheduled-timestamp,1742102879.0,ghcr.io/converged-computing/state-machine-operator@sha256:4fbec679024f006562108190b7573ee9c62fdffdb77ecc8b3f81ae25461849b9,gpu-autoscale
4391,state-machine-operator-controller-manager-5b58c5f4b8-f94sn,Pod,,created-timestamp,1742102881.0,ghcr.io/converged-computing/state-machine-operator@sha256:4fbec679024f006562108190b7573ee9c62fdffdb77ecc8b3f81ae25461849b9,gpu-autoscale
4392,state-machine-operator-controller-manager-5b58c5f4b8-f94sn,Pod,,created,0,ghcr.io/converged-computing/state-machine-operator@sha256:4fbec679024f006562108190b7573ee9c62fdffdb77ecc8b3f81ae25461849b9,gpu-autoscale
4393,state-machine-operator-controller-manager-5b58c5f4b8-f94sn,Pod,,started-timestamp,1742102881.0,ghcr.io/converged-computing/state-machine-operator@sha256:4fbec679024f006562108190b7573ee9c62fdffdb77ecc8b3f81ae25461849b9,gpu-autoscale
4394,state-machine-operator-controller-manager-5b58c5f4b8-f94sn,Pod,,started,0,ghcr.io/converged-computing/state-machine-operator@sha256:4fbec679024f006562108190b7573ee9c62fdffdb77ecc8b3f81ae25461849b9,gpu-autoscale
4395,state-machine-operator-controller-manager-5b58c5f4b8-f94sn,Pod,,pulled,1.072991203,ghcr.io/converged-computing/state-machine-operator@sha256:4fbec679024f006562108190b7573ee9c62fdffdb77ecc8b3f81ae25461849b9,gpu-autoscale
4396,mummi-manager-d6f98c7dd-g7fcq,Pod,,pulled-timestamp,1742102894.0,ghcr.io/converged-computing/state-machine-operator:manager,gpu-autoscale
4397,mummi-manager-d6f98c7dd-g7fcq,Pod,,pulling-timestamp,1742102887.0,ghcr.io/converged-computing/state-machine-operator:manager,gpu-autoscale
4398,mummi-manager-d6f98c7dd-g7fcq,Pod,,scheduled-timestamp,1742102886.0,ghcr.io/converged-computing/state-machine-operator:manager,gpu-autoscale
4399,mummi-manager-d6f98c7dd-g7fcq,Pod,,created-timestamp,1742102894.0,ghcr.io/converged-computing/state-machine-operator:manager,gpu-autoscale
4400,mummi-manager-d6f98c7dd-g7fcq,Pod,,created,0,ghcr.io/converged-computing/state-machine-operator:manager,gpu-autoscale
4401,mummi-manager-d6f98c7dd-g7fcq,Pod,,started-timestamp,1742102894.0,ghcr.io/converged-computing/state-machine-operator:manager,gpu-autoscale
4402,mummi-manager-d6f98c7dd-g7fcq,Pod,,started,0,ghcr.io/converged-computing/state-machine-operator:manager,gpu-autoscale
4403,mummi-manager-d6f98c7dd-g7fcq,Pod,,pulled,7.279087377,ghcr.io/converged-computing/state-machine-operator:manager,gpu-autoscale
4404,mlrunner-structure-099290159,Job,mlrunner,successfulcreate-timestamp,1742102894.0,,gpu-autoscale
4405,mlrunner-structure-099290159,Job,mlrunner,completed-timestamp,1742103346.0,,gpu-autoscale
4406,mlrunner-structure-099290159,Job,mlrunner,running,452,,gpu-autoscale
4407,mlrunner-structure-099290159-dcrt8,Pod,,pulled-timestamp,1742103273.0,633731392008.dkr.ecr.us-east-1.amazonaws.com/mini-mummi:mlrunner-gpu,gpu-autoscale
4408,mlrunner-structure-099290159-dcrt8,Pod,,pulling-timestamp,1742102895.0,633731392008.dkr.ecr.us-east-1.amazonaws.com/mini-mummi:mlrunner-gpu,gpu-autoscale
4409,mlrunner-structure-099290159-dcrt8,Pod,,scheduled-timestamp,1742102894.0,633731392008.dkr.ecr.us-east-1.amazonaws.com/mini-mummi:mlrunner-gpu,gpu-autoscale
4410,mlrunner-structure-099290159-dcrt8,Pod,,created-timestamp,1742103273.0,633731392008.dkr.ecr.us-east-1.amazonaws.com/mini-mummi:mlrunner-gpu,gpu-autoscale
4411,mlrunner-structure-099290159-dcrt8,Pod,,created,0,633731392008.dkr.ecr.us-east-1.amazonaws.com/mini-mummi:mlrunner-gpu,gpu-autoscale
4412,mlrunner-structure-099290159-dcrt8,Pod,,started-timestamp,1742103273.0,633731392008.dkr.ecr.us-east-1.amazonaws.com/mini-mummi:mlrunner-gpu,gpu-autoscale
4413,mlrunner-structure-099290159-dcrt8,Pod,,started,0,633731392008.dkr.ecr.us-east-1.amazonaws.com/mini-mummi:mlrunner-gpu,gpu-autoscale
4414,mlrunner-structure-099290159-dcrt8,Pod,,pulled,378.089889094,633731392008.dkr.ecr.us-east-1.amazonaws.com/mini-mummi:mlrunner-gpu,gpu-autoscale
4415,mlrunner-structure-090132908,Job,mlrunner,successfulcreate-timestamp,1742102894.0,,gpu-autoscale
4416,mlrunner-structure-090132908,Job,mlrunner,completed-timestamp,1742103316.0,,gpu-autoscale
4417,mlrunner-structure-090132908,Job,mlrunner,running,422,,gpu-autoscale
4418,mlrunner-structure-090132908-wvvll,Pod,,pulled-timestamp,1742103244.0,633731392008.dkr.ecr.us-east-1.amazonaws.com/mini-mummi:mlrunner-gpu,gpu-autoscale
4419,mlrunner-structure-090132908-wvvll,Pod,,pulling-timestamp,1742102895.0,633731392008.dkr.ecr.us-east-1.amazonaws.com/mini-mummi:mlrunner-gpu,gpu-autoscale
4420,mlrunner-structure-090132908-wvvll,Pod,,scheduled-timestamp,1742102894.0,633731392008.dkr.ecr.us-east-1.amazonaws.com/mini-mummi:mlrunner-gpu,gpu-autoscale
4421,mlrunner-structure-090132908-wvvll,Pod,,created-timestamp,1742103244.0,633731392008.dkr.ecr.us-east-1.amazonaws.com/mini-mummi:mlrunner-gpu,gpu-autoscale
4422,mlrunner-structure-090132908-wvvll,Pod,,created,0,633731392008.dkr.ecr.us-east-1.amazonaws.com/mini-mummi:mlrunner-gpu,gpu-autoscale
4423,mlrunner-structure-090132908-wvvll,Pod,,started-timestamp,1742103245.0,633731392008.dkr.ecr.us-east-1.amazonaws.com/mini-mummi:mlrunner-gpu,gpu-autoscale
4424,mlrunner-structure-090132908-wvvll,Pod,,started,1,633731392008.dkr.ecr.us-east-1.amazonaws.com/mini-mummi:mlrunner-gpu,gpu-autoscale
4425,mlrunner-structure-090132908-wvvll,Pod,,pulled,348.63442602,633731392008.dkr.ecr.us-east-1.amazonaws.com/mini-mummi:mlrunner-gpu,gpu-autoscale
4426,mlrunner-structure-026625632,Job,mlrunner,successfulcreate-timestamp,1742102895.0,,gpu-autoscale
4427,mlrunner-structure-026625632,Job,mlrunner,completed-timestamp,1742103317.0,,gpu-autoscale
4428,mlrunner-structure-026625632,Job,mlrunner,running,422,,gpu-autoscale
4429,mlrunner-structure-026625632-tjldc,Pod,,pulled-timestamp,1742103247.0,633731392008.dkr.ecr.us-east-1.amazonaws.com/mini-mummi:mlrunner-gpu,gpu-autoscale
4430,mlrunner-structure-026625632-tjldc,Pod,,pulling-timestamp,1742102895.0,633731392008.dkr.ecr.us-east-1.amazonaws.com/mini-mummi:mlrunner-gpu,gpu-autoscale
4431,mlrunner-structure-026625632-tjldc,Pod,,scheduled-timestamp,1742102895.0,633731392008.dkr.ecr.us-east-1.amazonaws.com/mini-mummi:mlrunner-gpu,gpu-autoscale
4432,mlrunner-structure-026625632-tjldc,Pod,,created-timestamp,1742103247.0,633731392008.dkr.ecr.us-east-1.amazonaws.com/mini-mummi:mlrunner-gpu,gpu-autoscale
4433,mlrunner-structure-026625632-tjldc,Pod,,created,0,633731392008.dkr.ecr.us-east-1.amazonaws.com/mini-mummi:mlrunner-gpu,gpu-autoscale
4434,mlrunner-structure-026625632-tjldc,Pod,,started-timestamp,1742103247.0,633731392008.dkr.ecr.us-east-1.amazonaws.com/mini-mummi:mlrunner-gpu,gpu-autoscale
4435,mlrunner-structure-026625632-tjldc,Pod,,started,0,633731392008.dkr.ecr.us-east-1.amazonaws.com/mini-mummi:mlrunner-gpu,gpu-autoscale
4436,mlrunner-structure-026625632-tjldc,Pod,,pulled,351.53149761,633731392008.dkr.ecr.us-east-1.amazonaws.com/mini-mummi:mlrunner-gpu,gpu-autoscale
4437,mlrunner-structure-074574094,Job,mlrunner,successfulcreate-timestamp,1742102895.0,,gpu-autoscale
4438,mlrunner-structure-074574094,Job,mlrunner,completed-timestamp,1742103317.0,,gpu-autoscale
4439,mlrunner-structure-074574094,Job,mlrunner,running,422,,gpu-autoscale
4440,mlrunner-structure-074574094-ncjkv,Pod,,pulled-timestamp,1742103246.0,633731392008.dkr.ecr.us-east-1.amazonaws.com/mini-mummi:mlrunner-gpu,gpu-autoscale
4441,mlrunner-structure-074574094-ncjkv,Pod,,pulling-timestamp,1742102895.0,633731392008.dkr.ecr.us-east-1.amazonaws.com/mini-mummi:mlrunner-gpu,gpu-autoscale
4442,mlrunner-structure-074574094-ncjkv,Pod,,scheduled-timestamp,1742102895.0,633731392008.dkr.ecr.us-east-1.amazonaws.com/mini-mummi:mlrunner-gpu,gpu-autoscale
4443,mlrunner-structure-074574094-ncjkv,Pod,,created-timestamp,1742103246.0,633731392008.dkr.ecr.us-east-1.amazonaws.com/mini-mummi:mlrunner-gpu,gpu-autoscale
4444,mlrunner-structure-074574094-ncjkv,Pod,,created,0,633731392008.dkr.ecr.us-east-1.amazonaws.com/mini-mummi:mlrunner-gpu,gpu-autoscale
4445,mlrunner-structure-074574094-ncjkv,Pod,,started-timestamp,1742103247.0,633731392008.dkr.ecr.us-east-1.amazonaws.com/mini-mummi:mlrunner-gpu,gpu-autoscale
4446,mlrunner-structure-074574094-ncjkv,Pod,,started,1,633731392008.dkr.ecr.us-east-1.amazonaws.com/mini-mummi:mlrunner-gpu,gpu-autoscale
4447,mlrunner-structure-074574094-ncjkv,Pod,,pulled,351.254707306,633731392008.dkr.ecr.us-east-1.amazonaws.com/mini-mummi:mlrunner-gpu,gpu-autoscale
4448,mlrunner-structure-092040891,Job,mlrunner,successfulcreate-timestamp,1742102895.0,,gpu-autoscale
4449,mlrunner-structure-092040891,Job,mlrunner,completed-timestamp,1742103316.0,,gpu-autoscale
4450,mlrunner-structure-092040891,Job,mlrunner,running,421,,gpu-autoscale
4451,mlrunner-structure-092040891-r2lms,Pod,,pulled-timestamp,1742103243.0,633731392008.dkr.ecr.us-east-1.amazonaws.com/mini-mummi:mlrunner-gpu,gpu-autoscale
4452,mlrunner-structure-092040891-r2lms,Pod,,pulling-timestamp,1742102895.0,633731392008.dkr.ecr.us-east-1.amazonaws.com/mini-mummi:mlrunner-gpu,gpu-autoscale
4453,mlrunner-structure-092040891-r2lms,Pod,,scheduled-timestamp,1742102895.0,633731392008.dkr.ecr.us-east-1.amazonaws.com/mini-mummi:mlrunner-gpu,gpu-autoscale
4454,mlrunner-structure-092040891-r2lms,Pod,,created-timestamp,1742103243.0,633731392008.dkr.ecr.us-east-1.amazonaws.com/mini-mummi:mlrunner-gpu,gpu-autoscale
4455,mlrunner-structure-092040891-r2lms,Pod,,created,0,633731392008.dkr.ecr.us-east-1.amazonaws.com/mini-mummi:mlrunner-gpu,gpu-autoscale
4456,mlrunner-structure-092040891-r2lms,Pod,,started-timestamp,1742103243.0,633731392008.dkr.ecr.us-east-1.amazonaws.com/mini-mummi:mlrunner-gpu,gpu-autoscale
4457,mlrunner-structure-092040891-r2lms,Pod,,started,0,633731392008.dkr.ecr.us-east-1.amazonaws.com/mini-mummi:mlrunner-gpu,gpu-autoscale
4458,mlrunner-structure-092040891-r2lms,Pod,,pulled,347.795191793,633731392008.dkr.ecr.us-east-1.amazonaws.com/mini-mummi:mlrunner-gpu,gpu-autoscale
4459,mlrunner-structure-086420414,Job,mlrunner,successfulcreate-timestamp,1742102895.0,,gpu-autoscale
4460,mlrunner-structure-086420414,Job,mlrunner,completed-timestamp,1742103319.0,,gpu-autoscale
4461,mlrunner-structure-086420414,Job,mlrunner,running,424,,gpu-autoscale
4462,mlrunner-structure-086420414-2xs8d,Pod,,pulled-timestamp,1742103247.0,633731392008.dkr.ecr.us-east-1.amazonaws.com/mini-mummi:mlrunner-gpu,gpu-autoscale
4463,mlrunner-structure-086420414-2xs8d,Pod,,pulling-timestamp,1742102895.0,633731392008.dkr.ecr.us-east-1.amazonaws.com/mini-mummi:mlrunner-gpu,gpu-autoscale
4464,mlrunner-structure-086420414-2xs8d,Pod,,scheduled-timestamp,1742102895.0,633731392008.dkr.ecr.us-east-1.amazonaws.com/mini-mummi:mlrunner-gpu,gpu-autoscale
4465,mlrunner-structure-086420414-2xs8d,Pod,,created-timestamp,1742103247.0,633731392008.dkr.ecr.us-east-1.amazonaws.com/mini-mummi:mlrunner-gpu,gpu-autoscale
4466,mlrunner-structure-086420414-2xs8d,Pod,,created,0,633731392008.dkr.ecr.us-east-1.amazonaws.com/mini-mummi:mlrunner-gpu,gpu-autoscale
4467,mlrunner-structure-086420414-2xs8d,Pod,,started-timestamp,1742103248.0,633731392008.dkr.ecr.us-east-1.amazonaws.com/mini-mummi:mlrunner-gpu,gpu-autoscale
4468,mlrunner-structure-086420414-2xs8d,Pod,,started,1,633731392008.dkr.ecr.us-east-1.amazonaws.com/mini-mummi:mlrunner-gpu,gpu-autoscale
4469,mlrunner-structure-086420414-2xs8d,Pod,,pulled,351.80096308,633731392008.dkr.ecr.us-east-1.amazonaws.com/mini-mummi:mlrunner-gpu,gpu-autoscale
4470,createsim-structure-092040891,Job,createsim,successfulcreate-timestamp,1742103316.0,,gpu-autoscale
4471,createsim-structure-092040891,Job,createsim,completed-timestamp,1742104269.0,,gpu-autoscale
4472,createsim-structure-092040891,Job,createsim,running,953,,gpu-autoscale
4473,createsim-structure-092040891-4nwp7,Pod,createsim,pulled-timestamp,1742103459.0,633731392008.dkr.ecr.us-east-1.amazonaws.com/mini-mummi:createsims-gpu,gpu-autoscale
4474,createsim-structure-092040891-4nwp7,Pod,createsim,pulling-timestamp,1742103317.0,633731392008.dkr.ecr.us-east-1.amazonaws.com/mini-mummi:createsims-gpu,gpu-autoscale
4475,createsim-structure-092040891-4nwp7,Pod,createsim,scheduled-timestamp,1742103316.0,633731392008.dkr.ecr.us-east-1.amazonaws.com/mini-mummi:createsims-gpu,gpu-autoscale
4476,createsim-structure-092040891-4nwp7,Pod,createsim,created-timestamp,1742103459.0,633731392008.dkr.ecr.us-east-1.amazonaws.com/mini-mummi:createsims-gpu,gpu-autoscale
4477,createsim-structure-092040891-4nwp7,Pod,createsim,created,0,633731392008.dkr.ecr.us-east-1.amazonaws.com/mini-mummi:createsims-gpu,gpu-autoscale
4478,createsim-structure-092040891-4nwp7,Pod,createsim,started-timestamp,1742103462.0,633731392008.dkr.ecr.us-east-1.amazonaws.com/mini-mummi:createsims-gpu,gpu-autoscale
4479,createsim-structure-092040891-4nwp7,Pod,createsim,started,3,633731392008.dkr.ecr.us-east-1.amazonaws.com/mini-mummi:createsims-gpu,gpu-autoscale
4480,createsim-structure-092040891-4nwp7,Pod,createsim,pulled,141.726969421,633731392008.dkr.ecr.us-east-1.amazonaws.com/mini-mummi:createsims-gpu,gpu-autoscale
4481,createsim-structure-090132908,Job,createsim,successfulcreate-timestamp,1742103317.0,,gpu-autoscale
4482,createsim-structure-090132908,Job,createsim,completed-timestamp,1742104294.0,,gpu-autoscale
4483,createsim-structure-090132908,Job,createsim,running,977,,gpu-autoscale
4484,createsim-structure-090132908-qkb2p,Pod,createsim,pulled-timestamp,1742103455.0,633731392008.dkr.ecr.us-east-1.amazonaws.com/mini-mummi:createsims-gpu,gpu-autoscale
4485,createsim-structure-090132908-qkb2p,Pod,createsim,pulling-timestamp,1742103317.0,633731392008.dkr.ecr.us-east-1.amazonaws.com/mini-mummi:createsims-gpu,gpu-autoscale
4486,createsim-structure-090132908-qkb2p,Pod,createsim,scheduled-timestamp,1742103317.0,633731392008.dkr.ecr.us-east-1.amazonaws.com/mini-mummi:createsims-gpu,gpu-autoscale
4487,createsim-structure-090132908-qkb2p,Pod,createsim,created-timestamp,1742103455.0,633731392008.dkr.ecr.us-east-1.amazonaws.com/mini-mummi:createsims-gpu,gpu-autoscale
4488,createsim-structure-090132908-qkb2p,Pod,createsim,created,0,633731392008.dkr.ecr.us-east-1.amazonaws.com/mini-mummi:createsims-gpu,gpu-autoscale
4489,createsim-structure-090132908-qkb2p,Pod,createsim,started-timestamp,1742103455.0,633731392008.dkr.ecr.us-east-1.amazonaws.com/mini-mummi:createsims-gpu,gpu-autoscale
4490,createsim-structure-090132908-qkb2p,Pod,createsim,started,0,633731392008.dkr.ecr.us-east-1.amazonaws.com/mini-mummi:createsims-gpu,gpu-autoscale
4491,createsim-structure-090132908-qkb2p,Pod,createsim,pulled,137.623363523,633731392008.dkr.ecr.us-east-1.amazonaws.com/mini-mummi:createsims-gpu,gpu-autoscale
4492,createsim-structure-074574094,Job,createsim,successfulcreate-timestamp,1742103317.0,,gpu-autoscale
4493,createsim-structure-074574094,Job,createsim,completed-timestamp,1742104306.0,,gpu-autoscale
4494,createsim-structure-074574094,Job,createsim,running,989,,gpu-autoscale
4495,createsim-structure-074574094-crwr9,Pod,createsim,pulled-timestamp,1742103457.0,633731392008.dkr.ecr.us-east-1.amazonaws.com/mini-mummi:createsims-gpu,gpu-autoscale
4496,createsim-structure-074574094-crwr9,Pod,createsim,pulling-timestamp,1742103317.0,633731392008.dkr.ecr.us-east-1.amazonaws.com/mini-mummi:createsims-gpu,gpu-autoscale
4497,createsim-structure-074574094-crwr9,Pod,createsim,scheduled-timestamp,1742103317.0,633731392008.dkr.ecr.us-east-1.amazonaws.com/mini-mummi:createsims-gpu,gpu-autoscale
4498,createsim-structure-074574094-crwr9,Pod,createsim,created-timestamp,1742103458.0,633731392008.dkr.ecr.us-east-1.amazonaws.com/mini-mummi:createsims-gpu,gpu-autoscale
4499,createsim-structure-074574094-crwr9,Pod,createsim,created,1,633731392008.dkr.ecr.us-east-1.amazonaws.com/mini-mummi:createsims-gpu,gpu-autoscale
4500,createsim-structure-074574094-crwr9,Pod,createsim,started-timestamp,1742103461.0,633731392008.dkr.ecr.us-east-1.amazonaws.com/mini-mummi:createsims-gpu,gpu-autoscale
4501,createsim-structure-074574094-crwr9,Pod,createsim,started,3,633731392008.dkr.ecr.us-east-1.amazonaws.com/mini-mummi:createsims-gpu,gpu-autoscale
4502,createsim-structure-074574094-crwr9,Pod,createsim,pulled,140.092481604,633731392008.dkr.ecr.us-east-1.amazonaws.com/mini-mummi:createsims-gpu,gpu-autoscale
4503,createsim-structure-026625632,Job,createsim,successfulcreate-timestamp,1742103317.0,,gpu-autoscale
4504,createsim-structure-026625632,Job,createsim,completed-timestamp,1742104264.0,,gpu-autoscale
4505,createsim-structure-026625632,Job,createsim,running,947,,gpu-autoscale
4506,createsim-structure-026625632-82swd,Pod,createsim,pulled-timestamp,1742103453.0,633731392008.dkr.ecr.us-east-1.amazonaws.com/mini-mummi:createsims-gpu,gpu-autoscale
4507,createsim-structure-026625632-82swd,Pod,createsim,pulling-timestamp,1742103318.0,633731392008.dkr.ecr.us-east-1.amazonaws.com/mini-mummi:createsims-gpu,gpu-autoscale
4508,createsim-structure-026625632-82swd,Pod,createsim,scheduled-timestamp,1742103317.0,633731392008.dkr.ecr.us-east-1.amazonaws.com/mini-mummi:createsims-gpu,gpu-autoscale
4509,createsim-structure-026625632-82swd,Pod,createsim,created-timestamp,1742103453.0,633731392008.dkr.ecr.us-east-1.amazonaws.com/mini-mummi:createsims-gpu,gpu-autoscale
4510,createsim-structure-026625632-82swd,Pod,createsim,created,0,633731392008.dkr.ecr.us-east-1.amazonaws.com/mini-mummi:createsims-gpu,gpu-autoscale
4511,createsim-structure-026625632-82swd,Pod,createsim,started-timestamp,1742103455.0,633731392008.dkr.ecr.us-east-1.amazonaws.com/mini-mummi:createsims-gpu,gpu-autoscale
4512,createsim-structure-026625632-82swd,Pod,createsim,started,2,633731392008.dkr.ecr.us-east-1.amazonaws.com/mini-mummi:createsims-gpu,gpu-autoscale
4513,createsim-structure-026625632-82swd,Pod,createsim,pulled,135.580366758,633731392008.dkr.ecr.us-east-1.amazonaws.com/mini-mummi:createsims-gpu,gpu-autoscale
4514,createsim-structure-086420414,Job,createsim,successfulcreate-timestamp,1742103320.0,,gpu-autoscale
4515,createsim-structure-086420414,Job,createsim,completed-timestamp,1742104264.0,,gpu-autoscale
4516,createsim-structure-086420414,Job,createsim,running,944,,gpu-autoscale
4517,createsim-structure-086420414-8jv67,Pod,createsim,pulled-timestamp,1742103454.0,633731392008.dkr.ecr.us-east-1.amazonaws.com/mini-mummi:createsims-gpu,gpu-autoscale
4518,createsim-structure-086420414-8jv67,Pod,createsim,pulling-timestamp,1742103320.0,633731392008.dkr.ecr.us-east-1.amazonaws.com/mini-mummi:createsims-gpu,gpu-autoscale
4519,createsim-structure-086420414-8jv67,Pod,createsim,scheduled-timestamp,1742103320.0,633731392008.dkr.ecr.us-east-1.amazonaws.com/mini-mummi:createsims-gpu,gpu-autoscale
4520,createsim-structure-086420414-8jv67,Pod,createsim,created-timestamp,1742103454.0,633731392008.dkr.ecr.us-east-1.amazonaws.com/mini-mummi:createsims-gpu,gpu-autoscale
4521,createsim-structure-086420414-8jv67,Pod,createsim,created,0,633731392008.dkr.ecr.us-east-1.amazonaws.com/mini-mummi:createsims-gpu,gpu-autoscale
4522,createsim-structure-086420414-8jv67,Pod,createsim,started-timestamp,1742103457.0,633731392008.dkr.ecr.us-east-1.amazonaws.com/mini-mummi:createsims-gpu,gpu-autoscale
4523,createsim-structure-086420414-8jv67,Pod,createsim,started,3,633731392008.dkr.ecr.us-east-1.amazonaws.com/mini-mummi:createsims-gpu,gpu-autoscale
4524,createsim-structure-086420414-8jv67,Pod,createsim,pulled,133.554752401,633731392008.dkr.ecr.us-east-1.amazonaws.com/mini-mummi:createsims-gpu,gpu-autoscale
4525,createsim-structure-099290159,Job,createsim,successfulcreate-timestamp,1742103346.0,,gpu-autoscale
4526,createsim-structure-099290159,Job,createsim,completed-timestamp,1742104294.0,,gpu-autoscale
4527,createsim-structure-099290159,Job,createsim,running,948,,gpu-autoscale
4528,createsim-structure-099290159-zd26p,Pod,createsim,pulled-timestamp,1742103495.0,633731392008.dkr.ecr.us-east-1.amazonaws.com/mini-mummi:createsims-gpu,gpu-autoscale
4529,createsim-structure-099290159-zd26p,Pod,createsim,pulling-timestamp,1742103346.0,633731392008.dkr.ecr.us-east-1.amazonaws.com/mini-mummi:createsims-gpu,gpu-autoscale
4530,createsim-structure-099290159-zd26p,Pod,createsim,scheduled-timestamp,1742103346.0,633731392008.dkr.ecr.us-east-1.amazonaws.com/mini-mummi:createsims-gpu,gpu-autoscale
4531,createsim-structure-099290159-zd26p,Pod,createsim,created-timestamp,1742103495.0,633731392008.dkr.ecr.us-east-1.amazonaws.com/mini-mummi:createsims-gpu,gpu-autoscale
4532,createsim-structure-099290159-zd26p,Pod,createsim,created,0,633731392008.dkr.ecr.us-east-1.amazonaws.com/mini-mummi:createsims-gpu,gpu-autoscale
4533,createsim-structure-099290159-zd26p,Pod,createsim,started-timestamp,1742103495.0,633731392008.dkr.ecr.us-east-1.amazonaws.com/mini-mummi:createsims-gpu,gpu-autoscale
4534,createsim-structure-099290159-zd26p,Pod,createsim,started,0,633731392008.dkr.ecr.us-east-1.amazonaws.com/mini-mummi:createsims-gpu,gpu-autoscale
4535,createsim-structure-099290159-zd26p,Pod,createsim,pulled,148.801911307,633731392008.dkr.ecr.us-east-1.amazonaws.com/mini-mummi:createsims-gpu,gpu-autoscale
4536,cganalysis-structure-026625632,Job,cganalysis,successfulcreate-timestamp,1742104264.0,,gpu-autoscale
4537,cganalysis-structure-026625632,Job,cganalysis,completed-timestamp,1742105748.0,,gpu-autoscale
4538,cganalysis-structure-026625632,Job,cganalysis,running,1484,,gpu-autoscale
4539,cganalysis-structure-026625632-k5fcq,Pod,cganalysis,pulled-timestamp,1742104423.0,633731392008.dkr.ecr.us-east-1.amazonaws.com/mini-mummi:cganalysis-gpu,gpu-autoscale
4540,cganalysis-structure-026625632-k5fcq,Pod,cganalysis,pulling-timestamp,1742104265.0,633731392008.dkr.ecr.us-east-1.amazonaws.com/mini-mummi:cganalysis-gpu,gpu-autoscale
4541,cganalysis-structure-026625632-k5fcq,Pod,cganalysis,scheduled-timestamp,1742104264.0,633731392008.dkr.ecr.us-east-1.amazonaws.com/mini-mummi:cganalysis-gpu,gpu-autoscale
4542,cganalysis-structure-026625632-k5fcq,Pod,cganalysis,created-timestamp,1742104423.0,633731392008.dkr.ecr.us-east-1.amazonaws.com/mini-mummi:cganalysis-gpu,gpu-autoscale
4543,cganalysis-structure-026625632-k5fcq,Pod,cganalysis,created,0,633731392008.dkr.ecr.us-east-1.amazonaws.com/mini-mummi:cganalysis-gpu,gpu-autoscale
4544,cganalysis-structure-026625632-k5fcq,Pod,cganalysis,started-timestamp,1742104427.0,633731392008.dkr.ecr.us-east-1.amazonaws.com/mini-mummi:cganalysis-gpu,gpu-autoscale
4545,cganalysis-structure-026625632-k5fcq,Pod,cganalysis,started,4,633731392008.dkr.ecr.us-east-1.amazonaws.com/mini-mummi:cganalysis-gpu,gpu-autoscale
4546,cganalysis-structure-026625632-k5fcq,Pod,cganalysis,pulled,158.206979926,633731392008.dkr.ecr.us-east-1.amazonaws.com/mini-mummi:cganalysis-gpu,gpu-autoscale
4547,cganalysis-structure-086420414,Job,cganalysis,successfulcreate-timestamp,1742104265.0,,gpu-autoscale
4548,cganalysis-structure-086420414,Job,cganalysis,completed-timestamp,1742106221.0,,gpu-autoscale
4549,cganalysis-structure-086420414,Job,cganalysis,running,1956,,gpu-autoscale
4550,cganalysis-structure-086420414-cpqwd,Pod,cganalysis,pulled-timestamp,1742104429.0,633731392008.dkr.ecr.us-east-1.amazonaws.com/mini-mummi:cganalysis-gpu,gpu-autoscale
4551,cganalysis-structure-086420414-cpqwd,Pod,cganalysis,pulling-timestamp,1742104265.0,633731392008.dkr.ecr.us-east-1.amazonaws.com/mini-mummi:cganalysis-gpu,gpu-autoscale
4552,cganalysis-structure-086420414-cpqwd,Pod,cganalysis,scheduled-timestamp,1742104265.0,633731392008.dkr.ecr.us-east-1.amazonaws.com/mini-mummi:cganalysis-gpu,gpu-autoscale
4553,cganalysis-structure-086420414-cpqwd,Pod,cganalysis,created-timestamp,1742104429.0,633731392008.dkr.ecr.us-east-1.amazonaws.com/mini-mummi:cganalysis-gpu,gpu-autoscale
4554,cganalysis-structure-086420414-cpqwd,Pod,cganalysis,created,0,633731392008.dkr.ecr.us-east-1.amazonaws.com/mini-mummi:cganalysis-gpu,gpu-autoscale
4555,cganalysis-structure-086420414-cpqwd,Pod,cganalysis,started-timestamp,1742104433.0,633731392008.dkr.ecr.us-east-1.amazonaws.com/mini-mummi:cganalysis-gpu,gpu-autoscale
4556,cganalysis-structure-086420414-cpqwd,Pod,cganalysis,started,4,633731392008.dkr.ecr.us-east-1.amazonaws.com/mini-mummi:cganalysis-gpu,gpu-autoscale
4557,cganalysis-structure-086420414-cpqwd,Pod,cganalysis,pulled,163.750199961,633731392008.dkr.ecr.us-east-1.amazonaws.com/mini-mummi:cganalysis-gpu,gpu-autoscale
4558,cganalysis-structure-092040891,Job,cganalysis,successfulcreate-timestamp,1742104270.0,,gpu-autoscale
4559,cganalysis-structure-092040891,Job,cganalysis,completed-timestamp,1742106212.0,,gpu-autoscale
4560,cganalysis-structure-092040891,Job,cganalysis,running,1942,,gpu-autoscale
4561,cganalysis-structure-092040891-mmddb,Pod,cganalysis,pulled-timestamp,1742104422.0,633731392008.dkr.ecr.us-east-1.amazonaws.com/mini-mummi:cganalysis-gpu,gpu-autoscale
4562,cganalysis-structure-092040891-mmddb,Pod,cganalysis,pulling-timestamp,1742104270.0,633731392008.dkr.ecr.us-east-1.amazonaws.com/mini-mummi:cganalysis-gpu,gpu-autoscale
4563,cganalysis-structure-092040891-mmddb,Pod,cganalysis,scheduled-timestamp,1742104270.0,633731392008.dkr.ecr.us-east-1.amazonaws.com/mini-mummi:cganalysis-gpu,gpu-autoscale
4564,cganalysis-structure-092040891-mmddb,Pod,cganalysis,created-timestamp,1742104422.0,633731392008.dkr.ecr.us-east-1.amazonaws.com/mini-mummi:cganalysis-gpu,gpu-autoscale
4565,cganalysis-structure-092040891-mmddb,Pod,cganalysis,created,0,633731392008.dkr.ecr.us-east-1.amazonaws.com/mini-mummi:cganalysis-gpu,gpu-autoscale
4566,cganalysis-structure-092040891-mmddb,Pod,cganalysis,started-timestamp,1742104423.0,633731392008.dkr.ecr.us-east-1.amazonaws.com/mini-mummi:cganalysis-gpu,gpu-autoscale
4567,cganalysis-structure-092040891-mmddb,Pod,cganalysis,started,1,633731392008.dkr.ecr.us-east-1.amazonaws.com/mini-mummi:cganalysis-gpu,gpu-autoscale
4568,cganalysis-structure-092040891-mmddb,Pod,cganalysis,pulled,152.062236355,633731392008.dkr.ecr.us-east-1.amazonaws.com/mini-mummi:cganalysis-gpu,gpu-autoscale
4569,cganalysis-structure-099290159,Job,cganalysis,successfulcreate-timestamp,1742104294.0,,gpu-autoscale
4570,cganalysis-structure-099290159,Job,cganalysis,completed-timestamp,1742106236.0,,gpu-autoscale
4571,cganalysis-structure-099290159,Job,cganalysis,running,1942,,gpu-autoscale
4572,cganalysis-structure-099290159-2t7c8,Pod,cganalysis,pulled-timestamp,1742104443.0,633731392008.dkr.ecr.us-east-1.amazonaws.com/mini-mummi:cganalysis-gpu,gpu-autoscale
4573,cganalysis-structure-099290159-2t7c8,Pod,cganalysis,pulling-timestamp,1742104294.0,633731392008.dkr.ecr.us-east-1.amazonaws.com/mini-mummi:cganalysis-gpu,gpu-autoscale
4574,cganalysis-structure-099290159-2t7c8,Pod,cganalysis,scheduled-timestamp,1742104294.0,633731392008.dkr.ecr.us-east-1.amazonaws.com/mini-mummi:cganalysis-gpu,gpu-autoscale
4575,cganalysis-structure-099290159-2t7c8,Pod,cganalysis,created-timestamp,1742104444.0,633731392008.dkr.ecr.us-east-1.amazonaws.com/mini-mummi:cganalysis-gpu,gpu-autoscale
4576,cganalysis-structure-099290159-2t7c8,Pod,cganalysis,created,1,633731392008.dkr.ecr.us-east-1.amazonaws.com/mini-mummi:cganalysis-gpu,gpu-autoscale
4577,cganalysis-structure-099290159-2t7c8,Pod,cganalysis,started-timestamp,1742104447.0,633731392008.dkr.ecr.us-east-1.amazonaws.com/mini-mummi:cganalysis-gpu,gpu-autoscale
4578,cganalysis-structure-099290159-2t7c8,Pod,cganalysis,started,3,633731392008.dkr.ecr.us-east-1.amazonaws.com/mini-mummi:cganalysis-gpu,gpu-autoscale
4579,cganalysis-structure-099290159-2t7c8,Pod,cganalysis,pulled,148.897968844,633731392008.dkr.ecr.us-east-1.amazonaws.com/mini-mummi:cganalysis-gpu,gpu-autoscale
4580,cganalysis-structure-090132908,Job,cganalysis,successfulcreate-timestamp,1742104294.0,,gpu-autoscale
4581,cganalysis-structure-090132908,Job,cganalysis,completed-timestamp,1742106235.0,,gpu-autoscale
4582,cganalysis-structure-090132908,Job,cganalysis,running,1941,,gpu-autoscale
4583,cganalysis-structure-090132908-m5ch5,Pod,cganalysis,pulled-timestamp,1742104442.0,633731392008.dkr.ecr.us-east-1.amazonaws.com/mini-mummi:cganalysis-gpu,gpu-autoscale
4584,cganalysis-structure-090132908-m5ch5,Pod,cganalysis,pulling-timestamp,1742104295.0,633731392008.dkr.ecr.us-east-1.amazonaws.com/mini-mummi:cganalysis-gpu,gpu-autoscale
4585,cganalysis-structure-090132908-m5ch5,Pod,cganalysis,scheduled-timestamp,1742104294.0,633731392008.dkr.ecr.us-east-1.amazonaws.com/mini-mummi:cganalysis-gpu,gpu-autoscale
4586,cganalysis-structure-090132908-m5ch5,Pod,cganalysis,created-timestamp,1742104442.0,633731392008.dkr.ecr.us-east-1.amazonaws.com/mini-mummi:cganalysis-gpu,gpu-autoscale
4587,cganalysis-structure-090132908-m5ch5,Pod,cganalysis,created,0,633731392008.dkr.ecr.us-east-1.amazonaws.com/mini-mummi:cganalysis-gpu,gpu-autoscale
4588,cganalysis-structure-090132908-m5ch5,Pod,cganalysis,started-timestamp,1742104446.0,633731392008.dkr.ecr.us-east-1.amazonaws.com/mini-mummi:cganalysis-gpu,gpu-autoscale
4589,cganalysis-structure-090132908-m5ch5,Pod,cganalysis,started,4,633731392008.dkr.ecr.us-east-1.amazonaws.com/mini-mummi:cganalysis-gpu,gpu-autoscale
4590,cganalysis-structure-090132908-m5ch5,Pod,cganalysis,pulled,147.690424391,633731392008.dkr.ecr.us-east-1.amazonaws.com/mini-mummi:cganalysis-gpu,gpu-autoscale
4591,cganalysis-structure-074574094,Job,cganalysis,successfulcreate-timestamp,1742104306.0,,gpu-autoscale
4592,cganalysis-structure-074574094,Job,cganalysis,completed-timestamp,1742106247.0,,gpu-autoscale
4593,cganalysis-structure-074574094,Job,cganalysis,running,1941,,gpu-autoscale
4594,cganalysis-structure-074574094-r8ppl,Pod,cganalysis,pulled-timestamp,1742104455.0,633731392008.dkr.ecr.us-east-1.amazonaws.com/mini-mummi:cganalysis-gpu,gpu-autoscale
4595,cganalysis-structure-074574094-r8ppl,Pod,cganalysis,pulling-timestamp,1742104306.0,633731392008.dkr.ecr.us-east-1.amazonaws.com/mini-mummi:cganalysis-gpu,gpu-autoscale
4596,cganalysis-structure-074574094-r8ppl,Pod,cganalysis,scheduled-timestamp,1742104306.0,633731392008.dkr.ecr.us-east-1.amazonaws.com/mini-mummi:cganalysis-gpu,gpu-autoscale
4597,cganalysis-structure-074574094-r8ppl,Pod,cganalysis,created-timestamp,1742104456.0,633731392008.dkr.ecr.us-east-1.amazonaws.com/mini-mummi:cganalysis-gpu,gpu-autoscale
4598,cganalysis-structure-074574094-r8ppl,Pod,cganalysis,created,1,633731392008.dkr.ecr.us-east-1.amazonaws.com/mini-mummi:cganalysis-gpu,gpu-autoscale
4599,cganalysis-structure-074574094-r8ppl,Pod,cganalysis,started-timestamp,1742104458.0,633731392008.dkr.ecr.us-east-1.amazonaws.com/mini-mummi:cganalysis-gpu,gpu-autoscale
4600,cganalysis-structure-074574094-r8ppl,Pod,cganalysis,started,2,633731392008.dkr.ecr.us-east-1.amazonaws.com/mini-mummi:cganalysis-gpu,gpu-autoscale
4601,cganalysis-structure-074574094-r8ppl,Pod,cganalysis,pulled,149.104280203,633731392008.dkr.ecr.us-east-1.amazonaws.com/mini-mummi:cganalysis-gpu,gpu-autoscale
4602,cluster-autoscaler-77495fbc58-hs2cd,Pod,,pulled-timestamp,1742104391.0,registry.k8s.io/autoscaling/cluster-autoscaler:v1.26.2,gpu-autoscale
4603,cluster-autoscaler-77495fbc58-hs2cd,Pod,,pulling-timestamp,1742104390.0,registry.k8s.io/autoscaling/cluster-autoscaler:v1.26.2,gpu-autoscale
4604,cluster-autoscaler-77495fbc58-hs2cd,Pod,,scheduled-timestamp,1742104390.0,registry.k8s.io/autoscaling/cluster-autoscaler:v1.26.2,gpu-autoscale
4605,cluster-autoscaler-77495fbc58-hs2cd,Pod,,created-timestamp,1742104391.0,registry.k8s.io/autoscaling/cluster-autoscaler:v1.26.2,gpu-autoscale
4606,cluster-autoscaler-77495fbc58-hs2cd,Pod,,created,0,registry.k8s.io/autoscaling/cluster-autoscaler:v1.26.2,gpu-autoscale
4607,cluster-autoscaler-77495fbc58-hs2cd,Pod,,started-timestamp,1742104391.0,registry.k8s.io/autoscaling/cluster-autoscaler:v1.26.2,gpu-autoscale
4608,cluster-autoscaler-77495fbc58-hs2cd,Pod,,started,0,registry.k8s.io/autoscaling/cluster-autoscaler:v1.26.2,gpu-autoscale
4609,cluster-autoscaler-77495fbc58-hs2cd,Pod,,pulled,1.05168925,registry.k8s.io/autoscaling/cluster-autoscaler:v1.26.2,gpu-autoscale
4610,mlrunner-structure-099658700,Job,mlrunner,successfulcreate-timestamp,1742105749.0,,gpu-autoscale
4611,mlrunner-structure-099658700,Job,mlrunner,completed-timestamp,1742105797.0,,gpu-autoscale
4612,mlrunner-structure-099658700,Job,mlrunner,running,48,,gpu-autoscale
4613,createsim-structure-099658700,Job,createsim,successfulcreate-timestamp,1742105797.0,,gpu-autoscale
4614,createsim-structure-099658700,Job,createsim,completed-timestamp,1742106606.0,,gpu-autoscale
4615,createsim-structure-099658700,Job,createsim,running,809,,gpu-autoscale
4616,mlrunner-structure-075765917,Job,mlrunner,successfulcreate-timestamp,1742106212.0,,gpu-autoscale
4617,mlrunner-structure-075765917,Job,mlrunner,completed-timestamp,1742106259.0,,gpu-autoscale
4618,mlrunner-structure-075765917,Job,mlrunner,running,47,,gpu-autoscale
4619,mlrunner-structure-069768916,Job,mlrunner,successfulcreate-timestamp,1742106222.0,,gpu-autoscale
4620,mlrunner-structure-069768916,Job,mlrunner,completed-timestamp,1742106269.0,,gpu-autoscale
4621,mlrunner-structure-069768916,Job,mlrunner,running,47,,gpu-autoscale
4622,mlrunner-structure-012772673,Job,mlrunner,successfulcreate-timestamp,1742106235.0,,gpu-autoscale
4623,mlrunner-structure-012772673,Job,mlrunner,completed-timestamp,1742106282.0,,gpu-autoscale
4624,mlrunner-structure-012772673,Job,mlrunner,running,47,,gpu-autoscale
4625,aws-node-85f2h,Pod,,pulled-timestamp,1742111408.0,602401143452.dkr.ecr.us-east-1.amazonaws.com/amazon/aws-network-policy-agent:v1.1.5-eksbuild.1,gpu-autoscale
4626,aws-node-85f2h,Pod,,pulling-timestamp,1742111406.0,602401143452.dkr.ecr.us-east-1.amazonaws.com/amazon/aws-network-policy-agent:v1.1.5-eksbuild.1,gpu-autoscale
4627,aws-node-85f2h,Pod,,scheduled-timestamp,1742111393.0,602401143452.dkr.ecr.us-east-1.amazonaws.com/amazon/aws-network-policy-agent:v1.1.5-eksbuild.1,gpu-autoscale
4628,aws-node-85f2h,Pod,,created-timestamp,1742111408.0,602401143452.dkr.ecr.us-east-1.amazonaws.com/amazon/aws-network-policy-agent:v1.1.5-eksbuild.1,gpu-autoscale
4629,aws-node-85f2h,Pod,,created,0,602401143452.dkr.ecr.us-east-1.amazonaws.com/amazon/aws-network-policy-agent:v1.1.5-eksbuild.1,gpu-autoscale
4630,aws-node-85f2h,Pod,,started-timestamp,1742111408.0,602401143452.dkr.ecr.us-east-1.amazonaws.com/amazon/aws-network-policy-agent:v1.1.5-eksbuild.1,gpu-autoscale
4631,aws-node-85f2h,Pod,,started,0,602401143452.dkr.ecr.us-east-1.amazonaws.com/amazon/aws-network-policy-agent:v1.1.5-eksbuild.1,gpu-autoscale
4632,aws-node-85f2h,Pod,,pulled,1.444725558,602401143452.dkr.ecr.us-east-1.amazonaws.com/amazon/aws-network-policy-agent:v1.1.5-eksbuild.1,gpu-autoscale
4633,aws-node-9vgzh,Pod,,pulled-timestamp,1742111365.0,602401143452.dkr.ecr.us-east-1.amazonaws.com/amazon/aws-network-policy-agent:v1.1.5-eksbuild.1,gpu-autoscale
4634,aws-node-9vgzh,Pod,,pulling-timestamp,1742111364.0,602401143452.dkr.ecr.us-east-1.amazonaws.com/amazon/aws-network-policy-agent:v1.1.5-eksbuild.1,gpu-autoscale
4635,aws-node-9vgzh,Pod,,scheduled-timestamp,1742111353.0,602401143452.dkr.ecr.us-east-1.amazonaws.com/amazon/aws-network-policy-agent:v1.1.5-eksbuild.1,gpu-autoscale
4636,aws-node-9vgzh,Pod,,created-timestamp,1742111365.0,602401143452.dkr.ecr.us-east-1.amazonaws.com/amazon/aws-network-policy-agent:v1.1.5-eksbuild.1,gpu-autoscale
4637,aws-node-9vgzh,Pod,,created,0,602401143452.dkr.ecr.us-east-1.amazonaws.com/amazon/aws-network-policy-agent:v1.1.5-eksbuild.1,gpu-autoscale
4638,aws-node-9vgzh,Pod,,started-timestamp,1742111365.0,602401143452.dkr.ecr.us-east-1.amazonaws.com/amazon/aws-network-policy-agent:v1.1.5-eksbuild.1,gpu-autoscale
4639,aws-node-9vgzh,Pod,,started,0,602401143452.dkr.ecr.us-east-1.amazonaws.com/amazon/aws-network-policy-agent:v1.1.5-eksbuild.1,gpu-autoscale
4640,aws-node-9vgzh,Pod,,pulled,1.028673413,602401143452.dkr.ecr.us-east-1.amazonaws.com/amazon/aws-network-policy-agent:v1.1.5-eksbuild.1,gpu-autoscale
4641,aws-node-dttc4,Pod,,pulled-timestamp,1742111413.0,602401143452.dkr.ecr.us-east-1.amazonaws.com/amazon/aws-network-policy-agent:v1.1.5-eksbuild.1,gpu-autoscale
4642,aws-node-dttc4,Pod,,pulling-timestamp,1742111412.0,602401143452.dkr.ecr.us-east-1.amazonaws.com/amazon/aws-network-policy-agent:v1.1.5-eksbuild.1,gpu-autoscale
4643,aws-node-dttc4,Pod,,scheduled-timestamp,1742111400.0,602401143452.dkr.ecr.us-east-1.amazonaws.com/amazon/aws-network-policy-agent:v1.1.5-eksbuild.1,gpu-autoscale
4644,aws-node-dttc4,Pod,,created-timestamp,1742111413.0,602401143452.dkr.ecr.us-east-1.amazonaws.com/amazon/aws-network-policy-agent:v1.1.5-eksbuild.1,gpu-autoscale
4645,aws-node-dttc4,Pod,,created,0,602401143452.dkr.ecr.us-east-1.amazonaws.com/amazon/aws-network-policy-agent:v1.1.5-eksbuild.1,gpu-autoscale
4646,aws-node-dttc4,Pod,,started-timestamp,1742111413.0,602401143452.dkr.ecr.us-east-1.amazonaws.com/amazon/aws-network-policy-agent:v1.1.5-eksbuild.1,gpu-autoscale
4647,aws-node-dttc4,Pod,,started,0,602401143452.dkr.ecr.us-east-1.amazonaws.com/amazon/aws-network-policy-agent:v1.1.5-eksbuild.1,gpu-autoscale
4648,aws-node-dttc4,Pod,,pulled,1.522817562,602401143452.dkr.ecr.us-east-1.amazonaws.com/amazon/aws-network-policy-agent:v1.1.5-eksbuild.1,gpu-autoscale
4649,aws-node-fgxqk,Pod,,pulled-timestamp,1742111413.0,602401143452.dkr.ecr.us-east-1.amazonaws.com/amazon/aws-network-policy-agent:v1.1.5-eksbuild.1,gpu-autoscale
4650,aws-node-fgxqk,Pod,,pulling-timestamp,1742111411.0,602401143452.dkr.ecr.us-east-1.amazonaws.com/amazon/aws-network-policy-agent:v1.1.5-eksbuild.1,gpu-autoscale
4651,aws-node-fgxqk,Pod,,scheduled-timestamp,1742111398.0,602401143452.dkr.ecr.us-east-1.amazonaws.com/amazon/aws-network-policy-agent:v1.1.5-eksbuild.1,gpu-autoscale
4652,aws-node-fgxqk,Pod,,created-timestamp,1742111413.0,602401143452.dkr.ecr.us-east-1.amazonaws.com/amazon/aws-network-policy-agent:v1.1.5-eksbuild.1,gpu-autoscale
4653,aws-node-fgxqk,Pod,,created,0,602401143452.dkr.ecr.us-east-1.amazonaws.com/amazon/aws-network-policy-agent:v1.1.5-eksbuild.1,gpu-autoscale
4654,aws-node-fgxqk,Pod,,started-timestamp,1742111413.0,602401143452.dkr.ecr.us-east-1.amazonaws.com/amazon/aws-network-policy-agent:v1.1.5-eksbuild.1,gpu-autoscale
4655,aws-node-fgxqk,Pod,,started,0,602401143452.dkr.ecr.us-east-1.amazonaws.com/amazon/aws-network-policy-agent:v1.1.5-eksbuild.1,gpu-autoscale
4656,aws-node-fgxqk,Pod,,pulled,1.430923771,602401143452.dkr.ecr.us-east-1.amazonaws.com/amazon/aws-network-policy-agent:v1.1.5-eksbuild.1,gpu-autoscale
4657,aws-node-h2sst,Pod,,pulled-timestamp,1742111417.0,602401143452.dkr.ecr.us-east-1.amazonaws.com/amazon/aws-network-policy-agent:v1.1.5-eksbuild.1,gpu-autoscale
4658,aws-node-h2sst,Pod,,pulling-timestamp,1742111416.0,602401143452.dkr.ecr.us-east-1.amazonaws.com/amazon/aws-network-policy-agent:v1.1.5-eksbuild.1,gpu-autoscale
4659,aws-node-h2sst,Pod,,scheduled-timestamp,1742111406.0,602401143452.dkr.ecr.us-east-1.amazonaws.com/amazon/aws-network-policy-agent:v1.1.5-eksbuild.1,gpu-autoscale
4660,aws-node-h2sst,Pod,,created-timestamp,1742111418.0,602401143452.dkr.ecr.us-east-1.amazonaws.com/amazon/aws-network-policy-agent:v1.1.5-eksbuild.1,gpu-autoscale
4661,aws-node-h2sst,Pod,,created,1,602401143452.dkr.ecr.us-east-1.amazonaws.com/amazon/aws-network-policy-agent:v1.1.5-eksbuild.1,gpu-autoscale
4662,aws-node-h2sst,Pod,,started-timestamp,1742111418.0,602401143452.dkr.ecr.us-east-1.amazonaws.com/amazon/aws-network-policy-agent:v1.1.5-eksbuild.1,gpu-autoscale
4663,aws-node-h2sst,Pod,,started,0,602401143452.dkr.ecr.us-east-1.amazonaws.com/amazon/aws-network-policy-agent:v1.1.5-eksbuild.1,gpu-autoscale
4664,aws-node-h2sst,Pod,,pulled,1.456838694,602401143452.dkr.ecr.us-east-1.amazonaws.com/amazon/aws-network-policy-agent:v1.1.5-eksbuild.1,gpu-autoscale
4665,aws-node-s4gv6,Pod,,pulled-timestamp,1742111411.0,602401143452.dkr.ecr.us-east-1.amazonaws.com/amazon/aws-network-policy-agent:v1.1.5-eksbuild.1,gpu-autoscale
4666,aws-node-s4gv6,Pod,,pulling-timestamp,1742111409.0,602401143452.dkr.ecr.us-east-1.amazonaws.com/amazon/aws-network-policy-agent:v1.1.5-eksbuild.1,gpu-autoscale
4667,aws-node-s4gv6,Pod,,scheduled-timestamp,1742111396.0,602401143452.dkr.ecr.us-east-1.amazonaws.com/amazon/aws-network-policy-agent:v1.1.5-eksbuild.1,gpu-autoscale
4668,aws-node-s4gv6,Pod,,created-timestamp,1742111411.0,602401143452.dkr.ecr.us-east-1.amazonaws.com/amazon/aws-network-policy-agent:v1.1.5-eksbuild.1,gpu-autoscale
4669,aws-node-s4gv6,Pod,,created,0,602401143452.dkr.ecr.us-east-1.amazonaws.com/amazon/aws-network-policy-agent:v1.1.5-eksbuild.1,gpu-autoscale
4670,aws-node-s4gv6,Pod,,started-timestamp,1742111411.0,602401143452.dkr.ecr.us-east-1.amazonaws.com/amazon/aws-network-policy-agent:v1.1.5-eksbuild.1,gpu-autoscale
4671,aws-node-s4gv6,Pod,,started,0,602401143452.dkr.ecr.us-east-1.amazonaws.com/amazon/aws-network-policy-agent:v1.1.5-eksbuild.1,gpu-autoscale
4672,aws-node-s4gv6,Pod,,pulled,1.428857685,602401143452.dkr.ecr.us-east-1.amazonaws.com/amazon/aws-network-policy-agent:v1.1.5-eksbuild.1,gpu-autoscale
4673,aws-node-zf5kt,Pod,,pulled-timestamp,1742111411.0,602401143452.dkr.ecr.us-east-1.amazonaws.com/amazon/aws-network-policy-agent:v1.1.5-eksbuild.1,gpu-autoscale
4674,aws-node-zf5kt,Pod,,pulling-timestamp,1742111409.0,602401143452.dkr.ecr.us-east-1.amazonaws.com/amazon/aws-network-policy-agent:v1.1.5-eksbuild.1,gpu-autoscale
4675,aws-node-zf5kt,Pod,,scheduled-timestamp,1742111396.0,602401143452.dkr.ecr.us-east-1.amazonaws.com/amazon/aws-network-policy-agent:v1.1.5-eksbuild.1,gpu-autoscale
4676,aws-node-zf5kt,Pod,,created-timestamp,1742111411.0,602401143452.dkr.ecr.us-east-1.amazonaws.com/amazon/aws-network-policy-agent:v1.1.5-eksbuild.1,gpu-autoscale
4677,aws-node-zf5kt,Pod,,created,0,602401143452.dkr.ecr.us-east-1.amazonaws.com/amazon/aws-network-policy-agent:v1.1.5-eksbuild.1,gpu-autoscale
4678,aws-node-zf5kt,Pod,,started-timestamp,1742111411.0,602401143452.dkr.ecr.us-east-1.amazonaws.com/amazon/aws-network-policy-agent:v1.1.5-eksbuild.1,gpu-autoscale
4679,aws-node-zf5kt,Pod,,started,0,602401143452.dkr.ecr.us-east-1.amazonaws.com/amazon/aws-network-policy-agent:v1.1.5-eksbuild.1,gpu-autoscale
4680,aws-node-zf5kt,Pod,,pulled,1.502886591,602401143452.dkr.ecr.us-east-1.amazonaws.com/amazon/aws-network-policy-agent:v1.1.5-eksbuild.1,gpu-autoscale
4681,coredns-d9b6d6c7d-h8gvn,Pod,,pulled-timestamp,1742111368.0,602401143452.dkr.ecr.us-east-1.amazonaws.com/eks/coredns:v1.10.1-eksbuild.4,gpu-autoscale
4682,coredns-d9b6d6c7d-h8gvn,Pod,,pulling-timestamp,1742111367.0,602401143452.dkr.ecr.us-east-1.amazonaws.com/eks/coredns:v1.10.1-eksbuild.4,gpu-autoscale
4683,coredns-d9b6d6c7d-h8gvn,Pod,,scheduled-timestamp,1742111366.0,602401143452.dkr.ecr.us-east-1.amazonaws.com/eks/coredns:v1.10.1-eksbuild.4,gpu-autoscale
4684,coredns-d9b6d6c7d-h8gvn,Pod,,created-timestamp,1742111368.0,602401143452.dkr.ecr.us-east-1.amazonaws.com/eks/coredns:v1.10.1-eksbuild.4,gpu-autoscale
4685,coredns-d9b6d6c7d-h8gvn,Pod,,created,0,602401143452.dkr.ecr.us-east-1.amazonaws.com/eks/coredns:v1.10.1-eksbuild.4,gpu-autoscale
4686,coredns-d9b6d6c7d-h8gvn,Pod,,started-timestamp,1742111368.0,602401143452.dkr.ecr.us-east-1.amazonaws.com/eks/coredns:v1.10.1-eksbuild.4,gpu-autoscale
4687,coredns-d9b6d6c7d-h8gvn,Pod,,started,0,602401143452.dkr.ecr.us-east-1.amazonaws.com/eks/coredns:v1.10.1-eksbuild.4,gpu-autoscale
4688,coredns-d9b6d6c7d-h8gvn,Pod,,pulled,0.816498419,602401143452.dkr.ecr.us-east-1.amazonaws.com/eks/coredns:v1.10.1-eksbuild.4,gpu-autoscale
4689,coredns-d9b6d6c7d-qz6bz,Pod,,pulled-timestamp,1742111368.0,602401143452.dkr.ecr.us-east-1.amazonaws.com/eks/coredns:v1.10.1-eksbuild.4,gpu-autoscale
4690,coredns-d9b6d6c7d-qz6bz,Pod,,pulling-timestamp,1742111367.0,602401143452.dkr.ecr.us-east-1.amazonaws.com/eks/coredns:v1.10.1-eksbuild.4,gpu-autoscale
4691,coredns-d9b6d6c7d-qz6bz,Pod,,scheduled-timestamp,1742111366.0,602401143452.dkr.ecr.us-east-1.amazonaws.com/eks/coredns:v1.10.1-eksbuild.4,gpu-autoscale
4692,coredns-d9b6d6c7d-qz6bz,Pod,,created-timestamp,1742111368.0,602401143452.dkr.ecr.us-east-1.amazonaws.com/eks/coredns:v1.10.1-eksbuild.4,gpu-autoscale
4693,coredns-d9b6d6c7d-qz6bz,Pod,,created,0,602401143452.dkr.ecr.us-east-1.amazonaws.com/eks/coredns:v1.10.1-eksbuild.4,gpu-autoscale
4694,coredns-d9b6d6c7d-qz6bz,Pod,,started-timestamp,1742111368.0,602401143452.dkr.ecr.us-east-1.amazonaws.com/eks/coredns:v1.10.1-eksbuild.4,gpu-autoscale
4695,coredns-d9b6d6c7d-qz6bz,Pod,,started,0,602401143452.dkr.ecr.us-east-1.amazonaws.com/eks/coredns:v1.10.1-eksbuild.4,gpu-autoscale
4696,coredns-d9b6d6c7d-qz6bz,Pod,,pulled,0.801817971,602401143452.dkr.ecr.us-east-1.amazonaws.com/eks/coredns:v1.10.1-eksbuild.4,gpu-autoscale
4697,metrics-server-7794986bdb-fgv48,Pod,,pulled-timestamp,1742111368.0,602401143452.dkr.ecr.us-east-1.amazonaws.com/eks/metrics-server:v0.7.2-eksbuild.2,gpu-autoscale
4698,metrics-server-7794986bdb-fgv48,Pod,,pulling-timestamp,1742111367.0,602401143452.dkr.ecr.us-east-1.amazonaws.com/eks/metrics-server:v0.7.2-eksbuild.2,gpu-autoscale
4699,metrics-server-7794986bdb-fgv48,Pod,,scheduled-timestamp,1742111366.0,602401143452.dkr.ecr.us-east-1.amazonaws.com/eks/metrics-server:v0.7.2-eksbuild.2,gpu-autoscale
4700,metrics-server-7794986bdb-fgv48,Pod,,created-timestamp,1742111368.0,602401143452.dkr.ecr.us-east-1.amazonaws.com/eks/metrics-server:v0.7.2-eksbuild.2,gpu-autoscale
4701,metrics-server-7794986bdb-fgv48,Pod,,created,0,602401143452.dkr.ecr.us-east-1.amazonaws.com/eks/metrics-server:v0.7.2-eksbuild.2,gpu-autoscale
4702,metrics-server-7794986bdb-fgv48,Pod,,started-timestamp,1742111368.0,602401143452.dkr.ecr.us-east-1.amazonaws.com/eks/metrics-server:v0.7.2-eksbuild.2,gpu-autoscale
4703,metrics-server-7794986bdb-fgv48,Pod,,started,0,602401143452.dkr.ecr.us-east-1.amazonaws.com/eks/metrics-server:v0.7.2-eksbuild.2,gpu-autoscale
4704,metrics-server-7794986bdb-fgv48,Pod,,pulled,1.207146112,602401143452.dkr.ecr.us-east-1.amazonaws.com/eks/metrics-server:v0.7.2-eksbuild.2,gpu-autoscale
4705,metrics-server-7794986bdb-nqhmn,Pod,,pulled-timestamp,1742111368.0,602401143452.dkr.ecr.us-east-1.amazonaws.com/eks/metrics-server:v0.7.2-eksbuild.2,gpu-autoscale
4706,metrics-server-7794986bdb-nqhmn,Pod,,pulling-timestamp,1742111367.0,602401143452.dkr.ecr.us-east-1.amazonaws.com/eks/metrics-server:v0.7.2-eksbuild.2,gpu-autoscale
4707,metrics-server-7794986bdb-nqhmn,Pod,,scheduled-timestamp,1742111366.0,602401143452.dkr.ecr.us-east-1.amazonaws.com/eks/metrics-server:v0.7.2-eksbuild.2,gpu-autoscale
4708,metrics-server-7794986bdb-nqhmn,Pod,,created-timestamp,1742111368.0,602401143452.dkr.ecr.us-east-1.amazonaws.com/eks/metrics-server:v0.7.2-eksbuild.2,gpu-autoscale
4709,metrics-server-7794986bdb-nqhmn,Pod,,created,0,602401143452.dkr.ecr.us-east-1.amazonaws.com/eks/metrics-server:v0.7.2-eksbuild.2,gpu-autoscale
4710,metrics-server-7794986bdb-nqhmn,Pod,,started-timestamp,1742111368.0,602401143452.dkr.ecr.us-east-1.amazonaws.com/eks/metrics-server:v0.7.2-eksbuild.2,gpu-autoscale
4711,metrics-server-7794986bdb-nqhmn,Pod,,started,0,602401143452.dkr.ecr.us-east-1.amazonaws.com/eks/metrics-server:v0.7.2-eksbuild.2,gpu-autoscale
4712,metrics-server-7794986bdb-nqhmn,Pod,,pulled,1.180302494,602401143452.dkr.ecr.us-east-1.amazonaws.com/eks/metrics-server:v0.7.2-eksbuild.2,gpu-autoscale
4713,nvidia-device-plugin-daemonset-4cjz4,Pod,,pulled-timestamp,1742111460.0,nvcr.io/nvidia/k8s-device-plugin:v0.17.0,gpu-autoscale
4714,nvidia-device-plugin-daemonset-4cjz4,Pod,,pulling-timestamp,1742111451.0,nvcr.io/nvidia/k8s-device-plugin:v0.17.0,gpu-autoscale
4715,nvidia-device-plugin-daemonset-4cjz4,Pod,,scheduled-timestamp,1742111451.0,nvcr.io/nvidia/k8s-device-plugin:v0.17.0,gpu-autoscale
4716,nvidia-device-plugin-daemonset-4cjz4,Pod,,created-timestamp,1742111460.0,nvcr.io/nvidia/k8s-device-plugin:v0.17.0,gpu-autoscale
4717,nvidia-device-plugin-daemonset-4cjz4,Pod,,created,0,nvcr.io/nvidia/k8s-device-plugin:v0.17.0,gpu-autoscale
4718,nvidia-device-plugin-daemonset-4cjz4,Pod,,started-timestamp,1742111460.0,nvcr.io/nvidia/k8s-device-plugin:v0.17.0,gpu-autoscale
4719,nvidia-device-plugin-daemonset-4cjz4,Pod,,started,0,nvcr.io/nvidia/k8s-device-plugin:v0.17.0,gpu-autoscale
4720,nvidia-device-plugin-daemonset-4cjz4,Pod,,pulled,8.261816435,nvcr.io/nvidia/k8s-device-plugin:v0.17.0,gpu-autoscale
4721,nvidia-device-plugin-daemonset-59tbr,Pod,,pulled-timestamp,1742111460.0,nvcr.io/nvidia/k8s-device-plugin:v0.17.0,gpu-autoscale
4722,nvidia-device-plugin-daemonset-59tbr,Pod,,pulling-timestamp,1742111451.0,nvcr.io/nvidia/k8s-device-plugin:v0.17.0,gpu-autoscale
4723,nvidia-device-plugin-daemonset-59tbr,Pod,,scheduled-timestamp,1742111451.0,nvcr.io/nvidia/k8s-device-plugin:v0.17.0,gpu-autoscale
4724,nvidia-device-plugin-daemonset-59tbr,Pod,,created-timestamp,1742111460.0,nvcr.io/nvidia/k8s-device-plugin:v0.17.0,gpu-autoscale
4725,nvidia-device-plugin-daemonset-59tbr,Pod,,created,0,nvcr.io/nvidia/k8s-device-plugin:v0.17.0,gpu-autoscale
4726,nvidia-device-plugin-daemonset-59tbr,Pod,,started-timestamp,1742111460.0,nvcr.io/nvidia/k8s-device-plugin:v0.17.0,gpu-autoscale
4727,nvidia-device-plugin-daemonset-59tbr,Pod,,started,0,nvcr.io/nvidia/k8s-device-plugin:v0.17.0,gpu-autoscale
4728,nvidia-device-plugin-daemonset-59tbr,Pod,,pulled,8.453144036,nvcr.io/nvidia/k8s-device-plugin:v0.17.0,gpu-autoscale
4729,nvidia-device-plugin-daemonset-85bw2,Pod,,pulled-timestamp,1742111460.0,nvcr.io/nvidia/k8s-device-plugin:v0.17.0,gpu-autoscale
4730,nvidia-device-plugin-daemonset-85bw2,Pod,,pulling-timestamp,1742111451.0,nvcr.io/nvidia/k8s-device-plugin:v0.17.0,gpu-autoscale
4731,nvidia-device-plugin-daemonset-85bw2,Pod,,scheduled-timestamp,1742111451.0,nvcr.io/nvidia/k8s-device-plugin:v0.17.0,gpu-autoscale
4732,nvidia-device-plugin-daemonset-85bw2,Pod,,created-timestamp,1742111460.0,nvcr.io/nvidia/k8s-device-plugin:v0.17.0,gpu-autoscale
4733,nvidia-device-plugin-daemonset-85bw2,Pod,,created,0,nvcr.io/nvidia/k8s-device-plugin:v0.17.0,gpu-autoscale
4734,nvidia-device-plugin-daemonset-85bw2,Pod,,started-timestamp,1742111460.0,nvcr.io/nvidia/k8s-device-plugin:v0.17.0,gpu-autoscale
4735,nvidia-device-plugin-daemonset-85bw2,Pod,,started,0,nvcr.io/nvidia/k8s-device-plugin:v0.17.0,gpu-autoscale
4736,nvidia-device-plugin-daemonset-85bw2,Pod,,pulled,8.338226849,nvcr.io/nvidia/k8s-device-plugin:v0.17.0,gpu-autoscale
4737,nvidia-device-plugin-daemonset-8rn5b,Pod,,pulled-timestamp,1742111460.0,nvcr.io/nvidia/k8s-device-plugin:v0.17.0,gpu-autoscale
4738,nvidia-device-plugin-daemonset-8rn5b,Pod,,pulling-timestamp,1742111451.0,nvcr.io/nvidia/k8s-device-plugin:v0.17.0,gpu-autoscale
4739,nvidia-device-plugin-daemonset-8rn5b,Pod,,scheduled-timestamp,1742111451.0,nvcr.io/nvidia/k8s-device-plugin:v0.17.0,gpu-autoscale
4740,nvidia-device-plugin-daemonset-8rn5b,Pod,,created-timestamp,1742111460.0,nvcr.io/nvidia/k8s-device-plugin:v0.17.0,gpu-autoscale
4741,nvidia-device-plugin-daemonset-8rn5b,Pod,,created,0,nvcr.io/nvidia/k8s-device-plugin:v0.17.0,gpu-autoscale
4742,nvidia-device-plugin-daemonset-8rn5b,Pod,,started-timestamp,1742111460.0,nvcr.io/nvidia/k8s-device-plugin:v0.17.0,gpu-autoscale
4743,nvidia-device-plugin-daemonset-8rn5b,Pod,,started,0,nvcr.io/nvidia/k8s-device-plugin:v0.17.0,gpu-autoscale
4744,nvidia-device-plugin-daemonset-8rn5b,Pod,,pulled,8.317617573,nvcr.io/nvidia/k8s-device-plugin:v0.17.0,gpu-autoscale
4745,nvidia-device-plugin-daemonset-f7bkd,Pod,,pulled-timestamp,1742111456.0,nvcr.io/nvidia/k8s-device-plugin:v0.17.0,gpu-autoscale
4746,nvidia-device-plugin-daemonset-f7bkd,Pod,,pulling-timestamp,1742111451.0,nvcr.io/nvidia/k8s-device-plugin:v0.17.0,gpu-autoscale
4747,nvidia-device-plugin-daemonset-f7bkd,Pod,,scheduled-timestamp,1742111451.0,nvcr.io/nvidia/k8s-device-plugin:v0.17.0,gpu-autoscale
4748,nvidia-device-plugin-daemonset-f7bkd,Pod,,created-timestamp,1742111456.0,nvcr.io/nvidia/k8s-device-plugin:v0.17.0,gpu-autoscale
4749,nvidia-device-plugin-daemonset-f7bkd,Pod,,created,0,nvcr.io/nvidia/k8s-device-plugin:v0.17.0,gpu-autoscale
4750,nvidia-device-plugin-daemonset-f7bkd,Pod,,started-timestamp,1742111456.0,nvcr.io/nvidia/k8s-device-plugin:v0.17.0,gpu-autoscale
4751,nvidia-device-plugin-daemonset-f7bkd,Pod,,started,0,nvcr.io/nvidia/k8s-device-plugin:v0.17.0,gpu-autoscale
4752,nvidia-device-plugin-daemonset-f7bkd,Pod,,pulled,5.110331584,nvcr.io/nvidia/k8s-device-plugin:v0.17.0,gpu-autoscale
4753,nvidia-device-plugin-daemonset-hsckt,Pod,,pulled-timestamp,1742111460.0,nvcr.io/nvidia/k8s-device-plugin:v0.17.0,gpu-autoscale
4754,nvidia-device-plugin-daemonset-hsckt,Pod,,pulling-timestamp,1742111451.0,nvcr.io/nvidia/k8s-device-plugin:v0.17.0,gpu-autoscale
4755,nvidia-device-plugin-daemonset-hsckt,Pod,,scheduled-timestamp,1742111451.0,nvcr.io/nvidia/k8s-device-plugin:v0.17.0,gpu-autoscale
4756,nvidia-device-plugin-daemonset-hsckt,Pod,,created-timestamp,1742111460.0,nvcr.io/nvidia/k8s-device-plugin:v0.17.0,gpu-autoscale
4757,nvidia-device-plugin-daemonset-hsckt,Pod,,created,0,nvcr.io/nvidia/k8s-device-plugin:v0.17.0,gpu-autoscale
4758,nvidia-device-plugin-daemonset-hsckt,Pod,,started-timestamp,1742111460.0,nvcr.io/nvidia/k8s-device-plugin:v0.17.0,gpu-autoscale
4759,nvidia-device-plugin-daemonset-hsckt,Pod,,started,0,nvcr.io/nvidia/k8s-device-plugin:v0.17.0,gpu-autoscale
4760,nvidia-device-plugin-daemonset-hsckt,Pod,,pulled,8.477095517,nvcr.io/nvidia/k8s-device-plugin:v0.17.0,gpu-autoscale
4761,nvidia-device-plugin-daemonset-xctt4,Pod,,pulled-timestamp,1742111460.0,nvcr.io/nvidia/k8s-device-plugin:v0.17.0,gpu-autoscale
4762,nvidia-device-plugin-daemonset-xctt4,Pod,,pulling-timestamp,1742111451.0,nvcr.io/nvidia/k8s-device-plugin:v0.17.0,gpu-autoscale
4763,nvidia-device-plugin-daemonset-xctt4,Pod,,scheduled-timestamp,1742111451.0,nvcr.io/nvidia/k8s-device-plugin:v0.17.0,gpu-autoscale
4764,nvidia-device-plugin-daemonset-xctt4,Pod,,created-timestamp,1742111460.0,nvcr.io/nvidia/k8s-device-plugin:v0.17.0,gpu-autoscale
4765,nvidia-device-plugin-daemonset-xctt4,Pod,,created,0,nvcr.io/nvidia/k8s-device-plugin:v0.17.0,gpu-autoscale
4766,nvidia-device-plugin-daemonset-xctt4,Pod,,started-timestamp,1742111460.0,nvcr.io/nvidia/k8s-device-plugin:v0.17.0,gpu-autoscale
4767,nvidia-device-plugin-daemonset-xctt4,Pod,,started,0,nvcr.io/nvidia/k8s-device-plugin:v0.17.0,gpu-autoscale
4768,nvidia-device-plugin-daemonset-xctt4,Pod,,pulled,8.438480368,nvcr.io/nvidia/k8s-device-plugin:v0.17.0,gpu-autoscale
4769,event-exporter-cdd6c96-mrvsd,Pod,,pulled-timestamp,1742111478.0,ghcr.io/resmoio/kubernetes-event-exporter:latest,gpu-autoscale
4770,event-exporter-cdd6c96-mrvsd,Pod,,pulling-timestamp,1742111477.0,ghcr.io/resmoio/kubernetes-event-exporter:latest,gpu-autoscale
4771,event-exporter-cdd6c96-mrvsd,Pod,,scheduled-timestamp,1742111477.0,ghcr.io/resmoio/kubernetes-event-exporter:latest,gpu-autoscale
4772,event-exporter-cdd6c96-mrvsd,Pod,,created-timestamp,1742111478.0,ghcr.io/resmoio/kubernetes-event-exporter:latest,gpu-autoscale
4773,event-exporter-cdd6c96-mrvsd,Pod,,created,0,ghcr.io/resmoio/kubernetes-event-exporter:latest,gpu-autoscale
4774,event-exporter-cdd6c96-mrvsd,Pod,,started-timestamp,1742111478.0,ghcr.io/resmoio/kubernetes-event-exporter:latest,gpu-autoscale
4775,event-exporter-cdd6c96-mrvsd,Pod,,started,0,ghcr.io/resmoio/kubernetes-event-exporter:latest,gpu-autoscale
4776,event-exporter-cdd6c96-mrvsd,Pod,,pulled,1.04150398,ghcr.io/resmoio/kubernetes-event-exporter:latest,gpu-autoscale
4777,state-machine-operator-controller-manager-5b58c5f4b8-rwc78,Pod,,pulled-timestamp,1742111519.0,ghcr.io/converged-computing/state-machine-operator@sha256:4fbec679024f006562108190b7573ee9c62fdffdb77ecc8b3f81ae25461849b9,gpu-autoscale
4778,state-machine-operator-controller-manager-5b58c5f4b8-rwc78,Pod,,pulling-timestamp,1742111518.0,ghcr.io/converged-computing/state-machine-operator@sha256:4fbec679024f006562108190b7573ee9c62fdffdb77ecc8b3f81ae25461849b9,gpu-autoscale
4779,state-machine-operator-controller-manager-5b58c5f4b8-rwc78,Pod,,scheduled-timestamp,1742111518.0,ghcr.io/converged-computing/state-machine-operator@sha256:4fbec679024f006562108190b7573ee9c62fdffdb77ecc8b3f81ae25461849b9,gpu-autoscale
4780,state-machine-operator-controller-manager-5b58c5f4b8-rwc78,Pod,,created-timestamp,1742111519.0,ghcr.io/converged-computing/state-machine-operator@sha256:4fbec679024f006562108190b7573ee9c62fdffdb77ecc8b3f81ae25461849b9,gpu-autoscale
4781,state-machine-operator-controller-manager-5b58c5f4b8-rwc78,Pod,,created,0,ghcr.io/converged-computing/state-machine-operator@sha256:4fbec679024f006562108190b7573ee9c62fdffdb77ecc8b3f81ae25461849b9,gpu-autoscale
4782,state-machine-operator-controller-manager-5b58c5f4b8-rwc78,Pod,,started-timestamp,1742111519.0,ghcr.io/converged-computing/state-machine-operator@sha256:4fbec679024f006562108190b7573ee9c62fdffdb77ecc8b3f81ae25461849b9,gpu-autoscale
4783,state-machine-operator-controller-manager-5b58c5f4b8-rwc78,Pod,,started,0,ghcr.io/converged-computing/state-machine-operator@sha256:4fbec679024f006562108190b7573ee9c62fdffdb77ecc8b3f81ae25461849b9,gpu-autoscale
4784,state-machine-operator-controller-manager-5b58c5f4b8-rwc78,Pod,,pulled,0.756299352,ghcr.io/converged-computing/state-machine-operator@sha256:4fbec679024f006562108190b7573ee9c62fdffdb77ecc8b3f81ae25461849b9,gpu-autoscale
4785,mummi-manager-d6f98c7dd-ngs7k,Pod,,pulled-timestamp,1742111537.0,ghcr.io/converged-computing/state-machine-operator:manager,gpu-autoscale
4786,mummi-manager-d6f98c7dd-ngs7k,Pod,,pulling-timestamp,1742111530.0,ghcr.io/converged-computing/state-machine-operator:manager,gpu-autoscale
4787,mummi-manager-d6f98c7dd-ngs7k,Pod,,scheduled-timestamp,1742111529.0,ghcr.io/converged-computing/state-machine-operator:manager,gpu-autoscale
4788,mummi-manager-d6f98c7dd-ngs7k,Pod,,created-timestamp,1742111537.0,ghcr.io/converged-computing/state-machine-operator:manager,gpu-autoscale
4789,mummi-manager-d6f98c7dd-ngs7k,Pod,,created,0,ghcr.io/converged-computing/state-machine-operator:manager,gpu-autoscale
4790,mummi-manager-d6f98c7dd-ngs7k,Pod,,started-timestamp,1742111537.0,ghcr.io/converged-computing/state-machine-operator:manager,gpu-autoscale
4791,mummi-manager-d6f98c7dd-ngs7k,Pod,,started,0,ghcr.io/converged-computing/state-machine-operator:manager,gpu-autoscale
4792,mummi-manager-d6f98c7dd-ngs7k,Pod,,pulled,7.331115171,ghcr.io/converged-computing/state-machine-operator:manager,gpu-autoscale
4793,mlrunner-structure-017729894,Job,mlrunner,successfulcreate-timestamp,1742111538.0,,gpu-autoscale
4794,mlrunner-structure-017729894,Job,mlrunner,completed-timestamp,1742111966.0,,gpu-autoscale
4795,mlrunner-structure-017729894,Job,mlrunner,running,428,,gpu-autoscale
4796,mlrunner-structure-017729894-5bbrj,Pod,,pulled-timestamp,1742111895.0,633731392008.dkr.ecr.us-east-1.amazonaws.com/mini-mummi:mlrunner-gpu,gpu-autoscale
4797,mlrunner-structure-017729894-5bbrj,Pod,,pulling-timestamp,1742111538.0,633731392008.dkr.ecr.us-east-1.amazonaws.com/mini-mummi:mlrunner-gpu,gpu-autoscale
4798,mlrunner-structure-017729894-5bbrj,Pod,,scheduled-timestamp,1742111538.0,633731392008.dkr.ecr.us-east-1.amazonaws.com/mini-mummi:mlrunner-gpu,gpu-autoscale
4799,mlrunner-structure-017729894-5bbrj,Pod,,created-timestamp,1742111895.0,633731392008.dkr.ecr.us-east-1.amazonaws.com/mini-mummi:mlrunner-gpu,gpu-autoscale
4800,mlrunner-structure-017729894-5bbrj,Pod,,created,0,633731392008.dkr.ecr.us-east-1.amazonaws.com/mini-mummi:mlrunner-gpu,gpu-autoscale
4801,mlrunner-structure-017729894-5bbrj,Pod,,started-timestamp,1742111896.0,633731392008.dkr.ecr.us-east-1.amazonaws.com/mini-mummi:mlrunner-gpu,gpu-autoscale
4802,mlrunner-structure-017729894-5bbrj,Pod,,started,1,633731392008.dkr.ecr.us-east-1.amazonaws.com/mini-mummi:mlrunner-gpu,gpu-autoscale
4803,mlrunner-structure-017729894-5bbrj,Pod,,pulled,356.589809498,633731392008.dkr.ecr.us-east-1.amazonaws.com/mini-mummi:mlrunner-gpu,gpu-autoscale
4804,mlrunner-structure-036278635,Job,mlrunner,successfulcreate-timestamp,1742111538.0,,gpu-autoscale
4805,mlrunner-structure-036278635,Job,mlrunner,completed-timestamp,1742111964.0,,gpu-autoscale
4806,mlrunner-structure-036278635,Job,mlrunner,running,426,,gpu-autoscale
4807,mlrunner-structure-036278635-xklmh,Pod,,pulled-timestamp,1742111892.0,633731392008.dkr.ecr.us-east-1.amazonaws.com/mini-mummi:mlrunner-gpu,gpu-autoscale
4808,mlrunner-structure-036278635-xklmh,Pod,,pulling-timestamp,1742111538.0,633731392008.dkr.ecr.us-east-1.amazonaws.com/mini-mummi:mlrunner-gpu,gpu-autoscale
4809,mlrunner-structure-036278635-xklmh,Pod,,scheduled-timestamp,1742111538.0,633731392008.dkr.ecr.us-east-1.amazonaws.com/mini-mummi:mlrunner-gpu,gpu-autoscale
4810,mlrunner-structure-036278635-xklmh,Pod,,created-timestamp,1742111893.0,633731392008.dkr.ecr.us-east-1.amazonaws.com/mini-mummi:mlrunner-gpu,gpu-autoscale
4811,mlrunner-structure-036278635-xklmh,Pod,,created,1,633731392008.dkr.ecr.us-east-1.amazonaws.com/mini-mummi:mlrunner-gpu,gpu-autoscale
4812,mlrunner-structure-036278635-xklmh,Pod,,started-timestamp,1742111895.0,633731392008.dkr.ecr.us-east-1.amazonaws.com/mini-mummi:mlrunner-gpu,gpu-autoscale
4813,mlrunner-structure-036278635-xklmh,Pod,,started,2,633731392008.dkr.ecr.us-east-1.amazonaws.com/mini-mummi:mlrunner-gpu,gpu-autoscale
4814,mlrunner-structure-036278635-xklmh,Pod,,pulled,354.05974595099997,633731392008.dkr.ecr.us-east-1.amazonaws.com/mini-mummi:mlrunner-gpu,gpu-autoscale
4815,mlrunner-structure-095554186,Job,mlrunner,successfulcreate-timestamp,1742111538.0,,gpu-autoscale
4816,mlrunner-structure-095554186,Job,mlrunner,completed-timestamp,1742111944.0,,gpu-autoscale
4817,mlrunner-structure-095554186,Job,mlrunner,running,406,,gpu-autoscale
4818,mlrunner-structure-095554186-ss9hx,Pod,,pulled-timestamp,1742111869.0,633731392008.dkr.ecr.us-east-1.amazonaws.com/mini-mummi:mlrunner-gpu,gpu-autoscale
4819,mlrunner-structure-095554186-ss9hx,Pod,,pulling-timestamp,1742111538.0,633731392008.dkr.ecr.us-east-1.amazonaws.com/mini-mummi:mlrunner-gpu,gpu-autoscale
4820,mlrunner-structure-095554186-ss9hx,Pod,,scheduled-timestamp,1742111538.0,633731392008.dkr.ecr.us-east-1.amazonaws.com/mini-mummi:mlrunner-gpu,gpu-autoscale
4821,mlrunner-structure-095554186-ss9hx,Pod,,created-timestamp,1742111869.0,633731392008.dkr.ecr.us-east-1.amazonaws.com/mini-mummi:mlrunner-gpu,gpu-autoscale
4822,mlrunner-structure-095554186-ss9hx,Pod,,created,0,633731392008.dkr.ecr.us-east-1.amazonaws.com/mini-mummi:mlrunner-gpu,gpu-autoscale
4823,mlrunner-structure-095554186-ss9hx,Pod,,started-timestamp,1742111872.0,633731392008.dkr.ecr.us-east-1.amazonaws.com/mini-mummi:mlrunner-gpu,gpu-autoscale
4824,mlrunner-structure-095554186-ss9hx,Pod,,started,3,633731392008.dkr.ecr.us-east-1.amazonaws.com/mini-mummi:mlrunner-gpu,gpu-autoscale
4825,mlrunner-structure-095554186-ss9hx,Pod,,pulled,330.525458513,633731392008.dkr.ecr.us-east-1.amazonaws.com/mini-mummi:mlrunner-gpu,gpu-autoscale
4826,mlrunner-structure-057456688,Job,mlrunner,successfulcreate-timestamp,1742111538.0,,gpu-autoscale
4827,mlrunner-structure-057456688,Job,mlrunner,completed-timestamp,1742111966.0,,gpu-autoscale
4828,mlrunner-structure-057456688,Job,mlrunner,running,428,,gpu-autoscale
4829,mlrunner-structure-057456688-594dp,Pod,,pulled-timestamp,1742111896.0,633731392008.dkr.ecr.us-east-1.amazonaws.com/mini-mummi:mlrunner-gpu,gpu-autoscale
4830,mlrunner-structure-057456688-594dp,Pod,,pulling-timestamp,1742111538.0,633731392008.dkr.ecr.us-east-1.amazonaws.com/mini-mummi:mlrunner-gpu,gpu-autoscale
4831,mlrunner-structure-057456688-594dp,Pod,,scheduled-timestamp,1742111538.0,633731392008.dkr.ecr.us-east-1.amazonaws.com/mini-mummi:mlrunner-gpu,gpu-autoscale
4832,mlrunner-structure-057456688-594dp,Pod,,created-timestamp,1742111896.0,633731392008.dkr.ecr.us-east-1.amazonaws.com/mini-mummi:mlrunner-gpu,gpu-autoscale
4833,mlrunner-structure-057456688-594dp,Pod,,created,0,633731392008.dkr.ecr.us-east-1.amazonaws.com/mini-mummi:mlrunner-gpu,gpu-autoscale
4834,mlrunner-structure-057456688-594dp,Pod,,started-timestamp,1742111896.0,633731392008.dkr.ecr.us-east-1.amazonaws.com/mini-mummi:mlrunner-gpu,gpu-autoscale
4835,mlrunner-structure-057456688-594dp,Pod,,started,0,633731392008.dkr.ecr.us-east-1.amazonaws.com/mini-mummi:mlrunner-gpu,gpu-autoscale
4836,mlrunner-structure-057456688-594dp,Pod,,pulled,357.365992823,633731392008.dkr.ecr.us-east-1.amazonaws.com/mini-mummi:mlrunner-gpu,gpu-autoscale
4837,mlrunner-structure-021133825,Job,mlrunner,successfulcreate-timestamp,1742111538.0,,gpu-autoscale
4838,mlrunner-structure-021133825,Job,mlrunner,completed-timestamp,1742111972.0,,gpu-autoscale
4839,mlrunner-structure-021133825,Job,mlrunner,running,434,,gpu-autoscale
4840,mlrunner-structure-021133825-fzwzp,Pod,,pulled-timestamp,1742111896.0,633731392008.dkr.ecr.us-east-1.amazonaws.com/mini-mummi:mlrunner-gpu,gpu-autoscale
4841,mlrunner-structure-021133825-fzwzp,Pod,,pulling-timestamp,1742111538.0,633731392008.dkr.ecr.us-east-1.amazonaws.com/mini-mummi:mlrunner-gpu,gpu-autoscale
4842,mlrunner-structure-021133825-fzwzp,Pod,,scheduled-timestamp,1742111538.0,633731392008.dkr.ecr.us-east-1.amazonaws.com/mini-mummi:mlrunner-gpu,gpu-autoscale
4843,mlrunner-structure-021133825-fzwzp,Pod,,created-timestamp,1742111897.0,633731392008.dkr.ecr.us-east-1.amazonaws.com/mini-mummi:mlrunner-gpu,gpu-autoscale
4844,mlrunner-structure-021133825-fzwzp,Pod,,created,1,633731392008.dkr.ecr.us-east-1.amazonaws.com/mini-mummi:mlrunner-gpu,gpu-autoscale
4845,mlrunner-structure-021133825-fzwzp,Pod,,started-timestamp,1742111898.0,633731392008.dkr.ecr.us-east-1.amazonaws.com/mini-mummi:mlrunner-gpu,gpu-autoscale
4846,mlrunner-structure-021133825-fzwzp,Pod,,started,1,633731392008.dkr.ecr.us-east-1.amazonaws.com/mini-mummi:mlrunner-gpu,gpu-autoscale
4847,mlrunner-structure-021133825-fzwzp,Pod,,pulled,358.017076053,633731392008.dkr.ecr.us-east-1.amazonaws.com/mini-mummi:mlrunner-gpu,gpu-autoscale
4848,mlrunner-structure-006303912,Job,mlrunner,successfulcreate-timestamp,1742111538.0,,gpu-autoscale
4849,mlrunner-structure-006303912,Job,mlrunner,completed-timestamp,1742111966.0,,gpu-autoscale
4850,mlrunner-structure-006303912,Job,mlrunner,running,428,,gpu-autoscale
4851,mlrunner-structure-006303912-vl6cd,Pod,,pulled-timestamp,1742111892.0,633731392008.dkr.ecr.us-east-1.amazonaws.com/mini-mummi:mlrunner-gpu,gpu-autoscale
4852,mlrunner-structure-006303912-vl6cd,Pod,,pulling-timestamp,1742111538.0,633731392008.dkr.ecr.us-east-1.amazonaws.com/mini-mummi:mlrunner-gpu,gpu-autoscale
4853,mlrunner-structure-006303912-vl6cd,Pod,,scheduled-timestamp,1742111538.0,633731392008.dkr.ecr.us-east-1.amazonaws.com/mini-mummi:mlrunner-gpu,gpu-autoscale
4854,mlrunner-structure-006303912-vl6cd,Pod,,created-timestamp,1742111892.0,633731392008.dkr.ecr.us-east-1.amazonaws.com/mini-mummi:mlrunner-gpu,gpu-autoscale
4855,mlrunner-structure-006303912-vl6cd,Pod,,created,0,633731392008.dkr.ecr.us-east-1.amazonaws.com/mini-mummi:mlrunner-gpu,gpu-autoscale
4856,mlrunner-structure-006303912-vl6cd,Pod,,started-timestamp,1742111893.0,633731392008.dkr.ecr.us-east-1.amazonaws.com/mini-mummi:mlrunner-gpu,gpu-autoscale
4857,mlrunner-structure-006303912-vl6cd,Pod,,started,1,633731392008.dkr.ecr.us-east-1.amazonaws.com/mini-mummi:mlrunner-gpu,gpu-autoscale
4858,mlrunner-structure-006303912-vl6cd,Pod,,pulled,353.980367464,633731392008.dkr.ecr.us-east-1.amazonaws.com/mini-mummi:mlrunner-gpu,gpu-autoscale
4859,createsim-structure-095554186,Job,createsim,successfulcreate-timestamp,1742111944.0,,gpu-autoscale
4860,createsim-structure-095554186,Job,createsim,completed-timestamp,1742112910.0,,gpu-autoscale
4861,createsim-structure-095554186,Job,createsim,running,966,,gpu-autoscale
4862,createsim-structure-095554186-5jhdz,Pod,createsim,pulled-timestamp,1742112084.0,633731392008.dkr.ecr.us-east-1.amazonaws.com/mini-mummi:createsims-gpu,gpu-autoscale
4863,createsim-structure-095554186-5jhdz,Pod,createsim,pulling-timestamp,1742111945.0,633731392008.dkr.ecr.us-east-1.amazonaws.com/mini-mummi:createsims-gpu,gpu-autoscale
4864,createsim-structure-095554186-5jhdz,Pod,createsim,scheduled-timestamp,1742111944.0,633731392008.dkr.ecr.us-east-1.amazonaws.com/mini-mummi:createsims-gpu,gpu-autoscale
4865,createsim-structure-095554186-5jhdz,Pod,createsim,created-timestamp,1742112084.0,633731392008.dkr.ecr.us-east-1.amazonaws.com/mini-mummi:createsims-gpu,gpu-autoscale
4866,createsim-structure-095554186-5jhdz,Pod,createsim,created,0,633731392008.dkr.ecr.us-east-1.amazonaws.com/mini-mummi:createsims-gpu,gpu-autoscale
4867,createsim-structure-095554186-5jhdz,Pod,createsim,started-timestamp,1742112085.0,633731392008.dkr.ecr.us-east-1.amazonaws.com/mini-mummi:createsims-gpu,gpu-autoscale
4868,createsim-structure-095554186-5jhdz,Pod,createsim,started,1,633731392008.dkr.ecr.us-east-1.amazonaws.com/mini-mummi:createsims-gpu,gpu-autoscale
4869,createsim-structure-095554186-5jhdz,Pod,createsim,pulled,139.671399595,633731392008.dkr.ecr.us-east-1.amazonaws.com/mini-mummi:createsims-gpu,gpu-autoscale
4870,createsim-structure-036278635-zv7bj,Pod,createsim,pulled-timestamp,1742112114.0,633731392008.dkr.ecr.us-east-1.amazonaws.com/mini-mummi:createsims-gpu,gpu-autoscale
4871,createsim-structure-036278635-zv7bj,Pod,createsim,pulling-timestamp,1742111964.0,633731392008.dkr.ecr.us-east-1.amazonaws.com/mini-mummi:createsims-gpu,gpu-autoscale
4872,createsim-structure-036278635-zv7bj,Pod,createsim,scheduled-timestamp,1742111964.0,633731392008.dkr.ecr.us-east-1.amazonaws.com/mini-mummi:createsims-gpu,gpu-autoscale
4873,createsim-structure-036278635-zv7bj,Pod,createsim,created-timestamp,1742112114.0,633731392008.dkr.ecr.us-east-1.amazonaws.com/mini-mummi:createsims-gpu,gpu-autoscale
4874,createsim-structure-036278635-zv7bj,Pod,createsim,created,0,633731392008.dkr.ecr.us-east-1.amazonaws.com/mini-mummi:createsims-gpu,gpu-autoscale
4875,createsim-structure-036278635-zv7bj,Pod,createsim,started-timestamp,1742112116.0,633731392008.dkr.ecr.us-east-1.amazonaws.com/mini-mummi:createsims-gpu,gpu-autoscale
4876,createsim-structure-036278635-zv7bj,Pod,createsim,started,2,633731392008.dkr.ecr.us-east-1.amazonaws.com/mini-mummi:createsims-gpu,gpu-autoscale
4877,createsim-structure-036278635-zv7bj,Pod,createsim,pulled,149.332135669,633731392008.dkr.ecr.us-east-1.amazonaws.com/mini-mummi:createsims-gpu,gpu-autoscale
4878,createsim-structure-057456688,Job,createsim,successfulcreate-timestamp,1742111966.0,,gpu-autoscale
4879,createsim-structure-057456688,Job,createsim,completed-timestamp,1742112949.0,,gpu-autoscale
4880,createsim-structure-057456688,Job,createsim,running,983,,gpu-autoscale
4881,createsim-structure-057456688-ffvm9,Pod,createsim,pulled-timestamp,1742112117.0,633731392008.dkr.ecr.us-east-1.amazonaws.com/mini-mummi:createsims-gpu,gpu-autoscale
4882,createsim-structure-057456688-ffvm9,Pod,createsim,pulling-timestamp,1742111966.0,633731392008.dkr.ecr.us-east-1.amazonaws.com/mini-mummi:createsims-gpu,gpu-autoscale
4883,createsim-structure-057456688-ffvm9,Pod,createsim,scheduled-timestamp,1742111966.0,633731392008.dkr.ecr.us-east-1.amazonaws.com/mini-mummi:createsims-gpu,gpu-autoscale
4884,createsim-structure-057456688-ffvm9,Pod,createsim,created-timestamp,1742112117.0,633731392008.dkr.ecr.us-east-1.amazonaws.com/mini-mummi:createsims-gpu,gpu-autoscale
4885,createsim-structure-057456688-ffvm9,Pod,createsim,created,0,633731392008.dkr.ecr.us-east-1.amazonaws.com/mini-mummi:createsims-gpu,gpu-autoscale
4886,createsim-structure-057456688-ffvm9,Pod,createsim,started-timestamp,1742112119.0,633731392008.dkr.ecr.us-east-1.amazonaws.com/mini-mummi:createsims-gpu,gpu-autoscale
4887,createsim-structure-057456688-ffvm9,Pod,createsim,started,2,633731392008.dkr.ecr.us-east-1.amazonaws.com/mini-mummi:createsims-gpu,gpu-autoscale
4888,createsim-structure-057456688-ffvm9,Pod,createsim,pulled,150.477808613,633731392008.dkr.ecr.us-east-1.amazonaws.com/mini-mummi:createsims-gpu,gpu-autoscale
4889,createsim-structure-006303912,Job,createsim,successfulcreate-timestamp,1742111966.0,,gpu-autoscale
4890,createsim-structure-006303912,Job,createsim,completed-timestamp,1742112940.0,,gpu-autoscale
4891,createsim-structure-006303912,Job,createsim,running,974,,gpu-autoscale
4892,createsim-structure-006303912-9pxvv,Pod,createsim,pulled-timestamp,1742112117.0,633731392008.dkr.ecr.us-east-1.amazonaws.com/mini-mummi:createsims-gpu,gpu-autoscale
4893,createsim-structure-006303912-9pxvv,Pod,createsim,pulling-timestamp,1742111967.0,633731392008.dkr.ecr.us-east-1.amazonaws.com/mini-mummi:createsims-gpu,gpu-autoscale
4894,createsim-structure-006303912-9pxvv,Pod,createsim,scheduled-timestamp,1742111966.0,633731392008.dkr.ecr.us-east-1.amazonaws.com/mini-mummi:createsims-gpu,gpu-autoscale
4895,createsim-structure-006303912-9pxvv,Pod,createsim,created-timestamp,1742112117.0,633731392008.dkr.ecr.us-east-1.amazonaws.com/mini-mummi:createsims-gpu,gpu-autoscale
4896,createsim-structure-006303912-9pxvv,Pod,createsim,created,0,633731392008.dkr.ecr.us-east-1.amazonaws.com/mini-mummi:createsims-gpu,gpu-autoscale
4897,createsim-structure-006303912-9pxvv,Pod,createsim,started-timestamp,1742112119.0,633731392008.dkr.ecr.us-east-1.amazonaws.com/mini-mummi:createsims-gpu,gpu-autoscale
4898,createsim-structure-006303912-9pxvv,Pod,createsim,started,2,633731392008.dkr.ecr.us-east-1.amazonaws.com/mini-mummi:createsims-gpu,gpu-autoscale
4899,createsim-structure-006303912-9pxvv,Pod,createsim,pulled,149.990523478,633731392008.dkr.ecr.us-east-1.amazonaws.com/mini-mummi:createsims-gpu,gpu-autoscale
4900,createsim-structure-017729894,Job,createsim,successfulcreate-timestamp,1742111966.0,,gpu-autoscale
4901,createsim-structure-017729894,Job,createsim,completed-timestamp,1742112950.0,,gpu-autoscale
4902,createsim-structure-017729894,Job,createsim,running,984,,gpu-autoscale
4903,createsim-structure-017729894-q6qt8,Pod,createsim,pulled-timestamp,1742112116.0,633731392008.dkr.ecr.us-east-1.amazonaws.com/mini-mummi:createsims-gpu,gpu-autoscale
4904,createsim-structure-017729894-q6qt8,Pod,createsim,pulling-timestamp,1742111967.0,633731392008.dkr.ecr.us-east-1.amazonaws.com/mini-mummi:createsims-gpu,gpu-autoscale
4905,createsim-structure-017729894-q6qt8,Pod,createsim,scheduled-timestamp,1742111966.0,633731392008.dkr.ecr.us-east-1.amazonaws.com/mini-mummi:createsims-gpu,gpu-autoscale
4906,createsim-structure-017729894-q6qt8,Pod,createsim,created-timestamp,1742112116.0,633731392008.dkr.ecr.us-east-1.amazonaws.com/mini-mummi:createsims-gpu,gpu-autoscale
4907,createsim-structure-017729894-q6qt8,Pod,createsim,created,0,633731392008.dkr.ecr.us-east-1.amazonaws.com/mini-mummi:createsims-gpu,gpu-autoscale
4908,createsim-structure-017729894-q6qt8,Pod,createsim,started-timestamp,1742112116.0,633731392008.dkr.ecr.us-east-1.amazonaws.com/mini-mummi:createsims-gpu,gpu-autoscale
4909,createsim-structure-017729894-q6qt8,Pod,createsim,started,0,633731392008.dkr.ecr.us-east-1.amazonaws.com/mini-mummi:createsims-gpu,gpu-autoscale
4910,createsim-structure-017729894-q6qt8,Pod,createsim,pulled,149.594593729,633731392008.dkr.ecr.us-east-1.amazonaws.com/mini-mummi:createsims-gpu,gpu-autoscale
4911,createsim-structure-021133825,Job,createsim,successfulcreate-timestamp,1742111972.0,,gpu-autoscale
4912,createsim-structure-021133825,Job,createsim,completed-timestamp,1742112986.0,,gpu-autoscale
4913,createsim-structure-021133825,Job,createsim,running,1014,,gpu-autoscale
4914,createsim-structure-021133825-rfzw2,Pod,createsim,pulled-timestamp,1742112123.0,633731392008.dkr.ecr.us-east-1.amazonaws.com/mini-mummi:createsims-gpu,gpu-autoscale
4915,createsim-structure-021133825-rfzw2,Pod,createsim,pulling-timestamp,1742111973.0,633731392008.dkr.ecr.us-east-1.amazonaws.com/mini-mummi:createsims-gpu,gpu-autoscale
4916,createsim-structure-021133825-rfzw2,Pod,createsim,scheduled-timestamp,1742111972.0,633731392008.dkr.ecr.us-east-1.amazonaws.com/mini-mummi:createsims-gpu,gpu-autoscale
4917,createsim-structure-021133825-rfzw2,Pod,createsim,created-timestamp,1742112123.0,633731392008.dkr.ecr.us-east-1.amazonaws.com/mini-mummi:createsims-gpu,gpu-autoscale
4918,createsim-structure-021133825-rfzw2,Pod,createsim,created,0,633731392008.dkr.ecr.us-east-1.amazonaws.com/mini-mummi:createsims-gpu,gpu-autoscale
4919,createsim-structure-021133825-rfzw2,Pod,createsim,started-timestamp,1742112125.0,633731392008.dkr.ecr.us-east-1.amazonaws.com/mini-mummi:createsims-gpu,gpu-autoscale
4920,createsim-structure-021133825-rfzw2,Pod,createsim,started,2,633731392008.dkr.ecr.us-east-1.amazonaws.com/mini-mummi:createsims-gpu,gpu-autoscale
4921,createsim-structure-021133825-rfzw2,Pod,createsim,pulled,150.015603797,633731392008.dkr.ecr.us-east-1.amazonaws.com/mini-mummi:createsims-gpu,gpu-autoscale
4922,mlrunner-structure-096200556,Job,mlrunner,successfulcreate-timestamp,1742112168.0,,gpu-autoscale
4923,mlrunner-structure-096200556,Job,mlrunner,completed-timestamp,1742112214.0,,gpu-autoscale
4924,mlrunner-structure-096200556,Job,mlrunner,running,46,,gpu-autoscale
4925,createsim-structure-096200556,Job,createsim,successfulcreate-timestamp,1742112214.0,,gpu-autoscale
4926,createsim-structure-096200556,Job,createsim,completed-timestamp,1742113019.0,,gpu-autoscale
4927,createsim-structure-096200556,Job,createsim,running,805,,gpu-autoscale
4928,cluster-autoscaler-77495fbc58-lzh4f,Pod,,pulled-timestamp,1742112732.0,registry.k8s.io/autoscaling/cluster-autoscaler:v1.26.2,gpu-autoscale
4929,cluster-autoscaler-77495fbc58-lzh4f,Pod,,pulling-timestamp,1742112730.0,registry.k8s.io/autoscaling/cluster-autoscaler:v1.26.2,gpu-autoscale
4930,cluster-autoscaler-77495fbc58-lzh4f,Pod,,scheduled-timestamp,1742112729.0,registry.k8s.io/autoscaling/cluster-autoscaler:v1.26.2,gpu-autoscale
4931,cluster-autoscaler-77495fbc58-lzh4f,Pod,,created-timestamp,1742112732.0,registry.k8s.io/autoscaling/cluster-autoscaler:v1.26.2,gpu-autoscale
4932,cluster-autoscaler-77495fbc58-lzh4f,Pod,,created,0,registry.k8s.io/autoscaling/cluster-autoscaler:v1.26.2,gpu-autoscale
4933,cluster-autoscaler-77495fbc58-lzh4f,Pod,,started-timestamp,1742112732.0,registry.k8s.io/autoscaling/cluster-autoscaler:v1.26.2,gpu-autoscale
4934,cluster-autoscaler-77495fbc58-lzh4f,Pod,,started,0,registry.k8s.io/autoscaling/cluster-autoscaler:v1.26.2,gpu-autoscale
4935,cluster-autoscaler-77495fbc58-lzh4f,Pod,,pulled,2.077538323,registry.k8s.io/autoscaling/cluster-autoscaler:v1.26.2,gpu-autoscale
4936,cganalysis-structure-095554186,Job,cganalysis,successfulcreate-timestamp,1742112910.0,,gpu-autoscale
4937,cganalysis-structure-095554186,Job,cganalysis,completed-timestamp,1742114876.0,,gpu-autoscale
4938,cganalysis-structure-095554186,Job,cganalysis,running,1966,,gpu-autoscale
4939,cganalysis-structure-095554186-lvgg7,Pod,cganalysis,pulled-timestamp,1742113086.0,633731392008.dkr.ecr.us-east-1.amazonaws.com/mini-mummi:cganalysis-gpu,gpu-autoscale
4940,cganalysis-structure-095554186-lvgg7,Pod,cganalysis,pulling-timestamp,1742112910.0,633731392008.dkr.ecr.us-east-1.amazonaws.com/mini-mummi:cganalysis-gpu,gpu-autoscale
4941,cganalysis-structure-095554186-lvgg7,Pod,cganalysis,scheduled-timestamp,1742112910.0,633731392008.dkr.ecr.us-east-1.amazonaws.com/mini-mummi:cganalysis-gpu,gpu-autoscale
4942,cganalysis-structure-095554186-lvgg7,Pod,cganalysis,created-timestamp,1742113086.0,633731392008.dkr.ecr.us-east-1.amazonaws.com/mini-mummi:cganalysis-gpu,gpu-autoscale
4943,cganalysis-structure-095554186-lvgg7,Pod,cganalysis,created,0,633731392008.dkr.ecr.us-east-1.amazonaws.com/mini-mummi:cganalysis-gpu,gpu-autoscale
4944,cganalysis-structure-095554186-lvgg7,Pod,cganalysis,started-timestamp,1742113087.0,633731392008.dkr.ecr.us-east-1.amazonaws.com/mini-mummi:cganalysis-gpu,gpu-autoscale
4945,cganalysis-structure-095554186-lvgg7,Pod,cganalysis,started,1,633731392008.dkr.ecr.us-east-1.amazonaws.com/mini-mummi:cganalysis-gpu,gpu-autoscale
4946,cganalysis-structure-095554186-lvgg7,Pod,cganalysis,pulled,175.097668924,633731392008.dkr.ecr.us-east-1.amazonaws.com/mini-mummi:cganalysis-gpu,gpu-autoscale
4947,cganalysis-structure-006303912,Job,cganalysis,successfulcreate-timestamp,1742112940.0,,gpu-autoscale
4948,cganalysis-structure-006303912,Job,cganalysis,completed-timestamp,1742114882.0,,gpu-autoscale
4949,cganalysis-structure-006303912,Job,cganalysis,running,1942,,gpu-autoscale
4950,cganalysis-structure-006303912-p4qqd,Pod,cganalysis,pulled-timestamp,1742113090.0,633731392008.dkr.ecr.us-east-1.amazonaws.com/mini-mummi:cganalysis-gpu,gpu-autoscale
4951,cganalysis-structure-006303912-p4qqd,Pod,cganalysis,pulling-timestamp,1742112940.0,633731392008.dkr.ecr.us-east-1.amazonaws.com/mini-mummi:cganalysis-gpu,gpu-autoscale
4952,cganalysis-structure-006303912-p4qqd,Pod,cganalysis,scheduled-timestamp,1742112940.0,633731392008.dkr.ecr.us-east-1.amazonaws.com/mini-mummi:cganalysis-gpu,gpu-autoscale
4953,cganalysis-structure-006303912-p4qqd,Pod,cganalysis,created-timestamp,1742113090.0,633731392008.dkr.ecr.us-east-1.amazonaws.com/mini-mummi:cganalysis-gpu,gpu-autoscale
4954,cganalysis-structure-006303912-p4qqd,Pod,cganalysis,created,0,633731392008.dkr.ecr.us-east-1.amazonaws.com/mini-mummi:cganalysis-gpu,gpu-autoscale
4955,cganalysis-structure-006303912-p4qqd,Pod,cganalysis,started-timestamp,1742113093.0,633731392008.dkr.ecr.us-east-1.amazonaws.com/mini-mummi:cganalysis-gpu,gpu-autoscale
4956,cganalysis-structure-006303912-p4qqd,Pod,cganalysis,started,3,633731392008.dkr.ecr.us-east-1.amazonaws.com/mini-mummi:cganalysis-gpu,gpu-autoscale
4957,cganalysis-structure-006303912-p4qqd,Pod,cganalysis,pulled,149.240978034,633731392008.dkr.ecr.us-east-1.amazonaws.com/mini-mummi:cganalysis-gpu,gpu-autoscale
4958,cganalysis-structure-057456688,Job,cganalysis,successfulcreate-timestamp,1742112949.0,,gpu-autoscale
4959,cganalysis-structure-057456688,Job,cganalysis,completed-timestamp,1742114891.0,,gpu-autoscale
4960,cganalysis-structure-057456688,Job,cganalysis,running,1942,,gpu-autoscale
4961,cganalysis-structure-057456688-rjltw,Pod,cganalysis,pulled-timestamp,1742113099.0,633731392008.dkr.ecr.us-east-1.amazonaws.com/mini-mummi:cganalysis-gpu,gpu-autoscale
4962,cganalysis-structure-057456688-rjltw,Pod,cganalysis,pulling-timestamp,1742112949.0,633731392008.dkr.ecr.us-east-1.amazonaws.com/mini-mummi:cganalysis-gpu,gpu-autoscale
4963,cganalysis-structure-057456688-rjltw,Pod,cganalysis,scheduled-timestamp,1742112949.0,633731392008.dkr.ecr.us-east-1.amazonaws.com/mini-mummi:cganalysis-gpu,gpu-autoscale
4964,cganalysis-structure-057456688-rjltw,Pod,cganalysis,created-timestamp,1742113099.0,633731392008.dkr.ecr.us-east-1.amazonaws.com/mini-mummi:cganalysis-gpu,gpu-autoscale
4965,cganalysis-structure-057456688-rjltw,Pod,cganalysis,created,0,633731392008.dkr.ecr.us-east-1.amazonaws.com/mini-mummi:cganalysis-gpu,gpu-autoscale
4966,cganalysis-structure-057456688-rjltw,Pod,cganalysis,started-timestamp,1742113102.0,633731392008.dkr.ecr.us-east-1.amazonaws.com/mini-mummi:cganalysis-gpu,gpu-autoscale
4967,cganalysis-structure-057456688-rjltw,Pod,cganalysis,started,3,633731392008.dkr.ecr.us-east-1.amazonaws.com/mini-mummi:cganalysis-gpu,gpu-autoscale
4968,cganalysis-structure-057456688-rjltw,Pod,cganalysis,pulled,149.69346839600001,633731392008.dkr.ecr.us-east-1.amazonaws.com/mini-mummi:cganalysis-gpu,gpu-autoscale
4969,cganalysis-structure-017729894,Job,cganalysis,successfulcreate-timestamp,1742112950.0,,gpu-autoscale
4970,cganalysis-structure-017729894,Job,cganalysis,completed-timestamp,1742114889.0,,gpu-autoscale
4971,cganalysis-structure-017729894,Job,cganalysis,running,1939,,gpu-autoscale
4972,cganalysis-structure-017729894-mhwgz,Pod,cganalysis,pulled-timestamp,1742113098.0,633731392008.dkr.ecr.us-east-1.amazonaws.com/mini-mummi:cganalysis-gpu,gpu-autoscale
4973,cganalysis-structure-017729894-mhwgz,Pod,cganalysis,pulling-timestamp,1742112950.0,633731392008.dkr.ecr.us-east-1.amazonaws.com/mini-mummi:cganalysis-gpu,gpu-autoscale
4974,cganalysis-structure-017729894-mhwgz,Pod,cganalysis,scheduled-timestamp,1742112950.0,633731392008.dkr.ecr.us-east-1.amazonaws.com/mini-mummi:cganalysis-gpu,gpu-autoscale
4975,cganalysis-structure-017729894-mhwgz,Pod,cganalysis,created-timestamp,1742113098.0,633731392008.dkr.ecr.us-east-1.amazonaws.com/mini-mummi:cganalysis-gpu,gpu-autoscale
4976,cganalysis-structure-017729894-mhwgz,Pod,cganalysis,created,0,633731392008.dkr.ecr.us-east-1.amazonaws.com/mini-mummi:cganalysis-gpu,gpu-autoscale
4977,cganalysis-structure-017729894-mhwgz,Pod,cganalysis,started-timestamp,1742113101.0,633731392008.dkr.ecr.us-east-1.amazonaws.com/mini-mummi:cganalysis-gpu,gpu-autoscale
4978,cganalysis-structure-017729894-mhwgz,Pod,cganalysis,started,3,633731392008.dkr.ecr.us-east-1.amazonaws.com/mini-mummi:cganalysis-gpu,gpu-autoscale
4979,cganalysis-structure-017729894-mhwgz,Pod,cganalysis,pulled,147.467301764,633731392008.dkr.ecr.us-east-1.amazonaws.com/mini-mummi:cganalysis-gpu,gpu-autoscale
4980,cganalysis-structure-021133825,Job,cganalysis,successfulcreate-timestamp,1742112986.0,,gpu-autoscale
4981,cganalysis-structure-021133825,Job,cganalysis,completed-timestamp,1742114928.0,,gpu-autoscale
4982,cganalysis-structure-021133825,Job,cganalysis,running,1942,,gpu-autoscale
4983,cganalysis-structure-021133825-7n8kk,Pod,cganalysis,pulled-timestamp,1742113135.0,633731392008.dkr.ecr.us-east-1.amazonaws.com/mini-mummi:cganalysis-gpu,gpu-autoscale
4984,cganalysis-structure-021133825-7n8kk,Pod,cganalysis,pulling-timestamp,1742112987.0,633731392008.dkr.ecr.us-east-1.amazonaws.com/mini-mummi:cganalysis-gpu,gpu-autoscale
4985,cganalysis-structure-021133825-7n8kk,Pod,cganalysis,scheduled-timestamp,1742112986.0,633731392008.dkr.ecr.us-east-1.amazonaws.com/mini-mummi:cganalysis-gpu,gpu-autoscale
4986,cganalysis-structure-021133825-7n8kk,Pod,cganalysis,created-timestamp,1742113135.0,633731392008.dkr.ecr.us-east-1.amazonaws.com/mini-mummi:cganalysis-gpu,gpu-autoscale
4987,cganalysis-structure-021133825-7n8kk,Pod,cganalysis,created,0,633731392008.dkr.ecr.us-east-1.amazonaws.com/mini-mummi:cganalysis-gpu,gpu-autoscale
4988,cganalysis-structure-021133825-7n8kk,Pod,cganalysis,started-timestamp,1742113139.0,633731392008.dkr.ecr.us-east-1.amazonaws.com/mini-mummi:cganalysis-gpu,gpu-autoscale
4989,cganalysis-structure-021133825-7n8kk,Pod,cganalysis,started,4,633731392008.dkr.ecr.us-east-1.amazonaws.com/mini-mummi:cganalysis-gpu,gpu-autoscale
4990,cganalysis-structure-021133825-7n8kk,Pod,cganalysis,pulled,148.319399145,633731392008.dkr.ecr.us-east-1.amazonaws.com/mini-mummi:cganalysis-gpu,gpu-autoscale
4991,cganalysis-structure-096200556,Job,cganalysis,successfulcreate-timestamp,1742113019.0,,gpu-autoscale
4992,cganalysis-structure-096200556,Job,cganalysis,completed-timestamp,1742114958.0,,gpu-autoscale
4993,cganalysis-structure-096200556,Job,cganalysis,running,1939,,gpu-autoscale
4994,cganalysis-structure-096200556-mcj8n,Pod,cganalysis,pulled-timestamp,1742113168.0,633731392008.dkr.ecr.us-east-1.amazonaws.com/mini-mummi:cganalysis-gpu,gpu-autoscale
4995,cganalysis-structure-096200556-mcj8n,Pod,cganalysis,pulling-timestamp,1742113019.0,633731392008.dkr.ecr.us-east-1.amazonaws.com/mini-mummi:cganalysis-gpu,gpu-autoscale
4996,cganalysis-structure-096200556-mcj8n,Pod,cganalysis,scheduled-timestamp,1742113019.0,633731392008.dkr.ecr.us-east-1.amazonaws.com/mini-mummi:cganalysis-gpu,gpu-autoscale
4997,cganalysis-structure-096200556-mcj8n,Pod,cganalysis,created-timestamp,1742113169.0,633731392008.dkr.ecr.us-east-1.amazonaws.com/mini-mummi:cganalysis-gpu,gpu-autoscale
4998,cganalysis-structure-096200556-mcj8n,Pod,cganalysis,created,1,633731392008.dkr.ecr.us-east-1.amazonaws.com/mini-mummi:cganalysis-gpu,gpu-autoscale
4999,cganalysis-structure-096200556-mcj8n,Pod,cganalysis,started-timestamp,1742113170.0,633731392008.dkr.ecr.us-east-1.amazonaws.com/mini-mummi:cganalysis-gpu,gpu-autoscale
5000,cganalysis-structure-096200556-mcj8n,Pod,cganalysis,started,1,633731392008.dkr.ecr.us-east-1.amazonaws.com/mini-mummi:cganalysis-gpu,gpu-autoscale
5001,cganalysis-structure-096200556-mcj8n,Pod,cganalysis,pulled,148.858661026,633731392008.dkr.ecr.us-east-1.amazonaws.com/mini-mummi:cganalysis-gpu,gpu-autoscale
5002,mlrunner-structure-086485462,Job,mlrunner,successfulcreate-timestamp,1742114876.0,,gpu-autoscale
5003,mlrunner-structure-086485462,Job,mlrunner,completed-timestamp,1742114925.0,,gpu-autoscale
5004,mlrunner-structure-086485462,Job,mlrunner,running,49,,gpu-autoscale
5005,mlrunner-structure-006544610,Job,mlrunner,successfulcreate-timestamp,1742114882.0,,gpu-autoscale
5006,mlrunner-structure-006544610,Job,mlrunner,completed-timestamp,1742114931.0,,gpu-autoscale
5007,mlrunner-structure-006544610,Job,mlrunner,running,49,,gpu-autoscale
5008,mlrunner-structure-005049755,Job,mlrunner,successfulcreate-timestamp,1742114890.0,,gpu-autoscale
5009,mlrunner-structure-005049755,Job,mlrunner,completed-timestamp,1742114936.0,,gpu-autoscale
5010,mlrunner-structure-005049755,Job,mlrunner,running,46,,gpu-autoscale
5011,mlrunner-structure-030977402,Job,mlrunner,successfulcreate-timestamp,1742114891.0,,gpu-autoscale
5012,mlrunner-structure-030977402,Job,mlrunner,completed-timestamp,1742114939.0,,gpu-autoscale
5013,mlrunner-structure-030977402,Job,mlrunner,running,48,,gpu-autoscale
5014,createsim-structure-086485462,Job,createsim,successfulcreate-timestamp,1742114925.0,,gpu-autoscale
5015,createsim-structure-086485462,Job,createsim,completed-timestamp,1742115733.0,,gpu-autoscale
5016,createsim-structure-086485462,Job,createsim,running,808,,gpu-autoscale
5017,createsim-structure-006544610,Job,createsim,successfulcreate-timestamp,1742114931.0,,gpu-autoscale
5018,createsim-structure-006544610,Job,createsim,completed-timestamp,1742115747.0,,gpu-autoscale
5019,createsim-structure-006544610,Job,createsim,running,816,,gpu-autoscale
5020,createsim-structure-005049755,Job,createsim,successfulcreate-timestamp,1742114936.0,,gpu-autoscale
5021,createsim-structure-005049755,Job,createsim,completed-timestamp,1742115767.0,,gpu-autoscale
5022,createsim-structure-005049755,Job,createsim,running,831,,gpu-autoscale
5023,createsim-structure-030977402,Job,createsim,successfulcreate-timestamp,1742114939.0,,gpu-autoscale
5024,createsim-structure-030977402,Job,createsim,completed-timestamp,1742115750.0,,gpu-autoscale
5025,createsim-structure-030977402,Job,createsim,running,811,,gpu-autoscale
5026,cganalysis-structure-086485462,Job,cganalysis,successfulcreate-timestamp,1742115733.0,,gpu-autoscale
5027,cganalysis-structure-086485462,Job,cganalysis,completed-timestamp,1742117521.0,,gpu-autoscale
5028,cganalysis-structure-086485462,Job,cganalysis,running,1788,,gpu-autoscale
5029,cganalysis-structure-006544610,Job,cganalysis,successfulcreate-timestamp,1742115747.0,,gpu-autoscale
5030,cganalysis-structure-006544610,Job,cganalysis,completed-timestamp,1742117536.0,,gpu-autoscale
5031,cganalysis-structure-006544610,Job,cganalysis,running,1789,,gpu-autoscale
5032,cganalysis-structure-030977402,Job,cganalysis,successfulcreate-timestamp,1742115751.0,,gpu-autoscale
5033,cganalysis-structure-030977402,Job,cganalysis,completed-timestamp,1742117540.0,,gpu-autoscale
5034,cganalysis-structure-030977402,Job,cganalysis,running,1789,,gpu-autoscale
5035,cganalysis-structure-005049755,Job,cganalysis,successfulcreate-timestamp,1742115767.0,,gpu-autoscale
5036,cganalysis-structure-005049755,Job,cganalysis,completed-timestamp,1742117557.0,,gpu-autoscale
5037,cganalysis-structure-005049755,Job,cganalysis,running,1790,,gpu-autoscale
