,experiment,job,sample,event,duration,global,iteration
0,cpu-static,createsim,structure_092670394,createsim_runtime,461.1154992580414,createsim_runtime,0
1,cpu-static,createsim,structure_092670394,createsims_create_cg_patch,0.00089263916015625,createsims_create_cg_patch,0
2,cpu-static,createsim,structure_092670394,createsims_setup_cg_sim,460.01051115989685,createsims_setup_cg_sim,0
3,cpu-static,createsim,structure_092670394,createsims_gromacs_energy_minimization_0,0.8339009284973145,createsims_gromacs_energy_minimization,0
4,cpu-static,createsim,structure_092670394,createsims_mdrun_lipids_water_0,1.4718537330627441,createsims_mdrun_lipids_water,0
5,cpu-static,createsim,structure_092670394,createsims_trjconv_lipids_water_0,0.1642920970916748,createsims_trjconv_lipids_water,0
6,cpu-static,createsim,structure_092670394,createsims_gromacs_make_ndx_0,0.4593164920806885,createsims_gromacs_make_ndx,0
7,cpu-static,createsim,structure_092670394,createsims_generate_velocities_0,32.67291283607483,createsims_generate_velocities,0
8,cpu-static,createsim,structure_092670394,createsims_short_equilibration_0,65.97719860076904,createsims_short_equilibration,0
9,cpu-static,createsim,structure_092670394,createsims_pull_molecules_0,267.2787251472473,createsims_pull_molecules,0
10,cpu-static,createsim,structure_092670394,createsims_relax_protein,21.90741467475891,createsims_relax_protein,0
11,cpu-static,createsim,structure_092670394,createsims_short_equilibration_20fs,66.97937822341919,createsims_short_equilibration,0
12,cpu-static,createsim,structure_092670394,createsims_prime_cg_sim,1.0880045890808105,createsims_prime_cg_sim,0
13,cpu-static,createsim,structure_066159450,createsim_runtime,477.8655376434326,createsim_runtime,0
14,cpu-static,createsim,structure_066159450,createsims_create_cg_patch,0.0009162425994873047,createsims_create_cg_patch,0
15,cpu-static,createsim,structure_066159450,createsims_setup_cg_sim,476.7566063404083,createsims_setup_cg_sim,0
16,cpu-static,createsim,structure_066159450,createsims_gromacs_energy_minimization_0,0.8378286361694336,createsims_gromacs_energy_minimization,0
17,cpu-static,createsim,structure_066159450,createsims_mdrun_lipids_water_0,1.4741802215576172,createsims_mdrun_lipids_water,0
18,cpu-static,createsim,structure_066159450,createsims_trjconv_lipids_water_0,0.16517210006713867,createsims_trjconv_lipids_water,0
19,cpu-static,createsim,structure_066159450,createsims_gromacs_make_ndx_0,0.4624025821685791,createsims_gromacs_make_ndx,0
20,cpu-static,createsim,structure_066159450,createsims_generate_velocities_0,34.12515449523926,createsims_generate_velocities,0
21,cpu-static,createsim,structure_066159450,createsims_short_equilibration_0,68.66115736961365,createsims_short_equilibration,0
22,cpu-static,createsim,structure_066159450,createsims_pull_molecules_0,278.04854226112366,createsims_pull_molecules,0
23,cpu-static,createsim,structure_066159450,createsims_relax_protein,22.60438299179077,createsims_relax_protein,0
24,cpu-static,createsim,structure_066159450,createsims_short_equilibration_20fs,68.11147403717041,createsims_short_equilibration,0
25,cpu-static,createsim,structure_066159450,createsims_prime_cg_sim,1.0918543338775635,createsims_prime_cg_sim,0
26,cpu-static,createsim,structure_061753916,createsim_runtime,477.1731870174408,createsim_runtime,0
27,cpu-static,createsim,structure_061753916,createsims_create_cg_patch,0.0008809566497802734,createsims_create_cg_patch,0
28,cpu-static,createsim,structure_061753916,createsims_setup_cg_sim,476.06545329093933,createsims_setup_cg_sim,0
29,cpu-static,createsim,structure_061753916,createsims_gromacs_energy_minimization_0,0.8369176387786865,createsims_gromacs_energy_minimization,0
30,cpu-static,createsim,structure_061753916,createsims_mdrun_lipids_water_0,1.4820449352264404,createsims_mdrun_lipids_water,0
31,cpu-static,createsim,structure_061753916,createsims_trjconv_lipids_water_0,0.16418027877807617,createsims_trjconv_lipids_water,0
32,cpu-static,createsim,structure_061753916,createsims_gromacs_make_ndx_0,0.46321964263916016,createsims_gromacs_make_ndx,0
33,cpu-static,createsim,structure_061753916,createsims_generate_velocities_0,34.30093836784363,createsims_generate_velocities,0
34,cpu-static,createsim,structure_061753916,createsims_short_equilibration_0,69.45960712432861,createsims_short_equilibration,0
35,cpu-static,createsim,structure_061753916,createsims_pull_molecules_0,276.3778157234192,createsims_pull_molecules,0
36,cpu-static,createsim,structure_061753916,createsims_relax_protein,22.451537609100342,createsims_relax_protein,0
37,cpu-static,createsim,structure_061753916,createsims_short_equilibration_20fs,68.26017665863037,createsims_short_equilibration,0
38,cpu-static,createsim,structure_061753916,createsims_prime_cg_sim,1.0907659530639648,createsims_prime_cg_sim,0
39,cpu-static,createsim,structure_015490701,createsim_runtime,479.43760538101196,createsim_runtime,0
40,cpu-static,createsim,structure_015490701,createsims_create_cg_patch,0.0008919239044189453,createsims_create_cg_patch,0
41,cpu-static,createsim,structure_015490701,createsims_setup_cg_sim,478.3349244594574,createsims_setup_cg_sim,0
42,cpu-static,createsim,structure_015490701,createsims_gromacs_energy_minimization_0,0.8382973670959473,createsims_gromacs_energy_minimization,0
43,cpu-static,createsim,structure_015490701,createsims_mdrun_lipids_water_0,1.4815356731414795,createsims_mdrun_lipids_water,0
44,cpu-static,createsim,structure_015490701,createsims_trjconv_lipids_water_0,0.16319894790649414,createsims_trjconv_lipids_water,0
45,cpu-static,createsim,structure_015490701,createsims_gromacs_make_ndx_0,0.45894908905029297,createsims_gromacs_make_ndx,0
46,cpu-static,createsim,structure_015490701,createsims_generate_velocities_0,33.75744438171387,createsims_generate_velocities,0
47,cpu-static,createsim,structure_015490701,createsims_short_equilibration_0,69.84193968772888,createsims_short_equilibration,0
48,cpu-static,createsim,structure_015490701,createsims_pull_molecules_0,277.1260371208191,createsims_pull_molecules,0
49,cpu-static,createsim,structure_015490701,createsims_relax_protein,22.5630202293396,createsims_relax_protein,0
50,cpu-static,createsim,structure_015490701,createsims_short_equilibration_20fs,69.85080146789551,createsims_short_equilibration,0
51,cpu-static,createsim,structure_015490701,createsims_prime_cg_sim,1.0857088565826416,createsims_prime_cg_sim,0
52,cpu-static,createsim,structure_010998339,createsim_runtime,473.37624430656433,createsim_runtime,0
53,cpu-static,createsim,structure_010998339,createsims_create_cg_patch,0.0008835792541503906,createsims_create_cg_patch,0
54,cpu-static,createsim,structure_010998339,createsims_setup_cg_sim,472.265460729599,createsims_setup_cg_sim,0
55,cpu-static,createsim,structure_010998339,createsims_gromacs_energy_minimization_0,0.8384459018707275,createsims_gromacs_energy_minimization,0
56,cpu-static,createsim,structure_010998339,createsims_mdrun_lipids_water_0,1.5002312660217285,createsims_mdrun_lipids_water,0
57,cpu-static,createsim,structure_010998339,createsims_trjconv_lipids_water_0,0.16538238525390625,createsims_trjconv_lipids_water,0
58,cpu-static,createsim,structure_010998339,createsims_gromacs_make_ndx_0,0.4652998447418213,createsims_gromacs_make_ndx,0
59,cpu-static,createsim,structure_010998339,createsims_generate_velocities_0,33.36613702774048,createsims_generate_velocities,0
60,cpu-static,createsim,structure_010998339,createsims_short_equilibration_0,68.52743077278137,createsims_short_equilibration,0
61,cpu-static,createsim,structure_010998339,createsims_pull_molecules_0,274.0861394405365,createsims_pull_molecules,0
62,cpu-static,createsim,structure_010998339,createsims_relax_protein,22.5778865814209,createsims_relax_protein,0
63,cpu-static,createsim,structure_010998339,createsims_short_equilibration_20fs,68.46319723129272,createsims_short_equilibration,0
64,cpu-static,createsim,structure_010998339,createsims_prime_cg_sim,1.0939135551452637,createsims_prime_cg_sim,0
65,cpu-static,createsim,structure_056277282,createsim_runtime,477.06494665145874,createsim_runtime,0
66,cpu-static,createsim,structure_056277282,createsims_create_cg_patch,0.0008881092071533203,createsims_create_cg_patch,0
67,cpu-static,createsim,structure_056277282,createsims_setup_cg_sim,475.9603269100189,createsims_setup_cg_sim,0
68,cpu-static,createsim,structure_056277282,createsims_gromacs_energy_minimization_0,0.8358073234558105,createsims_gromacs_energy_minimization,0
69,cpu-static,createsim,structure_056277282,createsims_mdrun_lipids_water_0,1.4752182960510254,createsims_mdrun_lipids_water,0
70,cpu-static,createsim,structure_056277282,createsims_trjconv_lipids_water_0,0.16397929191589355,createsims_trjconv_lipids_water,0
71,cpu-static,createsim,structure_056277282,createsims_gromacs_make_ndx_0,0.4559962749481201,createsims_gromacs_make_ndx,0
72,cpu-static,createsim,structure_056277282,createsims_generate_velocities_0,32.678919076919556,createsims_generate_velocities,0
73,cpu-static,createsim,structure_056277282,createsims_short_equilibration_0,67.71255946159363,createsims_short_equilibration,0
74,cpu-static,createsim,structure_056277282,createsims_pull_molecules_0,278.0987343788147,createsims_pull_molecules,0
75,cpu-static,createsim,structure_056277282,createsims_relax_protein,22.55290150642395,createsims_relax_protein,0
76,cpu-static,createsim,structure_056277282,createsims_short_equilibration_20fs,69.73748683929443,createsims_short_equilibration,0
77,cpu-static,createsim,structure_056277282,createsims_prime_cg_sim,1.0875873565673828,createsims_prime_cg_sim,0
78,cpu-static,createsim,structure_015059657,createsim_runtime,474.4106411933899,createsim_runtime,0
79,cpu-static,createsim,structure_015059657,createsims_create_cg_patch,0.0009846687316894531,createsims_create_cg_patch,0
80,cpu-static,createsim,structure_015059657,createsims_setup_cg_sim,473.30766201019287,createsims_setup_cg_sim,0
81,cpu-static,createsim,structure_015059657,createsims_gromacs_energy_minimization_0,0.8304879665374756,createsims_gromacs_energy_minimization,0
82,cpu-static,createsim,structure_015059657,createsims_mdrun_lipids_water_0,1.4865331649780273,createsims_mdrun_lipids_water,0
83,cpu-static,createsim,structure_015059657,createsims_trjconv_lipids_water_0,0.16350078582763672,createsims_trjconv_lipids_water,0
84,cpu-static,createsim,structure_015059657,createsims_gromacs_make_ndx_0,0.4553651809692383,createsims_gromacs_make_ndx,0
85,cpu-static,createsim,structure_015059657,createsims_generate_velocities_0,32.47339200973511,createsims_generate_velocities,0
86,cpu-static,createsim,structure_015059657,createsims_short_equilibration_0,67.93431282043457,createsims_short_equilibration,0
87,cpu-static,createsim,structure_015059657,createsims_pull_molecules_0,275.7064859867096,createsims_pull_molecules,0
88,cpu-static,createsim,structure_015059657,createsims_relax_protein,22.692445993423462,createsims_relax_protein,0
89,cpu-static,createsim,structure_015059657,createsims_short_equilibration_20fs,69.3186764717102,createsims_short_equilibration,0
90,cpu-static,createsim,structure_015059657,createsims_prime_cg_sim,1.0859458446502686,createsims_prime_cg_sim,0
91,cpu-static,createsim,structure_081585831,createsim_runtime,498.1511273384094,createsim_runtime,0
92,cpu-static,createsim,structure_081585831,createsims_create_cg_patch,0.0008776187896728516,createsims_create_cg_patch,0
93,cpu-static,createsim,structure_081585831,createsims_setup_cg_sim,497.0499584674835,createsims_setup_cg_sim,0
94,cpu-static,createsim,structure_081585831,createsims_gromacs_energy_minimization_0,0.8366236686706543,createsims_gromacs_energy_minimization,0
95,cpu-static,createsim,structure_081585831,createsims_mdrun_lipids_water_0,0.11867046356201172,createsims_mdrun_lipids_water,0
96,cpu-static,createsim,structure_081585831,createsims_trjconv_lipids_water_0,0.16323614120483398,createsims_trjconv_lipids_water,0
97,cpu-static,createsim,structure_081585831,createsims_gromacs_energy_minimization_1,0.8366367816925049,createsims_gromacs_energy_minimization,0
98,cpu-static,createsim,structure_081585831,createsims_mdrun_lipids_water_1,1.4584791660308838,createsims_mdrun_lipids_water,0
99,cpu-static,createsim,structure_081585831,createsims_trjconv_lipids_water_1,0.1653742790222168,createsims_trjconv_lipids_water,0
100,cpu-static,createsim,structure_081585831,createsims_gromacs_energy_minimization_2,0.8351719379425049,createsims_gromacs_energy_minimization,0
101,cpu-static,createsim,structure_081585831,createsims_mdrun_lipids_water_2,1.4502654075622559,createsims_mdrun_lipids_water,0
102,cpu-static,createsim,structure_081585831,createsims_trjconv_lipids_water_2,0.16263341903686523,createsims_trjconv_lipids_water,0
103,cpu-static,createsim,structure_081585831,createsims_gromacs_energy_minimization_3,0.8333909511566162,createsims_gromacs_energy_minimization,0
104,cpu-static,createsim,structure_081585831,createsims_mdrun_lipids_water_3,1.444312572479248,createsims_mdrun_lipids_water,0
105,cpu-static,createsim,structure_081585831,createsims_trjconv_lipids_water_3,0.16268515586853027,createsims_trjconv_lipids_water,0
106,cpu-static,createsim,structure_081585831,createsims_gromacs_energy_minimization_4,0.835547924041748,createsims_gromacs_energy_minimization,0
107,cpu-static,createsim,structure_081585831,createsims_mdrun_lipids_water_4,1.484428882598877,createsims_mdrun_lipids_water,0
108,cpu-static,createsim,structure_081585831,createsims_trjconv_lipids_water_4,0.16266751289367676,createsims_trjconv_lipids_water,0
109,cpu-static,createsim,structure_081585831,createsims_gromacs_energy_minimization_5,0.836374044418335,createsims_gromacs_energy_minimization,0
110,cpu-static,createsim,structure_081585831,createsims_mdrun_lipids_water_5,1.5722815990447998,createsims_mdrun_lipids_water,0
111,cpu-static,createsim,structure_081585831,createsims_trjconv_lipids_water_5,0.16330552101135254,createsims_trjconv_lipids_water,0
112,cpu-static,createsim,structure_081585831,createsims_gromacs_energy_minimization_6,0.8375334739685059,createsims_gromacs_energy_minimization,0
113,cpu-static,createsim,structure_081585831,createsims_mdrun_lipids_water_6,1.56361985206604,createsims_mdrun_lipids_water,0
114,cpu-static,createsim,structure_081585831,createsims_trjconv_lipids_water_6,0.16278648376464844,createsims_trjconv_lipids_water,0
115,cpu-static,createsim,structure_081585831,createsims_gromacs_energy_minimization_7,0.8354840278625488,createsims_gromacs_energy_minimization,0
116,cpu-static,createsim,structure_081585831,createsims_mdrun_lipids_water_7,1.5582268238067627,createsims_mdrun_lipids_water,0
117,cpu-static,createsim,structure_081585831,createsims_trjconv_lipids_water_7,0.16344952583312988,createsims_trjconv_lipids_water,0
118,cpu-static,createsim,structure_081585831,createsims_gromacs_energy_minimization_8,0.8422589302062988,createsims_gromacs_energy_minimization,0
119,cpu-static,createsim,structure_081585831,createsims_mdrun_lipids_water_8,1.5636427402496338,createsims_mdrun_lipids_water,0
120,cpu-static,createsim,structure_081585831,createsims_trjconv_lipids_water_8,0.16345691680908203,createsims_trjconv_lipids_water,0
121,cpu-static,createsim,structure_081585831,createsims_gromacs_energy_minimization_9,0.8365797996520996,createsims_gromacs_energy_minimization,0
122,cpu-static,createsim,structure_081585831,createsims_mdrun_lipids_water_9,1.5475211143493652,createsims_mdrun_lipids_water,0
123,cpu-static,createsim,structure_081585831,createsims_trjconv_lipids_water_9,0.16297388076782227,createsims_trjconv_lipids_water,0
124,cpu-static,createsim,structure_081585831,createsims_gromacs_make_ndx_9,0.4552042484283447,createsims_gromacs_make_ndx,0
125,cpu-static,createsim,structure_081585831,createsims_generate_velocities_0,32.90705871582031,createsims_generate_velocities,0
126,cpu-static,createsim,structure_081585831,createsims_short_equilibration_0,69.15294218063354,createsims_short_equilibration,0
127,cpu-static,createsim,structure_081585831,createsims_pull_molecules_0,271.396746635437,createsims_pull_molecules,0
128,cpu-static,createsim,structure_081585831,createsims_relax_protein,22.389357328414917,createsims_relax_protein,0
129,cpu-static,createsim,structure_081585831,createsims_short_equilibration_20fs,71.36937427520752,createsims_short_equilibration,0
130,cpu-static,createsim,structure_081585831,createsims_prime_cg_sim,1.0843214988708496,createsims_prime_cg_sim,0
131,cpu-static,createsim,structure_004396842,createsim_runtime,497.209100484848,createsim_runtime,0
132,cpu-static,createsim,structure_004396842,createsims_create_cg_patch,0.0008971691131591797,createsims_create_cg_patch,0
133,cpu-static,createsim,structure_004396842,createsims_setup_cg_sim,496.0987892150879,createsims_setup_cg_sim,0
134,cpu-static,createsim,structure_004396842,createsims_gromacs_energy_minimization_0,0.8410782814025879,createsims_gromacs_energy_minimization,0
135,cpu-static,createsim,structure_004396842,createsims_mdrun_lipids_water_0,0.1182711124420166,createsims_mdrun_lipids_water,0
136,cpu-static,createsim,structure_004396842,createsims_trjconv_lipids_water_0,0.16372466087341309,createsims_trjconv_lipids_water,0
137,cpu-static,createsim,structure_004396842,createsims_gromacs_energy_minimization_1,0.8399512767791748,createsims_gromacs_energy_minimization,0
138,cpu-static,createsim,structure_004396842,createsims_mdrun_lipids_water_1,1.4983799457550049,createsims_mdrun_lipids_water,0
139,cpu-static,createsim,structure_004396842,createsims_trjconv_lipids_water_1,0.1646404266357422,createsims_trjconv_lipids_water,0
140,cpu-static,createsim,structure_004396842,createsims_gromacs_energy_minimization_2,0.8388004302978516,createsims_gromacs_energy_minimization,0
141,cpu-static,createsim,structure_004396842,createsims_mdrun_lipids_water_2,1.5239222049713135,createsims_mdrun_lipids_water,0
142,cpu-static,createsim,structure_004396842,createsims_trjconv_lipids_water_2,0.16444706916809082,createsims_trjconv_lipids_water,0
143,cpu-static,createsim,structure_004396842,createsims_gromacs_energy_minimization_3,0.837183952331543,createsims_gromacs_energy_minimization,0
144,cpu-static,createsim,structure_004396842,createsims_mdrun_lipids_water_3,1.4663243293762207,createsims_mdrun_lipids_water,0
145,cpu-static,createsim,structure_004396842,createsims_trjconv_lipids_water_3,0.16406822204589844,createsims_trjconv_lipids_water,0
146,cpu-static,createsim,structure_004396842,createsims_gromacs_energy_minimization_4,0.8396034240722656,createsims_gromacs_energy_minimization,0
147,cpu-static,createsim,structure_004396842,createsims_mdrun_lipids_water_4,1.4968774318695068,createsims_mdrun_lipids_water,0
148,cpu-static,createsim,structure_004396842,createsims_trjconv_lipids_water_4,0.16445112228393555,createsims_trjconv_lipids_water,0
149,cpu-static,createsim,structure_004396842,createsims_gromacs_energy_minimization_5,0.8446366786956787,createsims_gromacs_energy_minimization,0
150,cpu-static,createsim,structure_004396842,createsims_mdrun_lipids_water_5,0.1192011833190918,createsims_mdrun_lipids_water,0
151,cpu-static,createsim,structure_004396842,createsims_trjconv_lipids_water_5,0.16381096839904785,createsims_trjconv_lipids_water,0
152,cpu-static,createsim,structure_004396842,createsims_gromacs_energy_minimization_6,0.8405241966247559,createsims_gromacs_energy_minimization,0
153,cpu-static,createsim,structure_004396842,createsims_mdrun_lipids_water_6,1.5392086505889893,createsims_mdrun_lipids_water,0
154,cpu-static,createsim,structure_004396842,createsims_trjconv_lipids_water_6,0.16459894180297852,createsims_trjconv_lipids_water,0
155,cpu-static,createsim,structure_004396842,createsims_gromacs_energy_minimization_7,0.8384518623352051,createsims_gromacs_energy_minimization,0
156,cpu-static,createsim,structure_004396842,createsims_mdrun_lipids_water_7,0.11858797073364258,createsims_mdrun_lipids_water,0
157,cpu-static,createsim,structure_004396842,createsims_trjconv_lipids_water_7,0.16402602195739746,createsims_trjconv_lipids_water,0
158,cpu-static,createsim,structure_004396842,createsims_gromacs_energy_minimization_8,0.8424975872039795,createsims_gromacs_energy_minimization,0
159,cpu-static,createsim,structure_004396842,createsims_mdrun_lipids_water_8,1.5177624225616455,createsims_mdrun_lipids_water,0
160,cpu-static,createsim,structure_004396842,createsims_trjconv_lipids_water_8,0.16457366943359375,createsims_trjconv_lipids_water,0
161,cpu-static,createsim,structure_004396842,createsims_gromacs_energy_minimization_9,0.8446059226989746,createsims_gromacs_energy_minimization,0
162,cpu-static,createsim,structure_004396842,createsims_mdrun_lipids_water_9,1.54105806350708,createsims_mdrun_lipids_water,0
163,cpu-static,createsim,structure_004396842,createsims_trjconv_lipids_water_9,0.16449666023254395,createsims_trjconv_lipids_water,0
164,cpu-static,createsim,structure_004396842,createsims_gromacs_make_ndx_9,0.4634251594543457,createsims_gromacs_make_ndx,0
165,cpu-static,createsim,structure_004396842,createsims_generate_velocities_0,33.64929676055908,createsims_generate_velocities,0
166,cpu-static,createsim,structure_004396842,createsims_short_equilibration_0,68.0962131023407,createsims_short_equilibration,0
167,cpu-static,createsim,structure_004396842,createsims_pull_molecules_0,276.07774233818054,createsims_pull_molecules,0
168,cpu-static,createsim,structure_004396842,createsims_relax_protein,22.45446467399597,createsims_relax_protein,0
169,cpu-static,createsim,structure_004396842,createsims_short_equilibration_20fs,68.74031138420105,createsims_short_equilibration,0
170,cpu-static,createsim,structure_004396842,createsims_prime_cg_sim,1.0932254791259766,createsims_prime_cg_sim,0
171,cpu-static,createsim,structure_052691500,createsim_runtime,472.1640386581421,createsim_runtime,0
172,cpu-static,createsim,structure_052691500,createsims_create_cg_patch,0.0009157657623291016,createsims_create_cg_patch,0
173,cpu-static,createsim,structure_052691500,createsims_setup_cg_sim,471.05253648757935,createsims_setup_cg_sim,0
174,cpu-static,createsim,structure_052691500,createsims_gromacs_energy_minimization_0,0.837275505065918,createsims_gromacs_energy_minimization,0
175,cpu-static,createsim,structure_052691500,createsims_mdrun_lipids_water_0,1.5055136680603027,createsims_mdrun_lipids_water,0
176,cpu-static,createsim,structure_052691500,createsims_trjconv_lipids_water_0,0.16408967971801758,createsims_trjconv_lipids_water,0
177,cpu-static,createsim,structure_052691500,createsims_gromacs_make_ndx_0,0.46067166328430176,createsims_gromacs_make_ndx,0
178,cpu-static,createsim,structure_052691500,createsims_generate_velocities_0,32.62651968002319,createsims_generate_velocities,0
179,cpu-static,createsim,structure_052691500,createsims_short_equilibration_0,68.51330804824829,createsims_short_equilibration,0
180,cpu-static,createsim,structure_052691500,createsims_pull_molecules_0,273.2211072444916,createsims_pull_molecules,0
181,cpu-static,createsim,structure_052691500,createsims_relax_protein,22.38145160675049,createsims_relax_protein,0
182,cpu-static,createsim,structure_052691500,createsims_short_equilibration_20fs,69.08102250099182,createsims_short_equilibration,0
183,cpu-static,createsim,structure_052691500,createsims_prime_cg_sim,1.0945792198181152,createsims_prime_cg_sim,0
184,cpu-static,cganalysis,structure_092670394,cganalysis_run,1783.367624759674,cganalysis_run,0
185,cpu-static,cganalysis,structure_092670394,cganalysis_load_mdanalysis,0.6428248882293701,cganalysis_load_mdanalysis,0
186,cpu-static,cganalysis,structure_092670394,cganalysis_run_simulation,5.005801200866699,cganalysis_run_simulation,0
187,cpu-static,cganalysis,structure_092670394,cganalysis_simrun,5.005695581436157,cganalysis_simrun,0
188,cpu-static,cganalysis,structure_092670394,cganalysis_main_analysis,1777.6541402339935,cganalysis_main_analysis,0
189,cpu-static,cganalysis,structure_066159450,cganalysis_run,1783.316591501236,cganalysis_run,0
190,cpu-static,cganalysis,structure_066159450,cganalysis_load_mdanalysis,0.6406545639038086,cganalysis_load_mdanalysis,0
191,cpu-static,cganalysis,structure_066159450,cganalysis_run_simulation,5.006335020065308,cganalysis_run_simulation,0
192,cpu-static,cganalysis,structure_066159450,cganalysis_simrun,5.006234407424927,cganalysis_simrun,0
193,cpu-static,cganalysis,structure_066159450,cganalysis_main_analysis,1777.6053354740143,cganalysis_main_analysis,0
194,cpu-static,cganalysis,structure_061753916,cganalysis_run,1783.4087362289429,cganalysis_run,0
195,cpu-static,cganalysis,structure_061753916,cganalysis_load_mdanalysis,0.6406025886535645,cganalysis_load_mdanalysis,0
196,cpu-static,cganalysis,structure_061753916,cganalysis_run_simulation,5.006489515304565,cganalysis_run_simulation,0
197,cpu-static,cganalysis,structure_061753916,cganalysis_simrun,5.006392002105713,cganalysis_simrun,0
198,cpu-static,cganalysis,structure_061753916,cganalysis_main_analysis,1777.6975626945496,cganalysis_main_analysis,0
199,cpu-static,cganalysis,structure_015490701,cganalysis_run,1783.3306722640991,cganalysis_run,0
200,cpu-static,cganalysis,structure_015490701,cganalysis_load_mdanalysis,0.6400303840637207,cganalysis_load_mdanalysis,0
201,cpu-static,cganalysis,structure_015490701,cganalysis_run_simulation,5.006573677062988,cganalysis_run_simulation,0
202,cpu-static,cganalysis,structure_015490701,cganalysis_simrun,5.006472587585449,cganalysis_simrun,0
203,cpu-static,cganalysis,structure_015490701,cganalysis_main_analysis,1777.6194133758545,cganalysis_main_analysis,0
204,cpu-static,cganalysis,structure_010998339,cganalysis_run,1783.361695766449,cganalysis_run,0
205,cpu-static,cganalysis,structure_010998339,cganalysis_load_mdanalysis,0.6476631164550781,cganalysis_load_mdanalysis,0
206,cpu-static,cganalysis,structure_010998339,cganalysis_run_simulation,5.006724119186401,cganalysis_run_simulation,0
207,cpu-static,cganalysis,structure_010998339,cganalysis_simrun,5.006625652313232,cganalysis_simrun,0
208,cpu-static,cganalysis,structure_010998339,cganalysis_main_analysis,1777.6425693035126,cganalysis_main_analysis,0
209,cpu-static,cganalysis,structure_056277282,cganalysis_run,1783.362643957138,cganalysis_run,0
210,cpu-static,cganalysis,structure_056277282,cganalysis_load_mdanalysis,0.6368148326873779,cganalysis_load_mdanalysis,0
211,cpu-static,cganalysis,structure_056277282,cganalysis_run_simulation,5.006446123123169,cganalysis_run_simulation,0
212,cpu-static,cganalysis,structure_056277282,cganalysis_simrun,5.0063440799713135,cganalysis_simrun,0
213,cpu-static,cganalysis,structure_056277282,cganalysis_main_analysis,1777.6553614139557,cganalysis_main_analysis,0
214,cpu-static,cganalysis,structure_015059657,cganalysis_run,1783.4351551532745,cganalysis_run,0
215,cpu-static,cganalysis,structure_015059657,cganalysis_load_mdanalysis,0.6431272029876709,cganalysis_load_mdanalysis,0
216,cpu-static,cganalysis,structure_015059657,cganalysis_run_simulation,5.005664587020874,cganalysis_run_simulation,0
217,cpu-static,cganalysis,structure_015059657,cganalysis_simrun,5.005562782287598,cganalysis_simrun,0
218,cpu-static,cganalysis,structure_015059657,cganalysis_main_analysis,1777.7212414741516,cganalysis_main_analysis,0
219,cpu-static,cganalysis,structure_081585831,cganalysis_run,1783.260428905487,cganalysis_run,0
220,cpu-static,cganalysis,structure_081585831,cganalysis_load_mdanalysis,0.6365921497344971,cganalysis_load_mdanalysis,0
221,cpu-static,cganalysis,structure_081585831,cganalysis_run_simulation,5.00653600692749,cganalysis_run_simulation,0
222,cpu-static,cganalysis,structure_081585831,cganalysis_simrun,5.006435871124268,cganalysis_simrun,0
223,cpu-static,cganalysis,structure_081585831,cganalysis_main_analysis,1777.553038597107,cganalysis_main_analysis,0
224,cpu-static,cganalysis,structure_004396842,cganalysis_run,1783.4105463027954,cganalysis_run,0
225,cpu-static,cganalysis,structure_004396842,cganalysis_load_mdanalysis,0.6442747116088867,cganalysis_load_mdanalysis,0
226,cpu-static,cganalysis,structure_004396842,cganalysis_run_simulation,5.006489515304565,cganalysis_run_simulation,0
227,cpu-static,cganalysis,structure_004396842,cganalysis_simrun,5.006392240524292,cganalysis_simrun,0
228,cpu-static,cganalysis,structure_004396842,cganalysis_main_analysis,1777.695412158966,cganalysis_main_analysis,0
229,cpu-static,cganalysis,structure_052691500,cganalysis_run,1783.3107903003693,cganalysis_run,0
230,cpu-static,cganalysis,structure_052691500,cganalysis_load_mdanalysis,0.6406662464141846,cganalysis_load_mdanalysis,0
231,cpu-static,cganalysis,structure_052691500,cganalysis_run_simulation,5.0061354637146,cganalysis_run_simulation,0
232,cpu-static,cganalysis,structure_052691500,cganalysis_simrun,5.0060343742370605,cganalysis_simrun,0
233,cpu-static,cganalysis,structure_052691500,cganalysis_main_analysis,1777.5998122692108,cganalysis_main_analysis,0
234,cpu-static,createsim,structure_084643342,createsim_runtime,484.3705966472626,createsim_runtime,1
235,cpu-static,createsim,structure_084643342,createsims_create_cg_patch,0.0009133815765380859,createsims_create_cg_patch,1
236,cpu-static,createsim,structure_084643342,createsims_setup_cg_sim,483.2671494483948,createsims_setup_cg_sim,1
237,cpu-static,createsim,structure_084643342,createsims_gromacs_energy_minimization_0,0.8343803882598877,createsims_gromacs_energy_minimization,1
238,cpu-static,createsim,structure_084643342,createsims_mdrun_lipids_water_0,1.522228717803955,createsims_mdrun_lipids_water,1
239,cpu-static,createsim,structure_084643342,createsims_trjconv_lipids_water_0,0.16284918785095215,createsims_trjconv_lipids_water,1
240,cpu-static,createsim,structure_084643342,createsims_gromacs_make_ndx_0,0.4547579288482666,createsims_gromacs_make_ndx,1
241,cpu-static,createsim,structure_084643342,createsims_generate_velocities_0,33.31912541389465,createsims_generate_velocities,1
242,cpu-static,createsim,structure_084643342,createsims_short_equilibration_0,67.67806625366211,createsims_short_equilibration,1
243,cpu-static,createsim,structure_084643342,createsims_pull_molecules_0,285.76162791252136,createsims_pull_molecules,1
244,cpu-static,createsim,structure_084643342,createsims_relax_protein,22.401657581329346,createsims_relax_protein,1
245,cpu-static,createsim,structure_084643342,createsims_short_equilibration_20fs,68.87929272651672,createsims_short_equilibration,1
246,cpu-static,createsim,structure_084643342,createsims_prime_cg_sim,1.086463212966919,createsims_prime_cg_sim,1
247,cpu-static,createsim,structure_066464111,createsim_runtime,475.7954864501953,createsim_runtime,1
248,cpu-static,createsim,structure_066464111,createsims_create_cg_patch,0.0008921623229980469,createsims_create_cg_patch,1
249,cpu-static,createsim,structure_066464111,createsims_setup_cg_sim,474.68631410598755,createsims_setup_cg_sim,1
250,cpu-static,createsim,structure_066464111,createsims_gromacs_energy_minimization_0,0.8375527858734131,createsims_gromacs_energy_minimization,1
251,cpu-static,createsim,structure_066464111,createsims_mdrun_lipids_water_0,1.49365234375,createsims_mdrun_lipids_water,1
252,cpu-static,createsim,structure_066464111,createsims_trjconv_lipids_water_0,0.16399860382080078,createsims_trjconv_lipids_water,1
253,cpu-static,createsim,structure_066464111,createsims_gromacs_make_ndx_0,0.4603109359741211,createsims_gromacs_make_ndx,1
254,cpu-static,createsim,structure_066464111,createsims_generate_velocities_0,34.03529906272888,createsims_generate_velocities,1
255,cpu-static,createsim,structure_066464111,createsims_short_equilibration_0,68.57338619232178,createsims_short_equilibration,1
256,cpu-static,createsim,structure_066464111,createsims_pull_molecules_0,275.6245307922363,createsims_pull_molecules,1
257,cpu-static,createsim,structure_066464111,createsims_relax_protein,22.55562734603882,createsims_relax_protein,1
258,cpu-static,createsim,structure_066464111,createsims_short_equilibration_20fs,68.67167258262634,createsims_short_equilibration,1
259,cpu-static,createsim,structure_066464111,createsims_prime_cg_sim,1.0921521186828613,createsims_prime_cg_sim,1
260,cpu-static,createsim,structure_018739629,createsim_runtime,477.2088601589203,createsim_runtime,1
261,cpu-static,createsim,structure_018739629,createsims_create_cg_patch,0.0009009838104248047,createsims_create_cg_patch,1
262,cpu-static,createsim,structure_018739629,createsims_setup_cg_sim,476.10042905807495,createsims_setup_cg_sim,1
263,cpu-static,createsim,structure_018739629,createsims_gromacs_energy_minimization_0,0.8394570350646973,createsims_gromacs_energy_minimization,1
264,cpu-static,createsim,structure_018739629,createsims_mdrun_lipids_water_0,1.5673389434814453,createsims_mdrun_lipids_water,1
265,cpu-static,createsim,structure_018739629,createsims_trjconv_lipids_water_0,0.1648416519165039,createsims_trjconv_lipids_water,1
266,cpu-static,createsim,structure_018739629,createsims_gromacs_make_ndx_0,0.4627676010131836,createsims_gromacs_make_ndx,1
267,cpu-static,createsim,structure_018739629,createsims_generate_velocities_0,32.8058967590332,createsims_generate_velocities,1
268,cpu-static,createsim,structure_018739629,createsims_short_equilibration_0,67.74173092842102,createsims_short_equilibration,1
269,cpu-static,createsim,structure_018739629,createsims_pull_molecules_0,279.1951513290405,createsims_pull_molecules,1
270,cpu-static,createsim,structure_018739629,createsims_relax_protein,22.566816806793213,createsims_relax_protein,1
271,cpu-static,createsim,structure_018739629,createsims_short_equilibration_20fs,68.48591375350952,createsims_short_equilibration,1
272,cpu-static,createsim,structure_018739629,createsims_prime_cg_sim,1.0914652347564697,createsims_prime_cg_sim,1
273,cpu-static,createsim,structure_008411161,createsim_runtime,472.45798206329346,createsim_runtime,1
274,cpu-static,createsim,structure_008411161,createsims_create_cg_patch,0.0008971691131591797,createsims_create_cg_patch,1
275,cpu-static,createsim,structure_008411161,createsims_setup_cg_sim,471.3531172275543,createsims_setup_cg_sim,1
276,cpu-static,createsim,structure_008411161,createsims_gromacs_energy_minimization_0,0.8429064750671387,createsims_gromacs_energy_minimization,1
277,cpu-static,createsim,structure_008411161,createsims_mdrun_lipids_water_0,1.5209782123565674,createsims_mdrun_lipids_water,1
278,cpu-static,createsim,structure_008411161,createsims_trjconv_lipids_water_0,0.16447901725769043,createsims_trjconv_lipids_water,1
279,cpu-static,createsim,structure_008411161,createsims_gromacs_make_ndx_0,0.45921826362609863,createsims_gromacs_make_ndx,1
280,cpu-static,createsim,structure_008411161,createsims_generate_velocities_0,33.07606101036072,createsims_generate_velocities,1
281,cpu-static,createsim,structure_008411161,createsims_short_equilibration_0,68.70699524879456,createsims_short_equilibration,1
282,cpu-static,createsim,structure_008411161,createsims_pull_molecules_0,273.55332112312317,createsims_pull_molecules,1
283,cpu-static,createsim,structure_008411161,createsims_relax_protein,22.58583664894104,createsims_relax_protein,1
284,cpu-static,createsim,structure_008411161,createsims_short_equilibration_20fs,68.17695116996765,createsims_short_equilibration,1
285,cpu-static,createsim,structure_008411161,createsims_prime_cg_sim,1.0880372524261475,createsims_prime_cg_sim,1
286,cpu-static,createsim,structure_026270096,createsim_runtime,476.32730984687805,createsim_runtime,1
287,cpu-static,createsim,structure_026270096,createsims_create_cg_patch,0.0008776187896728516,createsims_create_cg_patch,1
288,cpu-static,createsim,structure_026270096,createsims_setup_cg_sim,475.21526646614075,createsims_setup_cg_sim,1
289,cpu-static,createsim,structure_026270096,createsims_gromacs_energy_minimization_0,0.8376920223236084,createsims_gromacs_energy_minimization,1
290,cpu-static,createsim,structure_026270096,createsims_mdrun_lipids_water_0,1.505314588546753,createsims_mdrun_lipids_water,1
291,cpu-static,createsim,structure_026270096,createsims_trjconv_lipids_water_0,0.16571569442749023,createsims_trjconv_lipids_water,1
292,cpu-static,createsim,structure_026270096,createsims_gromacs_make_ndx_0,0.4653587341308594,createsims_gromacs_make_ndx,1
293,cpu-static,createsim,structure_026270096,createsims_generate_velocities_0,32.662171840667725,createsims_generate_velocities,1
294,cpu-static,createsim,structure_026270096,createsims_short_equilibration_0,67.69001150131226,createsims_short_equilibration,1
295,cpu-static,createsim,structure_026270096,createsims_pull_molecules_0,278.0604524612427,createsims_pull_molecules,1
296,cpu-static,createsim,structure_026270096,createsims_relax_protein,22.594900846481323,createsims_relax_protein,1
297,cpu-static,createsim,structure_026270096,createsims_short_equilibration_20fs,68.95013236999512,createsims_short_equilibration,1
298,cpu-static,createsim,structure_026270096,createsims_prime_cg_sim,1.0951404571533203,createsims_prime_cg_sim,1
299,cpu-static,createsim,structure_004710046,createsim_runtime,478.4694573879242,createsim_runtime,1
300,cpu-static,createsim,structure_004710046,createsims_create_cg_patch,0.0008802413940429688,createsims_create_cg_patch,1
301,cpu-static,createsim,structure_004710046,createsims_setup_cg_sim,477.3619236946106,createsims_setup_cg_sim,1
302,cpu-static,createsim,structure_004710046,createsims_gromacs_energy_minimization_0,0.8380117416381836,createsims_gromacs_energy_minimization,1
303,cpu-static,createsim,structure_004710046,createsims_mdrun_lipids_water_0,1.4916036128997803,createsims_mdrun_lipids_water,1
304,cpu-static,createsim,structure_004710046,createsims_trjconv_lipids_water_0,0.16454672813415527,createsims_trjconv_lipids_water,1
305,cpu-static,createsim,structure_004710046,createsims_gromacs_make_ndx_0,0.46294116973876953,createsims_gromacs_make_ndx,1
306,cpu-static,createsim,structure_004710046,createsims_generate_velocities_0,33.627585887908936,createsims_generate_velocities,1
307,cpu-static,createsim,structure_004710046,createsims_short_equilibration_0,69.54937529563904,createsims_short_equilibration,1
308,cpu-static,createsim,structure_004710046,createsims_pull_molecules_0,278.83990025520325,createsims_pull_molecules,1
309,cpu-static,createsim,structure_004710046,createsims_relax_protein,22.40547275543213,createsims_relax_protein,1
310,cpu-static,createsim,structure_004710046,createsims_short_equilibration_20fs,67.70735931396484,createsims_short_equilibration,1
311,cpu-static,createsim,structure_004710046,createsims_prime_cg_sim,1.0906829833984375,createsims_prime_cg_sim,1
312,cpu-static,createsim,structure_090442291,createsim_runtime,483.0275208950043,createsim_runtime,1
313,cpu-static,createsim,structure_090442291,createsims_create_cg_patch,0.0008771419525146484,createsims_create_cg_patch,1
314,cpu-static,createsim,structure_090442291,createsims_setup_cg_sim,481.91976404190063,createsims_setup_cg_sim,1
315,cpu-static,createsim,structure_090442291,createsims_gromacs_energy_minimization_0,0.8364608287811279,createsims_gromacs_energy_minimization,1
316,cpu-static,createsim,structure_090442291,createsims_mdrun_lipids_water_0,1.4641780853271484,createsims_mdrun_lipids_water,1
317,cpu-static,createsim,structure_090442291,createsims_trjconv_lipids_water_0,0.16480231285095215,createsims_trjconv_lipids_water,1
318,cpu-static,createsim,structure_090442291,createsims_gromacs_make_ndx_0,0.4656341075897217,createsims_gromacs_make_ndx,1
319,cpu-static,createsim,structure_090442291,createsims_generate_velocities_0,34.18946313858032,createsims_generate_velocities,1
320,cpu-static,createsim,structure_090442291,createsims_short_equilibration_0,68.67532324790955,createsims_short_equilibration,1
321,cpu-static,createsim,structure_090442291,createsims_pull_molecules_0,281.7653455734253,createsims_pull_molecules,1
322,cpu-static,createsim,structure_090442291,createsims_relax_protein,22.642341136932373,createsims_relax_protein,1
323,cpu-static,createsim,structure_090442291,createsims_short_equilibration_20fs,69.44573378562927,createsims_short_equilibration,1
324,cpu-static,createsim,structure_090442291,createsims_prime_cg_sim,1.090965747833252,createsims_prime_cg_sim,1
325,cpu-static,createsim,structure_034178392,createsim_runtime,471.38258838653564,createsim_runtime,1
326,cpu-static,createsim,structure_034178392,createsims_create_cg_patch,0.0008943080902099609,createsims_create_cg_patch,1
327,cpu-static,createsim,structure_034178392,createsims_setup_cg_sim,470.2741847038269,createsims_setup_cg_sim,1
328,cpu-static,createsim,structure_034178392,createsims_gromacs_energy_minimization_0,0.836644172668457,createsims_gromacs_energy_minimization,1
329,cpu-static,createsim,structure_034178392,createsims_mdrun_lipids_water_0,1.5493073463439941,createsims_mdrun_lipids_water,1
330,cpu-static,createsim,structure_034178392,createsims_trjconv_lipids_water_0,0.16414403915405273,createsims_trjconv_lipids_water,1
331,cpu-static,createsim,structure_034178392,createsims_gromacs_make_ndx_0,0.461824893951416,createsims_gromacs_make_ndx,1
332,cpu-static,createsim,structure_034178392,createsims_generate_velocities_0,34.47731852531433,createsims_generate_velocities,1
333,cpu-static,createsim,structure_034178392,createsims_short_equilibration_0,66.65594220161438,createsims_short_equilibration,1
334,cpu-static,createsim,structure_034178392,createsims_pull_molecules_0,274.3677787780762,createsims_pull_molecules,1
335,cpu-static,createsim,structure_034178392,createsims_relax_protein,22.150388956069946,createsims_relax_protein,1
336,cpu-static,createsim,structure_034178392,createsims_short_equilibration_20fs,67.34430837631226,createsims_short_equilibration,1
337,cpu-static,createsim,structure_034178392,createsims_prime_cg_sim,1.0915594100952148,createsims_prime_cg_sim,1
338,cpu-static,createsim,structure_050566811,createsim_runtime,468.93292689323425,createsim_runtime,1
339,cpu-static,createsim,structure_050566811,createsims_create_cg_patch,0.0008687973022460938,createsims_create_cg_patch,1
340,cpu-static,createsim,structure_050566811,createsims_setup_cg_sim,467.82477355003357,createsims_setup_cg_sim,1
341,cpu-static,createsim,structure_050566811,createsims_gromacs_energy_minimization_0,0.8375246524810791,createsims_gromacs_energy_minimization,1
342,cpu-static,createsim,structure_050566811,createsims_mdrun_lipids_water_0,1.4705009460449219,createsims_mdrun_lipids_water,1
343,cpu-static,createsim,structure_050566811,createsims_trjconv_lipids_water_0,0.16440153121948242,createsims_trjconv_lipids_water,1
344,cpu-static,createsim,structure_050566811,createsims_gromacs_make_ndx_0,0.4585576057434082,createsims_gromacs_make_ndx,1
345,cpu-static,createsim,structure_050566811,createsims_generate_velocities_0,32.758060932159424,createsims_generate_velocities,1
346,cpu-static,createsim,structure_050566811,createsims_short_equilibration_0,68.62068295478821,createsims_short_equilibration,1
347,cpu-static,createsim,structure_050566811,createsims_pull_molecules_0,271.4249632358551,createsims_pull_molecules,1
348,cpu-static,createsim,structure_050566811,createsims_relax_protein,22.134323835372925,createsims_relax_protein,1
349,cpu-static,createsim,structure_050566811,createsims_short_equilibration_20fs,67.69986820220947,createsims_short_equilibration,1
350,cpu-static,createsim,structure_050566811,createsims_prime_cg_sim,1.091383934020996,createsims_prime_cg_sim,1
351,cpu-static,createsim,structure_065937100,createsim_runtime,484.82185792922974,createsim_runtime,1
352,cpu-static,createsim,structure_065937100,createsims_create_cg_patch,0.0009300708770751953,createsims_create_cg_patch,1
353,cpu-static,createsim,structure_065937100,createsims_setup_cg_sim,483.71549129486084,createsims_setup_cg_sim,1
354,cpu-static,createsim,structure_065937100,createsims_gromacs_energy_minimization_0,0.8418784141540527,createsims_gromacs_energy_minimization,1
355,cpu-static,createsim,structure_065937100,createsims_mdrun_lipids_water_0,1.4732367992401123,createsims_mdrun_lipids_water,1
356,cpu-static,createsim,structure_065937100,createsims_trjconv_lipids_water_0,0.16365957260131836,createsims_trjconv_lipids_water,1
357,cpu-static,createsim,structure_065937100,createsims_gromacs_make_ndx_0,0.45873093605041504,createsims_gromacs_make_ndx,1
358,cpu-static,createsim,structure_065937100,createsims_generate_velocities_0,33.9745659828186,createsims_generate_velocities,1
359,cpu-static,createsim,structure_065937100,createsims_short_equilibration_0,69.16510891914368,createsims_short_equilibration,1
360,cpu-static,createsim,structure_065937100,createsims_pull_molecules_0,284.40088868141174,createsims_pull_molecules,1
361,cpu-static,createsim,structure_065937100,createsims_relax_protein,22.49784541130066,createsims_relax_protein,1
362,cpu-static,createsim,structure_065937100,createsims_short_equilibration_20fs,68.47507405281067,createsims_short_equilibration,1
363,cpu-static,createsim,structure_065937100,createsims_prime_cg_sim,1.0893940925598145,createsims_prime_cg_sim,1
364,cpu-static,cganalysis,structure_084643342,cganalysis_run,1783.3584895133972,cganalysis_run,1
365,cpu-static,cganalysis,structure_084643342,cganalysis_load_mdanalysis,0.6388998031616211,cganalysis_load_mdanalysis,1
366,cpu-static,cganalysis,structure_084643342,cganalysis_run_simulation,5.006479740142822,cganalysis_run_simulation,1
367,cpu-static,cganalysis,structure_084643342,cganalysis_simrun,5.006380081176758,cganalysis_simrun,1
368,cpu-static,cganalysis,structure_084643342,cganalysis_main_analysis,1777.6483879089355,cganalysis_main_analysis,1
369,cpu-static,cganalysis,structure_066464111,cganalysis_run,1783.3217771053314,cganalysis_run,1
370,cpu-static,cganalysis,structure_066464111,cganalysis_load_mdanalysis,0.6451089382171631,cganalysis_load_mdanalysis,1
371,cpu-static,cganalysis,structure_066464111,cganalysis_run_simulation,5.006375551223755,cganalysis_run_simulation,1
372,cpu-static,cganalysis,structure_066464111,cganalysis_simrun,5.006273031234741,cganalysis_simrun,1
373,cpu-static,cganalysis,structure_066464111,cganalysis_main_analysis,1777.6052920818329,cganalysis_main_analysis,1
374,cpu-static,cganalysis,structure_018739629,cganalysis_run,1783.4017329216003,cganalysis_run,1
375,cpu-static,cganalysis,structure_018739629,cganalysis_load_mdanalysis,0.6390836238861084,cganalysis_load_mdanalysis,1
376,cpu-static,cganalysis,structure_018739629,cganalysis_run_simulation,5.006975412368774,cganalysis_run_simulation,1
377,cpu-static,cganalysis,structure_018739629,cganalysis_simrun,5.006876468658447,cganalysis_simrun,1
378,cpu-static,cganalysis,structure_018739629,cganalysis_main_analysis,1777.6918568611145,cganalysis_main_analysis,1
379,cpu-static,cganalysis,structure_008411161,cganalysis_run,1783.248759508133,cganalysis_run,1
380,cpu-static,cganalysis,structure_008411161,cganalysis_load_mdanalysis,0.639061689376831,cganalysis_load_mdanalysis,1
381,cpu-static,cganalysis,structure_008411161,cganalysis_run_simulation,5.006951570510864,cganalysis_run_simulation,1
382,cpu-static,cganalysis,structure_008411161,cganalysis_simrun,5.006849527359009,cganalysis_simrun,1
383,cpu-static,cganalysis,structure_008411161,cganalysis_main_analysis,1777.538444519043,cganalysis_main_analysis,1
384,cpu-static,cganalysis,structure_026270096,cganalysis_run,1783.3164710998535,cganalysis_run,1
385,cpu-static,cganalysis,structure_026270096,cganalysis_load_mdanalysis,0.6462759971618652,cganalysis_load_mdanalysis,1
386,cpu-static,cganalysis,structure_026270096,cganalysis_run_simulation,5.006184816360474,cganalysis_run_simulation,1
387,cpu-static,cganalysis,structure_026270096,cganalysis_simrun,5.006083965301514,cganalysis_simrun,1
388,cpu-static,cganalysis,structure_026270096,cganalysis_main_analysis,1777.5991559028625,cganalysis_main_analysis,1
389,cpu-static,cganalysis,structure_004710046,cganalysis_run,1783.4747822284698,cganalysis_run,1
390,cpu-static,cganalysis,structure_004710046,cganalysis_load_mdanalysis,0.6393122673034668,cganalysis_load_mdanalysis,1
391,cpu-static,cganalysis,structure_004710046,cganalysis_run_simulation,5.00634241104126,cganalysis_run_simulation,1
392,cpu-static,cganalysis,structure_004710046,cganalysis_simrun,5.006244421005249,cganalysis_simrun,1
393,cpu-static,cganalysis,structure_004710046,cganalysis_main_analysis,1777.7655889987946,cganalysis_main_analysis,1
394,cpu-static,cganalysis,structure_090442291,cganalysis_run,1783.328403711319,cganalysis_run,1
395,cpu-static,cganalysis,structure_090442291,cganalysis_load_mdanalysis,0.6426782608032227,cganalysis_load_mdanalysis,1
396,cpu-static,cganalysis,structure_090442291,cganalysis_run_simulation,5.006300926208496,cganalysis_run_simulation,1
397,cpu-static,cganalysis,structure_090442291,cganalysis_simrun,5.006201267242432,cganalysis_simrun,1
398,cpu-static,cganalysis,structure_090442291,cganalysis_main_analysis,1777.6153619289398,cganalysis_main_analysis,1
399,cpu-static,cganalysis,structure_034178392,cganalysis_run,1783.3690452575684,cganalysis_run,1
400,cpu-static,cganalysis,structure_034178392,cganalysis_load_mdanalysis,0.6383450031280518,cganalysis_load_mdanalysis,1
401,cpu-static,cganalysis,structure_034178392,cganalysis_run_simulation,5.006422758102417,cganalysis_run_simulation,1
402,cpu-static,cganalysis,structure_034178392,cganalysis_simrun,5.006325960159302,cganalysis_simrun,1
403,cpu-static,cganalysis,structure_034178392,cganalysis_main_analysis,1777.6602382659912,cganalysis_main_analysis,1
404,cpu-static,cganalysis,structure_050566811,cganalysis_run,1783.5346598625183,cganalysis_run,1
405,cpu-static,cganalysis,structure_050566811,cganalysis_load_mdanalysis,0.6416041851043701,cganalysis_load_mdanalysis,1
406,cpu-static,cganalysis,structure_050566811,cganalysis_run_simulation,5.006493330001831,cganalysis_run_simulation,1
407,cpu-static,cganalysis,structure_050566811,cganalysis_simrun,5.006393671035767,cganalysis_simrun,1
408,cpu-static,cganalysis,structure_050566811,cganalysis_main_analysis,1777.8221745491028,cganalysis_main_analysis,1
409,cpu-static,cganalysis,structure_065937100,cganalysis_run,1783.311138868332,cganalysis_run,1
410,cpu-static,cganalysis,structure_065937100,cganalysis_load_mdanalysis,0.6378207206726074,cganalysis_load_mdanalysis,1
411,cpu-static,cganalysis,structure_065937100,cganalysis_run_simulation,5.006381034851074,cganalysis_run_simulation,1
412,cpu-static,cganalysis,structure_065937100,cganalysis_simrun,5.006284713745117,cganalysis_simrun,1
413,cpu-static,cganalysis,structure_065937100,cganalysis_main_analysis,1777.6028473377228,cganalysis_main_analysis,1
414,cpu-autoscale,createsim,structure_008194736,createsim_runtime,480.18589067459106,createsim_runtime,0
415,cpu-autoscale,createsim,structure_008194736,createsims_create_cg_patch,0.0008995532989501953,createsims_create_cg_patch,0
416,cpu-autoscale,createsim,structure_008194736,createsims_setup_cg_sim,479.0772786140442,createsims_setup_cg_sim,0
417,cpu-autoscale,createsim,structure_008194736,createsims_gromacs_energy_minimization_0,0.8381624221801758,createsims_gromacs_energy_minimization,0
418,cpu-autoscale,createsim,structure_008194736,createsims_mdrun_lipids_water_0,1.4607491493225098,createsims_mdrun_lipids_water,0
419,cpu-autoscale,createsim,structure_008194736,createsims_trjconv_lipids_water_0,0.16382241249084473,createsims_trjconv_lipids_water,0
420,cpu-autoscale,createsim,structure_008194736,createsims_gromacs_make_ndx_0,0.46085309982299805,createsims_gromacs_make_ndx,0
421,cpu-autoscale,createsim,structure_008194736,createsims_generate_velocities_0,34.25472378730774,createsims_generate_velocities,0
422,cpu-autoscale,createsim,structure_008194736,createsims_short_equilibration_0,68.82174158096313,createsims_short_equilibration,0
423,cpu-autoscale,createsim,structure_008194736,createsims_pull_molecules_0,277.8533253669739,createsims_pull_molecules,0
424,cpu-autoscale,createsim,structure_008194736,createsims_relax_protein,22.545496940612793,createsims_relax_protein,0
425,cpu-autoscale,createsim,structure_008194736,createsims_short_equilibration_20fs,70.4153151512146,createsims_short_equilibration,0
426,cpu-autoscale,createsim,structure_008194736,createsims_prime_cg_sim,1.091555118560791,createsims_prime_cg_sim,0
427,cpu-autoscale,createsim,structure_053939089,createsim_runtime,468.2348644733429,createsim_runtime,0
428,cpu-autoscale,createsim,structure_053939089,createsims_create_cg_patch,0.0009059906005859375,createsims_create_cg_patch,0
429,cpu-autoscale,createsim,structure_053939089,createsims_setup_cg_sim,467.1249439716339,createsims_setup_cg_sim,0
430,cpu-autoscale,createsim,structure_053939089,createsims_gromacs_energy_minimization_0,0.8402345180511475,createsims_gromacs_energy_minimization,0
431,cpu-autoscale,createsim,structure_053939089,createsims_mdrun_lipids_water_0,1.4897055625915527,createsims_mdrun_lipids_water,0
432,cpu-autoscale,createsim,structure_053939089,createsims_trjconv_lipids_water_0,0.16432714462280273,createsims_trjconv_lipids_water,0
433,cpu-autoscale,createsim,structure_053939089,createsims_gromacs_make_ndx_0,0.46250319480895996,createsims_gromacs_make_ndx,0
434,cpu-autoscale,createsim,structure_053939089,createsims_generate_velocities_0,33.75309610366821,createsims_generate_velocities,0
435,cpu-autoscale,createsim,structure_053939089,createsims_short_equilibration_0,67.28969979286194,createsims_short_equilibration,0
436,cpu-autoscale,createsim,structure_053939089,createsims_pull_molecules_0,271.1550588607788,createsims_pull_molecules,0
437,cpu-autoscale,createsim,structure_053939089,createsims_relax_protein,22.26693105697632,createsims_relax_protein,0
438,cpu-autoscale,createsim,structure_053939089,createsims_short_equilibration_20fs,67.43647599220276,createsims_short_equilibration,0
439,cpu-autoscale,createsim,structure_053939089,createsims_prime_cg_sim,1.0929415225982666,createsims_prime_cg_sim,0
440,cpu-autoscale,createsim,structure_018596543,createsim_runtime,477.4232385158539,createsim_runtime,0
441,cpu-autoscale,createsim,structure_018596543,createsims_create_cg_patch,0.0009062290191650391,createsims_create_cg_patch,0
442,cpu-autoscale,createsim,structure_018596543,createsims_setup_cg_sim,476.31426882743835,createsims_setup_cg_sim,0
443,cpu-autoscale,createsim,structure_018596543,createsims_gromacs_energy_minimization_0,0.837517261505127,createsims_gromacs_energy_minimization,0
444,cpu-autoscale,createsim,structure_018596543,createsims_mdrun_lipids_water_0,1.4751498699188232,createsims_mdrun_lipids_water,0
445,cpu-autoscale,createsim,structure_018596543,createsims_trjconv_lipids_water_0,0.16367506980895996,createsims_trjconv_lipids_water,0
446,cpu-autoscale,createsim,structure_018596543,createsims_gromacs_make_ndx_0,0.45946741104125977,createsims_gromacs_make_ndx,0
447,cpu-autoscale,createsim,structure_018596543,createsims_generate_velocities_0,32.58126878738403,createsims_generate_velocities,0
448,cpu-autoscale,createsim,structure_018596543,createsims_short_equilibration_0,70.24934339523315,createsims_short_equilibration,0
449,cpu-autoscale,createsim,structure_018596543,createsims_pull_molecules_0,277.15753197669983,createsims_pull_molecules,0
450,cpu-autoscale,createsim,structure_018596543,createsims_relax_protein,22.269423723220825,createsims_relax_protein,0
451,cpu-autoscale,createsim,structure_018596543,createsims_short_equilibration_20fs,68.86756229400635,createsims_short_equilibration,0
452,cpu-autoscale,createsim,structure_018596543,createsims_prime_cg_sim,1.091935396194458,createsims_prime_cg_sim,0
453,cpu-autoscale,createsim,structure_017048753,createsim_runtime,472.74035453796387,createsim_runtime,0
454,cpu-autoscale,createsim,structure_017048753,createsims_create_cg_patch,0.0008876323699951172,createsims_create_cg_patch,0
455,cpu-autoscale,createsim,structure_017048753,createsims_setup_cg_sim,471.6285078525543,createsims_setup_cg_sim,0
456,cpu-autoscale,createsim,structure_017048753,createsims_gromacs_energy_minimization_0,0.8405072689056396,createsims_gromacs_energy_minimization,0
457,cpu-autoscale,createsim,structure_017048753,createsims_mdrun_lipids_water_0,1.4900262355804443,createsims_mdrun_lipids_water,0
458,cpu-autoscale,createsim,structure_017048753,createsims_trjconv_lipids_water_0,0.16414809226989746,createsims_trjconv_lipids_water,0
459,cpu-autoscale,createsim,structure_017048753,createsims_gromacs_make_ndx_0,0.45917224884033203,createsims_gromacs_make_ndx,0
460,cpu-autoscale,createsim,structure_017048753,createsims_generate_velocities_0,34.11964702606201,createsims_generate_velocities,0
461,cpu-autoscale,createsim,structure_017048753,createsims_short_equilibration_0,69.01137447357178,createsims_short_equilibration,0
462,cpu-autoscale,createsim,structure_017048753,createsims_pull_molecules_0,272.9622211456299,createsims_pull_molecules,0
463,cpu-autoscale,createsim,structure_017048753,createsims_relax_protein,22.49276041984558,createsims_relax_protein,0
464,cpu-autoscale,createsim,structure_017048753,createsims_short_equilibration_20fs,67.82972311973572,createsims_short_equilibration,0
465,cpu-autoscale,createsim,structure_017048753,createsims_prime_cg_sim,1.094923734664917,createsims_prime_cg_sim,0
466,cpu-autoscale,createsim,structure_070182527,createsim_runtime,468.9061396121979,createsim_runtime,0
467,cpu-autoscale,createsim,structure_070182527,createsims_create_cg_patch,0.0008983612060546875,createsims_create_cg_patch,0
468,cpu-autoscale,createsim,structure_070182527,createsims_setup_cg_sim,467.80090951919556,createsims_setup_cg_sim,0
469,cpu-autoscale,createsim,structure_070182527,createsims_gromacs_energy_minimization_0,0.8401031494140625,createsims_gromacs_energy_minimization,0
470,cpu-autoscale,createsim,structure_070182527,createsims_mdrun_lipids_water_0,1.4775190353393555,createsims_mdrun_lipids_water,0
471,cpu-autoscale,createsim,structure_070182527,createsims_trjconv_lipids_water_0,0.16450738906860352,createsims_trjconv_lipids_water,0
472,cpu-autoscale,createsim,structure_070182527,createsims_gromacs_make_ndx_0,0.4591336250305176,createsims_gromacs_make_ndx,0
473,cpu-autoscale,createsim,structure_070182527,createsims_generate_velocities_0,33.66972589492798,createsims_generate_velocities,0
474,cpu-autoscale,createsim,structure_070182527,createsims_short_equilibration_0,67.0819411277771,createsims_short_equilibration,0
475,cpu-autoscale,createsim,structure_070182527,createsims_pull_molecules_0,271.524701833725,createsims_pull_molecules,0
476,cpu-autoscale,createsim,structure_070182527,createsims_relax_protein,22.13967752456665,createsims_relax_protein,0
477,cpu-autoscale,createsim,structure_070182527,createsims_short_equilibration_20fs,68.18693828582764,createsims_short_equilibration,0
478,cpu-autoscale,createsim,structure_070182527,createsims_prime_cg_sim,1.0884132385253906,createsims_prime_cg_sim,0
479,cpu-autoscale,createsim,structure_059776054,createsim_runtime,468.0713486671448,createsim_runtime,0
480,cpu-autoscale,createsim,structure_059776054,createsims_create_cg_patch,0.0009171962738037109,createsims_create_cg_patch,0
481,cpu-autoscale,createsim,structure_059776054,createsims_setup_cg_sim,466.96021819114685,createsims_setup_cg_sim,0
482,cpu-autoscale,createsim,structure_059776054,createsims_gromacs_energy_minimization_0,0.8378667831420898,createsims_gromacs_energy_minimization,0
483,cpu-autoscale,createsim,structure_059776054,createsims_mdrun_lipids_water_0,1.4856045246124268,createsims_mdrun_lipids_water,0
484,cpu-autoscale,createsim,structure_059776054,createsims_trjconv_lipids_water_0,0.1653885841369629,createsims_trjconv_lipids_water,0
485,cpu-autoscale,createsim,structure_059776054,createsims_gromacs_make_ndx_0,0.46509838104248047,createsims_gromacs_make_ndx,0
486,cpu-autoscale,createsim,structure_059776054,createsims_generate_velocities_0,33.28948426246643,createsims_generate_velocities,0
487,cpu-autoscale,createsim,structure_059776054,createsims_short_equilibration_0,68.35687923431396,createsims_short_equilibration,0
488,cpu-autoscale,createsim,structure_059776054,createsims_pull_molecules_0,269.6193652153015,createsims_pull_molecules,0
489,cpu-autoscale,createsim,structure_059776054,createsims_relax_protein,22.166093349456787,createsims_relax_protein,0
490,cpu-autoscale,createsim,structure_059776054,createsims_short_equilibration_20fs,68.30172777175903,createsims_short_equilibration,0
491,cpu-autoscale,createsim,structure_059776054,createsims_prime_cg_sim,1.094050407409668,createsims_prime_cg_sim,0
492,cpu-autoscale,createsim,structure_011559257,createsim_runtime,480.99916791915894,createsim_runtime,0
493,cpu-autoscale,createsim,structure_011559257,createsims_create_cg_patch,0.0009024143218994141,createsims_create_cg_patch,0
494,cpu-autoscale,createsim,structure_011559257,createsims_setup_cg_sim,479.8837516307831,createsims_setup_cg_sim,0
495,cpu-autoscale,createsim,structure_011559257,createsims_gromacs_energy_minimization_0,0.8367528915405273,createsims_gromacs_energy_minimization,0
496,cpu-autoscale,createsim,structure_011559257,createsims_mdrun_lipids_water_0,1.4873006343841553,createsims_mdrun_lipids_water,0
497,cpu-autoscale,createsim,structure_011559257,createsims_trjconv_lipids_water_0,0.16535091400146484,createsims_trjconv_lipids_water,0
498,cpu-autoscale,createsim,structure_011559257,createsims_gromacs_make_ndx_0,0.4637453556060791,createsims_gromacs_make_ndx,0
499,cpu-autoscale,createsim,structure_011559257,createsims_generate_velocities_0,32.62984490394592,createsims_generate_velocities,0
500,cpu-autoscale,createsim,structure_011559257,createsims_short_equilibration_0,69.49030041694641,createsims_short_equilibration,0
501,cpu-autoscale,createsim,structure_011559257,createsims_pull_molecules_0,280.11342000961304,createsims_pull_molecules,0
502,cpu-autoscale,createsim,structure_011559257,createsims_relax_protein,22.513035774230957,createsims_relax_protein,0
503,cpu-autoscale,createsim,structure_011559257,createsims_short_equilibration_20fs,69.91851305961609,createsims_short_equilibration,0
504,cpu-autoscale,createsim,structure_011559257,createsims_prime_cg_sim,1.0985493659973145,createsims_prime_cg_sim,0
505,cpu-autoscale,createsim,structure_088737882,createsim_runtime,491.7212133407593,createsim_runtime,0
506,cpu-autoscale,createsim,structure_088737882,createsims_create_cg_patch,0.0008881092071533203,createsims_create_cg_patch,0
507,cpu-autoscale,createsim,structure_088737882,createsims_setup_cg_sim,490.6126902103424,createsims_setup_cg_sim,0
508,cpu-autoscale,createsim,structure_088737882,createsims_gromacs_energy_minimization_0,0.8377950191497803,createsims_gromacs_energy_minimization,0
509,cpu-autoscale,createsim,structure_088737882,createsims_mdrun_lipids_water_0,0.12179875373840332,createsims_mdrun_lipids_water,0
510,cpu-autoscale,createsim,structure_088737882,createsims_trjconv_lipids_water_0,0.16462087631225586,createsims_trjconv_lipids_water,0
511,cpu-autoscale,createsim,structure_088737882,createsims_gromacs_energy_minimization_1,0.8401336669921875,createsims_gromacs_energy_minimization,0
512,cpu-autoscale,createsim,structure_088737882,createsims_mdrun_lipids_water_1,1.4716224670410156,createsims_mdrun_lipids_water,0
513,cpu-autoscale,createsim,structure_088737882,createsims_trjconv_lipids_water_1,0.16465449333190918,createsims_trjconv_lipids_water,0
514,cpu-autoscale,createsim,structure_088737882,createsims_gromacs_energy_minimization_2,0.8444356918334961,createsims_gromacs_energy_minimization,0
515,cpu-autoscale,createsim,structure_088737882,createsims_mdrun_lipids_water_2,1.4598851203918457,createsims_mdrun_lipids_water,0
516,cpu-autoscale,createsim,structure_088737882,createsims_trjconv_lipids_water_2,0.16500043869018555,createsims_trjconv_lipids_water,0
517,cpu-autoscale,createsim,structure_088737882,createsims_gromacs_energy_minimization_3,0.8411862850189209,createsims_gromacs_energy_minimization,0
518,cpu-autoscale,createsim,structure_088737882,createsims_mdrun_lipids_water_3,1.4602108001708984,createsims_mdrun_lipids_water,0
519,cpu-autoscale,createsim,structure_088737882,createsims_trjconv_lipids_water_3,0.16563105583190918,createsims_trjconv_lipids_water,0
520,cpu-autoscale,createsim,structure_088737882,createsims_gromacs_energy_minimization_4,0.8376624584197998,createsims_gromacs_energy_minimization,0
521,cpu-autoscale,createsim,structure_088737882,createsims_mdrun_lipids_water_4,1.5147905349731445,createsims_mdrun_lipids_water,0
522,cpu-autoscale,createsim,structure_088737882,createsims_trjconv_lipids_water_4,0.16481804847717285,createsims_trjconv_lipids_water,0
523,cpu-autoscale,createsim,structure_088737882,createsims_gromacs_energy_minimization_5,0.842754602432251,createsims_gromacs_energy_minimization,0
524,cpu-autoscale,createsim,structure_088737882,createsims_mdrun_lipids_water_5,1.502309799194336,createsims_mdrun_lipids_water,0
525,cpu-autoscale,createsim,structure_088737882,createsims_trjconv_lipids_water_5,0.16494154930114746,createsims_trjconv_lipids_water,0
526,cpu-autoscale,createsim,structure_088737882,createsims_gromacs_energy_minimization_6,0.8402411937713623,createsims_gromacs_energy_minimization,0
527,cpu-autoscale,createsim,structure_088737882,createsims_mdrun_lipids_water_6,1.5225377082824707,createsims_mdrun_lipids_water,0
528,cpu-autoscale,createsim,structure_088737882,createsims_trjconv_lipids_water_6,0.16540741920471191,createsims_trjconv_lipids_water,0
529,cpu-autoscale,createsim,structure_088737882,createsims_gromacs_energy_minimization_7,0.8379092216491699,createsims_gromacs_energy_minimization,0
530,cpu-autoscale,createsim,structure_088737882,createsims_mdrun_lipids_water_7,1.4577360153198242,createsims_mdrun_lipids_water,0
531,cpu-autoscale,createsim,structure_088737882,createsims_trjconv_lipids_water_7,0.1648249626159668,createsims_trjconv_lipids_water,0
532,cpu-autoscale,createsim,structure_088737882,createsims_gromacs_energy_minimization_8,0.839468240737915,createsims_gromacs_energy_minimization,0
533,cpu-autoscale,createsim,structure_088737882,createsims_mdrun_lipids_water_8,1.4863758087158203,createsims_mdrun_lipids_water,0
534,cpu-autoscale,createsim,structure_088737882,createsims_trjconv_lipids_water_8,0.1651780605316162,createsims_trjconv_lipids_water,0
535,cpu-autoscale,createsim,structure_088737882,createsims_gromacs_energy_minimization_9,0.8416314125061035,createsims_gromacs_energy_minimization,0
536,cpu-autoscale,createsim,structure_088737882,createsims_mdrun_lipids_water_9,1.4644131660461426,createsims_mdrun_lipids_water,0
537,cpu-autoscale,createsim,structure_088737882,createsims_trjconv_lipids_water_9,0.16482257843017578,createsims_trjconv_lipids_water,0
538,cpu-autoscale,createsim,structure_088737882,createsims_gromacs_make_ndx_9,0.4633610248565674,createsims_gromacs_make_ndx,0
539,cpu-autoscale,createsim,structure_088737882,createsims_generate_velocities_0,32.899765968322754,createsims_generate_velocities,0
540,cpu-autoscale,createsim,structure_088737882,createsims_short_equilibration_0,68.02416586875916,createsims_short_equilibration,0
541,cpu-autoscale,createsim,structure_088737882,createsims_pull_molecules_0,269.1328959465027,createsims_pull_molecules,0
542,cpu-autoscale,createsim,structure_088737882,createsims_relax_protein,22.313063383102417,createsims_relax_protein,0
543,cpu-autoscale,createsim,structure_088737882,createsims_short_equilibration_20fs,68.76392436027527,createsims_short_equilibration,0
544,cpu-autoscale,createsim,structure_088737882,createsims_prime_cg_sim,1.09163498878479,createsims_prime_cg_sim,0
545,cpu-autoscale,createsim,structure_067658424,createsim_runtime,478.39856004714966,createsim_runtime,0
546,cpu-autoscale,createsim,structure_067658424,createsims_create_cg_patch,0.0009324550628662109,createsims_create_cg_patch,0
547,cpu-autoscale,createsim,structure_067658424,createsims_setup_cg_sim,477.2920432090759,createsims_setup_cg_sim,0
548,cpu-autoscale,createsim,structure_067658424,createsims_gromacs_energy_minimization_0,0.8379557132720947,createsims_gromacs_energy_minimization,0
549,cpu-autoscale,createsim,structure_067658424,createsims_mdrun_lipids_water_0,1.4815137386322021,createsims_mdrun_lipids_water,0
550,cpu-autoscale,createsim,structure_067658424,createsims_trjconv_lipids_water_0,0.16419672966003418,createsims_trjconv_lipids_water,0
551,cpu-autoscale,createsim,structure_067658424,createsims_gromacs_make_ndx_0,0.46244263648986816,createsims_gromacs_make_ndx,0
552,cpu-autoscale,createsim,structure_067658424,createsims_generate_velocities_0,33.90730667114258,createsims_generate_velocities,0
553,cpu-autoscale,createsim,structure_067658424,createsims_short_equilibration_0,68.63127136230469,createsims_short_equilibration,0
554,cpu-autoscale,createsim,structure_067658424,createsims_pull_molecules_0,279.0831940174103,createsims_pull_molecules,0
555,cpu-autoscale,createsim,structure_067658424,createsims_relax_protein,22.51158571243286,createsims_relax_protein,0
556,cpu-autoscale,createsim,structure_067658424,createsims_short_equilibration_20fs,67.94189476966858,createsims_short_equilibration,0
557,cpu-autoscale,createsim,structure_067658424,createsims_prime_cg_sim,1.089423418045044,createsims_prime_cg_sim,0
558,cpu-autoscale,createsim,structure_046408069,createsim_runtime,481.4976758956909,createsim_runtime,0
559,cpu-autoscale,createsim,structure_046408069,createsims_create_cg_patch,0.0009496212005615234,createsims_create_cg_patch,0
560,cpu-autoscale,createsim,structure_046408069,createsims_setup_cg_sim,480.3898274898529,createsims_setup_cg_sim,0
561,cpu-autoscale,createsim,structure_046408069,createsims_gromacs_energy_minimization_0,0.836817741394043,createsims_gromacs_energy_minimization,0
562,cpu-autoscale,createsim,structure_046408069,createsims_mdrun_lipids_water_0,1.4968657493591309,createsims_mdrun_lipids_water,0
563,cpu-autoscale,createsim,structure_046408069,createsims_trjconv_lipids_water_0,0.16498684883117676,createsims_trjconv_lipids_water,0
564,cpu-autoscale,createsim,structure_046408069,createsims_gromacs_make_ndx_0,0.46338605880737305,createsims_gromacs_make_ndx,0
565,cpu-autoscale,createsim,structure_046408069,createsims_generate_velocities_0,33.47938895225525,createsims_generate_velocities,0
566,cpu-autoscale,createsim,structure_046408069,createsims_short_equilibration_0,68.97549557685852,createsims_short_equilibration,0
567,cpu-autoscale,createsim,structure_046408069,createsims_pull_molecules_0,280.7252185344696,createsims_pull_molecules,0
568,cpu-autoscale,createsim,structure_046408069,createsims_relax_protein,22.11377191543579,createsims_relax_protein,0
569,cpu-autoscale,createsim,structure_046408069,createsims_short_equilibration_20fs,69.86189985275269,createsims_short_equilibration,0
570,cpu-autoscale,createsim,structure_046408069,createsims_prime_cg_sim,1.0908567905426025,createsims_prime_cg_sim,0
571,cpu-autoscale,cganalysis,structure_008194736,cganalysis_run,1783.367923259735,cganalysis_run,0
572,cpu-autoscale,cganalysis,structure_008194736,cganalysis_load_mdanalysis,0.6357638835906982,cganalysis_load_mdanalysis,0
573,cpu-autoscale,cganalysis,structure_008194736,cganalysis_run_simulation,5.006431818008423,cganalysis_run_simulation,0
574,cpu-autoscale,cganalysis,structure_008194736,cganalysis_simrun,5.006335020065308,cganalysis_simrun,0
575,cpu-autoscale,cganalysis,structure_008194736,cganalysis_main_analysis,1777.6619937419891,cganalysis_main_analysis,0
576,cpu-autoscale,cganalysis,structure_053939089,cganalysis_run,1783.4710483551025,cganalysis_run,0
577,cpu-autoscale,cganalysis,structure_053939089,cganalysis_load_mdanalysis,0.643186092376709,cganalysis_load_mdanalysis,0
578,cpu-autoscale,cganalysis,structure_053939089,cganalysis_run_simulation,5.006441593170166,cganalysis_run_simulation,0
579,cpu-autoscale,cganalysis,structure_053939089,cganalysis_simrun,5.0063395500183105,cganalysis_simrun,0
580,cpu-autoscale,cganalysis,structure_053939089,cganalysis_main_analysis,1777.7569596767426,cganalysis_main_analysis,0
581,cpu-autoscale,cganalysis,structure_018596543,cganalysis_run,1783.2611055374146,cganalysis_run,0
582,cpu-autoscale,cganalysis,structure_018596543,cganalysis_load_mdanalysis,0.640387773513794,cganalysis_load_mdanalysis,0
583,cpu-autoscale,cganalysis,structure_018596543,cganalysis_run_simulation,5.006269931793213,cganalysis_run_simulation,0
584,cpu-autoscale,cganalysis,structure_018596543,cganalysis_simrun,5.0061681270599365,cganalysis_simrun,0
585,cpu-autoscale,cganalysis,structure_018596543,cganalysis_main_analysis,1777.5501899719238,cganalysis_main_analysis,0
586,cpu-autoscale,cganalysis,structure_017048753,cganalysis_run,1783.2061486244202,cganalysis_run,0
587,cpu-autoscale,cganalysis,structure_017048753,cganalysis_load_mdanalysis,0.639500617980957,cganalysis_load_mdanalysis,0
588,cpu-autoscale,cganalysis,structure_017048753,cganalysis_run_simulation,5.006725311279297,cganalysis_run_simulation,0
589,cpu-autoscale,cganalysis,structure_017048753,cganalysis_simrun,5.006621360778809,cganalysis_simrun,0
590,cpu-autoscale,cganalysis,structure_017048753,cganalysis_main_analysis,1777.4954521656036,cganalysis_main_analysis,0
591,cpu-autoscale,cganalysis,structure_070182527,cganalysis_run,1783.3777165412903,cganalysis_run,0
592,cpu-autoscale,cganalysis,structure_070182527,cganalysis_load_mdanalysis,0.6379694938659668,cganalysis_load_mdanalysis,0
593,cpu-autoscale,cganalysis,structure_070182527,cganalysis_run_simulation,5.0062596797943115,cganalysis_run_simulation,0
594,cpu-autoscale,cganalysis,structure_070182527,cganalysis_simrun,5.006156921386719,cganalysis_simrun,0
595,cpu-autoscale,cganalysis,structure_070182527,cganalysis_main_analysis,1777.669498682022,cganalysis_main_analysis,0
596,cpu-autoscale,cganalysis,structure_059776054,cganalysis_run,1783.3862981796265,cganalysis_run,0
597,cpu-autoscale,cganalysis,structure_059776054,cganalysis_load_mdanalysis,0.6454906463623047,cganalysis_load_mdanalysis,0
598,cpu-autoscale,cganalysis,structure_059776054,cganalysis_run_simulation,5.006526947021484,cganalysis_run_simulation,0
599,cpu-autoscale,cganalysis,structure_059776054,cganalysis_simrun,5.006424903869629,cganalysis_simrun,0
600,cpu-autoscale,cganalysis,structure_059776054,cganalysis_main_analysis,1777.6691303253174,cganalysis_main_analysis,0
601,cpu-autoscale,cganalysis,structure_011559257,cganalysis_run,1783.3676266670227,cganalysis_run,0
602,cpu-autoscale,cganalysis,structure_011559257,cganalysis_load_mdanalysis,0.6435425281524658,cganalysis_load_mdanalysis,0
603,cpu-autoscale,cganalysis,structure_011559257,cganalysis_run_simulation,5.0069403648376465,cganalysis_run_simulation,0
604,cpu-autoscale,cganalysis,structure_011559257,cganalysis_simrun,5.006835222244263,cganalysis_simrun,0
605,cpu-autoscale,cganalysis,structure_011559257,cganalysis_main_analysis,1777.6525089740753,cganalysis_main_analysis,0
606,cpu-autoscale,cganalysis,structure_088737882,cganalysis_run,1783.2941732406616,cganalysis_run,0
607,cpu-autoscale,cganalysis,structure_088737882,cganalysis_load_mdanalysis,0.6448109149932861,cganalysis_load_mdanalysis,0
608,cpu-autoscale,cganalysis,structure_088737882,cganalysis_run_simulation,5.007100820541382,cganalysis_run_simulation,0
609,cpu-autoscale,cganalysis,structure_088737882,cganalysis_simrun,5.007004499435425,cganalysis_simrun,0
610,cpu-autoscale,cganalysis,structure_088737882,cganalysis_main_analysis,1777.577567577362,cganalysis_main_analysis,0
611,cpu-autoscale,cganalysis,structure_067658424,cganalysis_run,1783.2862694263458,cganalysis_run,0
612,cpu-autoscale,cganalysis,structure_067658424,cganalysis_load_mdanalysis,0.6411952972412109,cganalysis_load_mdanalysis,0
613,cpu-autoscale,cganalysis,structure_067658424,cganalysis_run_simulation,5.006726026535034,cganalysis_run_simulation,0
614,cpu-autoscale,cganalysis,structure_067658424,cganalysis_simrun,5.006627321243286,cganalysis_simrun,0
615,cpu-autoscale,cganalysis,structure_067658424,cganalysis_main_analysis,1777.5740146636963,cganalysis_main_analysis,0
616,cpu-autoscale,cganalysis,structure_046408069,cganalysis_run,1783.4764516353607,cganalysis_run,0
617,cpu-autoscale,cganalysis,structure_046408069,cganalysis_load_mdanalysis,0.6444616317749023,cganalysis_load_mdanalysis,0
618,cpu-autoscale,cganalysis,structure_046408069,cganalysis_run_simulation,5.006112813949585,cganalysis_run_simulation,0
619,cpu-autoscale,cganalysis,structure_046408069,cganalysis_simrun,5.00600790977478,cganalysis_simrun,0
620,cpu-autoscale,cganalysis,structure_046408069,cganalysis_main_analysis,1777.7614901065826,cganalysis_main_analysis,0
621,gpu-static,createsim,structure_092959292,createsim_runtime,732.1297912597656,createsim_runtime,0
622,gpu-static,createsim,structure_092959292,createsims_create_cg_patch,0.0012927055358886719,createsims_create_cg_patch,0
623,gpu-static,createsim,structure_092959292,createsims_setup_cg_sim,730.525013923645,createsims_setup_cg_sim,0
624,gpu-static,createsim,structure_092959292,createsims_gromacs_energy_minimization_0,1.2047953605651855,createsims_gromacs_energy_minimization,0
625,gpu-static,createsim,structure_092959292,createsims_mdrun_lipids_water_0,2.9109015464782715,createsims_mdrun_lipids_water,0
626,gpu-static,createsim,structure_092959292,createsims_trjconv_lipids_water_0,0.2828357219696045,createsims_trjconv_lipids_water,0
627,gpu-static,createsim,structure_092959292,createsims_gromacs_make_ndx_0,0.5112824440002441,createsims_gromacs_make_ndx,0
628,gpu-static,createsim,structure_092959292,createsims_generate_velocities_0,48.20299506187439,createsims_generate_velocities,0
629,gpu-static,createsim,structure_092959292,createsims_short_equilibration_0,106.96714401245117,createsims_short_equilibration,0
630,gpu-static,createsim,structure_092959292,createsims_pull_molecules_0,425.46118688583374,createsims_pull_molecules,0
631,gpu-static,createsim,structure_092959292,createsims_relax_protein,35.33999276161194,createsims_relax_protein,0
632,gpu-static,createsim,structure_092959292,createsims_short_equilibration_20fs,106.60812759399414,createsims_short_equilibration,0
633,gpu-static,createsim,structure_092959292,createsims_prime_cg_sim,1.5842132568359375,createsims_prime_cg_sim,0
634,gpu-static,createsim,structure_096913816,createsim_runtime,746.1133763790131,createsim_runtime,0
635,gpu-static,createsim,structure_096913816,createsims_create_cg_patch,0.0012438297271728516,createsims_create_cg_patch,0
636,gpu-static,createsim,structure_096913816,createsims_setup_cg_sim,744.5167903900146,createsims_setup_cg_sim,0
637,gpu-static,createsim,structure_096913816,createsims_gromacs_energy_minimization_0,1.1852807998657227,createsims_gromacs_energy_minimization,0
638,gpu-static,createsim,structure_096913816,createsims_mdrun_lipids_water_0,0.9049608707427979,createsims_mdrun_lipids_water,0
639,gpu-static,createsim,structure_096913816,createsims_trjconv_lipids_water_0,0.25801801681518555,createsims_trjconv_lipids_water,0
640,gpu-static,createsim,structure_096913816,createsims_gromacs_energy_minimization_1,1.1717164516448975,createsims_gromacs_energy_minimization,0
641,gpu-static,createsim,structure_096913816,createsims_mdrun_lipids_water_1,2.525991678237915,createsims_mdrun_lipids_water,0
642,gpu-static,createsim,structure_096913816,createsims_trjconv_lipids_water_1,0.28188204765319824,createsims_trjconv_lipids_water,0
643,gpu-static,createsim,structure_096913816,createsims_gromacs_energy_minimization_2,1.2162666320800781,createsims_gromacs_energy_minimization,0
644,gpu-static,createsim,structure_096913816,createsims_mdrun_lipids_water_2,2.5456690788269043,createsims_mdrun_lipids_water,0
645,gpu-static,createsim,structure_096913816,createsims_trjconv_lipids_water_2,0.2792026996612549,createsims_trjconv_lipids_water,0
646,gpu-static,createsim,structure_096913816,createsims_gromacs_energy_minimization_3,1.239856243133545,createsims_gromacs_energy_minimization,0
647,gpu-static,createsim,structure_096913816,createsims_mdrun_lipids_water_3,2.564788341522217,createsims_mdrun_lipids_water,0
648,gpu-static,createsim,structure_096913816,createsims_trjconv_lipids_water_3,0.2799370288848877,createsims_trjconv_lipids_water,0
649,gpu-static,createsim,structure_096913816,createsims_gromacs_energy_minimization_4,1.1630809307098389,createsims_gromacs_energy_minimization,0
650,gpu-static,createsim,structure_096913816,createsims_mdrun_lipids_water_4,2.4228675365448,createsims_mdrun_lipids_water,0
651,gpu-static,createsim,structure_096913816,createsims_trjconv_lipids_water_4,0.2829303741455078,createsims_trjconv_lipids_water,0
652,gpu-static,createsim,structure_096913816,createsims_gromacs_energy_minimization_5,1.1912956237792969,createsims_gromacs_energy_minimization,0
653,gpu-static,createsim,structure_096913816,createsims_mdrun_lipids_water_5,0.5369229316711426,createsims_mdrun_lipids_water,0
654,gpu-static,createsim,structure_096913816,createsims_trjconv_lipids_water_5,0.2704775333404541,createsims_trjconv_lipids_water,0
655,gpu-static,createsim,structure_096913816,createsims_gromacs_energy_minimization_6,1.1629350185394287,createsims_gromacs_energy_minimization,0
656,gpu-static,createsim,structure_096913816,createsims_mdrun_lipids_water_6,2.58046293258667,createsims_mdrun_lipids_water,0
657,gpu-static,createsim,structure_096913816,createsims_trjconv_lipids_water_6,0.27968430519104004,createsims_trjconv_lipids_water,0
658,gpu-static,createsim,structure_096913816,createsims_gromacs_energy_minimization_7,1.1551589965820312,createsims_gromacs_energy_minimization,0
659,gpu-static,createsim,structure_096913816,createsims_mdrun_lipids_water_7,2.475289821624756,createsims_mdrun_lipids_water,0
660,gpu-static,createsim,structure_096913816,createsims_trjconv_lipids_water_7,0.28943300247192383,createsims_trjconv_lipids_water,0
661,gpu-static,createsim,structure_096913816,createsims_gromacs_energy_minimization_8,1.16652250289917,createsims_gromacs_energy_minimization,0
662,gpu-static,createsim,structure_096913816,createsims_mdrun_lipids_water_8,2.5386195182800293,createsims_mdrun_lipids_water,0
663,gpu-static,createsim,structure_096913816,createsims_trjconv_lipids_water_8,0.27732229232788086,createsims_trjconv_lipids_water,0
664,gpu-static,createsim,structure_096913816,createsims_gromacs_energy_minimization_9,1.1621451377868652,createsims_gromacs_energy_minimization,0
665,gpu-static,createsim,structure_096913816,createsims_mdrun_lipids_water_9,2.44454288482666,createsims_mdrun_lipids_water,0
666,gpu-static,createsim,structure_096913816,createsims_trjconv_lipids_water_9,0.2783772945404053,createsims_trjconv_lipids_water,0
667,gpu-static,createsim,structure_096913816,createsims_gromacs_make_ndx_9,0.5024170875549316,createsims_gromacs_make_ndx,0
668,gpu-static,createsim,structure_096913816,createsims_generate_velocities_0,44.343050956726074,createsims_generate_velocities,0
669,gpu-static,createsim,structure_096913816,createsims_short_equilibration_0,104.06209135055542,createsims_short_equilibration,0
670,gpu-static,createsim,structure_096913816,createsims_pull_molecules_0,413.47889971733093,createsims_pull_molecules,0
671,gpu-static,createsim,structure_096913816,createsims_relax_protein,34.62545204162598,createsims_relax_protein,0
672,gpu-static,createsim,structure_096913816,createsims_short_equilibration_20fs,104.6551468372345,createsims_short_equilibration,0
673,gpu-static,createsim,structure_096913816,createsims_prime_cg_sim,1.5772619247436523,createsims_prime_cg_sim,0
674,gpu-static,createsim,structure_001678626,createsim_runtime,733.3775928020477,createsim_runtime,0
675,gpu-static,createsim,structure_001678626,createsims_create_cg_patch,0.001310110092163086,createsims_create_cg_patch,0
676,gpu-static,createsim,structure_001678626,createsims_setup_cg_sim,731.7795512676239,createsims_setup_cg_sim,0
677,gpu-static,createsim,structure_001678626,createsims_gromacs_energy_minimization_0,1.1945478916168213,createsims_gromacs_energy_minimization,0
678,gpu-static,createsim,structure_001678626,createsims_mdrun_lipids_water_0,2.7966394424438477,createsims_mdrun_lipids_water,0
679,gpu-static,createsim,structure_001678626,createsims_trjconv_lipids_water_0,0.2822847366333008,createsims_trjconv_lipids_water,0
680,gpu-static,createsim,structure_001678626,createsims_gromacs_make_ndx_0,0.5216567516326904,createsims_gromacs_make_ndx,0
681,gpu-static,createsim,structure_001678626,createsims_generate_velocities_0,48.31106662750244,createsims_generate_velocities,0
682,gpu-static,createsim,structure_001678626,createsims_short_equilibration_0,107.80960702896118,createsims_short_equilibration,0
683,gpu-static,createsim,structure_001678626,createsims_pull_molecules_0,424.84748673439026,createsims_pull_molecules,0
684,gpu-static,createsim,structure_001678626,createsims_relax_protein,35.147876024246216,createsims_relax_protein,0
685,gpu-static,createsim,structure_001678626,createsims_short_equilibration_20fs,107.93465638160706,createsims_short_equilibration,0
686,gpu-static,createsim,structure_001678626,createsims_prime_cg_sim,1.5783843994140625,createsims_prime_cg_sim,0
687,gpu-static,createsim,structure_058137952,createsim_runtime,723.5208475589752,createsim_runtime,0
688,gpu-static,createsim,structure_058137952,createsims_create_cg_patch,0.0012660026550292969,createsims_create_cg_patch,0
689,gpu-static,createsim,structure_058137952,createsims_setup_cg_sim,721.9086184501648,createsims_setup_cg_sim,0
690,gpu-static,createsim,structure_058137952,createsims_gromacs_energy_minimization_0,1.177213430404663,createsims_gromacs_energy_minimization,0
691,gpu-static,createsim,structure_058137952,createsims_mdrun_lipids_water_0,2.4988086223602295,createsims_mdrun_lipids_water,0
692,gpu-static,createsim,structure_058137952,createsims_trjconv_lipids_water_0,0.2817802429199219,createsims_trjconv_lipids_water,0
693,gpu-static,createsim,structure_058137952,createsims_gromacs_make_ndx_0,0.5024616718292236,createsims_gromacs_make_ndx,0
694,gpu-static,createsim,structure_058137952,createsims_generate_velocities_0,45.73323130607605,createsims_generate_velocities,0
695,gpu-static,createsim,structure_058137952,createsims_short_equilibration_0,105.86351585388184,createsims_short_equilibration,0
696,gpu-static,createsim,structure_058137952,createsims_pull_molecules_0,421.5358233451843,createsims_pull_molecules,0
697,gpu-static,createsim,structure_058137952,createsims_relax_protein,35.24829292297363,createsims_relax_protein,0
698,gpu-static,createsim,structure_058137952,createsims_short_equilibration_20fs,106.1430995464325,createsims_short_equilibration,0
699,gpu-static,createsim,structure_058137952,createsims_prime_cg_sim,1.5924372673034668,createsims_prime_cg_sim,0
700,gpu-static,createsim,structure_094349249,createsim_runtime,738.4871673583984,createsim_runtime,0
701,gpu-static,createsim,structure_094349249,createsims_create_cg_patch,0.0012259483337402344,createsims_create_cg_patch,0
702,gpu-static,createsim,structure_094349249,createsims_setup_cg_sim,736.8952696323395,createsims_setup_cg_sim,0
703,gpu-static,createsim,structure_094349249,createsims_gromacs_energy_minimization_0,1.1829166412353516,createsims_gromacs_energy_minimization,0
704,gpu-static,createsim,structure_094349249,createsims_mdrun_lipids_water_0,0.49260520935058594,createsims_mdrun_lipids_water,0
705,gpu-static,createsim,structure_094349249,createsims_trjconv_lipids_water_0,0.26544833183288574,createsims_trjconv_lipids_water,0
706,gpu-static,createsim,structure_094349249,createsims_gromacs_energy_minimization_1,1.1491599082946777,createsims_gromacs_energy_minimization,0
707,gpu-static,createsim,structure_094349249,createsims_mdrun_lipids_water_1,2.5464377403259277,createsims_mdrun_lipids_water,0
708,gpu-static,createsim,structure_094349249,createsims_trjconv_lipids_water_1,0.2811737060546875,createsims_trjconv_lipids_water,0
709,gpu-static,createsim,structure_094349249,createsims_gromacs_energy_minimization_2,1.1511058807373047,createsims_gromacs_energy_minimization,0
710,gpu-static,createsim,structure_094349249,createsims_mdrun_lipids_water_2,0.49703550338745117,createsims_mdrun_lipids_water,0
711,gpu-static,createsim,structure_094349249,createsims_trjconv_lipids_water_2,0.2599775791168213,createsims_trjconv_lipids_water,0
712,gpu-static,createsim,structure_094349249,createsims_gromacs_energy_minimization_3,1.1653199195861816,createsims_gromacs_energy_minimization,0
713,gpu-static,createsim,structure_094349249,createsims_mdrun_lipids_water_3,2.490687370300293,createsims_mdrun_lipids_water,0
714,gpu-static,createsim,structure_094349249,createsims_trjconv_lipids_water_3,0.2771766185760498,createsims_trjconv_lipids_water,0
715,gpu-static,createsim,structure_094349249,createsims_gromacs_energy_minimization_4,1.161264181137085,createsims_gromacs_energy_minimization,0
716,gpu-static,createsim,structure_094349249,createsims_mdrun_lipids_water_4,2.461705446243286,createsims_mdrun_lipids_water,0
717,gpu-static,createsim,structure_094349249,createsims_trjconv_lipids_water_4,0.28197336196899414,createsims_trjconv_lipids_water,0
718,gpu-static,createsim,structure_094349249,createsims_gromacs_energy_minimization_5,1.1555125713348389,createsims_gromacs_energy_minimization,0
719,gpu-static,createsim,structure_094349249,createsims_mdrun_lipids_water_5,2.4948270320892334,createsims_mdrun_lipids_water,0
720,gpu-static,createsim,structure_094349249,createsims_trjconv_lipids_water_5,0.27513694763183594,createsims_trjconv_lipids_water,0
721,gpu-static,createsim,structure_094349249,createsims_gromacs_energy_minimization_6,1.1712205410003662,createsims_gromacs_energy_minimization,0
722,gpu-static,createsim,structure_094349249,createsims_mdrun_lipids_water_6,2.4939987659454346,createsims_mdrun_lipids_water,0
723,gpu-static,createsim,structure_094349249,createsims_trjconv_lipids_water_6,0.28034114837646484,createsims_trjconv_lipids_water,0
724,gpu-static,createsim,structure_094349249,createsims_gromacs_energy_minimization_7,1.1656148433685303,createsims_gromacs_energy_minimization,0
725,gpu-static,createsim,structure_094349249,createsims_mdrun_lipids_water_7,0.4889206886291504,createsims_mdrun_lipids_water,0
726,gpu-static,createsim,structure_094349249,createsims_trjconv_lipids_water_7,0.26114726066589355,createsims_trjconv_lipids_water,0
727,gpu-static,createsim,structure_094349249,createsims_gromacs_energy_minimization_8,1.2187564373016357,createsims_gromacs_energy_minimization,0
728,gpu-static,createsim,structure_094349249,createsims_mdrun_lipids_water_8,2.4535934925079346,createsims_mdrun_lipids_water,0
729,gpu-static,createsim,structure_094349249,createsims_trjconv_lipids_water_8,0.2789485454559326,createsims_trjconv_lipids_water,0
730,gpu-static,createsim,structure_094349249,createsims_gromacs_energy_minimization_9,1.1553480625152588,createsims_gromacs_energy_minimization,0
731,gpu-static,createsim,structure_094349249,createsims_mdrun_lipids_water_9,2.500286817550659,createsims_mdrun_lipids_water,0
732,gpu-static,createsim,structure_094349249,createsims_trjconv_lipids_water_9,0.28330421447753906,createsims_trjconv_lipids_water,0
733,gpu-static,createsim,structure_094349249,createsims_gromacs_make_ndx_9,0.5084590911865234,createsims_gromacs_make_ndx,0
734,gpu-static,createsim,structure_094349249,createsims_generate_velocities_0,44.14521241188049,createsims_generate_velocities,0
735,gpu-static,createsim,structure_094349249,createsims_short_equilibration_0,103.932546377182,createsims_short_equilibration,0
736,gpu-static,createsim,structure_094349249,createsims_pull_molecules_0,411.79518151283264,createsims_pull_molecules,0
737,gpu-static,createsim,structure_094349249,createsims_relax_protein,34.08618235588074,createsims_relax_protein,0
738,gpu-static,createsim,structure_094349249,createsims_short_equilibration_20fs,102.67042112350464,createsims_short_equilibration,0
739,gpu-static,createsim,structure_094349249,createsims_prime_cg_sim,1.5716543197631836,createsims_prime_cg_sim,0
740,gpu-static,createsim,structure_089170972,createsim_runtime,733.9359085559845,createsim_runtime,0
741,gpu-static,createsim,structure_089170972,createsims_create_cg_patch,0.0012853145599365234,createsims_create_cg_patch,0
742,gpu-static,createsim,structure_089170972,createsims_setup_cg_sim,732.3456847667694,createsims_setup_cg_sim,0
743,gpu-static,createsim,structure_089170972,createsims_gromacs_energy_minimization_0,1.2006916999816895,createsims_gromacs_energy_minimization,0
744,gpu-static,createsim,structure_089170972,createsims_mdrun_lipids_water_0,3.148261070251465,createsims_mdrun_lipids_water,0
745,gpu-static,createsim,structure_089170972,createsims_trjconv_lipids_water_0,0.2794675827026367,createsims_trjconv_lipids_water,0
746,gpu-static,createsim,structure_089170972,createsims_gromacs_make_ndx_0,0.5120089054107666,createsims_gromacs_make_ndx,0
747,gpu-static,createsim,structure_089170972,createsims_generate_velocities_0,46.699329137802124,createsims_generate_velocities,0
748,gpu-static,createsim,structure_089170972,createsims_short_equilibration_0,105.21515417098999,createsims_short_equilibration,0
749,gpu-static,createsim,structure_089170972,createsims_pull_molecules_0,429.00251960754395,createsims_pull_molecules,0
750,gpu-static,createsim,structure_089170972,createsims_relax_protein,35.568408250808716,createsims_relax_protein,0
751,gpu-static,createsim,structure_089170972,createsims_short_equilibration_20fs,107.81693625450134,createsims_short_equilibration,0
752,gpu-static,createsim,structure_089170972,createsims_prime_cg_sim,1.5707097053527832,createsims_prime_cg_sim,0
753,gpu-static,createsim,structure_068987771,createsim_runtime,764.5389025211334,createsim_runtime,0
754,gpu-static,createsim,structure_068987771,createsims_create_cg_patch,0.0012612342834472656,createsims_create_cg_patch,0
755,gpu-static,createsim,structure_068987771,createsims_setup_cg_sim,762.9502100944519,createsims_setup_cg_sim,0
756,gpu-static,createsim,structure_068987771,createsims_gromacs_energy_minimization_0,1.1971380710601807,createsims_gromacs_energy_minimization,0
757,gpu-static,createsim,structure_068987771,createsims_mdrun_lipids_water_0,0.572195291519165,createsims_mdrun_lipids_water,0
758,gpu-static,createsim,structure_068987771,createsims_trjconv_lipids_water_0,0.26145148277282715,createsims_trjconv_lipids_water,0
759,gpu-static,createsim,structure_068987771,createsims_gromacs_energy_minimization_1,1.1870105266571045,createsims_gromacs_energy_minimization,0
760,gpu-static,createsim,structure_068987771,createsims_mdrun_lipids_water_1,2.6034467220306396,createsims_mdrun_lipids_water,0
761,gpu-static,createsim,structure_068987771,createsims_trjconv_lipids_water_1,0.28005552291870117,createsims_trjconv_lipids_water,0
762,gpu-static,createsim,structure_068987771,createsims_gromacs_energy_minimization_2,1.174922227859497,createsims_gromacs_energy_minimization,0
763,gpu-static,createsim,structure_068987771,createsims_mdrun_lipids_water_2,0.5611927509307861,createsims_mdrun_lipids_water,0
764,gpu-static,createsim,structure_068987771,createsims_trjconv_lipids_water_2,0.26660823822021484,createsims_trjconv_lipids_water,0
765,gpu-static,createsim,structure_068987771,createsims_gromacs_energy_minimization_3,1.1685659885406494,createsims_gromacs_energy_minimization,0
766,gpu-static,createsim,structure_068987771,createsims_mdrun_lipids_water_3,2.5821595191955566,createsims_mdrun_lipids_water,0
767,gpu-static,createsim,structure_068987771,createsims_trjconv_lipids_water_3,0.28113603591918945,createsims_trjconv_lipids_water,0
768,gpu-static,createsim,structure_068987771,createsims_gromacs_energy_minimization_4,1.2032787799835205,createsims_gromacs_energy_minimization,0
769,gpu-static,createsim,structure_068987771,createsims_mdrun_lipids_water_4,2.604302406311035,createsims_mdrun_lipids_water,0
770,gpu-static,createsim,structure_068987771,createsims_trjconv_lipids_water_4,0.28093457221984863,createsims_trjconv_lipids_water,0
771,gpu-static,createsim,structure_068987771,createsims_gromacs_energy_minimization_5,1.1745922565460205,createsims_gromacs_energy_minimization,0
772,gpu-static,createsim,structure_068987771,createsims_mdrun_lipids_water_5,2.5653882026672363,createsims_mdrun_lipids_water,0
773,gpu-static,createsim,structure_068987771,createsims_trjconv_lipids_water_5,0.28089213371276855,createsims_trjconv_lipids_water,0
774,gpu-static,createsim,structure_068987771,createsims_gromacs_energy_minimization_6,1.177314281463623,createsims_gromacs_energy_minimization,0
775,gpu-static,createsim,structure_068987771,createsims_mdrun_lipids_water_6,0.5656740665435791,createsims_mdrun_lipids_water,0
776,gpu-static,createsim,structure_068987771,createsims_trjconv_lipids_water_6,0.2603790760040283,createsims_trjconv_lipids_water,0
777,gpu-static,createsim,structure_068987771,createsims_gromacs_energy_minimization_7,1.1761753559112549,createsims_gromacs_energy_minimization,0
778,gpu-static,createsim,structure_068987771,createsims_mdrun_lipids_water_7,2.598147392272949,createsims_mdrun_lipids_water,0
779,gpu-static,createsim,structure_068987771,createsims_trjconv_lipids_water_7,0.27977585792541504,createsims_trjconv_lipids_water,0
780,gpu-static,createsim,structure_068987771,createsims_gromacs_energy_minimization_8,1.172353982925415,createsims_gromacs_energy_minimization,0
781,gpu-static,createsim,structure_068987771,createsims_mdrun_lipids_water_8,2.672384023666382,createsims_mdrun_lipids_water,0
782,gpu-static,createsim,structure_068987771,createsims_trjconv_lipids_water_8,0.27510809898376465,createsims_trjconv_lipids_water,0
783,gpu-static,createsim,structure_068987771,createsims_gromacs_energy_minimization_9,1.1713974475860596,createsims_gromacs_energy_minimization,0
784,gpu-static,createsim,structure_068987771,createsims_mdrun_lipids_water_9,2.610059976577759,createsims_mdrun_lipids_water,0
785,gpu-static,createsim,structure_068987771,createsims_trjconv_lipids_water_9,0.27748584747314453,createsims_trjconv_lipids_water,0
786,gpu-static,createsim,structure_068987771,createsims_gromacs_make_ndx_9,0.5066585540771484,createsims_gromacs_make_ndx,0
787,gpu-static,createsim,structure_068987771,createsims_generate_velocities_0,47.31794738769531,createsims_generate_velocities,0
788,gpu-static,createsim,structure_068987771,createsims_short_equilibration_0,107.15174198150635,createsims_short_equilibration,0
789,gpu-static,createsim,structure_068987771,createsims_pull_molecules_0,425.2274258136749,createsims_pull_molecules,0
790,gpu-static,createsim,structure_068987771,createsims_relax_protein,35.17963457107544,createsims_relax_protein,0
791,gpu-static,createsim,structure_068987771,createsims_short_equilibration_20fs,106.35903263092041,createsims_short_equilibration,0
792,gpu-static,createsim,structure_068987771,createsims_prime_cg_sim,1.5692319869995117,createsims_prime_cg_sim,0
793,gpu-static,createsim,structure_009303218,createsim_runtime,753.0678777694702,createsim_runtime,0
794,gpu-static,createsim,structure_009303218,createsims_create_cg_patch,0.0012235641479492188,createsims_create_cg_patch,0
795,gpu-static,createsim,structure_009303218,createsims_setup_cg_sim,751.4838609695435,createsims_setup_cg_sim,0
796,gpu-static,createsim,structure_009303218,createsims_gromacs_energy_minimization_0,1.1988537311553955,createsims_gromacs_energy_minimization,0
797,gpu-static,createsim,structure_009303218,createsims_mdrun_lipids_water_0,0.7486107349395752,createsims_mdrun_lipids_water,0
798,gpu-static,createsim,structure_009303218,createsims_trjconv_lipids_water_0,0.2648913860321045,createsims_trjconv_lipids_water,0
799,gpu-static,createsim,structure_009303218,createsims_gromacs_energy_minimization_1,1.1581695079803467,createsims_gromacs_energy_minimization,0
800,gpu-static,createsim,structure_009303218,createsims_mdrun_lipids_water_1,2.5078399181365967,createsims_mdrun_lipids_water,0
801,gpu-static,createsim,structure_009303218,createsims_trjconv_lipids_water_1,0.2825157642364502,createsims_trjconv_lipids_water,0
802,gpu-static,createsim,structure_009303218,createsims_gromacs_energy_minimization_2,1.1647124290466309,createsims_gromacs_energy_minimization,0
803,gpu-static,createsim,structure_009303218,createsims_mdrun_lipids_water_2,2.578127145767212,createsims_mdrun_lipids_water,0
804,gpu-static,createsim,structure_009303218,createsims_trjconv_lipids_water_2,0.28049254417419434,createsims_trjconv_lipids_water,0
805,gpu-static,createsim,structure_009303218,createsims_gromacs_energy_minimization_3,1.221815824508667,createsims_gromacs_energy_minimization,0
806,gpu-static,createsim,structure_009303218,createsims_mdrun_lipids_water_3,2.5714223384857178,createsims_mdrun_lipids_water,0
807,gpu-static,createsim,structure_009303218,createsims_trjconv_lipids_water_3,0.28185391426086426,createsims_trjconv_lipids_water,0
808,gpu-static,createsim,structure_009303218,createsims_gromacs_energy_minimization_4,1.1617071628570557,createsims_gromacs_energy_minimization,0
809,gpu-static,createsim,structure_009303218,createsims_mdrun_lipids_water_4,2.580843448638916,createsims_mdrun_lipids_water,0
810,gpu-static,createsim,structure_009303218,createsims_trjconv_lipids_water_4,0.2771923542022705,createsims_trjconv_lipids_water,0
811,gpu-static,createsim,structure_009303218,createsims_gromacs_energy_minimization_5,1.1651036739349365,createsims_gromacs_energy_minimization,0
812,gpu-static,createsim,structure_009303218,createsims_mdrun_lipids_water_5,2.5800275802612305,createsims_mdrun_lipids_water,0
813,gpu-static,createsim,structure_009303218,createsims_trjconv_lipids_water_5,0.2889978885650635,createsims_trjconv_lipids_water,0
814,gpu-static,createsim,structure_009303218,createsims_gromacs_energy_minimization_6,1.176424503326416,createsims_gromacs_energy_minimization,0
815,gpu-static,createsim,structure_009303218,createsims_mdrun_lipids_water_6,2.6070754528045654,createsims_mdrun_lipids_water,0
816,gpu-static,createsim,structure_009303218,createsims_trjconv_lipids_water_6,0.27769017219543457,createsims_trjconv_lipids_water,0
817,gpu-static,createsim,structure_009303218,createsims_gromacs_energy_minimization_7,1.1567587852478027,createsims_gromacs_energy_minimization,0
818,gpu-static,createsim,structure_009303218,createsims_mdrun_lipids_water_7,2.5850114822387695,createsims_mdrun_lipids_water,0
819,gpu-static,createsim,structure_009303218,createsims_trjconv_lipids_water_7,0.27855420112609863,createsims_trjconv_lipids_water,0
820,gpu-static,createsim,structure_009303218,createsims_gromacs_energy_minimization_8,1.1699004173278809,createsims_gromacs_energy_minimization,0
821,gpu-static,createsim,structure_009303218,createsims_mdrun_lipids_water_8,2.577270984649658,createsims_mdrun_lipids_water,0
822,gpu-static,createsim,structure_009303218,createsims_trjconv_lipids_water_8,0.2809126377105713,createsims_trjconv_lipids_water,0
823,gpu-static,createsim,structure_009303218,createsims_gromacs_energy_minimization_9,1.1736433506011963,createsims_gromacs_energy_minimization,0
824,gpu-static,createsim,structure_009303218,createsims_mdrun_lipids_water_9,2.6189792156219482,createsims_mdrun_lipids_water,0
825,gpu-static,createsim,structure_009303218,createsims_trjconv_lipids_water_9,0.27890753746032715,createsims_trjconv_lipids_water,0
826,gpu-static,createsim,structure_009303218,createsims_gromacs_make_ndx_9,0.5004167556762695,createsims_gromacs_make_ndx,0
827,gpu-static,createsim,structure_009303218,createsims_generate_velocities_0,45.79049777984619,createsims_generate_velocities,0
828,gpu-static,createsim,structure_009303218,createsims_short_equilibration_0,104.15994644165039,createsims_short_equilibration,0
829,gpu-static,createsim,structure_009303218,createsims_pull_molecules_0,414.43594884872437,createsims_pull_molecules,0
830,gpu-static,createsim,structure_009303218,createsims_relax_protein,35.31612157821655,createsims_relax_protein,0
831,gpu-static,createsim,structure_009303218,createsims_short_equilibration_20fs,105.96479392051697,createsims_short_equilibration,0
832,gpu-static,createsim,structure_009303218,createsims_prime_cg_sim,1.5649099349975586,createsims_prime_cg_sim,0
833,gpu-static,createsim,structure_066504549,createsim_runtime,746.8950357437134,createsim_runtime,0
834,gpu-static,createsim,structure_066504549,createsims_create_cg_patch,0.0013689994812011719,createsims_create_cg_patch,0
835,gpu-static,createsim,structure_066504549,createsims_setup_cg_sim,745.2730765342712,createsims_setup_cg_sim,0
836,gpu-static,createsim,structure_066504549,createsims_gromacs_energy_minimization_0,1.2183916568756104,createsims_gromacs_energy_minimization,0
837,gpu-static,createsim,structure_066504549,createsims_mdrun_lipids_water_0,2.7168028354644775,createsims_mdrun_lipids_water,0
838,gpu-static,createsim,structure_066504549,createsims_trjconv_lipids_water_0,0.28430891036987305,createsims_trjconv_lipids_water,0
839,gpu-static,createsim,structure_066504549,createsims_gromacs_make_ndx_0,0.5083293914794922,createsims_gromacs_make_ndx,0
840,gpu-static,createsim,structure_066504549,createsims_generate_velocities_0,47.62457585334778,createsims_generate_velocities,0
841,gpu-static,createsim,structure_066504549,createsims_short_equilibration_0,108.62512755393982,createsims_short_equilibration,0
842,gpu-static,createsim,structure_066504549,createsims_pull_molecules_0,436.0135157108307,createsims_pull_molecules,0
843,gpu-static,createsim,structure_066504549,createsims_relax_protein,36.18934082984924,createsims_relax_protein,0
844,gpu-static,createsim,structure_066504549,createsims_short_equilibration_20fs,109.1565465927124,createsims_short_equilibration,0
845,gpu-static,createsim,structure_066504549,createsims_prime_cg_sim,1.601825475692749,createsims_prime_cg_sim,0
846,gpu-static,createsim,structure_031953361,createsim_runtime,712.8647108078003,createsim_runtime,0
847,gpu-static,createsim,structure_031953361,createsims_create_cg_patch,0.0012500286102294922,createsims_create_cg_patch,0
848,gpu-static,createsim,structure_031953361,createsims_setup_cg_sim,711.279355764389,createsims_setup_cg_sim,0
849,gpu-static,createsim,structure_031953361,createsims_gromacs_energy_minimization_0,1.1754040718078613,createsims_gromacs_energy_minimization,0
850,gpu-static,createsim,structure_031953361,createsims_mdrun_lipids_water_0,2.587092638015747,createsims_mdrun_lipids_water,0
851,gpu-static,createsim,structure_031953361,createsims_trjconv_lipids_water_0,0.2785375118255615,createsims_trjconv_lipids_water,0
852,gpu-static,createsim,structure_031953361,createsims_gromacs_make_ndx_0,0.5036683082580566,createsims_gromacs_make_ndx,0
853,gpu-static,createsim,structure_031953361,createsims_generate_velocities_0,46.10792016983032,createsims_generate_velocities,0
854,gpu-static,createsim,structure_031953361,createsims_short_equilibration_0,104.47159075737,createsims_short_equilibration,0
855,gpu-static,createsim,structure_031953361,createsims_pull_molecules_0,413.0489327907562,createsims_pull_molecules,0
856,gpu-static,createsim,structure_031953361,createsims_relax_protein,34.76683831214905,createsims_relax_protein,0
857,gpu-static,createsim,structure_031953361,createsims_short_equilibration_20fs,105.37297701835632,createsims_short_equilibration,0
858,gpu-static,createsim,structure_031953361,createsims_prime_cg_sim,1.5661907196044922,createsims_prime_cg_sim,0
859,gpu-static,cganalysis,structure_092959292,cganalysis_run,1784.5244934558868,cganalysis_run,0
860,gpu-static,cganalysis,structure_092959292,cganalysis_load_mdanalysis,0.7614574432373047,cganalysis_load_mdanalysis,0
861,gpu-static,cganalysis,structure_092959292,cganalysis_run_simulation,5.010674238204956,cganalysis_run_simulation,0
862,gpu-static,cganalysis,structure_092959292,cganalysis_simrun,5.010538339614868,cganalysis_simrun,0
863,gpu-static,cganalysis,structure_092959292,cganalysis_main_analysis,1778.66761136055,cganalysis_main_analysis,0
864,gpu-static,cganalysis,structure_096913816,cganalysis_run,1784.5595533847809,cganalysis_run,0
865,gpu-static,cganalysis,structure_096913816,cganalysis_load_mdanalysis,0.7388348579406738,cganalysis_load_mdanalysis,0
866,gpu-static,cganalysis,structure_096913816,cganalysis_run_simulation,5.010989189147949,cganalysis_run_simulation,0
867,gpu-static,cganalysis,structure_096913816,cganalysis_simrun,5.010850667953491,cganalysis_simrun,0
868,gpu-static,cganalysis,structure_096913816,cganalysis_main_analysis,1778.728521347046,cganalysis_main_analysis,0
869,gpu-static,cganalysis,structure_001678626,cganalysis_run,1784.7863850593567,cganalysis_run,0
870,gpu-static,cganalysis,structure_001678626,cganalysis_load_mdanalysis,0.7534711360931396,cganalysis_load_mdanalysis,0
871,gpu-static,cganalysis,structure_001678626,cganalysis_run_simulation,5.0118255615234375,cganalysis_run_simulation,0
872,gpu-static,cganalysis,structure_001678626,cganalysis_simrun,5.011700391769409,cganalysis_simrun,0
873,gpu-static,cganalysis,structure_001678626,cganalysis_main_analysis,1778.9389367103577,cganalysis_main_analysis,0
874,gpu-static,cganalysis,structure_058137952,cganalysis_run,1784.6591877937317,cganalysis_run,0
875,gpu-static,cganalysis,structure_058137952,cganalysis_load_mdanalysis,0.7371211051940918,cganalysis_load_mdanalysis,0
876,gpu-static,cganalysis,structure_058137952,cganalysis_run_simulation,5.010071754455566,cganalysis_run_simulation,0
877,gpu-static,cganalysis,structure_058137952,cganalysis_simrun,5.009927749633789,cganalysis_simrun,0
878,gpu-static,cganalysis,structure_058137952,cganalysis_main_analysis,1778.8288877010345,cganalysis_main_analysis,0
879,gpu-static,cganalysis,structure_094349249,cganalysis_run,1784.6211535930634,cganalysis_run,0
880,gpu-static,cganalysis,structure_094349249,cganalysis_load_mdanalysis,0.7425854206085205,cganalysis_load_mdanalysis,0
881,gpu-static,cganalysis,structure_094349249,cganalysis_run_simulation,5.011322975158691,cganalysis_run_simulation,0
882,gpu-static,cganalysis,structure_094349249,cganalysis_simrun,5.011178016662598,cganalysis_simrun,0
883,gpu-static,cganalysis,structure_094349249,cganalysis_main_analysis,1778.782646894455,cganalysis_main_analysis,0
884,gpu-static,cganalysis,structure_089170972,cganalysis_run,1784.6823301315308,cganalysis_run,0
885,gpu-static,cganalysis,structure_089170972,cganalysis_load_mdanalysis,0.770012378692627,cganalysis_load_mdanalysis,0
886,gpu-static,cganalysis,structure_089170972,cganalysis_run_simulation,5.010861158370972,cganalysis_run_simulation,0
887,gpu-static,cganalysis,structure_089170972,cganalysis_simrun,5.01071572303772,cganalysis_simrun,0
888,gpu-static,cganalysis,structure_089170972,cganalysis_main_analysis,1778.8167712688446,cganalysis_main_analysis,0
889,gpu-static,cganalysis,structure_068987771,cganalysis_run,1784.47762799263,cganalysis_run,0
890,gpu-static,cganalysis,structure_068987771,cganalysis_load_mdanalysis,0.7589163780212402,cganalysis_load_mdanalysis,0
891,gpu-static,cganalysis,structure_068987771,cganalysis_run_simulation,5.0104780197143555,cganalysis_run_simulation,0
892,gpu-static,cganalysis,structure_068987771,cganalysis_simrun,5.010331630706787,cganalysis_simrun,0
893,gpu-static,cganalysis,structure_068987771,cganalysis_main_analysis,1778.6241025924683,cganalysis_main_analysis,0
894,gpu-static,cganalysis,structure_009303218,cganalysis_run,1784.9823908805847,cganalysis_run,0
895,gpu-static,cganalysis,structure_009303218,cganalysis_load_mdanalysis,0.899085283279419,cganalysis_load_mdanalysis,0
896,gpu-static,cganalysis,structure_009303218,cganalysis_run_simulation,5.011682510375977,cganalysis_run_simulation,0
897,gpu-static,cganalysis,structure_009303218,cganalysis_simrun,5.011542320251465,cganalysis_simrun,0
898,gpu-static,cganalysis,structure_009303218,cganalysis_main_analysis,1778.979549407959,cganalysis_main_analysis,0
899,gpu-static,cganalysis,structure_066504549,cganalysis_run,1784.9052212238312,cganalysis_run,0
900,gpu-static,cganalysis,structure_066504549,cganalysis_load_mdanalysis,0.7402617931365967,cganalysis_load_mdanalysis,0
901,gpu-static,cganalysis,structure_066504549,cganalysis_run_simulation,5.011029481887817,cganalysis_run_simulation,0
902,gpu-static,cganalysis,structure_066504549,cganalysis_simrun,5.0109100341796875,cganalysis_simrun,0
903,gpu-static,cganalysis,structure_066504549,cganalysis_main_analysis,1779.0738990306854,cganalysis_main_analysis,0
904,gpu-static,cganalysis,structure_031953361,cganalysis_run,1784.8127145767212,cganalysis_run,0
905,gpu-static,cganalysis,structure_031953361,cganalysis_load_mdanalysis,0.7610132694244385,cganalysis_load_mdanalysis,0
906,gpu-static,cganalysis,structure_031953361,cganalysis_run_simulation,5.010306119918823,cganalysis_run_simulation,0
907,gpu-static,cganalysis,structure_031953361,cganalysis_simrun,5.010180473327637,cganalysis_simrun,0
908,gpu-static,cganalysis,structure_031953361,cganalysis_main_analysis,1778.9595868587494,cganalysis_main_analysis,0
909,gpu-autoscale,createsim,structure_045897767,createsim_runtime,721.4008631706238,createsim_runtime,0
910,gpu-autoscale,createsim,structure_045897767,createsims_create_cg_patch,0.0012514591217041016,createsims_create_cg_patch,0
911,gpu-autoscale,createsim,structure_045897767,createsims_setup_cg_sim,719.7978758811951,createsims_setup_cg_sim,0
912,gpu-autoscale,createsim,structure_045897767,createsims_gromacs_energy_minimization_0,1.185523509979248,createsims_gromacs_energy_minimization,0
913,gpu-autoscale,createsim,structure_045897767,createsims_mdrun_lipids_water_0,2.4803104400634766,createsims_mdrun_lipids_water,0
914,gpu-autoscale,createsim,structure_045897767,createsims_trjconv_lipids_water_0,0.28394174575805664,createsims_trjconv_lipids_water,0
915,gpu-autoscale,createsim,structure_045897767,createsims_gromacs_make_ndx_0,0.5074172019958496,createsims_gromacs_make_ndx,0
916,gpu-autoscale,createsim,structure_045897767,createsims_generate_velocities_0,45.98807239532471,createsims_generate_velocities,0
917,gpu-autoscale,createsim,structure_045897767,createsims_short_equilibration_0,105.06174898147583,createsims_short_equilibration,0
918,gpu-autoscale,createsim,structure_045897767,createsims_pull_molecules_0,420.92298316955566,createsims_pull_molecules,0
919,gpu-autoscale,createsim,structure_045897767,createsims_relax_protein,34.70028066635132,createsims_relax_protein,0
920,gpu-autoscale,createsim,structure_045897767,createsims_short_equilibration_20fs,105.74007654190063,createsims_short_equilibration,0
921,gpu-autoscale,createsim,structure_045897767,createsims_prime_cg_sim,1.5836782455444336,createsims_prime_cg_sim,0
922,gpu-autoscale,createsim,structure_029815797,createsim_runtime,737.042934179306,createsim_runtime,0
923,gpu-autoscale,createsim,structure_029815797,createsims_create_cg_patch,0.0012438297271728516,createsims_create_cg_patch,0
924,gpu-autoscale,createsim,structure_029815797,createsims_setup_cg_sim,735.430685043335,createsims_setup_cg_sim,0
925,gpu-autoscale,createsim,structure_029815797,createsims_gromacs_energy_minimization_0,1.1935031414031982,createsims_gromacs_energy_minimization,0
926,gpu-autoscale,createsim,structure_029815797,createsims_mdrun_lipids_water_0,2.781219959259033,createsims_mdrun_lipids_water,0
927,gpu-autoscale,createsim,structure_029815797,createsims_trjconv_lipids_water_0,0.2785530090332031,createsims_trjconv_lipids_water,0
928,gpu-autoscale,createsim,structure_029815797,createsims_gromacs_make_ndx_0,0.5050621032714844,createsims_gromacs_make_ndx,0
929,gpu-autoscale,createsim,structure_029815797,createsims_generate_velocities_0,47.45932936668396,createsims_generate_velocities,0
930,gpu-autoscale,createsim,structure_029815797,createsims_short_equilibration_0,108.22664427757263,createsims_short_equilibration,0
931,gpu-autoscale,createsim,structure_029815797,createsims_pull_molecules_0,428.6309926509857,createsims_pull_molecules,0
932,gpu-autoscale,createsim,structure_029815797,createsims_relax_protein,35.905818462371826,createsims_relax_protein,0
933,gpu-autoscale,createsim,structure_029815797,createsims_short_equilibration_20fs,107.55131006240845,createsims_short_equilibration,0
934,gpu-autoscale,createsim,structure_029815797,createsims_prime_cg_sim,1.5931909084320068,createsims_prime_cg_sim,0
935,gpu-autoscale,createsim,structure_006900463,createsim_runtime,736.3069548606873,createsim_runtime,0
936,gpu-autoscale,createsim,structure_006900463,createsims_create_cg_patch,0.0012521743774414062,createsims_create_cg_patch,0
937,gpu-autoscale,createsim,structure_006900463,createsims_setup_cg_sim,734.7079765796661,createsims_setup_cg_sim,0
938,gpu-autoscale,createsim,structure_006900463,createsims_gromacs_energy_minimization_0,1.2043066024780273,createsims_gromacs_energy_minimization,0
939,gpu-autoscale,createsim,structure_006900463,createsims_mdrun_lipids_water_0,2.673696517944336,createsims_mdrun_lipids_water,0
940,gpu-autoscale,createsim,structure_006900463,createsims_trjconv_lipids_water_0,0.28293728828430176,createsims_trjconv_lipids_water,0
941,gpu-autoscale,createsim,structure_006900463,createsims_gromacs_make_ndx_0,0.5110647678375244,createsims_gromacs_make_ndx,0
942,gpu-autoscale,createsim,structure_006900463,createsims_generate_velocities_0,47.16563057899475,createsims_generate_velocities,0
943,gpu-autoscale,createsim,structure_006900463,createsims_short_equilibration_0,108.64923739433289,createsims_short_equilibration,0
944,gpu-autoscale,createsim,structure_006900463,createsims_pull_molecules_0,426.1903340816498,createsims_pull_molecules,0
945,gpu-autoscale,createsim,structure_006900463,createsims_relax_protein,35.952820777893066,createsims_relax_protein,0
946,gpu-autoscale,createsim,structure_006900463,createsims_short_equilibration_20fs,109.16838788986206,createsims_short_equilibration,0
947,gpu-autoscale,createsim,structure_006900463,createsims_prime_cg_sim,1.5796914100646973,createsims_prime_cg_sim,0
948,gpu-autoscale,createsim,structure_066529602,createsim_runtime,733.3666014671326,createsim_runtime,0
949,gpu-autoscale,createsim,structure_066529602,createsims_create_cg_patch,0.0012655258178710938,createsims_create_cg_patch,0
950,gpu-autoscale,createsim,structure_066529602,createsims_setup_cg_sim,731.7344694137573,createsims_setup_cg_sim,0
951,gpu-autoscale,createsim,structure_066529602,createsims_gromacs_energy_minimization_0,1.1910722255706787,createsims_gromacs_energy_minimization,0
952,gpu-autoscale,createsim,structure_066529602,createsims_mdrun_lipids_water_0,2.764725685119629,createsims_mdrun_lipids_water,0
953,gpu-autoscale,createsim,structure_066529602,createsims_trjconv_lipids_water_0,0.2816429138183594,createsims_trjconv_lipids_water,0
954,gpu-autoscale,createsim,structure_066529602,createsims_gromacs_make_ndx_0,0.5054337978363037,createsims_gromacs_make_ndx,0
955,gpu-autoscale,createsim,structure_066529602,createsims_generate_velocities_0,47.438270807266235,createsims_generate_velocities,0
956,gpu-autoscale,createsim,structure_066529602,createsims_short_equilibration_0,106.5430555343628,createsims_short_equilibration,0
957,gpu-autoscale,createsim,structure_066529602,createsims_pull_molecules_0,427.3748116493225,createsims_pull_molecules,0
958,gpu-autoscale,createsim,structure_066529602,createsims_relax_protein,35.72988939285278,createsims_relax_protein,0
959,gpu-autoscale,createsim,structure_066529602,createsims_short_equilibration_20fs,106.98077750205994,createsims_short_equilibration,0
960,gpu-autoscale,createsim,structure_066529602,createsims_prime_cg_sim,1.6124517917633057,createsims_prime_cg_sim,0
961,gpu-autoscale,createsim,structure_076643718,createsim_runtime,709.1725981235504,createsim_runtime,0
962,gpu-autoscale,createsim,structure_076643718,createsims_create_cg_patch,0.001264333724975586,createsims_create_cg_patch,0
963,gpu-autoscale,createsim,structure_076643718,createsims_setup_cg_sim,707.5673561096191,createsims_setup_cg_sim,0
964,gpu-autoscale,createsim,structure_076643718,createsims_gromacs_energy_minimization_0,1.1779088973999023,createsims_gromacs_energy_minimization,0
965,gpu-autoscale,createsim,structure_076643718,createsims_mdrun_lipids_water_0,2.526946544647217,createsims_mdrun_lipids_water,0
966,gpu-autoscale,createsim,structure_076643718,createsims_trjconv_lipids_water_0,0.27422308921813965,createsims_trjconv_lipids_water,0
967,gpu-autoscale,createsim,structure_076643718,createsims_gromacs_make_ndx_0,0.5002892017364502,createsims_gromacs_make_ndx,0
968,gpu-autoscale,createsim,structure_076643718,createsims_generate_velocities_0,45.426701068878174,createsims_generate_velocities,0
969,gpu-autoscale,createsim,structure_076643718,createsims_short_equilibration_0,104.18909525871277,createsims_short_equilibration,0
970,gpu-autoscale,createsim,structure_076643718,createsims_pull_molecules_0,411.9929497241974,createsims_pull_molecules,0
971,gpu-autoscale,createsim,structure_076643718,createsims_relax_protein,33.963764905929565,createsims_relax_protein,0
972,gpu-autoscale,createsim,structure_076643718,createsims_short_equilibration_20fs,104.62651753425598,createsims_short_equilibration,0
973,gpu-autoscale,createsim,structure_076643718,createsims_prime_cg_sim,1.5858628749847412,createsims_prime_cg_sim,0
974,gpu-autoscale,createsim,structure_006100470,createsim_runtime,710.2177591323853,createsim_runtime,0
975,gpu-autoscale,createsim,structure_006100470,createsims_create_cg_patch,0.0012154579162597656,createsims_create_cg_patch,0
976,gpu-autoscale,createsim,structure_006100470,createsims_setup_cg_sim,708.6368548870087,createsims_setup_cg_sim,0
977,gpu-autoscale,createsim,structure_006100470,createsims_gromacs_energy_minimization_0,1.1965436935424805,createsims_gromacs_energy_minimization,0
978,gpu-autoscale,createsim,structure_006100470,createsims_mdrun_lipids_water_0,2.905486583709717,createsims_mdrun_lipids_water,0
979,gpu-autoscale,createsim,structure_006100470,createsims_trjconv_lipids_water_0,0.28277087211608887,createsims_trjconv_lipids_water,0
980,gpu-autoscale,createsim,structure_006100470,createsims_gromacs_make_ndx_0,0.5246961116790771,createsims_gromacs_make_ndx,0
981,gpu-autoscale,createsim,structure_006100470,createsims_generate_velocities_0,45.32363414764404,createsims_generate_velocities,0
982,gpu-autoscale,createsim,structure_006100470,createsims_short_equilibration_0,103.26309990882874,createsims_short_equilibration,0
983,gpu-autoscale,createsim,structure_006100470,createsims_pull_molecules_0,413.31874918937683,createsims_pull_molecules,0
984,gpu-autoscale,createsim,structure_006100470,createsims_relax_protein,34.20038390159607,createsims_relax_protein,0
985,gpu-autoscale,createsim,structure_006100470,createsims_short_equilibration_20fs,104.7393946647644,createsims_short_equilibration,0
986,gpu-autoscale,createsim,structure_006100470,createsims_prime_cg_sim,1.5618720054626465,createsims_prime_cg_sim,0
987,gpu-autoscale,createsim,structure_040526230,createsim_runtime,717.4194340705872,createsim_runtime,0
988,gpu-autoscale,createsim,structure_040526230,createsims_create_cg_patch,0.0013430118560791016,createsims_create_cg_patch,0
989,gpu-autoscale,createsim,structure_040526230,createsims_setup_cg_sim,715.8020558357239,createsims_setup_cg_sim,0
990,gpu-autoscale,createsim,structure_040526230,createsims_gromacs_energy_minimization_0,1.197871208190918,createsims_gromacs_energy_minimization,0
991,gpu-autoscale,createsim,structure_040526230,createsims_mdrun_lipids_water_0,2.6150684356689453,createsims_mdrun_lipids_water,0
992,gpu-autoscale,createsim,structure_040526230,createsims_trjconv_lipids_water_0,0.27893877029418945,createsims_trjconv_lipids_water,0
993,gpu-autoscale,createsim,structure_040526230,createsims_gromacs_make_ndx_0,0.5173885822296143,createsims_gromacs_make_ndx,0
994,gpu-autoscale,createsim,structure_040526230,createsims_generate_velocities_0,46.299033880233765,createsims_generate_velocities,0
995,gpu-autoscale,createsim,structure_040526230,createsims_short_equilibration_0,105.63183522224426,createsims_short_equilibration,0
996,gpu-autoscale,createsim,structure_040526230,createsims_pull_molecules_0,416.42760014533997,createsims_pull_molecules,0
997,gpu-autoscale,createsim,structure_040526230,createsims_relax_protein,34.77981662750244,createsims_relax_protein,0
998,gpu-autoscale,createsim,structure_040526230,createsims_short_equilibration_20fs,105.13817095756531,createsims_short_equilibration,0
999,gpu-autoscale,createsim,structure_040526230,createsims_prime_cg_sim,1.5977411270141602,createsims_prime_cg_sim,0
1000,gpu-autoscale,createsim,structure_019839573,createsim_runtime,741.6020138263702,createsim_runtime,0
1001,gpu-autoscale,createsim,structure_019839573,createsims_create_cg_patch,0.001291036605834961,createsims_create_cg_patch,0
1002,gpu-autoscale,createsim,structure_019839573,createsims_setup_cg_sim,739.9889984130859,createsims_setup_cg_sim,0
1003,gpu-autoscale,createsim,structure_019839573,createsims_gromacs_energy_minimization_0,1.2110083103179932,createsims_gromacs_energy_minimization,0
1004,gpu-autoscale,createsim,structure_019839573,createsims_mdrun_lipids_water_0,3.0994491577148438,createsims_mdrun_lipids_water,0
1005,gpu-autoscale,createsim,structure_019839573,createsims_trjconv_lipids_water_0,0.28151750564575195,createsims_trjconv_lipids_water,0
1006,gpu-autoscale,createsim,structure_019839573,createsims_gromacs_make_ndx_0,0.5220785140991211,createsims_gromacs_make_ndx,0
1007,gpu-autoscale,createsim,structure_019839573,createsims_generate_velocities_0,48.21146035194397,createsims_generate_velocities,0
1008,gpu-autoscale,createsim,structure_019839573,createsims_short_equilibration_0,108.46135830879211,createsims_short_equilibration,0
1009,gpu-autoscale,createsim,structure_019839573,createsims_pull_molecules_0,430.154408454895,createsims_pull_molecules,0
1010,gpu-autoscale,createsim,structure_019839573,createsims_relax_protein,36.003504514694214,createsims_relax_protein,0
1011,gpu-autoscale,createsim,structure_019839573,createsims_short_equilibration_20fs,109.12234616279602,createsims_short_equilibration,0
1012,gpu-autoscale,createsim,structure_019839573,createsims_prime_cg_sim,1.5936968326568604,createsims_prime_cg_sim,0
1013,gpu-autoscale,createsim,structure_091354498,createsim_runtime,738.0227944850922,createsim_runtime,0
1014,gpu-autoscale,createsim,structure_091354498,createsims_create_cg_patch,0.0013387203216552734,createsims_create_cg_patch,0
1015,gpu-autoscale,createsim,structure_091354498,createsims_setup_cg_sim,736.3941791057587,createsims_setup_cg_sim,0
1016,gpu-autoscale,createsim,structure_091354498,createsims_gromacs_energy_minimization_0,1.1943986415863037,createsims_gromacs_energy_minimization,0
1017,gpu-autoscale,createsim,structure_091354498,createsims_mdrun_lipids_water_0,2.6680915355682373,createsims_mdrun_lipids_water,0
1018,gpu-autoscale,createsim,structure_091354498,createsims_trjconv_lipids_water_0,0.2774045467376709,createsims_trjconv_lipids_water,0
1019,gpu-autoscale,createsim,structure_091354498,createsims_gromacs_make_ndx_0,0.5106089115142822,createsims_gromacs_make_ndx,0
1020,gpu-autoscale,createsim,structure_091354498,createsims_generate_velocities_0,47.85724091529846,createsims_generate_velocities,0
1021,gpu-autoscale,createsim,structure_091354498,createsims_short_equilibration_0,107.55362296104431,createsims_short_equilibration,0
1022,gpu-autoscale,createsim,structure_091354498,createsims_pull_molecules_0,426.975049495697,createsims_pull_molecules,0
1023,gpu-autoscale,createsim,structure_091354498,createsims_relax_protein,36.48418211936951,createsims_relax_protein,0
1024,gpu-autoscale,createsim,structure_091354498,createsims_short_equilibration_20fs,109.90595245361328,createsims_short_equilibration,0
1025,gpu-autoscale,createsim,structure_091354498,createsims_prime_cg_sim,1.609229326248169,createsims_prime_cg_sim,0
1026,gpu-autoscale,createsim,structure_026923795,createsim_runtime,751.2852101325989,createsim_runtime,0
1027,gpu-autoscale,createsim,structure_026923795,createsims_create_cg_patch,0.0012254714965820312,createsims_create_cg_patch,0
1028,gpu-autoscale,createsim,structure_026923795,createsims_setup_cg_sim,749.6904735565186,createsims_setup_cg_sim,0
1029,gpu-autoscale,createsim,structure_026923795,createsims_gromacs_energy_minimization_0,1.187438726425171,createsims_gromacs_energy_minimization,0
1030,gpu-autoscale,createsim,structure_026923795,createsims_mdrun_lipids_water_0,0.5726079940795898,createsims_mdrun_lipids_water,0
1031,gpu-autoscale,createsim,structure_026923795,createsims_trjconv_lipids_water_0,0.26166868209838867,createsims_trjconv_lipids_water,0
1032,gpu-autoscale,createsim,structure_026923795,createsims_gromacs_energy_minimization_1,1.205031156539917,createsims_gromacs_energy_minimization,0
1033,gpu-autoscale,createsim,structure_026923795,createsims_mdrun_lipids_water_1,2.453009843826294,createsims_mdrun_lipids_water,0
1034,gpu-autoscale,createsim,structure_026923795,createsims_trjconv_lipids_water_1,0.2886044979095459,createsims_trjconv_lipids_water,0
1035,gpu-autoscale,createsim,structure_026923795,createsims_gromacs_energy_minimization_2,1.1811630725860596,createsims_gromacs_energy_minimization,0
1036,gpu-autoscale,createsim,structure_026923795,createsims_mdrun_lipids_water_2,2.6612250804901123,createsims_mdrun_lipids_water,0
1037,gpu-autoscale,createsim,structure_026923795,createsims_trjconv_lipids_water_2,0.27762627601623535,createsims_trjconv_lipids_water,0
1038,gpu-autoscale,createsim,structure_026923795,createsims_gromacs_energy_minimization_3,1.1641416549682617,createsims_gromacs_energy_minimization,0
1039,gpu-autoscale,createsim,structure_026923795,createsims_mdrun_lipids_water_3,2.5450916290283203,createsims_mdrun_lipids_water,0
1040,gpu-autoscale,createsim,structure_026923795,createsims_trjconv_lipids_water_3,0.2843005657196045,createsims_trjconv_lipids_water,0
1041,gpu-autoscale,createsim,structure_026923795,createsims_gromacs_energy_minimization_4,1.172511100769043,createsims_gromacs_energy_minimization,0
1042,gpu-autoscale,createsim,structure_026923795,createsims_mdrun_lipids_water_4,0.5224835872650146,createsims_mdrun_lipids_water,0
1043,gpu-autoscale,createsim,structure_026923795,createsims_trjconv_lipids_water_4,0.2700324058532715,createsims_trjconv_lipids_water,0
1044,gpu-autoscale,createsim,structure_026923795,createsims_gromacs_energy_minimization_5,1.2089784145355225,createsims_gromacs_energy_minimization,0
1045,gpu-autoscale,createsim,structure_026923795,createsims_mdrun_lipids_water_5,2.525489330291748,createsims_mdrun_lipids_water,0
1046,gpu-autoscale,createsim,structure_026923795,createsims_trjconv_lipids_water_5,0.29596853256225586,createsims_trjconv_lipids_water,0
1047,gpu-autoscale,createsim,structure_026923795,createsims_gromacs_energy_minimization_6,1.1701889038085938,createsims_gromacs_energy_minimization,0
1048,gpu-autoscale,createsim,structure_026923795,createsims_mdrun_lipids_water_6,0.5080008506774902,createsims_mdrun_lipids_water,0
1049,gpu-autoscale,createsim,structure_026923795,createsims_trjconv_lipids_water_6,0.2721133232116699,createsims_trjconv_lipids_water,0
1050,gpu-autoscale,createsim,structure_026923795,createsims_gromacs_energy_minimization_7,1.287297010421753,createsims_gromacs_energy_minimization,0
1051,gpu-autoscale,createsim,structure_026923795,createsims_mdrun_lipids_water_7,2.63863205909729,createsims_mdrun_lipids_water,0
1052,gpu-autoscale,createsim,structure_026923795,createsims_trjconv_lipids_water_7,0.28480958938598633,createsims_trjconv_lipids_water,0
1053,gpu-autoscale,createsim,structure_026923795,createsims_gromacs_energy_minimization_8,1.1991040706634521,createsims_gromacs_energy_minimization,0
1054,gpu-autoscale,createsim,structure_026923795,createsims_mdrun_lipids_water_8,0.49207091331481934,createsims_mdrun_lipids_water,0
1055,gpu-autoscale,createsim,structure_026923795,createsims_trjconv_lipids_water_8,0.26131272315979004,createsims_trjconv_lipids_water,0
1056,gpu-autoscale,createsim,structure_026923795,createsims_gromacs_energy_minimization_9,1.281412124633789,createsims_gromacs_energy_minimization,0
1057,gpu-autoscale,createsim,structure_026923795,createsims_mdrun_lipids_water_9,2.47137451171875,createsims_mdrun_lipids_water,0
1058,gpu-autoscale,createsim,structure_026923795,createsims_trjconv_lipids_water_9,0.28298282623291016,createsims_trjconv_lipids_water,0
1059,gpu-autoscale,createsim,structure_026923795,createsims_gromacs_make_ndx_9,0.5059802532196045,createsims_gromacs_make_ndx,0
1060,gpu-autoscale,createsim,structure_026923795,createsims_generate_velocities_0,46.22128438949585,createsims_generate_velocities,0
1061,gpu-autoscale,createsim,structure_026923795,createsims_short_equilibration_0,105.18776893615723,createsims_short_equilibration,0
1062,gpu-autoscale,createsim,structure_026923795,createsims_pull_molecules_0,417.2222397327423,createsims_pull_molecules,0
1063,gpu-autoscale,createsim,structure_026923795,createsims_relax_protein,34.77537131309509,createsims_relax_protein,0
1064,gpu-autoscale,createsim,structure_026923795,createsims_short_equilibration_20fs,106.81366968154907,createsims_short_equilibration,0
1065,gpu-autoscale,createsim,structure_026923795,createsims_prime_cg_sim,1.5757625102996826,createsims_prime_cg_sim,0
1066,gpu-autoscale,cganalysis,structure_045897767,cganalysis_run,1784.4798321723938,cganalysis_run,0
1067,gpu-autoscale,cganalysis,structure_045897767,cganalysis_load_mdanalysis,0.7492022514343262,cganalysis_load_mdanalysis,0
1068,gpu-autoscale,cganalysis,structure_045897767,cganalysis_run_simulation,5.010082006454468,cganalysis_run_simulation,0
1069,gpu-autoscale,cganalysis,structure_045897767,cganalysis_simrun,5.009958744049072,cganalysis_simrun,0
1070,gpu-autoscale,cganalysis,structure_045897767,cganalysis_main_analysis,1778.638658285141,cganalysis_main_analysis,0
1071,gpu-autoscale,cganalysis,structure_029815797,cganalysis_run,1784.4204776287079,cganalysis_run,0
1072,gpu-autoscale,cganalysis,structure_029815797,cganalysis_load_mdanalysis,0.7691385746002197,cganalysis_load_mdanalysis,0
1073,gpu-autoscale,cganalysis,structure_029815797,cganalysis_run_simulation,5.010900259017944,cganalysis_run_simulation,0
1074,gpu-autoscale,cganalysis,structure_029815797,cganalysis_simrun,5.010753154754639,cganalysis_simrun,0
1075,gpu-autoscale,cganalysis,structure_029815797,cganalysis_main_analysis,1778.547385931015,cganalysis_main_analysis,0
1076,gpu-autoscale,cganalysis,structure_006900463,cganalysis_run,1784.7232158184052,cganalysis_run,0
1077,gpu-autoscale,cganalysis,structure_006900463,cganalysis_load_mdanalysis,0.7579753398895264,cganalysis_load_mdanalysis,0
1078,gpu-autoscale,cganalysis,structure_006900463,cganalysis_run_simulation,5.010668039321899,cganalysis_run_simulation,0
1079,gpu-autoscale,cganalysis,structure_006900463,cganalysis_simrun,5.010521650314331,cganalysis_simrun,0
1080,gpu-autoscale,cganalysis,structure_006900463,cganalysis_main_analysis,1778.8723652362823,cganalysis_main_analysis,0
1081,gpu-autoscale,cganalysis,structure_066529602,cganalysis_run,1784.511926651001,cganalysis_run,0
1082,gpu-autoscale,cganalysis,structure_066529602,cganalysis_load_mdanalysis,0.7776360511779785,cganalysis_load_mdanalysis,0
1083,gpu-autoscale,cganalysis,structure_066529602,cganalysis_run_simulation,5.012145757675171,cganalysis_run_simulation,0
1084,gpu-autoscale,cganalysis,structure_066529602,cganalysis_simrun,5.01199197769165,cganalysis_simrun,0
1085,gpu-autoscale,cganalysis,structure_066529602,cganalysis_main_analysis,1778.639173746109,cganalysis_main_analysis,0
1086,gpu-autoscale,cganalysis,structure_076643718,cganalysis_run,1784.7158353328705,cganalysis_run,0
1087,gpu-autoscale,cganalysis,structure_076643718,cganalysis_load_mdanalysis,0.7513899803161621,cganalysis_load_mdanalysis,0
1088,gpu-autoscale,cganalysis,structure_076643718,cganalysis_run_simulation,5.009419202804565,cganalysis_run_simulation,0
1089,gpu-autoscale,cganalysis,structure_076643718,cganalysis_simrun,5.009297609329224,cganalysis_simrun,0
1090,gpu-autoscale,cganalysis,structure_076643718,cganalysis_main_analysis,1778.874549627304,cganalysis_main_analysis,0
1091,gpu-autoscale,cganalysis,structure_006100470,cganalysis_run,1784.8627152442932,cganalysis_run,0
1092,gpu-autoscale,cganalysis,structure_006100470,cganalysis_load_mdanalysis,0.7905914783477783,cganalysis_load_mdanalysis,0
1093,gpu-autoscale,cganalysis,structure_006100470,cganalysis_run_simulation,5.0108866691589355,cganalysis_run_simulation,0
1094,gpu-autoscale,cganalysis,structure_006100470,cganalysis_simrun,5.010738849639893,cganalysis_simrun,0
1095,gpu-autoscale,cganalysis,structure_006100470,cganalysis_main_analysis,1778.9780888557434,cganalysis_main_analysis,0
1096,gpu-autoscale,cganalysis,structure_040526230,cganalysis_run,1784.7412674427032,cganalysis_run,0
1097,gpu-autoscale,cganalysis,structure_040526230,cganalysis_load_mdanalysis,0.8184218406677246,cganalysis_load_mdanalysis,0
1098,gpu-autoscale,cganalysis,structure_040526230,cganalysis_run_simulation,5.012150287628174,cganalysis_run_simulation,0
1099,gpu-autoscale,cganalysis,structure_040526230,cganalysis_simrun,5.012005805969238,cganalysis_simrun,0
1100,gpu-autoscale,cganalysis,structure_040526230,cganalysis_main_analysis,1778.828144311905,cganalysis_main_analysis,0
1101,gpu-autoscale,cganalysis,structure_019839573,cganalysis_run,1784.722158908844,cganalysis_run,0
1102,gpu-autoscale,cganalysis,structure_019839573,cganalysis_load_mdanalysis,0.8059790134429932,cganalysis_load_mdanalysis,0
1103,gpu-autoscale,cganalysis,structure_019839573,cganalysis_run_simulation,5.011741876602173,cganalysis_run_simulation,0
1104,gpu-autoscale,cganalysis,structure_019839573,cganalysis_simrun,5.011606931686401,cganalysis_simrun,0
1105,gpu-autoscale,cganalysis,structure_019839573,cganalysis_main_analysis,1778.8198056221008,cganalysis_main_analysis,0
1106,gpu-autoscale,cganalysis,structure_091354498,cganalysis_run,1784.6467063426971,cganalysis_run,0
1107,gpu-autoscale,cganalysis,structure_091354498,cganalysis_load_mdanalysis,0.8070800304412842,cganalysis_load_mdanalysis,0
1108,gpu-autoscale,cganalysis,structure_091354498,cganalysis_run_simulation,5.01072096824646,cganalysis_run_simulation,0
1109,gpu-autoscale,cganalysis,structure_091354498,cganalysis_simrun,5.010594129562378,cganalysis_simrun,0
1110,gpu-autoscale,cganalysis,structure_091354498,cganalysis_main_analysis,1778.7437672615051,cganalysis_main_analysis,0
1111,gpu-autoscale,cganalysis,structure_026923795,cganalysis_run,1784.4827013015747,cganalysis_run,0
1112,gpu-autoscale,cganalysis,structure_026923795,cganalysis_load_mdanalysis,0.741267204284668,cganalysis_load_mdanalysis,0
1113,gpu-autoscale,cganalysis,structure_026923795,cganalysis_run_simulation,5.010831594467163,cganalysis_run_simulation,0
1114,gpu-autoscale,cganalysis,structure_026923795,cganalysis_simrun,5.010698556900024,cganalysis_simrun,0
1115,gpu-autoscale,cganalysis,structure_026923795,cganalysis_main_analysis,1778.6500675678253,cganalysis_main_analysis,0
