,experiment,job,sample,event,duration,global,iteration
0,gpu-static,createsim,iter-1,createsim_runtime,691.0846238136292,createsim_runtime,0
1,gpu-static,createsim,iter-1,createsims_create_cg_patch,0.001695871353149414,createsims_create_cg_patch,0
2,gpu-static,createsim,iter-1,createsims_setup_cg_sim,688.4157626628876,createsims_setup_cg_sim,0
3,gpu-static,createsim,iter-1,createsims_gromacs_energy_minimization_0,1.9101016521453857,createsims_gromacs_energy_minimization,0
4,gpu-static,createsim,iter-1,createsims_mdrun_lipids_water_0,2.7141623497009277,createsims_mdrun_lipids_water,0
5,gpu-static,createsim,iter-1,createsims_trjconv_lipids_water_0,0.47630906105041504,createsims_trjconv_lipids_water,0
6,gpu-static,createsim,iter-1,createsims_gromacs_make_ndx,0.7701008319854736,createsims_gromacs_make_ndx,0
7,gpu-static,createsim,iter-1,createsims_generate_velocities,46.66667580604553,createsims_generate_velocities,0
8,gpu-static,createsim,iter-1,createsims_short_equilibration,103.55244565010071,createsims_short_equilibration,0
9,gpu-static,createsim,iter-1,createsims_pull_molecules,393.9666860103607,createsims_pull_molecules,0
10,gpu-static,createsim,iter-1,createsims_relax_protein,30.028252840042114,createsims_relax_protein,0
11,gpu-static,createsim,iter-1,createsims_short_equilibration_20fs,104.7118833065033,createsims_short_equilibration,0
12,gpu-static,createsim,iter-1,createsims_prime_cg_sim,2.5423390865325928,createsims_prime_cg_sim,0
13,gpu-static,createsim,iter-1,createsim_runtime,647.4594197273254,createsim_runtime,0
14,gpu-static,createsim,iter-1,createsims_create_cg_patch,0.001692056655883789,createsims_create_cg_patch,0
15,gpu-static,createsim,iter-1,createsims_setup_cg_sim,644.8021130561829,createsims_setup_cg_sim,0
16,gpu-static,createsim,iter-1,createsims_gromacs_energy_minimization_0,1.90694260597229,createsims_gromacs_energy_minimization,0
17,gpu-static,createsim,iter-1,createsims_mdrun_lipids_water_0,2.742051362991333,createsims_mdrun_lipids_water,0
18,gpu-static,createsim,iter-1,createsims_trjconv_lipids_water_0,0.4318571090698242,createsims_trjconv_lipids_water,0
19,gpu-static,createsim,iter-1,createsims_gromacs_make_ndx,0.7686259746551514,createsims_gromacs_make_ndx,0
20,gpu-static,createsim,iter-1,createsims_generate_velocities,49.54175567626953,createsims_generate_velocities,0
21,gpu-static,createsim,iter-1,createsims_short_equilibration,99.29325437545776,createsims_short_equilibration,0
22,gpu-static,createsim,iter-1,createsims_pull_molecules,385.4712972640991,createsims_pull_molecules,0
23,gpu-static,createsim,iter-1,createsims_relax_protein,28.853721141815186,createsims_relax_protein,0
24,gpu-static,createsim,iter-1,createsims_short_equilibration_20fs,72.16752934455872,createsims_short_equilibration,0
25,gpu-static,createsim,iter-1,createsims_prime_cg_sim,2.522576332092285,createsims_prime_cg_sim,0
26,gpu-static,createsim,iter-1,createsim_runtime,581.3681070804596,createsim_runtime,0
27,gpu-static,createsim,iter-1,createsims_create_cg_patch,0.0016922950744628906,createsims_create_cg_patch,0
28,gpu-static,createsim,iter-1,createsims_setup_cg_sim,578.713921546936,createsims_setup_cg_sim,0
29,gpu-static,createsim,iter-1,createsims_gromacs_energy_minimization_0,1.908449649810791,createsims_gromacs_energy_minimization,0
30,gpu-static,createsim,iter-1,createsims_mdrun_lipids_water_0,2.5875253677368164,createsims_mdrun_lipids_water,0
31,gpu-static,createsim,iter-1,createsims_trjconv_lipids_water_0,0.4298226833343506,createsims_trjconv_lipids_water,0
32,gpu-static,createsim,iter-1,createsims_gromacs_make_ndx,0.76385498046875,createsims_gromacs_make_ndx,0
33,gpu-static,createsim,iter-1,createsims_generate_velocities,35.33407664299011,createsims_generate_velocities,0
34,gpu-static,createsim,iter-1,createsims_short_equilibration,104.48579025268555,createsims_short_equilibration,0
35,gpu-static,createsim,iter-1,createsims_pull_molecules,292.2459478378296,createsims_pull_molecules,0
36,gpu-static,createsim,iter-1,createsims_relax_protein,34.53672981262207,createsims_relax_protein,0
37,gpu-static,createsim,iter-1,createsims_short_equilibration_20fs,102.81528949737549,createsims_short_equilibration,0
38,gpu-static,createsim,iter-1,createsims_prime_cg_sim,2.5230705738067627,createsims_prime_cg_sim,0
39,gpu-static,createsim,iter-1,createsim_runtime,667.6543872356415,createsim_runtime,0
40,gpu-static,createsim,iter-1,createsims_create_cg_patch,0.001708984375,createsims_create_cg_patch,0
41,gpu-static,createsim,iter-1,createsims_setup_cg_sim,664.9557368755341,createsims_setup_cg_sim,0
42,gpu-static,createsim,iter-1,createsims_gromacs_energy_minimization_0,1.9102191925048828,createsims_gromacs_energy_minimization,0
43,gpu-static,createsim,iter-1,createsims_mdrun_lipids_water_0,2.6475090980529785,createsims_mdrun_lipids_water,0
44,gpu-static,createsim,iter-1,createsims_trjconv_lipids_water_0,0.43058061599731445,createsims_trjconv_lipids_water,0
45,gpu-static,createsim,iter-1,createsims_gromacs_make_ndx,0.7664453983306885,createsims_gromacs_make_ndx,0
46,gpu-static,createsim,iter-1,createsims_generate_velocities,44.49871897697449,createsims_generate_velocities,0
47,gpu-static,createsim,iter-1,createsims_short_equilibration,71.31328701972961,createsims_short_equilibration,0
48,gpu-static,createsim,iter-1,createsims_pull_molecules,413.1514251232147,createsims_pull_molecules,0
49,gpu-static,createsim,iter-1,createsims_relax_protein,35.127827644348145,createsims_relax_protein,0
50,gpu-static,createsim,iter-1,createsims_short_equilibration_20fs,91.27068257331848,createsims_short_equilibration,0
51,gpu-static,createsim,iter-1,createsims_prime_cg_sim,2.5856802463531494,createsims_prime_cg_sim,0
52,gpu-static,createsim,iter-1,createsim_runtime,664.7786991596222,createsim_runtime,0
53,gpu-static,createsim,iter-1,createsims_create_cg_patch,0.0020945072174072266,createsims_create_cg_patch,0
54,gpu-static,createsim,iter-1,createsims_setup_cg_sim,662.1063678264618,createsims_setup_cg_sim,0
55,gpu-static,createsim,iter-1,createsims_gromacs_energy_minimization_0,2.4135732650756836,createsims_gromacs_energy_minimization,0
56,gpu-static,createsim,iter-1,createsims_mdrun_lipids_water_0,2.3276493549346924,createsims_mdrun_lipids_water,0
57,gpu-static,createsim,iter-1,createsims_trjconv_lipids_water_0,0.4355344772338867,createsims_trjconv_lipids_water,0
58,gpu-static,createsim,iter-1,createsims_gromacs_make_ndx,0.7660019397735596,createsims_gromacs_make_ndx,0
59,gpu-static,createsim,iter-1,createsims_generate_velocities,48.34321427345276,createsims_generate_velocities,0
60,gpu-static,createsim,iter-1,createsims_short_equilibration,74.32595682144165,createsims_short_equilibration,0
61,gpu-static,createsim,iter-1,createsims_pull_molecules,392.46559739112854,createsims_pull_molecules,0
62,gpu-static,createsim,iter-1,createsims_relax_protein,27.123565912246704,createsims_relax_protein,0
63,gpu-static,createsim,iter-1,createsims_short_equilibration_20fs,110.17253589630127,createsims_short_equilibration,0
64,gpu-static,createsim,iter-1,createsims_prime_cg_sim,2.5199358463287354,createsims_prime_cg_sim,0
65,gpu-static,createsim,iter-1,createsim_runtime,683.8125011920929,createsim_runtime,0
66,gpu-static,createsim,iter-1,createsims_create_cg_patch,0.0017004013061523438,createsims_create_cg_patch,0
67,gpu-static,createsim,iter-1,createsims_setup_cg_sim,681.1654949188232,createsims_setup_cg_sim,0
68,gpu-static,createsim,iter-1,createsims_gromacs_energy_minimization_0,1.9093708992004395,createsims_gromacs_energy_minimization,0
69,gpu-static,createsim,iter-1,createsims_mdrun_lipids_water_0,2.8095743656158447,createsims_mdrun_lipids_water,0
70,gpu-static,createsim,iter-1,createsims_trjconv_lipids_water_0,0.45301127433776855,createsims_trjconv_lipids_water,0
71,gpu-static,createsim,iter-1,createsims_gromacs_make_ndx,0.8147678375244141,createsims_gromacs_make_ndx,0
72,gpu-static,createsim,iter-1,createsims_generate_velocities,47.60705900192261,createsims_generate_velocities,0
73,gpu-static,createsim,iter-1,createsims_short_equilibration,99.83670711517334,createsims_short_equilibration,0
74,gpu-static,createsim,iter-1,createsims_pull_molecules,393.0284307003021,createsims_pull_molecules,0
75,gpu-static,createsim,iter-1,createsims_relax_protein,28.19353175163269,createsims_relax_protein,0
76,gpu-static,createsim,iter-1,createsims_short_equilibration_20fs,102.91179823875427,createsims_short_equilibration,0
77,gpu-static,createsim,iter-1,createsims_prime_cg_sim,2.522597074508667,createsims_prime_cg_sim,0
78,gpu-static,createsim,iter-1,createsim_runtime,687.937201499939,createsim_runtime,0
79,gpu-static,createsim,iter-1,createsims_create_cg_patch,0.0016977787017822266,createsims_create_cg_patch,0
80,gpu-static,createsim,iter-1,createsims_setup_cg_sim,685.2499256134033,createsims_setup_cg_sim,0
81,gpu-static,createsim,iter-1,createsims_gromacs_energy_minimization_0,1.9287290573120117,createsims_gromacs_energy_minimization,0
82,gpu-static,createsim,iter-1,createsims_mdrun_lipids_water_0,2.781049966812134,createsims_mdrun_lipids_water,0
83,gpu-static,createsim,iter-1,createsims_trjconv_lipids_water_0,0.42767858505249023,createsims_trjconv_lipids_water,0
84,gpu-static,createsim,iter-1,createsims_gromacs_make_ndx,0.7616591453552246,createsims_gromacs_make_ndx,0
85,gpu-static,createsim,iter-1,createsims_generate_velocities,48.441547870635986,createsims_generate_velocities,0
86,gpu-static,createsim,iter-1,createsims_short_equilibration,71.39095187187195,createsims_short_equilibration,0
87,gpu-static,createsim,iter-1,createsims_pull_molecules,415.60799622535706,createsims_pull_molecules,0
88,gpu-static,createsim,iter-1,createsims_relax_protein,32.35482048988342,createsims_relax_protein,0
89,gpu-static,createsim,iter-1,createsims_short_equilibration_20fs,107.99400782585144,createsims_short_equilibration,0
90,gpu-static,createsim,iter-1,createsims_prime_cg_sim,2.5165958404541016,createsims_prime_cg_sim,0
91,gpu-static,createsim,iter-1,createsim_runtime,640.8660147190094,createsim_runtime,0
92,gpu-static,createsim,iter-1,createsims_create_cg_patch,0.0016934871673583984,createsims_create_cg_patch,0
93,gpu-static,createsim,iter-1,createsims_setup_cg_sim,638.2050836086273,createsims_setup_cg_sim,0
94,gpu-static,createsim,iter-1,createsims_gromacs_energy_minimization_0,1.9074773788452148,createsims_gromacs_energy_minimization,0
95,gpu-static,createsim,iter-1,createsims_mdrun_lipids_water_0,0.6405947208404541,createsims_mdrun_lipids_water,0
96,gpu-static,createsim,iter-1,createsims_trjconv_lipids_water_0,0.42915868759155273,createsims_trjconv_lipids_water,0
97,gpu-static,createsim,iter-1,createsims_gromacs_energy_minimization_1,1.9078435897827148,createsims_gromacs_energy_minimization,0
98,gpu-static,createsim,iter-1,createsims_mdrun_lipids_water_1,2.57133150100708,createsims_mdrun_lipids_water,0
99,gpu-static,createsim,iter-1,createsims_trjconv_lipids_water_1,0.437039852142334,createsims_trjconv_lipids_water,0
100,gpu-static,createsim,iter-1,createsims_gromacs_energy_minimization_2,1.911452293395996,createsims_gromacs_energy_minimization,0
101,gpu-static,createsim,iter-1,createsims_mdrun_lipids_water_2,2.591655731201172,createsims_mdrun_lipids_water,0
102,gpu-static,createsim,iter-1,createsims_trjconv_lipids_water_2,0.43163561820983887,createsims_trjconv_lipids_water,0
103,gpu-static,createsim,iter-1,createsims_gromacs_energy_minimization_3,1.9073283672332764,createsims_gromacs_energy_minimization,0
104,gpu-static,createsim,iter-1,createsims_mdrun_lipids_water_3,2.614126205444336,createsims_mdrun_lipids_water,0
105,gpu-static,createsim,iter-1,createsims_trjconv_lipids_water_3,0.4306366443634033,createsims_trjconv_lipids_water,0
106,gpu-static,createsim,iter-1,createsims_gromacs_energy_minimization_4,1.9074535369873047,createsims_gromacs_energy_minimization,0
107,gpu-static,createsim,iter-1,createsims_mdrun_lipids_water_4,2.662327766418457,createsims_mdrun_lipids_water,0
108,gpu-static,createsim,iter-1,createsims_trjconv_lipids_water_4,0.42908525466918945,createsims_trjconv_lipids_water,0
109,gpu-static,createsim,iter-1,createsims_gromacs_energy_minimization_5,2.0343587398529053,createsims_gromacs_energy_minimization,0
110,gpu-static,createsim,iter-1,createsims_mdrun_lipids_water_5,2.8791306018829346,createsims_mdrun_lipids_water,0
111,gpu-static,createsim,iter-1,createsims_trjconv_lipids_water_5,0.4298536777496338,createsims_trjconv_lipids_water,0
112,gpu-static,createsim,iter-1,createsims_gromacs_energy_minimization_6,1.9114665985107422,createsims_gromacs_energy_minimization,0
113,gpu-static,createsim,iter-1,createsims_mdrun_lipids_water_6,2.7237977981567383,createsims_mdrun_lipids_water,0
114,gpu-static,createsim,iter-1,createsims_trjconv_lipids_water_6,0.4890172481536865,createsims_trjconv_lipids_water,0
115,gpu-static,createsim,iter-1,createsims_gromacs_energy_minimization_7,1.904395341873169,createsims_gromacs_energy_minimization,0
116,gpu-static,createsim,iter-1,createsims_mdrun_lipids_water_7,0.6583261489868164,createsims_mdrun_lipids_water,0
117,gpu-static,createsim,iter-1,createsims_trjconv_lipids_water_7,0.4295003414154053,createsims_trjconv_lipids_water,0
118,gpu-static,createsim,iter-1,createsims_gromacs_energy_minimization_8,1.9056260585784912,createsims_gromacs_energy_minimization,0
119,gpu-static,createsim,iter-1,createsims_mdrun_lipids_water_8,2.7204298973083496,createsims_mdrun_lipids_water,0
120,gpu-static,createsim,iter-1,createsims_trjconv_lipids_water_8,0.42902708053588867,createsims_trjconv_lipids_water,0
121,gpu-static,createsim,iter-1,createsims_gromacs_energy_minimization_9,1.9065220355987549,createsims_gromacs_energy_minimization,0
122,gpu-static,createsim,iter-1,createsims_mdrun_lipids_water_9,2.625767946243286,createsims_mdrun_lipids_water,0
123,gpu-static,createsim,iter-1,createsims_trjconv_lipids_water_9,0.4308505058288574,createsims_trjconv_lipids_water,0
124,gpu-static,createsim,iter-1,createsims_gromacs_make_ndx,0.7676219940185547,createsims_gromacs_make_ndx,0
125,gpu-static,createsim,iter-1,createsims_generate_velocities,48.82956314086914,createsims_generate_velocities,0
126,gpu-static,createsim,iter-1,createsims_short_equilibration,111.52764129638672,createsims_short_equilibration,0
127,gpu-static,createsim,iter-1,createsims_pull_molecules,283.73818707466125,createsims_pull_molecules,0
128,gpu-static,createsim,iter-1,createsims_relax_protein,35.889190912246704,createsims_relax_protein,0
129,gpu-static,createsim,iter-1,createsims_short_equilibration_20fs,99.43292355537415,createsims_short_equilibration,0
130,gpu-static,createsim,iter-1,createsims_prime_cg_sim,2.5213229656219482,createsims_prime_cg_sim,0
131,gpu-static,createsim,iter-1,createsim_runtime,739.1192851066589,createsim_runtime,0
132,gpu-static,createsim,iter-1,createsims_create_cg_patch,0.0019724369049072266,createsims_create_cg_patch,0
133,gpu-static,createsim,iter-1,createsims_setup_cg_sim,736.4615292549133,createsims_setup_cg_sim,0
134,gpu-static,createsim,iter-1,createsims_gromacs_energy_minimization_0,1.9195301532745361,createsims_gromacs_energy_minimization,0
135,gpu-static,createsim,iter-1,createsims_mdrun_lipids_water_0,0.6993608474731445,createsims_mdrun_lipids_water,0
136,gpu-static,createsim,iter-1,createsims_trjconv_lipids_water_0,0.4307119846343994,createsims_trjconv_lipids_water,0
137,gpu-static,createsim,iter-1,createsims_gromacs_energy_minimization_1,1.9058332443237305,createsims_gromacs_energy_minimization,0
138,gpu-static,createsim,iter-1,createsims_mdrun_lipids_water_1,0.6597344875335693,createsims_mdrun_lipids_water,0
139,gpu-static,createsim,iter-1,createsims_trjconv_lipids_water_1,0.4303715229034424,createsims_trjconv_lipids_water,0
140,gpu-static,createsim,iter-1,createsims_gromacs_energy_minimization_2,1.9058425426483154,createsims_gromacs_energy_minimization,0
141,gpu-static,createsim,iter-1,createsims_mdrun_lipids_water_2,2.8377463817596436,createsims_mdrun_lipids_water,0
142,gpu-static,createsim,iter-1,createsims_trjconv_lipids_water_2,0.43207526206970215,createsims_trjconv_lipids_water,0
143,gpu-static,createsim,iter-1,createsims_gromacs_energy_minimization_3,1.9178588390350342,createsims_gromacs_energy_minimization,0
144,gpu-static,createsim,iter-1,createsims_mdrun_lipids_water_3,2.0672872066497803,createsims_mdrun_lipids_water,0
145,gpu-static,createsim,iter-1,createsims_trjconv_lipids_water_3,0.4306676387786865,createsims_trjconv_lipids_water,0
146,gpu-static,createsim,iter-1,createsims_gromacs_energy_minimization_4,1.906221628189087,createsims_gromacs_energy_minimization,0
147,gpu-static,createsim,iter-1,createsims_mdrun_lipids_water_4,2.7007453441619873,createsims_mdrun_lipids_water,0
148,gpu-static,createsim,iter-1,createsims_trjconv_lipids_water_4,0.43128061294555664,createsims_trjconv_lipids_water,0
149,gpu-static,createsim,iter-1,createsims_gromacs_energy_minimization_5,1.9107868671417236,createsims_gromacs_energy_minimization,0
150,gpu-static,createsim,iter-1,createsims_mdrun_lipids_water_5,2.4375386238098145,createsims_mdrun_lipids_water,0
151,gpu-static,createsim,iter-1,createsims_trjconv_lipids_water_5,0.43102431297302246,createsims_trjconv_lipids_water,0
152,gpu-static,createsim,iter-1,createsims_gromacs_energy_minimization_6,1.9051940441131592,createsims_gromacs_energy_minimization,0
153,gpu-static,createsim,iter-1,createsims_mdrun_lipids_water_6,2.737938165664673,createsims_mdrun_lipids_water,0
154,gpu-static,createsim,iter-1,createsims_trjconv_lipids_water_6,0.4325294494628906,createsims_trjconv_lipids_water,0
155,gpu-static,createsim,iter-1,createsims_gromacs_energy_minimization_7,1.9087278842926025,createsims_gromacs_energy_minimization,0
156,gpu-static,createsim,iter-1,createsims_mdrun_lipids_water_7,2.5687432289123535,createsims_mdrun_lipids_water,0
157,gpu-static,createsim,iter-1,createsims_trjconv_lipids_water_7,0.429180383682251,createsims_trjconv_lipids_water,0
158,gpu-static,createsim,iter-1,createsims_gromacs_energy_minimization_8,1.9048800468444824,createsims_gromacs_energy_minimization,0
159,gpu-static,createsim,iter-1,createsims_mdrun_lipids_water_8,2.5866920948028564,createsims_mdrun_lipids_water,0
160,gpu-static,createsim,iter-1,createsims_trjconv_lipids_water_8,0.4340834617614746,createsims_trjconv_lipids_water,0
161,gpu-static,createsim,iter-1,createsims_gromacs_energy_minimization_9,1.908357858657837,createsims_gromacs_energy_minimization,0
162,gpu-static,createsim,iter-1,createsims_mdrun_lipids_water_9,2.6068546772003174,createsims_mdrun_lipids_water,0
163,gpu-static,createsim,iter-1,createsims_trjconv_lipids_water_9,0.43071842193603516,createsims_trjconv_lipids_water,0
164,gpu-static,createsim,iter-1,createsims_gromacs_make_ndx,0.7659485340118408,createsims_gromacs_make_ndx,0
165,gpu-static,createsim,iter-1,createsims_generate_velocities,34.40446376800537,createsims_generate_velocities,0
166,gpu-static,createsim,iter-1,createsims_short_equilibration,96.64122700691223,createsims_short_equilibration,0
167,gpu-static,createsim,iter-1,createsims_pull_molecules,414.9839417934418,createsims_pull_molecules,0
168,gpu-static,createsim,iter-1,createsims_relax_protein,37.62140488624573,createsims_relax_protein,0
169,gpu-static,createsim,iter-1,createsims_short_equilibration_20fs,95.34568977355957,createsims_short_equilibration,0
170,gpu-static,createsim,iter-1,createsims_prime_cg_sim,2.516160249710083,createsims_prime_cg_sim,0
171,gpu-static,createsim,iter-1,createsim_runtime,663.1417591571808,createsim_runtime,0
172,gpu-static,createsim,iter-1,createsims_create_cg_patch,0.0016973018646240234,createsims_create_cg_patch,0
173,gpu-static,createsim,iter-1,createsims_setup_cg_sim,660.4922881126404,createsims_setup_cg_sim,0
174,gpu-static,createsim,iter-1,createsims_gromacs_energy_minimization_0,1.9612352848052979,createsims_gromacs_energy_minimization,0
175,gpu-static,createsim,iter-1,createsims_mdrun_lipids_water_0,2.035364866256714,createsims_mdrun_lipids_water,0
176,gpu-static,createsim,iter-1,createsims_trjconv_lipids_water_0,0.4313373565673828,createsims_trjconv_lipids_water,0
177,gpu-static,createsim,iter-1,createsims_gromacs_make_ndx,0.7666053771972656,createsims_gromacs_make_ndx,0
178,gpu-static,createsim,iter-1,createsims_generate_velocities,43.79246473312378,createsims_generate_velocities,0
179,gpu-static,createsim,iter-1,createsims_short_equilibration,94.64050340652466,createsims_short_equilibration,0
180,gpu-static,createsim,iter-1,createsims_pull_molecules,408.36007952690125,createsims_pull_molecules,0
181,gpu-static,createsim,iter-1,createsims_relax_protein,29.398805379867554,createsims_relax_protein,0
182,gpu-static,createsim,iter-1,createsims_short_equilibration_20fs,75.37077903747559,createsims_short_equilibration,0
183,gpu-static,createsim,iter-1,createsims_prime_cg_sim,2.514265537261963,createsims_prime_cg_sim,0
184,gpu-static,createsim,iter-1,createsim_runtime,690.2668657302856,createsim_runtime,0
185,gpu-static,createsim,iter-1,createsims_create_cg_patch,0.001851797103881836,createsims_create_cg_patch,0
186,gpu-static,createsim,iter-1,createsims_setup_cg_sim,687.53297996521,createsims_setup_cg_sim,0
187,gpu-static,createsim,iter-1,createsims_gromacs_energy_minimization_0,2.424109697341919,createsims_gromacs_energy_minimization,0
188,gpu-static,createsim,iter-1,createsims_mdrun_lipids_water_0,3.021594762802124,createsims_mdrun_lipids_water,0
189,gpu-static,createsim,iter-1,createsims_trjconv_lipids_water_0,0.4353139400482178,createsims_trjconv_lipids_water,0
190,gpu-static,createsim,iter-1,createsims_gromacs_make_ndx,0.7690825462341309,createsims_gromacs_make_ndx,0
191,gpu-static,createsim,iter-1,createsims_generate_velocities,47.64506793022156,createsims_generate_velocities,0
192,gpu-static,createsim,iter-1,createsims_short_equilibration,95.91874527931213,createsims_short_equilibration,0
193,gpu-static,createsim,iter-1,createsims_pull_molecules,422.21180295944214,createsims_pull_molecules,0
194,gpu-static,createsim,iter-1,createsims_relax_protein,35.7436888217926,createsims_relax_protein,0
195,gpu-static,createsim,iter-1,createsims_short_equilibration_20fs,75.59246397018433,createsims_short_equilibration,0
196,gpu-static,createsim,iter-1,createsims_prime_cg_sim,2.5192720890045166,createsims_prime_cg_sim,0
197,gpu-static,createsim,iter-1,createsim_runtime,667.014505147934,createsim_runtime,0
198,gpu-static,createsim,iter-1,createsims_create_cg_patch,0.0021779537200927734,createsims_create_cg_patch,0
199,gpu-static,createsim,iter-1,createsims_setup_cg_sim,664.3373703956604,createsims_setup_cg_sim,0
200,gpu-static,createsim,iter-1,createsims_gromacs_energy_minimization_0,2.405665397644043,createsims_gromacs_energy_minimization,0
201,gpu-static,createsim,iter-1,createsims_mdrun_lipids_water_0,2.960724115371704,createsims_mdrun_lipids_water,0
202,gpu-static,createsim,iter-1,createsims_trjconv_lipids_water_0,0.4342458248138428,createsims_trjconv_lipids_water,0
203,gpu-static,createsim,iter-1,createsims_gromacs_make_ndx,0.7652442455291748,createsims_gromacs_make_ndx,0
204,gpu-static,createsim,iter-1,createsims_generate_velocities,45.714152574539185,createsims_generate_velocities,0
205,gpu-static,createsim,iter-1,createsims_short_equilibration,99.7295982837677,createsims_short_equilibration,0
206,gpu-static,createsim,iter-1,createsims_pull_molecules,377.21455240249634,createsims_pull_molecules,0
207,gpu-static,createsim,iter-1,createsims_relax_protein,32.3816921710968,createsims_relax_protein,0
208,gpu-static,createsim,iter-1,createsims_short_equilibration_20fs,99.00293588638306,createsims_short_equilibration,0
209,gpu-static,createsim,iter-1,createsims_prime_cg_sim,2.5238566398620605,createsims_prime_cg_sim,0
210,gpu-static,createsim,iter-1,createsim_runtime,616.3121304512024,createsim_runtime,0
211,gpu-static,createsim,iter-1,createsims_create_cg_patch,0.0017063617706298828,createsims_create_cg_patch,0
212,gpu-static,createsim,iter-1,createsims_setup_cg_sim,613.6502492427826,createsims_setup_cg_sim,0
213,gpu-static,createsim,iter-1,createsims_gromacs_energy_minimization_0,1.9204351902008057,createsims_gromacs_energy_minimization,0
214,gpu-static,createsim,iter-1,createsims_mdrun_lipids_water_0,2.587430715560913,createsims_mdrun_lipids_water,0
215,gpu-static,createsim,iter-1,createsims_trjconv_lipids_water_0,0.42852210998535156,createsims_trjconv_lipids_water,0
216,gpu-static,createsim,iter-1,createsims_gromacs_make_ndx,0.7599775791168213,createsims_gromacs_make_ndx,0
217,gpu-static,createsim,iter-1,createsims_generate_velocities,46.20054769515991,createsims_generate_velocities,0
218,gpu-static,createsim,iter-1,createsims_short_equilibration,75.41758036613464,createsims_short_equilibration,0
219,gpu-static,createsim,iter-1,createsims_pull_molecules,380.43372869491577,createsims_pull_molecules,0
220,gpu-static,createsim,iter-1,createsims_relax_protein,29.475332975387573,createsims_relax_protein,0
221,gpu-static,createsim,iter-1,createsims_short_equilibration_20fs,72.71642231941223,createsims_short_equilibration,0
222,gpu-static,createsim,iter-1,createsims_prime_cg_sim,2.5101981163024902,createsims_prime_cg_sim,0
223,gpu-static,createsim,iter-1,createsim_runtime,722.1326174736023,createsim_runtime,0
224,gpu-static,createsim,iter-1,createsims_create_cg_patch,0.0016934871673583984,createsims_create_cg_patch,0
225,gpu-static,createsim,iter-1,createsims_setup_cg_sim,719.4164052009583,createsims_setup_cg_sim,0
226,gpu-static,createsim,iter-1,createsims_gromacs_energy_minimization_0,1.9086425304412842,createsims_gromacs_energy_minimization,0
227,gpu-static,createsim,iter-1,createsims_mdrun_lipids_water_0,2.5711238384246826,createsims_mdrun_lipids_water,0
228,gpu-static,createsim,iter-1,createsims_trjconv_lipids_water_0,0.4310753345489502,createsims_trjconv_lipids_water,0
229,gpu-static,createsim,iter-1,createsims_gromacs_make_ndx,0.762566328048706,createsims_gromacs_make_ndx,0
230,gpu-static,createsim,iter-1,createsims_generate_velocities,34.78429293632507,createsims_generate_velocities,0
231,gpu-static,createsim,iter-1,createsims_short_equilibration,110.7964723110199,createsims_short_equilibration,0
232,gpu-static,createsim,iter-1,createsims_pull_molecules,444.68852376937866,createsims_pull_molecules,0
233,gpu-static,createsim,iter-1,createsims_relax_protein,28.501710176467896,createsims_relax_protein,0
234,gpu-static,createsim,iter-1,createsims_short_equilibration_20fs,91.13951683044434,createsims_short_equilibration,0
235,gpu-static,createsim,iter-1,createsims_prime_cg_sim,2.57251238822937,createsims_prime_cg_sim,0
236,gpu-static,createsim,iter-1,createsim_runtime,699.6839756965637,createsim_runtime,0
237,gpu-static,createsim,iter-1,createsims_create_cg_patch,0.0016973018646240234,createsims_create_cg_patch,0
238,gpu-static,createsim,iter-1,createsims_setup_cg_sim,696.9894332885742,createsims_setup_cg_sim,0
239,gpu-static,createsim,iter-1,createsims_gromacs_energy_minimization_0,1.9209985733032227,createsims_gromacs_energy_minimization,0
240,gpu-static,createsim,iter-1,createsims_mdrun_lipids_water_0,2.593336820602417,createsims_mdrun_lipids_water,0
241,gpu-static,createsim,iter-1,createsims_trjconv_lipids_water_0,0.43069887161254883,createsims_trjconv_lipids_water,0
242,gpu-static,createsim,iter-1,createsims_gromacs_make_ndx,0.767897367477417,createsims_gromacs_make_ndx,0
243,gpu-static,createsim,iter-1,createsims_generate_velocities,34.62761950492859,createsims_generate_velocities,0
244,gpu-static,createsim,iter-1,createsims_short_equilibration,101.08462715148926,createsims_short_equilibration,0
245,gpu-static,createsim,iter-1,createsims_pull_molecules,423.5121867656708,createsims_pull_molecules,0
246,gpu-static,createsim,iter-1,createsims_relax_protein,31.840210437774658,createsims_relax_protein,0
247,gpu-static,createsim,iter-1,createsims_short_equilibration_20fs,96.60174107551575,createsims_short_equilibration,0
248,gpu-static,createsim,iter-1,createsims_prime_cg_sim,2.529618978500366,createsims_prime_cg_sim,0
249,gpu-static,createsim,iter-1,createsim_runtime,604.8297634124756,createsim_runtime,0
250,gpu-static,createsim,iter-1,createsims_create_cg_patch,0.0016863346099853516,createsims_create_cg_patch,0
251,gpu-static,createsim,iter-1,createsims_setup_cg_sim,602.1932420730591,createsims_setup_cg_sim,0
252,gpu-static,createsim,iter-1,createsims_gromacs_energy_minimization_0,1.915605068206787,createsims_gromacs_energy_minimization,0
253,gpu-static,createsim,iter-1,createsims_mdrun_lipids_water_0,0.6402263641357422,createsims_mdrun_lipids_water,0
254,gpu-static,createsim,iter-1,createsims_trjconv_lipids_water_0,0.43419432640075684,createsims_trjconv_lipids_water,0
255,gpu-static,createsim,iter-1,createsims_gromacs_energy_minimization_1,1.914635181427002,createsims_gromacs_energy_minimization,0
256,gpu-static,createsim,iter-1,createsims_mdrun_lipids_water_1,2.5383851528167725,createsims_mdrun_lipids_water,0
257,gpu-static,createsim,iter-1,createsims_trjconv_lipids_water_1,0.4343235492706299,createsims_trjconv_lipids_water,0
258,gpu-static,createsim,iter-1,createsims_gromacs_energy_minimization_2,1.9172720909118652,createsims_gromacs_energy_minimization,0
259,gpu-static,createsim,iter-1,createsims_mdrun_lipids_water_2,2.423492431640625,createsims_mdrun_lipids_water,0
260,gpu-static,createsim,iter-1,createsims_trjconv_lipids_water_2,0.43167781829833984,createsims_trjconv_lipids_water,0
261,gpu-static,createsim,iter-1,createsims_gromacs_energy_minimization_3,1.9144988059997559,createsims_gromacs_energy_minimization,0
262,gpu-static,createsim,iter-1,createsims_mdrun_lipids_water_3,2.690293550491333,createsims_mdrun_lipids_water,0
263,gpu-static,createsim,iter-1,createsims_trjconv_lipids_water_3,0.43845319747924805,createsims_trjconv_lipids_water,0
264,gpu-static,createsim,iter-1,createsims_gromacs_energy_minimization_4,1.9981038570404053,createsims_gromacs_energy_minimization,0
265,gpu-static,createsim,iter-1,createsims_mdrun_lipids_water_4,1.991758108139038,createsims_mdrun_lipids_water,0
266,gpu-static,createsim,iter-1,createsims_trjconv_lipids_water_4,0.44030213356018066,createsims_trjconv_lipids_water,0
267,gpu-static,createsim,iter-1,createsims_gromacs_energy_minimization_5,1.9110431671142578,createsims_gromacs_energy_minimization,0
268,gpu-static,createsim,iter-1,createsims_mdrun_lipids_water_5,2.4483025074005127,createsims_mdrun_lipids_water,0
269,gpu-static,createsim,iter-1,createsims_trjconv_lipids_water_5,0.4329063892364502,createsims_trjconv_lipids_water,0
270,gpu-static,createsim,iter-1,createsims_gromacs_energy_minimization_6,1.9139177799224854,createsims_gromacs_energy_minimization,0
271,gpu-static,createsim,iter-1,createsims_mdrun_lipids_water_6,2.0395023822784424,createsims_mdrun_lipids_water,0
272,gpu-static,createsim,iter-1,createsims_trjconv_lipids_water_6,0.43963050842285156,createsims_trjconv_lipids_water,0
273,gpu-static,createsim,iter-1,createsims_gromacs_energy_minimization_7,1.9337120056152344,createsims_gromacs_energy_minimization,0
274,gpu-static,createsim,iter-1,createsims_mdrun_lipids_water_7,2.625173330307007,createsims_mdrun_lipids_water,0
275,gpu-static,createsim,iter-1,createsims_trjconv_lipids_water_7,0.4331979751586914,createsims_trjconv_lipids_water,0
276,gpu-static,createsim,iter-1,createsims_gromacs_energy_minimization_8,1.9153783321380615,createsims_gromacs_energy_minimization,0
277,gpu-static,createsim,iter-1,createsims_mdrun_lipids_water_8,2.5727379322052,createsims_mdrun_lipids_water,0
278,gpu-static,createsim,iter-1,createsims_trjconv_lipids_water_8,0.4395725727081299,createsims_trjconv_lipids_water,0
279,gpu-static,createsim,iter-1,createsims_gromacs_energy_minimization_9,1.9097838401794434,createsims_gromacs_energy_minimization,0
280,gpu-static,createsim,iter-1,createsims_mdrun_lipids_water_9,2.4711077213287354,createsims_mdrun_lipids_water,0
281,gpu-static,createsim,iter-1,createsims_trjconv_lipids_water_9,0.4356272220611572,createsims_trjconv_lipids_water,0
282,gpu-static,createsim,iter-1,createsims_gromacs_make_ndx,0.7731029987335205,createsims_gromacs_make_ndx,0
283,gpu-static,createsim,iter-1,createsims_generate_velocities,32.597904205322266,createsims_generate_velocities,0
284,gpu-static,createsim,iter-1,createsims_short_equilibration,108.49377751350403,createsims_short_equilibration,0
285,gpu-static,createsim,iter-1,createsims_pull_molecules,278.56527304649353,createsims_pull_molecules,0
286,gpu-static,createsim,iter-1,createsims_relax_protein,29.84888195991516,createsims_relax_protein,0
287,gpu-static,createsim,iter-1,createsims_short_equilibration_20fs,93.88781189918518,createsims_short_equilibration,0
288,gpu-static,createsim,iter-1,createsims_prime_cg_sim,2.521961212158203,createsims_prime_cg_sim,0
289,gpu-static,createsim,iter-1,createsim_runtime,726.1068296432495,createsim_runtime,0
290,gpu-static,createsim,iter-1,createsims_create_cg_patch,0.001692056655883789,createsims_create_cg_patch,0
291,gpu-static,createsim,iter-1,createsims_setup_cg_sim,723.4357767105103,createsims_setup_cg_sim,0
292,gpu-static,createsim,iter-1,createsims_gromacs_energy_minimization_0,1.9091405868530273,createsims_gromacs_energy_minimization,0
293,gpu-static,createsim,iter-1,createsims_mdrun_lipids_water_0,0.6306178569793701,createsims_mdrun_lipids_water,0
294,gpu-static,createsim,iter-1,createsims_trjconv_lipids_water_0,0.43123936653137207,createsims_trjconv_lipids_water,0
295,gpu-static,createsim,iter-1,createsims_gromacs_energy_minimization_1,1.9193854331970215,createsims_gromacs_energy_minimization,0
296,gpu-static,createsim,iter-1,createsims_mdrun_lipids_water_1,2.101971387863159,createsims_mdrun_lipids_water,0
297,gpu-static,createsim,iter-1,createsims_trjconv_lipids_water_1,0.4402730464935303,createsims_trjconv_lipids_water,0
298,gpu-static,createsim,iter-1,createsims_gromacs_energy_minimization_2,1.9058029651641846,createsims_gromacs_energy_minimization,0
299,gpu-static,createsim,iter-1,createsims_mdrun_lipids_water_2,2.7591042518615723,createsims_mdrun_lipids_water,0
300,gpu-static,createsim,iter-1,createsims_trjconv_lipids_water_2,0.4287693500518799,createsims_trjconv_lipids_water,0
301,gpu-static,createsim,iter-1,createsims_gromacs_energy_minimization_3,1.9118187427520752,createsims_gromacs_energy_minimization,0
302,gpu-static,createsim,iter-1,createsims_mdrun_lipids_water_3,2.1526358127593994,createsims_mdrun_lipids_water,0
303,gpu-static,createsim,iter-1,createsims_trjconv_lipids_water_3,0.43657612800598145,createsims_trjconv_lipids_water,0
304,gpu-static,createsim,iter-1,createsims_gromacs_energy_minimization_4,1.9067034721374512,createsims_gromacs_energy_minimization,0
305,gpu-static,createsim,iter-1,createsims_mdrun_lipids_water_4,2.743823766708374,createsims_mdrun_lipids_water,0
306,gpu-static,createsim,iter-1,createsims_trjconv_lipids_water_4,0.4258542060852051,createsims_trjconv_lipids_water,0
307,gpu-static,createsim,iter-1,createsims_gromacs_energy_minimization_5,1.9121026992797852,createsims_gromacs_energy_minimization,0
308,gpu-static,createsim,iter-1,createsims_mdrun_lipids_water_5,2.0099425315856934,createsims_mdrun_lipids_water,0
309,gpu-static,createsim,iter-1,createsims_trjconv_lipids_water_5,0.42936229705810547,createsims_trjconv_lipids_water,0
310,gpu-static,createsim,iter-1,createsims_gromacs_energy_minimization_6,1.9060173034667969,createsims_gromacs_energy_minimization,0
311,gpu-static,createsim,iter-1,createsims_mdrun_lipids_water_6,2.722001791000366,createsims_mdrun_lipids_water,0
312,gpu-static,createsim,iter-1,createsims_trjconv_lipids_water_6,0.4508326053619385,createsims_trjconv_lipids_water,0
313,gpu-static,createsim,iter-1,createsims_gromacs_energy_minimization_7,1.9390332698822021,createsims_gromacs_energy_minimization,0
314,gpu-static,createsim,iter-1,createsims_mdrun_lipids_water_7,2.6674227714538574,createsims_mdrun_lipids_water,0
315,gpu-static,createsim,iter-1,createsims_trjconv_lipids_water_7,0.43057942390441895,createsims_trjconv_lipids_water,0
316,gpu-static,createsim,iter-1,createsims_gromacs_energy_minimization_8,1.9065494537353516,createsims_gromacs_energy_minimization,0
317,gpu-static,createsim,iter-1,createsims_mdrun_lipids_water_8,2.762126922607422,createsims_mdrun_lipids_water,0
318,gpu-static,createsim,iter-1,createsims_trjconv_lipids_water_8,0.44129419326782227,createsims_trjconv_lipids_water,0
319,gpu-static,createsim,iter-1,createsims_gromacs_energy_minimization_9,1.9077179431915283,createsims_gromacs_energy_minimization,0
320,gpu-static,createsim,iter-1,createsims_mdrun_lipids_water_9,2.617213249206543,createsims_mdrun_lipids_water,0
321,gpu-static,createsim,iter-1,createsims_trjconv_lipids_water_9,0.42899179458618164,createsims_trjconv_lipids_water,0
322,gpu-static,createsim,iter-1,createsims_gromacs_make_ndx,0.7642092704772949,createsims_gromacs_make_ndx,0
323,gpu-static,createsim,iter-1,createsims_generate_velocities,32.5613067150116,createsims_generate_velocities,0
324,gpu-static,createsim,iter-1,createsims_short_equilibration,97.34133505821228,createsims_short_equilibration,0
325,gpu-static,createsim,iter-1,createsims_pull_molecules,390.52309799194336,createsims_pull_molecules,0
326,gpu-static,createsim,iter-1,createsims_relax_protein,34.41219782829285,createsims_relax_protein,0
327,gpu-static,createsim,iter-1,createsims_short_equilibration_20fs,108.40733885765076,createsims_short_equilibration,0
328,gpu-static,createsim,iter-1,createsims_prime_cg_sim,2.5221760272979736,createsims_prime_cg_sim,0
329,gpu-static,createsim,iter-1,createsim_runtime,635.5295825004578,createsim_runtime,0
330,gpu-static,createsim,iter-1,createsims_create_cg_patch,0.001707315444946289,createsims_create_cg_patch,0
331,gpu-static,createsim,iter-1,createsims_setup_cg_sim,632.84557056427,createsims_setup_cg_sim,0
332,gpu-static,createsim,iter-1,createsims_gromacs_energy_minimization_0,1.906585693359375,createsims_gromacs_energy_minimization,0
333,gpu-static,createsim,iter-1,createsims_mdrun_lipids_water_0,0.6367359161376953,createsims_mdrun_lipids_water,0
334,gpu-static,createsim,iter-1,createsims_trjconv_lipids_water_0,0.42817187309265137,createsims_trjconv_lipids_water,0
335,gpu-static,createsim,iter-1,createsims_gromacs_energy_minimization_1,1.9013862609863281,createsims_gromacs_energy_minimization,0
336,gpu-static,createsim,iter-1,createsims_mdrun_lipids_water_1,2.6900529861450195,createsims_mdrun_lipids_water,0
337,gpu-static,createsim,iter-1,createsims_trjconv_lipids_water_1,0.42656517028808594,createsims_trjconv_lipids_water,0
338,gpu-static,createsim,iter-1,createsims_gromacs_energy_minimization_2,1.9020683765411377,createsims_gromacs_energy_minimization,0
339,gpu-static,createsim,iter-1,createsims_mdrun_lipids_water_2,2.543379068374634,createsims_mdrun_lipids_water,0
340,gpu-static,createsim,iter-1,createsims_trjconv_lipids_water_2,0.42860889434814453,createsims_trjconv_lipids_water,0
341,gpu-static,createsim,iter-1,createsims_gromacs_energy_minimization_3,2.032670021057129,createsims_gromacs_energy_minimization,0
342,gpu-static,createsim,iter-1,createsims_mdrun_lipids_water_3,2.6637065410614014,createsims_mdrun_lipids_water,0
343,gpu-static,createsim,iter-1,createsims_trjconv_lipids_water_3,0.4284687042236328,createsims_trjconv_lipids_water,0
344,gpu-static,createsim,iter-1,createsims_gromacs_energy_minimization_4,1.903855800628662,createsims_gromacs_energy_minimization,0
345,gpu-static,createsim,iter-1,createsims_mdrun_lipids_water_4,0.6238574981689453,createsims_mdrun_lipids_water,0
346,gpu-static,createsim,iter-1,createsims_trjconv_lipids_water_4,0.4290041923522949,createsims_trjconv_lipids_water,0
347,gpu-static,createsim,iter-1,createsims_gromacs_energy_minimization_5,1.9881515502929688,createsims_gromacs_energy_minimization,0
348,gpu-static,createsim,iter-1,createsims_mdrun_lipids_water_5,2.6063497066497803,createsims_mdrun_lipids_water,0
349,gpu-static,createsim,iter-1,createsims_trjconv_lipids_water_5,0.430600643157959,createsims_trjconv_lipids_water,0
350,gpu-static,createsim,iter-1,createsims_gromacs_energy_minimization_6,1.9073896408081055,createsims_gromacs_energy_minimization,0
351,gpu-static,createsim,iter-1,createsims_mdrun_lipids_water_6,2.5809741020202637,createsims_mdrun_lipids_water,0
352,gpu-static,createsim,iter-1,createsims_trjconv_lipids_water_6,0.4277005195617676,createsims_trjconv_lipids_water,0
353,gpu-static,createsim,iter-1,createsims_gromacs_energy_minimization_7,1.9067845344543457,createsims_gromacs_energy_minimization,0
354,gpu-static,createsim,iter-1,createsims_mdrun_lipids_water_7,2.473480224609375,createsims_mdrun_lipids_water,0
355,gpu-static,createsim,iter-1,createsims_trjconv_lipids_water_7,0.4358065128326416,createsims_trjconv_lipids_water,0
356,gpu-static,createsim,iter-1,createsims_gromacs_energy_minimization_8,1.903757095336914,createsims_gromacs_energy_minimization,0
357,gpu-static,createsim,iter-1,createsims_mdrun_lipids_water_8,2.4398651123046875,createsims_mdrun_lipids_water,0
358,gpu-static,createsim,iter-1,createsims_trjconv_lipids_water_8,0.42929577827453613,createsims_trjconv_lipids_water,0
359,gpu-static,createsim,iter-1,createsims_gromacs_energy_minimization_9,1.9081144332885742,createsims_gromacs_energy_minimization,0
360,gpu-static,createsim,iter-1,createsims_mdrun_lipids_water_9,2.6119203567504883,createsims_mdrun_lipids_water,0
361,gpu-static,createsim,iter-1,createsims_trjconv_lipids_water_9,0.43673181533813477,createsims_trjconv_lipids_water,0
362,gpu-static,createsim,iter-1,createsims_gromacs_make_ndx,0.7605652809143066,createsims_gromacs_make_ndx,0
363,gpu-static,createsim,iter-1,createsims_generate_velocities,43.84358859062195,createsims_generate_velocities,0
364,gpu-static,createsim,iter-1,createsims_short_equilibration,101.26726198196411,createsims_short_equilibration,0
365,gpu-static,createsim,iter-1,createsims_pull_molecules,297.73568630218506,createsims_pull_molecules,0
366,gpu-static,createsim,iter-1,createsims_relax_protein,31.611112117767334,createsims_relax_protein,0
367,gpu-static,createsim,iter-1,createsims_short_equilibration_20fs,100.81078934669495,createsims_short_equilibration,0
368,gpu-static,createsim,iter-1,createsims_prime_cg_sim,2.5247979164123535,createsims_prime_cg_sim,0
369,gpu-static,createsim,iter-1,createsim_runtime,581.1179721355438,createsim_runtime,0
370,gpu-static,createsim,iter-1,createsims_create_cg_patch,0.001691579818725586,createsims_create_cg_patch,0
371,gpu-static,createsim,iter-1,createsims_setup_cg_sim,578.4288566112518,createsims_setup_cg_sim,0
372,gpu-static,createsim,iter-1,createsims_gromacs_energy_minimization_0,1.9041874408721924,createsims_gromacs_energy_minimization,0
373,gpu-static,createsim,iter-1,createsims_mdrun_lipids_water_0,2.112679958343506,createsims_mdrun_lipids_water,0
374,gpu-static,createsim,iter-1,createsims_trjconv_lipids_water_0,0.42876267433166504,createsims_trjconv_lipids_water,0
375,gpu-static,createsim,iter-1,createsims_gromacs_make_ndx,0.7611279487609863,createsims_gromacs_make_ndx,0
376,gpu-static,createsim,iter-1,createsims_generate_velocities,32.98871827125549,createsims_generate_velocities,0
377,gpu-static,createsim,iter-1,createsims_short_equilibration,99.22301054000854,createsims_short_equilibration,0
378,gpu-static,createsim,iter-1,createsims_pull_molecules,296.6257965564728,createsims_pull_molecules,0
379,gpu-static,createsim,iter-1,createsims_relax_protein,36.797311544418335,createsims_relax_protein,0
380,gpu-static,createsim,iter-1,createsims_short_equilibration_20fs,104.02092576026917,createsims_short_equilibration,0
381,gpu-static,createsim,iter-1,createsims_prime_cg_sim,2.5111472606658936,createsims_prime_cg_sim,0
382,gpu-static,createsim,iter-1,createsim_runtime,553.1635131835938,createsim_runtime,0
383,gpu-static,createsim,iter-1,createsims_create_cg_patch,0.001699686050415039,createsims_create_cg_patch,0
384,gpu-static,createsim,iter-1,createsims_setup_cg_sim,550.4468619823456,createsims_setup_cg_sim,0
385,gpu-static,createsim,iter-1,createsims_gromacs_energy_minimization_0,1.9080007076263428,createsims_gromacs_energy_minimization,0
386,gpu-static,createsim,iter-1,createsims_mdrun_lipids_water_0,2.722592353820801,createsims_mdrun_lipids_water,0
387,gpu-static,createsim,iter-1,createsims_trjconv_lipids_water_0,0.4307873249053955,createsims_trjconv_lipids_water,0
388,gpu-static,createsim,iter-1,createsims_gromacs_make_ndx,0.7675454616546631,createsims_gromacs_make_ndx,0
389,gpu-static,createsim,iter-1,createsims_generate_velocities,46.48848056793213,createsims_generate_velocities,0
390,gpu-static,createsim,iter-1,createsims_short_equilibration,71.67762231826782,createsims_short_equilibration,0
391,gpu-static,createsim,iter-1,createsims_pull_molecules,284.33149099349976,createsims_pull_molecules,0
392,gpu-static,createsim,iter-1,createsims_relax_protein,33.14668917655945,createsims_relax_protein,0
393,gpu-static,createsim,iter-1,createsims_short_equilibration_20fs,105.38660621643066,createsims_short_equilibration,0
394,gpu-static,createsim,iter-1,createsims_prime_cg_sim,2.5333309173583984,createsims_prime_cg_sim,0
395,gpu-static,createsim,iter-1,createsim_runtime,571.6791961193085,createsim_runtime,0
396,gpu-static,createsim,iter-1,createsims_create_cg_patch,0.0016901493072509766,createsims_create_cg_patch,0
397,gpu-static,createsim,iter-1,createsims_setup_cg_sim,568.9707798957825,createsims_setup_cg_sim,0
398,gpu-static,createsim,iter-1,createsims_gromacs_energy_minimization_0,1.901909589767456,createsims_gromacs_energy_minimization,0
399,gpu-static,createsim,iter-1,createsims_mdrun_lipids_water_0,2.4575252532958984,createsims_mdrun_lipids_water,0
400,gpu-static,createsim,iter-1,createsims_trjconv_lipids_water_0,0.42818403244018555,createsims_trjconv_lipids_water,0
401,gpu-static,createsim,iter-1,createsims_gromacs_make_ndx,0.7587471008300781,createsims_gromacs_make_ndx,0
402,gpu-static,createsim,iter-1,createsims_generate_velocities,46.540351152420044,createsims_generate_velocities,0
403,gpu-static,createsim,iter-1,createsims_short_equilibration,105.87947583198547,createsims_short_equilibration,0
404,gpu-static,createsim,iter-1,createsims_pull_molecules,282.3328185081482,createsims_pull_molecules,0
405,gpu-static,createsim,iter-1,createsims_relax_protein,32.39414119720459,createsims_relax_protein,0
406,gpu-static,createsim,iter-1,createsims_short_equilibration_20fs,92.69535756111145,createsims_short_equilibration,0
407,gpu-static,createsim,iter-1,createsims_prime_cg_sim,2.513814687728882,createsims_prime_cg_sim,0
408,gpu-static,createsim,iter-1,createsim_runtime,724.6977851390839,createsim_runtime,0
409,gpu-static,createsim,iter-1,createsims_create_cg_patch,0.0016918182373046875,createsims_create_cg_patch,0
410,gpu-static,createsim,iter-1,createsims_setup_cg_sim,722.0402328968048,createsims_setup_cg_sim,0
411,gpu-static,createsim,iter-1,createsims_gromacs_energy_minimization_0,1.9067494869232178,createsims_gromacs_energy_minimization,0
412,gpu-static,createsim,iter-1,createsims_mdrun_lipids_water_0,2.4660837650299072,createsims_mdrun_lipids_water,0
413,gpu-static,createsim,iter-1,createsims_trjconv_lipids_water_0,0.43123650550842285,createsims_trjconv_lipids_water,0
414,gpu-static,createsim,iter-1,createsims_gromacs_make_ndx,0.7678098678588867,createsims_gromacs_make_ndx,0
415,gpu-static,createsim,iter-1,createsims_generate_velocities,44.056817054748535,createsims_generate_velocities,0
416,gpu-static,createsim,iter-1,createsims_short_equilibration,97.75094628334045,createsims_short_equilibration,0
417,gpu-static,createsim,iter-1,createsims_pull_molecules,428.7626039981842,createsims_pull_molecules,0
418,gpu-static,createsim,iter-1,createsims_relax_protein,34.142791748046875,createsims_relax_protein,0
419,gpu-static,createsim,iter-1,createsims_short_equilibration_20fs,108.19472551345825,createsims_short_equilibration,0
420,gpu-static,createsim,iter-1,createsims_prime_cg_sim,2.5193734169006348,createsims_prime_cg_sim,0
421,gpu-static,createsim,iter-1,createsim_runtime,576.131596326828,createsim_runtime,0
422,gpu-static,createsim,iter-1,createsims_create_cg_patch,0.0016875267028808594,createsims_create_cg_patch,0
423,gpu-static,createsim,iter-1,createsims_setup_cg_sim,573.4694800376892,createsims_setup_cg_sim,0
424,gpu-static,createsim,iter-1,createsims_gromacs_energy_minimization_0,2.0878396034240723,createsims_gromacs_energy_minimization,0
425,gpu-static,createsim,iter-1,createsims_mdrun_lipids_water_0,2.5740091800689697,createsims_mdrun_lipids_water,0
426,gpu-static,createsim,iter-1,createsims_trjconv_lipids_water_0,0.4331507682800293,createsims_trjconv_lipids_water,0
427,gpu-static,createsim,iter-1,createsims_gromacs_make_ndx,0.7680742740631104,createsims_gromacs_make_ndx,0
428,gpu-static,createsim,iter-1,createsims_generate_velocities,45.46952223777771,createsims_generate_velocities,0
429,gpu-static,createsim,iter-1,createsims_short_equilibration,93.25493383407593,createsims_short_equilibration,0
430,gpu-static,createsim,iter-1,createsims_pull_molecules,282.6074204444885,createsims_pull_molecules,0
431,gpu-static,createsim,iter-1,createsims_relax_protein,38.077744007110596,createsims_relax_protein,0
432,gpu-static,createsim,iter-1,createsims_short_equilibration_20fs,103.92948246002197,createsims_short_equilibration,0
433,gpu-static,createsim,iter-1,createsims_prime_cg_sim,2.518533945083618,createsims_prime_cg_sim,0
434,gpu-static,createsim,iter-1,createsim_runtime,727.8989813327789,createsim_runtime,0
435,gpu-static,createsim,iter-1,createsims_create_cg_patch,0.0016934871673583984,createsims_create_cg_patch,0
436,gpu-static,createsim,iter-1,createsims_setup_cg_sim,725.2377617359161,createsims_setup_cg_sim,0
437,gpu-static,createsim,iter-1,createsims_gromacs_energy_minimization_0,1.9136731624603271,createsims_gromacs_energy_minimization,0
438,gpu-static,createsim,iter-1,createsims_mdrun_lipids_water_0,2.7235593795776367,createsims_mdrun_lipids_water,0
439,gpu-static,createsim,iter-1,createsims_trjconv_lipids_water_0,0.4369654655456543,createsims_trjconv_lipids_water,0
440,gpu-static,createsim,iter-1,createsims_gromacs_make_ndx,0.7748243808746338,createsims_gromacs_make_ndx,0
441,gpu-static,createsim,iter-1,createsims_generate_velocities,60.15982532501221,createsims_generate_velocities,0
442,gpu-static,createsim,iter-1,createsims_short_equilibration,97.67967653274536,createsims_short_equilibration,0
443,gpu-static,createsim,iter-1,createsims_pull_molecules,445.3219575881958,createsims_pull_molecules,0
444,gpu-static,createsim,iter-1,createsims_relax_protein,36.912636280059814,createsims_relax_protein,0
445,gpu-static,createsim,iter-1,createsims_short_equilibration_20fs,75.55464553833008,createsims_short_equilibration,0
446,gpu-static,createsim,iter-1,createsims_prime_cg_sim,2.5200612545013428,createsims_prime_cg_sim,0
447,gpu-static,cganalysis,iter-1,cganalysis_run,1786.3539998531342,cganalysis_run,0
448,gpu-static,cganalysis,iter-1,cganalysis_load_mdanalysis,2.786729097366333,cganalysis_load_mdanalysis,0
449,gpu-static,cganalysis,iter-1,cganalysis_run_simulation,5.010026454925537,cganalysis_run_simulation,0
450,gpu-static,cganalysis,iter-1,cganalysis_simrun,5.00969123840332,cganalysis_simrun,0
451,gpu-static,cganalysis,iter-1,cganalysis_run,1787.8359999656677,cganalysis_run,0
452,gpu-static,cganalysis,iter-1,cganalysis_load_mdanalysis,3.159970998764038,cganalysis_load_mdanalysis,0
453,gpu-static,cganalysis,iter-1,cganalysis_run_simulation,5.0102643966674805,cganalysis_run_simulation,0
454,gpu-static,cganalysis,iter-1,cganalysis_simrun,5.009912729263306,cganalysis_simrun,0
455,gpu-static,cganalysis,iter-1,cganalysis_run,1785.1979999542236,cganalysis_run,0
456,gpu-static,cganalysis,iter-1,cganalysis_load_mdanalysis,1.635118007659912,cganalysis_load_mdanalysis,0
457,gpu-static,cganalysis,iter-1,cganalysis_run_simulation,5.010173320770264,cganalysis_run_simulation,0
458,gpu-static,cganalysis,iter-1,cganalysis_simrun,5.009836435317993,cganalysis_simrun,0
459,gpu-static,cganalysis,iter-1,cganalysis_run,1787.223000049591,cganalysis_run,0
460,gpu-static,cganalysis,iter-1,cganalysis_load_mdanalysis,2.9009416103363037,cganalysis_load_mdanalysis,0
461,gpu-static,cganalysis,iter-1,cganalysis_run_simulation,5.009944915771484,cganalysis_run_simulation,0
462,gpu-static,cganalysis,iter-1,cganalysis_simrun,5.00959849357605,cganalysis_simrun,0
463,gpu-static,cganalysis,iter-1,cganalysis_run,1785.7809998989105,cganalysis_run,0
464,gpu-static,cganalysis,iter-1,cganalysis_load_mdanalysis,1.6468205451965332,cganalysis_load_mdanalysis,0
465,gpu-static,cganalysis,iter-1,cganalysis_run_simulation,5.01026463508606,cganalysis_run_simulation,0
466,gpu-static,cganalysis,iter-1,cganalysis_simrun,5.009905099868774,cganalysis_simrun,0
467,gpu-static,cganalysis,iter-1,cganalysis_run,1786.34099984169,cganalysis_run,0
468,gpu-static,cganalysis,iter-1,cganalysis_load_mdanalysis,2.3386709690093994,cganalysis_load_mdanalysis,0
469,gpu-static,cganalysis,iter-1,cganalysis_run_simulation,5.01015305519104,cganalysis_run_simulation,0
470,gpu-static,cganalysis,iter-1,cganalysis_simrun,5.009788751602173,cganalysis_simrun,0
471,gpu-static,cganalysis,iter-1,cganalysis_run,1787.3289999961853,cganalysis_run,0
472,gpu-static,cganalysis,iter-1,cganalysis_load_mdanalysis,2.0124704837799072,cganalysis_load_mdanalysis,0
473,gpu-static,cganalysis,iter-1,cganalysis_run_simulation,5.010295391082764,cganalysis_run_simulation,0
474,gpu-static,cganalysis,iter-1,cganalysis_simrun,5.0099406242370605,cganalysis_simrun,0
475,gpu-static,cganalysis,iter-1,cganalysis_run,1785.4409999847412,cganalysis_run,0
476,gpu-static,cganalysis,iter-1,cganalysis_load_mdanalysis,2.5119543075561523,cganalysis_load_mdanalysis,0
477,gpu-static,cganalysis,iter-1,cganalysis_run_simulation,5.010151624679565,cganalysis_run_simulation,0
478,gpu-static,cganalysis,iter-1,cganalysis_simrun,5.009801387786865,cganalysis_simrun,0
479,gpu-static,cganalysis,iter-1,cganalysis_run,1785.7990000247955,cganalysis_run,0
480,gpu-static,cganalysis,iter-1,cganalysis_load_mdanalysis,1.6318950653076172,cganalysis_load_mdanalysis,0
481,gpu-static,cganalysis,iter-1,cganalysis_run_simulation,5.009809732437134,cganalysis_run_simulation,0
482,gpu-static,cganalysis,iter-1,cganalysis_simrun,5.009458780288696,cganalysis_simrun,0
483,gpu-static,cganalysis,iter-1,cganalysis_run,1786.0250000953674,cganalysis_run,0
484,gpu-static,cganalysis,iter-1,cganalysis_load_mdanalysis,1.8265433311462402,cganalysis_load_mdanalysis,0
485,gpu-static,cganalysis,iter-1,cganalysis_run_simulation,5.010267972946167,cganalysis_run_simulation,0
486,gpu-static,cganalysis,iter-1,cganalysis_simrun,5.009907960891724,cganalysis_simrun,0
487,gpu-static,createsim,iter-2,createsim_runtime,663.9188828468323,createsim_runtime,1
488,gpu-static,createsim,iter-2,createsims_create_cg_patch,0.0016913414001464844,createsims_create_cg_patch,1
489,gpu-static,createsim,iter-2,createsims_setup_cg_sim,661.2110793590546,createsims_setup_cg_sim,1
490,gpu-static,createsim,iter-2,createsims_gromacs_energy_minimization_0,1.9165127277374268,createsims_gromacs_energy_minimization,1
491,gpu-static,createsim,iter-2,createsims_mdrun_lipids_water_0,2.7502212524414062,createsims_mdrun_lipids_water,1
492,gpu-static,createsim,iter-2,createsims_trjconv_lipids_water_0,0.4312324523925781,createsims_trjconv_lipids_water,1
493,gpu-static,createsim,iter-2,createsims_gromacs_make_ndx,0.7731842994689941,createsims_gromacs_make_ndx,1
494,gpu-static,createsim,iter-2,createsims_generate_velocities,34.61989879608154,createsims_generate_velocities,1
495,gpu-static,createsim,iter-2,createsims_short_equilibration,97.94102168083191,createsims_short_equilibration,1
496,gpu-static,createsim,iter-2,createsims_pull_molecules,420.5231201648712,createsims_pull_molecules,1
497,gpu-static,createsim,iter-2,createsims_relax_protein,26.358306169509888,createsims_relax_protein,1
498,gpu-static,createsim,iter-2,createsims_short_equilibration_20fs,72.23803782463074,createsims_short_equilibration,1
499,gpu-static,createsim,iter-2,createsims_prime_cg_sim,2.525057554244995,createsims_prime_cg_sim,1
500,gpu-static,createsim,iter-2,createsim_runtime,688.0685217380524,createsim_runtime,1
501,gpu-static,createsim,iter-2,createsims_create_cg_patch,0.0017018318176269531,createsims_create_cg_patch,1
502,gpu-static,createsim,iter-2,createsims_setup_cg_sim,685.3851842880249,createsims_setup_cg_sim,1
503,gpu-static,createsim,iter-2,createsims_gromacs_energy_minimization_0,1.8976516723632812,createsims_gromacs_energy_minimization,1
504,gpu-static,createsim,iter-2,createsims_mdrun_lipids_water_0,0.6386597156524658,createsims_mdrun_lipids_water,1
505,gpu-static,createsim,iter-2,createsims_trjconv_lipids_water_0,0.42606043815612793,createsims_trjconv_lipids_water,1
506,gpu-static,createsim,iter-2,createsims_gromacs_energy_minimization_1,1.9769611358642578,createsims_gromacs_energy_minimization,1
507,gpu-static,createsim,iter-2,createsims_mdrun_lipids_water_1,2.5360472202301025,createsims_mdrun_lipids_water,1
508,gpu-static,createsim,iter-2,createsims_trjconv_lipids_water_1,0.4275343418121338,createsims_trjconv_lipids_water,1
509,gpu-static,createsim,iter-2,createsims_gromacs_energy_minimization_2,1.9024450778961182,createsims_gromacs_energy_minimization,1
510,gpu-static,createsim,iter-2,createsims_mdrun_lipids_water_2,2.0941550731658936,createsims_mdrun_lipids_water,1
511,gpu-static,createsim,iter-2,createsims_trjconv_lipids_water_2,0.42633867263793945,createsims_trjconv_lipids_water,1
512,gpu-static,createsim,iter-2,createsims_gromacs_energy_minimization_3,1.8982222080230713,createsims_gromacs_energy_minimization,1
513,gpu-static,createsim,iter-2,createsims_mdrun_lipids_water_3,2.0899670124053955,createsims_mdrun_lipids_water,1
514,gpu-static,createsim,iter-2,createsims_trjconv_lipids_water_3,0.42806172370910645,createsims_trjconv_lipids_water,1
515,gpu-static,createsim,iter-2,createsims_gromacs_energy_minimization_4,1.900763750076294,createsims_gromacs_energy_minimization,1
516,gpu-static,createsim,iter-2,createsims_mdrun_lipids_water_4,2.656287431716919,createsims_mdrun_lipids_water,1
517,gpu-static,createsim,iter-2,createsims_trjconv_lipids_water_4,0.42614054679870605,createsims_trjconv_lipids_water,1
518,gpu-static,createsim,iter-2,createsims_gromacs_energy_minimization_5,1.9025239944458008,createsims_gromacs_energy_minimization,1
519,gpu-static,createsim,iter-2,createsims_mdrun_lipids_water_5,2.074615716934204,createsims_mdrun_lipids_water,1
520,gpu-static,createsim,iter-2,createsims_trjconv_lipids_water_5,0.4287548065185547,createsims_trjconv_lipids_water,1
521,gpu-static,createsim,iter-2,createsims_gromacs_energy_minimization_6,1.8969035148620605,createsims_gromacs_energy_minimization,1
522,gpu-static,createsim,iter-2,createsims_mdrun_lipids_water_6,2.0792436599731445,createsims_mdrun_lipids_water,1
523,gpu-static,createsim,iter-2,createsims_trjconv_lipids_water_6,0.4286191463470459,createsims_trjconv_lipids_water,1
524,gpu-static,createsim,iter-2,createsims_gromacs_energy_minimization_7,1.9049396514892578,createsims_gromacs_energy_minimization,1
525,gpu-static,createsim,iter-2,createsims_mdrun_lipids_water_7,2.6851916313171387,createsims_mdrun_lipids_water,1
526,gpu-static,createsim,iter-2,createsims_trjconv_lipids_water_7,0.4361460208892822,createsims_trjconv_lipids_water,1
527,gpu-static,createsim,iter-2,createsims_gromacs_energy_minimization_8,1.899836778640747,createsims_gromacs_energy_minimization,1
528,gpu-static,createsim,iter-2,createsims_mdrun_lipids_water_8,2.009345293045044,createsims_mdrun_lipids_water,1
529,gpu-static,createsim,iter-2,createsims_trjconv_lipids_water_8,0.4250984191894531,createsims_trjconv_lipids_water,1
530,gpu-static,createsim,iter-2,createsims_gromacs_energy_minimization_9,1.9004826545715332,createsims_gromacs_energy_minimization,1
531,gpu-static,createsim,iter-2,createsims_mdrun_lipids_water_9,2.0222957134246826,createsims_mdrun_lipids_water,1
532,gpu-static,createsim,iter-2,createsims_trjconv_lipids_water_9,0.4277496337890625,createsims_trjconv_lipids_water,1
533,gpu-static,createsim,iter-2,createsims_gromacs_make_ndx,0.7546279430389404,createsims_gromacs_make_ndx,1
534,gpu-static,createsim,iter-2,createsims_generate_velocities,34.29416465759277,createsims_generate_velocities,1
535,gpu-static,createsim,iter-2,createsims_short_equilibration,71.40574145317078,createsims_short_equilibration,1
536,gpu-static,createsim,iter-2,createsims_pull_molecules,416.5778956413269,createsims_pull_molecules,1
537,gpu-static,createsim,iter-2,createsims_relax_protein,31.97202157974243,createsims_relax_protein,1
538,gpu-static,createsim,iter-2,createsims_short_equilibration_20fs,74.72609663009644,createsims_short_equilibration,1
539,gpu-static,createsim,iter-2,createsims_prime_cg_sim,2.5271902084350586,createsims_prime_cg_sim,1
540,gpu-static,createsim,iter-2,createsim_runtime,533.0015981197357,createsim_runtime,1
541,gpu-static,createsim,iter-2,createsims_create_cg_patch,0.001682281494140625,createsims_create_cg_patch,1
542,gpu-static,createsim,iter-2,createsims_setup_cg_sim,530.3253312110901,createsims_setup_cg_sim,1
543,gpu-static,createsim,iter-2,createsims_gromacs_energy_minimization_0,1.9098889827728271,createsims_gromacs_energy_minimization,1
544,gpu-static,createsim,iter-2,createsims_mdrun_lipids_water_0,2.6700448989868164,createsims_mdrun_lipids_water,1
545,gpu-static,createsim,iter-2,createsims_trjconv_lipids_water_0,0.43471240997314453,createsims_trjconv_lipids_water,1
546,gpu-static,createsim,iter-2,createsims_gromacs_make_ndx,0.7637844085693359,createsims_gromacs_make_ndx,1
547,gpu-static,createsim,iter-2,createsims_generate_velocities,32.37786269187927,createsims_generate_velocities,1
548,gpu-static,createsim,iter-2,createsims_short_equilibration,99.2996973991394,createsims_short_equilibration,1
549,gpu-static,createsim,iter-2,createsims_pull_molecules,281.44919896125793,createsims_pull_molecules,1
550,gpu-static,createsim,iter-2,createsims_relax_protein,35.35814619064331,createsims_relax_protein,1
551,gpu-static,createsim,iter-2,createsims_short_equilibration_20fs,72.43741059303284,createsims_short_equilibration,1
552,gpu-static,createsim,iter-2,createsims_prime_cg_sim,2.508668899536133,createsims_prime_cg_sim,1
553,gpu-static,createsim,iter-2,createsim_runtime,651.0016748905182,createsim_runtime,1
554,gpu-static,createsim,iter-2,createsims_create_cg_patch,0.0017018318176269531,createsims_create_cg_patch,1
555,gpu-static,createsim,iter-2,createsims_setup_cg_sim,648.3703255653381,createsims_setup_cg_sim,1
556,gpu-static,createsim,iter-2,createsims_gromacs_energy_minimization_0,1.9119744300842285,createsims_gromacs_energy_minimization,1
557,gpu-static,createsim,iter-2,createsims_mdrun_lipids_water_0,2.578338146209717,createsims_mdrun_lipids_water,1
558,gpu-static,createsim,iter-2,createsims_trjconv_lipids_water_0,0.433185338973999,createsims_trjconv_lipids_water,1
559,gpu-static,createsim,iter-2,createsims_gromacs_make_ndx,0.7682292461395264,createsims_gromacs_make_ndx,1
560,gpu-static,createsim,iter-2,createsims_generate_velocities,42.82988476753235,createsims_generate_velocities,1
561,gpu-static,createsim,iter-2,createsims_short_equilibration,97.58747839927673,createsims_short_equilibration,1
562,gpu-static,createsim,iter-2,createsims_pull_molecules,359.5529692173004,createsims_pull_molecules,1
563,gpu-static,createsim,iter-2,createsims_relax_protein,33.20694065093994,createsims_relax_protein,1
564,gpu-static,createsim,iter-2,createsims_short_equilibration_20fs,105.90893268585205,createsims_short_equilibration,1
565,gpu-static,createsim,iter-2,createsims_prime_cg_sim,2.5191688537597656,createsims_prime_cg_sim,1
566,gpu-static,createsim,iter-2,createsim_runtime,647.224687576294,createsim_runtime,1
567,gpu-static,createsim,iter-2,createsims_create_cg_patch,0.0018510818481445312,createsims_create_cg_patch,1
568,gpu-static,createsim,iter-2,createsims_setup_cg_sim,644.565913438797,createsims_setup_cg_sim,1
569,gpu-static,createsim,iter-2,createsims_gromacs_energy_minimization_0,2.407458543777466,createsims_gromacs_energy_minimization,1
570,gpu-static,createsim,iter-2,createsims_mdrun_lipids_water_0,4.007905960083008,createsims_mdrun_lipids_water,1
571,gpu-static,createsim,iter-2,createsims_trjconv_lipids_water_0,0.43526554107666016,createsims_trjconv_lipids_water,1
572,gpu-static,createsim,iter-2,createsims_gromacs_make_ndx,0.760075569152832,createsims_gromacs_make_ndx,1
573,gpu-static,createsim,iter-2,createsims_generate_velocities,49.731868505477905,createsims_generate_velocities,1
574,gpu-static,createsim,iter-2,createsims_short_equilibration,73.72870182991028,createsims_short_equilibration,1
575,gpu-static,createsim,iter-2,createsims_pull_molecules,400.85859990119934,createsims_pull_molecules,1
576,gpu-static,createsim,iter-2,createsims_relax_protein,32.98055982589722,createsims_relax_protein,1
577,gpu-static,createsim,iter-2,createsims_short_equilibration_20fs,75.96632289886475,createsims_short_equilibration,1
578,gpu-static,createsim,iter-2,createsims_prime_cg_sim,2.5075299739837646,createsims_prime_cg_sim,1
579,gpu-static,createsim,iter-2,createsim_runtime,677.3632071018219,createsim_runtime,1
580,gpu-static,createsim,iter-2,createsims_create_cg_patch,0.0016875267028808594,createsims_create_cg_patch,1
581,gpu-static,createsim,iter-2,createsims_setup_cg_sim,674.7337875366211,createsims_setup_cg_sim,1
582,gpu-static,createsim,iter-2,createsims_gromacs_energy_minimization_0,1.9049525260925293,createsims_gromacs_energy_minimization,1
583,gpu-static,createsim,iter-2,createsims_mdrun_lipids_water_0,2.074899673461914,createsims_mdrun_lipids_water,1
584,gpu-static,createsim,iter-2,createsims_trjconv_lipids_water_0,0.43382835388183594,createsims_trjconv_lipids_water,1
585,gpu-static,createsim,iter-2,createsims_gromacs_make_ndx,0.7624411582946777,createsims_gromacs_make_ndx,1
586,gpu-static,createsim,iter-2,createsims_generate_velocities,43.65571475028992,createsims_generate_velocities,1
587,gpu-static,createsim,iter-2,createsims_short_equilibration,104.99944043159485,createsims_short_equilibration,1
588,gpu-static,createsim,iter-2,createsims_pull_molecules,385.407062292099,createsims_pull_molecules,1
589,gpu-static,createsim,iter-2,createsims_relax_protein,33.21634387969971,createsims_relax_protein,1
590,gpu-static,createsim,iter-2,createsims_short_equilibration_20fs,98.73679709434509,createsims_short_equilibration,1
591,gpu-static,createsim,iter-2,createsims_prime_cg_sim,2.5166075229644775,createsims_prime_cg_sim,1
592,gpu-static,createsim,iter-2,createsim_runtime,690.1180987358093,createsim_runtime,1
593,gpu-static,createsim,iter-2,createsims_create_cg_patch,0.0016946792602539062,createsims_create_cg_patch,1
594,gpu-static,createsim,iter-2,createsims_setup_cg_sim,686.5105109214783,createsims_setup_cg_sim,1
595,gpu-static,createsim,iter-2,createsims_gromacs_energy_minimization_0,1.9021942615509033,createsims_gromacs_energy_minimization,1
596,gpu-static,createsim,iter-2,createsims_mdrun_lipids_water_0,2.6200785636901855,createsims_mdrun_lipids_water,1
597,gpu-static,createsim,iter-2,createsims_trjconv_lipids_water_0,0.429182767868042,createsims_trjconv_lipids_water,1
598,gpu-static,createsim,iter-2,createsims_gromacs_make_ndx,0.7658782005310059,createsims_gromacs_make_ndx,1
599,gpu-static,createsim,iter-2,createsims_generate_velocities,47.10148859024048,createsims_generate_velocities,1
600,gpu-static,createsim,iter-2,createsims_short_equilibration,99.65810322761536,createsims_short_equilibration,1
601,gpu-static,createsim,iter-2,createsims_pull_molecules,387.01132130622864,createsims_pull_molecules,1
602,gpu-static,createsim,iter-2,createsims_relax_protein,36.38660955429077,createsims_relax_protein,1
603,gpu-static,createsim,iter-2,createsims_short_equilibration_20fs,107.07452702522278,createsims_short_equilibration,1
604,gpu-static,createsim,iter-2,createsims_prime_cg_sim,3.4870035648345947,createsims_prime_cg_sim,1
605,gpu-static,createsim,iter-2,createsim_runtime,700.6944575309753,createsim_runtime,1
606,gpu-static,createsim,iter-2,createsims_create_cg_patch,0.0016951560974121094,createsims_create_cg_patch,1
607,gpu-static,createsim,iter-2,createsims_setup_cg_sim,698.0666813850403,createsims_setup_cg_sim,1
608,gpu-static,createsim,iter-2,createsims_gromacs_energy_minimization_0,1.9101440906524658,createsims_gromacs_energy_minimization,1
609,gpu-static,createsim,iter-2,createsims_mdrun_lipids_water_0,2.012911796569824,createsims_mdrun_lipids_water,1
610,gpu-static,createsim,iter-2,createsims_trjconv_lipids_water_0,0.43216657638549805,createsims_trjconv_lipids_water,1
611,gpu-static,createsim,iter-2,createsims_gromacs_make_ndx,0.7639000415802002,createsims_gromacs_make_ndx,1
612,gpu-static,createsim,iter-2,createsims_generate_velocities,46.49369549751282,createsims_generate_velocities,1
613,gpu-static,createsim,iter-2,createsims_short_equilibration,104.70502829551697,createsims_short_equilibration,1
614,gpu-static,createsim,iter-2,createsims_pull_molecules,404.53906416893005,createsims_pull_molecules,1
615,gpu-static,createsim,iter-2,createsims_relax_protein,27.041894912719727,createsims_relax_protein,1
616,gpu-static,createsim,iter-2,createsims_short_equilibration_20fs,106.58846402168274,createsims_short_equilibration,1
617,gpu-static,createsim,iter-2,createsims_prime_cg_sim,2.515430450439453,createsims_prime_cg_sim,1
618,gpu-static,createsim,iter-2,createsim_runtime,579.8052361011505,createsim_runtime,1
619,gpu-static,createsim,iter-2,createsims_create_cg_patch,0.0016903877258300781,createsims_create_cg_patch,1
620,gpu-static,createsim,iter-2,createsims_setup_cg_sim,577.0956907272339,createsims_setup_cg_sim,1
621,gpu-static,createsim,iter-2,createsims_gromacs_energy_minimization_0,1.9067800045013428,createsims_gromacs_energy_minimization,1
622,gpu-static,createsim,iter-2,createsims_mdrun_lipids_water_0,2.6871254444122314,createsims_mdrun_lipids_water,1
623,gpu-static,createsim,iter-2,createsims_trjconv_lipids_water_0,0.43058276176452637,createsims_trjconv_lipids_water,1
624,gpu-static,createsim,iter-2,createsims_gromacs_make_ndx,0.7690393924713135,createsims_gromacs_make_ndx,1
625,gpu-static,createsim,iter-2,createsims_generate_velocities,48.64309883117676,createsims_generate_velocities,1
626,gpu-static,createsim,iter-2,createsims_short_equilibration,95.24685573577881,createsims_short_equilibration,1
627,gpu-static,createsim,iter-2,createsims_pull_molecules,280.5963315963745,createsims_pull_molecules,1
628,gpu-static,createsim,iter-2,createsims_relax_protein,36.24963617324829,createsims_relax_protein,1
629,gpu-static,createsim,iter-2,createsims_short_equilibration_20fs,106.98304414749146,createsims_short_equilibration,1
630,gpu-static,createsim,iter-2,createsims_prime_cg_sim,2.514624834060669,createsims_prime_cg_sim,1
631,gpu-static,createsim,iter-2,createsim_runtime,691.8232007026672,createsim_runtime,1
632,gpu-static,createsim,iter-2,createsims_create_cg_patch,0.0016989707946777344,createsims_create_cg_patch,1
633,gpu-static,createsim,iter-2,createsims_setup_cg_sim,689.1998105049133,createsims_setup_cg_sim,1
634,gpu-static,createsim,iter-2,createsims_gromacs_energy_minimization_0,1.9063687324523926,createsims_gromacs_energy_minimization,1
635,gpu-static,createsim,iter-2,createsims_mdrun_lipids_water_0,2.6391031742095947,createsims_mdrun_lipids_water,1
636,gpu-static,createsim,iter-2,createsims_trjconv_lipids_water_0,0.4932873249053955,createsims_trjconv_lipids_water,1
637,gpu-static,createsim,iter-2,createsims_gromacs_make_ndx,0.7674539089202881,createsims_gromacs_make_ndx,1
638,gpu-static,createsim,iter-2,createsims_generate_velocities,42.950387716293335,createsims_generate_velocities,1
639,gpu-static,createsim,iter-2,createsims_short_equilibration,71.51877760887146,createsims_short_equilibration,1
640,gpu-static,createsim,iter-2,createsims_pull_molecules,425.0714430809021,createsims_pull_molecules,1
641,gpu-static,createsim,iter-2,createsims_relax_protein,35.83765459060669,createsims_relax_protein,1
642,gpu-static,createsim,iter-2,createsims_short_equilibration_20fs,104.47054409980774,createsims_short_equilibration,1
643,gpu-static,createsim,iter-2,createsims_prime_cg_sim,2.5096044540405273,createsims_prime_cg_sim,1
644,gpu-static,createsim,iter-2,createsim_runtime,672.911678314209,createsim_runtime,1
645,gpu-static,createsim,iter-2,createsims_create_cg_patch,0.0016829967498779297,createsims_create_cg_patch,1
646,gpu-static,createsim,iter-2,createsims_setup_cg_sim,670.2779905796051,createsims_setup_cg_sim,1
647,gpu-static,createsim,iter-2,createsims_gromacs_energy_minimization_0,1.9097962379455566,createsims_gromacs_energy_minimization,1
648,gpu-static,createsim,iter-2,createsims_mdrun_lipids_water_0,2.4529662132263184,createsims_mdrun_lipids_water,1
649,gpu-static,createsim,iter-2,createsims_trjconv_lipids_water_0,0.43238019943237305,createsims_trjconv_lipids_water,1
650,gpu-static,createsim,iter-2,createsims_gromacs_make_ndx,0.769404411315918,createsims_gromacs_make_ndx,1
651,gpu-static,createsim,iter-2,createsims_generate_velocities,39.78112721443176,createsims_generate_velocities,1
652,gpu-static,createsim,iter-2,createsims_short_equilibration,71.28358483314514,createsims_short_equilibration,1
653,gpu-static,createsim,iter-2,createsims_pull_molecules,423.6293330192566,createsims_pull_molecules,1
654,gpu-static,createsim,iter-2,createsims_relax_protein,26.471099853515625,createsims_relax_protein,1
655,gpu-static,createsim,iter-2,createsims_short_equilibration_20fs,99.95668983459473,createsims_short_equilibration,1
656,gpu-static,createsim,iter-2,createsims_prime_cg_sim,2.52005672454834,createsims_prime_cg_sim,1
657,gpu-static,createsim,iter-2,createsim_runtime,664.1062588691711,createsim_runtime,1
658,gpu-static,createsim,iter-2,createsims_create_cg_patch,0.0021431446075439453,createsims_create_cg_patch,1
659,gpu-static,createsim,iter-2,createsims_setup_cg_sim,661.3967561721802,createsims_setup_cg_sim,1
660,gpu-static,createsim,iter-2,createsims_gromacs_energy_minimization_0,2.4013168811798096,createsims_gromacs_energy_minimization,1
661,gpu-static,createsim,iter-2,createsims_mdrun_lipids_water_0,3.33113956451416,createsims_mdrun_lipids_water,1
662,gpu-static,createsim,iter-2,createsims_trjconv_lipids_water_0,0.44165563583374023,createsims_trjconv_lipids_water,1
663,gpu-static,createsim,iter-2,createsims_gromacs_make_ndx,0.766648530960083,createsims_gromacs_make_ndx,1
664,gpu-static,createsim,iter-2,createsims_generate_velocities,34.49840545654297,createsims_generate_velocities,1
665,gpu-static,createsim,iter-2,createsims_short_equilibration,100.39808583259583,createsims_short_equilibration,1
666,gpu-static,createsim,iter-2,createsims_pull_molecules,414.655081987381,createsims_pull_molecules,1
667,gpu-static,createsim,iter-2,createsims_relax_protein,29.243890523910522,createsims_relax_protein,1
668,gpu-static,createsim,iter-2,createsims_short_equilibration_20fs,71.93105340003967,createsims_short_equilibration,1
669,gpu-static,createsim,iter-2,createsims_prime_cg_sim,2.5155482292175293,createsims_prime_cg_sim,1
670,gpu-static,createsim,iter-2,createsim_runtime,693.2611672878265,createsim_runtime,1
671,gpu-static,createsim,iter-2,createsims_create_cg_patch,0.0017015933990478516,createsims_create_cg_patch,1
672,gpu-static,createsim,iter-2,createsims_setup_cg_sim,690.5978963375092,createsims_setup_cg_sim,1
673,gpu-static,createsim,iter-2,createsims_gromacs_energy_minimization_0,1.8998072147369385,createsims_gromacs_energy_minimization,1
674,gpu-static,createsim,iter-2,createsims_mdrun_lipids_water_0,2.657644271850586,createsims_mdrun_lipids_water,1
675,gpu-static,createsim,iter-2,createsims_trjconv_lipids_water_0,0.4275660514831543,createsims_trjconv_lipids_water,1
676,gpu-static,createsim,iter-2,createsims_gromacs_make_ndx,0.7529234886169434,createsims_gromacs_make_ndx,1
677,gpu-static,createsim,iter-2,createsims_generate_velocities,45.35342001914978,createsims_generate_velocities,1
678,gpu-static,createsim,iter-2,createsims_short_equilibration,71.55668187141418,createsims_short_equilibration,1
679,gpu-static,createsim,iter-2,createsims_pull_molecules,421.629620552063,createsims_pull_molecules,1
680,gpu-static,createsim,iter-2,createsims_relax_protein,35.790085554122925,createsims_relax_protein,1
681,gpu-static,createsim,iter-2,createsims_short_equilibration_20fs,107.00731182098389,createsims_short_equilibration,1
682,gpu-static,createsim,iter-2,createsims_prime_cg_sim,2.5145151615142822,createsims_prime_cg_sim,1
683,gpu-static,createsim,iter-2,createsim_runtime,663.9622468948364,createsim_runtime,1
684,gpu-static,createsim,iter-2,createsims_create_cg_patch,0.0017011165618896484,createsims_create_cg_patch,1
685,gpu-static,createsim,iter-2,createsims_setup_cg_sim,661.2788681983948,createsims_setup_cg_sim,1
686,gpu-static,createsim,iter-2,createsims_gromacs_energy_minimization_0,1.9085419178009033,createsims_gromacs_energy_minimization,1
687,gpu-static,createsim,iter-2,createsims_mdrun_lipids_water_0,2.6859993934631348,createsims_mdrun_lipids_water,1
688,gpu-static,createsim,iter-2,createsims_trjconv_lipids_water_0,0.4299495220184326,createsims_trjconv_lipids_water,1
689,gpu-static,createsim,iter-2,createsims_gromacs_make_ndx,0.7667555809020996,createsims_gromacs_make_ndx,1
690,gpu-static,createsim,iter-2,createsims_generate_velocities,47.627864837646484,createsims_generate_velocities,1
691,gpu-static,createsim,iter-2,createsims_short_equilibration,108.77768063545227,createsims_short_equilibration,1
692,gpu-static,createsim,iter-2,createsims_pull_molecules,369.9109718799591,createsims_pull_molecules,1
693,gpu-static,createsim,iter-2,createsims_relax_protein,27.258240461349487,createsims_relax_protein,1
694,gpu-static,createsim,iter-2,createsims_short_equilibration_20fs,98.31509613990784,createsims_short_equilibration,1
695,gpu-static,createsim,iter-2,createsims_prime_cg_sim,2.5200774669647217,createsims_prime_cg_sim,1
696,gpu-static,createsim,iter-2,createsim_runtime,685.8869273662567,createsim_runtime,1
697,gpu-static,createsim,iter-2,createsims_create_cg_patch,0.0017006397247314453,createsims_create_cg_patch,1
698,gpu-static,createsim,iter-2,createsims_setup_cg_sim,683.2479622364044,createsims_setup_cg_sim,1
699,gpu-static,createsim,iter-2,createsims_gromacs_energy_minimization_0,1.9091556072235107,createsims_gromacs_energy_minimization,1
700,gpu-static,createsim,iter-2,createsims_mdrun_lipids_water_0,2.100276470184326,createsims_mdrun_lipids_water,1
701,gpu-static,createsim,iter-2,createsims_trjconv_lipids_water_0,0.4309196472167969,createsims_trjconv_lipids_water,1
702,gpu-static,createsim,iter-2,createsims_gromacs_make_ndx,0.7715322971343994,createsims_gromacs_make_ndx,1
703,gpu-static,createsim,iter-2,createsims_generate_velocities,34.74117684364319,createsims_generate_velocities,1
704,gpu-static,createsim,iter-2,createsims_short_equilibration,93.94010806083679,createsims_short_equilibration,1
705,gpu-static,createsim,iter-2,createsims_pull_molecules,444.3443109989166,createsims_pull_molecules,1
706,gpu-static,createsim,iter-2,createsims_relax_protein,29.54641890525818,createsims_relax_protein,1
707,gpu-static,createsim,iter-2,createsims_short_equilibration_20fs,71.8321602344513,createsims_short_equilibration,1
708,gpu-static,createsim,iter-2,createsims_prime_cg_sim,2.526348352432251,createsims_prime_cg_sim,1
709,gpu-static,createsim,iter-2,createsim_runtime,648.8549873828888,createsim_runtime,1
710,gpu-static,createsim,iter-2,createsims_create_cg_patch,0.0016922950744628906,createsims_create_cg_patch,1
711,gpu-static,createsim,iter-2,createsims_setup_cg_sim,646.2231066226959,createsims_setup_cg_sim,1
712,gpu-static,createsim,iter-2,createsims_gromacs_energy_minimization_0,1.9078147411346436,createsims_gromacs_energy_minimization,1
713,gpu-static,createsim,iter-2,createsims_mdrun_lipids_water_0,2.55599045753479,createsims_mdrun_lipids_water,1
714,gpu-static,createsim,iter-2,createsims_trjconv_lipids_water_0,0.4306333065032959,createsims_trjconv_lipids_water,1
715,gpu-static,createsim,iter-2,createsims_gromacs_make_ndx,0.7625288963317871,createsims_gromacs_make_ndx,1
716,gpu-static,createsim,iter-2,createsims_generate_velocities,34.22842192649841,createsims_generate_velocities,1
717,gpu-static,createsim,iter-2,createsims_short_equilibration,105.8173897266388,createsims_short_equilibration,1
718,gpu-static,createsim,iter-2,createsims_pull_molecules,395.4343008995056,createsims_pull_molecules,1
719,gpu-static,createsim,iter-2,createsims_relax_protein,29.039186000823975,createsims_relax_protein,1
720,gpu-static,createsim,iter-2,createsims_short_equilibration_20fs,72.4368667602539,createsims_short_equilibration,1
721,gpu-static,createsim,iter-2,createsims_prime_cg_sim,2.5195984840393066,createsims_prime_cg_sim,1
722,gpu-static,createsim,iter-2,createsim_runtime,720.5448534488678,createsim_runtime,1
723,gpu-static,createsim,iter-2,createsims_create_cg_patch,0.0017123222351074219,createsims_create_cg_patch,1
724,gpu-static,createsim,iter-2,createsims_setup_cg_sim,717.9103648662567,createsims_setup_cg_sim,1
725,gpu-static,createsim,iter-2,createsims_gromacs_energy_minimization_0,1.9055373668670654,createsims_gromacs_energy_minimization,1
726,gpu-static,createsim,iter-2,createsims_mdrun_lipids_water_0,1.9962379932403564,createsims_mdrun_lipids_water,1
727,gpu-static,createsim,iter-2,createsims_trjconv_lipids_water_0,0.43241119384765625,createsims_trjconv_lipids_water,1
728,gpu-static,createsim,iter-2,createsims_gromacs_make_ndx,0.759939432144165,createsims_gromacs_make_ndx,1
729,gpu-static,createsim,iter-2,createsims_generate_velocities,48.70072674751282,createsims_generate_velocities,1
730,gpu-static,createsim,iter-2,createsims_short_equilibration,96.7715072631836,createsims_short_equilibration,1
731,gpu-static,createsim,iter-2,createsims_pull_molecules,421.23771715164185,createsims_pull_molecules,1
732,gpu-static,createsim,iter-2,createsims_relax_protein,35.70332145690918,createsims_relax_protein,1
733,gpu-static,createsim,iter-2,createsims_short_equilibration_20fs,106.85103988647461,createsims_short_equilibration,1
734,gpu-static,createsim,iter-2,createsims_prime_cg_sim,2.520726203918457,createsims_prime_cg_sim,1
735,gpu-static,createsim,iter-2,createsim_runtime,685.1030697822571,createsim_runtime,1
736,gpu-static,createsim,iter-2,createsims_create_cg_patch,0.0017044544219970703,createsims_create_cg_patch,1
737,gpu-static,createsim,iter-2,createsims_setup_cg_sim,682.4794700145721,createsims_setup_cg_sim,1
738,gpu-static,createsim,iter-2,createsims_gromacs_energy_minimization_0,1.9021708965301514,createsims_gromacs_energy_minimization,1
739,gpu-static,createsim,iter-2,createsims_mdrun_lipids_water_0,2.5417251586914062,createsims_mdrun_lipids_water,1
740,gpu-static,createsim,iter-2,createsims_trjconv_lipids_water_0,0.42713475227355957,createsims_trjconv_lipids_water,1
741,gpu-static,createsim,iter-2,createsims_gromacs_make_ndx,0.7543649673461914,createsims_gromacs_make_ndx,1
742,gpu-static,createsim,iter-2,createsims_generate_velocities,47.52901601791382,createsims_generate_velocities,1
743,gpu-static,createsim,iter-2,createsims_short_equilibration,73.54163765907288,createsims_short_equilibration,1
744,gpu-static,createsim,iter-2,createsims_pull_molecules,412.0176682472229,createsims_pull_molecules,1
745,gpu-static,createsim,iter-2,createsims_relax_protein,33.33546185493469,createsims_relax_protein,1
746,gpu-static,createsim,iter-2,createsims_short_equilibration_20fs,106.87741351127625,createsims_short_equilibration,1
747,gpu-static,createsim,iter-2,createsims_prime_cg_sim,2.5115785598754883,createsims_prime_cg_sim,1
748,gpu-static,createsim,iter-2,createsim_runtime,719.0864963531494,createsim_runtime,1
749,gpu-static,createsim,iter-2,createsims_create_cg_patch,0.0017001628875732422,createsims_create_cg_patch,1
750,gpu-static,createsim,iter-2,createsims_setup_cg_sim,716.4309642314911,createsims_setup_cg_sim,1
751,gpu-static,createsim,iter-2,createsims_gromacs_energy_minimization_0,1.9046759605407715,createsims_gromacs_energy_minimization,1
752,gpu-static,createsim,iter-2,createsims_mdrun_lipids_water_0,2.0239007472991943,createsims_mdrun_lipids_water,1
753,gpu-static,createsim,iter-2,createsims_trjconv_lipids_water_0,0.4324984550476074,createsims_trjconv_lipids_water,1
754,gpu-static,createsim,iter-2,createsims_gromacs_make_ndx,0.775860071182251,createsims_gromacs_make_ndx,1
755,gpu-static,createsim,iter-2,createsims_generate_velocities,48.072773694992065,createsims_generate_velocities,1
756,gpu-static,createsim,iter-2,createsims_short_equilibration,105.31159591674805,createsims_short_equilibration,1
757,gpu-static,createsim,iter-2,createsims_pull_molecules,420.5133857727051,createsims_pull_molecules,1
758,gpu-static,createsim,iter-2,createsims_relax_protein,27.365036725997925,createsims_relax_protein,1
759,gpu-static,createsim,iter-2,createsims_short_equilibration_20fs,106.41939306259155,createsims_short_equilibration,1
760,gpu-static,createsim,iter-2,createsims_prime_cg_sim,2.5169897079467773,createsims_prime_cg_sim,1
761,gpu-static,createsim,iter-2,createsim_runtime,730.9006550312042,createsim_runtime,1
762,gpu-static,createsim,iter-2,createsims_create_cg_patch,0.001970052719116211,createsims_create_cg_patch,1
763,gpu-static,createsim,iter-2,createsims_setup_cg_sim,728.2799482345581,createsims_setup_cg_sim,1
764,gpu-static,createsim,iter-2,createsims_gromacs_energy_minimization_0,1.9265763759613037,createsims_gromacs_energy_minimization,1
765,gpu-static,createsim,iter-2,createsims_mdrun_lipids_water_0,2.6507833003997803,createsims_mdrun_lipids_water,1
766,gpu-static,createsim,iter-2,createsims_trjconv_lipids_water_0,0.43460845947265625,createsims_trjconv_lipids_water,1
767,gpu-static,createsim,iter-2,createsims_gromacs_make_ndx,0.7694809436798096,createsims_gromacs_make_ndx,1
768,gpu-static,createsim,iter-2,createsims_generate_velocities,43.91563010215759,createsims_generate_velocities,1
769,gpu-static,createsim,iter-2,createsims_short_equilibration,99.82601070404053,createsims_short_equilibration,1
770,gpu-static,createsim,iter-2,createsims_pull_molecules,441.25387024879456,createsims_pull_molecules,1
771,gpu-static,createsim,iter-2,createsims_relax_protein,27.227115154266357,createsims_relax_protein,1
772,gpu-static,createsim,iter-2,createsims_short_equilibration_20fs,106.63743877410889,createsims_short_equilibration,1
773,gpu-static,createsim,iter-2,createsims_prime_cg_sim,2.508470058441162,createsims_prime_cg_sim,1
774,gpu-static,createsim,iter-2,createsim_runtime,687.4578437805176,createsim_runtime,1
775,gpu-static,createsim,iter-2,createsims_create_cg_patch,0.0018963813781738281,createsims_create_cg_patch,1
776,gpu-static,createsim,iter-2,createsims_setup_cg_sim,684.788765668869,createsims_setup_cg_sim,1
777,gpu-static,createsim,iter-2,createsims_gromacs_energy_minimization_0,2.3967807292938232,createsims_gromacs_energy_minimization,1
778,gpu-static,createsim,iter-2,createsims_mdrun_lipids_water_0,2.6531624794006348,createsims_mdrun_lipids_water,1
779,gpu-static,createsim,iter-2,createsims_trjconv_lipids_water_0,0.43433189392089844,createsims_trjconv_lipids_water,1
780,gpu-static,createsim,iter-2,createsims_gromacs_make_ndx,0.7613756656646729,createsims_gromacs_make_ndx,1
781,gpu-static,createsim,iter-2,createsims_generate_velocities,48.26156163215637,createsims_generate_velocities,1
782,gpu-static,createsim,iter-2,createsims_short_equilibration,94.90532159805298,createsims_short_equilibration,1
783,gpu-static,createsim,iter-2,createsims_pull_molecules,396.54677057266235,createsims_pull_molecules,1
784,gpu-static,createsim,iter-2,createsims_relax_protein,36.30794358253479,createsims_relax_protein,1
785,gpu-static,createsim,iter-2,createsims_short_equilibration_20fs,98.82275795936584,createsims_short_equilibration,1
786,gpu-static,createsim,iter-2,createsims_prime_cg_sim,2.507862091064453,createsims_prime_cg_sim,1
787,gpu-static,createsim,iter-2,createsim_runtime,675.221745967865,createsim_runtime,1
788,gpu-static,createsim,iter-2,createsims_create_cg_patch,0.0016903877258300781,createsims_create_cg_patch,1
789,gpu-static,createsim,iter-2,createsims_setup_cg_sim,672.5668656826019,createsims_setup_cg_sim,1
790,gpu-static,createsim,iter-2,createsims_gromacs_energy_minimization_0,1.9053053855895996,createsims_gromacs_energy_minimization,1
791,gpu-static,createsim,iter-2,createsims_mdrun_lipids_water_0,2.6965911388397217,createsims_mdrun_lipids_water,1
792,gpu-static,createsim,iter-2,createsims_trjconv_lipids_water_0,0.4263339042663574,createsims_trjconv_lipids_water,1
793,gpu-static,createsim,iter-2,createsims_gromacs_make_ndx,0.763310432434082,createsims_gromacs_make_ndx,1
794,gpu-static,createsim,iter-2,createsims_generate_velocities,44.451578855514526,createsims_generate_velocities,1
795,gpu-static,createsim,iter-2,createsims_short_equilibration,97.314204454422,createsims_short_equilibration,1
796,gpu-static,createsim,iter-2,createsims_pull_molecules,419.7749276161194,createsims_pull_molecules,1
797,gpu-static,createsim,iter-2,createsims_relax_protein,29.202287197113037,createsims_relax_protein,1
798,gpu-static,createsim,iter-2,createsims_short_equilibration_20fs,72.45843052864075,createsims_short_equilibration,1
799,gpu-static,createsim,iter-2,createsims_prime_cg_sim,2.518915891647339,createsims_prime_cg_sim,1
800,gpu-static,createsim,iter-2,createsim_runtime,627.4392697811127,createsim_runtime,1
801,gpu-static,createsim,iter-2,createsims_create_cg_patch,0.0016956329345703125,createsims_create_cg_patch,1
802,gpu-static,createsim,iter-2,createsims_setup_cg_sim,624.81134557724,createsims_setup_cg_sim,1
803,gpu-static,createsim,iter-2,createsims_gromacs_energy_minimization_0,1.9036262035369873,createsims_gromacs_energy_minimization,1
804,gpu-static,createsim,iter-2,createsims_mdrun_lipids_water_0,0.6473164558410645,createsims_mdrun_lipids_water,1
805,gpu-static,createsim,iter-2,createsims_trjconv_lipids_water_0,0.4323432445526123,createsims_trjconv_lipids_water,1
806,gpu-static,createsim,iter-2,createsims_gromacs_energy_minimization_1,1.910107135772705,createsims_gromacs_energy_minimization,1
807,gpu-static,createsim,iter-2,createsims_mdrun_lipids_water_1,2.714209794998169,createsims_mdrun_lipids_water,1
808,gpu-static,createsim,iter-2,createsims_trjconv_lipids_water_1,0.44045281410217285,createsims_trjconv_lipids_water,1
809,gpu-static,createsim,iter-2,createsims_gromacs_energy_minimization_2,1.907989501953125,createsims_gromacs_energy_minimization,1
810,gpu-static,createsim,iter-2,createsims_mdrun_lipids_water_2,2.616680860519409,createsims_mdrun_lipids_water,1
811,gpu-static,createsim,iter-2,createsims_trjconv_lipids_water_2,0.43167567253112793,createsims_trjconv_lipids_water,1
812,gpu-static,createsim,iter-2,createsims_gromacs_energy_minimization_3,1.9064602851867676,createsims_gromacs_energy_minimization,1
813,gpu-static,createsim,iter-2,createsims_mdrun_lipids_water_3,2.0666208267211914,createsims_mdrun_lipids_water,1
814,gpu-static,createsim,iter-2,createsims_trjconv_lipids_water_3,0.43246984481811523,createsims_trjconv_lipids_water,1
815,gpu-static,createsim,iter-2,createsims_gromacs_energy_minimization_4,1.9099414348602295,createsims_gromacs_energy_minimization,1
816,gpu-static,createsim,iter-2,createsims_mdrun_lipids_water_4,2.610795021057129,createsims_mdrun_lipids_water,1
817,gpu-static,createsim,iter-2,createsims_trjconv_lipids_water_4,0.4367220401763916,createsims_trjconv_lipids_water,1
818,gpu-static,createsim,iter-2,createsims_gromacs_energy_minimization_5,1.914625883102417,createsims_gromacs_energy_minimization,1
819,gpu-static,createsim,iter-2,createsims_mdrun_lipids_water_5,0.6722545623779297,createsims_mdrun_lipids_water,1
820,gpu-static,createsim,iter-2,createsims_trjconv_lipids_water_5,0.4436318874359131,createsims_trjconv_lipids_water,1
821,gpu-static,createsim,iter-2,createsims_gromacs_energy_minimization_6,1.9128217697143555,createsims_gromacs_energy_minimization,1
822,gpu-static,createsim,iter-2,createsims_mdrun_lipids_water_6,2.099553346633911,createsims_mdrun_lipids_water,1
823,gpu-static,createsim,iter-2,createsims_trjconv_lipids_water_6,0.4323303699493408,createsims_trjconv_lipids_water,1
824,gpu-static,createsim,iter-2,createsims_gromacs_energy_minimization_7,1.9086158275604248,createsims_gromacs_energy_minimization,1
825,gpu-static,createsim,iter-2,createsims_mdrun_lipids_water_7,2.7343077659606934,createsims_mdrun_lipids_water,1
826,gpu-static,createsim,iter-2,createsims_trjconv_lipids_water_7,0.4346168041229248,createsims_trjconv_lipids_water,1
827,gpu-static,createsim,iter-2,createsims_gromacs_energy_minimization_8,1.9114789962768555,createsims_gromacs_energy_minimization,1
828,gpu-static,createsim,iter-2,createsims_mdrun_lipids_water_8,2.071221351623535,createsims_mdrun_lipids_water,1
829,gpu-static,createsim,iter-2,createsims_trjconv_lipids_water_8,0.4410538673400879,createsims_trjconv_lipids_water,1
830,gpu-static,createsim,iter-2,createsims_gromacs_energy_minimization_9,1.9074971675872803,createsims_gromacs_energy_minimization,1
831,gpu-static,createsim,iter-2,createsims_mdrun_lipids_water_9,1.9951820373535156,createsims_mdrun_lipids_water,1
832,gpu-static,createsim,iter-2,createsims_trjconv_lipids_water_9,0.43180084228515625,createsims_trjconv_lipids_water,1
833,gpu-static,createsim,iter-2,createsims_gromacs_make_ndx,0.7634611129760742,createsims_gromacs_make_ndx,1
834,gpu-static,createsim,iter-2,createsims_generate_velocities,47.34543800354004,createsims_generate_velocities,1
835,gpu-static,createsim,iter-2,createsims_short_equilibration,93.34779810905457,createsims_short_equilibration,1
836,gpu-static,createsim,iter-2,createsims_pull_molecules,291.06713461875916,createsims_pull_molecules,1
837,gpu-static,createsim,iter-2,createsims_relax_protein,30.120044708251953,createsims_relax_protein,1
838,gpu-static,createsim,iter-2,createsims_short_equilibration_20fs,106.77122616767883,createsims_short_equilibration,1
839,gpu-static,createsim,iter-2,createsims_prime_cg_sim,2.5156750679016113,createsims_prime_cg_sim,1
840,gpu-static,createsim,iter-2,createsim_runtime,744.111998796463,createsim_runtime,1
841,gpu-static,createsim,iter-2,createsims_create_cg_patch,0.0016927719116210938,createsims_create_cg_patch,1
842,gpu-static,createsim,iter-2,createsims_setup_cg_sim,741.4293541908264,createsims_setup_cg_sim,1
843,gpu-static,createsim,iter-2,createsims_gromacs_energy_minimization_0,1.9050538539886475,createsims_gromacs_energy_minimization,1
844,gpu-static,createsim,iter-2,createsims_mdrun_lipids_water_0,0.6698706150054932,createsims_mdrun_lipids_water,1
845,gpu-static,createsim,iter-2,createsims_trjconv_lipids_water_0,0.4297749996185303,createsims_trjconv_lipids_water,1
846,gpu-static,createsim,iter-2,createsims_gromacs_energy_minimization_1,1.9055216312408447,createsims_gromacs_energy_minimization,1
847,gpu-static,createsim,iter-2,createsims_mdrun_lipids_water_1,2.0267014503479004,createsims_mdrun_lipids_water,1
848,gpu-static,createsim,iter-2,createsims_trjconv_lipids_water_1,0.43233537673950195,createsims_trjconv_lipids_water,1
849,gpu-static,createsim,iter-2,createsims_gromacs_energy_minimization_2,1.9027678966522217,createsims_gromacs_energy_minimization,1
850,gpu-static,createsim,iter-2,createsims_mdrun_lipids_water_2,2.0200612545013428,createsims_mdrun_lipids_water,1
851,gpu-static,createsim,iter-2,createsims_trjconv_lipids_water_2,0.4280722141265869,createsims_trjconv_lipids_water,1
852,gpu-static,createsim,iter-2,createsims_gromacs_energy_minimization_3,1.9037261009216309,createsims_gromacs_energy_minimization,1
853,gpu-static,createsim,iter-2,createsims_mdrun_lipids_water_3,2.7226293087005615,createsims_mdrun_lipids_water,1
854,gpu-static,createsim,iter-2,createsims_trjconv_lipids_water_3,0.428508996963501,createsims_trjconv_lipids_water,1
855,gpu-static,createsim,iter-2,createsims_gromacs_energy_minimization_4,1.9046010971069336,createsims_gromacs_energy_minimization,1
856,gpu-static,createsim,iter-2,createsims_mdrun_lipids_water_4,2.7596042156219482,createsims_mdrun_lipids_water,1
857,gpu-static,createsim,iter-2,createsims_trjconv_lipids_water_4,0.43106603622436523,createsims_trjconv_lipids_water,1
858,gpu-static,createsim,iter-2,createsims_gromacs_energy_minimization_5,1.9041671752929688,createsims_gromacs_energy_minimization,1
859,gpu-static,createsim,iter-2,createsims_mdrun_lipids_water_5,2.7590951919555664,createsims_mdrun_lipids_water,1
860,gpu-static,createsim,iter-2,createsims_trjconv_lipids_water_5,0.43355393409729004,createsims_trjconv_lipids_water,1
861,gpu-static,createsim,iter-2,createsims_gromacs_energy_minimization_6,1.9112615585327148,createsims_gromacs_energy_minimization,1
862,gpu-static,createsim,iter-2,createsims_mdrun_lipids_water_6,2.6170787811279297,createsims_mdrun_lipids_water,1
863,gpu-static,createsim,iter-2,createsims_trjconv_lipids_water_6,0.4373636245727539,createsims_trjconv_lipids_water,1
864,gpu-static,createsim,iter-2,createsims_gromacs_energy_minimization_7,1.906240701675415,createsims_gromacs_energy_minimization,1
865,gpu-static,createsim,iter-2,createsims_mdrun_lipids_water_7,2.783235788345337,createsims_mdrun_lipids_water,1
866,gpu-static,createsim,iter-2,createsims_trjconv_lipids_water_7,0.4291234016418457,createsims_trjconv_lipids_water,1
867,gpu-static,createsim,iter-2,createsims_gromacs_energy_minimization_8,1.9062280654907227,createsims_gromacs_energy_minimization,1
868,gpu-static,createsim,iter-2,createsims_mdrun_lipids_water_8,2.5854718685150146,createsims_mdrun_lipids_water,1
869,gpu-static,createsim,iter-2,createsims_trjconv_lipids_water_8,0.42885684967041016,createsims_trjconv_lipids_water,1
870,gpu-static,createsim,iter-2,createsims_gromacs_energy_minimization_9,1.9035670757293701,createsims_gromacs_energy_minimization,1
871,gpu-static,createsim,iter-2,createsims_mdrun_lipids_water_9,2.019638776779175,createsims_mdrun_lipids_water,1
872,gpu-static,createsim,iter-2,createsims_trjconv_lipids_water_9,0.42877674102783203,createsims_trjconv_lipids_water,1
873,gpu-static,createsim,iter-2,createsims_gromacs_make_ndx,0.762904167175293,createsims_gromacs_make_ndx,1
874,gpu-static,createsim,iter-2,createsims_generate_velocities,34.46934175491333,createsims_generate_velocities,1
875,gpu-static,createsim,iter-2,createsims_short_equilibration,101.00298070907593,createsims_short_equilibration,1
876,gpu-static,createsim,iter-2,createsims_pull_molecules,418.08378171920776,createsims_pull_molecules,1
877,gpu-static,createsim,iter-2,createsims_relax_protein,29.213420152664185,createsims_relax_protein,1
878,gpu-static,createsim,iter-2,createsims_short_equilibration_20fs,100.19700598716736,createsims_short_equilibration,1
879,gpu-static,createsim,iter-2,createsims_prime_cg_sim,2.5166702270507812,createsims_prime_cg_sim,1
880,gpu-static,cganalysis,iter-2,cganalysis_run,1785.8369998931885,cganalysis_run,1
881,gpu-static,cganalysis,iter-2,cganalysis_load_mdanalysis,2.8076093196868896,cganalysis_load_mdanalysis,1
882,gpu-static,cganalysis,iter-2,cganalysis_run_simulation,5.011667251586914,cganalysis_run_simulation,1
883,gpu-static,cganalysis,iter-2,cganalysis_simrun,5.009743690490723,cganalysis_simrun,1
884,gpu-static,cganalysis,iter-2,cganalysis_run,1785.5120000839233,cganalysis_run,1
885,gpu-static,cganalysis,iter-2,cganalysis_load_mdanalysis,1.679109811782837,cganalysis_load_mdanalysis,1
886,gpu-static,cganalysis,iter-2,cganalysis_run_simulation,5.0101940631866455,cganalysis_run_simulation,1
887,gpu-static,cganalysis,iter-2,cganalysis_simrun,5.00984787940979,cganalysis_simrun,1
888,gpu-static,cganalysis,iter-2,cganalysis_run,1784.9320001602173,cganalysis_run,1
889,gpu-static,cganalysis,iter-2,cganalysis_load_mdanalysis,1.557464838027954,cganalysis_load_mdanalysis,1
890,gpu-static,cganalysis,iter-2,cganalysis_run_simulation,5.010592699050903,cganalysis_run_simulation,1
891,gpu-static,cganalysis,iter-2,cganalysis_simrun,5.010233640670776,cganalysis_simrun,1
892,gpu-static,cganalysis,iter-2,cganalysis_run,1785.486999988556,cganalysis_run,1
893,gpu-static,cganalysis,iter-2,cganalysis_load_mdanalysis,1.7061238288879395,cganalysis_load_mdanalysis,1
894,gpu-static,cganalysis,iter-2,cganalysis_run_simulation,5.01011061668396,cganalysis_run_simulation,1
895,gpu-static,cganalysis,iter-2,cganalysis_simrun,5.0097761154174805,cganalysis_simrun,1
896,gpu-static,cganalysis,iter-2,cganalysis_run,1786.3509998321533,cganalysis_run,1
897,gpu-static,cganalysis,iter-2,cganalysis_load_mdanalysis,2.032350778579712,cganalysis_load_mdanalysis,1
898,gpu-static,cganalysis,iter-2,cganalysis_run_simulation,5.010042667388916,cganalysis_run_simulation,1
899,gpu-static,cganalysis,iter-2,cganalysis_simrun,5.00971245765686,cganalysis_simrun,1
900,gpu-static,cganalysis,iter-2,cganalysis_run,1785.5820000171661,cganalysis_run,1
901,gpu-static,cganalysis,iter-2,cganalysis_load_mdanalysis,1.5435504913330078,cganalysis_load_mdanalysis,1
902,gpu-static,cganalysis,iter-2,cganalysis_run_simulation,5.010216474533081,cganalysis_run_simulation,1
903,gpu-static,cganalysis,iter-2,cganalysis_simrun,5.009864568710327,cganalysis_simrun,1
904,gpu-static,cganalysis,iter-2,cganalysis_run,1785.835000038147,cganalysis_run,1
905,gpu-static,cganalysis,iter-2,cganalysis_load_mdanalysis,1.5515773296356201,cganalysis_load_mdanalysis,1
906,gpu-static,cganalysis,iter-2,cganalysis_run_simulation,5.010207414627075,cganalysis_run_simulation,1
907,gpu-static,cganalysis,iter-2,cganalysis_simrun,5.009848594665527,cganalysis_simrun,1
908,gpu-static,cganalysis,iter-2,cganalysis_run,1784.819000005722,cganalysis_run,1
909,gpu-static,cganalysis,iter-2,cganalysis_load_mdanalysis,2.2536168098449707,cganalysis_load_mdanalysis,1
910,gpu-static,cganalysis,iter-2,cganalysis_run_simulation,5.009981632232666,cganalysis_run_simulation,1
911,gpu-static,cganalysis,iter-2,cganalysis_simrun,5.009632349014282,cganalysis_simrun,1
912,gpu-static,cganalysis,iter-2,cganalysis_run,1785.962000131607,cganalysis_run,1
913,gpu-static,cganalysis,iter-2,cganalysis_load_mdanalysis,2.180511236190796,cganalysis_load_mdanalysis,1
914,gpu-static,cganalysis,iter-2,cganalysis_run_simulation,5.009989976882935,cganalysis_run_simulation,1
915,gpu-static,cganalysis,iter-2,cganalysis_simrun,5.00963020324707,cganalysis_simrun,1
916,gpu-static,cganalysis,iter-2,cganalysis_run,1784.8330001831055,cganalysis_run,1
917,gpu-static,cganalysis,iter-2,cganalysis_load_mdanalysis,1.6114833354949951,cganalysis_load_mdanalysis,1
918,gpu-static,cganalysis,iter-2,cganalysis_run_simulation,5.010177850723267,cganalysis_run_simulation,1
919,gpu-static,cganalysis,iter-2,cganalysis_simrun,5.009828090667725,cganalysis_simrun,1
920,gpu-static,createsim,iter-3,createsim_runtime,550.1113035678864,createsim_runtime,2
921,gpu-static,createsim,iter-3,createsims_create_cg_patch,0.0017070770263671875,createsims_create_cg_patch,2
922,gpu-static,createsim,iter-3,createsims_setup_cg_sim,547.4872257709503,createsims_setup_cg_sim,2
923,gpu-static,createsim,iter-3,createsims_gromacs_energy_minimization_0,1.9055263996124268,createsims_gromacs_energy_minimization,2
924,gpu-static,createsim,iter-3,createsims_mdrun_lipids_water_0,2.044095516204834,createsims_mdrun_lipids_water,2
925,gpu-static,createsim,iter-3,createsims_trjconv_lipids_water_0,0.4297783374786377,createsims_trjconv_lipids_water,2
926,gpu-static,createsim,iter-3,createsims_gromacs_make_ndx,0.7607378959655762,createsims_gromacs_make_ndx,2
927,gpu-static,createsim,iter-3,createsims_generate_velocities,46.26268768310547,createsims_generate_velocities,2
928,gpu-static,createsim,iter-3,createsims_short_equilibration,90.12563848495483,createsims_short_equilibration,2
929,gpu-static,createsim,iter-3,createsims_pull_molecules,292.912695646286,createsims_pull_molecules,2
930,gpu-static,createsim,iter-3,createsims_relax_protein,34.78442168235779,createsims_relax_protein,2
931,gpu-static,createsim,iter-3,createsims_short_equilibration_20fs,74.68053960800171,createsims_short_equilibration,2
932,gpu-static,createsim,iter-3,createsims_prime_cg_sim,2.5115933418273926,createsims_prime_cg_sim,2
933,gpu-static,createsim,iter-3,createsim_runtime,678.6052553653717,createsim_runtime,2
934,gpu-static,createsim,iter-3,createsims_create_cg_patch,0.0016965866088867188,createsims_create_cg_patch,2
935,gpu-static,createsim,iter-3,createsims_setup_cg_sim,675.9145219326019,createsims_setup_cg_sim,2
936,gpu-static,createsim,iter-3,createsims_gromacs_energy_minimization_0,1.9160792827606201,createsims_gromacs_energy_minimization,2
937,gpu-static,createsim,iter-3,createsims_mdrun_lipids_water_0,2.696472644805908,createsims_mdrun_lipids_water,2
938,gpu-static,createsim,iter-3,createsims_trjconv_lipids_water_0,0.42934703826904297,createsims_trjconv_lipids_water,2
939,gpu-static,createsim,iter-3,createsims_gromacs_make_ndx,0.7598791122436523,createsims_gromacs_make_ndx,2
940,gpu-static,createsim,iter-3,createsims_generate_velocities,32.464388847351074,createsims_generate_velocities,2
941,gpu-static,createsim,iter-3,createsims_short_equilibration,74.86563348770142,createsims_short_equilibration,2
942,gpu-static,createsim,iter-3,createsims_pull_molecules,416.68898916244507,createsims_pull_molecules,2
943,gpu-static,createsim,iter-3,createsims_relax_protein,36.48983693122864,createsims_relax_protein,2
944,gpu-static,createsim,iter-3,createsims_short_equilibration_20fs,106.10819387435913,createsims_short_equilibration,2
945,gpu-static,createsim,iter-3,createsims_prime_cg_sim,2.5023441314697266,createsims_prime_cg_sim,2
946,gpu-static,createsim,iter-3,createsim_runtime,604.6505033969879,createsim_runtime,2
947,gpu-static,createsim,iter-3,createsims_create_cg_patch,0.0021555423736572266,createsims_create_cg_patch,2
948,gpu-static,createsim,iter-3,createsims_setup_cg_sim,601.9961633682251,createsims_setup_cg_sim,2
949,gpu-static,createsim,iter-3,createsims_gromacs_energy_minimization_0,2.4639391899108887,createsims_gromacs_energy_minimization,2
950,gpu-static,createsim,iter-3,createsims_mdrun_lipids_water_0,0.7562463283538818,createsims_mdrun_lipids_water,2
951,gpu-static,createsim,iter-3,createsims_trjconv_lipids_water_0,0.43691349029541016,createsims_trjconv_lipids_water,2
952,gpu-static,createsim,iter-3,createsims_gromacs_energy_minimization_1,1.9162883758544922,createsims_gromacs_energy_minimization,2
953,gpu-static,createsim,iter-3,createsims_mdrun_lipids_water_1,2.123466730117798,createsims_mdrun_lipids_water,2
954,gpu-static,createsim,iter-3,createsims_trjconv_lipids_water_1,0.43361449241638184,createsims_trjconv_lipids_water,2
955,gpu-static,createsim,iter-3,createsims_gromacs_energy_minimization_2,1.909226417541504,createsims_gromacs_energy_minimization,2
956,gpu-static,createsim,iter-3,createsims_mdrun_lipids_water_2,0.6724848747253418,createsims_mdrun_lipids_water,2
957,gpu-static,createsim,iter-3,createsims_trjconv_lipids_water_2,0.4385039806365967,createsims_trjconv_lipids_water,2
958,gpu-static,createsim,iter-3,createsims_gromacs_energy_minimization_3,1.9123039245605469,createsims_gromacs_energy_minimization,2
959,gpu-static,createsim,iter-3,createsims_mdrun_lipids_water_3,0.6536126136779785,createsims_mdrun_lipids_water,2
960,gpu-static,createsim,iter-3,createsims_trjconv_lipids_water_3,0.43935441970825195,createsims_trjconv_lipids_water,2
961,gpu-static,createsim,iter-3,createsims_gromacs_energy_minimization_4,1.9076123237609863,createsims_gromacs_energy_minimization,2
962,gpu-static,createsim,iter-3,createsims_mdrun_lipids_water_4,2.8058924674987793,createsims_mdrun_lipids_water,2
963,gpu-static,createsim,iter-3,createsims_trjconv_lipids_water_4,0.4418826103210449,createsims_trjconv_lipids_water,2
964,gpu-static,createsim,iter-3,createsims_gromacs_energy_minimization_5,1.9250872135162354,createsims_gromacs_energy_minimization,2
965,gpu-static,createsim,iter-3,createsims_mdrun_lipids_water_5,2.00630521774292,createsims_mdrun_lipids_water,2
966,gpu-static,createsim,iter-3,createsims_trjconv_lipids_water_5,0.4388730525970459,createsims_trjconv_lipids_water,2
967,gpu-static,createsim,iter-3,createsims_gromacs_energy_minimization_6,1.9155657291412354,createsims_gromacs_energy_minimization,2
968,gpu-static,createsim,iter-3,createsims_mdrun_lipids_water_6,0.6573309898376465,createsims_mdrun_lipids_water,2
969,gpu-static,createsim,iter-3,createsims_trjconv_lipids_water_6,0.4369344711303711,createsims_trjconv_lipids_water,2
970,gpu-static,createsim,iter-3,createsims_gromacs_energy_minimization_7,1.9248077869415283,createsims_gromacs_energy_minimization,2
971,gpu-static,createsim,iter-3,createsims_mdrun_lipids_water_7,2.7212789058685303,createsims_mdrun_lipids_water,2
972,gpu-static,createsim,iter-3,createsims_trjconv_lipids_water_7,0.4366014003753662,createsims_trjconv_lipids_water,2
973,gpu-static,createsim,iter-3,createsims_gromacs_energy_minimization_8,1.9181475639343262,createsims_gromacs_energy_minimization,2
974,gpu-static,createsim,iter-3,createsims_mdrun_lipids_water_8,2.738523244857788,createsims_mdrun_lipids_water,2
975,gpu-static,createsim,iter-3,createsims_trjconv_lipids_water_8,0.4395484924316406,createsims_trjconv_lipids_water,2
976,gpu-static,createsim,iter-3,createsims_gromacs_energy_minimization_9,1.9121098518371582,createsims_gromacs_energy_minimization,2
977,gpu-static,createsim,iter-3,createsims_mdrun_lipids_water_9,2.5947699546813965,createsims_mdrun_lipids_water,2
978,gpu-static,createsim,iter-3,createsims_trjconv_lipids_water_9,0.43711233139038086,createsims_trjconv_lipids_water,2
979,gpu-static,createsim,iter-3,createsims_gromacs_make_ndx,0.7754106521606445,createsims_gromacs_make_ndx,2
980,gpu-static,createsim,iter-3,createsims_generate_velocities,48.52840209007263,createsims_generate_velocities,2
981,gpu-static,createsim,iter-3,createsims_short_equilibration,75.09297370910645,createsims_short_equilibration,2
982,gpu-static,createsim,iter-3,createsims_pull_molecules,279.33859491348267,createsims_pull_molecules,2
983,gpu-static,createsim,iter-3,createsims_relax_protein,36.39481258392334,createsims_relax_protein,2
984,gpu-static,createsim,iter-3,createsims_short_equilibration_20fs,107.2284243106842,createsims_short_equilibration,2
985,gpu-static,createsim,iter-3,createsims_prime_cg_sim,2.5137135982513428,createsims_prime_cg_sim,2
986,gpu-static,createsim,iter-3,createsim_runtime,683.9866027832031,createsim_runtime,2
987,gpu-static,createsim,iter-3,createsims_create_cg_patch,0.0016987323760986328,createsims_create_cg_patch,2
988,gpu-static,createsim,iter-3,createsims_setup_cg_sim,681.306291103363,createsims_setup_cg_sim,2
989,gpu-static,createsim,iter-3,createsims_gromacs_energy_minimization_0,1.9016172885894775,createsims_gromacs_energy_minimization,2
990,gpu-static,createsim,iter-3,createsims_mdrun_lipids_water_0,1.9970676898956299,createsims_mdrun_lipids_water,2
991,gpu-static,createsim,iter-3,createsims_trjconv_lipids_water_0,0.42919015884399414,createsims_trjconv_lipids_water,2
992,gpu-static,createsim,iter-3,createsims_gromacs_make_ndx,0.765608549118042,createsims_gromacs_make_ndx,2
993,gpu-static,createsim,iter-3,createsims_generate_velocities,45.23804759979248,createsims_generate_velocities,2
994,gpu-static,createsim,iter-3,createsims_short_equilibration,92.25208353996277,createsims_short_equilibration,2
995,gpu-static,createsim,iter-3,createsims_pull_molecules,422.85252261161804,createsims_pull_molecules,2
996,gpu-static,createsim,iter-3,createsims_relax_protein,36.798816442489624,createsims_relax_protein,2
997,gpu-static,createsim,iter-3,createsims_short_equilibration_20fs,75.56493473052979,createsims_short_equilibration,2
998,gpu-static,createsim,iter-3,createsims_prime_cg_sim,2.5087461471557617,createsims_prime_cg_sim,2
999,gpu-static,createsim,iter-3,createsim_runtime,692.4444482326508,createsim_runtime,2
1000,gpu-static,createsim,iter-3,createsims_create_cg_patch,0.0016994476318359375,createsims_create_cg_patch,2
1001,gpu-static,createsim,iter-3,createsims_setup_cg_sim,689.7049179077148,createsims_setup_cg_sim,2
1002,gpu-static,createsim,iter-3,createsims_gromacs_energy_minimization_0,1.9024124145507812,createsims_gromacs_energy_minimization,2
1003,gpu-static,createsim,iter-3,createsims_mdrun_lipids_water_0,2.781015396118164,createsims_mdrun_lipids_water,2
1004,gpu-static,createsim,iter-3,createsims_trjconv_lipids_water_0,0.4508957862854004,createsims_trjconv_lipids_water,2
1005,gpu-static,createsim,iter-3,createsims_gromacs_make_ndx,0.7621464729309082,createsims_gromacs_make_ndx,2
1006,gpu-static,createsim,iter-3,createsims_generate_velocities,48.085192918777466,createsims_generate_velocities,2
1007,gpu-static,createsim,iter-3,createsims_short_equilibration,108.13439464569092,createsims_short_equilibration,2
1008,gpu-static,createsim,iter-3,createsims_pull_molecules,417.59305214881897,createsims_pull_molecules,2
1009,gpu-static,createsim,iter-3,createsims_relax_protein,33.85461759567261,createsims_relax_protein,2
1010,gpu-static,createsim,iter-3,createsims_short_equilibration_20fs,72.64417028427124,createsims_short_equilibration,2
1011,gpu-static,createsim,iter-3,createsims_prime_cg_sim,2.5075440406799316,createsims_prime_cg_sim,2
1012,gpu-static,createsim,iter-3,createsim_runtime,532.9995758533478,createsim_runtime,2
1013,gpu-static,createsim,iter-3,createsims_create_cg_patch,0.0017113685607910156,createsims_create_cg_patch,2
1014,gpu-static,createsim,iter-3,createsims_setup_cg_sim,530.3443195819855,createsims_setup_cg_sim,2
1015,gpu-static,createsim,iter-3,createsims_gromacs_energy_minimization_0,1.9165916442871094,createsims_gromacs_energy_minimization,2
1016,gpu-static,createsim,iter-3,createsims_mdrun_lipids_water_0,2.7556867599487305,createsims_mdrun_lipids_water,2
1017,gpu-static,createsim,iter-3,createsims_trjconv_lipids_water_0,0.4258451461791992,createsims_trjconv_lipids_water,2
1018,gpu-static,createsim,iter-3,createsims_gromacs_make_ndx,0.7566876411437988,createsims_gromacs_make_ndx,2
1019,gpu-static,createsim,iter-3,createsims_generate_velocities,34.140180587768555,createsims_generate_velocities,2
1020,gpu-static,createsim,iter-3,createsims_short_equilibration,70.63170599937439,createsims_short_equilibration,2
1021,gpu-static,createsim,iter-3,createsims_pull_molecules,290.08419966697693,createsims_pull_molecules,2
1022,gpu-static,createsim,iter-3,createsims_relax_protein,26.367091417312622,createsims_relax_protein,2
1023,gpu-static,createsim,iter-3,createsims_short_equilibration_20fs,99.61790347099304,createsims_short_equilibration,2
1024,gpu-static,createsim,iter-3,createsims_prime_cg_sim,2.51112699508667,createsims_prime_cg_sim,2
1025,gpu-static,createsim,iter-3,createsim_runtime,585.2549483776093,createsim_runtime,2
1026,gpu-static,createsim,iter-3,createsims_create_cg_patch,0.001689910888671875,createsims_create_cg_patch,2
1027,gpu-static,createsim,iter-3,createsims_setup_cg_sim,582.5525350570679,createsims_setup_cg_sim,2
1028,gpu-static,createsim,iter-3,createsims_gromacs_energy_minimization_0,1.903348445892334,createsims_gromacs_energy_minimization,2
1029,gpu-static,createsim,iter-3,createsims_mdrun_lipids_water_0,2.00750994682312,createsims_mdrun_lipids_water,2
1030,gpu-static,createsim,iter-3,createsims_trjconv_lipids_water_0,0.4271085262298584,createsims_trjconv_lipids_water,2
1031,gpu-static,createsim,iter-3,createsims_gromacs_make_ndx,0.763822078704834,createsims_gromacs_make_ndx,2
1032,gpu-static,createsim,iter-3,createsims_generate_velocities,34.44681000709534,createsims_generate_velocities,2
1033,gpu-static,createsim,iter-3,createsims_short_equilibration,71.17220664024353,createsims_short_equilibration,2
1034,gpu-static,createsim,iter-3,createsims_pull_molecules,360.1753330230713,createsims_pull_molecules,2
1035,gpu-static,createsim,iter-3,createsims_relax_protein,33.247182846069336,createsims_relax_protein,2
1036,gpu-static,createsim,iter-3,createsims_short_equilibration_20fs,74.8720977306366,createsims_short_equilibration,2
1037,gpu-static,createsim,iter-3,createsims_prime_cg_sim,2.506340742111206,createsims_prime_cg_sim,2
1038,gpu-static,createsim,iter-3,createsim_runtime,671.4831280708313,createsim_runtime,2
1039,gpu-static,createsim,iter-3,createsims_create_cg_patch,0.0018317699432373047,createsims_create_cg_patch,2
1040,gpu-static,createsim,iter-3,createsims_setup_cg_sim,668.8010187149048,createsims_setup_cg_sim,2
1041,gpu-static,createsim,iter-3,createsims_gromacs_energy_minimization_0,2.4503817558288574,createsims_gromacs_energy_minimization,2
1042,gpu-static,createsim,iter-3,createsims_mdrun_lipids_water_0,2.4031081199645996,createsims_mdrun_lipids_water,2
1043,gpu-static,createsim,iter-3,createsims_trjconv_lipids_water_0,0.43070173263549805,createsims_trjconv_lipids_water,2
1044,gpu-static,createsim,iter-3,createsims_gromacs_make_ndx,0.7642734050750732,createsims_gromacs_make_ndx,2
1045,gpu-static,createsim,iter-3,createsims_generate_velocities,43.651976346969604,createsims_generate_velocities,2
1046,gpu-static,createsim,iter-3,createsims_short_equilibration,71.19280219078064,createsims_short_equilibration,2
1047,gpu-static,createsim,iter-3,createsims_pull_molecules,409.8432545661926,createsims_pull_molecules,2
1048,gpu-static,createsim,iter-3,createsims_relax_protein,29.391940355300903,createsims_relax_protein,2
1049,gpu-static,createsim,iter-3,createsims_short_equilibration_20fs,104.94459557533264,createsims_short_equilibration,2
1050,gpu-static,createsim,iter-3,createsims_prime_cg_sim,2.5239553451538086,createsims_prime_cg_sim,2
1051,gpu-static,createsim,iter-3,createsim_runtime,561.1570823192596,createsim_runtime,2
1052,gpu-static,createsim,iter-3,createsims_create_cg_patch,0.0016930103302001953,createsims_create_cg_patch,2
1053,gpu-static,createsim,iter-3,createsims_setup_cg_sim,558.4860217571259,createsims_setup_cg_sim,2
1054,gpu-static,createsim,iter-3,createsims_gromacs_energy_minimization_0,1.902714490890503,createsims_gromacs_energy_minimization,2
1055,gpu-static,createsim,iter-3,createsims_mdrun_lipids_water_0,2.725464105606079,createsims_mdrun_lipids_water,2
1056,gpu-static,createsim,iter-3,createsims_trjconv_lipids_water_0,0.42949342727661133,createsims_trjconv_lipids_water,2
1057,gpu-static,createsim,iter-3,createsims_gromacs_make_ndx,0.7663826942443848,createsims_gromacs_make_ndx,2
1058,gpu-static,createsim,iter-3,createsims_generate_velocities,34.761056423187256,createsims_generate_velocities,2
1059,gpu-static,createsim,iter-3,createsims_short_equilibration,99.62374544143677,createsims_short_equilibration,2
1060,gpu-static,createsim,iter-3,createsims_pull_molecules,283.27697944641113,createsims_pull_molecules,2
1061,gpu-static,createsim,iter-3,createsims_relax_protein,29.652799367904663,createsims_relax_protein,2
1062,gpu-static,createsim,iter-3,createsims_short_equilibration_20fs,101.75783777236938,createsims_short_equilibration,2
1063,gpu-static,createsim,iter-3,createsims_prime_cg_sim,2.531168222427368,createsims_prime_cg_sim,2
1064,gpu-static,createsim,iter-3,createsim_runtime,703.8374726772308,createsim_runtime,2
1065,gpu-static,createsim,iter-3,createsims_create_cg_patch,0.0016934871673583984,createsims_create_cg_patch,2
1066,gpu-static,createsim,iter-3,createsims_setup_cg_sim,701.0879516601562,createsims_setup_cg_sim,2
1067,gpu-static,createsim,iter-3,createsims_gromacs_energy_minimization_0,1.9024302959442139,createsims_gromacs_energy_minimization,2
1068,gpu-static,createsim,iter-3,createsims_mdrun_lipids_water_0,2.080939292907715,createsims_mdrun_lipids_water,2
1069,gpu-static,createsim,iter-3,createsims_trjconv_lipids_water_0,0.4284055233001709,createsims_trjconv_lipids_water,2
1070,gpu-static,createsim,iter-3,createsims_gromacs_make_ndx,0.7636687755584717,createsims_gromacs_make_ndx,2
1071,gpu-static,createsim,iter-3,createsims_generate_velocities,33.980552196502686,createsims_generate_velocities,2
1072,gpu-static,createsim,iter-3,createsims_short_equilibration,99.74378085136414,createsims_short_equilibration,2
1073,gpu-static,createsim,iter-3,createsims_pull_molecules,415.78049302101135,createsims_pull_molecules,2
1074,gpu-static,createsim,iter-3,createsims_relax_protein,36.198469161987305,createsims_relax_protein,2
1075,gpu-static,createsim,iter-3,createsims_short_equilibration_20fs,106.70334053039551,createsims_short_equilibration,2
1076,gpu-static,createsim,iter-3,createsims_prime_cg_sim,2.5565946102142334,createsims_prime_cg_sim,2
1077,gpu-static,createsim,iter-3,createsim_runtime,549.7834446430206,createsim_runtime,2
1078,gpu-static,createsim,iter-3,createsims_create_cg_patch,0.0016956329345703125,createsims_create_cg_patch,2
1079,gpu-static,createsim,iter-3,createsims_setup_cg_sim,547.1084568500519,createsims_setup_cg_sim,2
1080,gpu-static,createsim,iter-3,createsims_gromacs_energy_minimization_0,1.9160633087158203,createsims_gromacs_energy_minimization,2
1081,gpu-static,createsim,iter-3,createsims_mdrun_lipids_water_0,2.5658323764801025,createsims_mdrun_lipids_water,2
1082,gpu-static,createsim,iter-3,createsims_trjconv_lipids_water_0,0.435924768447876,createsims_trjconv_lipids_water,2
1083,gpu-static,createsim,iter-3,createsims_gromacs_make_ndx,0.768897294998169,createsims_gromacs_make_ndx,2
1084,gpu-static,createsim,iter-3,createsims_generate_velocities,46.482017040252686,createsims_generate_velocities,2
1085,gpu-static,createsim,iter-3,createsims_short_equilibration,71.18263626098633,createsims_short_equilibration,2
1086,gpu-static,createsim,iter-3,createsims_pull_molecules,279.20230174064636,createsims_pull_molecules,2
1087,gpu-static,createsim,iter-3,createsims_relax_protein,32.70992684364319,createsims_relax_protein,2
1088,gpu-static,createsim,iter-3,createsims_short_equilibration_20fs,108.18649625778198,createsims_short_equilibration,2
1089,gpu-static,createsim,iter-3,createsims_prime_cg_sim,2.5263748168945312,createsims_prime_cg_sim,2
1090,gpu-static,createsim,iter-3,createsim_runtime,670.4563982486725,createsim_runtime,2
1091,gpu-static,createsim,iter-3,createsims_create_cg_patch,0.0017158985137939453,createsims_create_cg_patch,2
1092,gpu-static,createsim,iter-3,createsims_setup_cg_sim,667.790278673172,createsims_setup_cg_sim,2
1093,gpu-static,createsim,iter-3,createsims_gromacs_energy_minimization_0,1.904358148574829,createsims_gromacs_energy_minimization,2
1094,gpu-static,createsim,iter-3,createsims_mdrun_lipids_water_0,2.0066282749176025,createsims_mdrun_lipids_water,2
1095,gpu-static,createsim,iter-3,createsims_trjconv_lipids_water_0,0.427931547164917,createsims_trjconv_lipids_water,2
1096,gpu-static,createsim,iter-3,createsims_gromacs_make_ndx,0.7654531002044678,createsims_gromacs_make_ndx,2
1097,gpu-static,createsim,iter-3,createsims_generate_velocities,48.354668378829956,createsims_generate_velocities,2
1098,gpu-static,createsim,iter-3,createsims_short_equilibration,106.48763656616211,createsims_short_equilibration,2
1099,gpu-static,createsim,iter-3,createsims_pull_molecules,389.57174825668335,createsims_pull_molecules,2
1100,gpu-static,createsim,iter-3,createsims_relax_protein,26.32067632675171,createsims_relax_protein,2
1101,gpu-static,createsim,iter-3,createsims_short_equilibration_20fs,88.36831855773926,createsims_short_equilibration,2
1102,gpu-static,createsim,iter-3,createsims_prime_cg_sim,2.524984836578369,createsims_prime_cg_sim,2
1103,gpu-static,createsim,iter-3,createsim_runtime,524.4236483573914,createsim_runtime,2
1104,gpu-static,createsim,iter-3,createsims_create_cg_patch,0.001695394515991211,createsims_create_cg_patch,2
1105,gpu-static,createsim,iter-3,createsims_setup_cg_sim,521.7631525993347,createsims_setup_cg_sim,2
1106,gpu-static,createsim,iter-3,createsims_gromacs_energy_minimization_0,2.415494680404663,createsims_gromacs_energy_minimization,2
1107,gpu-static,createsim,iter-3,createsims_mdrun_lipids_water_0,2.4270265102386475,createsims_mdrun_lipids_water,2
1108,gpu-static,createsim,iter-3,createsims_trjconv_lipids_water_0,0.4358174800872803,createsims_trjconv_lipids_water,2
1109,gpu-static,createsim,iter-3,createsims_gromacs_make_ndx,0.7693400382995605,createsims_gromacs_make_ndx,2
1110,gpu-static,createsim,iter-3,createsims_generate_velocities,32.52351355552673,createsims_generate_velocities,2
1111,gpu-static,createsim,iter-3,createsims_short_equilibration,74.12214088439941,createsims_short_equilibration,2
1112,gpu-static,createsim,iter-3,createsims_pull_molecules,293.770117521286,createsims_pull_molecules,2
1113,gpu-static,createsim,iter-3,createsims_relax_protein,35.99590992927551,createsims_relax_protein,2
1114,gpu-static,createsim,iter-3,createsims_short_equilibration_20fs,75.60359287261963,createsims_short_equilibration,2
1115,gpu-static,createsim,iter-3,createsims_prime_cg_sim,2.5057849884033203,createsims_prime_cg_sim,2
1116,gpu-static,createsim,iter-3,createsim_runtime,555.6073131561279,createsim_runtime,2
1117,gpu-static,createsim,iter-3,createsims_create_cg_patch,0.001961231231689453,createsims_create_cg_patch,2
1118,gpu-static,createsim,iter-3,createsims_setup_cg_sim,552.9728491306305,createsims_setup_cg_sim,2
1119,gpu-static,createsim,iter-3,createsims_gromacs_energy_minimization_0,1.9152655601501465,createsims_gromacs_energy_minimization,2
1120,gpu-static,createsim,iter-3,createsims_mdrun_lipids_water_0,2.66691255569458,createsims_mdrun_lipids_water,2
1121,gpu-static,createsim,iter-3,createsims_trjconv_lipids_water_0,0.4262206554412842,createsims_trjconv_lipids_water,2
1122,gpu-static,createsim,iter-3,createsims_gromacs_make_ndx,0.7621266841888428,createsims_gromacs_make_ndx,2
1123,gpu-static,createsim,iter-3,createsims_generate_velocities,33.964834451675415,createsims_generate_velocities,2
1124,gpu-static,createsim,iter-3,createsims_short_equilibration,97.19422960281372,createsims_short_equilibration,2
1125,gpu-static,createsim,iter-3,createsims_pull_molecules,278.21853971481323,createsims_pull_molecules,2
1126,gpu-static,createsim,iter-3,createsims_relax_protein,36.141377687454224,createsims_relax_protein,2
1127,gpu-static,createsim,iter-3,createsims_short_equilibration_20fs,98.07086300849915,createsims_short_equilibration,2
1128,gpu-static,createsim,iter-3,createsims_prime_cg_sim,2.515420913696289,createsims_prime_cg_sim,2
1129,gpu-static,createsim,iter-3,createsim_runtime,662.9970412254333,createsim_runtime,2
1130,gpu-static,createsim,iter-3,createsims_create_cg_patch,0.0017142295837402344,createsims_create_cg_patch,2
1131,gpu-static,createsim,iter-3,createsims_setup_cg_sim,660.346845626831,createsims_setup_cg_sim,2
1132,gpu-static,createsim,iter-3,createsims_gromacs_energy_minimization_0,1.903162956237793,createsims_gromacs_energy_minimization,2
1133,gpu-static,createsim,iter-3,createsims_mdrun_lipids_water_0,2.6051712036132812,createsims_mdrun_lipids_water,2
1134,gpu-static,createsim,iter-3,createsims_trjconv_lipids_water_0,0.4307258129119873,createsims_trjconv_lipids_water,2
1135,gpu-static,createsim,iter-3,createsims_gromacs_make_ndx,0.7625412940979004,createsims_gromacs_make_ndx,2
1136,gpu-static,createsim,iter-3,createsims_generate_velocities,32.40487861633301,createsims_generate_velocities,2
1137,gpu-static,createsim,iter-3,createsims_short_equilibration,105.19144630432129,createsims_short_equilibration,2
1138,gpu-static,createsim,iter-3,createsims_pull_molecules,406.7031807899475,createsims_pull_molecules,2
1139,gpu-static,createsim,iter-3,createsims_relax_protein,34.62782120704651,createsims_relax_protein,2
1140,gpu-static,createsim,iter-3,createsims_short_equilibration_20fs,72.09436464309692,createsims_short_equilibration,2
1141,gpu-static,createsim,iter-3,createsims_prime_cg_sim,2.510728597640991,createsims_prime_cg_sim,2
1142,gpu-static,createsim,iter-3,createsim_runtime,664.1552047729492,createsim_runtime,2
1143,gpu-static,createsim,iter-3,createsims_create_cg_patch,0.0017170906066894531,createsims_create_cg_patch,2
1144,gpu-static,createsim,iter-3,createsims_setup_cg_sim,661.5330727100372,createsims_setup_cg_sim,2
1145,gpu-static,createsim,iter-3,createsims_gromacs_energy_minimization_0,1.9080719947814941,createsims_gromacs_energy_minimization,2
1146,gpu-static,createsim,iter-3,createsims_mdrun_lipids_water_0,1.9906721115112305,createsims_mdrun_lipids_water,2
1147,gpu-static,createsim,iter-3,createsims_trjconv_lipids_water_0,0.4300425052642822,createsims_trjconv_lipids_water,2
1148,gpu-static,createsim,iter-3,createsims_gromacs_make_ndx,0.7605254650115967,createsims_gromacs_make_ndx,2
1149,gpu-static,createsim,iter-3,createsims_generate_velocities,33.88346266746521,createsims_generate_velocities,2
1150,gpu-static,createsim,iter-3,createsims_short_equilibration,98.1291937828064,createsims_short_equilibration,2
1151,gpu-static,createsim,iter-3,createsims_pull_molecules,384.9738883972168,createsims_pull_molecules,2
1152,gpu-static,createsim,iter-3,createsims_relax_protein,30.402178287506104,createsims_relax_protein,2
1153,gpu-static,createsim,iter-3,createsims_short_equilibration_20fs,105.51409554481506,createsims_short_equilibration,2
1154,gpu-static,createsim,iter-3,createsims_prime_cg_sim,2.509843587875366,createsims_prime_cg_sim,2
1155,gpu-static,createsim,iter-3,createsim_runtime,539.71590924263,createsim_runtime,2
1156,gpu-static,createsim,iter-3,createsims_create_cg_patch,0.0017101764678955078,createsims_create_cg_patch,2
1157,gpu-static,createsim,iter-3,createsims_setup_cg_sim,537.0894997119904,createsims_setup_cg_sim,2
1158,gpu-static,createsim,iter-3,createsims_gromacs_energy_minimization_0,1.905961036682129,createsims_gromacs_energy_minimization,2
1159,gpu-static,createsim,iter-3,createsims_mdrun_lipids_water_0,2.6832220554351807,createsims_mdrun_lipids_water,2
1160,gpu-static,createsim,iter-3,createsims_trjconv_lipids_water_0,0.43137025833129883,createsims_trjconv_lipids_water,2
1161,gpu-static,createsim,iter-3,createsims_gromacs_make_ndx,0.7645249366760254,createsims_gromacs_make_ndx,2
1162,gpu-static,createsim,iter-3,createsims_generate_velocities,43.78016757965088,createsims_generate_velocities,2
1163,gpu-static,createsim,iter-3,createsims_short_equilibration,102.54335331916809,createsims_short_equilibration,2
1164,gpu-static,createsim,iter-3,createsims_pull_molecules,280.8311290740967,createsims_pull_molecules,2
1165,gpu-static,createsim,iter-3,createsims_relax_protein,28.1816668510437,createsims_relax_protein,2
1166,gpu-static,createsim,iter-3,createsims_short_equilibration_20fs,72.41243696212769,createsims_short_equilibration,2
1167,gpu-static,createsim,iter-3,createsims_prime_cg_sim,2.5145814418792725,createsims_prime_cg_sim,2
1168,gpu-static,createsim,iter-3,createsim_runtime,644.5435798168182,createsim_runtime,2
1169,gpu-static,createsim,iter-3,createsims_create_cg_patch,0.0017614364624023438,createsims_create_cg_patch,2
1170,gpu-static,createsim,iter-3,createsims_setup_cg_sim,641.8923456668854,createsims_setup_cg_sim,2
1171,gpu-static,createsim,iter-3,createsims_gromacs_energy_minimization_0,1.907292127609253,createsims_gromacs_energy_minimization,2
1172,gpu-static,createsim,iter-3,createsims_mdrun_lipids_water_0,2.817352533340454,createsims_mdrun_lipids_water,2
1173,gpu-static,createsim,iter-3,createsims_trjconv_lipids_water_0,0.441303014755249,createsims_trjconv_lipids_water,2
1174,gpu-static,createsim,iter-3,createsims_gromacs_make_ndx,0.7604219913482666,createsims_gromacs_make_ndx,2
1175,gpu-static,createsim,iter-3,createsims_generate_velocities,32.69369626045227,createsims_generate_velocities,2
1176,gpu-static,createsim,iter-3,createsims_short_equilibration,71.57106375694275,createsims_short_equilibration,2
1177,gpu-static,createsim,iter-3,createsims_pull_molecules,386.15640473365784,createsims_pull_molecules,2
1178,gpu-static,createsim,iter-3,createsims_relax_protein,33.588783264160156,createsims_relax_protein,2
1179,gpu-static,createsim,iter-3,createsims_short_equilibration_20fs,108.21966028213501,createsims_short_equilibration,2
1180,gpu-static,createsim,iter-3,createsims_prime_cg_sim,2.5083608627319336,createsims_prime_cg_sim,2
1181,gpu-static,createsim,iter-3,createsim_runtime,695.3818843364716,createsim_runtime,2
1182,gpu-static,createsim,iter-3,createsims_create_cg_patch,0.0016944408416748047,createsims_create_cg_patch,2
1183,gpu-static,createsim,iter-3,createsims_setup_cg_sim,692.7184135913849,createsims_setup_cg_sim,2
1184,gpu-static,createsim,iter-3,createsims_gromacs_energy_minimization_0,1.9037001132965088,createsims_gromacs_energy_minimization,2
1185,gpu-static,createsim,iter-3,createsims_mdrun_lipids_water_0,2.004528522491455,createsims_mdrun_lipids_water,2
1186,gpu-static,createsim,iter-3,createsims_trjconv_lipids_water_0,0.4274110794067383,createsims_trjconv_lipids_water,2
1187,gpu-static,createsim,iter-3,createsims_gromacs_make_ndx,0.7591695785522461,createsims_gromacs_make_ndx,2
1188,gpu-static,createsim,iter-3,createsims_generate_velocities,34.22179460525513,createsims_generate_velocities,2
1189,gpu-static,createsim,iter-3,createsims_short_equilibration,73.8164484500885,createsims_short_equilibration,2
1190,gpu-static,createsim,iter-3,createsims_pull_molecules,446.32556891441345,createsims_pull_molecules,2
1191,gpu-static,createsim,iter-3,createsims_relax_protein,30.45129632949829,createsims_relax_protein,2
1192,gpu-static,createsim,iter-3,createsims_short_equilibration_20fs,99.321848154068,createsims_short_equilibration,2
1193,gpu-static,createsim,iter-3,createsims_prime_cg_sim,2.511986017227173,createsims_prime_cg_sim,2
1194,gpu-static,createsim,iter-3,createsim_runtime,576.5727117061615,createsim_runtime,2
1195,gpu-static,createsim,iter-3,createsims_create_cg_patch,0.0016889572143554688,createsims_create_cg_patch,2
1196,gpu-static,createsim,iter-3,createsims_setup_cg_sim,573.9151661396027,createsims_setup_cg_sim,2
1197,gpu-static,createsim,iter-3,createsims_gromacs_energy_minimization_0,1.898881196975708,createsims_gromacs_energy_minimization,2
1198,gpu-static,createsim,iter-3,createsims_mdrun_lipids_water_0,2.113229751586914,createsims_mdrun_lipids_water,2
1199,gpu-static,createsim,iter-3,createsims_trjconv_lipids_water_0,0.4280991554260254,createsims_trjconv_lipids_water,2
1200,gpu-static,createsim,iter-3,createsims_gromacs_make_ndx,0.7648415565490723,createsims_gromacs_make_ndx,2
1201,gpu-static,createsim,iter-3,createsims_generate_velocities,32.79495429992676,createsims_generate_velocities,2
1202,gpu-static,createsim,iter-3,createsims_short_equilibration,104.46553301811218,createsims_short_equilibration,2
1203,gpu-static,createsim,iter-3,createsims_pull_molecules,293.9811096191406,createsims_pull_molecules,2
1204,gpu-static,createsim,iter-3,createsims_relax_protein,27.284408807754517,createsims_relax_protein,2
1205,gpu-static,createsim,iter-3,createsims_short_equilibration_20fs,106.62693238258362,createsims_short_equilibration,2
1206,gpu-static,createsim,iter-3,createsims_prime_cg_sim,2.520221710205078,createsims_prime_cg_sim,2
1207,gpu-static,createsim,iter-3,createsim_runtime,675.7913007736206,createsim_runtime,2
1208,gpu-static,createsim,iter-3,createsims_create_cg_patch,0.0017130374908447266,createsims_create_cg_patch,2
1209,gpu-static,createsim,iter-3,createsims_setup_cg_sim,673.151878118515,createsims_setup_cg_sim,2
1210,gpu-static,createsim,iter-3,createsims_gromacs_energy_minimization_0,1.908055067062378,createsims_gromacs_energy_minimization,2
1211,gpu-static,createsim,iter-3,createsims_mdrun_lipids_water_0,2.6934595108032227,createsims_mdrun_lipids_water,2
1212,gpu-static,createsim,iter-3,createsims_trjconv_lipids_water_0,0.4330563545227051,createsims_trjconv_lipids_water,2
1213,gpu-static,createsim,iter-3,createsims_gromacs_make_ndx,0.7672073841094971,createsims_gromacs_make_ndx,2
1214,gpu-static,createsim,iter-3,createsims_generate_velocities,32.421764850616455,createsims_generate_velocities,2
1215,gpu-static,createsim,iter-3,createsims_short_equilibration,106.22081255912781,createsims_short_equilibration,2
1216,gpu-static,createsim,iter-3,createsims_pull_molecules,419.7080748081207,createsims_pull_molecules,2
1217,gpu-static,createsim,iter-3,createsims_relax_protein,32.36733269691467,createsims_relax_protein,2
1218,gpu-static,createsim,iter-3,createsims_short_equilibration_20fs,73.02111577987671,createsims_short_equilibration,2
1219,gpu-static,createsim,iter-3,createsims_prime_cg_sim,2.526836633682251,createsims_prime_cg_sim,2
1220,gpu-static,createsim,iter-3,createsim_runtime,700.4130730628967,createsim_runtime,2
1221,gpu-static,createsim,iter-3,createsims_create_cg_patch,0.0017158985137939453,createsims_create_cg_patch,2
1222,gpu-static,createsim,iter-3,createsims_setup_cg_sim,697.7891247272491,createsims_setup_cg_sim,2
1223,gpu-static,createsim,iter-3,createsims_gromacs_energy_minimization_0,1.9051930904388428,createsims_gromacs_energy_minimization,2
1224,gpu-static,createsim,iter-3,createsims_mdrun_lipids_water_0,2.5916872024536133,createsims_mdrun_lipids_water,2
1225,gpu-static,createsim,iter-3,createsims_trjconv_lipids_water_0,0.4301466941833496,createsims_trjconv_lipids_water,2
1226,gpu-static,createsim,iter-3,createsims_gromacs_make_ndx,0.7675135135650635,createsims_gromacs_make_ndx,2
1227,gpu-static,createsim,iter-3,createsims_generate_velocities,44.0124671459198,createsims_generate_velocities,2
1228,gpu-static,createsim,iter-3,createsims_short_equilibration,89.2342004776001,createsims_short_equilibration,2
1229,gpu-static,createsim,iter-3,createsims_pull_molecules,417.81302285194397,createsims_pull_molecules,2
1230,gpu-static,createsim,iter-3,createsims_relax_protein,30.19087839126587,createsims_relax_protein,2
1231,gpu-static,createsim,iter-3,createsims_short_equilibration_20fs,107.26491570472717,createsims_short_equilibration,2
1232,gpu-static,createsim,iter-3,createsims_prime_cg_sim,2.5115835666656494,createsims_prime_cg_sim,2
1233,gpu-static,createsim,iter-3,createsim_runtime,598.6271977424622,createsim_runtime,2
1234,gpu-static,createsim,iter-3,createsims_create_cg_patch,0.0017192363739013672,createsims_create_cg_patch,2
1235,gpu-static,createsim,iter-3,createsims_setup_cg_sim,595.9972314834595,createsims_setup_cg_sim,2
1236,gpu-static,createsim,iter-3,createsims_gromacs_energy_minimization_0,1.9233968257904053,createsims_gromacs_energy_minimization,2
1237,gpu-static,createsim,iter-3,createsims_mdrun_lipids_water_0,2.676612138748169,createsims_mdrun_lipids_water,2
1238,gpu-static,createsim,iter-3,createsims_trjconv_lipids_water_0,0.45386385917663574,createsims_trjconv_lipids_water,2
1239,gpu-static,createsim,iter-3,createsims_gromacs_make_ndx,0.768977165222168,createsims_gromacs_make_ndx,2
1240,gpu-static,createsim,iter-3,createsims_generate_velocities,46.381317377090454,createsims_generate_velocities,2
1241,gpu-static,createsim,iter-3,createsims_short_equilibration,73.53466773033142,createsims_short_equilibration,2
1242,gpu-static,createsim,iter-3,createsims_pull_molecules,357.99570059776306,createsims_pull_molecules,2
1243,gpu-static,createsim,iter-3,createsims_relax_protein,36.59656596183777,createsims_relax_protein,2
1244,gpu-static,createsim,iter-3,createsims_short_equilibration_20fs,71.92178773880005,createsims_short_equilibration,2
1245,gpu-static,createsim,iter-3,createsims_prime_cg_sim,2.508373260498047,createsims_prime_cg_sim,2
1246,gpu-static,createsim,iter-3,createsim_runtime,698.784499168396,createsim_runtime,2
1247,gpu-static,createsim,iter-3,createsims_create_cg_patch,0.0016865730285644531,createsims_create_cg_patch,2
1248,gpu-static,createsim,iter-3,createsims_setup_cg_sim,696.1579871177673,createsims_setup_cg_sim,2
1249,gpu-static,createsim,iter-3,createsims_gromacs_energy_minimization_0,1.9171619415283203,createsims_gromacs_energy_minimization,2
1250,gpu-static,createsim,iter-3,createsims_mdrun_lipids_water_0,2.094000816345215,createsims_mdrun_lipids_water,2
1251,gpu-static,createsim,iter-3,createsims_trjconv_lipids_water_0,0.432445764541626,createsims_trjconv_lipids_water,2
1252,gpu-static,createsim,iter-3,createsims_gromacs_make_ndx,0.7632343769073486,createsims_gromacs_make_ndx,2
1253,gpu-static,createsim,iter-3,createsims_generate_velocities,32.53872585296631,createsims_generate_velocities,2
1254,gpu-static,createsim,iter-3,createsims_short_equilibration,104.13916373252869,createsims_short_equilibration,2
1255,gpu-static,createsim,iter-3,createsims_pull_molecules,409.09050941467285,createsims_pull_molecules,2
1256,gpu-static,createsim,iter-3,createsims_relax_protein,37.08969569206238,createsims_relax_protein,2
1257,gpu-static,createsim,iter-3,createsims_short_equilibration_20fs,104.52329158782959,createsims_short_equilibration,2
1258,gpu-static,createsim,iter-3,createsims_prime_cg_sim,2.5091264247894287,createsims_prime_cg_sim,2
1259,gpu-static,createsim,iter-3,createsim_runtime,643.277087688446,createsim_runtime,2
1260,gpu-static,createsim,iter-3,createsims_create_cg_patch,0.0016951560974121094,createsims_create_cg_patch,2
1261,gpu-static,createsim,iter-3,createsims_setup_cg_sim,640.5891258716583,createsims_setup_cg_sim,2
1262,gpu-static,createsim,iter-3,createsims_gromacs_energy_minimization_0,1.90802001953125,createsims_gromacs_energy_minimization,2
1263,gpu-static,createsim,iter-3,createsims_mdrun_lipids_water_0,1.9947118759155273,createsims_mdrun_lipids_water,2
1264,gpu-static,createsim,iter-3,createsims_trjconv_lipids_water_0,0.42845630645751953,createsims_trjconv_lipids_water,2
1265,gpu-static,createsim,iter-3,createsims_gromacs_make_ndx,0.7638969421386719,createsims_gromacs_make_ndx,2
1266,gpu-static,createsim,iter-3,createsims_generate_velocities,46.85390067100525,createsims_generate_velocities,2
1267,gpu-static,createsim,iter-3,createsims_short_equilibration,100.20528936386108,createsims_short_equilibration,2
1268,gpu-static,createsim,iter-3,createsims_pull_molecules,354.19190788269043,createsims_pull_molecules,2
1269,gpu-static,createsim,iter-3,createsims_relax_protein,35.21323204040527,createsims_relax_protein,2
1270,gpu-static,createsim,iter-3,createsims_short_equilibration_20fs,95.20942044258118,createsims_short_equilibration,2
1271,gpu-static,createsim,iter-3,createsims_prime_cg_sim,2.5509181022644043,createsims_prime_cg_sim,2
1272,gpu-static,createsim,iter-3,createsim_runtime,557.9423055648804,createsim_runtime,2
1273,gpu-static,createsim,iter-3,createsims_create_cg_patch,0.0017156600952148438,createsims_create_cg_patch,2
1274,gpu-static,createsim,iter-3,createsims_setup_cg_sim,555.3033063411713,createsims_setup_cg_sim,2
1275,gpu-static,createsim,iter-3,createsims_gromacs_energy_minimization_0,1.912696361541748,createsims_gromacs_energy_minimization,2
1276,gpu-static,createsim,iter-3,createsims_mdrun_lipids_water_0,2.0636656284332275,createsims_mdrun_lipids_water,2
1277,gpu-static,createsim,iter-3,createsims_trjconv_lipids_water_0,0.4289102554321289,createsims_trjconv_lipids_water,2
1278,gpu-static,createsim,iter-3,createsims_gromacs_make_ndx,0.7645297050476074,createsims_gromacs_make_ndx,2
1279,gpu-static,createsim,iter-3,createsims_generate_velocities,46.354475021362305,createsims_generate_velocities,2
1280,gpu-static,createsim,iter-3,createsims_short_equilibration,97.31348943710327,createsims_short_equilibration,2
1281,gpu-static,createsim,iter-3,createsims_pull_molecules,278.7671775817871,createsims_pull_molecules,2
1282,gpu-static,createsim,iter-3,createsims_relax_protein,30.14173913002014,createsims_relax_protein,2
1283,gpu-static,createsim,iter-3,createsims_short_equilibration_20fs,94.01219463348389,createsims_short_equilibration,2
1284,gpu-static,createsim,iter-3,createsims_prime_cg_sim,2.512110948562622,createsims_prime_cg_sim,2
1285,gpu-static,cganalysis,iter-3,cganalysis_run,1785.4639999866486,cganalysis_run,2
1286,gpu-static,cganalysis,iter-3,cganalysis_load_mdanalysis,2.115215539932251,cganalysis_load_mdanalysis,2
1287,gpu-static,cganalysis,iter-3,cganalysis_run_simulation,5.009989976882935,cganalysis_run_simulation,2
1288,gpu-static,cganalysis,iter-3,cganalysis_simrun,5.00965142250061,cganalysis_simrun,2
1289,gpu-static,cganalysis,iter-3,cganalysis_run,1784.8310000896454,cganalysis_run,2
1290,gpu-static,cganalysis,iter-3,cganalysis_load_mdanalysis,2.2571189403533936,cganalysis_load_mdanalysis,2
1291,gpu-static,cganalysis,iter-3,cganalysis_run_simulation,5.01016902923584,cganalysis_run_simulation,2
1292,gpu-static,cganalysis,iter-3,cganalysis_simrun,5.009822130203247,cganalysis_simrun,2
1293,gpu-static,cganalysis,iter-3,cganalysis_run,1784.6619999408722,cganalysis_run,2
1294,gpu-static,cganalysis,iter-3,cganalysis_load_mdanalysis,1.6577906608581543,cganalysis_load_mdanalysis,2
1295,gpu-static,cganalysis,iter-3,cganalysis_run_simulation,5.009792327880859,cganalysis_run_simulation,2
1296,gpu-static,cganalysis,iter-3,cganalysis_simrun,5.00945258140564,cganalysis_simrun,2
1297,gpu-static,cganalysis,iter-3,cganalysis_run,1784.9639999866486,cganalysis_run,2
1298,gpu-static,cganalysis,iter-3,cganalysis_load_mdanalysis,1.5944492816925049,cganalysis_load_mdanalysis,2
1299,gpu-static,cganalysis,iter-3,cganalysis_run_simulation,5.01042366027832,cganalysis_run_simulation,2
1300,gpu-static,cganalysis,iter-3,cganalysis_simrun,5.010066509246826,cganalysis_simrun,2
1301,gpu-static,cganalysis,iter-3,cganalysis_run,3421.832000017166,cganalysis_run,2
1302,gpu-static,cganalysis,iter-3,cganalysis_load_mdanalysis,1.7498831748962402,cganalysis_load_mdanalysis,2
1303,gpu-static,cganalysis,iter-3,cganalysis_run_simulation,5.009974479675293,cganalysis_run_simulation,2
1304,gpu-static,cganalysis,iter-3,cganalysis_simrun,5.0096259117126465,cganalysis_simrun,2
1305,gpu-static,cganalysis,iter-3,cganalysis_run,1787.8849999904633,cganalysis_run,2
1306,gpu-static,cganalysis,iter-3,cganalysis_load_mdanalysis,4.191121816635132,cganalysis_load_mdanalysis,2
1307,gpu-static,cganalysis,iter-3,cganalysis_run_simulation,5.0103020668029785,cganalysis_run_simulation,2
1308,gpu-static,cganalysis,iter-3,cganalysis_simrun,5.009962797164917,cganalysis_simrun,2
1309,gpu-static,cganalysis,iter-3,cganalysis_run,1785.6389999389648,cganalysis_run,2
1310,gpu-static,cganalysis,iter-3,cganalysis_load_mdanalysis,2.4706201553344727,cganalysis_load_mdanalysis,2
1311,gpu-static,cganalysis,iter-3,cganalysis_run_simulation,5.010308265686035,cganalysis_run_simulation,2
1312,gpu-static,cganalysis,iter-3,cganalysis_simrun,5.009927034378052,cganalysis_simrun,2
1313,gpu-static,cganalysis,iter-3,cganalysis_run,1786.683000087738,cganalysis_run,2
1314,gpu-static,cganalysis,iter-3,cganalysis_load_mdanalysis,2.6054317951202393,cganalysis_load_mdanalysis,2
1315,gpu-static,cganalysis,iter-3,cganalysis_run_simulation,5.010165214538574,cganalysis_run_simulation,2
1316,gpu-static,cganalysis,iter-3,cganalysis_simrun,5.00979471206665,cganalysis_simrun,2
1317,gpu-static,cganalysis,iter-3,cganalysis_run,1784.4350001811981,cganalysis_run,2
1318,gpu-static,cganalysis,iter-3,cganalysis_load_mdanalysis,1.588667631149292,cganalysis_load_mdanalysis,2
1319,gpu-static,cganalysis,iter-3,cganalysis_run_simulation,5.010101556777954,cganalysis_run_simulation,2
1320,gpu-static,cganalysis,iter-3,cganalysis_simrun,5.009747743606567,cganalysis_simrun,2
1321,gpu-static,cganalysis,iter-3,cganalysis_run,1784.1040000915527,cganalysis_run,2
1322,gpu-static,cganalysis,iter-3,cganalysis_load_mdanalysis,1.594012975692749,cganalysis_load_mdanalysis,2
1323,gpu-static,cganalysis,iter-3,cganalysis_run_simulation,5.013142108917236,cganalysis_run_simulation,2
1324,gpu-static,cganalysis,iter-3,cganalysis_simrun,5.010012149810791,cganalysis_simrun,2
