2025-04-08 15:15:37,516 - [MainProcess:2982] root:init_logger:344 - INFO - Enabled
2025-04-08 15:15:37,516 - [MainProcess:2982] root:init_logger:345 - WARNING - Enabled
2025-04-08 15:15:37,516 - [MainProcess:2982] root:init_logger:346 - ERROR - Enabled
2025-04-08 15:15:37,516 - [MainProcess:2982] root:init_logger:347 - CRITICAL - Enabled
2025-04-08 15:15:37,556 - [MainProcess:2982] root:_log_profile:78 - PROFILE - [136.688 MB]: Enabled
2025-04-08 15:15:37,556 - [MainProcess:2982] mummi_ras.online.cg.cganalysis:run_cganalysis:881 - INFO - Running CG analysis, options are:
2025-04-08 15:15:37,556 - [MainProcess:2982] mummi_ras.online.cg.cganalysis:run_cganalysis:882 - INFO - Namespace(simname='structure_iter00_000000000004', fcount=0, noninteractive=False, path='/tmp/mummi/cg/structure_iter00_000000000004-20250408_151519', pathremote='/p/gpfs1/pottier1/minimummi-sc25/roots/root1/sims-cg/structure_iter00_000000000004', fstype='mummi', fbio='mummi', nprocs=1, loglevel=2, logpath='./', logstdout=True, test=False, logfile='cg_analysis', maxsimtime=250000000, stopsimtime=600, minsimtime=100000000, frameProcessBatchSize=10, siminputs='/p/gpfs1/pottier1/minimummi-sc25/roots/root1/sims-cg/structure_iter00_000000000004', simbin='gmx', simruntime='0.5', simcores=8, nofeedback=False, backend=<MDEngine.GROMACS: <class 'mummi_ras.online.simulation.GROMACS'>>, mini=True)
2025-04-08 15:15:37,556 - [MainProcess:2982] mummi_ras.online.cg.cganalysis:run_cganalysis:883 - INFO - local path = /tmp/mummi/cg/structure_iter00_000000000004-20250408_151519
2025-04-08 15:15:37,556 - [MainProcess:2982] mummi_ras.online.cg.cganalysis:run_cganalysis:885 - INFO - remote path = /p/gpfs1/pottier1/minimummi-sc25/roots/root1/sims-cg/structure_iter00_000000000004
2025-04-08 15:15:37,727 - [MainProcess:2982] mummi_ras.online.cg.cganalysis:run_cganalysis:895 - INFO - Using IO_Interface [<class 'mummi_ras.interfaces.mummi.IO_Mummi'>] for data output
2025-04-08 15:15:37,727 - [MainProcess:2982] mummi_ras.online.cg.cganalysis:run_cganalysis:896 - INFO - Using IO_Interface [<class 'mummi_ras.interfaces.mummi.IO_Mummi'>] for feedback output
2025-04-08 15:15:37,727 - [MainProcess:2982] mummi_ras.online.cg.cgoptions:__init__:47 - INFO - Loading parameters from /g/g92/pottier1/admirral_sc25/mummi_resources/analysis/cg/cg_analysis_parameters.yaml
2025-04-08 15:15:37,735 - [MainProcess:2982] mummi_ras.feedback.feedback_manager_cg2ml:__init__:56 - INFO - Initialized FeedbackManager (type = FeedbackManagerType.Worker; name = structure_iter00_000000000004; host = lassen83)
2025-04-08 15:15:37,792 - [MainProcess:2982] mummi_ras.parsers.cg:setup:68 - INFO - Initializing CGParser (MDAnalysis version 2.8.0-dev0)
2025-04-08 15:15:37,792 - [MainProcess:2982] mummi_ras.parsers.cg:setup:69 - INFO - 	Loading: (/tmp/mummi/cg/structure_iter00_000000000004-20250408_151519/lipids-water-eq6.gro) (/tmp/mummi/cg/structure_iter00_000000000004-20250408_151519/topol.tpr)
2025-04-08 15:15:37,811 - [MainProcess:2982] MDAnalysis.topology.TPRparser:_log_header:258 - INFO - Gromacs version   : b'VERSION 2024.1'
2025-04-08 15:15:37,811 - [MainProcess:2982] MDAnalysis.topology.TPRparser:_log_header:259 - INFO - tpx version       : 133
2025-04-08 15:15:37,811 - [MainProcess:2982] MDAnalysis.topology.TPRparser:_log_header:260 - INFO - tpx generation    : 28
2025-04-08 15:15:37,812 - [MainProcess:2982] MDAnalysis.topology.TPRparser:_log_header:261 - INFO - tpx precision     : 4
2025-04-08 15:15:37,812 - [MainProcess:2982] MDAnalysis.topology.TPRparser:_log_header:262 - INFO - tpx file_tag      : b'release'
2025-04-08 15:15:37,812 - [MainProcess:2982] MDAnalysis.topology.TPRparser:_log_header:263 - INFO - tpx natoms        : 54715
2025-04-08 15:15:37,812 - [MainProcess:2982] MDAnalysis.topology.TPRparser:_log_header:264 - INFO - tpx ngtc          : 2
2025-04-08 15:15:37,812 - [MainProcess:2982] MDAnalysis.topology.TPRparser:_log_header:265 - INFO - tpx fep_state     : 0
2025-04-08 15:15:37,812 - [MainProcess:2982] MDAnalysis.topology.TPRparser:_log_header:266 - INFO - tpx lambda        : 0.0
2025-04-08 15:15:38,677 - [MainProcess:2982] mummi_ras.parsers.cg:setup:74 - INFO - 	Number of frames in sim: 1
2025-04-08 15:15:38,677 - [MainProcess:2982] mummi_ras.parsers.cg:setup:75 - INFO - 	Number of atoms in sim: 54715
2025-04-08 15:15:38,677 - [MainProcess:2982] mummi_ras.parsers.cg:setup:76 - INFO - 	Sim dimensions: [181.59059 181.59059 182.30789]
2025-04-08 15:15:38,713 - [MainProcess:2982] mummi_ras.parsers.cg:_setup_lipids:103 - WARNING -  Resnames ['ALA' 'ARG' 'ASN' 'ASP' 'CGW' 'CYF' 'CYM' 'CYS' 'GLN' 'GLU' 'GLY' 'GTP'
 'HSE' 'ILE' 'ION' 'LEU' 'LYS' 'MET' 'MG' 'PHE' 'PRO' 'SER' 'THR' 'TRP'
 'TYR' 'VAL' 'W' 'ZN2'] either not lipids or not supported!
2025-04-08 15:15:39,565 - [MainProcess:2982] numexpr.utils:_init_num_threads:145 - INFO - Note: detected 176 virtual cores but NumExpr set to maximum of 64, check "NUMEXPR_MAX_THREADS" environment variable.
2025-04-08 15:15:39,565 - [MainProcess:2982] numexpr.utils:_init_num_threads:148 - INFO - Note: NumExpr detected 176 cores but "NUMEXPR_MAX_THREADS" not set, so enforcing safe limit of 8.
2025-04-08 15:15:40,948 - [MainProcess:2982] mummi_ras.parsers.cg:_setup_lipids:145 - WARNING - Found leaflets of size 448 354
2025-04-08 15:15:40,952 - [MainProcess:2982] mummi_ras.parsers.cg_aligner:init:144 - INFO - origin: (165,): ['THR', 'GLU', 'TYR', 'LYS', 'LEU', 'VAL', 'VAL', 'VAL', 'GLY', 'ALA', 'ASP', 'GLY', 'VAL', 'GLY', 'LYS', 'SER', 'ALA', 'LEU', 'THR', 'ILE', 'GLN', 'LEU', 'ILE', 'GLN', 'ASN', 'HSE', 'PHE', 'VAL', 'ASP', 'GLU', 'TYR', 'ASP', 'PRO', 'THR', 'ILE', 'GLU', 'ASP', 'SER', 'TYR', 'ARG', 'LYS', 'GLN', 'VAL', 'VAL', 'ILE', 'ASP', 'GLY', 'GLU', 'THR', 'CYS', 'LEU', 'LEU', 'ASP', 'ILE', 'LEU', 'ASP', 'THR', 'ALA', 'GLY', 'GLN', 'GLU', 'GLU', 'TYR', 'SER', 'ALA', 'MET', 'ARG', 'ASP', 'GLN', 'TYR', 'MET', 'ARG', 'THR', 'GLY', 'GLU', 'GLY', 'PHE', 'LEU', 'CYS', 'VAL', 'PHE', 'ALA', 'ILE', 'ASN', 'ASN', 'THR', 'LYS', 'SER', 'PHE', 'GLU', 'ASP', 'ILE', 'HSE', 'HSE', 'TYR', 'ARG', 'GLU', 'GLN', 'ILE', 'LYS', 'ARG', 'VAL', 'LYS', 'ASP', 'SER', 'GLU', 'ASP', 'VAL', 'PRO', 'MET', 'VAL', 'LEU', 'VAL', 'GLY', 'ASN', 'LYS', 'CYS', 'ASP', 'LEU', 'PRO', 'SER', 'ARG', 'THR', 'VAL', 'ASP', 'THR', 'LYS', 'GLN', 'ALA', 'GLN', 'ASP', 'LEU', 'ALA', 'ARG', 'SER', 'TYR', 'GLY', 'ILE', 'PRO', 'PHE', 'ILE', 'GLU', 'THR', 'SER', 'ALA', 'LYS', 'THR', 'ARG', 'GLN', 'GLY', 'VAL', 'ASP', 'ASP', 'ALA', 'PHE', 'TYR', 'THR', 'LEU', 'VAL', 'ARG', 'GLU', 'ILE', 'ARG', 'LYS', 'HSE']
2025-04-08 15:15:40,952 - [MainProcess:2982] mummi_ras.parsers.cg_aligner:init:145 - INFO - xaxis:  (8,): ['THR', 'PHE', 'PHE', 'THR', 'LEU', 'LEU', 'PHE', 'GLN']
2025-04-08 15:15:40,955 - [MainProcess:2982] mummi_ras.online.cg.cganalysis:run_cganalysis:978 - INFO - Testing flags: [Success='cg_success', Fail='cg_failure']
2025-04-08 15:15:40,956 - [MainProcess:2982] mummi_ras.online.cg.cganalysis:run_cganalysis:979 - INFO - Checking for exit condition [/p/gpfs1/pottier1/minimummi-sc25/roots/root1/sims-cg/structure_iter00_000000000004] (pass=False fail=False)
2025-04-08 15:15:40,956 - [MainProcess:2982] mummi_ras.online.simulation:run:101 - INFO - Starting /usr/WS1/mummiusr/mummi-spack/spack/0.21/opt/spack/__spack_path_placeholder__/__spack_path_placeholder__/__spack_path_placeholder__/__spack_path_placeholder__/__spack_path_placeholder__/__spack_path_placeholder__/__spack_path_placeholder__/__spack_path_pla/linux-rhel7-power9le/gcc-11.2.1/gromacs-2024.1-qjy7zpleiv5vefcx74wqch3gy2rui4uh/bin/gmx....
2025-04-08 15:15:40,956 - [MainProcess:2982] mummi_ras.online.simulation:run:115 - INFO - cmd =       /usr/WS1/mummiusr/mummi-spack/spack/0.21/opt/spack/__spack_path_placeholder__/__spack_path_placeholder__/__spack_path_placeholder__/__spack_path_placeholder__/__spack_path_placeholder__/__spack_path_placeholder__/__spack_path_placeholder__/__spack_path_pla/linux-rhel7-power9le/gcc-11.2.1/gromacs-2024.1-qjy7zpleiv5vefcx74wqch3gy2rui4uh/bin/gmx mdrun -cpi -nb gpu -ntmpi 1 -ntomp 8 -pin off -maxh 0.5 >> mdrun.log 2>&1
2025-04-08 15:15:40,956 - [MainProcess:2982] mummi_ras.online.simulation:run:116 - INFO - os.pwd =    /tmp/mummi/cg/structure_iter00_000000000004-20250408_151519
2025-04-08 15:15:40,956 - [MainProcess:2982] mummi_ras.online.simulation:run:117 - INFO - simdir =    /tmp/mummi/cg/structure_iter00_000000000004-20250408_151519
2025-04-08 15:15:45,964 - [MainProcess:2982] mummi_ras.online.simulation:run:122 - INFO - Process Running? None
2025-04-08 15:15:45,966 - [MainProcess:2982] mummi_ras.online.simulation:run:126 - INFO - CUDA_VISIBLE_DEVICES=0
2025-04-08 15:15:45,966 - [MainProcess:2982] mummi_ras.online.simulation:run:127 - INFO - ROCR_VISIBLE_DEVICES=UNSET
2025-04-08 15:15:46,045 - [MainProcess:2982] mummi_ras.online.simulation:get_new_frames:399 - INFO - Getting all frame numbers in trajectory from 0 to 0.
2025-04-08 15:15:46,046 - [MainProcess:2982] mummi_ras.online.cg.cganalysis:run_main_analysis:193 - INFO - Process frame 0
2025-04-08 15:15:46,046 - [MainProcess:2982] mummi_ras.online.cg.cganalysis:processFrame:554 - INFO - Load 1 frames: current frame ID /tmp/mummi/cg/structure_iter00_000000000004-20250408_151519/traj_comp.xtc
2025-04-08 15:15:46,057 - [MainProcess:2982] mummi_ras.online.cg.cganalysis:processFrame:580 - INFO - Frame:     0, Time:    0.000 ps, Bbox = [0, 181.59059, 0, 181.59059]
2025-04-08 15:15:46,058 - [MainProcess:2982] mummi_ras.online.cg.cganalysis:processFrame:584 - INFO - Lengths of layers: 664 35 486
2025-04-08 15:15:46,183 - [MainProcess:2982] mummi_ras.online.cg.cganalysis:processFrame:765 - INFO - Time for analysis - frameNum 0, time 0.1374199390411377 s
2025-04-08 15:15:48,184 - [MainProcess:2982] mummi_ras.online.simulation:has_computed_enough:352 - INFO - runtime_hours*0.99 = 0.495 vs delta_time = 0.002007895376947191 (length 0.0 ns) False False
2025-04-08 15:15:50,191 - [MainProcess:2982] mummi_ras.online.simulation:has_computed_enough:352 - INFO - runtime_hours*0.99 = 0.495 vs delta_time = 0.002565340730879042 (length 0.0 ns) False False
2025-04-08 15:15:52,197 - [MainProcess:2982] mummi_ras.online.simulation:has_computed_enough:352 - INFO - runtime_hours*0.99 = 0.495 vs delta_time = 0.0031226371394263374 (length 0.0 ns) False False
2025-04-08 15:15:54,204 - [MainProcess:2982] mummi_ras.online.simulation:has_computed_enough:352 - INFO - runtime_hours*0.99 = 0.495 vs delta_time = 0.003679985006650289 (length 0.0 ns) False False
2025-04-08 15:15:56,210 - [MainProcess:2982] mummi_ras.online.simulation:has_computed_enough:352 - INFO - runtime_hours*0.99 = 0.495 vs delta_time = 0.004237291812896729 (length 0.0 ns) False False
2025-04-08 15:15:58,216 - [MainProcess:2982] mummi_ras.online.simulation:has_computed_enough:352 - INFO - runtime_hours*0.99 = 0.495 vs delta_time = 0.00479457676410675 (length 0.0 ns) False False
2025-04-08 15:16:00,223 - [MainProcess:2982] mummi_ras.online.simulation:has_computed_enough:352 - INFO - runtime_hours*0.99 = 0.495 vs delta_time = 0.005351885159810384 (length 0.0 ns) False False
/usr/WS1/mummiusr/mummi-spack/spack/0.21/opt/spack/__spack_path_placeholder__/__spack_path_placeholder__/__spack_path_placeholder__/__spack_path_placeholder__/__spack_path_placeholder__/__spack_path_placeholder__/__spack_path_placeholder__/__spack_path_pla/linux-rhel7-power9le/gcc-11.2.1/py-mdanalysis-mummi-c2-r52p5p5z3zr3gz4m44s6vmwdgmmcbjjb/lib/python3.11/site-packages/MDAnalysis/coordinates/XDR.py:240: UserWarning: Reload offsets from trajectory
 ctime or size or n_atoms did not match
  warnings.warn("Reload offsets from trajectory\n "
2025-04-08 15:16:00,280 - [MainProcess:2982] mummi_ras.online.simulation:get_new_frames:399 - INFO - Getting all frame numbers in trajectory from 1 to 1.
2025-04-08 15:16:00,280 - [MainProcess:2982] mummi_ras.online.cg.cganalysis:run_main_analysis:193 - INFO - Process frame 1
2025-04-08 15:16:00,281 - [MainProcess:2982] mummi_ras.online.cg.cganalysis:processFrame:554 - INFO - Load 2 frames: current frame ID /tmp/mummi/cg/structure_iter00_000000000004-20250408_151519/traj_comp.xtc
2025-04-08 15:16:00,292 - [MainProcess:2982] mummi_ras.online.cg.cganalysis:processFrame:580 - INFO - Frame:     1, Time:  500.000 ps, Bbox = [0, 179.6711, 0, 179.6711]
2025-04-08 15:16:00,292 - [MainProcess:2982] mummi_ras.online.cg.cganalysis:processFrame:584 - INFO - Lengths of layers: 664 34 487
2025-04-08 15:16:00,392 - [MainProcess:2982] mummi_ras.online.cg.cganalysis:processFrame:765 - INFO - Time for analysis - frameNum 1, time 0.11180281639099121 s
2025-04-08 15:16:02,393 - [MainProcess:2982] mummi_ras.online.simulation:has_computed_enough:352 - INFO - runtime_hours*0.99 = 0.495 vs delta_time = 0.005954740444819132 (length 0.5 ns) False False
2025-04-08 15:16:04,399 - [MainProcess:2982] mummi_ras.online.simulation:has_computed_enough:352 - INFO - runtime_hours*0.99 = 0.495 vs delta_time = 0.006512068443828159 (length 0.5 ns) False False
2025-04-08 15:16:06,406 - [MainProcess:2982] mummi_ras.online.simulation:has_computed_enough:352 - INFO - runtime_hours*0.99 = 0.495 vs delta_time = 0.007069375183847215 (length 0.5 ns) False False
2025-04-08 15:16:08,412 - [MainProcess:2982] mummi_ras.online.simulation:has_computed_enough:352 - INFO - runtime_hours*0.99 = 0.495 vs delta_time = 0.007626657883326213 (length 0.5 ns) False False
2025-04-08 15:16:10,418 - [MainProcess:2982] mummi_ras.online.simulation:has_computed_enough:352 - INFO - runtime_hours*0.99 = 0.495 vs delta_time = 0.008183997207217747 (length 0.5 ns) False False
2025-04-08 15:16:12,425 - [MainProcess:2982] mummi_ras.online.simulation:has_computed_enough:352 - INFO - runtime_hours*0.99 = 0.495 vs delta_time = 0.008741299841139052 (length 0.5 ns) False False
2025-04-08 15:16:14,431 - [MainProcess:2982] mummi_ras.online.simulation:has_computed_enough:352 - INFO - runtime_hours*0.99 = 0.495 vs delta_time = 0.00929858386516571 (length 0.5 ns) False False
2025-04-08 15:16:16,437 - [MainProcess:2982] mummi_ras.online.simulation:has_computed_enough:352 - INFO - runtime_hours*0.99 = 0.495 vs delta_time = 0.009855941732724508 (length 0.5 ns) False False
2025-04-08 15:16:16,490 - [MainProcess:2982] mummi_ras.online.simulation:get_new_frames:399 - INFO - Getting all frame numbers in trajectory from 2 to 2.
2025-04-08 15:16:16,490 - [MainProcess:2982] mummi_ras.online.cg.cganalysis:run_main_analysis:193 - INFO - Process frame 2
2025-04-08 15:16:16,490 - [MainProcess:2982] mummi_ras.online.cg.cganalysis:processFrame:554 - INFO - Load 3 frames: current frame ID /tmp/mummi/cg/structure_iter00_000000000004-20250408_151519/traj_comp.xtc
2025-04-08 15:16:16,501 - [MainProcess:2982] mummi_ras.online.cg.cganalysis:processFrame:580 - INFO - Frame:     2, Time: 1000.000 ps, Bbox = [0, 180.27689, 0, 180.27689]
2025-04-08 15:16:16,501 - [MainProcess:2982] mummi_ras.online.cg.cganalysis:processFrame:584 - INFO - Lengths of layers: 663 37 485
2025-04-08 15:16:16,602 - [MainProcess:2982] mummi_ras.online.cg.cganalysis:processFrame:765 - INFO - Time for analysis - frameNum 2, time 0.11158323287963867 s
2025-04-08 15:16:18,602 - [MainProcess:2982] mummi_ras.online.simulation:has_computed_enough:352 - INFO - runtime_hours*0.99 = 0.495 vs delta_time = 0.010457362135251363 (length 1.0 ns) False False
2025-04-08 15:16:20,609 - [MainProcess:2982] mummi_ras.online.simulation:has_computed_enough:352 - INFO - runtime_hours*0.99 = 0.495 vs delta_time = 0.011014753381411235 (length 1.0 ns) False False
2025-04-08 15:16:22,615 - [MainProcess:2982] mummi_ras.online.simulation:has_computed_enough:352 - INFO - runtime_hours*0.99 = 0.495 vs delta_time = 0.011572048730320401 (length 1.0 ns) False False
2025-04-08 15:16:24,622 - [MainProcess:2982] mummi_ras.online.simulation:has_computed_enough:352 - INFO - runtime_hours*0.99 = 0.495 vs delta_time = 0.012129320767190721 (length 1.0 ns) False False
2025-04-08 15:16:26,628 - [MainProcess:2982] mummi_ras.online.simulation:has_computed_enough:352 - INFO - runtime_hours*0.99 = 0.495 vs delta_time = 0.012686609360906813 (length 1.0 ns) False False
2025-04-08 15:16:28,634 - [MainProcess:2982] mummi_ras.online.simulation:has_computed_enough:352 - INFO - runtime_hours*0.99 = 0.495 vs delta_time = 0.013243882854779562 (length 1.0 ns) False False
2025-04-08 15:16:30,640 - [MainProcess:2982] mummi_ras.online.simulation:has_computed_enough:352 - INFO - runtime_hours*0.99 = 0.495 vs delta_time = 0.013801195157898797 (length 1.0 ns) False False
2025-04-08 15:16:32,647 - [MainProcess:2982] mummi_ras.online.simulation:has_computed_enough:352 - INFO - runtime_hours*0.99 = 0.495 vs delta_time = 0.01435850547419654 (length 1.0 ns) False False
2025-04-08 15:16:34,653 - [MainProcess:2982] mummi_ras.online.simulation:has_computed_enough:352 - INFO - runtime_hours*0.99 = 0.495 vs delta_time = 0.01491580002837711 (length 1.0 ns) False False
2025-04-08 15:16:34,707 - [MainProcess:2982] mummi_ras.online.simulation:get_new_frames:399 - INFO - Getting all frame numbers in trajectory from 3 to 3.
2025-04-08 15:16:34,708 - [MainProcess:2982] mummi_ras.online.cg.cganalysis:run_main_analysis:193 - INFO - Process frame 3
2025-04-08 15:16:34,708 - [MainProcess:2982] mummi_ras.online.cg.cganalysis:processFrame:554 - INFO - Load 4 frames: current frame ID /tmp/mummi/cg/structure_iter00_000000000004-20250408_151519/traj_comp.xtc
2025-04-08 15:16:34,719 - [MainProcess:2982] mummi_ras.online.cg.cganalysis:processFrame:580 - INFO - Frame:     3, Time: 1500.000 ps, Bbox = [0, 180.42032, 0, 180.42032]
2025-04-08 15:16:34,719 - [MainProcess:2982] mummi_ras.online.cg.cganalysis:processFrame:584 - INFO - Lengths of layers: 660 38 487
2025-04-08 15:16:34,826 - [MainProcess:2982] mummi_ras.online.cg.cganalysis:processFrame:765 - INFO - Time for analysis - frameNum 3, time 0.11819887161254883 s
2025-04-08 15:16:36,827 - [MainProcess:2982] mummi_ras.online.simulation:has_computed_enough:352 - INFO - runtime_hours*0.99 = 0.495 vs delta_time = 0.015519672830899556 (length 1.5 ns) False False
2025-04-08 15:16:38,834 - [MainProcess:2982] mummi_ras.online.simulation:has_computed_enough:352 - INFO - runtime_hours*0.99 = 0.495 vs delta_time = 0.016077123085657754 (length 1.5 ns) False False
2025-04-08 15:16:40,840 - [MainProcess:2982] mummi_ras.online.simulation:has_computed_enough:352 - INFO - runtime_hours*0.99 = 0.495 vs delta_time = 0.016634419163068136 (length 1.5 ns) False False
2025-04-08 15:16:42,846 - [MainProcess:2982] mummi_ras.online.simulation:has_computed_enough:352 - INFO - runtime_hours*0.99 = 0.495 vs delta_time = 0.017191705571280587 (length 1.5 ns) False False
2025-04-08 15:16:44,852 - [MainProcess:2982] mummi_ras.online.simulation:has_computed_enough:352 - INFO - runtime_hours*0.99 = 0.495 vs delta_time = 0.017749012178844874 (length 1.5 ns) False False
2025-04-08 15:16:46,859 - [MainProcess:2982] mummi_ras.online.simulation:has_computed_enough:352 - INFO - runtime_hours*0.99 = 0.495 vs delta_time = 0.018306332296795316 (length 1.5 ns) False False
2025-04-08 15:16:48,865 - [MainProcess:2982] mummi_ras.online.simulation:has_computed_enough:352 - INFO - runtime_hours*0.99 = 0.495 vs delta_time = 0.018863644003868103 (length 1.5 ns) False False
2025-04-08 15:16:50,871 - [MainProcess:2982] mummi_ras.online.simulation:has_computed_enough:352 - INFO - runtime_hours*0.99 = 0.495 vs delta_time = 0.019420937034818862 (length 1.5 ns) False False
2025-04-08 15:16:50,925 - [MainProcess:2982] mummi_ras.online.simulation:get_new_frames:399 - INFO - Getting all frame numbers in trajectory from 4 to 4.
2025-04-08 15:16:50,926 - [MainProcess:2982] mummi_ras.online.cg.cganalysis:run_main_analysis:193 - INFO - Process frame 4
2025-04-08 15:16:50,926 - [MainProcess:2982] mummi_ras.online.cg.cganalysis:processFrame:554 - INFO - Load 5 frames: current frame ID /tmp/mummi/cg/structure_iter00_000000000004-20250408_151519/traj_comp.xtc
2025-04-08 15:16:50,937 - [MainProcess:2982] mummi_ras.online.cg.cganalysis:processFrame:580 - INFO - Frame:     4, Time: 2000.000 ps, Bbox = [0, 180.27966, 0, 180.27966]
2025-04-08 15:16:50,937 - [MainProcess:2982] mummi_ras.online.cg.cganalysis:processFrame:584 - INFO - Lengths of layers: 664 32 489
2025-04-08 15:16:51,038 - [MainProcess:2982] mummi_ras.online.cg.cganalysis:processFrame:765 - INFO - Time for analysis - frameNum 4, time 0.11180996894836426 s
2025-04-08 15:16:53,038 - [MainProcess:2982] mummi_ras.online.simulation:has_computed_enough:352 - INFO - runtime_hours*0.99 = 0.495 vs delta_time = 0.020022861493958367 (length 2.0 ns) False False
2025-04-08 15:16:55,045 - [MainProcess:2982] mummi_ras.online.simulation:has_computed_enough:352 - INFO - runtime_hours*0.99 = 0.495 vs delta_time = 0.020580212937461005 (length 2.0 ns) False False
2025-04-08 15:16:57,051 - [MainProcess:2982] mummi_ras.online.simulation:has_computed_enough:352 - INFO - runtime_hours*0.99 = 0.495 vs delta_time = 0.021137490471204123 (length 2.0 ns) False False
2025-04-08 15:16:59,057 - [MainProcess:2982] mummi_ras.online.simulation:has_computed_enough:352 - INFO - runtime_hours*0.99 = 0.495 vs delta_time = 0.021694779727194045 (length 2.0 ns) False False
2025-04-08 15:17:01,063 - [MainProcess:2982] mummi_ras.online.simulation:has_computed_enough:352 - INFO - runtime_hours*0.99 = 0.495 vs delta_time = 0.022252073619100782 (length 2.0 ns) False False
2025-04-08 15:17:03,070 - [MainProcess:2982] mummi_ras.online.simulation:has_computed_enough:352 - INFO - runtime_hours*0.99 = 0.495 vs delta_time = 0.022809394266870286 (length 2.0 ns) False False
2025-04-08 15:17:05,076 - [MainProcess:2982] mummi_ras.online.simulation:has_computed_enough:352 - INFO - runtime_hours*0.99 = 0.495 vs delta_time = 0.023366674184799194 (length 2.0 ns) False False
2025-04-08 15:17:07,082 - [MainProcess:2982] mummi_ras.online.simulation:has_computed_enough:352 - INFO - runtime_hours*0.99 = 0.495 vs delta_time = 0.023923990660243564 (length 2.0 ns) False False
2025-04-08 15:17:09,089 - [MainProcess:2982] mummi_ras.online.simulation:has_computed_enough:352 - INFO - runtime_hours*0.99 = 0.495 vs delta_time = 0.024481263756752015 (length 2.0 ns) False False
2025-04-08 15:17:09,141 - [MainProcess:2982] mummi_ras.online.simulation:get_new_frames:399 - INFO - Getting all frame numbers in trajectory from 5 to 5.
2025-04-08 15:17:09,141 - [MainProcess:2982] mummi_ras.online.cg.cganalysis:run_main_analysis:193 - INFO - Process frame 5
2025-04-08 15:17:09,141 - [MainProcess:2982] mummi_ras.online.cg.cganalysis:processFrame:554 - INFO - Load 6 frames: current frame ID /tmp/mummi/cg/structure_iter00_000000000004-20250408_151519/traj_comp.xtc
2025-04-08 15:17:09,152 - [MainProcess:2982] mummi_ras.online.cg.cganalysis:processFrame:580 - INFO - Frame:     5, Time: 2500.000 ps, Bbox = [0, 179.9556, 0, 179.9556]
2025-04-08 15:17:09,152 - [MainProcess:2982] mummi_ras.online.cg.cganalysis:processFrame:584 - INFO - Lengths of layers: 662 31 492
2025-04-08 15:17:09,253 - [MainProcess:2982] mummi_ras.online.cg.cganalysis:processFrame:765 - INFO - Time for analysis - frameNum 5, time 0.11184453964233398 s
2025-04-08 15:17:11,253 - [MainProcess:2982] mummi_ras.online.simulation:has_computed_enough:352 - INFO - runtime_hours*0.99 = 0.495 vs delta_time = 0.02508264852894677 (length 2.5 ns) False False
2025-04-08 15:17:13,260 - [MainProcess:2982] mummi_ras.online.simulation:has_computed_enough:352 - INFO - runtime_hours*0.99 = 0.495 vs delta_time = 0.02563998387919532 (length 2.5 ns) False False
2025-04-08 15:17:15,266 - [MainProcess:2982] mummi_ras.online.simulation:has_computed_enough:352 - INFO - runtime_hours*0.99 = 0.495 vs delta_time = 0.02619725207487742 (length 2.5 ns) False False
2025-04-08 15:17:17,273 - [MainProcess:2982] mummi_ras.online.simulation:has_computed_enough:352 - INFO - runtime_hours*0.99 = 0.495 vs delta_time = 0.02675462093618181 (length 2.5 ns) False False
2025-04-08 15:17:19,279 - [MainProcess:2982] mummi_ras.online.simulation:has_computed_enough:352 - INFO - runtime_hours*0.99 = 0.495 vs delta_time = 0.02731191019217173 (length 2.5 ns) False False
2025-04-08 15:17:21,285 - [MainProcess:2982] mummi_ras.online.simulation:has_computed_enough:352 - INFO - runtime_hours*0.99 = 0.495 vs delta_time = 0.02786924719810486 (length 2.5 ns) False False
2025-04-08 15:17:23,292 - [MainProcess:2982] mummi_ras.online.simulation:has_computed_enough:352 - INFO - runtime_hours*0.99 = 0.495 vs delta_time = 0.028426540758874682 (length 2.5 ns) False False
2025-04-08 15:17:25,298 - [MainProcess:2982] mummi_ras.online.simulation:has_computed_enough:352 - INFO - runtime_hours*0.99 = 0.495 vs delta_time = 0.028983828690316942 (length 2.5 ns) False False
2025-04-08 15:17:25,350 - [MainProcess:2982] mummi_ras.online.simulation:get_new_frames:399 - INFO - Getting all frame numbers in trajectory from 6 to 6.
2025-04-08 15:17:25,350 - [MainProcess:2982] mummi_ras.online.cg.cganalysis:run_main_analysis:193 - INFO - Process frame 6
2025-04-08 15:17:25,350 - [MainProcess:2982] mummi_ras.online.cg.cganalysis:processFrame:554 - INFO - Load 7 frames: current frame ID /tmp/mummi/cg/structure_iter00_000000000004-20250408_151519/traj_comp.xtc
2025-04-08 15:17:25,361 - [MainProcess:2982] mummi_ras.online.cg.cganalysis:processFrame:580 - INFO - Frame:     6, Time: 3000.000 ps, Bbox = [0, 180.9157, 0, 180.9157]
2025-04-08 15:17:25,361 - [MainProcess:2982] mummi_ras.online.cg.cganalysis:processFrame:584 - INFO - Lengths of layers: 662 30 493
2025-04-08 15:17:25,462 - [MainProcess:2982] mummi_ras.online.cg.cganalysis:processFrame:765 - INFO - Time for analysis - frameNum 6, time 0.11179494857788086 s
2025-04-08 15:17:27,463 - [MainProcess:2982] mummi_ras.online.simulation:has_computed_enough:352 - INFO - runtime_hours*0.99 = 0.495 vs delta_time = 0.02958518882592519 (length 3.0 ns) False False
2025-04-08 15:17:29,469 - [MainProcess:2982] mummi_ras.online.simulation:has_computed_enough:352 - INFO - runtime_hours*0.99 = 0.495 vs delta_time = 0.03014251927534739 (length 3.0 ns) False False
2025-04-08 15:17:31,475 - [MainProcess:2982] mummi_ras.online.simulation:has_computed_enough:352 - INFO - runtime_hours*0.99 = 0.495 vs delta_time = 0.030699780186017354 (length 3.0 ns) False False
2025-04-08 15:17:33,481 - [MainProcess:2982] mummi_ras.online.simulation:has_computed_enough:352 - INFO - runtime_hours*0.99 = 0.495 vs delta_time = 0.03125709123081631 (length 3.0 ns) False False
2025-04-08 15:17:35,488 - [MainProcess:2982] mummi_ras.online.simulation:has_computed_enough:352 - INFO - runtime_hours*0.99 = 0.495 vs delta_time = 0.03181440148088667 (length 3.0 ns) False False
2025-04-08 15:17:37,494 - [MainProcess:2982] mummi_ras.online.simulation:has_computed_enough:352 - INFO - runtime_hours*0.99 = 0.495 vs delta_time = 0.032371702525350786 (length 3.0 ns) False False
2025-04-08 15:17:39,500 - [MainProcess:2982] mummi_ras.online.simulation:has_computed_enough:352 - INFO - runtime_hours*0.99 = 0.495 vs delta_time = 0.03292903012699551 (length 3.0 ns) False False
2025-04-08 15:17:41,507 - [MainProcess:2982] mummi_ras.online.simulation:has_computed_enough:352 - INFO - runtime_hours*0.99 = 0.495 vs delta_time = 0.0334863144159317 (length 3.0 ns) False False
2025-04-08 15:17:41,560 - [MainProcess:2982] mummi_ras.online.simulation:get_new_frames:399 - INFO - Getting all frame numbers in trajectory from 7 to 7.
2025-04-08 15:17:41,560 - [MainProcess:2982] mummi_ras.online.cg.cganalysis:run_main_analysis:193 - INFO - Process frame 7
2025-04-08 15:17:41,560 - [MainProcess:2982] mummi_ras.online.cg.cganalysis:processFrame:554 - INFO - Load 8 frames: current frame ID /tmp/mummi/cg/structure_iter00_000000000004-20250408_151519/traj_comp.xtc
2025-04-08 15:17:41,571 - [MainProcess:2982] mummi_ras.online.cg.cganalysis:processFrame:580 - INFO - Frame:     7, Time: 3500.000 ps, Bbox = [0, 180.43352, 0, 180.43352]
2025-04-08 15:17:41,572 - [MainProcess:2982] mummi_ras.online.cg.cganalysis:processFrame:584 - INFO - Lengths of layers: 664 27 494
2025-04-08 15:17:41,671 - [MainProcess:2982] mummi_ras.online.cg.cganalysis:processFrame:765 - INFO - Time for analysis - frameNum 7, time 0.11135268211364746 s
2025-04-08 15:17:43,672 - [MainProcess:2982] mummi_ras.online.simulation:has_computed_enough:352 - INFO - runtime_hours*0.99 = 0.495 vs delta_time = 0.034087817735142176 (length 3.5 ns) False False
2025-04-08 15:17:45,679 - [MainProcess:2982] mummi_ras.online.simulation:has_computed_enough:352 - INFO - runtime_hours*0.99 = 0.495 vs delta_time = 0.03464516321818034 (length 3.5 ns) False False
2025-04-08 15:17:47,685 - [MainProcess:2982] mummi_ras.online.simulation:has_computed_enough:352 - INFO - runtime_hours*0.99 = 0.495 vs delta_time = 0.035202542609638635 (length 3.5 ns) False False
2025-04-08 15:17:49,691 - [MainProcess:2982] mummi_ras.online.simulation:has_computed_enough:352 - INFO - runtime_hours*0.99 = 0.495 vs delta_time = 0.03575981689823998 (length 3.5 ns) False False
2025-04-08 15:17:51,697 - [MainProcess:2982] mummi_ras.online.simulation:has_computed_enough:352 - INFO - runtime_hours*0.99 = 0.495 vs delta_time = 0.03631709019343058 (length 3.5 ns) False False
2025-04-08 15:17:53,704 - [MainProcess:2982] mummi_ras.online.simulation:has_computed_enough:352 - INFO - runtime_hours*0.99 = 0.495 vs delta_time = 0.03687443680233426 (length 3.5 ns) False False
2025-04-08 15:17:55,710 - [MainProcess:2982] mummi_ras.online.simulation:has_computed_enough:352 - INFO - runtime_hours*0.99 = 0.495 vs delta_time = 0.03743170340855916 (length 3.5 ns) False False
2025-04-08 15:17:57,716 - [MainProcess:2982] mummi_ras.online.simulation:has_computed_enough:352 - INFO - runtime_hours*0.99 = 0.495 vs delta_time = 0.037988992465866935 (length 3.5 ns) False False
2025-04-08 15:17:59,722 - [MainProcess:2982] mummi_ras.online.simulation:has_computed_enough:352 - INFO - runtime_hours*0.99 = 0.495 vs delta_time = 0.03854625946945614 (length 3.5 ns) False False
2025-04-08 15:17:59,776 - [MainProcess:2982] mummi_ras.online.simulation:get_new_frames:399 - INFO - Getting all frame numbers in trajectory from 8 to 8.
2025-04-08 15:17:59,776 - [MainProcess:2982] mummi_ras.online.cg.cganalysis:run_main_analysis:193 - INFO - Process frame 8
2025-04-08 15:17:59,777 - [MainProcess:2982] mummi_ras.online.cg.cganalysis:processFrame:554 - INFO - Load 9 frames: current frame ID /tmp/mummi/cg/structure_iter00_000000000004-20250408_151519/traj_comp.xtc
2025-04-08 15:17:59,787 - [MainProcess:2982] mummi_ras.online.cg.cganalysis:processFrame:580 - INFO - Frame:     8, Time: 4000.000 ps, Bbox = [0, 180.84099, 0, 180.84099]
2025-04-08 15:17:59,788 - [MainProcess:2982] mummi_ras.online.cg.cganalysis:processFrame:584 - INFO - Lengths of layers: 663 27 495
2025-04-08 15:17:59,888 - [MainProcess:2982] mummi_ras.online.cg.cganalysis:processFrame:765 - INFO - Time for analysis - frameNum 8, time 0.11120367050170898 s
2025-04-08 15:18:01,888 - [MainProcess:2982] mummi_ras.online.simulation:has_computed_enough:352 - INFO - runtime_hours*0.99 = 0.495 vs delta_time = 0.039147905111312865 (length 4.0 ns) False False
2025-04-08 15:18:03,895 - [MainProcess:2982] mummi_ras.online.simulation:has_computed_enough:352 - INFO - runtime_hours*0.99 = 0.495 vs delta_time = 0.03970524814393785 (length 4.0 ns) False False
2025-04-08 15:18:05,901 - [MainProcess:2982] mummi_ras.online.simulation:has_computed_enough:352 - INFO - runtime_hours*0.99 = 0.495 vs delta_time = 0.04026258918974135 (length 4.0 ns) False False
2025-04-08 15:18:07,907 - [MainProcess:2982] mummi_ras.online.simulation:has_computed_enough:352 - INFO - runtime_hours*0.99 = 0.495 vs delta_time = 0.04081986076301999 (length 4.0 ns) False False
2025-04-08 15:18:09,914 - [MainProcess:2982] mummi_ras.online.simulation:has_computed_enough:352 - INFO - runtime_hours*0.99 = 0.495 vs delta_time = 0.041377124985059105 (length 4.0 ns) False False
2025-04-08 15:18:11,920 - [MainProcess:2982] mummi_ras.online.simulation:has_computed_enough:352 - INFO - runtime_hours*0.99 = 0.495 vs delta_time = 0.04193441874451107 (length 4.0 ns) False False
2025-04-08 15:18:13,926 - [MainProcess:2982] mummi_ras.online.simulation:has_computed_enough:352 - INFO - runtime_hours*0.99 = 0.495 vs delta_time = 0.04249168939060635 (length 4.0 ns) False False
2025-04-08 15:18:15,933 - [MainProcess:2982] mummi_ras.online.simulation:has_computed_enough:352 - INFO - runtime_hours*0.99 = 0.495 vs delta_time = 0.04304904441038768 (length 4.0 ns) False False
2025-04-08 15:18:15,985 - [MainProcess:2982] mummi_ras.online.simulation:get_new_frames:399 - INFO - Getting all frame numbers in trajectory from 9 to 9.
2025-04-08 15:18:15,985 - [MainProcess:2982] mummi_ras.online.cg.cganalysis:run_main_analysis:193 - INFO - Process frame 9
2025-04-08 15:18:15,985 - [MainProcess:2982] mummi_ras.online.cg.cganalysis:processFrame:554 - INFO - Load 10 frames: current frame ID /tmp/mummi/cg/structure_iter00_000000000004-20250408_151519/traj_comp.xtc
2025-04-08 15:18:15,996 - [MainProcess:2982] mummi_ras.online.cg.cganalysis:processFrame:580 - INFO - Frame:     9, Time: 4500.000 ps, Bbox = [0, 180.62653, 0, 180.62653]
2025-04-08 15:18:15,996 - [MainProcess:2982] mummi_ras.online.cg.cganalysis:processFrame:584 - INFO - Lengths of layers: 664 29 492
2025-04-08 15:18:16,096 - [MainProcess:2982] mummi_ras.online.cg.cganalysis:processFrame:765 - INFO - Time for analysis - frameNum 9, time 0.11141681671142578 s
2025-04-08 15:18:18,097 - [MainProcess:2982] mummi_ras.online.simulation:has_computed_enough:352 - INFO - runtime_hours*0.99 = 0.495 vs delta_time = 0.04365026473999024 (length 4.5 ns) False False
2025-04-08 15:18:18,103 - [MainProcess:2982] mummi_ras.online.cg.cganalysis:processOutput:92 - INFO - Add feedback for frameNum 0 - state []
2025-04-08 15:18:18,104 - [MainProcess:2982] mummi_ras.online.cg.cganalysis:processOutput:92 - INFO - Add feedback for frameNum 1 - state []
2025-04-08 15:18:18,104 - [MainProcess:2982] mummi_ras.online.cg.cganalysis:processOutput:92 - INFO - Add feedback for frameNum 2 - state []
2025-04-08 15:18:18,104 - [MainProcess:2982] mummi_ras.online.cg.cganalysis:processOutput:92 - INFO - Add feedback for frameNum 3 - state []
2025-04-08 15:18:18,104 - [MainProcess:2982] mummi_ras.online.cg.cganalysis:processOutput:92 - INFO - Add feedback for frameNum 4 - state []
2025-04-08 15:18:18,104 - [MainProcess:2982] mummi_ras.online.cg.cganalysis:processOutput:92 - INFO - Add feedback for frameNum 5 - state []
2025-04-08 15:18:18,104 - [MainProcess:2982] mummi_ras.online.cg.cganalysis:processOutput:92 - INFO - Add feedback for frameNum 6 - state []
2025-04-08 15:18:18,105 - [MainProcess:2982] mummi_ras.online.cg.cganalysis:processOutput:92 - INFO - Add feedback for frameNum 7 - state []
2025-04-08 15:18:18,105 - [MainProcess:2982] mummi_ras.online.cg.cganalysis:processOutput:92 - INFO - Add feedback for frameNum 8 - state []
2025-04-08 15:18:18,105 - [MainProcess:2982] mummi_ras.online.cg.cganalysis:processOutput:92 - INFO - Add feedback for frameNum 9 - state []
2025-04-08 15:18:18,149 - [MainProcess:2982] mummi_core.interfaces.simple:_save_files:91 - INFO - Wrote 10 files to (/p/gpfs1/pottier1/minimummi-sc25/roots/root1/feedback-cg2ml/004)
2025-04-08 15:18:18,149 - [MainProcess:2982] mummi_ras.feedback.feedback_manager_cg2ml:report:118 - INFO - Added 10 frames (from structure_iter00_000000000004) to feedback (/p/gpfs1/pottier1/minimummi-sc25/roots/root1/feedback-cg2ml)
2025-04-08 15:18:18,149 - [MainProcess:2982] mummi_ras.online.cg.cganalysis:processOutput:112 - INFO - processOutput: 9
2025-04-08 15:18:18,149 - [MainProcess:2982] mummi_ras.online.cg.cganalysis:copyRemoteRestart:452 - INFO - Copy to remote frames [0, 1, 2, 3, 4, 5, 6, 7, 8, 9]
sending incremental file list
rsync: link_stat "/tmp/mummi/cg/structure_iter00_000000000004-20250408_151519/state.cpt" failed: No such file or directory (2)
ener.edr
md.log
mdrun.log
topol.tpr
traj_comp.xtc

sent 3,903,394 bytes  received 111 bytes  7,807,010.00 bytes/sec
total size is 3,902,090  speedup is 1.00
rsync error: some files/attrs were not transferred (see previous errors) (code 23) at main.c(1179) [sender=3.1.2]
2025-04-08 15:18:18,263 - [MainProcess:2982] mummi_core.utils.utilities:sys_call:184 - INFO - Run command: rsync -va --no-g traj_comp.xtc topol.tpr state.cpt ener.edr md.log mdrun.log /p/gpfs1/pottier1/minimummi-sc25/roots/root1/sims-cg/structure_iter00_000000000004 || true
2025-04-08 15:18:18,655 - [MainProcess:2982] mummi_ras.interfaces.mummi:save_analysis_data:253 - INFO - Saved all analysis data for frames [0, 1, 2, 3, 4, 5, 6, 7, 8, 9]
2025-04-08 15:18:18,655 - [MainProcess:2982] mummi_ras.online.cg.cganalysis:copyRemoteLogs:350 - INFO - Copy over log files
2025-04-08 15:18:18,692 - [MainProcess:2982] mummi_core.utils.utilities:sys_call:184 - INFO - Run command: cp -r  /tmp/mummi/cg/structure_iter00_000000000004-20250408_151519/cg_analysis.out /tmp/mummi/cg/structure_iter00_000000000004-20250408_151519/traj_comp.xtc /tmp/mummi/cg/structure_iter00_000000000004-20250408_151519/*.log /p/gpfs1/pottier1/minimummi-sc25/roots/root1/sims-cg/structure_iter00_000000000004/ || true
2025-04-08 15:18:18,693 - [MainProcess:2982] mummi_ras.online.cg.cganalysis:copyRemoteLogs:365 - INFO - copyRemoteLogs =  /tmp/mummi/cg/structure_iter00_000000000004-20250408_151519/cg_analysis.out /tmp/mummi/cg/structure_iter00_000000000004-20250408_151519/traj_comp.xtc /tmp/mummi/cg/structure_iter00_000000000004-20250408_151519/*.log
2025-04-08 15:18:18,693 - [MainProcess:2982] mummi_ras.online.cg.cganalysis:cleanupLocal:375 - WARNING - Copy cleanup local only works for ddcMD files
2025-04-08 15:18:20,693 - [MainProcess:2982] mummi_ras.online.simulation:has_computed_enough:352 - INFO - runtime_hours*0.99 = 0.495 vs delta_time = 0.04437138809098138 (length 4.5 ns) False False
2025-04-08 15:18:22,699 - [MainProcess:2982] mummi_ras.online.simulation:has_computed_enough:352 - INFO - runtime_hours*0.99 = 0.495 vs delta_time = 0.04492873675293393 (length 4.5 ns) False False
2025-04-08 15:18:24,706 - [MainProcess:2982] mummi_ras.online.simulation:has_computed_enough:352 - INFO - runtime_hours*0.99 = 0.495 vs delta_time = 0.04548603336016337 (length 4.5 ns) False False
2025-04-08 15:18:26,712 - [MainProcess:2982] mummi_ras.online.simulation:has_computed_enough:352 - INFO - runtime_hours*0.99 = 0.495 vs delta_time = 0.046043355663617454 (length 4.5 ns) False False
2025-04-08 15:18:28,718 - [MainProcess:2982] mummi_ras.online.simulation:has_computed_enough:352 - INFO - runtime_hours*0.99 = 0.495 vs delta_time = 0.0466006467739741 (length 4.5 ns) False False
2025-04-08 15:18:30,725 - [MainProcess:2982] mummi_ras.online.simulation:has_computed_enough:352 - INFO - runtime_hours*0.99 = 0.495 vs delta_time = 0.04715794391102261 (length 4.5 ns) False False
2025-04-08 15:18:32,731 - [MainProcess:2982] mummi_ras.online.simulation:has_computed_enough:352 - INFO - runtime_hours*0.99 = 0.495 vs delta_time = 0.04771521316634284 (length 4.5 ns) False False
2025-04-08 15:18:32,894 - [MainProcess:2982] mummi_ras.online.simulation:get_new_frames:399 - INFO - Getting all frame numbers in trajectory from 10 to 10.
2025-04-08 15:18:32,894 - [MainProcess:2982] mummi_ras.online.cg.cganalysis:run_main_analysis:193 - INFO - Process frame 10
2025-04-08 15:18:32,894 - [MainProcess:2982] mummi_ras.online.cg.cganalysis:processFrame:554 - INFO - Load 11 frames: current frame ID /tmp/mummi/cg/structure_iter00_000000000004-20250408_151519/traj_comp.xtc
2025-04-08 15:18:32,905 - [MainProcess:2982] mummi_ras.online.cg.cganalysis:processFrame:580 - INFO - Frame:    10, Time: 5000.000 ps, Bbox = [0, 181.13705, 0, 181.13705]
2025-04-08 15:18:32,905 - [MainProcess:2982] mummi_ras.online.cg.cganalysis:processFrame:584 - INFO - Lengths of layers: 665 29 491
2025-04-08 15:18:33,007 - [MainProcess:2982] mummi_ras.online.cg.cganalysis:processFrame:765 - INFO - Time for analysis - frameNum 10, time 0.1123664379119873 s
2025-04-08 15:18:35,007 - [MainProcess:2982] mummi_ras.online.simulation:has_computed_enough:352 - INFO - runtime_hours*0.99 = 0.495 vs delta_time = 0.04834757665793101 (length 5.0 ns) False False
2025-04-08 15:18:37,014 - [MainProcess:2982] mummi_ras.online.simulation:has_computed_enough:352 - INFO - runtime_hours*0.99 = 0.495 vs delta_time = 0.048904907703399655 (length 5.0 ns) False False
2025-04-08 15:18:39,020 - [MainProcess:2982] mummi_ras.online.simulation:has_computed_enough:352 - INFO - runtime_hours*0.99 = 0.495 vs delta_time = 0.04946224629878998 (length 5.0 ns) False False
2025-04-08 15:18:41,026 - [MainProcess:2982] mummi_ras.online.simulation:has_computed_enough:352 - INFO - runtime_hours*0.99 = 0.495 vs delta_time = 0.0500195707877477 (length 5.0 ns) False False
2025-04-08 15:18:43,033 - [MainProcess:2982] mummi_ras.online.simulation:has_computed_enough:352 - INFO - runtime_hours*0.99 = 0.495 vs delta_time = 0.05057687858740489 (length 5.0 ns) False False
2025-04-08 15:18:45,039 - [MainProcess:2982] mummi_ras.online.simulation:has_computed_enough:352 - INFO - runtime_hours*0.99 = 0.495 vs delta_time = 0.05113421181837718 (length 5.0 ns) False False
2025-04-08 15:18:47,045 - [MainProcess:2982] mummi_ras.online.simulation:has_computed_enough:352 - INFO - runtime_hours*0.99 = 0.495 vs delta_time = 0.05169153908888499 (length 5.0 ns) False False
2025-04-08 15:18:49,052 - [MainProcess:2982] mummi_ras.online.simulation:has_computed_enough:352 - INFO - runtime_hours*0.99 = 0.495 vs delta_time = 0.052248847683270774 (length 5.0 ns) False False
2025-04-08 15:18:51,058 - [MainProcess:2982] mummi_ras.online.simulation:has_computed_enough:352 - INFO - runtime_hours*0.99 = 0.495 vs delta_time = 0.052806147270732455 (length 5.0 ns) False False
2025-04-08 15:18:51,112 - [MainProcess:2982] mummi_ras.online.simulation:get_new_frames:399 - INFO - Getting all frame numbers in trajectory from 11 to 11.
2025-04-08 15:18:51,112 - [MainProcess:2982] mummi_ras.online.cg.cganalysis:run_main_analysis:193 - INFO - Process frame 11
2025-04-08 15:18:51,112 - [MainProcess:2982] mummi_ras.online.cg.cganalysis:processFrame:554 - INFO - Load 12 frames: current frame ID /tmp/mummi/cg/structure_iter00_000000000004-20250408_151519/traj_comp.xtc
2025-04-08 15:18:51,123 - [MainProcess:2982] mummi_ras.online.cg.cganalysis:processFrame:580 - INFO - Frame:    11, Time: 5500.000 ps, Bbox = [0, 180.55663, 0, 180.55663]
2025-04-08 15:18:51,123 - [MainProcess:2982] mummi_ras.online.cg.cganalysis:processFrame:584 - INFO - Lengths of layers: 665 25 495
2025-04-08 15:18:51,225 - [MainProcess:2982] mummi_ras.online.cg.cganalysis:processFrame:765 - INFO - Time for analysis - frameNum 11, time 0.11327719688415527 s
2025-04-08 15:18:53,226 - [MainProcess:2982] mummi_ras.online.simulation:has_computed_enough:352 - INFO - runtime_hours*0.99 = 0.495 vs delta_time = 0.05340830233361986 (length 5.5 ns) False False
2025-04-08 15:18:55,232 - [MainProcess:2982] mummi_ras.online.simulation:has_computed_enough:352 - INFO - runtime_hours*0.99 = 0.495 vs delta_time = 0.05396568973859151 (length 5.5 ns) False False
2025-04-08 15:18:57,239 - [MainProcess:2982] mummi_ras.online.simulation:has_computed_enough:352 - INFO - runtime_hours*0.99 = 0.495 vs delta_time = 0.054522984358999466 (length 5.5 ns) False False
2025-04-08 15:18:59,245 - [MainProcess:2982] mummi_ras.online.simulation:has_computed_enough:352 - INFO - runtime_hours*0.99 = 0.495 vs delta_time = 0.05508028487364451 (length 5.5 ns) False False
2025-04-08 15:19:01,251 - [MainProcess:2982] mummi_ras.online.simulation:has_computed_enough:352 - INFO - runtime_hours*0.99 = 0.495 vs delta_time = 0.0556375742620892 (length 5.5 ns) False False
2025-04-08 15:19:03,258 - [MainProcess:2982] mummi_ras.online.simulation:has_computed_enough:352 - INFO - runtime_hours*0.99 = 0.495 vs delta_time = 0.05619489914841122 (length 5.5 ns) False False
2025-04-08 15:19:05,264 - [MainProcess:2982] mummi_ras.online.simulation:has_computed_enough:352 - INFO - runtime_hours*0.99 = 0.495 vs delta_time = 0.05675220330556234 (length 5.5 ns) False False
2025-04-08 15:19:07,270 - [MainProcess:2982] mummi_ras.online.simulation:has_computed_enough:352 - INFO - runtime_hours*0.99 = 0.495 vs delta_time = 0.05730949799219767 (length 5.5 ns) False False
2025-04-08 15:19:07,323 - [MainProcess:2982] mummi_ras.online.simulation:get_new_frames:399 - INFO - Getting all frame numbers in trajectory from 12 to 12.
2025-04-08 15:19:07,323 - [MainProcess:2982] mummi_ras.online.cg.cganalysis:run_main_analysis:193 - INFO - Process frame 12
2025-04-08 15:19:07,323 - [MainProcess:2982] mummi_ras.online.cg.cganalysis:processFrame:554 - INFO - Load 13 frames: current frame ID /tmp/mummi/cg/structure_iter00_000000000004-20250408_151519/traj_comp.xtc
2025-04-08 15:19:07,334 - [MainProcess:2982] mummi_ras.online.cg.cganalysis:processFrame:580 - INFO - Frame:    12, Time: 6000.000 ps, Bbox = [0, 181.41577, 0, 181.41577]
2025-04-08 15:19:07,335 - [MainProcess:2982] mummi_ras.online.cg.cganalysis:processFrame:584 - INFO - Lengths of layers: 661 31 493
2025-04-08 15:19:07,436 - [MainProcess:2982] mummi_ras.online.cg.cganalysis:processFrame:765 - INFO - Time for analysis - frameNum 12, time 0.11281609535217285 s
2025-04-08 15:19:09,437 - [MainProcess:2982] mummi_ras.online.simulation:has_computed_enough:352 - INFO - runtime_hours*0.99 = 0.495 vs delta_time = 0.057911344170570374 (length 6.0 ns) False False
2025-04-08 15:19:11,443 - [MainProcess:2982] mummi_ras.online.simulation:has_computed_enough:352 - INFO - runtime_hours*0.99 = 0.495 vs delta_time = 0.05846869389216105 (length 6.0 ns) False False
2025-04-08 15:19:13,450 - [MainProcess:2982] mummi_ras.online.simulation:has_computed_enough:352 - INFO - runtime_hours*0.99 = 0.495 vs delta_time = 0.059025988313886855 (length 6.0 ns) False False
2025-04-08 15:19:15,456 - [MainProcess:2982] mummi_ras.online.simulation:has_computed_enough:352 - INFO - runtime_hours*0.99 = 0.495 vs delta_time = 0.059583298961321515 (length 6.0 ns) False False
2025-04-08 15:19:17,462 - [MainProcess:2982] mummi_ras.online.simulation:has_computed_enough:352 - INFO - runtime_hours*0.99 = 0.495 vs delta_time = 0.06014063841766781 (length 6.0 ns) False False
2025-04-08 15:19:19,469 - [MainProcess:2982] mummi_ras.online.simulation:has_computed_enough:352 - INFO - runtime_hours*0.99 = 0.495 vs delta_time = 0.060697961846987405 (length 6.0 ns) False False
2025-04-08 15:19:21,475 - [MainProcess:2982] mummi_ras.online.simulation:has_computed_enough:352 - INFO - runtime_hours*0.99 = 0.495 vs delta_time = 0.061255254811710784 (length 6.0 ns) False False
2025-04-08 15:19:23,481 - [MainProcess:2982] mummi_ras.online.simulation:has_computed_enough:352 - INFO - runtime_hours*0.99 = 0.495 vs delta_time = 0.06181253433227539 (length 6.0 ns) False False
2025-04-08 15:19:25,487 - [MainProcess:2982] mummi_ras.online.simulation:has_computed_enough:352 - INFO - runtime_hours*0.99 = 0.495 vs delta_time = 0.06236984484725528 (length 6.0 ns) False False
2025-04-08 15:19:25,539 - [MainProcess:2982] mummi_ras.online.simulation:get_new_frames:399 - INFO - Getting all frame numbers in trajectory from 13 to 13.
2025-04-08 15:19:25,540 - [MainProcess:2982] mummi_ras.online.cg.cganalysis:run_main_analysis:193 - INFO - Process frame 13
2025-04-08 15:19:25,540 - [MainProcess:2982] mummi_ras.online.cg.cganalysis:processFrame:554 - INFO - Load 14 frames: current frame ID /tmp/mummi/cg/structure_iter00_000000000004-20250408_151519/traj_comp.xtc
2025-04-08 15:19:25,551 - [MainProcess:2982] mummi_ras.online.cg.cganalysis:processFrame:580 - INFO - Frame:    13, Time: 6500.000 ps, Bbox = [0, 181.78244, 0, 181.78244]
2025-04-08 15:19:25,551 - [MainProcess:2982] mummi_ras.online.cg.cganalysis:processFrame:584 - INFO - Lengths of layers: 663 28 494
2025-04-08 15:19:25,652 - [MainProcess:2982] mummi_ras.online.cg.cganalysis:processFrame:765 - INFO - Time for analysis - frameNum 13, time 0.11248660087585449 s
2025-04-08 15:19:27,653 - [MainProcess:2982] mummi_ras.online.simulation:has_computed_enough:352 - INFO - runtime_hours*0.99 = 0.495 vs delta_time = 0.06297139008839925 (length 6.5 ns) False False
2025-04-08 15:19:29,659 - [MainProcess:2982] mummi_ras.online.simulation:has_computed_enough:352 - INFO - runtime_hours*0.99 = 0.495 vs delta_time = 0.0635287344455719 (length 6.5 ns) False False
2025-04-08 15:19:31,666 - [MainProcess:2982] mummi_ras.online.simulation:has_computed_enough:352 - INFO - runtime_hours*0.99 = 0.495 vs delta_time = 0.06408603370189667 (length 6.5 ns) False False
2025-04-08 15:19:33,672 - [MainProcess:2982] mummi_ras.online.simulation:has_computed_enough:352 - INFO - runtime_hours*0.99 = 0.495 vs delta_time = 0.06464335944917467 (length 6.5 ns) False False
2025-04-08 15:19:35,678 - [MainProcess:2982] mummi_ras.online.simulation:has_computed_enough:352 - INFO - runtime_hours*0.99 = 0.495 vs delta_time = 0.06520065526167551 (length 6.5 ns) False False
2025-04-08 15:19:37,685 - [MainProcess:2982] mummi_ras.online.simulation:has_computed_enough:352 - INFO - runtime_hours*0.99 = 0.495 vs delta_time = 0.0657579943868849 (length 6.5 ns) False False
2025-04-08 15:19:39,691 - [MainProcess:2982] mummi_ras.online.simulation:has_computed_enough:352 - INFO - runtime_hours*0.99 = 0.495 vs delta_time = 0.06631528033150567 (length 6.5 ns) False False
2025-04-08 15:19:41,697 - [MainProcess:2982] mummi_ras.online.simulation:has_computed_enough:352 - INFO - runtime_hours*0.99 = 0.495 vs delta_time = 0.06687256740199195 (length 6.5 ns) False False
2025-04-08 15:19:41,914 - [MainProcess:2982] mummi_ras.online.simulation:get_new_frames:399 - INFO - Getting all frame numbers in trajectory from 14 to 14.
2025-04-08 15:19:41,914 - [MainProcess:2982] mummi_ras.online.cg.cganalysis:run_main_analysis:193 - INFO - Process frame 14
2025-04-08 15:19:41,915 - [MainProcess:2982] mummi_ras.online.cg.cganalysis:processFrame:554 - INFO - Load 15 frames: current frame ID /tmp/mummi/cg/structure_iter00_000000000004-20250408_151519/traj_comp.xtc
2025-04-08 15:19:41,926 - [MainProcess:2982] mummi_ras.online.cg.cganalysis:processFrame:580 - INFO - Frame:    14, Time: 7000.000 ps, Bbox = [0, 181.26685, 0, 181.26685]
2025-04-08 15:19:41,926 - [MainProcess:2982] mummi_ras.online.cg.cganalysis:processFrame:584 - INFO - Lengths of layers: 663 30 492
2025-04-08 15:19:42,027 - [MainProcess:2982] mummi_ras.online.cg.cganalysis:processFrame:765 - INFO - Time for analysis - frameNum 14, time 0.11255455017089844 s
2025-04-08 15:19:44,028 - [MainProcess:2982] mummi_ras.online.simulation:has_computed_enough:352 - INFO - runtime_hours*0.99 = 0.495 vs delta_time = 0.06751993477344513 (length 7.0 ns) False False
2025-04-08 15:19:46,034 - [MainProcess:2982] mummi_ras.online.simulation:has_computed_enough:352 - INFO - runtime_hours*0.99 = 0.495 vs delta_time = 0.068077306482527 (length 7.0 ns) False False
2025-04-08 15:19:48,041 - [MainProcess:2982] mummi_ras.online.simulation:has_computed_enough:352 - INFO - runtime_hours*0.99 = 0.495 vs delta_time = 0.0686346325609419 (length 7.0 ns) False False
2025-04-08 15:19:50,047 - [MainProcess:2982] mummi_ras.online.simulation:has_computed_enough:352 - INFO - runtime_hours*0.99 = 0.495 vs delta_time = 0.06919197552733951 (length 7.0 ns) False False
2025-04-08 15:19:52,053 - [MainProcess:2982] mummi_ras.online.simulation:has_computed_enough:352 - INFO - runtime_hours*0.99 = 0.495 vs delta_time = 0.06974926624033186 (length 7.0 ns) False False
2025-04-08 15:19:54,059 - [MainProcess:2982] mummi_ras.online.simulation:has_computed_enough:352 - INFO - runtime_hours*0.99 = 0.495 vs delta_time = 0.07030654059516059 (length 7.0 ns) False False
2025-04-08 15:19:56,066 - [MainProcess:2982] mummi_ras.online.simulation:has_computed_enough:352 - INFO - runtime_hours*0.99 = 0.495 vs delta_time = 0.07086383124192555 (length 7.0 ns) False False
2025-04-08 15:19:58,072 - [MainProcess:2982] mummi_ras.online.simulation:has_computed_enough:352 - INFO - runtime_hours*0.99 = 0.495 vs delta_time = 0.07142110539807214 (length 7.0 ns) False False
2025-04-08 15:19:58,125 - [MainProcess:2982] mummi_ras.online.simulation:get_new_frames:399 - INFO - Getting all frame numbers in trajectory from 15 to 15.
2025-04-08 15:19:58,125 - [MainProcess:2982] mummi_ras.online.cg.cganalysis:run_main_analysis:193 - INFO - Process frame 15
2025-04-08 15:19:58,125 - [MainProcess:2982] mummi_ras.online.cg.cganalysis:processFrame:554 - INFO - Load 16 frames: current frame ID /tmp/mummi/cg/structure_iter00_000000000004-20250408_151519/traj_comp.xtc
2025-04-08 15:19:58,136 - [MainProcess:2982] mummi_ras.online.cg.cganalysis:processFrame:580 - INFO - Frame:    15, Time: 7500.000 ps, Bbox = [0, 180.66208, 0, 180.66208]
2025-04-08 15:19:58,137 - [MainProcess:2982] mummi_ras.online.cg.cganalysis:processFrame:584 - INFO - Lengths of layers: 661 33 491
2025-04-08 15:19:58,238 - [MainProcess:2982] mummi_ras.online.cg.cganalysis:processFrame:765 - INFO - Time for analysis - frameNum 15, time 0.11265993118286133 s
2025-04-08 15:20:00,239 - [MainProcess:2982] mummi_ras.online.simulation:has_computed_enough:352 - INFO - runtime_hours*0.99 = 0.495 vs delta_time = 0.07202295906013913 (length 7.5 ns) False False
2025-04-08 15:20:02,245 - [MainProcess:2982] mummi_ras.online.simulation:has_computed_enough:352 - INFO - runtime_hours*0.99 = 0.495 vs delta_time = 0.07258033480909136 (length 7.5 ns) False False
2025-04-08 15:20:04,251 - [MainProcess:2982] mummi_ras.online.simulation:has_computed_enough:352 - INFO - runtime_hours*0.99 = 0.495 vs delta_time = 0.07313761565420362 (length 7.5 ns) False False
2025-04-08 15:20:06,258 - [MainProcess:2982] mummi_ras.online.simulation:has_computed_enough:352 - INFO - runtime_hours*0.99 = 0.495 vs delta_time = 0.07369490603605906 (length 7.5 ns) False False
2025-04-08 15:20:08,264 - [MainProcess:2982] mummi_ras.online.simulation:has_computed_enough:352 - INFO - runtime_hours*0.99 = 0.495 vs delta_time = 0.07425219098726908 (length 7.5 ns) False False
2025-04-08 15:20:10,270 - [MainProcess:2982] mummi_ras.online.simulation:has_computed_enough:352 - INFO - runtime_hours*0.99 = 0.495 vs delta_time = 0.07480945421589745 (length 7.5 ns) False False
2025-04-08 15:20:12,276 - [MainProcess:2982] mummi_ras.online.simulation:has_computed_enough:352 - INFO - runtime_hours*0.99 = 0.495 vs delta_time = 0.07536675506167942 (length 7.5 ns) False False
2025-04-08 15:20:14,283 - [MainProcess:2982] mummi_ras.online.simulation:has_computed_enough:352 - INFO - runtime_hours*0.99 = 0.495 vs delta_time = 0.07592405954996745 (length 7.5 ns) False False
2025-04-08 15:20:16,289 - [MainProcess:2982] mummi_ras.online.simulation:has_computed_enough:352 - INFO - runtime_hours*0.99 = 0.495 vs delta_time = 0.07648138311174181 (length 7.5 ns) False False
2025-04-08 15:20:16,342 - [MainProcess:2982] mummi_ras.online.simulation:get_new_frames:399 - INFO - Getting all frame numbers in trajectory from 16 to 16.
2025-04-08 15:20:16,342 - [MainProcess:2982] mummi_ras.online.cg.cganalysis:run_main_analysis:193 - INFO - Process frame 16
2025-04-08 15:20:16,342 - [MainProcess:2982] mummi_ras.online.cg.cganalysis:processFrame:554 - INFO - Load 17 frames: current frame ID /tmp/mummi/cg/structure_iter00_000000000004-20250408_151519/traj_comp.xtc
2025-04-08 15:20:16,353 - [MainProcess:2982] mummi_ras.online.cg.cganalysis:processFrame:580 - INFO - Frame:    16, Time: 8000.000 ps, Bbox = [0, 181.14754, 0, 181.14754]
2025-04-08 15:20:16,353 - [MainProcess:2982] mummi_ras.online.cg.cganalysis:processFrame:584 - INFO - Lengths of layers: 660 33 492
2025-04-08 15:20:16,455 - [MainProcess:2982] mummi_ras.online.cg.cganalysis:processFrame:765 - INFO - Time for analysis - frameNum 16, time 0.11262989044189453 s
2025-04-08 15:20:18,455 - [MainProcess:2982] mummi_ras.online.simulation:has_computed_enough:352 - INFO - runtime_hours*0.99 = 0.495 vs delta_time = 0.0770831533935335 (length 8.0 ns) False False
2025-04-08 15:20:20,462 - [MainProcess:2982] mummi_ras.online.simulation:has_computed_enough:352 - INFO - runtime_hours*0.99 = 0.495 vs delta_time = 0.07764049722088708 (length 8.0 ns) False False
2025-04-08 15:20:22,468 - [MainProcess:2982] mummi_ras.online.simulation:has_computed_enough:352 - INFO - runtime_hours*0.99 = 0.495 vs delta_time = 0.07819778462251027 (length 8.0 ns) False False
2025-04-08 15:20:24,474 - [MainProcess:2982] mummi_ras.online.simulation:has_computed_enough:352 - INFO - runtime_hours*0.99 = 0.495 vs delta_time = 0.07875509957472483 (length 8.0 ns) False False
2025-04-08 15:20:26,481 - [MainProcess:2982] mummi_ras.online.simulation:has_computed_enough:352 - INFO - runtime_hours*0.99 = 0.495 vs delta_time = 0.07931239744027456 (length 8.0 ns) False False
2025-04-08 15:20:28,487 - [MainProcess:2982] mummi_ras.online.simulation:has_computed_enough:352 - INFO - runtime_hours*0.99 = 0.495 vs delta_time = 0.07986969192822774 (length 8.0 ns) False False
2025-04-08 15:20:30,493 - [MainProcess:2982] mummi_ras.online.simulation:has_computed_enough:352 - INFO - runtime_hours*0.99 = 0.495 vs delta_time = 0.0804269536336263 (length 8.0 ns) False False
2025-04-08 15:20:32,499 - [MainProcess:2982] mummi_ras.online.simulation:has_computed_enough:352 - INFO - runtime_hours*0.99 = 0.495 vs delta_time = 0.08098425130049387 (length 8.0 ns) False False
2025-04-08 15:20:32,552 - [MainProcess:2982] mummi_ras.online.simulation:get_new_frames:399 - INFO - Getting all frame numbers in trajectory from 17 to 17.
2025-04-08 15:20:32,552 - [MainProcess:2982] mummi_ras.online.cg.cganalysis:run_main_analysis:193 - INFO - Process frame 17
2025-04-08 15:20:32,552 - [MainProcess:2982] mummi_ras.online.cg.cganalysis:processFrame:554 - INFO - Load 18 frames: current frame ID /tmp/mummi/cg/structure_iter00_000000000004-20250408_151519/traj_comp.xtc
2025-04-08 15:20:32,563 - [MainProcess:2982] mummi_ras.online.cg.cganalysis:processFrame:580 - INFO - Frame:    17, Time: 8500.000 ps, Bbox = [0, 180.4718, 0, 180.4718]
2025-04-08 15:20:32,563 - [MainProcess:2982] mummi_ras.online.cg.cganalysis:processFrame:584 - INFO - Lengths of layers: 658 36 491
2025-04-08 15:20:32,665 - [MainProcess:2982] mummi_ras.online.cg.cganalysis:processFrame:765 - INFO - Time for analysis - frameNum 17, time 0.11253070831298828 s
2025-04-08 15:20:34,665 - [MainProcess:2982] mummi_ras.online.simulation:has_computed_enough:352 - INFO - runtime_hours*0.99 = 0.495 vs delta_time = 0.08158589528666602 (length 8.5 ns) False False
2025-04-08 15:20:36,672 - [MainProcess:2982] mummi_ras.online.simulation:has_computed_enough:352 - INFO - runtime_hours*0.99 = 0.495 vs delta_time = 0.08214326408174302 (length 8.5 ns) False False
2025-04-08 15:20:38,678 - [MainProcess:2982] mummi_ras.online.simulation:has_computed_enough:352 - INFO - runtime_hours*0.99 = 0.495 vs delta_time = 0.08270054505931007 (length 8.5 ns) False False
2025-04-08 15:20:40,684 - [MainProcess:2982] mummi_ras.online.simulation:has_computed_enough:352 - INFO - runtime_hours*0.99 = 0.495 vs delta_time = 0.0832578385538525 (length 8.5 ns) False False
2025-04-08 15:20:42,690 - [MainProcess:2982] mummi_ras.online.simulation:has_computed_enough:352 - INFO - runtime_hours*0.99 = 0.495 vs delta_time = 0.08381513416767121 (length 8.5 ns) False False
2025-04-08 15:20:44,697 - [MainProcess:2982] mummi_ras.online.simulation:has_computed_enough:352 - INFO - runtime_hours*0.99 = 0.495 vs delta_time = 0.08437242600652907 (length 8.5 ns) False False
2025-04-08 15:20:46,703 - [MainProcess:2982] mummi_ras.online.simulation:has_computed_enough:352 - INFO - runtime_hours*0.99 = 0.495 vs delta_time = 0.08492974102497101 (length 8.5 ns) False False
2025-04-08 15:20:48,709 - [MainProcess:2982] mummi_ras.online.simulation:has_computed_enough:352 - INFO - runtime_hours*0.99 = 0.495 vs delta_time = 0.08548707743485769 (length 8.5 ns) False False
2025-04-08 15:20:50,716 - [MainProcess:2982] mummi_ras.online.simulation:has_computed_enough:352 - INFO - runtime_hours*0.99 = 0.495 vs delta_time = 0.08604438496960534 (length 8.5 ns) False False
2025-04-08 15:20:50,768 - [MainProcess:2982] mummi_ras.online.simulation:get_new_frames:399 - INFO - Getting all frame numbers in trajectory from 18 to 18.
2025-04-08 15:20:50,768 - [MainProcess:2982] mummi_ras.online.cg.cganalysis:run_main_analysis:193 - INFO - Process frame 18
2025-04-08 15:20:50,768 - [MainProcess:2982] mummi_ras.online.cg.cganalysis:processFrame:554 - INFO - Load 19 frames: current frame ID /tmp/mummi/cg/structure_iter00_000000000004-20250408_151519/traj_comp.xtc
2025-04-08 15:20:50,779 - [MainProcess:2982] mummi_ras.online.cg.cganalysis:processFrame:580 - INFO - Frame:    18, Time: 9000.000 ps, Bbox = [0, 179.3205, 0, 179.3205]
2025-04-08 15:20:50,779 - [MainProcess:2982] mummi_ras.online.cg.cganalysis:processFrame:584 - INFO - Lengths of layers: 655 42 488
2025-04-08 15:20:50,881 - [MainProcess:2982] mummi_ras.online.cg.cganalysis:processFrame:765 - INFO - Time for analysis - frameNum 18, time 0.11260533332824707 s
2025-04-08 15:20:52,881 - [MainProcess:2982] mummi_ras.online.simulation:has_computed_enough:352 - INFO - runtime_hours*0.99 = 0.495 vs delta_time = 0.08664590544170804 (length 9.0 ns) False False
2025-04-08 15:20:54,888 - [MainProcess:2982] mummi_ras.online.simulation:has_computed_enough:352 - INFO - runtime_hours*0.99 = 0.495 vs delta_time = 0.08720329191949633 (length 9.0 ns) False False
2025-04-08 15:20:56,894 - [MainProcess:2982] mummi_ras.online.simulation:has_computed_enough:352 - INFO - runtime_hours*0.99 = 0.495 vs delta_time = 0.08776058680481381 (length 9.0 ns) False False
2025-04-08 15:20:58,900 - [MainProcess:2982] mummi_ras.online.simulation:has_computed_enough:352 - INFO - runtime_hours*0.99 = 0.495 vs delta_time = 0.08831788407431708 (length 9.0 ns) False False
2025-04-08 15:21:00,907 - [MainProcess:2982] mummi_ras.online.simulation:has_computed_enough:352 - INFO - runtime_hours*0.99 = 0.495 vs delta_time = 0.088875173330307 (length 9.0 ns) False False
2025-04-08 15:21:02,913 - [MainProcess:2982] mummi_ras.online.simulation:has_computed_enough:352 - INFO - runtime_hours*0.99 = 0.495 vs delta_time = 0.0894324709309472 (length 9.0 ns) False False
2025-04-08 15:21:04,919 - [MainProcess:2982] mummi_ras.online.simulation:has_computed_enough:352 - INFO - runtime_hours*0.99 = 0.495 vs delta_time = 0.08998978389634027 (length 9.0 ns) False False
2025-04-08 15:21:06,926 - [MainProcess:2982] mummi_ras.online.simulation:has_computed_enough:352 - INFO - runtime_hours*0.99 = 0.495 vs delta_time = 0.0905471224255032 (length 9.0 ns) False False
2025-04-08 15:21:06,979 - [MainProcess:2982] mummi_ras.online.simulation:get_new_frames:399 - INFO - Getting all frame numbers in trajectory from 19 to 19.
2025-04-08 15:21:06,979 - [MainProcess:2982] mummi_ras.online.cg.cganalysis:run_main_analysis:193 - INFO - Process frame 19
2025-04-08 15:21:06,979 - [MainProcess:2982] mummi_ras.online.cg.cganalysis:processFrame:554 - INFO - Load 20 frames: current frame ID /tmp/mummi/cg/structure_iter00_000000000004-20250408_151519/traj_comp.xtc
2025-04-08 15:21:06,990 - [MainProcess:2982] mummi_ras.online.cg.cganalysis:processFrame:580 - INFO - Frame:    19, Time: 9500.000 ps, Bbox = [0, 180.37611, 0, 180.37611]
2025-04-08 15:21:06,991 - [MainProcess:2982] mummi_ras.online.cg.cganalysis:processFrame:584 - INFO - Lengths of layers: 657 34 494
2025-04-08 15:21:07,092 - [MainProcess:2982] mummi_ras.online.cg.cganalysis:processFrame:765 - INFO - Time for analysis - frameNum 19, time 0.11255669593811035 s
2025-04-08 15:21:09,093 - [MainProcess:2982] mummi_ras.online.simulation:has_computed_enough:352 - INFO - runtime_hours*0.99 = 0.495 vs delta_time = 0.09114909695254432 (length 9.5 ns) False False
2025-04-08 15:21:09,099 - [MainProcess:2982] mummi_ras.online.cg.cganalysis:processOutput:92 - INFO - Add feedback for frameNum 10 - state []
2025-04-08 15:21:09,099 - [MainProcess:2982] mummi_ras.online.cg.cganalysis:processOutput:92 - INFO - Add feedback for frameNum 11 - state []
2025-04-08 15:21:09,099 - [MainProcess:2982] mummi_ras.online.cg.cganalysis:processOutput:92 - INFO - Add feedback for frameNum 12 - state []
2025-04-08 15:21:09,100 - [MainProcess:2982] mummi_ras.online.cg.cganalysis:processOutput:92 - INFO - Add feedback for frameNum 13 - state []
2025-04-08 15:21:09,100 - [MainProcess:2982] mummi_ras.online.cg.cganalysis:processOutput:92 - INFO - Add feedback for frameNum 14 - state []
2025-04-08 15:21:09,100 - [MainProcess:2982] mummi_ras.online.cg.cganalysis:processOutput:92 - INFO - Add feedback for frameNum 15 - state []
2025-04-08 15:21:09,100 - [MainProcess:2982] mummi_ras.online.cg.cganalysis:processOutput:92 - INFO - Add feedback for frameNum 16 - state []
2025-04-08 15:21:09,100 - [MainProcess:2982] mummi_ras.online.cg.cganalysis:processOutput:92 - INFO - Add feedback for frameNum 17 - state []
2025-04-08 15:21:09,100 - [MainProcess:2982] mummi_ras.online.cg.cganalysis:processOutput:92 - INFO - Add feedback for frameNum 18 - state []
2025-04-08 15:21:09,100 - [MainProcess:2982] mummi_ras.online.cg.cganalysis:processOutput:92 - INFO - Add feedback for frameNum 19 - state []
2025-04-08 15:21:09,118 - [MainProcess:2982] mummi_core.interfaces.simple:_save_files:91 - INFO - Wrote 10 files to (/p/gpfs1/pottier1/minimummi-sc25/roots/root1/feedback-cg2ml/004)
2025-04-08 15:21:09,118 - [MainProcess:2982] mummi_ras.feedback.feedback_manager_cg2ml:report:118 - INFO - Added 10 frames (from structure_iter00_000000000004) to feedback (/p/gpfs1/pottier1/minimummi-sc25/roots/root1/feedback-cg2ml)
2025-04-08 15:21:09,118 - [MainProcess:2982] mummi_ras.online.cg.cganalysis:processOutput:112 - INFO - processOutput: 19
2025-04-08 15:21:09,118 - [MainProcess:2982] mummi_ras.online.cg.cganalysis:copyRemoteRestart:452 - INFO - Copy to remote frames [10, 11, 12, 13, 14, 15, 16, 17, 18, 19]
sending incremental file list
rsync: link_stat "/tmp/mummi/cg/structure_iter00_000000000004-20250408_151519/state.cpt" failed: No such file or directory (2)
ener.edr
md.log
mdrun.log
traj_comp.xtc

sent 4,371,497 bytes  received 92 bytes  8,743,178.00 bytes/sec
total size is 6,075,576  speedup is 1.39
rsync error: some files/attrs were not transferred (see previous errors) (code 23) at main.c(1179) [sender=3.1.2]
2025-04-08 15:21:09,187 - [MainProcess:2982] mummi_core.utils.utilities:sys_call:184 - INFO - Run command: rsync -va --no-g traj_comp.xtc topol.tpr state.cpt ener.edr md.log mdrun.log /p/gpfs1/pottier1/minimummi-sc25/roots/root1/sims-cg/structure_iter00_000000000004 || true
2025-04-08 15:21:09,605 - [MainProcess:2982] mummi_ras.interfaces.mummi:save_analysis_data:253 - INFO - Saved all analysis data for frames [10, 11, 12, 13, 14, 15, 16, 17, 18, 19]
2025-04-08 15:21:09,606 - [MainProcess:2982] mummi_ras.online.cg.cganalysis:copyRemoteLogs:350 - INFO - Copy over log files
2025-04-08 15:21:09,643 - [MainProcess:2982] mummi_core.utils.utilities:sys_call:184 - INFO - Run command: cp -r  /tmp/mummi/cg/structure_iter00_000000000004-20250408_151519/cg_analysis.out /tmp/mummi/cg/structure_iter00_000000000004-20250408_151519/traj_comp.xtc /tmp/mummi/cg/structure_iter00_000000000004-20250408_151519/*.log /p/gpfs1/pottier1/minimummi-sc25/roots/root1/sims-cg/structure_iter00_000000000004/ || true
2025-04-08 15:21:09,643 - [MainProcess:2982] mummi_ras.online.cg.cganalysis:copyRemoteLogs:365 - INFO - copyRemoteLogs =  /tmp/mummi/cg/structure_iter00_000000000004-20250408_151519/cg_analysis.out /tmp/mummi/cg/structure_iter00_000000000004-20250408_151519/traj_comp.xtc /tmp/mummi/cg/structure_iter00_000000000004-20250408_151519/*.log
2025-04-08 15:21:09,643 - [MainProcess:2982] mummi_ras.online.cg.cganalysis:cleanupLocal:375 - WARNING - Copy cleanup local only works for ddcMD files
2025-04-08 15:21:11,644 - [MainProcess:2982] mummi_ras.online.simulation:has_computed_enough:352 - INFO - runtime_hours*0.99 = 0.495 vs delta_time = 0.09185770491758982 (length 9.5 ns) False False
2025-04-08 15:21:13,650 - [MainProcess:2982] mummi_ras.online.simulation:has_computed_enough:352 - INFO - runtime_hours*0.99 = 0.495 vs delta_time = 0.09241504576471117 (length 9.5 ns) False False
2025-04-08 15:21:15,657 - [MainProcess:2982] mummi_ras.online.simulation:has_computed_enough:352 - INFO - runtime_hours*0.99 = 0.495 vs delta_time = 0.0929723944928911 (length 9.5 ns) False False
2025-04-08 15:21:17,663 - [MainProcess:2982] mummi_ras.online.simulation:has_computed_enough:352 - INFO - runtime_hours*0.99 = 0.495 vs delta_time = 0.09352973858515422 (length 9.5 ns) False False
2025-04-08 15:21:19,669 - [MainProcess:2982] mummi_ras.online.simulation:has_computed_enough:352 - INFO - runtime_hours*0.99 = 0.495 vs delta_time = 0.0940870667828454 (length 9.5 ns) False False
2025-04-08 15:21:21,676 - [MainProcess:2982] mummi_ras.online.simulation:has_computed_enough:352 - INFO - runtime_hours*0.99 = 0.495 vs delta_time = 0.0946444046497345 (length 9.5 ns) False False
2025-04-08 15:21:23,682 - [MainProcess:2982] mummi_ras.online.simulation:has_computed_enough:352 - INFO - runtime_hours*0.99 = 0.495 vs delta_time = 0.09520172927114699 (length 9.5 ns) False False
2025-04-08 15:21:23,737 - [MainProcess:2982] mummi_ras.online.simulation:get_new_frames:399 - INFO - Getting all frame numbers in trajectory from 20 to 20.
2025-04-08 15:21:23,737 - [MainProcess:2982] mummi_ras.online.cg.cganalysis:run_main_analysis:193 - INFO - Process frame 20
2025-04-08 15:21:23,737 - [MainProcess:2982] mummi_ras.online.cg.cganalysis:processFrame:554 - INFO - Load 21 frames: current frame ID /tmp/mummi/cg/structure_iter00_000000000004-20250408_151519/traj_comp.xtc
2025-04-08 15:21:23,748 - [MainProcess:2982] mummi_ras.online.cg.cganalysis:processFrame:580 - INFO - Frame:    20, Time: 10000.000 ps, Bbox = [0, 180.96284, 0, 180.96284]
2025-04-08 15:21:23,748 - [MainProcess:2982] mummi_ras.online.cg.cganalysis:processFrame:584 - INFO - Lengths of layers: 657 42 486
2025-04-08 15:21:23,852 - [MainProcess:2982] mummi_ras.online.cg.cganalysis:processFrame:765 - INFO - Time for analysis - frameNum 20, time 0.11516714096069336 s
2025-04-08 15:21:25,853 - [MainProcess:2982] mummi_ras.online.simulation:has_computed_enough:352 - INFO - runtime_hours*0.99 = 0.495 vs delta_time = 0.09580465157826741 (length 10.0 ns) False False
2025-04-08 15:21:27,859 - [MainProcess:2982] mummi_ras.online.simulation:has_computed_enough:352 - INFO - runtime_hours*0.99 = 0.495 vs delta_time = 0.09636201315455967 (length 10.0 ns) False False
2025-04-08 15:21:29,866 - [MainProcess:2982] mummi_ras.online.simulation:has_computed_enough:352 - INFO - runtime_hours*0.99 = 0.495 vs delta_time = 0.09691932208008236 (length 10.0 ns) False False
2025-04-08 15:21:31,872 - [MainProcess:2982] mummi_ras.online.simulation:has_computed_enough:352 - INFO - runtime_hours*0.99 = 0.495 vs delta_time = 0.09747667617268033 (length 10.0 ns) False False
2025-04-08 15:21:33,878 - [MainProcess:2982] mummi_ras.online.simulation:has_computed_enough:352 - INFO - runtime_hours*0.99 = 0.495 vs delta_time = 0.09803396575980716 (length 10.0 ns) False False
2025-04-08 15:21:35,885 - [MainProcess:2982] mummi_ras.online.simulation:has_computed_enough:352 - INFO - runtime_hours*0.99 = 0.495 vs delta_time = 0.09859128223525153 (length 10.0 ns) False False
2025-04-08 15:21:37,891 - [MainProcess:2982] mummi_ras.online.simulation:has_computed_enough:352 - INFO - runtime_hours*0.99 = 0.495 vs delta_time = 0.0991485771867964 (length 10.0 ns) False False
2025-04-08 15:21:39,897 - [MainProcess:2982] mummi_ras.online.simulation:has_computed_enough:352 - INFO - runtime_hours*0.99 = 0.495 vs delta_time = 0.09970591326554616 (length 10.0 ns) False False
2025-04-08 15:21:41,904 - [MainProcess:2982] mummi_ras.online.simulation:has_computed_enough:352 - INFO - runtime_hours*0.99 = 0.495 vs delta_time = 0.10026323450936211 (length 10.0 ns) False False
2025-04-08 15:21:41,957 - [MainProcess:2982] mummi_ras.online.simulation:get_new_frames:399 - INFO - Getting all frame numbers in trajectory from 21 to 21.
2025-04-08 15:21:41,957 - [MainProcess:2982] mummi_ras.online.cg.cganalysis:run_main_analysis:193 - INFO - Process frame 21
2025-04-08 15:21:41,957 - [MainProcess:2982] mummi_ras.online.cg.cganalysis:processFrame:554 - INFO - Load 22 frames: current frame ID /tmp/mummi/cg/structure_iter00_000000000004-20250408_151519/traj_comp.xtc
2025-04-08 15:21:41,968 - [MainProcess:2982] mummi_ras.online.cg.cganalysis:processFrame:580 - INFO - Frame:    21, Time: 10500.000 ps, Bbox = [0, 181.67648, 0, 181.67648]
2025-04-08 15:21:41,969 - [MainProcess:2982] mummi_ras.online.cg.cganalysis:processFrame:584 - INFO - Lengths of layers: 661 36 488
2025-04-08 15:21:42,074 - [MainProcess:2982] mummi_ras.online.cg.cganalysis:processFrame:765 - INFO - Time for analysis - frameNum 21, time 0.11668157577514648 s
2025-04-08 15:21:44,075 - [MainProcess:2982] mummi_ras.online.simulation:has_computed_enough:352 - INFO - runtime_hours*0.99 = 0.495 vs delta_time = 0.10086628516515096 (length 10.5 ns) False False
2025-04-08 15:21:46,081 - [MainProcess:2982] mummi_ras.online.simulation:has_computed_enough:352 - INFO - runtime_hours*0.99 = 0.495 vs delta_time = 0.1014237117767334 (length 10.5 ns) False False
2025-04-08 15:21:48,088 - [MainProcess:2982] mummi_ras.online.simulation:has_computed_enough:352 - INFO - runtime_hours*0.99 = 0.495 vs delta_time = 0.1019810574584537 (length 10.5 ns) False False
2025-04-08 15:21:50,094 - [MainProcess:2982] mummi_ras.online.simulation:has_computed_enough:352 - INFO - runtime_hours*0.99 = 0.495 vs delta_time = 0.10253839585516188 (length 10.5 ns) False False
2025-04-08 15:21:52,101 - [MainProcess:2982] mummi_ras.online.simulation:has_computed_enough:352 - INFO - runtime_hours*0.99 = 0.495 vs delta_time = 0.10309572332435184 (length 10.5 ns) False False
2025-04-08 15:21:54,107 - [MainProcess:2982] mummi_ras.online.simulation:has_computed_enough:352 - INFO - runtime_hours*0.99 = 0.495 vs delta_time = 0.10365305993292066 (length 10.5 ns) False False
2025-04-08 15:21:56,113 - [MainProcess:2982] mummi_ras.online.simulation:has_computed_enough:352 - INFO - runtime_hours*0.99 = 0.495 vs delta_time = 0.10421039395862156 (length 10.5 ns) False False
2025-04-08 15:21:58,120 - [MainProcess:2982] mummi_ras.online.simulation:has_computed_enough:352 - INFO - runtime_hours*0.99 = 0.495 vs delta_time = 0.10476775328318277 (length 10.5 ns) False False
2025-04-08 15:21:58,173 - [MainProcess:2982] mummi_ras.online.simulation:get_new_frames:399 - INFO - Getting all frame numbers in trajectory from 22 to 22.
2025-04-08 15:21:58,173 - [MainProcess:2982] mummi_ras.online.cg.cganalysis:run_main_analysis:193 - INFO - Process frame 22
2025-04-08 15:21:58,173 - [MainProcess:2982] mummi_ras.online.cg.cganalysis:processFrame:554 - INFO - Load 23 frames: current frame ID /tmp/mummi/cg/structure_iter00_000000000004-20250408_151519/traj_comp.xtc
2025-04-08 15:21:58,184 - [MainProcess:2982] mummi_ras.online.cg.cganalysis:processFrame:580 - INFO - Frame:    22, Time: 11000.000 ps, Bbox = [0, 180.68315, 0, 180.68315]
2025-04-08 15:21:58,184 - [MainProcess:2982] mummi_ras.online.cg.cganalysis:processFrame:584 - INFO - Lengths of layers: 658 42 485
2025-04-08 15:21:58,288 - [MainProcess:2982] mummi_ras.online.cg.cganalysis:processFrame:765 - INFO - Time for analysis - frameNum 22, time 0.11511802673339844 s
2025-04-08 15:22:00,289 - [MainProcess:2982] mummi_ras.online.simulation:has_computed_enough:352 - INFO - runtime_hours*0.99 = 0.495 vs delta_time = 0.10537023060851627 (length 11.0 ns) False False
2025-04-08 15:22:02,295 - [MainProcess:2982] mummi_ras.online.simulation:has_computed_enough:352 - INFO - runtime_hours*0.99 = 0.495 vs delta_time = 0.10592761887444391 (length 11.0 ns) False False
2025-04-08 15:22:04,302 - [MainProcess:2982] mummi_ras.online.simulation:has_computed_enough:352 - INFO - runtime_hours*0.99 = 0.495 vs delta_time = 0.10648494793309106 (length 11.0 ns) False False
2025-04-08 15:22:06,308 - [MainProcess:2982] mummi_ras.online.simulation:has_computed_enough:352 - INFO - runtime_hours*0.99 = 0.495 vs delta_time = 0.10704226394494375 (length 11.0 ns) False False
2025-04-08 15:22:08,315 - [MainProcess:2982] mummi_ras.online.simulation:has_computed_enough:352 - INFO - runtime_hours*0.99 = 0.495 vs delta_time = 0.10759960326883528 (length 11.0 ns) False False
2025-04-08 15:22:10,321 - [MainProcess:2982] mummi_ras.online.simulation:has_computed_enough:352 - INFO - runtime_hours*0.99 = 0.495 vs delta_time = 0.1081569054391649 (length 11.0 ns) False False
2025-04-08 15:22:12,327 - [MainProcess:2982] mummi_ras.online.simulation:has_computed_enough:352 - INFO - runtime_hours*0.99 = 0.495 vs delta_time = 0.10871419337060717 (length 11.0 ns) False False
2025-04-08 15:22:14,333 - [MainProcess:2982] mummi_ras.online.simulation:has_computed_enough:352 - INFO - runtime_hours*0.99 = 0.495 vs delta_time = 0.1092715307076772 (length 11.0 ns) False False
2025-04-08 15:22:14,387 - [MainProcess:2982] mummi_ras.online.simulation:get_new_frames:399 - INFO - Getting all frame numbers in trajectory from 23 to 23.
2025-04-08 15:22:14,388 - [MainProcess:2982] mummi_ras.online.cg.cganalysis:run_main_analysis:193 - INFO - Process frame 23
2025-04-08 15:22:14,388 - [MainProcess:2982] mummi_ras.online.cg.cganalysis:processFrame:554 - INFO - Load 24 frames: current frame ID /tmp/mummi/cg/structure_iter00_000000000004-20250408_151519/traj_comp.xtc
2025-04-08 15:22:14,399 - [MainProcess:2982] mummi_ras.online.cg.cganalysis:processFrame:580 - INFO - Frame:    23, Time: 11500.000 ps, Bbox = [0, 181.21858, 0, 181.21858]
2025-04-08 15:22:14,399 - [MainProcess:2982] mummi_ras.online.cg.cganalysis:processFrame:584 - INFO - Lengths of layers: 657 38 490
2025-04-08 15:22:14,503 - [MainProcess:2982] mummi_ras.online.cg.cganalysis:processFrame:765 - INFO - Time for analysis - frameNum 23, time 0.11481046676635742 s
2025-04-08 15:22:16,503 - [MainProcess:2982] mummi_ras.online.simulation:has_computed_enough:352 - INFO - runtime_hours*0.99 = 0.495 vs delta_time = 0.10987425943215688 (length 11.5 ns) False False
2025-04-08 15:22:18,510 - [MainProcess:2982] mummi_ras.online.simulation:has_computed_enough:352 - INFO - runtime_hours*0.99 = 0.495 vs delta_time = 0.11043165233400133 (length 11.5 ns) False False
2025-04-08 15:22:20,516 - [MainProcess:2982] mummi_ras.online.simulation:has_computed_enough:352 - INFO - runtime_hours*0.99 = 0.495 vs delta_time = 0.11098897986941868 (length 11.5 ns) False False
2025-04-08 15:22:22,523 - [MainProcess:2982] mummi_ras.online.simulation:has_computed_enough:352 - INFO - runtime_hours*0.99 = 0.495 vs delta_time = 0.11154627833101484 (length 11.5 ns) False False
2025-04-08 15:22:24,529 - [MainProcess:2982] mummi_ras.online.simulation:has_computed_enough:352 - INFO - runtime_hours*0.99 = 0.495 vs delta_time = 0.11210361705885993 (length 11.5 ns) False False
2025-04-08 15:22:26,535 - [MainProcess:2982] mummi_ras.online.simulation:has_computed_enough:352 - INFO - runtime_hours*0.99 = 0.495 vs delta_time = 0.11266097678078546 (length 11.5 ns) False False
2025-04-08 15:22:28,542 - [MainProcess:2982] mummi_ras.online.simulation:has_computed_enough:352 - INFO - runtime_hours*0.99 = 0.495 vs delta_time = 0.11321828411685096 (length 11.5 ns) False False
2025-04-08 15:22:30,548 - [MainProcess:2982] mummi_ras.online.simulation:has_computed_enough:352 - INFO - runtime_hours*0.99 = 0.495 vs delta_time = 0.11377559694978925 (length 11.5 ns) False False
2025-04-08 15:22:32,554 - [MainProcess:2982] mummi_ras.online.simulation:has_computed_enough:352 - INFO - runtime_hours*0.99 = 0.495 vs delta_time = 0.11433289719952477 (length 11.5 ns) False False
2025-04-08 15:22:32,608 - [MainProcess:2982] mummi_ras.online.simulation:get_new_frames:399 - INFO - Getting all frame numbers in trajectory from 24 to 24.
2025-04-08 15:22:32,609 - [MainProcess:2982] mummi_ras.online.cg.cganalysis:run_main_analysis:193 - INFO - Process frame 24
2025-04-08 15:22:32,609 - [MainProcess:2982] mummi_ras.online.cg.cganalysis:processFrame:554 - INFO - Load 25 frames: current frame ID /tmp/mummi/cg/structure_iter00_000000000004-20250408_151519/traj_comp.xtc
2025-04-08 15:22:32,620 - [MainProcess:2982] mummi_ras.online.cg.cganalysis:processFrame:580 - INFO - Frame:    24, Time: 12000.000 ps, Bbox = [0, 181.50728, 0, 181.50728]
2025-04-08 15:22:32,620 - [MainProcess:2982] mummi_ras.online.cg.cganalysis:processFrame:584 - INFO - Lengths of layers: 657 35 493
2025-04-08 15:22:32,724 - [MainProcess:2982] mummi_ras.online.cg.cganalysis:processFrame:765 - INFO - Time for analysis - frameNum 24, time 0.11480498313903809 s
2025-04-08 15:22:34,724 - [MainProcess:2982] mummi_ras.online.simulation:has_computed_enough:352 - INFO - runtime_hours*0.99 = 0.495 vs delta_time = 0.11493565367327796 (length 12.0 ns) False False
2025-04-08 15:22:36,731 - [MainProcess:2982] mummi_ras.online.simulation:has_computed_enough:352 - INFO - runtime_hours*0.99 = 0.495 vs delta_time = 0.11549301385879517 (length 12.0 ns) False False
2025-04-08 15:22:38,737 - [MainProcess:2982] mummi_ras.online.simulation:has_computed_enough:352 - INFO - runtime_hours*0.99 = 0.495 vs delta_time = 0.11605033079783121 (length 12.0 ns) False False
2025-04-08 15:22:40,744 - [MainProcess:2982] mummi_ras.online.simulation:has_computed_enough:352 - INFO - runtime_hours*0.99 = 0.495 vs delta_time = 0.11660768032073975 (length 12.0 ns) False False
2025-04-08 15:22:42,750 - [MainProcess:2982] mummi_ras.online.simulation:has_computed_enough:352 - INFO - runtime_hours*0.99 = 0.495 vs delta_time = 0.11716503428088294 (length 12.0 ns) False False
2025-04-08 15:22:44,757 - [MainProcess:2982] mummi_ras.online.simulation:has_computed_enough:352 - INFO - runtime_hours*0.99 = 0.495 vs delta_time = 0.11772239691681333 (length 12.0 ns) False False
2025-04-08 15:22:46,763 - [MainProcess:2982] mummi_ras.online.simulation:has_computed_enough:352 - INFO - runtime_hours*0.99 = 0.495 vs delta_time = 0.11827977114253574 (length 12.0 ns) False False
2025-04-08 15:22:48,770 - [MainProcess:2982] mummi_ras.online.simulation:has_computed_enough:352 - INFO - runtime_hours*0.99 = 0.495 vs delta_time = 0.11883709881040785 (length 12.0 ns) False False
2025-04-08 15:22:48,843 - [MainProcess:2982] mummi_ras.online.simulation:get_new_frames:399 - INFO - Getting all frame numbers in trajectory from 25 to 25.
2025-04-08 15:22:48,843 - [MainProcess:2982] mummi_ras.online.cg.cganalysis:run_main_analysis:193 - INFO - Process frame 25
2025-04-08 15:22:48,843 - [MainProcess:2982] mummi_ras.online.cg.cganalysis:processFrame:554 - INFO - Load 26 frames: current frame ID /tmp/mummi/cg/structure_iter00_000000000004-20250408_151519/traj_comp.xtc
2025-04-08 15:22:48,854 - [MainProcess:2982] mummi_ras.online.cg.cganalysis:processFrame:580 - INFO - Frame:    25, Time: 12500.000 ps, Bbox = [0, 181.45746, 0, 181.45746]
2025-04-08 15:22:48,854 - [MainProcess:2982] mummi_ras.online.cg.cganalysis:processFrame:584 - INFO - Lengths of layers: 660 33 492
2025-04-08 15:22:48,958 - [MainProcess:2982] mummi_ras.online.cg.cganalysis:processFrame:765 - INFO - Time for analysis - frameNum 25, time 0.1151430606842041 s
2025-04-08 15:22:50,959 - [MainProcess:2982] mummi_ras.online.simulation:has_computed_enough:352 - INFO - runtime_hours*0.99 = 0.495 vs delta_time = 0.11944519685374366 (length 12.5 ns) False False
2025-04-08 15:22:52,965 - [MainProcess:2982] mummi_ras.online.simulation:has_computed_enough:352 - INFO - runtime_hours*0.99 = 0.495 vs delta_time = 0.12000257200664945 (length 12.5 ns) False False
2025-04-08 15:22:54,972 - [MainProcess:2982] mummi_ras.online.simulation:has_computed_enough:352 - INFO - runtime_hours*0.99 = 0.495 vs delta_time = 0.12055989139609867 (length 12.5 ns) False False
2025-04-08 15:22:56,978 - [MainProcess:2982] mummi_ras.online.simulation:has_computed_enough:352 - INFO - runtime_hours*0.99 = 0.495 vs delta_time = 0.12111721058686574 (length 12.5 ns) False False
2025-04-08 15:22:58,984 - [MainProcess:2982] mummi_ras.online.simulation:has_computed_enough:352 - INFO - runtime_hours*0.99 = 0.495 vs delta_time = 0.12167451851897769 (length 12.5 ns) False False
2025-04-08 15:23:00,991 - [MainProcess:2982] mummi_ras.online.simulation:has_computed_enough:352 - INFO - runtime_hours*0.99 = 0.495 vs delta_time = 0.12223183678256141 (length 12.5 ns) False False
2025-04-08 15:23:02,997 - [MainProcess:2982] mummi_ras.online.simulation:has_computed_enough:352 - INFO - runtime_hours*0.99 = 0.495 vs delta_time = 0.12278921471701729 (length 12.5 ns) False False
2025-04-08 15:23:05,004 - [MainProcess:2982] mummi_ras.online.simulation:has_computed_enough:352 - INFO - runtime_hours*0.99 = 0.495 vs delta_time = 0.12334655185540518 (length 12.5 ns) False False
2025-04-08 15:23:05,056 - [MainProcess:2982] mummi_ras.online.simulation:get_new_frames:399 - INFO - Getting all frame numbers in trajectory from 26 to 26.
2025-04-08 15:23:05,056 - [MainProcess:2982] mummi_ras.online.cg.cganalysis:run_main_analysis:193 - INFO - Process frame 26
2025-04-08 15:23:05,057 - [MainProcess:2982] mummi_ras.online.cg.cganalysis:processFrame:554 - INFO - Load 27 frames: current frame ID /tmp/mummi/cg/structure_iter00_000000000004-20250408_151519/traj_comp.xtc
2025-04-08 15:23:05,068 - [MainProcess:2982] mummi_ras.online.cg.cganalysis:processFrame:580 - INFO - Frame:    26, Time: 13000.000 ps, Bbox = [0, 180.65482, 0, 180.65482]
2025-04-08 15:23:05,068 - [MainProcess:2982] mummi_ras.online.cg.cganalysis:processFrame:584 - INFO - Lengths of layers: 657 33 495
2025-04-08 15:23:05,173 - [MainProcess:2982] mummi_ras.online.cg.cganalysis:processFrame:765 - INFO - Time for analysis - frameNum 26, time 0.11614084243774414 s
2025-04-08 15:23:07,173 - [MainProcess:2982] mummi_ras.online.simulation:has_computed_enough:352 - INFO - runtime_hours*0.99 = 0.495 vs delta_time = 0.1239492964744568 (length 13.0 ns) False False
2025-04-08 15:23:09,180 - [MainProcess:2982] mummi_ras.online.simulation:has_computed_enough:352 - INFO - runtime_hours*0.99 = 0.495 vs delta_time = 0.12450666824976603 (length 13.0 ns) False False
2025-04-08 15:23:11,186 - [MainProcess:2982] mummi_ras.online.simulation:has_computed_enough:352 - INFO - runtime_hours*0.99 = 0.495 vs delta_time = 0.12506399048699274 (length 13.0 ns) False False
2025-04-08 15:23:13,193 - [MainProcess:2982] mummi_ras.online.simulation:has_computed_enough:352 - INFO - runtime_hours*0.99 = 0.495 vs delta_time = 0.12562128722667695 (length 13.0 ns) False False
2025-04-08 15:23:15,199 - [MainProcess:2982] mummi_ras.online.simulation:has_computed_enough:352 - INFO - runtime_hours*0.99 = 0.495 vs delta_time = 0.12617862833870783 (length 13.0 ns) False False
2025-04-08 15:23:17,205 - [MainProcess:2982] mummi_ras.online.simulation:has_computed_enough:352 - INFO - runtime_hours*0.99 = 0.495 vs delta_time = 0.12673597170246972 (length 13.0 ns) False False
2025-04-08 15:23:19,212 - [MainProcess:2982] mummi_ras.online.simulation:has_computed_enough:352 - INFO - runtime_hours*0.99 = 0.495 vs delta_time = 0.12729330248302884 (length 13.0 ns) False False
2025-04-08 15:23:21,218 - [MainProcess:2982] mummi_ras.online.simulation:has_computed_enough:352 - INFO - runtime_hours*0.99 = 0.495 vs delta_time = 0.12785063147544862 (length 13.0 ns) False False
2025-04-08 15:23:23,225 - [MainProcess:2982] mummi_ras.online.simulation:has_computed_enough:352 - INFO - runtime_hours*0.99 = 0.495 vs delta_time = 0.12840797907776302 (length 13.0 ns) False False
2025-04-08 15:23:23,279 - [MainProcess:2982] mummi_ras.online.simulation:get_new_frames:399 - INFO - Getting all frame numbers in trajectory from 27 to 27.
2025-04-08 15:23:23,279 - [MainProcess:2982] mummi_ras.online.cg.cganalysis:run_main_analysis:193 - INFO - Process frame 27
2025-04-08 15:23:23,279 - [MainProcess:2982] mummi_ras.online.cg.cganalysis:processFrame:554 - INFO - Load 28 frames: current frame ID /tmp/mummi/cg/structure_iter00_000000000004-20250408_151519/traj_comp.xtc
2025-04-08 15:23:23,290 - [MainProcess:2982] mummi_ras.online.cg.cganalysis:processFrame:580 - INFO - Frame:    27, Time: 13500.000 ps, Bbox = [0, 180.75241, 0, 180.75241]
2025-04-08 15:23:23,290 - [MainProcess:2982] mummi_ras.online.cg.cganalysis:processFrame:584 - INFO - Lengths of layers: 656 37 492
2025-04-08 15:23:23,394 - [MainProcess:2982] mummi_ras.online.cg.cganalysis:processFrame:765 - INFO - Time for analysis - frameNum 27, time 0.11469173431396484 s
2025-04-08 15:23:25,394 - [MainProcess:2982] mummi_ras.online.simulation:has_computed_enough:352 - INFO - runtime_hours*0.99 = 0.495 vs delta_time = 0.12901068369547525 (length 13.5 ns) False False
2025-04-08 15:23:27,401 - [MainProcess:2982] mummi_ras.online.simulation:has_computed_enough:352 - INFO - runtime_hours*0.99 = 0.495 vs delta_time = 0.12956805222564274 (length 13.5 ns) False False
2025-04-08 15:23:29,407 - [MainProcess:2982] mummi_ras.online.simulation:has_computed_enough:352 - INFO - runtime_hours*0.99 = 0.495 vs delta_time = 0.13012537399927776 (length 13.5 ns) False False
2025-04-08 15:23:31,414 - [MainProcess:2982] mummi_ras.online.simulation:has_computed_enough:352 - INFO - runtime_hours*0.99 = 0.495 vs delta_time = 0.1306827171643575 (length 13.5 ns) False False
2025-04-08 15:23:33,420 - [MainProcess:2982] mummi_ras.online.simulation:has_computed_enough:352 - INFO - runtime_hours*0.99 = 0.495 vs delta_time = 0.1312400288052029 (length 13.5 ns) False False
2025-04-08 15:23:35,426 - [MainProcess:2982] mummi_ras.online.simulation:has_computed_enough:352 - INFO - runtime_hours*0.99 = 0.495 vs delta_time = 0.13179733488294815 (length 13.5 ns) False False
2025-04-08 15:23:37,435 - [MainProcess:2982] mummi_ras.online.simulation:has_computed_enough:352 - INFO - runtime_hours*0.99 = 0.495 vs delta_time = 0.13235522654321458 (length 13.5 ns) False False
2025-04-08 15:23:39,441 - [MainProcess:2982] mummi_ras.online.simulation:has_computed_enough:352 - INFO - runtime_hours*0.99 = 0.495 vs delta_time = 0.13291260388162401 (length 13.5 ns) False False
2025-04-08 15:23:39,496 - [MainProcess:2982] mummi_ras.online.simulation:get_new_frames:399 - INFO - Getting all frame numbers in trajectory from 28 to 28.
2025-04-08 15:23:39,496 - [MainProcess:2982] mummi_ras.online.cg.cganalysis:run_main_analysis:193 - INFO - Process frame 28
2025-04-08 15:23:39,496 - [MainProcess:2982] mummi_ras.online.cg.cganalysis:processFrame:554 - INFO - Load 29 frames: current frame ID /tmp/mummi/cg/structure_iter00_000000000004-20250408_151519/traj_comp.xtc
2025-04-08 15:23:39,507 - [MainProcess:2982] mummi_ras.online.cg.cganalysis:processFrame:580 - INFO - Frame:    28, Time: 14000.000 ps, Bbox = [0, 181.20923, 0, 181.20923]
2025-04-08 15:23:39,507 - [MainProcess:2982] mummi_ras.online.cg.cganalysis:processFrame:584 - INFO - Lengths of layers: 658 33 494
2025-04-08 15:23:39,611 - [MainProcess:2982] mummi_ras.online.cg.cganalysis:processFrame:765 - INFO - Time for analysis - frameNum 28, time 0.11530661582946777 s
2025-04-08 15:23:41,612 - [MainProcess:2982] mummi_ras.online.simulation:has_computed_enough:352 - INFO - runtime_hours*0.99 = 0.495 vs delta_time = 0.13351558142238193 (length 14.0 ns) False False
2025-04-08 15:23:43,619 - [MainProcess:2982] mummi_ras.online.simulation:has_computed_enough:352 - INFO - runtime_hours*0.99 = 0.495 vs delta_time = 0.13407298657629224 (length 14.0 ns) False False
2025-04-08 15:23:45,625 - [MainProcess:2982] mummi_ras.online.simulation:has_computed_enough:352 - INFO - runtime_hours*0.99 = 0.495 vs delta_time = 0.13463032609886594 (length 14.0 ns) False False
2025-04-08 15:23:47,632 - [MainProcess:2982] mummi_ras.online.simulation:has_computed_enough:352 - INFO - runtime_hours*0.99 = 0.495 vs delta_time = 0.13518768913216062 (length 14.0 ns) False False
2025-04-08 15:23:49,638 - [MainProcess:2982] mummi_ras.online.simulation:has_computed_enough:352 - INFO - runtime_hours*0.99 = 0.495 vs delta_time = 0.1357450361384286 (length 14.0 ns) False False
2025-04-08 15:23:51,644 - [MainProcess:2982] mummi_ras.online.simulation:has_computed_enough:352 - INFO - runtime_hours*0.99 = 0.495 vs delta_time = 0.13630233181847468 (length 14.0 ns) False False
2025-04-08 15:23:53,651 - [MainProcess:2982] mummi_ras.online.simulation:has_computed_enough:352 - INFO - runtime_hours*0.99 = 0.495 vs delta_time = 0.13685965014828577 (length 14.0 ns) False False
2025-04-08 15:23:55,657 - [MainProcess:2982] mummi_ras.online.simulation:has_computed_enough:352 - INFO - runtime_hours*0.99 = 0.495 vs delta_time = 0.1374170200692283 (length 14.0 ns) False False
2025-04-08 15:23:57,664 - [MainProcess:2982] mummi_ras.online.simulation:has_computed_enough:352 - INFO - runtime_hours*0.99 = 0.495 vs delta_time = 0.13797434469064077 (length 14.0 ns) False False
2025-04-08 15:23:57,734 - [MainProcess:2982] mummi_ras.online.simulation:get_new_frames:399 - INFO - Getting all frame numbers in trajectory from 29 to 29.
2025-04-08 15:23:57,735 - [MainProcess:2982] mummi_ras.online.cg.cganalysis:run_main_analysis:193 - INFO - Process frame 29
2025-04-08 15:23:57,735 - [MainProcess:2982] mummi_ras.online.cg.cganalysis:processFrame:554 - INFO - Load 30 frames: current frame ID /tmp/mummi/cg/structure_iter00_000000000004-20250408_151519/traj_comp.xtc
2025-04-08 15:23:57,746 - [MainProcess:2982] mummi_ras.online.cg.cganalysis:processFrame:580 - INFO - Frame:    29, Time: 14500.000 ps, Bbox = [0, 181.03091, 0, 181.03091]
2025-04-08 15:23:57,746 - [MainProcess:2982] mummi_ras.online.cg.cganalysis:processFrame:584 - INFO - Lengths of layers: 655 41 489
2025-04-08 15:23:57,850 - [MainProcess:2982] mummi_ras.online.cg.cganalysis:processFrame:765 - INFO - Time for analysis - frameNum 29, time 0.11516761779785156 s
2025-04-08 15:23:59,851 - [MainProcess:2982] mummi_ras.online.simulation:has_computed_enough:352 - INFO - runtime_hours*0.99 = 0.495 vs delta_time = 0.1385818276802699 (length 14.5 ns) False False
2025-04-08 15:23:59,857 - [MainProcess:2982] mummi_ras.online.cg.cganalysis:processOutput:92 - INFO - Add feedback for frameNum 20 - state []
2025-04-08 15:23:59,857 - [MainProcess:2982] mummi_ras.online.cg.cganalysis:processOutput:92 - INFO - Add feedback for frameNum 21 - state []
2025-04-08 15:23:59,857 - [MainProcess:2982] mummi_ras.online.cg.cganalysis:processOutput:92 - INFO - Add feedback for frameNum 22 - state []
2025-04-08 15:23:59,857 - [MainProcess:2982] mummi_ras.online.cg.cganalysis:processOutput:92 - INFO - Add feedback for frameNum 23 - state []
2025-04-08 15:23:59,858 - [MainProcess:2982] mummi_ras.online.cg.cganalysis:processOutput:92 - INFO - Add feedback for frameNum 24 - state []
2025-04-08 15:23:59,858 - [MainProcess:2982] mummi_ras.online.cg.cganalysis:processOutput:92 - INFO - Add feedback for frameNum 25 - state []
2025-04-08 15:23:59,858 - [MainProcess:2982] mummi_ras.online.cg.cganalysis:processOutput:92 - INFO - Add feedback for frameNum 26 - state []
2025-04-08 15:23:59,858 - [MainProcess:2982] mummi_ras.online.cg.cganalysis:processOutput:92 - INFO - Add feedback for frameNum 27 - state []
2025-04-08 15:23:59,858 - [MainProcess:2982] mummi_ras.online.cg.cganalysis:processOutput:92 - INFO - Add feedback for frameNum 28 - state []
2025-04-08 15:23:59,858 - [MainProcess:2982] mummi_ras.online.cg.cganalysis:processOutput:92 - INFO - Add feedback for frameNum 29 - state []
2025-04-08 15:23:59,873 - [MainProcess:2982] mummi_core.interfaces.simple:_save_files:91 - INFO - Wrote 10 files to (/p/gpfs1/pottier1/minimummi-sc25/roots/root1/feedback-cg2ml/004)
2025-04-08 15:23:59,874 - [MainProcess:2982] mummi_ras.feedback.feedback_manager_cg2ml:report:118 - INFO - Added 10 frames (from structure_iter00_000000000004) to feedback (/p/gpfs1/pottier1/minimummi-sc25/roots/root1/feedback-cg2ml)
2025-04-08 15:23:59,874 - [MainProcess:2982] mummi_ras.online.cg.cganalysis:processOutput:112 - INFO - processOutput: 29
2025-04-08 15:23:59,874 - [MainProcess:2982] mummi_ras.online.cg.cganalysis:copyRemoteRestart:452 - INFO - Copy to remote frames [20, 21, 22, 23, 24, 25, 26, 27, 28, 29]
sending incremental file list
rsync: link_stat "/tmp/mummi/cg/structure_iter00_000000000004-20250408_151519/state.cpt" failed: No such file or directory (2)
ener.edr
md.log
mdrun.log
traj_comp.xtc

sent 6,546,347 bytes  received 92 bytes  13,092,878.00 bytes/sec
total size is 8,249,898  speedup is 1.26
rsync error: some files/attrs were not transferred (see previous errors) (code 23) at main.c(1179) [sender=3.1.2]
2025-04-08 15:23:59,999 - [MainProcess:2982] mummi_core.utils.utilities:sys_call:184 - INFO - Run command: rsync -va --no-g traj_comp.xtc topol.tpr state.cpt ener.edr md.log mdrun.log /p/gpfs1/pottier1/minimummi-sc25/roots/root1/sims-cg/structure_iter00_000000000004 || true
2025-04-08 15:24:00,509 - [MainProcess:2982] mummi_ras.interfaces.mummi:save_analysis_data:253 - INFO - Saved all analysis data for frames [20, 21, 22, 23, 24, 25, 26, 27, 28, 29]
2025-04-08 15:24:00,509 - [MainProcess:2982] mummi_ras.online.cg.cganalysis:copyRemoteLogs:350 - INFO - Copy over log files
2025-04-08 15:24:00,547 - [MainProcess:2982] mummi_core.utils.utilities:sys_call:184 - INFO - Run command: cp -r  /tmp/mummi/cg/structure_iter00_000000000004-20250408_151519/cg_analysis.out /tmp/mummi/cg/structure_iter00_000000000004-20250408_151519/traj_comp.xtc /tmp/mummi/cg/structure_iter00_000000000004-20250408_151519/*.log /p/gpfs1/pottier1/minimummi-sc25/roots/root1/sims-cg/structure_iter00_000000000004/ || true
2025-04-08 15:24:00,547 - [MainProcess:2982] mummi_ras.online.cg.cganalysis:copyRemoteLogs:365 - INFO - copyRemoteLogs =  /tmp/mummi/cg/structure_iter00_000000000004-20250408_151519/cg_analysis.out /tmp/mummi/cg/structure_iter00_000000000004-20250408_151519/traj_comp.xtc /tmp/mummi/cg/structure_iter00_000000000004-20250408_151519/*.log
2025-04-08 15:24:00,547 - [MainProcess:2982] mummi_ras.online.cg.cganalysis:cleanupLocal:375 - WARNING - Copy cleanup local only works for ddcMD files
2025-04-08 15:24:02,548 - [MainProcess:2982] mummi_ras.online.simulation:has_computed_enough:352 - INFO - runtime_hours*0.99 = 0.495 vs delta_time = 0.13933101256688435 (length 14.5 ns) False False
2025-04-08 15:24:04,554 - [MainProcess:2982] mummi_ras.online.simulation:has_computed_enough:352 - INFO - runtime_hours*0.99 = 0.495 vs delta_time = 0.1398883279826906 (length 14.5 ns) False False
2025-04-08 15:24:06,560 - [MainProcess:2982] mummi_ras.online.simulation:has_computed_enough:352 - INFO - runtime_hours*0.99 = 0.495 vs delta_time = 0.14044564843177795 (length 14.5 ns) False False
2025-04-08 15:24:08,567 - [MainProcess:2982] mummi_ras.online.simulation:has_computed_enough:352 - INFO - runtime_hours*0.99 = 0.495 vs delta_time = 0.1410029962327745 (length 14.5 ns) False False
2025-04-08 15:24:10,573 - [MainProcess:2982] mummi_ras.online.simulation:has_computed_enough:352 - INFO - runtime_hours*0.99 = 0.495 vs delta_time = 0.14156033840444354 (length 14.5 ns) False False
2025-04-08 15:24:12,580 - [MainProcess:2982] mummi_ras.online.simulation:has_computed_enough:352 - INFO - runtime_hours*0.99 = 0.495 vs delta_time = 0.1421176642841763 (length 14.5 ns) False False
2025-04-08 15:24:14,586 - [MainProcess:2982] mummi_ras.online.simulation:has_computed_enough:352 - INFO - runtime_hours*0.99 = 0.495 vs delta_time = 0.14267499062750075 (length 14.5 ns) False False
2025-04-08 15:24:14,638 - [MainProcess:2982] mummi_ras.online.simulation:get_new_frames:399 - INFO - Getting all frame numbers in trajectory from 30 to 30.
2025-04-08 15:24:14,639 - [MainProcess:2982] mummi_ras.online.cg.cganalysis:run_main_analysis:193 - INFO - Process frame 30
2025-04-08 15:24:14,639 - [MainProcess:2982] mummi_ras.online.cg.cganalysis:processFrame:554 - INFO - Load 31 frames: current frame ID /tmp/mummi/cg/structure_iter00_000000000004-20250408_151519/traj_comp.xtc
2025-04-08 15:24:14,650 - [MainProcess:2982] mummi_ras.online.cg.cganalysis:processFrame:580 - INFO - Frame:    30, Time: 15000.000 ps, Bbox = [0, 180.43756, 0, 180.43756]
2025-04-08 15:24:14,650 - [MainProcess:2982] mummi_ras.online.cg.cganalysis:processFrame:584 - INFO - Lengths of layers: 652 40 493
2025-04-08 15:24:14,753 - [MainProcess:2982] mummi_ras.online.cg.cganalysis:processFrame:765 - INFO - Time for analysis - frameNum 30, time 0.11446738243103027 s
2025-04-08 15:24:16,754 - [MainProcess:2982] mummi_ras.online.simulation:has_computed_enough:352 - INFO - runtime_hours*0.99 = 0.495 vs delta_time = 0.14327717867162493 (length 15.0 ns) False False
2025-04-08 15:24:18,760 - [MainProcess:2982] mummi_ras.online.simulation:has_computed_enough:352 - INFO - runtime_hours*0.99 = 0.495 vs delta_time = 0.14383454733424716 (length 15.0 ns) False False
2025-04-08 15:24:20,767 - [MainProcess:2982] mummi_ras.online.simulation:has_computed_enough:352 - INFO - runtime_hours*0.99 = 0.495 vs delta_time = 0.1443918921550115 (length 15.0 ns) False False
2025-04-08 15:24:22,773 - [MainProcess:2982] mummi_ras.online.simulation:has_computed_enough:352 - INFO - runtime_hours*0.99 = 0.495 vs delta_time = 0.144949209690094 (length 15.0 ns) False False
2025-04-08 15:24:24,779 - [MainProcess:2982] mummi_ras.online.simulation:has_computed_enough:352 - INFO - runtime_hours*0.99 = 0.495 vs delta_time = 0.14550653802023994 (length 15.0 ns) False False
2025-04-08 15:24:26,786 - [MainProcess:2982] mummi_ras.online.simulation:has_computed_enough:352 - INFO - runtime_hours*0.99 = 0.495 vs delta_time = 0.14606391151746115 (length 15.0 ns) False False
2025-04-08 15:24:28,792 - [MainProcess:2982] mummi_ras.online.simulation:has_computed_enough:352 - INFO - runtime_hours*0.99 = 0.495 vs delta_time = 0.1466212373971939 (length 15.0 ns) False False
2025-04-08 15:24:30,799 - [MainProcess:2982] mummi_ras.online.simulation:has_computed_enough:352 - INFO - runtime_hours*0.99 = 0.495 vs delta_time = 0.1471785462564892 (length 15.0 ns) False False
2025-04-08 15:24:30,852 - [MainProcess:2982] mummi_ras.online.simulation:get_new_frames:399 - INFO - Getting all frame numbers in trajectory from 31 to 31.
2025-04-08 15:24:30,852 - [MainProcess:2982] mummi_ras.online.cg.cganalysis:run_main_analysis:193 - INFO - Process frame 31
2025-04-08 15:24:30,853 - [MainProcess:2982] mummi_ras.online.cg.cganalysis:processFrame:554 - INFO - Load 32 frames: current frame ID /tmp/mummi/cg/structure_iter00_000000000004-20250408_151519/traj_comp.xtc
2025-04-08 15:24:30,864 - [MainProcess:2982] mummi_ras.online.cg.cganalysis:processFrame:580 - INFO - Frame:    31, Time: 15500.000 ps, Bbox = [0, 180.4198, 0, 180.4198]
2025-04-08 15:24:30,864 - [MainProcess:2982] mummi_ras.online.cg.cganalysis:processFrame:584 - INFO - Lengths of layers: 654 40 491
2025-04-08 15:24:30,967 - [MainProcess:2982] mummi_ras.online.cg.cganalysis:processFrame:765 - INFO - Time for analysis - frameNum 31, time 0.11449384689331055 s
2025-04-08 15:24:32,968 - [MainProcess:2982] mummi_ras.online.simulation:has_computed_enough:352 - INFO - runtime_hours*0.99 = 0.495 vs delta_time = 0.14778103748957316 (length 15.5 ns) False False
2025-04-08 15:24:34,974 - [MainProcess:2982] mummi_ras.online.simulation:has_computed_enough:352 - INFO - runtime_hours*0.99 = 0.495 vs delta_time = 0.1483384025759167 (length 15.5 ns) False False
2025-04-08 15:24:36,981 - [MainProcess:2982] mummi_ras.online.simulation:has_computed_enough:352 - INFO - runtime_hours*0.99 = 0.495 vs delta_time = 0.14889576209916008 (length 15.5 ns) False False
2025-04-08 15:24:38,987 - [MainProcess:2982] mummi_ras.online.simulation:has_computed_enough:352 - INFO - runtime_hours*0.99 = 0.495 vs delta_time = 0.14945306400458017 (length 15.5 ns) False False
2025-04-08 15:24:40,993 - [MainProcess:2982] mummi_ras.online.simulation:has_computed_enough:352 - INFO - runtime_hours*0.99 = 0.495 vs delta_time = 0.15001036412186092 (length 15.5 ns) False False
2025-04-08 15:24:43,000 - [MainProcess:2982] mummi_ras.online.simulation:has_computed_enough:352 - INFO - runtime_hours*0.99 = 0.495 vs delta_time = 0.15056766821278467 (length 15.5 ns) False False
2025-04-08 15:24:45,006 - [MainProcess:2982] mummi_ras.online.simulation:has_computed_enough:352 - INFO - runtime_hours*0.99 = 0.495 vs delta_time = 0.15112499859597947 (length 15.5 ns) False False
2025-04-08 15:24:47,012 - [MainProcess:2982] mummi_ras.online.simulation:has_computed_enough:352 - INFO - runtime_hours*0.99 = 0.495 vs delta_time = 0.15168232374721102 (length 15.5 ns) False False
2025-04-08 15:24:49,019 - [MainProcess:2982] mummi_ras.online.simulation:has_computed_enough:352 - INFO - runtime_hours*0.99 = 0.495 vs delta_time = 0.1522396593623691 (length 15.5 ns) False False
2025-04-08 15:24:49,074 - [MainProcess:2982] mummi_ras.online.simulation:get_new_frames:399 - INFO - Getting all frame numbers in trajectory from 32 to 32.
2025-04-08 15:24:49,074 - [MainProcess:2982] mummi_ras.online.cg.cganalysis:run_main_analysis:193 - INFO - Process frame 32
2025-04-08 15:24:49,074 - [MainProcess:2982] mummi_ras.online.cg.cganalysis:processFrame:554 - INFO - Load 33 frames: current frame ID /tmp/mummi/cg/structure_iter00_000000000004-20250408_151519/traj_comp.xtc
2025-04-08 15:24:49,085 - [MainProcess:2982] mummi_ras.online.cg.cganalysis:processFrame:580 - INFO - Frame:    32, Time: 16000.000 ps, Bbox = [0, 179.40958, 0, 179.40958]
2025-04-08 15:24:49,086 - [MainProcess:2982] mummi_ras.online.cg.cganalysis:processFrame:584 - INFO - Lengths of layers: 654 39 492
2025-04-08 15:24:49,188 - [MainProcess:2982] mummi_ras.online.cg.cganalysis:processFrame:765 - INFO - Time for analysis - frameNum 32, time 0.11401247978210449 s
2025-04-08 15:24:51,189 - [MainProcess:2982] mummi_ras.online.simulation:has_computed_enough:352 - INFO - runtime_hours*0.99 = 0.495 vs delta_time = 0.1528425351778666 (length 16.0 ns) False False
2025-04-08 15:24:53,196 - [MainProcess:2982] mummi_ras.online.simulation:has_computed_enough:352 - INFO - runtime_hours*0.99 = 0.495 vs delta_time = 0.1533999083439509 (length 16.0 ns) False False
2025-04-08 15:24:55,202 - [MainProcess:2982] mummi_ras.online.simulation:has_computed_enough:352 - INFO - runtime_hours*0.99 = 0.495 vs delta_time = 0.15395723826355404 (length 16.0 ns) False False
2025-04-08 15:24:57,208 - [MainProcess:2982] mummi_ras.online.simulation:has_computed_enough:352 - INFO - runtime_hours*0.99 = 0.495 vs delta_time = 0.15451454453998142 (length 16.0 ns) False False
2025-04-08 15:24:59,215 - [MainProcess:2982] mummi_ras.online.simulation:has_computed_enough:352 - INFO - runtime_hours*0.99 = 0.495 vs delta_time = 0.1550718605518341 (length 16.0 ns) False False
2025-04-08 15:25:01,221 - [MainProcess:2982] mummi_ras.online.simulation:has_computed_enough:352 - INFO - runtime_hours*0.99 = 0.495 vs delta_time = 0.15562916702694363 (length 16.0 ns) False False
2025-04-08 15:25:03,227 - [MainProcess:2982] mummi_ras.online.simulation:has_computed_enough:352 - INFO - runtime_hours*0.99 = 0.495 vs delta_time = 0.15618646999200186 (length 16.0 ns) False False
2025-04-08 15:25:05,233 - [MainProcess:2982] mummi_ras.online.simulation:has_computed_enough:352 - INFO - runtime_hours*0.99 = 0.495 vs delta_time = 0.15674375534057616 (length 16.0 ns) False False
2025-04-08 15:25:05,401 - [MainProcess:2982] mummi_ras.online.simulation:get_new_frames:399 - INFO - Getting all frame numbers in trajectory from 33 to 33.
2025-04-08 15:25:05,401 - [MainProcess:2982] mummi_ras.online.cg.cganalysis:run_main_analysis:193 - INFO - Process frame 33
2025-04-08 15:25:05,402 - [MainProcess:2982] mummi_ras.online.cg.cganalysis:processFrame:554 - INFO - Load 34 frames: current frame ID /tmp/mummi/cg/structure_iter00_000000000004-20250408_151519/traj_comp.xtc
2025-04-08 15:25:05,413 - [MainProcess:2982] mummi_ras.online.cg.cganalysis:processFrame:580 - INFO - Frame:    33, Time: 16500.000 ps, Bbox = [0, 179.36906, 0, 179.36906]
2025-04-08 15:25:05,413 - [MainProcess:2982] mummi_ras.online.cg.cganalysis:processFrame:584 - INFO - Lengths of layers: 649 47 489
2025-04-08 15:25:05,516 - [MainProcess:2982] mummi_ras.online.cg.cganalysis:processFrame:765 - INFO - Time for analysis - frameNum 33, time 0.11435270309448242 s
2025-04-08 15:25:07,517 - [MainProcess:2982] mummi_ras.online.simulation:has_computed_enough:352 - INFO - runtime_hours*0.99 = 0.495 vs delta_time = 0.15737796200646295 (length 16.5 ns) False False
2025-04-08 15:25:09,523 - [MainProcess:2982] mummi_ras.online.simulation:has_computed_enough:352 - INFO - runtime_hours*0.99 = 0.495 vs delta_time = 0.15793535768985748 (length 16.5 ns) False False
2025-04-08 15:25:11,530 - [MainProcess:2982] mummi_ras.online.simulation:has_computed_enough:352 - INFO - runtime_hours*0.99 = 0.495 vs delta_time = 0.15849268078804016 (length 16.5 ns) False False
2025-04-08 15:25:13,536 - [MainProcess:2982] mummi_ras.online.simulation:has_computed_enough:352 - INFO - runtime_hours*0.99 = 0.495 vs delta_time = 0.15905001435014937 (length 16.5 ns) False False
2025-04-08 15:25:15,542 - [MainProcess:2982] mummi_ras.online.simulation:has_computed_enough:352 - INFO - runtime_hours*0.99 = 0.495 vs delta_time = 0.1596073297659556 (length 16.5 ns) False False
2025-04-08 15:25:17,549 - [MainProcess:2982] mummi_ras.online.simulation:has_computed_enough:352 - INFO - runtime_hours*0.99 = 0.495 vs delta_time = 0.160164672003852 (length 16.5 ns) False False
2025-04-08 15:25:19,555 - [MainProcess:2982] mummi_ras.online.simulation:has_computed_enough:352 - INFO - runtime_hours*0.99 = 0.495 vs delta_time = 0.1607219982147217 (length 16.5 ns) False False
2025-04-08 15:25:21,561 - [MainProcess:2982] mummi_ras.online.simulation:has_computed_enough:352 - INFO - runtime_hours*0.99 = 0.495 vs delta_time = 0.161279313299391 (length 16.5 ns) False False
2025-04-08 15:25:21,615 - [MainProcess:2982] mummi_ras.online.simulation:get_new_frames:399 - INFO - Getting all frame numbers in trajectory from 34 to 34.
2025-04-08 15:25:21,615 - [MainProcess:2982] mummi_ras.online.cg.cganalysis:run_main_analysis:193 - INFO - Process frame 34
2025-04-08 15:25:21,616 - [MainProcess:2982] mummi_ras.online.cg.cganalysis:processFrame:554 - INFO - Load 35 frames: current frame ID /tmp/mummi/cg/structure_iter00_000000000004-20250408_151519/traj_comp.xtc
2025-04-08 15:25:21,627 - [MainProcess:2982] mummi_ras.online.cg.cganalysis:processFrame:580 - INFO - Frame:    34, Time: 17000.000 ps, Bbox = [0, 179.84515, 0, 179.84515]
2025-04-08 15:25:21,627 - [MainProcess:2982] mummi_ras.online.cg.cganalysis:processFrame:584 - INFO - Lengths of layers: 656 43 486
2025-04-08 15:25:21,730 - [MainProcess:2982] mummi_ras.online.cg.cganalysis:processFrame:765 - INFO - Time for analysis - frameNum 34, time 0.11429166793823242 s
2025-04-08 15:25:23,730 - [MainProcess:2982] mummi_ras.online.simulation:has_computed_enough:352 - INFO - runtime_hours*0.99 = 0.495 vs delta_time = 0.16188180956575607 (length 17.0 ns) False False
2025-04-08 15:25:25,737 - [MainProcess:2982] mummi_ras.online.simulation:has_computed_enough:352 - INFO - runtime_hours*0.99 = 0.495 vs delta_time = 0.1624391665061315 (length 17.0 ns) False False
2025-04-08 15:25:27,743 - [MainProcess:2982] mummi_ras.online.simulation:has_computed_enough:352 - INFO - runtime_hours*0.99 = 0.495 vs delta_time = 0.1629964730474684 (length 17.0 ns) False False
2025-04-08 15:25:29,750 - [MainProcess:2982] mummi_ras.online.simulation:has_computed_enough:352 - INFO - runtime_hours*0.99 = 0.495 vs delta_time = 0.16355377342965868 (length 17.0 ns) False False
2025-04-08 15:25:31,756 - [MainProcess:2982] mummi_ras.online.simulation:has_computed_enough:352 - INFO - runtime_hours*0.99 = 0.495 vs delta_time = 0.1641110971238878 (length 17.0 ns) False False
2025-04-08 15:25:33,762 - [MainProcess:2982] mummi_ras.online.simulation:has_computed_enough:352 - INFO - runtime_hours*0.99 = 0.495 vs delta_time = 0.16466839498943753 (length 17.0 ns) False False
2025-04-08 15:25:35,769 - [MainProcess:2982] mummi_ras.online.simulation:has_computed_enough:352 - INFO - runtime_hours*0.99 = 0.495 vs delta_time = 0.165225713385476 (length 17.0 ns) False False
2025-04-08 15:25:37,775 - [MainProcess:2982] mummi_ras.online.simulation:has_computed_enough:352 - INFO - runtime_hours*0.99 = 0.495 vs delta_time = 0.1657830435699887 (length 17.0 ns) False False
2025-04-08 15:25:39,781 - [MainProcess:2982] mummi_ras.online.simulation:has_computed_enough:352 - INFO - runtime_hours*0.99 = 0.495 vs delta_time = 0.16634034686618382 (length 17.0 ns) False False
2025-04-08 15:25:39,835 - [MainProcess:2982] mummi_ras.online.simulation:get_new_frames:399 - INFO - Getting all frame numbers in trajectory from 35 to 35.
2025-04-08 15:25:39,835 - [MainProcess:2982] mummi_ras.online.cg.cganalysis:run_main_analysis:193 - INFO - Process frame 35
2025-04-08 15:25:39,835 - [MainProcess:2982] mummi_ras.online.cg.cganalysis:processFrame:554 - INFO - Load 36 frames: current frame ID /tmp/mummi/cg/structure_iter00_000000000004-20250408_151519/traj_comp.xtc
2025-04-08 15:25:39,846 - [MainProcess:2982] mummi_ras.online.cg.cganalysis:processFrame:580 - INFO - Frame:    35, Time: 17500.000 ps, Bbox = [0, 180.24443, 0, 180.24443]
2025-04-08 15:25:39,847 - [MainProcess:2982] mummi_ras.online.cg.cganalysis:processFrame:584 - INFO - Lengths of layers: 655 44 486
2025-04-08 15:25:39,950 - [MainProcess:2982] mummi_ras.online.cg.cganalysis:processFrame:765 - INFO - Time for analysis - frameNum 35, time 0.11437606811523438 s
2025-04-08 15:25:41,950 - [MainProcess:2982] mummi_ras.online.simulation:has_computed_enough:352 - INFO - runtime_hours*0.99 = 0.495 vs delta_time = 0.16694286346435547 (length 17.5 ns) False False
2025-04-08 15:25:43,957 - [MainProcess:2982] mummi_ras.online.simulation:has_computed_enough:352 - INFO - runtime_hours*0.99 = 0.495 vs delta_time = 0.16750020457638634 (length 17.5 ns) False False
2025-04-08 15:25:45,963 - [MainProcess:2982] mummi_ras.online.simulation:has_computed_enough:352 - INFO - runtime_hours*0.99 = 0.495 vs delta_time = 0.16805754767523873 (length 17.5 ns) False False
2025-04-08 15:25:47,970 - [MainProcess:2982] mummi_ras.online.simulation:has_computed_enough:352 - INFO - runtime_hours*0.99 = 0.495 vs delta_time = 0.16861488474739922 (length 17.5 ns) False False
2025-04-08 15:25:49,976 - [MainProcess:2982] mummi_ras.online.simulation:has_computed_enough:352 - INFO - runtime_hours*0.99 = 0.495 vs delta_time = 0.16917218976550633 (length 17.5 ns) False False
2025-04-08 15:25:51,982 - [MainProcess:2982] mummi_ras.online.simulation:has_computed_enough:352 - INFO - runtime_hours*0.99 = 0.495 vs delta_time = 0.16972952902317048 (length 17.5 ns) False False
2025-04-08 15:25:53,989 - [MainProcess:2982] mummi_ras.online.simulation:has_computed_enough:352 - INFO - runtime_hours*0.99 = 0.495 vs delta_time = 0.17028682510058085 (length 17.5 ns) False False
2025-04-08 15:25:55,995 - [MainProcess:2982] mummi_ras.online.simulation:has_computed_enough:352 - INFO - runtime_hours*0.99 = 0.495 vs delta_time = 0.17084412389331394 (length 17.5 ns) False False
2025-04-08 15:25:56,049 - [MainProcess:2982] mummi_ras.online.simulation:get_new_frames:399 - INFO - Getting all frame numbers in trajectory from 36 to 36.
2025-04-08 15:25:56,049 - [MainProcess:2982] mummi_ras.online.cg.cganalysis:run_main_analysis:193 - INFO - Process frame 36
2025-04-08 15:25:56,050 - [MainProcess:2982] mummi_ras.online.cg.cganalysis:processFrame:554 - INFO - Load 37 frames: current frame ID /tmp/mummi/cg/structure_iter00_000000000004-20250408_151519/traj_comp.xtc
2025-04-08 15:25:56,061 - [MainProcess:2982] mummi_ras.online.cg.cganalysis:processFrame:580 - INFO - Frame:    36, Time: 18000.000 ps, Bbox = [0, 179.6554, 0, 179.6554]
2025-04-08 15:25:56,061 - [MainProcess:2982] mummi_ras.online.cg.cganalysis:processFrame:584 - INFO - Lengths of layers: 660 40 485
2025-04-08 15:25:56,164 - [MainProcess:2982] mummi_ras.online.cg.cganalysis:processFrame:765 - INFO - Time for analysis - frameNum 36, time 0.11427736282348633 s
2025-04-08 15:25:58,164 - [MainProcess:2982] mummi_ras.online.simulation:has_computed_enough:352 - INFO - runtime_hours*0.99 = 0.495 vs delta_time = 0.17144680851035649 (length 18.0 ns) False False
2025-04-08 15:26:00,171 - [MainProcess:2982] mummi_ras.online.simulation:has_computed_enough:352 - INFO - runtime_hours*0.99 = 0.495 vs delta_time = 0.1720041756497489 (length 18.0 ns) False False
2025-04-08 15:26:02,177 - [MainProcess:2982] mummi_ras.online.simulation:has_computed_enough:352 - INFO - runtime_hours*0.99 = 0.495 vs delta_time = 0.17256147238943312 (length 18.0 ns) False False
2025-04-08 15:26:04,184 - [MainProcess:2982] mummi_ras.online.simulation:has_computed_enough:352 - INFO - runtime_hours*0.99 = 0.495 vs delta_time = 0.17311880383226608 (length 18.0 ns) False False
2025-04-08 15:26:06,190 - [MainProcess:2982] mummi_ras.online.simulation:has_computed_enough:352 - INFO - runtime_hours*0.99 = 0.495 vs delta_time = 0.1736761130889257 (length 18.0 ns) False False
2025-04-08 15:26:08,196 - [MainProcess:2982] mummi_ras.online.simulation:has_computed_enough:352 - INFO - runtime_hours*0.99 = 0.495 vs delta_time = 0.1742333871126175 (length 18.0 ns) False False
2025-04-08 15:26:10,203 - [MainProcess:2982] mummi_ras.online.simulation:has_computed_enough:352 - INFO - runtime_hours*0.99 = 0.495 vs delta_time = 0.1747907135883967 (length 18.0 ns) False False
2025-04-08 15:26:12,209 - [MainProcess:2982] mummi_ras.online.simulation:has_computed_enough:352 - INFO - runtime_hours*0.99 = 0.495 vs delta_time = 0.17534804940223694 (length 18.0 ns) False False
2025-04-08 15:26:14,215 - [MainProcess:2982] mummi_ras.online.simulation:has_computed_enough:352 - INFO - runtime_hours*0.99 = 0.495 vs delta_time = 0.1759053532944785 (length 18.0 ns) False False
2025-04-08 15:26:14,268 - [MainProcess:2982] mummi_ras.online.simulation:get_new_frames:399 - INFO - Getting all frame numbers in trajectory from 37 to 37.
2025-04-08 15:26:14,268 - [MainProcess:2982] mummi_ras.online.cg.cganalysis:run_main_analysis:193 - INFO - Process frame 37
2025-04-08 15:26:14,268 - [MainProcess:2982] mummi_ras.online.cg.cganalysis:processFrame:554 - INFO - Load 38 frames: current frame ID /tmp/mummi/cg/structure_iter00_000000000004-20250408_151519/traj_comp.xtc
2025-04-08 15:26:14,279 - [MainProcess:2982] mummi_ras.online.cg.cganalysis:processFrame:580 - INFO - Frame:    37, Time: 18500.000 ps, Bbox = [0, 179.8013, 0, 179.8013]
2025-04-08 15:26:14,279 - [MainProcess:2982] mummi_ras.online.cg.cganalysis:processFrame:584 - INFO - Lengths of layers: 654 43 488
2025-04-08 15:26:14,382 - [MainProcess:2982] mummi_ras.online.cg.cganalysis:processFrame:765 - INFO - Time for analysis - frameNum 37, time 0.11431431770324707 s
2025-04-08 15:26:16,383 - [MainProcess:2982] mummi_ras.online.simulation:has_computed_enough:352 - INFO - runtime_hours*0.99 = 0.495 vs delta_time = 0.17650748703214858 (length 18.5 ns) False False
2025-04-08 15:26:18,389 - [MainProcess:2982] mummi_ras.online.simulation:has_computed_enough:352 - INFO - runtime_hours*0.99 = 0.495 vs delta_time = 0.17706484536329906 (length 18.5 ns) False False
2025-04-08 15:26:20,396 - [MainProcess:2982] mummi_ras.online.simulation:has_computed_enough:352 - INFO - runtime_hours*0.99 = 0.495 vs delta_time = 0.17762221309873794 (length 18.5 ns) False False
2025-04-08 15:26:22,402 - [MainProcess:2982] mummi_ras.online.simulation:has_computed_enough:352 - INFO - runtime_hours*0.99 = 0.495 vs delta_time = 0.17817952361371783 (length 18.5 ns) False False
2025-04-08 15:26:24,408 - [MainProcess:2982] mummi_ras.online.simulation:has_computed_enough:352 - INFO - runtime_hours*0.99 = 0.495 vs delta_time = 0.17873680445883008 (length 18.5 ns) False False
2025-04-08 15:26:26,415 - [MainProcess:2982] mummi_ras.online.simulation:has_computed_enough:352 - INFO - runtime_hours*0.99 = 0.495 vs delta_time = 0.17929413596789043 (length 18.5 ns) False False
2025-04-08 15:26:28,421 - [MainProcess:2982] mummi_ras.online.simulation:has_computed_enough:352 - INFO - runtime_hours*0.99 = 0.495 vs delta_time = 0.17985142939620546 (length 18.5 ns) False False
2025-04-08 15:26:30,427 - [MainProcess:2982] mummi_ras.online.simulation:has_computed_enough:352 - INFO - runtime_hours*0.99 = 0.495 vs delta_time = 0.18040872229470148 (length 18.5 ns) False False
2025-04-08 15:26:30,480 - [MainProcess:2982] mummi_ras.online.simulation:get_new_frames:399 - INFO - Getting all frame numbers in trajectory from 38 to 38.
2025-04-08 15:26:30,480 - [MainProcess:2982] mummi_ras.online.cg.cganalysis:run_main_analysis:193 - INFO - Process frame 38
2025-04-08 15:26:30,480 - [MainProcess:2982] mummi_ras.online.cg.cganalysis:processFrame:554 - INFO - Load 39 frames: current frame ID /tmp/mummi/cg/structure_iter00_000000000004-20250408_151519/traj_comp.xtc
2025-04-08 15:26:30,491 - [MainProcess:2982] mummi_ras.online.cg.cganalysis:processFrame:580 - INFO - Frame:    38, Time: 19000.000 ps, Bbox = [0, 180.68512, 0, 180.68512]
2025-04-08 15:26:30,491 - [MainProcess:2982] mummi_ras.online.cg.cganalysis:processFrame:584 - INFO - Lengths of layers: 659 39 487
2025-04-08 15:26:30,594 - [MainProcess:2982] mummi_ras.online.cg.cganalysis:processFrame:765 - INFO - Time for analysis - frameNum 38, time 0.11412358283996582 s
2025-04-08 15:26:32,595 - [MainProcess:2982] mummi_ras.online.simulation:has_computed_enough:352 - INFO - runtime_hours*0.99 = 0.495 vs delta_time = 0.18101077675819396 (length 19.0 ns) False False
2025-04-08 15:26:34,601 - [MainProcess:2982] mummi_ras.online.simulation:has_computed_enough:352 - INFO - runtime_hours*0.99 = 0.495 vs delta_time = 0.1815681556198332 (length 19.0 ns) False False
2025-04-08 15:26:36,608 - [MainProcess:2982] mummi_ras.online.simulation:has_computed_enough:352 - INFO - runtime_hours*0.99 = 0.495 vs delta_time = 0.18212546408176422 (length 19.0 ns) False False
2025-04-08 15:26:38,614 - [MainProcess:2982] mummi_ras.online.simulation:has_computed_enough:352 - INFO - runtime_hours*0.99 = 0.495 vs delta_time = 0.18268275737762452 (length 19.0 ns) False False
2025-04-08 15:26:40,620 - [MainProcess:2982] mummi_ras.online.simulation:has_computed_enough:352 - INFO - runtime_hours*0.99 = 0.495 vs delta_time = 0.18324009438355765 (length 19.0 ns) False False
2025-04-08 15:26:42,627 - [MainProcess:2982] mummi_ras.online.simulation:has_computed_enough:352 - INFO - runtime_hours*0.99 = 0.495 vs delta_time = 0.18379743377367655 (length 19.0 ns) False False
2025-04-08 15:26:44,633 - [MainProcess:2982] mummi_ras.online.simulation:has_computed_enough:352 - INFO - runtime_hours*0.99 = 0.495 vs delta_time = 0.18435475130875906 (length 19.0 ns) False False
2025-04-08 15:26:46,639 - [MainProcess:2982] mummi_ras.online.simulation:has_computed_enough:352 - INFO - runtime_hours*0.99 = 0.495 vs delta_time = 0.1849120741420322 (length 19.0 ns) False False
2025-04-08 15:26:46,694 - [MainProcess:2982] mummi_ras.online.simulation:get_new_frames:399 - INFO - Getting all frame numbers in trajectory from 39 to 39.
2025-04-08 15:26:46,694 - [MainProcess:2982] mummi_ras.online.cg.cganalysis:run_main_analysis:193 - INFO - Process frame 39
2025-04-08 15:26:46,694 - [MainProcess:2982] mummi_ras.online.cg.cganalysis:processFrame:554 - INFO - Load 40 frames: current frame ID /tmp/mummi/cg/structure_iter00_000000000004-20250408_151519/traj_comp.xtc
2025-04-08 15:26:46,705 - [MainProcess:2982] mummi_ras.online.cg.cganalysis:processFrame:580 - INFO - Frame:    39, Time: 19500.000 ps, Bbox = [0, 180.54933, 0, 180.54933]
2025-04-08 15:26:46,705 - [MainProcess:2982] mummi_ras.online.cg.cganalysis:processFrame:584 - INFO - Lengths of layers: 658 38 489
2025-04-08 15:26:46,809 - [MainProcess:2982] mummi_ras.online.cg.cganalysis:processFrame:765 - INFO - Time for analysis - frameNum 39, time 0.11492705345153809 s
2025-04-08 15:26:48,809 - [MainProcess:2982] mummi_ras.online.simulation:has_computed_enough:352 - INFO - runtime_hours*0.99 = 0.495 vs delta_time = 0.1855148637957043 (length 19.5 ns) False False
2025-04-08 15:26:48,816 - [MainProcess:2982] mummi_ras.online.cg.cganalysis:processOutput:92 - INFO - Add feedback for frameNum 30 - state []
2025-04-08 15:26:48,816 - [MainProcess:2982] mummi_ras.online.cg.cganalysis:processOutput:92 - INFO - Add feedback for frameNum 31 - state []
2025-04-08 15:26:48,816 - [MainProcess:2982] mummi_ras.online.cg.cganalysis:processOutput:92 - INFO - Add feedback for frameNum 32 - state []
2025-04-08 15:26:48,816 - [MainProcess:2982] mummi_ras.online.cg.cganalysis:processOutput:92 - INFO - Add feedback for frameNum 33 - state []
2025-04-08 15:26:48,817 - [MainProcess:2982] mummi_ras.online.cg.cganalysis:processOutput:92 - INFO - Add feedback for frameNum 34 - state []
2025-04-08 15:26:48,817 - [MainProcess:2982] mummi_ras.online.cg.cganalysis:processOutput:92 - INFO - Add feedback for frameNum 35 - state []
2025-04-08 15:26:48,817 - [MainProcess:2982] mummi_ras.online.cg.cganalysis:processOutput:92 - INFO - Add feedback for frameNum 36 - state []
2025-04-08 15:26:48,817 - [MainProcess:2982] mummi_ras.online.cg.cganalysis:processOutput:92 - INFO - Add feedback for frameNum 37 - state []
2025-04-08 15:26:48,817 - [MainProcess:2982] mummi_ras.online.cg.cganalysis:processOutput:92 - INFO - Add feedback for frameNum 38 - state []
2025-04-08 15:26:48,817 - [MainProcess:2982] mummi_ras.online.cg.cganalysis:processOutput:92 - INFO - Add feedback for frameNum 39 - state []
2025-04-08 15:26:48,832 - [MainProcess:2982] mummi_core.interfaces.simple:_save_files:91 - INFO - Wrote 10 files to (/p/gpfs1/pottier1/minimummi-sc25/roots/root1/feedback-cg2ml/004)
2025-04-08 15:26:48,832 - [MainProcess:2982] mummi_ras.feedback.feedback_manager_cg2ml:report:118 - INFO - Added 10 frames (from structure_iter00_000000000004) to feedback (/p/gpfs1/pottier1/minimummi-sc25/roots/root1/feedback-cg2ml)
2025-04-08 15:26:48,833 - [MainProcess:2982] mummi_ras.online.cg.cganalysis:processOutput:112 - INFO - processOutput: 39
2025-04-08 15:26:48,833 - [MainProcess:2982] mummi_ras.online.cg.cganalysis:copyRemoteRestart:452 - INFO - Copy to remote frames [30, 31, 32, 33, 34, 35, 36, 37, 38, 39]
sending incremental file list
rsync: link_stat "/tmp/mummi/cg/structure_iter00_000000000004-20250408_151519/state.cpt" failed: No such file or directory (2)
ener.edr
md.log
mdrun.log
traj_comp.xtc

sent 8,720,602 bytes  received 92 bytes  17,441,388.00 bytes/sec
total size is 10,423,624  speedup is 1.20
rsync error: some files/attrs were not transferred (see previous errors) (code 23) at main.c(1179) [sender=3.1.2]
2025-04-08 15:26:48,917 - [MainProcess:2982] mummi_core.utils.utilities:sys_call:184 - INFO - Run command: rsync -va --no-g traj_comp.xtc topol.tpr state.cpt ener.edr md.log mdrun.log /p/gpfs1/pottier1/minimummi-sc25/roots/root1/sims-cg/structure_iter00_000000000004 || true
2025-04-08 15:26:49,361 - [MainProcess:2982] mummi_ras.interfaces.mummi:save_analysis_data:253 - INFO - Saved all analysis data for frames [30, 31, 32, 33, 34, 35, 36, 37, 38, 39]
2025-04-08 15:26:49,361 - [MainProcess:2982] mummi_ras.online.cg.cganalysis:copyRemoteLogs:350 - INFO - Copy over log files
2025-04-08 15:26:49,400 - [MainProcess:2982] mummi_core.utils.utilities:sys_call:184 - INFO - Run command: cp -r  /tmp/mummi/cg/structure_iter00_000000000004-20250408_151519/cg_analysis.out /tmp/mummi/cg/structure_iter00_000000000004-20250408_151519/traj_comp.xtc /tmp/mummi/cg/structure_iter00_000000000004-20250408_151519/*.log /p/gpfs1/pottier1/minimummi-sc25/roots/root1/sims-cg/structure_iter00_000000000004/ || true
2025-04-08 15:26:49,400 - [MainProcess:2982] mummi_ras.online.cg.cganalysis:copyRemoteLogs:365 - INFO - copyRemoteLogs =  /tmp/mummi/cg/structure_iter00_000000000004-20250408_151519/cg_analysis.out /tmp/mummi/cg/structure_iter00_000000000004-20250408_151519/traj_comp.xtc /tmp/mummi/cg/structure_iter00_000000000004-20250408_151519/*.log
2025-04-08 15:26:49,400 - [MainProcess:2982] mummi_ras.online.cg.cganalysis:cleanupLocal:375 - WARNING - Copy cleanup local only works for ddcMD files
2025-04-08 15:26:51,401 - [MainProcess:2982] mummi_ras.online.simulation:has_computed_enough:352 - INFO - runtime_hours*0.99 = 0.495 vs delta_time = 0.1862346687581804 (length 19.5 ns) False False
2025-04-08 15:26:53,407 - [MainProcess:2982] mummi_ras.online.simulation:has_computed_enough:352 - INFO - runtime_hours*0.99 = 0.495 vs delta_time = 0.18679198834631178 (length 19.5 ns) False False
2025-04-08 15:26:55,413 - [MainProcess:2982] mummi_ras.online.simulation:has_computed_enough:352 - INFO - runtime_hours*0.99 = 0.495 vs delta_time = 0.18734925501876407 (length 19.5 ns) False False
2025-04-08 15:26:57,420 - [MainProcess:2982] mummi_ras.online.simulation:has_computed_enough:352 - INFO - runtime_hours*0.99 = 0.495 vs delta_time = 0.18790656023555333 (length 19.5 ns) False False
2025-04-08 15:26:59,426 - [MainProcess:2982] mummi_ras.online.simulation:has_computed_enough:352 - INFO - runtime_hours*0.99 = 0.495 vs delta_time = 0.18846383816666074 (length 19.5 ns) False False
2025-04-08 15:27:01,432 - [MainProcess:2982] mummi_ras.online.simulation:has_computed_enough:352 - INFO - runtime_hours*0.99 = 0.495 vs delta_time = 0.18902116643057928 (length 19.5 ns) False False
2025-04-08 15:27:03,438 - [MainProcess:2982] mummi_ras.online.simulation:has_computed_enough:352 - INFO - runtime_hours*0.99 = 0.495 vs delta_time = 0.18957845509052276 (length 19.5 ns) False False
2025-04-08 15:27:05,445 - [MainProcess:2982] mummi_ras.online.simulation:has_computed_enough:352 - INFO - runtime_hours*0.99 = 0.495 vs delta_time = 0.19013576136695015 (length 19.5 ns) False False
2025-04-08 15:27:05,499 - [MainProcess:2982] mummi_ras.online.simulation:get_new_frames:399 - INFO - Getting all frame numbers in trajectory from 40 to 40.
2025-04-08 15:27:05,499 - [MainProcess:2982] mummi_ras.online.cg.cganalysis:run_main_analysis:193 - INFO - Process frame 40
2025-04-08 15:27:05,499 - [MainProcess:2982] mummi_ras.online.cg.cganalysis:processFrame:554 - INFO - Load 41 frames: current frame ID /tmp/mummi/cg/structure_iter00_000000000004-20250408_151519/traj_comp.xtc
2025-04-08 15:27:05,510 - [MainProcess:2982] mummi_ras.online.cg.cganalysis:processFrame:580 - INFO - Frame:    40, Time: 20000.000 ps, Bbox = [0, 181.02739, 0, 181.02739]
2025-04-08 15:27:05,510 - [MainProcess:2982] mummi_ras.online.cg.cganalysis:processFrame:584 - INFO - Lengths of layers: 656 41 488
2025-04-08 15:27:05,612 - [MainProcess:2982] mummi_ras.online.cg.cganalysis:processFrame:765 - INFO - Time for analysis - frameNum 40, time 0.11263418197631836 s
2025-04-08 15:27:07,612 - [MainProcess:2982] mummi_ras.online.simulation:has_computed_enough:352 - INFO - runtime_hours*0.99 = 0.495 vs delta_time = 0.19073787682586246 (length 20.0 ns) False False
2025-04-08 15:27:09,619 - [MainProcess:2982] mummi_ras.online.simulation:has_computed_enough:352 - INFO - runtime_hours*0.99 = 0.495 vs delta_time = 0.1912952097919252 (length 20.0 ns) False False
2025-04-08 15:27:11,625 - [MainProcess:2982] mummi_ras.online.simulation:has_computed_enough:352 - INFO - runtime_hours*0.99 = 0.495 vs delta_time = 0.19185249732600318 (length 20.0 ns) False False
2025-04-08 15:27:13,631 - [MainProcess:2982] mummi_ras.online.simulation:has_computed_enough:352 - INFO - runtime_hours*0.99 = 0.495 vs delta_time = 0.19240977505842843 (length 20.0 ns) False False
2025-04-08 15:27:15,637 - [MainProcess:2982] mummi_ras.online.simulation:has_computed_enough:352 - INFO - runtime_hours*0.99 = 0.495 vs delta_time = 0.19296706822183396 (length 20.0 ns) False False
2025-04-08 15:27:17,644 - [MainProcess:2982] mummi_ras.online.simulation:has_computed_enough:352 - INFO - runtime_hours*0.99 = 0.495 vs delta_time = 0.19352439655197992 (length 20.0 ns) False False
2025-04-08 15:27:19,650 - [MainProcess:2982] mummi_ras.online.simulation:has_computed_enough:352 - INFO - runtime_hours*0.99 = 0.495 vs delta_time = 0.19408168256282807 (length 20.0 ns) False False
2025-04-08 15:27:21,657 - [MainProcess:2982] mummi_ras.online.simulation:has_computed_enough:352 - INFO - runtime_hours*0.99 = 0.495 vs delta_time = 0.19463905096054077 (length 20.0 ns) False False
2025-04-08 15:27:21,709 - [MainProcess:2982] mummi_ras.online.simulation:get_new_frames:399 - INFO - Getting all frame numbers in trajectory from 41 to 41.
2025-04-08 15:27:21,709 - [MainProcess:2982] mummi_ras.online.cg.cganalysis:run_main_analysis:193 - INFO - Process frame 41
2025-04-08 15:27:21,709 - [MainProcess:2982] mummi_ras.online.cg.cganalysis:processFrame:554 - INFO - Load 42 frames: current frame ID /tmp/mummi/cg/structure_iter00_000000000004-20250408_151519/traj_comp.xtc
2025-04-08 15:27:21,720 - [MainProcess:2982] mummi_ras.online.cg.cganalysis:processFrame:580 - INFO - Frame:    41, Time: 20500.000 ps, Bbox = [0, 179.91441, 0, 179.91441]
2025-04-08 15:27:21,721 - [MainProcess:2982] mummi_ras.online.cg.cganalysis:processFrame:584 - INFO - Lengths of layers: 655 45 485
2025-04-08 15:27:21,822 - [MainProcess:2982] mummi_ras.online.cg.cganalysis:processFrame:765 - INFO - Time for analysis - frameNum 41, time 0.11284852027893066 s
2025-04-08 15:27:23,823 - [MainProcess:2982] mummi_ras.online.simulation:has_computed_enough:352 - INFO - runtime_hours*0.99 = 0.495 vs delta_time = 0.19524078322781457 (length 20.5 ns) False False
2025-04-08 15:27:25,829 - [MainProcess:2982] mummi_ras.online.simulation:has_computed_enough:352 - INFO - runtime_hours*0.99 = 0.495 vs delta_time = 0.19579816063245137 (length 20.5 ns) False False
2025-04-08 15:27:27,836 - [MainProcess:2982] mummi_ras.online.simulation:has_computed_enough:352 - INFO - runtime_hours*0.99 = 0.495 vs delta_time = 0.19635550810231103 (length 20.5 ns) False False
2025-04-08 15:27:29,842 - [MainProcess:2982] mummi_ras.online.simulation:has_computed_enough:352 - INFO - runtime_hours*0.99 = 0.495 vs delta_time = 0.19691281060377758 (length 20.5 ns) False False
2025-04-08 15:27:31,848 - [MainProcess:2982] mummi_ras.online.simulation:has_computed_enough:352 - INFO - runtime_hours*0.99 = 0.495 vs delta_time = 0.197470123635398 (length 20.5 ns) False False
2025-04-08 15:27:33,855 - [MainProcess:2982] mummi_ras.online.simulation:has_computed_enough:352 - INFO - runtime_hours*0.99 = 0.495 vs delta_time = 0.19802742024262746 (length 20.5 ns) False False
2025-04-08 15:27:35,861 - [MainProcess:2982] mummi_ras.online.simulation:has_computed_enough:352 - INFO - runtime_hours*0.99 = 0.495 vs delta_time = 0.19858474791049957 (length 20.5 ns) False False
2025-04-08 15:27:37,867 - [MainProcess:2982] mummi_ras.online.simulation:has_computed_enough:352 - INFO - runtime_hours*0.99 = 0.495 vs delta_time = 0.199142024980651 (length 20.5 ns) False False
2025-04-08 15:27:37,919 - [MainProcess:2982] mummi_ras.online.simulation:get_new_frames:399 - INFO - Getting all frame numbers in trajectory from 42 to 42.
2025-04-08 15:27:37,920 - [MainProcess:2982] mummi_ras.online.cg.cganalysis:run_main_analysis:193 - INFO - Process frame 42
2025-04-08 15:27:37,920 - [MainProcess:2982] mummi_ras.online.cg.cganalysis:processFrame:554 - INFO - Load 43 frames: current frame ID /tmp/mummi/cg/structure_iter00_000000000004-20250408_151519/traj_comp.xtc
2025-04-08 15:27:37,931 - [MainProcess:2982] mummi_ras.online.cg.cganalysis:processFrame:580 - INFO - Frame:    42, Time: 21000.000 ps, Bbox = [0, 181.85822, 0, 181.85822]
2025-04-08 15:27:37,931 - [MainProcess:2982] mummi_ras.online.cg.cganalysis:processFrame:584 - INFO - Lengths of layers: 659 38 488
2025-04-08 15:27:38,035 - [MainProcess:2982] mummi_ras.online.cg.cganalysis:processFrame:765 - INFO - Time for analysis - frameNum 42, time 0.11578369140625 s
2025-04-08 15:27:40,036 - [MainProcess:2982] mummi_ras.online.simulation:has_computed_enough:352 - INFO - runtime_hours*0.99 = 0.495 vs delta_time = 0.1997444995906618 (length 21.0 ns) False False
2025-04-08 15:27:42,043 - [MainProcess:2982] mummi_ras.online.simulation:has_computed_enough:352 - INFO - runtime_hours*0.99 = 0.495 vs delta_time = 0.20030190010865528 (length 21.0 ns) False False
2025-04-08 15:27:44,049 - [MainProcess:2982] mummi_ras.online.simulation:has_computed_enough:352 - INFO - runtime_hours*0.99 = 0.495 vs delta_time = 0.20085919360319773 (length 21.0 ns) False False
2025-04-08 15:27:46,055 - [MainProcess:2982] mummi_ras.online.simulation:has_computed_enough:352 - INFO - runtime_hours*0.99 = 0.495 vs delta_time = 0.2014165300793118 (length 21.0 ns) False False
2025-04-08 15:27:48,062 - [MainProcess:2982] mummi_ras.online.simulation:has_computed_enough:352 - INFO - runtime_hours*0.99 = 0.495 vs delta_time = 0.20197386119100783 (length 21.0 ns) False False
2025-04-08 15:27:50,068 - [MainProcess:2982] mummi_ras.online.simulation:has_computed_enough:352 - INFO - runtime_hours*0.99 = 0.495 vs delta_time = 0.20253115660614437 (length 21.0 ns) False False
2025-04-08 15:27:52,074 - [MainProcess:2982] mummi_ras.online.simulation:has_computed_enough:352 - INFO - runtime_hours*0.99 = 0.495 vs delta_time = 0.2030884301662445 (length 21.0 ns) False False
2025-04-08 15:27:54,081 - [MainProcess:2982] mummi_ras.online.simulation:has_computed_enough:352 - INFO - runtime_hours*0.99 = 0.495 vs delta_time = 0.2036457163757748 (length 21.0 ns) False False
2025-04-08 15:27:56,087 - [MainProcess:2982] mummi_ras.online.simulation:has_computed_enough:352 - INFO - runtime_hours*0.99 = 0.495 vs delta_time = 0.20420303086439767 (length 21.0 ns) False False
2025-04-08 15:27:56,141 - [MainProcess:2982] mummi_ras.online.simulation:get_new_frames:399 - INFO - Getting all frame numbers in trajectory from 43 to 43.
2025-04-08 15:27:56,141 - [MainProcess:2982] mummi_ras.online.cg.cganalysis:run_main_analysis:193 - INFO - Process frame 43
2025-04-08 15:27:56,141 - [MainProcess:2982] mummi_ras.online.cg.cganalysis:processFrame:554 - INFO - Load 44 frames: current frame ID /tmp/mummi/cg/structure_iter00_000000000004-20250408_151519/traj_comp.xtc
2025-04-08 15:27:56,153 - [MainProcess:2982] mummi_ras.online.cg.cganalysis:processFrame:580 - INFO - Frame:    43, Time: 21500.000 ps, Bbox = [0, 181.1124, 0, 181.1124]
2025-04-08 15:27:56,153 - [MainProcess:2982] mummi_ras.online.cg.cganalysis:processFrame:584 - INFO - Lengths of layers: 656 38 491
2025-04-08 15:27:56,254 - [MainProcess:2982] mummi_ras.online.cg.cganalysis:processFrame:765 - INFO - Time for analysis - frameNum 43, time 0.11297082901000977 s
2025-04-08 15:27:58,255 - [MainProcess:2982] mummi_ras.online.simulation:has_computed_enough:352 - INFO - runtime_hours*0.99 = 0.495 vs delta_time = 0.2048052727513843 (length 21.5 ns) False False
2025-04-08 15:28:00,262 - [MainProcess:2982] mummi_ras.online.simulation:has_computed_enough:352 - INFO - runtime_hours*0.99 = 0.495 vs delta_time = 0.2053626623418596 (length 21.5 ns) False False
2025-04-08 15:28:02,268 - [MainProcess:2982] mummi_ras.online.simulation:has_computed_enough:352 - INFO - runtime_hours*0.99 = 0.495 vs delta_time = 0.20591997894975875 (length 21.5 ns) False False
2025-04-08 15:28:04,274 - [MainProcess:2982] mummi_ras.online.simulation:has_computed_enough:352 - INFO - runtime_hours*0.99 = 0.495 vs delta_time = 0.20647728542486826 (length 21.5 ns) False False
2025-04-08 15:28:06,280 - [MainProcess:2982] mummi_ras.online.simulation:has_computed_enough:352 - INFO - runtime_hours*0.99 = 0.495 vs delta_time = 0.20703459295961593 (length 21.5 ns) False False
2025-04-08 15:28:08,287 - [MainProcess:2982] mummi_ras.online.simulation:has_computed_enough:352 - INFO - runtime_hours*0.99 = 0.495 vs delta_time = 0.2075918838712904 (length 21.5 ns) False False
2025-04-08 15:28:10,293 - [MainProcess:2982] mummi_ras.online.simulation:has_computed_enough:352 - INFO - runtime_hours*0.99 = 0.495 vs delta_time = 0.20814916544490392 (length 21.5 ns) False False
2025-04-08 15:28:12,299 - [MainProcess:2982] mummi_ras.online.simulation:has_computed_enough:352 - INFO - runtime_hours*0.99 = 0.495 vs delta_time = 0.20870646781391566 (length 21.5 ns) False False
2025-04-08 15:28:12,353 - [MainProcess:2982] mummi_ras.online.simulation:get_new_frames:399 - INFO - Getting all frame numbers in trajectory from 44 to 44.
2025-04-08 15:28:12,353 - [MainProcess:2982] mummi_ras.online.cg.cganalysis:run_main_analysis:193 - INFO - Process frame 44
2025-04-08 15:28:12,353 - [MainProcess:2982] mummi_ras.online.cg.cganalysis:processFrame:554 - INFO - Load 45 frames: current frame ID /tmp/mummi/cg/structure_iter00_000000000004-20250408_151519/traj_comp.xtc
2025-04-08 15:28:12,364 - [MainProcess:2982] mummi_ras.online.cg.cganalysis:processFrame:580 - INFO - Frame:    44, Time: 22000.000 ps, Bbox = [0, 180.0474, 0, 180.0474]
2025-04-08 15:28:12,364 - [MainProcess:2982] mummi_ras.online.cg.cganalysis:processFrame:584 - INFO - Lengths of layers: 659 39 487
2025-04-08 15:28:12,466 - [MainProcess:2982] mummi_ras.online.cg.cganalysis:processFrame:765 - INFO - Time for analysis - frameNum 44, time 0.11269927024841309 s
2025-04-08 15:28:14,467 - [MainProcess:2982] mummi_ras.online.simulation:has_computed_enough:352 - INFO - runtime_hours*0.99 = 0.495 vs delta_time = 0.20930849856800504 (length 22.0 ns) False False
2025-04-08 15:28:16,473 - [MainProcess:2982] mummi_ras.online.simulation:has_computed_enough:352 - INFO - runtime_hours*0.99 = 0.495 vs delta_time = 0.20986584650145637 (length 22.0 ns) False False
2025-04-08 15:28:18,479 - [MainProcess:2982] mummi_ras.online.simulation:has_computed_enough:352 - INFO - runtime_hours*0.99 = 0.495 vs delta_time = 0.2104231729772356 (length 22.0 ns) False False
2025-04-08 15:28:20,486 - [MainProcess:2982] mummi_ras.online.simulation:has_computed_enough:352 - INFO - runtime_hours*0.99 = 0.495 vs delta_time = 0.2109804801808463 (length 22.0 ns) False False
2025-04-08 15:28:22,492 - [MainProcess:2982] mummi_ras.online.simulation:has_computed_enough:352 - INFO - runtime_hours*0.99 = 0.495 vs delta_time = 0.21153781440522937 (length 22.0 ns) False False
2025-04-08 15:28:24,498 - [MainProcess:2982] mummi_ras.online.simulation:has_computed_enough:352 - INFO - runtime_hours*0.99 = 0.495 vs delta_time = 0.21209511743651496 (length 22.0 ns) False False
2025-04-08 15:28:26,505 - [MainProcess:2982] mummi_ras.online.simulation:has_computed_enough:352 - INFO - runtime_hours*0.99 = 0.495 vs delta_time = 0.2126524293422699 (length 22.0 ns) False False
2025-04-08 15:28:28,511 - [MainProcess:2982] mummi_ras.online.simulation:has_computed_enough:352 - INFO - runtime_hours*0.99 = 0.495 vs delta_time = 0.21320977999104393 (length 22.0 ns) False False
2025-04-08 15:28:30,518 - [MainProcess:2982] mummi_ras.online.simulation:has_computed_enough:352 - INFO - runtime_hours*0.99 = 0.495 vs delta_time = 0.213767103155454 (length 22.0 ns) False False
2025-04-08 15:28:30,570 - [MainProcess:2982] mummi_ras.online.simulation:get_new_frames:399 - INFO - Getting all frame numbers in trajectory from 45 to 45.
2025-04-08 15:28:30,570 - [MainProcess:2982] mummi_ras.online.cg.cganalysis:run_main_analysis:193 - INFO - Process frame 45
2025-04-08 15:28:30,570 - [MainProcess:2982] mummi_ras.online.cg.cganalysis:processFrame:554 - INFO - Load 46 frames: current frame ID /tmp/mummi/cg/structure_iter00_000000000004-20250408_151519/traj_comp.xtc
2025-04-08 15:28:30,581 - [MainProcess:2982] mummi_ras.online.cg.cganalysis:processFrame:580 - INFO - Frame:    45, Time: 22500.000 ps, Bbox = [0, 180.35266, 0, 180.35266]
2025-04-08 15:28:30,581 - [MainProcess:2982] mummi_ras.online.cg.cganalysis:processFrame:584 - INFO - Lengths of layers: 655 46 484
2025-04-08 15:28:30,683 - [MainProcess:2982] mummi_ras.online.cg.cganalysis:processFrame:765 - INFO - Time for analysis - frameNum 45, time 0.11277580261230469 s
2025-04-08 15:28:32,684 - [MainProcess:2982] mummi_ras.online.simulation:has_computed_enough:352 - INFO - runtime_hours*0.99 = 0.495 vs delta_time = 0.21436881363391877 (length 22.5 ns) False False
2025-04-08 15:28:34,690 - [MainProcess:2982] mummi_ras.online.simulation:has_computed_enough:352 - INFO - runtime_hours*0.99 = 0.495 vs delta_time = 0.21492614540788862 (length 22.5 ns) False False
2025-04-08 15:28:36,696 - [MainProcess:2982] mummi_ras.online.simulation:has_computed_enough:352 - INFO - runtime_hours*0.99 = 0.495 vs delta_time = 0.21548345214790768 (length 22.5 ns) False False
2025-04-08 15:28:38,703 - [MainProcess:2982] mummi_ras.online.simulation:has_computed_enough:352 - INFO - runtime_hours*0.99 = 0.495 vs delta_time = 0.2160407649146186 (length 22.5 ns) False False
2025-04-08 15:28:40,709 - [MainProcess:2982] mummi_ras.online.simulation:has_computed_enough:352 - INFO - runtime_hours*0.99 = 0.495 vs delta_time = 0.21659807271427578 (length 22.5 ns) False False
2025-04-08 15:28:42,715 - [MainProcess:2982] mummi_ras.online.simulation:has_computed_enough:352 - INFO - runtime_hours*0.99 = 0.495 vs delta_time = 0.21715536687109205 (length 22.5 ns) False False
2025-04-08 15:28:44,722 - [MainProcess:2982] mummi_ras.online.simulation:has_computed_enough:352 - INFO - runtime_hours*0.99 = 0.495 vs delta_time = 0.21771266049808927 (length 22.5 ns) False False
2025-04-08 15:28:46,728 - [MainProcess:2982] mummi_ras.online.simulation:has_computed_enough:352 - INFO - runtime_hours*0.99 = 0.495 vs delta_time = 0.21826997498671213 (length 22.5 ns) False False
2025-04-08 15:28:46,780 - [MainProcess:2982] mummi_ras.online.simulation:get_new_frames:399 - INFO - Getting all frame numbers in trajectory from 46 to 46.
2025-04-08 15:28:46,780 - [MainProcess:2982] mummi_ras.online.cg.cganalysis:run_main_analysis:193 - INFO - Process frame 46
2025-04-08 15:28:46,780 - [MainProcess:2982] mummi_ras.online.cg.cganalysis:processFrame:554 - INFO - Load 47 frames: current frame ID /tmp/mummi/cg/structure_iter00_000000000004-20250408_151519/traj_comp.xtc
2025-04-08 15:28:46,791 - [MainProcess:2982] mummi_ras.online.cg.cganalysis:processFrame:580 - INFO - Frame:    46, Time: 23000.000 ps, Bbox = [0, 181.27863, 0, 181.27863]
2025-04-08 15:28:46,792 - [MainProcess:2982] mummi_ras.online.cg.cganalysis:processFrame:584 - INFO - Lengths of layers: 657 41 487
2025-04-08 15:28:46,893 - [MainProcess:2982] mummi_ras.online.cg.cganalysis:processFrame:765 - INFO - Time for analysis - frameNum 46, time 0.11245894432067871 s
2025-04-08 15:28:48,893 - [MainProcess:2982] mummi_ras.online.simulation:has_computed_enough:352 - INFO - runtime_hours*0.99 = 0.495 vs delta_time = 0.21887154042720794 (length 23.0 ns) False False
2025-04-08 15:28:50,900 - [MainProcess:2982] mummi_ras.online.simulation:has_computed_enough:352 - INFO - runtime_hours*0.99 = 0.495 vs delta_time = 0.21942887908882566 (length 23.0 ns) False False
2025-04-08 15:28:52,906 - [MainProcess:2982] mummi_ras.online.simulation:has_computed_enough:352 - INFO - runtime_hours*0.99 = 0.495 vs delta_time = 0.21998618013328977 (length 23.0 ns) False False
2025-04-08 15:28:54,912 - [MainProcess:2982] mummi_ras.online.simulation:has_computed_enough:352 - INFO - runtime_hours*0.99 = 0.495 vs delta_time = 0.22054348323080275 (length 23.0 ns) False False
2025-04-08 15:28:56,919 - [MainProcess:2982] mummi_ras.online.simulation:has_computed_enough:352 - INFO - runtime_hours*0.99 = 0.495 vs delta_time = 0.22110080103079477 (length 23.0 ns) False False
2025-04-08 15:28:58,925 - [MainProcess:2982] mummi_ras.online.simulation:has_computed_enough:352 - INFO - runtime_hours*0.99 = 0.495 vs delta_time = 0.22165808882978227 (length 23.0 ns) False False
2025-04-08 15:29:00,931 - [MainProcess:2982] mummi_ras.online.simulation:has_computed_enough:352 - INFO - runtime_hours*0.99 = 0.495 vs delta_time = 0.22221538046995798 (length 23.0 ns) False False
2025-04-08 15:29:02,938 - [MainProcess:2982] mummi_ras.online.simulation:has_computed_enough:352 - INFO - runtime_hours*0.99 = 0.495 vs delta_time = 0.22277269429630703 (length 23.0 ns) False False
2025-04-08 15:29:02,991 - [MainProcess:2982] mummi_ras.online.simulation:get_new_frames:399 - INFO - Getting all frame numbers in trajectory from 47 to 47.
2025-04-08 15:29:02,991 - [MainProcess:2982] mummi_ras.online.cg.cganalysis:run_main_analysis:193 - INFO - Process frame 47
2025-04-08 15:29:02,991 - [MainProcess:2982] mummi_ras.online.cg.cganalysis:processFrame:554 - INFO - Load 48 frames: current frame ID /tmp/mummi/cg/structure_iter00_000000000004-20250408_151519/traj_comp.xtc
2025-04-08 15:29:03,002 - [MainProcess:2982] mummi_ras.online.cg.cganalysis:processFrame:580 - INFO - Frame:    47, Time: 23500.000 ps, Bbox = [0, 181.42091, 0, 181.42091]
2025-04-08 15:29:03,003 - [MainProcess:2982] mummi_ras.online.cg.cganalysis:processFrame:584 - INFO - Lengths of layers: 657 45 483
2025-04-08 15:29:03,104 - [MainProcess:2982] mummi_ras.online.cg.cganalysis:processFrame:765 - INFO - Time for analysis - frameNum 47, time 0.11302876472473145 s
2025-04-08 15:29:05,105 - [MainProcess:2982] mummi_ras.online.simulation:has_computed_enough:352 - INFO - runtime_hours*0.99 = 0.495 vs delta_time = 0.22337473730246227 (length 23.5 ns) False False
2025-04-08 15:29:07,112 - [MainProcess:2982] mummi_ras.online.simulation:has_computed_enough:352 - INFO - runtime_hours*0.99 = 0.495 vs delta_time = 0.22393210874663458 (length 23.5 ns) False False
2025-04-08 15:29:09,118 - [MainProcess:2982] mummi_ras.online.simulation:has_computed_enough:352 - INFO - runtime_hours*0.99 = 0.495 vs delta_time = 0.22448942648039924 (length 23.5 ns) False False
2025-04-08 15:29:11,124 - [MainProcess:2982] mummi_ras.online.simulation:has_computed_enough:352 - INFO - runtime_hours*0.99 = 0.495 vs delta_time = 0.22504672633277045 (length 23.5 ns) False False
2025-04-08 15:29:13,130 - [MainProcess:2982] mummi_ras.online.simulation:has_computed_enough:352 - INFO - runtime_hours*0.99 = 0.495 vs delta_time = 0.2256040096282959 (length 23.5 ns) False False
2025-04-08 15:29:15,137 - [MainProcess:2982] mummi_ras.online.simulation:has_computed_enough:352 - INFO - runtime_hours*0.99 = 0.495 vs delta_time = 0.226161301334699 (length 23.5 ns) False False
2025-04-08 15:29:17,143 - [MainProcess:2982] mummi_ras.online.simulation:has_computed_enough:352 - INFO - runtime_hours*0.99 = 0.495 vs delta_time = 0.22671863158543903 (length 23.5 ns) False False
2025-04-08 15:29:19,149 - [MainProcess:2982] mummi_ras.online.simulation:has_computed_enough:352 - INFO - runtime_hours*0.99 = 0.495 vs delta_time = 0.22727594845824772 (length 23.5 ns) False False
2025-04-08 15:29:21,156 - [MainProcess:2982] mummi_ras.online.simulation:has_computed_enough:352 - INFO - runtime_hours*0.99 = 0.495 vs delta_time = 0.22783326817883384 (length 23.5 ns) False False
2025-04-08 15:29:21,209 - [MainProcess:2982] mummi_ras.online.simulation:get_new_frames:399 - INFO - Getting all frame numbers in trajectory from 48 to 48.
2025-04-08 15:29:21,209 - [MainProcess:2982] mummi_ras.online.cg.cganalysis:run_main_analysis:193 - INFO - Process frame 48
2025-04-08 15:29:21,210 - [MainProcess:2982] mummi_ras.online.cg.cganalysis:processFrame:554 - INFO - Load 49 frames: current frame ID /tmp/mummi/cg/structure_iter00_000000000004-20250408_151519/traj_comp.xtc
2025-04-08 15:29:21,221 - [MainProcess:2982] mummi_ras.online.cg.cganalysis:processFrame:580 - INFO - Frame:    48, Time: 24000.000 ps, Bbox = [0, 180.49643, 0, 180.49643]
2025-04-08 15:29:21,221 - [MainProcess:2982] mummi_ras.online.cg.cganalysis:processFrame:584 - INFO - Lengths of layers: 658 40 487
2025-04-08 15:29:21,323 - [MainProcess:2982] mummi_ras.online.cg.cganalysis:processFrame:765 - INFO - Time for analysis - frameNum 48, time 0.11304664611816406 s
2025-04-08 15:29:23,323 - [MainProcess:2982] mummi_ras.online.simulation:has_computed_enough:352 - INFO - runtime_hours*0.99 = 0.495 vs delta_time = 0.22843535290824044 (length 24.0 ns) False False
2025-04-08 15:29:25,330 - [MainProcess:2982] mummi_ras.online.simulation:has_computed_enough:352 - INFO - runtime_hours*0.99 = 0.495 vs delta_time = 0.22899271256393858 (length 24.0 ns) False False
2025-04-08 15:29:27,336 - [MainProcess:2982] mummi_ras.online.simulation:has_computed_enough:352 - INFO - runtime_hours*0.99 = 0.495 vs delta_time = 0.2295500088400311 (length 24.0 ns) False False
2025-04-08 15:29:29,342 - [MainProcess:2982] mummi_ras.online.simulation:has_computed_enough:352 - INFO - runtime_hours*0.99 = 0.495 vs delta_time = 0.23010729014873504 (length 24.0 ns) False False
2025-04-08 15:29:31,348 - [MainProcess:2982] mummi_ras.online.simulation:has_computed_enough:352 - INFO - runtime_hours*0.99 = 0.495 vs delta_time = 0.23066456370883517 (length 24.0 ns) False False
2025-04-08 15:29:33,355 - [MainProcess:2982] mummi_ras.online.simulation:has_computed_enough:352 - INFO - runtime_hours*0.99 = 0.495 vs delta_time = 0.23122189740339916 (length 24.0 ns) False False
2025-04-08 15:29:35,361 - [MainProcess:2982] mummi_ras.online.simulation:has_computed_enough:352 - INFO - runtime_hours*0.99 = 0.495 vs delta_time = 0.23177921487225425 (length 24.0 ns) False False
2025-04-08 15:29:37,368 - [MainProcess:2982] mummi_ras.online.simulation:has_computed_enough:352 - INFO - runtime_hours*0.99 = 0.495 vs delta_time = 0.23233654492431216 (length 24.0 ns) False False
2025-04-08 15:29:37,420 - [MainProcess:2982] mummi_ras.online.simulation:get_new_frames:399 - INFO - Getting all frame numbers in trajectory from 49 to 49.
2025-04-08 15:29:37,420 - [MainProcess:2982] mummi_ras.online.cg.cganalysis:run_main_analysis:193 - INFO - Process frame 49
2025-04-08 15:29:37,420 - [MainProcess:2982] mummi_ras.online.cg.cganalysis:processFrame:554 - INFO - Load 50 frames: current frame ID /tmp/mummi/cg/structure_iter00_000000000004-20250408_151519/traj_comp.xtc
2025-04-08 15:29:37,431 - [MainProcess:2982] mummi_ras.online.cg.cganalysis:processFrame:580 - INFO - Frame:    49, Time: 24500.000 ps, Bbox = [0, 181.4901, 0, 181.4901]
2025-04-08 15:29:37,431 - [MainProcess:2982] mummi_ras.online.cg.cganalysis:processFrame:584 - INFO - Lengths of layers: 657 40 488
2025-04-08 15:29:37,533 - [MainProcess:2982] mummi_ras.online.cg.cganalysis:processFrame:765 - INFO - Time for analysis - frameNum 49, time 0.11276412010192871 s
2025-04-08 15:29:39,534 - [MainProcess:2982] mummi_ras.online.simulation:has_computed_enough:352 - INFO - runtime_hours*0.99 = 0.495 vs delta_time = 0.23293824825021955 (length 24.5 ns) False False
2025-04-08 15:29:39,540 - [MainProcess:2982] mummi_ras.online.cg.cganalysis:processOutput:92 - INFO - Add feedback for frameNum 40 - state []
2025-04-08 15:29:39,540 - [MainProcess:2982] mummi_ras.online.cg.cganalysis:processOutput:92 - INFO - Add feedback for frameNum 41 - state []
2025-04-08 15:29:39,540 - [MainProcess:2982] mummi_ras.online.cg.cganalysis:processOutput:92 - INFO - Add feedback for frameNum 42 - state []
2025-04-08 15:29:39,540 - [MainProcess:2982] mummi_ras.online.cg.cganalysis:processOutput:92 - INFO - Add feedback for frameNum 43 - state []
2025-04-08 15:29:39,541 - [MainProcess:2982] mummi_ras.online.cg.cganalysis:processOutput:92 - INFO - Add feedback for frameNum 44 - state []
2025-04-08 15:29:39,541 - [MainProcess:2982] mummi_ras.online.cg.cganalysis:processOutput:92 - INFO - Add feedback for frameNum 45 - state []
2025-04-08 15:29:39,541 - [MainProcess:2982] mummi_ras.online.cg.cganalysis:processOutput:92 - INFO - Add feedback for frameNum 46 - state []
2025-04-08 15:29:39,541 - [MainProcess:2982] mummi_ras.online.cg.cganalysis:processOutput:92 - INFO - Add feedback for frameNum 47 - state []
2025-04-08 15:29:39,541 - [MainProcess:2982] mummi_ras.online.cg.cganalysis:processOutput:92 - INFO - Add feedback for frameNum 48 - state []
2025-04-08 15:29:39,541 - [MainProcess:2982] mummi_ras.online.cg.cganalysis:processOutput:92 - INFO - Add feedback for frameNum 49 - state []
2025-04-08 15:29:39,556 - [MainProcess:2982] mummi_core.interfaces.simple:_save_files:91 - INFO - Wrote 10 files to (/p/gpfs1/pottier1/minimummi-sc25/roots/root1/feedback-cg2ml/004)
2025-04-08 15:29:39,556 - [MainProcess:2982] mummi_ras.feedback.feedback_manager_cg2ml:report:118 - INFO - Added 10 frames (from structure_iter00_000000000004) to feedback (/p/gpfs1/pottier1/minimummi-sc25/roots/root1/feedback-cg2ml)
2025-04-08 15:29:39,556 - [MainProcess:2982] mummi_ras.online.cg.cganalysis:processOutput:112 - INFO - processOutput: 49
2025-04-08 15:29:39,557 - [MainProcess:2982] mummi_ras.online.cg.cganalysis:copyRemoteRestart:452 - INFO - Copy to remote frames [40, 41, 42, 43, 44, 45, 46, 47, 48, 49]
sending incremental file list
rsync: link_stat "/tmp/mummi/cg/structure_iter00_000000000004-20250408_151519/state.cpt" failed: No such file or directory (2)
ener.edr
md.log
mdrun.log
traj_comp.xtc

sent 10,894,608 bytes  received 92 bytes  21,789,400.00 bytes/sec
total size is 12,597,094  speedup is 1.16
rsync error: some files/attrs were not transferred (see previous errors) (code 23) at main.c(1179) [sender=3.1.2]
2025-04-08 15:29:39,685 - [MainProcess:2982] mummi_core.utils.utilities:sys_call:184 - INFO - Run command: rsync -va --no-g traj_comp.xtc topol.tpr state.cpt ener.edr md.log mdrun.log /p/gpfs1/pottier1/minimummi-sc25/roots/root1/sims-cg/structure_iter00_000000000004 || true
2025-04-08 15:29:40,124 - [MainProcess:2982] mummi_ras.interfaces.mummi:save_analysis_data:253 - INFO - Saved all analysis data for frames [40, 41, 42, 43, 44, 45, 46, 47, 48, 49]
2025-04-08 15:29:40,124 - [MainProcess:2982] mummi_ras.online.cg.cganalysis:copyRemoteLogs:350 - INFO - Copy over log files
2025-04-08 15:29:40,164 - [MainProcess:2982] mummi_core.utils.utilities:sys_call:184 - INFO - Run command: cp -r  /tmp/mummi/cg/structure_iter00_000000000004-20250408_151519/cg_analysis.out /tmp/mummi/cg/structure_iter00_000000000004-20250408_151519/traj_comp.xtc /tmp/mummi/cg/structure_iter00_000000000004-20250408_151519/*.log /p/gpfs1/pottier1/minimummi-sc25/roots/root1/sims-cg/structure_iter00_000000000004/ || true
2025-04-08 15:29:40,164 - [MainProcess:2982] mummi_ras.online.cg.cganalysis:copyRemoteLogs:365 - INFO - copyRemoteLogs =  /tmp/mummi/cg/structure_iter00_000000000004-20250408_151519/cg_analysis.out /tmp/mummi/cg/structure_iter00_000000000004-20250408_151519/traj_comp.xtc /tmp/mummi/cg/structure_iter00_000000000004-20250408_151519/*.log
2025-04-08 15:29:40,164 - [MainProcess:2982] mummi_ras.online.cg.cganalysis:cleanupLocal:375 - WARNING - Copy cleanup local only works for ddcMD files
2025-04-08 15:29:42,164 - [MainProcess:2982] mummi_ras.online.simulation:has_computed_enough:352 - INFO - runtime_hours*0.99 = 0.495 vs delta_time = 0.23366897616121504 (length 24.5 ns) False False
2025-04-08 15:29:44,171 - [MainProcess:2982] mummi_ras.online.simulation:has_computed_enough:352 - INFO - runtime_hours*0.99 = 0.495 vs delta_time = 0.23422629488839045 (length 24.5 ns) False False
2025-04-08 15:29:46,177 - [MainProcess:2982] mummi_ras.online.simulation:has_computed_enough:352 - INFO - runtime_hours*0.99 = 0.495 vs delta_time = 0.23478363540437486 (length 24.5 ns) False False
2025-04-08 15:29:48,183 - [MainProcess:2982] mummi_ras.online.simulation:has_computed_enough:352 - INFO - runtime_hours*0.99 = 0.495 vs delta_time = 0.2353409821457333 (length 24.5 ns) False False
2025-04-08 15:29:50,190 - [MainProcess:2982] mummi_ras.online.simulation:has_computed_enough:352 - INFO - runtime_hours*0.99 = 0.495 vs delta_time = 0.23589827603764005 (length 24.5 ns) False False
2025-04-08 15:29:52,196 - [MainProcess:2982] mummi_ras.online.simulation:has_computed_enough:352 - INFO - runtime_hours*0.99 = 0.495 vs delta_time = 0.2364555972152286 (length 24.5 ns) False False
2025-04-08 15:29:54,202 - [MainProcess:2982] mummi_ras.online.simulation:has_computed_enough:352 - INFO - runtime_hours*0.99 = 0.495 vs delta_time = 0.23701289388868543 (length 24.5 ns) False False
2025-04-08 15:29:54,255 - [MainProcess:2982] mummi_ras.online.simulation:get_new_frames:399 - INFO - Getting all frame numbers in trajectory from 50 to 50.
2025-04-08 15:29:54,255 - [MainProcess:2982] mummi_ras.online.cg.cganalysis:run_main_analysis:193 - INFO - Process frame 50
2025-04-08 15:29:54,255 - [MainProcess:2982] mummi_ras.online.cg.cganalysis:processFrame:554 - INFO - Load 51 frames: current frame ID /tmp/mummi/cg/structure_iter00_000000000004-20250408_151519/traj_comp.xtc
2025-04-08 15:29:54,267 - [MainProcess:2982] mummi_ras.online.cg.cganalysis:processFrame:580 - INFO - Frame:    50, Time: 25000.000 ps, Bbox = [0, 180.75706, 0, 180.75706]
2025-04-08 15:29:54,267 - [MainProcess:2982] mummi_ras.online.cg.cganalysis:processFrame:584 - INFO - Lengths of layers: 662 34 489
2025-04-08 15:29:54,370 - [MainProcess:2982] mummi_ras.online.cg.cganalysis:processFrame:765 - INFO - Time for analysis - frameNum 50, time 0.1148681640625 s
2025-04-08 15:29:56,371 - [MainProcess:2982] mummi_ras.online.simulation:has_computed_enough:352 - INFO - runtime_hours*0.99 = 0.495 vs delta_time = 0.2376152549849616 (length 25.0 ns) False False
2025-04-08 15:29:58,377 - [MainProcess:2982] mummi_ras.online.simulation:has_computed_enough:352 - INFO - runtime_hours*0.99 = 0.495 vs delta_time = 0.2381726184156206 (length 25.0 ns) False False
2025-04-08 15:30:00,384 - [MainProcess:2982] mummi_ras.online.simulation:has_computed_enough:352 - INFO - runtime_hours*0.99 = 0.495 vs delta_time = 0.23872995442814296 (length 25.0 ns) False False
2025-04-08 15:30:02,390 - [MainProcess:2982] mummi_ras.online.simulation:has_computed_enough:352 - INFO - runtime_hours*0.99 = 0.495 vs delta_time = 0.2392872585190667 (length 25.0 ns) False False
2025-04-08 15:30:04,397 - [MainProcess:2982] mummi_ras.online.simulation:has_computed_enough:352 - INFO - runtime_hours*0.99 = 0.495 vs delta_time = 0.2398446049955156 (length 25.0 ns) False False
2025-04-08 15:30:06,403 - [MainProcess:2982] mummi_ras.online.simulation:has_computed_enough:352 - INFO - runtime_hours*0.99 = 0.495 vs delta_time = 0.240401920610004 (length 25.0 ns) False False
2025-04-08 15:30:08,409 - [MainProcess:2982] mummi_ras.online.simulation:has_computed_enough:352 - INFO - runtime_hours*0.99 = 0.495 vs delta_time = 0.24095919423633153 (length 25.0 ns) False False
2025-04-08 15:30:10,415 - [MainProcess:2982] mummi_ras.online.simulation:has_computed_enough:352 - INFO - runtime_hours*0.99 = 0.495 vs delta_time = 0.2415165207783381 (length 25.0 ns) False False
2025-04-08 15:30:12,422 - [MainProcess:2982] mummi_ras.online.simulation:has_computed_enough:352 - INFO - runtime_hours*0.99 = 0.495 vs delta_time = 0.24207386036713918 (length 25.0 ns) False False
2025-04-08 15:30:12,478 - [MainProcess:2982] mummi_ras.online.simulation:get_new_frames:399 - INFO - Getting all frame numbers in trajectory from 51 to 51.
2025-04-08 15:30:12,478 - [MainProcess:2982] mummi_ras.online.cg.cganalysis:run_main_analysis:193 - INFO - Process frame 51
2025-04-08 15:30:12,478 - [MainProcess:2982] mummi_ras.online.cg.cganalysis:processFrame:554 - INFO - Load 52 frames: current frame ID /tmp/mummi/cg/structure_iter00_000000000004-20250408_151519/traj_comp.xtc
2025-04-08 15:30:12,490 - [MainProcess:2982] mummi_ras.online.cg.cganalysis:processFrame:580 - INFO - Frame:    51, Time: 25500.000 ps, Bbox = [0, 181.68654, 0, 181.68654]
2025-04-08 15:30:12,490 - [MainProcess:2982] mummi_ras.online.cg.cganalysis:processFrame:584 - INFO - Lengths of layers: 658 44 483
2025-04-08 15:30:12,593 - [MainProcess:2982] mummi_ras.online.cg.cganalysis:processFrame:765 - INFO - Time for analysis - frameNum 51, time 0.11467194557189941 s
2025-04-08 15:30:14,594 - [MainProcess:2982] mummi_ras.online.simulation:has_computed_enough:352 - INFO - runtime_hours*0.99 = 0.495 vs delta_time = 0.24267715950806937 (length 25.5 ns) False False
2025-04-08 15:30:16,600 - [MainProcess:2982] mummi_ras.online.simulation:has_computed_enough:352 - INFO - runtime_hours*0.99 = 0.495 vs delta_time = 0.24323455572128297 (length 25.5 ns) False False
2025-04-08 15:30:18,607 - [MainProcess:2982] mummi_ras.online.simulation:has_computed_enough:352 - INFO - runtime_hours*0.99 = 0.495 vs delta_time = 0.2437919302781423 (length 25.5 ns) False False
2025-04-08 15:30:20,613 - [MainProcess:2982] mummi_ras.online.simulation:has_computed_enough:352 - INFO - runtime_hours*0.99 = 0.495 vs delta_time = 0.2443492109907998 (length 25.5 ns) False False
2025-04-08 15:30:22,619 - [MainProcess:2982] mummi_ras.online.simulation:has_computed_enough:352 - INFO - runtime_hours*0.99 = 0.495 vs delta_time = 0.24490650236606598 (length 25.5 ns) False False
2025-04-08 15:30:24,626 - [MainProcess:2982] mummi_ras.online.simulation:has_computed_enough:352 - INFO - runtime_hours*0.99 = 0.495 vs delta_time = 0.24546380665567186 (length 25.5 ns) False False
2025-04-08 15:30:26,632 - [MainProcess:2982] mummi_ras.online.simulation:has_computed_enough:352 - INFO - runtime_hours*0.99 = 0.495 vs delta_time = 0.24602111392551 (length 25.5 ns) False False
2025-04-08 15:30:28,638 - [MainProcess:2982] mummi_ras.online.simulation:has_computed_enough:352 - INFO - runtime_hours*0.99 = 0.495 vs delta_time = 0.2465784442424774 (length 25.5 ns) False False
2025-04-08 15:30:28,692 - [MainProcess:2982] mummi_ras.online.simulation:get_new_frames:399 - INFO - Getting all frame numbers in trajectory from 52 to 52.
2025-04-08 15:30:28,692 - [MainProcess:2982] mummi_ras.online.cg.cganalysis:run_main_analysis:193 - INFO - Process frame 52
2025-04-08 15:30:28,692 - [MainProcess:2982] mummi_ras.online.cg.cganalysis:processFrame:554 - INFO - Load 53 frames: current frame ID /tmp/mummi/cg/structure_iter00_000000000004-20250408_151519/traj_comp.xtc
2025-04-08 15:30:28,704 - [MainProcess:2982] mummi_ras.online.cg.cganalysis:processFrame:580 - INFO - Frame:    52, Time: 26000.000 ps, Bbox = [0, 181.16194, 0, 181.16194]
2025-04-08 15:30:28,704 - [MainProcess:2982] mummi_ras.online.cg.cganalysis:processFrame:584 - INFO - Lengths of layers: 663 43 479
2025-04-08 15:30:28,807 - [MainProcess:2982] mummi_ras.online.cg.cganalysis:processFrame:765 - INFO - Time for analysis - frameNum 52, time 0.1148366928100586 s
2025-04-08 15:30:30,808 - [MainProcess:2982] mummi_ras.online.simulation:has_computed_enough:352 - INFO - runtime_hours*0.99 = 0.495 vs delta_time = 0.24718105720149147 (length 26.0 ns) False False
2025-04-08 15:30:32,814 - [MainProcess:2982] mummi_ras.online.simulation:has_computed_enough:352 - INFO - runtime_hours*0.99 = 0.495 vs delta_time = 0.24773841261863708 (length 26.0 ns) False False
2025-04-08 15:30:34,821 - [MainProcess:2982] mummi_ras.online.simulation:has_computed_enough:352 - INFO - runtime_hours*0.99 = 0.495 vs delta_time = 0.24829574061764612 (length 26.0 ns) False False
2025-04-08 15:30:36,827 - [MainProcess:2982] mummi_ras.online.simulation:has_computed_enough:352 - INFO - runtime_hours*0.99 = 0.495 vs delta_time = 0.24885304470856984 (length 26.0 ns) False False
2025-04-08 15:30:38,833 - [MainProcess:2982] mummi_ras.online.simulation:has_computed_enough:352 - INFO - runtime_hours*0.99 = 0.495 vs delta_time = 0.249410387939877 (length 26.0 ns) False False
2025-04-08 15:30:40,840 - [MainProcess:2982] mummi_ras.online.simulation:has_computed_enough:352 - INFO - runtime_hours*0.99 = 0.495 vs delta_time = 0.2499677136209276 (length 26.0 ns) False False
2025-04-08 15:30:42,846 - [MainProcess:2982] mummi_ras.online.simulation:has_computed_enough:352 - INFO - runtime_hours*0.99 = 0.495 vs delta_time = 0.25052502744727667 (length 26.0 ns) False False
2025-04-08 15:30:44,852 - [MainProcess:2982] mummi_ras.online.simulation:has_computed_enough:352 - INFO - runtime_hours*0.99 = 0.495 vs delta_time = 0.2510823349157969 (length 26.0 ns) False False
2025-04-08 15:30:46,859 - [MainProcess:2982] mummi_ras.online.simulation:has_computed_enough:352 - INFO - runtime_hours*0.99 = 0.495 vs delta_time = 0.2516397296057807 (length 26.0 ns) False False
2025-04-08 15:30:46,912 - [MainProcess:2982] mummi_ras.online.simulation:get_new_frames:399 - INFO - Getting all frame numbers in trajectory from 53 to 53.
2025-04-08 15:30:46,912 - [MainProcess:2982] mummi_ras.online.cg.cganalysis:run_main_analysis:193 - INFO - Process frame 53
2025-04-08 15:30:46,913 - [MainProcess:2982] mummi_ras.online.cg.cganalysis:processFrame:554 - INFO - Load 54 frames: current frame ID /tmp/mummi/cg/structure_iter00_000000000004-20250408_151519/traj_comp.xtc
2025-04-08 15:30:46,924 - [MainProcess:2982] mummi_ras.online.cg.cganalysis:processFrame:580 - INFO - Frame:    53, Time: 26500.000 ps, Bbox = [0, 180.86328, 0, 180.86328]
2025-04-08 15:30:46,924 - [MainProcess:2982] mummi_ras.online.cg.cganalysis:processFrame:584 - INFO - Lengths of layers: 664 43 478
2025-04-08 15:30:47,027 - [MainProcess:2982] mummi_ras.online.cg.cganalysis:processFrame:765 - INFO - Time for analysis - frameNum 53, time 0.11458992958068848 s
2025-04-08 15:30:49,028 - [MainProcess:2982] mummi_ras.online.simulation:has_computed_enough:352 - INFO - runtime_hours*0.99 = 0.495 vs delta_time = 0.25224218838744694 (length 26.5 ns) False False
2025-04-08 15:30:51,034 - [MainProcess:2982] mummi_ras.online.simulation:has_computed_enough:352 - INFO - runtime_hours*0.99 = 0.495 vs delta_time = 0.2527995381090376 (length 26.5 ns) False False
2025-04-08 15:30:53,041 - [MainProcess:2982] mummi_ras.online.simulation:has_computed_enough:352 - INFO - runtime_hours*0.99 = 0.495 vs delta_time = 0.2533568808105257 (length 26.5 ns) False False
2025-04-08 15:30:55,047 - [MainProcess:2982] mummi_ras.online.simulation:has_computed_enough:352 - INFO - runtime_hours*0.99 = 0.495 vs delta_time = 0.25391420318020713 (length 26.5 ns) False False
2025-04-08 15:30:57,053 - [MainProcess:2982] mummi_ras.online.simulation:has_computed_enough:352 - INFO - runtime_hours*0.99 = 0.495 vs delta_time = 0.2544714966747496 (length 26.5 ns) False False
2025-04-08 15:30:59,060 - [MainProcess:2982] mummi_ras.online.simulation:has_computed_enough:352 - INFO - runtime_hours*0.99 = 0.495 vs delta_time = 0.25502884434329137 (length 26.5 ns) False False
2025-04-08 15:31:01,066 - [MainProcess:2982] mummi_ras.online.simulation:has_computed_enough:352 - INFO - runtime_hours*0.99 = 0.495 vs delta_time = 0.2555861601564619 (length 26.5 ns) False False
2025-04-08 15:31:03,073 - [MainProcess:2982] mummi_ras.online.simulation:has_computed_enough:352 - INFO - runtime_hours*0.99 = 0.495 vs delta_time = 0.2561434928576152 (length 26.5 ns) False False
2025-04-08 15:31:03,125 - [MainProcess:2982] mummi_ras.online.simulation:get_new_frames:399 - INFO - Getting all frame numbers in trajectory from 54 to 54.
2025-04-08 15:31:03,126 - [MainProcess:2982] mummi_ras.online.cg.cganalysis:run_main_analysis:193 - INFO - Process frame 54
2025-04-08 15:31:03,126 - [MainProcess:2982] mummi_ras.online.cg.cganalysis:processFrame:554 - INFO - Load 55 frames: current frame ID /tmp/mummi/cg/structure_iter00_000000000004-20250408_151519/traj_comp.xtc
2025-04-08 15:31:03,137 - [MainProcess:2982] mummi_ras.online.cg.cganalysis:processFrame:580 - INFO - Frame:    54, Time: 27000.000 ps, Bbox = [0, 180.55081, 0, 180.55081]
2025-04-08 15:31:03,137 - [MainProcess:2982] mummi_ras.online.cg.cganalysis:processFrame:584 - INFO - Lengths of layers: 662 39 484
2025-04-08 15:31:03,241 - [MainProcess:2982] mummi_ras.online.cg.cganalysis:processFrame:765 - INFO - Time for analysis - frameNum 54, time 0.11476492881774902 s
2025-04-08 15:31:05,241 - [MainProcess:2982] mummi_ras.online.simulation:has_computed_enough:352 - INFO - runtime_hours*0.99 = 0.495 vs delta_time = 0.2567459123002158 (length 27.0 ns) False False
2025-04-08 15:31:07,248 - [MainProcess:2982] mummi_ras.online.simulation:has_computed_enough:352 - INFO - runtime_hours*0.99 = 0.495 vs delta_time = 0.25730328891012405 (length 27.0 ns) False False
2025-04-08 15:31:09,254 - [MainProcess:2982] mummi_ras.online.simulation:has_computed_enough:352 - INFO - runtime_hours*0.99 = 0.495 vs delta_time = 0.2578606349229813 (length 27.0 ns) False False
2025-04-08 15:31:11,261 - [MainProcess:2982] mummi_ras.online.simulation:has_computed_enough:352 - INFO - runtime_hours*0.99 = 0.495 vs delta_time = 0.2584179504712423 (length 27.0 ns) False False
2025-04-08 15:31:13,267 - [MainProcess:2982] mummi_ras.online.simulation:has_computed_enough:352 - INFO - runtime_hours*0.99 = 0.495 vs delta_time = 0.25897528992758856 (length 27.0 ns) False False
2025-04-08 15:31:15,273 - [MainProcess:2982] mummi_ras.online.simulation:has_computed_enough:352 - INFO - runtime_hours*0.99 = 0.495 vs delta_time = 0.25953260898590086 (length 27.0 ns) False False
2025-04-08 15:31:17,280 - [MainProcess:2982] mummi_ras.online.simulation:has_computed_enough:352 - INFO - runtime_hours*0.99 = 0.495 vs delta_time = 0.2600900060600705 (length 27.0 ns) False False
2025-04-08 15:31:19,286 - [MainProcess:2982] mummi_ras.online.simulation:has_computed_enough:352 - INFO - runtime_hours*0.99 = 0.495 vs delta_time = 0.26064736458990306 (length 27.0 ns) False False
2025-04-08 15:31:19,341 - [MainProcess:2982] mummi_ras.online.simulation:get_new_frames:399 - INFO - Getting all frame numbers in trajectory from 55 to 55.
2025-04-08 15:31:19,341 - [MainProcess:2982] mummi_ras.online.cg.cganalysis:run_main_analysis:193 - INFO - Process frame 55
2025-04-08 15:31:19,341 - [MainProcess:2982] mummi_ras.online.cg.cganalysis:processFrame:554 - INFO - Load 56 frames: current frame ID /tmp/mummi/cg/structure_iter00_000000000004-20250408_151519/traj_comp.xtc
2025-04-08 15:31:19,352 - [MainProcess:2982] mummi_ras.online.cg.cganalysis:processFrame:580 - INFO - Frame:    55, Time: 27500.000 ps, Bbox = [0, 180.32225, 0, 180.32225]
2025-04-08 15:31:19,352 - [MainProcess:2982] mummi_ras.online.cg.cganalysis:processFrame:584 - INFO - Lengths of layers: 660 43 482
2025-04-08 15:31:19,455 - [MainProcess:2982] mummi_ras.online.cg.cganalysis:processFrame:765 - INFO - Time for analysis - frameNum 55, time 0.11430907249450684 s
2025-04-08 15:31:21,456 - [MainProcess:2982] mummi_ras.online.simulation:has_computed_enough:352 - INFO - runtime_hours*0.99 = 0.495 vs delta_time = 0.26125003735224406 (length 27.5 ns) False False
2025-04-08 15:31:23,463 - [MainProcess:2982] mummi_ras.online.simulation:has_computed_enough:352 - INFO - runtime_hours*0.99 = 0.495 vs delta_time = 0.26180743045277066 (length 27.5 ns) False False
2025-04-08 15:31:25,469 - [MainProcess:2982] mummi_ras.online.simulation:has_computed_enough:352 - INFO - runtime_hours*0.99 = 0.495 vs delta_time = 0.2623647459348043 (length 27.5 ns) False False
2025-04-08 15:31:27,475 - [MainProcess:2982] mummi_ras.online.simulation:has_computed_enough:352 - INFO - runtime_hours*0.99 = 0.495 vs delta_time = 0.262922060224745 (length 27.5 ns) False False
2025-04-08 15:31:29,482 - [MainProcess:2982] mummi_ras.online.simulation:has_computed_enough:352 - INFO - runtime_hours*0.99 = 0.495 vs delta_time = 0.26347944107320576 (length 27.5 ns) False False
2025-04-08 15:31:31,488 - [MainProcess:2982] mummi_ras.online.simulation:has_computed_enough:352 - INFO - runtime_hours*0.99 = 0.495 vs delta_time = 0.26403674999872845 (length 27.5 ns) False False
2025-04-08 15:31:33,495 - [MainProcess:2982] mummi_ras.online.simulation:has_computed_enough:352 - INFO - runtime_hours*0.99 = 0.495 vs delta_time = 0.2645940699179967 (length 27.5 ns) False False
2025-04-08 15:31:35,501 - [MainProcess:2982] mummi_ras.online.simulation:has_computed_enough:352 - INFO - runtime_hours*0.99 = 0.495 vs delta_time = 0.26515139129426746 (length 27.5 ns) False False
2025-04-08 15:31:37,507 - [MainProcess:2982] mummi_ras.online.simulation:has_computed_enough:352 - INFO - runtime_hours*0.99 = 0.495 vs delta_time = 0.26570869161023036 (length 27.5 ns) False False
2025-04-08 15:31:37,659 - [MainProcess:2982] mummi_ras.online.simulation:get_new_frames:399 - INFO - Getting all frame numbers in trajectory from 56 to 56.
2025-04-08 15:31:37,659 - [MainProcess:2982] mummi_ras.online.cg.cganalysis:run_main_analysis:193 - INFO - Process frame 56
2025-04-08 15:31:37,660 - [MainProcess:2982] mummi_ras.online.cg.cganalysis:processFrame:554 - INFO - Load 57 frames: current frame ID /tmp/mummi/cg/structure_iter00_000000000004-20250408_151519/traj_comp.xtc
2025-04-08 15:31:37,671 - [MainProcess:2982] mummi_ras.online.cg.cganalysis:processFrame:580 - INFO - Frame:    56, Time: 28000.000 ps, Bbox = [0, 179.673, 0, 179.673]
2025-04-08 15:31:37,671 - [MainProcess:2982] mummi_ras.online.cg.cganalysis:processFrame:584 - INFO - Lengths of layers: 662 40 483
2025-04-08 15:31:37,774 - [MainProcess:2982] mummi_ras.online.cg.cganalysis:processFrame:765 - INFO - Time for analysis - frameNum 56, time 0.11457967758178711 s
2025-04-08 15:31:39,775 - [MainProcess:2982] mummi_ras.online.simulation:has_computed_enough:352 - INFO - runtime_hours*0.99 = 0.495 vs delta_time = 0.26633858031696744 (length 28.0 ns) False False
2025-04-08 15:31:41,782 - [MainProcess:2982] mummi_ras.online.simulation:has_computed_enough:352 - INFO - runtime_hours*0.99 = 0.495 vs delta_time = 0.266895985338423 (length 28.0 ns) False False
2025-04-08 15:31:43,788 - [MainProcess:2982] mummi_ras.online.simulation:has_computed_enough:352 - INFO - runtime_hours*0.99 = 0.495 vs delta_time = 0.26745335009362964 (length 28.0 ns) False False
2025-04-08 15:31:45,794 - [MainProcess:2982] mummi_ras.online.simulation:has_computed_enough:352 - INFO - runtime_hours*0.99 = 0.495 vs delta_time = 0.26801068981488546 (length 28.0 ns) False False
2025-04-08 15:31:47,801 - [MainProcess:2982] mummi_ras.online.simulation:has_computed_enough:352 - INFO - runtime_hours*0.99 = 0.495 vs delta_time = 0.26856804642412396 (length 28.0 ns) False False
2025-04-08 15:31:49,807 - [MainProcess:2982] mummi_ras.online.simulation:has_computed_enough:352 - INFO - runtime_hours*0.99 = 0.495 vs delta_time = 0.2691253862116072 (length 28.0 ns) False False
2025-04-08 15:31:51,814 - [MainProcess:2982] mummi_ras.online.simulation:has_computed_enough:352 - INFO - runtime_hours*0.99 = 0.495 vs delta_time = 0.26968275798691643 (length 28.0 ns) False False
2025-04-08 15:31:53,820 - [MainProcess:2982] mummi_ras.online.simulation:has_computed_enough:352 - INFO - runtime_hours*0.99 = 0.495 vs delta_time = 0.27024005863401623 (length 28.0 ns) False False
2025-04-08 15:31:53,873 - [MainProcess:2982] mummi_ras.online.simulation:get_new_frames:399 - INFO - Getting all frame numbers in trajectory from 57 to 57.
2025-04-08 15:31:53,873 - [MainProcess:2982] mummi_ras.online.cg.cganalysis:run_main_analysis:193 - INFO - Process frame 57
2025-04-08 15:31:53,873 - [MainProcess:2982] mummi_ras.online.cg.cganalysis:processFrame:554 - INFO - Load 58 frames: current frame ID /tmp/mummi/cg/structure_iter00_000000000004-20250408_151519/traj_comp.xtc
2025-04-08 15:31:53,884 - [MainProcess:2982] mummi_ras.online.cg.cganalysis:processFrame:580 - INFO - Frame:    57, Time: 28500.000 ps, Bbox = [0, 180.46938, 0, 180.46938]
2025-04-08 15:31:53,884 - [MainProcess:2982] mummi_ras.online.cg.cganalysis:processFrame:584 - INFO - Lengths of layers: 662 38 485
2025-04-08 15:31:53,987 - [MainProcess:2982] mummi_ras.online.cg.cganalysis:processFrame:765 - INFO - Time for analysis - frameNum 57, time 0.11427450180053711 s
2025-04-08 15:31:55,988 - [MainProcess:2982] mummi_ras.online.simulation:has_computed_enough:352 - INFO - runtime_hours*0.99 = 0.495 vs delta_time = 0.2708422596587075 (length 28.5 ns) False False
2025-04-08 15:31:57,995 - [MainProcess:2982] mummi_ras.online.simulation:has_computed_enough:352 - INFO - runtime_hours*0.99 = 0.495 vs delta_time = 0.27139962335427603 (length 28.5 ns) False False
2025-04-08 15:32:00,001 - [MainProcess:2982] mummi_ras.online.simulation:has_computed_enough:352 - INFO - runtime_hours*0.99 = 0.495 vs delta_time = 0.2719569573799769 (length 28.5 ns) False False
2025-04-08 15:32:02,007 - [MainProcess:2982] mummi_ras.online.simulation:has_computed_enough:352 - INFO - runtime_hours*0.99 = 0.495 vs delta_time = 0.2725142776966095 (length 28.5 ns) False False
2025-04-08 15:32:04,014 - [MainProcess:2982] mummi_ras.online.simulation:has_computed_enough:352 - INFO - runtime_hours*0.99 = 0.495 vs delta_time = 0.2730715682109197 (length 28.5 ns) False False
2025-04-08 15:32:06,020 - [MainProcess:2982] mummi_ras.online.simulation:has_computed_enough:352 - INFO - runtime_hours*0.99 = 0.495 vs delta_time = 0.27362889733579426 (length 28.5 ns) False False
2025-04-08 15:32:08,026 - [MainProcess:2982] mummi_ras.online.simulation:has_computed_enough:352 - INFO - runtime_hours*0.99 = 0.495 vs delta_time = 0.2741862057314979 (length 28.5 ns) False False
2025-04-08 15:32:10,033 - [MainProcess:2982] mummi_ras.online.simulation:has_computed_enough:352 - INFO - runtime_hours*0.99 = 0.495 vs delta_time = 0.2747434926695294 (length 28.5 ns) False False
2025-04-08 15:32:12,039 - [MainProcess:2982] mummi_ras.online.simulation:has_computed_enough:352 - INFO - runtime_hours*0.99 = 0.495 vs delta_time = 0.2753008361657461 (length 28.5 ns) False False
2025-04-08 15:32:12,091 - [MainProcess:2982] mummi_ras.online.simulation:get_new_frames:399 - INFO - Getting all frame numbers in trajectory from 58 to 58.
2025-04-08 15:32:12,092 - [MainProcess:2982] mummi_ras.online.cg.cganalysis:run_main_analysis:193 - INFO - Process frame 58
2025-04-08 15:32:12,092 - [MainProcess:2982] mummi_ras.online.cg.cganalysis:processFrame:554 - INFO - Load 59 frames: current frame ID /tmp/mummi/cg/structure_iter00_000000000004-20250408_151519/traj_comp.xtc
2025-04-08 15:32:12,103 - [MainProcess:2982] mummi_ras.online.cg.cganalysis:processFrame:580 - INFO - Frame:    58, Time: 29000.000 ps, Bbox = [0, 179.92723, 0, 179.92723]
2025-04-08 15:32:12,103 - [MainProcess:2982] mummi_ras.online.cg.cganalysis:processFrame:584 - INFO - Lengths of layers: 663 40 482
2025-04-08 15:32:12,206 - [MainProcess:2982] mummi_ras.online.cg.cganalysis:processFrame:765 - INFO - Time for analysis - frameNum 58, time 0.11444497108459473 s
2025-04-08 15:32:14,207 - [MainProcess:2982] mummi_ras.online.simulation:has_computed_enough:352 - INFO - runtime_hours*0.99 = 0.495 vs delta_time = 0.2759030275212394 (length 29.0 ns) False False
2025-04-08 15:32:16,214 - [MainProcess:2982] mummi_ras.online.simulation:has_computed_enough:352 - INFO - runtime_hours*0.99 = 0.495 vs delta_time = 0.2764604251914554 (length 29.0 ns) False False
2025-04-08 15:32:18,220 - [MainProcess:2982] mummi_ras.online.simulation:has_computed_enough:352 - INFO - runtime_hours*0.99 = 0.495 vs delta_time = 0.2770178336567349 (length 29.0 ns) False False
2025-04-08 15:32:20,226 - [MainProcess:2982] mummi_ras.online.simulation:has_computed_enough:352 - INFO - runtime_hours*0.99 = 0.495 vs delta_time = 0.27757514622476365 (length 29.0 ns) False False
2025-04-08 15:32:22,233 - [MainProcess:2982] mummi_ras.online.simulation:has_computed_enough:352 - INFO - runtime_hours*0.99 = 0.495 vs delta_time = 0.2781324631637997 (length 29.0 ns) False False
2025-04-08 15:32:24,239 - [MainProcess:2982] mummi_ras.online.simulation:has_computed_enough:352 - INFO - runtime_hours*0.99 = 0.495 vs delta_time = 0.2786897569232517 (length 29.0 ns) False False
2025-04-08 15:32:26,246 - [MainProcess:2982] mummi_ras.online.simulation:has_computed_enough:352 - INFO - runtime_hours*0.99 = 0.495 vs delta_time = 0.27924710637993283 (length 29.0 ns) False False
2025-04-08 15:32:28,252 - [MainProcess:2982] mummi_ras.online.simulation:has_computed_enough:352 - INFO - runtime_hours*0.99 = 0.495 vs delta_time = 0.27980442583560944 (length 29.0 ns) False False
2025-04-08 15:32:28,306 - [MainProcess:2982] mummi_ras.online.simulation:get_new_frames:399 - INFO - Getting all frame numbers in trajectory from 59 to 59.
2025-04-08 15:32:28,306 - [MainProcess:2982] mummi_ras.online.cg.cganalysis:run_main_analysis:193 - INFO - Process frame 59
2025-04-08 15:32:28,307 - [MainProcess:2982] mummi_ras.online.cg.cganalysis:processFrame:554 - INFO - Load 60 frames: current frame ID /tmp/mummi/cg/structure_iter00_000000000004-20250408_151519/traj_comp.xtc
2025-04-08 15:32:28,318 - [MainProcess:2982] mummi_ras.online.cg.cganalysis:processFrame:580 - INFO - Frame:    59, Time: 29500.000 ps, Bbox = [0, 181.17998, 0, 181.17998]
2025-04-08 15:32:28,318 - [MainProcess:2982] mummi_ras.online.cg.cganalysis:processFrame:584 - INFO - Lengths of layers: 667 39 479
2025-04-08 15:32:28,421 - [MainProcess:2982] mummi_ras.online.cg.cganalysis:processFrame:765 - INFO - Time for analysis - frameNum 59, time 0.11432123184204102 s
2025-04-08 15:32:30,422 - [MainProcess:2982] mummi_ras.online.simulation:has_computed_enough:352 - INFO - runtime_hours*0.99 = 0.495 vs delta_time = 0.28040709568394556 (length 29.5 ns) False False
2025-04-08 15:32:30,428 - [MainProcess:2982] mummi_ras.online.cg.cganalysis:processOutput:92 - INFO - Add feedback for frameNum 50 - state []
2025-04-08 15:32:30,428 - [MainProcess:2982] mummi_ras.online.cg.cganalysis:processOutput:92 - INFO - Add feedback for frameNum 51 - state []
2025-04-08 15:32:30,428 - [MainProcess:2982] mummi_ras.online.cg.cganalysis:processOutput:92 - INFO - Add feedback for frameNum 52 - state []
2025-04-08 15:32:30,428 - [MainProcess:2982] mummi_ras.online.cg.cganalysis:processOutput:92 - INFO - Add feedback for frameNum 53 - state []
2025-04-08 15:32:30,429 - [MainProcess:2982] mummi_ras.online.cg.cganalysis:processOutput:92 - INFO - Add feedback for frameNum 54 - state []
2025-04-08 15:32:30,429 - [MainProcess:2982] mummi_ras.online.cg.cganalysis:processOutput:92 - INFO - Add feedback for frameNum 55 - state []
2025-04-08 15:32:30,429 - [MainProcess:2982] mummi_ras.online.cg.cganalysis:processOutput:92 - INFO - Add feedback for frameNum 56 - state []
2025-04-08 15:32:30,429 - [MainProcess:2982] mummi_ras.online.cg.cganalysis:processOutput:92 - INFO - Add feedback for frameNum 57 - state []
2025-04-08 15:32:30,429 - [MainProcess:2982] mummi_ras.online.cg.cganalysis:processOutput:92 - INFO - Add feedback for frameNum 58 - state []
2025-04-08 15:32:30,429 - [MainProcess:2982] mummi_ras.online.cg.cganalysis:processOutput:92 - INFO - Add feedback for frameNum 59 - state []
2025-04-08 15:32:31,601 - [MainProcess:2982] mummi_core.interfaces.simple:_save_files:91 - INFO - Wrote 10 files to (/p/gpfs1/pottier1/minimummi-sc25/roots/root1/feedback-cg2ml/004)
2025-04-08 15:32:31,601 - [MainProcess:2982] mummi_ras.feedback.feedback_manager_cg2ml:report:118 - INFO - Added 10 frames (from structure_iter00_000000000004) to feedback (/p/gpfs1/pottier1/minimummi-sc25/roots/root1/feedback-cg2ml)
2025-04-08 15:32:31,601 - [MainProcess:2982] mummi_ras.online.cg.cganalysis:processOutput:112 - INFO - processOutput: 59
2025-04-08 15:32:31,601 - [MainProcess:2982] mummi_ras.online.cg.cganalysis:copyRemoteRestart:452 - INFO - Copy to remote frames [50, 51, 52, 53, 54, 55, 56, 57, 58, 59]
sending incremental file list
ener.edr
md.log
mdrun.log
state.cpt
traj_comp.xtc

sent 14,385,243 bytes  received 111 bytes  28,770,708.00 bytes/sec
total size is 16,086,819  speedup is 1.12
2025-04-08 15:32:31,714 - [MainProcess:2982] mummi_core.utils.utilities:sys_call:184 - INFO - Run command: rsync -va --no-g traj_comp.xtc topol.tpr state.cpt ener.edr md.log mdrun.log /p/gpfs1/pottier1/minimummi-sc25/roots/root1/sims-cg/structure_iter00_000000000004 || true
2025-04-08 15:32:32,161 - [MainProcess:2982] mummi_ras.interfaces.mummi:save_analysis_data:253 - INFO - Saved all analysis data for frames [50, 51, 52, 53, 54, 55, 56, 57, 58, 59]
2025-04-08 15:32:32,161 - [MainProcess:2982] mummi_ras.online.cg.cganalysis:copyRemoteLogs:350 - INFO - Copy over log files
2025-04-08 15:32:32,201 - [MainProcess:2982] mummi_core.utils.utilities:sys_call:184 - INFO - Run command: cp -r  /tmp/mummi/cg/structure_iter00_000000000004-20250408_151519/cg_analysis.out /tmp/mummi/cg/structure_iter00_000000000004-20250408_151519/traj_comp.xtc /tmp/mummi/cg/structure_iter00_000000000004-20250408_151519/*.log /p/gpfs1/pottier1/minimummi-sc25/roots/root1/sims-cg/structure_iter00_000000000004/ || true
2025-04-08 15:32:32,201 - [MainProcess:2982] mummi_ras.online.cg.cganalysis:copyRemoteLogs:365 - INFO - copyRemoteLogs =  /tmp/mummi/cg/structure_iter00_000000000004-20250408_151519/cg_analysis.out /tmp/mummi/cg/structure_iter00_000000000004-20250408_151519/traj_comp.xtc /tmp/mummi/cg/structure_iter00_000000000004-20250408_151519/*.log
2025-04-08 15:32:32,201 - [MainProcess:2982] mummi_ras.online.cg.cganalysis:cleanupLocal:375 - WARNING - Copy cleanup local only works for ddcMD files
2025-04-08 15:32:34,202 - [MainProcess:2982] mummi_ras.online.simulation:has_computed_enough:352 - INFO - runtime_hours*0.99 = 0.495 vs delta_time = 0.2814571390549342 (length 29.5 ns) False False
2025-04-08 15:32:36,208 - [MainProcess:2982] mummi_ras.online.simulation:has_computed_enough:352 - INFO - runtime_hours*0.99 = 0.495 vs delta_time = 0.28201444347699484 (length 29.5 ns) False False
2025-04-08 15:32:38,214 - [MainProcess:2982] mummi_ras.online.simulation:has_computed_enough:352 - INFO - runtime_hours*0.99 = 0.495 vs delta_time = 0.28257173240184785 (length 29.5 ns) False False
2025-04-08 15:32:40,220 - [MainProcess:2982] mummi_ras.online.simulation:has_computed_enough:352 - INFO - runtime_hours*0.99 = 0.495 vs delta_time = 0.2831290336449941 (length 29.5 ns) False False
2025-04-08 15:32:42,227 - [MainProcess:2982] mummi_ras.online.simulation:has_computed_enough:352 - INFO - runtime_hours*0.99 = 0.495 vs delta_time = 0.2836863076686859 (length 29.5 ns) False False
2025-04-08 15:32:44,233 - [MainProcess:2982] mummi_ras.online.simulation:has_computed_enough:352 - INFO - runtime_hours*0.99 = 0.495 vs delta_time = 0.28424362162748973 (length 29.5 ns) False False
2025-04-08 15:32:46,239 - [MainProcess:2982] mummi_ras.online.simulation:has_computed_enough:352 - INFO - runtime_hours*0.99 = 0.495 vs delta_time = 0.2848009249899122 (length 29.5 ns) False False
2025-04-08 15:32:46,292 - [MainProcess:2982] mummi_ras.online.simulation:get_new_frames:399 - INFO - Getting all frame numbers in trajectory from 60 to 60.
2025-04-08 15:32:46,292 - [MainProcess:2982] mummi_ras.online.cg.cganalysis:run_main_analysis:193 - INFO - Process frame 60
2025-04-08 15:32:46,292 - [MainProcess:2982] mummi_ras.online.cg.cganalysis:processFrame:554 - INFO - Load 61 frames: current frame ID /tmp/mummi/cg/structure_iter00_000000000004-20250408_151519/traj_comp.xtc
2025-04-08 15:32:46,303 - [MainProcess:2982] mummi_ras.online.cg.cganalysis:processFrame:580 - INFO - Frame:    60, Time: 30000.000 ps, Bbox = [0, 181.86104, 0, 181.86104]
2025-04-08 15:32:46,303 - [MainProcess:2982] mummi_ras.online.cg.cganalysis:processFrame:584 - INFO - Lengths of layers: 669 38 478
2025-04-08 15:32:46,405 - [MainProcess:2982] mummi_ras.online.cg.cganalysis:processFrame:765 - INFO - Time for analysis - frameNum 60, time 0.11302304267883301 s
2025-04-08 15:32:48,406 - [MainProcess:2982] mummi_ras.online.simulation:has_computed_enough:352 - INFO - runtime_hours*0.99 = 0.495 vs delta_time = 0.28540270653035904 (length 30.0 ns) False False
2025-04-08 15:32:50,412 - [MainProcess:2982] mummi_ras.online.simulation:has_computed_enough:352 - INFO - runtime_hours*0.99 = 0.495 vs delta_time = 0.28596009969711306 (length 30.0 ns) False False
2025-04-08 15:32:52,419 - [MainProcess:2982] mummi_ras.online.simulation:has_computed_enough:352 - INFO - runtime_hours*0.99 = 0.495 vs delta_time = 0.2865174343188604 (length 30.0 ns) False False
2025-04-08 15:32:54,425 - [MainProcess:2982] mummi_ras.online.simulation:has_computed_enough:352 - INFO - runtime_hours*0.99 = 0.495 vs delta_time = 0.2870747671524684 (length 30.0 ns) False False
2025-04-08 15:32:56,431 - [MainProcess:2982] mummi_ras.online.simulation:has_computed_enough:352 - INFO - runtime_hours*0.99 = 0.495 vs delta_time = 0.28763205760055116 (length 30.0 ns) False False
2025-04-08 15:32:58,438 - [MainProcess:2982] mummi_ras.online.simulation:has_computed_enough:352 - INFO - runtime_hours*0.99 = 0.495 vs delta_time = 0.288189359638426 (length 30.0 ns) False False
2025-04-08 15:33:00,444 - [MainProcess:2982] mummi_ras.online.simulation:has_computed_enough:352 - INFO - runtime_hours*0.99 = 0.495 vs delta_time = 0.2887466286288367 (length 30.0 ns) False False
2025-04-08 15:33:02,450 - [MainProcess:2982] mummi_ras.online.simulation:has_computed_enough:352 - INFO - runtime_hours*0.99 = 0.495 vs delta_time = 0.2893039458327823 (length 30.0 ns) False False
2025-04-08 15:33:02,503 - [MainProcess:2982] mummi_ras.online.simulation:get_new_frames:399 - INFO - Getting all frame numbers in trajectory from 61 to 61.
2025-04-08 15:33:02,503 - [MainProcess:2982] mummi_ras.online.cg.cganalysis:run_main_analysis:193 - INFO - Process frame 61
2025-04-08 15:33:02,503 - [MainProcess:2982] mummi_ras.online.cg.cganalysis:processFrame:554 - INFO - Load 62 frames: current frame ID /tmp/mummi/cg/structure_iter00_000000000004-20250408_151519/traj_comp.xtc
2025-04-08 15:33:02,514 - [MainProcess:2982] mummi_ras.online.cg.cganalysis:processFrame:580 - INFO - Frame:    61, Time: 30500.000 ps, Bbox = [0, 180.65842, 0, 180.65842]
2025-04-08 15:33:02,514 - [MainProcess:2982] mummi_ras.online.cg.cganalysis:processFrame:584 - INFO - Lengths of layers: 667 42 476
2025-04-08 15:33:02,615 - [MainProcess:2982] mummi_ras.online.cg.cganalysis:processFrame:765 - INFO - Time for analysis - frameNum 61, time 0.11241459846496582 s
2025-04-08 15:33:04,616 - [MainProcess:2982] mummi_ras.online.simulation:has_computed_enough:352 - INFO - runtime_hours*0.99 = 0.495 vs delta_time = 0.2899055406782362 (length 30.5 ns) False False
2025-04-08 15:33:06,622 - [MainProcess:2982] mummi_ras.online.simulation:has_computed_enough:352 - INFO - runtime_hours*0.99 = 0.495 vs delta_time = 0.2904629294739829 (length 30.5 ns) False False
2025-04-08 15:33:08,629 - [MainProcess:2982] mummi_ras.online.simulation:has_computed_enough:352 - INFO - runtime_hours*0.99 = 0.495 vs delta_time = 0.2910202246904373 (length 30.5 ns) False False
2025-04-08 15:33:10,635 - [MainProcess:2982] mummi_ras.online.simulation:has_computed_enough:352 - INFO - runtime_hours*0.99 = 0.495 vs delta_time = 0.29157752414544424 (length 30.5 ns) False False
2025-04-08 15:33:12,641 - [MainProcess:2982] mummi_ras.online.simulation:has_computed_enough:352 - INFO - runtime_hours*0.99 = 0.495 vs delta_time = 0.2921347973081801 (length 30.5 ns) False False
2025-04-08 15:33:14,648 - [MainProcess:2982] mummi_ras.online.simulation:has_computed_enough:352 - INFO - runtime_hours*0.99 = 0.495 vs delta_time = 0.2926921088165707 (length 30.5 ns) False False
2025-04-08 15:33:16,654 - [MainProcess:2982] mummi_ras.online.simulation:has_computed_enough:352 - INFO - runtime_hours*0.99 = 0.495 vs delta_time = 0.2932493807209863 (length 30.5 ns) False False
2025-04-08 15:33:18,660 - [MainProcess:2982] mummi_ras.online.simulation:has_computed_enough:352 - INFO - runtime_hours*0.99 = 0.495 vs delta_time = 0.2938067162036896 (length 30.5 ns) False False
2025-04-08 15:33:18,712 - [MainProcess:2982] mummi_ras.online.simulation:get_new_frames:399 - INFO - Getting all frame numbers in trajectory from 62 to 62.
2025-04-08 15:33:18,713 - [MainProcess:2982] mummi_ras.online.cg.cganalysis:run_main_analysis:193 - INFO - Process frame 62
2025-04-08 15:33:18,713 - [MainProcess:2982] mummi_ras.online.cg.cganalysis:processFrame:554 - INFO - Load 63 frames: current frame ID /tmp/mummi/cg/structure_iter00_000000000004-20250408_151519/traj_comp.xtc
2025-04-08 15:33:18,724 - [MainProcess:2982] mummi_ras.online.cg.cganalysis:processFrame:580 - INFO - Frame:    62, Time: 31000.000 ps, Bbox = [0, 181.46796, 0, 181.46796]
2025-04-08 15:33:18,724 - [MainProcess:2982] mummi_ras.online.cg.cganalysis:processFrame:584 - INFO - Lengths of layers: 669 37 479
2025-04-08 15:33:18,825 - [MainProcess:2982] mummi_ras.online.cg.cganalysis:processFrame:765 - INFO - Time for analysis - frameNum 62, time 0.11247420310974121 s
2025-04-08 15:33:20,826 - [MainProcess:2982] mummi_ras.online.simulation:has_computed_enough:352 - INFO - runtime_hours*0.99 = 0.495 vs delta_time = 0.29440832561916774 (length 31.0 ns) False False
2025-04-08 15:33:22,832 - [MainProcess:2982] mummi_ras.online.simulation:has_computed_enough:352 - INFO - runtime_hours*0.99 = 0.495 vs delta_time = 0.2949657001760271 (length 31.0 ns) False False
2025-04-08 15:33:24,839 - [MainProcess:2982] mummi_ras.online.simulation:has_computed_enough:352 - INFO - runtime_hours*0.99 = 0.495 vs delta_time = 0.2955230153931512 (length 31.0 ns) False False
2025-04-08 15:33:26,845 - [MainProcess:2982] mummi_ras.online.simulation:has_computed_enough:352 - INFO - runtime_hours*0.99 = 0.495 vs delta_time = 0.29608032153712377 (length 31.0 ns) False False
2025-04-08 15:33:28,851 - [MainProcess:2982] mummi_ras.online.simulation:has_computed_enough:352 - INFO - runtime_hours*0.99 = 0.495 vs delta_time = 0.2966376331779692 (length 31.0 ns) False False
2025-04-08 15:33:30,858 - [MainProcess:2982] mummi_ras.online.simulation:has_computed_enough:352 - INFO - runtime_hours*0.99 = 0.495 vs delta_time = 0.2971949273347855 (length 31.0 ns) False False
2025-04-08 15:33:32,864 - [MainProcess:2982] mummi_ras.online.simulation:has_computed_enough:352 - INFO - runtime_hours*0.99 = 0.495 vs delta_time = 0.29775221175617644 (length 31.0 ns) False False
2025-04-08 15:33:34,870 - [MainProcess:2982] mummi_ras.online.simulation:has_computed_enough:352 - INFO - runtime_hours*0.99 = 0.495 vs delta_time = 0.2983095106813643 (length 31.0 ns) False False
2025-04-08 15:33:36,876 - [MainProcess:2982] mummi_ras.online.simulation:has_computed_enough:352 - INFO - runtime_hours*0.99 = 0.495 vs delta_time = 0.2988668107324176 (length 31.0 ns) False False
2025-04-08 15:33:36,930 - [MainProcess:2982] mummi_ras.online.simulation:get_new_frames:399 - INFO - Getting all frame numbers in trajectory from 63 to 63.
2025-04-08 15:33:36,930 - [MainProcess:2982] mummi_ras.online.cg.cganalysis:run_main_analysis:193 - INFO - Process frame 63
2025-04-08 15:33:36,930 - [MainProcess:2982] mummi_ras.online.cg.cganalysis:processFrame:554 - INFO - Load 64 frames: current frame ID /tmp/mummi/cg/structure_iter00_000000000004-20250408_151519/traj_comp.xtc
2025-04-08 15:33:36,941 - [MainProcess:2982] mummi_ras.online.cg.cganalysis:processFrame:580 - INFO - Frame:    63, Time: 31500.000 ps, Bbox = [0, 180.27304, 0, 180.27304]
2025-04-08 15:33:36,942 - [MainProcess:2982] mummi_ras.online.cg.cganalysis:processFrame:584 - INFO - Lengths of layers: 665 41 479
2025-04-08 15:33:37,043 - [MainProcess:2982] mummi_ras.online.cg.cganalysis:processFrame:765 - INFO - Time for analysis - frameNum 63, time 0.11242175102233887 s
2025-04-08 15:33:39,043 - [MainProcess:2982] mummi_ras.online.simulation:has_computed_enough:352 - INFO - runtime_hours*0.99 = 0.495 vs delta_time = 0.2994687439335717 (length 31.5 ns) False False
2025-04-08 15:33:41,050 - [MainProcess:2982] mummi_ras.online.simulation:has_computed_enough:352 - INFO - runtime_hours*0.99 = 0.495 vs delta_time = 0.3000260855091943 (length 31.5 ns) False False
2025-04-08 15:33:43,056 - [MainProcess:2982] mummi_ras.online.simulation:has_computed_enough:352 - INFO - runtime_hours*0.99 = 0.495 vs delta_time = 0.30058338072564866 (length 31.5 ns) False False
2025-04-08 15:33:45,063 - [MainProcess:2982] mummi_ras.online.simulation:has_computed_enough:352 - INFO - runtime_hours*0.99 = 0.495 vs delta_time = 0.30114071011543275 (length 31.5 ns) False False
2025-04-08 15:33:47,069 - [MainProcess:2982] mummi_ras.online.simulation:has_computed_enough:352 - INFO - runtime_hours*0.99 = 0.495 vs delta_time = 0.30169803897539776 (length 31.5 ns) False False
2025-04-08 15:33:49,075 - [MainProcess:2982] mummi_ras.online.simulation:has_computed_enough:352 - INFO - runtime_hours*0.99 = 0.495 vs delta_time = 0.302255353530248 (length 31.5 ns) False False
2025-04-08 15:33:51,081 - [MainProcess:2982] mummi_ras.online.simulation:has_computed_enough:352 - INFO - runtime_hours*0.99 = 0.495 vs delta_time = 0.3028126449717416 (length 31.5 ns) False False
2025-04-08 15:33:53,088 - [MainProcess:2982] mummi_ras.online.simulation:has_computed_enough:352 - INFO - runtime_hours*0.99 = 0.495 vs delta_time = 0.3033699546257655 (length 31.5 ns) False False
2025-04-08 15:33:53,141 - [MainProcess:2982] mummi_ras.online.simulation:get_new_frames:399 - INFO - Getting all frame numbers in trajectory from 64 to 64.
2025-04-08 15:33:53,141 - [MainProcess:2982] mummi_ras.online.cg.cganalysis:run_main_analysis:193 - INFO - Process frame 64
2025-04-08 15:33:53,141 - [MainProcess:2982] mummi_ras.online.cg.cganalysis:processFrame:554 - INFO - Load 65 frames: current frame ID /tmp/mummi/cg/structure_iter00_000000000004-20250408_151519/traj_comp.xtc
2025-04-08 15:33:53,153 - [MainProcess:2982] mummi_ras.online.cg.cganalysis:processFrame:580 - INFO - Frame:    64, Time: 32000.000 ps, Bbox = [0, 181.19794, 0, 181.19794]
2025-04-08 15:33:53,153 - [MainProcess:2982] mummi_ras.online.cg.cganalysis:processFrame:584 - INFO - Lengths of layers: 666 38 481
2025-04-08 15:33:53,254 - [MainProcess:2982] mummi_ras.online.cg.cganalysis:processFrame:765 - INFO - Time for analysis - frameNum 64, time 0.1125490665435791 s
2025-04-08 15:33:55,255 - [MainProcess:2982] mummi_ras.online.simulation:has_computed_enough:352 - INFO - runtime_hours*0.99 = 0.495 vs delta_time = 0.30397181736098394 (length 32.0 ns) False False
2025-04-08 15:33:57,261 - [MainProcess:2982] mummi_ras.online.simulation:has_computed_enough:352 - INFO - runtime_hours*0.99 = 0.495 vs delta_time = 0.30452920609050327 (length 32.0 ns) False False
2025-04-08 15:33:59,267 - [MainProcess:2982] mummi_ras.online.simulation:has_computed_enough:352 - INFO - runtime_hours*0.99 = 0.495 vs delta_time = 0.3050865042871899 (length 32.0 ns) False False
2025-04-08 15:34:01,274 - [MainProcess:2982] mummi_ras.online.simulation:has_computed_enough:352 - INFO - runtime_hours*0.99 = 0.495 vs delta_time = 0.3056438095039792 (length 32.0 ns) False False
2025-04-08 15:34:03,280 - [MainProcess:2982] mummi_ras.online.simulation:has_computed_enough:352 - INFO - runtime_hours*0.99 = 0.495 vs delta_time = 0.30620108597808415 (length 32.0 ns) False False
2025-04-08 15:34:05,286 - [MainProcess:2982] mummi_ras.online.simulation:has_computed_enough:352 - INFO - runtime_hours*0.99 = 0.495 vs delta_time = 0.30675837569766573 (length 32.0 ns) False False
2025-04-08 15:34:07,293 - [MainProcess:2982] mummi_ras.online.simulation:has_computed_enough:352 - INFO - runtime_hours*0.99 = 0.495 vs delta_time = 0.3073157330354055 (length 32.0 ns) False False
2025-04-08 15:34:09,299 - [MainProcess:2982] mummi_ras.online.simulation:has_computed_enough:352 - INFO - runtime_hours*0.99 = 0.495 vs delta_time = 0.30787300765514375 (length 32.0 ns) False False
2025-04-08 15:34:11,305 - [MainProcess:2982] mummi_ras.online.simulation:has_computed_enough:352 - INFO - runtime_hours*0.99 = 0.495 vs delta_time = 0.30843030863338045 (length 32.0 ns) False False
2025-04-08 15:34:11,357 - [MainProcess:2982] mummi_ras.online.simulation:get_new_frames:399 - INFO - Getting all frame numbers in trajectory from 65 to 65.
2025-04-08 15:34:11,358 - [MainProcess:2982] mummi_ras.online.cg.cganalysis:run_main_analysis:193 - INFO - Process frame 65
2025-04-08 15:34:11,358 - [MainProcess:2982] mummi_ras.online.cg.cganalysis:processFrame:554 - INFO - Load 66 frames: current frame ID /tmp/mummi/cg/structure_iter00_000000000004-20250408_151519/traj_comp.xtc
2025-04-08 15:34:11,369 - [MainProcess:2982] mummi_ras.online.cg.cganalysis:processFrame:580 - INFO - Frame:    65, Time: 32500.000 ps, Bbox = [0, 181.01999, 0, 181.01999]
2025-04-08 15:34:11,369 - [MainProcess:2982] mummi_ras.online.cg.cganalysis:processFrame:584 - INFO - Lengths of layers: 668 36 481
2025-04-08 15:34:11,470 - [MainProcess:2982] mummi_ras.online.cg.cganalysis:processFrame:765 - INFO - Time for analysis - frameNum 65, time 0.11237120628356934 s
2025-04-08 15:34:13,471 - [MainProcess:2982] mummi_ras.online.simulation:has_computed_enough:352 - INFO - runtime_hours*0.99 = 0.495 vs delta_time = 0.30903192506896127 (length 32.5 ns) False False
2025-04-08 15:34:15,477 - [MainProcess:2982] mummi_ras.online.simulation:has_computed_enough:352 - INFO - runtime_hours*0.99 = 0.495 vs delta_time = 0.3095893101559745 (length 32.5 ns) False False
2025-04-08 15:34:17,484 - [MainProcess:2982] mummi_ras.online.simulation:has_computed_enough:352 - INFO - runtime_hours*0.99 = 0.495 vs delta_time = 0.3101466606722938 (length 32.5 ns) False False
2025-04-08 15:34:19,490 - [MainProcess:2982] mummi_ras.online.simulation:has_computed_enough:352 - INFO - runtime_hours*0.99 = 0.495 vs delta_time = 0.31070401973194545 (length 32.5 ns) False False
2025-04-08 15:34:21,497 - [MainProcess:2982] mummi_ras.online.simulation:has_computed_enough:352 - INFO - runtime_hours*0.99 = 0.495 vs delta_time = 0.311261337796847 (length 32.5 ns) False False
2025-04-08 15:34:23,503 - [MainProcess:2982] mummi_ras.online.simulation:has_computed_enough:352 - INFO - runtime_hours*0.99 = 0.495 vs delta_time = 0.311818629304568 (length 32.5 ns) False False
2025-04-08 15:34:25,509 - [MainProcess:2982] mummi_ras.online.simulation:has_computed_enough:352 - INFO - runtime_hours*0.99 = 0.495 vs delta_time = 0.31237591127554576 (length 32.5 ns) False False
2025-04-08 15:34:27,515 - [MainProcess:2982] mummi_ras.online.simulation:has_computed_enough:352 - INFO - runtime_hours*0.99 = 0.495 vs delta_time = 0.31293319476975334 (length 32.5 ns) False False
2025-04-08 15:34:27,568 - [MainProcess:2982] mummi_ras.online.simulation:get_new_frames:399 - INFO - Getting all frame numbers in trajectory from 66 to 66.
2025-04-08 15:34:27,568 - [MainProcess:2982] mummi_ras.online.cg.cganalysis:run_main_analysis:193 - INFO - Process frame 66
2025-04-08 15:34:27,568 - [MainProcess:2982] mummi_ras.online.cg.cganalysis:processFrame:554 - INFO - Load 67 frames: current frame ID /tmp/mummi/cg/structure_iter00_000000000004-20250408_151519/traj_comp.xtc
2025-04-08 15:34:27,579 - [MainProcess:2982] mummi_ras.online.cg.cganalysis:processFrame:580 - INFO - Frame:    66, Time: 33000.000 ps, Bbox = [0, 180.24718, 0, 180.24718]
2025-04-08 15:34:27,579 - [MainProcess:2982] mummi_ras.online.cg.cganalysis:processFrame:584 - INFO - Lengths of layers: 666 36 483
2025-04-08 15:34:27,680 - [MainProcess:2982] mummi_ras.online.cg.cganalysis:processFrame:765 - INFO - Time for analysis - frameNum 66, time 0.11247754096984863 s
2025-04-08 15:34:29,681 - [MainProcess:2982] mummi_ras.online.simulation:has_computed_enough:352 - INFO - runtime_hours*0.99 = 0.495 vs delta_time = 0.31353477113776734 (length 33.0 ns) False False
2025-04-08 15:34:31,688 - [MainProcess:2982] mummi_ras.online.simulation:has_computed_enough:352 - INFO - runtime_hours*0.99 = 0.495 vs delta_time = 0.3140921253628201 (length 33.0 ns) False False
2025-04-08 15:34:33,694 - [MainProcess:2982] mummi_ras.online.simulation:has_computed_enough:352 - INFO - runtime_hours*0.99 = 0.495 vs delta_time = 0.31464944726890987 (length 33.0 ns) False False
2025-04-08 15:34:35,700 - [MainProcess:2982] mummi_ras.online.simulation:has_computed_enough:352 - INFO - runtime_hours*0.99 = 0.495 vs delta_time = 0.3152067410283618 (length 33.0 ns) False False
2025-04-08 15:34:37,707 - [MainProcess:2982] mummi_ras.online.simulation:has_computed_enough:352 - INFO - runtime_hours*0.99 = 0.495 vs delta_time = 0.3157640498214298 (length 33.0 ns) False False
2025-04-08 15:34:39,713 - [MainProcess:2982] mummi_ras.online.simulation:has_computed_enough:352 - INFO - runtime_hours*0.99 = 0.495 vs delta_time = 0.31632134556770325 (length 33.0 ns) False False
2025-04-08 15:34:41,719 - [MainProcess:2982] mummi_ras.online.simulation:has_computed_enough:352 - INFO - runtime_hours*0.99 = 0.495 vs delta_time = 0.31687862323390115 (length 33.0 ns) False False
2025-04-08 15:34:43,725 - [MainProcess:2982] mummi_ras.online.simulation:has_computed_enough:352 - INFO - runtime_hours*0.99 = 0.495 vs delta_time = 0.3174359154701233 (length 33.0 ns) False False
2025-04-08 15:34:43,779 - [MainProcess:2982] mummi_ras.online.simulation:get_new_frames:399 - INFO - Getting all frame numbers in trajectory from 67 to 67.
2025-04-08 15:34:43,779 - [MainProcess:2982] mummi_ras.online.cg.cganalysis:run_main_analysis:193 - INFO - Process frame 67
2025-04-08 15:34:43,779 - [MainProcess:2982] mummi_ras.online.cg.cganalysis:processFrame:554 - INFO - Load 68 frames: current frame ID /tmp/mummi/cg/structure_iter00_000000000004-20250408_151519/traj_comp.xtc
2025-04-08 15:34:43,791 - [MainProcess:2982] mummi_ras.online.cg.cganalysis:processFrame:580 - INFO - Frame:    67, Time: 33500.000 ps, Bbox = [0, 180.2511, 0, 180.2511]
2025-04-08 15:34:43,791 - [MainProcess:2982] mummi_ras.online.cg.cganalysis:processFrame:584 - INFO - Lengths of layers: 668 30 487
2025-04-08 15:34:43,892 - [MainProcess:2982] mummi_ras.online.cg.cganalysis:processFrame:765 - INFO - Time for analysis - frameNum 67, time 0.11278843879699707 s
2025-04-08 15:34:45,893 - [MainProcess:2982] mummi_ras.online.simulation:has_computed_enough:352 - INFO - runtime_hours*0.99 = 0.495 vs delta_time = 0.3180380156967375 (length 33.5 ns) False False
2025-04-08 15:34:47,899 - [MainProcess:2982] mummi_ras.online.simulation:has_computed_enough:352 - INFO - runtime_hours*0.99 = 0.495 vs delta_time = 0.31859540243943535 (length 33.5 ns) False False
2025-04-08 15:34:49,906 - [MainProcess:2982] mummi_ras.online.simulation:has_computed_enough:352 - INFO - runtime_hours*0.99 = 0.495 vs delta_time = 0.31915273792213866 (length 33.5 ns) False False
2025-04-08 15:34:51,912 - [MainProcess:2982] mummi_ras.online.simulation:has_computed_enough:352 - INFO - runtime_hours*0.99 = 0.495 vs delta_time = 0.3197100715504752 (length 33.5 ns) False False
2025-04-08 15:34:53,918 - [MainProcess:2982] mummi_ras.online.simulation:has_computed_enough:352 - INFO - runtime_hours*0.99 = 0.495 vs delta_time = 0.3202673729923036 (length 33.5 ns) False False
2025-04-08 15:34:55,925 - [MainProcess:2982] mummi_ras.online.simulation:has_computed_enough:352 - INFO - runtime_hours*0.99 = 0.495 vs delta_time = 0.320824689467748 (length 33.5 ns) False False
2025-04-08 15:34:57,931 - [MainProcess:2982] mummi_ras.online.simulation:has_computed_enough:352 - INFO - runtime_hours*0.99 = 0.495 vs delta_time = 0.3213819827636083 (length 33.5 ns) False False
2025-04-08 15:34:59,938 - [MainProcess:2982] mummi_ras.online.simulation:has_computed_enough:352 - INFO - runtime_hours*0.99 = 0.495 vs delta_time = 0.3219393224848641 (length 33.5 ns) False False
2025-04-08 15:35:01,944 - [MainProcess:2982] mummi_ras.online.simulation:has_computed_enough:352 - INFO - runtime_hours*0.99 = 0.495 vs delta_time = 0.3224966569741567 (length 33.5 ns) False False
2025-04-08 15:35:01,996 - [MainProcess:2982] mummi_ras.online.simulation:get_new_frames:399 - INFO - Getting all frame numbers in trajectory from 68 to 68.
2025-04-08 15:35:01,997 - [MainProcess:2982] mummi_ras.online.cg.cganalysis:run_main_analysis:193 - INFO - Process frame 68
2025-04-08 15:35:01,997 - [MainProcess:2982] mummi_ras.online.cg.cganalysis:processFrame:554 - INFO - Load 69 frames: current frame ID /tmp/mummi/cg/structure_iter00_000000000004-20250408_151519/traj_comp.xtc
2025-04-08 15:35:02,008 - [MainProcess:2982] mummi_ras.online.cg.cganalysis:processFrame:580 - INFO - Frame:    68, Time: 34000.000 ps, Bbox = [0, 180.98634, 0, 180.98634]
2025-04-08 15:35:02,008 - [MainProcess:2982] mummi_ras.online.cg.cganalysis:processFrame:584 - INFO - Lengths of layers: 667 28 490
2025-04-08 15:35:02,109 - [MainProcess:2982] mummi_ras.online.cg.cganalysis:processFrame:765 - INFO - Time for analysis - frameNum 68, time 0.11260342597961426 s
2025-04-08 15:35:04,110 - [MainProcess:2982] mummi_ras.online.simulation:has_computed_enough:352 - INFO - runtime_hours*0.99 = 0.495 vs delta_time = 0.32309834725326964 (length 34.0 ns) False False
2025-04-08 15:35:06,117 - [MainProcess:2982] mummi_ras.online.simulation:has_computed_enough:352 - INFO - runtime_hours*0.99 = 0.495 vs delta_time = 0.3236557115448846 (length 34.0 ns) False False
2025-04-08 15:35:08,123 - [MainProcess:2982] mummi_ras.online.simulation:has_computed_enough:352 - INFO - runtime_hours*0.99 = 0.495 vs delta_time = 0.3242130237817764 (length 34.0 ns) False False
2025-04-08 15:35:10,129 - [MainProcess:2982] mummi_ras.online.simulation:has_computed_enough:352 - INFO - runtime_hours*0.99 = 0.495 vs delta_time = 0.3247703265481525 (length 34.0 ns) False False
2025-04-08 15:35:12,135 - [MainProcess:2982] mummi_ras.online.simulation:has_computed_enough:352 - INFO - runtime_hours*0.99 = 0.495 vs delta_time = 0.32532763328817155 (length 34.0 ns) False False
2025-04-08 15:35:14,142 - [MainProcess:2982] mummi_ras.online.simulation:has_computed_enough:352 - INFO - runtime_hours*0.99 = 0.495 vs delta_time = 0.3258849232064353 (length 34.0 ns) False False
2025-04-08 15:35:16,148 - [MainProcess:2982] mummi_ras.online.simulation:has_computed_enough:352 - INFO - runtime_hours*0.99 = 0.495 vs delta_time = 0.3264422133896086 (length 34.0 ns) False False
2025-04-08 15:35:18,154 - [MainProcess:2982] mummi_ras.online.simulation:has_computed_enough:352 - INFO - runtime_hours*0.99 = 0.495 vs delta_time = 0.32699959125783706 (length 34.0 ns) False False
2025-04-08 15:35:18,208 - [MainProcess:2982] mummi_ras.online.simulation:get_new_frames:399 - INFO - Getting all frame numbers in trajectory from 69 to 69.
2025-04-08 15:35:18,208 - [MainProcess:2982] mummi_ras.online.cg.cganalysis:run_main_analysis:193 - INFO - Process frame 69
2025-04-08 15:35:18,208 - [MainProcess:2982] mummi_ras.online.cg.cganalysis:processFrame:554 - INFO - Load 70 frames: current frame ID /tmp/mummi/cg/structure_iter00_000000000004-20250408_151519/traj_comp.xtc
2025-04-08 15:35:18,219 - [MainProcess:2982] mummi_ras.online.cg.cganalysis:processFrame:580 - INFO - Frame:    69, Time: 34500.000 ps, Bbox = [0, 181.27638, 0, 181.27638]
2025-04-08 15:35:18,219 - [MainProcess:2982] mummi_ras.online.cg.cganalysis:processFrame:584 - INFO - Lengths of layers: 665 35 485
2025-04-08 15:35:18,321 - [MainProcess:2982] mummi_ras.online.cg.cganalysis:processFrame:765 - INFO - Time for analysis - frameNum 69, time 0.11285138130187988 s
2025-04-08 15:35:20,321 - [MainProcess:2982] mummi_ras.online.simulation:has_computed_enough:352 - INFO - runtime_hours*0.99 = 0.495 vs delta_time = 0.3276015405522452 (length 34.5 ns) False False
2025-04-08 15:35:20,328 - [MainProcess:2982] mummi_ras.online.cg.cganalysis:processOutput:92 - INFO - Add feedback for frameNum 60 - state []
2025-04-08 15:35:20,328 - [MainProcess:2982] mummi_ras.online.cg.cganalysis:processOutput:92 - INFO - Add feedback for frameNum 61 - state []
2025-04-08 15:35:20,328 - [MainProcess:2982] mummi_ras.online.cg.cganalysis:processOutput:92 - INFO - Add feedback for frameNum 62 - state []
2025-04-08 15:35:20,328 - [MainProcess:2982] mummi_ras.online.cg.cganalysis:processOutput:92 - INFO - Add feedback for frameNum 63 - state []
2025-04-08 15:35:20,329 - [MainProcess:2982] mummi_ras.online.cg.cganalysis:processOutput:92 - INFO - Add feedback for frameNum 64 - state []
2025-04-08 15:35:20,329 - [MainProcess:2982] mummi_ras.online.cg.cganalysis:processOutput:92 - INFO - Add feedback for frameNum 65 - state []
2025-04-08 15:35:20,329 - [MainProcess:2982] mummi_ras.online.cg.cganalysis:processOutput:92 - INFO - Add feedback for frameNum 66 - state []
2025-04-08 15:35:20,329 - [MainProcess:2982] mummi_ras.online.cg.cganalysis:processOutput:92 - INFO - Add feedback for frameNum 67 - state []
2025-04-08 15:35:20,329 - [MainProcess:2982] mummi_ras.online.cg.cganalysis:processOutput:92 - INFO - Add feedback for frameNum 68 - state []
2025-04-08 15:35:20,329 - [MainProcess:2982] mummi_ras.online.cg.cganalysis:processOutput:92 - INFO - Add feedback for frameNum 69 - state []
2025-04-08 15:35:20,344 - [MainProcess:2982] mummi_core.interfaces.simple:_save_files:91 - INFO - Wrote 10 files to (/p/gpfs1/pottier1/minimummi-sc25/roots/root1/feedback-cg2ml/004)
2025-04-08 15:35:20,344 - [MainProcess:2982] mummi_ras.feedback.feedback_manager_cg2ml:report:118 - INFO - Added 10 frames (from structure_iter00_000000000004) to feedback (/p/gpfs1/pottier1/minimummi-sc25/roots/root1/feedback-cg2ml)
2025-04-08 15:35:20,345 - [MainProcess:2982] mummi_ras.online.cg.cganalysis:processOutput:112 - INFO - processOutput: 69
2025-04-08 15:35:20,345 - [MainProcess:2982] mummi_ras.online.cg.cganalysis:copyRemoteRestart:452 - INFO - Copy to remote frames [60, 61, 62, 63, 64, 65, 66, 67, 68, 69]
sending incremental file list
ener.edr
md.log
mdrun.log
traj_comp.xtc

sent 15,244,173 bytes  received 92 bytes  30,488,530.00 bytes/sec
total size is 18,261,317  speedup is 1.20
2025-04-08 15:35:20,476 - [MainProcess:2982] mummi_core.utils.utilities:sys_call:184 - INFO - Run command: rsync -va --no-g traj_comp.xtc topol.tpr state.cpt ener.edr md.log mdrun.log /p/gpfs1/pottier1/minimummi-sc25/roots/root1/sims-cg/structure_iter00_000000000004 || true
2025-04-08 15:35:20,915 - [MainProcess:2982] mummi_ras.interfaces.mummi:save_analysis_data:253 - INFO - Saved all analysis data for frames [60, 61, 62, 63, 64, 65, 66, 67, 68, 69]
2025-04-08 15:35:20,915 - [MainProcess:2982] mummi_ras.online.cg.cganalysis:copyRemoteLogs:350 - INFO - Copy over log files
2025-04-08 15:35:20,956 - [MainProcess:2982] mummi_core.utils.utilities:sys_call:184 - INFO - Run command: cp -r  /tmp/mummi/cg/structure_iter00_000000000004-20250408_151519/cg_analysis.out /tmp/mummi/cg/structure_iter00_000000000004-20250408_151519/traj_comp.xtc /tmp/mummi/cg/structure_iter00_000000000004-20250408_151519/*.log /p/gpfs1/pottier1/minimummi-sc25/roots/root1/sims-cg/structure_iter00_000000000004/ || true
2025-04-08 15:35:20,956 - [MainProcess:2982] mummi_ras.online.cg.cganalysis:copyRemoteLogs:365 - INFO - copyRemoteLogs =  /tmp/mummi/cg/structure_iter00_000000000004-20250408_151519/cg_analysis.out /tmp/mummi/cg/structure_iter00_000000000004-20250408_151519/traj_comp.xtc /tmp/mummi/cg/structure_iter00_000000000004-20250408_151519/*.log
2025-04-08 15:35:20,956 - [MainProcess:2982] mummi_ras.online.cg.cganalysis:cleanupLocal:375 - WARNING - Copy cleanup local only works for ddcMD files
2025-04-08 15:35:22,957 - [MainProcess:2982] mummi_ras.online.simulation:has_computed_enough:352 - INFO - runtime_hours*0.99 = 0.495 vs delta_time = 0.3283335198296441 (length 34.5 ns) False False
2025-04-08 15:35:24,963 - [MainProcess:2982] mummi_ras.online.simulation:has_computed_enough:352 - INFO - runtime_hours*0.99 = 0.495 vs delta_time = 0.32889084650410544 (length 34.5 ns) False False
2025-04-08 15:35:26,969 - [MainProcess:2982] mummi_ras.online.simulation:has_computed_enough:352 - INFO - runtime_hours*0.99 = 0.495 vs delta_time = 0.3294481568866306 (length 34.5 ns) False False
2025-04-08 15:35:28,976 - [MainProcess:2982] mummi_ras.online.simulation:has_computed_enough:352 - INFO - runtime_hours*0.99 = 0.495 vs delta_time = 0.3300054572025935 (length 34.5 ns) False False
2025-04-08 15:35:30,982 - [MainProcess:2982] mummi_ras.online.simulation:has_computed_enough:352 - INFO - runtime_hours*0.99 = 0.495 vs delta_time = 0.3305627875195609 (length 34.5 ns) False False
2025-04-08 15:35:32,988 - [MainProcess:2982] mummi_ras.online.simulation:has_computed_enough:352 - INFO - runtime_hours*0.99 = 0.495 vs delta_time = 0.3311200785636902 (length 34.5 ns) False False
2025-04-08 15:35:34,994 - [MainProcess:2982] mummi_ras.online.simulation:has_computed_enough:352 - INFO - runtime_hours*0.99 = 0.495 vs delta_time = 0.3316773551040226 (length 34.5 ns) False False
2025-04-08 15:35:35,047 - [MainProcess:2982] mummi_ras.online.simulation:get_new_frames:399 - INFO - Getting all frame numbers in trajectory from 70 to 70.
2025-04-08 15:35:35,047 - [MainProcess:2982] mummi_ras.online.cg.cganalysis:run_main_analysis:193 - INFO - Process frame 70
2025-04-08 15:35:35,047 - [MainProcess:2982] mummi_ras.online.cg.cganalysis:processFrame:554 - INFO - Load 71 frames: current frame ID /tmp/mummi/cg/structure_iter00_000000000004-20250408_151519/traj_comp.xtc
2025-04-08 15:35:35,058 - [MainProcess:2982] mummi_ras.online.cg.cganalysis:processFrame:580 - INFO - Frame:    70, Time: 35000.000 ps, Bbox = [0, 181.01303, 0, 181.01303]
2025-04-08 15:35:35,058 - [MainProcess:2982] mummi_ras.online.cg.cganalysis:processFrame:584 - INFO - Lengths of layers: 667 34 484
2025-04-08 15:35:35,160 - [MainProcess:2982] mummi_ras.online.cg.cganalysis:processFrame:765 - INFO - Time for analysis - frameNum 70, time 0.1128087043762207 s
2025-04-08 15:35:37,160 - [MainProcess:2982] mummi_ras.online.simulation:has_computed_enough:352 - INFO - runtime_hours*0.99 = 0.495 vs delta_time = 0.33227901690536077 (length 35.0 ns) False False
2025-04-08 15:35:39,167 - [MainProcess:2982] mummi_ras.online.simulation:has_computed_enough:352 - INFO - runtime_hours*0.99 = 0.495 vs delta_time = 0.3328363945749071 (length 35.0 ns) False False
2025-04-08 15:35:41,173 - [MainProcess:2982] mummi_ras.online.simulation:has_computed_enough:352 - INFO - runtime_hours*0.99 = 0.495 vs delta_time = 0.33339370244079164 (length 35.0 ns) False False
2025-04-08 15:35:43,180 - [MainProcess:2982] mummi_ras.online.simulation:has_computed_enough:352 - INFO - runtime_hours*0.99 = 0.495 vs delta_time = 0.33395099381605786 (length 35.0 ns) False False
2025-04-08 15:35:45,186 - [MainProcess:2982] mummi_ras.online.simulation:has_computed_enough:352 - INFO - runtime_hours*0.99 = 0.495 vs delta_time = 0.33450830803977116 (length 35.0 ns) False False
2025-04-08 15:35:47,192 - [MainProcess:2982] mummi_ras.online.simulation:has_computed_enough:352 - INFO - runtime_hours*0.99 = 0.495 vs delta_time = 0.3350656365685993 (length 35.0 ns) False False
2025-04-08 15:35:49,199 - [MainProcess:2982] mummi_ras.online.simulation:has_computed_enough:352 - INFO - runtime_hours*0.99 = 0.495 vs delta_time = 0.33562295317649843 (length 35.0 ns) False False
2025-04-08 15:35:51,205 - [MainProcess:2982] mummi_ras.online.simulation:has_computed_enough:352 - INFO - runtime_hours*0.99 = 0.495 vs delta_time = 0.33618026951948804 (length 35.0 ns) False False
2025-04-08 15:35:53,211 - [MainProcess:2982] mummi_ras.online.simulation:has_computed_enough:352 - INFO - runtime_hours*0.99 = 0.495 vs delta_time = 0.3367375487089157 (length 35.0 ns) False False
2025-04-08 15:35:53,264 - [MainProcess:2982] mummi_ras.online.simulation:get_new_frames:399 - INFO - Getting all frame numbers in trajectory from 71 to 71.
2025-04-08 15:35:53,265 - [MainProcess:2982] mummi_ras.online.cg.cganalysis:run_main_analysis:193 - INFO - Process frame 71
2025-04-08 15:35:53,265 - [MainProcess:2982] mummi_ras.online.cg.cganalysis:processFrame:554 - INFO - Load 72 frames: current frame ID /tmp/mummi/cg/structure_iter00_000000000004-20250408_151519/traj_comp.xtc
2025-04-08 15:35:53,276 - [MainProcess:2982] mummi_ras.online.cg.cganalysis:processFrame:580 - INFO - Frame:    71, Time: 35500.000 ps, Bbox = [0, 180.88986, 0, 180.88986]
2025-04-08 15:35:53,276 - [MainProcess:2982] mummi_ras.online.cg.cganalysis:processFrame:584 - INFO - Lengths of layers: 665 34 486
2025-04-08 15:35:53,377 - [MainProcess:2982] mummi_ras.online.cg.cganalysis:processFrame:765 - INFO - Time for analysis - frameNum 71, time 0.1126549243927002 s
2025-04-08 15:35:55,378 - [MainProcess:2982] mummi_ras.online.simulation:has_computed_enough:352 - INFO - runtime_hours*0.99 = 0.495 vs delta_time = 0.33733946065107984 (length 35.5 ns) False False
2025-04-08 15:35:57,385 - [MainProcess:2982] mummi_ras.online.simulation:has_computed_enough:352 - INFO - runtime_hours*0.99 = 0.495 vs delta_time = 0.3378968422280417 (length 35.5 ns) False False
2025-04-08 15:35:59,391 - [MainProcess:2982] mummi_ras.online.simulation:has_computed_enough:352 - INFO - runtime_hours*0.99 = 0.495 vs delta_time = 0.3384541455242369 (length 35.5 ns) False False
2025-04-08 15:36:01,397 - [MainProcess:2982] mummi_ras.online.simulation:has_computed_enough:352 - INFO - runtime_hours*0.99 = 0.495 vs delta_time = 0.33901147325833636 (length 35.5 ns) False False
2025-04-08 15:36:03,404 - [MainProcess:2982] mummi_ras.online.simulation:has_computed_enough:352 - INFO - runtime_hours*0.99 = 0.495 vs delta_time = 0.3395687749650743 (length 35.5 ns) False False
2025-04-08 15:36:05,410 - [MainProcess:2982] mummi_ras.online.simulation:has_computed_enough:352 - INFO - runtime_hours*0.99 = 0.495 vs delta_time = 0.3401261055469513 (length 35.5 ns) False False
2025-04-08 15:36:07,416 - [MainProcess:2982] mummi_ras.online.simulation:has_computed_enough:352 - INFO - runtime_hours*0.99 = 0.495 vs delta_time = 0.3406834763950772 (length 35.5 ns) False False
2025-04-08 15:36:09,423 - [MainProcess:2982] mummi_ras.online.simulation:has_computed_enough:352 - INFO - runtime_hours*0.99 = 0.495 vs delta_time = 0.3412407945924335 (length 35.5 ns) False False
2025-04-08 15:36:09,475 - [MainProcess:2982] mummi_ras.online.simulation:get_new_frames:399 - INFO - Getting all frame numbers in trajectory from 72 to 72.
2025-04-08 15:36:09,475 - [MainProcess:2982] mummi_ras.online.cg.cganalysis:run_main_analysis:193 - INFO - Process frame 72
2025-04-08 15:36:09,475 - [MainProcess:2982] mummi_ras.online.cg.cganalysis:processFrame:554 - INFO - Load 73 frames: current frame ID /tmp/mummi/cg/structure_iter00_000000000004-20250408_151519/traj_comp.xtc
2025-04-08 15:36:09,486 - [MainProcess:2982] mummi_ras.online.cg.cganalysis:processFrame:580 - INFO - Frame:    72, Time: 36000.000 ps, Bbox = [0, 181.05919, 0, 181.05919]
2025-04-08 15:36:09,487 - [MainProcess:2982] mummi_ras.online.cg.cganalysis:processFrame:584 - INFO - Lengths of layers: 669 26 490
2025-04-08 15:36:09,590 - [MainProcess:2982] mummi_ras.online.cg.cganalysis:processFrame:765 - INFO - Time for analysis - frameNum 72, time 0.11464881896972656 s
2025-04-08 15:36:11,591 - [MainProcess:2982] mummi_ras.online.simulation:has_computed_enough:352 - INFO - runtime_hours*0.99 = 0.495 vs delta_time = 0.3418429354826609 (length 36.0 ns) False False
2025-04-08 15:36:13,597 - [MainProcess:2982] mummi_ras.online.simulation:has_computed_enough:352 - INFO - runtime_hours*0.99 = 0.495 vs delta_time = 0.3424003014299605 (length 36.0 ns) False False
2025-04-08 15:36:15,603 - [MainProcess:2982] mummi_ras.online.simulation:has_computed_enough:352 - INFO - runtime_hours*0.99 = 0.495 vs delta_time = 0.34295761307080586 (length 36.0 ns) False False
2025-04-08 15:36:17,610 - [MainProcess:2982] mummi_ras.online.simulation:has_computed_enough:352 - INFO - runtime_hours*0.99 = 0.495 vs delta_time = 0.3435149661699931 (length 36.0 ns) False False
2025-04-08 15:36:19,616 - [MainProcess:2982] mummi_ras.online.simulation:has_computed_enough:352 - INFO - runtime_hours*0.99 = 0.495 vs delta_time = 0.34407225992944507 (length 36.0 ns) False False
2025-04-08 15:36:21,622 - [MainProcess:2982] mummi_ras.online.simulation:has_computed_enough:352 - INFO - runtime_hours*0.99 = 0.495 vs delta_time = 0.344629531039132 (length 36.0 ns) False False
2025-04-08 15:36:23,628 - [MainProcess:2982] mummi_ras.online.simulation:has_computed_enough:352 - INFO - runtime_hours*0.99 = 0.495 vs delta_time = 0.3451868118180169 (length 36.0 ns) False False
2025-04-08 15:36:25,635 - [MainProcess:2982] mummi_ras.online.simulation:has_computed_enough:352 - INFO - runtime_hours*0.99 = 0.495 vs delta_time = 0.34574408604039086 (length 36.0 ns) False False
2025-04-08 15:36:27,641 - [MainProcess:2982] mummi_ras.online.simulation:has_computed_enough:352 - INFO - runtime_hours*0.99 = 0.495 vs delta_time = 0.3463013873497645 (length 36.0 ns) False False
2025-04-08 15:36:27,693 - [MainProcess:2982] mummi_ras.online.simulation:get_new_frames:399 - INFO - Getting all frame numbers in trajectory from 73 to 73.
2025-04-08 15:36:27,693 - [MainProcess:2982] mummi_ras.online.cg.cganalysis:run_main_analysis:193 - INFO - Process frame 73
2025-04-08 15:36:27,694 - [MainProcess:2982] mummi_ras.online.cg.cganalysis:processFrame:554 - INFO - Load 74 frames: current frame ID /tmp/mummi/cg/structure_iter00_000000000004-20250408_151519/traj_comp.xtc
2025-04-08 15:36:27,705 - [MainProcess:2982] mummi_ras.online.cg.cganalysis:processFrame:580 - INFO - Frame:    73, Time: 36500.000 ps, Bbox = [0, 181.7847, 0, 181.7847]
2025-04-08 15:36:27,705 - [MainProcess:2982] mummi_ras.online.cg.cganalysis:processFrame:584 - INFO - Lengths of layers: 664 34 487
2025-04-08 15:36:27,806 - [MainProcess:2982] mummi_ras.online.cg.cganalysis:processFrame:765 - INFO - Time for analysis - frameNum 73, time 0.11271929740905762 s
2025-04-08 15:36:29,807 - [MainProcess:2982] mummi_ras.online.simulation:has_computed_enough:352 - INFO - runtime_hours*0.99 = 0.495 vs delta_time = 0.34690304974714914 (length 36.5 ns) False False
2025-04-08 15:36:31,813 - [MainProcess:2982] mummi_ras.online.simulation:has_computed_enough:352 - INFO - runtime_hours*0.99 = 0.495 vs delta_time = 0.34746040635638764 (length 36.5 ns) False False
2025-04-08 15:36:33,820 - [MainProcess:2982] mummi_ras.online.simulation:has_computed_enough:352 - INFO - runtime_hours*0.99 = 0.495 vs delta_time = 0.34801774826314713 (length 36.5 ns) False False
2025-04-08 15:36:35,826 - [MainProcess:2982] mummi_ras.online.simulation:has_computed_enough:352 - INFO - runtime_hours*0.99 = 0.495 vs delta_time = 0.3485750470558802 (length 36.5 ns) False False
2025-04-08 15:36:37,833 - [MainProcess:2982] mummi_ras.online.simulation:has_computed_enough:352 - INFO - runtime_hours*0.99 = 0.495 vs delta_time = 0.34913240174452465 (length 36.5 ns) False False
2025-04-08 15:36:39,839 - [MainProcess:2982] mummi_ras.online.simulation:has_computed_enough:352 - INFO - runtime_hours*0.99 = 0.495 vs delta_time = 0.349689685371187 (length 36.5 ns) False False
2025-04-08 15:36:41,846 - [MainProcess:2982] mummi_ras.online.simulation:has_computed_enough:352 - INFO - runtime_hours*0.99 = 0.495 vs delta_time = 0.35024729251861575 (length 36.5 ns) False False
2025-04-08 15:36:43,853 - [MainProcess:2982] mummi_ras.online.simulation:has_computed_enough:352 - INFO - runtime_hours*0.99 = 0.495 vs delta_time = 0.3508046033647325 (length 36.5 ns) False False
2025-04-08 15:36:43,905 - [MainProcess:2982] mummi_ras.online.simulation:get_new_frames:399 - INFO - Getting all frame numbers in trajectory from 74 to 74.
2025-04-08 15:36:43,905 - [MainProcess:2982] mummi_ras.online.cg.cganalysis:run_main_analysis:193 - INFO - Process frame 74
2025-04-08 15:36:43,905 - [MainProcess:2982] mummi_ras.online.cg.cganalysis:processFrame:554 - INFO - Load 75 frames: current frame ID /tmp/mummi/cg/structure_iter00_000000000004-20250408_151519/traj_comp.xtc
2025-04-08 15:36:43,916 - [MainProcess:2982] mummi_ras.online.cg.cganalysis:processFrame:580 - INFO - Frame:    74, Time: 37000.000 ps, Bbox = [0, 182.09619, 0, 182.09619]
2025-04-08 15:36:43,916 - [MainProcess:2982] mummi_ras.online.cg.cganalysis:processFrame:584 - INFO - Lengths of layers: 667 33 485
2025-04-08 15:36:44,018 - [MainProcess:2982] mummi_ras.online.cg.cganalysis:processFrame:765 - INFO - Time for analysis - frameNum 74, time 0.11306262016296387 s
2025-04-08 15:36:46,019 - [MainProcess:2982] mummi_ras.online.simulation:has_computed_enough:352 - INFO - runtime_hours*0.99 = 0.495 vs delta_time = 0.35140631847911413 (length 37.0 ns) False False
2025-04-08 15:36:48,025 - [MainProcess:2982] mummi_ras.online.simulation:has_computed_enough:352 - INFO - runtime_hours*0.99 = 0.495 vs delta_time = 0.35196369349956513 (length 37.0 ns) False False
2025-04-08 15:36:50,031 - [MainProcess:2982] mummi_ras.online.simulation:has_computed_enough:352 - INFO - runtime_hours*0.99 = 0.495 vs delta_time = 0.35252097573545244 (length 37.0 ns) False False
2025-04-08 15:36:52,038 - [MainProcess:2982] mummi_ras.online.simulation:has_computed_enough:352 - INFO - runtime_hours*0.99 = 0.495 vs delta_time = 0.35307830890019737 (length 37.0 ns) False False
2025-04-08 15:36:54,044 - [MainProcess:2982] mummi_ras.online.simulation:has_computed_enough:352 - INFO - runtime_hours*0.99 = 0.495 vs delta_time = 0.35363559656673005 (length 37.0 ns) False False
2025-04-08 15:36:56,050 - [MainProcess:2982] mummi_ras.online.simulation:has_computed_enough:352 - INFO - runtime_hours*0.99 = 0.495 vs delta_time = 0.3541928855578105 (length 37.0 ns) False False
2025-04-08 15:36:58,057 - [MainProcess:2982] mummi_ras.online.simulation:has_computed_enough:352 - INFO - runtime_hours*0.99 = 0.495 vs delta_time = 0.3547501805093553 (length 37.0 ns) False False
2025-04-08 15:37:00,063 - [MainProcess:2982] mummi_ras.online.simulation:has_computed_enough:352 - INFO - runtime_hours*0.99 = 0.495 vs delta_time = 0.3553074614869224 (length 37.0 ns) False False
2025-04-08 15:37:00,116 - [MainProcess:2982] mummi_ras.online.simulation:get_new_frames:399 - INFO - Getting all frame numbers in trajectory from 75 to 75.
2025-04-08 15:37:00,116 - [MainProcess:2982] mummi_ras.online.cg.cganalysis:run_main_analysis:193 - INFO - Process frame 75
2025-04-08 15:37:00,117 - [MainProcess:2982] mummi_ras.online.cg.cganalysis:processFrame:554 - INFO - Load 76 frames: current frame ID /tmp/mummi/cg/structure_iter00_000000000004-20250408_151519/traj_comp.xtc
2025-04-08 15:37:00,128 - [MainProcess:2982] mummi_ras.online.cg.cganalysis:processFrame:580 - INFO - Frame:    75, Time: 37500.000 ps, Bbox = [0, 181.90794, 0, 181.90794]
2025-04-08 15:37:00,128 - [MainProcess:2982] mummi_ras.online.cg.cganalysis:processFrame:584 - INFO - Lengths of layers: 668 29 488
2025-04-08 15:37:00,229 - [MainProcess:2982] mummi_ras.online.cg.cganalysis:processFrame:765 - INFO - Time for analysis - frameNum 75, time 0.11278605461120605 s
2025-04-08 15:37:02,230 - [MainProcess:2982] mummi_ras.online.simulation:has_computed_enough:352 - INFO - runtime_hours*0.99 = 0.495 vs delta_time = 0.3559094836314519 (length 37.5 ns) False False
2025-04-08 15:37:04,237 - [MainProcess:2982] mummi_ras.online.simulation:has_computed_enough:352 - INFO - runtime_hours*0.99 = 0.495 vs delta_time = 0.35646687381797365 (length 37.5 ns) False False
2025-04-08 15:37:06,243 - [MainProcess:2982] mummi_ras.online.simulation:has_computed_enough:352 - INFO - runtime_hours*0.99 = 0.495 vs delta_time = 0.35702418075667486 (length 37.5 ns) False False
2025-04-08 15:37:08,249 - [MainProcess:2982] mummi_ras.online.simulation:has_computed_enough:352 - INFO - runtime_hours*0.99 = 0.495 vs delta_time = 0.3575815060403612 (length 37.5 ns) False False
2025-04-08 15:37:10,256 - [MainProcess:2982] mummi_ras.online.simulation:has_computed_enough:352 - INFO - runtime_hours*0.99 = 0.495 vs delta_time = 0.35813881748252446 (length 37.5 ns) False False
2025-04-08 15:37:12,262 - [MainProcess:2982] mummi_ras.online.simulation:has_computed_enough:352 - INFO - runtime_hours*0.99 = 0.495 vs delta_time = 0.35869615177313485 (length 37.5 ns) False False
2025-04-08 15:37:14,269 - [MainProcess:2982] mummi_ras.online.simulation:has_computed_enough:352 - INFO - runtime_hours*0.99 = 0.495 vs delta_time = 0.3592535002364053 (length 37.5 ns) False False
2025-04-08 15:37:16,275 - [MainProcess:2982] mummi_ras.online.simulation:has_computed_enough:352 - INFO - runtime_hours*0.99 = 0.495 vs delta_time = 0.35981078757180107 (length 37.5 ns) False False
2025-04-08 15:37:18,281 - [MainProcess:2982] mummi_ras.online.simulation:has_computed_enough:352 - INFO - runtime_hours*0.99 = 0.495 vs delta_time = 0.36036817087067496 (length 37.5 ns) False False
2025-04-08 15:37:18,334 - [MainProcess:2982] mummi_ras.online.simulation:get_new_frames:399 - INFO - Getting all frame numbers in trajectory from 76 to 76.
2025-04-08 15:37:18,334 - [MainProcess:2982] mummi_ras.online.cg.cganalysis:run_main_analysis:193 - INFO - Process frame 76
2025-04-08 15:37:18,334 - [MainProcess:2982] mummi_ras.online.cg.cganalysis:processFrame:554 - INFO - Load 77 frames: current frame ID /tmp/mummi/cg/structure_iter00_000000000004-20250408_151519/traj_comp.xtc
2025-04-08 15:37:18,345 - [MainProcess:2982] mummi_ras.online.cg.cganalysis:processFrame:580 - INFO - Frame:    76, Time: 38000.000 ps, Bbox = [0, 181.39915, 0, 181.39915]
2025-04-08 15:37:18,345 - [MainProcess:2982] mummi_ras.online.cg.cganalysis:processFrame:584 - INFO - Lengths of layers: 666 33 486
2025-04-08 15:37:18,447 - [MainProcess:2982] mummi_ras.online.cg.cganalysis:processFrame:765 - INFO - Time for analysis - frameNum 76, time 0.11328768730163574 s
2025-04-08 15:37:20,448 - [MainProcess:2982] mummi_ras.online.simulation:has_computed_enough:352 - INFO - runtime_hours*0.99 = 0.495 vs delta_time = 0.3609699782398012 (length 38.0 ns) False False
2025-04-08 15:37:22,454 - [MainProcess:2982] mummi_ras.online.simulation:has_computed_enough:352 - INFO - runtime_hours*0.99 = 0.495 vs delta_time = 0.3615273197491964 (length 38.0 ns) False False
2025-04-08 15:37:24,461 - [MainProcess:2982] mummi_ras.online.simulation:has_computed_enough:352 - INFO - runtime_hours*0.99 = 0.495 vs delta_time = 0.36208461933665803 (length 38.0 ns) False False
2025-04-08 15:37:26,467 - [MainProcess:2982] mummi_ras.online.simulation:has_computed_enough:352 - INFO - runtime_hours*0.99 = 0.495 vs delta_time = 0.36264195303122204 (length 38.0 ns) False False
2025-04-08 15:37:28,473 - [MainProcess:2982] mummi_ras.online.simulation:has_computed_enough:352 - INFO - runtime_hours*0.99 = 0.495 vs delta_time = 0.3631992608308792 (length 38.0 ns) False False
2025-04-08 15:37:30,480 - [MainProcess:2982] mummi_ras.online.simulation:has_computed_enough:352 - INFO - runtime_hours*0.99 = 0.495 vs delta_time = 0.363756550749143 (length 38.0 ns) False False
2025-04-08 15:37:32,486 - [MainProcess:2982] mummi_ras.online.simulation:has_computed_enough:352 - INFO - runtime_hours*0.99 = 0.495 vs delta_time = 0.3643138939804501 (length 38.0 ns) False False
2025-04-08 15:37:34,492 - [MainProcess:2982] mummi_ras.online.simulation:has_computed_enough:352 - INFO - runtime_hours*0.99 = 0.495 vs delta_time = 0.36487118952804143 (length 38.0 ns) False False
2025-04-08 15:37:34,545 - [MainProcess:2982] mummi_ras.online.simulation:get_new_frames:399 - INFO - Getting all frame numbers in trajectory from 77 to 77.
2025-04-08 15:37:34,545 - [MainProcess:2982] mummi_ras.online.cg.cganalysis:run_main_analysis:193 - INFO - Process frame 77
2025-04-08 15:37:34,545 - [MainProcess:2982] mummi_ras.online.cg.cganalysis:processFrame:554 - INFO - Load 78 frames: current frame ID /tmp/mummi/cg/structure_iter00_000000000004-20250408_151519/traj_comp.xtc
2025-04-08 15:37:34,556 - [MainProcess:2982] mummi_ras.online.cg.cganalysis:processFrame:580 - INFO - Frame:    77, Time: 38500.000 ps, Bbox = [0, 181.6109, 0, 181.6109]
2025-04-08 15:37:34,556 - [MainProcess:2982] mummi_ras.online.cg.cganalysis:processFrame:584 - INFO - Lengths of layers: 665 33 487
2025-04-08 15:37:34,659 - [MainProcess:2982] mummi_ras.online.cg.cganalysis:processFrame:765 - INFO - Time for analysis - frameNum 77, time 0.11380648612976074 s
2025-04-08 15:37:36,660 - [MainProcess:2982] mummi_ras.online.simulation:has_computed_enough:352 - INFO - runtime_hours*0.99 = 0.495 vs delta_time = 0.3654732260439131 (length 38.5 ns) False False
2025-04-08 15:37:38,666 - [MainProcess:2982] mummi_ras.online.simulation:has_computed_enough:352 - INFO - runtime_hours*0.99 = 0.495 vs delta_time = 0.3660306289460924 (length 38.5 ns) False False
2025-04-08 15:37:40,673 - [MainProcess:2982] mummi_ras.online.simulation:has_computed_enough:352 - INFO - runtime_hours*0.99 = 0.495 vs delta_time = 0.3665879393948449 (length 38.5 ns) False False
2025-04-08 15:37:42,679 - [MainProcess:2982] mummi_ras.online.simulation:has_computed_enough:352 - INFO - runtime_hours*0.99 = 0.495 vs delta_time = 0.3671452244122823 (length 38.5 ns) False False
2025-04-08 15:37:44,685 - [MainProcess:2982] mummi_ras.online.simulation:has_computed_enough:352 - INFO - runtime_hours*0.99 = 0.495 vs delta_time = 0.36770255664984386 (length 38.5 ns) False False
2025-04-08 15:37:46,691 - [MainProcess:2982] mummi_ras.online.simulation:has_computed_enough:352 - INFO - runtime_hours*0.99 = 0.495 vs delta_time = 0.3682598623302248 (length 38.5 ns) False False
2025-04-08 15:37:48,698 - [MainProcess:2982] mummi_ras.online.simulation:has_computed_enough:352 - INFO - runtime_hours*0.99 = 0.495 vs delta_time = 0.3688171886073218 (length 38.5 ns) False False
2025-04-08 15:37:50,704 - [MainProcess:2982] mummi_ras.online.simulation:has_computed_enough:352 - INFO - runtime_hours*0.99 = 0.495 vs delta_time = 0.36937449653943377 (length 38.5 ns) False False
2025-04-08 15:37:52,710 - [MainProcess:2982] mummi_ras.online.simulation:has_computed_enough:352 - INFO - runtime_hours*0.99 = 0.495 vs delta_time = 0.36993179632557766 (length 38.5 ns) False False
2025-04-08 15:37:52,763 - [MainProcess:2982] mummi_ras.online.simulation:get_new_frames:399 - INFO - Getting all frame numbers in trajectory from 78 to 78.
2025-04-08 15:37:52,763 - [MainProcess:2982] mummi_ras.online.cg.cganalysis:run_main_analysis:193 - INFO - Process frame 78
2025-04-08 15:37:52,763 - [MainProcess:2982] mummi_ras.online.cg.cganalysis:processFrame:554 - INFO - Load 79 frames: current frame ID /tmp/mummi/cg/structure_iter00_000000000004-20250408_151519/traj_comp.xtc
2025-04-08 15:37:52,774 - [MainProcess:2982] mummi_ras.online.cg.cganalysis:processFrame:580 - INFO - Frame:    78, Time: 39000.000 ps, Bbox = [0, 179.7489, 0, 179.7489]
2025-04-08 15:37:52,774 - [MainProcess:2982] mummi_ras.online.cg.cganalysis:processFrame:584 - INFO - Lengths of layers: 667 35 483
2025-04-08 15:37:52,876 - [MainProcess:2982] mummi_ras.online.cg.cganalysis:processFrame:765 - INFO - Time for analysis - frameNum 78, time 0.11295676231384277 s
2025-04-08 15:37:54,876 - [MainProcess:2982] mummi_ras.online.simulation:has_computed_enough:352 - INFO - runtime_hours*0.99 = 0.495 vs delta_time = 0.37053345845805274 (length 39.0 ns) False False
2025-04-08 15:37:56,883 - [MainProcess:2982] mummi_ras.online.simulation:has_computed_enough:352 - INFO - runtime_hours*0.99 = 0.495 vs delta_time = 0.371090816060702 (length 39.0 ns) False False
2025-04-08 15:37:58,889 - [MainProcess:2982] mummi_ras.online.simulation:has_computed_enough:352 - INFO - runtime_hours*0.99 = 0.495 vs delta_time = 0.371648113793797 (length 39.0 ns) False False
2025-04-08 15:38:00,895 - [MainProcess:2982] mummi_ras.online.simulation:has_computed_enough:352 - INFO - runtime_hours*0.99 = 0.495 vs delta_time = 0.3722054117255741 (length 39.0 ns) False False
2025-04-08 15:38:02,902 - [MainProcess:2982] mummi_ras.online.simulation:has_computed_enough:352 - INFO - runtime_hours*0.99 = 0.495 vs delta_time = 0.37276269276936846 (length 39.0 ns) False False
2025-04-08 15:38:04,908 - [MainProcess:2982] mummi_ras.online.simulation:has_computed_enough:352 - INFO - runtime_hours*0.99 = 0.495 vs delta_time = 0.37332001235749984 (length 39.0 ns) False False
2025-04-08 15:38:06,914 - [MainProcess:2982] mummi_ras.online.simulation:has_computed_enough:352 - INFO - runtime_hours*0.99 = 0.495 vs delta_time = 0.3738772981034385 (length 39.0 ns) False False
2025-04-08 15:38:08,920 - [MainProcess:2982] mummi_ras.online.simulation:has_computed_enough:352 - INFO - runtime_hours*0.99 = 0.495 vs delta_time = 0.3744345917304357 (length 39.0 ns) False False
2025-04-08 15:38:09,093 - [MainProcess:2982] mummi_ras.online.simulation:get_new_frames:399 - INFO - Getting all frame numbers in trajectory from 79 to 79.
2025-04-08 15:38:09,093 - [MainProcess:2982] mummi_ras.online.cg.cganalysis:run_main_analysis:193 - INFO - Process frame 79
2025-04-08 15:38:09,093 - [MainProcess:2982] mummi_ras.online.cg.cganalysis:processFrame:554 - INFO - Load 80 frames: current frame ID /tmp/mummi/cg/structure_iter00_000000000004-20250408_151519/traj_comp.xtc
2025-04-08 15:38:09,104 - [MainProcess:2982] mummi_ras.online.cg.cganalysis:processFrame:580 - INFO - Frame:    79, Time: 39500.000 ps, Bbox = [0, 181.14122, 0, 181.14122]
2025-04-08 15:38:09,104 - [MainProcess:2982] mummi_ras.online.cg.cganalysis:processFrame:584 - INFO - Lengths of layers: 664 37 484
2025-04-08 15:38:09,206 - [MainProcess:2982] mummi_ras.online.cg.cganalysis:processFrame:765 - INFO - Time for analysis - frameNum 79, time 0.11266064643859863 s
2025-04-08 15:38:11,206 - [MainProcess:2982] mummi_ras.online.simulation:has_computed_enough:352 - INFO - runtime_hours*0.99 = 0.495 vs delta_time = 0.37506955689854093 (length 39.5 ns) False False
2025-04-08 15:38:11,213 - [MainProcess:2982] mummi_ras.online.cg.cganalysis:processOutput:92 - INFO - Add feedback for frameNum 70 - state []
2025-04-08 15:38:11,213 - [MainProcess:2982] mummi_ras.online.cg.cganalysis:processOutput:92 - INFO - Add feedback for frameNum 71 - state []
2025-04-08 15:38:11,213 - [MainProcess:2982] mummi_ras.online.cg.cganalysis:processOutput:92 - INFO - Add feedback for frameNum 72 - state []
2025-04-08 15:38:11,213 - [MainProcess:2982] mummi_ras.online.cg.cganalysis:processOutput:92 - INFO - Add feedback for frameNum 73 - state []
2025-04-08 15:38:11,213 - [MainProcess:2982] mummi_ras.online.cg.cganalysis:processOutput:92 - INFO - Add feedback for frameNum 74 - state []
2025-04-08 15:38:11,213 - [MainProcess:2982] mummi_ras.online.cg.cganalysis:processOutput:92 - INFO - Add feedback for frameNum 75 - state []
2025-04-08 15:38:11,214 - [MainProcess:2982] mummi_ras.online.cg.cganalysis:processOutput:92 - INFO - Add feedback for frameNum 76 - state []
2025-04-08 15:38:11,214 - [MainProcess:2982] mummi_ras.online.cg.cganalysis:processOutput:92 - INFO - Add feedback for frameNum 77 - state []
2025-04-08 15:38:11,214 - [MainProcess:2982] mummi_ras.online.cg.cganalysis:processOutput:92 - INFO - Add feedback for frameNum 78 - state []
2025-04-08 15:38:11,214 - [MainProcess:2982] mummi_ras.online.cg.cganalysis:processOutput:92 - INFO - Add feedback for frameNum 79 - state []
2025-04-08 15:38:11,229 - [MainProcess:2982] mummi_core.interfaces.simple:_save_files:91 - INFO - Wrote 10 files to (/p/gpfs1/pottier1/minimummi-sc25/roots/root1/feedback-cg2ml/004)
2025-04-08 15:38:11,229 - [MainProcess:2982] mummi_ras.feedback.feedback_manager_cg2ml:report:118 - INFO - Added 10 frames (from structure_iter00_000000000004) to feedback (/p/gpfs1/pottier1/minimummi-sc25/roots/root1/feedback-cg2ml)
2025-04-08 15:38:11,229 - [MainProcess:2982] mummi_ras.online.cg.cganalysis:processOutput:112 - INFO - processOutput: 79
2025-04-08 15:38:11,229 - [MainProcess:2982] mummi_ras.online.cg.cganalysis:copyRemoteRestart:452 - INFO - Copy to remote frames [70, 71, 72, 73, 74, 75, 76, 77, 78, 79]
sending incremental file list
ener.edr
md.log
mdrun.log
traj_comp.xtc

sent 17,420,124 bytes  received 92 bytes  34,840,432.00 bytes/sec
total size is 20,436,735  speedup is 1.17
2025-04-08 15:38:11,397 - [MainProcess:2982] mummi_core.utils.utilities:sys_call:184 - INFO - Run command: rsync -va --no-g traj_comp.xtc topol.tpr state.cpt ener.edr md.log mdrun.log /p/gpfs1/pottier1/minimummi-sc25/roots/root1/sims-cg/structure_iter00_000000000004 || true
2025-04-08 15:38:11,841 - [MainProcess:2982] mummi_ras.interfaces.mummi:save_analysis_data:253 - INFO - Saved all analysis data for frames [70, 71, 72, 73, 74, 75, 76, 77, 78, 79]
2025-04-08 15:38:11,841 - [MainProcess:2982] mummi_ras.online.cg.cganalysis:copyRemoteLogs:350 - INFO - Copy over log files
2025-04-08 15:38:11,884 - [MainProcess:2982] mummi_core.utils.utilities:sys_call:184 - INFO - Run command: cp -r  /tmp/mummi/cg/structure_iter00_000000000004-20250408_151519/cg_analysis.out /tmp/mummi/cg/structure_iter00_000000000004-20250408_151519/traj_comp.xtc /tmp/mummi/cg/structure_iter00_000000000004-20250408_151519/*.log /p/gpfs1/pottier1/minimummi-sc25/roots/root1/sims-cg/structure_iter00_000000000004/ || true
2025-04-08 15:38:11,885 - [MainProcess:2982] mummi_ras.online.cg.cganalysis:copyRemoteLogs:365 - INFO - copyRemoteLogs =  /tmp/mummi/cg/structure_iter00_000000000004-20250408_151519/cg_analysis.out /tmp/mummi/cg/structure_iter00_000000000004-20250408_151519/traj_comp.xtc /tmp/mummi/cg/structure_iter00_000000000004-20250408_151519/*.log
2025-04-08 15:38:11,885 - [MainProcess:2982] mummi_ras.online.cg.cganalysis:cleanupLocal:375 - WARNING - Copy cleanup local only works for ddcMD files
2025-04-08 15:38:13,885 - [MainProcess:2982] mummi_ras.online.simulation:has_computed_enough:352 - INFO - runtime_hours*0.99 = 0.495 vs delta_time = 0.3758136421442032 (length 39.5 ns) False False
2025-04-08 15:38:15,891 - [MainProcess:2982] mummi_ras.online.simulation:has_computed_enough:352 - INFO - runtime_hours*0.99 = 0.495 vs delta_time = 0.3763709418641196 (length 39.5 ns) False False
2025-04-08 15:38:17,898 - [MainProcess:2982] mummi_ras.online.simulation:has_computed_enough:352 - INFO - runtime_hours*0.99 = 0.495 vs delta_time = 0.3769282188680437 (length 39.5 ns) False False
2025-04-08 15:38:19,904 - [MainProcess:2982] mummi_ras.online.simulation:has_computed_enough:352 - INFO - runtime_hours*0.99 = 0.495 vs delta_time = 0.37748550554116567 (length 39.5 ns) False False
2025-04-08 15:38:21,910 - [MainProcess:2982] mummi_ras.online.simulation:has_computed_enough:352 - INFO - runtime_hours*0.99 = 0.495 vs delta_time = 0.37804279439979127 (length 39.5 ns) False False
2025-04-08 15:38:23,916 - [MainProcess:2982] mummi_ras.online.simulation:has_computed_enough:352 - INFO - runtime_hours*0.99 = 0.495 vs delta_time = 0.37860005107190875 (length 39.5 ns) False False
2025-04-08 15:38:25,923 - [MainProcess:2982] mummi_ras.online.simulation:has_computed_enough:352 - INFO - runtime_hours*0.99 = 0.495 vs delta_time = 0.3791573915878932 (length 39.5 ns) False False
2025-04-08 15:38:25,975 - [MainProcess:2982] mummi_ras.online.simulation:get_new_frames:399 - INFO - Getting all frame numbers in trajectory from 80 to 80.
2025-04-08 15:38:25,975 - [MainProcess:2982] mummi_ras.online.cg.cganalysis:run_main_analysis:193 - INFO - Process frame 80
2025-04-08 15:38:25,975 - [MainProcess:2982] mummi_ras.online.cg.cganalysis:processFrame:554 - INFO - Load 81 frames: current frame ID /tmp/mummi/cg/structure_iter00_000000000004-20250408_151519/traj_comp.xtc
2025-04-08 15:38:25,987 - [MainProcess:2982] mummi_ras.online.cg.cganalysis:processFrame:580 - INFO - Frame:    80, Time: 40000.000 ps, Bbox = [0, 181.30724, 0, 181.30724]
2025-04-08 15:38:25,987 - [MainProcess:2982] mummi_ras.online.cg.cganalysis:processFrame:584 - INFO - Lengths of layers: 663 34 488
2025-04-08 15:38:26,087 - [MainProcess:2982] mummi_ras.online.cg.cganalysis:processFrame:765 - INFO - Time for analysis - frameNum 80, time 0.11152863502502441 s
2025-04-08 15:38:28,088 - [MainProcess:2982] mummi_ras.online.simulation:has_computed_enough:352 - INFO - runtime_hours*0.99 = 0.495 vs delta_time = 0.3797587906652027 (length 40.0 ns) False False
2025-04-08 15:38:30,094 - [MainProcess:2982] mummi_ras.online.simulation:has_computed_enough:352 - INFO - runtime_hours*0.99 = 0.495 vs delta_time = 0.38031619833575353 (length 40.0 ns) False False
2025-04-08 15:38:32,100 - [MainProcess:2982] mummi_ras.online.simulation:has_computed_enough:352 - INFO - runtime_hours*0.99 = 0.495 vs delta_time = 0.38087347971068486 (length 40.0 ns) False False
2025-04-08 15:38:34,107 - [MainProcess:2982] mummi_ras.online.simulation:has_computed_enough:352 - INFO - runtime_hours*0.99 = 0.495 vs delta_time = 0.38143080631891885 (length 40.0 ns) False False
2025-04-08 15:38:36,113 - [MainProcess:2982] mummi_ras.online.simulation:has_computed_enough:352 - INFO - runtime_hours*0.99 = 0.495 vs delta_time = 0.3819880879587597 (length 40.0 ns) False False
2025-04-08 15:38:38,119 - [MainProcess:2982] mummi_ras.online.simulation:has_computed_enough:352 - INFO - runtime_hours*0.99 = 0.495 vs delta_time = 0.38254535648557875 (length 40.0 ns) False False
2025-04-08 15:38:40,126 - [MainProcess:2982] mummi_ras.online.simulation:has_computed_enough:352 - INFO - runtime_hours*0.99 = 0.495 vs delta_time = 0.3831027277310689 (length 40.0 ns) False False
2025-04-08 15:38:42,132 - [MainProcess:2982] mummi_ras.online.simulation:has_computed_enough:352 - INFO - runtime_hours*0.99 = 0.495 vs delta_time = 0.3836599979135725 (length 40.0 ns) False False
2025-04-08 15:38:44,138 - [MainProcess:2982] mummi_ras.online.simulation:has_computed_enough:352 - INFO - runtime_hours*0.99 = 0.495 vs delta_time = 0.38421728849411013 (length 40.0 ns) False False
2025-04-08 15:38:44,191 - [MainProcess:2982] mummi_ras.online.simulation:get_new_frames:399 - INFO - Getting all frame numbers in trajectory from 81 to 81.
2025-04-08 15:38:44,191 - [MainProcess:2982] mummi_ras.online.cg.cganalysis:run_main_analysis:193 - INFO - Process frame 81
2025-04-08 15:38:44,191 - [MainProcess:2982] mummi_ras.online.cg.cganalysis:processFrame:554 - INFO - Load 82 frames: current frame ID /tmp/mummi/cg/structure_iter00_000000000004-20250408_151519/traj_comp.xtc
2025-04-08 15:38:44,202 - [MainProcess:2982] mummi_ras.online.cg.cganalysis:processFrame:580 - INFO - Frame:    81, Time: 40500.000 ps, Bbox = [0, 180.49599, 0, 180.49599]
2025-04-08 15:38:44,202 - [MainProcess:2982] mummi_ras.online.cg.cganalysis:processFrame:584 - INFO - Lengths of layers: 661 28 496
2025-04-08 15:38:44,305 - [MainProcess:2982] mummi_ras.online.cg.cganalysis:processFrame:765 - INFO - Time for analysis - frameNum 81, time 0.11417269706726074 s
2025-04-08 15:38:46,306 - [MainProcess:2982] mummi_ras.online.simulation:has_computed_enough:352 - INFO - runtime_hours*0.99 = 0.495 vs delta_time = 0.3848194870021608 (length 40.5 ns) False False
2025-04-08 15:38:48,313 - [MainProcess:2982] mummi_ras.online.simulation:has_computed_enough:352 - INFO - runtime_hours*0.99 = 0.495 vs delta_time = 0.3853768531481425 (length 40.5 ns) False False
2025-04-08 15:38:50,319 - [MainProcess:2982] mummi_ras.online.simulation:has_computed_enough:352 - INFO - runtime_hours*0.99 = 0.495 vs delta_time = 0.385934198697408 (length 40.5 ns) False False
2025-04-08 15:38:52,325 - [MainProcess:2982] mummi_ras.online.simulation:has_computed_enough:352 - INFO - runtime_hours*0.99 = 0.495 vs delta_time = 0.3864914690785938 (length 40.5 ns) False False
2025-04-08 15:38:54,331 - [MainProcess:2982] mummi_ras.online.simulation:has_computed_enough:352 - INFO - runtime_hours*0.99 = 0.495 vs delta_time = 0.38704875462585026 (length 40.5 ns) False False
2025-04-08 15:38:56,338 - [MainProcess:2982] mummi_ras.online.simulation:has_computed_enough:352 - INFO - runtime_hours*0.99 = 0.495 vs delta_time = 0.3876060437493854 (length 40.5 ns) False False
2025-04-08 15:38:58,344 - [MainProcess:2982] mummi_ras.online.simulation:has_computed_enough:352 - INFO - runtime_hours*0.99 = 0.495 vs delta_time = 0.3881633928749296 (length 40.5 ns) False False
2025-04-08 15:39:00,350 - [MainProcess:2982] mummi_ras.online.simulation:has_computed_enough:352 - INFO - runtime_hours*0.99 = 0.495 vs delta_time = 0.38872066915035247 (length 40.5 ns) False False
2025-04-08 15:39:00,403 - [MainProcess:2982] mummi_ras.online.simulation:get_new_frames:399 - INFO - Getting all frame numbers in trajectory from 82 to 82.
2025-04-08 15:39:00,403 - [MainProcess:2982] mummi_ras.online.cg.cganalysis:run_main_analysis:193 - INFO - Process frame 82
2025-04-08 15:39:00,403 - [MainProcess:2982] mummi_ras.online.cg.cganalysis:processFrame:554 - INFO - Load 83 frames: current frame ID /tmp/mummi/cg/structure_iter00_000000000004-20250408_151519/traj_comp.xtc
2025-04-08 15:39:00,414 - [MainProcess:2982] mummi_ras.online.cg.cganalysis:processFrame:580 - INFO - Frame:    82, Time: 41000.000 ps, Bbox = [0, 179.98564, 0, 179.98564]
2025-04-08 15:39:00,414 - [MainProcess:2982] mummi_ras.online.cg.cganalysis:processFrame:584 - INFO - Lengths of layers: 661 35 489
2025-04-08 15:39:00,514 - [MainProcess:2982] mummi_ras.online.cg.cganalysis:processFrame:765 - INFO - Time for analysis - frameNum 82, time 0.11136937141418457 s
2025-04-08 15:39:02,515 - [MainProcess:2982] mummi_ras.online.simulation:has_computed_enough:352 - INFO - runtime_hours*0.99 = 0.495 vs delta_time = 0.38932197762860193 (length 41.0 ns) False False
2025-04-08 15:39:04,522 - [MainProcess:2982] mummi_ras.online.simulation:has_computed_enough:352 - INFO - runtime_hours*0.99 = 0.495 vs delta_time = 0.3898793629142973 (length 41.0 ns) False False
2025-04-08 15:39:06,528 - [MainProcess:2982] mummi_ras.online.simulation:has_computed_enough:352 - INFO - runtime_hours*0.99 = 0.495 vs delta_time = 0.3904366393884023 (length 41.0 ns) False False
2025-04-08 15:39:08,534 - [MainProcess:2982] mummi_ras.online.simulation:has_computed_enough:352 - INFO - runtime_hours*0.99 = 0.495 vs delta_time = 0.3909939323531257 (length 41.0 ns) False False
2025-04-08 15:39:10,540 - [MainProcess:2982] mummi_ras.online.simulation:has_computed_enough:352 - INFO - runtime_hours*0.99 = 0.495 vs delta_time = 0.39155122909280987 (length 41.0 ns) False False
2025-04-08 15:39:12,547 - [MainProcess:2982] mummi_ras.online.simulation:has_computed_enough:352 - INFO - runtime_hours*0.99 = 0.495 vs delta_time = 0.3921085502703985 (length 41.0 ns) False False
2025-04-08 15:39:14,553 - [MainProcess:2982] mummi_ras.online.simulation:has_computed_enough:352 - INFO - runtime_hours*0.99 = 0.495 vs delta_time = 0.3926658699247572 (length 41.0 ns) False False
2025-04-08 15:39:16,559 - [MainProcess:2982] mummi_ras.online.simulation:has_computed_enough:352 - INFO - runtime_hours*0.99 = 0.495 vs delta_time = 0.39322314739227293 (length 41.0 ns) False False
2025-04-08 15:39:16,768 - [MainProcess:2982] mummi_ras.online.simulation:get_new_frames:399 - INFO - Getting all frame numbers in trajectory from 83 to 83.
2025-04-08 15:39:16,769 - [MainProcess:2982] mummi_ras.online.cg.cganalysis:run_main_analysis:193 - INFO - Process frame 83
2025-04-08 15:39:16,769 - [MainProcess:2982] mummi_ras.online.cg.cganalysis:processFrame:554 - INFO - Load 84 frames: current frame ID /tmp/mummi/cg/structure_iter00_000000000004-20250408_151519/traj_comp.xtc
2025-04-08 15:39:16,780 - [MainProcess:2982] mummi_ras.online.cg.cganalysis:processFrame:580 - INFO - Frame:    83, Time: 41500.000 ps, Bbox = [0, 179.75848, 0, 179.75848]
2025-04-08 15:39:16,780 - [MainProcess:2982] mummi_ras.online.cg.cganalysis:processFrame:584 - INFO - Lengths of layers: 661 32 492
2025-04-08 15:39:16,880 - [MainProcess:2982] mummi_ras.online.cg.cganalysis:processFrame:765 - INFO - Time for analysis - frameNum 83, time 0.11165118217468262 s
2025-04-08 15:39:18,881 - [MainProcess:2982] mummi_ras.online.simulation:has_computed_enough:352 - INFO - runtime_hours*0.99 = 0.495 vs delta_time = 0.3938680844174491 (length 41.5 ns) False False
2025-04-08 15:39:20,888 - [MainProcess:2982] mummi_ras.online.simulation:has_computed_enough:352 - INFO - runtime_hours*0.99 = 0.495 vs delta_time = 0.3944254830810759 (length 41.5 ns) False False
2025-04-08 15:39:22,894 - [MainProcess:2982] mummi_ras.online.simulation:has_computed_enough:352 - INFO - runtime_hours*0.99 = 0.495 vs delta_time = 0.39498279651006063 (length 41.5 ns) False False
2025-04-08 15:39:24,900 - [MainProcess:2982] mummi_ras.online.simulation:has_computed_enough:352 - INFO - runtime_hours*0.99 = 0.495 vs delta_time = 0.395540098812845 (length 41.5 ns) False False
2025-04-08 15:39:26,907 - [MainProcess:2982] mummi_ras.online.simulation:has_computed_enough:352 - INFO - runtime_hours*0.99 = 0.495 vs delta_time = 0.3960973909828398 (length 41.5 ns) False False
2025-04-08 15:39:28,913 - [MainProcess:2982] mummi_ras.online.simulation:has_computed_enough:352 - INFO - runtime_hours*0.99 = 0.495 vs delta_time = 0.39665473130014206 (length 41.5 ns) False False
2025-04-08 15:39:30,919 - [MainProcess:2982] mummi_ras.online.simulation:has_computed_enough:352 - INFO - runtime_hours*0.99 = 0.495 vs delta_time = 0.39721199989318845 (length 41.5 ns) False False
2025-04-08 15:39:32,925 - [MainProcess:2982] mummi_ras.online.simulation:has_computed_enough:352 - INFO - runtime_hours*0.99 = 0.495 vs delta_time = 0.3977692755063375 (length 41.5 ns) False False
2025-04-08 15:39:34,932 - [MainProcess:2982] mummi_ras.online.simulation:has_computed_enough:352 - INFO - runtime_hours*0.99 = 0.495 vs delta_time = 0.3983265611860487 (length 41.5 ns) False False
2025-04-08 15:39:34,984 - [MainProcess:2982] mummi_ras.online.simulation:get_new_frames:399 - INFO - Getting all frame numbers in trajectory from 84 to 84.
2025-04-08 15:39:34,984 - [MainProcess:2982] mummi_ras.online.cg.cganalysis:run_main_analysis:193 - INFO - Process frame 84
2025-04-08 15:39:34,984 - [MainProcess:2982] mummi_ras.online.cg.cganalysis:processFrame:554 - INFO - Load 85 frames: current frame ID /tmp/mummi/cg/structure_iter00_000000000004-20250408_151519/traj_comp.xtc
2025-04-08 15:39:34,995 - [MainProcess:2982] mummi_ras.online.cg.cganalysis:processFrame:580 - INFO - Frame:    84, Time: 42000.000 ps, Bbox = [0, 180.24185, 0, 180.24185]
2025-04-08 15:39:34,996 - [MainProcess:2982] mummi_ras.online.cg.cganalysis:processFrame:584 - INFO - Lengths of layers: 660 34 491
2025-04-08 15:39:35,096 - [MainProcess:2982] mummi_ras.online.cg.cganalysis:processFrame:765 - INFO - Time for analysis - frameNum 84, time 0.11163139343261719 s
2025-04-08 15:39:37,097 - [MainProcess:2982] mummi_ras.online.simulation:has_computed_enough:352 - INFO - runtime_hours*0.99 = 0.495 vs delta_time = 0.39892798052893746 (length 42.0 ns) False False
2025-04-08 15:39:39,103 - [MainProcess:2982] mummi_ras.online.simulation:has_computed_enough:352 - INFO - runtime_hours*0.99 = 0.495 vs delta_time = 0.39948531203799775 (length 42.0 ns) False False
2025-04-08 15:39:41,110 - [MainProcess:2982] mummi_ras.online.simulation:has_computed_enough:352 - INFO - runtime_hours*0.99 = 0.495 vs delta_time = 0.4000426569912169 (length 42.0 ns) False False
2025-04-08 15:39:43,116 - [MainProcess:2982] mummi_ras.online.simulation:has_computed_enough:352 - INFO - runtime_hours*0.99 = 0.495 vs delta_time = 0.40059999148050945 (length 42.0 ns) False False
2025-04-08 15:39:45,122 - [MainProcess:2982] mummi_ras.online.simulation:has_computed_enough:352 - INFO - runtime_hours*0.99 = 0.495 vs delta_time = 0.401157254046864 (length 42.0 ns) False False
2025-04-08 15:39:47,128 - [MainProcess:2982] mummi_ras.online.simulation:has_computed_enough:352 - INFO - runtime_hours*0.99 = 0.495 vs delta_time = 0.40171453330251905 (length 42.0 ns) False False
2025-04-08 15:39:49,135 - [MainProcess:2982] mummi_ras.online.simulation:has_computed_enough:352 - INFO - runtime_hours*0.99 = 0.495 vs delta_time = 0.4022718320290248 (length 42.0 ns) False False
2025-04-08 15:39:51,141 - [MainProcess:2982] mummi_ras.online.simulation:has_computed_enough:352 - INFO - runtime_hours*0.99 = 0.495 vs delta_time = 0.40282915936575997 (length 42.0 ns) False False
2025-04-08 15:39:51,194 - [MainProcess:2982] mummi_ras.online.simulation:get_new_frames:399 - INFO - Getting all frame numbers in trajectory from 85 to 85.
2025-04-08 15:39:51,194 - [MainProcess:2982] mummi_ras.online.cg.cganalysis:run_main_analysis:193 - INFO - Process frame 85
2025-04-08 15:39:51,194 - [MainProcess:2982] mummi_ras.online.cg.cganalysis:processFrame:554 - INFO - Load 86 frames: current frame ID /tmp/mummi/cg/structure_iter00_000000000004-20250408_151519/traj_comp.xtc
2025-04-08 15:39:51,205 - [MainProcess:2982] mummi_ras.online.cg.cganalysis:processFrame:580 - INFO - Frame:    85, Time: 42500.000 ps, Bbox = [0, 179.6241, 0, 179.6241]
2025-04-08 15:39:51,206 - [MainProcess:2982] mummi_ras.online.cg.cganalysis:processFrame:584 - INFO - Lengths of layers: 661 33 491
2025-04-08 15:39:51,306 - [MainProcess:2982] mummi_ras.online.cg.cganalysis:processFrame:765 - INFO - Time for analysis - frameNum 85, time 0.11177539825439453 s
2025-04-08 15:39:53,307 - [MainProcess:2982] mummi_ras.online.simulation:has_computed_enough:352 - INFO - runtime_hours*0.99 = 0.495 vs delta_time = 0.4034307465288374 (length 42.5 ns) False False
2025-04-08 15:39:55,313 - [MainProcess:2982] mummi_ras.online.simulation:has_computed_enough:352 - INFO - runtime_hours*0.99 = 0.495 vs delta_time = 0.4039880912833744 (length 42.5 ns) False False
2025-04-08 15:39:57,319 - [MainProcess:2982] mummi_ras.online.simulation:has_computed_enough:352 - INFO - runtime_hours*0.99 = 0.495 vs delta_time = 0.40454537795649637 (length 42.5 ns) False False
2025-04-08 15:39:59,326 - [MainProcess:2982] mummi_ras.online.simulation:has_computed_enough:352 - INFO - runtime_hours*0.99 = 0.495 vs delta_time = 0.40510272178384993 (length 42.5 ns) False False
2025-04-08 15:40:01,332 - [MainProcess:2982] mummi_ras.online.simulation:has_computed_enough:352 - INFO - runtime_hours*0.99 = 0.495 vs delta_time = 0.40566000792715284 (length 42.5 ns) False False
2025-04-08 15:40:03,338 - [MainProcess:2982] mummi_ras.online.simulation:has_computed_enough:352 - INFO - runtime_hours*0.99 = 0.495 vs delta_time = 0.4062173532777362 (length 42.5 ns) False False
2025-04-08 15:40:05,345 - [MainProcess:2982] mummi_ras.online.simulation:has_computed_enough:352 - INFO - runtime_hours*0.99 = 0.495 vs delta_time = 0.40677464385827383 (length 42.5 ns) False False
2025-04-08 15:40:07,351 - [MainProcess:2982] mummi_ras.online.simulation:has_computed_enough:352 - INFO - runtime_hours*0.99 = 0.495 vs delta_time = 0.40733198192384507 (length 42.5 ns) False False
2025-04-08 15:40:09,357 - [MainProcess:2982] mummi_ras.online.simulation:has_computed_enough:352 - INFO - runtime_hours*0.99 = 0.495 vs delta_time = 0.4078892692592409 (length 42.5 ns) False False
2025-04-08 15:40:09,410 - [MainProcess:2982] mummi_ras.online.simulation:get_new_frames:399 - INFO - Getting all frame numbers in trajectory from 86 to 86.
2025-04-08 15:40:09,410 - [MainProcess:2982] mummi_ras.online.cg.cganalysis:run_main_analysis:193 - INFO - Process frame 86
2025-04-08 15:40:09,410 - [MainProcess:2982] mummi_ras.online.cg.cganalysis:processFrame:554 - INFO - Load 87 frames: current frame ID /tmp/mummi/cg/structure_iter00_000000000004-20250408_151519/traj_comp.xtc
2025-04-08 15:40:09,421 - [MainProcess:2982] mummi_ras.online.cg.cganalysis:processFrame:580 - INFO - Frame:    86, Time: 43000.000 ps, Bbox = [0, 180.84154, 0, 180.84154]
2025-04-08 15:40:09,422 - [MainProcess:2982] mummi_ras.online.cg.cganalysis:processFrame:584 - INFO - Lengths of layers: 663 29 493
2025-04-08 15:40:09,522 - [MainProcess:2982] mummi_ras.online.cg.cganalysis:processFrame:765 - INFO - Time for analysis - frameNum 86, time 0.11171793937683105 s
2025-04-08 15:40:11,523 - [MainProcess:2982] mummi_ras.online.simulation:has_computed_enough:352 - INFO - runtime_hours*0.99 = 0.495 vs delta_time = 0.40849074257744683 (length 43.0 ns) False False
2025-04-08 15:40:13,529 - [MainProcess:2982] mummi_ras.online.simulation:has_computed_enough:352 - INFO - runtime_hours*0.99 = 0.495 vs delta_time = 0.4090480785899692 (length 43.0 ns) False False
2025-04-08 15:40:15,535 - [MainProcess:2982] mummi_ras.online.simulation:has_computed_enough:352 - INFO - runtime_hours*0.99 = 0.495 vs delta_time = 0.40960540142324237 (length 43.0 ns) False False
2025-04-08 15:40:17,542 - [MainProcess:2982] mummi_ras.online.simulation:has_computed_enough:352 - INFO - runtime_hours*0.99 = 0.495 vs delta_time = 0.4101627203490999 (length 43.0 ns) False False
2025-04-08 15:40:19,548 - [MainProcess:2982] mummi_ras.online.simulation:has_computed_enough:352 - INFO - runtime_hours*0.99 = 0.495 vs delta_time = 0.4107200782828861 (length 43.0 ns) False False
2025-04-08 15:40:21,554 - [MainProcess:2982] mummi_ras.online.simulation:has_computed_enough:352 - INFO - runtime_hours*0.99 = 0.495 vs delta_time = 0.41127736747264865 (length 43.0 ns) False False
2025-04-08 15:40:23,561 - [MainProcess:2982] mummi_ras.online.simulation:has_computed_enough:352 - INFO - runtime_hours*0.99 = 0.495 vs delta_time = 0.41183464533752867 (length 43.0 ns) False False
2025-04-08 15:40:25,567 - [MainProcess:2982] mummi_ras.online.simulation:has_computed_enough:352 - INFO - runtime_hours*0.99 = 0.495 vs delta_time = 0.41239195618364544 (length 43.0 ns) False False
2025-04-08 15:40:25,622 - [MainProcess:2982] mummi_ras.online.simulation:get_new_frames:399 - INFO - Getting all frame numbers in trajectory from 87 to 87.
2025-04-08 15:40:25,622 - [MainProcess:2982] mummi_ras.online.cg.cganalysis:run_main_analysis:193 - INFO - Process frame 87
2025-04-08 15:40:25,622 - [MainProcess:2982] mummi_ras.online.cg.cganalysis:processFrame:554 - INFO - Load 88 frames: current frame ID /tmp/mummi/cg/structure_iter00_000000000004-20250408_151519/traj_comp.xtc
2025-04-08 15:40:25,633 - [MainProcess:2982] mummi_ras.online.cg.cganalysis:processFrame:580 - INFO - Frame:    87, Time: 43500.000 ps, Bbox = [0, 181.06213, 0, 181.06213]
2025-04-08 15:40:25,633 - [MainProcess:2982] mummi_ras.online.cg.cganalysis:processFrame:584 - INFO - Lengths of layers: 664 28 493
2025-04-08 15:40:25,733 - [MainProcess:2982] mummi_ras.online.cg.cganalysis:processFrame:765 - INFO - Time for analysis - frameNum 87, time 0.11145997047424316 s
2025-04-08 15:40:27,734 - [MainProcess:2982] mummi_ras.online.simulation:has_computed_enough:352 - INFO - runtime_hours*0.99 = 0.495 vs delta_time = 0.41299392176998984 (length 43.5 ns) False False
2025-04-08 15:40:29,741 - [MainProcess:2982] mummi_ras.online.simulation:has_computed_enough:352 - INFO - runtime_hours*0.99 = 0.495 vs delta_time = 0.41355127182271745 (length 43.5 ns) False False
2025-04-08 15:40:31,747 - [MainProcess:2982] mummi_ras.online.simulation:has_computed_enough:352 - INFO - runtime_hours*0.99 = 0.495 vs delta_time = 0.41410855763488347 (length 43.5 ns) False False
2025-04-08 15:40:33,753 - [MainProcess:2982] mummi_ras.online.simulation:has_computed_enough:352 - INFO - runtime_hours*0.99 = 0.495 vs delta_time = 0.41466587093141344 (length 43.5 ns) False False
2025-04-08 15:40:35,759 - [MainProcess:2982] mummi_ras.online.simulation:has_computed_enough:352 - INFO - runtime_hours*0.99 = 0.495 vs delta_time = 0.41522314217355516 (length 43.5 ns) False False
2025-04-08 15:40:37,765 - [MainProcess:2982] mummi_ras.online.simulation:has_computed_enough:352 - INFO - runtime_hours*0.99 = 0.495 vs delta_time = 0.4157804134156969 (length 43.5 ns) False False
2025-04-08 15:40:39,772 - [MainProcess:2982] mummi_ras.online.simulation:has_computed_enough:352 - INFO - runtime_hours*0.99 = 0.495 vs delta_time = 0.4163376949893104 (length 43.5 ns) False False
2025-04-08 15:40:41,778 - [MainProcess:2982] mummi_ras.online.simulation:has_computed_enough:352 - INFO - runtime_hours*0.99 = 0.495 vs delta_time = 0.41689502755800883 (length 43.5 ns) False False
2025-04-08 15:40:41,832 - [MainProcess:2982] mummi_ras.online.simulation:get_new_frames:399 - INFO - Getting all frame numbers in trajectory from 88 to 88.
2025-04-08 15:40:41,832 - [MainProcess:2982] mummi_ras.online.cg.cganalysis:run_main_analysis:193 - INFO - Process frame 88
2025-04-08 15:40:41,832 - [MainProcess:2982] mummi_ras.online.cg.cganalysis:processFrame:554 - INFO - Load 89 frames: current frame ID /tmp/mummi/cg/structure_iter00_000000000004-20250408_151519/traj_comp.xtc
2025-04-08 15:40:41,843 - [MainProcess:2982] mummi_ras.online.cg.cganalysis:processFrame:580 - INFO - Frame:    88, Time: 44000.000 ps, Bbox = [0, 180.96373, 0, 180.96373]
2025-04-08 15:40:41,843 - [MainProcess:2982] mummi_ras.online.cg.cganalysis:processFrame:584 - INFO - Lengths of layers: 662 27 496
2025-04-08 15:40:41,944 - [MainProcess:2982] mummi_ras.online.cg.cganalysis:processFrame:765 - INFO - Time for analysis - frameNum 88, time 0.11165666580200195 s
2025-04-08 15:40:43,944 - [MainProcess:2982] mummi_ras.online.simulation:has_computed_enough:352 - INFO - runtime_hours*0.99 = 0.495 vs delta_time = 0.4174967968463898 (length 44.0 ns) False False
2025-04-08 15:40:45,951 - [MainProcess:2982] mummi_ras.online.simulation:has_computed_enough:352 - INFO - runtime_hours*0.99 = 0.495 vs delta_time = 0.4180541180902057 (length 44.0 ns) False False
2025-04-08 15:40:47,957 - [MainProcess:2982] mummi_ras.online.simulation:has_computed_enough:352 - INFO - runtime_hours*0.99 = 0.495 vs delta_time = 0.41861147112316555 (length 44.0 ns) False False
2025-04-08 15:40:49,963 - [MainProcess:2982] mummi_ras.online.simulation:has_computed_enough:352 - INFO - runtime_hours*0.99 = 0.495 vs delta_time = 0.4191687532928255 (length 44.0 ns) False False
2025-04-08 15:40:51,970 - [MainProcess:2982] mummi_ras.online.simulation:has_computed_enough:352 - INFO - runtime_hours*0.99 = 0.495 vs delta_time = 0.41972604003217484 (length 44.0 ns) False False
2025-04-08 15:40:53,976 - [MainProcess:2982] mummi_ras.online.simulation:has_computed_enough:352 - INFO - runtime_hours*0.99 = 0.495 vs delta_time = 0.42028334809674156 (length 44.0 ns) False False
2025-04-08 15:40:55,982 - [MainProcess:2982] mummi_ras.online.simulation:has_computed_enough:352 - INFO - runtime_hours*0.99 = 0.495 vs delta_time = 0.4208406319220861 (length 44.0 ns) False False
2025-04-08 15:40:57,989 - [MainProcess:2982] mummi_ras.online.simulation:has_computed_enough:352 - INFO - runtime_hours*0.99 = 0.495 vs delta_time = 0.4213979391919242 (length 44.0 ns) False False
2025-04-08 15:40:59,995 - [MainProcess:2982] mummi_ras.online.simulation:has_computed_enough:352 - INFO - runtime_hours*0.99 = 0.495 vs delta_time = 0.4219552476538552 (length 44.0 ns) False False
2025-04-08 15:41:00,052 - [MainProcess:2982] mummi_ras.online.simulation:get_new_frames:399 - INFO - Getting all frame numbers in trajectory from 89 to 89.
2025-04-08 15:41:00,053 - [MainProcess:2982] mummi_ras.online.cg.cganalysis:run_main_analysis:193 - INFO - Process frame 89
2025-04-08 15:41:00,053 - [MainProcess:2982] mummi_ras.online.cg.cganalysis:processFrame:554 - INFO - Load 90 frames: current frame ID /tmp/mummi/cg/structure_iter00_000000000004-20250408_151519/traj_comp.xtc
2025-04-08 15:41:00,064 - [MainProcess:2982] mummi_ras.online.cg.cganalysis:processFrame:580 - INFO - Frame:    89, Time: 44500.000 ps, Bbox = [0, 180.43591, 0, 180.43591]
2025-04-08 15:41:00,064 - [MainProcess:2982] mummi_ras.online.cg.cganalysis:processFrame:584 - INFO - Lengths of layers: 663 28 494
2025-04-08 15:41:00,164 - [MainProcess:2982] mummi_ras.online.cg.cganalysis:processFrame:765 - INFO - Time for analysis - frameNum 89, time 0.11140751838684082 s
2025-04-08 15:41:02,165 - [MainProcess:2982] mummi_ras.online.simulation:has_computed_enough:352 - INFO - runtime_hours*0.99 = 0.495 vs delta_time = 0.4225579937961366 (length 44.5 ns) False False
2025-04-08 15:41:02,171 - [MainProcess:2982] mummi_ras.online.cg.cganalysis:processOutput:92 - INFO - Add feedback for frameNum 80 - state []
2025-04-08 15:41:02,171 - [MainProcess:2982] mummi_ras.online.cg.cganalysis:processOutput:92 - INFO - Add feedback for frameNum 81 - state []
2025-04-08 15:41:02,171 - [MainProcess:2982] mummi_ras.online.cg.cganalysis:processOutput:92 - INFO - Add feedback for frameNum 82 - state []
2025-04-08 15:41:02,172 - [MainProcess:2982] mummi_ras.online.cg.cganalysis:processOutput:92 - INFO - Add feedback for frameNum 83 - state []
2025-04-08 15:41:02,172 - [MainProcess:2982] mummi_ras.online.cg.cganalysis:processOutput:92 - INFO - Add feedback for frameNum 84 - state []
2025-04-08 15:41:02,172 - [MainProcess:2982] mummi_ras.online.cg.cganalysis:processOutput:92 - INFO - Add feedback for frameNum 85 - state []
2025-04-08 15:41:02,172 - [MainProcess:2982] mummi_ras.online.cg.cganalysis:processOutput:92 - INFO - Add feedback for frameNum 86 - state []
2025-04-08 15:41:02,172 - [MainProcess:2982] mummi_ras.online.cg.cganalysis:processOutput:92 - INFO - Add feedback for frameNum 87 - state []
2025-04-08 15:41:02,172 - [MainProcess:2982] mummi_ras.online.cg.cganalysis:processOutput:92 - INFO - Add feedback for frameNum 88 - state []
2025-04-08 15:41:02,172 - [MainProcess:2982] mummi_ras.online.cg.cganalysis:processOutput:92 - INFO - Add feedback for frameNum 89 - state []
2025-04-08 15:41:02,187 - [MainProcess:2982] mummi_core.interfaces.simple:_save_files:91 - INFO - Wrote 10 files to (/p/gpfs1/pottier1/minimummi-sc25/roots/root1/feedback-cg2ml/004)
2025-04-08 15:41:02,187 - [MainProcess:2982] mummi_ras.feedback.feedback_manager_cg2ml:report:118 - INFO - Added 10 frames (from structure_iter00_000000000004) to feedback (/p/gpfs1/pottier1/minimummi-sc25/roots/root1/feedback-cg2ml)
2025-04-08 15:41:02,188 - [MainProcess:2982] mummi_ras.online.cg.cganalysis:processOutput:112 - INFO - processOutput: 89
2025-04-08 15:41:02,188 - [MainProcess:2982] mummi_ras.online.cg.cganalysis:copyRemoteRestart:452 - INFO - Copy to remote frames [80, 81, 82, 83, 84, 85, 86, 87, 88, 89]
sending incremental file list
ener.edr
md.log
mdrun.log
traj_comp.xtc

sent 19,593,581 bytes  received 92 bytes  39,187,346.00 bytes/sec
total size is 22,609,661  speedup is 1.15
2025-04-08 15:41:02,330 - [MainProcess:2982] mummi_core.utils.utilities:sys_call:184 - INFO - Run command: rsync -va --no-g traj_comp.xtc topol.tpr state.cpt ener.edr md.log mdrun.log /p/gpfs1/pottier1/minimummi-sc25/roots/root1/sims-cg/structure_iter00_000000000004 || true
2025-04-08 15:41:02,781 - [MainProcess:2982] mummi_ras.interfaces.mummi:save_analysis_data:253 - INFO - Saved all analysis data for frames [80, 81, 82, 83, 84, 85, 86, 87, 88, 89]
2025-04-08 15:41:02,781 - [MainProcess:2982] mummi_ras.online.cg.cganalysis:copyRemoteLogs:350 - INFO - Copy over log files
2025-04-08 15:41:02,825 - [MainProcess:2982] mummi_core.utils.utilities:sys_call:184 - INFO - Run command: cp -r  /tmp/mummi/cg/structure_iter00_000000000004-20250408_151519/cg_analysis.out /tmp/mummi/cg/structure_iter00_000000000004-20250408_151519/traj_comp.xtc /tmp/mummi/cg/structure_iter00_000000000004-20250408_151519/*.log /p/gpfs1/pottier1/minimummi-sc25/roots/root1/sims-cg/structure_iter00_000000000004/ || true
2025-04-08 15:41:02,825 - [MainProcess:2982] mummi_ras.online.cg.cganalysis:copyRemoteLogs:365 - INFO - copyRemoteLogs =  /tmp/mummi/cg/structure_iter00_000000000004-20250408_151519/cg_analysis.out /tmp/mummi/cg/structure_iter00_000000000004-20250408_151519/traj_comp.xtc /tmp/mummi/cg/structure_iter00_000000000004-20250408_151519/*.log
2025-04-08 15:41:02,825 - [MainProcess:2982] mummi_ras.online.cg.cganalysis:cleanupLocal:375 - WARNING - Copy cleanup local only works for ddcMD files
2025-04-08 15:41:04,825 - [MainProcess:2982] mummi_ras.online.simulation:has_computed_enough:352 - INFO - runtime_hours*0.99 = 0.495 vs delta_time = 0.4232970607280731 (length 44.5 ns) False False
2025-04-08 15:41:06,832 - [MainProcess:2982] mummi_ras.online.simulation:has_computed_enough:352 - INFO - runtime_hours*0.99 = 0.495 vs delta_time = 0.4238544523715973 (length 44.5 ns) False False
2025-04-08 15:41:08,838 - [MainProcess:2982] mummi_ras.online.simulation:has_computed_enough:352 - INFO - runtime_hours*0.99 = 0.495 vs delta_time = 0.42441175295246975 (length 44.5 ns) False False
2025-04-08 15:41:10,845 - [MainProcess:2982] mummi_ras.online.simulation:has_computed_enough:352 - INFO - runtime_hours*0.99 = 0.495 vs delta_time = 0.4249690600898531 (length 44.5 ns) False False
2025-04-08 15:41:12,851 - [MainProcess:2982] mummi_ras.online.simulation:has_computed_enough:352 - INFO - runtime_hours*0.99 = 0.495 vs delta_time = 0.42552635623349083 (length 44.5 ns) False False
2025-04-08 15:41:14,857 - [MainProcess:2982] mummi_ras.online.simulation:has_computed_enough:352 - INFO - runtime_hours*0.99 = 0.495 vs delta_time = 0.426083698603842 (length 44.5 ns) False False
2025-04-08 15:41:16,864 - [MainProcess:2982] mummi_ras.online.simulation:has_computed_enough:352 - INFO - runtime_hours*0.99 = 0.495 vs delta_time = 0.42664099938339656 (length 44.5 ns) False False
2025-04-08 15:41:16,916 - [MainProcess:2982] mummi_ras.online.simulation:get_new_frames:399 - INFO - Getting all frame numbers in trajectory from 90 to 90.
2025-04-08 15:41:16,916 - [MainProcess:2982] mummi_ras.online.cg.cganalysis:run_main_analysis:193 - INFO - Process frame 90
2025-04-08 15:41:16,917 - [MainProcess:2982] mummi_ras.online.cg.cganalysis:processFrame:554 - INFO - Load 91 frames: current frame ID /tmp/mummi/cg/structure_iter00_000000000004-20250408_151519/traj_comp.xtc
2025-04-08 15:41:16,928 - [MainProcess:2982] mummi_ras.online.cg.cganalysis:processFrame:580 - INFO - Frame:    90, Time: 45000.000 ps, Bbox = [0, 180.39223, 0, 180.39223]
2025-04-08 15:41:16,928 - [MainProcess:2982] mummi_ras.online.cg.cganalysis:processFrame:584 - INFO - Lengths of layers: 664 30 491
2025-04-08 15:41:17,031 - [MainProcess:2982] mummi_ras.online.cg.cganalysis:processFrame:765 - INFO - Time for analysis - frameNum 90, time 0.11453700065612793 s
2025-04-08 15:41:19,032 - [MainProcess:2982] mummi_ras.online.simulation:has_computed_enough:352 - INFO - runtime_hours*0.99 = 0.495 vs delta_time = 0.4272432774967617 (length 45.0 ns) False False
2025-04-08 15:41:21,038 - [MainProcess:2982] mummi_ras.online.simulation:has_computed_enough:352 - INFO - runtime_hours*0.99 = 0.495 vs delta_time = 0.42780064198705886 (length 45.0 ns) False False
2025-04-08 15:41:23,045 - [MainProcess:2982] mummi_ras.online.simulation:has_computed_enough:352 - INFO - runtime_hours*0.99 = 0.495 vs delta_time = 0.4283579699198405 (length 45.0 ns) False False
2025-04-08 15:41:25,051 - [MainProcess:2982] mummi_ras.online.simulation:has_computed_enough:352 - INFO - runtime_hours*0.99 = 0.495 vs delta_time = 0.42891527275244395 (length 45.0 ns) False False
2025-04-08 15:41:27,057 - [MainProcess:2982] mummi_ras.online.simulation:has_computed_enough:352 - INFO - runtime_hours*0.99 = 0.495 vs delta_time = 0.42947258353233336 (length 45.0 ns) False False
2025-04-08 15:41:29,063 - [MainProcess:2982] mummi_ras.online.simulation:has_computed_enough:352 - INFO - runtime_hours*0.99 = 0.495 vs delta_time = 0.43002986133098603 (length 45.0 ns) False False
2025-04-08 15:41:31,070 - [MainProcess:2982] mummi_ras.online.simulation:has_computed_enough:352 - INFO - runtime_hours*0.99 = 0.495 vs delta_time = 0.430587180323071 (length 45.0 ns) False False
2025-04-08 15:41:33,076 - [MainProcess:2982] mummi_ras.online.simulation:has_computed_enough:352 - INFO - runtime_hours*0.99 = 0.495 vs delta_time = 0.4311445081896252 (length 45.0 ns) False False
2025-04-08 15:41:33,130 - [MainProcess:2982] mummi_ras.online.simulation:get_new_frames:399 - INFO - Getting all frame numbers in trajectory from 91 to 91.
2025-04-08 15:41:33,130 - [MainProcess:2982] mummi_ras.online.cg.cganalysis:run_main_analysis:193 - INFO - Process frame 91
2025-04-08 15:41:33,130 - [MainProcess:2982] mummi_ras.online.cg.cganalysis:processFrame:554 - INFO - Load 92 frames: current frame ID /tmp/mummi/cg/structure_iter00_000000000004-20250408_151519/traj_comp.xtc
2025-04-08 15:41:33,141 - [MainProcess:2982] mummi_ras.online.cg.cganalysis:processFrame:580 - INFO - Frame:    91, Time: 45500.000 ps, Bbox = [0, 180.32684, 0, 180.32684]
2025-04-08 15:41:33,142 - [MainProcess:2982] mummi_ras.online.cg.cganalysis:processFrame:584 - INFO - Lengths of layers: 661 33 491
2025-04-08 15:41:33,245 - [MainProcess:2982] mummi_ras.online.cg.cganalysis:processFrame:765 - INFO - Time for analysis - frameNum 91, time 0.11440563201904297 s
2025-04-08 15:41:35,245 - [MainProcess:2982] mummi_ras.online.simulation:has_computed_enough:352 - INFO - runtime_hours*0.99 = 0.495 vs delta_time = 0.43174707021978165 (length 45.5 ns) False False
2025-04-08 15:41:37,252 - [MainProcess:2982] mummi_ras.online.simulation:has_computed_enough:352 - INFO - runtime_hours*0.99 = 0.495 vs delta_time = 0.4323044382201301 (length 45.5 ns) False False
2025-04-08 15:41:39,258 - [MainProcess:2982] mummi_ras.online.simulation:has_computed_enough:352 - INFO - runtime_hours*0.99 = 0.495 vs delta_time = 0.43286172754234736 (length 45.5 ns) False False
2025-04-08 15:41:41,264 - [MainProcess:2982] mummi_ras.online.simulation:has_computed_enough:352 - INFO - runtime_hours*0.99 = 0.495 vs delta_time = 0.4334190407064226 (length 45.5 ns) False False
2025-04-08 15:41:43,271 - [MainProcess:2982] mummi_ras.online.simulation:has_computed_enough:352 - INFO - runtime_hours*0.99 = 0.495 vs delta_time = 0.43397635022799175 (length 45.5 ns) False False
2025-04-08 15:41:45,277 - [MainProcess:2982] mummi_ras.online.simulation:has_computed_enough:352 - INFO - runtime_hours*0.99 = 0.495 vs delta_time = 0.43453367756472694 (length 45.5 ns) False False
2025-04-08 15:41:47,284 - [MainProcess:2982] mummi_ras.online.simulation:has_computed_enough:352 - INFO - runtime_hours*0.99 = 0.495 vs delta_time = 0.43509100132518347 (length 45.5 ns) False False
2025-04-08 15:41:49,290 - [MainProcess:2982] mummi_ras.online.simulation:has_computed_enough:352 - INFO - runtime_hours*0.99 = 0.495 vs delta_time = 0.4356483526362313 (length 45.5 ns) False False
2025-04-08 15:41:51,296 - [MainProcess:2982] mummi_ras.online.simulation:has_computed_enough:352 - INFO - runtime_hours*0.99 = 0.495 vs delta_time = 0.4362056901719835 (length 45.5 ns) False False
2025-04-08 15:41:51,349 - [MainProcess:2982] mummi_ras.online.simulation:get_new_frames:399 - INFO - Getting all frame numbers in trajectory from 92 to 92.
2025-04-08 15:41:51,349 - [MainProcess:2982] mummi_ras.online.cg.cganalysis:run_main_analysis:193 - INFO - Process frame 92
2025-04-08 15:41:51,349 - [MainProcess:2982] mummi_ras.online.cg.cganalysis:processFrame:554 - INFO - Load 93 frames: current frame ID /tmp/mummi/cg/structure_iter00_000000000004-20250408_151519/traj_comp.xtc
2025-04-08 15:41:51,360 - [MainProcess:2982] mummi_ras.online.cg.cganalysis:processFrame:580 - INFO - Frame:    92, Time: 46000.000 ps, Bbox = [0, 180.15923, 0, 180.15923]
2025-04-08 15:41:51,361 - [MainProcess:2982] mummi_ras.online.cg.cganalysis:processFrame:584 - INFO - Lengths of layers: 660 36 489
2025-04-08 15:41:51,463 - [MainProcess:2982] mummi_ras.online.cg.cganalysis:processFrame:765 - INFO - Time for analysis - frameNum 92, time 0.11417508125305176 s
2025-04-08 15:41:53,464 - [MainProcess:2982] mummi_ras.online.simulation:has_computed_enough:352 - INFO - runtime_hours*0.99 = 0.495 vs delta_time = 0.43680779642528955 (length 46.0 ns) False False
2025-04-08 15:41:55,471 - [MainProcess:2982] mummi_ras.online.simulation:has_computed_enough:352 - INFO - runtime_hours*0.99 = 0.495 vs delta_time = 0.4373651521073447 (length 46.0 ns) False False
2025-04-08 15:41:57,477 - [MainProcess:2982] mummi_ras.online.simulation:has_computed_enough:352 - INFO - runtime_hours*0.99 = 0.495 vs delta_time = 0.4379224818282657 (length 46.0 ns) False False
2025-04-08 15:41:59,483 - [MainProcess:2982] mummi_ras.online.simulation:has_computed_enough:352 - INFO - runtime_hours*0.99 = 0.495 vs delta_time = 0.4384797810845905 (length 46.0 ns) False False
2025-04-08 15:42:01,490 - [MainProcess:2982] mummi_ras.online.simulation:has_computed_enough:352 - INFO - runtime_hours*0.99 = 0.495 vs delta_time = 0.4390371091498269 (length 46.0 ns) False False
2025-04-08 15:42:03,496 - [MainProcess:2982] mummi_ras.online.simulation:has_computed_enough:352 - INFO - runtime_hours*0.99 = 0.495 vs delta_time = 0.4395944103267458 (length 46.0 ns) False False
2025-04-08 15:42:05,502 - [MainProcess:2982] mummi_ras.online.simulation:has_computed_enough:352 - INFO - runtime_hours*0.99 = 0.495 vs delta_time = 0.4401516881916258 (length 46.0 ns) False False
2025-04-08 15:42:07,508 - [MainProcess:2982] mummi_ras.online.simulation:has_computed_enough:352 - INFO - runtime_hours*0.99 = 0.495 vs delta_time = 0.4407090142700407 (length 46.0 ns) False False
2025-04-08 15:42:07,561 - [MainProcess:2982] mummi_ras.online.simulation:get_new_frames:399 - INFO - Getting all frame numbers in trajectory from 93 to 93.
2025-04-08 15:42:07,561 - [MainProcess:2982] mummi_ras.online.cg.cganalysis:run_main_analysis:193 - INFO - Process frame 93
2025-04-08 15:42:07,562 - [MainProcess:2982] mummi_ras.online.cg.cganalysis:processFrame:554 - INFO - Load 94 frames: current frame ID /tmp/mummi/cg/structure_iter00_000000000004-20250408_151519/traj_comp.xtc
2025-04-08 15:42:07,573 - [MainProcess:2982] mummi_ras.online.cg.cganalysis:processFrame:580 - INFO - Frame:    93, Time: 46500.000 ps, Bbox = [0, 180.77658, 0, 180.77658]
2025-04-08 15:42:07,573 - [MainProcess:2982] mummi_ras.online.cg.cganalysis:processFrame:584 - INFO - Lengths of layers: 660 37 488
2025-04-08 15:42:07,676 - [MainProcess:2982] mummi_ras.online.cg.cganalysis:processFrame:765 - INFO - Time for analysis - frameNum 93, time 0.11437678337097168 s
2025-04-08 15:42:09,677 - [MainProcess:2982] mummi_ras.online.simulation:has_computed_enough:352 - INFO - runtime_hours*0.99 = 0.495 vs delta_time = 0.4413112677468194 (length 46.5 ns) False False
2025-04-08 15:42:11,683 - [MainProcess:2982] mummi_ras.online.simulation:has_computed_enough:352 - INFO - runtime_hours*0.99 = 0.495 vs delta_time = 0.4418686230977376 (length 46.5 ns) False False
2025-04-08 15:42:13,689 - [MainProcess:2982] mummi_ras.online.simulation:has_computed_enough:352 - INFO - runtime_hours*0.99 = 0.495 vs delta_time = 0.44242594679196673 (length 46.5 ns) False False
2025-04-08 15:42:15,696 - [MainProcess:2982] mummi_ras.online.simulation:has_computed_enough:352 - INFO - runtime_hours*0.99 = 0.495 vs delta_time = 0.4429832567109002 (length 46.5 ns) False False
2025-04-08 15:42:17,702 - [MainProcess:2982] mummi_ras.online.simulation:has_computed_enough:352 - INFO - runtime_hours*0.99 = 0.495 vs delta_time = 0.4435406130552292 (length 46.5 ns) False False
2025-04-08 15:42:19,708 - [MainProcess:2982] mummi_ras.online.simulation:has_computed_enough:352 - INFO - runtime_hours*0.99 = 0.495 vs delta_time = 0.44409791992770303 (length 46.5 ns) False False
2025-04-08 15:42:21,715 - [MainProcess:2982] mummi_ras.online.simulation:has_computed_enough:352 - INFO - runtime_hours*0.99 = 0.495 vs delta_time = 0.4446552544169956 (length 46.5 ns) False False
2025-04-08 15:42:23,721 - [MainProcess:2982] mummi_ras.online.simulation:has_computed_enough:352 - INFO - runtime_hours*0.99 = 0.495 vs delta_time = 0.4452125561899609 (length 46.5 ns) False False
2025-04-08 15:42:25,728 - [MainProcess:2982] mummi_ras.online.simulation:has_computed_enough:352 - INFO - runtime_hours*0.99 = 0.495 vs delta_time = 0.4457698865731557 (length 46.5 ns) False False
2025-04-08 15:42:25,780 - [MainProcess:2982] mummi_ras.online.simulation:get_new_frames:399 - INFO - Getting all frame numbers in trajectory from 94 to 94.
2025-04-08 15:42:25,780 - [MainProcess:2982] mummi_ras.online.cg.cganalysis:run_main_analysis:193 - INFO - Process frame 94
2025-04-08 15:42:25,780 - [MainProcess:2982] mummi_ras.online.cg.cganalysis:processFrame:554 - INFO - Load 95 frames: current frame ID /tmp/mummi/cg/structure_iter00_000000000004-20250408_151519/traj_comp.xtc
2025-04-08 15:42:25,791 - [MainProcess:2982] mummi_ras.online.cg.cganalysis:processFrame:580 - INFO - Frame:    94, Time: 47000.000 ps, Bbox = [0, 180.91946, 0, 180.91946]
2025-04-08 15:42:25,792 - [MainProcess:2982] mummi_ras.online.cg.cganalysis:processFrame:584 - INFO - Lengths of layers: 664 34 487
2025-04-08 15:42:25,895 - [MainProcess:2982] mummi_ras.online.cg.cganalysis:processFrame:765 - INFO - Time for analysis - frameNum 94, time 0.1149590015411377 s
2025-04-08 15:42:27,896 - [MainProcess:2982] mummi_ras.online.simulation:has_computed_enough:352 - INFO - runtime_hours*0.99 = 0.495 vs delta_time = 0.4463722014427185 (length 47.0 ns) False False
2025-04-08 15:42:29,902 - [MainProcess:2982] mummi_ras.online.simulation:has_computed_enough:352 - INFO - runtime_hours*0.99 = 0.495 vs delta_time = 0.4469295546081331 (length 47.0 ns) False False
2025-04-08 15:42:31,909 - [MainProcess:2982] mummi_ras.online.simulation:has_computed_enough:352 - INFO - runtime_hours*0.99 = 0.495 vs delta_time = 0.44748684909608627 (length 47.0 ns) False False
2025-04-08 15:42:33,915 - [MainProcess:2982] mummi_ras.online.simulation:has_computed_enough:352 - INFO - runtime_hours*0.99 = 0.495 vs delta_time = 0.4480441791481442 (length 47.0 ns) False False
2025-04-08 15:42:35,921 - [MainProcess:2982] mummi_ras.online.simulation:has_computed_enough:352 - INFO - runtime_hours*0.99 = 0.495 vs delta_time = 0.44860146972868176 (length 47.0 ns) False False
2025-04-08 15:42:37,928 - [MainProcess:2982] mummi_ras.online.simulation:has_computed_enough:352 - INFO - runtime_hours*0.99 = 0.495 vs delta_time = 0.44915877262751264 (length 47.0 ns) False False
2025-04-08 15:42:39,934 - [MainProcess:2982] mummi_ras.online.simulation:has_computed_enough:352 - INFO - runtime_hours*0.99 = 0.495 vs delta_time = 0.4497160655260086 (length 47.0 ns) False False
2025-04-08 15:42:41,940 - [MainProcess:2982] mummi_ras.online.simulation:has_computed_enough:352 - INFO - runtime_hours*0.99 = 0.495 vs delta_time = 0.4502733733256658 (length 47.0 ns) False False
2025-04-08 15:42:41,994 - [MainProcess:2982] mummi_ras.online.simulation:get_new_frames:399 - INFO - Getting all frame numbers in trajectory from 95 to 95.
2025-04-08 15:42:41,994 - [MainProcess:2982] mummi_ras.online.cg.cganalysis:run_main_analysis:193 - INFO - Process frame 95
2025-04-08 15:42:41,994 - [MainProcess:2982] mummi_ras.online.cg.cganalysis:processFrame:554 - INFO - Load 96 frames: current frame ID /tmp/mummi/cg/structure_iter00_000000000004-20250408_151519/traj_comp.xtc
2025-04-08 15:42:42,005 - [MainProcess:2982] mummi_ras.online.cg.cganalysis:processFrame:580 - INFO - Frame:    95, Time: 47500.000 ps, Bbox = [0, 180.6536, 0, 180.6536]
2025-04-08 15:42:42,005 - [MainProcess:2982] mummi_ras.online.cg.cganalysis:processFrame:584 - INFO - Lengths of layers: 663 32 490
2025-04-08 15:42:42,108 - [MainProcess:2982] mummi_ras.online.cg.cganalysis:processFrame:765 - INFO - Time for analysis - frameNum 95, time 0.11424922943115234 s
2025-04-08 15:42:44,109 - [MainProcess:2982] mummi_ras.online.simulation:has_computed_enough:352 - INFO - runtime_hours*0.99 = 0.495 vs delta_time = 0.4508758579360114 (length 47.5 ns) False False
2025-04-08 15:42:46,116 - [MainProcess:2982] mummi_ras.online.simulation:has_computed_enough:352 - INFO - runtime_hours*0.99 = 0.495 vs delta_time = 0.4514332636859682 (length 47.5 ns) False False
2025-04-08 15:42:48,122 - [MainProcess:2982] mummi_ras.online.simulation:has_computed_enough:352 - INFO - runtime_hours*0.99 = 0.495 vs delta_time = 0.4519905955923928 (length 47.5 ns) False False
2025-04-08 15:42:50,128 - [MainProcess:2982] mummi_ras.online.simulation:has_computed_enough:352 - INFO - runtime_hours*0.99 = 0.495 vs delta_time = 0.4525479272339079 (length 47.5 ns) False False
2025-04-08 15:42:52,135 - [MainProcess:2982] mummi_ras.online.simulation:has_computed_enough:352 - INFO - runtime_hours*0.99 = 0.495 vs delta_time = 0.4531052350335651 (length 47.5 ns) False False
2025-04-08 15:42:54,141 - [MainProcess:2982] mummi_ras.online.simulation:has_computed_enough:352 - INFO - runtime_hours*0.99 = 0.495 vs delta_time = 0.45366255435678693 (length 47.5 ns) False False
2025-04-08 15:42:56,147 - [MainProcess:2982] mummi_ras.online.simulation:has_computed_enough:352 - INFO - runtime_hours*0.99 = 0.495 vs delta_time = 0.4542198669248157 (length 47.5 ns) False False
2025-04-08 15:42:58,154 - [MainProcess:2982] mummi_ras.online.simulation:has_computed_enough:352 - INFO - runtime_hours*0.99 = 0.495 vs delta_time = 0.4547771904203627 (length 47.5 ns) False False
2025-04-08 15:42:58,206 - [MainProcess:2982] mummi_ras.online.simulation:get_new_frames:399 - INFO - Getting all frame numbers in trajectory from 96 to 96.
2025-04-08 15:42:58,207 - [MainProcess:2982] mummi_ras.online.cg.cganalysis:run_main_analysis:193 - INFO - Process frame 96
2025-04-08 15:42:58,207 - [MainProcess:2982] mummi_ras.online.cg.cganalysis:processFrame:554 - INFO - Load 97 frames: current frame ID /tmp/mummi/cg/structure_iter00_000000000004-20250408_151519/traj_comp.xtc
2025-04-08 15:42:58,218 - [MainProcess:2982] mummi_ras.online.cg.cganalysis:processFrame:580 - INFO - Frame:    96, Time: 48000.000 ps, Bbox = [0, 181.60056, 0, 181.60056]
2025-04-08 15:42:58,218 - [MainProcess:2982] mummi_ras.online.cg.cganalysis:processFrame:584 - INFO - Lengths of layers: 663 33 489
2025-04-08 15:42:58,321 - [MainProcess:2982] mummi_ras.online.cg.cganalysis:processFrame:765 - INFO - Time for analysis - frameNum 96, time 0.11411571502685547 s
2025-04-08 15:43:00,322 - [MainProcess:2982] mummi_ras.online.simulation:has_computed_enough:352 - INFO - runtime_hours*0.99 = 0.495 vs delta_time = 0.4553793262110816 (length 48.0 ns) False False
2025-04-08 15:43:02,328 - [MainProcess:2982] mummi_ras.online.simulation:has_computed_enough:352 - INFO - runtime_hours*0.99 = 0.495 vs delta_time = 0.4559366685814328 (length 48.0 ns) False False
2025-04-08 15:43:04,334 - [MainProcess:2982] mummi_ras.online.simulation:has_computed_enough:352 - INFO - runtime_hours*0.99 = 0.495 vs delta_time = 0.4564939683013492 (length 48.0 ns) False False
2025-04-08 15:43:06,340 - [MainProcess:2982] mummi_ras.online.simulation:has_computed_enough:352 - INFO - runtime_hours*0.99 = 0.495 vs delta_time = 0.457051263584031 (length 48.0 ns) False False
2025-04-08 15:43:08,347 - [MainProcess:2982] mummi_ras.online.simulation:has_computed_enough:352 - INFO - runtime_hours*0.99 = 0.495 vs delta_time = 0.4576085450251897 (length 48.0 ns) False False
2025-04-08 15:43:10,353 - [MainProcess:2982] mummi_ras.online.simulation:has_computed_enough:352 - INFO - runtime_hours*0.99 = 0.495 vs delta_time = 0.45816584428151447 (length 48.0 ns) False False
2025-04-08 15:43:12,359 - [MainProcess:2982] mummi_ras.online.simulation:has_computed_enough:352 - INFO - runtime_hours*0.99 = 0.495 vs delta_time = 0.45872315373685624 (length 48.0 ns) False False
2025-04-08 15:43:14,366 - [MainProcess:2982] mummi_ras.online.simulation:has_computed_enough:352 - INFO - runtime_hours*0.99 = 0.495 vs delta_time = 0.45928045524491207 (length 48.0 ns) False False
2025-04-08 15:43:16,372 - [MainProcess:2982] mummi_ras.online.simulation:has_computed_enough:352 - INFO - runtime_hours*0.99 = 0.495 vs delta_time = 0.4598377862903807 (length 48.0 ns) False False
2025-04-08 15:43:16,425 - [MainProcess:2982] mummi_ras.online.simulation:get_new_frames:399 - INFO - Getting all frame numbers in trajectory from 97 to 97.
2025-04-08 15:43:16,425 - [MainProcess:2982] mummi_ras.online.cg.cganalysis:run_main_analysis:193 - INFO - Process frame 97
2025-04-08 15:43:16,426 - [MainProcess:2982] mummi_ras.online.cg.cganalysis:processFrame:554 - INFO - Load 98 frames: current frame ID /tmp/mummi/cg/structure_iter00_000000000004-20250408_151519/traj_comp.xtc
2025-04-08 15:43:16,437 - [MainProcess:2982] mummi_ras.online.cg.cganalysis:processFrame:580 - INFO - Frame:    97, Time: 48500.000 ps, Bbox = [0, 180.18216, 0, 180.18216]
2025-04-08 15:43:16,437 - [MainProcess:2982] mummi_ras.online.cg.cganalysis:processFrame:584 - INFO - Lengths of layers: 660 32 493
2025-04-08 15:43:16,540 - [MainProcess:2982] mummi_ras.online.cg.cganalysis:processFrame:765 - INFO - Time for analysis - frameNum 97, time 0.11411380767822266 s
2025-04-08 15:43:18,540 - [MainProcess:2982] mummi_ras.online.simulation:has_computed_enough:352 - INFO - runtime_hours*0.99 = 0.495 vs delta_time = 0.46044009493456944 (length 48.5 ns) False False
2025-04-08 15:43:20,547 - [MainProcess:2982] mummi_ras.online.simulation:has_computed_enough:352 - INFO - runtime_hours*0.99 = 0.495 vs delta_time = 0.4609974735975266 (length 48.5 ns) False False
2025-04-08 15:43:22,553 - [MainProcess:2982] mummi_ras.online.simulation:has_computed_enough:352 - INFO - runtime_hours*0.99 = 0.495 vs delta_time = 0.4615547880861494 (length 48.5 ns) False False
2025-04-08 15:43:24,560 - [MainProcess:2982] mummi_ras.online.simulation:has_computed_enough:352 - INFO - runtime_hours*0.99 = 0.495 vs delta_time = 0.462112113237381 (length 48.5 ns) False False
2025-04-08 15:43:26,566 - [MainProcess:2982] mummi_ras.online.simulation:has_computed_enough:352 - INFO - runtime_hours*0.99 = 0.495 vs delta_time = 0.46266941063933903 (length 48.5 ns) False False
2025-04-08 15:43:28,572 - [MainProcess:2982] mummi_ras.online.simulation:has_computed_enough:352 - INFO - runtime_hours*0.99 = 0.495 vs delta_time = 0.4632267122798496 (length 48.5 ns) False False
2025-04-08 15:43:30,578 - [MainProcess:2982] mummi_ras.online.simulation:has_computed_enough:352 - INFO - runtime_hours*0.99 = 0.495 vs delta_time = 0.4637840329276191 (length 48.5 ns) False False
2025-04-08 15:43:32,585 - [MainProcess:2982] mummi_ras.online.simulation:has_computed_enough:352 - INFO - runtime_hours*0.99 = 0.495 vs delta_time = 0.4643413234419293 (length 48.5 ns) False False
2025-04-08 15:43:32,638 - [MainProcess:2982] mummi_ras.online.simulation:get_new_frames:399 - INFO - Getting all frame numbers in trajectory from 98 to 98.
2025-04-08 15:43:32,638 - [MainProcess:2982] mummi_ras.online.cg.cganalysis:run_main_analysis:193 - INFO - Process frame 98
2025-04-08 15:43:32,638 - [MainProcess:2982] mummi_ras.online.cg.cganalysis:processFrame:554 - INFO - Load 99 frames: current frame ID /tmp/mummi/cg/structure_iter00_000000000004-20250408_151519/traj_comp.xtc
2025-04-08 15:43:32,649 - [MainProcess:2982] mummi_ras.online.cg.cganalysis:processFrame:580 - INFO - Frame:    98, Time: 49000.000 ps, Bbox = [0, 180.09424, 0, 180.09424]
2025-04-08 15:43:32,649 - [MainProcess:2982] mummi_ras.online.cg.cganalysis:processFrame:584 - INFO - Lengths of layers: 662 33 490
2025-04-08 15:43:32,752 - [MainProcess:2982] mummi_ras.online.cg.cganalysis:processFrame:765 - INFO - Time for analysis - frameNum 98, time 0.11431503295898438 s
2025-04-08 15:43:34,753 - [MainProcess:2982] mummi_ras.online.simulation:has_computed_enough:352 - INFO - runtime_hours*0.99 = 0.495 vs delta_time = 0.46494357764720917 (length 49.0 ns) False False
2025-04-08 15:43:36,759 - [MainProcess:2982] mummi_ras.online.simulation:has_computed_enough:352 - INFO - runtime_hours*0.99 = 0.495 vs delta_time = 0.4655009245210224 (length 49.0 ns) False False
2025-04-08 15:43:38,766 - [MainProcess:2982] mummi_ras.online.simulation:has_computed_enough:352 - INFO - runtime_hours*0.99 = 0.495 vs delta_time = 0.466058215631379 (length 49.0 ns) False False
2025-04-08 15:43:40,772 - [MainProcess:2982] mummi_ras.online.simulation:has_computed_enough:352 - INFO - runtime_hours*0.99 = 0.495 vs delta_time = 0.46661556449201375 (length 49.0 ns) False False
2025-04-08 15:43:42,778 - [MainProcess:2982] mummi_ras.online.simulation:has_computed_enough:352 - INFO - runtime_hours*0.99 = 0.495 vs delta_time = 0.46717288944456314 (length 49.0 ns) False False
2025-04-08 15:43:44,785 - [MainProcess:2982] mummi_ras.online.simulation:has_computed_enough:352 - INFO - runtime_hours*0.99 = 0.495 vs delta_time = 0.46773026519351535 (length 49.0 ns) False False
2025-04-08 15:43:46,791 - [MainProcess:2982] mummi_ras.online.simulation:has_computed_enough:352 - INFO - runtime_hours*0.99 = 0.495 vs delta_time = 0.4682876045836343 (length 49.0 ns) False False
2025-04-08 15:43:48,798 - [MainProcess:2982] mummi_ras.online.simulation:has_computed_enough:352 - INFO - runtime_hours*0.99 = 0.495 vs delta_time = 0.4688449373510149 (length 49.0 ns) False False
2025-04-08 15:43:50,804 - [MainProcess:2982] mummi_ras.online.simulation:has_computed_enough:352 - INFO - runtime_hours*0.99 = 0.495 vs delta_time = 0.4694022234280904 (length 49.0 ns) False False
2025-04-08 15:43:50,858 - [MainProcess:2982] mummi_ras.online.simulation:get_new_frames:399 - INFO - Getting all frame numbers in trajectory from 99 to 99.
2025-04-08 15:43:50,858 - [MainProcess:2982] mummi_ras.online.cg.cganalysis:run_main_analysis:193 - INFO - Process frame 99
2025-04-08 15:43:50,858 - [MainProcess:2982] mummi_ras.online.cg.cganalysis:processFrame:554 - INFO - Load 100 frames: current frame ID /tmp/mummi/cg/structure_iter00_000000000004-20250408_151519/traj_comp.xtc
2025-04-08 15:43:50,869 - [MainProcess:2982] mummi_ras.online.cg.cganalysis:processFrame:580 - INFO - Frame:    99, Time: 49500.000 ps, Bbox = [0, 180.33119, 0, 180.33119]
2025-04-08 15:43:50,869 - [MainProcess:2982] mummi_ras.online.cg.cganalysis:processFrame:584 - INFO - Lengths of layers: 663 35 487
2025-04-08 15:43:50,973 - [MainProcess:2982] mummi_ras.online.cg.cganalysis:processFrame:765 - INFO - Time for analysis - frameNum 99, time 0.11534690856933594 s
2025-04-08 15:43:52,974 - [MainProcess:2982] mummi_ras.online.simulation:has_computed_enough:352 - INFO - runtime_hours*0.99 = 0.495 vs delta_time = 0.4700050203005473 (length 49.5 ns) False False
2025-04-08 15:43:52,980 - [MainProcess:2982] mummi_ras.online.cg.cganalysis:processOutput:92 - INFO - Add feedback for frameNum 90 - state []
2025-04-08 15:43:52,981 - [MainProcess:2982] mummi_ras.online.cg.cganalysis:processOutput:92 - INFO - Add feedback for frameNum 91 - state []
2025-04-08 15:43:52,981 - [MainProcess:2982] mummi_ras.online.cg.cganalysis:processOutput:92 - INFO - Add feedback for frameNum 92 - state []
2025-04-08 15:43:52,981 - [MainProcess:2982] mummi_ras.online.cg.cganalysis:processOutput:92 - INFO - Add feedback for frameNum 93 - state []
2025-04-08 15:43:52,981 - [MainProcess:2982] mummi_ras.online.cg.cganalysis:processOutput:92 - INFO - Add feedback for frameNum 94 - state []
2025-04-08 15:43:52,981 - [MainProcess:2982] mummi_ras.online.cg.cganalysis:processOutput:92 - INFO - Add feedback for frameNum 95 - state []
2025-04-08 15:43:52,981 - [MainProcess:2982] mummi_ras.online.cg.cganalysis:processOutput:92 - INFO - Add feedback for frameNum 96 - state []
2025-04-08 15:43:52,981 - [MainProcess:2982] mummi_ras.online.cg.cganalysis:processOutput:92 - INFO - Add feedback for frameNum 97 - state []
2025-04-08 15:43:52,982 - [MainProcess:2982] mummi_ras.online.cg.cganalysis:processOutput:92 - INFO - Add feedback for frameNum 98 - state []
2025-04-08 15:43:52,982 - [MainProcess:2982] mummi_ras.online.cg.cganalysis:processOutput:92 - INFO - Add feedback for frameNum 99 - state []
2025-04-08 15:43:52,997 - [MainProcess:2982] mummi_core.interfaces.simple:_save_files:91 - INFO - Wrote 10 files to (/p/gpfs1/pottier1/minimummi-sc25/roots/root1/feedback-cg2ml/004)
2025-04-08 15:43:52,997 - [MainProcess:2982] mummi_ras.feedback.feedback_manager_cg2ml:report:118 - INFO - Added 10 frames (from structure_iter00_000000000004) to feedback (/p/gpfs1/pottier1/minimummi-sc25/roots/root1/feedback-cg2ml)
2025-04-08 15:43:52,997 - [MainProcess:2982] mummi_ras.online.cg.cganalysis:processOutput:112 - INFO - processOutput: 99
2025-04-08 15:43:52,997 - [MainProcess:2982] mummi_ras.online.cg.cganalysis:copyRemoteRestart:452 - INFO - Copy to remote frames [90, 91, 92, 93, 94, 95, 96, 97, 98, 99]
sending incremental file list
ener.edr
md.log
mdrun.log
traj_comp.xtc

sent 21,769,772 bytes  received 92 bytes  43,539,728.00 bytes/sec
total size is 24,785,319  speedup is 1.14
2025-04-08 15:43:53,145 - [MainProcess:2982] mummi_core.utils.utilities:sys_call:184 - INFO - Run command: rsync -va --no-g traj_comp.xtc topol.tpr state.cpt ener.edr md.log mdrun.log /p/gpfs1/pottier1/minimummi-sc25/roots/root1/sims-cg/structure_iter00_000000000004 || true
2025-04-08 15:43:53,603 - [MainProcess:2982] mummi_ras.interfaces.mummi:save_analysis_data:253 - INFO - Saved all analysis data for frames [90, 91, 92, 93, 94, 95, 96, 97, 98, 99]
2025-04-08 15:43:53,603 - [MainProcess:2982] mummi_ras.online.cg.cganalysis:copyRemoteLogs:350 - INFO - Copy over log files
2025-04-08 15:43:53,648 - [MainProcess:2982] mummi_core.utils.utilities:sys_call:184 - INFO - Run command: cp -r  /tmp/mummi/cg/structure_iter00_000000000004-20250408_151519/cg_analysis.out /tmp/mummi/cg/structure_iter00_000000000004-20250408_151519/traj_comp.xtc /tmp/mummi/cg/structure_iter00_000000000004-20250408_151519/*.log /p/gpfs1/pottier1/minimummi-sc25/roots/root1/sims-cg/structure_iter00_000000000004/ || true
2025-04-08 15:43:53,648 - [MainProcess:2982] mummi_ras.online.cg.cganalysis:copyRemoteLogs:365 - INFO - copyRemoteLogs =  /tmp/mummi/cg/structure_iter00_000000000004-20250408_151519/cg_analysis.out /tmp/mummi/cg/structure_iter00_000000000004-20250408_151519/traj_comp.xtc /tmp/mummi/cg/structure_iter00_000000000004-20250408_151519/*.log
2025-04-08 15:43:53,648 - [MainProcess:2982] mummi_ras.online.cg.cganalysis:cleanupLocal:375 - WARNING - Copy cleanup local only works for ddcMD files
2025-04-08 15:43:55,649 - [MainProcess:2982] mummi_ras.online.simulation:has_computed_enough:352 - INFO - runtime_hours*0.99 = 0.495 vs delta_time = 0.47074793603685167 (length 49.5 ns) False False
2025-04-08 15:43:57,655 - [MainProcess:2982] mummi_ras.online.simulation:has_computed_enough:352 - INFO - runtime_hours*0.99 = 0.495 vs delta_time = 0.4713052933745914 (length 49.5 ns) False False
2025-04-08 15:43:59,661 - [MainProcess:2982] mummi_ras.online.simulation:has_computed_enough:352 - INFO - runtime_hours*0.99 = 0.495 vs delta_time = 0.47186261634031934 (length 49.5 ns) False False
2025-04-08 15:44:01,668 - [MainProcess:2982] mummi_ras.online.simulation:has_computed_enough:352 - INFO - runtime_hours*0.99 = 0.495 vs delta_time = 0.4724199168549644 (length 49.5 ns) False False
2025-04-08 15:44:03,674 - [MainProcess:2982] mummi_ras.online.simulation:has_computed_enough:352 - INFO - runtime_hours*0.99 = 0.495 vs delta_time = 0.4729772284295824 (length 49.5 ns) False False
2025-04-08 15:44:05,680 - [MainProcess:2982] mummi_ras.online.simulation:has_computed_enough:352 - INFO - runtime_hours*0.99 = 0.495 vs delta_time = 0.47353451483779485 (length 49.5 ns) False False
2025-04-08 15:44:07,686 - [MainProcess:2982] mummi_ras.online.simulation:has_computed_enough:352 - INFO - runtime_hours*0.99 = 0.495 vs delta_time = 0.4740918063455158 (length 49.5 ns) False False
2025-04-08 15:44:07,739 - [MainProcess:2982] mummi_ras.online.simulation:get_new_frames:399 - INFO - Getting all frame numbers in trajectory from 100 to 100.
2025-04-08 15:44:07,740 - [MainProcess:2982] mummi_ras.online.cg.cganalysis:run_main_analysis:193 - INFO - Process frame 100
2025-04-08 15:44:07,740 - [MainProcess:2982] mummi_ras.online.cg.cganalysis:processFrame:554 - INFO - Load 101 frames: current frame ID /tmp/mummi/cg/structure_iter00_000000000004-20250408_151519/traj_comp.xtc
2025-04-08 15:44:07,751 - [MainProcess:2982] mummi_ras.online.cg.cganalysis:processFrame:580 - INFO - Frame:   100, Time: 50000.000 ps, Bbox = [0, 180.1726, 0, 180.1726]
2025-04-08 15:44:07,751 - [MainProcess:2982] mummi_ras.online.cg.cganalysis:processFrame:584 - INFO - Lengths of layers: 660 39 486
2025-04-08 15:44:07,854 - [MainProcess:2982] mummi_ras.online.cg.cganalysis:processFrame:765 - INFO - Time for analysis - frameNum 100, time 0.11442899703979492 s
2025-04-08 15:44:09,855 - [MainProcess:2982] mummi_ras.online.simulation:has_computed_enough:352 - INFO - runtime_hours*0.99 = 0.495 vs delta_time = 0.47469413101673125 (length 50.0 ns) False False
2025-04-08 15:44:11,861 - [MainProcess:2982] mummi_ras.online.simulation:has_computed_enough:352 - INFO - runtime_hours*0.99 = 0.495 vs delta_time = 0.47525152338875665 (length 50.0 ns) False False
2025-04-08 15:44:13,868 - [MainProcess:2982] mummi_ras.online.simulation:has_computed_enough:352 - INFO - runtime_hours*0.99 = 0.495 vs delta_time = 0.47580882920159234 (length 50.0 ns) False False
2025-04-08 15:44:15,874 - [MainProcess:2982] mummi_ras.online.simulation:has_computed_enough:352 - INFO - runtime_hours*0.99 = 0.495 vs delta_time = 0.47636617329385544 (length 50.0 ns) False False
2025-04-08 15:44:17,881 - [MainProcess:2982] mummi_ras.online.simulation:has_computed_enough:352 - INFO - runtime_hours*0.99 = 0.495 vs delta_time = 0.47692352089616985 (length 50.0 ns) False False
2025-04-08 15:44:19,887 - [MainProcess:2982] mummi_ras.online.simulation:has_computed_enough:352 - INFO - runtime_hours*0.99 = 0.495 vs delta_time = 0.4774808399544822 (length 50.0 ns) False False
2025-04-08 15:44:21,893 - [MainProcess:2982] mummi_ras.online.simulation:has_computed_enough:352 - INFO - runtime_hours*0.99 = 0.495 vs delta_time = 0.4780381413300832 (length 50.0 ns) False False
2025-04-08 15:44:23,900 - [MainProcess:2982] mummi_ras.online.simulation:has_computed_enough:352 - INFO - runtime_hours*0.99 = 0.495 vs delta_time = 0.4785954676071803 (length 50.0 ns) False False
2025-04-08 15:44:23,953 - [MainProcess:2982] mummi_ras.online.simulation:get_new_frames:399 - INFO - Getting all frame numbers in trajectory from 101 to 101.
2025-04-08 15:44:23,953 - [MainProcess:2982] mummi_ras.online.cg.cganalysis:run_main_analysis:193 - INFO - Process frame 101
2025-04-08 15:44:23,953 - [MainProcess:2982] mummi_ras.online.cg.cganalysis:processFrame:554 - INFO - Load 102 frames: current frame ID /tmp/mummi/cg/structure_iter00_000000000004-20250408_151519/traj_comp.xtc
2025-04-08 15:44:23,964 - [MainProcess:2982] mummi_ras.online.cg.cganalysis:processFrame:580 - INFO - Frame:   101, Time: 50500.000 ps, Bbox = [0, 180.51582, 0, 180.51582]
2025-04-08 15:44:23,964 - [MainProcess:2982] mummi_ras.online.cg.cganalysis:processFrame:584 - INFO - Lengths of layers: 663 31 491
2025-04-08 15:44:24,067 - [MainProcess:2982] mummi_ras.online.cg.cganalysis:processFrame:765 - INFO - Time for analysis - frameNum 101, time 0.11446952819824219 s
2025-04-08 15:44:26,068 - [MainProcess:2982] mummi_ras.online.simulation:has_computed_enough:352 - INFO - runtime_hours*0.99 = 0.495 vs delta_time = 0.4791978010204103 (length 50.5 ns) False False
2025-04-08 15:44:28,075 - [MainProcess:2982] mummi_ras.online.simulation:has_computed_enough:352 - INFO - runtime_hours*0.99 = 0.495 vs delta_time = 0.47975516822603015 (length 50.5 ns) False False
2025-04-08 15:44:30,081 - [MainProcess:2982] mummi_ras.online.simulation:has_computed_enough:352 - INFO - runtime_hours*0.99 = 0.495 vs delta_time = 0.4803124996026357 (length 50.5 ns) False False
2025-04-08 15:44:32,087 - [MainProcess:2982] mummi_ras.online.simulation:has_computed_enough:352 - INFO - runtime_hours*0.99 = 0.495 vs delta_time = 0.48086980051464506 (length 50.5 ns) False False
2025-04-08 15:44:34,094 - [MainProcess:2982] mummi_ras.online.simulation:has_computed_enough:352 - INFO - runtime_hours*0.99 = 0.495 vs delta_time = 0.48142710116174486 (length 50.5 ns) False False
2025-04-08 15:44:36,100 - [MainProcess:2982] mummi_ras.online.simulation:has_computed_enough:352 - INFO - runtime_hours*0.99 = 0.495 vs delta_time = 0.4819843937953313 (length 50.5 ns) False False
2025-04-08 15:44:38,106 - [MainProcess:2982] mummi_ras.online.simulation:has_computed_enough:352 - INFO - runtime_hours*0.99 = 0.495 vs delta_time = 0.48254176729255255 (length 50.5 ns) False False
2025-04-08 15:44:40,113 - [MainProcess:2982] mummi_ras.online.simulation:has_computed_enough:352 - INFO - runtime_hours*0.99 = 0.495 vs delta_time = 0.48309904634952544 (length 50.5 ns) False False
2025-04-08 15:44:42,119 - [MainProcess:2982] mummi_ras.online.simulation:has_computed_enough:352 - INFO - runtime_hours*0.99 = 0.495 vs delta_time = 0.4836563524272707 (length 50.5 ns) False False
2025-04-08 15:44:42,375 - [MainProcess:2982] mummi_ras.online.simulation:get_new_frames:399 - INFO - Getting all frame numbers in trajectory from 102 to 102.
2025-04-08 15:44:42,375 - [MainProcess:2982] mummi_ras.online.cg.cganalysis:run_main_analysis:193 - INFO - Process frame 102
2025-04-08 15:44:42,376 - [MainProcess:2982] mummi_ras.online.cg.cganalysis:processFrame:554 - INFO - Load 103 frames: current frame ID /tmp/mummi/cg/structure_iter00_000000000004-20250408_151519/traj_comp.xtc
2025-04-08 15:44:42,387 - [MainProcess:2982] mummi_ras.online.cg.cganalysis:processFrame:580 - INFO - Frame:   102, Time: 51000.000 ps, Bbox = [0, 181.19171, 0, 181.19171]
2025-04-08 15:44:42,387 - [MainProcess:2982] mummi_ras.online.cg.cganalysis:processFrame:584 - INFO - Lengths of layers: 664 31 490
2025-04-08 15:44:42,490 - [MainProcess:2982] mummi_ras.online.cg.cganalysis:processFrame:765 - INFO - Time for analysis - frameNum 102, time 0.11438965797424316 s
2025-04-08 15:44:44,491 - [MainProcess:2982] mummi_ras.online.simulation:has_computed_enough:352 - INFO - runtime_hours*0.99 = 0.495 vs delta_time = 0.48431518057982126 (length 51.0 ns) False False
2025-04-08 15:44:46,497 - [MainProcess:2982] mummi_ras.online.simulation:has_computed_enough:352 - INFO - runtime_hours*0.99 = 0.495 vs delta_time = 0.4848725343412823 (length 51.0 ns) False False
2025-04-08 15:44:48,504 - [MainProcess:2982] mummi_ras.online.simulation:has_computed_enough:352 - INFO - runtime_hours*0.99 = 0.495 vs delta_time = 0.48542987916204666 (length 51.0 ns) False False
2025-04-08 15:44:50,510 - [MainProcess:2982] mummi_ras.online.simulation:has_computed_enough:352 - INFO - runtime_hours*0.99 = 0.495 vs delta_time = 0.4859871848424276 (length 51.0 ns) False False
2025-04-08 15:44:52,516 - [MainProcess:2982] mummi_ras.online.simulation:has_computed_enough:352 - INFO - runtime_hours*0.99 = 0.495 vs delta_time = 0.4865444897280799 (length 51.0 ns) False False
2025-04-08 15:44:54,523 - [MainProcess:2982] mummi_ras.online.simulation:has_computed_enough:352 - INFO - runtime_hours*0.99 = 0.495 vs delta_time = 0.48710184554258984 (length 51.0 ns) False False
2025-04-08 15:44:56,529 - [MainProcess:2982] mummi_ras.online.simulation:has_computed_enough:352 - INFO - runtime_hours*0.99 = 0.495 vs delta_time = 0.48765912208292217 (length 51.0 ns) False False
2025-04-08 15:44:58,535 - [MainProcess:2982] mummi_ras.online.simulation:has_computed_enough:352 - INFO - runtime_hours*0.99 = 0.495 vs delta_time = 0.4882164408100976 (length 51.0 ns) False False
2025-04-08 15:44:58,592 - [MainProcess:2982] mummi_ras.online.simulation:get_new_frames:399 - INFO - Getting all frame numbers in trajectory from 103 to 103.
2025-04-08 15:44:58,592 - [MainProcess:2982] mummi_ras.online.cg.cganalysis:run_main_analysis:193 - INFO - Process frame 103
2025-04-08 15:44:58,592 - [MainProcess:2982] mummi_ras.online.cg.cganalysis:processFrame:554 - INFO - Load 104 frames: current frame ID /tmp/mummi/cg/structure_iter00_000000000004-20250408_151519/traj_comp.xtc
2025-04-08 15:44:58,603 - [MainProcess:2982] mummi_ras.online.cg.cganalysis:processFrame:580 - INFO - Frame:   103, Time: 51500.000 ps, Bbox = [0, 181.32254, 0, 181.32254]
2025-04-08 15:44:58,603 - [MainProcess:2982] mummi_ras.online.cg.cganalysis:processFrame:584 - INFO - Lengths of layers: 667 27 491
2025-04-08 15:44:58,707 - [MainProcess:2982] mummi_ras.online.cg.cganalysis:processFrame:765 - INFO - Time for analysis - frameNum 103, time 0.1146690845489502 s
2025-04-08 15:45:00,707 - [MainProcess:2982] mummi_ras.online.simulation:has_computed_enough:352 - INFO - runtime_hours*0.99 = 0.495 vs delta_time = 0.488819805516137 (length 51.5 ns) False False
2025-04-08 15:45:02,714 - [MainProcess:2982] mummi_ras.online.simulation:has_computed_enough:352 - INFO - runtime_hours*0.99 = 0.495 vs delta_time = 0.4893771725893021 (length 51.5 ns) False False
2025-04-08 15:45:04,720 - [MainProcess:2982] mummi_ras.online.simulation:has_computed_enough:352 - INFO - runtime_hours*0.99 = 0.495 vs delta_time = 0.489934494694074 (length 51.5 ns) False False
2025-04-08 15:45:06,726 - [MainProcess:2982] mummi_ras.online.simulation:has_computed_enough:352 - INFO - runtime_hours*0.99 = 0.495 vs delta_time = 0.49049179097016654 (length 51.5 ns) False False
2025-04-08 15:45:08,733 - [MainProcess:2982] mummi_ras.online.simulation:has_computed_enough:352 - INFO - runtime_hours*0.99 = 0.495 vs delta_time = 0.49104907857047186 (length 51.5 ns) False False
2025-04-08 15:45:10,739 - [MainProcess:2982] mummi_ras.online.simulation:has_computed_enough:352 - INFO - runtime_hours*0.99 = 0.495 vs delta_time = 0.49160641186767157 (length 51.5 ns) False False
2025-04-08 15:45:12,745 - [MainProcess:2982] mummi_ras.online.simulation:has_computed_enough:352 - INFO - runtime_hours*0.99 = 0.495 vs delta_time = 0.4921637031767103 (length 51.5 ns) False False
2025-04-08 15:45:14,751 - [MainProcess:2982] mummi_ras.online.simulation:has_computed_enough:352 - INFO - runtime_hours*0.99 = 0.495 vs delta_time = 0.4927209762732188 (length 51.5 ns) False False
2025-04-08 15:45:14,804 - [MainProcess:2982] mummi_ras.online.simulation:get_new_frames:399 - INFO - Getting all frame numbers in trajectory from 104 to 104.
2025-04-08 15:45:14,804 - [MainProcess:2982] mummi_ras.online.cg.cganalysis:run_main_analysis:193 - INFO - Process frame 104
2025-04-08 15:45:14,805 - [MainProcess:2982] mummi_ras.online.cg.cganalysis:processFrame:554 - INFO - Load 105 frames: current frame ID /tmp/mummi/cg/structure_iter00_000000000004-20250408_151519/traj_comp.xtc
2025-04-08 15:45:14,816 - [MainProcess:2982] mummi_ras.online.cg.cganalysis:processFrame:580 - INFO - Frame:   104, Time: 52000.000 ps, Bbox = [0, 179.97192, 0, 179.97192]
2025-04-08 15:45:14,816 - [MainProcess:2982] mummi_ras.online.cg.cganalysis:processFrame:584 - INFO - Lengths of layers: 667 30 488
2025-04-08 15:45:14,919 - [MainProcess:2982] mummi_ras.online.cg.cganalysis:processFrame:765 - INFO - Time for analysis - frameNum 104, time 0.11415839195251465 s
2025-04-08 15:45:16,919 - [MainProcess:2982] mummi_ras.online.simulation:has_computed_enough:352 - INFO - runtime_hours*0.99 = 0.495 vs delta_time = 0.49332318305969236 (length 52.0 ns) False False
2025-04-08 15:45:18,926 - [MainProcess:2982] mummi_ras.online.simulation:has_computed_enough:352 - INFO - runtime_hours*0.99 = 0.495 vs delta_time = 0.49388057748476666 (length 52.0 ns) False False
2025-04-08 15:45:20,932 - [MainProcess:2982] mummi_ras.online.simulation:has_computed_enough:352 - INFO - runtime_hours*0.99 = 0.495 vs delta_time = 0.49443786528375416 (length 52.0 ns) False False
2025-04-08 15:45:22,939 - [MainProcess:2982] mummi_ras.online.simulation:has_computed_enough:352 - INFO - runtime_hours*0.99 = 0.495 vs delta_time = 0.49499515579806436 (length 52.0 ns) False False
2025-04-08 15:45:24,945 - [MainProcess:2982] mummi_ras.online.simulation:has_computed_enough:352 - INFO - runtime_hours*0.99 = 0.495 vs delta_time = 0.49555246035257977 (length 52.0 ns) True False
2025-04-08 15:45:24,945 - [MainProcess:2982] mummi_ras.online.simulation:has_computed_enough:355 - INFO - TEST False
2025-04-08 15:45:24,962 - [MainProcess:2982] mummi_core.interfaces.base:send_signal:280 - INFO - Saved signal (/p/gpfs1/pottier1/minimummi-sc25/roots/root1/sims-cg/structure_iter00_000000000004/cg_success)
2025-04-08 15:45:24,962 - [MainProcess:2982] mummi_ras.online.simulation:has_computed_enough:358 - INFO - Setting success flag for /p/gpfs1/pottier1/minimummi-sc25/roots/root1/sims-cg/structure_iter00_000000000004 (runtime 0.49555246035257977 hours) (length 52.0 ns)
2025-04-08 15:45:24,963 - [MainProcess:2982] mummi_ras.online.cg.cganalysis:run_main_analysis:232 - INFO - Sim structure_iter00_000000000004 IS DONE
2025-04-08 15:45:24,963 - [MainProcess:2982] mummi_ras.online.simulation:stop:135 - INFO - Stopping simulation structure_iter00_000000000004
2025-04-08 15:45:24,963 - [MainProcess:2982] mummi_ras.online.cg.cganalysis:processOutput:92 - INFO - Add feedback for frameNum 100 - state []
2025-04-08 15:45:24,963 - [MainProcess:2982] mummi_ras.online.cg.cganalysis:processOutput:92 - INFO - Add feedback for frameNum 101 - state []
2025-04-08 15:45:24,963 - [MainProcess:2982] mummi_ras.online.cg.cganalysis:processOutput:92 - INFO - Add feedback for frameNum 102 - state []
2025-04-08 15:45:24,963 - [MainProcess:2982] mummi_ras.online.cg.cganalysis:processOutput:92 - INFO - Add feedback for frameNum 103 - state []
2025-04-08 15:45:24,963 - [MainProcess:2982] mummi_ras.online.cg.cganalysis:processOutput:92 - INFO - Add feedback for frameNum 104 - state []
2025-04-08 15:45:24,969 - [MainProcess:2982] mummi_core.interfaces.simple:_save_files:91 - INFO - Wrote 5 files to (/p/gpfs1/pottier1/minimummi-sc25/roots/root1/feedback-cg2ml/004)
2025-04-08 15:45:24,969 - [MainProcess:2982] mummi_ras.feedback.feedback_manager_cg2ml:report:118 - INFO - Added 5 frames (from structure_iter00_000000000004) to feedback (/p/gpfs1/pottier1/minimummi-sc25/roots/root1/feedback-cg2ml)
2025-04-08 15:45:24,969 - [MainProcess:2982] mummi_ras.online.cg.cganalysis:processOutput:112 - INFO - processOutput: 104
2025-04-08 15:45:24,969 - [MainProcess:2982] mummi_ras.online.cg.cganalysis:copyRemoteRestart:452 - INFO - Copy to remote frames [100, 101, 102, 103, 104]
sending incremental file list
ener.edr
md.log
mdrun.log
state.cpt
traj_comp.xtc

sent 24,181,144 bytes  received 111 bytes  16,120,836.67 bytes/sec
total size is 25,880,329  speedup is 1.07
2025-04-08 15:45:25,087 - [MainProcess:2982] mummi_core.utils.utilities:sys_call:184 - INFO - Run command: rsync -va --no-g traj_comp.xtc topol.tpr state.cpt ener.edr md.log mdrun.log /p/gpfs1/pottier1/minimummi-sc25/roots/root1/sims-cg/structure_iter00_000000000004 || true
2025-04-08 15:45:25,235 - [MainProcess:2982] mummi_ras.interfaces.mummi:save_analysis_data:253 - INFO - Saved all analysis data for frames [100, 101, 102, 103, 104]
2025-04-08 15:45:25,235 - [MainProcess:2982] mummi_ras.online.cg.cganalysis:copyRemoteLogs:350 - INFO - Copy over log files
2025-04-08 15:45:25,265 - [MainProcess:2982] mummi_core.utils.utilities:sys_call:184 - INFO - Run command: cp -r  /tmp/mummi/cg/structure_iter00_000000000004-20250408_151519/cg_analysis.out /tmp/mummi/cg/structure_iter00_000000000004-20250408_151519/traj_comp.xtc /tmp/mummi/cg/structure_iter00_000000000004-20250408_151519/*.log /p/gpfs1/pottier1/minimummi-sc25/roots/root1/sims-cg/structure_iter00_000000000004/ || true
2025-04-08 15:45:25,265 - [MainProcess:2982] mummi_ras.online.cg.cganalysis:copyRemoteLogs:365 - INFO - copyRemoteLogs =  /tmp/mummi/cg/structure_iter00_000000000004-20250408_151519/cg_analysis.out /tmp/mummi/cg/structure_iter00_000000000004-20250408_151519/traj_comp.xtc /tmp/mummi/cg/structure_iter00_000000000004-20250408_151519/*.log
2025-04-08 15:45:25,265 - [MainProcess:2982] mummi_ras.online.cg.cganalysis:cleanupLocal:375 - WARNING - Copy cleanup local only works for ddcMD files
2025-04-08 15:45:25,266 - [MainProcess:2982] mummi_core.interfaces.base:send_signal:275 - ERROR - Signal (/p/gpfs1/pottier1/minimummi-sc25/roots/root1/sims-cg/structure_iter00_000000000004/cg_success) already exist! Aborting.
2025-04-08 15:45:25,266 - [MainProcess:2982] mummi_core.interfaces.base:send_signal:280 - INFO - Saved signal (/p/gpfs1/pottier1/minimummi-sc25/roots/root1/sims-cg/structure_iter00_000000000004/cg_success)
2025-04-08 15:45:25,266 - [MainProcess:2982] mummi_ras.online.cg.cganalysis:copyRemoteLogs:350 - INFO - Copy over log files
2025-04-08 15:45:25,331 - [MainProcess:2982] mummi_core.utils.utilities:sys_call:184 - INFO - Run command: cp -r  /tmp/mummi/cg/structure_iter00_000000000004-20250408_151519/cg_analysis.out /tmp/mummi/cg/structure_iter00_000000000004-20250408_151519/traj_comp.xtc /tmp/mummi/cg/structure_iter00_000000000004-20250408_151519/*.log /p/gpfs1/pottier1/minimummi-sc25/roots/root1/sims-cg/structure_iter00_000000000004/ || true
2025-04-08 15:45:25,331 - [MainProcess:2982] mummi_ras.online.cg.cganalysis:copyRemoteLogs:365 - INFO - copyRemoteLogs =  /tmp/mummi/cg/structure_iter00_000000000004-20250408_151519/cg_analysis.out /tmp/mummi/cg/structure_iter00_000000000004-20250408_151519/traj_comp.xtc /tmp/mummi/cg/structure_iter00_000000000004-20250408_151519/*.log
2025-04-08 15:45:25,332 - [MainProcess:2982] mummi_ras.online.cg.cganalysis:run_main_analysis:248 - INFO - EXITING: structure_iter00_000000000004
2025-04-08 15:45:25,352 - [MainProcess:2982] mummi_core.utils.utilities:sys_call:184 - INFO - Run command: cp /tmp/mummi/cg/structure_iter00_000000000004-20250408_151519/cg_analysis.log /p/gpfs1/pottier1/minimummi-sc25/roots/root1/sims-cg/structure_iter00_000000000004/ || true
