Sleeping 20 seconds anticipating rabbitmq coming up...
 WARN The `/pixi-env/.pixi/env` folder is deprecated, please remove it as we now use the `envs` folder
Looking for kubernetesTracker.py
_clones
clones
kubernetesTracker.py
(wfmanager: Sat Mar  8 07:12:33 UTC 2025) --> Launching MuMMI workflow (1 nodes)
(wfmanager: Sat Mar  8 07:12:33 UTC 2025) --> [Warning] File wfmanager.chk doesn't exist. Generate a new wfmanager.chk...
flux: ''
iterCounterPC: 0
iterCounterWF: 0
patchCounter: 0
ts: '2025-03-08 07:12:33'
jobs_aa:
  type: aa
  jobCnt: 0
  nqueued: 0
  nrunning: 0
  queued: []
  running: {}
jobs_backmapping:
  type: backmapping
  jobCnt: 0
  nqueued: 0
  nrunning: 0
  queued: []
  running: {}
jobs_cg:
  type: cg
  jobCnt: 0
  nqueued: 0
  nrunning: 0
  queued: []
  running: {}
jobs_createsim:
  type: createsim
  jobCnt: 0
  nqueued: 0
  nrunning: 0
  queued: []
  running: {}
(wfmanager: Sat Mar  8 07:12:33 UTC 2025) --> Checkpoint file wfmanager.chk is fine size of 461
(wfmanager: Sat Mar  8 07:12:33 UTC 2025) --> backup in run_backup_2025-03-08_07-12-33
(wfmanager: Sat Mar  8 07:12:33 UTC 2025) --> backup finished
(wfmanager: Sat Mar  8 07:12:33 UTC 2025) --> Launching workflow
  % Total    % Received % Xferd  Average Speed   Time    Time     Time  Current
                                 Dload  Upload   Total   Spent    Left  Speed
  0     0    0     0    0     0      0      0 --:--:-- --:--:-- --:--:--     0100 43323  100 43323    0     0  9284k      0 --:--:-- --:--:-- --:--:-- 10.3M
mummi_core: ['/opt/clones/mummi-core/mummi_core']
mummi_ras: ['/opt/clones/mummi-ras/mummi_ras']
python3 /opt/clones/mummi-ras/mummi_ras/scripts/run_wfmanager.py
Unidentified hostname: wfmanager.mummi-sample.default.svc.cluster.local
Enabled
Enabled
Enabled
Enabled
[183.645 MB]: Enabled
Unidentified hostname: wfmanager.mummi-sample.default.svc.cluster.local
Failed to find Flux URI file (/opt/clones/mummi-ras/flux/flux_server.info)
Unidentified hostname: wfmanager.mummi-sample.default.svc.cluster.local
Unidentified hostname: wfmanager.mummi-sample.default.svc.cluster.local
Unidentified hostname: wfmanager.mummi-sample.default.svc.cluster.local
Unidentified hostname: wfmanager.mummi-sample.default.svc.cluster.local
Unidentified hostname: wfmanager.mummi-sample.default.svc.cluster.local
Unidentified hostname: wfmanager.mummi-sample.default.svc.cluster.local
Unidentified hostname: wfmanager.mummi-sample.default.svc.cluster.local
Unidentified hostname: wfmanager.mummi-sample.default.svc.cluster.local
Did not find current user: defaulted to mummiusr
Using Plain connection (unsafe): TLS certificate /opt/clones/certs/client_rabbitmq_certificate.pem does not exist
[185.473 MB]: Starting MainProcess iteration 0
[186.559 MB]:     > Iteration 0: added new patches
[186.559 MB]:     > Iteration 0: updated jobs
[186.559 MB]:     > Iteration 0: testing all jobs
[186.559 MB]: Starting MainProcess iteration 1
[186.559 MB]:     > Iteration 1: added new patches
[186.559 MB]:     > Iteration 1: updated jobs
[186.559 MB]:     > Iteration 1: testing all jobs
[186.559 MB]: Starting MainProcess iteration 2
[186.559 MB]:     > Iteration 2: added new patches
[186.559 MB]:     > Iteration 2: updated jobs
[186.559 MB]:     > Iteration 2: testing all jobs
[186.559 MB]: Starting MainProcess iteration 3
[186.559 MB]:     > Iteration 3: added new patches
[186.559 MB]:     > Iteration 3: updated jobs
[186.559 MB]:     > Iteration 3: testing all jobs
[186.559 MB]: Starting MainProcess iteration 4
[186.559 MB]:     > Iteration 4: added new patches
[186.559 MB]:     > Iteration 4: updated jobs
[186.559 MB]:     > Iteration 4: testing all jobs
[186.559 MB]: Starting MainProcess iteration 5
[186.559 MB]:     > Iteration 5: added new patches
[186.559 MB]:     > Iteration 5: updated jobs
[186.559 MB]:     > Iteration 5: testing all jobs
[186.559 MB]: Starting MainProcess iteration 6
[186.559 MB]:     > Iteration 6: added new patches
[186.559 MB]:     > Iteration 6: updated jobs
[186.559 MB]:     > Iteration 6: testing all jobs
[186.559 MB]: Starting MainProcess iteration 7
[186.559 MB]:     > Iteration 7: added new patches
[186.559 MB]:     > Iteration 7: updated jobs
[186.559 MB]:     > Iteration 7: testing all jobs
[186.559 MB]: Starting MainProcess iteration 8
[186.559 MB]:     > Iteration 8: added new patches
[186.559 MB]:     > Iteration 8: updated jobs
[186.559 MB]:     > Iteration 8: testing all jobs
[186.559 MB]: Starting MainProcess iteration 9
[186.559 MB]:     > Iteration 9: added new patches
[186.559 MB]:     > Iteration 9: updated jobs
[186.559 MB]:     > Iteration 9: testing all jobs
[186.559 MB]: Starting MainProcess iteration 10
[186.559 MB]:     > Iteration 10: added new patches
[186.559 MB]:     > Iteration 10: updated jobs
[186.559 MB]:     > Iteration 10: testing all jobs
[186.559 MB]: Starting MainProcess iteration 11
[186.559 MB]:     > Iteration 11: added new patches
[186.559 MB]:     > Iteration 11: updated jobs
[186.559 MB]:     > Iteration 11: testing all jobs
[186.559 MB]: Starting MainProcess iteration 12
[186.559 MB]:     > Iteration 12: added new patches
[186.559 MB]:     > Iteration 12: updated jobs
[186.559 MB]:     > Iteration 12: testing all jobs
[186.559 MB]: Starting MainProcess iteration 13
[186.559 MB]:     > Iteration 13: added new patches
[186.559 MB]:     > Iteration 13: updated jobs
[186.559 MB]:     > Iteration 13: testing all jobs
[186.559 MB]: Starting MainProcess iteration 14
[186.559 MB]:     > Iteration 14: added new patches
[186.559 MB]:     > Iteration 14: updated jobs
[186.559 MB]:     > Iteration 14: testing all jobs
[186.559 MB]: Starting MainProcess iteration 15
[186.559 MB]:     > Iteration 15: added new patches
[186.559 MB]:     > Iteration 15: updated jobs
[186.559 MB]:     > Iteration 15: testing all jobs
[186.559 MB]: Starting MainProcess iteration 16
[186.559 MB]:     > Iteration 16: added new patches
[186.559 MB]:     > Iteration 16: updated jobs
[186.559 MB]:     > Iteration 16: testing all jobs
[186.559 MB]: Starting MainProcess iteration 17
[186.559 MB]:     > Iteration 17: added new patches
[186.559 MB]:     > Iteration 17: updated jobs
[186.559 MB]:     > Iteration 17: testing all jobs
[186.559 MB]: Starting MainProcess iteration 18
[186.559 MB]:     > Iteration 18: added new patches
[186.559 MB]:     > Iteration 18: updated jobs
[186.559 MB]:     > Iteration 18: testing all jobs
[186.559 MB]: Starting MainProcess iteration 19
[186.559 MB]:     > Iteration 19: added new patches
[186.559 MB]:     > Iteration 19: updated jobs
[186.559 MB]:     > Iteration 19: testing all jobs
[186.559 MB]: Starting MainProcess iteration 20
[186.559 MB]:     > Iteration 20: added new patches
[186.559 MB]:     > Iteration 20: updated jobs
[186.559 MB]:     > Iteration 20: testing all jobs
[186.559 MB]: Starting MainProcess iteration 21
[186.559 MB]:     > Iteration 21: added new patches
[186.559 MB]:     > Iteration 21: updated jobs
[186.559 MB]:     > Iteration 21: testing all jobs
[186.559 MB]: Starting MainProcess iteration 22
[186.559 MB]:     > Iteration 22: added new patches
[186.559 MB]:     > Iteration 22: updated jobs
[186.559 MB]:     > Iteration 22: testing all jobs
[186.559 MB]: Starting MainProcess iteration 23
[186.559 MB]:     > Iteration 23: added new patches
[186.559 MB]:     > Iteration 23: updated jobs
[186.559 MB]:     > Iteration 23: testing all jobs
[186.559 MB]: Starting MainProcess iteration 24
[186.559 MB]:     > Iteration 24: added new patches
[186.559 MB]:     > Iteration 24: updated jobs
[186.559 MB]:     > Iteration 24: testing all jobs
[186.559 MB]: Starting MainProcess iteration 25
[186.559 MB]:     > Iteration 25: added new patches
[186.559 MB]:     > Iteration 25: updated jobs
[186.559 MB]:     > Iteration 25: testing all jobs
[186.559 MB]: Starting MainProcess iteration 26
[186.559 MB]:     > Iteration 26: added new patches
[186.559 MB]:     > Iteration 26: updated jobs
[186.559 MB]:     > Iteration 26: testing all jobs
[186.559 MB]: Starting MainProcess iteration 27
[186.559 MB]:     > Iteration 27: added new patches
[186.559 MB]:     > Iteration 27: updated jobs
[186.559 MB]:     > Iteration 27: testing all jobs
[186.559 MB]: Starting MainProcess iteration 28
[186.559 MB]:     > Iteration 28: added new patches
[186.559 MB]:     > Iteration 28: updated jobs
[186.559 MB]:     > Iteration 28: testing all jobs
[186.559 MB]: Starting MainProcess iteration 29
[186.559 MB]:     > Iteration 29: added new patches
[186.559 MB]:     > Iteration 29: updated jobs
[186.559 MB]:     > Iteration 29: testing all jobs
[186.559 MB]: Starting MainProcess iteration 30
[186.559 MB]:     > Iteration 30: added new patches
[186.559 MB]:     > Iteration 30: updated jobs
[186.559 MB]:     > Iteration 30: testing all jobs
[186.559 MB]: Starting MainProcess iteration 31
[186.559 MB]:     > Iteration 31: added new patches
[186.559 MB]:     > Iteration 31: updated jobs
[186.559 MB]:     > Iteration 31: testing all jobs
[186.559 MB]: Starting MainProcess iteration 32
[186.559 MB]:     > Iteration 32: added new patches
[186.559 MB]:     > Iteration 32: updated jobs
[186.559 MB]:     > Iteration 32: testing all jobs
[186.559 MB]: Starting MainProcess iteration 33
[186.559 MB]:     > Iteration 33: added new patches
[186.559 MB]:     > Iteration 33: updated jobs
[186.559 MB]:     > Iteration 33: testing all jobs
[186.559 MB]: Starting MainProcess iteration 34
[186.559 MB]:     > Iteration 34: added new patches
[186.559 MB]:     > Iteration 34: updated jobs
[186.559 MB]:     > Iteration 34: testing all jobs
[186.559 MB]: Starting MainProcess iteration 35
[186.559 MB]:     > Iteration 35: added new patches
[186.559 MB]:     > Iteration 35: updated jobs
[186.559 MB]:     > Iteration 35: testing all jobs
[186.559 MB]: Starting MainProcess iteration 36
[186.559 MB]:     > Iteration 36: added new patches
[186.559 MB]:     > Iteration 36: updated jobs
[186.559 MB]:     > Iteration 36: testing all jobs
[186.559 MB]: Starting MainProcess iteration 37
[186.559 MB]:     > Iteration 37: added new patches
[186.559 MB]:     > Iteration 37: updated jobs
[186.559 MB]:     > Iteration 37: testing all jobs
[186.559 MB]: Starting MainProcess iteration 38
[186.559 MB]:     > Iteration 38: added new patches
[186.559 MB]:     > Iteration 38: updated jobs
[186.559 MB]:     > Iteration 38: testing all jobs
[186.559 MB]: Starting MainProcess iteration 39
[186.559 MB]:     > Iteration 39: added new patches
[186.559 MB]:     > Iteration 39: updated jobs
[186.559 MB]:     > Iteration 39: testing all jobs
[186.559 MB]: Starting MainProcess iteration 40
[186.559 MB]:     > Iteration 40: added new patches
[186.559 MB]:     > Iteration 40: updated jobs
[186.559 MB]:     > Iteration 40: testing all jobs
[186.559 MB]: Starting MainProcess iteration 41
[186.559 MB]:     > Iteration 41: added new patches
[186.559 MB]:     > Iteration 41: updated jobs
[186.559 MB]:     > Iteration 41: testing all jobs
[186.559 MB]: Starting MainProcess iteration 42
[186.559 MB]:     > Iteration 42: added new patches
[186.559 MB]:     > Iteration 42: updated jobs
[186.559 MB]:     > Iteration 42: testing all jobs
[186.559 MB]: Starting MainProcess iteration 43
[186.559 MB]:     > Iteration 43: added new patches
[186.559 MB]:     > Iteration 43: updated jobs
[186.559 MB]:     > Iteration 43: testing all jobs
[186.559 MB]: Starting MainProcess iteration 44
[186.559 MB]:     > Iteration 44: added new patches
[186.559 MB]:     > Iteration 44: updated jobs
[186.559 MB]:     > Iteration 44: testing all jobs
[186.559 MB]: Starting MainProcess iteration 45
[186.559 MB]:     > Iteration 45: added new patches
[186.559 MB]:     > Iteration 45: updated jobs
[186.559 MB]:     > Iteration 45: testing all jobs
[186.559 MB]: Starting MainProcess iteration 46
[186.559 MB]:     > Iteration 46: added new patches
[186.559 MB]:     > Iteration 46: updated jobs
[186.559 MB]:     > Iteration 46: testing all jobs
[186.559 MB]: Starting MainProcess iteration 47
[186.559 MB]:     > Iteration 47: added new patches
[186.559 MB]:     > Iteration 47: updated jobs
[186.559 MB]:     > Iteration 47: testing all jobs
[186.559 MB]: Starting MainProcess iteration 48
[186.559 MB]:     > Iteration 48: added new patches
[186.559 MB]:     > Iteration 48: updated jobs
[186.559 MB]:     > Iteration 48: testing all jobs
[186.559 MB]: Starting MainProcess iteration 49
[186.559 MB]:     > Iteration 49: added new patches
[186.559 MB]:     > Iteration 49: updated jobs
[186.559 MB]:     > Iteration 49: testing all jobs
[186.559 MB]: Starting MainProcess iteration 50
[186.559 MB]:     > Iteration 50: added new patches
[186.559 MB]:     > Iteration 50: updated jobs
[186.559 MB]:     > Iteration 50: testing all jobs
[186.559 MB]: Starting MainProcess iteration 51
[186.559 MB]:     > Iteration 51: added new patches
[186.559 MB]:     > Iteration 51: updated jobs
[186.559 MB]:     > Iteration 51: testing all jobs
[186.559 MB]: Starting MainProcess iteration 52
[186.559 MB]:     > Iteration 52: added new patches
[186.559 MB]:     > Iteration 52: updated jobs
[186.559 MB]:     > Iteration 52: testing all jobs
[186.559 MB]: Starting MainProcess iteration 53
[186.559 MB]:     > Iteration 53: added new patches
[186.559 MB]:     > Iteration 53: updated jobs
[186.559 MB]:     > Iteration 53: testing all jobs
[186.559 MB]: Starting MainProcess iteration 54
[186.559 MB]:     > Iteration 54: added new patches
[186.559 MB]:     > Iteration 54: updated jobs
[186.559 MB]:     > Iteration 54: testing all jobs
[186.559 MB]: Starting MainProcess iteration 55
[186.559 MB]:     > Iteration 55: added new patches
[186.559 MB]:     > Iteration 55: updated jobs
[186.559 MB]:     > Iteration 55: testing all jobs
[186.559 MB]: Starting MainProcess iteration 56
[186.559 MB]:     > Iteration 56: added new patches
[186.559 MB]:     > Iteration 56: updated jobs
[186.559 MB]:     > Iteration 56: testing all jobs
[186.559 MB]: Starting MainProcess iteration 57
[186.559 MB]:     > Iteration 57: added new patches
[186.816 MB]:     > Iteration 57: updated jobs
[186.816 MB]:     > Iteration 57: testing all jobs
[186.816 MB]: Starting MainProcess iteration 58
[186.816 MB]:     > Iteration 58: added new patches
[186.816 MB]:     > Iteration 58: updated jobs
[186.816 MB]:     > Iteration 58: testing all jobs
[186.816 MB]: Starting MainProcess iteration 59
[186.816 MB]:     > Iteration 59: added new patches
[186.816 MB]:     > Iteration 59: updated jobs
[186.816 MB]:     > Iteration 59: testing all jobs
[186.816 MB]: Starting MainProcess iteration 60
[186.816 MB]:     > Iteration 60: added new patches
[186.816 MB]:     > Iteration 60: updated jobs
[186.816 MB]:     > Iteration 60: testing all jobs
[186.816 MB]: Starting MainProcess iteration 61
[186.816 MB]:     > Iteration 61: added new patches
[186.816 MB]:     > Iteration 61: updated jobs
[186.816 MB]:     > Iteration 61: testing all jobs
[186.816 MB]: Starting MainProcess iteration 62
[186.816 MB]:     > Iteration 62: added new patches
[186.816 MB]:     > Iteration 62: updated jobs
[186.816 MB]:     > Iteration 62: testing all jobs
[186.816 MB]: Starting MainProcess iteration 63
[186.816 MB]:     > Iteration 63: added new patches
[186.816 MB]:     > Iteration 63: updated jobs
[186.816 MB]:     > Iteration 63: testing all jobs
[186.816 MB]: Starting MainProcess iteration 64
[186.816 MB]:     > Iteration 64: added new patches
[186.816 MB]:     > Iteration 64: updated jobs
[186.816 MB]:     > Iteration 64: testing all jobs
[186.816 MB]: Starting MainProcess iteration 65
[186.816 MB]:     > Iteration 65: added new patches
[186.816 MB]:     > Iteration 65: updated jobs
[186.816 MB]:     > Iteration 65: testing all jobs
[186.816 MB]: Starting MainProcess iteration 66
[186.816 MB]:     > Iteration 66: added new patches
[186.816 MB]:     > Iteration 66: updated jobs
[186.816 MB]:     > Iteration 66: testing all jobs
[186.816 MB]: Starting MainProcess iteration 67
[186.816 MB]:     > Iteration 67: added new patches
[186.816 MB]:     > Iteration 67: updated jobs
[186.816 MB]:     > Iteration 67: testing all jobs
[186.816 MB]: Starting MainProcess iteration 68
[186.816 MB]:     > Iteration 68: added new patches
[186.816 MB]:     > Iteration 68: updated jobs
[186.816 MB]:     > Iteration 68: testing all jobs
[186.816 MB]: Starting MainProcess iteration 69
[186.816 MB]:     > Iteration 69: added new patches
[186.816 MB]:     > Iteration 69: updated jobs
[186.816 MB]:     > Iteration 69: testing all jobs
[186.816 MB]: Starting MainProcess iteration 70
[186.816 MB]:     > Iteration 70: added new patches
[186.816 MB]:     > Iteration 70: updated jobs
[186.816 MB]:     > Iteration 70: testing all jobs
[186.816 MB]: Starting MainProcess iteration 71
[186.816 MB]:     > Iteration 71: added new patches
[186.816 MB]:     > Iteration 71: updated jobs
[186.816 MB]:     > Iteration 71: testing all jobs
[186.816 MB]: Starting MainProcess iteration 72
[186.816 MB]:     > Iteration 72: added new patches
[186.816 MB]:     > Iteration 72: updated jobs
[186.816 MB]:     > Iteration 72: testing all jobs
[186.816 MB]: Starting MainProcess iteration 73
[186.816 MB]:     > Iteration 73: added new patches
[186.816 MB]:     > Iteration 73: updated jobs
[186.816 MB]:     > Iteration 73: testing all jobs
[186.816 MB]: Starting MainProcess iteration 74
[186.816 MB]:     > Iteration 74: added new patches
[186.816 MB]:     > Iteration 74: updated jobs
[186.816 MB]:     > Iteration 74: testing all jobs
[186.816 MB]: Starting MainProcess iteration 75
[186.816 MB]:     > Iteration 75: added new patches
[186.816 MB]:     > Iteration 75: updated jobs
[186.816 MB]:     > Iteration 75: testing all jobs
[186.816 MB]: Starting MainProcess iteration 76
[186.816 MB]:     > Iteration 76: added new patches
[186.816 MB]:     > Iteration 76: updated jobs
[186.816 MB]:     > Iteration 76: testing all jobs
[186.816 MB]: Starting MainProcess iteration 77
[186.816 MB]:     > Iteration 77: added new patches
[186.816 MB]:     > Iteration 77: updated jobs
[186.816 MB]:     > Iteration 77: testing all jobs
[186.816 MB]: Starting MainProcess iteration 78
[186.816 MB]:     > Iteration 78: added new patches
[186.816 MB]:     > Iteration 78: updated jobs
[186.816 MB]:     > Iteration 78: testing all jobs
[186.816 MB]: Starting MainProcess iteration 79
[186.816 MB]:     > Iteration 79: added new patches
[186.816 MB]:     > Iteration 79: updated jobs
[186.816 MB]:     > Iteration 79: testing all jobs
[186.816 MB]: Starting MainProcess iteration 80
[186.816 MB]:     > Iteration 80: added new patches
[186.816 MB]:     > Iteration 80: updated jobs
[186.816 MB]:     > Iteration 80: testing all jobs
[186.816 MB]: Starting MainProcess iteration 81
[186.816 MB]:     > Iteration 81: added new patches
[186.816 MB]:     > Iteration 81: updated jobs
[186.816 MB]:     > Iteration 81: testing all jobs
[186.816 MB]: Starting MainProcess iteration 82
[186.816 MB]:     > Iteration 82: added new patches
[186.816 MB]:     > Iteration 82: updated jobs
[186.816 MB]:     > Iteration 82: testing all jobs
[186.816 MB]: Starting MainProcess iteration 83
[186.816 MB]:     > Iteration 83: added new patches
[186.816 MB]:     > Iteration 83: updated jobs
[186.816 MB]:     > Iteration 83: testing all jobs
[186.816 MB]: Starting MainProcess iteration 84
[186.816 MB]:     > Iteration 84: added new patches
[186.816 MB]:     > Iteration 84: updated jobs
[186.816 MB]:     > Iteration 84: testing all jobs
[186.816 MB]: Starting MainProcess iteration 85
[186.816 MB]:     > Iteration 85: added new patches
[186.816 MB]:     > Iteration 85: updated jobs
[186.816 MB]:     > Iteration 85: testing all jobs
[186.816 MB]: Starting MainProcess iteration 86
[186.816 MB]:     > Iteration 86: added new patches
[186.816 MB]:     > Iteration 86: updated jobs
[186.816 MB]:     > Iteration 86: testing all jobs
[186.816 MB]: Starting MainProcess iteration 87
[186.816 MB]:     > Iteration 87: added new patches
[186.816 MB]:     > Iteration 87: updated jobs
[186.816 MB]:     > Iteration 87: testing all jobs
[186.816 MB]: Starting MainProcess iteration 88
[186.816 MB]:     > Iteration 88: added new patches
[186.816 MB]:     > Iteration 88: updated jobs
[186.816 MB]:     > Iteration 88: testing all jobs
[186.816 MB]: Starting MainProcess iteration 89
[186.816 MB]:     > Iteration 89: added new patches
[186.816 MB]:     > Iteration 89: updated jobs
[186.816 MB]:     > Iteration 89: testing all jobs
[186.816 MB]: Starting MainProcess iteration 90
[186.816 MB]:     > Iteration 90: added new patches
[186.816 MB]:     > Iteration 90: updated jobs
[186.816 MB]:     > Iteration 90: testing all jobs
[186.816 MB]: Starting MainProcess iteration 91
[186.816 MB]:     > Iteration 91: added new patches
[186.816 MB]:     > Iteration 91: updated jobs
[186.816 MB]:     > Iteration 91: testing all jobs
[186.816 MB]: Starting MainProcess iteration 92
[186.816 MB]:     > Iteration 92: added new patches
[186.816 MB]:     > Iteration 92: updated jobs
[186.816 MB]:     > Iteration 92: testing all jobs
[186.816 MB]: Starting MainProcess iteration 93
[186.816 MB]:     > Iteration 93: added new patches
[186.816 MB]:     > Iteration 93: updated jobs
[186.816 MB]:     > Iteration 93: testing all jobs
[186.816 MB]: Starting MainProcess iteration 94
[186.816 MB]:     > Iteration 94: added new patches
[186.816 MB]:     > Iteration 94: updated jobs
[186.816 MB]:     > Iteration 94: testing all jobs
[186.816 MB]: Starting MainProcess iteration 95
[186.816 MB]:     > Iteration 95: added new patches
[186.816 MB]:     > Iteration 95: updated jobs
[186.816 MB]:     > Iteration 95: testing all jobs
[186.816 MB]: Starting MainProcess iteration 96
[186.816 MB]:     > Iteration 96: added new patches
[186.816 MB]:     > Iteration 96: updated jobs
[186.816 MB]:     > Iteration 96: testing all jobs
[186.816 MB]: Starting MainProcess iteration 97
[186.816 MB]:     > Iteration 97: added new patches
[186.816 MB]:     > Iteration 97: updated jobs
[186.816 MB]:     > Iteration 97: testing all jobs
[186.816 MB]: Starting MainProcess iteration 98
[186.816 MB]:     > Iteration 98: added new patches
[186.816 MB]:     > Iteration 98: updated jobs
[186.816 MB]:     > Iteration 98: testing all jobs
[186.816 MB]: Starting MainProcess iteration 99
[186.816 MB]:     > Iteration 99: added new patches
[186.816 MB]:     > Iteration 99: updated jobs
[186.816 MB]:     > Iteration 99: testing all jobs
[186.816 MB]: Starting MainProcess iteration 100
[186.816 MB]:     > Iteration 100: added new patches
[186.816 MB]:     > Iteration 100: updated jobs
[186.816 MB]:     > Iteration 100: testing all jobs
[186.816 MB]: Starting MainProcess iteration 101
[186.816 MB]:     > Iteration 101: added new patches
[186.816 MB]:     > Iteration 101: updated jobs
[186.816 MB]:     > Iteration 101: testing all jobs
[186.816 MB]: Starting MainProcess iteration 102
[186.816 MB]:     > Iteration 102: added new patches
[186.816 MB]:     > Iteration 102: updated jobs
[186.816 MB]:     > Iteration 102: testing all jobs
[186.816 MB]: Starting MainProcess iteration 103
We got Stream connection lost: ConnectionResetError(104, 'Connection reset by peer')
Did not find current user: defaulted to mummiusr
Using Plain connection (unsafe): TLS certificate /opt/clones/certs/client_rabbitmq_certificate.pem does not exist
[186.816 MB]:     > Iteration 103: added new patches
[186.816 MB]:     > Iteration 103: updated jobs
[186.816 MB]:     > Iteration 103: testing all jobs
[186.816 MB]: Starting MainProcess iteration 104
[187.074 MB]:     > Iteration 104: added new patches
Batch job for cganalysis-structure_iter00_000000000000 exists, assuming resumed: Conflict
[cg] Found already running cg job (Conflict) for simname = structure_iter00_000000000000
Maximum jobs for cg (3) reached, will not submit more.
[187.074 MB]:     > Iteration 104: updated jobs
[187.074 MB]:     > Iteration 104: testing all jobs
[187.074 MB]: Starting MainProcess iteration 105
[187.074 MB]:     > Iteration 105: added new patches
Maximum jobs for cg (3) reached, will not submit more.
[187.074 MB]:     > Iteration 105: updated jobs
[187.074 MB]:     > Iteration 105: testing all jobs
[187.074 MB]: Starting MainProcess iteration 106
[187.074 MB]:     > Iteration 106: added new patches
Maximum jobs for cg (3) reached, will not submit more.
[187.074 MB]:     > Iteration 106: updated jobs
[187.074 MB]:     > Iteration 106: testing all jobs
[187.074 MB]: Starting MainProcess iteration 107
[187.074 MB]:     > Iteration 107: added new patches
Maximum jobs for cg (3) reached, will not submit more.
[187.074 MB]:     > Iteration 107: updated jobs
[187.074 MB]:     > Iteration 107: testing all jobs
[187.074 MB]: Starting MainProcess iteration 108
[187.074 MB]:     > Iteration 108: added new patches
Maximum jobs for cg (3) reached, will not submit more.
[187.074 MB]:     > Iteration 108: updated jobs
[187.074 MB]:     > Iteration 108: testing all jobs
[187.074 MB]: Starting MainProcess iteration 109
[187.074 MB]:     > Iteration 109: added new patches
Maximum jobs for cg (3) reached, will not submit more.
[187.074 MB]:     > Iteration 109: updated jobs
[187.074 MB]:     > Iteration 109: testing all jobs
[187.074 MB]: Starting MainProcess iteration 110
[187.074 MB]:     > Iteration 110: added new patches
Maximum jobs for cg (3) reached, will not submit more.
[187.074 MB]:     > Iteration 110: updated jobs
[187.074 MB]:     > Iteration 110: testing all jobs
[187.074 MB]: Starting MainProcess iteration 111
[187.074 MB]:     > Iteration 111: added new patches
Maximum jobs for cg (3) reached, will not submit more.
[187.074 MB]:     > Iteration 111: updated jobs
[187.074 MB]:     > Iteration 111: testing all jobs
[187.074 MB]: Starting MainProcess iteration 112
[187.074 MB]:     > Iteration 112: added new patches
Maximum jobs for cg (3) reached, will not submit more.
[187.074 MB]:     > Iteration 112: updated jobs
[187.074 MB]:     > Iteration 112: testing all jobs
[187.074 MB]: Starting MainProcess iteration 113
[187.074 MB]:     > Iteration 113: added new patches
Maximum jobs for cg (3) reached, will not submit more.
[187.074 MB]:     > Iteration 113: updated jobs
[187.074 MB]:     > Iteration 113: testing all jobs
[187.074 MB]: Starting MainProcess iteration 114
[187.074 MB]:     > Iteration 114: added new patches
Maximum jobs for cg (3) reached, will not submit more.
[187.074 MB]:     > Iteration 114: updated jobs
[187.074 MB]:     > Iteration 114: testing all jobs
[187.074 MB]: Starting MainProcess iteration 115
[187.074 MB]:     > Iteration 115: added new patches
Maximum jobs for cg (3) reached, will not submit more.
[187.074 MB]:     > Iteration 115: updated jobs
[187.074 MB]:     > Iteration 115: testing all jobs
[187.074 MB]: Starting MainProcess iteration 116
[187.074 MB]:     > Iteration 116: added new patches
Maximum jobs for cg (3) reached, will not submit more.
[187.074 MB]:     > Iteration 116: updated jobs
[187.074 MB]:     > Iteration 116: testing all jobs
[187.074 MB]: Starting MainProcess iteration 117
[187.074 MB]:     > Iteration 117: added new patches
Maximum jobs for cg (3) reached, will not submit more.
[187.074 MB]:     > Iteration 117: updated jobs
[187.074 MB]:     > Iteration 117: testing all jobs
[187.074 MB]: Starting MainProcess iteration 118
[187.074 MB]:     > Iteration 118: added new patches
Maximum jobs for cg (3) reached, will not submit more.
[187.074 MB]:     > Iteration 118: updated jobs
[187.074 MB]:     > Iteration 118: testing all jobs
[187.074 MB]: Starting MainProcess iteration 119
[187.074 MB]:     > Iteration 119: added new patches
Maximum jobs for cg (3) reached, will not submit more.
[187.074 MB]:     > Iteration 119: updated jobs
[187.074 MB]:     > Iteration 119: testing all jobs
[187.074 MB]: Starting MainProcess iteration 120
[187.074 MB]:     > Iteration 120: added new patches
Maximum jobs for cg (3) reached, will not submit more.
[187.074 MB]:     > Iteration 120: updated jobs
[187.074 MB]:     > Iteration 120: testing all jobs
[187.074 MB]: Starting MainProcess iteration 121
[187.074 MB]:     > Iteration 121: added new patches
Maximum jobs for cg (3) reached, will not submit more.
[187.074 MB]:     > Iteration 121: updated jobs
[187.074 MB]:     > Iteration 121: testing all jobs
[187.074 MB]: Starting MainProcess iteration 122
[187.074 MB]:     > Iteration 122: added new patches
Maximum jobs for cg (3) reached, will not submit more.
[187.074 MB]:     > Iteration 122: updated jobs
[187.074 MB]:     > Iteration 122: testing all jobs
[187.074 MB]: Starting MainProcess iteration 123
[187.074 MB]:     > Iteration 123: added new patches
Maximum jobs for cg (3) reached, will not submit more.
[187.074 MB]:     > Iteration 123: updated jobs
[187.074 MB]:     > Iteration 123: testing all jobs
[187.074 MB]: Starting MainProcess iteration 124
[187.074 MB]:     > Iteration 124: added new patches
Maximum jobs for cg (3) reached, will not submit more.
[187.074 MB]:     > Iteration 124: updated jobs
[187.074 MB]:     > Iteration 124: testing all jobs
[187.074 MB]: Starting MainProcess iteration 125
[187.074 MB]:     > Iteration 125: added new patches
Maximum jobs for cg (3) reached, will not submit more.
[187.074 MB]:     > Iteration 125: updated jobs
[187.074 MB]:     > Iteration 125: testing all jobs
[187.074 MB]: Starting MainProcess iteration 126
[187.074 MB]:     > Iteration 126: added new patches
Maximum jobs for cg (3) reached, will not submit more.
[187.074 MB]:     > Iteration 126: updated jobs
[187.074 MB]:     > Iteration 126: testing all jobs
[187.074 MB]: Starting MainProcess iteration 127
[187.074 MB]:     > Iteration 127: added new patches
Maximum jobs for cg (3) reached, will not submit more.
[187.074 MB]:     > Iteration 127: updated jobs
[187.074 MB]:     > Iteration 127: testing all jobs
[187.074 MB]: Starting MainProcess iteration 128
[187.074 MB]:     > Iteration 128: added new patches
Maximum jobs for cg (3) reached, will not submit more.
[187.074 MB]:     > Iteration 128: updated jobs
[187.074 MB]:     > Iteration 128: testing all jobs
[187.074 MB]: Starting MainProcess iteration 129
[187.074 MB]:     > Iteration 129: added new patches
Maximum jobs for cg (3) reached, will not submit more.
[187.074 MB]:     > Iteration 129: updated jobs
[187.074 MB]:     > Iteration 129: testing all jobs
[187.074 MB]: Starting MainProcess iteration 130
[187.074 MB]:     > Iteration 130: added new patches
Maximum jobs for cg (3) reached, will not submit more.
[187.074 MB]:     > Iteration 130: updated jobs
[187.074 MB]:     > Iteration 130: testing all jobs
[187.074 MB]: Starting MainProcess iteration 131
[187.074 MB]:     > Iteration 131: added new patches
Maximum jobs for cg (3) reached, will not submit more.
[187.074 MB]:     > Iteration 131: updated jobs
[187.074 MB]:     > Iteration 131: testing all jobs
[187.074 MB]: Starting MainProcess iteration 132
[187.074 MB]:     > Iteration 132: added new patches
Maximum jobs for cg (3) reached, will not submit more.
[187.074 MB]:     > Iteration 132: updated jobs
[187.074 MB]:     > Iteration 132: testing all jobs
[187.074 MB]: Starting MainProcess iteration 133
[187.074 MB]:     > Iteration 133: added new patches
Maximum jobs for cg (3) reached, will not submit more.
[187.074 MB]:     > Iteration 133: updated jobs
[187.074 MB]:     > Iteration 133: testing all jobs
[187.074 MB]: Starting MainProcess iteration 134
[187.074 MB]:     > Iteration 134: added new patches
Maximum jobs for cg (3) reached, will not submit more.
[187.074 MB]:     > Iteration 134: updated jobs
[187.074 MB]:     > Iteration 134: testing all jobs
[187.074 MB]: Starting MainProcess iteration 135
[187.074 MB]:     > Iteration 135: added new patches
Maximum jobs for cg (3) reached, will not submit more.
[187.074 MB]:     > Iteration 135: updated jobs
[187.074 MB]:     > Iteration 135: testing all jobs
[187.074 MB]: Starting MainProcess iteration 136
[187.074 MB]:     > Iteration 136: added new patches
Maximum jobs for cg (3) reached, will not submit more.
[187.074 MB]:     > Iteration 136: updated jobs
[187.074 MB]:     > Iteration 136: testing all jobs
[187.074 MB]: Starting MainProcess iteration 137
[187.074 MB]:     > Iteration 137: added new patches
Maximum jobs for cg (3) reached, will not submit more.
[187.074 MB]:     > Iteration 137: updated jobs
[187.074 MB]:     > Iteration 137: testing all jobs
[187.074 MB]: Starting MainProcess iteration 138
[187.074 MB]:     > Iteration 138: added new patches
Maximum jobs for cg (3) reached, will not submit more.
[187.074 MB]:     > Iteration 138: updated jobs
[187.074 MB]:     > Iteration 138: testing all jobs
[187.074 MB]: Starting MainProcess iteration 139
[187.074 MB]:     > Iteration 139: added new patches
Maximum jobs for cg (3) reached, will not submit more.
[187.074 MB]:     > Iteration 139: updated jobs
[187.074 MB]:     > Iteration 139: testing all jobs
[187.074 MB]: Starting MainProcess iteration 140
[187.074 MB]:     > Iteration 140: added new patches
Maximum jobs for cg (3) reached, will not submit more.
[187.074 MB]:     > Iteration 140: updated jobs
[187.074 MB]:     > Iteration 140: testing all jobs
[187.074 MB]: Starting MainProcess iteration 141
[187.074 MB]:     > Iteration 141: added new patches
Maximum jobs for cg (3) reached, will not submit more.
[187.074 MB]:     > Iteration 141: updated jobs
[187.074 MB]:     > Iteration 141: testing all jobs
[187.074 MB]: Starting MainProcess iteration 142
[187.074 MB]:     > Iteration 142: added new patches
Maximum jobs for cg (3) reached, will not submit more.
[187.074 MB]:     > Iteration 142: updated jobs
[187.074 MB]:     > Iteration 142: testing all jobs
[187.074 MB]: Starting MainProcess iteration 143
[187.074 MB]:     > Iteration 143: added new patches
Maximum jobs for cg (3) reached, will not submit more.
[187.074 MB]:     > Iteration 143: updated jobs
[187.074 MB]:     > Iteration 143: testing all jobs
[187.074 MB]: Starting MainProcess iteration 144
[187.074 MB]:     > Iteration 144: added new patches
Maximum jobs for cg (3) reached, will not submit more.
[187.074 MB]:     > Iteration 144: updated jobs
[187.074 MB]:     > Iteration 144: testing all jobs
[187.074 MB]: Starting MainProcess iteration 145
[187.074 MB]:     > Iteration 145: added new patches
Maximum jobs for cg (3) reached, will not submit more.
[187.074 MB]:     > Iteration 145: updated jobs
[187.074 MB]:     > Iteration 145: testing all jobs
[187.074 MB]: Starting MainProcess iteration 146
[187.074 MB]:     > Iteration 146: added new patches
Maximum jobs for cg (3) reached, will not submit more.
[187.074 MB]:     > Iteration 146: updated jobs
[187.074 MB]:     > Iteration 146: testing all jobs
[187.074 MB]: Starting MainProcess iteration 147
[187.074 MB]:     > Iteration 147: added new patches
Maximum jobs for cg (3) reached, will not submit more.
[187.074 MB]:     > Iteration 147: updated jobs
[187.074 MB]:     > Iteration 147: testing all jobs
[187.074 MB]: Starting MainProcess iteration 148
[187.074 MB]:     > Iteration 148: added new patches
Maximum jobs for cg (3) reached, will not submit more.
[187.074 MB]:     > Iteration 148: updated jobs
[187.074 MB]:     > Iteration 148: testing all jobs
[187.074 MB]: Starting MainProcess iteration 149
[187.074 MB]:     > Iteration 149: added new patches
Maximum jobs for cg (3) reached, will not submit more.
[187.074 MB]:     > Iteration 149: updated jobs
[187.074 MB]:     > Iteration 149: testing all jobs
[187.074 MB]: Starting MainProcess iteration 150
[187.074 MB]:     > Iteration 150: added new patches
Maximum jobs for cg (3) reached, will not submit more.
[187.074 MB]:     > Iteration 150: updated jobs
[187.074 MB]:     > Iteration 150: testing all jobs
[187.074 MB]: Starting MainProcess iteration 151
[187.074 MB]:     > Iteration 151: added new patches
Maximum jobs for cg (3) reached, will not submit more.
[187.074 MB]:     > Iteration 151: updated jobs
[187.074 MB]:     > Iteration 151: testing all jobs
[187.074 MB]: Starting MainProcess iteration 152
[187.074 MB]:     > Iteration 152: added new patches
Maximum jobs for cg (3) reached, will not submit more.
[187.074 MB]:     > Iteration 152: updated jobs
[187.074 MB]:     > Iteration 152: testing all jobs
[187.074 MB]: Starting MainProcess iteration 153
[187.074 MB]:     > Iteration 153: added new patches
Maximum jobs for cg (3) reached, will not submit more.
[187.074 MB]:     > Iteration 153: updated jobs
[187.074 MB]:     > Iteration 153: testing all jobs
[187.074 MB]: Starting MainProcess iteration 154
[187.074 MB]:     > Iteration 154: added new patches
Maximum jobs for cg (3) reached, will not submit more.
[187.074 MB]:     > Iteration 154: updated jobs
[187.074 MB]:     > Iteration 154: testing all jobs
[187.074 MB]: Starting MainProcess iteration 155
[187.074 MB]:     > Iteration 155: added new patches
Maximum jobs for cg (3) reached, will not submit more.
[187.074 MB]:     > Iteration 155: updated jobs
[187.074 MB]:     > Iteration 155: testing all jobs
[187.074 MB]: Starting MainProcess iteration 156
[187.074 MB]:     > Iteration 156: added new patches
Maximum jobs for cg (3) reached, will not submit more.
[187.074 MB]:     > Iteration 156: updated jobs
[187.074 MB]:     > Iteration 156: testing all jobs
[187.074 MB]: Starting MainProcess iteration 157
[187.074 MB]:     > Iteration 157: added new patches
Maximum jobs for cg (3) reached, will not submit more.
[187.074 MB]:     > Iteration 157: updated jobs
[187.074 MB]:     > Iteration 157: testing all jobs
[187.074 MB]: Starting MainProcess iteration 158
[187.074 MB]:     > Iteration 158: added new patches
Maximum jobs for cg (3) reached, will not submit more.
[187.074 MB]:     > Iteration 158: updated jobs
[187.074 MB]:     > Iteration 158: testing all jobs
[187.074 MB]: Starting MainProcess iteration 159
[187.074 MB]:     > Iteration 159: added new patches
Maximum jobs for cg (3) reached, will not submit more.
[187.074 MB]:     > Iteration 159: updated jobs
[187.074 MB]:     > Iteration 159: testing all jobs
[187.074 MB]: Starting MainProcess iteration 160
[187.074 MB]:     > Iteration 160: added new patches
Maximum jobs for cg (3) reached, will not submit more.
[187.074 MB]:     > Iteration 160: updated jobs
[187.074 MB]:     > Iteration 160: testing all jobs
[187.074 MB]: Starting MainProcess iteration 161
[187.074 MB]:     > Iteration 161: added new patches
Maximum jobs for cg (3) reached, will not submit more.
[187.074 MB]:     > Iteration 161: updated jobs
[187.074 MB]:     > Iteration 161: testing all jobs
[187.074 MB]: Starting MainProcess iteration 162
[187.074 MB]:     > Iteration 162: added new patches
Maximum jobs for cg (3) reached, will not submit more.
[187.074 MB]:     > Iteration 162: updated jobs
[187.074 MB]:     > Iteration 162: testing all jobs
[187.074 MB]: Starting MainProcess iteration 163
[187.074 MB]:     > Iteration 163: added new patches
Maximum jobs for cg (3) reached, will not submit more.
[187.074 MB]:     > Iteration 163: updated jobs
[187.074 MB]:     > Iteration 163: testing all jobs
[187.074 MB]: Starting MainProcess iteration 164
[187.074 MB]:     > Iteration 164: added new patches
Maximum jobs for cg (3) reached, will not submit more.
[187.074 MB]:     > Iteration 164: updated jobs
[187.074 MB]:     > Iteration 164: testing all jobs
[187.074 MB]: Starting MainProcess iteration 165
[187.074 MB]:     > Iteration 165: added new patches
Maximum jobs for cg (3) reached, will not submit more.
[187.074 MB]:     > Iteration 165: updated jobs
[187.074 MB]:     > Iteration 165: testing all jobs
[187.074 MB]: Starting MainProcess iteration 166
[187.074 MB]:     > Iteration 166: added new patches
Maximum jobs for cg (3) reached, will not submit more.
[187.074 MB]:     > Iteration 166: updated jobs
[187.074 MB]:     > Iteration 166: testing all jobs
[187.074 MB]: Starting MainProcess iteration 167
[187.074 MB]:     > Iteration 167: added new patches
Maximum jobs for cg (3) reached, will not submit more.
[187.074 MB]:     > Iteration 167: updated jobs
[187.074 MB]:     > Iteration 167: testing all jobs
[187.074 MB]: Starting MainProcess iteration 168
[187.074 MB]:     > Iteration 168: added new patches
Maximum jobs for cg (3) reached, will not submit more.
[187.074 MB]:     > Iteration 168: updated jobs
[187.074 MB]:     > Iteration 168: testing all jobs
[187.074 MB]: Starting MainProcess iteration 169
[187.074 MB]:     > Iteration 169: added new patches
Maximum jobs for cg (3) reached, will not submit more.
[187.074 MB]:     > Iteration 169: updated jobs
[187.074 MB]:     > Iteration 169: testing all jobs
[187.074 MB]: Starting MainProcess iteration 170
[187.074 MB]:     > Iteration 170: added new patches
Maximum jobs for cg (3) reached, will not submit more.
[187.074 MB]:     > Iteration 170: updated jobs
[187.074 MB]:     > Iteration 170: testing all jobs
[187.074 MB]: Starting MainProcess iteration 171
[187.074 MB]:     > Iteration 171: added new patches
Maximum jobs for cg (3) reached, will not submit more.
[187.074 MB]:     > Iteration 171: updated jobs
[187.074 MB]:     > Iteration 171: testing all jobs
[187.074 MB]: Starting MainProcess iteration 172
[187.074 MB]:     > Iteration 172: added new patches
Maximum jobs for cg (3) reached, will not submit more.
[187.074 MB]:     > Iteration 172: updated jobs
[187.074 MB]:     > Iteration 172: testing all jobs
[187.074 MB]: Starting MainProcess iteration 173
[187.074 MB]:     > Iteration 173: added new patches
Maximum jobs for cg (3) reached, will not submit more.
[187.074 MB]:     > Iteration 173: updated jobs
[187.074 MB]:     > Iteration 173: testing all jobs
[187.074 MB]: Starting MainProcess iteration 174
[187.074 MB]:     > Iteration 174: added new patches
Maximum jobs for cg (3) reached, will not submit more.
[187.074 MB]:     > Iteration 174: updated jobs
[187.074 MB]:     > Iteration 174: testing all jobs
[187.074 MB]: Starting MainProcess iteration 175
[187.074 MB]:     > Iteration 175: added new patches
Maximum jobs for cg (3) reached, will not submit more.
[187.074 MB]:     > Iteration 175: updated jobs
[187.074 MB]:     > Iteration 175: testing all jobs
[187.074 MB]: Starting MainProcess iteration 176
[187.074 MB]:     > Iteration 176: added new patches
Maximum jobs for cg (3) reached, will not submit more.
[187.074 MB]:     > Iteration 176: updated jobs
[187.074 MB]:     > Iteration 176: testing all jobs
[187.074 MB]: Starting MainProcess iteration 177
[187.074 MB]:     > Iteration 177: added new patches
Maximum jobs for cg (3) reached, will not submit more.
[187.074 MB]:     > Iteration 177: updated jobs
[187.074 MB]:     > Iteration 177: testing all jobs
[187.074 MB]: Starting MainProcess iteration 178
[187.074 MB]:     > Iteration 178: added new patches
Maximum jobs for cg (3) reached, will not submit more.
[187.074 MB]:     > Iteration 178: updated jobs
[187.074 MB]:     > Iteration 178: testing all jobs
[187.074 MB]: Starting MainProcess iteration 179
[187.074 MB]:     > Iteration 179: added new patches
Maximum jobs for cg (3) reached, will not submit more.
[187.074 MB]:     > Iteration 179: updated jobs
[187.074 MB]:     > Iteration 179: testing all jobs
[187.074 MB]: Starting MainProcess iteration 180
[187.074 MB]:     > Iteration 180: added new patches
Maximum jobs for cg (3) reached, will not submit more.
[187.074 MB]:     > Iteration 180: updated jobs
[187.074 MB]:     > Iteration 180: testing all jobs
[187.074 MB]: Starting MainProcess iteration 181
[187.074 MB]:     > Iteration 181: added new patches
Maximum jobs for cg (3) reached, will not submit more.
[187.074 MB]:     > Iteration 181: updated jobs
[187.074 MB]:     > Iteration 181: testing all jobs
[187.074 MB]: Starting MainProcess iteration 182
[187.074 MB]:     > Iteration 182: added new patches
Maximum jobs for cg (3) reached, will not submit more.
[187.074 MB]:     > Iteration 182: updated jobs
[187.074 MB]:     > Iteration 182: testing all jobs
[187.074 MB]: Starting MainProcess iteration 183
[187.074 MB]:     > Iteration 183: added new patches
Maximum jobs for cg (3) reached, will not submit more.
[187.074 MB]:     > Iteration 183: updated jobs
[187.074 MB]:     > Iteration 183: testing all jobs
[187.074 MB]: Starting MainProcess iteration 184
[187.074 MB]:     > Iteration 184: added new patches
Maximum jobs for cg (3) reached, will not submit more.
[187.074 MB]:     > Iteration 184: updated jobs
[187.074 MB]:     > Iteration 184: testing all jobs
[187.074 MB]: Starting MainProcess iteration 185
[187.074 MB]:     > Iteration 185: added new patches
Maximum jobs for cg (3) reached, will not submit more.
[187.074 MB]:     > Iteration 185: updated jobs
[187.074 MB]:     > Iteration 185: testing all jobs
[187.074 MB]: Starting MainProcess iteration 186
[187.074 MB]:     > Iteration 186: added new patches
Maximum jobs for cg (3) reached, will not submit more.
[187.074 MB]:     > Iteration 186: updated jobs
[187.074 MB]:     > Iteration 186: testing all jobs
[187.074 MB]: Starting MainProcess iteration 187
[187.074 MB]:     > Iteration 187: added new patches
Maximum jobs for cg (3) reached, will not submit more.
[187.074 MB]:     > Iteration 187: updated jobs
[187.074 MB]:     > Iteration 187: testing all jobs
[187.074 MB]: Starting MainProcess iteration 188
[187.074 MB]:     > Iteration 188: added new patches
Maximum jobs for cg (3) reached, will not submit more.
[187.074 MB]:     > Iteration 188: updated jobs
[187.074 MB]:     > Iteration 188: testing all jobs
[187.074 MB]: Starting MainProcess iteration 189
[187.074 MB]:     > Iteration 189: added new patches
Maximum jobs for cg (3) reached, will not submit more.
[187.074 MB]:     > Iteration 189: updated jobs
[187.074 MB]:     > Iteration 189: testing all jobs
[187.074 MB]: Starting MainProcess iteration 190
[187.074 MB]:     > Iteration 190: added new patches
Maximum jobs for cg (3) reached, will not submit more.
[187.074 MB]:     > Iteration 190: updated jobs
[187.074 MB]:     > Iteration 190: testing all jobs
[187.074 MB]: Starting MainProcess iteration 191
[187.074 MB]:     > Iteration 191: added new patches
Maximum jobs for cg (3) reached, will not submit more.
[187.074 MB]:     > Iteration 191: updated jobs
[187.074 MB]:     > Iteration 191: testing all jobs
[187.074 MB]: Starting MainProcess iteration 192
[187.074 MB]:     > Iteration 192: added new patches
Maximum jobs for cg (3) reached, will not submit more.
[187.074 MB]:     > Iteration 192: updated jobs
[187.074 MB]:     > Iteration 192: testing all jobs
[187.074 MB]: Starting MainProcess iteration 193
[187.074 MB]:     > Iteration 193: added new patches
Maximum jobs for cg (3) reached, will not submit more.
[187.074 MB]:     > Iteration 193: updated jobs
[187.074 MB]:     > Iteration 193: testing all jobs
[187.074 MB]: Starting MainProcess iteration 194
[187.074 MB]:     > Iteration 194: added new patches
Maximum jobs for cg (3) reached, will not submit more.
[187.074 MB]:     > Iteration 194: updated jobs
[187.074 MB]:     > Iteration 194: testing all jobs
[187.074 MB]: Starting MainProcess iteration 195
[187.074 MB]:     > Iteration 195: added new patches
Maximum jobs for cg (3) reached, will not submit more.
[187.074 MB]:     > Iteration 195: updated jobs
[187.074 MB]:     > Iteration 195: testing all jobs
[187.074 MB]: Starting MainProcess iteration 196
[187.074 MB]:     > Iteration 196: added new patches
Maximum jobs for cg (3) reached, will not submit more.
[187.074 MB]:     > Iteration 196: updated jobs
[187.074 MB]:     > Iteration 196: testing all jobs
[187.074 MB]: Starting MainProcess iteration 197
[187.074 MB]:     > Iteration 197: added new patches
Maximum jobs for cg (3) reached, will not submit more.
[187.074 MB]:     > Iteration 197: updated jobs
[187.074 MB]:     > Iteration 197: testing all jobs
[187.074 MB]: Starting MainProcess iteration 198
[187.074 MB]:     > Iteration 198: added new patches
Maximum jobs for cg (3) reached, will not submit more.
[187.074 MB]:     > Iteration 198: updated jobs
[187.074 MB]:     > Iteration 198: testing all jobs
[187.074 MB]: Starting MainProcess iteration 199
[187.074 MB]:     > Iteration 199: added new patches
Maximum jobs for cg (3) reached, will not submit more.
[187.074 MB]:     > Iteration 199: updated jobs
[187.074 MB]:     > Iteration 199: testing all jobs
[187.074 MB]: Starting MainProcess iteration 200
[187.074 MB]:     > Iteration 200: added new patches
Maximum jobs for cg (3) reached, will not submit more.
[187.074 MB]:     > Iteration 200: updated jobs
[187.074 MB]:     > Iteration 200: testing all jobs
[187.074 MB]: Starting MainProcess iteration 201
[187.074 MB]:     > Iteration 201: added new patches
Maximum jobs for cg (3) reached, will not submit more.
[187.074 MB]:     > Iteration 201: updated jobs
[187.074 MB]:     > Iteration 201: testing all jobs
[187.074 MB]: Starting MainProcess iteration 202
[187.074 MB]:     > Iteration 202: added new patches
Maximum jobs for cg (3) reached, will not submit more.
[187.074 MB]:     > Iteration 202: updated jobs
[187.074 MB]:     > Iteration 202: testing all jobs
[187.074 MB]: Starting MainProcess iteration 203
[187.074 MB]:     > Iteration 203: added new patches
Maximum jobs for cg (3) reached, will not submit more.
[187.074 MB]:     > Iteration 203: updated jobs
[187.074 MB]:     > Iteration 203: testing all jobs
[187.074 MB]: Starting MainProcess iteration 204
[187.074 MB]:     > Iteration 204: added new patches
Maximum jobs for cg (3) reached, will not submit more.
[187.074 MB]:     > Iteration 204: updated jobs
[187.074 MB]:     > Iteration 204: testing all jobs
[187.074 MB]: Starting MainProcess iteration 205
[187.074 MB]:     > Iteration 205: added new patches
Maximum jobs for cg (3) reached, will not submit more.
[187.074 MB]:     > Iteration 205: updated jobs
[187.074 MB]:     > Iteration 205: testing all jobs
[187.074 MB]: Starting MainProcess iteration 206
[187.074 MB]:     > Iteration 206: added new patches
Maximum jobs for cg (3) reached, will not submit more.
[187.074 MB]:     > Iteration 206: updated jobs
[187.074 MB]:     > Iteration 206: testing all jobs
[187.074 MB]: Starting MainProcess iteration 207
[187.074 MB]:     > Iteration 207: added new patches
Maximum jobs for cg (3) reached, will not submit more.
[187.074 MB]:     > Iteration 207: updated jobs
[187.074 MB]:     > Iteration 207: testing all jobs
[187.074 MB]: Starting MainProcess iteration 208
[187.074 MB]:     > Iteration 208: added new patches
Maximum jobs for cg (3) reached, will not submit more.
[187.074 MB]:     > Iteration 208: updated jobs
[187.074 MB]:     > Iteration 208: testing all jobs
[187.074 MB]: Starting MainProcess iteration 209
[187.074 MB]:     > Iteration 209: added new patches
Maximum jobs for cg (3) reached, will not submit more.
[187.074 MB]:     > Iteration 209: updated jobs
[187.074 MB]:     > Iteration 209: testing all jobs
[187.074 MB]: Starting MainProcess iteration 210
[187.074 MB]:     > Iteration 210: added new patches
Maximum jobs for cg (3) reached, will not submit more.
[187.074 MB]:     > Iteration 210: updated jobs
[187.074 MB]:     > Iteration 210: testing all jobs
[187.074 MB]: Starting MainProcess iteration 211
[187.074 MB]:     > Iteration 211: added new patches
Maximum jobs for cg (3) reached, will not submit more.
[187.074 MB]:     > Iteration 211: updated jobs
[187.074 MB]:     > Iteration 211: testing all jobs
[187.074 MB]: Starting MainProcess iteration 212
[187.074 MB]:     > Iteration 212: added new patches
Maximum jobs for cg (3) reached, will not submit more.
[187.074 MB]:     > Iteration 212: updated jobs
[187.074 MB]:     > Iteration 212: testing all jobs
[187.074 MB]: Starting MainProcess iteration 213
[187.074 MB]:     > Iteration 213: added new patches
Maximum jobs for cg (3) reached, will not submit more.
[187.074 MB]:     > Iteration 213: updated jobs
[187.074 MB]:     > Iteration 213: testing all jobs
[187.074 MB]: Starting MainProcess iteration 214
[187.074 MB]:     > Iteration 214: added new patches
Maximum jobs for cg (3) reached, will not submit more.
[187.074 MB]:     > Iteration 214: updated jobs
[187.074 MB]:     > Iteration 214: testing all jobs
[187.074 MB]: Starting MainProcess iteration 215
[187.074 MB]:     > Iteration 215: added new patches
Maximum jobs for cg (3) reached, will not submit more.
[187.074 MB]:     > Iteration 215: updated jobs
[187.074 MB]:     > Iteration 215: testing all jobs
[187.074 MB]: Starting MainProcess iteration 216
[187.074 MB]:     > Iteration 216: added new patches
Maximum jobs for cg (3) reached, will not submit more.
[187.074 MB]:     > Iteration 216: updated jobs
[187.074 MB]:     > Iteration 216: testing all jobs
[187.074 MB]: Starting MainProcess iteration 217
[187.074 MB]:     > Iteration 217: added new patches
Maximum jobs for cg (3) reached, will not submit more.
[187.074 MB]:     > Iteration 217: updated jobs
[187.074 MB]:     > Iteration 217: testing all jobs
[187.074 MB]: Starting MainProcess iteration 218
[187.074 MB]:     > Iteration 218: added new patches
Maximum jobs for cg (3) reached, will not submit more.
[187.074 MB]:     > Iteration 218: updated jobs
[187.074 MB]:     > Iteration 218: testing all jobs
[187.074 MB]: Starting MainProcess iteration 219
[187.074 MB]:     > Iteration 219: added new patches
Maximum jobs for cg (3) reached, will not submit more.
[187.074 MB]:     > Iteration 219: updated jobs
[187.074 MB]:     > Iteration 219: testing all jobs
[187.074 MB]: Starting MainProcess iteration 220
[187.074 MB]:     > Iteration 220: added new patches
Maximum jobs for cg (3) reached, will not submit more.
[187.074 MB]:     > Iteration 220: updated jobs
[187.074 MB]:     > Iteration 220: testing all jobs
[187.074 MB]: Starting MainProcess iteration 221
[187.074 MB]:     > Iteration 221: added new patches
Maximum jobs for cg (3) reached, will not submit more.
[187.332 MB]:     > Iteration 221: updated jobs
[187.332 MB]:     > Iteration 221: testing all jobs
[187.332 MB]: Starting MainProcess iteration 222
[187.332 MB]:     > Iteration 222: added new patches
Maximum jobs for cg (3) reached, will not submit more.
[187.332 MB]:     > Iteration 222: updated jobs
[187.332 MB]:     > Iteration 222: testing all jobs
[187.332 MB]: Starting MainProcess iteration 223
[187.332 MB]:     > Iteration 223: added new patches
Maximum jobs for cg (3) reached, will not submit more.
[187.332 MB]:     > Iteration 223: updated jobs
[187.332 MB]:     > Iteration 223: testing all jobs
[187.332 MB]: Starting MainProcess iteration 224
[187.332 MB]:     > Iteration 224: added new patches
Maximum jobs for cg (3) reached, will not submit more.
[187.332 MB]:     > Iteration 224: updated jobs
[187.332 MB]:     > Iteration 224: testing all jobs
[187.332 MB]: Starting MainProcess iteration 225
[187.332 MB]:     > Iteration 225: added new patches
Maximum jobs for cg (3) reached, will not submit more.
[187.332 MB]:     > Iteration 225: updated jobs
[187.332 MB]:     > Iteration 225: testing all jobs
[187.332 MB]: Starting MainProcess iteration 226
[187.332 MB]:     > Iteration 226: added new patches
Maximum jobs for cg (3) reached, will not submit more.
[187.332 MB]:     > Iteration 226: updated jobs
[187.332 MB]:     > Iteration 226: testing all jobs
[187.332 MB]: Starting MainProcess iteration 227
[187.332 MB]:     > Iteration 227: added new patches
Maximum jobs for cg (3) reached, will not submit more.
[187.332 MB]:     > Iteration 227: updated jobs
[187.332 MB]:     > Iteration 227: testing all jobs
[187.332 MB]: Starting MainProcess iteration 228
[187.332 MB]:     > Iteration 228: added new patches
Maximum jobs for cg (3) reached, will not submit more.
[187.332 MB]:     > Iteration 228: updated jobs
[187.332 MB]:     > Iteration 228: testing all jobs
[187.332 MB]: Starting MainProcess iteration 229
We got Stream connection lost: ConnectionResetError(104, 'Connection reset by peer')
Did not find current user: defaulted to mummiusr
Using Plain connection (unsafe): TLS certificate /opt/clones/certs/client_rabbitmq_certificate.pem does not exist
[187.332 MB]:     > Iteration 229: added new patches
Batch job for cganalysis-structure_iter00_000000000000 exists, assuming resumed: Conflict
[cg] Found already running cg job (Conflict) for simname = structure_iter00_000000000000
Batch job for cganalysis-structure_iter00_000000000001 exists, assuming resumed: Conflict
[cg] Found already running cg job (Conflict) for simname = structure_iter00_000000000001
Batch job for cganalysis-structure_iter00_000000000002 exists, assuming resumed: Conflict
[cg] Found already running cg job (Conflict) for simname = structure_iter00_000000000002
[187.332 MB]:     > Iteration 229: updated jobs
[187.332 MB]:     > Iteration 229: testing all jobs
[187.332 MB]: Starting MainProcess iteration 230
[187.332 MB]:     > Iteration 230: added new patches
Maximum jobs for cg (3) reached, will not submit more.
[187.332 MB]:     > Iteration 230: updated jobs
[187.332 MB]:     > Iteration 230: testing all jobs
[187.332 MB]: Starting MainProcess iteration 231
[187.332 MB]:     > Iteration 231: added new patches
Maximum jobs for cg (3) reached, will not submit more.
[187.332 MB]:     > Iteration 231: updated jobs
[187.332 MB]:     > Iteration 231: testing all jobs
[187.332 MB]: Starting MainProcess iteration 232
[187.332 MB]:     > Iteration 232: added new patches
Maximum jobs for cg (3) reached, will not submit more.
[187.332 MB]:     > Iteration 232: updated jobs
[187.332 MB]:     > Iteration 232: testing all jobs
[187.332 MB]: Starting MainProcess iteration 233
[187.332 MB]:     > Iteration 233: added new patches
Maximum jobs for cg (3) reached, will not submit more.
[187.332 MB]:     > Iteration 233: updated jobs
[187.332 MB]:     > Iteration 233: testing all jobs
[187.332 MB]: Starting MainProcess iteration 234
[187.332 MB]:     > Iteration 234: added new patches
Maximum jobs for cg (3) reached, will not submit more.
[187.332 MB]:     > Iteration 234: updated jobs
[187.332 MB]:     > Iteration 234: testing all jobs
[187.332 MB]: Starting MainProcess iteration 235
[187.332 MB]:     > Iteration 235: added new patches
Maximum jobs for cg (3) reached, will not submit more.
[187.332 MB]:     > Iteration 235: updated jobs
[187.332 MB]:     > Iteration 235: testing all jobs
[187.332 MB]: Starting MainProcess iteration 236
[187.332 MB]:     > Iteration 236: added new patches
Maximum jobs for cg (3) reached, will not submit more.
[187.332 MB]:     > Iteration 236: updated jobs
[187.332 MB]:     > Iteration 236: testing all jobs
[187.332 MB]: Starting MainProcess iteration 237
[187.332 MB]:     > Iteration 237: added new patches
Maximum jobs for cg (3) reached, will not submit more.
[187.332 MB]:     > Iteration 237: updated jobs
[187.332 MB]:     > Iteration 237: testing all jobs
[187.332 MB]: Starting MainProcess iteration 238
[187.332 MB]:     > Iteration 238: added new patches
Maximum jobs for cg (3) reached, will not submit more.
[187.332 MB]:     > Iteration 238: updated jobs
[187.332 MB]:     > Iteration 238: testing all jobs
[187.332 MB]: Starting MainProcess iteration 239
[187.332 MB]:     > Iteration 239: added new patches
Maximum jobs for cg (3) reached, will not submit more.
[187.332 MB]:     > Iteration 239: updated jobs
[187.332 MB]:     > Iteration 239: testing all jobs
[187.332 MB]: Starting MainProcess iteration 240
[187.332 MB]:     > Iteration 240: added new patches
Maximum jobs for cg (3) reached, will not submit more.
[187.332 MB]:     > Iteration 240: updated jobs
[187.332 MB]:     > Iteration 240: testing all jobs
[187.332 MB]: Starting MainProcess iteration 241
[187.332 MB]:     > Iteration 241: added new patches
Maximum jobs for cg (3) reached, will not submit more.
[187.332 MB]:     > Iteration 241: updated jobs
[187.332 MB]:     > Iteration 241: testing all jobs
[187.332 MB]: Starting MainProcess iteration 242
[187.332 MB]:     > Iteration 242: added new patches
Maximum jobs for cg (3) reached, will not submit more.
[187.332 MB]:     > Iteration 242: updated jobs
[187.332 MB]:     > Iteration 242: testing all jobs
[187.332 MB]: Starting MainProcess iteration 243
[187.332 MB]:     > Iteration 243: added new patches
Maximum jobs for cg (3) reached, will not submit more.
[187.332 MB]:     > Iteration 243: updated jobs
[187.332 MB]:     > Iteration 243: testing all jobs
[187.332 MB]: Starting MainProcess iteration 244
[187.332 MB]:     > Iteration 244: added new patches
Maximum jobs for cg (3) reached, will not submit more.
[187.332 MB]:     > Iteration 244: updated jobs
[187.332 MB]:     > Iteration 244: testing all jobs
[187.332 MB]: Starting MainProcess iteration 245
[187.332 MB]:     > Iteration 245: added new patches
Maximum jobs for cg (3) reached, will not submit more.
[187.332 MB]:     > Iteration 245: updated jobs
[187.332 MB]:     > Iteration 245: testing all jobs
[187.332 MB]: Starting MainProcess iteration 246
[187.332 MB]:     > Iteration 246: added new patches
Maximum jobs for cg (3) reached, will not submit more.
[187.332 MB]:     > Iteration 246: updated jobs
[187.332 MB]:     > Iteration 246: testing all jobs
[187.332 MB]: Starting MainProcess iteration 247
[187.332 MB]:     > Iteration 247: added new patches
Maximum jobs for cg (3) reached, will not submit more.
[187.332 MB]:     > Iteration 247: updated jobs
[187.332 MB]:     > Iteration 247: testing all jobs
[187.332 MB]: Starting MainProcess iteration 248
[187.332 MB]:     > Iteration 248: added new patches
Maximum jobs for cg (3) reached, will not submit more.
[187.332 MB]:     > Iteration 248: updated jobs
[187.332 MB]:     > Iteration 248: testing all jobs
[187.332 MB]: Starting MainProcess iteration 249
[187.332 MB]:     > Iteration 249: added new patches
Maximum jobs for cg (3) reached, will not submit more.
[187.332 MB]:     > Iteration 249: updated jobs
[187.332 MB]:     > Iteration 249: testing all jobs
[187.332 MB]: Starting MainProcess iteration 250
[187.332 MB]:     > Iteration 250: added new patches
Maximum jobs for cg (3) reached, will not submit more.
[187.332 MB]:     > Iteration 250: updated jobs
[187.332 MB]:     > Iteration 250: testing all jobs
[187.332 MB]: Starting MainProcess iteration 251
[187.332 MB]:     > Iteration 251: added new patches
Maximum jobs for cg (3) reached, will not submit more.
[187.332 MB]:     > Iteration 251: updated jobs
[187.332 MB]:     > Iteration 251: testing all jobs
[187.332 MB]: Starting MainProcess iteration 252
[187.332 MB]:     > Iteration 252: added new patches
Maximum jobs for cg (3) reached, will not submit more.
[187.332 MB]:     > Iteration 252: updated jobs
[187.332 MB]:     > Iteration 252: testing all jobs
[187.332 MB]: Starting MainProcess iteration 253
[187.332 MB]:     > Iteration 253: added new patches
Maximum jobs for cg (3) reached, will not submit more.
[187.332 MB]:     > Iteration 253: updated jobs
[187.332 MB]:     > Iteration 253: testing all jobs
[187.332 MB]: Starting MainProcess iteration 254
[187.332 MB]:     > Iteration 254: added new patches
Maximum jobs for cg (3) reached, will not submit more.
[187.332 MB]:     > Iteration 254: updated jobs
[187.332 MB]:     > Iteration 254: testing all jobs
[187.332 MB]: Starting MainProcess iteration 255
[187.332 MB]:     > Iteration 255: added new patches
Maximum jobs for cg (3) reached, will not submit more.
[187.332 MB]:     > Iteration 255: updated jobs
[187.332 MB]:     > Iteration 255: testing all jobs
[187.332 MB]: Starting MainProcess iteration 256
[187.332 MB]:     > Iteration 256: added new patches
Maximum jobs for cg (3) reached, will not submit more.
[187.332 MB]:     > Iteration 256: updated jobs
[187.332 MB]:     > Iteration 256: testing all jobs
[187.332 MB]: Starting MainProcess iteration 257
[187.332 MB]:     > Iteration 257: added new patches
Maximum jobs for cg (3) reached, will not submit more.
[187.332 MB]:     > Iteration 257: updated jobs
[187.332 MB]:     > Iteration 257: testing all jobs
[187.332 MB]: Starting MainProcess iteration 258
[187.332 MB]:     > Iteration 258: added new patches
Maximum jobs for cg (3) reached, will not submit more.
[187.332 MB]:     > Iteration 258: updated jobs
[187.332 MB]:     > Iteration 258: testing all jobs
[187.332 MB]: Starting MainProcess iteration 259
[187.332 MB]:     > Iteration 259: added new patches
Maximum jobs for cg (3) reached, will not submit more.
[187.332 MB]:     > Iteration 259: updated jobs
[187.332 MB]:     > Iteration 259: testing all jobs
[187.332 MB]: Starting MainProcess iteration 260
[187.332 MB]:     > Iteration 260: added new patches
Maximum jobs for cg (3) reached, will not submit more.
[187.332 MB]:     > Iteration 260: updated jobs
[187.332 MB]:     > Iteration 260: testing all jobs
[187.332 MB]: Starting MainProcess iteration 261
[187.332 MB]:     > Iteration 261: added new patches
Maximum jobs for cg (3) reached, will not submit more.
[187.332 MB]:     > Iteration 261: updated jobs
[187.332 MB]:     > Iteration 261: testing all jobs
[187.332 MB]: Starting MainProcess iteration 262
[187.332 MB]:     > Iteration 262: added new patches
Maximum jobs for cg (3) reached, will not submit more.
[187.332 MB]:     > Iteration 262: updated jobs
[187.332 MB]:     > Iteration 262: testing all jobs
[187.332 MB]: Starting MainProcess iteration 263
[187.332 MB]:     > Iteration 263: added new patches
Maximum jobs for cg (3) reached, will not submit more.
[187.332 MB]:     > Iteration 263: updated jobs
[187.332 MB]:     > Iteration 263: testing all jobs
[187.332 MB]: Starting MainProcess iteration 264
[187.332 MB]:     > Iteration 264: added new patches
Maximum jobs for cg (3) reached, will not submit more.
[187.332 MB]:     > Iteration 264: updated jobs
[187.332 MB]:     > Iteration 264: testing all jobs
[187.332 MB]: Starting MainProcess iteration 265
[187.332 MB]:     > Iteration 265: added new patches
Maximum jobs for cg (3) reached, will not submit more.
[187.332 MB]:     > Iteration 265: updated jobs
[187.332 MB]:     > Iteration 265: testing all jobs
[187.332 MB]: Starting MainProcess iteration 266
[187.332 MB]:     > Iteration 266: added new patches
Maximum jobs for cg (3) reached, will not submit more.
[187.332 MB]:     > Iteration 266: updated jobs
[187.332 MB]:     > Iteration 266: testing all jobs
[187.332 MB]: Starting MainProcess iteration 267
[187.332 MB]:     > Iteration 267: added new patches
Maximum jobs for cg (3) reached, will not submit more.
[187.332 MB]:     > Iteration 267: updated jobs
[187.332 MB]:     > Iteration 267: testing all jobs
[187.332 MB]: Starting MainProcess iteration 268
[187.332 MB]:     > Iteration 268: added new patches
Maximum jobs for cg (3) reached, will not submit more.
[187.332 MB]:     > Iteration 268: updated jobs
[187.332 MB]:     > Iteration 268: testing all jobs
[187.332 MB]: Starting MainProcess iteration 269
[187.332 MB]:     > Iteration 269: added new patches
Maximum jobs for cg (3) reached, will not submit more.
[187.332 MB]:     > Iteration 269: updated jobs
[187.332 MB]:     > Iteration 269: testing all jobs
[187.332 MB]: Starting MainProcess iteration 270
[187.332 MB]:     > Iteration 270: added new patches
Maximum jobs for cg (3) reached, will not submit more.
[187.332 MB]:     > Iteration 270: updated jobs
[187.332 MB]:     > Iteration 270: testing all jobs
[187.332 MB]: Starting MainProcess iteration 271
[187.332 MB]:     > Iteration 271: added new patches
Maximum jobs for cg (3) reached, will not submit more.
[187.332 MB]:     > Iteration 271: updated jobs
[187.332 MB]:     > Iteration 271: testing all jobs
[187.332 MB]: Starting MainProcess iteration 272
[187.332 MB]:     > Iteration 272: added new patches
Maximum jobs for cg (3) reached, will not submit more.
[187.332 MB]:     > Iteration 272: updated jobs
[187.332 MB]:     > Iteration 272: testing all jobs
[187.332 MB]: Starting MainProcess iteration 273
[187.332 MB]:     > Iteration 273: added new patches
Maximum jobs for cg (3) reached, will not submit more.
[187.332 MB]:     > Iteration 273: updated jobs
[187.332 MB]:     > Iteration 273: testing all jobs
[187.332 MB]: Starting MainProcess iteration 274
[187.332 MB]:     > Iteration 274: added new patches
Maximum jobs for cg (3) reached, will not submit more.
[187.332 MB]:     > Iteration 274: updated jobs
[187.332 MB]:     > Iteration 274: testing all jobs
[187.332 MB]: Starting MainProcess iteration 275
[187.332 MB]:     > Iteration 275: added new patches
Maximum jobs for cg (3) reached, will not submit more.
[187.332 MB]:     > Iteration 275: updated jobs
[187.332 MB]:     > Iteration 275: testing all jobs
[187.332 MB]: Starting MainProcess iteration 276
[187.332 MB]:     > Iteration 276: added new patches
Maximum jobs for cg (3) reached, will not submit more.
[187.332 MB]:     > Iteration 276: updated jobs
[187.332 MB]:     > Iteration 276: testing all jobs
[187.332 MB]: Starting MainProcess iteration 277
[187.332 MB]:     > Iteration 277: added new patches
Maximum jobs for cg (3) reached, will not submit more.
[187.332 MB]:     > Iteration 277: updated jobs
[187.332 MB]:     > Iteration 277: testing all jobs
[187.332 MB]: Starting MainProcess iteration 278
[187.332 MB]:     > Iteration 278: added new patches
Maximum jobs for cg (3) reached, will not submit more.
[187.332 MB]:     > Iteration 278: updated jobs
[187.332 MB]:     > Iteration 278: testing all jobs
[187.332 MB]: Starting MainProcess iteration 279
[187.332 MB]:     > Iteration 279: added new patches
Maximum jobs for cg (3) reached, will not submit more.
[187.332 MB]:     > Iteration 279: updated jobs
[187.332 MB]:     > Iteration 279: testing all jobs
[187.332 MB]: Starting MainProcess iteration 280
[187.332 MB]:     > Iteration 280: added new patches
Maximum jobs for cg (3) reached, will not submit more.
[187.332 MB]:     > Iteration 280: updated jobs
[187.332 MB]:     > Iteration 280: testing all jobs
[187.332 MB]: Starting MainProcess iteration 281
[187.332 MB]:     > Iteration 281: added new patches
Maximum jobs for cg (3) reached, will not submit more.
[187.332 MB]:     > Iteration 281: updated jobs
[187.332 MB]:     > Iteration 281: testing all jobs
[187.332 MB]: Starting MainProcess iteration 282
[187.332 MB]:     > Iteration 282: added new patches
Maximum jobs for cg (3) reached, will not submit more.
[187.332 MB]:     > Iteration 282: updated jobs
[187.332 MB]:     > Iteration 282: testing all jobs
[187.332 MB]: Starting MainProcess iteration 283
[187.332 MB]:     > Iteration 283: added new patches
Maximum jobs for cg (3) reached, will not submit more.
[187.332 MB]:     > Iteration 283: updated jobs
[187.332 MB]:     > Iteration 283: testing all jobs
[187.332 MB]: Starting MainProcess iteration 284
[187.332 MB]:     > Iteration 284: added new patches
Maximum jobs for cg (3) reached, will not submit more.
[187.332 MB]:     > Iteration 284: updated jobs
[187.332 MB]:     > Iteration 284: testing all jobs
[187.332 MB]: Starting MainProcess iteration 285
[187.332 MB]:     > Iteration 285: added new patches
Maximum jobs for cg (3) reached, will not submit more.
[187.332 MB]:     > Iteration 285: updated jobs
[187.332 MB]:     > Iteration 285: testing all jobs
[187.332 MB]: Starting MainProcess iteration 286
[187.332 MB]:     > Iteration 286: added new patches
Maximum jobs for cg (3) reached, will not submit more.
[187.332 MB]:     > Iteration 286: updated jobs
[187.332 MB]:     > Iteration 286: testing all jobs
[187.332 MB]: Starting MainProcess iteration 287
[187.332 MB]:     > Iteration 287: added new patches
Maximum jobs for cg (3) reached, will not submit more.
[187.332 MB]:     > Iteration 287: updated jobs
[187.332 MB]:     > Iteration 287: testing all jobs
[187.332 MB]: Starting MainProcess iteration 288
[187.332 MB]:     > Iteration 288: added new patches
Maximum jobs for cg (3) reached, will not submit more.
[187.332 MB]:     > Iteration 288: updated jobs
[187.332 MB]:     > Iteration 288: testing all jobs
[187.332 MB]: Starting MainProcess iteration 289
[187.332 MB]:     > Iteration 289: added new patches
Maximum jobs for cg (3) reached, will not submit more.
[187.332 MB]:     > Iteration 289: updated jobs
[187.332 MB]:     > Iteration 289: testing all jobs
[187.332 MB]: Starting MainProcess iteration 290
[187.332 MB]:     > Iteration 290: added new patches
Maximum jobs for cg (3) reached, will not submit more.
[187.332 MB]:     > Iteration 290: updated jobs
[187.332 MB]:     > Iteration 290: testing all jobs
[187.332 MB]: Starting MainProcess iteration 291
[187.332 MB]:     > Iteration 291: added new patches
Maximum jobs for cg (3) reached, will not submit more.
[187.332 MB]:     > Iteration 291: updated jobs
[187.332 MB]:     > Iteration 291: testing all jobs
[187.332 MB]: Starting MainProcess iteration 292
[187.332 MB]:     > Iteration 292: added new patches
Maximum jobs for cg (3) reached, will not submit more.
[187.332 MB]:     > Iteration 292: updated jobs
[187.332 MB]:     > Iteration 292: testing all jobs
[187.332 MB]: Starting MainProcess iteration 293
[187.332 MB]:     > Iteration 293: added new patches
Maximum jobs for cg (3) reached, will not submit more.
[187.332 MB]:     > Iteration 293: updated jobs
[187.332 MB]:     > Iteration 293: testing all jobs
[187.332 MB]: Starting MainProcess iteration 294
[187.332 MB]:     > Iteration 294: added new patches
Maximum jobs for cg (3) reached, will not submit more.
[187.332 MB]:     > Iteration 294: updated jobs
[187.332 MB]:     > Iteration 294: testing all jobs
[187.332 MB]: Starting MainProcess iteration 295
[187.332 MB]:     > Iteration 295: added new patches
Maximum jobs for cg (3) reached, will not submit more.
[187.332 MB]:     > Iteration 295: updated jobs
[187.332 MB]:     > Iteration 295: testing all jobs
[187.332 MB]: Starting MainProcess iteration 296
[187.332 MB]:     > Iteration 296: added new patches
Maximum jobs for cg (3) reached, will not submit more.
[187.332 MB]:     > Iteration 296: updated jobs
[187.332 MB]:     > Iteration 296: testing all jobs
[187.332 MB]: Starting MainProcess iteration 297
[187.332 MB]:     > Iteration 297: added new patches
Maximum jobs for cg (3) reached, will not submit more.
[187.332 MB]:     > Iteration 297: updated jobs
[187.332 MB]:     > Iteration 297: testing all jobs
[187.332 MB]: Starting MainProcess iteration 298
[187.332 MB]:     > Iteration 298: added new patches
Maximum jobs for cg (3) reached, will not submit more.
[187.332 MB]:     > Iteration 298: updated jobs
[187.332 MB]:     > Iteration 298: testing all jobs
[187.332 MB]: Starting MainProcess iteration 299
[187.332 MB]:     > Iteration 299: added new patches
Maximum jobs for cg (3) reached, will not submit more.
[187.332 MB]:     > Iteration 299: updated jobs
[187.332 MB]:     > Iteration 299: testing all jobs
[187.332 MB]: Starting MainProcess iteration 300
[187.332 MB]:     > Iteration 300: added new patches
Maximum jobs for cg (3) reached, will not submit more.
[187.332 MB]:     > Iteration 300: updated jobs
[187.332 MB]:     > Iteration 300: testing all jobs
[187.332 MB]: Starting MainProcess iteration 301
[187.332 MB]:     > Iteration 301: added new patches
Maximum jobs for cg (3) reached, will not submit more.
[187.332 MB]:     > Iteration 301: updated jobs
[187.332 MB]:     > Iteration 301: testing all jobs
[187.332 MB]: Starting MainProcess iteration 302
[187.332 MB]:     > Iteration 302: added new patches
Maximum jobs for cg (3) reached, will not submit more.
[187.332 MB]:     > Iteration 302: updated jobs
[187.332 MB]:     > Iteration 302: testing all jobs
[187.332 MB]: Starting MainProcess iteration 303
[187.332 MB]:     > Iteration 303: added new patches
Maximum jobs for cg (3) reached, will not submit more.
[187.332 MB]:     > Iteration 303: updated jobs
[187.332 MB]:     > Iteration 303: testing all jobs
[187.332 MB]: Starting MainProcess iteration 304
[187.332 MB]:     > Iteration 304: added new patches
Maximum jobs for cg (3) reached, will not submit more.
[187.332 MB]:     > Iteration 304: updated jobs
[187.332 MB]:     > Iteration 304: testing all jobs
[187.332 MB]: Starting MainProcess iteration 305
[187.332 MB]:     > Iteration 305: added new patches
Maximum jobs for cg (3) reached, will not submit more.
[187.332 MB]:     > Iteration 305: updated jobs
[187.332 MB]:     > Iteration 305: testing all jobs
[187.332 MB]: Starting MainProcess iteration 306
[187.332 MB]:     > Iteration 306: added new patches
Maximum jobs for cg (3) reached, will not submit more.
[187.332 MB]:     > Iteration 306: updated jobs
[187.332 MB]:     > Iteration 306: testing all jobs
[187.332 MB]: Starting MainProcess iteration 307
[187.332 MB]:     > Iteration 307: added new patches
Maximum jobs for cg (3) reached, will not submit more.
[187.332 MB]:     > Iteration 307: updated jobs
[187.332 MB]:     > Iteration 307: testing all jobs
[187.332 MB]: Starting MainProcess iteration 308
[187.332 MB]:     > Iteration 308: added new patches
Maximum jobs for cg (3) reached, will not submit more.
[187.332 MB]:     > Iteration 308: updated jobs
[187.332 MB]:     > Iteration 308: testing all jobs
[187.332 MB]: Starting MainProcess iteration 309
[187.332 MB]:     > Iteration 309: added new patches
Maximum jobs for cg (3) reached, will not submit more.
[187.332 MB]:     > Iteration 309: updated jobs
[187.332 MB]:     > Iteration 309: testing all jobs
[187.332 MB]: Starting MainProcess iteration 310
[187.332 MB]:     > Iteration 310: added new patches
Maximum jobs for cg (3) reached, will not submit more.
[187.332 MB]:     > Iteration 310: updated jobs
[187.332 MB]:     > Iteration 310: testing all jobs
[187.332 MB]: Starting MainProcess iteration 311
[187.332 MB]:     > Iteration 311: added new patches
Maximum jobs for cg (3) reached, will not submit more.
[187.332 MB]:     > Iteration 311: updated jobs
[187.332 MB]:     > Iteration 311: testing all jobs
[187.332 MB]: Starting MainProcess iteration 312
[187.332 MB]:     > Iteration 312: added new patches
Maximum jobs for cg (3) reached, will not submit more.
[187.332 MB]:     > Iteration 312: updated jobs
[187.332 MB]:     > Iteration 312: testing all jobs
[187.332 MB]: Starting MainProcess iteration 313
[187.332 MB]:     > Iteration 313: added new patches
Maximum jobs for cg (3) reached, will not submit more.
[187.332 MB]:     > Iteration 313: updated jobs
[187.332 MB]:     > Iteration 313: testing all jobs
[187.332 MB]: Starting MainProcess iteration 314
[187.332 MB]:     > Iteration 314: added new patches
Maximum jobs for cg (3) reached, will not submit more.
[187.332 MB]:     > Iteration 314: updated jobs
[187.332 MB]:     > Iteration 314: testing all jobs
[187.332 MB]: Starting MainProcess iteration 315
[187.332 MB]:     > Iteration 315: added new patches
Maximum jobs for cg (3) reached, will not submit more.
[187.590 MB]:     > Iteration 315: updated jobs
[187.590 MB]:     > Iteration 315: testing all jobs
[187.590 MB]: Starting MainProcess iteration 316
[187.590 MB]:     > Iteration 316: added new patches
Maximum jobs for cg (3) reached, will not submit more.
[187.590 MB]:     > Iteration 316: updated jobs
[187.590 MB]:     > Iteration 316: testing all jobs
[187.590 MB]: Starting MainProcess iteration 317
[187.590 MB]:     > Iteration 317: added new patches
Maximum jobs for cg (3) reached, will not submit more.
[187.590 MB]:     > Iteration 317: updated jobs
[187.590 MB]:     > Iteration 317: testing all jobs
[187.590 MB]: Starting MainProcess iteration 318
[187.590 MB]:     > Iteration 318: added new patches
Maximum jobs for cg (3) reached, will not submit more.
[187.590 MB]:     > Iteration 318: updated jobs
[187.590 MB]:     > Iteration 318: testing all jobs
[187.590 MB]: Starting MainProcess iteration 319
[187.590 MB]:     > Iteration 319: added new patches
Maximum jobs for cg (3) reached, will not submit more.
[187.590 MB]:     > Iteration 319: updated jobs
[187.590 MB]:     > Iteration 319: testing all jobs
[187.590 MB]: Starting MainProcess iteration 320
[187.590 MB]:     > Iteration 320: added new patches
Maximum jobs for cg (3) reached, will not submit more.
[187.590 MB]:     > Iteration 320: updated jobs
[187.590 MB]:     > Iteration 320: testing all jobs
[187.590 MB]: Starting MainProcess iteration 321
[187.590 MB]:     > Iteration 321: added new patches
Maximum jobs for cg (3) reached, will not submit more.
[187.590 MB]:     > Iteration 321: updated jobs
[187.590 MB]:     > Iteration 321: testing all jobs
[187.590 MB]: Starting MainProcess iteration 322
[187.590 MB]:     > Iteration 322: added new patches
Maximum jobs for cg (3) reached, will not submit more.
[187.590 MB]:     > Iteration 322: updated jobs
[187.590 MB]:     > Iteration 322: testing all jobs
[187.590 MB]: Starting MainProcess iteration 323
[187.590 MB]:     > Iteration 323: added new patches
Maximum jobs for cg (3) reached, will not submit more.
[187.590 MB]:     > Iteration 323: updated jobs
[187.590 MB]:     > Iteration 323: testing all jobs
[187.590 MB]: Starting MainProcess iteration 324
[187.590 MB]:     > Iteration 324: added new patches
Maximum jobs for cg (3) reached, will not submit more.
[187.590 MB]:     > Iteration 324: updated jobs
[187.590 MB]:     > Iteration 324: testing all jobs
[187.590 MB]: Starting MainProcess iteration 325
[187.590 MB]:     > Iteration 325: added new patches
Maximum jobs for cg (3) reached, will not submit more.
[187.590 MB]:     > Iteration 325: updated jobs
[187.590 MB]:     > Iteration 325: testing all jobs
[187.590 MB]: Starting MainProcess iteration 326
[187.590 MB]:     > Iteration 326: added new patches
Maximum jobs for cg (3) reached, will not submit more.
[187.590 MB]:     > Iteration 326: updated jobs
[187.590 MB]:     > Iteration 326: testing all jobs
[187.590 MB]: Starting MainProcess iteration 327
[187.590 MB]:     > Iteration 327: added new patches
Maximum jobs for cg (3) reached, will not submit more.
[187.590 MB]:     > Iteration 327: updated jobs
[187.590 MB]:     > Iteration 327: testing all jobs
[187.590 MB]: Starting MainProcess iteration 328
[187.590 MB]:     > Iteration 328: added new patches
Maximum jobs for cg (3) reached, will not submit more.
[187.590 MB]:     > Iteration 328: updated jobs
[187.590 MB]:     > Iteration 328: testing all jobs
[187.590 MB]: Starting MainProcess iteration 329
[187.590 MB]:     > Iteration 329: added new patches
Maximum jobs for cg (3) reached, will not submit more.
[187.590 MB]:     > Iteration 329: updated jobs
[187.590 MB]:     > Iteration 329: testing all jobs
[187.590 MB]: Starting MainProcess iteration 330
[187.590 MB]:     > Iteration 330: added new patches
Maximum jobs for cg (3) reached, will not submit more.
[187.590 MB]:     > Iteration 330: updated jobs
[187.590 MB]:     > Iteration 330: testing all jobs
[187.590 MB]: Starting MainProcess iteration 331
[187.590 MB]:     > Iteration 331: added new patches
Maximum jobs for cg (3) reached, will not submit more.
[187.590 MB]:     > Iteration 331: updated jobs
[187.590 MB]:     > Iteration 331: testing all jobs
[187.590 MB]: Starting MainProcess iteration 332
[187.590 MB]:     > Iteration 332: added new patches
Maximum jobs for cg (3) reached, will not submit more.
[187.590 MB]:     > Iteration 332: updated jobs
[187.590 MB]:     > Iteration 332: testing all jobs
[187.590 MB]: Starting MainProcess iteration 333
[187.590 MB]:     > Iteration 333: added new patches
Maximum jobs for cg (3) reached, will not submit more.
[187.590 MB]:     > Iteration 333: updated jobs
[187.590 MB]:     > Iteration 333: testing all jobs
[187.590 MB]: Starting MainProcess iteration 334
[187.590 MB]:     > Iteration 334: added new patches
Maximum jobs for cg (3) reached, will not submit more.
[187.590 MB]:     > Iteration 334: updated jobs
[187.590 MB]:     > Iteration 334: testing all jobs
[187.590 MB]: Starting MainProcess iteration 335
[187.590 MB]:     > Iteration 335: added new patches
Maximum jobs for cg (3) reached, will not submit more.
[187.590 MB]:     > Iteration 335: updated jobs
[187.590 MB]:     > Iteration 335: testing all jobs
[187.590 MB]: Starting MainProcess iteration 336
[187.590 MB]:     > Iteration 336: added new patches
Maximum jobs for cg (3) reached, will not submit more.
[187.590 MB]:     > Iteration 336: updated jobs
[187.590 MB]:     > Iteration 336: testing all jobs
[187.590 MB]: Starting MainProcess iteration 337
[187.590 MB]:     > Iteration 337: added new patches
Maximum jobs for cg (3) reached, will not submit more.
[187.590 MB]:     > Iteration 337: updated jobs
[187.590 MB]:     > Iteration 337: testing all jobs
[187.590 MB]: Starting MainProcess iteration 338
[187.590 MB]:     > Iteration 338: added new patches
Maximum jobs for cg (3) reached, will not submit more.
[187.590 MB]:     > Iteration 338: updated jobs
[187.590 MB]:     > Iteration 338: testing all jobs
[187.590 MB]: Starting MainProcess iteration 339
[187.590 MB]:     > Iteration 339: added new patches
Maximum jobs for cg (3) reached, will not submit more.
[187.590 MB]:     > Iteration 339: updated jobs
[187.590 MB]:     > Iteration 339: testing all jobs
[187.590 MB]: Starting MainProcess iteration 340
[187.590 MB]:     > Iteration 340: added new patches
Maximum jobs for cg (3) reached, will not submit more.
[187.590 MB]:     > Iteration 340: updated jobs
[187.590 MB]:     > Iteration 340: testing all jobs
[187.590 MB]: Starting MainProcess iteration 341
[187.590 MB]:     > Iteration 341: added new patches
Maximum jobs for cg (3) reached, will not submit more.
[187.590 MB]:     > Iteration 341: updated jobs
[187.590 MB]:     > Iteration 341: testing all jobs
[187.590 MB]: Starting MainProcess iteration 342
[187.590 MB]:     > Iteration 342: added new patches
Maximum jobs for cg (3) reached, will not submit more.
[187.590 MB]:     > Iteration 342: updated jobs
[187.590 MB]:     > Iteration 342: testing all jobs
[187.590 MB]: Starting MainProcess iteration 343
[187.590 MB]:     > Iteration 343: added new patches
Maximum jobs for cg (3) reached, will not submit more.
[187.590 MB]:     > Iteration 343: updated jobs
[187.590 MB]:     > Iteration 343: testing all jobs
[187.590 MB]: Starting MainProcess iteration 344
[187.590 MB]:     > Iteration 344: added new patches
Maximum jobs for cg (3) reached, will not submit more.
[187.590 MB]:     > Iteration 344: updated jobs
[187.590 MB]:     > Iteration 344: testing all jobs
[187.590 MB]: Starting MainProcess iteration 345
[187.590 MB]:     > Iteration 345: added new patches
Maximum jobs for cg (3) reached, will not submit more.
[187.590 MB]:     > Iteration 345: updated jobs
[187.590 MB]:     > Iteration 345: testing all jobs
[187.590 MB]: Starting MainProcess iteration 346
[187.590 MB]:     > Iteration 346: added new patches
Maximum jobs for cg (3) reached, will not submit more.
[187.590 MB]:     > Iteration 346: updated jobs
[187.590 MB]:     > Iteration 346: testing all jobs
[187.590 MB]: Starting MainProcess iteration 347
[187.590 MB]:     > Iteration 347: added new patches
Maximum jobs for cg (3) reached, will not submit more.
[187.590 MB]:     > Iteration 347: updated jobs
[187.590 MB]:     > Iteration 347: testing all jobs
[187.590 MB]: Starting MainProcess iteration 348
[187.590 MB]:     > Iteration 348: added new patches
Maximum jobs for cg (3) reached, will not submit more.
[187.590 MB]:     > Iteration 348: updated jobs
[187.590 MB]:     > Iteration 348: testing all jobs
[187.590 MB]: Starting MainProcess iteration 349
We got Stream connection lost: ConnectionResetError(104, 'Connection reset by peer')
Did not find current user: defaulted to mummiusr
Using Plain connection (unsafe): TLS certificate /opt/clones/certs/client_rabbitmq_certificate.pem does not exist
[187.590 MB]:     > Iteration 349: added new patches
Batch job for cganalysis-structure_iter00_000000000000 exists, assuming resumed: Conflict
[cg] Found already running cg job (Conflict) for simname = structure_iter00_000000000000
Batch job for cganalysis-structure_iter00_000000000001 exists, assuming resumed: Conflict
[cg] Found already running cg job (Conflict) for simname = structure_iter00_000000000001
Batch job for cganalysis-structure_iter00_000000000002 exists, assuming resumed: Conflict
[cg] Found already running cg job (Conflict) for simname = structure_iter00_000000000002
Batch job for cganalysis-structure_iter00_000000000003 exists, assuming resumed: Conflict
[cg] Found already running cg job (Conflict) for simname = structure_iter00_000000000003
Batch job for cganalysis-structure_iter00_000000000004 exists, assuming resumed: Conflict
[cg] Found already running cg job (Conflict) for simname = structure_iter00_000000000004
Batch job for cganalysis-structure_iter00_000000000005 exists, assuming resumed: Conflict
[cg] Found already running cg job (Conflict) for simname = structure_iter00_000000000005
[187.590 MB]:     > Iteration 349: updated jobs
[187.590 MB]:     > Iteration 349: testing all jobs
[187.590 MB]: Starting MainProcess iteration 350
[187.590 MB]:     > Iteration 350: added new patches
Batch job for cganalysis-structure_iter00_000000000000 exists, assuming resumed: Conflict
[cg] Found already running cg job (Conflict) for simname = structure_iter00_000000000000
Batch job for cganalysis-structure_iter00_000000000001 exists, assuming resumed: Conflict
[cg] Found already running cg job (Conflict) for simname = structure_iter00_000000000001
Batch job for cganalysis-structure_iter00_000000000002 exists, assuming resumed: Conflict
[cg] Found already running cg job (Conflict) for simname = structure_iter00_000000000002
Batch job for cganalysis-structure_iter00_000000000003 exists, assuming resumed: Conflict
[cg] Found already running cg job (Conflict) for simname = structure_iter00_000000000003
Batch job for cganalysis-structure_iter00_000000000004 exists, assuming resumed: Conflict
[cg] Found already running cg job (Conflict) for simname = structure_iter00_000000000004
Batch job for cganalysis-structure_iter00_000000000005 exists, assuming resumed: Conflict
[cg] Found already running cg job (Conflict) for simname = structure_iter00_000000000005
[187.590 MB]:     > Iteration 350: updated jobs
[187.590 MB]:     > Iteration 350: testing all jobs
[187.590 MB]: Starting MainProcess iteration 351
[187.590 MB]:     > Iteration 351: added new patches
Batch job for cganalysis-structure_iter00_000000000000 exists, assuming resumed: Conflict
[cg] Found already running cg job (Conflict) for simname = structure_iter00_000000000000
Batch job for cganalysis-structure_iter00_000000000001 exists, assuming resumed: Conflict
[cg] Found already running cg job (Conflict) for simname = structure_iter00_000000000001
Batch job for cganalysis-structure_iter00_000000000002 exists, assuming resumed: Conflict
[cg] Found already running cg job (Conflict) for simname = structure_iter00_000000000002
Batch job for cganalysis-structure_iter00_000000000003 exists, assuming resumed: Conflict
[cg] Found already running cg job (Conflict) for simname = structure_iter00_000000000003
Batch job for cganalysis-structure_iter00_000000000004 exists, assuming resumed: Conflict
[cg] Found already running cg job (Conflict) for simname = structure_iter00_000000000004
Batch job for cganalysis-structure_iter00_000000000005 exists, assuming resumed: Conflict
[cg] Found already running cg job (Conflict) for simname = structure_iter00_000000000005
[187.590 MB]:     > Iteration 351: updated jobs
[187.590 MB]:     > Iteration 351: testing all jobs
[187.590 MB]: Starting MainProcess iteration 352
[187.590 MB]:     > Iteration 352: added new patches
Batch job for cganalysis-structure_iter00_000000000000 exists, assuming resumed: Conflict
[cg] Found already running cg job (Conflict) for simname = structure_iter00_000000000000
Batch job for cganalysis-structure_iter00_000000000001 exists, assuming resumed: Conflict
[cg] Found already running cg job (Conflict) for simname = structure_iter00_000000000001
Batch job for cganalysis-structure_iter00_000000000002 exists, assuming resumed: Conflict
[cg] Found already running cg job (Conflict) for simname = structure_iter00_000000000002
Batch job for cganalysis-structure_iter00_000000000003 exists, assuming resumed: Conflict
[cg] Found already running cg job (Conflict) for simname = structure_iter00_000000000003
Batch job for cganalysis-structure_iter00_000000000004 exists, assuming resumed: Conflict
[cg] Found already running cg job (Conflict) for simname = structure_iter00_000000000004
Batch job for cganalysis-structure_iter00_000000000005 exists, assuming resumed: Conflict
[cg] Found already running cg job (Conflict) for simname = structure_iter00_000000000005
[187.590 MB]:     > Iteration 352: updated jobs
[187.590 MB]:     > Iteration 352: testing all jobs
[187.590 MB]: Starting MainProcess iteration 353
[187.590 MB]:     > Iteration 353: added new patches
Batch job for cganalysis-structure_iter00_000000000000 exists, assuming resumed: Conflict
[cg] Found already running cg job (Conflict) for simname = structure_iter00_000000000000
Batch job for cganalysis-structure_iter00_000000000001 exists, assuming resumed: Conflict
[cg] Found already running cg job (Conflict) for simname = structure_iter00_000000000001
Batch job for cganalysis-structure_iter00_000000000002 exists, assuming resumed: Conflict
[cg] Found already running cg job (Conflict) for simname = structure_iter00_000000000002
Batch job for cganalysis-structure_iter00_000000000003 exists, assuming resumed: Conflict
[cg] Found already running cg job (Conflict) for simname = structure_iter00_000000000003
Batch job for cganalysis-structure_iter00_000000000004 exists, assuming resumed: Conflict
[cg] Found already running cg job (Conflict) for simname = structure_iter00_000000000004
Batch job for cganalysis-structure_iter00_000000000005 exists, assuming resumed: Conflict
[cg] Found already running cg job (Conflict) for simname = structure_iter00_000000000005
[187.590 MB]:     > Iteration 353: updated jobs
[187.590 MB]:     > Iteration 353: testing all jobs
[187.590 MB]: Starting MainProcess iteration 354
[187.590 MB]:     > Iteration 354: added new patches
Batch job for cganalysis-structure_iter00_000000000000 exists, assuming resumed: Conflict
[cg] Found already running cg job (Conflict) for simname = structure_iter00_000000000000
Batch job for cganalysis-structure_iter00_000000000001 exists, assuming resumed: Conflict
[cg] Found already running cg job (Conflict) for simname = structure_iter00_000000000001
Batch job for cganalysis-structure_iter00_000000000002 exists, assuming resumed: Conflict
[cg] Found already running cg job (Conflict) for simname = structure_iter00_000000000002
Batch job for cganalysis-structure_iter00_000000000003 exists, assuming resumed: Conflict
[cg] Found already running cg job (Conflict) for simname = structure_iter00_000000000003
Batch job for cganalysis-structure_iter00_000000000004 exists, assuming resumed: Conflict
[cg] Found already running cg job (Conflict) for simname = structure_iter00_000000000004
> Launching workflow manager on (wfmanager.mummi-sample.default.svc.cluster.local)

> Initializing MuMMI (/opt/clones/mummi-core/mummi_core)
> Initialized MuMMI
	> MuMMI_ROOT: (/opt/clones/mummi-ras)
	> MuMMI_Resources: (/opt/clones/mummi_resources)
	> MuMMI_Specs: (/opt/clones/mummi-ras/specs)

> Creating MuMMI root hierarchy at (/opt/clones/mummi-ras)

{'wfmanager': {'env': None, 'config': {'is_gc': 1, 'do_patchcreation': 0, 'do_workflow': 1, 'do_schedulejobs': 1, 'use_oras': True, 'oras': {'host': 'registry-0.mummi-sample.default.svc.cluster.local:5000', 'plain_http': True}, 'scheduler': 'kubernetes', 'do_mlserver': 1, 'mlserver_round_id': 0, 'do_ucgserver': 0, 'ucgserver_round_id': 0, 'do_patchselection': 0, 'do_feedback_cg2mc': 0, 'do_cgselection': 0, 'do_feedback_aa2cg': 0, 'iotype': 'mummi', 'fbtype': 'mummi', 'portion_csim': 0.5, 'portion_cg': 0.5, 'fbcg_do_wts': 0, 'fbaa_hvr_th': 0.2, 'fbaa_crd_th': 0.25, 'fbaa_frame_increment': 25000, 'nSecPerIterPC': 5, 'nSecPerIterWF': 15, 'nSecPerCgSelUpdate': 30, 'nSecPerMacroFeedback': 30, 'nSecPerCGFeedback': 600, 'nReadPatchesPerIter': 4, 'nReadCGFramesPerIter': 200, 'nMaxCGFramesSelectionsPerIter': 800, 'nMaxJobsPerIter': 50, 'nMaxSelectedCGFrameBuffer': 400, 'nMaxPatchesSelectionsPerIter': 3, 'nMaxSelectedPatchBuffer': 3, 'jobname': 'wfmanager', 'workspace': '', 'log_mem_usage': 0, 'loglevel': 2, 'logpath': '', 'logfile': 0, 'logstdout': 0}, 'batch': {'type': 'kubernetes', 'host': 'frontier'}}, 'macro_patch_creator': {'env': None, 'params': {'max_frames_per_read': 4, 'is_gc': 1, 'sim2frame': {}, 'patch_psz': 30.0, 'macro_psz': 30.0, 'macro_gsz': 72, 'rdf_inpath': ''}, 'config': {'fstype': 'mummi', 'jobname': 'macro_patch_creator', 'workspace': '', 'loglevel': 1, 'logpath': '', 'logfile': 0, 'logstdout': 1}}}
> Failed to read macro simulation list: /opt/clones/mummi-ras/macro/simlist.spec not found.
> Updated sim2frame: {'max_frames_per_read': 4, 'is_gc': 1, 'sim2frame': {}, 'patch_psz': 30.0, 'macro_psz': 30.0, 'macro_gsz': 72, 'rdf_inpath': ''}
> Initializing logger:  level = (2), stdout = (False), file = (), history = (False),  memusage = (False)
Pull policy for createsim-structure-iter00-000000000000 is IfNotPresent
Walltime is 2700.0
Backoff limit is 0
Pull policy for createsim-structure-iter00-000000000001 is IfNotPresent
Walltime is 2700.0
Backoff limit is 0
Pull policy for createsim-structure-iter00-000000000002 is IfNotPresent
Walltime is 2700.0
Backoff limit is 0
Pull policy for cganalysis-structure-iter00-000000000000 is IfNotPresent
Walltime is 2700.0
Backoff limit is 0
Pull policy for cganalysis-structure-iter00-000000000002 is IfNotPresent
Walltime is 2700.0
Backoff limit is 0
Pull policy for createsim-structure-iter00-000000000003 is IfNotPresent
Walltime is 2700.0
Backoff limit is 0
Pull policy for createsim-structure-iter00-000000000004 is IfNotPresent
Walltime is 2700.0
Backoff limit is 0
Pull policy for createsim-structure-iter00-000000000005 is IfNotPresent
Walltime is 2700.0
Backoff limit is 0
Pull policy for cganalysis-structure-iter00-000000000000 is IfNotPresent
Walltime is 2700.0
Backoff limit is 0
Pull policy for cganalysis-structure-iter00-000000000001 is IfNotPresent
Walltime is 2700.0
Backoff limit is 0
Pull policy for cganalysis-structure-iter00-000000000000 is IfNotPresent
Walltime is 2700.0
Backoff limit is 0
Pull policy for cganalysis-structure-iter00-000000000001 is IfNotPresent
Walltime is 2700.0
Backoff limit is 0
Pull policy for cganalysis-structure-iter00-000000000002 is IfNotPresent
Walltime is 2700.0
Backoff limit is 0
Pull policy for cganalysis-structure-iter00-000000000003 is IfNotPresent
Walltime is 2700.0
Backoff limit is 0
Pull policy for cganalysis-structure-iter00-000000000004 is IfNotPresent
Walltime is 2700.0
Backoff limit is 0
Pull policy for cganalysis-structure-iter00-000000000005 is IfNotPresent
Walltime is 2700.0
Backoff limit is 0
Pull policy for cganalysis-structure-iter00-000000000000 is IfNotPresent
Walltime is 2700.0
Backoff limit is 0
Pull policy for cganalysis-structure-iter00-000000000001 is IfNotPresent
Walltime is 2700.0
Backoff limit is 0
Pull policy for cganalysis-structure-iter00-000000000002 is IfNotPresent
Walltime is 2700.0
Backoff limit is 0
Pull policy for cganalysis-structure-iter00-000000000003 is IfNotPresent
Walltime is 2700.0
Backoff limit is 0
Pull policy for cganalysis-structure-iter00-000000000004 is IfNotPresent
Walltime is 2700.0
Backoff limit is 0
Pull policy for cganalysis-structure-iter00-000000000005 is IfNotPresent
Walltime is 2700.0
Backoff limit is 0
Pull policy for createsim-structure-iter00-000000000006 is IfNotPresent
Walltime is 2700.0
Backoff limit is 0
Pull policy for createsim-structure-iter00-000000000007 is IfNotPresent
Walltime is 2700.0
Backoff limit is 0
Pull policy for createsim-structure-iter00-000000000008 is IfNotPresent
Walltime is 2700.0
Backoff limit is 0
Pull policy for cganalysis-structure-iter00-000000000000 is IfNotPresent
Walltime is 2700.0
Backoff limit is 0
Pull policy for cganalysis-structure-iter00-000000000001 is IfNotPresent
Walltime is 2700.0
Backoff limit is 0
Pull policy for cganalysis-structure-iter00-000000000002 is IfNotPresent
Walltime is 2700.0
Backoff limit is 0
Pull policy for cganalysis-structure-iter00-000000000003 is IfNotPresent
Walltime is 2700.0
Backoff limit is 0
Pull policy for cganalysis-structure-iter00-000000000004 is IfNotPresent
Walltime is 2700.0
Backoff limit is 0
Pull policy for cganalysis-structure-iter00-000000000005 is IfNotPresent
Walltime is 2700.0
Backoff limit is 0
Pull policy for cganalysis-structure-iter00-000000000000 is IfNotPresent
Walltime is 2700.0
Backoff limit is 0
Pull policy for cganalysis-structure-iter00-000000000001 is IfNotPresent
Walltime is 2700.0
Backoff limit is 0
Pull policy for cganalysis-structure-iter00-000000000002 is IfNotPresent
Walltime is 2700.0
Backoff limit is 0
Pull policy for cganalysis-structure-iter00-000000000003 is IfNotPresent
Walltime is 2700.0
Backoff limit is 0
Pull policy for cganalysis-structure-iter00-000000000004 is IfNotPresent
Walltime is 2700.0
Backoff limit is 0
Pull policy for cganalysis-structure-iter00-000000000005 is IfNotPresent
Walltime is 2700.0
Backoff limit is 0
Pull policy for cganalysis-structure-iter00-000000000000 is IfNotPresent
Walltime is 2700.0
Backoff limit is 0
Pull policy for cganalysis-structure-iter00-000000000001 is IfNotPresent
Walltime is 2700.0
Backoff limit is 0
Pull policy for cganalysis-structure-iter00-000000000002 is IfNotPresent
Walltime is 2700.0
Backoff limit is 0
Pull policy for cganalysis-structure-iter00-000000000003 is IfNotPresent
Walltime is 2700.0
Backoff limit is 0
Pull policy for cganalysis-structure-iter00-000000000004 is IfNotPresent
Walltime is 2700.0
Backoff limit is 0
Pull policy for cganalysis-structure-iter00-000000000005 is IfNotPresent
Walltime is 2700.0
Backoff limit is 0
Pull policy for cganalysis-structure-iter00-000000000000 is IfNotPresent
Walltime is 2700.0
Backoff limit is 0
Pull policy for cganalysis-structure-iter00-000000000001 is IfNotPresent
Walltime is 2700.0
Backoff limit is 0
Pull policy for cganalysis-structure-iter00-000000000002 is IfNotPresent
Walltime is 2700.0
Backoff limit is 0
Pull policy for cganalysis-structure-iter00-000000000003 is IfNotPresent
Walltime is 2700.0
Backoff limit is 0
Pull policy for cganalysis-structure-iter00-000000000004 is IfNotPresent
Walltime is 2700.0
Backoff limit is 0
Pull policy for cganalysis-structure-iter00-000000000005 is IfNotPresent
Walltime is 2700.0
Backoff limit is 0
Pull policy for cganalysis-structure-iter00-000000000000 is IfNotPresent
Walltime is 2700.0
Backoff limit is 0
Pull policy for cganalysis-structure-iter00-000000000001 is IfNotPresent
Walltime is 2700.0
Backoff limit is 0
Pull policy for cganalysis-structure-iter00-000000000002 is IfNotPresent
Walltime is 2700.0
Backoff limit is 0
Pull policy for cganalysis-structure-iter00-000000000003 is IfNotPresent
Walltime is 2700.0
Backoff limit is 0
Pull policy for cganalysis-structure-iter00-000000000004 is IfNotPresent
Walltime is 2700.0
Backoff limit is 0
Batch job for cganalysis-structure_iter00_000000000005 exists, assuming resumed: Conflict
[cg] Found already running cg job (Conflict) for simname = structure_iter00_000000000005
[187.590 MB]:     > Iteration 354: updated jobs
[187.590 MB]:     > Iteration 354: testing all jobs
[187.590 MB]: Starting MainProcess iteration 355
[187.590 MB]:     > Iteration 355: added new patches
Batch job for cganalysis-structure_iter00_000000000000 exists, assuming resumed: Conflict
[cg] Found already running cg job (Conflict) for simname = structure_iter00_000000000000
Batch job for cganalysis-structure_iter00_000000000001 exists, assuming resumed: Conflict
[cg] Found already running cg job (Conflict) for simname = structure_iter00_000000000001
Batch job for cganalysis-structure_iter00_000000000002 exists, assuming resumed: Conflict
[cg] Found already running cg job (Conflict) for simname = structure_iter00_000000000002
Batch job for cganalysis-structure_iter00_000000000003 exists, assuming resumed: Conflict
[cg] Found already running cg job (Conflict) for simname = structure_iter00_000000000003
Batch job for cganalysis-structure_iter00_000000000004 exists, assuming resumed: Conflict
[cg] Found already running cg job (Conflict) for simname = structure_iter00_000000000004
Batch job for cganalysis-structure_iter00_000000000005 exists, assuming resumed: Conflict
[cg] Found already running cg job (Conflict) for simname = structure_iter00_000000000005
[187.590 MB]:     > Iteration 355: updated jobs
[187.590 MB]:     > Iteration 355: testing all jobs
[187.590 MB]: Starting MainProcess iteration 356
[187.590 MB]:     > Iteration 356: added new patches
Batch job for cganalysis-structure_iter00_000000000000 exists, assuming resumed: Conflict
[cg] Found already running cg job (Conflict) for simname = structure_iter00_000000000000
Batch job for cganalysis-structure_iter00_000000000001 exists, assuming resumed: Conflict
[cg] Found already running cg job (Conflict) for simname = structure_iter00_000000000001
Batch job for cganalysis-structure_iter00_000000000002 exists, assuming resumed: Conflict
[cg] Found already running cg job (Conflict) for simname = structure_iter00_000000000002
Batch job for cganalysis-structure_iter00_000000000003 exists, assuming resumed: Conflict
[cg] Found already running cg job (Conflict) for simname = structure_iter00_000000000003
Batch job for cganalysis-structure_iter00_000000000004 exists, assuming resumed: Conflict
[cg] Found already running cg job (Conflict) for simname = structure_iter00_000000000004
Batch job for cganalysis-structure_iter00_000000000005 exists, assuming resumed: Conflict
[cg] Found already running cg job (Conflict) for simname = structure_iter00_000000000005
[187.590 MB]:     > Iteration 356: updated jobs
[187.590 MB]:     > Iteration 356: testing all jobs
[187.590 MB]: Starting MainProcess iteration 357
[187.590 MB]:     > Iteration 357: added new patches
Batch job for cganalysis-structure_iter00_000000000000 exists, assuming resumed: Conflict
[cg] Found already running cg job (Conflict) for simname = structure_iter00_000000000000
Batch job for cganalysis-structure_iter00_000000000001 exists, assuming resumed: Conflict
[cg] Found already running cg job (Conflict) for simname = structure_iter00_000000000001
Batch job for cganalysis-structure_iter00_000000000002 exists, assuming resumed: Conflict
[cg] Found already running cg job (Conflict) for simname = structure_iter00_000000000002
Batch job for cganalysis-structure_iter00_000000000003 exists, assuming resumed: Conflict
[cg] Found already running cg job (Conflict) for simname = structure_iter00_000000000003
Batch job for cganalysis-structure_iter00_000000000004 exists, assuming resumed: Conflict
[cg] Found already running cg job (Conflict) for simname = structure_iter00_000000000004
Batch job for cganalysis-structure_iter00_000000000005 exists, assuming resumed: Conflict
[cg] Found already running cg job (Conflict) for simname = structure_iter00_000000000005
[187.590 MB]:     > Iteration 357: updated jobs
[187.590 MB]:     > Iteration 357: testing all jobs
[187.590 MB]: Starting MainProcess iteration 358
[187.590 MB]:     > Iteration 358: added new patches
Batch job for cganalysis-structure_iter00_000000000000 exists, assuming resumed: Conflict
[cg] Found already running cg job (Conflict) for simname = structure_iter00_000000000000
Batch job for cganalysis-structure_iter00_000000000001 exists, assuming resumed: Conflict
[cg] Found already running cg job (Conflict) for simname = structure_iter00_000000000001
Batch job for cganalysis-structure_iter00_000000000002 exists, assuming resumed: Conflict
[cg] Found already running cg job (Conflict) for simname = structure_iter00_000000000002
Batch job for cganalysis-structure_iter00_000000000003 exists, assuming resumed: Conflict
[cg] Found already running cg job (Conflict) for simname = structure_iter00_000000000003
Batch job for cganalysis-structure_iter00_000000000004 exists, assuming resumed: Conflict
[cg] Found already running cg job (Conflict) for simname = structure_iter00_000000000004
Batch job for cganalysis-structure_iter00_000000000005 exists, assuming resumed: Conflict
[cg] Found already running cg job (Conflict) for simname = structure_iter00_000000000005
[187.590 MB]:     > Iteration 358: updated jobs
[187.590 MB]:     > Iteration 358: testing all jobs
[187.590 MB]: Starting MainProcess iteration 359
[187.590 MB]:     > Iteration 359: added new patches
Batch job for cganalysis-structure_iter00_000000000000 exists, assuming resumed: Conflict
[cg] Found already running cg job (Conflict) for simname = structure_iter00_000000000000
Batch job for cganalysis-structure_iter00_000000000001 exists, assuming resumed: Conflict
[cg] Found already running cg job (Conflict) for simname = structure_iter00_000000000001
Batch job for cganalysis-structure_iter00_000000000002 exists, assuming resumed: Conflict
[cg] Found already running cg job (Conflict) for simname = structure_iter00_000000000002
Batch job for cganalysis-structure_iter00_000000000003 exists, assuming resumed: Conflict
[cg] Found already running cg job (Conflict) for simname = structure_iter00_000000000003
Batch job for cganalysis-structure_iter00_000000000004 exists, assuming resumed: Conflict
[cg] Found already running cg job (Conflict) for simname = structure_iter00_000000000004
Batch job for cganalysis-structure_iter00_000000000005 exists, assuming resumed: Conflict
[cg] Found already running cg job (Conflict) for simname = structure_iter00_000000000005
[187.590 MB]:     > Iteration 359: updated jobs
[187.590 MB]:     > Iteration 359: testing all jobs
[187.590 MB]: Starting MainProcess iteration 360
[187.590 MB]:     > Iteration 360: added new patches
Batch job for cganalysis-structure_iter00_000000000000 exists, assuming resumed: Conflict
[cg] Found already running cg job (Conflict) for simname = structure_iter00_000000000000
Batch job for cganalysis-structure_iter00_000000000001 exists, assuming resumed: Conflict
[cg] Found already running cg job (Conflict) for simname = structure_iter00_000000000001
Batch job for cganalysis-structure_iter00_000000000002 exists, assuming resumed: Conflict
[cg] Found already running cg job (Conflict) for simname = structure_iter00_000000000002
Batch job for cganalysis-structure_iter00_000000000003 exists, assuming resumed: Conflict
[cg] Found already running cg job (Conflict) for simname = structure_iter00_000000000003
Batch job for cganalysis-structure_iter00_000000000004 exists, assuming resumed: Conflict
[cg] Found already running cg job (Conflict) for simname = structure_iter00_000000000004
Batch job for cganalysis-structure_iter00_000000000005 exists, assuming resumed: Conflict
[cg] Found already running cg job (Conflict) for simname = structure_iter00_000000000005
[187.590 MB]:     > Iteration 360: updated jobs
[187.590 MB]:     > Iteration 360: testing all jobs
[187.590 MB]: Starting MainProcess iteration 361
[187.590 MB]:     > Iteration 361: added new patches
Batch job for cganalysis-structure_iter00_000000000000 exists, assuming resumed: Conflict
[cg] Found already running cg job (Conflict) for simname = structure_iter00_000000000000
Batch job for cganalysis-structure_iter00_000000000001 exists, assuming resumed: Conflict
[cg] Found already running cg job (Conflict) for simname = structure_iter00_000000000001
Batch job for cganalysis-structure_iter00_000000000002 exists, assuming resumed: Conflict
[cg] Found already running cg job (Conflict) for simname = structure_iter00_000000000002
Batch job for cganalysis-structure_iter00_000000000003 exists, assuming resumed: Conflict
[cg] Found already running cg job (Conflict) for simname = structure_iter00_000000000003
Batch job for cganalysis-structure_iter00_000000000004 exists, assuming resumed: Conflict
[cg] Found already running cg job (Conflict) for simname = structure_iter00_000000000004
Batch job for cganalysis-structure_iter00_000000000005 exists, assuming resumed: Conflict
[cg] Found already running cg job (Conflict) for simname = structure_iter00_000000000005
[187.590 MB]:     > Iteration 361: updated jobs
[187.590 MB]:     > Iteration 361: testing all jobs
[187.590 MB]: Starting MainProcess iteration 362
[187.590 MB]:     > Iteration 362: added new patches
Batch job for cganalysis-structure_iter00_000000000000 exists, assuming resumed: Conflict
[cg] Found already running cg job (Conflict) for simname = structure_iter00_000000000000
Batch job for cganalysis-structure_iter00_000000000001 exists, assuming resumed: Conflict
[cg] Found already running cg job (Conflict) for simname = structure_iter00_000000000001
Batch job for cganalysis-structure_iter00_000000000002 exists, assuming resumed: Conflict
[cg] Found already running cg job (Conflict) for simname = structure_iter00_000000000002
Batch job for cganalysis-structure_iter00_000000000003 exists, assuming resumed: Conflict
[cg] Found already running cg job (Conflict) for simname = structure_iter00_000000000003
Batch job for cganalysis-structure_iter00_000000000004 exists, assuming resumed: Conflict
[cg] Found already running cg job (Conflict) for simname = structure_iter00_000000000004
Batch job for cganalysis-structure_iter00_000000000005 exists, assuming resumed: Conflict
[cg] Found already running cg job (Conflict) for simname = structure_iter00_000000000005
[187.590 MB]:     > Iteration 362: updated jobs
[187.590 MB]:     > Iteration 362: testing all jobs
[187.590 MB]: Starting MainProcess iteration 363
[187.590 MB]:     > Iteration 363: added new patches
Batch job for cganalysis-structure_iter00_000000000000 exists, assuming resumed: Conflict
[cg] Found already running cg job (Conflict) for simname = structure_iter00_000000000000
Batch job for cganalysis-structure_iter00_000000000001 exists, assuming resumed: Conflict
[cg] Found already running cg job (Conflict) for simname = structure_iter00_000000000001
Batch job for cganalysis-structure_iter00_000000000002 exists, assuming resumed: Conflict
[cg] Found already running cg job (Conflict) for simname = structure_iter00_000000000002
Batch job for cganalysis-structure_iter00_000000000003 exists, assuming resumed: Conflict
[cg] Found already running cg job (Conflict) for simname = structure_iter00_000000000003
Batch job for cganalysis-structure_iter00_000000000004 exists, assuming resumed: Conflict
[cg] Found already running cg job (Conflict) for simname = structure_iter00_000000000004
Batch job for cganalysis-structure_iter00_000000000005 exists, assuming resumed: Conflict
[cg] Found already running cg job (Conflict) for simname = structure_iter00_000000000005
[187.590 MB]:     > Iteration 363: updated jobs
[187.590 MB]:     > Iteration 363: testing all jobs
[187.590 MB]: Starting MainProcess iteration 364
[187.590 MB]:     > Iteration 364: added new patches
Batch job for cganalysis-structure_iter00_000000000000 exists, assuming resumed: Conflict
[cg] Found already running cg job (Conflict) for simname = structure_iter00_000000000000
Batch job for cganalysis-structure_iter00_000000000001 exists, assuming resumed: Conflict
[cg] Found already running cg job (Conflict) for simname = structure_iter00_000000000001
Batch job for cganalysis-structure_iter00_000000000002 exists, assuming resumed: Conflict
[cg] Found already running cg job (Conflict) for simname = structure_iter00_000000000002
Batch job for cganalysis-structure_iter00_000000000003 exists, assuming resumed: Conflict
[cg] Found already running cg job (Conflict) for simname = structure_iter00_000000000003
Batch job for cganalysis-structure_iter00_000000000004 exists, assuming resumed: Conflict
[cg] Found already running cg job (Conflict) for simname = structure_iter00_000000000004
Batch job for cganalysis-structure_iter00_000000000005 exists, assuming resumed: Conflict
[cg] Found already running cg job (Conflict) for simname = structure_iter00_000000000005
[187.590 MB]:     > Iteration 364: updated jobs
[187.590 MB]:     > Iteration 364: testing all jobs
[187.590 MB]: Starting MainProcess iteration 365
[187.590 MB]:     > Iteration 365: added new patches
Batch job for cganalysis-structure_iter00_000000000000 exists, assuming resumed: Conflict
[cg] Found already running cg job (Conflict) for simname = structure_iter00_000000000000
Batch job for cganalysis-structure_iter00_000000000001 exists, assuming resumed: Conflict
[cg] Found already running cg job (Conflict) for simname = structure_iter00_000000000001
Batch job for cganalysis-structure_iter00_000000000002 exists, assuming resumed: Conflict
[cg] Found already running cg job (Conflict) for simname = structure_iter00_000000000002
Batch job for cganalysis-structure_iter00_000000000003 exists, assuming resumed: Conflict
[cg] Found already running cg job (Conflict) for simname = structure_iter00_000000000003
Batch job for cganalysis-structure_iter00_000000000004 exists, assuming resumed: Conflict
[cg] Found already running cg job (Conflict) for simname = structure_iter00_000000000004
Batch job for cganalysis-structure_iter00_000000000005 exists, assuming resumed: Conflict
[cg] Found already running cg job (Conflict) for simname = structure_iter00_000000000005
[187.590 MB]:     > Iteration 365: updated jobs
[187.590 MB]:     > Iteration 365: testing all jobs
[187.590 MB]: Starting MainProcess iteration 366
[187.590 MB]:     > Iteration 366: added new patches
Batch job for cganalysis-structure_iter00_000000000000 exists, assuming resumed: Conflict
[cg] Found already running cg job (Conflict) for simname = structure_iter00_000000000000
Batch job for cganalysis-structure_iter00_000000000001 exists, assuming resumed: Conflict
[cg] Found already running cg job (Conflict) for simname = structure_iter00_000000000001
Batch job for cganalysis-structure_iter00_000000000002 exists, assuming resumed: Conflict
[cg] Found already running cg job (Conflict) for simname = structure_iter00_000000000002
Batch job for cganalysis-structure_iter00_000000000003 exists, assuming resumed: Conflict
[cg] Found already running cg job (Conflict) for simname = structure_iter00_000000000003
Batch job for cganalysis-structure_iter00_000000000004 exists, assuming resumed: Conflict
[cg] Found already running cg job (Conflict) for simname = structure_iter00_000000000004
Batch job for cganalysis-structure_iter00_000000000005 exists, assuming resumed: Conflict
[cg] Found already running cg job (Conflict) for simname = structure_iter00_000000000005
[187.590 MB]:     > Iteration 366: updated jobs
[187.590 MB]:     > Iteration 366: testing all jobs
[187.590 MB]: Starting MainProcess iteration 367
[187.590 MB]:     > Iteration 367: added new patches
Pull policy for cganalysis-structure-iter00-000000000005 is IfNotPresent
Walltime is 2700.0
Backoff limit is 0
Pull policy for cganalysis-structure-iter00-000000000000 is IfNotPresent
Walltime is 2700.0
Backoff limit is 0
Pull policy for cganalysis-structure-iter00-000000000001 is IfNotPresent
Walltime is 2700.0
Backoff limit is 0
Pull policy for cganalysis-structure-iter00-000000000002 is IfNotPresent
Walltime is 2700.0
Backoff limit is 0
Pull policy for cganalysis-structure-iter00-000000000003 is IfNotPresent
Walltime is 2700.0
Backoff limit is 0
Pull policy for cganalysis-structure-iter00-000000000004 is IfNotPresent
Walltime is 2700.0
Backoff limit is 0
Pull policy for cganalysis-structure-iter00-000000000005 is IfNotPresent
Walltime is 2700.0
Backoff limit is 0
Pull policy for cganalysis-structure-iter00-000000000000 is IfNotPresent
Walltime is 2700.0
Backoff limit is 0
Pull policy for cganalysis-structure-iter00-000000000001 is IfNotPresent
Walltime is 2700.0
Backoff limit is 0
Pull policy for cganalysis-structure-iter00-000000000002 is IfNotPresent
Walltime is 2700.0
Backoff limit is 0
Pull policy for cganalysis-structure-iter00-000000000003 is IfNotPresent
Walltime is 2700.0
Backoff limit is 0
Pull policy for cganalysis-structure-iter00-000000000004 is IfNotPresent
Walltime is 2700.0
Backoff limit is 0
Pull policy for cganalysis-structure-iter00-000000000005 is IfNotPresent
Walltime is 2700.0
Backoff limit is 0
Pull policy for cganalysis-structure-iter00-000000000000 is IfNotPresent
Walltime is 2700.0
Backoff limit is 0
Pull policy for cganalysis-structure-iter00-000000000001 is IfNotPresent
Walltime is 2700.0
Backoff limit is 0
Pull policy for cganalysis-structure-iter00-000000000002 is IfNotPresent
Walltime is 2700.0
Backoff limit is 0
Pull policy for cganalysis-structure-iter00-000000000003 is IfNotPresent
Walltime is 2700.0
Backoff limit is 0
Pull policy for cganalysis-structure-iter00-000000000004 is IfNotPresent
Walltime is 2700.0
Backoff limit is 0
Pull policy for cganalysis-structure-iter00-000000000005 is IfNotPresent
Walltime is 2700.0
Backoff limit is 0
Pull policy for cganalysis-structure-iter00-000000000000 is IfNotPresent
Walltime is 2700.0
Backoff limit is 0
Pull policy for cganalysis-structure-iter00-000000000001 is IfNotPresent
Walltime is 2700.0
Backoff limit is 0
Pull policy for cganalysis-structure-iter00-000000000002 is IfNotPresent
Walltime is 2700.0
Backoff limit is 0
Pull policy for cganalysis-structure-iter00-000000000003 is IfNotPresent
Walltime is 2700.0
Backoff limit is 0
Pull policy for cganalysis-structure-iter00-000000000004 is IfNotPresent
Walltime is 2700.0
Backoff limit is 0
Pull policy for cganalysis-structure-iter00-000000000005 is IfNotPresent
Walltime is 2700.0
Backoff limit is 0
Pull policy for cganalysis-structure-iter00-000000000000 is IfNotPresent
Walltime is 2700.0
Backoff limit is 0
Pull policy for cganalysis-structure-iter00-000000000001 is IfNotPresent
Walltime is 2700.0
Backoff limit is 0
Pull policy for cganalysis-structure-iter00-000000000002 is IfNotPresent
Walltime is 2700.0
Backoff limit is 0
Pull policy for cganalysis-structure-iter00-000000000003 is IfNotPresent
Walltime is 2700.0
Backoff limit is 0
Pull policy for cganalysis-structure-iter00-000000000004 is IfNotPresent
Walltime is 2700.0
Backoff limit is 0
Pull policy for cganalysis-structure-iter00-000000000005 is IfNotPresent
Walltime is 2700.0
Backoff limit is 0
Pull policy for cganalysis-structure-iter00-000000000000 is IfNotPresent
Walltime is 2700.0
Backoff limit is 0
Pull policy for cganalysis-structure-iter00-000000000001 is IfNotPresent
Walltime is 2700.0
Backoff limit is 0
Pull policy for cganalysis-structure-iter00-000000000002 is IfNotPresent
Walltime is 2700.0
Backoff limit is 0
Pull policy for cganalysis-structure-iter00-000000000003 is IfNotPresent
Walltime is 2700.0
Backoff limit is 0
Pull policy for cganalysis-structure-iter00-000000000004 is IfNotPresent
Walltime is 2700.0
Backoff limit is 0
Pull policy for cganalysis-structure-iter00-000000000005 is IfNotPresent
Walltime is 2700.0
Backoff limit is 0
Pull policy for cganalysis-structure-iter00-000000000000 is IfNotPresent
Walltime is 2700.0
Backoff limit is 0
Pull policy for cganalysis-structure-iter00-000000000001 is IfNotPresent
Walltime is 2700.0
Backoff limit is 0
Pull policy for cganalysis-structure-iter00-000000000002 is IfNotPresent
Walltime is 2700.0
Backoff limit is 0
Pull policy for cganalysis-structure-iter00-000000000003 is IfNotPresent
Walltime is 2700.0
Backoff limit is 0
Pull policy for cganalysis-structure-iter00-000000000004 is IfNotPresent
Walltime is 2700.0
Backoff limit is 0
Pull policy for cganalysis-structure-iter00-000000000005 is IfNotPresent
Walltime is 2700.0
Backoff limit is 0
Pull policy for cganalysis-structure-iter00-000000000000 is IfNotPresent
Walltime is 2700.0
Backoff limit is 0
Pull policy for cganalysis-structure-iter00-000000000001 is IfNotPresent
Walltime is 2700.0
Backoff limit is 0
Pull policy for cganalysis-structure-iter00-000000000002 is IfNotPresent
Walltime is 2700.0
Backoff limit is 0
Pull policy for cganalysis-structure-iter00-000000000003 is IfNotPresent
Walltime is 2700.0
Backoff limit is 0
Pull policy for cganalysis-structure-iter00-000000000004 is IfNotPresent
Walltime is 2700.0
Backoff limit is 0
Pull policy for cganalysis-structure-iter00-000000000005 is IfNotPresent
Walltime is 2700.0
Backoff limit is 0
Pull policy for cganalysis-structure-iter00-000000000000 is IfNotPresent
Walltime is 2700.0
Backoff limit is 0
Pull policy for cganalysis-structure-iter00-000000000001 is IfNotPresent
Walltime is 2700.0
Backoff limit is 0
Pull policy for cganalysis-structure-iter00-000000000002 is IfNotPresent
Walltime is 2700.0
Backoff limit is 0
Pull policy for cganalysis-structure-iter00-000000000003 is IfNotPresent
Walltime is 2700.0
Backoff limit is 0
Pull policy for cganalysis-structure-iter00-000000000004 is IfNotPresent
Walltime is 2700.0
Backoff limit is 0
Pull policy for cganalysis-structure-iter00-000000000005 is IfNotPresent
Walltime is 2700.0
Backoff limit is 0
Pull policy for cganalysis-structure-iter00-000000000000 is IfNotPresent
Walltime is 2700.0
Backoff limit is 0
Pull policy for cganalysis-structure-iter00-000000000001 is IfNotPresent
Walltime is 2700.0
Backoff limit is 0
Pull policy for cganalysis-structure-iter00-000000000002 is IfNotPresent
Walltime is 2700.0
Backoff limit is 0
Pull policy for cganalysis-structure-iter00-000000000003 is IfNotPresent
Walltime is 2700.0
Backoff limit is 0
Pull policy for cganalysis-structure-iter00-000000000004 is IfNotPresent
Walltime is 2700.0
Backoff limit is 0
Pull policy for cganalysis-structure-iter00-000000000005 is IfNotPresent
Walltime is 2700.0
Backoff limit is 0
Pull policy for cganalysis-structure-iter00-000000000000 is IfNotPresent
Walltime is 2700.0
Backoff limit is 0
Pull policy for cganalysis-structure-iter00-000000000001 is IfNotPresent
Walltime is 2700.0
Backoff limit is 0
Pull policy for cganalysis-structure-iter00-000000000002 is IfNotPresent
Walltime is 2700.0
Backoff limit is 0
Pull policy for cganalysis-structure-iter00-000000000003 is IfNotPresent
Walltime is 2700.0
Backoff limit is 0
Pull policy for cganalysis-structure-iter00-000000000004 is IfNotPresent
Walltime is 2700.0
Backoff limit is 0
Pull policy for cganalysis-structure-iter00-000000000005 is IfNotPresent
Walltime is 2700.0
Backoff limit is 0
Pull policy for cganalysis-structure-iter00-000000000000 is IfNotPresent
Walltime is 2700.0
Backoff limit is 0
Pull policy for cganalysis-structure-iter00-000000000001 is IfNotPresent
Walltime is 2700.0
Backoff limit is 0
Pull policy for cganalysis-structure-iter00-000000000002 is IfNotPresent
Walltime is 2700.0
Backoff limit is 0
Pull policy for cganalysis-structure-iter00-000000000003 is IfNotPresent
Walltime is 2700.0
Backoff limit is 0
Pull policy for cganalysis-structure-iter00-000000000004 is IfNotPresent
Walltime is 2700.0
Backoff limit is 0
Pull policy for cganalysis-structure-iter00-000000000005 is IfNotPresent
Walltime is 2700.0
Backoff limit is 0
Pull policy for cganalysis-structure-iter00-000000000000 is IfNotPresent
Batch job for cganalysis-structure_iter00_000000000000 exists, assuming resumed: Conflict
[cg] Found already running cg job (Conflict) for simname = structure_iter00_000000000000
Batch job for cganalysis-structure_iter00_000000000001 exists, assuming resumed: Conflict
[cg] Found already running cg job (Conflict) for simname = structure_iter00_000000000001
Batch job for cganalysis-structure_iter00_000000000002 exists, assuming resumed: Conflict
[cg] Found already running cg job (Conflict) for simname = structure_iter00_000000000002
Batch job for cganalysis-structure_iter00_000000000003 exists, assuming resumed: Conflict
[cg] Found already running cg job (Conflict) for simname = structure_iter00_000000000003
Batch job for cganalysis-structure_iter00_000000000004 exists, assuming resumed: Conflict
[cg] Found already running cg job (Conflict) for simname = structure_iter00_000000000004
Batch job for cganalysis-structure_iter00_000000000005 exists, assuming resumed: Conflict
[cg] Found already running cg job (Conflict) for simname = structure_iter00_000000000005
[187.590 MB]:     > Iteration 367: updated jobs
[187.590 MB]:     > Iteration 367: testing all jobs
[187.590 MB]: Starting MainProcess iteration 368
[187.590 MB]:     > Iteration 368: added new patches
Batch job for cganalysis-structure_iter00_000000000000 exists, assuming resumed: Conflict
[cg] Found already running cg job (Conflict) for simname = structure_iter00_000000000000
Batch job for cganalysis-structure_iter00_000000000001 exists, assuming resumed: Conflict
[cg] Found already running cg job (Conflict) for simname = structure_iter00_000000000001
Batch job for cganalysis-structure_iter00_000000000002 exists, assuming resumed: Conflict
[cg] Found already running cg job (Conflict) for simname = structure_iter00_000000000002
Batch job for cganalysis-structure_iter00_000000000003 exists, assuming resumed: Conflict
[cg] Found already running cg job (Conflict) for simname = structure_iter00_000000000003
Batch job for cganalysis-structure_iter00_000000000004 exists, assuming resumed: Conflict
[cg] Found already running cg job (Conflict) for simname = structure_iter00_000000000004
Batch job for cganalysis-structure_iter00_000000000005 exists, assuming resumed: Conflict
[cg] Found already running cg job (Conflict) for simname = structure_iter00_000000000005
[187.590 MB]:     > Iteration 368: updated jobs
[187.590 MB]:     > Iteration 368: testing all jobs
[187.590 MB]: Starting MainProcess iteration 369
[187.590 MB]:     > Iteration 369: added new patches
Batch job for cganalysis-structure_iter00_000000000000 exists, assuming resumed: Conflict
[cg] Found already running cg job (Conflict) for simname = structure_iter00_000000000000
Batch job for cganalysis-structure_iter00_000000000001 exists, assuming resumed: Conflict
[cg] Found already running cg job (Conflict) for simname = structure_iter00_000000000001
Batch job for cganalysis-structure_iter00_000000000002 exists, assuming resumed: Conflict
[cg] Found already running cg job (Conflict) for simname = structure_iter00_000000000002
Batch job for cganalysis-structure_iter00_000000000003 exists, assuming resumed: Conflict
[cg] Found already running cg job (Conflict) for simname = structure_iter00_000000000003
Batch job for cganalysis-structure_iter00_000000000004 exists, assuming resumed: Conflict
[cg] Found already running cg job (Conflict) for simname = structure_iter00_000000000004
Batch job for cganalysis-structure_iter00_000000000005 exists, assuming resumed: Conflict
[cg] Found already running cg job (Conflict) for simname = structure_iter00_000000000005
[187.590 MB]:     > Iteration 369: updated jobs
[187.590 MB]:     > Iteration 369: testing all jobs
[187.590 MB]: Starting MainProcess iteration 370
[187.590 MB]:     > Iteration 370: added new patches
Batch job for cganalysis-structure_iter00_000000000000 exists, assuming resumed: Conflict
[cg] Found already running cg job (Conflict) for simname = structure_iter00_000000000000
Batch job for cganalysis-structure_iter00_000000000001 exists, assuming resumed: Conflict
[cg] Found already running cg job (Conflict) for simname = structure_iter00_000000000001
Batch job for cganalysis-structure_iter00_000000000002 exists, assuming resumed: Conflict
[cg] Found already running cg job (Conflict) for simname = structure_iter00_000000000002
Batch job for cganalysis-structure_iter00_000000000003 exists, assuming resumed: Conflict
[cg] Found already running cg job (Conflict) for simname = structure_iter00_000000000003
Batch job for cganalysis-structure_iter00_000000000004 exists, assuming resumed: Conflict
[cg] Found already running cg job (Conflict) for simname = structure_iter00_000000000004
Batch job for cganalysis-structure_iter00_000000000005 exists, assuming resumed: Conflict
[cg] Found already running cg job (Conflict) for simname = structure_iter00_000000000005
[187.590 MB]:     > Iteration 370: updated jobs
[187.590 MB]:     > Iteration 370: testing all jobs
[187.590 MB]: Starting MainProcess iteration 371
[187.590 MB]:     > Iteration 371: added new patches
Batch job for cganalysis-structure_iter00_000000000000 exists, assuming resumed: Conflict
[cg] Found already running cg job (Conflict) for simname = structure_iter00_000000000000
Batch job for cganalysis-structure_iter00_000000000001 exists, assuming resumed: Conflict
[cg] Found already running cg job (Conflict) for simname = structure_iter00_000000000001
Batch job for cganalysis-structure_iter00_000000000002 exists, assuming resumed: Conflict
[cg] Found already running cg job (Conflict) for simname = structure_iter00_000000000002
Batch job for cganalysis-structure_iter00_000000000003 exists, assuming resumed: Conflict
[cg] Found already running cg job (Conflict) for simname = structure_iter00_000000000003
Batch job for cganalysis-structure_iter00_000000000004 exists, assuming resumed: Conflict
[cg] Found already running cg job (Conflict) for simname = structure_iter00_000000000004
Batch job for cganalysis-structure_iter00_000000000005 exists, assuming resumed: Conflict
[cg] Found already running cg job (Conflict) for simname = structure_iter00_000000000005
[187.590 MB]:     > Iteration 371: updated jobs
[187.590 MB]:     > Iteration 371: testing all jobs
[187.590 MB]: Starting MainProcess iteration 372
[187.590 MB]:     > Iteration 372: added new patches
