,instance,iteration,event,duration,global,spot,hourly_cost,hours,cost
0,c7a-12xlarge,/home/vanessa/Desktop/Code/mummi-experiments/experiments/aws-march-2025/cpu-node-selector/monitor/cpu-autoscale/data/structure_002976531/createsim-c7a-12xlarge/createsims-times.json,createsim_runtime,557.5069131851196,createsim_runtime,on-demand,2.463,0.154863031440311,0.381427646437486
1,c7a-12xlarge,/home/vanessa/Desktop/Code/mummi-experiments/experiments/aws-march-2025/cpu-node-selector/monitor/cpu-autoscale/data/structure_002976531/createsim-c7a-12xlarge/createsims-times.json,createsims_create_cg_patch,0.0006284713745117188,createsims_create_cg_patch,on-demand,2.463,1.7457538180881076e-07,4.2997916539510093e-07
2,c7a-12xlarge,/home/vanessa/Desktop/Code/mummi-experiments/experiments/aws-march-2025/cpu-node-selector/monitor/cpu-autoscale/data/structure_002976531/createsim-c7a-12xlarge/createsims-times.json,createsims_setup_cg_sim,556.7276322841644,createsims_setup_cg_sim,on-demand,2.463,0.15464656452337902,0.38089448842108253
3,c7a-12xlarge,/home/vanessa/Desktop/Code/mummi-experiments/experiments/aws-march-2025/cpu-node-selector/monitor/cpu-autoscale/data/structure_002976531/createsim-c7a-12xlarge/createsims-times.json,createsims_gromacs_energy_minimization_0,0.5831725597381592,createsims_gromacs_energy_minimization,on-demand,2.463,0.0001619923777050442,0.0003989872262875239
4,c7a-12xlarge,/home/vanessa/Desktop/Code/mummi-experiments/experiments/aws-march-2025/cpu-node-selector/monitor/cpu-autoscale/data/structure_002976531/createsim-c7a-12xlarge/createsims-times.json,createsims_mdrun_lipids_water_0,1.6309175491333008,createsims_mdrun_lipids_water,on-demand,2.463,0.00045303265253702796,0.0011158194231987
5,c7a-12xlarge,/home/vanessa/Desktop/Code/mummi-experiments/experiments/aws-march-2025/cpu-node-selector/monitor/cpu-autoscale/data/structure_002976531/createsim-c7a-12xlarge/createsims-times.json,createsims_trjconv_lipids_water_0,0.1377546787261963,createsims_trjconv_lipids_water,on-demand,2.463,3.8265188535054526e-05,9.42471593618393e-05
6,c7a-12xlarge,/home/vanessa/Desktop/Code/mummi-experiments/experiments/aws-march-2025/cpu-node-selector/monitor/cpu-autoscale/data/structure_002976531/createsim-c7a-12xlarge/createsims-times.json,createsims_gromacs_make_ndx_0,0.3177320957183838,createsims_gromacs_make_ndx,on-demand,2.463,8.825891547732883e-05,0.0002173817088206609
7,c7a-12xlarge,/home/vanessa/Desktop/Code/mummi-experiments/experiments/aws-march-2025/cpu-node-selector/monitor/cpu-autoscale/data/structure_002976531/createsim-c7a-12xlarge/createsims-times.json,createsims_generate_velocities_0,39.52042889595032,createsims_generate_velocities,on-demand,2.463,0.010977896915541756,0.027038560102979347
8,c7a-12xlarge,/home/vanessa/Desktop/Code/mummi-experiments/experiments/aws-march-2025/cpu-node-selector/monitor/cpu-autoscale/data/structure_002976531/createsim-c7a-12xlarge/createsims-times.json,createsims_short_equilibration_0,80.93896484375,createsims_short_equilibration,on-demand,2.463,0.022483045789930555,0.05537574178059896
9,c7a-12xlarge,/home/vanessa/Desktop/Code/mummi-experiments/experiments/aws-march-2025/cpu-node-selector/monitor/cpu-autoscale/data/structure_002976531/createsim-c7a-12xlarge/createsims-times.json,createsims_pull_molecules_0,325.4102795124054,createsims_pull_molecules,on-demand,2.463,0.0903917443090015,0.22263486623307072
10,c7a-12xlarge,/home/vanessa/Desktop/Code/mummi-experiments/experiments/aws-march-2025/cpu-node-selector/monitor/cpu-autoscale/data/structure_002976531/createsim-c7a-12xlarge/createsims-times.json,createsims_relax_protein,25.239478588104248,createsims_relax_protein,on-demand,2.463,0.007010966274473402,0.017268009934027988
11,c7a-12xlarge,/home/vanessa/Desktop/Code/mummi-experiments/experiments/aws-march-2025/cpu-node-selector/monitor/cpu-autoscale/data/structure_002976531/createsim-c7a-12xlarge/createsims-times.json,createsims_short_equilibration_20fs,80.94387173652649,createsims_short_equilibration,on-demand,2.463,0.022484408815701802,0.05537909891307354
12,c7a-12xlarge,/home/vanessa/Desktop/Code/mummi-experiments/experiments/aws-march-2025/cpu-node-selector/monitor/cpu-autoscale/data/structure_002976531/createsim-c7a-12xlarge/createsims-times.json,createsims_prime_cg_sim,0.7690868377685547,createsims_prime_cg_sim,on-demand,2.463,0.00021363523271348742,0.0005261835781733195
13,c7a-12xlarge,/home/vanessa/Desktop/Code/mummi-experiments/experiments/aws-march-2025/cpu-node-selector/monitor/cpu-autoscale/data/structure_084618851/createsim-c7a-12xlarge/createsims-times.json,createsim_runtime,553.6589634418488,createsim_runtime,on-demand,2.463,0.15379415651162465,0.3787950074881315
14,c7a-12xlarge,/home/vanessa/Desktop/Code/mummi-experiments/experiments/aws-march-2025/cpu-node-selector/monitor/cpu-autoscale/data/structure_084618851/createsim-c7a-12xlarge/createsims-times.json,createsims_create_cg_patch,0.0006299018859863281,createsims_create_cg_patch,on-demand,2.463,1.7497274610731335e-07,4.309578736623128e-07
15,c7a-12xlarge,/home/vanessa/Desktop/Code/mummi-experiments/experiments/aws-march-2025/cpu-node-selector/monitor/cpu-autoscale/data/structure_084618851/createsim-c7a-12xlarge/createsims-times.json,createsims_setup_cg_sim,552.8841941356659,createsims_setup_cg_sim,on-demand,2.463,0.15357894281546275,0.37826493615448475
16,c7a-12xlarge,/home/vanessa/Desktop/Code/mummi-experiments/experiments/aws-march-2025/cpu-node-selector/monitor/cpu-autoscale/data/structure_084618851/createsim-c7a-12xlarge/createsims-times.json,createsims_gromacs_energy_minimization_0,0.5837380886077881,createsims_gromacs_energy_minimization,on-demand,2.463,0.0001621494690577189,0.00039937414228916166
17,c7a-12xlarge,/home/vanessa/Desktop/Code/mummi-experiments/experiments/aws-march-2025/cpu-node-selector/monitor/cpu-autoscale/data/structure_084618851/createsim-c7a-12xlarge/createsims-times.json,createsims_mdrun_lipids_water_0,1.53163480758667,createsims_mdrun_lipids_water,on-demand,2.463,0.00042545411321851944,0.0010478934808572135
18,c7a-12xlarge,/home/vanessa/Desktop/Code/mummi-experiments/experiments/aws-march-2025/cpu-node-selector/monitor/cpu-autoscale/data/structure_084618851/createsim-c7a-12xlarge/createsims-times.json,createsims_trjconv_lipids_water_0,0.14028549194335938,createsims_trjconv_lipids_water,on-demand,2.463,3.896819220648871e-05,9.59786574045817e-05
19,c7a-12xlarge,/home/vanessa/Desktop/Code/mummi-experiments/experiments/aws-march-2025/cpu-node-selector/monitor/cpu-autoscale/data/structure_084618851/createsim-c7a-12xlarge/createsims-times.json,createsims_gromacs_make_ndx_0,0.3225700855255127,createsims_gromacs_make_ndx,on-demand,2.463,8.960280153486463e-05,0.0002206917001803716
20,c7a-12xlarge,/home/vanessa/Desktop/Code/mummi-experiments/experiments/aws-march-2025/cpu-node-selector/monitor/cpu-autoscale/data/structure_084618851/createsim-c7a-12xlarge/createsims-times.json,createsims_generate_velocities_0,38.8227002620697,createsims_generate_velocities,on-demand,2.463,0.010784083406130473,0.026561197429299355
21,c7a-12xlarge,/home/vanessa/Desktop/Code/mummi-experiments/experiments/aws-march-2025/cpu-node-selector/monitor/cpu-autoscale/data/structure_084618851/createsim-c7a-12xlarge/createsims-times.json,createsims_short_equilibration_0,80.3221549987793,createsims_short_equilibration,on-demand,2.463,0.022311709721883136,0.054953741044998165
22,c7a-12xlarge,/home/vanessa/Desktop/Code/mummi-experiments/experiments/aws-march-2025/cpu-node-selector/monitor/cpu-autoscale/data/structure_084618851/createsim-c7a-12xlarge/createsims-times.json,createsims_pull_molecules_0,324.05061960220337,createsims_pull_molecules,on-demand,2.463,0.09001406100061206,0.2217046322445075
23,c7a-12xlarge,/home/vanessa/Desktop/Code/mummi-experiments/experiments/aws-march-2025/cpu-node-selector/monitor/cpu-autoscale/data/structure_084618851/createsim-c7a-12xlarge/createsims-times.json,createsims_relax_protein,25.70610022544861,createsims_relax_protein,on-demand,2.463,0.007140583395957947,0.017587256904244425
24,c7a-12xlarge,/home/vanessa/Desktop/Code/mummi-experiments/experiments/aws-march-2025/cpu-node-selector/monitor/cpu-autoscale/data/structure_084618851/createsim-c7a-12xlarge/createsims-times.json,createsims_short_equilibration_20fs,79.39031767845154,createsims_short_equilibration,on-demand,2.463,0.022052866021792093,0.05431620901167393
25,c7a-12xlarge,/home/vanessa/Desktop/Code/mummi-experiments/experiments/aws-march-2025/cpu-node-selector/monitor/cpu-autoscale/data/structure_084618851/createsim-c7a-12xlarge/createsims-times.json,createsims_prime_cg_sim,0.764575719833374,createsims_prime_cg_sim,on-demand,2.463,0.00021238214439815945,0.0005230972216526667
26,r7iz-8xlarge,/home/vanessa/Desktop/Code/mummi-experiments/experiments/aws-march-2025/cpu-node-selector/monitor/cpu-autoscale/data/structure_079741519/createsim-r7iz-8xlarge/createsims-times.json,createsim_runtime,1377.90673494339,createsim_runtime,on-demand,2.976,0.3827518708176083,1.1390695675532023
27,r7iz-8xlarge,/home/vanessa/Desktop/Code/mummi-experiments/experiments/aws-march-2025/cpu-node-selector/monitor/cpu-autoscale/data/structure_079741519/createsim-r7iz-8xlarge/createsims-times.json,createsims_create_cg_patch,0.0005755424499511719,createsims_create_cg_patch,on-demand,2.976,1.5987290276421441e-07,4.757817586263021e-07
28,r7iz-8xlarge,/home/vanessa/Desktop/Code/mummi-experiments/experiments/aws-march-2025/cpu-node-selector/monitor/cpu-autoscale/data/structure_079741519/createsim-r7iz-8xlarge/createsims-times.json,createsims_setup_cg_sim,1377.2027070522308,createsims_setup_cg_sim,on-demand,2.976,0.38255630751450853,1.1384875711631774
29,r7iz-8xlarge,/home/vanessa/Desktop/Code/mummi-experiments/experiments/aws-march-2025/cpu-node-selector/monitor/cpu-autoscale/data/structure_079741519/createsim-r7iz-8xlarge/createsims-times.json,createsims_gromacs_energy_minimization_0,0.5244102478027344,createsims_gromacs_energy_minimization,on-demand,2.976,0.00014566951327853734,0.0004335124715169271
30,r7iz-8xlarge,/home/vanessa/Desktop/Code/mummi-experiments/experiments/aws-march-2025/cpu-node-selector/monitor/cpu-autoscale/data/structure_079741519/createsim-r7iz-8xlarge/createsims-times.json,createsims_mdrun_lipids_water_0,3.505605459213257,createsims_mdrun_lipids_water,on-demand,2.976,0.0009737792942259047,0.0028979671796162923
31,r7iz-8xlarge,/home/vanessa/Desktop/Code/mummi-experiments/experiments/aws-march-2025/cpu-node-selector/monitor/cpu-autoscale/data/structure_079741519/createsim-r7iz-8xlarge/createsims-times.json,createsims_trjconv_lipids_water_0,0.12688755989074707,createsims_trjconv_lipids_water,on-demand,2.976,3.524654441409641e-05,0.00010489371617635092
32,r7iz-8xlarge,/home/vanessa/Desktop/Code/mummi-experiments/experiments/aws-march-2025/cpu-node-selector/monitor/cpu-autoscale/data/structure_079741519/createsim-r7iz-8xlarge/createsims-times.json,createsims_gromacs_make_ndx_0,0.2873258590698242,createsims_gromacs_make_ndx,on-demand,2.976,7.981273863050672e-05,0.000237522710164388
33,r7iz-8xlarge,/home/vanessa/Desktop/Code/mummi-experiments/experiments/aws-march-2025/cpu-node-selector/monitor/cpu-autoscale/data/structure_079741519/createsim-r7iz-8xlarge/createsims-times.json,createsims_generate_velocities_0,96.01994943618774,createsims_generate_velocities,on-demand,2.976,0.02667220817671882,0.07937649153391521
34,r7iz-8xlarge,/home/vanessa/Desktop/Code/mummi-experiments/experiments/aws-march-2025/cpu-node-selector/monitor/cpu-autoscale/data/structure_079741519/createsim-r7iz-8xlarge/createsims-times.json,createsims_short_equilibration_0,199.62552499771118,createsims_short_equilibration,on-demand,2.976,0.05545153472158644,0.16502376733144125
35,r7iz-8xlarge,/home/vanessa/Desktop/Code/mummi-experiments/experiments/aws-march-2025/cpu-node-selector/monitor/cpu-autoscale/data/structure_079741519/createsim-r7iz-8xlarge/createsims-times.json,createsims_pull_molecules_0,808.6736404895782,createsims_pull_molecules,on-demand,2.976,0.22463156680266064,0.668503542804718
36,r7iz-8xlarge,/home/vanessa/Desktop/Code/mummi-experiments/experiments/aws-march-2025/cpu-node-selector/monitor/cpu-autoscale/data/structure_079741519/createsim-r7iz-8xlarge/createsims-times.json,createsims_relax_protein,62.20213079452515,createsims_relax_protein,on-demand,2.976,0.017278369665145874,0.051420428123474124
37,r7iz-8xlarge,/home/vanessa/Desktop/Code/mummi-experiments/experiments/aws-march-2025/cpu-node-selector/monitor/cpu-autoscale/data/structure_079741519/createsim-r7iz-8xlarge/createsims-times.json,createsims_short_equilibration_20fs,204.40669679641724,createsims_short_equilibration,on-demand,2.976,0.05677963799900479,0.16897620268503824
38,r7iz-8xlarge,/home/vanessa/Desktop/Code/mummi-experiments/experiments/aws-march-2025/cpu-node-selector/monitor/cpu-autoscale/data/structure_079741519/createsim-r7iz-8xlarge/createsims-times.json,createsims_prime_cg_sim,0.695087194442749,createsims_prime_cg_sim,on-demand,2.976,0.00019307977623409696,0.0005746054140726726
39,c6in-12xlarge,/home/vanessa/Desktop/Code/mummi-experiments/experiments/aws-march-2025/cpu-node-selector/monitor/cpu-autoscale/data/structure_079741519/createsim-c6in-12xlarge/createsims-times.json,createsim_runtime,1152.739853143692,createsim_runtime,on-demand,2.722,0.32020551476213666,0.8715994111825359
40,c6in-12xlarge,/home/vanessa/Desktop/Code/mummi-experiments/experiments/aws-march-2025/cpu-node-selector/monitor/cpu-autoscale/data/structure_079741519/createsim-c6in-12xlarge/createsims-times.json,createsims_create_cg_patch,0.0007081031799316406,createsims_create_cg_patch,on-demand,2.722,1.9669532775878905e-07,5.354046821594238e-07
41,c6in-12xlarge,/home/vanessa/Desktop/Code/mummi-experiments/experiments/aws-march-2025/cpu-node-selector/monitor/cpu-autoscale/data/structure_079741519/createsim-c6in-12xlarge/createsims-times.json,createsims_setup_cg_sim,1151.8566522598267,createsims_setup_cg_sim,on-demand,2.722,0.3199601811832852,0.8709316131809023
42,c6in-12xlarge,/home/vanessa/Desktop/Code/mummi-experiments/experiments/aws-march-2025/cpu-node-selector/monitor/cpu-autoscale/data/structure_079741519/createsim-c6in-12xlarge/createsims-times.json,createsims_gromacs_energy_minimization_0,0.6736629009246826,createsims_gromacs_energy_minimization,on-demand,2.722,0.0001871285835901896,0.0005093640045324961
43,c6in-12xlarge,/home/vanessa/Desktop/Code/mummi-experiments/experiments/aws-march-2025/cpu-node-selector/monitor/cpu-autoscale/data/structure_079741519/createsim-c6in-12xlarge/createsims-times.json,createsims_mdrun_lipids_water_0,4.293460130691528,createsims_mdrun_lipids_water,on-demand,2.722,0.00119262781408098,0.0032463329099284275
44,c6in-12xlarge,/home/vanessa/Desktop/Code/mummi-experiments/experiments/aws-march-2025/cpu-node-selector/monitor/cpu-autoscale/data/structure_079741519/createsim-c6in-12xlarge/createsims-times.json,createsims_trjconv_lipids_water_0,0.15725445747375488,createsims_trjconv_lipids_water,on-demand,2.722,4.3681793742709686e-05,0.00011890184256765576
45,c6in-12xlarge,/home/vanessa/Desktop/Code/mummi-experiments/experiments/aws-march-2025/cpu-node-selector/monitor/cpu-autoscale/data/structure_079741519/createsim-c6in-12xlarge/createsims-times.json,createsims_gromacs_make_ndx_0,0.34516119956970215,createsims_gromacs_make_ndx,on-demand,2.722,9.587811099158393e-05,0.00026098021811909143
46,c6in-12xlarge,/home/vanessa/Desktop/Code/mummi-experiments/experiments/aws-march-2025/cpu-node-selector/monitor/cpu-autoscale/data/structure_079741519/createsim-c6in-12xlarge/createsims-times.json,createsims_generate_velocities_0,81.02139115333557,createsims_generate_velocities,on-demand,2.722,0.022505941987037658,0.06126117408871651
47,c6in-12xlarge,/home/vanessa/Desktop/Code/mummi-experiments/experiments/aws-march-2025/cpu-node-selector/monitor/cpu-autoscale/data/structure_079741519/createsim-c6in-12xlarge/createsims-times.json,createsims_short_equilibration_0,166.67402958869934,createsims_short_equilibration,on-demand,2.722,0.04629834155241649,0.1260240857056777
48,c6in-12xlarge,/home/vanessa/Desktop/Code/mummi-experiments/experiments/aws-march-2025/cpu-node-selector/monitor/cpu-autoscale/data/structure_079741519/createsim-c6in-12xlarge/createsims-times.json,createsims_pull_molecules_0,676.12757563591,createsims_pull_molecules,on-demand,2.722,0.18781321545441945,0.5112275724669297
49,c6in-12xlarge,/home/vanessa/Desktop/Code/mummi-experiments/experiments/aws-march-2025/cpu-node-selector/monitor/cpu-autoscale/data/structure_079741519/createsim-c6in-12xlarge/createsims-times.json,createsims_relax_protein,52.198134422302246,createsims_relax_protein,on-demand,2.722,0.014499481783972847,0.039467589415974086
50,c6in-12xlarge,/home/vanessa/Desktop/Code/mummi-experiments/experiments/aws-march-2025/cpu-node-selector/monitor/cpu-autoscale/data/structure_079741519/createsim-c6in-12xlarge/createsims-times.json,createsims_short_equilibration_20fs,168.3001790046692,createsims_short_equilibration,on-demand,2.722,0.04675004972351922,0.12725363534741932
51,c6in-12xlarge,/home/vanessa/Desktop/Code/mummi-experiments/experiments/aws-march-2025/cpu-node-selector/monitor/cpu-autoscale/data/structure_079741519/createsim-c6in-12xlarge/createsims-times.json,createsims_prime_cg_sim,0.8708517551422119,createsims_prime_cg_sim,on-demand,2.722,0.00024190326531728108,0.000658460688193639
52,m6a-16xlarge,/home/vanessa/Desktop/Code/mummi-experiments/experiments/aws-march-2025/cpu-node-selector/monitor/cpu-autoscale/data/structure_079741519/createsim-m6a-16xlarge/createsims-times.json,createsim_runtime,1605.9035866260529,createsim_runtime,on-demand,2.765,0.446084329618348,1.2334231713947323
53,m6a-16xlarge,/home/vanessa/Desktop/Code/mummi-experiments/experiments/aws-march-2025/cpu-node-selector/monitor/cpu-autoscale/data/structure_079741519/createsim-m6a-16xlarge/createsims-times.json,createsims_create_cg_patch,0.0008234977722167969,createsims_create_cg_patch,on-demand,2.765,2.287493811713325e-07,6.324920389387343e-07
54,m6a-16xlarge,/home/vanessa/Desktop/Code/mummi-experiments/experiments/aws-march-2025/cpu-node-selector/monitor/cpu-autoscale/data/structure_079741519/createsim-m6a-16xlarge/createsims-times.json,createsims_setup_cg_sim,1604.9617624282837,createsims_setup_cg_sim,on-demand,2.765,0.4458227117856344,1.2326997980872791
55,m6a-16xlarge,/home/vanessa/Desktop/Code/mummi-experiments/experiments/aws-march-2025/cpu-node-selector/monitor/cpu-autoscale/data/structure_079741519/createsim-m6a-16xlarge/createsims-times.json,createsims_gromacs_energy_minimization_0,0.7447323799133301,createsims_gromacs_energy_minimization,on-demand,2.765,0.00020687010553148058,0.0005719958417945438
56,m6a-16xlarge,/home/vanessa/Desktop/Code/mummi-experiments/experiments/aws-march-2025/cpu-node-selector/monitor/cpu-autoscale/data/structure_079741519/createsim-m6a-16xlarge/createsims-times.json,createsims_mdrun_lipids_water_0,4.676409721374512,createsims_mdrun_lipids_water,on-demand,2.765,0.0012990027003818088,0.0035917424665557014
57,m6a-16xlarge,/home/vanessa/Desktop/Code/mummi-experiments/experiments/aws-march-2025/cpu-node-selector/monitor/cpu-autoscale/data/structure_079741519/createsim-m6a-16xlarge/createsims-times.json,createsims_trjconv_lipids_water_0,0.16020917892456055,createsims_trjconv_lipids_water,on-demand,2.765,4.4502549701266814e-05,0.00012304954992400276
58,m6a-16xlarge,/home/vanessa/Desktop/Code/mummi-experiments/experiments/aws-march-2025/cpu-node-selector/monitor/cpu-autoscale/data/structure_079741519/createsim-m6a-16xlarge/createsims-times.json,createsims_gromacs_make_ndx_0,0.3742339611053467,createsims_gromacs_make_ndx,on-demand,2.765,0.00010395387808481852,0.0002874324729045232
59,m6a-16xlarge,/home/vanessa/Desktop/Code/mummi-experiments/experiments/aws-march-2025/cpu-node-selector/monitor/cpu-autoscale/data/structure_079741519/createsim-m6a-16xlarge/createsims-times.json,createsims_generate_velocities_0,108.47374629974365,createsims_generate_velocities,on-demand,2.765,0.030131596194373236,0.083313863477442
60,m6a-16xlarge,/home/vanessa/Desktop/Code/mummi-experiments/experiments/aws-march-2025/cpu-node-selector/monitor/cpu-autoscale/data/structure_079741519/createsim-m6a-16xlarge/createsims-times.json,createsims_short_equilibration_0,235.1254541873932,createsims_short_equilibration,on-demand,2.765,0.06531262616316477,0.1805894113411506
61,m6a-16xlarge,/home/vanessa/Desktop/Code/mummi-experiments/experiments/aws-march-2025/cpu-node-selector/monitor/cpu-autoscale/data/structure_079741519/createsim-m6a-16xlarge/createsims-times.json,createsims_pull_molecules_0,950.5806887149811,createsims_pull_molecules,on-demand,2.765,0.26405019130971696,0.7300987789713674
62,m6a-16xlarge,/home/vanessa/Desktop/Code/mummi-experiments/experiments/aws-march-2025/cpu-node-selector/monitor/cpu-autoscale/data/structure_079741519/createsim-m6a-16xlarge/createsims-times.json,createsims_relax_protein,72.24468970298767,createsims_relax_protein,on-demand,2.765,0.020067969361941017,0.05548793528576691
63,m6a-16xlarge,/home/vanessa/Desktop/Code/mummi-experiments/experiments/aws-march-2025/cpu-node-selector/monitor/cpu-autoscale/data/structure_079741519/createsim-m6a-16xlarge/createsims-times.json,createsims_short_equilibration_20fs,230.5898928642273,createsims_short_equilibration,on-demand,2.765,0.06405274801784092,0.17710584826933015
64,m6a-16xlarge,/home/vanessa/Desktop/Code/mummi-experiments/experiments/aws-march-2025/cpu-node-selector/monitor/cpu-autoscale/data/structure_079741519/createsim-m6a-16xlarge/createsims-times.json,createsims_prime_cg_sim,0.9299702644348145,createsims_prime_cg_sim,on-demand,2.765,0.00025832507345411514,0.0007142688281006284
65,c7a-12xlarge,/home/vanessa/Desktop/Code/mummi-experiments/experiments/aws-march-2025/cpu-node-selector/monitor/cpu-autoscale/data/structure_079741519/createsim-c7a-12xlarge/createsims-times.json,createsim_runtime,584.0258073806763,createsim_runtime,on-demand,2.463,0.16222939093907673,0.399570989882946
66,c7a-12xlarge,/home/vanessa/Desktop/Code/mummi-experiments/experiments/aws-march-2025/cpu-node-selector/monitor/cpu-autoscale/data/structure_079741519/createsim-c7a-12xlarge/createsims-times.json,createsims_create_cg_patch,0.0006301403045654297,createsims_create_cg_patch,on-demand,2.463,1.7503897349039713e-07,4.3112099170684815e-07
67,c7a-12xlarge,/home/vanessa/Desktop/Code/mummi-experiments/experiments/aws-march-2025/cpu-node-selector/monitor/cpu-autoscale/data/structure_079741519/createsim-c7a-12xlarge/createsims-times.json,createsims_setup_cg_sim,583.2409167289734,createsims_setup_cg_sim,on-demand,2.463,0.16201136575804814,0.3990339938620726
68,c7a-12xlarge,/home/vanessa/Desktop/Code/mummi-experiments/experiments/aws-march-2025/cpu-node-selector/monitor/cpu-autoscale/data/structure_079741519/createsim-c7a-12xlarge/createsims-times.json,createsims_gromacs_energy_minimization_0,0.5757572650909424,createsims_gromacs_energy_minimization,on-demand,2.463,0.00015993257363637289,0.00039391392886638644
69,c7a-12xlarge,/home/vanessa/Desktop/Code/mummi-experiments/experiments/aws-march-2025/cpu-node-selector/monitor/cpu-autoscale/data/structure_079741519/createsim-c7a-12xlarge/createsims-times.json,createsims_mdrun_lipids_water_0,1.6730232238769531,createsims_mdrun_lipids_water,on-demand,2.463,0.00046472867329915365,0.0011446267223358154
70,c7a-12xlarge,/home/vanessa/Desktop/Code/mummi-experiments/experiments/aws-march-2025/cpu-node-selector/monitor/cpu-autoscale/data/structure_079741519/createsim-c7a-12xlarge/createsims-times.json,createsims_trjconv_lipids_water_0,0.13477182388305664,createsims_trjconv_lipids_water,on-demand,2.463,3.743661774529351e-05,9.220638950665792e-05
71,c7a-12xlarge,/home/vanessa/Desktop/Code/mummi-experiments/experiments/aws-march-2025/cpu-node-selector/monitor/cpu-autoscale/data/structure_079741519/createsim-c7a-12xlarge/createsims-times.json,createsims_gromacs_make_ndx_0,0.31798672676086426,createsims_gromacs_make_ndx,on-demand,2.463,8.832964632246231e-05,0.00021755591889222468
72,c7a-12xlarge,/home/vanessa/Desktop/Code/mummi-experiments/experiments/aws-march-2025/cpu-node-selector/monitor/cpu-autoscale/data/structure_079741519/createsim-c7a-12xlarge/createsims-times.json,createsims_generate_velocities_0,39.56031322479248,createsims_generate_velocities,on-demand,2.463,0.01098897589577569,0.027065847631295523
73,c7a-12xlarge,/home/vanessa/Desktop/Code/mummi-experiments/experiments/aws-march-2025/cpu-node-selector/monitor/cpu-autoscale/data/structure_079741519/createsim-c7a-12xlarge/createsims-times.json,createsims_short_equilibration_0,79.96355938911438,createsims_short_equilibration,on-demand,2.463,0.02221209983030955,0.05470840188205242
74,c7a-12xlarge,/home/vanessa/Desktop/Code/mummi-experiments/experiments/aws-march-2025/cpu-node-selector/monitor/cpu-autoscale/data/structure_079741519/createsim-c7a-12xlarge/createsims-times.json,createsims_pull_molecules_0,337.10565543174744,createsims_pull_molecules,on-demand,2.463,0.09364045984215207,0.23063645259122054
75,c7a-12xlarge,/home/vanessa/Desktop/Code/mummi-experiments/experiments/aws-march-2025/cpu-node-selector/monitor/cpu-autoscale/data/structure_079741519/createsim-c7a-12xlarge/createsims-times.json,createsims_relax_protein,29.0290424823761,createsims_relax_protein,on-demand,2.463,0.008063622911771139,0.019860703231692315
76,c7a-12xlarge,/home/vanessa/Desktop/Code/mummi-experiments/experiments/aws-march-2025/cpu-node-selector/monitor/cpu-autoscale/data/structure_079741519/createsim-c7a-12xlarge/createsims-times.json,createsims_short_equilibration_20fs,92.87320971488953,createsims_short_equilibration,on-demand,2.463,0.025798113809691537,0.06354075431327026
77,c7a-12xlarge,/home/vanessa/Desktop/Code/mummi-experiments/experiments/aws-march-2025/cpu-node-selector/monitor/cpu-autoscale/data/structure_079741519/createsim-c7a-12xlarge/createsims-times.json,createsims_prime_cg_sim,0.7746877670288086,createsims_prime_cg_sim,on-demand,2.463,0.00021519104639689126,0.0005300155472755432
78,c7a-12xlarge,/home/vanessa/Desktop/Code/mummi-experiments/experiments/aws-march-2025/cpu-node-selector/monitor/cpu-autoscale/data/structure_030900546/createsim-c7a-12xlarge/createsims-times.json,createsim_runtime,556.4058754444122,createsim_runtime,on-demand,2.463,0.15455718762344786,0.3806743531165521
79,c7a-12xlarge,/home/vanessa/Desktop/Code/mummi-experiments/experiments/aws-march-2025/cpu-node-selector/monitor/cpu-autoscale/data/structure_030900546/createsim-c7a-12xlarge/createsims-times.json,createsims_create_cg_patch,0.0006272792816162109,createsims_create_cg_patch,on-demand,2.463,1.7424424489339193e-07,4.291635751724243e-07
80,c7a-12xlarge,/home/vanessa/Desktop/Code/mummi-experiments/experiments/aws-march-2025/cpu-node-selector/monitor/cpu-autoscale/data/structure_030900546/createsim-c7a-12xlarge/createsims-times.json,createsims_setup_cg_sim,555.631329536438,createsims_setup_cg_sim,on-demand,2.463,0.1543420359823439,0.38014443462451303
81,c7a-12xlarge,/home/vanessa/Desktop/Code/mummi-experiments/experiments/aws-march-2025/cpu-node-selector/monitor/cpu-autoscale/data/structure_030900546/createsim-c7a-12xlarge/createsims-times.json,createsims_gromacs_energy_minimization_0,0.5949337482452393,createsims_gromacs_energy_minimization,on-demand,2.463,0.00016525937451256645,0.0004070338394244512
82,c7a-12xlarge,/home/vanessa/Desktop/Code/mummi-experiments/experiments/aws-march-2025/cpu-node-selector/monitor/cpu-autoscale/data/structure_030900546/createsim-c7a-12xlarge/createsims-times.json,createsims_mdrun_lipids_water_0,1.589590072631836,createsims_mdrun_lipids_water,on-demand,2.463,0.00044155279795328776,0.0010875445413589479
83,c7a-12xlarge,/home/vanessa/Desktop/Code/mummi-experiments/experiments/aws-march-2025/cpu-node-selector/monitor/cpu-autoscale/data/structure_030900546/createsim-c7a-12xlarge/createsims-times.json,createsims_trjconv_lipids_water_0,0.14465832710266113,createsims_trjconv_lipids_water,on-demand,2.463,4.018286863962809e-05,9.897040545940399e-05
84,c7a-12xlarge,/home/vanessa/Desktop/Code/mummi-experiments/experiments/aws-march-2025/cpu-node-selector/monitor/cpu-autoscale/data/structure_030900546/createsim-c7a-12xlarge/createsims-times.json,createsims_gromacs_make_ndx_0,0.31841588020324707,createsims_gromacs_make_ndx,on-demand,2.463,8.844885561201309e-05,0.00021784953137238825
85,c7a-12xlarge,/home/vanessa/Desktop/Code/mummi-experiments/experiments/aws-march-2025/cpu-node-selector/monitor/cpu-autoscale/data/structure_030900546/createsim-c7a-12xlarge/createsims-times.json,createsims_generate_velocities_0,39.09808969497681,createsims_generate_velocities,on-demand,2.463,0.010860580470826891,0.026749609699646633
86,c7a-12xlarge,/home/vanessa/Desktop/Code/mummi-experiments/experiments/aws-march-2025/cpu-node-selector/monitor/cpu-autoscale/data/structure_030900546/createsim-c7a-12xlarge/createsims-times.json,createsims_short_equilibration_0,79.27353572845459,createsims_short_equilibration,on-demand,2.463,0.022020426591237385,0.05423631069421768
87,c7a-12xlarge,/home/vanessa/Desktop/Code/mummi-experiments/experiments/aws-march-2025/cpu-node-selector/monitor/cpu-autoscale/data/structure_030900546/createsim-c7a-12xlarge/createsims-times.json,createsims_pull_molecules_0,326.233003616333,createsims_pull_molecules,on-demand,2.463,0.09062027878231473,0.2231977466408412
88,c7a-12xlarge,/home/vanessa/Desktop/Code/mummi-experiments/experiments/aws-march-2025/cpu-node-selector/monitor/cpu-autoscale/data/structure_030900546/createsim-c7a-12xlarge/createsims-times.json,createsims_relax_protein,25.232415676116943,createsims_relax_protein,on-demand,2.463,0.007009004354476929,0.017263177725076677
89,c7a-12xlarge,/home/vanessa/Desktop/Code/mummi-experiments/experiments/aws-march-2025/cpu-node-selector/monitor/cpu-autoscale/data/structure_030900546/createsim-c7a-12xlarge/createsims-times.json,createsims_short_equilibration_20fs,81.13918328285217,createsims_short_equilibration,on-demand,2.463,0.02253866202301449,0.05551272456268469
90,c7a-12xlarge,/home/vanessa/Desktop/Code/mummi-experiments/experiments/aws-march-2025/cpu-node-selector/monitor/cpu-autoscale/data/structure_030900546/createsim-c7a-12xlarge/createsims-times.json,createsims_prime_cg_sim,0.7643606662750244,createsims_prime_cg_sim,on-demand,2.463,0.0002123224072986179,0.0005229500891764959
91,c7a-12xlarge,/home/vanessa/Desktop/Code/mummi-experiments/experiments/aws-march-2025/cpu-node-selector/monitor/cpu-autoscale/data/structure_030603303/createsim-c7a-12xlarge/createsims-times.json,createsim_runtime,578.8899228572845,createsim_runtime,on-demand,2.463,0.1608027563492457,0.3960571888881922
92,c7a-12xlarge,/home/vanessa/Desktop/Code/mummi-experiments/experiments/aws-march-2025/cpu-node-selector/monitor/cpu-autoscale/data/structure_030603303/createsim-c7a-12xlarge/createsims-times.json,createsims_create_cg_patch,0.0006382465362548828,createsims_create_cg_patch,on-demand,2.463,1.7729070451524523e-07,4.36667005221049e-07
93,c7a-12xlarge,/home/vanessa/Desktop/Code/mummi-experiments/experiments/aws-march-2025/cpu-node-selector/monitor/cpu-autoscale/data/structure_030603303/createsim-c7a-12xlarge/createsims-times.json,createsims_setup_cg_sim,578.1178987026215,createsims_setup_cg_sim,on-demand,2.463,0.16058830519517261,0.39552899569571015
94,c7a-12xlarge,/home/vanessa/Desktop/Code/mummi-experiments/experiments/aws-march-2025/cpu-node-selector/monitor/cpu-autoscale/data/structure_030603303/createsim-c7a-12xlarge/createsims-times.json,createsims_gromacs_energy_minimization_0,0.5946719646453857,createsims_gromacs_energy_minimization,on-demand,2.463,0.00016518665684594049,0.00040685473581155145
95,c7a-12xlarge,/home/vanessa/Desktop/Code/mummi-experiments/experiments/aws-march-2025/cpu-node-selector/monitor/cpu-autoscale/data/structure_030603303/createsim-c7a-12xlarge/createsims-times.json,createsims_mdrun_lipids_water_0,0.10215163230895996,createsims_mdrun_lipids_water,on-demand,2.463,2.8375453419155546e-05,6.988874177138011e-05
96,c7a-12xlarge,/home/vanessa/Desktop/Code/mummi-experiments/experiments/aws-march-2025/cpu-node-selector/monitor/cpu-autoscale/data/structure_030603303/createsim-c7a-12xlarge/createsims-times.json,createsims_trjconv_lipids_water_0,0.12014293670654297,createsims_trjconv_lipids_water,on-demand,2.463,3.337303797403971e-05,8.219779253005981e-05
97,c7a-12xlarge,/home/vanessa/Desktop/Code/mummi-experiments/experiments/aws-march-2025/cpu-node-selector/monitor/cpu-autoscale/data/structure_030603303/createsim-c7a-12xlarge/createsims-times.json,createsims_gromacs_energy_minimization_1,0.5728394985198975,createsims_gromacs_energy_minimization,on-demand,2.463,0.00015912208292219373,0.0003919176902373632
98,c7a-12xlarge,/home/vanessa/Desktop/Code/mummi-experiments/experiments/aws-march-2025/cpu-node-selector/monitor/cpu-autoscale/data/structure_030603303/createsim-c7a-12xlarge/createsims-times.json,createsims_mdrun_lipids_water_1,1.5772714614868164,createsims_mdrun_lipids_water,on-demand,2.463,0.00043813096152411565,0.0010791165582338968
99,c7a-12xlarge,/home/vanessa/Desktop/Code/mummi-experiments/experiments/aws-march-2025/cpu-node-selector/monitor/cpu-autoscale/data/structure_030603303/createsim-c7a-12xlarge/createsims-times.json,createsims_trjconv_lipids_water_1,0.1417233943939209,createsims_trjconv_lipids_water,on-demand,2.463,3.936760955386691e-05,9.696242233117421e-05
100,c7a-12xlarge,/home/vanessa/Desktop/Code/mummi-experiments/experiments/aws-march-2025/cpu-node-selector/monitor/cpu-autoscale/data/structure_030603303/createsim-c7a-12xlarge/createsims-times.json,createsims_gromacs_energy_minimization_2,0.570589542388916,createsims_gromacs_energy_minimization,on-demand,2.463,0.00015849709510803222,0.00039037834525108335
101,c7a-12xlarge,/home/vanessa/Desktop/Code/mummi-experiments/experiments/aws-march-2025/cpu-node-selector/monitor/cpu-autoscale/data/structure_030603303/createsim-c7a-12xlarge/createsims-times.json,createsims_mdrun_lipids_water_2,1.724431037902832,createsims_mdrun_lipids_water,on-demand,2.463,0.00047900862163967556,0.0011797982350985209
102,c7a-12xlarge,/home/vanessa/Desktop/Code/mummi-experiments/experiments/aws-march-2025/cpu-node-selector/monitor/cpu-autoscale/data/structure_030603303/createsim-c7a-12xlarge/createsims-times.json,createsims_trjconv_lipids_water_2,0.14267611503601074,createsims_trjconv_lipids_water,on-demand,2.463,3.963225417666965e-05,9.761424203713735e-05
103,c7a-12xlarge,/home/vanessa/Desktop/Code/mummi-experiments/experiments/aws-march-2025/cpu-node-selector/monitor/cpu-autoscale/data/structure_030603303/createsim-c7a-12xlarge/createsims-times.json,createsims_gromacs_energy_minimization_3,0.567896842956543,createsims_gromacs_energy_minimization,on-demand,2.463,0.00015774912304348417,0.0003885360900561015
104,c7a-12xlarge,/home/vanessa/Desktop/Code/mummi-experiments/experiments/aws-march-2025/cpu-node-selector/monitor/cpu-autoscale/data/structure_030603303/createsim-c7a-12xlarge/createsims-times.json,createsims_mdrun_lipids_water_3,1.7715492248535156,createsims_mdrun_lipids_water,on-demand,2.463,0.0004920970069037543,0.001212034928003947
105,c7a-12xlarge,/home/vanessa/Desktop/Code/mummi-experiments/experiments/aws-march-2025/cpu-node-selector/monitor/cpu-autoscale/data/structure_030603303/createsim-c7a-12xlarge/createsims-times.json,createsims_trjconv_lipids_water_3,0.13660621643066406,createsims_trjconv_lipids_water,on-demand,2.463,3.794617123074002e-05,9.346141974131268e-05
106,c7a-12xlarge,/home/vanessa/Desktop/Code/mummi-experiments/experiments/aws-march-2025/cpu-node-selector/monitor/cpu-autoscale/data/structure_030603303/createsim-c7a-12xlarge/createsims-times.json,createsims_gromacs_energy_minimization_4,0.5703237056732178,createsims_gromacs_energy_minimization,on-demand,2.463,0.00015842325157589384,0.0003901964686314265
107,c7a-12xlarge,/home/vanessa/Desktop/Code/mummi-experiments/experiments/aws-march-2025/cpu-node-selector/monitor/cpu-autoscale/data/structure_030603303/createsim-c7a-12xlarge/createsims-times.json,createsims_mdrun_lipids_water_4,1.676400899887085,createsims_mdrun_lipids_water,on-demand,2.463,0.0004656669166353014,0.0011469376156727474
108,c7a-12xlarge,/home/vanessa/Desktop/Code/mummi-experiments/experiments/aws-march-2025/cpu-node-selector/monitor/cpu-autoscale/data/structure_030603303/createsim-c7a-12xlarge/createsims-times.json,createsims_trjconv_lipids_water_4,0.13931560516357422,createsims_trjconv_lipids_water,on-demand,2.463,3.869877921210395e-05,9.531509319941202e-05
109,c7a-12xlarge,/home/vanessa/Desktop/Code/mummi-experiments/experiments/aws-march-2025/cpu-node-selector/monitor/cpu-autoscale/data/structure_030603303/createsim-c7a-12xlarge/createsims-times.json,createsims_gromacs_energy_minimization_5,0.5709891319274902,createsims_gromacs_energy_minimization,on-demand,2.463,0.00015860809220208063,0.0003906517310937246
110,c7a-12xlarge,/home/vanessa/Desktop/Code/mummi-experiments/experiments/aws-march-2025/cpu-node-selector/monitor/cpu-autoscale/data/structure_030603303/createsim-c7a-12xlarge/createsims-times.json,createsims_mdrun_lipids_water_5,1.746431589126587,createsims_mdrun_lipids_water,on-demand,2.463,0.0004851198858684964,0.0011948502788941067
111,c7a-12xlarge,/home/vanessa/Desktop/Code/mummi-experiments/experiments/aws-march-2025/cpu-node-selector/monitor/cpu-autoscale/data/structure_030603303/createsim-c7a-12xlarge/createsims-times.json,createsims_trjconv_lipids_water_5,0.1397688388824463,createsims_trjconv_lipids_water,on-demand,2.463,3.882467746734619e-05,9.562518060207367e-05
112,c7a-12xlarge,/home/vanessa/Desktop/Code/mummi-experiments/experiments/aws-march-2025/cpu-node-selector/monitor/cpu-autoscale/data/structure_030603303/createsim-c7a-12xlarge/createsims-times.json,createsims_gromacs_energy_minimization_6,0.5707838535308838,createsims_gromacs_energy_minimization,on-demand,2.463,0.0001585510704252455,0.00039051128645737964
113,c7a-12xlarge,/home/vanessa/Desktop/Code/mummi-experiments/experiments/aws-march-2025/cpu-node-selector/monitor/cpu-autoscale/data/structure_030603303/createsim-c7a-12xlarge/createsims-times.json,createsims_mdrun_lipids_water_6,1.6813879013061523,createsims_mdrun_lipids_water,on-demand,2.463,0.0004670521948072646,0.0011503495558102927
114,c7a-12xlarge,/home/vanessa/Desktop/Code/mummi-experiments/experiments/aws-march-2025/cpu-node-selector/monitor/cpu-autoscale/data/structure_030603303/createsim-c7a-12xlarge/createsims-times.json,createsims_trjconv_lipids_water_6,0.14467930793762207,createsims_trjconv_lipids_water,on-demand,2.463,4.018869664933947e-05,9.898475984732311e-05
115,c7a-12xlarge,/home/vanessa/Desktop/Code/mummi-experiments/experiments/aws-march-2025/cpu-node-selector/monitor/cpu-autoscale/data/structure_030603303/createsim-c7a-12xlarge/createsims-times.json,createsims_gromacs_energy_minimization_7,0.5712695121765137,createsims_gromacs_energy_minimization,on-demand,2.463,0.00015868597560458712,0.0003908435579140981
116,c7a-12xlarge,/home/vanessa/Desktop/Code/mummi-experiments/experiments/aws-march-2025/cpu-node-selector/monitor/cpu-autoscale/data/structure_030603303/createsim-c7a-12xlarge/createsims-times.json,createsims_mdrun_lipids_water_7,1.599071979522705,createsims_mdrun_lipids_water,on-demand,2.463,0.0004441866609785292,0.0010940317459901174
117,c7a-12xlarge,/home/vanessa/Desktop/Code/mummi-experiments/experiments/aws-march-2025/cpu-node-selector/monitor/cpu-autoscale/data/structure_030603303/createsim-c7a-12xlarge/createsims-times.json,createsims_trjconv_lipids_water_7,0.14204740524291992,createsims_trjconv_lipids_water,on-demand,2.463,3.945761256747776e-05,9.718409975369772e-05
118,c7a-12xlarge,/home/vanessa/Desktop/Code/mummi-experiments/experiments/aws-march-2025/cpu-node-selector/monitor/cpu-autoscale/data/structure_030603303/createsim-c7a-12xlarge/createsims-times.json,createsims_gromacs_energy_minimization_8,0.5771403312683105,createsims_gromacs_energy_minimization,on-demand,2.463,0.00016031675868564182,0.00039486017664273584
119,c7a-12xlarge,/home/vanessa/Desktop/Code/mummi-experiments/experiments/aws-march-2025/cpu-node-selector/monitor/cpu-autoscale/data/structure_030603303/createsim-c7a-12xlarge/createsims-times.json,createsims_mdrun_lipids_water_8,1.648601770401001,createsims_mdrun_lipids_water,on-demand,2.463,0.0004579449362225003,0.0011279183779160182
120,c7a-12xlarge,/home/vanessa/Desktop/Code/mummi-experiments/experiments/aws-march-2025/cpu-node-selector/monitor/cpu-autoscale/data/structure_030603303/createsim-c7a-12xlarge/createsims-times.json,createsims_trjconv_lipids_water_8,0.14142322540283203,createsims_trjconv_lipids_water,on-demand,2.463,3.9284229278564456e-05,9.675705671310426e-05
121,c7a-12xlarge,/home/vanessa/Desktop/Code/mummi-experiments/experiments/aws-march-2025/cpu-node-selector/monitor/cpu-autoscale/data/structure_030603303/createsim-c7a-12xlarge/createsims-times.json,createsims_gromacs_energy_minimization_9,0.5696117877960205,createsims_gromacs_energy_minimization,on-demand,2.463,0.0001582254966100057,0.00038970939815044406
122,c7a-12xlarge,/home/vanessa/Desktop/Code/mummi-experiments/experiments/aws-march-2025/cpu-node-selector/monitor/cpu-autoscale/data/structure_030603303/createsim-c7a-12xlarge/createsims-times.json,createsims_mdrun_lipids_water_9,1.6276423931121826,createsims_mdrun_lipids_water,on-demand,2.463,0.00045212288697560625,0.0011135786706209182
123,c7a-12xlarge,/home/vanessa/Desktop/Code/mummi-experiments/experiments/aws-march-2025/cpu-node-selector/monitor/cpu-autoscale/data/structure_030603303/createsim-c7a-12xlarge/createsims-times.json,createsims_trjconv_lipids_water_9,0.14129137992858887,createsims_trjconv_lipids_water,on-demand,2.463,3.9247605535719134e-05,9.666685243447624e-05
124,c7a-12xlarge,/home/vanessa/Desktop/Code/mummi-experiments/experiments/aws-march-2025/cpu-node-selector/monitor/cpu-autoscale/data/structure_030603303/createsim-c7a-12xlarge/createsims-times.json,createsims_gromacs_make_ndx_9,0.3199329376220703,createsims_gromacs_make_ndx,on-demand,2.463,8.88702604505751e-05,0.00021888745148976646
125,c7a-12xlarge,/home/vanessa/Desktop/Code/mummi-experiments/experiments/aws-march-2025/cpu-node-selector/monitor/cpu-autoscale/data/structure_030603303/createsim-c7a-12xlarge/createsims-times.json,createsims_generate_velocities_0,39.00947856903076,createsims_generate_velocities,on-demand,2.463,0.010835966269175212,0.02668898492097855
126,c7a-12xlarge,/home/vanessa/Desktop/Code/mummi-experiments/experiments/aws-march-2025/cpu-node-selector/monitor/cpu-autoscale/data/structure_030603303/createsim-c7a-12xlarge/createsims-times.json,createsims_short_equilibration_0,79.01087832450867,createsims_short_equilibration,on-demand,2.463,0.02194746620125241,0.05405660925368468
127,c7a-12xlarge,/home/vanessa/Desktop/Code/mummi-experiments/experiments/aws-march-2025/cpu-node-selector/monitor/cpu-autoscale/data/structure_030603303/createsim-c7a-12xlarge/createsims-times.json,createsims_pull_molecules_0,323.75230956077576,createsims_pull_molecules,on-demand,2.463,0.0899311971002155,0.22150053845783077
128,c7a-12xlarge,/home/vanessa/Desktop/Code/mummi-experiments/experiments/aws-march-2025/cpu-node-selector/monitor/cpu-autoscale/data/structure_030603303/createsim-c7a-12xlarge/createsims-times.json,createsims_relax_protein,25.62465524673462,createsims_relax_protein,on-demand,2.463,0.007117959790759617,0.017531534964640938
129,c7a-12xlarge,/home/vanessa/Desktop/Code/mummi-experiments/experiments/aws-march-2025/cpu-node-selector/monitor/cpu-autoscale/data/structure_030603303/createsim-c7a-12xlarge/createsims-times.json,createsims_short_equilibration_20fs,84.07684206962585,createsims_short_equilibration,on-demand,2.463,0.02335467835267385,0.05752257278263569
130,c7a-12xlarge,/home/vanessa/Desktop/Code/mummi-experiments/experiments/aws-march-2025/cpu-node-selector/monitor/cpu-autoscale/data/structure_030603303/createsim-c7a-12xlarge/createsims-times.json,createsims_prime_cg_sim,0.7618513107299805,createsims_prime_cg_sim,on-demand,2.463,0.00021162536409166126,0.0005212332717577617
131,c7a-12xlarge,/home/vanessa/Desktop/Code/mummi-experiments/experiments/aws-march-2025/cpu-node-selector/monitor/cpu-autoscale-0/data/structure_057708346/createsim-c7a-12xlarge/createsims-times.json,createsim_runtime,554.2742280960083,createsim_runtime,on-demand,2.463,0.15396506336000232,0.37921595105568573
132,c7a-12xlarge,/home/vanessa/Desktop/Code/mummi-experiments/experiments/aws-march-2025/cpu-node-selector/monitor/cpu-autoscale-0/data/structure_057708346/createsim-c7a-12xlarge/createsims-times.json,createsims_create_cg_patch,0.0006318092346191406,createsims_create_cg_patch,on-demand,2.463,1.755025651719835e-07,4.322628180185954e-07
133,c7a-12xlarge,/home/vanessa/Desktop/Code/mummi-experiments/experiments/aws-march-2025/cpu-node-selector/monitor/cpu-autoscale-0/data/structure_057708346/createsim-c7a-12xlarge/createsims-times.json,createsims_setup_cg_sim,553.4882264137268,createsims_setup_cg_sim,on-demand,2.463,0.15374672955936855,0.37867819490472476
134,c7a-12xlarge,/home/vanessa/Desktop/Code/mummi-experiments/experiments/aws-march-2025/cpu-node-selector/monitor/cpu-autoscale-0/data/structure_057708346/createsim-c7a-12xlarge/createsims-times.json,createsims_gromacs_energy_minimization_0,0.6008036136627197,createsims_gromacs_energy_minimization,on-demand,2.463,0.00016688989268408882,0.0004110498056809108
135,c7a-12xlarge,/home/vanessa/Desktop/Code/mummi-experiments/experiments/aws-march-2025/cpu-node-selector/monitor/cpu-autoscale-0/data/structure_057708346/createsim-c7a-12xlarge/createsims-times.json,createsims_mdrun_lipids_water_0,1.5855693817138672,createsims_mdrun_lipids_water,on-demand,2.463,0.0004404359393649631,0.001084793718655904
136,c7a-12xlarge,/home/vanessa/Desktop/Code/mummi-experiments/experiments/aws-march-2025/cpu-node-selector/monitor/cpu-autoscale-0/data/structure_057708346/createsim-c7a-12xlarge/createsims-times.json,createsims_trjconv_lipids_water_0,0.1438884735107422,createsims_trjconv_lipids_water,on-demand,2.463,3.9969020419650606e-05,9.844369729359944e-05
137,c7a-12xlarge,/home/vanessa/Desktop/Code/mummi-experiments/experiments/aws-march-2025/cpu-node-selector/monitor/cpu-autoscale-0/data/structure_057708346/createsim-c7a-12xlarge/createsims-times.json,createsims_gromacs_make_ndx_0,0.31978511810302734,createsims_gromacs_make_ndx,on-demand,2.463,8.882919947306315e-05,0.00021878631830215455
138,c7a-12xlarge,/home/vanessa/Desktop/Code/mummi-experiments/experiments/aws-march-2025/cpu-node-selector/monitor/cpu-autoscale-0/data/structure_057708346/createsim-c7a-12xlarge/createsims-times.json,createsims_generate_velocities_0,39.078991174697876,createsims_generate_velocities,on-demand,2.463,0.010855275326304965,0.02673654312868913
139,c7a-12xlarge,/home/vanessa/Desktop/Code/mummi-experiments/experiments/aws-march-2025/cpu-node-selector/monitor/cpu-autoscale-0/data/structure_057708346/createsim-c7a-12xlarge/createsims-times.json,createsims_short_equilibration_0,80.13136506080627,createsims_short_equilibration,on-demand,2.463,0.022258712516890634,0.054823208929101634
140,c7a-12xlarge,/home/vanessa/Desktop/Code/mummi-experiments/experiments/aws-march-2025/cpu-node-selector/monitor/cpu-autoscale-0/data/structure_057708346/createsim-c7a-12xlarge/createsims-times.json,createsims_pull_molecules_0,325.17909502983093,createsims_pull_molecules,on-demand,2.463,0.09032752639717526,0.22247669751624266
141,c7a-12xlarge,/home/vanessa/Desktop/Code/mummi-experiments/experiments/aws-march-2025/cpu-node-selector/monitor/cpu-autoscale-0/data/structure_057708346/createsim-c7a-12xlarge/createsims-times.json,createsims_relax_protein,25.168633937835693,createsims_relax_protein,on-demand,2.463,0.00699128720495436,0.01721954038580259
142,c7a-12xlarge,/home/vanessa/Desktop/Code/mummi-experiments/experiments/aws-march-2025/cpu-node-selector/monitor/cpu-autoscale-0/data/structure_057708346/createsim-c7a-12xlarge/createsims-times.json,createsims_short_equilibration_20fs,79.27088785171509,createsims_short_equilibration,on-demand,2.463,0.022019691069920858,0.05423449910521508
143,c7a-12xlarge,/home/vanessa/Desktop/Code/mummi-experiments/experiments/aws-march-2025/cpu-node-selector/monitor/cpu-autoscale-0/data/structure_057708346/createsim-c7a-12xlarge/createsims-times.json,createsims_prime_cg_sim,0.775773286819458,createsims_prime_cg_sim,on-demand,2.463,0.00021549257967207164,0.0005307582237323125
144,c7a-12xlarge,/home/vanessa/Desktop/Code/mummi-experiments/experiments/aws-march-2025/cpu-node-selector/monitor/cpu-autoscale-0/data/structure_041370988/createsim-c7a-12xlarge/createsims-times.json,createsim_runtime,553.0885779857635,createsim_runtime,on-demand,2.463,0.15363571610715654,0.3784047687719266
145,c7a-12xlarge,/home/vanessa/Desktop/Code/mummi-experiments/experiments/aws-march-2025/cpu-node-selector/monitor/cpu-autoscale-0/data/structure_041370988/createsim-c7a-12xlarge/createsims-times.json,createsims_create_cg_patch,0.0006351470947265625,createsims_create_cg_patch,on-demand,2.463,1.7642974853515625e-07,4.345464706420899e-07
146,c7a-12xlarge,/home/vanessa/Desktop/Code/mummi-experiments/experiments/aws-march-2025/cpu-node-selector/monitor/cpu-autoscale-0/data/structure_041370988/createsim-c7a-12xlarge/createsims-times.json,createsims_setup_cg_sim,552.3113231658936,createsims_setup_cg_sim,on-demand,2.463,0.15341981199052598,0.3778729969326655
147,c7a-12xlarge,/home/vanessa/Desktop/Code/mummi-experiments/experiments/aws-march-2025/cpu-node-selector/monitor/cpu-autoscale-0/data/structure_041370988/createsim-c7a-12xlarge/createsims-times.json,createsims_gromacs_energy_minimization_0,0.5864627361297607,createsims_gromacs_energy_minimization,on-demand,2.463,0.0001629063155916002,0.0004012382553021113
148,c7a-12xlarge,/home/vanessa/Desktop/Code/mummi-experiments/experiments/aws-march-2025/cpu-node-selector/monitor/cpu-autoscale-0/data/structure_041370988/createsim-c7a-12xlarge/createsims-times.json,createsims_mdrun_lipids_water_0,1.5616786479949951,createsims_mdrun_lipids_water,on-demand,2.463,0.0004337996244430542,0.0010684484750032425
149,c7a-12xlarge,/home/vanessa/Desktop/Code/mummi-experiments/experiments/aws-march-2025/cpu-node-selector/monitor/cpu-autoscale-0/data/structure_041370988/createsim-c7a-12xlarge/createsims-times.json,createsims_trjconv_lipids_water_0,0.1454625129699707,createsims_trjconv_lipids_water,on-demand,2.463,4.040625360276964e-05,9.952060262362163e-05
150,c7a-12xlarge,/home/vanessa/Desktop/Code/mummi-experiments/experiments/aws-march-2025/cpu-node-selector/monitor/cpu-autoscale-0/data/structure_041370988/createsim-c7a-12xlarge/createsims-times.json,createsims_gromacs_make_ndx_0,0.3202519416809082,createsims_gromacs_make_ndx,on-demand,2.463,8.895887268914116e-05,0.0002191057034333547
151,c7a-12xlarge,/home/vanessa/Desktop/Code/mummi-experiments/experiments/aws-march-2025/cpu-node-selector/monitor/cpu-autoscale-0/data/structure_041370988/createsim-c7a-12xlarge/createsims-times.json,createsims_generate_velocities_0,39.07114219665527,createsims_generate_velocities,on-demand,2.463,0.010853095054626465,0.026731173119544985
152,c7a-12xlarge,/home/vanessa/Desktop/Code/mummi-experiments/experiments/aws-march-2025/cpu-node-selector/monitor/cpu-autoscale-0/data/structure_041370988/createsim-c7a-12xlarge/createsims-times.json,createsims_short_equilibration_0,80.71838641166687,createsims_short_equilibration,on-demand,2.463,0.0224217740032408,0.05522482936998209
153,c7a-12xlarge,/home/vanessa/Desktop/Code/mummi-experiments/experiments/aws-march-2025/cpu-node-selector/monitor/cpu-autoscale-0/data/structure_041370988/createsim-c7a-12xlarge/createsims-times.json,createsims_pull_molecules_0,322.59160447120667,createsims_pull_molecules,on-demand,2.463,0.08960877901977964,0.22070642272571725
154,c7a-12xlarge,/home/vanessa/Desktop/Code/mummi-experiments/experiments/aws-march-2025/cpu-node-selector/monitor/cpu-autoscale-0/data/structure_041370988/createsim-c7a-12xlarge/createsims-times.json,createsims_relax_protein,25.560256958007812,createsims_relax_protein,on-demand,2.463,0.007100071377224392,0.017487475802103677
155,c7a-12xlarge,/home/vanessa/Desktop/Code/mummi-experiments/experiments/aws-march-2025/cpu-node-selector/monitor/cpu-autoscale-0/data/structure_041370988/createsim-c7a-12xlarge/createsims-times.json,createsims_short_equilibration_20fs,79.75041675567627,createsims_short_equilibration,on-demand,2.463,0.02215289354324341,0.054562576797008516
156,c7a-12xlarge,/home/vanessa/Desktop/Code/mummi-experiments/experiments/aws-march-2025/cpu-node-selector/monitor/cpu-autoscale-0/data/structure_041370988/createsim-c7a-12xlarge/createsims-times.json,createsims_prime_cg_sim,0.7671105861663818,createsims_prime_cg_sim,on-demand,2.463,0.00021308627393510604,0.0005248314927021662
157,c7a-12xlarge,/home/vanessa/Desktop/Code/mummi-experiments/experiments/aws-march-2025/cpu-node-selector/monitor/cpu-autoscale-0/data/structure_071525800/createsim-c7a-12xlarge/createsims-times.json,createsim_runtime,553.2521092891693,createsim_runtime,on-demand,2.463,0.15368114146921372,0.3785166514386734
158,c7a-12xlarge,/home/vanessa/Desktop/Code/mummi-experiments/experiments/aws-march-2025/cpu-node-selector/monitor/cpu-autoscale-0/data/structure_071525800/createsim-c7a-12xlarge/createsims-times.json,createsims_create_cg_patch,0.0006375312805175781,createsims_create_cg_patch,on-demand,2.463,1.7709202236599395e-07,4.361776510874431e-07
159,c7a-12xlarge,/home/vanessa/Desktop/Code/mummi-experiments/experiments/aws-march-2025/cpu-node-selector/monitor/cpu-autoscale-0/data/structure_071525800/createsim-c7a-12xlarge/createsims-times.json,createsims_setup_cg_sim,552.4773042201996,createsims_setup_cg_sim,on-demand,2.463,0.1534659178389443,0.37798655563731987
160,c7a-12xlarge,/home/vanessa/Desktop/Code/mummi-experiments/experiments/aws-march-2025/cpu-node-selector/monitor/cpu-autoscale-0/data/structure_071525800/createsim-c7a-12xlarge/createsims-times.json,createsims_gromacs_energy_minimization_0,0.5844440460205078,createsims_gromacs_energy_minimization,on-demand,2.463,0.00016234556833902994,0.00039985713481903077
161,c7a-12xlarge,/home/vanessa/Desktop/Code/mummi-experiments/experiments/aws-march-2025/cpu-node-selector/monitor/cpu-autoscale-0/data/structure_071525800/createsim-c7a-12xlarge/createsims-times.json,createsims_mdrun_lipids_water_0,1.6336054801940918,createsims_mdrun_lipids_water,on-demand,2.463,0.0004537793000539144,0.0011176584160327912
162,c7a-12xlarge,/home/vanessa/Desktop/Code/mummi-experiments/experiments/aws-march-2025/cpu-node-selector/monitor/cpu-autoscale-0/data/structure_071525800/createsim-c7a-12xlarge/createsims-times.json,createsims_trjconv_lipids_water_0,0.14290428161621094,createsims_trjconv_lipids_water,on-demand,2.463,3.969563378228082e-05,9.777034600575766e-05
163,c7a-12xlarge,/home/vanessa/Desktop/Code/mummi-experiments/experiments/aws-march-2025/cpu-node-selector/monitor/cpu-autoscale-0/data/structure_071525800/createsim-c7a-12xlarge/createsims-times.json,createsims_gromacs_make_ndx_0,0.3176901340484619,createsims_gromacs_make_ndx,on-demand,2.463,8.82472594579061e-05,0.00021735300004482272
164,c7a-12xlarge,/home/vanessa/Desktop/Code/mummi-experiments/experiments/aws-march-2025/cpu-node-selector/monitor/cpu-autoscale-0/data/structure_071525800/createsim-c7a-12xlarge/createsims-times.json,createsims_generate_velocities_0,39.24988579750061,createsims_generate_velocities,on-demand,2.463,0.01090274605486128,0.026853463533123335
165,c7a-12xlarge,/home/vanessa/Desktop/Code/mummi-experiments/experiments/aws-march-2025/cpu-node-selector/monitor/cpu-autoscale-0/data/structure_071525800/createsim-c7a-12xlarge/createsims-times.json,createsims_short_equilibration_0,79.49288177490234,createsims_short_equilibration,on-demand,2.463,0.022081356048583984,0.05438637994766236
166,c7a-12xlarge,/home/vanessa/Desktop/Code/mummi-experiments/experiments/aws-march-2025/cpu-node-selector/monitor/cpu-autoscale-0/data/structure_071525800/createsim-c7a-12xlarge/createsims-times.json,createsims_pull_molecules_0,324.16105556488037,createsims_pull_molecules,on-demand,2.463,0.0900447376569112,0.2217801888489723
167,c7a-12xlarge,/home/vanessa/Desktop/Code/mummi-experiments/experiments/aws-march-2025/cpu-node-selector/monitor/cpu-autoscale-0/data/structure_071525800/createsim-c7a-12xlarge/createsims-times.json,createsims_relax_protein,25.468480348587036,createsims_relax_protein,on-demand,2.463,0.00707457787460751,0.017424685305158297
168,c7a-12xlarge,/home/vanessa/Desktop/Code/mummi-experiments/experiments/aws-march-2025/cpu-node-selector/monitor/cpu-autoscale-0/data/structure_071525800/createsim-c7a-12xlarge/createsims-times.json,createsims_short_equilibration_20fs,79.41907715797424,createsims_short_equilibration,on-demand,2.463,0.02206085476610396,0.05433588528891405
169,c7a-12xlarge,/home/vanessa/Desktop/Code/mummi-experiments/experiments/aws-march-2025/cpu-node-selector/monitor/cpu-autoscale-0/data/structure_071525800/createsim-c7a-12xlarge/createsims-times.json,createsims_prime_cg_sim,0.7644033432006836,createsims_prime_cg_sim,on-demand,2.463,0.00021233426200018988,0.0005229792873064677
170,r7iz-8xlarge,/home/vanessa/Desktop/Code/mummi-experiments/experiments/aws-march-2025/cpu-node-selector/monitor/cpu-autoscale-0/data/structure_003252868/createsim-r7iz-8xlarge/createsims-times.json,createsim_runtime,1420.774510383606,createsim_runtime,on-demand,2.976,0.3946595862176683,1.1745069285837808
171,r7iz-8xlarge,/home/vanessa/Desktop/Code/mummi-experiments/experiments/aws-march-2025/cpu-node-selector/monitor/cpu-autoscale-0/data/structure_003252868/createsim-r7iz-8xlarge/createsims-times.json,createsims_create_cg_patch,0.0005812644958496094,createsims_create_cg_patch,on-demand,2.976,1.6146235995822481e-07,4.80511983235677e-07
172,r7iz-8xlarge,/home/vanessa/Desktop/Code/mummi-experiments/experiments/aws-march-2025/cpu-node-selector/monitor/cpu-autoscale-0/data/structure_003252868/createsim-r7iz-8xlarge/createsims-times.json,createsims_setup_cg_sim,1420.0840027332306,createsims_setup_cg_sim,on-demand,2.976,0.39446777853700854,1.1739361089261373
173,r7iz-8xlarge,/home/vanessa/Desktop/Code/mummi-experiments/experiments/aws-march-2025/cpu-node-selector/monitor/cpu-autoscale-0/data/structure_003252868/createsim-r7iz-8xlarge/createsims-times.json,createsims_gromacs_energy_minimization_0,0.5171830654144287,createsims_gromacs_energy_minimization,on-demand,2.976,0.00014366196261511908,0.0004275380007425944
174,r7iz-8xlarge,/home/vanessa/Desktop/Code/mummi-experiments/experiments/aws-march-2025/cpu-node-selector/monitor/cpu-autoscale-0/data/structure_003252868/createsim-r7iz-8xlarge/createsims-times.json,createsims_mdrun_lipids_water_0,3.445510149002075,createsims_mdrun_lipids_water,on-demand,2.976,0.0009570861525005764,0.0028482883898417154
175,r7iz-8xlarge,/home/vanessa/Desktop/Code/mummi-experiments/experiments/aws-march-2025/cpu-node-selector/monitor/cpu-autoscale-0/data/structure_003252868/createsim-r7iz-8xlarge/createsims-times.json,createsims_trjconv_lipids_water_0,0.12900638580322266,createsims_trjconv_lipids_water,on-demand,2.976,3.583510716756185e-05,0.00010664527893066407
176,r7iz-8xlarge,/home/vanessa/Desktop/Code/mummi-experiments/experiments/aws-march-2025/cpu-node-selector/monitor/cpu-autoscale-0/data/structure_003252868/createsim-r7iz-8xlarge/createsims-times.json,createsims_gromacs_make_ndx_0,0.2851893901824951,createsims_gromacs_make_ndx,on-demand,2.976,7.921927505069309e-05,0.00023575656255086263
177,r7iz-8xlarge,/home/vanessa/Desktop/Code/mummi-experiments/experiments/aws-march-2025/cpu-node-selector/monitor/cpu-autoscale-0/data/structure_003252868/createsim-r7iz-8xlarge/createsims-times.json,createsims_generate_velocities_0,97.91324973106384,createsims_generate_velocities,on-demand,2.976,0.02719812492529551,0.08094161977767944
178,r7iz-8xlarge,/home/vanessa/Desktop/Code/mummi-experiments/experiments/aws-march-2025/cpu-node-selector/monitor/cpu-autoscale-0/data/structure_003252868/createsim-r7iz-8xlarge/createsims-times.json,createsims_short_equilibration_0,206.90709376335144,createsims_short_equilibration,on-demand,2.976,0.057474192712042065,0.1710431975110372
179,r7iz-8xlarge,/home/vanessa/Desktop/Code/mummi-experiments/experiments/aws-march-2025/cpu-node-selector/monitor/cpu-autoscale-0/data/structure_003252868/createsim-r7iz-8xlarge/createsims-times.json,createsims_pull_molecules_0,838.9846837520599,createsims_pull_molecules,on-demand,2.976,0.23305130104223887,0.6935606719017029
180,r7iz-8xlarge,/home/vanessa/Desktop/Code/mummi-experiments/experiments/aws-march-2025/cpu-node-selector/monitor/cpu-autoscale-0/data/structure_003252868/createsim-r7iz-8xlarge/createsims-times.json,createsims_relax_protein,63.41190004348755,createsims_relax_protein,on-demand,2.976,0.01761441667874654,0.0524205040359497
181,r7iz-8xlarge,/home/vanessa/Desktop/Code/mummi-experiments/experiments/aws-march-2025/cpu-node-selector/monitor/cpu-autoscale-0/data/structure_003252868/createsim-r7iz-8xlarge/createsims-times.json,createsims_short_equilibration_20fs,206.669762134552,createsims_short_equilibration,on-demand,2.976,0.05740826725959778,0.170847003364563
182,r7iz-8xlarge,/home/vanessa/Desktop/Code/mummi-experiments/experiments/aws-march-2025/cpu-node-selector/monitor/cpu-autoscale-0/data/structure_003252868/createsim-r7iz-8xlarge/createsims-times.json,createsims_prime_cg_sim,0.6816415786743164,createsims_prime_cg_sim,on-demand,2.976,0.00018934488296508788,0.0005634903717041016
183,c6in-12xlarge,/home/vanessa/Desktop/Code/mummi-experiments/experiments/aws-march-2025/cpu-node-selector/monitor/cpu-autoscale-0/data/structure_003252868/createsim-c6in-12xlarge/createsims-times.json,createsim_runtime,1155.6433985233307,createsim_runtime,on-demand,2.722,0.3210120551453696,0.8737948141056961
184,c6in-12xlarge,/home/vanessa/Desktop/Code/mummi-experiments/experiments/aws-march-2025/cpu-node-selector/monitor/cpu-autoscale-0/data/structure_003252868/createsim-c6in-12xlarge/createsims-times.json,createsims_create_cg_patch,0.0007100105285644531,createsims_create_cg_patch,on-demand,2.722,1.972251468234592e-07,5.36846849653456e-07
185,c6in-12xlarge,/home/vanessa/Desktop/Code/mummi-experiments/experiments/aws-march-2025/cpu-node-selector/monitor/cpu-autoscale-0/data/structure_003252868/createsim-c6in-12xlarge/createsims-times.json,createsims_setup_cg_sim,1154.7490365505219,createsims_setup_cg_sim,on-demand,2.722,0.32076362126403385,0.8731185770807002
186,c6in-12xlarge,/home/vanessa/Desktop/Code/mummi-experiments/experiments/aws-march-2025/cpu-node-selector/monitor/cpu-autoscale-0/data/structure_003252868/createsim-c6in-12xlarge/createsims-times.json,createsims_gromacs_energy_minimization_0,0.6678612232208252,createsims_gromacs_energy_minimization,on-demand,2.722,0.00018551700645022922,0.0005049772915575239
187,c6in-12xlarge,/home/vanessa/Desktop/Code/mummi-experiments/experiments/aws-march-2025/cpu-node-selector/monitor/cpu-autoscale-0/data/structure_003252868/createsim-c6in-12xlarge/createsims-times.json,createsims_mdrun_lipids_water_0,4.3596510887146,createsims_mdrun_lipids_water,on-demand,2.722,0.001211014191309611,0.003296380628744761
188,c6in-12xlarge,/home/vanessa/Desktop/Code/mummi-experiments/experiments/aws-march-2025/cpu-node-selector/monitor/cpu-autoscale-0/data/structure_003252868/createsim-c6in-12xlarge/createsims-times.json,createsims_trjconv_lipids_water_0,0.16266274452209473,createsims_trjconv_lipids_water,on-demand,2.722,4.518409570058187e-05,0.00012299110849698386
189,c6in-12xlarge,/home/vanessa/Desktop/Code/mummi-experiments/experiments/aws-march-2025/cpu-node-selector/monitor/cpu-autoscale-0/data/structure_003252868/createsim-c6in-12xlarge/createsims-times.json,createsims_gromacs_make_ndx_0,0.3439912796020508,createsims_gromacs_make_ndx,on-demand,2.722,9.555313322279189e-05,0.0002600956286324395
190,c6in-12xlarge,/home/vanessa/Desktop/Code/mummi-experiments/experiments/aws-march-2025/cpu-node-selector/monitor/cpu-autoscale-0/data/structure_003252868/createsim-c6in-12xlarge/createsims-times.json,createsims_generate_velocities_0,81.16459536552429,createsims_generate_velocities,on-demand,2.722,0.02254572093486786,0.06136945238471031
191,c6in-12xlarge,/home/vanessa/Desktop/Code/mummi-experiments/experiments/aws-march-2025/cpu-node-selector/monitor/cpu-autoscale-0/data/structure_003252868/createsim-c6in-12xlarge/createsims-times.json,createsims_short_equilibration_0,166.17423343658447,createsims_short_equilibration,on-demand,2.722,0.04615950928794013,0.12564618428177304
192,c6in-12xlarge,/home/vanessa/Desktop/Code/mummi-experiments/experiments/aws-march-2025/cpu-node-selector/monitor/cpu-autoscale-0/data/structure_003252868/createsim-c6in-12xlarge/createsims-times.json,createsims_pull_molecules_0,679.6142404079437,createsims_pull_molecules,on-demand,2.722,0.18878173344665103,0.513863878441784
193,c6in-12xlarge,/home/vanessa/Desktop/Code/mummi-experiments/experiments/aws-march-2025/cpu-node-selector/monitor/cpu-autoscale-0/data/structure_003252868/createsim-c6in-12xlarge/createsims-times.json,createsims_relax_protein,51.80001521110535,createsims_relax_protein,on-demand,2.722,0.014388893114195929,0.039166567056841316
194,c6in-12xlarge,/home/vanessa/Desktop/Code/mummi-experiments/experiments/aws-march-2025/cpu-node-selector/monitor/cpu-autoscale-0/data/structure_003252868/createsim-c6in-12xlarge/createsims-times.json,createsims_short_equilibration_20fs,168.3939926624298,createsims_short_equilibration,on-demand,2.722,0.04677610907289717,0.1273245688964261
195,c6in-12xlarge,/home/vanessa/Desktop/Code/mummi-experiments/experiments/aws-march-2025/cpu-node-selector/monitor/cpu-autoscale-0/data/structure_003252868/createsim-c6in-12xlarge/createsims-times.json,createsims_prime_cg_sim,0.8820431232452393,createsims_prime_cg_sim,on-demand,2.722,0.00024501197867923314,0.0006669226059648726
196,m6a-16xlarge,/home/vanessa/Desktop/Code/mummi-experiments/experiments/aws-march-2025/cpu-node-selector/monitor/cpu-autoscale-0/data/structure_003252868/createsim-m6a-16xlarge/createsims-times.json,createsim_runtime,1605.311714887619,createsim_runtime,on-demand,2.765,0.4459199208021164,1.232968581017852
197,m6a-16xlarge,/home/vanessa/Desktop/Code/mummi-experiments/experiments/aws-march-2025/cpu-node-selector/monitor/cpu-autoscale-0/data/structure_003252868/createsim-m6a-16xlarge/createsims-times.json,createsims_create_cg_patch,0.0007810592651367188,createsims_create_cg_patch,on-demand,2.765,2.1696090698242188e-07,5.998969078063965e-07
198,m6a-16xlarge,/home/vanessa/Desktop/Code/mummi-experiments/experiments/aws-march-2025/cpu-node-selector/monitor/cpu-autoscale-0/data/structure_003252868/createsim-m6a-16xlarge/createsims-times.json,createsims_setup_cg_sim,1604.3758306503296,createsims_setup_cg_sim,on-demand,2.765,0.4456599529584249,1.232249769930045
199,m6a-16xlarge,/home/vanessa/Desktop/Code/mummi-experiments/experiments/aws-march-2025/cpu-node-selector/monitor/cpu-autoscale-0/data/structure_003252868/createsim-m6a-16xlarge/createsims-times.json,createsims_gromacs_energy_minimization_0,0.7373137474060059,createsims_gromacs_energy_minimization,on-demand,2.765,0.00020480937427944608,0.0005662979198826684
200,m6a-16xlarge,/home/vanessa/Desktop/Code/mummi-experiments/experiments/aws-march-2025/cpu-node-selector/monitor/cpu-autoscale-0/data/structure_003252868/createsim-m6a-16xlarge/createsims-times.json,createsims_mdrun_lipids_water_0,4.620666265487671,createsims_mdrun_lipids_water,on-demand,2.765,0.0012835184070799086,0.0035489283955759477
201,m6a-16xlarge,/home/vanessa/Desktop/Code/mummi-experiments/experiments/aws-march-2025/cpu-node-selector/monitor/cpu-autoscale-0/data/structure_003252868/createsim-m6a-16xlarge/createsims-times.json,createsims_trjconv_lipids_water_0,0.1604480743408203,createsims_trjconv_lipids_water,on-demand,2.765,4.4568909539116756e-05,0.00012323303487565783
202,m6a-16xlarge,/home/vanessa/Desktop/Code/mummi-experiments/experiments/aws-march-2025/cpu-node-selector/monitor/cpu-autoscale-0/data/structure_003252868/createsim-m6a-16xlarge/createsims-times.json,createsims_gromacs_make_ndx_0,0.4256894588470459,createsims_gromacs_make_ndx,on-demand,2.765,0.00011824707190195719,0.0003269531538089116
203,m6a-16xlarge,/home/vanessa/Desktop/Code/mummi-experiments/experiments/aws-march-2025/cpu-node-selector/monitor/cpu-autoscale-0/data/structure_003252868/createsim-m6a-16xlarge/createsims-times.json,createsims_generate_velocities_0,109.52383399009705,createsims_generate_velocities,on-demand,2.765,0.030423287219471403,0.08412038916183844
204,m6a-16xlarge,/home/vanessa/Desktop/Code/mummi-experiments/experiments/aws-march-2025/cpu-node-selector/monitor/cpu-autoscale-0/data/structure_003252868/createsim-m6a-16xlarge/createsims-times.json,createsims_short_equilibration_0,233.21063041687012,createsims_short_equilibration,on-demand,2.765,0.0647807306713528,0.1791187203062905
205,m6a-16xlarge,/home/vanessa/Desktop/Code/mummi-experiments/experiments/aws-march-2025/cpu-node-selector/monitor/cpu-autoscale-0/data/structure_003252868/createsim-m6a-16xlarge/createsims-times.json,createsims_pull_molecules_0,949.9044804573059,createsims_pull_molecules,on-demand,2.765,0.263862355682585,0.7295794134623476
206,m6a-16xlarge,/home/vanessa/Desktop/Code/mummi-experiments/experiments/aws-march-2025/cpu-node-selector/monitor/cpu-autoscale-0/data/structure_003252868/createsim-m6a-16xlarge/createsims-times.json,createsims_relax_protein,72.22187662124634,createsims_relax_protein,on-demand,2.765,0.020061632394790647,0.05547041357159614
207,m6a-16xlarge,/home/vanessa/Desktop/Code/mummi-experiments/experiments/aws-march-2025/cpu-node-selector/monitor/cpu-autoscale-0/data/structure_003252868/createsim-m6a-16xlarge/createsims-times.json,createsims_short_equilibration_20fs,231.58039617538452,createsims_short_equilibration,on-demand,2.765,0.0643278878264957,0.17786660984026062
208,m6a-16xlarge,/home/vanessa/Desktop/Code/mummi-experiments/experiments/aws-march-2025/cpu-node-selector/monitor/cpu-autoscale-0/data/structure_003252868/createsim-m6a-16xlarge/createsims-times.json,createsims_prime_cg_sim,0.9240550994873047,createsims_prime_cg_sim,on-demand,2.765,0.00025668197207980687,0.000709725652800666
209,c7a-12xlarge,/home/vanessa/Desktop/Code/mummi-experiments/experiments/aws-march-2025/cpu-node-selector/monitor/cpu-autoscale-0/data/structure_003252868/createsim-c7a-12xlarge/createsims-times.json,createsim_runtime,562.5272724628448,createsim_runtime,on-demand,2.463,0.15625757568412357,0.38486240890999635
210,c7a-12xlarge,/home/vanessa/Desktop/Code/mummi-experiments/experiments/aws-march-2025/cpu-node-selector/monitor/cpu-autoscale-0/data/structure_003252868/createsim-c7a-12xlarge/createsims-times.json,createsims_create_cg_patch,0.0006363391876220703,createsims_create_cg_patch,on-demand,2.463,1.7676088545057508e-07,4.3536206086476644e-07
211,c7a-12xlarge,/home/vanessa/Desktop/Code/mummi-experiments/experiments/aws-march-2025/cpu-node-selector/monitor/cpu-autoscale-0/data/structure_003252868/createsim-c7a-12xlarge/createsims-times.json,createsims_setup_cg_sim,561.7522928714752,createsims_setup_cg_sim,on-demand,2.463,0.1560423035754098,0.38433219370623434
212,c7a-12xlarge,/home/vanessa/Desktop/Code/mummi-experiments/experiments/aws-march-2025/cpu-node-selector/monitor/cpu-autoscale-0/data/structure_003252868/createsim-c7a-12xlarge/createsims-times.json,createsims_gromacs_energy_minimization_0,0.5930514335632324,createsims_gromacs_energy_minimization,on-demand,2.463,0.00016473650932312013,0.0004057460224628449
213,c7a-12xlarge,/home/vanessa/Desktop/Code/mummi-experiments/experiments/aws-march-2025/cpu-node-selector/monitor/cpu-autoscale-0/data/structure_003252868/createsim-c7a-12xlarge/createsims-times.json,createsims_mdrun_lipids_water_0,1.630666732788086,createsims_mdrun_lipids_water,on-demand,2.463,0.00045296298133002386,0.0011156478230158488
214,c7a-12xlarge,/home/vanessa/Desktop/Code/mummi-experiments/experiments/aws-march-2025/cpu-node-selector/monitor/cpu-autoscale-0/data/structure_003252868/createsim-c7a-12xlarge/createsims-times.json,createsims_trjconv_lipids_water_0,0.1414659023284912,createsims_trjconv_lipids_water,on-demand,2.463,3.929608398013644e-05,9.678625484307606e-05
215,c7a-12xlarge,/home/vanessa/Desktop/Code/mummi-experiments/experiments/aws-march-2025/cpu-node-selector/monitor/cpu-autoscale-0/data/structure_003252868/createsim-c7a-12xlarge/createsims-times.json,createsims_gromacs_make_ndx_0,0.3193087577819824,createsims_gromacs_make_ndx,on-demand,2.463,8.869687716166178e-05,0.00021846040844917297
216,c7a-12xlarge,/home/vanessa/Desktop/Code/mummi-experiments/experiments/aws-march-2025/cpu-node-selector/monitor/cpu-autoscale-0/data/structure_003252868/createsim-c7a-12xlarge/createsims-times.json,createsims_generate_velocities_0,39.87841200828552,createsims_generate_velocities,on-demand,2.463,0.0110773366689682,0.02728348021566868
217,c7a-12xlarge,/home/vanessa/Desktop/Code/mummi-experiments/experiments/aws-march-2025/cpu-node-selector/monitor/cpu-autoscale-0/data/structure_003252868/createsim-c7a-12xlarge/createsims-times.json,createsims_short_equilibration_0,80.88938999176025,createsims_short_equilibration,on-demand,2.463,0.022469274997711182,0.055341824319362645
218,c7a-12xlarge,/home/vanessa/Desktop/Code/mummi-experiments/experiments/aws-march-2025/cpu-node-selector/monitor/cpu-autoscale-0/data/structure_003252868/createsim-c7a-12xlarge/createsims-times.json,createsims_pull_molecules_0,329.75508666038513,createsims_pull_molecules,on-demand,2.463,0.09159863518344032,0.2256074384568135
219,c7a-12xlarge,/home/vanessa/Desktop/Code/mummi-experiments/experiments/aws-march-2025/cpu-node-selector/monitor/cpu-autoscale-0/data/structure_003252868/createsim-c7a-12xlarge/createsims-times.json,createsims_relax_protein,25.455846071243286,createsims_relax_protein,on-demand,2.463,0.0070710683531231356,0.017416041353742282
220,c7a-12xlarge,/home/vanessa/Desktop/Code/mummi-experiments/experiments/aws-march-2025/cpu-node-selector/monitor/cpu-autoscale-0/data/structure_003252868/createsim-c7a-12xlarge/createsims-times.json,createsims_short_equilibration_20fs,81.08104491233826,createsims_short_equilibration,on-demand,2.463,0.022522512475649514,0.05547294822752476
221,c7a-12xlarge,/home/vanessa/Desktop/Code/mummi-experiments/experiments/aws-march-2025/cpu-node-selector/monitor/cpu-autoscale-0/data/structure_003252868/createsim-c7a-12xlarge/createsims-times.json,createsims_prime_cg_sim,0.7647988796234131,createsims_prime_cg_sim,on-demand,2.463,0.00021244413322872585,0.0005232499001423518
222,c7a-12xlarge,/home/vanessa/Desktop/Code/mummi-experiments/experiments/aws-march-2025/cpu-node-selector/monitor/cpu-autoscale-0/data/structure_032019605/createsim-c7a-12xlarge/createsims-times.json,createsim_runtime,555.0378997325897,createsim_runtime,on-demand,2.463,0.1541771943701638,0.37973842973371347
223,c7a-12xlarge,/home/vanessa/Desktop/Code/mummi-experiments/experiments/aws-march-2025/cpu-node-selector/monitor/cpu-autoscale-0/data/structure_032019605/createsim-c7a-12xlarge/createsims-times.json,createsims_create_cg_patch,0.0006277561187744141,createsims_create_cg_patch,on-demand,2.463,1.7437669965955946e-07,4.2948981126149497e-07
224,c7a-12xlarge,/home/vanessa/Desktop/Code/mummi-experiments/experiments/aws-march-2025/cpu-node-selector/monitor/cpu-autoscale-0/data/structure_032019605/createsim-c7a-12xlarge/createsims-times.json,createsims_setup_cg_sim,554.2512018680573,createsims_setup_cg_sim,on-demand,2.463,0.15395866718557147,0.37920019727806253
225,c7a-12xlarge,/home/vanessa/Desktop/Code/mummi-experiments/experiments/aws-march-2025/cpu-node-selector/monitor/cpu-autoscale-0/data/structure_032019605/createsim-c7a-12xlarge/createsims-times.json,createsims_gromacs_energy_minimization_0,0.5948169231414795,createsims_gromacs_energy_minimization,on-demand,2.463,0.00016522692309485542,0.0004069539115826289
226,c7a-12xlarge,/home/vanessa/Desktop/Code/mummi-experiments/experiments/aws-march-2025/cpu-node-selector/monitor/cpu-autoscale-0/data/structure_032019605/createsim-c7a-12xlarge/createsims-times.json,createsims_mdrun_lipids_water_0,1.5783944129943848,createsims_mdrun_lipids_water,on-demand,2.463,0.0004384428924984402,0.0010798848442236584
227,c7a-12xlarge,/home/vanessa/Desktop/Code/mummi-experiments/experiments/aws-march-2025/cpu-node-selector/monitor/cpu-autoscale-0/data/structure_032019605/createsim-c7a-12xlarge/createsims-times.json,createsims_trjconv_lipids_water_0,0.13932180404663086,createsims_trjconv_lipids_water,on-demand,2.463,3.8700501124064126e-05,9.531933426856995e-05
228,c7a-12xlarge,/home/vanessa/Desktop/Code/mummi-experiments/experiments/aws-march-2025/cpu-node-selector/monitor/cpu-autoscale-0/data/structure_032019605/createsim-c7a-12xlarge/createsims-times.json,createsims_gromacs_make_ndx_0,0.3213832378387451,createsims_gromacs_make_ndx,on-demand,2.463,8.927312162187363e-05,0.00021987969855467477
229,c7a-12xlarge,/home/vanessa/Desktop/Code/mummi-experiments/experiments/aws-march-2025/cpu-node-selector/monitor/cpu-autoscale-0/data/structure_032019605/createsim-c7a-12xlarge/createsims-times.json,createsims_generate_velocities_0,38.594313859939575,createsims_generate_velocities,on-demand,2.463,0.010720642738872105,0.026404943065841995
230,c7a-12xlarge,/home/vanessa/Desktop/Code/mummi-experiments/experiments/aws-march-2025/cpu-node-selector/monitor/cpu-autoscale-0/data/structure_032019605/createsim-c7a-12xlarge/createsims-times.json,createsims_short_equilibration_0,81.25864219665527,createsims_short_equilibration,on-demand,2.463,0.022571845054626463,0.05559445436954498
231,c7a-12xlarge,/home/vanessa/Desktop/Code/mummi-experiments/experiments/aws-march-2025/cpu-node-selector/monitor/cpu-autoscale-0/data/structure_032019605/createsim-c7a-12xlarge/createsims-times.json,createsims_pull_molecules_0,325.03259110450745,createsims_pull_molecules,on-demand,2.463,0.09028683086236318,0.22237646441400052
232,c7a-12xlarge,/home/vanessa/Desktop/Code/mummi-experiments/experiments/aws-march-2025/cpu-node-selector/monitor/cpu-autoscale-0/data/structure_032019605/createsim-c7a-12xlarge/createsims-times.json,createsims_relax_protein,25.321945667266846,createsims_relax_protein,on-demand,2.463,0.007033873796463013,0.0173244311606884
233,c7a-12xlarge,/home/vanessa/Desktop/Code/mummi-experiments/experiments/aws-march-2025/cpu-node-selector/monitor/cpu-autoscale-0/data/structure_032019605/createsim-c7a-12xlarge/createsims-times.json,createsims_short_equilibration_20fs,79.40744495391846,createsims_short_equilibration,on-demand,2.463,0.022057623598310684,0.054327926922639214
234,c7a-12xlarge,/home/vanessa/Desktop/Code/mummi-experiments/experiments/aws-march-2025/cpu-node-selector/monitor/cpu-autoscale-0/data/structure_032019605/createsim-c7a-12xlarge/createsims-times.json,createsims_prime_cg_sim,0.7765333652496338,createsims_prime_cg_sim,on-demand,2.463,0.00021570371256934273,0.0005312782440582912
235,m6a-16xlarge,/home/vanessa/Desktop/Code/mummi-experiments/experiments/aws-march-2025/cpu-node-selector/monitor/cpu-autoscale-1/data/structure_087733394/createsim-m6a-16xlarge/createsims-times.json,createsim_runtime,1633.9072992801666,createsim_runtime,on-demand,2.765,0.4538631386889352,1.2549315784749058
236,m6a-16xlarge,/home/vanessa/Desktop/Code/mummi-experiments/experiments/aws-march-2025/cpu-node-selector/monitor/cpu-autoscale-1/data/structure_087733394/createsim-m6a-16xlarge/createsims-times.json,createsims_create_cg_patch,0.0008044242858886719,createsims_create_cg_patch,on-demand,2.765,2.234511905246311e-07,6.17842541800605e-07
237,m6a-16xlarge,/home/vanessa/Desktop/Code/mummi-experiments/experiments/aws-march-2025/cpu-node-selector/monitor/cpu-autoscale-1/data/structure_087733394/createsim-m6a-16xlarge/createsims-times.json,createsims_setup_cg_sim,1632.964111328125,createsims_setup_cg_sim,on-demand,2.765,0.45360114203559027,1.254207157728407
238,m6a-16xlarge,/home/vanessa/Desktop/Code/mummi-experiments/experiments/aws-march-2025/cpu-node-selector/monitor/cpu-autoscale-1/data/structure_087733394/createsim-m6a-16xlarge/createsims-times.json,createsims_gromacs_energy_minimization_0,0.7492067813873291,createsims_gromacs_energy_minimization,on-demand,2.765,0.00020811299482981362,0.0005754324307044346
239,m6a-16xlarge,/home/vanessa/Desktop/Code/mummi-experiments/experiments/aws-march-2025/cpu-node-selector/monitor/cpu-autoscale-1/data/structure_087733394/createsim-m6a-16xlarge/createsims-times.json,createsims_mdrun_lipids_water_0,4.739461660385132,createsims_mdrun_lipids_water,on-demand,2.765,0.001316517127884759,0.0036401698586013584
240,m6a-16xlarge,/home/vanessa/Desktop/Code/mummi-experiments/experiments/aws-march-2025/cpu-node-selector/monitor/cpu-autoscale-1/data/structure_087733394/createsim-m6a-16xlarge/createsims-times.json,createsims_trjconv_lipids_water_0,0.16382455825805664,createsims_trjconv_lipids_water,on-demand,2.765,4.5506821738349066e-05,0.00012582636210653518
241,m6a-16xlarge,/home/vanessa/Desktop/Code/mummi-experiments/experiments/aws-march-2025/cpu-node-selector/monitor/cpu-autoscale-1/data/structure_087733394/createsim-m6a-16xlarge/createsims-times.json,createsims_gromacs_make_ndx_0,0.374605655670166,createsims_gromacs_make_ndx,on-demand,2.765,0.00010405712657504611,0.0002877179549800025
242,m6a-16xlarge,/home/vanessa/Desktop/Code/mummi-experiments/experiments/aws-march-2025/cpu-node-selector/monitor/cpu-autoscale-1/data/structure_087733394/createsim-m6a-16xlarge/createsims-times.json,createsims_generate_velocities_0,105.53651905059814,createsims_generate_velocities,on-demand,2.765,0.029315699736277265,0.08105790977080664
243,m6a-16xlarge,/home/vanessa/Desktop/Code/mummi-experiments/experiments/aws-march-2025/cpu-node-selector/monitor/cpu-autoscale-1/data/structure_087733394/createsim-m6a-16xlarge/createsims-times.json,createsims_short_equilibration_0,236.47297024726868,createsims_short_equilibration,on-demand,2.765,0.06568693617979686,0.18162437853713834
244,m6a-16xlarge,/home/vanessa/Desktop/Code/mummi-experiments/experiments/aws-march-2025/cpu-node-selector/monitor/cpu-autoscale-1/data/structure_087733394/createsim-m6a-16xlarge/createsims-times.json,createsims_pull_molecules_0,970.5352602005005,createsims_pull_molecules,on-demand,2.765,0.26959312783347233,0.745424998459551
245,m6a-16xlarge,/home/vanessa/Desktop/Code/mummi-experiments/experiments/aws-march-2025/cpu-node-selector/monitor/cpu-autoscale-1/data/structure_087733394/createsim-m6a-16xlarge/createsims-times.json,createsims_relax_protein,74.30569839477539,createsims_relax_protein,on-demand,2.765,0.020640471776326497,0.05707090446154277
246,m6a-16xlarge,/home/vanessa/Desktop/Code/mummi-experiments/experiments/aws-march-2025/cpu-node-selector/monitor/cpu-autoscale-1/data/structure_087733394/createsim-m6a-16xlarge/createsims-times.json,createsims_short_equilibration_20fs,238.09420824050903,createsims_short_equilibration,on-demand,2.765,0.06613728006680807,0.1828695793847243
247,m6a-16xlarge,/home/vanessa/Desktop/Code/mummi-experiments/experiments/aws-march-2025/cpu-node-selector/monitor/cpu-autoscale-1/data/structure_087733394/createsim-m6a-16xlarge/createsims-times.json,createsims_prime_cg_sim,0.9310464859008789,createsims_prime_cg_sim,on-demand,2.765,0.00025862402386135527,0.0007150954259766473
248,c7a-12xlarge,/home/vanessa/Desktop/Code/mummi-experiments/experiments/aws-march-2025/cpu-node-selector/monitor/cpu-autoscale-1/data/structure_068476874/createsim-c7a-12xlarge/createsims-times.json,createsim_runtime,550.58109998703,createsim_runtime,on-demand,2.463,0.15293919444084167,0.376689235907793
249,c7a-12xlarge,/home/vanessa/Desktop/Code/mummi-experiments/experiments/aws-march-2025/cpu-node-selector/monitor/cpu-autoscale-1/data/structure_068476874/createsim-c7a-12xlarge/createsims-times.json,createsims_create_cg_patch,0.0006673336029052734,createsims_create_cg_patch,on-demand,2.463,1.8537044525146484e-07,4.565674066543579e-07
250,c7a-12xlarge,/home/vanessa/Desktop/Code/mummi-experiments/experiments/aws-march-2025/cpu-node-selector/monitor/cpu-autoscale-1/data/structure_068476874/createsim-c7a-12xlarge/createsims-times.json,createsims_setup_cg_sim,549.8059825897217,createsims_setup_cg_sim,on-demand,2.463,0.15272388405270046,0.37615892642180127
251,c7a-12xlarge,/home/vanessa/Desktop/Code/mummi-experiments/experiments/aws-march-2025/cpu-node-selector/monitor/cpu-autoscale-1/data/structure_068476874/createsim-c7a-12xlarge/createsims-times.json,createsims_gromacs_energy_minimization_0,0.5931332111358643,createsims_gromacs_energy_minimization,on-demand,2.463,0.00016475922531551787,0.0004058019719521205
252,c7a-12xlarge,/home/vanessa/Desktop/Code/mummi-experiments/experiments/aws-march-2025/cpu-node-selector/monitor/cpu-autoscale-1/data/structure_068476874/createsim-c7a-12xlarge/createsims-times.json,createsims_mdrun_lipids_water_0,1.51918363571167,createsims_mdrun_lipids_water,on-demand,2.463,0.00042199545436435277,0.0010393748040994008
253,c7a-12xlarge,/home/vanessa/Desktop/Code/mummi-experiments/experiments/aws-march-2025/cpu-node-selector/monitor/cpu-autoscale-1/data/structure_068476874/createsim-c7a-12xlarge/createsims-times.json,createsims_trjconv_lipids_water_0,0.14288115501403809,createsims_trjconv_lipids_water,on-demand,2.463,3.968920972612169e-05,9.775452355543772e-05
254,c7a-12xlarge,/home/vanessa/Desktop/Code/mummi-experiments/experiments/aws-march-2025/cpu-node-selector/monitor/cpu-autoscale-1/data/structure_068476874/createsim-c7a-12xlarge/createsims-times.json,createsims_gromacs_make_ndx_0,0.3182661533355713,createsims_gromacs_make_ndx,on-demand,2.463,8.840726481543647e-05,0.00021774709324042004
255,c7a-12xlarge,/home/vanessa/Desktop/Code/mummi-experiments/experiments/aws-march-2025/cpu-node-selector/monitor/cpu-autoscale-1/data/structure_068476874/createsim-c7a-12xlarge/createsims-times.json,createsims_generate_velocities_0,38.91902947425842,createsims_generate_velocities,on-demand,2.463,0.01081084152062734,0.026627102665305137
256,c7a-12xlarge,/home/vanessa/Desktop/Code/mummi-experiments/experiments/aws-march-2025/cpu-node-selector/monitor/cpu-autoscale-1/data/structure_068476874/createsim-c7a-12xlarge/createsims-times.json,createsims_short_equilibration_0,80.09854698181152,createsims_short_equilibration,on-demand,2.463,0.022249596383836535,0.05480075589338939
257,c7a-12xlarge,/home/vanessa/Desktop/Code/mummi-experiments/experiments/aws-march-2025/cpu-node-selector/monitor/cpu-autoscale-1/data/structure_068476874/createsim-c7a-12xlarge/createsims-times.json,createsims_pull_molecules_0,320.16631603240967,createsims_pull_molecules,on-demand,2.463,0.08893508778678047,0.21904712121884032
258,c7a-12xlarge,/home/vanessa/Desktop/Code/mummi-experiments/experiments/aws-march-2025/cpu-node-selector/monitor/cpu-autoscale-1/data/structure_068476874/createsim-c7a-12xlarge/createsims-times.json,createsims_relax_protein,26.989275693893433,createsims_relax_protein,on-demand,2.463,0.007497021026081509,0.018465162787238757
259,c7a-12xlarge,/home/vanessa/Desktop/Code/mummi-experiments/experiments/aws-march-2025/cpu-node-selector/monitor/cpu-autoscale-1/data/structure_068476874/createsim-c7a-12xlarge/createsims-times.json,createsims_short_equilibration_20fs,79.05438041687012,createsims_short_equilibration,on-demand,2.463,0.021959550115797255,0.05408637193520864
260,c7a-12xlarge,/home/vanessa/Desktop/Code/mummi-experiments/experiments/aws-march-2025/cpu-node-selector/monitor/cpu-autoscale-1/data/structure_068476874/createsim-c7a-12xlarge/createsims-times.json,createsims_prime_cg_sim,0.7648799419403076,createsims_prime_cg_sim,on-demand,2.463,0.00021246665053897433,0.0005233053602774938
261,c7a-12xlarge,/home/vanessa/Desktop/Code/mummi-experiments/experiments/aws-march-2025/cpu-node-selector/monitor/cpu-autoscale-1/data/structure_082091889/createsim-c7a-12xlarge/createsims-times.json,createsim_runtime,572.212762594223,createsim_runtime,on-demand,2.463,0.1589479896095064,0.39148889840821427
262,c7a-12xlarge,/home/vanessa/Desktop/Code/mummi-experiments/experiments/aws-march-2025/cpu-node-selector/monitor/cpu-autoscale-1/data/structure_082091889/createsim-c7a-12xlarge/createsims-times.json,createsims_create_cg_patch,0.0006344318389892578,createsims_create_cg_patch,on-demand,2.463,1.7623106638590494e-07,4.3405711650848386e-07
263,c7a-12xlarge,/home/vanessa/Desktop/Code/mummi-experiments/experiments/aws-march-2025/cpu-node-selector/monitor/cpu-autoscale-1/data/structure_082091889/createsim-c7a-12xlarge/createsims-times.json,createsims_setup_cg_sim,571.421722650528,createsims_setup_cg_sim,on-demand,2.463,0.15872825629181334,0.3909476952467363
264,c7a-12xlarge,/home/vanessa/Desktop/Code/mummi-experiments/experiments/aws-march-2025/cpu-node-selector/monitor/cpu-autoscale-1/data/structure_082091889/createsim-c7a-12xlarge/createsims-times.json,createsims_gromacs_energy_minimization_0,0.6009516716003418,createsims_gromacs_energy_minimization,on-demand,2.463,0.00016693101988898382,0.00041115110198656715
265,c7a-12xlarge,/home/vanessa/Desktop/Code/mummi-experiments/experiments/aws-march-2025/cpu-node-selector/monitor/cpu-autoscale-1/data/structure_082091889/createsim-c7a-12xlarge/createsims-times.json,createsims_mdrun_lipids_water_0,0.17077231407165527,createsims_mdrun_lipids_water,on-demand,2.463,4.743675390879313e-05,0.00011683672487735748
266,c7a-12xlarge,/home/vanessa/Desktop/Code/mummi-experiments/experiments/aws-march-2025/cpu-node-selector/monitor/cpu-autoscale-1/data/structure_082091889/createsim-c7a-12xlarge/createsims-times.json,createsims_trjconv_lipids_water_0,0.11881637573242188,createsims_trjconv_lipids_water,on-demand,2.463,3.300454881456163e-05,8.12902037302653e-05
267,c7a-12xlarge,/home/vanessa/Desktop/Code/mummi-experiments/experiments/aws-march-2025/cpu-node-selector/monitor/cpu-autoscale-1/data/structure_082091889/createsim-c7a-12xlarge/createsims-times.json,createsims_gromacs_energy_minimization_1,0.5693554878234863,createsims_gromacs_energy_minimization,on-demand,2.463,0.00015815430217319066,0.0003895340462525686
268,c7a-12xlarge,/home/vanessa/Desktop/Code/mummi-experiments/experiments/aws-march-2025/cpu-node-selector/monitor/cpu-autoscale-1/data/structure_082091889/createsim-c7a-12xlarge/createsims-times.json,createsims_mdrun_lipids_water_1,1.5729079246520996,createsims_mdrun_lipids_water,on-demand,2.463,0.00043691886795891655,0.0010761311717828114
269,c7a-12xlarge,/home/vanessa/Desktop/Code/mummi-experiments/experiments/aws-march-2025/cpu-node-selector/monitor/cpu-autoscale-1/data/structure_082091889/createsim-c7a-12xlarge/createsims-times.json,createsims_trjconv_lipids_water_1,0.14046907424926758,createsims_trjconv_lipids_water,on-demand,2.463,3.9019187291463216e-05,9.610425829887391e-05
270,c7a-12xlarge,/home/vanessa/Desktop/Code/mummi-experiments/experiments/aws-march-2025/cpu-node-selector/monitor/cpu-autoscale-1/data/structure_082091889/createsim-c7a-12xlarge/createsims-times.json,createsims_gromacs_energy_minimization_2,0.564445972442627,createsims_gromacs_energy_minimization,on-demand,2.463,0.0001567905479007297,0.00038617511947949725
271,c7a-12xlarge,/home/vanessa/Desktop/Code/mummi-experiments/experiments/aws-march-2025/cpu-node-selector/monitor/cpu-autoscale-1/data/structure_082091889/createsim-c7a-12xlarge/createsims-times.json,createsims_mdrun_lipids_water_2,1.5710608959197998,createsims_mdrun_lipids_water,on-demand,2.463,0.00043640580442216663,0.0010748674962917965
272,c7a-12xlarge,/home/vanessa/Desktop/Code/mummi-experiments/experiments/aws-march-2025/cpu-node-selector/monitor/cpu-autoscale-1/data/structure_082091889/createsim-c7a-12xlarge/createsims-times.json,createsims_trjconv_lipids_water_2,0.1435708999633789,createsims_trjconv_lipids_water,on-demand,2.463,3.9880805545383034e-05,9.822642405827842e-05
273,c7a-12xlarge,/home/vanessa/Desktop/Code/mummi-experiments/experiments/aws-march-2025/cpu-node-selector/monitor/cpu-autoscale-1/data/structure_082091889/createsim-c7a-12xlarge/createsims-times.json,createsims_gromacs_energy_minimization_3,0.5703473091125488,createsims_gromacs_energy_minimization,on-demand,2.463,0.0001584298080868191,0.0003902126173178355
274,c7a-12xlarge,/home/vanessa/Desktop/Code/mummi-experiments/experiments/aws-march-2025/cpu-node-selector/monitor/cpu-autoscale-1/data/structure_082091889/createsim-c7a-12xlarge/createsims-times.json,createsims_mdrun_lipids_water_3,1.6646625995635986,createsims_mdrun_lipids_water,on-demand,2.463,0.0004624062776565552,0.0011389066618680956
275,c7a-12xlarge,/home/vanessa/Desktop/Code/mummi-experiments/experiments/aws-march-2025/cpu-node-selector/monitor/cpu-autoscale-1/data/structure_082091889/createsim-c7a-12xlarge/createsims-times.json,createsims_trjconv_lipids_water_3,0.1370832920074463,createsims_trjconv_lipids_water,on-demand,2.463,3.807869222429064e-05,9.378781894842786e-05
276,c7a-12xlarge,/home/vanessa/Desktop/Code/mummi-experiments/experiments/aws-march-2025/cpu-node-selector/monitor/cpu-autoscale-1/data/structure_082091889/createsim-c7a-12xlarge/createsims-times.json,createsims_gromacs_energy_minimization_4,0.5661828517913818,createsims_gromacs_energy_minimization,on-demand,2.463,0.00015727301438649496,0.0003873634344339371
277,c7a-12xlarge,/home/vanessa/Desktop/Code/mummi-experiments/experiments/aws-march-2025/cpu-node-selector/monitor/cpu-autoscale-1/data/structure_082091889/createsim-c7a-12xlarge/createsims-times.json,createsims_mdrun_lipids_water_4,1.6942455768585205,createsims_mdrun_lipids_water,on-demand,2.463,0.00047062377134958906,0.0011591463488340378
278,c7a-12xlarge,/home/vanessa/Desktop/Code/mummi-experiments/experiments/aws-march-2025/cpu-node-selector/monitor/cpu-autoscale-1/data/structure_082091889/createsim-c7a-12xlarge/createsims-times.json,createsims_trjconv_lipids_water_4,0.1436901092529297,createsims_trjconv_lipids_water,on-demand,2.463,3.991391923692491e-05,9.830798308054605e-05
279,c7a-12xlarge,/home/vanessa/Desktop/Code/mummi-experiments/experiments/aws-march-2025/cpu-node-selector/monitor/cpu-autoscale-1/data/structure_082091889/createsim-c7a-12xlarge/createsims-times.json,createsims_gromacs_energy_minimization_5,0.5653634071350098,createsims_gromacs_energy_minimization,on-demand,2.463,0.00015704539087083605,0.0003868027977148692
280,c7a-12xlarge,/home/vanessa/Desktop/Code/mummi-experiments/experiments/aws-march-2025/cpu-node-selector/monitor/cpu-autoscale-1/data/structure_082091889/createsim-c7a-12xlarge/createsims-times.json,createsims_mdrun_lipids_water_5,1.6810107231140137,createsims_mdrun_lipids_water,on-demand,2.463,0.00046694742308722606,0.0011500915030638378
281,c7a-12xlarge,/home/vanessa/Desktop/Code/mummi-experiments/experiments/aws-march-2025/cpu-node-selector/monitor/cpu-autoscale-1/data/structure_082091889/createsim-c7a-12xlarge/createsims-times.json,createsims_trjconv_lipids_water_5,0.13651633262634277,createsims_trjconv_lipids_water,on-demand,2.463,3.7921203507317435e-05,9.339992423852285e-05
282,c7a-12xlarge,/home/vanessa/Desktop/Code/mummi-experiments/experiments/aws-march-2025/cpu-node-selector/monitor/cpu-autoscale-1/data/structure_082091889/createsim-c7a-12xlarge/createsims-times.json,createsims_gromacs_energy_minimization_6,0.5796980857849121,createsims_gromacs_energy_minimization,on-demand,2.463,0.00016102724605136448,0.0003966101070245107
283,c7a-12xlarge,/home/vanessa/Desktop/Code/mummi-experiments/experiments/aws-march-2025/cpu-node-selector/monitor/cpu-autoscale-1/data/structure_082091889/createsim-c7a-12xlarge/createsims-times.json,createsims_mdrun_lipids_water_6,1.7313592433929443,createsims_mdrun_lipids_water,on-demand,2.463,0.0004809331231647068,0.0011845382823546728
284,c7a-12xlarge,/home/vanessa/Desktop/Code/mummi-experiments/experiments/aws-march-2025/cpu-node-selector/monitor/cpu-autoscale-1/data/structure_082091889/createsim-c7a-12xlarge/createsims-times.json,createsims_trjconv_lipids_water_6,0.13741517066955566,createsims_trjconv_lipids_water,on-demand,2.463,3.8170880741543236e-05,9.4014879266421e-05
285,c7a-12xlarge,/home/vanessa/Desktop/Code/mummi-experiments/experiments/aws-march-2025/cpu-node-selector/monitor/cpu-autoscale-1/data/structure_082091889/createsim-c7a-12xlarge/createsims-times.json,createsims_gromacs_energy_minimization_7,0.5808982849121094,createsims_gromacs_energy_minimization,on-demand,2.463,0.00016136063469780816,0.0003974312432607015
286,c7a-12xlarge,/home/vanessa/Desktop/Code/mummi-experiments/experiments/aws-march-2025/cpu-node-selector/monitor/cpu-autoscale-1/data/structure_082091889/createsim-c7a-12xlarge/createsims-times.json,createsims_mdrun_lipids_water_7,1.7252893447875977,createsims_mdrun_lipids_water,on-demand,2.463,0.0004792470402187771,0.0011803854600588482
287,c7a-12xlarge,/home/vanessa/Desktop/Code/mummi-experiments/experiments/aws-march-2025/cpu-node-selector/monitor/cpu-autoscale-1/data/structure_082091889/createsim-c7a-12xlarge/createsims-times.json,createsims_trjconv_lipids_water_7,0.13528704643249512,createsims_trjconv_lipids_water,on-demand,2.463,3.7579735120137533e-05,9.255888760089875e-05
288,c7a-12xlarge,/home/vanessa/Desktop/Code/mummi-experiments/experiments/aws-march-2025/cpu-node-selector/monitor/cpu-autoscale-1/data/structure_082091889/createsim-c7a-12xlarge/createsims-times.json,createsims_gromacs_energy_minimization_8,0.5630414485931396,createsims_gromacs_energy_minimization,on-demand,2.463,0.00015640040238698322,0.0003852141910791397
289,c7a-12xlarge,/home/vanessa/Desktop/Code/mummi-experiments/experiments/aws-march-2025/cpu-node-selector/monitor/cpu-autoscale-1/data/structure_082091889/createsim-c7a-12xlarge/createsims-times.json,createsims_mdrun_lipids_water_8,0.10806918144226074,createsims_mdrun_lipids_water,on-demand,2.463,3.001921706729465e-05,7.393733163674672e-05
290,c7a-12xlarge,/home/vanessa/Desktop/Code/mummi-experiments/experiments/aws-march-2025/cpu-node-selector/monitor/cpu-autoscale-1/data/structure_082091889/createsim-c7a-12xlarge/createsims-times.json,createsims_trjconv_lipids_water_8,0.12384915351867676,createsims_trjconv_lipids_water,on-demand,2.463,3.4402542644076877e-05,8.473346253236135e-05
291,c7a-12xlarge,/home/vanessa/Desktop/Code/mummi-experiments/experiments/aws-march-2025/cpu-node-selector/monitor/cpu-autoscale-1/data/structure_082091889/createsim-c7a-12xlarge/createsims-times.json,createsims_gromacs_energy_minimization_9,0.5680019855499268,createsims_gromacs_energy_minimization,on-demand,2.463,0.0001577783293194241,0.0003886080251137416
292,c7a-12xlarge,/home/vanessa/Desktop/Code/mummi-experiments/experiments/aws-march-2025/cpu-node-selector/monitor/cpu-autoscale-1/data/structure_082091889/createsim-c7a-12xlarge/createsims-times.json,createsims_mdrun_lipids_water_9,1.6919209957122803,createsims_mdrun_lipids_water,on-demand,2.463,0.00046997805436452234,0.0011575559478998185
293,c7a-12xlarge,/home/vanessa/Desktop/Code/mummi-experiments/experiments/aws-march-2025/cpu-node-selector/monitor/cpu-autoscale-1/data/structure_082091889/createsim-c7a-12xlarge/createsims-times.json,createsims_trjconv_lipids_water_9,0.13858485221862793,createsims_trjconv_lipids_water,on-demand,2.463,3.84957922829522e-05,9.481513639291127e-05
294,c7a-12xlarge,/home/vanessa/Desktop/Code/mummi-experiments/experiments/aws-march-2025/cpu-node-selector/monitor/cpu-autoscale-1/data/structure_082091889/createsim-c7a-12xlarge/createsims-times.json,createsims_gromacs_make_ndx_9,0.3184490203857422,createsims_gromacs_make_ndx,on-demand,2.463,8.845806121826173e-05,0.00021787220478057865
295,c7a-12xlarge,/home/vanessa/Desktop/Code/mummi-experiments/experiments/aws-march-2025/cpu-node-selector/monitor/cpu-autoscale-1/data/structure_082091889/createsim-c7a-12xlarge/createsims-times.json,createsims_generate_velocities_0,38.23596549034119,createsims_generate_velocities,on-demand,2.463,0.010621101525094774,0.02615977305630843
296,c7a-12xlarge,/home/vanessa/Desktop/Code/mummi-experiments/experiments/aws-march-2025/cpu-node-selector/monitor/cpu-autoscale-1/data/structure_082091889/createsim-c7a-12xlarge/createsims-times.json,createsims_short_equilibration_0,81.11019802093506,createsims_short_equilibration,on-demand,2.463,0.02253061056137085,0.0554928938126564
297,c7a-12xlarge,/home/vanessa/Desktop/Code/mummi-experiments/experiments/aws-march-2025/cpu-node-selector/monitor/cpu-autoscale-1/data/structure_082091889/createsim-c7a-12xlarge/createsims-times.json,createsims_pull_molecules_0,321.2748064994812,createsims_pull_molecules,on-demand,2.463,0.08924300180541143,0.21980551344672836
298,c7a-12xlarge,/home/vanessa/Desktop/Code/mummi-experiments/experiments/aws-march-2025/cpu-node-selector/monitor/cpu-autoscale-1/data/structure_082091889/createsim-c7a-12xlarge/createsims-times.json,createsims_relax_protein,25.420812845230103,createsims_relax_protein,on-demand,2.463,0.007061336901452806,0.017392072788278264
299,c7a-12xlarge,/home/vanessa/Desktop/Code/mummi-experiments/experiments/aws-march-2025/cpu-node-selector/monitor/cpu-autoscale-1/data/structure_082091889/createsim-c7a-12xlarge/createsims-times.json,createsims_short_equilibration_20fs,80.22862553596497,createsims_short_equilibration,on-demand,2.463,0.022285729315545826,0.05488975130418937
300,c7a-12xlarge,/home/vanessa/Desktop/Code/mummi-experiments/experiments/aws-march-2025/cpu-node-selector/monitor/cpu-autoscale-1/data/structure_082091889/createsim-c7a-12xlarge/createsims-times.json,createsims_prime_cg_sim,0.7808959484100342,createsims_prime_cg_sim,on-demand,2.463,0.0002169155412250095,0.0005342629780371984
301,hpc6a-48xlarge,/home/vanessa/Desktop/Code/mummi-experiments/experiments/aws-march-2025/cpu-node-selector/monitor/cpu-autoscale-3/data/structure_069129789/createsim-hpc6a-48xlarge/createsims-times.json,createsim_runtime,1267.0128207206726,createsim_runtime,on-demand,2.88,0.3519480057557424,1.0136102565765381
302,hpc6a-48xlarge,/home/vanessa/Desktop/Code/mummi-experiments/experiments/aws-march-2025/cpu-node-selector/monitor/cpu-autoscale-3/data/structure_069129789/createsim-hpc6a-48xlarge/createsims-times.json,createsims_create_cg_patch,0.0008039474487304688,createsims_create_cg_patch,on-demand,2.88,2.2331873575846356e-07,6.43157958984375e-07
303,hpc6a-48xlarge,/home/vanessa/Desktop/Code/mummi-experiments/experiments/aws-march-2025/cpu-node-selector/monitor/cpu-autoscale-3/data/structure_069129789/createsim-hpc6a-48xlarge/createsims-times.json,createsims_setup_cg_sim,1266.0359299182892,createsims_setup_cg_sim,on-demand,2.88,0.35167664719952474,1.0128287439346313
304,hpc6a-48xlarge,/home/vanessa/Desktop/Code/mummi-experiments/experiments/aws-march-2025/cpu-node-selector/monitor/cpu-autoscale-3/data/structure_069129789/createsim-hpc6a-48xlarge/createsims-times.json,createsims_gromacs_energy_minimization_0,0.7350828647613525,createsims_gromacs_energy_minimization,on-demand,2.88,0.00020418968465593128,0.000588066291809082
305,hpc6a-48xlarge,/home/vanessa/Desktop/Code/mummi-experiments/experiments/aws-march-2025/cpu-node-selector/monitor/cpu-autoscale-3/data/structure_069129789/createsim-hpc6a-48xlarge/createsims-times.json,createsims_mdrun_lipids_water_0,3.736121892929077,createsims_mdrun_lipids_water,on-demand,2.88,0.0010378116369247437,0.0029888975143432615
306,hpc6a-48xlarge,/home/vanessa/Desktop/Code/mummi-experiments/experiments/aws-march-2025/cpu-node-selector/monitor/cpu-autoscale-3/data/structure_069129789/createsim-hpc6a-48xlarge/createsims-times.json,createsims_trjconv_lipids_water_0,0.16613292694091797,createsims_trjconv_lipids_water,on-demand,2.88,4.61480352613661e-05,0.00013290634155273436
307,hpc6a-48xlarge,/home/vanessa/Desktop/Code/mummi-experiments/experiments/aws-march-2025/cpu-node-selector/monitor/cpu-autoscale-3/data/structure_069129789/createsim-hpc6a-48xlarge/createsims-times.json,createsims_gromacs_make_ndx_0,0.3726677894592285,createsims_gromacs_make_ndx,on-demand,2.88,0.00010351883040534124,0.00029813423156738276
308,hpc6a-48xlarge,/home/vanessa/Desktop/Code/mummi-experiments/experiments/aws-march-2025/cpu-node-selector/monitor/cpu-autoscale-3/data/structure_069129789/createsim-hpc6a-48xlarge/createsims-times.json,createsims_generate_velocities_0,84.94182348251343,createsims_generate_velocities,on-demand,2.88,0.02359495096736484,0.06795345878601074
309,hpc6a-48xlarge,/home/vanessa/Desktop/Code/mummi-experiments/experiments/aws-march-2025/cpu-node-selector/monitor/cpu-autoscale-3/data/structure_069129789/createsim-hpc6a-48xlarge/createsims-times.json,createsims_short_equilibration_0,173.02411127090454,createsims_short_equilibration,on-demand,2.88,0.048062253130806816,0.13841928901672362
310,hpc6a-48xlarge,/home/vanessa/Desktop/Code/mummi-experiments/experiments/aws-march-2025/cpu-node-selector/monitor/cpu-autoscale-3/data/structure_069129789/createsim-hpc6a-48xlarge/createsims-times.json,createsims_pull_molecules_0,768.3682541847229,createsims_pull_molecules,on-demand,2.88,0.213435626162423,0.6146946033477783
311,hpc6a-48xlarge,/home/vanessa/Desktop/Code/mummi-experiments/experiments/aws-march-2025/cpu-node-selector/monitor/cpu-autoscale-3/data/structure_069129789/createsim-hpc6a-48xlarge/createsims-times.json,createsims_relax_protein,57.43851590156555,createsims_relax_protein,on-demand,2.88,0.01595514330599043,0.04595081272125243
312,hpc6a-48xlarge,/home/vanessa/Desktop/Code/mummi-experiments/experiments/aws-march-2025/cpu-node-selector/monitor/cpu-autoscale-3/data/structure_069129789/createsim-hpc6a-48xlarge/createsims-times.json,createsims_short_equilibration_20fs,175.26083707809448,createsims_short_equilibration,on-demand,2.88,0.04868356585502624,0.14020866966247558
313,hpc6a-48xlarge,/home/vanessa/Desktop/Code/mummi-experiments/experiments/aws-march-2025/cpu-node-selector/monitor/cpu-autoscale-3/data/structure_069129789/createsim-hpc6a-48xlarge/createsims-times.json,createsims_prime_cg_sim,0.9647090435028076,createsims_prime_cg_sim,on-demand,2.88,0.00026797473430633544,0.000771767234802246
314,hpc6a-48xlarge,/home/vanessa/Desktop/Code/mummi-experiments/experiments/aws-march-2025/cpu-node-selector/monitor/cpu-autoscale-3/data/structure_084610968/createsim-hpc6a-48xlarge/createsims-times.json,createsim_runtime,1196.844425201416,createsim_runtime,on-demand,2.88,0.3324567847781711,0.9574755401611327
315,hpc6a-48xlarge,/home/vanessa/Desktop/Code/mummi-experiments/experiments/aws-march-2025/cpu-node-selector/monitor/cpu-autoscale-3/data/structure_084610968/createsim-hpc6a-48xlarge/createsims-times.json,createsims_create_cg_patch,0.000823974609375,createsims_create_cg_patch,on-demand,2.88,2.2888183593750002e-07,6.591796875e-07
316,hpc6a-48xlarge,/home/vanessa/Desktop/Code/mummi-experiments/experiments/aws-march-2025/cpu-node-selector/monitor/cpu-autoscale-3/data/structure_084610968/createsim-hpc6a-48xlarge/createsims-times.json,createsims_setup_cg_sim,1195.902104139328,createsims_setup_cg_sim,on-demand,2.88,0.3321950289275911,0.9567216833114623
317,hpc6a-48xlarge,/home/vanessa/Desktop/Code/mummi-experiments/experiments/aws-march-2025/cpu-node-selector/monitor/cpu-autoscale-3/data/structure_084610968/createsim-hpc6a-48xlarge/createsims-times.json,createsims_gromacs_energy_minimization_0,0.7458846569061279,createsims_gromacs_energy_minimization,on-demand,2.88,0.00020719018247392443,0.0005967077255249023
318,hpc6a-48xlarge,/home/vanessa/Desktop/Code/mummi-experiments/experiments/aws-march-2025/cpu-node-selector/monitor/cpu-autoscale-3/data/structure_084610968/createsim-hpc6a-48xlarge/createsims-times.json,createsims_mdrun_lipids_water_0,3.850158214569092,createsims_mdrun_lipids_water,on-demand,2.88,0.0010694883929358587,0.003080126571655273
319,hpc6a-48xlarge,/home/vanessa/Desktop/Code/mummi-experiments/experiments/aws-march-2025/cpu-node-selector/monitor/cpu-autoscale-3/data/structure_084610968/createsim-hpc6a-48xlarge/createsims-times.json,createsims_trjconv_lipids_water_0,0.1637566089630127,createsims_trjconv_lipids_water,on-demand,2.88,4.548794693417019e-05,0.00013100528717041013
320,hpc6a-48xlarge,/home/vanessa/Desktop/Code/mummi-experiments/experiments/aws-march-2025/cpu-node-selector/monitor/cpu-autoscale-3/data/structure_084610968/createsim-hpc6a-48xlarge/createsims-times.json,createsims_gromacs_make_ndx_0,0.37323641777038574,createsims_gromacs_make_ndx,on-demand,2.88,0.00010367678271399604,0.00029858913421630857
321,hpc6a-48xlarge,/home/vanessa/Desktop/Code/mummi-experiments/experiments/aws-march-2025/cpu-node-selector/monitor/cpu-autoscale-3/data/structure_084610968/createsim-hpc6a-48xlarge/createsims-times.json,createsims_generate_velocities_0,84.73383951187134,createsims_generate_velocities,on-demand,2.88,0.023537177642186484,0.06778707160949707
322,hpc6a-48xlarge,/home/vanessa/Desktop/Code/mummi-experiments/experiments/aws-march-2025/cpu-node-selector/monitor/cpu-autoscale-3/data/structure_084610968/createsim-hpc6a-48xlarge/createsims-times.json,createsims_short_equilibration_0,175.0093150138855,createsims_short_equilibration,on-demand,2.88,0.0486136986149682,0.1400074520111084
323,hpc6a-48xlarge,/home/vanessa/Desktop/Code/mummi-experiments/experiments/aws-march-2025/cpu-node-selector/monitor/cpu-autoscale-3/data/structure_084610968/createsim-hpc6a-48xlarge/createsims-times.json,createsims_pull_molecules_0,696.4724516868591,createsims_pull_molecules,on-demand,2.88,0.19346456991301642,0.5571779613494873
324,hpc6a-48xlarge,/home/vanessa/Desktop/Code/mummi-experiments/experiments/aws-march-2025/cpu-node-selector/monitor/cpu-autoscale-3/data/structure_084610968/createsim-hpc6a-48xlarge/createsims-times.json,createsims_relax_protein,54.70557928085327,createsims_relax_protein,on-demand,2.88,0.015195994244681463,0.04376446342468261
325,hpc6a-48xlarge,/home/vanessa/Desktop/Code/mummi-experiments/experiments/aws-march-2025/cpu-node-selector/monitor/cpu-autoscale-3/data/structure_084610968/createsim-hpc6a-48xlarge/createsims-times.json,createsims_short_equilibration_20fs,177.85404920578003,createsims_short_equilibration,on-demand,2.88,0.049403902557161115,0.142283239364624
326,hpc6a-48xlarge,/home/vanessa/Desktop/Code/mummi-experiments/experiments/aws-march-2025/cpu-node-selector/monitor/cpu-autoscale-3/data/structure_084610968/createsim-hpc6a-48xlarge/createsims-times.json,createsims_prime_cg_sim,0.9303503036499023,createsims_prime_cg_sim,on-demand,2.88,0.00025843063990275066,0.0007442802429199219
327,hpc6a-48xlarge,/home/vanessa/Desktop/Code/mummi-experiments/experiments/aws-march-2025/cpu-node-selector/monitor/cpu-autoscale-3/data/structure_060826954/createsim-hpc6a-48xlarge/createsims-times.json,createsim_runtime,1239.130261182785,createsim_runtime,on-demand,2.88,0.3442028503285514,0.9913042089462281
328,hpc6a-48xlarge,/home/vanessa/Desktop/Code/mummi-experiments/experiments/aws-march-2025/cpu-node-selector/monitor/cpu-autoscale-3/data/structure_060826954/createsim-hpc6a-48xlarge/createsims-times.json,createsims_create_cg_patch,0.0007784366607666016,createsims_create_cg_patch,on-demand,2.88,2.1623240576850043e-07,6.227493286132813e-07
329,hpc6a-48xlarge,/home/vanessa/Desktop/Code/mummi-experiments/experiments/aws-march-2025/cpu-node-selector/monitor/cpu-autoscale-3/data/structure_060826954/createsim-hpc6a-48xlarge/createsims-times.json,createsims_setup_cg_sim,1238.1943879127502,createsims_setup_cg_sim,on-demand,2.88,0.3439428855313195,0.9905555103302002
330,hpc6a-48xlarge,/home/vanessa/Desktop/Code/mummi-experiments/experiments/aws-march-2025/cpu-node-selector/monitor/cpu-autoscale-3/data/structure_060826954/createsim-hpc6a-48xlarge/createsims-times.json,createsims_gromacs_energy_minimization_0,0.7374885082244873,createsims_gromacs_energy_minimization,on-demand,2.88,0.00020485791895124647,0.0005899908065795898
331,hpc6a-48xlarge,/home/vanessa/Desktop/Code/mummi-experiments/experiments/aws-march-2025/cpu-node-selector/monitor/cpu-autoscale-3/data/structure_060826954/createsim-hpc6a-48xlarge/createsims-times.json,createsims_mdrun_lipids_water_0,3.9770760536193848,createsims_mdrun_lipids_water,on-demand,2.88,0.001104743348227607,0.003181660842895508
332,hpc6a-48xlarge,/home/vanessa/Desktop/Code/mummi-experiments/experiments/aws-march-2025/cpu-node-selector/monitor/cpu-autoscale-3/data/structure_060826954/createsim-hpc6a-48xlarge/createsims-times.json,createsims_trjconv_lipids_water_0,0.16102313995361328,createsims_trjconv_lipids_water,on-demand,2.88,4.47286499871148e-05,0.00012881851196289062
333,hpc6a-48xlarge,/home/vanessa/Desktop/Code/mummi-experiments/experiments/aws-march-2025/cpu-node-selector/monitor/cpu-autoscale-3/data/structure_060826954/createsim-hpc6a-48xlarge/createsims-times.json,createsims_gromacs_make_ndx_0,0.37456178665161133,createsims_gromacs_make_ndx,on-demand,2.88,0.0001040449407365587,0.00029964942932128905
334,hpc6a-48xlarge,/home/vanessa/Desktop/Code/mummi-experiments/experiments/aws-march-2025/cpu-node-selector/monitor/cpu-autoscale-3/data/structure_060826954/createsim-hpc6a-48xlarge/createsims-times.json,createsims_generate_velocities_0,81.39946055412292,createsims_generate_velocities,on-demand,2.88,0.022610961265034146,0.06511956844329835
335,hpc6a-48xlarge,/home/vanessa/Desktop/Code/mummi-experiments/experiments/aws-march-2025/cpu-node-selector/monitor/cpu-autoscale-3/data/structure_060826954/createsim-hpc6a-48xlarge/createsims-times.json,createsims_short_equilibration_0,172.87505340576172,createsims_short_equilibration,on-demand,2.88,0.04802084816826714,0.13830004272460936
336,hpc6a-48xlarge,/home/vanessa/Desktop/Code/mummi-experiments/experiments/aws-march-2025/cpu-node-selector/monitor/cpu-autoscale-3/data/structure_060826954/createsim-hpc6a-48xlarge/createsims-times.json,createsims_pull_molecules_0,743.1368007659912,createsims_pull_molecules,on-demand,2.88,0.20642688910166423,0.594509440612793
337,hpc6a-48xlarge,/home/vanessa/Desktop/Code/mummi-experiments/experiments/aws-march-2025/cpu-node-selector/monitor/cpu-autoscale-3/data/structure_060826954/createsim-hpc6a-48xlarge/createsims-times.json,createsims_relax_protein,54.6915557384491,createsims_relax_protein,on-demand,2.88,0.015192098816235861,0.04375324459075928
338,hpc6a-48xlarge,/home/vanessa/Desktop/Code/mummi-experiments/experiments/aws-march-2025/cpu-node-selector/monitor/cpu-autoscale-3/data/structure_060826954/createsim-hpc6a-48xlarge/createsims-times.json,createsims_short_equilibration_20fs,178.85689568519592,createsims_short_equilibration,on-demand,2.88,0.049682471023665534,0.14308551654815674
339,hpc6a-48xlarge,/home/vanessa/Desktop/Code/mummi-experiments/experiments/aws-march-2025/cpu-node-selector/monitor/cpu-autoscale-3/data/structure_060826954/createsim-hpc6a-48xlarge/createsims-times.json,createsims_prime_cg_sim,0.9238443374633789,createsims_prime_cg_sim,on-demand,2.88,0.00025662342707316084,0.0007390754699707031
340,c7a-12xlarge-spot,/home/vanessa/Desktop/Code/mummi-experiments/experiments/aws-march-2025/cpu-node-selector/monitor/cpu-spot/data/structure_040475639/createsim-c7a-12xlarge/createsims-times.json,createsim_runtime,666.8065032958984,createsim_runtime,spot,0.6458,0.18522402869330515,0.11961767773013647
341,c7a-12xlarge-spot,/home/vanessa/Desktop/Code/mummi-experiments/experiments/aws-march-2025/cpu-node-selector/monitor/cpu-spot/data/structure_040475639/createsim-c7a-12xlarge/createsims-times.json,createsims_create_cg_patch,0.0006532669067382812,createsims_create_cg_patch,spot,0.6458,1.8146302964952256e-07,1.1718882454766167e-07
342,c7a-12xlarge-spot,/home/vanessa/Desktop/Code/mummi-experiments/experiments/aws-march-2025/cpu-node-selector/monitor/cpu-spot/data/structure_040475639/createsim-c7a-12xlarge/createsims-times.json,createsims_setup_cg_sim,666.0048470497131,createsims_setup_cg_sim,spot,0.6458,0.1850013464026981,0.11947386950686245
343,c7a-12xlarge-spot,/home/vanessa/Desktop/Code/mummi-experiments/experiments/aws-march-2025/cpu-node-selector/monitor/cpu-spot/data/structure_040475639/createsim-c7a-12xlarge/createsims-times.json,createsims_gromacs_energy_minimization_0,0.585928201675415,createsims_gromacs_energy_minimization,spot,0.6458,0.0001627578337987264,0.00010510900906721752
344,c7a-12xlarge-spot,/home/vanessa/Desktop/Code/mummi-experiments/experiments/aws-march-2025/cpu-node-selector/monitor/cpu-spot/data/structure_040475639/createsim-c7a-12xlarge/createsims-times.json,createsims_mdrun_lipids_water_0,1.929513692855835,createsims_mdrun_lipids_water,spot,0.6458,0.0005359760257932875,0.0003461333174573051
345,c7a-12xlarge-spot,/home/vanessa/Desktop/Code/mummi-experiments/experiments/aws-march-2025/cpu-node-selector/monitor/cpu-spot/data/structure_040475639/createsim-c7a-12xlarge/createsims-times.json,createsims_trjconv_lipids_water_0,0.14934015274047852,createsims_trjconv_lipids_water,spot,0.6458,4.148337576124403e-05,2.6789964066611397e-05
346,c7a-12xlarge-spot,/home/vanessa/Desktop/Code/mummi-experiments/experiments/aws-march-2025/cpu-node-selector/monitor/cpu-spot/data/structure_040475639/createsim-c7a-12xlarge/createsims-times.json,createsims_gromacs_make_ndx_0,0.33405303955078125,createsims_gromacs_make_ndx,spot,0.6458,9.279251098632812e-05,5.99254035949707e-05
347,c7a-12xlarge-spot,/home/vanessa/Desktop/Code/mummi-experiments/experiments/aws-march-2025/cpu-node-selector/monitor/cpu-spot/data/structure_040475639/createsim-c7a-12xlarge/createsims-times.json,createsims_generate_velocities_0,49.04151797294617,createsims_generate_velocities,spot,0.6458,0.013622643881373936,0.008797503418591288
348,c7a-12xlarge-spot,/home/vanessa/Desktop/Code/mummi-experiments/experiments/aws-march-2025/cpu-node-selector/monitor/cpu-spot/data/structure_040475639/createsim-c7a-12xlarge/createsims-times.json,createsims_short_equilibration_0,98.09097623825073,createsims_short_equilibration,spot,0.6458,0.027247493399514093,0.0175964312374062
349,c7a-12xlarge-spot,/home/vanessa/Desktop/Code/mummi-experiments/experiments/aws-march-2025/cpu-node-selector/monitor/cpu-spot/data/structure_040475639/createsim-c7a-12xlarge/createsims-times.json,createsims_pull_molecules_0,389.485830783844,createsims_pull_molecules,spot,0.6458,0.10819050855106777,0.06986943042227957
350,c7a-12xlarge-spot,/home/vanessa/Desktop/Code/mummi-experiments/experiments/aws-march-2025/cpu-node-selector/monitor/cpu-spot/data/structure_040475639/createsim-c7a-12xlarge/createsims-times.json,createsims_relax_protein,29.911937713623047,createsims_relax_protein,spot,0.6458,0.008308871587117513,0.005365869270960491
351,c7a-12xlarge-spot,/home/vanessa/Desktop/Code/mummi-experiments/experiments/aws-march-2025/cpu-node-selector/monitor/cpu-spot/data/structure_040475639/createsim-c7a-12xlarge/createsims-times.json,createsims_short_equilibration_20fs,94.41773104667664,createsims_short_equilibration,spot,0.6458,0.02622714751296573,0.01693749186387327
352,c7a-12xlarge-spot,/home/vanessa/Desktop/Code/mummi-experiments/experiments/aws-march-2025/cpu-node-selector/monitor/cpu-spot/data/structure_040475639/createsim-c7a-12xlarge/createsims-times.json,createsims_prime_cg_sim,0.7913920879364014,createsims_prime_cg_sim,spot,0.6458,0.00021983113553788926,0.0001419669473303689
353,c7g-16xlarge-spot,/home/vanessa/Desktop/Code/mummi-experiments/experiments/aws-march-2025/cpu-node-selector/monitor/cpu-spot/data/structure_004156703/createsim-c7g-16xlarge/createsims-times.json,createsim_runtime,476.810427904129,createsim_runtime,spot,0.5415,0.13244734108448028,0.07172023519724607
354,c7g-16xlarge-spot,/home/vanessa/Desktop/Code/mummi-experiments/experiments/aws-march-2025/cpu-node-selector/monitor/cpu-spot/data/structure_004156703/createsim-c7g-16xlarge/createsims-times.json,createsims_create_cg_patch,0.0008907318115234375,createsims_create_cg_patch,spot,0.5415,2.4742550320095484e-07,1.3398090998331703e-07
355,c7g-16xlarge-spot,/home/vanessa/Desktop/Code/mummi-experiments/experiments/aws-march-2025/cpu-node-selector/monitor/cpu-spot/data/structure_004156703/createsim-c7g-16xlarge/createsims-times.json,createsims_setup_cg_sim,475.69856214523315,createsims_setup_cg_sim,spot,0.5415,0.132138489484787,0.07155299205601215
356,c7g-16xlarge-spot,/home/vanessa/Desktop/Code/mummi-experiments/experiments/aws-march-2025/cpu-node-selector/monitor/cpu-spot/data/structure_004156703/createsim-c7g-16xlarge/createsims-times.json,createsims_gromacs_energy_minimization_0,0.8401877880096436,createsims_gromacs_energy_minimization,spot,0.5415,0.00023338549666934542,0.00012637824644645056
357,c7g-16xlarge-spot,/home/vanessa/Desktop/Code/mummi-experiments/experiments/aws-march-2025/cpu-node-selector/monitor/cpu-spot/data/structure_004156703/createsim-c7g-16xlarge/createsims-times.json,createsims_mdrun_lipids_water_0,1.5191411972045898,createsims_mdrun_lipids_water,spot,0.5415,0.0004219836658901639,0.00022850415507952375
358,c7g-16xlarge-spot,/home/vanessa/Desktop/Code/mummi-experiments/experiments/aws-march-2025/cpu-node-selector/monitor/cpu-spot/data/structure_004156703/createsim-c7g-16xlarge/createsims-times.json,createsims_trjconv_lipids_water_0,0.16508173942565918,createsims_trjconv_lipids_water,spot,0.5415,4.585603872934977e-05,2.4831044971942897e-05
359,c7g-16xlarge-spot,/home/vanessa/Desktop/Code/mummi-experiments/experiments/aws-march-2025/cpu-node-selector/monitor/cpu-spot/data/structure_004156703/createsim-c7g-16xlarge/createsims-times.json,createsims_gromacs_make_ndx_0,0.46539759635925293,createsims_gromacs_make_ndx,spot,0.5415,0.0001292771100997925,7.000355511903764e-05
360,c7g-16xlarge-spot,/home/vanessa/Desktop/Code/mummi-experiments/experiments/aws-march-2025/cpu-node-selector/monitor/cpu-spot/data/structure_004156703/createsim-c7g-16xlarge/createsims-times.json,createsims_generate_velocities_0,33.05288553237915,createsims_generate_velocities,spot,0.5415,0.00918135709232754,0.004971704865495363
361,c7g-16xlarge-spot,/home/vanessa/Desktop/Code/mummi-experiments/experiments/aws-march-2025/cpu-node-selector/monitor/cpu-spot/data/structure_004156703/createsim-c7g-16xlarge/createsims-times.json,createsims_short_equilibration_0,69.25073957443237,createsims_short_equilibration,spot,0.5415,0.019236316548453435,0.010416465410987535
362,c7g-16xlarge-spot,/home/vanessa/Desktop/Code/mummi-experiments/experiments/aws-march-2025/cpu-node-selector/monitor/cpu-spot/data/structure_004156703/createsim-c7g-16xlarge/createsims-times.json,createsims_pull_molecules_0,277.32297706604004,createsims_pull_molecules,spot,0.5415,0.07703416029612223,0.041713997800350185
363,c7g-16xlarge-spot,/home/vanessa/Desktop/Code/mummi-experiments/experiments/aws-march-2025/cpu-node-selector/monitor/cpu-spot/data/structure_004156703/createsim-c7g-16xlarge/createsims-times.json,createsims_relax_protein,22.696512460708618,createsims_relax_protein,spot,0.5415,0.0063045867946412825,0.003413933749298254
364,c7g-16xlarge-spot,/home/vanessa/Desktop/Code/mummi-experiments/experiments/aws-march-2025/cpu-node-selector/monitor/cpu-spot/data/structure_004156703/createsim-c7g-16xlarge/createsims-times.json,createsims_short_equilibration_20fs,68.11582040786743,createsims_short_equilibration,spot,0.5415,0.01892106122440762,0.010245754653016727
365,c7g-16xlarge-spot,/home/vanessa/Desktop/Code/mummi-experiments/experiments/aws-march-2025/cpu-node-selector/monitor/cpu-spot/data/structure_004156703/createsim-c7g-16xlarge/createsims-times.json,createsims_prime_cg_sim,1.094672441482544,createsims_prime_cg_sim,spot,0.5415,0.0003040756781895955,0.00016465697973966597
366,m6g-16xlarge-spot,/home/vanessa/Desktop/Code/mummi-experiments/experiments/aws-march-2025/cpu-node-selector/monitor/cpu-spot/data/structure_004156703/createsim-m6g-16xlarge/createsims-times.json,createsim_runtime,620.79461145401,createsim_runtime,spot,0.6519,0.1724429476261139,0.11241555755746366
367,m6g-16xlarge-spot,/home/vanessa/Desktop/Code/mummi-experiments/experiments/aws-march-2025/cpu-node-selector/monitor/cpu-spot/data/structure_004156703/createsim-m6g-16xlarge/createsims-times.json,createsims_create_cg_patch,0.0011355876922607422,createsims_create_cg_patch,spot,0.6519,3.1544102562798396e-07,2.0563600460688277e-07
368,m6g-16xlarge-spot,/home/vanessa/Desktop/Code/mummi-experiments/experiments/aws-march-2025/cpu-node-selector/monitor/cpu-spot/data/structure_004156703/createsim-m6g-16xlarge/createsims-times.json,createsims_setup_cg_sim,619.3067767620087,createsims_setup_cg_sim,spot,0.6519,0.17202966021166907,0.11214613549198707
369,m6g-16xlarge-spot,/home/vanessa/Desktop/Code/mummi-experiments/experiments/aws-march-2025/cpu-node-selector/monitor/cpu-spot/data/structure_004156703/createsim-m6g-16xlarge/createsims-times.json,createsims_gromacs_energy_minimization_0,1.163865566253662,createsims_gromacs_energy_minimization,spot,0.6519,0.0003232959906260173,0.0002107566562891007
370,m6g-16xlarge-spot,/home/vanessa/Desktop/Code/mummi-experiments/experiments/aws-march-2025/cpu-node-selector/monitor/cpu-spot/data/structure_004156703/createsim-m6g-16xlarge/createsims-times.json,createsims_mdrun_lipids_water_0,2.0871663093566895,createsims_mdrun_lipids_water,spot,0.6519,0.000579768419265747,0.00037795103251934053
371,m6g-16xlarge-spot,/home/vanessa/Desktop/Code/mummi-experiments/experiments/aws-march-2025/cpu-node-selector/monitor/cpu-spot/data/structure_004156703/createsim-m6g-16xlarge/createsims-times.json,createsims_trjconv_lipids_water_0,0.23099946975708008,createsims_trjconv_lipids_water,spot,0.6519,6.416651937696668e-05,4.183015398184458e-05
372,m6g-16xlarge-spot,/home/vanessa/Desktop/Code/mummi-experiments/experiments/aws-march-2025/cpu-node-selector/monitor/cpu-spot/data/structure_004156703/createsim-m6g-16xlarge/createsims-times.json,createsims_gromacs_make_ndx_0,0.804816722869873,createsims_gromacs_make_ndx,spot,0.6519,0.00022356020079718696,0.0001457388948996862
373,m6g-16xlarge-spot,/home/vanessa/Desktop/Code/mummi-experiments/experiments/aws-march-2025/cpu-node-selector/monitor/cpu-spot/data/structure_004156703/createsim-m6g-16xlarge/createsims-times.json,createsims_generate_velocities_0,44.899096965789795,createsims_generate_velocities,spot,0.6519,0.012471971379386054,0.008130478142221769
374,m6g-16xlarge-spot,/home/vanessa/Desktop/Code/mummi-experiments/experiments/aws-march-2025/cpu-node-selector/monitor/cpu-spot/data/structure_004156703/createsim-m6g-16xlarge/createsims-times.json,createsims_short_equilibration_0,88.2479236125946,createsims_short_equilibration,spot,0.6519,0.024513312114609612,0.01598022816751401
375,m6g-16xlarge-spot,/home/vanessa/Desktop/Code/mummi-experiments/experiments/aws-march-2025/cpu-node-selector/monitor/cpu-spot/data/structure_004156703/createsim-m6g-16xlarge/createsims-times.json,createsims_pull_molecules_0,360.4474754333496,createsims_pull_molecules,spot,0.6519,0.10012429873148601,0.06527103034305573
376,m6g-16xlarge-spot,/home/vanessa/Desktop/Code/mummi-experiments/experiments/aws-march-2025/cpu-node-selector/monitor/cpu-spot/data/structure_004156703/createsim-m6g-16xlarge/createsims-times.json,createsims_relax_protein,29.577503442764282,createsims_relax_protein,spot,0.6519,0.008215973178545635,0.0053559929150938995
377,m6g-16xlarge-spot,/home/vanessa/Desktop/Code/mummi-experiments/experiments/aws-march-2025/cpu-node-selector/monitor/cpu-spot/data/structure_004156703/createsim-m6g-16xlarge/createsims-times.json,createsims_short_equilibration_20fs,89.12901782989502,createsims_short_equilibration,spot,0.6519,0.02475806050830417,0.016139779645363492
378,m6g-16xlarge-spot,/home/vanessa/Desktop/Code/mummi-experiments/experiments/aws-march-2025/cpu-node-selector/monitor/cpu-spot/data/structure_004156703/createsim-m6g-16xlarge/createsims-times.json,createsims_prime_cg_sim,1.4636261463165283,createsims_prime_cg_sim,spot,0.6519,0.00040656281842125786,0.000265038301328818
379,c7a-12xlarge-spot,/home/vanessa/Desktop/Code/mummi-experiments/experiments/aws-march-2025/cpu-node-selector/monitor/cpu-spot/data/structure_057040790/createsim-c7a-12xlarge/createsims-times.json,createsim_runtime,676.3937923908234,createsim_runtime,spot,0.6458,0.1878871645530065,0.1213375308683316
380,c7a-12xlarge-spot,/home/vanessa/Desktop/Code/mummi-experiments/experiments/aws-march-2025/cpu-node-selector/monitor/cpu-spot/data/structure_057040790/createsim-c7a-12xlarge/createsims-times.json,createsims_create_cg_patch,0.0006582736968994141,createsims_create_cg_patch,spot,0.6458,1.8285380469428168e-07,1.1808698707156712e-07
381,c7a-12xlarge-spot,/home/vanessa/Desktop/Code/mummi-experiments/experiments/aws-march-2025/cpu-node-selector/monitor/cpu-spot/data/structure_057040790/createsim-c7a-12xlarge/createsims-times.json,createsims_setup_cg_sim,675.6177685260773,createsims_setup_cg_sim,spot,0.6458,0.18767160236835478,0.12119832080948353
382,c7a-12xlarge-spot,/home/vanessa/Desktop/Code/mummi-experiments/experiments/aws-march-2025/cpu-node-selector/monitor/cpu-spot/data/structure_057040790/createsim-c7a-12xlarge/createsims-times.json,createsims_gromacs_energy_minimization_0,0.5893063545227051,createsims_gromacs_energy_minimization,spot,0.6458,0.0001636962095896403,0.00010571501215298971
383,c7a-12xlarge-spot,/home/vanessa/Desktop/Code/mummi-experiments/experiments/aws-march-2025/cpu-node-selector/monitor/cpu-spot/data/structure_057040790/createsim-c7a-12xlarge/createsims-times.json,createsims_mdrun_lipids_water_0,2.093618154525757,createsims_mdrun_lipids_water,spot,0.6458,0.0005815605984793769,0.0003755718344979816
384,c7a-12xlarge-spot,/home/vanessa/Desktop/Code/mummi-experiments/experiments/aws-march-2025/cpu-node-selector/monitor/cpu-spot/data/structure_057040790/createsim-c7a-12xlarge/createsims-times.json,createsims_trjconv_lipids_water_0,0.1487126350402832,createsims_trjconv_lipids_water,spot,0.6458,4.130906528896756e-05,2.6677394363615252e-05
385,c7a-12xlarge-spot,/home/vanessa/Desktop/Code/mummi-experiments/experiments/aws-march-2025/cpu-node-selector/monitor/cpu-spot/data/structure_057040790/createsim-c7a-12xlarge/createsims-times.json,createsims_gromacs_make_ndx_0,0.3328251838684082,createsims_gromacs_make_ndx,spot,0.6458,9.245143996344672e-05,5.9705139928393896e-05
386,c7a-12xlarge-spot,/home/vanessa/Desktop/Code/mummi-experiments/experiments/aws-march-2025/cpu-node-selector/monitor/cpu-spot/data/structure_057040790/createsim-c7a-12xlarge/createsims-times.json,createsims_generate_velocities_0,49.55700373649597,createsims_generate_velocities,spot,0.6458,0.01376583437124888,0.008889975836952528
387,c7a-12xlarge-spot,/home/vanessa/Desktop/Code/mummi-experiments/experiments/aws-march-2025/cpu-node-selector/monitor/cpu-spot/data/structure_057040790/createsim-c7a-12xlarge/createsims-times.json,createsims_short_equilibration_0,97.1594705581665,createsims_short_equilibration,spot,0.6458,0.026988741821712917,0.017429329468462203
388,c7a-12xlarge-spot,/home/vanessa/Desktop/Code/mummi-experiments/experiments/aws-march-2025/cpu-node-selector/monitor/cpu-spot/data/structure_057040790/createsim-c7a-12xlarge/createsims-times.json,createsims_pull_molecules_0,392.4755845069885,createsims_pull_molecules,spot,0.6458,0.1090209956963857,0.07040575902072589
389,c7a-12xlarge-spot,/home/vanessa/Desktop/Code/mummi-experiments/experiments/aws-march-2025/cpu-node-selector/monitor/cpu-spot/data/structure_057040790/createsim-c7a-12xlarge/createsims-times.json,createsims_relax_protein,31.374918699264526,createsims_relax_protein,spot,0.6458,0.008715255194240146,0.0056283118044402865
390,c7a-12xlarge-spot,/home/vanessa/Desktop/Code/mummi-experiments/experiments/aws-march-2025/cpu-node-selector/monitor/cpu-spot/data/structure_057040790/createsim-c7a-12xlarge/createsims-times.json,createsims_short_equilibration_20fs,99.81366276741028,createsims_short_equilibration,spot,0.6458,0.027726017435391746,0.01790546205977599
391,c7a-12xlarge-spot,/home/vanessa/Desktop/Code/mummi-experiments/experiments/aws-march-2025/cpu-node-selector/monitor/cpu-spot/data/structure_057040790/createsim-c7a-12xlarge/createsims-times.json,createsims_prime_cg_sim,0.7657291889190674,createsims_prime_cg_sim,spot,0.6458,0.0002127025524775187,0.0001373633083899816
392,c7g-16xlarge-spot,/home/vanessa/Desktop/Code/mummi-experiments/experiments/aws-march-2025/cpu-node-selector/monitor/cpu-spot/data/structure_053380283/createsim-c7g-16xlarge/createsims-times.json,createsim_runtime,497.8398747444153,createsim_runtime,spot,0.5415,0.1382888540956709,0.07488341449280579
393,c7g-16xlarge-spot,/home/vanessa/Desktop/Code/mummi-experiments/experiments/aws-march-2025/cpu-node-selector/monitor/cpu-spot/data/structure_053380283/createsim-c7g-16xlarge/createsims-times.json,createsims_create_cg_patch,0.0008754730224609375,createsims_create_cg_patch,spot,0.5415,2.4318695068359375e-07,1.31685733795166e-07
394,c7g-16xlarge-spot,/home/vanessa/Desktop/Code/mummi-experiments/experiments/aws-march-2025/cpu-node-selector/monitor/cpu-spot/data/structure_053380283/createsim-c7g-16xlarge/createsims-times.json,createsims_setup_cg_sim,496.7297775745392,createsims_setup_cg_sim,spot,0.5415,0.13798049377070534,0.07471643737683695
395,c7g-16xlarge-spot,/home/vanessa/Desktop/Code/mummi-experiments/experiments/aws-march-2025/cpu-node-selector/monitor/cpu-spot/data/structure_053380283/createsim-c7g-16xlarge/createsims-times.json,createsims_gromacs_energy_minimization_0,0.8359930515289307,createsims_gromacs_energy_minimization,spot,0.5415,0.00023222029209136964,0.00012574728816747664
396,c7g-16xlarge-spot,/home/vanessa/Desktop/Code/mummi-experiments/experiments/aws-march-2025/cpu-node-selector/monitor/cpu-spot/data/structure_053380283/createsim-c7g-16xlarge/createsims-times.json,createsims_mdrun_lipids_water_0,0.11939835548400879,createsims_mdrun_lipids_water,spot,0.5415,3.3166209856669105e-05,1.7959502637386318e-05
397,c7g-16xlarge-spot,/home/vanessa/Desktop/Code/mummi-experiments/experiments/aws-march-2025/cpu-node-selector/monitor/cpu-spot/data/structure_053380283/createsim-c7g-16xlarge/createsims-times.json,createsims_trjconv_lipids_water_0,0.16569280624389648,createsims_trjconv_lipids_water,spot,0.5415,4.602577951219347e-05,2.4922959605852763e-05
398,c7g-16xlarge-spot,/home/vanessa/Desktop/Code/mummi-experiments/experiments/aws-march-2025/cpu-node-selector/monitor/cpu-spot/data/structure_053380283/createsim-c7g-16xlarge/createsims-times.json,createsims_gromacs_energy_minimization_1,0.8434529304504395,createsims_gromacs_energy_minimization,spot,0.5415,0.00023429248068067762,0.00012686937828858692
399,c7g-16xlarge-spot,/home/vanessa/Desktop/Code/mummi-experiments/experiments/aws-march-2025/cpu-node-selector/monitor/cpu-spot/data/structure_053380283/createsim-c7g-16xlarge/createsims-times.json,createsims_mdrun_lipids_water_1,1.5122144222259521,createsims_mdrun_lipids_water,spot,0.5415,0.0004200595617294311,0.00022746225267648694
400,c7g-16xlarge-spot,/home/vanessa/Desktop/Code/mummi-experiments/experiments/aws-march-2025/cpu-node-selector/monitor/cpu-spot/data/structure_053380283/createsim-c7g-16xlarge/createsims-times.json,createsims_trjconv_lipids_water_1,0.1650102138519287,createsims_trjconv_lipids_water,spot,0.5415,4.583617051442464e-05,2.4820286333560943e-05
401,c7g-16xlarge-spot,/home/vanessa/Desktop/Code/mummi-experiments/experiments/aws-march-2025/cpu-node-selector/monitor/cpu-spot/data/structure_053380283/createsim-c7g-16xlarge/createsims-times.json,createsims_gromacs_energy_minimization_2,0.8380875587463379,createsims_gromacs_energy_minimization,spot,0.5415,0.00023280209965176053,0.00012606233696142832
402,c7g-16xlarge-spot,/home/vanessa/Desktop/Code/mummi-experiments/experiments/aws-march-2025/cpu-node-selector/monitor/cpu-spot/data/structure_053380283/createsim-c7g-16xlarge/createsims-times.json,createsims_mdrun_lipids_water_2,1.4579663276672363,createsims_mdrun_lipids_water,spot,0.5415,0.00040499064657423234,0.0002193024351199468
403,c7g-16xlarge-spot,/home/vanessa/Desktop/Code/mummi-experiments/experiments/aws-march-2025/cpu-node-selector/monitor/cpu-spot/data/structure_053380283/createsim-c7g-16xlarge/createsims-times.json,createsims_trjconv_lipids_water_2,0.16641759872436523,createsims_trjconv_lipids_water,spot,0.5415,4.622711075676812e-05,2.5031980474789935e-05
404,c7g-16xlarge-spot,/home/vanessa/Desktop/Code/mummi-experiments/experiments/aws-march-2025/cpu-node-selector/monitor/cpu-spot/data/structure_053380283/createsim-c7g-16xlarge/createsims-times.json,createsims_gromacs_energy_minimization_3,0.8375294208526611,createsims_gromacs_energy_minimization,spot,0.5415,0.00023264706134796143,0.0001259783837199211
405,c7g-16xlarge-spot,/home/vanessa/Desktop/Code/mummi-experiments/experiments/aws-march-2025/cpu-node-selector/monitor/cpu-spot/data/structure_053380283/createsim-c7g-16xlarge/createsims-times.json,createsims_mdrun_lipids_water_3,1.4628825187683105,createsims_mdrun_lipids_water,spot,0.5415,0.0004063562552134196,0.0002200419121980667
406,c7g-16xlarge-spot,/home/vanessa/Desktop/Code/mummi-experiments/experiments/aws-march-2025/cpu-node-selector/monitor/cpu-spot/data/structure_053380283/createsim-c7g-16xlarge/createsims-times.json,createsims_trjconv_lipids_water_3,0.16533279418945312,createsims_trjconv_lipids_water,spot,0.5415,4.592577616373698e-05,2.4868807792663573e-05
407,c7g-16xlarge-spot,/home/vanessa/Desktop/Code/mummi-experiments/experiments/aws-march-2025/cpu-node-selector/monitor/cpu-spot/data/structure_053380283/createsim-c7g-16xlarge/createsims-times.json,createsims_gromacs_energy_minimization_4,0.839996337890625,createsims_gromacs_energy_minimization,spot,0.5415,0.00023333231608072916,0.00012634944915771484
408,c7g-16xlarge-spot,/home/vanessa/Desktop/Code/mummi-experiments/experiments/aws-march-2025/cpu-node-selector/monitor/cpu-spot/data/structure_053380283/createsim-c7g-16xlarge/createsims-times.json,createsims_mdrun_lipids_water_4,1.4857385158538818,createsims_mdrun_lipids_water,spot,0.5415,0.00041270514329274494,0.00022347983509302138
409,c7g-16xlarge-spot,/home/vanessa/Desktop/Code/mummi-experiments/experiments/aws-march-2025/cpu-node-selector/monitor/cpu-spot/data/structure_053380283/createsim-c7g-16xlarge/createsims-times.json,createsims_trjconv_lipids_water_4,0.16538047790527344,createsims_trjconv_lipids_water,spot,0.5415,4.593902164035373e-05,2.4875980218251543e-05
410,c7g-16xlarge-spot,/home/vanessa/Desktop/Code/mummi-experiments/experiments/aws-march-2025/cpu-node-selector/monitor/cpu-spot/data/structure_053380283/createsim-c7g-16xlarge/createsims-times.json,createsims_gromacs_energy_minimization_5,0.8438336849212646,createsims_gromacs_energy_minimization,spot,0.5415,0.0002343982458114624,0.0001269266501069069
411,c7g-16xlarge-spot,/home/vanessa/Desktop/Code/mummi-experiments/experiments/aws-march-2025/cpu-node-selector/monitor/cpu-spot/data/structure_053380283/createsim-c7g-16xlarge/createsims-times.json,createsims_mdrun_lipids_water_5,0.12143301963806152,createsims_mdrun_lipids_water,spot,0.5415,3.373139434390598e-05,1.8265550037225085e-05
412,c7g-16xlarge-spot,/home/vanessa/Desktop/Code/mummi-experiments/experiments/aws-march-2025/cpu-node-selector/monitor/cpu-spot/data/structure_053380283/createsim-c7g-16xlarge/createsims-times.json,createsims_trjconv_lipids_water_5,0.16521024703979492,createsims_trjconv_lipids_water,spot,0.5415,4.589173528883192e-05,2.4850374658902485e-05
413,c7g-16xlarge-spot,/home/vanessa/Desktop/Code/mummi-experiments/experiments/aws-march-2025/cpu-node-selector/monitor/cpu-spot/data/structure_053380283/createsim-c7g-16xlarge/createsims-times.json,createsims_gromacs_energy_minimization_6,0.8406121730804443,createsims_gromacs_energy_minimization,spot,0.5415,0.00023350338141123455,0.0001264420810341835
414,c7g-16xlarge-spot,/home/vanessa/Desktop/Code/mummi-experiments/experiments/aws-march-2025/cpu-node-selector/monitor/cpu-spot/data/structure_053380283/createsim-c7g-16xlarge/createsims-times.json,createsims_mdrun_lipids_water_6,1.5259251594543457,createsims_mdrun_lipids_water,spot,0.5415,0.0004238680998484293,0.00022952457606792448
415,c7g-16xlarge-spot,/home/vanessa/Desktop/Code/mummi-experiments/experiments/aws-march-2025/cpu-node-selector/monitor/cpu-spot/data/structure_053380283/createsim-c7g-16xlarge/createsims-times.json,createsims_trjconv_lipids_water_6,0.16753530502319336,createsims_trjconv_lipids_water,spot,0.5415,4.6537584728664825e-05,2.5200102130572e-05
416,c7g-16xlarge-spot,/home/vanessa/Desktop/Code/mummi-experiments/experiments/aws-march-2025/cpu-node-selector/monitor/cpu-spot/data/structure_053380283/createsim-c7g-16xlarge/createsims-times.json,createsims_gromacs_energy_minimization_7,0.8382787704467773,createsims_gromacs_energy_minimization,spot,0.5415,0.0002328552140129937,0.00012609109838803608
417,c7g-16xlarge-spot,/home/vanessa/Desktop/Code/mummi-experiments/experiments/aws-march-2025/cpu-node-selector/monitor/cpu-spot/data/structure_053380283/createsim-c7g-16xlarge/createsims-times.json,createsims_mdrun_lipids_water_7,1.5218768119812012,createsims_mdrun_lipids_water,spot,0.5415,0.000422743558883667,0.00022891563713550568
418,c7g-16xlarge-spot,/home/vanessa/Desktop/Code/mummi-experiments/experiments/aws-march-2025/cpu-node-selector/monitor/cpu-spot/data/structure_053380283/createsim-c7g-16xlarge/createsims-times.json,createsims_trjconv_lipids_water_7,0.16606473922729492,createsims_trjconv_lipids_water,spot,0.5415,4.612909422980415e-05,2.4978904525438945e-05
419,c7g-16xlarge-spot,/home/vanessa/Desktop/Code/mummi-experiments/experiments/aws-march-2025/cpu-node-selector/monitor/cpu-spot/data/structure_053380283/createsim-c7g-16xlarge/createsims-times.json,createsims_gromacs_energy_minimization_8,0.8436005115509033,createsims_gromacs_energy_minimization,spot,0.5415,0.00023433347543080647,0.0001268915769457817
420,c7g-16xlarge-spot,/home/vanessa/Desktop/Code/mummi-experiments/experiments/aws-march-2025/cpu-node-selector/monitor/cpu-spot/data/structure_053380283/createsim-c7g-16xlarge/createsims-times.json,createsims_mdrun_lipids_water_8,1.4859366416931152,createsims_mdrun_lipids_water,spot,0.5415,0.00041276017824808754,0.0002235096365213394
421,c7g-16xlarge-spot,/home/vanessa/Desktop/Code/mummi-experiments/experiments/aws-march-2025/cpu-node-selector/monitor/cpu-spot/data/structure_053380283/createsim-c7g-16xlarge/createsims-times.json,createsims_trjconv_lipids_water_8,0.16495490074157715,createsims_trjconv_lipids_water,spot,0.5415,4.5820805761549204e-05,2.481196631987889e-05
422,c7g-16xlarge-spot,/home/vanessa/Desktop/Code/mummi-experiments/experiments/aws-march-2025/cpu-node-selector/monitor/cpu-spot/data/structure_053380283/createsim-c7g-16xlarge/createsims-times.json,createsims_gromacs_energy_minimization_9,0.8382613658905029,createsims_gromacs_energy_minimization,spot,0.5415,0.0002328503794140286,0.00012608848045269648
423,c7g-16xlarge-spot,/home/vanessa/Desktop/Code/mummi-experiments/experiments/aws-march-2025/cpu-node-selector/monitor/cpu-spot/data/structure_053380283/createsim-c7g-16xlarge/createsims-times.json,createsims_mdrun_lipids_water_9,1.4852817058563232,createsims_mdrun_lipids_water,spot,0.5415,0.0004125782516267564,0.0002234111232558886
424,c7g-16xlarge-spot,/home/vanessa/Desktop/Code/mummi-experiments/experiments/aws-march-2025/cpu-node-selector/monitor/cpu-spot/data/structure_053380283/createsim-c7g-16xlarge/createsims-times.json,createsims_trjconv_lipids_water_9,0.1647017002105713,createsims_trjconv_lipids_water,spot,0.5415,4.5750472280714246e-05,2.4773880740006762e-05
425,c7g-16xlarge-spot,/home/vanessa/Desktop/Code/mummi-experiments/experiments/aws-march-2025/cpu-node-selector/monitor/cpu-spot/data/structure_053380283/createsim-c7g-16xlarge/createsims-times.json,createsims_gromacs_make_ndx_9,0.4642298221588135,createsims_gromacs_make_ndx,spot,0.5415,0.0001289527283774482,6.982790241638819e-05
426,c7g-16xlarge-spot,/home/vanessa/Desktop/Code/mummi-experiments/experiments/aws-march-2025/cpu-node-selector/monitor/cpu-spot/data/structure_053380283/createsim-c7g-16xlarge/createsims-times.json,createsims_generate_velocities_0,33.086207151412964,createsims_generate_velocities,spot,0.5415,0.009190613097614712,0.0049767169923583664
427,c7g-16xlarge-spot,/home/vanessa/Desktop/Code/mummi-experiments/experiments/aws-march-2025/cpu-node-selector/monitor/cpu-spot/data/structure_053380283/createsim-c7g-16xlarge/createsims-times.json,createsims_short_equilibration_0,69.07381439208984,createsims_short_equilibration,spot,0.5415,0.0191871706644694,0.010389852914810179
428,c7g-16xlarge-spot,/home/vanessa/Desktop/Code/mummi-experiments/experiments/aws-march-2025/cpu-node-selector/monitor/cpu-spot/data/structure_053380283/createsim-c7g-16xlarge/createsims-times.json,createsims_pull_molecules_0,274.3034677505493,createsims_pull_molecules,spot,0.5415,0.07619540770848592,0.04125981327414512
429,c7g-16xlarge-spot,/home/vanessa/Desktop/Code/mummi-experiments/experiments/aws-march-2025/cpu-node-selector/monitor/cpu-spot/data/structure_053380283/createsim-c7g-16xlarge/createsims-times.json,createsims_relax_protein,22.643608331680298,createsims_relax_protein,spot,0.5415,0.006289891203244527,0.003405976086556911
430,c7g-16xlarge-spot,/home/vanessa/Desktop/Code/mummi-experiments/experiments/aws-march-2025/cpu-node-selector/monitor/cpu-spot/data/structure_053380283/createsim-c7g-16xlarge/createsims-times.json,createsims_short_equilibration_20fs,69.45053625106812,createsims_short_equilibration,spot,0.5415,0.019291815625296697,0.010446518161098161
431,c7g-16xlarge-spot,/home/vanessa/Desktop/Code/mummi-experiments/experiments/aws-march-2025/cpu-node-selector/monitor/cpu-spot/data/structure_053380283/createsim-c7g-16xlarge/createsims-times.json,createsims_prime_cg_sim,1.0930030345916748,createsims_prime_cg_sim,spot,0.5415,0.000303611954053243,0.00016440587311983108
432,m6g-16xlarge-spot,/home/vanessa/Desktop/Code/mummi-experiments/experiments/aws-march-2025/cpu-node-selector/monitor/cpu-spot/data/structure_053380283/createsim-m6g-16xlarge/createsims-times.json,createsim_runtime,618.3775918483734,createsim_runtime,spot,0.6519,0.17177155329121482,0.11197787559054295
433,m6g-16xlarge-spot,/home/vanessa/Desktop/Code/mummi-experiments/experiments/aws-march-2025/cpu-node-selector/monitor/cpu-spot/data/structure_053380283/createsim-m6g-16xlarge/createsims-times.json,createsims_create_cg_patch,0.0011429786682128906,createsims_create_cg_patch,spot,0.6519,3.1749407450358076e-07,2.069743871688843e-07
434,m6g-16xlarge-spot,/home/vanessa/Desktop/Code/mummi-experiments/experiments/aws-march-2025/cpu-node-selector/monitor/cpu-spot/data/structure_053380283/createsim-m6g-16xlarge/createsims-times.json,createsims_setup_cg_sim,616.8686964511871,createsims_setup_cg_sim,spot,0.6519,0.17135241568088533,0.11170463978236915
435,m6g-16xlarge-spot,/home/vanessa/Desktop/Code/mummi-experiments/experiments/aws-march-2025/cpu-node-selector/monitor/cpu-spot/data/structure_053380283/createsim-m6g-16xlarge/createsims-times.json,createsims_gromacs_energy_minimization_0,1.1436500549316406,createsims_gromacs_energy_minimization,spot,0.6519,0.0003176805708143446,0.00020709596411387125
436,m6g-16xlarge-spot,/home/vanessa/Desktop/Code/mummi-experiments/experiments/aws-march-2025/cpu-node-selector/monitor/cpu-spot/data/structure_053380283/createsim-m6g-16xlarge/createsims-times.json,createsims_mdrun_lipids_water_0,2.069894552230835,createsims_mdrun_lipids_water,spot,0.6519,0.0005749707089530097,0.0003748234051664671
437,m6g-16xlarge-spot,/home/vanessa/Desktop/Code/mummi-experiments/experiments/aws-march-2025/cpu-node-selector/monitor/cpu-spot/data/structure_053380283/createsim-m6g-16xlarge/createsims-times.json,createsims_trjconv_lipids_water_0,0.22128057479858398,createsims_trjconv_lipids_water,spot,0.6519,6.146682633293999e-05,4.007022408644358e-05
438,m6g-16xlarge-spot,/home/vanessa/Desktop/Code/mummi-experiments/experiments/aws-march-2025/cpu-node-selector/monitor/cpu-spot/data/structure_053380283/createsim-m6g-16xlarge/createsims-times.json,createsims_gromacs_make_ndx_0,0.794999361038208,createsims_gromacs_make_ndx,spot,0.6519,0.00022083315584394667,0.00014396113429466885
439,m6g-16xlarge-spot,/home/vanessa/Desktop/Code/mummi-experiments/experiments/aws-march-2025/cpu-node-selector/monitor/cpu-spot/data/structure_053380283/createsim-m6g-16xlarge/createsims-times.json,createsims_generate_velocities_0,43.36813497543335,createsims_generate_velocities,spot,0.6519,0.012046704159842598,0.00785324644180139
440,m6g-16xlarge-spot,/home/vanessa/Desktop/Code/mummi-experiments/experiments/aws-march-2025/cpu-node-selector/monitor/cpu-spot/data/structure_053380283/createsim-m6g-16xlarge/createsims-times.json,createsims_short_equilibration_0,88.7351975440979,createsims_short_equilibration,spot,0.6519,0.02464866598447164,0.016068465355277062
441,m6g-16xlarge-spot,/home/vanessa/Desktop/Code/mummi-experiments/experiments/aws-march-2025/cpu-node-selector/monitor/cpu-spot/data/structure_053380283/createsim-m6g-16xlarge/createsims-times.json,createsims_pull_molecules_0,358.90700912475586,createsims_pull_molecules,spot,0.6519,0.09969639142354329,0.06499207756900788
442,m6g-16xlarge-spot,/home/vanessa/Desktop/Code/mummi-experiments/experiments/aws-march-2025/cpu-node-selector/monitor/cpu-spot/data/structure_053380283/createsim-m6g-16xlarge/createsims-times.json,createsims_relax_protein,29.635721445083618,createsims_relax_protein,spot,0.6519,0.00823214484585656,0.005366535225013892
443,m6g-16xlarge-spot,/home/vanessa/Desktop/Code/mummi-experiments/experiments/aws-march-2025/cpu-node-selector/monitor/cpu-spot/data/structure_053380283/createsim-m6g-16xlarge/createsims-times.json,createsims_short_equilibration_20fs,89.27928113937378,createsims_short_equilibration,spot,0.6519,0.024799800316492714,0.0161669898263216
444,m6g-16xlarge-spot,/home/vanessa/Desktop/Code/mummi-experiments/experiments/aws-march-2025/cpu-node-selector/monitor/cpu-spot/data/structure_053380283/createsim-m6g-16xlarge/createsims-times.json,createsims_prime_cg_sim,1.4845671653747559,createsims_prime_cg_sim,spot,0.6519,0.00041237976815965436,0.0002688303708632787
445,c7g-16xlarge-spot,/home/vanessa/Desktop/Code/mummi-experiments/experiments/aws-march-2025/cpu-node-selector/monitor/cpu-spot/data/structure_094014361/createsim-c7g-16xlarge/createsims-times.json,createsim_runtime,480.2017095088959,createsim_runtime,spot,0.5415,0.13338936375247107,0.07223034047196308
446,c7g-16xlarge-spot,/home/vanessa/Desktop/Code/mummi-experiments/experiments/aws-march-2025/cpu-node-selector/monitor/cpu-spot/data/structure_094014361/createsim-c7g-16xlarge/createsims-times.json,createsims_create_cg_patch,0.0008862018585205078,createsims_create_cg_patch,spot,0.5415,2.461671829223633e-07,1.332995295524597e-07
447,c7g-16xlarge-spot,/home/vanessa/Desktop/Code/mummi-experiments/experiments/aws-march-2025/cpu-node-selector/monitor/cpu-spot/data/structure_094014361/createsim-c7g-16xlarge/createsims-times.json,createsims_setup_cg_sim,479.0887813568115,createsims_setup_cg_sim,spot,0.5415,0.13308021704355874,0.07206293752908706
448,c7g-16xlarge-spot,/home/vanessa/Desktop/Code/mummi-experiments/experiments/aws-march-2025/cpu-node-selector/monitor/cpu-spot/data/structure_094014361/createsim-c7g-16xlarge/createsims-times.json,createsims_gromacs_energy_minimization_0,0.8410797119140625,createsims_gromacs_energy_minimization,spot,0.5415,0.0002336332533094618,0.00012651240666707356
449,c7g-16xlarge-spot,/home/vanessa/Desktop/Code/mummi-experiments/experiments/aws-march-2025/cpu-node-selector/monitor/cpu-spot/data/structure_094014361/createsim-c7g-16xlarge/createsims-times.json,createsims_mdrun_lipids_water_0,1.5050528049468994,createsims_mdrun_lipids_water,spot,0.5415,0.0004180702235963609,0.00022638502607742942
450,c7g-16xlarge-spot,/home/vanessa/Desktop/Code/mummi-experiments/experiments/aws-march-2025/cpu-node-selector/monitor/cpu-spot/data/structure_094014361/createsim-c7g-16xlarge/createsims-times.json,createsims_trjconv_lipids_water_0,0.16504144668579102,createsims_trjconv_lipids_water,spot,0.5415,4.5844846301608616e-05,2.4824984272321065e-05
451,c7g-16xlarge-spot,/home/vanessa/Desktop/Code/mummi-experiments/experiments/aws-march-2025/cpu-node-selector/monitor/cpu-spot/data/structure_094014361/createsim-c7g-16xlarge/createsims-times.json,createsims_gromacs_make_ndx_0,0.46672701835632324,createsims_gromacs_make_ndx,spot,0.5415,0.00012964639398786756,7.020352234443027e-05
452,c7g-16xlarge-spot,/home/vanessa/Desktop/Code/mummi-experiments/experiments/aws-march-2025/cpu-node-selector/monitor/cpu-spot/data/structure_094014361/createsim-c7g-16xlarge/createsims-times.json,createsims_generate_velocities_0,33.21438193321228,createsims_generate_velocities,spot,0.5415,0.00922621720367008,0.004995996615787347
453,c7g-16xlarge-spot,/home/vanessa/Desktop/Code/mummi-experiments/experiments/aws-march-2025/cpu-node-selector/monitor/cpu-spot/data/structure_094014361/createsim-c7g-16xlarge/createsims-times.json,createsims_short_equilibration_0,69.73050260543823,createsims_short_equilibration,spot,0.5415,0.019369584057066177,0.010488629766901335
454,c7g-16xlarge-spot,/home/vanessa/Desktop/Code/mummi-experiments/experiments/aws-march-2025/cpu-node-selector/monitor/cpu-spot/data/structure_094014361/createsim-c7g-16xlarge/createsims-times.json,createsims_pull_molecules_0,279.9189929962158,createsims_pull_molecules,spot,0.5415,0.07775527583228217,0.0421044818631808
455,c7g-16xlarge-spot,/home/vanessa/Desktop/Code/mummi-experiments/experiments/aws-march-2025/cpu-node-selector/monitor/cpu-spot/data/structure_094014361/createsim-c7g-16xlarge/createsims-times.json,createsims_relax_protein,22.535322666168213,createsims_relax_protein,spot,0.5415,0.006259811851713393,0.0033896881177028024
456,c7g-16xlarge-spot,/home/vanessa/Desktop/Code/mummi-experiments/experiments/aws-march-2025/cpu-node-selector/monitor/cpu-spot/data/structure_094014361/createsim-c7g-16xlarge/createsims-times.json,createsims_short_equilibration_20fs,68.43784594535828,createsims_short_equilibration,spot,0.5415,0.019010512762599522,0.010294192660947641
457,c7g-16xlarge-spot,/home/vanessa/Desktop/Code/mummi-experiments/experiments/aws-march-2025/cpu-node-selector/monitor/cpu-spot/data/structure_094014361/createsim-c7g-16xlarge/createsims-times.json,createsims_prime_cg_sim,1.0958936214447021,createsims_prime_cg_sim,spot,0.5415,0.0003044148948457506,0.00016484066555897393
458,m6g-16xlarge-spot,/home/vanessa/Desktop/Code/mummi-experiments/experiments/aws-march-2025/cpu-node-selector/monitor/cpu-spot/data/structure_094014361/createsim-m6g-16xlarge/createsims-times.json,createsim_runtime,627.5726156234741,createsim_runtime,spot,0.6519,0.17432572656207615,0.11364294114581745
459,m6g-16xlarge-spot,/home/vanessa/Desktop/Code/mummi-experiments/experiments/aws-march-2025/cpu-node-selector/monitor/cpu-spot/data/structure_094014361/createsim-m6g-16xlarge/createsims-times.json,createsims_create_cg_patch,0.0011610984802246094,createsims_create_cg_patch,spot,0.6519,3.2252735561794707e-07,2.102555831273397e-07
460,m6g-16xlarge-spot,/home/vanessa/Desktop/Code/mummi-experiments/experiments/aws-march-2025/cpu-node-selector/monitor/cpu-spot/data/structure_094014361/createsim-m6g-16xlarge/createsims-times.json,createsims_setup_cg_sim,626.0855770111084,createsims_setup_cg_sim,spot,0.6519,0.17391266028086344,0.11337366323709488
461,m6g-16xlarge-spot,/home/vanessa/Desktop/Code/mummi-experiments/experiments/aws-march-2025/cpu-node-selector/monitor/cpu-spot/data/structure_094014361/createsim-m6g-16xlarge/createsims-times.json,createsims_gromacs_energy_minimization_0,1.145521879196167,createsims_gromacs_energy_minimization,spot,0.6519,0.0003182005219989353,0.00020743492029110596
462,m6g-16xlarge-spot,/home/vanessa/Desktop/Code/mummi-experiments/experiments/aws-march-2025/cpu-node-selector/monitor/cpu-spot/data/structure_094014361/createsim-m6g-16xlarge/createsims-times.json,createsims_mdrun_lipids_water_0,2.098618984222412,createsims_mdrun_lipids_water,spot,0.6519,0.000582949717839559,0.00038002492105960854
463,m6g-16xlarge-spot,/home/vanessa/Desktop/Code/mummi-experiments/experiments/aws-march-2025/cpu-node-selector/monitor/cpu-spot/data/structure_094014361/createsim-m6g-16xlarge/createsims-times.json,createsims_trjconv_lipids_water_0,0.2376115322113037,createsims_trjconv_lipids_water,spot,0.6519,6.60032033920288e-05,4.3027488291263576e-05
464,m6g-16xlarge-spot,/home/vanessa/Desktop/Code/mummi-experiments/experiments/aws-march-2025/cpu-node-selector/monitor/cpu-spot/data/structure_094014361/createsim-m6g-16xlarge/createsims-times.json,createsims_gromacs_make_ndx_0,0.8059372901916504,createsims_gromacs_make_ndx,spot,0.6519,0.00022387146949768067,0.00014594181096553804
465,m6g-16xlarge-spot,/home/vanessa/Desktop/Code/mummi-experiments/experiments/aws-march-2025/cpu-node-selector/monitor/cpu-spot/data/structure_094014361/createsim-m6g-16xlarge/createsims-times.json,createsims_generate_velocities_0,43.516684770584106,createsims_generate_velocities,spot,0.6519,0.01208796799182892,0.007880146333873272
466,m6g-16xlarge-spot,/home/vanessa/Desktop/Code/mummi-experiments/experiments/aws-march-2025/cpu-node-selector/monitor/cpu-spot/data/structure_094014361/createsim-m6g-16xlarge/createsims-times.json,createsims_short_equilibration_0,89.77029943466187,createsims_short_equilibration,spot,0.6519,0.024936194287406073,0.01625590505596002
467,m6g-16xlarge-spot,/home/vanessa/Desktop/Code/mummi-experiments/experiments/aws-march-2025/cpu-node-selector/monitor/cpu-spot/data/structure_094014361/createsim-m6g-16xlarge/createsims-times.json,createsims_pull_molecules_0,365.489953994751,createsims_pull_molecules,spot,0.6519,0.10152498722076417,0.06618413916921616
468,m6g-16xlarge-spot,/home/vanessa/Desktop/Code/mummi-experiments/experiments/aws-march-2025/cpu-node-selector/monitor/cpu-spot/data/structure_094014361/createsim-m6g-16xlarge/createsims-times.json,createsims_relax_protein,29.585286140441895,createsims_relax_protein,spot,0.6519,0.008218135039011637,0.005357402231931686
469,m6g-16xlarge-spot,/home/vanessa/Desktop/Code/mummi-experiments/experiments/aws-march-2025/cpu-node-selector/monitor/cpu-spot/data/structure_094014361/createsim-m6g-16xlarge/createsims-times.json,createsims_short_equilibration_20fs,90.69939804077148,createsims_short_equilibration,spot,0.6519,0.025194277233547634,0.016424149328549704
470,m6g-16xlarge-spot,/home/vanessa/Desktop/Code/mummi-experiments/experiments/aws-march-2025/cpu-node-selector/monitor/cpu-spot/data/structure_094014361/createsim-m6g-16xlarge/createsims-times.json,createsims_prime_cg_sim,1.4621028900146484,createsims_prime_cg_sim,spot,0.6519,0.00040613969167073563,0.00026476246500015257
471,c7a-12xlarge-spot,/home/vanessa/Desktop/Code/mummi-experiments/experiments/aws-march-2025/cpu-node-selector/monitor/cpu-spot/data/structure_040215781/createsim-c7a-12xlarge/createsims-times.json,createsim_runtime,671.9889001846313,createsim_runtime,spot,0.6458,0.18666358338461983,0.12054734214978749
472,c7a-12xlarge-spot,/home/vanessa/Desktop/Code/mummi-experiments/experiments/aws-march-2025/cpu-node-selector/monitor/cpu-spot/data/structure_040215781/createsim-c7a-12xlarge/createsims-times.json,createsims_create_cg_patch,0.0006396770477294922,createsims_create_cg_patch,spot,0.6458,1.7768806881374784e-07,1.1475095483991836e-07
473,c7a-12xlarge-spot,/home/vanessa/Desktop/Code/mummi-experiments/experiments/aws-march-2025/cpu-node-selector/monitor/cpu-spot/data/structure_040215781/createsim-c7a-12xlarge/createsims-times.json,createsims_setup_cg_sim,671.201719045639,createsims_setup_cg_sim,spot,0.6458,0.18644492195712195,0.12040613059990936
474,c7a-12xlarge-spot,/home/vanessa/Desktop/Code/mummi-experiments/experiments/aws-march-2025/cpu-node-selector/monitor/cpu-spot/data/structure_040215781/createsim-c7a-12xlarge/createsims-times.json,createsims_gromacs_energy_minimization_0,0.5961017608642578,createsims_gromacs_energy_minimization,spot,0.6458,0.00016558382246229384,0.00010693403254614937
475,c7a-12xlarge-spot,/home/vanessa/Desktop/Code/mummi-experiments/experiments/aws-march-2025/cpu-node-selector/monitor/cpu-spot/data/structure_040215781/createsim-c7a-12xlarge/createsims-times.json,createsims_mdrun_lipids_water_0,2.084083080291748,createsims_mdrun_lipids_water,spot,0.6458,0.0005789119667477078,0.00037386134812566975
476,c7a-12xlarge-spot,/home/vanessa/Desktop/Code/mummi-experiments/experiments/aws-march-2025/cpu-node-selector/monitor/cpu-spot/data/structure_040215781/createsim-c7a-12xlarge/createsims-times.json,createsims_trjconv_lipids_water_0,0.14425969123840332,createsims_trjconv_lipids_water,spot,0.6458,4.007213645511203e-05,2.5878585722711352e-05
477,c7a-12xlarge-spot,/home/vanessa/Desktop/Code/mummi-experiments/experiments/aws-march-2025/cpu-node-selector/monitor/cpu-spot/data/structure_040215781/createsim-c7a-12xlarge/createsims-times.json,createsims_gromacs_make_ndx_0,0.31872105598449707,createsims_gromacs_make_ndx,spot,0.6458,8.85336266623603e-05,5.717501609855228e-05
478,c7a-12xlarge-spot,/home/vanessa/Desktop/Code/mummi-experiments/experiments/aws-march-2025/cpu-node-selector/monitor/cpu-spot/data/structure_040215781/createsim-c7a-12xlarge/createsims-times.json,createsims_generate_velocities_0,48.883073806762695,createsims_generate_velocities,spot,0.6458,0.013578631612989637,0.008769080295668709
479,c7a-12xlarge-spot,/home/vanessa/Desktop/Code/mummi-experiments/experiments/aws-march-2025/cpu-node-selector/monitor/cpu-spot/data/structure_040215781/createsim-c7a-12xlarge/createsims-times.json,createsims_short_equilibration_0,97.60518336296082,createsims_short_equilibration,spot,0.6458,0.02711255093415578,0.017509285393277802
480,c7a-12xlarge-spot,/home/vanessa/Desktop/Code/mummi-experiments/experiments/aws-march-2025/cpu-node-selector/monitor/cpu-spot/data/structure_040215781/createsim-c7a-12xlarge/createsims-times.json,createsims_pull_molecules_0,392.86096811294556,createsims_pull_molecules,spot,0.6458,0.10912804669804044,0.07047489255759452
481,c7a-12xlarge-spot,/home/vanessa/Desktop/Code/mummi-experiments/experiments/aws-march-2025/cpu-node-selector/monitor/cpu-spot/data/structure_040215781/createsim-c7a-12xlarge/createsims-times.json,createsims_relax_protein,30.819096326828003,createsims_relax_protein,spot,0.6458,0.008560860090785556,0.0055286034466293125
482,c7a-12xlarge-spot,/home/vanessa/Desktop/Code/mummi-experiments/experiments/aws-march-2025/cpu-node-selector/monitor/cpu-spot/data/structure_040215781/createsim-c7a-12xlarge/createsims-times.json,createsims_short_equilibration_20fs,95.80191135406494,createsims_short_equilibration,spot,0.6458,0.026611642042795817,0.01718579843123754
483,c7a-12xlarge-spot,/home/vanessa/Desktop/Code/mummi-experiments/experiments/aws-march-2025/cpu-node-selector/monitor/cpu-spot/data/structure_040215781/createsim-c7a-12xlarge/createsims-times.json,createsims_prime_cg_sim,0.7769873142242432,createsims_prime_cg_sim,spot,0.6458,0.0002158298095067342,0.00013938289097944895
484,c7a-12xlarge-spot,/home/vanessa/Desktop/Code/mummi-experiments/experiments/aws-march-2025/cpu-node-selector/monitor/cpu-spot/data/structure_048812821/createsim-c7a-12xlarge/createsims-times.json,createsim_runtime,560.8071949481964,createsim_runtime,spot,0.6458,0.155779776374499,0.10060257958265145
485,c7a-12xlarge-spot,/home/vanessa/Desktop/Code/mummi-experiments/experiments/aws-march-2025/cpu-node-selector/monitor/cpu-spot/data/structure_048812821/createsim-c7a-12xlarge/createsims-times.json,createsims_create_cg_patch,0.0006346702575683594,createsims_create_cg_patch,spot,0.6458,1.7629729376898872e-07,1.1385279231601293e-07
486,c7a-12xlarge-spot,/home/vanessa/Desktop/Code/mummi-experiments/experiments/aws-march-2025/cpu-node-selector/monitor/cpu-spot/data/structure_048812821/createsim-c7a-12xlarge/createsims-times.json,createsims_setup_cg_sim,560.0326323509216,createsims_setup_cg_sim,spot,0.6458,0.15556462009747823,0.10046363165895145
487,c7a-12xlarge-spot,/home/vanessa/Desktop/Code/mummi-experiments/experiments/aws-march-2025/cpu-node-selector/monitor/cpu-spot/data/structure_048812821/createsim-c7a-12xlarge/createsims-times.json,createsims_gromacs_energy_minimization_0,0.5865437984466553,createsims_gromacs_energy_minimization,spot,0.6458,0.00016292883290184868,0.00010521944028801389
488,c7a-12xlarge-spot,/home/vanessa/Desktop/Code/mummi-experiments/experiments/aws-march-2025/cpu-node-selector/monitor/cpu-spot/data/structure_048812821/createsim-c7a-12xlarge/createsims-times.json,createsims_mdrun_lipids_water_0,1.5997223854064941,createsims_mdrun_lipids_water,spot,0.6458,0.0004443673292795817,0.0002869724212487539
489,c7a-12xlarge-spot,/home/vanessa/Desktop/Code/mummi-experiments/experiments/aws-march-2025/cpu-node-selector/monitor/cpu-spot/data/structure_048812821/createsim-c7a-12xlarge/createsims-times.json,createsims_trjconv_lipids_water_0,0.1425642967224121,createsims_trjconv_lipids_water,spot,0.6458,3.960119353400337e-05,2.5574450784259377e-05
490,c7a-12xlarge-spot,/home/vanessa/Desktop/Code/mummi-experiments/experiments/aws-march-2025/cpu-node-selector/monitor/cpu-spot/data/structure_048812821/createsim-c7a-12xlarge/createsims-times.json,createsims_gromacs_make_ndx_0,0.41992712020874023,createsims_gromacs_make_ndx,spot,0.6458,0.00011664642228020562,7.533025950855679e-05
491,c7a-12xlarge-spot,/home/vanessa/Desktop/Code/mummi-experiments/experiments/aws-march-2025/cpu-node-selector/monitor/cpu-spot/data/structure_048812821/createsim-c7a-12xlarge/createsims-times.json,createsims_generate_velocities_0,40.27819776535034,createsims_generate_velocities,spot,0.6458,0.011188388268152874,0.007225461143573126
492,c7a-12xlarge-spot,/home/vanessa/Desktop/Code/mummi-experiments/experiments/aws-march-2025/cpu-node-selector/monitor/cpu-spot/data/structure_048812821/createsim-c7a-12xlarge/createsims-times.json,createsims_short_equilibration_0,80.11740827560425,createsims_short_equilibration,spot,0.6458,0.02225483563211229,0.014372172851218118
493,c7a-12xlarge-spot,/home/vanessa/Desktop/Code/mummi-experiments/experiments/aws-march-2025/cpu-node-selector/monitor/cpu-spot/data/structure_048812821/createsim-c7a-12xlarge/createsims-times.json,createsims_pull_molecules_0,328.64963150024414,createsims_pull_molecules,spot,0.6458,0.09129156430562337,0.05895609222857157
494,c7a-12xlarge-spot,/home/vanessa/Desktop/Code/mummi-experiments/experiments/aws-march-2025/cpu-node-selector/monitor/cpu-spot/data/structure_048812821/createsim-c7a-12xlarge/createsims-times.json,createsims_relax_protein,26.036587238311768,createsims_relax_protein,spot,0.6458,0.007232385343975491,0.004670674455139373
495,c7a-12xlarge-spot,/home/vanessa/Desktop/Code/mummi-experiments/experiments/aws-march-2025/cpu-node-selector/monitor/cpu-spot/data/structure_048812821/createsim-c7a-12xlarge/createsims-times.json,createsims_short_equilibration_20fs,80.19504976272583,createsims_short_equilibration,spot,0.6458,0.022276402711868284,0.01438610087132454
496,c7a-12xlarge-spot,/home/vanessa/Desktop/Code/mummi-experiments/experiments/aws-march-2025/cpu-node-selector/monitor/cpu-spot/data/structure_048812821/createsim-c7a-12xlarge/createsims-times.json,createsims_prime_cg_sim,0.7644364833831787,createsims_prime_cg_sim,spot,0.6458,0.00021234346760643852,0.000137131411380238
497,c6in-12xlarge-spot,/home/vanessa/Desktop/Code/mummi-experiments/experiments/aws-march-2025/cpu-node-selector/monitor/cpu-spot/data/structure_032996713/createsim-c6in-12xlarge/createsims-times.json,createsim_runtime,1159.269386291504,createsim_runtime,spot,0.8272,0.3220192739698622,0.26637434342787003
498,c6in-12xlarge-spot,/home/vanessa/Desktop/Code/mummi-experiments/experiments/aws-march-2025/cpu-node-selector/monitor/cpu-spot/data/structure_032996713/createsim-c6in-12xlarge/createsims-times.json,createsims_create_cg_patch,0.0006859302520751953,createsims_create_cg_patch,spot,0.8272,1.905361811319987e-07,1.5761152903238933e-07
499,c6in-12xlarge-spot,/home/vanessa/Desktop/Code/mummi-experiments/experiments/aws-march-2025/cpu-node-selector/monitor/cpu-spot/data/structure_032996713/createsim-c6in-12xlarge/createsims-times.json,createsims_setup_cg_sim,1158.3776648044586,createsims_setup_cg_sim,spot,0.8272,0.3217715735567941,0.26616944564618006
500,c6in-12xlarge-spot,/home/vanessa/Desktop/Code/mummi-experiments/experiments/aws-march-2025/cpu-node-selector/monitor/cpu-spot/data/structure_032996713/createsim-c6in-12xlarge/createsims-times.json,createsims_gromacs_energy_minimization_0,0.6737635135650635,createsims_gromacs_energy_minimization,spot,0.8272,0.00018715653154585096,0.00015481588289472794
501,c6in-12xlarge-spot,/home/vanessa/Desktop/Code/mummi-experiments/experiments/aws-march-2025/cpu-node-selector/monitor/cpu-spot/data/structure_032996713/createsim-c6in-12xlarge/createsims-times.json,createsims_mdrun_lipids_water_0,4.104545593261719,createsims_mdrun_lipids_water,spot,0.8272,0.0011401515536838107,0.0009431333652072482
502,c6in-12xlarge-spot,/home/vanessa/Desktop/Code/mummi-experiments/experiments/aws-march-2025/cpu-node-selector/monitor/cpu-spot/data/structure_032996713/createsim-c6in-12xlarge/createsims-times.json,createsims_trjconv_lipids_water_0,0.16216158866882324,createsims_trjconv_lipids_water,spot,0.8272,4.504488574133979e-05,3.7261129485236275e-05
503,c6in-12xlarge-spot,/home/vanessa/Desktop/Code/mummi-experiments/experiments/aws-march-2025/cpu-node-selector/monitor/cpu-spot/data/structure_032996713/createsim-c6in-12xlarge/createsims-times.json,createsims_gromacs_make_ndx_0,0.3444645404815674,createsims_gromacs_make_ndx,spot,0.8272,9.568459457821316e-05,7.915029663509793e-05
504,c6in-12xlarge-spot,/home/vanessa/Desktop/Code/mummi-experiments/experiments/aws-march-2025/cpu-node-selector/monitor/cpu-spot/data/structure_032996713/createsim-c6in-12xlarge/createsims-times.json,createsims_generate_velocities_0,81.73127293586731,createsims_generate_velocities,spot,0.8272,0.022703131371074253,0.018780030270152622
505,c6in-12xlarge-spot,/home/vanessa/Desktop/Code/mummi-experiments/experiments/aws-march-2025/cpu-node-selector/monitor/cpu-spot/data/structure_032996713/createsim-c6in-12xlarge/createsims-times.json,createsims_short_equilibration_0,167.98134541511536,createsims_short_equilibration,spot,0.8272,0.04666148483753205,0.038598380257606514
506,c6in-12xlarge-spot,/home/vanessa/Desktop/Code/mummi-experiments/experiments/aws-march-2025/cpu-node-selector/monitor/cpu-spot/data/structure_032996713/createsim-c6in-12xlarge/createsims-times.json,createsims_pull_molecules_0,680.2922871112823,createsims_pull_molecules,spot,0.8272,0.18897007975313398,0.15631604997179244
507,c6in-12xlarge-spot,/home/vanessa/Desktop/Code/mummi-experiments/experiments/aws-march-2025/cpu-node-selector/monitor/cpu-spot/data/structure_032996713/createsim-c6in-12xlarge/createsims-times.json,createsims_relax_protein,52.188398361206055,createsims_relax_protein,spot,0.8272,0.014496777322557238,0.011991734201219349
508,c6in-12xlarge-spot,/home/vanessa/Desktop/Code/mummi-experiments/experiments/aws-march-2025/cpu-node-selector/monitor/cpu-spot/data/structure_032996713/createsim-c6in-12xlarge/createsims-times.json,createsims_short_equilibration_20fs,168.8319821357727,createsims_short_equilibration,spot,0.8272,0.04689777281549242,0.03879383767297533
509,c6in-12xlarge-spot,/home/vanessa/Desktop/Code/mummi-experiments/experiments/aws-march-2025/cpu-node-selector/monitor/cpu-spot/data/structure_032996713/createsim-c6in-12xlarge/createsims-times.json,createsims_prime_cg_sim,0.8795022964477539,createsims_prime_cg_sim,spot,0.8272,0.0002443061934577094,0.00020209008322821722
510,c7a-12xlarge-spot,/home/vanessa/Desktop/Code/mummi-experiments/experiments/aws-march-2025/cpu-node-selector/monitor/cpu-spot/data/structure_032996713/createsim-c7a-12xlarge/createsims-times.json,createsim_runtime,673.8304014205933,createsim_runtime,spot,0.6458,0.18717511150572036,0.12087768701039421
511,c7a-12xlarge-spot,/home/vanessa/Desktop/Code/mummi-experiments/experiments/aws-march-2025/cpu-node-selector/monitor/cpu-spot/data/structure_032996713/createsim-c7a-12xlarge/createsims-times.json,createsims_create_cg_patch,0.0006618499755859375,createsims_create_cg_patch,spot,0.6458,1.838472154405382e-07,1.1872853173149957e-07
512,c7a-12xlarge-spot,/home/vanessa/Desktop/Code/mummi-experiments/experiments/aws-march-2025/cpu-node-selector/monitor/cpu-spot/data/structure_032996713/createsim-c7a-12xlarge/createsims-times.json,createsims_setup_cg_sim,673.0259668827057,createsims_setup_cg_sim,spot,0.6458,0.18695165746741826,0.12073338039245872
513,c7a-12xlarge-spot,/home/vanessa/Desktop/Code/mummi-experiments/experiments/aws-march-2025/cpu-node-selector/monitor/cpu-spot/data/structure_032996713/createsim-c7a-12xlarge/createsims-times.json,createsims_gromacs_energy_minimization_0,0.6349718570709229,createsims_gromacs_energy_minimization,spot,0.6458,0.00017638107140858968,0.00011390689591566722
514,c7a-12xlarge-spot,/home/vanessa/Desktop/Code/mummi-experiments/experiments/aws-march-2025/cpu-node-selector/monitor/cpu-spot/data/structure_032996713/createsim-c7a-12xlarge/createsims-times.json,createsims_mdrun_lipids_water_0,2.2697272300720215,createsims_mdrun_lipids_water,spot,0.6458,0.000630479786131117,0.0004071638458834754
515,c7a-12xlarge-spot,/home/vanessa/Desktop/Code/mummi-experiments/experiments/aws-march-2025/cpu-node-selector/monitor/cpu-spot/data/structure_032996713/createsim-c7a-12xlarge/createsims-times.json,createsims_trjconv_lipids_water_0,0.15091705322265625,createsims_trjconv_lipids_water,spot,0.6458,4.192140367296007e-05,2.7072842491997615e-05
516,c7a-12xlarge-spot,/home/vanessa/Desktop/Code/mummi-experiments/experiments/aws-march-2025/cpu-node-selector/monitor/cpu-spot/data/structure_032996713/createsim-c7a-12xlarge/createsims-times.json,createsims_gromacs_make_ndx_0,0.34577274322509766,createsims_gromacs_make_ndx,spot,0.6458,9.604798422919379e-05,6.202778821521335e-05
517,c7a-12xlarge-spot,/home/vanessa/Desktop/Code/mummi-experiments/experiments/aws-march-2025/cpu-node-selector/monitor/cpu-spot/data/structure_032996713/createsim-c7a-12xlarge/createsims-times.json,createsims_generate_velocities_0,47.48129487037659,createsims_generate_velocities,spot,0.6458,0.013189248575104609,0.008517616729802557
518,c7a-12xlarge-spot,/home/vanessa/Desktop/Code/mummi-experiments/experiments/aws-march-2025/cpu-node-selector/monitor/cpu-spot/data/structure_032996713/createsim-c7a-12xlarge/createsims-times.json,createsims_short_equilibration_0,98.15257453918457,createsims_short_equilibration,spot,0.6458,0.02726460403866238,0.017607481288168168
519,c7a-12xlarge-spot,/home/vanessa/Desktop/Code/mummi-experiments/experiments/aws-march-2025/cpu-node-selector/monitor/cpu-spot/data/structure_032996713/createsim-c7a-12xlarge/createsims-times.json,createsims_pull_molecules_0,393.13141083717346,createsims_pull_molecules,spot,0.6458,0.10920316967699263,0.07052340697740185
520,c7a-12xlarge-spot,/home/vanessa/Desktop/Code/mummi-experiments/experiments/aws-march-2025/cpu-node-selector/monitor/cpu-spot/data/structure_032996713/createsim-c7a-12xlarge/createsims-times.json,createsims_relax_protein,31.355681657791138,createsims_relax_protein,spot,0.6458,0.008709911571608648,0.005624860892944865
521,c7a-12xlarge-spot,/home/vanessa/Desktop/Code/mummi-experiments/experiments/aws-march-2025/cpu-node-selector/monitor/cpu-spot/data/structure_032996713/createsim-c7a-12xlarge/createsims-times.json,createsims_short_equilibration_20fs,97.45468521118164,createsims_short_equilibration,spot,0.6458,0.0270707458919949,0.017482287697050305
522,c7a-12xlarge-spot,/home/vanessa/Desktop/Code/mummi-experiments/experiments/aws-march-2025/cpu-node-selector/monitor/cpu-spot/data/structure_032996713/createsim-c7a-12xlarge/createsims-times.json,createsims_prime_cg_sim,0.7936935424804688,createsims_prime_cg_sim,spot,0.6458,0.00022047042846679685,0.00014237980270385742
523,c7a-12xlarge-spot,/home/vanessa/Desktop/Code/mummi-experiments/experiments/aws-march-2025/cpu-node-selector/monitor/cpu-spot/data/structure_089380731/createsim-c7a-12xlarge/createsims-times.json,createsim_runtime,559.9763765335083,createsim_runtime,spot,0.6458,0.15554899348153006,0.10045353999037213
524,c7a-12xlarge-spot,/home/vanessa/Desktop/Code/mummi-experiments/experiments/aws-march-2025/cpu-node-selector/monitor/cpu-spot/data/structure_089380731/createsim-c7a-12xlarge/createsims-times.json,createsims_create_cg_patch,0.0006351470947265625,createsims_create_cg_patch,spot,0.6458,1.7642974853515625e-07,1.1393833160400392e-07
525,c7a-12xlarge-spot,/home/vanessa/Desktop/Code/mummi-experiments/experiments/aws-march-2025/cpu-node-selector/monitor/cpu-spot/data/structure_089380731/createsim-c7a-12xlarge/createsims-times.json,createsims_setup_cg_sim,559.2032887935638,createsims_setup_cg_sim,spot,0.6458,0.15533424688710104,0.10031485663968986
526,c7a-12xlarge-spot,/home/vanessa/Desktop/Code/mummi-experiments/experiments/aws-march-2025/cpu-node-selector/monitor/cpu-spot/data/structure_089380731/createsim-c7a-12xlarge/createsims-times.json,createsims_gromacs_energy_minimization_0,0.5945711135864258,createsims_gromacs_energy_minimization,spot,0.6458,0.00016515864266289604,0.00010665945143169827
527,c7a-12xlarge-spot,/home/vanessa/Desktop/Code/mummi-experiments/experiments/aws-march-2025/cpu-node-selector/monitor/cpu-spot/data/structure_089380731/createsim-c7a-12xlarge/createsims-times.json,createsims_mdrun_lipids_water_0,1.7416799068450928,createsims_mdrun_lipids_water,spot,0.6458,0.0004837999741236369,0.0003124380232890447
528,c7a-12xlarge-spot,/home/vanessa/Desktop/Code/mummi-experiments/experiments/aws-march-2025/cpu-node-selector/monitor/cpu-spot/data/structure_089380731/createsim-c7a-12xlarge/createsims-times.json,createsims_trjconv_lipids_water_0,0.14259982109069824,createsims_trjconv_lipids_water,spot,0.6458,3.961106141408285e-05,2.5580823461214705e-05
529,c7a-12xlarge-spot,/home/vanessa/Desktop/Code/mummi-experiments/experiments/aws-march-2025/cpu-node-selector/monitor/cpu-spot/data/structure_089380731/createsim-c7a-12xlarge/createsims-times.json,createsims_gromacs_make_ndx_0,0.3189671039581299,createsims_gromacs_make_ndx,spot,0.6458,8.860197332170275e-05,5.721915437115564e-05
530,c7a-12xlarge-spot,/home/vanessa/Desktop/Code/mummi-experiments/experiments/aws-march-2025/cpu-node-selector/monitor/cpu-spot/data/structure_089380731/createsim-c7a-12xlarge/createsims-times.json,createsims_generate_velocities_0,39.16356039047241,createsims_generate_velocities,spot,0.6458,0.010878766775131225,0.007025507583379745
531,c7a-12xlarge-spot,/home/vanessa/Desktop/Code/mummi-experiments/experiments/aws-march-2025/cpu-node-selector/monitor/cpu-spot/data/structure_089380731/createsim-c7a-12xlarge/createsims-times.json,createsims_short_equilibration_0,80.47820544242859,createsims_short_equilibration,spot,0.6458,0.022355057067341273,0.014436895854088994
532,c7a-12xlarge-spot,/home/vanessa/Desktop/Code/mummi-experiments/experiments/aws-march-2025/cpu-node-selector/monitor/cpu-spot/data/structure_089380731/createsim-c7a-12xlarge/createsims-times.json,createsims_pull_molecules_0,328.75223660469055,createsims_pull_molecules,spot,0.6458,0.09132006572352515,0.058974498444252545
533,c7a-12xlarge-spot,/home/vanessa/Desktop/Code/mummi-experiments/experiments/aws-march-2025/cpu-node-selector/monitor/cpu-spot/data/structure_089380731/createsim-c7a-12xlarge/createsims-times.json,createsims_relax_protein,25.657866954803467,createsims_relax_protein,spot,0.6458,0.007127185265223185,0.004602736244281133
534,c7a-12xlarge-spot,/home/vanessa/Desktop/Code/mummi-experiments/experiments/aws-march-2025/cpu-node-selector/monitor/cpu-spot/data/structure_089380731/createsim-c7a-12xlarge/createsims-times.json,createsims_short_equilibration_20fs,80.34798574447632,createsims_short_equilibration,spot,0.6458,0.022318884929021197,0.01441353588716189
535,c7a-12xlarge-spot,/home/vanessa/Desktop/Code/mummi-experiments/experiments/aws-march-2025/cpu-node-selector/monitor/cpu-spot/data/structure_089380731/createsim-c7a-12xlarge/createsims-times.json,createsims_prime_cg_sim,0.7628824710845947,createsims_prime_cg_sim,spot,0.6458,0.00021191179752349853,0.00013685263884067537
536,c7a-12xlarge-spot,/home/vanessa/Desktop/Code/mummi-experiments/experiments/aws-march-2025/cpu-node-selector/monitor/cpu-spot/data/structure_073955966/createsim-c7a-12xlarge/createsims-times.json,createsim_runtime,669.0800893306732,createsim_runtime,spot,0.6458,0.18585558036963146,0.120025533802708
537,c7a-12xlarge-spot,/home/vanessa/Desktop/Code/mummi-experiments/experiments/aws-march-2025/cpu-node-selector/monitor/cpu-spot/data/structure_073955966/createsim-c7a-12xlarge/createsims-times.json,createsims_create_cg_patch,0.0006649494171142578,createsims_create_cg_patch,spot,0.6458,1.8470817142062717e-07,1.1928453710344103e-07
538,c7a-12xlarge-spot,/home/vanessa/Desktop/Code/mummi-experiments/experiments/aws-march-2025/cpu-node-selector/monitor/cpu-spot/data/structure_073955966/createsim-c7a-12xlarge/createsims-times.json,createsims_setup_cg_sim,668.2533967494965,createsims_setup_cg_sim,spot,0.6458,0.18562594354152678,0.11987723433911801
539,c7a-12xlarge-spot,/home/vanessa/Desktop/Code/mummi-experiments/experiments/aws-march-2025/cpu-node-selector/monitor/cpu-spot/data/structure_073955966/createsim-c7a-12xlarge/createsims-times.json,createsims_gromacs_energy_minimization_0,0.6329238414764404,createsims_gromacs_energy_minimization,spot,0.6458,0.00017581217818790013,0.00011353950467374592
540,c7a-12xlarge-spot,/home/vanessa/Desktop/Code/mummi-experiments/experiments/aws-march-2025/cpu-node-selector/monitor/cpu-spot/data/structure_073955966/createsim-c7a-12xlarge/createsims-times.json,createsims_mdrun_lipids_water_0,1.9831316471099854,createsims_mdrun_lipids_water,spot,0.6458,0.0005508699019749959,0.0003557517826954524
541,c7a-12xlarge-spot,/home/vanessa/Desktop/Code/mummi-experiments/experiments/aws-march-2025/cpu-node-selector/monitor/cpu-spot/data/structure_073955966/createsim-c7a-12xlarge/createsims-times.json,createsims_trjconv_lipids_water_0,0.14884471893310547,createsims_trjconv_lipids_water,spot,0.6458,4.134575525919596e-05,2.6701088746388755e-05
542,c7a-12xlarge-spot,/home/vanessa/Desktop/Code/mummi-experiments/experiments/aws-march-2025/cpu-node-selector/monitor/cpu-spot/data/structure_073955966/createsim-c7a-12xlarge/createsims-times.json,createsims_gromacs_make_ndx_0,0.3546454906463623,createsims_gromacs_make_ndx,spot,0.6458,9.85126362906562e-05,6.361946051650578e-05
543,c7a-12xlarge-spot,/home/vanessa/Desktop/Code/mummi-experiments/experiments/aws-march-2025/cpu-node-selector/monitor/cpu-spot/data/structure_073955966/createsim-c7a-12xlarge/createsims-times.json,createsims_generate_velocities_0,45.5571825504303,createsims_generate_velocities,spot,0.6458,0.012654772930675082,0.008172452358629968
544,c7a-12xlarge-spot,/home/vanessa/Desktop/Code/mummi-experiments/experiments/aws-march-2025/cpu-node-selector/monitor/cpu-spot/data/structure_073955966/createsim-c7a-12xlarge/createsims-times.json,createsims_short_equilibration_0,96.177978515625,createsims_short_equilibration,spot,0.6458,0.026716105143229165,0.017253260701497394
545,c7a-12xlarge-spot,/home/vanessa/Desktop/Code/mummi-experiments/experiments/aws-march-2025/cpu-node-selector/monitor/cpu-spot/data/structure_073955966/createsim-c7a-12xlarge/createsims-times.json,createsims_pull_molecules_0,390.919251203537,createsims_pull_molecules,spot,0.6458,0.10858868088987138,0.07012657011867894
546,c7a-12xlarge-spot,/home/vanessa/Desktop/Code/mummi-experiments/experiments/aws-march-2025/cpu-node-selector/monitor/cpu-spot/data/structure_073955966/createsim-c7a-12xlarge/createsims-times.json,createsims_relax_protein,30.98428463935852,createsims_relax_protein,spot,0.6458,0.008606745733155145,0.005558236394471593
547,c7a-12xlarge-spot,/home/vanessa/Desktop/Code/mummi-experiments/experiments/aws-march-2025/cpu-node-selector/monitor/cpu-spot/data/structure_073955966/createsim-c7a-12xlarge/createsims-times.json,createsims_short_equilibration_20fs,99.39290523529053,createsims_short_equilibration,spot,0.6458,0.02760914034313626,0.017829982833597397
548,c7a-12xlarge-spot,/home/vanessa/Desktop/Code/mummi-experiments/experiments/aws-march-2025/cpu-node-selector/monitor/cpu-spot/data/structure_073955966/createsim-c7a-12xlarge/createsims-times.json,createsims_prime_cg_sim,0.816234827041626,createsims_prime_cg_sim,spot,0.6458,0.00022673189640045165,0.0001464234586954117
549,c7g-16xlarge,/home/vanessa/Desktop/Code/mummi-experiments/experiments/aws-march-2025/cpu-node-selector/monitor/cpu-autoscale-2/data/structure_061040488/createsim-c7g-16xlarge/createsims-times.json,createsim_runtime,468.20813941955566,createsim_runtime,on-demand,2.32,0.13005781650543213,0.30173413429260254
550,c7g-16xlarge,/home/vanessa/Desktop/Code/mummi-experiments/experiments/aws-march-2025/cpu-node-selector/monitor/cpu-autoscale-2/data/structure_061040488/createsim-c7g-16xlarge/createsims-times.json,createsims_create_cg_patch,0.0009324550628662109,createsims_create_cg_patch,on-demand,2.32,2.5901529524061414e-07,6.009154849582247e-07
551,c7g-16xlarge,/home/vanessa/Desktop/Code/mummi-experiments/experiments/aws-march-2025/cpu-node-selector/monitor/cpu-autoscale-2/data/structure_061040488/createsim-c7g-16xlarge/createsims-times.json,createsims_setup_cg_sim,467.0960717201233,createsims_setup_cg_sim,on-demand,2.32,0.12974890881114537,0.3010174684418572
552,c7g-16xlarge,/home/vanessa/Desktop/Code/mummi-experiments/experiments/aws-march-2025/cpu-node-selector/monitor/cpu-autoscale-2/data/structure_061040488/createsim-c7g-16xlarge/createsims-times.json,createsims_gromacs_energy_minimization_0,0.8379459381103516,createsims_gromacs_energy_minimization,on-demand,2.32,0.00023276276058620875,0.0005400096045600043
553,c7g-16xlarge,/home/vanessa/Desktop/Code/mummi-experiments/experiments/aws-march-2025/cpu-node-selector/monitor/cpu-autoscale-2/data/structure_061040488/createsim-c7g-16xlarge/createsims-times.json,createsims_mdrun_lipids_water_0,1.533062219619751,createsims_mdrun_lipids_water,on-demand,2.32,0.00042585061656104194,0.0009879734304216172
554,c7g-16xlarge,/home/vanessa/Desktop/Code/mummi-experiments/experiments/aws-march-2025/cpu-node-selector/monitor/cpu-autoscale-2/data/structure_061040488/createsim-c7g-16xlarge/createsims-times.json,createsims_trjconv_lipids_water_0,0.16550087928771973,createsims_trjconv_lipids_water,on-demand,2.32,4.597246646881104e-05,0.0001066561222076416
555,c7g-16xlarge,/home/vanessa/Desktop/Code/mummi-experiments/experiments/aws-march-2025/cpu-node-selector/monitor/cpu-autoscale-2/data/structure_061040488/createsim-c7g-16xlarge/createsims-times.json,createsims_gromacs_make_ndx_0,0.4654541015625,createsims_gromacs_make_ndx,on-demand,2.32,0.00012929280598958332,0.0002999593098958333
556,c7g-16xlarge,/home/vanessa/Desktop/Code/mummi-experiments/experiments/aws-march-2025/cpu-node-selector/monitor/cpu-autoscale-2/data/structure_061040488/createsim-c7g-16xlarge/createsims-times.json,createsims_generate_velocities_0,34.465999126434326,createsims_generate_velocities,on-demand,2.32,0.009573888646231758,0.022211421659257678
557,c7g-16xlarge,/home/vanessa/Desktop/Code/mummi-experiments/experiments/aws-march-2025/cpu-node-selector/monitor/cpu-autoscale-2/data/structure_061040488/createsim-c7g-16xlarge/createsims-times.json,createsims_short_equilibration_0,67.35141777992249,createsims_short_equilibration,on-demand,2.32,0.018708727161089577,0.04340424701372782
558,c7g-16xlarge,/home/vanessa/Desktop/Code/mummi-experiments/experiments/aws-march-2025/cpu-node-selector/monitor/cpu-autoscale-2/data/structure_061040488/createsim-c7g-16xlarge/createsims-times.json,createsims_pull_molecules_0,270.18875455856323,createsims_pull_molecules,on-demand,2.32,0.07505243182182311,0.17412164182662962
559,c7g-16xlarge,/home/vanessa/Desktop/Code/mummi-experiments/experiments/aws-march-2025/cpu-node-selector/monitor/cpu-autoscale-2/data/structure_061040488/createsim-c7g-16xlarge/createsims-times.json,createsims_relax_protein,22.139188289642334,createsims_relax_protein,on-demand,2.32,0.006149774524900648,0.014267476897769504
560,c7g-16xlarge,/home/vanessa/Desktop/Code/mummi-experiments/experiments/aws-march-2025/cpu-node-selector/monitor/cpu-autoscale-2/data/structure_061040488/createsim-c7g-16xlarge/createsims-times.json,createsims_short_equilibration_20fs,67.67476677894592,createsims_short_equilibration,on-demand,2.32,0.018798546327484976,0.04361262747976514
561,c7g-16xlarge,/home/vanessa/Desktop/Code/mummi-experiments/experiments/aws-march-2025/cpu-node-selector/monitor/cpu-autoscale-2/data/structure_061040488/createsim-c7g-16xlarge/createsims-times.json,createsims_prime_cg_sim,1.094897747039795,createsims_prime_cg_sim,on-demand,2.32,0.0003041382630666097,0.0007056007703145344
562,hpc7g-16xlarge,/home/vanessa/Desktop/Code/mummi-experiments/experiments/aws-march-2025/cpu-node-selector/monitor/cpu-autoscale-2/data/structure_061040488/createsim-hpc7g-16xlarge/createsims-times.json,createsim_runtime,484.8094630241394,createsim_runtime,on-demand,1.683,0.13466929528448318,0.2266484239637852
563,hpc7g-16xlarge,/home/vanessa/Desktop/Code/mummi-experiments/experiments/aws-march-2025/cpu-node-selector/monitor/cpu-autoscale-2/data/structure_061040488/createsim-hpc7g-16xlarge/createsims-times.json,createsims_create_cg_patch,0.0008931159973144531,createsims_create_cg_patch,on-demand,1.683,2.480877770317925e-07,4.175317287445068e-07
564,hpc7g-16xlarge,/home/vanessa/Desktop/Code/mummi-experiments/experiments/aws-march-2025/cpu-node-selector/monitor/cpu-autoscale-2/data/structure_061040488/createsim-hpc7g-16xlarge/createsims-times.json,createsims_setup_cg_sim,483.6972818374634,createsims_setup_cg_sim,on-demand,1.683,0.13436035606596206,0.22612847925901414
565,hpc7g-16xlarge,/home/vanessa/Desktop/Code/mummi-experiments/experiments/aws-march-2025/cpu-node-selector/monitor/cpu-autoscale-2/data/structure_061040488/createsim-hpc7g-16xlarge/createsims-times.json,createsims_gromacs_energy_minimization_0,0.8369863033294678,createsims_gromacs_energy_minimization,on-demand,1.683,0.00023249619536929662,0.0003912910968065262
566,hpc7g-16xlarge,/home/vanessa/Desktop/Code/mummi-experiments/experiments/aws-march-2025/cpu-node-selector/monitor/cpu-autoscale-2/data/structure_061040488/createsim-hpc7g-16xlarge/createsims-times.json,createsims_mdrun_lipids_water_0,1.487335205078125,createsims_mdrun_lipids_water,on-demand,1.683,0.00041314866807725694,0.0006953292083740234
567,hpc7g-16xlarge,/home/vanessa/Desktop/Code/mummi-experiments/experiments/aws-march-2025/cpu-node-selector/monitor/cpu-autoscale-2/data/structure_061040488/createsim-hpc7g-16xlarge/createsims-times.json,createsims_trjconv_lipids_water_0,0.16469311714172363,createsims_trjconv_lipids_water,on-demand,1.683,4.574808809492323e-05,7.69940322637558e-05
568,hpc7g-16xlarge,/home/vanessa/Desktop/Code/mummi-experiments/experiments/aws-march-2025/cpu-node-selector/monitor/cpu-autoscale-2/data/structure_061040488/createsim-hpc7g-16xlarge/createsims-times.json,createsims_gromacs_make_ndx_0,0.4643068313598633,createsims_gromacs_make_ndx,on-demand,1.683,0.00012897411982218425,0.0002170634436607361
569,hpc7g-16xlarge,/home/vanessa/Desktop/Code/mummi-experiments/experiments/aws-march-2025/cpu-node-selector/monitor/cpu-autoscale-2/data/structure_061040488/createsim-hpc7g-16xlarge/createsims-times.json,createsims_generate_velocities_0,34.68091607093811,createsims_generate_velocities,on-demand,1.683,0.009633587797482808,0.016213328263163566
570,hpc7g-16xlarge,/home/vanessa/Desktop/Code/mummi-experiments/experiments/aws-march-2025/cpu-node-selector/monitor/cpu-autoscale-2/data/structure_061040488/createsim-hpc7g-16xlarge/createsims-times.json,createsims_short_equilibration_0,69.2688570022583,createsims_short_equilibration,on-demand,1.683,0.01924134916729397,0.03238319064855576
571,hpc7g-16xlarge,/home/vanessa/Desktop/Code/mummi-experiments/experiments/aws-march-2025/cpu-node-selector/monitor/cpu-autoscale-2/data/structure_061040488/createsim-hpc7g-16xlarge/createsims-times.json,createsims_pull_molecules_0,282.67562651634216,createsims_pull_molecules,on-demand,1.683,0.0785210073656506,0.13215085539638996
572,hpc7g-16xlarge,/home/vanessa/Desktop/Code/mummi-experiments/experiments/aws-march-2025/cpu-node-selector/monitor/cpu-autoscale-2/data/structure_061040488/createsim-hpc7g-16xlarge/createsims-times.json,createsims_relax_protein,22.86207389831543,createsims_relax_protein,on-demand,1.683,0.006350576082865397,0.010688019547462464
573,hpc7g-16xlarge,/home/vanessa/Desktop/Code/mummi-experiments/experiments/aws-march-2025/cpu-node-selector/monitor/cpu-autoscale-2/data/structure_061040488/createsim-hpc7g-16xlarge/createsims-times.json,createsims_short_equilibration_20fs,68.98557734489441,createsims_short_equilibration,on-demand,1.683,0.01916266037358178,0.03225075740873814
574,hpc7g-16xlarge,/home/vanessa/Desktop/Code/mummi-experiments/experiments/aws-march-2025/cpu-node-selector/monitor/cpu-autoscale-2/data/structure_061040488/createsim-hpc7g-16xlarge/createsims-times.json,createsims_prime_cg_sim,1.095045566558838,createsims_prime_cg_sim,on-demand,1.683,0.00030417932404412163,0.0005119338023662567
575,m6g-16xlarge,/home/vanessa/Desktop/Code/mummi-experiments/experiments/aws-march-2025/cpu-node-selector/monitor/cpu-autoscale-2/data/structure_061040488/createsim-m6g-16xlarge/createsims-times.json,createsim_runtime,626.2731676101685,createsim_runtime,on-demand,2.464,0.17396476878060235,0.4286491902754042
576,m6g-16xlarge,/home/vanessa/Desktop/Code/mummi-experiments/experiments/aws-march-2025/cpu-node-selector/monitor/cpu-autoscale-2/data/structure_061040488/createsim-m6g-16xlarge/createsims-times.json,createsims_create_cg_patch,0.001127004623413086,createsims_create_cg_patch,on-demand,2.464,3.130568398369683e-07,7.713720533582898e-07
577,m6g-16xlarge,/home/vanessa/Desktop/Code/mummi-experiments/experiments/aws-march-2025/cpu-node-selector/monitor/cpu-autoscale-2/data/structure_061040488/createsim-m6g-16xlarge/createsims-times.json,createsims_setup_cg_sim,624.7314252853394,createsims_setup_cg_sim,on-demand,2.464,0.17353650702370535,0.42759395330641
578,m6g-16xlarge,/home/vanessa/Desktop/Code/mummi-experiments/experiments/aws-march-2025/cpu-node-selector/monitor/cpu-autoscale-2/data/structure_061040488/createsim-m6g-16xlarge/createsims-times.json,createsims_gromacs_energy_minimization_0,1.216843843460083,createsims_gromacs_energy_minimization,on-demand,2.464,0.00033801217873891197,0.000832862008412679
579,m6g-16xlarge,/home/vanessa/Desktop/Code/mummi-experiments/experiments/aws-march-2025/cpu-node-selector/monitor/cpu-autoscale-2/data/structure_061040488/createsim-m6g-16xlarge/createsims-times.json,createsims_mdrun_lipids_water_0,2.072958469390869,createsims_mdrun_lipids_water,on-demand,2.464,0.0005758217970530192,0.0014188249079386394
580,m6g-16xlarge,/home/vanessa/Desktop/Code/mummi-experiments/experiments/aws-march-2025/cpu-node-selector/monitor/cpu-autoscale-2/data/structure_061040488/createsim-m6g-16xlarge/createsims-times.json,createsims_trjconv_lipids_water_0,0.22038602828979492,createsims_trjconv_lipids_water,on-demand,2.464,6.12183411916097e-05,0.00015084199269612628
581,m6g-16xlarge,/home/vanessa/Desktop/Code/mummi-experiments/experiments/aws-march-2025/cpu-node-selector/monitor/cpu-autoscale-2/data/structure_061040488/createsim-m6g-16xlarge/createsims-times.json,createsims_gromacs_make_ndx_0,0.7886860370635986,createsims_gromacs_make_ndx,on-demand,2.464,0.00021907945473988852,0.0005398117764790853
582,m6g-16xlarge,/home/vanessa/Desktop/Code/mummi-experiments/experiments/aws-march-2025/cpu-node-selector/monitor/cpu-autoscale-2/data/structure_061040488/createsim-m6g-16xlarge/createsims-times.json,createsims_generate_velocities_0,45.18164420127869,createsims_generate_velocities,on-demand,2.464,0.012550456722577413,0.030924325364430745
583,m6g-16xlarge,/home/vanessa/Desktop/Code/mummi-experiments/experiments/aws-march-2025/cpu-node-selector/monitor/cpu-autoscale-2/data/structure_061040488/createsim-m6g-16xlarge/createsims-times.json,createsims_short_equilibration_0,89.31671166419983,createsims_short_equilibration,on-demand,2.464,0.024810197684499952,0.061132327094607884
584,m6g-16xlarge,/home/vanessa/Desktop/Code/mummi-experiments/experiments/aws-march-2025/cpu-node-selector/monitor/cpu-autoscale-2/data/structure_061040488/createsim-m6g-16xlarge/createsims-times.json,createsims_pull_molecules_0,363.21349358558655,createsims_pull_molecules,on-demand,2.464,0.10089263710710737,0.24859945783191256
585,m6g-16xlarge,/home/vanessa/Desktop/Code/mummi-experiments/experiments/aws-march-2025/cpu-node-selector/monitor/cpu-autoscale-2/data/structure_061040488/createsim-m6g-16xlarge/createsims-times.json,createsims_relax_protein,29.630829334259033,createsims_relax_protein,on-demand,2.464,0.008230785926183065,0.02028065652211507
586,m6g-16xlarge,/home/vanessa/Desktop/Code/mummi-experiments/experiments/aws-march-2025/cpu-node-selector/monitor/cpu-autoscale-2/data/structure_061040488/createsim-m6g-16xlarge/createsims-times.json,createsims_short_equilibration_20fs,90.36720204353333,createsims_short_equilibration,on-demand,2.464,0.025102000567648147,0.06185132939868503
587,m6g-16xlarge,/home/vanessa/Desktop/Code/mummi-experiments/experiments/aws-march-2025/cpu-node-selector/monitor/cpu-autoscale-2/data/structure_061040488/createsim-m6g-16xlarge/createsims-times.json,createsims_prime_cg_sim,1.5174100399017334,createsims_prime_cg_sim,on-demand,2.464,0.00042150278886159256,0.0010385828717549641
588,c7g-16xlarge,/home/vanessa/Desktop/Code/mummi-experiments/experiments/aws-march-2025/cpu-node-selector/monitor/cpu-autoscale-2/data/structure_095622279/createsim-c7g-16xlarge/createsims-times.json,createsim_runtime,471.10288667678833,createsim_runtime,on-demand,2.32,0.13086191296577454,0.3035996380805969
589,c7g-16xlarge,/home/vanessa/Desktop/Code/mummi-experiments/experiments/aws-march-2025/cpu-node-selector/monitor/cpu-autoscale-2/data/structure_095622279/createsim-c7g-16xlarge/createsims-times.json,createsims_create_cg_patch,0.0009243488311767578,createsims_create_cg_patch,on-demand,2.32,2.56763564215766e-07,5.956914689805772e-07
590,c7g-16xlarge,/home/vanessa/Desktop/Code/mummi-experiments/experiments/aws-march-2025/cpu-node-selector/monitor/cpu-autoscale-2/data/structure_095622279/createsim-c7g-16xlarge/createsims-times.json,createsims_setup_cg_sim,469.9916880130768,createsims_setup_cg_sim,on-demand,2.32,0.1305532466702991,0.3028835322750939
591,c7g-16xlarge,/home/vanessa/Desktop/Code/mummi-experiments/experiments/aws-march-2025/cpu-node-selector/monitor/cpu-autoscale-2/data/structure_095622279/createsim-c7g-16xlarge/createsims-times.json,createsims_gromacs_energy_minimization_0,0.840977668762207,createsims_gromacs_energy_minimization,on-demand,2.32,0.00023360490798950194,0.0005419633865356444
592,c7g-16xlarge,/home/vanessa/Desktop/Code/mummi-experiments/experiments/aws-march-2025/cpu-node-selector/monitor/cpu-autoscale-2/data/structure_095622279/createsim-c7g-16xlarge/createsims-times.json,createsims_mdrun_lipids_water_0,1.4968104362487793,createsims_mdrun_lipids_water,on-demand,2.32,0.000415780676735772,0.000964611170026991
593,c7g-16xlarge,/home/vanessa/Desktop/Code/mummi-experiments/experiments/aws-march-2025/cpu-node-selector/monitor/cpu-autoscale-2/data/structure_095622279/createsim-c7g-16xlarge/createsims-times.json,createsims_trjconv_lipids_water_0,0.16546058654785156,createsims_trjconv_lipids_water,on-demand,2.32,4.5961274041069875e-05,0.0001066301557752821
594,c7g-16xlarge,/home/vanessa/Desktop/Code/mummi-experiments/experiments/aws-march-2025/cpu-node-selector/monitor/cpu-autoscale-2/data/structure_095622279/createsim-c7g-16xlarge/createsims-times.json,createsims_gromacs_make_ndx_0,0.46568775177001953,createsims_gromacs_make_ndx,on-demand,2.32,0.00012935770882500542,0.00030010988447401254
595,c7g-16xlarge,/home/vanessa/Desktop/Code/mummi-experiments/experiments/aws-march-2025/cpu-node-selector/monitor/cpu-autoscale-2/data/structure_095622279/createsim-c7g-16xlarge/createsims-times.json,createsims_generate_velocities_0,34.20535969734192,createsims_generate_velocities,on-demand,2.32,0.0095014888048172,0.0220434540271759
596,c7g-16xlarge,/home/vanessa/Desktop/Code/mummi-experiments/experiments/aws-march-2025/cpu-node-selector/monitor/cpu-autoscale-2/data/structure_095622279/createsim-c7g-16xlarge/createsims-times.json,createsims_short_equilibration_0,67.95608806610107,createsims_short_equilibration,on-demand,2.32,0.01887669112947252,0.043793923420376246
597,c7g-16xlarge,/home/vanessa/Desktop/Code/mummi-experiments/experiments/aws-march-2025/cpu-node-selector/monitor/cpu-autoscale-2/data/structure_095622279/createsim-c7g-16xlarge/createsims-times.json,createsims_pull_molecules_0,270.623167514801,createsims_pull_molecules,on-demand,2.32,0.07517310208744472,0.17440159684287174
598,c7g-16xlarge,/home/vanessa/Desktop/Code/mummi-experiments/experiments/aws-march-2025/cpu-node-selector/monitor/cpu-autoscale-2/data/structure_095622279/createsim-c7g-16xlarge/createsims-times.json,createsims_relax_protein,22.45565938949585,createsims_relax_protein,on-demand,2.32,0.006237683163748847,0.014471424939897323
599,c7g-16xlarge,/home/vanessa/Desktop/Code/mummi-experiments/experiments/aws-march-2025/cpu-node-selector/monitor/cpu-autoscale-2/data/structure_095622279/createsim-c7g-16xlarge/createsims-times.json,createsims_short_equilibration_20fs,69.51543021202087,createsims_short_equilibration,on-demand,2.32,0.019309841725561352,0.04479883280330233
600,c7g-16xlarge,/home/vanessa/Desktop/Code/mummi-experiments/experiments/aws-march-2025/cpu-node-selector/monitor/cpu-autoscale-2/data/structure_095622279/createsim-c7g-16xlarge/createsims-times.json,createsims_prime_cg_sim,1.0940325260162354,createsims_prime_cg_sim,on-demand,2.32,0.0003038979238933987,0.000705043183432685
601,hpc7g-16xlarge,/home/vanessa/Desktop/Code/mummi-experiments/experiments/aws-march-2025/cpu-node-selector/monitor/cpu-autoscale-2/data/structure_095622279/createsim-hpc7g-16xlarge/createsims-times.json,createsim_runtime,476.67141366004944,createsim_runtime,on-demand,1.683,0.13240872601668038,0.2228438858860731
602,hpc7g-16xlarge,/home/vanessa/Desktop/Code/mummi-experiments/experiments/aws-march-2025/cpu-node-selector/monitor/cpu-autoscale-2/data/structure_095622279/createsim-hpc7g-16xlarge/createsims-times.json,createsims_create_cg_patch,0.0009045600891113281,createsims_create_cg_patch,on-demand,1.683,2.5126669141981336e-07,4.228818416595459e-07
603,hpc7g-16xlarge,/home/vanessa/Desktop/Code/mummi-experiments/experiments/aws-march-2025/cpu-node-selector/monitor/cpu-autoscale-2/data/structure_095622279/createsim-hpc7g-16xlarge/createsims-times.json,createsims_setup_cg_sim,475.56204199790955,createsims_setup_cg_sim,on-demand,1.683,0.13210056722164154,0.22232525463402272
604,hpc7g-16xlarge,/home/vanessa/Desktop/Code/mummi-experiments/experiments/aws-march-2025/cpu-node-selector/monitor/cpu-autoscale-2/data/structure_095622279/createsim-hpc7g-16xlarge/createsims-times.json,createsims_gromacs_energy_minimization_0,0.8406102657318115,createsims_gromacs_energy_minimization,on-demand,1.683,0.00023350285159216987,0.0003929852992296219
605,hpc7g-16xlarge,/home/vanessa/Desktop/Code/mummi-experiments/experiments/aws-march-2025/cpu-node-selector/monitor/cpu-autoscale-2/data/structure_095622279/createsim-hpc7g-16xlarge/createsims-times.json,createsims_mdrun_lipids_water_0,1.5229160785675049,createsims_mdrun_lipids_water,on-demand,1.683,0.00042303224404652913,0.0007119632667303085
606,hpc7g-16xlarge,/home/vanessa/Desktop/Code/mummi-experiments/experiments/aws-march-2025/cpu-node-selector/monitor/cpu-autoscale-2/data/structure_095622279/createsim-hpc7g-16xlarge/createsims-times.json,createsims_trjconv_lipids_water_0,0.16444683074951172,createsims_trjconv_lipids_water,on-demand,1.683,4.56796752081977e-05,7.687889337539672e-05
607,hpc7g-16xlarge,/home/vanessa/Desktop/Code/mummi-experiments/experiments/aws-march-2025/cpu-node-selector/monitor/cpu-autoscale-2/data/structure_095622279/createsim-hpc7g-16xlarge/createsims-times.json,createsims_gromacs_make_ndx_0,0.46544337272644043,createsims_gromacs_make_ndx,on-demand,1.683,0.00012928982575734457,0.0002175947767496109
608,hpc7g-16xlarge,/home/vanessa/Desktop/Code/mummi-experiments/experiments/aws-march-2025/cpu-node-selector/monitor/cpu-autoscale-2/data/structure_095622279/createsim-hpc7g-16xlarge/createsims-times.json,createsims_generate_velocities_0,34.17628335952759,createsims_generate_velocities,on-demand,1.683,0.00949341204431322,0.01597741247057915
609,hpc7g-16xlarge,/home/vanessa/Desktop/Code/mummi-experiments/experiments/aws-march-2025/cpu-node-selector/monitor/cpu-autoscale-2/data/structure_095622279/createsim-hpc7g-16xlarge/createsims-times.json,createsims_short_equilibration_0,67.4737057685852,createsims_short_equilibration,on-demand,1.683,0.018742696046829224,0.031543957446813584
610,hpc7g-16xlarge,/home/vanessa/Desktop/Code/mummi-experiments/experiments/aws-march-2025/cpu-node-selector/monitor/cpu-autoscale-2/data/structure_095622279/createsim-hpc7g-16xlarge/createsims-times.json,createsims_pull_molecules_0,277.9722418785095,createsims_pull_molecules,on-demand,1.683,0.07721451163291931,0.12995202307820322
611,hpc7g-16xlarge,/home/vanessa/Desktop/Code/mummi-experiments/experiments/aws-march-2025/cpu-node-selector/monitor/cpu-autoscale-2/data/structure_095622279/createsim-hpc7g-16xlarge/createsims-times.json,createsims_relax_protein,22.1184024810791,createsims_relax_protein,on-demand,1.683,0.006144000689188639,0.010340353159904479
612,hpc7g-16xlarge,/home/vanessa/Desktop/Code/mummi-experiments/experiments/aws-march-2025/cpu-node-selector/monitor/cpu-autoscale-2/data/structure_095622279/createsim-hpc7g-16xlarge/createsims-times.json,createsims_short_equilibration_20fs,68.54935097694397,createsims_short_equilibration,on-demand,1.683,0.019041486382484436,0.032046821581721306
613,hpc7g-16xlarge,/home/vanessa/Desktop/Code/mummi-experiments/experiments/aws-march-2025/cpu-node-selector/monitor/cpu-autoscale-2/data/structure_095622279/createsim-hpc7g-16xlarge/createsims-times.json,createsims_prime_cg_sim,1.0922188758850098,createsims_prime_cg_sim,on-demand,1.683,0.0003033941321902805,0.0005106123244762421
614,m6g-16xlarge,/home/vanessa/Desktop/Code/mummi-experiments/experiments/aws-march-2025/cpu-node-selector/monitor/cpu-autoscale-2/data/structure_095622279/createsim-m6g-16xlarge/createsims-times.json,createsim_runtime,626.2578411102295,createsim_runtime,on-demand,2.464,0.1739605114195082,0.4286387001376682
615,m6g-16xlarge,/home/vanessa/Desktop/Code/mummi-experiments/experiments/aws-march-2025/cpu-node-selector/monitor/cpu-autoscale-2/data/structure_095622279/createsim-m6g-16xlarge/createsims-times.json,createsims_create_cg_patch,0.0011496543884277344,createsims_create_cg_patch,on-demand,2.464,3.193484412299262e-07,7.868745591905381e-07
616,m6g-16xlarge,/home/vanessa/Desktop/Code/mummi-experiments/experiments/aws-march-2025/cpu-node-selector/monitor/cpu-autoscale-2/data/structure_095622279/createsim-m6g-16xlarge/createsims-times.json,createsims_setup_cg_sim,624.7626945972443,createsims_setup_cg_sim,on-demand,2.464,0.17354519294367898,0.427615355413225
617,m6g-16xlarge,/home/vanessa/Desktop/Code/mummi-experiments/experiments/aws-march-2025/cpu-node-selector/monitor/cpu-autoscale-2/data/structure_095622279/createsim-m6g-16xlarge/createsims-times.json,createsims_gromacs_energy_minimization_0,1.1585979461669922,createsims_gromacs_energy_minimization,on-demand,2.464,0.0003218327628241645,0.0007929959275987413
618,m6g-16xlarge,/home/vanessa/Desktop/Code/mummi-experiments/experiments/aws-march-2025/cpu-node-selector/monitor/cpu-autoscale-2/data/structure_095622279/createsim-m6g-16xlarge/createsims-times.json,createsims_mdrun_lipids_water_0,2.061347246170044,createsims_mdrun_lipids_water,on-demand,2.464,0.0005725964572694567,0.0014108776707119411
619,m6g-16xlarge,/home/vanessa/Desktop/Code/mummi-experiments/experiments/aws-march-2025/cpu-node-selector/monitor/cpu-autoscale-2/data/structure_095622279/createsim-m6g-16xlarge/createsims-times.json,createsims_trjconv_lipids_water_0,0.22147226333618164,createsims_trjconv_lipids_water,on-demand,2.464,6.152007314893935e-05,0.00015158546023898655
620,m6g-16xlarge,/home/vanessa/Desktop/Code/mummi-experiments/experiments/aws-march-2025/cpu-node-selector/monitor/cpu-autoscale-2/data/structure_095622279/createsim-m6g-16xlarge/createsims-times.json,createsims_gromacs_make_ndx_0,0.7987229824066162,createsims_gromacs_make_ndx,on-demand,2.464,0.00022186749511294895,0.0005466815079583062
621,m6g-16xlarge,/home/vanessa/Desktop/Code/mummi-experiments/experiments/aws-march-2025/cpu-node-selector/monitor/cpu-autoscale-2/data/structure_095622279/createsim-m6g-16xlarge/createsims-times.json,createsims_generate_velocities_0,44.3367486000061,createsims_generate_velocities,on-demand,2.464,0.012315763500001695,0.030346041264004177
622,m6g-16xlarge,/home/vanessa/Desktop/Code/mummi-experiments/experiments/aws-march-2025/cpu-node-selector/monitor/cpu-autoscale-2/data/structure_095622279/createsim-m6g-16xlarge/createsims-times.json,createsims_short_equilibration_0,89.93644642829895,createsims_short_equilibration,on-demand,2.464,0.024982346230083042,0.061556501110924616
623,m6g-16xlarge,/home/vanessa/Desktop/Code/mummi-experiments/experiments/aws-march-2025/cpu-node-selector/monitor/cpu-autoscale-2/data/structure_095622279/createsim-m6g-16xlarge/createsims-times.json,createsims_pull_molecules_0,364.6837635040283,createsims_pull_molecules,on-demand,2.464,0.10130104541778565,0.24960577590942382
624,m6g-16xlarge,/home/vanessa/Desktop/Code/mummi-experiments/experiments/aws-march-2025/cpu-node-selector/monitor/cpu-autoscale-2/data/structure_095622279/createsim-m6g-16xlarge/createsims-times.json,createsims_relax_protein,29.384483098983765,createsims_relax_protein,on-demand,2.464,0.00816235641638438,0.02011204620997111
625,m6g-16xlarge,/home/vanessa/Desktop/Code/mummi-experiments/experiments/aws-march-2025/cpu-node-selector/monitor/cpu-autoscale-2/data/structure_095622279/createsim-m6g-16xlarge/createsims-times.json,createsims_short_equilibration_20fs,89.45729970932007,createsims_short_equilibration,on-demand,2.464,0.024849249919255575,0.061228551801045736
626,m6g-16xlarge,/home/vanessa/Desktop/Code/mummi-experiments/experiments/aws-march-2025/cpu-node-selector/monitor/cpu-autoscale-2/data/structure_095622279/createsim-m6g-16xlarge/createsims-times.json,createsims_prime_cg_sim,1.4707539081573486,createsims_prime_cg_sim,on-demand,2.464,0.0004085427522659302,0.001006649341583252
627,c7g-16xlarge,/home/vanessa/Desktop/Code/mummi-experiments/experiments/aws-march-2025/cpu-node-selector/monitor/cpu-autoscale-2/data/structure_051428039/createsim-c7g-16xlarge/createsims-times.json,createsim_runtime,499.2942147254944,createsim_runtime,on-demand,2.32,0.13869283742374844,0.32176738282309636
628,c7g-16xlarge,/home/vanessa/Desktop/Code/mummi-experiments/experiments/aws-march-2025/cpu-node-selector/monitor/cpu-autoscale-2/data/structure_051428039/createsim-c7g-16xlarge/createsims-times.json,createsims_create_cg_patch,0.0008716583251953125,createsims_create_cg_patch,on-demand,2.32,2.4212731255425347e-07,5.617353651258681e-07
629,c7g-16xlarge,/home/vanessa/Desktop/Code/mummi-experiments/experiments/aws-march-2025/cpu-node-selector/monitor/cpu-autoscale-2/data/structure_051428039/createsim-c7g-16xlarge/createsims-times.json,createsims_setup_cg_sim,498.17465567588806,createsims_setup_cg_sim,on-demand,2.32,0.1383818487988578,0.32104588921335003
630,c7g-16xlarge,/home/vanessa/Desktop/Code/mummi-experiments/experiments/aws-march-2025/cpu-node-selector/monitor/cpu-autoscale-2/data/structure_051428039/createsim-c7g-16xlarge/createsims-times.json,createsims_gromacs_energy_minimization_0,0.8399574756622314,createsims_gromacs_energy_minimization,on-demand,2.32,0.0002333215210172865,0.0005413059287601047
631,c7g-16xlarge,/home/vanessa/Desktop/Code/mummi-experiments/experiments/aws-march-2025/cpu-node-selector/monitor/cpu-autoscale-2/data/structure_051428039/createsim-c7g-16xlarge/createsims-times.json,createsims_mdrun_lipids_water_0,0.11882257461547852,createsims_mdrun_lipids_water,on-demand,2.32,3.300627072652181e-05,7.657454808553059e-05
632,c7g-16xlarge,/home/vanessa/Desktop/Code/mummi-experiments/experiments/aws-march-2025/cpu-node-selector/monitor/cpu-autoscale-2/data/structure_051428039/createsim-c7g-16xlarge/createsims-times.json,createsims_trjconv_lipids_water_0,0.16534757614135742,createsims_trjconv_lipids_water,on-demand,2.32,4.592988226148817e-05,0.00010655732684665254
633,c7g-16xlarge,/home/vanessa/Desktop/Code/mummi-experiments/experiments/aws-march-2025/cpu-node-selector/monitor/cpu-autoscale-2/data/structure_051428039/createsim-c7g-16xlarge/createsims-times.json,createsims_gromacs_energy_minimization_1,0.837132453918457,createsims_gromacs_energy_minimization,on-demand,2.32,0.00023253679275512696,0.0005394853591918945
634,c7g-16xlarge,/home/vanessa/Desktop/Code/mummi-experiments/experiments/aws-march-2025/cpu-node-selector/monitor/cpu-autoscale-2/data/structure_051428039/createsim-c7g-16xlarge/createsims-times.json,createsims_mdrun_lipids_water_1,1.4680323600769043,createsims_mdrun_lipids_water,on-demand,2.32,0.00040778676668802897,0.0009460652987162272
635,c7g-16xlarge,/home/vanessa/Desktop/Code/mummi-experiments/experiments/aws-march-2025/cpu-node-selector/monitor/cpu-autoscale-2/data/structure_051428039/createsim-c7g-16xlarge/createsims-times.json,createsims_trjconv_lipids_water_1,0.1641530990600586,createsims_trjconv_lipids_water,on-demand,2.32,4.55980830722385e-05,0.00010578755272759332
636,c7g-16xlarge,/home/vanessa/Desktop/Code/mummi-experiments/experiments/aws-march-2025/cpu-node-selector/monitor/cpu-autoscale-2/data/structure_051428039/createsim-c7g-16xlarge/createsims-times.json,createsims_gromacs_energy_minimization_2,0.8408222198486328,createsims_gromacs_energy_minimization,on-demand,2.32,0.00023356172773573132,0.0005418632083468967
637,c7g-16xlarge,/home/vanessa/Desktop/Code/mummi-experiments/experiments/aws-march-2025/cpu-node-selector/monitor/cpu-autoscale-2/data/structure_051428039/createsim-c7g-16xlarge/createsims-times.json,createsims_mdrun_lipids_water_2,1.5057175159454346,createsims_mdrun_lipids_water,on-demand,2.32,0.00041825486554039853,0.0009703512880537246
638,c7g-16xlarge,/home/vanessa/Desktop/Code/mummi-experiments/experiments/aws-march-2025/cpu-node-selector/monitor/cpu-autoscale-2/data/structure_051428039/createsim-c7g-16xlarge/createsims-times.json,createsims_trjconv_lipids_water_2,0.1641387939453125,createsims_trjconv_lipids_water,on-demand,2.32,4.559410942925347e-05,0.00010577833387586805
639,c7g-16xlarge,/home/vanessa/Desktop/Code/mummi-experiments/experiments/aws-march-2025/cpu-node-selector/monitor/cpu-autoscale-2/data/structure_051428039/createsim-c7g-16xlarge/createsims-times.json,createsims_gromacs_energy_minimization_3,0.8419697284698486,createsims_gromacs_energy_minimization,on-demand,2.32,0.0002338804801305135,0.0005426027139027913
640,c7g-16xlarge,/home/vanessa/Desktop/Code/mummi-experiments/experiments/aws-march-2025/cpu-node-selector/monitor/cpu-autoscale-2/data/structure_051428039/createsim-c7g-16xlarge/createsims-times.json,createsims_mdrun_lipids_water_3,1.465223789215088,createsims_mdrun_lipids_water,on-demand,2.32,0.0004070066081153022,0.0009442553308275011
641,c7g-16xlarge,/home/vanessa/Desktop/Code/mummi-experiments/experiments/aws-march-2025/cpu-node-selector/monitor/cpu-autoscale-2/data/structure_051428039/createsim-c7g-16xlarge/createsims-times.json,createsims_trjconv_lipids_water_3,0.16497135162353516,createsims_trjconv_lipids_water,on-demand,2.32,4.582537545098199e-05,0.00010631487104627822
642,c7g-16xlarge,/home/vanessa/Desktop/Code/mummi-experiments/experiments/aws-march-2025/cpu-node-selector/monitor/cpu-autoscale-2/data/structure_051428039/createsim-c7g-16xlarge/createsims-times.json,createsims_gromacs_energy_minimization_4,0.8411438465118408,createsims_gromacs_energy_minimization,on-demand,2.32,0.00023365106847551134,0.0005420704788631863
643,c7g-16xlarge,/home/vanessa/Desktop/Code/mummi-experiments/experiments/aws-march-2025/cpu-node-selector/monitor/cpu-autoscale-2/data/structure_051428039/createsim-c7g-16xlarge/createsims-times.json,createsims_mdrun_lipids_water_4,1.5159459114074707,createsims_mdrun_lipids_water,on-demand,2.32,0.00042109608650207523,0.0009769429206848144
644,c7g-16xlarge,/home/vanessa/Desktop/Code/mummi-experiments/experiments/aws-march-2025/cpu-node-selector/monitor/cpu-autoscale-2/data/structure_051428039/createsim-c7g-16xlarge/createsims-times.json,createsims_trjconv_lipids_water_4,0.16439175605773926,createsims_trjconv_lipids_water,on-demand,2.32,4.5664376682705354e-05,0.00010594135390387641
645,c7g-16xlarge,/home/vanessa/Desktop/Code/mummi-experiments/experiments/aws-march-2025/cpu-node-selector/monitor/cpu-autoscale-2/data/structure_051428039/createsim-c7g-16xlarge/createsims-times.json,createsims_gromacs_energy_minimization_5,0.8431682586669922,createsims_gromacs_energy_minimization,on-demand,2.32,0.0002342134051852756,0.0005433751000298394
646,c7g-16xlarge,/home/vanessa/Desktop/Code/mummi-experiments/experiments/aws-march-2025/cpu-node-selector/monitor/cpu-autoscale-2/data/structure_051428039/createsim-c7g-16xlarge/createsims-times.json,createsims_mdrun_lipids_water_5,1.55202317237854,createsims_mdrun_lipids_water,on-demand,2.32,0.00043111754788292784,0.0010001927110883926
647,c7g-16xlarge,/home/vanessa/Desktop/Code/mummi-experiments/experiments/aws-march-2025/cpu-node-selector/monitor/cpu-autoscale-2/data/structure_051428039/createsim-c7g-16xlarge/createsims-times.json,createsims_trjconv_lipids_water_5,0.16503334045410156,createsims_trjconv_lipids_water,on-demand,2.32,4.5842594570583766e-05,0.00010635481940375433
648,c7g-16xlarge,/home/vanessa/Desktop/Code/mummi-experiments/experiments/aws-march-2025/cpu-node-selector/monitor/cpu-autoscale-2/data/structure_051428039/createsim-c7g-16xlarge/createsims-times.json,createsims_gromacs_energy_minimization_6,0.8407282829284668,createsims_gromacs_energy_minimization,on-demand,2.32,0.00023353563414679632,0.0005418026712205674
649,c7g-16xlarge,/home/vanessa/Desktop/Code/mummi-experiments/experiments/aws-march-2025/cpu-node-selector/monitor/cpu-autoscale-2/data/structure_051428039/createsim-c7g-16xlarge/createsims-times.json,createsims_mdrun_lipids_water_6,1.5818486213684082,createsims_mdrun_lipids_water,on-demand,2.32,0.00043940239482455785,0.0010194135559929741
650,c7g-16xlarge,/home/vanessa/Desktop/Code/mummi-experiments/experiments/aws-march-2025/cpu-node-selector/monitor/cpu-autoscale-2/data/structure_051428039/createsim-c7g-16xlarge/createsims-times.json,createsims_trjconv_lipids_water_6,0.16465330123901367,createsims_trjconv_lipids_water,on-demand,2.32,4.5737028121948244e-05,0.00010610990524291991
651,c7g-16xlarge,/home/vanessa/Desktop/Code/mummi-experiments/experiments/aws-march-2025/cpu-node-selector/monitor/cpu-autoscale-2/data/structure_051428039/createsim-c7g-16xlarge/createsims-times.json,createsims_gromacs_energy_minimization_7,0.8404107093811035,createsims_gromacs_energy_minimization,on-demand,2.32,0.00023344741927252877,0.0005415980127122667
652,c7g-16xlarge,/home/vanessa/Desktop/Code/mummi-experiments/experiments/aws-march-2025/cpu-node-selector/monitor/cpu-autoscale-2/data/structure_051428039/createsim-c7g-16xlarge/createsims-times.json,createsims_mdrun_lipids_water_7,1.561889886856079,createsims_mdrun_lipids_water,on-demand,2.32,0.0004338583019044664,0.001006551260418362
653,c7g-16xlarge,/home/vanessa/Desktop/Code/mummi-experiments/experiments/aws-march-2025/cpu-node-selector/monitor/cpu-autoscale-2/data/structure_051428039/createsim-c7g-16xlarge/createsims-times.json,createsims_trjconv_lipids_water_7,0.16506528854370117,createsims_trjconv_lipids_water,on-demand,2.32,4.585146903991699e-05,0.00010637540817260742
654,c7g-16xlarge,/home/vanessa/Desktop/Code/mummi-experiments/experiments/aws-march-2025/cpu-node-selector/monitor/cpu-autoscale-2/data/structure_051428039/createsim-c7g-16xlarge/createsims-times.json,createsims_gromacs_energy_minimization_8,0.8436214923858643,createsims_gromacs_energy_minimization,on-demand,2.32,0.00023433930344051785,0.0005436671839820014
655,c7g-16xlarge,/home/vanessa/Desktop/Code/mummi-experiments/experiments/aws-march-2025/cpu-node-selector/monitor/cpu-autoscale-2/data/structure_051428039/createsim-c7g-16xlarge/createsims-times.json,createsims_mdrun_lipids_water_8,1.503821611404419,createsims_mdrun_lipids_water,on-demand,2.32,0.00041772822539011637,0.0009691294829050699
656,c7g-16xlarge,/home/vanessa/Desktop/Code/mummi-experiments/experiments/aws-march-2025/cpu-node-selector/monitor/cpu-autoscale-2/data/structure_051428039/createsim-c7g-16xlarge/createsims-times.json,createsims_trjconv_lipids_water_8,0.16455650329589844,createsims_trjconv_lipids_water,on-demand,2.32,4.5710139804416234e-05,0.00010604752434624566
657,c7g-16xlarge,/home/vanessa/Desktop/Code/mummi-experiments/experiments/aws-march-2025/cpu-node-selector/monitor/cpu-autoscale-2/data/structure_051428039/createsim-c7g-16xlarge/createsims-times.json,createsims_gromacs_energy_minimization_9,0.8406009674072266,createsims_gromacs_energy_minimization,on-demand,2.32,0.00023350026872422962,0.0005417206234402126
658,c7g-16xlarge,/home/vanessa/Desktop/Code/mummi-experiments/experiments/aws-march-2025/cpu-node-selector/monitor/cpu-autoscale-2/data/structure_051428039/createsim-c7g-16xlarge/createsims-times.json,createsims_mdrun_lipids_water_9,1.4903755187988281,createsims_mdrun_lipids_water,on-demand,2.32,0.00041399319966634116,0.0009604642232259115
659,c7g-16xlarge,/home/vanessa/Desktop/Code/mummi-experiments/experiments/aws-march-2025/cpu-node-selector/monitor/cpu-autoscale-2/data/structure_051428039/createsim-c7g-16xlarge/createsims-times.json,createsims_trjconv_lipids_water_9,0.1648859977722168,createsims_trjconv_lipids_water,on-demand,2.32,4.5801666047838e-05,0.00010625986523098415
660,c7g-16xlarge,/home/vanessa/Desktop/Code/mummi-experiments/experiments/aws-march-2025/cpu-node-selector/monitor/cpu-autoscale-2/data/structure_051428039/createsim-c7g-16xlarge/createsims-times.json,createsims_gromacs_make_ndx_9,0.46539807319641113,createsims_gromacs_make_ndx,on-demand,2.32,0.00012927724255455865,0.00029992320272657604
661,c7g-16xlarge,/home/vanessa/Desktop/Code/mummi-experiments/experiments/aws-march-2025/cpu-node-selector/monitor/cpu-autoscale-2/data/structure_051428039/createsim-c7g-16xlarge/createsims-times.json,createsims_generate_velocities_0,33.694982290267944,createsims_generate_velocities,on-demand,2.32,0.009359717302852207,0.02171454414261712
662,c7g-16xlarge,/home/vanessa/Desktop/Code/mummi-experiments/experiments/aws-march-2025/cpu-node-selector/monitor/cpu-autoscale-2/data/structure_051428039/createsim-c7g-16xlarge/createsims-times.json,createsims_short_equilibration_0,67.67752695083618,createsims_short_equilibration,on-demand,2.32,0.018799313041898937,0.04361440625720553
663,c7g-16xlarge,/home/vanessa/Desktop/Code/mummi-experiments/experiments/aws-march-2025/cpu-node-selector/monitor/cpu-autoscale-2/data/structure_051428039/createsim-c7g-16xlarge/createsims-times.json,createsims_pull_molecules_0,275.15266036987305,createsims_pull_molecules,on-demand,2.32,0.07643129454718696,0.17732060334947372
664,c7g-16xlarge,/home/vanessa/Desktop/Code/mummi-experiments/experiments/aws-march-2025/cpu-node-selector/monitor/cpu-autoscale-2/data/structure_051428039/createsim-c7g-16xlarge/createsims-times.json,createsims_relax_protein,22.650763511657715,createsims_relax_protein,on-demand,2.32,0.006291878753238254,0.014597158707512747
665,c7g-16xlarge,/home/vanessa/Desktop/Code/mummi-experiments/experiments/aws-march-2025/cpu-node-selector/monitor/cpu-autoscale-2/data/structure_051428039/createsim-c7g-16xlarge/createsims-times.json,createsims_short_equilibration_20fs,69.10777401924133,createsims_short_equilibration,on-demand,2.32,0.019196603894233704,0.04453612103462219
666,c7g-16xlarge,/home/vanessa/Desktop/Code/mummi-experiments/experiments/aws-march-2025/cpu-node-selector/monitor/cpu-autoscale-2/data/structure_051428039/createsim-c7g-16xlarge/createsims-times.json,createsims_prime_cg_sim,1.1025140285491943,createsims_prime_cg_sim,on-demand,2.32,0.00030625389681922065,0.0007105090406205919
667,hpc7g-16xlarge,/home/vanessa/Desktop/Code/mummi-experiments/experiments/aws-march-2025/cpu-node-selector/monitor/cpu-autoscale-2/data/structure_051428039/createsim-hpc7g-16xlarge/createsims-times.json,createsim_runtime,475.62392139434814,createsim_runtime,on-demand,1.683,0.13211775594287448,0.22235418325185774
668,hpc7g-16xlarge,/home/vanessa/Desktop/Code/mummi-experiments/experiments/aws-march-2025/cpu-node-selector/monitor/cpu-autoscale-2/data/structure_051428039/createsim-hpc7g-16xlarge/createsims-times.json,createsims_create_cg_patch,0.0008902549743652344,createsims_create_cg_patch,on-demand,1.683,2.4729304843478734e-07,4.161942005157471e-07
669,hpc7g-16xlarge,/home/vanessa/Desktop/Code/mummi-experiments/experiments/aws-march-2025/cpu-node-selector/monitor/cpu-autoscale-2/data/structure_051428039/createsim-hpc7g-16xlarge/createsims-times.json,createsims_setup_cg_sim,474.5155899524689,createsims_setup_cg_sim,on-demand,1.683,0.13180988609790803,0.22183603830277923
670,hpc7g-16xlarge,/home/vanessa/Desktop/Code/mummi-experiments/experiments/aws-march-2025/cpu-node-selector/monitor/cpu-autoscale-2/data/structure_051428039/createsim-hpc7g-16xlarge/createsims-times.json,createsims_gromacs_energy_minimization_0,0.8369743824005127,createsims_gromacs_energy_minimization,on-demand,1.683,0.00023249288400014242,0.0003912855237722397
671,hpc7g-16xlarge,/home/vanessa/Desktop/Code/mummi-experiments/experiments/aws-march-2025/cpu-node-selector/monitor/cpu-autoscale-2/data/structure_051428039/createsim-hpc7g-16xlarge/createsims-times.json,createsims_mdrun_lipids_water_0,1.5571424961090088,createsims_mdrun_lipids_water,on-demand,1.683,0.0004325395822525024,0.0007279641169309615
672,hpc7g-16xlarge,/home/vanessa/Desktop/Code/mummi-experiments/experiments/aws-march-2025/cpu-node-selector/monitor/cpu-autoscale-2/data/structure_051428039/createsim-hpc7g-16xlarge/createsims-times.json,createsims_trjconv_lipids_water_0,0.16509199142456055,createsims_trjconv_lipids_water,on-demand,1.683,4.585888650682237e-05,7.718050599098205e-05
673,hpc7g-16xlarge,/home/vanessa/Desktop/Code/mummi-experiments/experiments/aws-march-2025/cpu-node-selector/monitor/cpu-autoscale-2/data/structure_051428039/createsim-hpc7g-16xlarge/createsims-times.json,createsims_gromacs_make_ndx_0,0.4647693634033203,createsims_gromacs_make_ndx,on-demand,1.683,0.00012910260094536676,0.00021727967739105226
674,hpc7g-16xlarge,/home/vanessa/Desktop/Code/mummi-experiments/experiments/aws-march-2025/cpu-node-selector/monitor/cpu-autoscale-2/data/structure_051428039/createsim-hpc7g-16xlarge/createsims-times.json,createsims_generate_velocities_0,34.315935134887695,createsims_generate_velocities,on-demand,1.683,0.009532204204135471,0.016042699675559997
675,hpc7g-16xlarge,/home/vanessa/Desktop/Code/mummi-experiments/experiments/aws-march-2025/cpu-node-selector/monitor/cpu-autoscale-2/data/structure_051428039/createsim-hpc7g-16xlarge/createsims-times.json,createsims_short_equilibration_0,67.83815026283264,createsims_short_equilibration,on-demand,1.683,0.018843930628564622,0.03171433524787426
676,hpc7g-16xlarge,/home/vanessa/Desktop/Code/mummi-experiments/experiments/aws-march-2025/cpu-node-selector/monitor/cpu-autoscale-2/data/structure_051428039/createsim-hpc7g-16xlarge/createsims-times.json,createsims_pull_molecules_0,275.64694452285767,createsims_pull_molecules,on-demand,1.683,0.0765685957007938,0.12886494656443598
677,hpc7g-16xlarge,/home/vanessa/Desktop/Code/mummi-experiments/experiments/aws-march-2025/cpu-node-selector/monitor/cpu-autoscale-2/data/structure_051428039/createsim-hpc7g-16xlarge/createsims-times.json,createsims_relax_protein,22.24349045753479,createsims_relax_protein,on-demand,1.683,0.006178747349315219,0.010398831788897514
678,hpc7g-16xlarge,/home/vanessa/Desktop/Code/mummi-experiments/experiments/aws-march-2025/cpu-node-selector/monitor/cpu-autoscale-2/data/structure_051428039/createsim-hpc7g-16xlarge/createsims-times.json,createsims_short_equilibration_20fs,69.17193293571472,createsims_short_equilibration,on-demand,1.683,0.01921442581547631,0.03233787864744663
679,hpc7g-16xlarge,/home/vanessa/Desktop/Code/mummi-experiments/experiments/aws-march-2025/cpu-node-selector/monitor/cpu-autoscale-2/data/structure_051428039/createsim-hpc7g-16xlarge/createsims-times.json,createsims_prime_cg_sim,1.0911624431610107,createsims_prime_cg_sim,on-demand,1.683,0.00030310067865583633,0.0005101184421777725
680,m6g-16xlarge,/home/vanessa/Desktop/Code/mummi-experiments/experiments/aws-march-2025/cpu-node-selector/monitor/cpu-autoscale-2/data/structure_051428039/createsim-m6g-16xlarge/createsims-times.json,createsim_runtime,655.7196815013885,createsim_runtime,on-demand,2.464,0.18214435597260792,0.4488036931165059
681,m6g-16xlarge,/home/vanessa/Desktop/Code/mummi-experiments/experiments/aws-march-2025/cpu-node-selector/monitor/cpu-autoscale-2/data/structure_051428039/createsim-m6g-16xlarge/createsims-times.json,createsims_create_cg_patch,0.0012021064758300781,createsims_create_cg_patch,on-demand,2.464,3.3391846550835503e-07,8.227750990125868e-07
682,m6g-16xlarge,/home/vanessa/Desktop/Code/mummi-experiments/experiments/aws-march-2025/cpu-node-selector/monitor/cpu-autoscale-2/data/structure_051428039/createsim-m6g-16xlarge/createsims-times.json,createsims_setup_cg_sim,654.2323160171509,createsims_setup_cg_sim,on-demand,2.464,0.18173119889365302,0.447785674073961
683,m6g-16xlarge,/home/vanessa/Desktop/Code/mummi-experiments/experiments/aws-march-2025/cpu-node-selector/monitor/cpu-autoscale-2/data/structure_051428039/createsim-m6g-16xlarge/createsims-times.json,createsims_gromacs_energy_minimization_0,1.2079932689666748,createsims_gromacs_energy_minimization,on-demand,2.464,0.00033555368582407634,0.0008268042818705241
684,m6g-16xlarge,/home/vanessa/Desktop/Code/mummi-experiments/experiments/aws-march-2025/cpu-node-selector/monitor/cpu-autoscale-2/data/structure_051428039/createsim-m6g-16xlarge/createsims-times.json,createsims_mdrun_lipids_water_0,0.15264105796813965,createsims_mdrun_lipids_water,on-demand,2.464,4.240029388003879e-05,0.00010447432412041557
685,m6g-16xlarge,/home/vanessa/Desktop/Code/mummi-experiments/experiments/aws-march-2025/cpu-node-selector/monitor/cpu-autoscale-2/data/structure_051428039/createsim-m6g-16xlarge/createsims-times.json,createsims_trjconv_lipids_water_0,0.23119807243347168,createsims_trjconv_lipids_water,on-demand,2.464,6.422168678707546e-05,0.00015824223624335393
686,m6g-16xlarge,/home/vanessa/Desktop/Code/mummi-experiments/experiments/aws-march-2025/cpu-node-selector/monitor/cpu-autoscale-2/data/structure_051428039/createsim-m6g-16xlarge/createsims-times.json,createsims_gromacs_energy_minimization_1,1.194887638092041,createsims_gromacs_energy_minimization,on-demand,2.464,0.0003319132328033447,0.0008178342056274414
687,m6g-16xlarge,/home/vanessa/Desktop/Code/mummi-experiments/experiments/aws-march-2025/cpu-node-selector/monitor/cpu-autoscale-2/data/structure_051428039/createsim-m6g-16xlarge/createsims-times.json,createsims_mdrun_lipids_water_1,2.0577309131622314,createsims_mdrun_lipids_water,on-demand,2.464,0.0005715919203228421,0.0014084024916754829
688,m6g-16xlarge,/home/vanessa/Desktop/Code/mummi-experiments/experiments/aws-march-2025/cpu-node-selector/monitor/cpu-autoscale-2/data/structure_051428039/createsim-m6g-16xlarge/createsims-times.json,createsims_trjconv_lipids_water_1,0.22120261192321777,createsims_trjconv_lipids_water,on-demand,2.464,6.14451699786716e-05,0.00015140089882744685
689,m6g-16xlarge,/home/vanessa/Desktop/Code/mummi-experiments/experiments/aws-march-2025/cpu-node-selector/monitor/cpu-autoscale-2/data/structure_051428039/createsim-m6g-16xlarge/createsims-times.json,createsims_gromacs_energy_minimization_2,1.1433885097503662,createsims_gromacs_energy_minimization,on-demand,2.464,0.0003176079193751017,0.0007825859133402506
690,m6g-16xlarge,/home/vanessa/Desktop/Code/mummi-experiments/experiments/aws-march-2025/cpu-node-selector/monitor/cpu-autoscale-2/data/structure_051428039/createsim-m6g-16xlarge/createsims-times.json,createsims_mdrun_lipids_water_2,2.1387431621551514,createsims_mdrun_lipids_water,on-demand,2.464,0.0005940953228208754,0.0014638508754306369
691,m6g-16xlarge,/home/vanessa/Desktop/Code/mummi-experiments/experiments/aws-march-2025/cpu-node-selector/monitor/cpu-autoscale-2/data/structure_051428039/createsim-m6g-16xlarge/createsims-times.json,createsims_trjconv_lipids_water_2,0.2299213409423828,createsims_trjconv_lipids_water,on-demand,2.464,6.38670391506619e-05,0.0001573683844672309
692,m6g-16xlarge,/home/vanessa/Desktop/Code/mummi-experiments/experiments/aws-march-2025/cpu-node-selector/monitor/cpu-autoscale-2/data/structure_051428039/createsim-m6g-16xlarge/createsims-times.json,createsims_gromacs_energy_minimization_3,1.1642637252807617,createsims_gromacs_energy_minimization,on-demand,2.464,0.00032340659035576713,0.0007968738386366102
693,m6g-16xlarge,/home/vanessa/Desktop/Code/mummi-experiments/experiments/aws-march-2025/cpu-node-selector/monitor/cpu-autoscale-2/data/structure_051428039/createsim-m6g-16xlarge/createsims-times.json,createsims_mdrun_lipids_water_3,0.14934587478637695,createsims_mdrun_lipids_water,on-demand,2.464,4.148496521843804e-05,0.00010221895429823133
694,m6g-16xlarge,/home/vanessa/Desktop/Code/mummi-experiments/experiments/aws-march-2025/cpu-node-selector/monitor/cpu-autoscale-2/data/structure_051428039/createsim-m6g-16xlarge/createsims-times.json,createsims_trjconv_lipids_water_3,0.22058320045471191,createsims_trjconv_lipids_water,on-demand,2.464,6.127311123741997e-05,0.0001509769460890028
695,m6g-16xlarge,/home/vanessa/Desktop/Code/mummi-experiments/experiments/aws-march-2025/cpu-node-selector/monitor/cpu-autoscale-2/data/structure_051428039/createsim-m6g-16xlarge/createsims-times.json,createsims_gromacs_energy_minimization_4,1.1705834865570068,createsims_gromacs_energy_minimization,on-demand,2.464,0.00032516207959916855,0.0008011993641323513
696,m6g-16xlarge,/home/vanessa/Desktop/Code/mummi-experiments/experiments/aws-march-2025/cpu-node-selector/monitor/cpu-autoscale-2/data/structure_051428039/createsim-m6g-16xlarge/createsims-times.json,createsims_mdrun_lipids_water_4,2.17972731590271,createsims_mdrun_lipids_water,on-demand,2.464,0.000605479809972975,0.0014919022517734103
697,m6g-16xlarge,/home/vanessa/Desktop/Code/mummi-experiments/experiments/aws-march-2025/cpu-node-selector/monitor/cpu-autoscale-2/data/structure_051428039/createsim-m6g-16xlarge/createsims-times.json,createsims_trjconv_lipids_water_4,0.2211589813232422,createsims_trjconv_lipids_water,on-demand,2.464,6.143305036756727e-05,0.00015137103610568577
698,m6g-16xlarge,/home/vanessa/Desktop/Code/mummi-experiments/experiments/aws-march-2025/cpu-node-selector/monitor/cpu-autoscale-2/data/structure_051428039/createsim-m6g-16xlarge/createsims-times.json,createsims_gromacs_energy_minimization_5,1.1734068393707275,createsims_gromacs_energy_minimization,on-demand,2.464,0.0003259463442696465,0.000803131792280409
699,m6g-16xlarge,/home/vanessa/Desktop/Code/mummi-experiments/experiments/aws-march-2025/cpu-node-selector/monitor/cpu-autoscale-2/data/structure_051428039/createsim-m6g-16xlarge/createsims-times.json,createsims_mdrun_lipids_water_5,2.111049175262451,createsims_mdrun_lipids_water,on-demand,2.464,0.0005864025486840142,0.001444895879957411
700,m6g-16xlarge,/home/vanessa/Desktop/Code/mummi-experiments/experiments/aws-march-2025/cpu-node-selector/monitor/cpu-autoscale-2/data/structure_051428039/createsim-m6g-16xlarge/createsims-times.json,createsims_trjconv_lipids_water_5,0.2205355167388916,createsims_trjconv_lipids_water,on-demand,2.464,6.125986576080322e-05,0.00015094430923461914
701,m6g-16xlarge,/home/vanessa/Desktop/Code/mummi-experiments/experiments/aws-march-2025/cpu-node-selector/monitor/cpu-autoscale-2/data/structure_051428039/createsim-m6g-16xlarge/createsims-times.json,createsims_gromacs_energy_minimization_6,1.16599702835083,createsims_gromacs_energy_minimization,on-demand,2.464,0.00032388806343078616,0.0007980601882934571
702,m6g-16xlarge,/home/vanessa/Desktop/Code/mummi-experiments/experiments/aws-march-2025/cpu-node-selector/monitor/cpu-autoscale-2/data/structure_051428039/createsim-m6g-16xlarge/createsims-times.json,createsims_mdrun_lipids_water_6,2.152398109436035,createsims_mdrun_lipids_water,on-demand,2.464,0.0005978883637322319,0.0014731969282362194
703,m6g-16xlarge,/home/vanessa/Desktop/Code/mummi-experiments/experiments/aws-march-2025/cpu-node-selector/monitor/cpu-autoscale-2/data/structure_051428039/createsim-m6g-16xlarge/createsims-times.json,createsims_trjconv_lipids_water_6,0.22053265571594238,createsims_trjconv_lipids_water,on-demand,2.464,6.125907103220622e-05,0.00015094235102335613
704,m6g-16xlarge,/home/vanessa/Desktop/Code/mummi-experiments/experiments/aws-march-2025/cpu-node-selector/monitor/cpu-autoscale-2/data/structure_051428039/createsim-m6g-16xlarge/createsims-times.json,createsims_gromacs_energy_minimization_7,1.1449804306030273,createsims_gromacs_energy_minimization,on-demand,2.464,0.000318050119611952,0.0007836754947238497
705,m6g-16xlarge,/home/vanessa/Desktop/Code/mummi-experiments/experiments/aws-march-2025/cpu-node-selector/monitor/cpu-autoscale-2/data/structure_051428039/createsim-m6g-16xlarge/createsims-times.json,createsims_mdrun_lipids_water_7,2.1742470264434814,createsims_mdrun_lipids_water,on-demand,2.464,0.0006039575073454115,0.0014881512980990939
706,m6g-16xlarge,/home/vanessa/Desktop/Code/mummi-experiments/experiments/aws-march-2025/cpu-node-selector/monitor/cpu-autoscale-2/data/structure_051428039/createsim-m6g-16xlarge/createsims-times.json,createsims_trjconv_lipids_water_7,0.22038745880126953,createsims_trjconv_lipids_water,on-demand,2.464,6.121873855590821e-05,0.00015084297180175784
707,m6g-16xlarge,/home/vanessa/Desktop/Code/mummi-experiments/experiments/aws-march-2025/cpu-node-selector/monitor/cpu-autoscale-2/data/structure_051428039/createsim-m6g-16xlarge/createsims-times.json,createsims_gromacs_energy_minimization_8,1.1441941261291504,createsims_gromacs_energy_minimization,on-demand,2.464,0.00031783170170254175,0.0007831373129950629
708,m6g-16xlarge,/home/vanessa/Desktop/Code/mummi-experiments/experiments/aws-march-2025/cpu-node-selector/monitor/cpu-autoscale-2/data/structure_051428039/createsim-m6g-16xlarge/createsims-times.json,createsims_mdrun_lipids_water_8,2.0526459217071533,createsims_mdrun_lipids_water,on-demand,2.464,0.0005701794226964315,0.0014049220975240074
709,m6g-16xlarge,/home/vanessa/Desktop/Code/mummi-experiments/experiments/aws-march-2025/cpu-node-selector/monitor/cpu-autoscale-2/data/structure_051428039/createsim-m6g-16xlarge/createsims-times.json,createsims_trjconv_lipids_water_8,0.2209930419921875,createsims_trjconv_lipids_water,on-demand,2.464,6.138695610894097e-05,0.00015125745985243057
710,m6g-16xlarge,/home/vanessa/Desktop/Code/mummi-experiments/experiments/aws-march-2025/cpu-node-selector/monitor/cpu-autoscale-2/data/structure_051428039/createsim-m6g-16xlarge/createsims-times.json,createsims_gromacs_energy_minimization_9,1.1517658233642578,createsims_gromacs_energy_minimization,on-demand,2.464,0.00031993495093451604,0.0007883197191026475
711,m6g-16xlarge,/home/vanessa/Desktop/Code/mummi-experiments/experiments/aws-march-2025/cpu-node-selector/monitor/cpu-autoscale-2/data/structure_051428039/createsim-m6g-16xlarge/createsims-times.json,createsims_mdrun_lipids_water_9,2.0111422538757324,createsims_mdrun_lipids_water,on-demand,2.464,0.0005586506260765923,0.0013765151426527234
712,m6g-16xlarge,/home/vanessa/Desktop/Code/mummi-experiments/experiments/aws-march-2025/cpu-node-selector/monitor/cpu-autoscale-2/data/structure_051428039/createsim-m6g-16xlarge/createsims-times.json,createsims_trjconv_lipids_water_9,0.2364482879638672,createsims_trjconv_lipids_water,on-demand,2.464,6.568007998996311e-05,0.00016183571709526908
713,m6g-16xlarge,/home/vanessa/Desktop/Code/mummi-experiments/experiments/aws-march-2025/cpu-node-selector/monitor/cpu-autoscale-2/data/structure_051428039/createsim-m6g-16xlarge/createsims-times.json,createsims_gromacs_make_ndx_9,0.7887849807739258,createsims_gromacs_make_ndx,on-demand,2.464,0.00021910693910386826,0.0005398794979519314
714,m6g-16xlarge,/home/vanessa/Desktop/Code/mummi-experiments/experiments/aws-march-2025/cpu-node-selector/monitor/cpu-autoscale-2/data/structure_051428039/createsim-m6g-16xlarge/createsims-times.json,createsims_generate_velocities_0,43.85076713562012,createsims_generate_velocities,on-demand,2.464,0.012180768648783365,0.03001341395060221
715,m6g-16xlarge,/home/vanessa/Desktop/Code/mummi-experiments/experiments/aws-march-2025/cpu-node-selector/monitor/cpu-autoscale-2/data/structure_051428039/createsim-m6g-16xlarge/createsims-times.json,createsims_short_equilibration_0,88.7595272064209,createsims_short_equilibration,on-demand,2.464,0.024655424224005806,0.060750965287950306
716,m6g-16xlarge,/home/vanessa/Desktop/Code/mummi-experiments/experiments/aws-march-2025/cpu-node-selector/monitor/cpu-autoscale-2/data/structure_051428039/createsim-m6g-16xlarge/createsims-times.json,createsims_pull_molecules_0,362.4421045780182,createsims_pull_molecules,on-demand,2.464,0.10067836238278284,0.24807148491117692
717,m6g-16xlarge,/home/vanessa/Desktop/Code/mummi-experiments/experiments/aws-march-2025/cpu-node-selector/monitor/cpu-autoscale-2/data/structure_051428039/createsim-m6g-16xlarge/createsims-times.json,createsims_relax_protein,29.44837760925293,createsims_relax_protein,on-demand,2.464,0.008180104891459147,0.020155778452555336
718,m6g-16xlarge,/home/vanessa/Desktop/Code/mummi-experiments/experiments/aws-march-2025/cpu-node-selector/monitor/cpu-autoscale-2/data/structure_051428039/createsim-m6g-16xlarge/createsims-times.json,createsims_short_equilibration_20fs,90.46308135986328,createsims_short_equilibration,on-demand,2.464,0.025128633711073135,0.061916953464084205
719,m6g-16xlarge,/home/vanessa/Desktop/Code/mummi-experiments/experiments/aws-march-2025/cpu-node-selector/monitor/cpu-autoscale-2/data/structure_051428039/createsim-m6g-16xlarge/createsims-times.json,createsims_prime_cg_sim,1.462996482849121,createsims_prime_cg_sim,on-demand,2.464,0.00040638791190253365,0.0010013398149278428
