2025-04-08 15:45:57,195 - [MainProcess:141549] root:init_logger:344 - INFO - Enabled
2025-04-08 15:45:57,195 - [MainProcess:141549] root:init_logger:345 - WARNING - Enabled
2025-04-08 15:45:57,195 - [MainProcess:141549] root:init_logger:346 - ERROR - Enabled
2025-04-08 15:45:57,195 - [MainProcess:141549] root:init_logger:347 - CRITICAL - Enabled
2025-04-08 15:45:57,232 - [MainProcess:141549] root:_log_profile:78 - PROFILE - [136.688 MB]: Enabled
2025-04-08 15:45:57,232 - [MainProcess:141549] mummi_ras.online.cg.cganalysis:run_cganalysis:881 - INFO - Running CG analysis, options are:
2025-04-08 15:45:57,232 - [MainProcess:141549] mummi_ras.online.cg.cganalysis:run_cganalysis:882 - INFO - Namespace(simname='structure_iter00_000000000007', fcount=0, noninteractive=False, path='/tmp/mummi/cg/structure_iter00_000000000007-20250408_154533', pathremote='/p/gpfs1/pottier1/minimummi-sc25/roots/root1/sims-cg/structure_iter00_000000000007', fstype='mummi', fbio='mummi', nprocs=1, loglevel=2, logpath='./', logstdout=True, test=False, logfile='cg_analysis', maxsimtime=250000000, stopsimtime=600, minsimtime=100000000, frameProcessBatchSize=10, siminputs='/p/gpfs1/pottier1/minimummi-sc25/roots/root1/sims-cg/structure_iter00_000000000007', simbin='gmx', simruntime='0.5', simcores=8, nofeedback=False, backend=<MDEngine.GROMACS: <class 'mummi_ras.online.simulation.GROMACS'>>, mini=True)
2025-04-08 15:45:57,233 - [MainProcess:141549] mummi_ras.online.cg.cganalysis:run_cganalysis:883 - INFO - local path = /tmp/mummi/cg/structure_iter00_000000000007-20250408_154533
2025-04-08 15:45:57,233 - [MainProcess:141549] mummi_ras.online.cg.cganalysis:run_cganalysis:885 - INFO - remote path = /p/gpfs1/pottier1/minimummi-sc25/roots/root1/sims-cg/structure_iter00_000000000007
2025-04-08 15:45:57,417 - [MainProcess:141549] mummi_ras.online.cg.cganalysis:run_cganalysis:895 - INFO - Using IO_Interface [<class 'mummi_ras.interfaces.mummi.IO_Mummi'>] for data output
2025-04-08 15:45:57,417 - [MainProcess:141549] mummi_ras.online.cg.cganalysis:run_cganalysis:896 - INFO - Using IO_Interface [<class 'mummi_ras.interfaces.mummi.IO_Mummi'>] for feedback output
2025-04-08 15:45:57,417 - [MainProcess:141549] mummi_ras.online.cg.cgoptions:__init__:47 - INFO - Loading parameters from /g/g92/pottier1/admirral_sc25/mummi_resources/analysis/cg/cg_analysis_parameters.yaml
2025-04-08 15:45:57,428 - [MainProcess:141549] mummi_ras.feedback.feedback_manager_cg2ml:__init__:56 - INFO - Initialized FeedbackManager (type = FeedbackManagerType.Worker; name = structure_iter00_000000000007; host = lassen426)
2025-04-08 15:45:57,485 - [MainProcess:141549] mummi_ras.parsers.cg:setup:68 - INFO - Initializing CGParser (MDAnalysis version 2.8.0-dev0)
2025-04-08 15:45:57,485 - [MainProcess:141549] mummi_ras.parsers.cg:setup:69 - INFO - 	Loading: (/tmp/mummi/cg/structure_iter00_000000000007-20250408_154533/lipids-water-eq6.gro) (/tmp/mummi/cg/structure_iter00_000000000007-20250408_154533/topol.tpr)
2025-04-08 15:45:57,504 - [MainProcess:141549] MDAnalysis.topology.TPRparser:_log_header:258 - INFO - Gromacs version   : b'VERSION 2024.1'
2025-04-08 15:45:57,504 - [MainProcess:141549] MDAnalysis.topology.TPRparser:_log_header:259 - INFO - tpx version       : 133
2025-04-08 15:45:57,504 - [MainProcess:141549] MDAnalysis.topology.TPRparser:_log_header:260 - INFO - tpx generation    : 28
2025-04-08 15:45:57,504 - [MainProcess:141549] MDAnalysis.topology.TPRparser:_log_header:261 - INFO - tpx precision     : 4
2025-04-08 15:45:57,504 - [MainProcess:141549] MDAnalysis.topology.TPRparser:_log_header:262 - INFO - tpx file_tag      : b'release'
2025-04-08 15:45:57,504 - [MainProcess:141549] MDAnalysis.topology.TPRparser:_log_header:263 - INFO - tpx natoms        : 54454
2025-04-08 15:45:57,505 - [MainProcess:141549] MDAnalysis.topology.TPRparser:_log_header:264 - INFO - tpx ngtc          : 2
2025-04-08 15:45:57,505 - [MainProcess:141549] MDAnalysis.topology.TPRparser:_log_header:265 - INFO - tpx fep_state     : 0
2025-04-08 15:45:57,505 - [MainProcess:141549] MDAnalysis.topology.TPRparser:_log_header:266 - INFO - tpx lambda        : 0.0
2025-04-08 15:45:58,367 - [MainProcess:141549] mummi_ras.parsers.cg:setup:74 - INFO - 	Number of frames in sim: 1
2025-04-08 15:45:58,367 - [MainProcess:141549] mummi_ras.parsers.cg:setup:75 - INFO - 	Number of atoms in sim: 54454
2025-04-08 15:45:58,367 - [MainProcess:141549] mummi_ras.parsers.cg:setup:76 - INFO - 	Sim dimensions: [181.9181  181.9181  180.58281]
2025-04-08 15:45:58,403 - [MainProcess:141549] mummi_ras.parsers.cg:_setup_lipids:103 - WARNING -  Resnames ['ALA' 'ARG' 'ASN' 'ASP' 'CGW' 'CYF' 'CYM' 'CYS' 'GLN' 'GLU' 'GLY' 'GTP'
 'HSE' 'ILE' 'ION' 'LEU' 'LYS' 'MET' 'MG' 'PHE' 'PRO' 'SER' 'THR' 'TRP'
 'TYR' 'VAL' 'W' 'ZN2'] either not lipids or not supported!
2025-04-08 15:45:59,353 - [MainProcess:141549] numexpr.utils:_init_num_threads:145 - INFO - Note: detected 176 virtual cores but NumExpr set to maximum of 64, check "NUMEXPR_MAX_THREADS" environment variable.
2025-04-08 15:45:59,353 - [MainProcess:141549] numexpr.utils:_init_num_threads:148 - INFO - Note: NumExpr detected 176 cores but "NUMEXPR_MAX_THREADS" not set, so enforcing safe limit of 8.
2025-04-08 15:46:00,381 - [MainProcess:141549] mummi_ras.parsers.cg:_setup_lipids:145 - WARNING - Found leaflets of size 448 353
2025-04-08 15:46:00,385 - [MainProcess:141549] mummi_ras.parsers.cg_aligner:init:144 - INFO - origin: (165,): ['THR', 'GLU', 'TYR', 'LYS', 'LEU', 'VAL', 'VAL', 'VAL', 'GLY', 'ALA', 'ASP', 'GLY', 'VAL', 'GLY', 'LYS', 'SER', 'ALA', 'LEU', 'THR', 'ILE', 'GLN', 'LEU', 'ILE', 'GLN', 'ASN', 'HSE', 'PHE', 'VAL', 'ASP', 'GLU', 'TYR', 'ASP', 'PRO', 'THR', 'ILE', 'GLU', 'ASP', 'SER', 'TYR', 'ARG', 'LYS', 'GLN', 'VAL', 'VAL', 'ILE', 'ASP', 'GLY', 'GLU', 'THR', 'CYS', 'LEU', 'LEU', 'ASP', 'ILE', 'LEU', 'ASP', 'THR', 'ALA', 'GLY', 'GLN', 'GLU', 'GLU', 'TYR', 'SER', 'ALA', 'MET', 'ARG', 'ASP', 'GLN', 'TYR', 'MET', 'ARG', 'THR', 'GLY', 'GLU', 'GLY', 'PHE', 'LEU', 'CYS', 'VAL', 'PHE', 'ALA', 'ILE', 'ASN', 'ASN', 'THR', 'LYS', 'SER', 'PHE', 'GLU', 'ASP', 'ILE', 'HSE', 'HSE', 'TYR', 'ARG', 'GLU', 'GLN', 'ILE', 'LYS', 'ARG', 'VAL', 'LYS', 'ASP', 'SER', 'GLU', 'ASP', 'VAL', 'PRO', 'MET', 'VAL', 'LEU', 'VAL', 'GLY', 'ASN', 'LYS', 'CYS', 'ASP', 'LEU', 'PRO', 'SER', 'ARG', 'THR', 'VAL', 'ASP', 'THR', 'LYS', 'GLN', 'ALA', 'GLN', 'ASP', 'LEU', 'ALA', 'ARG', 'SER', 'TYR', 'GLY', 'ILE', 'PRO', 'PHE', 'ILE', 'GLU', 'THR', 'SER', 'ALA', 'LYS', 'THR', 'ARG', 'GLN', 'GLY', 'VAL', 'ASP', 'ASP', 'ALA', 'PHE', 'TYR', 'THR', 'LEU', 'VAL', 'ARG', 'GLU', 'ILE', 'ARG', 'LYS', 'HSE']
2025-04-08 15:46:00,386 - [MainProcess:141549] mummi_ras.parsers.cg_aligner:init:145 - INFO - xaxis:  (8,): ['THR', 'PHE', 'PHE', 'THR', 'LEU', 'LEU', 'PHE', 'GLN']
2025-04-08 15:46:00,389 - [MainProcess:141549] mummi_ras.online.cg.cganalysis:run_cganalysis:978 - INFO - Testing flags: [Success='cg_success', Fail='cg_failure']
2025-04-08 15:46:00,389 - [MainProcess:141549] mummi_ras.online.cg.cganalysis:run_cganalysis:979 - INFO - Checking for exit condition [/p/gpfs1/pottier1/minimummi-sc25/roots/root1/sims-cg/structure_iter00_000000000007] (pass=False fail=False)
2025-04-08 15:46:00,390 - [MainProcess:141549] mummi_ras.online.simulation:run:101 - INFO - Starting /usr/WS1/mummiusr/mummi-spack/spack/0.21/opt/spack/__spack_path_placeholder__/__spack_path_placeholder__/__spack_path_placeholder__/__spack_path_placeholder__/__spack_path_placeholder__/__spack_path_placeholder__/__spack_path_placeholder__/__spack_path_pla/linux-rhel7-power9le/gcc-11.2.1/gromacs-2024.1-qjy7zpleiv5vefcx74wqch3gy2rui4uh/bin/gmx....
2025-04-08 15:46:00,390 - [MainProcess:141549] mummi_ras.online.simulation:run:115 - INFO - cmd =       /usr/WS1/mummiusr/mummi-spack/spack/0.21/opt/spack/__spack_path_placeholder__/__spack_path_placeholder__/__spack_path_placeholder__/__spack_path_placeholder__/__spack_path_placeholder__/__spack_path_placeholder__/__spack_path_placeholder__/__spack_path_pla/linux-rhel7-power9le/gcc-11.2.1/gromacs-2024.1-qjy7zpleiv5vefcx74wqch3gy2rui4uh/bin/gmx mdrun -cpi -nb gpu -ntmpi 1 -ntomp 8 -pin off -maxh 0.5 >> mdrun.log 2>&1
2025-04-08 15:46:00,390 - [MainProcess:141549] mummi_ras.online.simulation:run:116 - INFO - os.pwd =    /tmp/mummi/cg/structure_iter00_000000000007-20250408_154533
2025-04-08 15:46:00,390 - [MainProcess:141549] mummi_ras.online.simulation:run:117 - INFO - simdir =    /tmp/mummi/cg/structure_iter00_000000000007-20250408_154533
2025-04-08 15:46:05,397 - [MainProcess:141549] mummi_ras.online.simulation:run:122 - INFO - Process Running? None
2025-04-08 15:46:05,399 - [MainProcess:141549] mummi_ras.online.simulation:run:126 - INFO - CUDA_VISIBLE_DEVICES=0
2025-04-08 15:46:05,399 - [MainProcess:141549] mummi_ras.online.simulation:run:127 - INFO - ROCR_VISIBLE_DEVICES=UNSET
2025-04-08 15:46:05,475 - [MainProcess:141549] mummi_ras.online.simulation:get_new_frames:399 - INFO - Getting all frame numbers in trajectory from 0 to 0.
2025-04-08 15:46:05,475 - [MainProcess:141549] mummi_ras.online.cg.cganalysis:run_main_analysis:193 - INFO - Process frame 0
2025-04-08 15:46:05,476 - [MainProcess:141549] mummi_ras.online.cg.cganalysis:processFrame:554 - INFO - Load 1 frames: current frame ID /tmp/mummi/cg/structure_iter00_000000000007-20250408_154533/traj_comp.xtc
2025-04-08 15:46:05,484 - [MainProcess:141549] mummi_ras.online.cg.cganalysis:processFrame:580 - INFO - Frame:     0, Time:    0.000 ps, Bbox = [0, 181.9181, 0, 181.9181]
2025-04-08 15:46:05,485 - [MainProcess:141549] mummi_ras.online.cg.cganalysis:processFrame:584 - INFO - Lengths of layers: 666 35 482
2025-04-08 15:46:05,561 - [MainProcess:141549] mummi_ras.online.cg.cganalysis:processFrame:765 - INFO - Time for analysis - frameNum 0, time 0.08551287651062012 s
2025-04-08 15:46:07,562 - [MainProcess:141549] mummi_ras.online.simulation:has_computed_enough:352 - INFO - runtime_hours*0.99 = 0.495 vs delta_time = 0.001992369095484416 (length 0.0 ns) False False
2025-04-08 15:46:09,566 - [MainProcess:141549] mummi_ras.online.simulation:has_computed_enough:352 - INFO - runtime_hours*0.99 = 0.495 vs delta_time = 0.0025490003824234007 (length 0.0 ns) False False
2025-04-08 15:46:11,570 - [MainProcess:141549] mummi_ras.online.simulation:has_computed_enough:352 - INFO - runtime_hours*0.99 = 0.495 vs delta_time = 0.003105572462081909 (length 0.0 ns) False False
2025-04-08 15:46:13,573 - [MainProcess:141549] mummi_ras.online.simulation:has_computed_enough:352 - INFO - runtime_hours*0.99 = 0.495 vs delta_time = 0.003662139309777154 (length 0.0 ns) False False
2025-04-08 15:46:15,577 - [MainProcess:141549] mummi_ras.online.simulation:has_computed_enough:352 - INFO - runtime_hours*0.99 = 0.495 vs delta_time = 0.004218707813156975 (length 0.0 ns) False False
2025-04-08 15:46:17,580 - [MainProcess:141549] mummi_ras.online.simulation:has_computed_enough:352 - INFO - runtime_hours*0.99 = 0.495 vs delta_time = 0.004775276448991564 (length 0.0 ns) False False
2025-04-08 15:46:19,584 - [MainProcess:141549] mummi_ras.online.simulation:has_computed_enough:352 - INFO - runtime_hours*0.99 = 0.495 vs delta_time = 0.005331843694051107 (length 0.0 ns) False False
2025-04-08 15:46:21,588 - [MainProcess:141549] mummi_ras.online.simulation:has_computed_enough:352 - INFO - runtime_hours*0.99 = 0.495 vs delta_time = 0.005888410144382053 (length 0.0 ns) False False
2025-04-08 15:46:23,591 - [MainProcess:141549] mummi_ras.online.simulation:has_computed_enough:352 - INFO - runtime_hours*0.99 = 0.495 vs delta_time = 0.006444970104429457 (length 0.0 ns) False False
2025-04-08 15:46:25,595 - [MainProcess:141549] mummi_ras.online.simulation:has_computed_enough:352 - INFO - runtime_hours*0.99 = 0.495 vs delta_time = 0.007001532117525736 (length 0.0 ns) False False
2025-04-08 15:46:25,633 - [MainProcess:141549] mummi_ras.online.simulation:get_new_frames:399 - INFO - Getting all frame numbers in trajectory from 1 to 1.
2025-04-08 15:46:25,633 - [MainProcess:141549] mummi_ras.online.cg.cganalysis:run_main_analysis:193 - INFO - Process frame 1
2025-04-08 15:46:25,634 - [MainProcess:141549] mummi_ras.online.cg.cganalysis:processFrame:554 - INFO - Load 2 frames: current frame ID /tmp/mummi/cg/structure_iter00_000000000007-20250408_154533/traj_comp.xtc
2025-04-08 15:46:25,640 - [MainProcess:141549] mummi_ras.online.cg.cganalysis:processFrame:580 - INFO - Frame:     1, Time:  500.000 ps, Bbox = [0, 180.97433, 0, 180.97433]
2025-04-08 15:46:25,640 - [MainProcess:141549] mummi_ras.online.cg.cganalysis:processFrame:584 - INFO - Lengths of layers: 662 33 488
2025-04-08 15:46:25,701 - [MainProcess:141549] mummi_ras.online.cg.cganalysis:processFrame:765 - INFO - Time for analysis - frameNum 1, time 0.06756925582885742 s
2025-04-08 15:46:27,702 - [MainProcess:141549] mummi_ras.online.simulation:has_computed_enough:352 - INFO - runtime_hours*0.99 = 0.495 vs delta_time = 0.007586722042825487 (length 0.5 ns) False False
2025-04-08 15:46:29,705 - [MainProcess:141549] mummi_ras.online.simulation:has_computed_enough:352 - INFO - runtime_hours*0.99 = 0.495 vs delta_time = 0.00814333054754469 (length 0.5 ns) False False
2025-04-08 15:46:31,709 - [MainProcess:141549] mummi_ras.online.simulation:has_computed_enough:352 - INFO - runtime_hours*0.99 = 0.495 vs delta_time = 0.008699895474645827 (length 0.5 ns) False False
2025-04-08 15:46:33,713 - [MainProcess:141549] mummi_ras.online.simulation:has_computed_enough:352 - INFO - runtime_hours*0.99 = 0.495 vs delta_time = 0.00925645265314314 (length 0.5 ns) False False
2025-04-08 15:46:35,716 - [MainProcess:141549] mummi_ras.online.simulation:has_computed_enough:352 - INFO - runtime_hours*0.99 = 0.495 vs delta_time = 0.00981300863954756 (length 0.5 ns) False False
2025-04-08 15:46:37,720 - [MainProcess:141549] mummi_ras.online.simulation:has_computed_enough:352 - INFO - runtime_hours*0.99 = 0.495 vs delta_time = 0.010369565420680576 (length 0.5 ns) False False
2025-04-08 15:46:39,724 - [MainProcess:141549] mummi_ras.online.simulation:has_computed_enough:352 - INFO - runtime_hours*0.99 = 0.495 vs delta_time = 0.01092612240049574 (length 0.5 ns) False False
2025-04-08 15:46:41,727 - [MainProcess:141549] mummi_ras.online.simulation:has_computed_enough:352 - INFO - runtime_hours*0.99 = 0.495 vs delta_time = 0.011482672757572598 (length 0.5 ns) False False
2025-04-08 15:46:43,731 - [MainProcess:141549] mummi_ras.online.simulation:has_computed_enough:352 - INFO - runtime_hours*0.99 = 0.495 vs delta_time = 0.01203922642601861 (length 0.5 ns) False False
2025-04-08 15:46:45,734 - [MainProcess:141549] mummi_ras.online.simulation:has_computed_enough:352 - INFO - runtime_hours*0.99 = 0.495 vs delta_time = 0.012595778637462193 (length 0.5 ns) False False
2025-04-08 15:46:47,738 - [MainProcess:141549] mummi_ras.online.simulation:has_computed_enough:352 - INFO - runtime_hours*0.99 = 0.495 vs delta_time = 0.013152323895030552 (length 0.5 ns) False False
2025-04-08 15:46:49,741 - [MainProcess:141549] mummi_ras.online.simulation:has_computed_enough:352 - INFO - runtime_hours*0.99 = 0.495 vs delta_time = 0.013708876570065816 (length 0.5 ns) False False
2025-04-08 15:46:49,865 - [MainProcess:141549] mummi_ras.online.simulation:get_new_frames:399 - INFO - Getting all frame numbers in trajectory from 2 to 2.
2025-04-08 15:46:49,865 - [MainProcess:141549] mummi_ras.online.cg.cganalysis:run_main_analysis:193 - INFO - Process frame 2
2025-04-08 15:46:49,865 - [MainProcess:141549] mummi_ras.online.cg.cganalysis:processFrame:554 - INFO - Load 3 frames: current frame ID /tmp/mummi/cg/structure_iter00_000000000007-20250408_154533/traj_comp.xtc
2025-04-08 15:46:49,872 - [MainProcess:141549] mummi_ras.online.cg.cganalysis:processFrame:580 - INFO - Frame:     2, Time: 1000.000 ps, Bbox = [0, 179.9917, 0, 179.9917]
2025-04-08 15:46:49,873 - [MainProcess:141549] mummi_ras.online.cg.cganalysis:processFrame:584 - INFO - Lengths of layers: 666 34 483
2025-04-08 15:46:49,932 - [MainProcess:141549] mummi_ras.online.cg.cganalysis:processFrame:765 - INFO - Time for analysis - frameNum 2, time 0.06710338592529297 s
2025-04-08 15:46:51,933 - [MainProcess:141549] mummi_ras.online.simulation:has_computed_enough:352 - INFO - runtime_hours*0.99 = 0.495 vs delta_time = 0.014317609336641099 (length 1.0 ns) False False
2025-04-08 15:46:53,937 - [MainProcess:141549] mummi_ras.online.simulation:has_computed_enough:352 - INFO - runtime_hours*0.99 = 0.495 vs delta_time = 0.014874291817347209 (length 1.0 ns) False False
2025-04-08 15:46:55,941 - [MainProcess:141549] mummi_ras.online.simulation:has_computed_enough:352 - INFO - runtime_hours*0.99 = 0.495 vs delta_time = 0.015430944032139248 (length 1.0 ns) False False
2025-04-08 15:46:57,945 - [MainProcess:141549] mummi_ras.online.simulation:has_computed_enough:352 - INFO - runtime_hours*0.99 = 0.495 vs delta_time = 0.015987575451533 (length 1.0 ns) False False
2025-04-08 15:46:59,949 - [MainProcess:141549] mummi_ras.online.simulation:has_computed_enough:352 - INFO - runtime_hours*0.99 = 0.495 vs delta_time = 0.016544210182295904 (length 1.0 ns) False False
2025-04-08 15:47:01,953 - [MainProcess:141549] mummi_ras.online.simulation:has_computed_enough:352 - INFO - runtime_hours*0.99 = 0.495 vs delta_time = 0.017100851933161416 (length 1.0 ns) False False
2025-04-08 15:47:03,956 - [MainProcess:141549] mummi_ras.online.simulation:has_computed_enough:352 - INFO - runtime_hours*0.99 = 0.495 vs delta_time = 0.017657486200332643 (length 1.0 ns) False False
2025-04-08 15:47:05,960 - [MainProcess:141549] mummi_ras.online.simulation:has_computed_enough:352 - INFO - runtime_hours*0.99 = 0.495 vs delta_time = 0.01821411927541097 (length 1.0 ns) False False
2025-04-08 15:47:07,964 - [MainProcess:141549] mummi_ras.online.simulation:has_computed_enough:352 - INFO - runtime_hours*0.99 = 0.495 vs delta_time = 0.018770751224623787 (length 1.0 ns) False False
2025-04-08 15:47:09,968 - [MainProcess:141549] mummi_ras.online.simulation:has_computed_enough:352 - INFO - runtime_hours*0.99 = 0.495 vs delta_time = 0.019327381716834173 (length 1.0 ns) False False
2025-04-08 15:47:11,972 - [MainProcess:141549] mummi_ras.online.simulation:has_computed_enough:352 - INFO - runtime_hours*0.99 = 0.495 vs delta_time = 0.019884010553359987 (length 1.0 ns) False False
2025-04-08 15:47:13,976 - [MainProcess:141549] mummi_ras.online.simulation:has_computed_enough:352 - INFO - runtime_hours*0.99 = 0.495 vs delta_time = 0.02044064031706916 (length 1.0 ns) False False
2025-04-08 15:47:14,045 - [MainProcess:141549] mummi_ras.online.simulation:get_new_frames:399 - INFO - Getting all frame numbers in trajectory from 3 to 3.
2025-04-08 15:47:14,045 - [MainProcess:141549] mummi_ras.online.cg.cganalysis:run_main_analysis:193 - INFO - Process frame 3
2025-04-08 15:47:14,045 - [MainProcess:141549] mummi_ras.online.cg.cganalysis:processFrame:554 - INFO - Load 4 frames: current frame ID /tmp/mummi/cg/structure_iter00_000000000007-20250408_154533/traj_comp.xtc
2025-04-08 15:47:14,052 - [MainProcess:141549] mummi_ras.online.cg.cganalysis:processFrame:580 - INFO - Frame:     3, Time: 1500.000 ps, Bbox = [0, 180.65077, 0, 180.65077]
2025-04-08 15:47:14,052 - [MainProcess:141549] mummi_ras.online.cg.cganalysis:processFrame:584 - INFO - Lengths of layers: 666 38 479
2025-04-08 15:47:14,113 - [MainProcess:141549] mummi_ras.online.cg.cganalysis:processFrame:765 - INFO - Time for analysis - frameNum 3, time 0.06726956367492676 s
2025-04-08 15:47:16,113 - [MainProcess:141549] mummi_ras.online.simulation:has_computed_enough:352 - INFO - runtime_hours*0.99 = 0.495 vs delta_time = 0.021034338341818917 (length 1.5 ns) False False
2025-04-08 15:47:18,117 - [MainProcess:141549] mummi_ras.online.simulation:has_computed_enough:352 - INFO - runtime_hours*0.99 = 0.495 vs delta_time = 0.02159094062116411 (length 1.5 ns) False False
2025-04-08 15:47:20,121 - [MainProcess:141549] mummi_ras.online.simulation:has_computed_enough:352 - INFO - runtime_hours*0.99 = 0.495 vs delta_time = 0.022147510515318977 (length 1.5 ns) False False
2025-04-08 15:47:22,124 - [MainProcess:141549] mummi_ras.online.simulation:has_computed_enough:352 - INFO - runtime_hours*0.99 = 0.495 vs delta_time = 0.022704065508312648 (length 1.5 ns) False False
2025-04-08 15:47:24,128 - [MainProcess:141549] mummi_ras.online.simulation:has_computed_enough:352 - INFO - runtime_hours*0.99 = 0.495 vs delta_time = 0.023260617587301465 (length 1.5 ns) False False
2025-04-08 15:47:26,131 - [MainProcess:141549] mummi_ras.online.simulation:has_computed_enough:352 - INFO - runtime_hours*0.99 = 0.495 vs delta_time = 0.023817168871561687 (length 1.5 ns) False False
2025-04-08 15:47:28,135 - [MainProcess:141549] mummi_ras.online.simulation:has_computed_enough:352 - INFO - runtime_hours*0.99 = 0.495 vs delta_time = 0.024373718367682564 (length 1.5 ns) False False
2025-04-08 15:47:30,138 - [MainProcess:141549] mummi_ras.online.simulation:has_computed_enough:352 - INFO - runtime_hours*0.99 = 0.495 vs delta_time = 0.024930268658532036 (length 1.5 ns) False False
2025-04-08 15:47:32,142 - [MainProcess:141549] mummi_ras.online.simulation:has_computed_enough:352 - INFO - runtime_hours*0.99 = 0.495 vs delta_time = 0.025486823519070945 (length 1.5 ns) False False
2025-04-08 15:47:34,146 - [MainProcess:141549] mummi_ras.online.simulation:has_computed_enough:352 - INFO - runtime_hours*0.99 = 0.495 vs delta_time = 0.02604337367746565 (length 1.5 ns) False False
2025-04-08 15:47:36,149 - [MainProcess:141549] mummi_ras.online.simulation:has_computed_enough:352 - INFO - runtime_hours*0.99 = 0.495 vs delta_time = 0.0265999252266354 (length 1.5 ns) False False
2025-04-08 15:47:38,153 - [MainProcess:141549] mummi_ras.online.simulation:has_computed_enough:352 - INFO - runtime_hours*0.99 = 0.495 vs delta_time = 0.0271564742591646 (length 1.5 ns) False False
2025-04-08 15:47:38,184 - [MainProcess:141549] mummi_ras.online.simulation:get_new_frames:399 - INFO - Getting all frame numbers in trajectory from 4 to 4.
2025-04-08 15:47:38,184 - [MainProcess:141549] mummi_ras.online.cg.cganalysis:run_main_analysis:193 - INFO - Process frame 4
2025-04-08 15:47:38,185 - [MainProcess:141549] mummi_ras.online.cg.cganalysis:processFrame:554 - INFO - Load 5 frames: current frame ID /tmp/mummi/cg/structure_iter00_000000000007-20250408_154533/traj_comp.xtc
2025-04-08 15:47:38,191 - [MainProcess:141549] mummi_ras.online.cg.cganalysis:processFrame:580 - INFO - Frame:     4, Time: 2000.000 ps, Bbox = [0, 180.82536, 0, 180.82536]
2025-04-08 15:47:38,191 - [MainProcess:141549] mummi_ras.online.cg.cganalysis:processFrame:584 - INFO - Lengths of layers: 666 37 480
2025-04-08 15:47:38,251 - [MainProcess:141549] mummi_ras.online.cg.cganalysis:processFrame:765 - INFO - Time for analysis - frameNum 4, time 0.06650876998901367 s
2025-04-08 15:47:40,251 - [MainProcess:141549] mummi_ras.online.simulation:has_computed_enough:352 - INFO - runtime_hours*0.99 = 0.495 vs delta_time = 0.027739393446180555 (length 2.0 ns) False False
2025-04-08 15:47:42,255 - [MainProcess:141549] mummi_ras.online.simulation:has_computed_enough:352 - INFO - runtime_hours*0.99 = 0.495 vs delta_time = 0.028295995659298367 (length 2.0 ns) False False
2025-04-08 15:47:44,259 - [MainProcess:141549] mummi_ras.online.simulation:has_computed_enough:352 - INFO - runtime_hours*0.99 = 0.495 vs delta_time = 0.02885255687766605 (length 2.0 ns) False False
2025-04-08 15:47:46,262 - [MainProcess:141549] mummi_ras.online.simulation:has_computed_enough:352 - INFO - runtime_hours*0.99 = 0.495 vs delta_time = 0.02940911438730028 (length 2.0 ns) False False
2025-04-08 15:47:48,266 - [MainProcess:141549] mummi_ras.online.simulation:has_computed_enough:352 - INFO - runtime_hours*0.99 = 0.495 vs delta_time = 0.029965663618511624 (length 2.0 ns) False False
2025-04-08 15:47:50,269 - [MainProcess:141549] mummi_ras.online.simulation:has_computed_enough:352 - INFO - runtime_hours*0.99 = 0.495 vs delta_time = 0.03052221715450287 (length 2.0 ns) False False
2025-04-08 15:47:52,273 - [MainProcess:141549] mummi_ras.online.simulation:has_computed_enough:352 - INFO - runtime_hours*0.99 = 0.495 vs delta_time = 0.03107876724667019 (length 2.0 ns) False False
2025-04-08 15:47:54,277 - [MainProcess:141549] mummi_ras.online.simulation:has_computed_enough:352 - INFO - runtime_hours*0.99 = 0.495 vs delta_time = 0.03163533005449507 (length 2.0 ns) False False
2025-04-08 15:47:56,280 - [MainProcess:141549] mummi_ras.online.simulation:has_computed_enough:352 - INFO - runtime_hours*0.99 = 0.495 vs delta_time = 0.0321918828619851 (length 2.0 ns) False False
2025-04-08 15:47:58,284 - [MainProcess:141549] mummi_ras.online.simulation:has_computed_enough:352 - INFO - runtime_hours*0.99 = 0.495 vs delta_time = 0.032748434808519154 (length 2.0 ns) False False
2025-04-08 15:48:00,287 - [MainProcess:141549] mummi_ras.online.simulation:has_computed_enough:352 - INFO - runtime_hours*0.99 = 0.495 vs delta_time = 0.03330498708619012 (length 2.0 ns) False False
2025-04-08 15:48:02,291 - [MainProcess:141549] mummi_ras.online.simulation:has_computed_enough:352 - INFO - runtime_hours*0.99 = 0.495 vs delta_time = 0.03386154572168986 (length 2.0 ns) False False
2025-04-08 15:48:02,441 - [MainProcess:141549] mummi_ras.online.simulation:get_new_frames:399 - INFO - Getting all frame numbers in trajectory from 5 to 5.
2025-04-08 15:48:02,441 - [MainProcess:141549] mummi_ras.online.cg.cganalysis:run_main_analysis:193 - INFO - Process frame 5
2025-04-08 15:48:02,441 - [MainProcess:141549] mummi_ras.online.cg.cganalysis:processFrame:554 - INFO - Load 6 frames: current frame ID /tmp/mummi/cg/structure_iter00_000000000007-20250408_154533/traj_comp.xtc
2025-04-08 15:48:02,448 - [MainProcess:141549] mummi_ras.online.cg.cganalysis:processFrame:580 - INFO - Frame:     5, Time: 2500.000 ps, Bbox = [0, 181.4444, 0, 181.4444]
2025-04-08 15:48:02,448 - [MainProcess:141549] mummi_ras.online.cg.cganalysis:processFrame:584 - INFO - Lengths of layers: 668 32 483
2025-04-08 15:48:02,515 - [MainProcess:141549] mummi_ras.online.cg.cganalysis:processFrame:765 - INFO - Time for analysis - frameNum 5, time 0.07317256927490234 s
2025-04-08 15:48:04,515 - [MainProcess:141549] mummi_ras.online.simulation:has_computed_enough:352 - INFO - runtime_hours*0.99 = 0.495 vs delta_time = 0.0344794057475196 (length 2.5 ns) False False
2025-04-08 15:48:06,519 - [MainProcess:141549] mummi_ras.online.simulation:has_computed_enough:352 - INFO - runtime_hours*0.99 = 0.495 vs delta_time = 0.03503604273001353 (length 2.5 ns) False False
2025-04-08 15:48:08,523 - [MainProcess:141549] mummi_ras.online.simulation:has_computed_enough:352 - INFO - runtime_hours*0.99 = 0.495 vs delta_time = 0.03559260878298018 (length 2.5 ns) False False
2025-04-08 15:48:10,527 - [MainProcess:141549] mummi_ras.online.simulation:has_computed_enough:352 - INFO - runtime_hours*0.99 = 0.495 vs delta_time = 0.03614917046493954 (length 2.5 ns) False False
2025-04-08 15:48:12,530 - [MainProcess:141549] mummi_ras.online.simulation:has_computed_enough:352 - INFO - runtime_hours*0.99 = 0.495 vs delta_time = 0.03670572565661536 (length 2.5 ns) False False
2025-04-08 15:48:14,534 - [MainProcess:141549] mummi_ras.online.simulation:has_computed_enough:352 - INFO - runtime_hours*0.99 = 0.495 vs delta_time = 0.037262288133303324 (length 2.5 ns) False False
2025-04-08 15:48:16,537 - [MainProcess:141549] mummi_ras.online.simulation:has_computed_enough:352 - INFO - runtime_hours*0.99 = 0.495 vs delta_time = 0.037818834847874114 (length 2.5 ns) False False
2025-04-08 15:48:18,541 - [MainProcess:141549] mummi_ras.online.simulation:has_computed_enough:352 - INFO - runtime_hours*0.99 = 0.495 vs delta_time = 0.0383753893772761 (length 2.5 ns) False False
2025-04-08 15:48:20,544 - [MainProcess:141549] mummi_ras.online.simulation:has_computed_enough:352 - INFO - runtime_hours*0.99 = 0.495 vs delta_time = 0.03893193874094222 (length 2.5 ns) False False
2025-04-08 15:48:22,548 - [MainProcess:141549] mummi_ras.online.simulation:has_computed_enough:352 - INFO - runtime_hours*0.99 = 0.495 vs delta_time = 0.039488483667373654 (length 2.5 ns) False False
2025-04-08 15:48:24,552 - [MainProcess:141549] mummi_ras.online.simulation:has_computed_enough:352 - INFO - runtime_hours*0.99 = 0.495 vs delta_time = 0.04004504866070217 (length 2.5 ns) False False
2025-04-08 15:48:26,555 - [MainProcess:141549] mummi_ras.online.simulation:has_computed_enough:352 - INFO - runtime_hours*0.99 = 0.495 vs delta_time = 0.040601606567700704 (length 2.5 ns) False False
2025-04-08 15:48:26,662 - [MainProcess:141549] mummi_ras.online.simulation:get_new_frames:399 - INFO - Getting all frame numbers in trajectory from 6 to 6.
2025-04-08 15:48:26,662 - [MainProcess:141549] mummi_ras.online.cg.cganalysis:run_main_analysis:193 - INFO - Process frame 6
2025-04-08 15:48:26,662 - [MainProcess:141549] mummi_ras.online.cg.cganalysis:processFrame:554 - INFO - Load 7 frames: current frame ID /tmp/mummi/cg/structure_iter00_000000000007-20250408_154533/traj_comp.xtc
2025-04-08 15:48:26,669 - [MainProcess:141549] mummi_ras.online.cg.cganalysis:processFrame:580 - INFO - Frame:     6, Time: 3000.000 ps, Bbox = [0, 180.68805, 0, 180.68805]
2025-04-08 15:48:26,669 - [MainProcess:141549] mummi_ras.online.cg.cganalysis:processFrame:584 - INFO - Lengths of layers: 666 41 476
2025-04-08 15:48:26,729 - [MainProcess:141549] mummi_ras.online.cg.cganalysis:processFrame:765 - INFO - Time for analysis - frameNum 6, time 0.06717181205749512 s
2025-04-08 15:48:28,729 - [MainProcess:141549] mummi_ras.online.simulation:has_computed_enough:352 - INFO - runtime_hours*0.99 = 0.495 vs delta_time = 0.04120555102825165 (length 3.0 ns) False False
2025-04-08 15:48:30,734 - [MainProcess:141549] mummi_ras.online.simulation:has_computed_enough:352 - INFO - runtime_hours*0.99 = 0.495 vs delta_time = 0.041762222117847865 (length 3.0 ns) False False
2025-04-08 15:48:32,737 - [MainProcess:141549] mummi_ras.online.simulation:has_computed_enough:352 - INFO - runtime_hours*0.99 = 0.495 vs delta_time = 0.04231886214680142 (length 3.0 ns) False False
2025-04-08 15:48:34,741 - [MainProcess:141549] mummi_ras.online.simulation:has_computed_enough:352 - INFO - runtime_hours*0.99 = 0.495 vs delta_time = 0.04287549899684058 (length 3.0 ns) False False
2025-04-08 15:48:36,745 - [MainProcess:141549] mummi_ras.online.simulation:has_computed_enough:352 - INFO - runtime_hours*0.99 = 0.495 vs delta_time = 0.04343213333023919 (length 3.0 ns) False False
2025-04-08 15:48:38,749 - [MainProcess:141549] mummi_ras.online.simulation:has_computed_enough:352 - INFO - runtime_hours*0.99 = 0.495 vs delta_time = 0.04398876700136397 (length 3.0 ns) False False
2025-04-08 15:48:40,753 - [MainProcess:141549] mummi_ras.online.simulation:has_computed_enough:352 - INFO - runtime_hours*0.99 = 0.495 vs delta_time = 0.04454539206292894 (length 3.0 ns) False False
2025-04-08 15:48:42,757 - [MainProcess:141549] mummi_ras.online.simulation:has_computed_enough:352 - INFO - runtime_hours*0.99 = 0.495 vs delta_time = 0.04510202368100484 (length 3.0 ns) False False
2025-04-08 15:48:44,761 - [MainProcess:141549] mummi_ras.online.simulation:has_computed_enough:352 - INFO - runtime_hours*0.99 = 0.495 vs delta_time = 0.045658656027581956 (length 3.0 ns) False False
2025-04-08 15:48:46,765 - [MainProcess:141549] mummi_ras.online.simulation:has_computed_enough:352 - INFO - runtime_hours*0.99 = 0.495 vs delta_time = 0.04621528479788038 (length 3.0 ns) False False
2025-04-08 15:48:48,768 - [MainProcess:141549] mummi_ras.online.simulation:has_computed_enough:352 - INFO - runtime_hours*0.99 = 0.495 vs delta_time = 0.04677191581990984 (length 3.0 ns) False False
2025-04-08 15:48:48,800 - [MainProcess:141549] mummi_ras.online.simulation:get_new_frames:399 - INFO - Getting all frame numbers in trajectory from 7 to 7.
2025-04-08 15:48:48,801 - [MainProcess:141549] mummi_ras.online.cg.cganalysis:run_main_analysis:193 - INFO - Process frame 7
2025-04-08 15:48:48,801 - [MainProcess:141549] mummi_ras.online.cg.cganalysis:processFrame:554 - INFO - Load 8 frames: current frame ID /tmp/mummi/cg/structure_iter00_000000000007-20250408_154533/traj_comp.xtc
2025-04-08 15:48:48,808 - [MainProcess:141549] mummi_ras.online.cg.cganalysis:processFrame:580 - INFO - Frame:     7, Time: 3500.000 ps, Bbox = [0, 180.41734, 0, 180.41734]
2025-04-08 15:48:48,808 - [MainProcess:141549] mummi_ras.online.cg.cganalysis:processFrame:584 - INFO - Lengths of layers: 668 32 483
2025-04-08 15:48:48,868 - [MainProcess:141549] mummi_ras.online.cg.cganalysis:processFrame:765 - INFO - Time for analysis - frameNum 7, time 0.06725764274597168 s
2025-04-08 15:48:50,868 - [MainProcess:141549] mummi_ras.online.simulation:has_computed_enough:352 - INFO - runtime_hours*0.99 = 0.495 vs delta_time = 0.047355256146854825 (length 3.5 ns) False False
2025-04-08 15:48:52,873 - [MainProcess:141549] mummi_ras.online.simulation:has_computed_enough:352 - INFO - runtime_hours*0.99 = 0.495 vs delta_time = 0.047911948959032696 (length 3.5 ns) False False
2025-04-08 15:48:54,876 - [MainProcess:141549] mummi_ras.online.simulation:has_computed_enough:352 - INFO - runtime_hours*0.99 = 0.495 vs delta_time = 0.048468593623903065 (length 3.5 ns) False False
2025-04-08 15:48:56,880 - [MainProcess:141549] mummi_ras.online.simulation:has_computed_enough:352 - INFO - runtime_hours*0.99 = 0.495 vs delta_time = 0.04902523312303755 (length 3.5 ns) False False
2025-04-08 15:48:58,884 - [MainProcess:141549] mummi_ras.online.simulation:has_computed_enough:352 - INFO - runtime_hours*0.99 = 0.495 vs delta_time = 0.04958187050289578 (length 3.5 ns) False False
2025-04-08 15:49:00,888 - [MainProcess:141549] mummi_ras.online.simulation:has_computed_enough:352 - INFO - runtime_hours*0.99 = 0.495 vs delta_time = 0.050138490663634405 (length 3.5 ns) False False
2025-04-08 15:49:02,892 - [MainProcess:141549] mummi_ras.online.simulation:has_computed_enough:352 - INFO - runtime_hours*0.99 = 0.495 vs delta_time = 0.05069512433475918 (length 3.5 ns) False False
2025-04-08 15:49:04,896 - [MainProcess:141549] mummi_ras.online.simulation:has_computed_enough:352 - INFO - runtime_hours*0.99 = 0.495 vs delta_time = 0.051251757542292276 (length 3.5 ns) False False
2025-04-08 15:49:06,900 - [MainProcess:141549] mummi_ras.online.simulation:has_computed_enough:352 - INFO - runtime_hours*0.99 = 0.495 vs delta_time = 0.05180838717354669 (length 3.5 ns) False False
2025-04-08 15:49:08,904 - [MainProcess:141549] mummi_ras.online.simulation:has_computed_enough:352 - INFO - runtime_hours*0.99 = 0.495 vs delta_time = 0.052365015811390345 (length 3.5 ns) False False
2025-04-08 15:49:10,907 - [MainProcess:141549] mummi_ras.online.simulation:has_computed_enough:352 - INFO - runtime_hours*0.99 = 0.495 vs delta_time = 0.05292164537641737 (length 3.5 ns) False False
2025-04-08 15:49:12,911 - [MainProcess:141549] mummi_ras.online.simulation:has_computed_enough:352 - INFO - runtime_hours*0.99 = 0.495 vs delta_time = 0.05347827626599206 (length 3.5 ns) False False
2025-04-08 15:49:13,073 - [MainProcess:141549] mummi_ras.online.simulation:get_new_frames:399 - INFO - Getting all frame numbers in trajectory from 8 to 8.
2025-04-08 15:49:13,073 - [MainProcess:141549] mummi_ras.online.cg.cganalysis:run_main_analysis:193 - INFO - Process frame 8
2025-04-08 15:49:13,074 - [MainProcess:141549] mummi_ras.online.cg.cganalysis:processFrame:554 - INFO - Load 9 frames: current frame ID /tmp/mummi/cg/structure_iter00_000000000007-20250408_154533/traj_comp.xtc
2025-04-08 15:49:13,081 - [MainProcess:141549] mummi_ras.online.cg.cganalysis:processFrame:580 - INFO - Frame:     8, Time: 4000.000 ps, Bbox = [0, 180.38031, 0, 180.38031]
2025-04-08 15:49:13,081 - [MainProcess:141549] mummi_ras.online.cg.cganalysis:processFrame:584 - INFO - Lengths of layers: 669 30 484
2025-04-08 15:49:13,141 - [MainProcess:141549] mummi_ras.online.cg.cganalysis:processFrame:765 - INFO - Time for analysis - frameNum 8, time 0.06717681884765625 s
2025-04-08 15:49:15,141 - [MainProcess:141549] mummi_ras.online.simulation:has_computed_enough:352 - INFO - runtime_hours*0.99 = 0.495 vs delta_time = 0.054097710914082 (length 4.0 ns) False False
2025-04-08 15:49:17,145 - [MainProcess:141549] mummi_ras.online.simulation:has_computed_enough:352 - INFO - runtime_hours*0.99 = 0.495 vs delta_time = 0.054654398494296604 (length 4.0 ns) False False
2025-04-08 15:49:19,149 - [MainProcess:141549] mummi_ras.online.simulation:has_computed_enough:352 - INFO - runtime_hours*0.99 = 0.495 vs delta_time = 0.05521104719903734 (length 4.0 ns) False False
2025-04-08 15:49:21,153 - [MainProcess:141549] mummi_ras.online.simulation:has_computed_enough:352 - INFO - runtime_hours*0.99 = 0.495 vs delta_time = 0.055767685638533696 (length 4.0 ns) False False
2025-04-08 15:49:23,157 - [MainProcess:141549] mummi_ras.online.simulation:has_computed_enough:352 - INFO - runtime_hours*0.99 = 0.495 vs delta_time = 0.05632432222366333 (length 4.0 ns) False False
2025-04-08 15:49:25,161 - [MainProcess:141549] mummi_ras.online.simulation:has_computed_enough:352 - INFO - runtime_hours*0.99 = 0.495 vs delta_time = 0.0568809633784824 (length 4.0 ns) False False
2025-04-08 15:49:27,165 - [MainProcess:141549] mummi_ras.online.simulation:has_computed_enough:352 - INFO - runtime_hours*0.99 = 0.495 vs delta_time = 0.05743759618865119 (length 4.0 ns) False False
2025-04-08 15:49:29,169 - [MainProcess:141549] mummi_ras.online.simulation:has_computed_enough:352 - INFO - runtime_hours*0.99 = 0.495 vs delta_time = 0.0579942340321011 (length 4.0 ns) False False
2025-04-08 15:49:31,173 - [MainProcess:141549] mummi_ras.online.simulation:has_computed_enough:352 - INFO - runtime_hours*0.99 = 0.495 vs delta_time = 0.05855086988872952 (length 4.0 ns) False False
2025-04-08 15:49:33,177 - [MainProcess:141549] mummi_ras.online.simulation:has_computed_enough:352 - INFO - runtime_hours*0.99 = 0.495 vs delta_time = 0.05910750329494476 (length 4.0 ns) False False
2025-04-08 15:49:35,180 - [MainProcess:141549] mummi_ras.online.simulation:has_computed_enough:352 - INFO - runtime_hours*0.99 = 0.495 vs delta_time = 0.05966414127084944 (length 4.0 ns) False False
2025-04-08 15:49:37,184 - [MainProcess:141549] mummi_ras.online.simulation:has_computed_enough:352 - INFO - runtime_hours*0.99 = 0.495 vs delta_time = 0.06022077898184459 (length 4.0 ns) False False
2025-04-08 15:49:37,258 - [MainProcess:141549] mummi_ras.online.simulation:get_new_frames:399 - INFO - Getting all frame numbers in trajectory from 9 to 9.
2025-04-08 15:49:37,258 - [MainProcess:141549] mummi_ras.online.cg.cganalysis:run_main_analysis:193 - INFO - Process frame 9
2025-04-08 15:49:37,258 - [MainProcess:141549] mummi_ras.online.cg.cganalysis:processFrame:554 - INFO - Load 10 frames: current frame ID /tmp/mummi/cg/structure_iter00_000000000007-20250408_154533/traj_comp.xtc
2025-04-08 15:49:37,265 - [MainProcess:141549] mummi_ras.online.cg.cganalysis:processFrame:580 - INFO - Frame:     9, Time: 4500.000 ps, Bbox = [0, 180.0023, 0, 180.0023]
2025-04-08 15:49:37,265 - [MainProcess:141549] mummi_ras.online.cg.cganalysis:processFrame:584 - INFO - Lengths of layers: 666 34 483
2025-04-08 15:49:37,325 - [MainProcess:141549] mummi_ras.online.cg.cganalysis:processFrame:765 - INFO - Time for analysis - frameNum 9, time 0.06689620018005371 s
2025-04-08 15:49:39,326 - [MainProcess:141549] mummi_ras.online.simulation:has_computed_enough:352 - INFO - runtime_hours*0.99 = 0.495 vs delta_time = 0.060815667443805274 (length 4.5 ns) False False
2025-04-08 15:49:39,330 - [MainProcess:141549] mummi_ras.online.cg.cganalysis:processOutput:92 - INFO - Add feedback for frameNum 0 - state []
2025-04-08 15:49:39,330 - [MainProcess:141549] mummi_ras.online.cg.cganalysis:processOutput:92 - INFO - Add feedback for frameNum 1 - state []
2025-04-08 15:49:39,330 - [MainProcess:141549] mummi_ras.online.cg.cganalysis:processOutput:92 - INFO - Add feedback for frameNum 2 - state []
2025-04-08 15:49:39,330 - [MainProcess:141549] mummi_ras.online.cg.cganalysis:processOutput:92 - INFO - Add feedback for frameNum 3 - state []
2025-04-08 15:49:39,330 - [MainProcess:141549] mummi_ras.online.cg.cganalysis:processOutput:92 - INFO - Add feedback for frameNum 4 - state []
2025-04-08 15:49:39,330 - [MainProcess:141549] mummi_ras.online.cg.cganalysis:processOutput:92 - INFO - Add feedback for frameNum 5 - state []
2025-04-08 15:49:39,330 - [MainProcess:141549] mummi_ras.online.cg.cganalysis:processOutput:92 - INFO - Add feedback for frameNum 6 - state []
2025-04-08 15:49:39,331 - [MainProcess:141549] mummi_ras.online.cg.cganalysis:processOutput:92 - INFO - Add feedback for frameNum 7 - state []
2025-04-08 15:49:39,331 - [MainProcess:141549] mummi_ras.online.cg.cganalysis:processOutput:92 - INFO - Add feedback for frameNum 8 - state []
2025-04-08 15:49:39,331 - [MainProcess:141549] mummi_ras.online.cg.cganalysis:processOutput:92 - INFO - Add feedback for frameNum 9 - state []
2025-04-08 15:49:39,343 - [MainProcess:141549] mummi_core.interfaces.simple:_save_files:91 - INFO - Wrote 10 files to (/p/gpfs1/pottier1/minimummi-sc25/roots/root1/feedback-cg2ml/007)
2025-04-08 15:49:39,343 - [MainProcess:141549] mummi_ras.feedback.feedback_manager_cg2ml:report:118 - INFO - Added 10 frames (from structure_iter00_000000000007) to feedback (/p/gpfs1/pottier1/minimummi-sc25/roots/root1/feedback-cg2ml)
2025-04-08 15:49:39,343 - [MainProcess:141549] mummi_ras.online.cg.cganalysis:processOutput:112 - INFO - processOutput: 9
2025-04-08 15:49:39,343 - [MainProcess:141549] mummi_ras.online.cg.cganalysis:copyRemoteRestart:452 - INFO - Copy to remote frames [0, 1, 2, 3, 4, 5, 6, 7, 8, 9]
2025-04-08 15:49:39,464 - [MainProcess:141549] mummi_core.utils.utilities:sys_call:184 - INFO - Run command: rsync -va --no-g traj_comp.xtc topol.tpr state.cpt ener.edr md.log mdrun.log /p/gpfs1/pottier1/minimummi-sc25/roots/root1/sims-cg/structure_iter00_000000000007 || true
2025-04-08 15:49:39,722 - [MainProcess:141549] mummi_ras.interfaces.mummi:save_analysis_data:253 - INFO - Saved all analysis data for frames [0, 1, 2, 3, 4, 5, 6, 7, 8, 9]
2025-04-08 15:49:39,722 - [MainProcess:141549] mummi_ras.online.cg.cganalysis:copyRemoteLogs:350 - INFO - Copy over log files
2025-04-08 15:49:39,754 - [MainProcess:141549] mummi_core.utils.utilities:sys_call:184 - INFO - Run command: cp -r  /tmp/mummi/cg/structure_iter00_000000000007-20250408_154533/cg_analysis.out /tmp/mummi/cg/structure_iter00_000000000007-20250408_154533/traj_comp.xtc /tmp/mummi/cg/structure_iter00_000000000007-20250408_154533/*.log /p/gpfs1/pottier1/minimummi-sc25/roots/root1/sims-cg/structure_iter00_000000000007/ || true
2025-04-08 15:49:39,754 - [MainProcess:141549] mummi_ras.online.cg.cganalysis:copyRemoteLogs:365 - INFO - copyRemoteLogs =  /tmp/mummi/cg/structure_iter00_000000000007-20250408_154533/cg_analysis.out /tmp/mummi/cg/structure_iter00_000000000007-20250408_154533/traj_comp.xtc /tmp/mummi/cg/structure_iter00_000000000007-20250408_154533/*.log
2025-04-08 15:49:39,755 - [MainProcess:141549] mummi_ras.online.cg.cganalysis:cleanupLocal:375 - WARNING - Copy cleanup local only works for ddcMD files
2025-04-08 15:49:41,755 - [MainProcess:141549] mummi_ras.online.simulation:has_computed_enough:352 - INFO - runtime_hours*0.99 = 0.495 vs delta_time = 0.06149034751786126 (length 4.5 ns) False False
2025-04-08 15:49:43,761 - [MainProcess:141549] mummi_ras.online.simulation:has_computed_enough:352 - INFO - runtime_hours*0.99 = 0.495 vs delta_time = 0.06204763862821791 (length 4.5 ns) False False
2025-04-08 15:49:45,767 - [MainProcess:141549] mummi_ras.online.simulation:has_computed_enough:352 - INFO - runtime_hours*0.99 = 0.495 vs delta_time = 0.06260488549868266 (length 4.5 ns) False False
2025-04-08 15:49:47,773 - [MainProcess:141549] mummi_ras.online.simulation:has_computed_enough:352 - INFO - runtime_hours*0.99 = 0.495 vs delta_time = 0.06316209574540456 (length 4.5 ns) False False
2025-04-08 15:49:49,779 - [MainProcess:141549] mummi_ras.online.simulation:has_computed_enough:352 - INFO - runtime_hours*0.99 = 0.495 vs delta_time = 0.06371935718589358 (length 4.5 ns) False False
2025-04-08 15:49:51,785 - [MainProcess:141549] mummi_ras.online.simulation:has_computed_enough:352 - INFO - runtime_hours*0.99 = 0.495 vs delta_time = 0.06427663273281521 (length 4.5 ns) False False
2025-04-08 15:49:53,791 - [MainProcess:141549] mummi_ras.online.simulation:has_computed_enough:352 - INFO - runtime_hours*0.99 = 0.495 vs delta_time = 0.06483387158976661 (length 4.5 ns) False False
2025-04-08 15:49:55,797 - [MainProcess:141549] mummi_ras.online.simulation:has_computed_enough:352 - INFO - runtime_hours*0.99 = 0.495 vs delta_time = 0.0653911034266154 (length 4.5 ns) False False
2025-04-08 15:49:57,804 - [MainProcess:141549] mummi_ras.online.simulation:has_computed_enough:352 - INFO - runtime_hours*0.99 = 0.495 vs delta_time = 0.06594835215144687 (length 4.5 ns) False False
2025-04-08 15:49:59,810 - [MainProcess:141549] mummi_ras.online.simulation:has_computed_enough:352 - INFO - runtime_hours*0.99 = 0.495 vs delta_time = 0.0665056061082416 (length 4.5 ns) False False
2025-04-08 15:50:01,816 - [MainProcess:141549] mummi_ras.online.simulation:has_computed_enough:352 - INFO - runtime_hours*0.99 = 0.495 vs delta_time = 0.06706284092532264 (length 4.5 ns) False False
2025-04-08 15:50:01,865 - [MainProcess:141549] mummi_ras.online.simulation:get_new_frames:399 - INFO - Getting all frame numbers in trajectory from 10 to 10.
2025-04-08 15:50:01,865 - [MainProcess:141549] mummi_ras.online.cg.cganalysis:run_main_analysis:193 - INFO - Process frame 10
2025-04-08 15:50:01,866 - [MainProcess:141549] mummi_ras.online.cg.cganalysis:processFrame:554 - INFO - Load 11 frames: current frame ID /tmp/mummi/cg/structure_iter00_000000000007-20250408_154533/traj_comp.xtc
2025-04-08 15:50:01,876 - [MainProcess:141549] mummi_ras.online.cg.cganalysis:processFrame:580 - INFO - Frame:    10, Time: 5000.000 ps, Bbox = [0, 180.42688, 0, 180.42688]
2025-04-08 15:50:01,876 - [MainProcess:141549] mummi_ras.online.cg.cganalysis:processFrame:584 - INFO - Lengths of layers: 665 32 486
2025-04-08 15:50:01,976 - [MainProcess:141549] mummi_ras.online.cg.cganalysis:processFrame:765 - INFO - Time for analysis - frameNum 10, time 0.11019444465637207 s
2025-04-08 15:50:03,976 - [MainProcess:141549] mummi_ras.online.simulation:has_computed_enough:352 - INFO - runtime_hours*0.99 = 0.495 vs delta_time = 0.06766301274299621 (length 5.0 ns) False False
2025-04-08 15:50:05,983 - [MainProcess:141549] mummi_ras.online.simulation:has_computed_enough:352 - INFO - runtime_hours*0.99 = 0.495 vs delta_time = 0.06822032431761424 (length 5.0 ns) False False
2025-04-08 15:50:07,989 - [MainProcess:141549] mummi_ras.online.simulation:has_computed_enough:352 - INFO - runtime_hours*0.99 = 0.495 vs delta_time = 0.06877758059236738 (length 5.0 ns) False False
2025-04-08 15:50:09,995 - [MainProcess:141549] mummi_ras.online.simulation:has_computed_enough:352 - INFO - runtime_hours*0.99 = 0.495 vs delta_time = 0.06933481971422831 (length 5.0 ns) False False
2025-04-08 15:50:12,001 - [MainProcess:141549] mummi_ras.online.simulation:has_computed_enough:352 - INFO - runtime_hours*0.99 = 0.495 vs delta_time = 0.06989207234647539 (length 5.0 ns) False False
2025-04-08 15:50:14,007 - [MainProcess:141549] mummi_ras.online.simulation:has_computed_enough:352 - INFO - runtime_hours*0.99 = 0.495 vs delta_time = 0.07044932782649994 (length 5.0 ns) False False
2025-04-08 15:50:16,013 - [MainProcess:141549] mummi_ras.online.simulation:has_computed_enough:352 - INFO - runtime_hours*0.99 = 0.495 vs delta_time = 0.07100656231244405 (length 5.0 ns) False False
2025-04-08 15:50:18,019 - [MainProcess:141549] mummi_ras.online.simulation:has_computed_enough:352 - INFO - runtime_hours*0.99 = 0.495 vs delta_time = 0.07156379785802629 (length 5.0 ns) False False
2025-04-08 15:50:20,025 - [MainProcess:141549] mummi_ras.online.simulation:has_computed_enough:352 - INFO - runtime_hours*0.99 = 0.495 vs delta_time = 0.07212101982699501 (length 5.0 ns) False False
2025-04-08 15:50:22,031 - [MainProcess:141549] mummi_ras.online.simulation:has_computed_enough:352 - INFO - runtime_hours*0.99 = 0.495 vs delta_time = 0.07267825795544518 (length 5.0 ns) False False
2025-04-08 15:50:24,037 - [MainProcess:141549] mummi_ras.online.simulation:has_computed_enough:352 - INFO - runtime_hours*0.99 = 0.495 vs delta_time = 0.0732355127731959 (length 5.0 ns) False False
2025-04-08 15:50:26,043 - [MainProcess:141549] mummi_ras.online.simulation:has_computed_enough:352 - INFO - runtime_hours*0.99 = 0.495 vs delta_time = 0.0737926944759157 (length 5.0 ns) False False
2025-04-08 15:50:26,472 - [MainProcess:141549] mummi_ras.online.simulation:get_new_frames:399 - INFO - Getting all frame numbers in trajectory from 11 to 11.
2025-04-08 15:50:26,473 - [MainProcess:141549] mummi_ras.online.cg.cganalysis:run_main_analysis:193 - INFO - Process frame 11
2025-04-08 15:50:26,473 - [MainProcess:141549] mummi_ras.online.cg.cganalysis:processFrame:554 - INFO - Load 12 frames: current frame ID /tmp/mummi/cg/structure_iter00_000000000007-20250408_154533/traj_comp.xtc
2025-04-08 15:50:26,483 - [MainProcess:141549] mummi_ras.online.cg.cganalysis:processFrame:580 - INFO - Frame:    11, Time: 5500.000 ps, Bbox = [0, 180.77553, 0, 180.77553]
2025-04-08 15:50:26,484 - [MainProcess:141549] mummi_ras.online.cg.cganalysis:processFrame:584 - INFO - Lengths of layers: 664 33 486
2025-04-08 15:50:26,583 - [MainProcess:141549] mummi_ras.online.cg.cganalysis:processFrame:765 - INFO - Time for analysis - frameNum 11, time 0.11006331443786621 s
2025-04-08 15:50:28,583 - [MainProcess:141549] mummi_ras.online.simulation:has_computed_enough:352 - INFO - runtime_hours*0.99 = 0.495 vs delta_time = 0.07449828359815809 (length 5.5 ns) False False
2025-04-08 15:50:30,589 - [MainProcess:141549] mummi_ras.online.simulation:has_computed_enough:352 - INFO - runtime_hours*0.99 = 0.495 vs delta_time = 0.0750555200709237 (length 5.5 ns) False False
2025-04-08 15:50:32,596 - [MainProcess:141549] mummi_ras.online.simulation:has_computed_enough:352 - INFO - runtime_hours*0.99 = 0.495 vs delta_time = 0.07561280475722419 (length 5.5 ns) False False
2025-04-08 15:50:34,602 - [MainProcess:141549] mummi_ras.online.simulation:has_computed_enough:352 - INFO - runtime_hours*0.99 = 0.495 vs delta_time = 0.07617006129688687 (length 5.5 ns) False False
2025-04-08 15:50:36,608 - [MainProcess:141549] mummi_ras.online.simulation:has_computed_enough:352 - INFO - runtime_hours*0.99 = 0.495 vs delta_time = 0.07672731141249339 (length 5.5 ns) False False
2025-04-08 15:50:38,614 - [MainProcess:141549] mummi_ras.online.simulation:has_computed_enough:352 - INFO - runtime_hours*0.99 = 0.495 vs delta_time = 0.07728455457422469 (length 5.5 ns) False False
2025-04-08 15:50:40,620 - [MainProcess:141549] mummi_ras.online.simulation:has_computed_enough:352 - INFO - runtime_hours*0.99 = 0.495 vs delta_time = 0.07784180137846206 (length 5.5 ns) False False
2025-04-08 15:50:42,626 - [MainProcess:141549] mummi_ras.online.simulation:has_computed_enough:352 - INFO - runtime_hours*0.99 = 0.495 vs delta_time = 0.07839904891120063 (length 5.5 ns) False False
2025-04-08 15:50:44,632 - [MainProcess:141549] mummi_ras.online.simulation:has_computed_enough:352 - INFO - runtime_hours*0.99 = 0.495 vs delta_time = 0.07895630677541098 (length 5.5 ns) False False
2025-04-08 15:50:46,638 - [MainProcess:141549] mummi_ras.online.simulation:has_computed_enough:352 - INFO - runtime_hours*0.99 = 0.495 vs delta_time = 0.07951354669200049 (length 5.5 ns) False False
2025-04-08 15:50:48,644 - [MainProcess:141549] mummi_ras.online.simulation:has_computed_enough:352 - INFO - runtime_hours*0.99 = 0.495 vs delta_time = 0.08007080243693458 (length 5.5 ns) False False
2025-04-08 15:50:48,733 - [MainProcess:141549] mummi_ras.online.simulation:get_new_frames:399 - INFO - Getting all frame numbers in trajectory from 12 to 12.
2025-04-08 15:50:48,734 - [MainProcess:141549] mummi_ras.online.cg.cganalysis:run_main_analysis:193 - INFO - Process frame 12
2025-04-08 15:50:48,734 - [MainProcess:141549] mummi_ras.online.cg.cganalysis:processFrame:554 - INFO - Load 13 frames: current frame ID /tmp/mummi/cg/structure_iter00_000000000007-20250408_154533/traj_comp.xtc
2025-04-08 15:50:48,745 - [MainProcess:141549] mummi_ras.online.cg.cganalysis:processFrame:580 - INFO - Frame:    12, Time: 6000.000 ps, Bbox = [0, 179.33443, 0, 179.33443]
2025-04-08 15:50:48,745 - [MainProcess:141549] mummi_ras.online.cg.cganalysis:processFrame:584 - INFO - Lengths of layers: 668 26 489
2025-04-08 15:50:48,844 - [MainProcess:141549] mummi_ras.online.cg.cganalysis:processFrame:765 - INFO - Time for analysis - frameNum 12, time 0.10982608795166016 s
2025-04-08 15:50:50,844 - [MainProcess:141549] mummi_ras.online.simulation:has_computed_enough:352 - INFO - runtime_hours*0.99 = 0.495 vs delta_time = 0.08068184263176388 (length 6.0 ns) False False
2025-04-08 15:50:52,851 - [MainProcess:141549] mummi_ras.online.simulation:has_computed_enough:352 - INFO - runtime_hours*0.99 = 0.495 vs delta_time = 0.08123916301462386 (length 6.0 ns) False False
2025-04-08 15:50:54,857 - [MainProcess:141549] mummi_ras.online.simulation:has_computed_enough:352 - INFO - runtime_hours*0.99 = 0.495 vs delta_time = 0.08179643551508585 (length 6.0 ns) False False
2025-04-08 15:50:56,863 - [MainProcess:141549] mummi_ras.online.simulation:has_computed_enough:352 - INFO - runtime_hours*0.99 = 0.495 vs delta_time = 0.0823537031809489 (length 6.0 ns) False False
2025-04-08 15:50:58,869 - [MainProcess:141549] mummi_ras.online.simulation:has_computed_enough:352 - INFO - runtime_hours*0.99 = 0.495 vs delta_time = 0.08291095972061158 (length 6.0 ns) False False
2025-04-08 15:51:00,875 - [MainProcess:141549] mummi_ras.online.simulation:has_computed_enough:352 - INFO - runtime_hours*0.99 = 0.495 vs delta_time = 0.08346821169058481 (length 6.0 ns) False False
2025-04-08 15:51:02,881 - [MainProcess:141549] mummi_ras.online.simulation:has_computed_enough:352 - INFO - runtime_hours*0.99 = 0.495 vs delta_time = 0.08402546233601041 (length 6.0 ns) False False
2025-04-08 15:51:04,887 - [MainProcess:141549] mummi_ras.online.simulation:has_computed_enough:352 - INFO - runtime_hours*0.99 = 0.495 vs delta_time = 0.08458271125952403 (length 6.0 ns) False False
2025-04-08 15:51:06,893 - [MainProcess:141549] mummi_ras.online.simulation:has_computed_enough:352 - INFO - runtime_hours*0.99 = 0.495 vs delta_time = 0.0851399799187978 (length 6.0 ns) False False
2025-04-08 15:51:08,900 - [MainProcess:141549] mummi_ras.online.simulation:has_computed_enough:352 - INFO - runtime_hours*0.99 = 0.495 vs delta_time = 0.0856972414917416 (length 6.0 ns) False False
2025-04-08 15:51:10,906 - [MainProcess:141549] mummi_ras.online.simulation:has_computed_enough:352 - INFO - runtime_hours*0.99 = 0.495 vs delta_time = 0.08625445809629229 (length 6.0 ns) False False
2025-04-08 15:51:12,912 - [MainProcess:141549] mummi_ras.online.simulation:has_computed_enough:352 - INFO - runtime_hours*0.99 = 0.495 vs delta_time = 0.08681171145704057 (length 6.0 ns) False False
2025-04-08 15:51:12,961 - [MainProcess:141549] mummi_ras.online.simulation:get_new_frames:399 - INFO - Getting all frame numbers in trajectory from 13 to 13.
2025-04-08 15:51:12,961 - [MainProcess:141549] mummi_ras.online.cg.cganalysis:run_main_analysis:193 - INFO - Process frame 13
2025-04-08 15:51:12,961 - [MainProcess:141549] mummi_ras.online.cg.cganalysis:processFrame:554 - INFO - Load 14 frames: current frame ID /tmp/mummi/cg/structure_iter00_000000000007-20250408_154533/traj_comp.xtc
2025-04-08 15:51:12,972 - [MainProcess:141549] mummi_ras.online.cg.cganalysis:processFrame:580 - INFO - Frame:    13, Time: 6500.000 ps, Bbox = [0, 179.69836, 0, 179.69836]
2025-04-08 15:51:12,972 - [MainProcess:141549] mummi_ras.online.cg.cganalysis:processFrame:584 - INFO - Lengths of layers: 663 33 487
2025-04-08 15:51:13,072 - [MainProcess:141549] mummi_ras.online.cg.cganalysis:processFrame:765 - INFO - Time for analysis - frameNum 13, time 0.11104655265808105 s
2025-04-08 15:51:15,073 - [MainProcess:141549] mummi_ras.online.simulation:has_computed_enough:352 - INFO - runtime_hours*0.99 = 0.495 vs delta_time = 0.08741200407346089 (length 6.5 ns) False False
2025-04-08 15:51:17,079 - [MainProcess:141549] mummi_ras.online.simulation:has_computed_enough:352 - INFO - runtime_hours*0.99 = 0.495 vs delta_time = 0.08796932862864601 (length 6.5 ns) False False
2025-04-08 15:51:19,085 - [MainProcess:141549] mummi_ras.online.simulation:has_computed_enough:352 - INFO - runtime_hours*0.99 = 0.495 vs delta_time = 0.08852658026748234 (length 6.5 ns) False False
2025-04-08 15:51:21,091 - [MainProcess:141549] mummi_ras.online.simulation:has_computed_enough:352 - INFO - runtime_hours*0.99 = 0.495 vs delta_time = 0.08908385819858974 (length 6.5 ns) False False
2025-04-08 15:51:23,098 - [MainProcess:141549] mummi_ras.online.simulation:has_computed_enough:352 - INFO - runtime_hours*0.99 = 0.495 vs delta_time = 0.08964111083083683 (length 6.5 ns) False False
2025-04-08 15:51:25,104 - [MainProcess:141549] mummi_ras.online.simulation:has_computed_enough:352 - INFO - runtime_hours*0.99 = 0.495 vs delta_time = 0.09019836823145548 (length 6.5 ns) False False
2025-04-08 15:51:27,110 - [MainProcess:141549] mummi_ras.online.simulation:has_computed_enough:352 - INFO - runtime_hours*0.99 = 0.495 vs delta_time = 0.09075562748644087 (length 6.5 ns) False False
2025-04-08 15:51:29,116 - [MainProcess:141549] mummi_ras.online.simulation:has_computed_enough:352 - INFO - runtime_hours*0.99 = 0.495 vs delta_time = 0.09131287607881758 (length 6.5 ns) False False
2025-04-08 15:51:31,122 - [MainProcess:141549] mummi_ras.online.simulation:has_computed_enough:352 - INFO - runtime_hours*0.99 = 0.495 vs delta_time = 0.09187011467085944 (length 6.5 ns) False False
2025-04-08 15:51:33,128 - [MainProcess:141549] mummi_ras.online.simulation:has_computed_enough:352 - INFO - runtime_hours*0.99 = 0.495 vs delta_time = 0.0924273665746053 (length 6.5 ns) False False
2025-04-08 15:51:35,134 - [MainProcess:141549] mummi_ras.online.simulation:has_computed_enough:352 - INFO - runtime_hours*0.99 = 0.495 vs delta_time = 0.09298461112711165 (length 6.5 ns) False False
2025-04-08 15:51:37,140 - [MainProcess:141549] mummi_ras.online.simulation:has_computed_enough:352 - INFO - runtime_hours*0.99 = 0.495 vs delta_time = 0.09354187217023638 (length 6.5 ns) False False
2025-04-08 15:51:37,694 - [MainProcess:141549] mummi_ras.online.simulation:get_new_frames:399 - INFO - Getting all frame numbers in trajectory from 14 to 14.
2025-04-08 15:51:37,694 - [MainProcess:141549] mummi_ras.online.cg.cganalysis:run_main_analysis:193 - INFO - Process frame 14
2025-04-08 15:51:37,695 - [MainProcess:141549] mummi_ras.online.cg.cganalysis:processFrame:554 - INFO - Load 15 frames: current frame ID /tmp/mummi/cg/structure_iter00_000000000007-20250408_154533/traj_comp.xtc
2025-04-08 15:51:37,705 - [MainProcess:141549] mummi_ras.online.cg.cganalysis:processFrame:580 - INFO - Frame:    14, Time: 7000.000 ps, Bbox = [0, 180.71219, 0, 180.71219]
2025-04-08 15:51:37,705 - [MainProcess:141549] mummi_ras.online.cg.cganalysis:processFrame:584 - INFO - Lengths of layers: 665 30 488
2025-04-08 15:51:37,805 - [MainProcess:141549] mummi_ras.online.cg.cganalysis:processFrame:765 - INFO - Time for analysis - frameNum 14, time 0.1108391284942627 s
2025-04-08 15:51:39,806 - [MainProcess:141549] mummi_ras.online.simulation:has_computed_enough:352 - INFO - runtime_hours*0.99 = 0.495 vs delta_time = 0.09428238054116567 (length 7.0 ns) False False
2025-04-08 15:51:41,813 - [MainProcess:141549] mummi_ras.online.simulation:has_computed_enough:352 - INFO - runtime_hours*0.99 = 0.495 vs delta_time = 0.09483971940146552 (length 7.0 ns) False False
2025-04-08 15:51:43,819 - [MainProcess:141549] mummi_ras.online.simulation:has_computed_enough:352 - INFO - runtime_hours*0.99 = 0.495 vs delta_time = 0.09539697647094726 (length 7.0 ns) False False
2025-04-08 15:51:45,825 - [MainProcess:141549] mummi_ras.online.simulation:has_computed_enough:352 - INFO - runtime_hours*0.99 = 0.495 vs delta_time = 0.09595421777831184 (length 7.0 ns) False False
2025-04-08 15:51:47,831 - [MainProcess:141549] mummi_ras.online.simulation:has_computed_enough:352 - INFO - runtime_hours*0.99 = 0.495 vs delta_time = 0.09651148868931664 (length 7.0 ns) False False
2025-04-08 15:51:49,837 - [MainProcess:141549] mummi_ras.online.simulation:has_computed_enough:352 - INFO - runtime_hours*0.99 = 0.495 vs delta_time = 0.09706875655386182 (length 7.0 ns) False False
2025-04-08 15:51:51,843 - [MainProcess:141549] mummi_ras.online.simulation:has_computed_enough:352 - INFO - runtime_hours*0.99 = 0.495 vs delta_time = 0.09762601739830441 (length 7.0 ns) False False
2025-04-08 15:51:53,849 - [MainProcess:141549] mummi_ras.online.simulation:has_computed_enough:352 - INFO - runtime_hours*0.99 = 0.495 vs delta_time = 0.09818326572577159 (length 7.0 ns) False False
2025-04-08 15:51:55,855 - [MainProcess:141549] mummi_ras.online.simulation:has_computed_enough:352 - INFO - runtime_hours*0.99 = 0.495 vs delta_time = 0.09874052034484015 (length 7.0 ns) False False
2025-04-08 15:51:57,861 - [MainProcess:141549] mummi_ras.online.simulation:has_computed_enough:352 - INFO - runtime_hours*0.99 = 0.495 vs delta_time = 0.09929776675171323 (length 7.0 ns) False False
2025-04-08 15:51:59,868 - [MainProcess:141549] mummi_ras.online.simulation:has_computed_enough:352 - INFO - runtime_hours*0.99 = 0.495 vs delta_time = 0.09985503236452739 (length 7.0 ns) False False
2025-04-08 15:52:01,874 - [MainProcess:141549] mummi_ras.online.simulation:has_computed_enough:352 - INFO - runtime_hours*0.99 = 0.495 vs delta_time = 0.10041228254636128 (length 7.0 ns) False False
2025-04-08 15:52:01,964 - [MainProcess:141549] mummi_ras.online.simulation:get_new_frames:399 - INFO - Getting all frame numbers in trajectory from 15 to 15.
2025-04-08 15:52:01,965 - [MainProcess:141549] mummi_ras.online.cg.cganalysis:run_main_analysis:193 - INFO - Process frame 15
2025-04-08 15:52:01,965 - [MainProcess:141549] mummi_ras.online.cg.cganalysis:processFrame:554 - INFO - Load 16 frames: current frame ID /tmp/mummi/cg/structure_iter00_000000000007-20250408_154533/traj_comp.xtc
2025-04-08 15:52:01,975 - [MainProcess:141549] mummi_ras.online.cg.cganalysis:processFrame:580 - INFO - Frame:    15, Time: 7500.000 ps, Bbox = [0, 180.02242, 0, 180.02242]
2025-04-08 15:52:01,976 - [MainProcess:141549] mummi_ras.online.cg.cganalysis:processFrame:584 - INFO - Lengths of layers: 660 38 485
2025-04-08 15:52:02,075 - [MainProcess:141549] mummi_ras.online.cg.cganalysis:processFrame:765 - INFO - Time for analysis - frameNum 15, time 0.10988068580627441 s
2025-04-08 15:52:04,075 - [MainProcess:141549] mummi_ras.online.simulation:has_computed_enough:352 - INFO - runtime_hours*0.99 = 0.495 vs delta_time = 0.10102379739284516 (length 7.5 ns) False False
2025-04-08 15:52:06,082 - [MainProcess:141549] mummi_ras.online.simulation:has_computed_enough:352 - INFO - runtime_hours*0.99 = 0.495 vs delta_time = 0.10158111002710131 (length 7.5 ns) False False
2025-04-08 15:52:08,087 - [MainProcess:141549] mummi_ras.online.simulation:has_computed_enough:352 - INFO - runtime_hours*0.99 = 0.495 vs delta_time = 0.10213829451137119 (length 7.5 ns) False False
2025-04-08 15:52:10,094 - [MainProcess:141549] mummi_ras.online.simulation:has_computed_enough:352 - INFO - runtime_hours*0.99 = 0.495 vs delta_time = 0.10269557389948103 (length 7.5 ns) False False
2025-04-08 15:52:12,100 - [MainProcess:141549] mummi_ras.online.simulation:has_computed_enough:352 - INFO - runtime_hours*0.99 = 0.495 vs delta_time = 0.10325283335314857 (length 7.5 ns) False False
2025-04-08 15:52:14,106 - [MainProcess:141549] mummi_ras.online.simulation:has_computed_enough:352 - INFO - runtime_hours*0.99 = 0.495 vs delta_time = 0.10381001359886594 (length 7.5 ns) False False
2025-04-08 15:52:16,112 - [MainProcess:141549] mummi_ras.online.simulation:has_computed_enough:352 - INFO - runtime_hours*0.99 = 0.495 vs delta_time = 0.10436727821826935 (length 7.5 ns) False False
2025-04-08 15:52:18,118 - [MainProcess:141549] mummi_ras.online.simulation:has_computed_enough:352 - INFO - runtime_hours*0.99 = 0.495 vs delta_time = 0.10492452396286858 (length 7.5 ns) False False
2025-04-08 15:52:20,124 - [MainProcess:141549] mummi_ras.online.simulation:has_computed_enough:352 - INFO - runtime_hours*0.99 = 0.495 vs delta_time = 0.10548177282015482 (length 7.5 ns) False False
2025-04-08 15:52:22,130 - [MainProcess:141549] mummi_ras.online.simulation:has_computed_enough:352 - INFO - runtime_hours*0.99 = 0.495 vs delta_time = 0.10603896028465695 (length 7.5 ns) False False
2025-04-08 15:52:24,136 - [MainProcess:141549] mummi_ras.online.simulation:has_computed_enough:352 - INFO - runtime_hours*0.99 = 0.495 vs delta_time = 0.10659622708956401 (length 7.5 ns) False False
2025-04-08 15:52:24,185 - [MainProcess:141549] mummi_ras.online.simulation:get_new_frames:399 - INFO - Getting all frame numbers in trajectory from 16 to 16.
2025-04-08 15:52:24,185 - [MainProcess:141549] mummi_ras.online.cg.cganalysis:run_main_analysis:193 - INFO - Process frame 16
2025-04-08 15:52:24,185 - [MainProcess:141549] mummi_ras.online.cg.cganalysis:processFrame:554 - INFO - Load 17 frames: current frame ID /tmp/mummi/cg/structure_iter00_000000000007-20250408_154533/traj_comp.xtc
2025-04-08 15:52:24,196 - [MainProcess:141549] mummi_ras.online.cg.cganalysis:processFrame:580 - INFO - Frame:    16, Time: 8000.000 ps, Bbox = [0, 180.50864, 0, 180.50864]
2025-04-08 15:52:24,196 - [MainProcess:141549] mummi_ras.online.cg.cganalysis:processFrame:584 - INFO - Lengths of layers: 660 36 487
2025-04-08 15:52:24,296 - [MainProcess:141549] mummi_ras.online.cg.cganalysis:processFrame:765 - INFO - Time for analysis - frameNum 16, time 0.11028838157653809 s
2025-04-08 15:52:26,296 - [MainProcess:141549] mummi_ras.online.simulation:has_computed_enough:352 - INFO - runtime_hours*0.99 = 0.495 vs delta_time = 0.10719632181856367 (length 8.0 ns) False False
2025-04-08 15:52:28,303 - [MainProcess:141549] mummi_ras.online.simulation:has_computed_enough:352 - INFO - runtime_hours*0.99 = 0.495 vs delta_time = 0.10775361975034078 (length 8.0 ns) False False
2025-04-08 15:52:30,309 - [MainProcess:141549] mummi_ras.online.simulation:has_computed_enough:352 - INFO - runtime_hours*0.99 = 0.495 vs delta_time = 0.10831087973382737 (length 8.0 ns) False False
2025-04-08 15:52:32,315 - [MainProcess:141549] mummi_ras.online.simulation:has_computed_enough:352 - INFO - runtime_hours*0.99 = 0.495 vs delta_time = 0.10886812726656596 (length 8.0 ns) False False
2025-04-08 15:52:34,321 - [MainProcess:141549] mummi_ras.online.simulation:has_computed_enough:352 - INFO - runtime_hours*0.99 = 0.495 vs delta_time = 0.10942541301250458 (length 8.0 ns) False False
2025-04-08 15:52:36,327 - [MainProcess:141549] mummi_ras.online.simulation:has_computed_enough:352 - INFO - runtime_hours*0.99 = 0.495 vs delta_time = 0.1099826662407981 (length 8.0 ns) False False
2025-04-08 15:52:38,333 - [MainProcess:141549] mummi_ras.online.simulation:has_computed_enough:352 - INFO - runtime_hours*0.99 = 0.495 vs delta_time = 0.11053986132144927 (length 8.0 ns) False False
2025-04-08 15:52:40,339 - [MainProcess:141549] mummi_ras.online.simulation:has_computed_enough:352 - INFO - runtime_hours*0.99 = 0.495 vs delta_time = 0.11109714501433902 (length 8.0 ns) False False
2025-04-08 15:52:42,345 - [MainProcess:141549] mummi_ras.online.simulation:has_computed_enough:352 - INFO - runtime_hours*0.99 = 0.495 vs delta_time = 0.11165438916948106 (length 8.0 ns) False False
2025-04-08 15:52:44,351 - [MainProcess:141549] mummi_ras.online.simulation:has_computed_enough:352 - INFO - runtime_hours*0.99 = 0.495 vs delta_time = 0.11221163736449348 (length 8.0 ns) False False
2025-04-08 15:52:46,357 - [MainProcess:141549] mummi_ras.online.simulation:has_computed_enough:352 - INFO - runtime_hours*0.99 = 0.495 vs delta_time = 0.11276886714829339 (length 8.0 ns) False False
2025-04-08 15:52:48,364 - [MainProcess:141549] mummi_ras.online.simulation:has_computed_enough:352 - INFO - runtime_hours*0.99 = 0.495 vs delta_time = 0.11332612276077271 (length 8.0 ns) False False
2025-04-08 15:52:48,547 - [MainProcess:141549] mummi_ras.online.simulation:get_new_frames:399 - INFO - Getting all frame numbers in trajectory from 17 to 17.
2025-04-08 15:52:48,547 - [MainProcess:141549] mummi_ras.online.cg.cganalysis:run_main_analysis:193 - INFO - Process frame 17
2025-04-08 15:52:48,547 - [MainProcess:141549] mummi_ras.online.cg.cganalysis:processFrame:554 - INFO - Load 18 frames: current frame ID /tmp/mummi/cg/structure_iter00_000000000007-20250408_154533/traj_comp.xtc
2025-04-08 15:52:48,558 - [MainProcess:141549] mummi_ras.online.cg.cganalysis:processFrame:580 - INFO - Frame:    17, Time: 8500.000 ps, Bbox = [0, 179.75574, 0, 179.75574]
2025-04-08 15:52:48,558 - [MainProcess:141549] mummi_ras.online.cg.cganalysis:processFrame:584 - INFO - Lengths of layers: 660 35 488
2025-04-08 15:52:48,658 - [MainProcess:141549] mummi_ras.online.cg.cganalysis:processFrame:765 - INFO - Time for analysis - frameNum 17, time 0.11013054847717285 s
2025-04-08 15:52:50,658 - [MainProcess:141549] mummi_ras.online.simulation:has_computed_enough:352 - INFO - runtime_hours*0.99 = 0.495 vs delta_time = 0.11396348443296221 (length 8.5 ns) False False
2025-04-08 15:52:52,664 - [MainProcess:141549] mummi_ras.online.simulation:has_computed_enough:352 - INFO - runtime_hours*0.99 = 0.495 vs delta_time = 0.11452080481582218 (length 8.5 ns) False False
2025-04-08 15:52:54,670 - [MainProcess:141549] mummi_ras.online.simulation:has_computed_enough:352 - INFO - runtime_hours*0.99 = 0.495 vs delta_time = 0.11507798923386468 (length 8.5 ns) False False
2025-04-08 15:52:56,676 - [MainProcess:141549] mummi_ras.online.simulation:has_computed_enough:352 - INFO - runtime_hours*0.99 = 0.495 vs delta_time = 0.11563524848885007 (length 8.5 ns) False False
2025-04-08 15:52:58,683 - [MainProcess:141549] mummi_ras.online.simulation:has_computed_enough:352 - INFO - runtime_hours*0.99 = 0.495 vs delta_time = 0.11619250039259593 (length 8.5 ns) False False
2025-04-08 15:53:00,689 - [MainProcess:141549] mummi_ras.online.simulation:has_computed_enough:352 - INFO - runtime_hours*0.99 = 0.495 vs delta_time = 0.11674976024362776 (length 8.5 ns) False False
2025-04-08 15:53:02,695 - [MainProcess:141549] mummi_ras.online.simulation:has_computed_enough:352 - INFO - runtime_hours*0.99 = 0.495 vs delta_time = 0.11730701280964745 (length 8.5 ns) False False
2025-04-08 15:53:04,701 - [MainProcess:141549] mummi_ras.online.simulation:has_computed_enough:352 - INFO - runtime_hours*0.99 = 0.495 vs delta_time = 0.11786426371998257 (length 8.5 ns) False False
2025-04-08 15:53:06,707 - [MainProcess:141549] mummi_ras.online.simulation:has_computed_enough:352 - INFO - runtime_hours*0.99 = 0.495 vs delta_time = 0.11842153251171111 (length 8.5 ns) False False
2025-04-08 15:53:08,713 - [MainProcess:141549] mummi_ras.online.simulation:has_computed_enough:352 - INFO - runtime_hours*0.99 = 0.495 vs delta_time = 0.11897878739568922 (length 8.5 ns) False False
2025-04-08 15:53:10,719 - [MainProcess:141549] mummi_ras.online.simulation:has_computed_enough:352 - INFO - runtime_hours*0.99 = 0.495 vs delta_time = 0.11953601790799034 (length 8.5 ns) False False
2025-04-08 15:53:12,725 - [MainProcess:141549] mummi_ras.online.simulation:has_computed_enough:352 - INFO - runtime_hours*0.99 = 0.495 vs delta_time = 0.1200932827923033 (length 8.5 ns) False False
2025-04-08 15:53:12,987 - [MainProcess:141549] mummi_ras.online.simulation:get_new_frames:399 - INFO - Getting all frame numbers in trajectory from 18 to 18.
2025-04-08 15:53:12,987 - [MainProcess:141549] mummi_ras.online.cg.cganalysis:run_main_analysis:193 - INFO - Process frame 18
2025-04-08 15:53:12,988 - [MainProcess:141549] mummi_ras.online.cg.cganalysis:processFrame:554 - INFO - Load 19 frames: current frame ID /tmp/mummi/cg/structure_iter00_000000000007-20250408_154533/traj_comp.xtc
2025-04-08 15:53:12,998 - [MainProcess:141549] mummi_ras.online.cg.cganalysis:processFrame:580 - INFO - Frame:    18, Time: 9000.000 ps, Bbox = [0, 179.70996, 0, 179.70996]
2025-04-08 15:53:12,999 - [MainProcess:141549] mummi_ras.online.cg.cganalysis:processFrame:584 - INFO - Lengths of layers: 656 31 496
2025-04-08 15:53:13,098 - [MainProcess:141549] mummi_ras.online.cg.cganalysis:processFrame:765 - INFO - Time for analysis - frameNum 18, time 0.11049342155456543 s
2025-04-08 15:53:15,099 - [MainProcess:141549] mummi_ras.online.simulation:has_computed_enough:352 - INFO - runtime_hours*0.99 = 0.495 vs delta_time = 0.12075254387325711 (length 9.0 ns) False False
2025-04-08 15:53:17,105 - [MainProcess:141549] mummi_ras.online.simulation:has_computed_enough:352 - INFO - runtime_hours*0.99 = 0.495 vs delta_time = 0.12130980716811286 (length 9.0 ns) False False
2025-04-08 15:53:19,111 - [MainProcess:141549] mummi_ras.online.simulation:has_computed_enough:352 - INFO - runtime_hours*0.99 = 0.495 vs delta_time = 0.121867100265291 (length 9.0 ns) False False
2025-04-08 15:53:21,117 - [MainProcess:141549] mummi_ras.online.simulation:has_computed_enough:352 - INFO - runtime_hours*0.99 = 0.495 vs delta_time = 0.12242435521549648 (length 9.0 ns) False False
2025-04-08 15:53:23,123 - [MainProcess:141549] mummi_ras.online.simulation:has_computed_enough:352 - INFO - runtime_hours*0.99 = 0.495 vs delta_time = 0.12298161029815674 (length 9.0 ns) False False
2025-04-08 15:53:25,129 - [MainProcess:141549] mummi_ras.online.simulation:has_computed_enough:352 - INFO - runtime_hours*0.99 = 0.495 vs delta_time = 0.12353886750009324 (length 9.0 ns) False False
2025-04-08 15:53:27,136 - [MainProcess:141549] mummi_ras.online.simulation:has_computed_enough:352 - INFO - runtime_hours*0.99 = 0.495 vs delta_time = 0.12409611655606163 (length 9.0 ns) False False
2025-04-08 15:53:29,142 - [MainProcess:141549] mummi_ras.online.simulation:has_computed_enough:352 - INFO - runtime_hours*0.99 = 0.495 vs delta_time = 0.12465336918830872 (length 9.0 ns) False False
2025-04-08 15:53:31,148 - [MainProcess:141549] mummi_ras.online.simulation:has_computed_enough:352 - INFO - runtime_hours*0.99 = 0.495 vs delta_time = 0.1252106018861135 (length 9.0 ns) False False
2025-04-08 15:53:33,154 - [MainProcess:141549] mummi_ras.online.simulation:has_computed_enough:352 - INFO - runtime_hours*0.99 = 0.495 vs delta_time = 0.12576784014701844 (length 9.0 ns) False False
2025-04-08 15:53:35,160 - [MainProcess:141549] mummi_ras.online.simulation:has_computed_enough:352 - INFO - runtime_hours*0.99 = 0.495 vs delta_time = 0.12632509628931682 (length 9.0 ns) False False
2025-04-08 15:53:37,166 - [MainProcess:141549] mummi_ras.online.simulation:has_computed_enough:352 - INFO - runtime_hours*0.99 = 0.495 vs delta_time = 0.1268823355436325 (length 9.0 ns) False False
2025-04-08 15:53:37,227 - [MainProcess:141549] mummi_ras.online.simulation:get_new_frames:399 - INFO - Getting all frame numbers in trajectory from 19 to 19.
2025-04-08 15:53:37,227 - [MainProcess:141549] mummi_ras.online.cg.cganalysis:run_main_analysis:193 - INFO - Process frame 19
2025-04-08 15:53:37,227 - [MainProcess:141549] mummi_ras.online.cg.cganalysis:processFrame:554 - INFO - Load 20 frames: current frame ID /tmp/mummi/cg/structure_iter00_000000000007-20250408_154533/traj_comp.xtc
2025-04-08 15:53:37,238 - [MainProcess:141549] mummi_ras.online.cg.cganalysis:processFrame:580 - INFO - Frame:    19, Time: 9500.000 ps, Bbox = [0, 179.61113, 0, 179.61113]
2025-04-08 15:53:37,238 - [MainProcess:141549] mummi_ras.online.cg.cganalysis:processFrame:584 - INFO - Lengths of layers: 657 31 495
2025-04-08 15:53:37,337 - [MainProcess:141549] mummi_ras.online.cg.cganalysis:processFrame:765 - INFO - Time for analysis - frameNum 19, time 0.11005473136901855 s
2025-04-08 15:53:39,338 - [MainProcess:141549] mummi_ras.online.simulation:has_computed_enough:352 - INFO - runtime_hours*0.99 = 0.495 vs delta_time = 0.127485703892178 (length 9.5 ns) False False
2025-04-08 15:53:39,344 - [MainProcess:141549] mummi_ras.online.cg.cganalysis:processOutput:92 - INFO - Add feedback for frameNum 10 - state []
2025-04-08 15:53:39,344 - [MainProcess:141549] mummi_ras.online.cg.cganalysis:processOutput:92 - INFO - Add feedback for frameNum 11 - state []
2025-04-08 15:53:39,345 - [MainProcess:141549] mummi_ras.online.cg.cganalysis:processOutput:92 - INFO - Add feedback for frameNum 12 - state []
2025-04-08 15:53:39,345 - [MainProcess:141549] mummi_ras.online.cg.cganalysis:processOutput:92 - INFO - Add feedback for frameNum 13 - state []
2025-04-08 15:53:39,345 - [MainProcess:141549] mummi_ras.online.cg.cganalysis:processOutput:92 - INFO - Add feedback for frameNum 14 - state []
2025-04-08 15:53:39,345 - [MainProcess:141549] mummi_ras.online.cg.cganalysis:processOutput:92 - INFO - Add feedback for frameNum 15 - state []
2025-04-08 15:53:39,345 - [MainProcess:141549] mummi_ras.online.cg.cganalysis:processOutput:92 - INFO - Add feedback for frameNum 16 - state []
2025-04-08 15:53:39,345 - [MainProcess:141549] mummi_ras.online.cg.cganalysis:processOutput:92 - INFO - Add feedback for frameNum 17 - state []
2025-04-08 15:53:39,345 - [MainProcess:141549] mummi_ras.online.cg.cganalysis:processOutput:92 - INFO - Add feedback for frameNum 18 - state []
2025-04-08 15:53:39,346 - [MainProcess:141549] mummi_ras.online.cg.cganalysis:processOutput:92 - INFO - Add feedback for frameNum 19 - state []
2025-04-08 15:53:39,361 - [MainProcess:141549] mummi_core.interfaces.simple:_save_files:91 - INFO - Wrote 10 files to (/p/gpfs1/pottier1/minimummi-sc25/roots/root1/feedback-cg2ml/007)
2025-04-08 15:53:39,361 - [MainProcess:141549] mummi_ras.feedback.feedback_manager_cg2ml:report:118 - INFO - Added 10 frames (from structure_iter00_000000000007) to feedback (/p/gpfs1/pottier1/minimummi-sc25/roots/root1/feedback-cg2ml)
2025-04-08 15:53:39,361 - [MainProcess:141549] mummi_ras.online.cg.cganalysis:processOutput:112 - INFO - processOutput: 19
2025-04-08 15:53:39,361 - [MainProcess:141549] mummi_ras.online.cg.cganalysis:copyRemoteRestart:452 - INFO - Copy to remote frames [10, 11, 12, 13, 14, 15, 16, 17, 18, 19]
2025-04-08 15:53:39,920 - [MainProcess:141549] mummi_core.utils.utilities:sys_call:184 - INFO - Run command: rsync -va --no-g traj_comp.xtc topol.tpr state.cpt ener.edr md.log mdrun.log /p/gpfs1/pottier1/minimummi-sc25/roots/root1/sims-cg/structure_iter00_000000000007 || true
2025-04-08 15:53:40,319 - [MainProcess:141549] mummi_ras.interfaces.mummi:save_analysis_data:253 - INFO - Saved all analysis data for frames [10, 11, 12, 13, 14, 15, 16, 17, 18, 19]
2025-04-08 15:53:40,319 - [MainProcess:141549] mummi_ras.online.cg.cganalysis:copyRemoteLogs:350 - INFO - Copy over log files
2025-04-08 15:53:40,343 - [MainProcess:141549] mummi_core.utils.utilities:sys_call:184 - INFO - Run command: cp -r  /tmp/mummi/cg/structure_iter00_000000000007-20250408_154533/cg_analysis.out /tmp/mummi/cg/structure_iter00_000000000007-20250408_154533/traj_comp.xtc /tmp/mummi/cg/structure_iter00_000000000007-20250408_154533/*.log /p/gpfs1/pottier1/minimummi-sc25/roots/root1/sims-cg/structure_iter00_000000000007/ || true
2025-04-08 15:53:40,343 - [MainProcess:141549] mummi_ras.online.cg.cganalysis:copyRemoteLogs:365 - INFO - copyRemoteLogs =  /tmp/mummi/cg/structure_iter00_000000000007-20250408_154533/cg_analysis.out /tmp/mummi/cg/structure_iter00_000000000007-20250408_154533/traj_comp.xtc /tmp/mummi/cg/structure_iter00_000000000007-20250408_154533/*.log
2025-04-08 15:53:40,343 - [MainProcess:141549] mummi_ras.online.cg.cganalysis:cleanupLocal:375 - WARNING - Copy cleanup local only works for ddcMD files
2025-04-08 15:53:42,343 - [MainProcess:141549] mummi_ras.online.simulation:has_computed_enough:352 - INFO - runtime_hours*0.99 = 0.495 vs delta_time = 0.12832052157984838 (length 9.5 ns) False False
2025-04-08 15:53:44,350 - [MainProcess:141549] mummi_ras.online.simulation:has_computed_enough:352 - INFO - runtime_hours*0.99 = 0.495 vs delta_time = 0.12887781805462306 (length 9.5 ns) False False
2025-04-08 15:53:46,356 - [MainProcess:141549] mummi_ras.online.simulation:has_computed_enough:352 - INFO - runtime_hours*0.99 = 0.495 vs delta_time = 0.12943507744206323 (length 9.5 ns) False False
2025-04-08 15:53:48,362 - [MainProcess:141549] mummi_ras.online.simulation:has_computed_enough:352 - INFO - runtime_hours*0.99 = 0.495 vs delta_time = 0.12999232411384581 (length 9.5 ns) False False
2025-04-08 15:53:50,368 - [MainProcess:141549] mummi_ras.online.simulation:has_computed_enough:352 - INFO - runtime_hours*0.99 = 0.495 vs delta_time = 0.13054958542188008 (length 9.5 ns) False False
2025-04-08 15:53:52,374 - [MainProcess:141549] mummi_ras.online.simulation:has_computed_enough:352 - INFO - runtime_hours*0.99 = 0.495 vs delta_time = 0.13110682295428383 (length 9.5 ns) False False
2025-04-08 15:53:54,380 - [MainProcess:141549] mummi_ras.online.simulation:has_computed_enough:352 - INFO - runtime_hours*0.99 = 0.495 vs delta_time = 0.13166403479046293 (length 9.5 ns) False False
2025-04-08 15:53:56,386 - [MainProcess:141549] mummi_ras.online.simulation:has_computed_enough:352 - INFO - runtime_hours*0.99 = 0.495 vs delta_time = 0.1322212935818566 (length 9.5 ns) False False
2025-04-08 15:53:58,392 - [MainProcess:141549] mummi_ras.online.simulation:has_computed_enough:352 - INFO - runtime_hours*0.99 = 0.495 vs delta_time = 0.13277852919366626 (length 9.5 ns) False False
2025-04-08 15:54:00,398 - [MainProcess:141549] mummi_ras.online.simulation:has_computed_enough:352 - INFO - runtime_hours*0.99 = 0.495 vs delta_time = 0.13333577824963463 (length 9.5 ns) False False
2025-04-08 15:54:00,566 - [MainProcess:141549] mummi_ras.online.simulation:get_new_frames:399 - INFO - Getting all frame numbers in trajectory from 20 to 20.
2025-04-08 15:54:00,567 - [MainProcess:141549] mummi_ras.online.cg.cganalysis:run_main_analysis:193 - INFO - Process frame 20
2025-04-08 15:54:00,567 - [MainProcess:141549] mummi_ras.online.cg.cganalysis:processFrame:554 - INFO - Load 21 frames: current frame ID /tmp/mummi/cg/structure_iter00_000000000007-20250408_154533/traj_comp.xtc
2025-04-08 15:54:00,577 - [MainProcess:141549] mummi_ras.online.cg.cganalysis:processFrame:580 - INFO - Frame:    20, Time: 10000.000 ps, Bbox = [0, 180.16905, 0, 180.16905]
2025-04-08 15:54:00,577 - [MainProcess:141549] mummi_ras.online.cg.cganalysis:processFrame:584 - INFO - Lengths of layers: 655 31 497
2025-04-08 15:54:00,653 - [MainProcess:141549] mummi_ras.online.cg.cganalysis:processFrame:765 - INFO - Time for analysis - frameNum 20, time 0.0860133171081543 s
2025-04-08 15:54:02,653 - [MainProcess:141549] mummi_ras.online.simulation:has_computed_enough:352 - INFO - runtime_hours*0.99 = 0.495 vs delta_time = 0.13396205888854132 (length 10.0 ns) False False
2025-04-08 15:54:04,657 - [MainProcess:141549] mummi_ras.online.simulation:has_computed_enough:352 - INFO - runtime_hours*0.99 = 0.495 vs delta_time = 0.13451866871780818 (length 10.0 ns) False False
2025-04-08 15:54:06,660 - [MainProcess:141549] mummi_ras.online.simulation:has_computed_enough:352 - INFO - runtime_hours*0.99 = 0.495 vs delta_time = 0.13507522417439355 (length 10.0 ns) False False
2025-04-08 15:54:08,664 - [MainProcess:141549] mummi_ras.online.simulation:has_computed_enough:352 - INFO - runtime_hours*0.99 = 0.495 vs delta_time = 0.1356317765182919 (length 10.0 ns) False False
2025-04-08 15:54:10,667 - [MainProcess:141549] mummi_ras.online.simulation:has_computed_enough:352 - INFO - runtime_hours*0.99 = 0.495 vs delta_time = 0.13618832853105334 (length 10.0 ns) False False
2025-04-08 15:54:12,671 - [MainProcess:141549] mummi_ras.online.simulation:has_computed_enough:352 - INFO - runtime_hours*0.99 = 0.495 vs delta_time = 0.1367448803451326 (length 10.0 ns) False False
2025-04-08 15:54:14,675 - [MainProcess:141549] mummi_ras.online.simulation:has_computed_enough:352 - INFO - runtime_hours*0.99 = 0.495 vs delta_time = 0.13730146083566877 (length 10.0 ns) False False
2025-04-08 15:54:16,678 - [MainProcess:141549] mummi_ras.online.simulation:has_computed_enough:352 - INFO - runtime_hours*0.99 = 0.495 vs delta_time = 0.13785802119308047 (length 10.0 ns) False False
2025-04-08 15:54:18,682 - [MainProcess:141549] mummi_ras.online.simulation:has_computed_enough:352 - INFO - runtime_hours*0.99 = 0.495 vs delta_time = 0.13841456936465368 (length 10.0 ns) False False
2025-04-08 15:54:20,686 - [MainProcess:141549] mummi_ras.online.simulation:has_computed_enough:352 - INFO - runtime_hours*0.99 = 0.495 vs delta_time = 0.13897112051645916 (length 10.0 ns) False False
2025-04-08 15:54:22,689 - [MainProcess:141549] mummi_ras.online.simulation:has_computed_enough:352 - INFO - runtime_hours*0.99 = 0.495 vs delta_time = 0.1395276705423991 (length 10.0 ns) False False
2025-04-08 15:54:24,693 - [MainProcess:141549] mummi_ras.online.simulation:has_computed_enough:352 - INFO - runtime_hours*0.99 = 0.495 vs delta_time = 0.1400842300388548 (length 10.0 ns) False False
2025-04-08 15:54:24,769 - [MainProcess:141549] mummi_ras.online.simulation:get_new_frames:399 - INFO - Getting all frame numbers in trajectory from 21 to 21.
2025-04-08 15:54:24,770 - [MainProcess:141549] mummi_ras.online.cg.cganalysis:run_main_analysis:193 - INFO - Process frame 21
2025-04-08 15:54:24,770 - [MainProcess:141549] mummi_ras.online.cg.cganalysis:processFrame:554 - INFO - Load 22 frames: current frame ID /tmp/mummi/cg/structure_iter00_000000000007-20250408_154533/traj_comp.xtc
2025-04-08 15:54:24,776 - [MainProcess:141549] mummi_ras.online.cg.cganalysis:processFrame:580 - INFO - Frame:    21, Time: 10500.000 ps, Bbox = [0, 180.71613, 0, 180.71613]
2025-04-08 15:54:24,777 - [MainProcess:141549] mummi_ras.online.cg.cganalysis:processFrame:584 - INFO - Lengths of layers: 656 31 496
2025-04-08 15:54:24,837 - [MainProcess:141549] mummi_ras.online.cg.cganalysis:processFrame:765 - INFO - Time for analysis - frameNum 21, time 0.06773161888122559 s
2025-04-08 15:54:26,838 - [MainProcess:141549] mummi_ras.online.simulation:has_computed_enough:352 - INFO - runtime_hours*0.99 = 0.495 vs delta_time = 0.14068014197879367 (length 10.5 ns) False False
2025-04-08 15:54:28,842 - [MainProcess:141549] mummi_ras.online.simulation:has_computed_enough:352 - INFO - runtime_hours*0.99 = 0.495 vs delta_time = 0.1412367570400238 (length 10.5 ns) False False
2025-04-08 15:54:30,845 - [MainProcess:141549] mummi_ras.online.simulation:has_computed_enough:352 - INFO - runtime_hours*0.99 = 0.495 vs delta_time = 0.14179332852363585 (length 10.5 ns) False False
2025-04-08 15:54:32,849 - [MainProcess:141549] mummi_ras.online.simulation:has_computed_enough:352 - INFO - runtime_hours*0.99 = 0.495 vs delta_time = 0.14234989557001326 (length 10.5 ns) False False
2025-04-08 15:54:34,853 - [MainProcess:141549] mummi_ras.online.simulation:has_computed_enough:352 - INFO - runtime_hours*0.99 = 0.495 vs delta_time = 0.14290646149052513 (length 10.5 ns) False False
2025-04-08 15:54:36,856 - [MainProcess:141549] mummi_ras.online.simulation:has_computed_enough:352 - INFO - runtime_hours*0.99 = 0.495 vs delta_time = 0.1434630266825358 (length 10.5 ns) False False
2025-04-08 15:54:38,860 - [MainProcess:141549] mummi_ras.online.simulation:has_computed_enough:352 - INFO - runtime_hours*0.99 = 0.495 vs delta_time = 0.1440195963780085 (length 10.5 ns) False False
2025-04-08 15:54:40,864 - [MainProcess:141549] mummi_ras.online.simulation:has_computed_enough:352 - INFO - runtime_hours*0.99 = 0.495 vs delta_time = 0.14457614766226876 (length 10.5 ns) False False
2025-04-08 15:54:42,867 - [MainProcess:141549] mummi_ras.online.simulation:has_computed_enough:352 - INFO - runtime_hours*0.99 = 0.495 vs delta_time = 0.1451327120595508 (length 10.5 ns) False False
2025-04-08 15:54:44,871 - [MainProcess:141549] mummi_ras.online.simulation:has_computed_enough:352 - INFO - runtime_hours*0.99 = 0.495 vs delta_time = 0.14568927672174242 (length 10.5 ns) False False
2025-04-08 15:54:46,875 - [MainProcess:141549] mummi_ras.online.simulation:has_computed_enough:352 - INFO - runtime_hours*0.99 = 0.495 vs delta_time = 0.1462458423111174 (length 10.5 ns) False False
2025-04-08 15:54:48,878 - [MainProcess:141549] mummi_ras.online.simulation:has_computed_enough:352 - INFO - runtime_hours*0.99 = 0.495 vs delta_time = 0.14680239935715994 (length 10.5 ns) False False
2025-04-08 15:54:48,910 - [MainProcess:141549] mummi_ras.online.simulation:get_new_frames:399 - INFO - Getting all frame numbers in trajectory from 22 to 22.
2025-04-08 15:54:48,910 - [MainProcess:141549] mummi_ras.online.cg.cganalysis:run_main_analysis:193 - INFO - Process frame 22
2025-04-08 15:54:48,910 - [MainProcess:141549] mummi_ras.online.cg.cganalysis:processFrame:554 - INFO - Load 23 frames: current frame ID /tmp/mummi/cg/structure_iter00_000000000007-20250408_154533/traj_comp.xtc
2025-04-08 15:54:48,917 - [MainProcess:141549] mummi_ras.online.cg.cganalysis:processFrame:580 - INFO - Frame:    22, Time: 11000.000 ps, Bbox = [0, 180.55182, 0, 180.55182]
2025-04-08 15:54:48,917 - [MainProcess:141549] mummi_ras.online.cg.cganalysis:processFrame:584 - INFO - Lengths of layers: 658 33 492
2025-04-08 15:54:48,978 - [MainProcess:141549] mummi_ras.online.cg.cganalysis:processFrame:765 - INFO - Time for analysis - frameNum 22, time 0.06762027740478516 s
2025-04-08 15:54:50,978 - [MainProcess:141549] mummi_ras.online.simulation:has_computed_enough:352 - INFO - runtime_hours*0.99 = 0.495 vs delta_time = 0.1473856447140376 (length 11.0 ns) False False
2025-04-08 15:54:52,982 - [MainProcess:141549] mummi_ras.online.simulation:has_computed_enough:352 - INFO - runtime_hours*0.99 = 0.495 vs delta_time = 0.14794226182831657 (length 11.0 ns) False False
2025-04-08 15:54:54,985 - [MainProcess:141549] mummi_ras.online.simulation:has_computed_enough:352 - INFO - runtime_hours*0.99 = 0.495 vs delta_time = 0.1484988499350018 (length 11.0 ns) False False
2025-04-08 15:54:56,989 - [MainProcess:141549] mummi_ras.online.simulation:has_computed_enough:352 - INFO - runtime_hours*0.99 = 0.495 vs delta_time = 0.14905540717972648 (length 11.0 ns) False False
2025-04-08 15:54:58,993 - [MainProcess:141549] mummi_ras.online.simulation:has_computed_enough:352 - INFO - runtime_hours*0.99 = 0.495 vs delta_time = 0.1496119706498252 (length 11.0 ns) False False
2025-04-08 15:55:00,996 - [MainProcess:141549] mummi_ras.online.simulation:has_computed_enough:352 - INFO - runtime_hours*0.99 = 0.495 vs delta_time = 0.15016851842403411 (length 11.0 ns) False False
2025-04-08 15:55:03,000 - [MainProcess:141549] mummi_ras.online.simulation:has_computed_enough:352 - INFO - runtime_hours*0.99 = 0.495 vs delta_time = 0.1507250808344947 (length 11.0 ns) False False
2025-04-08 15:55:05,003 - [MainProcess:141549] mummi_ras.online.simulation:has_computed_enough:352 - INFO - runtime_hours*0.99 = 0.495 vs delta_time = 0.15128163754940033 (length 11.0 ns) False False
2025-04-08 15:55:07,007 - [MainProcess:141549] mummi_ras.online.simulation:has_computed_enough:352 - INFO - runtime_hours*0.99 = 0.495 vs delta_time = 0.1518381980392668 (length 11.0 ns) False False
2025-04-08 15:55:09,011 - [MainProcess:141549] mummi_ras.online.simulation:has_computed_enough:352 - INFO - runtime_hours*0.99 = 0.495 vs delta_time = 0.15239475965499877 (length 11.0 ns) False False
2025-04-08 15:55:11,014 - [MainProcess:141549] mummi_ras.online.simulation:has_computed_enough:352 - INFO - runtime_hours*0.99 = 0.495 vs delta_time = 0.15295132100582123 (length 11.0 ns) False False
2025-04-08 15:55:13,018 - [MainProcess:141549] mummi_ras.online.simulation:has_computed_enough:352 - INFO - runtime_hours*0.99 = 0.495 vs delta_time = 0.15350788136323293 (length 11.0 ns) False False
2025-04-08 15:55:13,178 - [MainProcess:141549] mummi_ras.online.simulation:get_new_frames:399 - INFO - Getting all frame numbers in trajectory from 23 to 23.
2025-04-08 15:55:13,179 - [MainProcess:141549] mummi_ras.online.cg.cganalysis:run_main_analysis:193 - INFO - Process frame 23
2025-04-08 15:55:13,179 - [MainProcess:141549] mummi_ras.online.cg.cganalysis:processFrame:554 - INFO - Load 24 frames: current frame ID /tmp/mummi/cg/structure_iter00_000000000007-20250408_154533/traj_comp.xtc
2025-04-08 15:55:13,185 - [MainProcess:141549] mummi_ras.online.cg.cganalysis:processFrame:580 - INFO - Frame:    23, Time: 11500.000 ps, Bbox = [0, 180.56433, 0, 180.56433]
2025-04-08 15:55:13,186 - [MainProcess:141549] mummi_ras.online.cg.cganalysis:processFrame:584 - INFO - Lengths of layers: 662 25 496
2025-04-08 15:55:13,246 - [MainProcess:141549] mummi_ras.online.cg.cganalysis:processFrame:765 - INFO - Time for analysis - frameNum 23, time 0.06692171096801758 s
2025-04-08 15:55:15,246 - [MainProcess:141549] mummi_ras.online.simulation:has_computed_enough:352 - INFO - runtime_hours*0.99 = 0.495 vs delta_time = 0.15412677347660064 (length 11.5 ns) False False
2025-04-08 15:55:17,250 - [MainProcess:141549] mummi_ras.online.simulation:has_computed_enough:352 - INFO - runtime_hours*0.99 = 0.495 vs delta_time = 0.1546833868159188 (length 11.5 ns) False False
2025-04-08 15:55:19,253 - [MainProcess:141549] mummi_ras.online.simulation:has_computed_enough:352 - INFO - runtime_hours*0.99 = 0.495 vs delta_time = 0.155239955385526 (length 11.5 ns) False False
2025-04-08 15:55:21,257 - [MainProcess:141549] mummi_ras.online.simulation:has_computed_enough:352 - INFO - runtime_hours*0.99 = 0.495 vs delta_time = 0.15579652349154155 (length 11.5 ns) False False
2025-04-08 15:55:23,261 - [MainProcess:141549] mummi_ras.online.simulation:has_computed_enough:352 - INFO - runtime_hours*0.99 = 0.495 vs delta_time = 0.1563530913988749 (length 11.5 ns) False False
2025-04-08 15:55:25,264 - [MainProcess:141549] mummi_ras.online.simulation:has_computed_enough:352 - INFO - runtime_hours*0.99 = 0.495 vs delta_time = 0.15690964897473653 (length 11.5 ns) False False
2025-04-08 15:55:27,268 - [MainProcess:141549] mummi_ras.online.simulation:has_computed_enough:352 - INFO - runtime_hours*0.99 = 0.495 vs delta_time = 0.15746621270974479 (length 11.5 ns) False False
2025-04-08 15:55:29,272 - [MainProcess:141549] mummi_ras.online.simulation:has_computed_enough:352 - INFO - runtime_hours*0.99 = 0.495 vs delta_time = 0.15802277982234955 (length 11.5 ns) False False
2025-04-08 15:55:31,275 - [MainProcess:141549] mummi_ras.online.simulation:has_computed_enough:352 - INFO - runtime_hours*0.99 = 0.495 vs delta_time = 0.15857933852407669 (length 11.5 ns) False False
2025-04-08 15:55:33,279 - [MainProcess:141549] mummi_ras.online.simulation:has_computed_enough:352 - INFO - runtime_hours*0.99 = 0.495 vs delta_time = 0.15913590126567417 (length 11.5 ns) False False
2025-04-08 15:55:35,282 - [MainProcess:141549] mummi_ras.online.simulation:has_computed_enough:352 - INFO - runtime_hours*0.99 = 0.495 vs delta_time = 0.15969246321254307 (length 11.5 ns) False False
2025-04-08 15:55:37,286 - [MainProcess:141549] mummi_ras.online.simulation:has_computed_enough:352 - INFO - runtime_hours*0.99 = 0.495 vs delta_time = 0.16024902880191802 (length 11.5 ns) False False
2025-04-08 15:55:37,359 - [MainProcess:141549] mummi_ras.online.simulation:get_new_frames:399 - INFO - Getting all frame numbers in trajectory from 24 to 24.
2025-04-08 15:55:37,359 - [MainProcess:141549] mummi_ras.online.cg.cganalysis:run_main_analysis:193 - INFO - Process frame 24
2025-04-08 15:55:37,359 - [MainProcess:141549] mummi_ras.online.cg.cganalysis:processFrame:554 - INFO - Load 25 frames: current frame ID /tmp/mummi/cg/structure_iter00_000000000007-20250408_154533/traj_comp.xtc
2025-04-08 15:55:37,366 - [MainProcess:141549] mummi_ras.online.cg.cganalysis:processFrame:580 - INFO - Frame:    24, Time: 12000.000 ps, Bbox = [0, 180.93387, 0, 180.93387]
2025-04-08 15:55:37,366 - [MainProcess:141549] mummi_ras.online.cg.cganalysis:processFrame:584 - INFO - Lengths of layers: 661 28 494
2025-04-08 15:55:37,426 - [MainProcess:141549] mummi_ras.online.cg.cganalysis:processFrame:765 - INFO - Time for analysis - frameNum 24, time 0.06670069694519043 s
2025-04-08 15:55:39,426 - [MainProcess:141549] mummi_ras.online.simulation:has_computed_enough:352 - INFO - runtime_hours*0.99 = 0.495 vs delta_time = 0.16084353970156776 (length 12.0 ns) False False
2025-04-08 15:55:41,430 - [MainProcess:141549] mummi_ras.online.simulation:has_computed_enough:352 - INFO - runtime_hours*0.99 = 0.495 vs delta_time = 0.16140015410052405 (length 12.0 ns) False False
2025-04-08 15:55:43,434 - [MainProcess:141549] mummi_ras.online.simulation:has_computed_enough:352 - INFO - runtime_hours*0.99 = 0.495 vs delta_time = 0.16195671988858118 (length 12.0 ns) False False
2025-04-08 15:55:45,437 - [MainProcess:141549] mummi_ras.online.simulation:has_computed_enough:352 - INFO - runtime_hours*0.99 = 0.495 vs delta_time = 0.16251328302754295 (length 12.0 ns) False False
2025-04-08 15:55:47,441 - [MainProcess:141549] mummi_ras.online.simulation:has_computed_enough:352 - INFO - runtime_hours*0.99 = 0.495 vs delta_time = 0.16306984808709887 (length 12.0 ns) False False
2025-04-08 15:55:49,445 - [MainProcess:141549] mummi_ras.online.simulation:has_computed_enough:352 - INFO - runtime_hours*0.99 = 0.495 vs delta_time = 0.1636264142062929 (length 12.0 ns) False False
2025-04-08 15:55:51,448 - [MainProcess:141549] mummi_ras.online.simulation:has_computed_enough:352 - INFO - runtime_hours*0.99 = 0.495 vs delta_time = 0.1641829772790273 (length 12.0 ns) False False
2025-04-08 15:55:53,452 - [MainProcess:141549] mummi_ras.online.simulation:has_computed_enough:352 - INFO - runtime_hours*0.99 = 0.495 vs delta_time = 0.16473953419261508 (length 12.0 ns) False False
2025-04-08 15:55:55,455 - [MainProcess:141549] mummi_ras.online.simulation:has_computed_enough:352 - INFO - runtime_hours*0.99 = 0.495 vs delta_time = 0.1652960972653495 (length 12.0 ns) False False
2025-04-08 15:55:57,459 - [MainProcess:141549] mummi_ras.online.simulation:has_computed_enough:352 - INFO - runtime_hours*0.99 = 0.495 vs delta_time = 0.16585265033774907 (length 12.0 ns) False False
2025-04-08 15:55:59,463 - [MainProcess:141549] mummi_ras.online.simulation:has_computed_enough:352 - INFO - runtime_hours*0.99 = 0.495 vs delta_time = 0.16640922215249804 (length 12.0 ns) False False
2025-04-08 15:56:01,466 - [MainProcess:141549] mummi_ras.online.simulation:has_computed_enough:352 - INFO - runtime_hours*0.99 = 0.495 vs delta_time = 0.16696578330463832 (length 12.0 ns) False False
2025-04-08 15:56:01,498 - [MainProcess:141549] mummi_ras.online.simulation:get_new_frames:399 - INFO - Getting all frame numbers in trajectory from 25 to 25.
2025-04-08 15:56:01,498 - [MainProcess:141549] mummi_ras.online.cg.cganalysis:run_main_analysis:193 - INFO - Process frame 25
2025-04-08 15:56:01,498 - [MainProcess:141549] mummi_ras.online.cg.cganalysis:processFrame:554 - INFO - Load 26 frames: current frame ID /tmp/mummi/cg/structure_iter00_000000000007-20250408_154533/traj_comp.xtc
2025-04-08 15:56:01,505 - [MainProcess:141549] mummi_ras.online.cg.cganalysis:processFrame:580 - INFO - Frame:    25, Time: 12500.000 ps, Bbox = [0, 181.41257, 0, 181.41257]
2025-04-08 15:56:01,505 - [MainProcess:141549] mummi_ras.online.cg.cganalysis:processFrame:584 - INFO - Lengths of layers: 661 24 498
2025-04-08 15:56:01,566 - [MainProcess:141549] mummi_ras.online.cg.cganalysis:processFrame:765 - INFO - Time for analysis - frameNum 25, time 0.06799674034118652 s
2025-04-08 15:56:03,566 - [MainProcess:141549] mummi_ras.online.simulation:has_computed_enough:352 - INFO - runtime_hours*0.99 = 0.495 vs delta_time = 0.16754910945892335 (length 12.5 ns) False False
2025-04-08 15:56:05,570 - [MainProcess:141549] mummi_ras.online.simulation:has_computed_enough:352 - INFO - runtime_hours*0.99 = 0.495 vs delta_time = 0.16810571677154965 (length 12.5 ns) False False
2025-04-08 15:56:07,574 - [MainProcess:141549] mummi_ras.online.simulation:has_computed_enough:352 - INFO - runtime_hours*0.99 = 0.495 vs delta_time = 0.16866228666570451 (length 12.5 ns) False False
2025-04-08 15:56:09,577 - [MainProcess:141549] mummi_ras.online.simulation:has_computed_enough:352 - INFO - runtime_hours*0.99 = 0.495 vs delta_time = 0.16921885430812836 (length 12.5 ns) False False
2025-04-08 15:56:11,581 - [MainProcess:141549] mummi_ras.online.simulation:has_computed_enough:352 - INFO - runtime_hours*0.99 = 0.495 vs delta_time = 0.169775417248408 (length 12.5 ns) False False
2025-04-08 15:56:13,585 - [MainProcess:141549] mummi_ras.online.simulation:has_computed_enough:352 - INFO - runtime_hours*0.99 = 0.495 vs delta_time = 0.17033198085096146 (length 12.5 ns) False False
2025-04-08 15:56:15,588 - [MainProcess:141549] mummi_ras.online.simulation:has_computed_enough:352 - INFO - runtime_hours*0.99 = 0.495 vs delta_time = 0.17088854134082795 (length 12.5 ns) False False
2025-04-08 15:56:17,592 - [MainProcess:141549] mummi_ras.online.simulation:has_computed_enough:352 - INFO - runtime_hours*0.99 = 0.495 vs delta_time = 0.1714451092481613 (length 12.5 ns) False False
2025-04-08 15:56:19,596 - [MainProcess:141549] mummi_ras.online.simulation:has_computed_enough:352 - INFO - runtime_hours*0.99 = 0.495 vs delta_time = 0.17200167543358272 (length 12.5 ns) False False
2025-04-08 15:56:21,599 - [MainProcess:141549] mummi_ras.online.simulation:has_computed_enough:352 - INFO - runtime_hours*0.99 = 0.495 vs delta_time = 0.17255824062559338 (length 12.5 ns) False False
2025-04-08 15:56:23,603 - [MainProcess:141549] mummi_ras.online.simulation:has_computed_enough:352 - INFO - runtime_hours*0.99 = 0.495 vs delta_time = 0.17311479813522762 (length 12.5 ns) False False
2025-04-08 15:56:25,606 - [MainProcess:141549] mummi_ras.online.simulation:has_computed_enough:352 - INFO - runtime_hours*0.99 = 0.495 vs delta_time = 0.17367135531372493 (length 12.5 ns) False False
2025-04-08 15:56:25,765 - [MainProcess:141549] mummi_ras.online.simulation:get_new_frames:399 - INFO - Getting all frame numbers in trajectory from 26 to 26.
2025-04-08 15:56:25,765 - [MainProcess:141549] mummi_ras.online.cg.cganalysis:run_main_analysis:193 - INFO - Process frame 26
2025-04-08 15:56:25,765 - [MainProcess:141549] mummi_ras.online.cg.cganalysis:processFrame:554 - INFO - Load 27 frames: current frame ID /tmp/mummi/cg/structure_iter00_000000000007-20250408_154533/traj_comp.xtc
2025-04-08 15:56:25,772 - [MainProcess:141549] mummi_ras.online.cg.cganalysis:processFrame:580 - INFO - Frame:    26, Time: 13000.000 ps, Bbox = [0, 180.51944, 0, 180.51944]
2025-04-08 15:56:25,772 - [MainProcess:141549] mummi_ras.online.cg.cganalysis:processFrame:584 - INFO - Lengths of layers: 657 32 494
2025-04-08 15:56:25,832 - [MainProcess:141549] mummi_ras.online.cg.cganalysis:processFrame:765 - INFO - Time for analysis - frameNum 26, time 0.06708621978759766 s
2025-04-08 15:56:27,833 - [MainProcess:141549] mummi_ras.online.simulation:has_computed_enough:352 - INFO - runtime_hours*0.99 = 0.495 vs delta_time = 0.17428974138365852 (length 13.0 ns) False False
2025-04-08 15:56:29,836 - [MainProcess:141549] mummi_ras.online.simulation:has_computed_enough:352 - INFO - runtime_hours*0.99 = 0.495 vs delta_time = 0.17484634988837772 (length 13.0 ns) False False
2025-04-08 15:56:31,840 - [MainProcess:141549] mummi_ras.online.simulation:has_computed_enough:352 - INFO - runtime_hours*0.99 = 0.495 vs delta_time = 0.17540291984875997 (length 13.0 ns) False False
2025-04-08 15:56:33,844 - [MainProcess:141549] mummi_ras.online.simulation:has_computed_enough:352 - INFO - runtime_hours*0.99 = 0.495 vs delta_time = 0.17595948378245035 (length 13.0 ns) False False
2025-04-08 15:56:35,847 - [MainProcess:141549] mummi_ras.online.simulation:has_computed_enough:352 - INFO - runtime_hours*0.99 = 0.495 vs delta_time = 0.1765160388416714 (length 13.0 ns) False False
2025-04-08 15:56:37,851 - [MainProcess:141549] mummi_ras.online.simulation:has_computed_enough:352 - INFO - runtime_hours*0.99 = 0.495 vs delta_time = 0.1770726039012273 (length 13.0 ns) False False
2025-04-08 15:56:39,854 - [MainProcess:141549] mummi_ras.online.simulation:has_computed_enough:352 - INFO - runtime_hours*0.99 = 0.495 vs delta_time = 0.17762916439109377 (length 13.0 ns) False False
2025-04-08 15:56:41,858 - [MainProcess:141549] mummi_ras.online.simulation:has_computed_enough:352 - INFO - runtime_hours*0.99 = 0.495 vs delta_time = 0.17818572647041744 (length 13.0 ns) False False
2025-04-08 15:56:43,862 - [MainProcess:141549] mummi_ras.online.simulation:has_computed_enough:352 - INFO - runtime_hours*0.99 = 0.495 vs delta_time = 0.1787422815296385 (length 13.0 ns) False False
2025-04-08 15:56:45,865 - [MainProcess:141549] mummi_ras.online.simulation:has_computed_enough:352 - INFO - runtime_hours*0.99 = 0.495 vs delta_time = 0.1792988316880332 (length 13.0 ns) False False
2025-04-08 15:56:47,869 - [MainProcess:141549] mummi_ras.online.simulation:has_computed_enough:352 - INFO - runtime_hours*0.99 = 0.495 vs delta_time = 0.17985538568761614 (length 13.0 ns) False False
2025-04-08 15:56:47,955 - [MainProcess:141549] mummi_ras.online.simulation:get_new_frames:399 - INFO - Getting all frame numbers in trajectory from 27 to 27.
2025-04-08 15:56:47,955 - [MainProcess:141549] mummi_ras.online.cg.cganalysis:run_main_analysis:193 - INFO - Process frame 27
2025-04-08 15:56:47,955 - [MainProcess:141549] mummi_ras.online.cg.cganalysis:processFrame:554 - INFO - Load 28 frames: current frame ID /tmp/mummi/cg/structure_iter00_000000000007-20250408_154533/traj_comp.xtc
2025-04-08 15:56:47,962 - [MainProcess:141549] mummi_ras.online.cg.cganalysis:processFrame:580 - INFO - Frame:    27, Time: 13500.000 ps, Bbox = [0, 181.52277, 0, 181.52277]
2025-04-08 15:56:47,962 - [MainProcess:141549] mummi_ras.online.cg.cganalysis:processFrame:584 - INFO - Lengths of layers: 661 27 495
2025-04-08 15:56:48,022 - [MainProcess:141549] mummi_ras.online.cg.cganalysis:processFrame:765 - INFO - Time for analysis - frameNum 27, time 0.06766271591186523 s
2025-04-08 15:56:50,023 - [MainProcess:141549] mummi_ras.online.simulation:has_computed_enough:352 - INFO - runtime_hours*0.99 = 0.495 vs delta_time = 0.18045368373394013 (length 13.5 ns) False False
2025-04-08 15:56:52,027 - [MainProcess:141549] mummi_ras.online.simulation:has_computed_enough:352 - INFO - runtime_hours*0.99 = 0.495 vs delta_time = 0.18101029164261287 (length 13.5 ns) False False
2025-04-08 15:56:54,030 - [MainProcess:141549] mummi_ras.online.simulation:has_computed_enough:352 - INFO - runtime_hours*0.99 = 0.495 vs delta_time = 0.1815668593512641 (length 13.5 ns) False False
2025-04-08 15:56:56,034 - [MainProcess:141549] mummi_ras.online.simulation:has_computed_enough:352 - INFO - runtime_hours*0.99 = 0.495 vs delta_time = 0.1821234283182356 (length 13.5 ns) False False
2025-04-08 15:56:58,037 - [MainProcess:141549] mummi_ras.online.simulation:has_computed_enough:352 - INFO - runtime_hours*0.99 = 0.495 vs delta_time = 0.18267999774879878 (length 13.5 ns) False False
2025-04-08 15:57:00,041 - [MainProcess:141549] mummi_ras.online.simulation:has_computed_enough:352 - INFO - runtime_hours*0.99 = 0.495 vs delta_time = 0.1832365628083547 (length 13.5 ns) False False
2025-04-08 15:57:02,045 - [MainProcess:141549] mummi_ras.online.simulation:has_computed_enough:352 - INFO - runtime_hours*0.99 = 0.495 vs delta_time = 0.18379312237103781 (length 13.5 ns) False False
2025-04-08 15:57:04,048 - [MainProcess:141549] mummi_ras.online.simulation:has_computed_enough:352 - INFO - runtime_hours*0.99 = 0.495 vs delta_time = 0.1843496839205424 (length 13.5 ns) False False
2025-04-08 15:57:06,052 - [MainProcess:141549] mummi_ras.online.simulation:has_computed_enough:352 - INFO - runtime_hours*0.99 = 0.495 vs delta_time = 0.18490624401304456 (length 13.5 ns) False False
2025-04-08 15:57:08,056 - [MainProcess:141549] mummi_ras.online.simulation:has_computed_enough:352 - INFO - runtime_hours*0.99 = 0.495 vs delta_time = 0.18546280178758834 (length 13.5 ns) False False
2025-04-08 15:57:10,059 - [MainProcess:141549] mummi_ras.online.simulation:has_computed_enough:352 - INFO - runtime_hours*0.99 = 0.495 vs delta_time = 0.18601936545636918 (length 13.5 ns) False False
2025-04-08 15:57:12,063 - [MainProcess:141549] mummi_ras.online.simulation:has_computed_enough:352 - INFO - runtime_hours*0.99 = 0.495 vs delta_time = 0.1865759225686391 (length 13.5 ns) False False
2025-04-08 15:57:12,094 - [MainProcess:141549] mummi_ras.online.simulation:get_new_frames:399 - INFO - Getting all frame numbers in trajectory from 28 to 28.
2025-04-08 15:57:12,095 - [MainProcess:141549] mummi_ras.online.cg.cganalysis:run_main_analysis:193 - INFO - Process frame 28
2025-04-08 15:57:12,095 - [MainProcess:141549] mummi_ras.online.cg.cganalysis:processFrame:554 - INFO - Load 29 frames: current frame ID /tmp/mummi/cg/structure_iter00_000000000007-20250408_154533/traj_comp.xtc
2025-04-08 15:57:12,101 - [MainProcess:141549] mummi_ras.online.cg.cganalysis:processFrame:580 - INFO - Frame:    28, Time: 14000.000 ps, Bbox = [0, 181.76529, 0, 181.76529]
2025-04-08 15:57:12,102 - [MainProcess:141549] mummi_ras.online.cg.cganalysis:processFrame:584 - INFO - Lengths of layers: 660 28 495
2025-04-08 15:57:12,162 - [MainProcess:141549] mummi_ras.online.cg.cganalysis:processFrame:765 - INFO - Time for analysis - frameNum 28, time 0.06723284721374512 s
2025-04-08 15:57:14,162 - [MainProcess:141549] mummi_ras.online.simulation:has_computed_enough:352 - INFO - runtime_hours*0.99 = 0.495 vs delta_time = 0.18715908070405324 (length 14.0 ns) False False
2025-04-08 15:57:16,166 - [MainProcess:141549] mummi_ras.online.simulation:has_computed_enough:352 - INFO - runtime_hours*0.99 = 0.495 vs delta_time = 0.18771568119525908 (length 14.0 ns) False False
2025-04-08 15:57:18,170 - [MainProcess:141549] mummi_ras.online.simulation:has_computed_enough:352 - INFO - runtime_hours*0.99 = 0.495 vs delta_time = 0.18827225393719144 (length 14.0 ns) False False
2025-04-08 15:57:20,173 - [MainProcess:141549] mummi_ras.online.simulation:has_computed_enough:352 - INFO - runtime_hours*0.99 = 0.495 vs delta_time = 0.1888288167450163 (length 14.0 ns) False False
2025-04-08 15:57:22,177 - [MainProcess:141549] mummi_ras.online.simulation:has_computed_enough:352 - INFO - runtime_hours*0.99 = 0.495 vs delta_time = 0.18938538385762108 (length 14.0 ns) False False
2025-04-08 15:57:24,180 - [MainProcess:141549] mummi_ras.online.simulation:has_computed_enough:352 - INFO - runtime_hours*0.99 = 0.495 vs delta_time = 0.18994194222821129 (length 14.0 ns) False False
2025-04-08 15:57:26,184 - [MainProcess:141549] mummi_ras.online.simulation:has_computed_enough:352 - INFO - runtime_hours*0.99 = 0.495 vs delta_time = 0.19049850563208262 (length 14.0 ns) False False
2025-04-08 15:57:28,188 - [MainProcess:141549] mummi_ras.online.simulation:has_computed_enough:352 - INFO - runtime_hours*0.99 = 0.495 vs delta_time = 0.1910550586382548 (length 14.0 ns) False False
2025-04-08 15:57:30,191 - [MainProcess:141549] mummi_ras.online.simulation:has_computed_enough:352 - INFO - runtime_hours*0.99 = 0.495 vs delta_time = 0.19161162111494276 (length 14.0 ns) False False
2025-04-08 15:57:32,195 - [MainProcess:141549] mummi_ras.online.simulation:has_computed_enough:352 - INFO - runtime_hours*0.99 = 0.495 vs delta_time = 0.1921681710746553 (length 14.0 ns) False False
2025-04-08 15:57:34,199 - [MainProcess:141549] mummi_ras.online.simulation:has_computed_enough:352 - INFO - runtime_hours*0.99 = 0.495 vs delta_time = 0.19272473209434085 (length 14.0 ns) False False
2025-04-08 15:57:36,202 - [MainProcess:141549] mummi_ras.online.simulation:has_computed_enough:352 - INFO - runtime_hours*0.99 = 0.495 vs delta_time = 0.1932812840408749 (length 14.0 ns) False False
2025-04-08 15:57:36,381 - [MainProcess:141549] mummi_ras.online.simulation:get_new_frames:399 - INFO - Getting all frame numbers in trajectory from 29 to 29.
2025-04-08 15:57:36,381 - [MainProcess:141549] mummi_ras.online.cg.cganalysis:run_main_analysis:193 - INFO - Process frame 29
2025-04-08 15:57:36,381 - [MainProcess:141549] mummi_ras.online.cg.cganalysis:processFrame:554 - INFO - Load 30 frames: current frame ID /tmp/mummi/cg/structure_iter00_000000000007-20250408_154533/traj_comp.xtc
2025-04-08 15:57:36,388 - [MainProcess:141549] mummi_ras.online.cg.cganalysis:processFrame:580 - INFO - Frame:    29, Time: 14500.000 ps, Bbox = [0, 181.35796, 0, 181.35796]
2025-04-08 15:57:36,388 - [MainProcess:141549] mummi_ras.online.cg.cganalysis:processFrame:584 - INFO - Lengths of layers: 661 30 492
2025-04-08 15:57:36,447 - [MainProcess:141549] mummi_ras.online.cg.cganalysis:processFrame:765 - INFO - Time for analysis - frameNum 29, time 0.0667414665222168 s
2025-04-08 15:57:38,448 - [MainProcess:141549] mummi_ras.online.simulation:has_computed_enough:352 - INFO - runtime_hours*0.99 = 0.495 vs delta_time = 0.1939051416185167 (length 14.5 ns) False False
2025-04-08 15:57:38,452 - [MainProcess:141549] mummi_ras.online.cg.cganalysis:processOutput:92 - INFO - Add feedback for frameNum 20 - state []
2025-04-08 15:57:38,452 - [MainProcess:141549] mummi_ras.online.cg.cganalysis:processOutput:92 - INFO - Add feedback for frameNum 21 - state []
2025-04-08 15:57:38,452 - [MainProcess:141549] mummi_ras.online.cg.cganalysis:processOutput:92 - INFO - Add feedback for frameNum 22 - state []
2025-04-08 15:57:38,452 - [MainProcess:141549] mummi_ras.online.cg.cganalysis:processOutput:92 - INFO - Add feedback for frameNum 23 - state []
2025-04-08 15:57:38,452 - [MainProcess:141549] mummi_ras.online.cg.cganalysis:processOutput:92 - INFO - Add feedback for frameNum 24 - state []
2025-04-08 15:57:38,452 - [MainProcess:141549] mummi_ras.online.cg.cganalysis:processOutput:92 - INFO - Add feedback for frameNum 25 - state []
2025-04-08 15:57:38,452 - [MainProcess:141549] mummi_ras.online.cg.cganalysis:processOutput:92 - INFO - Add feedback for frameNum 26 - state []
2025-04-08 15:57:38,452 - [MainProcess:141549] mummi_ras.online.cg.cganalysis:processOutput:92 - INFO - Add feedback for frameNum 27 - state []
2025-04-08 15:57:38,453 - [MainProcess:141549] mummi_ras.online.cg.cganalysis:processOutput:92 - INFO - Add feedback for frameNum 28 - state []
2025-04-08 15:57:38,453 - [MainProcess:141549] mummi_ras.online.cg.cganalysis:processOutput:92 - INFO - Add feedback for frameNum 29 - state []
2025-04-08 15:57:38,463 - [MainProcess:141549] mummi_core.interfaces.simple:_save_files:91 - INFO - Wrote 10 files to (/p/gpfs1/pottier1/minimummi-sc25/roots/root1/feedback-cg2ml/007)
2025-04-08 15:57:38,463 - [MainProcess:141549] mummi_ras.feedback.feedback_manager_cg2ml:report:118 - INFO - Added 10 frames (from structure_iter00_000000000007) to feedback (/p/gpfs1/pottier1/minimummi-sc25/roots/root1/feedback-cg2ml)
2025-04-08 15:57:38,463 - [MainProcess:141549] mummi_ras.online.cg.cganalysis:processOutput:112 - INFO - processOutput: 29
2025-04-08 15:57:38,463 - [MainProcess:141549] mummi_ras.online.cg.cganalysis:copyRemoteRestart:452 - INFO - Copy to remote frames [20, 21, 22, 23, 24, 25, 26, 27, 28, 29]
2025-04-08 15:57:38,651 - [MainProcess:141549] mummi_core.utils.utilities:sys_call:184 - INFO - Run command: rsync -va --no-g traj_comp.xtc topol.tpr state.cpt ener.edr md.log mdrun.log /p/gpfs1/pottier1/minimummi-sc25/roots/root1/sims-cg/structure_iter00_000000000007 || true
2025-04-08 15:57:39,128 - [MainProcess:141549] mummi_ras.interfaces.mummi:save_analysis_data:253 - INFO - Saved all analysis data for frames [20, 21, 22, 23, 24, 25, 26, 27, 28, 29]
2025-04-08 15:57:39,128 - [MainProcess:141549] mummi_ras.online.cg.cganalysis:copyRemoteLogs:350 - INFO - Copy over log files
2025-04-08 15:57:39,152 - [MainProcess:141549] mummi_core.utils.utilities:sys_call:184 - INFO - Run command: cp -r  /tmp/mummi/cg/structure_iter00_000000000007-20250408_154533/cg_analysis.out /tmp/mummi/cg/structure_iter00_000000000007-20250408_154533/traj_comp.xtc /tmp/mummi/cg/structure_iter00_000000000007-20250408_154533/*.log /p/gpfs1/pottier1/minimummi-sc25/roots/root1/sims-cg/structure_iter00_000000000007/ || true
2025-04-08 15:57:39,153 - [MainProcess:141549] mummi_ras.online.cg.cganalysis:copyRemoteLogs:365 - INFO - copyRemoteLogs =  /tmp/mummi/cg/structure_iter00_000000000007-20250408_154533/cg_analysis.out /tmp/mummi/cg/structure_iter00_000000000007-20250408_154533/traj_comp.xtc /tmp/mummi/cg/structure_iter00_000000000007-20250408_154533/*.log
2025-04-08 15:57:39,153 - [MainProcess:141549] mummi_ras.online.cg.cganalysis:cleanupLocal:375 - WARNING - Copy cleanup local only works for ddcMD files
2025-04-08 15:57:41,153 - [MainProcess:141549] mummi_ras.online.simulation:has_computed_enough:352 - INFO - runtime_hours*0.99 = 0.495 vs delta_time = 0.19465649988916184 (length 14.5 ns) False False
2025-04-08 15:57:43,157 - [MainProcess:141549] mummi_ras.online.simulation:has_computed_enough:352 - INFO - runtime_hours*0.99 = 0.495 vs delta_time = 0.1952130926317639 (length 14.5 ns) False False
2025-04-08 15:57:45,160 - [MainProcess:141549] mummi_ras.online.simulation:has_computed_enough:352 - INFO - runtime_hours*0.99 = 0.495 vs delta_time = 0.19576966491010453 (length 14.5 ns) False False
2025-04-08 15:57:47,164 - [MainProcess:141549] mummi_ras.online.simulation:has_computed_enough:352 - INFO - runtime_hours*0.99 = 0.495 vs delta_time = 0.19632623255252837 (length 14.5 ns) False False
2025-04-08 15:57:49,168 - [MainProcess:141549] mummi_ras.online.simulation:has_computed_enough:352 - INFO - runtime_hours*0.99 = 0.495 vs delta_time = 0.19688280165195465 (length 14.5 ns) False False
2025-04-08 15:57:51,171 - [MainProcess:141549] mummi_ras.online.simulation:has_computed_enough:352 - INFO - runtime_hours*0.99 = 0.495 vs delta_time = 0.1974393661816915 (length 14.5 ns) False False
2025-04-08 15:57:53,175 - [MainProcess:141549] mummi_ras.online.simulation:has_computed_enough:352 - INFO - runtime_hours*0.99 = 0.495 vs delta_time = 0.19799592428737217 (length 14.5 ns) False False
2025-04-08 15:57:55,178 - [MainProcess:141549] mummi_ras.online.simulation:has_computed_enough:352 - INFO - runtime_hours*0.99 = 0.495 vs delta_time = 0.19855248755878874 (length 14.5 ns) False False
2025-04-08 15:57:57,182 - [MainProcess:141549] mummi_ras.online.simulation:has_computed_enough:352 - INFO - runtime_hours*0.99 = 0.495 vs delta_time = 0.1991090500354767 (length 14.5 ns) False False
2025-04-08 15:57:59,186 - [MainProcess:141549] mummi_ras.online.simulation:has_computed_enough:352 - INFO - runtime_hours*0.99 = 0.495 vs delta_time = 0.19966561165120866 (length 14.5 ns) False False
2025-04-08 15:58:01,189 - [MainProcess:141549] mummi_ras.online.simulation:has_computed_enough:352 - INFO - runtime_hours*0.99 = 0.495 vs delta_time = 0.2002221797572242 (length 14.5 ns) False False
2025-04-08 15:58:01,301 - [MainProcess:141549] mummi_ras.online.simulation:get_new_frames:399 - INFO - Getting all frame numbers in trajectory from 30 to 30.
2025-04-08 15:58:01,301 - [MainProcess:141549] mummi_ras.online.cg.cganalysis:run_main_analysis:193 - INFO - Process frame 30
2025-04-08 15:58:01,301 - [MainProcess:141549] mummi_ras.online.cg.cganalysis:processFrame:554 - INFO - Load 31 frames: current frame ID /tmp/mummi/cg/structure_iter00_000000000007-20250408_154533/traj_comp.xtc
2025-04-08 15:58:01,309 - [MainProcess:141549] mummi_ras.online.cg.cganalysis:processFrame:580 - INFO - Frame:    30, Time: 15000.000 ps, Bbox = [0, 180.08742, 0, 180.08742]
2025-04-08 15:58:01,309 - [MainProcess:141549] mummi_ras.online.cg.cganalysis:processFrame:584 - INFO - Lengths of layers: 660 33 490
2025-04-08 15:58:01,369 - [MainProcess:141549] mummi_ras.online.cg.cganalysis:processFrame:765 - INFO - Time for analysis - frameNum 30, time 0.0672154426574707 s
2025-04-08 15:58:03,369 - [MainProcess:141549] mummi_ras.online.simulation:has_computed_enough:352 - INFO - runtime_hours*0.99 = 0.495 vs delta_time = 0.2008277106947369 (length 15.0 ns) False False
2025-04-08 15:58:05,373 - [MainProcess:141549] mummi_ras.online.simulation:has_computed_enough:352 - INFO - runtime_hours*0.99 = 0.495 vs delta_time = 0.20138439721531337 (length 15.0 ns) False False
2025-04-08 15:58:07,377 - [MainProcess:141549] mummi_ras.online.simulation:has_computed_enough:352 - INFO - runtime_hours*0.99 = 0.495 vs delta_time = 0.20194104353586834 (length 15.0 ns) False False
2025-04-08 15:58:09,381 - [MainProcess:141549] mummi_ras.online.simulation:has_computed_enough:352 - INFO - runtime_hours*0.99 = 0.495 vs delta_time = 0.20249769277042812 (length 15.0 ns) False False
2025-04-08 15:58:11,385 - [MainProcess:141549] mummi_ras.online.simulation:has_computed_enough:352 - INFO - runtime_hours*0.99 = 0.495 vs delta_time = 0.20305433756775326 (length 15.0 ns) False False
2025-04-08 15:58:13,389 - [MainProcess:141549] mummi_ras.online.simulation:has_computed_enough:352 - INFO - runtime_hours*0.99 = 0.495 vs delta_time = 0.2036109752787484 (length 15.0 ns) False False
2025-04-08 15:58:15,393 - [MainProcess:141549] mummi_ras.online.simulation:has_computed_enough:352 - INFO - runtime_hours*0.99 = 0.495 vs delta_time = 0.20416761014196608 (length 15.0 ns) False False
2025-04-08 15:58:17,397 - [MainProcess:141549] mummi_ras.online.simulation:has_computed_enough:352 - INFO - runtime_hours*0.99 = 0.495 vs delta_time = 0.20472423805130852 (length 15.0 ns) False False
2025-04-08 15:58:19,401 - [MainProcess:141549] mummi_ras.online.simulation:has_computed_enough:352 - INFO - runtime_hours*0.99 = 0.495 vs delta_time = 0.20528087033165826 (length 15.0 ns) False False
2025-04-08 15:58:21,405 - [MainProcess:141549] mummi_ras.online.simulation:has_computed_enough:352 - INFO - runtime_hours*0.99 = 0.495 vs delta_time = 0.2058375093009737 (length 15.0 ns) False False
2025-04-08 15:58:23,408 - [MainProcess:141549] mummi_ras.online.simulation:has_computed_enough:352 - INFO - runtime_hours*0.99 = 0.495 vs delta_time = 0.20639414416419136 (length 15.0 ns) False False
2025-04-08 15:58:25,412 - [MainProcess:141549] mummi_ras.online.simulation:has_computed_enough:352 - INFO - runtime_hours*0.99 = 0.495 vs delta_time = 0.20695078816678789 (length 15.0 ns) False False
2025-04-08 15:58:25,444 - [MainProcess:141549] mummi_ras.online.simulation:get_new_frames:399 - INFO - Getting all frame numbers in trajectory from 31 to 31.
2025-04-08 15:58:25,444 - [MainProcess:141549] mummi_ras.online.cg.cganalysis:run_main_analysis:193 - INFO - Process frame 31
2025-04-08 15:58:25,444 - [MainProcess:141549] mummi_ras.online.cg.cganalysis:processFrame:554 - INFO - Load 32 frames: current frame ID /tmp/mummi/cg/structure_iter00_000000000007-20250408_154533/traj_comp.xtc
2025-04-08 15:58:25,451 - [MainProcess:141549] mummi_ras.online.cg.cganalysis:processFrame:580 - INFO - Frame:    31, Time: 15500.000 ps, Bbox = [0, 181.14099, 0, 181.14099]
2025-04-08 15:58:25,451 - [MainProcess:141549] mummi_ras.online.cg.cganalysis:processFrame:584 - INFO - Lengths of layers: 660 31 492
2025-04-08 15:58:25,512 - [MainProcess:141549] mummi_ras.online.cg.cganalysis:processFrame:765 - INFO - Time for analysis - frameNum 31, time 0.06755304336547852 s
2025-04-08 15:58:27,512 - [MainProcess:141549] mummi_ras.online.simulation:has_computed_enough:352 - INFO - runtime_hours*0.99 = 0.495 vs delta_time = 0.20753412312931485 (length 15.5 ns) False False
2025-04-08 15:58:29,516 - [MainProcess:141549] mummi_ras.online.simulation:has_computed_enough:352 - INFO - runtime_hours*0.99 = 0.495 vs delta_time = 0.2080907334221734 (length 15.5 ns) False False
2025-04-08 15:58:31,520 - [MainProcess:141549] mummi_ras.online.simulation:has_computed_enough:352 - INFO - runtime_hours*0.99 = 0.495 vs delta_time = 0.20864730914433796 (length 15.5 ns) False False
2025-04-08 15:58:33,523 - [MainProcess:141549] mummi_ras.online.simulation:has_computed_enough:352 - INFO - runtime_hours*0.99 = 0.495 vs delta_time = 0.20920387585957845 (length 15.5 ns) False False
2025-04-08 15:58:35,527 - [MainProcess:141549] mummi_ras.online.simulation:has_computed_enough:352 - INFO - runtime_hours*0.99 = 0.495 vs delta_time = 0.20976043383280435 (length 15.5 ns) False False
2025-04-08 15:58:37,531 - [MainProcess:141549] mummi_ras.online.simulation:has_computed_enough:352 - INFO - runtime_hours*0.99 = 0.495 vs delta_time = 0.21031699154112074 (length 15.5 ns) False False
2025-04-08 15:58:39,534 - [MainProcess:141549] mummi_ras.online.simulation:has_computed_enough:352 - INFO - runtime_hours*0.99 = 0.495 vs delta_time = 0.21087354871961805 (length 15.5 ns) False False
2025-04-08 15:58:41,538 - [MainProcess:141549] mummi_ras.online.simulation:has_computed_enough:352 - INFO - runtime_hours*0.99 = 0.495 vs delta_time = 0.21143011305067275 (length 15.5 ns) False False
2025-04-08 15:58:43,542 - [MainProcess:141549] mummi_ras.online.simulation:has_computed_enough:352 - INFO - runtime_hours*0.99 = 0.495 vs delta_time = 0.21198667142126296 (length 15.5 ns) False False
2025-04-08 15:58:45,545 - [MainProcess:141549] mummi_ras.online.simulation:has_computed_enough:352 - INFO - runtime_hours*0.99 = 0.495 vs delta_time = 0.2125432386663225 (length 15.5 ns) False False
2025-04-08 15:58:47,549 - [MainProcess:141549] mummi_ras.online.simulation:has_computed_enough:352 - INFO - runtime_hours*0.99 = 0.495 vs delta_time = 0.21309979412290786 (length 15.5 ns) False False
2025-04-08 15:58:47,707 - [MainProcess:141549] mummi_ras.online.simulation:get_new_frames:399 - INFO - Getting all frame numbers in trajectory from 32 to 32.
2025-04-08 15:58:47,707 - [MainProcess:141549] mummi_ras.online.cg.cganalysis:run_main_analysis:193 - INFO - Process frame 32
2025-04-08 15:58:47,707 - [MainProcess:141549] mummi_ras.online.cg.cganalysis:processFrame:554 - INFO - Load 33 frames: current frame ID /tmp/mummi/cg/structure_iter00_000000000007-20250408_154533/traj_comp.xtc
2025-04-08 15:58:47,714 - [MainProcess:141549] mummi_ras.online.cg.cganalysis:processFrame:580 - INFO - Frame:    32, Time: 16000.000 ps, Bbox = [0, 180.58195, 0, 180.58195]
2025-04-08 15:58:47,714 - [MainProcess:141549] mummi_ras.online.cg.cganalysis:processFrame:584 - INFO - Lengths of layers: 659 37 487
2025-04-08 15:58:47,775 - [MainProcess:141549] mummi_ras.online.cg.cganalysis:processFrame:765 - INFO - Time for analysis - frameNum 32, time 0.06825876235961914 s
2025-04-08 15:58:49,776 - [MainProcess:141549] mummi_ras.online.simulation:has_computed_enough:352 - INFO - runtime_hours*0.99 = 0.495 vs delta_time = 0.2137183893389172 (length 16.0 ns) False False
2025-04-08 15:58:51,780 - [MainProcess:141549] mummi_ras.online.simulation:has_computed_enough:352 - INFO - runtime_hours*0.99 = 0.495 vs delta_time = 0.21427507559458414 (length 16.0 ns) False False
2025-04-08 15:58:53,784 - [MainProcess:141549] mummi_ras.online.simulation:has_computed_enough:352 - INFO - runtime_hours*0.99 = 0.495 vs delta_time = 0.21483172131909264 (length 16.0 ns) False False
2025-04-08 15:58:55,788 - [MainProcess:141549] mummi_ras.online.simulation:has_computed_enough:352 - INFO - runtime_hours*0.99 = 0.495 vs delta_time = 0.2153883727391561 (length 16.0 ns) False False
2025-04-08 15:58:57,792 - [MainProcess:141549] mummi_ras.online.simulation:has_computed_enough:352 - INFO - runtime_hours*0.99 = 0.495 vs delta_time = 0.21594500376118553 (length 16.0 ns) False False
2025-04-08 15:58:59,795 - [MainProcess:141549] mummi_ras.online.simulation:has_computed_enough:352 - INFO - runtime_hours*0.99 = 0.495 vs delta_time = 0.21650162955125174 (length 16.0 ns) False False
2025-04-08 15:59:01,799 - [MainProcess:141549] mummi_ras.online.simulation:has_computed_enough:352 - INFO - runtime_hours*0.99 = 0.495 vs delta_time = 0.2170582679907481 (length 16.0 ns) False False
2025-04-08 15:59:03,803 - [MainProcess:141549] mummi_ras.online.simulation:has_computed_enough:352 - INFO - runtime_hours*0.99 = 0.495 vs delta_time = 0.2176148972246382 (length 16.0 ns) False False
2025-04-08 15:59:05,807 - [MainProcess:141549] mummi_ras.online.simulation:has_computed_enough:352 - INFO - runtime_hours*0.99 = 0.495 vs delta_time = 0.21817153341240353 (length 16.0 ns) False False
2025-04-08 15:59:07,811 - [MainProcess:141549] mummi_ras.online.simulation:has_computed_enough:352 - INFO - runtime_hours*0.99 = 0.495 vs delta_time = 0.21872816489802466 (length 16.0 ns) False False
2025-04-08 15:59:09,815 - [MainProcess:141549] mummi_ras.online.simulation:has_computed_enough:352 - INFO - runtime_hours*0.99 = 0.495 vs delta_time = 0.21928480174806383 (length 16.0 ns) False False
2025-04-08 15:59:11,819 - [MainProcess:141549] mummi_ras.online.simulation:has_computed_enough:352 - INFO - runtime_hours*0.99 = 0.495 vs delta_time = 0.2198414342270957 (length 16.0 ns) False False
2025-04-08 15:59:11,900 - [MainProcess:141549] mummi_ras.online.simulation:get_new_frames:399 - INFO - Getting all frame numbers in trajectory from 33 to 33.
2025-04-08 15:59:11,900 - [MainProcess:141549] mummi_ras.online.cg.cganalysis:run_main_analysis:193 - INFO - Process frame 33
2025-04-08 15:59:11,900 - [MainProcess:141549] mummi_ras.online.cg.cganalysis:processFrame:554 - INFO - Load 34 frames: current frame ID /tmp/mummi/cg/structure_iter00_000000000007-20250408_154533/traj_comp.xtc
2025-04-08 15:59:11,907 - [MainProcess:141549] mummi_ras.online.cg.cganalysis:processFrame:580 - INFO - Frame:    33, Time: 16500.000 ps, Bbox = [0, 179.91136, 0, 179.91136]
2025-04-08 15:59:11,907 - [MainProcess:141549] mummi_ras.online.cg.cganalysis:processFrame:584 - INFO - Lengths of layers: 660 38 485
2025-04-08 15:59:11,971 - [MainProcess:141549] mummi_ras.online.cg.cganalysis:processFrame:765 - INFO - Time for analysis - frameNum 33, time 0.07083892822265625 s
2025-04-08 15:59:13,972 - [MainProcess:141549] mummi_ras.online.simulation:has_computed_enough:352 - INFO - runtime_hours*0.99 = 0.495 vs delta_time = 0.22043947484758164 (length 16.5 ns) False False
2025-04-08 15:59:15,975 - [MainProcess:141549] mummi_ras.online.simulation:has_computed_enough:352 - INFO - runtime_hours*0.99 = 0.495 vs delta_time = 0.22099609348509047 (length 16.5 ns) False False
2025-04-08 15:59:17,979 - [MainProcess:141549] mummi_ras.online.simulation:has_computed_enough:352 - INFO - runtime_hours*0.99 = 0.495 vs delta_time = 0.22155265973673927 (length 16.5 ns) False False
2025-04-08 15:59:19,983 - [MainProcess:141549] mummi_ras.online.simulation:has_computed_enough:352 - INFO - runtime_hours*0.99 = 0.495 vs delta_time = 0.2221092198954688 (length 16.5 ns) False False
2025-04-08 15:59:21,986 - [MainProcess:141549] mummi_ras.online.simulation:has_computed_enough:352 - INFO - runtime_hours*0.99 = 0.495 vs delta_time = 0.22266578495502473 (length 16.5 ns) False False
2025-04-08 15:59:23,990 - [MainProcess:141549] mummi_ras.online.simulation:has_computed_enough:352 - INFO - runtime_hours*0.99 = 0.495 vs delta_time = 0.22322233921951717 (length 16.5 ns) False False
2025-04-08 15:59:25,994 - [MainProcess:141549] mummi_ras.online.simulation:has_computed_enough:352 - INFO - runtime_hours*0.99 = 0.495 vs delta_time = 0.22377891341845194 (length 16.5 ns) False False
2025-04-08 15:59:27,997 - [MainProcess:141549] mummi_ras.online.simulation:has_computed_enough:352 - INFO - runtime_hours*0.99 = 0.495 vs delta_time = 0.22433546450403002 (length 16.5 ns) False False
2025-04-08 15:59:30,001 - [MainProcess:141549] mummi_ras.online.simulation:has_computed_enough:352 - INFO - runtime_hours*0.99 = 0.495 vs delta_time = 0.2248920322789086 (length 16.5 ns) False False
2025-04-08 15:59:32,004 - [MainProcess:141549] mummi_ras.online.simulation:has_computed_enough:352 - INFO - runtime_hours*0.99 = 0.495 vs delta_time = 0.2254485892587238 (length 16.5 ns) False False
2025-04-08 15:59:34,008 - [MainProcess:141549] mummi_ras.online.simulation:has_computed_enough:352 - INFO - runtime_hours*0.99 = 0.495 vs delta_time = 0.2260051614046097 (length 16.5 ns) False False
2025-04-08 15:59:36,012 - [MainProcess:141549] mummi_ras.online.simulation:has_computed_enough:352 - INFO - runtime_hours*0.99 = 0.495 vs delta_time = 0.22656172162956661 (length 16.5 ns) False False
2025-04-08 15:59:36,043 - [MainProcess:141549] mummi_ras.online.simulation:get_new_frames:399 - INFO - Getting all frame numbers in trajectory from 34 to 34.
2025-04-08 15:59:36,044 - [MainProcess:141549] mummi_ras.online.cg.cganalysis:run_main_analysis:193 - INFO - Process frame 34
2025-04-08 15:59:36,044 - [MainProcess:141549] mummi_ras.online.cg.cganalysis:processFrame:554 - INFO - Load 35 frames: current frame ID /tmp/mummi/cg/structure_iter00_000000000007-20250408_154533/traj_comp.xtc
2025-04-08 15:59:36,051 - [MainProcess:141549] mummi_ras.online.cg.cganalysis:processFrame:580 - INFO - Frame:    34, Time: 17000.000 ps, Bbox = [0, 179.24957, 0, 179.24957]
2025-04-08 15:59:36,051 - [MainProcess:141549] mummi_ras.online.cg.cganalysis:processFrame:584 - INFO - Lengths of layers: 662 33 488
2025-04-08 15:59:36,112 - [MainProcess:141549] mummi_ras.online.cg.cganalysis:processFrame:765 - INFO - Time for analysis - frameNum 34, time 0.06779098510742188 s
2025-04-08 15:59:38,112 - [MainProcess:141549] mummi_ras.online.simulation:has_computed_enough:352 - INFO - runtime_hours*0.99 = 0.495 vs delta_time = 0.22714515262179905 (length 17.0 ns) False False
2025-04-08 15:59:40,116 - [MainProcess:141549] mummi_ras.online.simulation:has_computed_enough:352 - INFO - runtime_hours*0.99 = 0.495 vs delta_time = 0.227701751920912 (length 17.0 ns) False False
2025-04-08 15:59:42,119 - [MainProcess:141549] mummi_ras.online.simulation:has_computed_enough:352 - INFO - runtime_hours*0.99 = 0.495 vs delta_time = 0.22825832267602283 (length 17.0 ns) False False
2025-04-08 15:59:44,123 - [MainProcess:141549] mummi_ras.online.simulation:has_computed_enough:352 - INFO - runtime_hours*0.99 = 0.495 vs delta_time = 0.22881487641069626 (length 17.0 ns) False False
2025-04-08 15:59:46,127 - [MainProcess:141549] mummi_ras.online.simulation:has_computed_enough:352 - INFO - runtime_hours*0.99 = 0.495 vs delta_time = 0.22937143690056272 (length 17.0 ns) False False
2025-04-08 15:59:48,130 - [MainProcess:141549] mummi_ras.online.simulation:has_computed_enough:352 - INFO - runtime_hours*0.99 = 0.495 vs delta_time = 0.22992798957559799 (length 17.0 ns) False False
2025-04-08 15:59:50,134 - [MainProcess:141549] mummi_ras.online.simulation:has_computed_enough:352 - INFO - runtime_hours*0.99 = 0.495 vs delta_time = 0.23048454973432753 (length 17.0 ns) False False
2025-04-08 15:59:52,137 - [MainProcess:141549] mummi_ras.online.simulation:has_computed_enough:352 - INFO - runtime_hours*0.99 = 0.495 vs delta_time = 0.23104110843605466 (length 17.0 ns) False False
2025-04-08 15:59:54,141 - [MainProcess:141549] mummi_ras.online.simulation:has_computed_enough:352 - INFO - runtime_hours*0.99 = 0.495 vs delta_time = 0.23159767323070102 (length 17.0 ns) False False
2025-04-08 15:59:56,145 - [MainProcess:141549] mummi_ras.online.simulation:has_computed_enough:352 - INFO - runtime_hours*0.99 = 0.495 vs delta_time = 0.23215421855449678 (length 17.0 ns) False False
2025-04-08 15:59:58,148 - [MainProcess:141549] mummi_ras.online.simulation:has_computed_enough:352 - INFO - runtime_hours*0.99 = 0.495 vs delta_time = 0.23271078394518957 (length 17.0 ns) False False
2025-04-08 16:00:00,152 - [MainProcess:141549] mummi_ras.online.simulation:has_computed_enough:352 - INFO - runtime_hours*0.99 = 0.495 vs delta_time = 0.23326733317640092 (length 17.0 ns) False False
2025-04-08 16:00:00,325 - [MainProcess:141549] mummi_ras.online.simulation:get_new_frames:399 - INFO - Getting all frame numbers in trajectory from 35 to 35.
2025-04-08 16:00:00,325 - [MainProcess:141549] mummi_ras.online.cg.cganalysis:run_main_analysis:193 - INFO - Process frame 35
2025-04-08 16:00:00,325 - [MainProcess:141549] mummi_ras.online.cg.cganalysis:processFrame:554 - INFO - Load 36 frames: current frame ID /tmp/mummi/cg/structure_iter00_000000000007-20250408_154533/traj_comp.xtc
2025-04-08 16:00:00,332 - [MainProcess:141549] mummi_ras.online.cg.cganalysis:processFrame:580 - INFO - Frame:    35, Time: 17500.000 ps, Bbox = [0, 179.12584, 0, 179.12584]
2025-04-08 16:00:00,332 - [MainProcess:141549] mummi_ras.online.cg.cganalysis:processFrame:584 - INFO - Lengths of layers: 658 37 488
2025-04-08 16:00:00,393 - [MainProcess:141549] mummi_ras.online.cg.cganalysis:processFrame:765 - INFO - Time for analysis - frameNum 35, time 0.06759023666381836 s
2025-04-08 16:00:02,394 - [MainProcess:141549] mummi_ras.online.simulation:has_computed_enough:352 - INFO - runtime_hours*0.99 = 0.495 vs delta_time = 0.23389002548323737 (length 17.5 ns) False False
2025-04-08 16:00:04,397 - [MainProcess:141549] mummi_ras.online.simulation:has_computed_enough:352 - INFO - runtime_hours*0.99 = 0.495 vs delta_time = 0.2344466408756044 (length 17.5 ns) False False
2025-04-08 16:00:06,401 - [MainProcess:141549] mummi_ras.online.simulation:has_computed_enough:352 - INFO - runtime_hours*0.99 = 0.495 vs delta_time = 0.23500321964422863 (length 17.5 ns) False False
2025-04-08 16:00:08,405 - [MainProcess:141549] mummi_ras.online.simulation:has_computed_enough:352 - INFO - runtime_hours*0.99 = 0.495 vs delta_time = 0.23555978450510237 (length 17.5 ns) False False
2025-04-08 16:00:10,408 - [MainProcess:141549] mummi_ras.online.simulation:has_computed_enough:352 - INFO - runtime_hours*0.99 = 0.495 vs delta_time = 0.2361163541343477 (length 17.5 ns) False False
2025-04-08 16:00:12,412 - [MainProcess:141549] mummi_ras.online.simulation:has_computed_enough:352 - INFO - runtime_hours*0.99 = 0.495 vs delta_time = 0.23667292045222388 (length 17.5 ns) False False
2025-04-08 16:00:14,416 - [MainProcess:141549] mummi_ras.online.simulation:has_computed_enough:352 - INFO - runtime_hours*0.99 = 0.495 vs delta_time = 0.23722948842578465 (length 17.5 ns) False False
2025-04-08 16:00:16,419 - [MainProcess:141549] mummi_ras.online.simulation:has_computed_enough:352 - INFO - runtime_hours*0.99 = 0.495 vs delta_time = 0.23778605467743344 (length 17.5 ns) False False
2025-04-08 16:00:18,423 - [MainProcess:141549] mummi_ras.online.simulation:has_computed_enough:352 - INFO - runtime_hours*0.99 = 0.495 vs delta_time = 0.2383426222536299 (length 17.5 ns) False False
2025-04-08 16:00:20,427 - [MainProcess:141549] mummi_ras.online.simulation:has_computed_enough:352 - INFO - runtime_hours*0.99 = 0.495 vs delta_time = 0.2388991939359241 (length 17.5 ns) False False
2025-04-08 16:00:22,430 - [MainProcess:141549] mummi_ras.online.simulation:has_computed_enough:352 - INFO - runtime_hours*0.99 = 0.495 vs delta_time = 0.23945575429333582 (length 17.5 ns) False False
2025-04-08 16:00:24,434 - [MainProcess:141549] mummi_ras.online.simulation:has_computed_enough:352 - INFO - runtime_hours*0.99 = 0.495 vs delta_time = 0.2400123190217548 (length 17.5 ns) False False
2025-04-08 16:00:24,508 - [MainProcess:141549] mummi_ras.online.simulation:get_new_frames:399 - INFO - Getting all frame numbers in trajectory from 36 to 36.
2025-04-08 16:00:24,508 - [MainProcess:141549] mummi_ras.online.cg.cganalysis:run_main_analysis:193 - INFO - Process frame 36
2025-04-08 16:00:24,508 - [MainProcess:141549] mummi_ras.online.cg.cganalysis:processFrame:554 - INFO - Load 37 frames: current frame ID /tmp/mummi/cg/structure_iter00_000000000007-20250408_154533/traj_comp.xtc
2025-04-08 16:00:24,515 - [MainProcess:141549] mummi_ras.online.cg.cganalysis:processFrame:580 - INFO - Frame:    36, Time: 18000.000 ps, Bbox = [0, 181.08292, 0, 181.08292]
2025-04-08 16:00:24,515 - [MainProcess:141549] mummi_ras.online.cg.cganalysis:processFrame:584 - INFO - Lengths of layers: 657 41 485
2025-04-08 16:00:24,575 - [MainProcess:141549] mummi_ras.online.cg.cganalysis:processFrame:765 - INFO - Time for analysis - frameNum 36, time 0.06754016876220703 s
2025-04-08 16:00:26,576 - [MainProcess:141549] mummi_ras.online.simulation:has_computed_enough:352 - INFO - runtime_hours*0.99 = 0.495 vs delta_time = 0.24060732967323728 (length 18.0 ns) False False
2025-04-08 16:00:28,580 - [MainProcess:141549] mummi_ras.online.simulation:has_computed_enough:352 - INFO - runtime_hours*0.99 = 0.495 vs delta_time = 0.2411639396349589 (length 18.0 ns) False False
2025-04-08 16:00:30,583 - [MainProcess:141549] mummi_ras.online.simulation:has_computed_enough:352 - INFO - runtime_hours*0.99 = 0.495 vs delta_time = 0.24172050986025068 (length 18.0 ns) False False
2025-04-08 16:00:32,587 - [MainProcess:141549] mummi_ras.online.simulation:has_computed_enough:352 - INFO - runtime_hours*0.99 = 0.495 vs delta_time = 0.24227705968750848 (length 18.0 ns) False False
2025-04-08 16:00:34,591 - [MainProcess:141549] mummi_ras.online.simulation:has_computed_enough:352 - INFO - runtime_hours*0.99 = 0.495 vs delta_time = 0.2428336226940155 (length 18.0 ns) False False
2025-04-08 16:00:36,594 - [MainProcess:141549] mummi_ras.online.simulation:has_computed_enough:352 - INFO - runtime_hours*0.99 = 0.495 vs delta_time = 0.24339018007119498 (length 18.0 ns) False False
2025-04-08 16:00:38,598 - [MainProcess:141549] mummi_ras.online.simulation:has_computed_enough:352 - INFO - runtime_hours*0.99 = 0.495 vs delta_time = 0.24394674486584134 (length 18.0 ns) False False
2025-04-08 16:00:40,601 - [MainProcess:141549] mummi_ras.online.simulation:has_computed_enough:352 - INFO - runtime_hours*0.99 = 0.495 vs delta_time = 0.24450330747498406 (length 18.0 ns) False False
2025-04-08 16:00:42,605 - [MainProcess:141549] mummi_ras.online.simulation:has_computed_enough:352 - INFO - runtime_hours*0.99 = 0.495 vs delta_time = 0.24505987061394585 (length 18.0 ns) False False
2025-04-08 16:00:44,609 - [MainProcess:141549] mummi_ras.online.simulation:has_computed_enough:352 - INFO - runtime_hours*0.99 = 0.495 vs delta_time = 0.24561642269293468 (length 18.0 ns) False False
2025-04-08 16:00:46,612 - [MainProcess:141549] mummi_ras.online.simulation:has_computed_enough:352 - INFO - runtime_hours*0.99 = 0.495 vs delta_time = 0.24617298993799422 (length 18.0 ns) False False
2025-04-08 16:00:48,616 - [MainProcess:141549] mummi_ras.online.simulation:has_computed_enough:352 - INFO - runtime_hours*0.99 = 0.495 vs delta_time = 0.2467295480436749 (length 18.0 ns) False False
2025-04-08 16:00:48,648 - [MainProcess:141549] mummi_ras.online.simulation:get_new_frames:399 - INFO - Getting all frame numbers in trajectory from 37 to 37.
2025-04-08 16:00:48,648 - [MainProcess:141549] mummi_ras.online.cg.cganalysis:run_main_analysis:193 - INFO - Process frame 37
2025-04-08 16:00:48,648 - [MainProcess:141549] mummi_ras.online.cg.cganalysis:processFrame:554 - INFO - Load 38 frames: current frame ID /tmp/mummi/cg/structure_iter00_000000000007-20250408_154533/traj_comp.xtc
2025-04-08 16:00:48,655 - [MainProcess:141549] mummi_ras.online.cg.cganalysis:processFrame:580 - INFO - Frame:    37, Time: 18500.000 ps, Bbox = [0, 180.89296, 0, 180.89296]
2025-04-08 16:00:48,655 - [MainProcess:141549] mummi_ras.online.cg.cganalysis:processFrame:584 - INFO - Lengths of layers: 655 40 488
2025-04-08 16:00:48,715 - [MainProcess:141549] mummi_ras.online.cg.cganalysis:processFrame:765 - INFO - Time for analysis - frameNum 37, time 0.06687617301940918 s
2025-04-08 16:00:50,715 - [MainProcess:141549] mummi_ras.online.simulation:has_computed_enough:352 - INFO - runtime_hours*0.99 = 0.495 vs delta_time = 0.2473126220703125 (length 18.5 ns) False False
2025-04-08 16:00:52,719 - [MainProcess:141549] mummi_ras.online.simulation:has_computed_enough:352 - INFO - runtime_hours*0.99 = 0.495 vs delta_time = 0.24786922640270656 (length 18.5 ns) False False
2025-04-08 16:00:54,722 - [MainProcess:141549] mummi_ras.online.simulation:has_computed_enough:352 - INFO - runtime_hours*0.99 = 0.495 vs delta_time = 0.24842579901218415 (length 18.5 ns) False False
2025-04-08 16:00:56,726 - [MainProcess:141549] mummi_ras.online.simulation:has_computed_enough:352 - INFO - runtime_hours*0.99 = 0.495 vs delta_time = 0.24898236287964715 (length 18.5 ns) False False
2025-04-08 16:00:58,730 - [MainProcess:141549] mummi_ras.online.simulation:has_computed_enough:352 - INFO - runtime_hours*0.99 = 0.495 vs delta_time = 0.24953892906506855 (length 18.5 ns) False False
2025-04-08 16:01:00,733 - [MainProcess:141549] mummi_ras.online.simulation:has_computed_enough:352 - INFO - runtime_hours*0.99 = 0.495 vs delta_time = 0.2500954927338494 (length 18.5 ns) False False
2025-04-08 16:01:02,737 - [MainProcess:141549] mummi_ras.online.simulation:has_computed_enough:352 - INFO - runtime_hours*0.99 = 0.495 vs delta_time = 0.25065205600526597 (length 18.5 ns) False False
2025-04-08 16:01:04,741 - [MainProcess:141549] mummi_ras.online.simulation:has_computed_enough:352 - INFO - runtime_hours*0.99 = 0.495 vs delta_time = 0.2512086233165529 (length 18.5 ns) False False
2025-04-08 16:01:06,744 - [MainProcess:141549] mummi_ras.online.simulation:has_computed_enough:352 - INFO - runtime_hours*0.99 = 0.495 vs delta_time = 0.25176518340905507 (length 18.5 ns) False False
2025-04-08 16:01:08,748 - [MainProcess:141549] mummi_ras.online.simulation:has_computed_enough:352 - INFO - runtime_hours*0.99 = 0.495 vs delta_time = 0.2523217476738824 (length 18.5 ns) False False
2025-04-08 16:01:10,751 - [MainProcess:141549] mummi_ras.online.simulation:has_computed_enough:352 - INFO - runtime_hours*0.99 = 0.495 vs delta_time = 0.2528783117400275 (length 18.5 ns) False False
2025-04-08 16:01:12,755 - [MainProcess:141549] mummi_ras.online.simulation:has_computed_enough:352 - INFO - runtime_hours*0.99 = 0.495 vs delta_time = 0.25343486083878414 (length 18.5 ns) False False
2025-04-08 16:01:12,904 - [MainProcess:141549] mummi_ras.online.simulation:get_new_frames:399 - INFO - Getting all frame numbers in trajectory from 38 to 38.
2025-04-08 16:01:12,904 - [MainProcess:141549] mummi_ras.online.cg.cganalysis:run_main_analysis:193 - INFO - Process frame 38
2025-04-08 16:01:12,904 - [MainProcess:141549] mummi_ras.online.cg.cganalysis:processFrame:554 - INFO - Load 39 frames: current frame ID /tmp/mummi/cg/structure_iter00_000000000007-20250408_154533/traj_comp.xtc
2025-04-08 16:01:12,911 - [MainProcess:141549] mummi_ras.online.cg.cganalysis:processFrame:580 - INFO - Frame:    38, Time: 19000.000 ps, Bbox = [0, 179.59103, 0, 179.59103]
2025-04-08 16:01:12,911 - [MainProcess:141549] mummi_ras.online.cg.cganalysis:processFrame:584 - INFO - Lengths of layers: 655 43 485
2025-04-08 16:01:12,972 - [MainProcess:141549] mummi_ras.online.cg.cganalysis:processFrame:765 - INFO - Time for analysis - frameNum 38, time 0.06725502014160156 s
2025-04-08 16:01:14,972 - [MainProcess:141549] mummi_ras.online.simulation:has_computed_enough:352 - INFO - runtime_hours*0.99 = 0.495 vs delta_time = 0.2540507029162513 (length 19.0 ns) False False
2025-04-08 16:01:16,976 - [MainProcess:141549] mummi_ras.online.simulation:has_computed_enough:352 - INFO - runtime_hours*0.99 = 0.495 vs delta_time = 0.2546073073811001 (length 19.0 ns) False False
2025-04-08 16:01:18,979 - [MainProcess:141549] mummi_ras.online.simulation:has_computed_enough:352 - INFO - runtime_hours*0.99 = 0.495 vs delta_time = 0.2551638807190789 (length 19.0 ns) False False
2025-04-08 16:01:20,983 - [MainProcess:141549] mummi_ras.online.simulation:has_computed_enough:352 - INFO - runtime_hours*0.99 = 0.495 vs delta_time = 0.2557204481628206 (length 19.0 ns) False False
2025-04-08 16:01:22,987 - [MainProcess:141549] mummi_ras.online.simulation:has_computed_enough:352 - INFO - runtime_hours*0.99 = 0.495 vs delta_time = 0.25627701143423715 (length 19.0 ns) False False
2025-04-08 16:01:24,990 - [MainProcess:141549] mummi_ras.online.simulation:has_computed_enough:352 - INFO - runtime_hours*0.99 = 0.495 vs delta_time = 0.25683357768588594 (length 19.0 ns) False False
2025-04-08 16:01:26,994 - [MainProcess:141549] mummi_ras.online.simulation:has_computed_enough:352 - INFO - runtime_hours*0.99 = 0.495 vs delta_time = 0.2573901376459334 (length 19.0 ns) False False
2025-04-08 16:01:28,998 - [MainProcess:141549] mummi_ras.online.simulation:has_computed_enough:352 - INFO - runtime_hours*0.99 = 0.495 vs delta_time = 0.2579467066791323 (length 19.0 ns) False False
2025-04-08 16:01:31,001 - [MainProcess:141549] mummi_ras.online.simulation:has_computed_enough:352 - INFO - runtime_hours*0.99 = 0.495 vs delta_time = 0.25850326697031656 (length 19.0 ns) False False
2025-04-08 16:01:33,005 - [MainProcess:141549] mummi_ras.online.simulation:has_computed_enough:352 - INFO - runtime_hours*0.99 = 0.495 vs delta_time = 0.2590598134199778 (length 19.0 ns) False False
2025-04-08 16:01:35,008 - [MainProcess:141549] mummi_ras.online.simulation:has_computed_enough:352 - INFO - runtime_hours*0.99 = 0.495 vs delta_time = 0.2596163727177514 (length 19.0 ns) False False
2025-04-08 16:01:37,012 - [MainProcess:141549] mummi_ras.online.simulation:has_computed_enough:352 - INFO - runtime_hours*0.99 = 0.495 vs delta_time = 0.2601729330751631 (length 19.0 ns) False False
2025-04-08 16:01:37,088 - [MainProcess:141549] mummi_ras.online.simulation:get_new_frames:399 - INFO - Getting all frame numbers in trajectory from 39 to 39.
2025-04-08 16:01:37,088 - [MainProcess:141549] mummi_ras.online.cg.cganalysis:run_main_analysis:193 - INFO - Process frame 39
2025-04-08 16:01:37,088 - [MainProcess:141549] mummi_ras.online.cg.cganalysis:processFrame:554 - INFO - Load 40 frames: current frame ID /tmp/mummi/cg/structure_iter00_000000000007-20250408_154533/traj_comp.xtc
2025-04-08 16:01:37,095 - [MainProcess:141549] mummi_ras.online.cg.cganalysis:processFrame:580 - INFO - Frame:    39, Time: 19500.000 ps, Bbox = [0, 180.35709, 0, 180.35709]
2025-04-08 16:01:37,095 - [MainProcess:141549] mummi_ras.online.cg.cganalysis:processFrame:584 - INFO - Lengths of layers: 655 40 488
2025-04-08 16:01:37,155 - [MainProcess:141549] mummi_ras.online.cg.cganalysis:processFrame:765 - INFO - Time for analysis - frameNum 39, time 0.06684112548828125 s
2025-04-08 16:01:39,155 - [MainProcess:141549] mummi_ras.online.simulation:has_computed_enough:352 - INFO - runtime_hours*0.99 = 0.495 vs delta_time = 0.26076817320452794 (length 19.5 ns) False False
2025-04-08 16:01:39,159 - [MainProcess:141549] mummi_ras.online.cg.cganalysis:processOutput:92 - INFO - Add feedback for frameNum 30 - state []
2025-04-08 16:01:39,159 - [MainProcess:141549] mummi_ras.online.cg.cganalysis:processOutput:92 - INFO - Add feedback for frameNum 31 - state []
2025-04-08 16:01:39,159 - [MainProcess:141549] mummi_ras.online.cg.cganalysis:processOutput:92 - INFO - Add feedback for frameNum 32 - state []
2025-04-08 16:01:39,159 - [MainProcess:141549] mummi_ras.online.cg.cganalysis:processOutput:92 - INFO - Add feedback for frameNum 33 - state []
2025-04-08 16:01:39,159 - [MainProcess:141549] mummi_ras.online.cg.cganalysis:processOutput:92 - INFO - Add feedback for frameNum 34 - state []
2025-04-08 16:01:39,159 - [MainProcess:141549] mummi_ras.online.cg.cganalysis:processOutput:92 - INFO - Add feedback for frameNum 35 - state []
2025-04-08 16:01:39,159 - [MainProcess:141549] mummi_ras.online.cg.cganalysis:processOutput:92 - INFO - Add feedback for frameNum 36 - state []
2025-04-08 16:01:39,159 - [MainProcess:141549] mummi_ras.online.cg.cganalysis:processOutput:92 - INFO - Add feedback for frameNum 37 - state []
2025-04-08 16:01:39,159 - [MainProcess:141549] mummi_ras.online.cg.cganalysis:processOutput:92 - INFO - Add feedback for frameNum 38 - state []
2025-04-08 16:01:39,160 - [MainProcess:141549] mummi_ras.online.cg.cganalysis:processOutput:92 - INFO - Add feedback for frameNum 39 - state []
2025-04-08 16:01:39,171 - [MainProcess:141549] mummi_core.interfaces.simple:_save_files:91 - INFO - Wrote 10 files to (/p/gpfs1/pottier1/minimummi-sc25/roots/root1/feedback-cg2ml/007)
2025-04-08 16:01:39,171 - [MainProcess:141549] mummi_ras.feedback.feedback_manager_cg2ml:report:118 - INFO - Added 10 frames (from structure_iter00_000000000007) to feedback (/p/gpfs1/pottier1/minimummi-sc25/roots/root1/feedback-cg2ml)
2025-04-08 16:01:39,172 - [MainProcess:141549] mummi_ras.online.cg.cganalysis:processOutput:112 - INFO - processOutput: 39
2025-04-08 16:01:39,172 - [MainProcess:141549] mummi_ras.online.cg.cganalysis:copyRemoteRestart:452 - INFO - Copy to remote frames [30, 31, 32, 33, 34, 35, 36, 37, 38, 39]
2025-04-08 16:01:39,304 - [MainProcess:141549] mummi_core.utils.utilities:sys_call:184 - INFO - Run command: rsync -va --no-g traj_comp.xtc topol.tpr state.cpt ener.edr md.log mdrun.log /p/gpfs1/pottier1/minimummi-sc25/roots/root1/sims-cg/structure_iter00_000000000007 || true
2025-04-08 16:01:39,719 - [MainProcess:141549] mummi_ras.interfaces.mummi:save_analysis_data:253 - INFO - Saved all analysis data for frames [30, 31, 32, 33, 34, 35, 36, 37, 38, 39]
2025-04-08 16:01:39,719 - [MainProcess:141549] mummi_ras.online.cg.cganalysis:copyRemoteLogs:350 - INFO - Copy over log files
2025-04-08 16:01:39,745 - [MainProcess:141549] mummi_core.utils.utilities:sys_call:184 - INFO - Run command: cp -r  /tmp/mummi/cg/structure_iter00_000000000007-20250408_154533/cg_analysis.out /tmp/mummi/cg/structure_iter00_000000000007-20250408_154533/traj_comp.xtc /tmp/mummi/cg/structure_iter00_000000000007-20250408_154533/*.log /p/gpfs1/pottier1/minimummi-sc25/roots/root1/sims-cg/structure_iter00_000000000007/ || true
2025-04-08 16:01:39,745 - [MainProcess:141549] mummi_ras.online.cg.cganalysis:copyRemoteLogs:365 - INFO - copyRemoteLogs =  /tmp/mummi/cg/structure_iter00_000000000007-20250408_154533/cg_analysis.out /tmp/mummi/cg/structure_iter00_000000000007-20250408_154533/traj_comp.xtc /tmp/mummi/cg/structure_iter00_000000000007-20250408_154533/*.log
2025-04-08 16:01:39,745 - [MainProcess:141549] mummi_ras.online.cg.cganalysis:cleanupLocal:375 - WARNING - Copy cleanup local only works for ddcMD files
2025-04-08 16:01:41,745 - [MainProcess:141549] mummi_ras.online.simulation:has_computed_enough:352 - INFO - runtime_hours*0.99 = 0.495 vs delta_time = 0.2614876484208637 (length 19.5 ns) False False
2025-04-08 16:01:43,749 - [MainProcess:141549] mummi_ras.online.simulation:has_computed_enough:352 - INFO - runtime_hours*0.99 = 0.495 vs delta_time = 0.2620442306333118 (length 19.5 ns) False False
2025-04-08 16:01:45,752 - [MainProcess:141549] mummi_ras.online.simulation:has_computed_enough:352 - INFO - runtime_hours*0.99 = 0.495 vs delta_time = 0.2626008034414715 (length 19.5 ns) False False
2025-04-08 16:01:47,756 - [MainProcess:141549] mummi_ras.online.simulation:has_computed_enough:352 - INFO - runtime_hours*0.99 = 0.495 vs delta_time = 0.2631573580371009 (length 19.5 ns) False False
2025-04-08 16:01:49,760 - [MainProcess:141549] mummi_ras.online.simulation:has_computed_enough:352 - INFO - runtime_hours*0.99 = 0.495 vs delta_time = 0.26371392574575214 (length 19.5 ns) False False
2025-04-08 16:01:51,763 - [MainProcess:141549] mummi_ras.online.simulation:has_computed_enough:352 - INFO - runtime_hours*0.99 = 0.495 vs delta_time = 0.26427048756016625 (length 19.5 ns) False False
2025-04-08 16:01:53,767 - [MainProcess:141549] mummi_ras.online.simulation:has_computed_enough:352 - INFO - runtime_hours*0.99 = 0.495 vs delta_time = 0.26482704248693256 (length 19.5 ns) False False
2025-04-08 16:01:55,771 - [MainProcess:141549] mummi_ras.online.simulation:has_computed_enough:352 - INFO - runtime_hours*0.99 = 0.495 vs delta_time = 0.2653836205932829 (length 19.5 ns) False False
2025-04-08 16:01:57,774 - [MainProcess:141549] mummi_ras.online.simulation:has_computed_enough:352 - INFO - runtime_hours*0.99 = 0.495 vs delta_time = 0.2659401763810052 (length 19.5 ns) False False
2025-04-08 16:01:59,778 - [MainProcess:141549] mummi_ras.online.simulation:has_computed_enough:352 - INFO - runtime_hours*0.99 = 0.495 vs delta_time = 0.2664967328310013 (length 19.5 ns) False False
2025-04-08 16:01:59,810 - [MainProcess:141549] mummi_ras.online.simulation:get_new_frames:399 - INFO - Getting all frame numbers in trajectory from 40 to 40.
2025-04-08 16:01:59,810 - [MainProcess:141549] mummi_ras.online.cg.cganalysis:run_main_analysis:193 - INFO - Process frame 40
2025-04-08 16:01:59,810 - [MainProcess:141549] mummi_ras.online.cg.cganalysis:processFrame:554 - INFO - Load 41 frames: current frame ID /tmp/mummi/cg/structure_iter00_000000000007-20250408_154533/traj_comp.xtc
2025-04-08 16:01:59,817 - [MainProcess:141549] mummi_ras.online.cg.cganalysis:processFrame:580 - INFO - Frame:    40, Time: 20000.000 ps, Bbox = [0, 180.21284, 0, 180.21284]
2025-04-08 16:01:59,817 - [MainProcess:141549] mummi_ras.online.cg.cganalysis:processFrame:584 - INFO - Lengths of layers: 656 42 485
2025-04-08 16:01:59,878 - [MainProcess:141549] mummi_ras.online.cg.cganalysis:processFrame:765 - INFO - Time for analysis - frameNum 40, time 0.06738424301147461 s
2025-04-08 16:02:01,878 - [MainProcess:141549] mummi_ras.online.simulation:has_computed_enough:352 - INFO - runtime_hours*0.99 = 0.495 vs delta_time = 0.26708018826113805 (length 20.0 ns) False False
2025-04-08 16:02:03,882 - [MainProcess:141549] mummi_ras.online.simulation:has_computed_enough:352 - INFO - runtime_hours*0.99 = 0.495 vs delta_time = 0.2676368573639128 (length 20.0 ns) False False
2025-04-08 16:02:05,886 - [MainProcess:141549] mummi_ras.online.simulation:has_computed_enough:352 - INFO - runtime_hours*0.99 = 0.495 vs delta_time = 0.2681934991147783 (length 20.0 ns) False False
2025-04-08 16:02:07,890 - [MainProcess:141549] mummi_ras.online.simulation:has_computed_enough:352 - INFO - runtime_hours*0.99 = 0.495 vs delta_time = 0.2687501274214851 (length 20.0 ns) False False
2025-04-08 16:02:09,894 - [MainProcess:141549] mummi_ras.online.simulation:has_computed_enough:352 - INFO - runtime_hours*0.99 = 0.495 vs delta_time = 0.2693067667219374 (length 20.0 ns) False False
2025-04-08 16:02:11,898 - [MainProcess:141549] mummi_ras.online.simulation:has_computed_enough:352 - INFO - runtime_hours*0.99 = 0.495 vs delta_time = 0.2698634017838372 (length 20.0 ns) False False
2025-04-08 16:02:13,902 - [MainProcess:141549] mummi_ras.online.simulation:has_computed_enough:352 - INFO - runtime_hours*0.99 = 0.495 vs delta_time = 0.2704200401571062 (length 20.0 ns) False False
2025-04-08 16:02:15,905 - [MainProcess:141549] mummi_ras.online.simulation:has_computed_enough:352 - INFO - runtime_hours*0.99 = 0.495 vs delta_time = 0.2709766648213069 (length 20.0 ns) False False
2025-04-08 16:02:17,909 - [MainProcess:141549] mummi_ras.online.simulation:has_computed_enough:352 - INFO - runtime_hours*0.99 = 0.495 vs delta_time = 0.27153328902191587 (length 20.0 ns) False False
2025-04-08 16:02:19,913 - [MainProcess:141549] mummi_ras.online.simulation:has_computed_enough:352 - INFO - runtime_hours*0.99 = 0.495 vs delta_time = 0.2720899126264784 (length 20.0 ns) False False
2025-04-08 16:02:21,917 - [MainProcess:141549] mummi_ras.online.simulation:has_computed_enough:352 - INFO - runtime_hours*0.99 = 0.495 vs delta_time = 0.27264654358228047 (length 20.0 ns) False False
2025-04-08 16:02:23,921 - [MainProcess:141549] mummi_ras.online.simulation:has_computed_enough:352 - INFO - runtime_hours*0.99 = 0.495 vs delta_time = 0.27320316857761806 (length 20.0 ns) False False
2025-04-08 16:02:24,071 - [MainProcess:141549] mummi_ras.online.simulation:get_new_frames:399 - INFO - Getting all frame numbers in trajectory from 41 to 41.
2025-04-08 16:02:24,071 - [MainProcess:141549] mummi_ras.online.cg.cganalysis:run_main_analysis:193 - INFO - Process frame 41
2025-04-08 16:02:24,071 - [MainProcess:141549] mummi_ras.online.cg.cganalysis:processFrame:554 - INFO - Load 42 frames: current frame ID /tmp/mummi/cg/structure_iter00_000000000007-20250408_154533/traj_comp.xtc
2025-04-08 16:02:24,078 - [MainProcess:141549] mummi_ras.online.cg.cganalysis:processFrame:580 - INFO - Frame:    41, Time: 20500.000 ps, Bbox = [0, 179.63275, 0, 179.63275]
2025-04-08 16:02:24,078 - [MainProcess:141549] mummi_ras.online.cg.cganalysis:processFrame:584 - INFO - Lengths of layers: 656 40 487
2025-04-08 16:02:24,138 - [MainProcess:141549] mummi_ras.online.cg.cganalysis:processFrame:765 - INFO - Time for analysis - frameNum 41, time 0.06724739074707031 s
2025-04-08 16:02:26,139 - [MainProcess:141549] mummi_ras.online.simulation:has_computed_enough:352 - INFO - runtime_hours*0.99 = 0.495 vs delta_time = 0.27381926072968377 (length 20.5 ns) False False
2025-04-08 16:02:28,143 - [MainProcess:141549] mummi_ras.online.simulation:has_computed_enough:352 - INFO - runtime_hours*0.99 = 0.495 vs delta_time = 0.27437586539321474 (length 20.5 ns) False False
2025-04-08 16:02:30,146 - [MainProcess:141549] mummi_ras.online.simulation:has_computed_enough:352 - INFO - runtime_hours*0.99 = 0.495 vs delta_time = 0.2749324365456899 (length 20.5 ns) False False
2025-04-08 16:02:32,150 - [MainProcess:141549] mummi_ras.online.simulation:has_computed_enough:352 - INFO - runtime_hours*0.99 = 0.495 vs delta_time = 0.27548900498284234 (length 20.5 ns) False False
2025-04-08 16:02:34,154 - [MainProcess:141549] mummi_ras.online.simulation:has_computed_enough:352 - INFO - runtime_hours*0.99 = 0.495 vs delta_time = 0.2760455783208211 (length 20.5 ns) False False
2025-04-08 16:02:36,157 - [MainProcess:141549] mummi_ras.online.simulation:has_computed_enough:352 - INFO - runtime_hours*0.99 = 0.495 vs delta_time = 0.27660213106208376 (length 20.5 ns) False False
2025-04-08 16:02:38,161 - [MainProcess:141549] mummi_ras.online.simulation:has_computed_enough:352 - INFO - runtime_hours*0.99 = 0.495 vs delta_time = 0.277158705857065 (length 20.5 ns) False False
2025-04-08 16:02:40,164 - [MainProcess:141549] mummi_ras.online.simulation:has_computed_enough:352 - INFO - runtime_hours*0.99 = 0.495 vs delta_time = 0.27771525661150614 (length 20.5 ns) False False
2025-04-08 16:02:42,168 - [MainProcess:141549] mummi_ras.online.simulation:has_computed_enough:352 - INFO - runtime_hours*0.99 = 0.495 vs delta_time = 0.27827182160483466 (length 20.5 ns) False False
2025-04-08 16:02:44,172 - [MainProcess:141549] mummi_ras.online.simulation:has_computed_enough:352 - INFO - runtime_hours*0.99 = 0.495 vs delta_time = 0.2788283736175961 (length 20.5 ns) False False
2025-04-08 16:02:46,175 - [MainProcess:141549] mummi_ras.online.simulation:has_computed_enough:352 - INFO - runtime_hours*0.99 = 0.495 vs delta_time = 0.27938493483596377 (length 20.5 ns) False False
2025-04-08 16:02:48,179 - [MainProcess:141549] mummi_ras.online.simulation:has_computed_enough:352 - INFO - runtime_hours*0.99 = 0.495 vs delta_time = 0.2799415000942018 (length 20.5 ns) False False
2025-04-08 16:02:48,695 - [MainProcess:141549] mummi_ras.online.simulation:get_new_frames:399 - INFO - Getting all frame numbers in trajectory from 42 to 42.
2025-04-08 16:02:48,695 - [MainProcess:141549] mummi_ras.online.cg.cganalysis:run_main_analysis:193 - INFO - Process frame 42
2025-04-08 16:02:48,695 - [MainProcess:141549] mummi_ras.online.cg.cganalysis:processFrame:554 - INFO - Load 43 frames: current frame ID /tmp/mummi/cg/structure_iter00_000000000007-20250408_154533/traj_comp.xtc
2025-04-08 16:02:48,702 - [MainProcess:141549] mummi_ras.online.cg.cganalysis:processFrame:580 - INFO - Frame:    42, Time: 21000.000 ps, Bbox = [0, 180.03305, 0, 180.03305]
2025-04-08 16:02:48,703 - [MainProcess:141549] mummi_ras.online.cg.cganalysis:processFrame:584 - INFO - Lengths of layers: 654 43 486
2025-04-08 16:02:48,764 - [MainProcess:141549] mummi_ras.online.cg.cganalysis:processFrame:765 - INFO - Time for analysis - frameNum 42, time 0.06894564628601074 s
2025-04-08 16:02:50,765 - [MainProcess:141549] mummi_ras.online.simulation:has_computed_enough:352 - INFO - runtime_hours*0.99 = 0.495 vs delta_time = 0.2806598545445336 (length 21.0 ns) False False
2025-04-08 16:02:52,769 - [MainProcess:141549] mummi_ras.online.simulation:has_computed_enough:352 - INFO - runtime_hours*0.99 = 0.495 vs delta_time = 0.2812165227863524 (length 21.0 ns) False False
2025-04-08 16:02:54,773 - [MainProcess:141549] mummi_ras.online.simulation:has_computed_enough:352 - INFO - runtime_hours*0.99 = 0.495 vs delta_time = 0.2817731667227215 (length 21.0 ns) False False
2025-04-08 16:02:56,777 - [MainProcess:141549] mummi_ras.online.simulation:has_computed_enough:352 - INFO - runtime_hours*0.99 = 0.495 vs delta_time = 0.2823297995991177 (length 21.0 ns) False False
2025-04-08 16:02:58,781 - [MainProcess:141549] mummi_ras.online.simulation:has_computed_enough:352 - INFO - runtime_hours*0.99 = 0.495 vs delta_time = 0.2828864351246092 (length 21.0 ns) False False
2025-04-08 16:03:00,785 - [MainProcess:141549] mummi_ras.online.simulation:has_computed_enough:352 - INFO - runtime_hours*0.99 = 0.495 vs delta_time = 0.2834430664115482 (length 21.0 ns) False False
2025-04-08 16:03:02,788 - [MainProcess:141549] mummi_ras.online.simulation:has_computed_enough:352 - INFO - runtime_hours*0.99 = 0.495 vs delta_time = 0.28399969518184665 (length 21.0 ns) False False
2025-04-08 16:03:04,792 - [MainProcess:141549] mummi_ras.online.simulation:has_computed_enough:352 - INFO - runtime_hours*0.99 = 0.495 vs delta_time = 0.2845563181903627 (length 21.0 ns) False False
2025-04-08 16:03:06,796 - [MainProcess:141549] mummi_ras.online.simulation:has_computed_enough:352 - INFO - runtime_hours*0.99 = 0.495 vs delta_time = 0.2851129490799374 (length 21.0 ns) False False
2025-04-08 16:03:08,800 - [MainProcess:141549] mummi_ras.online.simulation:has_computed_enough:352 - INFO - runtime_hours*0.99 = 0.495 vs delta_time = 0.2856695831484265 (length 21.0 ns) False False
2025-04-08 16:03:10,804 - [MainProcess:141549] mummi_ras.online.simulation:has_computed_enough:352 - INFO - runtime_hours*0.99 = 0.495 vs delta_time = 0.28622621132267845 (length 21.0 ns) False False
2025-04-08 16:03:12,808 - [MainProcess:141549] mummi_ras.online.simulation:has_computed_enough:352 - INFO - runtime_hours*0.99 = 0.495 vs delta_time = 0.28678283174832664 (length 21.0 ns) False False
2025-04-08 16:03:12,839 - [MainProcess:141549] mummi_ras.online.simulation:get_new_frames:399 - INFO - Getting all frame numbers in trajectory from 43 to 43.
2025-04-08 16:03:12,839 - [MainProcess:141549] mummi_ras.online.cg.cganalysis:run_main_analysis:193 - INFO - Process frame 43
2025-04-08 16:03:12,840 - [MainProcess:141549] mummi_ras.online.cg.cganalysis:processFrame:554 - INFO - Load 44 frames: current frame ID /tmp/mummi/cg/structure_iter00_000000000007-20250408_154533/traj_comp.xtc
2025-04-08 16:03:12,846 - [MainProcess:141549] mummi_ras.online.cg.cganalysis:processFrame:580 - INFO - Frame:    43, Time: 21500.000 ps, Bbox = [0, 180.76996, 0, 180.76996]
2025-04-08 16:03:12,846 - [MainProcess:141549] mummi_ras.online.cg.cganalysis:processFrame:584 - INFO - Lengths of layers: 651 41 491
2025-04-08 16:03:12,907 - [MainProcess:141549] mummi_ras.online.cg.cganalysis:processFrame:765 - INFO - Time for analysis - frameNum 43, time 0.06749320030212402 s
2025-04-08 16:03:14,908 - [MainProcess:141549] mummi_ras.online.simulation:has_computed_enough:352 - INFO - runtime_hours*0.99 = 0.495 vs delta_time = 0.28736615101496377 (length 21.5 ns) False False
2025-04-08 16:03:16,911 - [MainProcess:141549] mummi_ras.online.simulation:has_computed_enough:352 - INFO - runtime_hours*0.99 = 0.495 vs delta_time = 0.28792275846004484 (length 21.5 ns) False False
2025-04-08 16:03:18,915 - [MainProcess:141549] mummi_ras.online.simulation:has_computed_enough:352 - INFO - runtime_hours*0.99 = 0.495 vs delta_time = 0.28847932510905794 (length 21.5 ns) False False
2025-04-08 16:03:20,919 - [MainProcess:141549] mummi_ras.online.simulation:has_computed_enough:352 - INFO - runtime_hours*0.99 = 0.495 vs delta_time = 0.28903589328130086 (length 21.5 ns) False False
2025-04-08 16:03:22,922 - [MainProcess:141549] mummi_ras.online.simulation:has_computed_enough:352 - INFO - runtime_hours*0.99 = 0.495 vs delta_time = 0.28959245608912576 (length 21.5 ns) False False
2025-04-08 16:03:24,926 - [MainProcess:141549] mummi_ras.online.simulation:has_computed_enough:352 - INFO - runtime_hours*0.99 = 0.495 vs delta_time = 0.2901490357849333 (length 21.5 ns) False False
2025-04-08 16:03:26,930 - [MainProcess:141549] mummi_ras.online.simulation:has_computed_enough:352 - INFO - runtime_hours*0.99 = 0.495 vs delta_time = 0.2907055966059367 (length 21.5 ns) False False
2025-04-08 16:03:28,933 - [MainProcess:141549] mummi_ras.online.simulation:has_computed_enough:352 - INFO - runtime_hours*0.99 = 0.495 vs delta_time = 0.2912621589501699 (length 21.5 ns) False False
2025-04-08 16:03:30,937 - [MainProcess:141549] mummi_ras.online.simulation:has_computed_enough:352 - INFO - runtime_hours*0.99 = 0.495 vs delta_time = 0.2918187157313029 (length 21.5 ns) False False
2025-04-08 16:03:32,940 - [MainProcess:141549] mummi_ras.online.simulation:has_computed_enough:352 - INFO - runtime_hours*0.99 = 0.495 vs delta_time = 0.292375269068612 (length 21.5 ns) False False
2025-04-08 16:03:34,944 - [MainProcess:141549] mummi_ras.online.simulation:has_computed_enough:352 - INFO - runtime_hours*0.99 = 0.495 vs delta_time = 0.29293182916111415 (length 21.5 ns) False False
2025-04-08 16:03:36,948 - [MainProcess:141549] mummi_ras.online.simulation:has_computed_enough:352 - INFO - runtime_hours*0.99 = 0.495 vs delta_time = 0.2934883881277508 (length 21.5 ns) False False
2025-04-08 16:03:37,098 - [MainProcess:141549] mummi_ras.online.simulation:get_new_frames:399 - INFO - Getting all frame numbers in trajectory from 44 to 44.
2025-04-08 16:03:37,098 - [MainProcess:141549] mummi_ras.online.cg.cganalysis:run_main_analysis:193 - INFO - Process frame 44
2025-04-08 16:03:37,099 - [MainProcess:141549] mummi_ras.online.cg.cganalysis:processFrame:554 - INFO - Load 45 frames: current frame ID /tmp/mummi/cg/structure_iter00_000000000007-20250408_154533/traj_comp.xtc
2025-04-08 16:03:37,106 - [MainProcess:141549] mummi_ras.online.cg.cganalysis:processFrame:580 - INFO - Frame:    44, Time: 22000.000 ps, Bbox = [0, 181.53903, 0, 181.53903]
2025-04-08 16:03:37,106 - [MainProcess:141549] mummi_ras.online.cg.cganalysis:processFrame:584 - INFO - Lengths of layers: 653 37 493
2025-04-08 16:03:37,166 - [MainProcess:141549] mummi_ras.online.cg.cganalysis:processFrame:765 - INFO - Time for analysis - frameNum 44, time 0.06775021553039551 s
2025-04-08 16:03:39,167 - [MainProcess:141549] mummi_ras.online.simulation:has_computed_enough:352 - INFO - runtime_hours*0.99 = 0.495 vs delta_time = 0.29410480770799846 (length 22.0 ns) False False
2025-04-08 16:03:41,171 - [MainProcess:141549] mummi_ras.online.simulation:has_computed_enough:352 - INFO - runtime_hours*0.99 = 0.495 vs delta_time = 0.29466150045394895 (length 22.0 ns) False False
2025-04-08 16:03:43,175 - [MainProcess:141549] mummi_ras.online.simulation:has_computed_enough:352 - INFO - runtime_hours*0.99 = 0.495 vs delta_time = 0.29521814631091226 (length 22.0 ns) False False
2025-04-08 16:03:45,179 - [MainProcess:141549] mummi_ras.online.simulation:has_computed_enough:352 - INFO - runtime_hours*0.99 = 0.495 vs delta_time = 0.2957747913731469 (length 22.0 ns) False False
2025-04-08 16:03:47,183 - [MainProcess:141549] mummi_ras.online.simulation:has_computed_enough:352 - INFO - runtime_hours*0.99 = 0.495 vs delta_time = 0.29633143179946475 (length 22.0 ns) False False
2025-04-08 16:03:49,187 - [MainProcess:141549] mummi_ras.online.simulation:has_computed_enough:352 - INFO - runtime_hours*0.99 = 0.495 vs delta_time = 0.2968880726231469 (length 22.0 ns) False False
2025-04-08 16:03:51,190 - [MainProcess:141549] mummi_ras.online.simulation:has_computed_enough:352 - INFO - runtime_hours*0.99 = 0.495 vs delta_time = 0.2974447084135479 (length 22.0 ns) False False
2025-04-08 16:03:53,194 - [MainProcess:141549] mummi_ras.online.simulation:has_computed_enough:352 - INFO - runtime_hours*0.99 = 0.495 vs delta_time = 0.29800134897232056 (length 22.0 ns) False False
2025-04-08 16:03:55,198 - [MainProcess:141549] mummi_ras.online.simulation:has_computed_enough:352 - INFO - runtime_hours*0.99 = 0.495 vs delta_time = 0.2985579835706287 (length 22.0 ns) False False
2025-04-08 16:03:57,202 - [MainProcess:141549] mummi_ras.online.simulation:has_computed_enough:352 - INFO - runtime_hours*0.99 = 0.495 vs delta_time = 0.299114621480306 (length 22.0 ns) False False
2025-04-08 16:03:59,206 - [MainProcess:141549] mummi_ras.online.simulation:has_computed_enough:352 - INFO - runtime_hours*0.99 = 0.495 vs delta_time = 0.2996712566084332 (length 22.0 ns) False False
2025-04-08 16:03:59,281 - [MainProcess:141549] mummi_ras.online.simulation:get_new_frames:399 - INFO - Getting all frame numbers in trajectory from 45 to 45.
2025-04-08 16:03:59,281 - [MainProcess:141549] mummi_ras.online.cg.cganalysis:run_main_analysis:193 - INFO - Process frame 45
2025-04-08 16:03:59,281 - [MainProcess:141549] mummi_ras.online.cg.cganalysis:processFrame:554 - INFO - Load 46 frames: current frame ID /tmp/mummi/cg/structure_iter00_000000000007-20250408_154533/traj_comp.xtc
2025-04-08 16:03:59,288 - [MainProcess:141549] mummi_ras.online.cg.cganalysis:processFrame:580 - INFO - Frame:    45, Time: 22500.000 ps, Bbox = [0, 181.63695, 0, 181.63695]
2025-04-08 16:03:59,288 - [MainProcess:141549] mummi_ras.online.cg.cganalysis:processFrame:584 - INFO - Lengths of layers: 650 37 496
2025-04-08 16:03:59,348 - [MainProcess:141549] mummi_ras.online.cg.cganalysis:processFrame:765 - INFO - Time for analysis - frameNum 45, time 0.0666649341583252 s
2025-04-08 16:04:01,348 - [MainProcess:141549] mummi_ras.online.simulation:has_computed_enough:352 - INFO - runtime_hours*0.99 = 0.495 vs delta_time = 0.3002663411034478 (length 22.5 ns) False False
2025-04-08 16:04:03,352 - [MainProcess:141549] mummi_ras.online.simulation:has_computed_enough:352 - INFO - runtime_hours*0.99 = 0.495 vs delta_time = 0.30082294523715974 (length 22.5 ns) False False
2025-04-08 16:04:05,356 - [MainProcess:141549] mummi_ras.online.simulation:has_computed_enough:352 - INFO - runtime_hours*0.99 = 0.495 vs delta_time = 0.30137951605849794 (length 22.5 ns) False False
2025-04-08 16:04:07,359 - [MainProcess:141549] mummi_ras.online.simulation:has_computed_enough:352 - INFO - runtime_hours*0.99 = 0.495 vs delta_time = 0.301936078204049 (length 22.5 ns) False False
2025-04-08 16:04:09,363 - [MainProcess:141549] mummi_ras.online.simulation:has_computed_enough:352 - INFO - runtime_hours*0.99 = 0.495 vs delta_time = 0.3024926367733214 (length 22.5 ns) False False
2025-04-08 16:04:11,367 - [MainProcess:141549] mummi_ras.online.simulation:has_computed_enough:352 - INFO - runtime_hours*0.99 = 0.495 vs delta_time = 0.3030492065350215 (length 22.5 ns) False False
2025-04-08 16:04:13,370 - [MainProcess:141549] mummi_ras.online.simulation:has_computed_enough:352 - INFO - runtime_hours*0.99 = 0.495 vs delta_time = 0.303605774641037 (length 22.5 ns) False False
2025-04-08 16:04:15,374 - [MainProcess:141549] mummi_ras.online.simulation:has_computed_enough:352 - INFO - runtime_hours*0.99 = 0.495 vs delta_time = 0.30416233049498664 (length 22.5 ns) False False
2025-04-08 16:04:17,377 - [MainProcess:141549] mummi_ras.online.simulation:has_computed_enough:352 - INFO - runtime_hours*0.99 = 0.495 vs delta_time = 0.3047188869449827 (length 22.5 ns) False False
2025-04-08 16:04:19,381 - [MainProcess:141549] mummi_ras.online.simulation:has_computed_enough:352 - INFO - runtime_hours*0.99 = 0.495 vs delta_time = 0.30527544339497886 (length 22.5 ns) False False
2025-04-08 16:04:21,385 - [MainProcess:141549] mummi_ras.online.simulation:has_computed_enough:352 - INFO - runtime_hours*0.99 = 0.495 vs delta_time = 0.30583200845453473 (length 22.5 ns) False False
2025-04-08 16:04:23,388 - [MainProcess:141549] mummi_ras.online.simulation:has_computed_enough:352 - INFO - runtime_hours*0.99 = 0.495 vs delta_time = 0.3063885650369856 (length 22.5 ns) False False
2025-04-08 16:04:23,420 - [MainProcess:141549] mummi_ras.online.simulation:get_new_frames:399 - INFO - Getting all frame numbers in trajectory from 46 to 46.
2025-04-08 16:04:23,421 - [MainProcess:141549] mummi_ras.online.cg.cganalysis:run_main_analysis:193 - INFO - Process frame 46
2025-04-08 16:04:23,421 - [MainProcess:141549] mummi_ras.online.cg.cganalysis:processFrame:554 - INFO - Load 47 frames: current frame ID /tmp/mummi/cg/structure_iter00_000000000007-20250408_154533/traj_comp.xtc
2025-04-08 16:04:23,428 - [MainProcess:141549] mummi_ras.online.cg.cganalysis:processFrame:580 - INFO - Frame:    46, Time: 23000.000 ps, Bbox = [0, 181.1438, 0, 181.1438]
2025-04-08 16:04:23,428 - [MainProcess:141549] mummi_ras.online.cg.cganalysis:processFrame:584 - INFO - Lengths of layers: 649 43 491
2025-04-08 16:04:23,488 - [MainProcess:141549] mummi_ras.online.cg.cganalysis:processFrame:765 - INFO - Time for analysis - frameNum 46, time 0.06711030006408691 s
2025-04-08 16:04:25,488 - [MainProcess:141549] mummi_ras.online.simulation:has_computed_enough:352 - INFO - runtime_hours*0.99 = 0.495 vs delta_time = 0.30697183363967473 (length 23.0 ns) False False
2025-04-08 16:04:27,492 - [MainProcess:141549] mummi_ras.online.simulation:has_computed_enough:352 - INFO - runtime_hours*0.99 = 0.495 vs delta_time = 0.3075285147296058 (length 23.0 ns) False False
2025-04-08 16:04:29,496 - [MainProcess:141549] mummi_ras.online.simulation:has_computed_enough:352 - INFO - runtime_hours*0.99 = 0.495 vs delta_time = 0.30808515654669866 (length 23.0 ns) False False
2025-04-08 16:04:31,500 - [MainProcess:141549] mummi_ras.online.simulation:has_computed_enough:352 - INFO - runtime_hours*0.99 = 0.495 vs delta_time = 0.30864179518487717 (length 23.0 ns) False False
2025-04-08 16:04:33,504 - [MainProcess:141549] mummi_ras.online.simulation:has_computed_enough:352 - INFO - runtime_hours*0.99 = 0.495 vs delta_time = 0.3091984305779139 (length 23.0 ns) False False
2025-04-08 16:04:35,508 - [MainProcess:141549] mummi_ras.online.simulation:has_computed_enough:352 - INFO - runtime_hours*0.99 = 0.495 vs delta_time = 0.30975505623552535 (length 23.0 ns) False False
2025-04-08 16:04:37,512 - [MainProcess:141549] mummi_ras.online.simulation:has_computed_enough:352 - INFO - runtime_hours*0.99 = 0.495 vs delta_time = 0.3103116871913274 (length 23.0 ns) False False
2025-04-08 16:04:39,515 - [MainProcess:141549] mummi_ras.online.simulation:has_computed_enough:352 - INFO - runtime_hours*0.99 = 0.495 vs delta_time = 0.3108683182795842 (length 23.0 ns) False False
2025-04-08 16:04:41,519 - [MainProcess:141549] mummi_ras.online.simulation:has_computed_enough:352 - INFO - runtime_hours*0.99 = 0.495 vs delta_time = 0.3114249585734473 (length 23.0 ns) False False
2025-04-08 16:04:43,523 - [MainProcess:141549] mummi_ras.online.simulation:has_computed_enough:352 - INFO - runtime_hours*0.99 = 0.495 vs delta_time = 0.3119815868801541 (length 23.0 ns) False False
2025-04-08 16:04:45,527 - [MainProcess:141549] mummi_ras.online.simulation:has_computed_enough:352 - INFO - runtime_hours*0.99 = 0.495 vs delta_time = 0.31253822611437904 (length 23.0 ns) False False
2025-04-08 16:04:47,531 - [MainProcess:141549] mummi_ras.online.simulation:has_computed_enough:352 - INFO - runtime_hours*0.99 = 0.495 vs delta_time = 0.31309485243426427 (length 23.0 ns) False False
2025-04-08 16:04:47,904 - [MainProcess:141549] mummi_ras.online.simulation:get_new_frames:399 - INFO - Getting all frame numbers in trajectory from 47 to 47.
2025-04-08 16:04:47,904 - [MainProcess:141549] mummi_ras.online.cg.cganalysis:run_main_analysis:193 - INFO - Process frame 47
2025-04-08 16:04:47,904 - [MainProcess:141549] mummi_ras.online.cg.cganalysis:processFrame:554 - INFO - Load 48 frames: current frame ID /tmp/mummi/cg/structure_iter00_000000000007-20250408_154533/traj_comp.xtc
2025-04-08 16:04:47,911 - [MainProcess:141549] mummi_ras.online.cg.cganalysis:processFrame:580 - INFO - Frame:    47, Time: 23500.000 ps, Bbox = [0, 181.41382, 0, 181.41382]
2025-04-08 16:04:47,911 - [MainProcess:141549] mummi_ras.online.cg.cganalysis:processFrame:584 - INFO - Lengths of layers: 653 39 491
2025-04-08 16:04:47,972 - [MainProcess:141549] mummi_ras.online.cg.cganalysis:processFrame:765 - INFO - Time for analysis - frameNum 47, time 0.06758785247802734 s
2025-04-08 16:04:49,972 - [MainProcess:141549] mummi_ras.online.simulation:has_computed_enough:352 - INFO - runtime_hours*0.99 = 0.495 vs delta_time = 0.31377295984162223 (length 23.5 ns) False False
2025-04-08 16:04:51,976 - [MainProcess:141549] mummi_ras.online.simulation:has_computed_enough:352 - INFO - runtime_hours*0.99 = 0.495 vs delta_time = 0.3143295684125688 (length 23.5 ns) False False
2025-04-08 16:04:53,980 - [MainProcess:141549] mummi_ras.online.simulation:has_computed_enough:352 - INFO - runtime_hours*0.99 = 0.495 vs delta_time = 0.31488614506191676 (length 23.5 ns) False False
2025-04-08 16:04:55,983 - [MainProcess:141549] mummi_ras.online.simulation:has_computed_enough:352 - INFO - runtime_hours*0.99 = 0.495 vs delta_time = 0.3154427007171843 (length 23.5 ns) False False
2025-04-08 16:04:57,987 - [MainProcess:141549] mummi_ras.online.simulation:has_computed_enough:352 - INFO - runtime_hours*0.99 = 0.495 vs delta_time = 0.3159992570347256 (length 23.5 ns) False False
2025-04-08 16:04:59,990 - [MainProcess:141549] mummi_ras.online.simulation:has_computed_enough:352 - INFO - runtime_hours*0.99 = 0.495 vs delta_time = 0.3165558091799418 (length 23.5 ns) False False
2025-04-08 16:05:01,994 - [MainProcess:141549] mummi_ras.online.simulation:has_computed_enough:352 - INFO - runtime_hours*0.99 = 0.495 vs delta_time = 0.317112370663219 (length 23.5 ns) False False
2025-04-08 16:05:03,998 - [MainProcess:141549] mummi_ras.online.simulation:has_computed_enough:352 - INFO - runtime_hours*0.99 = 0.495 vs delta_time = 0.31766892075538633 (length 23.5 ns) False False
2025-04-08 16:05:06,001 - [MainProcess:141549] mummi_ras.online.simulation:has_computed_enough:352 - INFO - runtime_hours*0.99 = 0.495 vs delta_time = 0.3182254877355364 (length 23.5 ns) False False
2025-04-08 16:05:08,005 - [MainProcess:141549] mummi_ras.online.simulation:has_computed_enough:352 - INFO - runtime_hours*0.99 = 0.495 vs delta_time = 0.3187820411390728 (length 23.5 ns) False False
2025-04-08 16:05:10,008 - [MainProcess:141549] mummi_ras.online.simulation:has_computed_enough:352 - INFO - runtime_hours*0.99 = 0.495 vs delta_time = 0.31933860262235003 (length 23.5 ns) False False
2025-04-08 16:05:12,012 - [MainProcess:141549] mummi_ras.online.simulation:has_computed_enough:352 - INFO - runtime_hours*0.99 = 0.495 vs delta_time = 0.31989516735076906 (length 23.5 ns) False False
2025-04-08 16:05:12,096 - [MainProcess:141549] mummi_ras.online.simulation:get_new_frames:399 - INFO - Getting all frame numbers in trajectory from 48 to 48.
2025-04-08 16:05:12,096 - [MainProcess:141549] mummi_ras.online.cg.cganalysis:run_main_analysis:193 - INFO - Process frame 48
2025-04-08 16:05:12,096 - [MainProcess:141549] mummi_ras.online.cg.cganalysis:processFrame:554 - INFO - Load 49 frames: current frame ID /tmp/mummi/cg/structure_iter00_000000000007-20250408_154533/traj_comp.xtc
2025-04-08 16:05:12,103 - [MainProcess:141549] mummi_ras.online.cg.cganalysis:processFrame:580 - INFO - Frame:    48, Time: 24000.000 ps, Bbox = [0, 181.10963, 0, 181.10963]
2025-04-08 16:05:12,104 - [MainProcess:141549] mummi_ras.online.cg.cganalysis:processFrame:584 - INFO - Lengths of layers: 655 33 495
2025-04-08 16:05:12,163 - [MainProcess:141549] mummi_ras.online.cg.cganalysis:processFrame:765 - INFO - Time for analysis - frameNum 48, time 0.06695270538330078 s
2025-04-08 16:05:14,164 - [MainProcess:141549] mummi_ras.online.simulation:has_computed_enough:352 - INFO - runtime_hours*0.99 = 0.495 vs delta_time = 0.32049283418390484 (length 24.0 ns) False False
2025-04-08 16:05:16,168 - [MainProcess:141549] mummi_ras.online.simulation:has_computed_enough:352 - INFO - runtime_hours*0.99 = 0.495 vs delta_time = 0.32104950851864283 (length 24.0 ns) False False
2025-04-08 16:05:18,172 - [MainProcess:141549] mummi_ras.online.simulation:has_computed_enough:352 - INFO - runtime_hours*0.99 = 0.495 vs delta_time = 0.32160615934265985 (length 24.0 ns) False False
2025-04-08 16:05:20,176 - [MainProcess:141549] mummi_ras.online.simulation:has_computed_enough:352 - INFO - runtime_hours*0.99 = 0.495 vs delta_time = 0.3221627879805035 (length 24.0 ns) False False
2025-04-08 16:05:22,179 - [MainProcess:141549] mummi_ras.online.simulation:has_computed_enough:352 - INFO - runtime_hours*0.99 = 0.495 vs delta_time = 0.32271943052609764 (length 24.0 ns) False False
2025-04-08 16:05:24,183 - [MainProcess:141549] mummi_ras.online.simulation:has_computed_enough:352 - INFO - runtime_hours*0.99 = 0.495 vs delta_time = 0.3232760688993666 (length 24.0 ns) False False
2025-04-08 16:05:26,187 - [MainProcess:141549] mummi_ras.online.simulation:has_computed_enough:352 - INFO - runtime_hours*0.99 = 0.495 vs delta_time = 0.32383271018664045 (length 24.0 ns) False False
2025-04-08 16:05:28,191 - [MainProcess:141549] mummi_ras.online.simulation:has_computed_enough:352 - INFO - runtime_hours*0.99 = 0.495 vs delta_time = 0.3243893505467309 (length 24.0 ns) False False
2025-04-08 16:05:30,195 - [MainProcess:141549] mummi_ras.online.simulation:has_computed_enough:352 - INFO - runtime_hours*0.99 = 0.495 vs delta_time = 0.32494598792658913 (length 24.0 ns) False False
2025-04-08 16:05:32,199 - [MainProcess:141549] mummi_ras.online.simulation:has_computed_enough:352 - INFO - runtime_hours*0.99 = 0.495 vs delta_time = 0.32550261828634475 (length 24.0 ns) False False
2025-04-08 16:05:34,203 - [MainProcess:141549] mummi_ras.online.simulation:has_computed_enough:352 - INFO - runtime_hours*0.99 = 0.495 vs delta_time = 0.32605925612979464 (length 24.0 ns) False False
2025-04-08 16:05:36,207 - [MainProcess:141549] mummi_ras.online.simulation:has_computed_enough:352 - INFO - runtime_hours*0.99 = 0.495 vs delta_time = 0.32661589311228856 (length 24.0 ns) False False
2025-04-08 16:05:36,238 - [MainProcess:141549] mummi_ras.online.simulation:get_new_frames:399 - INFO - Getting all frame numbers in trajectory from 49 to 49.
2025-04-08 16:05:36,239 - [MainProcess:141549] mummi_ras.online.cg.cganalysis:run_main_analysis:193 - INFO - Process frame 49
2025-04-08 16:05:36,239 - [MainProcess:141549] mummi_ras.online.cg.cganalysis:processFrame:554 - INFO - Load 50 frames: current frame ID /tmp/mummi/cg/structure_iter00_000000000007-20250408_154533/traj_comp.xtc
2025-04-08 16:05:36,245 - [MainProcess:141549] mummi_ras.online.cg.cganalysis:processFrame:580 - INFO - Frame:    49, Time: 24500.000 ps, Bbox = [0, 180.91286, 0, 180.91286]
2025-04-08 16:05:36,246 - [MainProcess:141549] mummi_ras.online.cg.cganalysis:processFrame:584 - INFO - Lengths of layers: 654 39 490
2025-04-08 16:05:36,306 - [MainProcess:141549] mummi_ras.online.cg.cganalysis:processFrame:765 - INFO - Time for analysis - frameNum 49, time 0.06702804565429688 s
2025-04-08 16:05:38,306 - [MainProcess:141549] mummi_ras.online.simulation:has_computed_enough:352 - INFO - runtime_hours*0.99 = 0.495 vs delta_time = 0.32719908707671697 (length 24.5 ns) False False
2025-04-08 16:05:38,310 - [MainProcess:141549] mummi_ras.online.cg.cganalysis:processOutput:92 - INFO - Add feedback for frameNum 40 - state []
2025-04-08 16:05:38,310 - [MainProcess:141549] mummi_ras.online.cg.cganalysis:processOutput:92 - INFO - Add feedback for frameNum 41 - state []
2025-04-08 16:05:38,310 - [MainProcess:141549] mummi_ras.online.cg.cganalysis:processOutput:92 - INFO - Add feedback for frameNum 42 - state []
2025-04-08 16:05:38,310 - [MainProcess:141549] mummi_ras.online.cg.cganalysis:processOutput:92 - INFO - Add feedback for frameNum 43 - state []
2025-04-08 16:05:38,310 - [MainProcess:141549] mummi_ras.online.cg.cganalysis:processOutput:92 - INFO - Add feedback for frameNum 44 - state []
2025-04-08 16:05:38,310 - [MainProcess:141549] mummi_ras.online.cg.cganalysis:processOutput:92 - INFO - Add feedback for frameNum 45 - state []
2025-04-08 16:05:38,311 - [MainProcess:141549] mummi_ras.online.cg.cganalysis:processOutput:92 - INFO - Add feedback for frameNum 46 - state []
2025-04-08 16:05:38,311 - [MainProcess:141549] mummi_ras.online.cg.cganalysis:processOutput:92 - INFO - Add feedback for frameNum 47 - state []
2025-04-08 16:05:38,311 - [MainProcess:141549] mummi_ras.online.cg.cganalysis:processOutput:92 - INFO - Add feedback for frameNum 48 - state []
2025-04-08 16:05:38,311 - [MainProcess:141549] mummi_ras.online.cg.cganalysis:processOutput:92 - INFO - Add feedback for frameNum 49 - state []
2025-04-08 16:05:38,321 - [MainProcess:141549] mummi_core.interfaces.simple:_save_files:91 - INFO - Wrote 10 files to (/p/gpfs1/pottier1/minimummi-sc25/roots/root1/feedback-cg2ml/007)
2025-04-08 16:05:38,321 - [MainProcess:141549] mummi_ras.feedback.feedback_manager_cg2ml:report:118 - INFO - Added 10 frames (from structure_iter00_000000000007) to feedback (/p/gpfs1/pottier1/minimummi-sc25/roots/root1/feedback-cg2ml)
2025-04-08 16:05:38,321 - [MainProcess:141549] mummi_ras.online.cg.cganalysis:processOutput:112 - INFO - processOutput: 49
2025-04-08 16:05:38,321 - [MainProcess:141549] mummi_ras.online.cg.cganalysis:copyRemoteRestart:452 - INFO - Copy to remote frames [40, 41, 42, 43, 44, 45, 46, 47, 48, 49]
2025-04-08 16:05:38,452 - [MainProcess:141549] mummi_core.utils.utilities:sys_call:184 - INFO - Run command: rsync -va --no-g traj_comp.xtc topol.tpr state.cpt ener.edr md.log mdrun.log /p/gpfs1/pottier1/minimummi-sc25/roots/root1/sims-cg/structure_iter00_000000000007 || true
2025-04-08 16:05:38,869 - [MainProcess:141549] mummi_ras.interfaces.mummi:save_analysis_data:253 - INFO - Saved all analysis data for frames [40, 41, 42, 43, 44, 45, 46, 47, 48, 49]
2025-04-08 16:05:38,869 - [MainProcess:141549] mummi_ras.online.cg.cganalysis:copyRemoteLogs:350 - INFO - Copy over log files
2025-04-08 16:05:38,895 - [MainProcess:141549] mummi_core.utils.utilities:sys_call:184 - INFO - Run command: cp -r  /tmp/mummi/cg/structure_iter00_000000000007-20250408_154533/cg_analysis.out /tmp/mummi/cg/structure_iter00_000000000007-20250408_154533/traj_comp.xtc /tmp/mummi/cg/structure_iter00_000000000007-20250408_154533/*.log /p/gpfs1/pottier1/minimummi-sc25/roots/root1/sims-cg/structure_iter00_000000000007/ || true
2025-04-08 16:05:38,896 - [MainProcess:141549] mummi_ras.online.cg.cganalysis:copyRemoteLogs:365 - INFO - copyRemoteLogs =  /tmp/mummi/cg/structure_iter00_000000000007-20250408_154533/cg_analysis.out /tmp/mummi/cg/structure_iter00_000000000007-20250408_154533/traj_comp.xtc /tmp/mummi/cg/structure_iter00_000000000007-20250408_154533/*.log
2025-04-08 16:05:38,896 - [MainProcess:141549] mummi_ras.online.cg.cganalysis:cleanupLocal:375 - WARNING - Copy cleanup local only works for ddcMD files
2025-04-08 16:05:40,896 - [MainProcess:141549] mummi_ras.online.simulation:has_computed_enough:352 - INFO - runtime_hours*0.99 = 0.495 vs delta_time = 0.32791843785179986 (length 24.5 ns) False False
2025-04-08 16:05:42,900 - [MainProcess:141549] mummi_ras.online.simulation:has_computed_enough:352 - INFO - runtime_hours*0.99 = 0.495 vs delta_time = 0.32847503668732114 (length 24.5 ns) False False
2025-04-08 16:05:44,903 - [MainProcess:141549] mummi_ras.online.simulation:has_computed_enough:352 - INFO - runtime_hours*0.99 = 0.495 vs delta_time = 0.3290316085682975 (length 24.5 ns) False False
2025-04-08 16:05:46,907 - [MainProcess:141549] mummi_ras.online.simulation:has_computed_enough:352 - INFO - runtime_hours*0.99 = 0.495 vs delta_time = 0.3295881691243913 (length 24.5 ns) False False
2025-04-08 16:05:48,911 - [MainProcess:141549] mummi_ras.online.simulation:has_computed_enough:352 - INFO - runtime_hours*0.99 = 0.495 vs delta_time = 0.33014473921722837 (length 24.5 ns) False False
2025-04-08 16:05:50,914 - [MainProcess:141549] mummi_ras.online.simulation:has_computed_enough:352 - INFO - runtime_hours*0.99 = 0.495 vs delta_time = 0.3307013099061118 (length 24.5 ns) False False
2025-04-08 16:05:52,918 - [MainProcess:141549] mummi_ras.online.simulation:has_computed_enough:352 - INFO - runtime_hours*0.99 = 0.495 vs delta_time = 0.33125786589251627 (length 24.5 ns) False False
2025-04-08 16:05:54,922 - [MainProcess:141549] mummi_ras.online.simulation:has_computed_enough:352 - INFO - runtime_hours*0.99 = 0.495 vs delta_time = 0.33181445055537756 (length 24.5 ns) False False
2025-04-08 16:05:56,925 - [MainProcess:141549] mummi_ras.online.simulation:has_computed_enough:352 - INFO - runtime_hours*0.99 = 0.495 vs delta_time = 0.3323710293902291 (length 24.5 ns) False False
2025-04-08 16:05:58,929 - [MainProcess:141549] mummi_ras.online.simulation:has_computed_enough:352 - INFO - runtime_hours*0.99 = 0.495 vs delta_time = 0.3329275945822398 (length 24.5 ns) False False
2025-04-08 16:06:00,932 - [MainProcess:141549] mummi_ras.online.simulation:has_computed_enough:352 - INFO - runtime_hours*0.99 = 0.495 vs delta_time = 0.33348416017161475 (length 24.5 ns) False False
2025-04-08 16:06:01,068 - [MainProcess:141549] mummi_ras.online.simulation:get_new_frames:399 - INFO - Getting all frame numbers in trajectory from 50 to 50.
2025-04-08 16:06:01,068 - [MainProcess:141549] mummi_ras.online.cg.cganalysis:run_main_analysis:193 - INFO - Process frame 50
2025-04-08 16:06:01,068 - [MainProcess:141549] mummi_ras.online.cg.cganalysis:processFrame:554 - INFO - Load 51 frames: current frame ID /tmp/mummi/cg/structure_iter00_000000000007-20250408_154533/traj_comp.xtc
2025-04-08 16:06:01,075 - [MainProcess:141549] mummi_ras.online.cg.cganalysis:processFrame:580 - INFO - Frame:    50, Time: 25000.000 ps, Bbox = [0, 180.7909, 0, 180.7909]
2025-04-08 16:06:01,075 - [MainProcess:141549] mummi_ras.online.cg.cganalysis:processFrame:584 - INFO - Lengths of layers: 654 36 493
2025-04-08 16:06:01,138 - [MainProcess:141549] mummi_ras.online.cg.cganalysis:processFrame:765 - INFO - Time for analysis - frameNum 50, time 0.06995677947998047 s
2025-04-08 16:06:03,139 - [MainProcess:141549] mummi_ras.online.simulation:has_computed_enough:352 - INFO - runtime_hours*0.99 = 0.495 vs delta_time = 0.33409701387087504 (length 25.0 ns) False False
2025-04-08 16:06:05,143 - [MainProcess:141549] mummi_ras.online.simulation:has_computed_enough:352 - INFO - runtime_hours*0.99 = 0.495 vs delta_time = 0.3346536340316137 (length 25.0 ns) False False
2025-04-08 16:06:07,146 - [MainProcess:141549] mummi_ras.online.simulation:has_computed_enough:352 - INFO - runtime_hours*0.99 = 0.495 vs delta_time = 0.3352101993560791 (length 25.0 ns) False False
2025-04-08 16:06:09,150 - [MainProcess:141549] mummi_ras.online.simulation:has_computed_enough:352 - INFO - runtime_hours*0.99 = 0.495 vs delta_time = 0.33576677660147347 (length 25.0 ns) False False
2025-04-08 16:06:11,154 - [MainProcess:141549] mummi_ras.online.simulation:has_computed_enough:352 - INFO - runtime_hours*0.99 = 0.495 vs delta_time = 0.336323338482115 (length 25.0 ns) False False
2025-04-08 16:06:13,157 - [MainProcess:141549] mummi_ras.online.simulation:has_computed_enough:352 - INFO - runtime_hours*0.99 = 0.495 vs delta_time = 0.33687990453508165 (length 25.0 ns) False False
2025-04-08 16:06:15,161 - [MainProcess:141549] mummi_ras.online.simulation:has_computed_enough:352 - INFO - runtime_hours*0.99 = 0.495 vs delta_time = 0.3374364631705814 (length 25.0 ns) False False
2025-04-08 16:06:17,164 - [MainProcess:141549] mummi_ras.online.simulation:has_computed_enough:352 - INFO - runtime_hours*0.99 = 0.495 vs delta_time = 0.33799301975303225 (length 25.0 ns) False False
2025-04-08 16:06:19,168 - [MainProcess:141549] mummi_ras.online.simulation:has_computed_enough:352 - INFO - runtime_hours*0.99 = 0.495 vs delta_time = 0.33854957958062487 (length 25.0 ns) False False
2025-04-08 16:06:21,172 - [MainProcess:141549] mummi_ras.online.simulation:has_computed_enough:352 - INFO - runtime_hours*0.99 = 0.495 vs delta_time = 0.33910614285204144 (length 25.0 ns) False False
2025-04-08 16:06:23,175 - [MainProcess:141549] mummi_ras.online.simulation:has_computed_enough:352 - INFO - runtime_hours*0.99 = 0.495 vs delta_time = 0.3396626998318566 (length 25.0 ns) False False
2025-04-08 16:06:23,262 - [MainProcess:141549] mummi_ras.online.simulation:get_new_frames:399 - INFO - Getting all frame numbers in trajectory from 51 to 51.
2025-04-08 16:06:23,263 - [MainProcess:141549] mummi_ras.online.cg.cganalysis:run_main_analysis:193 - INFO - Process frame 51
2025-04-08 16:06:23,263 - [MainProcess:141549] mummi_ras.online.cg.cganalysis:processFrame:554 - INFO - Load 52 frames: current frame ID /tmp/mummi/cg/structure_iter00_000000000007-20250408_154533/traj_comp.xtc
2025-04-08 16:06:23,269 - [MainProcess:141549] mummi_ras.online.cg.cganalysis:processFrame:580 - INFO - Frame:    51, Time: 25500.000 ps, Bbox = [0, 180.62885, 0, 180.62885]
2025-04-08 16:06:23,270 - [MainProcess:141549] mummi_ras.online.cg.cganalysis:processFrame:584 - INFO - Lengths of layers: 655 30 498
2025-04-08 16:06:23,330 - [MainProcess:141549] mummi_ras.online.cg.cganalysis:processFrame:765 - INFO - Time for analysis - frameNum 51, time 0.06758737564086914 s
2025-04-08 16:06:25,331 - [MainProcess:141549] mummi_ras.online.simulation:has_computed_enough:352 - INFO - runtime_hours*0.99 = 0.495 vs delta_time = 0.34026146855619216 (length 25.5 ns) False False
2025-04-08 16:06:27,335 - [MainProcess:141549] mummi_ras.online.simulation:has_computed_enough:352 - INFO - runtime_hours*0.99 = 0.495 vs delta_time = 0.340818076994684 (length 25.5 ns) False False
2025-04-08 16:06:29,338 - [MainProcess:141549] mummi_ras.online.simulation:has_computed_enough:352 - INFO - runtime_hours*0.99 = 0.495 vs delta_time = 0.34137465251816645 (length 25.5 ns) False False
2025-04-08 16:06:31,342 - [MainProcess:141549] mummi_ras.online.simulation:has_computed_enough:352 - INFO - runtime_hours*0.99 = 0.495 vs delta_time = 0.34193122208118437 (length 25.5 ns) False False
2025-04-08 16:06:33,346 - [MainProcess:141549] mummi_ras.online.simulation:has_computed_enough:352 - INFO - runtime_hours*0.99 = 0.495 vs delta_time = 0.3424877871407403 (length 25.5 ns) False False
2025-04-08 16:06:35,349 - [MainProcess:141549] mummi_ras.online.simulation:has_computed_enough:352 - INFO - runtime_hours*0.99 = 0.495 vs delta_time = 0.34304434339205425 (length 25.5 ns) False False
2025-04-08 16:06:37,353 - [MainProcess:141549] mummi_ras.online.simulation:has_computed_enough:352 - INFO - runtime_hours*0.99 = 0.495 vs delta_time = 0.343600901166598 (length 25.5 ns) False False
2025-04-08 16:06:39,356 - [MainProcess:141549] mummi_ras.online.simulation:has_computed_enough:352 - INFO - runtime_hours*0.99 = 0.495 vs delta_time = 0.34415745695432026 (length 25.5 ns) False False
2025-04-08 16:06:41,360 - [MainProcess:141549] mummi_ras.online.simulation:has_computed_enough:352 - INFO - runtime_hours*0.99 = 0.495 vs delta_time = 0.3447140277756585 (length 25.5 ns) False False
2025-04-08 16:06:43,364 - [MainProcess:141549] mummi_ras.online.simulation:has_computed_enough:352 - INFO - runtime_hours*0.99 = 0.495 vs delta_time = 0.3452705819076962 (length 25.5 ns) False False
2025-04-08 16:06:45,367 - [MainProcess:141549] mummi_ras.online.simulation:has_computed_enough:352 - INFO - runtime_hours*0.99 = 0.495 vs delta_time = 0.34582714564270445 (length 25.5 ns) False False
2025-04-08 16:06:47,371 - [MainProcess:141549] mummi_ras.online.simulation:has_computed_enough:352 - INFO - runtime_hours*0.99 = 0.495 vs delta_time = 0.346383701827791 (length 25.5 ns) False False
2025-04-08 16:06:47,403 - [MainProcess:141549] mummi_ras.online.simulation:get_new_frames:399 - INFO - Getting all frame numbers in trajectory from 52 to 52.
2025-04-08 16:06:47,403 - [MainProcess:141549] mummi_ras.online.cg.cganalysis:run_main_analysis:193 - INFO - Process frame 52
2025-04-08 16:06:47,403 - [MainProcess:141549] mummi_ras.online.cg.cganalysis:processFrame:554 - INFO - Load 53 frames: current frame ID /tmp/mummi/cg/structure_iter00_000000000007-20250408_154533/traj_comp.xtc
2025-04-08 16:06:47,410 - [MainProcess:141549] mummi_ras.online.cg.cganalysis:processFrame:580 - INFO - Frame:    52, Time: 26000.000 ps, Bbox = [0, 181.29839, 0, 181.29839]
2025-04-08 16:06:47,410 - [MainProcess:141549] mummi_ras.online.cg.cganalysis:processFrame:584 - INFO - Lengths of layers: 655 30 498
2025-04-08 16:06:47,471 - [MainProcess:141549] mummi_ras.online.cg.cganalysis:processFrame:765 - INFO - Time for analysis - frameNum 52, time 0.06763672828674316 s
2025-04-08 16:06:49,471 - [MainProcess:141549] mummi_ras.online.simulation:has_computed_enough:352 - INFO - runtime_hours*0.99 = 0.495 vs delta_time = 0.3469671205017302 (length 26.0 ns) False False
2025-04-08 16:06:51,475 - [MainProcess:141549] mummi_ras.online.simulation:has_computed_enough:352 - INFO - runtime_hours*0.99 = 0.495 vs delta_time = 0.3475238103336758 (length 26.0 ns) False False
2025-04-08 16:06:53,479 - [MainProcess:141549] mummi_ras.online.simulation:has_computed_enough:352 - INFO - runtime_hours*0.99 = 0.495 vs delta_time = 0.34808046804534065 (length 26.0 ns) False False
2025-04-08 16:06:55,483 - [MainProcess:141549] mummi_ras.online.simulation:has_computed_enough:352 - INFO - runtime_hours*0.99 = 0.495 vs delta_time = 0.3486371063523822 (length 26.0 ns) False False
2025-04-08 16:06:57,487 - [MainProcess:141549] mummi_ras.online.simulation:has_computed_enough:352 - INFO - runtime_hours*0.99 = 0.495 vs delta_time = 0.3491937429375119 (length 26.0 ns) False False
2025-04-08 16:06:59,491 - [MainProcess:141549] mummi_ras.online.simulation:has_computed_enough:352 - INFO - runtime_hours*0.99 = 0.495 vs delta_time = 0.3497503815756904 (length 26.0 ns) False False
2025-04-08 16:07:01,495 - [MainProcess:141549] mummi_ras.online.simulation:has_computed_enough:352 - INFO - runtime_hours*0.99 = 0.495 vs delta_time = 0.3503070334593455 (length 26.0 ns) False False
2025-04-08 16:07:03,499 - [MainProcess:141549] mummi_ras.online.simulation:has_computed_enough:352 - INFO - runtime_hours*0.99 = 0.495 vs delta_time = 0.35086366686556075 (length 26.0 ns) False False
2025-04-08 16:07:05,503 - [MainProcess:141549] mummi_ras.online.simulation:has_computed_enough:352 - INFO - runtime_hours*0.99 = 0.495 vs delta_time = 0.35142030855019885 (length 26.0 ns) False False
2025-04-08 16:07:07,507 - [MainProcess:141549] mummi_ras.online.simulation:has_computed_enough:352 - INFO - runtime_hours*0.99 = 0.495 vs delta_time = 0.3519769455326928 (length 26.0 ns) False False
2025-04-08 16:07:09,510 - [MainProcess:141549] mummi_ras.online.simulation:has_computed_enough:352 - INFO - runtime_hours*0.99 = 0.495 vs delta_time = 0.3525335896015167 (length 26.0 ns) False False
2025-04-08 16:07:11,514 - [MainProcess:141549] mummi_ras.online.simulation:has_computed_enough:352 - INFO - runtime_hours*0.99 = 0.495 vs delta_time = 0.35309023592207167 (length 26.0 ns) False False
2025-04-08 16:07:11,680 - [MainProcess:141549] mummi_ras.online.simulation:get_new_frames:399 - INFO - Getting all frame numbers in trajectory from 53 to 53.
2025-04-08 16:07:11,681 - [MainProcess:141549] mummi_ras.online.cg.cganalysis:run_main_analysis:193 - INFO - Process frame 53
2025-04-08 16:07:11,681 - [MainProcess:141549] mummi_ras.online.cg.cganalysis:processFrame:554 - INFO - Load 54 frames: current frame ID /tmp/mummi/cg/structure_iter00_000000000007-20250408_154533/traj_comp.xtc
2025-04-08 16:07:11,687 - [MainProcess:141549] mummi_ras.online.cg.cganalysis:processFrame:580 - INFO - Frame:    53, Time: 26500.000 ps, Bbox = [0, 181.04626, 0, 181.04626]
2025-04-08 16:07:11,688 - [MainProcess:141549] mummi_ras.online.cg.cganalysis:processFrame:584 - INFO - Lengths of layers: 652 30 501
2025-04-08 16:07:11,747 - [MainProcess:141549] mummi_ras.online.cg.cganalysis:processFrame:765 - INFO - Time for analysis - frameNum 53, time 0.0667417049407959 s
2025-04-08 16:07:13,748 - [MainProcess:141549] mummi_ras.online.simulation:has_computed_enough:352 - INFO - runtime_hours*0.99 = 0.495 vs delta_time = 0.3537106580204434 (length 26.5 ns) False False
2025-04-08 16:07:15,752 - [MainProcess:141549] mummi_ras.online.simulation:has_computed_enough:352 - INFO - runtime_hours*0.99 = 0.495 vs delta_time = 0.3542672644721137 (length 26.5 ns) False False
2025-04-08 16:07:17,755 - [MainProcess:141549] mummi_ras.online.simulation:has_computed_enough:352 - INFO - runtime_hours*0.99 = 0.495 vs delta_time = 0.3548238371478187 (length 26.5 ns) False False
2025-04-08 16:07:19,759 - [MainProcess:141549] mummi_ras.online.simulation:has_computed_enough:352 - INFO - runtime_hours*0.99 = 0.495 vs delta_time = 0.3553803950548172 (length 26.5 ns) False False
2025-04-08 16:07:21,763 - [MainProcess:141549] mummi_ras.online.simulation:has_computed_enough:352 - INFO - runtime_hours*0.99 = 0.495 vs delta_time = 0.35593696183628504 (length 26.5 ns) False False
2025-04-08 16:07:23,766 - [MainProcess:141549] mummi_ras.online.simulation:has_computed_enough:352 - INFO - runtime_hours*0.99 = 0.495 vs delta_time = 0.35649351557095843 (length 26.5 ns) False False
2025-04-08 16:07:25,770 - [MainProcess:141549] mummi_ras.online.simulation:has_computed_enough:352 - INFO - runtime_hours*0.99 = 0.495 vs delta_time = 0.3570500832796097 (length 26.5 ns) False False
2025-04-08 16:07:27,773 - [MainProcess:141549] mummi_ras.online.simulation:has_computed_enough:352 - INFO - runtime_hours*0.99 = 0.495 vs delta_time = 0.3576066337691413 (length 26.5 ns) False False
2025-04-08 16:07:29,777 - [MainProcess:141549] mummi_ras.online.simulation:has_computed_enough:352 - INFO - runtime_hours*0.99 = 0.495 vs delta_time = 0.3581631994247437 (length 26.5 ns) False False
2025-04-08 16:07:31,781 - [MainProcess:141549] mummi_ras.online.simulation:has_computed_enough:352 - INFO - runtime_hours*0.99 = 0.495 vs delta_time = 0.3587197607093387 (length 26.5 ns) False False
2025-04-08 16:07:33,784 - [MainProcess:141549] mummi_ras.online.simulation:has_computed_enough:352 - INFO - runtime_hours*0.99 = 0.495 vs delta_time = 0.3592763222588433 (length 26.5 ns) False False
2025-04-08 16:07:35,788 - [MainProcess:141549] mummi_ras.online.simulation:has_computed_enough:352 - INFO - runtime_hours*0.99 = 0.495 vs delta_time = 0.35983287367555833 (length 26.5 ns) False False
2025-04-08 16:07:35,875 - [MainProcess:141549] mummi_ras.online.simulation:get_new_frames:399 - INFO - Getting all frame numbers in trajectory from 54 to 54.
2025-04-08 16:07:35,876 - [MainProcess:141549] mummi_ras.online.cg.cganalysis:run_main_analysis:193 - INFO - Process frame 54
2025-04-08 16:07:35,876 - [MainProcess:141549] mummi_ras.online.cg.cganalysis:processFrame:554 - INFO - Load 55 frames: current frame ID /tmp/mummi/cg/structure_iter00_000000000007-20250408_154533/traj_comp.xtc
2025-04-08 16:07:35,883 - [MainProcess:141549] mummi_ras.online.cg.cganalysis:processFrame:580 - INFO - Frame:    54, Time: 27000.000 ps, Bbox = [0, 181.88678, 0, 181.88678]
2025-04-08 16:07:35,883 - [MainProcess:141549] mummi_ras.online.cg.cganalysis:processFrame:584 - INFO - Lengths of layers: 646 41 496
2025-04-08 16:07:35,943 - [MainProcess:141549] mummi_ras.online.cg.cganalysis:processFrame:765 - INFO - Time for analysis - frameNum 54, time 0.06714892387390137 s
2025-04-08 16:07:37,943 - [MainProcess:141549] mummi_ras.online.simulation:has_computed_enough:352 - INFO - runtime_hours*0.99 = 0.495 vs delta_time = 0.360431629286872 (length 27.0 ns) False False
2025-04-08 16:07:39,947 - [MainProcess:141549] mummi_ras.online.simulation:has_computed_enough:352 - INFO - runtime_hours*0.99 = 0.495 vs delta_time = 0.3609883008400599 (length 27.0 ns) False False
2025-04-08 16:07:41,951 - [MainProcess:141549] mummi_ras.online.simulation:has_computed_enough:352 - INFO - runtime_hours*0.99 = 0.495 vs delta_time = 0.3615449490149816 (length 27.0 ns) False False
2025-04-08 16:07:43,955 - [MainProcess:141549] mummi_ras.online.simulation:has_computed_enough:352 - INFO - runtime_hours*0.99 = 0.495 vs delta_time = 0.36210157659318715 (length 27.0 ns) False False
2025-04-08 16:07:45,959 - [MainProcess:141549] mummi_ras.online.simulation:has_computed_enough:352 - INFO - runtime_hours*0.99 = 0.495 vs delta_time = 0.36265821946991816 (length 27.0 ns) False False
2025-04-08 16:07:47,963 - [MainProcess:141549] mummi_ras.online.simulation:has_computed_enough:352 - INFO - runtime_hours*0.99 = 0.495 vs delta_time = 0.3632148430744807 (length 27.0 ns) False False
2025-04-08 16:07:49,967 - [MainProcess:141549] mummi_ras.online.simulation:has_computed_enough:352 - INFO - runtime_hours*0.99 = 0.495 vs delta_time = 0.3637714778052436 (length 27.0 ns) False False
2025-04-08 16:07:51,971 - [MainProcess:141549] mummi_ras.online.simulation:has_computed_enough:352 - INFO - runtime_hours*0.99 = 0.495 vs delta_time = 0.3643281118075053 (length 27.0 ns) False False
2025-04-08 16:07:53,975 - [MainProcess:141549] mummi_ras.online.simulation:has_computed_enough:352 - INFO - runtime_hours*0.99 = 0.495 vs delta_time = 0.3648847496509552 (length 27.0 ns) False False
2025-04-08 16:07:55,978 - [MainProcess:141549] mummi_ras.online.simulation:has_computed_enough:352 - INFO - runtime_hours*0.99 = 0.495 vs delta_time = 0.36544137259324394 (length 27.0 ns) False False
2025-04-08 16:07:57,982 - [MainProcess:141549] mummi_ras.online.simulation:has_computed_enough:352 - INFO - runtime_hours*0.99 = 0.495 vs delta_time = 0.3659979972574446 (length 27.0 ns) False False
2025-04-08 16:07:59,986 - [MainProcess:141549] mummi_ras.online.simulation:has_computed_enough:352 - INFO - runtime_hours*0.99 = 0.495 vs delta_time = 0.36655461834536657 (length 27.0 ns) False False
2025-04-08 16:08:00,113 - [MainProcess:141549] mummi_ras.online.simulation:get_new_frames:399 - INFO - Getting all frame numbers in trajectory from 55 to 55.
2025-04-08 16:08:00,113 - [MainProcess:141549] mummi_ras.online.cg.cganalysis:run_main_analysis:193 - INFO - Process frame 55
2025-04-08 16:08:00,113 - [MainProcess:141549] mummi_ras.online.cg.cganalysis:processFrame:554 - INFO - Load 56 frames: current frame ID /tmp/mummi/cg/structure_iter00_000000000007-20250408_154533/traj_comp.xtc
2025-04-08 16:08:00,120 - [MainProcess:141549] mummi_ras.online.cg.cganalysis:processFrame:580 - INFO - Frame:    55, Time: 27500.000 ps, Bbox = [0, 180.85997, 0, 180.85997]
2025-04-08 16:08:00,120 - [MainProcess:141549] mummi_ras.online.cg.cganalysis:processFrame:584 - INFO - Lengths of layers: 649 39 495
2025-04-08 16:08:00,181 - [MainProcess:141549] mummi_ras.online.cg.cganalysis:processFrame:765 - INFO - Time for analysis - frameNum 55, time 0.0676577091217041 s
2025-04-08 16:08:02,181 - [MainProcess:141549] mummi_ras.online.simulation:has_computed_enough:352 - INFO - runtime_hours*0.99 = 0.495 vs delta_time = 0.36716442737314436 (length 27.5 ns) False False
2025-04-08 16:08:04,185 - [MainProcess:141549] mummi_ras.online.simulation:has_computed_enough:352 - INFO - runtime_hours*0.99 = 0.495 vs delta_time = 0.36772103481822543 (length 27.5 ns) False False
2025-04-08 16:08:06,189 - [MainProcess:141549] mummi_ras.online.simulation:has_computed_enough:352 - INFO - runtime_hours*0.99 = 0.495 vs delta_time = 0.368277607427703 (length 27.5 ns) False False
2025-04-08 16:08:08,193 - [MainProcess:141549] mummi_ras.online.simulation:has_computed_enough:352 - INFO - runtime_hours*0.99 = 0.495 vs delta_time = 0.3688341799709532 (length 27.5 ns) False False
2025-04-08 16:08:10,196 - [MainProcess:141549] mummi_ras.online.simulation:has_computed_enough:352 - INFO - runtime_hours*0.99 = 0.495 vs delta_time = 0.36939074377218883 (length 27.5 ns) False False
2025-04-08 16:08:12,200 - [MainProcess:141549] mummi_ras.online.simulation:has_computed_enough:352 - INFO - runtime_hours*0.99 = 0.495 vs delta_time = 0.36994730605019466 (length 27.5 ns) False False
2025-04-08 16:08:14,203 - [MainProcess:141549] mummi_ras.online.simulation:has_computed_enough:352 - INFO - runtime_hours*0.99 = 0.495 vs delta_time = 0.37050387296411724 (length 27.5 ns) False False
2025-04-08 16:08:16,207 - [MainProcess:141549] mummi_ras.online.simulation:has_computed_enough:352 - INFO - runtime_hours*0.99 = 0.495 vs delta_time = 0.37106043577194214 (length 27.5 ns) False False
2025-04-08 16:08:18,211 - [MainProcess:141549] mummi_ras.online.simulation:has_computed_enough:352 - INFO - runtime_hours*0.99 = 0.495 vs delta_time = 0.3716171022918489 (length 27.5 ns) False False
2025-04-08 16:08:20,215 - [MainProcess:141549] mummi_ras.online.simulation:has_computed_enough:352 - INFO - runtime_hours*0.99 = 0.495 vs delta_time = 0.37217367741796703 (length 27.5 ns) False False
2025-04-08 16:08:22,218 - [MainProcess:141549] mummi_ras.online.simulation:has_computed_enough:352 - INFO - runtime_hours*0.99 = 0.495 vs delta_time = 0.37273023433155483 (length 27.5 ns) False False
2025-04-08 16:08:24,222 - [MainProcess:141549] mummi_ras.online.simulation:has_computed_enough:352 - INFO - runtime_hours*0.99 = 0.495 vs delta_time = 0.3732868019077513 (length 27.5 ns) False False
2025-04-08 16:08:24,406 - [MainProcess:141549] mummi_ras.online.simulation:get_new_frames:399 - INFO - Getting all frame numbers in trajectory from 56 to 56.
2025-04-08 16:08:24,406 - [MainProcess:141549] mummi_ras.online.cg.cganalysis:run_main_analysis:193 - INFO - Process frame 56
2025-04-08 16:08:24,406 - [MainProcess:141549] mummi_ras.online.cg.cganalysis:processFrame:554 - INFO - Load 57 frames: current frame ID /tmp/mummi/cg/structure_iter00_000000000007-20250408_154533/traj_comp.xtc
2025-04-08 16:08:24,414 - [MainProcess:141549] mummi_ras.online.cg.cganalysis:processFrame:580 - INFO - Frame:    56, Time: 28000.000 ps, Bbox = [0, 180.1906, 0, 180.1906]
2025-04-08 16:08:24,414 - [MainProcess:141549] mummi_ras.online.cg.cganalysis:processFrame:584 - INFO - Lengths of layers: 652 33 498
2025-04-08 16:08:24,474 - [MainProcess:141549] mummi_ras.online.cg.cganalysis:processFrame:765 - INFO - Time for analysis - frameNum 56, time 0.06745553016662598 s
2025-04-08 16:08:26,474 - [MainProcess:141549] mummi_ras.online.simulation:has_computed_enough:352 - INFO - runtime_hours*0.99 = 0.495 vs delta_time = 0.37391247318850623 (length 28.0 ns) False False
2025-04-08 16:08:28,478 - [MainProcess:141549] mummi_ras.online.simulation:has_computed_enough:352 - INFO - runtime_hours*0.99 = 0.495 vs delta_time = 0.3744691550731659 (length 28.0 ns) False False
2025-04-08 16:08:30,482 - [MainProcess:141549] mummi_ras.online.simulation:has_computed_enough:352 - INFO - runtime_hours*0.99 = 0.495 vs delta_time = 0.375025799870491 (length 28.0 ns) False False
2025-04-08 16:08:32,486 - [MainProcess:141549] mummi_ras.online.simulation:has_computed_enough:352 - INFO - runtime_hours*0.99 = 0.495 vs delta_time = 0.3755824273162418 (length 28.0 ns) False False
2025-04-08 16:08:34,490 - [MainProcess:141549] mummi_ras.online.simulation:has_computed_enough:352 - INFO - runtime_hours*0.99 = 0.495 vs delta_time = 0.3761390659544203 (length 28.0 ns) False False
2025-04-08 16:08:36,494 - [MainProcess:141549] mummi_ras.online.simulation:has_computed_enough:352 - INFO - runtime_hours*0.99 = 0.495 vs delta_time = 0.37669570015536413 (length 28.0 ns) False False
2025-04-08 16:08:38,498 - [MainProcess:141549] mummi_ras.online.simulation:has_computed_enough:352 - INFO - runtime_hours*0.99 = 0.495 vs delta_time = 0.37725234064790936 (length 28.0 ns) False False
2025-04-08 16:08:40,502 - [MainProcess:141549] mummi_ras.online.simulation:has_computed_enough:352 - INFO - runtime_hours*0.99 = 0.495 vs delta_time = 0.3778089751799901 (length 28.0 ns) False False
2025-04-08 16:08:42,506 - [MainProcess:141549] mummi_ras.online.simulation:has_computed_enough:352 - INFO - runtime_hours*0.99 = 0.495 vs delta_time = 0.37836561130152807 (length 28.0 ns) False False
2025-04-08 16:08:44,510 - [MainProcess:141549] mummi_ras.online.simulation:has_computed_enough:352 - INFO - runtime_hours*0.99 = 0.495 vs delta_time = 0.37892224808533986 (length 28.0 ns) False False
2025-04-08 16:08:46,513 - [MainProcess:141549] mummi_ras.online.simulation:has_computed_enough:352 - INFO - runtime_hours*0.99 = 0.495 vs delta_time = 0.3794788832796945 (length 28.0 ns) False False
2025-04-08 16:08:48,517 - [MainProcess:141549] mummi_ras.online.simulation:has_computed_enough:352 - INFO - runtime_hours*0.99 = 0.495 vs delta_time = 0.3800355084737142 (length 28.0 ns) False False
2025-04-08 16:08:48,594 - [MainProcess:141549] mummi_ras.online.simulation:get_new_frames:399 - INFO - Getting all frame numbers in trajectory from 57 to 57.
2025-04-08 16:08:48,594 - [MainProcess:141549] mummi_ras.online.cg.cganalysis:run_main_analysis:193 - INFO - Process frame 57
2025-04-08 16:08:48,594 - [MainProcess:141549] mummi_ras.online.cg.cganalysis:processFrame:554 - INFO - Load 58 frames: current frame ID /tmp/mummi/cg/structure_iter00_000000000007-20250408_154533/traj_comp.xtc
2025-04-08 16:08:48,601 - [MainProcess:141549] mummi_ras.online.cg.cganalysis:processFrame:580 - INFO - Frame:    57, Time: 28500.000 ps, Bbox = [0, 180.9037, 0, 180.9037]
2025-04-08 16:08:48,601 - [MainProcess:141549] mummi_ras.online.cg.cganalysis:processFrame:584 - INFO - Lengths of layers: 653 38 492
2025-04-08 16:08:48,661 - [MainProcess:141549] mummi_ras.online.cg.cganalysis:processFrame:765 - INFO - Time for analysis - frameNum 57, time 0.0670013427734375 s
2025-04-08 16:08:50,661 - [MainProcess:141549] mummi_ras.online.simulation:has_computed_enough:352 - INFO - runtime_hours*0.99 = 0.495 vs delta_time = 0.3806311082839966 (length 28.5 ns) False False
2025-04-08 16:08:52,665 - [MainProcess:141549] mummi_ras.online.simulation:has_computed_enough:352 - INFO - runtime_hours*0.99 = 0.495 vs delta_time = 0.3811877142720752 (length 28.5 ns) False False
2025-04-08 16:08:54,669 - [MainProcess:141549] mummi_ras.online.simulation:has_computed_enough:352 - INFO - runtime_hours*0.99 = 0.495 vs delta_time = 0.3817442921797434 (length 28.5 ns) False False
2025-04-08 16:08:56,673 - [MainProcess:141549] mummi_ras.online.simulation:has_computed_enough:352 - INFO - runtime_hours*0.99 = 0.495 vs delta_time = 0.3823008664449056 (length 28.5 ns) False False
2025-04-08 16:08:58,676 - [MainProcess:141549] mummi_ras.online.simulation:has_computed_enough:352 - INFO - runtime_hours*0.99 = 0.495 vs delta_time = 0.3828574330939187 (length 28.5 ns) False False
2025-04-08 16:09:00,680 - [MainProcess:141549] mummi_ras.online.simulation:has_computed_enough:352 - INFO - runtime_hours*0.99 = 0.495 vs delta_time = 0.38341400007406873 (length 28.5 ns) False False
2025-04-08 16:09:02,684 - [MainProcess:141549] mummi_ras.online.simulation:has_computed_enough:352 - INFO - runtime_hours*0.99 = 0.495 vs delta_time = 0.3839705666568544 (length 28.5 ns) False False
2025-04-08 16:09:04,687 - [MainProcess:141549] mummi_ras.online.simulation:has_computed_enough:352 - INFO - runtime_hours*0.99 = 0.495 vs delta_time = 0.3845271305243174 (length 28.5 ns) False False
2025-04-08 16:09:06,691 - [MainProcess:141549] mummi_ras.online.simulation:has_computed_enough:352 - INFO - runtime_hours*0.99 = 0.495 vs delta_time = 0.38508369975619844 (length 28.5 ns) False False
2025-04-08 16:09:08,694 - [MainProcess:141549] mummi_ras.online.simulation:has_computed_enough:352 - INFO - runtime_hours*0.99 = 0.495 vs delta_time = 0.38564026647143895 (length 28.5 ns) False False
2025-04-08 16:09:10,698 - [MainProcess:141549] mummi_ras.online.simulation:has_computed_enough:352 - INFO - runtime_hours*0.99 = 0.495 vs delta_time = 0.3861968316634496 (length 28.5 ns) False False
2025-04-08 16:09:12,702 - [MainProcess:141549] mummi_ras.online.simulation:has_computed_enough:352 - INFO - runtime_hours*0.99 = 0.495 vs delta_time = 0.38675339513354834 (length 28.5 ns) False False
2025-04-08 16:09:12,734 - [MainProcess:141549] mummi_ras.online.simulation:get_new_frames:399 - INFO - Getting all frame numbers in trajectory from 58 to 58.
2025-04-08 16:09:12,734 - [MainProcess:141549] mummi_ras.online.cg.cganalysis:run_main_analysis:193 - INFO - Process frame 58
2025-04-08 16:09:12,734 - [MainProcess:141549] mummi_ras.online.cg.cganalysis:processFrame:554 - INFO - Load 59 frames: current frame ID /tmp/mummi/cg/structure_iter00_000000000007-20250408_154533/traj_comp.xtc
2025-04-08 16:09:12,741 - [MainProcess:141549] mummi_ras.online.cg.cganalysis:processFrame:580 - INFO - Frame:    58, Time: 29000.000 ps, Bbox = [0, 180.7995, 0, 180.7995]
2025-04-08 16:09:12,741 - [MainProcess:141549] mummi_ras.online.cg.cganalysis:processFrame:584 - INFO - Lengths of layers: 651 37 495
2025-04-08 16:09:12,802 - [MainProcess:141549] mummi_ras.online.cg.cganalysis:processFrame:765 - INFO - Time for analysis - frameNum 58, time 0.06750178337097168 s
2025-04-08 16:09:14,802 - [MainProcess:141549] mummi_ras.online.simulation:has_computed_enough:352 - INFO - runtime_hours*0.99 = 0.495 vs delta_time = 0.38733686261706884 (length 29.0 ns) False False
2025-04-08 16:09:16,806 - [MainProcess:141549] mummi_ras.online.simulation:has_computed_enough:352 - INFO - runtime_hours*0.99 = 0.495 vs delta_time = 0.38789354979991914 (length 29.0 ns) False False
2025-04-08 16:09:18,810 - [MainProcess:141549] mummi_ras.online.simulation:has_computed_enough:352 - INFO - runtime_hours*0.99 = 0.495 vs delta_time = 0.38845019982920753 (length 29.0 ns) False False
2025-04-08 16:09:20,814 - [MainProcess:141549] mummi_ras.online.simulation:has_computed_enough:352 - INFO - runtime_hours*0.99 = 0.495 vs delta_time = 0.38900684826903875 (length 29.0 ns) False False
2025-04-08 16:09:22,818 - [MainProcess:141549] mummi_ras.online.simulation:has_computed_enough:352 - INFO - runtime_hours*0.99 = 0.495 vs delta_time = 0.3895634906159507 (length 29.0 ns) False False
2025-04-08 16:09:24,822 - [MainProcess:141549] mummi_ras.online.simulation:has_computed_enough:352 - INFO - runtime_hours*0.99 = 0.495 vs delta_time = 0.3901201444864273 (length 29.0 ns) False False
2025-04-08 16:09:26,826 - [MainProcess:141549] mummi_ras.online.simulation:has_computed_enough:352 - INFO - runtime_hours*0.99 = 0.495 vs delta_time = 0.39067679001225364 (length 29.0 ns) False False
2025-04-08 16:09:28,830 - [MainProcess:141549] mummi_ras.online.simulation:has_computed_enough:352 - INFO - runtime_hours*0.99 = 0.495 vs delta_time = 0.3912334347433514 (length 29.0 ns) False False
2025-04-08 16:09:30,834 - [MainProcess:141549] mummi_ras.online.simulation:has_computed_enough:352 - INFO - runtime_hours*0.99 = 0.495 vs delta_time = 0.39179007947444916 (length 29.0 ns) False False
2025-04-08 16:09:32,838 - [MainProcess:141549] mummi_ras.online.simulation:has_computed_enough:352 - INFO - runtime_hours*0.99 = 0.495 vs delta_time = 0.3923467063903809 (length 29.0 ns) False False
2025-04-08 16:09:34,842 - [MainProcess:141549] mummi_ras.online.simulation:has_computed_enough:352 - INFO - runtime_hours*0.99 = 0.495 vs delta_time = 0.39290334781010944 (length 29.0 ns) False False
2025-04-08 16:09:34,983 - [MainProcess:141549] mummi_ras.online.simulation:get_new_frames:399 - INFO - Getting all frame numbers in trajectory from 59 to 59.
2025-04-08 16:09:34,984 - [MainProcess:141549] mummi_ras.online.cg.cganalysis:run_main_analysis:193 - INFO - Process frame 59
2025-04-08 16:09:34,984 - [MainProcess:141549] mummi_ras.online.cg.cganalysis:processFrame:554 - INFO - Load 60 frames: current frame ID /tmp/mummi/cg/structure_iter00_000000000007-20250408_154533/traj_comp.xtc
2025-04-08 16:09:34,990 - [MainProcess:141549] mummi_ras.online.cg.cganalysis:processFrame:580 - INFO - Frame:    59, Time: 29500.000 ps, Bbox = [0, 180.2752, 0, 180.2752]
2025-04-08 16:09:34,991 - [MainProcess:141549] mummi_ras.online.cg.cganalysis:processFrame:584 - INFO - Lengths of layers: 652 37 494
2025-04-08 16:09:35,051 - [MainProcess:141549] mummi_ras.online.cg.cganalysis:processFrame:765 - INFO - Time for analysis - frameNum 59, time 0.06718015670776367 s
2025-04-08 16:09:37,051 - [MainProcess:141549] mummi_ras.online.simulation:has_computed_enough:352 - INFO - runtime_hours*0.99 = 0.495 vs delta_time = 0.3935171255138185 (length 29.5 ns) False False
2025-04-08 16:09:37,055 - [MainProcess:141549] mummi_ras.online.cg.cganalysis:processOutput:92 - INFO - Add feedback for frameNum 50 - state []
2025-04-08 16:09:37,055 - [MainProcess:141549] mummi_ras.online.cg.cganalysis:processOutput:92 - INFO - Add feedback for frameNum 51 - state []
2025-04-08 16:09:37,055 - [MainProcess:141549] mummi_ras.online.cg.cganalysis:processOutput:92 - INFO - Add feedback for frameNum 52 - state []
2025-04-08 16:09:37,055 - [MainProcess:141549] mummi_ras.online.cg.cganalysis:processOutput:92 - INFO - Add feedback for frameNum 53 - state []
2025-04-08 16:09:37,055 - [MainProcess:141549] mummi_ras.online.cg.cganalysis:processOutput:92 - INFO - Add feedback for frameNum 54 - state []
2025-04-08 16:09:37,055 - [MainProcess:141549] mummi_ras.online.cg.cganalysis:processOutput:92 - INFO - Add feedback for frameNum 55 - state []
2025-04-08 16:09:37,055 - [MainProcess:141549] mummi_ras.online.cg.cganalysis:processOutput:92 - INFO - Add feedback for frameNum 56 - state []
2025-04-08 16:09:37,056 - [MainProcess:141549] mummi_ras.online.cg.cganalysis:processOutput:92 - INFO - Add feedback for frameNum 57 - state []
2025-04-08 16:09:37,056 - [MainProcess:141549] mummi_ras.online.cg.cganalysis:processOutput:92 - INFO - Add feedback for frameNum 58 - state []
2025-04-08 16:09:37,056 - [MainProcess:141549] mummi_ras.online.cg.cganalysis:processOutput:92 - INFO - Add feedback for frameNum 59 - state []
2025-04-08 16:09:38,213 - [MainProcess:141549] mummi_core.interfaces.simple:_save_files:91 - INFO - Wrote 10 files to (/p/gpfs1/pottier1/minimummi-sc25/roots/root1/feedback-cg2ml/007)
2025-04-08 16:09:38,213 - [MainProcess:141549] mummi_ras.feedback.feedback_manager_cg2ml:report:118 - INFO - Added 10 frames (from structure_iter00_000000000007) to feedback (/p/gpfs1/pottier1/minimummi-sc25/roots/root1/feedback-cg2ml)
2025-04-08 16:09:38,214 - [MainProcess:141549] mummi_ras.online.cg.cganalysis:processOutput:112 - INFO - processOutput: 59
2025-04-08 16:09:38,214 - [MainProcess:141549] mummi_ras.online.cg.cganalysis:copyRemoteRestart:452 - INFO - Copy to remote frames [50, 51, 52, 53, 54, 55, 56, 57, 58, 59]
2025-04-08 16:09:38,359 - [MainProcess:141549] mummi_core.utils.utilities:sys_call:184 - INFO - Run command: rsync -va --no-g traj_comp.xtc topol.tpr state.cpt ener.edr md.log mdrun.log /p/gpfs1/pottier1/minimummi-sc25/roots/root1/sims-cg/structure_iter00_000000000007 || true
2025-04-08 16:09:38,778 - [MainProcess:141549] mummi_ras.interfaces.mummi:save_analysis_data:253 - INFO - Saved all analysis data for frames [50, 51, 52, 53, 54, 55, 56, 57, 58, 59]
2025-04-08 16:09:38,779 - [MainProcess:141549] mummi_ras.online.cg.cganalysis:copyRemoteLogs:350 - INFO - Copy over log files
2025-04-08 16:09:38,805 - [MainProcess:141549] mummi_core.utils.utilities:sys_call:184 - INFO - Run command: cp -r  /tmp/mummi/cg/structure_iter00_000000000007-20250408_154533/cg_analysis.out /tmp/mummi/cg/structure_iter00_000000000007-20250408_154533/traj_comp.xtc /tmp/mummi/cg/structure_iter00_000000000007-20250408_154533/*.log /p/gpfs1/pottier1/minimummi-sc25/roots/root1/sims-cg/structure_iter00_000000000007/ || true
2025-04-08 16:09:38,805 - [MainProcess:141549] mummi_ras.online.cg.cganalysis:copyRemoteLogs:365 - INFO - copyRemoteLogs =  /tmp/mummi/cg/structure_iter00_000000000007-20250408_154533/cg_analysis.out /tmp/mummi/cg/structure_iter00_000000000007-20250408_154533/traj_comp.xtc /tmp/mummi/cg/structure_iter00_000000000007-20250408_154533/*.log
2025-04-08 16:09:38,805 - [MainProcess:141549] mummi_ras.online.cg.cganalysis:cleanupLocal:375 - WARNING - Copy cleanup local only works for ddcMD files
2025-04-08 16:09:40,805 - [MainProcess:141549] mummi_ras.online.simulation:has_computed_enough:352 - INFO - runtime_hours*0.99 = 0.495 vs delta_time = 0.3945599681138992 (length 29.5 ns) False False
2025-04-08 16:09:42,809 - [MainProcess:141549] mummi_ras.online.simulation:has_computed_enough:352 - INFO - runtime_hours*0.99 = 0.495 vs delta_time = 0.3951165693336063 (length 29.5 ns) False False
2025-04-08 16:09:44,813 - [MainProcess:141549] mummi_ras.online.simulation:has_computed_enough:352 - INFO - runtime_hours*0.99 = 0.495 vs delta_time = 0.3956731417444017 (length 29.5 ns) False False
2025-04-08 16:09:46,816 - [MainProcess:141549] mummi_ras.online.simulation:has_computed_enough:352 - INFO - runtime_hours*0.99 = 0.495 vs delta_time = 0.39622970547940994 (length 29.5 ns) False False
2025-04-08 16:09:48,820 - [MainProcess:141549] mummi_ras.online.simulation:has_computed_enough:352 - INFO - runtime_hours*0.99 = 0.495 vs delta_time = 0.396786276102066 (length 29.5 ns) False False
2025-04-08 16:09:50,824 - [MainProcess:141549] mummi_ras.online.simulation:has_computed_enough:352 - INFO - runtime_hours*0.99 = 0.495 vs delta_time = 0.39734283957216476 (length 29.5 ns) False False
2025-04-08 16:09:52,827 - [MainProcess:141549] mummi_ras.online.simulation:has_computed_enough:352 - INFO - runtime_hours*0.99 = 0.495 vs delta_time = 0.3978994044330385 (length 29.5 ns) False False
2025-04-08 16:09:54,831 - [MainProcess:141549] mummi_ras.online.simulation:has_computed_enough:352 - INFO - runtime_hours*0.99 = 0.495 vs delta_time = 0.39845597313510045 (length 29.5 ns) False False
2025-04-08 16:09:56,835 - [MainProcess:141549] mummi_ras.online.simulation:has_computed_enough:352 - INFO - runtime_hours*0.99 = 0.495 vs delta_time = 0.39901253627406225 (length 29.5 ns) False False
2025-04-08 16:09:58,838 - [MainProcess:141549] mummi_ras.online.simulation:has_computed_enough:352 - INFO - runtime_hours*0.99 = 0.495 vs delta_time = 0.3995691019296646 (length 29.5 ns) False False
2025-04-08 16:09:58,908 - [MainProcess:141549] mummi_ras.online.simulation:get_new_frames:399 - INFO - Getting all frame numbers in trajectory from 60 to 60.
2025-04-08 16:09:58,908 - [MainProcess:141549] mummi_ras.online.cg.cganalysis:run_main_analysis:193 - INFO - Process frame 60
2025-04-08 16:09:58,908 - [MainProcess:141549] mummi_ras.online.cg.cganalysis:processFrame:554 - INFO - Load 61 frames: current frame ID /tmp/mummi/cg/structure_iter00_000000000007-20250408_154533/traj_comp.xtc
2025-04-08 16:09:58,915 - [MainProcess:141549] mummi_ras.online.cg.cganalysis:processFrame:580 - INFO - Frame:    60, Time: 30000.000 ps, Bbox = [0, 180.21747, 0, 180.21747]
2025-04-08 16:09:58,916 - [MainProcess:141549] mummi_ras.online.cg.cganalysis:processFrame:584 - INFO - Lengths of layers: 654 34 495
2025-04-08 16:09:58,976 - [MainProcess:141549] mummi_ras.online.cg.cganalysis:processFrame:765 - INFO - Time for analysis - frameNum 60, time 0.06763148307800293 s
2025-04-08 16:10:00,976 - [MainProcess:141549] mummi_ras.online.simulation:has_computed_enough:352 - INFO - runtime_hours*0.99 = 0.495 vs delta_time = 0.40016298207971784 (length 30.0 ns) False False
2025-04-08 16:10:02,980 - [MainProcess:141549] mummi_ras.online.simulation:has_computed_enough:352 - INFO - runtime_hours*0.99 = 0.495 vs delta_time = 0.4007196655538347 (length 30.0 ns) False False
2025-04-08 16:10:04,984 - [MainProcess:141549] mummi_ras.online.simulation:has_computed_enough:352 - INFO - runtime_hours*0.99 = 0.495 vs delta_time = 0.4012763133313921 (length 30.0 ns) False False
2025-04-08 16:10:06,988 - [MainProcess:141549] mummi_ras.online.simulation:has_computed_enough:352 - INFO - runtime_hours*0.99 = 0.495 vs delta_time = 0.4018329512410694 (length 30.0 ns) False False
2025-04-08 16:10:08,992 - [MainProcess:141549] mummi_ras.online.simulation:has_computed_enough:352 - INFO - runtime_hours*0.99 = 0.495 vs delta_time = 0.4023895928594801 (length 30.0 ns) False False
2025-04-08 16:10:10,996 - [MainProcess:141549] mummi_ras.online.simulation:has_computed_enough:352 - INFO - runtime_hours*0.99 = 0.495 vs delta_time = 0.40294622474246555 (length 30.0 ns) False False
2025-04-08 16:10:13,000 - [MainProcess:141549] mummi_ras.online.simulation:has_computed_enough:352 - INFO - runtime_hours*0.99 = 0.495 vs delta_time = 0.403502850400077 (length 30.0 ns) False False
2025-04-08 16:10:15,004 - [MainProcess:141549] mummi_ras.online.simulation:has_computed_enough:352 - INFO - runtime_hours*0.99 = 0.495 vs delta_time = 0.40405948062737784 (length 30.0 ns) False False
2025-04-08 16:10:17,008 - [MainProcess:141549] mummi_ras.online.simulation:has_computed_enough:352 - INFO - runtime_hours*0.99 = 0.495 vs delta_time = 0.4046161104573144 (length 30.0 ns) False False
2025-04-08 16:10:19,011 - [MainProcess:141549] mummi_ras.online.simulation:has_computed_enough:352 - INFO - runtime_hours*0.99 = 0.495 vs delta_time = 0.4051727507511775 (length 30.0 ns) False False
2025-04-08 16:10:21,015 - [MainProcess:141549] mummi_ras.online.simulation:has_computed_enough:352 - INFO - runtime_hours*0.99 = 0.495 vs delta_time = 0.40572938872708214 (length 30.0 ns) False False
2025-04-08 16:10:23,019 - [MainProcess:141549] mummi_ras.online.simulation:has_computed_enough:352 - INFO - runtime_hours*0.99 = 0.495 vs delta_time = 0.4062860221332974 (length 30.0 ns) False False
2025-04-08 16:10:23,051 - [MainProcess:141549] mummi_ras.online.simulation:get_new_frames:399 - INFO - Getting all frame numbers in trajectory from 61 to 61.
2025-04-08 16:10:23,051 - [MainProcess:141549] mummi_ras.online.cg.cganalysis:run_main_analysis:193 - INFO - Process frame 61
2025-04-08 16:10:23,051 - [MainProcess:141549] mummi_ras.online.cg.cganalysis:processFrame:554 - INFO - Load 62 frames: current frame ID /tmp/mummi/cg/structure_iter00_000000000007-20250408_154533/traj_comp.xtc
2025-04-08 16:10:23,058 - [MainProcess:141549] mummi_ras.online.cg.cganalysis:processFrame:580 - INFO - Frame:    61, Time: 30500.000 ps, Bbox = [0, 180.12738, 0, 180.12738]
2025-04-08 16:10:23,058 - [MainProcess:141549] mummi_ras.online.cg.cganalysis:processFrame:584 - INFO - Lengths of layers: 652 39 492
2025-04-08 16:10:23,118 - [MainProcess:141549] mummi_ras.online.cg.cganalysis:processFrame:765 - INFO - Time for analysis - frameNum 61, time 0.06694197654724121 s
2025-04-08 16:10:25,118 - [MainProcess:141549] mummi_ras.online.simulation:has_computed_enough:352 - INFO - runtime_hours*0.99 = 0.495 vs delta_time = 0.4068690954314338 (length 30.5 ns) False False
2025-04-08 16:10:27,122 - [MainProcess:141549] mummi_ras.online.simulation:has_computed_enough:352 - INFO - runtime_hours*0.99 = 0.495 vs delta_time = 0.40742570612165663 (length 30.5 ns) False False
2025-04-08 16:10:29,126 - [MainProcess:141549] mummi_ras.online.simulation:has_computed_enough:352 - INFO - runtime_hours*0.99 = 0.495 vs delta_time = 0.40798227939340803 (length 30.5 ns) False False
2025-04-08 16:10:31,129 - [MainProcess:141549] mummi_ras.online.simulation:has_computed_enough:352 - INFO - runtime_hours*0.99 = 0.495 vs delta_time = 0.4085388435920079 (length 30.5 ns) False False
2025-04-08 16:10:33,133 - [MainProcess:141549] mummi_ras.online.simulation:has_computed_enough:352 - INFO - runtime_hours*0.99 = 0.495 vs delta_time = 0.40909541110197706 (length 30.5 ns) False False
2025-04-08 16:10:35,137 - [MainProcess:141549] mummi_ras.online.simulation:has_computed_enough:352 - INFO - runtime_hours*0.99 = 0.495 vs delta_time = 0.4096519719892078 (length 30.5 ns) False False
2025-04-08 16:10:37,140 - [MainProcess:141549] mummi_ras.online.simulation:has_computed_enough:352 - INFO - runtime_hours*0.99 = 0.495 vs delta_time = 0.4102085370487637 (length 30.5 ns) False False
2025-04-08 16:10:39,144 - [MainProcess:141549] mummi_ras.online.simulation:has_computed_enough:352 - INFO - runtime_hours*0.99 = 0.495 vs delta_time = 0.4107650993267695 (length 30.5 ns) False False
2025-04-08 16:10:41,147 - [MainProcess:141549] mummi_ras.online.simulation:has_computed_enough:352 - INFO - runtime_hours*0.99 = 0.495 vs delta_time = 0.4113216640551885 (length 30.5 ns) False False
2025-04-08 16:10:43,151 - [MainProcess:141549] mummi_ras.online.simulation:has_computed_enough:352 - INFO - runtime_hours*0.99 = 0.495 vs delta_time = 0.4118782248099645 (length 30.5 ns) False False
2025-04-08 16:10:45,155 - [MainProcess:141549] mummi_ras.online.simulation:has_computed_enough:352 - INFO - runtime_hours*0.99 = 0.495 vs delta_time = 0.41243478854497273 (length 30.5 ns) False False
2025-04-08 16:10:47,158 - [MainProcess:141549] mummi_ras.online.simulation:has_computed_enough:352 - INFO - runtime_hours*0.99 = 0.495 vs delta_time = 0.4129913471804725 (length 30.5 ns) False False
2025-04-08 16:10:47,570 - [MainProcess:141549] mummi_ras.online.simulation:get_new_frames:399 - INFO - Getting all frame numbers in trajectory from 62 to 62.
2025-04-08 16:10:47,570 - [MainProcess:141549] mummi_ras.online.cg.cganalysis:run_main_analysis:193 - INFO - Process frame 62
2025-04-08 16:10:47,570 - [MainProcess:141549] mummi_ras.online.cg.cganalysis:processFrame:554 - INFO - Load 63 frames: current frame ID /tmp/mummi/cg/structure_iter00_000000000007-20250408_154533/traj_comp.xtc
2025-04-08 16:10:47,577 - [MainProcess:141549] mummi_ras.online.cg.cganalysis:processFrame:580 - INFO - Frame:    62, Time: 31000.000 ps, Bbox = [0, 179.24728, 0, 179.24728]
2025-04-08 16:10:47,578 - [MainProcess:141549] mummi_ras.online.cg.cganalysis:processFrame:584 - INFO - Lengths of layers: 651 39 493
2025-04-08 16:10:47,638 - [MainProcess:141549] mummi_ras.online.cg.cganalysis:processFrame:765 - INFO - Time for analysis - frameNum 62, time 0.06766772270202637 s
2025-04-08 16:10:49,638 - [MainProcess:141549] mummi_ras.online.simulation:has_computed_enough:352 - INFO - runtime_hours*0.99 = 0.495 vs delta_time = 0.4136802399158478 (length 31.0 ns) False False
2025-04-08 16:10:51,642 - [MainProcess:141549] mummi_ras.online.simulation:has_computed_enough:352 - INFO - runtime_hours*0.99 = 0.495 vs delta_time = 0.4142369251118766 (length 31.0 ns) False False
2025-04-08 16:10:53,646 - [MainProcess:141549] mummi_ras.online.simulation:has_computed_enough:352 - INFO - runtime_hours*0.99 = 0.495 vs delta_time = 0.41479356328646344 (length 31.0 ns) False False
2025-04-08 16:10:55,650 - [MainProcess:141549] mummi_ras.online.simulation:has_computed_enough:352 - INFO - runtime_hours*0.99 = 0.495 vs delta_time = 0.41535019192430706 (length 31.0 ns) False False
2025-04-08 16:10:57,654 - [MainProcess:141549] mummi_ras.online.simulation:has_computed_enough:352 - INFO - runtime_hours*0.99 = 0.495 vs delta_time = 0.4159068195025126 (length 31.0 ns) False False
2025-04-08 16:10:59,658 - [MainProcess:141549] mummi_ras.online.simulation:has_computed_enough:352 - INFO - runtime_hours*0.99 = 0.495 vs delta_time = 0.416463446882036 (length 31.0 ns) False False
2025-04-08 16:11:01,662 - [MainProcess:141549] mummi_ras.online.simulation:has_computed_enough:352 - INFO - runtime_hours*0.99 = 0.495 vs delta_time = 0.41702008095052506 (length 31.0 ns) False False
2025-04-08 16:11:03,666 - [MainProcess:141549] mummi_ras.online.simulation:has_computed_enough:352 - INFO - runtime_hours*0.99 = 0.495 vs delta_time = 0.41757670442263284 (length 31.0 ns) False False
2025-04-08 16:11:05,670 - [MainProcess:141549] mummi_ras.online.simulation:has_computed_enough:352 - INFO - runtime_hours*0.99 = 0.495 vs delta_time = 0.41813334107398986 (length 31.0 ns) False False
2025-04-08 16:11:07,673 - [MainProcess:141549] mummi_ras.online.simulation:has_computed_enough:352 - INFO - runtime_hours*0.99 = 0.495 vs delta_time = 0.4186899662680096 (length 31.0 ns) False False
2025-04-08 16:11:09,677 - [MainProcess:141549] mummi_ras.online.simulation:has_computed_enough:352 - INFO - runtime_hours*0.99 = 0.495 vs delta_time = 0.41924660318427615 (length 31.0 ns) False False
2025-04-08 16:11:11,681 - [MainProcess:141549] mummi_ras.online.simulation:has_computed_enough:352 - INFO - runtime_hours*0.99 = 0.495 vs delta_time = 0.4198032461272346 (length 31.0 ns) False False
2025-04-08 16:11:11,754 - [MainProcess:141549] mummi_ras.online.simulation:get_new_frames:399 - INFO - Getting all frame numbers in trajectory from 63 to 63.
2025-04-08 16:11:11,754 - [MainProcess:141549] mummi_ras.online.cg.cganalysis:run_main_analysis:193 - INFO - Process frame 63
2025-04-08 16:11:11,754 - [MainProcess:141549] mummi_ras.online.cg.cganalysis:processFrame:554 - INFO - Load 64 frames: current frame ID /tmp/mummi/cg/structure_iter00_000000000007-20250408_154533/traj_comp.xtc
2025-04-08 16:11:11,761 - [MainProcess:141549] mummi_ras.online.cg.cganalysis:processFrame:580 - INFO - Frame:    63, Time: 31500.000 ps, Bbox = [0, 179.25903, 0, 179.25903]
2025-04-08 16:11:11,761 - [MainProcess:141549] mummi_ras.online.cg.cganalysis:processFrame:584 - INFO - Lengths of layers: 653 37 493
2025-04-08 16:11:11,822 - [MainProcess:141549] mummi_ras.online.cg.cganalysis:processFrame:765 - INFO - Time for analysis - frameNum 63, time 0.06724405288696289 s
2025-04-08 16:11:13,822 - [MainProcess:141549] mummi_ras.online.simulation:has_computed_enough:352 - INFO - runtime_hours*0.99 = 0.495 vs delta_time = 0.4203979708751043 (length 31.5 ns) False False
2025-04-08 16:11:15,826 - [MainProcess:141549] mummi_ras.online.simulation:has_computed_enough:352 - INFO - runtime_hours*0.99 = 0.495 vs delta_time = 0.42095457904868655 (length 31.5 ns) False False
2025-04-08 16:11:17,830 - [MainProcess:141549] mummi_ras.online.simulation:has_computed_enough:352 - INFO - runtime_hours*0.99 = 0.495 vs delta_time = 0.42151114715470206 (length 31.5 ns) False False
2025-04-08 16:11:19,833 - [MainProcess:141549] mummi_ras.online.simulation:has_computed_enough:352 - INFO - runtime_hours*0.99 = 0.495 vs delta_time = 0.42206770492924583 (length 31.5 ns) False False
2025-04-08 16:11:21,837 - [MainProcess:141549] mummi_ras.online.simulation:has_computed_enough:352 - INFO - runtime_hours*0.99 = 0.495 vs delta_time = 0.4226242704523934 (length 31.5 ns) False False
2025-04-08 16:11:23,841 - [MainProcess:141549] mummi_ras.online.simulation:has_computed_enough:352 - INFO - runtime_hours*0.99 = 0.495 vs delta_time = 0.4231808317369885 (length 31.5 ns) False False
2025-04-08 16:11:25,844 - [MainProcess:141549] mummi_ras.online.simulation:has_computed_enough:352 - INFO - runtime_hours*0.99 = 0.495 vs delta_time = 0.42373740375041963 (length 31.5 ns) False False
2025-04-08 16:11:27,848 - [MainProcess:141549] mummi_ras.online.simulation:has_computed_enough:352 - INFO - runtime_hours*0.99 = 0.495 vs delta_time = 0.42429395973682404 (length 31.5 ns) False False
2025-04-08 16:11:29,851 - [MainProcess:141549] mummi_ras.online.simulation:has_computed_enough:352 - INFO - runtime_hours*0.99 = 0.495 vs delta_time = 0.4248505242665609 (length 31.5 ns) False False
2025-04-08 16:11:31,855 - [MainProcess:141549] mummi_ras.online.simulation:has_computed_enough:352 - INFO - runtime_hours*0.99 = 0.495 vs delta_time = 0.42540708508756425 (length 31.5 ns) False False
2025-04-08 16:11:33,859 - [MainProcess:141549] mummi_ras.online.simulation:has_computed_enough:352 - INFO - runtime_hours*0.99 = 0.495 vs delta_time = 0.4259636453787486 (length 31.5 ns) False False
2025-04-08 16:11:35,862 - [MainProcess:141549] mummi_ras.online.simulation:has_computed_enough:352 - INFO - runtime_hours*0.99 = 0.495 vs delta_time = 0.4265201983849208 (length 31.5 ns) False False
2025-04-08 16:11:35,894 - [MainProcess:141549] mummi_ras.online.simulation:get_new_frames:399 - INFO - Getting all frame numbers in trajectory from 64 to 64.
2025-04-08 16:11:35,894 - [MainProcess:141549] mummi_ras.online.cg.cganalysis:run_main_analysis:193 - INFO - Process frame 64
2025-04-08 16:11:35,894 - [MainProcess:141549] mummi_ras.online.cg.cganalysis:processFrame:554 - INFO - Load 65 frames: current frame ID /tmp/mummi/cg/structure_iter00_000000000007-20250408_154533/traj_comp.xtc
2025-04-08 16:11:35,901 - [MainProcess:141549] mummi_ras.online.cg.cganalysis:processFrame:580 - INFO - Frame:    64, Time: 32000.000 ps, Bbox = [0, 179.26537, 0, 179.26537]
2025-04-08 16:11:35,901 - [MainProcess:141549] mummi_ras.online.cg.cganalysis:processFrame:584 - INFO - Lengths of layers: 654 37 492
2025-04-08 16:11:35,961 - [MainProcess:141549] mummi_ras.online.cg.cganalysis:processFrame:765 - INFO - Time for analysis - frameNum 64, time 0.06681561470031738 s
2025-04-08 16:11:37,961 - [MainProcess:141549] mummi_ras.online.simulation:has_computed_enough:352 - INFO - runtime_hours*0.99 = 0.495 vs delta_time = 0.42710332963201736 (length 32.0 ns) False False
2025-04-08 16:11:39,965 - [MainProcess:141549] mummi_ras.online.simulation:has_computed_enough:352 - INFO - runtime_hours*0.99 = 0.495 vs delta_time = 0.42765992959340415 (length 32.0 ns) False False
2025-04-08 16:11:41,969 - [MainProcess:141549] mummi_ras.online.simulation:has_computed_enough:352 - INFO - runtime_hours*0.99 = 0.495 vs delta_time = 0.4282164990239673 (length 32.0 ns) False False
2025-04-08 16:11:43,973 - [MainProcess:141549] mummi_ras.online.simulation:has_computed_enough:352 - INFO - runtime_hours*0.99 = 0.495 vs delta_time = 0.4287730591164695 (length 32.0 ns) False False
2025-04-08 16:11:45,976 - [MainProcess:141549] mummi_ras.online.simulation:has_computed_enough:352 - INFO - runtime_hours*0.99 = 0.495 vs delta_time = 0.4293296279509862 (length 32.0 ns) False False
2025-04-08 16:11:47,980 - [MainProcess:141549] mummi_ras.online.simulation:has_computed_enough:352 - INFO - runtime_hours*0.99 = 0.495 vs delta_time = 0.42988618075847623 (length 32.0 ns) False False
2025-04-08 16:11:49,983 - [MainProcess:141549] mummi_ras.online.simulation:has_computed_enough:352 - INFO - runtime_hours*0.99 = 0.495 vs delta_time = 0.4304427486658096 (length 32.0 ns) False False
2025-04-08 16:11:51,987 - [MainProcess:141549] mummi_ras.online.simulation:has_computed_enough:352 - INFO - runtime_hours*0.99 = 0.495 vs delta_time = 0.4309993086920844 (length 32.0 ns) False False
2025-04-08 16:11:53,991 - [MainProcess:141549] mummi_ras.online.simulation:has_computed_enough:352 - INFO - runtime_hours*0.99 = 0.495 vs delta_time = 0.4315558788511488 (length 32.0 ns) False False
2025-04-08 16:11:55,994 - [MainProcess:141549] mummi_ras.online.simulation:has_computed_enough:352 - INFO - runtime_hours*0.99 = 0.495 vs delta_time = 0.4321124319897758 (length 32.0 ns) False False
2025-04-08 16:11:57,998 - [MainProcess:141549] mummi_ras.online.simulation:has_computed_enough:352 - INFO - runtime_hours*0.99 = 0.495 vs delta_time = 0.4326689831415812 (length 32.0 ns) False False
2025-04-08 16:12:00,001 - [MainProcess:141549] mummi_ras.online.simulation:has_computed_enough:352 - INFO - runtime_hours*0.99 = 0.495 vs delta_time = 0.4332255349556605 (length 32.0 ns) False False
2025-04-08 16:12:01,040 - [MainProcess:141549] mummi_ras.online.simulation:get_new_frames:399 - INFO - Getting all frame numbers in trajectory from 65 to 65.
2025-04-08 16:12:01,040 - [MainProcess:141549] mummi_ras.online.cg.cganalysis:run_main_analysis:193 - INFO - Process frame 65
2025-04-08 16:12:01,040 - [MainProcess:141549] mummi_ras.online.cg.cganalysis:processFrame:554 - INFO - Load 66 frames: current frame ID /tmp/mummi/cg/structure_iter00_000000000007-20250408_154533/traj_comp.xtc
2025-04-08 16:12:01,047 - [MainProcess:141549] mummi_ras.online.cg.cganalysis:processFrame:580 - INFO - Frame:    65, Time: 32500.000 ps, Bbox = [0, 180.99698, 0, 180.99698]
2025-04-08 16:12:01,047 - [MainProcess:141549] mummi_ras.online.cg.cganalysis:processFrame:584 - INFO - Lengths of layers: 656 31 496
2025-04-08 16:12:01,107 - [MainProcess:141549] mummi_ras.online.cg.cganalysis:processFrame:765 - INFO - Time for analysis - frameNum 65, time 0.06693840026855469 s
2025-04-08 16:12:03,108 - [MainProcess:141549] mummi_ras.online.simulation:has_computed_enough:352 - INFO - runtime_hours*0.99 = 0.495 vs delta_time = 0.434088388548957 (length 32.5 ns) False False
2025-04-08 16:12:05,112 - [MainProcess:141549] mummi_ras.online.simulation:has_computed_enough:352 - INFO - runtime_hours*0.99 = 0.495 vs delta_time = 0.43464500698778363 (length 32.5 ns) False False
2025-04-08 16:12:07,115 - [MainProcess:141549] mummi_ras.online.simulation:has_computed_enough:352 - INFO - runtime_hours*0.99 = 0.495 vs delta_time = 0.43520157164997525 (length 32.5 ns) False False
2025-04-08 16:12:09,119 - [MainProcess:141549] mummi_ras.online.simulation:has_computed_enough:352 - INFO - runtime_hours*0.99 = 0.495 vs delta_time = 0.4357581408156289 (length 32.5 ns) False False
2025-04-08 16:12:11,122 - [MainProcess:141549] mummi_ras.online.simulation:has_computed_enough:352 - INFO - runtime_hours*0.99 = 0.495 vs delta_time = 0.43631470402081807 (length 32.5 ns) False False
2025-04-08 16:12:13,126 - [MainProcess:141549] mummi_ras.online.simulation:has_computed_enough:352 - INFO - runtime_hours*0.99 = 0.495 vs delta_time = 0.4368712560335795 (length 32.5 ns) False False
2025-04-08 16:12:15,130 - [MainProcess:141549] mummi_ras.online.simulation:has_computed_enough:352 - INFO - runtime_hours*0.99 = 0.495 vs delta_time = 0.4374278147353066 (length 32.5 ns) False False
2025-04-08 16:12:17,133 - [MainProcess:141549] mummi_ras.online.simulation:has_computed_enough:352 - INFO - runtime_hours*0.99 = 0.495 vs delta_time = 0.43798437204625873 (length 32.5 ns) False False
2025-04-08 16:12:19,137 - [MainProcess:141549] mummi_ras.online.simulation:has_computed_enough:352 - INFO - runtime_hours*0.99 = 0.495 vs delta_time = 0.43854092763529884 (length 32.5 ns) False False
2025-04-08 16:12:21,140 - [MainProcess:141549] mummi_ras.online.simulation:has_computed_enough:352 - INFO - runtime_hours*0.99 = 0.495 vs delta_time = 0.4390974928273095 (length 32.5 ns) False False
2025-04-08 16:12:23,144 - [MainProcess:141549] mummi_ras.online.simulation:has_computed_enough:352 - INFO - runtime_hours*0.99 = 0.495 vs delta_time = 0.43965404861503177 (length 32.5 ns) False False
2025-04-08 16:12:23,431 - [MainProcess:141549] mummi_ras.online.simulation:get_new_frames:399 - INFO - Getting all frame numbers in trajectory from 66 to 66.
2025-04-08 16:12:23,431 - [MainProcess:141549] mummi_ras.online.cg.cganalysis:run_main_analysis:193 - INFO - Process frame 66
2025-04-08 16:12:23,431 - [MainProcess:141549] mummi_ras.online.cg.cganalysis:processFrame:554 - INFO - Load 67 frames: current frame ID /tmp/mummi/cg/structure_iter00_000000000007-20250408_154533/traj_comp.xtc
2025-04-08 16:12:23,438 - [MainProcess:141549] mummi_ras.online.cg.cganalysis:processFrame:580 - INFO - Frame:    66, Time: 33000.000 ps, Bbox = [0, 180.63585, 0, 180.63585]
2025-04-08 16:12:23,438 - [MainProcess:141549] mummi_ras.online.cg.cganalysis:processFrame:584 - INFO - Lengths of layers: 656 31 496
2025-04-08 16:12:23,498 - [MainProcess:141549] mummi_ras.online.cg.cganalysis:processFrame:765 - INFO - Time for analysis - frameNum 66, time 0.06684398651123047 s
2025-04-08 16:12:25,499 - [MainProcess:141549] mummi_ras.online.simulation:has_computed_enough:352 - INFO - runtime_hours*0.99 = 0.495 vs delta_time = 0.44030805561277603 (length 33.0 ns) False False
2025-04-08 16:12:27,502 - [MainProcess:141549] mummi_ras.online.simulation:has_computed_enough:352 - INFO - runtime_hours*0.99 = 0.495 vs delta_time = 0.4408646614683999 (length 33.0 ns) False False
2025-04-08 16:12:29,506 - [MainProcess:141549] mummi_ras.online.simulation:has_computed_enough:352 - INFO - runtime_hours*0.99 = 0.495 vs delta_time = 0.4414212245411343 (length 33.0 ns) False False
2025-04-08 16:12:31,510 - [MainProcess:141549] mummi_ras.online.simulation:has_computed_enough:352 - INFO - runtime_hours*0.99 = 0.495 vs delta_time = 0.4419777978128857 (length 33.0 ns) False False
2025-04-08 16:12:33,513 - [MainProcess:141549] mummi_ras.online.simulation:has_computed_enough:352 - INFO - runtime_hours*0.99 = 0.495 vs delta_time = 0.44253436320357853 (length 33.0 ns) False False
2025-04-08 16:12:35,517 - [MainProcess:141549] mummi_ras.online.simulation:has_computed_enough:352 - INFO - runtime_hours*0.99 = 0.495 vs delta_time = 0.44309091799789 (length 33.0 ns) False False
2025-04-08 16:12:37,520 - [MainProcess:141549] mummi_ras.online.simulation:has_computed_enough:352 - INFO - runtime_hours*0.99 = 0.495 vs delta_time = 0.44364747809039223 (length 33.0 ns) False False
2025-04-08 16:12:39,524 - [MainProcess:141549] mummi_ras.online.simulation:has_computed_enough:352 - INFO - runtime_hours*0.99 = 0.495 vs delta_time = 0.44420403328206803 (length 33.0 ns) False False
2025-04-08 16:12:41,528 - [MainProcess:141549] mummi_ras.online.simulation:has_computed_enough:352 - INFO - runtime_hours*0.99 = 0.495 vs delta_time = 0.44476059661971196 (length 33.0 ns) False False
2025-04-08 16:12:43,531 - [MainProcess:141549] mummi_ras.online.simulation:has_computed_enough:352 - INFO - runtime_hours*0.99 = 0.495 vs delta_time = 0.44531715353329976 (length 33.0 ns) False False
2025-04-08 16:12:45,535 - [MainProcess:141549] mummi_ras.online.simulation:has_computed_enough:352 - INFO - runtime_hours*0.99 = 0.495 vs delta_time = 0.44587371574507817 (length 33.0 ns) False False
2025-04-08 16:12:47,538 - [MainProcess:141549] mummi_ras.online.simulation:has_computed_enough:352 - INFO - runtime_hours*0.99 = 0.495 vs delta_time = 0.44643026689688364 (length 33.0 ns) False False
2025-04-08 16:12:47,570 - [MainProcess:141549] mummi_ras.online.simulation:get_new_frames:399 - INFO - Getting all frame numbers in trajectory from 67 to 67.
2025-04-08 16:12:47,570 - [MainProcess:141549] mummi_ras.online.cg.cganalysis:run_main_analysis:193 - INFO - Process frame 67
2025-04-08 16:12:47,570 - [MainProcess:141549] mummi_ras.online.cg.cganalysis:processFrame:554 - INFO - Load 68 frames: current frame ID /tmp/mummi/cg/structure_iter00_000000000007-20250408_154533/traj_comp.xtc
2025-04-08 16:12:47,577 - [MainProcess:141549] mummi_ras.online.cg.cganalysis:processFrame:580 - INFO - Frame:    67, Time: 33500.000 ps, Bbox = [0, 179.82317, 0, 179.82317]
2025-04-08 16:12:47,577 - [MainProcess:141549] mummi_ras.online.cg.cganalysis:processFrame:584 - INFO - Lengths of layers: 656 31 496
2025-04-08 16:12:47,637 - [MainProcess:141549] mummi_ras.online.cg.cganalysis:processFrame:765 - INFO - Time for analysis - frameNum 67, time 0.06676435470581055 s
2025-04-08 16:12:49,638 - [MainProcess:141549] mummi_ras.online.simulation:has_computed_enough:352 - INFO - runtime_hours*0.99 = 0.495 vs delta_time = 0.44701340099175774 (length 33.5 ns) False False
2025-04-08 16:12:51,642 - [MainProcess:141549] mummi_ras.online.simulation:has_computed_enough:352 - INFO - runtime_hours*0.99 = 0.495 vs delta_time = 0.447570021086269 (length 33.5 ns) False False
2025-04-08 16:12:53,645 - [MainProcess:141549] mummi_ras.online.simulation:has_computed_enough:352 - INFO - runtime_hours*0.99 = 0.495 vs delta_time = 0.44812658045026993 (length 33.5 ns) False False
2025-04-08 16:12:55,649 - [MainProcess:141549] mummi_ras.online.simulation:has_computed_enough:352 - INFO - runtime_hours*0.99 = 0.495 vs delta_time = 0.44868313901954227 (length 33.5 ns) False False
2025-04-08 16:12:57,652 - [MainProcess:141549] mummi_ras.online.simulation:has_computed_enough:352 - INFO - runtime_hours*0.99 = 0.495 vs delta_time = 0.4492396977874968 (length 33.5 ns) False False
2025-04-08 16:12:59,656 - [MainProcess:141549] mummi_ras.online.simulation:has_computed_enough:352 - INFO - runtime_hours*0.99 = 0.495 vs delta_time = 0.44979625158839753 (length 33.5 ns) False False
2025-04-08 16:13:01,660 - [MainProcess:141549] mummi_ras.online.simulation:has_computed_enough:352 - INFO - runtime_hours*0.99 = 0.495 vs delta_time = 0.4503528153234058 (length 33.5 ns) False False
2025-04-08 16:13:03,663 - [MainProcess:141549] mummi_ras.online.simulation:has_computed_enough:352 - INFO - runtime_hours*0.99 = 0.495 vs delta_time = 0.45090936415725286 (length 33.5 ns) False False
2025-04-08 16:13:05,667 - [MainProcess:141549] mummi_ras.online.simulation:has_computed_enough:352 - INFO - runtime_hours*0.99 = 0.495 vs delta_time = 0.4514659266339408 (length 33.5 ns) False False
2025-04-08 16:13:07,670 - [MainProcess:141549] mummi_ras.online.simulation:has_computed_enough:352 - INFO - runtime_hours*0.99 = 0.495 vs delta_time = 0.45202248122957017 (length 33.5 ns) False False
2025-04-08 16:13:09,674 - [MainProcess:141549] mummi_ras.online.simulation:has_computed_enough:352 - INFO - runtime_hours*0.99 = 0.495 vs delta_time = 0.45257904178566405 (length 33.5 ns) False False
2025-04-08 16:13:11,678 - [MainProcess:141549] mummi_ras.online.simulation:has_computed_enough:352 - INFO - runtime_hours*0.99 = 0.495 vs delta_time = 0.4531356026066674 (length 33.5 ns) False False
2025-04-08 16:13:11,820 - [MainProcess:141549] mummi_ras.online.simulation:get_new_frames:399 - INFO - Getting all frame numbers in trajectory from 68 to 68.
2025-04-08 16:13:11,820 - [MainProcess:141549] mummi_ras.online.cg.cganalysis:run_main_analysis:193 - INFO - Process frame 68
2025-04-08 16:13:11,820 - [MainProcess:141549] mummi_ras.online.cg.cganalysis:processFrame:554 - INFO - Load 69 frames: current frame ID /tmp/mummi/cg/structure_iter00_000000000007-20250408_154533/traj_comp.xtc
2025-04-08 16:13:11,827 - [MainProcess:141549] mummi_ras.online.cg.cganalysis:processFrame:580 - INFO - Frame:    68, Time: 34000.000 ps, Bbox = [0, 180.97018, 0, 180.97018]
2025-04-08 16:13:11,827 - [MainProcess:141549] mummi_ras.online.cg.cganalysis:processFrame:584 - INFO - Lengths of layers: 658 31 494
2025-04-08 16:13:11,887 - [MainProcess:141549] mummi_ras.online.cg.cganalysis:processFrame:765 - INFO - Time for analysis - frameNum 68, time 0.06718015670776367 s
2025-04-08 16:13:13,888 - [MainProcess:141549] mummi_ras.online.simulation:has_computed_enough:352 - INFO - runtime_hours*0.99 = 0.495 vs delta_time = 0.45374954958756764 (length 34.0 ns) False False
2025-04-08 16:13:15,892 - [MainProcess:141549] mummi_ras.online.simulation:has_computed_enough:352 - INFO - runtime_hours*0.99 = 0.495 vs delta_time = 0.45430614703231387 (length 34.0 ns) False False
2025-04-08 16:13:17,895 - [MainProcess:141549] mummi_ras.online.simulation:has_computed_enough:352 - INFO - runtime_hours*0.99 = 0.495 vs delta_time = 0.4548627022902171 (length 34.0 ns) False False
2025-04-08 16:13:19,899 - [MainProcess:141549] mummi_ras.online.simulation:has_computed_enough:352 - INFO - runtime_hours*0.99 = 0.495 vs delta_time = 0.455419253177113 (length 34.0 ns) False False
2025-04-08 16:13:21,902 - [MainProcess:141549] mummi_ras.online.simulation:has_computed_enough:352 - INFO - runtime_hours*0.99 = 0.495 vs delta_time = 0.4559758131371604 (length 34.0 ns) False False
2025-04-08 16:13:23,906 - [MainProcess:141549] mummi_ras.online.simulation:has_computed_enough:352 - INFO - runtime_hours*0.99 = 0.495 vs delta_time = 0.45653236071268716 (length 34.0 ns) False False
2025-04-08 16:13:25,910 - [MainProcess:141549] mummi_ras.online.simulation:has_computed_enough:352 - INFO - runtime_hours*0.99 = 0.495 vs delta_time = 0.4570889213350084 (length 34.0 ns) False False
2025-04-08 16:13:27,913 - [MainProcess:141549] mummi_ras.online.simulation:has_computed_enough:352 - INFO - runtime_hours*0.99 = 0.495 vs delta_time = 0.45764548036787245 (length 34.0 ns) False False
2025-04-08 16:13:29,917 - [MainProcess:141549] mummi_ras.online.simulation:has_computed_enough:352 - INFO - runtime_hours*0.99 = 0.495 vs delta_time = 0.4582020417849223 (length 34.0 ns) False False
2025-04-08 16:13:31,920 - [MainProcess:141549] mummi_ras.online.simulation:has_computed_enough:352 - INFO - runtime_hours*0.99 = 0.495 vs delta_time = 0.4587585961818695 (length 34.0 ns) False False
2025-04-08 16:13:33,924 - [MainProcess:141549] mummi_ras.online.simulation:has_computed_enough:352 - INFO - runtime_hours*0.99 = 0.495 vs delta_time = 0.4593151545524597 (length 34.0 ns) False False
2025-04-08 16:13:35,928 - [MainProcess:141549] mummi_ras.online.simulation:has_computed_enough:352 - INFO - runtime_hours*0.99 = 0.495 vs delta_time = 0.45987170252535076 (length 34.0 ns) False False
2025-04-08 16:13:36,003 - [MainProcess:141549] mummi_ras.online.simulation:get_new_frames:399 - INFO - Getting all frame numbers in trajectory from 69 to 69.
2025-04-08 16:13:36,003 - [MainProcess:141549] mummi_ras.online.cg.cganalysis:run_main_analysis:193 - INFO - Process frame 69
2025-04-08 16:13:36,003 - [MainProcess:141549] mummi_ras.online.cg.cganalysis:processFrame:554 - INFO - Load 70 frames: current frame ID /tmp/mummi/cg/structure_iter00_000000000007-20250408_154533/traj_comp.xtc
2025-04-08 16:13:36,010 - [MainProcess:141549] mummi_ras.online.cg.cganalysis:processFrame:580 - INFO - Frame:    69, Time: 34500.000 ps, Bbox = [0, 180.86198, 0, 180.86198]
2025-04-08 16:13:36,010 - [MainProcess:141549] mummi_ras.online.cg.cganalysis:processFrame:584 - INFO - Lengths of layers: 660 29 494
2025-04-08 16:13:36,070 - [MainProcess:141549] mummi_ras.online.cg.cganalysis:processFrame:765 - INFO - Time for analysis - frameNum 69, time 0.06703495979309082 s
2025-04-08 16:13:38,071 - [MainProcess:141549] mummi_ras.online.simulation:has_computed_enough:352 - INFO - runtime_hours*0.99 = 0.495 vs delta_time = 0.460466990603341 (length 34.5 ns) False False
2025-04-08 16:13:38,074 - [MainProcess:141549] mummi_ras.online.cg.cganalysis:processOutput:92 - INFO - Add feedback for frameNum 60 - state []
2025-04-08 16:13:38,074 - [MainProcess:141549] mummi_ras.online.cg.cganalysis:processOutput:92 - INFO - Add feedback for frameNum 61 - state []
2025-04-08 16:13:38,075 - [MainProcess:141549] mummi_ras.online.cg.cganalysis:processOutput:92 - INFO - Add feedback for frameNum 62 - state []
2025-04-08 16:13:38,075 - [MainProcess:141549] mummi_ras.online.cg.cganalysis:processOutput:92 - INFO - Add feedback for frameNum 63 - state []
2025-04-08 16:13:38,075 - [MainProcess:141549] mummi_ras.online.cg.cganalysis:processOutput:92 - INFO - Add feedback for frameNum 64 - state []
2025-04-08 16:13:38,075 - [MainProcess:141549] mummi_ras.online.cg.cganalysis:processOutput:92 - INFO - Add feedback for frameNum 65 - state []
2025-04-08 16:13:38,075 - [MainProcess:141549] mummi_ras.online.cg.cganalysis:processOutput:92 - INFO - Add feedback for frameNum 66 - state []
2025-04-08 16:13:38,075 - [MainProcess:141549] mummi_ras.online.cg.cganalysis:processOutput:92 - INFO - Add feedback for frameNum 67 - state []
2025-04-08 16:13:38,075 - [MainProcess:141549] mummi_ras.online.cg.cganalysis:processOutput:92 - INFO - Add feedback for frameNum 68 - state []
2025-04-08 16:13:38,075 - [MainProcess:141549] mummi_ras.online.cg.cganalysis:processOutput:92 - INFO - Add feedback for frameNum 69 - state []
2025-04-08 16:13:38,086 - [MainProcess:141549] mummi_core.interfaces.simple:_save_files:91 - INFO - Wrote 10 files to (/p/gpfs1/pottier1/minimummi-sc25/roots/root1/feedback-cg2ml/007)
2025-04-08 16:13:38,086 - [MainProcess:141549] mummi_ras.feedback.feedback_manager_cg2ml:report:118 - INFO - Added 10 frames (from structure_iter00_000000000007) to feedback (/p/gpfs1/pottier1/minimummi-sc25/roots/root1/feedback-cg2ml)
2025-04-08 16:13:38,086 - [MainProcess:141549] mummi_ras.online.cg.cganalysis:processOutput:112 - INFO - processOutput: 69
2025-04-08 16:13:38,086 - [MainProcess:141549] mummi_ras.online.cg.cganalysis:copyRemoteRestart:452 - INFO - Copy to remote frames [60, 61, 62, 63, 64, 65, 66, 67, 68, 69]
2025-04-08 16:13:38,244 - [MainProcess:141549] mummi_core.utils.utilities:sys_call:184 - INFO - Run command: rsync -va --no-g traj_comp.xtc topol.tpr state.cpt ener.edr md.log mdrun.log /p/gpfs1/pottier1/minimummi-sc25/roots/root1/sims-cg/structure_iter00_000000000007 || true
2025-04-08 16:13:38,660 - [MainProcess:141549] mummi_ras.interfaces.mummi:save_analysis_data:253 - INFO - Saved all analysis data for frames [60, 61, 62, 63, 64, 65, 66, 67, 68, 69]
2025-04-08 16:13:38,660 - [MainProcess:141549] mummi_ras.online.cg.cganalysis:copyRemoteLogs:350 - INFO - Copy over log files
2025-04-08 16:13:38,687 - [MainProcess:141549] mummi_core.utils.utilities:sys_call:184 - INFO - Run command: cp -r  /tmp/mummi/cg/structure_iter00_000000000007-20250408_154533/cg_analysis.out /tmp/mummi/cg/structure_iter00_000000000007-20250408_154533/traj_comp.xtc /tmp/mummi/cg/structure_iter00_000000000007-20250408_154533/*.log /p/gpfs1/pottier1/minimummi-sc25/roots/root1/sims-cg/structure_iter00_000000000007/ || true
2025-04-08 16:13:38,687 - [MainProcess:141549] mummi_ras.online.cg.cganalysis:copyRemoteLogs:365 - INFO - copyRemoteLogs =  /tmp/mummi/cg/structure_iter00_000000000007-20250408_154533/cg_analysis.out /tmp/mummi/cg/structure_iter00_000000000007-20250408_154533/traj_comp.xtc /tmp/mummi/cg/structure_iter00_000000000007-20250408_154533/*.log
2025-04-08 16:13:38,687 - [MainProcess:141549] mummi_ras.online.cg.cganalysis:cleanupLocal:375 - WARNING - Copy cleanup local only works for ddcMD files
2025-04-08 16:13:40,687 - [MainProcess:141549] mummi_ras.online.simulation:has_computed_enough:352 - INFO - runtime_hours*0.99 = 0.495 vs delta_time = 0.46119384785493217 (length 34.5 ns) False False
2025-04-08 16:13:42,691 - [MainProcess:141549] mummi_ras.online.simulation:has_computed_enough:352 - INFO - runtime_hours*0.99 = 0.495 vs delta_time = 0.46175044424004025 (length 34.5 ns) False False
2025-04-08 16:13:44,695 - [MainProcess:141549] mummi_ras.online.simulation:has_computed_enough:352 - INFO - runtime_hours*0.99 = 0.495 vs delta_time = 0.4623070153925154 (length 34.5 ns) False False
2025-04-08 16:13:46,698 - [MainProcess:141549] mummi_ras.online.simulation:has_computed_enough:352 - INFO - runtime_hours*0.99 = 0.495 vs delta_time = 0.4628635794586605 (length 34.5 ns) False False
2025-04-08 16:13:48,702 - [MainProcess:141549] mummi_ras.online.simulation:has_computed_enough:352 - INFO - runtime_hours*0.99 = 0.495 vs delta_time = 0.46342014597521886 (length 34.5 ns) False False
2025-04-08 16:13:50,706 - [MainProcess:141549] mummi_ras.online.simulation:has_computed_enough:352 - INFO - runtime_hours*0.99 = 0.495 vs delta_time = 0.46397670765717824 (length 34.5 ns) False False
2025-04-08 16:13:52,709 - [MainProcess:141549] mummi_ras.online.simulation:has_computed_enough:352 - INFO - runtime_hours*0.99 = 0.495 vs delta_time = 0.464533265431722 (length 34.5 ns) False False
2025-04-08 16:13:54,713 - [MainProcess:141549] mummi_ras.online.simulation:has_computed_enough:352 - INFO - runtime_hours*0.99 = 0.495 vs delta_time = 0.46508983029259576 (length 34.5 ns) False False
2025-04-08 16:13:56,717 - [MainProcess:141549] mummi_ras.online.simulation:has_computed_enough:352 - INFO - runtime_hours*0.99 = 0.495 vs delta_time = 0.46564638985527884 (length 34.5 ns) False False
2025-04-08 16:13:58,720 - [MainProcess:141549] mummi_ras.online.simulation:has_computed_enough:352 - INFO - runtime_hours*0.99 = 0.495 vs delta_time = 0.4662029549810621 (length 34.5 ns) False False
2025-04-08 16:13:58,752 - [MainProcess:141549] mummi_ras.online.simulation:get_new_frames:399 - INFO - Getting all frame numbers in trajectory from 70 to 70.
2025-04-08 16:13:58,752 - [MainProcess:141549] mummi_ras.online.cg.cganalysis:run_main_analysis:193 - INFO - Process frame 70
2025-04-08 16:13:58,752 - [MainProcess:141549] mummi_ras.online.cg.cganalysis:processFrame:554 - INFO - Load 71 frames: current frame ID /tmp/mummi/cg/structure_iter00_000000000007-20250408_154533/traj_comp.xtc
2025-04-08 16:13:58,759 - [MainProcess:141549] mummi_ras.online.cg.cganalysis:processFrame:580 - INFO - Frame:    70, Time: 35000.000 ps, Bbox = [0, 180.60013, 0, 180.60013]
2025-04-08 16:13:58,759 - [MainProcess:141549] mummi_ras.online.cg.cganalysis:processFrame:584 - INFO - Lengths of layers: 657 26 500
2025-04-08 16:13:58,819 - [MainProcess:141549] mummi_ras.online.cg.cganalysis:processFrame:765 - INFO - Time for analysis - frameNum 70, time 0.06710505485534668 s
2025-04-08 16:14:00,820 - [MainProcess:141549] mummi_ras.online.simulation:has_computed_enough:352 - INFO - runtime_hours*0.99 = 0.495 vs delta_time = 0.46678623457749685 (length 35.0 ns) False False
2025-04-08 16:14:02,824 - [MainProcess:141549] mummi_ras.online.simulation:has_computed_enough:352 - INFO - runtime_hours*0.99 = 0.495 vs delta_time = 0.46734283765157064 (length 35.0 ns) False False
2025-04-08 16:14:04,827 - [MainProcess:141549] mummi_ras.online.simulation:has_computed_enough:352 - INFO - runtime_hours*0.99 = 0.495 vs delta_time = 0.467899408671591 (length 35.0 ns) False False
2025-04-08 16:14:06,831 - [MainProcess:141549] mummi_ras.online.simulation:has_computed_enough:352 - INFO - runtime_hours*0.99 = 0.495 vs delta_time = 0.46845597008864087 (length 35.0 ns) False False
2025-04-08 16:14:08,835 - [MainProcess:141549] mummi_ras.online.simulation:has_computed_enough:352 - INFO - runtime_hours*0.99 = 0.495 vs delta_time = 0.46901253481705985 (length 35.0 ns) False False
2025-04-08 16:14:10,838 - [MainProcess:141549] mummi_ras.online.simulation:has_computed_enough:352 - INFO - runtime_hours*0.99 = 0.495 vs delta_time = 0.46956909153196547 (length 35.0 ns) False False
2025-04-08 16:14:12,842 - [MainProcess:141549] mummi_ras.online.simulation:has_computed_enough:352 - INFO - runtime_hours*0.99 = 0.495 vs delta_time = 0.47012563970353866 (length 35.0 ns) False False
2025-04-08 16:14:14,845 - [MainProcess:141549] mummi_ras.online.simulation:has_computed_enough:352 - INFO - runtime_hours*0.99 = 0.495 vs delta_time = 0.4706821984714932 (length 35.0 ns) False False
2025-04-08 16:14:16,849 - [MainProcess:141549] mummi_ras.online.simulation:has_computed_enough:352 - INFO - runtime_hours*0.99 = 0.495 vs delta_time = 0.4712387502855725 (length 35.0 ns) False False
2025-04-08 16:14:18,853 - [MainProcess:141549] mummi_ras.online.simulation:has_computed_enough:352 - INFO - runtime_hours*0.99 = 0.495 vs delta_time = 0.4717953087886175 (length 35.0 ns) False False
2025-04-08 16:14:20,856 - [MainProcess:141549] mummi_ras.online.simulation:has_computed_enough:352 - INFO - runtime_hours*0.99 = 0.495 vs delta_time = 0.47235185749000974 (length 35.0 ns) False False
2025-04-08 16:14:22,860 - [MainProcess:141549] mummi_ras.online.simulation:has_computed_enough:352 - INFO - runtime_hours*0.99 = 0.495 vs delta_time = 0.4729084211587906 (length 35.0 ns) False False
2025-04-08 16:14:23,003 - [MainProcess:141549] mummi_ras.online.simulation:get_new_frames:399 - INFO - Getting all frame numbers in trajectory from 71 to 71.
2025-04-08 16:14:23,003 - [MainProcess:141549] mummi_ras.online.cg.cganalysis:run_main_analysis:193 - INFO - Process frame 71
2025-04-08 16:14:23,003 - [MainProcess:141549] mummi_ras.online.cg.cganalysis:processFrame:554 - INFO - Load 72 frames: current frame ID /tmp/mummi/cg/structure_iter00_000000000007-20250408_154533/traj_comp.xtc
2025-04-08 16:14:23,010 - [MainProcess:141549] mummi_ras.online.cg.cganalysis:processFrame:580 - INFO - Frame:    71, Time: 35500.000 ps, Bbox = [0, 181.12688, 0, 181.12688]
2025-04-08 16:14:23,010 - [MainProcess:141549] mummi_ras.online.cg.cganalysis:processFrame:584 - INFO - Lengths of layers: 657 27 499
2025-04-08 16:14:23,070 - [MainProcess:141549] mummi_ras.online.cg.cganalysis:processFrame:765 - INFO - Time for analysis - frameNum 71, time 0.06691098213195801 s
2025-04-08 16:14:25,071 - [MainProcess:141549] mummi_ras.online.simulation:has_computed_enough:352 - INFO - runtime_hours*0.99 = 0.495 vs delta_time = 0.47352251324388717 (length 35.5 ns) False False
2025-04-08 16:14:27,074 - [MainProcess:141549] mummi_ras.online.simulation:has_computed_enough:352 - INFO - runtime_hours*0.99 = 0.495 vs delta_time = 0.4740791171126896 (length 35.5 ns) False False
2025-04-08 16:14:29,078 - [MainProcess:141549] mummi_ras.online.simulation:has_computed_enough:352 - INFO - runtime_hours*0.99 = 0.495 vs delta_time = 0.4746356893910302 (length 35.5 ns) False False
2025-04-08 16:14:31,082 - [MainProcess:141549] mummi_ras.online.simulation:has_computed_enough:352 - INFO - runtime_hours*0.99 = 0.495 vs delta_time = 0.4751922511392169 (length 35.5 ns) False False
2025-04-08 16:14:33,085 - [MainProcess:141549] mummi_ras.online.simulation:has_computed_enough:352 - INFO - runtime_hours*0.99 = 0.495 vs delta_time = 0.47574880017174614 (length 35.5 ns) False False
2025-04-08 16:14:35,089 - [MainProcess:141549] mummi_ras.online.simulation:has_computed_enough:352 - INFO - runtime_hours*0.99 = 0.495 vs delta_time = 0.4763053572840161 (length 35.5 ns) False False
2025-04-08 16:14:37,092 - [MainProcess:141549] mummi_ras.online.simulation:has_computed_enough:352 - INFO - runtime_hours*0.99 = 0.495 vs delta_time = 0.47686191691292656 (length 35.5 ns) False False
2025-04-08 16:14:39,096 - [MainProcess:141549] mummi_ras.online.simulation:has_computed_enough:352 - INFO - runtime_hours*0.99 = 0.495 vs delta_time = 0.47741847303178575 (length 35.5 ns) False False
2025-04-08 16:14:41,100 - [MainProcess:141549] mummi_ras.online.simulation:has_computed_enough:352 - INFO - runtime_hours*0.99 = 0.495 vs delta_time = 0.47797503471374514 (length 35.5 ns) False False
2025-04-08 16:14:43,103 - [MainProcess:141549] mummi_ras.online.simulation:has_computed_enough:352 - INFO - runtime_hours*0.99 = 0.495 vs delta_time = 0.4785315901703305 (length 35.5 ns) False False
2025-04-08 16:14:45,107 - [MainProcess:141549] mummi_ras.online.simulation:has_computed_enough:352 - INFO - runtime_hours*0.99 = 0.495 vs delta_time = 0.4790881605943044 (length 35.5 ns) False False
2025-04-08 16:14:47,111 - [MainProcess:141549] mummi_ras.online.simulation:has_computed_enough:352 - INFO - runtime_hours*0.99 = 0.495 vs delta_time = 0.4796447214153078 (length 35.5 ns) False False
2025-04-08 16:14:47,387 - [MainProcess:141549] mummi_ras.online.simulation:get_new_frames:399 - INFO - Getting all frame numbers in trajectory from 72 to 72.
2025-04-08 16:14:47,387 - [MainProcess:141549] mummi_ras.online.cg.cganalysis:run_main_analysis:193 - INFO - Process frame 72
2025-04-08 16:14:47,387 - [MainProcess:141549] mummi_ras.online.cg.cganalysis:processFrame:554 - INFO - Load 73 frames: current frame ID /tmp/mummi/cg/structure_iter00_000000000007-20250408_154533/traj_comp.xtc
2025-04-08 16:14:47,394 - [MainProcess:141549] mummi_ras.online.cg.cganalysis:processFrame:580 - INFO - Frame:    72, Time: 36000.000 ps, Bbox = [0, 180.98494, 0, 180.98494]
2025-04-08 16:14:47,394 - [MainProcess:141549] mummi_ras.online.cg.cganalysis:processFrame:584 - INFO - Lengths of layers: 657 24 502
2025-04-08 16:14:47,456 - [MainProcess:141549] mummi_ras.online.cg.cganalysis:processFrame:765 - INFO - Time for analysis - frameNum 72, time 0.06824207305908203 s
2025-04-08 16:14:49,456 - [MainProcess:141549] mummi_ras.online.simulation:has_computed_enough:352 - INFO - runtime_hours*0.99 = 0.495 vs delta_time = 0.48029630184173583 (length 36.0 ns) False False
2025-04-08 16:14:51,460 - [MainProcess:141549] mummi_ras.online.simulation:has_computed_enough:352 - INFO - runtime_hours*0.99 = 0.495 vs delta_time = 0.4808529233270221 (length 36.0 ns) False False
2025-04-08 16:14:53,464 - [MainProcess:141549] mummi_ras.online.simulation:has_computed_enough:352 - INFO - runtime_hours*0.99 = 0.495 vs delta_time = 0.4814094986518224 (length 36.0 ns) False False
2025-04-08 16:14:55,467 - [MainProcess:141549] mummi_ras.online.simulation:has_computed_enough:352 - INFO - runtime_hours*0.99 = 0.495 vs delta_time = 0.4819660778840383 (length 36.0 ns) False False
2025-04-08 16:14:57,471 - [MainProcess:141549] mummi_ras.online.simulation:has_computed_enough:352 - INFO - runtime_hours*0.99 = 0.495 vs delta_time = 0.4825226417515013 (length 36.0 ns) False False
2025-04-08 16:14:59,475 - [MainProcess:141549] mummi_ras.online.simulation:has_computed_enough:352 - INFO - runtime_hours*0.99 = 0.495 vs delta_time = 0.4830791994598177 (length 36.0 ns) False False
2025-04-08 16:15:01,478 - [MainProcess:141549] mummi_ras.online.simulation:has_computed_enough:352 - INFO - runtime_hours*0.99 = 0.495 vs delta_time = 0.48363576451937357 (length 36.0 ns) False False
2025-04-08 16:15:03,482 - [MainProcess:141549] mummi_ras.online.simulation:has_computed_enough:352 - INFO - runtime_hours*0.99 = 0.495 vs delta_time = 0.4841923177904553 (length 36.0 ns) False False
2025-04-08 16:15:05,485 - [MainProcess:141549] mummi_ras.online.simulation:has_computed_enough:352 - INFO - runtime_hours*0.99 = 0.495 vs delta_time = 0.4847488821877374 (length 36.0 ns) False False
2025-04-08 16:15:07,489 - [MainProcess:141549] mummi_ras.online.simulation:has_computed_enough:352 - INFO - runtime_hours*0.99 = 0.495 vs delta_time = 0.4853054374456406 (length 36.0 ns) False False
2025-04-08 16:15:09,493 - [MainProcess:141549] mummi_ras.online.simulation:has_computed_enough:352 - INFO - runtime_hours*0.99 = 0.495 vs delta_time = 0.48586200290256076 (length 36.0 ns) False False
2025-04-08 16:15:11,496 - [MainProcess:141549] mummi_ras.online.simulation:has_computed_enough:352 - INFO - runtime_hours*0.99 = 0.495 vs delta_time = 0.48641856763097974 (length 36.0 ns) False False
2025-04-08 16:15:11,528 - [MainProcess:141549] mummi_ras.online.simulation:get_new_frames:399 - INFO - Getting all frame numbers in trajectory from 73 to 73.
2025-04-08 16:15:11,528 - [MainProcess:141549] mummi_ras.online.cg.cganalysis:run_main_analysis:193 - INFO - Process frame 73
2025-04-08 16:15:11,528 - [MainProcess:141549] mummi_ras.online.cg.cganalysis:processFrame:554 - INFO - Load 74 frames: current frame ID /tmp/mummi/cg/structure_iter00_000000000007-20250408_154533/traj_comp.xtc
2025-04-08 16:15:11,535 - [MainProcess:141549] mummi_ras.online.cg.cganalysis:processFrame:580 - INFO - Frame:    73, Time: 36500.000 ps, Bbox = [0, 180.17584, 0, 180.17584]
2025-04-08 16:15:11,535 - [MainProcess:141549] mummi_ras.online.cg.cganalysis:processFrame:584 - INFO - Lengths of layers: 656 27 500
2025-04-08 16:15:11,595 - [MainProcess:141549] mummi_ras.online.cg.cganalysis:processFrame:765 - INFO - Time for analysis - frameNum 73, time 0.0669705867767334 s
2025-04-08 16:15:13,596 - [MainProcess:141549] mummi_ras.online.simulation:has_computed_enough:352 - INFO - runtime_hours*0.99 = 0.495 vs delta_time = 0.48700171424282923 (length 36.5 ns) False False
2025-04-08 16:15:15,599 - [MainProcess:141549] mummi_ras.online.simulation:has_computed_enough:352 - INFO - runtime_hours*0.99 = 0.495 vs delta_time = 0.48755832135677335 (length 36.5 ns) False False
2025-04-08 16:15:17,603 - [MainProcess:141549] mummi_ras.online.simulation:has_computed_enough:352 - INFO - runtime_hours*0.99 = 0.495 vs delta_time = 0.4881148827738232 (length 36.5 ns) False False
2025-04-08 16:15:19,607 - [MainProcess:141549] mummi_ras.online.simulation:has_computed_enough:352 - INFO - runtime_hours*0.99 = 0.495 vs delta_time = 0.4886714404159122 (length 36.5 ns) False False
2025-04-08 16:15:21,610 - [MainProcess:141549] mummi_ras.online.simulation:has_computed_enough:352 - INFO - runtime_hours*0.99 = 0.495 vs delta_time = 0.48922800911797415 (length 36.5 ns) False False
2025-04-08 16:15:23,614 - [MainProcess:141549] mummi_ras.online.simulation:has_computed_enough:352 - INFO - runtime_hours*0.99 = 0.495 vs delta_time = 0.48978456457455954 (length 36.5 ns) False False
2025-04-08 16:15:25,618 - [MainProcess:141549] mummi_ras.online.simulation:has_computed_enough:352 - INFO - runtime_hours*0.99 = 0.495 vs delta_time = 0.4903411310911179 (length 36.5 ns) False False
2025-04-08 16:15:27,621 - [MainProcess:141549] mummi_ras.online.simulation:has_computed_enough:352 - INFO - runtime_hours*0.99 = 0.495 vs delta_time = 0.4908976868788401 (length 36.5 ns) False False
2025-04-08 16:15:29,625 - [MainProcess:141549] mummi_ras.online.simulation:has_computed_enough:352 - INFO - runtime_hours*0.99 = 0.495 vs delta_time = 0.49145425140857696 (length 36.5 ns) False False
2025-04-08 16:15:31,628 - [MainProcess:141549] mummi_ras.online.simulation:has_computed_enough:352 - INFO - runtime_hours*0.99 = 0.495 vs delta_time = 0.49201081964704724 (length 36.5 ns) False False
2025-04-08 16:15:33,632 - [MainProcess:141549] mummi_ras.online.simulation:has_computed_enough:352 - INFO - runtime_hours*0.99 = 0.495 vs delta_time = 0.49256740278667877 (length 36.5 ns) False False
2025-04-08 16:15:35,636 - [MainProcess:141549] mummi_ras.online.simulation:has_computed_enough:352 - INFO - runtime_hours*0.99 = 0.495 vs delta_time = 0.49312397095892163 (length 36.5 ns) False False
2025-04-08 16:15:35,832 - [MainProcess:141549] mummi_ras.online.simulation:get_new_frames:399 - INFO - Getting all frame numbers in trajectory from 74 to 74.
2025-04-08 16:15:35,832 - [MainProcess:141549] mummi_ras.online.cg.cganalysis:run_main_analysis:193 - INFO - Process frame 74
2025-04-08 16:15:35,832 - [MainProcess:141549] mummi_ras.online.cg.cganalysis:processFrame:554 - INFO - Load 75 frames: current frame ID /tmp/mummi/cg/structure_iter00_000000000007-20250408_154533/traj_comp.xtc
2025-04-08 16:15:35,839 - [MainProcess:141549] mummi_ras.online.cg.cganalysis:processFrame:580 - INFO - Frame:    74, Time: 37000.000 ps, Bbox = [0, 180.99118, 0, 180.99118]
2025-04-08 16:15:35,839 - [MainProcess:141549] mummi_ras.online.cg.cganalysis:processFrame:584 - INFO - Lengths of layers: 660 24 499
2025-04-08 16:15:35,901 - [MainProcess:141549] mummi_ras.online.cg.cganalysis:processFrame:765 - INFO - Time for analysis - frameNum 74, time 0.06877660751342773 s
2025-04-08 16:15:37,901 - [MainProcess:141549] mummi_ras.online.simulation:has_computed_enough:352 - INFO - runtime_hours*0.99 = 0.495 vs delta_time = 0.49375322202841443 (length 37.0 ns) False False
2025-04-08 16:15:39,905 - [MainProcess:141549] mummi_ras.online.simulation:has_computed_enough:352 - INFO - runtime_hours*0.99 = 0.495 vs delta_time = 0.4943098912636439 (length 37.0 ns) False False
2025-04-08 16:15:41,909 - [MainProcess:141549] mummi_ras.online.simulation:has_computed_enough:352 - INFO - runtime_hours*0.99 = 0.495 vs delta_time = 0.49486653520001306 (length 37.0 ns) False False
2025-04-08 16:15:43,913 - [MainProcess:141549] mummi_ras.online.simulation:has_computed_enough:352 - INFO - runtime_hours*0.99 = 0.495 vs delta_time = 0.4954231722487344 (length 37.0 ns) True False
2025-04-08 16:15:43,914 - [MainProcess:141549] mummi_ras.online.simulation:has_computed_enough:355 - INFO - TEST False
2025-04-08 16:15:43,916 - [MainProcess:141549] mummi_core.interfaces.base:send_signal:280 - INFO - Saved signal (/p/gpfs1/pottier1/minimummi-sc25/roots/root1/sims-cg/structure_iter00_000000000007/cg_success)
2025-04-08 16:15:43,916 - [MainProcess:141549] mummi_ras.online.simulation:has_computed_enough:358 - INFO - Setting success flag for /p/gpfs1/pottier1/minimummi-sc25/roots/root1/sims-cg/structure_iter00_000000000007 (runtime 0.4954231722487344 hours) (length 37.0 ns)
2025-04-08 16:15:43,917 - [MainProcess:141549] mummi_ras.online.cg.cganalysis:run_main_analysis:232 - INFO - Sim structure_iter00_000000000007 IS DONE
2025-04-08 16:15:43,917 - [MainProcess:141549] mummi_ras.online.simulation:stop:135 - INFO - Stopping simulation structure_iter00_000000000007
2025-04-08 16:15:43,917 - [MainProcess:141549] mummi_ras.online.cg.cganalysis:processOutput:92 - INFO - Add feedback for frameNum 70 - state []
2025-04-08 16:15:43,917 - [MainProcess:141549] mummi_ras.online.cg.cganalysis:processOutput:92 - INFO - Add feedback for frameNum 71 - state []
2025-04-08 16:15:43,917 - [MainProcess:141549] mummi_ras.online.cg.cganalysis:processOutput:92 - INFO - Add feedback for frameNum 72 - state []
2025-04-08 16:15:43,917 - [MainProcess:141549] mummi_ras.online.cg.cganalysis:processOutput:92 - INFO - Add feedback for frameNum 73 - state []
2025-04-08 16:15:43,917 - [MainProcess:141549] mummi_ras.online.cg.cganalysis:processOutput:92 - INFO - Add feedback for frameNum 74 - state []
2025-04-08 16:15:43,922 - [MainProcess:141549] mummi_core.interfaces.simple:_save_files:91 - INFO - Wrote 5 files to (/p/gpfs1/pottier1/minimummi-sc25/roots/root1/feedback-cg2ml/007)
2025-04-08 16:15:43,922 - [MainProcess:141549] mummi_ras.feedback.feedback_manager_cg2ml:report:118 - INFO - Added 5 frames (from structure_iter00_000000000007) to feedback (/p/gpfs1/pottier1/minimummi-sc25/roots/root1/feedback-cg2ml)
2025-04-08 16:15:43,922 - [MainProcess:141549] mummi_ras.online.cg.cganalysis:processOutput:112 - INFO - processOutput: 74
2025-04-08 16:15:43,922 - [MainProcess:141549] mummi_ras.online.cg.cganalysis:copyRemoteRestart:452 - INFO - Copy to remote frames [70, 71, 72, 73, 74]
2025-04-08 16:15:44,207 - [MainProcess:141549] mummi_core.utils.utilities:sys_call:184 - INFO - Run command: rsync -va --no-g traj_comp.xtc topol.tpr state.cpt ener.edr md.log mdrun.log /p/gpfs1/pottier1/minimummi-sc25/roots/root1/sims-cg/structure_iter00_000000000007 || true
2025-04-08 16:15:44,349 - [MainProcess:141549] mummi_ras.interfaces.mummi:save_analysis_data:253 - INFO - Saved all analysis data for frames [70, 71, 72, 73, 74]
2025-04-08 16:15:44,349 - [MainProcess:141549] mummi_ras.online.cg.cganalysis:copyRemoteLogs:350 - INFO - Copy over log files
2025-04-08 16:15:44,375 - [MainProcess:141549] mummi_core.utils.utilities:sys_call:184 - INFO - Run command: cp -r  /tmp/mummi/cg/structure_iter00_000000000007-20250408_154533/cg_analysis.out /tmp/mummi/cg/structure_iter00_000000000007-20250408_154533/traj_comp.xtc /tmp/mummi/cg/structure_iter00_000000000007-20250408_154533/*.log /p/gpfs1/pottier1/minimummi-sc25/roots/root1/sims-cg/structure_iter00_000000000007/ || true
2025-04-08 16:15:44,375 - [MainProcess:141549] mummi_ras.online.cg.cganalysis:copyRemoteLogs:365 - INFO - copyRemoteLogs =  /tmp/mummi/cg/structure_iter00_000000000007-20250408_154533/cg_analysis.out /tmp/mummi/cg/structure_iter00_000000000007-20250408_154533/traj_comp.xtc /tmp/mummi/cg/structure_iter00_000000000007-20250408_154533/*.log
2025-04-08 16:15:44,375 - [MainProcess:141549] mummi_ras.online.cg.cganalysis:cleanupLocal:375 - WARNING - Copy cleanup local only works for ddcMD files
2025-04-08 16:15:44,376 - [MainProcess:141549] mummi_core.interfaces.base:send_signal:275 - ERROR - Signal (/p/gpfs1/pottier1/minimummi-sc25/roots/root1/sims-cg/structure_iter00_000000000007/cg_success) already exist! Aborting.
2025-04-08 16:15:44,376 - [MainProcess:141549] mummi_core.interfaces.base:send_signal:280 - INFO - Saved signal (/p/gpfs1/pottier1/minimummi-sc25/roots/root1/sims-cg/structure_iter00_000000000007/cg_success)
2025-04-08 16:15:44,376 - [MainProcess:141549] mummi_ras.online.cg.cganalysis:copyRemoteLogs:350 - INFO - Copy over log files
2025-04-08 16:15:44,399 - [MainProcess:141549] mummi_core.utils.utilities:sys_call:184 - INFO - Run command: cp -r  /tmp/mummi/cg/structure_iter00_000000000007-20250408_154533/cg_analysis.out /tmp/mummi/cg/structure_iter00_000000000007-20250408_154533/traj_comp.xtc /tmp/mummi/cg/structure_iter00_000000000007-20250408_154533/*.log /p/gpfs1/pottier1/minimummi-sc25/roots/root1/sims-cg/structure_iter00_000000000007/ || true
2025-04-08 16:15:44,399 - [MainProcess:141549] mummi_ras.online.cg.cganalysis:copyRemoteLogs:365 - INFO - copyRemoteLogs =  /tmp/mummi/cg/structure_iter00_000000000007-20250408_154533/cg_analysis.out /tmp/mummi/cg/structure_iter00_000000000007-20250408_154533/traj_comp.xtc /tmp/mummi/cg/structure_iter00_000000000007-20250408_154533/*.log
2025-04-08 16:15:44,400 - [MainProcess:141549] mummi_ras.online.cg.cganalysis:run_main_analysis:248 - INFO - EXITING: structure_iter00_000000000007
