2025-04-08 15:27:36,045 - [MainProcess:146256] root:init_logger:344 - INFO - Enabled
2025-04-08 15:27:36,046 - [MainProcess:146256] root:init_logger:345 - WARNING - Enabled
2025-04-08 15:27:36,046 - [MainProcess:146256] root:init_logger:346 - ERROR - Enabled
2025-04-08 15:27:36,046 - [MainProcess:146256] root:init_logger:347 - CRITICAL - Enabled
2025-04-08 15:27:36,080 - [MainProcess:146256] root:_log_profile:78 - PROFILE - [136.688 MB]: Enabled
2025-04-08 15:27:36,080 - [MainProcess:146256] mummi_ras.online.cg.cganalysis:run_cganalysis:881 - INFO - Running CG analysis, options are:
2025-04-08 15:27:36,080 - [MainProcess:146256] mummi_ras.online.cg.cganalysis:run_cganalysis:882 - INFO - Namespace(simname='structure_iter00_000000000002', fcount=0, noninteractive=False, path='/tmp/mummi/cg/structure_iter00_000000000002-20250408_152719', pathremote='/p/gpfs1/pottier1/minimummi-sc25/roots/root1/sims-cg/structure_iter00_000000000002', fstype='mummi', fbio='mummi', nprocs=1, loglevel=2, logpath='./', logstdout=True, test=False, logfile='cg_analysis', maxsimtime=250000000, stopsimtime=600, minsimtime=100000000, frameProcessBatchSize=10, siminputs='/p/gpfs1/pottier1/minimummi-sc25/roots/root1/sims-cg/structure_iter00_000000000002', simbin='gmx', simruntime='0.5', simcores=8, nofeedback=False, backend=<MDEngine.GROMACS: <class 'mummi_ras.online.simulation.GROMACS'>>, mini=True)
2025-04-08 15:27:36,080 - [MainProcess:146256] mummi_ras.online.cg.cganalysis:run_cganalysis:883 - INFO - local path = /tmp/mummi/cg/structure_iter00_000000000002-20250408_152719
2025-04-08 15:27:36,080 - [MainProcess:146256] mummi_ras.online.cg.cganalysis:run_cganalysis:885 - INFO - remote path = /p/gpfs1/pottier1/minimummi-sc25/roots/root1/sims-cg/structure_iter00_000000000002
2025-04-08 15:27:36,245 - [MainProcess:146256] mummi_ras.online.cg.cganalysis:run_cganalysis:895 - INFO - Using IO_Interface [<class 'mummi_ras.interfaces.mummi.IO_Mummi'>] for data output
2025-04-08 15:27:36,245 - [MainProcess:146256] mummi_ras.online.cg.cganalysis:run_cganalysis:896 - INFO - Using IO_Interface [<class 'mummi_ras.interfaces.mummi.IO_Mummi'>] for feedback output
2025-04-08 15:27:36,246 - [MainProcess:146256] mummi_ras.online.cg.cgoptions:__init__:47 - INFO - Loading parameters from /g/g92/pottier1/admirral_sc25/mummi_resources/analysis/cg/cg_analysis_parameters.yaml
2025-04-08 15:27:36,255 - [MainProcess:146256] mummi_ras.feedback.feedback_manager_cg2ml:__init__:56 - INFO - Initialized FeedbackManager (type = FeedbackManagerType.Worker; name = structure_iter00_000000000002; host = lassen428)
2025-04-08 15:27:36,311 - [MainProcess:146256] mummi_ras.parsers.cg:setup:68 - INFO - Initializing CGParser (MDAnalysis version 2.8.0-dev0)
2025-04-08 15:27:36,311 - [MainProcess:146256] mummi_ras.parsers.cg:setup:69 - INFO - 	Loading: (/tmp/mummi/cg/structure_iter00_000000000002-20250408_152719/lipids-water-eq6.gro) (/tmp/mummi/cg/structure_iter00_000000000002-20250408_152719/topol.tpr)
2025-04-08 15:27:36,330 - [MainProcess:146256] MDAnalysis.topology.TPRparser:_log_header:258 - INFO - Gromacs version   : b'VERSION 2024.1'
2025-04-08 15:27:36,330 - [MainProcess:146256] MDAnalysis.topology.TPRparser:_log_header:259 - INFO - tpx version       : 133
2025-04-08 15:27:36,331 - [MainProcess:146256] MDAnalysis.topology.TPRparser:_log_header:260 - INFO - tpx generation    : 28
2025-04-08 15:27:36,331 - [MainProcess:146256] MDAnalysis.topology.TPRparser:_log_header:261 - INFO - tpx precision     : 4
2025-04-08 15:27:36,331 - [MainProcess:146256] MDAnalysis.topology.TPRparser:_log_header:262 - INFO - tpx file_tag      : b'release'
2025-04-08 15:27:36,331 - [MainProcess:146256] MDAnalysis.topology.TPRparser:_log_header:263 - INFO - tpx natoms        : 54863
2025-04-08 15:27:36,331 - [MainProcess:146256] MDAnalysis.topology.TPRparser:_log_header:264 - INFO - tpx ngtc          : 2
2025-04-08 15:27:36,331 - [MainProcess:146256] MDAnalysis.topology.TPRparser:_log_header:265 - INFO - tpx fep_state     : 0
2025-04-08 15:27:36,331 - [MainProcess:146256] MDAnalysis.topology.TPRparser:_log_header:266 - INFO - tpx lambda        : 0.0
2025-04-08 15:27:37,195 - [MainProcess:146256] mummi_ras.parsers.cg:setup:74 - INFO - 	Number of frames in sim: 1
2025-04-08 15:27:37,195 - [MainProcess:146256] mummi_ras.parsers.cg:setup:75 - INFO - 	Number of atoms in sim: 54863
2025-04-08 15:27:37,195 - [MainProcess:146256] mummi_ras.parsers.cg:setup:76 - INFO - 	Sim dimensions: [180.981  180.981  184.2296]
2025-04-08 15:27:37,231 - [MainProcess:146256] mummi_ras.parsers.cg:_setup_lipids:103 - WARNING -  Resnames ['ALA' 'ARG' 'ASN' 'ASP' 'CGW' 'CYF' 'CYM' 'CYS' 'GLN' 'GLU' 'GLY' 'GTP'
 'HSE' 'ILE' 'ION' 'LEU' 'LYS' 'MET' 'MG' 'PHE' 'PRO' 'SER' 'THR' 'TRP'
 'TYR' 'VAL' 'W' 'ZN2'] either not lipids or not supported!
2025-04-08 15:27:37,717 - [MainProcess:146256] numexpr.utils:_init_num_threads:145 - INFO - Note: detected 176 virtual cores but NumExpr set to maximum of 64, check "NUMEXPR_MAX_THREADS" environment variable.
2025-04-08 15:27:37,717 - [MainProcess:146256] numexpr.utils:_init_num_threads:148 - INFO - Note: NumExpr detected 176 cores but "NUMEXPR_MAX_THREADS" not set, so enforcing safe limit of 8.
2025-04-08 15:27:38,646 - [MainProcess:146256] mummi_ras.parsers.cg:_setup_lipids:145 - WARNING - Found leaflets of size 448 355
2025-04-08 15:27:38,650 - [MainProcess:146256] mummi_ras.parsers.cg_aligner:init:144 - INFO - origin: (165,): ['THR', 'GLU', 'TYR', 'LYS', 'LEU', 'VAL', 'VAL', 'VAL', 'GLY', 'ALA', 'ASP', 'GLY', 'VAL', 'GLY', 'LYS', 'SER', 'ALA', 'LEU', 'THR', 'ILE', 'GLN', 'LEU', 'ILE', 'GLN', 'ASN', 'HSE', 'PHE', 'VAL', 'ASP', 'GLU', 'TYR', 'ASP', 'PRO', 'THR', 'ILE', 'GLU', 'ASP', 'SER', 'TYR', 'ARG', 'LYS', 'GLN', 'VAL', 'VAL', 'ILE', 'ASP', 'GLY', 'GLU', 'THR', 'CYS', 'LEU', 'LEU', 'ASP', 'ILE', 'LEU', 'ASP', 'THR', 'ALA', 'GLY', 'GLN', 'GLU', 'GLU', 'TYR', 'SER', 'ALA', 'MET', 'ARG', 'ASP', 'GLN', 'TYR', 'MET', 'ARG', 'THR', 'GLY', 'GLU', 'GLY', 'PHE', 'LEU', 'CYS', 'VAL', 'PHE', 'ALA', 'ILE', 'ASN', 'ASN', 'THR', 'LYS', 'SER', 'PHE', 'GLU', 'ASP', 'ILE', 'HSE', 'HSE', 'TYR', 'ARG', 'GLU', 'GLN', 'ILE', 'LYS', 'ARG', 'VAL', 'LYS', 'ASP', 'SER', 'GLU', 'ASP', 'VAL', 'PRO', 'MET', 'VAL', 'LEU', 'VAL', 'GLY', 'ASN', 'LYS', 'CYS', 'ASP', 'LEU', 'PRO', 'SER', 'ARG', 'THR', 'VAL', 'ASP', 'THR', 'LYS', 'GLN', 'ALA', 'GLN', 'ASP', 'LEU', 'ALA', 'ARG', 'SER', 'TYR', 'GLY', 'ILE', 'PRO', 'PHE', 'ILE', 'GLU', 'THR', 'SER', 'ALA', 'LYS', 'THR', 'ARG', 'GLN', 'GLY', 'VAL', 'ASP', 'ASP', 'ALA', 'PHE', 'TYR', 'THR', 'LEU', 'VAL', 'ARG', 'GLU', 'ILE', 'ARG', 'LYS', 'HSE']
2025-04-08 15:27:38,650 - [MainProcess:146256] mummi_ras.parsers.cg_aligner:init:145 - INFO - xaxis:  (8,): ['THR', 'PHE', 'PHE', 'THR', 'LEU', 'LEU', 'PHE', 'GLN']
2025-04-08 15:27:38,653 - [MainProcess:146256] mummi_ras.online.cg.cganalysis:run_cganalysis:978 - INFO - Testing flags: [Success='cg_success', Fail='cg_failure']
2025-04-08 15:27:38,653 - [MainProcess:146256] mummi_ras.online.cg.cganalysis:run_cganalysis:979 - INFO - Checking for exit condition [/p/gpfs1/pottier1/minimummi-sc25/roots/root1/sims-cg/structure_iter00_000000000002] (pass=False fail=False)
2025-04-08 15:27:38,654 - [MainProcess:146256] mummi_ras.online.simulation:run:101 - INFO - Starting /usr/WS1/mummiusr/mummi-spack/spack/0.21/opt/spack/__spack_path_placeholder__/__spack_path_placeholder__/__spack_path_placeholder__/__spack_path_placeholder__/__spack_path_placeholder__/__spack_path_placeholder__/__spack_path_placeholder__/__spack_path_pla/linux-rhel7-power9le/gcc-11.2.1/gromacs-2024.1-qjy7zpleiv5vefcx74wqch3gy2rui4uh/bin/gmx....
2025-04-08 15:27:38,654 - [MainProcess:146256] mummi_ras.online.simulation:run:115 - INFO - cmd =       /usr/WS1/mummiusr/mummi-spack/spack/0.21/opt/spack/__spack_path_placeholder__/__spack_path_placeholder__/__spack_path_placeholder__/__spack_path_placeholder__/__spack_path_placeholder__/__spack_path_placeholder__/__spack_path_placeholder__/__spack_path_pla/linux-rhel7-power9le/gcc-11.2.1/gromacs-2024.1-qjy7zpleiv5vefcx74wqch3gy2rui4uh/bin/gmx mdrun -cpi -nb gpu -ntmpi 1 -ntomp 8 -pin off -maxh 0.5 >> mdrun.log 2>&1
2025-04-08 15:27:38,654 - [MainProcess:146256] mummi_ras.online.simulation:run:116 - INFO - os.pwd =    /tmp/mummi/cg/structure_iter00_000000000002-20250408_152719
2025-04-08 15:27:38,654 - [MainProcess:146256] mummi_ras.online.simulation:run:117 - INFO - simdir =    /tmp/mummi/cg/structure_iter00_000000000002-20250408_152719
2025-04-08 15:27:43,662 - [MainProcess:146256] mummi_ras.online.simulation:run:122 - INFO - Process Running? None
2025-04-08 15:27:43,663 - [MainProcess:146256] mummi_ras.online.simulation:run:126 - INFO - CUDA_VISIBLE_DEVICES=0
2025-04-08 15:27:43,663 - [MainProcess:146256] mummi_ras.online.simulation:run:127 - INFO - ROCR_VISIBLE_DEVICES=UNSET
2025-04-08 15:27:43,743 - [MainProcess:146256] mummi_ras.online.simulation:get_new_frames:399 - INFO - Getting all frame numbers in trajectory from 0 to 0.
2025-04-08 15:27:43,743 - [MainProcess:146256] mummi_ras.online.cg.cganalysis:run_main_analysis:193 - INFO - Process frame 0
2025-04-08 15:27:43,743 - [MainProcess:146256] mummi_ras.online.cg.cganalysis:processFrame:554 - INFO - Load 1 frames: current frame ID /tmp/mummi/cg/structure_iter00_000000000002-20250408_152719/traj_comp.xtc
2025-04-08 15:27:43,755 - [MainProcess:146256] mummi_ras.online.cg.cganalysis:processFrame:580 - INFO - Frame:     0, Time:    0.000 ps, Bbox = [0, 180.981, 0, 180.981]
2025-04-08 15:27:43,755 - [MainProcess:146256] mummi_ras.online.cg.cganalysis:processFrame:584 - INFO - Lengths of layers: 665 36 483
2025-04-08 15:27:43,884 - [MainProcess:146256] mummi_ras.online.cg.cganalysis:processFrame:765 - INFO - Time for analysis - frameNum 0, time 0.1410386562347412 s
2025-04-08 15:27:45,886 - [MainProcess:146256] mummi_ras.online.simulation:has_computed_enough:352 - INFO - runtime_hours*0.99 = 0.495 vs delta_time = 0.002008844746483697 (length 0.0 ns) False False
2025-04-08 15:27:47,892 - [MainProcess:146256] mummi_ras.online.simulation:has_computed_enough:352 - INFO - runtime_hours*0.99 = 0.495 vs delta_time = 0.0025662649340099757 (length 0.0 ns) False False
2025-04-08 15:27:49,899 - [MainProcess:146256] mummi_ras.online.simulation:has_computed_enough:352 - INFO - runtime_hours*0.99 = 0.495 vs delta_time = 0.0031235881646474203 (length 0.0 ns) False False
2025-04-08 15:27:51,905 - [MainProcess:146256] mummi_ras.online.simulation:has_computed_enough:352 - INFO - runtime_hours*0.99 = 0.495 vs delta_time = 0.0036808955669403076 (length 0.0 ns) False False
2025-04-08 15:27:53,911 - [MainProcess:146256] mummi_ras.online.simulation:has_computed_enough:352 - INFO - runtime_hours*0.99 = 0.495 vs delta_time = 0.004238210121790568 (length 0.0 ns) False False
2025-04-08 15:27:55,918 - [MainProcess:146256] mummi_ras.online.simulation:has_computed_enough:352 - INFO - runtime_hours*0.99 = 0.495 vs delta_time = 0.004795527193281386 (length 0.0 ns) False False
2025-04-08 15:27:57,924 - [MainProcess:146256] mummi_ras.online.simulation:has_computed_enough:352 - INFO - runtime_hours*0.99 = 0.495 vs delta_time = 0.005352830290794372 (length 0.0 ns) False False
/usr/WS1/mummiusr/mummi-spack/spack/0.21/opt/spack/__spack_path_placeholder__/__spack_path_placeholder__/__spack_path_placeholder__/__spack_path_placeholder__/__spack_path_placeholder__/__spack_path_placeholder__/__spack_path_placeholder__/__spack_path_pla/linux-rhel7-power9le/gcc-11.2.1/py-mdanalysis-mummi-c2-r52p5p5z3zr3gz4m44s6vmwdgmmcbjjb/lib/python3.11/site-packages/MDAnalysis/coordinates/XDR.py:240: UserWarning: Reload offsets from trajectory
 ctime or size or n_atoms did not match
  warnings.warn("Reload offsets from trajectory\n "
2025-04-08 15:27:57,984 - [MainProcess:146256] mummi_ras.online.simulation:get_new_frames:399 - INFO - Getting all frame numbers in trajectory from 1 to 1.
2025-04-08 15:27:57,984 - [MainProcess:146256] mummi_ras.online.cg.cganalysis:run_main_analysis:193 - INFO - Process frame 1
2025-04-08 15:27:57,984 - [MainProcess:146256] mummi_ras.online.cg.cganalysis:processFrame:554 - INFO - Load 2 frames: current frame ID /tmp/mummi/cg/structure_iter00_000000000002-20250408_152719/traj_comp.xtc
2025-04-08 15:27:57,995 - [MainProcess:146256] mummi_ras.online.cg.cganalysis:processFrame:580 - INFO - Frame:     1, Time:  500.000 ps, Bbox = [0, 181.2608, 0, 181.2608]
2025-04-08 15:27:57,996 - [MainProcess:146256] mummi_ras.online.cg.cganalysis:processFrame:584 - INFO - Lengths of layers: 666 31 487
2025-04-08 15:27:58,099 - [MainProcess:146256] mummi_ras.online.cg.cganalysis:processFrame:765 - INFO - Time for analysis - frameNum 1, time 0.11498188972473145 s
2025-04-08 15:28:00,100 - [MainProcess:146256] mummi_ras.online.simulation:has_computed_enough:352 - INFO - runtime_hours*0.99 = 0.495 vs delta_time = 0.005957236223750644 (length 0.5 ns) False False
2025-04-08 15:28:02,106 - [MainProcess:146256] mummi_ras.online.simulation:has_computed_enough:352 - INFO - runtime_hours*0.99 = 0.495 vs delta_time = 0.006514627337455749 (length 0.5 ns) False False
2025-04-08 15:28:04,113 - [MainProcess:146256] mummi_ras.online.simulation:has_computed_enough:352 - INFO - runtime_hours*0.99 = 0.495 vs delta_time = 0.007071946329540677 (length 0.5 ns) False False
2025-04-08 15:28:06,119 - [MainProcess:146256] mummi_ras.online.simulation:has_computed_enough:352 - INFO - runtime_hours*0.99 = 0.495 vs delta_time = 0.0076292533344692656 (length 0.5 ns) False False
2025-04-08 15:28:08,125 - [MainProcess:146256] mummi_ras.online.simulation:has_computed_enough:352 - INFO - runtime_hours*0.99 = 0.495 vs delta_time = 0.00818658106856876 (length 0.5 ns) False False
2025-04-08 15:28:10,132 - [MainProcess:146256] mummi_ras.online.simulation:has_computed_enough:352 - INFO - runtime_hours*0.99 = 0.495 vs delta_time = 0.008743881318304274 (length 0.5 ns) False False
2025-04-08 15:28:12,138 - [MainProcess:146256] mummi_ras.online.simulation:has_computed_enough:352 - INFO - runtime_hours*0.99 = 0.495 vs delta_time = 0.009301184349589878 (length 0.5 ns) False False
2025-04-08 15:28:14,144 - [MainProcess:146256] mummi_ras.online.simulation:has_computed_enough:352 - INFO - runtime_hours*0.99 = 0.495 vs delta_time = 0.009858483539687263 (length 0.5 ns) False False
2025-04-08 15:28:16,151 - [MainProcess:146256] mummi_ras.online.simulation:has_computed_enough:352 - INFO - runtime_hours*0.99 = 0.495 vs delta_time = 0.0104158177640703 (length 0.5 ns) False False
2025-04-08 15:28:16,203 - [MainProcess:146256] mummi_ras.online.simulation:get_new_frames:399 - INFO - Getting all frame numbers in trajectory from 2 to 2.
2025-04-08 15:28:16,203 - [MainProcess:146256] mummi_ras.online.cg.cganalysis:run_main_analysis:193 - INFO - Process frame 2
2025-04-08 15:28:16,203 - [MainProcess:146256] mummi_ras.online.cg.cganalysis:processFrame:554 - INFO - Load 3 frames: current frame ID /tmp/mummi/cg/structure_iter00_000000000002-20250408_152719/traj_comp.xtc
2025-04-08 15:28:16,215 - [MainProcess:146256] mummi_ras.online.cg.cganalysis:processFrame:580 - INFO - Frame:     2, Time: 1000.000 ps, Bbox = [0, 180.9775, 0, 180.9775]
2025-04-08 15:28:16,215 - [MainProcess:146256] mummi_ras.online.cg.cganalysis:processFrame:584 - INFO - Lengths of layers: 666 33 485
2025-04-08 15:28:16,317 - [MainProcess:146256] mummi_ras.online.cg.cganalysis:processFrame:765 - INFO - Time for analysis - frameNum 2, time 0.11404061317443848 s
2025-04-08 15:28:18,318 - [MainProcess:146256] mummi_ras.online.simulation:has_computed_enough:352 - INFO - runtime_hours*0.99 = 0.495 vs delta_time = 0.011017911367946201 (length 1.0 ns) False False
2025-04-08 15:28:20,325 - [MainProcess:146256] mummi_ras.online.simulation:has_computed_enough:352 - INFO - runtime_hours*0.99 = 0.495 vs delta_time = 0.011575281487570869 (length 1.0 ns) False False
2025-04-08 15:28:22,331 - [MainProcess:146256] mummi_ras.online.simulation:has_computed_enough:352 - INFO - runtime_hours*0.99 = 0.495 vs delta_time = 0.012132590876685249 (length 1.0 ns) False False
2025-04-08 15:28:24,337 - [MainProcess:146256] mummi_ras.online.simulation:has_computed_enough:352 - INFO - runtime_hours*0.99 = 0.495 vs delta_time = 0.012689888013733757 (length 1.0 ns) False False
2025-04-08 15:28:26,344 - [MainProcess:146256] mummi_ras.online.simulation:has_computed_enough:352 - INFO - runtime_hours*0.99 = 0.495 vs delta_time = 0.013247208197911581 (length 1.0 ns) False False
2025-04-08 15:28:28,350 - [MainProcess:146256] mummi_ras.online.simulation:has_computed_enough:352 - INFO - runtime_hours*0.99 = 0.495 vs delta_time = 0.013804495599534776 (length 1.0 ns) False False
2025-04-08 15:28:30,356 - [MainProcess:146256] mummi_ras.online.simulation:has_computed_enough:352 - INFO - runtime_hours*0.99 = 0.495 vs delta_time = 0.014361806975470648 (length 1.0 ns) False False
2025-04-08 15:28:32,362 - [MainProcess:146256] mummi_ras.online.simulation:has_computed_enough:352 - INFO - runtime_hours*0.99 = 0.495 vs delta_time = 0.014919097092416551 (length 1.0 ns) False False
2025-04-08 15:28:32,521 - [MainProcess:146256] mummi_ras.online.simulation:get_new_frames:399 - INFO - Getting all frame numbers in trajectory from 3 to 3.
2025-04-08 15:28:32,521 - [MainProcess:146256] mummi_ras.online.cg.cganalysis:run_main_analysis:193 - INFO - Process frame 3
2025-04-08 15:28:32,521 - [MainProcess:146256] mummi_ras.online.cg.cganalysis:processFrame:554 - INFO - Load 4 frames: current frame ID /tmp/mummi/cg/structure_iter00_000000000002-20250408_152719/traj_comp.xtc
2025-04-08 15:28:32,532 - [MainProcess:146256] mummi_ras.online.cg.cganalysis:processFrame:580 - INFO - Frame:     3, Time: 1500.000 ps, Bbox = [0, 181.55424, 0, 181.55424]
2025-04-08 15:28:32,532 - [MainProcess:146256] mummi_ras.online.cg.cganalysis:processFrame:584 - INFO - Lengths of layers: 668 31 485
2025-04-08 15:28:32,642 - [MainProcess:146256] mummi_ras.online.cg.cganalysis:processFrame:765 - INFO - Time for analysis - frameNum 3, time 0.12123942375183105 s
2025-04-08 15:28:34,643 - [MainProcess:146256] mummi_ras.online.simulation:has_computed_enough:352 - INFO - runtime_hours*0.99 = 0.495 vs delta_time = 0.015552566581302218 (length 1.5 ns) False False
2025-04-08 15:28:36,650 - [MainProcess:146256] mummi_ras.online.simulation:has_computed_enough:352 - INFO - runtime_hours*0.99 = 0.495 vs delta_time = 0.016109981735547382 (length 1.5 ns) False False
2025-04-08 15:28:38,656 - [MainProcess:146256] mummi_ras.online.simulation:has_computed_enough:352 - INFO - runtime_hours*0.99 = 0.495 vs delta_time = 0.016667297350035772 (length 1.5 ns) False False
2025-04-08 15:28:40,662 - [MainProcess:146256] mummi_ras.online.simulation:has_computed_enough:352 - INFO - runtime_hours*0.99 = 0.495 vs delta_time = 0.017224625282817416 (length 1.5 ns) False False
2025-04-08 15:28:42,669 - [MainProcess:146256] mummi_ras.online.simulation:has_computed_enough:352 - INFO - runtime_hours*0.99 = 0.495 vs delta_time = 0.01778192076418135 (length 1.5 ns) False False
2025-04-08 15:28:44,675 - [MainProcess:146256] mummi_ras.online.simulation:has_computed_enough:352 - INFO - runtime_hours*0.99 = 0.495 vs delta_time = 0.018339206245210436 (length 1.5 ns) False False
2025-04-08 15:28:46,681 - [MainProcess:146256] mummi_ras.online.simulation:has_computed_enough:352 - INFO - runtime_hours*0.99 = 0.495 vs delta_time = 0.01889654040336609 (length 1.5 ns) False False
2025-04-08 15:28:48,688 - [MainProcess:146256] mummi_ras.online.simulation:has_computed_enough:352 - INFO - runtime_hours*0.99 = 0.495 vs delta_time = 0.01945384396447076 (length 1.5 ns) False False
2025-04-08 15:28:50,694 - [MainProcess:146256] mummi_ras.online.simulation:has_computed_enough:352 - INFO - runtime_hours*0.99 = 0.495 vs delta_time = 0.020011126001675924 (length 1.5 ns) False False
2025-04-08 15:28:50,786 - [MainProcess:146256] mummi_ras.online.simulation:get_new_frames:399 - INFO - Getting all frame numbers in trajectory from 4 to 4.
2025-04-08 15:28:50,786 - [MainProcess:146256] mummi_ras.online.cg.cganalysis:run_main_analysis:193 - INFO - Process frame 4
2025-04-08 15:28:50,786 - [MainProcess:146256] mummi_ras.online.cg.cganalysis:processFrame:554 - INFO - Load 5 frames: current frame ID /tmp/mummi/cg/structure_iter00_000000000002-20250408_152719/traj_comp.xtc
2025-04-08 15:28:50,797 - [MainProcess:146256] mummi_ras.online.cg.cganalysis:processFrame:580 - INFO - Frame:     4, Time: 2000.000 ps, Bbox = [0, 181.23138, 0, 181.23138]
2025-04-08 15:28:50,797 - [MainProcess:146256] mummi_ras.online.cg.cganalysis:processFrame:584 - INFO - Lengths of layers: 666 30 488
2025-04-08 15:28:50,900 - [MainProcess:146256] mummi_ras.online.cg.cganalysis:processFrame:765 - INFO - Time for analysis - frameNum 4, time 0.11430096626281738 s
2025-04-08 15:28:52,901 - [MainProcess:146256] mummi_ras.online.simulation:has_computed_enough:352 - INFO - runtime_hours*0.99 = 0.495 vs delta_time = 0.020624236133363512 (length 2.0 ns) False False
2025-04-08 15:28:54,907 - [MainProcess:146256] mummi_ras.online.simulation:has_computed_enough:352 - INFO - runtime_hours*0.99 = 0.495 vs delta_time = 0.02118161592218611 (length 2.0 ns) False False
2025-04-08 15:28:56,914 - [MainProcess:146256] mummi_ras.online.simulation:has_computed_enough:352 - INFO - runtime_hours*0.99 = 0.495 vs delta_time = 0.021738923589388528 (length 2.0 ns) False False
2025-04-08 15:28:58,920 - [MainProcess:146256] mummi_ras.online.simulation:has_computed_enough:352 - INFO - runtime_hours*0.99 = 0.495 vs delta_time = 0.022296260860231187 (length 2.0 ns) False False
2025-04-08 15:29:00,927 - [MainProcess:146256] mummi_ras.online.simulation:has_computed_enough:352 - INFO - runtime_hours*0.99 = 0.495 vs delta_time = 0.02285357031557295 (length 2.0 ns) False False
2025-04-08 15:29:02,933 - [MainProcess:146256] mummi_ras.online.simulation:has_computed_enough:352 - INFO - runtime_hours*0.99 = 0.495 vs delta_time = 0.023410885797606574 (length 2.0 ns) False False
2025-04-08 15:29:04,939 - [MainProcess:146256] mummi_ras.online.simulation:has_computed_enough:352 - INFO - runtime_hours*0.99 = 0.495 vs delta_time = 0.023968178497420417 (length 2.0 ns) False False
2025-04-08 15:29:06,945 - [MainProcess:146256] mummi_ras.online.simulation:has_computed_enough:352 - INFO - runtime_hours*0.99 = 0.495 vs delta_time = 0.024525492125087315 (length 2.0 ns) False False
2025-04-08 15:29:08,952 - [MainProcess:146256] mummi_ras.online.simulation:has_computed_enough:352 - INFO - runtime_hours*0.99 = 0.495 vs delta_time = 0.025082802838749356 (length 2.0 ns) False False
2025-04-08 15:29:09,004 - [MainProcess:146256] mummi_ras.online.simulation:get_new_frames:399 - INFO - Getting all frame numbers in trajectory from 5 to 5.
2025-04-08 15:29:09,004 - [MainProcess:146256] mummi_ras.online.cg.cganalysis:run_main_analysis:193 - INFO - Process frame 5
2025-04-08 15:29:09,004 - [MainProcess:146256] mummi_ras.online.cg.cganalysis:processFrame:554 - INFO - Load 6 frames: current frame ID /tmp/mummi/cg/structure_iter00_000000000002-20250408_152719/traj_comp.xtc
2025-04-08 15:29:09,015 - [MainProcess:146256] mummi_ras.online.cg.cganalysis:processFrame:580 - INFO - Frame:     5, Time: 2500.000 ps, Bbox = [0, 181.60172, 0, 181.60172]
2025-04-08 15:29:09,015 - [MainProcess:146256] mummi_ras.online.cg.cganalysis:processFrame:584 - INFO - Lengths of layers: 666 31 487
2025-04-08 15:29:09,118 - [MainProcess:146256] mummi_ras.online.cg.cganalysis:processFrame:765 - INFO - Time for analysis - frameNum 5, time 0.11414337158203125 s
2025-04-08 15:29:11,119 - [MainProcess:146256] mummi_ras.online.simulation:has_computed_enough:352 - INFO - runtime_hours*0.99 = 0.495 vs delta_time = 0.02568484710322486 (length 2.5 ns) False False
2025-04-08 15:29:13,126 - [MainProcess:146256] mummi_ras.online.simulation:has_computed_enough:352 - INFO - runtime_hours*0.99 = 0.495 vs delta_time = 0.02624223099814521 (length 2.5 ns) False False
2025-04-08 15:29:15,132 - [MainProcess:146256] mummi_ras.online.simulation:has_computed_enough:352 - INFO - runtime_hours*0.99 = 0.495 vs delta_time = 0.026799573765860663 (length 2.5 ns) False False
2025-04-08 15:29:17,138 - [MainProcess:146256] mummi_ras.online.simulation:has_computed_enough:352 - INFO - runtime_hours*0.99 = 0.495 vs delta_time = 0.027356877856784395 (length 2.5 ns) False False
2025-04-08 15:29:19,145 - [MainProcess:146256] mummi_ras.online.simulation:has_computed_enough:352 - INFO - runtime_hours*0.99 = 0.495 vs delta_time = 0.02791419506072998 (length 2.5 ns) False False
2025-04-08 15:29:21,151 - [MainProcess:146256] mummi_ras.online.simulation:has_computed_enough:352 - INFO - runtime_hours*0.99 = 0.495 vs delta_time = 0.028471537364853753 (length 2.5 ns) False False
2025-04-08 15:29:23,158 - [MainProcess:146256] mummi_ras.online.simulation:has_computed_enough:352 - INFO - runtime_hours*0.99 = 0.495 vs delta_time = 0.02902887483437856 (length 2.5 ns) False False
2025-04-08 15:29:25,164 - [MainProcess:146256] mummi_ras.online.simulation:has_computed_enough:352 - INFO - runtime_hours*0.99 = 0.495 vs delta_time = 0.02958617130915324 (length 2.5 ns) False False
2025-04-08 15:29:27,170 - [MainProcess:146256] mummi_ras.online.simulation:has_computed_enough:352 - INFO - runtime_hours*0.99 = 0.495 vs delta_time = 0.03014352328247494 (length 2.5 ns) False False
2025-04-08 15:29:27,223 - [MainProcess:146256] mummi_ras.online.simulation:get_new_frames:399 - INFO - Getting all frame numbers in trajectory from 6 to 6.
2025-04-08 15:29:27,223 - [MainProcess:146256] mummi_ras.online.cg.cganalysis:run_main_analysis:193 - INFO - Process frame 6
2025-04-08 15:29:27,223 - [MainProcess:146256] mummi_ras.online.cg.cganalysis:processFrame:554 - INFO - Load 7 frames: current frame ID /tmp/mummi/cg/structure_iter00_000000000002-20250408_152719/traj_comp.xtc
2025-04-08 15:29:27,235 - [MainProcess:146256] mummi_ras.online.cg.cganalysis:processFrame:580 - INFO - Frame:     6, Time: 3000.000 ps, Bbox = [0, 181.3378, 0, 181.3378]
2025-04-08 15:29:27,235 - [MainProcess:146256] mummi_ras.online.cg.cganalysis:processFrame:584 - INFO - Lengths of layers: 665 26 493
2025-04-08 15:29:27,338 - [MainProcess:146256] mummi_ras.online.cg.cganalysis:processFrame:765 - INFO - Time for analysis - frameNum 6, time 0.11417984962463379 s
2025-04-08 15:29:29,338 - [MainProcess:146256] mummi_ras.online.simulation:has_computed_enough:352 - INFO - runtime_hours*0.99 = 0.495 vs delta_time = 0.03074563980102539 (length 3.0 ns) False False
2025-04-08 15:29:31,345 - [MainProcess:146256] mummi_ras.online.simulation:has_computed_enough:352 - INFO - runtime_hours*0.99 = 0.495 vs delta_time = 0.03130302978886498 (length 3.0 ns) False False
2025-04-08 15:29:33,351 - [MainProcess:146256] mummi_ras.online.simulation:has_computed_enough:352 - INFO - runtime_hours*0.99 = 0.495 vs delta_time = 0.031860339442888894 (length 3.0 ns) False False
2025-04-08 15:29:35,357 - [MainProcess:146256] mummi_ras.online.simulation:has_computed_enough:352 - INFO - runtime_hours*0.99 = 0.495 vs delta_time = 0.03241766240861681 (length 3.0 ns) False False
2025-04-08 15:29:37,363 - [MainProcess:146256] mummi_ras.online.simulation:has_computed_enough:352 - INFO - runtime_hours*0.99 = 0.495 vs delta_time = 0.03297493875026703 (length 3.0 ns) False False
2025-04-08 15:29:39,370 - [MainProcess:146256] mummi_ras.online.simulation:has_computed_enough:352 - INFO - runtime_hours*0.99 = 0.495 vs delta_time = 0.03353224754333496 (length 3.0 ns) False False
2025-04-08 15:29:41,376 - [MainProcess:146256] mummi_ras.online.simulation:has_computed_enough:352 - INFO - runtime_hours*0.99 = 0.495 vs delta_time = 0.03408952931563059 (length 3.0 ns) False False
2025-04-08 15:29:43,382 - [MainProcess:146256] mummi_ras.online.simulation:has_computed_enough:352 - INFO - runtime_hours*0.99 = 0.495 vs delta_time = 0.03464685022830963 (length 3.0 ns) False False
2025-04-08 15:29:43,611 - [MainProcess:146256] mummi_ras.online.simulation:get_new_frames:399 - INFO - Getting all frame numbers in trajectory from 7 to 7.
2025-04-08 15:29:43,612 - [MainProcess:146256] mummi_ras.online.cg.cganalysis:run_main_analysis:193 - INFO - Process frame 7
2025-04-08 15:29:43,612 - [MainProcess:146256] mummi_ras.online.cg.cganalysis:processFrame:554 - INFO - Load 8 frames: current frame ID /tmp/mummi/cg/structure_iter00_000000000002-20250408_152719/traj_comp.xtc
2025-04-08 15:29:43,623 - [MainProcess:146256] mummi_ras.online.cg.cganalysis:processFrame:580 - INFO - Frame:     7, Time: 3500.000 ps, Bbox = [0, 180.34064, 0, 180.34064]
2025-04-08 15:29:43,623 - [MainProcess:146256] mummi_ras.online.cg.cganalysis:processFrame:584 - INFO - Lengths of layers: 662 24 498
2025-04-08 15:29:43,726 - [MainProcess:146256] mummi_ras.online.cg.cganalysis:processFrame:765 - INFO - Time for analysis - frameNum 7, time 0.11467552185058594 s
2025-04-08 15:29:45,727 - [MainProcess:146256] mummi_ras.online.simulation:has_computed_enough:352 - INFO - runtime_hours*0.99 = 0.495 vs delta_time = 0.03529816283120049 (length 3.5 ns) False False
2025-04-08 15:29:47,734 - [MainProcess:146256] mummi_ras.online.simulation:has_computed_enough:352 - INFO - runtime_hours*0.99 = 0.495 vs delta_time = 0.03585555507077111 (length 3.5 ns) False False
2025-04-08 15:29:49,740 - [MainProcess:146256] mummi_ras.online.simulation:has_computed_enough:352 - INFO - runtime_hours*0.99 = 0.495 vs delta_time = 0.03641288366582659 (length 3.5 ns) False False
2025-04-08 15:29:51,746 - [MainProcess:146256] mummi_ras.online.simulation:has_computed_enough:352 - INFO - runtime_hours*0.99 = 0.495 vs delta_time = 0.036970195107989844 (length 3.5 ns) False False
2025-04-08 15:29:53,753 - [MainProcess:146256] mummi_ras.online.simulation:has_computed_enough:352 - INFO - runtime_hours*0.99 = 0.495 vs delta_time = 0.037527519000901115 (length 3.5 ns) False False
2025-04-08 15:29:55,759 - [MainProcess:146256] mummi_ras.online.simulation:has_computed_enough:352 - INFO - runtime_hours*0.99 = 0.495 vs delta_time = 0.038084835675027635 (length 3.5 ns) False False
2025-04-08 15:29:57,765 - [MainProcess:146256] mummi_ras.online.simulation:has_computed_enough:352 - INFO - runtime_hours*0.99 = 0.495 vs delta_time = 0.03864213208357493 (length 3.5 ns) False False
2025-04-08 15:29:59,772 - [MainProcess:146256] mummi_ras.online.simulation:has_computed_enough:352 - INFO - runtime_hours*0.99 = 0.495 vs delta_time = 0.0391994344525867 (length 3.5 ns) False False
2025-04-08 15:30:01,778 - [MainProcess:146256] mummi_ras.online.simulation:has_computed_enough:352 - INFO - runtime_hours*0.99 = 0.495 vs delta_time = 0.039756750067075096 (length 3.5 ns) False False
2025-04-08 15:30:01,870 - [MainProcess:146256] mummi_ras.online.simulation:get_new_frames:399 - INFO - Getting all frame numbers in trajectory from 8 to 8.
2025-04-08 15:30:01,870 - [MainProcess:146256] mummi_ras.online.cg.cganalysis:run_main_analysis:193 - INFO - Process frame 8
2025-04-08 15:30:01,870 - [MainProcess:146256] mummi_ras.online.cg.cganalysis:processFrame:554 - INFO - Load 9 frames: current frame ID /tmp/mummi/cg/structure_iter00_000000000002-20250408_152719/traj_comp.xtc
2025-04-08 15:30:01,882 - [MainProcess:146256] mummi_ras.online.cg.cganalysis:processFrame:580 - INFO - Frame:     8, Time: 4000.000 ps, Bbox = [0, 180.75941, 0, 180.75941]
2025-04-08 15:30:01,882 - [MainProcess:146256] mummi_ras.online.cg.cganalysis:processFrame:584 - INFO - Lengths of layers: 663 27 494
2025-04-08 15:30:01,985 - [MainProcess:146256] mummi_ras.online.cg.cganalysis:processFrame:765 - INFO - Time for analysis - frameNum 8, time 0.11414432525634766 s
2025-04-08 15:30:03,985 - [MainProcess:146256] mummi_ras.online.simulation:has_computed_enough:352 - INFO - runtime_hours*0.99 = 0.495 vs delta_time = 0.040369863708813986 (length 4.0 ns) False False
2025-04-08 15:30:05,992 - [MainProcess:146256] mummi_ras.online.simulation:has_computed_enough:352 - INFO - runtime_hours*0.99 = 0.495 vs delta_time = 0.04092724409368303 (length 4.0 ns) False False
2025-04-08 15:30:07,998 - [MainProcess:146256] mummi_ras.online.simulation:has_computed_enough:352 - INFO - runtime_hours*0.99 = 0.495 vs delta_time = 0.041484571562872996 (length 4.0 ns) False False
2025-04-08 15:30:10,004 - [MainProcess:146256] mummi_ras.online.simulation:has_computed_enough:352 - INFO - runtime_hours*0.99 = 0.495 vs delta_time = 0.04204187141524421 (length 4.0 ns) False False
2025-04-08 15:30:12,011 - [MainProcess:146256] mummi_ras.online.simulation:has_computed_enough:352 - INFO - runtime_hours*0.99 = 0.495 vs delta_time = 0.04259918709595998 (length 4.0 ns) False False
2025-04-08 15:30:14,017 - [MainProcess:146256] mummi_ras.online.simulation:has_computed_enough:352 - INFO - runtime_hours*0.99 = 0.495 vs delta_time = 0.04315652045938704 (length 4.0 ns) False False
2025-04-08 15:30:16,023 - [MainProcess:146256] mummi_ras.online.simulation:has_computed_enough:352 - INFO - runtime_hours*0.99 = 0.495 vs delta_time = 0.04371383859051598 (length 4.0 ns) False False
2025-04-08 15:30:18,030 - [MainProcess:146256] mummi_ras.online.simulation:has_computed_enough:352 - INFO - runtime_hours*0.99 = 0.495 vs delta_time = 0.04427114572789934 (length 4.0 ns) False False
2025-04-08 15:30:20,036 - [MainProcess:146256] mummi_ras.online.simulation:has_computed_enough:352 - INFO - runtime_hours*0.99 = 0.495 vs delta_time = 0.04482847796546088 (length 4.0 ns) False False
2025-04-08 15:30:20,088 - [MainProcess:146256] mummi_ras.online.simulation:get_new_frames:399 - INFO - Getting all frame numbers in trajectory from 9 to 9.
2025-04-08 15:30:20,088 - [MainProcess:146256] mummi_ras.online.cg.cganalysis:run_main_analysis:193 - INFO - Process frame 9
2025-04-08 15:30:20,089 - [MainProcess:146256] mummi_ras.online.cg.cganalysis:processFrame:554 - INFO - Load 10 frames: current frame ID /tmp/mummi/cg/structure_iter00_000000000002-20250408_152719/traj_comp.xtc
2025-04-08 15:30:20,100 - [MainProcess:146256] mummi_ras.online.cg.cganalysis:processFrame:580 - INFO - Frame:     9, Time: 4500.000 ps, Bbox = [0, 180.42574, 0, 180.42574]
2025-04-08 15:30:20,100 - [MainProcess:146256] mummi_ras.online.cg.cganalysis:processFrame:584 - INFO - Lengths of layers: 660 27 497
2025-04-08 15:30:20,202 - [MainProcess:146256] mummi_ras.online.cg.cganalysis:processFrame:765 - INFO - Time for analysis - frameNum 9, time 0.11394333839416504 s
2025-04-08 15:30:22,203 - [MainProcess:146256] mummi_ras.online.simulation:has_computed_enough:352 - INFO - runtime_hours*0.99 = 0.495 vs delta_time = 0.04543039792113834 (length 4.5 ns) False False
2025-04-08 15:30:22,210 - [MainProcess:146256] mummi_ras.online.cg.cganalysis:processOutput:92 - INFO - Add feedback for frameNum 0 - state []
2025-04-08 15:30:22,210 - [MainProcess:146256] mummi_ras.online.cg.cganalysis:processOutput:92 - INFO - Add feedback for frameNum 1 - state []
2025-04-08 15:30:22,210 - [MainProcess:146256] mummi_ras.online.cg.cganalysis:processOutput:92 - INFO - Add feedback for frameNum 2 - state []
2025-04-08 15:30:22,210 - [MainProcess:146256] mummi_ras.online.cg.cganalysis:processOutput:92 - INFO - Add feedback for frameNum 3 - state []
2025-04-08 15:30:22,210 - [MainProcess:146256] mummi_ras.online.cg.cganalysis:processOutput:92 - INFO - Add feedback for frameNum 4 - state []
2025-04-08 15:30:22,210 - [MainProcess:146256] mummi_ras.online.cg.cganalysis:processOutput:92 - INFO - Add feedback for frameNum 5 - state []
2025-04-08 15:30:22,211 - [MainProcess:146256] mummi_ras.online.cg.cganalysis:processOutput:92 - INFO - Add feedback for frameNum 6 - state []
2025-04-08 15:30:22,211 - [MainProcess:146256] mummi_ras.online.cg.cganalysis:processOutput:92 - INFO - Add feedback for frameNum 7 - state []
2025-04-08 15:30:22,211 - [MainProcess:146256] mummi_ras.online.cg.cganalysis:processOutput:92 - INFO - Add feedback for frameNum 8 - state []
2025-04-08 15:30:22,211 - [MainProcess:146256] mummi_ras.online.cg.cganalysis:processOutput:92 - INFO - Add feedback for frameNum 9 - state []
2025-04-08 15:30:22,228 - [MainProcess:146256] mummi_core.interfaces.simple:_save_files:91 - INFO - Wrote 10 files to (/p/gpfs1/pottier1/minimummi-sc25/roots/root1/feedback-cg2ml/002)
2025-04-08 15:30:22,228 - [MainProcess:146256] mummi_ras.feedback.feedback_manager_cg2ml:report:118 - INFO - Added 10 frames (from structure_iter00_000000000002) to feedback (/p/gpfs1/pottier1/minimummi-sc25/roots/root1/feedback-cg2ml)
2025-04-08 15:30:22,228 - [MainProcess:146256] mummi_ras.online.cg.cganalysis:processOutput:112 - INFO - processOutput: 9
2025-04-08 15:30:22,228 - [MainProcess:146256] mummi_ras.online.cg.cganalysis:copyRemoteRestart:452 - INFO - Copy to remote frames [0, 1, 2, 3, 4, 5, 6, 7, 8, 9]
sending incremental file list
rsync: link_stat "/tmp/mummi/cg/structure_iter00_000000000002-20250408_152719/state.cpt" failed: No such file or directory (2)
ener.edr
md.log
mdrun.log
topol.tpr
traj_comp.xtc

sent 3,914,471 bytes  received 111 bytes  7,829,164.00 bytes/sec
total size is 3,913,160  speedup is 1.00
rsync error: some files/attrs were not transferred (see previous errors) (code 23) at main.c(1179) [sender=3.1.2]
2025-04-08 15:30:22,388 - [MainProcess:146256] mummi_core.utils.utilities:sys_call:184 - INFO - Run command: rsync -va --no-g traj_comp.xtc topol.tpr state.cpt ener.edr md.log mdrun.log /p/gpfs1/pottier1/minimummi-sc25/roots/root1/sims-cg/structure_iter00_000000000002 || true
2025-04-08 15:30:22,780 - [MainProcess:146256] mummi_ras.interfaces.mummi:save_analysis_data:253 - INFO - Saved all analysis data for frames [0, 1, 2, 3, 4, 5, 6, 7, 8, 9]
2025-04-08 15:30:22,781 - [MainProcess:146256] mummi_ras.online.cg.cganalysis:copyRemoteLogs:350 - INFO - Copy over log files
2025-04-08 15:30:22,815 - [MainProcess:146256] mummi_core.utils.utilities:sys_call:184 - INFO - Run command: cp -r  /tmp/mummi/cg/structure_iter00_000000000002-20250408_152719/cg_analysis.out /tmp/mummi/cg/structure_iter00_000000000002-20250408_152719/traj_comp.xtc /tmp/mummi/cg/structure_iter00_000000000002-20250408_152719/*.log /p/gpfs1/pottier1/minimummi-sc25/roots/root1/sims-cg/structure_iter00_000000000002/ || true
2025-04-08 15:30:22,815 - [MainProcess:146256] mummi_ras.online.cg.cganalysis:copyRemoteLogs:365 - INFO - copyRemoteLogs =  /tmp/mummi/cg/structure_iter00_000000000002-20250408_152719/cg_analysis.out /tmp/mummi/cg/structure_iter00_000000000002-20250408_152719/traj_comp.xtc /tmp/mummi/cg/structure_iter00_000000000002-20250408_152719/*.log
2025-04-08 15:30:22,815 - [MainProcess:146256] mummi_ras.online.cg.cganalysis:cleanupLocal:375 - WARNING - Copy cleanup local only works for ddcMD files
2025-04-08 15:30:24,815 - [MainProcess:146256] mummi_ras.online.simulation:has_computed_enough:352 - INFO - runtime_hours*0.99 = 0.495 vs delta_time = 0.04615597526232402 (length 4.5 ns) False False
2025-04-08 15:30:26,822 - [MainProcess:146256] mummi_ras.online.simulation:has_computed_enough:352 - INFO - runtime_hours*0.99 = 0.495 vs delta_time = 0.046713325712415904 (length 4.5 ns) False False
2025-04-08 15:30:28,828 - [MainProcess:146256] mummi_ras.online.simulation:has_computed_enough:352 - INFO - runtime_hours*0.99 = 0.495 vs delta_time = 0.04727066530121697 (length 4.5 ns) False False
2025-04-08 15:30:30,834 - [MainProcess:146256] mummi_ras.online.simulation:has_computed_enough:352 - INFO - runtime_hours*0.99 = 0.495 vs delta_time = 0.04782800369792514 (length 4.5 ns) False False
2025-04-08 15:30:32,841 - [MainProcess:146256] mummi_ras.online.simulation:has_computed_enough:352 - INFO - runtime_hours*0.99 = 0.495 vs delta_time = 0.04838531282212999 (length 4.5 ns) False False
2025-04-08 15:30:34,847 - [MainProcess:146256] mummi_ras.online.simulation:has_computed_enough:352 - INFO - runtime_hours*0.99 = 0.495 vs delta_time = 0.0489426357878579 (length 4.5 ns) False False
2025-04-08 15:30:36,854 - [MainProcess:146256] mummi_ras.online.simulation:has_computed_enough:352 - INFO - runtime_hours*0.99 = 0.495 vs delta_time = 0.04949997166792552 (length 4.5 ns) False False
2025-04-08 15:30:36,913 - [MainProcess:146256] mummi_ras.online.simulation:get_new_frames:399 - INFO - Getting all frame numbers in trajectory from 10 to 10.
2025-04-08 15:30:36,913 - [MainProcess:146256] mummi_ras.online.cg.cganalysis:run_main_analysis:193 - INFO - Process frame 10
2025-04-08 15:30:36,913 - [MainProcess:146256] mummi_ras.online.cg.cganalysis:processFrame:554 - INFO - Load 11 frames: current frame ID /tmp/mummi/cg/structure_iter00_000000000002-20250408_152719/traj_comp.xtc
2025-04-08 15:30:36,924 - [MainProcess:146256] mummi_ras.online.cg.cganalysis:processFrame:580 - INFO - Frame:    10, Time: 5000.000 ps, Bbox = [0, 181.92368, 0, 181.92368]
2025-04-08 15:30:36,924 - [MainProcess:146256] mummi_ras.online.cg.cganalysis:processFrame:584 - INFO - Lengths of layers: 663 25 496
2025-04-08 15:30:37,028 - [MainProcess:146256] mummi_ras.online.cg.cganalysis:processFrame:765 - INFO - Time for analysis - frameNum 10, time 0.1152193546295166 s
2025-04-08 15:30:39,029 - [MainProcess:146256] mummi_ras.online.simulation:has_computed_enough:352 - INFO - runtime_hours*0.99 = 0.495 vs delta_time = 0.05010420898596446 (length 5.0 ns) False False
2025-04-08 15:30:41,035 - [MainProcess:146256] mummi_ras.online.simulation:has_computed_enough:352 - INFO - runtime_hours*0.99 = 0.495 vs delta_time = 0.0506616003645791 (length 5.0 ns) False False
2025-04-08 15:30:43,042 - [MainProcess:146256] mummi_ras.online.simulation:has_computed_enough:352 - INFO - runtime_hours*0.99 = 0.495 vs delta_time = 0.05121890147527059 (length 5.0 ns) False False
2025-04-08 15:30:45,048 - [MainProcess:146256] mummi_ras.online.simulation:has_computed_enough:352 - INFO - runtime_hours*0.99 = 0.495 vs delta_time = 0.05177620146009657 (length 5.0 ns) False False
2025-04-08 15:30:47,054 - [MainProcess:146256] mummi_ras.online.simulation:has_computed_enough:352 - INFO - runtime_hours*0.99 = 0.495 vs delta_time = 0.05233349588182237 (length 5.0 ns) False False
2025-04-08 15:30:49,061 - [MainProcess:146256] mummi_ras.online.simulation:has_computed_enough:352 - INFO - runtime_hours*0.99 = 0.495 vs delta_time = 0.05289084282186296 (length 5.0 ns) False False
2025-04-08 15:30:51,067 - [MainProcess:146256] mummi_ras.online.simulation:has_computed_enough:352 - INFO - runtime_hours*0.99 = 0.495 vs delta_time = 0.053448256254196164 (length 5.0 ns) False False
2025-04-08 15:30:53,074 - [MainProcess:146256] mummi_ras.online.simulation:has_computed_enough:352 - INFO - runtime_hours*0.99 = 0.495 vs delta_time = 0.05400560690297021 (length 5.0 ns) False False
2025-04-08 15:30:55,080 - [MainProcess:146256] mummi_ras.online.simulation:has_computed_enough:352 - INFO - runtime_hours*0.99 = 0.495 vs delta_time = 0.05456291417280833 (length 5.0 ns) False False
2025-04-08 15:30:55,236 - [MainProcess:146256] mummi_ras.online.simulation:get_new_frames:399 - INFO - Getting all frame numbers in trajectory from 11 to 11.
2025-04-08 15:30:55,236 - [MainProcess:146256] mummi_ras.online.cg.cganalysis:run_main_analysis:193 - INFO - Process frame 11
2025-04-08 15:30:55,236 - [MainProcess:146256] mummi_ras.online.cg.cganalysis:processFrame:554 - INFO - Load 12 frames: current frame ID /tmp/mummi/cg/structure_iter00_000000000002-20250408_152719/traj_comp.xtc
2025-04-08 15:30:55,247 - [MainProcess:146256] mummi_ras.online.cg.cganalysis:processFrame:580 - INFO - Frame:    11, Time: 5500.000 ps, Bbox = [0, 180.51001, 0, 180.51001]
2025-04-08 15:30:55,247 - [MainProcess:146256] mummi_ras.online.cg.cganalysis:processFrame:584 - INFO - Lengths of layers: 661 29 494
2025-04-08 15:30:55,351 - [MainProcess:146256] mummi_ras.online.cg.cganalysis:processFrame:765 - INFO - Time for analysis - frameNum 11, time 0.1152029037475586 s
2025-04-08 15:30:57,352 - [MainProcess:146256] mummi_ras.online.simulation:has_computed_enough:352 - INFO - runtime_hours*0.99 = 0.495 vs delta_time = 0.05519394993782043 (length 5.5 ns) False False
2025-04-08 15:30:59,358 - [MainProcess:146256] mummi_ras.online.simulation:has_computed_enough:352 - INFO - runtime_hours*0.99 = 0.495 vs delta_time = 0.05575131323602465 (length 5.5 ns) False False
2025-04-08 15:31:01,365 - [MainProcess:146256] mummi_ras.online.simulation:has_computed_enough:352 - INFO - runtime_hours*0.99 = 0.495 vs delta_time = 0.05630863037374285 (length 5.5 ns) False False
2025-04-08 15:31:03,371 - [MainProcess:146256] mummi_ras.online.simulation:has_computed_enough:352 - INFO - runtime_hours*0.99 = 0.495 vs delta_time = 0.05686595062414805 (length 5.5 ns) False False
2025-04-08 15:31:05,377 - [MainProcess:146256] mummi_ras.online.simulation:has_computed_enough:352 - INFO - runtime_hours*0.99 = 0.495 vs delta_time = 0.057423271007008024 (length 5.5 ns) False False
2025-04-08 15:31:07,384 - [MainProcess:146256] mummi_ras.online.simulation:has_computed_enough:352 - INFO - runtime_hours*0.99 = 0.495 vs delta_time = 0.05798060132397546 (length 5.5 ns) False False
2025-04-08 15:31:09,390 - [MainProcess:146256] mummi_ras.online.simulation:has_computed_enough:352 - INFO - runtime_hours*0.99 = 0.495 vs delta_time = 0.05853792375988431 (length 5.5 ns) False False
2025-04-08 15:31:11,397 - [MainProcess:146256] mummi_ras.online.simulation:has_computed_enough:352 - INFO - runtime_hours*0.99 = 0.495 vs delta_time = 0.05909522983762953 (length 5.5 ns) False False
2025-04-08 15:31:13,403 - [MainProcess:146256] mummi_ras.online.simulation:has_computed_enough:352 - INFO - runtime_hours*0.99 = 0.495 vs delta_time = 0.05965252637863159 (length 5.5 ns) False False
2025-04-08 15:31:13,488 - [MainProcess:146256] mummi_ras.online.simulation:get_new_frames:399 - INFO - Getting all frame numbers in trajectory from 12 to 12.
2025-04-08 15:31:13,488 - [MainProcess:146256] mummi_ras.online.cg.cganalysis:run_main_analysis:193 - INFO - Process frame 12
2025-04-08 15:31:13,488 - [MainProcess:146256] mummi_ras.online.cg.cganalysis:processFrame:554 - INFO - Load 13 frames: current frame ID /tmp/mummi/cg/structure_iter00_000000000002-20250408_152719/traj_comp.xtc
2025-04-08 15:31:13,500 - [MainProcess:146256] mummi_ras.online.cg.cganalysis:processFrame:580 - INFO - Frame:    12, Time: 6000.000 ps, Bbox = [0, 181.41241, 0, 181.41241]
2025-04-08 15:31:13,500 - [MainProcess:146256] mummi_ras.online.cg.cganalysis:processFrame:584 - INFO - Lengths of layers: 661 28 495
2025-04-08 15:31:13,604 - [MainProcess:146256] mummi_ras.online.cg.cganalysis:processFrame:765 - INFO - Time for analysis - frameNum 12, time 0.11530351638793945 s
2025-04-08 15:31:15,604 - [MainProcess:146256] mummi_ras.online.simulation:has_computed_enough:352 - INFO - runtime_hours*0.99 = 0.495 vs delta_time = 0.0602640594376458 (length 6.0 ns) False False
2025-04-08 15:31:17,611 - [MainProcess:146256] mummi_ras.online.simulation:has_computed_enough:352 - INFO - runtime_hours*0.99 = 0.495 vs delta_time = 0.06082141631179386 (length 6.0 ns) False False
2025-04-08 15:31:19,617 - [MainProcess:146256] mummi_ras.online.simulation:has_computed_enough:352 - INFO - runtime_hours*0.99 = 0.495 vs delta_time = 0.061378735899925235 (length 6.0 ns) False False
2025-04-08 15:31:21,623 - [MainProcess:146256] mummi_ras.online.simulation:has_computed_enough:352 - INFO - runtime_hours*0.99 = 0.495 vs delta_time = 0.06193604509035746 (length 6.0 ns) False False
2025-04-08 15:31:23,630 - [MainProcess:146256] mummi_ras.online.simulation:has_computed_enough:352 - INFO - runtime_hours*0.99 = 0.495 vs delta_time = 0.06249336461226145 (length 6.0 ns) False False
2025-04-08 15:31:25,636 - [MainProcess:146256] mummi_ras.online.simulation:has_computed_enough:352 - INFO - runtime_hours*0.99 = 0.495 vs delta_time = 0.0630506753259235 (length 6.0 ns) False False
2025-04-08 15:31:27,642 - [MainProcess:146256] mummi_ras.online.simulation:has_computed_enough:352 - INFO - runtime_hours*0.99 = 0.495 vs delta_time = 0.06360800478193496 (length 6.0 ns) False False
2025-04-08 15:31:29,649 - [MainProcess:146256] mummi_ras.online.simulation:has_computed_enough:352 - INFO - runtime_hours*0.99 = 0.495 vs delta_time = 0.06416529066032833 (length 6.0 ns) False False
2025-04-08 15:31:31,655 - [MainProcess:146256] mummi_ras.online.simulation:has_computed_enough:352 - INFO - runtime_hours*0.99 = 0.495 vs delta_time = 0.06472260819541084 (length 6.0 ns) False False
2025-04-08 15:31:31,708 - [MainProcess:146256] mummi_ras.online.simulation:get_new_frames:399 - INFO - Getting all frame numbers in trajectory from 13 to 13.
2025-04-08 15:31:31,708 - [MainProcess:146256] mummi_ras.online.cg.cganalysis:run_main_analysis:193 - INFO - Process frame 13
2025-04-08 15:31:31,708 - [MainProcess:146256] mummi_ras.online.cg.cganalysis:processFrame:554 - INFO - Load 14 frames: current frame ID /tmp/mummi/cg/structure_iter00_000000000002-20250408_152719/traj_comp.xtc
2025-04-08 15:31:31,719 - [MainProcess:146256] mummi_ras.online.cg.cganalysis:processFrame:580 - INFO - Frame:    13, Time: 6500.000 ps, Bbox = [0, 180.29614, 0, 180.29614]
2025-04-08 15:31:31,719 - [MainProcess:146256] mummi_ras.online.cg.cganalysis:processFrame:584 - INFO - Lengths of layers: 658 33 493
2025-04-08 15:31:31,825 - [MainProcess:146256] mummi_ras.online.cg.cganalysis:processFrame:765 - INFO - Time for analysis - frameNum 13, time 0.11637473106384277 s
2025-04-08 15:31:33,825 - [MainProcess:146256] mummi_ras.online.simulation:has_computed_enough:352 - INFO - runtime_hours*0.99 = 0.495 vs delta_time = 0.06532543983724381 (length 6.5 ns) False False
2025-04-08 15:31:35,832 - [MainProcess:146256] mummi_ras.online.simulation:has_computed_enough:352 - INFO - runtime_hours*0.99 = 0.495 vs delta_time = 0.06588280823495653 (length 6.5 ns) False False
2025-04-08 15:31:37,838 - [MainProcess:146256] mummi_ras.online.simulation:has_computed_enough:352 - INFO - runtime_hours*0.99 = 0.495 vs delta_time = 0.06644012126657697 (length 6.5 ns) False False
2025-04-08 15:31:39,844 - [MainProcess:146256] mummi_ras.online.simulation:has_computed_enough:352 - INFO - runtime_hours*0.99 = 0.495 vs delta_time = 0.06699744919935863 (length 6.5 ns) False False
2025-04-08 15:31:41,851 - [MainProcess:146256] mummi_ras.online.simulation:has_computed_enough:352 - INFO - runtime_hours*0.99 = 0.495 vs delta_time = 0.06755476713180542 (length 6.5 ns) False False
2025-04-08 15:31:43,857 - [MainProcess:146256] mummi_ras.online.simulation:has_computed_enough:352 - INFO - runtime_hours*0.99 = 0.495 vs delta_time = 0.06811207460032569 (length 6.5 ns) False False
2025-04-08 15:31:45,863 - [MainProcess:146256] mummi_ras.online.simulation:has_computed_enough:352 - INFO - runtime_hours*0.99 = 0.495 vs delta_time = 0.06866935643884871 (length 6.5 ns) False False
2025-04-08 15:31:47,870 - [MainProcess:146256] mummi_ras.online.simulation:has_computed_enough:352 - INFO - runtime_hours*0.99 = 0.495 vs delta_time = 0.06922668516635895 (length 6.5 ns) False False
2025-04-08 15:31:47,922 - [MainProcess:146256] mummi_ras.online.simulation:get_new_frames:399 - INFO - Getting all frame numbers in trajectory from 14 to 14.
2025-04-08 15:31:47,923 - [MainProcess:146256] mummi_ras.online.cg.cganalysis:run_main_analysis:193 - INFO - Process frame 14
2025-04-08 15:31:47,923 - [MainProcess:146256] mummi_ras.online.cg.cganalysis:processFrame:554 - INFO - Load 15 frames: current frame ID /tmp/mummi/cg/structure_iter00_000000000002-20250408_152719/traj_comp.xtc
2025-04-08 15:31:47,934 - [MainProcess:146256] mummi_ras.online.cg.cganalysis:processFrame:580 - INFO - Frame:    14, Time: 7000.000 ps, Bbox = [0, 180.63672, 0, 180.63672]
2025-04-08 15:31:47,935 - [MainProcess:146256] mummi_ras.online.cg.cganalysis:processFrame:584 - INFO - Lengths of layers: 657 38 489
2025-04-08 15:31:48,038 - [MainProcess:146256] mummi_ras.online.cg.cganalysis:processFrame:765 - INFO - Time for analysis - frameNum 14, time 0.11526775360107422 s
2025-04-08 15:31:50,039 - [MainProcess:146256] mummi_ras.online.simulation:has_computed_enough:352 - INFO - runtime_hours*0.99 = 0.495 vs delta_time = 0.0698291880554623 (length 7.0 ns) False False
2025-04-08 15:31:52,045 - [MainProcess:146256] mummi_ras.online.simulation:has_computed_enough:352 - INFO - runtime_hours*0.99 = 0.495 vs delta_time = 0.07038658228185442 (length 7.0 ns) False False
2025-04-08 15:31:54,052 - [MainProcess:146256] mummi_ras.online.simulation:has_computed_enough:352 - INFO - runtime_hours*0.99 = 0.495 vs delta_time = 0.07094390312830608 (length 7.0 ns) False False
2025-04-08 15:31:56,058 - [MainProcess:146256] mummi_ras.online.simulation:has_computed_enough:352 - INFO - runtime_hours*0.99 = 0.495 vs delta_time = 0.07150121721956465 (length 7.0 ns) False False
2025-04-08 15:31:58,064 - [MainProcess:146256] mummi_ras.online.simulation:has_computed_enough:352 - INFO - runtime_hours*0.99 = 0.495 vs delta_time = 0.07205852879418267 (length 7.0 ns) False False
2025-04-08 15:32:00,071 - [MainProcess:146256] mummi_ras.online.simulation:has_computed_enough:352 - INFO - runtime_hours*0.99 = 0.495 vs delta_time = 0.07261585228972965 (length 7.0 ns) False False
2025-04-08 15:32:02,077 - [MainProcess:146256] mummi_ras.online.simulation:has_computed_enough:352 - INFO - runtime_hours*0.99 = 0.495 vs delta_time = 0.07317317658000522 (length 7.0 ns) False False
2025-04-08 15:32:04,084 - [MainProcess:146256] mummi_ras.online.simulation:has_computed_enough:352 - INFO - runtime_hours*0.99 = 0.495 vs delta_time = 0.07373051153288947 (length 7.0 ns) False False
2025-04-08 15:32:06,090 - [MainProcess:146256] mummi_ras.online.simulation:has_computed_enough:352 - INFO - runtime_hours*0.99 = 0.495 vs delta_time = 0.07428783575693766 (length 7.0 ns) False False
2025-04-08 15:32:06,251 - [MainProcess:146256] mummi_ras.online.simulation:get_new_frames:399 - INFO - Getting all frame numbers in trajectory from 15 to 15.
2025-04-08 15:32:06,252 - [MainProcess:146256] mummi_ras.online.cg.cganalysis:run_main_analysis:193 - INFO - Process frame 15
2025-04-08 15:32:06,252 - [MainProcess:146256] mummi_ras.online.cg.cganalysis:processFrame:554 - INFO - Load 16 frames: current frame ID /tmp/mummi/cg/structure_iter00_000000000002-20250408_152719/traj_comp.xtc
2025-04-08 15:32:06,263 - [MainProcess:146256] mummi_ras.online.cg.cganalysis:processFrame:580 - INFO - Frame:    15, Time: 7500.000 ps, Bbox = [0, 179.87604, 0, 179.87604]
2025-04-08 15:32:06,263 - [MainProcess:146256] mummi_ras.online.cg.cganalysis:processFrame:584 - INFO - Lengths of layers: 658 38 488
2025-04-08 15:32:06,367 - [MainProcess:146256] mummi_ras.online.cg.cganalysis:processFrame:765 - INFO - Time for analysis - frameNum 15, time 0.11511802673339844 s
2025-04-08 15:32:08,368 - [MainProcess:146256] mummi_ras.online.simulation:has_computed_enough:352 - INFO - runtime_hours*0.99 = 0.495 vs delta_time = 0.07492052733898164 (length 7.5 ns) False False
2025-04-08 15:32:10,374 - [MainProcess:146256] mummi_ras.online.simulation:has_computed_enough:352 - INFO - runtime_hours*0.99 = 0.495 vs delta_time = 0.07547788275612725 (length 7.5 ns) False False
2025-04-08 15:32:12,380 - [MainProcess:146256] mummi_ras.online.simulation:has_computed_enough:352 - INFO - runtime_hours*0.99 = 0.495 vs delta_time = 0.0760351949930191 (length 7.5 ns) False False
2025-04-08 15:32:14,387 - [MainProcess:146256] mummi_ras.online.simulation:has_computed_enough:352 - INFO - runtime_hours*0.99 = 0.495 vs delta_time = 0.0765925450457467 (length 7.5 ns) False False
2025-04-08 15:32:16,393 - [MainProcess:146256] mummi_ras.online.simulation:has_computed_enough:352 - INFO - runtime_hours*0.99 = 0.495 vs delta_time = 0.07714987695217132 (length 7.5 ns) False False
2025-04-08 15:32:18,400 - [MainProcess:146256] mummi_ras.online.simulation:has_computed_enough:352 - INFO - runtime_hours*0.99 = 0.495 vs delta_time = 0.07770718210273318 (length 7.5 ns) False False
2025-04-08 15:32:20,406 - [MainProcess:146256] mummi_ras.online.simulation:has_computed_enough:352 - INFO - runtime_hours*0.99 = 0.495 vs delta_time = 0.07826447751786973 (length 7.5 ns) False False
2025-04-08 15:32:22,412 - [MainProcess:146256] mummi_ras.online.simulation:has_computed_enough:352 - INFO - runtime_hours*0.99 = 0.495 vs delta_time = 0.07882177419132656 (length 7.5 ns) False False
2025-04-08 15:32:24,418 - [MainProcess:146256] mummi_ras.online.simulation:has_computed_enough:352 - INFO - runtime_hours*0.99 = 0.495 vs delta_time = 0.07937907543447283 (length 7.5 ns) False False
2025-04-08 15:32:24,511 - [MainProcess:146256] mummi_ras.online.simulation:get_new_frames:399 - INFO - Getting all frame numbers in trajectory from 16 to 16.
2025-04-08 15:32:24,511 - [MainProcess:146256] mummi_ras.online.cg.cganalysis:run_main_analysis:193 - INFO - Process frame 16
2025-04-08 15:32:24,511 - [MainProcess:146256] mummi_ras.online.cg.cganalysis:processFrame:554 - INFO - Load 17 frames: current frame ID /tmp/mummi/cg/structure_iter00_000000000002-20250408_152719/traj_comp.xtc
2025-04-08 15:32:24,523 - [MainProcess:146256] mummi_ras.online.cg.cganalysis:processFrame:580 - INFO - Frame:    16, Time: 8000.000 ps, Bbox = [0, 180.18118, 0, 180.18118]
2025-04-08 15:32:24,523 - [MainProcess:146256] mummi_ras.online.cg.cganalysis:processFrame:584 - INFO - Lengths of layers: 660 37 487
2025-04-08 15:32:24,627 - [MainProcess:146256] mummi_ras.online.cg.cganalysis:processFrame:765 - INFO - Time for analysis - frameNum 16, time 0.1150662899017334 s
2025-04-08 15:32:26,627 - [MainProcess:146256] mummi_ras.online.simulation:has_computed_enough:352 - INFO - runtime_hours*0.99 = 0.495 vs delta_time = 0.07999264995257059 (length 8.0 ns) False False
2025-04-08 15:32:28,634 - [MainProcess:146256] mummi_ras.online.simulation:has_computed_enough:352 - INFO - runtime_hours*0.99 = 0.495 vs delta_time = 0.08055006093449063 (length 8.0 ns) False False
2025-04-08 15:32:30,640 - [MainProcess:146256] mummi_ras.online.simulation:has_computed_enough:352 - INFO - runtime_hours*0.99 = 0.495 vs delta_time = 0.08110741211308373 (length 8.0 ns) False False
2025-04-08 15:32:32,647 - [MainProcess:146256] mummi_ras.online.simulation:has_computed_enough:352 - INFO - runtime_hours*0.99 = 0.495 vs delta_time = 0.08166475150320265 (length 8.0 ns) False False
2025-04-08 15:32:34,653 - [MainProcess:146256] mummi_ras.online.simulation:has_computed_enough:352 - INFO - runtime_hours*0.99 = 0.495 vs delta_time = 0.08222207685311635 (length 8.0 ns) False False
2025-04-08 15:32:36,659 - [MainProcess:146256] mummi_ras.online.simulation:has_computed_enough:352 - INFO - runtime_hours*0.99 = 0.495 vs delta_time = 0.08277937392393749 (length 8.0 ns) False False
2025-04-08 15:32:38,666 - [MainProcess:146256] mummi_ras.online.simulation:has_computed_enough:352 - INFO - runtime_hours*0.99 = 0.495 vs delta_time = 0.08333668801519606 (length 8.0 ns) False False
2025-04-08 15:32:40,672 - [MainProcess:146256] mummi_ras.online.simulation:has_computed_enough:352 - INFO - runtime_hours*0.99 = 0.495 vs delta_time = 0.08389397985405392 (length 8.0 ns) False False
2025-04-08 15:32:40,725 - [MainProcess:146256] mummi_ras.online.simulation:get_new_frames:399 - INFO - Getting all frame numbers in trajectory from 17 to 17.
2025-04-08 15:32:40,725 - [MainProcess:146256] mummi_ras.online.cg.cganalysis:run_main_analysis:193 - INFO - Process frame 17
2025-04-08 15:32:40,726 - [MainProcess:146256] mummi_ras.online.cg.cganalysis:processFrame:554 - INFO - Load 18 frames: current frame ID /tmp/mummi/cg/structure_iter00_000000000002-20250408_152719/traj_comp.xtc
2025-04-08 15:32:40,737 - [MainProcess:146256] mummi_ras.online.cg.cganalysis:processFrame:580 - INFO - Frame:    17, Time: 8500.000 ps, Bbox = [0, 180.39886, 0, 180.39886]
2025-04-08 15:32:40,737 - [MainProcess:146256] mummi_ras.online.cg.cganalysis:processFrame:584 - INFO - Lengths of layers: 657 43 484
2025-04-08 15:32:40,840 - [MainProcess:146256] mummi_ras.online.cg.cganalysis:processFrame:765 - INFO - Time for analysis - frameNum 17, time 0.11483502388000488 s
2025-04-08 15:32:42,841 - [MainProcess:146256] mummi_ras.online.simulation:has_computed_enough:352 - INFO - runtime_hours*0.99 = 0.495 vs delta_time = 0.0844964583714803 (length 8.5 ns) False False
2025-04-08 15:32:44,848 - [MainProcess:146256] mummi_ras.online.simulation:has_computed_enough:352 - INFO - runtime_hours*0.99 = 0.495 vs delta_time = 0.0850538734594981 (length 8.5 ns) False False
2025-04-08 15:32:46,854 - [MainProcess:146256] mummi_ras.online.simulation:has_computed_enough:352 - INFO - runtime_hours*0.99 = 0.495 vs delta_time = 0.0856112191412184 (length 8.5 ns) False False
2025-04-08 15:32:48,860 - [MainProcess:146256] mummi_ras.online.simulation:has_computed_enough:352 - INFO - runtime_hours*0.99 = 0.495 vs delta_time = 0.08616852521896362 (length 8.5 ns) False False
2025-04-08 15:32:50,867 - [MainProcess:146256] mummi_ras.online.simulation:has_computed_enough:352 - INFO - runtime_hours*0.99 = 0.495 vs delta_time = 0.08672582023673588 (length 8.5 ns) False False
2025-04-08 15:32:52,873 - [MainProcess:146256] mummi_ras.online.simulation:has_computed_enough:352 - INFO - runtime_hours*0.99 = 0.495 vs delta_time = 0.08728313538763258 (length 8.5 ns) False False
2025-04-08 15:32:54,879 - [MainProcess:146256] mummi_ras.online.simulation:has_computed_enough:352 - INFO - runtime_hours*0.99 = 0.495 vs delta_time = 0.08784048133426242 (length 8.5 ns) False False
2025-04-08 15:32:56,886 - [MainProcess:146256] mummi_ras.online.simulation:has_computed_enough:352 - INFO - runtime_hours*0.99 = 0.495 vs delta_time = 0.08839782867166732 (length 8.5 ns) False False
2025-04-08 15:32:58,892 - [MainProcess:146256] mummi_ras.online.simulation:has_computed_enough:352 - INFO - runtime_hours*0.99 = 0.495 vs delta_time = 0.08895516958501604 (length 8.5 ns) False False
2025-04-08 15:32:58,945 - [MainProcess:146256] mummi_ras.online.simulation:get_new_frames:399 - INFO - Getting all frame numbers in trajectory from 18 to 18.
2025-04-08 15:32:58,945 - [MainProcess:146256] mummi_ras.online.cg.cganalysis:run_main_analysis:193 - INFO - Process frame 18
2025-04-08 15:32:58,945 - [MainProcess:146256] mummi_ras.online.cg.cganalysis:processFrame:554 - INFO - Load 19 frames: current frame ID /tmp/mummi/cg/structure_iter00_000000000002-20250408_152719/traj_comp.xtc
2025-04-08 15:32:58,957 - [MainProcess:146256] mummi_ras.online.cg.cganalysis:processFrame:580 - INFO - Frame:    18, Time: 9000.000 ps, Bbox = [0, 181.29697, 0, 181.29697]
2025-04-08 15:32:58,957 - [MainProcess:146256] mummi_ras.online.cg.cganalysis:processFrame:584 - INFO - Lengths of layers: 657 41 486
2025-04-08 15:32:59,061 - [MainProcess:146256] mummi_ras.online.cg.cganalysis:processFrame:765 - INFO - Time for analysis - frameNum 18, time 0.11526274681091309 s
2025-04-08 15:33:01,061 - [MainProcess:146256] mummi_ras.online.simulation:has_computed_enough:352 - INFO - runtime_hours*0.99 = 0.495 vs delta_time = 0.08955766836802165 (length 9.0 ns) False False
2025-04-08 15:33:03,068 - [MainProcess:146256] mummi_ras.online.simulation:has_computed_enough:352 - INFO - runtime_hours*0.99 = 0.495 vs delta_time = 0.09011503464645809 (length 9.0 ns) False False
2025-04-08 15:33:05,074 - [MainProcess:146256] mummi_ras.online.simulation:has_computed_enough:352 - INFO - runtime_hours*0.99 = 0.495 vs delta_time = 0.09067233926720089 (length 9.0 ns) False False
2025-04-08 15:33:07,080 - [MainProcess:146256] mummi_ras.online.simulation:has_computed_enough:352 - INFO - runtime_hours*0.99 = 0.495 vs delta_time = 0.09122964786158667 (length 9.0 ns) False False
2025-04-08 15:33:09,087 - [MainProcess:146256] mummi_ras.online.simulation:has_computed_enough:352 - INFO - runtime_hours*0.99 = 0.495 vs delta_time = 0.0917869739400016 (length 9.0 ns) False False
2025-04-08 15:33:11,093 - [MainProcess:146256] mummi_ras.online.simulation:has_computed_enough:352 - INFO - runtime_hours*0.99 = 0.495 vs delta_time = 0.09234428770012326 (length 9.0 ns) False False
2025-04-08 15:33:13,099 - [MainProcess:146256] mummi_ras.online.simulation:has_computed_enough:352 - INFO - runtime_hours*0.99 = 0.495 vs delta_time = 0.09290161430835724 (length 9.0 ns) False False
2025-04-08 15:33:15,106 - [MainProcess:146256] mummi_ras.online.simulation:has_computed_enough:352 - INFO - runtime_hours*0.99 = 0.495 vs delta_time = 0.09345894859896765 (length 9.0 ns) False False
2025-04-08 15:33:17,112 - [MainProcess:146256] mummi_ras.online.simulation:has_computed_enough:352 - INFO - runtime_hours*0.99 = 0.495 vs delta_time = 0.09401623407999675 (length 9.0 ns) False False
2025-04-08 15:33:17,281 - [MainProcess:146256] mummi_ras.online.simulation:get_new_frames:399 - INFO - Getting all frame numbers in trajectory from 19 to 19.
2025-04-08 15:33:17,281 - [MainProcess:146256] mummi_ras.online.cg.cganalysis:run_main_analysis:193 - INFO - Process frame 19
2025-04-08 15:33:17,281 - [MainProcess:146256] mummi_ras.online.cg.cganalysis:processFrame:554 - INFO - Load 20 frames: current frame ID /tmp/mummi/cg/structure_iter00_000000000002-20250408_152719/traj_comp.xtc
2025-04-08 15:33:17,292 - [MainProcess:146256] mummi_ras.online.cg.cganalysis:processFrame:580 - INFO - Frame:    19, Time: 9500.000 ps, Bbox = [0, 180.35178, 0, 180.35178]
2025-04-08 15:33:17,292 - [MainProcess:146256] mummi_ras.online.cg.cganalysis:processFrame:584 - INFO - Lengths of layers: 660 33 491
2025-04-08 15:33:17,396 - [MainProcess:146256] mummi_ras.online.cg.cganalysis:processFrame:765 - INFO - Time for analysis - frameNum 19, time 0.11464524269104004 s
2025-04-08 15:33:19,396 - [MainProcess:146256] mummi_ras.online.simulation:has_computed_enough:352 - INFO - runtime_hours*0.99 = 0.495 vs delta_time = 0.09465072923236423 (length 9.5 ns) False False
2025-04-08 15:33:19,403 - [MainProcess:146256] mummi_ras.online.cg.cganalysis:processOutput:92 - INFO - Add feedback for frameNum 10 - state []
2025-04-08 15:33:19,403 - [MainProcess:146256] mummi_ras.online.cg.cganalysis:processOutput:92 - INFO - Add feedback for frameNum 11 - state []
2025-04-08 15:33:19,403 - [MainProcess:146256] mummi_ras.online.cg.cganalysis:processOutput:92 - INFO - Add feedback for frameNum 12 - state []
2025-04-08 15:33:19,403 - [MainProcess:146256] mummi_ras.online.cg.cganalysis:processOutput:92 - INFO - Add feedback for frameNum 13 - state []
2025-04-08 15:33:19,403 - [MainProcess:146256] mummi_ras.online.cg.cganalysis:processOutput:92 - INFO - Add feedback for frameNum 14 - state []
2025-04-08 15:33:19,404 - [MainProcess:146256] mummi_ras.online.cg.cganalysis:processOutput:92 - INFO - Add feedback for frameNum 15 - state []
2025-04-08 15:33:19,404 - [MainProcess:146256] mummi_ras.online.cg.cganalysis:processOutput:92 - INFO - Add feedback for frameNum 16 - state []
2025-04-08 15:33:19,404 - [MainProcess:146256] mummi_ras.online.cg.cganalysis:processOutput:92 - INFO - Add feedback for frameNum 17 - state []
2025-04-08 15:33:19,404 - [MainProcess:146256] mummi_ras.online.cg.cganalysis:processOutput:92 - INFO - Add feedback for frameNum 18 - state []
2025-04-08 15:33:19,404 - [MainProcess:146256] mummi_ras.online.cg.cganalysis:processOutput:92 - INFO - Add feedback for frameNum 19 - state []
2025-04-08 15:33:19,419 - [MainProcess:146256] mummi_core.interfaces.simple:_save_files:91 - INFO - Wrote 10 files to (/p/gpfs1/pottier1/minimummi-sc25/roots/root1/feedback-cg2ml/002)
2025-04-08 15:33:19,419 - [MainProcess:146256] mummi_ras.feedback.feedback_manager_cg2ml:report:118 - INFO - Added 10 frames (from structure_iter00_000000000002) to feedback (/p/gpfs1/pottier1/minimummi-sc25/roots/root1/feedback-cg2ml)
2025-04-08 15:33:19,419 - [MainProcess:146256] mummi_ras.online.cg.cganalysis:processOutput:112 - INFO - processOutput: 19
2025-04-08 15:33:19,419 - [MainProcess:146256] mummi_ras.online.cg.cganalysis:copyRemoteRestart:452 - INFO - Copy to remote frames [10, 11, 12, 13, 14, 15, 16, 17, 18, 19]
sending incremental file list
rsync: link_stat "/tmp/mummi/cg/structure_iter00_000000000002-20250408_152719/state.cpt" failed: No such file or directory (2)
ener.edr
md.log
mdrun.log
traj_comp.xtc

sent 4,387,122 bytes  received 92 bytes  8,774,428.00 bytes/sec
total size is 6,095,042  speedup is 1.39
rsync error: some files/attrs were not transferred (see previous errors) (code 23) at main.c(1179) [sender=3.1.2]
2025-04-08 15:33:19,546 - [MainProcess:146256] mummi_core.utils.utilities:sys_call:184 - INFO - Run command: rsync -va --no-g traj_comp.xtc topol.tpr state.cpt ener.edr md.log mdrun.log /p/gpfs1/pottier1/minimummi-sc25/roots/root1/sims-cg/structure_iter00_000000000002 || true
2025-04-08 15:33:19,966 - [MainProcess:146256] mummi_ras.interfaces.mummi:save_analysis_data:253 - INFO - Saved all analysis data for frames [10, 11, 12, 13, 14, 15, 16, 17, 18, 19]
2025-04-08 15:33:19,966 - [MainProcess:146256] mummi_ras.online.cg.cganalysis:copyRemoteLogs:350 - INFO - Copy over log files
2025-04-08 15:33:20,003 - [MainProcess:146256] mummi_core.utils.utilities:sys_call:184 - INFO - Run command: cp -r  /tmp/mummi/cg/structure_iter00_000000000002-20250408_152719/cg_analysis.out /tmp/mummi/cg/structure_iter00_000000000002-20250408_152719/traj_comp.xtc /tmp/mummi/cg/structure_iter00_000000000002-20250408_152719/*.log /p/gpfs1/pottier1/minimummi-sc25/roots/root1/sims-cg/structure_iter00_000000000002/ || true
2025-04-08 15:33:20,004 - [MainProcess:146256] mummi_ras.online.cg.cganalysis:copyRemoteLogs:365 - INFO - copyRemoteLogs =  /tmp/mummi/cg/structure_iter00_000000000002-20250408_152719/cg_analysis.out /tmp/mummi/cg/structure_iter00_000000000002-20250408_152719/traj_comp.xtc /tmp/mummi/cg/structure_iter00_000000000002-20250408_152719/*.log
2025-04-08 15:33:20,004 - [MainProcess:146256] mummi_ras.online.cg.cganalysis:cleanupLocal:375 - WARNING - Copy cleanup local only works for ddcMD files
2025-04-08 15:33:22,004 - [MainProcess:146256] mummi_ras.online.simulation:has_computed_enough:352 - INFO - runtime_hours*0.99 = 0.495 vs delta_time = 0.09537508673138088 (length 9.5 ns) False False
2025-04-08 15:33:24,011 - [MainProcess:146256] mummi_ras.online.simulation:has_computed_enough:352 - INFO - runtime_hours*0.99 = 0.495 vs delta_time = 0.09593248513009812 (length 9.5 ns) False False
2025-04-08 15:33:26,017 - [MainProcess:146256] mummi_ras.online.simulation:has_computed_enough:352 - INFO - runtime_hours*0.99 = 0.495 vs delta_time = 0.09648981988430023 (length 9.5 ns) False False
2025-04-08 15:33:28,023 - [MainProcess:146256] mummi_ras.online.simulation:has_computed_enough:352 - INFO - runtime_hours*0.99 = 0.495 vs delta_time = 0.09704714642630682 (length 9.5 ns) False False
2025-04-08 15:33:30,030 - [MainProcess:146256] mummi_ras.online.simulation:has_computed_enough:352 - INFO - runtime_hours*0.99 = 0.495 vs delta_time = 0.09760447449154323 (length 9.5 ns) False False
2025-04-08 15:33:32,036 - [MainProcess:146256] mummi_ras.online.simulation:has_computed_enough:352 - INFO - runtime_hours*0.99 = 0.495 vs delta_time = 0.09816182129912907 (length 9.5 ns) False False
2025-04-08 15:33:34,043 - [MainProcess:146256] mummi_ras.online.simulation:has_computed_enough:352 - INFO - runtime_hours*0.99 = 0.495 vs delta_time = 0.09871914360258315 (length 9.5 ns) False False
2025-04-08 15:33:34,146 - [MainProcess:146256] mummi_ras.online.simulation:get_new_frames:399 - INFO - Getting all frame numbers in trajectory from 20 to 20.
2025-04-08 15:33:34,146 - [MainProcess:146256] mummi_ras.online.cg.cganalysis:run_main_analysis:193 - INFO - Process frame 20
2025-04-08 15:33:34,146 - [MainProcess:146256] mummi_ras.online.cg.cganalysis:processFrame:554 - INFO - Load 21 frames: current frame ID /tmp/mummi/cg/structure_iter00_000000000002-20250408_152719/traj_comp.xtc
2025-04-08 15:33:34,157 - [MainProcess:146256] mummi_ras.online.cg.cganalysis:processFrame:580 - INFO - Frame:    20, Time: 10000.000 ps, Bbox = [0, 180.6791, 0, 180.6791]
2025-04-08 15:33:34,157 - [MainProcess:146256] mummi_ras.online.cg.cganalysis:processFrame:584 - INFO - Lengths of layers: 656 41 487
2025-04-08 15:33:34,260 - [MainProcess:146256] mummi_ras.online.cg.cganalysis:processFrame:765 - INFO - Time for analysis - frameNum 20, time 0.11412549018859863 s
2025-04-08 15:33:36,261 - [MainProcess:146256] mummi_ras.online.simulation:has_computed_enough:352 - INFO - runtime_hours*0.99 = 0.495 vs delta_time = 0.09933531158500247 (length 10.0 ns) False False
2025-04-08 15:33:38,267 - [MainProcess:146256] mummi_ras.online.simulation:has_computed_enough:352 - INFO - runtime_hours*0.99 = 0.495 vs delta_time = 0.09989267143938277 (length 10.0 ns) False False
2025-04-08 15:33:40,274 - [MainProcess:146256] mummi_ras.online.simulation:has_computed_enough:352 - INFO - runtime_hours*0.99 = 0.495 vs delta_time = 0.10045005056593154 (length 10.0 ns) False False
2025-04-08 15:33:42,280 - [MainProcess:146256] mummi_ras.online.simulation:has_computed_enough:352 - INFO - runtime_hours*0.99 = 0.495 vs delta_time = 0.10100736637910207 (length 10.0 ns) False False
2025-04-08 15:33:44,287 - [MainProcess:146256] mummi_ras.online.simulation:has_computed_enough:352 - INFO - runtime_hours*0.99 = 0.495 vs delta_time = 0.10156468292077382 (length 10.0 ns) False False
2025-04-08 15:33:46,293 - [MainProcess:146256] mummi_ras.online.simulation:has_computed_enough:352 - INFO - runtime_hours*0.99 = 0.495 vs delta_time = 0.1021220025089052 (length 10.0 ns) False False
2025-04-08 15:33:48,299 - [MainProcess:146256] mummi_ras.online.simulation:has_computed_enough:352 - INFO - runtime_hours*0.99 = 0.495 vs delta_time = 0.10267937951617771 (length 10.0 ns) False False
2025-04-08 15:33:50,306 - [MainProcess:146256] mummi_ras.online.simulation:has_computed_enough:352 - INFO - runtime_hours*0.99 = 0.495 vs delta_time = 0.10323674466874865 (length 10.0 ns) False False
2025-04-08 15:33:52,312 - [MainProcess:146256] mummi_ras.online.simulation:has_computed_enough:352 - INFO - runtime_hours*0.99 = 0.495 vs delta_time = 0.10379410929150051 (length 10.0 ns) False False
2025-04-08 15:33:52,373 - [MainProcess:146256] mummi_ras.online.simulation:get_new_frames:399 - INFO - Getting all frame numbers in trajectory from 21 to 21.
2025-04-08 15:33:52,373 - [MainProcess:146256] mummi_ras.online.cg.cganalysis:run_main_analysis:193 - INFO - Process frame 21
2025-04-08 15:33:52,374 - [MainProcess:146256] mummi_ras.online.cg.cganalysis:processFrame:554 - INFO - Load 22 frames: current frame ID /tmp/mummi/cg/structure_iter00_000000000002-20250408_152719/traj_comp.xtc
2025-04-08 15:33:52,385 - [MainProcess:146256] mummi_ras.online.cg.cganalysis:processFrame:580 - INFO - Frame:    21, Time: 10500.000 ps, Bbox = [0, 181.08757, 0, 181.08757]
2025-04-08 15:33:52,385 - [MainProcess:146256] mummi_ras.online.cg.cganalysis:processFrame:584 - INFO - Lengths of layers: 659 33 492
2025-04-08 15:33:52,488 - [MainProcess:146256] mummi_ras.online.cg.cganalysis:processFrame:765 - INFO - Time for analysis - frameNum 21, time 0.11400794982910156 s
2025-04-08 15:33:54,488 - [MainProcess:146256] mummi_ras.online.simulation:has_computed_enough:352 - INFO - runtime_hours*0.99 = 0.495 vs delta_time = 0.1043984835015403 (length 10.5 ns) False False
2025-04-08 15:33:56,495 - [MainProcess:146256] mummi_ras.online.simulation:has_computed_enough:352 - INFO - runtime_hours*0.99 = 0.495 vs delta_time = 0.1049558530251185 (length 10.5 ns) False False
2025-04-08 15:33:58,501 - [MainProcess:146256] mummi_ras.online.simulation:has_computed_enough:352 - INFO - runtime_hours*0.99 = 0.495 vs delta_time = 0.1055132171842787 (length 10.5 ns) False False
2025-04-08 15:34:00,508 - [MainProcess:146256] mummi_ras.online.simulation:has_computed_enough:352 - INFO - runtime_hours*0.99 = 0.495 vs delta_time = 0.1060705734623803 (length 10.5 ns) False False
2025-04-08 15:34:02,514 - [MainProcess:146256] mummi_ras.online.simulation:has_computed_enough:352 - INFO - runtime_hours*0.99 = 0.495 vs delta_time = 0.10662789854738447 (length 10.5 ns) False False
2025-04-08 15:34:04,520 - [MainProcess:146256] mummi_ras.online.simulation:has_computed_enough:352 - INFO - runtime_hours*0.99 = 0.495 vs delta_time = 0.10718521601623959 (length 10.5 ns) False False
2025-04-08 15:34:06,527 - [MainProcess:146256] mummi_ras.online.simulation:has_computed_enough:352 - INFO - runtime_hours*0.99 = 0.495 vs delta_time = 0.10774251891507043 (length 10.5 ns) False False
2025-04-08 15:34:08,533 - [MainProcess:146256] mummi_ras.online.simulation:has_computed_enough:352 - INFO - runtime_hours*0.99 = 0.495 vs delta_time = 0.10829987433221605 (length 10.5 ns) False False
2025-04-08 15:34:10,540 - [MainProcess:146256] mummi_ras.online.simulation:has_computed_enough:352 - INFO - runtime_hours*0.99 = 0.495 vs delta_time = 0.10885721703370412 (length 10.5 ns) False False
2025-04-08 15:34:10,593 - [MainProcess:146256] mummi_ras.online.simulation:get_new_frames:399 - INFO - Getting all frame numbers in trajectory from 22 to 22.
2025-04-08 15:34:10,593 - [MainProcess:146256] mummi_ras.online.cg.cganalysis:run_main_analysis:193 - INFO - Process frame 22
2025-04-08 15:34:10,593 - [MainProcess:146256] mummi_ras.online.cg.cganalysis:processFrame:554 - INFO - Load 23 frames: current frame ID /tmp/mummi/cg/structure_iter00_000000000002-20250408_152719/traj_comp.xtc
2025-04-08 15:34:10,605 - [MainProcess:146256] mummi_ras.online.cg.cganalysis:processFrame:580 - INFO - Frame:    22, Time: 11000.000 ps, Bbox = [0, 181.04605, 0, 181.04605]
2025-04-08 15:34:10,605 - [MainProcess:146256] mummi_ras.online.cg.cganalysis:processFrame:584 - INFO - Lengths of layers: 658 38 488
2025-04-08 15:34:10,708 - [MainProcess:146256] mummi_ras.online.cg.cganalysis:processFrame:765 - INFO - Time for analysis - frameNum 22, time 0.11446809768676758 s
2025-04-08 15:34:12,708 - [MainProcess:146256] mummi_ras.online.simulation:has_computed_enough:352 - INFO - runtime_hours*0.99 = 0.495 vs delta_time = 0.10945965323183271 (length 11.0 ns) False False
2025-04-08 15:34:14,715 - [MainProcess:146256] mummi_ras.online.simulation:has_computed_enough:352 - INFO - runtime_hours*0.99 = 0.495 vs delta_time = 0.11001703805393642 (length 11.0 ns) False False
2025-04-08 15:34:16,721 - [MainProcess:146256] mummi_ras.online.simulation:has_computed_enough:352 - INFO - runtime_hours*0.99 = 0.495 vs delta_time = 0.11057437691423629 (length 11.0 ns) False False
2025-04-08 15:34:18,728 - [MainProcess:146256] mummi_ras.online.simulation:has_computed_enough:352 - INFO - runtime_hours*0.99 = 0.495 vs delta_time = 0.11113171252939436 (length 11.0 ns) False False
2025-04-08 15:34:20,734 - [MainProcess:146256] mummi_ras.online.simulation:has_computed_enough:352 - INFO - runtime_hours*0.99 = 0.495 vs delta_time = 0.11168903112411499 (length 11.0 ns) False False
2025-04-08 15:34:22,741 - [MainProcess:146256] mummi_ras.online.simulation:has_computed_enough:352 - INFO - runtime_hours*0.99 = 0.495 vs delta_time = 0.11224633879131742 (length 11.0 ns) False False
2025-04-08 15:34:24,747 - [MainProcess:146256] mummi_ras.online.simulation:has_computed_enough:352 - INFO - runtime_hours*0.99 = 0.495 vs delta_time = 0.11280366758505503 (length 11.0 ns) False False
2025-04-08 15:34:26,753 - [MainProcess:146256] mummi_ras.online.simulation:has_computed_enough:352 - INFO - runtime_hours*0.99 = 0.495 vs delta_time = 0.11336097776889802 (length 11.0 ns) False False
2025-04-08 15:34:28,760 - [MainProcess:146256] mummi_ras.online.simulation:has_computed_enough:352 - INFO - runtime_hours*0.99 = 0.495 vs delta_time = 0.1139183494117525 (length 11.0 ns) False False
2025-04-08 15:34:28,913 - [MainProcess:146256] mummi_ras.online.simulation:get_new_frames:399 - INFO - Getting all frame numbers in trajectory from 23 to 23.
2025-04-08 15:34:28,913 - [MainProcess:146256] mummi_ras.online.cg.cganalysis:run_main_analysis:193 - INFO - Process frame 23
2025-04-08 15:34:28,913 - [MainProcess:146256] mummi_ras.online.cg.cganalysis:processFrame:554 - INFO - Load 24 frames: current frame ID /tmp/mummi/cg/structure_iter00_000000000002-20250408_152719/traj_comp.xtc
2025-04-08 15:34:28,924 - [MainProcess:146256] mummi_ras.online.cg.cganalysis:processFrame:580 - INFO - Frame:    23, Time: 11500.000 ps, Bbox = [0, 180.9507, 0, 180.9507]
2025-04-08 15:34:28,924 - [MainProcess:146256] mummi_ras.online.cg.cganalysis:processFrame:584 - INFO - Lengths of layers: 658 34 492
2025-04-08 15:34:29,027 - [MainProcess:146256] mummi_ras.online.cg.cganalysis:processFrame:765 - INFO - Time for analysis - frameNum 23, time 0.11378931999206543 s
2025-04-08 15:34:31,028 - [MainProcess:146256] mummi_ras.online.simulation:has_computed_enough:352 - INFO - runtime_hours*0.99 = 0.495 vs delta_time = 0.11454828136497074 (length 11.5 ns) False False
2025-04-08 15:34:33,034 - [MainProcess:146256] mummi_ras.online.simulation:has_computed_enough:352 - INFO - runtime_hours*0.99 = 0.495 vs delta_time = 0.11510566982958052 (length 11.5 ns) False False
2025-04-08 15:34:35,041 - [MainProcess:146256] mummi_ras.online.simulation:has_computed_enough:352 - INFO - runtime_hours*0.99 = 0.495 vs delta_time = 0.11566301114029355 (length 11.5 ns) False False
2025-04-08 15:34:37,047 - [MainProcess:146256] mummi_ras.online.simulation:has_computed_enough:352 - INFO - runtime_hours*0.99 = 0.495 vs delta_time = 0.116220346821679 (length 11.5 ns) False False
2025-04-08 15:34:39,053 - [MainProcess:146256] mummi_ras.online.simulation:has_computed_enough:352 - INFO - runtime_hours*0.99 = 0.495 vs delta_time = 0.11677769051657783 (length 11.5 ns) False False
2025-04-08 15:34:41,060 - [MainProcess:146256] mummi_ras.online.simulation:has_computed_enough:352 - INFO - runtime_hours*0.99 = 0.495 vs delta_time = 0.11733502699269188 (length 11.5 ns) False False
2025-04-08 15:34:43,066 - [MainProcess:146256] mummi_ras.online.simulation:has_computed_enough:352 - INFO - runtime_hours*0.99 = 0.495 vs delta_time = 0.11789234777291616 (length 11.5 ns) False False
2025-04-08 15:34:45,073 - [MainProcess:146256] mummi_ras.online.simulation:has_computed_enough:352 - INFO - runtime_hours*0.99 = 0.495 vs delta_time = 0.11844971517721813 (length 11.5 ns) False False
2025-04-08 15:34:45,277 - [MainProcess:146256] mummi_ras.online.simulation:get_new_frames:399 - INFO - Getting all frame numbers in trajectory from 24 to 24.
2025-04-08 15:34:45,278 - [MainProcess:146256] mummi_ras.online.cg.cganalysis:run_main_analysis:193 - INFO - Process frame 24
2025-04-08 15:34:45,278 - [MainProcess:146256] mummi_ras.online.cg.cganalysis:processFrame:554 - INFO - Load 25 frames: current frame ID /tmp/mummi/cg/structure_iter00_000000000002-20250408_152719/traj_comp.xtc
2025-04-08 15:34:45,289 - [MainProcess:146256] mummi_ras.online.cg.cganalysis:processFrame:580 - INFO - Frame:    24, Time: 12000.000 ps, Bbox = [0, 180.56573, 0, 180.56573]
2025-04-08 15:34:45,289 - [MainProcess:146256] mummi_ras.online.cg.cganalysis:processFrame:584 - INFO - Lengths of layers: 661 33 490
2025-04-08 15:34:45,391 - [MainProcess:146256] mummi_ras.online.cg.cganalysis:processFrame:765 - INFO - Time for analysis - frameNum 24, time 0.1136171817779541 s
2025-04-08 15:34:47,392 - [MainProcess:146256] mummi_ras.online.simulation:has_computed_enough:352 - INFO - runtime_hours*0.99 = 0.495 vs delta_time = 0.11909398237864176 (length 12.0 ns) False False
2025-04-08 15:34:49,399 - [MainProcess:146256] mummi_ras.online.simulation:has_computed_enough:352 - INFO - runtime_hours*0.99 = 0.495 vs delta_time = 0.11965139038032956 (length 12.0 ns) False False
2025-04-08 15:34:51,405 - [MainProcess:146256] mummi_ras.online.simulation:has_computed_enough:352 - INFO - runtime_hours*0.99 = 0.495 vs delta_time = 0.12020874367819892 (length 12.0 ns) False False
2025-04-08 15:34:53,412 - [MainProcess:146256] mummi_ras.online.simulation:has_computed_enough:352 - INFO - runtime_hours*0.99 = 0.495 vs delta_time = 0.1207660804854499 (length 12.0 ns) False False
2025-04-08 15:34:55,418 - [MainProcess:146256] mummi_ras.online.simulation:has_computed_enough:352 - INFO - runtime_hours*0.99 = 0.495 vs delta_time = 0.12132341206073761 (length 12.0 ns) False False
2025-04-08 15:34:57,424 - [MainProcess:146256] mummi_ras.online.simulation:has_computed_enough:352 - INFO - runtime_hours*0.99 = 0.495 vs delta_time = 0.12188074303997888 (length 12.0 ns) False False
2025-04-08 15:34:59,431 - [MainProcess:146256] mummi_ras.online.simulation:has_computed_enough:352 - INFO - runtime_hours*0.99 = 0.495 vs delta_time = 0.12243808176782396 (length 12.0 ns) False False
2025-04-08 15:35:01,437 - [MainProcess:146256] mummi_ras.online.simulation:has_computed_enough:352 - INFO - runtime_hours*0.99 = 0.495 vs delta_time = 0.1229954006936815 (length 12.0 ns) False False
2025-04-08 15:35:03,444 - [MainProcess:146256] mummi_ras.online.simulation:has_computed_enough:352 - INFO - runtime_hours*0.99 = 0.495 vs delta_time = 0.12355273889170752 (length 12.0 ns) False False
2025-04-08 15:35:03,499 - [MainProcess:146256] mummi_ras.online.simulation:get_new_frames:399 - INFO - Getting all frame numbers in trajectory from 25 to 25.
2025-04-08 15:35:03,499 - [MainProcess:146256] mummi_ras.online.cg.cganalysis:run_main_analysis:193 - INFO - Process frame 25
2025-04-08 15:35:03,499 - [MainProcess:146256] mummi_ras.online.cg.cganalysis:processFrame:554 - INFO - Load 26 frames: current frame ID /tmp/mummi/cg/structure_iter00_000000000002-20250408_152719/traj_comp.xtc
2025-04-08 15:35:03,510 - [MainProcess:146256] mummi_ras.online.cg.cganalysis:processFrame:580 - INFO - Frame:    25, Time: 12500.000 ps, Bbox = [0, 180.64279, 0, 180.64279]
2025-04-08 15:35:03,510 - [MainProcess:146256] mummi_ras.online.cg.cganalysis:processFrame:584 - INFO - Lengths of layers: 660 34 490
2025-04-08 15:35:03,613 - [MainProcess:146256] mummi_ras.online.cg.cganalysis:processFrame:765 - INFO - Time for analysis - frameNum 25, time 0.11375117301940918 s
2025-04-08 15:35:05,613 - [MainProcess:146256] mummi_ras.online.simulation:has_computed_enough:352 - INFO - runtime_hours*0.99 = 0.495 vs delta_time = 0.12415546470218235 (length 12.5 ns) False False
2025-04-08 15:35:07,620 - [MainProcess:146256] mummi_ras.online.simulation:has_computed_enough:352 - INFO - runtime_hours*0.99 = 0.495 vs delta_time = 0.1247128603193495 (length 12.5 ns) False False
2025-04-08 15:35:09,626 - [MainProcess:146256] mummi_ras.online.simulation:has_computed_enough:352 - INFO - runtime_hours*0.99 = 0.495 vs delta_time = 0.12527019202709197 (length 12.5 ns) False False
2025-04-08 15:35:11,633 - [MainProcess:146256] mummi_ras.online.simulation:has_computed_enough:352 - INFO - runtime_hours*0.99 = 0.495 vs delta_time = 0.12582751320468055 (length 12.5 ns) False False
2025-04-08 15:35:13,639 - [MainProcess:146256] mummi_ras.online.simulation:has_computed_enough:352 - INFO - runtime_hours*0.99 = 0.495 vs delta_time = 0.1263848216003842 (length 12.5 ns) False False
2025-04-08 15:35:15,646 - [MainProcess:146256] mummi_ras.online.simulation:has_computed_enough:352 - INFO - runtime_hours*0.99 = 0.495 vs delta_time = 0.12694217065970104 (length 12.5 ns) False False
2025-04-08 15:35:17,652 - [MainProcess:146256] mummi_ras.online.simulation:has_computed_enough:352 - INFO - runtime_hours*0.99 = 0.495 vs delta_time = 0.12749948256545596 (length 12.5 ns) False False
2025-04-08 15:35:19,658 - [MainProcess:146256] mummi_ras.online.simulation:has_computed_enough:352 - INFO - runtime_hours*0.99 = 0.495 vs delta_time = 0.12805684586366017 (length 12.5 ns) False False
2025-04-08 15:35:21,665 - [MainProcess:146256] mummi_ras.online.simulation:has_computed_enough:352 - INFO - runtime_hours*0.99 = 0.495 vs delta_time = 0.1286141879028744 (length 12.5 ns) False False
2025-04-08 15:35:21,718 - [MainProcess:146256] mummi_ras.online.simulation:get_new_frames:399 - INFO - Getting all frame numbers in trajectory from 26 to 26.
2025-04-08 15:35:21,718 - [MainProcess:146256] mummi_ras.online.cg.cganalysis:run_main_analysis:193 - INFO - Process frame 26
2025-04-08 15:35:21,718 - [MainProcess:146256] mummi_ras.online.cg.cganalysis:processFrame:554 - INFO - Load 27 frames: current frame ID /tmp/mummi/cg/structure_iter00_000000000002-20250408_152719/traj_comp.xtc
2025-04-08 15:35:21,730 - [MainProcess:146256] mummi_ras.online.cg.cganalysis:processFrame:580 - INFO - Frame:    26, Time: 13000.000 ps, Bbox = [0, 180.23994, 0, 180.23994]
2025-04-08 15:35:21,730 - [MainProcess:146256] mummi_ras.online.cg.cganalysis:processFrame:584 - INFO - Lengths of layers: 659 37 488
2025-04-08 15:35:21,833 - [MainProcess:146256] mummi_ras.online.cg.cganalysis:processFrame:765 - INFO - Time for analysis - frameNum 26, time 0.11426186561584473 s
2025-04-08 15:35:23,833 - [MainProcess:146256] mummi_ras.online.simulation:has_computed_enough:352 - INFO - runtime_hours*0.99 = 0.495 vs delta_time = 0.12921654807196722 (length 13.0 ns) False False
2025-04-08 15:35:25,840 - [MainProcess:146256] mummi_ras.online.simulation:has_computed_enough:352 - INFO - runtime_hours*0.99 = 0.495 vs delta_time = 0.12977392607265048 (length 13.0 ns) False False
2025-04-08 15:35:27,846 - [MainProcess:146256] mummi_ras.online.simulation:has_computed_enough:352 - INFO - runtime_hours*0.99 = 0.495 vs delta_time = 0.13033122195137872 (length 13.0 ns) False False
2025-04-08 15:35:29,852 - [MainProcess:146256] mummi_ras.online.simulation:has_computed_enough:352 - INFO - runtime_hours*0.99 = 0.495 vs delta_time = 0.13088855160607232 (length 13.0 ns) False False
2025-04-08 15:35:31,859 - [MainProcess:146256] mummi_ras.online.simulation:has_computed_enough:352 - INFO - runtime_hours*0.99 = 0.495 vs delta_time = 0.13144588238663144 (length 13.0 ns) False False
2025-04-08 15:35:33,865 - [MainProcess:146256] mummi_ras.online.simulation:has_computed_enough:352 - INFO - runtime_hours*0.99 = 0.495 vs delta_time = 0.13200321707460616 (length 13.0 ns) False False
2025-04-08 15:35:35,872 - [MainProcess:146256] mummi_ras.online.simulation:has_computed_enough:352 - INFO - runtime_hours*0.99 = 0.495 vs delta_time = 0.13256054043769835 (length 13.0 ns) False False
2025-04-08 15:35:37,878 - [MainProcess:146256] mummi_ras.online.simulation:has_computed_enough:352 - INFO - runtime_hours*0.99 = 0.495 vs delta_time = 0.13311786168151432 (length 13.0 ns) False False
2025-04-08 15:35:38,033 - [MainProcess:146256] mummi_ras.online.simulation:get_new_frames:399 - INFO - Getting all frame numbers in trajectory from 27 to 27.
2025-04-08 15:35:38,033 - [MainProcess:146256] mummi_ras.online.cg.cganalysis:run_main_analysis:193 - INFO - Process frame 27
2025-04-08 15:35:38,033 - [MainProcess:146256] mummi_ras.online.cg.cganalysis:processFrame:554 - INFO - Load 28 frames: current frame ID /tmp/mummi/cg/structure_iter00_000000000002-20250408_152719/traj_comp.xtc
2025-04-08 15:35:38,045 - [MainProcess:146256] mummi_ras.online.cg.cganalysis:processFrame:580 - INFO - Frame:    27, Time: 13500.000 ps, Bbox = [0, 182.12257, 0, 182.12257]
2025-04-08 15:35:38,045 - [MainProcess:146256] mummi_ras.online.cg.cganalysis:processFrame:584 - INFO - Lengths of layers: 659 40 485
2025-04-08 15:35:38,148 - [MainProcess:146256] mummi_ras.online.cg.cganalysis:processFrame:765 - INFO - Time for analysis - frameNum 27, time 0.11452889442443848 s
2025-04-08 15:35:40,148 - [MainProcess:146256] mummi_ras.online.simulation:has_computed_enough:352 - INFO - runtime_hours*0.99 = 0.495 vs delta_time = 0.13374852769904666 (length 13.5 ns) False False
2025-04-08 15:35:42,155 - [MainProcess:146256] mummi_ras.online.simulation:has_computed_enough:352 - INFO - runtime_hours*0.99 = 0.495 vs delta_time = 0.13430591219001345 (length 13.5 ns) False False
2025-04-08 15:35:44,161 - [MainProcess:146256] mummi_ras.online.simulation:has_computed_enough:352 - INFO - runtime_hours*0.99 = 0.495 vs delta_time = 0.13486325707700517 (length 13.5 ns) False False
2025-04-08 15:35:46,168 - [MainProcess:146256] mummi_ras.online.simulation:has_computed_enough:352 - INFO - runtime_hours*0.99 = 0.495 vs delta_time = 0.13542060441441006 (length 13.5 ns) False False
2025-04-08 15:35:48,174 - [MainProcess:146256] mummi_ras.online.simulation:has_computed_enough:352 - INFO - runtime_hours*0.99 = 0.495 vs delta_time = 0.13597790870401594 (length 13.5 ns) False False
2025-04-08 15:35:50,181 - [MainProcess:146256] mummi_ras.online.simulation:has_computed_enough:352 - INFO - runtime_hours*0.99 = 0.495 vs delta_time = 0.13653523696793451 (length 13.5 ns) False False
2025-04-08 15:35:52,187 - [MainProcess:146256] mummi_ras.online.simulation:has_computed_enough:352 - INFO - runtime_hours*0.99 = 0.495 vs delta_time = 0.1370925627152125 (length 13.5 ns) False False
2025-04-08 15:35:54,193 - [MainProcess:146256] mummi_ras.online.simulation:has_computed_enough:352 - INFO - runtime_hours*0.99 = 0.495 vs delta_time = 0.13764991912576888 (length 13.5 ns) False False
2025-04-08 15:35:56,200 - [MainProcess:146256] mummi_ras.online.simulation:has_computed_enough:352 - INFO - runtime_hours*0.99 = 0.495 vs delta_time = 0.13820729778872595 (length 13.5 ns) False False
2025-04-08 15:35:56,291 - [MainProcess:146256] mummi_ras.online.simulation:get_new_frames:399 - INFO - Getting all frame numbers in trajectory from 28 to 28.
2025-04-08 15:35:56,292 - [MainProcess:146256] mummi_ras.online.cg.cganalysis:run_main_analysis:193 - INFO - Process frame 28
2025-04-08 15:35:56,292 - [MainProcess:146256] mummi_ras.online.cg.cganalysis:processFrame:554 - INFO - Load 29 frames: current frame ID /tmp/mummi/cg/structure_iter00_000000000002-20250408_152719/traj_comp.xtc
2025-04-08 15:35:56,303 - [MainProcess:146256] mummi_ras.online.cg.cganalysis:processFrame:580 - INFO - Frame:    28, Time: 14000.000 ps, Bbox = [0, 181.02505, 0, 181.02505]
2025-04-08 15:35:56,303 - [MainProcess:146256] mummi_ras.online.cg.cganalysis:processFrame:584 - INFO - Lengths of layers: 660 36 488
2025-04-08 15:35:56,406 - [MainProcess:146256] mummi_ras.online.cg.cganalysis:processFrame:765 - INFO - Time for analysis - frameNum 28, time 0.11424779891967773 s
2025-04-08 15:35:58,407 - [MainProcess:146256] mummi_ras.online.simulation:has_computed_enough:352 - INFO - runtime_hours*0.99 = 0.495 vs delta_time = 0.13882023791472117 (length 14.0 ns) False False
2025-04-08 15:36:00,413 - [MainProcess:146256] mummi_ras.online.simulation:has_computed_enough:352 - INFO - runtime_hours*0.99 = 0.495 vs delta_time = 0.13937762512101068 (length 14.0 ns) False False
2025-04-08 15:36:02,420 - [MainProcess:146256] mummi_ras.online.simulation:has_computed_enough:352 - INFO - runtime_hours*0.99 = 0.495 vs delta_time = 0.13993495914671156 (length 14.0 ns) False False
2025-04-08 15:36:04,426 - [MainProcess:146256] mummi_ras.online.simulation:has_computed_enough:352 - INFO - runtime_hours*0.99 = 0.495 vs delta_time = 0.14049227515856424 (length 14.0 ns) False False
2025-04-08 15:36:06,432 - [MainProcess:146256] mummi_ras.online.simulation:has_computed_enough:352 - INFO - runtime_hours*0.99 = 0.495 vs delta_time = 0.14104960236284467 (length 14.0 ns) False False
2025-04-08 15:36:08,439 - [MainProcess:146256] mummi_ras.online.simulation:has_computed_enough:352 - INFO - runtime_hours*0.99 = 0.495 vs delta_time = 0.14160693175262876 (length 14.0 ns) False False
2025-04-08 15:36:10,445 - [MainProcess:146256] mummi_ras.online.simulation:has_computed_enough:352 - INFO - runtime_hours*0.99 = 0.495 vs delta_time = 0.142164233856731 (length 14.0 ns) False False
2025-04-08 15:36:12,451 - [MainProcess:146256] mummi_ras.online.simulation:has_computed_enough:352 - INFO - runtime_hours*0.99 = 0.495 vs delta_time = 0.14272155768341488 (length 14.0 ns) False False
2025-04-08 15:36:14,458 - [MainProcess:146256] mummi_ras.online.simulation:has_computed_enough:352 - INFO - runtime_hours*0.99 = 0.495 vs delta_time = 0.14327888402673933 (length 14.0 ns) False False
2025-04-08 15:36:14,511 - [MainProcess:146256] mummi_ras.online.simulation:get_new_frames:399 - INFO - Getting all frame numbers in trajectory from 29 to 29.
2025-04-08 15:36:14,512 - [MainProcess:146256] mummi_ras.online.cg.cganalysis:run_main_analysis:193 - INFO - Process frame 29
2025-04-08 15:36:14,512 - [MainProcess:146256] mummi_ras.online.cg.cganalysis:processFrame:554 - INFO - Load 30 frames: current frame ID /tmp/mummi/cg/structure_iter00_000000000002-20250408_152719/traj_comp.xtc
2025-04-08 15:36:14,523 - [MainProcess:146256] mummi_ras.online.cg.cganalysis:processFrame:580 - INFO - Frame:    29, Time: 14500.000 ps, Bbox = [0, 180.88228, 0, 180.88228]
2025-04-08 15:36:14,523 - [MainProcess:146256] mummi_ras.online.cg.cganalysis:processFrame:584 - INFO - Lengths of layers: 659 38 487
2025-04-08 15:36:14,626 - [MainProcess:146256] mummi_ras.online.cg.cganalysis:processFrame:765 - INFO - Time for analysis - frameNum 29, time 0.11389565467834473 s
2025-04-08 15:36:16,626 - [MainProcess:146256] mummi_ras.online.simulation:has_computed_enough:352 - INFO - runtime_hours*0.99 = 0.495 vs delta_time = 0.14388127572006648 (length 14.5 ns) False False
2025-04-08 15:36:16,633 - [MainProcess:146256] mummi_ras.online.cg.cganalysis:processOutput:92 - INFO - Add feedback for frameNum 20 - state []
2025-04-08 15:36:16,633 - [MainProcess:146256] mummi_ras.online.cg.cganalysis:processOutput:92 - INFO - Add feedback for frameNum 21 - state []
2025-04-08 15:36:16,633 - [MainProcess:146256] mummi_ras.online.cg.cganalysis:processOutput:92 - INFO - Add feedback for frameNum 22 - state []
2025-04-08 15:36:16,633 - [MainProcess:146256] mummi_ras.online.cg.cganalysis:processOutput:92 - INFO - Add feedback for frameNum 23 - state []
2025-04-08 15:36:16,633 - [MainProcess:146256] mummi_ras.online.cg.cganalysis:processOutput:92 - INFO - Add feedback for frameNum 24 - state []
2025-04-08 15:36:16,634 - [MainProcess:146256] mummi_ras.online.cg.cganalysis:processOutput:92 - INFO - Add feedback for frameNum 25 - state []
2025-04-08 15:36:16,634 - [MainProcess:146256] mummi_ras.online.cg.cganalysis:processOutput:92 - INFO - Add feedback for frameNum 26 - state []
2025-04-08 15:36:16,634 - [MainProcess:146256] mummi_ras.online.cg.cganalysis:processOutput:92 - INFO - Add feedback for frameNum 27 - state []
2025-04-08 15:36:16,634 - [MainProcess:146256] mummi_ras.online.cg.cganalysis:processOutput:92 - INFO - Add feedback for frameNum 28 - state []
2025-04-08 15:36:16,634 - [MainProcess:146256] mummi_ras.online.cg.cganalysis:processOutput:92 - INFO - Add feedback for frameNum 29 - state []
2025-04-08 15:36:16,649 - [MainProcess:146256] mummi_core.interfaces.simple:_save_files:91 - INFO - Wrote 10 files to (/p/gpfs1/pottier1/minimummi-sc25/roots/root1/feedback-cg2ml/002)
2025-04-08 15:36:16,650 - [MainProcess:146256] mummi_ras.feedback.feedback_manager_cg2ml:report:118 - INFO - Added 10 frames (from structure_iter00_000000000002) to feedback (/p/gpfs1/pottier1/minimummi-sc25/roots/root1/feedback-cg2ml)
2025-04-08 15:36:16,650 - [MainProcess:146256] mummi_ras.online.cg.cganalysis:processOutput:112 - INFO - processOutput: 29
2025-04-08 15:36:16,650 - [MainProcess:146256] mummi_ras.online.cg.cganalysis:copyRemoteRestart:452 - INFO - Copy to remote frames [20, 21, 22, 23, 24, 25, 26, 27, 28, 29]
sending incremental file list
rsync: link_stat "/tmp/mummi/cg/structure_iter00_000000000002-20250408_152719/state.cpt" failed: No such file or directory (2)
ener.edr
md.log
mdrun.log
traj_comp.xtc

sent 6,566,685 bytes  received 92 bytes  13,133,554.00 bytes/sec
total size is 8,274,080  speedup is 1.26
rsync error: some files/attrs were not transferred (see previous errors) (code 23) at main.c(1179) [sender=3.1.2]
2025-04-08 15:36:17,004 - [MainProcess:146256] mummi_core.utils.utilities:sys_call:184 - INFO - Run command: rsync -va --no-g traj_comp.xtc topol.tpr state.cpt ener.edr md.log mdrun.log /p/gpfs1/pottier1/minimummi-sc25/roots/root1/sims-cg/structure_iter00_000000000002 || true
2025-04-08 15:36:17,463 - [MainProcess:146256] mummi_ras.interfaces.mummi:save_analysis_data:253 - INFO - Saved all analysis data for frames [20, 21, 22, 23, 24, 25, 26, 27, 28, 29]
2025-04-08 15:36:17,463 - [MainProcess:146256] mummi_ras.online.cg.cganalysis:copyRemoteLogs:350 - INFO - Copy over log files
2025-04-08 15:36:17,712 - [MainProcess:146256] mummi_core.utils.utilities:sys_call:184 - INFO - Run command: cp -r  /tmp/mummi/cg/structure_iter00_000000000002-20250408_152719/cg_analysis.out /tmp/mummi/cg/structure_iter00_000000000002-20250408_152719/traj_comp.xtc /tmp/mummi/cg/structure_iter00_000000000002-20250408_152719/*.log /p/gpfs1/pottier1/minimummi-sc25/roots/root1/sims-cg/structure_iter00_000000000002/ || true
2025-04-08 15:36:17,712 - [MainProcess:146256] mummi_ras.online.cg.cganalysis:copyRemoteLogs:365 - INFO - copyRemoteLogs =  /tmp/mummi/cg/structure_iter00_000000000002-20250408_152719/cg_analysis.out /tmp/mummi/cg/structure_iter00_000000000002-20250408_152719/traj_comp.xtc /tmp/mummi/cg/structure_iter00_000000000002-20250408_152719/*.log
2025-04-08 15:36:17,712 - [MainProcess:146256] mummi_ras.online.cg.cganalysis:cleanupLocal:375 - WARNING - Copy cleanup local only works for ddcMD files
2025-04-08 15:36:19,712 - [MainProcess:146256] mummi_ras.online.simulation:has_computed_enough:352 - INFO - runtime_hours*0.99 = 0.495 vs delta_time = 0.1447385303179423 (length 14.5 ns) False False
2025-04-08 15:36:21,719 - [MainProcess:146256] mummi_ras.online.simulation:has_computed_enough:352 - INFO - runtime_hours*0.99 = 0.495 vs delta_time = 0.14529587321811252 (length 14.5 ns) False False
2025-04-08 15:36:23,725 - [MainProcess:146256] mummi_ras.online.simulation:has_computed_enough:352 - INFO - runtime_hours*0.99 = 0.495 vs delta_time = 0.14585319194528792 (length 14.5 ns) False False
2025-04-08 15:36:25,731 - [MainProcess:146256] mummi_ras.online.simulation:has_computed_enough:352 - INFO - runtime_hours*0.99 = 0.495 vs delta_time = 0.14641048868497214 (length 14.5 ns) False False
2025-04-08 15:36:27,738 - [MainProcess:146256] mummi_ras.online.simulation:has_computed_enough:352 - INFO - runtime_hours*0.99 = 0.495 vs delta_time = 0.1469678180747562 (length 14.5 ns) False False
2025-04-08 15:36:29,744 - [MainProcess:146256] mummi_ras.online.simulation:has_computed_enough:352 - INFO - runtime_hours*0.99 = 0.495 vs delta_time = 0.14752513150374094 (length 14.5 ns) False False
2025-04-08 15:36:31,750 - [MainProcess:146256] mummi_ras.online.simulation:has_computed_enough:352 - INFO - runtime_hours*0.99 = 0.495 vs delta_time = 0.14808244546254476 (length 14.5 ns) False False
2025-04-08 15:36:31,803 - [MainProcess:146256] mummi_ras.online.simulation:get_new_frames:399 - INFO - Getting all frame numbers in trajectory from 30 to 30.
2025-04-08 15:36:31,803 - [MainProcess:146256] mummi_ras.online.cg.cganalysis:run_main_analysis:193 - INFO - Process frame 30
2025-04-08 15:36:31,803 - [MainProcess:146256] mummi_ras.online.cg.cganalysis:processFrame:554 - INFO - Load 31 frames: current frame ID /tmp/mummi/cg/structure_iter00_000000000002-20250408_152719/traj_comp.xtc
2025-04-08 15:36:31,814 - [MainProcess:146256] mummi_ras.online.cg.cganalysis:processFrame:580 - INFO - Frame:    30, Time: 15000.000 ps, Bbox = [0, 181.85202, 0, 181.85202]
2025-04-08 15:36:31,815 - [MainProcess:146256] mummi_ras.online.cg.cganalysis:processFrame:584 - INFO - Lengths of layers: 661 38 485
2025-04-08 15:36:31,917 - [MainProcess:146256] mummi_ras.online.cg.cganalysis:processFrame:765 - INFO - Time for analysis - frameNum 30, time 0.11386799812316895 s
2025-04-08 15:36:33,918 - [MainProcess:146256] mummi_ras.online.simulation:has_computed_enough:352 - INFO - runtime_hours*0.99 = 0.495 vs delta_time = 0.14868449138270484 (length 15.0 ns) False False
2025-04-08 15:36:35,924 - [MainProcess:146256] mummi_ras.online.simulation:has_computed_enough:352 - INFO - runtime_hours*0.99 = 0.495 vs delta_time = 0.14924184044202168 (length 15.0 ns) False False
2025-04-08 15:36:37,931 - [MainProcess:146256] mummi_ras.online.simulation:has_computed_enough:352 - INFO - runtime_hours*0.99 = 0.495 vs delta_time = 0.1497991849316491 (length 15.0 ns) False False
2025-04-08 15:36:39,937 - [MainProcess:146256] mummi_ras.online.simulation:has_computed_enough:352 - INFO - runtime_hours*0.99 = 0.495 vs delta_time = 0.1503565153810713 (length 15.0 ns) False False
2025-04-08 15:36:41,943 - [MainProcess:146256] mummi_ras.online.simulation:has_computed_enough:352 - INFO - runtime_hours*0.99 = 0.495 vs delta_time = 0.1509138309955597 (length 15.0 ns) False False
2025-04-08 15:36:43,950 - [MainProcess:146256] mummi_ras.online.simulation:has_computed_enough:352 - INFO - runtime_hours*0.99 = 0.495 vs delta_time = 0.1514711594581604 (length 15.0 ns) False False
2025-04-08 15:36:45,956 - [MainProcess:146256] mummi_ras.online.simulation:has_computed_enough:352 - INFO - runtime_hours*0.99 = 0.495 vs delta_time = 0.15202847593360477 (length 15.0 ns) False False
2025-04-08 15:36:47,963 - [MainProcess:146256] mummi_ras.online.simulation:has_computed_enough:352 - INFO - runtime_hours*0.99 = 0.495 vs delta_time = 0.15258578995863598 (length 15.0 ns) False False
2025-04-08 15:36:49,969 - [MainProcess:146256] mummi_ras.online.simulation:has_computed_enough:352 - INFO - runtime_hours*0.99 = 0.495 vs delta_time = 0.1531431069638994 (length 15.0 ns) False False
2025-04-08 15:36:50,129 - [MainProcess:146256] mummi_ras.online.simulation:get_new_frames:399 - INFO - Getting all frame numbers in trajectory from 31 to 31.
2025-04-08 15:36:50,129 - [MainProcess:146256] mummi_ras.online.cg.cganalysis:run_main_analysis:193 - INFO - Process frame 31
2025-04-08 15:36:50,129 - [MainProcess:146256] mummi_ras.online.cg.cganalysis:processFrame:554 - INFO - Load 32 frames: current frame ID /tmp/mummi/cg/structure_iter00_000000000002-20250408_152719/traj_comp.xtc
2025-04-08 15:36:50,140 - [MainProcess:146256] mummi_ras.online.cg.cganalysis:processFrame:580 - INFO - Frame:    31, Time: 15500.000 ps, Bbox = [0, 181.27974, 0, 181.27974]
2025-04-08 15:36:50,140 - [MainProcess:146256] mummi_ras.online.cg.cganalysis:processFrame:584 - INFO - Lengths of layers: 662 35 487
2025-04-08 15:36:50,243 - [MainProcess:146256] mummi_ras.online.cg.cganalysis:processFrame:765 - INFO - Time for analysis - frameNum 31, time 0.11425137519836426 s
2025-04-08 15:36:52,244 - [MainProcess:146256] mummi_ras.online.simulation:has_computed_enough:352 - INFO - runtime_hours*0.99 = 0.495 vs delta_time = 0.15377504381868573 (length 15.5 ns) False False
2025-04-08 15:36:54,250 - [MainProcess:146256] mummi_ras.online.simulation:has_computed_enough:352 - INFO - runtime_hours*0.99 = 0.495 vs delta_time = 0.15433240003055995 (length 15.5 ns) False False
2025-04-08 15:36:56,257 - [MainProcess:146256] mummi_ras.online.simulation:has_computed_enough:352 - INFO - runtime_hours*0.99 = 0.495 vs delta_time = 0.15488970226711696 (length 15.5 ns) False False
2025-04-08 15:36:58,263 - [MainProcess:146256] mummi_ras.online.simulation:has_computed_enough:352 - INFO - runtime_hours*0.99 = 0.495 vs delta_time = 0.1554469907283783 (length 15.5 ns) False False
2025-04-08 15:37:00,269 - [MainProcess:146256] mummi_ras.online.simulation:has_computed_enough:352 - INFO - runtime_hours*0.99 = 0.495 vs delta_time = 0.1560042901833852 (length 15.5 ns) False False
2025-04-08 15:37:02,275 - [MainProcess:146256] mummi_ras.online.simulation:has_computed_enough:352 - INFO - runtime_hours*0.99 = 0.495 vs delta_time = 0.15656161341402267 (length 15.5 ns) False False
2025-04-08 15:37:04,282 - [MainProcess:146256] mummi_ras.online.simulation:has_computed_enough:352 - INFO - runtime_hours*0.99 = 0.495 vs delta_time = 0.15711893637975058 (length 15.5 ns) False False
2025-04-08 15:37:06,288 - [MainProcess:146256] mummi_ras.online.simulation:has_computed_enough:352 - INFO - runtime_hours*0.99 = 0.495 vs delta_time = 0.15767625782224867 (length 15.5 ns) False False
2025-04-08 15:37:06,609 - [MainProcess:146256] mummi_ras.online.simulation:get_new_frames:399 - INFO - Getting all frame numbers in trajectory from 32 to 32.
2025-04-08 15:37:06,609 - [MainProcess:146256] mummi_ras.online.cg.cganalysis:run_main_analysis:193 - INFO - Process frame 32
2025-04-08 15:37:06,609 - [MainProcess:146256] mummi_ras.online.cg.cganalysis:processFrame:554 - INFO - Load 33 frames: current frame ID /tmp/mummi/cg/structure_iter00_000000000002-20250408_152719/traj_comp.xtc
2025-04-08 15:37:06,620 - [MainProcess:146256] mummi_ras.online.cg.cganalysis:processFrame:580 - INFO - Frame:    32, Time: 16000.000 ps, Bbox = [0, 180.28766, 0, 180.28766]
2025-04-08 15:37:06,621 - [MainProcess:146256] mummi_ras.online.cg.cganalysis:processFrame:584 - INFO - Lengths of layers: 664 33 487
2025-04-08 15:37:06,723 - [MainProcess:146256] mummi_ras.online.cg.cganalysis:processFrame:765 - INFO - Time for analysis - frameNum 32, time 0.11414575576782227 s
2025-04-08 15:37:08,724 - [MainProcess:146256] mummi_ras.online.simulation:has_computed_enough:352 - INFO - runtime_hours*0.99 = 0.495 vs delta_time = 0.15835288332568276 (length 16.0 ns) False False
2025-04-08 15:37:10,731 - [MainProcess:146256] mummi_ras.online.simulation:has_computed_enough:352 - INFO - runtime_hours*0.99 = 0.495 vs delta_time = 0.15891027265124852 (length 16.0 ns) False False
2025-04-08 15:37:12,737 - [MainProcess:146256] mummi_ras.online.simulation:has_computed_enough:352 - INFO - runtime_hours*0.99 = 0.495 vs delta_time = 0.15946758144431644 (length 16.0 ns) False False
2025-04-08 15:37:14,743 - [MainProcess:146256] mummi_ras.online.simulation:has_computed_enough:352 - INFO - runtime_hours*0.99 = 0.495 vs delta_time = 0.1600248744090398 (length 16.0 ns) False False
2025-04-08 15:37:16,750 - [MainProcess:146256] mummi_ras.online.simulation:has_computed_enough:352 - INFO - runtime_hours*0.99 = 0.495 vs delta_time = 0.16058218313588035 (length 16.0 ns) False False
2025-04-08 15:37:18,756 - [MainProcess:146256] mummi_ras.online.simulation:has_computed_enough:352 - INFO - runtime_hours*0.99 = 0.495 vs delta_time = 0.16113948788907792 (length 16.0 ns) False False
2025-04-08 15:37:20,762 - [MainProcess:146256] mummi_ras.online.simulation:has_computed_enough:352 - INFO - runtime_hours*0.99 = 0.495 vs delta_time = 0.16169679350323146 (length 16.0 ns) False False
2025-04-08 15:37:22,769 - [MainProcess:146256] mummi_ras.online.simulation:has_computed_enough:352 - INFO - runtime_hours*0.99 = 0.495 vs delta_time = 0.1622541226943334 (length 16.0 ns) False False
2025-04-08 15:37:24,775 - [MainProcess:146256] mummi_ras.online.simulation:has_computed_enough:352 - INFO - runtime_hours*0.99 = 0.495 vs delta_time = 0.162811409301228 (length 16.0 ns) False False
2025-04-08 15:37:24,829 - [MainProcess:146256] mummi_ras.online.simulation:get_new_frames:399 - INFO - Getting all frame numbers in trajectory from 33 to 33.
2025-04-08 15:37:24,829 - [MainProcess:146256] mummi_ras.online.cg.cganalysis:run_main_analysis:193 - INFO - Process frame 33
2025-04-08 15:37:24,829 - [MainProcess:146256] mummi_ras.online.cg.cganalysis:processFrame:554 - INFO - Load 34 frames: current frame ID /tmp/mummi/cg/structure_iter00_000000000002-20250408_152719/traj_comp.xtc
2025-04-08 15:37:24,840 - [MainProcess:146256] mummi_ras.online.cg.cganalysis:processFrame:580 - INFO - Frame:    33, Time: 16500.000 ps, Bbox = [0, 180.86382, 0, 180.86382]
2025-04-08 15:37:24,841 - [MainProcess:146256] mummi_ras.online.cg.cganalysis:processFrame:584 - INFO - Lengths of layers: 667 27 490
2025-04-08 15:37:24,944 - [MainProcess:146256] mummi_ras.online.cg.cganalysis:processFrame:765 - INFO - Time for analysis - frameNum 33, time 0.11430954933166504 s
2025-04-08 15:37:26,944 - [MainProcess:146256] mummi_ras.online.simulation:has_computed_enough:352 - INFO - runtime_hours*0.99 = 0.495 vs delta_time = 0.16341401331954533 (length 16.5 ns) False False
2025-04-08 15:37:28,951 - [MainProcess:146256] mummi_ras.online.simulation:has_computed_enough:352 - INFO - runtime_hours*0.99 = 0.495 vs delta_time = 0.16397141257921855 (length 16.5 ns) False False
2025-04-08 15:37:30,957 - [MainProcess:146256] mummi_ras.online.simulation:has_computed_enough:352 - INFO - runtime_hours*0.99 = 0.495 vs delta_time = 0.16452873779667748 (length 16.5 ns) False False
2025-04-08 15:37:32,963 - [MainProcess:146256] mummi_ras.online.simulation:has_computed_enough:352 - INFO - runtime_hours*0.99 = 0.495 vs delta_time = 0.16508604109287262 (length 16.5 ns) False False
2025-04-08 15:37:34,970 - [MainProcess:146256] mummi_ras.online.simulation:has_computed_enough:352 - INFO - runtime_hours*0.99 = 0.495 vs delta_time = 0.16564335657490625 (length 16.5 ns) False False
2025-04-08 15:37:36,976 - [MainProcess:146256] mummi_ras.online.simulation:has_computed_enough:352 - INFO - runtime_hours*0.99 = 0.495 vs delta_time = 0.16620065801673464 (length 16.5 ns) False False
2025-04-08 15:37:38,982 - [MainProcess:146256] mummi_ras.online.simulation:has_computed_enough:352 - INFO - runtime_hours*0.99 = 0.495 vs delta_time = 0.1667579902542962 (length 16.5 ns) False False
2025-04-08 15:37:40,989 - [MainProcess:146256] mummi_ras.online.simulation:has_computed_enough:352 - INFO - runtime_hours*0.99 = 0.495 vs delta_time = 0.16731531706121233 (length 16.5 ns) False False
2025-04-08 15:37:42,995 - [MainProcess:146256] mummi_ras.online.simulation:has_computed_enough:352 - INFO - runtime_hours*0.99 = 0.495 vs delta_time = 0.16787265141805013 (length 16.5 ns) False False
2025-04-08 15:37:43,048 - [MainProcess:146256] mummi_ras.online.simulation:get_new_frames:399 - INFO - Getting all frame numbers in trajectory from 34 to 34.
2025-04-08 15:37:43,048 - [MainProcess:146256] mummi_ras.online.cg.cganalysis:run_main_analysis:193 - INFO - Process frame 34
2025-04-08 15:37:43,048 - [MainProcess:146256] mummi_ras.online.cg.cganalysis:processFrame:554 - INFO - Load 35 frames: current frame ID /tmp/mummi/cg/structure_iter00_000000000002-20250408_152719/traj_comp.xtc
2025-04-08 15:37:43,059 - [MainProcess:146256] mummi_ras.online.cg.cganalysis:processFrame:580 - INFO - Frame:    34, Time: 17000.000 ps, Bbox = [0, 180.56644, 0, 180.56644]
2025-04-08 15:37:43,059 - [MainProcess:146256] mummi_ras.online.cg.cganalysis:processFrame:584 - INFO - Lengths of layers: 667 25 492
2025-04-08 15:37:43,162 - [MainProcess:146256] mummi_ras.online.cg.cganalysis:processFrame:765 - INFO - Time for analysis - frameNum 34, time 0.1142737865447998 s
2025-04-08 15:37:45,163 - [MainProcess:146256] mummi_ras.online.simulation:has_computed_enough:352 - INFO - runtime_hours*0.99 = 0.495 vs delta_time = 0.16847475892967648 (length 17.0 ns) False False
2025-04-08 15:37:47,169 - [MainProcess:146256] mummi_ras.online.simulation:has_computed_enough:352 - INFO - runtime_hours*0.99 = 0.495 vs delta_time = 0.16903212553924984 (length 17.0 ns) False False
2025-04-08 15:37:49,176 - [MainProcess:146256] mummi_ras.online.simulation:has_computed_enough:352 - INFO - runtime_hours*0.99 = 0.495 vs delta_time = 0.16958944353792402 (length 17.0 ns) False False
2025-04-08 15:37:51,182 - [MainProcess:146256] mummi_ras.online.simulation:has_computed_enough:352 - INFO - runtime_hours*0.99 = 0.495 vs delta_time = 0.17014676100677914 (length 17.0 ns) False False
2025-04-08 15:37:53,188 - [MainProcess:146256] mummi_ras.online.simulation:has_computed_enough:352 - INFO - runtime_hours*0.99 = 0.495 vs delta_time = 0.17070410595999824 (length 17.0 ns) False False
2025-04-08 15:37:55,195 - [MainProcess:146256] mummi_ras.online.simulation:has_computed_enough:352 - INFO - runtime_hours*0.99 = 0.495 vs delta_time = 0.17126142369376288 (length 17.0 ns) False False
2025-04-08 15:37:57,201 - [MainProcess:146256] mummi_ras.online.simulation:has_computed_enough:352 - INFO - runtime_hours*0.99 = 0.495 vs delta_time = 0.17181874169243708 (length 17.0 ns) False False
2025-04-08 15:37:59,207 - [MainProcess:146256] mummi_ras.online.simulation:has_computed_enough:352 - INFO - runtime_hours*0.99 = 0.495 vs delta_time = 0.17237602571646374 (length 17.0 ns) False False
2025-04-08 15:37:59,346 - [MainProcess:146256] mummi_ras.online.simulation:get_new_frames:399 - INFO - Getting all frame numbers in trajectory from 35 to 35.
2025-04-08 15:37:59,346 - [MainProcess:146256] mummi_ras.online.cg.cganalysis:run_main_analysis:193 - INFO - Process frame 35
2025-04-08 15:37:59,346 - [MainProcess:146256] mummi_ras.online.cg.cganalysis:processFrame:554 - INFO - Load 36 frames: current frame ID /tmp/mummi/cg/structure_iter00_000000000002-20250408_152719/traj_comp.xtc
2025-04-08 15:37:59,358 - [MainProcess:146256] mummi_ras.online.cg.cganalysis:processFrame:580 - INFO - Frame:    35, Time: 17500.000 ps, Bbox = [0, 181.1568, 0, 181.1568]
2025-04-08 15:37:59,358 - [MainProcess:146256] mummi_ras.online.cg.cganalysis:processFrame:584 - INFO - Lengths of layers: 669 25 490
2025-04-08 15:37:59,460 - [MainProcess:146256] mummi_ras.online.cg.cganalysis:processFrame:765 - INFO - Time for analysis - frameNum 35, time 0.11398983001708984 s
2025-04-08 15:38:01,461 - [MainProcess:146256] mummi_ras.online.simulation:has_computed_enough:352 - INFO - runtime_hours*0.99 = 0.495 vs delta_time = 0.1730020241604911 (length 17.5 ns) False False
2025-04-08 15:38:03,468 - [MainProcess:146256] mummi_ras.online.simulation:has_computed_enough:352 - INFO - runtime_hours*0.99 = 0.495 vs delta_time = 0.17355939699543846 (length 17.5 ns) False False
2025-04-08 15:38:05,474 - [MainProcess:146256] mummi_ras.online.simulation:has_computed_enough:352 - INFO - runtime_hours*0.99 = 0.495 vs delta_time = 0.17411670035786098 (length 17.5 ns) False False
2025-04-08 15:38:07,480 - [MainProcess:146256] mummi_ras.online.simulation:has_computed_enough:352 - INFO - runtime_hours*0.99 = 0.495 vs delta_time = 0.174674029217826 (length 17.5 ns) False False
2025-04-08 15:38:09,486 - [MainProcess:146256] mummi_ras.online.simulation:has_computed_enough:352 - INFO - runtime_hours*0.99 = 0.495 vs delta_time = 0.17523130999671088 (length 17.5 ns) False False
2025-04-08 15:38:11,493 - [MainProcess:146256] mummi_ras.online.simulation:has_computed_enough:352 - INFO - runtime_hours*0.99 = 0.495 vs delta_time = 0.17578859786192577 (length 17.5 ns) False False
2025-04-08 15:38:13,499 - [MainProcess:146256] mummi_ras.online.simulation:has_computed_enough:352 - INFO - runtime_hours*0.99 = 0.495 vs delta_time = 0.17634588340918222 (length 17.5 ns) False False
2025-04-08 15:38:15,505 - [MainProcess:146256] mummi_ras.online.simulation:has_computed_enough:352 - INFO - runtime_hours*0.99 = 0.495 vs delta_time = 0.1769031947188907 (length 17.5 ns) False False
2025-04-08 15:38:17,511 - [MainProcess:146256] mummi_ras.online.simulation:has_computed_enough:352 - INFO - runtime_hours*0.99 = 0.495 vs delta_time = 0.17746047212017907 (length 17.5 ns) False False
2025-04-08 15:38:17,599 - [MainProcess:146256] mummi_ras.online.simulation:get_new_frames:399 - INFO - Getting all frame numbers in trajectory from 36 to 36.
2025-04-08 15:38:17,599 - [MainProcess:146256] mummi_ras.online.cg.cganalysis:run_main_analysis:193 - INFO - Process frame 36
2025-04-08 15:38:17,599 - [MainProcess:146256] mummi_ras.online.cg.cganalysis:processFrame:554 - INFO - Load 37 frames: current frame ID /tmp/mummi/cg/structure_iter00_000000000002-20250408_152719/traj_comp.xtc
2025-04-08 15:38:17,611 - [MainProcess:146256] mummi_ras.online.cg.cganalysis:processFrame:580 - INFO - Frame:    36, Time: 18000.000 ps, Bbox = [0, 179.24333, 0, 179.24333]
2025-04-08 15:38:17,611 - [MainProcess:146256] mummi_ras.online.cg.cganalysis:processFrame:584 - INFO - Lengths of layers: 668 28 488
2025-04-08 15:38:17,713 - [MainProcess:146256] mummi_ras.online.cg.cganalysis:processFrame:765 - INFO - Time for analysis - frameNum 36, time 0.11402010917663574 s
2025-04-08 15:38:19,714 - [MainProcess:146256] mummi_ras.online.simulation:has_computed_enough:352 - INFO - runtime_hours*0.99 = 0.495 vs delta_time = 0.17807234360112084 (length 18.0 ns) False False
2025-04-08 15:38:21,721 - [MainProcess:146256] mummi_ras.online.simulation:has_computed_enough:352 - INFO - runtime_hours*0.99 = 0.495 vs delta_time = 0.1786297016011344 (length 18.0 ns) False False
2025-04-08 15:38:23,727 - [MainProcess:146256] mummi_ras.online.simulation:has_computed_enough:352 - INFO - runtime_hours*0.99 = 0.495 vs delta_time = 0.17918704827626547 (length 18.0 ns) False False
2025-04-08 15:38:25,733 - [MainProcess:146256] mummi_ras.online.simulation:has_computed_enough:352 - INFO - runtime_hours*0.99 = 0.495 vs delta_time = 0.17974432620737288 (length 18.0 ns) False False
2025-04-08 15:38:27,740 - [MainProcess:146256] mummi_ras.online.simulation:has_computed_enough:352 - INFO - runtime_hours*0.99 = 0.495 vs delta_time = 0.18030162970225017 (length 18.0 ns) False False
2025-04-08 15:38:29,746 - [MainProcess:146256] mummi_ras.online.simulation:has_computed_enough:352 - INFO - runtime_hours*0.99 = 0.495 vs delta_time = 0.18085893544885848 (length 18.0 ns) False False
2025-04-08 15:38:31,752 - [MainProcess:146256] mummi_ras.online.simulation:has_computed_enough:352 - INFO - runtime_hours*0.99 = 0.495 vs delta_time = 0.18141623079776764 (length 18.0 ns) False False
2025-04-08 15:38:33,758 - [MainProcess:146256] mummi_ras.online.simulation:has_computed_enough:352 - INFO - runtime_hours*0.99 = 0.495 vs delta_time = 0.18197354892889658 (length 18.0 ns) False False
2025-04-08 15:38:35,765 - [MainProcess:146256] mummi_ras.online.simulation:has_computed_enough:352 - INFO - runtime_hours*0.99 = 0.495 vs delta_time = 0.18253082553545633 (length 18.0 ns) False False
2025-04-08 15:38:35,817 - [MainProcess:146256] mummi_ras.online.simulation:get_new_frames:399 - INFO - Getting all frame numbers in trajectory from 37 to 37.
2025-04-08 15:38:35,817 - [MainProcess:146256] mummi_ras.online.cg.cganalysis:run_main_analysis:193 - INFO - Process frame 37
2025-04-08 15:38:35,818 - [MainProcess:146256] mummi_ras.online.cg.cganalysis:processFrame:554 - INFO - Load 38 frames: current frame ID /tmp/mummi/cg/structure_iter00_000000000002-20250408_152719/traj_comp.xtc
2025-04-08 15:38:35,829 - [MainProcess:146256] mummi_ras.online.cg.cganalysis:processFrame:580 - INFO - Frame:    37, Time: 18500.000 ps, Bbox = [0, 180.05518, 0, 180.05518]
2025-04-08 15:38:35,829 - [MainProcess:146256] mummi_ras.online.cg.cganalysis:processFrame:584 - INFO - Lengths of layers: 667 32 485
2025-04-08 15:38:35,932 - [MainProcess:146256] mummi_ras.online.cg.cganalysis:processFrame:765 - INFO - Time for analysis - frameNum 37, time 0.11410021781921387 s
2025-04-08 15:38:37,932 - [MainProcess:146256] mummi_ras.online.simulation:has_computed_enough:352 - INFO - runtime_hours*0.99 = 0.495 vs delta_time = 0.18313294973638322 (length 18.5 ns) False False
2025-04-08 15:38:39,939 - [MainProcess:146256] mummi_ras.online.simulation:has_computed_enough:352 - INFO - runtime_hours*0.99 = 0.495 vs delta_time = 0.18369032482306163 (length 18.5 ns) False False
2025-04-08 15:38:41,945 - [MainProcess:146256] mummi_ras.online.simulation:has_computed_enough:352 - INFO - runtime_hours*0.99 = 0.495 vs delta_time = 0.1842476228210661 (length 18.5 ns) False False
2025-04-08 15:38:43,951 - [MainProcess:146256] mummi_ras.online.simulation:has_computed_enough:352 - INFO - runtime_hours*0.99 = 0.495 vs delta_time = 0.18480494148201412 (length 18.5 ns) False False
2025-04-08 15:38:45,958 - [MainProcess:146256] mummi_ras.online.simulation:has_computed_enough:352 - INFO - runtime_hours*0.99 = 0.495 vs delta_time = 0.18536223855283526 (length 18.5 ns) False False
2025-04-08 15:38:47,964 - [MainProcess:146256] mummi_ras.online.simulation:has_computed_enough:352 - INFO - runtime_hours*0.99 = 0.495 vs delta_time = 0.18591953886879814 (length 18.5 ns) False False
2025-04-08 15:38:49,970 - [MainProcess:146256] mummi_ras.online.simulation:has_computed_enough:352 - INFO - runtime_hours*0.99 = 0.495 vs delta_time = 0.18647687368922763 (length 18.5 ns) False False
2025-04-08 15:38:51,977 - [MainProcess:146256] mummi_ras.online.simulation:has_computed_enough:352 - INFO - runtime_hours*0.99 = 0.495 vs delta_time = 0.18703418400552538 (length 18.5 ns) False False
2025-04-08 15:38:53,983 - [MainProcess:146256] mummi_ras.online.simulation:has_computed_enough:352 - INFO - runtime_hours*0.99 = 0.495 vs delta_time = 0.18759151293171777 (length 18.5 ns) False False
2025-04-08 15:38:54,036 - [MainProcess:146256] mummi_ras.online.simulation:get_new_frames:399 - INFO - Getting all frame numbers in trajectory from 38 to 38.
2025-04-08 15:38:54,036 - [MainProcess:146256] mummi_ras.online.cg.cganalysis:run_main_analysis:193 - INFO - Process frame 38
2025-04-08 15:38:54,036 - [MainProcess:146256] mummi_ras.online.cg.cganalysis:processFrame:554 - INFO - Load 39 frames: current frame ID /tmp/mummi/cg/structure_iter00_000000000002-20250408_152719/traj_comp.xtc
2025-04-08 15:38:54,048 - [MainProcess:146256] mummi_ras.online.cg.cganalysis:processFrame:580 - INFO - Frame:    38, Time: 19000.000 ps, Bbox = [0, 179.81586, 0, 179.81586]
2025-04-08 15:38:54,048 - [MainProcess:146256] mummi_ras.online.cg.cganalysis:processFrame:584 - INFO - Lengths of layers: 667 33 484
2025-04-08 15:38:54,151 - [MainProcess:146256] mummi_ras.online.cg.cganalysis:processFrame:765 - INFO - Time for analysis - frameNum 38, time 0.11429977416992188 s
2025-04-08 15:38:56,151 - [MainProcess:146256] mummi_ras.online.simulation:has_computed_enough:352 - INFO - runtime_hours*0.99 = 0.495 vs delta_time = 0.1881937543551127 (length 19.0 ns) False False
2025-04-08 15:38:58,158 - [MainProcess:146256] mummi_ras.online.simulation:has_computed_enough:352 - INFO - runtime_hours*0.99 = 0.495 vs delta_time = 0.18875109559959835 (length 19.0 ns) False False
2025-04-08 15:39:00,164 - [MainProcess:146256] mummi_ras.online.simulation:has_computed_enough:352 - INFO - runtime_hours*0.99 = 0.495 vs delta_time = 0.18930840929349263 (length 19.0 ns) False False
2025-04-08 15:39:02,170 - [MainProcess:146256] mummi_ras.online.simulation:has_computed_enough:352 - INFO - runtime_hours*0.99 = 0.495 vs delta_time = 0.18986570821868048 (length 19.0 ns) False False
2025-04-08 15:39:04,177 - [MainProcess:146256] mummi_ras.online.simulation:has_computed_enough:352 - INFO - runtime_hours*0.99 = 0.495 vs delta_time = 0.19042301270696851 (length 19.0 ns) False False
2025-04-08 15:39:06,183 - [MainProcess:146256] mummi_ras.online.simulation:has_computed_enough:352 - INFO - runtime_hours*0.99 = 0.495 vs delta_time = 0.1909802919626236 (length 19.0 ns) False False
2025-04-08 15:39:08,189 - [MainProcess:146256] mummi_ras.online.simulation:has_computed_enough:352 - INFO - runtime_hours*0.99 = 0.495 vs delta_time = 0.19153763042555916 (length 19.0 ns) False False
2025-04-08 15:39:10,195 - [MainProcess:146256] mummi_ras.online.simulation:has_computed_enough:352 - INFO - runtime_hours*0.99 = 0.495 vs delta_time = 0.192094938688808 (length 19.0 ns) False False
2025-04-08 15:39:10,340 - [MainProcess:146256] mummi_ras.online.simulation:get_new_frames:399 - INFO - Getting all frame numbers in trajectory from 39 to 39.
2025-04-08 15:39:10,340 - [MainProcess:146256] mummi_ras.online.cg.cganalysis:run_main_analysis:193 - INFO - Process frame 39
2025-04-08 15:39:10,340 - [MainProcess:146256] mummi_ras.online.cg.cganalysis:processFrame:554 - INFO - Load 40 frames: current frame ID /tmp/mummi/cg/structure_iter00_000000000002-20250408_152719/traj_comp.xtc
2025-04-08 15:39:10,351 - [MainProcess:146256] mummi_ras.online.cg.cganalysis:processFrame:580 - INFO - Frame:    39, Time: 19500.000 ps, Bbox = [0, 181.25703, 0, 181.25703]
2025-04-08 15:39:10,351 - [MainProcess:146256] mummi_ras.online.cg.cganalysis:processFrame:584 - INFO - Lengths of layers: 667 34 483
2025-04-08 15:39:10,454 - [MainProcess:146256] mummi_ras.online.cg.cganalysis:processFrame:765 - INFO - Time for analysis - frameNum 39, time 0.11402773857116699 s
2025-04-08 15:39:12,455 - [MainProcess:146256] mummi_ras.online.simulation:has_computed_enough:352 - INFO - runtime_hours*0.99 = 0.495 vs delta_time = 0.19272247082657284 (length 19.5 ns) False False
2025-04-08 15:39:12,461 - [MainProcess:146256] mummi_ras.online.cg.cganalysis:processOutput:92 - INFO - Add feedback for frameNum 30 - state []
2025-04-08 15:39:12,461 - [MainProcess:146256] mummi_ras.online.cg.cganalysis:processOutput:92 - INFO - Add feedback for frameNum 31 - state []
2025-04-08 15:39:12,461 - [MainProcess:146256] mummi_ras.online.cg.cganalysis:processOutput:92 - INFO - Add feedback for frameNum 32 - state []
2025-04-08 15:39:12,462 - [MainProcess:146256] mummi_ras.online.cg.cganalysis:processOutput:92 - INFO - Add feedback for frameNum 33 - state []
2025-04-08 15:39:12,462 - [MainProcess:146256] mummi_ras.online.cg.cganalysis:processOutput:92 - INFO - Add feedback for frameNum 34 - state []
2025-04-08 15:39:12,462 - [MainProcess:146256] mummi_ras.online.cg.cganalysis:processOutput:92 - INFO - Add feedback for frameNum 35 - state []
2025-04-08 15:39:12,462 - [MainProcess:146256] mummi_ras.online.cg.cganalysis:processOutput:92 - INFO - Add feedback for frameNum 36 - state []
2025-04-08 15:39:12,462 - [MainProcess:146256] mummi_ras.online.cg.cganalysis:processOutput:92 - INFO - Add feedback for frameNum 37 - state []
2025-04-08 15:39:12,462 - [MainProcess:146256] mummi_ras.online.cg.cganalysis:processOutput:92 - INFO - Add feedback for frameNum 38 - state []
2025-04-08 15:39:12,462 - [MainProcess:146256] mummi_ras.online.cg.cganalysis:processOutput:92 - INFO - Add feedback for frameNum 39 - state []
2025-04-08 15:39:12,477 - [MainProcess:146256] mummi_core.interfaces.simple:_save_files:91 - INFO - Wrote 10 files to (/p/gpfs1/pottier1/minimummi-sc25/roots/root1/feedback-cg2ml/002)
2025-04-08 15:39:12,477 - [MainProcess:146256] mummi_ras.feedback.feedback_manager_cg2ml:report:118 - INFO - Added 10 frames (from structure_iter00_000000000002) to feedback (/p/gpfs1/pottier1/minimummi-sc25/roots/root1/feedback-cg2ml)
2025-04-08 15:39:12,477 - [MainProcess:146256] mummi_ras.online.cg.cganalysis:processOutput:112 - INFO - processOutput: 39
2025-04-08 15:39:12,477 - [MainProcess:146256] mummi_ras.online.cg.cganalysis:copyRemoteRestart:452 - INFO - Copy to remote frames [30, 31, 32, 33, 34, 35, 36, 37, 38, 39]
sending incremental file list
rsync: link_stat "/tmp/mummi/cg/structure_iter00_000000000002-20250408_152719/state.cpt" failed: No such file or directory (2)
ener.edr
md.log
mdrun.log
traj_comp.xtc

sent 8,748,371 bytes  received 92 bytes  17,496,926.00 bytes/sec
total size is 10,455,234  speedup is 1.20
rsync error: some files/attrs were not transferred (see previous errors) (code 23) at main.c(1179) [sender=3.1.2]
2025-04-08 15:39:12,603 - [MainProcess:146256] mummi_core.utils.utilities:sys_call:184 - INFO - Run command: rsync -va --no-g traj_comp.xtc topol.tpr state.cpt ener.edr md.log mdrun.log /p/gpfs1/pottier1/minimummi-sc25/roots/root1/sims-cg/structure_iter00_000000000002 || true
2025-04-08 15:39:13,035 - [MainProcess:146256] mummi_ras.interfaces.mummi:save_analysis_data:253 - INFO - Saved all analysis data for frames [30, 31, 32, 33, 34, 35, 36, 37, 38, 39]
2025-04-08 15:39:13,035 - [MainProcess:146256] mummi_ras.online.cg.cganalysis:copyRemoteLogs:350 - INFO - Copy over log files
2025-04-08 15:39:13,074 - [MainProcess:146256] mummi_core.utils.utilities:sys_call:184 - INFO - Run command: cp -r  /tmp/mummi/cg/structure_iter00_000000000002-20250408_152719/cg_analysis.out /tmp/mummi/cg/structure_iter00_000000000002-20250408_152719/traj_comp.xtc /tmp/mummi/cg/structure_iter00_000000000002-20250408_152719/*.log /p/gpfs1/pottier1/minimummi-sc25/roots/root1/sims-cg/structure_iter00_000000000002/ || true
2025-04-08 15:39:13,074 - [MainProcess:146256] mummi_ras.online.cg.cganalysis:copyRemoteLogs:365 - INFO - copyRemoteLogs =  /tmp/mummi/cg/structure_iter00_000000000002-20250408_152719/cg_analysis.out /tmp/mummi/cg/structure_iter00_000000000002-20250408_152719/traj_comp.xtc /tmp/mummi/cg/structure_iter00_000000000002-20250408_152719/*.log
2025-04-08 15:39:13,074 - [MainProcess:146256] mummi_ras.online.cg.cganalysis:cleanupLocal:375 - WARNING - Copy cleanup local only works for ddcMD files
2025-04-08 15:39:15,075 - [MainProcess:146256] mummi_ras.online.simulation:has_computed_enough:352 - INFO - runtime_hours*0.99 = 0.495 vs delta_time = 0.19345026479827032 (length 19.5 ns) False False
2025-04-08 15:39:17,081 - [MainProcess:146256] mummi_ras.online.simulation:has_computed_enough:352 - INFO - runtime_hours*0.99 = 0.495 vs delta_time = 0.19400761246681214 (length 19.5 ns) False False
2025-04-08 15:39:19,087 - [MainProcess:146256] mummi_ras.online.simulation:has_computed_enough:352 - INFO - runtime_hours*0.99 = 0.495 vs delta_time = 0.1945649137099584 (length 19.5 ns) False False
2025-04-08 15:39:21,094 - [MainProcess:146256] mummi_ras.online.simulation:has_computed_enough:352 - INFO - runtime_hours*0.99 = 0.495 vs delta_time = 0.19512221574783326 (length 19.5 ns) False False
2025-04-08 15:39:23,100 - [MainProcess:146256] mummi_ras.online.simulation:has_computed_enough:352 - INFO - runtime_hours*0.99 = 0.495 vs delta_time = 0.19567956493960487 (length 19.5 ns) False False
2025-04-08 15:39:25,107 - [MainProcess:146256] mummi_ras.online.simulation:has_computed_enough:352 - INFO - runtime_hours*0.99 = 0.495 vs delta_time = 0.19623690962791443 (length 19.5 ns) False False
2025-04-08 15:39:27,113 - [MainProcess:146256] mummi_ras.online.simulation:has_computed_enough:352 - INFO - runtime_hours*0.99 = 0.495 vs delta_time = 0.19679420504305098 (length 19.5 ns) False False
2025-04-08 15:39:29,119 - [MainProcess:146256] mummi_ras.online.simulation:has_computed_enough:352 - INFO - runtime_hours*0.99 = 0.495 vs delta_time = 0.19735152178340487 (length 19.5 ns) False False
2025-04-08 15:39:29,205 - [MainProcess:146256] mummi_ras.online.simulation:get_new_frames:399 - INFO - Getting all frame numbers in trajectory from 40 to 40.
2025-04-08 15:39:29,206 - [MainProcess:146256] mummi_ras.online.cg.cganalysis:run_main_analysis:193 - INFO - Process frame 40
2025-04-08 15:39:29,206 - [MainProcess:146256] mummi_ras.online.cg.cganalysis:processFrame:554 - INFO - Load 41 frames: current frame ID /tmp/mummi/cg/structure_iter00_000000000002-20250408_152719/traj_comp.xtc
2025-04-08 15:39:29,217 - [MainProcess:146256] mummi_ras.online.cg.cganalysis:processFrame:580 - INFO - Frame:    40, Time: 20000.000 ps, Bbox = [0, 180.78574, 0, 180.78574]
2025-04-08 15:39:29,217 - [MainProcess:146256] mummi_ras.online.cg.cganalysis:processFrame:584 - INFO - Lengths of layers: 670 32 482
2025-04-08 15:39:29,319 - [MainProcess:146256] mummi_ras.online.cg.cganalysis:processFrame:765 - INFO - Time for analysis - frameNum 40, time 0.11297488212585449 s
2025-04-08 15:39:31,319 - [MainProcess:146256] mummi_ras.online.simulation:has_computed_enough:352 - INFO - runtime_hours*0.99 = 0.495 vs delta_time = 0.1979626762866974 (length 20.0 ns) False False
2025-04-08 15:39:33,326 - [MainProcess:146256] mummi_ras.online.simulation:has_computed_enough:352 - INFO - runtime_hours*0.99 = 0.495 vs delta_time = 0.19852004316118027 (length 20.0 ns) False False
2025-04-08 15:39:35,332 - [MainProcess:146256] mummi_ras.online.simulation:has_computed_enough:352 - INFO - runtime_hours*0.99 = 0.495 vs delta_time = 0.19907736751768323 (length 20.0 ns) False False
2025-04-08 15:39:37,338 - [MainProcess:146256] mummi_ras.online.simulation:has_computed_enough:352 - INFO - runtime_hours*0.99 = 0.495 vs delta_time = 0.19963465571403505 (length 20.0 ns) False False
2025-04-08 15:39:39,345 - [MainProcess:146256] mummi_ras.online.simulation:has_computed_enough:352 - INFO - runtime_hours*0.99 = 0.495 vs delta_time = 0.2001919506655799 (length 20.0 ns) False False
2025-04-08 15:39:41,351 - [MainProcess:146256] mummi_ras.online.simulation:has_computed_enough:352 - INFO - runtime_hours*0.99 = 0.495 vs delta_time = 0.20074924250443776 (length 20.0 ns) False False
2025-04-08 15:39:43,357 - [MainProcess:146256] mummi_ras.online.simulation:has_computed_enough:352 - INFO - runtime_hours*0.99 = 0.495 vs delta_time = 0.20130655785401663 (length 20.0 ns) False False
2025-04-08 15:39:45,364 - [MainProcess:146256] mummi_ras.online.simulation:has_computed_enough:352 - INFO - runtime_hours*0.99 = 0.495 vs delta_time = 0.20186384704377916 (length 20.0 ns) False False
2025-04-08 15:39:47,370 - [MainProcess:146256] mummi_ras.online.simulation:has_computed_enough:352 - INFO - runtime_hours*0.99 = 0.495 vs delta_time = 0.20242118583785162 (length 20.0 ns) False False
2025-04-08 15:39:47,423 - [MainProcess:146256] mummi_ras.online.simulation:get_new_frames:399 - INFO - Getting all frame numbers in trajectory from 41 to 41.
2025-04-08 15:39:47,423 - [MainProcess:146256] mummi_ras.online.cg.cganalysis:run_main_analysis:193 - INFO - Process frame 41
2025-04-08 15:39:47,423 - [MainProcess:146256] mummi_ras.online.cg.cganalysis:processFrame:554 - INFO - Load 42 frames: current frame ID /tmp/mummi/cg/structure_iter00_000000000002-20250408_152719/traj_comp.xtc
2025-04-08 15:39:47,434 - [MainProcess:146256] mummi_ras.online.cg.cganalysis:processFrame:580 - INFO - Frame:    41, Time: 20500.000 ps, Bbox = [0, 181.5319, 0, 181.5319]
2025-04-08 15:39:47,434 - [MainProcess:146256] mummi_ras.online.cg.cganalysis:processFrame:584 - INFO - Lengths of layers: 670 33 481
2025-04-08 15:39:47,538 - [MainProcess:146256] mummi_ras.online.cg.cganalysis:processFrame:765 - INFO - Time for analysis - frameNum 41, time 0.11433696746826172 s
2025-04-08 15:39:49,538 - [MainProcess:146256] mummi_ras.online.simulation:has_computed_enough:352 - INFO - runtime_hours*0.99 = 0.495 vs delta_time = 0.20302347666687437 (length 20.5 ns) False False
2025-04-08 15:39:51,545 - [MainProcess:146256] mummi_ras.online.simulation:has_computed_enough:352 - INFO - runtime_hours*0.99 = 0.495 vs delta_time = 0.20358087758223214 (length 20.5 ns) False False
2025-04-08 15:39:53,551 - [MainProcess:146256] mummi_ras.online.simulation:has_computed_enough:352 - INFO - runtime_hours*0.99 = 0.495 vs delta_time = 0.20413821054829492 (length 20.5 ns) False False
2025-04-08 15:39:55,558 - [MainProcess:146256] mummi_ras.online.simulation:has_computed_enough:352 - INFO - runtime_hours*0.99 = 0.495 vs delta_time = 0.20469553781880273 (length 20.5 ns) False False
2025-04-08 15:39:57,564 - [MainProcess:146256] mummi_ras.online.simulation:has_computed_enough:352 - INFO - runtime_hours*0.99 = 0.495 vs delta_time = 0.20525285018814934 (length 20.5 ns) False False
2025-04-08 15:39:59,570 - [MainProcess:146256] mummi_ras.online.simulation:has_computed_enough:352 - INFO - runtime_hours*0.99 = 0.495 vs delta_time = 0.2058101361327701 (length 20.5 ns) False False
2025-04-08 15:40:01,577 - [MainProcess:146256] mummi_ras.online.simulation:has_computed_enough:352 - INFO - runtime_hours*0.99 = 0.495 vs delta_time = 0.20636745870113374 (length 20.5 ns) False False
2025-04-08 15:40:03,583 - [MainProcess:146256] mummi_ras.online.simulation:has_computed_enough:352 - INFO - runtime_hours*0.99 = 0.495 vs delta_time = 0.20692479736275143 (length 20.5 ns) False False
2025-04-08 15:40:03,638 - [MainProcess:146256] mummi_ras.online.simulation:get_new_frames:399 - INFO - Getting all frame numbers in trajectory from 42 to 42.
2025-04-08 15:40:03,638 - [MainProcess:146256] mummi_ras.online.cg.cganalysis:run_main_analysis:193 - INFO - Process frame 42
2025-04-08 15:40:03,638 - [MainProcess:146256] mummi_ras.online.cg.cganalysis:processFrame:554 - INFO - Load 43 frames: current frame ID /tmp/mummi/cg/structure_iter00_000000000002-20250408_152719/traj_comp.xtc
2025-04-08 15:40:03,649 - [MainProcess:146256] mummi_ras.online.cg.cganalysis:processFrame:580 - INFO - Frame:    42, Time: 21000.000 ps, Bbox = [0, 180.98325, 0, 180.98325]
2025-04-08 15:40:03,649 - [MainProcess:146256] mummi_ras.online.cg.cganalysis:processFrame:584 - INFO - Lengths of layers: 672 31 481
2025-04-08 15:40:03,751 - [MainProcess:146256] mummi_ras.online.cg.cganalysis:processFrame:765 - INFO - Time for analysis - frameNum 42, time 0.11312222480773926 s
2025-04-08 15:40:05,752 - [MainProcess:146256] mummi_ras.online.simulation:has_computed_enough:352 - INFO - runtime_hours*0.99 = 0.495 vs delta_time = 0.20752728376123641 (length 21.0 ns) False False
2025-04-08 15:40:07,758 - [MainProcess:146256] mummi_ras.online.simulation:has_computed_enough:352 - INFO - runtime_hours*0.99 = 0.495 vs delta_time = 0.208084653351042 (length 21.0 ns) False False
2025-04-08 15:40:09,765 - [MainProcess:146256] mummi_ras.online.simulation:has_computed_enough:352 - INFO - runtime_hours*0.99 = 0.495 vs delta_time = 0.20864196691248152 (length 21.0 ns) False False
2025-04-08 15:40:11,771 - [MainProcess:146256] mummi_ras.online.simulation:has_computed_enough:352 - INFO - runtime_hours*0.99 = 0.495 vs delta_time = 0.20919926683108012 (length 21.0 ns) False False
2025-04-08 15:40:13,777 - [MainProcess:146256] mummi_ras.online.simulation:has_computed_enough:352 - INFO - runtime_hours*0.99 = 0.495 vs delta_time = 0.20975657476319207 (length 21.0 ns) False False
2025-04-08 15:40:15,784 - [MainProcess:146256] mummi_ras.online.simulation:has_computed_enough:352 - INFO - runtime_hours*0.99 = 0.495 vs delta_time = 0.21031387931770748 (length 21.0 ns) False False
2025-04-08 15:40:17,790 - [MainProcess:146256] mummi_ras.online.simulation:has_computed_enough:352 - INFO - runtime_hours*0.99 = 0.495 vs delta_time = 0.21087117148770226 (length 21.0 ns) False False
2025-04-08 15:40:19,796 - [MainProcess:146256] mummi_ras.online.simulation:has_computed_enough:352 - INFO - runtime_hours*0.99 = 0.495 vs delta_time = 0.2114284727970759 (length 21.0 ns) False False
2025-04-08 15:40:21,802 - [MainProcess:146256] mummi_ras.online.simulation:has_computed_enough:352 - INFO - runtime_hours*0.99 = 0.495 vs delta_time = 0.21198576827843985 (length 21.0 ns) False False
2025-04-08 15:40:21,984 - [MainProcess:146256] mummi_ras.online.simulation:get_new_frames:399 - INFO - Getting all frame numbers in trajectory from 43 to 43.
2025-04-08 15:40:21,984 - [MainProcess:146256] mummi_ras.online.cg.cganalysis:run_main_analysis:193 - INFO - Process frame 43
2025-04-08 15:40:21,984 - [MainProcess:146256] mummi_ras.online.cg.cganalysis:processFrame:554 - INFO - Load 44 frames: current frame ID /tmp/mummi/cg/structure_iter00_000000000002-20250408_152719/traj_comp.xtc
2025-04-08 15:40:21,995 - [MainProcess:146256] mummi_ras.online.cg.cganalysis:processFrame:580 - INFO - Frame:    43, Time: 21500.000 ps, Bbox = [0, 180.82385, 0, 180.82385]
2025-04-08 15:40:21,995 - [MainProcess:146256] mummi_ras.online.cg.cganalysis:processFrame:584 - INFO - Lengths of layers: 668 35 481
2025-04-08 15:40:22,097 - [MainProcess:146256] mummi_ras.online.cg.cganalysis:processFrame:765 - INFO - Time for analysis - frameNum 43, time 0.11319994926452637 s
2025-04-08 15:40:24,098 - [MainProcess:146256] mummi_ras.online.simulation:has_computed_enough:352 - INFO - runtime_hours*0.99 = 0.495 vs delta_time = 0.21262334161334567 (length 21.5 ns) False False
2025-04-08 15:40:26,104 - [MainProcess:146256] mummi_ras.online.simulation:has_computed_enough:352 - INFO - runtime_hours*0.99 = 0.495 vs delta_time = 0.2131807049115499 (length 21.5 ns) False False
2025-04-08 15:40:28,111 - [MainProcess:146256] mummi_ras.online.simulation:has_computed_enough:352 - INFO - runtime_hours*0.99 = 0.495 vs delta_time = 0.2137380189365811 (length 21.5 ns) False False
2025-04-08 15:40:30,117 - [MainProcess:146256] mummi_ras.online.simulation:has_computed_enough:352 - INFO - runtime_hours*0.99 = 0.495 vs delta_time = 0.21429530885484482 (length 21.5 ns) False False
2025-04-08 15:40:32,123 - [MainProcess:146256] mummi_ras.online.simulation:has_computed_enough:352 - INFO - runtime_hours*0.99 = 0.495 vs delta_time = 0.21485260943571727 (length 21.5 ns) False False
2025-04-08 15:40:34,129 - [MainProcess:146256] mummi_ras.online.simulation:has_computed_enough:352 - INFO - runtime_hours*0.99 = 0.495 vs delta_time = 0.2154099459780587 (length 21.5 ns) False False
2025-04-08 15:40:36,136 - [MainProcess:146256] mummi_ras.online.simulation:has_computed_enough:352 - INFO - runtime_hours*0.99 = 0.495 vs delta_time = 0.21596728377872043 (length 21.5 ns) False False
2025-04-08 15:40:38,142 - [MainProcess:146256] mummi_ras.online.simulation:has_computed_enough:352 - INFO - runtime_hours*0.99 = 0.495 vs delta_time = 0.21652462330129413 (length 21.5 ns) False False
2025-04-08 15:40:40,149 - [MainProcess:146256] mummi_ras.online.simulation:has_computed_enough:352 - INFO - runtime_hours*0.99 = 0.495 vs delta_time = 0.21708194586965773 (length 21.5 ns) False False
2025-04-08 15:40:40,241 - [MainProcess:146256] mummi_ras.online.simulation:get_new_frames:399 - INFO - Getting all frame numbers in trajectory from 44 to 44.
2025-04-08 15:40:40,241 - [MainProcess:146256] mummi_ras.online.cg.cganalysis:run_main_analysis:193 - INFO - Process frame 44
2025-04-08 15:40:40,241 - [MainProcess:146256] mummi_ras.online.cg.cganalysis:processFrame:554 - INFO - Load 45 frames: current frame ID /tmp/mummi/cg/structure_iter00_000000000002-20250408_152719/traj_comp.xtc
2025-04-08 15:40:40,252 - [MainProcess:146256] mummi_ras.online.cg.cganalysis:processFrame:580 - INFO - Frame:    44, Time: 22000.000 ps, Bbox = [0, 180.52203, 0, 180.52203]
2025-04-08 15:40:40,252 - [MainProcess:146256] mummi_ras.online.cg.cganalysis:processFrame:584 - INFO - Lengths of layers: 665 36 483
2025-04-08 15:40:40,354 - [MainProcess:146256] mummi_ras.online.cg.cganalysis:processFrame:765 - INFO - Time for analysis - frameNum 44, time 0.11302375793457031 s
2025-04-08 15:40:42,355 - [MainProcess:146256] mummi_ras.online.simulation:has_computed_enough:352 - INFO - runtime_hours*0.99 = 0.495 vs delta_time = 0.21769470155239104 (length 22.0 ns) False False
2025-04-08 15:40:44,361 - [MainProcess:146256] mummi_ras.online.simulation:has_computed_enough:352 - INFO - runtime_hours*0.99 = 0.495 vs delta_time = 0.21825205703576406 (length 22.0 ns) False False
2025-04-08 15:40:46,367 - [MainProcess:146256] mummi_ras.online.simulation:has_computed_enough:352 - INFO - runtime_hours*0.99 = 0.495 vs delta_time = 0.2188093896706899 (length 22.0 ns) False False
2025-04-08 15:40:48,374 - [MainProcess:146256] mummi_ras.online.simulation:has_computed_enough:352 - INFO - runtime_hours*0.99 = 0.495 vs delta_time = 0.21936675084961785 (length 22.0 ns) False False
2025-04-08 15:40:50,380 - [MainProcess:146256] mummi_ras.online.simulation:has_computed_enough:352 - INFO - runtime_hours*0.99 = 0.495 vs delta_time = 0.21992407580216725 (length 22.0 ns) False False
2025-04-08 15:40:52,387 - [MainProcess:146256] mummi_ras.online.simulation:has_computed_enough:352 - INFO - runtime_hours*0.99 = 0.495 vs delta_time = 0.2204813892973794 (length 22.0 ns) False False
2025-04-08 15:40:54,393 - [MainProcess:146256] mummi_ras.online.simulation:has_computed_enough:352 - INFO - runtime_hours*0.99 = 0.495 vs delta_time = 0.2210386915339364 (length 22.0 ns) False False
2025-04-08 15:40:56,399 - [MainProcess:146256] mummi_ras.online.simulation:has_computed_enough:352 - INFO - runtime_hours*0.99 = 0.495 vs delta_time = 0.22159601900312637 (length 22.0 ns) False False
2025-04-08 15:40:56,461 - [MainProcess:146256] mummi_ras.online.simulation:get_new_frames:399 - INFO - Getting all frame numbers in trajectory from 45 to 45.
2025-04-08 15:40:56,461 - [MainProcess:146256] mummi_ras.online.cg.cganalysis:run_main_analysis:193 - INFO - Process frame 45
2025-04-08 15:40:56,461 - [MainProcess:146256] mummi_ras.online.cg.cganalysis:processFrame:554 - INFO - Load 46 frames: current frame ID /tmp/mummi/cg/structure_iter00_000000000002-20250408_152719/traj_comp.xtc
2025-04-08 15:40:56,472 - [MainProcess:146256] mummi_ras.online.cg.cganalysis:processFrame:580 - INFO - Frame:    45, Time: 22500.000 ps, Bbox = [0, 180.95947, 0, 180.95947]
2025-04-08 15:40:56,473 - [MainProcess:146256] mummi_ras.online.cg.cganalysis:processFrame:584 - INFO - Lengths of layers: 661 40 483
2025-04-08 15:40:56,574 - [MainProcess:146256] mummi_ras.online.cg.cganalysis:processFrame:765 - INFO - Time for analysis - frameNum 45, time 0.11295461654663086 s
2025-04-08 15:40:58,575 - [MainProcess:146256] mummi_ras.online.simulation:has_computed_enough:352 - INFO - runtime_hours*0.99 = 0.495 vs delta_time = 0.22220032155513764 (length 22.5 ns) False False
2025-04-08 15:41:00,581 - [MainProcess:146256] mummi_ras.online.simulation:has_computed_enough:352 - INFO - runtime_hours*0.99 = 0.495 vs delta_time = 0.2227577175034417 (length 22.5 ns) False False
2025-04-08 15:41:02,588 - [MainProcess:146256] mummi_ras.online.simulation:has_computed_enough:352 - INFO - runtime_hours*0.99 = 0.495 vs delta_time = 0.2233150397406684 (length 22.5 ns) False False
2025-04-08 15:41:04,594 - [MainProcess:146256] mummi_ras.online.simulation:has_computed_enough:352 - INFO - runtime_hours*0.99 = 0.495 vs delta_time = 0.2238723706536823 (length 22.5 ns) False False
2025-04-08 15:41:06,600 - [MainProcess:146256] mummi_ras.online.simulation:has_computed_enough:352 - INFO - runtime_hours*0.99 = 0.495 vs delta_time = 0.22442965779039595 (length 22.5 ns) False False
2025-04-08 15:41:08,607 - [MainProcess:146256] mummi_ras.online.simulation:has_computed_enough:352 - INFO - runtime_hours*0.99 = 0.495 vs delta_time = 0.2249869411521488 (length 22.5 ns) False False
2025-04-08 15:41:10,613 - [MainProcess:146256] mummi_ras.online.simulation:has_computed_enough:352 - INFO - runtime_hours*0.99 = 0.495 vs delta_time = 0.22554424007733662 (length 22.5 ns) False False
2025-04-08 15:41:12,619 - [MainProcess:146256] mummi_ras.online.simulation:has_computed_enough:352 - INFO - runtime_hours*0.99 = 0.495 vs delta_time = 0.22610154887040457 (length 22.5 ns) False False
2025-04-08 15:41:14,626 - [MainProcess:146256] mummi_ras.online.simulation:has_computed_enough:352 - INFO - runtime_hours*0.99 = 0.495 vs delta_time = 0.2266588513718711 (length 22.5 ns) False False
2025-04-08 15:41:14,678 - [MainProcess:146256] mummi_ras.online.simulation:get_new_frames:399 - INFO - Getting all frame numbers in trajectory from 46 to 46.
2025-04-08 15:41:14,678 - [MainProcess:146256] mummi_ras.online.cg.cganalysis:run_main_analysis:193 - INFO - Process frame 46
2025-04-08 15:41:14,678 - [MainProcess:146256] mummi_ras.online.cg.cganalysis:processFrame:554 - INFO - Load 47 frames: current frame ID /tmp/mummi/cg/structure_iter00_000000000002-20250408_152719/traj_comp.xtc
2025-04-08 15:41:14,690 - [MainProcess:146256] mummi_ras.online.cg.cganalysis:processFrame:580 - INFO - Frame:    46, Time: 23000.000 ps, Bbox = [0, 180.0725, 0, 180.0725]
2025-04-08 15:41:14,690 - [MainProcess:146256] mummi_ras.online.cg.cganalysis:processFrame:584 - INFO - Lengths of layers: 664 32 488
2025-04-08 15:41:14,792 - [MainProcess:146256] mummi_ras.online.cg.cganalysis:processFrame:765 - INFO - Time for analysis - frameNum 46, time 0.11332845687866211 s
2025-04-08 15:41:16,792 - [MainProcess:146256] mummi_ras.online.simulation:has_computed_enough:352 - INFO - runtime_hours*0.99 = 0.495 vs delta_time = 0.22726075066460502 (length 23.0 ns) False False
2025-04-08 15:41:18,799 - [MainProcess:146256] mummi_ras.online.simulation:has_computed_enough:352 - INFO - runtime_hours*0.99 = 0.495 vs delta_time = 0.2278180987967385 (length 23.0 ns) False False
2025-04-08 15:41:20,805 - [MainProcess:146256] mummi_ras.online.simulation:has_computed_enough:352 - INFO - runtime_hours*0.99 = 0.495 vs delta_time = 0.22837537493970658 (length 23.0 ns) False False
2025-04-08 15:41:22,811 - [MainProcess:146256] mummi_ras.online.simulation:has_computed_enough:352 - INFO - runtime_hours*0.99 = 0.495 vs delta_time = 0.22893266883161334 (length 23.0 ns) False False
2025-04-08 15:41:24,818 - [MainProcess:146256] mummi_ras.online.simulation:has_computed_enough:352 - INFO - runtime_hours*0.99 = 0.495 vs delta_time = 0.22948996199501887 (length 23.0 ns) False False
2025-04-08 15:41:26,824 - [MainProcess:146256] mummi_ras.online.simulation:has_computed_enough:352 - INFO - runtime_hours*0.99 = 0.495 vs delta_time = 0.23004727436436548 (length 23.0 ns) False False
2025-04-08 15:41:28,830 - [MainProcess:146256] mummi_ras.online.simulation:has_computed_enough:352 - INFO - runtime_hours*0.99 = 0.495 vs delta_time = 0.2306045757399665 (length 23.0 ns) False False
2025-04-08 15:41:30,836 - [MainProcess:146256] mummi_ras.online.simulation:has_computed_enough:352 - INFO - runtime_hours*0.99 = 0.495 vs delta_time = 0.2311618744664722 (length 23.0 ns) False False
2025-04-08 15:41:32,843 - [MainProcess:146256] mummi_ras.online.simulation:has_computed_enough:352 - INFO - runtime_hours*0.99 = 0.495 vs delta_time = 0.23171918133894603 (length 23.0 ns) False False
2025-04-08 15:41:32,997 - [MainProcess:146256] mummi_ras.online.simulation:get_new_frames:399 - INFO - Getting all frame numbers in trajectory from 47 to 47.
2025-04-08 15:41:32,997 - [MainProcess:146256] mummi_ras.online.cg.cganalysis:run_main_analysis:193 - INFO - Process frame 47
2025-04-08 15:41:32,998 - [MainProcess:146256] mummi_ras.online.cg.cganalysis:processFrame:554 - INFO - Load 48 frames: current frame ID /tmp/mummi/cg/structure_iter00_000000000002-20250408_152719/traj_comp.xtc
2025-04-08 15:41:33,009 - [MainProcess:146256] mummi_ras.online.cg.cganalysis:processFrame:580 - INFO - Frame:    47, Time: 23500.000 ps, Bbox = [0, 180.53333, 0, 180.53333]
2025-04-08 15:41:33,009 - [MainProcess:146256] mummi_ras.online.cg.cganalysis:processFrame:584 - INFO - Lengths of layers: 668 30 486
2025-04-08 15:41:33,111 - [MainProcess:146256] mummi_ras.online.cg.cganalysis:processFrame:765 - INFO - Time for analysis - frameNum 47, time 0.11307692527770996 s
2025-04-08 15:41:35,111 - [MainProcess:146256] mummi_ras.online.simulation:has_computed_enough:352 - INFO - runtime_hours*0.99 = 0.495 vs delta_time = 0.23234933614730835 (length 23.5 ns) False False
2025-04-08 15:41:37,118 - [MainProcess:146256] mummi_ras.online.simulation:has_computed_enough:352 - INFO - runtime_hours*0.99 = 0.495 vs delta_time = 0.23290670090251497 (length 23.5 ns) False False
2025-04-08 15:41:39,124 - [MainProcess:146256] mummi_ras.online.simulation:has_computed_enough:352 - INFO - runtime_hours*0.99 = 0.495 vs delta_time = 0.23346401260958777 (length 23.5 ns) False False
2025-04-08 15:41:41,130 - [MainProcess:146256] mummi_ras.online.simulation:has_computed_enough:352 - INFO - runtime_hours*0.99 = 0.495 vs delta_time = 0.23402132636970943 (length 23.5 ns) False False
2025-04-08 15:41:43,137 - [MainProcess:146256] mummi_ras.online.simulation:has_computed_enough:352 - INFO - runtime_hours*0.99 = 0.495 vs delta_time = 0.23457863284481897 (length 23.5 ns) False False
2025-04-08 15:41:45,143 - [MainProcess:146256] mummi_ras.online.simulation:has_computed_enough:352 - INFO - runtime_hours*0.99 = 0.495 vs delta_time = 0.2351359646850162 (length 23.5 ns) False False
2025-04-08 15:41:47,149 - [MainProcess:146256] mummi_ras.online.simulation:has_computed_enough:352 - INFO - runtime_hours*0.99 = 0.495 vs delta_time = 0.23569325778219435 (length 23.5 ns) False False
2025-04-08 15:41:49,156 - [MainProcess:146256] mummi_ras.online.simulation:has_computed_enough:352 - INFO - runtime_hours*0.99 = 0.495 vs delta_time = 0.23625057776769 (length 23.5 ns) False False
2025-04-08 15:41:51,162 - [MainProcess:146256] mummi_ras.online.simulation:has_computed_enough:352 - INFO - runtime_hours*0.99 = 0.495 vs delta_time = 0.23680788159370422 (length 23.5 ns) False False
2025-04-08 15:41:51,248 - [MainProcess:146256] mummi_ras.online.simulation:get_new_frames:399 - INFO - Getting all frame numbers in trajectory from 48 to 48.
2025-04-08 15:41:51,248 - [MainProcess:146256] mummi_ras.online.cg.cganalysis:run_main_analysis:193 - INFO - Process frame 48
2025-04-08 15:41:51,248 - [MainProcess:146256] mummi_ras.online.cg.cganalysis:processFrame:554 - INFO - Load 49 frames: current frame ID /tmp/mummi/cg/structure_iter00_000000000002-20250408_152719/traj_comp.xtc
2025-04-08 15:41:51,259 - [MainProcess:146256] mummi_ras.online.cg.cganalysis:processFrame:580 - INFO - Frame:    48, Time: 24000.000 ps, Bbox = [0, 180.0934, 0, 180.0934]
2025-04-08 15:41:51,259 - [MainProcess:146256] mummi_ras.online.cg.cganalysis:processFrame:584 - INFO - Lengths of layers: 667 28 489
2025-04-08 15:41:51,361 - [MainProcess:146256] mummi_ras.online.cg.cganalysis:processFrame:765 - INFO - Time for analysis - frameNum 48, time 0.11330485343933105 s
2025-04-08 15:41:53,362 - [MainProcess:146256] mummi_ras.online.simulation:has_computed_enough:352 - INFO - runtime_hours*0.99 = 0.495 vs delta_time = 0.23741897477044 (length 24.0 ns) False False
2025-04-08 15:41:55,368 - [MainProcess:146256] mummi_ras.online.simulation:has_computed_enough:352 - INFO - runtime_hours*0.99 = 0.495 vs delta_time = 0.237976328002082 (length 24.0 ns) False False
2025-04-08 15:41:57,375 - [MainProcess:146256] mummi_ras.online.simulation:has_computed_enough:352 - INFO - runtime_hours*0.99 = 0.495 vs delta_time = 0.23853361030419667 (length 24.0 ns) False False
2025-04-08 15:41:59,381 - [MainProcess:146256] mummi_ras.online.simulation:has_computed_enough:352 - INFO - runtime_hours*0.99 = 0.495 vs delta_time = 0.23909091863367293 (length 24.0 ns) False False
2025-04-08 15:42:01,387 - [MainProcess:146256] mummi_ras.online.simulation:has_computed_enough:352 - INFO - runtime_hours*0.99 = 0.495 vs delta_time = 0.23964821736017863 (length 24.0 ns) False False
2025-04-08 15:42:03,394 - [MainProcess:146256] mummi_ras.online.simulation:has_computed_enough:352 - INFO - runtime_hours*0.99 = 0.495 vs delta_time = 0.24020552423265246 (length 24.0 ns) False False
2025-04-08 15:42:05,400 - [MainProcess:146256] mummi_ras.online.simulation:has_computed_enough:352 - INFO - runtime_hours*0.99 = 0.495 vs delta_time = 0.24076283077398936 (length 24.0 ns) False False
2025-04-08 15:42:07,406 - [MainProcess:146256] mummi_ras.online.simulation:has_computed_enough:352 - INFO - runtime_hours*0.99 = 0.495 vs delta_time = 0.2413201371828715 (length 24.0 ns) False False
2025-04-08 15:42:07,459 - [MainProcess:146256] mummi_ras.online.simulation:get_new_frames:399 - INFO - Getting all frame numbers in trajectory from 49 to 49.
2025-04-08 15:42:07,459 - [MainProcess:146256] mummi_ras.online.cg.cganalysis:run_main_analysis:193 - INFO - Process frame 49
2025-04-08 15:42:07,459 - [MainProcess:146256] mummi_ras.online.cg.cganalysis:processFrame:554 - INFO - Load 50 frames: current frame ID /tmp/mummi/cg/structure_iter00_000000000002-20250408_152719/traj_comp.xtc
2025-04-08 15:42:07,471 - [MainProcess:146256] mummi_ras.online.cg.cganalysis:processFrame:580 - INFO - Frame:    49, Time: 24500.000 ps, Bbox = [0, 180.47244, 0, 180.47244]
2025-04-08 15:42:07,471 - [MainProcess:146256] mummi_ras.online.cg.cganalysis:processFrame:584 - INFO - Lengths of layers: 669 27 488
2025-04-08 15:42:07,573 - [MainProcess:146256] mummi_ras.online.cg.cganalysis:processFrame:765 - INFO - Time for analysis - frameNum 49, time 0.11327171325683594 s
2025-04-08 15:42:09,573 - [MainProcess:146256] mummi_ras.online.simulation:has_computed_enough:352 - INFO - runtime_hours*0.99 = 0.495 vs delta_time = 0.24192211005422803 (length 24.5 ns) False False
2025-04-08 15:42:09,580 - [MainProcess:146256] mummi_ras.online.cg.cganalysis:processOutput:92 - INFO - Add feedback for frameNum 40 - state []
2025-04-08 15:42:09,580 - [MainProcess:146256] mummi_ras.online.cg.cganalysis:processOutput:92 - INFO - Add feedback for frameNum 41 - state []
2025-04-08 15:42:09,580 - [MainProcess:146256] mummi_ras.online.cg.cganalysis:processOutput:92 - INFO - Add feedback for frameNum 42 - state []
2025-04-08 15:42:09,580 - [MainProcess:146256] mummi_ras.online.cg.cganalysis:processOutput:92 - INFO - Add feedback for frameNum 43 - state []
2025-04-08 15:42:09,580 - [MainProcess:146256] mummi_ras.online.cg.cganalysis:processOutput:92 - INFO - Add feedback for frameNum 44 - state []
2025-04-08 15:42:09,580 - [MainProcess:146256] mummi_ras.online.cg.cganalysis:processOutput:92 - INFO - Add feedback for frameNum 45 - state []
2025-04-08 15:42:09,581 - [MainProcess:146256] mummi_ras.online.cg.cganalysis:processOutput:92 - INFO - Add feedback for frameNum 46 - state []
2025-04-08 15:42:09,581 - [MainProcess:146256] mummi_ras.online.cg.cganalysis:processOutput:92 - INFO - Add feedback for frameNum 47 - state []
2025-04-08 15:42:09,581 - [MainProcess:146256] mummi_ras.online.cg.cganalysis:processOutput:92 - INFO - Add feedback for frameNum 48 - state []
2025-04-08 15:42:09,581 - [MainProcess:146256] mummi_ras.online.cg.cganalysis:processOutput:92 - INFO - Add feedback for frameNum 49 - state []
2025-04-08 15:42:09,596 - [MainProcess:146256] mummi_core.interfaces.simple:_save_files:91 - INFO - Wrote 10 files to (/p/gpfs1/pottier1/minimummi-sc25/roots/root1/feedback-cg2ml/002)
2025-04-08 15:42:09,596 - [MainProcess:146256] mummi_ras.feedback.feedback_manager_cg2ml:report:118 - INFO - Added 10 frames (from structure_iter00_000000000002) to feedback (/p/gpfs1/pottier1/minimummi-sc25/roots/root1/feedback-cg2ml)
2025-04-08 15:42:09,596 - [MainProcess:146256] mummi_ras.online.cg.cganalysis:processOutput:112 - INFO - processOutput: 49
2025-04-08 15:42:09,596 - [MainProcess:146256] mummi_ras.online.cg.cganalysis:copyRemoteRestart:452 - INFO - Copy to remote frames [40, 41, 42, 43, 44, 45, 46, 47, 48, 49]
sending incremental file list
rsync: link_stat "/tmp/mummi/cg/structure_iter00_000000000002-20250408_152719/state.cpt" failed: No such file or directory (2)
ener.edr
md.log
mdrun.log
traj_comp.xtc

sent 10,929,046 bytes  received 92 bytes  21,858,276.00 bytes/sec
total size is 12,635,376  speedup is 1.16
rsync error: some files/attrs were not transferred (see previous errors) (code 23) at main.c(1179) [sender=3.1.2]
2025-04-08 15:42:09,727 - [MainProcess:146256] mummi_core.utils.utilities:sys_call:184 - INFO - Run command: rsync -va --no-g traj_comp.xtc topol.tpr state.cpt ener.edr md.log mdrun.log /p/gpfs1/pottier1/minimummi-sc25/roots/root1/sims-cg/structure_iter00_000000000002 || true
2025-04-08 15:42:10,175 - [MainProcess:146256] mummi_ras.interfaces.mummi:save_analysis_data:253 - INFO - Saved all analysis data for frames [40, 41, 42, 43, 44, 45, 46, 47, 48, 49]
2025-04-08 15:42:10,175 - [MainProcess:146256] mummi_ras.online.cg.cganalysis:copyRemoteLogs:350 - INFO - Copy over log files
2025-04-08 15:42:10,214 - [MainProcess:146256] mummi_core.utils.utilities:sys_call:184 - INFO - Run command: cp -r  /tmp/mummi/cg/structure_iter00_000000000002-20250408_152719/cg_analysis.out /tmp/mummi/cg/structure_iter00_000000000002-20250408_152719/traj_comp.xtc /tmp/mummi/cg/structure_iter00_000000000002-20250408_152719/*.log /p/gpfs1/pottier1/minimummi-sc25/roots/root1/sims-cg/structure_iter00_000000000002/ || true
2025-04-08 15:42:10,215 - [MainProcess:146256] mummi_ras.online.cg.cganalysis:copyRemoteLogs:365 - INFO - copyRemoteLogs =  /tmp/mummi/cg/structure_iter00_000000000002-20250408_152719/cg_analysis.out /tmp/mummi/cg/structure_iter00_000000000002-20250408_152719/traj_comp.xtc /tmp/mummi/cg/structure_iter00_000000000002-20250408_152719/*.log
2025-04-08 15:42:10,215 - [MainProcess:146256] mummi_ras.online.cg.cganalysis:cleanupLocal:375 - WARNING - Copy cleanup local only works for ddcMD files
2025-04-08 15:42:12,215 - [MainProcess:146256] mummi_ras.online.simulation:has_computed_enough:352 - INFO - runtime_hours*0.99 = 0.495 vs delta_time = 0.24265591422716776 (length 24.5 ns) False False
2025-04-08 15:42:14,221 - [MainProcess:146256] mummi_ras.online.simulation:has_computed_enough:352 - INFO - runtime_hours*0.99 = 0.495 vs delta_time = 0.24321326163080004 (length 24.5 ns) False False
2025-04-08 15:42:16,228 - [MainProcess:146256] mummi_ras.online.simulation:has_computed_enough:352 - INFO - runtime_hours*0.99 = 0.495 vs delta_time = 0.24377061022652521 (length 24.5 ns) False False
2025-04-08 15:42:18,234 - [MainProcess:146256] mummi_ras.online.simulation:has_computed_enough:352 - INFO - runtime_hours*0.99 = 0.495 vs delta_time = 0.24432794551054637 (length 24.5 ns) False False
2025-04-08 15:42:20,241 - [MainProcess:146256] mummi_ras.online.simulation:has_computed_enough:352 - INFO - runtime_hours*0.99 = 0.495 vs delta_time = 0.24488524807824028 (length 24.5 ns) False False
2025-04-08 15:42:22,247 - [MainProcess:146256] mummi_ras.online.simulation:has_computed_enough:352 - INFO - runtime_hours*0.99 = 0.495 vs delta_time = 0.24544256415632035 (length 24.5 ns) False False
2025-04-08 15:42:24,253 - [MainProcess:146256] mummi_ras.online.simulation:has_computed_enough:352 - INFO - runtime_hours*0.99 = 0.495 vs delta_time = 0.245999888976415 (length 24.5 ns) False False
2025-04-08 15:42:26,260 - [MainProcess:146256] mummi_ras.online.simulation:has_computed_enough:352 - INFO - runtime_hours*0.99 = 0.495 vs delta_time = 0.24655720902813805 (length 24.5 ns) False False
2025-04-08 15:42:26,313 - [MainProcess:146256] mummi_ras.online.simulation:get_new_frames:399 - INFO - Getting all frame numbers in trajectory from 50 to 50.
2025-04-08 15:42:26,313 - [MainProcess:146256] mummi_ras.online.cg.cganalysis:run_main_analysis:193 - INFO - Process frame 50
2025-04-08 15:42:26,313 - [MainProcess:146256] mummi_ras.online.cg.cganalysis:processFrame:554 - INFO - Load 51 frames: current frame ID /tmp/mummi/cg/structure_iter00_000000000002-20250408_152719/traj_comp.xtc
2025-04-08 15:42:26,324 - [MainProcess:146256] mummi_ras.online.cg.cganalysis:processFrame:580 - INFO - Frame:    50, Time: 25000.000 ps, Bbox = [0, 179.3347, 0, 179.3347]
2025-04-08 15:42:26,324 - [MainProcess:146256] mummi_ras.online.cg.cganalysis:processFrame:584 - INFO - Lengths of layers: 670 28 486
2025-04-08 15:42:26,426 - [MainProcess:146256] mummi_ras.online.cg.cganalysis:processFrame:765 - INFO - Time for analysis - frameNum 50, time 0.11332464218139648 s
2025-04-08 15:42:28,427 - [MainProcess:146256] mummi_ras.online.simulation:has_computed_enough:352 - INFO - runtime_hours*0.99 = 0.495 vs delta_time = 0.24715923037793902 (length 25.0 ns) False False
2025-04-08 15:42:30,433 - [MainProcess:146256] mummi_ras.online.simulation:has_computed_enough:352 - INFO - runtime_hours*0.99 = 0.495 vs delta_time = 0.2477165953318278 (length 25.0 ns) False False
2025-04-08 15:42:32,440 - [MainProcess:146256] mummi_ras.online.simulation:has_computed_enough:352 - INFO - runtime_hours*0.99 = 0.495 vs delta_time = 0.24827390690644582 (length 25.0 ns) False False
2025-04-08 15:42:34,446 - [MainProcess:146256] mummi_ras.online.simulation:has_computed_enough:352 - INFO - runtime_hours*0.99 = 0.495 vs delta_time = 0.24883120351367527 (length 25.0 ns) False False
2025-04-08 15:42:36,452 - [MainProcess:146256] mummi_ras.online.simulation:has_computed_enough:352 - INFO - runtime_hours*0.99 = 0.495 vs delta_time = 0.24938852303557926 (length 25.0 ns) False False
2025-04-08 15:42:38,459 - [MainProcess:146256] mummi_ras.online.simulation:has_computed_enough:352 - INFO - runtime_hours*0.99 = 0.495 vs delta_time = 0.24994587335321639 (length 25.0 ns) False False
2025-04-08 15:42:40,465 - [MainProcess:146256] mummi_ras.online.simulation:has_computed_enough:352 - INFO - runtime_hours*0.99 = 0.495 vs delta_time = 0.25050317433145314 (length 25.0 ns) False False
2025-04-08 15:42:42,471 - [MainProcess:146256] mummi_ras.online.simulation:has_computed_enough:352 - INFO - runtime_hours*0.99 = 0.495 vs delta_time = 0.2510604973634084 (length 25.0 ns) False False
2025-04-08 15:42:44,478 - [MainProcess:146256] mummi_ras.online.simulation:has_computed_enough:352 - INFO - runtime_hours*0.99 = 0.495 vs delta_time = 0.25161781503094566 (length 25.0 ns) False False
2025-04-08 15:42:44,617 - [MainProcess:146256] mummi_ras.online.simulation:get_new_frames:399 - INFO - Getting all frame numbers in trajectory from 51 to 51.
2025-04-08 15:42:44,617 - [MainProcess:146256] mummi_ras.online.cg.cganalysis:run_main_analysis:193 - INFO - Process frame 51
2025-04-08 15:42:44,617 - [MainProcess:146256] mummi_ras.online.cg.cganalysis:processFrame:554 - INFO - Load 52 frames: current frame ID /tmp/mummi/cg/structure_iter00_000000000002-20250408_152719/traj_comp.xtc
2025-04-08 15:42:44,628 - [MainProcess:146256] mummi_ras.online.cg.cganalysis:processFrame:580 - INFO - Frame:    51, Time: 25500.000 ps, Bbox = [0, 179.21034, 0, 179.21034]
2025-04-08 15:42:44,628 - [MainProcess:146256] mummi_ras.online.cg.cganalysis:processFrame:584 - INFO - Lengths of layers: 667 31 486
2025-04-08 15:42:44,731 - [MainProcess:146256] mummi_ras.online.cg.cganalysis:processFrame:765 - INFO - Time for analysis - frameNum 51, time 0.11364054679870605 s
2025-04-08 15:42:46,732 - [MainProcess:146256] mummi_ras.online.simulation:has_computed_enough:352 - INFO - runtime_hours*0.99 = 0.495 vs delta_time = 0.25224385327763027 (length 25.5 ns) False False
2025-04-08 15:42:48,738 - [MainProcess:146256] mummi_ras.online.simulation:has_computed_enough:352 - INFO - runtime_hours*0.99 = 0.495 vs delta_time = 0.2528012432654699 (length 25.5 ns) False False
2025-04-08 15:42:50,745 - [MainProcess:146256] mummi_ras.online.simulation:has_computed_enough:352 - INFO - runtime_hours*0.99 = 0.495 vs delta_time = 0.25335856484042274 (length 25.5 ns) False False
2025-04-08 15:42:52,751 - [MainProcess:146256] mummi_ras.online.simulation:has_computed_enough:352 - INFO - runtime_hours*0.99 = 0.495 vs delta_time = 0.2539159003893534 (length 25.5 ns) False False
2025-04-08 15:42:54,757 - [MainProcess:146256] mummi_ras.online.simulation:has_computed_enough:352 - INFO - runtime_hours*0.99 = 0.495 vs delta_time = 0.2544732015662723 (length 25.5 ns) False False
2025-04-08 15:42:56,764 - [MainProcess:146256] mummi_ras.online.simulation:has_computed_enough:352 - INFO - runtime_hours*0.99 = 0.495 vs delta_time = 0.25503052360481687 (length 25.5 ns) False False
2025-04-08 15:42:58,770 - [MainProcess:146256] mummi_ras.online.simulation:has_computed_enough:352 - INFO - runtime_hours*0.99 = 0.495 vs delta_time = 0.2555878261062834 (length 25.5 ns) False False
2025-04-08 15:43:00,776 - [MainProcess:146256] mummi_ras.online.simulation:has_computed_enough:352 - INFO - runtime_hours*0.99 = 0.495 vs delta_time = 0.25614515205224353 (length 25.5 ns) False False
2025-04-08 15:43:00,859 - [MainProcess:146256] mummi_ras.online.simulation:get_new_frames:399 - INFO - Getting all frame numbers in trajectory from 52 to 52.
2025-04-08 15:43:00,859 - [MainProcess:146256] mummi_ras.online.cg.cganalysis:run_main_analysis:193 - INFO - Process frame 52
2025-04-08 15:43:00,860 - [MainProcess:146256] mummi_ras.online.cg.cganalysis:processFrame:554 - INFO - Load 53 frames: current frame ID /tmp/mummi/cg/structure_iter00_000000000002-20250408_152719/traj_comp.xtc
2025-04-08 15:43:00,871 - [MainProcess:146256] mummi_ras.online.cg.cganalysis:processFrame:580 - INFO - Frame:    52, Time: 26000.000 ps, Bbox = [0, 180.50407, 0, 180.50407]
2025-04-08 15:43:00,871 - [MainProcess:146256] mummi_ras.online.cg.cganalysis:processFrame:584 - INFO - Lengths of layers: 667 30 487
2025-04-08 15:43:00,973 - [MainProcess:146256] mummi_ras.online.cg.cganalysis:processFrame:765 - INFO - Time for analysis - frameNum 52, time 0.1134788990020752 s
2025-04-08 15:43:02,974 - [MainProcess:146256] mummi_ras.online.simulation:has_computed_enough:352 - INFO - runtime_hours*0.99 = 0.495 vs delta_time = 0.2567555865976546 (length 26.0 ns) False False
2025-04-08 15:43:04,980 - [MainProcess:146256] mummi_ras.online.simulation:has_computed_enough:352 - INFO - runtime_hours*0.99 = 0.495 vs delta_time = 0.2573129677110248 (length 26.0 ns) False False
2025-04-08 15:43:06,987 - [MainProcess:146256] mummi_ras.online.simulation:has_computed_enough:352 - INFO - runtime_hours*0.99 = 0.495 vs delta_time = 0.25787028306060367 (length 26.0 ns) False False
2025-04-08 15:43:08,993 - [MainProcess:146256] mummi_ras.online.simulation:has_computed_enough:352 - INFO - runtime_hours*0.99 = 0.495 vs delta_time = 0.2584276016553243 (length 26.0 ns) False False
2025-04-08 15:43:10,999 - [MainProcess:146256] mummi_ras.online.simulation:has_computed_enough:352 - INFO - runtime_hours*0.99 = 0.495 vs delta_time = 0.25898491548167335 (length 26.0 ns) False False
2025-04-08 15:43:13,006 - [MainProcess:146256] mummi_ras.online.simulation:has_computed_enough:352 - INFO - runtime_hours*0.99 = 0.495 vs delta_time = 0.25954222089714474 (length 26.0 ns) False False
2025-04-08 15:43:15,012 - [MainProcess:146256] mummi_ras.online.simulation:has_computed_enough:352 - INFO - runtime_hours*0.99 = 0.495 vs delta_time = 0.26009954419400955 (length 26.0 ns) False False
2025-04-08 15:43:17,018 - [MainProcess:146256] mummi_ras.online.simulation:has_computed_enough:352 - INFO - runtime_hours*0.99 = 0.495 vs delta_time = 0.26065687510702346 (length 26.0 ns) False False
2025-04-08 15:43:19,025 - [MainProcess:146256] mummi_ras.online.simulation:has_computed_enough:352 - INFO - runtime_hours*0.99 = 0.495 vs delta_time = 0.261214201119211 (length 26.0 ns) False False
2025-04-08 15:43:19,078 - [MainProcess:146256] mummi_ras.online.simulation:get_new_frames:399 - INFO - Getting all frame numbers in trajectory from 53 to 53.
2025-04-08 15:43:19,078 - [MainProcess:146256] mummi_ras.online.cg.cganalysis:run_main_analysis:193 - INFO - Process frame 53
2025-04-08 15:43:19,078 - [MainProcess:146256] mummi_ras.online.cg.cganalysis:processFrame:554 - INFO - Load 54 frames: current frame ID /tmp/mummi/cg/structure_iter00_000000000002-20250408_152719/traj_comp.xtc
2025-04-08 15:43:19,090 - [MainProcess:146256] mummi_ras.online.cg.cganalysis:processFrame:580 - INFO - Frame:    53, Time: 26500.000 ps, Bbox = [0, 180.15396, 0, 180.15396]
2025-04-08 15:43:19,090 - [MainProcess:146256] mummi_ras.online.cg.cganalysis:processFrame:584 - INFO - Lengths of layers: 665 30 489
2025-04-08 15:43:19,192 - [MainProcess:146256] mummi_ras.online.cg.cganalysis:processFrame:765 - INFO - Time for analysis - frameNum 53, time 0.11388492584228516 s
2025-04-08 15:43:21,193 - [MainProcess:146256] mummi_ras.online.simulation:has_computed_enough:352 - INFO - runtime_hours*0.99 = 0.495 vs delta_time = 0.26181641750865514 (length 26.5 ns) False False
2025-04-08 15:43:23,199 - [MainProcess:146256] mummi_ras.online.simulation:has_computed_enough:352 - INFO - runtime_hours*0.99 = 0.495 vs delta_time = 0.26237381319204967 (length 26.5 ns) False False
2025-04-08 15:43:25,206 - [MainProcess:146256] mummi_ras.online.simulation:has_computed_enough:352 - INFO - runtime_hours*0.99 = 0.495 vs delta_time = 0.2629311302635405 (length 26.5 ns) False False
2025-04-08 15:43:27,212 - [MainProcess:146256] mummi_ras.online.simulation:has_computed_enough:352 - INFO - runtime_hours*0.99 = 0.495 vs delta_time = 0.26348847468694053 (length 26.5 ns) False False
2025-04-08 15:43:29,219 - [MainProcess:146256] mummi_ras.online.simulation:has_computed_enough:352 - INFO - runtime_hours*0.99 = 0.495 vs delta_time = 0.2640458059973187 (length 26.5 ns) False False
2025-04-08 15:43:31,225 - [MainProcess:146256] mummi_ras.online.simulation:has_computed_enough:352 - INFO - runtime_hours*0.99 = 0.495 vs delta_time = 0.26460314803653295 (length 26.5 ns) False False
2025-04-08 15:43:33,231 - [MainProcess:146256] mummi_ras.online.simulation:has_computed_enough:352 - INFO - runtime_hours*0.99 = 0.495 vs delta_time = 0.2651604645119773 (length 26.5 ns) False False
2025-04-08 15:43:35,238 - [MainProcess:146256] mummi_ras.online.simulation:has_computed_enough:352 - INFO - runtime_hours*0.99 = 0.495 vs delta_time = 0.26571779847145083 (length 26.5 ns) False False
2025-04-08 15:43:37,244 - [MainProcess:146256] mummi_ras.online.simulation:has_computed_enough:352 - INFO - runtime_hours*0.99 = 0.495 vs delta_time = 0.26627511117193436 (length 26.5 ns) False False
2025-04-08 15:43:37,297 - [MainProcess:146256] mummi_ras.online.simulation:get_new_frames:399 - INFO - Getting all frame numbers in trajectory from 54 to 54.
2025-04-08 15:43:37,297 - [MainProcess:146256] mummi_ras.online.cg.cganalysis:run_main_analysis:193 - INFO - Process frame 54
2025-04-08 15:43:37,297 - [MainProcess:146256] mummi_ras.online.cg.cganalysis:processFrame:554 - INFO - Load 55 frames: current frame ID /tmp/mummi/cg/structure_iter00_000000000002-20250408_152719/traj_comp.xtc
2025-04-08 15:43:37,309 - [MainProcess:146256] mummi_ras.online.cg.cganalysis:processFrame:580 - INFO - Frame:    54, Time: 27000.000 ps, Bbox = [0, 179.34283, 0, 179.34283]
2025-04-08 15:43:37,309 - [MainProcess:146256] mummi_ras.online.cg.cganalysis:processFrame:584 - INFO - Lengths of layers: 664 32 488
2025-04-08 15:43:37,411 - [MainProcess:146256] mummi_ras.online.cg.cganalysis:processFrame:765 - INFO - Time for analysis - frameNum 54, time 0.11427593231201172 s
2025-04-08 15:43:39,412 - [MainProcess:146256] mummi_ras.online.simulation:has_computed_enough:352 - INFO - runtime_hours*0.99 = 0.495 vs delta_time = 0.2668773372305764 (length 27.0 ns) False False
2025-04-08 15:43:41,419 - [MainProcess:146256] mummi_ras.online.simulation:has_computed_enough:352 - INFO - runtime_hours*0.99 = 0.495 vs delta_time = 0.26743473158942327 (length 27.0 ns) False False
2025-04-08 15:43:43,425 - [MainProcess:146256] mummi_ras.online.simulation:has_computed_enough:352 - INFO - runtime_hours*0.99 = 0.495 vs delta_time = 0.2679920306470659 (length 27.0 ns) False False
2025-04-08 15:43:45,431 - [MainProcess:146256] mummi_ras.online.simulation:has_computed_enough:352 - INFO - runtime_hours*0.99 = 0.495 vs delta_time = 0.2685493357314004 (length 27.0 ns) False False
2025-04-08 15:43:47,438 - [MainProcess:146256] mummi_ras.online.simulation:has_computed_enough:352 - INFO - runtime_hours*0.99 = 0.495 vs delta_time = 0.2691066555844413 (length 27.0 ns) False False
2025-04-08 15:43:49,444 - [MainProcess:146256] mummi_ras.online.simulation:has_computed_enough:352 - INFO - runtime_hours*0.99 = 0.495 vs delta_time = 0.26966396941079035 (length 27.0 ns) False False
2025-04-08 15:43:51,450 - [MainProcess:146256] mummi_ras.online.simulation:has_computed_enough:352 - INFO - runtime_hours*0.99 = 0.495 vs delta_time = 0.27022127853499517 (length 27.0 ns) False False
2025-04-08 15:43:53,457 - [MainProcess:146256] mummi_ras.online.simulation:has_computed_enough:352 - INFO - runtime_hours*0.99 = 0.495 vs delta_time = 0.2707785913017061 (length 27.0 ns) False False
2025-04-08 15:43:53,610 - [MainProcess:146256] mummi_ras.online.simulation:get_new_frames:399 - INFO - Getting all frame numbers in trajectory from 55 to 55.
2025-04-08 15:43:53,610 - [MainProcess:146256] mummi_ras.online.cg.cganalysis:run_main_analysis:193 - INFO - Process frame 55
2025-04-08 15:43:53,610 - [MainProcess:146256] mummi_ras.online.cg.cganalysis:processFrame:554 - INFO - Load 56 frames: current frame ID /tmp/mummi/cg/structure_iter00_000000000002-20250408_152719/traj_comp.xtc
2025-04-08 15:43:53,622 - [MainProcess:146256] mummi_ras.online.cg.cganalysis:processFrame:580 - INFO - Frame:    55, Time: 27500.000 ps, Bbox = [0, 180.72328, 0, 180.72328]
2025-04-08 15:43:53,622 - [MainProcess:146256] mummi_ras.online.cg.cganalysis:processFrame:584 - INFO - Lengths of layers: 664 35 485
2025-04-08 15:43:53,724 - [MainProcess:146256] mummi_ras.online.cg.cganalysis:processFrame:765 - INFO - Time for analysis - frameNum 55, time 0.11405634880065918 s
2025-04-08 15:43:55,725 - [MainProcess:146256] mummi_ras.online.simulation:has_computed_enough:352 - INFO - runtime_hours*0.99 = 0.495 vs delta_time = 0.27140873856014675 (length 27.5 ns) False False
2025-04-08 15:43:57,732 - [MainProcess:146256] mummi_ras.online.simulation:has_computed_enough:352 - INFO - runtime_hours*0.99 = 0.495 vs delta_time = 0.2719661603371302 (length 27.5 ns) False False
2025-04-08 15:43:59,738 - [MainProcess:146256] mummi_ras.online.simulation:has_computed_enough:352 - INFO - runtime_hours*0.99 = 0.495 vs delta_time = 0.2725235093964471 (length 27.5 ns) False False
2025-04-08 15:44:01,745 - [MainProcess:146256] mummi_ras.online.simulation:has_computed_enough:352 - INFO - runtime_hours*0.99 = 0.495 vs delta_time = 0.27308080779181587 (length 27.5 ns) False False
2025-04-08 15:44:03,751 - [MainProcess:146256] mummi_ras.online.simulation:has_computed_enough:352 - INFO - runtime_hours*0.99 = 0.495 vs delta_time = 0.27363811877038746 (length 27.5 ns) False False
2025-04-08 15:44:05,757 - [MainProcess:146256] mummi_ras.online.simulation:has_computed_enough:352 - INFO - runtime_hours*0.99 = 0.495 vs delta_time = 0.2741954374975628 (length 27.5 ns) False False
2025-04-08 15:44:07,764 - [MainProcess:146256] mummi_ras.online.simulation:has_computed_enough:352 - INFO - runtime_hours*0.99 = 0.495 vs delta_time = 0.2747527499331368 (length 27.5 ns) False False
2025-04-08 15:44:09,770 - [MainProcess:146256] mummi_ras.online.simulation:has_computed_enough:352 - INFO - runtime_hours*0.99 = 0.495 vs delta_time = 0.2753100690576765 (length 27.5 ns) False False
2025-04-08 15:44:11,776 - [MainProcess:146256] mummi_ras.online.simulation:has_computed_enough:352 - INFO - runtime_hours*0.99 = 0.495 vs delta_time = 0.2758674018912845 (length 27.5 ns) False False
2025-04-08 15:44:11,865 - [MainProcess:146256] mummi_ras.online.simulation:get_new_frames:399 - INFO - Getting all frame numbers in trajectory from 56 to 56.
2025-04-08 15:44:11,865 - [MainProcess:146256] mummi_ras.online.cg.cganalysis:run_main_analysis:193 - INFO - Process frame 56
2025-04-08 15:44:11,865 - [MainProcess:146256] mummi_ras.online.cg.cganalysis:processFrame:554 - INFO - Load 57 frames: current frame ID /tmp/mummi/cg/structure_iter00_000000000002-20250408_152719/traj_comp.xtc
2025-04-08 15:44:11,877 - [MainProcess:146256] mummi_ras.online.cg.cganalysis:processFrame:580 - INFO - Frame:    56, Time: 28000.000 ps, Bbox = [0, 180.18874, 0, 180.18874]
2025-04-08 15:44:11,877 - [MainProcess:146256] mummi_ras.online.cg.cganalysis:processFrame:584 - INFO - Lengths of layers: 663 36 485
2025-04-08 15:44:11,979 - [MainProcess:146256] mummi_ras.online.cg.cganalysis:processFrame:765 - INFO - Time for analysis - frameNum 56, time 0.11365962028503418 s
2025-04-08 15:44:13,980 - [MainProcess:146256] mummi_ras.online.simulation:has_computed_enough:352 - INFO - runtime_hours*0.99 = 0.495 vs delta_time = 0.27647944940461056 (length 28.0 ns) False False
2025-04-08 15:44:15,986 - [MainProcess:146256] mummi_ras.online.simulation:has_computed_enough:352 - INFO - runtime_hours*0.99 = 0.495 vs delta_time = 0.2770368552207947 (length 28.0 ns) False False
2025-04-08 15:44:17,993 - [MainProcess:146256] mummi_ras.online.simulation:has_computed_enough:352 - INFO - runtime_hours*0.99 = 0.495 vs delta_time = 0.2775941851403978 (length 28.0 ns) False False
2025-04-08 15:44:19,999 - [MainProcess:146256] mummi_ras.online.simulation:has_computed_enough:352 - INFO - runtime_hours*0.99 = 0.495 vs delta_time = 0.27815148724450006 (length 28.0 ns) False False
2025-04-08 15:44:22,005 - [MainProcess:146256] mummi_ras.online.simulation:has_computed_enough:352 - INFO - runtime_hours*0.99 = 0.495 vs delta_time = 0.27870881100495654 (length 28.0 ns) False False
2025-04-08 15:44:24,012 - [MainProcess:146256] mummi_ras.online.simulation:has_computed_enough:352 - INFO - runtime_hours*0.99 = 0.495 vs delta_time = 0.27926614191797045 (length 28.0 ns) False False
2025-04-08 15:44:26,018 - [MainProcess:146256] mummi_ras.online.simulation:has_computed_enough:352 - INFO - runtime_hours*0.99 = 0.495 vs delta_time = 0.2798234693871604 (length 28.0 ns) False False
2025-04-08 15:44:28,024 - [MainProcess:146256] mummi_ras.online.simulation:has_computed_enough:352 - INFO - runtime_hours*0.99 = 0.495 vs delta_time = 0.2803807783126831 (length 28.0 ns) False False
2025-04-08 15:44:30,031 - [MainProcess:146256] mummi_ras.online.simulation:has_computed_enough:352 - INFO - runtime_hours*0.99 = 0.495 vs delta_time = 0.2809381056494183 (length 28.0 ns) False False
2025-04-08 15:44:30,084 - [MainProcess:146256] mummi_ras.online.simulation:get_new_frames:399 - INFO - Getting all frame numbers in trajectory from 57 to 57.
2025-04-08 15:44:30,084 - [MainProcess:146256] mummi_ras.online.cg.cganalysis:run_main_analysis:193 - INFO - Process frame 57
2025-04-08 15:44:30,084 - [MainProcess:146256] mummi_ras.online.cg.cganalysis:processFrame:554 - INFO - Load 58 frames: current frame ID /tmp/mummi/cg/structure_iter00_000000000002-20250408_152719/traj_comp.xtc
2025-04-08 15:44:30,095 - [MainProcess:146256] mummi_ras.online.cg.cganalysis:processFrame:580 - INFO - Frame:    57, Time: 28500.000 ps, Bbox = [0, 179.72496, 0, 179.72496]
2025-04-08 15:44:30,096 - [MainProcess:146256] mummi_ras.online.cg.cganalysis:processFrame:584 - INFO - Lengths of layers: 660 34 490
2025-04-08 15:44:30,198 - [MainProcess:146256] mummi_ras.online.cg.cganalysis:processFrame:765 - INFO - Time for analysis - frameNum 57, time 0.11403274536132812 s
2025-04-08 15:44:32,199 - [MainProcess:146256] mummi_ras.online.simulation:has_computed_enough:352 - INFO - runtime_hours*0.99 = 0.495 vs delta_time = 0.28154032157527076 (length 28.5 ns) False False
2025-04-08 15:44:34,205 - [MainProcess:146256] mummi_ras.online.simulation:has_computed_enough:352 - INFO - runtime_hours*0.99 = 0.495 vs delta_time = 0.2820977098411984 (length 28.5 ns) False False
2025-04-08 15:44:36,212 - [MainProcess:146256] mummi_ras.online.simulation:has_computed_enough:352 - INFO - runtime_hours*0.99 = 0.495 vs delta_time = 0.28265501856803893 (length 28.5 ns) False False
2025-04-08 15:44:38,218 - [MainProcess:146256] mummi_ras.online.simulation:has_computed_enough:352 - INFO - runtime_hours*0.99 = 0.495 vs delta_time = 0.2832123357719845 (length 28.5 ns) False False
2025-04-08 15:44:40,224 - [MainProcess:146256] mummi_ras.online.simulation:has_computed_enough:352 - INFO - runtime_hours*0.99 = 0.495 vs delta_time = 0.2837696441676882 (length 28.5 ns) False False
2025-04-08 15:44:42,231 - [MainProcess:146256] mummi_ras.online.simulation:has_computed_enough:352 - INFO - runtime_hours*0.99 = 0.495 vs delta_time = 0.28432695594098834 (length 28.5 ns) False False
2025-04-08 15:44:44,237 - [MainProcess:146256] mummi_ras.online.simulation:has_computed_enough:352 - INFO - runtime_hours*0.99 = 0.495 vs delta_time = 0.28488428109221986 (length 28.5 ns) False False
2025-04-08 15:44:46,244 - [MainProcess:146256] mummi_ras.online.simulation:has_computed_enough:352 - INFO - runtime_hours*0.99 = 0.495 vs delta_time = 0.2854416194227007 (length 28.5 ns) False False
2025-04-08 15:44:48,250 - [MainProcess:146256] mummi_ras.online.simulation:has_computed_enough:352 - INFO - runtime_hours*0.99 = 0.495 vs delta_time = 0.28599894815021093 (length 28.5 ns) False False
2025-04-08 15:44:48,314 - [MainProcess:146256] mummi_ras.online.simulation:get_new_frames:399 - INFO - Getting all frame numbers in trajectory from 58 to 58.
2025-04-08 15:44:48,314 - [MainProcess:146256] mummi_ras.online.cg.cganalysis:run_main_analysis:193 - INFO - Process frame 58
2025-04-08 15:44:48,315 - [MainProcess:146256] mummi_ras.online.cg.cganalysis:processFrame:554 - INFO - Load 59 frames: current frame ID /tmp/mummi/cg/structure_iter00_000000000002-20250408_152719/traj_comp.xtc
2025-04-08 15:44:48,326 - [MainProcess:146256] mummi_ras.online.cg.cganalysis:processFrame:580 - INFO - Frame:    58, Time: 29000.000 ps, Bbox = [0, 180.20673, 0, 180.20673]
2025-04-08 15:44:48,326 - [MainProcess:146256] mummi_ras.online.cg.cganalysis:processFrame:584 - INFO - Lengths of layers: 660 37 487
2025-04-08 15:44:48,428 - [MainProcess:146256] mummi_ras.online.cg.cganalysis:processFrame:765 - INFO - Time for analysis - frameNum 58, time 0.11367607116699219 s
2025-04-08 15:44:50,429 - [MainProcess:146256] mummi_ras.online.simulation:has_computed_enough:352 - INFO - runtime_hours*0.99 = 0.495 vs delta_time = 0.28660422768857746 (length 29.0 ns) False False
2025-04-08 15:44:52,436 - [MainProcess:146256] mummi_ras.online.simulation:has_computed_enough:352 - INFO - runtime_hours*0.99 = 0.495 vs delta_time = 0.2871616302596198 (length 29.0 ns) False False
2025-04-08 15:44:54,442 - [MainProcess:146256] mummi_ras.online.simulation:has_computed_enough:352 - INFO - runtime_hours*0.99 = 0.495 vs delta_time = 0.2877189588546753 (length 29.0 ns) False False
2025-04-08 15:44:56,448 - [MainProcess:146256] mummi_ras.online.simulation:has_computed_enough:352 - INFO - runtime_hours*0.99 = 0.495 vs delta_time = 0.2882762909597821 (length 29.0 ns) False False
2025-04-08 15:44:58,455 - [MainProcess:146256] mummi_ras.online.simulation:has_computed_enough:352 - INFO - runtime_hours*0.99 = 0.495 vs delta_time = 0.28883362505171034 (length 29.0 ns) False False
2025-04-08 15:45:00,461 - [MainProcess:146256] mummi_ras.online.simulation:has_computed_enough:352 - INFO - runtime_hours*0.99 = 0.495 vs delta_time = 0.28939098020394644 (length 29.0 ns) False False
2025-04-08 15:45:02,468 - [MainProcess:146256] mummi_ras.online.simulation:has_computed_enough:352 - INFO - runtime_hours*0.99 = 0.495 vs delta_time = 0.2899483233027988 (length 29.0 ns) False False
2025-04-08 15:45:04,474 - [MainProcess:146256] mummi_ras.online.simulation:has_computed_enough:352 - INFO - runtime_hours*0.99 = 0.495 vs delta_time = 0.29050565169917214 (length 29.0 ns) False False
2025-04-08 15:45:05,070 - [MainProcess:146256] mummi_ras.online.simulation:get_new_frames:399 - INFO - Getting all frame numbers in trajectory from 59 to 59.
2025-04-08 15:45:05,070 - [MainProcess:146256] mummi_ras.online.cg.cganalysis:run_main_analysis:193 - INFO - Process frame 59
2025-04-08 15:45:05,070 - [MainProcess:146256] mummi_ras.online.cg.cganalysis:processFrame:554 - INFO - Load 60 frames: current frame ID /tmp/mummi/cg/structure_iter00_000000000002-20250408_152719/traj_comp.xtc
2025-04-08 15:45:05,081 - [MainProcess:146256] mummi_ras.online.cg.cganalysis:processFrame:580 - INFO - Frame:    59, Time: 29500.000 ps, Bbox = [0, 180.32007, 0, 180.32007]
2025-04-08 15:45:05,082 - [MainProcess:146256] mummi_ras.online.cg.cganalysis:processFrame:584 - INFO - Lengths of layers: 661 38 485
2025-04-08 15:45:05,184 - [MainProcess:146256] mummi_ras.online.cg.cganalysis:processFrame:765 - INFO - Time for analysis - frameNum 59, time 0.11435127258300781 s
2025-04-08 15:45:07,185 - [MainProcess:146256] mummi_ras.online.simulation:has_computed_enough:352 - INFO - runtime_hours*0.99 = 0.495 vs delta_time = 0.29125872605376774 (length 29.5 ns) False False
2025-04-08 15:45:07,192 - [MainProcess:146256] mummi_ras.online.cg.cganalysis:processOutput:92 - INFO - Add feedback for frameNum 50 - state []
2025-04-08 15:45:07,192 - [MainProcess:146256] mummi_ras.online.cg.cganalysis:processOutput:92 - INFO - Add feedback for frameNum 51 - state []
2025-04-08 15:45:07,192 - [MainProcess:146256] mummi_ras.online.cg.cganalysis:processOutput:92 - INFO - Add feedback for frameNum 52 - state []
2025-04-08 15:45:07,192 - [MainProcess:146256] mummi_ras.online.cg.cganalysis:processOutput:92 - INFO - Add feedback for frameNum 53 - state []
2025-04-08 15:45:07,192 - [MainProcess:146256] mummi_ras.online.cg.cganalysis:processOutput:92 - INFO - Add feedback for frameNum 54 - state []
2025-04-08 15:45:07,192 - [MainProcess:146256] mummi_ras.online.cg.cganalysis:processOutput:92 - INFO - Add feedback for frameNum 55 - state []
2025-04-08 15:45:07,192 - [MainProcess:146256] mummi_ras.online.cg.cganalysis:processOutput:92 - INFO - Add feedback for frameNum 56 - state []
2025-04-08 15:45:07,193 - [MainProcess:146256] mummi_ras.online.cg.cganalysis:processOutput:92 - INFO - Add feedback for frameNum 57 - state []
2025-04-08 15:45:07,193 - [MainProcess:146256] mummi_ras.online.cg.cganalysis:processOutput:92 - INFO - Add feedback for frameNum 58 - state []
2025-04-08 15:45:07,193 - [MainProcess:146256] mummi_ras.online.cg.cganalysis:processOutput:92 - INFO - Add feedback for frameNum 59 - state []
2025-04-08 15:45:08,375 - [MainProcess:146256] mummi_core.interfaces.simple:_save_files:91 - INFO - Wrote 10 files to (/p/gpfs1/pottier1/minimummi-sc25/roots/root1/feedback-cg2ml/002)
2025-04-08 15:45:08,375 - [MainProcess:146256] mummi_ras.feedback.feedback_manager_cg2ml:report:118 - INFO - Added 10 frames (from structure_iter00_000000000002) to feedback (/p/gpfs1/pottier1/minimummi-sc25/roots/root1/feedback-cg2ml)
2025-04-08 15:45:08,375 - [MainProcess:146256] mummi_ras.online.cg.cganalysis:processOutput:112 - INFO - processOutput: 59
2025-04-08 15:45:08,376 - [MainProcess:146256] mummi_ras.online.cg.cganalysis:copyRemoteRestart:452 - INFO - Copy to remote frames [50, 51, 52, 53, 54, 55, 56, 57, 58, 59]
sending incremental file list
ener.edr
md.log
mdrun.log
state.cpt
traj_comp.xtc

sent 14,430,657 bytes  received 111 bytes  28,861,536.00 bytes/sec
total size is 16,136,073  speedup is 1.12
2025-04-08 15:45:08,538 - [MainProcess:146256] mummi_core.utils.utilities:sys_call:184 - INFO - Run command: rsync -va --no-g traj_comp.xtc topol.tpr state.cpt ener.edr md.log mdrun.log /p/gpfs1/pottier1/minimummi-sc25/roots/root1/sims-cg/structure_iter00_000000000002 || true
2025-04-08 15:45:08,992 - [MainProcess:146256] mummi_ras.interfaces.mummi:save_analysis_data:253 - INFO - Saved all analysis data for frames [50, 51, 52, 53, 54, 55, 56, 57, 58, 59]
2025-04-08 15:45:08,992 - [MainProcess:146256] mummi_ras.online.cg.cganalysis:copyRemoteLogs:350 - INFO - Copy over log files
2025-04-08 15:45:09,032 - [MainProcess:146256] mummi_core.utils.utilities:sys_call:184 - INFO - Run command: cp -r  /tmp/mummi/cg/structure_iter00_000000000002-20250408_152719/cg_analysis.out /tmp/mummi/cg/structure_iter00_000000000002-20250408_152719/traj_comp.xtc /tmp/mummi/cg/structure_iter00_000000000002-20250408_152719/*.log /p/gpfs1/pottier1/minimummi-sc25/roots/root1/sims-cg/structure_iter00_000000000002/ || true
2025-04-08 15:45:09,032 - [MainProcess:146256] mummi_ras.online.cg.cganalysis:copyRemoteLogs:365 - INFO - copyRemoteLogs =  /tmp/mummi/cg/structure_iter00_000000000002-20250408_152719/cg_analysis.out /tmp/mummi/cg/structure_iter00_000000000002-20250408_152719/traj_comp.xtc /tmp/mummi/cg/structure_iter00_000000000002-20250408_152719/*.log
2025-04-08 15:45:09,032 - [MainProcess:146256] mummi_ras.online.cg.cganalysis:cleanupLocal:375 - WARNING - Copy cleanup local only works for ddcMD files
2025-04-08 15:45:11,033 - [MainProcess:146256] mummi_ras.online.simulation:has_computed_enough:352 - INFO - runtime_hours*0.99 = 0.495 vs delta_time = 0.2923275194565455 (length 29.5 ns) False False
2025-04-08 15:45:13,039 - [MainProcess:146256] mummi_ras.online.simulation:has_computed_enough:352 - INFO - runtime_hours*0.99 = 0.495 vs delta_time = 0.2928848805030187 (length 29.5 ns) False False
2025-04-08 15:45:15,046 - [MainProcess:146256] mummi_ras.online.simulation:has_computed_enough:352 - INFO - runtime_hours*0.99 = 0.495 vs delta_time = 0.29344220558802286 (length 29.5 ns) False False
2025-04-08 15:45:17,052 - [MainProcess:146256] mummi_ras.online.simulation:has_computed_enough:352 - INFO - runtime_hours*0.99 = 0.495 vs delta_time = 0.29399954875310264 (length 29.5 ns) False False
2025-04-08 15:45:19,059 - [MainProcess:146256] mummi_ras.online.simulation:has_computed_enough:352 - INFO - runtime_hours*0.99 = 0.495 vs delta_time = 0.2945568975475099 (length 29.5 ns) False False
2025-04-08 15:45:21,065 - [MainProcess:146256] mummi_ras.online.simulation:has_computed_enough:352 - INFO - runtime_hours*0.99 = 0.495 vs delta_time = 0.29511419773101805 (length 29.5 ns) False False
2025-04-08 15:45:23,071 - [MainProcess:146256] mummi_ras.online.simulation:has_computed_enough:352 - INFO - runtime_hours*0.99 = 0.495 vs delta_time = 0.2956715235445235 (length 29.5 ns) False False
2025-04-08 15:45:23,176 - [MainProcess:146256] mummi_ras.online.simulation:get_new_frames:399 - INFO - Getting all frame numbers in trajectory from 60 to 60.
2025-04-08 15:45:23,177 - [MainProcess:146256] mummi_ras.online.cg.cganalysis:run_main_analysis:193 - INFO - Process frame 60
2025-04-08 15:45:23,177 - [MainProcess:146256] mummi_ras.online.cg.cganalysis:processFrame:554 - INFO - Load 61 frames: current frame ID /tmp/mummi/cg/structure_iter00_000000000002-20250408_152719/traj_comp.xtc
2025-04-08 15:45:23,188 - [MainProcess:146256] mummi_ras.online.cg.cganalysis:processFrame:580 - INFO - Frame:    60, Time: 30000.000 ps, Bbox = [0, 181.50815, 0, 181.50815]
2025-04-08 15:45:23,188 - [MainProcess:146256] mummi_ras.online.cg.cganalysis:processFrame:584 - INFO - Lengths of layers: 662 34 488
2025-04-08 15:45:23,292 - [MainProcess:146256] mummi_ras.online.cg.cganalysis:processFrame:765 - INFO - Time for analysis - frameNum 60, time 0.1147305965423584 s
2025-04-08 15:45:25,292 - [MainProcess:146256] mummi_ras.online.simulation:has_computed_enough:352 - INFO - runtime_hours*0.99 = 0.495 vs delta_time = 0.29628849102391136 (length 30.0 ns) False False
2025-04-08 15:45:27,299 - [MainProcess:146256] mummi_ras.online.simulation:has_computed_enough:352 - INFO - runtime_hours*0.99 = 0.495 vs delta_time = 0.29684586604436236 (length 30.0 ns) False False
2025-04-08 15:45:29,305 - [MainProcess:146256] mummi_ras.online.simulation:has_computed_enough:352 - INFO - runtime_hours*0.99 = 0.495 vs delta_time = 0.29740320099724665 (length 30.0 ns) False False
2025-04-08 15:45:31,312 - [MainProcess:146256] mummi_ras.online.simulation:has_computed_enough:352 - INFO - runtime_hours*0.99 = 0.495 vs delta_time = 0.2979605558845732 (length 30.0 ns) False False
2025-04-08 15:45:33,318 - [MainProcess:146256] mummi_ras.online.simulation:has_computed_enough:352 - INFO - runtime_hours*0.99 = 0.495 vs delta_time = 0.29851785348521337 (length 30.0 ns) False False
2025-04-08 15:45:35,324 - [MainProcess:146256] mummi_ras.online.simulation:has_computed_enough:352 - INFO - runtime_hours*0.99 = 0.495 vs delta_time = 0.29907516459623973 (length 30.0 ns) False False
2025-04-08 15:45:37,331 - [MainProcess:146256] mummi_ras.online.simulation:has_computed_enough:352 - INFO - runtime_hours*0.99 = 0.495 vs delta_time = 0.2996324957741631 (length 30.0 ns) False False
2025-04-08 15:45:39,337 - [MainProcess:146256] mummi_ras.online.simulation:has_computed_enough:352 - INFO - runtime_hours*0.99 = 0.495 vs delta_time = 0.30018984840975865 (length 30.0 ns) False False
2025-04-08 15:45:41,343 - [MainProcess:146256] mummi_ras.online.simulation:has_computed_enough:352 - INFO - runtime_hours*0.99 = 0.495 vs delta_time = 0.3007471539576848 (length 30.0 ns) False False
2025-04-08 15:45:41,397 - [MainProcess:146256] mummi_ras.online.simulation:get_new_frames:399 - INFO - Getting all frame numbers in trajectory from 61 to 61.
2025-04-08 15:45:41,397 - [MainProcess:146256] mummi_ras.online.cg.cganalysis:run_main_analysis:193 - INFO - Process frame 61
2025-04-08 15:45:41,397 - [MainProcess:146256] mummi_ras.online.cg.cganalysis:processFrame:554 - INFO - Load 62 frames: current frame ID /tmp/mummi/cg/structure_iter00_000000000002-20250408_152719/traj_comp.xtc
2025-04-08 15:45:41,408 - [MainProcess:146256] mummi_ras.online.cg.cganalysis:processFrame:580 - INFO - Frame:    61, Time: 30500.000 ps, Bbox = [0, 181.35571, 0, 181.35571]
2025-04-08 15:45:41,408 - [MainProcess:146256] mummi_ras.online.cg.cganalysis:processFrame:584 - INFO - Lengths of layers: 661 40 483
2025-04-08 15:45:41,512 - [MainProcess:146256] mummi_ras.online.cg.cganalysis:processFrame:765 - INFO - Time for analysis - frameNum 61, time 0.11489558219909668 s
2025-04-08 15:45:43,513 - [MainProcess:146256] mummi_ras.online.simulation:has_computed_enough:352 - INFO - runtime_hours*0.99 = 0.495 vs delta_time = 0.3013496766487757 (length 30.5 ns) False False
2025-04-08 15:45:45,519 - [MainProcess:146256] mummi_ras.online.simulation:has_computed_enough:352 - INFO - runtime_hours*0.99 = 0.495 vs delta_time = 0.3019070809417301 (length 30.5 ns) False False
2025-04-08 15:45:47,526 - [MainProcess:146256] mummi_ras.online.simulation:has_computed_enough:352 - INFO - runtime_hours*0.99 = 0.495 vs delta_time = 0.3024644195371204 (length 30.5 ns) False False
2025-04-08 15:45:49,532 - [MainProcess:146256] mummi_ras.online.simulation:has_computed_enough:352 - INFO - runtime_hours*0.99 = 0.495 vs delta_time = 0.3030217485957675 (length 30.5 ns) False False
2025-04-08 15:45:51,538 - [MainProcess:146256] mummi_ras.online.simulation:has_computed_enough:352 - INFO - runtime_hours*0.99 = 0.495 vs delta_time = 0.3035790943437152 (length 30.5 ns) False False
2025-04-08 15:45:53,545 - [MainProcess:146256] mummi_ras.online.simulation:has_computed_enough:352 - INFO - runtime_hours*0.99 = 0.495 vs delta_time = 0.30413641817039916 (length 30.5 ns) False False
2025-04-08 15:45:55,551 - [MainProcess:146256] mummi_ras.online.simulation:has_computed_enough:352 - INFO - runtime_hours*0.99 = 0.495 vs delta_time = 0.30469377842214374 (length 30.5 ns) False False
2025-04-08 15:45:57,558 - [MainProcess:146256] mummi_ras.online.simulation:has_computed_enough:352 - INFO - runtime_hours*0.99 = 0.495 vs delta_time = 0.30525109397040473 (length 30.5 ns) False False
2025-04-08 15:45:57,610 - [MainProcess:146256] mummi_ras.online.simulation:get_new_frames:399 - INFO - Getting all frame numbers in trajectory from 62 to 62.
2025-04-08 15:45:57,611 - [MainProcess:146256] mummi_ras.online.cg.cganalysis:run_main_analysis:193 - INFO - Process frame 62
2025-04-08 15:45:57,611 - [MainProcess:146256] mummi_ras.online.cg.cganalysis:processFrame:554 - INFO - Load 63 frames: current frame ID /tmp/mummi/cg/structure_iter00_000000000002-20250408_152719/traj_comp.xtc
2025-04-08 15:45:57,622 - [MainProcess:146256] mummi_ras.online.cg.cganalysis:processFrame:580 - INFO - Frame:    62, Time: 31000.000 ps, Bbox = [0, 179.50804, 0, 179.50804]
2025-04-08 15:45:57,622 - [MainProcess:146256] mummi_ras.online.cg.cganalysis:processFrame:584 - INFO - Lengths of layers: 660 42 482
2025-04-08 15:45:57,727 - [MainProcess:146256] mummi_ras.online.cg.cganalysis:processFrame:765 - INFO - Time for analysis - frameNum 62, time 0.11594820022583008 s
2025-04-08 15:45:59,727 - [MainProcess:146256] mummi_ras.online.simulation:has_computed_enough:352 - INFO - runtime_hours*0.99 = 0.495 vs delta_time = 0.3058537931574716 (length 31.0 ns) False False
2025-04-08 15:46:01,734 - [MainProcess:146256] mummi_ras.online.simulation:has_computed_enough:352 - INFO - runtime_hours*0.99 = 0.495 vs delta_time = 0.30641117016474406 (length 31.0 ns) False False
2025-04-08 15:46:03,740 - [MainProcess:146256] mummi_ras.online.simulation:has_computed_enough:352 - INFO - runtime_hours*0.99 = 0.495 vs delta_time = 0.30696847683853573 (length 31.0 ns) False False
2025-04-08 15:46:05,747 - [MainProcess:146256] mummi_ras.online.simulation:has_computed_enough:352 - INFO - runtime_hours*0.99 = 0.495 vs delta_time = 0.30752582669258116 (length 31.0 ns) False False
2025-04-08 15:46:07,753 - [MainProcess:146256] mummi_ras.online.simulation:has_computed_enough:352 - INFO - runtime_hours*0.99 = 0.495 vs delta_time = 0.3080831429693434 (length 31.0 ns) False False
2025-04-08 15:46:09,759 - [MainProcess:146256] mummi_ras.online.simulation:has_computed_enough:352 - INFO - runtime_hours*0.99 = 0.495 vs delta_time = 0.3086404628886117 (length 31.0 ns) False False
2025-04-08 15:46:11,766 - [MainProcess:146256] mummi_ras.online.simulation:has_computed_enough:352 - INFO - runtime_hours*0.99 = 0.495 vs delta_time = 0.3091977897617552 (length 31.0 ns) False False
2025-04-08 15:46:13,772 - [MainProcess:146256] mummi_ras.online.simulation:has_computed_enough:352 - INFO - runtime_hours*0.99 = 0.495 vs delta_time = 0.30975508199797736 (length 31.0 ns) False False
2025-04-08 15:46:15,778 - [MainProcess:146256] mummi_ras.online.simulation:has_computed_enough:352 - INFO - runtime_hours*0.99 = 0.495 vs delta_time = 0.31031239999665156 (length 31.0 ns) False False
2025-04-08 15:46:15,944 - [MainProcess:146256] mummi_ras.online.simulation:get_new_frames:399 - INFO - Getting all frame numbers in trajectory from 63 to 63.
2025-04-08 15:46:15,944 - [MainProcess:146256] mummi_ras.online.cg.cganalysis:run_main_analysis:193 - INFO - Process frame 63
2025-04-08 15:46:15,944 - [MainProcess:146256] mummi_ras.online.cg.cganalysis:processFrame:554 - INFO - Load 64 frames: current frame ID /tmp/mummi/cg/structure_iter00_000000000002-20250408_152719/traj_comp.xtc
2025-04-08 15:46:15,956 - [MainProcess:146256] mummi_ras.online.cg.cganalysis:processFrame:580 - INFO - Frame:    63, Time: 31500.000 ps, Bbox = [0, 179.42986, 0, 179.42986]
2025-04-08 15:46:15,956 - [MainProcess:146256] mummi_ras.online.cg.cganalysis:processFrame:584 - INFO - Lengths of layers: 657 41 486
2025-04-08 15:46:16,059 - [MainProcess:146256] mummi_ras.online.cg.cganalysis:processFrame:765 - INFO - Time for analysis - frameNum 63, time 0.11445975303649902 s
2025-04-08 15:46:18,059 - [MainProcess:146256] mummi_ras.online.simulation:has_computed_enough:352 - INFO - runtime_hours*0.99 = 0.495 vs delta_time = 0.31094604167673323 (length 31.5 ns) False False
2025-04-08 15:46:20,066 - [MainProcess:146256] mummi_ras.online.simulation:has_computed_enough:352 - INFO - runtime_hours*0.99 = 0.495 vs delta_time = 0.3115034490823746 (length 31.5 ns) False False
2025-04-08 15:46:22,073 - [MainProcess:146256] mummi_ras.online.simulation:has_computed_enough:352 - INFO - runtime_hours*0.99 = 0.495 vs delta_time = 0.3120607894659042 (length 31.5 ns) False False
2025-04-08 15:46:24,079 - [MainProcess:146256] mummi_ras.online.simulation:has_computed_enough:352 - INFO - runtime_hours*0.99 = 0.495 vs delta_time = 0.3126181173986859 (length 31.5 ns) False False
2025-04-08 15:46:26,085 - [MainProcess:146256] mummi_ras.online.simulation:has_computed_enough:352 - INFO - runtime_hours*0.99 = 0.495 vs delta_time = 0.31317547155751124 (length 31.5 ns) False False
2025-04-08 15:46:28,092 - [MainProcess:146256] mummi_ras.online.simulation:has_computed_enough:352 - INFO - runtime_hours*0.99 = 0.495 vs delta_time = 0.31373278306590185 (length 31.5 ns) False False
2025-04-08 15:46:30,098 - [MainProcess:146256] mummi_ras.online.simulation:has_computed_enough:352 - INFO - runtime_hours*0.99 = 0.495 vs delta_time = 0.3142901149060991 (length 31.5 ns) False False
2025-04-08 15:46:32,105 - [MainProcess:146256] mummi_ras.online.simulation:has_computed_enough:352 - INFO - runtime_hours*0.99 = 0.495 vs delta_time = 0.31484745250807866 (length 31.5 ns) False False
2025-04-08 15:46:34,111 - [MainProcess:146256] mummi_ras.online.simulation:has_computed_enough:352 - INFO - runtime_hours*0.99 = 0.495 vs delta_time = 0.31540475447972616 (length 31.5 ns) False False
2025-04-08 15:46:34,199 - [MainProcess:146256] mummi_ras.online.simulation:get_new_frames:399 - INFO - Getting all frame numbers in trajectory from 64 to 64.
2025-04-08 15:46:34,199 - [MainProcess:146256] mummi_ras.online.cg.cganalysis:run_main_analysis:193 - INFO - Process frame 64
2025-04-08 15:46:34,199 - [MainProcess:146256] mummi_ras.online.cg.cganalysis:processFrame:554 - INFO - Load 65 frames: current frame ID /tmp/mummi/cg/structure_iter00_000000000002-20250408_152719/traj_comp.xtc
2025-04-08 15:46:34,210 - [MainProcess:146256] mummi_ras.online.cg.cganalysis:processFrame:580 - INFO - Frame:    64, Time: 32000.000 ps, Bbox = [0, 180.43459, 0, 180.43459]
2025-04-08 15:46:34,210 - [MainProcess:146256] mummi_ras.online.cg.cganalysis:processFrame:584 - INFO - Lengths of layers: 658 39 487
2025-04-08 15:46:34,313 - [MainProcess:146256] mummi_ras.online.cg.cganalysis:processFrame:765 - INFO - Time for analysis - frameNum 64, time 0.11443161964416504 s
2025-04-08 15:46:36,314 - [MainProcess:146256] mummi_ras.online.simulation:has_computed_enough:352 - INFO - runtime_hours*0.99 = 0.495 vs delta_time = 0.3160167794757419 (length 32.0 ns) False False
2025-04-08 15:46:38,321 - [MainProcess:146256] mummi_ras.online.simulation:has_computed_enough:352 - INFO - runtime_hours*0.99 = 0.495 vs delta_time = 0.3165741750929091 (length 32.0 ns) False False
2025-04-08 15:46:40,327 - [MainProcess:146256] mummi_ras.online.simulation:has_computed_enough:352 - INFO - runtime_hours*0.99 = 0.495 vs delta_time = 0.3171315214369032 (length 32.0 ns) False False
2025-04-08 15:46:42,333 - [MainProcess:146256] mummi_ras.online.simulation:has_computed_enough:352 - INFO - runtime_hours*0.99 = 0.495 vs delta_time = 0.3176888268523746 (length 32.0 ns) False False
2025-04-08 15:46:44,340 - [MainProcess:146256] mummi_ras.online.simulation:has_computed_enough:352 - INFO - runtime_hours*0.99 = 0.495 vs delta_time = 0.3182461483611001 (length 32.0 ns) False False
2025-04-08 15:46:46,346 - [MainProcess:146256] mummi_ras.online.simulation:has_computed_enough:352 - INFO - runtime_hours*0.99 = 0.495 vs delta_time = 0.3188035051690208 (length 32.0 ns) False False
2025-04-08 15:46:48,353 - [MainProcess:146256] mummi_ras.online.simulation:has_computed_enough:352 - INFO - runtime_hours*0.99 = 0.495 vs delta_time = 0.31936081621381973 (length 32.0 ns) False False
2025-04-08 15:46:50,359 - [MainProcess:146256] mummi_ras.online.simulation:has_computed_enough:352 - INFO - runtime_hours*0.99 = 0.495 vs delta_time = 0.31991814176241556 (length 32.0 ns) False False
2025-04-08 15:46:50,412 - [MainProcess:146256] mummi_ras.online.simulation:get_new_frames:399 - INFO - Getting all frame numbers in trajectory from 65 to 65.
2025-04-08 15:46:50,412 - [MainProcess:146256] mummi_ras.online.cg.cganalysis:run_main_analysis:193 - INFO - Process frame 65
2025-04-08 15:46:50,412 - [MainProcess:146256] mummi_ras.online.cg.cganalysis:processFrame:554 - INFO - Load 66 frames: current frame ID /tmp/mummi/cg/structure_iter00_000000000002-20250408_152719/traj_comp.xtc
2025-04-08 15:46:50,424 - [MainProcess:146256] mummi_ras.online.cg.cganalysis:processFrame:580 - INFO - Frame:    65, Time: 32500.000 ps, Bbox = [0, 181.03384, 0, 181.03384]
2025-04-08 15:46:50,424 - [MainProcess:146256] mummi_ras.online.cg.cganalysis:processFrame:584 - INFO - Lengths of layers: 660 34 490
2025-04-08 15:46:50,527 - [MainProcess:146256] mummi_ras.online.cg.cganalysis:processFrame:765 - INFO - Time for analysis - frameNum 65, time 0.1145622730255127 s
2025-04-08 15:46:52,528 - [MainProcess:146256] mummi_ras.online.simulation:has_computed_enough:352 - INFO - runtime_hours*0.99 = 0.495 vs delta_time = 0.32052056557602354 (length 32.5 ns) False False
2025-04-08 15:46:54,534 - [MainProcess:146256] mummi_ras.online.simulation:has_computed_enough:352 - INFO - runtime_hours*0.99 = 0.495 vs delta_time = 0.32107792735099794 (length 32.5 ns) False False
2025-04-08 15:46:56,541 - [MainProcess:146256] mummi_ras.online.simulation:has_computed_enough:352 - INFO - runtime_hours*0.99 = 0.495 vs delta_time = 0.3216352653503418 (length 32.5 ns) False False
2025-04-08 15:46:58,547 - [MainProcess:146256] mummi_ras.online.simulation:has_computed_enough:352 - INFO - runtime_hours*0.99 = 0.495 vs delta_time = 0.3221925884485245 (length 32.5 ns) False False
2025-04-08 15:47:00,553 - [MainProcess:146256] mummi_ras.online.simulation:has_computed_enough:352 - INFO - runtime_hours*0.99 = 0.495 vs delta_time = 0.3227498931354947 (length 32.5 ns) False False
2025-04-08 15:47:02,560 - [MainProcess:146256] mummi_ras.online.simulation:has_computed_enough:352 - INFO - runtime_hours*0.99 = 0.495 vs delta_time = 0.3233072078227997 (length 32.5 ns) False False
2025-04-08 15:47:04,566 - [MainProcess:146256] mummi_ras.online.simulation:has_computed_enough:352 - INFO - runtime_hours*0.99 = 0.495 vs delta_time = 0.32386454184850055 (length 32.5 ns) False False
2025-04-08 15:47:06,572 - [MainProcess:146256] mummi_ras.online.simulation:has_computed_enough:352 - INFO - runtime_hours*0.99 = 0.495 vs delta_time = 0.3244218749470181 (length 32.5 ns) False False
2025-04-08 15:47:08,579 - [MainProcess:146256] mummi_ras.online.simulation:has_computed_enough:352 - INFO - runtime_hours*0.99 = 0.495 vs delta_time = 0.3249791881773207 (length 32.5 ns) False False
2025-04-08 15:47:08,632 - [MainProcess:146256] mummi_ras.online.simulation:get_new_frames:399 - INFO - Getting all frame numbers in trajectory from 66 to 66.
2025-04-08 15:47:08,632 - [MainProcess:146256] mummi_ras.online.cg.cganalysis:run_main_analysis:193 - INFO - Process frame 66
2025-04-08 15:47:08,632 - [MainProcess:146256] mummi_ras.online.cg.cganalysis:processFrame:554 - INFO - Load 67 frames: current frame ID /tmp/mummi/cg/structure_iter00_000000000002-20250408_152719/traj_comp.xtc
2025-04-08 15:47:08,643 - [MainProcess:146256] mummi_ras.online.cg.cganalysis:processFrame:580 - INFO - Frame:    66, Time: 33000.000 ps, Bbox = [0, 180.15677, 0, 180.15677]
2025-04-08 15:47:08,643 - [MainProcess:146256] mummi_ras.online.cg.cganalysis:processFrame:584 - INFO - Lengths of layers: 661 36 487
2025-04-08 15:47:08,747 - [MainProcess:146256] mummi_ras.online.cg.cganalysis:processFrame:765 - INFO - Time for analysis - frameNum 66, time 0.1145474910736084 s
2025-04-08 15:47:10,747 - [MainProcess:146256] mummi_ras.online.simulation:has_computed_enough:352 - INFO - runtime_hours*0.99 = 0.495 vs delta_time = 0.3255815961625841 (length 33.0 ns) False False
2025-04-08 15:47:12,754 - [MainProcess:146256] mummi_ras.online.simulation:has_computed_enough:352 - INFO - runtime_hours*0.99 = 0.495 vs delta_time = 0.3261389789978663 (length 33.0 ns) False False
2025-04-08 15:47:14,760 - [MainProcess:146256] mummi_ras.online.simulation:has_computed_enough:352 - INFO - runtime_hours*0.99 = 0.495 vs delta_time = 0.32669632097085316 (length 33.0 ns) False False
2025-04-08 15:47:16,767 - [MainProcess:146256] mummi_ras.online.simulation:has_computed_enough:352 - INFO - runtime_hours*0.99 = 0.495 vs delta_time = 0.3272536235385471 (length 33.0 ns) False False
2025-04-08 15:47:18,773 - [MainProcess:146256] mummi_ras.online.simulation:has_computed_enough:352 - INFO - runtime_hours*0.99 = 0.495 vs delta_time = 0.32781096405453153 (length 33.0 ns) False False
2025-04-08 15:47:20,780 - [MainProcess:146256] mummi_ras.online.simulation:has_computed_enough:352 - INFO - runtime_hours*0.99 = 0.495 vs delta_time = 0.32836831245157455 (length 33.0 ns) False False
2025-04-08 15:47:22,786 - [MainProcess:146256] mummi_ras.online.simulation:has_computed_enough:352 - INFO - runtime_hours*0.99 = 0.495 vs delta_time = 0.32892562488714855 (length 33.0 ns) False False
2025-04-08 15:47:24,792 - [MainProcess:146256] mummi_ras.online.simulation:has_computed_enough:352 - INFO - runtime_hours*0.99 = 0.495 vs delta_time = 0.3294829350709915 (length 33.0 ns) False False
2025-04-08 15:47:26,799 - [MainProcess:146256] mummi_ras.online.simulation:has_computed_enough:352 - INFO - runtime_hours*0.99 = 0.495 vs delta_time = 0.3300402888986799 (length 33.0 ns) False False
2025-04-08 15:47:26,949 - [MainProcess:146256] mummi_ras.online.simulation:get_new_frames:399 - INFO - Getting all frame numbers in trajectory from 67 to 67.
2025-04-08 15:47:26,949 - [MainProcess:146256] mummi_ras.online.cg.cganalysis:run_main_analysis:193 - INFO - Process frame 67
2025-04-08 15:47:26,949 - [MainProcess:146256] mummi_ras.online.cg.cganalysis:processFrame:554 - INFO - Load 68 frames: current frame ID /tmp/mummi/cg/structure_iter00_000000000002-20250408_152719/traj_comp.xtc
2025-04-08 15:47:26,960 - [MainProcess:146256] mummi_ras.online.cg.cganalysis:processFrame:580 - INFO - Frame:    67, Time: 33500.000 ps, Bbox = [0, 180.0428, 0, 180.0428]
2025-04-08 15:47:26,961 - [MainProcess:146256] mummi_ras.online.cg.cganalysis:processFrame:584 - INFO - Lengths of layers: 660 33 491
2025-04-08 15:47:27,064 - [MainProcess:146256] mummi_ras.online.cg.cganalysis:processFrame:765 - INFO - Time for analysis - frameNum 67, time 0.11462116241455078 s
2025-04-08 15:47:29,065 - [MainProcess:146256] mummi_ras.online.simulation:has_computed_enough:352 - INFO - runtime_hours*0.99 = 0.495 vs delta_time = 0.3306696903043323 (length 33.5 ns) False False
2025-04-08 15:47:31,071 - [MainProcess:146256] mummi_ras.online.simulation:has_computed_enough:352 - INFO - runtime_hours*0.99 = 0.495 vs delta_time = 0.33122707499398124 (length 33.5 ns) False False
2025-04-08 15:47:33,078 - [MainProcess:146256] mummi_ras.online.simulation:has_computed_enough:352 - INFO - runtime_hours*0.99 = 0.495 vs delta_time = 0.33178442120552065 (length 33.5 ns) False False
2025-04-08 15:47:35,084 - [MainProcess:146256] mummi_ras.online.simulation:has_computed_enough:352 - INFO - runtime_hours*0.99 = 0.495 vs delta_time = 0.33234176655610403 (length 33.5 ns) False False
2025-04-08 15:47:37,090 - [MainProcess:146256] mummi_ras.online.simulation:has_computed_enough:352 - INFO - runtime_hours*0.99 = 0.495 vs delta_time = 0.332899111310641 (length 33.5 ns) False False
2025-04-08 15:47:39,097 - [MainProcess:146256] mummi_ras.online.simulation:has_computed_enough:352 - INFO - runtime_hours*0.99 = 0.495 vs delta_time = 0.3334564465946621 (length 33.5 ns) False False
2025-04-08 15:47:41,103 - [MainProcess:146256] mummi_ras.online.simulation:has_computed_enough:352 - INFO - runtime_hours*0.99 = 0.495 vs delta_time = 0.33401378307077617 (length 33.5 ns) False False
2025-04-08 15:47:43,110 - [MainProcess:146256] mummi_ras.online.simulation:has_computed_enough:352 - INFO - runtime_hours*0.99 = 0.495 vs delta_time = 0.33457114689879947 (length 33.5 ns) False False
2025-04-08 15:47:43,976 - [MainProcess:146256] mummi_ras.online.simulation:get_new_frames:399 - INFO - Getting all frame numbers in trajectory from 68 to 68.
2025-04-08 15:47:43,977 - [MainProcess:146256] mummi_ras.online.cg.cganalysis:run_main_analysis:193 - INFO - Process frame 68
2025-04-08 15:47:43,977 - [MainProcess:146256] mummi_ras.online.cg.cganalysis:processFrame:554 - INFO - Load 69 frames: current frame ID /tmp/mummi/cg/structure_iter00_000000000002-20250408_152719/traj_comp.xtc
2025-04-08 15:47:43,988 - [MainProcess:146256] mummi_ras.online.cg.cganalysis:processFrame:580 - INFO - Frame:    68, Time: 34000.000 ps, Bbox = [0, 180.91058, 0, 180.91058]
2025-04-08 15:47:43,988 - [MainProcess:146256] mummi_ras.online.cg.cganalysis:processFrame:584 - INFO - Lengths of layers: 658 32 494
2025-04-08 15:47:44,091 - [MainProcess:146256] mummi_ras.online.cg.cganalysis:processFrame:765 - INFO - Time for analysis - frameNum 68, time 0.11446642875671387 s
2025-04-08 15:47:46,092 - [MainProcess:146256] mummi_ras.online.simulation:has_computed_enough:352 - INFO - runtime_hours*0.99 = 0.495 vs delta_time = 0.33539951768186355 (length 34.0 ns) False False
2025-04-08 15:47:48,098 - [MainProcess:146256] mummi_ras.online.simulation:has_computed_enough:352 - INFO - runtime_hours*0.99 = 0.495 vs delta_time = 0.3359568862782584 (length 34.0 ns) False False
2025-04-08 15:47:50,105 - [MainProcess:146256] mummi_ras.online.simulation:has_computed_enough:352 - INFO - runtime_hours*0.99 = 0.495 vs delta_time = 0.3365142087803947 (length 34.0 ns) False False
2025-04-08 15:47:52,111 - [MainProcess:146256] mummi_ras.online.simulation:has_computed_enough:352 - INFO - runtime_hours*0.99 = 0.495 vs delta_time = 0.33707152830229864 (length 34.0 ns) False False
2025-04-08 15:47:54,118 - [MainProcess:146256] mummi_ras.online.simulation:has_computed_enough:352 - INFO - runtime_hours*0.99 = 0.495 vs delta_time = 0.3376288644472758 (length 34.0 ns) False False
2025-04-08 15:47:56,124 - [MainProcess:146256] mummi_ras.online.simulation:has_computed_enough:352 - INFO - runtime_hours*0.99 = 0.495 vs delta_time = 0.33818619502915276 (length 34.0 ns) False False
2025-04-08 15:47:58,130 - [MainProcess:146256] mummi_ras.online.simulation:has_computed_enough:352 - INFO - runtime_hours*0.99 = 0.495 vs delta_time = 0.338743540181054 (length 34.0 ns) False False
2025-04-08 15:48:00,137 - [MainProcess:146256] mummi_ras.online.simulation:has_computed_enough:352 - INFO - runtime_hours*0.99 = 0.495 vs delta_time = 0.33930087639225853 (length 34.0 ns) False False
2025-04-08 15:48:02,143 - [MainProcess:146256] mummi_ras.online.simulation:has_computed_enough:352 - INFO - runtime_hours*0.99 = 0.495 vs delta_time = 0.339858195649253 (length 34.0 ns) False False
2025-04-08 15:48:02,204 - [MainProcess:146256] mummi_ras.online.simulation:get_new_frames:399 - INFO - Getting all frame numbers in trajectory from 69 to 69.
2025-04-08 15:48:02,204 - [MainProcess:146256] mummi_ras.online.cg.cganalysis:run_main_analysis:193 - INFO - Process frame 69
2025-04-08 15:48:02,204 - [MainProcess:146256] mummi_ras.online.cg.cganalysis:processFrame:554 - INFO - Load 70 frames: current frame ID /tmp/mummi/cg/structure_iter00_000000000002-20250408_152719/traj_comp.xtc
2025-04-08 15:48:02,216 - [MainProcess:146256] mummi_ras.online.cg.cganalysis:processFrame:580 - INFO - Frame:    69, Time: 34500.000 ps, Bbox = [0, 181.64471, 0, 181.64471]
2025-04-08 15:48:02,216 - [MainProcess:146256] mummi_ras.online.cg.cganalysis:processFrame:584 - INFO - Lengths of layers: 660 32 492
2025-04-08 15:48:02,319 - [MainProcess:146256] mummi_ras.online.cg.cganalysis:processFrame:765 - INFO - Time for analysis - frameNum 69, time 0.11426734924316406 s
2025-04-08 15:48:04,319 - [MainProcess:146256] mummi_ras.online.simulation:has_computed_enough:352 - INFO - runtime_hours*0.99 = 0.495 vs delta_time = 0.3404626543654336 (length 34.5 ns) False False
2025-04-08 15:48:04,326 - [MainProcess:146256] mummi_ras.online.cg.cganalysis:processOutput:92 - INFO - Add feedback for frameNum 60 - state []
2025-04-08 15:48:04,326 - [MainProcess:146256] mummi_ras.online.cg.cganalysis:processOutput:92 - INFO - Add feedback for frameNum 61 - state []
2025-04-08 15:48:04,326 - [MainProcess:146256] mummi_ras.online.cg.cganalysis:processOutput:92 - INFO - Add feedback for frameNum 62 - state []
2025-04-08 15:48:04,326 - [MainProcess:146256] mummi_ras.online.cg.cganalysis:processOutput:92 - INFO - Add feedback for frameNum 63 - state []
2025-04-08 15:48:04,326 - [MainProcess:146256] mummi_ras.online.cg.cganalysis:processOutput:92 - INFO - Add feedback for frameNum 64 - state []
2025-04-08 15:48:04,327 - [MainProcess:146256] mummi_ras.online.cg.cganalysis:processOutput:92 - INFO - Add feedback for frameNum 65 - state []
2025-04-08 15:48:04,327 - [MainProcess:146256] mummi_ras.online.cg.cganalysis:processOutput:92 - INFO - Add feedback for frameNum 66 - state []
2025-04-08 15:48:04,327 - [MainProcess:146256] mummi_ras.online.cg.cganalysis:processOutput:92 - INFO - Add feedback for frameNum 67 - state []
2025-04-08 15:48:04,327 - [MainProcess:146256] mummi_ras.online.cg.cganalysis:processOutput:92 - INFO - Add feedback for frameNum 68 - state []
2025-04-08 15:48:04,327 - [MainProcess:146256] mummi_ras.online.cg.cganalysis:processOutput:92 - INFO - Add feedback for frameNum 69 - state []
2025-04-08 15:48:04,342 - [MainProcess:146256] mummi_core.interfaces.simple:_save_files:91 - INFO - Wrote 10 files to (/p/gpfs1/pottier1/minimummi-sc25/roots/root1/feedback-cg2ml/002)
2025-04-08 15:48:04,342 - [MainProcess:146256] mummi_ras.feedback.feedback_manager_cg2ml:report:118 - INFO - Added 10 frames (from structure_iter00_000000000002) to feedback (/p/gpfs1/pottier1/minimummi-sc25/roots/root1/feedback-cg2ml)
2025-04-08 15:48:04,342 - [MainProcess:146256] mummi_ras.online.cg.cganalysis:processOutput:112 - INFO - processOutput: 69
2025-04-08 15:48:04,343 - [MainProcess:146256] mummi_ras.online.cg.cganalysis:copyRemoteRestart:452 - INFO - Copy to remote frames [60, 61, 62, 63, 64, 65, 66, 67, 68, 69]
sending incremental file list
ener.edr
md.log
mdrun.log
traj_comp.xtc

sent 15,292,327 bytes  received 92 bytes  30,584,838.00 bytes/sec
total size is 18,316,859  speedup is 1.20
2025-04-08 15:48:04,520 - [MainProcess:146256] mummi_core.utils.utilities:sys_call:184 - INFO - Run command: rsync -va --no-g traj_comp.xtc topol.tpr state.cpt ener.edr md.log mdrun.log /p/gpfs1/pottier1/minimummi-sc25/roots/root1/sims-cg/structure_iter00_000000000002 || true
2025-04-08 15:48:04,966 - [MainProcess:146256] mummi_ras.interfaces.mummi:save_analysis_data:253 - INFO - Saved all analysis data for frames [60, 61, 62, 63, 64, 65, 66, 67, 68, 69]
2025-04-08 15:48:04,966 - [MainProcess:146256] mummi_ras.online.cg.cganalysis:copyRemoteLogs:350 - INFO - Copy over log files
2025-04-08 15:48:05,007 - [MainProcess:146256] mummi_core.utils.utilities:sys_call:184 - INFO - Run command: cp -r  /tmp/mummi/cg/structure_iter00_000000000002-20250408_152719/cg_analysis.out /tmp/mummi/cg/structure_iter00_000000000002-20250408_152719/traj_comp.xtc /tmp/mummi/cg/structure_iter00_000000000002-20250408_152719/*.log /p/gpfs1/pottier1/minimummi-sc25/roots/root1/sims-cg/structure_iter00_000000000002/ || true
2025-04-08 15:48:05,007 - [MainProcess:146256] mummi_ras.online.cg.cganalysis:copyRemoteLogs:365 - INFO - copyRemoteLogs =  /tmp/mummi/cg/structure_iter00_000000000002-20250408_152719/cg_analysis.out /tmp/mummi/cg/structure_iter00_000000000002-20250408_152719/traj_comp.xtc /tmp/mummi/cg/structure_iter00_000000000002-20250408_152719/*.log
2025-04-08 15:48:05,007 - [MainProcess:146256] mummi_ras.online.cg.cganalysis:cleanupLocal:375 - WARNING - Copy cleanup local only works for ddcMD files
2025-04-08 15:48:07,008 - [MainProcess:146256] mummi_ras.online.simulation:has_computed_enough:352 - INFO - runtime_hours*0.99 = 0.495 vs delta_time = 0.34120944950315685 (length 34.5 ns) False False
2025-04-08 15:48:09,014 - [MainProcess:146256] mummi_ras.online.simulation:has_computed_enough:352 - INFO - runtime_hours*0.99 = 0.495 vs delta_time = 0.3417667986949285 (length 34.5 ns) False False
2025-04-08 15:48:11,021 - [MainProcess:146256] mummi_ras.online.simulation:has_computed_enough:352 - INFO - runtime_hours*0.99 = 0.495 vs delta_time = 0.3423241350385878 (length 34.5 ns) False False
2025-04-08 15:48:13,027 - [MainProcess:146256] mummi_ras.online.simulation:has_computed_enough:352 - INFO - runtime_hours*0.99 = 0.495 vs delta_time = 0.34288146204418607 (length 34.5 ns) False False
2025-04-08 15:48:15,033 - [MainProcess:146256] mummi_ras.online.simulation:has_computed_enough:352 - INFO - runtime_hours*0.99 = 0.495 vs delta_time = 0.34343876249260374 (length 34.5 ns) False False
2025-04-08 15:48:17,039 - [MainProcess:146256] mummi_ras.online.simulation:has_computed_enough:352 - INFO - runtime_hours*0.99 = 0.495 vs delta_time = 0.34399605055650073 (length 34.5 ns) False False
2025-04-08 15:48:19,046 - [MainProcess:146256] mummi_ras.online.simulation:has_computed_enough:352 - INFO - runtime_hours*0.99 = 0.495 vs delta_time = 0.3445533698134952 (length 34.5 ns) False False
2025-04-08 15:48:19,099 - [MainProcess:146256] mummi_ras.online.simulation:get_new_frames:399 - INFO - Getting all frame numbers in trajectory from 70 to 70.
2025-04-08 15:48:19,099 - [MainProcess:146256] mummi_ras.online.cg.cganalysis:run_main_analysis:193 - INFO - Process frame 70
2025-04-08 15:48:19,099 - [MainProcess:146256] mummi_ras.online.cg.cganalysis:processFrame:554 - INFO - Load 71 frames: current frame ID /tmp/mummi/cg/structure_iter00_000000000002-20250408_152719/traj_comp.xtc
2025-04-08 15:48:19,110 - [MainProcess:146256] mummi_ras.online.cg.cganalysis:processFrame:580 - INFO - Frame:    70, Time: 35000.000 ps, Bbox = [0, 180.33737, 0, 180.33737]
2025-04-08 15:48:19,110 - [MainProcess:146256] mummi_ras.online.cg.cganalysis:processFrame:584 - INFO - Lengths of layers: 662 32 490
2025-04-08 15:48:19,214 - [MainProcess:146256] mummi_ras.online.cg.cganalysis:processFrame:765 - INFO - Time for analysis - frameNum 70, time 0.11474800109863281 s
2025-04-08 15:48:21,214 - [MainProcess:146256] mummi_ras.online.simulation:has_computed_enough:352 - INFO - runtime_hours*0.99 = 0.495 vs delta_time = 0.34515575779808894 (length 35.0 ns) False False
2025-04-08 15:48:23,221 - [MainProcess:146256] mummi_ras.online.simulation:has_computed_enough:352 - INFO - runtime_hours*0.99 = 0.495 vs delta_time = 0.34571313911014134 (length 35.0 ns) False False
2025-04-08 15:48:25,227 - [MainProcess:146256] mummi_ras.online.simulation:has_computed_enough:352 - INFO - runtime_hours*0.99 = 0.495 vs delta_time = 0.3462704654534658 (length 35.0 ns) False False
2025-04-08 15:48:27,234 - [MainProcess:146256] mummi_ras.online.simulation:has_computed_enough:352 - INFO - runtime_hours*0.99 = 0.495 vs delta_time = 0.3468277821275923 (length 35.0 ns) False False
2025-04-08 15:48:29,240 - [MainProcess:146256] mummi_ras.online.simulation:has_computed_enough:352 - INFO - runtime_hours*0.99 = 0.495 vs delta_time = 0.3473850738339954 (length 35.0 ns) False False
2025-04-08 15:48:31,246 - [MainProcess:146256] mummi_ras.online.simulation:has_computed_enough:352 - INFO - runtime_hours*0.99 = 0.495 vs delta_time = 0.34794238222969903 (length 35.0 ns) False False
2025-04-08 15:48:33,253 - [MainProcess:146256] mummi_ras.online.simulation:has_computed_enough:352 - INFO - runtime_hours*0.99 = 0.495 vs delta_time = 0.34849971956676906 (length 35.0 ns) False False
2025-04-08 15:48:35,259 - [MainProcess:146256] mummi_ras.online.simulation:has_computed_enough:352 - INFO - runtime_hours*0.99 = 0.495 vs delta_time = 0.3490570405456755 (length 35.0 ns) False False
2025-04-08 15:48:37,265 - [MainProcess:146256] mummi_ras.online.simulation:has_computed_enough:352 - INFO - runtime_hours*0.99 = 0.495 vs delta_time = 0.3496143222517437 (length 35.0 ns) False False
2025-04-08 15:48:38,002 - [MainProcess:146256] mummi_ras.online.simulation:get_new_frames:399 - INFO - Getting all frame numbers in trajectory from 71 to 71.
2025-04-08 15:48:38,002 - [MainProcess:146256] mummi_ras.online.cg.cganalysis:run_main_analysis:193 - INFO - Process frame 71
2025-04-08 15:48:38,002 - [MainProcess:146256] mummi_ras.online.cg.cganalysis:processFrame:554 - INFO - Load 72 frames: current frame ID /tmp/mummi/cg/structure_iter00_000000000002-20250408_152719/traj_comp.xtc
2025-04-08 15:48:38,013 - [MainProcess:146256] mummi_ras.online.cg.cganalysis:processFrame:580 - INFO - Frame:    71, Time: 35500.000 ps, Bbox = [0, 181.06934, 0, 181.06934]
2025-04-08 15:48:38,013 - [MainProcess:146256] mummi_ras.online.cg.cganalysis:processFrame:584 - INFO - Lengths of layers: 662 32 490
2025-04-08 15:48:38,119 - [MainProcess:146256] mummi_ras.online.cg.cganalysis:processFrame:765 - INFO - Time for analysis - frameNum 71, time 0.11660385131835938 s
2025-04-08 15:48:40,119 - [MainProcess:146256] mummi_ras.online.simulation:has_computed_enough:352 - INFO - runtime_hours*0.99 = 0.495 vs delta_time = 0.35040713992383743 (length 35.5 ns) False False
2025-04-08 15:48:42,126 - [MainProcess:146256] mummi_ras.online.simulation:has_computed_enough:352 - INFO - runtime_hours*0.99 = 0.495 vs delta_time = 0.35096450163258447 (length 35.5 ns) False False
2025-04-08 15:48:44,132 - [MainProcess:146256] mummi_ras.online.simulation:has_computed_enough:352 - INFO - runtime_hours*0.99 = 0.495 vs delta_time = 0.35152183453241986 (length 35.5 ns) False False
2025-04-08 15:48:46,139 - [MainProcess:146256] mummi_ras.online.simulation:has_computed_enough:352 - INFO - runtime_hours*0.99 = 0.495 vs delta_time = 0.3520791580279668 (length 35.5 ns) False False
2025-04-08 15:48:48,145 - [MainProcess:146256] mummi_ras.online.simulation:has_computed_enough:352 - INFO - runtime_hours*0.99 = 0.495 vs delta_time = 0.35263648642434015 (length 35.5 ns) False False
2025-04-08 15:48:50,151 - [MainProcess:146256] mummi_ras.online.simulation:has_computed_enough:352 - INFO - runtime_hours*0.99 = 0.495 vs delta_time = 0.35319381111198 (length 35.5 ns) False False
2025-04-08 15:48:52,158 - [MainProcess:146256] mummi_ras.online.simulation:has_computed_enough:352 - INFO - runtime_hours*0.99 = 0.495 vs delta_time = 0.3537511397070355 (length 35.5 ns) False False
2025-04-08 15:48:54,164 - [MainProcess:146256] mummi_ras.online.simulation:has_computed_enough:352 - INFO - runtime_hours*0.99 = 0.495 vs delta_time = 0.3543084671099981 (length 35.5 ns) False False
2025-04-08 15:48:54,255 - [MainProcess:146256] mummi_ras.online.simulation:get_new_frames:399 - INFO - Getting all frame numbers in trajectory from 72 to 72.
2025-04-08 15:48:54,255 - [MainProcess:146256] mummi_ras.online.cg.cganalysis:run_main_analysis:193 - INFO - Process frame 72
2025-04-08 15:48:54,256 - [MainProcess:146256] mummi_ras.online.cg.cganalysis:processFrame:554 - INFO - Load 73 frames: current frame ID /tmp/mummi/cg/structure_iter00_000000000002-20250408_152719/traj_comp.xtc
2025-04-08 15:48:54,267 - [MainProcess:146256] mummi_ras.online.cg.cganalysis:processFrame:580 - INFO - Frame:    72, Time: 36000.000 ps, Bbox = [0, 181.1139, 0, 181.1139]
2025-04-08 15:48:54,267 - [MainProcess:146256] mummi_ras.online.cg.cganalysis:processFrame:584 - INFO - Lengths of layers: 663 33 488
2025-04-08 15:48:54,370 - [MainProcess:146256] mummi_ras.online.cg.cganalysis:processFrame:765 - INFO - Time for analysis - frameNum 72, time 0.11462903022766113 s
2025-04-08 15:48:56,371 - [MainProcess:146256] mummi_ras.online.simulation:has_computed_enough:352 - INFO - runtime_hours*0.99 = 0.495 vs delta_time = 0.3549214357799954 (length 36.0 ns) False False
2025-04-08 15:48:58,377 - [MainProcess:146256] mummi_ras.online.simulation:has_computed_enough:352 - INFO - runtime_hours*0.99 = 0.495 vs delta_time = 0.35547883715894485 (length 36.0 ns) False False
2025-04-08 15:49:00,384 - [MainProcess:146256] mummi_ras.online.simulation:has_computed_enough:352 - INFO - runtime_hours*0.99 = 0.495 vs delta_time = 0.356036176416609 (length 36.0 ns) False False
2025-04-08 15:49:02,390 - [MainProcess:146256] mummi_ras.online.simulation:has_computed_enough:352 - INFO - runtime_hours*0.99 = 0.495 vs delta_time = 0.35659351640277437 (length 36.0 ns) False False
2025-04-08 15:49:04,397 - [MainProcess:146256] mummi_ras.online.simulation:has_computed_enough:352 - INFO - runtime_hours*0.99 = 0.495 vs delta_time = 0.35715085208415986 (length 36.0 ns) False False
2025-04-08 15:49:06,403 - [MainProcess:146256] mummi_ras.online.simulation:has_computed_enough:352 - INFO - runtime_hours*0.99 = 0.495 vs delta_time = 0.3577081912755966 (length 36.0 ns) False False
2025-04-08 15:49:08,410 - [MainProcess:146256] mummi_ras.online.simulation:has_computed_enough:352 - INFO - runtime_hours*0.99 = 0.495 vs delta_time = 0.35826552907625836 (length 36.0 ns) False False
2025-04-08 15:49:10,416 - [MainProcess:146256] mummi_ras.online.simulation:has_computed_enough:352 - INFO - runtime_hours*0.99 = 0.495 vs delta_time = 0.35882283978992036 (length 36.0 ns) False False
2025-04-08 15:49:12,422 - [MainProcess:146256] mummi_ras.online.simulation:has_computed_enough:352 - INFO - runtime_hours*0.99 = 0.495 vs delta_time = 0.35938018129931554 (length 36.0 ns) False False
2025-04-08 15:49:12,485 - [MainProcess:146256] mummi_ras.online.simulation:get_new_frames:399 - INFO - Getting all frame numbers in trajectory from 73 to 73.
2025-04-08 15:49:12,485 - [MainProcess:146256] mummi_ras.online.cg.cganalysis:run_main_analysis:193 - INFO - Process frame 73
2025-04-08 15:49:12,485 - [MainProcess:146256] mummi_ras.online.cg.cganalysis:processFrame:554 - INFO - Load 74 frames: current frame ID /tmp/mummi/cg/structure_iter00_000000000002-20250408_152719/traj_comp.xtc
2025-04-08 15:49:12,497 - [MainProcess:146256] mummi_ras.online.cg.cganalysis:processFrame:580 - INFO - Frame:    73, Time: 36500.000 ps, Bbox = [0, 180.36522, 0, 180.36522]
2025-04-08 15:49:12,497 - [MainProcess:146256] mummi_ras.online.cg.cganalysis:processFrame:584 - INFO - Lengths of layers: 665 32 487
2025-04-08 15:49:12,600 - [MainProcess:146256] mummi_ras.online.cg.cganalysis:processFrame:765 - INFO - Time for analysis - frameNum 73, time 0.11485099792480469 s
2025-04-08 15:49:14,601 - [MainProcess:146256] mummi_ras.online.simulation:has_computed_enough:352 - INFO - runtime_hours*0.99 = 0.495 vs delta_time = 0.35998533613151973 (length 36.5 ns) False False
2025-04-08 15:49:16,607 - [MainProcess:146256] mummi_ras.online.simulation:has_computed_enough:352 - INFO - runtime_hours*0.99 = 0.495 vs delta_time = 0.3605427241987652 (length 36.5 ns) False False
2025-04-08 15:49:18,614 - [MainProcess:146256] mummi_ras.online.simulation:has_computed_enough:352 - INFO - runtime_hours*0.99 = 0.495 vs delta_time = 0.36110004650221933 (length 36.5 ns) False False
2025-04-08 15:49:20,620 - [MainProcess:146256] mummi_ras.online.simulation:has_computed_enough:352 - INFO - runtime_hours*0.99 = 0.495 vs delta_time = 0.3616573803954654 (length 36.5 ns) False False
2025-04-08 15:49:22,627 - [MainProcess:146256] mummi_ras.online.simulation:has_computed_enough:352 - INFO - runtime_hours*0.99 = 0.495 vs delta_time = 0.3622147140900294 (length 36.5 ns) False False
2025-04-08 15:49:24,633 - [MainProcess:146256] mummi_ras.online.simulation:has_computed_enough:352 - INFO - runtime_hours*0.99 = 0.495 vs delta_time = 0.36277205122841727 (length 36.5 ns) False False
2025-04-08 15:49:26,639 - [MainProcess:146256] mummi_ras.online.simulation:has_computed_enough:352 - INFO - runtime_hours*0.99 = 0.495 vs delta_time = 0.36332937015427486 (length 36.5 ns) False False
2025-04-08 15:49:28,646 - [MainProcess:146256] mummi_ras.online.simulation:has_computed_enough:352 - INFO - runtime_hours*0.99 = 0.495 vs delta_time = 0.3638867200083203 (length 36.5 ns) False False
2025-04-08 15:49:30,652 - [MainProcess:146256] mummi_ras.online.simulation:has_computed_enough:352 - INFO - runtime_hours*0.99 = 0.495 vs delta_time = 0.3644440566168891 (length 36.5 ns) False False
2025-04-08 15:49:30,705 - [MainProcess:146256] mummi_ras.online.simulation:get_new_frames:399 - INFO - Getting all frame numbers in trajectory from 74 to 74.
2025-04-08 15:49:30,706 - [MainProcess:146256] mummi_ras.online.cg.cganalysis:run_main_analysis:193 - INFO - Process frame 74
2025-04-08 15:49:30,706 - [MainProcess:146256] mummi_ras.online.cg.cganalysis:processFrame:554 - INFO - Load 75 frames: current frame ID /tmp/mummi/cg/structure_iter00_000000000002-20250408_152719/traj_comp.xtc
2025-04-08 15:49:30,717 - [MainProcess:146256] mummi_ras.online.cg.cganalysis:processFrame:580 - INFO - Frame:    74, Time: 37000.000 ps, Bbox = [0, 180.65819, 0, 180.65819]
2025-04-08 15:49:30,717 - [MainProcess:146256] mummi_ras.online.cg.cganalysis:processFrame:584 - INFO - Lengths of layers: 662 31 491
2025-04-08 15:49:30,821 - [MainProcess:146256] mummi_ras.online.cg.cganalysis:processFrame:765 - INFO - Time for analysis - frameNum 74, time 0.11490297317504883 s
2025-04-08 15:49:32,821 - [MainProcess:146256] mummi_ras.online.simulation:has_computed_enough:352 - INFO - runtime_hours*0.99 = 0.495 vs delta_time = 0.3650465656651391 (length 37.0 ns) False False
2025-04-08 15:49:34,828 - [MainProcess:146256] mummi_ras.online.simulation:has_computed_enough:352 - INFO - runtime_hours*0.99 = 0.495 vs delta_time = 0.36560395816961927 (length 37.0 ns) False False
2025-04-08 15:49:36,834 - [MainProcess:146256] mummi_ras.online.simulation:has_computed_enough:352 - INFO - runtime_hours*0.99 = 0.495 vs delta_time = 0.36616129100322725 (length 37.0 ns) False False
2025-04-08 15:49:38,841 - [MainProcess:146256] mummi_ras.online.simulation:has_computed_enough:352 - INFO - runtime_hours*0.99 = 0.495 vs delta_time = 0.36671862754556867 (length 37.0 ns) False False
2025-04-08 15:49:40,847 - [MainProcess:146256] mummi_ras.online.simulation:has_computed_enough:352 - INFO - runtime_hours*0.99 = 0.495 vs delta_time = 0.3672759581274456 (length 37.0 ns) False False
2025-04-08 15:49:42,854 - [MainProcess:146256] mummi_ras.online.simulation:has_computed_enough:352 - INFO - runtime_hours*0.99 = 0.495 vs delta_time = 0.3678332902325524 (length 37.0 ns) False False
2025-04-08 15:49:44,860 - [MainProcess:146256] mummi_ras.online.simulation:has_computed_enough:352 - INFO - runtime_hours*0.99 = 0.495 vs delta_time = 0.3683906351195441 (length 37.0 ns) False False
2025-04-08 15:49:46,866 - [MainProcess:146256] mummi_ras.online.simulation:has_computed_enough:352 - INFO - runtime_hours*0.99 = 0.495 vs delta_time = 0.36894797563552856 (length 37.0 ns) False False
2025-04-08 15:49:48,873 - [MainProcess:146256] mummi_ras.online.simulation:has_computed_enough:352 - INFO - runtime_hours*0.99 = 0.495 vs delta_time = 0.3695053176085154 (length 37.0 ns) False False
2025-04-08 15:49:49,043 - [MainProcess:146256] mummi_ras.online.simulation:get_new_frames:399 - INFO - Getting all frame numbers in trajectory from 75 to 75.
2025-04-08 15:49:49,044 - [MainProcess:146256] mummi_ras.online.cg.cganalysis:run_main_analysis:193 - INFO - Process frame 75
2025-04-08 15:49:49,044 - [MainProcess:146256] mummi_ras.online.cg.cganalysis:processFrame:554 - INFO - Load 76 frames: current frame ID /tmp/mummi/cg/structure_iter00_000000000002-20250408_152719/traj_comp.xtc
2025-04-08 15:49:49,055 - [MainProcess:146256] mummi_ras.online.cg.cganalysis:processFrame:580 - INFO - Frame:    75, Time: 37500.000 ps, Bbox = [0, 181.23767, 0, 181.23767]
2025-04-08 15:49:49,055 - [MainProcess:146256] mummi_ras.online.cg.cganalysis:processFrame:584 - INFO - Lengths of layers: 666 28 490
2025-04-08 15:49:49,159 - [MainProcess:146256] mummi_ras.online.cg.cganalysis:processFrame:765 - INFO - Time for analysis - frameNum 75, time 0.11483502388000488 s
2025-04-08 15:49:51,159 - [MainProcess:146256] mummi_ras.online.simulation:has_computed_enough:352 - INFO - runtime_hours*0.99 = 0.495 vs delta_time = 0.37014040688673655 (length 37.5 ns) False False
2025-04-08 15:49:53,166 - [MainProcess:146256] mummi_ras.online.simulation:has_computed_enough:352 - INFO - runtime_hours*0.99 = 0.495 vs delta_time = 0.3706978048880895 (length 37.5 ns) False False
2025-04-08 15:49:55,172 - [MainProcess:146256] mummi_ras.online.simulation:has_computed_enough:352 - INFO - runtime_hours*0.99 = 0.495 vs delta_time = 0.3712551177872552 (length 37.5 ns) False False
2025-04-08 15:49:57,178 - [MainProcess:146256] mummi_ras.online.simulation:has_computed_enough:352 - INFO - runtime_hours*0.99 = 0.495 vs delta_time = 0.37181244293848675 (length 37.5 ns) False False
2025-04-08 15:49:59,185 - [MainProcess:146256] mummi_ras.online.simulation:has_computed_enough:352 - INFO - runtime_hours*0.99 = 0.495 vs delta_time = 0.3723697725931803 (length 37.5 ns) False False
2025-04-08 15:50:01,191 - [MainProcess:146256] mummi_ras.online.simulation:has_computed_enough:352 - INFO - runtime_hours*0.99 = 0.495 vs delta_time = 0.3729270909229914 (length 37.5 ns) False False
2025-04-08 15:50:03,198 - [MainProcess:146256] mummi_ras.online.simulation:has_computed_enough:352 - INFO - runtime_hours*0.99 = 0.495 vs delta_time = 0.3734844121668074 (length 37.5 ns) False False
2025-04-08 15:50:05,204 - [MainProcess:146256] mummi_ras.online.simulation:has_computed_enough:352 - INFO - runtime_hours*0.99 = 0.495 vs delta_time = 0.3740417608949873 (length 37.5 ns) False False
2025-04-08 15:50:05,294 - [MainProcess:146256] mummi_ras.online.simulation:get_new_frames:399 - INFO - Getting all frame numbers in trajectory from 76 to 76.
2025-04-08 15:50:05,294 - [MainProcess:146256] mummi_ras.online.cg.cganalysis:run_main_analysis:193 - INFO - Process frame 76
2025-04-08 15:50:05,295 - [MainProcess:146256] mummi_ras.online.cg.cganalysis:processFrame:554 - INFO - Load 77 frames: current frame ID /tmp/mummi/cg/structure_iter00_000000000002-20250408_152719/traj_comp.xtc
2025-04-08 15:50:05,306 - [MainProcess:146256] mummi_ras.online.cg.cganalysis:processFrame:580 - INFO - Frame:    76, Time: 38000.000 ps, Bbox = [0, 180.86984, 0, 180.86984]
2025-04-08 15:50:05,306 - [MainProcess:146256] mummi_ras.online.cg.cganalysis:processFrame:584 - INFO - Lengths of layers: 667 29 488
2025-04-08 15:50:05,409 - [MainProcess:146256] mummi_ras.online.cg.cganalysis:processFrame:765 - INFO - Time for analysis - frameNum 76, time 0.11481118202209473 s
2025-04-08 15:50:07,410 - [MainProcess:146256] mummi_ras.online.simulation:has_computed_enough:352 - INFO - runtime_hours*0.99 = 0.495 vs delta_time = 0.3746545464462704 (length 38.0 ns) False False
2025-04-08 15:50:09,417 - [MainProcess:146256] mummi_ras.online.simulation:has_computed_enough:352 - INFO - runtime_hours*0.99 = 0.495 vs delta_time = 0.3752119423283471 (length 38.0 ns) False False
2025-04-08 15:50:11,423 - [MainProcess:146256] mummi_ras.online.simulation:has_computed_enough:352 - INFO - runtime_hours*0.99 = 0.495 vs delta_time = 0.3757692671484417 (length 38.0 ns) False False
2025-04-08 15:50:13,429 - [MainProcess:146256] mummi_ras.online.simulation:has_computed_enough:352 - INFO - runtime_hours*0.99 = 0.495 vs delta_time = 0.37632659713427224 (length 38.0 ns) False False
2025-04-08 15:50:15,436 - [MainProcess:146256] mummi_ras.online.simulation:has_computed_enough:352 - INFO - runtime_hours*0.99 = 0.495 vs delta_time = 0.37688393115997315 (length 38.0 ns) False False
2025-04-08 15:50:17,442 - [MainProcess:146256] mummi_ras.online.simulation:has_computed_enough:352 - INFO - runtime_hours*0.99 = 0.495 vs delta_time = 0.37744124690691633 (length 38.0 ns) False False
2025-04-08 15:50:19,449 - [MainProcess:146256] mummi_ras.online.simulation:has_computed_enough:352 - INFO - runtime_hours*0.99 = 0.495 vs delta_time = 0.3779985874229007 (length 38.0 ns) False False
2025-04-08 15:50:21,455 - [MainProcess:146256] mummi_ras.online.simulation:has_computed_enough:352 - INFO - runtime_hours*0.99 = 0.495 vs delta_time = 0.3785559027062522 (length 38.0 ns) False False
2025-04-08 15:50:23,461 - [MainProcess:146256] mummi_ras.online.simulation:has_computed_enough:352 - INFO - runtime_hours*0.99 = 0.495 vs delta_time = 0.3791132473283344 (length 38.0 ns) False False
2025-04-08 15:50:23,534 - [MainProcess:146256] mummi_ras.online.simulation:get_new_frames:399 - INFO - Getting all frame numbers in trajectory from 77 to 77.
2025-04-08 15:50:23,534 - [MainProcess:146256] mummi_ras.online.cg.cganalysis:run_main_analysis:193 - INFO - Process frame 77
2025-04-08 15:50:23,534 - [MainProcess:146256] mummi_ras.online.cg.cganalysis:processFrame:554 - INFO - Load 78 frames: current frame ID /tmp/mummi/cg/structure_iter00_000000000002-20250408_152719/traj_comp.xtc
2025-04-08 15:50:23,545 - [MainProcess:146256] mummi_ras.online.cg.cganalysis:processFrame:580 - INFO - Frame:    77, Time: 38500.000 ps, Bbox = [0, 180.48402, 0, 180.48402]
2025-04-08 15:50:23,545 - [MainProcess:146256] mummi_ras.online.cg.cganalysis:processFrame:584 - INFO - Lengths of layers: 665 32 487
2025-04-08 15:50:23,649 - [MainProcess:146256] mummi_ras.online.cg.cganalysis:processFrame:765 - INFO - Time for analysis - frameNum 77, time 0.11463594436645508 s
2025-04-08 15:50:25,649 - [MainProcess:146256] mummi_ras.online.simulation:has_computed_enough:352 - INFO - runtime_hours*0.99 = 0.495 vs delta_time = 0.37972105668650735 (length 38.5 ns) False False
2025-04-08 15:50:27,656 - [MainProcess:146256] mummi_ras.online.simulation:has_computed_enough:352 - INFO - runtime_hours*0.99 = 0.495 vs delta_time = 0.3802784522374471 (length 38.5 ns) False False
2025-04-08 15:50:29,662 - [MainProcess:146256] mummi_ras.online.simulation:has_computed_enough:352 - INFO - runtime_hours*0.99 = 0.495 vs delta_time = 0.3808357589112388 (length 38.5 ns) False False
2025-04-08 15:50:31,669 - [MainProcess:146256] mummi_ras.online.simulation:has_computed_enough:352 - INFO - runtime_hours*0.99 = 0.495 vs delta_time = 0.3813930700884925 (length 38.5 ns) False False
2025-04-08 15:50:33,675 - [MainProcess:146256] mummi_ras.online.simulation:has_computed_enough:352 - INFO - runtime_hours*0.99 = 0.495 vs delta_time = 0.3819503590133455 (length 38.5 ns) False False
2025-04-08 15:50:35,681 - [MainProcess:146256] mummi_ras.online.simulation:has_computed_enough:352 - INFO - runtime_hours*0.99 = 0.495 vs delta_time = 0.38250771052307553 (length 38.5 ns) False False
2025-04-08 15:50:37,688 - [MainProcess:146256] mummi_ras.online.simulation:has_computed_enough:352 - INFO - runtime_hours*0.99 = 0.495 vs delta_time = 0.38306505501270294 (length 38.5 ns) False False
2025-04-08 15:50:39,694 - [MainProcess:146256] mummi_ras.online.simulation:has_computed_enough:352 - INFO - runtime_hours*0.99 = 0.495 vs delta_time = 0.3836223806275262 (length 38.5 ns) False False
2025-04-08 15:50:41,701 - [MainProcess:146256] mummi_ras.online.simulation:has_computed_enough:352 - INFO - runtime_hours*0.99 = 0.495 vs delta_time = 0.38417971233526865 (length 38.5 ns) False False
2025-04-08 15:50:41,754 - [MainProcess:146256] mummi_ras.online.simulation:get_new_frames:399 - INFO - Getting all frame numbers in trajectory from 78 to 78.
2025-04-08 15:50:41,754 - [MainProcess:146256] mummi_ras.online.cg.cganalysis:run_main_analysis:193 - INFO - Process frame 78
2025-04-08 15:50:41,754 - [MainProcess:146256] mummi_ras.online.cg.cganalysis:processFrame:554 - INFO - Load 79 frames: current frame ID /tmp/mummi/cg/structure_iter00_000000000002-20250408_152719/traj_comp.xtc
2025-04-08 15:50:41,765 - [MainProcess:146256] mummi_ras.online.cg.cganalysis:processFrame:580 - INFO - Frame:    78, Time: 39000.000 ps, Bbox = [0, 179.7213, 0, 179.7213]
2025-04-08 15:50:41,766 - [MainProcess:146256] mummi_ras.online.cg.cganalysis:processFrame:584 - INFO - Lengths of layers: 664 35 485
2025-04-08 15:50:41,869 - [MainProcess:146256] mummi_ras.online.cg.cganalysis:processFrame:765 - INFO - Time for analysis - frameNum 78, time 0.11482071876525879 s
2025-04-08 15:50:43,870 - [MainProcess:146256] mummi_ras.online.simulation:has_computed_enough:352 - INFO - runtime_hours*0.99 = 0.495 vs delta_time = 0.3847821731037564 (length 39.0 ns) False False
2025-04-08 15:50:45,876 - [MainProcess:146256] mummi_ras.online.simulation:has_computed_enough:352 - INFO - runtime_hours*0.99 = 0.495 vs delta_time = 0.38533956898583305 (length 39.0 ns) False False
2025-04-08 15:50:47,883 - [MainProcess:146256] mummi_ras.online.simulation:has_computed_enough:352 - INFO - runtime_hours*0.99 = 0.495 vs delta_time = 0.38589691658814745 (length 39.0 ns) False False
2025-04-08 15:50:49,889 - [MainProcess:146256] mummi_ras.online.simulation:has_computed_enough:352 - INFO - runtime_hours*0.99 = 0.495 vs delta_time = 0.3864542500840293 (length 39.0 ns) False False
2025-04-08 15:50:51,895 - [MainProcess:146256] mummi_ras.online.simulation:has_computed_enough:352 - INFO - runtime_hours*0.99 = 0.495 vs delta_time = 0.3870115926530626 (length 39.0 ns) False False
2025-04-08 15:50:53,902 - [MainProcess:146256] mummi_ras.online.simulation:has_computed_enough:352 - INFO - runtime_hours*0.99 = 0.495 vs delta_time = 0.38756889833344355 (length 39.0 ns) False False
2025-04-08 15:50:55,908 - [MainProcess:146256] mummi_ras.online.simulation:has_computed_enough:352 - INFO - runtime_hours*0.99 = 0.495 vs delta_time = 0.3881262147426605 (length 39.0 ns) False False
2025-04-08 15:50:57,914 - [MainProcess:146256] mummi_ras.online.simulation:has_computed_enough:352 - INFO - runtime_hours*0.99 = 0.495 vs delta_time = 0.3886835273769167 (length 39.0 ns) False False
2025-04-08 15:50:58,536 - [MainProcess:146256] mummi_ras.online.simulation:get_new_frames:399 - INFO - Getting all frame numbers in trajectory from 79 to 79.
2025-04-08 15:50:58,536 - [MainProcess:146256] mummi_ras.online.cg.cganalysis:run_main_analysis:193 - INFO - Process frame 79
2025-04-08 15:50:58,536 - [MainProcess:146256] mummi_ras.online.cg.cganalysis:processFrame:554 - INFO - Load 80 frames: current frame ID /tmp/mummi/cg/structure_iter00_000000000002-20250408_152719/traj_comp.xtc
2025-04-08 15:50:58,547 - [MainProcess:146256] mummi_ras.online.cg.cganalysis:processFrame:580 - INFO - Frame:    79, Time: 39500.000 ps, Bbox = [0, 181.70627, 0, 181.70627]
2025-04-08 15:50:58,548 - [MainProcess:146256] mummi_ras.online.cg.cganalysis:processFrame:584 - INFO - Lengths of layers: 666 34 484
2025-04-08 15:50:58,651 - [MainProcess:146256] mummi_ras.online.cg.cganalysis:processFrame:765 - INFO - Time for analysis - frameNum 79, time 0.11477875709533691 s
2025-04-08 15:51:00,651 - [MainProcess:146256] mummi_ras.online.simulation:has_computed_enough:352 - INFO - runtime_hours*0.99 = 0.495 vs delta_time = 0.3894438232315911 (length 39.5 ns) False False
2025-04-08 15:51:00,658 - [MainProcess:146256] mummi_ras.online.cg.cganalysis:processOutput:92 - INFO - Add feedback for frameNum 70 - state []
2025-04-08 15:51:00,658 - [MainProcess:146256] mummi_ras.online.cg.cganalysis:processOutput:92 - INFO - Add feedback for frameNum 71 - state []
2025-04-08 15:51:00,658 - [MainProcess:146256] mummi_ras.online.cg.cganalysis:processOutput:92 - INFO - Add feedback for frameNum 72 - state []
2025-04-08 15:51:00,658 - [MainProcess:146256] mummi_ras.online.cg.cganalysis:processOutput:92 - INFO - Add feedback for frameNum 73 - state []
2025-04-08 15:51:00,659 - [MainProcess:146256] mummi_ras.online.cg.cganalysis:processOutput:92 - INFO - Add feedback for frameNum 74 - state []
2025-04-08 15:51:00,659 - [MainProcess:146256] mummi_ras.online.cg.cganalysis:processOutput:92 - INFO - Add feedback for frameNum 75 - state []
2025-04-08 15:51:00,659 - [MainProcess:146256] mummi_ras.online.cg.cganalysis:processOutput:92 - INFO - Add feedback for frameNum 76 - state []
2025-04-08 15:51:00,659 - [MainProcess:146256] mummi_ras.online.cg.cganalysis:processOutput:92 - INFO - Add feedback for frameNum 77 - state []
2025-04-08 15:51:00,659 - [MainProcess:146256] mummi_ras.online.cg.cganalysis:processOutput:92 - INFO - Add feedback for frameNum 78 - state []
2025-04-08 15:51:00,659 - [MainProcess:146256] mummi_ras.online.cg.cganalysis:processOutput:92 - INFO - Add feedback for frameNum 79 - state []
2025-04-08 15:51:00,677 - [MainProcess:146256] mummi_core.interfaces.simple:_save_files:91 - INFO - Wrote 10 files to (/p/gpfs1/pottier1/minimummi-sc25/roots/root1/feedback-cg2ml/002)
2025-04-08 15:51:00,677 - [MainProcess:146256] mummi_ras.feedback.feedback_manager_cg2ml:report:118 - INFO - Added 10 frames (from structure_iter00_000000000002) to feedback (/p/gpfs1/pottier1/minimummi-sc25/roots/root1/feedback-cg2ml)
2025-04-08 15:51:00,677 - [MainProcess:146256] mummi_ras.online.cg.cganalysis:processOutput:112 - INFO - processOutput: 79
2025-04-08 15:51:00,677 - [MainProcess:146256] mummi_ras.online.cg.cganalysis:copyRemoteRestart:452 - INFO - Copy to remote frames [70, 71, 72, 73, 74, 75, 76, 77, 78, 79]
sending incremental file list
ener.edr
md.log
mdrun.log
traj_comp.xtc

sent 17,472,585 bytes  received 92 bytes  34,945,354.00 bytes/sec
total size is 20,496,581  speedup is 1.17
2025-04-08 15:51:00,853 - [MainProcess:146256] mummi_core.utils.utilities:sys_call:184 - INFO - Run command: rsync -va --no-g traj_comp.xtc topol.tpr state.cpt ener.edr md.log mdrun.log /p/gpfs1/pottier1/minimummi-sc25/roots/root1/sims-cg/structure_iter00_000000000002 || true
2025-04-08 15:51:01,306 - [MainProcess:146256] mummi_ras.interfaces.mummi:save_analysis_data:253 - INFO - Saved all analysis data for frames [70, 71, 72, 73, 74, 75, 76, 77, 78, 79]
2025-04-08 15:51:01,306 - [MainProcess:146256] mummi_ras.online.cg.cganalysis:copyRemoteLogs:350 - INFO - Copy over log files
2025-04-08 15:51:01,349 - [MainProcess:146256] mummi_core.utils.utilities:sys_call:184 - INFO - Run command: cp -r  /tmp/mummi/cg/structure_iter00_000000000002-20250408_152719/cg_analysis.out /tmp/mummi/cg/structure_iter00_000000000002-20250408_152719/traj_comp.xtc /tmp/mummi/cg/structure_iter00_000000000002-20250408_152719/*.log /p/gpfs1/pottier1/minimummi-sc25/roots/root1/sims-cg/structure_iter00_000000000002/ || true
2025-04-08 15:51:01,349 - [MainProcess:146256] mummi_ras.online.cg.cganalysis:copyRemoteLogs:365 - INFO - copyRemoteLogs =  /tmp/mummi/cg/structure_iter00_000000000002-20250408_152719/cg_analysis.out /tmp/mummi/cg/structure_iter00_000000000002-20250408_152719/traj_comp.xtc /tmp/mummi/cg/structure_iter00_000000000002-20250408_152719/*.log
2025-04-08 15:51:01,349 - [MainProcess:146256] mummi_ras.online.cg.cganalysis:cleanupLocal:375 - WARNING - Copy cleanup local only works for ddcMD files
2025-04-08 15:51:03,349 - [MainProcess:146256] mummi_ras.online.simulation:has_computed_enough:352 - INFO - runtime_hours*0.99 = 0.495 vs delta_time = 0.39019320759508347 (length 39.5 ns) False False
2025-04-08 15:51:05,356 - [MainProcess:146256] mummi_ras.online.simulation:has_computed_enough:352 - INFO - runtime_hours*0.99 = 0.495 vs delta_time = 0.3907505742708842 (length 39.5 ns) False False
2025-04-08 15:51:07,362 - [MainProcess:146256] mummi_ras.online.simulation:has_computed_enough:352 - INFO - runtime_hours*0.99 = 0.495 vs delta_time = 0.3913078895542357 (length 39.5 ns) False False
2025-04-08 15:51:09,368 - [MainProcess:146256] mummi_ras.online.simulation:has_computed_enough:352 - INFO - runtime_hours*0.99 = 0.495 vs delta_time = 0.3918651885456509 (length 39.5 ns) False False
2025-04-08 15:51:11,375 - [MainProcess:146256] mummi_ras.online.simulation:has_computed_enough:352 - INFO - runtime_hours*0.99 = 0.495 vs delta_time = 0.3924225225051244 (length 39.5 ns) False False
2025-04-08 15:51:13,381 - [MainProcess:146256] mummi_ras.online.simulation:has_computed_enough:352 - INFO - runtime_hours*0.99 = 0.495 vs delta_time = 0.3929798589150111 (length 39.5 ns) False False
2025-04-08 15:51:15,387 - [MainProcess:146256] mummi_ras.online.simulation:has_computed_enough:352 - INFO - runtime_hours*0.99 = 0.495 vs delta_time = 0.39353715731037986 (length 39.5 ns) False False
2025-04-08 15:51:17,394 - [MainProcess:146256] mummi_ras.online.simulation:has_computed_enough:352 - INFO - runtime_hours*0.99 = 0.495 vs delta_time = 0.39409446444776325 (length 39.5 ns) False False
2025-04-08 15:51:17,801 - [MainProcess:146256] mummi_ras.online.simulation:get_new_frames:399 - INFO - Getting all frame numbers in trajectory from 80 to 80.
2025-04-08 15:51:17,801 - [MainProcess:146256] mummi_ras.online.cg.cganalysis:run_main_analysis:193 - INFO - Process frame 80
2025-04-08 15:51:17,801 - [MainProcess:146256] mummi_ras.online.cg.cganalysis:processFrame:554 - INFO - Load 81 frames: current frame ID /tmp/mummi/cg/structure_iter00_000000000002-20250408_152719/traj_comp.xtc
2025-04-08 15:51:17,813 - [MainProcess:146256] mummi_ras.online.cg.cganalysis:processFrame:580 - INFO - Frame:    80, Time: 40000.000 ps, Bbox = [0, 181.48544, 0, 181.48544]
2025-04-08 15:51:17,813 - [MainProcess:146256] mummi_ras.online.cg.cganalysis:processFrame:584 - INFO - Lengths of layers: 668 30 486
2025-04-08 15:51:17,916 - [MainProcess:146256] mummi_ras.online.cg.cganalysis:processFrame:765 - INFO - Time for analysis - frameNum 80, time 0.11485838890075684 s
2025-04-08 15:51:19,917 - [MainProcess:146256] mummi_ras.online.simulation:has_computed_enough:352 - INFO - runtime_hours*0.99 = 0.495 vs delta_time = 0.3947952803638246 (length 40.0 ns) False False
2025-04-08 15:51:21,923 - [MainProcess:146256] mummi_ras.online.simulation:has_computed_enough:352 - INFO - runtime_hours*0.99 = 0.495 vs delta_time = 0.3953526493575838 (length 40.0 ns) False False
2025-04-08 15:51:23,930 - [MainProcess:146256] mummi_ras.online.simulation:has_computed_enough:352 - INFO - runtime_hours*0.99 = 0.495 vs delta_time = 0.39591000113222335 (length 40.0 ns) False False
2025-04-08 15:51:25,936 - [MainProcess:146256] mummi_ras.online.simulation:has_computed_enough:352 - INFO - runtime_hours*0.99 = 0.495 vs delta_time = 0.3964673219124476 (length 40.0 ns) False False
2025-04-08 15:51:27,942 - [MainProcess:146256] mummi_ras.online.simulation:has_computed_enough:352 - INFO - runtime_hours*0.99 = 0.495 vs delta_time = 0.39702464083830513 (length 40.0 ns) False False
2025-04-08 15:51:29,949 - [MainProcess:146256] mummi_ras.online.simulation:has_computed_enough:352 - INFO - runtime_hours*0.99 = 0.495 vs delta_time = 0.3975819510221481 (length 40.0 ns) False False
2025-04-08 15:51:31,955 - [MainProcess:146256] mummi_ras.online.simulation:has_computed_enough:352 - INFO - runtime_hours*0.99 = 0.495 vs delta_time = 0.3981392373641332 (length 40.0 ns) False False
2025-04-08 15:51:33,961 - [MainProcess:146256] mummi_ras.online.simulation:has_computed_enough:352 - INFO - runtime_hours*0.99 = 0.495 vs delta_time = 0.3986965212557051 (length 40.0 ns) False False
2025-04-08 15:51:34,014 - [MainProcess:146256] mummi_ras.online.simulation:get_new_frames:399 - INFO - Getting all frame numbers in trajectory from 81 to 81.
2025-04-08 15:51:34,014 - [MainProcess:146256] mummi_ras.online.cg.cganalysis:run_main_analysis:193 - INFO - Process frame 81
2025-04-08 15:51:34,014 - [MainProcess:146256] mummi_ras.online.cg.cganalysis:processFrame:554 - INFO - Load 82 frames: current frame ID /tmp/mummi/cg/structure_iter00_000000000002-20250408_152719/traj_comp.xtc
2025-04-08 15:51:34,026 - [MainProcess:146256] mummi_ras.online.cg.cganalysis:processFrame:580 - INFO - Frame:    81, Time: 40500.000 ps, Bbox = [0, 181.34233, 0, 181.34233]
2025-04-08 15:51:34,026 - [MainProcess:146256] mummi_ras.online.cg.cganalysis:processFrame:584 - INFO - Lengths of layers: 669 31 484
2025-04-08 15:51:34,129 - [MainProcess:146256] mummi_ras.online.cg.cganalysis:processFrame:765 - INFO - Time for analysis - frameNum 81, time 0.11475110054016113 s
2025-04-08 15:51:36,130 - [MainProcess:146256] mummi_ras.online.simulation:has_computed_enough:352 - INFO - runtime_hours*0.99 = 0.495 vs delta_time = 0.399298953877555 (length 40.5 ns) False False
2025-04-08 15:51:38,136 - [MainProcess:146256] mummi_ras.online.simulation:has_computed_enough:352 - INFO - runtime_hours*0.99 = 0.495 vs delta_time = 0.39985633843474916 (length 40.5 ns) False False
2025-04-08 15:51:40,143 - [MainProcess:146256] mummi_ras.online.simulation:has_computed_enough:352 - INFO - runtime_hours*0.99 = 0.495 vs delta_time = 0.4004136298100154 (length 40.5 ns) False False
2025-04-08 15:51:42,149 - [MainProcess:146256] mummi_ras.online.simulation:has_computed_enough:352 - INFO - runtime_hours*0.99 = 0.495 vs delta_time = 0.4009709714518653 (length 40.5 ns) False False
2025-04-08 15:51:44,156 - [MainProcess:146256] mummi_ras.online.simulation:has_computed_enough:352 - INFO - runtime_hours*0.99 = 0.495 vs delta_time = 0.40152831183539495 (length 40.5 ns) False False
2025-04-08 15:51:46,162 - [MainProcess:146256] mummi_ras.online.simulation:has_computed_enough:352 - INFO - runtime_hours*0.99 = 0.495 vs delta_time = 0.40208560513125524 (length 40.5 ns) False False
2025-04-08 15:51:48,168 - [MainProcess:146256] mummi_ras.online.simulation:has_computed_enough:352 - INFO - runtime_hours*0.99 = 0.495 vs delta_time = 0.4026429272360272 (length 40.5 ns) False False
2025-04-08 15:51:50,175 - [MainProcess:146256] mummi_ras.online.simulation:has_computed_enough:352 - INFO - runtime_hours*0.99 = 0.495 vs delta_time = 0.4032002325190438 (length 40.5 ns) False False
2025-04-08 15:51:52,181 - [MainProcess:146256] mummi_ras.online.simulation:has_computed_enough:352 - INFO - runtime_hours*0.99 = 0.495 vs delta_time = 0.40375757290257347 (length 40.5 ns) False False
2025-04-08 15:51:52,234 - [MainProcess:146256] mummi_ras.online.simulation:get_new_frames:399 - INFO - Getting all frame numbers in trajectory from 82 to 82.
2025-04-08 15:51:52,234 - [MainProcess:146256] mummi_ras.online.cg.cganalysis:run_main_analysis:193 - INFO - Process frame 82
2025-04-08 15:51:52,234 - [MainProcess:146256] mummi_ras.online.cg.cganalysis:processFrame:554 - INFO - Load 83 frames: current frame ID /tmp/mummi/cg/structure_iter00_000000000002-20250408_152719/traj_comp.xtc
2025-04-08 15:51:52,246 - [MainProcess:146256] mummi_ras.online.cg.cganalysis:processFrame:580 - INFO - Frame:    82, Time: 41000.000 ps, Bbox = [0, 180.4892, 0, 180.4892]
2025-04-08 15:51:52,246 - [MainProcess:146256] mummi_ras.online.cg.cganalysis:processFrame:584 - INFO - Lengths of layers: 671 25 488
2025-04-08 15:51:52,349 - [MainProcess:146256] mummi_ras.online.cg.cganalysis:processFrame:765 - INFO - Time for analysis - frameNum 82, time 0.1148064136505127 s
2025-04-08 15:51:54,350 - [MainProcess:146256] mummi_ras.online.simulation:has_computed_enough:352 - INFO - runtime_hours*0.99 = 0.495 vs delta_time = 0.40435998989476096 (length 41.0 ns) False False
2025-04-08 15:51:56,356 - [MainProcess:146256] mummi_ras.online.simulation:has_computed_enough:352 - INFO - runtime_hours*0.99 = 0.495 vs delta_time = 0.4049173563056522 (length 41.0 ns) False False
2025-04-08 15:51:58,362 - [MainProcess:146256] mummi_ras.online.simulation:has_computed_enough:352 - INFO - runtime_hours*0.99 = 0.495 vs delta_time = 0.4054746509922875 (length 41.0 ns) False False
2025-04-08 15:52:00,369 - [MainProcess:146256] mummi_ras.online.simulation:has_computed_enough:352 - INFO - runtime_hours*0.99 = 0.495 vs delta_time = 0.40603198654121825 (length 41.0 ns) False False
2025-04-08 15:52:02,375 - [MainProcess:146256] mummi_ras.online.simulation:has_computed_enough:352 - INFO - runtime_hours*0.99 = 0.495 vs delta_time = 0.4065892963276969 (length 41.0 ns) False False
2025-04-08 15:52:04,381 - [MainProcess:146256] mummi_ras.online.simulation:has_computed_enough:352 - INFO - runtime_hours*0.99 = 0.495 vs delta_time = 0.4071465977032979 (length 41.0 ns) False False
2025-04-08 15:52:06,388 - [MainProcess:146256] mummi_ras.online.simulation:has_computed_enough:352 - INFO - runtime_hours*0.99 = 0.495 vs delta_time = 0.4077039423253801 (length 41.0 ns) False False
2025-04-08 15:52:08,394 - [MainProcess:146256] mummi_ras.online.simulation:has_computed_enough:352 - INFO - runtime_hours*0.99 = 0.495 vs delta_time = 0.40826127383444044 (length 41.0 ns) False False
2025-04-08 15:52:10,401 - [MainProcess:146256] mummi_ras.online.simulation:has_computed_enough:352 - INFO - runtime_hours*0.99 = 0.495 vs delta_time = 0.4088186181253857 (length 41.0 ns) False False
2025-04-08 15:52:10,959 - [MainProcess:146256] mummi_ras.online.simulation:get_new_frames:399 - INFO - Getting all frame numbers in trajectory from 83 to 83.
2025-04-08 15:52:10,959 - [MainProcess:146256] mummi_ras.online.cg.cganalysis:run_main_analysis:193 - INFO - Process frame 83
2025-04-08 15:52:10,959 - [MainProcess:146256] mummi_ras.online.cg.cganalysis:processFrame:554 - INFO - Load 84 frames: current frame ID /tmp/mummi/cg/structure_iter00_000000000002-20250408_152719/traj_comp.xtc
2025-04-08 15:52:10,970 - [MainProcess:146256] mummi_ras.online.cg.cganalysis:processFrame:580 - INFO - Frame:    83, Time: 41500.000 ps, Bbox = [0, 180.50241, 0, 180.50241]
2025-04-08 15:52:10,970 - [MainProcess:146256] mummi_ras.online.cg.cganalysis:processFrame:584 - INFO - Lengths of layers: 671 27 486
2025-04-08 15:52:11,074 - [MainProcess:146256] mummi_ras.online.cg.cganalysis:processFrame:765 - INFO - Time for analysis - frameNum 83, time 0.11442136764526367 s
2025-04-08 15:52:13,074 - [MainProcess:146256] mummi_ras.online.simulation:has_computed_enough:352 - INFO - runtime_hours*0.99 = 0.495 vs delta_time = 0.4095612767007616 (length 41.5 ns) False False
2025-04-08 15:52:15,081 - [MainProcess:146256] mummi_ras.online.simulation:has_computed_enough:352 - INFO - runtime_hours*0.99 = 0.495 vs delta_time = 0.4101186421844694 (length 41.5 ns) False False
2025-04-08 15:52:17,087 - [MainProcess:146256] mummi_ras.online.simulation:has_computed_enough:352 - INFO - runtime_hours*0.99 = 0.495 vs delta_time = 0.41067595230208503 (length 41.5 ns) False False
2025-04-08 15:52:19,093 - [MainProcess:146256] mummi_ras.online.simulation:has_computed_enough:352 - INFO - runtime_hours*0.99 = 0.495 vs delta_time = 0.41123327049944136 (length 41.5 ns) False False
2025-04-08 15:52:21,100 - [MainProcess:146256] mummi_ras.online.simulation:has_computed_enough:352 - INFO - runtime_hours*0.99 = 0.495 vs delta_time = 0.4117905798885557 (length 41.5 ns) False False
2025-04-08 15:52:23,106 - [MainProcess:146256] mummi_ras.online.simulation:has_computed_enough:352 - INFO - runtime_hours*0.99 = 0.495 vs delta_time = 0.412347885105345 (length 41.5 ns) False False
2025-04-08 15:52:25,112 - [MainProcess:146256] mummi_ras.online.simulation:has_computed_enough:352 - INFO - runtime_hours*0.99 = 0.495 vs delta_time = 0.4129051970773273 (length 41.5 ns) False False
2025-04-08 15:52:27,119 - [MainProcess:146256] mummi_ras.online.simulation:has_computed_enough:352 - INFO - runtime_hours*0.99 = 0.495 vs delta_time = 0.4134625352753533 (length 41.5 ns) False False
2025-04-08 15:52:27,228 - [MainProcess:146256] mummi_ras.online.simulation:get_new_frames:399 - INFO - Getting all frame numbers in trajectory from 84 to 84.
2025-04-08 15:52:27,228 - [MainProcess:146256] mummi_ras.online.cg.cganalysis:run_main_analysis:193 - INFO - Process frame 84
2025-04-08 15:52:27,228 - [MainProcess:146256] mummi_ras.online.cg.cganalysis:processFrame:554 - INFO - Load 85 frames: current frame ID /tmp/mummi/cg/structure_iter00_000000000002-20250408_152719/traj_comp.xtc
2025-04-08 15:52:27,239 - [MainProcess:146256] mummi_ras.online.cg.cganalysis:processFrame:580 - INFO - Frame:    84, Time: 42000.000 ps, Bbox = [0, 180.4802, 0, 180.4802]
2025-04-08 15:52:27,240 - [MainProcess:146256] mummi_ras.online.cg.cganalysis:processFrame:584 - INFO - Lengths of layers: 672 23 489
2025-04-08 15:52:27,343 - [MainProcess:146256] mummi_ras.online.cg.cganalysis:processFrame:765 - INFO - Time for analysis - frameNum 84, time 0.11445236206054688 s
2025-04-08 15:52:29,343 - [MainProcess:146256] mummi_ras.online.simulation:has_computed_enough:352 - INFO - runtime_hours*0.99 = 0.495 vs delta_time = 0.41408046464125314 (length 42.0 ns) False False
2025-04-08 15:52:31,350 - [MainProcess:146256] mummi_ras.online.simulation:has_computed_enough:352 - INFO - runtime_hours*0.99 = 0.495 vs delta_time = 0.4146378123760223 (length 42.0 ns) False False
2025-04-08 15:52:33,356 - [MainProcess:146256] mummi_ras.online.simulation:has_computed_enough:352 - INFO - runtime_hours*0.99 = 0.495 vs delta_time = 0.41519511461257935 (length 42.0 ns) False False
2025-04-08 15:52:35,362 - [MainProcess:146256] mummi_ras.online.simulation:has_computed_enough:352 - INFO - runtime_hours*0.99 = 0.495 vs delta_time = 0.41575242592228784 (length 42.0 ns) False False
2025-04-08 15:52:37,369 - [MainProcess:146256] mummi_ras.online.simulation:has_computed_enough:352 - INFO - runtime_hours*0.99 = 0.495 vs delta_time = 0.4163097349802653 (length 42.0 ns) False False
2025-04-08 15:52:39,375 - [MainProcess:146256] mummi_ras.online.simulation:has_computed_enough:352 - INFO - runtime_hours*0.99 = 0.495 vs delta_time = 0.4168670599328147 (length 42.0 ns) False False
2025-04-08 15:52:41,381 - [MainProcess:146256] mummi_ras.online.simulation:has_computed_enough:352 - INFO - runtime_hours*0.99 = 0.495 vs delta_time = 0.4174243348174625 (length 42.0 ns) False False
2025-04-08 15:52:43,388 - [MainProcess:146256] mummi_ras.online.simulation:has_computed_enough:352 - INFO - runtime_hours*0.99 = 0.495 vs delta_time = 0.41798164553112455 (length 42.0 ns) False False
2025-04-08 15:52:45,394 - [MainProcess:146256] mummi_ras.online.simulation:has_computed_enough:352 - INFO - runtime_hours*0.99 = 0.495 vs delta_time = 0.41853894737031727 (length 42.0 ns) False False
2025-04-08 15:52:45,447 - [MainProcess:146256] mummi_ras.online.simulation:get_new_frames:399 - INFO - Getting all frame numbers in trajectory from 85 to 85.
2025-04-08 15:52:45,447 - [MainProcess:146256] mummi_ras.online.cg.cganalysis:run_main_analysis:193 - INFO - Process frame 85
2025-04-08 15:52:45,447 - [MainProcess:146256] mummi_ras.online.cg.cganalysis:processFrame:554 - INFO - Load 86 frames: current frame ID /tmp/mummi/cg/structure_iter00_000000000002-20250408_152719/traj_comp.xtc
2025-04-08 15:52:45,459 - [MainProcess:146256] mummi_ras.online.cg.cganalysis:processFrame:580 - INFO - Frame:    85, Time: 42500.000 ps, Bbox = [0, 179.76418, 0, 179.76418]
2025-04-08 15:52:45,459 - [MainProcess:146256] mummi_ras.online.cg.cganalysis:processFrame:584 - INFO - Lengths of layers: 673 24 487
2025-04-08 15:52:45,562 - [MainProcess:146256] mummi_ras.online.cg.cganalysis:processFrame:765 - INFO - Time for analysis - frameNum 85, time 0.11473274230957031 s
2025-04-08 15:52:47,563 - [MainProcess:146256] mummi_ras.online.simulation:has_computed_enough:352 - INFO - runtime_hours*0.99 = 0.495 vs delta_time = 0.41914137515756816 (length 42.5 ns) False False
2025-04-08 15:52:49,569 - [MainProcess:146256] mummi_ras.online.simulation:has_computed_enough:352 - INFO - runtime_hours*0.99 = 0.495 vs delta_time = 0.4196987646818161 (length 42.5 ns) False False
2025-04-08 15:52:51,576 - [MainProcess:146256] mummi_ras.online.simulation:has_computed_enough:352 - INFO - runtime_hours*0.99 = 0.495 vs delta_time = 0.42025610552893744 (length 42.5 ns) False False
2025-04-08 15:52:53,582 - [MainProcess:146256] mummi_ras.online.simulation:has_computed_enough:352 - INFO - runtime_hours*0.99 = 0.495 vs delta_time = 0.42081344505151114 (length 42.5 ns) False False
2025-04-08 15:52:55,588 - [MainProcess:146256] mummi_ras.online.simulation:has_computed_enough:352 - INFO - runtime_hours*0.99 = 0.495 vs delta_time = 0.42137076914310456 (length 42.5 ns) False False
2025-04-08 15:52:57,595 - [MainProcess:146256] mummi_ras.online.simulation:has_computed_enough:352 - INFO - runtime_hours*0.99 = 0.495 vs delta_time = 0.42192807495594026 (length 42.5 ns) False False
2025-04-08 15:52:59,601 - [MainProcess:146256] mummi_ras.online.simulation:has_computed_enough:352 - INFO - runtime_hours*0.99 = 0.495 vs delta_time = 0.42248540818691255 (length 42.5 ns) False False
2025-04-08 15:53:01,607 - [MainProcess:146256] mummi_ras.online.simulation:has_computed_enough:352 - INFO - runtime_hours*0.99 = 0.495 vs delta_time = 0.42304271505938634 (length 42.5 ns) False False
2025-04-08 15:53:03,614 - [MainProcess:146256] mummi_ras.online.simulation:has_computed_enough:352 - INFO - runtime_hours*0.99 = 0.495 vs delta_time = 0.4236000426610311 (length 42.5 ns) False False
2025-04-08 15:53:03,667 - [MainProcess:146256] mummi_ras.online.simulation:get_new_frames:399 - INFO - Getting all frame numbers in trajectory from 86 to 86.
2025-04-08 15:53:03,667 - [MainProcess:146256] mummi_ras.online.cg.cganalysis:run_main_analysis:193 - INFO - Process frame 86
2025-04-08 15:53:03,667 - [MainProcess:146256] mummi_ras.online.cg.cganalysis:processFrame:554 - INFO - Load 87 frames: current frame ID /tmp/mummi/cg/structure_iter00_000000000002-20250408_152719/traj_comp.xtc
2025-04-08 15:53:03,678 - [MainProcess:146256] mummi_ras.online.cg.cganalysis:processFrame:580 - INFO - Frame:    86, Time: 43000.000 ps, Bbox = [0, 179.54353, 0, 179.54353]
2025-04-08 15:53:03,678 - [MainProcess:146256] mummi_ras.online.cg.cganalysis:processFrame:584 - INFO - Lengths of layers: 673 28 483
2025-04-08 15:53:03,782 - [MainProcess:146256] mummi_ras.online.cg.cganalysis:processFrame:765 - INFO - Time for analysis - frameNum 86, time 0.11477446556091309 s
2025-04-08 15:53:05,782 - [MainProcess:146256] mummi_ras.online.simulation:has_computed_enough:352 - INFO - runtime_hours*0.99 = 0.495 vs delta_time = 0.42420242653952706 (length 43.0 ns) False False
2025-04-08 15:53:07,789 - [MainProcess:146256] mummi_ras.online.simulation:has_computed_enough:352 - INFO - runtime_hours*0.99 = 0.495 vs delta_time = 0.4247598061958949 (length 43.0 ns) False False
2025-04-08 15:53:09,795 - [MainProcess:146256] mummi_ras.online.simulation:has_computed_enough:352 - INFO - runtime_hours*0.99 = 0.495 vs delta_time = 0.4253170996904373 (length 43.0 ns) False False
2025-04-08 15:53:11,802 - [MainProcess:146256] mummi_ras.online.simulation:has_computed_enough:352 - INFO - runtime_hours*0.99 = 0.495 vs delta_time = 0.4258744390805562 (length 43.0 ns) False False
2025-04-08 15:53:13,808 - [MainProcess:146256] mummi_ras.online.simulation:has_computed_enough:352 - INFO - runtime_hours*0.99 = 0.495 vs delta_time = 0.4264317513174481 (length 43.0 ns) False False
2025-04-08 15:53:15,814 - [MainProcess:146256] mummi_ras.online.simulation:has_computed_enough:352 - INFO - runtime_hours*0.99 = 0.495 vs delta_time = 0.4269890672630734 (length 43.0 ns) False False
2025-04-08 15:53:17,821 - [MainProcess:146256] mummi_ras.online.simulation:has_computed_enough:352 - INFO - runtime_hours*0.99 = 0.495 vs delta_time = 0.4275463865200679 (length 43.0 ns) False False
2025-04-08 15:53:19,827 - [MainProcess:146256] mummi_ras.online.simulation:has_computed_enough:352 - INFO - runtime_hours*0.99 = 0.495 vs delta_time = 0.4281036897500356 (length 43.0 ns) False False
2025-04-08 15:53:19,997 - [MainProcess:146256] mummi_ras.online.simulation:get_new_frames:399 - INFO - Getting all frame numbers in trajectory from 87 to 87.
2025-04-08 15:53:19,998 - [MainProcess:146256] mummi_ras.online.cg.cganalysis:run_main_analysis:193 - INFO - Process frame 87
2025-04-08 15:53:19,998 - [MainProcess:146256] mummi_ras.online.cg.cganalysis:processFrame:554 - INFO - Load 88 frames: current frame ID /tmp/mummi/cg/structure_iter00_000000000002-20250408_152719/traj_comp.xtc
2025-04-08 15:53:20,009 - [MainProcess:146256] mummi_ras.online.cg.cganalysis:processFrame:580 - INFO - Frame:    87, Time: 43500.000 ps, Bbox = [0, 180.48642, 0, 180.48642]
2025-04-08 15:53:20,009 - [MainProcess:146256] mummi_ras.online.cg.cganalysis:processFrame:584 - INFO - Lengths of layers: 673 26 485
2025-04-08 15:53:20,112 - [MainProcess:146256] mummi_ras.online.cg.cganalysis:processFrame:765 - INFO - Time for analysis - frameNum 87, time 0.11443400382995605 s
2025-04-08 15:53:22,113 - [MainProcess:146256] mummi_ras.online.simulation:has_computed_enough:352 - INFO - runtime_hours*0.99 = 0.495 vs delta_time = 0.42873867087894013 (length 43.5 ns) False False
2025-04-08 15:53:24,119 - [MainProcess:146256] mummi_ras.online.simulation:has_computed_enough:352 - INFO - runtime_hours*0.99 = 0.495 vs delta_time = 0.429296025302675 (length 43.5 ns) False False
2025-04-08 15:53:26,126 - [MainProcess:146256] mummi_ras.online.simulation:has_computed_enough:352 - INFO - runtime_hours*0.99 = 0.495 vs delta_time = 0.42985335601700675 (length 43.5 ns) False False
2025-04-08 15:53:28,132 - [MainProcess:146256] mummi_ras.online.simulation:has_computed_enough:352 - INFO - runtime_hours*0.99 = 0.495 vs delta_time = 0.43041065990924837 (length 43.5 ns) False False
2025-04-08 15:53:30,138 - [MainProcess:146256] mummi_ras.online.simulation:has_computed_enough:352 - INFO - runtime_hours*0.99 = 0.495 vs delta_time = 0.430967967443996 (length 43.5 ns) False False
2025-04-08 15:53:32,145 - [MainProcess:146256] mummi_ras.online.simulation:has_computed_enough:352 - INFO - runtime_hours*0.99 = 0.495 vs delta_time = 0.43152528676721785 (length 43.5 ns) False False
2025-04-08 15:53:34,151 - [MainProcess:146256] mummi_ras.online.simulation:has_computed_enough:352 - INFO - runtime_hours*0.99 = 0.495 vs delta_time = 0.43208261966705325 (length 43.5 ns) False False
2025-04-08 15:53:36,157 - [MainProcess:146256] mummi_ras.online.simulation:has_computed_enough:352 - INFO - runtime_hours*0.99 = 0.495 vs delta_time = 0.43263991435368854 (length 43.5 ns) False False
2025-04-08 15:53:38,164 - [MainProcess:146256] mummi_ras.online.simulation:has_computed_enough:352 - INFO - runtime_hours*0.99 = 0.495 vs delta_time = 0.4331972555319468 (length 43.5 ns) False False
2025-04-08 15:53:38,267 - [MainProcess:146256] mummi_ras.online.simulation:get_new_frames:399 - INFO - Getting all frame numbers in trajectory from 88 to 88.
2025-04-08 15:53:38,267 - [MainProcess:146256] mummi_ras.online.cg.cganalysis:run_main_analysis:193 - INFO - Process frame 88
2025-04-08 15:53:38,267 - [MainProcess:146256] mummi_ras.online.cg.cganalysis:processFrame:554 - INFO - Load 89 frames: current frame ID /tmp/mummi/cg/structure_iter00_000000000002-20250408_152719/traj_comp.xtc
2025-04-08 15:53:38,279 - [MainProcess:146256] mummi_ras.online.cg.cganalysis:processFrame:580 - INFO - Frame:    88, Time: 44000.000 ps, Bbox = [0, 179.98482, 0, 179.98482]
2025-04-08 15:53:38,279 - [MainProcess:146256] mummi_ras.online.cg.cganalysis:processFrame:584 - INFO - Lengths of layers: 674 26 484
2025-04-08 15:53:38,382 - [MainProcess:146256] mummi_ras.online.cg.cganalysis:processFrame:765 - INFO - Time for analysis - frameNum 88, time 0.11475253105163574 s
2025-04-08 15:53:40,383 - [MainProcess:146256] mummi_ras.online.simulation:has_computed_enough:352 - INFO - runtime_hours*0.99 = 0.495 vs delta_time = 0.4338136820660697 (length 44.0 ns) False False
2025-04-08 15:53:42,389 - [MainProcess:146256] mummi_ras.online.simulation:has_computed_enough:352 - INFO - runtime_hours*0.99 = 0.495 vs delta_time = 0.43437105615933735 (length 44.0 ns) False False
2025-04-08 15:53:44,396 - [MainProcess:146256] mummi_ras.online.simulation:has_computed_enough:352 - INFO - runtime_hours*0.99 = 0.495 vs delta_time = 0.4349283625019921 (length 44.0 ns) False False
2025-04-08 15:53:46,402 - [MainProcess:146256] mummi_ras.online.simulation:has_computed_enough:352 - INFO - runtime_hours*0.99 = 0.495 vs delta_time = 0.4354856610298157 (length 44.0 ns) False False
2025-04-08 15:53:48,408 - [MainProcess:146256] mummi_ras.online.simulation:has_computed_enough:352 - INFO - runtime_hours*0.99 = 0.495 vs delta_time = 0.4360429586304559 (length 44.0 ns) False False
2025-04-08 15:53:50,415 - [MainProcess:146256] mummi_ras.online.simulation:has_computed_enough:352 - INFO - runtime_hours*0.99 = 0.495 vs delta_time = 0.4366002662976583 (length 44.0 ns) False False
2025-04-08 15:53:52,421 - [MainProcess:146256] mummi_ras.online.simulation:has_computed_enough:352 - INFO - runtime_hours*0.99 = 0.495 vs delta_time = 0.43715757952796086 (length 44.0 ns) False False
2025-04-08 15:53:54,427 - [MainProcess:146256] mummi_ras.online.simulation:has_computed_enough:352 - INFO - runtime_hours*0.99 = 0.495 vs delta_time = 0.43771488904953004 (length 44.0 ns) False False
2025-04-08 15:53:56,434 - [MainProcess:146256] mummi_ras.online.simulation:has_computed_enough:352 - INFO - runtime_hours*0.99 = 0.495 vs delta_time = 0.4382721991671456 (length 44.0 ns) False False
2025-04-08 15:53:56,486 - [MainProcess:146256] mummi_ras.online.simulation:get_new_frames:399 - INFO - Getting all frame numbers in trajectory from 89 to 89.
2025-04-08 15:53:56,487 - [MainProcess:146256] mummi_ras.online.cg.cganalysis:run_main_analysis:193 - INFO - Process frame 89
2025-04-08 15:53:56,487 - [MainProcess:146256] mummi_ras.online.cg.cganalysis:processFrame:554 - INFO - Load 90 frames: current frame ID /tmp/mummi/cg/structure_iter00_000000000002-20250408_152719/traj_comp.xtc
2025-04-08 15:53:56,498 - [MainProcess:146256] mummi_ras.online.cg.cganalysis:processFrame:580 - INFO - Frame:    89, Time: 44500.000 ps, Bbox = [0, 180.96397, 0, 180.96397]
2025-04-08 15:53:56,498 - [MainProcess:146256] mummi_ras.online.cg.cganalysis:processFrame:584 - INFO - Lengths of layers: 673 23 488
2025-04-08 15:53:56,602 - [MainProcess:146256] mummi_ras.online.cg.cganalysis:processFrame:765 - INFO - Time for analysis - frameNum 89, time 0.11513471603393555 s
2025-04-08 15:53:58,603 - [MainProcess:146256] mummi_ras.online.simulation:has_computed_enough:352 - INFO - runtime_hours*0.99 = 0.495 vs delta_time = 0.4388746938440535 (length 44.5 ns) False False
2025-04-08 15:53:58,609 - [MainProcess:146256] mummi_ras.online.cg.cganalysis:processOutput:92 - INFO - Add feedback for frameNum 80 - state []
2025-04-08 15:53:58,609 - [MainProcess:146256] mummi_ras.online.cg.cganalysis:processOutput:92 - INFO - Add feedback for frameNum 81 - state []
2025-04-08 15:53:58,609 - [MainProcess:146256] mummi_ras.online.cg.cganalysis:processOutput:92 - INFO - Add feedback for frameNum 82 - state []
2025-04-08 15:53:58,609 - [MainProcess:146256] mummi_ras.online.cg.cganalysis:processOutput:92 - INFO - Add feedback for frameNum 83 - state []
2025-04-08 15:53:58,610 - [MainProcess:146256] mummi_ras.online.cg.cganalysis:processOutput:92 - INFO - Add feedback for frameNum 84 - state []
2025-04-08 15:53:58,610 - [MainProcess:146256] mummi_ras.online.cg.cganalysis:processOutput:92 - INFO - Add feedback for frameNum 85 - state []
2025-04-08 15:53:58,610 - [MainProcess:146256] mummi_ras.online.cg.cganalysis:processOutput:92 - INFO - Add feedback for frameNum 86 - state []
2025-04-08 15:53:58,610 - [MainProcess:146256] mummi_ras.online.cg.cganalysis:processOutput:92 - INFO - Add feedback for frameNum 87 - state []
2025-04-08 15:53:58,610 - [MainProcess:146256] mummi_ras.online.cg.cganalysis:processOutput:92 - INFO - Add feedback for frameNum 88 - state []
2025-04-08 15:53:58,610 - [MainProcess:146256] mummi_ras.online.cg.cganalysis:processOutput:92 - INFO - Add feedback for frameNum 89 - state []
2025-04-08 15:53:58,625 - [MainProcess:146256] mummi_core.interfaces.simple:_save_files:91 - INFO - Wrote 10 files to (/p/gpfs1/pottier1/minimummi-sc25/roots/root1/feedback-cg2ml/002)
2025-04-08 15:53:58,625 - [MainProcess:146256] mummi_ras.feedback.feedback_manager_cg2ml:report:118 - INFO - Added 10 frames (from structure_iter00_000000000002) to feedback (/p/gpfs1/pottier1/minimummi-sc25/roots/root1/feedback-cg2ml)
2025-04-08 15:53:58,626 - [MainProcess:146256] mummi_ras.online.cg.cganalysis:processOutput:112 - INFO - processOutput: 89
2025-04-08 15:53:58,626 - [MainProcess:146256] mummi_ras.online.cg.cganalysis:copyRemoteRestart:452 - INFO - Copy to remote frames [80, 81, 82, 83, 84, 85, 86, 87, 88, 89]
sending incremental file list
ener.edr
md.log
mdrun.log
traj_comp.xtc

sent 19,654,008 bytes  received 92 bytes  39,308,200.00 bytes/sec
total size is 22,677,479  speedup is 1.15
2025-04-08 15:53:58,827 - [MainProcess:146256] mummi_core.utils.utilities:sys_call:184 - INFO - Run command: rsync -va --no-g traj_comp.xtc topol.tpr state.cpt ener.edr md.log mdrun.log /p/gpfs1/pottier1/minimummi-sc25/roots/root1/sims-cg/structure_iter00_000000000002 || true
2025-04-08 15:53:59,283 - [MainProcess:146256] mummi_ras.interfaces.mummi:save_analysis_data:253 - INFO - Saved all analysis data for frames [80, 81, 82, 83, 84, 85, 86, 87, 88, 89]
2025-04-08 15:53:59,283 - [MainProcess:146256] mummi_ras.online.cg.cganalysis:copyRemoteLogs:350 - INFO - Copy over log files
2025-04-08 15:53:59,326 - [MainProcess:146256] mummi_core.utils.utilities:sys_call:184 - INFO - Run command: cp -r  /tmp/mummi/cg/structure_iter00_000000000002-20250408_152719/cg_analysis.out /tmp/mummi/cg/structure_iter00_000000000002-20250408_152719/traj_comp.xtc /tmp/mummi/cg/structure_iter00_000000000002-20250408_152719/*.log /p/gpfs1/pottier1/minimummi-sc25/roots/root1/sims-cg/structure_iter00_000000000002/ || true
2025-04-08 15:53:59,327 - [MainProcess:146256] mummi_ras.online.cg.cganalysis:copyRemoteLogs:365 - INFO - copyRemoteLogs =  /tmp/mummi/cg/structure_iter00_000000000002-20250408_152719/cg_analysis.out /tmp/mummi/cg/structure_iter00_000000000002-20250408_152719/traj_comp.xtc /tmp/mummi/cg/structure_iter00_000000000002-20250408_152719/*.log
2025-04-08 15:53:59,327 - [MainProcess:146256] mummi_ras.online.cg.cganalysis:cleanupLocal:375 - WARNING - Copy cleanup local only works for ddcMD files
2025-04-08 15:54:01,327 - [MainProcess:146256] mummi_ras.online.simulation:has_computed_enough:352 - INFO - runtime_hours*0.99 = 0.495 vs delta_time = 0.43963146368662515 (length 44.5 ns) False False
2025-04-08 15:54:03,333 - [MainProcess:146256] mummi_ras.online.simulation:has_computed_enough:352 - INFO - runtime_hours*0.99 = 0.495 vs delta_time = 0.4401887877119912 (length 44.5 ns) False False
2025-04-08 15:54:05,340 - [MainProcess:146256] mummi_ras.online.simulation:has_computed_enough:352 - INFO - runtime_hours*0.99 = 0.495 vs delta_time = 0.4407460616694556 (length 44.5 ns) False False
2025-04-08 15:54:07,346 - [MainProcess:146256] mummi_ras.online.simulation:has_computed_enough:352 - INFO - runtime_hours*0.99 = 0.495 vs delta_time = 0.44130338231722516 (length 44.5 ns) False False
2025-04-08 15:54:09,352 - [MainProcess:146256] mummi_ras.online.simulation:has_computed_enough:352 - INFO - runtime_hours*0.99 = 0.495 vs delta_time = 0.4418606458769904 (length 44.5 ns) False False
2025-04-08 15:54:11,358 - [MainProcess:146256] mummi_ras.online.simulation:has_computed_enough:352 - INFO - runtime_hours*0.99 = 0.495 vs delta_time = 0.44241798341274263 (length 44.5 ns) False False
2025-04-08 15:54:13,365 - [MainProcess:146256] mummi_ras.online.simulation:has_computed_enough:352 - INFO - runtime_hours*0.99 = 0.495 vs delta_time = 0.44297528353002336 (length 44.5 ns) False False
2025-04-08 15:54:13,417 - [MainProcess:146256] mummi_ras.online.simulation:get_new_frames:399 - INFO - Getting all frame numbers in trajectory from 90 to 90.
2025-04-08 15:54:13,418 - [MainProcess:146256] mummi_ras.online.cg.cganalysis:run_main_analysis:193 - INFO - Process frame 90
2025-04-08 15:54:13,418 - [MainProcess:146256] mummi_ras.online.cg.cganalysis:processFrame:554 - INFO - Load 91 frames: current frame ID /tmp/mummi/cg/structure_iter00_000000000002-20250408_152719/traj_comp.xtc
2025-04-08 15:54:13,429 - [MainProcess:146256] mummi_ras.online.cg.cganalysis:processFrame:580 - INFO - Frame:    90, Time: 45000.000 ps, Bbox = [0, 180.15883, 0, 180.15883]
2025-04-08 15:54:13,429 - [MainProcess:146256] mummi_ras.online.cg.cganalysis:processFrame:584 - INFO - Lengths of layers: 673 21 490
2025-04-08 15:54:13,533 - [MainProcess:146256] mummi_ras.online.cg.cganalysis:processFrame:765 - INFO - Time for analysis - frameNum 90, time 0.1148841381072998 s
2025-04-08 15:54:15,533 - [MainProcess:146256] mummi_ras.online.simulation:has_computed_enough:352 - INFO - runtime_hours*0.99 = 0.495 vs delta_time = 0.44357767701148987 (length 45.0 ns) False False
2025-04-08 15:54:17,540 - [MainProcess:146256] mummi_ras.online.simulation:has_computed_enough:352 - INFO - runtime_hours*0.99 = 0.495 vs delta_time = 0.44413506514496276 (length 45.0 ns) False False
2025-04-08 15:54:19,546 - [MainProcess:146256] mummi_ras.online.simulation:has_computed_enough:352 - INFO - runtime_hours*0.99 = 0.495 vs delta_time = 0.44469239042864905 (length 45.0 ns) False False
2025-04-08 15:54:21,553 - [MainProcess:146256] mummi_ras.online.simulation:has_computed_enough:352 - INFO - runtime_hours*0.99 = 0.495 vs delta_time = 0.4452497148513794 (length 45.0 ns) False False
2025-04-08 15:54:23,559 - [MainProcess:146256] mummi_ras.online.simulation:has_computed_enough:352 - INFO - runtime_hours*0.99 = 0.495 vs delta_time = 0.44580702470408545 (length 45.0 ns) False False
2025-04-08 15:54:25,565 - [MainProcess:146256] mummi_ras.online.simulation:has_computed_enough:352 - INFO - runtime_hours*0.99 = 0.495 vs delta_time = 0.44636430084705353 (length 45.0 ns) False False
2025-04-08 15:54:27,571 - [MainProcess:146256] mummi_ras.online.simulation:has_computed_enough:352 - INFO - runtime_hours*0.99 = 0.495 vs delta_time = 0.44692161666022406 (length 45.0 ns) False False
2025-04-08 15:54:29,578 - [MainProcess:146256] mummi_ras.online.simulation:has_computed_enough:352 - INFO - runtime_hours*0.99 = 0.495 vs delta_time = 0.4474789508846071 (length 45.0 ns) False False
2025-04-08 15:54:31,584 - [MainProcess:146256] mummi_ras.online.simulation:has_computed_enough:352 - INFO - runtime_hours*0.99 = 0.495 vs delta_time = 0.4480362941159142 (length 45.0 ns) False False
2025-04-08 15:54:32,658 - [MainProcess:146256] mummi_ras.online.simulation:get_new_frames:399 - INFO - Getting all frame numbers in trajectory from 91 to 91.
2025-04-08 15:54:32,658 - [MainProcess:146256] mummi_ras.online.cg.cganalysis:run_main_analysis:193 - INFO - Process frame 91
2025-04-08 15:54:32,658 - [MainProcess:146256] mummi_ras.online.cg.cganalysis:processFrame:554 - INFO - Load 92 frames: current frame ID /tmp/mummi/cg/structure_iter00_000000000002-20250408_152719/traj_comp.xtc
2025-04-08 15:54:32,670 - [MainProcess:146256] mummi_ras.online.cg.cganalysis:processFrame:580 - INFO - Frame:    91, Time: 45500.000 ps, Bbox = [0, 179.56133, 0, 179.56133]
2025-04-08 15:54:32,670 - [MainProcess:146256] mummi_ras.online.cg.cganalysis:processFrame:584 - INFO - Lengths of layers: 670 26 488
2025-04-08 15:54:32,773 - [MainProcess:146256] mummi_ras.online.cg.cganalysis:processFrame:765 - INFO - Time for analysis - frameNum 91, time 0.11440515518188477 s
2025-04-08 15:54:34,773 - [MainProcess:146256] mummi_ras.online.simulation:has_computed_enough:352 - INFO - runtime_hours*0.99 = 0.495 vs delta_time = 0.4489221473534902 (length 45.5 ns) False False
2025-04-08 15:54:36,780 - [MainProcess:146256] mummi_ras.online.simulation:has_computed_enough:352 - INFO - runtime_hours*0.99 = 0.495 vs delta_time = 0.44947950137986076 (length 45.5 ns) False False
2025-04-08 15:54:38,786 - [MainProcess:146256] mummi_ras.online.simulation:has_computed_enough:352 - INFO - runtime_hours*0.99 = 0.495 vs delta_time = 0.45003682169649334 (length 45.5 ns) False False
2025-04-08 15:54:40,793 - [MainProcess:146256] mummi_ras.online.simulation:has_computed_enough:352 - INFO - runtime_hours*0.99 = 0.495 vs delta_time = 0.45059413658248054 (length 45.5 ns) False False
2025-04-08 15:54:42,799 - [MainProcess:146256] mummi_ras.online.simulation:has_computed_enough:352 - INFO - runtime_hours*0.99 = 0.495 vs delta_time = 0.4511514338519838 (length 45.5 ns) False False
2025-04-08 15:54:44,805 - [MainProcess:146256] mummi_ras.online.simulation:has_computed_enough:352 - INFO - runtime_hours*0.99 = 0.495 vs delta_time = 0.45170876423517864 (length 45.5 ns) False False
2025-04-08 15:54:46,812 - [MainProcess:146256] mummi_ras.online.simulation:has_computed_enough:352 - INFO - runtime_hours*0.99 = 0.495 vs delta_time = 0.45226609859201644 (length 45.5 ns) False False
2025-04-08 15:54:48,818 - [MainProcess:146256] mummi_ras.online.simulation:has_computed_enough:352 - INFO - runtime_hours*0.99 = 0.495 vs delta_time = 0.45282339500056373 (length 45.5 ns) False False
2025-04-08 15:54:48,987 - [MainProcess:146256] mummi_ras.online.simulation:get_new_frames:399 - INFO - Getting all frame numbers in trajectory from 92 to 92.
2025-04-08 15:54:48,987 - [MainProcess:146256] mummi_ras.online.cg.cganalysis:run_main_analysis:193 - INFO - Process frame 92
2025-04-08 15:54:48,987 - [MainProcess:146256] mummi_ras.online.cg.cganalysis:processFrame:554 - INFO - Load 93 frames: current frame ID /tmp/mummi/cg/structure_iter00_000000000002-20250408_152719/traj_comp.xtc
2025-04-08 15:54:48,998 - [MainProcess:146256] mummi_ras.online.cg.cganalysis:processFrame:580 - INFO - Frame:    92, Time: 46000.000 ps, Bbox = [0, 180.67381, 0, 180.67381]
2025-04-08 15:54:48,999 - [MainProcess:146256] mummi_ras.online.cg.cganalysis:processFrame:584 - INFO - Lengths of layers: 668 32 484
2025-04-08 15:54:49,101 - [MainProcess:146256] mummi_ras.online.cg.cganalysis:processFrame:765 - INFO - Time for analysis - frameNum 92, time 0.11419081687927246 s
2025-04-08 15:54:51,102 - [MainProcess:146256] mummi_ras.online.simulation:has_computed_enough:352 - INFO - runtime_hours*0.99 = 0.495 vs delta_time = 0.45345788412623933 (length 46.0 ns) False False
2025-04-08 15:54:53,109 - [MainProcess:146256] mummi_ras.online.simulation:has_computed_enough:352 - INFO - runtime_hours*0.99 = 0.495 vs delta_time = 0.4540152652396096 (length 46.0 ns) False False
2025-04-08 15:54:55,115 - [MainProcess:146256] mummi_ras.online.simulation:has_computed_enough:352 - INFO - runtime_hours*0.99 = 0.495 vs delta_time = 0.4545725832382838 (length 46.0 ns) False False
2025-04-08 15:54:57,121 - [MainProcess:146256] mummi_ras.online.simulation:has_computed_enough:352 - INFO - runtime_hours*0.99 = 0.495 vs delta_time = 0.4551298807726966 (length 46.0 ns) False False
2025-04-08 15:54:59,128 - [MainProcess:146256] mummi_ras.online.simulation:has_computed_enough:352 - INFO - runtime_hours*0.99 = 0.495 vs delta_time = 0.45568717459837593 (length 46.0 ns) False False
2025-04-08 15:55:01,134 - [MainProcess:146256] mummi_ras.online.simulation:has_computed_enough:352 - INFO - runtime_hours*0.99 = 0.495 vs delta_time = 0.4562445060412089 (length 46.0 ns) False False
2025-04-08 15:55:03,140 - [MainProcess:146256] mummi_ras.online.simulation:has_computed_enough:352 - INFO - runtime_hours*0.99 = 0.495 vs delta_time = 0.456801839934455 (length 46.0 ns) False False
2025-04-08 15:55:05,147 - [MainProcess:146256] mummi_ras.online.simulation:has_computed_enough:352 - INFO - runtime_hours*0.99 = 0.495 vs delta_time = 0.4573591262102127 (length 46.0 ns) False False
2025-04-08 15:55:07,153 - [MainProcess:146256] mummi_ras.online.simulation:has_computed_enough:352 - INFO - runtime_hours*0.99 = 0.495 vs delta_time = 0.45791643738746646 (length 46.0 ns) False False
2025-04-08 15:55:07,207 - [MainProcess:146256] mummi_ras.online.simulation:get_new_frames:399 - INFO - Getting all frame numbers in trajectory from 93 to 93.
2025-04-08 15:55:07,208 - [MainProcess:146256] mummi_ras.online.cg.cganalysis:run_main_analysis:193 - INFO - Process frame 93
2025-04-08 15:55:07,208 - [MainProcess:146256] mummi_ras.online.cg.cganalysis:processFrame:554 - INFO - Load 94 frames: current frame ID /tmp/mummi/cg/structure_iter00_000000000002-20250408_152719/traj_comp.xtc
2025-04-08 15:55:07,219 - [MainProcess:146256] mummi_ras.online.cg.cganalysis:processFrame:580 - INFO - Frame:    93, Time: 46500.000 ps, Bbox = [0, 180.50894, 0, 180.50894]
2025-04-08 15:55:07,219 - [MainProcess:146256] mummi_ras.online.cg.cganalysis:processFrame:584 - INFO - Lengths of layers: 664 35 485
2025-04-08 15:55:07,322 - [MainProcess:146256] mummi_ras.online.cg.cganalysis:processFrame:765 - INFO - Time for analysis - frameNum 93, time 0.11406970024108887 s
2025-04-08 15:55:09,322 - [MainProcess:146256] mummi_ras.online.simulation:has_computed_enough:352 - INFO - runtime_hours*0.99 = 0.495 vs delta_time = 0.45851906889014776 (length 46.5 ns) False False
2025-04-08 15:55:11,329 - [MainProcess:146256] mummi_ras.online.simulation:has_computed_enough:352 - INFO - runtime_hours*0.99 = 0.495 vs delta_time = 0.45907647828261056 (length 46.5 ns) False False
2025-04-08 15:55:13,335 - [MainProcess:146256] mummi_ras.online.simulation:has_computed_enough:352 - INFO - runtime_hours*0.99 = 0.495 vs delta_time = 0.4596338070763482 (length 46.5 ns) False False
2025-04-08 15:55:15,342 - [MainProcess:146256] mummi_ras.online.simulation:has_computed_enough:352 - INFO - runtime_hours*0.99 = 0.495 vs delta_time = 0.46019114004241096 (length 46.5 ns) False False
2025-04-08 15:55:17,348 - [MainProcess:146256] mummi_ras.online.simulation:has_computed_enough:352 - INFO - runtime_hours*0.99 = 0.495 vs delta_time = 0.4607484543985791 (length 46.5 ns) False False
2025-04-08 15:55:19,354 - [MainProcess:146256] mummi_ras.online.simulation:has_computed_enough:352 - INFO - runtime_hours*0.99 = 0.495 vs delta_time = 0.4613057681587007 (length 46.5 ns) False False
2025-04-08 15:55:21,361 - [MainProcess:146256] mummi_ras.online.simulation:has_computed_enough:352 - INFO - runtime_hours*0.99 = 0.495 vs delta_time = 0.4618630936410692 (length 46.5 ns) False False
2025-04-08 15:55:23,367 - [MainProcess:146256] mummi_ras.online.simulation:has_computed_enough:352 - INFO - runtime_hours*0.99 = 0.495 vs delta_time = 0.4624204050170051 (length 46.5 ns) False False
2025-04-08 15:55:25,373 - [MainProcess:146256] mummi_ras.online.simulation:has_computed_enough:352 - INFO - runtime_hours*0.99 = 0.495 vs delta_time = 0.4629777065250609 (length 46.5 ns) False False
2025-04-08 15:55:25,426 - [MainProcess:146256] mummi_ras.online.simulation:get_new_frames:399 - INFO - Getting all frame numbers in trajectory from 94 to 94.
2025-04-08 15:55:25,427 - [MainProcess:146256] mummi_ras.online.cg.cganalysis:run_main_analysis:193 - INFO - Process frame 94
2025-04-08 15:55:25,427 - [MainProcess:146256] mummi_ras.online.cg.cganalysis:processFrame:554 - INFO - Load 95 frames: current frame ID /tmp/mummi/cg/structure_iter00_000000000002-20250408_152719/traj_comp.xtc
2025-04-08 15:55:25,438 - [MainProcess:146256] mummi_ras.online.cg.cganalysis:processFrame:580 - INFO - Frame:    94, Time: 47000.000 ps, Bbox = [0, 179.56358, 0, 179.56358]
2025-04-08 15:55:25,438 - [MainProcess:146256] mummi_ras.online.cg.cganalysis:processFrame:584 - INFO - Lengths of layers: 671 20 493
2025-04-08 15:55:25,542 - [MainProcess:146256] mummi_ras.online.cg.cganalysis:processFrame:765 - INFO - Time for analysis - frameNum 94, time 0.11489653587341309 s
2025-04-08 15:55:27,542 - [MainProcess:146256] mummi_ras.online.simulation:has_computed_enough:352 - INFO - runtime_hours*0.99 = 0.495 vs delta_time = 0.46358017206192015 (length 47.0 ns) False False
2025-04-08 15:55:29,549 - [MainProcess:146256] mummi_ras.online.simulation:has_computed_enough:352 - INFO - runtime_hours*0.99 = 0.495 vs delta_time = 0.46413750926653546 (length 47.0 ns) False False
2025-04-08 15:55:31,555 - [MainProcess:146256] mummi_ras.online.simulation:has_computed_enough:352 - INFO - runtime_hours*0.99 = 0.495 vs delta_time = 0.4646948018338945 (length 47.0 ns) False False
2025-04-08 15:55:33,561 - [MainProcess:146256] mummi_ras.online.simulation:has_computed_enough:352 - INFO - runtime_hours*0.99 = 0.495 vs delta_time = 0.46525209413634405 (length 47.0 ns) False False
2025-04-08 15:55:35,568 - [MainProcess:146256] mummi_ras.online.simulation:has_computed_enough:352 - INFO - runtime_hours*0.99 = 0.495 vs delta_time = 0.4658094061083264 (length 47.0 ns) False False
2025-04-08 15:55:37,574 - [MainProcess:146256] mummi_ras.online.simulation:has_computed_enough:352 - INFO - runtime_hours*0.99 = 0.495 vs delta_time = 0.46636672013335756 (length 47.0 ns) False False
2025-04-08 15:55:39,580 - [MainProcess:146256] mummi_ras.online.simulation:has_computed_enough:352 - INFO - runtime_hours*0.99 = 0.495 vs delta_time = 0.46692403780089486 (length 47.0 ns) False False
2025-04-08 15:55:41,587 - [MainProcess:146256] mummi_ras.online.simulation:has_computed_enough:352 - INFO - runtime_hours*0.99 = 0.495 vs delta_time = 0.46748136123021444 (length 47.0 ns) False False
2025-04-08 15:55:41,754 - [MainProcess:146256] mummi_ras.online.simulation:get_new_frames:399 - INFO - Getting all frame numbers in trajectory from 95 to 95.
2025-04-08 15:55:41,754 - [MainProcess:146256] mummi_ras.online.cg.cganalysis:run_main_analysis:193 - INFO - Process frame 95
2025-04-08 15:55:41,754 - [MainProcess:146256] mummi_ras.online.cg.cganalysis:processFrame:554 - INFO - Load 96 frames: current frame ID /tmp/mummi/cg/structure_iter00_000000000002-20250408_152719/traj_comp.xtc
2025-04-08 15:55:41,766 - [MainProcess:146256] mummi_ras.online.cg.cganalysis:processFrame:580 - INFO - Frame:    95, Time: 47500.000 ps, Bbox = [0, 180.18884, 0, 180.18884]
2025-04-08 15:55:41,766 - [MainProcess:146256] mummi_ras.online.cg.cganalysis:processFrame:584 - INFO - Lengths of layers: 669 23 492
2025-04-08 15:55:41,869 - [MainProcess:146256] mummi_ras.online.cg.cganalysis:processFrame:765 - INFO - Time for analysis - frameNum 95, time 0.1147000789642334 s
2025-04-08 15:55:43,870 - [MainProcess:146256] mummi_ras.online.simulation:has_computed_enough:352 - INFO - runtime_hours*0.99 = 0.495 vs delta_time = 0.46811555875672234 (length 47.5 ns) False False
2025-04-08 15:55:45,876 - [MainProcess:146256] mummi_ras.online.simulation:has_computed_enough:352 - INFO - runtime_hours*0.99 = 0.495 vs delta_time = 0.4686729015244378 (length 47.5 ns) False False
2025-04-08 15:55:47,882 - [MainProcess:146256] mummi_ras.online.simulation:has_computed_enough:352 - INFO - runtime_hours*0.99 = 0.495 vs delta_time = 0.46923021203941767 (length 47.5 ns) False False
2025-04-08 15:55:49,889 - [MainProcess:146256] mummi_ras.online.simulation:has_computed_enough:352 - INFO - runtime_hours*0.99 = 0.495 vs delta_time = 0.46978754891289604 (length 47.5 ns) False False
2025-04-08 15:55:51,895 - [MainProcess:146256] mummi_ras.online.simulation:has_computed_enough:352 - INFO - runtime_hours*0.99 = 0.495 vs delta_time = 0.470344881746504 (length 47.5 ns) False False
2025-04-08 15:55:53,902 - [MainProcess:146256] mummi_ras.online.simulation:has_computed_enough:352 - INFO - runtime_hours*0.99 = 0.495 vs delta_time = 0.4709022000763151 (length 47.5 ns) False False
2025-04-08 15:55:55,908 - [MainProcess:146256] mummi_ras.online.simulation:has_computed_enough:352 - INFO - runtime_hours*0.99 = 0.495 vs delta_time = 0.47145949714713625 (length 47.5 ns) False False
2025-04-08 15:55:57,914 - [MainProcess:146256] mummi_ras.online.simulation:has_computed_enough:352 - INFO - runtime_hours*0.99 = 0.495 vs delta_time = 0.4720167997810576 (length 47.5 ns) False False
2025-04-08 15:55:59,921 - [MainProcess:146256] mummi_ras.online.simulation:has_computed_enough:352 - INFO - runtime_hours*0.99 = 0.495 vs delta_time = 0.47257413016425237 (length 47.5 ns) False False
2025-04-08 15:56:00,009 - [MainProcess:146256] mummi_ras.online.simulation:get_new_frames:399 - INFO - Getting all frame numbers in trajectory from 96 to 96.
2025-04-08 15:56:00,010 - [MainProcess:146256] mummi_ras.online.cg.cganalysis:run_main_analysis:193 - INFO - Process frame 96
2025-04-08 15:56:00,010 - [MainProcess:146256] mummi_ras.online.cg.cganalysis:processFrame:554 - INFO - Load 97 frames: current frame ID /tmp/mummi/cg/structure_iter00_000000000002-20250408_152719/traj_comp.xtc
2025-04-08 15:56:00,021 - [MainProcess:146256] mummi_ras.online.cg.cganalysis:processFrame:580 - INFO - Frame:    96, Time: 48000.000 ps, Bbox = [0, 180.96008, 0, 180.96008]
2025-04-08 15:56:00,021 - [MainProcess:146256] mummi_ras.online.cg.cganalysis:processFrame:584 - INFO - Lengths of layers: 669 28 487
2025-04-08 15:56:00,124 - [MainProcess:146256] mummi_ras.online.cg.cganalysis:processFrame:765 - INFO - Time for analysis - frameNum 96, time 0.11432433128356934 s
2025-04-08 15:56:02,125 - [MainProcess:146256] mummi_ras.online.simulation:has_computed_enough:352 - INFO - runtime_hours*0.99 = 0.495 vs delta_time = 0.473186425169309 (length 48.0 ns) False False
2025-04-08 15:56:04,131 - [MainProcess:146256] mummi_ras.online.simulation:has_computed_enough:352 - INFO - runtime_hours*0.99 = 0.495 vs delta_time = 0.4737438221110238 (length 48.0 ns) False False
2025-04-08 15:56:06,138 - [MainProcess:146256] mummi_ras.online.simulation:has_computed_enough:352 - INFO - runtime_hours*0.99 = 0.495 vs delta_time = 0.47430113838778604 (length 48.0 ns) False False
2025-04-08 15:56:08,144 - [MainProcess:146256] mummi_ras.online.simulation:has_computed_enough:352 - INFO - runtime_hours*0.99 = 0.495 vs delta_time = 0.4748584446642134 (length 48.0 ns) False False
2025-04-08 15:56:10,150 - [MainProcess:146256] mummi_ras.online.simulation:has_computed_enough:352 - INFO - runtime_hours*0.99 = 0.495 vs delta_time = 0.4754157711399926 (length 48.0 ns) False False
2025-04-08 15:56:12,157 - [MainProcess:146256] mummi_ras.online.simulation:has_computed_enough:352 - INFO - runtime_hours*0.99 = 0.495 vs delta_time = 0.47597308529747856 (length 48.0 ns) False False
2025-04-08 15:56:14,163 - [MainProcess:146256] mummi_ras.online.simulation:has_computed_enough:352 - INFO - runtime_hours*0.99 = 0.495 vs delta_time = 0.47653040621015763 (length 48.0 ns) False False
2025-04-08 15:56:16,169 - [MainProcess:146256] mummi_ras.online.simulation:has_computed_enough:352 - INFO - runtime_hours*0.99 = 0.495 vs delta_time = 0.4770877245399687 (length 48.0 ns) False False
2025-04-08 15:56:18,176 - [MainProcess:146256] mummi_ras.online.simulation:has_computed_enough:352 - INFO - runtime_hours*0.99 = 0.495 vs delta_time = 0.47764501598146225 (length 48.0 ns) False False
2025-04-08 15:56:18,229 - [MainProcess:146256] mummi_ras.online.simulation:get_new_frames:399 - INFO - Getting all frame numbers in trajectory from 97 to 97.
2025-04-08 15:56:18,229 - [MainProcess:146256] mummi_ras.online.cg.cganalysis:run_main_analysis:193 - INFO - Process frame 97
2025-04-08 15:56:18,229 - [MainProcess:146256] mummi_ras.online.cg.cganalysis:processFrame:554 - INFO - Load 98 frames: current frame ID /tmp/mummi/cg/structure_iter00_000000000002-20250408_152719/traj_comp.xtc
2025-04-08 15:56:18,240 - [MainProcess:146256] mummi_ras.online.cg.cganalysis:processFrame:580 - INFO - Frame:    97, Time: 48500.000 ps, Bbox = [0, 181.14716, 0, 181.14716]
2025-04-08 15:56:18,240 - [MainProcess:146256] mummi_ras.online.cg.cganalysis:processFrame:584 - INFO - Lengths of layers: 665 27 492
2025-04-08 15:56:18,343 - [MainProcess:146256] mummi_ras.online.cg.cganalysis:processFrame:765 - INFO - Time for analysis - frameNum 97, time 0.11387181282043457 s
2025-04-08 15:56:20,344 - [MainProcess:146256] mummi_ras.online.simulation:has_computed_enough:352 - INFO - runtime_hours*0.99 = 0.495 vs delta_time = 0.4782471989260779 (length 48.5 ns) False False
2025-04-08 15:56:22,350 - [MainProcess:146256] mummi_ras.online.simulation:has_computed_enough:352 - INFO - runtime_hours*0.99 = 0.495 vs delta_time = 0.47880456156200835 (length 48.5 ns) False False
2025-04-08 15:56:24,357 - [MainProcess:146256] mummi_ras.online.simulation:has_computed_enough:352 - INFO - runtime_hours*0.99 = 0.495 vs delta_time = 0.4793619004223082 (length 48.5 ns) False False
2025-04-08 15:56:26,363 - [MainProcess:146256] mummi_ras.online.simulation:has_computed_enough:352 - INFO - runtime_hours*0.99 = 0.495 vs delta_time = 0.4799192084206475 (length 48.5 ns) False False
2025-04-08 15:56:28,369 - [MainProcess:146256] mummi_ras.online.simulation:has_computed_enough:352 - INFO - runtime_hours*0.99 = 0.495 vs delta_time = 0.4804765169488059 (length 48.5 ns) False False
2025-04-08 15:56:30,375 - [MainProcess:146256] mummi_ras.online.simulation:has_computed_enough:352 - INFO - runtime_hours*0.99 = 0.495 vs delta_time = 0.4810338322321574 (length 48.5 ns) False False
2025-04-08 15:56:32,382 - [MainProcess:146256] mummi_ras.online.simulation:has_computed_enough:352 - INFO - runtime_hours*0.99 = 0.495 vs delta_time = 0.48159115473429365 (length 48.5 ns) False False
2025-04-08 15:56:34,388 - [MainProcess:146256] mummi_ras.online.simulation:has_computed_enough:352 - INFO - runtime_hours*0.99 = 0.495 vs delta_time = 0.4821484837929408 (length 48.5 ns) False False
2025-04-08 15:56:36,395 - [MainProcess:146256] mummi_ras.online.simulation:has_computed_enough:352 - INFO - runtime_hours*0.99 = 0.495 vs delta_time = 0.4827058098051283 (length 48.5 ns) False False
2025-04-08 15:56:36,448 - [MainProcess:146256] mummi_ras.online.simulation:get_new_frames:399 - INFO - Getting all frame numbers in trajectory from 98 to 98.
2025-04-08 15:56:36,449 - [MainProcess:146256] mummi_ras.online.cg.cganalysis:run_main_analysis:193 - INFO - Process frame 98
2025-04-08 15:56:36,449 - [MainProcess:146256] mummi_ras.online.cg.cganalysis:processFrame:554 - INFO - Load 99 frames: current frame ID /tmp/mummi/cg/structure_iter00_000000000002-20250408_152719/traj_comp.xtc
2025-04-08 15:56:36,460 - [MainProcess:146256] mummi_ras.online.cg.cganalysis:processFrame:580 - INFO - Frame:    98, Time: 49000.000 ps, Bbox = [0, 180.59792, 0, 180.59792]
2025-04-08 15:56:36,460 - [MainProcess:146256] mummi_ras.online.cg.cganalysis:processFrame:584 - INFO - Lengths of layers: 663 35 486
2025-04-08 15:56:36,563 - [MainProcess:146256] mummi_ras.online.cg.cganalysis:processFrame:765 - INFO - Time for analysis - frameNum 98, time 0.11482787132263184 s
2025-04-08 15:56:38,564 - [MainProcess:146256] mummi_ras.online.simulation:has_computed_enough:352 - INFO - runtime_hours*0.99 = 0.495 vs delta_time = 0.48330847223599754 (length 49.0 ns) False False
2025-04-08 15:56:40,571 - [MainProcess:146256] mummi_ras.online.simulation:has_computed_enough:352 - INFO - runtime_hours*0.99 = 0.495 vs delta_time = 0.4838658499055439 (length 49.0 ns) False False
2025-04-08 15:56:42,577 - [MainProcess:146256] mummi_ras.online.simulation:has_computed_enough:352 - INFO - runtime_hours*0.99 = 0.495 vs delta_time = 0.4844231662485335 (length 49.0 ns) False False
2025-04-08 15:56:44,583 - [MainProcess:146256] mummi_ras.online.simulation:has_computed_enough:352 - INFO - runtime_hours*0.99 = 0.495 vs delta_time = 0.4849805013338725 (length 49.0 ns) False False
2025-04-08 15:56:46,590 - [MainProcess:146256] mummi_ras.online.simulation:has_computed_enough:352 - INFO - runtime_hours*0.99 = 0.495 vs delta_time = 0.48553780059019724 (length 49.0 ns) False False
2025-04-08 15:56:48,596 - [MainProcess:146256] mummi_ras.online.simulation:has_computed_enough:352 - INFO - runtime_hours*0.99 = 0.495 vs delta_time = 0.48609512077437506 (length 49.0 ns) False False
2025-04-08 15:56:50,602 - [MainProcess:146256] mummi_ras.online.simulation:has_computed_enough:352 - INFO - runtime_hours*0.99 = 0.495 vs delta_time = 0.4866524220837487 (length 49.0 ns) False False
2025-04-08 15:56:52,609 - [MainProcess:146256] mummi_ras.online.simulation:has_computed_enough:352 - INFO - runtime_hours*0.99 = 0.495 vs delta_time = 0.48720970352490744 (length 49.0 ns) False False
2025-04-08 15:56:52,795 - [MainProcess:146256] mummi_ras.online.simulation:get_new_frames:399 - INFO - Getting all frame numbers in trajectory from 99 to 99.
2025-04-08 15:56:52,795 - [MainProcess:146256] mummi_ras.online.cg.cganalysis:run_main_analysis:193 - INFO - Process frame 99
2025-04-08 15:56:52,795 - [MainProcess:146256] mummi_ras.online.cg.cganalysis:processFrame:554 - INFO - Load 100 frames: current frame ID /tmp/mummi/cg/structure_iter00_000000000002-20250408_152719/traj_comp.xtc
2025-04-08 15:56:52,807 - [MainProcess:146256] mummi_ras.online.cg.cganalysis:processFrame:580 - INFO - Frame:    99, Time: 49500.000 ps, Bbox = [0, 180.3157, 0, 180.3157]
2025-04-08 15:56:52,807 - [MainProcess:146256] mummi_ras.online.cg.cganalysis:processFrame:584 - INFO - Lengths of layers: 667 27 490
2025-04-08 15:56:52,909 - [MainProcess:146256] mummi_ras.online.cg.cganalysis:processFrame:765 - INFO - Time for analysis - frameNum 99, time 0.11398673057556152 s
2025-04-08 15:56:54,910 - [MainProcess:146256] mummi_ras.online.simulation:has_computed_enough:352 - INFO - runtime_hours*0.99 = 0.495 vs delta_time = 0.4878489824136098 (length 49.5 ns) False False
2025-04-08 15:56:54,916 - [MainProcess:146256] mummi_ras.online.cg.cganalysis:processOutput:92 - INFO - Add feedback for frameNum 90 - state []
2025-04-08 15:56:54,917 - [MainProcess:146256] mummi_ras.online.cg.cganalysis:processOutput:92 - INFO - Add feedback for frameNum 91 - state []
2025-04-08 15:56:54,917 - [MainProcess:146256] mummi_ras.online.cg.cganalysis:processOutput:92 - INFO - Add feedback for frameNum 92 - state []
2025-04-08 15:56:54,917 - [MainProcess:146256] mummi_ras.online.cg.cganalysis:processOutput:92 - INFO - Add feedback for frameNum 93 - state []
2025-04-08 15:56:54,917 - [MainProcess:146256] mummi_ras.online.cg.cganalysis:processOutput:92 - INFO - Add feedback for frameNum 94 - state []
2025-04-08 15:56:54,917 - [MainProcess:146256] mummi_ras.online.cg.cganalysis:processOutput:92 - INFO - Add feedback for frameNum 95 - state []
2025-04-08 15:56:54,917 - [MainProcess:146256] mummi_ras.online.cg.cganalysis:processOutput:92 - INFO - Add feedback for frameNum 96 - state []
2025-04-08 15:56:54,918 - [MainProcess:146256] mummi_ras.online.cg.cganalysis:processOutput:92 - INFO - Add feedback for frameNum 97 - state []
2025-04-08 15:56:54,918 - [MainProcess:146256] mummi_ras.online.cg.cganalysis:processOutput:92 - INFO - Add feedback for frameNum 98 - state []
2025-04-08 15:56:54,918 - [MainProcess:146256] mummi_ras.online.cg.cganalysis:processOutput:92 - INFO - Add feedback for frameNum 99 - state []
2025-04-08 15:56:54,932 - [MainProcess:146256] mummi_core.interfaces.simple:_save_files:91 - INFO - Wrote 10 files to (/p/gpfs1/pottier1/minimummi-sc25/roots/root1/feedback-cg2ml/002)
2025-04-08 15:56:54,932 - [MainProcess:146256] mummi_ras.feedback.feedback_manager_cg2ml:report:118 - INFO - Added 10 frames (from structure_iter00_000000000002) to feedback (/p/gpfs1/pottier1/minimummi-sc25/roots/root1/feedback-cg2ml)
2025-04-08 15:56:54,933 - [MainProcess:146256] mummi_ras.online.cg.cganalysis:processOutput:112 - INFO - processOutput: 99
2025-04-08 15:56:54,933 - [MainProcess:146256] mummi_ras.online.cg.cganalysis:copyRemoteRestart:452 - INFO - Copy to remote frames [90, 91, 92, 93, 94, 95, 96, 97, 98, 99]
sending incremental file list
ener.edr
md.log
mdrun.log
traj_comp.xtc

sent 21,836,450 bytes  received 92 bytes  14,557,694.67 bytes/sec
total size is 24,859,385  speedup is 1.14
2025-04-08 15:56:55,147 - [MainProcess:146256] mummi_core.utils.utilities:sys_call:184 - INFO - Run command: rsync -va --no-g traj_comp.xtc topol.tpr state.cpt ener.edr md.log mdrun.log /p/gpfs1/pottier1/minimummi-sc25/roots/root1/sims-cg/structure_iter00_000000000002 || true
2025-04-08 15:56:55,596 - [MainProcess:146256] mummi_ras.interfaces.mummi:save_analysis_data:253 - INFO - Saved all analysis data for frames [90, 91, 92, 93, 94, 95, 96, 97, 98, 99]
2025-04-08 15:56:55,596 - [MainProcess:146256] mummi_ras.online.cg.cganalysis:copyRemoteLogs:350 - INFO - Copy over log files
2025-04-08 15:56:55,638 - [MainProcess:146256] mummi_core.utils.utilities:sys_call:184 - INFO - Run command: cp -r  /tmp/mummi/cg/structure_iter00_000000000002-20250408_152719/cg_analysis.out /tmp/mummi/cg/structure_iter00_000000000002-20250408_152719/traj_comp.xtc /tmp/mummi/cg/structure_iter00_000000000002-20250408_152719/*.log /p/gpfs1/pottier1/minimummi-sc25/roots/root1/sims-cg/structure_iter00_000000000002/ || true
2025-04-08 15:56:55,639 - [MainProcess:146256] mummi_ras.online.cg.cganalysis:copyRemoteLogs:365 - INFO - copyRemoteLogs =  /tmp/mummi/cg/structure_iter00_000000000002-20250408_152719/cg_analysis.out /tmp/mummi/cg/structure_iter00_000000000002-20250408_152719/traj_comp.xtc /tmp/mummi/cg/structure_iter00_000000000002-20250408_152719/*.log
2025-04-08 15:56:55,639 - [MainProcess:146256] mummi_ras.online.cg.cganalysis:cleanupLocal:375 - WARNING - Copy cleanup local only works for ddcMD files
2025-04-08 15:56:57,639 - [MainProcess:146256] mummi_ras.online.simulation:has_computed_enough:352 - INFO - runtime_hours*0.99 = 0.495 vs delta_time = 0.48860703898800745 (length 49.5 ns) False False
2025-04-08 15:56:59,646 - [MainProcess:146256] mummi_ras.online.simulation:has_computed_enough:352 - INFO - runtime_hours*0.99 = 0.495 vs delta_time = 0.48916439447138044 (length 49.5 ns) False False
2025-04-08 15:57:01,652 - [MainProcess:146256] mummi_ras.online.simulation:has_computed_enough:352 - INFO - runtime_hours*0.99 = 0.495 vs delta_time = 0.4897217110130522 (length 49.5 ns) False False
2025-04-08 15:57:03,658 - [MainProcess:146256] mummi_ras.online.simulation:has_computed_enough:352 - INFO - runtime_hours*0.99 = 0.495 vs delta_time = 0.49027904199229344 (length 49.5 ns) False False
2025-04-08 15:57:05,664 - [MainProcess:146256] mummi_ras.online.simulation:has_computed_enough:352 - INFO - runtime_hours*0.99 = 0.495 vs delta_time = 0.49083633641401925 (length 49.5 ns) False False
2025-04-08 15:57:07,671 - [MainProcess:146256] mummi_ras.online.simulation:has_computed_enough:352 - INFO - runtime_hours*0.99 = 0.495 vs delta_time = 0.491393648982048 (length 49.5 ns) False False
2025-04-08 15:57:09,677 - [MainProcess:146256] mummi_ras.online.simulation:has_computed_enough:352 - INFO - runtime_hours*0.99 = 0.495 vs delta_time = 0.49195097307364144 (length 49.5 ns) False False
2025-04-08 15:57:11,684 - [MainProcess:146256] mummi_ras.online.simulation:has_computed_enough:352 - INFO - runtime_hours*0.99 = 0.495 vs delta_time = 0.4925082932578193 (length 49.5 ns) False False
2025-04-08 15:57:12,001 - [MainProcess:146256] mummi_ras.online.simulation:get_new_frames:399 - INFO - Getting all frame numbers in trajectory from 100 to 100.
2025-04-08 15:57:12,002 - [MainProcess:146256] mummi_ras.online.cg.cganalysis:run_main_analysis:193 - INFO - Process frame 100
2025-04-08 15:57:12,002 - [MainProcess:146256] mummi_ras.online.cg.cganalysis:processFrame:554 - INFO - Load 101 frames: current frame ID /tmp/mummi/cg/structure_iter00_000000000002-20250408_152719/traj_comp.xtc
2025-04-08 15:57:12,013 - [MainProcess:146256] mummi_ras.online.cg.cganalysis:processFrame:580 - INFO - Frame:   100, Time: 50000.000 ps, Bbox = [0, 180.57387, 0, 180.57387]
2025-04-08 15:57:12,013 - [MainProcess:146256] mummi_ras.online.cg.cganalysis:processFrame:584 - INFO - Lengths of layers: 667 23 494
2025-04-08 15:57:12,117 - [MainProcess:146256] mummi_ras.online.cg.cganalysis:processFrame:765 - INFO - Time for analysis - frameNum 100, time 0.11518526077270508 s
2025-04-08 15:57:14,118 - [MainProcess:146256] mummi_ras.online.simulation:has_computed_enough:352 - INFO - runtime_hours*0.99 = 0.495 vs delta_time = 0.49318441536691454 (length 50.0 ns) False False
2025-04-08 15:57:16,124 - [MainProcess:146256] mummi_ras.online.simulation:has_computed_enough:352 - INFO - runtime_hours*0.99 = 0.495 vs delta_time = 0.49374176171090867 (length 50.0 ns) False False
2025-04-08 15:57:18,130 - [MainProcess:146256] mummi_ras.online.simulation:has_computed_enough:352 - INFO - runtime_hours*0.99 = 0.495 vs delta_time = 0.49429908096790315 (length 50.0 ns) False False
2025-04-08 15:57:20,137 - [MainProcess:146256] mummi_ras.online.simulation:has_computed_enough:352 - INFO - runtime_hours*0.99 = 0.495 vs delta_time = 0.4948563833369149 (length 50.0 ns) False False
2025-04-08 15:57:22,143 - [MainProcess:146256] mummi_ras.online.simulation:has_computed_enough:352 - INFO - runtime_hours*0.99 = 0.495 vs delta_time = 0.49541368431515165 (length 50.0 ns) True False
2025-04-08 15:57:22,143 - [MainProcess:146256] mummi_ras.online.simulation:has_computed_enough:355 - INFO - TEST False
2025-04-08 15:57:22,146 - [MainProcess:146256] mummi_core.interfaces.base:send_signal:280 - INFO - Saved signal (/p/gpfs1/pottier1/minimummi-sc25/roots/root1/sims-cg/structure_iter00_000000000002/cg_success)
2025-04-08 15:57:22,146 - [MainProcess:146256] mummi_ras.online.simulation:has_computed_enough:358 - INFO - Setting success flag for /p/gpfs1/pottier1/minimummi-sc25/roots/root1/sims-cg/structure_iter00_000000000002 (runtime 0.49541368431515165 hours) (length 50.0 ns)
2025-04-08 15:57:22,146 - [MainProcess:146256] mummi_ras.online.cg.cganalysis:run_main_analysis:232 - INFO - Sim structure_iter00_000000000002 IS DONE
2025-04-08 15:57:22,146 - [MainProcess:146256] mummi_ras.online.simulation:stop:135 - INFO - Stopping simulation structure_iter00_000000000002
2025-04-08 15:57:22,146 - [MainProcess:146256] mummi_ras.online.cg.cganalysis:processOutput:92 - INFO - Add feedback for frameNum 100 - state []
2025-04-08 15:57:22,147 - [MainProcess:146256] mummi_core.interfaces.simple:_save_files:91 - INFO - Wrote 1 files to (/p/gpfs1/pottier1/minimummi-sc25/roots/root1/feedback-cg2ml/002)
2025-04-08 15:57:22,147 - [MainProcess:146256] mummi_ras.feedback.feedback_manager_cg2ml:report:118 - INFO - Added 1 frames (from structure_iter00_000000000002) to feedback (/p/gpfs1/pottier1/minimummi-sc25/roots/root1/feedback-cg2ml)
2025-04-08 15:57:22,148 - [MainProcess:146256] mummi_ras.online.cg.cganalysis:processOutput:112 - INFO - processOutput: 100
2025-04-08 15:57:22,148 - [MainProcess:146256] mummi_ras.online.cg.cganalysis:copyRemoteRestart:452 - INFO - Copy to remote frames [100]
sending incremental file list
ener.edr
md.log
mdrun.log
state.cpt
traj_comp.xtc

sent 23,381,116 bytes  received 111 bytes  46,762,454.00 bytes/sec
total size is 25,084,348  speedup is 1.07
2025-04-08 15:57:22,259 - [MainProcess:146256] mummi_core.utils.utilities:sys_call:184 - INFO - Run command: rsync -va --no-g traj_comp.xtc topol.tpr state.cpt ener.edr md.log mdrun.log /p/gpfs1/pottier1/minimummi-sc25/roots/root1/sims-cg/structure_iter00_000000000002 || true
2025-04-08 15:57:22,289 - [MainProcess:146256] mummi_ras.interfaces.mummi:save_analysis_data:253 - INFO - Saved all analysis data for frames [100]
2025-04-08 15:57:22,289 - [MainProcess:146256] mummi_ras.online.cg.cganalysis:copyRemoteLogs:350 - INFO - Copy over log files
2025-04-08 15:57:22,315 - [MainProcess:146256] mummi_core.utils.utilities:sys_call:184 - INFO - Run command: cp -r  /tmp/mummi/cg/structure_iter00_000000000002-20250408_152719/cg_analysis.out /tmp/mummi/cg/structure_iter00_000000000002-20250408_152719/traj_comp.xtc /tmp/mummi/cg/structure_iter00_000000000002-20250408_152719/*.log /p/gpfs1/pottier1/minimummi-sc25/roots/root1/sims-cg/structure_iter00_000000000002/ || true
2025-04-08 15:57:22,315 - [MainProcess:146256] mummi_ras.online.cg.cganalysis:copyRemoteLogs:365 - INFO - copyRemoteLogs =  /tmp/mummi/cg/structure_iter00_000000000002-20250408_152719/cg_analysis.out /tmp/mummi/cg/structure_iter00_000000000002-20250408_152719/traj_comp.xtc /tmp/mummi/cg/structure_iter00_000000000002-20250408_152719/*.log
2025-04-08 15:57:22,316 - [MainProcess:146256] mummi_ras.online.cg.cganalysis:cleanupLocal:375 - WARNING - Copy cleanup local only works for ddcMD files
2025-04-08 15:57:22,316 - [MainProcess:146256] mummi_core.interfaces.base:send_signal:275 - ERROR - Signal (/p/gpfs1/pottier1/minimummi-sc25/roots/root1/sims-cg/structure_iter00_000000000002/cg_success) already exist! Aborting.
2025-04-08 15:57:22,316 - [MainProcess:146256] mummi_core.interfaces.base:send_signal:280 - INFO - Saved signal (/p/gpfs1/pottier1/minimummi-sc25/roots/root1/sims-cg/structure_iter00_000000000002/cg_success)
2025-04-08 15:57:22,316 - [MainProcess:146256] mummi_ras.online.cg.cganalysis:copyRemoteLogs:350 - INFO - Copy over log files
2025-04-08 15:57:22,366 - [MainProcess:146256] mummi_core.utils.utilities:sys_call:184 - INFO - Run command: cp -r  /tmp/mummi/cg/structure_iter00_000000000002-20250408_152719/cg_analysis.out /tmp/mummi/cg/structure_iter00_000000000002-20250408_152719/traj_comp.xtc /tmp/mummi/cg/structure_iter00_000000000002-20250408_152719/*.log /p/gpfs1/pottier1/minimummi-sc25/roots/root1/sims-cg/structure_iter00_000000000002/ || true
2025-04-08 15:57:22,366 - [MainProcess:146256] mummi_ras.online.cg.cganalysis:copyRemoteLogs:365 - INFO - copyRemoteLogs =  /tmp/mummi/cg/structure_iter00_000000000002-20250408_152719/cg_analysis.out /tmp/mummi/cg/structure_iter00_000000000002-20250408_152719/traj_comp.xtc /tmp/mummi/cg/structure_iter00_000000000002-20250408_152719/*.log
2025-04-08 15:57:22,366 - [MainProcess:146256] mummi_ras.online.cg.cganalysis:run_main_analysis:248 - INFO - EXITING: structure_iter00_000000000002
2025-04-08 15:57:22,386 - [MainProcess:146256] mummi_core.utils.utilities:sys_call:184 - INFO - Run command: cp /tmp/mummi/cg/structure_iter00_000000000002-20250408_152719/cg_analysis.log /p/gpfs1/pottier1/minimummi-sc25/roots/root1/sims-cg/structure_iter00_000000000002/ || true
