2025-04-08 19:12:41,951 - [MainProcess:91658] root:init_logger:344 - INFO - Enabled
2025-04-08 19:12:41,951 - [MainProcess:91658] root:init_logger:345 - WARNING - Enabled
2025-04-08 19:12:41,951 - [MainProcess:91658] root:init_logger:346 - ERROR - Enabled
2025-04-08 19:12:41,951 - [MainProcess:91658] root:init_logger:347 - CRITICAL - Enabled
2025-04-08 19:12:41,985 - [MainProcess:91658] root:_log_profile:78 - PROFILE - [136.688 MB]: Enabled
2025-04-08 19:12:41,986 - [MainProcess:91658] mummi_ras.online.cg.cganalysis:run_cganalysis:881 - INFO - Running CG analysis, options are:
2025-04-08 19:12:41,986 - [MainProcess:91658] mummi_ras.online.cg.cganalysis:run_cganalysis:882 - INFO - Namespace(simname='structure_iter00_000000000013', fcount=0, noninteractive=False, path='/tmp/mummi/cg/structure_iter00_000000000013-20250408_191226', pathremote='/p/gpfs1/pottier1/minimummi-sc25/roots/root2/sims-cg/structure_iter00_000000000013', fstype='mummi', fbio='mummi', nprocs=1, loglevel=2, logpath='./', logstdout=True, test=False, logfile='cg_analysis', maxsimtime=250000000, stopsimtime=600, minsimtime=100000000, frameProcessBatchSize=10, siminputs='/p/gpfs1/pottier1/minimummi-sc25/roots/root2/sims-cg/structure_iter00_000000000013', simbin='gmx', simruntime='0.5', simcores=8, nofeedback=False, backend=<MDEngine.GROMACS: <class 'mummi_ras.online.simulation.GROMACS'>>, mini=True)
2025-04-08 19:12:41,986 - [MainProcess:91658] mummi_ras.online.cg.cganalysis:run_cganalysis:883 - INFO - local path = /tmp/mummi/cg/structure_iter00_000000000013-20250408_191226
2025-04-08 19:12:41,986 - [MainProcess:91658] mummi_ras.online.cg.cganalysis:run_cganalysis:885 - INFO - remote path = /p/gpfs1/pottier1/minimummi-sc25/roots/root2/sims-cg/structure_iter00_000000000013
2025-04-08 19:12:42,111 - [MainProcess:91658] mummi_ras.online.cg.cganalysis:run_cganalysis:895 - INFO - Using IO_Interface [<class 'mummi_ras.interfaces.mummi.IO_Mummi'>] for data output
2025-04-08 19:12:42,112 - [MainProcess:91658] mummi_ras.online.cg.cganalysis:run_cganalysis:896 - INFO - Using IO_Interface [<class 'mummi_ras.interfaces.mummi.IO_Mummi'>] for feedback output
2025-04-08 19:12:42,112 - [MainProcess:91658] mummi_ras.online.cg.cgoptions:__init__:47 - INFO - Loading parameters from /g/g92/pottier1/admirral_sc25/mummi_resources/analysis/cg/cg_analysis_parameters.yaml
2025-04-08 19:12:42,119 - [MainProcess:91658] mummi_ras.feedback.feedback_manager_cg2ml:__init__:56 - INFO - Initialized FeedbackManager (type = FeedbackManagerType.Worker; name = structure_iter00_000000000013; host = lassen741)
2025-04-08 19:12:42,175 - [MainProcess:91658] mummi_ras.parsers.cg:setup:68 - INFO - Initializing CGParser (MDAnalysis version 2.8.0-dev0)
2025-04-08 19:12:42,175 - [MainProcess:91658] mummi_ras.parsers.cg:setup:69 - INFO - 	Loading: (/tmp/mummi/cg/structure_iter00_000000000013-20250408_191226/lipids-water-eq6.gro) (/tmp/mummi/cg/structure_iter00_000000000013-20250408_191226/topol.tpr)
2025-04-08 19:12:42,194 - [MainProcess:91658] MDAnalysis.topology.TPRparser:_log_header:258 - INFO - Gromacs version   : b'VERSION 2024.1'
2025-04-08 19:12:42,194 - [MainProcess:91658] MDAnalysis.topology.TPRparser:_log_header:259 - INFO - tpx version       : 133
2025-04-08 19:12:42,195 - [MainProcess:91658] MDAnalysis.topology.TPRparser:_log_header:260 - INFO - tpx generation    : 28
2025-04-08 19:12:42,195 - [MainProcess:91658] MDAnalysis.topology.TPRparser:_log_header:261 - INFO - tpx precision     : 4
2025-04-08 19:12:42,195 - [MainProcess:91658] MDAnalysis.topology.TPRparser:_log_header:262 - INFO - tpx file_tag      : b'release'
2025-04-08 19:12:42,195 - [MainProcess:91658] MDAnalysis.topology.TPRparser:_log_header:263 - INFO - tpx natoms        : 54196
2025-04-08 19:12:42,195 - [MainProcess:91658] MDAnalysis.topology.TPRparser:_log_header:264 - INFO - tpx ngtc          : 2
2025-04-08 19:12:42,195 - [MainProcess:91658] MDAnalysis.topology.TPRparser:_log_header:265 - INFO - tpx fep_state     : 0
2025-04-08 19:12:42,195 - [MainProcess:91658] MDAnalysis.topology.TPRparser:_log_header:266 - INFO - tpx lambda        : 0.0
2025-04-08 19:12:43,051 - [MainProcess:91658] mummi_ras.parsers.cg:setup:74 - INFO - 	Number of frames in sim: 1
2025-04-08 19:12:43,052 - [MainProcess:91658] mummi_ras.parsers.cg:setup:75 - INFO - 	Number of atoms in sim: 54196
2025-04-08 19:12:43,052 - [MainProcess:91658] mummi_ras.parsers.cg:setup:76 - INFO - 	Sim dimensions: [182.35161 182.35161 179.4039 ]
2025-04-08 19:12:43,087 - [MainProcess:91658] mummi_ras.parsers.cg:_setup_lipids:103 - WARNING -  Resnames ['ALA' 'ARG' 'ASN' 'ASP' 'CGW' 'CYF' 'CYM' 'CYS' 'GLN' 'GLU' 'GLY' 'GTP'
 'HSE' 'ILE' 'ION' 'LEU' 'LYS' 'MET' 'MG' 'PHE' 'PRO' 'SER' 'THR' 'TRP'
 'TYR' 'VAL' 'W' 'ZN2'] either not lipids or not supported!
2025-04-08 19:12:43,290 - [MainProcess:91658] numexpr.utils:_init_num_threads:145 - INFO - Note: detected 176 virtual cores but NumExpr set to maximum of 64, check "NUMEXPR_MAX_THREADS" environment variable.
2025-04-08 19:12:43,290 - [MainProcess:91658] numexpr.utils:_init_num_threads:148 - INFO - Note: NumExpr detected 176 cores but "NUMEXPR_MAX_THREADS" not set, so enforcing safe limit of 8.
2025-04-08 19:12:43,723 - [MainProcess:91658] mummi_ras.parsers.cg:_setup_lipids:145 - WARNING - Found leaflets of size 448 354
2025-04-08 19:12:43,727 - [MainProcess:91658] mummi_ras.parsers.cg_aligner:init:144 - INFO - origin: (165,): ['THR', 'GLU', 'TYR', 'LYS', 'LEU', 'VAL', 'VAL', 'VAL', 'GLY', 'ALA', 'ASP', 'GLY', 'VAL', 'GLY', 'LYS', 'SER', 'ALA', 'LEU', 'THR', 'ILE', 'GLN', 'LEU', 'ILE', 'GLN', 'ASN', 'HSE', 'PHE', 'VAL', 'ASP', 'GLU', 'TYR', 'ASP', 'PRO', 'THR', 'ILE', 'GLU', 'ASP', 'SER', 'TYR', 'ARG', 'LYS', 'GLN', 'VAL', 'VAL', 'ILE', 'ASP', 'GLY', 'GLU', 'THR', 'CYS', 'LEU', 'LEU', 'ASP', 'ILE', 'LEU', 'ASP', 'THR', 'ALA', 'GLY', 'GLN', 'GLU', 'GLU', 'TYR', 'SER', 'ALA', 'MET', 'ARG', 'ASP', 'GLN', 'TYR', 'MET', 'ARG', 'THR', 'GLY', 'GLU', 'GLY', 'PHE', 'LEU', 'CYS', 'VAL', 'PHE', 'ALA', 'ILE', 'ASN', 'ASN', 'THR', 'LYS', 'SER', 'PHE', 'GLU', 'ASP', 'ILE', 'HSE', 'HSE', 'TYR', 'ARG', 'GLU', 'GLN', 'ILE', 'LYS', 'ARG', 'VAL', 'LYS', 'ASP', 'SER', 'GLU', 'ASP', 'VAL', 'PRO', 'MET', 'VAL', 'LEU', 'VAL', 'GLY', 'ASN', 'LYS', 'CYS', 'ASP', 'LEU', 'PRO', 'SER', 'ARG', 'THR', 'VAL', 'ASP', 'THR', 'LYS', 'GLN', 'ALA', 'GLN', 'ASP', 'LEU', 'ALA', 'ARG', 'SER', 'TYR', 'GLY', 'ILE', 'PRO', 'PHE', 'ILE', 'GLU', 'THR', 'SER', 'ALA', 'LYS', 'THR', 'ARG', 'GLN', 'GLY', 'VAL', 'ASP', 'ASP', 'ALA', 'PHE', 'TYR', 'THR', 'LEU', 'VAL', 'ARG', 'GLU', 'ILE', 'ARG', 'LYS', 'HSE']
2025-04-08 19:12:43,727 - [MainProcess:91658] mummi_ras.parsers.cg_aligner:init:145 - INFO - xaxis:  (8,): ['THR', 'PHE', 'PHE', 'THR', 'LEU', 'LEU', 'PHE', 'GLN']
2025-04-08 19:12:43,730 - [MainProcess:91658] mummi_ras.online.cg.cganalysis:run_cganalysis:978 - INFO - Testing flags: [Success='cg_success', Fail='cg_failure']
2025-04-08 19:12:43,730 - [MainProcess:91658] mummi_ras.online.cg.cganalysis:run_cganalysis:979 - INFO - Checking for exit condition [/p/gpfs1/pottier1/minimummi-sc25/roots/root2/sims-cg/structure_iter00_000000000013] (pass=False fail=False)
2025-04-08 19:12:43,731 - [MainProcess:91658] mummi_ras.online.simulation:run:101 - INFO - Starting /usr/WS1/mummiusr/mummi-spack/spack/0.21/opt/spack/__spack_path_placeholder__/__spack_path_placeholder__/__spack_path_placeholder__/__spack_path_placeholder__/__spack_path_placeholder__/__spack_path_placeholder__/__spack_path_placeholder__/__spack_path_pla/linux-rhel7-power9le/gcc-11.2.1/gromacs-2024.1-qjy7zpleiv5vefcx74wqch3gy2rui4uh/bin/gmx....
2025-04-08 19:12:43,731 - [MainProcess:91658] mummi_ras.online.simulation:run:115 - INFO - cmd =       /usr/WS1/mummiusr/mummi-spack/spack/0.21/opt/spack/__spack_path_placeholder__/__spack_path_placeholder__/__spack_path_placeholder__/__spack_path_placeholder__/__spack_path_placeholder__/__spack_path_placeholder__/__spack_path_placeholder__/__spack_path_pla/linux-rhel7-power9le/gcc-11.2.1/gromacs-2024.1-qjy7zpleiv5vefcx74wqch3gy2rui4uh/bin/gmx mdrun -cpi -nb gpu -ntmpi 1 -ntomp 8 -pin off -maxh 0.5 >> mdrun.log 2>&1
2025-04-08 19:12:43,731 - [MainProcess:91658] mummi_ras.online.simulation:run:116 - INFO - os.pwd =    /tmp/mummi/cg/structure_iter00_000000000013-20250408_191226
2025-04-08 19:12:43,731 - [MainProcess:91658] mummi_ras.online.simulation:run:117 - INFO - simdir =    /tmp/mummi/cg/structure_iter00_000000000013-20250408_191226
2025-04-08 19:12:48,738 - [MainProcess:91658] mummi_ras.online.simulation:run:122 - INFO - Process Running? None
2025-04-08 19:12:48,740 - [MainProcess:91658] mummi_ras.online.simulation:run:126 - INFO - CUDA_VISIBLE_DEVICES=0
2025-04-08 19:12:48,740 - [MainProcess:91658] mummi_ras.online.simulation:run:127 - INFO - ROCR_VISIBLE_DEVICES=UNSET
2025-04-08 19:12:48,806 - [MainProcess:91658] mummi_ras.online.simulation:get_new_frames:399 - INFO - Getting all frame numbers in trajectory from 0 to 0.
2025-04-08 19:12:48,806 - [MainProcess:91658] mummi_ras.online.cg.cganalysis:run_main_analysis:193 - INFO - Process frame 0
2025-04-08 19:12:48,806 - [MainProcess:91658] mummi_ras.online.cg.cganalysis:processFrame:554 - INFO - Load 1 frames: current frame ID /tmp/mummi/cg/structure_iter00_000000000013-20250408_191226/traj_comp.xtc
2025-04-08 19:12:48,818 - [MainProcess:91658] mummi_ras.online.cg.cganalysis:processFrame:580 - INFO - Frame:     0, Time:    0.000 ps, Bbox = [0, 182.35161, 0, 182.35161]
2025-04-08 19:12:48,818 - [MainProcess:91658] mummi_ras.online.cg.cganalysis:processFrame:584 - INFO - Lengths of layers: 653 33 498
2025-04-08 19:12:48,944 - [MainProcess:91658] mummi_ras.online.cg.cganalysis:processFrame:765 - INFO - Time for analysis - frameNum 0, time 0.13764381408691406 s
2025-04-08 19:12:50,945 - [MainProcess:91658] mummi_ras.online.simulation:has_computed_enough:352 - INFO - runtime_hours*0.99 = 0.495 vs delta_time = 0.0020039822657903035 (length 0.0 ns) False False
2025-04-08 19:12:52,951 - [MainProcess:91658] mummi_ras.online.simulation:has_computed_enough:352 - INFO - runtime_hours*0.99 = 0.495 vs delta_time = 0.0025613381465276084 (length 0.0 ns) False False
2025-04-08 19:12:54,958 - [MainProcess:91658] mummi_ras.online.simulation:has_computed_enough:352 - INFO - runtime_hours*0.99 = 0.495 vs delta_time = 0.0031186010440190635 (length 0.0 ns) False False
2025-04-08 19:12:56,964 - [MainProcess:91658] mummi_ras.online.simulation:has_computed_enough:352 - INFO - runtime_hours*0.99 = 0.495 vs delta_time = 0.0036758973201115926 (length 0.0 ns) False False
2025-04-08 19:12:58,970 - [MainProcess:91658] mummi_ras.online.simulation:has_computed_enough:352 - INFO - runtime_hours*0.99 = 0.495 vs delta_time = 0.004233186377419366 (length 0.0 ns) False False
2025-04-08 19:13:00,976 - [MainProcess:91658] mummi_ras.online.simulation:has_computed_enough:352 - INFO - runtime_hours*0.99 = 0.495 vs delta_time = 0.0047904763619105025 (length 0.0 ns) False False
2025-04-08 19:13:02,983 - [MainProcess:91658] mummi_ras.online.simulation:has_computed_enough:352 - INFO - runtime_hours*0.99 = 0.495 vs delta_time = 0.005347762240303887 (length 0.0 ns) False False
2025-04-08 19:13:03,126 - [MainProcess:91658] mummi_ras.online.simulation:get_new_frames:399 - INFO - Getting all frame numbers in trajectory from 1 to 1.
2025-04-08 19:13:03,127 - [MainProcess:91658] mummi_ras.online.cg.cganalysis:run_main_analysis:193 - INFO - Process frame 1
2025-04-08 19:13:03,127 - [MainProcess:91658] mummi_ras.online.cg.cganalysis:processFrame:554 - INFO - Load 2 frames: current frame ID /tmp/mummi/cg/structure_iter00_000000000013-20250408_191226/traj_comp.xtc
2025-04-08 19:13:03,138 - [MainProcess:91658] mummi_ras.online.cg.cganalysis:processFrame:580 - INFO - Frame:     1, Time:  500.000 ps, Bbox = [0, 181.67259, 0, 181.67259]
2025-04-08 19:13:03,138 - [MainProcess:91658] mummi_ras.online.cg.cganalysis:processFrame:584 - INFO - Lengths of layers: 657 29 498
2025-04-08 19:13:03,239 - [MainProcess:91658] mummi_ras.online.cg.cganalysis:processFrame:765 - INFO - Time for analysis - frameNum 1, time 0.11211848258972168 s
2025-04-08 19:13:05,239 - [MainProcess:91658] mummi_ras.online.simulation:has_computed_enough:352 - INFO - runtime_hours*0.99 = 0.495 vs delta_time = 0.005974683099322849 (length 0.5 ns) False False
2025-04-08 19:13:07,246 - [MainProcess:91658] mummi_ras.online.simulation:has_computed_enough:352 - INFO - runtime_hours*0.99 = 0.495 vs delta_time = 0.006532035006417168 (length 0.5 ns) False False
2025-04-08 19:13:09,252 - [MainProcess:91658] mummi_ras.online.simulation:has_computed_enough:352 - INFO - runtime_hours*0.99 = 0.495 vs delta_time = 0.007089309758610196 (length 0.5 ns) False False
2025-04-08 19:13:11,258 - [MainProcess:91658] mummi_ras.online.simulation:has_computed_enough:352 - INFO - runtime_hours*0.99 = 0.495 vs delta_time = 0.007646576629744635 (length 0.5 ns) False False
2025-04-08 19:13:13,265 - [MainProcess:91658] mummi_ras.online.simulation:has_computed_enough:352 - INFO - runtime_hours*0.99 = 0.495 vs delta_time = 0.008203867342736986 (length 0.5 ns) False False
2025-04-08 19:13:15,271 - [MainProcess:91658] mummi_ras.online.simulation:has_computed_enough:352 - INFO - runtime_hours*0.99 = 0.495 vs delta_time = 0.008761164810922411 (length 0.5 ns) False False
2025-04-08 19:13:17,277 - [MainProcess:91658] mummi_ras.online.simulation:has_computed_enough:352 - INFO - runtime_hours*0.99 = 0.495 vs delta_time = 0.00931842545668284 (length 0.5 ns) False False
2025-04-08 19:13:19,283 - [MainProcess:91658] mummi_ras.online.simulation:has_computed_enough:352 - INFO - runtime_hours*0.99 = 0.495 vs delta_time = 0.00987567729420132 (length 0.5 ns) False False
2025-04-08 19:13:19,334 - [MainProcess:91658] mummi_ras.online.simulation:get_new_frames:399 - INFO - Getting all frame numbers in trajectory from 2 to 2.
2025-04-08 19:13:19,334 - [MainProcess:91658] mummi_ras.online.cg.cganalysis:run_main_analysis:193 - INFO - Process frame 2
2025-04-08 19:13:19,334 - [MainProcess:91658] mummi_ras.online.cg.cganalysis:processFrame:554 - INFO - Load 3 frames: current frame ID /tmp/mummi/cg/structure_iter00_000000000013-20250408_191226/traj_comp.xtc
2025-04-08 19:13:19,345 - [MainProcess:91658] mummi_ras.online.cg.cganalysis:processFrame:580 - INFO - Frame:     2, Time: 1000.000 ps, Bbox = [0, 181.08308, 0, 181.08308]
2025-04-08 19:13:19,345 - [MainProcess:91658] mummi_ras.online.cg.cganalysis:processFrame:584 - INFO - Lengths of layers: 656 34 494
2025-04-08 19:13:19,446 - [MainProcess:91658] mummi_ras.online.cg.cganalysis:processFrame:765 - INFO - Time for analysis - frameNum 2, time 0.11206793785095215 s
2025-04-08 19:13:21,447 - [MainProcess:91658] mummi_ras.online.simulation:has_computed_enough:352 - INFO - runtime_hours*0.99 = 0.495 vs delta_time = 0.01047664980093638 (length 1.0 ns) False False
2025-04-08 19:13:23,453 - [MainProcess:91658] mummi_ras.online.simulation:has_computed_enough:352 - INFO - runtime_hours*0.99 = 0.495 vs delta_time = 0.011033960911962721 (length 1.0 ns) False False
2025-04-08 19:13:25,459 - [MainProcess:91658] mummi_ras.online.simulation:has_computed_enough:352 - INFO - runtime_hours*0.99 = 0.495 vs delta_time = 0.011591206524107191 (length 1.0 ns) False False
2025-04-08 19:13:27,465 - [MainProcess:91658] mummi_ras.online.simulation:has_computed_enough:352 - INFO - runtime_hours*0.99 = 0.495 vs delta_time = 0.012148449685838487 (length 1.0 ns) False False
2025-04-08 19:13:29,471 - [MainProcess:91658] mummi_ras.online.simulation:has_computed_enough:352 - INFO - runtime_hours*0.99 = 0.495 vs delta_time = 0.012705679204728869 (length 1.0 ns) False False
2025-04-08 19:13:31,477 - [MainProcess:91658] mummi_ras.online.simulation:has_computed_enough:352 - INFO - runtime_hours*0.99 = 0.495 vs delta_time = 0.013262962831391228 (length 1.0 ns) False False
2025-04-08 19:13:33,483 - [MainProcess:91658] mummi_ras.online.simulation:has_computed_enough:352 - INFO - runtime_hours*0.99 = 0.495 vs delta_time = 0.013820227053430346 (length 1.0 ns) False False
2025-04-08 19:13:35,490 - [MainProcess:91658] mummi_ras.online.simulation:has_computed_enough:352 - INFO - runtime_hours*0.99 = 0.495 vs delta_time = 0.014377465513017442 (length 1.0 ns) False False
2025-04-08 19:13:37,496 - [MainProcess:91658] mummi_ras.online.simulation:has_computed_enough:352 - INFO - runtime_hours*0.99 = 0.495 vs delta_time = 0.014934710065523783 (length 1.0 ns) False False
2025-04-08 19:13:37,549 - [MainProcess:91658] mummi_ras.online.simulation:get_new_frames:399 - INFO - Getting all frame numbers in trajectory from 3 to 3.
2025-04-08 19:13:37,549 - [MainProcess:91658] mummi_ras.online.cg.cganalysis:run_main_analysis:193 - INFO - Process frame 3
2025-04-08 19:13:37,549 - [MainProcess:91658] mummi_ras.online.cg.cganalysis:processFrame:554 - INFO - Load 4 frames: current frame ID /tmp/mummi/cg/structure_iter00_000000000013-20250408_191226/traj_comp.xtc
2025-04-08 19:13:37,560 - [MainProcess:91658] mummi_ras.online.cg.cganalysis:processFrame:580 - INFO - Frame:     3, Time: 1500.000 ps, Bbox = [0, 181.15948, 0, 181.15948]
2025-04-08 19:13:37,560 - [MainProcess:91658] mummi_ras.online.cg.cganalysis:processFrame:584 - INFO - Lengths of layers: 658 37 489
2025-04-08 19:13:37,661 - [MainProcess:91658] mummi_ras.online.cg.cganalysis:processFrame:765 - INFO - Time for analysis - frameNum 3, time 0.11224865913391113 s
2025-04-08 19:13:39,662 - [MainProcess:91658] mummi_ras.online.simulation:has_computed_enough:352 - INFO - runtime_hours*0.99 = 0.495 vs delta_time = 0.015536500347985161 (length 1.5 ns) False False
2025-04-08 19:13:41,668 - [MainProcess:91658] mummi_ras.online.simulation:has_computed_enough:352 - INFO - runtime_hours*0.99 = 0.495 vs delta_time = 0.016093833910094366 (length 1.5 ns) False False
2025-04-08 19:13:43,680 - [MainProcess:91658] mummi_ras.online.simulation:has_computed_enough:352 - INFO - runtime_hours*0.99 = 0.495 vs delta_time = 0.01665268474155002 (length 1.5 ns) False False
2025-04-08 19:13:45,687 - [MainProcess:91658] mummi_ras.online.simulation:has_computed_enough:352 - INFO - runtime_hours*0.99 = 0.495 vs delta_time = 0.01720998936229282 (length 1.5 ns) False False
2025-04-08 19:13:47,693 - [MainProcess:91658] mummi_ras.online.simulation:has_computed_enough:352 - INFO - runtime_hours*0.99 = 0.495 vs delta_time = 0.01776724490854475 (length 1.5 ns) False False
2025-04-08 19:13:49,699 - [MainProcess:91658] mummi_ras.online.simulation:has_computed_enough:352 - INFO - runtime_hours*0.99 = 0.495 vs delta_time = 0.018324508998129103 (length 1.5 ns) False False
2025-04-08 19:13:51,705 - [MainProcess:91658] mummi_ras.online.simulation:has_computed_enough:352 - INFO - runtime_hours*0.99 = 0.495 vs delta_time = 0.0188817607694202 (length 1.5 ns) False False
2025-04-08 19:13:53,711 - [MainProcess:91658] mummi_ras.online.simulation:has_computed_enough:352 - INFO - runtime_hours*0.99 = 0.495 vs delta_time = 0.01943905830383301 (length 1.5 ns) False False
2025-04-08 19:13:53,820 - [MainProcess:91658] mummi_ras.online.simulation:get_new_frames:399 - INFO - Getting all frame numbers in trajectory from 4 to 4.
2025-04-08 19:13:53,821 - [MainProcess:91658] mummi_ras.online.cg.cganalysis:run_main_analysis:193 - INFO - Process frame 4
2025-04-08 19:13:53,821 - [MainProcess:91658] mummi_ras.online.cg.cganalysis:processFrame:554 - INFO - Load 5 frames: current frame ID /tmp/mummi/cg/structure_iter00_000000000013-20250408_191226/traj_comp.xtc
2025-04-08 19:13:53,832 - [MainProcess:91658] mummi_ras.online.cg.cganalysis:processFrame:580 - INFO - Frame:     4, Time: 2000.000 ps, Bbox = [0, 181.51428, 0, 181.51428]
2025-04-08 19:13:53,832 - [MainProcess:91658] mummi_ras.online.cg.cganalysis:processFrame:584 - INFO - Lengths of layers: 656 35 493
2025-04-08 19:13:53,933 - [MainProcess:91658] mummi_ras.online.cg.cganalysis:processFrame:765 - INFO - Time for analysis - frameNum 4, time 0.11213874816894531 s
2025-04-08 19:13:55,934 - [MainProcess:91658] mummi_ras.online.simulation:has_computed_enough:352 - INFO - runtime_hours*0.99 = 0.495 vs delta_time = 0.020056396656566194 (length 2.0 ns) False False
2025-04-08 19:13:57,940 - [MainProcess:91658] mummi_ras.online.simulation:has_computed_enough:352 - INFO - runtime_hours*0.99 = 0.495 vs delta_time = 0.020613753663169015 (length 2.0 ns) False False
2025-04-08 19:13:59,946 - [MainProcess:91658] mummi_ras.online.simulation:has_computed_enough:352 - INFO - runtime_hours*0.99 = 0.495 vs delta_time = 0.021170991592937047 (length 2.0 ns) False False
2025-04-08 19:14:01,952 - [MainProcess:91658] mummi_ras.online.simulation:has_computed_enough:352 - INFO - runtime_hours*0.99 = 0.495 vs delta_time = 0.02172827223936717 (length 2.0 ns) False False
2025-04-08 19:14:03,959 - [MainProcess:91658] mummi_ras.online.simulation:has_computed_enough:352 - INFO - runtime_hours*0.99 = 0.495 vs delta_time = 0.022285612887806363 (length 2.0 ns) False False
2025-04-08 19:14:05,965 - [MainProcess:91658] mummi_ras.online.simulation:has_computed_enough:352 - INFO - runtime_hours*0.99 = 0.495 vs delta_time = 0.022842864659097458 (length 2.0 ns) False False
2025-04-08 19:14:07,971 - [MainProcess:91658] mummi_ras.online.simulation:has_computed_enough:352 - INFO - runtime_hours*0.99 = 0.495 vs delta_time = 0.023400113648838466 (length 2.0 ns) False False
2025-04-08 19:14:09,977 - [MainProcess:91658] mummi_ras.online.simulation:has_computed_enough:352 - INFO - runtime_hours*0.99 = 0.495 vs delta_time = 0.023957346479098002 (length 2.0 ns) False False
2025-04-08 19:14:10,147 - [MainProcess:91658] mummi_ras.online.simulation:get_new_frames:399 - INFO - Getting all frame numbers in trajectory from 5 to 5.
2025-04-08 19:14:10,147 - [MainProcess:91658] mummi_ras.online.cg.cganalysis:run_main_analysis:193 - INFO - Process frame 5
2025-04-08 19:14:10,147 - [MainProcess:91658] mummi_ras.online.cg.cganalysis:processFrame:554 - INFO - Load 6 frames: current frame ID /tmp/mummi/cg/structure_iter00_000000000013-20250408_191226/traj_comp.xtc
2025-04-08 19:14:10,158 - [MainProcess:91658] mummi_ras.online.cg.cganalysis:processFrame:580 - INFO - Frame:     5, Time: 2500.000 ps, Bbox = [0, 181.66064, 0, 181.66064]
2025-04-08 19:14:10,158 - [MainProcess:91658] mummi_ras.online.cg.cganalysis:processFrame:584 - INFO - Lengths of layers: 657 39 488
2025-04-08 19:14:10,259 - [MainProcess:91658] mummi_ras.online.cg.cganalysis:processFrame:765 - INFO - Time for analysis - frameNum 5, time 0.11159205436706543 s
2025-04-08 19:14:12,259 - [MainProcess:91658] mummi_ras.online.simulation:has_computed_enough:352 - INFO - runtime_hours*0.99 = 0.495 vs delta_time = 0.024591282539897494 (length 2.5 ns) False False
2025-04-08 19:14:14,266 - [MainProcess:91658] mummi_ras.online.simulation:has_computed_enough:352 - INFO - runtime_hours*0.99 = 0.495 vs delta_time = 0.025148647758695814 (length 2.5 ns) False False
2025-04-08 19:14:16,272 - [MainProcess:91658] mummi_ras.online.simulation:has_computed_enough:352 - INFO - runtime_hours*0.99 = 0.495 vs delta_time = 0.025705892642339072 (length 2.5 ns) False False
2025-04-08 19:14:18,278 - [MainProcess:91658] mummi_ras.online.simulation:has_computed_enough:352 - INFO - runtime_hours*0.99 = 0.495 vs delta_time = 0.02626315520869361 (length 2.5 ns) False False
2025-04-08 19:14:20,284 - [MainProcess:91658] mummi_ras.online.simulation:has_computed_enough:352 - INFO - runtime_hours*0.99 = 0.495 vs delta_time = 0.02682038062148624 (length 2.5 ns) False False
2025-04-08 19:14:22,290 - [MainProcess:91658] mummi_ras.online.simulation:has_computed_enough:352 - INFO - runtime_hours*0.99 = 0.495 vs delta_time = 0.027377682129542034 (length 2.5 ns) False False
2025-04-08 19:14:24,296 - [MainProcess:91658] mummi_ras.online.simulation:has_computed_enough:352 - INFO - runtime_hours*0.99 = 0.495 vs delta_time = 0.027934955027368334 (length 2.5 ns) False False
2025-04-08 19:14:26,303 - [MainProcess:91658] mummi_ras.online.simulation:has_computed_enough:352 - INFO - runtime_hours*0.99 = 0.495 vs delta_time = 0.02849220958020952 (length 2.5 ns) False False
2025-04-08 19:14:28,309 - [MainProcess:91658] mummi_ras.online.simulation:has_computed_enough:352 - INFO - runtime_hours*0.99 = 0.495 vs delta_time = 0.02904947088824378 (length 2.5 ns) False False
2025-04-08 19:14:28,359 - [MainProcess:91658] mummi_ras.online.simulation:get_new_frames:399 - INFO - Getting all frame numbers in trajectory from 6 to 6.
2025-04-08 19:14:28,360 - [MainProcess:91658] mummi_ras.online.cg.cganalysis:run_main_analysis:193 - INFO - Process frame 6
2025-04-08 19:14:28,360 - [MainProcess:91658] mummi_ras.online.cg.cganalysis:processFrame:554 - INFO - Load 7 frames: current frame ID /tmp/mummi/cg/structure_iter00_000000000013-20250408_191226/traj_comp.xtc
2025-04-08 19:14:28,371 - [MainProcess:91658] mummi_ras.online.cg.cganalysis:processFrame:580 - INFO - Frame:     6, Time: 3000.000 ps, Bbox = [0, 180.97473, 0, 180.97473]
2025-04-08 19:14:28,371 - [MainProcess:91658] mummi_ras.online.cg.cganalysis:processFrame:584 - INFO - Lengths of layers: 657 39 488
2025-04-08 19:14:28,471 - [MainProcess:91658] mummi_ras.online.cg.cganalysis:processFrame:765 - INFO - Time for analysis - frameNum 6, time 0.11166095733642578 s
2025-04-08 19:14:30,472 - [MainProcess:91658] mummi_ras.online.simulation:has_computed_enough:352 - INFO - runtime_hours*0.99 = 0.495 vs delta_time = 0.029650378425916037 (length 3.0 ns) False False
2025-04-08 19:14:32,478 - [MainProcess:91658] mummi_ras.online.simulation:has_computed_enough:352 - INFO - runtime_hours*0.99 = 0.495 vs delta_time = 0.030207704173194037 (length 3.0 ns) False False
2025-04-08 19:14:34,484 - [MainProcess:91658] mummi_ras.online.simulation:has_computed_enough:352 - INFO - runtime_hours*0.99 = 0.495 vs delta_time = 0.030764956937895882 (length 3.0 ns) False False
2025-04-08 19:14:36,491 - [MainProcess:91658] mummi_ras.online.simulation:has_computed_enough:352 - INFO - runtime_hours*0.99 = 0.495 vs delta_time = 0.03132223771678077 (length 3.0 ns) False False
2025-04-08 19:14:38,497 - [MainProcess:91658] mummi_ras.online.simulation:has_computed_enough:352 - INFO - runtime_hours*0.99 = 0.495 vs delta_time = 0.03187952121098836 (length 3.0 ns) False False
2025-04-08 19:14:40,503 - [MainProcess:91658] mummi_ras.online.simulation:has_computed_enough:352 - INFO - runtime_hours*0.99 = 0.495 vs delta_time = 0.03243674629264408 (length 3.0 ns) False False
2025-04-08 19:14:42,509 - [MainProcess:91658] mummi_ras.online.simulation:has_computed_enough:352 - INFO - runtime_hours*0.99 = 0.495 vs delta_time = 0.03299399024910397 (length 3.0 ns) False False
2025-04-08 19:14:44,515 - [MainProcess:91658] mummi_ras.online.simulation:has_computed_enough:352 - INFO - runtime_hours*0.99 = 0.495 vs delta_time = 0.03355120903915829 (length 3.0 ns) False False
2025-04-08 19:14:44,568 - [MainProcess:91658] mummi_ras.online.simulation:get_new_frames:399 - INFO - Getting all frame numbers in trajectory from 7 to 7.
2025-04-08 19:14:44,568 - [MainProcess:91658] mummi_ras.online.cg.cganalysis:run_main_analysis:193 - INFO - Process frame 7
2025-04-08 19:14:44,568 - [MainProcess:91658] mummi_ras.online.cg.cganalysis:processFrame:554 - INFO - Load 8 frames: current frame ID /tmp/mummi/cg/structure_iter00_000000000013-20250408_191226/traj_comp.xtc
2025-04-08 19:14:44,579 - [MainProcess:91658] mummi_ras.online.cg.cganalysis:processFrame:580 - INFO - Frame:     7, Time: 3500.000 ps, Bbox = [0, 181.83047, 0, 181.83047]
2025-04-08 19:14:44,579 - [MainProcess:91658] mummi_ras.online.cg.cganalysis:processFrame:584 - INFO - Lengths of layers: 659 31 494
2025-04-08 19:14:44,680 - [MainProcess:91658] mummi_ras.online.cg.cganalysis:processFrame:765 - INFO - Time for analysis - frameNum 7, time 0.11169838905334473 s
2025-04-08 19:14:46,681 - [MainProcess:91658] mummi_ras.online.simulation:has_computed_enough:352 - INFO - runtime_hours*0.99 = 0.495 vs delta_time = 0.03415275143252479 (length 3.5 ns) False False
2025-04-08 19:14:48,687 - [MainProcess:91658] mummi_ras.online.simulation:has_computed_enough:352 - INFO - runtime_hours*0.99 = 0.495 vs delta_time = 0.034710072941250274 (length 3.5 ns) False False
2025-04-08 19:14:50,693 - [MainProcess:91658] mummi_ras.online.simulation:has_computed_enough:352 - INFO - runtime_hours*0.99 = 0.495 vs delta_time = 0.03526736213101281 (length 3.5 ns) False False
2025-04-08 19:14:52,699 - [MainProcess:91658] mummi_ras.online.simulation:has_computed_enough:352 - INFO - runtime_hours*0.99 = 0.495 vs delta_time = 0.035824611120753816 (length 3.5 ns) False False
2025-04-08 19:14:54,705 - [MainProcess:91658] mummi_ras.online.simulation:has_computed_enough:352 - INFO - runtime_hours*0.99 = 0.495 vs delta_time = 0.03638186931610107 (length 3.5 ns) False False
2025-04-08 19:14:56,711 - [MainProcess:91658] mummi_ras.online.simulation:has_computed_enough:352 - INFO - runtime_hours*0.99 = 0.495 vs delta_time = 0.0369391221470303 (length 3.5 ns) False False
2025-04-08 19:14:58,718 - [MainProcess:91658] mummi_ras.online.simulation:has_computed_enough:352 - INFO - runtime_hours*0.99 = 0.495 vs delta_time = 0.03749641961521573 (length 3.5 ns) False False
2025-04-08 19:15:00,724 - [MainProcess:91658] mummi_ras.online.simulation:has_computed_enough:352 - INFO - runtime_hours*0.99 = 0.495 vs delta_time = 0.03805367026064131 (length 3.5 ns) False False
2025-04-08 19:15:02,730 - [MainProcess:91658] mummi_ras.online.simulation:has_computed_enough:352 - INFO - runtime_hours*0.99 = 0.495 vs delta_time = 0.038611002696885 (length 3.5 ns) False False
2025-04-08 19:15:02,872 - [MainProcess:91658] mummi_ras.online.simulation:get_new_frames:399 - INFO - Getting all frame numbers in trajectory from 8 to 8.
2025-04-08 19:15:02,872 - [MainProcess:91658] mummi_ras.online.cg.cganalysis:run_main_analysis:193 - INFO - Process frame 8
2025-04-08 19:15:02,873 - [MainProcess:91658] mummi_ras.online.cg.cganalysis:processFrame:554 - INFO - Load 9 frames: current frame ID /tmp/mummi/cg/structure_iter00_000000000013-20250408_191226/traj_comp.xtc
2025-04-08 19:15:02,883 - [MainProcess:91658] mummi_ras.online.cg.cganalysis:processFrame:580 - INFO - Frame:     8, Time: 4000.000 ps, Bbox = [0, 180.37277, 0, 180.37277]
2025-04-08 19:15:02,884 - [MainProcess:91658] mummi_ras.online.cg.cganalysis:processFrame:584 - INFO - Lengths of layers: 657 39 488
2025-04-08 19:15:02,984 - [MainProcess:91658] mummi_ras.online.cg.cganalysis:processFrame:765 - INFO - Time for analysis - frameNum 8, time 0.11175298690795898 s
2025-04-08 19:15:04,985 - [MainProcess:91658] mummi_ras.online.simulation:has_computed_enough:352 - INFO - runtime_hours*0.99 = 0.495 vs delta_time = 0.03923730790615082 (length 4.0 ns) False False
2025-04-08 19:15:06,991 - [MainProcess:91658] mummi_ras.online.simulation:has_computed_enough:352 - INFO - runtime_hours*0.99 = 0.495 vs delta_time = 0.03979466603861915 (length 4.0 ns) False False
2025-04-08 19:15:08,998 - [MainProcess:91658] mummi_ras.online.simulation:has_computed_enough:352 - INFO - runtime_hours*0.99 = 0.495 vs delta_time = 0.040351963506804575 (length 4.0 ns) False False
2025-04-08 19:15:11,004 - [MainProcess:91658] mummi_ras.online.simulation:has_computed_enough:352 - INFO - runtime_hours*0.99 = 0.495 vs delta_time = 0.04090921097331577 (length 4.0 ns) False False
2025-04-08 19:15:13,010 - [MainProcess:91658] mummi_ras.online.simulation:has_computed_enough:352 - INFO - runtime_hours*0.99 = 0.495 vs delta_time = 0.041466466916932 (length 4.0 ns) False False
2025-04-08 19:15:15,016 - [MainProcess:91658] mummi_ras.online.simulation:has_computed_enough:352 - INFO - runtime_hours*0.99 = 0.495 vs delta_time = 0.04202371246284909 (length 4.0 ns) False False
2025-04-08 19:15:17,022 - [MainProcess:91658] mummi_ras.online.simulation:has_computed_enough:352 - INFO - runtime_hours*0.99 = 0.495 vs delta_time = 0.042580961518817476 (length 4.0 ns) False False
2025-04-08 19:15:19,028 - [MainProcess:91658] mummi_ras.online.simulation:has_computed_enough:352 - INFO - runtime_hours*0.99 = 0.495 vs delta_time = 0.04313820666737027 (length 4.0 ns) False False
2025-04-08 19:15:19,542 - [MainProcess:91658] mummi_ras.online.simulation:get_new_frames:399 - INFO - Getting all frame numbers in trajectory from 9 to 9.
2025-04-08 19:15:19,542 - [MainProcess:91658] mummi_ras.online.cg.cganalysis:run_main_analysis:193 - INFO - Process frame 9
2025-04-08 19:15:19,542 - [MainProcess:91658] mummi_ras.online.cg.cganalysis:processFrame:554 - INFO - Load 10 frames: current frame ID /tmp/mummi/cg/structure_iter00_000000000013-20250408_191226/traj_comp.xtc
2025-04-08 19:15:19,553 - [MainProcess:91658] mummi_ras.online.cg.cganalysis:processFrame:580 - INFO - Frame:     9, Time: 4500.000 ps, Bbox = [0, 180.10423, 0, 180.10423]
2025-04-08 19:15:19,553 - [MainProcess:91658] mummi_ras.online.cg.cganalysis:processFrame:584 - INFO - Lengths of layers: 659 36 489
2025-04-08 19:15:19,654 - [MainProcess:91658] mummi_ras.online.cg.cganalysis:processFrame:765 - INFO - Time for analysis - frameNum 9, time 0.11131143569946289 s
2025-04-08 19:15:21,654 - [MainProcess:91658] mummi_ras.online.simulation:has_computed_enough:352 - INFO - runtime_hours*0.99 = 0.495 vs delta_time = 0.04386765605873532 (length 4.5 ns) False False
2025-04-08 19:15:21,660 - [MainProcess:91658] mummi_ras.online.cg.cganalysis:processOutput:92 - INFO - Add feedback for frameNum 0 - state []
2025-04-08 19:15:21,661 - [MainProcess:91658] mummi_ras.online.cg.cganalysis:processOutput:92 - INFO - Add feedback for frameNum 1 - state []
2025-04-08 19:15:21,661 - [MainProcess:91658] mummi_ras.online.cg.cganalysis:processOutput:92 - INFO - Add feedback for frameNum 2 - state []
2025-04-08 19:15:21,661 - [MainProcess:91658] mummi_ras.online.cg.cganalysis:processOutput:92 - INFO - Add feedback for frameNum 3 - state []
2025-04-08 19:15:21,661 - [MainProcess:91658] mummi_ras.online.cg.cganalysis:processOutput:92 - INFO - Add feedback for frameNum 4 - state []
2025-04-08 19:15:21,661 - [MainProcess:91658] mummi_ras.online.cg.cganalysis:processOutput:92 - INFO - Add feedback for frameNum 5 - state []
2025-04-08 19:15:21,661 - [MainProcess:91658] mummi_ras.online.cg.cganalysis:processOutput:92 - INFO - Add feedback for frameNum 6 - state []
2025-04-08 19:15:21,662 - [MainProcess:91658] mummi_ras.online.cg.cganalysis:processOutput:92 - INFO - Add feedback for frameNum 7 - state []
2025-04-08 19:15:21,662 - [MainProcess:91658] mummi_ras.online.cg.cganalysis:processOutput:92 - INFO - Add feedback for frameNum 8 - state []
2025-04-08 19:15:21,662 - [MainProcess:91658] mummi_ras.online.cg.cganalysis:processOutput:92 - INFO - Add feedback for frameNum 9 - state []
2025-04-08 19:15:21,681 - [MainProcess:91658] mummi_core.interfaces.simple:_save_files:91 - INFO - Wrote 10 files to (/p/gpfs1/pottier1/minimummi-sc25/roots/root2/feedback-cg2ml/013)
2025-04-08 19:15:21,681 - [MainProcess:91658] mummi_ras.feedback.feedback_manager_cg2ml:report:118 - INFO - Added 10 frames (from structure_iter00_000000000013) to feedback (/p/gpfs1/pottier1/minimummi-sc25/roots/root2/feedback-cg2ml)
2025-04-08 19:15:21,681 - [MainProcess:91658] mummi_ras.online.cg.cganalysis:processOutput:112 - INFO - processOutput: 9
2025-04-08 19:15:21,682 - [MainProcess:91658] mummi_ras.online.cg.cganalysis:copyRemoteRestart:452 - INFO - Copy to remote frames [0, 1, 2, 3, 4, 5, 6, 7, 8, 9]
2025-04-08 19:15:21,843 - [MainProcess:91658] mummi_core.utils.utilities:sys_call:184 - INFO - Run command: rsync -va --no-g traj_comp.xtc topol.tpr state.cpt ener.edr md.log mdrun.log /p/gpfs1/pottier1/minimummi-sc25/roots/root2/sims-cg/structure_iter00_000000000013 || true
2025-04-08 19:15:22,223 - [MainProcess:91658] mummi_ras.interfaces.mummi:save_analysis_data:253 - INFO - Saved all analysis data for frames [0, 1, 2, 3, 4, 5, 6, 7, 8, 9]
2025-04-08 19:15:22,223 - [MainProcess:91658] mummi_ras.online.cg.cganalysis:copyRemoteLogs:350 - INFO - Copy over log files
2025-04-08 19:15:22,256 - [MainProcess:91658] mummi_core.utils.utilities:sys_call:184 - INFO - Run command: cp -r  /tmp/mummi/cg/structure_iter00_000000000013-20250408_191226/cg_analysis.out /tmp/mummi/cg/structure_iter00_000000000013-20250408_191226/traj_comp.xtc /tmp/mummi/cg/structure_iter00_000000000013-20250408_191226/*.log /p/gpfs1/pottier1/minimummi-sc25/roots/root2/sims-cg/structure_iter00_000000000013/ || true
2025-04-08 19:15:22,257 - [MainProcess:91658] mummi_ras.online.cg.cganalysis:copyRemoteLogs:365 - INFO - copyRemoteLogs =  /tmp/mummi/cg/structure_iter00_000000000013-20250408_191226/cg_analysis.out /tmp/mummi/cg/structure_iter00_000000000013-20250408_191226/traj_comp.xtc /tmp/mummi/cg/structure_iter00_000000000013-20250408_191226/*.log
2025-04-08 19:15:22,257 - [MainProcess:91658] mummi_ras.online.cg.cganalysis:cleanupLocal:375 - WARNING - Copy cleanup local only works for ddcMD files
2025-04-08 19:15:24,257 - [MainProcess:91658] mummi_ras.online.simulation:has_computed_enough:352 - INFO - runtime_hours*0.99 = 0.495 vs delta_time = 0.04459065940645006 (length 4.5 ns) False False
2025-04-08 19:15:26,263 - [MainProcess:91658] mummi_ras.online.simulation:has_computed_enough:352 - INFO - runtime_hours*0.99 = 0.495 vs delta_time = 0.04514799316724141 (length 4.5 ns) False False
2025-04-08 19:15:28,270 - [MainProcess:91658] mummi_ras.online.simulation:has_computed_enough:352 - INFO - runtime_hours*0.99 = 0.495 vs delta_time = 0.04570530891418457 (length 4.5 ns) False False
2025-04-08 19:15:30,276 - [MainProcess:91658] mummi_ras.online.simulation:has_computed_enough:352 - INFO - runtime_hours*0.99 = 0.495 vs delta_time = 0.04626261333624522 (length 4.5 ns) False False
2025-04-08 19:15:32,282 - [MainProcess:91658] mummi_ras.online.simulation:has_computed_enough:352 - INFO - runtime_hours*0.99 = 0.495 vs delta_time = 0.046819904380374484 (length 4.5 ns) False False
2025-04-08 19:15:34,289 - [MainProcess:91658] mummi_ras.online.simulation:has_computed_enough:352 - INFO - runtime_hours*0.99 = 0.495 vs delta_time = 0.04737723350524902 (length 4.5 ns) False False
2025-04-08 19:15:36,295 - [MainProcess:91658] mummi_ras.online.simulation:has_computed_enough:352 - INFO - runtime_hours*0.99 = 0.495 vs delta_time = 0.047934544218911065 (length 4.5 ns) False False
2025-04-08 19:15:36,347 - [MainProcess:91658] mummi_ras.online.simulation:get_new_frames:399 - INFO - Getting all frame numbers in trajectory from 10 to 10.
2025-04-08 19:15:36,347 - [MainProcess:91658] mummi_ras.online.cg.cganalysis:run_main_analysis:193 - INFO - Process frame 10
2025-04-08 19:15:36,347 - [MainProcess:91658] mummi_ras.online.cg.cganalysis:processFrame:554 - INFO - Load 11 frames: current frame ID /tmp/mummi/cg/structure_iter00_000000000013-20250408_191226/traj_comp.xtc
2025-04-08 19:15:36,358 - [MainProcess:91658] mummi_ras.online.cg.cganalysis:processFrame:580 - INFO - Frame:    10, Time: 5000.000 ps, Bbox = [0, 180.83464, 0, 180.83464]
2025-04-08 19:15:36,358 - [MainProcess:91658] mummi_ras.online.cg.cganalysis:processFrame:584 - INFO - Lengths of layers: 661 35 488
2025-04-08 19:15:36,459 - [MainProcess:91658] mummi_ras.online.cg.cganalysis:processFrame:765 - INFO - Time for analysis - frameNum 10, time 0.11238932609558105 s
2025-04-08 19:15:38,460 - [MainProcess:91658] mummi_ras.online.simulation:has_computed_enough:352 - INFO - runtime_hours*0.99 = 0.495 vs delta_time = 0.04853597243626912 (length 5.0 ns) False False
2025-04-08 19:15:40,467 - [MainProcess:91658] mummi_ras.online.simulation:has_computed_enough:352 - INFO - runtime_hours*0.99 = 0.495 vs delta_time = 0.0490933143430286 (length 5.0 ns) False False
2025-04-08 19:15:42,473 - [MainProcess:91658] mummi_ras.online.simulation:has_computed_enough:352 - INFO - runtime_hours*0.99 = 0.495 vs delta_time = 0.049650640553898284 (length 5.0 ns) False False
2025-04-08 19:15:44,479 - [MainProcess:91658] mummi_ras.online.simulation:has_computed_enough:352 - INFO - runtime_hours*0.99 = 0.495 vs delta_time = 0.05020791980955336 (length 5.0 ns) False False
2025-04-08 19:15:46,485 - [MainProcess:91658] mummi_ras.online.simulation:has_computed_enough:352 - INFO - runtime_hours*0.99 = 0.495 vs delta_time = 0.050765198998981055 (length 5.0 ns) False False
2025-04-08 19:15:48,491 - [MainProcess:91658] mummi_ras.online.simulation:has_computed_enough:352 - INFO - runtime_hours*0.99 = 0.495 vs delta_time = 0.05132244454489814 (length 5.0 ns) False False
2025-04-08 19:15:50,498 - [MainProcess:91658] mummi_ras.online.simulation:has_computed_enough:352 - INFO - runtime_hours*0.99 = 0.495 vs delta_time = 0.051879747112592065 (length 5.0 ns) False False
2025-04-08 19:15:52,504 - [MainProcess:91658] mummi_ras.online.simulation:has_computed_enough:352 - INFO - runtime_hours*0.99 = 0.495 vs delta_time = 0.05243706047534943 (length 5.0 ns) False False
2025-04-08 19:15:54,510 - [MainProcess:91658] mummi_ras.online.simulation:has_computed_enough:352 - INFO - runtime_hours*0.99 = 0.495 vs delta_time = 0.05299436820877923 (length 5.0 ns) False False
2025-04-08 19:15:54,564 - [MainProcess:91658] mummi_ras.online.simulation:get_new_frames:399 - INFO - Getting all frame numbers in trajectory from 11 to 11.
2025-04-08 19:15:54,564 - [MainProcess:91658] mummi_ras.online.cg.cganalysis:run_main_analysis:193 - INFO - Process frame 11
2025-04-08 19:15:54,564 - [MainProcess:91658] mummi_ras.online.cg.cganalysis:processFrame:554 - INFO - Load 12 frames: current frame ID /tmp/mummi/cg/structure_iter00_000000000013-20250408_191226/traj_comp.xtc
2025-04-08 19:15:54,575 - [MainProcess:91658] mummi_ras.online.cg.cganalysis:processFrame:580 - INFO - Frame:    11, Time: 5500.000 ps, Bbox = [0, 180.5333, 0, 180.5333]
2025-04-08 19:15:54,575 - [MainProcess:91658] mummi_ras.online.cg.cganalysis:processFrame:584 - INFO - Lengths of layers: 659 34 491
2025-04-08 19:15:54,678 - [MainProcess:91658] mummi_ras.online.cg.cganalysis:processFrame:765 - INFO - Time for analysis - frameNum 11, time 0.11351728439331055 s
2025-04-08 19:15:56,678 - [MainProcess:91658] mummi_ras.online.simulation:has_computed_enough:352 - INFO - runtime_hours*0.99 = 0.495 vs delta_time = 0.053596577445666 (length 5.5 ns) False False
2025-04-08 19:15:58,685 - [MainProcess:91658] mummi_ras.online.simulation:has_computed_enough:352 - INFO - runtime_hours*0.99 = 0.495 vs delta_time = 0.05415394107500712 (length 5.5 ns) False False
2025-04-08 19:16:00,691 - [MainProcess:91658] mummi_ras.online.simulation:has_computed_enough:352 - INFO - runtime_hours*0.99 = 0.495 vs delta_time = 0.05471121397283342 (length 5.5 ns) False False
2025-04-08 19:16:02,697 - [MainProcess:91658] mummi_ras.online.simulation:has_computed_enough:352 - INFO - runtime_hours*0.99 = 0.495 vs delta_time = 0.05526854170693291 (length 5.5 ns) False False
2025-04-08 19:16:04,704 - [MainProcess:91658] mummi_ras.online.simulation:has_computed_enough:352 - INFO - runtime_hours*0.99 = 0.495 vs delta_time = 0.05582586334811317 (length 5.5 ns) False False
2025-04-08 19:16:06,710 - [MainProcess:91658] mummi_ras.online.simulation:has_computed_enough:352 - INFO - runtime_hours*0.99 = 0.495 vs delta_time = 0.056383146577411225 (length 5.5 ns) False False
2025-04-08 19:16:08,716 - [MainProcess:91658] mummi_ras.online.simulation:has_computed_enough:352 - INFO - runtime_hours*0.99 = 0.495 vs delta_time = 0.05694042430983649 (length 5.5 ns) False False
2025-04-08 19:16:10,722 - [MainProcess:91658] mummi_ras.online.simulation:has_computed_enough:352 - INFO - runtime_hours*0.99 = 0.495 vs delta_time = 0.057497705618540444 (length 5.5 ns) False False
2025-04-08 19:16:10,827 - [MainProcess:91658] mummi_ras.online.simulation:get_new_frames:399 - INFO - Getting all frame numbers in trajectory from 12 to 12.
2025-04-08 19:16:10,828 - [MainProcess:91658] mummi_ras.online.cg.cganalysis:run_main_analysis:193 - INFO - Process frame 12
2025-04-08 19:16:10,828 - [MainProcess:91658] mummi_ras.online.cg.cganalysis:processFrame:554 - INFO - Load 13 frames: current frame ID /tmp/mummi/cg/structure_iter00_000000000013-20250408_191226/traj_comp.xtc
2025-04-08 19:16:10,839 - [MainProcess:91658] mummi_ras.online.cg.cganalysis:processFrame:580 - INFO - Frame:    12, Time: 6000.000 ps, Bbox = [0, 180.67085, 0, 180.67085]
2025-04-08 19:16:10,839 - [MainProcess:91658] mummi_ras.online.cg.cganalysis:processFrame:584 - INFO - Lengths of layers: 662 31 491
2025-04-08 19:16:10,940 - [MainProcess:91658] mummi_ras.online.cg.cganalysis:processFrame:765 - INFO - Time for analysis - frameNum 12, time 0.11256098747253418 s
2025-04-08 19:16:12,941 - [MainProcess:91658] mummi_ras.online.simulation:has_computed_enough:352 - INFO - runtime_hours*0.99 = 0.495 vs delta_time = 0.05811396466361152 (length 6.0 ns) False False
2025-04-08 19:16:14,947 - [MainProcess:91658] mummi_ras.online.simulation:has_computed_enough:352 - INFO - runtime_hours*0.99 = 0.495 vs delta_time = 0.058671317166752286 (length 6.0 ns) False False
2025-04-08 19:16:16,954 - [MainProcess:91658] mummi_ras.online.simulation:has_computed_enough:352 - INFO - runtime_hours*0.99 = 0.495 vs delta_time = 0.05922860893938277 (length 6.0 ns) False False
2025-04-08 19:16:18,960 - [MainProcess:91658] mummi_ras.online.simulation:has_computed_enough:352 - INFO - runtime_hours*0.99 = 0.495 vs delta_time = 0.05978587395615048 (length 6.0 ns) False False
2025-04-08 19:16:20,966 - [MainProcess:91658] mummi_ras.online.simulation:has_computed_enough:352 - INFO - runtime_hours*0.99 = 0.495 vs delta_time = 0.06034319778283437 (length 6.0 ns) False False
2025-04-08 19:16:22,972 - [MainProcess:91658] mummi_ras.online.simulation:has_computed_enough:352 - INFO - runtime_hours*0.99 = 0.495 vs delta_time = 0.06090047127670712 (length 6.0 ns) False False
2025-04-08 19:16:24,979 - [MainProcess:91658] mummi_ras.online.simulation:has_computed_enough:352 - INFO - runtime_hours*0.99 = 0.495 vs delta_time = 0.06145775232050154 (length 6.0 ns) False False
2025-04-08 19:16:26,985 - [MainProcess:91658] mummi_ras.online.simulation:has_computed_enough:352 - INFO - runtime_hours*0.99 = 0.495 vs delta_time = 0.0620150093237559 (length 6.0 ns) False False
2025-04-08 19:16:28,991 - [MainProcess:91658] mummi_ras.online.simulation:has_computed_enough:352 - INFO - runtime_hours*0.99 = 0.495 vs delta_time = 0.06257231487168206 (length 6.0 ns) False False
2025-04-08 19:16:29,332 - [MainProcess:91658] mummi_ras.online.simulation:get_new_frames:399 - INFO - Getting all frame numbers in trajectory from 13 to 13.
2025-04-08 19:16:29,332 - [MainProcess:91658] mummi_ras.online.cg.cganalysis:run_main_analysis:193 - INFO - Process frame 13
2025-04-08 19:16:29,332 - [MainProcess:91658] mummi_ras.online.cg.cganalysis:processFrame:554 - INFO - Load 14 frames: current frame ID /tmp/mummi/cg/structure_iter00_000000000013-20250408_191226/traj_comp.xtc
2025-04-08 19:16:29,343 - [MainProcess:91658] mummi_ras.online.cg.cganalysis:processFrame:580 - INFO - Frame:    13, Time: 6500.000 ps, Bbox = [0, 181.1888, 0, 181.1888]
2025-04-08 19:16:29,343 - [MainProcess:91658] mummi_ras.online.cg.cganalysis:processFrame:584 - INFO - Lengths of layers: 660 31 493
2025-04-08 19:16:29,445 - [MainProcess:91658] mummi_ras.online.cg.cganalysis:processFrame:765 - INFO - Time for analysis - frameNum 13, time 0.11350798606872559 s
2025-04-08 19:16:31,446 - [MainProcess:91658] mummi_ras.online.simulation:has_computed_enough:352 - INFO - runtime_hours*0.99 = 0.495 vs delta_time = 0.06325429466035631 (length 6.5 ns) False False
2025-04-08 19:16:33,453 - [MainProcess:91658] mummi_ras.online.simulation:has_computed_enough:352 - INFO - runtime_hours*0.99 = 0.495 vs delta_time = 0.0638116494152281 (length 6.5 ns) False False
2025-04-08 19:16:35,459 - [MainProcess:91658] mummi_ras.online.simulation:has_computed_enough:352 - INFO - runtime_hours*0.99 = 0.495 vs delta_time = 0.06436892449855805 (length 6.5 ns) False False
2025-04-08 19:16:37,465 - [MainProcess:91658] mummi_ras.online.simulation:has_computed_enough:352 - INFO - runtime_hours*0.99 = 0.495 vs delta_time = 0.06492619872093201 (length 6.5 ns) False False
2025-04-08 19:16:39,471 - [MainProcess:91658] mummi_ras.online.simulation:has_computed_enough:352 - INFO - runtime_hours*0.99 = 0.495 vs delta_time = 0.06548350188467238 (length 6.5 ns) False False
2025-04-08 19:16:41,478 - [MainProcess:91658] mummi_ras.online.simulation:has_computed_enough:352 - INFO - runtime_hours*0.99 = 0.495 vs delta_time = 0.06604081663820478 (length 6.5 ns) False False
2025-04-08 19:16:43,484 - [MainProcess:91658] mummi_ras.online.simulation:has_computed_enough:352 - INFO - runtime_hours*0.99 = 0.495 vs delta_time = 0.06659809013207753 (length 6.5 ns) False False
2025-04-08 19:16:45,490 - [MainProcess:91658] mummi_ras.online.simulation:has_computed_enough:352 - INFO - runtime_hours*0.99 = 0.495 vs delta_time = 0.06715536971886953 (length 6.5 ns) False False
2025-04-08 19:16:45,541 - [MainProcess:91658] mummi_ras.online.simulation:get_new_frames:399 - INFO - Getting all frame numbers in trajectory from 14 to 14.
2025-04-08 19:16:45,542 - [MainProcess:91658] mummi_ras.online.cg.cganalysis:run_main_analysis:193 - INFO - Process frame 14
2025-04-08 19:16:45,542 - [MainProcess:91658] mummi_ras.online.cg.cganalysis:processFrame:554 - INFO - Load 15 frames: current frame ID /tmp/mummi/cg/structure_iter00_000000000013-20250408_191226/traj_comp.xtc
2025-04-08 19:16:45,553 - [MainProcess:91658] mummi_ras.online.cg.cganalysis:processFrame:580 - INFO - Frame:    14, Time: 7000.000 ps, Bbox = [0, 181.15363, 0, 181.15363]
2025-04-08 19:16:45,553 - [MainProcess:91658] mummi_ras.online.cg.cganalysis:processFrame:584 - INFO - Lengths of layers: 664 27 493
2025-04-08 19:16:45,654 - [MainProcess:91658] mummi_ras.online.cg.cganalysis:processFrame:765 - INFO - Time for analysis - frameNum 14, time 0.11249971389770508 s
2025-04-08 19:16:47,655 - [MainProcess:91658] mummi_ras.online.simulation:has_computed_enough:352 - INFO - runtime_hours*0.99 = 0.495 vs delta_time = 0.06775673998726739 (length 7.0 ns) False False
2025-04-08 19:16:49,661 - [MainProcess:91658] mummi_ras.online.simulation:has_computed_enough:352 - INFO - runtime_hours*0.99 = 0.495 vs delta_time = 0.06831405229038662 (length 7.0 ns) False False
2025-04-08 19:16:51,667 - [MainProcess:91658] mummi_ras.online.simulation:has_computed_enough:352 - INFO - runtime_hours*0.99 = 0.495 vs delta_time = 0.0688713354534573 (length 7.0 ns) False False
2025-04-08 19:16:53,674 - [MainProcess:91658] mummi_ras.online.simulation:has_computed_enough:352 - INFO - runtime_hours*0.99 = 0.495 vs delta_time = 0.0694286087486479 (length 7.0 ns) False False
2025-04-08 19:16:55,680 - [MainProcess:91658] mummi_ras.online.simulation:has_computed_enough:352 - INFO - runtime_hours*0.99 = 0.495 vs delta_time = 0.06998590012391408 (length 7.0 ns) False False
2025-04-08 19:16:57,686 - [MainProcess:91658] mummi_ras.online.simulation:has_computed_enough:352 - INFO - runtime_hours*0.99 = 0.495 vs delta_time = 0.07054321010907491 (length 7.0 ns) False False
2025-04-08 19:16:59,692 - [MainProcess:91658] mummi_ras.online.simulation:has_computed_enough:352 - INFO - runtime_hours*0.99 = 0.495 vs delta_time = 0.07110048525863223 (length 7.0 ns) False False
2025-04-08 19:17:01,699 - [MainProcess:91658] mummi_ras.online.simulation:has_computed_enough:352 - INFO - runtime_hours*0.99 = 0.495 vs delta_time = 0.07165773729483287 (length 7.0 ns) False False
2025-04-08 19:17:01,753 - [MainProcess:91658] mummi_ras.online.simulation:get_new_frames:399 - INFO - Getting all frame numbers in trajectory from 15 to 15.
2025-04-08 19:17:01,754 - [MainProcess:91658] mummi_ras.online.cg.cganalysis:run_main_analysis:193 - INFO - Process frame 15
2025-04-08 19:17:01,754 - [MainProcess:91658] mummi_ras.online.cg.cganalysis:processFrame:554 - INFO - Load 16 frames: current frame ID /tmp/mummi/cg/structure_iter00_000000000013-20250408_191226/traj_comp.xtc
2025-04-08 19:17:01,765 - [MainProcess:91658] mummi_ras.online.cg.cganalysis:processFrame:580 - INFO - Frame:    15, Time: 7500.000 ps, Bbox = [0, 180.70096, 0, 180.70096]
2025-04-08 19:17:01,765 - [MainProcess:91658] mummi_ras.online.cg.cganalysis:processFrame:584 - INFO - Lengths of layers: 666 26 492
2025-04-08 19:17:01,866 - [MainProcess:91658] mummi_ras.online.cg.cganalysis:processFrame:765 - INFO - Time for analysis - frameNum 15, time 0.11270403861999512 s
2025-04-08 19:17:03,867 - [MainProcess:91658] mummi_ras.online.simulation:has_computed_enough:352 - INFO - runtime_hours*0.99 = 0.495 vs delta_time = 0.07226008415222168 (length 7.5 ns) False False
2025-04-08 19:17:05,873 - [MainProcess:91658] mummi_ras.online.simulation:has_computed_enough:352 - INFO - runtime_hours*0.99 = 0.495 vs delta_time = 0.07281742420461443 (length 7.5 ns) False False
2025-04-08 19:17:07,880 - [MainProcess:91658] mummi_ras.online.simulation:has_computed_enough:352 - INFO - runtime_hours*0.99 = 0.495 vs delta_time = 0.07337470107608371 (length 7.5 ns) False False
2025-04-08 19:17:09,886 - [MainProcess:91658] mummi_ras.online.simulation:has_computed_enough:352 - INFO - runtime_hours*0.99 = 0.495 vs delta_time = 0.07393199927277035 (length 7.5 ns) False False
2025-04-08 19:17:11,892 - [MainProcess:91658] mummi_ras.online.simulation:has_computed_enough:352 - INFO - runtime_hours*0.99 = 0.495 vs delta_time = 0.07448928402529822 (length 7.5 ns) False False
2025-04-08 19:17:13,898 - [MainProcess:91658] mummi_ras.online.simulation:has_computed_enough:352 - INFO - runtime_hours*0.99 = 0.495 vs delta_time = 0.07504656493663787 (length 7.5 ns) False False
2025-04-08 19:17:15,904 - [MainProcess:91658] mummi_ras.online.simulation:has_computed_enough:352 - INFO - runtime_hours*0.99 = 0.495 vs delta_time = 0.07560383518536885 (length 7.5 ns) False False
2025-04-08 19:17:17,911 - [MainProcess:91658] mummi_ras.online.simulation:has_computed_enough:352 - INFO - runtime_hours*0.99 = 0.495 vs delta_time = 0.0761611114607917 (length 7.5 ns) False False
2025-04-08 19:17:19,917 - [MainProcess:91658] mummi_ras.online.simulation:has_computed_enough:352 - INFO - runtime_hours*0.99 = 0.495 vs delta_time = 0.07671842250559065 (length 7.5 ns) False False
2025-04-08 19:17:20,093 - [MainProcess:91658] mummi_ras.online.simulation:get_new_frames:399 - INFO - Getting all frame numbers in trajectory from 16 to 16.
2025-04-08 19:17:20,093 - [MainProcess:91658] mummi_ras.online.cg.cganalysis:run_main_analysis:193 - INFO - Process frame 16
2025-04-08 19:17:20,093 - [MainProcess:91658] mummi_ras.online.cg.cganalysis:processFrame:554 - INFO - Load 17 frames: current frame ID /tmp/mummi/cg/structure_iter00_000000000013-20250408_191226/traj_comp.xtc
2025-04-08 19:17:20,105 - [MainProcess:91658] mummi_ras.online.cg.cganalysis:processFrame:580 - INFO - Frame:    16, Time: 8000.000 ps, Bbox = [0, 180.42723, 0, 180.42723]
2025-04-08 19:17:20,105 - [MainProcess:91658] mummi_ras.online.cg.cganalysis:processFrame:584 - INFO - Lengths of layers: 667 27 490
2025-04-08 19:17:20,206 - [MainProcess:91658] mummi_ras.online.cg.cganalysis:processFrame:765 - INFO - Time for analysis - frameNum 16, time 0.11282777786254883 s
2025-04-08 19:17:22,207 - [MainProcess:91658] mummi_ras.online.simulation:has_computed_enough:352 - INFO - runtime_hours*0.99 = 0.495 vs delta_time = 0.07735451194975111 (length 8.0 ns) False False
2025-04-08 19:17:24,213 - [MainProcess:91658] mummi_ras.online.simulation:has_computed_enough:352 - INFO - runtime_hours*0.99 = 0.495 vs delta_time = 0.07791187789705065 (length 8.0 ns) False False
2025-04-08 19:17:26,220 - [MainProcess:91658] mummi_ras.online.simulation:has_computed_enough:352 - INFO - runtime_hours*0.99 = 0.495 vs delta_time = 0.07846915052996742 (length 8.0 ns) False False
2025-04-08 19:17:28,226 - [MainProcess:91658] mummi_ras.online.simulation:has_computed_enough:352 - INFO - runtime_hours*0.99 = 0.495 vs delta_time = 0.07902643316321903 (length 8.0 ns) False False
2025-04-08 19:17:30,232 - [MainProcess:91658] mummi_ras.online.simulation:has_computed_enough:352 - INFO - runtime_hours*0.99 = 0.495 vs delta_time = 0.07958369069629245 (length 8.0 ns) False False
2025-04-08 19:17:32,238 - [MainProcess:91658] mummi_ras.online.simulation:has_computed_enough:352 - INFO - runtime_hours*0.99 = 0.495 vs delta_time = 0.08014100862873925 (length 8.0 ns) False False
2025-04-08 19:17:34,244 - [MainProcess:91658] mummi_ras.online.simulation:has_computed_enough:352 - INFO - runtime_hours*0.99 = 0.495 vs delta_time = 0.08069827424155342 (length 8.0 ns) False False
2025-04-08 19:17:36,251 - [MainProcess:91658] mummi_ras.online.simulation:has_computed_enough:352 - INFO - runtime_hours*0.99 = 0.495 vs delta_time = 0.08125554396046533 (length 8.0 ns) False False
2025-04-08 19:17:36,433 - [MainProcess:91658] mummi_ras.online.simulation:get_new_frames:399 - INFO - Getting all frame numbers in trajectory from 17 to 17.
2025-04-08 19:17:36,433 - [MainProcess:91658] mummi_ras.online.cg.cganalysis:run_main_analysis:193 - INFO - Process frame 17
2025-04-08 19:17:36,433 - [MainProcess:91658] mummi_ras.online.cg.cganalysis:processFrame:554 - INFO - Load 18 frames: current frame ID /tmp/mummi/cg/structure_iter00_000000000013-20250408_191226/traj_comp.xtc
2025-04-08 19:17:36,444 - [MainProcess:91658] mummi_ras.online.cg.cganalysis:processFrame:580 - INFO - Frame:    17, Time: 8500.000 ps, Bbox = [0, 180.55128, 0, 180.55128]
2025-04-08 19:17:36,445 - [MainProcess:91658] mummi_ras.online.cg.cganalysis:processFrame:584 - INFO - Lengths of layers: 668 23 493
2025-04-08 19:17:36,546 - [MainProcess:91658] mummi_ras.online.cg.cganalysis:processFrame:765 - INFO - Time for analysis - frameNum 17, time 0.11268925666809082 s
2025-04-08 19:17:38,546 - [MainProcess:91658] mummi_ras.online.simulation:has_computed_enough:352 - INFO - runtime_hours*0.99 = 0.495 vs delta_time = 0.08189329021506839 (length 8.5 ns) False False
2025-04-08 19:17:40,553 - [MainProcess:91658] mummi_ras.online.simulation:has_computed_enough:352 - INFO - runtime_hours*0.99 = 0.495 vs delta_time = 0.08245062788327535 (length 8.5 ns) False False
2025-04-08 19:17:42,559 - [MainProcess:91658] mummi_ras.online.simulation:has_computed_enough:352 - INFO - runtime_hours*0.99 = 0.495 vs delta_time = 0.08300792515277862 (length 8.5 ns) False False
2025-04-08 19:17:44,565 - [MainProcess:91658] mummi_ras.online.simulation:has_computed_enough:352 - INFO - runtime_hours*0.99 = 0.495 vs delta_time = 0.08356523553530375 (length 8.5 ns) False False
2025-04-08 19:17:46,572 - [MainProcess:91658] mummi_ras.online.simulation:has_computed_enough:352 - INFO - runtime_hours*0.99 = 0.495 vs delta_time = 0.08412251955933041 (length 8.5 ns) False False
2025-04-08 19:17:48,578 - [MainProcess:91658] mummi_ras.online.simulation:has_computed_enough:352 - INFO - runtime_hours*0.99 = 0.495 vs delta_time = 0.08467979921234979 (length 8.5 ns) False False
2025-04-08 19:17:50,584 - [MainProcess:91658] mummi_ras.online.simulation:has_computed_enough:352 - INFO - runtime_hours*0.99 = 0.495 vs delta_time = 0.08523709177970887 (length 8.5 ns) False False
2025-04-08 19:17:52,590 - [MainProcess:91658] mummi_ras.online.simulation:has_computed_enough:352 - INFO - runtime_hours*0.99 = 0.495 vs delta_time = 0.08579435520701938 (length 8.5 ns) False False
2025-04-08 19:17:54,597 - [MainProcess:91658] mummi_ras.online.simulation:has_computed_enough:352 - INFO - runtime_hours*0.99 = 0.495 vs delta_time = 0.08635167466269598 (length 8.5 ns) False False
2025-04-08 19:17:54,648 - [MainProcess:91658] mummi_ras.online.simulation:get_new_frames:399 - INFO - Getting all frame numbers in trajectory from 18 to 18.
2025-04-08 19:17:54,649 - [MainProcess:91658] mummi_ras.online.cg.cganalysis:run_main_analysis:193 - INFO - Process frame 18
2025-04-08 19:17:54,649 - [MainProcess:91658] mummi_ras.online.cg.cganalysis:processFrame:554 - INFO - Load 19 frames: current frame ID /tmp/mummi/cg/structure_iter00_000000000013-20250408_191226/traj_comp.xtc
2025-04-08 19:17:54,660 - [MainProcess:91658] mummi_ras.online.cg.cganalysis:processFrame:580 - INFO - Frame:    18, Time: 9000.000 ps, Bbox = [0, 181.38898, 0, 181.38898]
2025-04-08 19:17:54,660 - [MainProcess:91658] mummi_ras.online.cg.cganalysis:processFrame:584 - INFO - Lengths of layers: 667 23 494
2025-04-08 19:17:54,762 - [MainProcess:91658] mummi_ras.online.cg.cganalysis:processFrame:765 - INFO - Time for analysis - frameNum 18, time 0.11304855346679688 s
2025-04-08 19:17:56,762 - [MainProcess:91658] mummi_ras.online.simulation:has_computed_enough:352 - INFO - runtime_hours*0.99 = 0.495 vs delta_time = 0.08695328990618388 (length 9.0 ns) False False
2025-04-08 19:17:58,769 - [MainProcess:91658] mummi_ras.online.simulation:has_computed_enough:352 - INFO - runtime_hours*0.99 = 0.495 vs delta_time = 0.08751064240932464 (length 9.0 ns) False False
2025-04-08 19:18:00,775 - [MainProcess:91658] mummi_ras.online.simulation:has_computed_enough:352 - INFO - runtime_hours*0.99 = 0.495 vs delta_time = 0.08806796888510386 (length 9.0 ns) False False
2025-04-08 19:18:02,782 - [MainProcess:91658] mummi_ras.online.simulation:has_computed_enough:352 - INFO - runtime_hours*0.99 = 0.495 vs delta_time = 0.08862524741225772 (length 9.0 ns) False False
2025-04-08 19:18:04,788 - [MainProcess:91658] mummi_ras.online.simulation:has_computed_enough:352 - INFO - runtime_hours*0.99 = 0.495 vs delta_time = 0.08918251838948991 (length 9.0 ns) False False
2025-04-08 19:18:06,794 - [MainProcess:91658] mummi_ras.online.simulation:has_computed_enough:352 - INFO - runtime_hours*0.99 = 0.495 vs delta_time = 0.08973982214927673 (length 9.0 ns) False False
2025-04-08 19:18:08,800 - [MainProcess:91658] mummi_ras.online.simulation:has_computed_enough:352 - INFO - runtime_hours*0.99 = 0.495 vs delta_time = 0.09029713180330065 (length 9.0 ns) False False
2025-04-08 19:18:10,806 - [MainProcess:91658] mummi_ras.online.simulation:has_computed_enough:352 - INFO - runtime_hours*0.99 = 0.495 vs delta_time = 0.09085440622435675 (length 9.0 ns) False False
2025-04-08 19:18:10,865 - [MainProcess:91658] mummi_ras.online.simulation:get_new_frames:399 - INFO - Getting all frame numbers in trajectory from 19 to 19.
2025-04-08 19:18:10,865 - [MainProcess:91658] mummi_ras.online.cg.cganalysis:run_main_analysis:193 - INFO - Process frame 19
2025-04-08 19:18:10,865 - [MainProcess:91658] mummi_ras.online.cg.cganalysis:processFrame:554 - INFO - Load 20 frames: current frame ID /tmp/mummi/cg/structure_iter00_000000000013-20250408_191226/traj_comp.xtc
2025-04-08 19:18:10,876 - [MainProcess:91658] mummi_ras.online.cg.cganalysis:processFrame:580 - INFO - Frame:    19, Time: 9500.000 ps, Bbox = [0, 180.61096, 0, 180.61096]
2025-04-08 19:18:10,876 - [MainProcess:91658] mummi_ras.online.cg.cganalysis:processFrame:584 - INFO - Lengths of layers: 665 22 497
2025-04-08 19:18:10,978 - [MainProcess:91658] mummi_ras.online.cg.cganalysis:processFrame:765 - INFO - Time for analysis - frameNum 19, time 0.11253833770751953 s
2025-04-08 19:18:12,978 - [MainProcess:91658] mummi_ras.online.simulation:has_computed_enough:352 - INFO - runtime_hours*0.99 = 0.495 vs delta_time = 0.09145764893955655 (length 9.5 ns) False False
2025-04-08 19:18:12,985 - [MainProcess:91658] mummi_ras.online.cg.cganalysis:processOutput:92 - INFO - Add feedback for frameNum 10 - state []
2025-04-08 19:18:12,985 - [MainProcess:91658] mummi_ras.online.cg.cganalysis:processOutput:92 - INFO - Add feedback for frameNum 11 - state []
2025-04-08 19:18:12,985 - [MainProcess:91658] mummi_ras.online.cg.cganalysis:processOutput:92 - INFO - Add feedback for frameNum 12 - state []
2025-04-08 19:18:12,985 - [MainProcess:91658] mummi_ras.online.cg.cganalysis:processOutput:92 - INFO - Add feedback for frameNum 13 - state []
2025-04-08 19:18:12,985 - [MainProcess:91658] mummi_ras.online.cg.cganalysis:processOutput:92 - INFO - Add feedback for frameNum 14 - state []
2025-04-08 19:18:12,985 - [MainProcess:91658] mummi_ras.online.cg.cganalysis:processOutput:92 - INFO - Add feedback for frameNum 15 - state []
2025-04-08 19:18:12,985 - [MainProcess:91658] mummi_ras.online.cg.cganalysis:processOutput:92 - INFO - Add feedback for frameNum 16 - state []
2025-04-08 19:18:12,986 - [MainProcess:91658] mummi_ras.online.cg.cganalysis:processOutput:92 - INFO - Add feedback for frameNum 17 - state []
2025-04-08 19:18:12,986 - [MainProcess:91658] mummi_ras.online.cg.cganalysis:processOutput:92 - INFO - Add feedback for frameNum 18 - state []
2025-04-08 19:18:12,986 - [MainProcess:91658] mummi_ras.online.cg.cganalysis:processOutput:92 - INFO - Add feedback for frameNum 19 - state []
2025-04-08 19:18:13,025 - [MainProcess:91658] mummi_core.interfaces.simple:_save_files:91 - INFO - Wrote 10 files to (/p/gpfs1/pottier1/minimummi-sc25/roots/root2/feedback-cg2ml/013)
2025-04-08 19:18:13,025 - [MainProcess:91658] mummi_ras.feedback.feedback_manager_cg2ml:report:118 - INFO - Added 10 frames (from structure_iter00_000000000013) to feedback (/p/gpfs1/pottier1/minimummi-sc25/roots/root2/feedback-cg2ml)
2025-04-08 19:18:13,025 - [MainProcess:91658] mummi_ras.online.cg.cganalysis:processOutput:112 - INFO - processOutput: 19
2025-04-08 19:18:13,026 - [MainProcess:91658] mummi_ras.online.cg.cganalysis:copyRemoteRestart:452 - INFO - Copy to remote frames [10, 11, 12, 13, 14, 15, 16, 17, 18, 19]
2025-04-08 19:18:13,124 - [MainProcess:91658] mummi_core.utils.utilities:sys_call:184 - INFO - Run command: rsync -va --no-g traj_comp.xtc topol.tpr state.cpt ener.edr md.log mdrun.log /p/gpfs1/pottier1/minimummi-sc25/roots/root2/sims-cg/structure_iter00_000000000013 || true
2025-04-08 19:18:13,545 - [MainProcess:91658] mummi_ras.interfaces.mummi:save_analysis_data:253 - INFO - Saved all analysis data for frames [10, 11, 12, 13, 14, 15, 16, 17, 18, 19]
2025-04-08 19:18:13,545 - [MainProcess:91658] mummi_ras.online.cg.cganalysis:copyRemoteLogs:350 - INFO - Copy over log files
2025-04-08 19:18:13,582 - [MainProcess:91658] mummi_core.utils.utilities:sys_call:184 - INFO - Run command: cp -r  /tmp/mummi/cg/structure_iter00_000000000013-20250408_191226/cg_analysis.out /tmp/mummi/cg/structure_iter00_000000000013-20250408_191226/traj_comp.xtc /tmp/mummi/cg/structure_iter00_000000000013-20250408_191226/*.log /p/gpfs1/pottier1/minimummi-sc25/roots/root2/sims-cg/structure_iter00_000000000013/ || true
2025-04-08 19:18:13,583 - [MainProcess:91658] mummi_ras.online.cg.cganalysis:copyRemoteLogs:365 - INFO - copyRemoteLogs =  /tmp/mummi/cg/structure_iter00_000000000013-20250408_191226/cg_analysis.out /tmp/mummi/cg/structure_iter00_000000000013-20250408_191226/traj_comp.xtc /tmp/mummi/cg/structure_iter00_000000000013-20250408_191226/*.log
2025-04-08 19:18:13,583 - [MainProcess:91658] mummi_ras.online.cg.cganalysis:cleanupLocal:375 - WARNING - Copy cleanup local only works for ddcMD files
2025-04-08 19:18:15,583 - [MainProcess:91658] mummi_ras.online.simulation:has_computed_enough:352 - INFO - runtime_hours*0.99 = 0.495 vs delta_time = 0.09218122356467777 (length 9.5 ns) False False
2025-04-08 19:18:17,589 - [MainProcess:91658] mummi_ras.online.simulation:has_computed_enough:352 - INFO - runtime_hours*0.99 = 0.495 vs delta_time = 0.0927385554711024 (length 9.5 ns) False False
2025-04-08 19:18:19,596 - [MainProcess:91658] mummi_ras.online.simulation:has_computed_enough:352 - INFO - runtime_hours*0.99 = 0.495 vs delta_time = 0.09329586625099182 (length 9.5 ns) False False
2025-04-08 19:18:21,602 - [MainProcess:91658] mummi_ras.online.simulation:has_computed_enough:352 - INFO - runtime_hours*0.99 = 0.495 vs delta_time = 0.09385312060515086 (length 9.5 ns) False False
2025-04-08 19:18:23,608 - [MainProcess:91658] mummi_ras.online.simulation:has_computed_enough:352 - INFO - runtime_hours*0.99 = 0.495 vs delta_time = 0.09441039244333903 (length 9.5 ns) False False
2025-04-08 19:18:25,614 - [MainProcess:91658] mummi_ras.online.simulation:has_computed_enough:352 - INFO - runtime_hours*0.99 = 0.495 vs delta_time = 0.0949676470624076 (length 9.5 ns) False False
2025-04-08 19:18:27,620 - [MainProcess:91658] mummi_ras.online.simulation:has_computed_enough:352 - INFO - runtime_hours*0.99 = 0.495 vs delta_time = 0.09552490346961551 (length 9.5 ns) False False
2025-04-08 19:18:27,719 - [MainProcess:91658] mummi_ras.online.simulation:get_new_frames:399 - INFO - Getting all frame numbers in trajectory from 20 to 20.
2025-04-08 19:18:27,719 - [MainProcess:91658] mummi_ras.online.cg.cganalysis:run_main_analysis:193 - INFO - Process frame 20
2025-04-08 19:18:27,719 - [MainProcess:91658] mummi_ras.online.cg.cganalysis:processFrame:554 - INFO - Load 21 frames: current frame ID /tmp/mummi/cg/structure_iter00_000000000013-20250408_191226/traj_comp.xtc
2025-04-08 19:18:27,730 - [MainProcess:91658] mummi_ras.online.cg.cganalysis:processFrame:580 - INFO - Frame:    20, Time: 10000.000 ps, Bbox = [0, 180.03839, 0, 180.03839]
2025-04-08 19:18:27,730 - [MainProcess:91658] mummi_ras.online.cg.cganalysis:processFrame:584 - INFO - Lengths of layers: 666 27 491
2025-04-08 19:18:27,833 - [MainProcess:91658] mummi_ras.online.cg.cganalysis:processFrame:765 - INFO - Time for analysis - frameNum 20, time 0.1146087646484375 s
2025-04-08 19:18:29,834 - [MainProcess:91658] mummi_ras.online.simulation:has_computed_enough:352 - INFO - runtime_hours*0.99 = 0.495 vs delta_time = 0.09613983253637949 (length 10.0 ns) False False
2025-04-08 19:18:31,840 - [MainProcess:91658] mummi_ras.online.simulation:has_computed_enough:352 - INFO - runtime_hours*0.99 = 0.495 vs delta_time = 0.09669715993934208 (length 10.0 ns) False False
2025-04-08 19:18:33,847 - [MainProcess:91658] mummi_ras.online.simulation:has_computed_enough:352 - INFO - runtime_hours*0.99 = 0.495 vs delta_time = 0.09725442972448137 (length 10.0 ns) False False
2025-04-08 19:18:35,853 - [MainProcess:91658] mummi_ras.online.simulation:has_computed_enough:352 - INFO - runtime_hours*0.99 = 0.495 vs delta_time = 0.09781169805261825 (length 10.0 ns) False False
2025-04-08 19:18:37,859 - [MainProcess:91658] mummi_ras.online.simulation:has_computed_enough:352 - INFO - runtime_hours*0.99 = 0.495 vs delta_time = 0.0983689319425159 (length 10.0 ns) False False
2025-04-08 19:18:39,865 - [MainProcess:91658] mummi_ras.online.simulation:has_computed_enough:352 - INFO - runtime_hours*0.99 = 0.495 vs delta_time = 0.09892621278762817 (length 10.0 ns) False False
2025-04-08 19:18:41,871 - [MainProcess:91658] mummi_ras.online.simulation:has_computed_enough:352 - INFO - runtime_hours*0.99 = 0.495 vs delta_time = 0.09948349648051792 (length 10.0 ns) False False
2025-04-08 19:18:43,877 - [MainProcess:91658] mummi_ras.online.simulation:has_computed_enough:352 - INFO - runtime_hours*0.99 = 0.495 vs delta_time = 0.10004075639777714 (length 10.0 ns) False False
2025-04-08 19:18:45,884 - [MainProcess:91658] mummi_ras.online.simulation:has_computed_enough:352 - INFO - runtime_hours*0.99 = 0.495 vs delta_time = 0.10059802518950568 (length 10.0 ns) False False
2025-04-08 19:18:46,049 - [MainProcess:91658] mummi_ras.online.simulation:get_new_frames:399 - INFO - Getting all frame numbers in trajectory from 21 to 21.
2025-04-08 19:18:46,050 - [MainProcess:91658] mummi_ras.online.cg.cganalysis:run_main_analysis:193 - INFO - Process frame 21
2025-04-08 19:18:46,050 - [MainProcess:91658] mummi_ras.online.cg.cganalysis:processFrame:554 - INFO - Load 22 frames: current frame ID /tmp/mummi/cg/structure_iter00_000000000013-20250408_191226/traj_comp.xtc
2025-04-08 19:18:46,061 - [MainProcess:91658] mummi_ras.online.cg.cganalysis:processFrame:580 - INFO - Frame:    21, Time: 10500.000 ps, Bbox = [0, 180.22415, 0, 180.22415]
2025-04-08 19:18:46,061 - [MainProcess:91658] mummi_ras.online.cg.cganalysis:processFrame:584 - INFO - Lengths of layers: 667 28 489
2025-04-08 19:18:46,162 - [MainProcess:91658] mummi_ras.online.cg.cganalysis:processFrame:765 - INFO - Time for analysis - frameNum 21, time 0.11264252662658691 s
2025-04-08 19:18:48,163 - [MainProcess:91658] mummi_ras.online.simulation:has_computed_enough:352 - INFO - runtime_hours*0.99 = 0.495 vs delta_time = 0.10123119552930196 (length 10.5 ns) False False
2025-04-08 19:18:50,169 - [MainProcess:91658] mummi_ras.online.simulation:has_computed_enough:352 - INFO - runtime_hours*0.99 = 0.495 vs delta_time = 0.10178850412368774 (length 10.5 ns) False False
2025-04-08 19:18:52,175 - [MainProcess:91658] mummi_ras.online.simulation:has_computed_enough:352 - INFO - runtime_hours*0.99 = 0.495 vs delta_time = 0.10234576986895667 (length 10.5 ns) False False
2025-04-08 19:18:54,182 - [MainProcess:91658] mummi_ras.online.simulation:has_computed_enough:352 - INFO - runtime_hours*0.99 = 0.495 vs delta_time = 0.10290303501817916 (length 10.5 ns) False False
2025-04-08 19:18:56,188 - [MainProcess:91658] mummi_ras.online.simulation:has_computed_enough:352 - INFO - runtime_hours*0.99 = 0.495 vs delta_time = 0.103460290895568 (length 10.5 ns) False False
2025-04-08 19:18:58,194 - [MainProcess:91658] mummi_ras.online.simulation:has_computed_enough:352 - INFO - runtime_hours*0.99 = 0.495 vs delta_time = 0.10401753299766117 (length 10.5 ns) False False
2025-04-08 19:19:00,200 - [MainProcess:91658] mummi_ras.online.simulation:has_computed_enough:352 - INFO - runtime_hours*0.99 = 0.495 vs delta_time = 0.10457477894094255 (length 10.5 ns) False False
2025-04-08 19:19:02,206 - [MainProcess:91658] mummi_ras.online.simulation:has_computed_enough:352 - INFO - runtime_hours*0.99 = 0.495 vs delta_time = 0.10513205872641669 (length 10.5 ns) False False
2025-04-08 19:19:02,256 - [MainProcess:91658] mummi_ras.online.simulation:get_new_frames:399 - INFO - Getting all frame numbers in trajectory from 22 to 22.
2025-04-08 19:19:02,257 - [MainProcess:91658] mummi_ras.online.cg.cganalysis:run_main_analysis:193 - INFO - Process frame 22
2025-04-08 19:19:02,257 - [MainProcess:91658] mummi_ras.online.cg.cganalysis:processFrame:554 - INFO - Load 23 frames: current frame ID /tmp/mummi/cg/structure_iter00_000000000013-20250408_191226/traj_comp.xtc
2025-04-08 19:19:02,268 - [MainProcess:91658] mummi_ras.online.cg.cganalysis:processFrame:580 - INFO - Frame:    22, Time: 11000.000 ps, Bbox = [0, 180.85638, 0, 180.85638]
2025-04-08 19:19:02,268 - [MainProcess:91658] mummi_ras.online.cg.cganalysis:processFrame:584 - INFO - Lengths of layers: 669 22 493
2025-04-08 19:19:02,369 - [MainProcess:91658] mummi_ras.online.cg.cganalysis:processFrame:765 - INFO - Time for analysis - frameNum 22, time 0.11247658729553223 s
2025-04-08 19:19:04,370 - [MainProcess:91658] mummi_ras.online.simulation:has_computed_enough:352 - INFO - runtime_hours*0.99 = 0.495 vs delta_time = 0.10573310335477193 (length 11.0 ns) False False
2025-04-08 19:19:06,376 - [MainProcess:91658] mummi_ras.online.simulation:has_computed_enough:352 - INFO - runtime_hours*0.99 = 0.495 vs delta_time = 0.10629043228096433 (length 11.0 ns) False False
2025-04-08 19:19:08,382 - [MainProcess:91658] mummi_ras.online.simulation:has_computed_enough:352 - INFO - runtime_hours*0.99 = 0.495 vs delta_time = 0.10684770398669773 (length 11.0 ns) False False
2025-04-08 19:19:10,389 - [MainProcess:91658] mummi_ras.online.simulation:has_computed_enough:352 - INFO - runtime_hours*0.99 = 0.495 vs delta_time = 0.10740496966573927 (length 11.0 ns) False False
2025-04-08 19:19:12,395 - [MainProcess:91658] mummi_ras.online.simulation:has_computed_enough:352 - INFO - runtime_hours*0.99 = 0.495 vs delta_time = 0.10796222103966607 (length 11.0 ns) False False
2025-04-08 19:19:14,401 - [MainProcess:91658] mummi_ras.online.simulation:has_computed_enough:352 - INFO - runtime_hours*0.99 = 0.495 vs delta_time = 0.10851952115694682 (length 11.0 ns) False False
2025-04-08 19:19:16,407 - [MainProcess:91658] mummi_ras.online.simulation:has_computed_enough:352 - INFO - runtime_hours*0.99 = 0.495 vs delta_time = 0.10907682458559673 (length 11.0 ns) False False
2025-04-08 19:19:18,413 - [MainProcess:91658] mummi_ras.online.simulation:has_computed_enough:352 - INFO - runtime_hours*0.99 = 0.495 vs delta_time = 0.10963408834404416 (length 11.0 ns) False False
2025-04-08 19:19:18,466 - [MainProcess:91658] mummi_ras.online.simulation:get_new_frames:399 - INFO - Getting all frame numbers in trajectory from 23 to 23.
2025-04-08 19:19:18,466 - [MainProcess:91658] mummi_ras.online.cg.cganalysis:run_main_analysis:193 - INFO - Process frame 23
2025-04-08 19:19:18,466 - [MainProcess:91658] mummi_ras.online.cg.cganalysis:processFrame:554 - INFO - Load 24 frames: current frame ID /tmp/mummi/cg/structure_iter00_000000000013-20250408_191226/traj_comp.xtc
2025-04-08 19:19:18,477 - [MainProcess:91658] mummi_ras.online.cg.cganalysis:processFrame:580 - INFO - Frame:    23, Time: 11500.000 ps, Bbox = [0, 180.87837, 0, 180.87837]
2025-04-08 19:19:18,477 - [MainProcess:91658] mummi_ras.online.cg.cganalysis:processFrame:584 - INFO - Lengths of layers: 664 25 495
2025-04-08 19:19:18,579 - [MainProcess:91658] mummi_ras.online.cg.cganalysis:processFrame:765 - INFO - Time for analysis - frameNum 23, time 0.11283445358276367 s
2025-04-08 19:19:20,579 - [MainProcess:91658] mummi_ras.online.simulation:has_computed_enough:352 - INFO - runtime_hours*0.99 = 0.495 vs delta_time = 0.11023573868804508 (length 11.5 ns) False False
2025-04-08 19:19:22,586 - [MainProcess:91658] mummi_ras.online.simulation:has_computed_enough:352 - INFO - runtime_hours*0.99 = 0.495 vs delta_time = 0.11079306860764822 (length 11.5 ns) False False
2025-04-08 19:19:24,592 - [MainProcess:91658] mummi_ras.online.simulation:has_computed_enough:352 - INFO - runtime_hours*0.99 = 0.495 vs delta_time = 0.11135032852490744 (length 11.5 ns) False False
2025-04-08 19:19:26,598 - [MainProcess:91658] mummi_ras.online.simulation:has_computed_enough:352 - INFO - runtime_hours*0.99 = 0.495 vs delta_time = 0.11190760844283634 (length 11.5 ns) False False
2025-04-08 19:19:28,604 - [MainProcess:91658] mummi_ras.online.simulation:has_computed_enough:352 - INFO - runtime_hours*0.99 = 0.495 vs delta_time = 0.11246486961841583 (length 11.5 ns) False False
2025-04-08 19:19:30,610 - [MainProcess:91658] mummi_ras.online.simulation:has_computed_enough:352 - INFO - runtime_hours*0.99 = 0.495 vs delta_time = 0.113022141456604 (length 11.5 ns) False False
2025-04-08 19:19:32,616 - [MainProcess:91658] mummi_ras.online.simulation:has_computed_enough:352 - INFO - runtime_hours*0.99 = 0.495 vs delta_time = 0.11357940766546461 (length 11.5 ns) False False
2025-04-08 19:19:34,623 - [MainProcess:91658] mummi_ras.online.simulation:has_computed_enough:352 - INFO - runtime_hours*0.99 = 0.495 vs delta_time = 0.1141367029481464 (length 11.5 ns) False False
2025-04-08 19:19:36,629 - [MainProcess:91658] mummi_ras.online.simulation:has_computed_enough:352 - INFO - runtime_hours*0.99 = 0.495 vs delta_time = 0.11469396505090926 (length 11.5 ns) False False
2025-04-08 19:19:36,681 - [MainProcess:91658] mummi_ras.online.simulation:get_new_frames:399 - INFO - Getting all frame numbers in trajectory from 24 to 24.
2025-04-08 19:19:36,681 - [MainProcess:91658] mummi_ras.online.cg.cganalysis:run_main_analysis:193 - INFO - Process frame 24
2025-04-08 19:19:36,681 - [MainProcess:91658] mummi_ras.online.cg.cganalysis:processFrame:554 - INFO - Load 25 frames: current frame ID /tmp/mummi/cg/structure_iter00_000000000013-20250408_191226/traj_comp.xtc
2025-04-08 19:19:36,692 - [MainProcess:91658] mummi_ras.online.cg.cganalysis:processFrame:580 - INFO - Frame:    24, Time: 12000.000 ps, Bbox = [0, 181.63171, 0, 181.63171]
2025-04-08 19:19:36,692 - [MainProcess:91658] mummi_ras.online.cg.cganalysis:processFrame:584 - INFO - Lengths of layers: 665 28 491
2025-04-08 19:19:36,794 - [MainProcess:91658] mummi_ras.online.cg.cganalysis:processFrame:765 - INFO - Time for analysis - frameNum 24, time 0.11297869682312012 s
2025-04-08 19:19:38,795 - [MainProcess:91658] mummi_ras.online.simulation:has_computed_enough:352 - INFO - runtime_hours*0.99 = 0.495 vs delta_time = 0.11529558579126994 (length 12.0 ns) False False
2025-04-08 19:19:40,801 - [MainProcess:91658] mummi_ras.online.simulation:has_computed_enough:352 - INFO - runtime_hours*0.99 = 0.495 vs delta_time = 0.11585290577676562 (length 12.0 ns) False False
2025-04-08 19:19:42,807 - [MainProcess:91658] mummi_ras.online.simulation:has_computed_enough:352 - INFO - runtime_hours*0.99 = 0.495 vs delta_time = 0.11641021702024672 (length 12.0 ns) False False
2025-04-08 19:19:44,814 - [MainProcess:91658] mummi_ras.online.simulation:has_computed_enough:352 - INFO - runtime_hours*0.99 = 0.495 vs delta_time = 0.11696749528249105 (length 12.0 ns) False False
2025-04-08 19:19:46,820 - [MainProcess:91658] mummi_ras.online.simulation:has_computed_enough:352 - INFO - runtime_hours*0.99 = 0.495 vs delta_time = 0.11752476996845669 (length 12.0 ns) False False
2025-04-08 19:19:48,826 - [MainProcess:91658] mummi_ras.online.simulation:has_computed_enough:352 - INFO - runtime_hours*0.99 = 0.495 vs delta_time = 0.11808202319675022 (length 12.0 ns) False False
2025-04-08 19:19:50,832 - [MainProcess:91658] mummi_ras.online.simulation:has_computed_enough:352 - INFO - runtime_hours*0.99 = 0.495 vs delta_time = 0.11863931119441987 (length 12.0 ns) False False
2025-04-08 19:19:52,838 - [MainProcess:91658] mummi_ras.online.simulation:has_computed_enough:352 - INFO - runtime_hours*0.99 = 0.495 vs delta_time = 0.11919661429193285 (length 12.0 ns) False False
2025-04-08 19:19:52,984 - [MainProcess:91658] mummi_ras.online.simulation:get_new_frames:399 - INFO - Getting all frame numbers in trajectory from 25 to 25.
2025-04-08 19:19:52,984 - [MainProcess:91658] mummi_ras.online.cg.cganalysis:run_main_analysis:193 - INFO - Process frame 25
2025-04-08 19:19:52,984 - [MainProcess:91658] mummi_ras.online.cg.cganalysis:processFrame:554 - INFO - Load 26 frames: current frame ID /tmp/mummi/cg/structure_iter00_000000000013-20250408_191226/traj_comp.xtc
2025-04-08 19:19:52,995 - [MainProcess:91658] mummi_ras.online.cg.cganalysis:processFrame:580 - INFO - Frame:    25, Time: 12500.000 ps, Bbox = [0, 181.95488, 0, 181.95488]
2025-04-08 19:19:52,995 - [MainProcess:91658] mummi_ras.online.cg.cganalysis:processFrame:584 - INFO - Lengths of layers: 665 27 492
2025-04-08 19:19:53,098 - [MainProcess:91658] mummi_ras.online.cg.cganalysis:processFrame:765 - INFO - Time for analysis - frameNum 25, time 0.11383581161499023 s
2025-04-08 19:19:55,098 - [MainProcess:91658] mummi_ras.online.simulation:has_computed_enough:352 - INFO - runtime_hours*0.99 = 0.495 vs delta_time = 0.119824391802152 (length 12.5 ns) False False
2025-04-08 19:19:57,105 - [MainProcess:91658] mummi_ras.online.simulation:has_computed_enough:352 - INFO - runtime_hours*0.99 = 0.495 vs delta_time = 0.12038170794645946 (length 12.5 ns) False False
2025-04-08 19:19:59,111 - [MainProcess:91658] mummi_ras.online.simulation:has_computed_enough:352 - INFO - runtime_hours*0.99 = 0.495 vs delta_time = 0.12093898203637865 (length 12.5 ns) False False
2025-04-08 19:20:01,117 - [MainProcess:91658] mummi_ras.online.simulation:has_computed_enough:352 - INFO - runtime_hours*0.99 = 0.495 vs delta_time = 0.12149626301394569 (length 12.5 ns) False False
2025-04-08 19:20:03,124 - [MainProcess:91658] mummi_ras.online.simulation:has_computed_enough:352 - INFO - runtime_hours*0.99 = 0.495 vs delta_time = 0.12205357299910652 (length 12.5 ns) False False
2025-04-08 19:20:05,130 - [MainProcess:91658] mummi_ras.online.simulation:has_computed_enough:352 - INFO - runtime_hours*0.99 = 0.495 vs delta_time = 0.12261088748772939 (length 12.5 ns) False False
2025-04-08 19:20:07,136 - [MainProcess:91658] mummi_ras.online.simulation:has_computed_enough:352 - INFO - runtime_hours*0.99 = 0.495 vs delta_time = 0.12316813720597161 (length 12.5 ns) False False
2025-04-08 19:20:09,142 - [MainProcess:91658] mummi_ras.online.simulation:has_computed_enough:352 - INFO - runtime_hours*0.99 = 0.495 vs delta_time = 0.12372539010312822 (length 12.5 ns) False False
2025-04-08 19:20:11,148 - [MainProcess:91658] mummi_ras.online.simulation:has_computed_enough:352 - INFO - runtime_hours*0.99 = 0.495 vs delta_time = 0.1242826865779029 (length 12.5 ns) False False
2025-04-08 19:20:11,199 - [MainProcess:91658] mummi_ras.online.simulation:get_new_frames:399 - INFO - Getting all frame numbers in trajectory from 26 to 26.
2025-04-08 19:20:11,199 - [MainProcess:91658] mummi_ras.online.cg.cganalysis:run_main_analysis:193 - INFO - Process frame 26
2025-04-08 19:20:11,199 - [MainProcess:91658] mummi_ras.online.cg.cganalysis:processFrame:554 - INFO - Load 27 frames: current frame ID /tmp/mummi/cg/structure_iter00_000000000013-20250408_191226/traj_comp.xtc
2025-04-08 19:20:11,210 - [MainProcess:91658] mummi_ras.online.cg.cganalysis:processFrame:580 - INFO - Frame:    26, Time: 13000.000 ps, Bbox = [0, 181.6693, 0, 181.6693]
2025-04-08 19:20:11,210 - [MainProcess:91658] mummi_ras.online.cg.cganalysis:processFrame:584 - INFO - Lengths of layers: 664 28 492
2025-04-08 19:20:11,312 - [MainProcess:91658] mummi_ras.online.cg.cganalysis:processFrame:765 - INFO - Time for analysis - frameNum 26, time 0.11276435852050781 s
2025-04-08 19:20:13,313 - [MainProcess:91658] mummi_ras.online.simulation:has_computed_enough:352 - INFO - runtime_hours*0.99 = 0.495 vs delta_time = 0.1248838879664739 (length 13.0 ns) False False
2025-04-08 19:20:15,319 - [MainProcess:91658] mummi_ras.online.simulation:has_computed_enough:352 - INFO - runtime_hours*0.99 = 0.495 vs delta_time = 0.1254412215948105 (length 13.0 ns) False False
2025-04-08 19:20:17,325 - [MainProcess:91658] mummi_ras.online.simulation:has_computed_enough:352 - INFO - runtime_hours*0.99 = 0.495 vs delta_time = 0.12599847230646347 (length 13.0 ns) False False
2025-04-08 19:20:19,331 - [MainProcess:91658] mummi_ras.online.simulation:has_computed_enough:352 - INFO - runtime_hours*0.99 = 0.495 vs delta_time = 0.1265557709005144 (length 13.0 ns) False False
2025-04-08 19:20:21,338 - [MainProcess:91658] mummi_ras.online.simulation:has_computed_enough:352 - INFO - runtime_hours*0.99 = 0.495 vs delta_time = 0.12711301922798157 (length 13.0 ns) False False
2025-04-08 19:20:23,344 - [MainProcess:91658] mummi_ras.online.simulation:has_computed_enough:352 - INFO - runtime_hours*0.99 = 0.495 vs delta_time = 0.12767027682728238 (length 13.0 ns) False False
2025-04-08 19:20:25,350 - [MainProcess:91658] mummi_ras.online.simulation:has_computed_enough:352 - INFO - runtime_hours*0.99 = 0.495 vs delta_time = 0.128227535088857 (length 13.0 ns) False False
2025-04-08 19:20:27,356 - [MainProcess:91658] mummi_ras.online.simulation:has_computed_enough:352 - INFO - runtime_hours*0.99 = 0.495 vs delta_time = 0.12878479990694258 (length 13.0 ns) False False
2025-04-08 19:20:27,444 - [MainProcess:91658] mummi_ras.online.simulation:get_new_frames:399 - INFO - Getting all frame numbers in trajectory from 27 to 27.
2025-04-08 19:20:27,444 - [MainProcess:91658] mummi_ras.online.cg.cganalysis:run_main_analysis:193 - INFO - Process frame 27
2025-04-08 19:20:27,444 - [MainProcess:91658] mummi_ras.online.cg.cganalysis:processFrame:554 - INFO - Load 28 frames: current frame ID /tmp/mummi/cg/structure_iter00_000000000013-20250408_191226/traj_comp.xtc
2025-04-08 19:20:27,455 - [MainProcess:91658] mummi_ras.online.cg.cganalysis:processFrame:580 - INFO - Frame:    27, Time: 13500.000 ps, Bbox = [0, 181.2278, 0, 181.2278]
2025-04-08 19:20:27,455 - [MainProcess:91658] mummi_ras.online.cg.cganalysis:processFrame:584 - INFO - Lengths of layers: 666 29 489
2025-04-08 19:20:27,557 - [MainProcess:91658] mummi_ras.online.cg.cganalysis:processFrame:765 - INFO - Time for analysis - frameNum 27, time 0.11268782615661621 s
2025-04-08 19:20:29,557 - [MainProcess:91658] mummi_ras.online.simulation:has_computed_enough:352 - INFO - runtime_hours*0.99 = 0.495 vs delta_time = 0.1293963223695755 (length 13.5 ns) False False
2025-04-08 19:20:31,564 - [MainProcess:91658] mummi_ras.online.simulation:has_computed_enough:352 - INFO - runtime_hours*0.99 = 0.495 vs delta_time = 0.12995368030336168 (length 13.5 ns) False False
2025-04-08 19:20:33,570 - [MainProcess:91658] mummi_ras.online.simulation:has_computed_enough:352 - INFO - runtime_hours*0.99 = 0.495 vs delta_time = 0.1305109327369266 (length 13.5 ns) False False
2025-04-08 19:20:35,576 - [MainProcess:91658] mummi_ras.online.simulation:has_computed_enough:352 - INFO - runtime_hours*0.99 = 0.495 vs delta_time = 0.13106822351614633 (length 13.5 ns) False False
2025-04-08 19:20:37,582 - [MainProcess:91658] mummi_ras.online.simulation:has_computed_enough:352 - INFO - runtime_hours*0.99 = 0.495 vs delta_time = 0.13162546647919549 (length 13.5 ns) False False
2025-04-08 19:20:39,588 - [MainProcess:91658] mummi_ras.online.simulation:has_computed_enough:352 - INFO - runtime_hours*0.99 = 0.495 vs delta_time = 0.13218272381358676 (length 13.5 ns) False False
2025-04-08 19:20:41,595 - [MainProcess:91658] mummi_ras.online.simulation:has_computed_enough:352 - INFO - runtime_hours*0.99 = 0.495 vs delta_time = 0.13273999088340335 (length 13.5 ns) False False
2025-04-08 19:20:43,601 - [MainProcess:91658] mummi_ras.online.simulation:has_computed_enough:352 - INFO - runtime_hours*0.99 = 0.495 vs delta_time = 0.13329725444316864 (length 13.5 ns) False False
2025-04-08 19:20:45,607 - [MainProcess:91658] mummi_ras.online.simulation:has_computed_enough:352 - INFO - runtime_hours*0.99 = 0.495 vs delta_time = 0.1338545148902469 (length 13.5 ns) False False
2025-04-08 19:20:45,659 - [MainProcess:91658] mummi_ras.online.simulation:get_new_frames:399 - INFO - Getting all frame numbers in trajectory from 28 to 28.
2025-04-08 19:20:45,660 - [MainProcess:91658] mummi_ras.online.cg.cganalysis:run_main_analysis:193 - INFO - Process frame 28
2025-04-08 19:20:45,660 - [MainProcess:91658] mummi_ras.online.cg.cganalysis:processFrame:554 - INFO - Load 29 frames: current frame ID /tmp/mummi/cg/structure_iter00_000000000013-20250408_191226/traj_comp.xtc
2025-04-08 19:20:45,671 - [MainProcess:91658] mummi_ras.online.cg.cganalysis:processFrame:580 - INFO - Frame:    28, Time: 14000.000 ps, Bbox = [0, 181.26697, 0, 181.26697]
2025-04-08 19:20:45,671 - [MainProcess:91658] mummi_ras.online.cg.cganalysis:processFrame:584 - INFO - Lengths of layers: 663 30 491
2025-04-08 19:20:45,775 - [MainProcess:91658] mummi_ras.online.cg.cganalysis:processFrame:765 - INFO - Time for analysis - frameNum 28, time 0.11497235298156738 s
2025-04-08 19:20:47,775 - [MainProcess:91658] mummi_ras.online.simulation:has_computed_enough:352 - INFO - runtime_hours*0.99 = 0.495 vs delta_time = 0.1344568692975574 (length 14.0 ns) False False
2025-04-08 19:20:49,782 - [MainProcess:91658] mummi_ras.online.simulation:has_computed_enough:352 - INFO - runtime_hours*0.99 = 0.495 vs delta_time = 0.13501419491238065 (length 14.0 ns) False False
2025-04-08 19:20:51,788 - [MainProcess:91658] mummi_ras.online.simulation:has_computed_enough:352 - INFO - runtime_hours*0.99 = 0.495 vs delta_time = 0.13557146900229983 (length 14.0 ns) False False
2025-04-08 19:20:53,794 - [MainProcess:91658] mummi_ras.online.simulation:has_computed_enough:352 - INFO - runtime_hours*0.99 = 0.495 vs delta_time = 0.13612873527738784 (length 14.0 ns) False False
2025-04-08 19:20:55,800 - [MainProcess:91658] mummi_ras.online.simulation:has_computed_enough:352 - INFO - runtime_hours*0.99 = 0.495 vs delta_time = 0.13668602724870046 (length 14.0 ns) False False
2025-04-08 19:20:57,806 - [MainProcess:91658] mummi_ras.online.simulation:has_computed_enough:352 - INFO - runtime_hours*0.99 = 0.495 vs delta_time = 0.13724329074223837 (length 14.0 ns) False False
2025-04-08 19:20:59,813 - [MainProcess:91658] mummi_ras.online.simulation:has_computed_enough:352 - INFO - runtime_hours*0.99 = 0.495 vs delta_time = 0.13780057158735062 (length 14.0 ns) False False
2025-04-08 19:21:01,819 - [MainProcess:91658] mummi_ras.online.simulation:has_computed_enough:352 - INFO - runtime_hours*0.99 = 0.495 vs delta_time = 0.13835783587561715 (length 14.0 ns) False False
2025-04-08 19:21:01,981 - [MainProcess:91658] mummi_ras.online.simulation:get_new_frames:399 - INFO - Getting all frame numbers in trajectory from 29 to 29.
2025-04-08 19:21:01,981 - [MainProcess:91658] mummi_ras.online.cg.cganalysis:run_main_analysis:193 - INFO - Process frame 29
2025-04-08 19:21:01,982 - [MainProcess:91658] mummi_ras.online.cg.cganalysis:processFrame:554 - INFO - Load 30 frames: current frame ID /tmp/mummi/cg/structure_iter00_000000000013-20250408_191226/traj_comp.xtc
2025-04-08 19:21:01,993 - [MainProcess:91658] mummi_ras.online.cg.cganalysis:processFrame:580 - INFO - Frame:    29, Time: 14500.000 ps, Bbox = [0, 181.81528, 0, 181.81528]
2025-04-08 19:21:01,993 - [MainProcess:91658] mummi_ras.online.cg.cganalysis:processFrame:584 - INFO - Lengths of layers: 665 28 491
2025-04-08 19:21:02,095 - [MainProcess:91658] mummi_ras.online.cg.cganalysis:processFrame:765 - INFO - Time for analysis - frameNum 29, time 0.11301994323730469 s
2025-04-08 19:21:04,095 - [MainProcess:91658] mummi_ras.online.simulation:has_computed_enough:352 - INFO - runtime_hours*0.99 = 0.495 vs delta_time = 0.1389901469151179 (length 14.5 ns) False False
2025-04-08 19:21:04,101 - [MainProcess:91658] mummi_ras.online.cg.cganalysis:processOutput:92 - INFO - Add feedback for frameNum 20 - state []
2025-04-08 19:21:04,102 - [MainProcess:91658] mummi_ras.online.cg.cganalysis:processOutput:92 - INFO - Add feedback for frameNum 21 - state []
2025-04-08 19:21:04,102 - [MainProcess:91658] mummi_ras.online.cg.cganalysis:processOutput:92 - INFO - Add feedback for frameNum 22 - state []
2025-04-08 19:21:04,102 - [MainProcess:91658] mummi_ras.online.cg.cganalysis:processOutput:92 - INFO - Add feedback for frameNum 23 - state []
2025-04-08 19:21:04,102 - [MainProcess:91658] mummi_ras.online.cg.cganalysis:processOutput:92 - INFO - Add feedback for frameNum 24 - state []
2025-04-08 19:21:04,102 - [MainProcess:91658] mummi_ras.online.cg.cganalysis:processOutput:92 - INFO - Add feedback for frameNum 25 - state []
2025-04-08 19:21:04,102 - [MainProcess:91658] mummi_ras.online.cg.cganalysis:processOutput:92 - INFO - Add feedback for frameNum 26 - state []
2025-04-08 19:21:04,102 - [MainProcess:91658] mummi_ras.online.cg.cganalysis:processOutput:92 - INFO - Add feedback for frameNum 27 - state []
2025-04-08 19:21:04,103 - [MainProcess:91658] mummi_ras.online.cg.cganalysis:processOutput:92 - INFO - Add feedback for frameNum 28 - state []
2025-04-08 19:21:04,103 - [MainProcess:91658] mummi_ras.online.cg.cganalysis:processOutput:92 - INFO - Add feedback for frameNum 29 - state []
2025-04-08 19:21:04,150 - [MainProcess:91658] mummi_core.interfaces.simple:_save_files:91 - INFO - Wrote 10 files to (/p/gpfs1/pottier1/minimummi-sc25/roots/root2/feedback-cg2ml/013)
2025-04-08 19:21:04,150 - [MainProcess:91658] mummi_ras.feedback.feedback_manager_cg2ml:report:118 - INFO - Added 10 frames (from structure_iter00_000000000013) to feedback (/p/gpfs1/pottier1/minimummi-sc25/roots/root2/feedback-cg2ml)
2025-04-08 19:21:04,150 - [MainProcess:91658] mummi_ras.online.cg.cganalysis:processOutput:112 - INFO - processOutput: 29
2025-04-08 19:21:04,150 - [MainProcess:91658] mummi_ras.online.cg.cganalysis:copyRemoteRestart:452 - INFO - Copy to remote frames [20, 21, 22, 23, 24, 25, 26, 27, 28, 29]
2025-04-08 19:21:04,265 - [MainProcess:91658] mummi_core.utils.utilities:sys_call:184 - INFO - Run command: rsync -va --no-g traj_comp.xtc topol.tpr state.cpt ener.edr md.log mdrun.log /p/gpfs1/pottier1/minimummi-sc25/roots/root2/sims-cg/structure_iter00_000000000013 || true
2025-04-08 19:21:04,718 - [MainProcess:91658] mummi_ras.interfaces.mummi:save_analysis_data:253 - INFO - Saved all analysis data for frames [20, 21, 22, 23, 24, 25, 26, 27, 28, 29]
2025-04-08 19:21:04,718 - [MainProcess:91658] mummi_ras.online.cg.cganalysis:copyRemoteLogs:350 - INFO - Copy over log files
2025-04-08 19:21:04,755 - [MainProcess:91658] mummi_core.utils.utilities:sys_call:184 - INFO - Run command: cp -r  /tmp/mummi/cg/structure_iter00_000000000013-20250408_191226/cg_analysis.out /tmp/mummi/cg/structure_iter00_000000000013-20250408_191226/traj_comp.xtc /tmp/mummi/cg/structure_iter00_000000000013-20250408_191226/*.log /p/gpfs1/pottier1/minimummi-sc25/roots/root2/sims-cg/structure_iter00_000000000013/ || true
2025-04-08 19:21:04,755 - [MainProcess:91658] mummi_ras.online.cg.cganalysis:copyRemoteLogs:365 - INFO - copyRemoteLogs =  /tmp/mummi/cg/structure_iter00_000000000013-20250408_191226/cg_analysis.out /tmp/mummi/cg/structure_iter00_000000000013-20250408_191226/traj_comp.xtc /tmp/mummi/cg/structure_iter00_000000000013-20250408_191226/*.log
2025-04-08 19:21:04,755 - [MainProcess:91658] mummi_ras.online.cg.cganalysis:cleanupLocal:375 - WARNING - Copy cleanup local only works for ddcMD files
2025-04-08 19:21:06,756 - [MainProcess:91658] mummi_ras.online.simulation:has_computed_enough:352 - INFO - runtime_hours*0.99 = 0.495 vs delta_time = 0.13972918444209628 (length 14.5 ns) False False
2025-04-08 19:21:08,762 - [MainProcess:91658] mummi_ras.online.simulation:has_computed_enough:352 - INFO - runtime_hours*0.99 = 0.495 vs delta_time = 0.14028647700945537 (length 14.5 ns) False False
2025-04-08 19:21:10,768 - [MainProcess:91658] mummi_ras.online.simulation:has_computed_enough:352 - INFO - runtime_hours*0.99 = 0.495 vs delta_time = 0.1408437485165066 (length 14.5 ns) False False
2025-04-08 19:21:12,774 - [MainProcess:91658] mummi_ras.online.simulation:has_computed_enough:352 - INFO - runtime_hours*0.99 = 0.495 vs delta_time = 0.14140099551942614 (length 14.5 ns) False False
2025-04-08 19:21:14,780 - [MainProcess:91658] mummi_ras.online.simulation:has_computed_enough:352 - INFO - runtime_hours*0.99 = 0.495 vs delta_time = 0.14195827861626942 (length 14.5 ns) False False
2025-04-08 19:21:16,787 - [MainProcess:91658] mummi_ras.online.simulation:has_computed_enough:352 - INFO - runtime_hours*0.99 = 0.495 vs delta_time = 0.14251557376649646 (length 14.5 ns) False False
2025-04-08 19:21:18,793 - [MainProcess:91658] mummi_ras.online.simulation:has_computed_enough:352 - INFO - runtime_hours*0.99 = 0.495 vs delta_time = 0.14307282076941596 (length 14.5 ns) False False
2025-04-08 19:21:18,844 - [MainProcess:91658] mummi_ras.online.simulation:get_new_frames:399 - INFO - Getting all frame numbers in trajectory from 30 to 30.
2025-04-08 19:21:18,844 - [MainProcess:91658] mummi_ras.online.cg.cganalysis:run_main_analysis:193 - INFO - Process frame 30
2025-04-08 19:21:18,844 - [MainProcess:91658] mummi_ras.online.cg.cganalysis:processFrame:554 - INFO - Load 31 frames: current frame ID /tmp/mummi/cg/structure_iter00_000000000013-20250408_191226/traj_comp.xtc
2025-04-08 19:21:18,855 - [MainProcess:91658] mummi_ras.online.cg.cganalysis:processFrame:580 - INFO - Frame:    30, Time: 15000.000 ps, Bbox = [0, 181.50735, 0, 181.50735]
2025-04-08 19:21:18,855 - [MainProcess:91658] mummi_ras.online.cg.cganalysis:processFrame:584 - INFO - Lengths of layers: 663 31 490
2025-04-08 19:21:18,957 - [MainProcess:91658] mummi_ras.online.cg.cganalysis:processFrame:765 - INFO - Time for analysis - frameNum 30, time 0.11286687850952148 s
2025-04-08 19:21:20,957 - [MainProcess:91658] mummi_ras.online.simulation:has_computed_enough:352 - INFO - runtime_hours*0.99 = 0.495 vs delta_time = 0.14367408666345807 (length 15.0 ns) False False
2025-04-08 19:21:22,964 - [MainProcess:91658] mummi_ras.online.simulation:has_computed_enough:352 - INFO - runtime_hours*0.99 = 0.495 vs delta_time = 0.14423141181468963 (length 15.0 ns) False False
2025-04-08 19:21:24,970 - [MainProcess:91658] mummi_ras.online.simulation:has_computed_enough:352 - INFO - runtime_hours*0.99 = 0.495 vs delta_time = 0.1447886523273256 (length 15.0 ns) False False
2025-04-08 19:21:26,976 - [MainProcess:91658] mummi_ras.online.simulation:has_computed_enough:352 - INFO - runtime_hours*0.99 = 0.495 vs delta_time = 0.14534594701396095 (length 15.0 ns) False False
2025-04-08 19:21:28,982 - [MainProcess:91658] mummi_ras.online.simulation:has_computed_enough:352 - INFO - runtime_hours*0.99 = 0.495 vs delta_time = 0.1459032158056895 (length 15.0 ns) False False
2025-04-08 19:21:30,988 - [MainProcess:91658] mummi_ras.online.simulation:has_computed_enough:352 - INFO - runtime_hours*0.99 = 0.495 vs delta_time = 0.1464604686366187 (length 15.0 ns) False False
2025-04-08 19:21:32,994 - [MainProcess:91658] mummi_ras.online.simulation:has_computed_enough:352 - INFO - runtime_hours*0.99 = 0.495 vs delta_time = 0.1470177000761032 (length 15.0 ns) False False
2025-04-08 19:21:35,001 - [MainProcess:91658] mummi_ras.online.simulation:has_computed_enough:352 - INFO - runtime_hours*0.99 = 0.495 vs delta_time = 0.14757498078876072 (length 15.0 ns) False False
2025-04-08 19:21:37,007 - [MainProcess:91658] mummi_ras.online.simulation:has_computed_enough:352 - INFO - runtime_hours*0.99 = 0.495 vs delta_time = 0.14813224838839636 (length 15.0 ns) False False
2025-04-08 19:21:37,093 - [MainProcess:91658] mummi_ras.online.simulation:get_new_frames:399 - INFO - Getting all frame numbers in trajectory from 31 to 31.
2025-04-08 19:21:37,093 - [MainProcess:91658] mummi_ras.online.cg.cganalysis:run_main_analysis:193 - INFO - Process frame 31
2025-04-08 19:21:37,093 - [MainProcess:91658] mummi_ras.online.cg.cganalysis:processFrame:554 - INFO - Load 32 frames: current frame ID /tmp/mummi/cg/structure_iter00_000000000013-20250408_191226/traj_comp.xtc
2025-04-08 19:21:37,104 - [MainProcess:91658] mummi_ras.online.cg.cganalysis:processFrame:580 - INFO - Frame:    31, Time: 15500.000 ps, Bbox = [0, 180.92683, 0, 180.92683]
2025-04-08 19:21:37,104 - [MainProcess:91658] mummi_ras.online.cg.cganalysis:processFrame:584 - INFO - Lengths of layers: 663 34 487
2025-04-08 19:21:37,206 - [MainProcess:91658] mummi_ras.online.cg.cganalysis:processFrame:765 - INFO - Time for analysis - frameNum 31, time 0.11283659934997559 s
2025-04-08 19:21:39,207 - [MainProcess:91658] mummi_ras.online.simulation:has_computed_enough:352 - INFO - runtime_hours*0.99 = 0.495 vs delta_time = 0.14874340852101645 (length 15.5 ns) False False
2025-04-08 19:21:41,213 - [MainProcess:91658] mummi_ras.online.simulation:has_computed_enough:352 - INFO - runtime_hours*0.99 = 0.495 vs delta_time = 0.14930073512925043 (length 15.5 ns) False False
2025-04-08 19:21:43,219 - [MainProcess:91658] mummi_ras.online.simulation:has_computed_enough:352 - INFO - runtime_hours*0.99 = 0.495 vs delta_time = 0.14985797848966387 (length 15.5 ns) False False
2025-04-08 19:21:45,226 - [MainProcess:91658] mummi_ras.online.simulation:has_computed_enough:352 - INFO - runtime_hours*0.99 = 0.495 vs delta_time = 0.15041526006327735 (length 15.5 ns) False False
2025-04-08 19:21:47,232 - [MainProcess:91658] mummi_ras.online.simulation:has_computed_enough:352 - INFO - runtime_hours*0.99 = 0.495 vs delta_time = 0.1509725168016222 (length 15.5 ns) False False
2025-04-08 19:21:49,238 - [MainProcess:91658] mummi_ras.online.simulation:has_computed_enough:352 - INFO - runtime_hours*0.99 = 0.495 vs delta_time = 0.15152977950043148 (length 15.5 ns) False False
2025-04-08 19:21:51,244 - [MainProcess:91658] mummi_ras.online.simulation:has_computed_enough:352 - INFO - runtime_hours*0.99 = 0.495 vs delta_time = 0.1520870418018765 (length 15.5 ns) False False
2025-04-08 19:21:53,250 - [MainProcess:91658] mummi_ras.online.simulation:has_computed_enough:352 - INFO - runtime_hours*0.99 = 0.495 vs delta_time = 0.15264429761303797 (length 15.5 ns) False False
2025-04-08 19:21:53,302 - [MainProcess:91658] mummi_ras.online.simulation:get_new_frames:399 - INFO - Getting all frame numbers in trajectory from 32 to 32.
2025-04-08 19:21:53,302 - [MainProcess:91658] mummi_ras.online.cg.cganalysis:run_main_analysis:193 - INFO - Process frame 32
2025-04-08 19:21:53,303 - [MainProcess:91658] mummi_ras.online.cg.cganalysis:processFrame:554 - INFO - Load 33 frames: current frame ID /tmp/mummi/cg/structure_iter00_000000000013-20250408_191226/traj_comp.xtc
2025-04-08 19:21:53,314 - [MainProcess:91658] mummi_ras.online.cg.cganalysis:processFrame:580 - INFO - Frame:    32, Time: 16000.000 ps, Bbox = [0, 181.74637, 0, 181.74637]
2025-04-08 19:21:53,314 - [MainProcess:91658] mummi_ras.online.cg.cganalysis:processFrame:584 - INFO - Lengths of layers: 665 30 489
2025-04-08 19:21:53,416 - [MainProcess:91658] mummi_ras.online.cg.cganalysis:processFrame:765 - INFO - Time for analysis - frameNum 32, time 0.11309051513671875 s
2025-04-08 19:21:55,416 - [MainProcess:91658] mummi_ras.online.simulation:has_computed_enough:352 - INFO - runtime_hours*0.99 = 0.495 vs delta_time = 0.15324598597155678 (length 16.0 ns) False False
2025-04-08 19:21:57,423 - [MainProcess:91658] mummi_ras.online.simulation:has_computed_enough:352 - INFO - runtime_hours*0.99 = 0.495 vs delta_time = 0.15380331211619908 (length 16.0 ns) False False
2025-04-08 19:21:59,429 - [MainProcess:91658] mummi_ras.online.simulation:has_computed_enough:352 - INFO - runtime_hours*0.99 = 0.495 vs delta_time = 0.15436059415340422 (length 16.0 ns) False False
2025-04-08 19:22:01,435 - [MainProcess:91658] mummi_ras.online.simulation:has_computed_enough:352 - INFO - runtime_hours*0.99 = 0.495 vs delta_time = 0.15491790095965066 (length 16.0 ns) False False
2025-04-08 19:22:03,441 - [MainProcess:91658] mummi_ras.online.simulation:has_computed_enough:352 - INFO - runtime_hours*0.99 = 0.495 vs delta_time = 0.1554751498831643 (length 16.0 ns) False False
2025-04-08 19:22:05,447 - [MainProcess:91658] mummi_ras.online.simulation:has_computed_enough:352 - INFO - runtime_hours*0.99 = 0.495 vs delta_time = 0.15603241893980238 (length 16.0 ns) False False
2025-04-08 19:22:07,453 - [MainProcess:91658] mummi_ras.online.simulation:has_computed_enough:352 - INFO - runtime_hours*0.99 = 0.495 vs delta_time = 0.15658965826034546 (length 16.0 ns) False False
2025-04-08 19:22:09,459 - [MainProcess:91658] mummi_ras.online.simulation:has_computed_enough:352 - INFO - runtime_hours*0.99 = 0.495 vs delta_time = 0.1571469039387173 (length 16.0 ns) False False
2025-04-08 19:22:11,466 - [MainProcess:91658] mummi_ras.online.simulation:has_computed_enough:352 - INFO - runtime_hours*0.99 = 0.495 vs delta_time = 0.15770417776372697 (length 16.0 ns) False False
2025-04-08 19:22:11,624 - [MainProcess:91658] mummi_ras.online.simulation:get_new_frames:399 - INFO - Getting all frame numbers in trajectory from 33 to 33.
2025-04-08 19:22:11,624 - [MainProcess:91658] mummi_ras.online.cg.cganalysis:run_main_analysis:193 - INFO - Process frame 33
2025-04-08 19:22:11,624 - [MainProcess:91658] mummi_ras.online.cg.cganalysis:processFrame:554 - INFO - Load 34 frames: current frame ID /tmp/mummi/cg/structure_iter00_000000000013-20250408_191226/traj_comp.xtc
2025-04-08 19:22:11,635 - [MainProcess:91658] mummi_ras.online.cg.cganalysis:processFrame:580 - INFO - Frame:    33, Time: 16500.000 ps, Bbox = [0, 182.14026, 0, 182.14026]
2025-04-08 19:22:11,635 - [MainProcess:91658] mummi_ras.online.cg.cganalysis:processFrame:584 - INFO - Lengths of layers: 662 37 485
2025-04-08 19:22:11,738 - [MainProcess:91658] mummi_ras.online.cg.cganalysis:processFrame:765 - INFO - Time for analysis - frameNum 33, time 0.11388897895812988 s
2025-04-08 19:22:13,739 - [MainProcess:91658] mummi_ras.online.simulation:has_computed_enough:352 - INFO - runtime_hours*0.99 = 0.495 vs delta_time = 0.15833562645647262 (length 16.5 ns) False False
2025-04-08 19:22:15,745 - [MainProcess:91658] mummi_ras.online.simulation:has_computed_enough:352 - INFO - runtime_hours*0.99 = 0.495 vs delta_time = 0.15889295087920294 (length 16.5 ns) False False
2025-04-08 19:22:17,751 - [MainProcess:91658] mummi_ras.online.simulation:has_computed_enough:352 - INFO - runtime_hours*0.99 = 0.495 vs delta_time = 0.15945021371046703 (length 16.5 ns) False False
2025-04-08 19:22:19,758 - [MainProcess:91658] mummi_ras.online.simulation:has_computed_enough:352 - INFO - runtime_hours*0.99 = 0.495 vs delta_time = 0.16000746594534979 (length 16.5 ns) False False
2025-04-08 19:22:21,764 - [MainProcess:91658] mummi_ras.online.simulation:has_computed_enough:352 - INFO - runtime_hours*0.99 = 0.495 vs delta_time = 0.16056473374366761 (length 16.5 ns) False False
2025-04-08 19:22:23,770 - [MainProcess:91658] mummi_ras.online.simulation:has_computed_enough:352 - INFO - runtime_hours*0.99 = 0.495 vs delta_time = 0.1611219959788852 (length 16.5 ns) False False
2025-04-08 19:22:25,776 - [MainProcess:91658] mummi_ras.online.simulation:has_computed_enough:352 - INFO - runtime_hours*0.99 = 0.495 vs delta_time = 0.16167923589547475 (length 16.5 ns) False False
2025-04-08 19:22:27,782 - [MainProcess:91658] mummi_ras.online.simulation:has_computed_enough:352 - INFO - runtime_hours*0.99 = 0.495 vs delta_time = 0.16223653316497802 (length 16.5 ns) False False
2025-04-08 19:22:27,833 - [MainProcess:91658] mummi_ras.online.simulation:get_new_frames:399 - INFO - Getting all frame numbers in trajectory from 34 to 34.
2025-04-08 19:22:27,833 - [MainProcess:91658] mummi_ras.online.cg.cganalysis:run_main_analysis:193 - INFO - Process frame 34
2025-04-08 19:22:27,833 - [MainProcess:91658] mummi_ras.online.cg.cganalysis:processFrame:554 - INFO - Load 35 frames: current frame ID /tmp/mummi/cg/structure_iter00_000000000013-20250408_191226/traj_comp.xtc
2025-04-08 19:22:27,844 - [MainProcess:91658] mummi_ras.online.cg.cganalysis:processFrame:580 - INFO - Frame:    34, Time: 17000.000 ps, Bbox = [0, 181.03233, 0, 181.03233]
2025-04-08 19:22:27,844 - [MainProcess:91658] mummi_ras.online.cg.cganalysis:processFrame:584 - INFO - Lengths of layers: 661 38 485
2025-04-08 19:22:27,946 - [MainProcess:91658] mummi_ras.online.cg.cganalysis:processFrame:765 - INFO - Time for analysis - frameNum 34, time 0.11272001266479492 s
2025-04-08 19:22:29,946 - [MainProcess:91658] mummi_ras.online.simulation:has_computed_enough:352 - INFO - runtime_hours*0.99 = 0.495 vs delta_time = 0.1628376919693417 (length 17.0 ns) False False
2025-04-08 19:22:31,953 - [MainProcess:91658] mummi_ras.online.simulation:has_computed_enough:352 - INFO - runtime_hours*0.99 = 0.495 vs delta_time = 0.1633950201670329 (length 17.0 ns) False False
2025-04-08 19:22:33,959 - [MainProcess:91658] mummi_ras.online.simulation:has_computed_enough:352 - INFO - runtime_hours*0.99 = 0.495 vs delta_time = 0.1639522851838006 (length 17.0 ns) False False
2025-04-08 19:22:35,965 - [MainProcess:91658] mummi_ras.online.simulation:has_computed_enough:352 - INFO - runtime_hours*0.99 = 0.495 vs delta_time = 0.16450956887669033 (length 17.0 ns) False False
2025-04-08 19:22:37,971 - [MainProcess:91658] mummi_ras.online.simulation:has_computed_enough:352 - INFO - runtime_hours*0.99 = 0.495 vs delta_time = 0.16506685700681475 (length 17.0 ns) False False
2025-04-08 19:22:39,977 - [MainProcess:91658] mummi_ras.online.simulation:has_computed_enough:352 - INFO - runtime_hours*0.99 = 0.495 vs delta_time = 0.16562410804960462 (length 17.0 ns) False False
2025-04-08 19:22:41,984 - [MainProcess:91658] mummi_ras.online.simulation:has_computed_enough:352 - INFO - runtime_hours*0.99 = 0.495 vs delta_time = 0.16618137578169503 (length 17.0 ns) False False
2025-04-08 19:22:43,990 - [MainProcess:91658] mummi_ras.online.simulation:has_computed_enough:352 - INFO - runtime_hours*0.99 = 0.495 vs delta_time = 0.16673861066500345 (length 17.0 ns) False False
2025-04-08 19:22:44,078 - [MainProcess:91658] mummi_ras.online.simulation:get_new_frames:399 - INFO - Getting all frame numbers in trajectory from 35 to 35.
2025-04-08 19:22:44,078 - [MainProcess:91658] mummi_ras.online.cg.cganalysis:run_main_analysis:193 - INFO - Process frame 35
2025-04-08 19:22:44,078 - [MainProcess:91658] mummi_ras.online.cg.cganalysis:processFrame:554 - INFO - Load 36 frames: current frame ID /tmp/mummi/cg/structure_iter00_000000000013-20250408_191226/traj_comp.xtc
2025-04-08 19:22:44,089 - [MainProcess:91658] mummi_ras.online.cg.cganalysis:processFrame:580 - INFO - Frame:    35, Time: 17500.000 ps, Bbox = [0, 181.70052, 0, 181.70052]
2025-04-08 19:22:44,090 - [MainProcess:91658] mummi_ras.online.cg.cganalysis:processFrame:584 - INFO - Lengths of layers: 662 36 486
2025-04-08 19:22:44,191 - [MainProcess:91658] mummi_ras.online.cg.cganalysis:processFrame:765 - INFO - Time for analysis - frameNum 35, time 0.11248588562011719 s
2025-04-08 19:22:46,192 - [MainProcess:91658] mummi_ras.online.simulation:has_computed_enough:352 - INFO - runtime_hours*0.99 = 0.495 vs delta_time = 0.16735024525059594 (length 17.5 ns) False False
2025-04-08 19:22:48,198 - [MainProcess:91658] mummi_ras.online.simulation:has_computed_enough:352 - INFO - runtime_hours*0.99 = 0.495 vs delta_time = 0.1679075625207689 (length 17.5 ns) False False
2025-04-08 19:22:50,204 - [MainProcess:91658] mummi_ras.online.simulation:has_computed_enough:352 - INFO - runtime_hours*0.99 = 0.495 vs delta_time = 0.16846482508712346 (length 17.5 ns) False False
2025-04-08 19:22:52,210 - [MainProcess:91658] mummi_ras.online.simulation:has_computed_enough:352 - INFO - runtime_hours*0.99 = 0.495 vs delta_time = 0.16902209599812826 (length 17.5 ns) False False
2025-04-08 19:22:54,216 - [MainProcess:91658] mummi_ras.online.simulation:has_computed_enough:352 - INFO - runtime_hours*0.99 = 0.495 vs delta_time = 0.16957936373021867 (length 17.5 ns) False False
2025-04-08 19:22:56,223 - [MainProcess:91658] mummi_ras.online.simulation:has_computed_enough:352 - INFO - runtime_hours*0.99 = 0.495 vs delta_time = 0.170136634906133 (length 17.5 ns) False False
2025-04-08 19:22:58,229 - [MainProcess:91658] mummi_ras.online.simulation:has_computed_enough:352 - INFO - runtime_hours*0.99 = 0.495 vs delta_time = 0.17069393455982207 (length 17.5 ns) False False
2025-04-08 19:23:00,235 - [MainProcess:91658] mummi_ras.online.simulation:has_computed_enough:352 - INFO - runtime_hours*0.99 = 0.495 vs delta_time = 0.17125118739075132 (length 17.5 ns) False False
2025-04-08 19:23:02,241 - [MainProcess:91658] mummi_ras.online.simulation:has_computed_enough:352 - INFO - runtime_hours*0.99 = 0.495 vs delta_time = 0.1718084565136168 (length 17.5 ns) False False
2025-04-08 19:23:02,293 - [MainProcess:91658] mummi_ras.online.simulation:get_new_frames:399 - INFO - Getting all frame numbers in trajectory from 36 to 36.
2025-04-08 19:23:02,293 - [MainProcess:91658] mummi_ras.online.cg.cganalysis:run_main_analysis:193 - INFO - Process frame 36
2025-04-08 19:23:02,294 - [MainProcess:91658] mummi_ras.online.cg.cganalysis:processFrame:554 - INFO - Load 37 frames: current frame ID /tmp/mummi/cg/structure_iter00_000000000013-20250408_191226/traj_comp.xtc
2025-04-08 19:23:02,305 - [MainProcess:91658] mummi_ras.online.cg.cganalysis:processFrame:580 - INFO - Frame:    36, Time: 18000.000 ps, Bbox = [0, 181.75781, 0, 181.75781]
2025-04-08 19:23:02,305 - [MainProcess:91658] mummi_ras.online.cg.cganalysis:processFrame:584 - INFO - Lengths of layers: 664 35 485
2025-04-08 19:23:02,406 - [MainProcess:91658] mummi_ras.online.cg.cganalysis:processFrame:765 - INFO - Time for analysis - frameNum 36, time 0.11295270919799805 s
2025-04-08 19:23:04,407 - [MainProcess:91658] mummi_ras.online.simulation:has_computed_enough:352 - INFO - runtime_hours*0.99 = 0.495 vs delta_time = 0.17241012805038028 (length 18.0 ns) False False
2025-04-08 19:23:06,413 - [MainProcess:91658] mummi_ras.online.simulation:has_computed_enough:352 - INFO - runtime_hours*0.99 = 0.495 vs delta_time = 0.1729674584335751 (length 18.0 ns) False False
2025-04-08 19:23:08,420 - [MainProcess:91658] mummi_ras.online.simulation:has_computed_enough:352 - INFO - runtime_hours*0.99 = 0.495 vs delta_time = 0.17352476471000247 (length 18.0 ns) False False
2025-04-08 19:23:10,426 - [MainProcess:91658] mummi_ras.online.simulation:has_computed_enough:352 - INFO - runtime_hours*0.99 = 0.495 vs delta_time = 0.17408204019069673 (length 18.0 ns) False False
2025-04-08 19:23:12,432 - [MainProcess:91658] mummi_ras.online.simulation:has_computed_enough:352 - INFO - runtime_hours*0.99 = 0.495 vs delta_time = 0.17463931891653273 (length 18.0 ns) False False
2025-04-08 19:23:14,438 - [MainProcess:91658] mummi_ras.online.simulation:has_computed_enough:352 - INFO - runtime_hours*0.99 = 0.495 vs delta_time = 0.1751965986357795 (length 18.0 ns) False False
2025-04-08 19:23:16,444 - [MainProcess:91658] mummi_ras.online.simulation:has_computed_enough:352 - INFO - runtime_hours*0.99 = 0.495 vs delta_time = 0.17575384305583105 (length 18.0 ns) False False
2025-04-08 19:23:18,451 - [MainProcess:91658] mummi_ras.online.simulation:has_computed_enough:352 - INFO - runtime_hours*0.99 = 0.495 vs delta_time = 0.17631114330556658 (length 18.0 ns) False False
2025-04-08 19:23:18,502 - [MainProcess:91658] mummi_ras.online.simulation:get_new_frames:399 - INFO - Getting all frame numbers in trajectory from 37 to 37.
2025-04-08 19:23:18,502 - [MainProcess:91658] mummi_ras.online.cg.cganalysis:run_main_analysis:193 - INFO - Process frame 37
2025-04-08 19:23:18,502 - [MainProcess:91658] mummi_ras.online.cg.cganalysis:processFrame:554 - INFO - Load 38 frames: current frame ID /tmp/mummi/cg/structure_iter00_000000000013-20250408_191226/traj_comp.xtc
2025-04-08 19:23:18,513 - [MainProcess:91658] mummi_ras.online.cg.cganalysis:processFrame:580 - INFO - Frame:    37, Time: 18500.000 ps, Bbox = [0, 181.28296, 0, 181.28296]
2025-04-08 19:23:18,513 - [MainProcess:91658] mummi_ras.online.cg.cganalysis:processFrame:584 - INFO - Lengths of layers: 663 33 488
2025-04-08 19:23:18,615 - [MainProcess:91658] mummi_ras.online.cg.cganalysis:processFrame:765 - INFO - Time for analysis - frameNum 37, time 0.11253714561462402 s
2025-04-08 19:23:20,615 - [MainProcess:91658] mummi_ras.online.simulation:has_computed_enough:352 - INFO - runtime_hours*0.99 = 0.495 vs delta_time = 0.17691238906648424 (length 18.5 ns) False False
2025-04-08 19:23:22,622 - [MainProcess:91658] mummi_ras.online.simulation:has_computed_enough:352 - INFO - runtime_hours*0.99 = 0.495 vs delta_time = 0.17746975190109676 (length 18.5 ns) False False
2025-04-08 19:23:24,628 - [MainProcess:91658] mummi_ras.online.simulation:has_computed_enough:352 - INFO - runtime_hours*0.99 = 0.495 vs delta_time = 0.17802702916993035 (length 18.5 ns) False False
2025-04-08 19:23:26,634 - [MainProcess:91658] mummi_ras.online.simulation:has_computed_enough:352 - INFO - runtime_hours*0.99 = 0.495 vs delta_time = 0.17858427259657117 (length 18.5 ns) False False
2025-04-08 19:23:28,640 - [MainProcess:91658] mummi_ras.online.simulation:has_computed_enough:352 - INFO - runtime_hours*0.99 = 0.495 vs delta_time = 0.17914157390594482 (length 18.5 ns) False False
2025-04-08 19:23:30,647 - [MainProcess:91658] mummi_ras.online.simulation:has_computed_enough:352 - INFO - runtime_hours*0.99 = 0.495 vs delta_time = 0.17969886733425988 (length 18.5 ns) False False
2025-04-08 19:23:32,653 - [MainProcess:91658] mummi_ras.online.simulation:has_computed_enough:352 - INFO - runtime_hours*0.99 = 0.495 vs delta_time = 0.18025612831115723 (length 18.5 ns) False False
2025-04-08 19:23:34,659 - [MainProcess:91658] mummi_ras.online.simulation:has_computed_enough:352 - INFO - runtime_hours*0.99 = 0.495 vs delta_time = 0.18081339120864867 (length 18.5 ns) False False
2025-04-08 19:23:36,665 - [MainProcess:91658] mummi_ras.online.simulation:has_computed_enough:352 - INFO - runtime_hours*0.99 = 0.495 vs delta_time = 0.18137065470218658 (length 18.5 ns) False False
2025-04-08 19:23:36,716 - [MainProcess:91658] mummi_ras.online.simulation:get_new_frames:399 - INFO - Getting all frame numbers in trajectory from 38 to 38.
2025-04-08 19:23:36,716 - [MainProcess:91658] mummi_ras.online.cg.cganalysis:run_main_analysis:193 - INFO - Process frame 38
2025-04-08 19:23:36,716 - [MainProcess:91658] mummi_ras.online.cg.cganalysis:processFrame:554 - INFO - Load 39 frames: current frame ID /tmp/mummi/cg/structure_iter00_000000000013-20250408_191226/traj_comp.xtc
2025-04-08 19:23:36,727 - [MainProcess:91658] mummi_ras.online.cg.cganalysis:processFrame:580 - INFO - Frame:    38, Time: 19000.000 ps, Bbox = [0, 181.63242, 0, 181.63242]
2025-04-08 19:23:36,727 - [MainProcess:91658] mummi_ras.online.cg.cganalysis:processFrame:584 - INFO - Lengths of layers: 662 32 490
2025-04-08 19:23:36,829 - [MainProcess:91658] mummi_ras.online.cg.cganalysis:processFrame:765 - INFO - Time for analysis - frameNum 38, time 0.11325860023498535 s
2025-04-08 19:23:38,830 - [MainProcess:91658] mummi_ras.online.simulation:has_computed_enough:352 - INFO - runtime_hours*0.99 = 0.495 vs delta_time = 0.18197203675905863 (length 19.0 ns) False False
2025-04-08 19:23:40,836 - [MainProcess:91658] mummi_ras.online.simulation:has_computed_enough:352 - INFO - runtime_hours*0.99 = 0.495 vs delta_time = 0.182529367407163 (length 19.0 ns) False False
2025-04-08 19:23:42,842 - [MainProcess:91658] mummi_ras.online.simulation:has_computed_enough:352 - INFO - runtime_hours*0.99 = 0.495 vs delta_time = 0.18308662725819483 (length 19.0 ns) False False
2025-04-08 19:23:44,849 - [MainProcess:91658] mummi_ras.online.simulation:has_computed_enough:352 - INFO - runtime_hours*0.99 = 0.495 vs delta_time = 0.1836438779036204 (length 19.0 ns) False False
2025-04-08 19:23:46,855 - [MainProcess:91658] mummi_ras.online.simulation:has_computed_enough:352 - INFO - runtime_hours*0.99 = 0.495 vs delta_time = 0.18420116636488174 (length 19.0 ns) False False
2025-04-08 19:23:48,861 - [MainProcess:91658] mummi_ras.online.simulation:has_computed_enough:352 - INFO - runtime_hours*0.99 = 0.495 vs delta_time = 0.18475845548841688 (length 19.0 ns) False False
2025-04-08 19:23:50,867 - [MainProcess:91658] mummi_ras.online.simulation:has_computed_enough:352 - INFO - runtime_hours*0.99 = 0.495 vs delta_time = 0.18531572077009412 (length 19.0 ns) False False
2025-04-08 19:23:52,873 - [MainProcess:91658] mummi_ras.online.simulation:has_computed_enough:352 - INFO - runtime_hours*0.99 = 0.495 vs delta_time = 0.18587299638324314 (length 19.0 ns) False False
2025-04-08 19:23:52,927 - [MainProcess:91658] mummi_ras.online.simulation:get_new_frames:399 - INFO - Getting all frame numbers in trajectory from 39 to 39.
2025-04-08 19:23:52,927 - [MainProcess:91658] mummi_ras.online.cg.cganalysis:run_main_analysis:193 - INFO - Process frame 39
2025-04-08 19:23:52,927 - [MainProcess:91658] mummi_ras.online.cg.cganalysis:processFrame:554 - INFO - Load 40 frames: current frame ID /tmp/mummi/cg/structure_iter00_000000000013-20250408_191226/traj_comp.xtc
2025-04-08 19:23:52,938 - [MainProcess:91658] mummi_ras.online.cg.cganalysis:processFrame:580 - INFO - Frame:    39, Time: 19500.000 ps, Bbox = [0, 180.35088, 0, 180.35088]
2025-04-08 19:23:52,938 - [MainProcess:91658] mummi_ras.online.cg.cganalysis:processFrame:584 - INFO - Lengths of layers: 664 31 489
2025-04-08 19:23:53,039 - [MainProcess:91658] mummi_ras.online.cg.cganalysis:processFrame:765 - INFO - Time for analysis - frameNum 39, time 0.11258387565612793 s
2025-04-08 19:23:55,040 - [MainProcess:91658] mummi_ras.online.simulation:has_computed_enough:352 - INFO - runtime_hours*0.99 = 0.495 vs delta_time = 0.18647484434975517 (length 19.5 ns) False False
2025-04-08 19:23:55,046 - [MainProcess:91658] mummi_ras.online.cg.cganalysis:processOutput:92 - INFO - Add feedback for frameNum 30 - state []
2025-04-08 19:23:55,047 - [MainProcess:91658] mummi_ras.online.cg.cganalysis:processOutput:92 - INFO - Add feedback for frameNum 31 - state []
2025-04-08 19:23:55,047 - [MainProcess:91658] mummi_ras.online.cg.cganalysis:processOutput:92 - INFO - Add feedback for frameNum 32 - state []
2025-04-08 19:23:55,047 - [MainProcess:91658] mummi_ras.online.cg.cganalysis:processOutput:92 - INFO - Add feedback for frameNum 33 - state []
2025-04-08 19:23:55,047 - [MainProcess:91658] mummi_ras.online.cg.cganalysis:processOutput:92 - INFO - Add feedback for frameNum 34 - state []
2025-04-08 19:23:55,047 - [MainProcess:91658] mummi_ras.online.cg.cganalysis:processOutput:92 - INFO - Add feedback for frameNum 35 - state []
2025-04-08 19:23:55,047 - [MainProcess:91658] mummi_ras.online.cg.cganalysis:processOutput:92 - INFO - Add feedback for frameNum 36 - state []
2025-04-08 19:23:55,047 - [MainProcess:91658] mummi_ras.online.cg.cganalysis:processOutput:92 - INFO - Add feedback for frameNum 37 - state []
2025-04-08 19:23:55,047 - [MainProcess:91658] mummi_ras.online.cg.cganalysis:processOutput:92 - INFO - Add feedback for frameNum 38 - state []
2025-04-08 19:23:55,048 - [MainProcess:91658] mummi_ras.online.cg.cganalysis:processOutput:92 - INFO - Add feedback for frameNum 39 - state []
2025-04-08 19:23:55,085 - [MainProcess:91658] mummi_core.interfaces.simple:_save_files:91 - INFO - Wrote 10 files to (/p/gpfs1/pottier1/minimummi-sc25/roots/root2/feedback-cg2ml/013)
2025-04-08 19:23:55,085 - [MainProcess:91658] mummi_ras.feedback.feedback_manager_cg2ml:report:118 - INFO - Added 10 frames (from structure_iter00_000000000013) to feedback (/p/gpfs1/pottier1/minimummi-sc25/roots/root2/feedback-cg2ml)
2025-04-08 19:23:55,085 - [MainProcess:91658] mummi_ras.online.cg.cganalysis:processOutput:112 - INFO - processOutput: 39
2025-04-08 19:23:55,085 - [MainProcess:91658] mummi_ras.online.cg.cganalysis:copyRemoteRestart:452 - INFO - Copy to remote frames [30, 31, 32, 33, 34, 35, 36, 37, 38, 39]
2025-04-08 19:23:55,221 - [MainProcess:91658] mummi_core.utils.utilities:sys_call:184 - INFO - Run command: rsync -va --no-g traj_comp.xtc topol.tpr state.cpt ener.edr md.log mdrun.log /p/gpfs1/pottier1/minimummi-sc25/roots/root2/sims-cg/structure_iter00_000000000013 || true
2025-04-08 19:23:55,649 - [MainProcess:91658] mummi_ras.interfaces.mummi:save_analysis_data:253 - INFO - Saved all analysis data for frames [30, 31, 32, 33, 34, 35, 36, 37, 38, 39]
2025-04-08 19:23:55,650 - [MainProcess:91658] mummi_ras.online.cg.cganalysis:copyRemoteLogs:350 - INFO - Copy over log files
2025-04-08 19:23:55,689 - [MainProcess:91658] mummi_core.utils.utilities:sys_call:184 - INFO - Run command: cp -r  /tmp/mummi/cg/structure_iter00_000000000013-20250408_191226/cg_analysis.out /tmp/mummi/cg/structure_iter00_000000000013-20250408_191226/traj_comp.xtc /tmp/mummi/cg/structure_iter00_000000000013-20250408_191226/*.log /p/gpfs1/pottier1/minimummi-sc25/roots/root2/sims-cg/structure_iter00_000000000013/ || true
2025-04-08 19:23:55,690 - [MainProcess:91658] mummi_ras.online.cg.cganalysis:copyRemoteLogs:365 - INFO - copyRemoteLogs =  /tmp/mummi/cg/structure_iter00_000000000013-20250408_191226/cg_analysis.out /tmp/mummi/cg/structure_iter00_000000000013-20250408_191226/traj_comp.xtc /tmp/mummi/cg/structure_iter00_000000000013-20250408_191226/*.log
2025-04-08 19:23:55,690 - [MainProcess:91658] mummi_ras.online.cg.cganalysis:cleanupLocal:375 - WARNING - Copy cleanup local only works for ddcMD files
2025-04-08 19:23:57,690 - [MainProcess:91658] mummi_ras.online.simulation:has_computed_enough:352 - INFO - runtime_hours*0.99 = 0.495 vs delta_time = 0.18721093661255306 (length 19.5 ns) False False
2025-04-08 19:23:59,696 - [MainProcess:91658] mummi_ras.online.simulation:has_computed_enough:352 - INFO - runtime_hours*0.99 = 0.495 vs delta_time = 0.18776823302110035 (length 19.5 ns) False False
2025-04-08 19:24:01,703 - [MainProcess:91658] mummi_ras.online.simulation:has_computed_enough:352 - INFO - runtime_hours*0.99 = 0.495 vs delta_time = 0.1883255597617891 (length 19.5 ns) False False
2025-04-08 19:24:03,709 - [MainProcess:91658] mummi_ras.online.simulation:has_computed_enough:352 - INFO - runtime_hours*0.99 = 0.495 vs delta_time = 0.18888282848729027 (length 19.5 ns) False False
2025-04-08 19:24:05,715 - [MainProcess:91658] mummi_ras.online.simulation:has_computed_enough:352 - INFO - runtime_hours*0.99 = 0.495 vs delta_time = 0.18944010376930237 (length 19.5 ns) False False
2025-04-08 19:24:07,721 - [MainProcess:91658] mummi_ras.online.simulation:has_computed_enough:352 - INFO - runtime_hours*0.99 = 0.495 vs delta_time = 0.1899973785214954 (length 19.5 ns) False False
2025-04-08 19:24:09,727 - [MainProcess:91658] mummi_ras.online.simulation:has_computed_enough:352 - INFO - runtime_hours*0.99 = 0.495 vs delta_time = 0.1905546471145418 (length 19.5 ns) False False
2025-04-08 19:24:09,781 - [MainProcess:91658] mummi_ras.online.simulation:get_new_frames:399 - INFO - Getting all frame numbers in trajectory from 40 to 40.
2025-04-08 19:24:09,781 - [MainProcess:91658] mummi_ras.online.cg.cganalysis:run_main_analysis:193 - INFO - Process frame 40
2025-04-08 19:24:09,782 - [MainProcess:91658] mummi_ras.online.cg.cganalysis:processFrame:554 - INFO - Load 41 frames: current frame ID /tmp/mummi/cg/structure_iter00_000000000013-20250408_191226/traj_comp.xtc
2025-04-08 19:24:09,793 - [MainProcess:91658] mummi_ras.online.cg.cganalysis:processFrame:580 - INFO - Frame:    40, Time: 20000.000 ps, Bbox = [0, 180.90442, 0, 180.90442]
2025-04-08 19:24:09,793 - [MainProcess:91658] mummi_ras.online.cg.cganalysis:processFrame:584 - INFO - Lengths of layers: 660 36 488
2025-04-08 19:24:09,894 - [MainProcess:91658] mummi_ras.online.cg.cganalysis:processFrame:765 - INFO - Time for analysis - frameNum 40, time 0.11265873908996582 s
2025-04-08 19:24:11,895 - [MainProcess:91658] mummi_ras.online.simulation:has_computed_enough:352 - INFO - runtime_hours*0.99 = 0.495 vs delta_time = 0.19115674720870124 (length 20.0 ns) False False
2025-04-08 19:24:13,901 - [MainProcess:91658] mummi_ras.online.simulation:has_computed_enough:352 - INFO - runtime_hours*0.99 = 0.495 vs delta_time = 0.1917141091823578 (length 20.0 ns) False False
2025-04-08 19:24:15,908 - [MainProcess:91658] mummi_ras.online.simulation:has_computed_enough:352 - INFO - runtime_hours*0.99 = 0.495 vs delta_time = 0.19227140731281706 (length 20.0 ns) False False
2025-04-08 19:24:17,914 - [MainProcess:91658] mummi_ras.online.simulation:has_computed_enough:352 - INFO - runtime_hours*0.99 = 0.495 vs delta_time = 0.19282869067456987 (length 20.0 ns) False False
2025-04-08 19:24:19,920 - [MainProcess:91658] mummi_ras.online.simulation:has_computed_enough:352 - INFO - runtime_hours*0.99 = 0.495 vs delta_time = 0.1933859559562471 (length 20.0 ns) False False
2025-04-08 19:24:21,926 - [MainProcess:91658] mummi_ras.online.simulation:has_computed_enough:352 - INFO - runtime_hours*0.99 = 0.495 vs delta_time = 0.1939432254102495 (length 20.0 ns) False False
2025-04-08 19:24:23,933 - [MainProcess:91658] mummi_ras.online.simulation:has_computed_enough:352 - INFO - runtime_hours*0.99 = 0.495 vs delta_time = 0.19450052777926127 (length 20.0 ns) False False
2025-04-08 19:24:25,939 - [MainProcess:91658] mummi_ras.online.simulation:has_computed_enough:352 - INFO - runtime_hours*0.99 = 0.495 vs delta_time = 0.19505779140525395 (length 20.0 ns) False False
2025-04-08 19:24:27,945 - [MainProcess:91658] mummi_ras.online.simulation:has_computed_enough:352 - INFO - runtime_hours*0.99 = 0.495 vs delta_time = 0.19561506774690415 (length 20.0 ns) False False
2025-04-08 19:24:28,093 - [MainProcess:91658] mummi_ras.online.simulation:get_new_frames:399 - INFO - Getting all frame numbers in trajectory from 41 to 41.
2025-04-08 19:24:28,093 - [MainProcess:91658] mummi_ras.online.cg.cganalysis:run_main_analysis:193 - INFO - Process frame 41
2025-04-08 19:24:28,093 - [MainProcess:91658] mummi_ras.online.cg.cganalysis:processFrame:554 - INFO - Load 42 frames: current frame ID /tmp/mummi/cg/structure_iter00_000000000013-20250408_191226/traj_comp.xtc
2025-04-08 19:24:28,104 - [MainProcess:91658] mummi_ras.online.cg.cganalysis:processFrame:580 - INFO - Frame:    41, Time: 20500.000 ps, Bbox = [0, 182.01845, 0, 182.01845]
2025-04-08 19:24:28,104 - [MainProcess:91658] mummi_ras.online.cg.cganalysis:processFrame:584 - INFO - Lengths of layers: 662 30 492
2025-04-08 19:24:28,206 - [MainProcess:91658] mummi_ras.online.cg.cganalysis:processFrame:765 - INFO - Time for analysis - frameNum 41, time 0.1126248836517334 s
2025-04-08 19:24:30,207 - [MainProcess:91658] mummi_ras.online.simulation:has_computed_enough:352 - INFO - runtime_hours*0.99 = 0.495 vs delta_time = 0.19624331023957994 (length 20.5 ns) False False
2025-04-08 19:24:32,213 - [MainProcess:91658] mummi_ras.online.simulation:has_computed_enough:352 - INFO - runtime_hours*0.99 = 0.495 vs delta_time = 0.19680066532558865 (length 20.5 ns) False False
2025-04-08 19:24:34,219 - [MainProcess:91658] mummi_ras.online.simulation:has_computed_enough:352 - INFO - runtime_hours*0.99 = 0.495 vs delta_time = 0.197357938753234 (length 20.5 ns) False False
2025-04-08 19:24:36,225 - [MainProcess:91658] mummi_ras.online.simulation:has_computed_enough:352 - INFO - runtime_hours*0.99 = 0.495 vs delta_time = 0.19791522794299654 (length 20.5 ns) False False
2025-04-08 19:24:38,232 - [MainProcess:91658] mummi_ras.online.simulation:has_computed_enough:352 - INFO - runtime_hours*0.99 = 0.495 vs delta_time = 0.19847251792748768 (length 20.5 ns) False False
2025-04-08 19:24:40,238 - [MainProcess:91658] mummi_ras.online.simulation:has_computed_enough:352 - INFO - runtime_hours*0.99 = 0.495 vs delta_time = 0.1990297954612308 (length 20.5 ns) False False
2025-04-08 19:24:42,244 - [MainProcess:91658] mummi_ras.online.simulation:has_computed_enough:352 - INFO - runtime_hours*0.99 = 0.495 vs delta_time = 0.19958708067735037 (length 20.5 ns) False False
2025-04-08 19:24:44,250 - [MainProcess:91658] mummi_ras.online.simulation:has_computed_enough:352 - INFO - runtime_hours*0.99 = 0.495 vs delta_time = 0.20014438860946232 (length 20.5 ns) False False
2025-04-08 19:24:44,340 - [MainProcess:91658] mummi_ras.online.simulation:get_new_frames:399 - INFO - Getting all frame numbers in trajectory from 42 to 42.
2025-04-08 19:24:44,340 - [MainProcess:91658] mummi_ras.online.cg.cganalysis:run_main_analysis:193 - INFO - Process frame 42
2025-04-08 19:24:44,341 - [MainProcess:91658] mummi_ras.online.cg.cganalysis:processFrame:554 - INFO - Load 43 frames: current frame ID /tmp/mummi/cg/structure_iter00_000000000013-20250408_191226/traj_comp.xtc
2025-04-08 19:24:44,352 - [MainProcess:91658] mummi_ras.online.cg.cganalysis:processFrame:580 - INFO - Frame:    42, Time: 21000.000 ps, Bbox = [0, 180.12083, 0, 180.12083]
2025-04-08 19:24:44,352 - [MainProcess:91658] mummi_ras.online.cg.cganalysis:processFrame:584 - INFO - Lengths of layers: 662 30 492
2025-04-08 19:24:44,455 - [MainProcess:91658] mummi_ras.online.cg.cganalysis:processFrame:765 - INFO - Time for analysis - frameNum 42, time 0.1144258975982666 s
2025-04-08 19:24:46,456 - [MainProcess:91658] mummi_ras.online.simulation:has_computed_enough:352 - INFO - runtime_hours*0.99 = 0.495 vs delta_time = 0.20075694249735937 (length 21.0 ns) False False
2025-04-08 19:24:48,462 - [MainProcess:91658] mummi_ras.online.simulation:has_computed_enough:352 - INFO - runtime_hours*0.99 = 0.495 vs delta_time = 0.20131430526574454 (length 21.0 ns) False False
2025-04-08 19:24:50,468 - [MainProcess:91658] mummi_ras.online.simulation:has_computed_enough:352 - INFO - runtime_hours*0.99 = 0.495 vs delta_time = 0.2018715822696686 (length 21.0 ns) False False
2025-04-08 19:24:52,475 - [MainProcess:91658] mummi_ras.online.simulation:has_computed_enough:352 - INFO - runtime_hours*0.99 = 0.495 vs delta_time = 0.2024288605981403 (length 21.0 ns) False False
2025-04-08 19:24:54,481 - [MainProcess:91658] mummi_ras.online.simulation:has_computed_enough:352 - INFO - runtime_hours*0.99 = 0.495 vs delta_time = 0.20298612309826744 (length 21.0 ns) False False
2025-04-08 19:24:56,487 - [MainProcess:91658] mummi_ras.online.simulation:has_computed_enough:352 - INFO - runtime_hours*0.99 = 0.495 vs delta_time = 0.20354342540105183 (length 21.0 ns) False False
2025-04-08 19:24:58,493 - [MainProcess:91658] mummi_ras.online.simulation:has_computed_enough:352 - INFO - runtime_hours*0.99 = 0.495 vs delta_time = 0.20410073187616137 (length 21.0 ns) False False
2025-04-08 19:25:00,499 - [MainProcess:91658] mummi_ras.online.simulation:has_computed_enough:352 - INFO - runtime_hours*0.99 = 0.495 vs delta_time = 0.20465800788667468 (length 21.0 ns) False False
2025-04-08 19:25:02,506 - [MainProcess:91658] mummi_ras.online.simulation:has_computed_enough:352 - INFO - runtime_hours*0.99 = 0.495 vs delta_time = 0.20521528687742022 (length 21.0 ns) False False
2025-04-08 19:25:02,568 - [MainProcess:91658] mummi_ras.online.simulation:get_new_frames:399 - INFO - Getting all frame numbers in trajectory from 43 to 43.
2025-04-08 19:25:02,568 - [MainProcess:91658] mummi_ras.online.cg.cganalysis:run_main_analysis:193 - INFO - Process frame 43
2025-04-08 19:25:02,568 - [MainProcess:91658] mummi_ras.online.cg.cganalysis:processFrame:554 - INFO - Load 44 frames: current frame ID /tmp/mummi/cg/structure_iter00_000000000013-20250408_191226/traj_comp.xtc
2025-04-08 19:25:02,580 - [MainProcess:91658] mummi_ras.online.cg.cganalysis:processFrame:580 - INFO - Frame:    43, Time: 21500.000 ps, Bbox = [0, 180.0741, 0, 180.0741]
2025-04-08 19:25:02,580 - [MainProcess:91658] mummi_ras.online.cg.cganalysis:processFrame:584 - INFO - Lengths of layers: 661 31 492
2025-04-08 19:25:02,682 - [MainProcess:91658] mummi_ras.online.cg.cganalysis:processFrame:765 - INFO - Time for analysis - frameNum 43, time 0.11338400840759277 s
2025-04-08 19:25:04,683 - [MainProcess:91658] mummi_ras.online.simulation:has_computed_enough:352 - INFO - runtime_hours*0.99 = 0.495 vs delta_time = 0.20581997997230952 (length 21.5 ns) False False
2025-04-08 19:25:06,689 - [MainProcess:91658] mummi_ras.online.simulation:has_computed_enough:352 - INFO - runtime_hours*0.99 = 0.495 vs delta_time = 0.20637735320462122 (length 21.5 ns) False False
2025-04-08 19:25:08,695 - [MainProcess:91658] mummi_ras.online.simulation:has_computed_enough:352 - INFO - runtime_hours*0.99 = 0.495 vs delta_time = 0.2069346421957016 (length 21.5 ns) False False
2025-04-08 19:25:10,702 - [MainProcess:91658] mummi_ras.online.simulation:has_computed_enough:352 - INFO - runtime_hours*0.99 = 0.495 vs delta_time = 0.20749191847112444 (length 21.5 ns) False False
2025-04-08 19:25:12,708 - [MainProcess:91658] mummi_ras.online.simulation:has_computed_enough:352 - INFO - runtime_hours*0.99 = 0.495 vs delta_time = 0.20804920415083566 (length 21.5 ns) False False
2025-04-08 19:25:14,714 - [MainProcess:91658] mummi_ras.online.simulation:has_computed_enough:352 - INFO - runtime_hours*0.99 = 0.495 vs delta_time = 0.20860647559165954 (length 21.5 ns) False False
2025-04-08 19:25:16,720 - [MainProcess:91658] mummi_ras.online.simulation:has_computed_enough:352 - INFO - runtime_hours*0.99 = 0.495 vs delta_time = 0.20916378127204047 (length 21.5 ns) False False
2025-04-08 19:25:18,726 - [MainProcess:91658] mummi_ras.online.simulation:has_computed_enough:352 - INFO - runtime_hours*0.99 = 0.495 vs delta_time = 0.2097210462225808 (length 21.5 ns) False False
2025-04-08 19:25:18,780 - [MainProcess:91658] mummi_ras.online.simulation:get_new_frames:399 - INFO - Getting all frame numbers in trajectory from 44 to 44.
2025-04-08 19:25:18,780 - [MainProcess:91658] mummi_ras.online.cg.cganalysis:run_main_analysis:193 - INFO - Process frame 44
2025-04-08 19:25:18,781 - [MainProcess:91658] mummi_ras.online.cg.cganalysis:processFrame:554 - INFO - Load 45 frames: current frame ID /tmp/mummi/cg/structure_iter00_000000000013-20250408_191226/traj_comp.xtc
2025-04-08 19:25:18,792 - [MainProcess:91658] mummi_ras.online.cg.cganalysis:processFrame:580 - INFO - Frame:    44, Time: 22000.000 ps, Bbox = [0, 179.69728, 0, 179.69728]
2025-04-08 19:25:18,792 - [MainProcess:91658] mummi_ras.online.cg.cganalysis:processFrame:584 - INFO - Lengths of layers: 663 30 491
2025-04-08 19:25:18,893 - [MainProcess:91658] mummi_ras.online.cg.cganalysis:processFrame:765 - INFO - Time for analysis - frameNum 44, time 0.11282801628112793 s
2025-04-08 19:25:20,894 - [MainProcess:91658] mummi_ras.online.simulation:has_computed_enough:352 - INFO - runtime_hours*0.99 = 0.495 vs delta_time = 0.21032316088676453 (length 22.0 ns) False False
2025-04-08 19:25:22,900 - [MainProcess:91658] mummi_ras.online.simulation:has_computed_enough:352 - INFO - runtime_hours*0.99 = 0.495 vs delta_time = 0.21088047795825535 (length 22.0 ns) False False
2025-04-08 19:25:24,907 - [MainProcess:91658] mummi_ras.online.simulation:has_computed_enough:352 - INFO - runtime_hours*0.99 = 0.495 vs delta_time = 0.21143777602248723 (length 22.0 ns) False False
2025-04-08 19:25:26,913 - [MainProcess:91658] mummi_ras.online.simulation:has_computed_enough:352 - INFO - runtime_hours*0.99 = 0.495 vs delta_time = 0.21199504560894436 (length 22.0 ns) False False
2025-04-08 19:25:28,919 - [MainProcess:91658] mummi_ras.online.simulation:has_computed_enough:352 - INFO - runtime_hours*0.99 = 0.495 vs delta_time = 0.21255232983165318 (length 22.0 ns) False False
2025-04-08 19:25:30,925 - [MainProcess:91658] mummi_ras.online.simulation:has_computed_enough:352 - INFO - runtime_hours*0.99 = 0.495 vs delta_time = 0.2131096187565062 (length 22.0 ns) False False
2025-04-08 19:25:32,932 - [MainProcess:91658] mummi_ras.online.simulation:has_computed_enough:352 - INFO - runtime_hours*0.99 = 0.495 vs delta_time = 0.21366692384084066 (length 22.0 ns) False False
2025-04-08 19:25:34,938 - [MainProcess:91658] mummi_ras.online.simulation:has_computed_enough:352 - INFO - runtime_hours*0.99 = 0.495 vs delta_time = 0.21422418985101913 (length 22.0 ns) False False
2025-04-08 19:25:36,944 - [MainProcess:91658] mummi_ras.online.simulation:has_computed_enough:352 - INFO - runtime_hours*0.99 = 0.495 vs delta_time = 0.2147814679808087 (length 22.0 ns) False False
2025-04-08 19:25:37,096 - [MainProcess:91658] mummi_ras.online.simulation:get_new_frames:399 - INFO - Getting all frame numbers in trajectory from 45 to 45.
2025-04-08 19:25:37,096 - [MainProcess:91658] mummi_ras.online.cg.cganalysis:run_main_analysis:193 - INFO - Process frame 45
2025-04-08 19:25:37,097 - [MainProcess:91658] mummi_ras.online.cg.cganalysis:processFrame:554 - INFO - Load 46 frames: current frame ID /tmp/mummi/cg/structure_iter00_000000000013-20250408_191226/traj_comp.xtc
2025-04-08 19:25:37,108 - [MainProcess:91658] mummi_ras.online.cg.cganalysis:processFrame:580 - INFO - Frame:    45, Time: 22500.000 ps, Bbox = [0, 180.47441, 0, 180.47441]
2025-04-08 19:25:37,108 - [MainProcess:91658] mummi_ras.online.cg.cganalysis:processFrame:584 - INFO - Lengths of layers: 658 37 489
2025-04-08 19:25:37,209 - [MainProcess:91658] mummi_ras.online.cg.cganalysis:processFrame:765 - INFO - Time for analysis - frameNum 45, time 0.1126408576965332 s
2025-04-08 19:25:39,210 - [MainProcess:91658] mummi_ras.online.simulation:has_computed_enough:352 - INFO - runtime_hours*0.99 = 0.495 vs delta_time = 0.21541089799669053 (length 22.5 ns) False False
2025-04-08 19:25:41,216 - [MainProcess:91658] mummi_ras.online.simulation:has_computed_enough:352 - INFO - runtime_hours*0.99 = 0.495 vs delta_time = 0.21596824182404412 (length 22.5 ns) False False
2025-04-08 19:25:43,222 - [MainProcess:91658] mummi_ras.online.simulation:has_computed_enough:352 - INFO - runtime_hours*0.99 = 0.495 vs delta_time = 0.216525517238511 (length 22.5 ns) False False
2025-04-08 19:25:45,229 - [MainProcess:91658] mummi_ras.online.simulation:has_computed_enough:352 - INFO - runtime_hours*0.99 = 0.495 vs delta_time = 0.2170827614598804 (length 22.5 ns) False False
2025-04-08 19:25:47,235 - [MainProcess:91658] mummi_ras.online.simulation:has_computed_enough:352 - INFO - runtime_hours*0.99 = 0.495 vs delta_time = 0.2176400633653005 (length 22.5 ns) False False
2025-04-08 19:25:49,241 - [MainProcess:91658] mummi_ras.online.simulation:has_computed_enough:352 - INFO - runtime_hours*0.99 = 0.495 vs delta_time = 0.2181973323557112 (length 22.5 ns) False False
2025-04-08 19:25:51,247 - [MainProcess:91658] mummi_ras.online.simulation:has_computed_enough:352 - INFO - runtime_hours*0.99 = 0.495 vs delta_time = 0.21875460320048862 (length 22.5 ns) False False
2025-04-08 19:25:53,253 - [MainProcess:91658] mummi_ras.online.simulation:has_computed_enough:352 - INFO - runtime_hours*0.99 = 0.495 vs delta_time = 0.21931186106469897 (length 22.5 ns) False False
2025-04-08 19:25:53,341 - [MainProcess:91658] mummi_ras.online.simulation:get_new_frames:399 - INFO - Getting all frame numbers in trajectory from 46 to 46.
2025-04-08 19:25:53,341 - [MainProcess:91658] mummi_ras.online.cg.cganalysis:run_main_analysis:193 - INFO - Process frame 46
2025-04-08 19:25:53,341 - [MainProcess:91658] mummi_ras.online.cg.cganalysis:processFrame:554 - INFO - Load 47 frames: current frame ID /tmp/mummi/cg/structure_iter00_000000000013-20250408_191226/traj_comp.xtc
2025-04-08 19:25:53,353 - [MainProcess:91658] mummi_ras.online.cg.cganalysis:processFrame:580 - INFO - Frame:    46, Time: 23000.000 ps, Bbox = [0, 180.43549, 0, 180.43549]
2025-04-08 19:25:53,353 - [MainProcess:91658] mummi_ras.online.cg.cganalysis:processFrame:584 - INFO - Lengths of layers: 657 41 486
2025-04-08 19:25:53,454 - [MainProcess:91658] mummi_ras.online.cg.cganalysis:processFrame:765 - INFO - Time for analysis - frameNum 46, time 0.11237597465515137 s
2025-04-08 19:25:55,454 - [MainProcess:91658] mummi_ras.online.simulation:has_computed_enough:352 - INFO - runtime_hours*0.99 = 0.495 vs delta_time = 0.21992324471473693 (length 23.0 ns) False False
2025-04-08 19:25:57,461 - [MainProcess:91658] mummi_ras.online.simulation:has_computed_enough:352 - INFO - runtime_hours*0.99 = 0.495 vs delta_time = 0.22048058172067006 (length 23.0 ns) False False
2025-04-08 19:25:59,467 - [MainProcess:91658] mummi_ras.online.simulation:has_computed_enough:352 - INFO - runtime_hours*0.99 = 0.495 vs delta_time = 0.2210378666056527 (length 23.0 ns) False False
2025-04-08 19:26:01,473 - [MainProcess:91658] mummi_ras.online.simulation:has_computed_enough:352 - INFO - runtime_hours*0.99 = 0.495 vs delta_time = 0.22159514870908525 (length 23.0 ns) False False
2025-04-08 19:26:03,479 - [MainProcess:91658] mummi_ras.online.simulation:has_computed_enough:352 - INFO - runtime_hours*0.99 = 0.495 vs delta_time = 0.22215240048037635 (length 23.0 ns) False False
2025-04-08 19:26:05,485 - [MainProcess:91658] mummi_ras.online.simulation:has_computed_enough:352 - INFO - runtime_hours*0.99 = 0.495 vs delta_time = 0.22270965993404387 (length 23.0 ns) False False
2025-04-08 19:26:07,492 - [MainProcess:91658] mummi_ras.online.simulation:has_computed_enough:352 - INFO - runtime_hours*0.99 = 0.495 vs delta_time = 0.22326693475246429 (length 23.0 ns) False False
2025-04-08 19:26:09,498 - [MainProcess:91658] mummi_ras.online.simulation:has_computed_enough:352 - INFO - runtime_hours*0.99 = 0.495 vs delta_time = 0.223824242817031 (length 23.0 ns) False False
2025-04-08 19:26:11,504 - [MainProcess:91658] mummi_ras.online.simulation:has_computed_enough:352 - INFO - runtime_hours*0.99 = 0.495 vs delta_time = 0.22438150511847602 (length 23.0 ns) False False
2025-04-08 19:26:11,558 - [MainProcess:91658] mummi_ras.online.simulation:get_new_frames:399 - INFO - Getting all frame numbers in trajectory from 47 to 47.
2025-04-08 19:26:11,559 - [MainProcess:91658] mummi_ras.online.cg.cganalysis:run_main_analysis:193 - INFO - Process frame 47
2025-04-08 19:26:11,559 - [MainProcess:91658] mummi_ras.online.cg.cganalysis:processFrame:554 - INFO - Load 48 frames: current frame ID /tmp/mummi/cg/structure_iter00_000000000013-20250408_191226/traj_comp.xtc
2025-04-08 19:26:11,570 - [MainProcess:91658] mummi_ras.online.cg.cganalysis:processFrame:580 - INFO - Frame:    47, Time: 23500.000 ps, Bbox = [0, 180.7442, 0, 180.7442]
2025-04-08 19:26:11,570 - [MainProcess:91658] mummi_ras.online.cg.cganalysis:processFrame:584 - INFO - Lengths of layers: 658 38 488
2025-04-08 19:26:11,672 - [MainProcess:91658] mummi_ras.online.cg.cganalysis:processFrame:765 - INFO - Time for analysis - frameNum 47, time 0.11294364929199219 s
2025-04-08 19:26:13,672 - [MainProcess:91658] mummi_ras.online.simulation:has_computed_enough:352 - INFO - runtime_hours*0.99 = 0.495 vs delta_time = 0.22498379270235697 (length 23.5 ns) False False
2025-04-08 19:26:15,679 - [MainProcess:91658] mummi_ras.online.simulation:has_computed_enough:352 - INFO - runtime_hours*0.99 = 0.495 vs delta_time = 0.22554115917947556 (length 23.5 ns) False False
2025-04-08 19:26:17,685 - [MainProcess:91658] mummi_ras.online.simulation:has_computed_enough:352 - INFO - runtime_hours*0.99 = 0.495 vs delta_time = 0.22609844121668074 (length 23.5 ns) False False
2025-04-08 19:26:19,691 - [MainProcess:91658] mummi_ras.online.simulation:has_computed_enough:352 - INFO - runtime_hours*0.99 = 0.495 vs delta_time = 0.22665571855174171 (length 23.5 ns) False False
2025-04-08 19:26:21,698 - [MainProcess:91658] mummi_ras.online.simulation:has_computed_enough:352 - INFO - runtime_hours*0.99 = 0.495 vs delta_time = 0.22721302734480964 (length 23.5 ns) False False
2025-04-08 19:26:23,704 - [MainProcess:91658] mummi_ras.online.simulation:has_computed_enough:352 - INFO - runtime_hours*0.99 = 0.495 vs delta_time = 0.22777032183276283 (length 23.5 ns) False False
2025-04-08 19:26:25,710 - [MainProcess:91658] mummi_ras.online.simulation:has_computed_enough:352 - INFO - runtime_hours*0.99 = 0.495 vs delta_time = 0.22832760380374062 (length 23.5 ns) False False
2025-04-08 19:26:27,716 - [MainProcess:91658] mummi_ras.online.simulation:has_computed_enough:352 - INFO - runtime_hours*0.99 = 0.495 vs delta_time = 0.2288848915365007 (length 23.5 ns) False False
2025-04-08 19:26:27,771 - [MainProcess:91658] mummi_ras.online.simulation:get_new_frames:399 - INFO - Getting all frame numbers in trajectory from 48 to 48.
2025-04-08 19:26:27,771 - [MainProcess:91658] mummi_ras.online.cg.cganalysis:run_main_analysis:193 - INFO - Process frame 48
2025-04-08 19:26:27,771 - [MainProcess:91658] mummi_ras.online.cg.cganalysis:processFrame:554 - INFO - Load 49 frames: current frame ID /tmp/mummi/cg/structure_iter00_000000000013-20250408_191226/traj_comp.xtc
2025-04-08 19:26:27,782 - [MainProcess:91658] mummi_ras.online.cg.cganalysis:processFrame:580 - INFO - Frame:    48, Time: 24000.000 ps, Bbox = [0, 180.37451, 0, 180.37451]
2025-04-08 19:26:27,782 - [MainProcess:91658] mummi_ras.online.cg.cganalysis:processFrame:584 - INFO - Lengths of layers: 661 37 486
2025-04-08 19:26:27,884 - [MainProcess:91658] mummi_ras.online.cg.cganalysis:processFrame:765 - INFO - Time for analysis - frameNum 48, time 0.11275172233581543 s
2025-04-08 19:26:29,884 - [MainProcess:91658] mummi_ras.online.simulation:has_computed_enough:352 - INFO - runtime_hours*0.99 = 0.495 vs delta_time = 0.22948712805906932 (length 24.0 ns) False False
2025-04-08 19:26:31,891 - [MainProcess:91658] mummi_ras.online.simulation:has_computed_enough:352 - INFO - runtime_hours*0.99 = 0.495 vs delta_time = 0.23004450221856435 (length 24.0 ns) False False
2025-04-08 19:26:33,897 - [MainProcess:91658] mummi_ras.online.simulation:has_computed_enough:352 - INFO - runtime_hours*0.99 = 0.495 vs delta_time = 0.23060179326269362 (length 24.0 ns) False False
2025-04-08 19:26:35,903 - [MainProcess:91658] mummi_ras.online.simulation:has_computed_enough:352 - INFO - runtime_hours*0.99 = 0.495 vs delta_time = 0.2311590756310357 (length 24.0 ns) False False
2025-04-08 19:26:37,909 - [MainProcess:91658] mummi_ras.online.simulation:has_computed_enough:352 - INFO - runtime_hours*0.99 = 0.495 vs delta_time = 0.231716321905454 (length 24.0 ns) False False
2025-04-08 19:26:39,916 - [MainProcess:91658] mummi_ras.online.simulation:has_computed_enough:352 - INFO - runtime_hours*0.99 = 0.495 vs delta_time = 0.23227362255255382 (length 24.0 ns) False False
2025-04-08 19:26:41,922 - [MainProcess:91658] mummi_ras.online.simulation:has_computed_enough:352 - INFO - runtime_hours*0.99 = 0.495 vs delta_time = 0.2328308986292945 (length 24.0 ns) False False
2025-04-08 19:26:43,928 - [MainProcess:91658] mummi_ras.online.simulation:has_computed_enough:352 - INFO - runtime_hours*0.99 = 0.495 vs delta_time = 0.2333881781498591 (length 24.0 ns) False False
2025-04-08 19:26:44,123 - [MainProcess:91658] mummi_ras.online.simulation:get_new_frames:399 - INFO - Getting all frame numbers in trajectory from 49 to 49.
2025-04-08 19:26:44,123 - [MainProcess:91658] mummi_ras.online.cg.cganalysis:run_main_analysis:193 - INFO - Process frame 49
2025-04-08 19:26:44,123 - [MainProcess:91658] mummi_ras.online.cg.cganalysis:processFrame:554 - INFO - Load 50 frames: current frame ID /tmp/mummi/cg/structure_iter00_000000000013-20250408_191226/traj_comp.xtc
2025-04-08 19:26:44,134 - [MainProcess:91658] mummi_ras.online.cg.cganalysis:processFrame:580 - INFO - Frame:    49, Time: 24500.000 ps, Bbox = [0, 179.87915, 0, 179.87915]
2025-04-08 19:26:44,134 - [MainProcess:91658] mummi_ras.online.cg.cganalysis:processFrame:584 - INFO - Lengths of layers: 661 41 482
2025-04-08 19:26:44,236 - [MainProcess:91658] mummi_ras.online.cg.cganalysis:processFrame:765 - INFO - Time for analysis - frameNum 49, time 0.11256074905395508 s
2025-04-08 19:26:46,236 - [MainProcess:91658] mummi_ras.online.simulation:has_computed_enough:352 - INFO - runtime_hours*0.99 = 0.495 vs delta_time = 0.23402932193544176 (length 24.5 ns) False False
2025-04-08 19:26:46,243 - [MainProcess:91658] mummi_ras.online.cg.cganalysis:processOutput:92 - INFO - Add feedback for frameNum 40 - state []
2025-04-08 19:26:46,243 - [MainProcess:91658] mummi_ras.online.cg.cganalysis:processOutput:92 - INFO - Add feedback for frameNum 41 - state []
2025-04-08 19:26:46,243 - [MainProcess:91658] mummi_ras.online.cg.cganalysis:processOutput:92 - INFO - Add feedback for frameNum 42 - state []
2025-04-08 19:26:46,243 - [MainProcess:91658] mummi_ras.online.cg.cganalysis:processOutput:92 - INFO - Add feedback for frameNum 43 - state []
2025-04-08 19:26:46,243 - [MainProcess:91658] mummi_ras.online.cg.cganalysis:processOutput:92 - INFO - Add feedback for frameNum 44 - state []
2025-04-08 19:26:46,243 - [MainProcess:91658] mummi_ras.online.cg.cganalysis:processOutput:92 - INFO - Add feedback for frameNum 45 - state []
2025-04-08 19:26:46,243 - [MainProcess:91658] mummi_ras.online.cg.cganalysis:processOutput:92 - INFO - Add feedback for frameNum 46 - state []
2025-04-08 19:26:46,244 - [MainProcess:91658] mummi_ras.online.cg.cganalysis:processOutput:92 - INFO - Add feedback for frameNum 47 - state []
2025-04-08 19:26:46,244 - [MainProcess:91658] mummi_ras.online.cg.cganalysis:processOutput:92 - INFO - Add feedback for frameNum 48 - state []
2025-04-08 19:26:46,244 - [MainProcess:91658] mummi_ras.online.cg.cganalysis:processOutput:92 - INFO - Add feedback for frameNum 49 - state []
2025-04-08 19:26:46,258 - [MainProcess:91658] mummi_core.interfaces.simple:_save_files:91 - INFO - Wrote 10 files to (/p/gpfs1/pottier1/minimummi-sc25/roots/root2/feedback-cg2ml/013)
2025-04-08 19:26:46,258 - [MainProcess:91658] mummi_ras.feedback.feedback_manager_cg2ml:report:118 - INFO - Added 10 frames (from structure_iter00_000000000013) to feedback (/p/gpfs1/pottier1/minimummi-sc25/roots/root2/feedback-cg2ml)
2025-04-08 19:26:46,259 - [MainProcess:91658] mummi_ras.online.cg.cganalysis:processOutput:112 - INFO - processOutput: 49
2025-04-08 19:26:46,259 - [MainProcess:91658] mummi_ras.online.cg.cganalysis:copyRemoteRestart:452 - INFO - Copy to remote frames [40, 41, 42, 43, 44, 45, 46, 47, 48, 49]
2025-04-08 19:26:46,391 - [MainProcess:91658] mummi_core.utils.utilities:sys_call:184 - INFO - Run command: rsync -va --no-g traj_comp.xtc topol.tpr state.cpt ener.edr md.log mdrun.log /p/gpfs1/pottier1/minimummi-sc25/roots/root2/sims-cg/structure_iter00_000000000013 || true
2025-04-08 19:26:46,829 - [MainProcess:91658] mummi_ras.interfaces.mummi:save_analysis_data:253 - INFO - Saved all analysis data for frames [40, 41, 42, 43, 44, 45, 46, 47, 48, 49]
2025-04-08 19:26:46,829 - [MainProcess:91658] mummi_ras.online.cg.cganalysis:copyRemoteLogs:350 - INFO - Copy over log files
2025-04-08 19:26:46,868 - [MainProcess:91658] mummi_core.utils.utilities:sys_call:184 - INFO - Run command: cp -r  /tmp/mummi/cg/structure_iter00_000000000013-20250408_191226/cg_analysis.out /tmp/mummi/cg/structure_iter00_000000000013-20250408_191226/traj_comp.xtc /tmp/mummi/cg/structure_iter00_000000000013-20250408_191226/*.log /p/gpfs1/pottier1/minimummi-sc25/roots/root2/sims-cg/structure_iter00_000000000013/ || true
2025-04-08 19:26:46,869 - [MainProcess:91658] mummi_ras.online.cg.cganalysis:copyRemoteLogs:365 - INFO - copyRemoteLogs =  /tmp/mummi/cg/structure_iter00_000000000013-20250408_191226/cg_analysis.out /tmp/mummi/cg/structure_iter00_000000000013-20250408_191226/traj_comp.xtc /tmp/mummi/cg/structure_iter00_000000000013-20250408_191226/*.log
2025-04-08 19:26:46,869 - [MainProcess:91658] mummi_ras.online.cg.cganalysis:cleanupLocal:375 - WARNING - Copy cleanup local only works for ddcMD files
2025-04-08 19:26:48,869 - [MainProcess:91658] mummi_ras.online.simulation:has_computed_enough:352 - INFO - runtime_hours*0.99 = 0.495 vs delta_time = 0.23476068397363026 (length 24.5 ns) False False
2025-04-08 19:26:50,875 - [MainProcess:91658] mummi_ras.online.simulation:has_computed_enough:352 - INFO - runtime_hours*0.99 = 0.495 vs delta_time = 0.23531800581349266 (length 24.5 ns) False False
2025-04-08 19:26:52,882 - [MainProcess:91658] mummi_ras.online.simulation:has_computed_enough:352 - INFO - runtime_hours*0.99 = 0.495 vs delta_time = 0.2358752609623803 (length 24.5 ns) False False
2025-04-08 19:26:54,888 - [MainProcess:91658] mummi_ras.online.simulation:has_computed_enough:352 - INFO - runtime_hours*0.99 = 0.495 vs delta_time = 0.23643253293302324 (length 24.5 ns) False False
2025-04-08 19:26:56,894 - [MainProcess:91658] mummi_ras.online.simulation:has_computed_enough:352 - INFO - runtime_hours*0.99 = 0.495 vs delta_time = 0.23698980463875666 (length 24.5 ns) False False
2025-04-08 19:26:58,900 - [MainProcess:91658] mummi_ras.online.simulation:has_computed_enough:352 - INFO - runtime_hours*0.99 = 0.495 vs delta_time = 0.2375471223725213 (length 24.5 ns) False False
2025-04-08 19:27:00,906 - [MainProcess:91658] mummi_ras.online.simulation:has_computed_enough:352 - INFO - runtime_hours*0.99 = 0.495 vs delta_time = 0.2381043875217438 (length 24.5 ns) False False
2025-04-08 19:27:02,913 - [MainProcess:91658] mummi_ras.online.simulation:has_computed_enough:352 - INFO - runtime_hours*0.99 = 0.495 vs delta_time = 0.23866165465778774 (length 24.5 ns) False False
2025-04-08 19:27:03,039 - [MainProcess:91658] mummi_ras.online.simulation:get_new_frames:399 - INFO - Getting all frame numbers in trajectory from 50 to 50.
2025-04-08 19:27:03,040 - [MainProcess:91658] mummi_ras.online.cg.cganalysis:run_main_analysis:193 - INFO - Process frame 50
2025-04-08 19:27:03,040 - [MainProcess:91658] mummi_ras.online.cg.cganalysis:processFrame:554 - INFO - Load 51 frames: current frame ID /tmp/mummi/cg/structure_iter00_000000000013-20250408_191226/traj_comp.xtc
2025-04-08 19:27:03,051 - [MainProcess:91658] mummi_ras.online.cg.cganalysis:processFrame:580 - INFO - Frame:    50, Time: 25000.000 ps, Bbox = [0, 179.98456, 0, 179.98456]
2025-04-08 19:27:03,051 - [MainProcess:91658] mummi_ras.online.cg.cganalysis:processFrame:584 - INFO - Lengths of layers: 659 40 485
2025-04-08 19:27:03,155 - [MainProcess:91658] mummi_ras.online.cg.cganalysis:processFrame:765 - INFO - Time for analysis - frameNum 50, time 0.11528301239013672 s
2025-04-08 19:27:05,156 - [MainProcess:91658] mummi_ras.online.simulation:has_computed_enough:352 - INFO - runtime_hours*0.99 = 0.495 vs delta_time = 0.23928471472528245 (length 25.0 ns) False False
2025-04-08 19:27:07,162 - [MainProcess:91658] mummi_ras.online.simulation:has_computed_enough:352 - INFO - runtime_hours*0.99 = 0.495 vs delta_time = 0.23984204166465337 (length 25.0 ns) False False
2025-04-08 19:27:09,168 - [MainProcess:91658] mummi_ras.online.simulation:has_computed_enough:352 - INFO - runtime_hours*0.99 = 0.495 vs delta_time = 0.2403993100590176 (length 25.0 ns) False False
2025-04-08 19:27:11,174 - [MainProcess:91658] mummi_ras.online.simulation:has_computed_enough:352 - INFO - runtime_hours*0.99 = 0.495 vs delta_time = 0.2409565536181132 (length 25.0 ns) False False
2025-04-08 19:27:13,180 - [MainProcess:91658] mummi_ras.online.simulation:has_computed_enough:352 - INFO - runtime_hours*0.99 = 0.495 vs delta_time = 0.24151384777492946 (length 25.0 ns) False False
2025-04-08 19:27:15,187 - [MainProcess:91658] mummi_ras.online.simulation:has_computed_enough:352 - INFO - runtime_hours*0.99 = 0.495 vs delta_time = 0.24207111948066287 (length 25.0 ns) False False
2025-04-08 19:27:17,193 - [MainProcess:91658] mummi_ras.online.simulation:has_computed_enough:352 - INFO - runtime_hours*0.99 = 0.495 vs delta_time = 0.24262838853730095 (length 25.0 ns) False False
2025-04-08 19:27:19,199 - [MainProcess:91658] mummi_ras.online.simulation:has_computed_enough:352 - INFO - runtime_hours*0.99 = 0.495 vs delta_time = 0.24318567779329087 (length 25.0 ns) False False
2025-04-08 19:27:19,251 - [MainProcess:91658] mummi_ras.online.simulation:get_new_frames:399 - INFO - Getting all frame numbers in trajectory from 51 to 51.
2025-04-08 19:27:19,252 - [MainProcess:91658] mummi_ras.online.cg.cganalysis:run_main_analysis:193 - INFO - Process frame 51
2025-04-08 19:27:19,252 - [MainProcess:91658] mummi_ras.online.cg.cganalysis:processFrame:554 - INFO - Load 52 frames: current frame ID /tmp/mummi/cg/structure_iter00_000000000013-20250408_191226/traj_comp.xtc
2025-04-08 19:27:19,263 - [MainProcess:91658] mummi_ras.online.cg.cganalysis:processFrame:580 - INFO - Frame:    51, Time: 25500.000 ps, Bbox = [0, 180.0296, 0, 180.0296]
2025-04-08 19:27:19,263 - [MainProcess:91658] mummi_ras.online.cg.cganalysis:processFrame:584 - INFO - Lengths of layers: 660 50 474
2025-04-08 19:27:19,364 - [MainProcess:91658] mummi_ras.online.cg.cganalysis:processFrame:765 - INFO - Time for analysis - frameNum 51, time 0.11243200302124023 s
2025-04-08 19:27:21,365 - [MainProcess:91658] mummi_ras.online.simulation:has_computed_enough:352 - INFO - runtime_hours*0.99 = 0.495 vs delta_time = 0.24378725396262274 (length 25.5 ns) False False
2025-04-08 19:27:23,371 - [MainProcess:91658] mummi_ras.online.simulation:has_computed_enough:352 - INFO - runtime_hours*0.99 = 0.495 vs delta_time = 0.24434460050529905 (length 25.5 ns) False False
2025-04-08 19:27:25,377 - [MainProcess:91658] mummi_ras.online.simulation:has_computed_enough:352 - INFO - runtime_hours*0.99 = 0.495 vs delta_time = 0.24490186558829413 (length 25.5 ns) False False
2025-04-08 19:27:27,383 - [MainProcess:91658] mummi_ras.online.simulation:has_computed_enough:352 - INFO - runtime_hours*0.99 = 0.495 vs delta_time = 0.24545911755826738 (length 25.5 ns) False False
2025-04-08 19:27:29,390 - [MainProcess:91658] mummi_ras.online.simulation:has_computed_enough:352 - INFO - runtime_hours*0.99 = 0.495 vs delta_time = 0.24601636767387391 (length 25.5 ns) False False
2025-04-08 19:27:31,396 - [MainProcess:91658] mummi_ras.online.simulation:has_computed_enough:352 - INFO - runtime_hours*0.99 = 0.495 vs delta_time = 0.24657362792227003 (length 25.5 ns) False False
2025-04-08 19:27:33,402 - [MainProcess:91658] mummi_ras.online.simulation:has_computed_enough:352 - INFO - runtime_hours*0.99 = 0.495 vs delta_time = 0.24713090121746062 (length 25.5 ns) False False
2025-04-08 19:27:35,408 - [MainProcess:91658] mummi_ras.online.simulation:has_computed_enough:352 - INFO - runtime_hours*0.99 = 0.495 vs delta_time = 0.2476881843805313 (length 25.5 ns) False False
2025-04-08 19:27:35,460 - [MainProcess:91658] mummi_ras.online.simulation:get_new_frames:399 - INFO - Getting all frame numbers in trajectory from 52 to 52.
2025-04-08 19:27:35,461 - [MainProcess:91658] mummi_ras.online.cg.cganalysis:run_main_analysis:193 - INFO - Process frame 52
2025-04-08 19:27:35,461 - [MainProcess:91658] mummi_ras.online.cg.cganalysis:processFrame:554 - INFO - Load 53 frames: current frame ID /tmp/mummi/cg/structure_iter00_000000000013-20250408_191226/traj_comp.xtc
2025-04-08 19:27:35,472 - [MainProcess:91658] mummi_ras.online.cg.cganalysis:processFrame:580 - INFO - Frame:    52, Time: 26000.000 ps, Bbox = [0, 180.04442, 0, 180.04442]
2025-04-08 19:27:35,472 - [MainProcess:91658] mummi_ras.online.cg.cganalysis:processFrame:584 - INFO - Lengths of layers: 662 44 478
2025-04-08 19:27:35,573 - [MainProcess:91658] mummi_ras.online.cg.cganalysis:processFrame:765 - INFO - Time for analysis - frameNum 52, time 0.11260342597961426 s
2025-04-08 19:27:37,574 - [MainProcess:91658] mummi_ras.online.simulation:has_computed_enough:352 - INFO - runtime_hours*0.99 = 0.495 vs delta_time = 0.24828979478942023 (length 26.0 ns) False False
2025-04-08 19:27:39,580 - [MainProcess:91658] mummi_ras.online.simulation:has_computed_enough:352 - INFO - runtime_hours*0.99 = 0.495 vs delta_time = 0.2488471241129769 (length 26.0 ns) False False
2025-04-08 19:27:41,586 - [MainProcess:91658] mummi_ras.online.simulation:has_computed_enough:352 - INFO - runtime_hours*0.99 = 0.495 vs delta_time = 0.24940439038806492 (length 26.0 ns) False False
2025-04-08 19:27:43,593 - [MainProcess:91658] mummi_ras.online.simulation:has_computed_enough:352 - INFO - runtime_hours*0.99 = 0.495 vs delta_time = 0.2499616512325075 (length 26.0 ns) False False
2025-04-08 19:27:45,599 - [MainProcess:91658] mummi_ras.online.simulation:has_computed_enough:352 - INFO - runtime_hours*0.99 = 0.495 vs delta_time = 0.25051889101664226 (length 26.0 ns) False False
2025-04-08 19:27:47,605 - [MainProcess:91658] mummi_ras.online.simulation:has_computed_enough:352 - INFO - runtime_hours*0.99 = 0.495 vs delta_time = 0.2510761931207445 (length 26.0 ns) False False
2025-04-08 19:27:49,611 - [MainProcess:91658] mummi_ras.online.simulation:has_computed_enough:352 - INFO - runtime_hours*0.99 = 0.495 vs delta_time = 0.25163341767258113 (length 26.0 ns) False False
2025-04-08 19:27:51,617 - [MainProcess:91658] mummi_ras.online.simulation:has_computed_enough:352 - INFO - runtime_hours*0.99 = 0.495 vs delta_time = 0.2521906832853953 (length 26.0 ns) False False
2025-04-08 19:27:53,623 - [MainProcess:91658] mummi_ras.online.simulation:has_computed_enough:352 - INFO - runtime_hours*0.99 = 0.495 vs delta_time = 0.25274795922968124 (length 26.0 ns) False False
2025-04-08 19:27:53,789 - [MainProcess:91658] mummi_ras.online.simulation:get_new_frames:399 - INFO - Getting all frame numbers in trajectory from 53 to 53.
2025-04-08 19:27:53,790 - [MainProcess:91658] mummi_ras.online.cg.cganalysis:run_main_analysis:193 - INFO - Process frame 53
2025-04-08 19:27:53,790 - [MainProcess:91658] mummi_ras.online.cg.cganalysis:processFrame:554 - INFO - Load 54 frames: current frame ID /tmp/mummi/cg/structure_iter00_000000000013-20250408_191226/traj_comp.xtc
2025-04-08 19:27:53,801 - [MainProcess:91658] mummi_ras.online.cg.cganalysis:processFrame:580 - INFO - Frame:    53, Time: 26500.000 ps, Bbox = [0, 180.69609, 0, 180.69609]
2025-04-08 19:27:53,801 - [MainProcess:91658] mummi_ras.online.cg.cganalysis:processFrame:584 - INFO - Lengths of layers: 662 45 477
2025-04-08 19:27:53,903 - [MainProcess:91658] mummi_ras.online.cg.cganalysis:processFrame:765 - INFO - Time for analysis - frameNum 53, time 0.11277532577514648 s
2025-04-08 19:27:55,903 - [MainProcess:91658] mummi_ras.online.simulation:has_computed_enough:352 - INFO - runtime_hours*0.99 = 0.495 vs delta_time = 0.2533812571896447 (length 26.5 ns) False False
2025-04-08 19:27:57,909 - [MainProcess:91658] mummi_ras.online.simulation:has_computed_enough:352 - INFO - runtime_hours*0.99 = 0.495 vs delta_time = 0.25393857300281525 (length 26.5 ns) False False
2025-04-08 19:27:59,916 - [MainProcess:91658] mummi_ras.online.simulation:has_computed_enough:352 - INFO - runtime_hours*0.99 = 0.495 vs delta_time = 0.2544958268933826 (length 26.5 ns) False False
2025-04-08 19:28:01,922 - [MainProcess:91658] mummi_ras.online.simulation:has_computed_enough:352 - INFO - runtime_hours*0.99 = 0.495 vs delta_time = 0.255053085287412 (length 26.5 ns) False False
2025-04-08 19:28:03,928 - [MainProcess:91658] mummi_ras.online.simulation:has_computed_enough:352 - INFO - runtime_hours*0.99 = 0.495 vs delta_time = 0.2556103360652924 (length 26.5 ns) False False
2025-04-08 19:28:05,934 - [MainProcess:91658] mummi_ras.online.simulation:has_computed_enough:352 - INFO - runtime_hours*0.99 = 0.495 vs delta_time = 0.25616763724221125 (length 26.5 ns) False False
2025-04-08 19:28:07,940 - [MainProcess:91658] mummi_ras.online.simulation:has_computed_enough:352 - INFO - runtime_hours*0.99 = 0.495 vs delta_time = 0.25672488278812833 (length 26.5 ns) False False
2025-04-08 19:28:09,946 - [MainProcess:91658] mummi_ras.online.simulation:has_computed_enough:352 - INFO - runtime_hours*0.99 = 0.495 vs delta_time = 0.2572821734348933 (length 26.5 ns) False False
2025-04-08 19:28:10,045 - [MainProcess:91658] mummi_ras.online.simulation:get_new_frames:399 - INFO - Getting all frame numbers in trajectory from 54 to 54.
2025-04-08 19:28:10,045 - [MainProcess:91658] mummi_ras.online.cg.cganalysis:run_main_analysis:193 - INFO - Process frame 54
2025-04-08 19:28:10,045 - [MainProcess:91658] mummi_ras.online.cg.cganalysis:processFrame:554 - INFO - Load 55 frames: current frame ID /tmp/mummi/cg/structure_iter00_000000000013-20250408_191226/traj_comp.xtc
2025-04-08 19:28:10,056 - [MainProcess:91658] mummi_ras.online.cg.cganalysis:processFrame:580 - INFO - Frame:    54, Time: 27000.000 ps, Bbox = [0, 180.1171, 0, 180.1171]
2025-04-08 19:28:10,056 - [MainProcess:91658] mummi_ras.online.cg.cganalysis:processFrame:584 - INFO - Lengths of layers: 664 40 480
2025-04-08 19:28:10,158 - [MainProcess:91658] mummi_ras.online.cg.cganalysis:processFrame:765 - INFO - Time for analysis - frameNum 54, time 0.11241412162780762 s
2025-04-08 19:28:12,158 - [MainProcess:91658] mummi_ras.online.simulation:has_computed_enough:352 - INFO - runtime_hours*0.99 = 0.495 vs delta_time = 0.2578965285089281 (length 27.0 ns) False False
2025-04-08 19:28:14,164 - [MainProcess:91658] mummi_ras.online.simulation:has_computed_enough:352 - INFO - runtime_hours*0.99 = 0.495 vs delta_time = 0.2584538516733382 (length 27.0 ns) False False
2025-04-08 19:28:16,171 - [MainProcess:91658] mummi_ras.online.simulation:has_computed_enough:352 - INFO - runtime_hours*0.99 = 0.495 vs delta_time = 0.25901113821400534 (length 27.0 ns) False False
2025-04-08 19:28:18,177 - [MainProcess:91658] mummi_ras.online.simulation:has_computed_enough:352 - INFO - runtime_hours*0.99 = 0.495 vs delta_time = 0.2595683711104923 (length 27.0 ns) False False
2025-04-08 19:28:20,183 - [MainProcess:91658] mummi_ras.online.simulation:has_computed_enough:352 - INFO - runtime_hours*0.99 = 0.495 vs delta_time = 0.26012567493650646 (length 27.0 ns) False False
2025-04-08 19:28:22,189 - [MainProcess:91658] mummi_ras.online.simulation:has_computed_enough:352 - INFO - runtime_hours*0.99 = 0.495 vs delta_time = 0.26068294690714944 (length 27.0 ns) False False
2025-04-08 19:28:24,195 - [MainProcess:91658] mummi_ras.online.simulation:has_computed_enough:352 - INFO - runtime_hours*0.99 = 0.495 vs delta_time = 0.26124018940660687 (length 27.0 ns) False False
2025-04-08 19:28:26,202 - [MainProcess:91658] mummi_ras.online.simulation:has_computed_enough:352 - INFO - runtime_hours*0.99 = 0.495 vs delta_time = 0.26179749846458433 (length 27.0 ns) False False
2025-04-08 19:28:28,208 - [MainProcess:91658] mummi_ras.online.simulation:has_computed_enough:352 - INFO - runtime_hours*0.99 = 0.495 vs delta_time = 0.262354770567682 (length 27.0 ns) False False
2025-04-08 19:28:28,261 - [MainProcess:91658] mummi_ras.online.simulation:get_new_frames:399 - INFO - Getting all frame numbers in trajectory from 55 to 55.
2025-04-08 19:28:28,261 - [MainProcess:91658] mummi_ras.online.cg.cganalysis:run_main_analysis:193 - INFO - Process frame 55
2025-04-08 19:28:28,261 - [MainProcess:91658] mummi_ras.online.cg.cganalysis:processFrame:554 - INFO - Load 56 frames: current frame ID /tmp/mummi/cg/structure_iter00_000000000013-20250408_191226/traj_comp.xtc
2025-04-08 19:28:28,272 - [MainProcess:91658] mummi_ras.online.cg.cganalysis:processFrame:580 - INFO - Frame:    55, Time: 27500.000 ps, Bbox = [0, 179.569, 0, 179.569]
2025-04-08 19:28:28,273 - [MainProcess:91658] mummi_ras.online.cg.cganalysis:processFrame:584 - INFO - Lengths of layers: 663 41 480
2025-04-08 19:28:28,374 - [MainProcess:91658] mummi_ras.online.cg.cganalysis:processFrame:765 - INFO - Time for analysis - frameNum 55, time 0.1130075454711914 s
2025-04-08 19:28:30,375 - [MainProcess:91658] mummi_ras.online.simulation:has_computed_enough:352 - INFO - runtime_hours*0.99 = 0.495 vs delta_time = 0.26295672628614636 (length 27.5 ns) False False
2025-04-08 19:28:32,381 - [MainProcess:91658] mummi_ras.online.simulation:has_computed_enough:352 - INFO - runtime_hours*0.99 = 0.495 vs delta_time = 0.26351407991515263 (length 27.5 ns) False False
2025-04-08 19:28:34,387 - [MainProcess:91658] mummi_ras.online.simulation:has_computed_enough:352 - INFO - runtime_hours*0.99 = 0.495 vs delta_time = 0.26407135003142884 (length 27.5 ns) False False
2025-04-08 19:28:36,394 - [MainProcess:91658] mummi_ras.online.simulation:has_computed_enough:352 - INFO - runtime_hours*0.99 = 0.495 vs delta_time = 0.2646286443869273 (length 27.5 ns) False False
2025-04-08 19:28:38,400 - [MainProcess:91658] mummi_ras.online.simulation:has_computed_enough:352 - INFO - runtime_hours*0.99 = 0.495 vs delta_time = 0.2651859155628416 (length 27.5 ns) False False
2025-04-08 19:28:40,406 - [MainProcess:91658] mummi_ras.online.simulation:has_computed_enough:352 - INFO - runtime_hours*0.99 = 0.495 vs delta_time = 0.2657432013750076 (length 27.5 ns) False False
2025-04-08 19:28:42,412 - [MainProcess:91658] mummi_ras.online.simulation:has_computed_enough:352 - INFO - runtime_hours*0.99 = 0.495 vs delta_time = 0.26630046950446234 (length 27.5 ns) False False
2025-04-08 19:28:44,418 - [MainProcess:91658] mummi_ras.online.simulation:has_computed_enough:352 - INFO - runtime_hours*0.99 = 0.495 vs delta_time = 0.26685773856110045 (length 27.5 ns) False False
2025-04-08 19:28:44,471 - [MainProcess:91658] mummi_ras.online.simulation:get_new_frames:399 - INFO - Getting all frame numbers in trajectory from 56 to 56.
2025-04-08 19:28:44,472 - [MainProcess:91658] mummi_ras.online.cg.cganalysis:run_main_analysis:193 - INFO - Process frame 56
2025-04-08 19:28:44,472 - [MainProcess:91658] mummi_ras.online.cg.cganalysis:processFrame:554 - INFO - Load 57 frames: current frame ID /tmp/mummi/cg/structure_iter00_000000000013-20250408_191226/traj_comp.xtc
2025-04-08 19:28:44,483 - [MainProcess:91658] mummi_ras.online.cg.cganalysis:processFrame:580 - INFO - Frame:    56, Time: 28000.000 ps, Bbox = [0, 178.54556, 0, 178.54556]
2025-04-08 19:28:44,483 - [MainProcess:91658] mummi_ras.online.cg.cganalysis:processFrame:584 - INFO - Lengths of layers: 665 43 476
2025-04-08 19:28:44,584 - [MainProcess:91658] mummi_ras.online.cg.cganalysis:processFrame:765 - INFO - Time for analysis - frameNum 56, time 0.11241340637207031 s
2025-04-08 19:28:46,585 - [MainProcess:91658] mummi_ras.online.simulation:has_computed_enough:352 - INFO - runtime_hours*0.99 = 0.495 vs delta_time = 0.26745950049824185 (length 28.0 ns) False False
2025-04-08 19:28:48,591 - [MainProcess:91658] mummi_ras.online.simulation:has_computed_enough:352 - INFO - runtime_hours*0.99 = 0.495 vs delta_time = 0.26801681180795034 (length 28.0 ns) False False
2025-04-08 19:28:50,597 - [MainProcess:91658] mummi_ras.online.simulation:has_computed_enough:352 - INFO - runtime_hours*0.99 = 0.495 vs delta_time = 0.26857408099704316 (length 28.0 ns) False False
2025-04-08 19:28:52,604 - [MainProcess:91658] mummi_ras.online.simulation:has_computed_enough:352 - INFO - runtime_hours*0.99 = 0.495 vs delta_time = 0.2691313601864709 (length 28.0 ns) False False
2025-04-08 19:28:54,610 - [MainProcess:91658] mummi_ras.online.simulation:has_computed_enough:352 - INFO - runtime_hours*0.99 = 0.495 vs delta_time = 0.2696886503696442 (length 28.0 ns) False False
2025-04-08 19:28:56,616 - [MainProcess:91658] mummi_ras.online.simulation:has_computed_enough:352 - INFO - runtime_hours*0.99 = 0.495 vs delta_time = 0.27024590657816994 (length 28.0 ns) False False
2025-04-08 19:28:58,622 - [MainProcess:91658] mummi_ras.online.simulation:has_computed_enough:352 - INFO - runtime_hours*0.99 = 0.495 vs delta_time = 0.2708031392097473 (length 28.0 ns) False False
2025-04-08 19:29:00,628 - [MainProcess:91658] mummi_ras.online.simulation:has_computed_enough:352 - INFO - runtime_hours*0.99 = 0.495 vs delta_time = 0.271360430320104 (length 28.0 ns) False False
2025-04-08 19:29:02,634 - [MainProcess:91658] mummi_ras.online.simulation:has_computed_enough:352 - INFO - runtime_hours*0.99 = 0.495 vs delta_time = 0.2719176772567961 (length 28.0 ns) False False
2025-04-08 19:29:02,806 - [MainProcess:91658] mummi_ras.online.simulation:get_new_frames:399 - INFO - Getting all frame numbers in trajectory from 57 to 57.
2025-04-08 19:29:02,806 - [MainProcess:91658] mummi_ras.online.cg.cganalysis:run_main_analysis:193 - INFO - Process frame 57
2025-04-08 19:29:02,806 - [MainProcess:91658] mummi_ras.online.cg.cganalysis:processFrame:554 - INFO - Load 58 frames: current frame ID /tmp/mummi/cg/structure_iter00_000000000013-20250408_191226/traj_comp.xtc
2025-04-08 19:29:02,817 - [MainProcess:91658] mummi_ras.online.cg.cganalysis:processFrame:580 - INFO - Frame:    57, Time: 28500.000 ps, Bbox = [0, 179.80792, 0, 179.80792]
2025-04-08 19:29:02,817 - [MainProcess:91658] mummi_ras.online.cg.cganalysis:processFrame:584 - INFO - Lengths of layers: 664 49 471
2025-04-08 19:29:02,919 - [MainProcess:91658] mummi_ras.online.cg.cganalysis:processFrame:765 - INFO - Time for analysis - frameNum 57, time 0.11289215087890625 s
2025-04-08 19:29:04,920 - [MainProcess:91658] mummi_ras.online.simulation:has_computed_enough:352 - INFO - runtime_hours*0.99 = 0.495 vs delta_time = 0.27255246652497184 (length 28.5 ns) False False
2025-04-08 19:29:06,926 - [MainProcess:91658] mummi_ras.online.simulation:has_computed_enough:352 - INFO - runtime_hours*0.99 = 0.495 vs delta_time = 0.27310979856385126 (length 28.5 ns) False False
2025-04-08 19:29:08,932 - [MainProcess:91658] mummi_ras.online.simulation:has_computed_enough:352 - INFO - runtime_hours*0.99 = 0.495 vs delta_time = 0.2736670858330197 (length 28.5 ns) False False
2025-04-08 19:29:10,938 - [MainProcess:91658] mummi_ras.online.simulation:has_computed_enough:352 - INFO - runtime_hours*0.99 = 0.495 vs delta_time = 0.27422435455852084 (length 28.5 ns) False False
2025-04-08 19:29:12,945 - [MainProcess:91658] mummi_ras.online.simulation:has_computed_enough:352 - INFO - runtime_hours*0.99 = 0.495 vs delta_time = 0.2747816365294986 (length 28.5 ns) False False
2025-04-08 19:29:14,951 - [MainProcess:91658] mummi_ras.online.simulation:has_computed_enough:352 - INFO - runtime_hours*0.99 = 0.495 vs delta_time = 0.27533888955911 (length 28.5 ns) False False
2025-04-08 19:29:16,957 - [MainProcess:91658] mummi_ras.online.simulation:has_computed_enough:352 - INFO - runtime_hours*0.99 = 0.495 vs delta_time = 0.27589614808559415 (length 28.5 ns) False False
2025-04-08 19:29:18,963 - [MainProcess:91658] mummi_ras.online.simulation:has_computed_enough:352 - INFO - runtime_hours*0.99 = 0.495 vs delta_time = 0.2764534271425671 (length 28.5 ns) False False
2025-04-08 19:29:19,080 - [MainProcess:91658] mummi_ras.online.simulation:get_new_frames:399 - INFO - Getting all frame numbers in trajectory from 58 to 58.
2025-04-08 19:29:19,081 - [MainProcess:91658] mummi_ras.online.cg.cganalysis:run_main_analysis:193 - INFO - Process frame 58
2025-04-08 19:29:19,081 - [MainProcess:91658] mummi_ras.online.cg.cganalysis:processFrame:554 - INFO - Load 59 frames: current frame ID /tmp/mummi/cg/structure_iter00_000000000013-20250408_191226/traj_comp.xtc
2025-04-08 19:29:19,092 - [MainProcess:91658] mummi_ras.online.cg.cganalysis:processFrame:580 - INFO - Frame:    58, Time: 29000.000 ps, Bbox = [0, 178.99252, 0, 178.99252]
2025-04-08 19:29:19,092 - [MainProcess:91658] mummi_ras.online.cg.cganalysis:processFrame:584 - INFO - Lengths of layers: 663 43 478
2025-04-08 19:29:19,193 - [MainProcess:91658] mummi_ras.online.cg.cganalysis:processFrame:765 - INFO - Time for analysis - frameNum 58, time 0.11271524429321289 s
2025-04-08 19:29:21,194 - [MainProcess:91658] mummi_ras.online.simulation:has_computed_enough:352 - INFO - runtime_hours*0.99 = 0.495 vs delta_time = 0.27707317451636 (length 29.0 ns) False False
2025-04-08 19:29:23,200 - [MainProcess:91658] mummi_ras.online.simulation:has_computed_enough:352 - INFO - runtime_hours*0.99 = 0.495 vs delta_time = 0.2776304959588581 (length 29.0 ns) False False
2025-04-08 19:29:25,207 - [MainProcess:91658] mummi_ras.online.simulation:has_computed_enough:352 - INFO - runtime_hours*0.99 = 0.495 vs delta_time = 0.2781877734263738 (length 29.0 ns) False False
2025-04-08 19:29:27,213 - [MainProcess:91658] mummi_ras.online.simulation:has_computed_enough:352 - INFO - runtime_hours*0.99 = 0.495 vs delta_time = 0.27874507970280116 (length 29.0 ns) False False
2025-04-08 19:29:29,219 - [MainProcess:91658] mummi_ras.online.simulation:has_computed_enough:352 - INFO - runtime_hours*0.99 = 0.495 vs delta_time = 0.2793023429314295 (length 29.0 ns) False False
2025-04-08 19:29:31,225 - [MainProcess:91658] mummi_ras.online.simulation:has_computed_enough:352 - INFO - runtime_hours*0.99 = 0.495 vs delta_time = 0.27985959781540765 (length 29.0 ns) False False
2025-04-08 19:29:33,231 - [MainProcess:91658] mummi_ras.online.simulation:has_computed_enough:352 - INFO - runtime_hours*0.99 = 0.495 vs delta_time = 0.2804168556133906 (length 29.0 ns) False False
2025-04-08 19:29:35,238 - [MainProcess:91658] mummi_ras.online.simulation:has_computed_enough:352 - INFO - runtime_hours*0.99 = 0.495 vs delta_time = 0.28097415460480585 (length 29.0 ns) False False
2025-04-08 19:29:37,244 - [MainProcess:91658] mummi_ras.online.simulation:has_computed_enough:352 - INFO - runtime_hours*0.99 = 0.495 vs delta_time = 0.28153140836291846 (length 29.0 ns) False False
2025-04-08 19:29:37,297 - [MainProcess:91658] mummi_ras.online.simulation:get_new_frames:399 - INFO - Getting all frame numbers in trajectory from 59 to 59.
2025-04-08 19:29:37,297 - [MainProcess:91658] mummi_ras.online.cg.cganalysis:run_main_analysis:193 - INFO - Process frame 59
2025-04-08 19:29:37,297 - [MainProcess:91658] mummi_ras.online.cg.cganalysis:processFrame:554 - INFO - Load 60 frames: current frame ID /tmp/mummi/cg/structure_iter00_000000000013-20250408_191226/traj_comp.xtc
2025-04-08 19:29:37,308 - [MainProcess:91658] mummi_ras.online.cg.cganalysis:processFrame:580 - INFO - Frame:    59, Time: 29500.000 ps, Bbox = [0, 179.52902, 0, 179.52902]
2025-04-08 19:29:37,308 - [MainProcess:91658] mummi_ras.online.cg.cganalysis:processFrame:584 - INFO - Lengths of layers: 664 44 476
2025-04-08 19:29:37,410 - [MainProcess:91658] mummi_ras.online.cg.cganalysis:processFrame:765 - INFO - Time for analysis - frameNum 59, time 0.11287569999694824 s
2025-04-08 19:29:39,410 - [MainProcess:91658] mummi_ras.online.simulation:has_computed_enough:352 - INFO - runtime_hours*0.99 = 0.495 vs delta_time = 0.2821332652038998 (length 29.5 ns) False False
2025-04-08 19:29:39,417 - [MainProcess:91658] mummi_ras.online.cg.cganalysis:processOutput:92 - INFO - Add feedback for frameNum 50 - state []
2025-04-08 19:29:39,417 - [MainProcess:91658] mummi_ras.online.cg.cganalysis:processOutput:92 - INFO - Add feedback for frameNum 51 - state []
2025-04-08 19:29:39,417 - [MainProcess:91658] mummi_ras.online.cg.cganalysis:processOutput:92 - INFO - Add feedback for frameNum 52 - state []
2025-04-08 19:29:39,417 - [MainProcess:91658] mummi_ras.online.cg.cganalysis:processOutput:92 - INFO - Add feedback for frameNum 53 - state []
2025-04-08 19:29:39,417 - [MainProcess:91658] mummi_ras.online.cg.cganalysis:processOutput:92 - INFO - Add feedback for frameNum 54 - state []
2025-04-08 19:29:39,417 - [MainProcess:91658] mummi_ras.online.cg.cganalysis:processOutput:92 - INFO - Add feedback for frameNum 55 - state []
2025-04-08 19:29:39,418 - [MainProcess:91658] mummi_ras.online.cg.cganalysis:processOutput:92 - INFO - Add feedback for frameNum 56 - state []
2025-04-08 19:29:39,418 - [MainProcess:91658] mummi_ras.online.cg.cganalysis:processOutput:92 - INFO - Add feedback for frameNum 57 - state []
2025-04-08 19:29:39,418 - [MainProcess:91658] mummi_ras.online.cg.cganalysis:processOutput:92 - INFO - Add feedback for frameNum 58 - state []
2025-04-08 19:29:39,418 - [MainProcess:91658] mummi_ras.online.cg.cganalysis:processOutput:92 - INFO - Add feedback for frameNum 59 - state []
2025-04-08 19:29:40,590 - [MainProcess:91658] mummi_core.interfaces.simple:_save_files:91 - INFO - Wrote 10 files to (/p/gpfs1/pottier1/minimummi-sc25/roots/root2/feedback-cg2ml/013)
2025-04-08 19:29:40,590 - [MainProcess:91658] mummi_ras.feedback.feedback_manager_cg2ml:report:118 - INFO - Added 10 frames (from structure_iter00_000000000013) to feedback (/p/gpfs1/pottier1/minimummi-sc25/roots/root2/feedback-cg2ml)
2025-04-08 19:29:40,590 - [MainProcess:91658] mummi_ras.online.cg.cganalysis:processOutput:112 - INFO - processOutput: 59
2025-04-08 19:29:40,590 - [MainProcess:91658] mummi_ras.online.cg.cganalysis:copyRemoteRestart:452 - INFO - Copy to remote frames [50, 51, 52, 53, 54, 55, 56, 57, 58, 59]
2025-04-08 19:29:40,757 - [MainProcess:91658] mummi_core.utils.utilities:sys_call:184 - INFO - Run command: rsync -va --no-g traj_comp.xtc topol.tpr state.cpt ener.edr md.log mdrun.log /p/gpfs1/pottier1/minimummi-sc25/roots/root2/sims-cg/structure_iter00_000000000013 || true
2025-04-08 19:29:41,202 - [MainProcess:91658] mummi_ras.interfaces.mummi:save_analysis_data:253 - INFO - Saved all analysis data for frames [50, 51, 52, 53, 54, 55, 56, 57, 58, 59]
2025-04-08 19:29:41,203 - [MainProcess:91658] mummi_ras.online.cg.cganalysis:copyRemoteLogs:350 - INFO - Copy over log files
2025-04-08 19:29:41,242 - [MainProcess:91658] mummi_core.utils.utilities:sys_call:184 - INFO - Run command: cp -r  /tmp/mummi/cg/structure_iter00_000000000013-20250408_191226/cg_analysis.out /tmp/mummi/cg/structure_iter00_000000000013-20250408_191226/traj_comp.xtc /tmp/mummi/cg/structure_iter00_000000000013-20250408_191226/*.log /p/gpfs1/pottier1/minimummi-sc25/roots/root2/sims-cg/structure_iter00_000000000013/ || true
2025-04-08 19:29:41,243 - [MainProcess:91658] mummi_ras.online.cg.cganalysis:copyRemoteLogs:365 - INFO - copyRemoteLogs =  /tmp/mummi/cg/structure_iter00_000000000013-20250408_191226/cg_analysis.out /tmp/mummi/cg/structure_iter00_000000000013-20250408_191226/traj_comp.xtc /tmp/mummi/cg/structure_iter00_000000000013-20250408_191226/*.log
2025-04-08 19:29:41,243 - [MainProcess:91658] mummi_ras.online.cg.cganalysis:cleanupLocal:375 - WARNING - Copy cleanup local only works for ddcMD files
2025-04-08 19:29:43,243 - [MainProcess:91658] mummi_ras.online.simulation:has_computed_enough:352 - INFO - runtime_hours*0.99 = 0.495 vs delta_time = 0.283197877407074 (length 29.5 ns) False False
2025-04-08 19:29:45,249 - [MainProcess:91658] mummi_ras.online.simulation:has_computed_enough:352 - INFO - runtime_hours*0.99 = 0.495 vs delta_time = 0.2837551724248462 (length 29.5 ns) False False
2025-04-08 19:29:47,255 - [MainProcess:91658] mummi_ras.online.simulation:has_computed_enough:352 - INFO - runtime_hours*0.99 = 0.495 vs delta_time = 0.28431243115001253 (length 29.5 ns) False False
2025-04-08 19:29:49,261 - [MainProcess:91658] mummi_ras.online.simulation:has_computed_enough:352 - INFO - runtime_hours*0.99 = 0.495 vs delta_time = 0.28486967629856536 (length 29.5 ns) False False
2025-04-08 19:29:51,268 - [MainProcess:91658] mummi_ras.online.simulation:has_computed_enough:352 - INFO - runtime_hours*0.99 = 0.495 vs delta_time = 0.28542696277300517 (length 29.5 ns) False False
2025-04-08 19:29:53,274 - [MainProcess:91658] mummi_ras.online.simulation:has_computed_enough:352 - INFO - runtime_hours*0.99 = 0.495 vs delta_time = 0.2859842220942179 (length 29.5 ns) False False
2025-04-08 19:29:53,327 - [MainProcess:91658] mummi_ras.online.simulation:get_new_frames:399 - INFO - Getting all frame numbers in trajectory from 60 to 60.
2025-04-08 19:29:53,327 - [MainProcess:91658] mummi_ras.online.cg.cganalysis:run_main_analysis:193 - INFO - Process frame 60
2025-04-08 19:29:53,327 - [MainProcess:91658] mummi_ras.online.cg.cganalysis:processFrame:554 - INFO - Load 61 frames: current frame ID /tmp/mummi/cg/structure_iter00_000000000013-20250408_191226/traj_comp.xtc
2025-04-08 19:29:53,338 - [MainProcess:91658] mummi_ras.online.cg.cganalysis:processFrame:580 - INFO - Frame:    60, Time: 30000.000 ps, Bbox = [0, 181.3157, 0, 181.3157]
2025-04-08 19:29:53,338 - [MainProcess:91658] mummi_ras.online.cg.cganalysis:processFrame:584 - INFO - Lengths of layers: 668 38 478
2025-04-08 19:29:53,440 - [MainProcess:91658] mummi_ras.online.cg.cganalysis:processFrame:765 - INFO - Time for analysis - frameNum 60, time 0.11287283897399902 s
2025-04-08 19:29:55,440 - [MainProcess:91658] mummi_ras.online.simulation:has_computed_enough:352 - INFO - runtime_hours*0.99 = 0.495 vs delta_time = 0.28658604900042217 (length 30.0 ns) False False
2025-04-08 19:29:57,447 - [MainProcess:91658] mummi_ras.online.simulation:has_computed_enough:352 - INFO - runtime_hours*0.99 = 0.495 vs delta_time = 0.2871433663368225 (length 30.0 ns) False False
2025-04-08 19:29:59,453 - [MainProcess:91658] mummi_ras.online.simulation:has_computed_enough:352 - INFO - runtime_hours*0.99 = 0.495 vs delta_time = 0.2877006938060125 (length 30.0 ns) False False
2025-04-08 19:30:01,459 - [MainProcess:91658] mummi_ras.online.simulation:has_computed_enough:352 - INFO - runtime_hours*0.99 = 0.495 vs delta_time = 0.2882579478290346 (length 30.0 ns) False False
2025-04-08 19:30:03,466 - [MainProcess:91658] mummi_ras.online.simulation:has_computed_enough:352 - INFO - runtime_hours*0.99 = 0.495 vs delta_time = 0.28881524622440335 (length 30.0 ns) False False
2025-04-08 19:30:05,472 - [MainProcess:91658] mummi_ras.online.simulation:has_computed_enough:352 - INFO - runtime_hours*0.99 = 0.495 vs delta_time = 0.28937255409028795 (length 30.0 ns) False False
2025-04-08 19:30:07,478 - [MainProcess:91658] mummi_ras.online.simulation:has_computed_enough:352 - INFO - runtime_hours*0.99 = 0.495 vs delta_time = 0.28992986579736074 (length 30.0 ns) False False
2025-04-08 19:30:09,484 - [MainProcess:91658] mummi_ras.online.simulation:has_computed_enough:352 - INFO - runtime_hours*0.99 = 0.495 vs delta_time = 0.2904871286286248 (length 30.0 ns) False False
2025-04-08 19:30:11,490 - [MainProcess:91658] mummi_ras.online.simulation:has_computed_enough:352 - INFO - runtime_hours*0.99 = 0.495 vs delta_time = 0.29104436377684273 (length 30.0 ns) False False
2025-04-08 19:30:11,674 - [MainProcess:91658] mummi_ras.online.simulation:get_new_frames:399 - INFO - Getting all frame numbers in trajectory from 61 to 61.
2025-04-08 19:30:11,675 - [MainProcess:91658] mummi_ras.online.cg.cganalysis:run_main_analysis:193 - INFO - Process frame 61
2025-04-08 19:30:11,675 - [MainProcess:91658] mummi_ras.online.cg.cganalysis:processFrame:554 - INFO - Load 62 frames: current frame ID /tmp/mummi/cg/structure_iter00_000000000013-20250408_191226/traj_comp.xtc
2025-04-08 19:30:11,686 - [MainProcess:91658] mummi_ras.online.cg.cganalysis:processFrame:580 - INFO - Frame:    61, Time: 30500.000 ps, Bbox = [0, 179.36581, 0, 179.36581]
2025-04-08 19:30:11,686 - [MainProcess:91658] mummi_ras.online.cg.cganalysis:processFrame:584 - INFO - Lengths of layers: 669 39 476
2025-04-08 19:30:11,787 - [MainProcess:91658] mummi_ras.online.cg.cganalysis:processFrame:765 - INFO - Time for analysis - frameNum 61, time 0.1126852035522461 s
2025-04-08 19:30:13,788 - [MainProcess:91658] mummi_ras.online.simulation:has_computed_enough:352 - INFO - runtime_hours*0.99 = 0.495 vs delta_time = 0.2916826077964571 (length 30.5 ns) False False
2025-04-08 19:30:15,794 - [MainProcess:91658] mummi_ras.online.simulation:has_computed_enough:352 - INFO - runtime_hours*0.99 = 0.495 vs delta_time = 0.2922399342060089 (length 30.5 ns) False False
2025-04-08 19:30:17,801 - [MainProcess:91658] mummi_ras.online.simulation:has_computed_enough:352 - INFO - runtime_hours*0.99 = 0.495 vs delta_time = 0.2927971880303489 (length 30.5 ns) False False
2025-04-08 19:30:19,807 - [MainProcess:91658] mummi_ras.online.simulation:has_computed_enough:352 - INFO - runtime_hours*0.99 = 0.495 vs delta_time = 0.2933544703324636 (length 30.5 ns) False False
2025-04-08 19:30:21,813 - [MainProcess:91658] mummi_ras.online.simulation:has_computed_enough:352 - INFO - runtime_hours*0.99 = 0.495 vs delta_time = 0.2939117201169332 (length 30.5 ns) False False
2025-04-08 19:30:23,819 - [MainProcess:91658] mummi_ras.online.simulation:has_computed_enough:352 - INFO - runtime_hours*0.99 = 0.495 vs delta_time = 0.2944689766565959 (length 30.5 ns) False False
2025-04-08 19:30:25,825 - [MainProcess:91658] mummi_ras.online.simulation:has_computed_enough:352 - INFO - runtime_hours*0.99 = 0.495 vs delta_time = 0.29502624796496496 (length 30.5 ns) False False
2025-04-08 19:30:27,831 - [MainProcess:91658] mummi_ras.online.simulation:has_computed_enough:352 - INFO - runtime_hours*0.99 = 0.495 vs delta_time = 0.2955835378832287 (length 30.5 ns) False False
2025-04-08 19:30:27,950 - [MainProcess:91658] mummi_ras.online.simulation:get_new_frames:399 - INFO - Getting all frame numbers in trajectory from 62 to 62.
2025-04-08 19:30:27,950 - [MainProcess:91658] mummi_ras.online.cg.cganalysis:run_main_analysis:193 - INFO - Process frame 62
2025-04-08 19:30:27,950 - [MainProcess:91658] mummi_ras.online.cg.cganalysis:processFrame:554 - INFO - Load 63 frames: current frame ID /tmp/mummi/cg/structure_iter00_000000000013-20250408_191226/traj_comp.xtc
2025-04-08 19:30:27,961 - [MainProcess:91658] mummi_ras.online.cg.cganalysis:processFrame:580 - INFO - Frame:    62, Time: 31000.000 ps, Bbox = [0, 180.26213, 0, 180.26213]
2025-04-08 19:30:27,962 - [MainProcess:91658] mummi_ras.online.cg.cganalysis:processFrame:584 - INFO - Lengths of layers: 671 39 474
2025-04-08 19:30:28,063 - [MainProcess:91658] mummi_ras.online.cg.cganalysis:processFrame:765 - INFO - Time for analysis - frameNum 62, time 0.11256551742553711 s
2025-04-08 19:30:30,064 - [MainProcess:91658] mummi_ras.online.simulation:has_computed_enough:352 - INFO - runtime_hours*0.99 = 0.495 vs delta_time = 0.2962035949362649 (length 31.0 ns) False False
2025-04-08 19:30:32,070 - [MainProcess:91658] mummi_ras.online.simulation:has_computed_enough:352 - INFO - runtime_hours*0.99 = 0.495 vs delta_time = 0.2967609186967214 (length 31.0 ns) False False
2025-04-08 19:30:34,076 - [MainProcess:91658] mummi_ras.online.simulation:has_computed_enough:352 - INFO - runtime_hours*0.99 = 0.495 vs delta_time = 0.29731817536883887 (length 31.0 ns) False False
2025-04-08 19:30:36,082 - [MainProcess:91658] mummi_ras.online.simulation:has_computed_enough:352 - INFO - runtime_hours*0.99 = 0.495 vs delta_time = 0.29787544926007586 (length 31.0 ns) False False
2025-04-08 19:30:38,089 - [MainProcess:91658] mummi_ras.online.simulation:has_computed_enough:352 - INFO - runtime_hours*0.99 = 0.495 vs delta_time = 0.29843274255593616 (length 31.0 ns) False False
2025-04-08 19:30:40,095 - [MainProcess:91658] mummi_ras.online.simulation:has_computed_enough:352 - INFO - runtime_hours*0.99 = 0.495 vs delta_time = 0.2989899981021881 (length 31.0 ns) False False
2025-04-08 19:30:42,101 - [MainProcess:91658] mummi_ras.online.simulation:has_computed_enough:352 - INFO - runtime_hours*0.99 = 0.495 vs delta_time = 0.2995472459660636 (length 31.0 ns) False False
2025-04-08 19:30:44,107 - [MainProcess:91658] mummi_ras.online.simulation:has_computed_enough:352 - INFO - runtime_hours*0.99 = 0.495 vs delta_time = 0.3001045336325963 (length 31.0 ns) False False
2025-04-08 19:30:44,159 - [MainProcess:91658] mummi_ras.online.simulation:get_new_frames:399 - INFO - Getting all frame numbers in trajectory from 63 to 63.
2025-04-08 19:30:44,159 - [MainProcess:91658] mummi_ras.online.cg.cganalysis:run_main_analysis:193 - INFO - Process frame 63
2025-04-08 19:30:44,160 - [MainProcess:91658] mummi_ras.online.cg.cganalysis:processFrame:554 - INFO - Load 64 frames: current frame ID /tmp/mummi/cg/structure_iter00_000000000013-20250408_191226/traj_comp.xtc
2025-04-08 19:30:44,170 - [MainProcess:91658] mummi_ras.online.cg.cganalysis:processFrame:580 - INFO - Frame:    63, Time: 31500.000 ps, Bbox = [0, 181.32658, 0, 181.32658]
2025-04-08 19:30:44,171 - [MainProcess:91658] mummi_ras.online.cg.cganalysis:processFrame:584 - INFO - Lengths of layers: 669 38 477
2025-04-08 19:30:44,273 - [MainProcess:91658] mummi_ras.online.cg.cganalysis:processFrame:765 - INFO - Time for analysis - frameNum 63, time 0.11312055587768555 s
2025-04-08 19:30:46,273 - [MainProcess:91658] mummi_ras.online.simulation:has_computed_enough:352 - INFO - runtime_hours*0.99 = 0.495 vs delta_time = 0.3007062833176719 (length 31.5 ns) False False
2025-04-08 19:30:48,280 - [MainProcess:91658] mummi_ras.online.simulation:has_computed_enough:352 - INFO - runtime_hours*0.99 = 0.495 vs delta_time = 0.3012636209196515 (length 31.5 ns) False False
2025-04-08 19:30:50,286 - [MainProcess:91658] mummi_ras.online.simulation:has_computed_enough:352 - INFO - runtime_hours*0.99 = 0.495 vs delta_time = 0.3018209046787686 (length 31.5 ns) False False
2025-04-08 19:30:52,292 - [MainProcess:91658] mummi_ras.online.simulation:has_computed_enough:352 - INFO - runtime_hours*0.99 = 0.495 vs delta_time = 0.3023781554566489 (length 31.5 ns) False False
2025-04-08 19:30:54,298 - [MainProcess:91658] mummi_ras.online.simulation:has_computed_enough:352 - INFO - runtime_hours*0.99 = 0.495 vs delta_time = 0.3029354445139567 (length 31.5 ns) False False
2025-04-08 19:30:56,304 - [MainProcess:91658] mummi_ras.online.simulation:has_computed_enough:352 - INFO - runtime_hours*0.99 = 0.495 vs delta_time = 0.3034927162859175 (length 31.5 ns) False False
2025-04-08 19:30:58,311 - [MainProcess:91658] mummi_ras.online.simulation:has_computed_enough:352 - INFO - runtime_hours*0.99 = 0.495 vs delta_time = 0.30405001481374105 (length 31.5 ns) False False
2025-04-08 19:31:00,317 - [MainProcess:91658] mummi_ras.online.simulation:has_computed_enough:352 - INFO - runtime_hours*0.99 = 0.495 vs delta_time = 0.30460729320844016 (length 31.5 ns) False False
2025-04-08 19:31:02,323 - [MainProcess:91658] mummi_ras.online.simulation:has_computed_enough:352 - INFO - runtime_hours*0.99 = 0.495 vs delta_time = 0.30516456451680923 (length 31.5 ns) False False
2025-04-08 19:31:02,377 - [MainProcess:91658] mummi_ras.online.simulation:get_new_frames:399 - INFO - Getting all frame numbers in trajectory from 64 to 64.
2025-04-08 19:31:02,377 - [MainProcess:91658] mummi_ras.online.cg.cganalysis:run_main_analysis:193 - INFO - Process frame 64
2025-04-08 19:31:02,377 - [MainProcess:91658] mummi_ras.online.cg.cganalysis:processFrame:554 - INFO - Load 65 frames: current frame ID /tmp/mummi/cg/structure_iter00_000000000013-20250408_191226/traj_comp.xtc
2025-04-08 19:31:02,388 - [MainProcess:91658] mummi_ras.online.cg.cganalysis:processFrame:580 - INFO - Frame:    64, Time: 32000.000 ps, Bbox = [0, 180.8687, 0, 180.8687]
2025-04-08 19:31:02,388 - [MainProcess:91658] mummi_ras.online.cg.cganalysis:processFrame:584 - INFO - Lengths of layers: 672 37 475
2025-04-08 19:31:02,490 - [MainProcess:91658] mummi_ras.online.cg.cganalysis:processFrame:765 - INFO - Time for analysis - frameNum 64, time 0.11282181739807129 s
2025-04-08 19:31:04,491 - [MainProcess:91658] mummi_ras.online.simulation:has_computed_enough:352 - INFO - runtime_hours*0.99 = 0.495 vs delta_time = 0.30576663898097145 (length 32.0 ns) False False
2025-04-08 19:31:06,497 - [MainProcess:91658] mummi_ras.online.simulation:has_computed_enough:352 - INFO - runtime_hours*0.99 = 0.495 vs delta_time = 0.3063239771127701 (length 32.0 ns) False False
2025-04-08 19:31:08,503 - [MainProcess:91658] mummi_ras.online.simulation:has_computed_enough:352 - INFO - runtime_hours*0.99 = 0.495 vs delta_time = 0.3068812531232834 (length 32.0 ns) False False
2025-04-08 19:31:10,509 - [MainProcess:91658] mummi_ras.online.simulation:has_computed_enough:352 - INFO - runtime_hours*0.99 = 0.495 vs delta_time = 0.3074385385380851 (length 32.0 ns) False False
2025-04-08 19:31:12,516 - [MainProcess:91658] mummi_ras.online.simulation:has_computed_enough:352 - INFO - runtime_hours*0.99 = 0.495 vs delta_time = 0.30799581196573045 (length 32.0 ns) False False
2025-04-08 19:31:14,522 - [MainProcess:91658] mummi_ras.online.simulation:has_computed_enough:352 - INFO - runtime_hours*0.99 = 0.495 vs delta_time = 0.30855307751231725 (length 32.0 ns) False False
2025-04-08 19:31:16,528 - [MainProcess:91658] mummi_ras.online.simulation:has_computed_enough:352 - INFO - runtime_hours*0.99 = 0.495 vs delta_time = 0.3091103708744049 (length 32.0 ns) False False
2025-04-08 19:31:18,534 - [MainProcess:91658] mummi_ras.online.simulation:has_computed_enough:352 - INFO - runtime_hours*0.99 = 0.495 vs delta_time = 0.30966763814290366 (length 32.0 ns) False False
2025-04-08 19:31:18,708 - [MainProcess:91658] mummi_ras.online.simulation:get_new_frames:399 - INFO - Getting all frame numbers in trajectory from 65 to 65.
2025-04-08 19:31:18,708 - [MainProcess:91658] mummi_ras.online.cg.cganalysis:run_main_analysis:193 - INFO - Process frame 65
2025-04-08 19:31:18,708 - [MainProcess:91658] mummi_ras.online.cg.cganalysis:processFrame:554 - INFO - Load 66 frames: current frame ID /tmp/mummi/cg/structure_iter00_000000000013-20250408_191226/traj_comp.xtc
2025-04-08 19:31:18,719 - [MainProcess:91658] mummi_ras.online.cg.cganalysis:processFrame:580 - INFO - Frame:    65, Time: 32500.000 ps, Bbox = [0, 180.36917, 0, 180.36917]
2025-04-08 19:31:18,719 - [MainProcess:91658] mummi_ras.online.cg.cganalysis:processFrame:584 - INFO - Lengths of layers: 670 40 474
2025-04-08 19:31:18,821 - [MainProcess:91658] mummi_ras.online.cg.cganalysis:processFrame:765 - INFO - Time for analysis - frameNum 65, time 0.11257696151733398 s
2025-04-08 19:31:20,822 - [MainProcess:91658] mummi_ras.online.simulation:has_computed_enough:352 - INFO - runtime_hours*0.99 = 0.495 vs delta_time = 0.31030305186907453 (length 32.5 ns) False False
2025-04-08 19:31:22,828 - [MainProcess:91658] mummi_ras.online.simulation:has_computed_enough:352 - INFO - runtime_hours*0.99 = 0.495 vs delta_time = 0.310860416425599 (length 32.5 ns) False False
2025-04-08 19:31:24,834 - [MainProcess:91658] mummi_ras.online.simulation:has_computed_enough:352 - INFO - runtime_hours*0.99 = 0.495 vs delta_time = 0.31141767587926655 (length 32.5 ns) False False
2025-04-08 19:31:26,840 - [MainProcess:91658] mummi_ras.online.simulation:has_computed_enough:352 - INFO - runtime_hours*0.99 = 0.495 vs delta_time = 0.31197494056489733 (length 32.5 ns) False False
2025-04-08 19:31:28,847 - [MainProcess:91658] mummi_ras.online.simulation:has_computed_enough:352 - INFO - runtime_hours*0.99 = 0.495 vs delta_time = 0.31253221498595346 (length 32.5 ns) False False
2025-04-08 19:31:30,853 - [MainProcess:91658] mummi_ras.online.simulation:has_computed_enough:352 - INFO - runtime_hours*0.99 = 0.495 vs delta_time = 0.31308946821424694 (length 32.5 ns) False False
2025-04-08 19:31:32,859 - [MainProcess:91658] mummi_ras.online.simulation:has_computed_enough:352 - INFO - runtime_hours*0.99 = 0.495 vs delta_time = 0.3136467139588462 (length 32.5 ns) False False
2025-04-08 19:31:34,865 - [MainProcess:91658] mummi_ras.online.simulation:has_computed_enough:352 - INFO - runtime_hours*0.99 = 0.495 vs delta_time = 0.3142040040757921 (length 32.5 ns) False False
2025-04-08 19:31:36,871 - [MainProcess:91658] mummi_ras.online.simulation:has_computed_enough:352 - INFO - runtime_hours*0.99 = 0.495 vs delta_time = 0.3147612690925598 (length 32.5 ns) False False
2025-04-08 19:31:36,978 - [MainProcess:91658] mummi_ras.online.simulation:get_new_frames:399 - INFO - Getting all frame numbers in trajectory from 66 to 66.
2025-04-08 19:31:36,978 - [MainProcess:91658] mummi_ras.online.cg.cganalysis:run_main_analysis:193 - INFO - Process frame 66
2025-04-08 19:31:36,978 - [MainProcess:91658] mummi_ras.online.cg.cganalysis:processFrame:554 - INFO - Load 67 frames: current frame ID /tmp/mummi/cg/structure_iter00_000000000013-20250408_191226/traj_comp.xtc
2025-04-08 19:31:36,989 - [MainProcess:91658] mummi_ras.online.cg.cganalysis:processFrame:580 - INFO - Frame:    66, Time: 33000.000 ps, Bbox = [0, 180.80634, 0, 180.80634]
2025-04-08 19:31:36,990 - [MainProcess:91658] mummi_ras.online.cg.cganalysis:processFrame:584 - INFO - Lengths of layers: 669 40 475
2025-04-08 19:31:37,091 - [MainProcess:91658] mummi_ras.online.cg.cganalysis:processFrame:765 - INFO - Time for analysis - frameNum 66, time 0.11280560493469238 s
2025-04-08 19:31:39,092 - [MainProcess:91658] mummi_ras.online.simulation:has_computed_enough:352 - INFO - runtime_hours*0.99 = 0.495 vs delta_time = 0.31537806921535066 (length 33.0 ns) False False
2025-04-08 19:31:41,098 - [MainProcess:91658] mummi_ras.online.simulation:has_computed_enough:352 - INFO - runtime_hours*0.99 = 0.495 vs delta_time = 0.3159354141023424 (length 33.0 ns) False False
2025-04-08 19:31:43,104 - [MainProcess:91658] mummi_ras.online.simulation:has_computed_enough:352 - INFO - runtime_hours*0.99 = 0.495 vs delta_time = 0.3164927032258775 (length 33.0 ns) False False
2025-04-08 19:31:45,111 - [MainProcess:91658] mummi_ras.online.simulation:has_computed_enough:352 - INFO - runtime_hours*0.99 = 0.495 vs delta_time = 0.3170499653286404 (length 33.0 ns) False False
2025-04-08 19:31:47,117 - [MainProcess:91658] mummi_ras.online.simulation:has_computed_enough:352 - INFO - runtime_hours*0.99 = 0.495 vs delta_time = 0.31760724147160846 (length 33.0 ns) False False
2025-04-08 19:31:49,123 - [MainProcess:91658] mummi_ras.online.simulation:has_computed_enough:352 - INFO - runtime_hours*0.99 = 0.495 vs delta_time = 0.3181645127799776 (length 33.0 ns) False False
2025-04-08 19:31:51,129 - [MainProcess:91658] mummi_ras.online.simulation:has_computed_enough:352 - INFO - runtime_hours*0.99 = 0.495 vs delta_time = 0.31872176104121736 (length 33.0 ns) False False
2025-04-08 19:31:53,135 - [MainProcess:91658] mummi_ras.online.simulation:has_computed_enough:352 - INFO - runtime_hours*0.99 = 0.495 vs delta_time = 0.31927905327743955 (length 33.0 ns) False False
2025-04-08 19:31:53,191 - [MainProcess:91658] mummi_ras.online.simulation:get_new_frames:399 - INFO - Getting all frame numbers in trajectory from 67 to 67.
2025-04-08 19:31:53,191 - [MainProcess:91658] mummi_ras.online.cg.cganalysis:run_main_analysis:193 - INFO - Process frame 67
2025-04-08 19:31:53,191 - [MainProcess:91658] mummi_ras.online.cg.cganalysis:processFrame:554 - INFO - Load 68 frames: current frame ID /tmp/mummi/cg/structure_iter00_000000000013-20250408_191226/traj_comp.xtc
2025-04-08 19:31:53,202 - [MainProcess:91658] mummi_ras.online.cg.cganalysis:processFrame:580 - INFO - Frame:    67, Time: 33500.000 ps, Bbox = [0, 180.8601, 0, 180.8601]
2025-04-08 19:31:53,202 - [MainProcess:91658] mummi_ras.online.cg.cganalysis:processFrame:584 - INFO - Lengths of layers: 671 39 474
2025-04-08 19:31:53,304 - [MainProcess:91658] mummi_ras.online.cg.cganalysis:processFrame:765 - INFO - Time for analysis - frameNum 67, time 0.1126856803894043 s
2025-04-08 19:31:55,305 - [MainProcess:91658] mummi_ras.online.simulation:has_computed_enough:352 - INFO - runtime_hours*0.99 = 0.495 vs delta_time = 0.3198816392156813 (length 33.5 ns) False False
2025-04-08 19:31:57,311 - [MainProcess:91658] mummi_ras.online.simulation:has_computed_enough:352 - INFO - runtime_hours*0.99 = 0.495 vs delta_time = 0.32043897032737734 (length 33.5 ns) False False
2025-04-08 19:31:59,317 - [MainProcess:91658] mummi_ras.online.simulation:has_computed_enough:352 - INFO - runtime_hours*0.99 = 0.495 vs delta_time = 0.3209962436887953 (length 33.5 ns) False False
2025-04-08 19:32:01,323 - [MainProcess:91658] mummi_ras.online.simulation:has_computed_enough:352 - INFO - runtime_hours*0.99 = 0.495 vs delta_time = 0.3215535275141398 (length 33.5 ns) False False
2025-04-08 19:32:03,329 - [MainProcess:91658] mummi_ras.online.simulation:has_computed_enough:352 - INFO - runtime_hours*0.99 = 0.495 vs delta_time = 0.3221107723977831 (length 33.5 ns) False False
2025-04-08 19:32:05,335 - [MainProcess:91658] mummi_ras.online.simulation:has_computed_enough:352 - INFO - runtime_hours*0.99 = 0.495 vs delta_time = 0.32266800635390813 (length 33.5 ns) False False
2025-04-08 19:32:07,342 - [MainProcess:91658] mummi_ras.online.simulation:has_computed_enough:352 - INFO - runtime_hours*0.99 = 0.495 vs delta_time = 0.32322529004679784 (length 33.5 ns) False False
2025-04-08 19:32:09,348 - [MainProcess:91658] mummi_ras.online.simulation:has_computed_enough:352 - INFO - runtime_hours*0.99 = 0.495 vs delta_time = 0.3237825416856342 (length 33.5 ns) False False
2025-04-08 19:32:11,354 - [MainProcess:91658] mummi_ras.online.simulation:has_computed_enough:352 - INFO - runtime_hours*0.99 = 0.495 vs delta_time = 0.32433979094028476 (length 33.5 ns) False False
2025-04-08 19:32:11,406 - [MainProcess:91658] mummi_ras.online.simulation:get_new_frames:399 - INFO - Getting all frame numbers in trajectory from 68 to 68.
2025-04-08 19:32:11,406 - [MainProcess:91658] mummi_ras.online.cg.cganalysis:run_main_analysis:193 - INFO - Process frame 68
2025-04-08 19:32:11,406 - [MainProcess:91658] mummi_ras.online.cg.cganalysis:processFrame:554 - INFO - Load 69 frames: current frame ID /tmp/mummi/cg/structure_iter00_000000000013-20250408_191226/traj_comp.xtc
2025-04-08 19:32:11,418 - [MainProcess:91658] mummi_ras.online.cg.cganalysis:processFrame:580 - INFO - Frame:    68, Time: 34000.000 ps, Bbox = [0, 181.20544, 0, 181.20544]
2025-04-08 19:32:11,418 - [MainProcess:91658] mummi_ras.online.cg.cganalysis:processFrame:584 - INFO - Lengths of layers: 673 35 476
2025-04-08 19:32:11,520 - [MainProcess:91658] mummi_ras.online.cg.cganalysis:processFrame:765 - INFO - Time for analysis - frameNum 68, time 0.11314058303833008 s
2025-04-08 19:32:13,520 - [MainProcess:91658] mummi_ras.online.simulation:has_computed_enough:352 - INFO - runtime_hours*0.99 = 0.495 vs delta_time = 0.3249415537383821 (length 34.0 ns) False False
2025-04-08 19:32:15,527 - [MainProcess:91658] mummi_ras.online.simulation:has_computed_enough:352 - INFO - runtime_hours*0.99 = 0.495 vs delta_time = 0.3254989071687063 (length 34.0 ns) False False
2025-04-08 19:32:17,533 - [MainProcess:91658] mummi_ras.online.simulation:has_computed_enough:352 - INFO - runtime_hours*0.99 = 0.495 vs delta_time = 0.32605616602632737 (length 34.0 ns) False False
2025-04-08 19:32:19,539 - [MainProcess:91658] mummi_ras.online.simulation:has_computed_enough:352 - INFO - runtime_hours*0.99 = 0.495 vs delta_time = 0.32661342137389715 (length 34.0 ns) False False
2025-04-08 19:32:21,545 - [MainProcess:91658] mummi_ras.online.simulation:has_computed_enough:352 - INFO - runtime_hours*0.99 = 0.495 vs delta_time = 0.32717070559660594 (length 34.0 ns) False False
2025-04-08 19:32:23,551 - [MainProcess:91658] mummi_ras.online.simulation:has_computed_enough:352 - INFO - runtime_hours*0.99 = 0.495 vs delta_time = 0.32772794789738124 (length 34.0 ns) False False
2025-04-08 19:32:25,557 - [MainProcess:91658] mummi_ras.online.simulation:has_computed_enough:352 - INFO - runtime_hours*0.99 = 0.495 vs delta_time = 0.32828519456916383 (length 34.0 ns) False False
2025-04-08 19:32:27,564 - [MainProcess:91658] mummi_ras.online.simulation:has_computed_enough:352 - INFO - runtime_hours*0.99 = 0.495 vs delta_time = 0.3288424646192127 (length 34.0 ns) False False
2025-04-08 19:32:27,754 - [MainProcess:91658] mummi_ras.online.simulation:get_new_frames:399 - INFO - Getting all frame numbers in trajectory from 69 to 69.
2025-04-08 19:32:27,754 - [MainProcess:91658] mummi_ras.online.cg.cganalysis:run_main_analysis:193 - INFO - Process frame 69
2025-04-08 19:32:27,755 - [MainProcess:91658] mummi_ras.online.cg.cganalysis:processFrame:554 - INFO - Load 70 frames: current frame ID /tmp/mummi/cg/structure_iter00_000000000013-20250408_191226/traj_comp.xtc
2025-04-08 19:32:27,765 - [MainProcess:91658] mummi_ras.online.cg.cganalysis:processFrame:580 - INFO - Frame:    69, Time: 34500.000 ps, Bbox = [0, 180.80762, 0, 180.80762]
2025-04-08 19:32:27,766 - [MainProcess:91658] mummi_ras.online.cg.cganalysis:processFrame:584 - INFO - Lengths of layers: 670 34 480
2025-04-08 19:32:27,867 - [MainProcess:91658] mummi_ras.online.cg.cganalysis:processFrame:765 - INFO - Time for analysis - frameNum 69, time 0.11227631568908691 s
2025-04-08 19:32:29,868 - [MainProcess:91658] mummi_ras.online.simulation:has_computed_enough:352 - INFO - runtime_hours*0.99 = 0.495 vs delta_time = 0.32948246359825134 (length 34.5 ns) False False
2025-04-08 19:32:29,874 - [MainProcess:91658] mummi_ras.online.cg.cganalysis:processOutput:92 - INFO - Add feedback for frameNum 60 - state []
2025-04-08 19:32:29,874 - [MainProcess:91658] mummi_ras.online.cg.cganalysis:processOutput:92 - INFO - Add feedback for frameNum 61 - state []
2025-04-08 19:32:29,874 - [MainProcess:91658] mummi_ras.online.cg.cganalysis:processOutput:92 - INFO - Add feedback for frameNum 62 - state []
2025-04-08 19:32:29,874 - [MainProcess:91658] mummi_ras.online.cg.cganalysis:processOutput:92 - INFO - Add feedback for frameNum 63 - state []
2025-04-08 19:32:29,874 - [MainProcess:91658] mummi_ras.online.cg.cganalysis:processOutput:92 - INFO - Add feedback for frameNum 64 - state []
2025-04-08 19:32:29,874 - [MainProcess:91658] mummi_ras.online.cg.cganalysis:processOutput:92 - INFO - Add feedback for frameNum 65 - state []
2025-04-08 19:32:29,875 - [MainProcess:91658] mummi_ras.online.cg.cganalysis:processOutput:92 - INFO - Add feedback for frameNum 66 - state []
2025-04-08 19:32:29,875 - [MainProcess:91658] mummi_ras.online.cg.cganalysis:processOutput:92 - INFO - Add feedback for frameNum 67 - state []
2025-04-08 19:32:29,875 - [MainProcess:91658] mummi_ras.online.cg.cganalysis:processOutput:92 - INFO - Add feedback for frameNum 68 - state []
2025-04-08 19:32:29,875 - [MainProcess:91658] mummi_ras.online.cg.cganalysis:processOutput:92 - INFO - Add feedback for frameNum 69 - state []
2025-04-08 19:32:29,890 - [MainProcess:91658] mummi_core.interfaces.simple:_save_files:91 - INFO - Wrote 10 files to (/p/gpfs1/pottier1/minimummi-sc25/roots/root2/feedback-cg2ml/013)
2025-04-08 19:32:29,890 - [MainProcess:91658] mummi_ras.feedback.feedback_manager_cg2ml:report:118 - INFO - Added 10 frames (from structure_iter00_000000000013) to feedback (/p/gpfs1/pottier1/minimummi-sc25/roots/root2/feedback-cg2ml)
2025-04-08 19:32:29,890 - [MainProcess:91658] mummi_ras.online.cg.cganalysis:processOutput:112 - INFO - processOutput: 69
2025-04-08 19:32:29,890 - [MainProcess:91658] mummi_ras.online.cg.cganalysis:copyRemoteRestart:452 - INFO - Copy to remote frames [60, 61, 62, 63, 64, 65, 66, 67, 68, 69]
2025-04-08 19:32:30,042 - [MainProcess:91658] mummi_core.utils.utilities:sys_call:184 - INFO - Run command: rsync -va --no-g traj_comp.xtc topol.tpr state.cpt ener.edr md.log mdrun.log /p/gpfs1/pottier1/minimummi-sc25/roots/root2/sims-cg/structure_iter00_000000000013 || true
2025-04-08 19:32:30,480 - [MainProcess:91658] mummi_ras.interfaces.mummi:save_analysis_data:253 - INFO - Saved all analysis data for frames [60, 61, 62, 63, 64, 65, 66, 67, 68, 69]
2025-04-08 19:32:30,480 - [MainProcess:91658] mummi_ras.online.cg.cganalysis:copyRemoteLogs:350 - INFO - Copy over log files
2025-04-08 19:32:30,521 - [MainProcess:91658] mummi_core.utils.utilities:sys_call:184 - INFO - Run command: cp -r  /tmp/mummi/cg/structure_iter00_000000000013-20250408_191226/cg_analysis.out /tmp/mummi/cg/structure_iter00_000000000013-20250408_191226/traj_comp.xtc /tmp/mummi/cg/structure_iter00_000000000013-20250408_191226/*.log /p/gpfs1/pottier1/minimummi-sc25/roots/root2/sims-cg/structure_iter00_000000000013/ || true
2025-04-08 19:32:30,521 - [MainProcess:91658] mummi_ras.online.cg.cganalysis:copyRemoteLogs:365 - INFO - copyRemoteLogs =  /tmp/mummi/cg/structure_iter00_000000000013-20250408_191226/cg_analysis.out /tmp/mummi/cg/structure_iter00_000000000013-20250408_191226/traj_comp.xtc /tmp/mummi/cg/structure_iter00_000000000013-20250408_191226/*.log
2025-04-08 19:32:30,521 - [MainProcess:91658] mummi_ras.online.cg.cganalysis:cleanupLocal:375 - WARNING - Copy cleanup local only works for ddcMD files
2025-04-08 19:32:32,522 - [MainProcess:91658] mummi_ras.online.simulation:has_computed_enough:352 - INFO - runtime_hours*0.99 = 0.495 vs delta_time = 0.3302196967601776 (length 34.5 ns) False False
2025-04-08 19:32:34,528 - [MainProcess:91658] mummi_ras.online.simulation:has_computed_enough:352 - INFO - runtime_hours*0.99 = 0.495 vs delta_time = 0.33077700515588127 (length 34.5 ns) False False
2025-04-08 19:32:36,534 - [MainProcess:91658] mummi_ras.online.simulation:has_computed_enough:352 - INFO - runtime_hours*0.99 = 0.495 vs delta_time = 0.3313342624240451 (length 34.5 ns) False False
2025-04-08 19:32:38,540 - [MainProcess:91658] mummi_ras.online.simulation:has_computed_enough:352 - INFO - runtime_hours*0.99 = 0.495 vs delta_time = 0.3318915479713016 (length 34.5 ns) False False
2025-04-08 19:32:40,546 - [MainProcess:91658] mummi_ras.online.simulation:has_computed_enough:352 - INFO - runtime_hours*0.99 = 0.495 vs delta_time = 0.3324488040473726 (length 34.5 ns) False False
2025-04-08 19:32:42,552 - [MainProcess:91658] mummi_ras.online.simulation:has_computed_enough:352 - INFO - runtime_hours*0.99 = 0.495 vs delta_time = 0.33300602899657356 (length 34.5 ns) False False
2025-04-08 19:32:44,558 - [MainProcess:91658] mummi_ras.online.simulation:has_computed_enough:352 - INFO - runtime_hours*0.99 = 0.495 vs delta_time = 0.33356328745683034 (length 34.5 ns) False False
2025-04-08 19:32:44,610 - [MainProcess:91658] mummi_ras.online.simulation:get_new_frames:399 - INFO - Getting all frame numbers in trajectory from 70 to 70.
2025-04-08 19:32:44,610 - [MainProcess:91658] mummi_ras.online.cg.cganalysis:run_main_analysis:193 - INFO - Process frame 70
2025-04-08 19:32:44,610 - [MainProcess:91658] mummi_ras.online.cg.cganalysis:processFrame:554 - INFO - Load 71 frames: current frame ID /tmp/mummi/cg/structure_iter00_000000000013-20250408_191226/traj_comp.xtc
2025-04-08 19:32:44,621 - [MainProcess:91658] mummi_ras.online.cg.cganalysis:processFrame:580 - INFO - Frame:    70, Time: 35000.000 ps, Bbox = [0, 181.1105, 0, 181.1105]
2025-04-08 19:32:44,621 - [MainProcess:91658] mummi_ras.online.cg.cganalysis:processFrame:584 - INFO - Lengths of layers: 669 34 481
2025-04-08 19:32:44,723 - [MainProcess:91658] mummi_ras.online.cg.cganalysis:processFrame:765 - INFO - Time for analysis - frameNum 70, time 0.11287546157836914 s
2025-04-08 19:32:46,723 - [MainProcess:91658] mummi_ras.online.simulation:has_computed_enough:352 - INFO - runtime_hours*0.99 = 0.495 vs delta_time = 0.33416466116905214 (length 35.0 ns) False False
2025-04-08 19:32:48,730 - [MainProcess:91658] mummi_ras.online.simulation:has_computed_enough:352 - INFO - runtime_hours*0.99 = 0.495 vs delta_time = 0.3347219753265381 (length 35.0 ns) False False
2025-04-08 19:32:50,736 - [MainProcess:91658] mummi_ras.online.simulation:has_computed_enough:352 - INFO - runtime_hours*0.99 = 0.495 vs delta_time = 0.3352792607413398 (length 35.0 ns) False False
2025-04-08 19:32:52,742 - [MainProcess:91658] mummi_ras.online.simulation:has_computed_enough:352 - INFO - runtime_hours*0.99 = 0.495 vs delta_time = 0.33583651125431063 (length 35.0 ns) False False
2025-04-08 19:32:54,748 - [MainProcess:91658] mummi_ras.online.simulation:has_computed_enough:352 - INFO - runtime_hours*0.99 = 0.495 vs delta_time = 0.3363937708404329 (length 35.0 ns) False False
2025-04-08 19:32:56,754 - [MainProcess:91658] mummi_ras.online.simulation:has_computed_enough:352 - INFO - runtime_hours*0.99 = 0.495 vs delta_time = 0.336951047844357 (length 35.0 ns) False False
2025-04-08 19:32:58,761 - [MainProcess:91658] mummi_ras.online.simulation:has_computed_enough:352 - INFO - runtime_hours*0.99 = 0.495 vs delta_time = 0.3375083012051053 (length 35.0 ns) False False
2025-04-08 19:33:00,767 - [MainProcess:91658] mummi_ras.online.simulation:has_computed_enough:352 - INFO - runtime_hours*0.99 = 0.495 vs delta_time = 0.3380655674139659 (length 35.0 ns) False False
2025-04-08 19:33:02,773 - [MainProcess:91658] mummi_ras.online.simulation:has_computed_enough:352 - INFO - runtime_hours*0.99 = 0.495 vs delta_time = 0.338622831636005 (length 35.0 ns) False False
2025-04-08 19:33:02,828 - [MainProcess:91658] mummi_ras.online.simulation:get_new_frames:399 - INFO - Getting all frame numbers in trajectory from 71 to 71.
2025-04-08 19:33:02,828 - [MainProcess:91658] mummi_ras.online.cg.cganalysis:run_main_analysis:193 - INFO - Process frame 71
2025-04-08 19:33:02,828 - [MainProcess:91658] mummi_ras.online.cg.cganalysis:processFrame:554 - INFO - Load 72 frames: current frame ID /tmp/mummi/cg/structure_iter00_000000000013-20250408_191226/traj_comp.xtc
2025-04-08 19:33:02,839 - [MainProcess:91658] mummi_ras.online.cg.cganalysis:processFrame:580 - INFO - Frame:    71, Time: 35500.000 ps, Bbox = [0, 181.43527, 0, 181.43527]
2025-04-08 19:33:02,839 - [MainProcess:91658] mummi_ras.online.cg.cganalysis:processFrame:584 - INFO - Lengths of layers: 670 34 480
2025-04-08 19:33:02,941 - [MainProcess:91658] mummi_ras.online.cg.cganalysis:processFrame:765 - INFO - Time for analysis - frameNum 71, time 0.11285161972045898 s
2025-04-08 19:33:04,942 - [MainProcess:91658] mummi_ras.online.simulation:has_computed_enough:352 - INFO - runtime_hours*0.99 = 0.495 vs delta_time = 0.339225299888187 (length 35.5 ns) False False
2025-04-08 19:33:06,948 - [MainProcess:91658] mummi_ras.online.simulation:has_computed_enough:352 - INFO - runtime_hours*0.99 = 0.495 vs delta_time = 0.3397826283507877 (length 35.5 ns) False False
2025-04-08 19:33:08,954 - [MainProcess:91658] mummi_ras.online.simulation:has_computed_enough:352 - INFO - runtime_hours*0.99 = 0.495 vs delta_time = 0.34033989760610794 (length 35.5 ns) False False
2025-04-08 19:33:10,961 - [MainProcess:91658] mummi_ras.online.simulation:has_computed_enough:352 - INFO - runtime_hours*0.99 = 0.495 vs delta_time = 0.3408971948093838 (length 35.5 ns) False False
2025-04-08 19:33:12,967 - [MainProcess:91658] mummi_ras.online.simulation:has_computed_enough:352 - INFO - runtime_hours*0.99 = 0.495 vs delta_time = 0.3414544540643692 (length 35.5 ns) False False
2025-04-08 19:33:14,973 - [MainProcess:91658] mummi_ras.online.simulation:has_computed_enough:352 - INFO - runtime_hours*0.99 = 0.495 vs delta_time = 0.3420116987493303 (length 35.5 ns) False False
2025-04-08 19:33:16,979 - [MainProcess:91658] mummi_ras.online.simulation:has_computed_enough:352 - INFO - runtime_hours*0.99 = 0.495 vs delta_time = 0.3425689510504405 (length 35.5 ns) False False
2025-04-08 19:33:18,985 - [MainProcess:91658] mummi_ras.online.simulation:has_computed_enough:352 - INFO - runtime_hours*0.99 = 0.495 vs delta_time = 0.34312619308630626 (length 35.5 ns) False False
2025-04-08 19:33:19,097 - [MainProcess:91658] mummi_ras.online.simulation:get_new_frames:399 - INFO - Getting all frame numbers in trajectory from 72 to 72.
2025-04-08 19:33:19,097 - [MainProcess:91658] mummi_ras.online.cg.cganalysis:run_main_analysis:193 - INFO - Process frame 72
2025-04-08 19:33:19,097 - [MainProcess:91658] mummi_ras.online.cg.cganalysis:processFrame:554 - INFO - Load 73 frames: current frame ID /tmp/mummi/cg/structure_iter00_000000000013-20250408_191226/traj_comp.xtc
2025-04-08 19:33:19,108 - [MainProcess:91658] mummi_ras.online.cg.cganalysis:processFrame:580 - INFO - Frame:    72, Time: 36000.000 ps, Bbox = [0, 181.06209, 0, 181.06209]
2025-04-08 19:33:19,108 - [MainProcess:91658] mummi_ras.online.cg.cganalysis:processFrame:584 - INFO - Lengths of layers: 671 37 476
2025-04-08 19:33:19,212 - [MainProcess:91658] mummi_ras.online.cg.cganalysis:processFrame:765 - INFO - Time for analysis - frameNum 72, time 0.11456441879272461 s
2025-04-08 19:33:21,212 - [MainProcess:91658] mummi_ras.online.simulation:has_computed_enough:352 - INFO - runtime_hours*0.99 = 0.495 vs delta_time = 0.3437448584371143 (length 36.0 ns) False False
2025-04-08 19:33:23,219 - [MainProcess:91658] mummi_ras.online.simulation:has_computed_enough:352 - INFO - runtime_hours*0.99 = 0.495 vs delta_time = 0.3443021880918079 (length 36.0 ns) False False
2025-04-08 19:33:25,225 - [MainProcess:91658] mummi_ras.online.simulation:has_computed_enough:352 - INFO - runtime_hours*0.99 = 0.495 vs delta_time = 0.3448594559563531 (length 36.0 ns) False False
2025-04-08 19:33:27,231 - [MainProcess:91658] mummi_ras.online.simulation:has_computed_enough:352 - INFO - runtime_hours*0.99 = 0.495 vs delta_time = 0.3454167387882868 (length 36.0 ns) False False
2025-04-08 19:33:29,237 - [MainProcess:91658] mummi_ras.online.simulation:has_computed_enough:352 - INFO - runtime_hours*0.99 = 0.495 vs delta_time = 0.34597400433487363 (length 36.0 ns) False False
2025-04-08 19:33:31,243 - [MainProcess:91658] mummi_ras.online.simulation:has_computed_enough:352 - INFO - runtime_hours*0.99 = 0.495 vs delta_time = 0.3465312907430861 (length 36.0 ns) False False
2025-04-08 19:33:33,249 - [MainProcess:91658] mummi_ras.online.simulation:has_computed_enough:352 - INFO - runtime_hours*0.99 = 0.495 vs delta_time = 0.3470885452296999 (length 36.0 ns) False False
2025-04-08 19:33:35,256 - [MainProcess:91658] mummi_ras.online.simulation:has_computed_enough:352 - INFO - runtime_hours*0.99 = 0.495 vs delta_time = 0.34764582839277053 (length 36.0 ns) False False
2025-04-08 19:33:37,262 - [MainProcess:91658] mummi_ras.online.simulation:has_computed_enough:352 - INFO - runtime_hours*0.99 = 0.495 vs delta_time = 0.34820308989948695 (length 36.0 ns) False False
2025-04-08 19:33:37,437 - [MainProcess:91658] mummi_ras.online.simulation:get_new_frames:399 - INFO - Getting all frame numbers in trajectory from 73 to 73.
2025-04-08 19:33:37,437 - [MainProcess:91658] mummi_ras.online.cg.cganalysis:run_main_analysis:193 - INFO - Process frame 73
2025-04-08 19:33:37,437 - [MainProcess:91658] mummi_ras.online.cg.cganalysis:processFrame:554 - INFO - Load 74 frames: current frame ID /tmp/mummi/cg/structure_iter00_000000000013-20250408_191226/traj_comp.xtc
2025-04-08 19:33:37,448 - [MainProcess:91658] mummi_ras.online.cg.cganalysis:processFrame:580 - INFO - Frame:    73, Time: 36500.000 ps, Bbox = [0, 179.72108, 0, 179.72108]
2025-04-08 19:33:37,449 - [MainProcess:91658] mummi_ras.online.cg.cganalysis:processFrame:584 - INFO - Lengths of layers: 670 30 484
2025-04-08 19:33:37,550 - [MainProcess:91658] mummi_ras.online.cg.cganalysis:processFrame:765 - INFO - Time for analysis - frameNum 73, time 0.11285948753356934 s
2025-04-08 19:33:39,551 - [MainProcess:91658] mummi_ras.online.simulation:has_computed_enough:352 - INFO - runtime_hours*0.99 = 0.495 vs delta_time = 0.3488389647669262 (length 36.5 ns) False False
2025-04-08 19:33:41,557 - [MainProcess:91658] mummi_ras.online.simulation:has_computed_enough:352 - INFO - runtime_hours*0.99 = 0.495 vs delta_time = 0.34939627415604063 (length 36.5 ns) False False
2025-04-08 19:33:43,563 - [MainProcess:91658] mummi_ras.online.simulation:has_computed_enough:352 - INFO - runtime_hours*0.99 = 0.495 vs delta_time = 0.3499535406960381 (length 36.5 ns) False False
2025-04-08 19:33:45,570 - [MainProcess:91658] mummi_ras.online.simulation:has_computed_enough:352 - INFO - runtime_hours*0.99 = 0.495 vs delta_time = 0.3505108290248447 (length 36.5 ns) False False
2025-04-08 19:33:47,576 - [MainProcess:91658] mummi_ras.online.simulation:has_computed_enough:352 - INFO - runtime_hours*0.99 = 0.495 vs delta_time = 0.3510680898692873 (length 36.5 ns) False False
2025-04-08 19:33:49,582 - [MainProcess:91658] mummi_ras.online.simulation:has_computed_enough:352 - INFO - runtime_hours*0.99 = 0.495 vs delta_time = 0.3516253623697493 (length 36.5 ns) False False
2025-04-08 19:33:51,588 - [MainProcess:91658] mummi_ras.online.simulation:has_computed_enough:352 - INFO - runtime_hours*0.99 = 0.495 vs delta_time = 0.3521826210949156 (length 36.5 ns) False False
2025-04-08 19:33:53,594 - [MainProcess:91658] mummi_ras.online.simulation:has_computed_enough:352 - INFO - runtime_hours*0.99 = 0.495 vs delta_time = 0.35273987379339006 (length 36.5 ns) False False
2025-04-08 19:33:53,645 - [MainProcess:91658] mummi_ras.online.simulation:get_new_frames:399 - INFO - Getting all frame numbers in trajectory from 74 to 74.
2025-04-08 19:33:53,645 - [MainProcess:91658] mummi_ras.online.cg.cganalysis:run_main_analysis:193 - INFO - Process frame 74
2025-04-08 19:33:53,645 - [MainProcess:91658] mummi_ras.online.cg.cganalysis:processFrame:554 - INFO - Load 75 frames: current frame ID /tmp/mummi/cg/structure_iter00_000000000013-20250408_191226/traj_comp.xtc
2025-04-08 19:33:53,656 - [MainProcess:91658] mummi_ras.online.cg.cganalysis:processFrame:580 - INFO - Frame:    74, Time: 37000.000 ps, Bbox = [0, 179.58823, 0, 179.58823]
2025-04-08 19:33:53,656 - [MainProcess:91658] mummi_ras.online.cg.cganalysis:processFrame:584 - INFO - Lengths of layers: 672 29 483
2025-04-08 19:33:53,760 - [MainProcess:91658] mummi_ras.online.cg.cganalysis:processFrame:765 - INFO - Time for analysis - frameNum 74, time 0.11440801620483398 s
2025-04-08 19:33:55,760 - [MainProcess:91658] mummi_ras.online.simulation:has_computed_enough:352 - INFO - runtime_hours*0.99 = 0.495 vs delta_time = 0.3533415732781092 (length 37.0 ns) False False
2025-04-08 19:33:57,767 - [MainProcess:91658] mummi_ras.online.simulation:has_computed_enough:352 - INFO - runtime_hours*0.99 = 0.495 vs delta_time = 0.35389892174137966 (length 37.0 ns) False False
2025-04-08 19:33:59,773 - [MainProcess:91658] mummi_ras.online.simulation:has_computed_enough:352 - INFO - runtime_hours*0.99 = 0.495 vs delta_time = 0.3544562110635969 (length 37.0 ns) False False
2025-04-08 19:34:01,779 - [MainProcess:91658] mummi_ras.online.simulation:has_computed_enough:352 - INFO - runtime_hours*0.99 = 0.495 vs delta_time = 0.35501348786883885 (length 37.0 ns) False False
2025-04-08 19:34:03,785 - [MainProcess:91658] mummi_ras.online.simulation:has_computed_enough:352 - INFO - runtime_hours*0.99 = 0.495 vs delta_time = 0.3555707538127899 (length 37.0 ns) False False
2025-04-08 19:34:05,791 - [MainProcess:91658] mummi_ras.online.simulation:has_computed_enough:352 - INFO - runtime_hours*0.99 = 0.495 vs delta_time = 0.3561279915438758 (length 37.0 ns) False False
2025-04-08 19:34:07,798 - [MainProcess:91658] mummi_ras.online.simulation:has_computed_enough:352 - INFO - runtime_hours*0.99 = 0.495 vs delta_time = 0.3566852684153451 (length 37.0 ns) False False
2025-04-08 19:34:09,804 - [MainProcess:91658] mummi_ras.online.simulation:has_computed_enough:352 - INFO - runtime_hours*0.99 = 0.495 vs delta_time = 0.3572425168090396 (length 37.0 ns) False False
2025-04-08 19:34:09,856 - [MainProcess:91658] mummi_ras.online.simulation:get_new_frames:399 - INFO - Getting all frame numbers in trajectory from 75 to 75.
2025-04-08 19:34:09,856 - [MainProcess:91658] mummi_ras.online.cg.cganalysis:run_main_analysis:193 - INFO - Process frame 75
2025-04-08 19:34:09,856 - [MainProcess:91658] mummi_ras.online.cg.cganalysis:processFrame:554 - INFO - Load 76 frames: current frame ID /tmp/mummi/cg/structure_iter00_000000000013-20250408_191226/traj_comp.xtc
2025-04-08 19:34:09,868 - [MainProcess:91658] mummi_ras.online.cg.cganalysis:processFrame:580 - INFO - Frame:    75, Time: 37500.000 ps, Bbox = [0, 179.96727, 0, 179.96727]
2025-04-08 19:34:09,868 - [MainProcess:91658] mummi_ras.online.cg.cganalysis:processFrame:584 - INFO - Lengths of layers: 674 33 477
2025-04-08 19:34:09,970 - [MainProcess:91658] mummi_ras.online.cg.cganalysis:processFrame:765 - INFO - Time for analysis - frameNum 75, time 0.1131441593170166 s
2025-04-08 19:34:11,970 - [MainProcess:91658] mummi_ras.online.simulation:has_computed_enough:352 - INFO - runtime_hours*0.99 = 0.495 vs delta_time = 0.3578443419271045 (length 37.5 ns) False False
2025-04-08 19:34:13,977 - [MainProcess:91658] mummi_ras.online.simulation:has_computed_enough:352 - INFO - runtime_hours*0.99 = 0.495 vs delta_time = 0.35840166442924076 (length 37.5 ns) False False
2025-04-08 19:34:15,983 - [MainProcess:91658] mummi_ras.online.simulation:has_computed_enough:352 - INFO - runtime_hours*0.99 = 0.495 vs delta_time = 0.3589589476585388 (length 37.5 ns) False False
2025-04-08 19:34:17,989 - [MainProcess:91658] mummi_ras.online.simulation:has_computed_enough:352 - INFO - runtime_hours*0.99 = 0.495 vs delta_time = 0.35951620035701326 (length 37.5 ns) False False
2025-04-08 19:34:19,995 - [MainProcess:91658] mummi_ras.online.simulation:has_computed_enough:352 - INFO - runtime_hours*0.99 = 0.495 vs delta_time = 0.36007345093621146 (length 37.5 ns) False False
2025-04-08 19:34:22,001 - [MainProcess:91658] mummi_ras.online.simulation:has_computed_enough:352 - INFO - runtime_hours*0.99 = 0.495 vs delta_time = 0.36063074588775634 (length 37.5 ns) False False
2025-04-08 19:34:24,007 - [MainProcess:91658] mummi_ras.online.simulation:has_computed_enough:352 - INFO - runtime_hours*0.99 = 0.495 vs delta_time = 0.3611880083878835 (length 37.5 ns) False False
2025-04-08 19:34:26,014 - [MainProcess:91658] mummi_ras.online.simulation:has_computed_enough:352 - INFO - runtime_hours*0.99 = 0.495 vs delta_time = 0.3617452645301819 (length 37.5 ns) False False
2025-04-08 19:34:28,020 - [MainProcess:91658] mummi_ras.online.simulation:has_computed_enough:352 - INFO - runtime_hours*0.99 = 0.495 vs delta_time = 0.36230253212981756 (length 37.5 ns) False False
2025-04-08 19:34:28,176 - [MainProcess:91658] mummi_ras.online.simulation:get_new_frames:399 - INFO - Getting all frame numbers in trajectory from 76 to 76.
2025-04-08 19:34:28,176 - [MainProcess:91658] mummi_ras.online.cg.cganalysis:run_main_analysis:193 - INFO - Process frame 76
2025-04-08 19:34:28,176 - [MainProcess:91658] mummi_ras.online.cg.cganalysis:processFrame:554 - INFO - Load 77 frames: current frame ID /tmp/mummi/cg/structure_iter00_000000000013-20250408_191226/traj_comp.xtc
2025-04-08 19:34:28,187 - [MainProcess:91658] mummi_ras.online.cg.cganalysis:processFrame:580 - INFO - Frame:    76, Time: 38000.000 ps, Bbox = [0, 180.67752, 0, 180.67752]
2025-04-08 19:34:28,187 - [MainProcess:91658] mummi_ras.online.cg.cganalysis:processFrame:584 - INFO - Lengths of layers: 673 38 473
2025-04-08 19:34:28,289 - [MainProcess:91658] mummi_ras.online.cg.cganalysis:processFrame:765 - INFO - Time for analysis - frameNum 76, time 0.11270713806152344 s
2025-04-08 19:34:30,290 - [MainProcess:91658] mummi_ras.online.simulation:has_computed_enough:352 - INFO - runtime_hours*0.99 = 0.495 vs delta_time = 0.36293304085731504 (length 38.0 ns) False False
2025-04-08 19:34:32,296 - [MainProcess:91658] mummi_ras.online.simulation:has_computed_enough:352 - INFO - runtime_hours*0.99 = 0.495 vs delta_time = 0.3634903544187546 (length 38.0 ns) False False
2025-04-08 19:34:34,302 - [MainProcess:91658] mummi_ras.online.simulation:has_computed_enough:352 - INFO - runtime_hours*0.99 = 0.495 vs delta_time = 0.36404762585957845 (length 38.0 ns) False False
2025-04-08 19:34:36,308 - [MainProcess:91658] mummi_ras.online.simulation:has_computed_enough:352 - INFO - runtime_hours*0.99 = 0.495 vs delta_time = 0.3646049174335268 (length 38.0 ns) False False
2025-04-08 19:34:38,314 - [MainProcess:91658] mummi_ras.online.simulation:has_computed_enough:352 - INFO - runtime_hours*0.99 = 0.495 vs delta_time = 0.3651621788740158 (length 38.0 ns) False False
2025-04-08 19:34:40,321 - [MainProcess:91658] mummi_ras.online.simulation:has_computed_enough:352 - INFO - runtime_hours*0.99 = 0.495 vs delta_time = 0.36571943600972495 (length 38.0 ns) False False
2025-04-08 19:34:42,327 - [MainProcess:91658] mummi_ras.online.simulation:has_computed_enough:352 - INFO - runtime_hours*0.99 = 0.495 vs delta_time = 0.3662767098347346 (length 38.0 ns) False False
2025-04-08 19:34:44,333 - [MainProcess:91658] mummi_ras.online.simulation:has_computed_enough:352 - INFO - runtime_hours*0.99 = 0.495 vs delta_time = 0.366833960612615 (length 38.0 ns) False False
2025-04-08 19:34:44,508 - [MainProcess:91658] mummi_ras.online.simulation:get_new_frames:399 - INFO - Getting all frame numbers in trajectory from 77 to 77.
2025-04-08 19:34:44,508 - [MainProcess:91658] mummi_ras.online.cg.cganalysis:run_main_analysis:193 - INFO - Process frame 77
2025-04-08 19:34:44,509 - [MainProcess:91658] mummi_ras.online.cg.cganalysis:processFrame:554 - INFO - Load 78 frames: current frame ID /tmp/mummi/cg/structure_iter00_000000000013-20250408_191226/traj_comp.xtc
2025-04-08 19:34:44,520 - [MainProcess:91658] mummi_ras.online.cg.cganalysis:processFrame:580 - INFO - Frame:    77, Time: 38500.000 ps, Bbox = [0, 180.88086, 0, 180.88086]
2025-04-08 19:34:44,520 - [MainProcess:91658] mummi_ras.online.cg.cganalysis:processFrame:584 - INFO - Lengths of layers: 674 38 472
2025-04-08 19:34:44,622 - [MainProcess:91658] mummi_ras.online.cg.cganalysis:processFrame:765 - INFO - Time for analysis - frameNum 77, time 0.11307954788208008 s
2025-04-08 19:34:46,622 - [MainProcess:91658] mummi_ras.online.simulation:has_computed_enough:352 - INFO - runtime_hours*0.99 = 0.495 vs delta_time = 0.36746990230348375 (length 38.5 ns) False False
2025-04-08 19:34:48,629 - [MainProcess:91658] mummi_ras.online.simulation:has_computed_enough:352 - INFO - runtime_hours*0.99 = 0.495 vs delta_time = 0.36802722248766156 (length 38.5 ns) False False
2025-04-08 19:34:50,635 - [MainProcess:91658] mummi_ras.online.simulation:has_computed_enough:352 - INFO - runtime_hours*0.99 = 0.495 vs delta_time = 0.3685844901535246 (length 38.5 ns) False False
2025-04-08 19:34:52,641 - [MainProcess:91658] mummi_ras.online.simulation:has_computed_enough:352 - INFO - runtime_hours*0.99 = 0.495 vs delta_time = 0.3691417758332358 (length 38.5 ns) False False
2025-04-08 19:34:54,647 - [MainProcess:91658] mummi_ras.online.simulation:has_computed_enough:352 - INFO - runtime_hours*0.99 = 0.495 vs delta_time = 0.3696990368763606 (length 38.5 ns) False False
2025-04-08 19:34:56,653 - [MainProcess:91658] mummi_ras.online.simulation:has_computed_enough:352 - INFO - runtime_hours*0.99 = 0.495 vs delta_time = 0.37025628997219934 (length 38.5 ns) False False
2025-04-08 19:34:58,659 - [MainProcess:91658] mummi_ras.online.simulation:has_computed_enough:352 - INFO - runtime_hours*0.99 = 0.495 vs delta_time = 0.3708135461807251 (length 38.5 ns) False False
2025-04-08 19:35:00,666 - [MainProcess:91658] mummi_ras.online.simulation:has_computed_enough:352 - INFO - runtime_hours*0.99 = 0.495 vs delta_time = 0.37137080788612364 (length 38.5 ns) False False
2025-04-08 19:35:02,672 - [MainProcess:91658] mummi_ras.online.simulation:has_computed_enough:352 - INFO - runtime_hours*0.99 = 0.495 vs delta_time = 0.3719280921088325 (length 38.5 ns) False False
2025-04-08 19:35:02,723 - [MainProcess:91658] mummi_ras.online.simulation:get_new_frames:399 - INFO - Getting all frame numbers in trajectory from 78 to 78.
2025-04-08 19:35:02,723 - [MainProcess:91658] mummi_ras.online.cg.cganalysis:run_main_analysis:193 - INFO - Process frame 78
2025-04-08 19:35:02,723 - [MainProcess:91658] mummi_ras.online.cg.cganalysis:processFrame:554 - INFO - Load 79 frames: current frame ID /tmp/mummi/cg/structure_iter00_000000000013-20250408_191226/traj_comp.xtc
2025-04-08 19:35:02,734 - [MainProcess:91658] mummi_ras.online.cg.cganalysis:processFrame:580 - INFO - Frame:    78, Time: 39000.000 ps, Bbox = [0, 181.80025, 0, 181.80025]
2025-04-08 19:35:02,735 - [MainProcess:91658] mummi_ras.online.cg.cganalysis:processFrame:584 - INFO - Lengths of layers: 671 35 478
2025-04-08 19:35:02,836 - [MainProcess:91658] mummi_ras.online.cg.cganalysis:processFrame:765 - INFO - Time for analysis - frameNum 78, time 0.11304497718811035 s
2025-04-08 19:35:04,837 - [MainProcess:91658] mummi_ras.online.simulation:has_computed_enough:352 - INFO - runtime_hours*0.99 = 0.495 vs delta_time = 0.3725295584069358 (length 39.0 ns) False False
2025-04-08 19:35:06,844 - [MainProcess:91658] mummi_ras.online.simulation:has_computed_enough:352 - INFO - runtime_hours*0.99 = 0.495 vs delta_time = 0.37308691130744087 (length 39.0 ns) False False
2025-04-08 19:35:08,850 - [MainProcess:91658] mummi_ras.online.simulation:has_computed_enough:352 - INFO - runtime_hours*0.99 = 0.495 vs delta_time = 0.3736441967222426 (length 39.0 ns) False False
2025-04-08 19:35:10,856 - [MainProcess:91658] mummi_ras.online.simulation:has_computed_enough:352 - INFO - runtime_hours*0.99 = 0.495 vs delta_time = 0.3742014609442817 (length 39.0 ns) False False
2025-04-08 19:35:12,862 - [MainProcess:91658] mummi_ras.online.simulation:has_computed_enough:352 - INFO - runtime_hours*0.99 = 0.495 vs delta_time = 0.3747587329149246 (length 39.0 ns) False False
2025-04-08 19:35:14,868 - [MainProcess:91658] mummi_ras.online.simulation:has_computed_enough:352 - INFO - runtime_hours*0.99 = 0.495 vs delta_time = 0.37531599905755786 (length 39.0 ns) False False
2025-04-08 19:35:16,874 - [MainProcess:91658] mummi_ras.online.simulation:has_computed_enough:352 - INFO - runtime_hours*0.99 = 0.495 vs delta_time = 0.3758732553985384 (length 39.0 ns) False False
2025-04-08 19:35:18,881 - [MainProcess:91658] mummi_ras.online.simulation:has_computed_enough:352 - INFO - runtime_hours*0.99 = 0.495 vs delta_time = 0.37643054015106625 (length 39.0 ns) False False
2025-04-08 19:35:18,933 - [MainProcess:91658] mummi_ras.online.simulation:get_new_frames:399 - INFO - Getting all frame numbers in trajectory from 79 to 79.
2025-04-08 19:35:18,933 - [MainProcess:91658] mummi_ras.online.cg.cganalysis:run_main_analysis:193 - INFO - Process frame 79
2025-04-08 19:35:18,933 - [MainProcess:91658] mummi_ras.online.cg.cganalysis:processFrame:554 - INFO - Load 80 frames: current frame ID /tmp/mummi/cg/structure_iter00_000000000013-20250408_191226/traj_comp.xtc
2025-04-08 19:35:18,944 - [MainProcess:91658] mummi_ras.online.cg.cganalysis:processFrame:580 - INFO - Frame:    79, Time: 39500.000 ps, Bbox = [0, 179.98946, 0, 179.98946]
2025-04-08 19:35:18,944 - [MainProcess:91658] mummi_ras.online.cg.cganalysis:processFrame:584 - INFO - Lengths of layers: 668 36 480
2025-04-08 19:35:19,045 - [MainProcess:91658] mummi_ras.online.cg.cganalysis:processFrame:765 - INFO - Time for analysis - frameNum 79, time 0.11252522468566895 s
2025-04-08 19:35:21,046 - [MainProcess:91658] mummi_ras.online.simulation:has_computed_enough:352 - INFO - runtime_hours*0.99 = 0.495 vs delta_time = 0.3770320608218511 (length 39.5 ns) False False
2025-04-08 19:35:21,052 - [MainProcess:91658] mummi_ras.online.cg.cganalysis:processOutput:92 - INFO - Add feedback for frameNum 70 - state []
2025-04-08 19:35:21,053 - [MainProcess:91658] mummi_ras.online.cg.cganalysis:processOutput:92 - INFO - Add feedback for frameNum 71 - state []
2025-04-08 19:35:21,053 - [MainProcess:91658] mummi_ras.online.cg.cganalysis:processOutput:92 - INFO - Add feedback for frameNum 72 - state []
2025-04-08 19:35:21,053 - [MainProcess:91658] mummi_ras.online.cg.cganalysis:processOutput:92 - INFO - Add feedback for frameNum 73 - state []
2025-04-08 19:35:21,053 - [MainProcess:91658] mummi_ras.online.cg.cganalysis:processOutput:92 - INFO - Add feedback for frameNum 74 - state []
2025-04-08 19:35:21,053 - [MainProcess:91658] mummi_ras.online.cg.cganalysis:processOutput:92 - INFO - Add feedback for frameNum 75 - state []
2025-04-08 19:35:21,053 - [MainProcess:91658] mummi_ras.online.cg.cganalysis:processOutput:92 - INFO - Add feedback for frameNum 76 - state []
2025-04-08 19:35:21,053 - [MainProcess:91658] mummi_ras.online.cg.cganalysis:processOutput:92 - INFO - Add feedback for frameNum 77 - state []
2025-04-08 19:35:21,054 - [MainProcess:91658] mummi_ras.online.cg.cganalysis:processOutput:92 - INFO - Add feedback for frameNum 78 - state []
2025-04-08 19:35:21,054 - [MainProcess:91658] mummi_ras.online.cg.cganalysis:processOutput:92 - INFO - Add feedback for frameNum 79 - state []
2025-04-08 19:35:21,069 - [MainProcess:91658] mummi_core.interfaces.simple:_save_files:91 - INFO - Wrote 10 files to (/p/gpfs1/pottier1/minimummi-sc25/roots/root2/feedback-cg2ml/013)
2025-04-08 19:35:21,069 - [MainProcess:91658] mummi_ras.feedback.feedback_manager_cg2ml:report:118 - INFO - Added 10 frames (from structure_iter00_000000000013) to feedback (/p/gpfs1/pottier1/minimummi-sc25/roots/root2/feedback-cg2ml)
2025-04-08 19:35:21,069 - [MainProcess:91658] mummi_ras.online.cg.cganalysis:processOutput:112 - INFO - processOutput: 79
2025-04-08 19:35:21,069 - [MainProcess:91658] mummi_ras.online.cg.cganalysis:copyRemoteRestart:452 - INFO - Copy to remote frames [70, 71, 72, 73, 74, 75, 76, 77, 78, 79]
2025-04-08 19:35:21,235 - [MainProcess:91658] mummi_core.utils.utilities:sys_call:184 - INFO - Run command: rsync -va --no-g traj_comp.xtc topol.tpr state.cpt ener.edr md.log mdrun.log /p/gpfs1/pottier1/minimummi-sc25/roots/root2/sims-cg/structure_iter00_000000000013 || true
2025-04-08 19:35:21,676 - [MainProcess:91658] mummi_ras.interfaces.mummi:save_analysis_data:253 - INFO - Saved all analysis data for frames [70, 71, 72, 73, 74, 75, 76, 77, 78, 79]
2025-04-08 19:35:21,676 - [MainProcess:91658] mummi_ras.online.cg.cganalysis:copyRemoteLogs:350 - INFO - Copy over log files
2025-04-08 19:35:21,719 - [MainProcess:91658] mummi_core.utils.utilities:sys_call:184 - INFO - Run command: cp -r  /tmp/mummi/cg/structure_iter00_000000000013-20250408_191226/cg_analysis.out /tmp/mummi/cg/structure_iter00_000000000013-20250408_191226/traj_comp.xtc /tmp/mummi/cg/structure_iter00_000000000013-20250408_191226/*.log /p/gpfs1/pottier1/minimummi-sc25/roots/root2/sims-cg/structure_iter00_000000000013/ || true
2025-04-08 19:35:21,719 - [MainProcess:91658] mummi_ras.online.cg.cganalysis:copyRemoteLogs:365 - INFO - copyRemoteLogs =  /tmp/mummi/cg/structure_iter00_000000000013-20250408_191226/cg_analysis.out /tmp/mummi/cg/structure_iter00_000000000013-20250408_191226/traj_comp.xtc /tmp/mummi/cg/structure_iter00_000000000013-20250408_191226/*.log
2025-04-08 19:35:21,719 - [MainProcess:91658] mummi_ras.online.cg.cganalysis:cleanupLocal:375 - WARNING - Copy cleanup local only works for ddcMD files
2025-04-08 19:35:23,720 - [MainProcess:91658] mummi_ras.online.simulation:has_computed_enough:352 - INFO - runtime_hours*0.99 = 0.495 vs delta_time = 0.3777747524446911 (length 39.5 ns) False False
2025-04-08 19:35:25,726 - [MainProcess:91658] mummi_ras.online.simulation:has_computed_enough:352 - INFO - runtime_hours*0.99 = 0.495 vs delta_time = 0.37833206150266857 (length 39.5 ns) False False
2025-04-08 19:35:27,732 - [MainProcess:91658] mummi_ras.online.simulation:has_computed_enough:352 - INFO - runtime_hours*0.99 = 0.495 vs delta_time = 0.37888936155372194 (length 39.5 ns) False False
2025-04-08 19:35:29,738 - [MainProcess:91658] mummi_ras.online.simulation:has_computed_enough:352 - INFO - runtime_hours*0.99 = 0.495 vs delta_time = 0.3794466218021181 (length 39.5 ns) False False
2025-04-08 19:35:31,745 - [MainProcess:91658] mummi_ras.online.simulation:has_computed_enough:352 - INFO - runtime_hours*0.99 = 0.495 vs delta_time = 0.3800038848982917 (length 39.5 ns) False False
2025-04-08 19:35:33,751 - [MainProcess:91658] mummi_ras.online.simulation:has_computed_enough:352 - INFO - runtime_hours*0.99 = 0.495 vs delta_time = 0.38056113680203757 (length 39.5 ns) False False
2025-04-08 19:35:35,757 - [MainProcess:91658] mummi_ras.online.simulation:has_computed_enough:352 - INFO - runtime_hours*0.99 = 0.495 vs delta_time = 0.3811184054613113 (length 39.5 ns) False False
2025-04-08 19:35:35,810 - [MainProcess:91658] mummi_ras.online.simulation:get_new_frames:399 - INFO - Getting all frame numbers in trajectory from 80 to 80.
2025-04-08 19:35:35,810 - [MainProcess:91658] mummi_ras.online.cg.cganalysis:run_main_analysis:193 - INFO - Process frame 80
2025-04-08 19:35:35,810 - [MainProcess:91658] mummi_ras.online.cg.cganalysis:processFrame:554 - INFO - Load 81 frames: current frame ID /tmp/mummi/cg/structure_iter00_000000000013-20250408_191226/traj_comp.xtc
2025-04-08 19:35:35,821 - [MainProcess:91658] mummi_ras.online.cg.cganalysis:processFrame:580 - INFO - Frame:    80, Time: 40000.000 ps, Bbox = [0, 180.99634, 0, 180.99634]
2025-04-08 19:35:35,821 - [MainProcess:91658] mummi_ras.online.cg.cganalysis:processFrame:584 - INFO - Lengths of layers: 669 38 477
2025-04-08 19:35:35,924 - [MainProcess:91658] mummi_ras.online.cg.cganalysis:processFrame:765 - INFO - Time for analysis - frameNum 80, time 0.11339926719665527 s
2025-04-08 19:35:37,924 - [MainProcess:91658] mummi_ras.online.simulation:has_computed_enough:352 - INFO - runtime_hours*0.99 = 0.495 vs delta_time = 0.3817204550239775 (length 40.0 ns) False False
2025-04-08 19:35:39,931 - [MainProcess:91658] mummi_ras.online.simulation:has_computed_enough:352 - INFO - runtime_hours*0.99 = 0.495 vs delta_time = 0.38227779150009156 (length 40.0 ns) False False
2025-04-08 19:35:41,937 - [MainProcess:91658] mummi_ras.online.simulation:has_computed_enough:352 - INFO - runtime_hours*0.99 = 0.495 vs delta_time = 0.38283506194750466 (length 40.0 ns) False False
2025-04-08 19:35:43,943 - [MainProcess:91658] mummi_ras.online.simulation:has_computed_enough:352 - INFO - runtime_hours*0.99 = 0.495 vs delta_time = 0.3833923366996977 (length 40.0 ns) False False
2025-04-08 19:35:45,949 - [MainProcess:91658] mummi_ras.online.simulation:has_computed_enough:352 - INFO - runtime_hours*0.99 = 0.495 vs delta_time = 0.38394960946506923 (length 40.0 ns) False False
2025-04-08 19:35:47,955 - [MainProcess:91658] mummi_ras.online.simulation:has_computed_enough:352 - INFO - runtime_hours*0.99 = 0.495 vs delta_time = 0.38450690706570945 (length 40.0 ns) False False
2025-04-08 19:35:49,962 - [MainProcess:91658] mummi_ras.online.simulation:has_computed_enough:352 - INFO - runtime_hours*0.99 = 0.495 vs delta_time = 0.3850641613536411 (length 40.0 ns) False False
2025-04-08 19:35:51,968 - [MainProcess:91658] mummi_ras.online.simulation:has_computed_enough:352 - INFO - runtime_hours*0.99 = 0.495 vs delta_time = 0.38562141391966076 (length 40.0 ns) False False
2025-04-08 19:35:53,974 - [MainProcess:91658] mummi_ras.online.simulation:has_computed_enough:352 - INFO - runtime_hours*0.99 = 0.495 vs delta_time = 0.38617868887053597 (length 40.0 ns) False False
2025-04-08 19:35:54,167 - [MainProcess:91658] mummi_ras.online.simulation:get_new_frames:399 - INFO - Getting all frame numbers in trajectory from 81 to 81.
2025-04-08 19:35:54,167 - [MainProcess:91658] mummi_ras.online.cg.cganalysis:run_main_analysis:193 - INFO - Process frame 81
2025-04-08 19:35:54,167 - [MainProcess:91658] mummi_ras.online.cg.cganalysis:processFrame:554 - INFO - Load 82 frames: current frame ID /tmp/mummi/cg/structure_iter00_000000000013-20250408_191226/traj_comp.xtc
2025-04-08 19:35:54,178 - [MainProcess:91658] mummi_ras.online.cg.cganalysis:processFrame:580 - INFO - Frame:    81, Time: 40500.000 ps, Bbox = [0, 180.67676, 0, 180.67676]
2025-04-08 19:35:54,178 - [MainProcess:91658] mummi_ras.online.cg.cganalysis:processFrame:584 - INFO - Lengths of layers: 669 38 477
2025-04-08 19:35:54,282 - [MainProcess:91658] mummi_ras.online.cg.cganalysis:processFrame:765 - INFO - Time for analysis - frameNum 81, time 0.11533021926879883 s
2025-04-08 19:35:56,283 - [MainProcess:91658] mummi_ras.online.simulation:has_computed_enough:352 - INFO - runtime_hours*0.99 = 0.495 vs delta_time = 0.38682007531325024 (length 40.5 ns) False False
2025-04-08 19:35:58,289 - [MainProcess:91658] mummi_ras.online.simulation:has_computed_enough:352 - INFO - runtime_hours*0.99 = 0.495 vs delta_time = 0.387377390993966 (length 40.5 ns) False False
2025-04-08 19:36:00,295 - [MainProcess:91658] mummi_ras.online.simulation:has_computed_enough:352 - INFO - runtime_hours*0.99 = 0.495 vs delta_time = 0.3879346685939365 (length 40.5 ns) False False
2025-04-08 19:36:02,302 - [MainProcess:91658] mummi_ras.online.simulation:has_computed_enough:352 - INFO - runtime_hours*0.99 = 0.495 vs delta_time = 0.38849196712176004 (length 40.5 ns) False False
2025-04-08 19:36:04,308 - [MainProcess:91658] mummi_ras.online.simulation:has_computed_enough:352 - INFO - runtime_hours*0.99 = 0.495 vs delta_time = 0.38904922359519534 (length 40.5 ns) False False
2025-04-08 19:36:06,314 - [MainProcess:91658] mummi_ras.online.simulation:has_computed_enough:352 - INFO - runtime_hours*0.99 = 0.495 vs delta_time = 0.38960647549894123 (length 40.5 ns) False False
2025-04-08 19:36:08,320 - [MainProcess:91658] mummi_ras.online.simulation:has_computed_enough:352 - INFO - runtime_hours*0.99 = 0.495 vs delta_time = 0.3901637243562274 (length 40.5 ns) False False
2025-04-08 19:36:10,326 - [MainProcess:91658] mummi_ras.online.simulation:has_computed_enough:352 - INFO - runtime_hours*0.99 = 0.495 vs delta_time = 0.3907209904326333 (length 40.5 ns) False False
2025-04-08 19:36:10,421 - [MainProcess:91658] mummi_ras.online.simulation:get_new_frames:399 - INFO - Getting all frame numbers in trajectory from 82 to 82.
2025-04-08 19:36:10,421 - [MainProcess:91658] mummi_ras.online.cg.cganalysis:run_main_analysis:193 - INFO - Process frame 82
2025-04-08 19:36:10,421 - [MainProcess:91658] mummi_ras.online.cg.cganalysis:processFrame:554 - INFO - Load 83 frames: current frame ID /tmp/mummi/cg/structure_iter00_000000000013-20250408_191226/traj_comp.xtc
2025-04-08 19:36:10,432 - [MainProcess:91658] mummi_ras.online.cg.cganalysis:processFrame:580 - INFO - Frame:    82, Time: 41000.000 ps, Bbox = [0, 180.15334, 0, 180.15334]
2025-04-08 19:36:10,432 - [MainProcess:91658] mummi_ras.online.cg.cganalysis:processFrame:584 - INFO - Lengths of layers: 669 32 483
2025-04-08 19:36:10,534 - [MainProcess:91658] mummi_ras.online.cg.cganalysis:processFrame:765 - INFO - Time for analysis - frameNum 82, time 0.11275458335876465 s
2025-04-08 19:36:12,534 - [MainProcess:91658] mummi_ras.online.simulation:has_computed_enough:352 - INFO - runtime_hours*0.99 = 0.495 vs delta_time = 0.3913343958722221 (length 41.0 ns) False False
2025-04-08 19:36:14,541 - [MainProcess:91658] mummi_ras.online.simulation:has_computed_enough:352 - INFO - runtime_hours*0.99 = 0.495 vs delta_time = 0.3918917475806342 (length 41.0 ns) False False
2025-04-08 19:36:16,547 - [MainProcess:91658] mummi_ras.online.simulation:has_computed_enough:352 - INFO - runtime_hours*0.99 = 0.495 vs delta_time = 0.39244901021321615 (length 41.0 ns) False False
2025-04-08 19:36:18,553 - [MainProcess:91658] mummi_ras.online.simulation:has_computed_enough:352 - INFO - runtime_hours*0.99 = 0.495 vs delta_time = 0.39300627721680537 (length 41.0 ns) False False
2025-04-08 19:36:20,559 - [MainProcess:91658] mummi_ras.online.simulation:has_computed_enough:352 - INFO - runtime_hours*0.99 = 0.495 vs delta_time = 0.39356352852450477 (length 41.0 ns) False False
2025-04-08 19:36:22,566 - [MainProcess:91658] mummi_ras.online.simulation:has_computed_enough:352 - INFO - runtime_hours*0.99 = 0.495 vs delta_time = 0.39412082460191517 (length 41.0 ns) False False
2025-04-08 19:36:24,572 - [MainProcess:91658] mummi_ras.online.simulation:has_computed_enough:352 - INFO - runtime_hours*0.99 = 0.495 vs delta_time = 0.39467807471752164 (length 41.0 ns) False False
2025-04-08 19:36:26,578 - [MainProcess:91658] mummi_ras.online.simulation:has_computed_enough:352 - INFO - runtime_hours*0.99 = 0.495 vs delta_time = 0.395235337416331 (length 41.0 ns) False False
2025-04-08 19:36:28,584 - [MainProcess:91658] mummi_ras.online.simulation:has_computed_enough:352 - INFO - runtime_hours*0.99 = 0.495 vs delta_time = 0.395792596605089 (length 41.0 ns) False False
2025-04-08 19:36:28,637 - [MainProcess:91658] mummi_ras.online.simulation:get_new_frames:399 - INFO - Getting all frame numbers in trajectory from 83 to 83.
2025-04-08 19:36:28,637 - [MainProcess:91658] mummi_ras.online.cg.cganalysis:run_main_analysis:193 - INFO - Process frame 83
2025-04-08 19:36:28,637 - [MainProcess:91658] mummi_ras.online.cg.cganalysis:processFrame:554 - INFO - Load 84 frames: current frame ID /tmp/mummi/cg/structure_iter00_000000000013-20250408_191226/traj_comp.xtc
2025-04-08 19:36:28,648 - [MainProcess:91658] mummi_ras.online.cg.cganalysis:processFrame:580 - INFO - Frame:    83, Time: 41500.000 ps, Bbox = [0, 182.00218, 0, 182.00218]
2025-04-08 19:36:28,648 - [MainProcess:91658] mummi_ras.online.cg.cganalysis:processFrame:584 - INFO - Lengths of layers: 667 32 485
2025-04-08 19:36:28,750 - [MainProcess:91658] mummi_ras.online.cg.cganalysis:processFrame:765 - INFO - Time for analysis - frameNum 83, time 0.11278653144836426 s
2025-04-08 19:36:30,751 - [MainProcess:91658] mummi_ras.online.simulation:has_computed_enough:352 - INFO - runtime_hours*0.99 = 0.495 vs delta_time = 0.3963944366905424 (length 41.5 ns) False False
2025-04-08 19:36:32,757 - [MainProcess:91658] mummi_ras.online.simulation:has_computed_enough:352 - INFO - runtime_hours*0.99 = 0.495 vs delta_time = 0.3969517762793435 (length 41.5 ns) False False
2025-04-08 19:36:34,763 - [MainProcess:91658] mummi_ras.online.simulation:has_computed_enough:352 - INFO - runtime_hours*0.99 = 0.495 vs delta_time = 0.3975090362628301 (length 41.5 ns) False False
2025-04-08 19:36:36,769 - [MainProcess:91658] mummi_ras.online.simulation:has_computed_enough:352 - INFO - runtime_hours*0.99 = 0.495 vs delta_time = 0.3980662941270404 (length 41.5 ns) False False
2025-04-08 19:36:38,775 - [MainProcess:91658] mummi_ras.online.simulation:has_computed_enough:352 - INFO - runtime_hours*0.99 = 0.495 vs delta_time = 0.3986235189437866 (length 41.5 ns) False False
2025-04-08 19:36:40,781 - [MainProcess:91658] mummi_ras.online.simulation:has_computed_enough:352 - INFO - runtime_hours*0.99 = 0.495 vs delta_time = 0.3991807942920261 (length 41.5 ns) False False
2025-04-08 19:36:42,788 - [MainProcess:91658] mummi_ras.online.simulation:has_computed_enough:352 - INFO - runtime_hours*0.99 = 0.495 vs delta_time = 0.39973804897732207 (length 41.5 ns) False False
2025-04-08 19:36:44,794 - [MainProcess:91658] mummi_ras.online.simulation:has_computed_enough:352 - INFO - runtime_hours*0.99 = 0.495 vs delta_time = 0.40029529293378197 (length 41.5 ns) False False
2025-04-08 19:36:44,848 - [MainProcess:91658] mummi_ras.online.simulation:get_new_frames:399 - INFO - Getting all frame numbers in trajectory from 84 to 84.
2025-04-08 19:36:44,848 - [MainProcess:91658] mummi_ras.online.cg.cganalysis:run_main_analysis:193 - INFO - Process frame 84
2025-04-08 19:36:44,848 - [MainProcess:91658] mummi_ras.online.cg.cganalysis:processFrame:554 - INFO - Load 85 frames: current frame ID /tmp/mummi/cg/structure_iter00_000000000013-20250408_191226/traj_comp.xtc
2025-04-08 19:36:44,859 - [MainProcess:91658] mummi_ras.online.cg.cganalysis:processFrame:580 - INFO - Frame:    84, Time: 42000.000 ps, Bbox = [0, 180.57906, 0, 180.57906]
2025-04-08 19:36:44,860 - [MainProcess:91658] mummi_ras.online.cg.cganalysis:processFrame:584 - INFO - Lengths of layers: 668 37 479
2025-04-08 19:36:44,961 - [MainProcess:91658] mummi_ras.online.cg.cganalysis:processFrame:765 - INFO - Time for analysis - frameNum 84, time 0.11295819282531738 s
2025-04-08 19:36:46,962 - [MainProcess:91658] mummi_ras.online.simulation:has_computed_enough:352 - INFO - runtime_hours*0.99 = 0.495 vs delta_time = 0.40089754952324763 (length 42.0 ns) False False
2025-04-08 19:36:48,968 - [MainProcess:91658] mummi_ras.online.simulation:has_computed_enough:352 - INFO - runtime_hours*0.99 = 0.495 vs delta_time = 0.40145490633116826 (length 42.0 ns) False False
2025-04-08 19:36:50,974 - [MainProcess:91658] mummi_ras.online.simulation:has_computed_enough:352 - INFO - runtime_hours*0.99 = 0.495 vs delta_time = 0.4020121743943956 (length 42.0 ns) False False
2025-04-08 19:36:52,981 - [MainProcess:91658] mummi_ras.online.simulation:has_computed_enough:352 - INFO - runtime_hours*0.99 = 0.495 vs delta_time = 0.4025694213973151 (length 42.0 ns) False False
2025-04-08 19:36:54,987 - [MainProcess:91658] mummi_ras.online.simulation:has_computed_enough:352 - INFO - runtime_hours*0.99 = 0.495 vs delta_time = 0.403126721183459 (length 42.0 ns) False False
2025-04-08 19:36:56,993 - [MainProcess:91658] mummi_ras.online.simulation:has_computed_enough:352 - INFO - runtime_hours*0.99 = 0.495 vs delta_time = 0.40368398679627315 (length 42.0 ns) False False
2025-04-08 19:36:58,999 - [MainProcess:91658] mummi_ras.online.simulation:has_computed_enough:352 - INFO - runtime_hours*0.99 = 0.495 vs delta_time = 0.40424126479360795 (length 42.0 ns) False False
2025-04-08 19:37:01,005 - [MainProcess:91658] mummi_ras.online.simulation:has_computed_enough:352 - INFO - runtime_hours*0.99 = 0.495 vs delta_time = 0.4047985310686959 (length 42.0 ns) False False
2025-04-08 19:37:03,011 - [MainProcess:91658] mummi_ras.online.simulation:has_computed_enough:352 - INFO - runtime_hours*0.99 = 0.495 vs delta_time = 0.40535577125019495 (length 42.0 ns) False False
2025-04-08 19:37:03,199 - [MainProcess:91658] mummi_ras.online.simulation:get_new_frames:399 - INFO - Getting all frame numbers in trajectory from 85 to 85.
2025-04-08 19:37:03,199 - [MainProcess:91658] mummi_ras.online.cg.cganalysis:run_main_analysis:193 - INFO - Process frame 85
2025-04-08 19:37:03,199 - [MainProcess:91658] mummi_ras.online.cg.cganalysis:processFrame:554 - INFO - Load 86 frames: current frame ID /tmp/mummi/cg/structure_iter00_000000000013-20250408_191226/traj_comp.xtc
2025-04-08 19:37:03,210 - [MainProcess:91658] mummi_ras.online.cg.cganalysis:processFrame:580 - INFO - Frame:    85, Time: 42500.000 ps, Bbox = [0, 180.6354, 0, 180.6354]
2025-04-08 19:37:03,210 - [MainProcess:91658] mummi_ras.online.cg.cganalysis:processFrame:584 - INFO - Lengths of layers: 665 42 477
2025-04-08 19:37:03,311 - [MainProcess:91658] mummi_ras.online.cg.cganalysis:processFrame:765 - INFO - Time for analysis - frameNum 85, time 0.11247014999389648 s
2025-04-08 19:37:05,312 - [MainProcess:91658] mummi_ras.online.simulation:has_computed_enough:352 - INFO - runtime_hours*0.99 = 0.495 vs delta_time = 0.40599481463432313 (length 42.5 ns) False False
2025-04-08 19:37:07,318 - [MainProcess:91658] mummi_ras.online.simulation:has_computed_enough:352 - INFO - runtime_hours*0.99 = 0.495 vs delta_time = 0.4065521334939533 (length 42.5 ns) False False
2025-04-08 19:37:09,325 - [MainProcess:91658] mummi_ras.online.simulation:has_computed_enough:352 - INFO - runtime_hours*0.99 = 0.495 vs delta_time = 0.4071094151337942 (length 42.5 ns) False False
2025-04-08 19:37:11,331 - [MainProcess:91658] mummi_ras.online.simulation:has_computed_enough:352 - INFO - runtime_hours*0.99 = 0.495 vs delta_time = 0.40766665425565507 (length 42.5 ns) False False
2025-04-08 19:37:13,337 - [MainProcess:91658] mummi_ras.online.simulation:has_computed_enough:352 - INFO - runtime_hours*0.99 = 0.495 vs delta_time = 0.40822390668922 (length 42.5 ns) False False
2025-04-08 19:37:15,343 - [MainProcess:91658] mummi_ras.online.simulation:has_computed_enough:352 - INFO - runtime_hours*0.99 = 0.495 vs delta_time = 0.4087811812427309 (length 42.5 ns) False False
2025-04-08 19:37:17,349 - [MainProcess:91658] mummi_ras.online.simulation:has_computed_enough:352 - INFO - runtime_hours*0.99 = 0.495 vs delta_time = 0.4093384431468116 (length 42.5 ns) False False
2025-04-08 19:37:19,355 - [MainProcess:91658] mummi_ras.online.simulation:has_computed_enough:352 - INFO - runtime_hours*0.99 = 0.495 vs delta_time = 0.40989570127593145 (length 42.5 ns) False False
2025-04-08 19:37:19,449 - [MainProcess:91658] mummi_ras.online.simulation:get_new_frames:399 - INFO - Getting all frame numbers in trajectory from 86 to 86.
2025-04-08 19:37:19,449 - [MainProcess:91658] mummi_ras.online.cg.cganalysis:run_main_analysis:193 - INFO - Process frame 86
2025-04-08 19:37:19,449 - [MainProcess:91658] mummi_ras.online.cg.cganalysis:processFrame:554 - INFO - Load 87 frames: current frame ID /tmp/mummi/cg/structure_iter00_000000000013-20250408_191226/traj_comp.xtc
2025-04-08 19:37:19,460 - [MainProcess:91658] mummi_ras.online.cg.cganalysis:processFrame:580 - INFO - Frame:    86, Time: 43000.000 ps, Bbox = [0, 181.21432, 0, 181.21432]
2025-04-08 19:37:19,461 - [MainProcess:91658] mummi_ras.online.cg.cganalysis:processFrame:584 - INFO - Lengths of layers: 669 39 476
2025-04-08 19:37:19,563 - [MainProcess:91658] mummi_ras.online.cg.cganalysis:processFrame:765 - INFO - Time for analysis - frameNum 86, time 0.11315321922302246 s
2025-04-08 19:37:21,563 - [MainProcess:91658] mummi_ras.online.simulation:has_computed_enough:352 - INFO - runtime_hours*0.99 = 0.495 vs delta_time = 0.41050906121730807 (length 43.0 ns) False False
2025-04-08 19:37:23,570 - [MainProcess:91658] mummi_ras.online.simulation:has_computed_enough:352 - INFO - runtime_hours*0.99 = 0.495 vs delta_time = 0.4110663671625985 (length 43.0 ns) False False
2025-04-08 19:37:25,576 - [MainProcess:91658] mummi_ras.online.simulation:has_computed_enough:352 - INFO - runtime_hours*0.99 = 0.495 vs delta_time = 0.41162364866998463 (length 43.0 ns) False False
2025-04-08 19:37:27,582 - [MainProcess:91658] mummi_ras.online.simulation:has_computed_enough:352 - INFO - runtime_hours*0.99 = 0.495 vs delta_time = 0.4121809230910407 (length 43.0 ns) False False
2025-04-08 19:37:29,588 - [MainProcess:91658] mummi_ras.online.simulation:has_computed_enough:352 - INFO - runtime_hours*0.99 = 0.495 vs delta_time = 0.41273817393514844 (length 43.0 ns) False False
2025-04-08 19:37:31,594 - [MainProcess:91658] mummi_ras.online.simulation:has_computed_enough:352 - INFO - runtime_hours*0.99 = 0.495 vs delta_time = 0.4132953878906038 (length 43.0 ns) False False
2025-04-08 19:37:33,600 - [MainProcess:91658] mummi_ras.online.simulation:has_computed_enough:352 - INFO - runtime_hours*0.99 = 0.495 vs delta_time = 0.41385266019238365 (length 43.0 ns) False False
2025-04-08 19:37:35,606 - [MainProcess:91658] mummi_ras.online.simulation:has_computed_enough:352 - INFO - runtime_hours*0.99 = 0.495 vs delta_time = 0.41440990103615655 (length 43.0 ns) False False
2025-04-08 19:37:35,659 - [MainProcess:91658] mummi_ras.online.simulation:get_new_frames:399 - INFO - Getting all frame numbers in trajectory from 87 to 87.
2025-04-08 19:37:35,659 - [MainProcess:91658] mummi_ras.online.cg.cganalysis:run_main_analysis:193 - INFO - Process frame 87
2025-04-08 19:37:35,659 - [MainProcess:91658] mummi_ras.online.cg.cganalysis:processFrame:554 - INFO - Load 88 frames: current frame ID /tmp/mummi/cg/structure_iter00_000000000013-20250408_191226/traj_comp.xtc
2025-04-08 19:37:35,670 - [MainProcess:91658] mummi_ras.online.cg.cganalysis:processFrame:580 - INFO - Frame:    87, Time: 43500.000 ps, Bbox = [0, 180.53412, 0, 180.53412]
2025-04-08 19:37:35,671 - [MainProcess:91658] mummi_ras.online.cg.cganalysis:processFrame:584 - INFO - Lengths of layers: 670 35 479
2025-04-08 19:37:35,772 - [MainProcess:91658] mummi_ras.online.cg.cganalysis:processFrame:765 - INFO - Time for analysis - frameNum 87, time 0.11266160011291504 s
2025-04-08 19:37:37,773 - [MainProcess:91658] mummi_ras.online.simulation:has_computed_enough:352 - INFO - runtime_hours*0.99 = 0.495 vs delta_time = 0.41501170112027064 (length 43.5 ns) False False
2025-04-08 19:37:39,779 - [MainProcess:91658] mummi_ras.online.simulation:has_computed_enough:352 - INFO - runtime_hours*0.99 = 0.495 vs delta_time = 0.4155690235561795 (length 43.5 ns) False False
2025-04-08 19:37:41,785 - [MainProcess:91658] mummi_ras.online.simulation:has_computed_enough:352 - INFO - runtime_hours*0.99 = 0.495 vs delta_time = 0.4161262747314241 (length 43.5 ns) False False
2025-04-08 19:37:43,791 - [MainProcess:91658] mummi_ras.online.simulation:has_computed_enough:352 - INFO - runtime_hours*0.99 = 0.495 vs delta_time = 0.41668356464968787 (length 43.5 ns) False False
2025-04-08 19:37:45,798 - [MainProcess:91658] mummi_ras.online.simulation:has_computed_enough:352 - INFO - runtime_hours*0.99 = 0.495 vs delta_time = 0.4172408198648029 (length 43.5 ns) False False
2025-04-08 19:37:47,804 - [MainProcess:91658] mummi_ras.online.simulation:has_computed_enough:352 - INFO - runtime_hours*0.99 = 0.495 vs delta_time = 0.4177980836232503 (length 43.5 ns) False False
2025-04-08 19:37:49,810 - [MainProcess:91658] mummi_ras.online.simulation:has_computed_enough:352 - INFO - runtime_hours*0.99 = 0.495 vs delta_time = 0.41835533062616986 (length 43.5 ns) False False
2025-04-08 19:37:51,816 - [MainProcess:91658] mummi_ras.online.simulation:has_computed_enough:352 - INFO - runtime_hours*0.99 = 0.495 vs delta_time = 0.4189126125971476 (length 43.5 ns) False False
2025-04-08 19:37:53,822 - [MainProcess:91658] mummi_ras.online.simulation:has_computed_enough:352 - INFO - runtime_hours*0.99 = 0.495 vs delta_time = 0.41946990079349944 (length 43.5 ns) False False
2025-04-08 19:37:53,876 - [MainProcess:91658] mummi_ras.online.simulation:get_new_frames:399 - INFO - Getting all frame numbers in trajectory from 88 to 88.
2025-04-08 19:37:53,877 - [MainProcess:91658] mummi_ras.online.cg.cganalysis:run_main_analysis:193 - INFO - Process frame 88
2025-04-08 19:37:53,877 - [MainProcess:91658] mummi_ras.online.cg.cganalysis:processFrame:554 - INFO - Load 89 frames: current frame ID /tmp/mummi/cg/structure_iter00_000000000013-20250408_191226/traj_comp.xtc
2025-04-08 19:37:53,888 - [MainProcess:91658] mummi_ras.online.cg.cganalysis:processFrame:580 - INFO - Frame:    88, Time: 44000.000 ps, Bbox = [0, 182.15723, 0, 182.15723]
2025-04-08 19:37:53,888 - [MainProcess:91658] mummi_ras.online.cg.cganalysis:processFrame:584 - INFO - Lengths of layers: 669 36 479
2025-04-08 19:37:53,989 - [MainProcess:91658] mummi_ras.online.cg.cganalysis:processFrame:765 - INFO - Time for analysis - frameNum 88, time 0.11259865760803223 s
2025-04-08 19:37:55,990 - [MainProcess:91658] mummi_ras.online.simulation:has_computed_enough:352 - INFO - runtime_hours*0.99 = 0.495 vs delta_time = 0.4200720139344533 (length 44.0 ns) False False
2025-04-08 19:37:57,996 - [MainProcess:91658] mummi_ras.online.simulation:has_computed_enough:352 - INFO - runtime_hours*0.99 = 0.495 vs delta_time = 0.42062933729754554 (length 44.0 ns) False False
2025-04-08 19:38:00,002 - [MainProcess:91658] mummi_ras.online.simulation:has_computed_enough:352 - INFO - runtime_hours*0.99 = 0.495 vs delta_time = 0.4211866018507216 (length 44.0 ns) False False
2025-04-08 19:38:02,008 - [MainProcess:91658] mummi_ras.online.simulation:has_computed_enough:352 - INFO - runtime_hours*0.99 = 0.495 vs delta_time = 0.4217438405752182 (length 44.0 ns) False False
2025-04-08 19:38:04,015 - [MainProcess:91658] mummi_ras.online.simulation:has_computed_enough:352 - INFO - runtime_hours*0.99 = 0.495 vs delta_time = 0.42230113552676307 (length 44.0 ns) False False
2025-04-08 19:38:06,021 - [MainProcess:91658] mummi_ras.online.simulation:has_computed_enough:352 - INFO - runtime_hours*0.99 = 0.495 vs delta_time = 0.4228583957089318 (length 44.0 ns) False False
2025-04-08 19:38:08,027 - [MainProcess:91658] mummi_ras.online.simulation:has_computed_enough:352 - INFO - runtime_hours*0.99 = 0.495 vs delta_time = 0.4234156533082326 (length 44.0 ns) False False
2025-04-08 19:38:10,033 - [MainProcess:91658] mummi_ras.online.simulation:has_computed_enough:352 - INFO - runtime_hours*0.99 = 0.495 vs delta_time = 0.4239729164706336 (length 44.0 ns) False False
2025-04-08 19:38:10,219 - [MainProcess:91658] mummi_ras.online.simulation:get_new_frames:399 - INFO - Getting all frame numbers in trajectory from 89 to 89.
2025-04-08 19:38:10,219 - [MainProcess:91658] mummi_ras.online.cg.cganalysis:run_main_analysis:193 - INFO - Process frame 89
2025-04-08 19:38:10,219 - [MainProcess:91658] mummi_ras.online.cg.cganalysis:processFrame:554 - INFO - Load 90 frames: current frame ID /tmp/mummi/cg/structure_iter00_000000000013-20250408_191226/traj_comp.xtc
2025-04-08 19:38:10,230 - [MainProcess:91658] mummi_ras.online.cg.cganalysis:processFrame:580 - INFO - Frame:    89, Time: 44500.000 ps, Bbox = [0, 181.08374, 0, 181.08374]
2025-04-08 19:38:10,230 - [MainProcess:91658] mummi_ras.online.cg.cganalysis:processFrame:584 - INFO - Lengths of layers: 673 31 480
2025-04-08 19:38:10,332 - [MainProcess:91658] mummi_ras.online.cg.cganalysis:processFrame:765 - INFO - Time for analysis - frameNum 89, time 0.11267662048339844 s
2025-04-08 19:38:12,332 - [MainProcess:91658] mummi_ras.online.simulation:has_computed_enough:352 - INFO - runtime_hours*0.99 = 0.495 vs delta_time = 0.42461156328519184 (length 44.5 ns) False False
2025-04-08 19:38:12,339 - [MainProcess:91658] mummi_ras.online.cg.cganalysis:processOutput:92 - INFO - Add feedback for frameNum 80 - state []
2025-04-08 19:38:12,339 - [MainProcess:91658] mummi_ras.online.cg.cganalysis:processOutput:92 - INFO - Add feedback for frameNum 81 - state []
2025-04-08 19:38:12,339 - [MainProcess:91658] mummi_ras.online.cg.cganalysis:processOutput:92 - INFO - Add feedback for frameNum 82 - state []
2025-04-08 19:38:12,339 - [MainProcess:91658] mummi_ras.online.cg.cganalysis:processOutput:92 - INFO - Add feedback for frameNum 83 - state []
2025-04-08 19:38:12,339 - [MainProcess:91658] mummi_ras.online.cg.cganalysis:processOutput:92 - INFO - Add feedback for frameNum 84 - state []
2025-04-08 19:38:12,339 - [MainProcess:91658] mummi_ras.online.cg.cganalysis:processOutput:92 - INFO - Add feedback for frameNum 85 - state []
2025-04-08 19:38:12,339 - [MainProcess:91658] mummi_ras.online.cg.cganalysis:processOutput:92 - INFO - Add feedback for frameNum 86 - state []
2025-04-08 19:38:12,340 - [MainProcess:91658] mummi_ras.online.cg.cganalysis:processOutput:92 - INFO - Add feedback for frameNum 87 - state []
2025-04-08 19:38:12,340 - [MainProcess:91658] mummi_ras.online.cg.cganalysis:processOutput:92 - INFO - Add feedback for frameNum 88 - state []
2025-04-08 19:38:12,340 - [MainProcess:91658] mummi_ras.online.cg.cganalysis:processOutput:92 - INFO - Add feedback for frameNum 89 - state []
2025-04-08 19:38:12,355 - [MainProcess:91658] mummi_core.interfaces.simple:_save_files:91 - INFO - Wrote 10 files to (/p/gpfs1/pottier1/minimummi-sc25/roots/root2/feedback-cg2ml/013)
2025-04-08 19:38:12,355 - [MainProcess:91658] mummi_ras.feedback.feedback_manager_cg2ml:report:118 - INFO - Added 10 frames (from structure_iter00_000000000013) to feedback (/p/gpfs1/pottier1/minimummi-sc25/roots/root2/feedback-cg2ml)
2025-04-08 19:38:12,355 - [MainProcess:91658] mummi_ras.online.cg.cganalysis:processOutput:112 - INFO - processOutput: 89
2025-04-08 19:38:12,355 - [MainProcess:91658] mummi_ras.online.cg.cganalysis:copyRemoteRestart:452 - INFO - Copy to remote frames [80, 81, 82, 83, 84, 85, 86, 87, 88, 89]
2025-04-08 19:38:12,533 - [MainProcess:91658] mummi_core.utils.utilities:sys_call:184 - INFO - Run command: rsync -va --no-g traj_comp.xtc topol.tpr state.cpt ener.edr md.log mdrun.log /p/gpfs1/pottier1/minimummi-sc25/roots/root2/sims-cg/structure_iter00_000000000013 || true
2025-04-08 19:38:12,992 - [MainProcess:91658] mummi_ras.interfaces.mummi:save_analysis_data:253 - INFO - Saved all analysis data for frames [80, 81, 82, 83, 84, 85, 86, 87, 88, 89]
2025-04-08 19:38:12,992 - [MainProcess:91658] mummi_ras.online.cg.cganalysis:copyRemoteLogs:350 - INFO - Copy over log files
2025-04-08 19:38:13,036 - [MainProcess:91658] mummi_core.utils.utilities:sys_call:184 - INFO - Run command: cp -r  /tmp/mummi/cg/structure_iter00_000000000013-20250408_191226/cg_analysis.out /tmp/mummi/cg/structure_iter00_000000000013-20250408_191226/traj_comp.xtc /tmp/mummi/cg/structure_iter00_000000000013-20250408_191226/*.log /p/gpfs1/pottier1/minimummi-sc25/roots/root2/sims-cg/structure_iter00_000000000013/ || true
2025-04-08 19:38:13,036 - [MainProcess:91658] mummi_ras.online.cg.cganalysis:copyRemoteLogs:365 - INFO - copyRemoteLogs =  /tmp/mummi/cg/structure_iter00_000000000013-20250408_191226/cg_analysis.out /tmp/mummi/cg/structure_iter00_000000000013-20250408_191226/traj_comp.xtc /tmp/mummi/cg/structure_iter00_000000000013-20250408_191226/*.log
2025-04-08 19:38:13,037 - [MainProcess:91658] mummi_ras.online.cg.cganalysis:cleanupLocal:375 - WARNING - Copy cleanup local only works for ddcMD files
2025-04-08 19:38:15,037 - [MainProcess:91658] mummi_ras.online.simulation:has_computed_enough:352 - INFO - runtime_hours*0.99 = 0.495 vs delta_time = 0.4253628248638577 (length 44.5 ns) False False
2025-04-08 19:38:17,043 - [MainProcess:91658] mummi_ras.online.simulation:has_computed_enough:352 - INFO - runtime_hours*0.99 = 0.495 vs delta_time = 0.42592011021243203 (length 44.5 ns) False False
2025-04-08 19:38:19,049 - [MainProcess:91658] mummi_ras.online.simulation:has_computed_enough:352 - INFO - runtime_hours*0.99 = 0.495 vs delta_time = 0.4264774003956053 (length 44.5 ns) False False
2025-04-08 19:38:21,055 - [MainProcess:91658] mummi_ras.online.simulation:has_computed_enough:352 - INFO - runtime_hours*0.99 = 0.495 vs delta_time = 0.4270346689224243 (length 44.5 ns) False False
2025-04-08 19:38:23,061 - [MainProcess:91658] mummi_ras.online.simulation:has_computed_enough:352 - INFO - runtime_hours*0.99 = 0.495 vs delta_time = 0.4275918918185764 (length 44.5 ns) False False
2025-04-08 19:38:25,068 - [MainProcess:91658] mummi_ras.online.simulation:has_computed_enough:352 - INFO - runtime_hours*0.99 = 0.495 vs delta_time = 0.4281491724650065 (length 44.5 ns) False False
2025-04-08 19:38:27,074 - [MainProcess:91658] mummi_ras.online.simulation:has_computed_enough:352 - INFO - runtime_hours*0.99 = 0.495 vs delta_time = 0.42870641741487714 (length 44.5 ns) False False
2025-04-08 19:38:27,165 - [MainProcess:91658] mummi_ras.online.simulation:get_new_frames:399 - INFO - Getting all frame numbers in trajectory from 90 to 90.
2025-04-08 19:38:27,166 - [MainProcess:91658] mummi_ras.online.cg.cganalysis:run_main_analysis:193 - INFO - Process frame 90
2025-04-08 19:38:27,166 - [MainProcess:91658] mummi_ras.online.cg.cganalysis:processFrame:554 - INFO - Load 91 frames: current frame ID /tmp/mummi/cg/structure_iter00_000000000013-20250408_191226/traj_comp.xtc
2025-04-08 19:38:27,177 - [MainProcess:91658] mummi_ras.online.cg.cganalysis:processFrame:580 - INFO - Frame:    90, Time: 45000.000 ps, Bbox = [0, 180.6591, 0, 180.6591]
2025-04-08 19:38:27,177 - [MainProcess:91658] mummi_ras.online.cg.cganalysis:processFrame:584 - INFO - Lengths of layers: 675 26 483
2025-04-08 19:38:27,279 - [MainProcess:91658] mummi_ras.online.cg.cganalysis:processFrame:765 - INFO - Time for analysis - frameNum 90, time 0.11314177513122559 s
2025-04-08 19:38:29,279 - [MainProcess:91658] mummi_ras.online.simulation:has_computed_enough:352 - INFO - runtime_hours*0.99 = 0.495 vs delta_time = 0.429319105943044 (length 45.0 ns) False False
2025-04-08 19:38:31,286 - [MainProcess:91658] mummi_ras.online.simulation:has_computed_enough:352 - INFO - runtime_hours*0.99 = 0.495 vs delta_time = 0.42987641334533694 (length 45.0 ns) False False
2025-04-08 19:38:33,292 - [MainProcess:91658] mummi_ras.online.simulation:has_computed_enough:352 - INFO - runtime_hours*0.99 = 0.495 vs delta_time = 0.4304337102174759 (length 45.0 ns) False False
2025-04-08 19:38:35,298 - [MainProcess:91658] mummi_ras.online.simulation:has_computed_enough:352 - INFO - runtime_hours*0.99 = 0.495 vs delta_time = 0.43099096212122173 (length 45.0 ns) False False
2025-04-08 19:38:37,304 - [MainProcess:91658] mummi_ras.online.simulation:has_computed_enough:352 - INFO - runtime_hours*0.99 = 0.495 vs delta_time = 0.43154821905824875 (length 45.0 ns) False False
2025-04-08 19:38:39,310 - [MainProcess:91658] mummi_ras.online.simulation:has_computed_enough:352 - INFO - runtime_hours*0.99 = 0.495 vs delta_time = 0.4321055091089673 (length 45.0 ns) False False
2025-04-08 19:38:41,317 - [MainProcess:91658] mummi_ras.online.simulation:has_computed_enough:352 - INFO - runtime_hours*0.99 = 0.495 vs delta_time = 0.4326627648539013 (length 45.0 ns) False False
2025-04-08 19:38:43,323 - [MainProcess:91658] mummi_ras.online.simulation:has_computed_enough:352 - INFO - runtime_hours*0.99 = 0.495 vs delta_time = 0.4332200152344174 (length 45.0 ns) False False
2025-04-08 19:38:45,329 - [MainProcess:91658] mummi_ras.online.simulation:has_computed_enough:352 - INFO - runtime_hours*0.99 = 0.495 vs delta_time = 0.4337772887945175 (length 45.0 ns) False False
2025-04-08 19:38:45,382 - [MainProcess:91658] mummi_ras.online.simulation:get_new_frames:399 - INFO - Getting all frame numbers in trajectory from 91 to 91.
2025-04-08 19:38:45,382 - [MainProcess:91658] mummi_ras.online.cg.cganalysis:run_main_analysis:193 - INFO - Process frame 91
2025-04-08 19:38:45,382 - [MainProcess:91658] mummi_ras.online.cg.cganalysis:processFrame:554 - INFO - Load 92 frames: current frame ID /tmp/mummi/cg/structure_iter00_000000000013-20250408_191226/traj_comp.xtc
2025-04-08 19:38:45,393 - [MainProcess:91658] mummi_ras.online.cg.cganalysis:processFrame:580 - INFO - Frame:    91, Time: 45500.000 ps, Bbox = [0, 181.17593, 0, 181.17593]
2025-04-08 19:38:45,393 - [MainProcess:91658] mummi_ras.online.cg.cganalysis:processFrame:584 - INFO - Lengths of layers: 674 32 478
2025-04-08 19:38:45,495 - [MainProcess:91658] mummi_ras.online.cg.cganalysis:processFrame:765 - INFO - Time for analysis - frameNum 91, time 0.112548828125 s
2025-04-08 19:38:47,495 - [MainProcess:91658] mummi_ras.online.simulation:has_computed_enough:352 - INFO - runtime_hours*0.99 = 0.495 vs delta_time = 0.4343790368239085 (length 45.5 ns) False False
2025-04-08 19:38:49,502 - [MainProcess:91658] mummi_ras.online.simulation:has_computed_enough:352 - INFO - runtime_hours*0.99 = 0.495 vs delta_time = 0.4349363748894797 (length 45.5 ns) False False
2025-04-08 19:38:51,508 - [MainProcess:91658] mummi_ras.online.simulation:has_computed_enough:352 - INFO - runtime_hours*0.99 = 0.495 vs delta_time = 0.4354936342769199 (length 45.5 ns) False False
2025-04-08 19:38:53,514 - [MainProcess:91658] mummi_ras.online.simulation:has_computed_enough:352 - INFO - runtime_hours*0.99 = 0.495 vs delta_time = 0.4360508939292696 (length 45.5 ns) False False
2025-04-08 19:38:55,520 - [MainProcess:91658] mummi_ras.online.simulation:has_computed_enough:352 - INFO - runtime_hours*0.99 = 0.495 vs delta_time = 0.43660810980531906 (length 45.5 ns) False False
2025-04-08 19:38:57,526 - [MainProcess:91658] mummi_ras.online.simulation:has_computed_enough:352 - INFO - runtime_hours*0.99 = 0.495 vs delta_time = 0.43716538356410134 (length 45.5 ns) False False
2025-04-08 19:38:59,532 - [MainProcess:91658] mummi_ras.online.simulation:has_computed_enough:352 - INFO - runtime_hours*0.99 = 0.495 vs delta_time = 0.43772266288598377 (length 45.5 ns) False False
2025-04-08 19:39:01,538 - [MainProcess:91658] mummi_ras.online.simulation:has_computed_enough:352 - INFO - runtime_hours*0.99 = 0.495 vs delta_time = 0.43827991359763674 (length 45.5 ns) False False
2025-04-08 19:39:01,591 - [MainProcess:91658] mummi_ras.online.simulation:get_new_frames:399 - INFO - Getting all frame numbers in trajectory from 92 to 92.
2025-04-08 19:39:01,591 - [MainProcess:91658] mummi_ras.online.cg.cganalysis:run_main_analysis:193 - INFO - Process frame 92
2025-04-08 19:39:01,591 - [MainProcess:91658] mummi_ras.online.cg.cganalysis:processFrame:554 - INFO - Load 93 frames: current frame ID /tmp/mummi/cg/structure_iter00_000000000013-20250408_191226/traj_comp.xtc
2025-04-08 19:39:01,602 - [MainProcess:91658] mummi_ras.online.cg.cganalysis:processFrame:580 - INFO - Frame:    92, Time: 46000.000 ps, Bbox = [0, 181.09894, 0, 181.09894]
2025-04-08 19:39:01,602 - [MainProcess:91658] mummi_ras.online.cg.cganalysis:processFrame:584 - INFO - Lengths of layers: 671 38 475
2025-04-08 19:39:01,704 - [MainProcess:91658] mummi_ras.online.cg.cganalysis:processFrame:765 - INFO - Time for analysis - frameNum 92, time 0.11311602592468262 s
2025-04-08 19:39:03,705 - [MainProcess:91658] mummi_ras.online.simulation:has_computed_enough:352 - INFO - runtime_hours*0.99 = 0.495 vs delta_time = 0.43888177110089194 (length 46.0 ns) False False
2025-04-08 19:39:05,711 - [MainProcess:91658] mummi_ras.online.simulation:has_computed_enough:352 - INFO - runtime_hours*0.99 = 0.495 vs delta_time = 0.4394390932056639 (length 46.0 ns) False False
2025-04-08 19:39:07,717 - [MainProcess:91658] mummi_ras.online.simulation:has_computed_enough:352 - INFO - runtime_hours*0.99 = 0.495 vs delta_time = 0.4399963410695394 (length 46.0 ns) False False
2025-04-08 19:39:09,724 - [MainProcess:91658] mummi_ras.online.simulation:has_computed_enough:352 - INFO - runtime_hours*0.99 = 0.495 vs delta_time = 0.4405536106559965 (length 46.0 ns) False False
2025-04-08 19:39:11,730 - [MainProcess:91658] mummi_ras.online.simulation:has_computed_enough:352 - INFO - runtime_hours*0.99 = 0.495 vs delta_time = 0.441110895342297 (length 46.0 ns) False False
2025-04-08 19:39:13,736 - [MainProcess:91658] mummi_ras.online.simulation:has_computed_enough:352 - INFO - runtime_hours*0.99 = 0.495 vs delta_time = 0.4416681761874093 (length 46.0 ns) False False
2025-04-08 19:39:15,742 - [MainProcess:91658] mummi_ras.online.simulation:has_computed_enough:352 - INFO - runtime_hours*0.99 = 0.495 vs delta_time = 0.4422254243824217 (length 46.0 ns) False False
2025-04-08 19:39:17,748 - [MainProcess:91658] mummi_ras.online.simulation:has_computed_enough:352 - INFO - runtime_hours*0.99 = 0.495 vs delta_time = 0.44278268522686426 (length 46.0 ns) False False
2025-04-08 19:39:19,754 - [MainProcess:91658] mummi_ras.online.simulation:has_computed_enough:352 - INFO - runtime_hours*0.99 = 0.495 vs delta_time = 0.44333993090523616 (length 46.0 ns) False False
2025-04-08 19:39:19,947 - [MainProcess:91658] mummi_ras.online.simulation:get_new_frames:399 - INFO - Getting all frame numbers in trajectory from 93 to 93.
2025-04-08 19:39:19,948 - [MainProcess:91658] mummi_ras.online.cg.cganalysis:run_main_analysis:193 - INFO - Process frame 93
2025-04-08 19:39:19,948 - [MainProcess:91658] mummi_ras.online.cg.cganalysis:processFrame:554 - INFO - Load 94 frames: current frame ID /tmp/mummi/cg/structure_iter00_000000000013-20250408_191226/traj_comp.xtc
2025-04-08 19:39:19,959 - [MainProcess:91658] mummi_ras.online.cg.cganalysis:processFrame:580 - INFO - Frame:    93, Time: 46500.000 ps, Bbox = [0, 181.34322, 0, 181.34322]
2025-04-08 19:39:19,959 - [MainProcess:91658] mummi_ras.online.cg.cganalysis:processFrame:584 - INFO - Lengths of layers: 669 35 480
2025-04-08 19:39:20,061 - [MainProcess:91658] mummi_ras.online.cg.cganalysis:processFrame:765 - INFO - Time for analysis - frameNum 93, time 0.1132051944732666 s
2025-04-08 19:39:22,061 - [MainProcess:91658] mummi_ras.online.simulation:has_computed_enough:352 - INFO - runtime_hours*0.99 = 0.495 vs delta_time = 0.4439807938204871 (length 46.5 ns) False False
2025-04-08 19:39:24,068 - [MainProcess:91658] mummi_ras.online.simulation:has_computed_enough:352 - INFO - runtime_hours*0.99 = 0.495 vs delta_time = 0.444538106057379 (length 46.5 ns) False False
2025-04-08 19:39:26,074 - [MainProcess:91658] mummi_ras.online.simulation:has_computed_enough:352 - INFO - runtime_hours*0.99 = 0.495 vs delta_time = 0.4450954051150216 (length 46.5 ns) False False
2025-04-08 19:39:28,080 - [MainProcess:91658] mummi_ras.online.simulation:has_computed_enough:352 - INFO - runtime_hours*0.99 = 0.495 vs delta_time = 0.4456526862250434 (length 46.5 ns) False False
2025-04-08 19:39:30,086 - [MainProcess:91658] mummi_ras.online.simulation:has_computed_enough:352 - INFO - runtime_hours*0.99 = 0.495 vs delta_time = 0.4462099388572905 (length 46.5 ns) False False
2025-04-08 19:39:32,093 - [MainProcess:91658] mummi_ras.online.simulation:has_computed_enough:352 - INFO - runtime_hours*0.99 = 0.495 vs delta_time = 0.4467672015560998 (length 46.5 ns) False False
2025-04-08 19:39:34,099 - [MainProcess:91658] mummi_ras.online.simulation:has_computed_enough:352 - INFO - runtime_hours*0.99 = 0.495 vs delta_time = 0.4473244617382685 (length 46.5 ns) False False
2025-04-08 19:39:36,105 - [MainProcess:91658] mummi_ras.online.simulation:has_computed_enough:352 - INFO - runtime_hours*0.99 = 0.495 vs delta_time = 0.44788171297974055 (length 46.5 ns) False False
2025-04-08 19:39:36,197 - [MainProcess:91658] mummi_ras.online.simulation:get_new_frames:399 - INFO - Getting all frame numbers in trajectory from 94 to 94.
2025-04-08 19:39:36,197 - [MainProcess:91658] mummi_ras.online.cg.cganalysis:run_main_analysis:193 - INFO - Process frame 94
2025-04-08 19:39:36,197 - [MainProcess:91658] mummi_ras.online.cg.cganalysis:processFrame:554 - INFO - Load 95 frames: current frame ID /tmp/mummi/cg/structure_iter00_000000000013-20250408_191226/traj_comp.xtc
2025-04-08 19:39:36,208 - [MainProcess:91658] mummi_ras.online.cg.cganalysis:processFrame:580 - INFO - Frame:    94, Time: 47000.000 ps, Bbox = [0, 181.2521, 0, 181.2521]
2025-04-08 19:39:36,208 - [MainProcess:91658] mummi_ras.online.cg.cganalysis:processFrame:584 - INFO - Lengths of layers: 666 37 481
2025-04-08 19:39:36,311 - [MainProcess:91658] mummi_ras.online.cg.cganalysis:processFrame:765 - INFO - Time for analysis - frameNum 94, time 0.11362648010253906 s
2025-04-08 19:39:38,311 - [MainProcess:91658] mummi_ras.online.simulation:has_computed_enough:352 - INFO - runtime_hours*0.99 = 0.495 vs delta_time = 0.44849462813801233 (length 47.0 ns) False False
2025-04-08 19:39:40,318 - [MainProcess:91658] mummi_ras.online.simulation:has_computed_enough:352 - INFO - runtime_hours*0.99 = 0.495 vs delta_time = 0.44905192719565495 (length 47.0 ns) False False
2025-04-08 19:39:42,324 - [MainProcess:91658] mummi_ras.online.simulation:has_computed_enough:352 - INFO - runtime_hours*0.99 = 0.495 vs delta_time = 0.4496091976430681 (length 47.0 ns) False False
2025-04-08 19:39:44,330 - [MainProcess:91658] mummi_ras.online.simulation:has_computed_enough:352 - INFO - runtime_hours*0.99 = 0.495 vs delta_time = 0.4501664905415641 (length 47.0 ns) False False
2025-04-08 19:39:46,336 - [MainProcess:91658] mummi_ras.online.simulation:has_computed_enough:352 - INFO - runtime_hours*0.99 = 0.495 vs delta_time = 0.4507237810558743 (length 47.0 ns) False False
2025-04-08 19:39:48,342 - [MainProcess:91658] mummi_ras.online.simulation:has_computed_enough:352 - INFO - runtime_hours*0.99 = 0.495 vs delta_time = 0.4512810739543703 (length 47.0 ns) False False
2025-04-08 19:39:50,349 - [MainProcess:91658] mummi_ras.online.simulation:has_computed_enough:352 - INFO - runtime_hours*0.99 = 0.495 vs delta_time = 0.4518383311563068 (length 47.0 ns) False False
2025-04-08 19:39:52,355 - [MainProcess:91658] mummi_ras.online.simulation:has_computed_enough:352 - INFO - runtime_hours*0.99 = 0.495 vs delta_time = 0.4523955993519889 (length 47.0 ns) False False
2025-04-08 19:39:54,361 - [MainProcess:91658] mummi_ras.online.simulation:has_computed_enough:352 - INFO - runtime_hours*0.99 = 0.495 vs delta_time = 0.45295285324255624 (length 47.0 ns) False False
2025-04-08 19:39:54,414 - [MainProcess:91658] mummi_ras.online.simulation:get_new_frames:399 - INFO - Getting all frame numbers in trajectory from 95 to 95.
2025-04-08 19:39:54,415 - [MainProcess:91658] mummi_ras.online.cg.cganalysis:run_main_analysis:193 - INFO - Process frame 95
2025-04-08 19:39:54,415 - [MainProcess:91658] mummi_ras.online.cg.cganalysis:processFrame:554 - INFO - Load 96 frames: current frame ID /tmp/mummi/cg/structure_iter00_000000000013-20250408_191226/traj_comp.xtc
2025-04-08 19:39:54,426 - [MainProcess:91658] mummi_ras.online.cg.cganalysis:processFrame:580 - INFO - Frame:    95, Time: 47500.000 ps, Bbox = [0, 180.74734, 0, 180.74734]
2025-04-08 19:39:54,426 - [MainProcess:91658] mummi_ras.online.cg.cganalysis:processFrame:584 - INFO - Lengths of layers: 665 32 487
2025-04-08 19:39:54,529 - [MainProcess:91658] mummi_ras.online.cg.cganalysis:processFrame:765 - INFO - Time for analysis - frameNum 95, time 0.11394262313842773 s
2025-04-08 19:39:56,529 - [MainProcess:91658] mummi_ras.online.simulation:has_computed_enough:352 - INFO - runtime_hours*0.99 = 0.495 vs delta_time = 0.45355520400736066 (length 47.5 ns) False False
2025-04-08 19:39:58,536 - [MainProcess:91658] mummi_ras.online.simulation:has_computed_enough:352 - INFO - runtime_hours*0.99 = 0.495 vs delta_time = 0.45411254041724736 (length 47.5 ns) False False
2025-04-08 19:40:00,542 - [MainProcess:91658] mummi_ras.online.simulation:has_computed_enough:352 - INFO - runtime_hours*0.99 = 0.495 vs delta_time = 0.4546698178847631 (length 47.5 ns) False False
2025-04-08 19:40:02,548 - [MainProcess:91658] mummi_ras.online.simulation:has_computed_enough:352 - INFO - runtime_hours*0.99 = 0.495 vs delta_time = 0.45522711634635926 (length 47.5 ns) False False
2025-04-08 19:40:04,555 - [MainProcess:91658] mummi_ras.online.simulation:has_computed_enough:352 - INFO - runtime_hours*0.99 = 0.495 vs delta_time = 0.4557844277885225 (length 47.5 ns) False False
2025-04-08 19:40:06,561 - [MainProcess:91658] mummi_ras.online.simulation:has_computed_enough:352 - INFO - runtime_hours*0.99 = 0.495 vs delta_time = 0.4563417162497838 (length 47.5 ns) False False
2025-04-08 19:40:08,567 - [MainProcess:91658] mummi_ras.online.simulation:has_computed_enough:352 - INFO - runtime_hours*0.99 = 0.495 vs delta_time = 0.45689895424577925 (length 47.5 ns) False False
2025-04-08 19:40:10,573 - [MainProcess:91658] mummi_ras.online.simulation:has_computed_enough:352 - INFO - runtime_hours*0.99 = 0.495 vs delta_time = 0.4574562301238378 (length 47.5 ns) False False
2025-04-08 19:40:10,626 - [MainProcess:91658] mummi_ras.online.simulation:get_new_frames:399 - INFO - Getting all frame numbers in trajectory from 96 to 96.
2025-04-08 19:40:10,626 - [MainProcess:91658] mummi_ras.online.cg.cganalysis:run_main_analysis:193 - INFO - Process frame 96
2025-04-08 19:40:10,626 - [MainProcess:91658] mummi_ras.online.cg.cganalysis:processFrame:554 - INFO - Load 97 frames: current frame ID /tmp/mummi/cg/structure_iter00_000000000013-20250408_191226/traj_comp.xtc
2025-04-08 19:40:10,637 - [MainProcess:91658] mummi_ras.online.cg.cganalysis:processFrame:580 - INFO - Frame:    96, Time: 48000.000 ps, Bbox = [0, 181.12062, 0, 181.12062]
2025-04-08 19:40:10,637 - [MainProcess:91658] mummi_ras.online.cg.cganalysis:processFrame:584 - INFO - Lengths of layers: 666 38 480
2025-04-08 19:40:10,739 - [MainProcess:91658] mummi_ras.online.cg.cganalysis:processFrame:765 - INFO - Time for analysis - frameNum 96, time 0.1125631332397461 s
2025-04-08 19:40:12,739 - [MainProcess:91658] mummi_ras.online.simulation:has_computed_enough:352 - INFO - runtime_hours*0.99 = 0.495 vs delta_time = 0.45805792133013407 (length 48.0 ns) False False
2025-04-08 19:40:14,746 - [MainProcess:91658] mummi_ras.online.simulation:has_computed_enough:352 - INFO - runtime_hours*0.99 = 0.495 vs delta_time = 0.45861525528960756 (length 48.0 ns) False False
2025-04-08 19:40:16,752 - [MainProcess:91658] mummi_ras.online.simulation:has_computed_enough:352 - INFO - runtime_hours*0.99 = 0.495 vs delta_time = 0.45917252136601344 (length 48.0 ns) False False
2025-04-08 19:40:18,758 - [MainProcess:91658] mummi_ras.online.simulation:has_computed_enough:352 - INFO - runtime_hours*0.99 = 0.495 vs delta_time = 0.45972978081968097 (length 48.0 ns) False False
2025-04-08 19:40:20,764 - [MainProcess:91658] mummi_ras.online.simulation:has_computed_enough:352 - INFO - runtime_hours*0.99 = 0.495 vs delta_time = 0.4602870176235835 (length 48.0 ns) False False
2025-04-08 19:40:22,770 - [MainProcess:91658] mummi_ras.online.simulation:has_computed_enough:352 - INFO - runtime_hours*0.99 = 0.495 vs delta_time = 0.4608442874087228 (length 48.0 ns) False False
2025-04-08 19:40:24,776 - [MainProcess:91658] mummi_ras.online.simulation:has_computed_enough:352 - INFO - runtime_hours*0.99 = 0.495 vs delta_time = 0.46140158070458304 (length 48.0 ns) False False
2025-04-08 19:40:26,782 - [MainProcess:91658] mummi_ras.online.simulation:has_computed_enough:352 - INFO - runtime_hours*0.99 = 0.495 vs delta_time = 0.4619588277075026 (length 48.0 ns) False False
2025-04-08 19:40:28,789 - [MainProcess:91658] mummi_ras.online.simulation:has_computed_enough:352 - INFO - runtime_hours*0.99 = 0.495 vs delta_time = 0.4625160897440381 (length 48.0 ns) False False
2025-04-08 19:40:28,991 - [MainProcess:91658] mummi_ras.online.simulation:get_new_frames:399 - INFO - Getting all frame numbers in trajectory from 97 to 97.
2025-04-08 19:40:28,992 - [MainProcess:91658] mummi_ras.online.cg.cganalysis:run_main_analysis:193 - INFO - Process frame 97
2025-04-08 19:40:28,992 - [MainProcess:91658] mummi_ras.online.cg.cganalysis:processFrame:554 - INFO - Load 98 frames: current frame ID /tmp/mummi/cg/structure_iter00_000000000013-20250408_191226/traj_comp.xtc
2025-04-08 19:40:29,003 - [MainProcess:91658] mummi_ras.online.cg.cganalysis:processFrame:580 - INFO - Frame:    97, Time: 48500.000 ps, Bbox = [0, 180.2858, 0, 180.2858]
2025-04-08 19:40:29,003 - [MainProcess:91658] mummi_ras.online.cg.cganalysis:processFrame:584 - INFO - Lengths of layers: 670 33 481
2025-04-08 19:40:29,105 - [MainProcess:91658] mummi_ras.online.cg.cganalysis:processFrame:765 - INFO - Time for analysis - frameNum 97, time 0.11284852027893066 s
2025-04-08 19:40:31,105 - [MainProcess:91658] mummi_ras.online.simulation:has_computed_enough:352 - INFO - runtime_hours*0.99 = 0.495 vs delta_time = 0.4631595775816176 (length 48.5 ns) False False
2025-04-08 19:40:33,111 - [MainProcess:91658] mummi_ras.online.simulation:has_computed_enough:352 - INFO - runtime_hours*0.99 = 0.495 vs delta_time = 0.4637168865733676 (length 48.5 ns) False False
2025-04-08 19:40:35,118 - [MainProcess:91658] mummi_ras.online.simulation:has_computed_enough:352 - INFO - runtime_hours*0.99 = 0.495 vs delta_time = 0.4642741690079371 (length 48.5 ns) False False
2025-04-08 19:40:37,124 - [MainProcess:91658] mummi_ras.online.simulation:has_computed_enough:352 - INFO - runtime_hours*0.99 = 0.495 vs delta_time = 0.4648314674695333 (length 48.5 ns) False False
2025-04-08 19:40:39,130 - [MainProcess:91658] mummi_ras.online.simulation:has_computed_enough:352 - INFO - runtime_hours*0.99 = 0.495 vs delta_time = 0.4653887269232008 (length 48.5 ns) False False
2025-04-08 19:40:41,136 - [MainProcess:91658] mummi_ras.online.simulation:has_computed_enough:352 - INFO - runtime_hours*0.99 = 0.495 vs delta_time = 0.46594598531723025 (length 48.5 ns) False False
2025-04-08 19:40:43,142 - [MainProcess:91658] mummi_ras.online.simulation:has_computed_enough:352 - INFO - runtime_hours*0.99 = 0.495 vs delta_time = 0.4665032464928097 (length 48.5 ns) False False
2025-04-08 19:40:45,149 - [MainProcess:91658] mummi_ras.online.simulation:has_computed_enough:352 - INFO - runtime_hours*0.99 = 0.495 vs delta_time = 0.4670605307817459 (length 48.5 ns) False False
2025-04-08 19:40:45,258 - [MainProcess:91658] mummi_ras.online.simulation:get_new_frames:399 - INFO - Getting all frame numbers in trajectory from 98 to 98.
2025-04-08 19:40:45,258 - [MainProcess:91658] mummi_ras.online.cg.cganalysis:run_main_analysis:193 - INFO - Process frame 98
2025-04-08 19:40:45,258 - [MainProcess:91658] mummi_ras.online.cg.cganalysis:processFrame:554 - INFO - Load 99 frames: current frame ID /tmp/mummi/cg/structure_iter00_000000000013-20250408_191226/traj_comp.xtc
2025-04-08 19:40:45,269 - [MainProcess:91658] mummi_ras.online.cg.cganalysis:processFrame:580 - INFO - Frame:    98, Time: 49000.000 ps, Bbox = [0, 180.33322, 0, 180.33322]
2025-04-08 19:40:45,269 - [MainProcess:91658] mummi_ras.online.cg.cganalysis:processFrame:584 - INFO - Lengths of layers: 663 41 480
2025-04-08 19:40:45,370 - [MainProcess:91658] mummi_ras.online.cg.cganalysis:processFrame:765 - INFO - Time for analysis - frameNum 98, time 0.11236810684204102 s
2025-04-08 19:40:47,371 - [MainProcess:91658] mummi_ras.online.simulation:has_computed_enough:352 - INFO - runtime_hours*0.99 = 0.495 vs delta_time = 0.4676778361532423 (length 49.0 ns) False False
2025-04-08 19:40:49,377 - [MainProcess:91658] mummi_ras.online.simulation:has_computed_enough:352 - INFO - runtime_hours*0.99 = 0.495 vs delta_time = 0.4682351870006985 (length 49.0 ns) False False
2025-04-08 19:40:51,383 - [MainProcess:91658] mummi_ras.online.simulation:has_computed_enough:352 - INFO - runtime_hours*0.99 = 0.495 vs delta_time = 0.46879244724909463 (length 49.0 ns) False False
2025-04-08 19:40:53,390 - [MainProcess:91658] mummi_ras.online.simulation:has_computed_enough:352 - INFO - runtime_hours*0.99 = 0.495 vs delta_time = 0.4693497164381875 (length 49.0 ns) False False
2025-04-08 19:40:55,396 - [MainProcess:91658] mummi_ras.online.simulation:has_computed_enough:352 - INFO - runtime_hours*0.99 = 0.495 vs delta_time = 0.4699069728453954 (length 49.0 ns) False False
2025-04-08 19:40:57,402 - [MainProcess:91658] mummi_ras.online.simulation:has_computed_enough:352 - INFO - runtime_hours*0.99 = 0.495 vs delta_time = 0.4704642646842533 (length 49.0 ns) False False
2025-04-08 19:40:59,408 - [MainProcess:91658] mummi_ras.online.simulation:has_computed_enough:352 - INFO - runtime_hours*0.99 = 0.495 vs delta_time = 0.4710215663909912 (length 49.0 ns) False False
2025-04-08 19:41:01,414 - [MainProcess:91658] mummi_ras.online.simulation:has_computed_enough:352 - INFO - runtime_hours*0.99 = 0.495 vs delta_time = 0.47157883478535545 (length 49.0 ns) False False
2025-04-08 19:41:01,468 - [MainProcess:91658] mummi_ras.online.simulation:get_new_frames:399 - INFO - Getting all frame numbers in trajectory from 99 to 99.
2025-04-08 19:41:01,468 - [MainProcess:91658] mummi_ras.online.cg.cganalysis:run_main_analysis:193 - INFO - Process frame 99
2025-04-08 19:41:01,469 - [MainProcess:91658] mummi_ras.online.cg.cganalysis:processFrame:554 - INFO - Load 100 frames: current frame ID /tmp/mummi/cg/structure_iter00_000000000013-20250408_191226/traj_comp.xtc
2025-04-08 19:41:01,480 - [MainProcess:91658] mummi_ras.online.cg.cganalysis:processFrame:580 - INFO - Frame:    99, Time: 49500.000 ps, Bbox = [0, 180.29193, 0, 180.29193]
2025-04-08 19:41:01,480 - [MainProcess:91658] mummi_ras.online.cg.cganalysis:processFrame:584 - INFO - Lengths of layers: 667 35 482
2025-04-08 19:41:01,582 - [MainProcess:91658] mummi_ras.online.cg.cganalysis:processFrame:765 - INFO - Time for analysis - frameNum 99, time 0.11368608474731445 s
2025-04-08 19:41:03,583 - [MainProcess:91658] mummi_ras.online.simulation:has_computed_enough:352 - INFO - runtime_hours*0.99 = 0.495 vs delta_time = 0.4721811533636517 (length 49.5 ns) False False
2025-04-08 19:41:03,589 - [MainProcess:91658] mummi_ras.online.cg.cganalysis:processOutput:92 - INFO - Add feedback for frameNum 90 - state []
2025-04-08 19:41:03,589 - [MainProcess:91658] mummi_ras.online.cg.cganalysis:processOutput:92 - INFO - Add feedback for frameNum 91 - state []
2025-04-08 19:41:03,589 - [MainProcess:91658] mummi_ras.online.cg.cganalysis:processOutput:92 - INFO - Add feedback for frameNum 92 - state []
2025-04-08 19:41:03,590 - [MainProcess:91658] mummi_ras.online.cg.cganalysis:processOutput:92 - INFO - Add feedback for frameNum 93 - state []
2025-04-08 19:41:03,590 - [MainProcess:91658] mummi_ras.online.cg.cganalysis:processOutput:92 - INFO - Add feedback for frameNum 94 - state []
2025-04-08 19:41:03,590 - [MainProcess:91658] mummi_ras.online.cg.cganalysis:processOutput:92 - INFO - Add feedback for frameNum 95 - state []
2025-04-08 19:41:03,590 - [MainProcess:91658] mummi_ras.online.cg.cganalysis:processOutput:92 - INFO - Add feedback for frameNum 96 - state []
2025-04-08 19:41:03,590 - [MainProcess:91658] mummi_ras.online.cg.cganalysis:processOutput:92 - INFO - Add feedback for frameNum 97 - state []
2025-04-08 19:41:03,590 - [MainProcess:91658] mummi_ras.online.cg.cganalysis:processOutput:92 - INFO - Add feedback for frameNum 98 - state []
2025-04-08 19:41:03,590 - [MainProcess:91658] mummi_ras.online.cg.cganalysis:processOutput:92 - INFO - Add feedback for frameNum 99 - state []
2025-04-08 19:41:03,605 - [MainProcess:91658] mummi_core.interfaces.simple:_save_files:91 - INFO - Wrote 10 files to (/p/gpfs1/pottier1/minimummi-sc25/roots/root2/feedback-cg2ml/013)
2025-04-08 19:41:03,605 - [MainProcess:91658] mummi_ras.feedback.feedback_manager_cg2ml:report:118 - INFO - Added 10 frames (from structure_iter00_000000000013) to feedback (/p/gpfs1/pottier1/minimummi-sc25/roots/root2/feedback-cg2ml)
2025-04-08 19:41:03,605 - [MainProcess:91658] mummi_ras.online.cg.cganalysis:processOutput:112 - INFO - processOutput: 99
2025-04-08 19:41:03,605 - [MainProcess:91658] mummi_ras.online.cg.cganalysis:copyRemoteRestart:452 - INFO - Copy to remote frames [90, 91, 92, 93, 94, 95, 96, 97, 98, 99]
2025-04-08 19:41:03,798 - [MainProcess:91658] mummi_core.utils.utilities:sys_call:184 - INFO - Run command: rsync -va --no-g traj_comp.xtc topol.tpr state.cpt ener.edr md.log mdrun.log /p/gpfs1/pottier1/minimummi-sc25/roots/root2/sims-cg/structure_iter00_000000000013 || true
2025-04-08 19:41:04,247 - [MainProcess:91658] mummi_ras.interfaces.mummi:save_analysis_data:253 - INFO - Saved all analysis data for frames [90, 91, 92, 93, 94, 95, 96, 97, 98, 99]
2025-04-08 19:41:04,248 - [MainProcess:91658] mummi_ras.online.cg.cganalysis:copyRemoteLogs:350 - INFO - Copy over log files
2025-04-08 19:41:04,291 - [MainProcess:91658] mummi_core.utils.utilities:sys_call:184 - INFO - Run command: cp -r  /tmp/mummi/cg/structure_iter00_000000000013-20250408_191226/cg_analysis.out /tmp/mummi/cg/structure_iter00_000000000013-20250408_191226/traj_comp.xtc /tmp/mummi/cg/structure_iter00_000000000013-20250408_191226/*.log /p/gpfs1/pottier1/minimummi-sc25/roots/root2/sims-cg/structure_iter00_000000000013/ || true
2025-04-08 19:41:04,291 - [MainProcess:91658] mummi_ras.online.cg.cganalysis:copyRemoteLogs:365 - INFO - copyRemoteLogs =  /tmp/mummi/cg/structure_iter00_000000000013-20250408_191226/cg_analysis.out /tmp/mummi/cg/structure_iter00_000000000013-20250408_191226/traj_comp.xtc /tmp/mummi/cg/structure_iter00_000000000013-20250408_191226/*.log
2025-04-08 19:41:04,291 - [MainProcess:91658] mummi_ras.online.cg.cganalysis:cleanupLocal:375 - WARNING - Copy cleanup local only works for ddcMD files
2025-04-08 19:41:06,291 - [MainProcess:91658] mummi_ras.online.simulation:has_computed_enough:352 - INFO - runtime_hours*0.99 = 0.495 vs delta_time = 0.4729335214694341 (length 49.5 ns) False False
2025-04-08 19:41:08,298 - [MainProcess:91658] mummi_ras.online.simulation:has_computed_enough:352 - INFO - runtime_hours*0.99 = 0.495 vs delta_time = 0.4734908190700743 (length 49.5 ns) False False
2025-04-08 19:41:10,304 - [MainProcess:91658] mummi_ras.online.simulation:has_computed_enough:352 - INFO - runtime_hours*0.99 = 0.495 vs delta_time = 0.47404807660314774 (length 49.5 ns) False False
2025-04-08 19:41:12,310 - [MainProcess:91658] mummi_ras.online.simulation:has_computed_enough:352 - INFO - runtime_hours*0.99 = 0.495 vs delta_time = 0.47460535903771717 (length 49.5 ns) False False
2025-04-08 19:41:14,316 - [MainProcess:91658] mummi_ras.online.simulation:has_computed_enough:352 - INFO - runtime_hours*0.99 = 0.495 vs delta_time = 0.47516267591052586 (length 49.5 ns) False False
2025-04-08 19:41:16,322 - [MainProcess:91658] mummi_ras.online.simulation:has_computed_enough:352 - INFO - runtime_hours*0.99 = 0.495 vs delta_time = 0.47571993423832787 (length 49.5 ns) False False
2025-04-08 19:41:18,328 - [MainProcess:91658] mummi_ras.online.simulation:has_computed_enough:352 - INFO - runtime_hours*0.99 = 0.495 vs delta_time = 0.4762771808438831 (length 49.5 ns) False False
2025-04-08 19:41:20,335 - [MainProcess:91658] mummi_ras.online.simulation:has_computed_enough:352 - INFO - runtime_hours*0.99 = 0.495 vs delta_time = 0.47683447261651357 (length 49.5 ns) False False
2025-04-08 19:41:20,388 - [MainProcess:91658] mummi_ras.online.simulation:get_new_frames:399 - INFO - Getting all frame numbers in trajectory from 100 to 100.
2025-04-08 19:41:20,389 - [MainProcess:91658] mummi_ras.online.cg.cganalysis:run_main_analysis:193 - INFO - Process frame 100
2025-04-08 19:41:20,389 - [MainProcess:91658] mummi_ras.online.cg.cganalysis:processFrame:554 - INFO - Load 101 frames: current frame ID /tmp/mummi/cg/structure_iter00_000000000013-20250408_191226/traj_comp.xtc
2025-04-08 19:41:20,400 - [MainProcess:91658] mummi_ras.online.cg.cganalysis:processFrame:580 - INFO - Frame:   100, Time: 50000.000 ps, Bbox = [0, 180.28654, 0, 180.28654]
2025-04-08 19:41:20,400 - [MainProcess:91658] mummi_ras.online.cg.cganalysis:processFrame:584 - INFO - Lengths of layers: 666 39 479
2025-04-08 19:41:20,501 - [MainProcess:91658] mummi_ras.online.cg.cganalysis:processFrame:765 - INFO - Time for analysis - frameNum 100, time 0.1125180721282959 s
2025-04-08 19:41:22,502 - [MainProcess:91658] mummi_ras.online.simulation:has_computed_enough:352 - INFO - runtime_hours*0.99 = 0.495 vs delta_time = 0.47743643012311726 (length 50.0 ns) False False
2025-04-08 19:41:24,508 - [MainProcess:91658] mummi_ras.online.simulation:has_computed_enough:352 - INFO - runtime_hours*0.99 = 0.495 vs delta_time = 0.47799376408259076 (length 50.0 ns) False False
2025-04-08 19:41:26,514 - [MainProcess:91658] mummi_ras.online.simulation:has_computed_enough:352 - INFO - runtime_hours*0.99 = 0.495 vs delta_time = 0.47855102903313107 (length 50.0 ns) False False
2025-04-08 19:41:28,521 - [MainProcess:91658] mummi_ras.online.simulation:has_computed_enough:352 - INFO - runtime_hours*0.99 = 0.495 vs delta_time = 0.47910832266012826 (length 50.0 ns) False False
2025-04-08 19:41:30,527 - [MainProcess:91658] mummi_ras.online.simulation:has_computed_enough:352 - INFO - runtime_hours*0.99 = 0.495 vs delta_time = 0.47966558926635317 (length 50.0 ns) False False
2025-04-08 19:41:32,533 - [MainProcess:91658] mummi_ras.online.simulation:has_computed_enough:352 - INFO - runtime_hours*0.99 = 0.495 vs delta_time = 0.480222860177358 (length 50.0 ns) False False
2025-04-08 19:41:34,539 - [MainProcess:91658] mummi_ras.online.simulation:has_computed_enough:352 - INFO - runtime_hours*0.99 = 0.495 vs delta_time = 0.48078010241190594 (length 50.0 ns) False False
2025-04-08 19:41:36,545 - [MainProcess:91658] mummi_ras.online.simulation:has_computed_enough:352 - INFO - runtime_hours*0.99 = 0.495 vs delta_time = 0.48133740027745564 (length 50.0 ns) False False
2025-04-08 19:41:36,723 - [MainProcess:91658] mummi_ras.online.simulation:get_new_frames:399 - INFO - Getting all frame numbers in trajectory from 101 to 101.
2025-04-08 19:41:36,723 - [MainProcess:91658] mummi_ras.online.cg.cganalysis:run_main_analysis:193 - INFO - Process frame 101
2025-04-08 19:41:36,723 - [MainProcess:91658] mummi_ras.online.cg.cganalysis:processFrame:554 - INFO - Load 102 frames: current frame ID /tmp/mummi/cg/structure_iter00_000000000013-20250408_191226/traj_comp.xtc
2025-04-08 19:41:36,734 - [MainProcess:91658] mummi_ras.online.cg.cganalysis:processFrame:580 - INFO - Frame:   101, Time: 50500.000 ps, Bbox = [0, 181.46078, 0, 181.46078]
2025-04-08 19:41:36,734 - [MainProcess:91658] mummi_ras.online.cg.cganalysis:processFrame:584 - INFO - Lengths of layers: 665 39 480
2025-04-08 19:41:36,836 - [MainProcess:91658] mummi_ras.online.cg.cganalysis:processFrame:765 - INFO - Time for analysis - frameNum 101, time 0.11231303215026855 s
2025-04-08 19:41:38,836 - [MainProcess:91658] mummi_ras.online.simulation:has_computed_enough:352 - INFO - runtime_hours*0.99 = 0.495 vs delta_time = 0.481973731385337 (length 50.5 ns) False False
2025-04-08 19:41:40,842 - [MainProcess:91658] mummi_ras.online.simulation:has_computed_enough:352 - INFO - runtime_hours*0.99 = 0.495 vs delta_time = 0.48253105693393283 (length 50.5 ns) False False
2025-04-08 19:41:42,849 - [MainProcess:91658] mummi_ras.online.simulation:has_computed_enough:352 - INFO - runtime_hours*0.99 = 0.495 vs delta_time = 0.4830883262554804 (length 50.5 ns) False False
2025-04-08 19:41:44,855 - [MainProcess:91658] mummi_ras.online.simulation:has_computed_enough:352 - INFO - runtime_hours*0.99 = 0.495 vs delta_time = 0.4836455597480138 (length 50.5 ns) False False
2025-04-08 19:41:46,861 - [MainProcess:91658] mummi_ras.online.simulation:has_computed_enough:352 - INFO - runtime_hours*0.99 = 0.495 vs delta_time = 0.48420284827550253 (length 50.5 ns) False False
2025-04-08 19:41:48,867 - [MainProcess:91658] mummi_ras.online.simulation:has_computed_enough:352 - INFO - runtime_hours*0.99 = 0.495 vs delta_time = 0.4847601146830453 (length 50.5 ns) False False
2025-04-08 19:41:50,873 - [MainProcess:91658] mummi_ras.online.simulation:has_computed_enough:352 - INFO - runtime_hours*0.99 = 0.495 vs delta_time = 0.485317373474439 (length 50.5 ns) False False
2025-04-08 19:41:52,879 - [MainProcess:91658] mummi_ras.online.simulation:has_computed_enough:352 - INFO - runtime_hours*0.99 = 0.495 vs delta_time = 0.48587462769614326 (length 50.5 ns) False False
2025-04-08 19:41:52,977 - [MainProcess:91658] mummi_ras.online.simulation:get_new_frames:399 - INFO - Getting all frame numbers in trajectory from 102 to 102.
2025-04-08 19:41:52,977 - [MainProcess:91658] mummi_ras.online.cg.cganalysis:run_main_analysis:193 - INFO - Process frame 102
2025-04-08 19:41:52,978 - [MainProcess:91658] mummi_ras.online.cg.cganalysis:processFrame:554 - INFO - Load 103 frames: current frame ID /tmp/mummi/cg/structure_iter00_000000000013-20250408_191226/traj_comp.xtc
2025-04-08 19:41:52,989 - [MainProcess:91658] mummi_ras.online.cg.cganalysis:processFrame:580 - INFO - Frame:   102, Time: 51000.000 ps, Bbox = [0, 180.59828, 0, 180.59828]
2025-04-08 19:41:52,989 - [MainProcess:91658] mummi_ras.online.cg.cganalysis:processFrame:584 - INFO - Lengths of layers: 670 30 484
2025-04-08 19:41:53,090 - [MainProcess:91658] mummi_ras.online.cg.cganalysis:processFrame:765 - INFO - Time for analysis - frameNum 102, time 0.1126399040222168 s
2025-04-08 19:41:55,091 - [MainProcess:91658] mummi_ras.online.simulation:has_computed_enough:352 - INFO - runtime_hours*0.99 = 0.495 vs delta_time = 0.48648892515235476 (length 51.0 ns) False False
2025-04-08 19:41:57,097 - [MainProcess:91658] mummi_ras.online.simulation:has_computed_enough:352 - INFO - runtime_hours*0.99 = 0.495 vs delta_time = 0.48704625288645426 (length 51.0 ns) False False
2025-04-08 19:41:59,104 - [MainProcess:91658] mummi_ras.online.simulation:has_computed_enough:352 - INFO - runtime_hours*0.99 = 0.495 vs delta_time = 0.48760357512368097 (length 51.0 ns) False False
2025-04-08 19:42:01,110 - [MainProcess:91658] mummi_ras.online.simulation:has_computed_enough:352 - INFO - runtime_hours*0.99 = 0.495 vs delta_time = 0.48816082497437796 (length 51.0 ns) False False
2025-04-08 19:42:03,116 - [MainProcess:91658] mummi_ras.online.simulation:has_computed_enough:352 - INFO - runtime_hours*0.99 = 0.495 vs delta_time = 0.4887180840306812 (length 51.0 ns) False False
2025-04-08 19:42:05,122 - [MainProcess:91658] mummi_ras.online.simulation:has_computed_enough:352 - INFO - runtime_hours*0.99 = 0.495 vs delta_time = 0.4892753372589747 (length 51.0 ns) False False
2025-04-08 19:42:07,128 - [MainProcess:91658] mummi_ras.online.simulation:has_computed_enough:352 - INFO - runtime_hours*0.99 = 0.495 vs delta_time = 0.48983261870013345 (length 51.0 ns) False False
2025-04-08 19:42:09,134 - [MainProcess:91658] mummi_ras.online.simulation:has_computed_enough:352 - INFO - runtime_hours*0.99 = 0.495 vs delta_time = 0.49038988173007964 (length 51.0 ns) False False
2025-04-08 19:42:11,140 - [MainProcess:91658] mummi_ras.online.simulation:has_computed_enough:352 - INFO - runtime_hours*0.99 = 0.495 vs delta_time = 0.4909471411175198 (length 51.0 ns) False False
2025-04-08 19:42:11,197 - [MainProcess:91658] mummi_ras.online.simulation:get_new_frames:399 - INFO - Getting all frame numbers in trajectory from 103 to 103.
2025-04-08 19:42:11,197 - [MainProcess:91658] mummi_ras.online.cg.cganalysis:run_main_analysis:193 - INFO - Process frame 103
2025-04-08 19:42:11,198 - [MainProcess:91658] mummi_ras.online.cg.cganalysis:processFrame:554 - INFO - Load 104 frames: current frame ID /tmp/mummi/cg/structure_iter00_000000000013-20250408_191226/traj_comp.xtc
2025-04-08 19:42:11,208 - [MainProcess:91658] mummi_ras.online.cg.cganalysis:processFrame:580 - INFO - Frame:   103, Time: 51500.000 ps, Bbox = [0, 181.20087, 0, 181.20087]
2025-04-08 19:42:11,208 - [MainProcess:91658] mummi_ras.online.cg.cganalysis:processFrame:584 - INFO - Lengths of layers: 670 28 486
2025-04-08 19:42:11,310 - [MainProcess:91658] mummi_ras.online.cg.cganalysis:processFrame:765 - INFO - Time for analysis - frameNum 103, time 0.11263394355773926 s
2025-04-08 19:42:13,311 - [MainProcess:91658] mummi_ras.online.simulation:has_computed_enough:352 - INFO - runtime_hours*0.99 = 0.495 vs delta_time = 0.49155003448327383 (length 51.5 ns) False False
2025-04-08 19:42:15,317 - [MainProcess:91658] mummi_ras.online.simulation:has_computed_enough:352 - INFO - runtime_hours*0.99 = 0.495 vs delta_time = 0.49210739539729226 (length 51.5 ns) False False
2025-04-08 19:42:17,323 - [MainProcess:91658] mummi_ras.online.simulation:has_computed_enough:352 - INFO - runtime_hours*0.99 = 0.495 vs delta_time = 0.49266467392444613 (length 51.5 ns) False False
2025-04-08 19:42:19,330 - [MainProcess:91658] mummi_ras.online.simulation:has_computed_enough:352 - INFO - runtime_hours*0.99 = 0.495 vs delta_time = 0.4932219277487861 (length 51.5 ns) False False
2025-04-08 19:42:21,336 - [MainProcess:91658] mummi_ras.online.simulation:has_computed_enough:352 - INFO - runtime_hours*0.99 = 0.495 vs delta_time = 0.4937791719039281 (length 51.5 ns) False False
2025-04-08 19:42:23,342 - [MainProcess:91658] mummi_ras.online.simulation:has_computed_enough:352 - INFO - runtime_hours*0.99 = 0.495 vs delta_time = 0.49433641281392837 (length 51.5 ns) False False
2025-04-08 19:42:25,348 - [MainProcess:91658] mummi_ras.online.simulation:has_computed_enough:352 - INFO - runtime_hours*0.99 = 0.495 vs delta_time = 0.4948936949835883 (length 51.5 ns) False False
2025-04-08 19:42:27,354 - [MainProcess:91658] mummi_ras.online.simulation:has_computed_enough:352 - INFO - runtime_hours*0.99 = 0.495 vs delta_time = 0.495450982120302 (length 51.5 ns) True False
2025-04-08 19:42:27,354 - [MainProcess:91658] mummi_ras.online.simulation:has_computed_enough:355 - INFO - TEST False
2025-04-08 19:42:27,356 - [MainProcess:91658] mummi_core.interfaces.base:send_signal:280 - INFO - Saved signal (/p/gpfs1/pottier1/minimummi-sc25/roots/root2/sims-cg/structure_iter00_000000000013/cg_success)
2025-04-08 19:42:27,356 - [MainProcess:91658] mummi_ras.online.simulation:has_computed_enough:358 - INFO - Setting success flag for /p/gpfs1/pottier1/minimummi-sc25/roots/root2/sims-cg/structure_iter00_000000000013 (runtime 0.495450982120302 hours) (length 51.5 ns)
2025-04-08 19:42:27,356 - [MainProcess:91658] mummi_ras.online.cg.cganalysis:run_main_analysis:232 - INFO - Sim structure_iter00_000000000013 IS DONE
2025-04-08 19:42:27,356 - [MainProcess:91658] mummi_ras.online.simulation:stop:135 - INFO - Stopping simulation structure_iter00_000000000013
2025-04-08 19:42:27,357 - [MainProcess:91658] mummi_ras.online.cg.cganalysis:processOutput:92 - INFO - Add feedback for frameNum 100 - state []
2025-04-08 19:42:27,357 - [MainProcess:91658] mummi_ras.online.cg.cganalysis:processOutput:92 - INFO - Add feedback for frameNum 101 - state []
2025-04-08 19:42:27,357 - [MainProcess:91658] mummi_ras.online.cg.cganalysis:processOutput:92 - INFO - Add feedback for frameNum 102 - state []
2025-04-08 19:42:27,357 - [MainProcess:91658] mummi_ras.online.cg.cganalysis:processOutput:92 - INFO - Add feedback for frameNum 103 - state []
2025-04-08 19:42:27,361 - [MainProcess:91658] mummi_core.interfaces.simple:_save_files:91 - INFO - Wrote 4 files to (/p/gpfs1/pottier1/minimummi-sc25/roots/root2/feedback-cg2ml/013)
2025-04-08 19:42:27,361 - [MainProcess:91658] mummi_ras.feedback.feedback_manager_cg2ml:report:118 - INFO - Added 4 frames (from structure_iter00_000000000013) to feedback (/p/gpfs1/pottier1/minimummi-sc25/roots/root2/feedback-cg2ml)
2025-04-08 19:42:27,361 - [MainProcess:91658] mummi_ras.online.cg.cganalysis:processOutput:112 - INFO - processOutput: 103
2025-04-08 19:42:27,361 - [MainProcess:91658] mummi_ras.online.cg.cganalysis:copyRemoteRestart:452 - INFO - Copy to remote frames [100, 101, 102, 103]
2025-04-08 19:42:27,547 - [MainProcess:91658] mummi_core.utils.utilities:sys_call:184 - INFO - Run command: rsync -va --no-g traj_comp.xtc topol.tpr state.cpt ener.edr md.log mdrun.log /p/gpfs1/pottier1/minimummi-sc25/roots/root2/sims-cg/structure_iter00_000000000013 || true
2025-04-08 19:42:27,668 - [MainProcess:91658] mummi_ras.interfaces.mummi:save_analysis_data:253 - INFO - Saved all analysis data for frames [100, 101, 102, 103]
2025-04-08 19:42:27,668 - [MainProcess:91658] mummi_ras.online.cg.cganalysis:copyRemoteLogs:350 - INFO - Copy over log files
2025-04-08 19:42:27,715 - [MainProcess:91658] mummi_core.utils.utilities:sys_call:184 - INFO - Run command: cp -r  /tmp/mummi/cg/structure_iter00_000000000013-20250408_191226/cg_analysis.out /tmp/mummi/cg/structure_iter00_000000000013-20250408_191226/traj_comp.xtc /tmp/mummi/cg/structure_iter00_000000000013-20250408_191226/*.log /p/gpfs1/pottier1/minimummi-sc25/roots/root2/sims-cg/structure_iter00_000000000013/ || true
2025-04-08 19:42:27,715 - [MainProcess:91658] mummi_ras.online.cg.cganalysis:copyRemoteLogs:365 - INFO - copyRemoteLogs =  /tmp/mummi/cg/structure_iter00_000000000013-20250408_191226/cg_analysis.out /tmp/mummi/cg/structure_iter00_000000000013-20250408_191226/traj_comp.xtc /tmp/mummi/cg/structure_iter00_000000000013-20250408_191226/*.log
2025-04-08 19:42:27,716 - [MainProcess:91658] mummi_ras.online.cg.cganalysis:cleanupLocal:375 - WARNING - Copy cleanup local only works for ddcMD files
2025-04-08 19:42:27,716 - [MainProcess:91658] mummi_core.interfaces.base:send_signal:275 - ERROR - Signal (/p/gpfs1/pottier1/minimummi-sc25/roots/root2/sims-cg/structure_iter00_000000000013/cg_success) already exist! Aborting.
2025-04-08 19:42:27,716 - [MainProcess:91658] mummi_core.interfaces.base:send_signal:280 - INFO - Saved signal (/p/gpfs1/pottier1/minimummi-sc25/roots/root2/sims-cg/structure_iter00_000000000013/cg_success)
2025-04-08 19:42:27,716 - [MainProcess:91658] mummi_ras.online.cg.cganalysis:copyRemoteLogs:350 - INFO - Copy over log files
2025-04-08 19:42:27,767 - [MainProcess:91658] mummi_core.utils.utilities:sys_call:184 - INFO - Run command: cp -r  /tmp/mummi/cg/structure_iter00_000000000013-20250408_191226/cg_analysis.out /tmp/mummi/cg/structure_iter00_000000000013-20250408_191226/traj_comp.xtc /tmp/mummi/cg/structure_iter00_000000000013-20250408_191226/*.log /p/gpfs1/pottier1/minimummi-sc25/roots/root2/sims-cg/structure_iter00_000000000013/ || true
2025-04-08 19:42:27,767 - [MainProcess:91658] mummi_ras.online.cg.cganalysis:copyRemoteLogs:365 - INFO - copyRemoteLogs =  /tmp/mummi/cg/structure_iter00_000000000013-20250408_191226/cg_analysis.out /tmp/mummi/cg/structure_iter00_000000000013-20250408_191226/traj_comp.xtc /tmp/mummi/cg/structure_iter00_000000000013-20250408_191226/*.log
2025-04-08 19:42:27,767 - [MainProcess:91658] mummi_ras.online.cg.cganalysis:run_main_analysis:248 - INFO - EXITING: structure_iter00_000000000013
