,name,kind,job,event,duration,container,experiment,iteration
0,aws-node-bsgcv,Pod,,pulled-timestamp,1742189330.0,602401143452.dkr.ecr.us-east-1.amazonaws.com/amazon/aws-network-policy-agent:v1.1.5-eksbuild.1,gpu-static,1
1,aws-node-bsgcv,Pod,,pulling-timestamp,1742189328.0,602401143452.dkr.ecr.us-east-1.amazonaws.com/amazon/aws-network-policy-agent:v1.1.5-eksbuild.1,gpu-static,1
2,aws-node-bsgcv,Pod,,scheduled-timestamp,1742189317.0,602401143452.dkr.ecr.us-east-1.amazonaws.com/amazon/aws-network-policy-agent:v1.1.5-eksbuild.1,gpu-static,1
3,aws-node-bsgcv,Pod,,created-timestamp,1742189330.0,602401143452.dkr.ecr.us-east-1.amazonaws.com/amazon/aws-network-policy-agent:v1.1.5-eksbuild.1,gpu-static,1
4,aws-node-bsgcv,Pod,,created,0,602401143452.dkr.ecr.us-east-1.amazonaws.com/amazon/aws-network-policy-agent:v1.1.5-eksbuild.1,gpu-static,1
5,aws-node-bsgcv,Pod,,started-timestamp,1742189330.0,602401143452.dkr.ecr.us-east-1.amazonaws.com/amazon/aws-network-policy-agent:v1.1.5-eksbuild.1,gpu-static,1
6,aws-node-bsgcv,Pod,,started,0,602401143452.dkr.ecr.us-east-1.amazonaws.com/amazon/aws-network-policy-agent:v1.1.5-eksbuild.1,gpu-static,1
7,aws-node-bsgcv,Pod,,pulled,1.576874058,602401143452.dkr.ecr.us-east-1.amazonaws.com/amazon/aws-network-policy-agent:v1.1.5-eksbuild.1,gpu-static,1
8,aws-node-jmkgt,Pod,,pulled-timestamp,1742189329.0,602401143452.dkr.ecr.us-east-1.amazonaws.com/amazon/aws-network-policy-agent:v1.1.5-eksbuild.1,gpu-static,1
9,aws-node-jmkgt,Pod,,pulling-timestamp,1742189327.0,602401143452.dkr.ecr.us-east-1.amazonaws.com/amazon/aws-network-policy-agent:v1.1.5-eksbuild.1,gpu-static,1
10,aws-node-jmkgt,Pod,,scheduled-timestamp,1742189316.0,602401143452.dkr.ecr.us-east-1.amazonaws.com/amazon/aws-network-policy-agent:v1.1.5-eksbuild.1,gpu-static,1
11,aws-node-jmkgt,Pod,,created-timestamp,1742189329.0,602401143452.dkr.ecr.us-east-1.amazonaws.com/amazon/aws-network-policy-agent:v1.1.5-eksbuild.1,gpu-static,1
12,aws-node-jmkgt,Pod,,created,0,602401143452.dkr.ecr.us-east-1.amazonaws.com/amazon/aws-network-policy-agent:v1.1.5-eksbuild.1,gpu-static,1
13,aws-node-jmkgt,Pod,,started-timestamp,1742189329.0,602401143452.dkr.ecr.us-east-1.amazonaws.com/amazon/aws-network-policy-agent:v1.1.5-eksbuild.1,gpu-static,1
14,aws-node-jmkgt,Pod,,started,0,602401143452.dkr.ecr.us-east-1.amazonaws.com/amazon/aws-network-policy-agent:v1.1.5-eksbuild.1,gpu-static,1
15,aws-node-jmkgt,Pod,,pulled,1.503493888,602401143452.dkr.ecr.us-east-1.amazonaws.com/amazon/aws-network-policy-agent:v1.1.5-eksbuild.1,gpu-static,1
16,aws-node-lfwgx,Pod,,pulled-timestamp,1742189329.0,602401143452.dkr.ecr.us-east-1.amazonaws.com/amazon/aws-network-policy-agent:v1.1.5-eksbuild.1,gpu-static,1
17,aws-node-lfwgx,Pod,,pulling-timestamp,1742189328.0,602401143452.dkr.ecr.us-east-1.amazonaws.com/amazon/aws-network-policy-agent:v1.1.5-eksbuild.1,gpu-static,1
18,aws-node-lfwgx,Pod,,scheduled-timestamp,1742189319.0,602401143452.dkr.ecr.us-east-1.amazonaws.com/amazon/aws-network-policy-agent:v1.1.5-eksbuild.1,gpu-static,1
19,aws-node-lfwgx,Pod,,created-timestamp,1742189329.0,602401143452.dkr.ecr.us-east-1.amazonaws.com/amazon/aws-network-policy-agent:v1.1.5-eksbuild.1,gpu-static,1
20,aws-node-lfwgx,Pod,,created,0,602401143452.dkr.ecr.us-east-1.amazonaws.com/amazon/aws-network-policy-agent:v1.1.5-eksbuild.1,gpu-static,1
21,aws-node-lfwgx,Pod,,started-timestamp,1742189329.0,602401143452.dkr.ecr.us-east-1.amazonaws.com/amazon/aws-network-policy-agent:v1.1.5-eksbuild.1,gpu-static,1
22,aws-node-lfwgx,Pod,,started,0,602401143452.dkr.ecr.us-east-1.amazonaws.com/amazon/aws-network-policy-agent:v1.1.5-eksbuild.1,gpu-static,1
23,aws-node-lfwgx,Pod,,pulled,1.510921853,602401143452.dkr.ecr.us-east-1.amazonaws.com/amazon/aws-network-policy-agent:v1.1.5-eksbuild.1,gpu-static,1
24,aws-node-r2fhw,Pod,,pulled-timestamp,1742189336.0,602401143452.dkr.ecr.us-east-1.amazonaws.com/amazon/aws-network-policy-agent:v1.1.5-eksbuild.1,gpu-static,1
25,aws-node-r2fhw,Pod,,pulling-timestamp,1742189334.0,602401143452.dkr.ecr.us-east-1.amazonaws.com/amazon/aws-network-policy-agent:v1.1.5-eksbuild.1,gpu-static,1
26,aws-node-r2fhw,Pod,,scheduled-timestamp,1742189321.0,602401143452.dkr.ecr.us-east-1.amazonaws.com/amazon/aws-network-policy-agent:v1.1.5-eksbuild.1,gpu-static,1
27,aws-node-r2fhw,Pod,,created-timestamp,1742189336.0,602401143452.dkr.ecr.us-east-1.amazonaws.com/amazon/aws-network-policy-agent:v1.1.5-eksbuild.1,gpu-static,1
28,aws-node-r2fhw,Pod,,created,0,602401143452.dkr.ecr.us-east-1.amazonaws.com/amazon/aws-network-policy-agent:v1.1.5-eksbuild.1,gpu-static,1
29,aws-node-r2fhw,Pod,,started-timestamp,1742189336.0,602401143452.dkr.ecr.us-east-1.amazonaws.com/amazon/aws-network-policy-agent:v1.1.5-eksbuild.1,gpu-static,1
30,aws-node-r2fhw,Pod,,started,0,602401143452.dkr.ecr.us-east-1.amazonaws.com/amazon/aws-network-policy-agent:v1.1.5-eksbuild.1,gpu-static,1
31,aws-node-r2fhw,Pod,,pulled,1.44469063,602401143452.dkr.ecr.us-east-1.amazonaws.com/amazon/aws-network-policy-agent:v1.1.5-eksbuild.1,gpu-static,1
32,aws-node-smnll,Pod,,pulled-timestamp,1742189330.0,602401143452.dkr.ecr.us-east-1.amazonaws.com/amazon/aws-network-policy-agent:v1.1.5-eksbuild.1,gpu-static,1
33,aws-node-smnll,Pod,,pulling-timestamp,1742189328.0,602401143452.dkr.ecr.us-east-1.amazonaws.com/amazon/aws-network-policy-agent:v1.1.5-eksbuild.1,gpu-static,1
34,aws-node-smnll,Pod,,scheduled-timestamp,1742189316.0,602401143452.dkr.ecr.us-east-1.amazonaws.com/amazon/aws-network-policy-agent:v1.1.5-eksbuild.1,gpu-static,1
35,aws-node-smnll,Pod,,created-timestamp,1742189330.0,602401143452.dkr.ecr.us-east-1.amazonaws.com/amazon/aws-network-policy-agent:v1.1.5-eksbuild.1,gpu-static,1
36,aws-node-smnll,Pod,,created,0,602401143452.dkr.ecr.us-east-1.amazonaws.com/amazon/aws-network-policy-agent:v1.1.5-eksbuild.1,gpu-static,1
37,aws-node-smnll,Pod,,started-timestamp,1742189330.0,602401143452.dkr.ecr.us-east-1.amazonaws.com/amazon/aws-network-policy-agent:v1.1.5-eksbuild.1,gpu-static,1
38,aws-node-smnll,Pod,,started,0,602401143452.dkr.ecr.us-east-1.amazonaws.com/amazon/aws-network-policy-agent:v1.1.5-eksbuild.1,gpu-static,1
39,aws-node-smnll,Pod,,pulled,1.528517269,602401143452.dkr.ecr.us-east-1.amazonaws.com/amazon/aws-network-policy-agent:v1.1.5-eksbuild.1,gpu-static,1
40,aws-node-tgdkh,Pod,,pulled-timestamp,1742189328.0,602401143452.dkr.ecr.us-east-1.amazonaws.com/amazon/aws-network-policy-agent:v1.1.5-eksbuild.1,gpu-static,1
41,aws-node-tgdkh,Pod,,pulling-timestamp,1742189327.0,602401143452.dkr.ecr.us-east-1.amazonaws.com/amazon/aws-network-policy-agent:v1.1.5-eksbuild.1,gpu-static,1
42,aws-node-tgdkh,Pod,,scheduled-timestamp,1742189315.0,602401143452.dkr.ecr.us-east-1.amazonaws.com/amazon/aws-network-policy-agent:v1.1.5-eksbuild.1,gpu-static,1
43,aws-node-tgdkh,Pod,,created-timestamp,1742189328.0,602401143452.dkr.ecr.us-east-1.amazonaws.com/amazon/aws-network-policy-agent:v1.1.5-eksbuild.1,gpu-static,1
44,aws-node-tgdkh,Pod,,created,0,602401143452.dkr.ecr.us-east-1.amazonaws.com/amazon/aws-network-policy-agent:v1.1.5-eksbuild.1,gpu-static,1
45,aws-node-tgdkh,Pod,,started-timestamp,1742189329.0,602401143452.dkr.ecr.us-east-1.amazonaws.com/amazon/aws-network-policy-agent:v1.1.5-eksbuild.1,gpu-static,1
46,aws-node-tgdkh,Pod,,started,1,602401143452.dkr.ecr.us-east-1.amazonaws.com/amazon/aws-network-policy-agent:v1.1.5-eksbuild.1,gpu-static,1
47,aws-node-tgdkh,Pod,,pulled,1.450850499,602401143452.dkr.ecr.us-east-1.amazonaws.com/amazon/aws-network-policy-agent:v1.1.5-eksbuild.1,gpu-static,1
48,coredns-d9b6d6c7d-cqxgg,Pod,,pulled-timestamp,1742189331.0,602401143452.dkr.ecr.us-east-1.amazonaws.com/eks/coredns:v1.10.1-eksbuild.4,gpu-static,1
49,coredns-d9b6d6c7d-cqxgg,Pod,,pulling-timestamp,1742189330.0,602401143452.dkr.ecr.us-east-1.amazonaws.com/eks/coredns:v1.10.1-eksbuild.4,gpu-static,1
50,coredns-d9b6d6c7d-cqxgg,Pod,,scheduled-timestamp,1742189329.0,602401143452.dkr.ecr.us-east-1.amazonaws.com/eks/coredns:v1.10.1-eksbuild.4,gpu-static,1
51,coredns-d9b6d6c7d-cqxgg,Pod,,created-timestamp,1742189331.0,602401143452.dkr.ecr.us-east-1.amazonaws.com/eks/coredns:v1.10.1-eksbuild.4,gpu-static,1
52,coredns-d9b6d6c7d-cqxgg,Pod,,created,0,602401143452.dkr.ecr.us-east-1.amazonaws.com/eks/coredns:v1.10.1-eksbuild.4,gpu-static,1
53,coredns-d9b6d6c7d-cqxgg,Pod,,started-timestamp,1742189331.0,602401143452.dkr.ecr.us-east-1.amazonaws.com/eks/coredns:v1.10.1-eksbuild.4,gpu-static,1
54,coredns-d9b6d6c7d-cqxgg,Pod,,started,0,602401143452.dkr.ecr.us-east-1.amazonaws.com/eks/coredns:v1.10.1-eksbuild.4,gpu-static,1
55,coredns-d9b6d6c7d-cqxgg,Pod,,pulled,1.047851042,602401143452.dkr.ecr.us-east-1.amazonaws.com/eks/coredns:v1.10.1-eksbuild.4,gpu-static,1
56,coredns-d9b6d6c7d-t8whh,Pod,,pulled-timestamp,1742189331.0,602401143452.dkr.ecr.us-east-1.amazonaws.com/eks/coredns:v1.10.1-eksbuild.4,gpu-static,1
57,coredns-d9b6d6c7d-t8whh,Pod,,pulling-timestamp,1742189330.0,602401143452.dkr.ecr.us-east-1.amazonaws.com/eks/coredns:v1.10.1-eksbuild.4,gpu-static,1
58,coredns-d9b6d6c7d-t8whh,Pod,,scheduled-timestamp,1742189329.0,602401143452.dkr.ecr.us-east-1.amazonaws.com/eks/coredns:v1.10.1-eksbuild.4,gpu-static,1
59,coredns-d9b6d6c7d-t8whh,Pod,,created-timestamp,1742189331.0,602401143452.dkr.ecr.us-east-1.amazonaws.com/eks/coredns:v1.10.1-eksbuild.4,gpu-static,1
60,coredns-d9b6d6c7d-t8whh,Pod,,created,0,602401143452.dkr.ecr.us-east-1.amazonaws.com/eks/coredns:v1.10.1-eksbuild.4,gpu-static,1
61,coredns-d9b6d6c7d-t8whh,Pod,,started-timestamp,1742189331.0,602401143452.dkr.ecr.us-east-1.amazonaws.com/eks/coredns:v1.10.1-eksbuild.4,gpu-static,1
62,coredns-d9b6d6c7d-t8whh,Pod,,started,0,602401143452.dkr.ecr.us-east-1.amazonaws.com/eks/coredns:v1.10.1-eksbuild.4,gpu-static,1
63,coredns-d9b6d6c7d-t8whh,Pod,,pulled,1.048120202,602401143452.dkr.ecr.us-east-1.amazonaws.com/eks/coredns:v1.10.1-eksbuild.4,gpu-static,1
64,metrics-server-7794986bdb-t6c8m,Pod,,pulled-timestamp,1742189331.0,602401143452.dkr.ecr.us-east-1.amazonaws.com/eks/metrics-server:v0.7.2-eksbuild.2,gpu-static,1
65,metrics-server-7794986bdb-t6c8m,Pod,,pulling-timestamp,1742189330.0,602401143452.dkr.ecr.us-east-1.amazonaws.com/eks/metrics-server:v0.7.2-eksbuild.2,gpu-static,1
66,metrics-server-7794986bdb-t6c8m,Pod,,scheduled-timestamp,1742189329.0,602401143452.dkr.ecr.us-east-1.amazonaws.com/eks/metrics-server:v0.7.2-eksbuild.2,gpu-static,1
67,metrics-server-7794986bdb-t6c8m,Pod,,created-timestamp,1742189331.0,602401143452.dkr.ecr.us-east-1.amazonaws.com/eks/metrics-server:v0.7.2-eksbuild.2,gpu-static,1
68,metrics-server-7794986bdb-t6c8m,Pod,,created,0,602401143452.dkr.ecr.us-east-1.amazonaws.com/eks/metrics-server:v0.7.2-eksbuild.2,gpu-static,1
69,metrics-server-7794986bdb-t6c8m,Pod,,started-timestamp,1742189331.0,602401143452.dkr.ecr.us-east-1.amazonaws.com/eks/metrics-server:v0.7.2-eksbuild.2,gpu-static,1
70,metrics-server-7794986bdb-t6c8m,Pod,,started,0,602401143452.dkr.ecr.us-east-1.amazonaws.com/eks/metrics-server:v0.7.2-eksbuild.2,gpu-static,1
71,metrics-server-7794986bdb-t6c8m,Pod,,pulled,1.510961312,602401143452.dkr.ecr.us-east-1.amazonaws.com/eks/metrics-server:v0.7.2-eksbuild.2,gpu-static,1
72,metrics-server-7794986bdb-wr9c8,Pod,,pulled-timestamp,1742189331.0,602401143452.dkr.ecr.us-east-1.amazonaws.com/eks/metrics-server:v0.7.2-eksbuild.2,gpu-static,1
73,metrics-server-7794986bdb-wr9c8,Pod,,pulling-timestamp,1742189330.0,602401143452.dkr.ecr.us-east-1.amazonaws.com/eks/metrics-server:v0.7.2-eksbuild.2,gpu-static,1
74,metrics-server-7794986bdb-wr9c8,Pod,,scheduled-timestamp,1742189329.0,602401143452.dkr.ecr.us-east-1.amazonaws.com/eks/metrics-server:v0.7.2-eksbuild.2,gpu-static,1
75,metrics-server-7794986bdb-wr9c8,Pod,,created-timestamp,1742189331.0,602401143452.dkr.ecr.us-east-1.amazonaws.com/eks/metrics-server:v0.7.2-eksbuild.2,gpu-static,1
76,metrics-server-7794986bdb-wr9c8,Pod,,created,0,602401143452.dkr.ecr.us-east-1.amazonaws.com/eks/metrics-server:v0.7.2-eksbuild.2,gpu-static,1
77,metrics-server-7794986bdb-wr9c8,Pod,,started-timestamp,1742189331.0,602401143452.dkr.ecr.us-east-1.amazonaws.com/eks/metrics-server:v0.7.2-eksbuild.2,gpu-static,1
78,metrics-server-7794986bdb-wr9c8,Pod,,started,0,602401143452.dkr.ecr.us-east-1.amazonaws.com/eks/metrics-server:v0.7.2-eksbuild.2,gpu-static,1
79,metrics-server-7794986bdb-wr9c8,Pod,,pulled,1.468748459,602401143452.dkr.ecr.us-east-1.amazonaws.com/eks/metrics-server:v0.7.2-eksbuild.2,gpu-static,1
80,nvidia-device-plugin-daemonset-44sxl,Pod,,pulled-timestamp,1742189365.0,nvcr.io/nvidia/k8s-device-plugin:v0.17.0,gpu-static,1
81,nvidia-device-plugin-daemonset-44sxl,Pod,,pulling-timestamp,1742189357.0,nvcr.io/nvidia/k8s-device-plugin:v0.17.0,gpu-static,1
82,nvidia-device-plugin-daemonset-44sxl,Pod,,scheduled-timestamp,1742189356.0,nvcr.io/nvidia/k8s-device-plugin:v0.17.0,gpu-static,1
83,nvidia-device-plugin-daemonset-44sxl,Pod,,created-timestamp,1742189365.0,nvcr.io/nvidia/k8s-device-plugin:v0.17.0,gpu-static,1
84,nvidia-device-plugin-daemonset-44sxl,Pod,,created,0,nvcr.io/nvidia/k8s-device-plugin:v0.17.0,gpu-static,1
85,nvidia-device-plugin-daemonset-44sxl,Pod,,started-timestamp,1742189365.0,nvcr.io/nvidia/k8s-device-plugin:v0.17.0,gpu-static,1
86,nvidia-device-plugin-daemonset-44sxl,Pod,,started,0,nvcr.io/nvidia/k8s-device-plugin:v0.17.0,gpu-static,1
87,nvidia-device-plugin-daemonset-44sxl,Pod,,pulled,7.85957684,nvcr.io/nvidia/k8s-device-plugin:v0.17.0,gpu-static,1
88,nvidia-device-plugin-daemonset-9pmj5,Pod,,pulled-timestamp,1742189365.0,nvcr.io/nvidia/k8s-device-plugin:v0.17.0,gpu-static,1
89,nvidia-device-plugin-daemonset-9pmj5,Pod,,pulling-timestamp,1742189357.0,nvcr.io/nvidia/k8s-device-plugin:v0.17.0,gpu-static,1
90,nvidia-device-plugin-daemonset-9pmj5,Pod,,scheduled-timestamp,1742189356.0,nvcr.io/nvidia/k8s-device-plugin:v0.17.0,gpu-static,1
91,nvidia-device-plugin-daemonset-9pmj5,Pod,,created-timestamp,1742189365.0,nvcr.io/nvidia/k8s-device-plugin:v0.17.0,gpu-static,1
92,nvidia-device-plugin-daemonset-9pmj5,Pod,,created,0,nvcr.io/nvidia/k8s-device-plugin:v0.17.0,gpu-static,1
93,nvidia-device-plugin-daemonset-9pmj5,Pod,,started-timestamp,1742189367.0,nvcr.io/nvidia/k8s-device-plugin:v0.17.0,gpu-static,1
94,nvidia-device-plugin-daemonset-9pmj5,Pod,,started,2,nvcr.io/nvidia/k8s-device-plugin:v0.17.0,gpu-static,1
95,nvidia-device-plugin-daemonset-9pmj5,Pod,,pulled,8.525591139,nvcr.io/nvidia/k8s-device-plugin:v0.17.0,gpu-static,1
96,nvidia-device-plugin-daemonset-f2jq9,Pod,,pulled-timestamp,1742189365.0,nvcr.io/nvidia/k8s-device-plugin:v0.17.0,gpu-static,1
97,nvidia-device-plugin-daemonset-f2jq9,Pod,,pulling-timestamp,1742189357.0,nvcr.io/nvidia/k8s-device-plugin:v0.17.0,gpu-static,1
98,nvidia-device-plugin-daemonset-f2jq9,Pod,,scheduled-timestamp,1742189356.0,nvcr.io/nvidia/k8s-device-plugin:v0.17.0,gpu-static,1
99,nvidia-device-plugin-daemonset-f2jq9,Pod,,created-timestamp,1742189365.0,nvcr.io/nvidia/k8s-device-plugin:v0.17.0,gpu-static,1
100,nvidia-device-plugin-daemonset-f2jq9,Pod,,created,0,nvcr.io/nvidia/k8s-device-plugin:v0.17.0,gpu-static,1
101,nvidia-device-plugin-daemonset-f2jq9,Pod,,started-timestamp,1742189367.0,nvcr.io/nvidia/k8s-device-plugin:v0.17.0,gpu-static,1
102,nvidia-device-plugin-daemonset-f2jq9,Pod,,started,2,nvcr.io/nvidia/k8s-device-plugin:v0.17.0,gpu-static,1
103,nvidia-device-plugin-daemonset-f2jq9,Pod,,pulled,8.570119326,nvcr.io/nvidia/k8s-device-plugin:v0.17.0,gpu-static,1
104,nvidia-device-plugin-daemonset-hdzbd,Pod,,pulled-timestamp,1742189365.0,nvcr.io/nvidia/k8s-device-plugin:v0.17.0,gpu-static,1
105,nvidia-device-plugin-daemonset-hdzbd,Pod,,pulling-timestamp,1742189357.0,nvcr.io/nvidia/k8s-device-plugin:v0.17.0,gpu-static,1
106,nvidia-device-plugin-daemonset-hdzbd,Pod,,scheduled-timestamp,1742189356.0,nvcr.io/nvidia/k8s-device-plugin:v0.17.0,gpu-static,1
107,nvidia-device-plugin-daemonset-hdzbd,Pod,,created-timestamp,1742189365.0,nvcr.io/nvidia/k8s-device-plugin:v0.17.0,gpu-static,1
108,nvidia-device-plugin-daemonset-hdzbd,Pod,,created,0,nvcr.io/nvidia/k8s-device-plugin:v0.17.0,gpu-static,1
109,nvidia-device-plugin-daemonset-hdzbd,Pod,,started-timestamp,1742189365.0,nvcr.io/nvidia/k8s-device-plugin:v0.17.0,gpu-static,1
110,nvidia-device-plugin-daemonset-hdzbd,Pod,,started,0,nvcr.io/nvidia/k8s-device-plugin:v0.17.0,gpu-static,1
111,nvidia-device-plugin-daemonset-hdzbd,Pod,,pulled,8.147586527,nvcr.io/nvidia/k8s-device-plugin:v0.17.0,gpu-static,1
112,nvidia-device-plugin-daemonset-mgfhm,Pod,,pulled-timestamp,1742189365.0,nvcr.io/nvidia/k8s-device-plugin:v0.17.0,gpu-static,1
113,nvidia-device-plugin-daemonset-mgfhm,Pod,,pulling-timestamp,1742189357.0,nvcr.io/nvidia/k8s-device-plugin:v0.17.0,gpu-static,1
114,nvidia-device-plugin-daemonset-mgfhm,Pod,,scheduled-timestamp,1742189356.0,nvcr.io/nvidia/k8s-device-plugin:v0.17.0,gpu-static,1
115,nvidia-device-plugin-daemonset-mgfhm,Pod,,created-timestamp,1742189365.0,nvcr.io/nvidia/k8s-device-plugin:v0.17.0,gpu-static,1
116,nvidia-device-plugin-daemonset-mgfhm,Pod,,created,0,nvcr.io/nvidia/k8s-device-plugin:v0.17.0,gpu-static,1
117,nvidia-device-plugin-daemonset-mgfhm,Pod,,started-timestamp,1742189366.0,nvcr.io/nvidia/k8s-device-plugin:v0.17.0,gpu-static,1
118,nvidia-device-plugin-daemonset-mgfhm,Pod,,started,1,nvcr.io/nvidia/k8s-device-plugin:v0.17.0,gpu-static,1
119,nvidia-device-plugin-daemonset-mgfhm,Pod,,pulled,8.292517199,nvcr.io/nvidia/k8s-device-plugin:v0.17.0,gpu-static,1
120,nvidia-device-plugin-daemonset-mtqmc,Pod,,pulled-timestamp,1742189365.0,nvcr.io/nvidia/k8s-device-plugin:v0.17.0,gpu-static,1
121,nvidia-device-plugin-daemonset-mtqmc,Pod,,pulling-timestamp,1742189357.0,nvcr.io/nvidia/k8s-device-plugin:v0.17.0,gpu-static,1
122,nvidia-device-plugin-daemonset-mtqmc,Pod,,scheduled-timestamp,1742189356.0,nvcr.io/nvidia/k8s-device-plugin:v0.17.0,gpu-static,1
123,nvidia-device-plugin-daemonset-mtqmc,Pod,,created-timestamp,1742189365.0,nvcr.io/nvidia/k8s-device-plugin:v0.17.0,gpu-static,1
124,nvidia-device-plugin-daemonset-mtqmc,Pod,,created,0,nvcr.io/nvidia/k8s-device-plugin:v0.17.0,gpu-static,1
125,nvidia-device-plugin-daemonset-mtqmc,Pod,,started-timestamp,1742189366.0,nvcr.io/nvidia/k8s-device-plugin:v0.17.0,gpu-static,1
126,nvidia-device-plugin-daemonset-mtqmc,Pod,,started,1,nvcr.io/nvidia/k8s-device-plugin:v0.17.0,gpu-static,1
127,nvidia-device-plugin-daemonset-mtqmc,Pod,,pulled,8.58745371,nvcr.io/nvidia/k8s-device-plugin:v0.17.0,gpu-static,1
128,event-exporter-6d778fb78d-crt79,Pod,,pulled-timestamp,1742189805.0,ghcr.io/resmoio/kubernetes-event-exporter:latest,gpu-static,1
129,event-exporter-6d778fb78d-crt79,Pod,,pulling-timestamp,1742189804.0,ghcr.io/resmoio/kubernetes-event-exporter:latest,gpu-static,1
130,event-exporter-6d778fb78d-crt79,Pod,,scheduled-timestamp,1742189803.0,ghcr.io/resmoio/kubernetes-event-exporter:latest,gpu-static,1
131,event-exporter-6d778fb78d-crt79,Pod,,created-timestamp,1742189805.0,ghcr.io/resmoio/kubernetes-event-exporter:latest,gpu-static,1
132,event-exporter-6d778fb78d-crt79,Pod,,created,0,ghcr.io/resmoio/kubernetes-event-exporter:latest,gpu-static,1
133,event-exporter-6d778fb78d-crt79,Pod,,started-timestamp,1742189805.0,ghcr.io/resmoio/kubernetes-event-exporter:latest,gpu-static,1
134,event-exporter-6d778fb78d-crt79,Pod,,started,0,ghcr.io/resmoio/kubernetes-event-exporter:latest,gpu-static,1
135,event-exporter-6d778fb78d-crt79,Pod,,pulled,1.372554648,ghcr.io/resmoio/kubernetes-event-exporter:latest,gpu-static,1
136,mummi-operator-controller-manager-5dd8c556d-wcpmd,Pod,,pulled-timestamp,1742189911.0,ghcr.io/converged-computing/mummi-operator:test,gpu-static,1
137,mummi-operator-controller-manager-5dd8c556d-wcpmd,Pod,,pulling-timestamp,1742189910.0,ghcr.io/converged-computing/mummi-operator:test,gpu-static,1
138,mummi-operator-controller-manager-5dd8c556d-wcpmd,Pod,,scheduled-timestamp,1742189909.0,ghcr.io/converged-computing/mummi-operator:test,gpu-static,1
139,mummi-operator-controller-manager-5dd8c556d-wcpmd,Pod,,created-timestamp,1742189911.0,ghcr.io/converged-computing/mummi-operator:test,gpu-static,1
140,mummi-operator-controller-manager-5dd8c556d-wcpmd,Pod,,created,0,ghcr.io/converged-computing/mummi-operator:test,gpu-static,1
141,mummi-operator-controller-manager-5dd8c556d-wcpmd,Pod,,started-timestamp,1742189911.0,ghcr.io/converged-computing/mummi-operator:test,gpu-static,1
142,mummi-operator-controller-manager-5dd8c556d-wcpmd,Pod,,started,0,ghcr.io/converged-computing/mummi-operator:test,gpu-static,1
143,mummi-operator-controller-manager-5dd8c556d-wcpmd,Pod,,pulled,1.360609376,ghcr.io/converged-computing/mummi-operator:test,gpu-static,1
144,registry-0,Pod,,pulled-timestamp,1742190105.0,ghcr.io/oras-project/registry:latest,gpu-static,1
145,registry-0,Pod,,pulling-timestamp,1742190104.0,ghcr.io/oras-project/registry:latest,gpu-static,1
146,registry-0,Pod,,scheduled-timestamp,1742190104.0,ghcr.io/oras-project/registry:latest,gpu-static,1
147,registry-0,Pod,,created-timestamp,1742190105.0,ghcr.io/oras-project/registry:latest,gpu-static,1
148,registry-0,Pod,,created,0,ghcr.io/oras-project/registry:latest,gpu-static,1
149,registry-0,Pod,,started-timestamp,1742190105.0,ghcr.io/oras-project/registry:latest,gpu-static,1
150,registry-0,Pod,,started,0,ghcr.io/oras-project/registry:latest,gpu-static,1
151,registry-0,Pod,,pulled,0.971133292,ghcr.io/oras-project/registry:latest,gpu-static,1
152,mummi-sample-rabbitmq-5d874bc456-hd2vk,Pod,,pulled-timestamp,1742190109.0,633731392008.dkr.ecr.us-east-1.amazonaws.com/mini-mummi:rabbitmq,gpu-static,1
153,mummi-sample-rabbitmq-5d874bc456-hd2vk,Pod,,pulling-timestamp,1742190105.0,633731392008.dkr.ecr.us-east-1.amazonaws.com/mini-mummi:rabbitmq,gpu-static,1
154,mummi-sample-rabbitmq-5d874bc456-hd2vk,Pod,,scheduled-timestamp,1742190104.0,633731392008.dkr.ecr.us-east-1.amazonaws.com/mini-mummi:rabbitmq,gpu-static,1
155,mummi-sample-rabbitmq-5d874bc456-hd2vk,Pod,,created-timestamp,1742190109.0,633731392008.dkr.ecr.us-east-1.amazonaws.com/mini-mummi:rabbitmq,gpu-static,1
156,mummi-sample-rabbitmq-5d874bc456-hd2vk,Pod,,created,0,633731392008.dkr.ecr.us-east-1.amazonaws.com/mini-mummi:rabbitmq,gpu-static,1
157,mummi-sample-rabbitmq-5d874bc456-hd2vk,Pod,,started-timestamp,1742190109.0,633731392008.dkr.ecr.us-east-1.amazonaws.com/mini-mummi:rabbitmq,gpu-static,1
158,mummi-sample-rabbitmq-5d874bc456-hd2vk,Pod,,started,0,633731392008.dkr.ecr.us-east-1.amazonaws.com/mini-mummi:rabbitmq,gpu-static,1
159,mummi-sample-rabbitmq-5d874bc456-hd2vk,Pod,,pulled,4.226881646,633731392008.dkr.ecr.us-east-1.amazonaws.com/mini-mummi:rabbitmq,gpu-static,1
160,mummi-sample-mlserver-78746977b4-4bjdz,Pod,,pulled-timestamp,1742190487.0,633731392008.dkr.ecr.us-east-1.amazonaws.com/mini-mummi:mlserver-gpu,gpu-static,1
161,mummi-sample-mlserver-78746977b4-4bjdz,Pod,,pulling-timestamp,1742190105.0,633731392008.dkr.ecr.us-east-1.amazonaws.com/mini-mummi:mlserver-gpu,gpu-static,1
162,mummi-sample-mlserver-78746977b4-4bjdz,Pod,,scheduled-timestamp,1742190105.0,633731392008.dkr.ecr.us-east-1.amazonaws.com/mini-mummi:mlserver-gpu,gpu-static,1
163,mummi-sample-mlserver-78746977b4-4bjdz,Pod,,created-timestamp,1742190488.0,633731392008.dkr.ecr.us-east-1.amazonaws.com/mini-mummi:mlserver-gpu,gpu-static,1
164,mummi-sample-mlserver-78746977b4-4bjdz,Pod,,created,1,633731392008.dkr.ecr.us-east-1.amazonaws.com/mini-mummi:mlserver-gpu,gpu-static,1
165,mummi-sample-mlserver-78746977b4-4bjdz,Pod,,started-timestamp,1742190490.0,633731392008.dkr.ecr.us-east-1.amazonaws.com/mini-mummi:mlserver-gpu,gpu-static,1
166,mummi-sample-mlserver-78746977b4-4bjdz,Pod,,started,2,633731392008.dkr.ecr.us-east-1.amazonaws.com/mini-mummi:mlserver-gpu,gpu-static,1
167,mummi-sample-mlserver-78746977b4-4bjdz,Pod,,pulled,382.317830302,633731392008.dkr.ecr.us-east-1.amazonaws.com/mini-mummi:mlserver-gpu,gpu-static,1
168,mummi-sample-wfmanager-64d87ddb87-w8n25,Pod,,pulled-timestamp,1742190431.0,633731392008.dkr.ecr.us-east-1.amazonaws.com/mini-mummi:wfmanager,gpu-static,1
169,mummi-sample-wfmanager-64d87ddb87-w8n25,Pod,,pulling-timestamp,1742190105.0,633731392008.dkr.ecr.us-east-1.amazonaws.com/mini-mummi:wfmanager,gpu-static,1
170,mummi-sample-wfmanager-64d87ddb87-w8n25,Pod,,scheduled-timestamp,1742190105.0,633731392008.dkr.ecr.us-east-1.amazonaws.com/mini-mummi:wfmanager,gpu-static,1
171,mummi-sample-wfmanager-64d87ddb87-w8n25,Pod,,created-timestamp,1742190431.0,633731392008.dkr.ecr.us-east-1.amazonaws.com/mini-mummi:wfmanager,gpu-static,1
172,mummi-sample-wfmanager-64d87ddb87-w8n25,Pod,,created,0,633731392008.dkr.ecr.us-east-1.amazonaws.com/mini-mummi:wfmanager,gpu-static,1
173,mummi-sample-wfmanager-64d87ddb87-w8n25,Pod,,started-timestamp,1742190431.0,633731392008.dkr.ecr.us-east-1.amazonaws.com/mini-mummi:wfmanager,gpu-static,1
174,mummi-sample-wfmanager-64d87ddb87-w8n25,Pod,,started,0,633731392008.dkr.ecr.us-east-1.amazonaws.com/mini-mummi:wfmanager,gpu-static,1
175,mummi-sample-wfmanager-64d87ddb87-w8n25,Pod,,pulled,325.758445977,633731392008.dkr.ecr.us-east-1.amazonaws.com/mini-mummi:wfmanager,gpu-static,1
176,createsim-structure-iter00-000000000001,Job,createsim,successfulcreate-timestamp,1742190774.0,,gpu-static,1
177,createsim-structure-iter00-000000000001,Job,createsim,completed-timestamp,1742191797.0,,gpu-static,1
178,createsim-structure-iter00-000000000001,Job,createsim,running,1023,,gpu-static,1
179,createsim-structure-iter00-000000000001-bt5s4,Pod,createsim,pulled-timestamp,1742190981.0,633731392008.dkr.ecr.us-east-1.amazonaws.com/mini-mummi:createsims-gpu,gpu-static,1
180,createsim-structure-iter00-000000000001-bt5s4,Pod,createsim,pulling-timestamp,1742190775.0,633731392008.dkr.ecr.us-east-1.amazonaws.com/mini-mummi:createsims-gpu,gpu-static,1
181,createsim-structure-iter00-000000000001-bt5s4,Pod,createsim,scheduled-timestamp,1742190774.0,633731392008.dkr.ecr.us-east-1.amazonaws.com/mini-mummi:createsims-gpu,gpu-static,1
182,createsim-structure-iter00-000000000001-bt5s4,Pod,createsim,created-timestamp,1742190981.0,633731392008.dkr.ecr.us-east-1.amazonaws.com/mini-mummi:createsims-gpu,gpu-static,1
183,createsim-structure-iter00-000000000001-bt5s4,Pod,createsim,created,0,633731392008.dkr.ecr.us-east-1.amazonaws.com/mini-mummi:createsims-gpu,gpu-static,1
184,createsim-structure-iter00-000000000001-bt5s4,Pod,createsim,started-timestamp,1742190984.0,633731392008.dkr.ecr.us-east-1.amazonaws.com/mini-mummi:createsims-gpu,gpu-static,1
185,createsim-structure-iter00-000000000001-bt5s4,Pod,createsim,started,3,633731392008.dkr.ecr.us-east-1.amazonaws.com/mini-mummi:createsims-gpu,gpu-static,1
186,createsim-structure-iter00-000000000001-bt5s4,Pod,createsim,pulled,206.094121367,633731392008.dkr.ecr.us-east-1.amazonaws.com/mini-mummi:createsims-gpu,gpu-static,1
187,createsim-structure-iter00-000000000000,Job,createsim,successfulcreate-timestamp,1742190774.0,,gpu-static,1
188,createsim-structure-iter00-000000000000,Job,createsim,completed-timestamp,1742191775.0,,gpu-static,1
189,createsim-structure-iter00-000000000000,Job,createsim,running,1001,,gpu-static,1
190,createsim-structure-iter00-000000000000-b9bh7,Pod,createsim,pulled-timestamp,1742190978.0,633731392008.dkr.ecr.us-east-1.amazonaws.com/mini-mummi:createsims-gpu,gpu-static,1
191,createsim-structure-iter00-000000000000-b9bh7,Pod,createsim,pulling-timestamp,1742190775.0,633731392008.dkr.ecr.us-east-1.amazonaws.com/mini-mummi:createsims-gpu,gpu-static,1
192,createsim-structure-iter00-000000000000-b9bh7,Pod,createsim,scheduled-timestamp,1742190774.0,633731392008.dkr.ecr.us-east-1.amazonaws.com/mini-mummi:createsims-gpu,gpu-static,1
193,createsim-structure-iter00-000000000000-b9bh7,Pod,createsim,created-timestamp,1742190978.0,633731392008.dkr.ecr.us-east-1.amazonaws.com/mini-mummi:createsims-gpu,gpu-static,1
194,createsim-structure-iter00-000000000000-b9bh7,Pod,createsim,created,0,633731392008.dkr.ecr.us-east-1.amazonaws.com/mini-mummi:createsims-gpu,gpu-static,1
195,createsim-structure-iter00-000000000000-b9bh7,Pod,createsim,started-timestamp,1742190981.0,633731392008.dkr.ecr.us-east-1.amazonaws.com/mini-mummi:createsims-gpu,gpu-static,1
196,createsim-structure-iter00-000000000000-b9bh7,Pod,createsim,started,3,633731392008.dkr.ecr.us-east-1.amazonaws.com/mini-mummi:createsims-gpu,gpu-static,1
197,createsim-structure-iter00-000000000000-b9bh7,Pod,createsim,pulled,203.009064866,633731392008.dkr.ecr.us-east-1.amazonaws.com/mini-mummi:createsims-gpu,gpu-static,1
198,cganalysis-structure-iter00-000000000000,Job,cganalysis,successfulcreate-timestamp,1742191776.0,,gpu-static,1
199,cganalysis-structure-iter00-000000000000,Job,cganalysis,completed-timestamp,1742193747.0,,gpu-static,1
200,cganalysis-structure-iter00-000000000000,Job,cganalysis,running,1971,,gpu-static,1
201,cganalysis-structure-iter00-000000000000-29mrs,Pod,cganalysis,pulled-timestamp,1742191956.0,633731392008.dkr.ecr.us-east-1.amazonaws.com/mini-mummi:cganalysis-gpu,gpu-static,1
202,cganalysis-structure-iter00-000000000000-29mrs,Pod,cganalysis,pulling-timestamp,1742191776.0,633731392008.dkr.ecr.us-east-1.amazonaws.com/mini-mummi:cganalysis-gpu,gpu-static,1
203,cganalysis-structure-iter00-000000000000-29mrs,Pod,cganalysis,scheduled-timestamp,1742191776.0,633731392008.dkr.ecr.us-east-1.amazonaws.com/mini-mummi:cganalysis-gpu,gpu-static,1
204,cganalysis-structure-iter00-000000000000-29mrs,Pod,cganalysis,created-timestamp,1742191956.0,633731392008.dkr.ecr.us-east-1.amazonaws.com/mini-mummi:cganalysis-gpu,gpu-static,1
205,cganalysis-structure-iter00-000000000000-29mrs,Pod,cganalysis,created,0,633731392008.dkr.ecr.us-east-1.amazonaws.com/mini-mummi:cganalysis-gpu,gpu-static,1
206,cganalysis-structure-iter00-000000000000-29mrs,Pod,cganalysis,started-timestamp,1742191958.0,633731392008.dkr.ecr.us-east-1.amazonaws.com/mini-mummi:cganalysis-gpu,gpu-static,1
207,cganalysis-structure-iter00-000000000000-29mrs,Pod,cganalysis,started,2,633731392008.dkr.ecr.us-east-1.amazonaws.com/mini-mummi:cganalysis-gpu,gpu-static,1
208,cganalysis-structure-iter00-000000000000-29mrs,Pod,cganalysis,pulled,179.597247484,633731392008.dkr.ecr.us-east-1.amazonaws.com/mini-mummi:cganalysis-gpu,gpu-static,1
209,createsim-structure-iter00-000000000002,Job,createsim,successfulcreate-timestamp,1742191794.0,,gpu-static,1
210,createsim-structure-iter00-000000000002,Job,createsim,completed-timestamp,1742192816.0,,gpu-static,1
211,createsim-structure-iter00-000000000002,Job,createsim,running,1022,,gpu-static,1
212,createsim-structure-iter00-000000000002-tk7kf,Pod,createsim,pulled-timestamp,1742192021.0,633731392008.dkr.ecr.us-east-1.amazonaws.com/mini-mummi:createsims-gpu,gpu-static,1
213,createsim-structure-iter00-000000000002-tk7kf,Pod,createsim,pulling-timestamp,1742191794.0,633731392008.dkr.ecr.us-east-1.amazonaws.com/mini-mummi:createsims-gpu,gpu-static,1
214,createsim-structure-iter00-000000000002-tk7kf,Pod,createsim,scheduled-timestamp,1742191794.0,633731392008.dkr.ecr.us-east-1.amazonaws.com/mini-mummi:createsims-gpu,gpu-static,1
215,createsim-structure-iter00-000000000002-tk7kf,Pod,createsim,created-timestamp,1742192021.0,633731392008.dkr.ecr.us-east-1.amazonaws.com/mini-mummi:createsims-gpu,gpu-static,1
216,createsim-structure-iter00-000000000002-tk7kf,Pod,createsim,created,0,633731392008.dkr.ecr.us-east-1.amazonaws.com/mini-mummi:createsims-gpu,gpu-static,1
217,createsim-structure-iter00-000000000002-tk7kf,Pod,createsim,started-timestamp,1742192021.0,633731392008.dkr.ecr.us-east-1.amazonaws.com/mini-mummi:createsims-gpu,gpu-static,1
218,createsim-structure-iter00-000000000002-tk7kf,Pod,createsim,started,0,633731392008.dkr.ecr.us-east-1.amazonaws.com/mini-mummi:createsims-gpu,gpu-static,1
219,createsim-structure-iter00-000000000002-tk7kf,Pod,createsim,pulled,226.701614736,633731392008.dkr.ecr.us-east-1.amazonaws.com/mini-mummi:createsims-gpu,gpu-static,1
220,createsim-structure-iter00-000000000004,Job,createsim,successfulcreate-timestamp,1742191809.0,,gpu-static,1
221,createsim-structure-iter00-000000000004,Job,createsim,completed-timestamp,1742192629.0,,gpu-static,1
222,createsim-structure-iter00-000000000004,Job,createsim,running,820,,gpu-static,1
223,cganalysis-structure-iter00-000000000001,Job,cganalysis,successfulcreate-timestamp,1742191809.0,,gpu-static,1
224,cganalysis-structure-iter00-000000000001,Job,cganalysis,completed-timestamp,1742193824.0,,gpu-static,1
225,cganalysis-structure-iter00-000000000001,Job,cganalysis,running,2015,,gpu-static,1
226,cganalysis-structure-iter00-000000000001-pwkss,Pod,cganalysis,pulled-timestamp,1742192032.0,633731392008.dkr.ecr.us-east-1.amazonaws.com/mini-mummi:cganalysis-gpu,gpu-static,1
227,cganalysis-structure-iter00-000000000001-pwkss,Pod,cganalysis,pulling-timestamp,1742191810.0,633731392008.dkr.ecr.us-east-1.amazonaws.com/mini-mummi:cganalysis-gpu,gpu-static,1
228,cganalysis-structure-iter00-000000000001-pwkss,Pod,cganalysis,scheduled-timestamp,1742191809.0,633731392008.dkr.ecr.us-east-1.amazonaws.com/mini-mummi:cganalysis-gpu,gpu-static,1
229,cganalysis-structure-iter00-000000000001-pwkss,Pod,cganalysis,created-timestamp,1742192032.0,633731392008.dkr.ecr.us-east-1.amazonaws.com/mini-mummi:cganalysis-gpu,gpu-static,1
230,cganalysis-structure-iter00-000000000001-pwkss,Pod,cganalysis,created,0,633731392008.dkr.ecr.us-east-1.amazonaws.com/mini-mummi:cganalysis-gpu,gpu-static,1
231,cganalysis-structure-iter00-000000000001-pwkss,Pod,cganalysis,started-timestamp,1742192035.0,633731392008.dkr.ecr.us-east-1.amazonaws.com/mini-mummi:cganalysis-gpu,gpu-static,1
232,cganalysis-structure-iter00-000000000001-pwkss,Pod,cganalysis,started,3,633731392008.dkr.ecr.us-east-1.amazonaws.com/mini-mummi:cganalysis-gpu,gpu-static,1
233,cganalysis-structure-iter00-000000000001-pwkss,Pod,cganalysis,pulled,221.962205589,633731392008.dkr.ecr.us-east-1.amazonaws.com/mini-mummi:cganalysis-gpu,gpu-static,1
234,cganalysis-structure-iter00-000000000004,Job,cganalysis,successfulcreate-timestamp,1742192631.0,,gpu-static,1
235,cganalysis-structure-iter00-000000000004,Job,cganalysis,completed-timestamp,1742194601.0,,gpu-static,1
236,cganalysis-structure-iter00-000000000004,Job,cganalysis,running,1970,,gpu-static,1
237,cganalysis-structure-iter00-000000000004-5rkrp,Pod,cganalysis,pulled-timestamp,1742192813.0,633731392008.dkr.ecr.us-east-1.amazonaws.com/mini-mummi:cganalysis-gpu,gpu-static,1
238,cganalysis-structure-iter00-000000000004-5rkrp,Pod,cganalysis,pulling-timestamp,1742192632.0,633731392008.dkr.ecr.us-east-1.amazonaws.com/mini-mummi:cganalysis-gpu,gpu-static,1
239,cganalysis-structure-iter00-000000000004-5rkrp,Pod,cganalysis,scheduled-timestamp,1742192631.0,633731392008.dkr.ecr.us-east-1.amazonaws.com/mini-mummi:cganalysis-gpu,gpu-static,1
240,cganalysis-structure-iter00-000000000004-5rkrp,Pod,cganalysis,created-timestamp,1742192813.0,633731392008.dkr.ecr.us-east-1.amazonaws.com/mini-mummi:cganalysis-gpu,gpu-static,1
241,cganalysis-structure-iter00-000000000004-5rkrp,Pod,cganalysis,created,0,633731392008.dkr.ecr.us-east-1.amazonaws.com/mini-mummi:cganalysis-gpu,gpu-static,1
242,cganalysis-structure-iter00-000000000004-5rkrp,Pod,cganalysis,started-timestamp,1742192813.0,633731392008.dkr.ecr.us-east-1.amazonaws.com/mini-mummi:cganalysis-gpu,gpu-static,1
243,cganalysis-structure-iter00-000000000004-5rkrp,Pod,cganalysis,started,0,633731392008.dkr.ecr.us-east-1.amazonaws.com/mini-mummi:cganalysis-gpu,gpu-static,1
244,cganalysis-structure-iter00-000000000004-5rkrp,Pod,cganalysis,pulled,181.401547224,633731392008.dkr.ecr.us-east-1.amazonaws.com/mini-mummi:cganalysis-gpu,gpu-static,1
245,createsim-structure-iter00-000000000006,Job,createsim,successfulcreate-timestamp,1742192649.0,,gpu-static,1
246,createsim-structure-iter00-000000000006,Job,createsim,completed-timestamp,1742193696.0,,gpu-static,1
247,createsim-structure-iter00-000000000006,Job,createsim,running,1047,,gpu-static,1
248,createsim-structure-iter00-000000000006-b446m,Pod,createsim,pulled-timestamp,1742192879.0,633731392008.dkr.ecr.us-east-1.amazonaws.com/mini-mummi:createsims-gpu,gpu-static,1
249,createsim-structure-iter00-000000000006-b446m,Pod,createsim,pulling-timestamp,1742192650.0,633731392008.dkr.ecr.us-east-1.amazonaws.com/mini-mummi:createsims-gpu,gpu-static,1
250,createsim-structure-iter00-000000000006-b446m,Pod,createsim,scheduled-timestamp,1742192649.0,633731392008.dkr.ecr.us-east-1.amazonaws.com/mini-mummi:createsims-gpu,gpu-static,1
251,createsim-structure-iter00-000000000006-b446m,Pod,createsim,created-timestamp,1742192879.0,633731392008.dkr.ecr.us-east-1.amazonaws.com/mini-mummi:createsims-gpu,gpu-static,1
252,createsim-structure-iter00-000000000006-b446m,Pod,createsim,created,0,633731392008.dkr.ecr.us-east-1.amazonaws.com/mini-mummi:createsims-gpu,gpu-static,1
253,createsim-structure-iter00-000000000006-b446m,Pod,createsim,started-timestamp,1742192882.0,633731392008.dkr.ecr.us-east-1.amazonaws.com/mini-mummi:createsims-gpu,gpu-static,1
254,createsim-structure-iter00-000000000006-b446m,Pod,createsim,started,3,633731392008.dkr.ecr.us-east-1.amazonaws.com/mini-mummi:createsims-gpu,gpu-static,1
255,createsim-structure-iter00-000000000006-b446m,Pod,createsim,pulled,229.0418101,633731392008.dkr.ecr.us-east-1.amazonaws.com/mini-mummi:createsims-gpu,gpu-static,1
256,createsim-structure-iter00-000000000008,Job,createsim,successfulcreate-timestamp,1742192844.0,,gpu-static,1
257,createsim-structure-iter00-000000000008,Job,createsim,completed-timestamp,1742193631.0,,gpu-static,1
258,createsim-structure-iter00-000000000008,Job,createsim,running,787,,gpu-static,1
259,createsim-structure-iter00-000000000010,Job,createsim,successfulcreate-timestamp,1742193654.0,,gpu-static,1
260,createsim-structure-iter00-000000000010,Job,createsim,completed-timestamp,1742194448.0,,gpu-static,1
261,createsim-structure-iter00-000000000010,Job,createsim,running,794,,gpu-static,1
262,createsim-structure-iter00-000000000012,Job,createsim,successfulcreate-timestamp,1742193714.0,,gpu-static,1
263,createsim-structure-iter00-000000000012,Job,createsim,completed-timestamp,1742194526.0,,gpu-static,1
264,createsim-structure-iter00-000000000012,Job,createsim,running,812,,gpu-static,1
265,cganalysis-structure-iter00-000000000002,Job,cganalysis,successfulcreate-timestamp,1742193756.0,,gpu-static,1
266,cganalysis-structure-iter00-000000000002,Job,cganalysis,completed-timestamp,1742195546.0,,gpu-static,1
267,cganalysis-structure-iter00-000000000002,Job,cganalysis,running,1790,,gpu-static,1
268,cganalysis-structure-iter00-000000000006,Job,cganalysis,successfulcreate-timestamp,1742193832.0,,gpu-static,1
269,cganalysis-structure-iter00-000000000006,Job,cganalysis,completed-timestamp,1742195620.0,,gpu-static,1
270,cganalysis-structure-iter00-000000000006,Job,cganalysis,running,1788,,gpu-static,1
271,createsim-structure-iter00-000000000014,Job,createsim,successfulcreate-timestamp,1742194479.0,,gpu-static,1
272,createsim-structure-iter00-000000000014,Job,createsim,completed-timestamp,1742195271.0,,gpu-static,1
273,createsim-structure-iter00-000000000014,Job,createsim,running,792,,gpu-static,1
274,createsim-structure-iter00-000000000016,Job,createsim,successfulcreate-timestamp,1742194540.0,,gpu-static,1
275,createsim-structure-iter00-000000000016,Job,createsim,completed-timestamp,1742195389.0,,gpu-static,1
276,createsim-structure-iter00-000000000016,Job,createsim,running,849,,gpu-static,1
277,cganalysis-structure-iter00-000000000008,Job,cganalysis,successfulcreate-timestamp,1742194612.0,,gpu-static,1
278,cganalysis-structure-iter00-000000000008,Job,cganalysis,completed-timestamp,1742196401.0,,gpu-static,1
279,cganalysis-structure-iter00-000000000008,Job,cganalysis,running,1789,,gpu-static,1
280,createsim-structure-iter00-000000000018,Job,createsim,successfulcreate-timestamp,1742195305.0,,gpu-static,1
281,createsim-structure-iter00-000000000018,Job,createsim,completed-timestamp,1742196095.0,,gpu-static,1
282,createsim-structure-iter00-000000000018,Job,createsim,running,790,,gpu-static,1
283,createsim-structure-iter00-000000000020,Job,createsim,successfulcreate-timestamp,1742195395.0,,gpu-static,1
284,createsim-structure-iter00-000000000020,Job,createsim,completed-timestamp,1742196206.0,,gpu-static,1
285,createsim-structure-iter00-000000000020,Job,createsim,running,811,,gpu-static,1
286,cganalysis-structure-iter00-000000000010,Job,cganalysis,successfulcreate-timestamp,1742195557.0,,gpu-static,1
287,cganalysis-structure-iter00-000000000010,Job,cganalysis,completed-timestamp,1742197346.0,,gpu-static,1
288,cganalysis-structure-iter00-000000000010,Job,cganalysis,running,1789,,gpu-static,1
289,cganalysis-structure-iter00-000000000012,Job,cganalysis,successfulcreate-timestamp,1742195632.0,,gpu-static,1
290,cganalysis-structure-iter00-000000000012,Job,cganalysis,completed-timestamp,1742197421.0,,gpu-static,1
291,cganalysis-structure-iter00-000000000012,Job,cganalysis,running,1789,,gpu-static,1
292,createsim-structure-iter00-000000000022,Job,createsim,successfulcreate-timestamp,1742196115.0,,gpu-static,1
293,createsim-structure-iter00-000000000022,Job,createsim,completed-timestamp,1742196903.0,,gpu-static,1
294,createsim-structure-iter00-000000000022,Job,createsim,running,788,,gpu-static,1
295,createsim-structure-iter00-000000000024,Job,createsim,successfulcreate-timestamp,1742196220.0,,gpu-static,1
296,createsim-structure-iter00-000000000024,Job,createsim,completed-timestamp,1742197035.0,,gpu-static,1
297,createsim-structure-iter00-000000000024,Job,createsim,running,815,,gpu-static,1
298,cganalysis-structure-iter00-000000000014,Job,cganalysis,successfulcreate-timestamp,1742196412.0,,gpu-static,1
299,cganalysis-structure-iter00-000000000014,Job,cganalysis,completed-timestamp,1742198202.0,,gpu-static,1
300,cganalysis-structure-iter00-000000000014,Job,cganalysis,running,1790,,gpu-static,1
301,createsim-structure-iter00-000000000026,Job,createsim,successfulcreate-timestamp,1742196925.0,,gpu-static,1
302,createsim-structure-iter00-000000000026,Job,createsim,completed-timestamp,1742197712.0,,gpu-static,1
303,createsim-structure-iter00-000000000026,Job,createsim,running,787,,gpu-static,1
304,createsim-structure-iter00-000000000028,Job,createsim,successfulcreate-timestamp,1742197045.0,,gpu-static,1
305,createsim-structure-iter00-000000000028,Job,createsim,completed-timestamp,1742197857.0,,gpu-static,1
306,createsim-structure-iter00-000000000028,Job,createsim,running,812,,gpu-static,1
307,cganalysis-structure-iter00-000000000016,Job,cganalysis,successfulcreate-timestamp,1742197358.0,,gpu-static,1
308,cganalysis-structure-iter00-000000000016,Job,cganalysis,completed-timestamp,1742199147.0,,gpu-static,1
309,cganalysis-structure-iter00-000000000016,Job,cganalysis,running,1789,,gpu-static,1
310,cganalysis-structure-iter00-000000000018,Job,cganalysis,successfulcreate-timestamp,1742197433.0,,gpu-static,1
311,cganalysis-structure-iter00-000000000018,Job,cganalysis,completed-timestamp,1742199222.0,,gpu-static,1
312,cganalysis-structure-iter00-000000000018,Job,cganalysis,running,1789,,gpu-static,1
313,createsim-structure-iter00-000000000030,Job,createsim,successfulcreate-timestamp,1742197735.0,,gpu-static,1
314,createsim-structure-iter00-000000000030,Job,createsim,completed-timestamp,1742198524.0,,gpu-static,1
315,createsim-structure-iter00-000000000030,Job,createsim,running,789,,gpu-static,1
316,createsim-structure-iter00-000000000032,Job,createsim,successfulcreate-timestamp,1742197870.0,,gpu-static,1
317,createsim-structure-iter00-000000000032,Job,createsim,completed-timestamp,1742198685.0,,gpu-static,1
318,createsim-structure-iter00-000000000032,Job,createsim,running,815,,gpu-static,1
319,createsim-structure-iter00-000000000034,Job,createsim,successfulcreate-timestamp,1742198545.0,,gpu-static,1
320,createsim-structure-iter00-000000000034,Job,createsim,completed-timestamp,1742199334.0,,gpu-static,1
321,createsim-structure-iter00-000000000034,Job,createsim,running,789,,gpu-static,1
322,createsim-structure-iter00-000000000036,Job,createsim,successfulcreate-timestamp,1742198695.0,,gpu-static,1
323,createsim-structure-iter00-000000000036,Job,createsim,completed-timestamp,1742199506.0,,gpu-static,1
324,createsim-structure-iter00-000000000036,Job,createsim,running,811,,gpu-static,1
325,aws-node-5r5xp,Pod,,pulled-timestamp,1742201621.0,602401143452.dkr.ecr.us-east-1.amazonaws.com/amazon/aws-network-policy-agent:v1.1.5-eksbuild.1,gpu-static,2
326,aws-node-5r5xp,Pod,,pulling-timestamp,1742201619.0,602401143452.dkr.ecr.us-east-1.amazonaws.com/amazon/aws-network-policy-agent:v1.1.5-eksbuild.1,gpu-static,2
327,aws-node-5r5xp,Pod,,scheduled-timestamp,1742201606.0,602401143452.dkr.ecr.us-east-1.amazonaws.com/amazon/aws-network-policy-agent:v1.1.5-eksbuild.1,gpu-static,2
328,aws-node-5r5xp,Pod,,created-timestamp,1742201621.0,602401143452.dkr.ecr.us-east-1.amazonaws.com/amazon/aws-network-policy-agent:v1.1.5-eksbuild.1,gpu-static,2
329,aws-node-5r5xp,Pod,,created,0,602401143452.dkr.ecr.us-east-1.amazonaws.com/amazon/aws-network-policy-agent:v1.1.5-eksbuild.1,gpu-static,2
330,aws-node-5r5xp,Pod,,started-timestamp,1742201621.0,602401143452.dkr.ecr.us-east-1.amazonaws.com/amazon/aws-network-policy-agent:v1.1.5-eksbuild.1,gpu-static,2
331,aws-node-5r5xp,Pod,,started,0,602401143452.dkr.ecr.us-east-1.amazonaws.com/amazon/aws-network-policy-agent:v1.1.5-eksbuild.1,gpu-static,2
332,aws-node-5r5xp,Pod,,pulled,1.538262487,602401143452.dkr.ecr.us-east-1.amazonaws.com/amazon/aws-network-policy-agent:v1.1.5-eksbuild.1,gpu-static,2
333,aws-node-67v96,Pod,,pulled-timestamp,1742201625.0,602401143452.dkr.ecr.us-east-1.amazonaws.com/amazon/aws-network-policy-agent:v1.1.5-eksbuild.1,gpu-static,2
334,aws-node-67v96,Pod,,pulling-timestamp,1742201624.0,602401143452.dkr.ecr.us-east-1.amazonaws.com/amazon/aws-network-policy-agent:v1.1.5-eksbuild.1,gpu-static,2
335,aws-node-67v96,Pod,,scheduled-timestamp,1742201611.0,602401143452.dkr.ecr.us-east-1.amazonaws.com/amazon/aws-network-policy-agent:v1.1.5-eksbuild.1,gpu-static,2
336,aws-node-67v96,Pod,,created-timestamp,1742201625.0,602401143452.dkr.ecr.us-east-1.amazonaws.com/amazon/aws-network-policy-agent:v1.1.5-eksbuild.1,gpu-static,2
337,aws-node-67v96,Pod,,created,0,602401143452.dkr.ecr.us-east-1.amazonaws.com/amazon/aws-network-policy-agent:v1.1.5-eksbuild.1,gpu-static,2
338,aws-node-67v96,Pod,,started-timestamp,1742201625.0,602401143452.dkr.ecr.us-east-1.amazonaws.com/amazon/aws-network-policy-agent:v1.1.5-eksbuild.1,gpu-static,2
339,aws-node-67v96,Pod,,started,0,602401143452.dkr.ecr.us-east-1.amazonaws.com/amazon/aws-network-policy-agent:v1.1.5-eksbuild.1,gpu-static,2
340,aws-node-67v96,Pod,,pulled,1.551273861,602401143452.dkr.ecr.us-east-1.amazonaws.com/amazon/aws-network-policy-agent:v1.1.5-eksbuild.1,gpu-static,2
341,aws-node-r5zhz,Pod,,pulled-timestamp,1742201621.0,602401143452.dkr.ecr.us-east-1.amazonaws.com/amazon/aws-network-policy-agent:v1.1.5-eksbuild.1,gpu-static,2
342,aws-node-r5zhz,Pod,,pulling-timestamp,1742201620.0,602401143452.dkr.ecr.us-east-1.amazonaws.com/amazon/aws-network-policy-agent:v1.1.5-eksbuild.1,gpu-static,2
343,aws-node-r5zhz,Pod,,scheduled-timestamp,1742201607.0,602401143452.dkr.ecr.us-east-1.amazonaws.com/amazon/aws-network-policy-agent:v1.1.5-eksbuild.1,gpu-static,2
344,aws-node-r5zhz,Pod,,created-timestamp,1742201621.0,602401143452.dkr.ecr.us-east-1.amazonaws.com/amazon/aws-network-policy-agent:v1.1.5-eksbuild.1,gpu-static,2
345,aws-node-r5zhz,Pod,,created,0,602401143452.dkr.ecr.us-east-1.amazonaws.com/amazon/aws-network-policy-agent:v1.1.5-eksbuild.1,gpu-static,2
346,aws-node-r5zhz,Pod,,started-timestamp,1742201621.0,602401143452.dkr.ecr.us-east-1.amazonaws.com/amazon/aws-network-policy-agent:v1.1.5-eksbuild.1,gpu-static,2
347,aws-node-r5zhz,Pod,,started,0,602401143452.dkr.ecr.us-east-1.amazonaws.com/amazon/aws-network-policy-agent:v1.1.5-eksbuild.1,gpu-static,2
348,aws-node-r5zhz,Pod,,pulled,1.50173553,602401143452.dkr.ecr.us-east-1.amazonaws.com/amazon/aws-network-policy-agent:v1.1.5-eksbuild.1,gpu-static,2
349,aws-node-vs4x2,Pod,,pulled-timestamp,1742201619.0,602401143452.dkr.ecr.us-east-1.amazonaws.com/amazon/aws-network-policy-agent:v1.1.5-eksbuild.1,gpu-static,2
350,aws-node-vs4x2,Pod,,pulling-timestamp,1742201618.0,602401143452.dkr.ecr.us-east-1.amazonaws.com/amazon/aws-network-policy-agent:v1.1.5-eksbuild.1,gpu-static,2
351,aws-node-vs4x2,Pod,,scheduled-timestamp,1742201604.0,602401143452.dkr.ecr.us-east-1.amazonaws.com/amazon/aws-network-policy-agent:v1.1.5-eksbuild.1,gpu-static,2
352,aws-node-vs4x2,Pod,,created-timestamp,1742201619.0,602401143452.dkr.ecr.us-east-1.amazonaws.com/amazon/aws-network-policy-agent:v1.1.5-eksbuild.1,gpu-static,2
353,aws-node-vs4x2,Pod,,created,0,602401143452.dkr.ecr.us-east-1.amazonaws.com/amazon/aws-network-policy-agent:v1.1.5-eksbuild.1,gpu-static,2
354,aws-node-vs4x2,Pod,,started-timestamp,1742201619.0,602401143452.dkr.ecr.us-east-1.amazonaws.com/amazon/aws-network-policy-agent:v1.1.5-eksbuild.1,gpu-static,2
355,aws-node-vs4x2,Pod,,started,0,602401143452.dkr.ecr.us-east-1.amazonaws.com/amazon/aws-network-policy-agent:v1.1.5-eksbuild.1,gpu-static,2
356,aws-node-vs4x2,Pod,,pulled,1.552074311,602401143452.dkr.ecr.us-east-1.amazonaws.com/amazon/aws-network-policy-agent:v1.1.5-eksbuild.1,gpu-static,2
357,aws-node-w4jns,Pod,,pulled-timestamp,1742201621.0,602401143452.dkr.ecr.us-east-1.amazonaws.com/amazon/aws-network-policy-agent:v1.1.5-eksbuild.1,gpu-static,2
358,aws-node-w4jns,Pod,,pulling-timestamp,1742201620.0,602401143452.dkr.ecr.us-east-1.amazonaws.com/amazon/aws-network-policy-agent:v1.1.5-eksbuild.1,gpu-static,2
359,aws-node-w4jns,Pod,,scheduled-timestamp,1742201608.0,602401143452.dkr.ecr.us-east-1.amazonaws.com/amazon/aws-network-policy-agent:v1.1.5-eksbuild.1,gpu-static,2
360,aws-node-w4jns,Pod,,created-timestamp,1742201621.0,602401143452.dkr.ecr.us-east-1.amazonaws.com/amazon/aws-network-policy-agent:v1.1.5-eksbuild.1,gpu-static,2
361,aws-node-w4jns,Pod,,created,0,602401143452.dkr.ecr.us-east-1.amazonaws.com/amazon/aws-network-policy-agent:v1.1.5-eksbuild.1,gpu-static,2
362,aws-node-w4jns,Pod,,started-timestamp,1742201621.0,602401143452.dkr.ecr.us-east-1.amazonaws.com/amazon/aws-network-policy-agent:v1.1.5-eksbuild.1,gpu-static,2
363,aws-node-w4jns,Pod,,started,0,602401143452.dkr.ecr.us-east-1.amazonaws.com/amazon/aws-network-policy-agent:v1.1.5-eksbuild.1,gpu-static,2
364,aws-node-w4jns,Pod,,pulled,1.49880932,602401143452.dkr.ecr.us-east-1.amazonaws.com/amazon/aws-network-policy-agent:v1.1.5-eksbuild.1,gpu-static,2
365,aws-node-zgpm9,Pod,,pulled-timestamp,1742201623.0,602401143452.dkr.ecr.us-east-1.amazonaws.com/amazon/aws-network-policy-agent:v1.1.5-eksbuild.1,gpu-static,2
366,aws-node-zgpm9,Pod,,pulling-timestamp,1742201622.0,602401143452.dkr.ecr.us-east-1.amazonaws.com/amazon/aws-network-policy-agent:v1.1.5-eksbuild.1,gpu-static,2
367,aws-node-zgpm9,Pod,,scheduled-timestamp,1742201609.0,602401143452.dkr.ecr.us-east-1.amazonaws.com/amazon/aws-network-policy-agent:v1.1.5-eksbuild.1,gpu-static,2
368,aws-node-zgpm9,Pod,,created-timestamp,1742201623.0,602401143452.dkr.ecr.us-east-1.amazonaws.com/amazon/aws-network-policy-agent:v1.1.5-eksbuild.1,gpu-static,2
369,aws-node-zgpm9,Pod,,created,0,602401143452.dkr.ecr.us-east-1.amazonaws.com/amazon/aws-network-policy-agent:v1.1.5-eksbuild.1,gpu-static,2
370,aws-node-zgpm9,Pod,,started-timestamp,1742201623.0,602401143452.dkr.ecr.us-east-1.amazonaws.com/amazon/aws-network-policy-agent:v1.1.5-eksbuild.1,gpu-static,2
371,aws-node-zgpm9,Pod,,started,0,602401143452.dkr.ecr.us-east-1.amazonaws.com/amazon/aws-network-policy-agent:v1.1.5-eksbuild.1,gpu-static,2
372,aws-node-zgpm9,Pod,,pulled,1.471440605,602401143452.dkr.ecr.us-east-1.amazonaws.com/amazon/aws-network-policy-agent:v1.1.5-eksbuild.1,gpu-static,2
373,coredns-d9b6d6c7d-5dhxl,Pod,,pulled-timestamp,1742201621.0,602401143452.dkr.ecr.us-east-1.amazonaws.com/eks/coredns:v1.10.1-eksbuild.4,gpu-static,2
374,coredns-d9b6d6c7d-5dhxl,Pod,,pulling-timestamp,1742201620.0,602401143452.dkr.ecr.us-east-1.amazonaws.com/eks/coredns:v1.10.1-eksbuild.4,gpu-static,2
375,coredns-d9b6d6c7d-5dhxl,Pod,,scheduled-timestamp,1742201620.0,602401143452.dkr.ecr.us-east-1.amazonaws.com/eks/coredns:v1.10.1-eksbuild.4,gpu-static,2
376,coredns-d9b6d6c7d-5dhxl,Pod,,created-timestamp,1742201621.0,602401143452.dkr.ecr.us-east-1.amazonaws.com/eks/coredns:v1.10.1-eksbuild.4,gpu-static,2
377,coredns-d9b6d6c7d-5dhxl,Pod,,created,0,602401143452.dkr.ecr.us-east-1.amazonaws.com/eks/coredns:v1.10.1-eksbuild.4,gpu-static,2
378,coredns-d9b6d6c7d-5dhxl,Pod,,started-timestamp,1742201621.0,602401143452.dkr.ecr.us-east-1.amazonaws.com/eks/coredns:v1.10.1-eksbuild.4,gpu-static,2
379,coredns-d9b6d6c7d-5dhxl,Pod,,started,0,602401143452.dkr.ecr.us-east-1.amazonaws.com/eks/coredns:v1.10.1-eksbuild.4,gpu-static,2
380,coredns-d9b6d6c7d-5dhxl,Pod,,pulled,0.997437314,602401143452.dkr.ecr.us-east-1.amazonaws.com/eks/coredns:v1.10.1-eksbuild.4,gpu-static,2
381,coredns-d9b6d6c7d-qd4v4,Pod,,pulled-timestamp,1742201621.0,602401143452.dkr.ecr.us-east-1.amazonaws.com/eks/coredns:v1.10.1-eksbuild.4,gpu-static,2
382,coredns-d9b6d6c7d-qd4v4,Pod,,pulling-timestamp,1742201620.0,602401143452.dkr.ecr.us-east-1.amazonaws.com/eks/coredns:v1.10.1-eksbuild.4,gpu-static,2
383,coredns-d9b6d6c7d-qd4v4,Pod,,scheduled-timestamp,1742201620.0,602401143452.dkr.ecr.us-east-1.amazonaws.com/eks/coredns:v1.10.1-eksbuild.4,gpu-static,2
384,coredns-d9b6d6c7d-qd4v4,Pod,,created-timestamp,1742201621.0,602401143452.dkr.ecr.us-east-1.amazonaws.com/eks/coredns:v1.10.1-eksbuild.4,gpu-static,2
385,coredns-d9b6d6c7d-qd4v4,Pod,,created,0,602401143452.dkr.ecr.us-east-1.amazonaws.com/eks/coredns:v1.10.1-eksbuild.4,gpu-static,2
386,coredns-d9b6d6c7d-qd4v4,Pod,,started-timestamp,1742201622.0,602401143452.dkr.ecr.us-east-1.amazonaws.com/eks/coredns:v1.10.1-eksbuild.4,gpu-static,2
387,coredns-d9b6d6c7d-qd4v4,Pod,,started,1,602401143452.dkr.ecr.us-east-1.amazonaws.com/eks/coredns:v1.10.1-eksbuild.4,gpu-static,2
388,coredns-d9b6d6c7d-qd4v4,Pod,,pulled,1.089552714,602401143452.dkr.ecr.us-east-1.amazonaws.com/eks/coredns:v1.10.1-eksbuild.4,gpu-static,2
389,metrics-server-7794986bdb-km6wf,Pod,,pulled-timestamp,1742201622.0,602401143452.dkr.ecr.us-east-1.amazonaws.com/eks/metrics-server:v0.7.2-eksbuild.2,gpu-static,2
390,metrics-server-7794986bdb-km6wf,Pod,,pulling-timestamp,1742201620.0,602401143452.dkr.ecr.us-east-1.amazonaws.com/eks/metrics-server:v0.7.2-eksbuild.2,gpu-static,2
391,metrics-server-7794986bdb-km6wf,Pod,,scheduled-timestamp,1742201620.0,602401143452.dkr.ecr.us-east-1.amazonaws.com/eks/metrics-server:v0.7.2-eksbuild.2,gpu-static,2
392,metrics-server-7794986bdb-km6wf,Pod,,created-timestamp,1742201622.0,602401143452.dkr.ecr.us-east-1.amazonaws.com/eks/metrics-server:v0.7.2-eksbuild.2,gpu-static,2
393,metrics-server-7794986bdb-km6wf,Pod,,created,0,602401143452.dkr.ecr.us-east-1.amazonaws.com/eks/metrics-server:v0.7.2-eksbuild.2,gpu-static,2
394,metrics-server-7794986bdb-km6wf,Pod,,started-timestamp,1742201622.0,602401143452.dkr.ecr.us-east-1.amazonaws.com/eks/metrics-server:v0.7.2-eksbuild.2,gpu-static,2
395,metrics-server-7794986bdb-km6wf,Pod,,started,0,602401143452.dkr.ecr.us-east-1.amazonaws.com/eks/metrics-server:v0.7.2-eksbuild.2,gpu-static,2
396,metrics-server-7794986bdb-km6wf,Pod,,pulled,1.626624573,602401143452.dkr.ecr.us-east-1.amazonaws.com/eks/metrics-server:v0.7.2-eksbuild.2,gpu-static,2
397,metrics-server-7794986bdb-tjkj4,Pod,,pulled-timestamp,1742201622.0,602401143452.dkr.ecr.us-east-1.amazonaws.com/eks/metrics-server:v0.7.2-eksbuild.2,gpu-static,2
398,metrics-server-7794986bdb-tjkj4,Pod,,pulling-timestamp,1742201620.0,602401143452.dkr.ecr.us-east-1.amazonaws.com/eks/metrics-server:v0.7.2-eksbuild.2,gpu-static,2
399,metrics-server-7794986bdb-tjkj4,Pod,,scheduled-timestamp,1742201620.0,602401143452.dkr.ecr.us-east-1.amazonaws.com/eks/metrics-server:v0.7.2-eksbuild.2,gpu-static,2
400,metrics-server-7794986bdb-tjkj4,Pod,,created-timestamp,1742201622.0,602401143452.dkr.ecr.us-east-1.amazonaws.com/eks/metrics-server:v0.7.2-eksbuild.2,gpu-static,2
401,metrics-server-7794986bdb-tjkj4,Pod,,created,0,602401143452.dkr.ecr.us-east-1.amazonaws.com/eks/metrics-server:v0.7.2-eksbuild.2,gpu-static,2
402,metrics-server-7794986bdb-tjkj4,Pod,,started-timestamp,1742201622.0,602401143452.dkr.ecr.us-east-1.amazonaws.com/eks/metrics-server:v0.7.2-eksbuild.2,gpu-static,2
403,metrics-server-7794986bdb-tjkj4,Pod,,started,0,602401143452.dkr.ecr.us-east-1.amazonaws.com/eks/metrics-server:v0.7.2-eksbuild.2,gpu-static,2
404,metrics-server-7794986bdb-tjkj4,Pod,,pulled,1.622791898,602401143452.dkr.ecr.us-east-1.amazonaws.com/eks/metrics-server:v0.7.2-eksbuild.2,gpu-static,2
405,nvidia-device-plugin-daemonset-csm2b,Pod,,pulled-timestamp,1742201664.0,nvcr.io/nvidia/k8s-device-plugin:v0.17.0,gpu-static,2
406,nvidia-device-plugin-daemonset-csm2b,Pod,,pulling-timestamp,1742201656.0,nvcr.io/nvidia/k8s-device-plugin:v0.17.0,gpu-static,2
407,nvidia-device-plugin-daemonset-csm2b,Pod,,scheduled-timestamp,1742201655.0,nvcr.io/nvidia/k8s-device-plugin:v0.17.0,gpu-static,2
408,nvidia-device-plugin-daemonset-csm2b,Pod,,created-timestamp,1742201664.0,nvcr.io/nvidia/k8s-device-plugin:v0.17.0,gpu-static,2
409,nvidia-device-plugin-daemonset-csm2b,Pod,,created,0,nvcr.io/nvidia/k8s-device-plugin:v0.17.0,gpu-static,2
410,nvidia-device-plugin-daemonset-csm2b,Pod,,started-timestamp,1742201664.0,nvcr.io/nvidia/k8s-device-plugin:v0.17.0,gpu-static,2
411,nvidia-device-plugin-daemonset-csm2b,Pod,,started,0,nvcr.io/nvidia/k8s-device-plugin:v0.17.0,gpu-static,2
412,nvidia-device-plugin-daemonset-csm2b,Pod,,pulled,7.890214705,nvcr.io/nvidia/k8s-device-plugin:v0.17.0,gpu-static,2
413,nvidia-device-plugin-daemonset-f8dkh,Pod,,pulled-timestamp,1742201664.0,nvcr.io/nvidia/k8s-device-plugin:v0.17.0,gpu-static,2
414,nvidia-device-plugin-daemonset-f8dkh,Pod,,pulling-timestamp,1742201656.0,nvcr.io/nvidia/k8s-device-plugin:v0.17.0,gpu-static,2
415,nvidia-device-plugin-daemonset-f8dkh,Pod,,scheduled-timestamp,1742201655.0,nvcr.io/nvidia/k8s-device-plugin:v0.17.0,gpu-static,2
416,nvidia-device-plugin-daemonset-f8dkh,Pod,,created-timestamp,1742201664.0,nvcr.io/nvidia/k8s-device-plugin:v0.17.0,gpu-static,2
417,nvidia-device-plugin-daemonset-f8dkh,Pod,,created,0,nvcr.io/nvidia/k8s-device-plugin:v0.17.0,gpu-static,2
418,nvidia-device-plugin-daemonset-f8dkh,Pod,,started-timestamp,1742201664.0,nvcr.io/nvidia/k8s-device-plugin:v0.17.0,gpu-static,2
419,nvidia-device-plugin-daemonset-f8dkh,Pod,,started,0,nvcr.io/nvidia/k8s-device-plugin:v0.17.0,gpu-static,2
420,nvidia-device-plugin-daemonset-f8dkh,Pod,,pulled,7.828053256,nvcr.io/nvidia/k8s-device-plugin:v0.17.0,gpu-static,2
421,nvidia-device-plugin-daemonset-nbpvc,Pod,,pulled-timestamp,1742201664.0,nvcr.io/nvidia/k8s-device-plugin:v0.17.0,gpu-static,2
422,nvidia-device-plugin-daemonset-nbpvc,Pod,,pulling-timestamp,1742201656.0,nvcr.io/nvidia/k8s-device-plugin:v0.17.0,gpu-static,2
423,nvidia-device-plugin-daemonset-nbpvc,Pod,,scheduled-timestamp,1742201655.0,nvcr.io/nvidia/k8s-device-plugin:v0.17.0,gpu-static,2
424,nvidia-device-plugin-daemonset-nbpvc,Pod,,created-timestamp,1742201664.0,nvcr.io/nvidia/k8s-device-plugin:v0.17.0,gpu-static,2
425,nvidia-device-plugin-daemonset-nbpvc,Pod,,created,0,nvcr.io/nvidia/k8s-device-plugin:v0.17.0,gpu-static,2
426,nvidia-device-plugin-daemonset-nbpvc,Pod,,started-timestamp,1742201664.0,nvcr.io/nvidia/k8s-device-plugin:v0.17.0,gpu-static,2
427,nvidia-device-plugin-daemonset-nbpvc,Pod,,started,0,nvcr.io/nvidia/k8s-device-plugin:v0.17.0,gpu-static,2
428,nvidia-device-plugin-daemonset-nbpvc,Pod,,pulled,7.785197146,nvcr.io/nvidia/k8s-device-plugin:v0.17.0,gpu-static,2
429,nvidia-device-plugin-daemonset-sl4w5,Pod,,pulled-timestamp,1742201665.0,nvcr.io/nvidia/k8s-device-plugin:v0.17.0,gpu-static,2
430,nvidia-device-plugin-daemonset-sl4w5,Pod,,pulling-timestamp,1742201656.0,nvcr.io/nvidia/k8s-device-plugin:v0.17.0,gpu-static,2
431,nvidia-device-plugin-daemonset-sl4w5,Pod,,scheduled-timestamp,1742201655.0,nvcr.io/nvidia/k8s-device-plugin:v0.17.0,gpu-static,2
432,nvidia-device-plugin-daemonset-sl4w5,Pod,,created-timestamp,1742201665.0,nvcr.io/nvidia/k8s-device-plugin:v0.17.0,gpu-static,2
433,nvidia-device-plugin-daemonset-sl4w5,Pod,,created,0,nvcr.io/nvidia/k8s-device-plugin:v0.17.0,gpu-static,2
434,nvidia-device-plugin-daemonset-sl4w5,Pod,,started-timestamp,1742201665.0,nvcr.io/nvidia/k8s-device-plugin:v0.17.0,gpu-static,2
435,nvidia-device-plugin-daemonset-sl4w5,Pod,,started,0,nvcr.io/nvidia/k8s-device-plugin:v0.17.0,gpu-static,2
436,nvidia-device-plugin-daemonset-sl4w5,Pod,,pulled,8.80732643,nvcr.io/nvidia/k8s-device-plugin:v0.17.0,gpu-static,2
437,nvidia-device-plugin-daemonset-vv5db,Pod,,pulled-timestamp,1742201664.0,nvcr.io/nvidia/k8s-device-plugin:v0.17.0,gpu-static,2
438,nvidia-device-plugin-daemonset-vv5db,Pod,,pulling-timestamp,1742201656.0,nvcr.io/nvidia/k8s-device-plugin:v0.17.0,gpu-static,2
439,nvidia-device-plugin-daemonset-vv5db,Pod,,scheduled-timestamp,1742201655.0,nvcr.io/nvidia/k8s-device-plugin:v0.17.0,gpu-static,2
440,nvidia-device-plugin-daemonset-vv5db,Pod,,created-timestamp,1742201664.0,nvcr.io/nvidia/k8s-device-plugin:v0.17.0,gpu-static,2
441,nvidia-device-plugin-daemonset-vv5db,Pod,,created,0,nvcr.io/nvidia/k8s-device-plugin:v0.17.0,gpu-static,2
442,nvidia-device-plugin-daemonset-vv5db,Pod,,started-timestamp,1742201665.0,nvcr.io/nvidia/k8s-device-plugin:v0.17.0,gpu-static,2
443,nvidia-device-plugin-daemonset-vv5db,Pod,,started,1,nvcr.io/nvidia/k8s-device-plugin:v0.17.0,gpu-static,2
444,nvidia-device-plugin-daemonset-vv5db,Pod,,pulled,8.140861339,nvcr.io/nvidia/k8s-device-plugin:v0.17.0,gpu-static,2
445,nvidia-device-plugin-daemonset-x4bjv,Pod,,pulled-timestamp,1742201664.0,nvcr.io/nvidia/k8s-device-plugin:v0.17.0,gpu-static,2
446,nvidia-device-plugin-daemonset-x4bjv,Pod,,pulling-timestamp,1742201656.0,nvcr.io/nvidia/k8s-device-plugin:v0.17.0,gpu-static,2
447,nvidia-device-plugin-daemonset-x4bjv,Pod,,scheduled-timestamp,1742201655.0,nvcr.io/nvidia/k8s-device-plugin:v0.17.0,gpu-static,2
448,nvidia-device-plugin-daemonset-x4bjv,Pod,,created-timestamp,1742201664.0,nvcr.io/nvidia/k8s-device-plugin:v0.17.0,gpu-static,2
449,nvidia-device-plugin-daemonset-x4bjv,Pod,,created,0,nvcr.io/nvidia/k8s-device-plugin:v0.17.0,gpu-static,2
450,nvidia-device-plugin-daemonset-x4bjv,Pod,,started-timestamp,1742201664.0,nvcr.io/nvidia/k8s-device-plugin:v0.17.0,gpu-static,2
451,nvidia-device-plugin-daemonset-x4bjv,Pod,,started,0,nvcr.io/nvidia/k8s-device-plugin:v0.17.0,gpu-static,2
452,nvidia-device-plugin-daemonset-x4bjv,Pod,,pulled,7.99068346,nvcr.io/nvidia/k8s-device-plugin:v0.17.0,gpu-static,2
453,event-exporter-6d778fb78d-xslbc,Pod,,pulled-timestamp,1742201769.0,ghcr.io/resmoio/kubernetes-event-exporter:latest,gpu-static,2
454,event-exporter-6d778fb78d-xslbc,Pod,,pulling-timestamp,1742201767.0,ghcr.io/resmoio/kubernetes-event-exporter:latest,gpu-static,2
455,event-exporter-6d778fb78d-xslbc,Pod,,scheduled-timestamp,1742201767.0,ghcr.io/resmoio/kubernetes-event-exporter:latest,gpu-static,2
456,event-exporter-6d778fb78d-xslbc,Pod,,created-timestamp,1742201769.0,ghcr.io/resmoio/kubernetes-event-exporter:latest,gpu-static,2
457,event-exporter-6d778fb78d-xslbc,Pod,,created,0,ghcr.io/resmoio/kubernetes-event-exporter:latest,gpu-static,2
458,event-exporter-6d778fb78d-xslbc,Pod,,started-timestamp,1742201769.0,ghcr.io/resmoio/kubernetes-event-exporter:latest,gpu-static,2
459,event-exporter-6d778fb78d-xslbc,Pod,,started,0,ghcr.io/resmoio/kubernetes-event-exporter:latest,gpu-static,2
460,event-exporter-6d778fb78d-xslbc,Pod,,pulled,1.46282329,ghcr.io/resmoio/kubernetes-event-exporter:latest,gpu-static,2
461,mummi-operator-controller-manager-5dd8c556d-5vtqs,Pod,,pulled-timestamp,1742201822.0,ghcr.io/converged-computing/mummi-operator:test,gpu-static,2
462,mummi-operator-controller-manager-5dd8c556d-5vtqs,Pod,,pulling-timestamp,1742201820.0,ghcr.io/converged-computing/mummi-operator:test,gpu-static,2
463,mummi-operator-controller-manager-5dd8c556d-5vtqs,Pod,,scheduled-timestamp,1742201820.0,ghcr.io/converged-computing/mummi-operator:test,gpu-static,2
464,mummi-operator-controller-manager-5dd8c556d-5vtqs,Pod,,created-timestamp,1742201822.0,ghcr.io/converged-computing/mummi-operator:test,gpu-static,2
465,mummi-operator-controller-manager-5dd8c556d-5vtqs,Pod,,created,0,ghcr.io/converged-computing/mummi-operator:test,gpu-static,2
466,mummi-operator-controller-manager-5dd8c556d-5vtqs,Pod,,started-timestamp,1742201822.0,ghcr.io/converged-computing/mummi-operator:test,gpu-static,2
467,mummi-operator-controller-manager-5dd8c556d-5vtqs,Pod,,started,0,ghcr.io/converged-computing/mummi-operator:test,gpu-static,2
468,mummi-operator-controller-manager-5dd8c556d-5vtqs,Pod,,pulled,1.423746487,ghcr.io/converged-computing/mummi-operator:test,gpu-static,2
469,registry-0,Pod,,pulled-timestamp,1742201845.0,ghcr.io/oras-project/registry:latest,gpu-static,2
470,registry-0,Pod,,pulling-timestamp,1742201845.0,ghcr.io/oras-project/registry:latest,gpu-static,2
471,registry-0,Pod,,scheduled-timestamp,1742201844.0,ghcr.io/oras-project/registry:latest,gpu-static,2
472,registry-0,Pod,,created-timestamp,1742201845.0,ghcr.io/oras-project/registry:latest,gpu-static,2
473,registry-0,Pod,,created,0,ghcr.io/oras-project/registry:latest,gpu-static,2
474,registry-0,Pod,,started-timestamp,1742201845.0,ghcr.io/oras-project/registry:latest,gpu-static,2
475,registry-0,Pod,,started,0,ghcr.io/oras-project/registry:latest,gpu-static,2
476,registry-0,Pod,,pulled,0.7777062140000001,ghcr.io/oras-project/registry:latest,gpu-static,2
477,mummi-sample-rabbitmq-5d874bc456-rshdl,Pod,,pulled-timestamp,1742201849.0,633731392008.dkr.ecr.us-east-1.amazonaws.com/mini-mummi:rabbitmq,gpu-static,2
478,mummi-sample-rabbitmq-5d874bc456-rshdl,Pod,,pulling-timestamp,1742201845.0,633731392008.dkr.ecr.us-east-1.amazonaws.com/mini-mummi:rabbitmq,gpu-static,2
479,mummi-sample-rabbitmq-5d874bc456-rshdl,Pod,,scheduled-timestamp,1742201844.0,633731392008.dkr.ecr.us-east-1.amazonaws.com/mini-mummi:rabbitmq,gpu-static,2
480,mummi-sample-rabbitmq-5d874bc456-rshdl,Pod,,created-timestamp,1742201849.0,633731392008.dkr.ecr.us-east-1.amazonaws.com/mini-mummi:rabbitmq,gpu-static,2
481,mummi-sample-rabbitmq-5d874bc456-rshdl,Pod,,created,0,633731392008.dkr.ecr.us-east-1.amazonaws.com/mini-mummi:rabbitmq,gpu-static,2
482,mummi-sample-rabbitmq-5d874bc456-rshdl,Pod,,started-timestamp,1742201849.0,633731392008.dkr.ecr.us-east-1.amazonaws.com/mini-mummi:rabbitmq,gpu-static,2
483,mummi-sample-rabbitmq-5d874bc456-rshdl,Pod,,started,0,633731392008.dkr.ecr.us-east-1.amazonaws.com/mini-mummi:rabbitmq,gpu-static,2
484,mummi-sample-rabbitmq-5d874bc456-rshdl,Pod,,pulled,4.433076861,633731392008.dkr.ecr.us-east-1.amazonaws.com/mini-mummi:rabbitmq,gpu-static,2
485,mummi-sample-mlserver-78746977b4-52xnp,Pod,,pulled-timestamp,1742202155.0,633731392008.dkr.ecr.us-east-1.amazonaws.com/mini-mummi:mlserver-gpu,gpu-static,2
486,mummi-sample-mlserver-78746977b4-52xnp,Pod,,pulling-timestamp,1742201845.0,633731392008.dkr.ecr.us-east-1.amazonaws.com/mini-mummi:mlserver-gpu,gpu-static,2
487,mummi-sample-mlserver-78746977b4-52xnp,Pod,,scheduled-timestamp,1742201844.0,633731392008.dkr.ecr.us-east-1.amazonaws.com/mini-mummi:mlserver-gpu,gpu-static,2
488,mummi-sample-mlserver-78746977b4-52xnp,Pod,,created-timestamp,1742202155.0,633731392008.dkr.ecr.us-east-1.amazonaws.com/mini-mummi:mlserver-gpu,gpu-static,2
489,mummi-sample-mlserver-78746977b4-52xnp,Pod,,created,0,633731392008.dkr.ecr.us-east-1.amazonaws.com/mini-mummi:mlserver-gpu,gpu-static,2
490,mummi-sample-mlserver-78746977b4-52xnp,Pod,,started-timestamp,1742202158.0,633731392008.dkr.ecr.us-east-1.amazonaws.com/mini-mummi:mlserver-gpu,gpu-static,2
491,mummi-sample-mlserver-78746977b4-52xnp,Pod,,started,3,633731392008.dkr.ecr.us-east-1.amazonaws.com/mini-mummi:mlserver-gpu,gpu-static,2
492,mummi-sample-mlserver-78746977b4-52xnp,Pod,,pulled,310.242818896,633731392008.dkr.ecr.us-east-1.amazonaws.com/mini-mummi:mlserver-gpu,gpu-static,2
493,mummi-sample-wfmanager-64d87ddb87-8gbmc,Pod,,pulled-timestamp,1742202041.0,633731392008.dkr.ecr.us-east-1.amazonaws.com/mini-mummi:wfmanager,gpu-static,2
494,mummi-sample-wfmanager-64d87ddb87-8gbmc,Pod,,pulling-timestamp,1742201845.0,633731392008.dkr.ecr.us-east-1.amazonaws.com/mini-mummi:wfmanager,gpu-static,2
495,mummi-sample-wfmanager-64d87ddb87-8gbmc,Pod,,scheduled-timestamp,1742201844.0,633731392008.dkr.ecr.us-east-1.amazonaws.com/mini-mummi:wfmanager,gpu-static,2
496,mummi-sample-wfmanager-64d87ddb87-8gbmc,Pod,,created-timestamp,1742202041.0,633731392008.dkr.ecr.us-east-1.amazonaws.com/mini-mummi:wfmanager,gpu-static,2
497,mummi-sample-wfmanager-64d87ddb87-8gbmc,Pod,,created,0,633731392008.dkr.ecr.us-east-1.amazonaws.com/mini-mummi:wfmanager,gpu-static,2
498,mummi-sample-wfmanager-64d87ddb87-8gbmc,Pod,,started-timestamp,1742202041.0,633731392008.dkr.ecr.us-east-1.amazonaws.com/mini-mummi:wfmanager,gpu-static,2
499,mummi-sample-wfmanager-64d87ddb87-8gbmc,Pod,,started,0,633731392008.dkr.ecr.us-east-1.amazonaws.com/mini-mummi:wfmanager,gpu-static,2
500,mummi-sample-wfmanager-64d87ddb87-8gbmc,Pod,,pulled,195.929398477,633731392008.dkr.ecr.us-east-1.amazonaws.com/mini-mummi:wfmanager,gpu-static,2
501,createsim-structure-iter00-000000000001,Job,createsim,successfulcreate-timestamp,1742202227.0,,gpu-static,2
502,createsim-structure-iter00-000000000001,Job,createsim,completed-timestamp,1742203255.0,,gpu-static,2
503,createsim-structure-iter00-000000000001,Job,createsim,running,1028,,gpu-static,2
504,createsim-structure-iter00-000000000001-bzk7v,Pod,createsim,pulled-timestamp,1742202451.0,633731392008.dkr.ecr.us-east-1.amazonaws.com/mini-mummi:createsims-gpu,gpu-static,2
505,createsim-structure-iter00-000000000001-bzk7v,Pod,createsim,pulling-timestamp,1742202227.0,633731392008.dkr.ecr.us-east-1.amazonaws.com/mini-mummi:createsims-gpu,gpu-static,2
506,createsim-structure-iter00-000000000001-bzk7v,Pod,createsim,scheduled-timestamp,1742202227.0,633731392008.dkr.ecr.us-east-1.amazonaws.com/mini-mummi:createsims-gpu,gpu-static,2
507,createsim-structure-iter00-000000000001-bzk7v,Pod,createsim,created-timestamp,1742202451.0,633731392008.dkr.ecr.us-east-1.amazonaws.com/mini-mummi:createsims-gpu,gpu-static,2
508,createsim-structure-iter00-000000000001-bzk7v,Pod,createsim,created,0,633731392008.dkr.ecr.us-east-1.amazonaws.com/mini-mummi:createsims-gpu,gpu-static,2
509,createsim-structure-iter00-000000000001-bzk7v,Pod,createsim,started-timestamp,1742202451.0,633731392008.dkr.ecr.us-east-1.amazonaws.com/mini-mummi:createsims-gpu,gpu-static,2
510,createsim-structure-iter00-000000000001-bzk7v,Pod,createsim,started,0,633731392008.dkr.ecr.us-east-1.amazonaws.com/mini-mummi:createsims-gpu,gpu-static,2
511,createsim-structure-iter00-000000000001-bzk7v,Pod,createsim,pulled,224.077128928,633731392008.dkr.ecr.us-east-1.amazonaws.com/mini-mummi:createsims-gpu,gpu-static,2
512,createsim-structure-iter00-000000000000-5z2qr,Pod,createsim,pulled-timestamp,1742202445.0,633731392008.dkr.ecr.us-east-1.amazonaws.com/mini-mummi:createsims-gpu,gpu-static,2
513,createsim-structure-iter00-000000000000-5z2qr,Pod,createsim,pulling-timestamp,1742202227.0,633731392008.dkr.ecr.us-east-1.amazonaws.com/mini-mummi:createsims-gpu,gpu-static,2
514,createsim-structure-iter00-000000000000-5z2qr,Pod,createsim,scheduled-timestamp,1742202227.0,633731392008.dkr.ecr.us-east-1.amazonaws.com/mini-mummi:createsims-gpu,gpu-static,2
515,createsim-structure-iter00-000000000000-5z2qr,Pod,createsim,created-timestamp,1742202446.0,633731392008.dkr.ecr.us-east-1.amazonaws.com/mini-mummi:createsims-gpu,gpu-static,2
516,createsim-structure-iter00-000000000000-5z2qr,Pod,createsim,created,1,633731392008.dkr.ecr.us-east-1.amazonaws.com/mini-mummi:createsims-gpu,gpu-static,2
517,createsim-structure-iter00-000000000000-5z2qr,Pod,createsim,started-timestamp,1742202447.0,633731392008.dkr.ecr.us-east-1.amazonaws.com/mini-mummi:createsims-gpu,gpu-static,2
518,createsim-structure-iter00-000000000000-5z2qr,Pod,createsim,started,1,633731392008.dkr.ecr.us-east-1.amazonaws.com/mini-mummi:createsims-gpu,gpu-static,2
519,createsim-structure-iter00-000000000000-5z2qr,Pod,createsim,pulled,218.290979566,633731392008.dkr.ecr.us-east-1.amazonaws.com/mini-mummi:createsims-gpu,gpu-static,2
520,createsim-structure-iter00-000000000000,Job,createsim,successfulcreate-timestamp,1742202227.0,,gpu-static,2
521,createsim-structure-iter00-000000000000,Job,createsim,completed-timestamp,1742203244.0,,gpu-static,2
522,createsim-structure-iter00-000000000000,Job,createsim,running,1017,,gpu-static,2
523,cganalysis-structure-iter00-000000000000,Job,cganalysis,successfulcreate-timestamp,1742203258.0,,gpu-static,2
524,cganalysis-structure-iter00-000000000000,Job,cganalysis,completed-timestamp,1742205228.0,,gpu-static,2
525,cganalysis-structure-iter00-000000000000,Job,cganalysis,running,1970,,gpu-static,2
526,cganalysis-structure-iter00-000000000000-jnrvd,Pod,cganalysis,pulled-timestamp,1742203437.0,633731392008.dkr.ecr.us-east-1.amazonaws.com/mini-mummi:cganalysis-gpu,gpu-static,2
527,cganalysis-structure-iter00-000000000000-jnrvd,Pod,cganalysis,pulling-timestamp,1742203259.0,633731392008.dkr.ecr.us-east-1.amazonaws.com/mini-mummi:cganalysis-gpu,gpu-static,2
528,cganalysis-structure-iter00-000000000000-jnrvd,Pod,cganalysis,scheduled-timestamp,1742203258.0,633731392008.dkr.ecr.us-east-1.amazonaws.com/mini-mummi:cganalysis-gpu,gpu-static,2
529,cganalysis-structure-iter00-000000000000-jnrvd,Pod,cganalysis,created-timestamp,1742203437.0,633731392008.dkr.ecr.us-east-1.amazonaws.com/mini-mummi:cganalysis-gpu,gpu-static,2
530,cganalysis-structure-iter00-000000000000-jnrvd,Pod,cganalysis,created,0,633731392008.dkr.ecr.us-east-1.amazonaws.com/mini-mummi:cganalysis-gpu,gpu-static,2
531,cganalysis-structure-iter00-000000000000-jnrvd,Pod,cganalysis,started-timestamp,1742203440.0,633731392008.dkr.ecr.us-east-1.amazonaws.com/mini-mummi:cganalysis-gpu,gpu-static,2
532,cganalysis-structure-iter00-000000000000-jnrvd,Pod,cganalysis,started,3,633731392008.dkr.ecr.us-east-1.amazonaws.com/mini-mummi:cganalysis-gpu,gpu-static,2
533,cganalysis-structure-iter00-000000000000-jnrvd,Pod,cganalysis,pulled,178.53772304,633731392008.dkr.ecr.us-east-1.amazonaws.com/mini-mummi:cganalysis-gpu,gpu-static,2
534,cganalysis-structure-iter00-000000000001,Job,cganalysis,successfulcreate-timestamp,1742203258.0,,gpu-static,2
535,cganalysis-structure-iter00-000000000001,Job,cganalysis,completed-timestamp,1742205274.0,,gpu-static,2
536,cganalysis-structure-iter00-000000000001,Job,cganalysis,running,2016,,gpu-static,2
537,cganalysis-structure-iter00-000000000001-fnz7r,Pod,cganalysis,pulled-timestamp,1742203485.0,633731392008.dkr.ecr.us-east-1.amazonaws.com/mini-mummi:cganalysis-gpu,gpu-static,2
538,cganalysis-structure-iter00-000000000001-fnz7r,Pod,cganalysis,pulling-timestamp,1742203259.0,633731392008.dkr.ecr.us-east-1.amazonaws.com/mini-mummi:cganalysis-gpu,gpu-static,2
539,cganalysis-structure-iter00-000000000001-fnz7r,Pod,cganalysis,scheduled-timestamp,1742203258.0,633731392008.dkr.ecr.us-east-1.amazonaws.com/mini-mummi:cganalysis-gpu,gpu-static,2
540,cganalysis-structure-iter00-000000000001-fnz7r,Pod,cganalysis,created-timestamp,1742203485.0,633731392008.dkr.ecr.us-east-1.amazonaws.com/mini-mummi:cganalysis-gpu,gpu-static,2
541,cganalysis-structure-iter00-000000000001-fnz7r,Pod,cganalysis,created,0,633731392008.dkr.ecr.us-east-1.amazonaws.com/mini-mummi:cganalysis-gpu,gpu-static,2
542,cganalysis-structure-iter00-000000000001-fnz7r,Pod,cganalysis,started-timestamp,1742203485.0,633731392008.dkr.ecr.us-east-1.amazonaws.com/mini-mummi:cganalysis-gpu,gpu-static,2
543,cganalysis-structure-iter00-000000000001-fnz7r,Pod,cganalysis,started,0,633731392008.dkr.ecr.us-east-1.amazonaws.com/mini-mummi:cganalysis-gpu,gpu-static,2
544,cganalysis-structure-iter00-000000000001-fnz7r,Pod,cganalysis,pulled,225.841936944,633731392008.dkr.ecr.us-east-1.amazonaws.com/mini-mummi:cganalysis-gpu,gpu-static,2
545,createsim-structure-iter00-000000000002,Job,createsim,successfulcreate-timestamp,1742203276.0,,gpu-static,2
546,createsim-structure-iter00-000000000002,Job,createsim,completed-timestamp,1742204070.0,,gpu-static,2
547,createsim-structure-iter00-000000000002,Job,createsim,running,794,,gpu-static,2
548,createsim-structure-iter00-000000000003,Job,createsim,successfulcreate-timestamp,1742203276.0,,gpu-static,2
549,createsim-structure-iter00-000000000003,Job,createsim,completed-timestamp,1742204298.0,,gpu-static,2
550,createsim-structure-iter00-000000000003,Job,createsim,running,1022,,gpu-static,2
551,createsim-structure-iter00-000000000003-6lmd4,Pod,createsim,pulled-timestamp,1742203493.0,633731392008.dkr.ecr.us-east-1.amazonaws.com/mini-mummi:createsims-gpu,gpu-static,2
552,createsim-structure-iter00-000000000003-6lmd4,Pod,createsim,pulling-timestamp,1742203277.0,633731392008.dkr.ecr.us-east-1.amazonaws.com/mini-mummi:createsims-gpu,gpu-static,2
553,createsim-structure-iter00-000000000003-6lmd4,Pod,createsim,scheduled-timestamp,1742203276.0,633731392008.dkr.ecr.us-east-1.amazonaws.com/mini-mummi:createsims-gpu,gpu-static,2
554,createsim-structure-iter00-000000000003-6lmd4,Pod,createsim,created-timestamp,1742203493.0,633731392008.dkr.ecr.us-east-1.amazonaws.com/mini-mummi:createsims-gpu,gpu-static,2
555,createsim-structure-iter00-000000000003-6lmd4,Pod,createsim,created,0,633731392008.dkr.ecr.us-east-1.amazonaws.com/mini-mummi:createsims-gpu,gpu-static,2
556,createsim-structure-iter00-000000000003-6lmd4,Pod,createsim,started-timestamp,1742203495.0,633731392008.dkr.ecr.us-east-1.amazonaws.com/mini-mummi:createsims-gpu,gpu-static,2
557,createsim-structure-iter00-000000000003-6lmd4,Pod,createsim,started,2,633731392008.dkr.ecr.us-east-1.amazonaws.com/mini-mummi:createsims-gpu,gpu-static,2
558,createsim-structure-iter00-000000000003-6lmd4,Pod,createsim,pulled,216.25040145100002,633731392008.dkr.ecr.us-east-1.amazonaws.com/mini-mummi:createsims-gpu,gpu-static,2
559,cganalysis-structure-iter00-000000000002,Job,cganalysis,successfulcreate-timestamp,1742204086.0,,gpu-static,2
560,cganalysis-structure-iter00-000000000002,Job,cganalysis,completed-timestamp,1742206038.0,,gpu-static,2
561,cganalysis-structure-iter00-000000000002,Job,cganalysis,running,1952,,gpu-static,2
562,cganalysis-structure-iter00-000000000002-b2lfw,Pod,cganalysis,pulled-timestamp,1742204248.0,633731392008.dkr.ecr.us-east-1.amazonaws.com/mini-mummi:cganalysis-gpu,gpu-static,2
563,cganalysis-structure-iter00-000000000002-b2lfw,Pod,cganalysis,pulling-timestamp,1742204087.0,633731392008.dkr.ecr.us-east-1.amazonaws.com/mini-mummi:cganalysis-gpu,gpu-static,2
564,cganalysis-structure-iter00-000000000002-b2lfw,Pod,cganalysis,scheduled-timestamp,1742204086.0,633731392008.dkr.ecr.us-east-1.amazonaws.com/mini-mummi:cganalysis-gpu,gpu-static,2
565,cganalysis-structure-iter00-000000000002-b2lfw,Pod,cganalysis,created-timestamp,1742204249.0,633731392008.dkr.ecr.us-east-1.amazonaws.com/mini-mummi:cganalysis-gpu,gpu-static,2
566,cganalysis-structure-iter00-000000000002-b2lfw,Pod,cganalysis,created,1,633731392008.dkr.ecr.us-east-1.amazonaws.com/mini-mummi:cganalysis-gpu,gpu-static,2
567,cganalysis-structure-iter00-000000000002-b2lfw,Pod,cganalysis,started-timestamp,1742204249.0,633731392008.dkr.ecr.us-east-1.amazonaws.com/mini-mummi:cganalysis-gpu,gpu-static,2
568,cganalysis-structure-iter00-000000000002-b2lfw,Pod,cganalysis,started,0,633731392008.dkr.ecr.us-east-1.amazonaws.com/mini-mummi:cganalysis-gpu,gpu-static,2
569,cganalysis-structure-iter00-000000000002-b2lfw,Pod,cganalysis,pulled,161.41466812800002,633731392008.dkr.ecr.us-east-1.amazonaws.com/mini-mummi:cganalysis-gpu,gpu-static,2
570,createsim-structure-iter00-000000000004,Job,createsim,successfulcreate-timestamp,1742204103.0,,gpu-static,2
571,createsim-structure-iter00-000000000004,Job,createsim,completed-timestamp,1742205157.0,,gpu-static,2
572,createsim-structure-iter00-000000000004,Job,createsim,running,1054,,gpu-static,2
573,createsim-structure-iter00-000000000004-wq5w9,Pod,createsim,pulled-timestamp,1742204320.0,633731392008.dkr.ecr.us-east-1.amazonaws.com/mini-mummi:createsims-gpu,gpu-static,2
574,createsim-structure-iter00-000000000004-wq5w9,Pod,createsim,pulling-timestamp,1742204103.0,633731392008.dkr.ecr.us-east-1.amazonaws.com/mini-mummi:createsims-gpu,gpu-static,2
575,createsim-structure-iter00-000000000004-wq5w9,Pod,createsim,scheduled-timestamp,1742204103.0,633731392008.dkr.ecr.us-east-1.amazonaws.com/mini-mummi:createsims-gpu,gpu-static,2
576,createsim-structure-iter00-000000000004-wq5w9,Pod,createsim,created-timestamp,1742204321.0,633731392008.dkr.ecr.us-east-1.amazonaws.com/mini-mummi:createsims-gpu,gpu-static,2
577,createsim-structure-iter00-000000000004-wq5w9,Pod,createsim,created,1,633731392008.dkr.ecr.us-east-1.amazonaws.com/mini-mummi:createsims-gpu,gpu-static,2
578,createsim-structure-iter00-000000000004-wq5w9,Pod,createsim,started-timestamp,1742204323.0,633731392008.dkr.ecr.us-east-1.amazonaws.com/mini-mummi:createsims-gpu,gpu-static,2
579,createsim-structure-iter00-000000000004-wq5w9,Pod,createsim,started,2,633731392008.dkr.ecr.us-east-1.amazonaws.com/mini-mummi:createsims-gpu,gpu-static,2
580,createsim-structure-iter00-000000000004-wq5w9,Pod,createsim,pulled,217.115687208,633731392008.dkr.ecr.us-east-1.amazonaws.com/mini-mummi:createsims-gpu,gpu-static,2
581,createsim-structure-iter00-000000000006,Job,createsim,successfulcreate-timestamp,1742204327.0,,gpu-static,2
582,createsim-structure-iter00-000000000006,Job,createsim,completed-timestamp,1742205168.0,,gpu-static,2
583,createsim-structure-iter00-000000000006,Job,createsim,running,841,,gpu-static,2
584,createsim-structure-iter00-000000000008,Job,createsim,successfulcreate-timestamp,1742205183.0,,gpu-static,2
585,createsim-structure-iter00-000000000008,Job,createsim,completed-timestamp,1742205984.0,,gpu-static,2
586,createsim-structure-iter00-000000000008,Job,createsim,running,801,,gpu-static,2
587,createsim-structure-iter00-000000000009,Job,createsim,successfulcreate-timestamp,1742205183.0,,gpu-static,2
588,createsim-structure-iter00-000000000009,Job,createsim,completed-timestamp,1742205979.0,,gpu-static,2
589,createsim-structure-iter00-000000000009,Job,createsim,running,796,,gpu-static,2
590,cganalysis-structure-iter00-000000000003,Job,cganalysis,successfulcreate-timestamp,1742205242.0,,gpu-static,2
591,cganalysis-structure-iter00-000000000003,Job,cganalysis,completed-timestamp,1742207031.0,,gpu-static,2
592,cganalysis-structure-iter00-000000000003,Job,cganalysis,running,1789,,gpu-static,2
593,cganalysis-structure-iter00-000000000004,Job,cganalysis,successfulcreate-timestamp,1742205285.0,,gpu-static,2
594,cganalysis-structure-iter00-000000000004,Job,cganalysis,completed-timestamp,1742207074.0,,gpu-static,2
595,cganalysis-structure-iter00-000000000004,Job,cganalysis,running,1789,,gpu-static,2
596,createsim-structure-iter00-000000000010,Job,createsim,successfulcreate-timestamp,1742206008.0,,gpu-static,2
597,createsim-structure-iter00-000000000010,Job,createsim,completed-timestamp,1742206840.0,,gpu-static,2
598,createsim-structure-iter00-000000000010,Job,createsim,running,832,,gpu-static,2
599,createsim-structure-iter00-000000000011,Job,createsim,successfulcreate-timestamp,1742206008.0,,gpu-static,2
600,createsim-structure-iter00-000000000011,Job,createsim,completed-timestamp,1742206832.0,,gpu-static,2
601,createsim-structure-iter00-000000000011,Job,createsim,running,824,,gpu-static,2
602,cganalysis-structure-iter00-000000000006,Job,cganalysis,successfulcreate-timestamp,1742206053.0,,gpu-static,2
603,cganalysis-structure-iter00-000000000006,Job,cganalysis,completed-timestamp,1742207843.0,,gpu-static,2
604,cganalysis-structure-iter00-000000000006,Job,cganalysis,running,1790,,gpu-static,2
605,createsim-structure-iter00-000000000012,Job,createsim,successfulcreate-timestamp,1742206863.0,,gpu-static,2
606,createsim-structure-iter00-000000000012,Job,createsim,completed-timestamp,1742207664.0,,gpu-static,2
607,createsim-structure-iter00-000000000012,Job,createsim,running,801,,gpu-static,2
608,createsim-structure-iter00-000000000013,Job,createsim,successfulcreate-timestamp,1742206864.0,,gpu-static,2
609,createsim-structure-iter00-000000000013,Job,createsim,completed-timestamp,1742207650.0,,gpu-static,2
610,createsim-structure-iter00-000000000013,Job,createsim,running,786,,gpu-static,2
611,cganalysis-structure-iter00-000000000008,Job,cganalysis,successfulcreate-timestamp,1742207044.0,,gpu-static,2
612,cganalysis-structure-iter00-000000000008,Job,cganalysis,completed-timestamp,1742208834.0,,gpu-static,2
613,cganalysis-structure-iter00-000000000008,Job,cganalysis,running,1790,,gpu-static,2
614,cganalysis-structure-iter00-000000000009,Job,cganalysis,successfulcreate-timestamp,1742207086.0,,gpu-static,2
615,cganalysis-structure-iter00-000000000009,Job,cganalysis,completed-timestamp,1742208876.0,,gpu-static,2
616,cganalysis-structure-iter00-000000000009,Job,cganalysis,running,1790,,gpu-static,2
617,createsim-structure-iter00-000000000014,Job,createsim,successfulcreate-timestamp,1742207674.0,,gpu-static,2
618,createsim-structure-iter00-000000000014,Job,createsim,completed-timestamp,1742208491.0,,gpu-static,2
619,createsim-structure-iter00-000000000014,Job,createsim,running,817,,gpu-static,2
620,createsim-structure-iter00-000000000015,Job,createsim,successfulcreate-timestamp,1742207674.0,,gpu-static,2
621,createsim-structure-iter00-000000000015,Job,createsim,completed-timestamp,1742208462.0,,gpu-static,2
622,createsim-structure-iter00-000000000015,Job,createsim,running,788,,gpu-static,2
623,cganalysis-structure-iter00-000000000010,Job,cganalysis,successfulcreate-timestamp,1742207855.0,,gpu-static,2
624,cganalysis-structure-iter00-000000000010,Job,cganalysis,completed-timestamp,1742209645.0,,gpu-static,2
625,cganalysis-structure-iter00-000000000010,Job,cganalysis,running,1790,,gpu-static,2
626,createsim-structure-iter00-000000000016,Job,createsim,successfulcreate-timestamp,1742208484.0,,gpu-static,2
627,createsim-structure-iter00-000000000016,Job,createsim,completed-timestamp,1742209271.0,,gpu-static,2
628,createsim-structure-iter00-000000000016,Job,createsim,running,787,,gpu-static,2
629,createsim-structure-iter00-000000000018,Job,createsim,successfulcreate-timestamp,1742208499.0,,gpu-static,2
630,createsim-structure-iter00-000000000018,Job,createsim,completed-timestamp,1742209311.0,,gpu-static,2
631,createsim-structure-iter00-000000000018,Job,createsim,running,812,,gpu-static,2
632,cganalysis-structure-iter00-000000000011,Job,cganalysis,successfulcreate-timestamp,1742208847.0,,gpu-static,2
633,cganalysis-structure-iter00-000000000011,Job,cganalysis,completed-timestamp,1742210636.0,,gpu-static,2
634,cganalysis-structure-iter00-000000000011,Job,cganalysis,running,1789,,gpu-static,2
635,cganalysis-structure-iter00-000000000012,Job,cganalysis,successfulcreate-timestamp,1742208887.0,,gpu-static,2
636,cganalysis-structure-iter00-000000000012,Job,cganalysis,completed-timestamp,1742210677.0,,gpu-static,2
637,cganalysis-structure-iter00-000000000012,Job,cganalysis,running,1790,,gpu-static,2
638,createsim-structure-iter00-000000000020,Job,createsim,successfulcreate-timestamp,1742209295.0,,gpu-static,2
639,createsim-structure-iter00-000000000020,Job,createsim,completed-timestamp,1742210083.0,,gpu-static,2
640,createsim-structure-iter00-000000000020,Job,createsim,running,788,,gpu-static,2
641,createsim-structure-iter00-000000000022,Job,createsim,successfulcreate-timestamp,1742209324.0,,gpu-static,2
642,createsim-structure-iter00-000000000022,Job,createsim,completed-timestamp,1742210147.0,,gpu-static,2
643,createsim-structure-iter00-000000000022,Job,createsim,running,823,,gpu-static,2
644,createsim-structure-iter00-000000000024,Job,createsim,successfulcreate-timestamp,1742210105.0,,gpu-static,2
645,createsim-structure-iter00-000000000024,Job,createsim,completed-timestamp,1742210893.0,,gpu-static,2
646,createsim-structure-iter00-000000000024,Job,createsim,running,788,,gpu-static,2
647,aws-node-5cq58,Pod,,pulled-timestamp,1742235292.0,602401143452.dkr.ecr.us-east-1.amazonaws.com/amazon/aws-network-policy-agent:v1.1.5-eksbuild.1,gpu-static,3
648,aws-node-5cq58,Pod,,pulling-timestamp,1742235290.0,602401143452.dkr.ecr.us-east-1.amazonaws.com/amazon/aws-network-policy-agent:v1.1.5-eksbuild.1,gpu-static,3
649,aws-node-5cq58,Pod,,scheduled-timestamp,1742235265.0,602401143452.dkr.ecr.us-east-1.amazonaws.com/amazon/aws-network-policy-agent:v1.1.5-eksbuild.1,gpu-static,3
650,aws-node-5cq58,Pod,,created-timestamp,1742235292.0,602401143452.dkr.ecr.us-east-1.amazonaws.com/amazon/aws-network-policy-agent:v1.1.5-eksbuild.1,gpu-static,3
651,aws-node-5cq58,Pod,,created,0,602401143452.dkr.ecr.us-east-1.amazonaws.com/amazon/aws-network-policy-agent:v1.1.5-eksbuild.1,gpu-static,3
652,aws-node-5cq58,Pod,,started-timestamp,1742235292.0,602401143452.dkr.ecr.us-east-1.amazonaws.com/amazon/aws-network-policy-agent:v1.1.5-eksbuild.1,gpu-static,3
653,aws-node-5cq58,Pod,,started,0,602401143452.dkr.ecr.us-east-1.amazonaws.com/amazon/aws-network-policy-agent:v1.1.5-eksbuild.1,gpu-static,3
654,aws-node-5cq58,Pod,,pulled,1.499307645,602401143452.dkr.ecr.us-east-1.amazonaws.com/amazon/aws-network-policy-agent:v1.1.5-eksbuild.1,gpu-static,3
655,aws-node-88z5h,Pod,,pulled-timestamp,1742235170.0,602401143452.dkr.ecr.us-east-1.amazonaws.com/amazon/aws-network-policy-agent:v1.1.5-eksbuild.1,gpu-static,3
656,aws-node-88z5h,Pod,,pulling-timestamp,1742235169.0,602401143452.dkr.ecr.us-east-1.amazonaws.com/amazon/aws-network-policy-agent:v1.1.5-eksbuild.1,gpu-static,3
657,aws-node-88z5h,Pod,,scheduled-timestamp,1742235159.0,602401143452.dkr.ecr.us-east-1.amazonaws.com/amazon/aws-network-policy-agent:v1.1.5-eksbuild.1,gpu-static,3
658,aws-node-88z5h,Pod,,created-timestamp,1742235170.0,602401143452.dkr.ecr.us-east-1.amazonaws.com/amazon/aws-network-policy-agent:v1.1.5-eksbuild.1,gpu-static,3
659,aws-node-88z5h,Pod,,created,0,602401143452.dkr.ecr.us-east-1.amazonaws.com/amazon/aws-network-policy-agent:v1.1.5-eksbuild.1,gpu-static,3
660,aws-node-88z5h,Pod,,started-timestamp,1742235170.0,602401143452.dkr.ecr.us-east-1.amazonaws.com/amazon/aws-network-policy-agent:v1.1.5-eksbuild.1,gpu-static,3
661,aws-node-88z5h,Pod,,started,0,602401143452.dkr.ecr.us-east-1.amazonaws.com/amazon/aws-network-policy-agent:v1.1.5-eksbuild.1,gpu-static,3
662,aws-node-88z5h,Pod,,pulled,1.486246891,602401143452.dkr.ecr.us-east-1.amazonaws.com/amazon/aws-network-policy-agent:v1.1.5-eksbuild.1,gpu-static,3
663,aws-node-cdgng,Pod,,pulled-timestamp,1742235173.0,602401143452.dkr.ecr.us-east-1.amazonaws.com/amazon/aws-network-policy-agent:v1.1.5-eksbuild.1,gpu-static,3
664,aws-node-cdgng,Pod,,pulling-timestamp,1742235171.0,602401143452.dkr.ecr.us-east-1.amazonaws.com/amazon/aws-network-policy-agent:v1.1.5-eksbuild.1,gpu-static,3
665,aws-node-cdgng,Pod,,scheduled-timestamp,1742235162.0,602401143452.dkr.ecr.us-east-1.amazonaws.com/amazon/aws-network-policy-agent:v1.1.5-eksbuild.1,gpu-static,3
666,aws-node-cdgng,Pod,,created-timestamp,1742235173.0,602401143452.dkr.ecr.us-east-1.amazonaws.com/amazon/aws-network-policy-agent:v1.1.5-eksbuild.1,gpu-static,3
667,aws-node-cdgng,Pod,,created,0,602401143452.dkr.ecr.us-east-1.amazonaws.com/amazon/aws-network-policy-agent:v1.1.5-eksbuild.1,gpu-static,3
668,aws-node-cdgng,Pod,,started-timestamp,1742235173.0,602401143452.dkr.ecr.us-east-1.amazonaws.com/amazon/aws-network-policy-agent:v1.1.5-eksbuild.1,gpu-static,3
669,aws-node-cdgng,Pod,,started,0,602401143452.dkr.ecr.us-east-1.amazonaws.com/amazon/aws-network-policy-agent:v1.1.5-eksbuild.1,gpu-static,3
670,aws-node-cdgng,Pod,,pulled,1.553053232,602401143452.dkr.ecr.us-east-1.amazonaws.com/amazon/aws-network-policy-agent:v1.1.5-eksbuild.1,gpu-static,3
671,aws-node-clw6m,Pod,,pulled-timestamp,1742235167.0,602401143452.dkr.ecr.us-east-1.amazonaws.com/amazon/aws-network-policy-agent:v1.1.5-eksbuild.1,gpu-static,3
672,aws-node-clw6m,Pod,,pulling-timestamp,1742235165.0,602401143452.dkr.ecr.us-east-1.amazonaws.com/amazon/aws-network-policy-agent:v1.1.5-eksbuild.1,gpu-static,3
673,aws-node-clw6m,Pod,,scheduled-timestamp,1742235152.0,602401143452.dkr.ecr.us-east-1.amazonaws.com/amazon/aws-network-policy-agent:v1.1.5-eksbuild.1,gpu-static,3
674,aws-node-clw6m,Pod,,created-timestamp,1742235167.0,602401143452.dkr.ecr.us-east-1.amazonaws.com/amazon/aws-network-policy-agent:v1.1.5-eksbuild.1,gpu-static,3
675,aws-node-clw6m,Pod,,created,0,602401143452.dkr.ecr.us-east-1.amazonaws.com/amazon/aws-network-policy-agent:v1.1.5-eksbuild.1,gpu-static,3
676,aws-node-clw6m,Pod,,started-timestamp,1742235167.0,602401143452.dkr.ecr.us-east-1.amazonaws.com/amazon/aws-network-policy-agent:v1.1.5-eksbuild.1,gpu-static,3
677,aws-node-clw6m,Pod,,started,0,602401143452.dkr.ecr.us-east-1.amazonaws.com/amazon/aws-network-policy-agent:v1.1.5-eksbuild.1,gpu-static,3
678,aws-node-clw6m,Pod,,pulled,1.503063304,602401143452.dkr.ecr.us-east-1.amazonaws.com/amazon/aws-network-policy-agent:v1.1.5-eksbuild.1,gpu-static,3
679,aws-node-mqtvb,Pod,,pulled-timestamp,1742235166.0,602401143452.dkr.ecr.us-east-1.amazonaws.com/amazon/aws-network-policy-agent:v1.1.5-eksbuild.1,gpu-static,3
680,aws-node-mqtvb,Pod,,pulling-timestamp,1742235165.0,602401143452.dkr.ecr.us-east-1.amazonaws.com/amazon/aws-network-policy-agent:v1.1.5-eksbuild.1,gpu-static,3
681,aws-node-mqtvb,Pod,,scheduled-timestamp,1742235156.0,602401143452.dkr.ecr.us-east-1.amazonaws.com/amazon/aws-network-policy-agent:v1.1.5-eksbuild.1,gpu-static,3
682,aws-node-mqtvb,Pod,,created-timestamp,1742235166.0,602401143452.dkr.ecr.us-east-1.amazonaws.com/amazon/aws-network-policy-agent:v1.1.5-eksbuild.1,gpu-static,3
683,aws-node-mqtvb,Pod,,created,0,602401143452.dkr.ecr.us-east-1.amazonaws.com/amazon/aws-network-policy-agent:v1.1.5-eksbuild.1,gpu-static,3
684,aws-node-mqtvb,Pod,,started-timestamp,1742235167.0,602401143452.dkr.ecr.us-east-1.amazonaws.com/amazon/aws-network-policy-agent:v1.1.5-eksbuild.1,gpu-static,3
685,aws-node-mqtvb,Pod,,started,1,602401143452.dkr.ecr.us-east-1.amazonaws.com/amazon/aws-network-policy-agent:v1.1.5-eksbuild.1,gpu-static,3
686,aws-node-mqtvb,Pod,,pulled,1.492708328,602401143452.dkr.ecr.us-east-1.amazonaws.com/amazon/aws-network-policy-agent:v1.1.5-eksbuild.1,gpu-static,3
687,aws-node-wbjl5,Pod,,pulled-timestamp,1742235169.0,602401143452.dkr.ecr.us-east-1.amazonaws.com/amazon/aws-network-policy-agent:v1.1.5-eksbuild.1,gpu-static,3
688,aws-node-wbjl5,Pod,,pulling-timestamp,1742235167.0,602401143452.dkr.ecr.us-east-1.amazonaws.com/amazon/aws-network-policy-agent:v1.1.5-eksbuild.1,gpu-static,3
689,aws-node-wbjl5,Pod,,scheduled-timestamp,1742235158.0,602401143452.dkr.ecr.us-east-1.amazonaws.com/amazon/aws-network-policy-agent:v1.1.5-eksbuild.1,gpu-static,3
690,aws-node-wbjl5,Pod,,created-timestamp,1742235169.0,602401143452.dkr.ecr.us-east-1.amazonaws.com/amazon/aws-network-policy-agent:v1.1.5-eksbuild.1,gpu-static,3
691,aws-node-wbjl5,Pod,,created,0,602401143452.dkr.ecr.us-east-1.amazonaws.com/amazon/aws-network-policy-agent:v1.1.5-eksbuild.1,gpu-static,3
692,aws-node-wbjl5,Pod,,started-timestamp,1742235169.0,602401143452.dkr.ecr.us-east-1.amazonaws.com/amazon/aws-network-policy-agent:v1.1.5-eksbuild.1,gpu-static,3
693,aws-node-wbjl5,Pod,,started,0,602401143452.dkr.ecr.us-east-1.amazonaws.com/amazon/aws-network-policy-agent:v1.1.5-eksbuild.1,gpu-static,3
694,aws-node-wbjl5,Pod,,pulled,1.487850091,602401143452.dkr.ecr.us-east-1.amazonaws.com/amazon/aws-network-policy-agent:v1.1.5-eksbuild.1,gpu-static,3
695,coredns-d9b6d6c7d-7fhgr,Pod,,pulled-timestamp,1742235169.0,602401143452.dkr.ecr.us-east-1.amazonaws.com/eks/coredns:v1.10.1-eksbuild.4,gpu-static,3
696,coredns-d9b6d6c7d-7fhgr,Pod,,pulling-timestamp,1742235168.0,602401143452.dkr.ecr.us-east-1.amazonaws.com/eks/coredns:v1.10.1-eksbuild.4,gpu-static,3
697,coredns-d9b6d6c7d-7fhgr,Pod,,scheduled-timestamp,1742235167.0,602401143452.dkr.ecr.us-east-1.amazonaws.com/eks/coredns:v1.10.1-eksbuild.4,gpu-static,3
698,coredns-d9b6d6c7d-7fhgr,Pod,,created-timestamp,1742235169.0,602401143452.dkr.ecr.us-east-1.amazonaws.com/eks/coredns:v1.10.1-eksbuild.4,gpu-static,3
699,coredns-d9b6d6c7d-7fhgr,Pod,,created,0,602401143452.dkr.ecr.us-east-1.amazonaws.com/eks/coredns:v1.10.1-eksbuild.4,gpu-static,3
700,coredns-d9b6d6c7d-7fhgr,Pod,,started-timestamp,1742235169.0,602401143452.dkr.ecr.us-east-1.amazonaws.com/eks/coredns:v1.10.1-eksbuild.4,gpu-static,3
701,coredns-d9b6d6c7d-7fhgr,Pod,,started,0,602401143452.dkr.ecr.us-east-1.amazonaws.com/eks/coredns:v1.10.1-eksbuild.4,gpu-static,3
702,coredns-d9b6d6c7d-7fhgr,Pod,,pulled,1.144515116,602401143452.dkr.ecr.us-east-1.amazonaws.com/eks/coredns:v1.10.1-eksbuild.4,gpu-static,3
703,coredns-d9b6d6c7d-pm89w,Pod,,pulled-timestamp,1742235169.0,602401143452.dkr.ecr.us-east-1.amazonaws.com/eks/coredns:v1.10.1-eksbuild.4,gpu-static,3
704,coredns-d9b6d6c7d-pm89w,Pod,,pulling-timestamp,1742235168.0,602401143452.dkr.ecr.us-east-1.amazonaws.com/eks/coredns:v1.10.1-eksbuild.4,gpu-static,3
705,coredns-d9b6d6c7d-pm89w,Pod,,scheduled-timestamp,1742235167.0,602401143452.dkr.ecr.us-east-1.amazonaws.com/eks/coredns:v1.10.1-eksbuild.4,gpu-static,3
706,coredns-d9b6d6c7d-pm89w,Pod,,created-timestamp,1742235169.0,602401143452.dkr.ecr.us-east-1.amazonaws.com/eks/coredns:v1.10.1-eksbuild.4,gpu-static,3
707,coredns-d9b6d6c7d-pm89w,Pod,,created,0,602401143452.dkr.ecr.us-east-1.amazonaws.com/eks/coredns:v1.10.1-eksbuild.4,gpu-static,3
708,coredns-d9b6d6c7d-pm89w,Pod,,started-timestamp,1742235169.0,602401143452.dkr.ecr.us-east-1.amazonaws.com/eks/coredns:v1.10.1-eksbuild.4,gpu-static,3
709,coredns-d9b6d6c7d-pm89w,Pod,,started,0,602401143452.dkr.ecr.us-east-1.amazonaws.com/eks/coredns:v1.10.1-eksbuild.4,gpu-static,3
710,coredns-d9b6d6c7d-pm89w,Pod,,pulled,1.147103937,602401143452.dkr.ecr.us-east-1.amazonaws.com/eks/coredns:v1.10.1-eksbuild.4,gpu-static,3
711,metrics-server-7794986bdb-fqjkj,Pod,,pulled-timestamp,1742235169.0,602401143452.dkr.ecr.us-east-1.amazonaws.com/eks/metrics-server:v0.7.2-eksbuild.2,gpu-static,3
712,metrics-server-7794986bdb-fqjkj,Pod,,pulling-timestamp,1742235168.0,602401143452.dkr.ecr.us-east-1.amazonaws.com/eks/metrics-server:v0.7.2-eksbuild.2,gpu-static,3
713,metrics-server-7794986bdb-fqjkj,Pod,,scheduled-timestamp,1742235167.0,602401143452.dkr.ecr.us-east-1.amazonaws.com/eks/metrics-server:v0.7.2-eksbuild.2,gpu-static,3
714,metrics-server-7794986bdb-fqjkj,Pod,,created-timestamp,1742235169.0,602401143452.dkr.ecr.us-east-1.amazonaws.com/eks/metrics-server:v0.7.2-eksbuild.2,gpu-static,3
715,metrics-server-7794986bdb-fqjkj,Pod,,created,0,602401143452.dkr.ecr.us-east-1.amazonaws.com/eks/metrics-server:v0.7.2-eksbuild.2,gpu-static,3
716,metrics-server-7794986bdb-fqjkj,Pod,,started-timestamp,1742235169.0,602401143452.dkr.ecr.us-east-1.amazonaws.com/eks/metrics-server:v0.7.2-eksbuild.2,gpu-static,3
717,metrics-server-7794986bdb-fqjkj,Pod,,started,0,602401143452.dkr.ecr.us-east-1.amazonaws.com/eks/metrics-server:v0.7.2-eksbuild.2,gpu-static,3
718,metrics-server-7794986bdb-fqjkj,Pod,,pulled,1.508545181,602401143452.dkr.ecr.us-east-1.amazonaws.com/eks/metrics-server:v0.7.2-eksbuild.2,gpu-static,3
719,metrics-server-7794986bdb-z8x2d,Pod,,pulled-timestamp,1742235169.0,602401143452.dkr.ecr.us-east-1.amazonaws.com/eks/metrics-server:v0.7.2-eksbuild.2,gpu-static,3
720,metrics-server-7794986bdb-z8x2d,Pod,,pulling-timestamp,1742235168.0,602401143452.dkr.ecr.us-east-1.amazonaws.com/eks/metrics-server:v0.7.2-eksbuild.2,gpu-static,3
721,metrics-server-7794986bdb-z8x2d,Pod,,scheduled-timestamp,1742235167.0,602401143452.dkr.ecr.us-east-1.amazonaws.com/eks/metrics-server:v0.7.2-eksbuild.2,gpu-static,3
722,metrics-server-7794986bdb-z8x2d,Pod,,created-timestamp,1742235169.0,602401143452.dkr.ecr.us-east-1.amazonaws.com/eks/metrics-server:v0.7.2-eksbuild.2,gpu-static,3
723,metrics-server-7794986bdb-z8x2d,Pod,,created,0,602401143452.dkr.ecr.us-east-1.amazonaws.com/eks/metrics-server:v0.7.2-eksbuild.2,gpu-static,3
724,metrics-server-7794986bdb-z8x2d,Pod,,started-timestamp,1742235169.0,602401143452.dkr.ecr.us-east-1.amazonaws.com/eks/metrics-server:v0.7.2-eksbuild.2,gpu-static,3
725,metrics-server-7794986bdb-z8x2d,Pod,,started,0,602401143452.dkr.ecr.us-east-1.amazonaws.com/eks/metrics-server:v0.7.2-eksbuild.2,gpu-static,3
726,metrics-server-7794986bdb-z8x2d,Pod,,pulled,1.423748065,602401143452.dkr.ecr.us-east-1.amazonaws.com/eks/metrics-server:v0.7.2-eksbuild.2,gpu-static,3
727,nvidia-device-plugin-daemonset-bvjgt,Pod,,pulled-timestamp,1742235343.0,nvcr.io/nvidia/k8s-device-plugin:v0.17.0,gpu-static,3
728,nvidia-device-plugin-daemonset-bvjgt,Pod,,pulling-timestamp,1742235334.0,nvcr.io/nvidia/k8s-device-plugin:v0.17.0,gpu-static,3
729,nvidia-device-plugin-daemonset-bvjgt,Pod,,scheduled-timestamp,1742235333.0,nvcr.io/nvidia/k8s-device-plugin:v0.17.0,gpu-static,3
730,nvidia-device-plugin-daemonset-bvjgt,Pod,,created-timestamp,1742235343.0,nvcr.io/nvidia/k8s-device-plugin:v0.17.0,gpu-static,3
731,nvidia-device-plugin-daemonset-bvjgt,Pod,,created,0,nvcr.io/nvidia/k8s-device-plugin:v0.17.0,gpu-static,3
732,nvidia-device-plugin-daemonset-bvjgt,Pod,,started-timestamp,1742235344.0,nvcr.io/nvidia/k8s-device-plugin:v0.17.0,gpu-static,3
733,nvidia-device-plugin-daemonset-bvjgt,Pod,,started,1,nvcr.io/nvidia/k8s-device-plugin:v0.17.0,gpu-static,3
734,nvidia-device-plugin-daemonset-bvjgt,Pod,,pulled,8.595581772,nvcr.io/nvidia/k8s-device-plugin:v0.17.0,gpu-static,3
735,nvidia-device-plugin-daemonset-fbftl,Pod,,pulled-timestamp,1742235343.0,nvcr.io/nvidia/k8s-device-plugin:v0.17.0,gpu-static,3
736,nvidia-device-plugin-daemonset-fbftl,Pod,,pulling-timestamp,1742235334.0,nvcr.io/nvidia/k8s-device-plugin:v0.17.0,gpu-static,3
737,nvidia-device-plugin-daemonset-fbftl,Pod,,scheduled-timestamp,1742235334.0,nvcr.io/nvidia/k8s-device-plugin:v0.17.0,gpu-static,3
738,nvidia-device-plugin-daemonset-fbftl,Pod,,created-timestamp,1742235343.0,nvcr.io/nvidia/k8s-device-plugin:v0.17.0,gpu-static,3
739,nvidia-device-plugin-daemonset-fbftl,Pod,,created,0,nvcr.io/nvidia/k8s-device-plugin:v0.17.0,gpu-static,3
740,nvidia-device-plugin-daemonset-fbftl,Pod,,started-timestamp,1742235344.0,nvcr.io/nvidia/k8s-device-plugin:v0.17.0,gpu-static,3
741,nvidia-device-plugin-daemonset-fbftl,Pod,,started,1,nvcr.io/nvidia/k8s-device-plugin:v0.17.0,gpu-static,3
742,nvidia-device-plugin-daemonset-fbftl,Pod,,pulled,8.841485633,nvcr.io/nvidia/k8s-device-plugin:v0.17.0,gpu-static,3
743,nvidia-device-plugin-daemonset-kh2lv,Pod,,pulled-timestamp,1742235343.0,nvcr.io/nvidia/k8s-device-plugin:v0.17.0,gpu-static,3
744,nvidia-device-plugin-daemonset-kh2lv,Pod,,pulling-timestamp,1742235334.0,nvcr.io/nvidia/k8s-device-plugin:v0.17.0,gpu-static,3
745,nvidia-device-plugin-daemonset-kh2lv,Pod,,scheduled-timestamp,1742235334.0,nvcr.io/nvidia/k8s-device-plugin:v0.17.0,gpu-static,3
746,nvidia-device-plugin-daemonset-kh2lv,Pod,,created-timestamp,1742235343.0,nvcr.io/nvidia/k8s-device-plugin:v0.17.0,gpu-static,3
747,nvidia-device-plugin-daemonset-kh2lv,Pod,,created,0,nvcr.io/nvidia/k8s-device-plugin:v0.17.0,gpu-static,3
748,nvidia-device-plugin-daemonset-kh2lv,Pod,,started-timestamp,1742235344.0,nvcr.io/nvidia/k8s-device-plugin:v0.17.0,gpu-static,3
749,nvidia-device-plugin-daemonset-kh2lv,Pod,,started,1,nvcr.io/nvidia/k8s-device-plugin:v0.17.0,gpu-static,3
750,nvidia-device-plugin-daemonset-kh2lv,Pod,,pulled,8.616568942,nvcr.io/nvidia/k8s-device-plugin:v0.17.0,gpu-static,3
751,nvidia-device-plugin-daemonset-nsksp,Pod,,pulled-timestamp,1742235342.0,nvcr.io/nvidia/k8s-device-plugin:v0.17.0,gpu-static,3
752,nvidia-device-plugin-daemonset-nsksp,Pod,,pulling-timestamp,1742235334.0,nvcr.io/nvidia/k8s-device-plugin:v0.17.0,gpu-static,3
753,nvidia-device-plugin-daemonset-nsksp,Pod,,scheduled-timestamp,1742235333.0,nvcr.io/nvidia/k8s-device-plugin:v0.17.0,gpu-static,3
754,nvidia-device-plugin-daemonset-nsksp,Pod,,created-timestamp,1742235342.0,nvcr.io/nvidia/k8s-device-plugin:v0.17.0,gpu-static,3
755,nvidia-device-plugin-daemonset-nsksp,Pod,,created,0,nvcr.io/nvidia/k8s-device-plugin:v0.17.0,gpu-static,3
756,nvidia-device-plugin-daemonset-nsksp,Pod,,started-timestamp,1742235343.0,nvcr.io/nvidia/k8s-device-plugin:v0.17.0,gpu-static,3
757,nvidia-device-plugin-daemonset-nsksp,Pod,,started,1,nvcr.io/nvidia/k8s-device-plugin:v0.17.0,gpu-static,3
758,nvidia-device-plugin-daemonset-nsksp,Pod,,pulled,8.261449305,nvcr.io/nvidia/k8s-device-plugin:v0.17.0,gpu-static,3
759,nvidia-device-plugin-daemonset-wg5x9,Pod,,pulled-timestamp,1742235343.0,nvcr.io/nvidia/k8s-device-plugin:v0.17.0,gpu-static,3
760,nvidia-device-plugin-daemonset-wg5x9,Pod,,pulling-timestamp,1742235334.0,nvcr.io/nvidia/k8s-device-plugin:v0.17.0,gpu-static,3
761,nvidia-device-plugin-daemonset-wg5x9,Pod,,scheduled-timestamp,1742235334.0,nvcr.io/nvidia/k8s-device-plugin:v0.17.0,gpu-static,3
762,nvidia-device-plugin-daemonset-wg5x9,Pod,,created-timestamp,1742235343.0,nvcr.io/nvidia/k8s-device-plugin:v0.17.0,gpu-static,3
763,nvidia-device-plugin-daemonset-wg5x9,Pod,,created,0,nvcr.io/nvidia/k8s-device-plugin:v0.17.0,gpu-static,3
764,nvidia-device-plugin-daemonset-wg5x9,Pod,,started-timestamp,1742235344.0,nvcr.io/nvidia/k8s-device-plugin:v0.17.0,gpu-static,3
765,nvidia-device-plugin-daemonset-wg5x9,Pod,,started,1,nvcr.io/nvidia/k8s-device-plugin:v0.17.0,gpu-static,3
766,nvidia-device-plugin-daemonset-wg5x9,Pod,,pulled,8.439037251,nvcr.io/nvidia/k8s-device-plugin:v0.17.0,gpu-static,3
767,nvidia-device-plugin-daemonset-x9tf2,Pod,,pulled-timestamp,1742235343.0,nvcr.io/nvidia/k8s-device-plugin:v0.17.0,gpu-static,3
768,nvidia-device-plugin-daemonset-x9tf2,Pod,,pulling-timestamp,1742235334.0,nvcr.io/nvidia/k8s-device-plugin:v0.17.0,gpu-static,3
769,nvidia-device-plugin-daemonset-x9tf2,Pod,,scheduled-timestamp,1742235334.0,nvcr.io/nvidia/k8s-device-plugin:v0.17.0,gpu-static,3
770,nvidia-device-plugin-daemonset-x9tf2,Pod,,created-timestamp,1742235343.0,nvcr.io/nvidia/k8s-device-plugin:v0.17.0,gpu-static,3
771,nvidia-device-plugin-daemonset-x9tf2,Pod,,created,0,nvcr.io/nvidia/k8s-device-plugin:v0.17.0,gpu-static,3
772,nvidia-device-plugin-daemonset-x9tf2,Pod,,started-timestamp,1742235343.0,nvcr.io/nvidia/k8s-device-plugin:v0.17.0,gpu-static,3
773,nvidia-device-plugin-daemonset-x9tf2,Pod,,started,0,nvcr.io/nvidia/k8s-device-plugin:v0.17.0,gpu-static,3
774,nvidia-device-plugin-daemonset-x9tf2,Pod,,pulled,8.453308711,nvcr.io/nvidia/k8s-device-plugin:v0.17.0,gpu-static,3
775,event-exporter-6d778fb78d-65gsp,Pod,,pulled-timestamp,1742235491.0,ghcr.io/resmoio/kubernetes-event-exporter:latest,gpu-static,3
776,event-exporter-6d778fb78d-65gsp,Pod,,pulling-timestamp,1742235489.0,ghcr.io/resmoio/kubernetes-event-exporter:latest,gpu-static,3
777,event-exporter-6d778fb78d-65gsp,Pod,,scheduled-timestamp,1742235489.0,ghcr.io/resmoio/kubernetes-event-exporter:latest,gpu-static,3
778,event-exporter-6d778fb78d-65gsp,Pod,,created-timestamp,1742235491.0,ghcr.io/resmoio/kubernetes-event-exporter:latest,gpu-static,3
779,event-exporter-6d778fb78d-65gsp,Pod,,created,0,ghcr.io/resmoio/kubernetes-event-exporter:latest,gpu-static,3
780,event-exporter-6d778fb78d-65gsp,Pod,,started-timestamp,1742235491.0,ghcr.io/resmoio/kubernetes-event-exporter:latest,gpu-static,3
781,event-exporter-6d778fb78d-65gsp,Pod,,started,0,ghcr.io/resmoio/kubernetes-event-exporter:latest,gpu-static,3
782,event-exporter-6d778fb78d-65gsp,Pod,,pulled,1.880969704,ghcr.io/resmoio/kubernetes-event-exporter:latest,gpu-static,3
783,mummi-operator-controller-manager-5dd8c556d-kbggl,Pod,,pulled-timestamp,1742235512.0,ghcr.io/converged-computing/mummi-operator:test,gpu-static,3
784,mummi-operator-controller-manager-5dd8c556d-kbggl,Pod,,pulling-timestamp,1742235510.0,ghcr.io/converged-computing/mummi-operator:test,gpu-static,3
785,mummi-operator-controller-manager-5dd8c556d-kbggl,Pod,,scheduled-timestamp,1742235510.0,ghcr.io/converged-computing/mummi-operator:test,gpu-static,3
786,mummi-operator-controller-manager-5dd8c556d-kbggl,Pod,,created-timestamp,1742235512.0,ghcr.io/converged-computing/mummi-operator:test,gpu-static,3
787,mummi-operator-controller-manager-5dd8c556d-kbggl,Pod,,created,0,ghcr.io/converged-computing/mummi-operator:test,gpu-static,3
788,mummi-operator-controller-manager-5dd8c556d-kbggl,Pod,,started-timestamp,1742235512.0,ghcr.io/converged-computing/mummi-operator:test,gpu-static,3
789,mummi-operator-controller-manager-5dd8c556d-kbggl,Pod,,started,0,ghcr.io/converged-computing/mummi-operator:test,gpu-static,3
790,mummi-operator-controller-manager-5dd8c556d-kbggl,Pod,,pulled,1.55830126,ghcr.io/converged-computing/mummi-operator:test,gpu-static,3
791,registry-0,Pod,,pulled-timestamp,1742235526.0,ghcr.io/oras-project/registry:latest,gpu-static,3
792,registry-0,Pod,,pulling-timestamp,1742235525.0,ghcr.io/oras-project/registry:latest,gpu-static,3
793,registry-0,Pod,,scheduled-timestamp,1742235525.0,ghcr.io/oras-project/registry:latest,gpu-static,3
794,registry-0,Pod,,created-timestamp,1742235526.0,ghcr.io/oras-project/registry:latest,gpu-static,3
795,registry-0,Pod,,created,0,ghcr.io/oras-project/registry:latest,gpu-static,3
796,registry-0,Pod,,started-timestamp,1742235527.0,ghcr.io/oras-project/registry:latest,gpu-static,3
797,registry-0,Pod,,started,1,ghcr.io/oras-project/registry:latest,gpu-static,3
798,registry-0,Pod,,pulled,0.992907767,ghcr.io/oras-project/registry:latest,gpu-static,3
799,mummi-sample-rabbitmq-5d874bc456-bvfw8,Pod,,pulled-timestamp,1742235531.0,633731392008.dkr.ecr.us-east-1.amazonaws.com/mini-mummi:rabbitmq,gpu-static,3
800,mummi-sample-rabbitmq-5d874bc456-bvfw8,Pod,,pulling-timestamp,1742235526.0,633731392008.dkr.ecr.us-east-1.amazonaws.com/mini-mummi:rabbitmq,gpu-static,3
801,mummi-sample-rabbitmq-5d874bc456-bvfw8,Pod,,scheduled-timestamp,1742235526.0,633731392008.dkr.ecr.us-east-1.amazonaws.com/mini-mummi:rabbitmq,gpu-static,3
802,mummi-sample-rabbitmq-5d874bc456-bvfw8,Pod,,created-timestamp,1742235531.0,633731392008.dkr.ecr.us-east-1.amazonaws.com/mini-mummi:rabbitmq,gpu-static,3
803,mummi-sample-rabbitmq-5d874bc456-bvfw8,Pod,,created,0,633731392008.dkr.ecr.us-east-1.amazonaws.com/mini-mummi:rabbitmq,gpu-static,3
804,mummi-sample-rabbitmq-5d874bc456-bvfw8,Pod,,started-timestamp,1742235532.0,633731392008.dkr.ecr.us-east-1.amazonaws.com/mini-mummi:rabbitmq,gpu-static,3
805,mummi-sample-rabbitmq-5d874bc456-bvfw8,Pod,,started,1,633731392008.dkr.ecr.us-east-1.amazonaws.com/mini-mummi:rabbitmq,gpu-static,3
806,mummi-sample-rabbitmq-5d874bc456-bvfw8,Pod,,pulled,5.362014484,633731392008.dkr.ecr.us-east-1.amazonaws.com/mini-mummi:rabbitmq,gpu-static,3
807,mummi-sample-wfmanager-64d87ddb87-pnjw4,Pod,,pulled-timestamp,1742235727.0,633731392008.dkr.ecr.us-east-1.amazonaws.com/mini-mummi:wfmanager,gpu-static,3
808,mummi-sample-wfmanager-64d87ddb87-pnjw4,Pod,,pulling-timestamp,1742235528.0,633731392008.dkr.ecr.us-east-1.amazonaws.com/mini-mummi:wfmanager,gpu-static,3
809,mummi-sample-wfmanager-64d87ddb87-pnjw4,Pod,,scheduled-timestamp,1742235526.0,633731392008.dkr.ecr.us-east-1.amazonaws.com/mini-mummi:wfmanager,gpu-static,3
810,mummi-sample-wfmanager-64d87ddb87-pnjw4,Pod,,created-timestamp,1742235727.0,633731392008.dkr.ecr.us-east-1.amazonaws.com/mini-mummi:wfmanager,gpu-static,3
811,mummi-sample-wfmanager-64d87ddb87-pnjw4,Pod,,created,0,633731392008.dkr.ecr.us-east-1.amazonaws.com/mini-mummi:wfmanager,gpu-static,3
812,mummi-sample-wfmanager-64d87ddb87-pnjw4,Pod,,started-timestamp,1742235727.0,633731392008.dkr.ecr.us-east-1.amazonaws.com/mini-mummi:wfmanager,gpu-static,3
813,mummi-sample-wfmanager-64d87ddb87-pnjw4,Pod,,started,0,633731392008.dkr.ecr.us-east-1.amazonaws.com/mini-mummi:wfmanager,gpu-static,3
814,mummi-sample-wfmanager-64d87ddb87-pnjw4,Pod,,pulled,199.633018567,633731392008.dkr.ecr.us-east-1.amazonaws.com/mini-mummi:wfmanager,gpu-static,3
815,mummi-sample-mlserver-78746977b4-sjlqs,Pod,,pulled-timestamp,1742235832.0,633731392008.dkr.ecr.us-east-1.amazonaws.com/mini-mummi:mlserver-gpu,gpu-static,3
816,mummi-sample-mlserver-78746977b4-sjlqs,Pod,,pulling-timestamp,1742235526.0,633731392008.dkr.ecr.us-east-1.amazonaws.com/mini-mummi:mlserver-gpu,gpu-static,3
817,mummi-sample-mlserver-78746977b4-sjlqs,Pod,,scheduled-timestamp,1742235526.0,633731392008.dkr.ecr.us-east-1.amazonaws.com/mini-mummi:mlserver-gpu,gpu-static,3
818,mummi-sample-mlserver-78746977b4-sjlqs,Pod,,created-timestamp,1742235832.0,633731392008.dkr.ecr.us-east-1.amazonaws.com/mini-mummi:mlserver-gpu,gpu-static,3
819,mummi-sample-mlserver-78746977b4-sjlqs,Pod,,created,0,633731392008.dkr.ecr.us-east-1.amazonaws.com/mini-mummi:mlserver-gpu,gpu-static,3
820,mummi-sample-mlserver-78746977b4-sjlqs,Pod,,started-timestamp,1742235834.0,633731392008.dkr.ecr.us-east-1.amazonaws.com/mini-mummi:mlserver-gpu,gpu-static,3
821,mummi-sample-mlserver-78746977b4-sjlqs,Pod,,started,2,633731392008.dkr.ecr.us-east-1.amazonaws.com/mini-mummi:mlserver-gpu,gpu-static,3
822,mummi-sample-mlserver-78746977b4-sjlqs,Pod,,pulled,305.792499935,633731392008.dkr.ecr.us-east-1.amazonaws.com/mini-mummi:mlserver-gpu,gpu-static,3
823,createsim-structure-iter00-000000000000,Job,createsim,successfulcreate-timestamp,1742235913.0,,gpu-static,3
824,createsim-structure-iter00-000000000000,Job,createsim,completed-timestamp,1742236936.0,,gpu-static,3
825,createsim-structure-iter00-000000000000,Job,createsim,running,1023,,gpu-static,3
826,createsim-structure-iter00-000000000000-xvw2x,Pod,createsim,pulled-timestamp,1742236112.0,633731392008.dkr.ecr.us-east-1.amazonaws.com/mini-mummi:createsims-gpu,gpu-static,3
827,createsim-structure-iter00-000000000000-xvw2x,Pod,createsim,pulling-timestamp,1742235913.0,633731392008.dkr.ecr.us-east-1.amazonaws.com/mini-mummi:createsims-gpu,gpu-static,3
828,createsim-structure-iter00-000000000000-xvw2x,Pod,createsim,scheduled-timestamp,1742235913.0,633731392008.dkr.ecr.us-east-1.amazonaws.com/mini-mummi:createsims-gpu,gpu-static,3
829,createsim-structure-iter00-000000000000-xvw2x,Pod,createsim,created-timestamp,1742236112.0,633731392008.dkr.ecr.us-east-1.amazonaws.com/mini-mummi:createsims-gpu,gpu-static,3
830,createsim-structure-iter00-000000000000-xvw2x,Pod,createsim,created,0,633731392008.dkr.ecr.us-east-1.amazonaws.com/mini-mummi:createsims-gpu,gpu-static,3
831,createsim-structure-iter00-000000000000-xvw2x,Pod,createsim,started-timestamp,1742236115.0,633731392008.dkr.ecr.us-east-1.amazonaws.com/mini-mummi:createsims-gpu,gpu-static,3
832,createsim-structure-iter00-000000000000-xvw2x,Pod,createsim,started,3,633731392008.dkr.ecr.us-east-1.amazonaws.com/mini-mummi:createsims-gpu,gpu-static,3
833,createsim-structure-iter00-000000000000-xvw2x,Pod,createsim,pulled,198.587195791,633731392008.dkr.ecr.us-east-1.amazonaws.com/mini-mummi:createsims-gpu,gpu-static,3
834,createsim-structure-iter00-000000000001,Job,createsim,successfulcreate-timestamp,1742235913.0,,gpu-static,3
835,createsim-structure-iter00-000000000001,Job,createsim,completed-timestamp,1742236923.0,,gpu-static,3
836,createsim-structure-iter00-000000000001,Job,createsim,running,1010,,gpu-static,3
837,createsim-structure-iter00-000000000001-x89xh,Pod,createsim,pulled-timestamp,1742236113.0,633731392008.dkr.ecr.us-east-1.amazonaws.com/mini-mummi:createsims-gpu,gpu-static,3
838,createsim-structure-iter00-000000000001-x89xh,Pod,createsim,pulling-timestamp,1742235913.0,633731392008.dkr.ecr.us-east-1.amazonaws.com/mini-mummi:createsims-gpu,gpu-static,3
839,createsim-structure-iter00-000000000001-x89xh,Pod,createsim,scheduled-timestamp,1742235913.0,633731392008.dkr.ecr.us-east-1.amazonaws.com/mini-mummi:createsims-gpu,gpu-static,3
840,createsim-structure-iter00-000000000001-x89xh,Pod,createsim,created-timestamp,1742236113.0,633731392008.dkr.ecr.us-east-1.amazonaws.com/mini-mummi:createsims-gpu,gpu-static,3
841,createsim-structure-iter00-000000000001-x89xh,Pod,createsim,created,0,633731392008.dkr.ecr.us-east-1.amazonaws.com/mini-mummi:createsims-gpu,gpu-static,3
842,createsim-structure-iter00-000000000001-x89xh,Pod,createsim,started-timestamp,1742236113.0,633731392008.dkr.ecr.us-east-1.amazonaws.com/mini-mummi:createsims-gpu,gpu-static,3
843,createsim-structure-iter00-000000000001-x89xh,Pod,createsim,started,0,633731392008.dkr.ecr.us-east-1.amazonaws.com/mini-mummi:createsims-gpu,gpu-static,3
844,createsim-structure-iter00-000000000001-x89xh,Pod,createsim,pulled,199.296502055,633731392008.dkr.ecr.us-east-1.amazonaws.com/mini-mummi:createsims-gpu,gpu-static,3
845,cganalysis-structure-iter00-000000000001,Job,cganalysis,successfulcreate-timestamp,1742236930.0,,gpu-static,3
846,cganalysis-structure-iter00-000000000001,Job,cganalysis,completed-timestamp,1742238876.0,,gpu-static,3
847,cganalysis-structure-iter00-000000000001,Job,cganalysis,running,1946,,gpu-static,3
848,cganalysis-structure-iter00-000000000001-vws5x,Pod,cganalysis,pulled-timestamp,1742237087.0,633731392008.dkr.ecr.us-east-1.amazonaws.com/mini-mummi:cganalysis-gpu,gpu-static,3
849,cganalysis-structure-iter00-000000000001-vws5x,Pod,cganalysis,pulling-timestamp,1742236930.0,633731392008.dkr.ecr.us-east-1.amazonaws.com/mini-mummi:cganalysis-gpu,gpu-static,3
850,cganalysis-structure-iter00-000000000001-vws5x,Pod,cganalysis,scheduled-timestamp,1742236930.0,633731392008.dkr.ecr.us-east-1.amazonaws.com/mini-mummi:cganalysis-gpu,gpu-static,3
851,cganalysis-structure-iter00-000000000001-vws5x,Pod,cganalysis,created-timestamp,1742237087.0,633731392008.dkr.ecr.us-east-1.amazonaws.com/mini-mummi:cganalysis-gpu,gpu-static,3
852,cganalysis-structure-iter00-000000000001-vws5x,Pod,cganalysis,created,0,633731392008.dkr.ecr.us-east-1.amazonaws.com/mini-mummi:cganalysis-gpu,gpu-static,3
853,cganalysis-structure-iter00-000000000001-vws5x,Pod,cganalysis,started-timestamp,1742237087.0,633731392008.dkr.ecr.us-east-1.amazonaws.com/mini-mummi:cganalysis-gpu,gpu-static,3
854,cganalysis-structure-iter00-000000000001-vws5x,Pod,cganalysis,started,0,633731392008.dkr.ecr.us-east-1.amazonaws.com/mini-mummi:cganalysis-gpu,gpu-static,3
855,cganalysis-structure-iter00-000000000001-vws5x,Pod,cganalysis,pulled,156.895684709,633731392008.dkr.ecr.us-east-1.amazonaws.com/mini-mummi:cganalysis-gpu,gpu-static,3
856,createsim-structure-iter00-000000000002,Job,createsim,successfulcreate-timestamp,1742236948.0,,gpu-static,3
857,createsim-structure-iter00-000000000002,Job,createsim,completed-timestamp,1742237763.0,,gpu-static,3
858,createsim-structure-iter00-000000000002,Job,createsim,running,815,,gpu-static,3
859,createsim-structure-iter00-000000000003,Job,createsim,successfulcreate-timestamp,1742236948.0,,gpu-static,3
860,createsim-structure-iter00-000000000003,Job,createsim,completed-timestamp,1742238018.0,,gpu-static,3
861,createsim-structure-iter00-000000000003,Job,createsim,running,1070,,gpu-static,3
862,createsim-structure-iter00-000000000003-qjljq,Pod,createsim,pulled-timestamp,1742237153.0,633731392008.dkr.ecr.us-east-1.amazonaws.com/mini-mummi:createsims-gpu,gpu-static,3
863,createsim-structure-iter00-000000000003-qjljq,Pod,createsim,pulling-timestamp,1742236948.0,633731392008.dkr.ecr.us-east-1.amazonaws.com/mini-mummi:createsims-gpu,gpu-static,3
864,createsim-structure-iter00-000000000003-qjljq,Pod,createsim,scheduled-timestamp,1742236948.0,633731392008.dkr.ecr.us-east-1.amazonaws.com/mini-mummi:createsims-gpu,gpu-static,3
865,createsim-structure-iter00-000000000003-qjljq,Pod,createsim,created-timestamp,1742237153.0,633731392008.dkr.ecr.us-east-1.amazonaws.com/mini-mummi:createsims-gpu,gpu-static,3
866,createsim-structure-iter00-000000000003-qjljq,Pod,createsim,created,0,633731392008.dkr.ecr.us-east-1.amazonaws.com/mini-mummi:createsims-gpu,gpu-static,3
867,createsim-structure-iter00-000000000003-qjljq,Pod,createsim,started-timestamp,1742237153.0,633731392008.dkr.ecr.us-east-1.amazonaws.com/mini-mummi:createsims-gpu,gpu-static,3
868,createsim-structure-iter00-000000000003-qjljq,Pod,createsim,started,0,633731392008.dkr.ecr.us-east-1.amazonaws.com/mini-mummi:createsims-gpu,gpu-static,3
869,createsim-structure-iter00-000000000003-qjljq,Pod,createsim,pulled,204.640492389,633731392008.dkr.ecr.us-east-1.amazonaws.com/mini-mummi:createsims-gpu,gpu-static,3
870,cganalysis-structure-iter00-000000000000,Job,cganalysis,successfulcreate-timestamp,1742236948.0,,gpu-static,3
871,cganalysis-structure-iter00-000000000000,Job,cganalysis,completed-timestamp,1742238970.0,,gpu-static,3
872,cganalysis-structure-iter00-000000000000,Job,cganalysis,running,2022,,gpu-static,3
873,cganalysis-structure-iter00-000000000000-vwb5x,Pod,cganalysis,pulled-timestamp,1742237182.0,633731392008.dkr.ecr.us-east-1.amazonaws.com/mini-mummi:cganalysis-gpu,gpu-static,3
874,cganalysis-structure-iter00-000000000000-vwb5x,Pod,cganalysis,pulling-timestamp,1742236949.0,633731392008.dkr.ecr.us-east-1.amazonaws.com/mini-mummi:cganalysis-gpu,gpu-static,3
875,cganalysis-structure-iter00-000000000000-vwb5x,Pod,cganalysis,scheduled-timestamp,1742236948.0,633731392008.dkr.ecr.us-east-1.amazonaws.com/mini-mummi:cganalysis-gpu,gpu-static,3
876,cganalysis-structure-iter00-000000000000-vwb5x,Pod,cganalysis,created-timestamp,1742237182.0,633731392008.dkr.ecr.us-east-1.amazonaws.com/mini-mummi:cganalysis-gpu,gpu-static,3
877,cganalysis-structure-iter00-000000000000-vwb5x,Pod,cganalysis,created,0,633731392008.dkr.ecr.us-east-1.amazonaws.com/mini-mummi:cganalysis-gpu,gpu-static,3
878,cganalysis-structure-iter00-000000000000-vwb5x,Pod,cganalysis,started-timestamp,1742237182.0,633731392008.dkr.ecr.us-east-1.amazonaws.com/mini-mummi:cganalysis-gpu,gpu-static,3
879,cganalysis-structure-iter00-000000000000-vwb5x,Pod,cganalysis,started,0,633731392008.dkr.ecr.us-east-1.amazonaws.com/mini-mummi:cganalysis-gpu,gpu-static,3
880,cganalysis-structure-iter00-000000000000-vwb5x,Pod,cganalysis,pulled,232.674412158,633731392008.dkr.ecr.us-east-1.amazonaws.com/mini-mummi:cganalysis-gpu,gpu-static,3
881,cganalysis-structure-iter00-000000000002,Job,cganalysis,successfulcreate-timestamp,1742237773.0,,gpu-static,3
882,cganalysis-structure-iter00-000000000002,Job,cganalysis,completed-timestamp,1742239719.0,,gpu-static,3
883,cganalysis-structure-iter00-000000000002,Job,cganalysis,running,1946,,gpu-static,3
884,cganalysis-structure-iter00-000000000002-d95xp,Pod,cganalysis,pulled-timestamp,1742237927.0,633731392008.dkr.ecr.us-east-1.amazonaws.com/mini-mummi:cganalysis-gpu,gpu-static,3
885,cganalysis-structure-iter00-000000000002-d95xp,Pod,cganalysis,pulling-timestamp,1742237773.0,633731392008.dkr.ecr.us-east-1.amazonaws.com/mini-mummi:cganalysis-gpu,gpu-static,3
886,cganalysis-structure-iter00-000000000002-d95xp,Pod,cganalysis,scheduled-timestamp,1742237773.0,633731392008.dkr.ecr.us-east-1.amazonaws.com/mini-mummi:cganalysis-gpu,gpu-static,3
887,cganalysis-structure-iter00-000000000002-d95xp,Pod,cganalysis,created-timestamp,1742237927.0,633731392008.dkr.ecr.us-east-1.amazonaws.com/mini-mummi:cganalysis-gpu,gpu-static,3
888,cganalysis-structure-iter00-000000000002-d95xp,Pod,cganalysis,created,0,633731392008.dkr.ecr.us-east-1.amazonaws.com/mini-mummi:cganalysis-gpu,gpu-static,3
889,cganalysis-structure-iter00-000000000002-d95xp,Pod,cganalysis,started-timestamp,1742237930.0,633731392008.dkr.ecr.us-east-1.amazonaws.com/mini-mummi:cganalysis-gpu,gpu-static,3
890,cganalysis-structure-iter00-000000000002-d95xp,Pod,cganalysis,started,3,633731392008.dkr.ecr.us-east-1.amazonaws.com/mini-mummi:cganalysis-gpu,gpu-static,3
891,cganalysis-structure-iter00-000000000002-d95xp,Pod,cganalysis,pulled,154.184835621,633731392008.dkr.ecr.us-east-1.amazonaws.com/mini-mummi:cganalysis-gpu,gpu-static,3
892,createsim-structure-iter00-000000000004,Job,createsim,successfulcreate-timestamp,1742237789.0,,gpu-static,3
893,createsim-structure-iter00-000000000004,Job,createsim,completed-timestamp,1742238804.0,,gpu-static,3
894,createsim-structure-iter00-000000000004,Job,createsim,running,1015,,gpu-static,3
895,createsim-structure-iter00-000000000004-mhtwn,Pod,createsim,pulled-timestamp,1742237990.0,633731392008.dkr.ecr.us-east-1.amazonaws.com/mini-mummi:createsims-gpu,gpu-static,3
896,createsim-structure-iter00-000000000004-mhtwn,Pod,createsim,pulling-timestamp,1742237789.0,633731392008.dkr.ecr.us-east-1.amazonaws.com/mini-mummi:createsims-gpu,gpu-static,3
897,createsim-structure-iter00-000000000004-mhtwn,Pod,createsim,scheduled-timestamp,1742237789.0,633731392008.dkr.ecr.us-east-1.amazonaws.com/mini-mummi:createsims-gpu,gpu-static,3
898,createsim-structure-iter00-000000000004-mhtwn,Pod,createsim,created-timestamp,1742237990.0,633731392008.dkr.ecr.us-east-1.amazonaws.com/mini-mummi:createsims-gpu,gpu-static,3
899,createsim-structure-iter00-000000000004-mhtwn,Pod,createsim,created,0,633731392008.dkr.ecr.us-east-1.amazonaws.com/mini-mummi:createsims-gpu,gpu-static,3
900,createsim-structure-iter00-000000000004-mhtwn,Pod,createsim,started-timestamp,1742237990.0,633731392008.dkr.ecr.us-east-1.amazonaws.com/mini-mummi:createsims-gpu,gpu-static,3
901,createsim-structure-iter00-000000000004-mhtwn,Pod,createsim,started,0,633731392008.dkr.ecr.us-east-1.amazonaws.com/mini-mummi:createsims-gpu,gpu-static,3
902,createsim-structure-iter00-000000000004-mhtwn,Pod,createsim,pulled,200.346846728,633731392008.dkr.ecr.us-east-1.amazonaws.com/mini-mummi:createsims-gpu,gpu-static,3
903,createsim-structure-iter00-000000000006,Job,createsim,successfulcreate-timestamp,1742238043.0,,gpu-static,3
904,createsim-structure-iter00-000000000006,Job,createsim,completed-timestamp,1742238905.0,,gpu-static,3
905,createsim-structure-iter00-000000000006,Job,createsim,running,862,,gpu-static,3
906,createsim-structure-iter00-000000000008,Job,createsim,successfulcreate-timestamp,1742238824.0,,gpu-static,3
907,createsim-structure-iter00-000000000008,Job,createsim,completed-timestamp,1742239636.0,,gpu-static,3
908,createsim-structure-iter00-000000000008,Job,createsim,running,812,,gpu-static,3
909,cganalysis-structure-iter00-000000000003,Job,cganalysis,successfulcreate-timestamp,1742238883.0,,gpu-static,3
910,cganalysis-structure-iter00-000000000003,Job,cganalysis,completed-timestamp,1742240672.0,,gpu-static,3
911,cganalysis-structure-iter00-000000000003,Job,cganalysis,running,1789,,gpu-static,3
912,createsim-structure-iter00-000000000010,Job,createsim,successfulcreate-timestamp,1742238914.0,,gpu-static,3
913,createsim-structure-iter00-000000000010,Job,createsim,completed-timestamp,1742239849.0,,gpu-static,3
914,createsim-structure-iter00-000000000010,Job,createsim,running,935,,gpu-static,3
915,cganalysis-structure-iter00-000000000004,Job,cganalysis,successfulcreate-timestamp,1742238974.0,,gpu-static,3
916,cganalysis-structure-iter00-000000000004,Job,cganalysis,completed-timestamp,1742240763.0,,gpu-static,3
917,cganalysis-structure-iter00-000000000004,Job,cganalysis,running,1789,,gpu-static,3
918,createsim-structure-iter00-000000000012,Job,createsim,successfulcreate-timestamp,1742239665.0,,gpu-static,3
919,createsim-structure-iter00-000000000012,Job,createsim,completed-timestamp,1742240473.0,,gpu-static,3
920,createsim-structure-iter00-000000000012,Job,createsim,running,808,,gpu-static,3
921,cganalysis-structure-iter00-000000000006,Job,cganalysis,successfulcreate-timestamp,1742239725.0,,gpu-static,3
922,cganalysis-structure-iter00-000000000006,Job,cganalysis,completed-timestamp,1742241514.0,,gpu-static,3
923,cganalysis-structure-iter00-000000000006,Job,cganalysis,running,1789,,gpu-static,3
924,createsim-structure-iter00-000000000014,Job,createsim,successfulcreate-timestamp,1742239874.0,,gpu-static,3
925,createsim-structure-iter00-000000000014,Job,createsim,completed-timestamp,1742240798.0,,gpu-static,3
926,createsim-structure-iter00-000000000014,Job,createsim,running,924,,gpu-static,3
927,createsim-structure-iter00-000000000016,Job,createsim,successfulcreate-timestamp,1742240505.0,,gpu-static,3
928,createsim-structure-iter00-000000000016,Job,createsim,completed-timestamp,1742241348.0,,gpu-static,3
929,createsim-structure-iter00-000000000016,Job,createsim,running,843,,gpu-static,3
930,cganalysis-structure-iter00-000000000008,Job,cganalysis,successfulcreate-timestamp,1742240685.0,,gpu-static,3
931,cganalysis-structure-iter00-000000000008,Job,cganalysis,completed-timestamp,1742242475.0,,gpu-static,3
932,cganalysis-structure-iter00-000000000008,Job,cganalysis,running,1790,,gpu-static,3
933,cganalysis-structure-iter00-000000000010,Job,cganalysis,successfulcreate-timestamp,1742240776.0,,gpu-static,3
934,cganalysis-structure-iter00-000000000010,Job,cganalysis,completed-timestamp,1742242566.0,,gpu-static,3
935,cganalysis-structure-iter00-000000000010,Job,cganalysis,running,1790,,gpu-static,3
936,createsim-structure-iter00-000000000018,Job,createsim,successfulcreate-timestamp,1742240820.0,,gpu-static,3
937,createsim-structure-iter00-000000000018,Job,createsim,completed-timestamp,1742241792.0,,gpu-static,3
938,createsim-structure-iter00-000000000018,Job,createsim,running,972,,gpu-static,3
939,createsim-structure-iter00-000000000020,Job,createsim,successfulcreate-timestamp,1742241375.0,,gpu-static,3
940,createsim-structure-iter00-000000000020,Job,createsim,completed-timestamp,1742242191.0,,gpu-static,3
941,createsim-structure-iter00-000000000020,Job,createsim,running,816,,gpu-static,3
942,cganalysis-structure-iter00-000000000012,Job,cganalysis,successfulcreate-timestamp,1742241527.0,,gpu-static,3
943,cganalysis-structure-iter00-000000000012,Job,cganalysis,completed-timestamp,1742243316.0,,gpu-static,3
944,cganalysis-structure-iter00-000000000012,Job,cganalysis,running,1789,,gpu-static,3
945,createsim-structure-iter00-000000000022,Job,createsim,successfulcreate-timestamp,1742241825.0,,gpu-static,3
946,createsim-structure-iter00-000000000022,Job,createsim,completed-timestamp,1742242853.0,,gpu-static,3
947,createsim-structure-iter00-000000000022,Job,createsim,running,1028,,gpu-static,3
948,createsim-structure-iter00-000000000024,Job,createsim,successfulcreate-timestamp,1742242216.0,,gpu-static,3
949,createsim-structure-iter00-000000000024,Job,createsim,completed-timestamp,1742243034.0,,gpu-static,3
950,createsim-structure-iter00-000000000024,Job,createsim,running,818,,gpu-static,3
951,cganalysis-structure-iter00-000000000014,Job,cganalysis,successfulcreate-timestamp,1742242488.0,,gpu-static,3
952,cganalysis-structure-iter00-000000000014,Job,cganalysis,completed-timestamp,1742244277.0,,gpu-static,3
953,cganalysis-structure-iter00-000000000014,Job,cganalysis,running,1789,,gpu-static,3
954,cganalysis-structure-iter00-000000000016,Job,cganalysis,successfulcreate-timestamp,1742242579.0,,gpu-static,3
955,cganalysis-structure-iter00-000000000016,Job,cganalysis,completed-timestamp,1742244368.0,,gpu-static,3
956,cganalysis-structure-iter00-000000000016,Job,cganalysis,running,1789,,gpu-static,3
957,createsim-structure-iter00-000000000042,Job,createsim,successfulcreate-timestamp,1742243040.0,,gpu-static,3
958,createsim-structure-iter00-000000000042,Job,createsim,completed-timestamp,1742244122.0,,gpu-static,3
959,createsim-structure-iter00-000000000042,Job,createsim,running,1082,,gpu-static,3
960,aws-node-6hcvq,Pod,,pulled-timestamp,1742257361.0,602401143452.dkr.ecr.us-east-1.amazonaws.com/amazon/aws-network-policy-agent:v1.1.5-eksbuild.1,cpu-static,1
961,aws-node-6hcvq,Pod,,pulling-timestamp,1742257360.0,602401143452.dkr.ecr.us-east-1.amazonaws.com/amazon/aws-network-policy-agent:v1.1.5-eksbuild.1,cpu-static,1
962,aws-node-6hcvq,Pod,,scheduled-timestamp,1742257347.0,602401143452.dkr.ecr.us-east-1.amazonaws.com/amazon/aws-network-policy-agent:v1.1.5-eksbuild.1,cpu-static,1
963,aws-node-6hcvq,Pod,,created-timestamp,1742257361.0,602401143452.dkr.ecr.us-east-1.amazonaws.com/amazon/aws-network-policy-agent:v1.1.5-eksbuild.1,cpu-static,1
964,aws-node-6hcvq,Pod,,created,0,602401143452.dkr.ecr.us-east-1.amazonaws.com/amazon/aws-network-policy-agent:v1.1.5-eksbuild.1,cpu-static,1
965,aws-node-6hcvq,Pod,,started-timestamp,1742257361.0,602401143452.dkr.ecr.us-east-1.amazonaws.com/amazon/aws-network-policy-agent:v1.1.5-eksbuild.1,cpu-static,1
966,aws-node-6hcvq,Pod,,started,0,602401143452.dkr.ecr.us-east-1.amazonaws.com/amazon/aws-network-policy-agent:v1.1.5-eksbuild.1,cpu-static,1
967,aws-node-6hcvq,Pod,,pulled,1.01332819,602401143452.dkr.ecr.us-east-1.amazonaws.com/amazon/aws-network-policy-agent:v1.1.5-eksbuild.1,cpu-static,1
968,aws-node-qv2rv,Pod,,pulled-timestamp,1742257392.0,602401143452.dkr.ecr.us-east-1.amazonaws.com/amazon/aws-network-policy-agent:v1.1.5-eksbuild.1,cpu-static,1
969,aws-node-qv2rv,Pod,,pulling-timestamp,1742257391.0,602401143452.dkr.ecr.us-east-1.amazonaws.com/amazon/aws-network-policy-agent:v1.1.5-eksbuild.1,cpu-static,1
970,aws-node-qv2rv,Pod,,scheduled-timestamp,1742257377.0,602401143452.dkr.ecr.us-east-1.amazonaws.com/amazon/aws-network-policy-agent:v1.1.5-eksbuild.1,cpu-static,1
971,aws-node-qv2rv,Pod,,created-timestamp,1742257392.0,602401143452.dkr.ecr.us-east-1.amazonaws.com/amazon/aws-network-policy-agent:v1.1.5-eksbuild.1,cpu-static,1
972,aws-node-qv2rv,Pod,,created,0,602401143452.dkr.ecr.us-east-1.amazonaws.com/amazon/aws-network-policy-agent:v1.1.5-eksbuild.1,cpu-static,1
973,aws-node-qv2rv,Pod,,started-timestamp,1742257392.0,602401143452.dkr.ecr.us-east-1.amazonaws.com/amazon/aws-network-policy-agent:v1.1.5-eksbuild.1,cpu-static,1
974,aws-node-qv2rv,Pod,,started,0,602401143452.dkr.ecr.us-east-1.amazonaws.com/amazon/aws-network-policy-agent:v1.1.5-eksbuild.1,cpu-static,1
975,aws-node-qv2rv,Pod,,pulled,1.014827497,602401143452.dkr.ecr.us-east-1.amazonaws.com/amazon/aws-network-policy-agent:v1.1.5-eksbuild.1,cpu-static,1
976,aws-node-qxkss,Pod,,pulled-timestamp,1742257369.0,602401143452.dkr.ecr.us-east-1.amazonaws.com/amazon/aws-network-policy-agent:v1.1.5-eksbuild.1,cpu-static,1
977,aws-node-qxkss,Pod,,pulling-timestamp,1742257368.0,602401143452.dkr.ecr.us-east-1.amazonaws.com/amazon/aws-network-policy-agent:v1.1.5-eksbuild.1,cpu-static,1
978,aws-node-qxkss,Pod,,scheduled-timestamp,1742257346.0,602401143452.dkr.ecr.us-east-1.amazonaws.com/amazon/aws-network-policy-agent:v1.1.5-eksbuild.1,cpu-static,1
979,aws-node-qxkss,Pod,,created-timestamp,1742257369.0,602401143452.dkr.ecr.us-east-1.amazonaws.com/amazon/aws-network-policy-agent:v1.1.5-eksbuild.1,cpu-static,1
980,aws-node-qxkss,Pod,,created,0,602401143452.dkr.ecr.us-east-1.amazonaws.com/amazon/aws-network-policy-agent:v1.1.5-eksbuild.1,cpu-static,1
981,aws-node-qxkss,Pod,,started-timestamp,1742257369.0,602401143452.dkr.ecr.us-east-1.amazonaws.com/amazon/aws-network-policy-agent:v1.1.5-eksbuild.1,cpu-static,1
982,aws-node-qxkss,Pod,,started,0,602401143452.dkr.ecr.us-east-1.amazonaws.com/amazon/aws-network-policy-agent:v1.1.5-eksbuild.1,cpu-static,1
983,aws-node-qxkss,Pod,,pulled,1.017022976,602401143452.dkr.ecr.us-east-1.amazonaws.com/amazon/aws-network-policy-agent:v1.1.5-eksbuild.1,cpu-static,1
984,aws-node-vjf69,Pod,,pulled-timestamp,1742257387.0,602401143452.dkr.ecr.us-east-1.amazonaws.com/amazon/aws-network-policy-agent:v1.1.5-eksbuild.1,cpu-static,1
985,aws-node-vjf69,Pod,,pulling-timestamp,1742257386.0,602401143452.dkr.ecr.us-east-1.amazonaws.com/amazon/aws-network-policy-agent:v1.1.5-eksbuild.1,cpu-static,1
986,aws-node-vjf69,Pod,,scheduled-timestamp,1742257375.0,602401143452.dkr.ecr.us-east-1.amazonaws.com/amazon/aws-network-policy-agent:v1.1.5-eksbuild.1,cpu-static,1
987,aws-node-vjf69,Pod,,created-timestamp,1742257387.0,602401143452.dkr.ecr.us-east-1.amazonaws.com/amazon/aws-network-policy-agent:v1.1.5-eksbuild.1,cpu-static,1
988,aws-node-vjf69,Pod,,created,0,602401143452.dkr.ecr.us-east-1.amazonaws.com/amazon/aws-network-policy-agent:v1.1.5-eksbuild.1,cpu-static,1
989,aws-node-vjf69,Pod,,started-timestamp,1742257387.0,602401143452.dkr.ecr.us-east-1.amazonaws.com/amazon/aws-network-policy-agent:v1.1.5-eksbuild.1,cpu-static,1
990,aws-node-vjf69,Pod,,started,0,602401143452.dkr.ecr.us-east-1.amazonaws.com/amazon/aws-network-policy-agent:v1.1.5-eksbuild.1,cpu-static,1
991,aws-node-vjf69,Pod,,pulled,1.064453835,602401143452.dkr.ecr.us-east-1.amazonaws.com/amazon/aws-network-policy-agent:v1.1.5-eksbuild.1,cpu-static,1
992,aws-node-w8wxf,Pod,,pulled-timestamp,1742257359.0,602401143452.dkr.ecr.us-east-1.amazonaws.com/amazon/aws-network-policy-agent:v1.1.5-eksbuild.1,cpu-static,1
993,aws-node-w8wxf,Pod,,pulling-timestamp,1742257358.0,602401143452.dkr.ecr.us-east-1.amazonaws.com/amazon/aws-network-policy-agent:v1.1.5-eksbuild.1,cpu-static,1
994,aws-node-w8wxf,Pod,,scheduled-timestamp,1742257347.0,602401143452.dkr.ecr.us-east-1.amazonaws.com/amazon/aws-network-policy-agent:v1.1.5-eksbuild.1,cpu-static,1
995,aws-node-w8wxf,Pod,,created-timestamp,1742257359.0,602401143452.dkr.ecr.us-east-1.amazonaws.com/amazon/aws-network-policy-agent:v1.1.5-eksbuild.1,cpu-static,1
996,aws-node-w8wxf,Pod,,created,0,602401143452.dkr.ecr.us-east-1.amazonaws.com/amazon/aws-network-policy-agent:v1.1.5-eksbuild.1,cpu-static,1
997,aws-node-w8wxf,Pod,,started-timestamp,1742257359.0,602401143452.dkr.ecr.us-east-1.amazonaws.com/amazon/aws-network-policy-agent:v1.1.5-eksbuild.1,cpu-static,1
998,aws-node-w8wxf,Pod,,started,0,602401143452.dkr.ecr.us-east-1.amazonaws.com/amazon/aws-network-policy-agent:v1.1.5-eksbuild.1,cpu-static,1
999,aws-node-w8wxf,Pod,,pulled,1.041205429,602401143452.dkr.ecr.us-east-1.amazonaws.com/amazon/aws-network-policy-agent:v1.1.5-eksbuild.1,cpu-static,1
1000,aws-node-wbgx7,Pod,,pulled-timestamp,1742257359.0,602401143452.dkr.ecr.us-east-1.amazonaws.com/amazon/aws-network-policy-agent:v1.1.5-eksbuild.1,cpu-static,1
1001,aws-node-wbgx7,Pod,,pulling-timestamp,1742257358.0,602401143452.dkr.ecr.us-east-1.amazonaws.com/amazon/aws-network-policy-agent:v1.1.5-eksbuild.1,cpu-static,1
1002,aws-node-wbgx7,Pod,,scheduled-timestamp,1742257347.0,602401143452.dkr.ecr.us-east-1.amazonaws.com/amazon/aws-network-policy-agent:v1.1.5-eksbuild.1,cpu-static,1
1003,aws-node-wbgx7,Pod,,created-timestamp,1742257359.0,602401143452.dkr.ecr.us-east-1.amazonaws.com/amazon/aws-network-policy-agent:v1.1.5-eksbuild.1,cpu-static,1
1004,aws-node-wbgx7,Pod,,created,0,602401143452.dkr.ecr.us-east-1.amazonaws.com/amazon/aws-network-policy-agent:v1.1.5-eksbuild.1,cpu-static,1
1005,aws-node-wbgx7,Pod,,started-timestamp,1742257359.0,602401143452.dkr.ecr.us-east-1.amazonaws.com/amazon/aws-network-policy-agent:v1.1.5-eksbuild.1,cpu-static,1
1006,aws-node-wbgx7,Pod,,started,0,602401143452.dkr.ecr.us-east-1.amazonaws.com/amazon/aws-network-policy-agent:v1.1.5-eksbuild.1,cpu-static,1
1007,aws-node-wbgx7,Pod,,pulled,1.035825906,602401143452.dkr.ecr.us-east-1.amazonaws.com/amazon/aws-network-policy-agent:v1.1.5-eksbuild.1,cpu-static,1
1008,aws-node-x5z8b,Pod,,pulled-timestamp,1742257356.0,602401143452.dkr.ecr.us-east-1.amazonaws.com/amazon/aws-network-policy-agent:v1.1.5-eksbuild.1,cpu-static,1
1009,aws-node-x5z8b,Pod,,pulling-timestamp,1742257355.0,602401143452.dkr.ecr.us-east-1.amazonaws.com/amazon/aws-network-policy-agent:v1.1.5-eksbuild.1,cpu-static,1
1010,aws-node-x5z8b,Pod,,scheduled-timestamp,1742257343.0,602401143452.dkr.ecr.us-east-1.amazonaws.com/amazon/aws-network-policy-agent:v1.1.5-eksbuild.1,cpu-static,1
1011,aws-node-x5z8b,Pod,,created-timestamp,1742257356.0,602401143452.dkr.ecr.us-east-1.amazonaws.com/amazon/aws-network-policy-agent:v1.1.5-eksbuild.1,cpu-static,1
1012,aws-node-x5z8b,Pod,,created,0,602401143452.dkr.ecr.us-east-1.amazonaws.com/amazon/aws-network-policy-agent:v1.1.5-eksbuild.1,cpu-static,1
1013,aws-node-x5z8b,Pod,,started-timestamp,1742257356.0,602401143452.dkr.ecr.us-east-1.amazonaws.com/amazon/aws-network-policy-agent:v1.1.5-eksbuild.1,cpu-static,1
1014,aws-node-x5z8b,Pod,,started,0,602401143452.dkr.ecr.us-east-1.amazonaws.com/amazon/aws-network-policy-agent:v1.1.5-eksbuild.1,cpu-static,1
1015,aws-node-x5z8b,Pod,,pulled,1.135337463,602401143452.dkr.ecr.us-east-1.amazonaws.com/amazon/aws-network-policy-agent:v1.1.5-eksbuild.1,cpu-static,1
1016,coredns-d9b6d6c7d-bsn72,Pod,,pulled-timestamp,1742257359.0,602401143452.dkr.ecr.us-east-1.amazonaws.com/eks/coredns:v1.10.1-eksbuild.4,cpu-static,1
1017,coredns-d9b6d6c7d-bsn72,Pod,,pulling-timestamp,1742257358.0,602401143452.dkr.ecr.us-east-1.amazonaws.com/eks/coredns:v1.10.1-eksbuild.4,cpu-static,1
1018,coredns-d9b6d6c7d-bsn72,Pod,,scheduled-timestamp,1742257357.0,602401143452.dkr.ecr.us-east-1.amazonaws.com/eks/coredns:v1.10.1-eksbuild.4,cpu-static,1
1019,coredns-d9b6d6c7d-bsn72,Pod,,created-timestamp,1742257359.0,602401143452.dkr.ecr.us-east-1.amazonaws.com/eks/coredns:v1.10.1-eksbuild.4,cpu-static,1
1020,coredns-d9b6d6c7d-bsn72,Pod,,created,0,602401143452.dkr.ecr.us-east-1.amazonaws.com/eks/coredns:v1.10.1-eksbuild.4,cpu-static,1
1021,coredns-d9b6d6c7d-bsn72,Pod,,started-timestamp,1742257359.0,602401143452.dkr.ecr.us-east-1.amazonaws.com/eks/coredns:v1.10.1-eksbuild.4,cpu-static,1
1022,coredns-d9b6d6c7d-bsn72,Pod,,started,0,602401143452.dkr.ecr.us-east-1.amazonaws.com/eks/coredns:v1.10.1-eksbuild.4,cpu-static,1
1023,coredns-d9b6d6c7d-bsn72,Pod,,pulled,0.985018856,602401143452.dkr.ecr.us-east-1.amazonaws.com/eks/coredns:v1.10.1-eksbuild.4,cpu-static,1
1024,coredns-d9b6d6c7d-mwqnw,Pod,,pulled-timestamp,1742257359.0,602401143452.dkr.ecr.us-east-1.amazonaws.com/eks/coredns:v1.10.1-eksbuild.4,cpu-static,1
1025,coredns-d9b6d6c7d-mwqnw,Pod,,pulling-timestamp,1742257358.0,602401143452.dkr.ecr.us-east-1.amazonaws.com/eks/coredns:v1.10.1-eksbuild.4,cpu-static,1
1026,coredns-d9b6d6c7d-mwqnw,Pod,,scheduled-timestamp,1742257357.0,602401143452.dkr.ecr.us-east-1.amazonaws.com/eks/coredns:v1.10.1-eksbuild.4,cpu-static,1
1027,coredns-d9b6d6c7d-mwqnw,Pod,,created-timestamp,1742257359.0,602401143452.dkr.ecr.us-east-1.amazonaws.com/eks/coredns:v1.10.1-eksbuild.4,cpu-static,1
1028,coredns-d9b6d6c7d-mwqnw,Pod,,created,0,602401143452.dkr.ecr.us-east-1.amazonaws.com/eks/coredns:v1.10.1-eksbuild.4,cpu-static,1
1029,coredns-d9b6d6c7d-mwqnw,Pod,,started-timestamp,1742257359.0,602401143452.dkr.ecr.us-east-1.amazonaws.com/eks/coredns:v1.10.1-eksbuild.4,cpu-static,1
1030,coredns-d9b6d6c7d-mwqnw,Pod,,started,0,602401143452.dkr.ecr.us-east-1.amazonaws.com/eks/coredns:v1.10.1-eksbuild.4,cpu-static,1
1031,coredns-d9b6d6c7d-mwqnw,Pod,,pulled,0.984806504,602401143452.dkr.ecr.us-east-1.amazonaws.com/eks/coredns:v1.10.1-eksbuild.4,cpu-static,1
1032,metrics-server-7794986bdb-hdxnr,Pod,,pulled-timestamp,1742257359.0,602401143452.dkr.ecr.us-east-1.amazonaws.com/eks/metrics-server:v0.7.2-eksbuild.2,cpu-static,1
1033,metrics-server-7794986bdb-hdxnr,Pod,,pulling-timestamp,1742257358.0,602401143452.dkr.ecr.us-east-1.amazonaws.com/eks/metrics-server:v0.7.2-eksbuild.2,cpu-static,1
1034,metrics-server-7794986bdb-hdxnr,Pod,,scheduled-timestamp,1742257357.0,602401143452.dkr.ecr.us-east-1.amazonaws.com/eks/metrics-server:v0.7.2-eksbuild.2,cpu-static,1
1035,metrics-server-7794986bdb-hdxnr,Pod,,created-timestamp,1742257359.0,602401143452.dkr.ecr.us-east-1.amazonaws.com/eks/metrics-server:v0.7.2-eksbuild.2,cpu-static,1
1036,metrics-server-7794986bdb-hdxnr,Pod,,created,0,602401143452.dkr.ecr.us-east-1.amazonaws.com/eks/metrics-server:v0.7.2-eksbuild.2,cpu-static,1
1037,metrics-server-7794986bdb-hdxnr,Pod,,started-timestamp,1742257359.0,602401143452.dkr.ecr.us-east-1.amazonaws.com/eks/metrics-server:v0.7.2-eksbuild.2,cpu-static,1
1038,metrics-server-7794986bdb-hdxnr,Pod,,started,0,602401143452.dkr.ecr.us-east-1.amazonaws.com/eks/metrics-server:v0.7.2-eksbuild.2,cpu-static,1
1039,metrics-server-7794986bdb-hdxnr,Pod,,pulled,1.260963841,602401143452.dkr.ecr.us-east-1.amazonaws.com/eks/metrics-server:v0.7.2-eksbuild.2,cpu-static,1
1040,metrics-server-7794986bdb-hjqzt,Pod,,pulled-timestamp,1742257359.0,602401143452.dkr.ecr.us-east-1.amazonaws.com/eks/metrics-server:v0.7.2-eksbuild.2,cpu-static,1
1041,metrics-server-7794986bdb-hjqzt,Pod,,pulling-timestamp,1742257358.0,602401143452.dkr.ecr.us-east-1.amazonaws.com/eks/metrics-server:v0.7.2-eksbuild.2,cpu-static,1
1042,metrics-server-7794986bdb-hjqzt,Pod,,scheduled-timestamp,1742257357.0,602401143452.dkr.ecr.us-east-1.amazonaws.com/eks/metrics-server:v0.7.2-eksbuild.2,cpu-static,1
1043,metrics-server-7794986bdb-hjqzt,Pod,,created-timestamp,1742257359.0,602401143452.dkr.ecr.us-east-1.amazonaws.com/eks/metrics-server:v0.7.2-eksbuild.2,cpu-static,1
1044,metrics-server-7794986bdb-hjqzt,Pod,,created,0,602401143452.dkr.ecr.us-east-1.amazonaws.com/eks/metrics-server:v0.7.2-eksbuild.2,cpu-static,1
1045,metrics-server-7794986bdb-hjqzt,Pod,,started-timestamp,1742257359.0,602401143452.dkr.ecr.us-east-1.amazonaws.com/eks/metrics-server:v0.7.2-eksbuild.2,cpu-static,1
1046,metrics-server-7794986bdb-hjqzt,Pod,,started,0,602401143452.dkr.ecr.us-east-1.amazonaws.com/eks/metrics-server:v0.7.2-eksbuild.2,cpu-static,1
1047,metrics-server-7794986bdb-hjqzt,Pod,,pulled,1.265361749,602401143452.dkr.ecr.us-east-1.amazonaws.com/eks/metrics-server:v0.7.2-eksbuild.2,cpu-static,1
1048,event-exporter-6d778fb78d-jsjd4,Pod,,pulled-timestamp,1742257560.0,ghcr.io/resmoio/kubernetes-event-exporter:latest,cpu-static,1
1049,event-exporter-6d778fb78d-jsjd4,Pod,,pulling-timestamp,1742257559.0,ghcr.io/resmoio/kubernetes-event-exporter:latest,cpu-static,1
1050,event-exporter-6d778fb78d-jsjd4,Pod,,scheduled-timestamp,1742257559.0,ghcr.io/resmoio/kubernetes-event-exporter:latest,cpu-static,1
1051,event-exporter-6d778fb78d-jsjd4,Pod,,created-timestamp,1742257560.0,ghcr.io/resmoio/kubernetes-event-exporter:latest,cpu-static,1
1052,event-exporter-6d778fb78d-jsjd4,Pod,,created,0,ghcr.io/resmoio/kubernetes-event-exporter:latest,cpu-static,1
1053,event-exporter-6d778fb78d-jsjd4,Pod,,started-timestamp,1742257560.0,ghcr.io/resmoio/kubernetes-event-exporter:latest,cpu-static,1
1054,event-exporter-6d778fb78d-jsjd4,Pod,,started,0,ghcr.io/resmoio/kubernetes-event-exporter:latest,cpu-static,1
1055,event-exporter-6d778fb78d-jsjd4,Pod,,pulled,1.002524392,ghcr.io/resmoio/kubernetes-event-exporter:latest,cpu-static,1
1056,mummi-operator-controller-manager-5dd8c556d-g8rrx,Pod,,pulled-timestamp,1742257592.0,ghcr.io/converged-computing/mummi-operator:test,cpu-static,1
1057,mummi-operator-controller-manager-5dd8c556d-g8rrx,Pod,,pulling-timestamp,1742257589.0,ghcr.io/converged-computing/mummi-operator:test,cpu-static,1
1058,mummi-operator-controller-manager-5dd8c556d-g8rrx,Pod,,scheduled-timestamp,1742257589.0,ghcr.io/converged-computing/mummi-operator:test,cpu-static,1
1059,mummi-operator-controller-manager-5dd8c556d-g8rrx,Pod,,created-timestamp,1742257591.0,ghcr.io/converged-computing/mummi-operator:test,cpu-static,1
1060,mummi-operator-controller-manager-5dd8c556d-g8rrx,Pod,,created,86399,ghcr.io/converged-computing/mummi-operator:test,cpu-static,1
1061,mummi-operator-controller-manager-5dd8c556d-g8rrx,Pod,,started-timestamp,1742257591.0,ghcr.io/converged-computing/mummi-operator:test,cpu-static,1
1062,mummi-operator-controller-manager-5dd8c556d-g8rrx,Pod,,started,0,ghcr.io/converged-computing/mummi-operator:test,cpu-static,1
1063,mummi-operator-controller-manager-5dd8c556d-g8rrx,Pod,,pulled,0.165504662,ghcr.io/converged-computing/mummi-operator:test,cpu-static,1
1064,mummi-operator-controller-manager-75bb6db4b7-79sg4,Pod,,pulled-timestamp,1742257692.0,ghcr.io/converged-computing/mummi-operator:test,cpu-static,1
1065,mummi-operator-controller-manager-75bb6db4b7-79sg4,Pod,,pulling-timestamp,1742257691.0,ghcr.io/converged-computing/mummi-operator:test,cpu-static,1
1066,mummi-operator-controller-manager-75bb6db4b7-79sg4,Pod,,scheduled-timestamp,1742257691.0,ghcr.io/converged-computing/mummi-operator:test,cpu-static,1
1067,mummi-operator-controller-manager-75bb6db4b7-79sg4,Pod,,created-timestamp,1742257692.0,ghcr.io/converged-computing/mummi-operator:test,cpu-static,1
1068,mummi-operator-controller-manager-75bb6db4b7-79sg4,Pod,,created,0,ghcr.io/converged-computing/mummi-operator:test,cpu-static,1
1069,mummi-operator-controller-manager-75bb6db4b7-79sg4,Pod,,started-timestamp,1742257692.0,ghcr.io/converged-computing/mummi-operator:test,cpu-static,1
1070,mummi-operator-controller-manager-75bb6db4b7-79sg4,Pod,,started,0,ghcr.io/converged-computing/mummi-operator:test,cpu-static,1
1071,mummi-operator-controller-manager-75bb6db4b7-79sg4,Pod,,pulled,0.949077738,ghcr.io/converged-computing/mummi-operator:test,cpu-static,1
1072,registry-0,Pod,,pulled-timestamp,1742257769.0,ghcr.io/oras-project/registry:latest,cpu-static,1
1073,registry-0,Pod,,pulling-timestamp,1742257768.0,ghcr.io/oras-project/registry:latest,cpu-static,1
1074,registry-0,Pod,,scheduled-timestamp,1742257767.0,ghcr.io/oras-project/registry:latest,cpu-static,1
1075,registry-0,Pod,,created-timestamp,1742257769.0,ghcr.io/oras-project/registry:latest,cpu-static,1
1076,registry-0,Pod,,created,0,ghcr.io/oras-project/registry:latest,cpu-static,1
1077,registry-0,Pod,,started-timestamp,1742257769.0,ghcr.io/oras-project/registry:latest,cpu-static,1
1078,registry-0,Pod,,started,0,ghcr.io/oras-project/registry:latest,cpu-static,1
1079,registry-0,Pod,,pulled,0.672194926,ghcr.io/oras-project/registry:latest,cpu-static,1
1080,mummi-sample-rabbitmq-7fb6b7b4d9-w2w6p,Pod,,pulled-timestamp,1742257771.0,633731392008.dkr.ecr.us-east-1.amazonaws.com/mini-mummi:rabbitmq,cpu-static,1
1081,mummi-sample-rabbitmq-7fb6b7b4d9-w2w6p,Pod,,pulling-timestamp,1742257768.0,633731392008.dkr.ecr.us-east-1.amazonaws.com/mini-mummi:rabbitmq,cpu-static,1
1082,mummi-sample-rabbitmq-7fb6b7b4d9-w2w6p,Pod,,scheduled-timestamp,1742257767.0,633731392008.dkr.ecr.us-east-1.amazonaws.com/mini-mummi:rabbitmq,cpu-static,1
1083,mummi-sample-rabbitmq-7fb6b7b4d9-w2w6p,Pod,,created-timestamp,1742257771.0,633731392008.dkr.ecr.us-east-1.amazonaws.com/mini-mummi:rabbitmq,cpu-static,1
1084,mummi-sample-rabbitmq-7fb6b7b4d9-w2w6p,Pod,,created,0,633731392008.dkr.ecr.us-east-1.amazonaws.com/mini-mummi:rabbitmq,cpu-static,1
1085,mummi-sample-rabbitmq-7fb6b7b4d9-w2w6p,Pod,,started-timestamp,1742257771.0,633731392008.dkr.ecr.us-east-1.amazonaws.com/mini-mummi:rabbitmq,cpu-static,1
1086,mummi-sample-rabbitmq-7fb6b7b4d9-w2w6p,Pod,,started,0,633731392008.dkr.ecr.us-east-1.amazonaws.com/mini-mummi:rabbitmq,cpu-static,1
1087,mummi-sample-rabbitmq-7fb6b7b4d9-w2w6p,Pod,,pulled,3.202357546,633731392008.dkr.ecr.us-east-1.amazonaws.com/mini-mummi:rabbitmq,cpu-static,1
1088,mummi-sample-wfmanager-568547b999-kk59b,Pod,,pulled-timestamp,1742257859.0,633731392008.dkr.ecr.us-east-1.amazonaws.com/mini-mummi:wfmanager-arm,cpu-static,1
1089,mummi-sample-wfmanager-568547b999-kk59b,Pod,,pulling-timestamp,1742257768.0,633731392008.dkr.ecr.us-east-1.amazonaws.com/mini-mummi:wfmanager-arm,cpu-static,1
1090,mummi-sample-wfmanager-568547b999-kk59b,Pod,,scheduled-timestamp,1742257767.0,633731392008.dkr.ecr.us-east-1.amazonaws.com/mini-mummi:wfmanager-arm,cpu-static,1
1091,mummi-sample-wfmanager-568547b999-kk59b,Pod,,created-timestamp,1742257859.0,633731392008.dkr.ecr.us-east-1.amazonaws.com/mini-mummi:wfmanager-arm,cpu-static,1
1092,mummi-sample-wfmanager-568547b999-kk59b,Pod,,created,0,633731392008.dkr.ecr.us-east-1.amazonaws.com/mini-mummi:wfmanager-arm,cpu-static,1
1093,mummi-sample-wfmanager-568547b999-kk59b,Pod,,started-timestamp,1742257859.0,633731392008.dkr.ecr.us-east-1.amazonaws.com/mini-mummi:wfmanager-arm,cpu-static,1
1094,mummi-sample-wfmanager-568547b999-kk59b,Pod,,started,0,633731392008.dkr.ecr.us-east-1.amazonaws.com/mini-mummi:wfmanager-arm,cpu-static,1
1095,mummi-sample-wfmanager-568547b999-kk59b,Pod,,pulled,91.310069282,633731392008.dkr.ecr.us-east-1.amazonaws.com/mini-mummi:wfmanager-arm,cpu-static,1
1096,mummi-sample-mlserver-bcbb4f76-5b4tw,Pod,,pulled-timestamp,1742257895.0,633731392008.dkr.ecr.us-east-1.amazonaws.com/mini-mummi:mlserver-arm,cpu-static,1
1097,mummi-sample-mlserver-bcbb4f76-5b4tw,Pod,,pulling-timestamp,1742257768.0,633731392008.dkr.ecr.us-east-1.amazonaws.com/mini-mummi:mlserver-arm,cpu-static,1
1098,mummi-sample-mlserver-bcbb4f76-5b4tw,Pod,,scheduled-timestamp,1742257767.0,633731392008.dkr.ecr.us-east-1.amazonaws.com/mini-mummi:mlserver-arm,cpu-static,1
1099,mummi-sample-mlserver-bcbb4f76-5b4tw,Pod,,created-timestamp,1742257895.0,633731392008.dkr.ecr.us-east-1.amazonaws.com/mini-mummi:mlserver-arm,cpu-static,1
1100,mummi-sample-mlserver-bcbb4f76-5b4tw,Pod,,created,0,633731392008.dkr.ecr.us-east-1.amazonaws.com/mini-mummi:mlserver-arm,cpu-static,1
1101,mummi-sample-mlserver-bcbb4f76-5b4tw,Pod,,started-timestamp,1742257895.0,633731392008.dkr.ecr.us-east-1.amazonaws.com/mini-mummi:mlserver-arm,cpu-static,1
1102,mummi-sample-mlserver-bcbb4f76-5b4tw,Pod,,started,0,633731392008.dkr.ecr.us-east-1.amazonaws.com/mini-mummi:mlserver-arm,cpu-static,1
1103,mummi-sample-mlserver-bcbb4f76-5b4tw,Pod,,pulled,127.262322242,633731392008.dkr.ecr.us-east-1.amazonaws.com/mini-mummi:mlserver-arm,cpu-static,1
1104,createsim-structure-iter00-000000000001,Job,createsim,successfulcreate-timestamp,1742257984.0,,cpu-static,1
1105,createsim-structure-iter00-000000000001,Job,createsim,completed-timestamp,1742258534.0,,cpu-static,1
1106,createsim-structure-iter00-000000000001,Job,createsim,running,550,,cpu-static,1
1107,createsim-structure-iter00-000000000000-z6778,Pod,createsim,pulled-timestamp,1742258037.0,633731392008.dkr.ecr.us-east-1.amazonaws.com/mini-mummi:createsims-arm,cpu-static,1
1108,createsim-structure-iter00-000000000000-z6778,Pod,createsim,pulling-timestamp,1742257985.0,633731392008.dkr.ecr.us-east-1.amazonaws.com/mini-mummi:createsims-arm,cpu-static,1
1109,createsim-structure-iter00-000000000000-z6778,Pod,createsim,scheduled-timestamp,1742257984.0,633731392008.dkr.ecr.us-east-1.amazonaws.com/mini-mummi:createsims-arm,cpu-static,1
1110,createsim-structure-iter00-000000000000-z6778,Pod,createsim,created-timestamp,1742258037.0,633731392008.dkr.ecr.us-east-1.amazonaws.com/mini-mummi:createsims-arm,cpu-static,1
1111,createsim-structure-iter00-000000000000-z6778,Pod,createsim,created,0,633731392008.dkr.ecr.us-east-1.amazonaws.com/mini-mummi:createsims-arm,cpu-static,1
1112,createsim-structure-iter00-000000000000-z6778,Pod,createsim,started-timestamp,1742258037.0,633731392008.dkr.ecr.us-east-1.amazonaws.com/mini-mummi:createsims-arm,cpu-static,1
1113,createsim-structure-iter00-000000000000-z6778,Pod,createsim,started,0,633731392008.dkr.ecr.us-east-1.amazonaws.com/mini-mummi:createsims-arm,cpu-static,1
1114,createsim-structure-iter00-000000000000-z6778,Pod,createsim,pulled,51.605932634,633731392008.dkr.ecr.us-east-1.amazonaws.com/mini-mummi:createsims-arm,cpu-static,1
1115,createsim-structure-iter00-000000000001-rzg7t,Pod,createsim,pulled-timestamp,1742258036.0,633731392008.dkr.ecr.us-east-1.amazonaws.com/mini-mummi:createsims-arm,cpu-static,1
1116,createsim-structure-iter00-000000000001-rzg7t,Pod,createsim,pulling-timestamp,1742257985.0,633731392008.dkr.ecr.us-east-1.amazonaws.com/mini-mummi:createsims-arm,cpu-static,1
1117,createsim-structure-iter00-000000000001-rzg7t,Pod,createsim,scheduled-timestamp,1742257984.0,633731392008.dkr.ecr.us-east-1.amazonaws.com/mini-mummi:createsims-arm,cpu-static,1
1118,createsim-structure-iter00-000000000001-rzg7t,Pod,createsim,created-timestamp,1742258036.0,633731392008.dkr.ecr.us-east-1.amazonaws.com/mini-mummi:createsims-arm,cpu-static,1
1119,createsim-structure-iter00-000000000001-rzg7t,Pod,createsim,created,0,633731392008.dkr.ecr.us-east-1.amazonaws.com/mini-mummi:createsims-arm,cpu-static,1
1120,createsim-structure-iter00-000000000001-rzg7t,Pod,createsim,started-timestamp,1742258036.0,633731392008.dkr.ecr.us-east-1.amazonaws.com/mini-mummi:createsims-arm,cpu-static,1
1121,createsim-structure-iter00-000000000001-rzg7t,Pod,createsim,started,0,633731392008.dkr.ecr.us-east-1.amazonaws.com/mini-mummi:createsims-arm,cpu-static,1
1122,createsim-structure-iter00-000000000001-rzg7t,Pod,createsim,pulled,51.443363488,633731392008.dkr.ecr.us-east-1.amazonaws.com/mini-mummi:createsims-arm,cpu-static,1
1123,createsim-structure-iter00-000000000000,Job,createsim,successfulcreate-timestamp,1742257984.0,,cpu-static,1
1124,createsim-structure-iter00-000000000000,Job,createsim,completed-timestamp,1742258519.0,,cpu-static,1
1125,createsim-structure-iter00-000000000000,Job,createsim,running,535,,cpu-static,1
1126,cganalysis-structure-iter00-000000000000,Job,cganalysis,successfulcreate-timestamp,1742258523.0,,cpu-static,1
1127,cganalysis-structure-iter00-000000000000,Job,cganalysis,completed-timestamp,1742260362.0,,cpu-static,1
1128,cganalysis-structure-iter00-000000000000,Job,cganalysis,running,1839,,cpu-static,1
1129,cganalysis-structure-iter00-000000000000-g8tmw,Pod,cganalysis,pulled-timestamp,1742258574.0,633731392008.dkr.ecr.us-east-1.amazonaws.com/mini-mummi:cganalysis-arm,cpu-static,1
1130,cganalysis-structure-iter00-000000000000-g8tmw,Pod,cganalysis,pulling-timestamp,1742258523.0,633731392008.dkr.ecr.us-east-1.amazonaws.com/mini-mummi:cganalysis-arm,cpu-static,1
1131,cganalysis-structure-iter00-000000000000-g8tmw,Pod,cganalysis,scheduled-timestamp,1742258523.0,633731392008.dkr.ecr.us-east-1.amazonaws.com/mini-mummi:cganalysis-arm,cpu-static,1
1132,cganalysis-structure-iter00-000000000000-g8tmw,Pod,cganalysis,created-timestamp,1742258574.0,633731392008.dkr.ecr.us-east-1.amazonaws.com/mini-mummi:cganalysis-arm,cpu-static,1
1133,cganalysis-structure-iter00-000000000000-g8tmw,Pod,cganalysis,created,0,633731392008.dkr.ecr.us-east-1.amazonaws.com/mini-mummi:cganalysis-arm,cpu-static,1
1134,cganalysis-structure-iter00-000000000000-g8tmw,Pod,cganalysis,started-timestamp,1742258574.0,633731392008.dkr.ecr.us-east-1.amazonaws.com/mini-mummi:cganalysis-arm,cpu-static,1
1135,cganalysis-structure-iter00-000000000000-g8tmw,Pod,cganalysis,started,0,633731392008.dkr.ecr.us-east-1.amazonaws.com/mini-mummi:cganalysis-arm,cpu-static,1
1136,cganalysis-structure-iter00-000000000000-g8tmw,Pod,cganalysis,pulled,50.285434398,633731392008.dkr.ecr.us-east-1.amazonaws.com/mini-mummi:cganalysis-arm,cpu-static,1
1137,createsim-structure-iter00-000000000002,Job,createsim,successfulcreate-timestamp,1742258539.0,,cpu-static,1
1138,createsim-structure-iter00-000000000002,Job,createsim,completed-timestamp,1742259042.0,,cpu-static,1
1139,createsim-structure-iter00-000000000002,Job,createsim,running,503,,cpu-static,1
1140,createsim-structure-iter00-000000000003,Job,createsim,successfulcreate-timestamp,1742258539.0,,cpu-static,1
1141,createsim-structure-iter00-000000000003,Job,createsim,completed-timestamp,1742259020.0,,cpu-static,1
1142,createsim-structure-iter00-000000000003,Job,createsim,running,481,,cpu-static,1
1143,cganalysis-structure-iter00-000000000001,Job,cganalysis,successfulcreate-timestamp,1742258540.0,,cpu-static,1
1144,cganalysis-structure-iter00-000000000001,Job,cganalysis,completed-timestamp,1742260370.0,,cpu-static,1
1145,cganalysis-structure-iter00-000000000001,Job,cganalysis,running,1830,,cpu-static,1
1146,cganalysis-structure-iter00-000000000001-fq4xg,Pod,cganalysis,pulled-timestamp,1742258583.0,633731392008.dkr.ecr.us-east-1.amazonaws.com/mini-mummi:cganalysis-arm,cpu-static,1
1147,cganalysis-structure-iter00-000000000001-fq4xg,Pod,cganalysis,pulling-timestamp,1742258540.0,633731392008.dkr.ecr.us-east-1.amazonaws.com/mini-mummi:cganalysis-arm,cpu-static,1
1148,cganalysis-structure-iter00-000000000001-fq4xg,Pod,cganalysis,scheduled-timestamp,1742258540.0,633731392008.dkr.ecr.us-east-1.amazonaws.com/mini-mummi:cganalysis-arm,cpu-static,1
1149,cganalysis-structure-iter00-000000000001-fq4xg,Pod,cganalysis,created-timestamp,1742258583.0,633731392008.dkr.ecr.us-east-1.amazonaws.com/mini-mummi:cganalysis-arm,cpu-static,1
1150,cganalysis-structure-iter00-000000000001-fq4xg,Pod,cganalysis,created,0,633731392008.dkr.ecr.us-east-1.amazonaws.com/mini-mummi:cganalysis-arm,cpu-static,1
1151,cganalysis-structure-iter00-000000000001-fq4xg,Pod,cganalysis,started-timestamp,1742258583.0,633731392008.dkr.ecr.us-east-1.amazonaws.com/mini-mummi:cganalysis-arm,cpu-static,1
1152,cganalysis-structure-iter00-000000000001-fq4xg,Pod,cganalysis,started,0,633731392008.dkr.ecr.us-east-1.amazonaws.com/mini-mummi:cganalysis-arm,cpu-static,1
1153,cganalysis-structure-iter00-000000000001-fq4xg,Pod,cganalysis,pulled,42.705720663,633731392008.dkr.ecr.us-east-1.amazonaws.com/mini-mummi:cganalysis-arm,cpu-static,1
1154,cganalysis-structure-iter00-000000000003,Job,cganalysis,successfulcreate-timestamp,1742259037.0,,cpu-static,1
1155,cganalysis-structure-iter00-000000000003,Job,cganalysis,completed-timestamp,1742260826.0,,cpu-static,1
1156,cganalysis-structure-iter00-000000000003,Job,cganalysis,running,1789,,cpu-static,1
1157,cganalysis-structure-iter00-000000000003-gpwrt,Pod,cganalysis,pulled-timestamp,1742259038.0,633731392008.dkr.ecr.us-east-1.amazonaws.com/mini-mummi:cganalysis-arm,cpu-static,1
1158,cganalysis-structure-iter00-000000000003-gpwrt,Pod,cganalysis,pulling-timestamp,1742259037.0,633731392008.dkr.ecr.us-east-1.amazonaws.com/mini-mummi:cganalysis-arm,cpu-static,1
1159,cganalysis-structure-iter00-000000000003-gpwrt,Pod,cganalysis,scheduled-timestamp,1742259037.0,633731392008.dkr.ecr.us-east-1.amazonaws.com/mini-mummi:cganalysis-arm,cpu-static,1
1160,cganalysis-structure-iter00-000000000003-gpwrt,Pod,cganalysis,created-timestamp,1742259038.0,633731392008.dkr.ecr.us-east-1.amazonaws.com/mini-mummi:cganalysis-arm,cpu-static,1
1161,cganalysis-structure-iter00-000000000003-gpwrt,Pod,cganalysis,created,0,633731392008.dkr.ecr.us-east-1.amazonaws.com/mini-mummi:cganalysis-arm,cpu-static,1
1162,cganalysis-structure-iter00-000000000003-gpwrt,Pod,cganalysis,started-timestamp,1742259038.0,633731392008.dkr.ecr.us-east-1.amazonaws.com/mini-mummi:cganalysis-arm,cpu-static,1
1163,cganalysis-structure-iter00-000000000003-gpwrt,Pod,cganalysis,started,0,633731392008.dkr.ecr.us-east-1.amazonaws.com/mini-mummi:cganalysis-arm,cpu-static,1
1164,cganalysis-structure-iter00-000000000003-gpwrt,Pod,cganalysis,pulled,1.198430553,633731392008.dkr.ecr.us-east-1.amazonaws.com/mini-mummi:cganalysis-arm,cpu-static,1
1165,createsim-structure-iter00-000000000004,Job,createsim,successfulcreate-timestamp,1742259050.0,,cpu-static,1
1166,createsim-structure-iter00-000000000004,Job,createsim,completed-timestamp,1742259539.0,,cpu-static,1
1167,createsim-structure-iter00-000000000004,Job,createsim,running,489,,cpu-static,1
1168,createsim-structure-iter00-000000000005,Job,createsim,successfulcreate-timestamp,1742259050.0,,cpu-static,1
1169,createsim-structure-iter00-000000000005,Job,createsim,completed-timestamp,1742259582.0,,cpu-static,1
1170,createsim-structure-iter00-000000000005,Job,createsim,running,532,,cpu-static,1
1171,createsim-structure-iter00-000000000005-xdg76,Pod,createsim,pulled-timestamp,1742259101.0,633731392008.dkr.ecr.us-east-1.amazonaws.com/mini-mummi:createsims-arm,cpu-static,1
1172,createsim-structure-iter00-000000000005-xdg76,Pod,createsim,pulling-timestamp,1742259051.0,633731392008.dkr.ecr.us-east-1.amazonaws.com/mini-mummi:createsims-arm,cpu-static,1
1173,createsim-structure-iter00-000000000005-xdg76,Pod,createsim,scheduled-timestamp,1742259050.0,633731392008.dkr.ecr.us-east-1.amazonaws.com/mini-mummi:createsims-arm,cpu-static,1
1174,createsim-structure-iter00-000000000005-xdg76,Pod,createsim,created-timestamp,1742259101.0,633731392008.dkr.ecr.us-east-1.amazonaws.com/mini-mummi:createsims-arm,cpu-static,1
1175,createsim-structure-iter00-000000000005-xdg76,Pod,createsim,created,0,633731392008.dkr.ecr.us-east-1.amazonaws.com/mini-mummi:createsims-arm,cpu-static,1
1176,createsim-structure-iter00-000000000005-xdg76,Pod,createsim,started-timestamp,1742259101.0,633731392008.dkr.ecr.us-east-1.amazonaws.com/mini-mummi:createsims-arm,cpu-static,1
1177,createsim-structure-iter00-000000000005-xdg76,Pod,createsim,started,0,633731392008.dkr.ecr.us-east-1.amazonaws.com/mini-mummi:createsims-arm,cpu-static,1
1178,createsim-structure-iter00-000000000005-xdg76,Pod,createsim,pulled,50.069295081,633731392008.dkr.ecr.us-east-1.amazonaws.com/mini-mummi:createsims-arm,cpu-static,1
1179,createsim-structure-iter00-000000000006,Job,createsim,successfulcreate-timestamp,1742259562.0,,cpu-static,1
1180,createsim-structure-iter00-000000000006,Job,createsim,completed-timestamp,1742260038.0,,cpu-static,1
1181,createsim-structure-iter00-000000000006,Job,createsim,running,476,,cpu-static,1
1182,createsim-structure-iter00-000000000008,Job,createsim,successfulcreate-timestamp,1742259591.0,,cpu-static,1
1183,createsim-structure-iter00-000000000008,Job,createsim,completed-timestamp,1742260072.0,,cpu-static,1
1184,createsim-structure-iter00-000000000008,Job,createsim,running,481,,cpu-static,1
1185,createsim-structure-iter00-000000000010,Job,createsim,successfulcreate-timestamp,1742260057.0,,cpu-static,1
1186,createsim-structure-iter00-000000000010,Job,createsim,completed-timestamp,1742260535.0,,cpu-static,1
1187,createsim-structure-iter00-000000000010,Job,createsim,running,478,,cpu-static,1
1188,createsim-structure-iter00-000000000012,Job,createsim,successfulcreate-timestamp,1742260086.0,,cpu-static,1
1189,createsim-structure-iter00-000000000012,Job,createsim,completed-timestamp,1742260572.0,,cpu-static,1
1190,createsim-structure-iter00-000000000012,Job,createsim,running,486,,cpu-static,1
1191,cganalysis-structure-iter00-000000000002,Job,cganalysis,successfulcreate-timestamp,1742260369.0,,cpu-static,1
1192,cganalysis-structure-iter00-000000000002,Job,cganalysis,completed-timestamp,1742262157.0,,cpu-static,1
1193,cganalysis-structure-iter00-000000000002,Job,cganalysis,running,1788,,cpu-static,1
1194,cganalysis-structure-iter00-000000000004,Job,cganalysis,successfulcreate-timestamp,1742260385.0,,cpu-static,1
1195,cganalysis-structure-iter00-000000000004,Job,cganalysis,completed-timestamp,1742262173.0,,cpu-static,1
1196,cganalysis-structure-iter00-000000000004,Job,cganalysis,running,1788,,cpu-static,1
1197,createsim-structure-iter00-000000000014,Job,createsim,successfulcreate-timestamp,1742260566.0,,cpu-static,1
1198,createsim-structure-iter00-000000000014,Job,createsim,completed-timestamp,1742261045.0,,cpu-static,1
1199,createsim-structure-iter00-000000000014,Job,createsim,running,479,,cpu-static,1
1200,createsim-structure-iter00-000000000016,Job,createsim,successfulcreate-timestamp,1742260581.0,,cpu-static,1
1201,createsim-structure-iter00-000000000016,Job,createsim,completed-timestamp,1742261060.0,,cpu-static,1
1202,createsim-structure-iter00-000000000016,Job,createsim,running,479,,cpu-static,1
1203,cganalysis-structure-iter00-000000000005,Job,cganalysis,successfulcreate-timestamp,1742260840.0,,cpu-static,1
1204,cganalysis-structure-iter00-000000000005,Job,cganalysis,completed-timestamp,1742262628.0,,cpu-static,1
1205,cganalysis-structure-iter00-000000000005,Job,cganalysis,running,1788,,cpu-static,1
1206,createsim-structure-iter00-000000000018,Job,createsim,successfulcreate-timestamp,1742261077.0,,cpu-static,1
1207,createsim-structure-iter00-000000000018,Job,createsim,completed-timestamp,1742261554.0,,cpu-static,1
1208,createsim-structure-iter00-000000000018,Job,createsim,running,477,,cpu-static,1
1209,cganalysis-structure-iter00-000000000006,Job,cganalysis,successfulcreate-timestamp,1742262162.0,,cpu-static,1
1210,cganalysis-structure-iter00-000000000006,Job,cganalysis,completed-timestamp,1742263950.0,,cpu-static,1
1211,cganalysis-structure-iter00-000000000006,Job,cganalysis,running,1788,,cpu-static,1
1212,cganalysis-structure-iter00-000000000008,Job,cganalysis,successfulcreate-timestamp,1742262187.0,,cpu-static,1
1213,cganalysis-structure-iter00-000000000008,Job,cganalysis,completed-timestamp,1742263976.0,,cpu-static,1
1214,cganalysis-structure-iter00-000000000008,Job,cganalysis,running,1789,,cpu-static,1
1215,cganalysis-structure-iter00-000000000010,Job,cganalysis,successfulcreate-timestamp,1742262644.0,,cpu-static,1
1216,cganalysis-structure-iter00-000000000010,Job,cganalysis,completed-timestamp,1742264433.0,,cpu-static,1
1217,cganalysis-structure-iter00-000000000010,Job,cganalysis,running,1789,,cpu-static,1
1218,cganalysis-structure-iter00-000000000012,Job,cganalysis,successfulcreate-timestamp,1742263967.0,,cpu-static,1
1219,cganalysis-structure-iter00-000000000012,Job,cganalysis,completed-timestamp,1742265755.0,,cpu-static,1
1220,cganalysis-structure-iter00-000000000012,Job,cganalysis,running,1788,,cpu-static,1
1221,cganalysis-structure-iter00-000000000014,Job,cganalysis,successfulcreate-timestamp,1742263990.0,,cpu-static,1
1222,cganalysis-structure-iter00-000000000014,Job,cganalysis,completed-timestamp,1742265778.0,,cpu-static,1
1223,cganalysis-structure-iter00-000000000014,Job,cganalysis,running,1788,,cpu-static,1
1224,cganalysis-structure-iter00-000000000016,Job,cganalysis,successfulcreate-timestamp,1742264448.0,,cpu-static,1
1225,cganalysis-structure-iter00-000000000016,Job,cganalysis,completed-timestamp,1742266236.0,,cpu-static,1
1226,cganalysis-structure-iter00-000000000016,Job,cganalysis,running,1788,,cpu-static,1
