,experiment,event,duration,global
0,cpu-static,wfmanager_setup,0.029336929321289062,wfmanager_setup
1,cpu-static,wfmanager_run_workflow,6347.938754081726,wfmanager_run_workflow
2,cpu-static,wfmanager_init_scheduling,0.0009009838104248047,wfmanager_init_scheduling
3,cpu-static,wfmanager_init_mlserver,0.019921541213989258,wfmanager_init_mlserver
4,cpu-static,wfmanager_add_new_patches_mlserver_0,2.665743827819824,wfmanager_add_new_patches_mlserver
5,cpu-static,wfmanager_add_new_patches_to_ml_0,2.288818359375e-05,wfmanager_add_new_patches_to_ml
6,cpu-static,wfmanager_add_cgframes_to_ml_0,1.52587890625e-05,wfmanager_add_cgframes_to_ml
7,cpu-static,wfmanager_update_jobs_0,0.3963806629180908,wfmanager_update_jobs
8,cpu-static,wfmanager_add_new_patches_mlserver_1,0.17049336433410645,wfmanager_add_new_patches_mlserver
9,cpu-static,wfmanager_add_new_patches_to_ml_1,1.621246337890625e-05,wfmanager_add_new_patches_to_ml
10,cpu-static,wfmanager_add_cgframes_to_ml_1,2.2172927856445312e-05,wfmanager_add_cgframes_to_ml
11,cpu-static,wfmanager_update_jobs_1,0.5312309265136719,wfmanager_update_jobs
12,cpu-static,wfmanager_add_new_patches_mlserver_2,0.11350560188293457,wfmanager_add_new_patches_mlserver
13,cpu-static,wfmanager_add_new_patches_to_ml_2,1.5497207641601562e-05,wfmanager_add_new_patches_to_ml
14,cpu-static,wfmanager_add_cgframes_to_ml_2,1.8596649169921875e-05,wfmanager_add_cgframes_to_ml
15,cpu-static,wfmanager_update_jobs_2,0.5075523853302002,wfmanager_update_jobs
16,cpu-static,wfmanager_add_new_patches_mlserver_3,0.11458015441894531,wfmanager_add_new_patches_mlserver
17,cpu-static,wfmanager_add_new_patches_to_ml_3,1.4066696166992188e-05,wfmanager_add_new_patches_to_ml
18,cpu-static,wfmanager_add_cgframes_to_ml_3,2.1219253540039062e-05,wfmanager_add_cgframes_to_ml
19,cpu-static,wfmanager_update_jobs_3,0.5054607391357422,wfmanager_update_jobs
20,cpu-static,wfmanager_add_new_patches_mlserver_4,0.21929550170898438,wfmanager_add_new_patches_mlserver
21,cpu-static,wfmanager_add_new_patches_to_ml_4,1.9550323486328125e-05,wfmanager_add_new_patches_to_ml
22,cpu-static,wfmanager_add_cgframes_to_ml_4,1.9788742065429688e-05,wfmanager_add_cgframes_to_ml
23,cpu-static,wfmanager_update_jobs_4,0.5948655605316162,wfmanager_update_jobs
24,cpu-static,wfmanager_add_new_patches_mlserver_5,0.22301435470581055,wfmanager_add_new_patches_mlserver
25,cpu-static,wfmanager_add_new_patches_to_ml_5,4.220008850097656e-05,wfmanager_add_new_patches_to_ml
26,cpu-static,wfmanager_add_cgframes_to_ml_5,9.799003601074219e-05,wfmanager_add_cgframes_to_ml
27,cpu-static,wfmanager_update_jobs_5,0.5930180549621582,wfmanager_update_jobs
28,cpu-static,wfmanager_add_new_patches_mlserver_6,0.15489649772644043,wfmanager_add_new_patches_mlserver
29,cpu-static,wfmanager_add_new_patches_to_ml_6,1.7642974853515625e-05,wfmanager_add_new_patches_to_ml
30,cpu-static,wfmanager_add_cgframes_to_ml_6,6.365776062011719e-05,wfmanager_add_cgframes_to_ml
31,cpu-static,wfmanager_update_jobs_6,0.5124082565307617,wfmanager_update_jobs
32,cpu-static,wfmanager_add_new_patches_mlserver_7,2.5473811626434326,wfmanager_add_new_patches_mlserver
33,cpu-static,wfmanager_add_new_patches_to_ml_7,4.7206878662109375e-05,wfmanager_add_new_patches_to_ml
34,cpu-static,wfmanager_add_cgframes_to_ml_7,2.288818359375e-05,wfmanager_add_cgframes_to_ml
35,cpu-static,wfmanager_update_jobs_7,0.490126371383667,wfmanager_update_jobs
36,cpu-static,wfmanager_add_new_patches_mlserver_8,2.6098501682281494,wfmanager_add_new_patches_mlserver
37,cpu-static,wfmanager_add_new_patches_to_ml_8,1.71661376953125e-05,wfmanager_add_new_patches_to_ml
38,cpu-static,wfmanager_add_cgframes_to_ml_8,1.8596649169921875e-05,wfmanager_add_cgframes_to_ml
39,cpu-static,wfmanager_update_jobs_8,0.5938510894775391,wfmanager_update_jobs
40,cpu-static,wfmanager_add_new_patches_mlserver_9,2.5524113178253174,wfmanager_add_new_patches_mlserver
41,cpu-static,wfmanager_add_new_patches_to_ml_9,1.71661376953125e-05,wfmanager_add_new_patches_to_ml
42,cpu-static,wfmanager_add_cgframes_to_ml_9,9.489059448242188e-05,wfmanager_add_cgframes_to_ml
43,cpu-static,wfmanager_update_jobs_9,0.5586917400360107,wfmanager_update_jobs
44,cpu-static,wfmanager_add_new_patches_mlserver_10,2.588623523712158,wfmanager_add_new_patches_mlserver
45,cpu-static,wfmanager_add_new_patches_to_ml_10,1.52587890625e-05,wfmanager_add_new_patches_to_ml
46,cpu-static,wfmanager_add_cgframes_to_ml_10,1.8358230590820312e-05,wfmanager_add_cgframes_to_ml
47,cpu-static,wfmanager_update_jobs_10,0.5205960273742676,wfmanager_update_jobs
48,cpu-static,wfmanager_add_new_patches_mlserver_11,2.570556402206421,wfmanager_add_new_patches_mlserver
49,cpu-static,wfmanager_add_new_patches_to_ml_11,1.7881393432617188e-05,wfmanager_add_new_patches_to_ml
50,cpu-static,wfmanager_add_cgframes_to_ml_11,4.8160552978515625e-05,wfmanager_add_cgframes_to_ml
51,cpu-static,wfmanager_update_jobs_11,0.5151937007904053,wfmanager_update_jobs
52,cpu-static,wfmanager_add_new_patches_mlserver_12,0.17731857299804688,wfmanager_add_new_patches_mlserver
53,cpu-static,wfmanager_add_new_patches_to_ml_12,1.8835067749023438e-05,wfmanager_add_new_patches_to_ml
54,cpu-static,wfmanager_add_cgframes_to_ml_12,2.09808349609375e-05,wfmanager_add_cgframes_to_ml
55,cpu-static,wfmanager_update_jobs_12,0.4814307689666748,wfmanager_update_jobs
56,cpu-static,wfmanager_add_new_patches_mlserver_13,0.10275721549987793,wfmanager_add_new_patches_mlserver
57,cpu-static,wfmanager_add_new_patches_to_ml_13,1.430511474609375e-05,wfmanager_add_new_patches_to_ml
58,cpu-static,wfmanager_add_cgframes_to_ml_13,2.3603439331054688e-05,wfmanager_add_cgframes_to_ml
59,cpu-static,wfmanager_update_jobs_13,0.5237295627593994,wfmanager_update_jobs
60,cpu-static,wfmanager_add_new_patches_mlserver_14,0.12483620643615723,wfmanager_add_new_patches_mlserver
61,cpu-static,wfmanager_add_new_patches_to_ml_14,1.621246337890625e-05,wfmanager_add_new_patches_to_ml
62,cpu-static,wfmanager_add_cgframes_to_ml_14,2.0503997802734375e-05,wfmanager_add_cgframes_to_ml
63,cpu-static,wfmanager_update_jobs_14,0.5233993530273438,wfmanager_update_jobs
64,cpu-static,wfmanager_add_new_patches_mlserver_15,0.1206827163696289,wfmanager_add_new_patches_mlserver
65,cpu-static,wfmanager_add_new_patches_to_ml_15,1.3113021850585938e-05,wfmanager_add_new_patches_to_ml
66,cpu-static,wfmanager_add_cgframes_to_ml_15,1.7642974853515625e-05,wfmanager_add_cgframes_to_ml
67,cpu-static,wfmanager_update_jobs_15,0.531548261642456,wfmanager_update_jobs
68,cpu-static,wfmanager_add_new_patches_mlserver_16,0.1478588581085205,wfmanager_add_new_patches_mlserver
69,cpu-static,wfmanager_add_new_patches_to_ml_16,1.2636184692382812e-05,wfmanager_add_new_patches_to_ml
70,cpu-static,wfmanager_add_cgframes_to_ml_16,1.7881393432617188e-05,wfmanager_add_cgframes_to_ml
71,cpu-static,wfmanager_update_jobs_16,0.5797419548034668,wfmanager_update_jobs
72,cpu-static,wfmanager_add_new_patches_mlserver_17,0.09905552864074707,wfmanager_add_new_patches_mlserver
73,cpu-static,wfmanager_add_new_patches_to_ml_17,1.3113021850585938e-05,wfmanager_add_new_patches_to_ml
74,cpu-static,wfmanager_add_cgframes_to_ml_17,1.9073486328125e-05,wfmanager_add_cgframes_to_ml
75,cpu-static,wfmanager_update_jobs_17,0.46373629570007324,wfmanager_update_jobs
76,cpu-static,wfmanager_add_new_patches_mlserver_18,0.1596364974975586,wfmanager_add_new_patches_mlserver
77,cpu-static,wfmanager_add_new_patches_to_ml_18,1.4066696166992188e-05,wfmanager_add_new_patches_to_ml
78,cpu-static,wfmanager_add_cgframes_to_ml_18,1.9073486328125e-05,wfmanager_add_cgframes_to_ml
79,cpu-static,wfmanager_update_jobs_18,0.6095983982086182,wfmanager_update_jobs
80,cpu-static,wfmanager_add_new_patches_mlserver_19,0.1058204174041748,wfmanager_add_new_patches_mlserver
81,cpu-static,wfmanager_add_new_patches_to_ml_19,1.5735626220703125e-05,wfmanager_add_new_patches_to_ml
82,cpu-static,wfmanager_add_cgframes_to_ml_19,1.9550323486328125e-05,wfmanager_add_cgframes_to_ml
83,cpu-static,wfmanager_update_jobs_19,0.6149876117706299,wfmanager_update_jobs
84,cpu-static,wfmanager_add_new_patches_mlserver_20,0.12352371215820312,wfmanager_add_new_patches_mlserver
85,cpu-static,wfmanager_add_new_patches_to_ml_20,2.3126602172851562e-05,wfmanager_add_new_patches_to_ml
86,cpu-static,wfmanager_add_cgframes_to_ml_20,1.5974044799804688e-05,wfmanager_add_cgframes_to_ml
87,cpu-static,wfmanager_update_jobs_20,0.5155971050262451,wfmanager_update_jobs
88,cpu-static,wfmanager_add_new_patches_mlserver_21,0.15603876113891602,wfmanager_add_new_patches_mlserver
89,cpu-static,wfmanager_add_new_patches_to_ml_21,1.9073486328125e-05,wfmanager_add_new_patches_to_ml
90,cpu-static,wfmanager_add_cgframes_to_ml_21,5.8650970458984375e-05,wfmanager_add_cgframes_to_ml
91,cpu-static,wfmanager_update_jobs_21,0.529698371887207,wfmanager_update_jobs
92,cpu-static,wfmanager_add_new_patches_mlserver_22,0.09275245666503906,wfmanager_add_new_patches_mlserver
93,cpu-static,wfmanager_add_new_patches_to_ml_22,1.9788742065429688e-05,wfmanager_add_new_patches_to_ml
94,cpu-static,wfmanager_add_cgframes_to_ml_22,4.267692565917969e-05,wfmanager_add_cgframes_to_ml
95,cpu-static,wfmanager_update_jobs_22,0.424391508102417,wfmanager_update_jobs
96,cpu-static,wfmanager_add_new_patches_mlserver_23,0.09015297889709473,wfmanager_add_new_patches_mlserver
97,cpu-static,wfmanager_add_new_patches_to_ml_23,1.7881393432617188e-05,wfmanager_add_new_patches_to_ml
98,cpu-static,wfmanager_add_cgframes_to_ml_23,1.9073486328125e-05,wfmanager_add_cgframes_to_ml
99,cpu-static,wfmanager_update_jobs_23,0.445819616317749,wfmanager_update_jobs
100,cpu-static,wfmanager_add_new_patches_mlserver_24,0.1358203887939453,wfmanager_add_new_patches_mlserver
101,cpu-static,wfmanager_add_new_patches_to_ml_24,1.3828277587890625e-05,wfmanager_add_new_patches_to_ml
102,cpu-static,wfmanager_add_cgframes_to_ml_24,1.9788742065429688e-05,wfmanager_add_cgframes_to_ml
103,cpu-static,wfmanager_update_jobs_24,0.5030989646911621,wfmanager_update_jobs
104,cpu-static,wfmanager_add_new_patches_mlserver_25,0.10103774070739746,wfmanager_add_new_patches_mlserver
105,cpu-static,wfmanager_add_new_patches_to_ml_25,1.3113021850585938e-05,wfmanager_add_new_patches_to_ml
106,cpu-static,wfmanager_add_cgframes_to_ml_25,1.4543533325195312e-05,wfmanager_add_cgframes_to_ml
107,cpu-static,wfmanager_update_jobs_25,0.4949758052825928,wfmanager_update_jobs
108,cpu-static,wfmanager_add_new_patches_mlserver_26,0.17011594772338867,wfmanager_add_new_patches_mlserver
109,cpu-static,wfmanager_add_new_patches_to_ml_26,1.3589859008789062e-05,wfmanager_add_new_patches_to_ml
110,cpu-static,wfmanager_add_cgframes_to_ml_26,1.33514404296875e-05,wfmanager_add_cgframes_to_ml
111,cpu-static,wfmanager_update_jobs_26,0.5634596347808838,wfmanager_update_jobs
112,cpu-static,wfmanager_add_new_patches_mlserver_27,0.11707901954650879,wfmanager_add_new_patches_mlserver
113,cpu-static,wfmanager_add_new_patches_to_ml_27,1.2159347534179688e-05,wfmanager_add_new_patches_to_ml
114,cpu-static,wfmanager_add_cgframes_to_ml_27,1.9311904907226562e-05,wfmanager_add_cgframes_to_ml
115,cpu-static,wfmanager_update_jobs_27,0.6236200332641602,wfmanager_update_jobs
116,cpu-static,wfmanager_add_new_patches_mlserver_28,0.1351313591003418,wfmanager_add_new_patches_mlserver
117,cpu-static,wfmanager_add_new_patches_to_ml_28,1.3589859008789062e-05,wfmanager_add_new_patches_to_ml
118,cpu-static,wfmanager_add_cgframes_to_ml_28,1.5974044799804688e-05,wfmanager_add_cgframes_to_ml
119,cpu-static,wfmanager_update_jobs_28,0.5307211875915527,wfmanager_update_jobs
120,cpu-static,wfmanager_add_new_patches_mlserver_29,0.12263250350952148,wfmanager_add_new_patches_mlserver
121,cpu-static,wfmanager_add_new_patches_to_ml_29,1.3589859008789062e-05,wfmanager_add_new_patches_to_ml
122,cpu-static,wfmanager_add_cgframes_to_ml_29,1.5020370483398438e-05,wfmanager_add_cgframes_to_ml
123,cpu-static,wfmanager_update_jobs_29,0.6718630790710449,wfmanager_update_jobs
124,cpu-static,wfmanager_add_new_patches_mlserver_30,0.10271167755126953,wfmanager_add_new_patches_mlserver
125,cpu-static,wfmanager_add_new_patches_to_ml_30,1.4066696166992188e-05,wfmanager_add_new_patches_to_ml
126,cpu-static,wfmanager_add_cgframes_to_ml_30,1.6450881958007812e-05,wfmanager_add_cgframes_to_ml
127,cpu-static,wfmanager_update_jobs_30,0.43236756324768066,wfmanager_update_jobs
128,cpu-static,wfmanager_add_new_patches_mlserver_31,0.2847602367401123,wfmanager_add_new_patches_mlserver
129,cpu-static,wfmanager_add_new_patches_to_ml_31,1.4066696166992188e-05,wfmanager_add_new_patches_to_ml
130,cpu-static,wfmanager_add_cgframes_to_ml_31,1.8596649169921875e-05,wfmanager_add_cgframes_to_ml
131,cpu-static,wfmanager_update_jobs_31,0.5718832015991211,wfmanager_update_jobs
132,cpu-static,wfmanager_add_new_patches_mlserver_32,0.1327219009399414,wfmanager_add_new_patches_mlserver
133,cpu-static,wfmanager_add_new_patches_to_ml_32,1.239776611328125e-05,wfmanager_add_new_patches_to_ml
134,cpu-static,wfmanager_add_cgframes_to_ml_32,1.3113021850585938e-05,wfmanager_add_cgframes_to_ml
135,cpu-static,wfmanager_update_jobs_32,0.44759583473205566,wfmanager_update_jobs
136,cpu-static,wfmanager_add_new_patches_mlserver_33,0.1899869441986084,wfmanager_add_new_patches_mlserver
137,cpu-static,wfmanager_add_new_patches_to_ml_33,1.430511474609375e-05,wfmanager_add_new_patches_to_ml
138,cpu-static,wfmanager_add_cgframes_to_ml_33,1.9788742065429688e-05,wfmanager_add_cgframes_to_ml
139,cpu-static,wfmanager_update_jobs_33,0.43380188941955566,wfmanager_update_jobs
140,cpu-static,wfmanager_add_new_patches_mlserver_34,0.2154703140258789,wfmanager_add_new_patches_mlserver
141,cpu-static,wfmanager_add_new_patches_to_ml_34,1.3113021850585938e-05,wfmanager_add_new_patches_to_ml
142,cpu-static,wfmanager_add_cgframes_to_ml_34,6.365776062011719e-05,wfmanager_add_cgframes_to_ml
143,cpu-static,wfmanager_update_jobs_34,0.547227144241333,wfmanager_update_jobs
144,cpu-static,wfmanager_add_new_patches_mlserver_35,0.19420838356018066,wfmanager_add_new_patches_mlserver
145,cpu-static,wfmanager_add_new_patches_to_ml_35,1.3113021850585938e-05,wfmanager_add_new_patches_to_ml
146,cpu-static,wfmanager_add_cgframes_to_ml_35,2.002716064453125e-05,wfmanager_add_cgframes_to_ml
147,cpu-static,wfmanager_update_jobs_35,0.47226715087890625,wfmanager_update_jobs
148,cpu-static,wfmanager_add_new_patches_mlserver_36,0.17221808433532715,wfmanager_add_new_patches_mlserver
149,cpu-static,wfmanager_add_new_patches_to_ml_36,1.430511474609375e-05,wfmanager_add_new_patches_to_ml
150,cpu-static,wfmanager_add_cgframes_to_ml_36,1.5974044799804688e-05,wfmanager_add_cgframes_to_ml
151,cpu-static,wfmanager_update_jobs_36,0.9060516357421875,wfmanager_update_jobs
152,cpu-static,wfmanager_add_new_patches_mlserver_37,0.11103510856628418,wfmanager_add_new_patches_mlserver
153,cpu-static,wfmanager_add_new_patches_to_ml_37,1.3113021850585938e-05,wfmanager_add_new_patches_to_ml
154,cpu-static,wfmanager_add_cgframes_to_ml_37,1.7642974853515625e-05,wfmanager_add_cgframes_to_ml
155,cpu-static,wfmanager_update_jobs_37,0.551288366317749,wfmanager_update_jobs
156,cpu-static,wfmanager_add_new_patches_mlserver_38,0.25069189071655273,wfmanager_add_new_patches_mlserver
157,cpu-static,wfmanager_add_new_patches_to_ml_38,1.5497207641601562e-05,wfmanager_add_new_patches_to_ml
158,cpu-static,wfmanager_add_cgframes_to_ml_38,5.1975250244140625e-05,wfmanager_add_cgframes_to_ml
159,cpu-static,wfmanager_update_jobs_38,0.5432093143463135,wfmanager_update_jobs
160,cpu-static,wfmanager_add_new_patches_mlserver_39,0.19366693496704102,wfmanager_add_new_patches_mlserver
161,cpu-static,wfmanager_add_new_patches_to_ml_39,1.5020370483398438e-05,wfmanager_add_new_patches_to_ml
162,cpu-static,wfmanager_add_cgframes_to_ml_39,1.811981201171875e-05,wfmanager_add_cgframes_to_ml
163,cpu-static,wfmanager_update_jobs_39,0.4715585708618164,wfmanager_update_jobs
164,cpu-static,wfmanager_add_new_patches_mlserver_40,0.1684098243713379,wfmanager_add_new_patches_mlserver
165,cpu-static,wfmanager_add_new_patches_to_ml_40,3.910064697265625e-05,wfmanager_add_new_patches_to_ml
166,cpu-static,wfmanager_add_cgframes_to_ml_40,2.002716064453125e-05,wfmanager_add_cgframes_to_ml
167,cpu-static,wfmanager_update_jobs_40,0.640310525894165,wfmanager_update_jobs
168,cpu-static,wfmanager_add_new_patches_mlserver_41,0.1478745937347412,wfmanager_add_new_patches_mlserver
169,cpu-static,wfmanager_add_new_patches_to_ml_41,1.4781951904296875e-05,wfmanager_add_new_patches_to_ml
170,cpu-static,wfmanager_add_cgframes_to_ml_41,2.0742416381835938e-05,wfmanager_add_cgframes_to_ml
171,cpu-static,wfmanager_update_jobs_41,0.6928424835205078,wfmanager_update_jobs
172,cpu-static,wfmanager_add_new_patches_mlserver_42,0.13834881782531738,wfmanager_add_new_patches_mlserver
173,cpu-static,wfmanager_add_new_patches_to_ml_42,1.5497207641601562e-05,wfmanager_add_new_patches_to_ml
174,cpu-static,wfmanager_add_cgframes_to_ml_42,2.193450927734375e-05,wfmanager_add_cgframes_to_ml
175,cpu-static,wfmanager_update_jobs_42,0.5117156505584717,wfmanager_update_jobs
176,cpu-static,wfmanager_add_new_patches_mlserver_43,0.08939051628112793,wfmanager_add_new_patches_mlserver
177,cpu-static,wfmanager_add_new_patches_to_ml_43,1.4781951904296875e-05,wfmanager_add_new_patches_to_ml
178,cpu-static,wfmanager_add_cgframes_to_ml_43,1.6927719116210938e-05,wfmanager_add_cgframes_to_ml
179,cpu-static,wfmanager_update_jobs_43,0.41576695442199707,wfmanager_update_jobs
180,cpu-static,wfmanager_add_new_patches_mlserver_44,0.1171121597290039,wfmanager_add_new_patches_mlserver
181,cpu-static,wfmanager_add_new_patches_to_ml_44,1.621246337890625e-05,wfmanager_add_new_patches_to_ml
182,cpu-static,wfmanager_add_cgframes_to_ml_44,1.7881393432617188e-05,wfmanager_add_cgframes_to_ml
183,cpu-static,wfmanager_update_jobs_44,0.5192394256591797,wfmanager_update_jobs
184,cpu-static,wfmanager_add_new_patches_mlserver_45,0.17198681831359863,wfmanager_add_new_patches_mlserver
185,cpu-static,wfmanager_add_new_patches_to_ml_45,1.4543533325195312e-05,wfmanager_add_new_patches_to_ml
186,cpu-static,wfmanager_add_cgframes_to_ml_45,1.9550323486328125e-05,wfmanager_add_cgframes_to_ml
187,cpu-static,wfmanager_update_jobs_45,0.5215506553649902,wfmanager_update_jobs
188,cpu-static,wfmanager_add_new_patches_mlserver_46,0.15099859237670898,wfmanager_add_new_patches_mlserver
189,cpu-static,wfmanager_add_new_patches_to_ml_46,1.52587890625e-05,wfmanager_add_new_patches_to_ml
190,cpu-static,wfmanager_add_cgframes_to_ml_46,2.0265579223632812e-05,wfmanager_add_cgframes_to_ml
191,cpu-static,wfmanager_update_jobs_46,0.4431183338165283,wfmanager_update_jobs
192,cpu-static,wfmanager_add_new_patches_mlserver_47,0.3513813018798828,wfmanager_add_new_patches_mlserver
193,cpu-static,wfmanager_add_new_patches_to_ml_47,1.3828277587890625e-05,wfmanager_add_new_patches_to_ml
194,cpu-static,wfmanager_add_cgframes_to_ml_47,2.2411346435546875e-05,wfmanager_add_cgframes_to_ml
195,cpu-static,wfmanager_update_jobs_47,0.5094833374023438,wfmanager_update_jobs
196,cpu-static,wfmanager_add_new_patches_mlserver_48,0.13758015632629395,wfmanager_add_new_patches_mlserver
197,cpu-static,wfmanager_add_new_patches_to_ml_48,1.4781951904296875e-05,wfmanager_add_new_patches_to_ml
198,cpu-static,wfmanager_add_cgframes_to_ml_48,2.5033950805664062e-05,wfmanager_add_cgframes_to_ml
199,cpu-static,wfmanager_update_jobs_48,0.5872669219970703,wfmanager_update_jobs
200,cpu-static,wfmanager_add_new_patches_mlserver_49,0.09534525871276855,wfmanager_add_new_patches_mlserver
201,cpu-static,wfmanager_add_new_patches_to_ml_49,1.4066696166992188e-05,wfmanager_add_new_patches_to_ml
202,cpu-static,wfmanager_add_cgframes_to_ml_49,2.0742416381835938e-05,wfmanager_add_cgframes_to_ml
203,cpu-static,wfmanager_update_jobs_49,0.4256250858306885,wfmanager_update_jobs
204,cpu-static,wfmanager_add_new_patches_mlserver_50,0.17235612869262695,wfmanager_add_new_patches_mlserver
205,cpu-static,wfmanager_add_new_patches_to_ml_50,1.621246337890625e-05,wfmanager_add_new_patches_to_ml
206,cpu-static,wfmanager_add_cgframes_to_ml_50,1.5974044799804688e-05,wfmanager_add_cgframes_to_ml
207,cpu-static,wfmanager_update_jobs_50,0.49022579193115234,wfmanager_update_jobs
208,cpu-static,wfmanager_add_new_patches_mlserver_51,0.1663045883178711,wfmanager_add_new_patches_mlserver
209,cpu-static,wfmanager_add_new_patches_to_ml_51,1.33514404296875e-05,wfmanager_add_new_patches_to_ml
210,cpu-static,wfmanager_add_cgframes_to_ml_51,1.5974044799804688e-05,wfmanager_add_cgframes_to_ml
211,cpu-static,wfmanager_update_jobs_51,0.6715970039367676,wfmanager_update_jobs
212,cpu-static,wfmanager_add_new_patches_mlserver_52,0.11344027519226074,wfmanager_add_new_patches_mlserver
213,cpu-static,wfmanager_add_new_patches_to_ml_52,1.4066696166992188e-05,wfmanager_add_new_patches_to_ml
214,cpu-static,wfmanager_add_cgframes_to_ml_52,4.291534423828125e-05,wfmanager_add_cgframes_to_ml
215,cpu-static,wfmanager_update_jobs_52,0.5474975109100342,wfmanager_update_jobs
216,cpu-static,wfmanager_add_new_patches_mlserver_53,0.12043094635009766,wfmanager_add_new_patches_mlserver
217,cpu-static,wfmanager_add_new_patches_to_ml_53,1.71661376953125e-05,wfmanager_add_new_patches_to_ml
218,cpu-static,wfmanager_add_cgframes_to_ml_53,1.71661376953125e-05,wfmanager_add_cgframes_to_ml
219,cpu-static,wfmanager_update_jobs_53,0.5604071617126465,wfmanager_update_jobs
220,cpu-static,wfmanager_add_new_patches_mlserver_54,0.1186068058013916,wfmanager_add_new_patches_mlserver
221,cpu-static,wfmanager_add_new_patches_to_ml_54,1.4066696166992188e-05,wfmanager_add_new_patches_to_ml
222,cpu-static,wfmanager_add_cgframes_to_ml_54,1.8835067749023438e-05,wfmanager_add_cgframes_to_ml
223,cpu-static,wfmanager_update_jobs_54,0.430173397064209,wfmanager_update_jobs
224,cpu-static,wfmanager_add_new_patches_mlserver_55,0.11772704124450684,wfmanager_add_new_patches_mlserver
225,cpu-static,wfmanager_add_new_patches_to_ml_55,1.2159347534179688e-05,wfmanager_add_new_patches_to_ml
226,cpu-static,wfmanager_add_cgframes_to_ml_55,4.172325134277344e-05,wfmanager_add_cgframes_to_ml
227,cpu-static,wfmanager_update_jobs_55,0.44020771980285645,wfmanager_update_jobs
228,cpu-static,wfmanager_add_new_patches_mlserver_56,0.09390592575073242,wfmanager_add_new_patches_mlserver
229,cpu-static,wfmanager_add_new_patches_to_ml_56,1.430511474609375e-05,wfmanager_add_new_patches_to_ml
230,cpu-static,wfmanager_add_cgframes_to_ml_56,2.1219253540039062e-05,wfmanager_add_cgframes_to_ml
231,cpu-static,wfmanager_update_jobs_56,0.470001220703125,wfmanager_update_jobs
232,cpu-static,wfmanager_add_new_patches_mlserver_57,0.14710497856140137,wfmanager_add_new_patches_mlserver
233,cpu-static,wfmanager_add_new_patches_to_ml_57,1.6450881958007812e-05,wfmanager_add_new_patches_to_ml
234,cpu-static,wfmanager_add_cgframes_to_ml_57,1.71661376953125e-05,wfmanager_add_cgframes_to_ml
235,cpu-static,wfmanager_update_jobs_57,0.6150345802307129,wfmanager_update_jobs
236,cpu-static,wfmanager_add_new_patches_mlserver_58,0.10791659355163574,wfmanager_add_new_patches_mlserver
237,cpu-static,wfmanager_add_new_patches_to_ml_58,1.3113021850585938e-05,wfmanager_add_new_patches_to_ml
238,cpu-static,wfmanager_add_cgframes_to_ml_58,1.5497207641601562e-05,wfmanager_add_cgframes_to_ml
239,cpu-static,wfmanager_update_jobs_58,0.4669661521911621,wfmanager_update_jobs
240,cpu-static,wfmanager_add_new_patches_mlserver_59,0.18111777305603027,wfmanager_add_new_patches_mlserver
241,cpu-static,wfmanager_add_new_patches_to_ml_59,1.4543533325195312e-05,wfmanager_add_new_patches_to_ml
242,cpu-static,wfmanager_add_cgframes_to_ml_59,1.71661376953125e-05,wfmanager_add_cgframes_to_ml
243,cpu-static,wfmanager_update_jobs_59,0.5116279125213623,wfmanager_update_jobs
244,cpu-static,wfmanager_add_new_patches_mlserver_60,0.11617326736450195,wfmanager_add_new_patches_mlserver
245,cpu-static,wfmanager_add_new_patches_to_ml_60,1.4543533325195312e-05,wfmanager_add_new_patches_to_ml
246,cpu-static,wfmanager_add_cgframes_to_ml_60,1.7404556274414062e-05,wfmanager_add_cgframes_to_ml
247,cpu-static,wfmanager_update_jobs_60,0.49959301948547363,wfmanager_update_jobs
248,cpu-static,wfmanager_add_new_patches_mlserver_61,0.18061304092407227,wfmanager_add_new_patches_mlserver
249,cpu-static,wfmanager_add_new_patches_to_ml_61,1.5974044799804688e-05,wfmanager_add_new_patches_to_ml
250,cpu-static,wfmanager_add_cgframes_to_ml_61,0.00010085105895996094,wfmanager_add_cgframes_to_ml
251,cpu-static,wfmanager_update_jobs_61,0.8213927745819092,wfmanager_update_jobs
252,cpu-static,wfmanager_add_new_patches_mlserver_62,0.11198019981384277,wfmanager_add_new_patches_mlserver
253,cpu-static,wfmanager_add_new_patches_to_ml_62,1.3589859008789062e-05,wfmanager_add_new_patches_to_ml
254,cpu-static,wfmanager_add_cgframes_to_ml_62,2.1696090698242188e-05,wfmanager_add_cgframes_to_ml
255,cpu-static,wfmanager_update_jobs_62,0.6126527786254883,wfmanager_update_jobs
256,cpu-static,wfmanager_add_new_patches_mlserver_63,0.12285041809082031,wfmanager_add_new_patches_mlserver
257,cpu-static,wfmanager_add_new_patches_to_ml_63,3.266334533691406e-05,wfmanager_add_new_patches_to_ml
258,cpu-static,wfmanager_add_cgframes_to_ml_63,2.0742416381835938e-05,wfmanager_add_cgframes_to_ml
259,cpu-static,wfmanager_update_jobs_63,0.5195155143737793,wfmanager_update_jobs
260,cpu-static,wfmanager_add_new_patches_mlserver_64,0.15117120742797852,wfmanager_add_new_patches_mlserver
261,cpu-static,wfmanager_add_new_patches_to_ml_64,1.2874603271484375e-05,wfmanager_add_new_patches_to_ml
262,cpu-static,wfmanager_add_cgframes_to_ml_64,3.9577484130859375e-05,wfmanager_add_cgframes_to_ml
263,cpu-static,wfmanager_update_jobs_64,0.5513584613800049,wfmanager_update_jobs
264,cpu-static,wfmanager_add_new_patches_mlserver_65,0.07802724838256836,wfmanager_add_new_patches_mlserver
265,cpu-static,wfmanager_add_new_patches_to_ml_65,1.430511474609375e-05,wfmanager_add_new_patches_to_ml
266,cpu-static,wfmanager_add_cgframes_to_ml_65,1.4781951904296875e-05,wfmanager_add_cgframes_to_ml
267,cpu-static,wfmanager_update_jobs_65,0.37193727493286133,wfmanager_update_jobs
268,cpu-static,wfmanager_add_new_patches_mlserver_66,0.14670348167419434,wfmanager_add_new_patches_mlserver
269,cpu-static,wfmanager_add_new_patches_to_ml_66,5.054473876953125e-05,wfmanager_add_new_patches_to_ml
270,cpu-static,wfmanager_add_cgframes_to_ml_66,2.2411346435546875e-05,wfmanager_add_cgframes_to_ml
271,cpu-static,wfmanager_update_jobs_66,0.4658653736114502,wfmanager_update_jobs
272,cpu-static,wfmanager_add_new_patches_mlserver_67,0.13456368446350098,wfmanager_add_new_patches_mlserver
273,cpu-static,wfmanager_add_new_patches_to_ml_67,1.4066696166992188e-05,wfmanager_add_new_patches_to_ml
274,cpu-static,wfmanager_add_cgframes_to_ml_67,1.9550323486328125e-05,wfmanager_add_cgframes_to_ml
275,cpu-static,wfmanager_update_jobs_67,0.5279242992401123,wfmanager_update_jobs
276,cpu-static,wfmanager_add_new_patches_mlserver_68,0.14330029487609863,wfmanager_add_new_patches_mlserver
277,cpu-static,wfmanager_add_new_patches_to_ml_68,1.5020370483398438e-05,wfmanager_add_new_patches_to_ml
278,cpu-static,wfmanager_add_cgframes_to_ml_68,1.3828277587890625e-05,wfmanager_add_cgframes_to_ml
279,cpu-static,wfmanager_update_jobs_68,0.5493438243865967,wfmanager_update_jobs
280,cpu-static,wfmanager_add_new_patches_mlserver_69,0.17804193496704102,wfmanager_add_new_patches_mlserver
281,cpu-static,wfmanager_add_new_patches_to_ml_69,1.3113021850585938e-05,wfmanager_add_new_patches_to_ml
282,cpu-static,wfmanager_add_cgframes_to_ml_69,2.0265579223632812e-05,wfmanager_add_cgframes_to_ml
283,cpu-static,wfmanager_update_jobs_69,0.5192399024963379,wfmanager_update_jobs
284,cpu-static,wfmanager_add_new_patches_mlserver_70,0.16556835174560547,wfmanager_add_new_patches_mlserver
285,cpu-static,wfmanager_add_new_patches_to_ml_70,1.4543533325195312e-05,wfmanager_add_new_patches_to_ml
286,cpu-static,wfmanager_add_cgframes_to_ml_70,2.1219253540039062e-05,wfmanager_add_cgframes_to_ml
287,cpu-static,wfmanager_update_jobs_70,0.5623095035552979,wfmanager_update_jobs
288,cpu-static,wfmanager_add_new_patches_mlserver_71,0.08041644096374512,wfmanager_add_new_patches_mlserver
289,cpu-static,wfmanager_add_new_patches_to_ml_71,1.52587890625e-05,wfmanager_add_new_patches_to_ml
290,cpu-static,wfmanager_add_cgframes_to_ml_71,6.628036499023438e-05,wfmanager_add_cgframes_to_ml
291,cpu-static,wfmanager_update_jobs_71,0.3855311870574951,wfmanager_update_jobs
292,cpu-static,wfmanager_add_new_patches_mlserver_72,0.09482979774475098,wfmanager_add_new_patches_mlserver
293,cpu-static,wfmanager_add_new_patches_to_ml_72,1.3828277587890625e-05,wfmanager_add_new_patches_to_ml
294,cpu-static,wfmanager_add_cgframes_to_ml_72,1.6450881958007812e-05,wfmanager_add_cgframes_to_ml
295,cpu-static,wfmanager_update_jobs_72,0.526423454284668,wfmanager_update_jobs
296,cpu-static,wfmanager_add_new_patches_mlserver_73,0.09840583801269531,wfmanager_add_new_patches_mlserver
297,cpu-static,wfmanager_add_new_patches_to_ml_73,1.52587890625e-05,wfmanager_add_new_patches_to_ml
298,cpu-static,wfmanager_add_cgframes_to_ml_73,1.9788742065429688e-05,wfmanager_add_cgframes_to_ml
299,cpu-static,wfmanager_update_jobs_73,0.562239408493042,wfmanager_update_jobs
300,cpu-static,wfmanager_add_new_patches_mlserver_74,0.12310576438903809,wfmanager_add_new_patches_mlserver
301,cpu-static,wfmanager_add_new_patches_to_ml_74,1.430511474609375e-05,wfmanager_add_new_patches_to_ml
302,cpu-static,wfmanager_add_cgframes_to_ml_74,1.9311904907226562e-05,wfmanager_add_cgframes_to_ml
303,cpu-static,wfmanager_update_jobs_74,0.5311136245727539,wfmanager_update_jobs
304,cpu-static,wfmanager_add_new_patches_mlserver_75,0.12929940223693848,wfmanager_add_new_patches_mlserver
305,cpu-static,wfmanager_add_new_patches_to_ml_75,2.09808349609375e-05,wfmanager_add_new_patches_to_ml
306,cpu-static,wfmanager_add_cgframes_to_ml_75,2.002716064453125e-05,wfmanager_add_cgframes_to_ml
307,cpu-static,wfmanager_update_jobs_75,0.5129036903381348,wfmanager_update_jobs
308,cpu-static,wfmanager_add_new_patches_mlserver_76,0.08374500274658203,wfmanager_add_new_patches_mlserver
309,cpu-static,wfmanager_add_new_patches_to_ml_76,1.33514404296875e-05,wfmanager_add_new_patches_to_ml
310,cpu-static,wfmanager_add_cgframes_to_ml_76,1.9073486328125e-05,wfmanager_add_cgframes_to_ml
311,cpu-static,wfmanager_update_jobs_76,0.4542958736419678,wfmanager_update_jobs
312,cpu-static,wfmanager_add_new_patches_mlserver_77,0.11256194114685059,wfmanager_add_new_patches_mlserver
313,cpu-static,wfmanager_add_new_patches_to_ml_77,1.0013580322265625e-05,wfmanager_add_new_patches_to_ml
314,cpu-static,wfmanager_add_cgframes_to_ml_77,1.3589859008789062e-05,wfmanager_add_cgframes_to_ml
315,cpu-static,wfmanager_update_jobs_77,0.517531156539917,wfmanager_update_jobs
316,cpu-static,wfmanager_add_new_patches_mlserver_78,4.316728115081787,wfmanager_add_new_patches_mlserver
317,cpu-static,wfmanager_add_new_patches_to_ml_78,1.9788742065429688e-05,wfmanager_add_new_patches_to_ml
318,cpu-static,wfmanager_add_cgframes_to_ml_78,1.5497207641601562e-05,wfmanager_add_cgframes_to_ml
319,cpu-static,wfmanager_update_jobs_78,0.5663232803344727,wfmanager_update_jobs
320,cpu-static,wfmanager_add_new_patches_mlserver_79,0.10810470581054688,wfmanager_add_new_patches_mlserver
321,cpu-static,wfmanager_add_new_patches_to_ml_79,1.5735626220703125e-05,wfmanager_add_new_patches_to_ml
322,cpu-static,wfmanager_add_cgframes_to_ml_79,1.4066696166992188e-05,wfmanager_add_cgframes_to_ml
323,cpu-static,wfmanager_update_jobs_79,0.7584125995635986,wfmanager_update_jobs
324,cpu-static,wfmanager_add_new_patches_mlserver_80,0.09880685806274414,wfmanager_add_new_patches_mlserver
325,cpu-static,wfmanager_add_new_patches_to_ml_80,1.9788742065429688e-05,wfmanager_add_new_patches_to_ml
326,cpu-static,wfmanager_add_cgframes_to_ml_80,1.4781951904296875e-05,wfmanager_add_cgframes_to_ml
327,cpu-static,wfmanager_update_jobs_80,0.627070426940918,wfmanager_update_jobs
328,cpu-static,wfmanager_add_new_patches_mlserver_81,0.08997821807861328,wfmanager_add_new_patches_mlserver
329,cpu-static,wfmanager_add_new_patches_to_ml_81,1.4543533325195312e-05,wfmanager_add_new_patches_to_ml
330,cpu-static,wfmanager_add_cgframes_to_ml_81,1.430511474609375e-05,wfmanager_add_cgframes_to_ml
331,cpu-static,wfmanager_update_jobs_81,0.5478017330169678,wfmanager_update_jobs
332,cpu-static,wfmanager_add_new_patches_mlserver_82,0.09381818771362305,wfmanager_add_new_patches_mlserver
333,cpu-static,wfmanager_add_new_patches_to_ml_82,1.5735626220703125e-05,wfmanager_add_new_patches_to_ml
334,cpu-static,wfmanager_add_cgframes_to_ml_82,1.3828277587890625e-05,wfmanager_add_cgframes_to_ml
335,cpu-static,wfmanager_update_jobs_82,0.5643560886383057,wfmanager_update_jobs
336,cpu-static,wfmanager_add_new_patches_mlserver_83,0.09107565879821777,wfmanager_add_new_patches_mlserver
337,cpu-static,wfmanager_add_new_patches_to_ml_83,1.5497207641601562e-05,wfmanager_add_new_patches_to_ml
338,cpu-static,wfmanager_add_cgframes_to_ml_83,1.3589859008789062e-05,wfmanager_add_cgframes_to_ml
339,cpu-static,wfmanager_update_jobs_83,0.5294466018676758,wfmanager_update_jobs
340,cpu-static,wfmanager_add_new_patches_mlserver_84,0.12943220138549805,wfmanager_add_new_patches_mlserver
341,cpu-static,wfmanager_add_new_patches_to_ml_84,3.886222839355469e-05,wfmanager_add_new_patches_to_ml
342,cpu-static,wfmanager_add_cgframes_to_ml_84,1.4066696166992188e-05,wfmanager_add_cgframes_to_ml
343,cpu-static,wfmanager_update_jobs_84,0.7664060592651367,wfmanager_update_jobs
344,cpu-static,wfmanager_add_new_patches_mlserver_85,0.15643763542175293,wfmanager_add_new_patches_mlserver
345,cpu-static,wfmanager_add_new_patches_to_ml_85,3.457069396972656e-05,wfmanager_add_new_patches_to_ml
346,cpu-static,wfmanager_add_cgframes_to_ml_85,1.811981201171875e-05,wfmanager_add_cgframes_to_ml
347,cpu-static,wfmanager_update_jobs_85,0.8966915607452393,wfmanager_update_jobs
348,cpu-static,wfmanager_add_new_patches_mlserver_86,0.15738153457641602,wfmanager_add_new_patches_mlserver
349,cpu-static,wfmanager_add_new_patches_to_ml_86,1.3113021850585938e-05,wfmanager_add_new_patches_to_ml
350,cpu-static,wfmanager_add_cgframes_to_ml_86,2.6941299438476562e-05,wfmanager_add_cgframes_to_ml
351,cpu-static,wfmanager_update_jobs_86,1.0808405876159668,wfmanager_update_jobs
352,cpu-static,wfmanager_add_new_patches_mlserver_87,0.21806025505065918,wfmanager_add_new_patches_mlserver
353,cpu-static,wfmanager_add_new_patches_to_ml_87,2.09808349609375e-05,wfmanager_add_new_patches_to_ml
354,cpu-static,wfmanager_add_cgframes_to_ml_87,1.621246337890625e-05,wfmanager_add_cgframes_to_ml
355,cpu-static,wfmanager_update_jobs_87,1.0113441944122314,wfmanager_update_jobs
356,cpu-static,wfmanager_add_new_patches_mlserver_88,0.14862632751464844,wfmanager_add_new_patches_mlserver
357,cpu-static,wfmanager_add_new_patches_to_ml_88,4.744529724121094e-05,wfmanager_add_new_patches_to_ml
358,cpu-static,wfmanager_add_cgframes_to_ml_88,1.621246337890625e-05,wfmanager_add_cgframes_to_ml
359,cpu-static,wfmanager_update_jobs_88,0.7934010028839111,wfmanager_update_jobs
360,cpu-static,wfmanager_add_new_patches_mlserver_89,0.18500137329101562,wfmanager_add_new_patches_mlserver
361,cpu-static,wfmanager_add_new_patches_to_ml_89,1.8596649169921875e-05,wfmanager_add_new_patches_to_ml
362,cpu-static,wfmanager_add_cgframes_to_ml_89,4.2438507080078125e-05,wfmanager_add_cgframes_to_ml
363,cpu-static,wfmanager_update_jobs_89,0.8363966941833496,wfmanager_update_jobs
364,cpu-static,wfmanager_add_new_patches_mlserver_90,0.24155807495117188,wfmanager_add_new_patches_mlserver
365,cpu-static,wfmanager_add_new_patches_to_ml_90,1.33514404296875e-05,wfmanager_add_new_patches_to_ml
366,cpu-static,wfmanager_add_cgframes_to_ml_90,0.00011658668518066406,wfmanager_add_cgframes_to_ml
367,cpu-static,wfmanager_update_jobs_90,0.9680404663085938,wfmanager_update_jobs
368,cpu-static,wfmanager_add_new_patches_mlserver_91,0.185072660446167,wfmanager_add_new_patches_mlserver
369,cpu-static,wfmanager_add_new_patches_to_ml_91,1.4066696166992188e-05,wfmanager_add_new_patches_to_ml
370,cpu-static,wfmanager_add_cgframes_to_ml_91,1.5497207641601562e-05,wfmanager_add_cgframes_to_ml
371,cpu-static,wfmanager_update_jobs_91,0.8234696388244629,wfmanager_update_jobs
372,cpu-static,wfmanager_add_new_patches_mlserver_92,2.7519896030426025,wfmanager_add_new_patches_mlserver
373,cpu-static,wfmanager_add_new_patches_to_ml_92,1.7404556274414062e-05,wfmanager_add_new_patches_to_ml
374,cpu-static,wfmanager_add_cgframes_to_ml_92,2.2411346435546875e-05,wfmanager_add_cgframes_to_ml
375,cpu-static,wfmanager_update_jobs_92,0.9861588478088379,wfmanager_update_jobs
376,cpu-static,wfmanager_add_new_patches_mlserver_93,0.1610422134399414,wfmanager_add_new_patches_mlserver
377,cpu-static,wfmanager_add_new_patches_to_ml_93,1.5735626220703125e-05,wfmanager_add_new_patches_to_ml
378,cpu-static,wfmanager_add_cgframes_to_ml_93,2.002716064453125e-05,wfmanager_add_cgframes_to_ml
379,cpu-static,wfmanager_update_jobs_93,0.9368898868560791,wfmanager_update_jobs
380,cpu-static,wfmanager_add_new_patches_mlserver_94,0.16019153594970703,wfmanager_add_new_patches_mlserver
381,cpu-static,wfmanager_add_new_patches_to_ml_94,1.4781951904296875e-05,wfmanager_add_new_patches_to_ml
382,cpu-static,wfmanager_add_cgframes_to_ml_94,1.8596649169921875e-05,wfmanager_add_cgframes_to_ml
383,cpu-static,wfmanager_update_jobs_94,1.3652374744415283,wfmanager_update_jobs
384,cpu-static,wfmanager_add_new_patches_mlserver_95,0.16423749923706055,wfmanager_add_new_patches_mlserver
385,cpu-static,wfmanager_add_new_patches_to_ml_95,2.2172927856445312e-05,wfmanager_add_new_patches_to_ml
386,cpu-static,wfmanager_add_cgframes_to_ml_95,2.5987625122070312e-05,wfmanager_add_cgframes_to_ml
387,cpu-static,wfmanager_update_jobs_95,1.112349033355713,wfmanager_update_jobs
388,cpu-static,wfmanager_add_new_patches_mlserver_96,0.19990062713623047,wfmanager_add_new_patches_mlserver
389,cpu-static,wfmanager_add_new_patches_to_ml_96,4.1961669921875e-05,wfmanager_add_new_patches_to_ml
390,cpu-static,wfmanager_add_cgframes_to_ml_96,4.458427429199219e-05,wfmanager_add_cgframes_to_ml
391,cpu-static,wfmanager_update_jobs_96,1.2270138263702393,wfmanager_update_jobs
392,cpu-static,wfmanager_add_new_patches_mlserver_97,0.22679901123046875,wfmanager_add_new_patches_mlserver
393,cpu-static,wfmanager_add_new_patches_to_ml_97,1.5497207641601562e-05,wfmanager_add_new_patches_to_ml
394,cpu-static,wfmanager_add_cgframes_to_ml_97,1.8835067749023438e-05,wfmanager_add_cgframes_to_ml
395,cpu-static,wfmanager_update_jobs_97,0.9109797477722168,wfmanager_update_jobs
396,cpu-static,wfmanager_add_new_patches_mlserver_98,0.15008020401000977,wfmanager_add_new_patches_mlserver
397,cpu-static,wfmanager_add_new_patches_to_ml_98,1.52587890625e-05,wfmanager_add_new_patches_to_ml
398,cpu-static,wfmanager_add_cgframes_to_ml_98,2.0742416381835938e-05,wfmanager_add_cgframes_to_ml
399,cpu-static,wfmanager_update_jobs_98,0.898505687713623,wfmanager_update_jobs
400,cpu-static,wfmanager_add_new_patches_mlserver_99,0.15483570098876953,wfmanager_add_new_patches_mlserver
401,cpu-static,wfmanager_add_new_patches_to_ml_99,1.621246337890625e-05,wfmanager_add_new_patches_to_ml
402,cpu-static,wfmanager_add_cgframes_to_ml_99,1.9788742065429688e-05,wfmanager_add_cgframes_to_ml
403,cpu-static,wfmanager_update_jobs_99,1.0018579959869385,wfmanager_update_jobs
404,cpu-static,wfmanager_add_new_patches_mlserver_100,0.2563033103942871,wfmanager_add_new_patches_mlserver
405,cpu-static,wfmanager_add_new_patches_to_ml_100,1.621246337890625e-05,wfmanager_add_new_patches_to_ml
406,cpu-static,wfmanager_add_cgframes_to_ml_100,1.9788742065429688e-05,wfmanager_add_cgframes_to_ml
407,cpu-static,wfmanager_update_jobs_100,0.9036176204681396,wfmanager_update_jobs
408,cpu-static,wfmanager_add_new_patches_mlserver_101,0.2628743648529053,wfmanager_add_new_patches_mlserver
409,cpu-static,wfmanager_add_new_patches_to_ml_101,1.5497207641601562e-05,wfmanager_add_new_patches_to_ml
410,cpu-static,wfmanager_add_cgframes_to_ml_101,1.9311904907226562e-05,wfmanager_add_cgframes_to_ml
411,cpu-static,wfmanager_update_jobs_101,1.0589685440063477,wfmanager_update_jobs
412,cpu-static,wfmanager_add_new_patches_mlserver_102,0.23746204376220703,wfmanager_add_new_patches_mlserver
413,cpu-static,wfmanager_add_new_patches_to_ml_102,1.3113021850585938e-05,wfmanager_add_new_patches_to_ml
414,cpu-static,wfmanager_add_cgframes_to_ml_102,4.220008850097656e-05,wfmanager_add_cgframes_to_ml
415,cpu-static,wfmanager_update_jobs_102,1.2747254371643066,wfmanager_update_jobs
416,cpu-static,wfmanager_add_new_patches_mlserver_103,0.15448260307312012,wfmanager_add_new_patches_mlserver
417,cpu-static,wfmanager_add_new_patches_to_ml_103,1.8835067749023438e-05,wfmanager_add_new_patches_to_ml
418,cpu-static,wfmanager_add_cgframes_to_ml_103,2.1696090698242188e-05,wfmanager_add_cgframes_to_ml
419,cpu-static,wfmanager_update_jobs_103,1.0415525436401367,wfmanager_update_jobs
420,cpu-static,wfmanager_add_new_patches_mlserver_104,0.24546575546264648,wfmanager_add_new_patches_mlserver
421,cpu-static,wfmanager_add_new_patches_to_ml_104,1.430511474609375e-05,wfmanager_add_new_patches_to_ml
422,cpu-static,wfmanager_add_cgframes_to_ml_104,1.6927719116210938e-05,wfmanager_add_cgframes_to_ml
423,cpu-static,wfmanager_update_jobs_104,1.055717945098877,wfmanager_update_jobs
424,cpu-static,wfmanager_add_new_patches_mlserver_105,0.15088987350463867,wfmanager_add_new_patches_mlserver
425,cpu-static,wfmanager_add_new_patches_to_ml_105,1.4066696166992188e-05,wfmanager_add_new_patches_to_ml
426,cpu-static,wfmanager_add_cgframes_to_ml_105,1.9073486328125e-05,wfmanager_add_cgframes_to_ml
427,cpu-static,wfmanager_update_jobs_105,1.1440448760986328,wfmanager_update_jobs
428,cpu-static,wfmanager_add_new_patches_mlserver_106,0.11418771743774414,wfmanager_add_new_patches_mlserver
429,cpu-static,wfmanager_add_new_patches_to_ml_106,1.2636184692382812e-05,wfmanager_add_new_patches_to_ml
430,cpu-static,wfmanager_add_cgframes_to_ml_106,1.5735626220703125e-05,wfmanager_add_cgframes_to_ml
431,cpu-static,wfmanager_update_jobs_106,0.8715653419494629,wfmanager_update_jobs
432,cpu-static,wfmanager_add_new_patches_mlserver_107,0.13961172103881836,wfmanager_add_new_patches_mlserver
433,cpu-static,wfmanager_add_new_patches_to_ml_107,2.4557113647460938e-05,wfmanager_add_new_patches_to_ml
434,cpu-static,wfmanager_add_cgframes_to_ml_107,1.8835067749023438e-05,wfmanager_add_cgframes_to_ml
435,cpu-static,wfmanager_update_jobs_107,0.7939391136169434,wfmanager_update_jobs
436,cpu-static,wfmanager_add_new_patches_mlserver_108,0.15331006050109863,wfmanager_add_new_patches_mlserver
437,cpu-static,wfmanager_add_new_patches_to_ml_108,1.3113021850585938e-05,wfmanager_add_new_patches_to_ml
438,cpu-static,wfmanager_add_cgframes_to_ml_108,4.9114227294921875e-05,wfmanager_add_cgframes_to_ml
439,cpu-static,wfmanager_update_jobs_108,1.008554220199585,wfmanager_update_jobs
440,cpu-static,wfmanager_add_new_patches_mlserver_109,0.21743178367614746,wfmanager_add_new_patches_mlserver
441,cpu-static,wfmanager_add_new_patches_to_ml_109,1.5974044799804688e-05,wfmanager_add_new_patches_to_ml
442,cpu-static,wfmanager_add_cgframes_to_ml_109,1.9550323486328125e-05,wfmanager_add_cgframes_to_ml
443,cpu-static,wfmanager_update_jobs_109,1.3090734481811523,wfmanager_update_jobs
444,cpu-static,wfmanager_add_new_patches_mlserver_110,0.14528512954711914,wfmanager_add_new_patches_mlserver
445,cpu-static,wfmanager_add_new_patches_to_ml_110,1.52587890625e-05,wfmanager_add_new_patches_to_ml
446,cpu-static,wfmanager_add_cgframes_to_ml_110,4.5299530029296875e-05,wfmanager_add_cgframes_to_ml
447,cpu-static,wfmanager_update_jobs_110,1.0542199611663818,wfmanager_update_jobs
448,cpu-static,wfmanager_add_new_patches_mlserver_111,0.1586320400238037,wfmanager_add_new_patches_mlserver
449,cpu-static,wfmanager_add_new_patches_to_ml_111,1.4066696166992188e-05,wfmanager_add_new_patches_to_ml
450,cpu-static,wfmanager_add_cgframes_to_ml_111,2.0503997802734375e-05,wfmanager_add_cgframes_to_ml
451,cpu-static,wfmanager_update_jobs_111,0.9812467098236084,wfmanager_update_jobs
452,cpu-static,wfmanager_add_new_patches_mlserver_112,0.16563105583190918,wfmanager_add_new_patches_mlserver
453,cpu-static,wfmanager_add_new_patches_to_ml_112,1.5020370483398438e-05,wfmanager_add_new_patches_to_ml
454,cpu-static,wfmanager_add_cgframes_to_ml_112,1.9550323486328125e-05,wfmanager_add_cgframes_to_ml
455,cpu-static,wfmanager_update_jobs_112,0.9823637008666992,wfmanager_update_jobs
456,cpu-static,wfmanager_add_new_patches_mlserver_113,0.20535945892333984,wfmanager_add_new_patches_mlserver
457,cpu-static,wfmanager_add_new_patches_to_ml_113,3.8623809814453125e-05,wfmanager_add_new_patches_to_ml
458,cpu-static,wfmanager_add_cgframes_to_ml_113,2.0503997802734375e-05,wfmanager_add_cgframes_to_ml
459,cpu-static,wfmanager_update_jobs_113,1.2694017887115479,wfmanager_update_jobs
460,cpu-static,wfmanager_add_new_patches_mlserver_114,0.15434527397155762,wfmanager_add_new_patches_mlserver
461,cpu-static,wfmanager_add_new_patches_to_ml_114,1.5497207641601562e-05,wfmanager_add_new_patches_to_ml
462,cpu-static,wfmanager_add_cgframes_to_ml_114,1.8835067749023438e-05,wfmanager_add_cgframes_to_ml
463,cpu-static,wfmanager_update_jobs_114,0.9189069271087646,wfmanager_update_jobs
464,cpu-static,wfmanager_add_new_patches_mlserver_115,0.13006281852722168,wfmanager_add_new_patches_mlserver
465,cpu-static,wfmanager_add_new_patches_to_ml_115,1.2874603271484375e-05,wfmanager_add_new_patches_to_ml
466,cpu-static,wfmanager_add_cgframes_to_ml_115,1.8596649169921875e-05,wfmanager_add_cgframes_to_ml
467,cpu-static,wfmanager_update_jobs_115,1.038926124572754,wfmanager_update_jobs
468,cpu-static,wfmanager_add_new_patches_mlserver_116,0.10613870620727539,wfmanager_add_new_patches_mlserver
469,cpu-static,wfmanager_add_new_patches_to_ml_116,1.4781951904296875e-05,wfmanager_add_new_patches_to_ml
470,cpu-static,wfmanager_add_cgframes_to_ml_116,2.5272369384765625e-05,wfmanager_add_cgframes_to_ml
471,cpu-static,wfmanager_update_jobs_116,1.1399750709533691,wfmanager_update_jobs
472,cpu-static,wfmanager_add_new_patches_mlserver_117,0.2649102210998535,wfmanager_add_new_patches_mlserver
473,cpu-static,wfmanager_add_new_patches_to_ml_117,1.430511474609375e-05,wfmanager_add_new_patches_to_ml
474,cpu-static,wfmanager_add_cgframes_to_ml_117,1.8358230590820312e-05,wfmanager_add_cgframes_to_ml
475,cpu-static,wfmanager_update_jobs_117,1.5222127437591553,wfmanager_update_jobs
476,cpu-static,wfmanager_add_new_patches_mlserver_118,0.18716859817504883,wfmanager_add_new_patches_mlserver
477,cpu-static,wfmanager_add_new_patches_to_ml_118,2.7179718017578125e-05,wfmanager_add_new_patches_to_ml
478,cpu-static,wfmanager_add_cgframes_to_ml_118,5.626678466796875e-05,wfmanager_add_cgframes_to_ml
479,cpu-static,wfmanager_update_jobs_118,1.174879789352417,wfmanager_update_jobs
480,cpu-static,wfmanager_add_new_patches_mlserver_119,0.19184660911560059,wfmanager_add_new_patches_mlserver
481,cpu-static,wfmanager_add_new_patches_to_ml_119,1.5735626220703125e-05,wfmanager_add_new_patches_to_ml
482,cpu-static,wfmanager_add_cgframes_to_ml_119,3.933906555175781e-05,wfmanager_add_cgframes_to_ml
483,cpu-static,wfmanager_update_jobs_119,0.8687641620635986,wfmanager_update_jobs
484,cpu-static,wfmanager_add_new_patches_mlserver_120,0.16362380981445312,wfmanager_add_new_patches_mlserver
485,cpu-static,wfmanager_add_new_patches_to_ml_120,1.5497207641601562e-05,wfmanager_add_new_patches_to_ml
486,cpu-static,wfmanager_add_cgframes_to_ml_120,1.811981201171875e-05,wfmanager_add_cgframes_to_ml
487,cpu-static,wfmanager_update_jobs_120,1.0561718940734863,wfmanager_update_jobs
488,cpu-static,wfmanager_add_new_patches_mlserver_121,0.14448285102844238,wfmanager_add_new_patches_mlserver
489,cpu-static,wfmanager_add_new_patches_to_ml_121,1.4781951904296875e-05,wfmanager_add_new_patches_to_ml
490,cpu-static,wfmanager_add_cgframes_to_ml_121,5.340576171875e-05,wfmanager_add_cgframes_to_ml
491,cpu-static,wfmanager_update_jobs_121,0.8777930736541748,wfmanager_update_jobs
492,cpu-static,wfmanager_add_new_patches_mlserver_122,0.2200467586517334,wfmanager_add_new_patches_mlserver
493,cpu-static,wfmanager_add_new_patches_to_ml_122,2.002716064453125e-05,wfmanager_add_new_patches_to_ml
494,cpu-static,wfmanager_add_cgframes_to_ml_122,2.0503997802734375e-05,wfmanager_add_cgframes_to_ml
495,cpu-static,wfmanager_update_jobs_122,0.8637726306915283,wfmanager_update_jobs
496,cpu-static,wfmanager_add_new_patches_mlserver_123,0.12317633628845215,wfmanager_add_new_patches_mlserver
497,cpu-static,wfmanager_add_new_patches_to_ml_123,2.2411346435546875e-05,wfmanager_add_new_patches_to_ml
498,cpu-static,wfmanager_add_cgframes_to_ml_123,1.4543533325195312e-05,wfmanager_add_cgframes_to_ml
499,cpu-static,wfmanager_update_jobs_123,0.907461404800415,wfmanager_update_jobs
500,cpu-static,wfmanager_add_new_patches_mlserver_124,0.23192262649536133,wfmanager_add_new_patches_mlserver
501,cpu-static,wfmanager_add_new_patches_to_ml_124,1.5974044799804688e-05,wfmanager_add_new_patches_to_ml
502,cpu-static,wfmanager_add_cgframes_to_ml_124,1.7404556274414062e-05,wfmanager_add_cgframes_to_ml
503,cpu-static,wfmanager_update_jobs_124,1.5232102870941162,wfmanager_update_jobs
504,cpu-static,wfmanager_add_new_patches_mlserver_125,0.1757199764251709,wfmanager_add_new_patches_mlserver
505,cpu-static,wfmanager_add_new_patches_to_ml_125,2.3603439331054688e-05,wfmanager_add_new_patches_to_ml
506,cpu-static,wfmanager_add_cgframes_to_ml_125,1.811981201171875e-05,wfmanager_add_cgframes_to_ml
507,cpu-static,wfmanager_update_jobs_125,1.1778223514556885,wfmanager_update_jobs
508,cpu-static,wfmanager_add_new_patches_mlserver_126,0.2043294906616211,wfmanager_add_new_patches_mlserver
509,cpu-static,wfmanager_add_new_patches_to_ml_126,1.621246337890625e-05,wfmanager_add_new_patches_to_ml
510,cpu-static,wfmanager_add_cgframes_to_ml_126,2.09808349609375e-05,wfmanager_add_cgframes_to_ml
511,cpu-static,wfmanager_update_jobs_126,1.0266461372375488,wfmanager_update_jobs
512,cpu-static,wfmanager_add_new_patches_mlserver_127,0.12686610221862793,wfmanager_add_new_patches_mlserver
513,cpu-static,wfmanager_add_new_patches_to_ml_127,1.33514404296875e-05,wfmanager_add_new_patches_to_ml
514,cpu-static,wfmanager_add_cgframes_to_ml_127,2.0742416381835938e-05,wfmanager_add_cgframes_to_ml
515,cpu-static,wfmanager_update_jobs_127,1.2635135650634766,wfmanager_update_jobs
516,cpu-static,wfmanager_add_new_patches_mlserver_128,0.15590143203735352,wfmanager_add_new_patches_mlserver
517,cpu-static,wfmanager_add_new_patches_to_ml_128,1.4543533325195312e-05,wfmanager_add_new_patches_to_ml
518,cpu-static,wfmanager_add_cgframes_to_ml_128,1.7881393432617188e-05,wfmanager_add_cgframes_to_ml
519,cpu-static,wfmanager_update_jobs_128,1.054809331893921,wfmanager_update_jobs
520,cpu-static,wfmanager_add_new_patches_mlserver_129,0.1612861156463623,wfmanager_add_new_patches_mlserver
521,cpu-static,wfmanager_add_new_patches_to_ml_129,3.123283386230469e-05,wfmanager_add_new_patches_to_ml
522,cpu-static,wfmanager_add_cgframes_to_ml_129,2.86102294921875e-05,wfmanager_add_cgframes_to_ml
523,cpu-static,wfmanager_update_jobs_129,1.0768547058105469,wfmanager_update_jobs
524,cpu-static,wfmanager_add_new_patches_mlserver_130,0.12424945831298828,wfmanager_add_new_patches_mlserver
525,cpu-static,wfmanager_add_new_patches_to_ml_130,1.430511474609375e-05,wfmanager_add_new_patches_to_ml
526,cpu-static,wfmanager_add_cgframes_to_ml_130,2.002716064453125e-05,wfmanager_add_cgframes_to_ml
527,cpu-static,wfmanager_update_jobs_130,0.9981439113616943,wfmanager_update_jobs
528,cpu-static,wfmanager_add_new_patches_mlserver_131,0.12788724899291992,wfmanager_add_new_patches_mlserver
529,cpu-static,wfmanager_add_new_patches_to_ml_131,1.430511474609375e-05,wfmanager_add_new_patches_to_ml
530,cpu-static,wfmanager_add_cgframes_to_ml_131,2.2649765014648438e-05,wfmanager_add_cgframes_to_ml
531,cpu-static,wfmanager_update_jobs_131,0.8928823471069336,wfmanager_update_jobs
532,cpu-static,wfmanager_add_new_patches_mlserver_132,0.15218496322631836,wfmanager_add_new_patches_mlserver
533,cpu-static,wfmanager_add_new_patches_to_ml_132,2.288818359375e-05,wfmanager_add_new_patches_to_ml
534,cpu-static,wfmanager_add_cgframes_to_ml_132,2.002716064453125e-05,wfmanager_add_cgframes_to_ml
535,cpu-static,wfmanager_update_jobs_132,0.9956908226013184,wfmanager_update_jobs
536,cpu-static,wfmanager_add_new_patches_mlserver_133,0.157090425491333,wfmanager_add_new_patches_mlserver
537,cpu-static,wfmanager_add_new_patches_to_ml_133,1.4066696166992188e-05,wfmanager_add_new_patches_to_ml
538,cpu-static,wfmanager_add_cgframes_to_ml_133,1.7881393432617188e-05,wfmanager_add_cgframes_to_ml
539,cpu-static,wfmanager_update_jobs_133,0.9733259677886963,wfmanager_update_jobs
540,cpu-static,wfmanager_add_new_patches_mlserver_134,0.2522766590118408,wfmanager_add_new_patches_mlserver
541,cpu-static,wfmanager_add_new_patches_to_ml_134,1.5974044799804688e-05,wfmanager_add_new_patches_to_ml
542,cpu-static,wfmanager_add_cgframes_to_ml_134,2.2649765014648438e-05,wfmanager_add_cgframes_to_ml
543,cpu-static,wfmanager_update_jobs_134,1.3636906147003174,wfmanager_update_jobs
544,cpu-static,wfmanager_add_new_patches_mlserver_135,0.21987247467041016,wfmanager_add_new_patches_mlserver
545,cpu-static,wfmanager_add_new_patches_to_ml_135,1.6450881958007812e-05,wfmanager_add_new_patches_to_ml
546,cpu-static,wfmanager_add_cgframes_to_ml_135,1.9788742065429688e-05,wfmanager_add_cgframes_to_ml
547,cpu-static,wfmanager_update_jobs_135,0.8828747272491455,wfmanager_update_jobs
548,cpu-static,wfmanager_add_new_patches_mlserver_136,0.15154576301574707,wfmanager_add_new_patches_mlserver
549,cpu-static,wfmanager_add_new_patches_to_ml_136,1.5020370483398438e-05,wfmanager_add_new_patches_to_ml
550,cpu-static,wfmanager_add_cgframes_to_ml_136,1.6927719116210938e-05,wfmanager_add_cgframes_to_ml
551,cpu-static,wfmanager_update_jobs_136,0.9870681762695312,wfmanager_update_jobs
552,cpu-static,wfmanager_add_new_patches_mlserver_137,0.13168025016784668,wfmanager_add_new_patches_mlserver
553,cpu-static,wfmanager_add_new_patches_to_ml_137,1.3828277587890625e-05,wfmanager_add_new_patches_to_ml
554,cpu-static,wfmanager_add_cgframes_to_ml_137,7.486343383789062e-05,wfmanager_add_cgframes_to_ml
555,cpu-static,wfmanager_update_jobs_137,1.2704269886016846,wfmanager_update_jobs
556,cpu-static,wfmanager_add_new_patches_mlserver_138,0.17333197593688965,wfmanager_add_new_patches_mlserver
557,cpu-static,wfmanager_add_new_patches_to_ml_138,1.4543533325195312e-05,wfmanager_add_new_patches_to_ml
558,cpu-static,wfmanager_add_cgframes_to_ml_138,1.8835067749023438e-05,wfmanager_add_cgframes_to_ml
559,cpu-static,wfmanager_update_jobs_138,1.1182405948638916,wfmanager_update_jobs
560,cpu-static,wfmanager_add_new_patches_mlserver_139,0.10898423194885254,wfmanager_add_new_patches_mlserver
561,cpu-static,wfmanager_add_new_patches_to_ml_139,4.00543212890625e-05,wfmanager_add_new_patches_to_ml
562,cpu-static,wfmanager_add_cgframes_to_ml_139,1.9550323486328125e-05,wfmanager_add_cgframes_to_ml
563,cpu-static,wfmanager_update_jobs_139,0.802506685256958,wfmanager_update_jobs
564,cpu-static,wfmanager_add_new_patches_mlserver_140,0.14510393142700195,wfmanager_add_new_patches_mlserver
565,cpu-static,wfmanager_add_new_patches_to_ml_140,1.4066696166992188e-05,wfmanager_add_new_patches_to_ml
566,cpu-static,wfmanager_add_cgframes_to_ml_140,4.76837158203125e-05,wfmanager_add_cgframes_to_ml
567,cpu-static,wfmanager_update_jobs_140,1.1572773456573486,wfmanager_update_jobs
568,cpu-static,wfmanager_add_new_patches_mlserver_141,0.29450440406799316,wfmanager_add_new_patches_mlserver
569,cpu-static,wfmanager_add_new_patches_to_ml_141,1.3589859008789062e-05,wfmanager_add_new_patches_to_ml
570,cpu-static,wfmanager_add_cgframes_to_ml_141,1.6927719116210938e-05,wfmanager_add_cgframes_to_ml
571,cpu-static,wfmanager_update_jobs_141,1.487877368927002,wfmanager_update_jobs
572,cpu-static,wfmanager_add_new_patches_mlserver_142,0.15209722518920898,wfmanager_add_new_patches_mlserver
573,cpu-static,wfmanager_add_new_patches_to_ml_142,1.430511474609375e-05,wfmanager_add_new_patches_to_ml
574,cpu-static,wfmanager_add_cgframes_to_ml_142,4.649162292480469e-05,wfmanager_add_cgframes_to_ml
575,cpu-static,wfmanager_update_jobs_142,1.0616540908813477,wfmanager_update_jobs
576,cpu-static,wfmanager_add_new_patches_mlserver_143,0.1448836326599121,wfmanager_add_new_patches_mlserver
577,cpu-static,wfmanager_add_new_patches_to_ml_143,1.3113021850585938e-05,wfmanager_add_new_patches_to_ml
578,cpu-static,wfmanager_add_cgframes_to_ml_143,1.8596649169921875e-05,wfmanager_add_cgframes_to_ml
579,cpu-static,wfmanager_update_jobs_143,0.9314205646514893,wfmanager_update_jobs
580,cpu-static,wfmanager_add_new_patches_mlserver_144,0.1496901512145996,wfmanager_add_new_patches_mlserver
581,cpu-static,wfmanager_add_new_patches_to_ml_144,1.430511474609375e-05,wfmanager_add_new_patches_to_ml
582,cpu-static,wfmanager_add_cgframes_to_ml_144,1.52587890625e-05,wfmanager_add_cgframes_to_ml
583,cpu-static,wfmanager_update_jobs_144,1.2210197448730469,wfmanager_update_jobs
584,cpu-static,wfmanager_add_new_patches_mlserver_145,0.20950603485107422,wfmanager_add_new_patches_mlserver
585,cpu-static,wfmanager_add_new_patches_to_ml_145,1.4066696166992188e-05,wfmanager_add_new_patches_to_ml
586,cpu-static,wfmanager_add_cgframes_to_ml_145,2.47955322265625e-05,wfmanager_add_cgframes_to_ml
587,cpu-static,wfmanager_update_jobs_145,0.9208834171295166,wfmanager_update_jobs
588,cpu-static,wfmanager_add_new_patches_mlserver_146,0.16199779510498047,wfmanager_add_new_patches_mlserver
589,cpu-static,wfmanager_add_new_patches_to_ml_146,1.430511474609375e-05,wfmanager_add_new_patches_to_ml
590,cpu-static,wfmanager_add_cgframes_to_ml_146,4.57763671875e-05,wfmanager_add_cgframes_to_ml
591,cpu-static,wfmanager_update_jobs_146,0.9997677803039551,wfmanager_update_jobs
592,cpu-static,wfmanager_add_new_patches_mlserver_147,0.1768479347229004,wfmanager_add_new_patches_mlserver
593,cpu-static,wfmanager_add_new_patches_to_ml_147,2.4318695068359375e-05,wfmanager_add_new_patches_to_ml
594,cpu-static,wfmanager_add_cgframes_to_ml_147,2.1457672119140625e-05,wfmanager_add_cgframes_to_ml
595,cpu-static,wfmanager_update_jobs_147,0.9870591163635254,wfmanager_update_jobs
596,cpu-static,wfmanager_add_new_patches_mlserver_148,0.2800467014312744,wfmanager_add_new_patches_mlserver
597,cpu-static,wfmanager_add_new_patches_to_ml_148,3.5762786865234375e-05,wfmanager_add_new_patches_to_ml
598,cpu-static,wfmanager_add_cgframes_to_ml_148,1.9550323486328125e-05,wfmanager_add_cgframes_to_ml
599,cpu-static,wfmanager_update_jobs_148,0.9564633369445801,wfmanager_update_jobs
600,cpu-static,wfmanager_add_new_patches_mlserver_149,0.1324625015258789,wfmanager_add_new_patches_mlserver
601,cpu-static,wfmanager_add_new_patches_to_ml_149,1.33514404296875e-05,wfmanager_add_new_patches_to_ml
602,cpu-static,wfmanager_add_cgframes_to_ml_149,3.7670135498046875e-05,wfmanager_add_cgframes_to_ml
603,cpu-static,wfmanager_update_jobs_149,0.9110651016235352,wfmanager_update_jobs
604,cpu-static,wfmanager_add_new_patches_mlserver_150,0.18272733688354492,wfmanager_add_new_patches_mlserver
605,cpu-static,wfmanager_add_new_patches_to_ml_150,1.6689300537109375e-05,wfmanager_add_new_patches_to_ml
606,cpu-static,wfmanager_add_cgframes_to_ml_150,2.0742416381835938e-05,wfmanager_add_cgframes_to_ml
607,cpu-static,wfmanager_update_jobs_150,0.9893007278442383,wfmanager_update_jobs
608,cpu-static,wfmanager_add_new_patches_mlserver_151,0.1789228916168213,wfmanager_add_new_patches_mlserver
609,cpu-static,wfmanager_add_new_patches_to_ml_151,1.4543533325195312e-05,wfmanager_add_new_patches_to_ml
610,cpu-static,wfmanager_add_cgframes_to_ml_151,1.7881393432617188e-05,wfmanager_add_cgframes_to_ml
611,cpu-static,wfmanager_update_jobs_151,1.0799040794372559,wfmanager_update_jobs
612,cpu-static,wfmanager_add_new_patches_mlserver_152,0.14835834503173828,wfmanager_add_new_patches_mlserver
613,cpu-static,wfmanager_add_new_patches_to_ml_152,1.5497207641601562e-05,wfmanager_add_new_patches_to_ml
614,cpu-static,wfmanager_add_cgframes_to_ml_152,5.6743621826171875e-05,wfmanager_add_cgframes_to_ml
615,cpu-static,wfmanager_update_jobs_152,0.9514725208282471,wfmanager_update_jobs
616,cpu-static,wfmanager_add_new_patches_mlserver_153,0.2160170078277588,wfmanager_add_new_patches_mlserver
617,cpu-static,wfmanager_add_new_patches_to_ml_153,1.8835067749023438e-05,wfmanager_add_new_patches_to_ml
618,cpu-static,wfmanager_add_cgframes_to_ml_153,4.6253204345703125e-05,wfmanager_add_cgframes_to_ml
619,cpu-static,wfmanager_update_jobs_153,1.0142154693603516,wfmanager_update_jobs
620,cpu-static,wfmanager_add_new_patches_mlserver_154,0.23760294914245605,wfmanager_add_new_patches_mlserver
621,cpu-static,wfmanager_add_new_patches_to_ml_154,1.4543533325195312e-05,wfmanager_add_new_patches_to_ml
622,cpu-static,wfmanager_add_cgframes_to_ml_154,1.8596649169921875e-05,wfmanager_add_cgframes_to_ml
623,cpu-static,wfmanager_update_jobs_154,1.086651086807251,wfmanager_update_jobs
624,cpu-static,wfmanager_add_new_patches_mlserver_155,0.1450209617614746,wfmanager_add_new_patches_mlserver
625,cpu-static,wfmanager_add_new_patches_to_ml_155,1.6927719116210938e-05,wfmanager_add_new_patches_to_ml
626,cpu-static,wfmanager_add_cgframes_to_ml_155,1.9550323486328125e-05,wfmanager_add_cgframes_to_ml
627,cpu-static,wfmanager_update_jobs_155,1.1449353694915771,wfmanager_update_jobs
628,cpu-static,wfmanager_add_new_patches_mlserver_156,0.17229318618774414,wfmanager_add_new_patches_mlserver
629,cpu-static,wfmanager_add_new_patches_to_ml_156,1.5974044799804688e-05,wfmanager_add_new_patches_to_ml
630,cpu-static,wfmanager_add_cgframes_to_ml_156,1.8596649169921875e-05,wfmanager_add_cgframes_to_ml
631,cpu-static,wfmanager_update_jobs_156,1.2846498489379883,wfmanager_update_jobs
632,cpu-static,wfmanager_add_new_patches_mlserver_157,0.2299637794494629,wfmanager_add_new_patches_mlserver
633,cpu-static,wfmanager_add_new_patches_to_ml_157,2.47955322265625e-05,wfmanager_add_new_patches_to_ml
634,cpu-static,wfmanager_add_cgframes_to_ml_157,2.1457672119140625e-05,wfmanager_add_cgframes_to_ml
635,cpu-static,wfmanager_update_jobs_157,1.4441959857940674,wfmanager_update_jobs
636,cpu-static,wfmanager_add_new_patches_mlserver_158,0.23389267921447754,wfmanager_add_new_patches_mlserver
637,cpu-static,wfmanager_add_new_patches_to_ml_158,1.71661376953125e-05,wfmanager_add_new_patches_to_ml
638,cpu-static,wfmanager_add_cgframes_to_ml_158,1.6689300537109375e-05,wfmanager_add_cgframes_to_ml
639,cpu-static,wfmanager_update_jobs_158,0.9894042015075684,wfmanager_update_jobs
640,cpu-static,wfmanager_add_new_patches_mlserver_159,0.2868530750274658,wfmanager_add_new_patches_mlserver
641,cpu-static,wfmanager_add_new_patches_to_ml_159,1.3589859008789062e-05,wfmanager_add_new_patches_to_ml
642,cpu-static,wfmanager_add_cgframes_to_ml_159,1.8596649169921875e-05,wfmanager_add_cgframes_to_ml
643,cpu-static,wfmanager_update_jobs_159,1.0689425468444824,wfmanager_update_jobs
644,cpu-static,wfmanager_add_new_patches_mlserver_160,0.2080526351928711,wfmanager_add_new_patches_mlserver
645,cpu-static,wfmanager_add_new_patches_to_ml_160,1.6927719116210938e-05,wfmanager_add_new_patches_to_ml
646,cpu-static,wfmanager_add_cgframes_to_ml_160,1.7404556274414062e-05,wfmanager_add_cgframes_to_ml
647,cpu-static,wfmanager_update_jobs_160,1.1521575450897217,wfmanager_update_jobs
648,cpu-static,wfmanager_add_new_patches_mlserver_161,5.223786354064941,wfmanager_add_new_patches_mlserver
649,cpu-static,wfmanager_add_new_patches_to_ml_161,1.7642974853515625e-05,wfmanager_add_new_patches_to_ml
650,cpu-static,wfmanager_add_cgframes_to_ml_161,4.2438507080078125e-05,wfmanager_add_cgframes_to_ml
651,cpu-static,wfmanager_update_jobs_161,1.1422419548034668,wfmanager_update_jobs
652,cpu-static,wfmanager_add_new_patches_mlserver_162,0.15874385833740234,wfmanager_add_new_patches_mlserver
653,cpu-static,wfmanager_add_new_patches_to_ml_162,1.4543533325195312e-05,wfmanager_add_new_patches_to_ml
654,cpu-static,wfmanager_add_cgframes_to_ml_162,1.9788742065429688e-05,wfmanager_add_cgframes_to_ml
655,cpu-static,wfmanager_update_jobs_162,1.1356759071350098,wfmanager_update_jobs
656,cpu-static,wfmanager_add_new_patches_mlserver_163,0.14174270629882812,wfmanager_add_new_patches_mlserver
657,cpu-static,wfmanager_add_new_patches_to_ml_163,1.430511474609375e-05,wfmanager_add_new_patches_to_ml
658,cpu-static,wfmanager_add_cgframes_to_ml_163,2.0503997802734375e-05,wfmanager_add_cgframes_to_ml
659,cpu-static,wfmanager_update_jobs_163,1.0119354724884033,wfmanager_update_jobs
660,cpu-static,wfmanager_add_new_patches_mlserver_164,0.18328642845153809,wfmanager_add_new_patches_mlserver
661,cpu-static,wfmanager_add_new_patches_to_ml_164,1.7404556274414062e-05,wfmanager_add_new_patches_to_ml
662,cpu-static,wfmanager_add_cgframes_to_ml_164,2.47955322265625e-05,wfmanager_add_cgframes_to_ml
663,cpu-static,wfmanager_update_jobs_164,1.0372328758239746,wfmanager_update_jobs
664,cpu-static,wfmanager_add_new_patches_mlserver_165,0.1640021800994873,wfmanager_add_new_patches_mlserver
665,cpu-static,wfmanager_add_new_patches_to_ml_165,1.71661376953125e-05,wfmanager_add_new_patches_to_ml
666,cpu-static,wfmanager_add_cgframes_to_ml_165,2.09808349609375e-05,wfmanager_add_cgframes_to_ml
667,cpu-static,wfmanager_update_jobs_165,1.0352954864501953,wfmanager_update_jobs
668,cpu-static,wfmanager_add_new_patches_mlserver_166,0.2944004535675049,wfmanager_add_new_patches_mlserver
669,cpu-static,wfmanager_add_new_patches_to_ml_166,1.5735626220703125e-05,wfmanager_add_new_patches_to_ml
670,cpu-static,wfmanager_add_cgframes_to_ml_166,2.0503997802734375e-05,wfmanager_add_cgframes_to_ml
671,cpu-static,wfmanager_update_jobs_166,0.9197309017181396,wfmanager_update_jobs
672,cpu-static,wfmanager_add_new_patches_mlserver_167,0.29023313522338867,wfmanager_add_new_patches_mlserver
673,cpu-static,wfmanager_add_new_patches_to_ml_167,1.71661376953125e-05,wfmanager_add_new_patches_to_ml
674,cpu-static,wfmanager_add_cgframes_to_ml_167,2.193450927734375e-05,wfmanager_add_cgframes_to_ml
675,cpu-static,wfmanager_update_jobs_167,0.9069559574127197,wfmanager_update_jobs
676,cpu-static,wfmanager_add_new_patches_mlserver_168,2.639655113220215,wfmanager_add_new_patches_mlserver
677,cpu-static,wfmanager_add_new_patches_to_ml_168,4.38690185546875e-05,wfmanager_add_new_patches_to_ml
678,cpu-static,wfmanager_add_cgframes_to_ml_168,3.361701965332031e-05,wfmanager_add_cgframes_to_ml
679,cpu-static,wfmanager_update_jobs_168,1.345371961593628,wfmanager_update_jobs
680,cpu-static,wfmanager_add_new_patches_mlserver_169,0.2610487937927246,wfmanager_add_new_patches_mlserver
681,cpu-static,wfmanager_add_new_patches_to_ml_169,1.4543533325195312e-05,wfmanager_add_new_patches_to_ml
682,cpu-static,wfmanager_add_cgframes_to_ml_169,2.1696090698242188e-05,wfmanager_add_cgframes_to_ml
683,cpu-static,wfmanager_update_jobs_169,1.2912640571594238,wfmanager_update_jobs
684,cpu-static,wfmanager_add_new_patches_mlserver_170,0.18133974075317383,wfmanager_add_new_patches_mlserver
685,cpu-static,wfmanager_add_new_patches_to_ml_170,1.6689300537109375e-05,wfmanager_add_new_patches_to_ml
686,cpu-static,wfmanager_add_cgframes_to_ml_170,5.412101745605469e-05,wfmanager_add_cgframes_to_ml
687,cpu-static,wfmanager_update_jobs_170,1.054215908050537,wfmanager_update_jobs
688,cpu-static,wfmanager_add_new_patches_mlserver_171,0.31369876861572266,wfmanager_add_new_patches_mlserver
689,cpu-static,wfmanager_add_new_patches_to_ml_171,1.4781951904296875e-05,wfmanager_add_new_patches_to_ml
690,cpu-static,wfmanager_add_cgframes_to_ml_171,1.9550323486328125e-05,wfmanager_add_cgframes_to_ml
691,cpu-static,wfmanager_update_jobs_171,1.322324275970459,wfmanager_update_jobs
692,cpu-static,wfmanager_add_new_patches_mlserver_172,0.228407621383667,wfmanager_add_new_patches_mlserver
693,cpu-static,wfmanager_add_new_patches_to_ml_172,1.5735626220703125e-05,wfmanager_add_new_patches_to_ml
694,cpu-static,wfmanager_add_cgframes_to_ml_172,3.814697265625e-05,wfmanager_add_cgframes_to_ml
695,cpu-static,wfmanager_update_jobs_172,1.2981486320495605,wfmanager_update_jobs
696,cpu-static,wfmanager_add_new_patches_mlserver_173,0.31003713607788086,wfmanager_add_new_patches_mlserver
697,cpu-static,wfmanager_add_new_patches_to_ml_173,1.52587890625e-05,wfmanager_add_new_patches_to_ml
698,cpu-static,wfmanager_add_cgframes_to_ml_173,2.0265579223632812e-05,wfmanager_add_cgframes_to_ml
699,cpu-static,wfmanager_update_jobs_173,0.8935670852661133,wfmanager_update_jobs
700,cpu-static,wfmanager_add_new_patches_mlserver_174,0.15895819664001465,wfmanager_add_new_patches_mlserver
701,cpu-static,wfmanager_add_new_patches_to_ml_174,1.5497207641601562e-05,wfmanager_add_new_patches_to_ml
702,cpu-static,wfmanager_add_cgframes_to_ml_174,4.696846008300781e-05,wfmanager_add_cgframes_to_ml
703,cpu-static,wfmanager_update_jobs_174,1.0972533226013184,wfmanager_update_jobs
704,cpu-static,wfmanager_add_new_patches_mlserver_175,0.36219143867492676,wfmanager_add_new_patches_mlserver
705,cpu-static,wfmanager_add_new_patches_to_ml_175,1.5497207641601562e-05,wfmanager_add_new_patches_to_ml
706,cpu-static,wfmanager_add_cgframes_to_ml_175,1.9788742065429688e-05,wfmanager_add_cgframes_to_ml
707,cpu-static,wfmanager_update_jobs_175,1.154982089996338,wfmanager_update_jobs
708,cpu-static,wfmanager_add_new_patches_mlserver_176,0.31940793991088867,wfmanager_add_new_patches_mlserver
709,cpu-static,wfmanager_add_new_patches_to_ml_176,1.4066696166992188e-05,wfmanager_add_new_patches_to_ml
710,cpu-static,wfmanager_add_cgframes_to_ml_176,1.9550323486328125e-05,wfmanager_add_cgframes_to_ml
711,cpu-static,wfmanager_update_jobs_176,1.2963390350341797,wfmanager_update_jobs
712,cpu-static,wfmanager_add_new_patches_mlserver_177,0.22383999824523926,wfmanager_add_new_patches_mlserver
713,cpu-static,wfmanager_add_new_patches_to_ml_177,2.5987625122070312e-05,wfmanager_add_new_patches_to_ml
714,cpu-static,wfmanager_add_cgframes_to_ml_177,1.9788742065429688e-05,wfmanager_add_cgframes_to_ml
715,cpu-static,wfmanager_update_jobs_177,0.9398684501647949,wfmanager_update_jobs
716,cpu-static,wfmanager_add_new_patches_mlserver_178,0.16827034950256348,wfmanager_add_new_patches_mlserver
717,cpu-static,wfmanager_add_new_patches_to_ml_178,1.3589859008789062e-05,wfmanager_add_new_patches_to_ml
718,cpu-static,wfmanager_add_cgframes_to_ml_178,2.2172927856445312e-05,wfmanager_add_cgframes_to_ml
719,cpu-static,wfmanager_update_jobs_178,0.9819447994232178,wfmanager_update_jobs
720,cpu-static,wfmanager_add_new_patches_mlserver_179,0.2486591339111328,wfmanager_add_new_patches_mlserver
721,cpu-static,wfmanager_add_new_patches_to_ml_179,1.3828277587890625e-05,wfmanager_add_new_patches_to_ml
722,cpu-static,wfmanager_add_cgframes_to_ml_179,1.9073486328125e-05,wfmanager_add_cgframes_to_ml
723,cpu-static,wfmanager_update_jobs_179,1.029996395111084,wfmanager_update_jobs
724,cpu-static,wfmanager_add_new_patches_mlserver_180,0.1877305507659912,wfmanager_add_new_patches_mlserver
725,cpu-static,wfmanager_add_new_patches_to_ml_180,1.4781951904296875e-05,wfmanager_add_new_patches_to_ml
726,cpu-static,wfmanager_add_cgframes_to_ml_180,6.437301635742188e-05,wfmanager_add_cgframes_to_ml
727,cpu-static,wfmanager_update_jobs_180,1.0928809642791748,wfmanager_update_jobs
728,cpu-static,wfmanager_add_new_patches_mlserver_181,0.1532588005065918,wfmanager_add_new_patches_mlserver
729,cpu-static,wfmanager_add_new_patches_to_ml_181,1.3589859008789062e-05,wfmanager_add_new_patches_to_ml
730,cpu-static,wfmanager_add_cgframes_to_ml_181,1.7881393432617188e-05,wfmanager_add_cgframes_to_ml
731,cpu-static,wfmanager_update_jobs_181,0.8560211658477783,wfmanager_update_jobs
732,cpu-static,wfmanager_add_new_patches_mlserver_182,0.2073042392730713,wfmanager_add_new_patches_mlserver
733,cpu-static,wfmanager_add_new_patches_to_ml_182,1.4543533325195312e-05,wfmanager_add_new_patches_to_ml
734,cpu-static,wfmanager_add_cgframes_to_ml_182,4.76837158203125e-05,wfmanager_add_cgframes_to_ml
735,cpu-static,wfmanager_update_jobs_182,1.0747640132904053,wfmanager_update_jobs
736,cpu-static,wfmanager_add_new_patches_mlserver_183,0.2183244228363037,wfmanager_add_new_patches_mlserver
737,cpu-static,wfmanager_add_new_patches_to_ml_183,1.3828277587890625e-05,wfmanager_add_new_patches_to_ml
738,cpu-static,wfmanager_add_cgframes_to_ml_183,2.002716064453125e-05,wfmanager_add_cgframes_to_ml
739,cpu-static,wfmanager_update_jobs_183,1.2397470474243164,wfmanager_update_jobs
740,cpu-static,wfmanager_add_new_patches_mlserver_184,0.17387938499450684,wfmanager_add_new_patches_mlserver
741,cpu-static,wfmanager_add_new_patches_to_ml_184,1.2874603271484375e-05,wfmanager_add_new_patches_to_ml
742,cpu-static,wfmanager_add_cgframes_to_ml_184,1.4543533325195312e-05,wfmanager_add_cgframes_to_ml
743,cpu-static,wfmanager_update_jobs_184,1.055370569229126,wfmanager_update_jobs
744,cpu-static,wfmanager_add_new_patches_mlserver_185,0.2834043502807617,wfmanager_add_new_patches_mlserver
745,cpu-static,wfmanager_add_new_patches_to_ml_185,1.6689300537109375e-05,wfmanager_add_new_patches_to_ml
746,cpu-static,wfmanager_add_cgframes_to_ml_185,2.193450927734375e-05,wfmanager_add_cgframes_to_ml
747,cpu-static,wfmanager_update_jobs_185,1.1812996864318848,wfmanager_update_jobs
748,cpu-static,wfmanager_add_new_patches_mlserver_186,0.21155953407287598,wfmanager_add_new_patches_mlserver
749,cpu-static,wfmanager_add_new_patches_to_ml_186,1.4543533325195312e-05,wfmanager_add_new_patches_to_ml
750,cpu-static,wfmanager_add_cgframes_to_ml_186,1.71661376953125e-05,wfmanager_add_cgframes_to_ml
751,cpu-static,wfmanager_update_jobs_186,0.952711820602417,wfmanager_update_jobs
752,cpu-static,wfmanager_add_new_patches_mlserver_187,0.15645527839660645,wfmanager_add_new_patches_mlserver
753,cpu-static,wfmanager_add_new_patches_to_ml_187,1.2159347534179688e-05,wfmanager_add_new_patches_to_ml
754,cpu-static,wfmanager_add_cgframes_to_ml_187,1.621246337890625e-05,wfmanager_add_cgframes_to_ml
755,cpu-static,wfmanager_update_jobs_187,0.995835542678833,wfmanager_update_jobs
756,cpu-static,wfmanager_add_new_patches_mlserver_188,0.29062938690185547,wfmanager_add_new_patches_mlserver
757,cpu-static,wfmanager_add_new_patches_to_ml_188,1.4781951904296875e-05,wfmanager_add_new_patches_to_ml
758,cpu-static,wfmanager_add_cgframes_to_ml_188,2.3126602172851562e-05,wfmanager_add_cgframes_to_ml
759,cpu-static,wfmanager_update_jobs_188,1.1237096786499023,wfmanager_update_jobs
760,cpu-static,wfmanager_add_new_patches_mlserver_189,0.22310233116149902,wfmanager_add_new_patches_mlserver
761,cpu-static,wfmanager_add_new_patches_to_ml_189,1.5020370483398438e-05,wfmanager_add_new_patches_to_ml
762,cpu-static,wfmanager_add_cgframes_to_ml_189,2.09808349609375e-05,wfmanager_add_cgframes_to_ml
763,cpu-static,wfmanager_update_jobs_189,1.00199294090271,wfmanager_update_jobs
764,cpu-static,wfmanager_add_new_patches_mlserver_190,0.2916882038116455,wfmanager_add_new_patches_mlserver
765,cpu-static,wfmanager_add_new_patches_to_ml_190,1.5497207641601562e-05,wfmanager_add_new_patches_to_ml
766,cpu-static,wfmanager_add_cgframes_to_ml_190,4.9591064453125e-05,wfmanager_add_cgframes_to_ml
767,cpu-static,wfmanager_update_jobs_190,1.0525007247924805,wfmanager_update_jobs
768,cpu-static,wfmanager_add_new_patches_mlserver_191,0.18430614471435547,wfmanager_add_new_patches_mlserver
769,cpu-static,wfmanager_add_new_patches_to_ml_191,2.8133392333984375e-05,wfmanager_add_new_patches_to_ml
770,cpu-static,wfmanager_add_cgframes_to_ml_191,2.1219253540039062e-05,wfmanager_add_cgframes_to_ml
771,cpu-static,wfmanager_update_jobs_191,0.9949860572814941,wfmanager_update_jobs
772,cpu-static,wfmanager_add_new_patches_mlserver_192,0.15093469619750977,wfmanager_add_new_patches_mlserver
773,cpu-static,wfmanager_add_new_patches_to_ml_192,1.3589859008789062e-05,wfmanager_add_new_patches_to_ml
774,cpu-static,wfmanager_add_cgframes_to_ml_192,4.482269287109375e-05,wfmanager_add_cgframes_to_ml
775,cpu-static,wfmanager_update_jobs_192,0.8967196941375732,wfmanager_update_jobs
776,cpu-static,wfmanager_add_new_patches_mlserver_193,0.17529892921447754,wfmanager_add_new_patches_mlserver
777,cpu-static,wfmanager_add_new_patches_to_ml_193,1.6450881958007812e-05,wfmanager_add_new_patches_to_ml
778,cpu-static,wfmanager_add_cgframes_to_ml_193,5.030632019042969e-05,wfmanager_add_cgframes_to_ml
779,cpu-static,wfmanager_update_jobs_193,0.881960391998291,wfmanager_update_jobs
780,cpu-static,wfmanager_add_new_patches_mlserver_194,0.1802690029144287,wfmanager_add_new_patches_mlserver
781,cpu-static,wfmanager_add_new_patches_to_ml_194,1.5020370483398438e-05,wfmanager_add_new_patches_to_ml
782,cpu-static,wfmanager_add_cgframes_to_ml_194,2.1457672119140625e-05,wfmanager_add_cgframes_to_ml
783,cpu-static,wfmanager_update_jobs_194,1.3101632595062256,wfmanager_update_jobs
784,cpu-static,wfmanager_add_new_patches_mlserver_195,0.22695374488830566,wfmanager_add_new_patches_mlserver
785,cpu-static,wfmanager_add_new_patches_to_ml_195,1.3589859008789062e-05,wfmanager_add_new_patches_to_ml
786,cpu-static,wfmanager_add_cgframes_to_ml_195,4.291534423828125e-05,wfmanager_add_cgframes_to_ml
787,cpu-static,wfmanager_update_jobs_195,1.497558832168579,wfmanager_update_jobs
788,cpu-static,wfmanager_add_new_patches_mlserver_196,0.250354528427124,wfmanager_add_new_patches_mlserver
789,cpu-static,wfmanager_add_new_patches_to_ml_196,1.5020370483398438e-05,wfmanager_add_new_patches_to_ml
790,cpu-static,wfmanager_add_cgframes_to_ml_196,1.5735626220703125e-05,wfmanager_add_cgframes_to_ml
791,cpu-static,wfmanager_update_jobs_196,0.8954534530639648,wfmanager_update_jobs
792,cpu-static,wfmanager_add_new_patches_mlserver_197,0.3178896903991699,wfmanager_add_new_patches_mlserver
793,cpu-static,wfmanager_add_new_patches_to_ml_197,1.5020370483398438e-05,wfmanager_add_new_patches_to_ml
794,cpu-static,wfmanager_add_cgframes_to_ml_197,1.9788742065429688e-05,wfmanager_add_cgframes_to_ml
795,cpu-static,wfmanager_update_jobs_197,1.3579580783843994,wfmanager_update_jobs
796,cpu-static,wfmanager_add_new_patches_mlserver_198,0.2027425765991211,wfmanager_add_new_patches_mlserver
797,cpu-static,wfmanager_add_new_patches_to_ml_198,1.9550323486328125e-05,wfmanager_add_new_patches_to_ml
798,cpu-static,wfmanager_add_cgframes_to_ml_198,1.8358230590820312e-05,wfmanager_add_cgframes_to_ml
799,cpu-static,wfmanager_update_jobs_198,1.2190322875976562,wfmanager_update_jobs
800,cpu-static,wfmanager_add_new_patches_mlserver_199,0.18434762954711914,wfmanager_add_new_patches_mlserver
801,cpu-static,wfmanager_add_new_patches_to_ml_199,1.33514404296875e-05,wfmanager_add_new_patches_to_ml
802,cpu-static,wfmanager_add_cgframes_to_ml_199,1.8835067749023438e-05,wfmanager_add_cgframes_to_ml
803,cpu-static,wfmanager_update_jobs_199,1.162931203842163,wfmanager_update_jobs
804,cpu-static,wfmanager_add_new_patches_mlserver_200,0.151519775390625,wfmanager_add_new_patches_mlserver
805,cpu-static,wfmanager_add_new_patches_to_ml_200,2.0265579223632812e-05,wfmanager_add_new_patches_to_ml
806,cpu-static,wfmanager_add_cgframes_to_ml_200,1.9311904907226562e-05,wfmanager_add_cgframes_to_ml
807,cpu-static,wfmanager_update_jobs_200,1.1223430633544922,wfmanager_update_jobs
808,cpu-static,wfmanager_add_new_patches_mlserver_201,0.18228363990783691,wfmanager_add_new_patches_mlserver
809,cpu-static,wfmanager_add_new_patches_to_ml_201,1.4543533325195312e-05,wfmanager_add_new_patches_to_ml
810,cpu-static,wfmanager_add_cgframes_to_ml_201,1.811981201171875e-05,wfmanager_add_cgframes_to_ml
811,cpu-static,wfmanager_update_jobs_201,1.298590898513794,wfmanager_update_jobs
812,cpu-static,wfmanager_add_new_patches_mlserver_202,0.2864341735839844,wfmanager_add_new_patches_mlserver
813,cpu-static,wfmanager_add_new_patches_to_ml_202,1.52587890625e-05,wfmanager_add_new_patches_to_ml
814,cpu-static,wfmanager_add_cgframes_to_ml_202,1.811981201171875e-05,wfmanager_add_cgframes_to_ml
815,cpu-static,wfmanager_update_jobs_202,0.8945672512054443,wfmanager_update_jobs
816,cpu-static,wfmanager_add_new_patches_mlserver_203,0.13115835189819336,wfmanager_add_new_patches_mlserver
817,cpu-static,wfmanager_add_new_patches_to_ml_203,1.3828277587890625e-05,wfmanager_add_new_patches_to_ml
818,cpu-static,wfmanager_add_cgframes_to_ml_203,1.4781951904296875e-05,wfmanager_add_cgframes_to_ml
819,cpu-static,wfmanager_update_jobs_203,1.0012028217315674,wfmanager_update_jobs
820,cpu-static,wfmanager_add_new_patches_mlserver_204,0.15849924087524414,wfmanager_add_new_patches_mlserver
821,cpu-static,wfmanager_add_new_patches_to_ml_204,1.4781951904296875e-05,wfmanager_add_new_patches_to_ml
822,cpu-static,wfmanager_add_cgframes_to_ml_204,4.3392181396484375e-05,wfmanager_add_cgframes_to_ml
823,cpu-static,wfmanager_update_jobs_204,1.161085605621338,wfmanager_update_jobs
824,cpu-static,wfmanager_add_new_patches_mlserver_205,0.183762788772583,wfmanager_add_new_patches_mlserver
825,cpu-static,wfmanager_add_new_patches_to_ml_205,4.3392181396484375e-05,wfmanager_add_new_patches_to_ml
826,cpu-static,wfmanager_add_cgframes_to_ml_205,4.2438507080078125e-05,wfmanager_add_cgframes_to_ml
827,cpu-static,wfmanager_update_jobs_205,1.2488815784454346,wfmanager_update_jobs
828,cpu-static,wfmanager_add_new_patches_mlserver_206,0.23873353004455566,wfmanager_add_new_patches_mlserver
829,cpu-static,wfmanager_add_new_patches_to_ml_206,1.3828277587890625e-05,wfmanager_add_new_patches_to_ml
830,cpu-static,wfmanager_add_cgframes_to_ml_206,3.647804260253906e-05,wfmanager_add_cgframes_to_ml
831,cpu-static,wfmanager_update_jobs_206,1.239527702331543,wfmanager_update_jobs
832,cpu-static,wfmanager_add_new_patches_mlserver_207,0.3496251106262207,wfmanager_add_new_patches_mlserver
833,cpu-static,wfmanager_add_new_patches_to_ml_207,1.5974044799804688e-05,wfmanager_add_new_patches_to_ml
834,cpu-static,wfmanager_add_cgframes_to_ml_207,2.0503997802734375e-05,wfmanager_add_cgframes_to_ml
835,cpu-static,wfmanager_update_jobs_207,0.9139053821563721,wfmanager_update_jobs
836,cpu-static,wfmanager_add_new_patches_mlserver_208,0.25530552864074707,wfmanager_add_new_patches_mlserver
837,cpu-static,wfmanager_add_new_patches_to_ml_208,1.5497207641601562e-05,wfmanager_add_new_patches_to_ml
838,cpu-static,wfmanager_add_cgframes_to_ml_208,2.2411346435546875e-05,wfmanager_add_cgframes_to_ml
839,cpu-static,wfmanager_update_jobs_208,1.3179142475128174,wfmanager_update_jobs
840,cpu-static,wfmanager_add_new_patches_mlserver_209,0.23508381843566895,wfmanager_add_new_patches_mlserver
841,cpu-static,wfmanager_add_new_patches_to_ml_209,4.4345855712890625e-05,wfmanager_add_new_patches_to_ml
842,cpu-static,wfmanager_add_cgframes_to_ml_209,1.9550323486328125e-05,wfmanager_add_cgframes_to_ml
843,cpu-static,wfmanager_update_jobs_209,1.0237314701080322,wfmanager_update_jobs
844,cpu-static,wfmanager_add_new_patches_mlserver_210,0.20623421669006348,wfmanager_add_new_patches_mlserver
845,cpu-static,wfmanager_add_new_patches_to_ml_210,1.33514404296875e-05,wfmanager_add_new_patches_to_ml
846,cpu-static,wfmanager_add_cgframes_to_ml_210,2.956390380859375e-05,wfmanager_add_cgframes_to_ml
847,cpu-static,wfmanager_update_jobs_210,1.347074031829834,wfmanager_update_jobs
848,cpu-static,wfmanager_add_new_patches_mlserver_211,0.20528817176818848,wfmanager_add_new_patches_mlserver
849,cpu-static,wfmanager_add_new_patches_to_ml_211,3.886222839355469e-05,wfmanager_add_new_patches_to_ml
850,cpu-static,wfmanager_add_cgframes_to_ml_211,0.00012922286987304688,wfmanager_add_cgframes_to_ml
851,cpu-static,wfmanager_update_jobs_211,1.571629524230957,wfmanager_update_jobs
852,cpu-static,wfmanager_add_new_patches_mlserver_212,0.268979549407959,wfmanager_add_new_patches_mlserver
853,cpu-static,wfmanager_add_new_patches_to_ml_212,1.52587890625e-05,wfmanager_add_new_patches_to_ml
854,cpu-static,wfmanager_add_cgframes_to_ml_212,1.8358230590820312e-05,wfmanager_add_cgframes_to_ml
855,cpu-static,wfmanager_update_jobs_212,1.1376614570617676,wfmanager_update_jobs
856,cpu-static,wfmanager_add_new_patches_mlserver_213,0.3349437713623047,wfmanager_add_new_patches_mlserver
857,cpu-static,wfmanager_add_new_patches_to_ml_213,1.6450881958007812e-05,wfmanager_add_new_patches_to_ml
858,cpu-static,wfmanager_add_cgframes_to_ml_213,2.09808349609375e-05,wfmanager_add_cgframes_to_ml
859,cpu-static,wfmanager_update_jobs_213,1.1212694644927979,wfmanager_update_jobs
860,cpu-static,wfmanager_add_new_patches_mlserver_214,0.2872192859649658,wfmanager_add_new_patches_mlserver
861,cpu-static,wfmanager_add_new_patches_to_ml_214,3.0994415283203125e-05,wfmanager_add_new_patches_to_ml
862,cpu-static,wfmanager_add_cgframes_to_ml_214,2.002716064453125e-05,wfmanager_add_cgframes_to_ml
863,cpu-static,wfmanager_update_jobs_214,1.6537327766418457,wfmanager_update_jobs
864,cpu-static,wfmanager_add_new_patches_mlserver_215,0.20021295547485352,wfmanager_add_new_patches_mlserver
865,cpu-static,wfmanager_add_new_patches_to_ml_215,1.4543533325195312e-05,wfmanager_add_new_patches_to_ml
866,cpu-static,wfmanager_add_cgframes_to_ml_215,1.9311904907226562e-05,wfmanager_add_cgframes_to_ml
867,cpu-static,wfmanager_update_jobs_215,1.0680360794067383,wfmanager_update_jobs
868,cpu-static,wfmanager_add_new_patches_mlserver_216,0.20395398139953613,wfmanager_add_new_patches_mlserver
869,cpu-static,wfmanager_add_new_patches_to_ml_216,1.2874603271484375e-05,wfmanager_add_new_patches_to_ml
870,cpu-static,wfmanager_add_cgframes_to_ml_216,4.220008850097656e-05,wfmanager_add_cgframes_to_ml
871,cpu-static,wfmanager_update_jobs_216,1.0829272270202637,wfmanager_update_jobs
872,cpu-static,wfmanager_add_new_patches_mlserver_217,0.2554206848144531,wfmanager_add_new_patches_mlserver
873,cpu-static,wfmanager_add_new_patches_to_ml_217,1.5020370483398438e-05,wfmanager_add_new_patches_to_ml
874,cpu-static,wfmanager_add_cgframes_to_ml_217,7.605552673339844e-05,wfmanager_add_cgframes_to_ml
875,cpu-static,wfmanager_update_jobs_217,1.802635669708252,wfmanager_update_jobs
876,cpu-static,wfmanager_add_new_patches_mlserver_218,0.19722986221313477,wfmanager_add_new_patches_mlserver
877,cpu-static,wfmanager_add_new_patches_to_ml_218,1.2159347534179688e-05,wfmanager_add_new_patches_to_ml
878,cpu-static,wfmanager_add_cgframes_to_ml_218,1.7881393432617188e-05,wfmanager_add_cgframes_to_ml
879,cpu-static,wfmanager_update_jobs_218,1.5342483520507812,wfmanager_update_jobs
880,cpu-static,wfmanager_add_new_patches_mlserver_219,0.18506622314453125,wfmanager_add_new_patches_mlserver
881,cpu-static,wfmanager_add_new_patches_to_ml_219,1.3589859008789062e-05,wfmanager_add_new_patches_to_ml
882,cpu-static,wfmanager_add_cgframes_to_ml_219,1.9550323486328125e-05,wfmanager_add_cgframes_to_ml
883,cpu-static,wfmanager_update_jobs_219,1.444150447845459,wfmanager_update_jobs
884,cpu-static,wfmanager_add_new_patches_mlserver_220,0.2062547206878662,wfmanager_add_new_patches_mlserver
885,cpu-static,wfmanager_add_new_patches_to_ml_220,1.3589859008789062e-05,wfmanager_add_new_patches_to_ml
886,cpu-static,wfmanager_add_cgframes_to_ml_220,2.0265579223632812e-05,wfmanager_add_cgframes_to_ml
887,cpu-static,wfmanager_update_jobs_220,1.3300611972808838,wfmanager_update_jobs
888,cpu-static,wfmanager_add_new_patches_mlserver_221,0.22003602981567383,wfmanager_add_new_patches_mlserver
889,cpu-static,wfmanager_add_new_patches_to_ml_221,1.621246337890625e-05,wfmanager_add_new_patches_to_ml
890,cpu-static,wfmanager_add_cgframes_to_ml_221,1.9788742065429688e-05,wfmanager_add_cgframes_to_ml
891,cpu-static,wfmanager_update_jobs_221,1.7023239135742188,wfmanager_update_jobs
892,cpu-static,wfmanager_add_new_patches_mlserver_222,0.18158221244812012,wfmanager_add_new_patches_mlserver
893,cpu-static,wfmanager_add_new_patches_to_ml_222,1.5497207641601562e-05,wfmanager_add_new_patches_to_ml
894,cpu-static,wfmanager_add_cgframes_to_ml_222,1.9788742065429688e-05,wfmanager_add_cgframes_to_ml
895,cpu-static,wfmanager_update_jobs_222,1.2560744285583496,wfmanager_update_jobs
896,cpu-static,wfmanager_add_new_patches_mlserver_223,0.22800922393798828,wfmanager_add_new_patches_mlserver
897,cpu-static,wfmanager_add_new_patches_to_ml_223,1.5020370483398438e-05,wfmanager_add_new_patches_to_ml
898,cpu-static,wfmanager_add_cgframes_to_ml_223,2.0742416381835938e-05,wfmanager_add_cgframes_to_ml
899,cpu-static,wfmanager_update_jobs_223,1.256800889968872,wfmanager_update_jobs
900,cpu-static,wfmanager_add_new_patches_mlserver_224,0.19942927360534668,wfmanager_add_new_patches_mlserver
901,cpu-static,wfmanager_add_new_patches_to_ml_224,1.621246337890625e-05,wfmanager_add_new_patches_to_ml
902,cpu-static,wfmanager_add_cgframes_to_ml_224,1.9073486328125e-05,wfmanager_add_cgframes_to_ml
903,cpu-static,wfmanager_update_jobs_224,1.4709656238555908,wfmanager_update_jobs
904,cpu-static,wfmanager_add_new_patches_mlserver_225,0.19281888008117676,wfmanager_add_new_patches_mlserver
905,cpu-static,wfmanager_add_new_patches_to_ml_225,1.6450881958007812e-05,wfmanager_add_new_patches_to_ml
906,cpu-static,wfmanager_add_cgframes_to_ml_225,2.0742416381835938e-05,wfmanager_add_cgframes_to_ml
907,cpu-static,wfmanager_update_jobs_225,1.4852898120880127,wfmanager_update_jobs
908,cpu-static,wfmanager_add_new_patches_mlserver_226,0.24161267280578613,wfmanager_add_new_patches_mlserver
909,cpu-static,wfmanager_add_new_patches_to_ml_226,1.6927719116210938e-05,wfmanager_add_new_patches_to_ml
910,cpu-static,wfmanager_add_cgframes_to_ml_226,2.3365020751953125e-05,wfmanager_add_cgframes_to_ml
911,cpu-static,wfmanager_update_jobs_226,1.6086454391479492,wfmanager_update_jobs
912,cpu-static,wfmanager_add_new_patches_mlserver_227,0.21900558471679688,wfmanager_add_new_patches_mlserver
913,cpu-static,wfmanager_add_new_patches_to_ml_227,1.3589859008789062e-05,wfmanager_add_new_patches_to_ml
914,cpu-static,wfmanager_add_cgframes_to_ml_227,2.8848648071289062e-05,wfmanager_add_cgframes_to_ml
915,cpu-static,wfmanager_update_jobs_227,1.6234407424926758,wfmanager_update_jobs
916,cpu-static,wfmanager_add_new_patches_mlserver_228,0.2100839614868164,wfmanager_add_new_patches_mlserver
917,cpu-static,wfmanager_add_new_patches_to_ml_228,1.5497207641601562e-05,wfmanager_add_new_patches_to_ml
918,cpu-static,wfmanager_add_cgframes_to_ml_228,2.002716064453125e-05,wfmanager_add_cgframes_to_ml
919,cpu-static,wfmanager_update_jobs_228,1.6661663055419922,wfmanager_update_jobs
920,cpu-static,wfmanager_add_new_patches_mlserver_229,0.2396526336669922,wfmanager_add_new_patches_mlserver
921,cpu-static,wfmanager_add_new_patches_to_ml_229,1.5735626220703125e-05,wfmanager_add_new_patches_to_ml
922,cpu-static,wfmanager_add_cgframes_to_ml_229,2.0742416381835938e-05,wfmanager_add_cgframes_to_ml
923,cpu-static,wfmanager_update_jobs_229,1.280529499053955,wfmanager_update_jobs
924,cpu-static,wfmanager_add_new_patches_mlserver_230,0.2841634750366211,wfmanager_add_new_patches_mlserver
925,cpu-static,wfmanager_add_new_patches_to_ml_230,1.621246337890625e-05,wfmanager_add_new_patches_to_ml
926,cpu-static,wfmanager_add_cgframes_to_ml_230,2.0503997802734375e-05,wfmanager_add_cgframes_to_ml
927,cpu-static,wfmanager_update_jobs_230,1.5229837894439697,wfmanager_update_jobs
928,cpu-static,wfmanager_add_new_patches_mlserver_231,0.16687583923339844,wfmanager_add_new_patches_mlserver
929,cpu-static,wfmanager_add_new_patches_to_ml_231,1.71661376953125e-05,wfmanager_add_new_patches_to_ml
930,cpu-static,wfmanager_add_cgframes_to_ml_231,2.0742416381835938e-05,wfmanager_add_cgframes_to_ml
931,cpu-static,wfmanager_update_jobs_231,1.471503496170044,wfmanager_update_jobs
932,cpu-static,wfmanager_add_new_patches_mlserver_232,0.20949363708496094,wfmanager_add_new_patches_mlserver
933,cpu-static,wfmanager_add_new_patches_to_ml_232,1.239776611328125e-05,wfmanager_add_new_patches_to_ml
934,cpu-static,wfmanager_add_cgframes_to_ml_232,1.7404556274414062e-05,wfmanager_add_cgframes_to_ml
935,cpu-static,wfmanager_update_jobs_232,1.4998853206634521,wfmanager_update_jobs
936,cpu-static,wfmanager_add_new_patches_mlserver_233,0.24650216102600098,wfmanager_add_new_patches_mlserver
937,cpu-static,wfmanager_add_new_patches_to_ml_233,4.553794860839844e-05,wfmanager_add_new_patches_to_ml
938,cpu-static,wfmanager_add_cgframes_to_ml_233,1.9550323486328125e-05,wfmanager_add_cgframes_to_ml
939,cpu-static,wfmanager_update_jobs_233,1.704028606414795,wfmanager_update_jobs
940,cpu-static,wfmanager_add_new_patches_mlserver_234,0.2283308506011963,wfmanager_add_new_patches_mlserver
941,cpu-static,wfmanager_add_new_patches_to_ml_234,1.621246337890625e-05,wfmanager_add_new_patches_to_ml
942,cpu-static,wfmanager_add_cgframes_to_ml_234,1.9550323486328125e-05,wfmanager_add_cgframes_to_ml
943,cpu-static,wfmanager_update_jobs_234,1.6598799228668213,wfmanager_update_jobs
944,cpu-static,wfmanager_add_new_patches_mlserver_235,0.21290159225463867,wfmanager_add_new_patches_mlserver
945,cpu-static,wfmanager_add_new_patches_to_ml_235,1.3828277587890625e-05,wfmanager_add_new_patches_to_ml
946,cpu-static,wfmanager_add_cgframes_to_ml_235,2.002716064453125e-05,wfmanager_add_cgframes_to_ml
947,cpu-static,wfmanager_update_jobs_235,1.531914472579956,wfmanager_update_jobs
948,cpu-static,wfmanager_add_new_patches_mlserver_236,0.2163548469543457,wfmanager_add_new_patches_mlserver
949,cpu-static,wfmanager_add_new_patches_to_ml_236,1.239776611328125e-05,wfmanager_add_new_patches_to_ml
950,cpu-static,wfmanager_add_cgframes_to_ml_236,1.8358230590820312e-05,wfmanager_add_cgframes_to_ml
951,cpu-static,wfmanager_update_jobs_236,1.251136064529419,wfmanager_update_jobs
952,cpu-static,wfmanager_add_new_patches_mlserver_237,5.029820680618286,wfmanager_add_new_patches_mlserver
953,cpu-static,wfmanager_add_new_patches_to_ml_237,6.413459777832031e-05,wfmanager_add_new_patches_to_ml
954,cpu-static,wfmanager_add_cgframes_to_ml_237,2.3365020751953125e-05,wfmanager_add_cgframes_to_ml
955,cpu-static,wfmanager_update_jobs_237,1.2639272212982178,wfmanager_update_jobs
956,cpu-static,wfmanager_add_new_patches_mlserver_238,0.22447538375854492,wfmanager_add_new_patches_mlserver
957,cpu-static,wfmanager_add_new_patches_to_ml_238,1.3589859008789062e-05,wfmanager_add_new_patches_to_ml
958,cpu-static,wfmanager_add_cgframes_to_ml_238,2.002716064453125e-05,wfmanager_add_cgframes_to_ml
959,cpu-static,wfmanager_update_jobs_238,1.2211027145385742,wfmanager_update_jobs
960,cpu-static,wfmanager_add_new_patches_mlserver_239,0.30594420433044434,wfmanager_add_new_patches_mlserver
961,cpu-static,wfmanager_add_new_patches_to_ml_239,1.4781951904296875e-05,wfmanager_add_new_patches_to_ml
962,cpu-static,wfmanager_add_cgframes_to_ml_239,1.7642974853515625e-05,wfmanager_add_cgframes_to_ml
963,cpu-static,wfmanager_update_jobs_239,1.4191184043884277,wfmanager_update_jobs
964,cpu-static,wfmanager_add_new_patches_mlserver_240,0.2168872356414795,wfmanager_add_new_patches_mlserver
965,cpu-static,wfmanager_add_new_patches_to_ml_240,1.6689300537109375e-05,wfmanager_add_new_patches_to_ml
966,cpu-static,wfmanager_add_cgframes_to_ml_240,2.4557113647460938e-05,wfmanager_add_cgframes_to_ml
967,cpu-static,wfmanager_update_jobs_240,1.1822354793548584,wfmanager_update_jobs
968,cpu-static,wfmanager_add_new_patches_mlserver_241,0.2824223041534424,wfmanager_add_new_patches_mlserver
969,cpu-static,wfmanager_add_new_patches_to_ml_241,3.2901763916015625e-05,wfmanager_add_new_patches_to_ml
970,cpu-static,wfmanager_add_cgframes_to_ml_241,1.9311904907226562e-05,wfmanager_add_cgframes_to_ml
971,cpu-static,wfmanager_update_jobs_241,1.31618070602417,wfmanager_update_jobs
972,cpu-static,wfmanager_add_new_patches_mlserver_242,0.20665431022644043,wfmanager_add_new_patches_mlserver
973,cpu-static,wfmanager_add_new_patches_to_ml_242,2.0503997802734375e-05,wfmanager_add_new_patches_to_ml
974,cpu-static,wfmanager_add_cgframes_to_ml_242,2.2172927856445312e-05,wfmanager_add_cgframes_to_ml
975,cpu-static,wfmanager_update_jobs_242,1.1266164779663086,wfmanager_update_jobs
976,cpu-static,wfmanager_add_new_patches_mlserver_243,0.22556471824645996,wfmanager_add_new_patches_mlserver
977,cpu-static,wfmanager_add_new_patches_to_ml_243,1.4781951904296875e-05,wfmanager_add_new_patches_to_ml
978,cpu-static,wfmanager_add_cgframes_to_ml_243,1.8835067749023438e-05,wfmanager_add_cgframes_to_ml
979,cpu-static,wfmanager_update_jobs_243,1.3200576305389404,wfmanager_update_jobs
980,cpu-static,wfmanager_add_new_patches_mlserver_244,0.15877676010131836,wfmanager_add_new_patches_mlserver
981,cpu-static,wfmanager_add_new_patches_to_ml_244,1.4066696166992188e-05,wfmanager_add_new_patches_to_ml
982,cpu-static,wfmanager_add_cgframes_to_ml_244,1.6927719116210938e-05,wfmanager_add_cgframes_to_ml
983,cpu-static,wfmanager_update_jobs_244,1.1301836967468262,wfmanager_update_jobs
984,cpu-static,wfmanager_add_new_patches_mlserver_245,0.1853189468383789,wfmanager_add_new_patches_mlserver
985,cpu-static,wfmanager_add_new_patches_to_ml_245,1.7642974853515625e-05,wfmanager_add_new_patches_to_ml
986,cpu-static,wfmanager_add_cgframes_to_ml_245,1.5497207641601562e-05,wfmanager_add_cgframes_to_ml
987,cpu-static,wfmanager_update_jobs_245,0.9913756847381592,wfmanager_update_jobs
988,cpu-static,wfmanager_add_new_patches_mlserver_246,0.24190473556518555,wfmanager_add_new_patches_mlserver
989,cpu-static,wfmanager_add_new_patches_to_ml_246,1.3828277587890625e-05,wfmanager_add_new_patches_to_ml
990,cpu-static,wfmanager_add_cgframes_to_ml_246,2.1219253540039062e-05,wfmanager_add_cgframes_to_ml
991,cpu-static,wfmanager_update_jobs_246,1.2300922870635986,wfmanager_update_jobs
992,cpu-static,wfmanager_add_new_patches_mlserver_247,2.8042914867401123,wfmanager_add_new_patches_mlserver
993,cpu-static,wfmanager_add_new_patches_to_ml_247,1.7404556274414062e-05,wfmanager_add_new_patches_to_ml
994,cpu-static,wfmanager_add_cgframes_to_ml_247,3.933906555175781e-05,wfmanager_add_cgframes_to_ml
995,cpu-static,wfmanager_update_jobs_247,1.5259342193603516,wfmanager_update_jobs
996,cpu-static,wfmanager_add_new_patches_mlserver_248,0.28902387619018555,wfmanager_add_new_patches_mlserver
997,cpu-static,wfmanager_add_new_patches_to_ml_248,1.5735626220703125e-05,wfmanager_add_new_patches_to_ml
998,cpu-static,wfmanager_add_cgframes_to_ml_248,2.1219253540039062e-05,wfmanager_add_cgframes_to_ml
999,cpu-static,wfmanager_update_jobs_248,1.3030788898468018,wfmanager_update_jobs
1000,cpu-static,wfmanager_add_new_patches_mlserver_249,0.26365184783935547,wfmanager_add_new_patches_mlserver
1001,cpu-static,wfmanager_add_new_patches_to_ml_249,1.621246337890625e-05,wfmanager_add_new_patches_to_ml
1002,cpu-static,wfmanager_add_cgframes_to_ml_249,1.8835067749023438e-05,wfmanager_add_cgframes_to_ml
1003,cpu-static,wfmanager_update_jobs_249,1.2473978996276855,wfmanager_update_jobs
1004,cpu-static,wfmanager_add_new_patches_mlserver_250,0.48573875427246094,wfmanager_add_new_patches_mlserver
1005,cpu-static,wfmanager_add_new_patches_to_ml_250,1.4543533325195312e-05,wfmanager_add_new_patches_to_ml
1006,cpu-static,wfmanager_add_cgframes_to_ml_250,1.9788742065429688e-05,wfmanager_add_cgframes_to_ml
1007,cpu-static,wfmanager_update_jobs_250,1.5295698642730713,wfmanager_update_jobs
1008,cpu-static,wfmanager_add_new_patches_mlserver_251,0.32146215438842773,wfmanager_add_new_patches_mlserver
1009,cpu-static,wfmanager_add_new_patches_to_ml_251,1.6927719116210938e-05,wfmanager_add_new_patches_to_ml
1010,cpu-static,wfmanager_add_cgframes_to_ml_251,3.3855438232421875e-05,wfmanager_add_cgframes_to_ml
1011,cpu-static,wfmanager_update_jobs_251,1.3978309631347656,wfmanager_update_jobs
1012,cpu-static,wfmanager_add_new_patches_mlserver_252,0.22951817512512207,wfmanager_add_new_patches_mlserver
1013,cpu-static,wfmanager_add_new_patches_to_ml_252,1.5974044799804688e-05,wfmanager_add_new_patches_to_ml
1014,cpu-static,wfmanager_add_cgframes_to_ml_252,2.6941299438476562e-05,wfmanager_add_cgframes_to_ml
1015,cpu-static,wfmanager_update_jobs_252,1.3709030151367188,wfmanager_update_jobs
1016,cpu-static,wfmanager_add_new_patches_mlserver_253,0.3193390369415283,wfmanager_add_new_patches_mlserver
1017,cpu-static,wfmanager_add_new_patches_to_ml_253,1.4066696166992188e-05,wfmanager_add_new_patches_to_ml
1018,cpu-static,wfmanager_add_cgframes_to_ml_253,1.8835067749023438e-05,wfmanager_add_cgframes_to_ml
1019,cpu-static,wfmanager_update_jobs_253,1.1887037754058838,wfmanager_update_jobs
1020,cpu-static,wfmanager_add_new_patches_mlserver_254,0.2758960723876953,wfmanager_add_new_patches_mlserver
1021,cpu-static,wfmanager_add_new_patches_to_ml_254,1.4066696166992188e-05,wfmanager_add_new_patches_to_ml
1022,cpu-static,wfmanager_add_cgframes_to_ml_254,2.0742416381835938e-05,wfmanager_add_cgframes_to_ml
1023,cpu-static,wfmanager_update_jobs_254,1.2026679515838623,wfmanager_update_jobs
1024,cpu-static,wfmanager_add_new_patches_mlserver_255,0.23621463775634766,wfmanager_add_new_patches_mlserver
1025,cpu-static,wfmanager_add_new_patches_to_ml_255,1.5497207641601562e-05,wfmanager_add_new_patches_to_ml
1026,cpu-static,wfmanager_add_cgframes_to_ml_255,2.0265579223632812e-05,wfmanager_add_cgframes_to_ml
1027,cpu-static,wfmanager_update_jobs_255,1.2837870121002197,wfmanager_update_jobs
1028,cpu-static,wfmanager_add_new_patches_mlserver_256,0.1763012409210205,wfmanager_add_new_patches_mlserver
1029,cpu-static,wfmanager_add_new_patches_to_ml_256,1.3828277587890625e-05,wfmanager_add_new_patches_to_ml
1030,cpu-static,wfmanager_add_cgframes_to_ml_256,3.4332275390625e-05,wfmanager_add_cgframes_to_ml
1031,cpu-static,wfmanager_update_jobs_256,1.2395966053009033,wfmanager_update_jobs
1032,cpu-static,wfmanager_add_new_patches_mlserver_257,0.3794398307800293,wfmanager_add_new_patches_mlserver
1033,cpu-static,wfmanager_add_new_patches_to_ml_257,1.5735626220703125e-05,wfmanager_add_new_patches_to_ml
1034,cpu-static,wfmanager_add_cgframes_to_ml_257,2.2172927856445312e-05,wfmanager_add_cgframes_to_ml
1035,cpu-static,wfmanager_update_jobs_257,1.2981832027435303,wfmanager_update_jobs
1036,cpu-static,wfmanager_add_new_patches_mlserver_258,0.2205944061279297,wfmanager_add_new_patches_mlserver
1037,cpu-static,wfmanager_add_new_patches_to_ml_258,4.315376281738281e-05,wfmanager_add_new_patches_to_ml
1038,cpu-static,wfmanager_add_cgframes_to_ml_258,2.2649765014648438e-05,wfmanager_add_cgframes_to_ml
1039,cpu-static,wfmanager_update_jobs_258,1.3005053997039795,wfmanager_update_jobs
1040,cpu-static,wfmanager_add_new_patches_mlserver_259,0.2646634578704834,wfmanager_add_new_patches_mlserver
1041,cpu-static,wfmanager_add_new_patches_to_ml_259,2.4318695068359375e-05,wfmanager_add_new_patches_to_ml
1042,cpu-static,wfmanager_add_cgframes_to_ml_259,1.621246337890625e-05,wfmanager_add_cgframes_to_ml
1043,cpu-static,wfmanager_update_jobs_259,1.2854115962982178,wfmanager_update_jobs
1044,cpu-static,wfmanager_add_new_patches_mlserver_260,0.22401189804077148,wfmanager_add_new_patches_mlserver
1045,cpu-static,wfmanager_add_new_patches_to_ml_260,1.71661376953125e-05,wfmanager_add_new_patches_to_ml
1046,cpu-static,wfmanager_add_cgframes_to_ml_260,1.5735626220703125e-05,wfmanager_add_cgframes_to_ml
1047,cpu-static,wfmanager_update_jobs_260,1.3238894939422607,wfmanager_update_jobs
1048,cpu-static,wfmanager_add_new_patches_mlserver_261,0.26317453384399414,wfmanager_add_new_patches_mlserver
1049,cpu-static,wfmanager_add_new_patches_to_ml_261,1.5735626220703125e-05,wfmanager_add_new_patches_to_ml
1050,cpu-static,wfmanager_add_cgframes_to_ml_261,1.9550323486328125e-05,wfmanager_add_cgframes_to_ml
1051,cpu-static,wfmanager_update_jobs_261,1.6722948551177979,wfmanager_update_jobs
1052,cpu-static,wfmanager_add_new_patches_mlserver_262,0.237959623336792,wfmanager_add_new_patches_mlserver
1053,cpu-static,wfmanager_add_new_patches_to_ml_262,1.5974044799804688e-05,wfmanager_add_new_patches_to_ml
1054,cpu-static,wfmanager_add_cgframes_to_ml_262,3.910064697265625e-05,wfmanager_add_cgframes_to_ml
1055,cpu-static,wfmanager_update_jobs_262,1.4601459503173828,wfmanager_update_jobs
1056,cpu-static,wfmanager_add_new_patches_mlserver_263,0.2257230281829834,wfmanager_add_new_patches_mlserver
1057,cpu-static,wfmanager_add_new_patches_to_ml_263,1.5020370483398438e-05,wfmanager_add_new_patches_to_ml
1058,cpu-static,wfmanager_add_cgframes_to_ml_263,2.0265579223632812e-05,wfmanager_add_cgframes_to_ml
1059,cpu-static,wfmanager_update_jobs_263,1.3704426288604736,wfmanager_update_jobs
1060,cpu-static,wfmanager_add_new_patches_mlserver_264,0.3416428565979004,wfmanager_add_new_patches_mlserver
1061,cpu-static,wfmanager_add_new_patches_to_ml_264,1.3589859008789062e-05,wfmanager_add_new_patches_to_ml
1062,cpu-static,wfmanager_add_cgframes_to_ml_264,4.029273986816406e-05,wfmanager_add_cgframes_to_ml
1063,cpu-static,wfmanager_update_jobs_264,1.3728091716766357,wfmanager_update_jobs
1064,cpu-static,wfmanager_add_new_patches_mlserver_265,0.21976590156555176,wfmanager_add_new_patches_mlserver
1065,cpu-static,wfmanager_add_new_patches_to_ml_265,1.3828277587890625e-05,wfmanager_add_new_patches_to_ml
1066,cpu-static,wfmanager_add_cgframes_to_ml_265,2.1457672119140625e-05,wfmanager_add_cgframes_to_ml
1067,cpu-static,wfmanager_update_jobs_265,1.1178760528564453,wfmanager_update_jobs
1068,cpu-static,wfmanager_add_new_patches_mlserver_266,0.22046709060668945,wfmanager_add_new_patches_mlserver
1069,cpu-static,wfmanager_add_new_patches_to_ml_266,1.4066696166992188e-05,wfmanager_add_new_patches_to_ml
1070,cpu-static,wfmanager_add_cgframes_to_ml_266,1.6450881958007812e-05,wfmanager_add_cgframes_to_ml
1071,cpu-static,wfmanager_update_jobs_266,1.2625317573547363,wfmanager_update_jobs
1072,cpu-static,wfmanager_add_new_patches_mlserver_267,0.23732280731201172,wfmanager_add_new_patches_mlserver
1073,cpu-static,wfmanager_add_new_patches_to_ml_267,2.5272369384765625e-05,wfmanager_add_new_patches_to_ml
1074,cpu-static,wfmanager_add_cgframes_to_ml_267,1.8358230590820312e-05,wfmanager_add_cgframes_to_ml
1075,cpu-static,wfmanager_update_jobs_267,1.4749066829681396,wfmanager_update_jobs
1076,cpu-static,wfmanager_add_new_patches_mlserver_268,0.297304630279541,wfmanager_add_new_patches_mlserver
1077,cpu-static,wfmanager_add_new_patches_to_ml_268,1.6689300537109375e-05,wfmanager_add_new_patches_to_ml
1078,cpu-static,wfmanager_add_cgframes_to_ml_268,2.1219253540039062e-05,wfmanager_add_cgframes_to_ml
1079,cpu-static,wfmanager_update_jobs_268,1.2875826358795166,wfmanager_update_jobs
1080,cpu-static,wfmanager_add_new_patches_mlserver_269,0.244248628616333,wfmanager_add_new_patches_mlserver
1081,cpu-static,wfmanager_add_new_patches_to_ml_269,1.5497207641601562e-05,wfmanager_add_new_patches_to_ml
1082,cpu-static,wfmanager_add_cgframes_to_ml_269,1.621246337890625e-05,wfmanager_add_cgframes_to_ml
1083,cpu-static,wfmanager_update_jobs_269,1.3942720890045166,wfmanager_update_jobs
1084,cpu-static,wfmanager_add_new_patches_mlserver_270,0.21689224243164062,wfmanager_add_new_patches_mlserver
1085,cpu-static,wfmanager_add_new_patches_to_ml_270,1.5497207641601562e-05,wfmanager_add_new_patches_to_ml
1086,cpu-static,wfmanager_add_cgframes_to_ml_270,2.0742416381835938e-05,wfmanager_add_cgframes_to_ml
1087,cpu-static,wfmanager_update_jobs_270,1.4625604152679443,wfmanager_update_jobs
1088,cpu-static,wfmanager_add_new_patches_mlserver_271,0.1773390769958496,wfmanager_add_new_patches_mlserver
1089,cpu-static,wfmanager_add_new_patches_to_ml_271,1.5974044799804688e-05,wfmanager_add_new_patches_to_ml
1090,cpu-static,wfmanager_add_cgframes_to_ml_271,4.00543212890625e-05,wfmanager_add_cgframes_to_ml
1091,cpu-static,wfmanager_update_jobs_271,1.1465542316436768,wfmanager_update_jobs
1092,cpu-static,wfmanager_add_new_patches_mlserver_272,0.21957039833068848,wfmanager_add_new_patches_mlserver
1093,cpu-static,wfmanager_add_new_patches_to_ml_272,2.1219253540039062e-05,wfmanager_add_new_patches_to_ml
1094,cpu-static,wfmanager_add_cgframes_to_ml_272,2.5510787963867188e-05,wfmanager_add_cgframes_to_ml
1095,cpu-static,wfmanager_update_jobs_272,1.386110782623291,wfmanager_update_jobs
1096,cpu-static,wfmanager_add_new_patches_mlserver_273,0.2747182846069336,wfmanager_add_new_patches_mlserver
1097,cpu-static,wfmanager_add_new_patches_to_ml_273,1.5974044799804688e-05,wfmanager_add_new_patches_to_ml
1098,cpu-static,wfmanager_add_cgframes_to_ml_273,1.9550323486328125e-05,wfmanager_add_cgframes_to_ml
1099,cpu-static,wfmanager_update_jobs_273,1.1797118186950684,wfmanager_update_jobs
1100,cpu-static,wfmanager_add_new_patches_mlserver_274,0.24616360664367676,wfmanager_add_new_patches_mlserver
1101,cpu-static,wfmanager_add_new_patches_to_ml_274,1.5497207641601562e-05,wfmanager_add_new_patches_to_ml
1102,cpu-static,wfmanager_add_cgframes_to_ml_274,4.673004150390625e-05,wfmanager_add_cgframes_to_ml
1103,cpu-static,wfmanager_update_jobs_274,1.4234249591827393,wfmanager_update_jobs
1104,cpu-static,wfmanager_add_new_patches_mlserver_275,0.2077805995941162,wfmanager_add_new_patches_mlserver
1105,cpu-static,wfmanager_add_new_patches_to_ml_275,1.5974044799804688e-05,wfmanager_add_new_patches_to_ml
1106,cpu-static,wfmanager_add_cgframes_to_ml_275,2.0503997802734375e-05,wfmanager_add_cgframes_to_ml
1107,cpu-static,wfmanager_update_jobs_275,1.3340184688568115,wfmanager_update_jobs
1108,cpu-static,wfmanager_add_new_patches_mlserver_276,0.3181607723236084,wfmanager_add_new_patches_mlserver
1109,cpu-static,wfmanager_add_new_patches_to_ml_276,1.3589859008789062e-05,wfmanager_add_new_patches_to_ml
1110,cpu-static,wfmanager_add_cgframes_to_ml_276,4.029273986816406e-05,wfmanager_add_cgframes_to_ml
1111,cpu-static,wfmanager_update_jobs_276,1.4335644245147705,wfmanager_update_jobs
1112,cpu-static,wfmanager_add_new_patches_mlserver_277,0.28647565841674805,wfmanager_add_new_patches_mlserver
1113,cpu-static,wfmanager_add_new_patches_to_ml_277,1.3828277587890625e-05,wfmanager_add_new_patches_to_ml
1114,cpu-static,wfmanager_add_cgframes_to_ml_277,6.389617919921875e-05,wfmanager_add_cgframes_to_ml
1115,cpu-static,wfmanager_update_jobs_277,1.5390079021453857,wfmanager_update_jobs
1116,cpu-static,wfmanager_add_new_patches_mlserver_278,0.3695063591003418,wfmanager_add_new_patches_mlserver
1117,cpu-static,wfmanager_add_new_patches_to_ml_278,4.3392181396484375e-05,wfmanager_add_new_patches_to_ml
1118,cpu-static,wfmanager_add_cgframes_to_ml_278,2.0265579223632812e-05,wfmanager_add_cgframes_to_ml
1119,cpu-static,wfmanager_update_jobs_278,1.2625858783721924,wfmanager_update_jobs
1120,cpu-static,wfmanager_add_new_patches_mlserver_279,0.36081361770629883,wfmanager_add_new_patches_mlserver
1121,cpu-static,wfmanager_add_new_patches_to_ml_279,2.47955322265625e-05,wfmanager_add_new_patches_to_ml
1122,cpu-static,wfmanager_add_cgframes_to_ml_279,1.9788742065429688e-05,wfmanager_add_cgframes_to_ml
1123,cpu-static,wfmanager_update_jobs_279,1.3175275325775146,wfmanager_update_jobs
1124,cpu-static,wfmanager_add_new_patches_mlserver_280,0.29099583625793457,wfmanager_add_new_patches_mlserver
1125,cpu-static,wfmanager_add_new_patches_to_ml_280,1.5497207641601562e-05,wfmanager_add_new_patches_to_ml
1126,cpu-static,wfmanager_add_cgframes_to_ml_280,2.193450927734375e-05,wfmanager_add_cgframes_to_ml
1127,cpu-static,wfmanager_update_jobs_280,1.4838683605194092,wfmanager_update_jobs
1128,cpu-static,wfmanager_add_new_patches_mlserver_281,0.1846330165863037,wfmanager_add_new_patches_mlserver
1129,cpu-static,wfmanager_add_new_patches_to_ml_281,2.3126602172851562e-05,wfmanager_add_new_patches_to_ml
1130,cpu-static,wfmanager_add_cgframes_to_ml_281,1.621246337890625e-05,wfmanager_add_cgframes_to_ml
1131,cpu-static,wfmanager_update_jobs_281,1.4266648292541504,wfmanager_update_jobs
1132,cpu-static,wfmanager_add_new_patches_mlserver_282,0.2844984531402588,wfmanager_add_new_patches_mlserver
1133,cpu-static,wfmanager_add_new_patches_to_ml_282,1.6689300537109375e-05,wfmanager_add_new_patches_to_ml
1134,cpu-static,wfmanager_add_cgframes_to_ml_282,1.8358230590820312e-05,wfmanager_add_cgframes_to_ml
1135,cpu-static,wfmanager_update_jobs_282,1.4038817882537842,wfmanager_update_jobs
1136,cpu-static,wfmanager_add_new_patches_mlserver_283,0.21577000617980957,wfmanager_add_new_patches_mlserver
1137,cpu-static,wfmanager_add_new_patches_to_ml_283,1.430511474609375e-05,wfmanager_add_new_patches_to_ml
1138,cpu-static,wfmanager_add_cgframes_to_ml_283,2.384185791015625e-05,wfmanager_add_cgframes_to_ml
1139,cpu-static,wfmanager_update_jobs_283,1.305769681930542,wfmanager_update_jobs
1140,cpu-static,wfmanager_add_new_patches_mlserver_284,0.22874927520751953,wfmanager_add_new_patches_mlserver
1141,cpu-static,wfmanager_add_new_patches_to_ml_284,1.3828277587890625e-05,wfmanager_add_new_patches_to_ml
1142,cpu-static,wfmanager_add_cgframes_to_ml_284,4.315376281738281e-05,wfmanager_add_cgframes_to_ml
1143,cpu-static,wfmanager_update_jobs_284,1.566779613494873,wfmanager_update_jobs
1144,cpu-static,wfmanager_add_new_patches_mlserver_285,0.22705554962158203,wfmanager_add_new_patches_mlserver
1145,cpu-static,wfmanager_add_new_patches_to_ml_285,1.4781951904296875e-05,wfmanager_add_new_patches_to_ml
1146,cpu-static,wfmanager_add_cgframes_to_ml_285,3.504753112792969e-05,wfmanager_add_cgframes_to_ml
1147,cpu-static,wfmanager_update_jobs_285,1.1706774234771729,wfmanager_update_jobs
1148,cpu-static,wfmanager_add_new_patches_mlserver_286,0.20362544059753418,wfmanager_add_new_patches_mlserver
1149,cpu-static,wfmanager_add_new_patches_to_ml_286,1.430511474609375e-05,wfmanager_add_new_patches_to_ml
1150,cpu-static,wfmanager_add_cgframes_to_ml_286,1.8596649169921875e-05,wfmanager_add_cgframes_to_ml
1151,cpu-static,wfmanager_update_jobs_286,1.591644525527954,wfmanager_update_jobs
1152,cpu-static,wfmanager_add_new_patches_mlserver_287,0.285491943359375,wfmanager_add_new_patches_mlserver
1153,cpu-static,wfmanager_add_new_patches_to_ml_287,1.3589859008789062e-05,wfmanager_add_new_patches_to_ml
1154,cpu-static,wfmanager_add_cgframes_to_ml_287,1.5735626220703125e-05,wfmanager_add_cgframes_to_ml
1155,cpu-static,wfmanager_update_jobs_287,1.3771579265594482,wfmanager_update_jobs
1156,cpu-static,wfmanager_add_new_patches_mlserver_288,0.21910500526428223,wfmanager_add_new_patches_mlserver
1157,cpu-static,wfmanager_add_new_patches_to_ml_288,1.3589859008789062e-05,wfmanager_add_new_patches_to_ml
1158,cpu-static,wfmanager_add_cgframes_to_ml_288,1.7404556274414062e-05,wfmanager_add_cgframes_to_ml
1159,cpu-static,wfmanager_update_jobs_288,1.2705552577972412,wfmanager_update_jobs
1160,cpu-static,wfmanager_add_new_patches_mlserver_289,0.16916418075561523,wfmanager_add_new_patches_mlserver
1161,cpu-static,wfmanager_add_new_patches_to_ml_289,1.33514404296875e-05,wfmanager_add_new_patches_to_ml
1162,cpu-static,wfmanager_add_cgframes_to_ml_289,1.811981201171875e-05,wfmanager_add_cgframes_to_ml
1163,cpu-static,wfmanager_update_jobs_289,1.5074124336242676,wfmanager_update_jobs
1164,cpu-static,wfmanager_add_new_patches_mlserver_290,0.266141414642334,wfmanager_add_new_patches_mlserver
1165,cpu-static,wfmanager_add_new_patches_to_ml_290,1.4781951904296875e-05,wfmanager_add_new_patches_to_ml
1166,cpu-static,wfmanager_add_cgframes_to_ml_290,1.9311904907226562e-05,wfmanager_add_cgframes_to_ml
1167,cpu-static,wfmanager_update_jobs_290,1.4198133945465088,wfmanager_update_jobs
1168,cpu-static,wfmanager_add_new_patches_mlserver_291,0.38545656204223633,wfmanager_add_new_patches_mlserver
1169,cpu-static,wfmanager_add_new_patches_to_ml_291,1.5974044799804688e-05,wfmanager_add_new_patches_to_ml
1170,cpu-static,wfmanager_add_cgframes_to_ml_291,9.417533874511719e-05,wfmanager_add_cgframes_to_ml
1171,cpu-static,wfmanager_update_jobs_291,1.6092848777770996,wfmanager_update_jobs
1172,cpu-static,wfmanager_add_new_patches_mlserver_292,0.329789400100708,wfmanager_add_new_patches_mlserver
1173,cpu-static,wfmanager_add_new_patches_to_ml_292,1.621246337890625e-05,wfmanager_add_new_patches_to_ml
1174,cpu-static,wfmanager_add_cgframes_to_ml_292,1.9311904907226562e-05,wfmanager_add_cgframes_to_ml
1175,cpu-static,wfmanager_update_jobs_292,1.4615564346313477,wfmanager_update_jobs
1176,cpu-static,wfmanager_add_new_patches_mlserver_293,0.24640274047851562,wfmanager_add_new_patches_mlserver
1177,cpu-static,wfmanager_add_new_patches_to_ml_293,1.6689300537109375e-05,wfmanager_add_new_patches_to_ml
1178,cpu-static,wfmanager_add_cgframes_to_ml_293,2.2649765014648438e-05,wfmanager_add_cgframes_to_ml
1179,cpu-static,wfmanager_update_jobs_293,1.288712501525879,wfmanager_update_jobs
1180,cpu-static,wfmanager_add_new_patches_mlserver_294,0.28844404220581055,wfmanager_add_new_patches_mlserver
1181,cpu-static,wfmanager_add_new_patches_to_ml_294,1.4781951904296875e-05,wfmanager_add_new_patches_to_ml
1182,cpu-static,wfmanager_add_cgframes_to_ml_294,1.9788742065429688e-05,wfmanager_add_cgframes_to_ml
1183,cpu-static,wfmanager_update_jobs_294,1.3957099914550781,wfmanager_update_jobs
1184,cpu-static,wfmanager_add_new_patches_mlserver_295,0.2813901901245117,wfmanager_add_new_patches_mlserver
1185,cpu-static,wfmanager_add_new_patches_to_ml_295,1.7404556274414062e-05,wfmanager_add_new_patches_to_ml
1186,cpu-static,wfmanager_add_cgframes_to_ml_295,4.1484832763671875e-05,wfmanager_add_cgframes_to_ml
1187,cpu-static,wfmanager_update_jobs_295,1.3808104991912842,wfmanager_update_jobs
1188,cpu-static,wfmanager_add_new_patches_mlserver_296,0.19735980033874512,wfmanager_add_new_patches_mlserver
1189,cpu-static,wfmanager_add_new_patches_to_ml_296,1.8835067749023438e-05,wfmanager_add_new_patches_to_ml
1190,cpu-static,wfmanager_add_cgframes_to_ml_296,2.193450927734375e-05,wfmanager_add_cgframes_to_ml
1191,cpu-static,wfmanager_update_jobs_296,1.205963134765625,wfmanager_update_jobs
1192,cpu-static,wfmanager_add_new_patches_mlserver_297,0.3074765205383301,wfmanager_add_new_patches_mlserver
1193,cpu-static,wfmanager_add_new_patches_to_ml_297,1.4781951904296875e-05,wfmanager_add_new_patches_to_ml
1194,cpu-static,wfmanager_add_cgframes_to_ml_297,2.002716064453125e-05,wfmanager_add_cgframes_to_ml
1195,cpu-static,wfmanager_update_jobs_297,1.2721679210662842,wfmanager_update_jobs
1196,cpu-static,wfmanager_add_new_patches_mlserver_298,0.32210874557495117,wfmanager_add_new_patches_mlserver
1197,cpu-static,wfmanager_add_new_patches_to_ml_298,1.4781951904296875e-05,wfmanager_add_new_patches_to_ml
1198,cpu-static,wfmanager_add_cgframes_to_ml_298,2.288818359375e-05,wfmanager_add_cgframes_to_ml
1199,cpu-static,wfmanager_update_jobs_298,1.2703585624694824,wfmanager_update_jobs
1200,cpu-static,wfmanager_add_new_patches_mlserver_299,0.31410861015319824,wfmanager_add_new_patches_mlserver
1201,cpu-static,wfmanager_add_new_patches_to_ml_299,1.4781951904296875e-05,wfmanager_add_new_patches_to_ml
1202,cpu-static,wfmanager_add_cgframes_to_ml_299,0.00010895729064941406,wfmanager_add_cgframes_to_ml
1203,cpu-static,wfmanager_update_jobs_299,1.1392247676849365,wfmanager_update_jobs
1204,cpu-static,wfmanager_add_new_patches_mlserver_300,0.26905202865600586,wfmanager_add_new_patches_mlserver
1205,cpu-static,wfmanager_add_new_patches_to_ml_300,1.2874603271484375e-05,wfmanager_add_new_patches_to_ml
1206,cpu-static,wfmanager_add_cgframes_to_ml_300,1.3589859008789062e-05,wfmanager_add_cgframes_to_ml
1207,cpu-static,wfmanager_update_jobs_300,1.4586329460144043,wfmanager_update_jobs
1208,cpu-static,wfmanager_add_new_patches_mlserver_301,0.24639391899108887,wfmanager_add_new_patches_mlserver
1209,cpu-static,wfmanager_add_new_patches_to_ml_301,2.3126602172851562e-05,wfmanager_add_new_patches_to_ml
1210,cpu-static,wfmanager_add_cgframes_to_ml_301,2.2172927856445312e-05,wfmanager_add_cgframes_to_ml
1211,cpu-static,wfmanager_update_jobs_301,1.2753515243530273,wfmanager_update_jobs
1212,cpu-static,wfmanager_add_new_patches_mlserver_302,0.2422194480895996,wfmanager_add_new_patches_mlserver
1213,cpu-static,wfmanager_add_new_patches_to_ml_302,1.4781951904296875e-05,wfmanager_add_new_patches_to_ml
1214,cpu-static,wfmanager_add_cgframes_to_ml_302,2.09808349609375e-05,wfmanager_add_cgframes_to_ml
1215,cpu-static,wfmanager_update_jobs_302,1.4824459552764893,wfmanager_update_jobs
1216,cpu-static,wfmanager_add_new_patches_mlserver_303,0.2567417621612549,wfmanager_add_new_patches_mlserver
1217,cpu-static,wfmanager_add_new_patches_to_ml_303,1.4066696166992188e-05,wfmanager_add_new_patches_to_ml
1218,cpu-static,wfmanager_add_cgframes_to_ml_303,0.00011181831359863281,wfmanager_add_cgframes_to_ml
1219,cpu-static,wfmanager_update_jobs_303,1.4917151927947998,wfmanager_update_jobs
1220,cpu-static,wfmanager_add_new_patches_mlserver_304,0.19066715240478516,wfmanager_add_new_patches_mlserver
1221,cpu-static,wfmanager_add_new_patches_to_ml_304,1.5020370483398438e-05,wfmanager_add_new_patches_to_ml
1222,cpu-static,wfmanager_add_cgframes_to_ml_304,2.002716064453125e-05,wfmanager_add_cgframes_to_ml
1223,cpu-static,wfmanager_update_jobs_304,1.2887687683105469,wfmanager_update_jobs
1224,cpu-static,wfmanager_add_new_patches_mlserver_305,0.28171348571777344,wfmanager_add_new_patches_mlserver
1225,cpu-static,wfmanager_add_new_patches_to_ml_305,1.4066696166992188e-05,wfmanager_add_new_patches_to_ml
1226,cpu-static,wfmanager_add_cgframes_to_ml_305,1.8835067749023438e-05,wfmanager_add_cgframes_to_ml
1227,cpu-static,wfmanager_update_jobs_305,1.513669729232788,wfmanager_update_jobs
1228,cpu-static,wfmanager_add_new_patches_mlserver_306,0.2568643093109131,wfmanager_add_new_patches_mlserver
1229,cpu-static,wfmanager_add_new_patches_to_ml_306,1.5020370483398438e-05,wfmanager_add_new_patches_to_ml
1230,cpu-static,wfmanager_add_cgframes_to_ml_306,1.9073486328125e-05,wfmanager_add_cgframes_to_ml
1231,cpu-static,wfmanager_update_jobs_306,1.5072686672210693,wfmanager_update_jobs
1232,cpu-static,wfmanager_add_new_patches_mlserver_307,0.3387906551361084,wfmanager_add_new_patches_mlserver
1233,cpu-static,wfmanager_add_new_patches_to_ml_307,1.430511474609375e-05,wfmanager_add_new_patches_to_ml
1234,cpu-static,wfmanager_add_cgframes_to_ml_307,7.319450378417969e-05,wfmanager_add_cgframes_to_ml
1235,cpu-static,wfmanager_update_jobs_307,1.3159408569335938,wfmanager_update_jobs
1236,cpu-static,wfmanager_add_new_patches_mlserver_308,0.22912263870239258,wfmanager_add_new_patches_mlserver
1237,cpu-static,wfmanager_add_new_patches_to_ml_308,1.621246337890625e-05,wfmanager_add_new_patches_to_ml
1238,cpu-static,wfmanager_add_cgframes_to_ml_308,0.00011348724365234375,wfmanager_add_cgframes_to_ml
1239,cpu-static,wfmanager_update_jobs_308,1.4122428894042969,wfmanager_update_jobs
1240,cpu-static,wfmanager_add_new_patches_mlserver_309,0.2334282398223877,wfmanager_add_new_patches_mlserver
1241,cpu-static,wfmanager_add_new_patches_to_ml_309,1.52587890625e-05,wfmanager_add_new_patches_to_ml
1242,cpu-static,wfmanager_add_cgframes_to_ml_309,1.8358230590820312e-05,wfmanager_add_cgframes_to_ml
1243,cpu-static,wfmanager_update_jobs_309,1.5945496559143066,wfmanager_update_jobs
1244,cpu-static,wfmanager_add_new_patches_mlserver_310,0.2888197898864746,wfmanager_add_new_patches_mlserver
1245,cpu-static,wfmanager_add_new_patches_to_ml_310,1.4066696166992188e-05,wfmanager_add_new_patches_to_ml
1246,cpu-static,wfmanager_add_cgframes_to_ml_310,4.57763671875e-05,wfmanager_add_cgframes_to_ml
1247,cpu-static,wfmanager_update_jobs_310,1.5387592315673828,wfmanager_update_jobs
1248,cpu-static,wfmanager_add_new_patches_mlserver_311,0.2273702621459961,wfmanager_add_new_patches_mlserver
1249,cpu-static,wfmanager_add_new_patches_to_ml_311,1.6927719116210938e-05,wfmanager_add_new_patches_to_ml
1250,cpu-static,wfmanager_add_cgframes_to_ml_311,1.7881393432617188e-05,wfmanager_add_cgframes_to_ml
1251,cpu-static,wfmanager_update_jobs_311,1.6128623485565186,wfmanager_update_jobs
1252,cpu-static,wfmanager_add_new_patches_mlserver_312,0.19296765327453613,wfmanager_add_new_patches_mlserver
1253,cpu-static,wfmanager_add_new_patches_to_ml_312,2.0265579223632812e-05,wfmanager_add_new_patches_to_ml
1254,cpu-static,wfmanager_add_cgframes_to_ml_312,1.4543533325195312e-05,wfmanager_add_cgframes_to_ml
1255,cpu-static,wfmanager_update_jobs_312,1.4737482070922852,wfmanager_update_jobs
1256,cpu-static,wfmanager_add_new_patches_mlserver_313,0.3102848529815674,wfmanager_add_new_patches_mlserver
1257,cpu-static,wfmanager_add_new_patches_to_ml_313,1.3828277587890625e-05,wfmanager_add_new_patches_to_ml
1258,cpu-static,wfmanager_add_cgframes_to_ml_313,1.8358230590820312e-05,wfmanager_add_cgframes_to_ml
1259,cpu-static,wfmanager_update_jobs_313,1.9810950756072998,wfmanager_update_jobs
1260,cpu-static,wfmanager_add_new_patches_mlserver_314,0.3028573989868164,wfmanager_add_new_patches_mlserver
1261,cpu-static,wfmanager_add_new_patches_to_ml_314,1.5497207641601562e-05,wfmanager_add_new_patches_to_ml
1262,cpu-static,wfmanager_add_cgframes_to_ml_314,0.000102996826171875,wfmanager_add_cgframes_to_ml
1263,cpu-static,wfmanager_update_jobs_314,1.6764295101165771,wfmanager_update_jobs
1264,cpu-static,wfmanager_add_new_patches_mlserver_315,0.3479957580566406,wfmanager_add_new_patches_mlserver
1265,cpu-static,wfmanager_add_new_patches_to_ml_315,1.2636184692382812e-05,wfmanager_add_new_patches_to_ml
1266,cpu-static,wfmanager_add_cgframes_to_ml_315,0.00010800361633300781,wfmanager_add_cgframes_to_ml
1267,cpu-static,wfmanager_update_jobs_315,1.4659814834594727,wfmanager_update_jobs
1268,cpu-static,wfmanager_add_new_patches_mlserver_316,5.546609401702881,wfmanager_add_new_patches_mlserver
1269,cpu-static,wfmanager_add_new_patches_to_ml_316,1.7642974853515625e-05,wfmanager_add_new_patches_to_ml
1270,cpu-static,wfmanager_add_cgframes_to_ml_316,1.8596649169921875e-05,wfmanager_add_cgframes_to_ml
1271,cpu-static,wfmanager_update_jobs_316,1.715743064880371,wfmanager_update_jobs
1272,cpu-static,wfmanager_add_new_patches_mlserver_317,0.2720217704772949,wfmanager_add_new_patches_mlserver
1273,cpu-static,wfmanager_add_new_patches_to_ml_317,1.8358230590820312e-05,wfmanager_add_new_patches_to_ml
1274,cpu-static,wfmanager_add_cgframes_to_ml_317,2.0503997802734375e-05,wfmanager_add_cgframes_to_ml
1275,cpu-static,wfmanager_update_jobs_317,1.3346867561340332,wfmanager_update_jobs
1276,cpu-static,wfmanager_add_new_patches_mlserver_318,0.24973130226135254,wfmanager_add_new_patches_mlserver
1277,cpu-static,wfmanager_add_new_patches_to_ml_318,1.811981201171875e-05,wfmanager_add_new_patches_to_ml
1278,cpu-static,wfmanager_add_cgframes_to_ml_318,4.9114227294921875e-05,wfmanager_add_cgframes_to_ml
1279,cpu-static,wfmanager_update_jobs_318,1.3305308818817139,wfmanager_update_jobs
1280,cpu-static,wfmanager_add_new_patches_mlserver_319,0.2236919403076172,wfmanager_add_new_patches_mlserver
1281,cpu-static,wfmanager_add_new_patches_to_ml_319,1.5974044799804688e-05,wfmanager_add_new_patches_to_ml
1282,cpu-static,wfmanager_add_cgframes_to_ml_319,2.7894973754882812e-05,wfmanager_add_cgframes_to_ml
1283,cpu-static,wfmanager_update_jobs_319,1.7264509201049805,wfmanager_update_jobs
1284,cpu-static,wfmanager_add_new_patches_mlserver_320,0.26938533782958984,wfmanager_add_new_patches_mlserver
1285,cpu-static,wfmanager_add_new_patches_to_ml_320,1.4066696166992188e-05,wfmanager_add_new_patches_to_ml
1286,cpu-static,wfmanager_add_cgframes_to_ml_320,1.8358230590820312e-05,wfmanager_add_cgframes_to_ml
1287,cpu-static,wfmanager_update_jobs_320,1.604593276977539,wfmanager_update_jobs
1288,cpu-static,wfmanager_add_new_patches_mlserver_321,0.18729162216186523,wfmanager_add_new_patches_mlserver
1289,cpu-static,wfmanager_add_new_patches_to_ml_321,1.5974044799804688e-05,wfmanager_add_new_patches_to_ml
1290,cpu-static,wfmanager_add_cgframes_to_ml_321,2.2649765014648438e-05,wfmanager_add_cgframes_to_ml
1291,cpu-static,wfmanager_update_jobs_321,1.2814292907714844,wfmanager_update_jobs
1292,cpu-static,wfmanager_add_new_patches_mlserver_322,0.18085670471191406,wfmanager_add_new_patches_mlserver
1293,cpu-static,wfmanager_add_new_patches_to_ml_322,1.5735626220703125e-05,wfmanager_add_new_patches_to_ml
1294,cpu-static,wfmanager_add_cgframes_to_ml_322,1.5735626220703125e-05,wfmanager_add_cgframes_to_ml
1295,cpu-static,wfmanager_update_jobs_322,0.9414050579071045,wfmanager_update_jobs
1296,cpu-static,wfmanager_add_new_patches_mlserver_323,0.18717217445373535,wfmanager_add_new_patches_mlserver
1297,cpu-static,wfmanager_add_new_patches_to_ml_323,1.4781951904296875e-05,wfmanager_add_new_patches_to_ml
1298,cpu-static,wfmanager_add_cgframes_to_ml_323,1.4066696166992188e-05,wfmanager_add_cgframes_to_ml
1299,cpu-static,wfmanager_update_jobs_323,1.5173137187957764,wfmanager_update_jobs
1300,cpu-static,wfmanager_add_new_patches_mlserver_324,0.3014686107635498,wfmanager_add_new_patches_mlserver
1301,cpu-static,wfmanager_add_new_patches_to_ml_324,1.7642974853515625e-05,wfmanager_add_new_patches_to_ml
1302,cpu-static,wfmanager_add_cgframes_to_ml_324,1.8835067749023438e-05,wfmanager_add_cgframes_to_ml
1303,cpu-static,wfmanager_update_jobs_324,1.365795612335205,wfmanager_update_jobs
1304,cpu-static,wfmanager_add_new_patches_mlserver_325,0.5227494239807129,wfmanager_add_new_patches_mlserver
1305,cpu-static,wfmanager_add_new_patches_to_ml_325,8.082389831542969e-05,wfmanager_add_new_patches_to_ml
1306,cpu-static,wfmanager_add_cgframes_to_ml_325,1.8596649169921875e-05,wfmanager_add_cgframes_to_ml
1307,cpu-static,wfmanager_update_jobs_325,1.6546821594238281,wfmanager_update_jobs
1308,cpu-static,wfmanager_add_new_patches_mlserver_326,3.0363388061523438,wfmanager_add_new_patches_mlserver
1309,cpu-static,wfmanager_add_new_patches_to_ml_326,1.7881393432617188e-05,wfmanager_add_new_patches_to_ml
1310,cpu-static,wfmanager_add_cgframes_to_ml_326,2.8371810913085938e-05,wfmanager_add_cgframes_to_ml
1311,cpu-static,wfmanager_update_jobs_326,1.6167173385620117,wfmanager_update_jobs
1312,cpu-static,wfmanager_add_new_patches_mlserver_327,0.30426692962646484,wfmanager_add_new_patches_mlserver
1313,cpu-static,wfmanager_add_new_patches_to_ml_327,3.528594970703125e-05,wfmanager_add_new_patches_to_ml
1314,cpu-static,wfmanager_add_cgframes_to_ml_327,2.0503997802734375e-05,wfmanager_add_cgframes_to_ml
1315,cpu-static,wfmanager_update_jobs_327,1.3643641471862793,wfmanager_update_jobs
1316,cpu-static,wfmanager_add_new_patches_mlserver_328,0.25652551651000977,wfmanager_add_new_patches_mlserver
1317,cpu-static,wfmanager_add_new_patches_to_ml_328,1.3113021850585938e-05,wfmanager_add_new_patches_to_ml
1318,cpu-static,wfmanager_add_cgframes_to_ml_328,4.935264587402344e-05,wfmanager_add_cgframes_to_ml
1319,cpu-static,wfmanager_update_jobs_328,1.431924819946289,wfmanager_update_jobs
1320,cpu-static,wfmanager_add_new_patches_mlserver_329,0.2588644027709961,wfmanager_add_new_patches_mlserver
1321,cpu-static,wfmanager_add_new_patches_to_ml_329,2.5033950805664062e-05,wfmanager_add_new_patches_to_ml
1322,cpu-static,wfmanager_add_cgframes_to_ml_329,3.4809112548828125e-05,wfmanager_add_cgframes_to_ml
1323,cpu-static,wfmanager_update_jobs_329,1.5283000469207764,wfmanager_update_jobs
1324,cpu-static,wfmanager_add_new_patches_mlserver_330,0.23069214820861816,wfmanager_add_new_patches_mlserver
1325,cpu-static,wfmanager_add_new_patches_to_ml_330,1.4781951904296875e-05,wfmanager_add_new_patches_to_ml
1326,cpu-static,wfmanager_add_cgframes_to_ml_330,1.6689300537109375e-05,wfmanager_add_cgframes_to_ml
1327,cpu-static,wfmanager_update_jobs_330,1.4297738075256348,wfmanager_update_jobs
1328,cpu-static,wfmanager_add_new_patches_mlserver_331,0.28797364234924316,wfmanager_add_new_patches_mlserver
1329,cpu-static,wfmanager_add_new_patches_to_ml_331,1.5020370483398438e-05,wfmanager_add_new_patches_to_ml
1330,cpu-static,wfmanager_add_cgframes_to_ml_331,2.2649765014648438e-05,wfmanager_add_cgframes_to_ml
1331,cpu-static,wfmanager_update_jobs_331,1.8073606491088867,wfmanager_update_jobs
1332,cpu-static,wfmanager_add_new_patches_mlserver_332,0.3117949962615967,wfmanager_add_new_patches_mlserver
1333,cpu-static,wfmanager_add_new_patches_to_ml_332,1.5735626220703125e-05,wfmanager_add_new_patches_to_ml
1334,cpu-static,wfmanager_add_cgframes_to_ml_332,2.1696090698242188e-05,wfmanager_add_cgframes_to_ml
1335,cpu-static,wfmanager_update_jobs_332,1.6574397087097168,wfmanager_update_jobs
1336,cpu-static,wfmanager_add_new_patches_mlserver_333,0.25814151763916016,wfmanager_add_new_patches_mlserver
1337,cpu-static,wfmanager_add_new_patches_to_ml_333,1.5497207641601562e-05,wfmanager_add_new_patches_to_ml
1338,cpu-static,wfmanager_add_cgframes_to_ml_333,1.9550323486328125e-05,wfmanager_add_cgframes_to_ml
1339,cpu-static,wfmanager_update_jobs_333,1.5568552017211914,wfmanager_update_jobs
1340,cpu-static,wfmanager_add_new_patches_mlserver_334,0.2309117317199707,wfmanager_add_new_patches_mlserver
1341,cpu-static,wfmanager_add_new_patches_to_ml_334,1.5020370483398438e-05,wfmanager_add_new_patches_to_ml
1342,cpu-static,wfmanager_add_cgframes_to_ml_334,2.002716064453125e-05,wfmanager_add_cgframes_to_ml
1343,cpu-static,wfmanager_update_jobs_334,1.5860459804534912,wfmanager_update_jobs
1344,cpu-static,wfmanager_add_new_patches_mlserver_335,0.266815185546875,wfmanager_add_new_patches_mlserver
1345,cpu-static,wfmanager_add_new_patches_to_ml_335,1.7642974853515625e-05,wfmanager_add_new_patches_to_ml
1346,cpu-static,wfmanager_add_cgframes_to_ml_335,2.2172927856445312e-05,wfmanager_add_cgframes_to_ml
1347,cpu-static,wfmanager_update_jobs_335,1.5449132919311523,wfmanager_update_jobs
1348,cpu-static,wfmanager_add_new_patches_mlserver_336,0.2928154468536377,wfmanager_add_new_patches_mlserver
1349,cpu-static,wfmanager_add_new_patches_to_ml_336,1.6927719116210938e-05,wfmanager_add_new_patches_to_ml
1350,cpu-static,wfmanager_add_cgframes_to_ml_336,3.838539123535156e-05,wfmanager_add_cgframes_to_ml
1351,cpu-static,wfmanager_update_jobs_336,1.3437516689300537,wfmanager_update_jobs
1352,cpu-static,wfmanager_add_new_patches_mlserver_337,0.33776378631591797,wfmanager_add_new_patches_mlserver
1353,cpu-static,wfmanager_add_new_patches_to_ml_337,6.723403930664062e-05,wfmanager_add_new_patches_to_ml
1354,cpu-static,wfmanager_add_cgframes_to_ml_337,1.6450881958007812e-05,wfmanager_add_cgframes_to_ml
1355,cpu-static,wfmanager_update_jobs_337,1.5959322452545166,wfmanager_update_jobs
1356,cpu-static,wfmanager_add_new_patches_mlserver_338,0.3289518356323242,wfmanager_add_new_patches_mlserver
1357,cpu-static,wfmanager_add_new_patches_to_ml_338,2.4557113647460938e-05,wfmanager_add_new_patches_to_ml
1358,cpu-static,wfmanager_add_cgframes_to_ml_338,1.8596649169921875e-05,wfmanager_add_cgframes_to_ml
1359,cpu-static,wfmanager_update_jobs_338,1.569176197052002,wfmanager_update_jobs
1360,cpu-static,wfmanager_add_new_patches_mlserver_339,0.25942039489746094,wfmanager_add_new_patches_mlserver
1361,cpu-static,wfmanager_add_new_patches_to_ml_339,1.2159347534179688e-05,wfmanager_add_new_patches_to_ml
1362,cpu-static,wfmanager_add_cgframes_to_ml_339,6.175041198730469e-05,wfmanager_add_cgframes_to_ml
1363,cpu-static,wfmanager_update_jobs_339,1.4233462810516357,wfmanager_update_jobs
1364,cpu-static,wfmanager_add_new_patches_mlserver_340,0.3237950801849365,wfmanager_add_new_patches_mlserver
1365,cpu-static,wfmanager_add_new_patches_to_ml_340,0.00010514259338378906,wfmanager_add_new_patches_to_ml
1366,cpu-static,wfmanager_add_cgframes_to_ml_340,2.3365020751953125e-05,wfmanager_add_cgframes_to_ml
1367,cpu-static,wfmanager_update_jobs_340,1.8007638454437256,wfmanager_update_jobs
1368,cpu-static,wfmanager_add_new_patches_mlserver_341,0.2554819583892822,wfmanager_add_new_patches_mlserver
1369,cpu-static,wfmanager_add_new_patches_to_ml_341,1.5497207641601562e-05,wfmanager_add_new_patches_to_ml
1370,cpu-static,wfmanager_add_cgframes_to_ml_341,2.002716064453125e-05,wfmanager_add_cgframes_to_ml
1371,cpu-static,wfmanager_update_jobs_341,1.3164310455322266,wfmanager_update_jobs
1372,cpu-static,wfmanager_add_new_patches_mlserver_342,0.26853251457214355,wfmanager_add_new_patches_mlserver
1373,cpu-static,wfmanager_add_new_patches_to_ml_342,1.2636184692382812e-05,wfmanager_add_new_patches_to_ml
1374,cpu-static,wfmanager_add_cgframes_to_ml_342,1.7642974853515625e-05,wfmanager_add_cgframes_to_ml
1375,cpu-static,wfmanager_update_jobs_342,1.2811863422393799,wfmanager_update_jobs
1376,cpu-static,wfmanager_add_new_patches_mlserver_343,0.2501339912414551,wfmanager_add_new_patches_mlserver
1377,cpu-static,wfmanager_add_new_patches_to_ml_343,1.5497207641601562e-05,wfmanager_add_new_patches_to_ml
1378,cpu-static,wfmanager_add_cgframes_to_ml_343,2.0742416381835938e-05,wfmanager_add_cgframes_to_ml
1379,cpu-static,wfmanager_update_jobs_343,1.4642066955566406,wfmanager_update_jobs
1380,cpu-static,wfmanager_add_new_patches_mlserver_344,0.33927202224731445,wfmanager_add_new_patches_mlserver
1381,cpu-static,wfmanager_add_new_patches_to_ml_344,1.71661376953125e-05,wfmanager_add_new_patches_to_ml
1382,cpu-static,wfmanager_add_cgframes_to_ml_344,5.340576171875e-05,wfmanager_add_cgframes_to_ml
1383,cpu-static,wfmanager_update_jobs_344,1.663292407989502,wfmanager_update_jobs
1384,cpu-static,wfmanager_add_new_patches_mlserver_345,0.2046811580657959,wfmanager_add_new_patches_mlserver
1385,cpu-static,wfmanager_add_new_patches_to_ml_345,1.3828277587890625e-05,wfmanager_add_new_patches_to_ml
1386,cpu-static,wfmanager_add_cgframes_to_ml_345,3.1948089599609375e-05,wfmanager_add_cgframes_to_ml
1387,cpu-static,wfmanager_update_jobs_345,1.589402675628662,wfmanager_update_jobs
1388,cpu-static,wfmanager_add_new_patches_mlserver_346,0.32091188430786133,wfmanager_add_new_patches_mlserver
1389,cpu-static,wfmanager_add_new_patches_to_ml_346,3.0040740966796875e-05,wfmanager_add_new_patches_to_ml
1390,cpu-static,wfmanager_add_cgframes_to_ml_346,1.5735626220703125e-05,wfmanager_add_cgframes_to_ml
1391,cpu-static,wfmanager_update_jobs_346,1.4206814765930176,wfmanager_update_jobs
1392,cpu-static,wfmanager_add_new_patches_mlserver_347,0.24677586555480957,wfmanager_add_new_patches_mlserver
1393,cpu-static,wfmanager_add_new_patches_to_ml_347,1.2874603271484375e-05,wfmanager_add_new_patches_to_ml
1394,cpu-static,wfmanager_add_cgframes_to_ml_347,1.5735626220703125e-05,wfmanager_add_cgframes_to_ml
1395,cpu-static,wfmanager_update_jobs_347,1.4523077011108398,wfmanager_update_jobs
1396,cpu-static,wfmanager_add_new_patches_mlserver_348,0.20830202102661133,wfmanager_add_new_patches_mlserver
1397,cpu-static,wfmanager_add_new_patches_to_ml_348,1.3113021850585938e-05,wfmanager_add_new_patches_to_ml
1398,cpu-static,wfmanager_add_cgframes_to_ml_348,4.792213439941406e-05,wfmanager_add_cgframes_to_ml
1399,cpu-static,wfmanager_update_jobs_348,1.3705248832702637,wfmanager_update_jobs
1400,cpu-static,wfmanager_add_new_patches_mlserver_349,0.33451342582702637,wfmanager_add_new_patches_mlserver
1401,cpu-static,wfmanager_add_new_patches_to_ml_349,1.2159347534179688e-05,wfmanager_add_new_patches_to_ml
1402,cpu-static,wfmanager_add_cgframes_to_ml_349,1.8835067749023438e-05,wfmanager_add_cgframes_to_ml
1403,cpu-static,wfmanager_update_jobs_349,1.599466323852539,wfmanager_update_jobs
1404,cpu-static,wfmanager_add_new_patches_mlserver_350,0.2947046756744385,wfmanager_add_new_patches_mlserver
1405,cpu-static,wfmanager_add_new_patches_to_ml_350,1.5020370483398438e-05,wfmanager_add_new_patches_to_ml
1406,cpu-static,wfmanager_add_cgframes_to_ml_350,2.0265579223632812e-05,wfmanager_add_cgframes_to_ml
1407,cpu-static,wfmanager_update_jobs_350,1.644660234451294,wfmanager_update_jobs
1408,cpu-static,wfmanager_add_new_patches_mlserver_351,0.27560853958129883,wfmanager_add_new_patches_mlserver
1409,cpu-static,wfmanager_add_new_patches_to_ml_351,2.1457672119140625e-05,wfmanager_add_new_patches_to_ml
1410,cpu-static,wfmanager_add_cgframes_to_ml_351,1.8596649169921875e-05,wfmanager_add_cgframes_to_ml
1411,cpu-static,wfmanager_update_jobs_351,1.3028194904327393,wfmanager_update_jobs
1412,cpu-static,wfmanager_add_new_patches_mlserver_352,0.427675724029541,wfmanager_add_new_patches_mlserver
1413,cpu-static,wfmanager_add_new_patches_to_ml_352,1.3828277587890625e-05,wfmanager_add_new_patches_to_ml
1414,cpu-static,wfmanager_add_cgframes_to_ml_352,1.8835067749023438e-05,wfmanager_add_cgframes_to_ml
1415,cpu-static,wfmanager_update_jobs_352,1.6652262210845947,wfmanager_update_jobs
1416,cpu-static,wfmanager_add_new_patches_mlserver_353,0.2596867084503174,wfmanager_add_new_patches_mlserver
1417,cpu-static,wfmanager_add_new_patches_to_ml_353,1.5020370483398438e-05,wfmanager_add_new_patches_to_ml
1418,cpu-static,wfmanager_add_cgframes_to_ml_353,1.6689300537109375e-05,wfmanager_add_cgframes_to_ml
1419,cpu-static,wfmanager_update_jobs_353,1.8121788501739502,wfmanager_update_jobs
1420,cpu-static,wfmanager_add_new_patches_mlserver_354,0.24400782585144043,wfmanager_add_new_patches_mlserver
1421,cpu-static,wfmanager_add_new_patches_to_ml_354,1.7404556274414062e-05,wfmanager_add_new_patches_to_ml
1422,cpu-static,wfmanager_add_cgframes_to_ml_354,2.6941299438476562e-05,wfmanager_add_cgframes_to_ml
1423,cpu-static,wfmanager_update_jobs_354,1.3928208351135254,wfmanager_update_jobs
1424,cpu-static,wfmanager_add_new_patches_mlserver_355,0.2378993034362793,wfmanager_add_new_patches_mlserver
1425,cpu-static,wfmanager_add_new_patches_to_ml_355,1.3828277587890625e-05,wfmanager_add_new_patches_to_ml
1426,cpu-static,wfmanager_add_cgframes_to_ml_355,1.8358230590820312e-05,wfmanager_add_cgframes_to_ml
1427,cpu-static,wfmanager_update_jobs_355,1.5479915142059326,wfmanager_update_jobs
1428,cpu-static,wfmanager_add_new_patches_mlserver_356,0.43930959701538086,wfmanager_add_new_patches_mlserver
1429,cpu-static,wfmanager_add_new_patches_to_ml_356,1.2874603271484375e-05,wfmanager_add_new_patches_to_ml
1430,cpu-static,wfmanager_add_cgframes_to_ml_356,4.267692565917969e-05,wfmanager_add_cgframes_to_ml
1431,cpu-static,wfmanager_update_jobs_356,2.3122596740722656,wfmanager_update_jobs
1432,cpu-static,wfmanager_add_new_patches_mlserver_357,0.3471188545227051,wfmanager_add_new_patches_mlserver
1433,cpu-static,wfmanager_add_new_patches_to_ml_357,1.33514404296875e-05,wfmanager_add_new_patches_to_ml
1434,cpu-static,wfmanager_add_cgframes_to_ml_357,1.6927719116210938e-05,wfmanager_add_cgframes_to_ml
1435,cpu-static,wfmanager_update_jobs_357,1.647674798965454,wfmanager_update_jobs
1436,cpu-static,wfmanager_add_new_patches_mlserver_358,0.3838462829589844,wfmanager_add_new_patches_mlserver
1437,cpu-static,wfmanager_add_new_patches_to_ml_358,1.2874603271484375e-05,wfmanager_add_new_patches_to_ml
1438,cpu-static,wfmanager_add_cgframes_to_ml_358,1.5735626220703125e-05,wfmanager_add_cgframes_to_ml
1439,cpu-static,wfmanager_update_jobs_358,1.585172414779663,wfmanager_update_jobs
1440,cpu-static,wfmanager_add_new_patches_mlserver_359,0.41435813903808594,wfmanager_add_new_patches_mlserver
1441,cpu-static,wfmanager_add_new_patches_to_ml_359,1.7642974853515625e-05,wfmanager_add_new_patches_to_ml
1442,cpu-static,wfmanager_add_cgframes_to_ml_359,2.0503997802734375e-05,wfmanager_add_cgframes_to_ml
1443,cpu-static,wfmanager_update_jobs_359,1.6343061923980713,wfmanager_update_jobs
1444,cpu-static,wfmanager_add_new_patches_mlserver_360,0.30104565620422363,wfmanager_add_new_patches_mlserver
1445,cpu-static,wfmanager_add_new_patches_to_ml_360,1.8358230590820312e-05,wfmanager_add_new_patches_to_ml
1446,cpu-static,wfmanager_add_cgframes_to_ml_360,1.9788742065429688e-05,wfmanager_add_cgframes_to_ml
1447,cpu-static,wfmanager_update_jobs_360,1.6861093044281006,wfmanager_update_jobs
1448,cpu-static,wfmanager_add_new_patches_mlserver_361,0.27823853492736816,wfmanager_add_new_patches_mlserver
1449,cpu-static,wfmanager_add_new_patches_to_ml_361,1.5497207641601562e-05,wfmanager_add_new_patches_to_ml
1450,cpu-static,wfmanager_add_cgframes_to_ml_361,2.0265579223632812e-05,wfmanager_add_cgframes_to_ml
1451,cpu-static,wfmanager_update_jobs_361,1.6808891296386719,wfmanager_update_jobs
1452,cpu-static,wfmanager_add_new_patches_mlserver_362,0.26059842109680176,wfmanager_add_new_patches_mlserver
1453,cpu-static,wfmanager_add_new_patches_to_ml_362,1.5735626220703125e-05,wfmanager_add_new_patches_to_ml
1454,cpu-static,wfmanager_add_cgframes_to_ml_362,2.1696090698242188e-05,wfmanager_add_cgframes_to_ml
1455,cpu-static,wfmanager_update_jobs_362,1.4106969833374023,wfmanager_update_jobs
1456,cpu-static,wfmanager_add_new_patches_mlserver_363,0.25803327560424805,wfmanager_add_new_patches_mlserver
1457,cpu-static,wfmanager_add_new_patches_to_ml_363,3.2901763916015625e-05,wfmanager_add_new_patches_to_ml
1458,cpu-static,wfmanager_add_cgframes_to_ml_363,1.7881393432617188e-05,wfmanager_add_cgframes_to_ml
1459,cpu-static,wfmanager_update_jobs_363,1.4174940586090088,wfmanager_update_jobs
1460,cpu-static,wfmanager_add_new_patches_mlserver_364,0.3001370429992676,wfmanager_add_new_patches_mlserver
1461,cpu-static,wfmanager_add_new_patches_to_ml_364,7.700920104980469e-05,wfmanager_add_new_patches_to_ml
1462,cpu-static,wfmanager_add_cgframes_to_ml_364,1.7881393432617188e-05,wfmanager_add_cgframes_to_ml
1463,cpu-static,wfmanager_update_jobs_364,1.524921178817749,wfmanager_update_jobs
1464,cpu-static,wfmanager_add_new_patches_mlserver_365,0.27890634536743164,wfmanager_add_new_patches_mlserver
1465,cpu-static,wfmanager_add_new_patches_to_ml_365,1.33514404296875e-05,wfmanager_add_new_patches_to_ml
1466,cpu-static,wfmanager_add_cgframes_to_ml_365,1.7642974853515625e-05,wfmanager_add_cgframes_to_ml
1467,cpu-static,wfmanager_update_jobs_365,1.5728511810302734,wfmanager_update_jobs
1468,cpu-static,wfmanager_add_new_patches_mlserver_366,0.2513256072998047,wfmanager_add_new_patches_mlserver
1469,cpu-static,wfmanager_add_new_patches_to_ml_366,2.5033950805664062e-05,wfmanager_add_new_patches_to_ml
1470,cpu-static,wfmanager_add_cgframes_to_ml_366,2.5272369384765625e-05,wfmanager_add_cgframes_to_ml
1471,cpu-static,wfmanager_update_jobs_366,1.2979538440704346,wfmanager_update_jobs
1472,cpu-static,wfmanager_add_new_patches_mlserver_367,0.23309040069580078,wfmanager_add_new_patches_mlserver
1473,cpu-static,wfmanager_add_new_patches_to_ml_367,1.6450881958007812e-05,wfmanager_add_new_patches_to_ml
1474,cpu-static,wfmanager_add_cgframes_to_ml_367,1.9311904907226562e-05,wfmanager_add_cgframes_to_ml
1475,cpu-static,wfmanager_update_jobs_367,1.8682458400726318,wfmanager_update_jobs
1476,cpu-static,wfmanager_add_new_patches_mlserver_368,0.34978485107421875,wfmanager_add_new_patches_mlserver
1477,cpu-static,wfmanager_add_new_patches_to_ml_368,1.52587890625e-05,wfmanager_add_new_patches_to_ml
1478,cpu-static,wfmanager_add_cgframes_to_ml_368,2.002716064453125e-05,wfmanager_add_cgframes_to_ml
1479,cpu-static,wfmanager_update_jobs_368,1.5068659782409668,wfmanager_update_jobs
1480,cpu-static,wfmanager_add_new_patches_mlserver_369,0.4244215488433838,wfmanager_add_new_patches_mlserver
1481,cpu-static,wfmanager_add_new_patches_to_ml_369,1.4781951904296875e-05,wfmanager_add_new_patches_to_ml
1482,cpu-static,wfmanager_add_cgframes_to_ml_369,1.7881393432617188e-05,wfmanager_add_cgframes_to_ml
1483,cpu-static,wfmanager_update_jobs_369,1.579240083694458,wfmanager_update_jobs
1484,cpu-static,wfmanager_add_new_patches_mlserver_370,0.2921466827392578,wfmanager_add_new_patches_mlserver
1485,cpu-static,wfmanager_add_new_patches_to_ml_370,1.5020370483398438e-05,wfmanager_add_new_patches_to_ml
1486,cpu-static,wfmanager_add_cgframes_to_ml_370,1.6927719116210938e-05,wfmanager_add_cgframes_to_ml
1487,cpu-static,wfmanager_update_jobs_370,1.4281649589538574,wfmanager_update_jobs
1488,cpu-static,wfmanager_add_new_patches_mlserver_371,0.3475456237792969,wfmanager_add_new_patches_mlserver
1489,cpu-static,wfmanager_add_new_patches_to_ml_371,1.621246337890625e-05,wfmanager_add_new_patches_to_ml
1490,cpu-static,wfmanager_add_cgframes_to_ml_371,2.4318695068359375e-05,wfmanager_add_cgframes_to_ml
1491,cpu-static,wfmanager_update_jobs_371,1.8130860328674316,wfmanager_update_jobs
1492,cpu-static,wfmanager_add_new_patches_mlserver_372,0.38796329498291016,wfmanager_add_new_patches_mlserver
1493,cpu-static,wfmanager_add_new_patches_to_ml_372,1.3113021850585938e-05,wfmanager_add_new_patches_to_ml
1494,cpu-static,wfmanager_add_cgframes_to_ml_372,2.0742416381835938e-05,wfmanager_add_cgframes_to_ml
1495,cpu-static,wfmanager_update_jobs_372,1.4371979236602783,wfmanager_update_jobs
1496,cpu-static,wfmanager_add_new_patches_mlserver_373,0.23878169059753418,wfmanager_add_new_patches_mlserver
1497,cpu-static,wfmanager_add_new_patches_to_ml_373,1.239776611328125e-05,wfmanager_add_new_patches_to_ml
1498,cpu-static,wfmanager_add_cgframes_to_ml_373,1.811981201171875e-05,wfmanager_add_cgframes_to_ml
1499,cpu-static,wfmanager_update_jobs_373,1.8971738815307617,wfmanager_update_jobs
1500,cpu-static,wfmanager_add_new_patches_mlserver_374,0.2831447124481201,wfmanager_add_new_patches_mlserver
1501,cpu-static,wfmanager_add_new_patches_to_ml_374,1.239776611328125e-05,wfmanager_add_new_patches_to_ml
1502,cpu-static,wfmanager_add_cgframes_to_ml_374,1.6927719116210938e-05,wfmanager_add_cgframes_to_ml
1503,cpu-static,wfmanager_update_jobs_374,1.5073621273040771,wfmanager_update_jobs
1504,cpu-static,wfmanager_add_new_patches_mlserver_375,0.262819766998291,wfmanager_add_new_patches_mlserver
1505,cpu-static,wfmanager_add_new_patches_to_ml_375,1.430511474609375e-05,wfmanager_add_new_patches_to_ml
1506,cpu-static,wfmanager_add_cgframes_to_ml_375,4.1484832763671875e-05,wfmanager_add_cgframes_to_ml
1507,cpu-static,wfmanager_update_jobs_375,1.6224558353424072,wfmanager_update_jobs
1508,cpu-static,wfmanager_add_new_patches_mlserver_376,0.30774998664855957,wfmanager_add_new_patches_mlserver
1509,cpu-static,wfmanager_add_new_patches_to_ml_376,1.4781951904296875e-05,wfmanager_add_new_patches_to_ml
1510,cpu-static,wfmanager_add_cgframes_to_ml_376,2.1457672119140625e-05,wfmanager_add_cgframes_to_ml
1511,cpu-static,wfmanager_update_jobs_376,1.7166662216186523,wfmanager_update_jobs
1512,cpu-static,wfmanager_add_new_patches_mlserver_377,0.23678255081176758,wfmanager_add_new_patches_mlserver
1513,cpu-static,wfmanager_add_new_patches_to_ml_377,1.621246337890625e-05,wfmanager_add_new_patches_to_ml
1514,cpu-static,wfmanager_add_cgframes_to_ml_377,4.7206878662109375e-05,wfmanager_add_cgframes_to_ml
1515,cpu-static,wfmanager_update_jobs_377,1.6658151149749756,wfmanager_update_jobs
1516,cpu-static,wfmanager_add_new_patches_mlserver_378,0.45088958740234375,wfmanager_add_new_patches_mlserver
1517,cpu-static,wfmanager_add_new_patches_to_ml_378,1.71661376953125e-05,wfmanager_add_new_patches_to_ml
1518,cpu-static,wfmanager_add_cgframes_to_ml_378,3.910064697265625e-05,wfmanager_add_cgframes_to_ml
1519,cpu-static,wfmanager_update_jobs_378,1.6816883087158203,wfmanager_update_jobs
1520,cpu-static,wfmanager_add_new_patches_mlserver_379,0.26527857780456543,wfmanager_add_new_patches_mlserver
1521,cpu-static,wfmanager_add_new_patches_to_ml_379,1.3589859008789062e-05,wfmanager_add_new_patches_to_ml
1522,cpu-static,wfmanager_add_cgframes_to_ml_379,2.0742416381835938e-05,wfmanager_add_cgframes_to_ml
1523,cpu-static,wfmanager_update_jobs_379,1.509220838546753,wfmanager_update_jobs
1524,cpu-static,wfmanager_add_new_patches_mlserver_380,0.25479698181152344,wfmanager_add_new_patches_mlserver
1525,cpu-static,wfmanager_add_new_patches_to_ml_380,1.6689300537109375e-05,wfmanager_add_new_patches_to_ml
1526,cpu-static,wfmanager_add_cgframes_to_ml_380,2.3365020751953125e-05,wfmanager_add_cgframes_to_ml
1527,cpu-static,wfmanager_update_jobs_380,1.5711112022399902,wfmanager_update_jobs
1528,cpu-static,wfmanager_add_new_patches_mlserver_381,0.3372478485107422,wfmanager_add_new_patches_mlserver
1529,cpu-static,wfmanager_add_new_patches_to_ml_381,1.3589859008789062e-05,wfmanager_add_new_patches_to_ml
1530,cpu-static,wfmanager_add_cgframes_to_ml_381,1.6927719116210938e-05,wfmanager_add_cgframes_to_ml
1531,cpu-static,wfmanager_update_jobs_381,1.6193149089813232,wfmanager_update_jobs
1532,cpu-static,wfmanager_add_new_patches_mlserver_382,0.31990981101989746,wfmanager_add_new_patches_mlserver
1533,cpu-static,wfmanager_add_new_patches_to_ml_382,1.3828277587890625e-05,wfmanager_add_new_patches_to_ml
1534,cpu-static,wfmanager_add_cgframes_to_ml_382,1.7404556274414062e-05,wfmanager_add_cgframes_to_ml
1535,cpu-static,wfmanager_update_jobs_382,1.848825216293335,wfmanager_update_jobs
1536,cpu-static,wfmanager_add_new_patches_mlserver_383,0.3469278812408447,wfmanager_add_new_patches_mlserver
1537,cpu-static,wfmanager_add_new_patches_to_ml_383,2.2649765014648438e-05,wfmanager_add_new_patches_to_ml
1538,cpu-static,wfmanager_add_cgframes_to_ml_383,1.8835067749023438e-05,wfmanager_add_cgframes_to_ml
1539,cpu-static,wfmanager_update_jobs_383,2.0130088329315186,wfmanager_update_jobs
1540,cpu-static,wfmanager_add_new_patches_mlserver_384,0.24114108085632324,wfmanager_add_new_patches_mlserver
1541,cpu-static,wfmanager_add_new_patches_to_ml_384,3.2901763916015625e-05,wfmanager_add_new_patches_to_ml
1542,cpu-static,wfmanager_add_cgframes_to_ml_384,1.9550323486328125e-05,wfmanager_add_cgframes_to_ml
1543,cpu-static,wfmanager_update_jobs_384,1.304455041885376,wfmanager_update_jobs
1544,cpu-static,wfmanager_add_new_patches_mlserver_385,0.25173068046569824,wfmanager_add_new_patches_mlserver
1545,cpu-static,wfmanager_add_new_patches_to_ml_385,1.5735626220703125e-05,wfmanager_add_new_patches_to_ml
1546,cpu-static,wfmanager_add_cgframes_to_ml_385,2.0503997802734375e-05,wfmanager_add_cgframes_to_ml
1547,cpu-static,wfmanager_update_jobs_385,1.512814998626709,wfmanager_update_jobs
1548,cpu-static,wfmanager_add_new_patches_mlserver_386,0.2791926860809326,wfmanager_add_new_patches_mlserver
1549,cpu-static,wfmanager_add_new_patches_to_ml_386,4.291534423828125e-05,wfmanager_add_new_patches_to_ml
1550,cpu-static,wfmanager_add_cgframes_to_ml_386,1.7404556274414062e-05,wfmanager_add_cgframes_to_ml
1551,cpu-static,wfmanager_update_jobs_386,1.5358781814575195,wfmanager_update_jobs
1552,cpu-static,wfmanager_add_new_patches_mlserver_387,0.2873194217681885,wfmanager_add_new_patches_mlserver
1553,cpu-static,wfmanager_add_new_patches_to_ml_387,1.52587890625e-05,wfmanager_add_new_patches_to_ml
1554,cpu-static,wfmanager_add_cgframes_to_ml_387,1.6450881958007812e-05,wfmanager_add_cgframes_to_ml
1555,cpu-static,wfmanager_update_jobs_387,1.563025712966919,wfmanager_update_jobs
1556,cpu-static,wfmanager_add_new_patches_mlserver_388,0.31461167335510254,wfmanager_add_new_patches_mlserver
1557,cpu-static,wfmanager_add_new_patches_to_ml_388,1.4543533325195312e-05,wfmanager_add_new_patches_to_ml
1558,cpu-static,wfmanager_add_cgframes_to_ml_388,1.5735626220703125e-05,wfmanager_add_cgframes_to_ml
1559,cpu-static,wfmanager_update_jobs_388,1.538968563079834,wfmanager_update_jobs
1560,cpu-static,wfmanager_add_new_patches_mlserver_389,0.44939565658569336,wfmanager_add_new_patches_mlserver
1561,cpu-static,wfmanager_add_new_patches_to_ml_389,1.4781951904296875e-05,wfmanager_add_new_patches_to_ml
1562,cpu-static,wfmanager_add_cgframes_to_ml_389,3.2901763916015625e-05,wfmanager_add_cgframes_to_ml
1563,cpu-static,wfmanager_update_jobs_389,1.6437745094299316,wfmanager_update_jobs
1564,cpu-static,wfmanager_add_new_patches_mlserver_390,0.4526784420013428,wfmanager_add_new_patches_mlserver
1565,cpu-static,wfmanager_add_new_patches_to_ml_390,2.2172927856445312e-05,wfmanager_add_new_patches_to_ml
1566,cpu-static,wfmanager_add_cgframes_to_ml_390,1.6450881958007812e-05,wfmanager_add_cgframes_to_ml
1567,cpu-static,wfmanager_update_jobs_390,1.8027372360229492,wfmanager_update_jobs
1568,cpu-static,wfmanager_add_new_patches_mlserver_391,0.2979469299316406,wfmanager_add_new_patches_mlserver
1569,cpu-static,wfmanager_add_new_patches_to_ml_391,1.4543533325195312e-05,wfmanager_add_new_patches_to_ml
1570,cpu-static,wfmanager_add_cgframes_to_ml_391,2.002716064453125e-05,wfmanager_add_cgframes_to_ml
1571,cpu-static,wfmanager_update_jobs_391,1.9324371814727783,wfmanager_update_jobs
1572,cpu-static,wfmanager_add_new_patches_mlserver_392,0.38984131813049316,wfmanager_add_new_patches_mlserver
1573,cpu-static,wfmanager_add_new_patches_to_ml_392,1.6927719116210938e-05,wfmanager_add_new_patches_to_ml
1574,cpu-static,wfmanager_add_cgframes_to_ml_392,1.52587890625e-05,wfmanager_add_cgframes_to_ml
1575,cpu-static,wfmanager_update_jobs_392,1.6024956703186035,wfmanager_update_jobs
1576,cpu-static,wfmanager_add_new_patches_mlserver_393,0.6646389961242676,wfmanager_add_new_patches_mlserver
1577,cpu-static,wfmanager_add_new_patches_to_ml_393,1.430511474609375e-05,wfmanager_add_new_patches_to_ml
1578,cpu-static,wfmanager_add_cgframes_to_ml_393,1.5497207641601562e-05,wfmanager_add_cgframes_to_ml
1579,cpu-static,wfmanager_update_jobs_393,1.9158246517181396,wfmanager_update_jobs
1580,cpu-static,wfmanager_add_new_patches_mlserver_394,0.27532172203063965,wfmanager_add_new_patches_mlserver
1581,cpu-static,wfmanager_add_new_patches_to_ml_394,1.621246337890625e-05,wfmanager_add_new_patches_to_ml
1582,cpu-static,wfmanager_add_cgframes_to_ml_394,2.8848648071289062e-05,wfmanager_add_cgframes_to_ml
1583,cpu-static,wfmanager_update_jobs_394,1.7848398685455322,wfmanager_update_jobs
1584,cpu-static,wfmanager_add_new_patches_mlserver_395,0.44737935066223145,wfmanager_add_new_patches_mlserver
1585,cpu-static,wfmanager_add_new_patches_to_ml_395,1.049041748046875e-05,wfmanager_add_new_patches_to_ml
1586,cpu-static,wfmanager_add_cgframes_to_ml_395,2.0742416381835938e-05,wfmanager_add_cgframes_to_ml
1587,cpu-static,wfmanager_update_jobs_395,1.68815016746521,wfmanager_update_jobs
1588,cpu-static,wfmanager_add_new_patches_mlserver_396,5.722911357879639,wfmanager_add_new_patches_mlserver
1589,cpu-static,wfmanager_add_new_patches_to_ml_396,1.6689300537109375e-05,wfmanager_add_new_patches_to_ml
1590,cpu-static,wfmanager_add_cgframes_to_ml_396,2.8848648071289062e-05,wfmanager_add_cgframes_to_ml
1591,cpu-static,wfmanager_update_jobs_396,1.6428251266479492,wfmanager_update_jobs
1592,cpu-static,wfmanager_add_new_patches_mlserver_397,0.275439977645874,wfmanager_add_new_patches_mlserver
1593,cpu-static,wfmanager_add_new_patches_to_ml_397,1.3113021850585938e-05,wfmanager_add_new_patches_to_ml
1594,cpu-static,wfmanager_add_cgframes_to_ml_397,1.7881393432617188e-05,wfmanager_add_cgframes_to_ml
1595,cpu-static,wfmanager_update_jobs_397,1.5740060806274414,wfmanager_update_jobs
1596,cpu-static,wfmanager_add_new_patches_mlserver_398,0.255368709564209,wfmanager_add_new_patches_mlserver
1597,cpu-static,wfmanager_add_new_patches_to_ml_398,1.4781951904296875e-05,wfmanager_add_new_patches_to_ml
1598,cpu-static,wfmanager_add_cgframes_to_ml_398,2.0503997802734375e-05,wfmanager_add_cgframes_to_ml
1599,cpu-static,wfmanager_update_jobs_398,1.5888135433197021,wfmanager_update_jobs
1600,cpu-static,wfmanager_add_new_patches_mlserver_399,0.2586948871612549,wfmanager_add_new_patches_mlserver
1601,cpu-static,wfmanager_add_new_patches_to_ml_399,1.2874603271484375e-05,wfmanager_add_new_patches_to_ml
1602,cpu-static,wfmanager_add_cgframes_to_ml_399,1.5974044799804688e-05,wfmanager_add_cgframes_to_ml
1603,cpu-static,wfmanager_update_jobs_399,1.5321228504180908,wfmanager_update_jobs
1604,cpu-static,wfmanager_add_new_patches_mlserver_400,0.3196086883544922,wfmanager_add_new_patches_mlserver
1605,cpu-static,wfmanager_add_new_patches_to_ml_400,1.239776611328125e-05,wfmanager_add_new_patches_to_ml
1606,cpu-static,wfmanager_add_cgframes_to_ml_400,1.9788742065429688e-05,wfmanager_add_cgframes_to_ml
1607,cpu-static,wfmanager_update_jobs_400,1.8427860736846924,wfmanager_update_jobs
1608,cpu-static,wfmanager_add_new_patches_mlserver_401,0.26081323623657227,wfmanager_add_new_patches_mlserver
1609,cpu-static,wfmanager_add_new_patches_to_ml_401,1.4781951904296875e-05,wfmanager_add_new_patches_to_ml
1610,cpu-static,wfmanager_add_cgframes_to_ml_401,1.6927719116210938e-05,wfmanager_add_cgframes_to_ml
1611,cpu-static,wfmanager_update_jobs_401,1.690481185913086,wfmanager_update_jobs
1612,cpu-static,wfmanager_add_new_patches_mlserver_402,0.38762688636779785,wfmanager_add_new_patches_mlserver
1613,cpu-static,wfmanager_add_new_patches_to_ml_402,2.4318695068359375e-05,wfmanager_add_new_patches_to_ml
1614,cpu-static,wfmanager_add_cgframes_to_ml_402,1.71661376953125e-05,wfmanager_add_cgframes_to_ml
1615,cpu-static,wfmanager_update_jobs_402,1.5601766109466553,wfmanager_update_jobs
1616,cpu-static,wfmanager_add_new_patches_mlserver_403,0.23331212997436523,wfmanager_add_new_patches_mlserver
1617,cpu-static,wfmanager_add_new_patches_to_ml_403,1.3828277587890625e-05,wfmanager_add_new_patches_to_ml
1618,cpu-static,wfmanager_add_cgframes_to_ml_403,3.838539123535156e-05,wfmanager_add_cgframes_to_ml
1619,cpu-static,wfmanager_update_jobs_403,1.3877315521240234,wfmanager_update_jobs
1620,cpu-static,wfmanager_add_new_patches_mlserver_404,0.3394968509674072,wfmanager_add_new_patches_mlserver
1621,cpu-static,wfmanager_add_new_patches_to_ml_404,1.430511474609375e-05,wfmanager_add_new_patches_to_ml
1622,cpu-static,wfmanager_add_cgframes_to_ml_404,2.0265579223632812e-05,wfmanager_add_cgframes_to_ml
1623,cpu-static,wfmanager_update_jobs_404,1.5795822143554688,wfmanager_update_jobs
1624,cpu-static,wfmanager_add_new_patches_mlserver_405,0.3815767765045166,wfmanager_add_new_patches_mlserver
1625,cpu-static,wfmanager_add_new_patches_to_ml_405,1.4066696166992188e-05,wfmanager_add_new_patches_to_ml
1626,cpu-static,wfmanager_add_cgframes_to_ml_405,1.9311904907226562e-05,wfmanager_add_cgframes_to_ml
1627,cpu-static,wfmanager_update_jobs_405,1.8820629119873047,wfmanager_update_jobs
1628,cpu-static,wfmanager_add_new_patches_mlserver_406,0.3434317111968994,wfmanager_add_new_patches_mlserver
1629,cpu-static,wfmanager_add_new_patches_to_ml_406,2.956390380859375e-05,wfmanager_add_new_patches_to_ml
1630,cpu-static,wfmanager_add_cgframes_to_ml_406,7.081031799316406e-05,wfmanager_add_cgframes_to_ml
1631,cpu-static,wfmanager_update_jobs_406,2.539844036102295,wfmanager_update_jobs
1632,cpu-static,wfmanager_add_new_patches_mlserver_407,0.48555922508239746,wfmanager_add_new_patches_mlserver
1633,cpu-static,wfmanager_add_new_patches_to_ml_407,1.430511474609375e-05,wfmanager_add_new_patches_to_ml
1634,cpu-static,wfmanager_add_cgframes_to_ml_407,1.7404556274414062e-05,wfmanager_add_cgframes_to_ml
1635,cpu-static,wfmanager_update_jobs_407,1.5036416053771973,wfmanager_update_jobs
1636,cpu-static,wfmanager_add_new_patches_mlserver_408,1.1150174140930176,wfmanager_add_new_patches_mlserver
1637,cpu-static,wfmanager_add_new_patches_to_ml_408,2.9087066650390625e-05,wfmanager_add_new_patches_to_ml
1638,cpu-static,wfmanager_add_cgframes_to_ml_408,1.6689300537109375e-05,wfmanager_add_cgframes_to_ml
1639,cpu-static,wfmanager_update_jobs_408,2.187864303588867,wfmanager_update_jobs
1640,cpu-static,wfmanager_add_new_patches_mlserver_409,3.2439980506896973,wfmanager_add_new_patches_mlserver
1641,cpu-static,wfmanager_add_new_patches_to_ml_409,1.811981201171875e-05,wfmanager_add_new_patches_to_ml
1642,cpu-static,wfmanager_add_cgframes_to_ml_409,1.9550323486328125e-05,wfmanager_add_cgframes_to_ml
1643,cpu-static,wfmanager_update_jobs_409,1.6908023357391357,wfmanager_update_jobs
1644,cpu-static,wfmanager_add_new_patches_mlserver_410,0.34412479400634766,wfmanager_add_new_patches_mlserver
1645,cpu-static,wfmanager_add_new_patches_to_ml_410,1.4066696166992188e-05,wfmanager_add_new_patches_to_ml
1646,cpu-static,wfmanager_add_cgframes_to_ml_410,1.5020370483398438e-05,wfmanager_add_cgframes_to_ml
1647,cpu-static,wfmanager_update_jobs_410,1.994816541671753,wfmanager_update_jobs
1648,cpu-static,wfmanager_add_new_patches_mlserver_411,0.3519914150238037,wfmanager_add_new_patches_mlserver
1649,cpu-static,wfmanager_add_new_patches_to_ml_411,1.8596649169921875e-05,wfmanager_add_new_patches_to_ml
1650,cpu-static,wfmanager_add_cgframes_to_ml_411,2.4080276489257812e-05,wfmanager_add_cgframes_to_ml
1651,cpu-static,wfmanager_update_jobs_411,1.9708921909332275,wfmanager_update_jobs
1652,cpu-static,wfmanager_add_new_patches_mlserver_412,0.2757270336151123,wfmanager_add_new_patches_mlserver
1653,cpu-static,wfmanager_add_new_patches_to_ml_412,1.6689300537109375e-05,wfmanager_add_new_patches_to_ml
1654,cpu-static,wfmanager_add_cgframes_to_ml_412,3.933906555175781e-05,wfmanager_add_cgframes_to_ml
1655,cpu-static,wfmanager_update_jobs_412,1.6351094245910645,wfmanager_update_jobs
1656,cpu-static,wfmanager_add_new_patches_mlserver_413,0.28760576248168945,wfmanager_add_new_patches_mlserver
1657,cpu-static,wfmanager_add_new_patches_to_ml_413,1.430511474609375e-05,wfmanager_add_new_patches_to_ml
1658,cpu-static,wfmanager_add_cgframes_to_ml_413,1.9073486328125e-05,wfmanager_add_cgframes_to_ml
1659,cpu-static,wfmanager_update_jobs_413,1.8349199295043945,wfmanager_update_jobs
1660,cpu-static,wfmanager_add_new_patches_mlserver_414,0.25571250915527344,wfmanager_add_new_patches_mlserver
1661,cpu-static,wfmanager_add_new_patches_to_ml_414,2.3365020751953125e-05,wfmanager_add_new_patches_to_ml
1662,cpu-static,wfmanager_add_cgframes_to_ml_414,1.52587890625e-05,wfmanager_add_cgframes_to_ml
1663,cpu-static,wfmanager_update_jobs_414,1.6442368030548096,wfmanager_update_jobs
1664,cpu-static,wfmanager_add_new_patches_mlserver_415,0.35937929153442383,wfmanager_add_new_patches_mlserver
1665,cpu-static,wfmanager_add_new_patches_to_ml_415,1.621246337890625e-05,wfmanager_add_new_patches_to_ml
1666,cpu-static,wfmanager_add_cgframes_to_ml_415,2.2649765014648438e-05,wfmanager_add_cgframes_to_ml
1667,cpu-static,wfmanager_update_jobs_415,1.8223145008087158,wfmanager_update_jobs
1668,cpu-static,wfmanager_add_new_patches_mlserver_416,0.35597681999206543,wfmanager_add_new_patches_mlserver
1669,cpu-static,wfmanager_add_new_patches_to_ml_416,4.315376281738281e-05,wfmanager_add_new_patches_to_ml
1670,cpu-static,wfmanager_add_cgframes_to_ml_416,2.0503997802734375e-05,wfmanager_add_cgframes_to_ml
1671,cpu-static,wfmanager_update_jobs_416,2.127309560775757,wfmanager_update_jobs
1672,cpu-static,wfmanager_add_new_patches_mlserver_417,0.32373714447021484,wfmanager_add_new_patches_mlserver
1673,cpu-static,wfmanager_add_new_patches_to_ml_417,1.2874603271484375e-05,wfmanager_add_new_patches_to_ml
1674,cpu-static,wfmanager_add_cgframes_to_ml_417,1.4781951904296875e-05,wfmanager_add_cgframes_to_ml
1675,cpu-static,wfmanager_update_jobs_417,1.9552831649780273,wfmanager_update_jobs
1676,cpu-static,wfmanager_add_new_patches_mlserver_418,0.42859792709350586,wfmanager_add_new_patches_mlserver
1677,cpu-static,wfmanager_add_new_patches_to_ml_418,1.6689300537109375e-05,wfmanager_add_new_patches_to_ml
1678,cpu-static,wfmanager_add_cgframes_to_ml_418,1.9788742065429688e-05,wfmanager_add_cgframes_to_ml
1679,cpu-static,wfmanager_update_jobs_418,2.015148878097534,wfmanager_update_jobs
1680,cpu-static,wfmanager_add_new_patches_mlserver_419,0.2703092098236084,wfmanager_add_new_patches_mlserver
1681,cpu-static,wfmanager_add_new_patches_to_ml_419,2.09808349609375e-05,wfmanager_add_new_patches_to_ml
1682,cpu-static,wfmanager_add_cgframes_to_ml_419,5.1021575927734375e-05,wfmanager_add_cgframes_to_ml
1683,cpu-static,wfmanager_update_jobs_419,2.0838444232940674,wfmanager_update_jobs
1684,cpu-static,wfmanager_add_new_patches_mlserver_420,0.3074641227722168,wfmanager_add_new_patches_mlserver
1685,cpu-static,wfmanager_add_new_patches_to_ml_420,1.3113021850585938e-05,wfmanager_add_new_patches_to_ml
1686,cpu-static,wfmanager_add_cgframes_to_ml_420,1.6450881958007812e-05,wfmanager_add_cgframes_to_ml
1687,cpu-static,wfmanager_update_jobs_420,2.7874269485473633,wfmanager_update_jobs
1688,cpu-static,wfmanager_add_new_patches_mlserver_421,0.3514869213104248,wfmanager_add_new_patches_mlserver
1689,cpu-static,wfmanager_add_new_patches_to_ml_421,1.5020370483398438e-05,wfmanager_add_new_patches_to_ml
1690,cpu-static,wfmanager_add_cgframes_to_ml_421,2.0742416381835938e-05,wfmanager_add_cgframes_to_ml
1691,cpu-static,wfmanager_update_jobs_421,1.6956183910369873,wfmanager_update_jobs
1692,cpu-static,wfmanager_add_new_patches_mlserver_422,0.2646772861480713,wfmanager_add_new_patches_mlserver
1693,cpu-static,wfmanager_add_new_patches_to_ml_422,2.0503997802734375e-05,wfmanager_add_new_patches_to_ml
1694,cpu-static,wfmanager_add_cgframes_to_ml_422,1.9073486328125e-05,wfmanager_add_cgframes_to_ml
1695,cpu-static,wfmanager_update_jobs_422,1.885530948638916,wfmanager_update_jobs
1696,cpu-static,wfmanager_add_new_patches_mlserver_423,0.42754411697387695,wfmanager_add_new_patches_mlserver
1697,cpu-static,wfmanager_add_new_patches_to_ml_423,1.4066696166992188e-05,wfmanager_add_new_patches_to_ml
1698,cpu-static,wfmanager_add_cgframes_to_ml_423,1.811981201171875e-05,wfmanager_add_cgframes_to_ml
1699,cpu-static,wfmanager_update_jobs_423,1.5912559032440186,wfmanager_update_jobs
1700,gpu-static,wfmanager_setup,0.04902172088623047,wfmanager_setup
1701,gpu-static,wfmanager_run_workflow,5630.11258149147,wfmanager_run_workflow
1702,gpu-static,wfmanager_init_scheduling,0.0016083717346191406,wfmanager_init_scheduling
1703,gpu-static,wfmanager_init_mlserver,0.020115137100219727,wfmanager_init_mlserver
1704,gpu-static,wfmanager_add_new_patches_mlserver_0,3.9194865226745605,wfmanager_add_new_patches_mlserver
1705,gpu-static,wfmanager_add_new_patches_to_ml_0,2.574920654296875e-05,wfmanager_add_new_patches_to_ml
1706,gpu-static,wfmanager_add_cgframes_to_ml_0,2.3365020751953125e-05,wfmanager_add_cgframes_to_ml
1707,gpu-static,wfmanager_update_jobs_0,0.44375157356262207,wfmanager_update_jobs
1708,gpu-static,wfmanager_add_new_patches_mlserver_1,0.08252811431884766,wfmanager_add_new_patches_mlserver
1709,gpu-static,wfmanager_add_new_patches_to_ml_1,2.1696090698242188e-05,wfmanager_add_new_patches_to_ml
1710,gpu-static,wfmanager_add_cgframes_to_ml_1,2.7894973754882812e-05,wfmanager_add_cgframes_to_ml
1711,gpu-static,wfmanager_update_jobs_1,0.4876563549041748,wfmanager_update_jobs
1712,gpu-static,wfmanager_add_new_patches_mlserver_2,0.08561158180236816,wfmanager_add_new_patches_mlserver
1713,gpu-static,wfmanager_add_new_patches_to_ml_2,2.09808349609375e-05,wfmanager_add_new_patches_to_ml
1714,gpu-static,wfmanager_add_cgframes_to_ml_2,2.09808349609375e-05,wfmanager_add_cgframes_to_ml
1715,gpu-static,wfmanager_update_jobs_2,0.421795129776001,wfmanager_update_jobs
1716,gpu-static,wfmanager_add_new_patches_mlserver_3,0.10019898414611816,wfmanager_add_new_patches_mlserver
1717,gpu-static,wfmanager_add_new_patches_to_ml_3,1.5497207641601562e-05,wfmanager_add_new_patches_to_ml
1718,gpu-static,wfmanager_add_cgframes_to_ml_3,2.1219253540039062e-05,wfmanager_add_cgframes_to_ml
1719,gpu-static,wfmanager_update_jobs_3,0.4737517833709717,wfmanager_update_jobs
1720,gpu-static,wfmanager_add_new_patches_mlserver_4,0.09938764572143555,wfmanager_add_new_patches_mlserver
1721,gpu-static,wfmanager_add_new_patches_to_ml_4,2.9087066650390625e-05,wfmanager_add_new_patches_to_ml
1722,gpu-static,wfmanager_add_cgframes_to_ml_4,2.5033950805664062e-05,wfmanager_add_cgframes_to_ml
1723,gpu-static,wfmanager_update_jobs_4,0.39147353172302246,wfmanager_update_jobs
1724,gpu-static,wfmanager_add_new_patches_mlserver_5,0.07466316223144531,wfmanager_add_new_patches_mlserver
1725,gpu-static,wfmanager_add_new_patches_to_ml_5,2.2172927856445312e-05,wfmanager_add_new_patches_to_ml
1726,gpu-static,wfmanager_add_cgframes_to_ml_5,2.002716064453125e-05,wfmanager_add_cgframes_to_ml
1727,gpu-static,wfmanager_update_jobs_5,0.34273648262023926,wfmanager_update_jobs
1728,gpu-static,wfmanager_add_new_patches_mlserver_6,0.08089423179626465,wfmanager_add_new_patches_mlserver
1729,gpu-static,wfmanager_add_new_patches_to_ml_6,2.09808349609375e-05,wfmanager_add_new_patches_to_ml
1730,gpu-static,wfmanager_add_cgframes_to_ml_6,1.8596649169921875e-05,wfmanager_add_cgframes_to_ml
1731,gpu-static,wfmanager_update_jobs_6,0.38867759704589844,wfmanager_update_jobs
1732,gpu-static,wfmanager_add_new_patches_mlserver_7,0.09784150123596191,wfmanager_add_new_patches_mlserver
1733,gpu-static,wfmanager_add_new_patches_to_ml_7,2.47955322265625e-05,wfmanager_add_new_patches_to_ml
1734,gpu-static,wfmanager_add_cgframes_to_ml_7,2.2649765014648438e-05,wfmanager_add_cgframes_to_ml
1735,gpu-static,wfmanager_update_jobs_7,0.4024999141693115,wfmanager_update_jobs
1736,gpu-static,wfmanager_add_new_patches_mlserver_8,0.08536648750305176,wfmanager_add_new_patches_mlserver
1737,gpu-static,wfmanager_add_new_patches_to_ml_8,2.1457672119140625e-05,wfmanager_add_new_patches_to_ml
1738,gpu-static,wfmanager_add_cgframes_to_ml_8,2.0503997802734375e-05,wfmanager_add_cgframes_to_ml
1739,gpu-static,wfmanager_update_jobs_8,0.3697481155395508,wfmanager_update_jobs
1740,gpu-static,wfmanager_add_new_patches_mlserver_9,0.08915185928344727,wfmanager_add_new_patches_mlserver
1741,gpu-static,wfmanager_add_new_patches_to_ml_9,1.9788742065429688e-05,wfmanager_add_new_patches_to_ml
1742,gpu-static,wfmanager_add_cgframes_to_ml_9,2.9325485229492188e-05,wfmanager_add_cgframes_to_ml
1743,gpu-static,wfmanager_update_jobs_9,0.3791821002960205,wfmanager_update_jobs
1744,gpu-static,wfmanager_add_new_patches_mlserver_10,0.08798742294311523,wfmanager_add_new_patches_mlserver
1745,gpu-static,wfmanager_add_new_patches_to_ml_10,2.0503997802734375e-05,wfmanager_add_new_patches_to_ml
1746,gpu-static,wfmanager_add_cgframes_to_ml_10,2.1457672119140625e-05,wfmanager_add_cgframes_to_ml
1747,gpu-static,wfmanager_update_jobs_10,0.4182698726654053,wfmanager_update_jobs
1748,gpu-static,wfmanager_add_new_patches_mlserver_11,0.0871586799621582,wfmanager_add_new_patches_mlserver
1749,gpu-static,wfmanager_add_new_patches_to_ml_11,2.0742416381835938e-05,wfmanager_add_new_patches_to_ml
1750,gpu-static,wfmanager_add_cgframes_to_ml_11,1.8835067749023438e-05,wfmanager_add_cgframes_to_ml
1751,gpu-static,wfmanager_update_jobs_11,0.35552978515625,wfmanager_update_jobs
1752,gpu-static,wfmanager_add_new_patches_mlserver_12,0.0770103931427002,wfmanager_add_new_patches_mlserver
1753,gpu-static,wfmanager_add_new_patches_to_ml_12,1.811981201171875e-05,wfmanager_add_new_patches_to_ml
1754,gpu-static,wfmanager_add_cgframes_to_ml_12,2.09808349609375e-05,wfmanager_add_cgframes_to_ml
1755,gpu-static,wfmanager_update_jobs_12,0.44682788848876953,wfmanager_update_jobs
1756,gpu-static,wfmanager_add_new_patches_mlserver_13,0.08328676223754883,wfmanager_add_new_patches_mlserver
1757,gpu-static,wfmanager_add_new_patches_to_ml_13,2.1457672119140625e-05,wfmanager_add_new_patches_to_ml
1758,gpu-static,wfmanager_add_cgframes_to_ml_13,2.193450927734375e-05,wfmanager_add_cgframes_to_ml
1759,gpu-static,wfmanager_update_jobs_13,0.4125633239746094,wfmanager_update_jobs
1760,gpu-static,wfmanager_add_new_patches_mlserver_14,0.07575726509094238,wfmanager_add_new_patches_mlserver
1761,gpu-static,wfmanager_add_new_patches_to_ml_14,3.4332275390625e-05,wfmanager_add_new_patches_to_ml
1762,gpu-static,wfmanager_add_cgframes_to_ml_14,2.1457672119140625e-05,wfmanager_add_cgframes_to_ml
1763,gpu-static,wfmanager_update_jobs_14,0.40778326988220215,wfmanager_update_jobs
1764,gpu-static,wfmanager_add_new_patches_mlserver_15,0.07866930961608887,wfmanager_add_new_patches_mlserver
1765,gpu-static,wfmanager_add_new_patches_to_ml_15,2.1696090698242188e-05,wfmanager_add_new_patches_to_ml
1766,gpu-static,wfmanager_add_cgframes_to_ml_15,4.076957702636719e-05,wfmanager_add_cgframes_to_ml
1767,gpu-static,wfmanager_update_jobs_15,0.4191710948944092,wfmanager_update_jobs
1768,gpu-static,wfmanager_add_new_patches_mlserver_16,0.0825040340423584,wfmanager_add_new_patches_mlserver
1769,gpu-static,wfmanager_add_new_patches_to_ml_16,2.002716064453125e-05,wfmanager_add_new_patches_to_ml
1770,gpu-static,wfmanager_add_cgframes_to_ml_16,2.0503997802734375e-05,wfmanager_add_cgframes_to_ml
1771,gpu-static,wfmanager_update_jobs_16,0.4472475051879883,wfmanager_update_jobs
1772,gpu-static,wfmanager_add_new_patches_mlserver_17,0.07959938049316406,wfmanager_add_new_patches_mlserver
1773,gpu-static,wfmanager_add_new_patches_to_ml_17,1.9550323486328125e-05,wfmanager_add_new_patches_to_ml
1774,gpu-static,wfmanager_add_cgframes_to_ml_17,2.1219253540039062e-05,wfmanager_add_cgframes_to_ml
1775,gpu-static,wfmanager_update_jobs_17,0.40738487243652344,wfmanager_update_jobs
1776,gpu-static,wfmanager_add_new_patches_mlserver_18,0.10621809959411621,wfmanager_add_new_patches_mlserver
1777,gpu-static,wfmanager_add_new_patches_to_ml_18,2.3126602172851562e-05,wfmanager_add_new_patches_to_ml
1778,gpu-static,wfmanager_add_cgframes_to_ml_18,2.1219253540039062e-05,wfmanager_add_cgframes_to_ml
1779,gpu-static,wfmanager_update_jobs_18,0.4047865867614746,wfmanager_update_jobs
1780,gpu-static,wfmanager_add_new_patches_mlserver_19,0.07999396324157715,wfmanager_add_new_patches_mlserver
1781,gpu-static,wfmanager_add_new_patches_to_ml_19,2.0265579223632812e-05,wfmanager_add_new_patches_to_ml
1782,gpu-static,wfmanager_add_cgframes_to_ml_19,2.0265579223632812e-05,wfmanager_add_cgframes_to_ml
1783,gpu-static,wfmanager_update_jobs_19,0.4032270908355713,wfmanager_update_jobs
1784,gpu-static,wfmanager_add_new_patches_mlserver_20,0.12428450584411621,wfmanager_add_new_patches_mlserver
1785,gpu-static,wfmanager_add_new_patches_to_ml_20,3.600120544433594e-05,wfmanager_add_new_patches_to_ml
1786,gpu-static,wfmanager_add_cgframes_to_ml_20,2.0742416381835938e-05,wfmanager_add_cgframes_to_ml
1787,gpu-static,wfmanager_update_jobs_20,0.41994333267211914,wfmanager_update_jobs
1788,gpu-static,wfmanager_add_new_patches_mlserver_21,0.12441086769104004,wfmanager_add_new_patches_mlserver
1789,gpu-static,wfmanager_add_new_patches_to_ml_21,2.0503997802734375e-05,wfmanager_add_new_patches_to_ml
1790,gpu-static,wfmanager_add_cgframes_to_ml_21,2.0742416381835938e-05,wfmanager_add_cgframes_to_ml
1791,gpu-static,wfmanager_update_jobs_21,0.43929052352905273,wfmanager_update_jobs
1792,gpu-static,wfmanager_add_new_patches_mlserver_22,0.10963058471679688,wfmanager_add_new_patches_mlserver
1793,gpu-static,wfmanager_add_new_patches_to_ml_22,2.2649765014648438e-05,wfmanager_add_new_patches_to_ml
1794,gpu-static,wfmanager_add_cgframes_to_ml_22,3.361701965332031e-05,wfmanager_add_cgframes_to_ml
1795,gpu-static,wfmanager_update_jobs_22,0.4214639663696289,wfmanager_update_jobs
1796,gpu-static,wfmanager_add_new_patches_mlserver_23,0.08058428764343262,wfmanager_add_new_patches_mlserver
1797,gpu-static,wfmanager_add_new_patches_to_ml_23,2.0742416381835938e-05,wfmanager_add_new_patches_to_ml
1798,gpu-static,wfmanager_add_cgframes_to_ml_23,2.1219253540039062e-05,wfmanager_add_cgframes_to_ml
1799,gpu-static,wfmanager_update_jobs_23,0.38753318786621094,wfmanager_update_jobs
1800,gpu-static,wfmanager_add_new_patches_mlserver_24,0.08391642570495605,wfmanager_add_new_patches_mlserver
1801,gpu-static,wfmanager_add_new_patches_to_ml_24,2.0265579223632812e-05,wfmanager_add_new_patches_to_ml
1802,gpu-static,wfmanager_add_cgframes_to_ml_24,5.936622619628906e-05,wfmanager_add_cgframes_to_ml
1803,gpu-static,wfmanager_update_jobs_24,0.39037013053894043,wfmanager_update_jobs
1804,gpu-static,wfmanager_add_new_patches_mlserver_25,0.0920248031616211,wfmanager_add_new_patches_mlserver
1805,gpu-static,wfmanager_add_new_patches_to_ml_25,2.002716064453125e-05,wfmanager_add_new_patches_to_ml
1806,gpu-static,wfmanager_add_cgframes_to_ml_25,2.09808349609375e-05,wfmanager_add_cgframes_to_ml
1807,gpu-static,wfmanager_update_jobs_25,0.4385108947753906,wfmanager_update_jobs
1808,gpu-static,wfmanager_add_new_patches_mlserver_26,0.08132338523864746,wfmanager_add_new_patches_mlserver
1809,gpu-static,wfmanager_add_new_patches_to_ml_26,2.1219253540039062e-05,wfmanager_add_new_patches_to_ml
1810,gpu-static,wfmanager_add_cgframes_to_ml_26,1.9788742065429688e-05,wfmanager_add_cgframes_to_ml
1811,gpu-static,wfmanager_update_jobs_26,0.39134955406188965,wfmanager_update_jobs
1812,gpu-static,wfmanager_add_new_patches_mlserver_27,0.09806418418884277,wfmanager_add_new_patches_mlserver
1813,gpu-static,wfmanager_add_new_patches_to_ml_27,2.002716064453125e-05,wfmanager_add_new_patches_to_ml
1814,gpu-static,wfmanager_add_cgframes_to_ml_27,2.8371810913085938e-05,wfmanager_add_cgframes_to_ml
1815,gpu-static,wfmanager_update_jobs_27,0.4172854423522949,wfmanager_update_jobs
1816,gpu-static,wfmanager_add_new_patches_mlserver_28,0.08176898956298828,wfmanager_add_new_patches_mlserver
1817,gpu-static,wfmanager_add_new_patches_to_ml_28,2.2649765014648438e-05,wfmanager_add_new_patches_to_ml
1818,gpu-static,wfmanager_add_cgframes_to_ml_28,2.2172927856445312e-05,wfmanager_add_cgframes_to_ml
1819,gpu-static,wfmanager_update_jobs_28,0.38566112518310547,wfmanager_update_jobs
1820,gpu-static,wfmanager_add_new_patches_mlserver_29,0.08474206924438477,wfmanager_add_new_patches_mlserver
1821,gpu-static,wfmanager_add_new_patches_to_ml_29,2.0265579223632812e-05,wfmanager_add_new_patches_to_ml
1822,gpu-static,wfmanager_add_cgframes_to_ml_29,2.1219253540039062e-05,wfmanager_add_cgframes_to_ml
1823,gpu-static,wfmanager_update_jobs_29,0.491379976272583,wfmanager_update_jobs
1824,gpu-static,wfmanager_add_new_patches_mlserver_30,0.09183263778686523,wfmanager_add_new_patches_mlserver
1825,gpu-static,wfmanager_add_new_patches_to_ml_30,2.0503997802734375e-05,wfmanager_add_new_patches_to_ml
1826,gpu-static,wfmanager_add_cgframes_to_ml_30,2.0742416381835938e-05,wfmanager_add_cgframes_to_ml
1827,gpu-static,wfmanager_update_jobs_30,0.4253983497619629,wfmanager_update_jobs
1828,gpu-static,wfmanager_add_new_patches_mlserver_31,0.08389806747436523,wfmanager_add_new_patches_mlserver
1829,gpu-static,wfmanager_add_new_patches_to_ml_31,2.7894973754882812e-05,wfmanager_add_new_patches_to_ml
1830,gpu-static,wfmanager_add_cgframes_to_ml_31,2.1219253540039062e-05,wfmanager_add_cgframes_to_ml
1831,gpu-static,wfmanager_update_jobs_31,0.36811017990112305,wfmanager_update_jobs
1832,gpu-static,wfmanager_add_new_patches_mlserver_32,0.09508466720581055,wfmanager_add_new_patches_mlserver
1833,gpu-static,wfmanager_add_new_patches_to_ml_32,2.0265579223632812e-05,wfmanager_add_new_patches_to_ml
1834,gpu-static,wfmanager_add_cgframes_to_ml_32,2.2649765014648438e-05,wfmanager_add_cgframes_to_ml
1835,gpu-static,wfmanager_update_jobs_32,0.5172712802886963,wfmanager_update_jobs
1836,gpu-static,wfmanager_add_new_patches_mlserver_33,0.07899928092956543,wfmanager_add_new_patches_mlserver
1837,gpu-static,wfmanager_add_new_patches_to_ml_33,2.002716064453125e-05,wfmanager_add_new_patches_to_ml
1838,gpu-static,wfmanager_add_cgframes_to_ml_33,2.2172927856445312e-05,wfmanager_add_cgframes_to_ml
1839,gpu-static,wfmanager_update_jobs_33,0.3868417739868164,wfmanager_update_jobs
1840,gpu-static,wfmanager_add_new_patches_mlserver_34,0.10494780540466309,wfmanager_add_new_patches_mlserver
1841,gpu-static,wfmanager_add_new_patches_to_ml_34,2.1696090698242188e-05,wfmanager_add_new_patches_to_ml
1842,gpu-static,wfmanager_add_cgframes_to_ml_34,2.0265579223632812e-05,wfmanager_add_cgframes_to_ml
1843,gpu-static,wfmanager_update_jobs_34,0.4474294185638428,wfmanager_update_jobs
1844,gpu-static,wfmanager_add_new_patches_mlserver_35,0.08904194831848145,wfmanager_add_new_patches_mlserver
1845,gpu-static,wfmanager_add_new_patches_to_ml_35,2.0265579223632812e-05,wfmanager_add_new_patches_to_ml
1846,gpu-static,wfmanager_add_cgframes_to_ml_35,2.002716064453125e-05,wfmanager_add_cgframes_to_ml
1847,gpu-static,wfmanager_update_jobs_35,0.3837771415710449,wfmanager_update_jobs
1848,gpu-static,wfmanager_add_new_patches_mlserver_36,0.0993657112121582,wfmanager_add_new_patches_mlserver
1849,gpu-static,wfmanager_add_new_patches_to_ml_36,1.9788742065429688e-05,wfmanager_add_new_patches_to_ml
1850,gpu-static,wfmanager_add_cgframes_to_ml_36,2.6702880859375e-05,wfmanager_add_cgframes_to_ml
1851,gpu-static,wfmanager_update_jobs_36,0.3818519115447998,wfmanager_update_jobs
1852,gpu-static,wfmanager_add_new_patches_mlserver_37,0.08958983421325684,wfmanager_add_new_patches_mlserver
1853,gpu-static,wfmanager_add_new_patches_to_ml_37,2.0265579223632812e-05,wfmanager_add_new_patches_to_ml
1854,gpu-static,wfmanager_add_cgframes_to_ml_37,2.0742416381835938e-05,wfmanager_add_cgframes_to_ml
1855,gpu-static,wfmanager_update_jobs_37,0.4307138919830322,wfmanager_update_jobs
1856,gpu-static,wfmanager_add_new_patches_mlserver_38,0.10474824905395508,wfmanager_add_new_patches_mlserver
1857,gpu-static,wfmanager_add_new_patches_to_ml_38,1.9311904907226562e-05,wfmanager_add_new_patches_to_ml
1858,gpu-static,wfmanager_add_cgframes_to_ml_38,1.4781951904296875e-05,wfmanager_add_cgframes_to_ml
1859,gpu-static,wfmanager_update_jobs_38,0.3777139186859131,wfmanager_update_jobs
1860,gpu-static,wfmanager_add_new_patches_mlserver_39,0.08191871643066406,wfmanager_add_new_patches_mlserver
1861,gpu-static,wfmanager_add_new_patches_to_ml_39,3.3855438232421875e-05,wfmanager_add_new_patches_to_ml
1862,gpu-static,wfmanager_add_cgframes_to_ml_39,2.1219253540039062e-05,wfmanager_add_cgframes_to_ml
1863,gpu-static,wfmanager_update_jobs_39,0.41814160346984863,wfmanager_update_jobs
1864,gpu-static,wfmanager_add_new_patches_mlserver_40,0.08884954452514648,wfmanager_add_new_patches_mlserver
1865,gpu-static,wfmanager_add_new_patches_to_ml_40,2.0265579223632812e-05,wfmanager_add_new_patches_to_ml
1866,gpu-static,wfmanager_add_cgframes_to_ml_40,2.09808349609375e-05,wfmanager_add_cgframes_to_ml
1867,gpu-static,wfmanager_update_jobs_40,0.4030029773712158,wfmanager_update_jobs
1868,gpu-static,wfmanager_add_new_patches_mlserver_41,0.09417533874511719,wfmanager_add_new_patches_mlserver
1869,gpu-static,wfmanager_add_new_patches_to_ml_41,2.09808349609375e-05,wfmanager_add_new_patches_to_ml
1870,gpu-static,wfmanager_add_cgframes_to_ml_41,2.1219253540039062e-05,wfmanager_add_cgframes_to_ml
1871,gpu-static,wfmanager_update_jobs_41,0.40507054328918457,wfmanager_update_jobs
1872,gpu-static,wfmanager_add_new_patches_mlserver_42,0.09442543983459473,wfmanager_add_new_patches_mlserver
1873,gpu-static,wfmanager_add_new_patches_to_ml_42,2.1457672119140625e-05,wfmanager_add_new_patches_to_ml
1874,gpu-static,wfmanager_add_cgframes_to_ml_42,2.193450927734375e-05,wfmanager_add_cgframes_to_ml
1875,gpu-static,wfmanager_update_jobs_42,0.3829946517944336,wfmanager_update_jobs
1876,gpu-static,wfmanager_add_new_patches_mlserver_43,0.09015202522277832,wfmanager_add_new_patches_mlserver
1877,gpu-static,wfmanager_add_new_patches_to_ml_43,3.600120544433594e-05,wfmanager_add_new_patches_to_ml
1878,gpu-static,wfmanager_add_cgframes_to_ml_43,2.0742416381835938e-05,wfmanager_add_cgframes_to_ml
1879,gpu-static,wfmanager_update_jobs_43,0.3988215923309326,wfmanager_update_jobs
1880,gpu-static,wfmanager_add_new_patches_mlserver_44,0.07985067367553711,wfmanager_add_new_patches_mlserver
1881,gpu-static,wfmanager_add_new_patches_to_ml_44,2.0503997802734375e-05,wfmanager_add_new_patches_to_ml
1882,gpu-static,wfmanager_add_cgframes_to_ml_44,1.6450881958007812e-05,wfmanager_add_cgframes_to_ml
1883,gpu-static,wfmanager_update_jobs_44,0.38245081901550293,wfmanager_update_jobs
1884,gpu-static,wfmanager_add_new_patches_mlserver_45,0.09401702880859375,wfmanager_add_new_patches_mlserver
1885,gpu-static,wfmanager_add_new_patches_to_ml_45,2.002716064453125e-05,wfmanager_add_new_patches_to_ml
1886,gpu-static,wfmanager_add_cgframes_to_ml_45,1.5974044799804688e-05,wfmanager_add_cgframes_to_ml
1887,gpu-static,wfmanager_update_jobs_45,0.4051239490509033,wfmanager_update_jobs
1888,gpu-static,wfmanager_add_new_patches_mlserver_46,0.08571243286132812,wfmanager_add_new_patches_mlserver
1889,gpu-static,wfmanager_add_new_patches_to_ml_46,2.193450927734375e-05,wfmanager_add_new_patches_to_ml
1890,gpu-static,wfmanager_add_cgframes_to_ml_46,2.0742416381835938e-05,wfmanager_add_cgframes_to_ml
1891,gpu-static,wfmanager_update_jobs_46,0.39798450469970703,wfmanager_update_jobs
1892,gpu-static,wfmanager_add_new_patches_mlserver_47,0.09130644798278809,wfmanager_add_new_patches_mlserver
1893,gpu-static,wfmanager_add_new_patches_to_ml_47,8.106231689453125e-05,wfmanager_add_new_patches_to_ml
1894,gpu-static,wfmanager_add_cgframes_to_ml_47,1.8358230590820312e-05,wfmanager_add_cgframes_to_ml
1895,gpu-static,wfmanager_update_jobs_47,0.3923521041870117,wfmanager_update_jobs
1896,gpu-static,wfmanager_add_new_patches_mlserver_48,0.09793543815612793,wfmanager_add_new_patches_mlserver
1897,gpu-static,wfmanager_add_new_patches_to_ml_48,2.2172927856445312e-05,wfmanager_add_new_patches_to_ml
1898,gpu-static,wfmanager_add_cgframes_to_ml_48,2.1457672119140625e-05,wfmanager_add_cgframes_to_ml
1899,gpu-static,wfmanager_update_jobs_48,0.43635058403015137,wfmanager_update_jobs
1900,gpu-static,wfmanager_add_new_patches_mlserver_49,0.08174943923950195,wfmanager_add_new_patches_mlserver
1901,gpu-static,wfmanager_add_new_patches_to_ml_49,3.9577484130859375e-05,wfmanager_add_new_patches_to_ml
1902,gpu-static,wfmanager_add_cgframes_to_ml_49,2.2411346435546875e-05,wfmanager_add_cgframes_to_ml
1903,gpu-static,wfmanager_update_jobs_49,0.4166755676269531,wfmanager_update_jobs
1904,gpu-static,wfmanager_add_new_patches_mlserver_50,0.09219050407409668,wfmanager_add_new_patches_mlserver
1905,gpu-static,wfmanager_add_new_patches_to_ml_50,2.384185791015625e-05,wfmanager_add_new_patches_to_ml
1906,gpu-static,wfmanager_add_cgframes_to_ml_50,1.9788742065429688e-05,wfmanager_add_cgframes_to_ml
1907,gpu-static,wfmanager_update_jobs_50,0.40238332748413086,wfmanager_update_jobs
1908,gpu-static,wfmanager_add_new_patches_mlserver_51,0.08035802841186523,wfmanager_add_new_patches_mlserver
1909,gpu-static,wfmanager_add_new_patches_to_ml_51,2.002716064453125e-05,wfmanager_add_new_patches_to_ml
1910,gpu-static,wfmanager_add_cgframes_to_ml_51,3.123283386230469e-05,wfmanager_add_cgframes_to_ml
1911,gpu-static,wfmanager_update_jobs_51,0.38872814178466797,wfmanager_update_jobs
1912,gpu-static,wfmanager_add_new_patches_mlserver_52,0.0827324390411377,wfmanager_add_new_patches_mlserver
1913,gpu-static,wfmanager_add_new_patches_to_ml_52,3.5762786865234375e-05,wfmanager_add_new_patches_to_ml
1914,gpu-static,wfmanager_add_cgframes_to_ml_52,2.0742416381835938e-05,wfmanager_add_cgframes_to_ml
1915,gpu-static,wfmanager_update_jobs_52,0.393324613571167,wfmanager_update_jobs
1916,gpu-static,wfmanager_add_new_patches_mlserver_53,0.08457779884338379,wfmanager_add_new_patches_mlserver
1917,gpu-static,wfmanager_add_new_patches_to_ml_53,2.0742416381835938e-05,wfmanager_add_new_patches_to_ml
1918,gpu-static,wfmanager_add_cgframes_to_ml_53,1.811981201171875e-05,wfmanager_add_cgframes_to_ml
1919,gpu-static,wfmanager_update_jobs_53,0.43901777267456055,wfmanager_update_jobs
1920,gpu-static,wfmanager_add_new_patches_mlserver_54,0.07978391647338867,wfmanager_add_new_patches_mlserver
1921,gpu-static,wfmanager_add_new_patches_to_ml_54,2.1219253540039062e-05,wfmanager_add_new_patches_to_ml
1922,gpu-static,wfmanager_add_cgframes_to_ml_54,2.47955322265625e-05,wfmanager_add_cgframes_to_ml
1923,gpu-static,wfmanager_update_jobs_54,0.384429931640625,wfmanager_update_jobs
1924,gpu-static,wfmanager_add_new_patches_mlserver_55,0.08691978454589844,wfmanager_add_new_patches_mlserver
1925,gpu-static,wfmanager_add_new_patches_to_ml_55,2.1457672119140625e-05,wfmanager_add_new_patches_to_ml
1926,gpu-static,wfmanager_add_cgframes_to_ml_55,2.193450927734375e-05,wfmanager_add_cgframes_to_ml
1927,gpu-static,wfmanager_update_jobs_55,0.45314717292785645,wfmanager_update_jobs
1928,gpu-static,wfmanager_add_new_patches_mlserver_56,0.07912135124206543,wfmanager_add_new_patches_mlserver
1929,gpu-static,wfmanager_add_new_patches_to_ml_56,2.1219253540039062e-05,wfmanager_add_new_patches_to_ml
1930,gpu-static,wfmanager_add_cgframes_to_ml_56,2.09808349609375e-05,wfmanager_add_cgframes_to_ml
1931,gpu-static,wfmanager_update_jobs_56,0.4360177516937256,wfmanager_update_jobs
1932,gpu-static,wfmanager_add_new_patches_mlserver_57,0.09054946899414062,wfmanager_add_new_patches_mlserver
1933,gpu-static,wfmanager_add_new_patches_to_ml_57,2.1219253540039062e-05,wfmanager_add_new_patches_to_ml
1934,gpu-static,wfmanager_add_cgframes_to_ml_57,2.0265579223632812e-05,wfmanager_add_cgframes_to_ml
1935,gpu-static,wfmanager_update_jobs_57,0.4096696376800537,wfmanager_update_jobs
1936,gpu-static,wfmanager_add_new_patches_mlserver_58,0.08258509635925293,wfmanager_add_new_patches_mlserver
1937,gpu-static,wfmanager_add_new_patches_to_ml_58,2.09808349609375e-05,wfmanager_add_new_patches_to_ml
1938,gpu-static,wfmanager_add_cgframes_to_ml_58,2.0742416381835938e-05,wfmanager_add_cgframes_to_ml
1939,gpu-static,wfmanager_update_jobs_58,0.37137317657470703,wfmanager_update_jobs
1940,gpu-static,wfmanager_add_new_patches_mlserver_59,0.0908348560333252,wfmanager_add_new_patches_mlserver
1941,gpu-static,wfmanager_add_new_patches_to_ml_59,2.002716064453125e-05,wfmanager_add_new_patches_to_ml
1942,gpu-static,wfmanager_add_cgframes_to_ml_59,2.384185791015625e-05,wfmanager_add_cgframes_to_ml
1943,gpu-static,wfmanager_update_jobs_59,0.3792405128479004,wfmanager_update_jobs
1944,gpu-static,wfmanager_add_new_patches_mlserver_60,0.08375358581542969,wfmanager_add_new_patches_mlserver
1945,gpu-static,wfmanager_add_new_patches_to_ml_60,2.0265579223632812e-05,wfmanager_add_new_patches_to_ml
1946,gpu-static,wfmanager_add_cgframes_to_ml_60,3.147125244140625e-05,wfmanager_add_cgframes_to_ml
1947,gpu-static,wfmanager_update_jobs_60,0.38450074195861816,wfmanager_update_jobs
1948,gpu-static,wfmanager_add_new_patches_mlserver_61,0.07876706123352051,wfmanager_add_new_patches_mlserver
1949,gpu-static,wfmanager_add_new_patches_to_ml_61,2.0503997802734375e-05,wfmanager_add_new_patches_to_ml
1950,gpu-static,wfmanager_add_cgframes_to_ml_61,2.0742416381835938e-05,wfmanager_add_cgframes_to_ml
1951,gpu-static,wfmanager_update_jobs_61,0.39190077781677246,wfmanager_update_jobs
1952,gpu-static,wfmanager_add_new_patches_mlserver_62,0.09281682968139648,wfmanager_add_new_patches_mlserver
1953,gpu-static,wfmanager_add_new_patches_to_ml_62,2.1457672119140625e-05,wfmanager_add_new_patches_to_ml
1954,gpu-static,wfmanager_add_cgframes_to_ml_62,3.695487976074219e-05,wfmanager_add_cgframes_to_ml
1955,gpu-static,wfmanager_update_jobs_62,0.39199137687683105,wfmanager_update_jobs
1956,gpu-static,wfmanager_add_new_patches_mlserver_63,0.08459711074829102,wfmanager_add_new_patches_mlserver
1957,gpu-static,wfmanager_add_new_patches_to_ml_63,1.9788742065429688e-05,wfmanager_add_new_patches_to_ml
1958,gpu-static,wfmanager_add_cgframes_to_ml_63,2.0742416381835938e-05,wfmanager_add_cgframes_to_ml
1959,gpu-static,wfmanager_update_jobs_63,0.41502976417541504,wfmanager_update_jobs
1960,gpu-static,wfmanager_add_new_patches_mlserver_64,0.10227513313293457,wfmanager_add_new_patches_mlserver
1961,gpu-static,wfmanager_add_new_patches_to_ml_64,3.838539123535156e-05,wfmanager_add_new_patches_to_ml
1962,gpu-static,wfmanager_add_cgframes_to_ml_64,1.9788742065429688e-05,wfmanager_add_cgframes_to_ml
1963,gpu-static,wfmanager_update_jobs_64,0.39017224311828613,wfmanager_update_jobs
1964,gpu-static,wfmanager_add_new_patches_mlserver_65,0.09321188926696777,wfmanager_add_new_patches_mlserver
1965,gpu-static,wfmanager_add_new_patches_to_ml_65,2.1219253540039062e-05,wfmanager_add_new_patches_to_ml
1966,gpu-static,wfmanager_add_cgframes_to_ml_65,3.933906555175781e-05,wfmanager_add_cgframes_to_ml
1967,gpu-static,wfmanager_update_jobs_65,0.5330655574798584,wfmanager_update_jobs
1968,gpu-static,wfmanager_add_new_patches_mlserver_66,0.10314440727233887,wfmanager_add_new_patches_mlserver
1969,gpu-static,wfmanager_add_new_patches_to_ml_66,1.6450881958007812e-05,wfmanager_add_new_patches_to_ml
1970,gpu-static,wfmanager_add_cgframes_to_ml_66,2.9802322387695312e-05,wfmanager_add_cgframes_to_ml
1971,gpu-static,wfmanager_update_jobs_66,0.5465002059936523,wfmanager_update_jobs
1972,gpu-static,wfmanager_add_new_patches_mlserver_67,3.729252576828003,wfmanager_add_new_patches_mlserver
1973,gpu-static,wfmanager_add_new_patches_to_ml_67,2.3603439331054688e-05,wfmanager_add_new_patches_to_ml
1974,gpu-static,wfmanager_add_cgframes_to_ml_67,2.6941299438476562e-05,wfmanager_add_cgframes_to_ml
1975,gpu-static,wfmanager_update_jobs_67,0.8009352684020996,wfmanager_update_jobs
1976,gpu-static,wfmanager_add_new_patches_mlserver_68,0.1485755443572998,wfmanager_add_new_patches_mlserver
1977,gpu-static,wfmanager_add_new_patches_to_ml_68,2.2172927856445312e-05,wfmanager_add_new_patches_to_ml
1978,gpu-static,wfmanager_add_cgframes_to_ml_68,2.3365020751953125e-05,wfmanager_add_cgframes_to_ml
1979,gpu-static,wfmanager_update_jobs_68,0.9544296264648438,wfmanager_update_jobs
1980,gpu-static,wfmanager_add_new_patches_mlserver_69,0.13195586204528809,wfmanager_add_new_patches_mlserver
1981,gpu-static,wfmanager_add_new_patches_to_ml_69,2.193450927734375e-05,wfmanager_add_new_patches_to_ml
1982,gpu-static,wfmanager_add_cgframes_to_ml_69,2.09808349609375e-05,wfmanager_add_cgframes_to_ml
1983,gpu-static,wfmanager_update_jobs_69,0.9073257446289062,wfmanager_update_jobs
1984,gpu-static,wfmanager_add_new_patches_mlserver_70,0.1689298152923584,wfmanager_add_new_patches_mlserver
1985,gpu-static,wfmanager_add_new_patches_to_ml_70,2.1219253540039062e-05,wfmanager_add_new_patches_to_ml
1986,gpu-static,wfmanager_add_cgframes_to_ml_70,2.9087066650390625e-05,wfmanager_add_cgframes_to_ml
1987,gpu-static,wfmanager_update_jobs_70,1.1852867603302002,wfmanager_update_jobs
1988,gpu-static,wfmanager_add_new_patches_mlserver_71,0.13106513023376465,wfmanager_add_new_patches_mlserver
1989,gpu-static,wfmanager_add_new_patches_to_ml_71,2.0503997802734375e-05,wfmanager_add_new_patches_to_ml
1990,gpu-static,wfmanager_add_cgframes_to_ml_71,2.288818359375e-05,wfmanager_add_cgframes_to_ml
1991,gpu-static,wfmanager_update_jobs_71,0.8810489177703857,wfmanager_update_jobs
1992,gpu-static,wfmanager_add_new_patches_mlserver_72,0.15851855278015137,wfmanager_add_new_patches_mlserver
1993,gpu-static,wfmanager_add_new_patches_to_ml_72,3.719329833984375e-05,wfmanager_add_new_patches_to_ml
1994,gpu-static,wfmanager_add_cgframes_to_ml_72,3.4809112548828125e-05,wfmanager_add_cgframes_to_ml
1995,gpu-static,wfmanager_update_jobs_72,1.1288387775421143,wfmanager_update_jobs
1996,gpu-static,wfmanager_add_new_patches_mlserver_73,0.1697101593017578,wfmanager_add_new_patches_mlserver
1997,gpu-static,wfmanager_add_new_patches_to_ml_73,3.3855438232421875e-05,wfmanager_add_new_patches_to_ml
1998,gpu-static,wfmanager_add_cgframes_to_ml_73,2.8848648071289062e-05,wfmanager_add_cgframes_to_ml
1999,gpu-static,wfmanager_update_jobs_73,1.069838047027588,wfmanager_update_jobs
2000,gpu-static,wfmanager_add_new_patches_mlserver_74,0.21563458442687988,wfmanager_add_new_patches_mlserver
2001,gpu-static,wfmanager_add_new_patches_to_ml_74,2.1219253540039062e-05,wfmanager_add_new_patches_to_ml
2002,gpu-static,wfmanager_add_cgframes_to_ml_74,4.124641418457031e-05,wfmanager_add_cgframes_to_ml
2003,gpu-static,wfmanager_update_jobs_74,0.9197759628295898,wfmanager_update_jobs
2004,gpu-static,wfmanager_add_new_patches_mlserver_75,0.126328706741333,wfmanager_add_new_patches_mlserver
2005,gpu-static,wfmanager_add_new_patches_to_ml_75,2.09808349609375e-05,wfmanager_add_new_patches_to_ml
2006,gpu-static,wfmanager_add_cgframes_to_ml_75,2.1219253540039062e-05,wfmanager_add_cgframes_to_ml
2007,gpu-static,wfmanager_update_jobs_75,0.8735041618347168,wfmanager_update_jobs
2008,gpu-static,wfmanager_add_new_patches_mlserver_76,0.15555357933044434,wfmanager_add_new_patches_mlserver
2009,gpu-static,wfmanager_add_new_patches_to_ml_76,2.0265579223632812e-05,wfmanager_add_new_patches_to_ml
2010,gpu-static,wfmanager_add_cgframes_to_ml_76,2.6941299438476562e-05,wfmanager_add_cgframes_to_ml
2011,gpu-static,wfmanager_update_jobs_76,1.026536226272583,wfmanager_update_jobs
2012,gpu-static,wfmanager_add_new_patches_mlserver_77,0.15364289283752441,wfmanager_add_new_patches_mlserver
2013,gpu-static,wfmanager_add_new_patches_to_ml_77,2.1696090698242188e-05,wfmanager_add_new_patches_to_ml
2014,gpu-static,wfmanager_add_cgframes_to_ml_77,3.361701965332031e-05,wfmanager_add_cgframes_to_ml
2015,gpu-static,wfmanager_update_jobs_77,0.9534306526184082,wfmanager_update_jobs
2016,gpu-static,wfmanager_add_new_patches_mlserver_78,0.15616297721862793,wfmanager_add_new_patches_mlserver
2017,gpu-static,wfmanager_add_new_patches_to_ml_78,2.1696090698242188e-05,wfmanager_add_new_patches_to_ml
2018,gpu-static,wfmanager_add_cgframes_to_ml_78,3.147125244140625e-05,wfmanager_add_cgframes_to_ml
2019,gpu-static,wfmanager_update_jobs_78,1.0435843467712402,wfmanager_update_jobs
2020,gpu-static,wfmanager_add_new_patches_mlserver_79,0.14182019233703613,wfmanager_add_new_patches_mlserver
2021,gpu-static,wfmanager_add_new_patches_to_ml_79,2.09808349609375e-05,wfmanager_add_new_patches_to_ml
2022,gpu-static,wfmanager_add_cgframes_to_ml_79,1.6450881958007812e-05,wfmanager_add_cgframes_to_ml
2023,gpu-static,wfmanager_update_jobs_79,1.079420566558838,wfmanager_update_jobs
2024,gpu-static,wfmanager_add_new_patches_mlserver_80,0.15384173393249512,wfmanager_add_new_patches_mlserver
2025,gpu-static,wfmanager_add_new_patches_to_ml_80,2.2411346435546875e-05,wfmanager_add_new_patches_to_ml
2026,gpu-static,wfmanager_add_cgframes_to_ml_80,2.9087066650390625e-05,wfmanager_add_cgframes_to_ml
2027,gpu-static,wfmanager_update_jobs_80,0.9975404739379883,wfmanager_update_jobs
2028,gpu-static,wfmanager_add_new_patches_mlserver_81,0.12665867805480957,wfmanager_add_new_patches_mlserver
2029,gpu-static,wfmanager_add_new_patches_to_ml_81,2.0503997802734375e-05,wfmanager_add_new_patches_to_ml
2030,gpu-static,wfmanager_add_cgframes_to_ml_81,2.1219253540039062e-05,wfmanager_add_cgframes_to_ml
2031,gpu-static,wfmanager_update_jobs_81,0.9887824058532715,wfmanager_update_jobs
2032,gpu-static,wfmanager_add_new_patches_mlserver_82,0.14884018898010254,wfmanager_add_new_patches_mlserver
2033,gpu-static,wfmanager_add_new_patches_to_ml_82,2.1696090698242188e-05,wfmanager_add_new_patches_to_ml
2034,gpu-static,wfmanager_add_cgframes_to_ml_82,3.0517578125e-05,wfmanager_add_cgframes_to_ml
2035,gpu-static,wfmanager_update_jobs_82,0.9769401550292969,wfmanager_update_jobs
2036,gpu-static,wfmanager_add_new_patches_mlserver_83,0.15418648719787598,wfmanager_add_new_patches_mlserver
2037,gpu-static,wfmanager_add_new_patches_to_ml_83,2.0742416381835938e-05,wfmanager_add_new_patches_to_ml
2038,gpu-static,wfmanager_add_cgframes_to_ml_83,2.09808349609375e-05,wfmanager_add_cgframes_to_ml
2039,gpu-static,wfmanager_update_jobs_83,0.983830451965332,wfmanager_update_jobs
2040,gpu-static,wfmanager_add_new_patches_mlserver_84,0.20117497444152832,wfmanager_add_new_patches_mlserver
2041,gpu-static,wfmanager_add_new_patches_to_ml_84,7.534027099609375e-05,wfmanager_add_new_patches_to_ml
2042,gpu-static,wfmanager_add_cgframes_to_ml_84,7.772445678710938e-05,wfmanager_add_cgframes_to_ml
2043,gpu-static,wfmanager_update_jobs_84,1.3869712352752686,wfmanager_update_jobs
2044,gpu-static,wfmanager_add_new_patches_mlserver_85,0.2202906608581543,wfmanager_add_new_patches_mlserver
2045,gpu-static,wfmanager_add_new_patches_to_ml_85,3.409385681152344e-05,wfmanager_add_new_patches_to_ml
2046,gpu-static,wfmanager_add_cgframes_to_ml_85,9.131431579589844e-05,wfmanager_add_cgframes_to_ml
2047,gpu-static,wfmanager_update_jobs_85,1.3159990310668945,wfmanager_update_jobs
2048,gpu-static,wfmanager_add_new_patches_mlserver_86,0.2339189052581787,wfmanager_add_new_patches_mlserver
2049,gpu-static,wfmanager_add_new_patches_to_ml_86,3.4809112548828125e-05,wfmanager_add_new_patches_to_ml
2050,gpu-static,wfmanager_add_cgframes_to_ml_86,2.9802322387695312e-05,wfmanager_add_cgframes_to_ml
2051,gpu-static,wfmanager_update_jobs_86,1.370795488357544,wfmanager_update_jobs
2052,gpu-static,wfmanager_add_new_patches_mlserver_87,0.19632458686828613,wfmanager_add_new_patches_mlserver
2053,gpu-static,wfmanager_add_new_patches_to_ml_87,3.123283386230469e-05,wfmanager_add_new_patches_to_ml
2054,gpu-static,wfmanager_add_cgframes_to_ml_87,8.130073547363281e-05,wfmanager_add_cgframes_to_ml
2055,gpu-static,wfmanager_update_jobs_87,1.3292248249053955,wfmanager_update_jobs
2056,gpu-static,wfmanager_add_new_patches_mlserver_88,0.2101607322692871,wfmanager_add_new_patches_mlserver
2057,gpu-static,wfmanager_add_new_patches_to_ml_88,2.9802322387695312e-05,wfmanager_add_new_patches_to_ml
2058,gpu-static,wfmanager_add_cgframes_to_ml_88,8.034706115722656e-05,wfmanager_add_cgframes_to_ml
2059,gpu-static,wfmanager_update_jobs_88,1.287656545639038,wfmanager_update_jobs
2060,gpu-static,wfmanager_add_new_patches_mlserver_89,0.1920485496520996,wfmanager_add_new_patches_mlserver
2061,gpu-static,wfmanager_add_new_patches_to_ml_89,2.09808349609375e-05,wfmanager_add_new_patches_to_ml
2062,gpu-static,wfmanager_add_cgframes_to_ml_89,2.2649765014648438e-05,wfmanager_add_cgframes_to_ml
2063,gpu-static,wfmanager_update_jobs_89,1.2673907279968262,wfmanager_update_jobs
2064,gpu-static,wfmanager_add_new_patches_mlserver_90,0.18870949745178223,wfmanager_add_new_patches_mlserver
2065,gpu-static,wfmanager_add_new_patches_to_ml_90,3.314018249511719e-05,wfmanager_add_new_patches_to_ml
2066,gpu-static,wfmanager_add_cgframes_to_ml_90,4.5299530029296875e-05,wfmanager_add_cgframes_to_ml
2067,gpu-static,wfmanager_update_jobs_90,1.3326122760772705,wfmanager_update_jobs
2068,gpu-static,wfmanager_add_new_patches_mlserver_91,0.1876664161682129,wfmanager_add_new_patches_mlserver
2069,gpu-static,wfmanager_add_new_patches_to_ml_91,3.147125244140625e-05,wfmanager_add_new_patches_to_ml
2070,gpu-static,wfmanager_add_cgframes_to_ml_91,4.076957702636719e-05,wfmanager_add_cgframes_to_ml
2071,gpu-static,wfmanager_update_jobs_91,1.2262582778930664,wfmanager_update_jobs
2072,gpu-static,wfmanager_add_new_patches_mlserver_92,0.18541431427001953,wfmanager_add_new_patches_mlserver
2073,gpu-static,wfmanager_add_new_patches_to_ml_92,3.147125244140625e-05,wfmanager_add_new_patches_to_ml
2074,gpu-static,wfmanager_add_cgframes_to_ml_92,4.0531158447265625e-05,wfmanager_add_cgframes_to_ml
2075,gpu-static,wfmanager_update_jobs_92,1.2837893962860107,wfmanager_update_jobs
2076,gpu-static,wfmanager_add_new_patches_mlserver_93,0.19156098365783691,wfmanager_add_new_patches_mlserver
2077,gpu-static,wfmanager_add_new_patches_to_ml_93,2.9802322387695312e-05,wfmanager_add_new_patches_to_ml
2078,gpu-static,wfmanager_add_cgframes_to_ml_93,7.653236389160156e-05,wfmanager_add_cgframes_to_ml
2079,gpu-static,wfmanager_update_jobs_93,1.2082240581512451,wfmanager_update_jobs
2080,gpu-static,wfmanager_add_new_patches_mlserver_94,0.19596409797668457,wfmanager_add_new_patches_mlserver
2081,gpu-static,wfmanager_add_new_patches_to_ml_94,3.4809112548828125e-05,wfmanager_add_new_patches_to_ml
2082,gpu-static,wfmanager_add_cgframes_to_ml_94,8.249282836914062e-05,wfmanager_add_cgframes_to_ml
2083,gpu-static,wfmanager_update_jobs_94,1.411147117614746,wfmanager_update_jobs
2084,gpu-static,wfmanager_add_new_patches_mlserver_95,0.1890277862548828,wfmanager_add_new_patches_mlserver
2085,gpu-static,wfmanager_add_new_patches_to_ml_95,3.1948089599609375e-05,wfmanager_add_new_patches_to_ml
2086,gpu-static,wfmanager_add_cgframes_to_ml_95,7.62939453125e-05,wfmanager_add_cgframes_to_ml
2087,gpu-static,wfmanager_update_jobs_95,1.2879390716552734,wfmanager_update_jobs
2088,gpu-static,wfmanager_add_new_patches_mlserver_96,0.18712830543518066,wfmanager_add_new_patches_mlserver
2089,gpu-static,wfmanager_add_new_patches_to_ml_96,3.123283386230469e-05,wfmanager_add_new_patches_to_ml
2090,gpu-static,wfmanager_add_cgframes_to_ml_96,7.200241088867188e-05,wfmanager_add_cgframes_to_ml
2091,gpu-static,wfmanager_update_jobs_96,1.3785324096679688,wfmanager_update_jobs
2092,gpu-static,wfmanager_add_new_patches_mlserver_97,0.19585204124450684,wfmanager_add_new_patches_mlserver
2093,gpu-static,wfmanager_add_new_patches_to_ml_97,3.5762786865234375e-05,wfmanager_add_new_patches_to_ml
2094,gpu-static,wfmanager_add_cgframes_to_ml_97,7.963180541992188e-05,wfmanager_add_cgframes_to_ml
2095,gpu-static,wfmanager_update_jobs_97,1.2921404838562012,wfmanager_update_jobs
2096,gpu-static,wfmanager_add_new_patches_mlserver_98,0.20761775970458984,wfmanager_add_new_patches_mlserver
2097,gpu-static,wfmanager_add_new_patches_to_ml_98,3.0994415283203125e-05,wfmanager_add_new_patches_to_ml
2098,gpu-static,wfmanager_add_cgframes_to_ml_98,9.489059448242188e-05,wfmanager_add_cgframes_to_ml
2099,gpu-static,wfmanager_update_jobs_98,1.3071932792663574,wfmanager_update_jobs
2100,gpu-static,wfmanager_add_new_patches_mlserver_99,0.18869590759277344,wfmanager_add_new_patches_mlserver
2101,gpu-static,wfmanager_add_new_patches_to_ml_99,3.218650817871094e-05,wfmanager_add_new_patches_to_ml
2102,gpu-static,wfmanager_add_cgframes_to_ml_99,9.083747863769531e-05,wfmanager_add_cgframes_to_ml
2103,gpu-static,wfmanager_update_jobs_99,1.2704241275787354,wfmanager_update_jobs
2104,gpu-static,wfmanager_add_new_patches_mlserver_100,0.2732539176940918,wfmanager_add_new_patches_mlserver
2105,gpu-static,wfmanager_add_new_patches_to_ml_100,3.266334533691406e-05,wfmanager_add_new_patches_to_ml
2106,gpu-static,wfmanager_add_cgframes_to_ml_100,7.963180541992188e-05,wfmanager_add_cgframes_to_ml
2107,gpu-static,wfmanager_update_jobs_100,1.3133115768432617,wfmanager_update_jobs
2108,gpu-static,wfmanager_add_new_patches_mlserver_101,0.18374347686767578,wfmanager_add_new_patches_mlserver
2109,gpu-static,wfmanager_add_new_patches_to_ml_101,2.7894973754882812e-05,wfmanager_add_new_patches_to_ml
2110,gpu-static,wfmanager_add_cgframes_to_ml_101,7.677078247070312e-05,wfmanager_add_cgframes_to_ml
2111,gpu-static,wfmanager_update_jobs_101,1.2618954181671143,wfmanager_update_jobs
2112,gpu-static,wfmanager_add_new_patches_mlserver_102,0.20402121543884277,wfmanager_add_new_patches_mlserver
2113,gpu-static,wfmanager_add_new_patches_to_ml_102,3.552436828613281e-05,wfmanager_add_new_patches_to_ml
2114,gpu-static,wfmanager_add_cgframes_to_ml_102,3.2901763916015625e-05,wfmanager_add_cgframes_to_ml
2115,gpu-static,wfmanager_update_jobs_102,1.3176944255828857,wfmanager_update_jobs
2116,gpu-static,wfmanager_add_new_patches_mlserver_103,0.18430447578430176,wfmanager_add_new_patches_mlserver
2117,gpu-static,wfmanager_add_new_patches_to_ml_103,3.3855438232421875e-05,wfmanager_add_new_patches_to_ml
2118,gpu-static,wfmanager_add_cgframes_to_ml_103,7.510185241699219e-05,wfmanager_add_cgframes_to_ml
2119,gpu-static,wfmanager_update_jobs_103,1.3495538234710693,wfmanager_update_jobs
2120,gpu-static,wfmanager_add_new_patches_mlserver_104,0.18700599670410156,wfmanager_add_new_patches_mlserver
2121,gpu-static,wfmanager_add_new_patches_to_ml_104,4.172325134277344e-05,wfmanager_add_new_patches_to_ml
2122,gpu-static,wfmanager_add_cgframes_to_ml_104,4.124641418457031e-05,wfmanager_add_cgframes_to_ml
2123,gpu-static,wfmanager_update_jobs_104,1.370436191558838,wfmanager_update_jobs
2124,gpu-static,wfmanager_add_new_patches_mlserver_105,0.20632719993591309,wfmanager_add_new_patches_mlserver
2125,gpu-static,wfmanager_add_new_patches_to_ml_105,3.0279159545898438e-05,wfmanager_add_new_patches_to_ml
2126,gpu-static,wfmanager_add_cgframes_to_ml_105,7.796287536621094e-05,wfmanager_add_cgframes_to_ml
2127,gpu-static,wfmanager_update_jobs_105,1.306208610534668,wfmanager_update_jobs
2128,gpu-static,wfmanager_add_new_patches_mlserver_106,0.18618035316467285,wfmanager_add_new_patches_mlserver
2129,gpu-static,wfmanager_add_new_patches_to_ml_106,3.361701965332031e-05,wfmanager_add_new_patches_to_ml
2130,gpu-static,wfmanager_add_cgframes_to_ml_106,7.271766662597656e-05,wfmanager_add_cgframes_to_ml
2131,gpu-static,wfmanager_update_jobs_106,1.2796659469604492,wfmanager_update_jobs
2132,gpu-static,wfmanager_add_new_patches_mlserver_107,0.19020485877990723,wfmanager_add_new_patches_mlserver
2133,gpu-static,wfmanager_add_new_patches_to_ml_107,3.2901763916015625e-05,wfmanager_add_new_patches_to_ml
2134,gpu-static,wfmanager_add_cgframes_to_ml_107,3.8623809814453125e-05,wfmanager_add_cgframes_to_ml
2135,gpu-static,wfmanager_update_jobs_107,1.2862944602966309,wfmanager_update_jobs
2136,gpu-static,wfmanager_add_new_patches_mlserver_108,0.19282174110412598,wfmanager_add_new_patches_mlserver
2137,gpu-static,wfmanager_add_new_patches_to_ml_108,3.7670135498046875e-05,wfmanager_add_new_patches_to_ml
2138,gpu-static,wfmanager_add_cgframes_to_ml_108,3.981590270996094e-05,wfmanager_add_cgframes_to_ml
2139,gpu-static,wfmanager_update_jobs_108,1.3451082706451416,wfmanager_update_jobs
2140,gpu-static,wfmanager_add_new_patches_mlserver_109,0.19515562057495117,wfmanager_add_new_patches_mlserver
2141,gpu-static,wfmanager_add_new_patches_to_ml_109,2.9325485229492188e-05,wfmanager_add_new_patches_to_ml
2142,gpu-static,wfmanager_add_cgframes_to_ml_109,7.486343383789062e-05,wfmanager_add_cgframes_to_ml
2143,gpu-static,wfmanager_update_jobs_109,1.2989003658294678,wfmanager_update_jobs
2144,gpu-static,wfmanager_add_new_patches_mlserver_110,0.19486260414123535,wfmanager_add_new_patches_mlserver
2145,gpu-static,wfmanager_add_new_patches_to_ml_110,2.956390380859375e-05,wfmanager_add_new_patches_to_ml
2146,gpu-static,wfmanager_add_cgframes_to_ml_110,0.00011205673217773438,wfmanager_add_cgframes_to_ml
2147,gpu-static,wfmanager_update_jobs_110,1.295302152633667,wfmanager_update_jobs
2148,gpu-static,wfmanager_add_new_patches_mlserver_111,0.1899876594543457,wfmanager_add_new_patches_mlserver
2149,gpu-static,wfmanager_add_new_patches_to_ml_111,3.5762786865234375e-05,wfmanager_add_new_patches_to_ml
2150,gpu-static,wfmanager_add_cgframes_to_ml_111,3.886222839355469e-05,wfmanager_add_cgframes_to_ml
2151,gpu-static,wfmanager_update_jobs_111,1.3106677532196045,wfmanager_update_jobs
2152,gpu-static,wfmanager_add_new_patches_mlserver_112,0.19990801811218262,wfmanager_add_new_patches_mlserver
2153,gpu-static,wfmanager_add_new_patches_to_ml_112,2.9087066650390625e-05,wfmanager_add_new_patches_to_ml
2154,gpu-static,wfmanager_add_cgframes_to_ml_112,4.076957702636719e-05,wfmanager_add_cgframes_to_ml
2155,gpu-static,wfmanager_update_jobs_112,1.3005309104919434,wfmanager_update_jobs
2156,gpu-static,wfmanager_add_new_patches_mlserver_113,0.21116161346435547,wfmanager_add_new_patches_mlserver
2157,gpu-static,wfmanager_add_new_patches_to_ml_113,2.9802322387695312e-05,wfmanager_add_new_patches_to_ml
2158,gpu-static,wfmanager_add_cgframes_to_ml_113,8.654594421386719e-05,wfmanager_add_cgframes_to_ml
2159,gpu-static,wfmanager_update_jobs_113,1.3146698474884033,wfmanager_update_jobs
2160,gpu-static,wfmanager_add_new_patches_mlserver_114,0.1913166046142578,wfmanager_add_new_patches_mlserver
2161,gpu-static,wfmanager_add_new_patches_to_ml_114,3.600120544433594e-05,wfmanager_add_new_patches_to_ml
2162,gpu-static,wfmanager_add_cgframes_to_ml_114,9.131431579589844e-05,wfmanager_add_cgframes_to_ml
2163,gpu-static,wfmanager_update_jobs_114,1.4089336395263672,wfmanager_update_jobs
2164,gpu-static,wfmanager_add_new_patches_mlserver_115,0.23692917823791504,wfmanager_add_new_patches_mlserver
2165,gpu-static,wfmanager_add_new_patches_to_ml_115,2.9087066650390625e-05,wfmanager_add_new_patches_to_ml
2166,gpu-static,wfmanager_add_cgframes_to_ml_115,5.1021575927734375e-05,wfmanager_add_cgframes_to_ml
2167,gpu-static,wfmanager_update_jobs_115,1.4198670387268066,wfmanager_update_jobs
2168,gpu-static,wfmanager_add_new_patches_mlserver_116,0.19406676292419434,wfmanager_add_new_patches_mlserver
2169,gpu-static,wfmanager_add_new_patches_to_ml_116,4.553794860839844e-05,wfmanager_add_new_patches_to_ml
2170,gpu-static,wfmanager_add_cgframes_to_ml_116,3.7670135498046875e-05,wfmanager_add_cgframes_to_ml
2171,gpu-static,wfmanager_update_jobs_116,1.308943271636963,wfmanager_update_jobs
2172,gpu-static,wfmanager_add_new_patches_mlserver_117,0.19066786766052246,wfmanager_add_new_patches_mlserver
2173,gpu-static,wfmanager_add_new_patches_to_ml_117,2.9087066650390625e-05,wfmanager_add_new_patches_to_ml
2174,gpu-static,wfmanager_add_cgframes_to_ml_117,7.891654968261719e-05,wfmanager_add_cgframes_to_ml
2175,gpu-static,wfmanager_update_jobs_117,1.2143046855926514,wfmanager_update_jobs
2176,gpu-static,wfmanager_add_new_patches_mlserver_118,0.18964791297912598,wfmanager_add_new_patches_mlserver
2177,gpu-static,wfmanager_add_new_patches_to_ml_118,3.409385681152344e-05,wfmanager_add_new_patches_to_ml
2178,gpu-static,wfmanager_add_cgframes_to_ml_118,4.3392181396484375e-05,wfmanager_add_cgframes_to_ml
2179,gpu-static,wfmanager_update_jobs_118,1.3036243915557861,wfmanager_update_jobs
2180,gpu-static,wfmanager_add_new_patches_mlserver_119,0.22017312049865723,wfmanager_add_new_patches_mlserver
2181,gpu-static,wfmanager_add_new_patches_to_ml_119,2.8848648071289062e-05,wfmanager_add_new_patches_to_ml
2182,gpu-static,wfmanager_add_cgframes_to_ml_119,4.0531158447265625e-05,wfmanager_add_cgframes_to_ml
2183,gpu-static,wfmanager_update_jobs_119,1.27048921585083,wfmanager_update_jobs
2184,gpu-static,wfmanager_add_new_patches_mlserver_120,0.18592047691345215,wfmanager_add_new_patches_mlserver
2185,gpu-static,wfmanager_add_new_patches_to_ml_120,3.3855438232421875e-05,wfmanager_add_new_patches_to_ml
2186,gpu-static,wfmanager_add_cgframes_to_ml_120,2.9325485229492188e-05,wfmanager_add_cgframes_to_ml
2187,gpu-static,wfmanager_update_jobs_120,1.3088796138763428,wfmanager_update_jobs
2188,gpu-static,wfmanager_add_new_patches_mlserver_121,0.27376651763916016,wfmanager_add_new_patches_mlserver
2189,gpu-static,wfmanager_add_new_patches_to_ml_121,2.5272369384765625e-05,wfmanager_add_new_patches_to_ml
2190,gpu-static,wfmanager_add_cgframes_to_ml_121,3.552436828613281e-05,wfmanager_add_cgframes_to_ml
2191,gpu-static,wfmanager_update_jobs_121,1.3690972328186035,wfmanager_update_jobs
2192,gpu-static,wfmanager_add_new_patches_mlserver_122,3.9719090461730957,wfmanager_add_new_patches_mlserver
2193,gpu-static,wfmanager_add_new_patches_to_ml_122,4.00543212890625e-05,wfmanager_add_new_patches_to_ml
2194,gpu-static,wfmanager_add_cgframes_to_ml_122,3.6716461181640625e-05,wfmanager_add_cgframes_to_ml
2195,gpu-static,wfmanager_update_jobs_122,1.2420098781585693,wfmanager_update_jobs
2196,gpu-static,wfmanager_add_new_patches_mlserver_123,0.22875070571899414,wfmanager_add_new_patches_mlserver
2197,gpu-static,wfmanager_add_new_patches_to_ml_123,3.266334533691406e-05,wfmanager_add_new_patches_to_ml
2198,gpu-static,wfmanager_add_cgframes_to_ml_123,7.224082946777344e-05,wfmanager_add_cgframes_to_ml
2199,gpu-static,wfmanager_update_jobs_123,1.3217380046844482,wfmanager_update_jobs
2200,gpu-static,wfmanager_add_new_patches_mlserver_124,0.23393726348876953,wfmanager_add_new_patches_mlserver
2201,gpu-static,wfmanager_add_new_patches_to_ml_124,2.86102294921875e-05,wfmanager_add_new_patches_to_ml
2202,gpu-static,wfmanager_add_cgframes_to_ml_124,7.510185241699219e-05,wfmanager_add_cgframes_to_ml
2203,gpu-static,wfmanager_update_jobs_124,1.3432586193084717,wfmanager_update_jobs
2204,gpu-static,wfmanager_add_new_patches_mlserver_125,0.14556479454040527,wfmanager_add_new_patches_mlserver
2205,gpu-static,wfmanager_add_new_patches_to_ml_125,2.0742416381835938e-05,wfmanager_add_new_patches_to_ml
2206,gpu-static,wfmanager_add_cgframes_to_ml_125,2.0742416381835938e-05,wfmanager_add_cgframes_to_ml
2207,gpu-static,wfmanager_update_jobs_125,0.8170087337493896,wfmanager_update_jobs
2208,gpu-static,wfmanager_add_new_patches_mlserver_126,0.22959160804748535,wfmanager_add_new_patches_mlserver
2209,gpu-static,wfmanager_add_new_patches_to_ml_126,2.8133392333984375e-05,wfmanager_add_new_patches_to_ml
2210,gpu-static,wfmanager_add_cgframes_to_ml_126,8.153915405273438e-05,wfmanager_add_cgframes_to_ml
2211,gpu-static,wfmanager_update_jobs_126,1.381545066833496,wfmanager_update_jobs
2212,gpu-static,wfmanager_add_new_patches_mlserver_127,0.23338723182678223,wfmanager_add_new_patches_mlserver
2213,gpu-static,wfmanager_add_new_patches_to_ml_127,6.341934204101562e-05,wfmanager_add_new_patches_to_ml
2214,gpu-static,wfmanager_add_cgframes_to_ml_127,3.886222839355469e-05,wfmanager_add_cgframes_to_ml
2215,gpu-static,wfmanager_update_jobs_127,1.3176615238189697,wfmanager_update_jobs
2216,gpu-static,wfmanager_add_new_patches_mlserver_128,0.243088960647583,wfmanager_add_new_patches_mlserver
2217,gpu-static,wfmanager_add_new_patches_to_ml_128,2.956390380859375e-05,wfmanager_add_new_patches_to_ml
2218,gpu-static,wfmanager_add_cgframes_to_ml_128,2.86102294921875e-05,wfmanager_add_cgframes_to_ml
2219,gpu-static,wfmanager_update_jobs_128,1.4167559146881104,wfmanager_update_jobs
2220,gpu-static,wfmanager_add_new_patches_mlserver_129,0.24248909950256348,wfmanager_add_new_patches_mlserver
2221,gpu-static,wfmanager_add_new_patches_to_ml_129,2.0265579223632812e-05,wfmanager_add_new_patches_to_ml
2222,gpu-static,wfmanager_add_cgframes_to_ml_129,2.6464462280273438e-05,wfmanager_add_cgframes_to_ml
2223,gpu-static,wfmanager_update_jobs_129,1.3310682773590088,wfmanager_update_jobs
2224,gpu-static,wfmanager_add_new_patches_mlserver_130,0.22939419746398926,wfmanager_add_new_patches_mlserver
2225,gpu-static,wfmanager_add_new_patches_to_ml_130,3.457069396972656e-05,wfmanager_add_new_patches_to_ml
2226,gpu-static,wfmanager_add_cgframes_to_ml_130,3.981590270996094e-05,wfmanager_add_cgframes_to_ml
2227,gpu-static,wfmanager_update_jobs_130,1.3533644676208496,wfmanager_update_jobs
2228,gpu-static,wfmanager_add_new_patches_mlserver_131,0.22380304336547852,wfmanager_add_new_patches_mlserver
2229,gpu-static,wfmanager_add_new_patches_to_ml_131,3.457069396972656e-05,wfmanager_add_new_patches_to_ml
2230,gpu-static,wfmanager_add_cgframes_to_ml_131,7.939338684082031e-05,wfmanager_add_cgframes_to_ml
2231,gpu-static,wfmanager_update_jobs_131,1.3244643211364746,wfmanager_update_jobs
2232,gpu-static,wfmanager_add_new_patches_mlserver_132,0.2254772186279297,wfmanager_add_new_patches_mlserver
2233,gpu-static,wfmanager_add_new_patches_to_ml_132,3.0994415283203125e-05,wfmanager_add_new_patches_to_ml
2234,gpu-static,wfmanager_add_cgframes_to_ml_132,3.7670135498046875e-05,wfmanager_add_cgframes_to_ml
2235,gpu-static,wfmanager_update_jobs_132,1.347090244293213,wfmanager_update_jobs
2236,gpu-static,wfmanager_add_new_patches_mlserver_133,0.2371997833251953,wfmanager_add_new_patches_mlserver
2237,gpu-static,wfmanager_add_new_patches_to_ml_133,2.1219253540039062e-05,wfmanager_add_new_patches_to_ml
2238,gpu-static,wfmanager_add_cgframes_to_ml_133,2.5033950805664062e-05,wfmanager_add_cgframes_to_ml
2239,gpu-static,wfmanager_update_jobs_133,1.2491090297698975,wfmanager_update_jobs
2240,gpu-static,wfmanager_add_new_patches_mlserver_134,0.22808408737182617,wfmanager_add_new_patches_mlserver
2241,gpu-static,wfmanager_add_new_patches_to_ml_134,3.147125244140625e-05,wfmanager_add_new_patches_to_ml
2242,gpu-static,wfmanager_add_cgframes_to_ml_134,4.863739013671875e-05,wfmanager_add_cgframes_to_ml
2243,gpu-static,wfmanager_update_jobs_134,1.3869967460632324,wfmanager_update_jobs
2244,gpu-static,wfmanager_add_new_patches_mlserver_135,0.17142200469970703,wfmanager_add_new_patches_mlserver
2245,gpu-static,wfmanager_add_new_patches_to_ml_135,1.4781951904296875e-05,wfmanager_add_new_patches_to_ml
2246,gpu-static,wfmanager_add_cgframes_to_ml_135,1.9073486328125e-05,wfmanager_add_cgframes_to_ml
2247,gpu-static,wfmanager_update_jobs_135,0.8628814220428467,wfmanager_update_jobs
2248,gpu-static,wfmanager_add_new_patches_mlserver_136,3.7950351238250732,wfmanager_add_new_patches_mlserver
2249,gpu-static,wfmanager_add_new_patches_to_ml_136,2.4318695068359375e-05,wfmanager_add_new_patches_to_ml
2250,gpu-static,wfmanager_add_cgframes_to_ml_136,2.193450927734375e-05,wfmanager_add_cgframes_to_ml
2251,gpu-static,wfmanager_update_jobs_136,1.096569299697876,wfmanager_update_jobs
2252,gpu-static,wfmanager_add_new_patches_mlserver_137,0.17613530158996582,wfmanager_add_new_patches_mlserver
2253,gpu-static,wfmanager_add_new_patches_to_ml_137,1.9550323486328125e-05,wfmanager_add_new_patches_to_ml
2254,gpu-static,wfmanager_add_cgframes_to_ml_137,2.384185791015625e-05,wfmanager_add_cgframes_to_ml
2255,gpu-static,wfmanager_update_jobs_137,0.9358298778533936,wfmanager_update_jobs
2256,gpu-static,wfmanager_add_new_patches_mlserver_138,0.17104625701904297,wfmanager_add_new_patches_mlserver
2257,gpu-static,wfmanager_add_new_patches_to_ml_138,2.0742416381835938e-05,wfmanager_add_new_patches_to_ml
2258,gpu-static,wfmanager_add_cgframes_to_ml_138,2.09808349609375e-05,wfmanager_add_cgframes_to_ml
2259,gpu-static,wfmanager_update_jobs_138,1.1758599281311035,wfmanager_update_jobs
2260,gpu-static,wfmanager_add_new_patches_mlserver_139,0.1692352294921875,wfmanager_add_new_patches_mlserver
2261,gpu-static,wfmanager_add_new_patches_to_ml_139,2.0503997802734375e-05,wfmanager_add_new_patches_to_ml
2262,gpu-static,wfmanager_add_cgframes_to_ml_139,2.1696090698242188e-05,wfmanager_add_cgframes_to_ml
2263,gpu-static,wfmanager_update_jobs_139,0.9563729763031006,wfmanager_update_jobs
2264,gpu-static,wfmanager_add_new_patches_mlserver_140,3.8197600841522217,wfmanager_add_new_patches_mlserver
2265,gpu-static,wfmanager_add_new_patches_to_ml_140,3.5762786865234375e-05,wfmanager_add_new_patches_to_ml
2266,gpu-static,wfmanager_add_cgframes_to_ml_140,2.8848648071289062e-05,wfmanager_add_cgframes_to_ml
2267,gpu-static,wfmanager_update_jobs_140,0.8997385501861572,wfmanager_update_jobs
2268,gpu-static,wfmanager_add_new_patches_mlserver_141,3.769158363342285,wfmanager_add_new_patches_mlserver
2269,gpu-static,wfmanager_add_new_patches_to_ml_141,2.3603439331054688e-05,wfmanager_add_new_patches_to_ml
2270,gpu-static,wfmanager_add_cgframes_to_ml_141,2.765655517578125e-05,wfmanager_add_cgframes_to_ml
2271,gpu-static,wfmanager_update_jobs_141,0.9125766754150391,wfmanager_update_jobs
2272,gpu-static,wfmanager_add_new_patches_mlserver_142,3.7697091102600098,wfmanager_add_new_patches_mlserver
2273,gpu-static,wfmanager_add_new_patches_to_ml_142,2.4080276489257812e-05,wfmanager_add_new_patches_to_ml
2274,gpu-static,wfmanager_add_cgframes_to_ml_142,2.1219253540039062e-05,wfmanager_add_cgframes_to_ml
2275,gpu-static,wfmanager_update_jobs_142,0.9901130199432373,wfmanager_update_jobs
2276,gpu-static,wfmanager_add_new_patches_mlserver_143,3.7678608894348145,wfmanager_add_new_patches_mlserver
2277,gpu-static,wfmanager_add_new_patches_to_ml_143,2.3603439331054688e-05,wfmanager_add_new_patches_to_ml
2278,gpu-static,wfmanager_add_cgframes_to_ml_143,1.811981201171875e-05,wfmanager_add_cgframes_to_ml
2279,gpu-static,wfmanager_update_jobs_143,0.8805623054504395,wfmanager_update_jobs
2280,gpu-static,wfmanager_add_new_patches_mlserver_144,3.771915912628174,wfmanager_add_new_patches_mlserver
2281,gpu-static,wfmanager_add_new_patches_to_ml_144,2.3603439331054688e-05,wfmanager_add_new_patches_to_ml
2282,gpu-static,wfmanager_add_cgframes_to_ml_144,3.2901763916015625e-05,wfmanager_add_cgframes_to_ml
2283,gpu-static,wfmanager_update_jobs_144,0.9425346851348877,wfmanager_update_jobs
2284,gpu-static,wfmanager_add_new_patches_mlserver_145,3.7616822719573975,wfmanager_add_new_patches_mlserver
2285,gpu-static,wfmanager_add_new_patches_to_ml_145,2.5033950805664062e-05,wfmanager_add_new_patches_to_ml
2286,gpu-static,wfmanager_add_cgframes_to_ml_145,2.4318695068359375e-05,wfmanager_add_cgframes_to_ml
2287,gpu-static,wfmanager_update_jobs_145,0.9377634525299072,wfmanager_update_jobs
2288,gpu-static,wfmanager_add_new_patches_mlserver_146,3.7893998622894287,wfmanager_add_new_patches_mlserver
2289,gpu-static,wfmanager_add_new_patches_to_ml_146,2.4080276489257812e-05,wfmanager_add_new_patches_to_ml
2290,gpu-static,wfmanager_add_cgframes_to_ml_146,3.0994415283203125e-05,wfmanager_add_cgframes_to_ml
2291,gpu-static,wfmanager_update_jobs_146,0.9274849891662598,wfmanager_update_jobs
2292,gpu-static,wfmanager_add_new_patches_mlserver_147,3.7834768295288086,wfmanager_add_new_patches_mlserver
2293,gpu-static,wfmanager_add_new_patches_to_ml_147,2.4080276489257812e-05,wfmanager_add_new_patches_to_ml
2294,gpu-static,wfmanager_add_cgframes_to_ml_147,2.1219253540039062e-05,wfmanager_add_cgframes_to_ml
2295,gpu-static,wfmanager_update_jobs_147,0.9730515480041504,wfmanager_update_jobs
2296,gpu-static,wfmanager_add_new_patches_mlserver_148,3.7641007900238037,wfmanager_add_new_patches_mlserver
2297,gpu-static,wfmanager_add_new_patches_to_ml_148,2.574920654296875e-05,wfmanager_add_new_patches_to_ml
2298,gpu-static,wfmanager_add_cgframes_to_ml_148,3.075599670410156e-05,wfmanager_add_cgframes_to_ml
2299,gpu-static,wfmanager_update_jobs_148,0.9265918731689453,wfmanager_update_jobs
2300,gpu-static,wfmanager_add_new_patches_mlserver_149,3.7970073223114014,wfmanager_add_new_patches_mlserver
2301,gpu-static,wfmanager_add_new_patches_to_ml_149,2.4080276489257812e-05,wfmanager_add_new_patches_to_ml
2302,gpu-static,wfmanager_add_cgframes_to_ml_149,1.5497207641601562e-05,wfmanager_add_cgframes_to_ml
2303,gpu-static,wfmanager_update_jobs_149,0.9397363662719727,wfmanager_update_jobs
2304,gpu-static,wfmanager_add_new_patches_mlserver_150,3.7651681900024414,wfmanager_add_new_patches_mlserver
2305,gpu-static,wfmanager_add_new_patches_to_ml_150,2.3603439331054688e-05,wfmanager_add_new_patches_to_ml
2306,gpu-static,wfmanager_add_cgframes_to_ml_150,2.2649765014648438e-05,wfmanager_add_cgframes_to_ml
2307,gpu-static,wfmanager_update_jobs_150,0.9040207862854004,wfmanager_update_jobs
2308,gpu-static,wfmanager_add_new_patches_mlserver_151,3.8103179931640625,wfmanager_add_new_patches_mlserver
2309,gpu-static,wfmanager_add_new_patches_to_ml_151,2.288818359375e-05,wfmanager_add_new_patches_to_ml
2310,gpu-static,wfmanager_add_cgframes_to_ml_151,2.1696090698242188e-05,wfmanager_add_cgframes_to_ml
2311,gpu-static,wfmanager_update_jobs_151,0.9111301898956299,wfmanager_update_jobs
2312,gpu-static,wfmanager_add_new_patches_mlserver_152,3.7365660667419434,wfmanager_add_new_patches_mlserver
2313,gpu-static,wfmanager_add_new_patches_to_ml_152,2.4318695068359375e-05,wfmanager_add_new_patches_to_ml
2314,gpu-static,wfmanager_add_cgframes_to_ml_152,3.123283386230469e-05,wfmanager_add_cgframes_to_ml
2315,gpu-static,wfmanager_update_jobs_152,0.948805570602417,wfmanager_update_jobs
2316,gpu-static,wfmanager_add_new_patches_mlserver_153,3.8025991916656494,wfmanager_add_new_patches_mlserver
2317,gpu-static,wfmanager_add_new_patches_to_ml_153,2.47955322265625e-05,wfmanager_add_new_patches_to_ml
2318,gpu-static,wfmanager_add_cgframes_to_ml_153,2.288818359375e-05,wfmanager_add_cgframes_to_ml
2319,gpu-static,wfmanager_update_jobs_153,0.9718689918518066,wfmanager_update_jobs
2320,gpu-static,wfmanager_add_new_patches_mlserver_154,3.7442846298217773,wfmanager_add_new_patches_mlserver
2321,gpu-static,wfmanager_add_new_patches_to_ml_154,2.4318695068359375e-05,wfmanager_add_new_patches_to_ml
2322,gpu-static,wfmanager_add_cgframes_to_ml_154,2.1696090698242188e-05,wfmanager_add_cgframes_to_ml
2323,gpu-static,wfmanager_update_jobs_154,0.963336706161499,wfmanager_update_jobs
2324,gpu-static,wfmanager_add_new_patches_mlserver_155,3.7699077129364014,wfmanager_add_new_patches_mlserver
2325,gpu-static,wfmanager_add_new_patches_to_ml_155,2.5272369384765625e-05,wfmanager_add_new_patches_to_ml
2326,gpu-static,wfmanager_add_cgframes_to_ml_155,2.47955322265625e-05,wfmanager_add_cgframes_to_ml
2327,gpu-static,wfmanager_update_jobs_155,0.9147672653198242,wfmanager_update_jobs
2328,gpu-static,wfmanager_add_new_patches_mlserver_156,3.757861852645874,wfmanager_add_new_patches_mlserver
2329,gpu-static,wfmanager_add_new_patches_to_ml_156,2.5033950805664062e-05,wfmanager_add_new_patches_to_ml
2330,gpu-static,wfmanager_add_cgframes_to_ml_156,2.1457672119140625e-05,wfmanager_add_cgframes_to_ml
2331,gpu-static,wfmanager_update_jobs_156,0.9035196304321289,wfmanager_update_jobs
2332,gpu-static,wfmanager_add_new_patches_mlserver_157,3.745988368988037,wfmanager_add_new_patches_mlserver
2333,gpu-static,wfmanager_add_new_patches_to_ml_157,2.4557113647460938e-05,wfmanager_add_new_patches_to_ml
2334,gpu-static,wfmanager_add_cgframes_to_ml_157,5.030632019042969e-05,wfmanager_add_cgframes_to_ml
2335,gpu-static,wfmanager_update_jobs_157,0.9016661643981934,wfmanager_update_jobs
2336,gpu-static,wfmanager_add_new_patches_mlserver_158,3.7607219219207764,wfmanager_add_new_patches_mlserver
2337,gpu-static,wfmanager_add_new_patches_to_ml_158,2.4318695068359375e-05,wfmanager_add_new_patches_to_ml
2338,gpu-static,wfmanager_add_cgframes_to_ml_158,2.2411346435546875e-05,wfmanager_add_cgframes_to_ml
2339,gpu-static,wfmanager_update_jobs_158,0.952294111251831,wfmanager_update_jobs
2340,gpu-static,wfmanager_add_new_patches_mlserver_159,3.7898924350738525,wfmanager_add_new_patches_mlserver
2341,gpu-static,wfmanager_add_new_patches_to_ml_159,2.5510787963867188e-05,wfmanager_add_new_patches_to_ml
2342,gpu-static,wfmanager_add_cgframes_to_ml_159,1.5020370483398438e-05,wfmanager_add_cgframes_to_ml
2343,gpu-static,wfmanager_update_jobs_159,0.9098575115203857,wfmanager_update_jobs
2344,gpu-static,wfmanager_add_new_patches_mlserver_160,3.760812282562256,wfmanager_add_new_patches_mlserver
2345,gpu-static,wfmanager_add_new_patches_to_ml_160,2.5033950805664062e-05,wfmanager_add_new_patches_to_ml
2346,gpu-static,wfmanager_add_cgframes_to_ml_160,2.09808349609375e-05,wfmanager_add_cgframes_to_ml
2347,gpu-static,wfmanager_update_jobs_160,0.9304754734039307,wfmanager_update_jobs
2348,gpu-static,wfmanager_add_new_patches_mlserver_161,3.897956371307373,wfmanager_add_new_patches_mlserver
2349,gpu-static,wfmanager_add_new_patches_to_ml_161,2.4557113647460938e-05,wfmanager_add_new_patches_to_ml
2350,gpu-static,wfmanager_add_cgframes_to_ml_161,4.7206878662109375e-05,wfmanager_add_cgframes_to_ml
2351,gpu-static,wfmanager_update_jobs_161,0.942368745803833,wfmanager_update_jobs
2352,gpu-static,wfmanager_add_new_patches_mlserver_162,3.7332217693328857,wfmanager_add_new_patches_mlserver
2353,gpu-static,wfmanager_add_new_patches_to_ml_162,4.220008850097656e-05,wfmanager_add_new_patches_to_ml
2354,gpu-static,wfmanager_add_cgframes_to_ml_162,2.3603439331054688e-05,wfmanager_add_cgframes_to_ml
2355,gpu-static,wfmanager_update_jobs_162,0.8637351989746094,wfmanager_update_jobs
2356,gpu-static,wfmanager_add_new_patches_mlserver_163,3.7734506130218506,wfmanager_add_new_patches_mlserver
2357,gpu-static,wfmanager_add_new_patches_to_ml_163,2.4557113647460938e-05,wfmanager_add_new_patches_to_ml
2358,gpu-static,wfmanager_add_cgframes_to_ml_163,2.1219253540039062e-05,wfmanager_add_cgframes_to_ml
2359,gpu-static,wfmanager_update_jobs_163,0.9234073162078857,wfmanager_update_jobs
2360,gpu-static,wfmanager_add_new_patches_mlserver_164,3.7754900455474854,wfmanager_add_new_patches_mlserver
2361,gpu-static,wfmanager_add_new_patches_to_ml_164,2.6702880859375e-05,wfmanager_add_new_patches_to_ml
2362,gpu-static,wfmanager_add_cgframes_to_ml_164,2.193450927734375e-05,wfmanager_add_cgframes_to_ml
2363,gpu-static,wfmanager_update_jobs_164,0.9416587352752686,wfmanager_update_jobs
2364,gpu-static,wfmanager_add_new_patches_mlserver_165,3.750009298324585,wfmanager_add_new_patches_mlserver
2365,gpu-static,wfmanager_add_new_patches_to_ml_165,2.8133392333984375e-05,wfmanager_add_new_patches_to_ml
2366,gpu-static,wfmanager_add_cgframes_to_ml_165,2.2172927856445312e-05,wfmanager_add_cgframes_to_ml
2367,gpu-static,wfmanager_update_jobs_165,1.0039255619049072,wfmanager_update_jobs
2368,gpu-static,wfmanager_add_new_patches_mlserver_166,3.8033056259155273,wfmanager_add_new_patches_mlserver
2369,gpu-static,wfmanager_add_new_patches_to_ml_166,2.9802322387695312e-05,wfmanager_add_new_patches_to_ml
2370,gpu-static,wfmanager_add_cgframes_to_ml_166,2.193450927734375e-05,wfmanager_add_cgframes_to_ml
2371,gpu-static,wfmanager_update_jobs_166,0.9476990699768066,wfmanager_update_jobs
2372,gpu-static,wfmanager_add_new_patches_mlserver_167,3.7979657649993896,wfmanager_add_new_patches_mlserver
2373,gpu-static,wfmanager_add_new_patches_to_ml_167,2.384185791015625e-05,wfmanager_add_new_patches_to_ml
2374,gpu-static,wfmanager_add_cgframes_to_ml_167,3.0994415283203125e-05,wfmanager_add_cgframes_to_ml
2375,gpu-static,wfmanager_update_jobs_167,0.8891558647155762,wfmanager_update_jobs
2376,gpu-static,wfmanager_add_new_patches_mlserver_168,3.751652717590332,wfmanager_add_new_patches_mlserver
2377,gpu-static,wfmanager_add_new_patches_to_ml_168,2.47955322265625e-05,wfmanager_add_new_patches_to_ml
2378,gpu-static,wfmanager_add_cgframes_to_ml_168,2.1219253540039062e-05,wfmanager_add_cgframes_to_ml
2379,gpu-static,wfmanager_update_jobs_168,0.961115837097168,wfmanager_update_jobs
2380,gpu-static,wfmanager_add_new_patches_mlserver_169,3.7943875789642334,wfmanager_add_new_patches_mlserver
2381,gpu-static,wfmanager_add_new_patches_to_ml_169,2.5510787963867188e-05,wfmanager_add_new_patches_to_ml
2382,gpu-static,wfmanager_add_cgframes_to_ml_169,2.2411346435546875e-05,wfmanager_add_cgframes_to_ml
2383,gpu-static,wfmanager_update_jobs_169,0.9438824653625488,wfmanager_update_jobs
2384,gpu-static,wfmanager_add_new_patches_mlserver_170,3.755734920501709,wfmanager_add_new_patches_mlserver
2385,gpu-static,wfmanager_add_new_patches_to_ml_170,2.574920654296875e-05,wfmanager_add_new_patches_to_ml
2386,gpu-static,wfmanager_add_cgframes_to_ml_170,1.4781951904296875e-05,wfmanager_add_cgframes_to_ml
2387,gpu-static,wfmanager_update_jobs_170,0.9569089412689209,wfmanager_update_jobs
2388,gpu-static,wfmanager_add_new_patches_mlserver_171,3.7659811973571777,wfmanager_add_new_patches_mlserver
2389,gpu-static,wfmanager_add_new_patches_to_ml_171,2.5033950805664062e-05,wfmanager_add_new_patches_to_ml
2390,gpu-static,wfmanager_add_cgframes_to_ml_171,2.1696090698242188e-05,wfmanager_add_cgframes_to_ml
2391,gpu-static,wfmanager_update_jobs_171,0.9108486175537109,wfmanager_update_jobs
2392,gpu-static,wfmanager_add_new_patches_mlserver_172,3.7243857383728027,wfmanager_add_new_patches_mlserver
2393,gpu-static,wfmanager_add_new_patches_to_ml_172,2.2649765014648438e-05,wfmanager_add_new_patches_to_ml
2394,gpu-static,wfmanager_add_cgframes_to_ml_172,2.1457672119140625e-05,wfmanager_add_cgframes_to_ml
2395,gpu-static,wfmanager_update_jobs_172,0.9412689208984375,wfmanager_update_jobs
2396,gpu-static,wfmanager_add_new_patches_mlserver_173,3.738964557647705,wfmanager_add_new_patches_mlserver
2397,gpu-static,wfmanager_add_new_patches_to_ml_173,2.3365020751953125e-05,wfmanager_add_new_patches_to_ml
2398,gpu-static,wfmanager_add_cgframes_to_ml_173,2.956390380859375e-05,wfmanager_add_cgframes_to_ml
2399,gpu-static,wfmanager_update_jobs_173,0.9561848640441895,wfmanager_update_jobs
2400,gpu-static,wfmanager_add_new_patches_mlserver_174,3.793698787689209,wfmanager_add_new_patches_mlserver
2401,gpu-static,wfmanager_add_new_patches_to_ml_174,2.384185791015625e-05,wfmanager_add_new_patches_to_ml
2402,gpu-static,wfmanager_add_cgframes_to_ml_174,2.1457672119140625e-05,wfmanager_add_cgframes_to_ml
2403,gpu-static,wfmanager_update_jobs_174,0.984755277633667,wfmanager_update_jobs
2404,gpu-static,wfmanager_add_new_patches_mlserver_175,3.7822344303131104,wfmanager_add_new_patches_mlserver
2405,gpu-static,wfmanager_add_new_patches_to_ml_175,2.384185791015625e-05,wfmanager_add_new_patches_to_ml
2406,gpu-static,wfmanager_add_cgframes_to_ml_175,1.5735626220703125e-05,wfmanager_add_cgframes_to_ml
2407,gpu-static,wfmanager_update_jobs_175,0.9184000492095947,wfmanager_update_jobs
2408,gpu-static,wfmanager_add_new_patches_mlserver_176,3.8158931732177734,wfmanager_add_new_patches_mlserver
2409,gpu-static,wfmanager_add_new_patches_to_ml_176,3.9577484130859375e-05,wfmanager_add_new_patches_to_ml
2410,gpu-static,wfmanager_add_cgframes_to_ml_176,2.3603439331054688e-05,wfmanager_add_cgframes_to_ml
2411,gpu-static,wfmanager_update_jobs_176,0.9249413013458252,wfmanager_update_jobs
2412,gpu-static,wfmanager_add_new_patches_mlserver_177,3.7897846698760986,wfmanager_add_new_patches_mlserver
2413,gpu-static,wfmanager_add_new_patches_to_ml_177,2.5033950805664062e-05,wfmanager_add_new_patches_to_ml
2414,gpu-static,wfmanager_add_cgframes_to_ml_177,3.0517578125e-05,wfmanager_add_cgframes_to_ml
2415,gpu-static,wfmanager_update_jobs_177,0.9956140518188477,wfmanager_update_jobs
2416,gpu-static,wfmanager_add_new_patches_mlserver_178,3.779686450958252,wfmanager_add_new_patches_mlserver
2417,gpu-static,wfmanager_add_new_patches_to_ml_178,2.4557113647460938e-05,wfmanager_add_new_patches_to_ml
2418,gpu-static,wfmanager_add_cgframes_to_ml_178,2.1457672119140625e-05,wfmanager_add_cgframes_to_ml
2419,gpu-static,wfmanager_update_jobs_178,0.9160594940185547,wfmanager_update_jobs
2420,gpu-static,wfmanager_add_new_patches_mlserver_179,3.757481098175049,wfmanager_add_new_patches_mlserver
2421,gpu-static,wfmanager_add_new_patches_to_ml_179,2.4318695068359375e-05,wfmanager_add_new_patches_to_ml
2422,gpu-static,wfmanager_add_cgframes_to_ml_179,2.2172927856445312e-05,wfmanager_add_cgframes_to_ml
2423,gpu-static,wfmanager_update_jobs_179,0.9269368648529053,wfmanager_update_jobs
2424,gpu-static,wfmanager_add_new_patches_mlserver_180,3.837531328201294,wfmanager_add_new_patches_mlserver
2425,gpu-static,wfmanager_add_new_patches_to_ml_180,2.5272369384765625e-05,wfmanager_add_new_patches_to_ml
2426,gpu-static,wfmanager_add_cgframes_to_ml_180,2.09808349609375e-05,wfmanager_add_cgframes_to_ml
2427,gpu-static,wfmanager_update_jobs_180,0.9289166927337646,wfmanager_update_jobs
2428,gpu-static,wfmanager_add_new_patches_mlserver_181,3.774765729904175,wfmanager_add_new_patches_mlserver
2429,gpu-static,wfmanager_add_new_patches_to_ml_181,2.5033950805664062e-05,wfmanager_add_new_patches_to_ml
2430,gpu-static,wfmanager_add_cgframes_to_ml_181,2.384185791015625e-05,wfmanager_add_cgframes_to_ml
2431,gpu-static,wfmanager_update_jobs_181,0.9842054843902588,wfmanager_update_jobs
2432,gpu-static,wfmanager_add_new_patches_mlserver_182,3.7712152004241943,wfmanager_add_new_patches_mlserver
2433,gpu-static,wfmanager_add_new_patches_to_ml_182,2.4318695068359375e-05,wfmanager_add_new_patches_to_ml
2434,gpu-static,wfmanager_add_cgframes_to_ml_182,3.170967102050781e-05,wfmanager_add_cgframes_to_ml
2435,gpu-static,wfmanager_update_jobs_182,0.9850220680236816,wfmanager_update_jobs
2436,gpu-static,wfmanager_add_new_patches_mlserver_183,3.8346571922302246,wfmanager_add_new_patches_mlserver
2437,gpu-static,wfmanager_add_new_patches_to_ml_183,2.574920654296875e-05,wfmanager_add_new_patches_to_ml
2438,gpu-static,wfmanager_add_cgframes_to_ml_183,2.09808349609375e-05,wfmanager_add_cgframes_to_ml
2439,gpu-static,wfmanager_update_jobs_183,0.9064090251922607,wfmanager_update_jobs
2440,gpu-static,wfmanager_add_new_patches_mlserver_184,3.7854905128479004,wfmanager_add_new_patches_mlserver
2441,gpu-static,wfmanager_add_new_patches_to_ml_184,2.47955322265625e-05,wfmanager_add_new_patches_to_ml
2442,gpu-static,wfmanager_add_cgframes_to_ml_184,1.7881393432617188e-05,wfmanager_add_cgframes_to_ml
2443,gpu-static,wfmanager_update_jobs_184,0.9603955745697021,wfmanager_update_jobs
2444,gpu-static,wfmanager_add_new_patches_mlserver_185,3.721959352493286,wfmanager_add_new_patches_mlserver
2445,gpu-static,wfmanager_add_new_patches_to_ml_185,2.4318695068359375e-05,wfmanager_add_new_patches_to_ml
2446,gpu-static,wfmanager_add_cgframes_to_ml_185,1.9788742065429688e-05,wfmanager_add_cgframes_to_ml
2447,gpu-static,wfmanager_update_jobs_185,0.9562633037567139,wfmanager_update_jobs
2448,gpu-static,wfmanager_add_new_patches_mlserver_186,3.808279514312744,wfmanager_add_new_patches_mlserver
2449,gpu-static,wfmanager_add_new_patches_to_ml_186,2.3603439331054688e-05,wfmanager_add_new_patches_to_ml
2450,gpu-static,wfmanager_add_cgframes_to_ml_186,4.38690185546875e-05,wfmanager_add_cgframes_to_ml
2451,gpu-static,wfmanager_update_jobs_186,0.9169838428497314,wfmanager_update_jobs
2452,gpu-static,wfmanager_add_new_patches_mlserver_187,3.7899951934814453,wfmanager_add_new_patches_mlserver
2453,gpu-static,wfmanager_add_new_patches_to_ml_187,2.4080276489257812e-05,wfmanager_add_new_patches_to_ml
2454,gpu-static,wfmanager_add_cgframes_to_ml_187,1.7642974853515625e-05,wfmanager_add_cgframes_to_ml
2455,gpu-static,wfmanager_update_jobs_187,0.9161295890808105,wfmanager_update_jobs
2456,gpu-static,wfmanager_add_new_patches_mlserver_188,3.813817262649536,wfmanager_add_new_patches_mlserver
2457,gpu-static,wfmanager_add_new_patches_to_ml_188,3.5762786865234375e-05,wfmanager_add_new_patches_to_ml
2458,gpu-static,wfmanager_add_cgframes_to_ml_188,2.1219253540039062e-05,wfmanager_add_cgframes_to_ml
2459,gpu-static,wfmanager_update_jobs_188,1.0658390522003174,wfmanager_update_jobs
2460,gpu-static,wfmanager_add_new_patches_mlserver_189,3.9439315795898438,wfmanager_add_new_patches_mlserver
2461,gpu-static,wfmanager_add_new_patches_to_ml_189,3.695487976074219e-05,wfmanager_add_new_patches_to_ml
2462,gpu-static,wfmanager_add_cgframes_to_ml_189,7.43865966796875e-05,wfmanager_add_cgframes_to_ml
2463,gpu-static,wfmanager_update_jobs_189,1.5151557922363281,wfmanager_update_jobs
2464,gpu-static,wfmanager_add_new_patches_mlserver_190,4.049727916717529,wfmanager_add_new_patches_mlserver
2465,gpu-static,wfmanager_add_new_patches_to_ml_190,4.315376281738281e-05,wfmanager_add_new_patches_to_ml
2466,gpu-static,wfmanager_add_cgframes_to_ml_190,5.650520324707031e-05,wfmanager_add_cgframes_to_ml
2467,gpu-static,wfmanager_update_jobs_190,1.504415512084961,wfmanager_update_jobs
2468,gpu-static,wfmanager_add_new_patches_mlserver_191,3.989680290222168,wfmanager_add_new_patches_mlserver
2469,gpu-static,wfmanager_add_new_patches_to_ml_191,3.4332275390625e-05,wfmanager_add_new_patches_to_ml
2470,gpu-static,wfmanager_add_cgframes_to_ml_191,3.790855407714844e-05,wfmanager_add_cgframes_to_ml
2471,gpu-static,wfmanager_update_jobs_191,1.5241084098815918,wfmanager_update_jobs
2472,gpu-static,wfmanager_add_new_patches_mlserver_192,3.9083335399627686,wfmanager_add_new_patches_mlserver
2473,gpu-static,wfmanager_add_new_patches_to_ml_192,3.743171691894531e-05,wfmanager_add_new_patches_to_ml
2474,gpu-static,wfmanager_add_cgframes_to_ml_192,4.3392181396484375e-05,wfmanager_add_cgframes_to_ml
2475,gpu-static,wfmanager_update_jobs_192,1.4879043102264404,wfmanager_update_jobs
2476,gpu-static,wfmanager_add_new_patches_mlserver_193,3.9975852966308594,wfmanager_add_new_patches_mlserver
2477,gpu-static,wfmanager_add_new_patches_to_ml_193,3.314018249511719e-05,wfmanager_add_new_patches_to_ml
2478,gpu-static,wfmanager_add_cgframes_to_ml_193,8.249282836914062e-05,wfmanager_add_cgframes_to_ml
2479,gpu-static,wfmanager_update_jobs_193,1.6065292358398438,wfmanager_update_jobs
2480,gpu-static,wfmanager_add_new_patches_mlserver_194,4.001101732254028,wfmanager_add_new_patches_mlserver
2481,gpu-static,wfmanager_add_new_patches_to_ml_194,3.600120544433594e-05,wfmanager_add_new_patches_to_ml
2482,gpu-static,wfmanager_add_cgframes_to_ml_194,8.20159912109375e-05,wfmanager_add_cgframes_to_ml
2483,gpu-static,wfmanager_update_jobs_194,1.52490234375,wfmanager_update_jobs
2484,gpu-static,wfmanager_add_new_patches_mlserver_195,4.016042470932007,wfmanager_add_new_patches_mlserver
2485,gpu-static,wfmanager_add_new_patches_to_ml_195,3.2901763916015625e-05,wfmanager_add_new_patches_to_ml
2486,gpu-static,wfmanager_add_cgframes_to_ml_195,7.367134094238281e-05,wfmanager_add_cgframes_to_ml
2487,gpu-static,wfmanager_update_jobs_195,1.4918794631958008,wfmanager_update_jobs
2488,gpu-static,wfmanager_add_new_patches_mlserver_196,3.9747586250305176,wfmanager_add_new_patches_mlserver
2489,gpu-static,wfmanager_add_new_patches_to_ml_196,4.482269287109375e-05,wfmanager_add_new_patches_to_ml
2490,gpu-static,wfmanager_add_cgframes_to_ml_196,7.867813110351562e-05,wfmanager_add_cgframes_to_ml
2491,gpu-static,wfmanager_update_jobs_196,1.5281739234924316,wfmanager_update_jobs
2492,gpu-static,wfmanager_add_new_patches_mlserver_197,3.9874346256256104,wfmanager_add_new_patches_mlserver
2493,gpu-static,wfmanager_add_new_patches_to_ml_197,3.600120544433594e-05,wfmanager_add_new_patches_to_ml
2494,gpu-static,wfmanager_add_cgframes_to_ml_197,3.814697265625e-05,wfmanager_add_cgframes_to_ml
2495,gpu-static,wfmanager_update_jobs_197,1.4828920364379883,wfmanager_update_jobs
2496,gpu-static,wfmanager_add_new_patches_mlserver_198,4.022196054458618,wfmanager_add_new_patches_mlserver
2497,gpu-static,wfmanager_add_new_patches_to_ml_198,3.886222839355469e-05,wfmanager_add_new_patches_to_ml
2498,gpu-static,wfmanager_add_cgframes_to_ml_198,3.123283386230469e-05,wfmanager_add_cgframes_to_ml
2499,gpu-static,wfmanager_update_jobs_198,1.8787481784820557,wfmanager_update_jobs
2500,gpu-static,wfmanager_add_new_patches_mlserver_199,4.07504677772522,wfmanager_add_new_patches_mlserver
2501,gpu-static,wfmanager_add_new_patches_to_ml_199,3.4809112548828125e-05,wfmanager_add_new_patches_to_ml
2502,gpu-static,wfmanager_add_cgframes_to_ml_199,8.225440979003906e-05,wfmanager_add_cgframes_to_ml
2503,gpu-static,wfmanager_update_jobs_199,1.3411908149719238,wfmanager_update_jobs
2504,gpu-static,wfmanager_add_new_patches_mlserver_200,4.000595808029175,wfmanager_add_new_patches_mlserver
2505,gpu-static,wfmanager_add_new_patches_to_ml_200,9.226799011230469e-05,wfmanager_add_new_patches_to_ml
2506,gpu-static,wfmanager_add_cgframes_to_ml_200,8.463859558105469e-05,wfmanager_add_cgframes_to_ml
2507,gpu-static,wfmanager_update_jobs_200,1.6846551895141602,wfmanager_update_jobs
2508,gpu-static,wfmanager_add_new_patches_mlserver_201,4.0562920570373535,wfmanager_add_new_patches_mlserver
2509,gpu-static,wfmanager_add_new_patches_to_ml_201,3.695487976074219e-05,wfmanager_add_new_patches_to_ml
2510,gpu-static,wfmanager_add_cgframes_to_ml_201,7.915496826171875e-05,wfmanager_add_cgframes_to_ml
2511,gpu-static,wfmanager_update_jobs_201,1.6182847023010254,wfmanager_update_jobs
2512,gpu-static,wfmanager_add_new_patches_mlserver_202,4.098442792892456,wfmanager_add_new_patches_mlserver
2513,gpu-static,wfmanager_add_new_patches_to_ml_202,2.288818359375e-05,wfmanager_add_new_patches_to_ml
2514,gpu-static,wfmanager_add_cgframes_to_ml_202,2.1696090698242188e-05,wfmanager_add_cgframes_to_ml
2515,gpu-static,wfmanager_update_jobs_202,2.1054794788360596,wfmanager_update_jobs
2516,gpu-static,wfmanager_add_new_patches_mlserver_203,4.031352519989014,wfmanager_add_new_patches_mlserver
2517,gpu-static,wfmanager_add_new_patches_to_ml_203,3.170967102050781e-05,wfmanager_add_new_patches_to_ml
2518,gpu-static,wfmanager_add_cgframes_to_ml_203,8.058547973632812e-05,wfmanager_add_cgframes_to_ml
2519,gpu-static,wfmanager_update_jobs_203,1.7184362411499023,wfmanager_update_jobs
2520,gpu-static,wfmanager_add_new_patches_mlserver_204,4.089629650115967,wfmanager_add_new_patches_mlserver
2521,gpu-static,wfmanager_add_new_patches_to_ml_204,4.482269287109375e-05,wfmanager_add_new_patches_to_ml
2522,gpu-static,wfmanager_add_cgframes_to_ml_204,3.933906555175781e-05,wfmanager_add_cgframes_to_ml
2523,gpu-static,wfmanager_update_jobs_204,1.8119592666625977,wfmanager_update_jobs
2524,gpu-static,wfmanager_add_new_patches_mlserver_205,4.081178903579712,wfmanager_add_new_patches_mlserver
2525,gpu-static,wfmanager_add_new_patches_to_ml_205,4.76837158203125e-05,wfmanager_add_new_patches_to_ml
2526,gpu-static,wfmanager_add_cgframes_to_ml_205,7.462501525878906e-05,wfmanager_add_cgframes_to_ml
2527,gpu-static,wfmanager_update_jobs_205,1.7142677307128906,wfmanager_update_jobs
2528,gpu-static,wfmanager_add_new_patches_mlserver_206,4.098696708679199,wfmanager_add_new_patches_mlserver
2529,gpu-static,wfmanager_add_new_patches_to_ml_206,3.6716461181640625e-05,wfmanager_add_new_patches_to_ml
2530,gpu-static,wfmanager_add_cgframes_to_ml_206,9.608268737792969e-05,wfmanager_add_cgframes_to_ml
2531,gpu-static,wfmanager_update_jobs_206,1.7608146667480469,wfmanager_update_jobs
2532,gpu-static,wfmanager_add_new_patches_mlserver_207,4.059327840805054,wfmanager_add_new_patches_mlserver
2533,gpu-static,wfmanager_add_new_patches_to_ml_207,3.457069396972656e-05,wfmanager_add_new_patches_to_ml
2534,gpu-static,wfmanager_add_cgframes_to_ml_207,7.343292236328125e-05,wfmanager_add_cgframes_to_ml
2535,gpu-static,wfmanager_update_jobs_207,1.7764387130737305,wfmanager_update_jobs
2536,gpu-static,wfmanager_add_new_patches_mlserver_208,4.123723268508911,wfmanager_add_new_patches_mlserver
2537,gpu-static,wfmanager_add_new_patches_to_ml_208,3.695487976074219e-05,wfmanager_add_new_patches_to_ml
2538,gpu-static,wfmanager_add_cgframes_to_ml_208,9.5367431640625e-05,wfmanager_add_cgframes_to_ml
2539,gpu-static,wfmanager_update_jobs_208,1.833937406539917,wfmanager_update_jobs
2540,gpu-static,wfmanager_add_new_patches_mlserver_209,4.097983121871948,wfmanager_add_new_patches_mlserver
2541,gpu-static,wfmanager_add_new_patches_to_ml_209,3.24249267578125e-05,wfmanager_add_new_patches_to_ml
2542,gpu-static,wfmanager_add_cgframes_to_ml_209,7.772445678710938e-05,wfmanager_add_cgframes_to_ml
2543,gpu-static,wfmanager_update_jobs_209,1.7254657745361328,wfmanager_update_jobs
2544,gpu-static,wfmanager_add_new_patches_mlserver_210,4.08475136756897,wfmanager_add_new_patches_mlserver
2545,gpu-static,wfmanager_add_new_patches_to_ml_210,3.4332275390625e-05,wfmanager_add_new_patches_to_ml
2546,gpu-static,wfmanager_add_cgframes_to_ml_210,4.076957702636719e-05,wfmanager_add_cgframes_to_ml
2547,gpu-static,wfmanager_update_jobs_210,1.7652440071105957,wfmanager_update_jobs
2548,gpu-static,wfmanager_add_new_patches_mlserver_211,4.0102057456970215,wfmanager_add_new_patches_mlserver
2549,gpu-static,wfmanager_add_new_patches_to_ml_211,3.6716461181640625e-05,wfmanager_add_new_patches_to_ml
2550,gpu-static,wfmanager_add_cgframes_to_ml_211,2.9325485229492188e-05,wfmanager_add_cgframes_to_ml
2551,gpu-static,wfmanager_update_jobs_211,1.7384617328643799,wfmanager_update_jobs
2552,gpu-static,wfmanager_add_new_patches_mlserver_212,4.0641303062438965,wfmanager_add_new_patches_mlserver
2553,gpu-static,wfmanager_add_new_patches_to_ml_212,4.00543212890625e-05,wfmanager_add_new_patches_to_ml
2554,gpu-static,wfmanager_add_cgframes_to_ml_212,3.647804260253906e-05,wfmanager_add_cgframes_to_ml
2555,gpu-static,wfmanager_update_jobs_212,1.725548267364502,wfmanager_update_jobs
2556,gpu-static,wfmanager_add_new_patches_mlserver_213,4.058550834655762,wfmanager_add_new_patches_mlserver
2557,gpu-static,wfmanager_add_new_patches_to_ml_213,3.981590270996094e-05,wfmanager_add_new_patches_to_ml
2558,gpu-static,wfmanager_add_cgframes_to_ml_213,7.390975952148438e-05,wfmanager_add_cgframes_to_ml
2559,gpu-static,wfmanager_update_jobs_213,1.7640507221221924,wfmanager_update_jobs
2560,gpu-static,wfmanager_add_new_patches_mlserver_214,4.122945308685303,wfmanager_add_new_patches_mlserver
2561,gpu-static,wfmanager_add_new_patches_to_ml_214,3.337860107421875e-05,wfmanager_add_new_patches_to_ml
2562,gpu-static,wfmanager_add_cgframes_to_ml_214,3.838539123535156e-05,wfmanager_add_cgframes_to_ml
2563,gpu-static,wfmanager_update_jobs_214,1.7627112865447998,wfmanager_update_jobs
2564,gpu-static,wfmanager_add_new_patches_mlserver_215,4.040069818496704,wfmanager_add_new_patches_mlserver
2565,gpu-static,wfmanager_add_new_patches_to_ml_215,4.458427429199219e-05,wfmanager_add_new_patches_to_ml
2566,gpu-static,wfmanager_add_cgframes_to_ml_215,3.0279159545898438e-05,wfmanager_add_cgframes_to_ml
2567,gpu-static,wfmanager_update_jobs_215,1.8696966171264648,wfmanager_update_jobs
2568,gpu-static,wfmanager_add_new_patches_mlserver_216,4.05528712272644,wfmanager_add_new_patches_mlserver
2569,gpu-static,wfmanager_add_new_patches_to_ml_216,3.695487976074219e-05,wfmanager_add_new_patches_to_ml
2570,gpu-static,wfmanager_add_cgframes_to_ml_216,8.320808410644531e-05,wfmanager_add_cgframes_to_ml
2571,gpu-static,wfmanager_update_jobs_216,1.651817798614502,wfmanager_update_jobs
2572,gpu-static,wfmanager_add_new_patches_mlserver_217,4.034608602523804,wfmanager_add_new_patches_mlserver
2573,gpu-static,wfmanager_add_new_patches_to_ml_217,3.361701965332031e-05,wfmanager_add_new_patches_to_ml
2574,gpu-static,wfmanager_add_cgframes_to_ml_217,8.20159912109375e-05,wfmanager_add_cgframes_to_ml
2575,gpu-static,wfmanager_update_jobs_217,1.7421116828918457,wfmanager_update_jobs
2576,gpu-static,wfmanager_add_new_patches_mlserver_218,4.108507871627808,wfmanager_add_new_patches_mlserver
2577,gpu-static,wfmanager_add_new_patches_to_ml_218,3.719329833984375e-05,wfmanager_add_new_patches_to_ml
2578,gpu-static,wfmanager_add_cgframes_to_ml_218,3.981590270996094e-05,wfmanager_add_cgframes_to_ml
2579,gpu-static,wfmanager_update_jobs_218,1.790919542312622,wfmanager_update_jobs
2580,gpu-static,wfmanager_add_new_patches_mlserver_219,4.056633949279785,wfmanager_add_new_patches_mlserver
2581,gpu-static,wfmanager_add_new_patches_to_ml_219,9.608268737792969e-05,wfmanager_add_new_patches_to_ml
2582,gpu-static,wfmanager_add_cgframes_to_ml_219,7.367134094238281e-05,wfmanager_add_cgframes_to_ml
2583,gpu-static,wfmanager_update_jobs_219,1.8003056049346924,wfmanager_update_jobs
2584,gpu-static,wfmanager_add_new_patches_mlserver_220,4.076193332672119,wfmanager_add_new_patches_mlserver
2585,gpu-static,wfmanager_add_new_patches_to_ml_220,3.5762786865234375e-05,wfmanager_add_new_patches_to_ml
2586,gpu-static,wfmanager_add_cgframes_to_ml_220,8.440017700195312e-05,wfmanager_add_cgframes_to_ml
2587,gpu-static,wfmanager_update_jobs_220,1.772691249847412,wfmanager_update_jobs
2588,gpu-static,wfmanager_add_new_patches_mlserver_221,3.9916446208953857,wfmanager_add_new_patches_mlserver
2589,gpu-static,wfmanager_add_new_patches_to_ml_221,3.5762786865234375e-05,wfmanager_add_new_patches_to_ml
2590,gpu-static,wfmanager_add_cgframes_to_ml_221,7.843971252441406e-05,wfmanager_add_cgframes_to_ml
2591,gpu-static,wfmanager_update_jobs_221,1.7200195789337158,wfmanager_update_jobs
2592,gpu-static,wfmanager_add_new_patches_mlserver_222,4.053179025650024,wfmanager_add_new_patches_mlserver
2593,gpu-static,wfmanager_add_new_patches_to_ml_222,3.790855407714844e-05,wfmanager_add_new_patches_to_ml
2594,gpu-static,wfmanager_add_cgframes_to_ml_222,4.2438507080078125e-05,wfmanager_add_cgframes_to_ml
2595,gpu-static,wfmanager_update_jobs_222,1.8232009410858154,wfmanager_update_jobs
2596,gpu-static,wfmanager_add_new_patches_mlserver_223,4.020691633224487,wfmanager_add_new_patches_mlserver
2597,gpu-static,wfmanager_add_new_patches_to_ml_223,4.172325134277344e-05,wfmanager_add_new_patches_to_ml
2598,gpu-static,wfmanager_add_cgframes_to_ml_223,7.62939453125e-05,wfmanager_add_cgframes_to_ml
2599,gpu-static,wfmanager_update_jobs_223,1.7968285083770752,wfmanager_update_jobs
2600,gpu-static,wfmanager_add_new_patches_mlserver_224,4.044276475906372,wfmanager_add_new_patches_mlserver
2601,gpu-static,wfmanager_add_new_patches_to_ml_224,3.814697265625e-05,wfmanager_add_new_patches_to_ml
2602,gpu-static,wfmanager_add_cgframes_to_ml_224,3.838539123535156e-05,wfmanager_add_cgframes_to_ml
2603,gpu-static,wfmanager_update_jobs_224,1.7504258155822754,wfmanager_update_jobs
2604,gpu-static,wfmanager_add_new_patches_mlserver_225,4.10924506187439,wfmanager_add_new_patches_mlserver
2605,gpu-static,wfmanager_add_new_patches_to_ml_225,3.552436828613281e-05,wfmanager_add_new_patches_to_ml
2606,gpu-static,wfmanager_add_cgframes_to_ml_225,7.748603820800781e-05,wfmanager_add_cgframes_to_ml
2607,gpu-static,wfmanager_update_jobs_225,1.7127957344055176,wfmanager_update_jobs
2608,gpu-static,wfmanager_add_new_patches_mlserver_226,3.9922266006469727,wfmanager_add_new_patches_mlserver
2609,gpu-static,wfmanager_add_new_patches_to_ml_226,3.719329833984375e-05,wfmanager_add_new_patches_to_ml
2610,gpu-static,wfmanager_add_cgframes_to_ml_226,7.915496826171875e-05,wfmanager_add_cgframes_to_ml
2611,gpu-static,wfmanager_update_jobs_226,1.7113282680511475,wfmanager_update_jobs
2612,gpu-static,wfmanager_add_new_patches_mlserver_227,4.132898330688477,wfmanager_add_new_patches_mlserver
2613,gpu-static,wfmanager_add_new_patches_to_ml_227,3.910064697265625e-05,wfmanager_add_new_patches_to_ml
2614,gpu-static,wfmanager_add_cgframes_to_ml_227,7.700920104980469e-05,wfmanager_add_cgframes_to_ml
2615,gpu-static,wfmanager_update_jobs_227,1.7564594745635986,wfmanager_update_jobs
2616,gpu-static,wfmanager_add_new_patches_mlserver_228,4.0441811084747314,wfmanager_add_new_patches_mlserver
2617,gpu-static,wfmanager_add_new_patches_to_ml_228,3.504753112792969e-05,wfmanager_add_new_patches_to_ml
2618,gpu-static,wfmanager_add_cgframes_to_ml_228,3.8623809814453125e-05,wfmanager_add_cgframes_to_ml
2619,gpu-static,wfmanager_update_jobs_228,1.7103936672210693,wfmanager_update_jobs
2620,gpu-static,wfmanager_add_new_patches_mlserver_229,4.129297733306885,wfmanager_add_new_patches_mlserver
2621,gpu-static,wfmanager_add_new_patches_to_ml_229,3.4332275390625e-05,wfmanager_add_new_patches_to_ml
2622,gpu-static,wfmanager_add_cgframes_to_ml_229,3.8623809814453125e-05,wfmanager_add_cgframes_to_ml
2623,gpu-static,wfmanager_update_jobs_229,1.7353143692016602,wfmanager_update_jobs
2624,gpu-static,wfmanager_add_new_patches_mlserver_230,4.099785327911377,wfmanager_add_new_patches_mlserver
2625,gpu-static,wfmanager_add_new_patches_to_ml_230,4.4345855712890625e-05,wfmanager_add_new_patches_to_ml
2626,gpu-static,wfmanager_add_cgframes_to_ml_230,8.392333984375e-05,wfmanager_add_cgframes_to_ml
2627,gpu-static,wfmanager_update_jobs_230,1.759993553161621,wfmanager_update_jobs
2628,gpu-static,wfmanager_add_new_patches_mlserver_231,4.008984327316284,wfmanager_add_new_patches_mlserver
2629,gpu-static,wfmanager_add_new_patches_to_ml_231,2.3603439331054688e-05,wfmanager_add_new_patches_to_ml
2630,gpu-static,wfmanager_add_cgframes_to_ml_231,2.1457672119140625e-05,wfmanager_add_cgframes_to_ml
2631,gpu-static,wfmanager_update_jobs_231,1.414832353591919,wfmanager_update_jobs
2632,gpu-static,wfmanager_add_new_patches_mlserver_232,4.04566502571106,wfmanager_add_new_patches_mlserver
2633,gpu-static,wfmanager_add_new_patches_to_ml_232,3.647804260253906e-05,wfmanager_add_new_patches_to_ml
2634,gpu-static,wfmanager_add_cgframes_to_ml_232,3.504753112792969e-05,wfmanager_add_cgframes_to_ml
2635,gpu-static,wfmanager_update_jobs_232,1.7068190574645996,wfmanager_update_jobs
2636,gpu-static,wfmanager_add_new_patches_mlserver_233,4.027013301849365,wfmanager_add_new_patches_mlserver
2637,gpu-static,wfmanager_add_new_patches_to_ml_233,3.123283386230469e-05,wfmanager_add_new_patches_to_ml
2638,gpu-static,wfmanager_add_cgframes_to_ml_233,7.200241088867188e-05,wfmanager_add_cgframes_to_ml
2639,gpu-static,wfmanager_update_jobs_233,1.6777255535125732,wfmanager_update_jobs
2640,gpu-static,wfmanager_add_new_patches_mlserver_234,4.048857927322388,wfmanager_add_new_patches_mlserver
2641,gpu-static,wfmanager_add_new_patches_to_ml_234,3.886222839355469e-05,wfmanager_add_new_patches_to_ml
2642,gpu-static,wfmanager_add_cgframes_to_ml_234,8.249282836914062e-05,wfmanager_add_cgframes_to_ml
2643,gpu-static,wfmanager_update_jobs_234,1.785287618637085,wfmanager_update_jobs
2644,gpu-static,wfmanager_add_new_patches_mlserver_235,4.013077259063721,wfmanager_add_new_patches_mlserver
2645,gpu-static,wfmanager_add_new_patches_to_ml_235,4.124641418457031e-05,wfmanager_add_new_patches_to_ml
2646,gpu-static,wfmanager_add_cgframes_to_ml_235,3.62396240234375e-05,wfmanager_add_cgframes_to_ml
2647,gpu-static,wfmanager_update_jobs_235,1.7232999801635742,wfmanager_update_jobs
2648,gpu-static,wfmanager_add_new_patches_mlserver_236,4.053210973739624,wfmanager_add_new_patches_mlserver
2649,gpu-static,wfmanager_add_new_patches_to_ml_236,4.100799560546875e-05,wfmanager_add_new_patches_to_ml
2650,gpu-static,wfmanager_add_cgframes_to_ml_236,3.933906555175781e-05,wfmanager_add_cgframes_to_ml
2651,gpu-static,wfmanager_update_jobs_236,1.8166894912719727,wfmanager_update_jobs
2652,gpu-static,wfmanager_add_new_patches_mlserver_237,3.9822514057159424,wfmanager_add_new_patches_mlserver
2653,gpu-static,wfmanager_add_new_patches_to_ml_237,4.315376281738281e-05,wfmanager_add_new_patches_to_ml
2654,gpu-static,wfmanager_add_cgframes_to_ml_237,3.790855407714844e-05,wfmanager_add_cgframes_to_ml
2655,gpu-static,wfmanager_update_jobs_237,1.726348876953125,wfmanager_update_jobs
2656,gpu-static,wfmanager_add_new_patches_mlserver_238,4.055837869644165,wfmanager_add_new_patches_mlserver
2657,gpu-static,wfmanager_add_new_patches_to_ml_238,3.814697265625e-05,wfmanager_add_new_patches_to_ml
2658,gpu-static,wfmanager_add_cgframes_to_ml_238,4.506111145019531e-05,wfmanager_add_cgframes_to_ml
2659,gpu-static,wfmanager_update_jobs_238,1.898078203201294,wfmanager_update_jobs
2660,gpu-static,wfmanager_add_new_patches_mlserver_239,4.1004931926727295,wfmanager_add_new_patches_mlserver
2661,gpu-static,wfmanager_add_new_patches_to_ml_239,2.4557113647460938e-05,wfmanager_add_new_patches_to_ml
2662,gpu-static,wfmanager_add_cgframes_to_ml_239,2.193450927734375e-05,wfmanager_add_cgframes_to_ml
2663,gpu-static,wfmanager_update_jobs_239,1.2245643138885498,wfmanager_update_jobs
2664,gpu-static,wfmanager_add_new_patches_mlserver_240,4.1094276905059814,wfmanager_add_new_patches_mlserver
2665,gpu-static,wfmanager_add_new_patches_to_ml_240,4.100799560546875e-05,wfmanager_add_new_patches_to_ml
2666,gpu-static,wfmanager_add_cgframes_to_ml_240,3.743171691894531e-05,wfmanager_add_cgframes_to_ml
2667,gpu-static,wfmanager_update_jobs_240,1.8701364994049072,wfmanager_update_jobs
2668,gpu-static,wfmanager_add_new_patches_mlserver_241,4.097267150878906,wfmanager_add_new_patches_mlserver
2669,gpu-static,wfmanager_add_new_patches_to_ml_241,3.5762786865234375e-05,wfmanager_add_new_patches_to_ml
2670,gpu-static,wfmanager_add_cgframes_to_ml_241,3.62396240234375e-05,wfmanager_add_cgframes_to_ml
2671,gpu-static,wfmanager_update_jobs_241,1.8753831386566162,wfmanager_update_jobs
2672,gpu-static,wfmanager_add_new_patches_mlserver_242,4.284823894500732,wfmanager_add_new_patches_mlserver
2673,gpu-static,wfmanager_add_new_patches_to_ml_242,3.743171691894531e-05,wfmanager_add_new_patches_to_ml
2674,gpu-static,wfmanager_add_cgframes_to_ml_242,3.5762786865234375e-05,wfmanager_add_cgframes_to_ml
2675,gpu-static,wfmanager_update_jobs_242,1.9335508346557617,wfmanager_update_jobs
2676,gpu-static,wfmanager_add_new_patches_mlserver_243,3.9909698963165283,wfmanager_add_new_patches_mlserver
2677,gpu-static,wfmanager_add_new_patches_to_ml_243,3.600120544433594e-05,wfmanager_add_new_patches_to_ml
2678,gpu-static,wfmanager_add_cgframes_to_ml_243,3.719329833984375e-05,wfmanager_add_cgframes_to_ml
2679,gpu-static,wfmanager_update_jobs_243,1.9423573017120361,wfmanager_update_jobs
2680,gpu-static,wfmanager_add_new_patches_mlserver_244,4.147249460220337,wfmanager_add_new_patches_mlserver
2681,gpu-static,wfmanager_add_new_patches_to_ml_244,4.00543212890625e-05,wfmanager_add_new_patches_to_ml
2682,gpu-static,wfmanager_add_cgframes_to_ml_244,4.00543212890625e-05,wfmanager_add_cgframes_to_ml
2683,gpu-static,wfmanager_update_jobs_244,1.9939677715301514,wfmanager_update_jobs
2684,gpu-static,wfmanager_add_new_patches_mlserver_245,4.336604833602905,wfmanager_add_new_patches_mlserver
2685,gpu-static,wfmanager_add_new_patches_to_ml_245,4.1484832763671875e-05,wfmanager_add_new_patches_to_ml
2686,gpu-static,wfmanager_add_cgframes_to_ml_245,4.1484832763671875e-05,wfmanager_add_cgframes_to_ml
2687,gpu-static,wfmanager_update_jobs_245,2.0200700759887695,wfmanager_update_jobs
2688,gpu-static,wfmanager_add_new_patches_mlserver_246,4.296308755874634,wfmanager_add_new_patches_mlserver
2689,gpu-static,wfmanager_add_new_patches_to_ml_246,3.504753112792969e-05,wfmanager_add_new_patches_to_ml
2690,gpu-static,wfmanager_add_cgframes_to_ml_246,4.267692565917969e-05,wfmanager_add_cgframes_to_ml
2691,gpu-static,wfmanager_update_jobs_246,2.094017505645752,wfmanager_update_jobs
2692,gpu-static,wfmanager_add_new_patches_mlserver_247,4.103538990020752,wfmanager_add_new_patches_mlserver
2693,gpu-static,wfmanager_add_new_patches_to_ml_247,3.743171691894531e-05,wfmanager_add_new_patches_to_ml
2694,gpu-static,wfmanager_add_cgframes_to_ml_247,4.291534423828125e-05,wfmanager_add_cgframes_to_ml
2695,gpu-static,wfmanager_update_jobs_247,2.0374228954315186,wfmanager_update_jobs
2696,gpu-static,wfmanager_add_new_patches_mlserver_248,4.370894432067871,wfmanager_add_new_patches_mlserver
2697,gpu-static,wfmanager_add_new_patches_to_ml_248,3.600120544433594e-05,wfmanager_add_new_patches_to_ml
2698,gpu-static,wfmanager_add_cgframes_to_ml_248,4.291534423828125e-05,wfmanager_add_cgframes_to_ml
2699,gpu-static,wfmanager_update_jobs_248,1.8987445831298828,wfmanager_update_jobs
2700,gpu-static,wfmanager_add_new_patches_mlserver_249,4.297855615615845,wfmanager_add_new_patches_mlserver
2701,gpu-static,wfmanager_add_new_patches_to_ml_249,3.6716461181640625e-05,wfmanager_add_new_patches_to_ml
2702,gpu-static,wfmanager_add_cgframes_to_ml_249,0.00010061264038085938,wfmanager_add_cgframes_to_ml
2703,gpu-static,wfmanager_update_jobs_249,1.8998620510101318,wfmanager_update_jobs
2704,gpu-static,wfmanager_add_new_patches_mlserver_250,4.185103893280029,wfmanager_add_new_patches_mlserver
2705,gpu-static,wfmanager_add_new_patches_to_ml_250,3.933906555175781e-05,wfmanager_add_new_patches_to_ml
2706,gpu-static,wfmanager_add_cgframes_to_ml_250,7.2479248046875e-05,wfmanager_add_cgframes_to_ml
2707,gpu-static,wfmanager_update_jobs_250,1.446115255355835,wfmanager_update_jobs
2708,gpu-static,wfmanager_add_new_patches_mlserver_251,4.314358711242676,wfmanager_add_new_patches_mlserver
2709,gpu-static,wfmanager_add_new_patches_to_ml_251,3.695487976074219e-05,wfmanager_add_new_patches_to_ml
2710,gpu-static,wfmanager_add_cgframes_to_ml_251,8.034706115722656e-05,wfmanager_add_cgframes_to_ml
2711,gpu-static,wfmanager_update_jobs_251,1.9639229774475098,wfmanager_update_jobs
2712,gpu-static,wfmanager_add_new_patches_mlserver_252,4.3946897983551025,wfmanager_add_new_patches_mlserver
2713,gpu-static,wfmanager_add_new_patches_to_ml_252,3.8623809814453125e-05,wfmanager_add_new_patches_to_ml
2714,gpu-static,wfmanager_add_cgframes_to_ml_252,0.00010776519775390625,wfmanager_add_cgframes_to_ml
2715,gpu-static,wfmanager_update_jobs_252,1.9576573371887207,wfmanager_update_jobs
2716,gpu-static,wfmanager_add_new_patches_mlserver_253,4.13852596282959,wfmanager_add_new_patches_mlserver
2717,gpu-static,wfmanager_add_new_patches_to_ml_253,4.2438507080078125e-05,wfmanager_add_new_patches_to_ml
2718,gpu-static,wfmanager_add_cgframes_to_ml_253,3.600120544433594e-05,wfmanager_add_cgframes_to_ml
2719,gpu-static,wfmanager_update_jobs_253,2.5012331008911133,wfmanager_update_jobs
2720,gpu-static,wfmanager_add_new_patches_mlserver_254,4.343436241149902,wfmanager_add_new_patches_mlserver
2721,gpu-static,wfmanager_add_new_patches_to_ml_254,3.7670135498046875e-05,wfmanager_add_new_patches_to_ml
2722,gpu-static,wfmanager_add_cgframes_to_ml_254,4.553794860839844e-05,wfmanager_add_cgframes_to_ml
2723,gpu-static,wfmanager_update_jobs_254,2.1267807483673096,wfmanager_update_jobs
2724,gpu-static,wfmanager_add_new_patches_mlserver_255,4.380067825317383,wfmanager_add_new_patches_mlserver
2725,gpu-static,wfmanager_add_new_patches_to_ml_255,3.147125244140625e-05,wfmanager_add_new_patches_to_ml
2726,gpu-static,wfmanager_add_cgframes_to_ml_255,7.367134094238281e-05,wfmanager_add_cgframes_to_ml
2727,gpu-static,wfmanager_update_jobs_255,2.094212532043457,wfmanager_update_jobs
2728,gpu-static,wfmanager_add_new_patches_mlserver_256,4.4368133544921875,wfmanager_add_new_patches_mlserver
2729,gpu-static,wfmanager_add_new_patches_to_ml_256,3.6716461181640625e-05,wfmanager_add_new_patches_to_ml
2730,gpu-static,wfmanager_add_cgframes_to_ml_256,8.893013000488281e-05,wfmanager_add_cgframes_to_ml
2731,gpu-static,wfmanager_update_jobs_256,2.10014271736145,wfmanager_update_jobs
2732,gpu-static,wfmanager_add_new_patches_mlserver_257,4.385196685791016,wfmanager_add_new_patches_mlserver
2733,gpu-static,wfmanager_add_new_patches_to_ml_257,3.62396240234375e-05,wfmanager_add_new_patches_to_ml
2734,gpu-static,wfmanager_add_cgframes_to_ml_257,3.218650817871094e-05,wfmanager_add_cgframes_to_ml
2735,gpu-static,wfmanager_update_jobs_257,2.0240325927734375,wfmanager_update_jobs
2736,gpu-static,wfmanager_add_new_patches_mlserver_258,4.505550861358643,wfmanager_add_new_patches_mlserver
2737,gpu-static,wfmanager_add_new_patches_to_ml_258,3.361701965332031e-05,wfmanager_add_new_patches_to_ml
2738,gpu-static,wfmanager_add_cgframes_to_ml_258,0.00014066696166992188,wfmanager_add_cgframes_to_ml
2739,gpu-static,wfmanager_update_jobs_258,2.022860288619995,wfmanager_update_jobs
2740,gpu-static,wfmanager_add_new_patches_mlserver_259,4.414770126342773,wfmanager_add_new_patches_mlserver
2741,gpu-static,wfmanager_add_new_patches_to_ml_259,3.6716461181640625e-05,wfmanager_add_new_patches_to_ml
2742,gpu-static,wfmanager_add_cgframes_to_ml_259,3.7670135498046875e-05,wfmanager_add_cgframes_to_ml
2743,gpu-static,wfmanager_update_jobs_259,2.0477209091186523,wfmanager_update_jobs
2744,gpu-static,wfmanager_add_new_patches_mlserver_260,4.403061628341675,wfmanager_add_new_patches_mlserver
2745,gpu-static,wfmanager_add_new_patches_to_ml_260,5.030632019042969e-05,wfmanager_add_new_patches_to_ml
2746,gpu-static,wfmanager_add_cgframes_to_ml_260,4.100799560546875e-05,wfmanager_add_cgframes_to_ml
2747,gpu-static,wfmanager_update_jobs_260,2.0453712940216064,wfmanager_update_jobs
2748,gpu-static,wfmanager_add_new_patches_mlserver_261,4.321117162704468,wfmanager_add_new_patches_mlserver
2749,gpu-static,wfmanager_add_new_patches_to_ml_261,3.409385681152344e-05,wfmanager_add_new_patches_to_ml
2750,gpu-static,wfmanager_add_cgframes_to_ml_261,3.147125244140625e-05,wfmanager_add_cgframes_to_ml
2751,gpu-static,wfmanager_update_jobs_261,2.0292646884918213,wfmanager_update_jobs
2752,gpu-static,wfmanager_add_new_patches_mlserver_262,4.424402475357056,wfmanager_add_new_patches_mlserver
2753,gpu-static,wfmanager_add_new_patches_to_ml_262,3.600120544433594e-05,wfmanager_add_new_patches_to_ml
2754,gpu-static,wfmanager_add_cgframes_to_ml_262,5.412101745605469e-05,wfmanager_add_cgframes_to_ml
2755,gpu-static,wfmanager_update_jobs_262,2.0055863857269287,wfmanager_update_jobs
2756,gpu-static,wfmanager_add_new_patches_mlserver_263,4.361577272415161,wfmanager_add_new_patches_mlserver
2757,gpu-static,wfmanager_add_new_patches_to_ml_263,3.528594970703125e-05,wfmanager_add_new_patches_to_ml
2758,gpu-static,wfmanager_add_cgframes_to_ml_263,8.320808410644531e-05,wfmanager_add_cgframes_to_ml
2759,gpu-static,wfmanager_update_jobs_263,2.0936837196350098,wfmanager_update_jobs
2760,gpu-static,wfmanager_add_new_patches_mlserver_264,4.328182220458984,wfmanager_add_new_patches_mlserver
2761,gpu-static,wfmanager_add_new_patches_to_ml_264,3.361701965332031e-05,wfmanager_add_new_patches_to_ml
2762,gpu-static,wfmanager_add_cgframes_to_ml_264,3.7670135498046875e-05,wfmanager_add_cgframes_to_ml
2763,gpu-static,wfmanager_update_jobs_264,2.14561128616333,wfmanager_update_jobs
2764,gpu-static,wfmanager_add_new_patches_mlserver_265,4.330777406692505,wfmanager_add_new_patches_mlserver
2765,gpu-static,wfmanager_add_new_patches_to_ml_265,4.4345855712890625e-05,wfmanager_add_new_patches_to_ml
2766,gpu-static,wfmanager_add_cgframes_to_ml_265,4.0531158447265625e-05,wfmanager_add_cgframes_to_ml
2767,gpu-static,wfmanager_update_jobs_265,2.1870181560516357,wfmanager_update_jobs
2768,gpu-static,wfmanager_add_new_patches_mlserver_266,4.403813600540161,wfmanager_add_new_patches_mlserver
2769,gpu-static,wfmanager_add_new_patches_to_ml_266,3.7670135498046875e-05,wfmanager_add_new_patches_to_ml
2770,gpu-static,wfmanager_add_cgframes_to_ml_266,4.267692565917969e-05,wfmanager_add_cgframes_to_ml
2771,gpu-static,wfmanager_update_jobs_266,2.134840965270996,wfmanager_update_jobs
2772,gpu-static,wfmanager_add_new_patches_mlserver_267,6.472602367401123,wfmanager_add_new_patches_mlserver
2773,gpu-static,wfmanager_add_new_patches_to_ml_267,3.743171691894531e-05,wfmanager_add_new_patches_to_ml
2774,gpu-static,wfmanager_add_cgframes_to_ml_267,0.00011539459228515625,wfmanager_add_cgframes_to_ml
2775,gpu-static,wfmanager_update_jobs_267,4.603092670440674,wfmanager_update_jobs
2776,gpu-static,wfmanager_add_new_patches_mlserver_268,4.31104040145874,wfmanager_add_new_patches_mlserver
2777,gpu-static,wfmanager_add_new_patches_to_ml_268,3.6716461181640625e-05,wfmanager_add_new_patches_to_ml
2778,gpu-static,wfmanager_add_cgframes_to_ml_268,8.487701416015625e-05,wfmanager_add_cgframes_to_ml
2779,gpu-static,wfmanager_update_jobs_268,2.1815340518951416,wfmanager_update_jobs
2780,gpu-static,wfmanager_add_new_patches_mlserver_269,4.35306715965271,wfmanager_add_new_patches_mlserver
2781,gpu-static,wfmanager_add_new_patches_to_ml_269,3.9577484130859375e-05,wfmanager_add_new_patches_to_ml
2782,gpu-static,wfmanager_add_cgframes_to_ml_269,9.34600830078125e-05,wfmanager_add_cgframes_to_ml
2783,gpu-static,wfmanager_update_jobs_269,2.2232093811035156,wfmanager_update_jobs
2784,gpu-static,wfmanager_add_new_patches_mlserver_270,4.371622323989868,wfmanager_add_new_patches_mlserver
2785,gpu-static,wfmanager_add_new_patches_to_ml_270,3.647804260253906e-05,wfmanager_add_new_patches_to_ml
2786,gpu-static,wfmanager_add_cgframes_to_ml_270,4.100799560546875e-05,wfmanager_add_cgframes_to_ml
2787,gpu-static,wfmanager_update_jobs_270,2.136214017868042,wfmanager_update_jobs
2788,gpu-static,wfmanager_add_new_patches_mlserver_271,4.313234806060791,wfmanager_add_new_patches_mlserver
2789,gpu-static,wfmanager_add_new_patches_to_ml_271,3.1948089599609375e-05,wfmanager_add_new_patches_to_ml
2790,gpu-static,wfmanager_add_cgframes_to_ml_271,0.0003764629364013672,wfmanager_add_cgframes_to_ml
2791,gpu-static,wfmanager_update_jobs_271,2.1928398609161377,wfmanager_update_jobs
2792,gpu-static,wfmanager_add_new_patches_mlserver_272,4.34228253364563,wfmanager_add_new_patches_mlserver
2793,gpu-static,wfmanager_add_new_patches_to_ml_272,4.3392181396484375e-05,wfmanager_add_new_patches_to_ml
2794,gpu-static,wfmanager_add_cgframes_to_ml_272,0.00010728836059570312,wfmanager_add_cgframes_to_ml
2795,gpu-static,wfmanager_update_jobs_272,2.0994269847869873,wfmanager_update_jobs
2796,gpu-static,wfmanager_add_new_patches_mlserver_273,4.343712568283081,wfmanager_add_new_patches_mlserver
2797,gpu-static,wfmanager_add_new_patches_to_ml_273,4.363059997558594e-05,wfmanager_add_new_patches_to_ml
2798,gpu-static,wfmanager_add_cgframes_to_ml_273,9.655952453613281e-05,wfmanager_add_cgframes_to_ml
2799,gpu-static,wfmanager_update_jobs_273,2.1825733184814453,wfmanager_update_jobs
2800,gpu-static,wfmanager_add_new_patches_mlserver_274,4.419196844100952,wfmanager_add_new_patches_mlserver
2801,gpu-static,wfmanager_add_new_patches_to_ml_274,3.218650817871094e-05,wfmanager_add_new_patches_to_ml
2802,gpu-static,wfmanager_add_cgframes_to_ml_274,9.012222290039062e-05,wfmanager_add_cgframes_to_ml
2803,gpu-static,wfmanager_update_jobs_274,2.0483689308166504,wfmanager_update_jobs
2804,gpu-static,wfmanager_add_new_patches_mlserver_275,4.365060567855835,wfmanager_add_new_patches_mlserver
2805,gpu-static,wfmanager_add_new_patches_to_ml_275,3.886222839355469e-05,wfmanager_add_new_patches_to_ml
2806,gpu-static,wfmanager_add_cgframes_to_ml_275,9.751319885253906e-05,wfmanager_add_cgframes_to_ml
2807,gpu-static,wfmanager_update_jobs_275,2.0365145206451416,wfmanager_update_jobs
2808,gpu-static,wfmanager_add_new_patches_mlserver_276,4.464369058609009,wfmanager_add_new_patches_mlserver
2809,gpu-static,wfmanager_add_new_patches_to_ml_276,3.8623809814453125e-05,wfmanager_add_new_patches_to_ml
2810,gpu-static,wfmanager_add_cgframes_to_ml_276,9.632110595703125e-05,wfmanager_add_cgframes_to_ml
2811,gpu-static,wfmanager_update_jobs_276,2.0977418422698975,wfmanager_update_jobs
2812,gpu-static,wfmanager_add_new_patches_mlserver_277,4.354400396347046,wfmanager_add_new_patches_mlserver
2813,gpu-static,wfmanager_add_new_patches_to_ml_277,3.743171691894531e-05,wfmanager_add_new_patches_to_ml
2814,gpu-static,wfmanager_add_cgframes_to_ml_277,5.650520324707031e-05,wfmanager_add_cgframes_to_ml
2815,gpu-static,wfmanager_update_jobs_277,2.1019065380096436,wfmanager_update_jobs
2816,gpu-static,wfmanager_add_new_patches_mlserver_278,4.2531750202178955,wfmanager_add_new_patches_mlserver
2817,gpu-static,wfmanager_add_new_patches_to_ml_278,4.124641418457031e-05,wfmanager_add_new_patches_to_ml
2818,gpu-static,wfmanager_add_cgframes_to_ml_278,5.245208740234375e-05,wfmanager_add_cgframes_to_ml
2819,gpu-static,wfmanager_update_jobs_278,1.9851222038269043,wfmanager_update_jobs
2820,gpu-static,wfmanager_add_new_patches_mlserver_279,4.323350429534912,wfmanager_add_new_patches_mlserver
2821,gpu-static,wfmanager_add_new_patches_to_ml_279,4.3392181396484375e-05,wfmanager_add_new_patches_to_ml
2822,gpu-static,wfmanager_add_cgframes_to_ml_279,0.00010609626770019531,wfmanager_add_cgframes_to_ml
2823,gpu-static,wfmanager_update_jobs_279,1.99330735206604,wfmanager_update_jobs
2824,gpu-static,wfmanager_add_new_patches_mlserver_280,4.321248769760132,wfmanager_add_new_patches_mlserver
2825,gpu-static,wfmanager_add_new_patches_to_ml_280,3.6716461181640625e-05,wfmanager_add_new_patches_to_ml
2826,gpu-static,wfmanager_add_cgframes_to_ml_280,8.130073547363281e-05,wfmanager_add_cgframes_to_ml
2827,gpu-static,wfmanager_update_jobs_280,2.0042290687561035,wfmanager_update_jobs
2828,gpu-static,wfmanager_add_new_patches_mlserver_281,4.290909767150879,wfmanager_add_new_patches_mlserver
2829,gpu-static,wfmanager_add_new_patches_to_ml_281,3.910064697265625e-05,wfmanager_add_new_patches_to_ml
2830,gpu-static,wfmanager_add_cgframes_to_ml_281,8.606910705566406e-05,wfmanager_add_cgframes_to_ml
2831,gpu-static,wfmanager_update_jobs_281,2.100477457046509,wfmanager_update_jobs
2832,gpu-static,wfmanager_add_new_patches_mlserver_282,4.327122449874878,wfmanager_add_new_patches_mlserver
2833,gpu-static,wfmanager_add_new_patches_to_ml_282,4.172325134277344e-05,wfmanager_add_new_patches_to_ml
2834,gpu-static,wfmanager_add_cgframes_to_ml_282,4.792213439941406e-05,wfmanager_add_cgframes_to_ml
2835,gpu-static,wfmanager_update_jobs_282,2.1651387214660645,wfmanager_update_jobs
2836,gpu-static,wfmanager_add_new_patches_mlserver_283,4.312274932861328,wfmanager_add_new_patches_mlserver
2837,gpu-static,wfmanager_add_new_patches_to_ml_283,3.4332275390625e-05,wfmanager_add_new_patches_to_ml
2838,gpu-static,wfmanager_add_cgframes_to_ml_283,8.225440979003906e-05,wfmanager_add_cgframes_to_ml
2839,gpu-static,wfmanager_update_jobs_283,2.1160805225372314,wfmanager_update_jobs
2840,gpu-static,wfmanager_add_new_patches_mlserver_284,4.334446430206299,wfmanager_add_new_patches_mlserver
2841,gpu-static,wfmanager_add_new_patches_to_ml_284,3.9577484130859375e-05,wfmanager_add_new_patches_to_ml
2842,gpu-static,wfmanager_add_cgframes_to_ml_284,4.291534423828125e-05,wfmanager_add_cgframes_to_ml
2843,gpu-static,wfmanager_update_jobs_284,2.031200885772705,wfmanager_update_jobs
2844,gpu-static,wfmanager_add_new_patches_mlserver_285,4.356152772903442,wfmanager_add_new_patches_mlserver
2845,gpu-static,wfmanager_add_new_patches_to_ml_285,3.600120544433594e-05,wfmanager_add_new_patches_to_ml
2846,gpu-static,wfmanager_add_cgframes_to_ml_285,4.315376281738281e-05,wfmanager_add_cgframes_to_ml
2847,gpu-static,wfmanager_update_jobs_285,2.1187384128570557,wfmanager_update_jobs
2848,gpu-static,wfmanager_add_new_patches_mlserver_286,4.356999397277832,wfmanager_add_new_patches_mlserver
2849,gpu-static,wfmanager_add_new_patches_to_ml_286,3.24249267578125e-05,wfmanager_add_new_patches_to_ml
2850,gpu-static,wfmanager_add_cgframes_to_ml_286,9.489059448242188e-05,wfmanager_add_cgframes_to_ml
2851,gpu-static,wfmanager_update_jobs_286,2.086592674255371,wfmanager_update_jobs
2852,gpu-static,wfmanager_add_new_patches_mlserver_287,4.411453723907471,wfmanager_add_new_patches_mlserver
2853,gpu-static,wfmanager_add_new_patches_to_ml_287,3.600120544433594e-05,wfmanager_add_new_patches_to_ml
2854,gpu-static,wfmanager_add_cgframes_to_ml_287,8.440017700195312e-05,wfmanager_add_cgframes_to_ml
2855,gpu-static,wfmanager_update_jobs_287,2.0804107189178467,wfmanager_update_jobs
2856,gpu-static,wfmanager_add_new_patches_mlserver_288,4.391225099563599,wfmanager_add_new_patches_mlserver
2857,gpu-static,wfmanager_add_new_patches_to_ml_288,3.62396240234375e-05,wfmanager_add_new_patches_to_ml
2858,gpu-static,wfmanager_add_cgframes_to_ml_288,4.6253204345703125e-05,wfmanager_add_cgframes_to_ml
2859,gpu-static,wfmanager_update_jobs_288,2.048200845718384,wfmanager_update_jobs
2860,gpu-static,wfmanager_add_new_patches_mlserver_289,4.341048240661621,wfmanager_add_new_patches_mlserver
2861,gpu-static,wfmanager_add_new_patches_to_ml_289,3.5762786865234375e-05,wfmanager_add_new_patches_to_ml
2862,gpu-static,wfmanager_add_cgframes_to_ml_289,8.797645568847656e-05,wfmanager_add_cgframes_to_ml
2863,gpu-static,wfmanager_update_jobs_289,2.1437058448791504,wfmanager_update_jobs
2864,gpu-static,wfmanager_add_new_patches_mlserver_290,4.196788311004639,wfmanager_add_new_patches_mlserver
2865,gpu-static,wfmanager_add_new_patches_to_ml_290,2.3603439331054688e-05,wfmanager_add_new_patches_to_ml
2866,gpu-static,wfmanager_add_cgframes_to_ml_290,2.193450927734375e-05,wfmanager_add_cgframes_to_ml
2867,gpu-static,wfmanager_update_jobs_290,1.5009658336639404,wfmanager_update_jobs
2868,gpu-static,wfmanager_add_new_patches_mlserver_291,4.404304504394531,wfmanager_add_new_patches_mlserver
2869,gpu-static,wfmanager_add_new_patches_to_ml_291,3.695487976074219e-05,wfmanager_add_new_patches_to_ml
2870,gpu-static,wfmanager_add_cgframes_to_ml_291,9.322166442871094e-05,wfmanager_add_cgframes_to_ml
2871,gpu-static,wfmanager_update_jobs_291,2.274458169937134,wfmanager_update_jobs
2872,gpu-static,wfmanager_add_new_patches_mlserver_292,4.420974493026733,wfmanager_add_new_patches_mlserver
2873,gpu-static,wfmanager_add_new_patches_to_ml_292,3.814697265625e-05,wfmanager_add_new_patches_to_ml
2874,gpu-static,wfmanager_add_cgframes_to_ml_292,4.100799560546875e-05,wfmanager_add_cgframes_to_ml
2875,gpu-static,wfmanager_update_jobs_292,2.212207078933716,wfmanager_update_jobs
2876,gpu-static,wfmanager_add_new_patches_mlserver_293,4.391906976699829,wfmanager_add_new_patches_mlserver
2877,gpu-static,wfmanager_add_new_patches_to_ml_293,3.62396240234375e-05,wfmanager_add_new_patches_to_ml
2878,gpu-static,wfmanager_add_cgframes_to_ml_293,0.00010466575622558594,wfmanager_add_cgframes_to_ml
2879,gpu-static,wfmanager_update_jobs_293,2.2530932426452637,wfmanager_update_jobs
2880,gpu-static,wfmanager_add_new_patches_mlserver_294,4.21607780456543,wfmanager_add_new_patches_mlserver
2881,gpu-static,wfmanager_add_new_patches_to_ml_294,0.00011706352233886719,wfmanager_add_new_patches_to_ml
2882,gpu-static,wfmanager_add_cgframes_to_ml_294,4.6253204345703125e-05,wfmanager_add_cgframes_to_ml
2883,gpu-static,wfmanager_update_jobs_294,2.167276382446289,wfmanager_update_jobs
2884,gpu-static,wfmanager_add_new_patches_mlserver_295,4.416314363479614,wfmanager_add_new_patches_mlserver
2885,gpu-static,wfmanager_add_new_patches_to_ml_295,4.029273986816406e-05,wfmanager_add_new_patches_to_ml
2886,gpu-static,wfmanager_add_cgframes_to_ml_295,4.410743713378906e-05,wfmanager_add_cgframes_to_ml
2887,gpu-static,wfmanager_update_jobs_295,2.2347631454467773,wfmanager_update_jobs
2888,gpu-static,wfmanager_add_new_patches_mlserver_296,4.5029823780059814,wfmanager_add_new_patches_mlserver
2889,gpu-static,wfmanager_add_new_patches_to_ml_296,3.4809112548828125e-05,wfmanager_add_new_patches_to_ml
2890,gpu-static,wfmanager_add_cgframes_to_ml_296,9.083747863769531e-05,wfmanager_add_cgframes_to_ml
2891,gpu-static,wfmanager_update_jobs_296,2.2395131587982178,wfmanager_update_jobs
2892,gpu-static,wfmanager_add_new_patches_mlserver_297,4.416625261306763,wfmanager_add_new_patches_mlserver
2893,gpu-static,wfmanager_add_new_patches_to_ml_297,4.076957702636719e-05,wfmanager_add_new_patches_to_ml
2894,gpu-static,wfmanager_add_cgframes_to_ml_297,8.940696716308594e-05,wfmanager_add_cgframes_to_ml
2895,gpu-static,wfmanager_update_jobs_297,2.259490489959717,wfmanager_update_jobs
2896,gpu-static,wfmanager_add_new_patches_mlserver_298,4.473427057266235,wfmanager_add_new_patches_mlserver
2897,gpu-static,wfmanager_add_new_patches_to_ml_298,4.315376281738281e-05,wfmanager_add_new_patches_to_ml
2898,gpu-static,wfmanager_add_cgframes_to_ml_298,8.487701416015625e-05,wfmanager_add_cgframes_to_ml
2899,gpu-static,wfmanager_update_jobs_298,2.1961333751678467,wfmanager_update_jobs
2900,gpu-static,wfmanager_add_new_patches_mlserver_299,4.352040529251099,wfmanager_add_new_patches_mlserver
2901,gpu-static,wfmanager_add_new_patches_to_ml_299,4.315376281738281e-05,wfmanager_add_new_patches_to_ml
2902,gpu-static,wfmanager_add_cgframes_to_ml_299,5.125999450683594e-05,wfmanager_add_cgframes_to_ml
2903,gpu-static,wfmanager_update_jobs_299,2.203073024749756,wfmanager_update_jobs
2904,gpu-static,wfmanager_add_new_patches_mlserver_300,4.392188787460327,wfmanager_add_new_patches_mlserver
2905,gpu-static,wfmanager_add_new_patches_to_ml_300,3.314018249511719e-05,wfmanager_add_new_patches_to_ml
2906,gpu-static,wfmanager_add_cgframes_to_ml_300,6.961822509765625e-05,wfmanager_add_cgframes_to_ml
2907,gpu-static,wfmanager_update_jobs_300,2.133768081665039,wfmanager_update_jobs
2908,gpu-static,wfmanager_add_new_patches_mlserver_301,4.398781776428223,wfmanager_add_new_patches_mlserver
2909,gpu-static,wfmanager_add_new_patches_to_ml_301,3.790855407714844e-05,wfmanager_add_new_patches_to_ml
2910,gpu-static,wfmanager_add_cgframes_to_ml_301,9.107589721679688e-05,wfmanager_add_cgframes_to_ml
2911,gpu-static,wfmanager_update_jobs_301,1.5834076404571533,wfmanager_update_jobs
2912,gpu-static,wfmanager_add_new_patches_mlserver_302,4.422988176345825,wfmanager_add_new_patches_mlserver
2913,gpu-static,wfmanager_add_new_patches_to_ml_302,3.8623809814453125e-05,wfmanager_add_new_patches_to_ml
2914,gpu-static,wfmanager_add_cgframes_to_ml_302,9.036064147949219e-05,wfmanager_add_cgframes_to_ml
2915,gpu-static,wfmanager_update_jobs_302,2.271832227706909,wfmanager_update_jobs
2916,gpu-static,wfmanager_add_new_patches_mlserver_303,4.424225568771362,wfmanager_add_new_patches_mlserver
2917,gpu-static,wfmanager_add_new_patches_to_ml_303,3.814697265625e-05,wfmanager_add_new_patches_to_ml
2918,gpu-static,wfmanager_add_cgframes_to_ml_303,9.083747863769531e-05,wfmanager_add_cgframes_to_ml
2919,gpu-static,wfmanager_update_jobs_303,2.327971935272217,wfmanager_update_jobs
2920,gpu-static,wfmanager_add_new_patches_mlserver_304,4.441822528839111,wfmanager_add_new_patches_mlserver
2921,gpu-static,wfmanager_add_new_patches_to_ml_304,3.218650817871094e-05,wfmanager_add_new_patches_to_ml
2922,gpu-static,wfmanager_add_cgframes_to_ml_304,5.054473876953125e-05,wfmanager_add_cgframes_to_ml
2923,gpu-static,wfmanager_update_jobs_304,2.2605366706848145,wfmanager_update_jobs
2924,gpu-static,wfmanager_add_new_patches_mlserver_305,4.367102861404419,wfmanager_add_new_patches_mlserver
2925,gpu-static,wfmanager_add_new_patches_to_ml_305,3.361701965332031e-05,wfmanager_add_new_patches_to_ml
2926,gpu-static,wfmanager_add_cgframes_to_ml_305,9.107589721679688e-05,wfmanager_add_cgframes_to_ml
2927,gpu-static,wfmanager_update_jobs_305,2.227574110031128,wfmanager_update_jobs
2928,gpu-static,wfmanager_add_new_patches_mlserver_306,4.461898565292358,wfmanager_add_new_patches_mlserver
2929,gpu-static,wfmanager_add_new_patches_to_ml_306,3.790855407714844e-05,wfmanager_add_new_patches_to_ml
2930,gpu-static,wfmanager_add_cgframes_to_ml_306,4.887580871582031e-05,wfmanager_add_cgframes_to_ml
2931,gpu-static,wfmanager_update_jobs_306,2.2711758613586426,wfmanager_update_jobs
2932,gpu-static,wfmanager_add_new_patches_mlserver_307,4.363787412643433,wfmanager_add_new_patches_mlserver
2933,gpu-static,wfmanager_add_new_patches_to_ml_307,4.3392181396484375e-05,wfmanager_add_new_patches_to_ml
2934,gpu-static,wfmanager_add_cgframes_to_ml_307,9.298324584960938e-05,wfmanager_add_cgframes_to_ml
2935,gpu-static,wfmanager_update_jobs_307,2.227766752243042,wfmanager_update_jobs
2936,gpu-static,wfmanager_add_new_patches_mlserver_308,4.429250478744507,wfmanager_add_new_patches_mlserver
2937,gpu-static,wfmanager_add_new_patches_to_ml_308,3.6716461181640625e-05,wfmanager_add_new_patches_to_ml
2938,gpu-static,wfmanager_add_cgframes_to_ml_308,8.249282836914062e-05,wfmanager_add_cgframes_to_ml
2939,gpu-static,wfmanager_update_jobs_308,2.223229169845581,wfmanager_update_jobs
2940,gpu-static,wfmanager_add_new_patches_mlserver_309,4.3802595138549805,wfmanager_add_new_patches_mlserver
2941,gpu-static,wfmanager_add_new_patches_to_ml_309,4.410743713378906e-05,wfmanager_add_new_patches_to_ml
2942,gpu-static,wfmanager_add_cgframes_to_ml_309,9.179115295410156e-05,wfmanager_add_cgframes_to_ml
2943,gpu-static,wfmanager_update_jobs_309,2.3732049465179443,wfmanager_update_jobs
2944,gpu-static,wfmanager_add_new_patches_mlserver_310,4.425179958343506,wfmanager_add_new_patches_mlserver
2945,gpu-static,wfmanager_add_new_patches_to_ml_310,7.939338684082031e-05,wfmanager_add_new_patches_to_ml
2946,gpu-static,wfmanager_add_cgframes_to_ml_310,0.00010251998901367188,wfmanager_add_cgframes_to_ml
2947,gpu-static,wfmanager_update_jobs_310,2.333770990371704,wfmanager_update_jobs
2948,gpu-static,wfmanager_add_new_patches_mlserver_311,4.401812314987183,wfmanager_add_new_patches_mlserver
2949,gpu-static,wfmanager_add_new_patches_to_ml_311,4.267692565917969e-05,wfmanager_add_new_patches_to_ml
2950,gpu-static,wfmanager_add_cgframes_to_ml_311,9.393692016601562e-05,wfmanager_add_cgframes_to_ml
2951,gpu-static,wfmanager_update_jobs_311,2.399305820465088,wfmanager_update_jobs
2952,gpu-static,wfmanager_add_new_patches_mlserver_312,4.425568103790283,wfmanager_add_new_patches_mlserver
2953,gpu-static,wfmanager_add_new_patches_to_ml_312,3.814697265625e-05,wfmanager_add_new_patches_to_ml
2954,gpu-static,wfmanager_add_cgframes_to_ml_312,5.745887756347656e-05,wfmanager_add_cgframes_to_ml
2955,gpu-static,wfmanager_update_jobs_312,2.2342019081115723,wfmanager_update_jobs
2956,gpu-static,wfmanager_add_new_patches_mlserver_313,4.418099880218506,wfmanager_add_new_patches_mlserver
2957,gpu-static,wfmanager_add_new_patches_to_ml_313,3.8623809814453125e-05,wfmanager_add_new_patches_to_ml
2958,gpu-static,wfmanager_add_cgframes_to_ml_313,4.649162292480469e-05,wfmanager_add_cgframes_to_ml
2959,gpu-static,wfmanager_update_jobs_313,2.211134195327759,wfmanager_update_jobs
2960,gpu-static,wfmanager_add_new_patches_mlserver_314,4.420433282852173,wfmanager_add_new_patches_mlserver
2961,gpu-static,wfmanager_add_new_patches_to_ml_314,3.3855438232421875e-05,wfmanager_add_new_patches_to_ml
2962,gpu-static,wfmanager_add_cgframes_to_ml_314,3.1948089599609375e-05,wfmanager_add_cgframes_to_ml
2963,gpu-static,wfmanager_update_jobs_314,2.175985097885132,wfmanager_update_jobs
2964,gpu-static,wfmanager_add_new_patches_mlserver_315,4.422085523605347,wfmanager_add_new_patches_mlserver
2965,gpu-static,wfmanager_add_new_patches_to_ml_315,3.2901763916015625e-05,wfmanager_add_new_patches_to_ml
2966,gpu-static,wfmanager_add_cgframes_to_ml_315,8.893013000488281e-05,wfmanager_add_cgframes_to_ml
2967,gpu-static,wfmanager_update_jobs_315,2.2378389835357666,wfmanager_update_jobs
2968,gpu-static,wfmanager_add_new_patches_mlserver_316,4.334829092025757,wfmanager_add_new_patches_mlserver
2969,gpu-static,wfmanager_add_new_patches_to_ml_316,4.0531158447265625e-05,wfmanager_add_new_patches_to_ml
2970,gpu-static,wfmanager_add_cgframes_to_ml_316,4.601478576660156e-05,wfmanager_add_cgframes_to_ml
2971,gpu-static,wfmanager_update_jobs_316,2.1588287353515625,wfmanager_update_jobs
2972,gpu-static,wfmanager_add_new_patches_mlserver_317,4.863876581192017,wfmanager_add_new_patches_mlserver
2973,gpu-static,wfmanager_add_new_patches_to_ml_317,3.743171691894531e-05,wfmanager_add_new_patches_to_ml
2974,gpu-static,wfmanager_add_cgframes_to_ml_317,4.76837158203125e-05,wfmanager_add_cgframes_to_ml
2975,gpu-static,wfmanager_update_jobs_317,2.1823580265045166,wfmanager_update_jobs
2976,gpu-static,wfmanager_add_new_patches_mlserver_318,4.43602180480957,wfmanager_add_new_patches_mlserver
2977,gpu-static,wfmanager_add_new_patches_to_ml_318,3.7670135498046875e-05,wfmanager_add_new_patches_to_ml
2978,gpu-static,wfmanager_add_cgframes_to_ml_318,9.822845458984375e-05,wfmanager_add_cgframes_to_ml
2979,gpu-static,wfmanager_update_jobs_318,2.810591459274292,wfmanager_update_jobs
2980,gpu-static,wfmanager_add_new_patches_mlserver_319,4.38774847984314,wfmanager_add_new_patches_mlserver
2981,gpu-static,wfmanager_add_new_patches_to_ml_319,3.838539123535156e-05,wfmanager_add_new_patches_to_ml
2982,gpu-static,wfmanager_add_cgframes_to_ml_319,0.00010824203491210938,wfmanager_add_cgframes_to_ml
2983,gpu-static,wfmanager_update_jobs_319,2.335484504699707,wfmanager_update_jobs
2984,gpu-static,wfmanager_add_new_patches_mlserver_320,4.418092966079712,wfmanager_add_new_patches_mlserver
2985,gpu-static,wfmanager_add_new_patches_to_ml_320,3.719329833984375e-05,wfmanager_add_new_patches_to_ml
2986,gpu-static,wfmanager_add_cgframes_to_ml_320,0.00010418891906738281,wfmanager_add_cgframes_to_ml
2987,gpu-static,wfmanager_update_jobs_320,2.477633237838745,wfmanager_update_jobs
2988,gpu-static,wfmanager_add_new_patches_mlserver_321,4.397726774215698,wfmanager_add_new_patches_mlserver
2989,gpu-static,wfmanager_add_new_patches_to_ml_321,3.9577484130859375e-05,wfmanager_add_new_patches_to_ml
2990,gpu-static,wfmanager_add_cgframes_to_ml_321,4.029273986816406e-05,wfmanager_add_cgframes_to_ml
2991,gpu-static,wfmanager_update_jobs_321,2.4030346870422363,wfmanager_update_jobs
2992,gpu-static,wfmanager_add_new_patches_mlserver_322,4.366804122924805,wfmanager_add_new_patches_mlserver
2993,gpu-static,wfmanager_add_new_patches_to_ml_322,3.8623809814453125e-05,wfmanager_add_new_patches_to_ml
2994,gpu-static,wfmanager_add_cgframes_to_ml_322,4.9591064453125e-05,wfmanager_add_cgframes_to_ml
2995,gpu-static,wfmanager_update_jobs_322,2.87811541557312,wfmanager_update_jobs
2996,gpu-static,wfmanager_add_new_patches_mlserver_323,4.421572923660278,wfmanager_add_new_patches_mlserver
2997,gpu-static,wfmanager_add_new_patches_to_ml_323,3.266334533691406e-05,wfmanager_add_new_patches_to_ml
2998,gpu-static,wfmanager_add_cgframes_to_ml_323,4.601478576660156e-05,wfmanager_add_cgframes_to_ml
2999,gpu-static,wfmanager_update_jobs_323,2.9500882625579834,wfmanager_update_jobs
3000,gpu-static,wfmanager_add_new_patches_mlserver_324,4.467989444732666,wfmanager_add_new_patches_mlserver
3001,gpu-static,wfmanager_add_new_patches_to_ml_324,3.743171691894531e-05,wfmanager_add_new_patches_to_ml
3002,gpu-static,wfmanager_add_cgframes_to_ml_324,3.075599670410156e-05,wfmanager_add_cgframes_to_ml
3003,gpu-static,wfmanager_update_jobs_324,2.949706554412842,wfmanager_update_jobs
3004,gpu-static,wfmanager_add_new_patches_mlserver_325,4.3108906745910645,wfmanager_add_new_patches_mlserver
3005,gpu-static,wfmanager_add_new_patches_to_ml_325,3.743171691894531e-05,wfmanager_add_new_patches_to_ml
3006,gpu-static,wfmanager_add_cgframes_to_ml_325,4.029273986816406e-05,wfmanager_add_cgframes_to_ml
3007,gpu-static,wfmanager_update_jobs_325,2.948662519454956,wfmanager_update_jobs
3008,gpu-static,wfmanager_add_new_patches_mlserver_326,4.390164852142334,wfmanager_add_new_patches_mlserver
3009,gpu-static,wfmanager_add_new_patches_to_ml_326,3.719329833984375e-05,wfmanager_add_new_patches_to_ml
3010,gpu-static,wfmanager_add_cgframes_to_ml_326,5.269050598144531e-05,wfmanager_add_cgframes_to_ml
3011,gpu-static,wfmanager_update_jobs_326,2.9874746799468994,wfmanager_update_jobs
3012,gpu-static,wfmanager_add_new_patches_mlserver_327,4.3794472217559814,wfmanager_add_new_patches_mlserver
3013,gpu-static,wfmanager_add_new_patches_to_ml_327,3.814697265625e-05,wfmanager_add_new_patches_to_ml
3014,gpu-static,wfmanager_add_cgframes_to_ml_327,5.888938903808594e-05,wfmanager_add_cgframes_to_ml
3015,gpu-static,wfmanager_update_jobs_327,2.9887540340423584,wfmanager_update_jobs
3016,gpu-static,wfmanager_add_new_patches_mlserver_328,4.398385047912598,wfmanager_add_new_patches_mlserver
3017,gpu-static,wfmanager_add_new_patches_to_ml_328,3.695487976074219e-05,wfmanager_add_new_patches_to_ml
3018,gpu-static,wfmanager_add_cgframes_to_ml_328,6.270408630371094e-05,wfmanager_add_cgframes_to_ml
3019,gpu-static,wfmanager_update_jobs_328,3.0706419944763184,wfmanager_update_jobs
3020,gpu-static,wfmanager_add_new_patches_mlserver_329,4.453826189041138,wfmanager_add_new_patches_mlserver
3021,gpu-static,wfmanager_add_new_patches_to_ml_329,0.00011301040649414062,wfmanager_add_new_patches_to_ml
3022,gpu-static,wfmanager_add_cgframes_to_ml_329,5.7220458984375e-05,wfmanager_add_cgframes_to_ml
3023,gpu-static,wfmanager_update_jobs_329,3.08406138420105,wfmanager_update_jobs
3024,gpu-static,wfmanager_add_new_patches_mlserver_330,4.393633604049683,wfmanager_add_new_patches_mlserver
3025,gpu-static,wfmanager_add_new_patches_to_ml_330,3.9577484130859375e-05,wfmanager_add_new_patches_to_ml
3026,gpu-static,wfmanager_add_cgframes_to_ml_330,5.698204040527344e-05,wfmanager_add_cgframes_to_ml
3027,gpu-static,wfmanager_update_jobs_330,3.0107569694519043,wfmanager_update_jobs
3028,gpu-static,wfmanager_add_new_patches_mlserver_331,4.407181262969971,wfmanager_add_new_patches_mlserver
3029,gpu-static,wfmanager_add_new_patches_to_ml_331,4.363059997558594e-05,wfmanager_add_new_patches_to_ml
3030,gpu-static,wfmanager_add_cgframes_to_ml_331,8.273124694824219e-05,wfmanager_add_cgframes_to_ml
3031,gpu-static,wfmanager_update_jobs_331,2.993354558944702,wfmanager_update_jobs
3032,gpu-static,wfmanager_add_new_patches_mlserver_332,4.385291814804077,wfmanager_add_new_patches_mlserver
3033,gpu-static,wfmanager_add_new_patches_to_ml_332,4.0531158447265625e-05,wfmanager_add_new_patches_to_ml
3034,gpu-static,wfmanager_add_cgframes_to_ml_332,9.226799011230469e-05,wfmanager_add_cgframes_to_ml
3035,gpu-static,wfmanager_update_jobs_332,2.9084601402282715,wfmanager_update_jobs
3036,gpu-static,wfmanager_add_new_patches_mlserver_333,4.246309995651245,wfmanager_add_new_patches_mlserver
3037,gpu-static,wfmanager_add_new_patches_to_ml_333,2.4080276489257812e-05,wfmanager_add_new_patches_to_ml
3038,gpu-static,wfmanager_add_cgframes_to_ml_333,2.2649765014648438e-05,wfmanager_add_cgframes_to_ml
3039,gpu-static,wfmanager_update_jobs_333,2.402721643447876,wfmanager_update_jobs
3040,gpu-static,wfmanager_add_new_patches_mlserver_334,4.445658922195435,wfmanager_add_new_patches_mlserver
3041,gpu-static,wfmanager_add_new_patches_to_ml_334,3.552436828613281e-05,wfmanager_add_new_patches_to_ml
3042,gpu-static,wfmanager_add_cgframes_to_ml_334,0.00011110305786132812,wfmanager_add_cgframes_to_ml
3043,gpu-static,wfmanager_update_jobs_334,3.087151050567627,wfmanager_update_jobs
3044,gpu-static,wfmanager_add_new_patches_mlserver_335,4.477200031280518,wfmanager_add_new_patches_mlserver
3045,gpu-static,wfmanager_add_new_patches_to_ml_335,3.719329833984375e-05,wfmanager_add_new_patches_to_ml
3046,gpu-static,wfmanager_add_cgframes_to_ml_335,9.965896606445312e-05,wfmanager_add_cgframes_to_ml
3047,gpu-static,wfmanager_update_jobs_335,2.9843597412109375,wfmanager_update_jobs
3048,gpu-static,wfmanager_add_new_patches_mlserver_336,4.369819164276123,wfmanager_add_new_patches_mlserver
3049,gpu-static,wfmanager_add_new_patches_to_ml_336,3.528594970703125e-05,wfmanager_add_new_patches_to_ml
3050,gpu-static,wfmanager_add_cgframes_to_ml_336,4.744529724121094e-05,wfmanager_add_cgframes_to_ml
3051,gpu-static,wfmanager_update_jobs_336,2.9243078231811523,wfmanager_update_jobs
3052,gpu-static,wfmanager_add_new_patches_mlserver_337,4.407386302947998,wfmanager_add_new_patches_mlserver
3053,gpu-static,wfmanager_add_new_patches_to_ml_337,3.5762786865234375e-05,wfmanager_add_new_patches_to_ml
3054,gpu-static,wfmanager_add_cgframes_to_ml_337,0.00014638900756835938,wfmanager_add_cgframes_to_ml
3055,gpu-static,wfmanager_update_jobs_337,3.0586016178131104,wfmanager_update_jobs
3056,gpu-static,wfmanager_add_new_patches_mlserver_338,4.384872674942017,wfmanager_add_new_patches_mlserver
3057,gpu-static,wfmanager_add_new_patches_to_ml_338,3.5762786865234375e-05,wfmanager_add_new_patches_to_ml
3058,gpu-static,wfmanager_add_cgframes_to_ml_338,9.083747863769531e-05,wfmanager_add_cgframes_to_ml
3059,gpu-static,wfmanager_update_jobs_338,3.078237771987915,wfmanager_update_jobs
3060,gpu-static,wfmanager_add_new_patches_mlserver_339,4.490991115570068,wfmanager_add_new_patches_mlserver
3061,gpu-static,wfmanager_add_new_patches_to_ml_339,4.100799560546875e-05,wfmanager_add_new_patches_to_ml
3062,gpu-static,wfmanager_add_cgframes_to_ml_339,4.458427429199219e-05,wfmanager_add_cgframes_to_ml
3063,gpu-static,wfmanager_update_jobs_339,3.016967535018921,wfmanager_update_jobs
3064,gpu-static,wfmanager_add_new_patches_mlserver_340,4.392925024032593,wfmanager_add_new_patches_mlserver
3065,gpu-static,wfmanager_add_new_patches_to_ml_340,0.000148773193359375,wfmanager_add_new_patches_to_ml
3066,gpu-static,wfmanager_add_cgframes_to_ml_340,3.981590270996094e-05,wfmanager_add_cgframes_to_ml
3067,gpu-static,wfmanager_update_jobs_340,2.898925542831421,wfmanager_update_jobs
3068,gpu-static,wfmanager_add_new_patches_mlserver_341,4.17624831199646,wfmanager_add_new_patches_mlserver
3069,gpu-static,wfmanager_add_new_patches_to_ml_341,2.4557113647460938e-05,wfmanager_add_new_patches_to_ml
3070,gpu-static,wfmanager_add_cgframes_to_ml_341,2.2649765014648438e-05,wfmanager_add_cgframes_to_ml
3071,gpu-static,wfmanager_update_jobs_341,2.103640556335449,wfmanager_update_jobs
3072,gpu-static,wfmanager_add_new_patches_mlserver_342,4.5411906242370605,wfmanager_add_new_patches_mlserver
3073,gpu-static,wfmanager_add_new_patches_to_ml_342,3.62396240234375e-05,wfmanager_add_new_patches_to_ml
3074,gpu-static,wfmanager_add_cgframes_to_ml_342,5.340576171875e-05,wfmanager_add_cgframes_to_ml
3075,gpu-static,wfmanager_update_jobs_342,2.5884320735931396,wfmanager_update_jobs
3076,gpu-static,wfmanager_add_new_patches_mlserver_343,4.489049911499023,wfmanager_add_new_patches_mlserver
3077,gpu-static,wfmanager_add_new_patches_to_ml_343,4.220008850097656e-05,wfmanager_add_new_patches_to_ml
3078,gpu-static,wfmanager_add_cgframes_to_ml_343,4.673004150390625e-05,wfmanager_add_cgframes_to_ml
3079,gpu-static,wfmanager_update_jobs_343,2.6092724800109863,wfmanager_update_jobs
3080,gpu-static,wfmanager_add_new_patches_mlserver_344,4.52059531211853,wfmanager_add_new_patches_mlserver
3081,gpu-static,wfmanager_add_new_patches_to_ml_344,4.076957702636719e-05,wfmanager_add_new_patches_to_ml
3082,gpu-static,wfmanager_add_cgframes_to_ml_344,4.482269287109375e-05,wfmanager_add_cgframes_to_ml
3083,gpu-static,wfmanager_update_jobs_344,2.578047037124634,wfmanager_update_jobs
3084,gpu-static,wfmanager_add_new_patches_mlserver_345,4.323571681976318,wfmanager_add_new_patches_mlserver
3085,gpu-static,wfmanager_add_new_patches_to_ml_345,4.291534423828125e-05,wfmanager_add_new_patches_to_ml
3086,gpu-static,wfmanager_add_cgframes_to_ml_345,8.463859558105469e-05,wfmanager_add_cgframes_to_ml
3087,gpu-static,wfmanager_update_jobs_345,2.6941680908203125,wfmanager_update_jobs
3088,gpu-static,wfmanager_add_new_patches_mlserver_346,4.547394037246704,wfmanager_add_new_patches_mlserver
3089,gpu-static,wfmanager_add_new_patches_to_ml_346,3.9577484130859375e-05,wfmanager_add_new_patches_to_ml
3090,gpu-static,wfmanager_add_cgframes_to_ml_346,8.487701416015625e-05,wfmanager_add_cgframes_to_ml
3091,gpu-static,wfmanager_update_jobs_346,2.5519073009490967,wfmanager_update_jobs
3092,gpu-static,wfmanager_add_new_patches_mlserver_347,4.535045385360718,wfmanager_add_new_patches_mlserver
3093,gpu-static,wfmanager_add_new_patches_to_ml_347,4.1484832763671875e-05,wfmanager_add_new_patches_to_ml
3094,gpu-static,wfmanager_add_cgframes_to_ml_347,2.7894973754882812e-05,wfmanager_add_cgframes_to_ml
3095,gpu-static,wfmanager_update_jobs_347,2.5458693504333496,wfmanager_update_jobs
3096,gpu-static,wfmanager_add_new_patches_mlserver_348,4.456695556640625,wfmanager_add_new_patches_mlserver
3097,gpu-static,wfmanager_add_new_patches_to_ml_348,0.00010228157043457031,wfmanager_add_new_patches_to_ml
3098,gpu-static,wfmanager_add_cgframes_to_ml_348,5.698204040527344e-05,wfmanager_add_cgframes_to_ml
3099,gpu-static,wfmanager_update_jobs_348,2.6040570735931396,wfmanager_update_jobs
3100,gpu-static,wfmanager_add_new_patches_mlserver_349,4.7079315185546875,wfmanager_add_new_patches_mlserver
3101,gpu-static,wfmanager_add_new_patches_to_ml_349,3.7670135498046875e-05,wfmanager_add_new_patches_to_ml
3102,gpu-static,wfmanager_add_cgframes_to_ml_349,5.269050598144531e-05,wfmanager_add_cgframes_to_ml
3103,gpu-static,wfmanager_update_jobs_349,2.548229455947876,wfmanager_update_jobs
3104,gpu-static,wfmanager_add_new_patches_mlserver_350,4.60451865196228,wfmanager_add_new_patches_mlserver
3105,gpu-static,wfmanager_add_new_patches_to_ml_350,3.719329833984375e-05,wfmanager_add_new_patches_to_ml
3106,gpu-static,wfmanager_add_cgframes_to_ml_350,8.940696716308594e-05,wfmanager_add_cgframes_to_ml
3107,gpu-static,wfmanager_update_jobs_350,2.601069211959839,wfmanager_update_jobs
3108,gpu-static,wfmanager_add_new_patches_mlserver_351,4.472433090209961,wfmanager_add_new_patches_mlserver
3109,gpu-static,wfmanager_add_new_patches_to_ml_351,3.719329833984375e-05,wfmanager_add_new_patches_to_ml
3110,gpu-static,wfmanager_add_cgframes_to_ml_351,4.4345855712890625e-05,wfmanager_add_cgframes_to_ml
3111,gpu-static,wfmanager_update_jobs_351,2.574863910675049,wfmanager_update_jobs
3112,gpu-static,wfmanager_add_new_patches_mlserver_352,4.602050304412842,wfmanager_add_new_patches_mlserver
3113,gpu-static,wfmanager_add_new_patches_to_ml_352,3.457069396972656e-05,wfmanager_add_new_patches_to_ml
3114,gpu-static,wfmanager_add_cgframes_to_ml_352,9.417533874511719e-05,wfmanager_add_cgframes_to_ml
3115,gpu-static,wfmanager_update_jobs_352,2.5083746910095215,wfmanager_update_jobs
3116,gpu-static,wfmanager_add_new_patches_mlserver_353,4.569579362869263,wfmanager_add_new_patches_mlserver
3117,gpu-static,wfmanager_add_new_patches_to_ml_353,3.9577484130859375e-05,wfmanager_add_new_patches_to_ml
3118,gpu-static,wfmanager_add_cgframes_to_ml_353,8.726119995117188e-05,wfmanager_add_cgframes_to_ml
3119,gpu-static,wfmanager_update_jobs_353,2.5473124980926514,wfmanager_update_jobs
3120,gpu-static,wfmanager_add_new_patches_mlserver_354,4.468312740325928,wfmanager_add_new_patches_mlserver
3121,gpu-static,wfmanager_add_new_patches_to_ml_354,4.172325134277344e-05,wfmanager_add_new_patches_to_ml
3122,gpu-static,wfmanager_add_cgframes_to_ml_354,3.24249267578125e-05,wfmanager_add_cgframes_to_ml
3123,gpu-static,wfmanager_update_jobs_354,2.6386823654174805,wfmanager_update_jobs
3124,gpu-static,wfmanager_add_new_patches_mlserver_355,4.552739858627319,wfmanager_add_new_patches_mlserver
3125,gpu-static,wfmanager_add_new_patches_to_ml_355,3.361701965332031e-05,wfmanager_add_new_patches_to_ml
3126,gpu-static,wfmanager_add_cgframes_to_ml_355,8.392333984375e-05,wfmanager_add_cgframes_to_ml
3127,gpu-static,wfmanager_update_jobs_355,2.540469169616699,wfmanager_update_jobs
3128,gpu-static,wfmanager_add_new_patches_mlserver_356,4.507246971130371,wfmanager_add_new_patches_mlserver
3129,gpu-static,wfmanager_add_new_patches_to_ml_356,3.0040740966796875e-05,wfmanager_add_new_patches_to_ml
3130,gpu-static,wfmanager_add_cgframes_to_ml_356,9.059906005859375e-05,wfmanager_add_cgframes_to_ml
3131,gpu-static,wfmanager_update_jobs_356,2.555940628051758,wfmanager_update_jobs
3132,gpu-static,wfmanager_add_new_patches_mlserver_357,4.528141975402832,wfmanager_add_new_patches_mlserver
3133,gpu-static,wfmanager_add_new_patches_to_ml_357,4.863739013671875e-05,wfmanager_add_new_patches_to_ml
3134,gpu-static,wfmanager_add_cgframes_to_ml_357,3.409385681152344e-05,wfmanager_add_cgframes_to_ml
3135,gpu-static,wfmanager_update_jobs_357,2.574282646179199,wfmanager_update_jobs
3136,gpu-static,wfmanager_add_new_patches_mlserver_358,4.467970848083496,wfmanager_add_new_patches_mlserver
3137,gpu-static,wfmanager_add_new_patches_to_ml_358,3.695487976074219e-05,wfmanager_add_new_patches_to_ml
3138,gpu-static,wfmanager_add_cgframes_to_ml_358,3.0517578125e-05,wfmanager_add_cgframes_to_ml
3139,gpu-static,wfmanager_update_jobs_358,2.627760410308838,wfmanager_update_jobs
3140,gpu-static,wfmanager_add_new_patches_mlserver_359,4.475072860717773,wfmanager_add_new_patches_mlserver
3141,gpu-static,wfmanager_add_new_patches_to_ml_359,3.7670135498046875e-05,wfmanager_add_new_patches_to_ml
3142,gpu-static,wfmanager_add_cgframes_to_ml_359,9.059906005859375e-05,wfmanager_add_cgframes_to_ml
3143,gpu-static,wfmanager_update_jobs_359,2.5200839042663574,wfmanager_update_jobs
3144,gpu-static,wfmanager_add_new_patches_mlserver_360,4.5600128173828125,wfmanager_add_new_patches_mlserver
3145,gpu-static,wfmanager_add_new_patches_to_ml_360,3.7670135498046875e-05,wfmanager_add_new_patches_to_ml
3146,gpu-static,wfmanager_add_cgframes_to_ml_360,3.409385681152344e-05,wfmanager_add_cgframes_to_ml
3147,gpu-static,wfmanager_update_jobs_360,2.6184144020080566,wfmanager_update_jobs
3148,gpu-static,wfmanager_add_new_patches_mlserver_361,4.719903230667114,wfmanager_add_new_patches_mlserver
3149,gpu-static,wfmanager_add_new_patches_to_ml_361,3.814697265625e-05,wfmanager_add_new_patches_to_ml
3150,gpu-static,wfmanager_add_cgframes_to_ml_361,5.5789947509765625e-05,wfmanager_add_cgframes_to_ml
3151,gpu-static,wfmanager_update_jobs_361,2.681939125061035,wfmanager_update_jobs
3152,gpu-static,wfmanager_add_new_patches_mlserver_362,4.499091386795044,wfmanager_add_new_patches_mlserver
3153,gpu-static,wfmanager_add_new_patches_to_ml_362,3.3855438232421875e-05,wfmanager_add_new_patches_to_ml
3154,gpu-static,wfmanager_add_cgframes_to_ml_362,4.982948303222656e-05,wfmanager_add_cgframes_to_ml
3155,gpu-static,wfmanager_update_jobs_362,2.5938193798065186,wfmanager_update_jobs
3156,gpu-static,wfmanager_add_new_patches_mlserver_363,4.412278890609741,wfmanager_add_new_patches_mlserver
3157,gpu-static,wfmanager_add_new_patches_to_ml_363,5.125999450683594e-05,wfmanager_add_new_patches_to_ml
3158,gpu-static,wfmanager_add_cgframes_to_ml_363,9.965896606445312e-05,wfmanager_add_cgframes_to_ml
3159,gpu-static,wfmanager_update_jobs_363,2.554969072341919,wfmanager_update_jobs
3160,gpu-static,wfmanager_add_new_patches_mlserver_364,4.529909133911133,wfmanager_add_new_patches_mlserver
3161,gpu-static,wfmanager_add_new_patches_to_ml_364,3.7670135498046875e-05,wfmanager_add_new_patches_to_ml
3162,gpu-static,wfmanager_add_cgframes_to_ml_364,5.269050598144531e-05,wfmanager_add_cgframes_to_ml
3163,gpu-static,wfmanager_update_jobs_364,2.675626039505005,wfmanager_update_jobs
3164,gpu-static,wfmanager_add_new_patches_mlserver_365,4.445335388183594,wfmanager_add_new_patches_mlserver
3165,gpu-static,wfmanager_add_new_patches_to_ml_365,4.1961669921875e-05,wfmanager_add_new_patches_to_ml
3166,gpu-static,wfmanager_add_cgframes_to_ml_365,6.175041198730469e-05,wfmanager_add_cgframes_to_ml
3167,gpu-static,wfmanager_update_jobs_365,2.6072237491607666,wfmanager_update_jobs
3168,gpu-static,wfmanager_add_new_patches_mlserver_366,4.496754884719849,wfmanager_add_new_patches_mlserver
3169,gpu-static,wfmanager_add_new_patches_to_ml_366,4.172325134277344e-05,wfmanager_add_new_patches_to_ml
3170,gpu-static,wfmanager_add_cgframes_to_ml_366,9.560585021972656e-05,wfmanager_add_cgframes_to_ml
3171,gpu-static,wfmanager_update_jobs_366,2.687713623046875,wfmanager_update_jobs
3172,gpu-static,wfmanager_add_new_patches_mlserver_367,4.539933681488037,wfmanager_add_new_patches_mlserver
3173,gpu-static,wfmanager_add_new_patches_to_ml_367,3.838539123535156e-05,wfmanager_add_new_patches_to_ml
3174,gpu-static,wfmanager_add_cgframes_to_ml_367,5.888938903808594e-05,wfmanager_add_cgframes_to_ml
3175,gpu-static,wfmanager_update_jobs_367,2.5903255939483643,wfmanager_update_jobs
3176,gpu-static,wfmanager_add_new_patches_mlserver_368,4.506974697113037,wfmanager_add_new_patches_mlserver
3177,gpu-static,wfmanager_add_new_patches_to_ml_368,3.695487976074219e-05,wfmanager_add_new_patches_to_ml
3178,gpu-static,wfmanager_add_cgframes_to_ml_368,5.817413330078125e-05,wfmanager_add_cgframes_to_ml
3179,gpu-static,wfmanager_update_jobs_368,2.660951614379883,wfmanager_update_jobs
3180,gpu-static,wfmanager_add_new_patches_mlserver_369,4.586994171142578,wfmanager_add_new_patches_mlserver
3181,gpu-static,wfmanager_add_new_patches_to_ml_369,3.910064697265625e-05,wfmanager_add_new_patches_to_ml
3182,gpu-static,wfmanager_add_cgframes_to_ml_369,6.461143493652344e-05,wfmanager_add_cgframes_to_ml
3183,gpu-static,wfmanager_update_jobs_369,2.681129217147827,wfmanager_update_jobs
3184,gpu-static,wfmanager_add_new_patches_mlserver_370,4.482213973999023,wfmanager_add_new_patches_mlserver
3185,gpu-static,wfmanager_add_new_patches_to_ml_370,3.600120544433594e-05,wfmanager_add_new_patches_to_ml
3186,gpu-static,wfmanager_add_cgframes_to_ml_370,4.76837158203125e-05,wfmanager_add_cgframes_to_ml
3187,gpu-static,wfmanager_update_jobs_370,2.681800127029419,wfmanager_update_jobs
3188,gpu-static,wfmanager_add_new_patches_mlserver_371,4.55092191696167,wfmanager_add_new_patches_mlserver
3189,gpu-static,wfmanager_add_new_patches_to_ml_371,3.3855438232421875e-05,wfmanager_add_new_patches_to_ml
3190,gpu-static,wfmanager_add_cgframes_to_ml_371,9.5367431640625e-05,wfmanager_add_cgframes_to_ml
3191,gpu-static,wfmanager_update_jobs_371,2.548144578933716,wfmanager_update_jobs
3192,gpu-static,wfmanager_add_new_patches_mlserver_372,4.543393611907959,wfmanager_add_new_patches_mlserver
3193,gpu-static,wfmanager_add_new_patches_to_ml_372,4.029273986816406e-05,wfmanager_add_new_patches_to_ml
3194,gpu-static,wfmanager_add_cgframes_to_ml_372,0.00011229515075683594,wfmanager_add_cgframes_to_ml
3195,gpu-static,wfmanager_update_jobs_372,2.5259013175964355,wfmanager_update_jobs
3196,gpu-static,wfmanager_add_new_patches_mlserver_373,4.535698890686035,wfmanager_add_new_patches_mlserver
3197,gpu-static,wfmanager_add_new_patches_to_ml_373,3.981590270996094e-05,wfmanager_add_new_patches_to_ml
3198,gpu-static,wfmanager_add_cgframes_to_ml_373,8.797645568847656e-05,wfmanager_add_cgframes_to_ml
3199,gpu-static,wfmanager_update_jobs_373,3.16811466217041,wfmanager_update_jobs
3200,gpu-static,wfmanager_add_new_patches_mlserver_374,4.637836217880249,wfmanager_add_new_patches_mlserver
3201,gpu-static,wfmanager_add_new_patches_to_ml_374,3.457069396972656e-05,wfmanager_add_new_patches_to_ml
3202,gpu-static,wfmanager_add_cgframes_to_ml_374,4.9591064453125e-05,wfmanager_add_cgframes_to_ml
3203,gpu-static,wfmanager_update_jobs_374,3.1907308101654053,wfmanager_update_jobs
3204,gpu-static,wfmanager_add_new_patches_mlserver_375,4.5597193241119385,wfmanager_add_new_patches_mlserver
3205,gpu-static,wfmanager_add_new_patches_to_ml_375,4.2438507080078125e-05,wfmanager_add_new_patches_to_ml
3206,gpu-static,wfmanager_add_cgframes_to_ml_375,6.341934204101562e-05,wfmanager_add_cgframes_to_ml
