Sleeping 20 seconds anticipating rabbitmq coming up...
 WARN The `/pixi-env/.pixi/env` folder is deprecated, please remove it as we now use the `envs` folder
Looking for kubernetesTracker.py
_clones
clones
kubernetesTracker.py
(wfmanager: Sun Mar  9 23:24:02 UTC 2025) --> Launching MuMMI workflow (1 nodes)
(wfmanager: Sun Mar  9 23:24:02 UTC 2025) --> [Warning] File wfmanager.chk doesn't exist. Generate a new wfmanager.chk...
flux: ''
iterCounterPC: 0
iterCounterWF: 0
patchCounter: 0
ts: '2025-03-09 23:24:02'
jobs_aa:
  type: aa
  jobCnt: 0
  nqueued: 0
  nrunning: 0
  queued: []
  running: {}
jobs_backmapping:
  type: backmapping
  jobCnt: 0
  nqueued: 0
  nrunning: 0
  queued: []
  running: {}
jobs_cg:
  type: cg
  jobCnt: 0
  nqueued: 0
  nrunning: 0
  queued: []
  running: {}
jobs_createsim:
  type: createsim
  jobCnt: 0
  nqueued: 0
  nrunning: 0
  queued: []
  running: {}
(wfmanager: Sun Mar  9 23:24:02 UTC 2025) --> Checkpoint file wfmanager.chk is fine size of 461
(wfmanager: Sun Mar  9 23:24:02 UTC 2025) --> backup in run_backup_2025-03-09_23-24-02
(wfmanager: Sun Mar  9 23:24:02 UTC 2025) --> backup finished
(wfmanager: Sun Mar  9 23:24:02 UTC 2025) --> Launching workflow
  % Total    % Received % Xferd  Average Speed   Time    Time     Time  Current
                                 Dload  Upload   Total   Spent    Left  Speed
  0     0    0     0    0     0      0      0 --:--:-- --:--:-- --:--:--     0100 43323  100 43323    0     0  13.4M      0 --:--:-- --:--:-- --:--:-- 20.6M
mummi_core: ['/opt/clones/mummi-core/mummi_core']
mummi_ras: ['/opt/clones/mummi-ras/mummi_ras']
python3 /opt/clones/mummi-ras/mummi_ras/scripts/run_wfmanager.py
Unidentified hostname: wfmanager.mummi-sample.default.svc.cluster.local
Enabled
Enabled
Enabled
Enabled
[183.043 MB]: Enabled
Unidentified hostname: wfmanager.mummi-sample.default.svc.cluster.local
Failed to find Flux URI file (/opt/clones/mummi-ras/flux/flux_server.info)
Unidentified hostname: wfmanager.mummi-sample.default.svc.cluster.local
Unidentified hostname: wfmanager.mummi-sample.default.svc.cluster.local
Unidentified hostname: wfmanager.mummi-sample.default.svc.cluster.local
Unidentified hostname: wfmanager.mummi-sample.default.svc.cluster.local
Unidentified hostname: wfmanager.mummi-sample.default.svc.cluster.local
Unidentified hostname: wfmanager.mummi-sample.default.svc.cluster.local
Unidentified hostname: wfmanager.mummi-sample.default.svc.cluster.local
Unidentified hostname: wfmanager.mummi-sample.default.svc.cluster.local
Did not find current user: defaulted to mummiusr
Using Plain connection (unsafe): TLS certificate /opt/clones/certs/client_rabbitmq_certificate.pem does not exist
[184.887 MB]: Starting MainProcess iteration 0
[186.031 MB]:     > Iteration 0: added new patches
[186.031 MB]:     > Iteration 0: updated jobs
[186.031 MB]:     > Iteration 0: testing all jobs
[186.031 MB]: Starting MainProcess iteration 1
[186.031 MB]:     > Iteration 1: added new patches
[186.031 MB]:     > Iteration 1: updated jobs
[186.031 MB]:     > Iteration 1: testing all jobs
[186.031 MB]: Starting MainProcess iteration 2
[186.031 MB]:     > Iteration 2: added new patches
[186.031 MB]:     > Iteration 2: updated jobs
[186.031 MB]:     > Iteration 2: testing all jobs
[186.031 MB]: Starting MainProcess iteration 3
[186.031 MB]:     > Iteration 3: added new patches
[186.031 MB]:     > Iteration 3: updated jobs
[186.031 MB]:     > Iteration 3: testing all jobs
[186.031 MB]: Starting MainProcess iteration 4
[186.031 MB]:     > Iteration 4: added new patches
[186.031 MB]:     > Iteration 4: updated jobs
[186.031 MB]:     > Iteration 4: testing all jobs
[186.031 MB]: Starting MainProcess iteration 5
[186.031 MB]:     > Iteration 5: added new patches
[186.031 MB]:     > Iteration 5: updated jobs
[186.031 MB]:     > Iteration 5: testing all jobs
[186.031 MB]: Starting MainProcess iteration 6
[186.031 MB]:     > Iteration 6: added new patches
[186.031 MB]:     > Iteration 6: updated jobs
[186.031 MB]:     > Iteration 6: testing all jobs
[186.031 MB]: Starting MainProcess iteration 7
[186.031 MB]:     > Iteration 7: added new patches
[186.031 MB]:     > Iteration 7: updated jobs
[186.031 MB]:     > Iteration 7: testing all jobs
[186.031 MB]: Starting MainProcess iteration 8
[186.031 MB]:     > Iteration 8: added new patches
[186.031 MB]:     > Iteration 8: updated jobs
[186.031 MB]:     > Iteration 8: testing all jobs
[186.031 MB]: Starting MainProcess iteration 9
[186.031 MB]:     > Iteration 9: added new patches
[186.031 MB]:     > Iteration 9: updated jobs
[186.031 MB]:     > Iteration 9: testing all jobs
[186.031 MB]: Starting MainProcess iteration 10
[186.031 MB]:     > Iteration 10: added new patches
[186.031 MB]:     > Iteration 10: updated jobs
[186.031 MB]:     > Iteration 10: testing all jobs
[186.031 MB]: Starting MainProcess iteration 11
[186.031 MB]:     > Iteration 11: added new patches
[186.031 MB]:     > Iteration 11: updated jobs
[186.031 MB]:     > Iteration 11: testing all jobs
[186.031 MB]: Starting MainProcess iteration 12
[186.031 MB]:     > Iteration 12: added new patches
[186.031 MB]:     > Iteration 12: updated jobs
[186.031 MB]:     > Iteration 12: testing all jobs
[186.031 MB]: Starting MainProcess iteration 13
[186.031 MB]:     > Iteration 13: added new patches
[186.031 MB]:     > Iteration 13: updated jobs
[186.031 MB]:     > Iteration 13: testing all jobs
[186.031 MB]: Starting MainProcess iteration 14
[186.031 MB]:     > Iteration 14: added new patches
[186.031 MB]:     > Iteration 14: updated jobs
[186.031 MB]:     > Iteration 14: testing all jobs
[186.031 MB]: Starting MainProcess iteration 15
[186.031 MB]:     > Iteration 15: added new patches
[186.031 MB]:     > Iteration 15: updated jobs
[186.031 MB]:     > Iteration 15: testing all jobs
[186.031 MB]: Starting MainProcess iteration 16
[186.031 MB]:     > Iteration 16: added new patches
[186.031 MB]:     > Iteration 16: updated jobs
[186.031 MB]:     > Iteration 16: testing all jobs
[186.031 MB]: Starting MainProcess iteration 17
[186.031 MB]:     > Iteration 17: added new patches
[186.031 MB]:     > Iteration 17: updated jobs
[186.031 MB]:     > Iteration 17: testing all jobs
[186.031 MB]: Starting MainProcess iteration 18
[186.031 MB]:     > Iteration 18: added new patches
[186.031 MB]:     > Iteration 18: updated jobs
[186.031 MB]:     > Iteration 18: testing all jobs
[186.031 MB]: Starting MainProcess iteration 19
[186.031 MB]:     > Iteration 19: added new patches
[186.031 MB]:     > Iteration 19: updated jobs
[186.031 MB]:     > Iteration 19: testing all jobs
[186.031 MB]: Starting MainProcess iteration 20
[186.031 MB]:     > Iteration 20: added new patches
[186.031 MB]:     > Iteration 20: updated jobs
[186.031 MB]:     > Iteration 20: testing all jobs
[186.031 MB]: Starting MainProcess iteration 21
[186.031 MB]:     > Iteration 21: added new patches
[186.031 MB]:     > Iteration 21: updated jobs
[186.031 MB]:     > Iteration 21: testing all jobs
[186.031 MB]: Starting MainProcess iteration 22
[186.031 MB]:     > Iteration 22: added new patches
[186.031 MB]:     > Iteration 22: updated jobs
[186.031 MB]:     > Iteration 22: testing all jobs
[186.031 MB]: Starting MainProcess iteration 23
[186.031 MB]:     > Iteration 23: added new patches
[186.031 MB]:     > Iteration 23: updated jobs
[186.031 MB]:     > Iteration 23: testing all jobs
[186.031 MB]: Starting MainProcess iteration 24
[186.031 MB]:     > Iteration 24: added new patches
[186.031 MB]:     > Iteration 24: updated jobs
[186.031 MB]:     > Iteration 24: testing all jobs
[186.031 MB]: Starting MainProcess iteration 25
[186.031 MB]:     > Iteration 25: added new patches
[186.031 MB]:     > Iteration 25: updated jobs
[186.031 MB]:     > Iteration 25: testing all jobs
[186.031 MB]: Starting MainProcess iteration 26
[186.031 MB]:     > Iteration 26: added new patches
[186.031 MB]:     > Iteration 26: updated jobs
[186.031 MB]:     > Iteration 26: testing all jobs
[186.031 MB]: Starting MainProcess iteration 27
[186.031 MB]:     > Iteration 27: added new patches
[186.031 MB]:     > Iteration 27: updated jobs
[186.031 MB]:     > Iteration 27: testing all jobs
[186.031 MB]: Starting MainProcess iteration 28
[186.031 MB]:     > Iteration 28: added new patches
[186.031 MB]:     > Iteration 28: updated jobs
[186.031 MB]:     > Iteration 28: testing all jobs
[186.031 MB]: Starting MainProcess iteration 29
[186.031 MB]:     > Iteration 29: added new patches
[186.031 MB]:     > Iteration 29: updated jobs
[186.031 MB]:     > Iteration 29: testing all jobs
[186.031 MB]: Starting MainProcess iteration 30
[186.031 MB]:     > Iteration 30: added new patches
[186.031 MB]:     > Iteration 30: updated jobs
[186.031 MB]:     > Iteration 30: testing all jobs
[186.031 MB]: Starting MainProcess iteration 31
[186.031 MB]:     > Iteration 31: added new patches
[186.031 MB]:     > Iteration 31: updated jobs
[186.031 MB]:     > Iteration 31: testing all jobs
[186.031 MB]: Starting MainProcess iteration 32
[186.031 MB]:     > Iteration 32: added new patches
[186.031 MB]:     > Iteration 32: updated jobs
[186.031 MB]:     > Iteration 32: testing all jobs
[186.031 MB]: Starting MainProcess iteration 33
[186.031 MB]:     > Iteration 33: added new patches
[186.031 MB]:     > Iteration 33: updated jobs
[186.031 MB]:     > Iteration 33: testing all jobs
[186.031 MB]: Starting MainProcess iteration 34
[186.031 MB]:     > Iteration 34: added new patches
[186.031 MB]:     > Iteration 34: updated jobs
[186.031 MB]:     > Iteration 34: testing all jobs
[186.031 MB]: Starting MainProcess iteration 35
[186.031 MB]:     > Iteration 35: added new patches
[186.031 MB]:     > Iteration 35: updated jobs
[186.031 MB]:     > Iteration 35: testing all jobs
[186.031 MB]: Starting MainProcess iteration 36
[186.031 MB]:     > Iteration 36: added new patches
[186.031 MB]:     > Iteration 36: updated jobs
[186.031 MB]:     > Iteration 36: testing all jobs
[186.031 MB]: Starting MainProcess iteration 37
[186.031 MB]:     > Iteration 37: added new patches
[186.031 MB]:     > Iteration 37: updated jobs
[186.031 MB]:     > Iteration 37: testing all jobs
[186.031 MB]: Starting MainProcess iteration 38
[186.031 MB]:     > Iteration 38: added new patches
[186.031 MB]:     > Iteration 38: updated jobs
[186.031 MB]:     > Iteration 38: testing all jobs
[186.031 MB]: Starting MainProcess iteration 39
[186.031 MB]:     > Iteration 39: added new patches
[186.031 MB]:     > Iteration 39: updated jobs
[186.031 MB]:     > Iteration 39: testing all jobs
[186.031 MB]: Starting MainProcess iteration 40
[186.031 MB]:     > Iteration 40: added new patches
[186.031 MB]:     > Iteration 40: updated jobs
[186.031 MB]:     > Iteration 40: testing all jobs
[186.031 MB]: Starting MainProcess iteration 41
[186.031 MB]:     > Iteration 41: added new patches
[186.031 MB]:     > Iteration 41: updated jobs
[186.031 MB]:     > Iteration 41: testing all jobs
[186.031 MB]: Starting MainProcess iteration 42
[186.031 MB]:     > Iteration 42: added new patches
[186.031 MB]:     > Iteration 42: updated jobs
[186.031 MB]:     > Iteration 42: testing all jobs
[186.031 MB]: Starting MainProcess iteration 43
[186.031 MB]:     > Iteration 43: added new patches
[186.031 MB]:     > Iteration 43: updated jobs
[186.031 MB]:     > Iteration 43: testing all jobs
[186.031 MB]: Starting MainProcess iteration 44
[186.031 MB]:     > Iteration 44: added new patches
[186.031 MB]:     > Iteration 44: updated jobs
[186.031 MB]:     > Iteration 44: testing all jobs
[186.031 MB]: Starting MainProcess iteration 45
[186.031 MB]:     > Iteration 45: added new patches
[186.031 MB]:     > Iteration 45: updated jobs
[186.031 MB]:     > Iteration 45: testing all jobs
[186.031 MB]: Starting MainProcess iteration 46
[186.031 MB]:     > Iteration 46: added new patches
[186.031 MB]:     > Iteration 46: updated jobs
[186.031 MB]:     > Iteration 46: testing all jobs
[186.031 MB]: Starting MainProcess iteration 47
[186.031 MB]:     > Iteration 47: added new patches
[186.031 MB]:     > Iteration 47: updated jobs
[186.031 MB]:     > Iteration 47: testing all jobs
[186.031 MB]: Starting MainProcess iteration 48
[186.031 MB]:     > Iteration 48: added new patches
[186.031 MB]:     > Iteration 48: updated jobs
[186.031 MB]:     > Iteration 48: testing all jobs
[186.031 MB]: Starting MainProcess iteration 49
[186.031 MB]:     > Iteration 49: added new patches
[186.031 MB]:     > Iteration 49: updated jobs
[186.031 MB]:     > Iteration 49: testing all jobs
[186.031 MB]: Starting MainProcess iteration 50
We got Stream connection lost: ConnectionResetError(104, 'Connection reset by peer')
Did not find current user: defaulted to mummiusr
Using Plain connection (unsafe): TLS certificate /opt/clones/certs/client_rabbitmq_certificate.pem does not exist
[186.289 MB]:     > Iteration 50: added new patches
[186.289 MB]:     > Iteration 50: updated jobs
[186.289 MB]:     > Iteration 50: testing all jobs
[186.289 MB]: Starting MainProcess iteration 51
Maximum jobs for createsim (2) reached, will not submit more.
[186.289 MB]:     > Iteration 51: added new patches
Batch job for cganalysis-structure_iter00_000000000000 exists, assuming resumed: Conflict
[cg] Found already running cg job (Conflict) for simname = structure_iter00_000000000000
[186.289 MB]:     > Iteration 51: updated jobs
[186.289 MB]:     > Iteration 51: testing all jobs
[186.289 MB]: Starting MainProcess iteration 52
[186.289 MB]:     > Iteration 52: added new patches
Batch job for cganalysis-structure_iter00_000000000000 exists, assuming resumed: Conflict
[cg] Found already running cg job (Conflict) for simname = structure_iter00_000000000000
[186.289 MB]:     > Iteration 52: updated jobs
[186.289 MB]:     > Iteration 52: testing all jobs
[186.289 MB]: Starting MainProcess iteration 53
[186.289 MB]:     > Iteration 53: added new patches
Batch job for cganalysis-structure_iter00_000000000000 exists, assuming resumed: Conflict
[cg] Found already running cg job (Conflict) for simname = structure_iter00_000000000000
[186.289 MB]:     > Iteration 53: updated jobs
[186.289 MB]:     > Iteration 53: testing all jobs
[186.289 MB]: Starting MainProcess iteration 54
[186.289 MB]:     > Iteration 54: added new patches
Batch job for cganalysis-structure_iter00_000000000000 exists, assuming resumed: Conflict
[cg] Found already running cg job (Conflict) for simname = structure_iter00_000000000000
[186.289 MB]:     > Iteration 54: updated jobs
[186.289 MB]:     > Iteration 54: testing all jobs
[186.289 MB]: Starting MainProcess iteration 55
[186.289 MB]:     > Iteration 55: added new patches
Batch job for cganalysis-structure_iter00_000000000000 exists, assuming resumed: Conflict
[cg] Found already running cg job (Conflict) for simname = structure_iter00_000000000000
[186.289 MB]:     > Iteration 55: updated jobs
[186.289 MB]:     > Iteration 55: testing all jobs
[186.289 MB]: Starting MainProcess iteration 56
[186.289 MB]:     > Iteration 56: added new patches
Batch job for cganalysis-structure_iter00_000000000000 exists, assuming resumed: Conflict
[cg] Found already running cg job (Conflict) for simname = structure_iter00_000000000000
[186.289 MB]:     > Iteration 56: updated jobs
[186.289 MB]:     > Iteration 56: testing all jobs
[186.289 MB]: Starting MainProcess iteration 57
[186.289 MB]:     > Iteration 57: added new patches
Batch job for cganalysis-structure_iter00_000000000000 exists, assuming resumed: Conflict
[cg] Found already running cg job (Conflict) for simname = structure_iter00_000000000000
[186.289 MB]:     > Iteration 57: updated jobs
[186.289 MB]:     > Iteration 57: testing all jobs
[186.289 MB]: Starting MainProcess iteration 58
[186.289 MB]:     > Iteration 58: added new patches
Batch job for cganalysis-structure_iter00_000000000000 exists, assuming resumed: Conflict
[cg] Found already running cg job (Conflict) for simname = structure_iter00_000000000000
[186.289 MB]:     > Iteration 58: updated jobs
[186.289 MB]:     > Iteration 58: testing all jobs
[186.289 MB]: Starting MainProcess iteration 59
[186.289 MB]:     > Iteration 59: added new patches
Batch job for cganalysis-structure_iter00_000000000000 exists, assuming resumed: Conflict
[cg] Found already running cg job (Conflict) for simname = structure_iter00_000000000000
[186.289 MB]:     > Iteration 59: updated jobs
[186.289 MB]:     > Iteration 59: testing all jobs
[186.289 MB]: Starting MainProcess iteration 60
[186.289 MB]:     > Iteration 60: added new patches
Batch job for cganalysis-structure_iter00_000000000000 exists, assuming resumed: Conflict
[cg] Found already running cg job (Conflict) for simname = structure_iter00_000000000000
[186.289 MB]:     > Iteration 60: updated jobs
[186.289 MB]:     > Iteration 60: testing all jobs
[186.289 MB]: Starting MainProcess iteration 61
[186.289 MB]:     > Iteration 61: added new patches
Batch job for cganalysis-structure_iter00_000000000000 exists, assuming resumed: Conflict
[cg] Found already running cg job (Conflict) for simname = structure_iter00_000000000000
[186.289 MB]:     > Iteration 61: updated jobs
[186.289 MB]:     > Iteration 61: testing all jobs
[186.289 MB]: Starting MainProcess iteration 62
[186.289 MB]:     > Iteration 62: added new patches
Batch job for cganalysis-structure_iter00_000000000000 exists, assuming resumed: Conflict
[cg] Found already running cg job (Conflict) for simname = structure_iter00_000000000000
[186.289 MB]:     > Iteration 62: updated jobs
[186.289 MB]:     > Iteration 62: testing all jobs
[186.289 MB]: Starting MainProcess iteration 63
[186.289 MB]:     > Iteration 63: added new patches
Batch job for cganalysis-structure_iter00_000000000000 exists, assuming resumed: Conflict
[cg] Found already running cg job (Conflict) for simname = structure_iter00_000000000000
[186.289 MB]:     > Iteration 63: updated jobs
[186.289 MB]:     > Iteration 63: testing all jobs
[186.289 MB]: Starting MainProcess iteration 64
[186.289 MB]:     > Iteration 64: added new patches
Batch job for cganalysis-structure_iter00_000000000000 exists, assuming resumed: Conflict
[cg] Found already running cg job (Conflict) for simname = structure_iter00_000000000000
[186.289 MB]:     > Iteration 64: updated jobs
[186.289 MB]:     > Iteration 64: testing all jobs
[186.289 MB]: Starting MainProcess iteration 65
[186.289 MB]:     > Iteration 65: added new patches
Batch job for cganalysis-structure_iter00_000000000000 exists, assuming resumed: Conflict
[cg] Found already running cg job (Conflict) for simname = structure_iter00_000000000000
[186.289 MB]:     > Iteration 65: updated jobs
[186.289 MB]:     > Iteration 65: testing all jobs
[186.289 MB]: Starting MainProcess iteration 66
[186.289 MB]:     > Iteration 66: added new patches
Batch job for cganalysis-structure_iter00_000000000000 exists, assuming resumed: Conflict
[cg] Found already running cg job (Conflict) for simname = structure_iter00_000000000000
[186.289 MB]:     > Iteration 66: updated jobs
[186.289 MB]:     > Iteration 66: testing all jobs
[186.289 MB]: Starting MainProcess iteration 67
[186.289 MB]:     > Iteration 67: added new patches
Batch job for cganalysis-structure_iter00_000000000000 exists, assuming resumed: Conflict
[cg] Found already running cg job (Conflict) for simname = structure_iter00_000000000000
[186.289 MB]:     > Iteration 67: updated jobs
[186.289 MB]:     > Iteration 67: testing all jobs
[186.289 MB]: Starting MainProcess iteration 68
[186.289 MB]:     > Iteration 68: added new patches
Batch job for cganalysis-structure_iter00_000000000000 exists, assuming resumed: Conflict
[cg] Found already running cg job (Conflict) for simname = structure_iter00_000000000000
[186.289 MB]:     > Iteration 68: updated jobs
[186.289 MB]:     > Iteration 68: testing all jobs
[186.289 MB]: Starting MainProcess iteration 69
[186.289 MB]:     > Iteration 69: added new patches
Batch job for cganalysis-structure_iter00_000000000000 exists, assuming resumed: Conflict
[cg] Found already running cg job (Conflict) for simname = structure_iter00_000000000000
[186.289 MB]:     > Iteration 69: updated jobs
[186.289 MB]:     > Iteration 69: testing all jobs
[186.289 MB]: Starting MainProcess iteration 70
[186.289 MB]:     > Iteration 70: added new patches
Batch job for cganalysis-structure_iter00_000000000000 exists, assuming resumed: Conflict
[cg] Found already running cg job (Conflict) for simname = structure_iter00_000000000000
[186.289 MB]:     > Iteration 70: updated jobs
[186.289 MB]:     > Iteration 70: testing all jobs
[186.289 MB]: Starting MainProcess iteration 71
[186.289 MB]:     > Iteration 71: added new patches
Batch job for cganalysis-structure_iter00_000000000000 exists, assuming resumed: Conflict
[cg] Found already running cg job (Conflict) for simname = structure_iter00_000000000000
[186.289 MB]:     > Iteration 71: updated jobs
[186.289 MB]:     > Iteration 71: testing all jobs
[186.289 MB]: Starting MainProcess iteration 72
[186.289 MB]:     > Iteration 72: added new patches
Batch job for cganalysis-structure_iter00_000000000000 exists, assuming resumed: Conflict
[cg] Found already running cg job (Conflict) for simname = structure_iter00_000000000000
[186.289 MB]:     > Iteration 72: updated jobs
[186.289 MB]:     > Iteration 72: testing all jobs
[186.289 MB]: Starting MainProcess iteration 73
[186.289 MB]:     > Iteration 73: added new patches
Batch job for cganalysis-structure_iter00_000000000000 exists, assuming resumed: Conflict
[cg] Found already running cg job (Conflict) for simname = structure_iter00_000000000000
[186.289 MB]:     > Iteration 73: updated jobs
[186.289 MB]:     > Iteration 73: testing all jobs
[186.289 MB]: Starting MainProcess iteration 74
[186.289 MB]:     > Iteration 74: added new patches
Batch job for cganalysis-structure_iter00_000000000000 exists, assuming resumed: Conflict
[cg] Found already running cg job (Conflict) for simname = structure_iter00_000000000000
[186.289 MB]:     > Iteration 74: updated jobs
[186.289 MB]:     > Iteration 74: testing all jobs
[186.289 MB]: Starting MainProcess iteration 75
[186.289 MB]:     > Iteration 75: added new patches
Batch job for cganalysis-structure_iter00_000000000000 exists, assuming resumed: Conflict
[cg] Found already running cg job (Conflict) for simname = structure_iter00_000000000000
[186.289 MB]:     > Iteration 75: updated jobs
[186.289 MB]:     > Iteration 75: testing all jobs
[186.289 MB]: Starting MainProcess iteration 76
[186.289 MB]:     > Iteration 76: added new patches
Batch job for cganalysis-structure_iter00_000000000000 exists, assuming resumed: Conflict
[cg] Found already running cg job (Conflict) for simname = structure_iter00_000000000000
[186.289 MB]:     > Iteration 76: updated jobs
[186.289 MB]:     > Iteration 76: testing all jobs
[186.289 MB]: Starting MainProcess iteration 77
[186.289 MB]:     > Iteration 77: added new patches
Batch job for cganalysis-structure_iter00_000000000000 exists, assuming resumed: Conflict
[cg] Found already running cg job (Conflict) for simname = structure_iter00_000000000000
[186.289 MB]:     > Iteration 77: updated jobs
[186.289 MB]:     > Iteration 77: testing all jobs
[186.289 MB]: Starting MainProcess iteration 78
[186.289 MB]:     > Iteration 78: added new patches
Batch job for cganalysis-structure_iter00_000000000000 exists, assuming resumed: Conflict
[cg] Found already running cg job (Conflict) for simname = structure_iter00_000000000000
[186.289 MB]:     > Iteration 78: updated jobs
[186.289 MB]:     > Iteration 78: testing all jobs
[186.289 MB]: Starting MainProcess iteration 79
[186.289 MB]:     > Iteration 79: added new patches
Batch job for cganalysis-structure_iter00_000000000000 exists, assuming resumed: Conflict
[cg] Found already running cg job (Conflict) for simname = structure_iter00_000000000000
[186.289 MB]:     > Iteration 79: updated jobs
[186.289 MB]:     > Iteration 79: testing all jobs
[186.289 MB]: Starting MainProcess iteration 80
[186.289 MB]:     > Iteration 80: added new patches
Batch job for cganalysis-structure_iter00_000000000000 exists, assuming resumed: Conflict
[cg] Found already running cg job (Conflict) for simname = structure_iter00_000000000000
[186.289 MB]:     > Iteration 80: updated jobs
[186.289 MB]:     > Iteration 80: testing all jobs
[186.289 MB]: Starting MainProcess iteration 81
[186.289 MB]:     > Iteration 81: added new patches
Batch job for cganalysis-structure_iter00_000000000000 exists, assuming resumed: Conflict
[cg] Found already running cg job (Conflict) for simname = structure_iter00_000000000000
[186.289 MB]:     > Iteration 81: updated jobs
[186.289 MB]:     > Iteration 81: testing all jobs
[186.289 MB]: Starting MainProcess iteration 82
[186.289 MB]:     > Iteration 82: added new patches
Batch job for cganalysis-structure_iter00_000000000000 exists, assuming resumed: Conflict
[cg] Found already running cg job (Conflict) for simname = structure_iter00_000000000000
[186.289 MB]:     > Iteration 82: updated jobs
[186.289 MB]:     > Iteration 82: testing all jobs
[186.289 MB]: Starting MainProcess iteration 83
[186.289 MB]:     > Iteration 83: added new patches
Batch job for cganalysis-structure_iter00_000000000000 exists, assuming resumed: Conflict
[cg] Found already running cg job (Conflict) for simname = structure_iter00_000000000000
[186.289 MB]:     > Iteration 83: updated jobs
[186.289 MB]:     > Iteration 83: testing all jobs
[186.289 MB]: Starting MainProcess iteration 84
[186.289 MB]:     > Iteration 84: added new patches
Batch job for cganalysis-structure_iter00_000000000000 exists, assuming resumed: Conflict
[cg] Found already running cg job (Conflict) for simname = structure_iter00_000000000000
[186.289 MB]:     > Iteration 84: updated jobs
[186.289 MB]:     > Iteration 84: testing all jobs
[186.289 MB]: Starting MainProcess iteration 85
[186.289 MB]:     > Iteration 85: added new patches
Batch job for cganalysis-structure_iter00_000000000000 exists, assuming resumed: Conflict
[cg] Found already running cg job (Conflict) for simname = structure_iter00_000000000000
[186.289 MB]:     > Iteration 85: updated jobs
[186.289 MB]:     > Iteration 85: testing all jobs
[186.289 MB]: Starting MainProcess iteration 86
[186.289 MB]:     > Iteration 86: added new patches
Batch job for cganalysis-structure_iter00_000000000000 exists, assuming resumed: Conflict
[cg] Found already running cg job (Conflict) for simname = structure_iter00_000000000000
[186.289 MB]:     > Iteration 86: updated jobs
[186.289 MB]:     > Iteration 86: testing all jobs
[186.289 MB]: Starting MainProcess iteration 87
[186.289 MB]:     > Iteration 87: added new patches
Batch job for cganalysis-structure_iter00_000000000000 exists, assuming resumed: Conflict
[cg] Found already running cg job (Conflict) for simname = structure_iter00_000000000000
[186.289 MB]:     > Iteration 87: updated jobs
[186.289 MB]:     > Iteration 87: testing all jobs
[186.289 MB]: Starting MainProcess iteration 88
[186.289 MB]:     > Iteration 88: added new patches
Batch job for cganalysis-structure_iter00_000000000000 exists, assuming resumed: Conflict
[cg] Found already running cg job (Conflict) for simname = structure_iter00_000000000000
[186.289 MB]:     > Iteration 88: updated jobs
[186.289 MB]:     > Iteration 88: testing all jobs
[186.289 MB]: Starting MainProcess iteration 89
[186.289 MB]:     > Iteration 89: added new patches
Batch job for cganalysis-structure_iter00_000000000000 exists, assuming resumed: Conflict
[cg] Found already running cg job (Conflict) for simname = structure_iter00_000000000000
[186.289 MB]:     > Iteration 89: updated jobs
[186.289 MB]:     > Iteration 89: testing all jobs
[186.289 MB]: Starting MainProcess iteration 90
[186.289 MB]:     > Iteration 90: added new patches
Batch job for cganalysis-structure_iter00_000000000000 exists, assuming resumed: Conflict
[cg] Found already running cg job (Conflict) for simname = structure_iter00_000000000000
[186.289 MB]:     > Iteration 90: updated jobs
[186.289 MB]:     > Iteration 90: testing all jobs
[186.289 MB]: Starting MainProcess iteration 91
[186.289 MB]:     > Iteration 91: added new patches
Batch job for cganalysis-structure_iter00_000000000000 exists, assuming resumed: Conflict
[cg] Found already running cg job (Conflict) for simname = structure_iter00_000000000000
[186.289 MB]:     > Iteration 91: updated jobs
[186.289 MB]:     > Iteration 91: testing all jobs
[186.289 MB]: Starting MainProcess iteration 92
[186.289 MB]:     > Iteration 92: added new patches
Batch job for cganalysis-structure_iter00_000000000000 exists, assuming resumed: Conflict
[cg] Found already running cg job (Conflict) for simname = structure_iter00_000000000000
[186.289 MB]:     > Iteration 92: updated jobs
[186.289 MB]:     > Iteration 92: testing all jobs
[186.289 MB]: Starting MainProcess iteration 93
[186.289 MB]:     > Iteration 93: added new patches
Batch job for cganalysis-structure_iter00_000000000000 exists, assuming resumed: Conflict
[cg] Found already running cg job (Conflict) for simname = structure_iter00_000000000000
[186.289 MB]:     > Iteration 93: updated jobs
[186.289 MB]:     > Iteration 93: testing all jobs
[186.289 MB]: Starting MainProcess iteration 94
[186.289 MB]:     > Iteration 94: added new patches
Batch job for cganalysis-structure_iter00_000000000000 exists, assuming resumed: Conflict
[cg] Found already running cg job (Conflict) for simname = structure_iter00_000000000000
[186.289 MB]:     > Iteration 94: updated jobs
[186.289 MB]:     > Iteration 94: testing all jobs
[186.289 MB]: Starting MainProcess iteration 95
[186.289 MB]:     > Iteration 95: added new patches
Batch job for cganalysis-structure_iter00_000000000000 exists, assuming resumed: Conflict
[cg] Found already running cg job (Conflict) for simname = structure_iter00_000000000000
[186.289 MB]:     > Iteration 95: updated jobs
[186.289 MB]:     > Iteration 95: testing all jobs
[186.289 MB]: Starting MainProcess iteration 96
[186.289 MB]:     > Iteration 96: added new patches
Batch job for cganalysis-structure_iter00_000000000000 exists, assuming resumed: Conflict
[cg] Found already running cg job (Conflict) for simname = structure_iter00_000000000000
[186.289 MB]:     > Iteration 96: updated jobs
[186.289 MB]:     > Iteration 96: testing all jobs
[186.289 MB]: Starting MainProcess iteration 97
[186.289 MB]:     > Iteration 97: added new patches
Batch job for cganalysis-structure_iter00_000000000000 exists, assuming resumed: Conflict
[cg] Found already running cg job (Conflict) for simname = structure_iter00_000000000000
[186.289 MB]:     > Iteration 97: updated jobs
[186.289 MB]:     > Iteration 97: testing all jobs
[186.289 MB]: Starting MainProcess iteration 98
[186.289 MB]:     > Iteration 98: added new patches
Batch job for cganalysis-structure_iter00_000000000000 exists, assuming resumed: Conflict
[cg] Found already running cg job (Conflict) for simname = structure_iter00_000000000000
[186.289 MB]:     > Iteration 98: updated jobs
[186.289 MB]:     > Iteration 98: testing all jobs
[186.289 MB]: Starting MainProcess iteration 99
[186.289 MB]:     > Iteration 99: added new patches
Batch job for cganalysis-structure_iter00_000000000000 exists, assuming resumed: Conflict
[cg] Found already running cg job (Conflict) for simname = structure_iter00_000000000000
[186.289 MB]:     > Iteration 99: updated jobs
[186.289 MB]:     > Iteration 99: testing all jobs
[186.289 MB]: Starting MainProcess iteration 100
[186.289 MB]:     > Iteration 100: added new patches
Batch job for cganalysis-structure_iter00_000000000000 exists, assuming resumed: Conflict
[cg] Found already running cg job (Conflict) for simname = structure_iter00_000000000000
[186.289 MB]:     > Iteration 100: updated jobs
[186.289 MB]:     > Iteration 100: testing all jobs
[186.289 MB]: Starting MainProcess iteration 101
We got Stream connection lost: ConnectionResetError(104, 'Connection reset by peer')
Did not find current user: defaulted to mummiusr
Using Plain connection (unsafe): TLS certificate /opt/clones/certs/client_rabbitmq_certificate.pem does not exist
[186.289 MB]:     > Iteration 101: added new patches
> Launching workflow manager on (wfmanager.mummi-sample.default.svc.cluster.local)

> Initializing MuMMI (/opt/clones/mummi-core/mummi_core)
> Initialized MuMMI
	> MuMMI_ROOT: (/opt/clones/mummi-ras)
	> MuMMI_Resources: (/opt/clones/mummi_resources)
	> MuMMI_Specs: (/opt/clones/mummi-ras/specs)

> Creating MuMMI root hierarchy at (/opt/clones/mummi-ras)

{'wfmanager': {'env': None, 'config': {'is_gc': 1, 'do_patchcreation': 0, 'do_workflow': 1, 'do_schedulejobs': 1, 'use_oras': True, 'oras': {'host': 'registry-0.mummi-sample.default.svc.cluster.local:5000', 'plain_http': True}, 'scheduler': 'kubernetes', 'do_mlserver': 1, 'mlserver_round_id': 0, 'do_ucgserver': 0, 'ucgserver_round_id': 0, 'do_patchselection': 0, 'do_feedback_cg2mc': 0, 'do_cgselection': 0, 'do_feedback_aa2cg': 0, 'iotype': 'mummi', 'fbtype': 'mummi', 'portion_csim': 0.5, 'portion_cg': 0.5, 'fbcg_do_wts': 0, 'fbaa_hvr_th': 0.2, 'fbaa_crd_th': 0.25, 'fbaa_frame_increment': 25000, 'nSecPerIterPC': 5, 'nSecPerIterWF': 15, 'nSecPerCgSelUpdate': 30, 'nSecPerMacroFeedback': 30, 'nSecPerCGFeedback': 600, 'nReadPatchesPerIter': 4, 'nReadCGFramesPerIter': 200, 'nMaxCGFramesSelectionsPerIter': 800, 'nMaxJobsPerIter': 50, 'nMaxSelectedCGFrameBuffer': 400, 'nMaxPatchesSelectionsPerIter': 2, 'nMaxSelectedPatchBuffer': 2, 'jobname': 'wfmanager', 'workspace': '', 'log_mem_usage': 0, 'loglevel': 1, 'logpath': '', 'logfile': 0, 'logstdout': 0}, 'batch': {'type': 'kubernetes', 'host': 'frontier'}}, 'macro_patch_creator': {'env': None, 'params': {'max_frames_per_read': 4, 'is_gc': 1, 'sim2frame': {}, 'patch_psz': 30.0, 'macro_psz': 30.0, 'macro_gsz': 72, 'rdf_inpath': ''}, 'config': {'fstype': 'mummi', 'jobname': 'macro_patch_creator', 'workspace': '', 'loglevel': 1, 'logpath': '', 'logfile': 0, 'logstdout': 1}}}
> Failed to read macro simulation list: /opt/clones/mummi-ras/macro/simlist.spec not found.
> Updated sim2frame: {'max_frames_per_read': 4, 'is_gc': 1, 'sim2frame': {}, 'patch_psz': 30.0, 'macro_psz': 30.0, 'macro_gsz': 72, 'rdf_inpath': ''}
> Initializing logger:  level = (1), stdout = (False), file = (), history = (False),  memusage = (False)
Pull policy for createsim-structure-iter00-000000000000 is IfNotPresent
Walltime is 2700.0
Backoff limit is 0
Pull policy for createsim-structure-iter00-000000000001 is IfNotPresent
Walltime is 2700.0
Backoff limit is 0
Pull policy for cganalysis-structure-iter00-000000000000 is IfNotPresent
Walltime is 2700.0
Backoff limit is 0
Pull policy for createsim-structure-iter00-000000000002 is IfNotPresent
Walltime is 2700.0
Backoff limit is 0
Pull policy for cganalysis-structure-iter00-000000000000 is IfNotPresent
Walltime is 2700.0
Backoff limit is 0
Pull policy for cganalysis-structure-iter00-000000000000 is IfNotPresent
Walltime is 2700.0
Backoff limit is 0
Pull policy for cganalysis-structure-iter00-000000000000 is IfNotPresent
Walltime is 2700.0
Backoff limit is 0
Pull policy for cganalysis-structure-iter00-000000000000 is IfNotPresent
Walltime is 2700.0
Backoff limit is 0
Pull policy for cganalysis-structure-iter00-000000000000 is IfNotPresent
Walltime is 2700.0
Backoff limit is 0
Pull policy for cganalysis-structure-iter00-000000000000 is IfNotPresent
Walltime is 2700.0
Backoff limit is 0
Pull policy for cganalysis-structure-iter00-000000000000 is IfNotPresent
Walltime is 2700.0
Backoff limit is 0
Pull policy for cganalysis-structure-iter00-000000000000 is IfNotPresent
Walltime is 2700.0
Backoff limit is 0
Pull policy for cganalysis-structure-iter00-000000000000 is IfNotPresent
Walltime is 2700.0
Backoff limit is 0
Pull policy for cganalysis-structure-iter00-000000000000 is IfNotPresent
Walltime is 2700.0
Backoff limit is 0
Pull policy for cganalysis-structure-iter00-000000000000 is IfNotPresent
Walltime is 2700.0
Backoff limit is 0
Pull policy for cganalysis-structure-iter00-000000000000 is IfNotPresent
Walltime is 2700.0
Backoff limit is 0
Pull policy for cganalysis-structure-iter00-000000000000 is IfNotPresent
Walltime is 2700.0
Backoff limit is 0
Pull policy for cganalysis-structure-iter00-000000000000 is IfNotPresent
Walltime is 2700.0
Backoff limit is 0
Pull policy for cganalysis-structure-iter00-000000000000 is IfNotPresent
Walltime is 2700.0
Backoff limit is 0
Pull policy for cganalysis-structure-iter00-000000000000 is IfNotPresent
Walltime is 2700.0
Backoff limit is 0
Pull policy for cganalysis-structure-iter00-000000000000 is IfNotPresent
Walltime is 2700.0
Backoff limit is 0
Pull policy for cganalysis-structure-iter00-000000000000 is IfNotPresent
Walltime is 2700.0
Backoff limit is 0
Pull policy for cganalysis-structure-iter00-000000000000 is IfNotPresent
Walltime is 2700.0
Backoff limit is 0
Pull policy for cganalysis-structure-iter00-000000000000 is IfNotPresent
Walltime is 2700.0
Backoff limit is 0
Pull policy for cganalysis-structure-iter00-000000000000 is IfNotPresent
Walltime is 2700.0
Backoff limit is 0
Pull policy for cganalysis-structure-iter00-000000000000 is IfNotPresent
Walltime is 2700.0
Backoff limit is 0
Pull policy for cganalysis-structure-iter00-000000000000 is IfNotPresent
Walltime is 2700.0
Backoff limit is 0
Pull policy for cganalysis-structure-iter00-000000000000 is IfNotPresent
Walltime is 2700.0
Backoff limit is 0
Pull policy for cganalysis-structure-iter00-000000000000 is IfNotPresent
Walltime is 2700.0
Backoff limit is 0
Pull policy for cganalysis-structure-iter00-000000000000 is IfNotPresent
Walltime is 2700.0
Backoff limit is 0
Pull policy for cganalysis-structure-iter00-000000000000 is IfNotPresent
Walltime is 2700.0
Backoff limit is 0
Pull policy for cganalysis-structure-iter00-000000000000 is IfNotPresent
Walltime is 2700.0
Backoff limit is 0
Pull policy for cganalysis-structure-iter00-000000000000 is IfNotPresent
Walltime is 2700.0
Backoff limit is 0
Pull policy for cganalysis-structure-iter00-000000000000 is IfNotPresent
Walltime is 2700.0
Backoff limit is 0
Pull policy for cganalysis-structure-iter00-000000000000 is IfNotPresent
Walltime is 2700.0
Backoff limit is 0
Pull policy for cganalysis-structure-iter00-000000000000 is IfNotPresent
Walltime is 2700.0
Backoff limit is 0
Pull policy for cganalysis-structure-iter00-000000000000 is IfNotPresent
Walltime is 2700.0
Backoff limit is 0
Pull policy for cganalysis-structure-iter00-000000000000 is IfNotPresent
Walltime is 2700.0
Backoff limit is 0
Pull policy for cganalysis-structure-iter00-000000000000 is IfNotPresent
Walltime is 2700.0
Backoff limit is 0
Pull policy for cganalysis-structure-iter00-000000000000 is IfNotPresent
Walltime is 2700.0
Backoff limit is 0
Pull policy for cganalysis-structure-iter00-000000000000 is IfNotPresent
Walltime is 2700.0
Backoff limit is 0
Pull policy for cganalysis-structure-iter00-000000000000 is IfNotPresent
Walltime is 2700.0
Backoff limit is 0
Pull policy for cganalysis-structure-iter00-000000000000 is IfNotPresent
Walltime is 2700.0
Backoff limit is 0
Pull policy for cganalysis-structure-iter00-000000000000 is IfNotPresent
Walltime is 2700.0
Backoff limit is 0
Pull policy for cganalysis-structure-iter00-000000000000 is IfNotPresent
Walltime is 2700.0
Backoff limit is 0
Pull policy for cganalysis-structure-iter00-000000000000 is IfNotPresent
Walltime is 2700.0
Backoff limit is 0
Pull policy for cganalysis-structure-iter00-000000000000 is IfNotPresent
Walltime is 2700.0
Backoff limit is 0
Pull policy for cganalysis-structure-iter00-000000000000 is IfNotPresent
Walltime is 2700.0
Backoff limit is 0
Pull policy for cganalysis-structure-iter00-000000000000 is IfNotPresent
Walltime is 2700.0
Backoff limit is 0
Pull policy for cganalysis-structure-iter00-000000000000 is IfNotPresent
Walltime is 2700.0
Backoff limit is 0
Pull policy for cganalysis-structure-iter00-000000000000 is IfNotPresent
Walltime is 2700.0
Backoff limit is 0
Pull policy for cganalysis-structure-iter00-000000000000 is IfNotPresent
Walltime is 2700.0
Backoff limit is 0
Pull policy for cganalysis-structure-iter00-000000000000 is IfNotPresent
Walltime is 2700.0
Backoff limit is 0
Pull policy for cganalysis-structure-iter00-000000000000 is IfNotPresent
Walltime is 2700.0
Backoff limit is 0
Batch job for cganalysis-structure_iter00_000000000000 exists, assuming resumed: Conflict
[cg] Found already running cg job (Conflict) for simname = structure_iter00_000000000000
[186.289 MB]:     > Iteration 101: updated jobs
[186.289 MB]:     > Iteration 101: testing all jobs
[186.289 MB]: Starting MainProcess iteration 102
Maximum jobs for createsim (2) reached, will not submit more.
[186.547 MB]:     > Iteration 102: added new patches
Batch job for cganalysis-structure_iter00_000000000000 exists, assuming resumed: Conflict
[cg] Found already running cg job (Conflict) for simname = structure_iter00_000000000000
Batch job for cganalysis-structure_iter00_000000000002 exists, assuming resumed: Conflict
[cg] Found already running cg job (Conflict) for simname = structure_iter00_000000000002
[186.547 MB]:     > Iteration 102: updated jobs
[186.547 MB]:     > Iteration 102: testing all jobs
[186.547 MB]: Starting MainProcess iteration 103
[186.547 MB]:     > Iteration 103: added new patches
Batch job for cganalysis-structure_iter00_000000000000 exists, assuming resumed: Conflict
[cg] Found already running cg job (Conflict) for simname = structure_iter00_000000000000
Batch job for cganalysis-structure_iter00_000000000002 exists, assuming resumed: Conflict
[cg] Found already running cg job (Conflict) for simname = structure_iter00_000000000002
[186.547 MB]:     > Iteration 103: updated jobs
[186.547 MB]:     > Iteration 103: testing all jobs
[186.547 MB]: Starting MainProcess iteration 104
[186.547 MB]:     > Iteration 104: added new patches
Batch job for cganalysis-structure_iter00_000000000000 exists, assuming resumed: Conflict
[cg] Found already running cg job (Conflict) for simname = structure_iter00_000000000000
Batch job for cganalysis-structure_iter00_000000000002 exists, assuming resumed: Conflict
[cg] Found already running cg job (Conflict) for simname = structure_iter00_000000000002
[186.547 MB]:     > Iteration 104: updated jobs
[186.547 MB]:     > Iteration 104: testing all jobs
[186.547 MB]: Starting MainProcess iteration 105
[186.547 MB]:     > Iteration 105: added new patches
Batch job for cganalysis-structure_iter00_000000000000 exists, assuming resumed: Conflict
[cg] Found already running cg job (Conflict) for simname = structure_iter00_000000000000
Batch job for cganalysis-structure_iter00_000000000002 exists, assuming resumed: Conflict
[cg] Found already running cg job (Conflict) for simname = structure_iter00_000000000002
[186.547 MB]:     > Iteration 105: updated jobs
[186.547 MB]:     > Iteration 105: testing all jobs
[186.547 MB]: Starting MainProcess iteration 106
[186.547 MB]:     > Iteration 106: added new patches
Batch job for cganalysis-structure_iter00_000000000000 exists, assuming resumed: Conflict
[cg] Found already running cg job (Conflict) for simname = structure_iter00_000000000000
Batch job for cganalysis-structure_iter00_000000000002 exists, assuming resumed: Conflict
[cg] Found already running cg job (Conflict) for simname = structure_iter00_000000000002
[186.547 MB]:     > Iteration 106: updated jobs
[186.547 MB]:     > Iteration 106: testing all jobs
[186.547 MB]: Starting MainProcess iteration 107
[186.547 MB]:     > Iteration 107: added new patches
Batch job for cganalysis-structure_iter00_000000000000 exists, assuming resumed: Conflict
[cg] Found already running cg job (Conflict) for simname = structure_iter00_000000000000
Batch job for cganalysis-structure_iter00_000000000002 exists, assuming resumed: Conflict
[cg] Found already running cg job (Conflict) for simname = structure_iter00_000000000002
[186.547 MB]:     > Iteration 107: updated jobs
[186.547 MB]:     > Iteration 107: testing all jobs
[186.547 MB]: Starting MainProcess iteration 108
[186.547 MB]:     > Iteration 108: added new patches
Batch job for cganalysis-structure_iter00_000000000000 exists, assuming resumed: Conflict
[cg] Found already running cg job (Conflict) for simname = structure_iter00_000000000000
Batch job for cganalysis-structure_iter00_000000000002 exists, assuming resumed: Conflict
[cg] Found already running cg job (Conflict) for simname = structure_iter00_000000000002
[186.547 MB]:     > Iteration 108: updated jobs
[186.547 MB]:     > Iteration 108: testing all jobs
[186.547 MB]: Starting MainProcess iteration 109
[186.547 MB]:     > Iteration 109: added new patches
Batch job for cganalysis-structure_iter00_000000000000 exists, assuming resumed: Conflict
[cg] Found already running cg job (Conflict) for simname = structure_iter00_000000000000
Batch job for cganalysis-structure_iter00_000000000002 exists, assuming resumed: Conflict
[cg] Found already running cg job (Conflict) for simname = structure_iter00_000000000002
[186.547 MB]:     > Iteration 109: updated jobs
[186.547 MB]:     > Iteration 109: testing all jobs
[186.547 MB]: Starting MainProcess iteration 110
[186.547 MB]:     > Iteration 110: added new patches
Batch job for cganalysis-structure_iter00_000000000000 exists, assuming resumed: Conflict
[cg] Found already running cg job (Conflict) for simname = structure_iter00_000000000000
Batch job for cganalysis-structure_iter00_000000000002 exists, assuming resumed: Conflict
[cg] Found already running cg job (Conflict) for simname = structure_iter00_000000000002
[186.547 MB]:     > Iteration 110: updated jobs
[186.547 MB]:     > Iteration 110: testing all jobs
[186.547 MB]: Starting MainProcess iteration 111
[186.547 MB]:     > Iteration 111: added new patches
Batch job for cganalysis-structure_iter00_000000000000 exists, assuming resumed: Conflict
[cg] Found already running cg job (Conflict) for simname = structure_iter00_000000000000
Batch job for cganalysis-structure_iter00_000000000002 exists, assuming resumed: Conflict
[cg] Found already running cg job (Conflict) for simname = structure_iter00_000000000002
[186.547 MB]:     > Iteration 111: updated jobs
[186.547 MB]:     > Iteration 111: testing all jobs
[186.547 MB]: Starting MainProcess iteration 112
[186.547 MB]:     > Iteration 112: added new patches
Batch job for cganalysis-structure_iter00_000000000000 exists, assuming resumed: Conflict
[cg] Found already running cg job (Conflict) for simname = structure_iter00_000000000000
Batch job for cganalysis-structure_iter00_000000000002 exists, assuming resumed: Conflict
[cg] Found already running cg job (Conflict) for simname = structure_iter00_000000000002
[186.547 MB]:     > Iteration 112: updated jobs
[186.547 MB]:     > Iteration 112: testing all jobs
[186.547 MB]: Starting MainProcess iteration 113
[186.547 MB]:     > Iteration 113: added new patches
Batch job for cganalysis-structure_iter00_000000000000 exists, assuming resumed: Conflict
[cg] Found already running cg job (Conflict) for simname = structure_iter00_000000000000
Batch job for cganalysis-structure_iter00_000000000002 exists, assuming resumed: Conflict
[cg] Found already running cg job (Conflict) for simname = structure_iter00_000000000002
[186.547 MB]:     > Iteration 113: updated jobs
[186.547 MB]:     > Iteration 113: testing all jobs
[186.547 MB]: Starting MainProcess iteration 114
[186.547 MB]:     > Iteration 114: added new patches
Batch job for cganalysis-structure_iter00_000000000000 exists, assuming resumed: Conflict
[cg] Found already running cg job (Conflict) for simname = structure_iter00_000000000000
Batch job for cganalysis-structure_iter00_000000000002 exists, assuming resumed: Conflict
[cg] Found already running cg job (Conflict) for simname = structure_iter00_000000000002
[186.547 MB]:     > Iteration 114: updated jobs
[186.547 MB]:     > Iteration 114: testing all jobs
[186.547 MB]: Starting MainProcess iteration 115
[186.547 MB]:     > Iteration 115: added new patches
Batch job for cganalysis-structure_iter00_000000000000 exists, assuming resumed: Conflict
[cg] Found already running cg job (Conflict) for simname = structure_iter00_000000000000
Batch job for cganalysis-structure_iter00_000000000002 exists, assuming resumed: Conflict
[cg] Found already running cg job (Conflict) for simname = structure_iter00_000000000002
[186.547 MB]:     > Iteration 115: updated jobs
[186.547 MB]:     > Iteration 115: testing all jobs
[186.547 MB]: Starting MainProcess iteration 116
[186.547 MB]:     > Iteration 116: added new patches
Batch job for cganalysis-structure_iter00_000000000000 exists, assuming resumed: Conflict
[cg] Found already running cg job (Conflict) for simname = structure_iter00_000000000000
Batch job for cganalysis-structure_iter00_000000000002 exists, assuming resumed: Conflict
[cg] Found already running cg job (Conflict) for simname = structure_iter00_000000000002
[186.547 MB]:     > Iteration 116: updated jobs
[186.547 MB]:     > Iteration 116: testing all jobs
[186.547 MB]: Starting MainProcess iteration 117
[186.547 MB]:     > Iteration 117: added new patches
Batch job for cganalysis-structure_iter00_000000000000 exists, assuming resumed: Conflict
[cg] Found already running cg job (Conflict) for simname = structure_iter00_000000000000
Batch job for cganalysis-structure_iter00_000000000002 exists, assuming resumed: Conflict
[cg] Found already running cg job (Conflict) for simname = structure_iter00_000000000002
[186.547 MB]:     > Iteration 117: updated jobs
[186.547 MB]:     > Iteration 117: testing all jobs
[186.547 MB]: Starting MainProcess iteration 118
[186.547 MB]:     > Iteration 118: added new patches
Batch job for cganalysis-structure_iter00_000000000000 exists, assuming resumed: Conflict
[cg] Found already running cg job (Conflict) for simname = structure_iter00_000000000000
Batch job for cganalysis-structure_iter00_000000000002 exists, assuming resumed: Conflict
[cg] Found already running cg job (Conflict) for simname = structure_iter00_000000000002
[186.547 MB]:     > Iteration 118: updated jobs
[186.547 MB]:     > Iteration 118: testing all jobs
[186.547 MB]: Starting MainProcess iteration 119
[186.547 MB]:     > Iteration 119: added new patches
Batch job for cganalysis-structure_iter00_000000000000 exists, assuming resumed: Conflict
[cg] Found already running cg job (Conflict) for simname = structure_iter00_000000000000
Batch job for cganalysis-structure_iter00_000000000002 exists, assuming resumed: Conflict
[cg] Found already running cg job (Conflict) for simname = structure_iter00_000000000002
[186.547 MB]:     > Iteration 119: updated jobs
[186.547 MB]:     > Iteration 119: testing all jobs
[186.547 MB]: Starting MainProcess iteration 120
[186.547 MB]:     > Iteration 120: added new patches
Batch job for cganalysis-structure_iter00_000000000000 exists, assuming resumed: Conflict
[cg] Found already running cg job (Conflict) for simname = structure_iter00_000000000000
Batch job for cganalysis-structure_iter00_000000000002 exists, assuming resumed: Conflict
[cg] Found already running cg job (Conflict) for simname = structure_iter00_000000000002
[186.547 MB]:     > Iteration 120: updated jobs
[186.547 MB]:     > Iteration 120: testing all jobs
[186.547 MB]: Starting MainProcess iteration 121
[186.547 MB]:     > Iteration 121: added new patches
Batch job for cganalysis-structure_iter00_000000000000 exists, assuming resumed: Conflict
[cg] Found already running cg job (Conflict) for simname = structure_iter00_000000000000
Batch job for cganalysis-structure_iter00_000000000002 exists, assuming resumed: Conflict
[cg] Found already running cg job (Conflict) for simname = structure_iter00_000000000002
[186.547 MB]:     > Iteration 121: updated jobs
[186.547 MB]:     > Iteration 121: testing all jobs
[186.547 MB]: Starting MainProcess iteration 122
[186.547 MB]:     > Iteration 122: added new patches
Batch job for cganalysis-structure_iter00_000000000000 exists, assuming resumed: Conflict
[cg] Found already running cg job (Conflict) for simname = structure_iter00_000000000000
Batch job for cganalysis-structure_iter00_000000000002 exists, assuming resumed: Conflict
[cg] Found already running cg job (Conflict) for simname = structure_iter00_000000000002
[186.547 MB]:     > Iteration 122: updated jobs
[186.547 MB]:     > Iteration 122: testing all jobs
[186.547 MB]: Starting MainProcess iteration 123
[186.547 MB]:     > Iteration 123: added new patches
Batch job for cganalysis-structure_iter00_000000000000 exists, assuming resumed: Conflict
[cg] Found already running cg job (Conflict) for simname = structure_iter00_000000000000
Batch job for cganalysis-structure_iter00_000000000002 exists, assuming resumed: Conflict
[cg] Found already running cg job (Conflict) for simname = structure_iter00_000000000002
[186.547 MB]:     > Iteration 123: updated jobs
[186.547 MB]:     > Iteration 123: testing all jobs
[186.547 MB]: Starting MainProcess iteration 124
[186.547 MB]:     > Iteration 124: added new patches
Batch job for cganalysis-structure_iter00_000000000000 exists, assuming resumed: Conflict
[cg] Found already running cg job (Conflict) for simname = structure_iter00_000000000000
Batch job for cganalysis-structure_iter00_000000000002 exists, assuming resumed: Conflict
[cg] Found already running cg job (Conflict) for simname = structure_iter00_000000000002
[186.547 MB]:     > Iteration 124: updated jobs
[186.547 MB]:     > Iteration 124: testing all jobs
[186.547 MB]: Starting MainProcess iteration 125
[186.547 MB]:     > Iteration 125: added new patches
Batch job for cganalysis-structure_iter00_000000000000 exists, assuming resumed: Conflict
[cg] Found already running cg job (Conflict) for simname = structure_iter00_000000000000
Batch job for cganalysis-structure_iter00_000000000002 exists, assuming resumed: Conflict
[cg] Found already running cg job (Conflict) for simname = structure_iter00_000000000002
[186.547 MB]:     > Iteration 125: updated jobs
[186.547 MB]:     > Iteration 125: testing all jobs
[186.547 MB]: Starting MainProcess iteration 126
[186.547 MB]:     > Iteration 126: added new patches
Batch job for cganalysis-structure_iter00_000000000000 exists, assuming resumed: Conflict
[cg] Found already running cg job (Conflict) for simname = structure_iter00_000000000000
Batch job for cganalysis-structure_iter00_000000000002 exists, assuming resumed: Conflict
[cg] Found already running cg job (Conflict) for simname = structure_iter00_000000000002
[186.547 MB]:     > Iteration 126: updated jobs
[186.547 MB]:     > Iteration 126: testing all jobs
[186.547 MB]: Starting MainProcess iteration 127
[186.547 MB]:     > Iteration 127: added new patches
Batch job for cganalysis-structure_iter00_000000000000 exists, assuming resumed: Conflict
[cg] Found already running cg job (Conflict) for simname = structure_iter00_000000000000
Batch job for cganalysis-structure_iter00_000000000002 exists, assuming resumed: Conflict
[cg] Found already running cg job (Conflict) for simname = structure_iter00_000000000002
[186.547 MB]:     > Iteration 127: updated jobs
[186.547 MB]:     > Iteration 127: testing all jobs
[186.547 MB]: Starting MainProcess iteration 128
[186.547 MB]:     > Iteration 128: added new patches
Batch job for cganalysis-structure_iter00_000000000000 exists, assuming resumed: Conflict
[cg] Found already running cg job (Conflict) for simname = structure_iter00_000000000000
Batch job for cganalysis-structure_iter00_000000000002 exists, assuming resumed: Conflict
[cg] Found already running cg job (Conflict) for simname = structure_iter00_000000000002
[186.547 MB]:     > Iteration 128: updated jobs
[186.547 MB]:     > Iteration 128: testing all jobs
[186.547 MB]: Starting MainProcess iteration 129
[186.547 MB]:     > Iteration 129: added new patches
Batch job for cganalysis-structure_iter00_000000000000 exists, assuming resumed: Conflict
[cg] Found already running cg job (Conflict) for simname = structure_iter00_000000000000
Batch job for cganalysis-structure_iter00_000000000002 exists, assuming resumed: Conflict
[cg] Found already running cg job (Conflict) for simname = structure_iter00_000000000002
[186.547 MB]:     > Iteration 129: updated jobs
[186.547 MB]:     > Iteration 129: testing all jobs
[186.547 MB]: Starting MainProcess iteration 130
[186.547 MB]:     > Iteration 130: added new patches
Batch job for cganalysis-structure_iter00_000000000000 exists, assuming resumed: Conflict
[cg] Found already running cg job (Conflict) for simname = structure_iter00_000000000000
Batch job for cganalysis-structure_iter00_000000000002 exists, assuming resumed: Conflict
[cg] Found already running cg job (Conflict) for simname = structure_iter00_000000000002
[186.547 MB]:     > Iteration 130: updated jobs
[186.547 MB]:     > Iteration 130: testing all jobs
[186.547 MB]: Starting MainProcess iteration 131
[186.547 MB]:     > Iteration 131: added new patches
Batch job for cganalysis-structure_iter00_000000000000 exists, assuming resumed: Conflict
[cg] Found already running cg job (Conflict) for simname = structure_iter00_000000000000
Batch job for cganalysis-structure_iter00_000000000002 exists, assuming resumed: Conflict
[cg] Found already running cg job (Conflict) for simname = structure_iter00_000000000002
[186.547 MB]:     > Iteration 131: updated jobs
[186.547 MB]:     > Iteration 131: testing all jobs
[186.547 MB]: Starting MainProcess iteration 132
[186.547 MB]:     > Iteration 132: added new patches
Batch job for cganalysis-structure_iter00_000000000000 exists, assuming resumed: Conflict
[cg] Found already running cg job (Conflict) for simname = structure_iter00_000000000000
Batch job for cganalysis-structure_iter00_000000000002 exists, assuming resumed: Conflict
[cg] Found already running cg job (Conflict) for simname = structure_iter00_000000000002
[186.547 MB]:     > Iteration 132: updated jobs
[186.547 MB]:     > Iteration 132: testing all jobs
[186.547 MB]: Starting MainProcess iteration 133
[186.547 MB]:     > Iteration 133: added new patches
Batch job for cganalysis-structure_iter00_000000000000 exists, assuming resumed: Conflict
[cg] Found already running cg job (Conflict) for simname = structure_iter00_000000000000
Batch job for cganalysis-structure_iter00_000000000002 exists, assuming resumed: Conflict
[cg] Found already running cg job (Conflict) for simname = structure_iter00_000000000002
[186.547 MB]:     > Iteration 133: updated jobs
[186.547 MB]:     > Iteration 133: testing all jobs
[186.547 MB]: Starting MainProcess iteration 134
[186.547 MB]:     > Iteration 134: added new patches
Batch job for cganalysis-structure_iter00_000000000000 exists, assuming resumed: Conflict
[cg] Found already running cg job (Conflict) for simname = structure_iter00_000000000000
Batch job for cganalysis-structure_iter00_000000000002 exists, assuming resumed: Conflict
[cg] Found already running cg job (Conflict) for simname = structure_iter00_000000000002
[186.547 MB]:     > Iteration 134: updated jobs
[186.547 MB]:     > Iteration 134: testing all jobs
[186.547 MB]: Starting MainProcess iteration 135
[186.547 MB]:     > Iteration 135: added new patches
Batch job for cganalysis-structure_iter00_000000000000 exists, assuming resumed: Conflict
[cg] Found already running cg job (Conflict) for simname = structure_iter00_000000000000
Batch job for cganalysis-structure_iter00_000000000002 exists, assuming resumed: Conflict
[cg] Found already running cg job (Conflict) for simname = structure_iter00_000000000002
[186.547 MB]:     > Iteration 135: updated jobs
[186.547 MB]:     > Iteration 135: testing all jobs
[186.547 MB]: Starting MainProcess iteration 136
[186.547 MB]:     > Iteration 136: added new patches
Batch job for cganalysis-structure_iter00_000000000000 exists, assuming resumed: Conflict
[cg] Found already running cg job (Conflict) for simname = structure_iter00_000000000000
Batch job for cganalysis-structure_iter00_000000000002 exists, assuming resumed: Conflict
[cg] Found already running cg job (Conflict) for simname = structure_iter00_000000000002
[186.547 MB]:     > Iteration 136: updated jobs
[186.547 MB]:     > Iteration 136: testing all jobs
[186.547 MB]: Starting MainProcess iteration 137
[186.547 MB]:     > Iteration 137: added new patches
Pull policy for cganalysis-structure-iter00-000000000000 is IfNotPresent
Walltime is 2700.0
Backoff limit is 0
Pull policy for cganalysis-structure-iter00-000000000002 is IfNotPresent
Walltime is 2700.0
Backoff limit is 0
Pull policy for createsim-structure-iter00-000000000004 is IfNotPresent
Walltime is 2700.0
Backoff limit is 0
Pull policy for cganalysis-structure-iter00-000000000000 is IfNotPresent
Walltime is 2700.0
Backoff limit is 0
Pull policy for cganalysis-structure-iter00-000000000002 is IfNotPresent
Walltime is 2700.0
Backoff limit is 0
Pull policy for cganalysis-structure-iter00-000000000000 is IfNotPresent
Walltime is 2700.0
Backoff limit is 0
Pull policy for cganalysis-structure-iter00-000000000002 is IfNotPresent
Walltime is 2700.0
Backoff limit is 0
Pull policy for cganalysis-structure-iter00-000000000000 is IfNotPresent
Walltime is 2700.0
Backoff limit is 0
Pull policy for cganalysis-structure-iter00-000000000002 is IfNotPresent
Walltime is 2700.0
Backoff limit is 0
Pull policy for cganalysis-structure-iter00-000000000000 is IfNotPresent
Walltime is 2700.0
Backoff limit is 0
Pull policy for cganalysis-structure-iter00-000000000002 is IfNotPresent
Walltime is 2700.0
Backoff limit is 0
Pull policy for cganalysis-structure-iter00-000000000000 is IfNotPresent
Walltime is 2700.0
Backoff limit is 0
Pull policy for cganalysis-structure-iter00-000000000002 is IfNotPresent
Walltime is 2700.0
Backoff limit is 0
Pull policy for cganalysis-structure-iter00-000000000000 is IfNotPresent
Walltime is 2700.0
Backoff limit is 0
Pull policy for cganalysis-structure-iter00-000000000002 is IfNotPresent
Walltime is 2700.0
Backoff limit is 0
Pull policy for cganalysis-structure-iter00-000000000000 is IfNotPresent
Walltime is 2700.0
Backoff limit is 0
Pull policy for cganalysis-structure-iter00-000000000002 is IfNotPresent
Walltime is 2700.0
Backoff limit is 0
Pull policy for cganalysis-structure-iter00-000000000000 is IfNotPresent
Walltime is 2700.0
Backoff limit is 0
Pull policy for cganalysis-structure-iter00-000000000002 is IfNotPresent
Walltime is 2700.0
Backoff limit is 0
Pull policy for cganalysis-structure-iter00-000000000000 is IfNotPresent
Walltime is 2700.0
Backoff limit is 0
Pull policy for cganalysis-structure-iter00-000000000002 is IfNotPresent
Walltime is 2700.0
Backoff limit is 0
Pull policy for cganalysis-structure-iter00-000000000000 is IfNotPresent
Walltime is 2700.0
Backoff limit is 0
Pull policy for cganalysis-structure-iter00-000000000002 is IfNotPresent
Walltime is 2700.0
Backoff limit is 0
Pull policy for cganalysis-structure-iter00-000000000000 is IfNotPresent
Walltime is 2700.0
Backoff limit is 0
Pull policy for cganalysis-structure-iter00-000000000002 is IfNotPresent
Walltime is 2700.0
Backoff limit is 0
Pull policy for cganalysis-structure-iter00-000000000000 is IfNotPresent
Walltime is 2700.0
Backoff limit is 0
Pull policy for cganalysis-structure-iter00-000000000002 is IfNotPresent
Walltime is 2700.0
Backoff limit is 0
Pull policy for cganalysis-structure-iter00-000000000000 is IfNotPresent
Walltime is 2700.0
Backoff limit is 0
Pull policy for cganalysis-structure-iter00-000000000002 is IfNotPresent
Walltime is 2700.0
Backoff limit is 0
Pull policy for cganalysis-structure-iter00-000000000000 is IfNotPresent
Walltime is 2700.0
Backoff limit is 0
Pull policy for cganalysis-structure-iter00-000000000002 is IfNotPresent
Walltime is 2700.0
Backoff limit is 0
Pull policy for cganalysis-structure-iter00-000000000000 is IfNotPresent
Walltime is 2700.0
Backoff limit is 0
Pull policy for cganalysis-structure-iter00-000000000002 is IfNotPresent
Walltime is 2700.0
Backoff limit is 0
Pull policy for cganalysis-structure-iter00-000000000000 is IfNotPresent
Walltime is 2700.0
Backoff limit is 0
Pull policy for cganalysis-structure-iter00-000000000002 is IfNotPresent
Walltime is 2700.0
Backoff limit is 0
Pull policy for cganalysis-structure-iter00-000000000000 is IfNotPresent
Walltime is 2700.0
Backoff limit is 0
Pull policy for cganalysis-structure-iter00-000000000002 is IfNotPresent
Walltime is 2700.0
Backoff limit is 0
Pull policy for cganalysis-structure-iter00-000000000000 is IfNotPresent
Walltime is 2700.0
Backoff limit is 0
Pull policy for cganalysis-structure-iter00-000000000002 is IfNotPresent
Walltime is 2700.0
Backoff limit is 0
Pull policy for cganalysis-structure-iter00-000000000000 is IfNotPresent
Walltime is 2700.0
Backoff limit is 0
Pull policy for cganalysis-structure-iter00-000000000002 is IfNotPresent
Walltime is 2700.0
Backoff limit is 0
Pull policy for cganalysis-structure-iter00-000000000000 is IfNotPresent
Walltime is 2700.0
Backoff limit is 0
Pull policy for cganalysis-structure-iter00-000000000002 is IfNotPresent
Walltime is 2700.0
Backoff limit is 0
Pull policy for cganalysis-structure-iter00-000000000000 is IfNotPresent
Walltime is 2700.0
Backoff limit is 0
Pull policy for cganalysis-structure-iter00-000000000002 is IfNotPresent
Walltime is 2700.0
Backoff limit is 0
Pull policy for cganalysis-structure-iter00-000000000000 is IfNotPresent
Walltime is 2700.0
Backoff limit is 0
Pull policy for cganalysis-structure-iter00-000000000002 is IfNotPresent
Walltime is 2700.0
Backoff limit is 0
Pull policy for cganalysis-structure-iter00-000000000000 is IfNotPresent
Walltime is 2700.0
Backoff limit is 0
Pull policy for cganalysis-structure-iter00-000000000002 is IfNotPresent
Walltime is 2700.0
Backoff limit is 0
Pull policy for cganalysis-structure-iter00-000000000000 is IfNotPresent
Walltime is 2700.0
Backoff limit is 0
Pull policy for cganalysis-structure-iter00-000000000002 is IfNotPresent
Walltime is 2700.0
Backoff limit is 0
Pull policy for cganalysis-structure-iter00-000000000000 is IfNotPresent
Walltime is 2700.0
Backoff limit is 0
Pull policy for cganalysis-structure-iter00-000000000002 is IfNotPresent
Walltime is 2700.0
Backoff limit is 0
Pull policy for cganalysis-structure-iter00-000000000000 is IfNotPresent
Walltime is 2700.0
Backoff limit is 0
Pull policy for cganalysis-structure-iter00-000000000002 is IfNotPresent
Walltime is 2700.0
Backoff limit is 0
Pull policy for cganalysis-structure-iter00-000000000000 is IfNotPresent
Walltime is 2700.0
Backoff limit is 0
Pull policy for cganalysis-structure-iter00-000000000002 is IfNotPresent
Walltime is 2700.0
Backoff limit is 0
Pull policy for cganalysis-structure-iter00-000000000000 is IfNotPresent
Walltime is 2700.0
Backoff limit is 0
Pull policy for cganalysis-structure-iter00-000000000002 is IfNotPresent
Walltime is 2700.0
Backoff limit is 0
Pull policy for cganalysis-structure-iter00-000000000000 is IfNotPresent
Walltime is 2700.0
Backoff limit is 0
Pull policy for cganalysis-structure-iter00-000000000002 is IfNotPresent
Walltime is 2700.0
Backoff limit is 0
Pull policy for cganalysis-structure-iter00-000000000000 is IfNotPresent
Walltime is 2700.0
Backoff limit is 0
Pull policy for cganalysis-structure-iter00-000000000002 is IfNotPresent
Walltime is 2700.0
Backoff limit is 0
Pull policy for cganalysis-structure-iter00-000000000000 is IfNotPresent
Walltime is 2700.0
Backoff limit is 0
Pull policy for cganalysis-structure-iter00-000000000002 is IfNotPresent
Walltime is 2700.0
Backoff limit is 0
Pull policy for cganalysis-structure-iter00-000000000000 is IfNotPresent
Walltime is 2700.0
Backoff limit is 0
Pull policy for cganalysis-structure-iter00-000000000002 is IfNotPresent
Walltime is 2700.0
Backoff limit is 0
Pull policy for cganalysis-structure-iter00-000000000000 is IfNotPresent
Walltime is 2700.0
Backoff limit is 0
Pull policy for cganalysis-structure-iter00-000000000002 is IfNotPresent
Walltime is 2700.0
Backoff limit is 0
Pull policy for cganalysis-structure-iter00-000000000000 is IfNotPresent
Walltime is 2700.0
Backoff limit is 0
Pull policy for cganalysis-structure-iter00-000000000002 is IfNotPresent
Walltime is 2700.0
Backoff limit is 0
Pull policy for cganalysis-structure-iter00-000000000000 is IfNotPresent
Walltime is 2700.0
Backoff limit is 0
Pull policy for cganalysis-structure-iter00-000000000002 is IfNotPresent
Walltime is 2700.0
Backoff limit is 0
Pull policy for cganalysis-structure-iter00-000000000000 is IfNotPresent
Batch job for cganalysis-structure_iter00_000000000000 exists, assuming resumed: Conflict
[cg] Found already running cg job (Conflict) for simname = structure_iter00_000000000000
Batch job for cganalysis-structure_iter00_000000000002 exists, assuming resumed: Conflict
[cg] Found already running cg job (Conflict) for simname = structure_iter00_000000000002
[186.547 MB]:     > Iteration 137: updated jobs
[186.547 MB]:     > Iteration 137: testing all jobs
[186.547 MB]: Starting MainProcess iteration 138
[186.547 MB]:     > Iteration 138: added new patches
Batch job for cganalysis-structure_iter00_000000000000 exists, assuming resumed: Conflict
[cg] Found already running cg job (Conflict) for simname = structure_iter00_000000000000
Batch job for cganalysis-structure_iter00_000000000002 exists, assuming resumed: Conflict
[cg] Found already running cg job (Conflict) for simname = structure_iter00_000000000002
[186.547 MB]:     > Iteration 138: updated jobs
[186.547 MB]:     > Iteration 138: testing all jobs
[186.547 MB]: Starting MainProcess iteration 139
[186.547 MB]:     > Iteration 139: added new patches
Batch job for cganalysis-structure_iter00_000000000000 exists, assuming resumed: Conflict
[cg] Found already running cg job (Conflict) for simname = structure_iter00_000000000000
Batch job for cganalysis-structure_iter00_000000000002 exists, assuming resumed: Conflict
[cg] Found already running cg job (Conflict) for simname = structure_iter00_000000000002
[186.547 MB]:     > Iteration 139: updated jobs
[186.547 MB]:     > Iteration 139: testing all jobs
[186.547 MB]: Starting MainProcess iteration 140
[186.547 MB]:     > Iteration 140: added new patches
Batch job for cganalysis-structure_iter00_000000000000 exists, assuming resumed: Conflict
[cg] Found already running cg job (Conflict) for simname = structure_iter00_000000000000
Batch job for cganalysis-structure_iter00_000000000002 exists, assuming resumed: Conflict
[cg] Found already running cg job (Conflict) for simname = structure_iter00_000000000002
[186.547 MB]:     > Iteration 140: updated jobs
[186.547 MB]:     > Iteration 140: testing all jobs
[186.547 MB]: Starting MainProcess iteration 141
[186.547 MB]:     > Iteration 141: added new patches
Batch job for cganalysis-structure_iter00_000000000000 exists, assuming resumed: Conflict
[cg] Found already running cg job (Conflict) for simname = structure_iter00_000000000000
Batch job for cganalysis-structure_iter00_000000000002 exists, assuming resumed: Conflict
[cg] Found already running cg job (Conflict) for simname = structure_iter00_000000000002
[186.547 MB]:     > Iteration 141: updated jobs
[186.547 MB]:     > Iteration 141: testing all jobs
[186.547 MB]: Starting MainProcess iteration 142
[186.547 MB]:     > Iteration 142: added new patches
Batch job for cganalysis-structure_iter00_000000000000 exists, assuming resumed: Conflict
[cg] Found already running cg job (Conflict) for simname = structure_iter00_000000000000
Batch job for cganalysis-structure_iter00_000000000002 exists, assuming resumed: Conflict
[cg] Found already running cg job (Conflict) for simname = structure_iter00_000000000002
[186.547 MB]:     > Iteration 142: updated jobs
[186.547 MB]:     > Iteration 142: testing all jobs
[186.547 MB]: Starting MainProcess iteration 143
[186.547 MB]:     > Iteration 143: added new patches
Batch job for cganalysis-structure_iter00_000000000000 exists, assuming resumed: Conflict
[cg] Found already running cg job (Conflict) for simname = structure_iter00_000000000000
Batch job for cganalysis-structure_iter00_000000000002 exists, assuming resumed: Conflict
[cg] Found already running cg job (Conflict) for simname = structure_iter00_000000000002
[186.547 MB]:     > Iteration 143: updated jobs
[186.547 MB]:     > Iteration 143: testing all jobs
[186.547 MB]: Starting MainProcess iteration 144
[186.547 MB]:     > Iteration 144: added new patches
Batch job for cganalysis-structure_iter00_000000000000 exists, assuming resumed: Conflict
[cg] Found already running cg job (Conflict) for simname = structure_iter00_000000000000
Batch job for cganalysis-structure_iter00_000000000002 exists, assuming resumed: Conflict
[cg] Found already running cg job (Conflict) for simname = structure_iter00_000000000002
[186.547 MB]:     > Iteration 144: updated jobs
[186.547 MB]:     > Iteration 144: testing all jobs
[186.547 MB]: Starting MainProcess iteration 145
[186.547 MB]:     > Iteration 145: added new patches
Batch job for cganalysis-structure_iter00_000000000000 exists, assuming resumed: Conflict
[cg] Found already running cg job (Conflict) for simname = structure_iter00_000000000000
Batch job for cganalysis-structure_iter00_000000000002 exists, assuming resumed: Conflict
[cg] Found already running cg job (Conflict) for simname = structure_iter00_000000000002
[186.547 MB]:     > Iteration 145: updated jobs
[186.547 MB]:     > Iteration 145: testing all jobs
[186.547 MB]: Starting MainProcess iteration 146
[186.547 MB]:     > Iteration 146: added new patches
Batch job for cganalysis-structure_iter00_000000000000 exists, assuming resumed: Conflict
[cg] Found already running cg job (Conflict) for simname = structure_iter00_000000000000
Batch job for cganalysis-structure_iter00_000000000002 exists, assuming resumed: Conflict
[cg] Found already running cg job (Conflict) for simname = structure_iter00_000000000002
[186.547 MB]:     > Iteration 146: updated jobs
[186.547 MB]:     > Iteration 146: testing all jobs
[186.547 MB]: Starting MainProcess iteration 147
[186.547 MB]:     > Iteration 147: added new patches
Batch job for cganalysis-structure_iter00_000000000000 exists, assuming resumed: Conflict
[cg] Found already running cg job (Conflict) for simname = structure_iter00_000000000000
Batch job for cganalysis-structure_iter00_000000000002 exists, assuming resumed: Conflict
[cg] Found already running cg job (Conflict) for simname = structure_iter00_000000000002
[186.547 MB]:     > Iteration 147: updated jobs
[186.547 MB]:     > Iteration 147: testing all jobs
[186.547 MB]: Starting MainProcess iteration 148
[186.547 MB]:     > Iteration 148: added new patches
Batch job for cganalysis-structure_iter00_000000000000 exists, assuming resumed: Conflict
[cg] Found already running cg job (Conflict) for simname = structure_iter00_000000000000
Batch job for cganalysis-structure_iter00_000000000002 exists, assuming resumed: Conflict
[cg] Found already running cg job (Conflict) for simname = structure_iter00_000000000002
[186.547 MB]:     > Iteration 148: updated jobs
[186.547 MB]:     > Iteration 148: testing all jobs
[186.547 MB]: Starting MainProcess iteration 149
[186.547 MB]:     > Iteration 149: added new patches
Batch job for cganalysis-structure_iter00_000000000000 exists, assuming resumed: Conflict
[cg] Found already running cg job (Conflict) for simname = structure_iter00_000000000000
Batch job for cganalysis-structure_iter00_000000000002 exists, assuming resumed: Conflict
[cg] Found already running cg job (Conflict) for simname = structure_iter00_000000000002
[186.547 MB]:     > Iteration 149: updated jobs
[186.547 MB]:     > Iteration 149: testing all jobs
[186.547 MB]: Starting MainProcess iteration 150
[186.547 MB]:     > Iteration 150: added new patches
Batch job for cganalysis-structure_iter00_000000000000 exists, assuming resumed: Conflict
[cg] Found already running cg job (Conflict) for simname = structure_iter00_000000000000
Batch job for cganalysis-structure_iter00_000000000002 exists, assuming resumed: Conflict
[cg] Found already running cg job (Conflict) for simname = structure_iter00_000000000002
[186.547 MB]:     > Iteration 150: updated jobs
[186.547 MB]:     > Iteration 150: testing all jobs
[186.547 MB]: Starting MainProcess iteration 151
[186.547 MB]:     > Iteration 151: added new patches
Batch job for cganalysis-structure_iter00_000000000000 exists, assuming resumed: Conflict
[cg] Found already running cg job (Conflict) for simname = structure_iter00_000000000000
Batch job for cganalysis-structure_iter00_000000000002 exists, assuming resumed: Conflict
[cg] Found already running cg job (Conflict) for simname = structure_iter00_000000000002
[186.547 MB]:     > Iteration 151: updated jobs
[186.547 MB]:     > Iteration 151: testing all jobs
[186.547 MB]: Starting MainProcess iteration 152
We got Stream connection lost: ConnectionResetError(104, 'Connection reset by peer')
Did not find current user: defaulted to mummiusr
Using Plain connection (unsafe): TLS certificate /opt/clones/certs/client_rabbitmq_certificate.pem does not exist
[186.547 MB]:     > Iteration 152: added new patches
Batch job for cganalysis-structure_iter00_000000000000 exists, assuming resumed: Conflict
[cg] Found already running cg job (Conflict) for simname = structure_iter00_000000000000
Batch job for cganalysis-structure_iter00_000000000002 exists, assuming resumed: Conflict
[cg] Found already running cg job (Conflict) for simname = structure_iter00_000000000002
[186.547 MB]:     > Iteration 152: updated jobs
[186.547 MB]:     > Iteration 152: testing all jobs
[186.547 MB]: Starting MainProcess iteration 153
Maximum jobs for createsim (2) reached, will not submit more.
[186.547 MB]:     > Iteration 153: added new patches
Maximum jobs for cg (3) reached, will not submit more.
[186.547 MB]:     > Iteration 153: updated jobs
[186.547 MB]:     > Iteration 153: testing all jobs
[186.547 MB]: Starting MainProcess iteration 154
[186.547 MB]:     > Iteration 154: added new patches
Maximum jobs for cg (3) reached, will not submit more.
[186.547 MB]:     > Iteration 154: updated jobs
[186.547 MB]:     > Iteration 154: testing all jobs
[186.547 MB]: Starting MainProcess iteration 155
[186.547 MB]:     > Iteration 155: added new patches
Maximum jobs for cg (3) reached, will not submit more.
[186.547 MB]:     > Iteration 155: updated jobs
[186.547 MB]:     > Iteration 155: testing all jobs
[186.547 MB]: Starting MainProcess iteration 156
[186.547 MB]:     > Iteration 156: added new patches
Maximum jobs for cg (3) reached, will not submit more.
[186.547 MB]:     > Iteration 156: updated jobs
[186.547 MB]:     > Iteration 156: testing all jobs
[186.547 MB]: Starting MainProcess iteration 157
[186.547 MB]:     > Iteration 157: added new patches
Maximum jobs for cg (3) reached, will not submit more.
[186.547 MB]:     > Iteration 157: updated jobs
[186.547 MB]:     > Iteration 157: testing all jobs
[186.547 MB]: Starting MainProcess iteration 158
[186.547 MB]:     > Iteration 158: added new patches
Maximum jobs for cg (3) reached, will not submit more.
[186.547 MB]:     > Iteration 158: updated jobs
[186.547 MB]:     > Iteration 158: testing all jobs
[186.547 MB]: Starting MainProcess iteration 159
[186.547 MB]:     > Iteration 159: added new patches
Maximum jobs for cg (3) reached, will not submit more.
[186.547 MB]:     > Iteration 159: updated jobs
[186.547 MB]:     > Iteration 159: testing all jobs
[186.547 MB]: Starting MainProcess iteration 160
[186.547 MB]:     > Iteration 160: added new patches
Maximum jobs for cg (3) reached, will not submit more.
[186.547 MB]:     > Iteration 160: updated jobs
[186.547 MB]:     > Iteration 160: testing all jobs
[186.547 MB]: Starting MainProcess iteration 161
[186.547 MB]:     > Iteration 161: added new patches
Maximum jobs for cg (3) reached, will not submit more.
[186.547 MB]:     > Iteration 161: updated jobs
[186.547 MB]:     > Iteration 161: testing all jobs
[186.547 MB]: Starting MainProcess iteration 162
[186.547 MB]:     > Iteration 162: added new patches
Maximum jobs for cg (3) reached, will not submit more.
[186.547 MB]:     > Iteration 162: updated jobs
[186.547 MB]:     > Iteration 162: testing all jobs
[186.547 MB]: Starting MainProcess iteration 163
[186.547 MB]:     > Iteration 163: added new patches
Maximum jobs for cg (3) reached, will not submit more.
[186.547 MB]:     > Iteration 163: updated jobs
[186.547 MB]:     > Iteration 163: testing all jobs
[186.547 MB]: Starting MainProcess iteration 164
[186.547 MB]:     > Iteration 164: added new patches
Maximum jobs for cg (3) reached, will not submit more.
[186.547 MB]:     > Iteration 164: updated jobs
[186.547 MB]:     > Iteration 164: testing all jobs
[186.547 MB]: Starting MainProcess iteration 165
[186.547 MB]:     > Iteration 165: added new patches
Maximum jobs for cg (3) reached, will not submit more.
[186.547 MB]:     > Iteration 165: updated jobs
[186.547 MB]:     > Iteration 165: testing all jobs
[186.547 MB]: Starting MainProcess iteration 166
[186.547 MB]:     > Iteration 166: added new patches
Maximum jobs for cg (3) reached, will not submit more.
[186.547 MB]:     > Iteration 166: updated jobs
[186.547 MB]:     > Iteration 166: testing all jobs
[186.547 MB]: Starting MainProcess iteration 167
[186.547 MB]:     > Iteration 167: added new patches
Maximum jobs for cg (3) reached, will not submit more.
[186.547 MB]:     > Iteration 167: updated jobs
[186.547 MB]:     > Iteration 167: testing all jobs
[186.547 MB]: Starting MainProcess iteration 168
[186.547 MB]:     > Iteration 168: added new patches
Maximum jobs for cg (3) reached, will not submit more.
[186.547 MB]:     > Iteration 168: updated jobs
[186.547 MB]:     > Iteration 168: testing all jobs
[186.547 MB]: Starting MainProcess iteration 169
[186.547 MB]:     > Iteration 169: added new patches
Maximum jobs for cg (3) reached, will not submit more.
[186.547 MB]:     > Iteration 169: updated jobs
[186.547 MB]:     > Iteration 169: testing all jobs
[186.547 MB]: Starting MainProcess iteration 170
[186.547 MB]:     > Iteration 170: added new patches
Batch job for cganalysis-structure_iter00_000000000000 exists, assuming resumed: Conflict
[cg] Found already running cg job (Conflict) for simname = structure_iter00_000000000000
Batch job for cganalysis-structure_iter00_000000000002 exists, assuming resumed: Conflict
[cg] Found already running cg job (Conflict) for simname = structure_iter00_000000000002
Batch job for cganalysis-structure_iter00_000000000004 exists, assuming resumed: Conflict
[cg] Found already running cg job (Conflict) for simname = structure_iter00_000000000004
[186.547 MB]:     > Iteration 170: updated jobs
[186.547 MB]:     > Iteration 170: testing all jobs
[186.547 MB]: Starting MainProcess iteration 171
[186.547 MB]:     > Iteration 171: added new patches
Batch job for cganalysis-structure_iter00_000000000000 exists, assuming resumed: Conflict
[cg] Found already running cg job (Conflict) for simname = structure_iter00_000000000000
Batch job for cganalysis-structure_iter00_000000000002 exists, assuming resumed: Conflict
[cg] Found already running cg job (Conflict) for simname = structure_iter00_000000000002
Batch job for cganalysis-structure_iter00_000000000004 exists, assuming resumed: Conflict
[cg] Found already running cg job (Conflict) for simname = structure_iter00_000000000004
[186.547 MB]:     > Iteration 171: updated jobs
[186.547 MB]:     > Iteration 171: testing all jobs
[186.547 MB]: Starting MainProcess iteration 172
[186.547 MB]:     > Iteration 172: added new patches
Batch job for cganalysis-structure_iter00_000000000000 exists, assuming resumed: Conflict
[cg] Found already running cg job (Conflict) for simname = structure_iter00_000000000000
Batch job for cganalysis-structure_iter00_000000000002 exists, assuming resumed: Conflict
[cg] Found already running cg job (Conflict) for simname = structure_iter00_000000000002
Batch job for cganalysis-structure_iter00_000000000004 exists, assuming resumed: Conflict
[cg] Found already running cg job (Conflict) for simname = structure_iter00_000000000004
[186.547 MB]:     > Iteration 172: updated jobs
[186.547 MB]:     > Iteration 172: testing all jobs
[186.547 MB]: Starting MainProcess iteration 173
[186.547 MB]:     > Iteration 173: added new patches
Batch job for cganalysis-structure_iter00_000000000000 exists, assuming resumed: Conflict
[cg] Found already running cg job (Conflict) for simname = structure_iter00_000000000000
Batch job for cganalysis-structure_iter00_000000000002 exists, assuming resumed: Conflict
[cg] Found already running cg job (Conflict) for simname = structure_iter00_000000000002
Batch job for cganalysis-structure_iter00_000000000004 exists, assuming resumed: Conflict
[cg] Found already running cg job (Conflict) for simname = structure_iter00_000000000004
[186.547 MB]:     > Iteration 173: updated jobs
[186.547 MB]:     > Iteration 173: testing all jobs
[186.547 MB]: Starting MainProcess iteration 174
[186.547 MB]:     > Iteration 174: added new patches
Batch job for cganalysis-structure_iter00_000000000000 exists, assuming resumed: Conflict
[cg] Found already running cg job (Conflict) for simname = structure_iter00_000000000000
Batch job for cganalysis-structure_iter00_000000000002 exists, assuming resumed: Conflict
[cg] Found already running cg job (Conflict) for simname = structure_iter00_000000000002
Batch job for cganalysis-structure_iter00_000000000004 exists, assuming resumed: Conflict
[cg] Found already running cg job (Conflict) for simname = structure_iter00_000000000004
[186.547 MB]:     > Iteration 174: updated jobs
[186.547 MB]:     > Iteration 174: testing all jobs
[186.547 MB]: Starting MainProcess iteration 175
[186.547 MB]:     > Iteration 175: added new patches
Batch job for cganalysis-structure_iter00_000000000000 exists, assuming resumed: Conflict
[cg] Found already running cg job (Conflict) for simname = structure_iter00_000000000000
Batch job for cganalysis-structure_iter00_000000000002 exists, assuming resumed: Conflict
[cg] Found already running cg job (Conflict) for simname = structure_iter00_000000000002
Batch job for cganalysis-structure_iter00_000000000004 exists, assuming resumed: Conflict
[cg] Found already running cg job (Conflict) for simname = structure_iter00_000000000004
[186.547 MB]:     > Iteration 175: updated jobs
[186.547 MB]:     > Iteration 175: testing all jobs
[186.547 MB]: Starting MainProcess iteration 176
[186.547 MB]:     > Iteration 176: added new patches
Batch job for cganalysis-structure_iter00_000000000000 exists, assuming resumed: Conflict
[cg] Found already running cg job (Conflict) for simname = structure_iter00_000000000000
Batch job for cganalysis-structure_iter00_000000000002 exists, assuming resumed: Conflict
[cg] Found already running cg job (Conflict) for simname = structure_iter00_000000000002
Batch job for cganalysis-structure_iter00_000000000004 exists, assuming resumed: Conflict
[cg] Found already running cg job (Conflict) for simname = structure_iter00_000000000004
[186.547 MB]:     > Iteration 176: updated jobs
[186.547 MB]:     > Iteration 176: testing all jobs
[186.547 MB]: Starting MainProcess iteration 177
[186.547 MB]:     > Iteration 177: added new patches
Batch job for cganalysis-structure_iter00_000000000000 exists, assuming resumed: Conflict
[cg] Found already running cg job (Conflict) for simname = structure_iter00_000000000000
Batch job for cganalysis-structure_iter00_000000000002 exists, assuming resumed: Conflict
[cg] Found already running cg job (Conflict) for simname = structure_iter00_000000000002
Batch job for cganalysis-structure_iter00_000000000004 exists, assuming resumed: Conflict
[cg] Found already running cg job (Conflict) for simname = structure_iter00_000000000004
[186.547 MB]:     > Iteration 177: updated jobs
[186.547 MB]:     > Iteration 177: testing all jobs
[186.547 MB]: Starting MainProcess iteration 178
[186.547 MB]:     > Iteration 178: added new patches
Batch job for cganalysis-structure_iter00_000000000000 exists, assuming resumed: Conflict
[cg] Found already running cg job (Conflict) for simname = structure_iter00_000000000000
Batch job for cganalysis-structure_iter00_000000000002 exists, assuming resumed: Conflict
[cg] Found already running cg job (Conflict) for simname = structure_iter00_000000000002
Batch job for cganalysis-structure_iter00_000000000004 exists, assuming resumed: Conflict
[cg] Found already running cg job (Conflict) for simname = structure_iter00_000000000004
[186.547 MB]:     > Iteration 178: updated jobs
[186.547 MB]:     > Iteration 178: testing all jobs
[186.547 MB]: Starting MainProcess iteration 179
[186.547 MB]:     > Iteration 179: added new patches
Batch job for cganalysis-structure_iter00_000000000000 exists, assuming resumed: Conflict
[cg] Found already running cg job (Conflict) for simname = structure_iter00_000000000000
Batch job for cganalysis-structure_iter00_000000000002 exists, assuming resumed: Conflict
[cg] Found already running cg job (Conflict) for simname = structure_iter00_000000000002
Batch job for cganalysis-structure_iter00_000000000004 exists, assuming resumed: Conflict
[cg] Found already running cg job (Conflict) for simname = structure_iter00_000000000004
[186.547 MB]:     > Iteration 179: updated jobs
[186.547 MB]:     > Iteration 179: testing all jobs
[186.547 MB]: Starting MainProcess iteration 180
[186.547 MB]:     > Iteration 180: added new patches
Batch job for cganalysis-structure_iter00_000000000000 exists, assuming resumed: Conflict
[cg] Found already running cg job (Conflict) for simname = structure_iter00_000000000000
Batch job for cganalysis-structure_iter00_000000000002 exists, assuming resumed: Conflict
[cg] Found already running cg job (Conflict) for simname = structure_iter00_000000000002
Batch job for cganalysis-structure_iter00_000000000004 exists, assuming resumed: Conflict
[cg] Found already running cg job (Conflict) for simname = structure_iter00_000000000004
[186.547 MB]:     > Iteration 180: updated jobs
[186.547 MB]:     > Iteration 180: testing all jobs
[186.547 MB]: Starting MainProcess iteration 181
[186.547 MB]:     > Iteration 181: added new patches
Batch job for cganalysis-structure_iter00_000000000000 exists, assuming resumed: Conflict
[cg] Found already running cg job (Conflict) for simname = structure_iter00_000000000000
Batch job for cganalysis-structure_iter00_000000000002 exists, assuming resumed: Conflict
[cg] Found already running cg job (Conflict) for simname = structure_iter00_000000000002
Batch job for cganalysis-structure_iter00_000000000004 exists, assuming resumed: Conflict
[cg] Found already running cg job (Conflict) for simname = structure_iter00_000000000004
[186.547 MB]:     > Iteration 181: updated jobs
[186.547 MB]:     > Iteration 181: testing all jobs
[186.547 MB]: Starting MainProcess iteration 182
[186.547 MB]:     > Iteration 182: added new patches
Batch job for cganalysis-structure_iter00_000000000000 exists, assuming resumed: Conflict
[cg] Found already running cg job (Conflict) for simname = structure_iter00_000000000000
Batch job for cganalysis-structure_iter00_000000000002 exists, assuming resumed: Conflict
[cg] Found already running cg job (Conflict) for simname = structure_iter00_000000000002
Batch job for cganalysis-structure_iter00_000000000004 exists, assuming resumed: Conflict
[cg] Found already running cg job (Conflict) for simname = structure_iter00_000000000004
[186.547 MB]:     > Iteration 182: updated jobs
[186.547 MB]:     > Iteration 182: testing all jobs
[186.547 MB]: Starting MainProcess iteration 183
[186.547 MB]:     > Iteration 183: added new patches
Batch job for cganalysis-structure_iter00_000000000000 exists, assuming resumed: Conflict
[cg] Found already running cg job (Conflict) for simname = structure_iter00_000000000000
Walltime is 2700.0
Backoff limit is 0
Pull policy for cganalysis-structure-iter00-000000000002 is IfNotPresent
Walltime is 2700.0
Backoff limit is 0
Pull policy for cganalysis-structure-iter00-000000000000 is IfNotPresent
Walltime is 2700.0
Backoff limit is 0
Pull policy for cganalysis-structure-iter00-000000000002 is IfNotPresent
Walltime is 2700.0
Backoff limit is 0
Pull policy for cganalysis-structure-iter00-000000000000 is IfNotPresent
Walltime is 2700.0
Backoff limit is 0
Pull policy for cganalysis-structure-iter00-000000000002 is IfNotPresent
Walltime is 2700.0
Backoff limit is 0
Pull policy for cganalysis-structure-iter00-000000000000 is IfNotPresent
Walltime is 2700.0
Backoff limit is 0
Pull policy for cganalysis-structure-iter00-000000000002 is IfNotPresent
Walltime is 2700.0
Backoff limit is 0
Pull policy for cganalysis-structure-iter00-000000000000 is IfNotPresent
Walltime is 2700.0
Backoff limit is 0
Pull policy for cganalysis-structure-iter00-000000000002 is IfNotPresent
Walltime is 2700.0
Backoff limit is 0
Pull policy for cganalysis-structure-iter00-000000000000 is IfNotPresent
Walltime is 2700.0
Backoff limit is 0
Pull policy for cganalysis-structure-iter00-000000000002 is IfNotPresent
Walltime is 2700.0
Backoff limit is 0
Pull policy for cganalysis-structure-iter00-000000000000 is IfNotPresent
Walltime is 2700.0
Backoff limit is 0
Pull policy for cganalysis-structure-iter00-000000000002 is IfNotPresent
Walltime is 2700.0
Backoff limit is 0
Pull policy for cganalysis-structure-iter00-000000000000 is IfNotPresent
Walltime is 2700.0
Backoff limit is 0
Pull policy for cganalysis-structure-iter00-000000000002 is IfNotPresent
Walltime is 2700.0
Backoff limit is 0
Pull policy for cganalysis-structure-iter00-000000000000 is IfNotPresent
Walltime is 2700.0
Backoff limit is 0
Pull policy for cganalysis-structure-iter00-000000000002 is IfNotPresent
Walltime is 2700.0
Backoff limit is 0
Pull policy for cganalysis-structure-iter00-000000000000 is IfNotPresent
Walltime is 2700.0
Backoff limit is 0
Pull policy for cganalysis-structure-iter00-000000000002 is IfNotPresent
Walltime is 2700.0
Backoff limit is 0
Pull policy for cganalysis-structure-iter00-000000000000 is IfNotPresent
Walltime is 2700.0
Backoff limit is 0
Pull policy for cganalysis-structure-iter00-000000000002 is IfNotPresent
Walltime is 2700.0
Backoff limit is 0
Pull policy for cganalysis-structure-iter00-000000000000 is IfNotPresent
Walltime is 2700.0
Backoff limit is 0
Pull policy for cganalysis-structure-iter00-000000000002 is IfNotPresent
Walltime is 2700.0
Backoff limit is 0
Pull policy for cganalysis-structure-iter00-000000000000 is IfNotPresent
Walltime is 2700.0
Backoff limit is 0
Pull policy for cganalysis-structure-iter00-000000000002 is IfNotPresent
Walltime is 2700.0
Backoff limit is 0
Pull policy for cganalysis-structure-iter00-000000000000 is IfNotPresent
Walltime is 2700.0
Backoff limit is 0
Pull policy for cganalysis-structure-iter00-000000000002 is IfNotPresent
Walltime is 2700.0
Backoff limit is 0
Pull policy for cganalysis-structure-iter00-000000000000 is IfNotPresent
Walltime is 2700.0
Backoff limit is 0
Pull policy for cganalysis-structure-iter00-000000000002 is IfNotPresent
Walltime is 2700.0
Backoff limit is 0
Pull policy for cganalysis-structure-iter00-000000000000 is IfNotPresent
Walltime is 2700.0
Backoff limit is 0
Pull policy for cganalysis-structure-iter00-000000000002 is IfNotPresent
Walltime is 2700.0
Backoff limit is 0
Pull policy for cganalysis-structure-iter00-000000000004 is IfNotPresent
Walltime is 2700.0
Backoff limit is 0
Pull policy for createsim-structure-iter00-000000000006 is IfNotPresent
Walltime is 2700.0
Backoff limit is 0
Pull policy for cganalysis-structure-iter00-000000000000 is IfNotPresent
Walltime is 2700.0
Backoff limit is 0
Pull policy for cganalysis-structure-iter00-000000000002 is IfNotPresent
Walltime is 2700.0
Backoff limit is 0
Pull policy for cganalysis-structure-iter00-000000000004 is IfNotPresent
Walltime is 2700.0
Backoff limit is 0
Pull policy for cganalysis-structure-iter00-000000000000 is IfNotPresent
Walltime is 2700.0
Backoff limit is 0
Pull policy for cganalysis-structure-iter00-000000000002 is IfNotPresent
Walltime is 2700.0
Backoff limit is 0
Pull policy for cganalysis-structure-iter00-000000000004 is IfNotPresent
Walltime is 2700.0
Backoff limit is 0
Pull policy for cganalysis-structure-iter00-000000000000 is IfNotPresent
Walltime is 2700.0
Backoff limit is 0
Pull policy for cganalysis-structure-iter00-000000000002 is IfNotPresent
Walltime is 2700.0
Backoff limit is 0
Pull policy for cganalysis-structure-iter00-000000000004 is IfNotPresent
Walltime is 2700.0
Backoff limit is 0
Pull policy for cganalysis-structure-iter00-000000000000 is IfNotPresent
Walltime is 2700.0
Backoff limit is 0
Pull policy for cganalysis-structure-iter00-000000000002 is IfNotPresent
Walltime is 2700.0
Backoff limit is 0
Pull policy for cganalysis-structure-iter00-000000000004 is IfNotPresent
Walltime is 2700.0
Backoff limit is 0
Pull policy for cganalysis-structure-iter00-000000000000 is IfNotPresent
Walltime is 2700.0
Backoff limit is 0
Pull policy for cganalysis-structure-iter00-000000000002 is IfNotPresent
Walltime is 2700.0
Backoff limit is 0
Pull policy for cganalysis-structure-iter00-000000000004 is IfNotPresent
Walltime is 2700.0
Backoff limit is 0
Pull policy for cganalysis-structure-iter00-000000000000 is IfNotPresent
Walltime is 2700.0
Backoff limit is 0
Pull policy for cganalysis-structure-iter00-000000000002 is IfNotPresent
Walltime is 2700.0
Backoff limit is 0
Pull policy for cganalysis-structure-iter00-000000000004 is IfNotPresent
Walltime is 2700.0
Backoff limit is 0
Pull policy for cganalysis-structure-iter00-000000000000 is IfNotPresent
Walltime is 2700.0
Backoff limit is 0
Pull policy for cganalysis-structure-iter00-000000000002 is IfNotPresent
Walltime is 2700.0
Backoff limit is 0
Pull policy for cganalysis-structure-iter00-000000000004 is IfNotPresent
Walltime is 2700.0
Backoff limit is 0
Pull policy for cganalysis-structure-iter00-000000000000 is IfNotPresent
Walltime is 2700.0
Backoff limit is 0
Pull policy for cganalysis-structure-iter00-000000000002 is IfNotPresent
Walltime is 2700.0
Backoff limit is 0
Pull policy for cganalysis-structure-iter00-000000000004 is IfNotPresent
Walltime is 2700.0
Backoff limit is 0
Pull policy for cganalysis-structure-iter00-000000000000 is IfNotPresent
Walltime is 2700.0
Backoff limit is 0
Pull policy for cganalysis-structure-iter00-000000000002 is IfNotPresent
Walltime is 2700.0
Backoff limit is 0
Pull policy for cganalysis-structure-iter00-000000000004 is IfNotPresent
Walltime is 2700.0
Backoff limit is 0
Pull policy for cganalysis-structure-iter00-000000000000 is IfNotPresent
Walltime is 2700.0
Backoff limit is 0
Pull policy for cganalysis-structure-iter00-000000000002 is IfNotPresent
Walltime is 2700.0
Backoff limit is 0
Pull policy for cganalysis-structure-iter00-000000000004 is IfNotPresent
Walltime is 2700.0
Backoff limit is 0
Pull policy for cganalysis-structure-iter00-000000000000 is IfNotPresent
Walltime is 2700.0
Backoff limit is 0
Pull policy for cganalysis-structure-iter00-000000000002 is IfNotPresent
Walltime is 2700.0
Backoff limit is 0
Pull policy for cganalysis-structure-iter00-000000000004 is IfNotPresent
Walltime is 2700.0
Backoff limit is 0
Pull policy for cganalysis-structure-iter00-000000000000 is IfNotPresent
Walltime is 2700.0
Backoff limit is 0
Pull policy for cganalysis-structure-iter00-000000000002 is IfNotPresent
Walltime is 2700.0
Backoff limit is 0
Pull policy for cganalysis-structure-iter00-000000000004 is IfNotPresent
Walltime is 2700.0
Backoff limit is 0
Pull policy for cganalysis-structure-iter00-000000000000 is IfNotPresent
Walltime is 2700.0
Backoff limit is 0
Pull policy for cganalysis-structure-iter00-000000000002 is IfNotPresent
Walltime is 2700.0
Backoff limit is 0
Pull policy for cganalysis-structure-iter00-000000000004 is IfNotPresent
Walltime is 2700.0
Backoff limit is 0
Pull policy for cganalysis-structure-iter00-000000000000 is IfNotPresent
Walltime is 2700.0
Backoff limit is 0
Batch job for cganalysis-structure_iter00_000000000002 exists, assuming resumed: Conflict
[cg] Found already running cg job (Conflict) for simname = structure_iter00_000000000002
Batch job for cganalysis-structure_iter00_000000000004 exists, assuming resumed: Conflict
[cg] Found already running cg job (Conflict) for simname = structure_iter00_000000000004
[186.547 MB]:     > Iteration 183: updated jobs
[186.547 MB]:     > Iteration 183: testing all jobs
[186.547 MB]: Starting MainProcess iteration 184
[186.547 MB]:     > Iteration 184: added new patches
Batch job for cganalysis-structure_iter00_000000000000 exists, assuming resumed: Conflict
[cg] Found already running cg job (Conflict) for simname = structure_iter00_000000000000
Batch job for cganalysis-structure_iter00_000000000002 exists, assuming resumed: Conflict
[cg] Found already running cg job (Conflict) for simname = structure_iter00_000000000002
Batch job for cganalysis-structure_iter00_000000000004 exists, assuming resumed: Conflict
[cg] Found already running cg job (Conflict) for simname = structure_iter00_000000000004
[186.547 MB]:     > Iteration 184: updated jobs
[186.547 MB]:     > Iteration 184: testing all jobs
[186.547 MB]: Starting MainProcess iteration 185
[186.547 MB]:     > Iteration 185: added new patches
Batch job for cganalysis-structure_iter00_000000000000 exists, assuming resumed: Conflict
[cg] Found already running cg job (Conflict) for simname = structure_iter00_000000000000
Batch job for cganalysis-structure_iter00_000000000002 exists, assuming resumed: Conflict
[cg] Found already running cg job (Conflict) for simname = structure_iter00_000000000002
Batch job for cganalysis-structure_iter00_000000000004 exists, assuming resumed: Conflict
[cg] Found already running cg job (Conflict) for simname = structure_iter00_000000000004
[186.547 MB]:     > Iteration 185: updated jobs
[186.547 MB]:     > Iteration 185: testing all jobs
[186.547 MB]: Starting MainProcess iteration 186
[186.547 MB]:     > Iteration 186: added new patches
Batch job for cganalysis-structure_iter00_000000000000 exists, assuming resumed: Conflict
[cg] Found already running cg job (Conflict) for simname = structure_iter00_000000000000
Batch job for cganalysis-structure_iter00_000000000002 exists, assuming resumed: Conflict
[cg] Found already running cg job (Conflict) for simname = structure_iter00_000000000002
Batch job for cganalysis-structure_iter00_000000000004 exists, assuming resumed: Conflict
[cg] Found already running cg job (Conflict) for simname = structure_iter00_000000000004
[186.547 MB]:     > Iteration 186: updated jobs
[186.547 MB]:     > Iteration 186: testing all jobs
[186.547 MB]: Starting MainProcess iteration 187
[186.547 MB]:     > Iteration 187: added new patches
Batch job for cganalysis-structure_iter00_000000000000 exists, assuming resumed: Conflict
[cg] Found already running cg job (Conflict) for simname = structure_iter00_000000000000
Batch job for cganalysis-structure_iter00_000000000002 exists, assuming resumed: Conflict
[cg] Found already running cg job (Conflict) for simname = structure_iter00_000000000002
Batch job for cganalysis-structure_iter00_000000000004 exists, assuming resumed: Conflict
[cg] Found already running cg job (Conflict) for simname = structure_iter00_000000000004
[186.547 MB]:     > Iteration 187: updated jobs
[186.547 MB]:     > Iteration 187: testing all jobs
[186.547 MB]: Starting MainProcess iteration 188
[186.547 MB]:     > Iteration 188: added new patches
Batch job for cganalysis-structure_iter00_000000000000 exists, assuming resumed: Conflict
[cg] Found already running cg job (Conflict) for simname = structure_iter00_000000000000
Batch job for cganalysis-structure_iter00_000000000002 exists, assuming resumed: Conflict
[cg] Found already running cg job (Conflict) for simname = structure_iter00_000000000002
Batch job for cganalysis-structure_iter00_000000000004 exists, assuming resumed: Conflict
[cg] Found already running cg job (Conflict) for simname = structure_iter00_000000000004
[186.547 MB]:     > Iteration 188: updated jobs
[186.547 MB]:     > Iteration 188: testing all jobs
[186.547 MB]: Starting MainProcess iteration 189
[186.547 MB]:     > Iteration 189: added new patches
Batch job for cganalysis-structure_iter00_000000000000 exists, assuming resumed: Conflict
[cg] Found already running cg job (Conflict) for simname = structure_iter00_000000000000
Batch job for cganalysis-structure_iter00_000000000002 exists, assuming resumed: Conflict
[cg] Found already running cg job (Conflict) for simname = structure_iter00_000000000002
Batch job for cganalysis-structure_iter00_000000000004 exists, assuming resumed: Conflict
[cg] Found already running cg job (Conflict) for simname = structure_iter00_000000000004
[186.547 MB]:     > Iteration 189: updated jobs
[186.547 MB]:     > Iteration 189: testing all jobs
[186.547 MB]: Starting MainProcess iteration 190
[186.547 MB]:     > Iteration 190: added new patches
Batch job for cganalysis-structure_iter00_000000000000 exists, assuming resumed: Conflict
[cg] Found already running cg job (Conflict) for simname = structure_iter00_000000000000
Batch job for cganalysis-structure_iter00_000000000002 exists, assuming resumed: Conflict
[cg] Found already running cg job (Conflict) for simname = structure_iter00_000000000002
Batch job for cganalysis-structure_iter00_000000000004 exists, assuming resumed: Conflict
[cg] Found already running cg job (Conflict) for simname = structure_iter00_000000000004
[186.547 MB]:     > Iteration 190: updated jobs
[186.547 MB]:     > Iteration 190: testing all jobs
[186.547 MB]: Starting MainProcess iteration 191
[186.547 MB]:     > Iteration 191: added new patches
Batch job for cganalysis-structure_iter00_000000000000 exists, assuming resumed: Conflict
[cg] Found already running cg job (Conflict) for simname = structure_iter00_000000000000
Batch job for cganalysis-structure_iter00_000000000002 exists, assuming resumed: Conflict
[cg] Found already running cg job (Conflict) for simname = structure_iter00_000000000002
Batch job for cganalysis-structure_iter00_000000000004 exists, assuming resumed: Conflict
[cg] Found already running cg job (Conflict) for simname = structure_iter00_000000000004
[186.547 MB]:     > Iteration 191: updated jobs
[186.547 MB]:     > Iteration 191: testing all jobs
[186.547 MB]: Starting MainProcess iteration 192
[186.547 MB]:     > Iteration 192: added new patches
Batch job for cganalysis-structure_iter00_000000000000 exists, assuming resumed: Conflict
[cg] Found already running cg job (Conflict) for simname = structure_iter00_000000000000
Batch job for cganalysis-structure_iter00_000000000002 exists, assuming resumed: Conflict
[cg] Found already running cg job (Conflict) for simname = structure_iter00_000000000002
Batch job for cganalysis-structure_iter00_000000000004 exists, assuming resumed: Conflict
[cg] Found already running cg job (Conflict) for simname = structure_iter00_000000000004
[186.547 MB]:     > Iteration 192: updated jobs
[186.547 MB]:     > Iteration 192: testing all jobs
[186.547 MB]: Starting MainProcess iteration 193
[186.547 MB]:     > Iteration 193: added new patches
Batch job for cganalysis-structure_iter00_000000000000 exists, assuming resumed: Conflict
[cg] Found already running cg job (Conflict) for simname = structure_iter00_000000000000
Batch job for cganalysis-structure_iter00_000000000002 exists, assuming resumed: Conflict
[cg] Found already running cg job (Conflict) for simname = structure_iter00_000000000002
Batch job for cganalysis-structure_iter00_000000000004 exists, assuming resumed: Conflict
[cg] Found already running cg job (Conflict) for simname = structure_iter00_000000000004
[186.547 MB]:     > Iteration 193: updated jobs
[186.547 MB]:     > Iteration 193: testing all jobs
[186.547 MB]: Starting MainProcess iteration 194
[186.547 MB]:     > Iteration 194: added new patches
Batch job for cganalysis-structure_iter00_000000000000 exists, assuming resumed: Conflict
[cg] Found already running cg job (Conflict) for simname = structure_iter00_000000000000
Batch job for cganalysis-structure_iter00_000000000002 exists, assuming resumed: Conflict
[cg] Found already running cg job (Conflict) for simname = structure_iter00_000000000002
Batch job for cganalysis-structure_iter00_000000000004 exists, assuming resumed: Conflict
[cg] Found already running cg job (Conflict) for simname = structure_iter00_000000000004
[186.547 MB]:     > Iteration 194: updated jobs
[186.547 MB]:     > Iteration 194: testing all jobs
[186.547 MB]: Starting MainProcess iteration 195
[186.547 MB]:     > Iteration 195: added new patches
Batch job for cganalysis-structure_iter00_000000000000 exists, assuming resumed: Conflict
[cg] Found already running cg job (Conflict) for simname = structure_iter00_000000000000
Batch job for cganalysis-structure_iter00_000000000002 exists, assuming resumed: Conflict
[cg] Found already running cg job (Conflict) for simname = structure_iter00_000000000002
Batch job for cganalysis-structure_iter00_000000000004 exists, assuming resumed: Conflict
[cg] Found already running cg job (Conflict) for simname = structure_iter00_000000000004
[186.547 MB]:     > Iteration 195: updated jobs
[186.547 MB]:     > Iteration 195: testing all jobs
[186.547 MB]: Starting MainProcess iteration 196
[186.547 MB]:     > Iteration 196: added new patches
Batch job for cganalysis-structure_iter00_000000000000 exists, assuming resumed: Conflict
[cg] Found already running cg job (Conflict) for simname = structure_iter00_000000000000
Batch job for cganalysis-structure_iter00_000000000002 exists, assuming resumed: Conflict
[cg] Found already running cg job (Conflict) for simname = structure_iter00_000000000002
Batch job for cganalysis-structure_iter00_000000000004 exists, assuming resumed: Conflict
[cg] Found already running cg job (Conflict) for simname = structure_iter00_000000000004
[186.547 MB]:     > Iteration 196: updated jobs
[186.547 MB]:     > Iteration 196: testing all jobs
[186.547 MB]: Starting MainProcess iteration 197
[186.547 MB]:     > Iteration 197: added new patches
Batch job for cganalysis-structure_iter00_000000000000 exists, assuming resumed: Conflict
[cg] Found already running cg job (Conflict) for simname = structure_iter00_000000000000
Batch job for cganalysis-structure_iter00_000000000002 exists, assuming resumed: Conflict
[cg] Found already running cg job (Conflict) for simname = structure_iter00_000000000002
Batch job for cganalysis-structure_iter00_000000000004 exists, assuming resumed: Conflict
[cg] Found already running cg job (Conflict) for simname = structure_iter00_000000000004
[186.547 MB]:     > Iteration 197: updated jobs
[186.547 MB]:     > Iteration 197: testing all jobs
[186.547 MB]: Starting MainProcess iteration 198
[186.547 MB]:     > Iteration 198: added new patches
Batch job for cganalysis-structure_iter00_000000000000 exists, assuming resumed: Conflict
[cg] Found already running cg job (Conflict) for simname = structure_iter00_000000000000
Batch job for cganalysis-structure_iter00_000000000002 exists, assuming resumed: Conflict
[cg] Found already running cg job (Conflict) for simname = structure_iter00_000000000002
Batch job for cganalysis-structure_iter00_000000000004 exists, assuming resumed: Conflict
[cg] Found already running cg job (Conflict) for simname = structure_iter00_000000000004
[186.547 MB]:     > Iteration 198: updated jobs
[186.547 MB]:     > Iteration 198: testing all jobs
[186.547 MB]: Starting MainProcess iteration 199
[186.547 MB]:     > Iteration 199: added new patches
Batch job for cganalysis-structure_iter00_000000000000 exists, assuming resumed: Conflict
[cg] Found already running cg job (Conflict) for simname = structure_iter00_000000000000
Batch job for cganalysis-structure_iter00_000000000002 exists, assuming resumed: Conflict
[cg] Found already running cg job (Conflict) for simname = structure_iter00_000000000002
Batch job for cganalysis-structure_iter00_000000000004 exists, assuming resumed: Conflict
[cg] Found already running cg job (Conflict) for simname = structure_iter00_000000000004
[186.547 MB]:     > Iteration 199: updated jobs
[186.547 MB]:     > Iteration 199: testing all jobs
[186.547 MB]: Starting MainProcess iteration 200
[186.547 MB]:     > Iteration 200: added new patches
Batch job for cganalysis-structure_iter00_000000000000 exists, assuming resumed: Conflict
[cg] Found already running cg job (Conflict) for simname = structure_iter00_000000000000
Batch job for cganalysis-structure_iter00_000000000002 exists, assuming resumed: Conflict
[cg] Found already running cg job (Conflict) for simname = structure_iter00_000000000002
Batch job for cganalysis-structure_iter00_000000000004 exists, assuming resumed: Conflict
[cg] Found already running cg job (Conflict) for simname = structure_iter00_000000000004
[186.547 MB]:     > Iteration 200: updated jobs
[186.547 MB]:     > Iteration 200: testing all jobs
[186.547 MB]: Starting MainProcess iteration 201
[186.547 MB]:     > Iteration 201: added new patches
Batch job for cganalysis-structure_iter00_000000000000 exists, assuming resumed: Conflict
[cg] Found already running cg job (Conflict) for simname = structure_iter00_000000000000
Batch job for cganalysis-structure_iter00_000000000002 exists, assuming resumed: Conflict
[cg] Found already running cg job (Conflict) for simname = structure_iter00_000000000002
Batch job for cganalysis-structure_iter00_000000000004 exists, assuming resumed: Conflict
[cg] Found already running cg job (Conflict) for simname = structure_iter00_000000000004
[186.547 MB]:     > Iteration 201: updated jobs
[186.547 MB]:     > Iteration 201: testing all jobs
[186.547 MB]: Starting MainProcess iteration 202
[186.547 MB]:     > Iteration 202: added new patches
Batch job for cganalysis-structure_iter00_000000000000 exists, assuming resumed: Conflict
[cg] Found already running cg job (Conflict) for simname = structure_iter00_000000000000
Batch job for cganalysis-structure_iter00_000000000002 exists, assuming resumed: Conflict
[cg] Found already running cg job (Conflict) for simname = structure_iter00_000000000002
Batch job for cganalysis-structure_iter00_000000000004 exists, assuming resumed: Conflict
[cg] Found already running cg job (Conflict) for simname = structure_iter00_000000000004
[186.547 MB]:     > Iteration 202: updated jobs
[186.547 MB]:     > Iteration 202: testing all jobs
[186.547 MB]: Starting MainProcess iteration 203
We got Stream connection lost: ConnectionResetError(104, 'Connection reset by peer')
Did not find current user: defaulted to mummiusr
Using Plain connection (unsafe): TLS certificate /opt/clones/certs/client_rabbitmq_certificate.pem does not exist
[186.547 MB]:     > Iteration 203: added new patches
Batch job for cganalysis-structure_iter00_000000000000 exists, assuming resumed: Conflict
[cg] Found already running cg job (Conflict) for simname = structure_iter00_000000000000
Batch job for cganalysis-structure_iter00_000000000002 exists, assuming resumed: Conflict
[cg] Found already running cg job (Conflict) for simname = structure_iter00_000000000002
Batch job for cganalysis-structure_iter00_000000000004 exists, assuming resumed: Conflict
[cg] Found already running cg job (Conflict) for simname = structure_iter00_000000000004
[186.805 MB]:     > Iteration 203: updated jobs
[186.805 MB]:     > Iteration 203: testing all jobs
[186.805 MB]: Starting MainProcess iteration 204
Maximum jobs for createsim (2) reached, will not submit more.
[186.805 MB]:     > Iteration 204: added new patches
Maximum jobs for cg (3) reached, will not submit more.
[186.805 MB]:     > Iteration 204: updated jobs
[186.805 MB]:     > Iteration 204: testing all jobs
[186.805 MB]: Starting MainProcess iteration 205
[186.805 MB]:     > Iteration 205: added new patches
Maximum jobs for cg (3) reached, will not submit more.
[186.805 MB]:     > Iteration 205: updated jobs
[186.805 MB]:     > Iteration 205: testing all jobs
[186.805 MB]: Starting MainProcess iteration 206
[186.805 MB]:     > Iteration 206: added new patches
Maximum jobs for cg (3) reached, will not submit more.
[186.805 MB]:     > Iteration 206: updated jobs
[186.805 MB]:     > Iteration 206: testing all jobs
[186.805 MB]: Starting MainProcess iteration 207
[186.805 MB]:     > Iteration 207: added new patches
Maximum jobs for cg (3) reached, will not submit more.
[186.805 MB]:     > Iteration 207: updated jobs
[186.805 MB]:     > Iteration 207: testing all jobs
[186.805 MB]: Starting MainProcess iteration 208
[186.805 MB]:     > Iteration 208: added new patches
Maximum jobs for cg (3) reached, will not submit more.
[186.805 MB]:     > Iteration 208: updated jobs
[186.805 MB]:     > Iteration 208: testing all jobs
[186.805 MB]: Starting MainProcess iteration 209
[186.805 MB]:     > Iteration 209: added new patches
Maximum jobs for cg (3) reached, will not submit more.
[186.805 MB]:     > Iteration 209: updated jobs
[186.805 MB]:     > Iteration 209: testing all jobs
[186.805 MB]: Starting MainProcess iteration 210
[186.805 MB]:     > Iteration 210: added new patches
Maximum jobs for cg (3) reached, will not submit more.
[186.805 MB]:     > Iteration 210: updated jobs
[186.805 MB]:     > Iteration 210: testing all jobs
[186.805 MB]: Starting MainProcess iteration 211
[186.805 MB]:     > Iteration 211: added new patches
Maximum jobs for cg (3) reached, will not submit more.
[186.805 MB]:     > Iteration 211: updated jobs
[186.805 MB]:     > Iteration 211: testing all jobs
[186.805 MB]: Starting MainProcess iteration 212
[186.805 MB]:     > Iteration 212: added new patches
Maximum jobs for cg (3) reached, will not submit more.
[186.805 MB]:     > Iteration 212: updated jobs
[186.805 MB]:     > Iteration 212: testing all jobs
[186.805 MB]: Starting MainProcess iteration 213
[186.805 MB]:     > Iteration 213: added new patches
Maximum jobs for cg (3) reached, will not submit more.
[186.805 MB]:     > Iteration 213: updated jobs
[186.805 MB]:     > Iteration 213: testing all jobs
[186.805 MB]: Starting MainProcess iteration 214
[186.805 MB]:     > Iteration 214: added new patches
Maximum jobs for cg (3) reached, will not submit more.
[186.805 MB]:     > Iteration 214: updated jobs
[186.805 MB]:     > Iteration 214: testing all jobs
[186.805 MB]: Starting MainProcess iteration 215
[186.805 MB]:     > Iteration 215: added new patches
Maximum jobs for cg (3) reached, will not submit more.
[186.805 MB]:     > Iteration 215: updated jobs
[186.805 MB]:     > Iteration 215: testing all jobs
[186.805 MB]: Starting MainProcess iteration 216
[186.805 MB]:     > Iteration 216: added new patches
Maximum jobs for cg (3) reached, will not submit more.
[186.805 MB]:     > Iteration 216: updated jobs
[186.805 MB]:     > Iteration 216: testing all jobs
[186.805 MB]: Starting MainProcess iteration 217
[186.805 MB]:     > Iteration 217: added new patches
Maximum jobs for cg (3) reached, will not submit more.
[186.805 MB]:     > Iteration 217: updated jobs
[186.805 MB]:     > Iteration 217: testing all jobs
[186.805 MB]: Starting MainProcess iteration 218
[186.805 MB]:     > Iteration 218: added new patches
Maximum jobs for cg (3) reached, will not submit more.
[186.805 MB]:     > Iteration 218: updated jobs
[186.805 MB]:     > Iteration 218: testing all jobs
[186.805 MB]: Starting MainProcess iteration 219
[186.805 MB]:     > Iteration 219: added new patches
Maximum jobs for cg (3) reached, will not submit more.
[186.805 MB]:     > Iteration 219: updated jobs
[186.805 MB]:     > Iteration 219: testing all jobs
[186.805 MB]: Starting MainProcess iteration 220
[186.805 MB]:     > Iteration 220: added new patches
Maximum jobs for cg (3) reached, will not submit more.
[186.805 MB]:     > Iteration 220: updated jobs
[186.805 MB]:     > Iteration 220: testing all jobs
[186.805 MB]: Starting MainProcess iteration 221
[186.805 MB]:     > Iteration 221: added new patches
Batch job for cganalysis-structure_iter00_000000000000 exists, assuming resumed: Conflict
[cg] Found already running cg job (Conflict) for simname = structure_iter00_000000000000
Batch job for cganalysis-structure_iter00_000000000002 exists, assuming resumed: Conflict
[cg] Found already running cg job (Conflict) for simname = structure_iter00_000000000002
Batch job for cganalysis-structure_iter00_000000000004 exists, assuming resumed: Conflict
[cg] Found already running cg job (Conflict) for simname = structure_iter00_000000000004
Batch job for cganalysis-structure_iter00_000000000006 exists, assuming resumed: Conflict
[cg] Found already running cg job (Conflict) for simname = structure_iter00_000000000006
[186.805 MB]:     > Iteration 221: updated jobs
[186.805 MB]:     > Iteration 221: testing all jobs
[186.805 MB]: Starting MainProcess iteration 222
[186.805 MB]:     > Iteration 222: added new patches
Batch job for cganalysis-structure_iter00_000000000000 exists, assuming resumed: Conflict
[cg] Found already running cg job (Conflict) for simname = structure_iter00_000000000000
Batch job for cganalysis-structure_iter00_000000000002 exists, assuming resumed: Conflict
[cg] Found already running cg job (Conflict) for simname = structure_iter00_000000000002
Batch job for cganalysis-structure_iter00_000000000004 exists, assuming resumed: Conflict
[cg] Found already running cg job (Conflict) for simname = structure_iter00_000000000004
Batch job for cganalysis-structure_iter00_000000000006 exists, assuming resumed: Conflict
[cg] Found already running cg job (Conflict) for simname = structure_iter00_000000000006
[186.805 MB]:     > Iteration 222: updated jobs
[186.805 MB]:     > Iteration 222: testing all jobs
[186.805 MB]: Starting MainProcess iteration 223
[186.805 MB]:     > Iteration 223: added new patches
Batch job for cganalysis-structure_iter00_000000000000 exists, assuming resumed: Conflict
[cg] Found already running cg job (Conflict) for simname = structure_iter00_000000000000
Pull policy for cganalysis-structure-iter00-000000000002 is IfNotPresent
Walltime is 2700.0
Backoff limit is 0
Pull policy for cganalysis-structure-iter00-000000000004 is IfNotPresent
Walltime is 2700.0
Backoff limit is 0
Pull policy for cganalysis-structure-iter00-000000000000 is IfNotPresent
Walltime is 2700.0
Backoff limit is 0
Pull policy for cganalysis-structure-iter00-000000000002 is IfNotPresent
Walltime is 2700.0
Backoff limit is 0
Pull policy for cganalysis-structure-iter00-000000000004 is IfNotPresent
Walltime is 2700.0
Backoff limit is 0
Pull policy for cganalysis-structure-iter00-000000000000 is IfNotPresent
Walltime is 2700.0
Backoff limit is 0
Pull policy for cganalysis-structure-iter00-000000000002 is IfNotPresent
Walltime is 2700.0
Backoff limit is 0
Pull policy for cganalysis-structure-iter00-000000000004 is IfNotPresent
Walltime is 2700.0
Backoff limit is 0
Pull policy for cganalysis-structure-iter00-000000000000 is IfNotPresent
Walltime is 2700.0
Backoff limit is 0
Pull policy for cganalysis-structure-iter00-000000000002 is IfNotPresent
Walltime is 2700.0
Backoff limit is 0
Pull policy for cganalysis-structure-iter00-000000000004 is IfNotPresent
Walltime is 2700.0
Backoff limit is 0
Pull policy for cganalysis-structure-iter00-000000000000 is IfNotPresent
Walltime is 2700.0
Backoff limit is 0
Pull policy for cganalysis-structure-iter00-000000000002 is IfNotPresent
Walltime is 2700.0
Backoff limit is 0
Pull policy for cganalysis-structure-iter00-000000000004 is IfNotPresent
Walltime is 2700.0
Backoff limit is 0
Pull policy for cganalysis-structure-iter00-000000000000 is IfNotPresent
Walltime is 2700.0
Backoff limit is 0
Pull policy for cganalysis-structure-iter00-000000000002 is IfNotPresent
Walltime is 2700.0
Backoff limit is 0
Pull policy for cganalysis-structure-iter00-000000000004 is IfNotPresent
Walltime is 2700.0
Backoff limit is 0
Pull policy for cganalysis-structure-iter00-000000000000 is IfNotPresent
Walltime is 2700.0
Backoff limit is 0
Pull policy for cganalysis-structure-iter00-000000000002 is IfNotPresent
Walltime is 2700.0
Backoff limit is 0
Pull policy for cganalysis-structure-iter00-000000000004 is IfNotPresent
Walltime is 2700.0
Backoff limit is 0
Pull policy for cganalysis-structure-iter00-000000000000 is IfNotPresent
Walltime is 2700.0
Backoff limit is 0
Pull policy for cganalysis-structure-iter00-000000000002 is IfNotPresent
Walltime is 2700.0
Backoff limit is 0
Pull policy for cganalysis-structure-iter00-000000000004 is IfNotPresent
Walltime is 2700.0
Backoff limit is 0
Pull policy for cganalysis-structure-iter00-000000000000 is IfNotPresent
Walltime is 2700.0
Backoff limit is 0
Pull policy for cganalysis-structure-iter00-000000000002 is IfNotPresent
Walltime is 2700.0
Backoff limit is 0
Pull policy for cganalysis-structure-iter00-000000000004 is IfNotPresent
Walltime is 2700.0
Backoff limit is 0
Pull policy for cganalysis-structure-iter00-000000000000 is IfNotPresent
Walltime is 2700.0
Backoff limit is 0
Pull policy for cganalysis-structure-iter00-000000000002 is IfNotPresent
Walltime is 2700.0
Backoff limit is 0
Pull policy for cganalysis-structure-iter00-000000000004 is IfNotPresent
Walltime is 2700.0
Backoff limit is 0
Pull policy for cganalysis-structure-iter00-000000000000 is IfNotPresent
Walltime is 2700.0
Backoff limit is 0
Pull policy for cganalysis-structure-iter00-000000000002 is IfNotPresent
Walltime is 2700.0
Backoff limit is 0
Pull policy for cganalysis-structure-iter00-000000000004 is IfNotPresent
Walltime is 2700.0
Backoff limit is 0
Pull policy for cganalysis-structure-iter00-000000000000 is IfNotPresent
Walltime is 2700.0
Backoff limit is 0
Pull policy for cganalysis-structure-iter00-000000000002 is IfNotPresent
Walltime is 2700.0
Backoff limit is 0
Pull policy for cganalysis-structure-iter00-000000000004 is IfNotPresent
Walltime is 2700.0
Backoff limit is 0
Pull policy for cganalysis-structure-iter00-000000000000 is IfNotPresent
Walltime is 2700.0
Backoff limit is 0
Pull policy for cganalysis-structure-iter00-000000000002 is IfNotPresent
Walltime is 2700.0
Backoff limit is 0
Pull policy for cganalysis-structure-iter00-000000000004 is IfNotPresent
Walltime is 2700.0
Backoff limit is 0
Pull policy for cganalysis-structure-iter00-000000000000 is IfNotPresent
Walltime is 2700.0
Backoff limit is 0
Pull policy for cganalysis-structure-iter00-000000000002 is IfNotPresent
Walltime is 2700.0
Backoff limit is 0
Pull policy for cganalysis-structure-iter00-000000000004 is IfNotPresent
Walltime is 2700.0
Backoff limit is 0
Pull policy for cganalysis-structure-iter00-000000000000 is IfNotPresent
Walltime is 2700.0
Backoff limit is 0
Pull policy for cganalysis-structure-iter00-000000000002 is IfNotPresent
Walltime is 2700.0
Backoff limit is 0
Pull policy for cganalysis-structure-iter00-000000000004 is IfNotPresent
Walltime is 2700.0
Backoff limit is 0
Pull policy for cganalysis-structure-iter00-000000000000 is IfNotPresent
Walltime is 2700.0
Backoff limit is 0
Pull policy for cganalysis-structure-iter00-000000000002 is IfNotPresent
Walltime is 2700.0
Backoff limit is 0
Pull policy for cganalysis-structure-iter00-000000000004 is IfNotPresent
Walltime is 2700.0
Backoff limit is 0
Pull policy for cganalysis-structure-iter00-000000000000 is IfNotPresent
Walltime is 2700.0
Backoff limit is 0
Pull policy for cganalysis-structure-iter00-000000000002 is IfNotPresent
Walltime is 2700.0
Backoff limit is 0
Pull policy for cganalysis-structure-iter00-000000000004 is IfNotPresent
Walltime is 2700.0
Backoff limit is 0
Pull policy for cganalysis-structure-iter00-000000000000 is IfNotPresent
Walltime is 2700.0
Backoff limit is 0
Pull policy for cganalysis-structure-iter00-000000000002 is IfNotPresent
Walltime is 2700.0
Backoff limit is 0
Pull policy for cganalysis-structure-iter00-000000000004 is IfNotPresent
Walltime is 2700.0
Backoff limit is 0
Pull policy for cganalysis-structure-iter00-000000000000 is IfNotPresent
Walltime is 2700.0
Backoff limit is 0
Pull policy for cganalysis-structure-iter00-000000000002 is IfNotPresent
Walltime is 2700.0
Backoff limit is 0
Pull policy for cganalysis-structure-iter00-000000000004 is IfNotPresent
Walltime is 2700.0
Backoff limit is 0
Pull policy for cganalysis-structure-iter00-000000000000 is IfNotPresent
Walltime is 2700.0
Backoff limit is 0
Pull policy for cganalysis-structure-iter00-000000000002 is IfNotPresent
Walltime is 2700.0
Backoff limit is 0
Pull policy for cganalysis-structure-iter00-000000000004 is IfNotPresent
Walltime is 2700.0
Backoff limit is 0
Pull policy for cganalysis-structure-iter00-000000000000 is IfNotPresent
Walltime is 2700.0
Backoff limit is 0
Pull policy for cganalysis-structure-iter00-000000000002 is IfNotPresent
Walltime is 2700.0
Backoff limit is 0
Pull policy for cganalysis-structure-iter00-000000000004 is IfNotPresent
Walltime is 2700.0
Backoff limit is 0
Pull policy for cganalysis-structure-iter00-000000000006 is IfNotPresent
Walltime is 2700.0
Backoff limit is 0
Pull policy for createsim-structure-iter00-000000000008 is IfNotPresent
Walltime is 2700.0
Backoff limit is 0
Pull policy for cganalysis-structure-iter00-000000000000 is IfNotPresent
Walltime is 2700.0
Backoff limit is 0
Pull policy for cganalysis-structure-iter00-000000000002 is IfNotPresent
Walltime is 2700.0
Backoff limit is 0
Pull policy for cganalysis-structure-iter00-000000000004 is IfNotPresent
Walltime is 2700.0
Backoff limit is 0
Pull policy for cganalysis-structure-iter00-000000000006 is IfNotPresent
Walltime is 2700.0
Backoff limit is 0
Pull policy for cganalysis-structure-iter00-000000000000 is IfNotPresent
Walltime is 2700.0
Backoff limit is 0
Pull policy for cganalysis-structure-iter00-000000000002 is IfNotPresent
Walltime is 2700.0
Backoff limit is 0
Pull policy for cganalysis-structure-iter00-000000000004 is IfNotPresent
Walltime is 2700.0
Backoff limit is 0
Pull policy for cganalysis-structure-iter00-000000000006 is IfNotPresent
Walltime is 2700.0
Backoff limit is 0
Pull policy for cganalysis-structure-iter00-000000000000 is IfNotPresent
Walltime is 2700.0
Backoff limit is 0
Pull policy for cganalysis-structure-iter00-000000000002 is IfNotPresent
Batch job for cganalysis-structure_iter00_000000000002 exists, assuming resumed: Conflict
[cg] Found already running cg job (Conflict) for simname = structure_iter00_000000000002
Batch job for cganalysis-structure_iter00_000000000004 exists, assuming resumed: Conflict
[cg] Found already running cg job (Conflict) for simname = structure_iter00_000000000004
Batch job for cganalysis-structure_iter00_000000000006 exists, assuming resumed: Conflict
[cg] Found already running cg job (Conflict) for simname = structure_iter00_000000000006
[186.805 MB]:     > Iteration 223: updated jobs
[186.805 MB]:     > Iteration 223: testing all jobs
[186.805 MB]: Starting MainProcess iteration 224
[186.805 MB]:     > Iteration 224: added new patches
Batch job for cganalysis-structure_iter00_000000000000 exists, assuming resumed: Conflict
[cg] Found already running cg job (Conflict) for simname = structure_iter00_000000000000
Batch job for cganalysis-structure_iter00_000000000002 exists, assuming resumed: Conflict
[cg] Found already running cg job (Conflict) for simname = structure_iter00_000000000002
Batch job for cganalysis-structure_iter00_000000000004 exists, assuming resumed: Conflict
[cg] Found already running cg job (Conflict) for simname = structure_iter00_000000000004
Batch job for cganalysis-structure_iter00_000000000006 exists, assuming resumed: Conflict
[cg] Found already running cg job (Conflict) for simname = structure_iter00_000000000006
[186.805 MB]:     > Iteration 224: updated jobs
[186.805 MB]:     > Iteration 224: testing all jobs
[186.805 MB]: Starting MainProcess iteration 225
[186.805 MB]:     > Iteration 225: added new patches
Batch job for cganalysis-structure_iter00_000000000000 exists, assuming resumed: Conflict
[cg] Found already running cg job (Conflict) for simname = structure_iter00_000000000000
Batch job for cganalysis-structure_iter00_000000000002 exists, assuming resumed: Conflict
[cg] Found already running cg job (Conflict) for simname = structure_iter00_000000000002
Batch job for cganalysis-structure_iter00_000000000004 exists, assuming resumed: Conflict
[cg] Found already running cg job (Conflict) for simname = structure_iter00_000000000004
Batch job for cganalysis-structure_iter00_000000000006 exists, assuming resumed: Conflict
[cg] Found already running cg job (Conflict) for simname = structure_iter00_000000000006
[186.805 MB]:     > Iteration 225: updated jobs
[186.805 MB]:     > Iteration 225: testing all jobs
[186.805 MB]: Starting MainProcess iteration 226
[186.805 MB]:     > Iteration 226: added new patches
Batch job for cganalysis-structure_iter00_000000000000 exists, assuming resumed: Conflict
[cg] Found already running cg job (Conflict) for simname = structure_iter00_000000000000
Batch job for cganalysis-structure_iter00_000000000002 exists, assuming resumed: Conflict
[cg] Found already running cg job (Conflict) for simname = structure_iter00_000000000002
Batch job for cganalysis-structure_iter00_000000000004 exists, assuming resumed: Conflict
[cg] Found already running cg job (Conflict) for simname = structure_iter00_000000000004
Batch job for cganalysis-structure_iter00_000000000006 exists, assuming resumed: Conflict
[cg] Found already running cg job (Conflict) for simname = structure_iter00_000000000006
[186.805 MB]:     > Iteration 226: updated jobs
[186.805 MB]:     > Iteration 226: testing all jobs
[186.805 MB]: Starting MainProcess iteration 227
[186.805 MB]:     > Iteration 227: added new patches
Batch job for cganalysis-structure_iter00_000000000000 exists, assuming resumed: Conflict
[cg] Found already running cg job (Conflict) for simname = structure_iter00_000000000000
Batch job for cganalysis-structure_iter00_000000000002 exists, assuming resumed: Conflict
[cg] Found already running cg job (Conflict) for simname = structure_iter00_000000000002
Batch job for cganalysis-structure_iter00_000000000004 exists, assuming resumed: Conflict
[cg] Found already running cg job (Conflict) for simname = structure_iter00_000000000004
Batch job for cganalysis-structure_iter00_000000000006 exists, assuming resumed: Conflict
[cg] Found already running cg job (Conflict) for simname = structure_iter00_000000000006
[186.805 MB]:     > Iteration 227: updated jobs
[186.805 MB]:     > Iteration 227: testing all jobs
[186.805 MB]: Starting MainProcess iteration 228
[186.805 MB]:     > Iteration 228: added new patches
Batch job for cganalysis-structure_iter00_000000000000 exists, assuming resumed: Conflict
[cg] Found already running cg job (Conflict) for simname = structure_iter00_000000000000
Batch job for cganalysis-structure_iter00_000000000002 exists, assuming resumed: Conflict
[cg] Found already running cg job (Conflict) for simname = structure_iter00_000000000002
Batch job for cganalysis-structure_iter00_000000000004 exists, assuming resumed: Conflict
[cg] Found already running cg job (Conflict) for simname = structure_iter00_000000000004
Batch job for cganalysis-structure_iter00_000000000006 exists, assuming resumed: Conflict
[cg] Found already running cg job (Conflict) for simname = structure_iter00_000000000006
[186.805 MB]:     > Iteration 228: updated jobs
[186.805 MB]:     > Iteration 228: testing all jobs
[186.805 MB]: Starting MainProcess iteration 229
[186.805 MB]:     > Iteration 229: added new patches
Batch job for cganalysis-structure_iter00_000000000000 exists, assuming resumed: Conflict
[cg] Found already running cg job (Conflict) for simname = structure_iter00_000000000000
Batch job for cganalysis-structure_iter00_000000000002 exists, assuming resumed: Conflict
[cg] Found already running cg job (Conflict) for simname = structure_iter00_000000000002
Batch job for cganalysis-structure_iter00_000000000004 exists, assuming resumed: Conflict
[cg] Found already running cg job (Conflict) for simname = structure_iter00_000000000004
Batch job for cganalysis-structure_iter00_000000000006 exists, assuming resumed: Conflict
[cg] Found already running cg job (Conflict) for simname = structure_iter00_000000000006
[186.805 MB]:     > Iteration 229: updated jobs
[186.805 MB]:     > Iteration 229: testing all jobs
[186.805 MB]: Starting MainProcess iteration 230
[186.805 MB]:     > Iteration 230: added new patches
Batch job for cganalysis-structure_iter00_000000000000 exists, assuming resumed: Conflict
[cg] Found already running cg job (Conflict) for simname = structure_iter00_000000000000
Batch job for cganalysis-structure_iter00_000000000002 exists, assuming resumed: Conflict
[cg] Found already running cg job (Conflict) for simname = structure_iter00_000000000002
Batch job for cganalysis-structure_iter00_000000000004 exists, assuming resumed: Conflict
[cg] Found already running cg job (Conflict) for simname = structure_iter00_000000000004
Batch job for cganalysis-structure_iter00_000000000006 exists, assuming resumed: Conflict
[cg] Found already running cg job (Conflict) for simname = structure_iter00_000000000006
[186.805 MB]:     > Iteration 230: updated jobs
[186.805 MB]:     > Iteration 230: testing all jobs
[186.805 MB]: Starting MainProcess iteration 231
[186.805 MB]:     > Iteration 231: added new patches
Batch job for cganalysis-structure_iter00_000000000000 exists, assuming resumed: Conflict
[cg] Found already running cg job (Conflict) for simname = structure_iter00_000000000000
Batch job for cganalysis-structure_iter00_000000000002 exists, assuming resumed: Conflict
[cg] Found already running cg job (Conflict) for simname = structure_iter00_000000000002
Batch job for cganalysis-structure_iter00_000000000004 exists, assuming resumed: Conflict
[cg] Found already running cg job (Conflict) for simname = structure_iter00_000000000004
Batch job for cganalysis-structure_iter00_000000000006 exists, assuming resumed: Conflict
[cg] Found already running cg job (Conflict) for simname = structure_iter00_000000000006
[186.805 MB]:     > Iteration 231: updated jobs
[186.805 MB]:     > Iteration 231: testing all jobs
[186.805 MB]: Starting MainProcess iteration 232
[186.805 MB]:     > Iteration 232: added new patches
Batch job for cganalysis-structure_iter00_000000000000 exists, assuming resumed: Conflict
[cg] Found already running cg job (Conflict) for simname = structure_iter00_000000000000
Batch job for cganalysis-structure_iter00_000000000002 exists, assuming resumed: Conflict
[cg] Found already running cg job (Conflict) for simname = structure_iter00_000000000002
Batch job for cganalysis-structure_iter00_000000000004 exists, assuming resumed: Conflict
[cg] Found already running cg job (Conflict) for simname = structure_iter00_000000000004
Batch job for cganalysis-structure_iter00_000000000006 exists, assuming resumed: Conflict
[cg] Found already running cg job (Conflict) for simname = structure_iter00_000000000006
[186.805 MB]:     > Iteration 232: updated jobs
[186.805 MB]:     > Iteration 232: testing all jobs
[186.805 MB]: Starting MainProcess iteration 233
[186.805 MB]:     > Iteration 233: added new patches
Batch job for cganalysis-structure_iter00_000000000000 exists, assuming resumed: Conflict
[cg] Found already running cg job (Conflict) for simname = structure_iter00_000000000000
Batch job for cganalysis-structure_iter00_000000000002 exists, assuming resumed: Conflict
[cg] Found already running cg job (Conflict) for simname = structure_iter00_000000000002
Batch job for cganalysis-structure_iter00_000000000004 exists, assuming resumed: Conflict
[cg] Found already running cg job (Conflict) for simname = structure_iter00_000000000004
Batch job for cganalysis-structure_iter00_000000000006 exists, assuming resumed: Conflict
[cg] Found already running cg job (Conflict) for simname = structure_iter00_000000000006
[186.805 MB]:     > Iteration 233: updated jobs
[186.805 MB]:     > Iteration 233: testing all jobs
[186.805 MB]: Starting MainProcess iteration 234
[186.805 MB]:     > Iteration 234: added new patches
Batch job for cganalysis-structure_iter00_000000000000 exists, assuming resumed: Conflict
[cg] Found already running cg job (Conflict) for simname = structure_iter00_000000000000
Batch job for cganalysis-structure_iter00_000000000002 exists, assuming resumed: Conflict
[cg] Found already running cg job (Conflict) for simname = structure_iter00_000000000002
Batch job for cganalysis-structure_iter00_000000000004 exists, assuming resumed: Conflict
[cg] Found already running cg job (Conflict) for simname = structure_iter00_000000000004
Batch job for cganalysis-structure_iter00_000000000006 exists, assuming resumed: Conflict
[cg] Found already running cg job (Conflict) for simname = structure_iter00_000000000006
[186.805 MB]:     > Iteration 234: updated jobs
[186.805 MB]:     > Iteration 234: testing all jobs
[186.805 MB]: Starting MainProcess iteration 235
[186.805 MB]:     > Iteration 235: added new patches
Batch job for cganalysis-structure_iter00_000000000000 exists, assuming resumed: Conflict
[cg] Found already running cg job (Conflict) for simname = structure_iter00_000000000000
Batch job for cganalysis-structure_iter00_000000000002 exists, assuming resumed: Conflict
[cg] Found already running cg job (Conflict) for simname = structure_iter00_000000000002
Batch job for cganalysis-structure_iter00_000000000004 exists, assuming resumed: Conflict
[cg] Found already running cg job (Conflict) for simname = structure_iter00_000000000004
Batch job for cganalysis-structure_iter00_000000000006 exists, assuming resumed: Conflict
[cg] Found already running cg job (Conflict) for simname = structure_iter00_000000000006
[186.805 MB]:     > Iteration 235: updated jobs
[186.805 MB]:     > Iteration 235: testing all jobs
[186.805 MB]: Starting MainProcess iteration 236
[186.805 MB]:     > Iteration 236: added new patches
Batch job for cganalysis-structure_iter00_000000000000 exists, assuming resumed: Conflict
[cg] Found already running cg job (Conflict) for simname = structure_iter00_000000000000
Batch job for cganalysis-structure_iter00_000000000002 exists, assuming resumed: Conflict
[cg] Found already running cg job (Conflict) for simname = structure_iter00_000000000002
Batch job for cganalysis-structure_iter00_000000000004 exists, assuming resumed: Conflict
[cg] Found already running cg job (Conflict) for simname = structure_iter00_000000000004
Batch job for cganalysis-structure_iter00_000000000006 exists, assuming resumed: Conflict
[cg] Found already running cg job (Conflict) for simname = structure_iter00_000000000006
[186.805 MB]:     > Iteration 236: updated jobs
[186.805 MB]:     > Iteration 236: testing all jobs
[186.805 MB]: Starting MainProcess iteration 237
[186.805 MB]:     > Iteration 237: added new patches
Batch job for cganalysis-structure_iter00_000000000000 exists, assuming resumed: Conflict
[cg] Found already running cg job (Conflict) for simname = structure_iter00_000000000000
Batch job for cganalysis-structure_iter00_000000000002 exists, assuming resumed: Conflict
[cg] Found already running cg job (Conflict) for simname = structure_iter00_000000000002
Batch job for cganalysis-structure_iter00_000000000004 exists, assuming resumed: Conflict
[cg] Found already running cg job (Conflict) for simname = structure_iter00_000000000004
Batch job for cganalysis-structure_iter00_000000000006 exists, assuming resumed: Conflict
[cg] Found already running cg job (Conflict) for simname = structure_iter00_000000000006
[186.805 MB]:     > Iteration 237: updated jobs
[186.805 MB]:     > Iteration 237: testing all jobs
[186.805 MB]: Starting MainProcess iteration 238
[186.805 MB]:     > Iteration 238: added new patches
Batch job for cganalysis-structure_iter00_000000000000 exists, assuming resumed: Conflict
[cg] Found already running cg job (Conflict) for simname = structure_iter00_000000000000
Batch job for cganalysis-structure_iter00_000000000002 exists, assuming resumed: Conflict
[cg] Found already running cg job (Conflict) for simname = structure_iter00_000000000002
Batch job for cganalysis-structure_iter00_000000000004 exists, assuming resumed: Conflict
[cg] Found already running cg job (Conflict) for simname = structure_iter00_000000000004
Batch job for cganalysis-structure_iter00_000000000006 exists, assuming resumed: Conflict
[cg] Found already running cg job (Conflict) for simname = structure_iter00_000000000006
[186.805 MB]:     > Iteration 238: updated jobs
[186.805 MB]:     > Iteration 238: testing all jobs
[186.805 MB]: Starting MainProcess iteration 239
[186.805 MB]:     > Iteration 239: added new patches
Batch job for cganalysis-structure_iter00_000000000000 exists, assuming resumed: Conflict
[cg] Found already running cg job (Conflict) for simname = structure_iter00_000000000000
Batch job for cganalysis-structure_iter00_000000000002 exists, assuming resumed: Conflict
[cg] Found already running cg job (Conflict) for simname = structure_iter00_000000000002
Batch job for cganalysis-structure_iter00_000000000004 exists, assuming resumed: Conflict
[cg] Found already running cg job (Conflict) for simname = structure_iter00_000000000004
Batch job for cganalysis-structure_iter00_000000000006 exists, assuming resumed: Conflict
[cg] Found already running cg job (Conflict) for simname = structure_iter00_000000000006
[186.805 MB]:     > Iteration 239: updated jobs
[186.805 MB]:     > Iteration 239: testing all jobs
[186.805 MB]: Starting MainProcess iteration 240
[186.805 MB]:     > Iteration 240: added new patches
Batch job for cganalysis-structure_iter00_000000000000 exists, assuming resumed: Conflict
[cg] Found already running cg job (Conflict) for simname = structure_iter00_000000000000
Batch job for cganalysis-structure_iter00_000000000002 exists, assuming resumed: Conflict
[cg] Found already running cg job (Conflict) for simname = structure_iter00_000000000002
Batch job for cganalysis-structure_iter00_000000000004 exists, assuming resumed: Conflict
[cg] Found already running cg job (Conflict) for simname = structure_iter00_000000000004
Batch job for cganalysis-structure_iter00_000000000006 exists, assuming resumed: Conflict
[cg] Found already running cg job (Conflict) for simname = structure_iter00_000000000006
[186.805 MB]:     > Iteration 240: updated jobs
[186.805 MB]:     > Iteration 240: testing all jobs
[186.805 MB]: Starting MainProcess iteration 241
[186.805 MB]:     > Iteration 241: added new patches
Batch job for cganalysis-structure_iter00_000000000000 exists, assuming resumed: Conflict
[cg] Found already running cg job (Conflict) for simname = structure_iter00_000000000000
Batch job for cganalysis-structure_iter00_000000000002 exists, assuming resumed: Conflict
[cg] Found already running cg job (Conflict) for simname = structure_iter00_000000000002
Batch job for cganalysis-structure_iter00_000000000004 exists, assuming resumed: Conflict
[cg] Found already running cg job (Conflict) for simname = structure_iter00_000000000004
Walltime is 2700.0
Backoff limit is 0
Pull policy for cganalysis-structure-iter00-000000000004 is IfNotPresent
Walltime is 2700.0
Backoff limit is 0
Pull policy for cganalysis-structure-iter00-000000000006 is IfNotPresent
Walltime is 2700.0
Backoff limit is 0
Pull policy for cganalysis-structure-iter00-000000000000 is IfNotPresent
Walltime is 2700.0
Backoff limit is 0
Pull policy for cganalysis-structure-iter00-000000000002 is IfNotPresent
Walltime is 2700.0
Backoff limit is 0
Pull policy for cganalysis-structure-iter00-000000000004 is IfNotPresent
Walltime is 2700.0
Backoff limit is 0
Pull policy for cganalysis-structure-iter00-000000000006 is IfNotPresent
Walltime is 2700.0
Backoff limit is 0
Pull policy for cganalysis-structure-iter00-000000000000 is IfNotPresent
Walltime is 2700.0
Backoff limit is 0
Pull policy for cganalysis-structure-iter00-000000000002 is IfNotPresent
Walltime is 2700.0
Backoff limit is 0
Pull policy for cganalysis-structure-iter00-000000000004 is IfNotPresent
Walltime is 2700.0
Backoff limit is 0
Pull policy for cganalysis-structure-iter00-000000000006 is IfNotPresent
Walltime is 2700.0
Backoff limit is 0
Pull policy for cganalysis-structure-iter00-000000000000 is IfNotPresent
Walltime is 2700.0
Backoff limit is 0
Pull policy for cganalysis-structure-iter00-000000000002 is IfNotPresent
Walltime is 2700.0
Backoff limit is 0
Pull policy for cganalysis-structure-iter00-000000000004 is IfNotPresent
Walltime is 2700.0
Backoff limit is 0
Pull policy for cganalysis-structure-iter00-000000000006 is IfNotPresent
Walltime is 2700.0
Backoff limit is 0
Pull policy for cganalysis-structure-iter00-000000000000 is IfNotPresent
Walltime is 2700.0
Backoff limit is 0
Pull policy for cganalysis-structure-iter00-000000000002 is IfNotPresent
Walltime is 2700.0
Backoff limit is 0
Pull policy for cganalysis-structure-iter00-000000000004 is IfNotPresent
Walltime is 2700.0
Backoff limit is 0
Pull policy for cganalysis-structure-iter00-000000000006 is IfNotPresent
Walltime is 2700.0
Backoff limit is 0
Pull policy for cganalysis-structure-iter00-000000000000 is IfNotPresent
Walltime is 2700.0
Backoff limit is 0
Pull policy for cganalysis-structure-iter00-000000000002 is IfNotPresent
Walltime is 2700.0
Backoff limit is 0
Pull policy for cganalysis-structure-iter00-000000000004 is IfNotPresent
Walltime is 2700.0
Backoff limit is 0
Pull policy for cganalysis-structure-iter00-000000000006 is IfNotPresent
Walltime is 2700.0
Backoff limit is 0
Pull policy for cganalysis-structure-iter00-000000000000 is IfNotPresent
Walltime is 2700.0
Backoff limit is 0
Pull policy for cganalysis-structure-iter00-000000000002 is IfNotPresent
Walltime is 2700.0
Backoff limit is 0
Pull policy for cganalysis-structure-iter00-000000000004 is IfNotPresent
Walltime is 2700.0
Backoff limit is 0
Pull policy for cganalysis-structure-iter00-000000000006 is IfNotPresent
Walltime is 2700.0
Backoff limit is 0
Pull policy for cganalysis-structure-iter00-000000000000 is IfNotPresent
Walltime is 2700.0
Backoff limit is 0
Pull policy for cganalysis-structure-iter00-000000000002 is IfNotPresent
Walltime is 2700.0
Backoff limit is 0
Pull policy for cganalysis-structure-iter00-000000000004 is IfNotPresent
Walltime is 2700.0
Backoff limit is 0
Pull policy for cganalysis-structure-iter00-000000000006 is IfNotPresent
Walltime is 2700.0
Backoff limit is 0
Pull policy for cganalysis-structure-iter00-000000000000 is IfNotPresent
Walltime is 2700.0
Backoff limit is 0
Pull policy for cganalysis-structure-iter00-000000000002 is IfNotPresent
Walltime is 2700.0
Backoff limit is 0
Pull policy for cganalysis-structure-iter00-000000000004 is IfNotPresent
Walltime is 2700.0
Backoff limit is 0
Pull policy for cganalysis-structure-iter00-000000000006 is IfNotPresent
Walltime is 2700.0
Backoff limit is 0
Pull policy for cganalysis-structure-iter00-000000000000 is IfNotPresent
Walltime is 2700.0
Backoff limit is 0
Pull policy for cganalysis-structure-iter00-000000000002 is IfNotPresent
Walltime is 2700.0
Backoff limit is 0
Pull policy for cganalysis-structure-iter00-000000000004 is IfNotPresent
Walltime is 2700.0
Backoff limit is 0
Pull policy for cganalysis-structure-iter00-000000000006 is IfNotPresent
Walltime is 2700.0
Backoff limit is 0
Pull policy for cganalysis-structure-iter00-000000000000 is IfNotPresent
Walltime is 2700.0
Backoff limit is 0
Pull policy for cganalysis-structure-iter00-000000000002 is IfNotPresent
Walltime is 2700.0
Backoff limit is 0
Pull policy for cganalysis-structure-iter00-000000000004 is IfNotPresent
Walltime is 2700.0
Backoff limit is 0
Pull policy for cganalysis-structure-iter00-000000000006 is IfNotPresent
Walltime is 2700.0
Backoff limit is 0
Pull policy for cganalysis-structure-iter00-000000000000 is IfNotPresent
Walltime is 2700.0
Backoff limit is 0
Pull policy for cganalysis-structure-iter00-000000000002 is IfNotPresent
Walltime is 2700.0
Backoff limit is 0
Pull policy for cganalysis-structure-iter00-000000000004 is IfNotPresent
Walltime is 2700.0
Backoff limit is 0
Pull policy for cganalysis-structure-iter00-000000000006 is IfNotPresent
Walltime is 2700.0
Backoff limit is 0
Pull policy for cganalysis-structure-iter00-000000000000 is IfNotPresent
Walltime is 2700.0
Backoff limit is 0
Pull policy for cganalysis-structure-iter00-000000000002 is IfNotPresent
Walltime is 2700.0
Backoff limit is 0
Pull policy for cganalysis-structure-iter00-000000000004 is IfNotPresent
Walltime is 2700.0
Backoff limit is 0
Pull policy for cganalysis-structure-iter00-000000000006 is IfNotPresent
Walltime is 2700.0
Backoff limit is 0
Pull policy for cganalysis-structure-iter00-000000000000 is IfNotPresent
Walltime is 2700.0
Backoff limit is 0
Pull policy for cganalysis-structure-iter00-000000000002 is IfNotPresent
Walltime is 2700.0
Backoff limit is 0
Pull policy for cganalysis-structure-iter00-000000000004 is IfNotPresent
Walltime is 2700.0
Backoff limit is 0
Pull policy for cganalysis-structure-iter00-000000000006 is IfNotPresent
Walltime is 2700.0
Backoff limit is 0
Pull policy for cganalysis-structure-iter00-000000000000 is IfNotPresent
Walltime is 2700.0
Backoff limit is 0
Pull policy for cganalysis-structure-iter00-000000000002 is IfNotPresent
Walltime is 2700.0
Backoff limit is 0
Pull policy for cganalysis-structure-iter00-000000000004 is IfNotPresent
Walltime is 2700.0
Backoff limit is 0
Pull policy for cganalysis-structure-iter00-000000000006 is IfNotPresent
Walltime is 2700.0
Backoff limit is 0
Pull policy for cganalysis-structure-iter00-000000000000 is IfNotPresent
Walltime is 2700.0
Backoff limit is 0
Pull policy for cganalysis-structure-iter00-000000000002 is IfNotPresent
Walltime is 2700.0
Backoff limit is 0
Pull policy for cganalysis-structure-iter00-000000000004 is IfNotPresent
Walltime is 2700.0
Backoff limit is 0
Pull policy for cganalysis-structure-iter00-000000000006 is IfNotPresent
Walltime is 2700.0
Backoff limit is 0
Pull policy for cganalysis-structure-iter00-000000000000 is IfNotPresent
Walltime is 2700.0
Backoff limit is 0
Pull policy for cganalysis-structure-iter00-000000000002 is IfNotPresent
Walltime is 2700.0
Backoff limit is 0
Pull policy for cganalysis-structure-iter00-000000000004 is IfNotPresent
Walltime is 2700.0
Backoff limit is 0
Pull policy for cganalysis-structure-iter00-000000000006 is IfNotPresent
Walltime is 2700.0
Backoff limit is 0
Pull policy for cganalysis-structure-iter00-000000000000 is IfNotPresent
Walltime is 2700.0
Backoff limit is 0
Pull policy for cganalysis-structure-iter00-000000000002 is IfNotPresent
Walltime is 2700.0
Backoff limit is 0
Pull policy for cganalysis-structure-iter00-000000000004 is IfNotPresent
Walltime is 2700.0
Backoff limit is 0
Pull policy for cganalysis-structure-iter00-000000000006 is IfNotPresent
Walltime is 2700.0
Backoff limit is 0
Pull policy for cganalysis-structure-iter00-000000000000 is IfNotPresent
Walltime is 2700.0
Backoff limit is 0
Pull policy for cganalysis-structure-iter00-000000000002 is IfNotPresent
Walltime is 2700.0
Backoff limit is 0
Pull policy for cganalysis-structure-iter00-000000000004 is IfNotPresent
Walltime is 2700.0
Backoff limit is 0
Batch job for cganalysis-structure_iter00_000000000006 exists, assuming resumed: Conflict
[cg] Found already running cg job (Conflict) for simname = structure_iter00_000000000006
[186.805 MB]:     > Iteration 241: updated jobs
[186.805 MB]:     > Iteration 241: testing all jobs
[186.805 MB]: Starting MainProcess iteration 242
[186.805 MB]:     > Iteration 242: added new patches
Batch job for cganalysis-structure_iter00_000000000000 exists, assuming resumed: Conflict
[cg] Found already running cg job (Conflict) for simname = structure_iter00_000000000000
Batch job for cganalysis-structure_iter00_000000000002 exists, assuming resumed: Conflict
[cg] Found already running cg job (Conflict) for simname = structure_iter00_000000000002
Batch job for cganalysis-structure_iter00_000000000004 exists, assuming resumed: Conflict
[cg] Found already running cg job (Conflict) for simname = structure_iter00_000000000004
Batch job for cganalysis-structure_iter00_000000000006 exists, assuming resumed: Conflict
[cg] Found already running cg job (Conflict) for simname = structure_iter00_000000000006
[186.805 MB]:     > Iteration 242: updated jobs
[186.805 MB]:     > Iteration 242: testing all jobs
[186.805 MB]: Starting MainProcess iteration 243
[186.805 MB]:     > Iteration 243: added new patches
Batch job for cganalysis-structure_iter00_000000000000 exists, assuming resumed: Conflict
[cg] Found already running cg job (Conflict) for simname = structure_iter00_000000000000
Batch job for cganalysis-structure_iter00_000000000002 exists, assuming resumed: Conflict
[cg] Found already running cg job (Conflict) for simname = structure_iter00_000000000002
Batch job for cganalysis-structure_iter00_000000000004 exists, assuming resumed: Conflict
[cg] Found already running cg job (Conflict) for simname = structure_iter00_000000000004
Batch job for cganalysis-structure_iter00_000000000006 exists, assuming resumed: Conflict
[cg] Found already running cg job (Conflict) for simname = structure_iter00_000000000006
[186.805 MB]:     > Iteration 243: updated jobs
[186.805 MB]:     > Iteration 243: testing all jobs
[186.805 MB]: Starting MainProcess iteration 244
[186.805 MB]:     > Iteration 244: added new patches
Batch job for cganalysis-structure_iter00_000000000000 exists, assuming resumed: Conflict
[cg] Found already running cg job (Conflict) for simname = structure_iter00_000000000000
Batch job for cganalysis-structure_iter00_000000000002 exists, assuming resumed: Conflict
[cg] Found already running cg job (Conflict) for simname = structure_iter00_000000000002
Batch job for cganalysis-structure_iter00_000000000004 exists, assuming resumed: Conflict
[cg] Found already running cg job (Conflict) for simname = structure_iter00_000000000004
Batch job for cganalysis-structure_iter00_000000000006 exists, assuming resumed: Conflict
[cg] Found already running cg job (Conflict) for simname = structure_iter00_000000000006
[186.805 MB]:     > Iteration 244: updated jobs
[186.805 MB]:     > Iteration 244: testing all jobs
[186.805 MB]: Starting MainProcess iteration 245
[186.805 MB]:     > Iteration 245: added new patches
Batch job for cganalysis-structure_iter00_000000000000 exists, assuming resumed: Conflict
[cg] Found already running cg job (Conflict) for simname = structure_iter00_000000000000
Batch job for cganalysis-structure_iter00_000000000002 exists, assuming resumed: Conflict
[cg] Found already running cg job (Conflict) for simname = structure_iter00_000000000002
Batch job for cganalysis-structure_iter00_000000000004 exists, assuming resumed: Conflict
[cg] Found already running cg job (Conflict) for simname = structure_iter00_000000000004
Batch job for cganalysis-structure_iter00_000000000006 exists, assuming resumed: Conflict
[cg] Found already running cg job (Conflict) for simname = structure_iter00_000000000006
[186.805 MB]:     > Iteration 245: updated jobs
[186.805 MB]:     > Iteration 245: testing all jobs
[186.805 MB]: Starting MainProcess iteration 246
[186.805 MB]:     > Iteration 246: added new patches
Batch job for cganalysis-structure_iter00_000000000000 exists, assuming resumed: Conflict
[cg] Found already running cg job (Conflict) for simname = structure_iter00_000000000000
Batch job for cganalysis-structure_iter00_000000000002 exists, assuming resumed: Conflict
[cg] Found already running cg job (Conflict) for simname = structure_iter00_000000000002
Batch job for cganalysis-structure_iter00_000000000004 exists, assuming resumed: Conflict
[cg] Found already running cg job (Conflict) for simname = structure_iter00_000000000004
Batch job for cganalysis-structure_iter00_000000000006 exists, assuming resumed: Conflict
[cg] Found already running cg job (Conflict) for simname = structure_iter00_000000000006
[186.805 MB]:     > Iteration 246: updated jobs
[186.805 MB]:     > Iteration 246: testing all jobs
[186.805 MB]: Starting MainProcess iteration 247
[186.805 MB]:     > Iteration 247: added new patches
Batch job for cganalysis-structure_iter00_000000000000 exists, assuming resumed: Conflict
[cg] Found already running cg job (Conflict) for simname = structure_iter00_000000000000
Batch job for cganalysis-structure_iter00_000000000002 exists, assuming resumed: Conflict
[cg] Found already running cg job (Conflict) for simname = structure_iter00_000000000002
Batch job for cganalysis-structure_iter00_000000000004 exists, assuming resumed: Conflict
[cg] Found already running cg job (Conflict) for simname = structure_iter00_000000000004
Batch job for cganalysis-structure_iter00_000000000006 exists, assuming resumed: Conflict
[cg] Found already running cg job (Conflict) for simname = structure_iter00_000000000006
[186.805 MB]:     > Iteration 247: updated jobs
[186.805 MB]:     > Iteration 247: testing all jobs
[186.805 MB]: Starting MainProcess iteration 248
[186.805 MB]:     > Iteration 248: added new patches
Batch job for cganalysis-structure_iter00_000000000000 exists, assuming resumed: Conflict
[cg] Found already running cg job (Conflict) for simname = structure_iter00_000000000000
Batch job for cganalysis-structure_iter00_000000000002 exists, assuming resumed: Conflict
[cg] Found already running cg job (Conflict) for simname = structure_iter00_000000000002
Batch job for cganalysis-structure_iter00_000000000004 exists, assuming resumed: Conflict
[cg] Found already running cg job (Conflict) for simname = structure_iter00_000000000004
Batch job for cganalysis-structure_iter00_000000000006 exists, assuming resumed: Conflict
[cg] Found already running cg job (Conflict) for simname = structure_iter00_000000000006
[186.805 MB]:     > Iteration 248: updated jobs
[186.805 MB]:     > Iteration 248: testing all jobs
[186.805 MB]: Starting MainProcess iteration 249
[186.805 MB]:     > Iteration 249: added new patches
Batch job for cganalysis-structure_iter00_000000000000 exists, assuming resumed: Conflict
[cg] Found already running cg job (Conflict) for simname = structure_iter00_000000000000
Batch job for cganalysis-structure_iter00_000000000002 exists, assuming resumed: Conflict
[cg] Found already running cg job (Conflict) for simname = structure_iter00_000000000002
Batch job for cganalysis-structure_iter00_000000000004 exists, assuming resumed: Conflict
[cg] Found already running cg job (Conflict) for simname = structure_iter00_000000000004
Batch job for cganalysis-structure_iter00_000000000006 exists, assuming resumed: Conflict
[cg] Found already running cg job (Conflict) for simname = structure_iter00_000000000006
[186.805 MB]:     > Iteration 249: updated jobs
[186.805 MB]:     > Iteration 249: testing all jobs
[186.805 MB]: Starting MainProcess iteration 250
[186.805 MB]:     > Iteration 250: added new patches
Batch job for cganalysis-structure_iter00_000000000000 exists, assuming resumed: Conflict
[cg] Found already running cg job (Conflict) for simname = structure_iter00_000000000000
Batch job for cganalysis-structure_iter00_000000000002 exists, assuming resumed: Conflict
[cg] Found already running cg job (Conflict) for simname = structure_iter00_000000000002
Batch job for cganalysis-structure_iter00_000000000004 exists, assuming resumed: Conflict
[cg] Found already running cg job (Conflict) for simname = structure_iter00_000000000004
Batch job for cganalysis-structure_iter00_000000000006 exists, assuming resumed: Conflict
[cg] Found already running cg job (Conflict) for simname = structure_iter00_000000000006
[186.805 MB]:     > Iteration 250: updated jobs
[186.805 MB]:     > Iteration 250: testing all jobs
[186.805 MB]: Starting MainProcess iteration 251
[186.805 MB]:     > Iteration 251: added new patches
Batch job for cganalysis-structure_iter00_000000000000 exists, assuming resumed: Conflict
[cg] Found already running cg job (Conflict) for simname = structure_iter00_000000000000
Batch job for cganalysis-structure_iter00_000000000002 exists, assuming resumed: Conflict
[cg] Found already running cg job (Conflict) for simname = structure_iter00_000000000002
Batch job for cganalysis-structure_iter00_000000000004 exists, assuming resumed: Conflict
[cg] Found already running cg job (Conflict) for simname = structure_iter00_000000000004
Batch job for cganalysis-structure_iter00_000000000006 exists, assuming resumed: Conflict
[cg] Found already running cg job (Conflict) for simname = structure_iter00_000000000006
[186.805 MB]:     > Iteration 251: updated jobs
[186.805 MB]:     > Iteration 251: testing all jobs
[186.805 MB]: Starting MainProcess iteration 252
[186.805 MB]:     > Iteration 252: added new patches
Batch job for cganalysis-structure_iter00_000000000000 exists, assuming resumed: Conflict
[cg] Found already running cg job (Conflict) for simname = structure_iter00_000000000000
Batch job for cganalysis-structure_iter00_000000000002 exists, assuming resumed: Conflict
[cg] Found already running cg job (Conflict) for simname = structure_iter00_000000000002
Batch job for cganalysis-structure_iter00_000000000004 exists, assuming resumed: Conflict
[cg] Found already running cg job (Conflict) for simname = structure_iter00_000000000004
Batch job for cganalysis-structure_iter00_000000000006 exists, assuming resumed: Conflict
[cg] Found already running cg job (Conflict) for simname = structure_iter00_000000000006
[186.805 MB]:     > Iteration 252: updated jobs
[186.805 MB]:     > Iteration 252: testing all jobs
[186.805 MB]: Starting MainProcess iteration 253
[186.805 MB]:     > Iteration 253: added new patches
Batch job for cganalysis-structure_iter00_000000000000 exists, assuming resumed: Conflict
[cg] Found already running cg job (Conflict) for simname = structure_iter00_000000000000
Batch job for cganalysis-structure_iter00_000000000002 exists, assuming resumed: Conflict
[cg] Found already running cg job (Conflict) for simname = structure_iter00_000000000002
Batch job for cganalysis-structure_iter00_000000000004 exists, assuming resumed: Conflict
[cg] Found already running cg job (Conflict) for simname = structure_iter00_000000000004
Batch job for cganalysis-structure_iter00_000000000006 exists, assuming resumed: Conflict
[cg] Found already running cg job (Conflict) for simname = structure_iter00_000000000006
[186.805 MB]:     > Iteration 253: updated jobs
[186.805 MB]:     > Iteration 253: testing all jobs
[186.805 MB]: Starting MainProcess iteration 254
We got Stream connection lost: ConnectionResetError(104, 'Connection reset by peer')
Did not find current user: defaulted to mummiusr
Using Plain connection (unsafe): TLS certificate /opt/clones/certs/client_rabbitmq_certificate.pem does not exist
[186.805 MB]:     > Iteration 254: added new patches
Batch job for cganalysis-structure_iter00_000000000000 exists, assuming resumed: Conflict
[cg] Found already running cg job (Conflict) for simname = structure_iter00_000000000000
Batch job for cganalysis-structure_iter00_000000000002 exists, assuming resumed: Conflict
[cg] Found already running cg job (Conflict) for simname = structure_iter00_000000000002
Batch job for cganalysis-structure_iter00_000000000004 exists, assuming resumed: Conflict
[cg] Found already running cg job (Conflict) for simname = structure_iter00_000000000004
Batch job for cganalysis-structure_iter00_000000000006 exists, assuming resumed: Conflict
[cg] Found already running cg job (Conflict) for simname = structure_iter00_000000000006
[186.805 MB]:     > Iteration 254: updated jobs
[186.805 MB]:     > Iteration 254: testing all jobs
[186.805 MB]: Starting MainProcess iteration 255
Maximum jobs for createsim (2) reached, will not submit more.
[186.805 MB]:     > Iteration 255: added new patches
Maximum jobs for cg (3) reached, will not submit more.
[186.805 MB]:     > Iteration 255: updated jobs
[186.805 MB]:     > Iteration 255: testing all jobs
[186.805 MB]: Starting MainProcess iteration 256
[186.805 MB]:     > Iteration 256: added new patches
Maximum jobs for cg (3) reached, will not submit more.
[186.805 MB]:     > Iteration 256: updated jobs
[186.805 MB]:     > Iteration 256: testing all jobs
[186.805 MB]: Starting MainProcess iteration 257
[186.805 MB]:     > Iteration 257: added new patches
Maximum jobs for cg (3) reached, will not submit more.
[186.805 MB]:     > Iteration 257: updated jobs
[186.805 MB]:     > Iteration 257: testing all jobs
[186.805 MB]: Starting MainProcess iteration 258
[186.805 MB]:     > Iteration 258: added new patches
Maximum jobs for cg (3) reached, will not submit more.
[186.805 MB]:     > Iteration 258: updated jobs
[186.805 MB]:     > Iteration 258: testing all jobs
[186.805 MB]: Starting MainProcess iteration 259
[186.805 MB]:     > Iteration 259: added new patches
Maximum jobs for cg (3) reached, will not submit more.
[186.805 MB]:     > Iteration 259: updated jobs
[186.805 MB]:     > Iteration 259: testing all jobs
[186.805 MB]: Starting MainProcess iteration 260
[186.805 MB]:     > Iteration 260: added new patches
Maximum jobs for cg (3) reached, will not submit more.
[186.805 MB]:     > Iteration 260: updated jobs
[186.805 MB]:     > Iteration 260: testing all jobs
[186.805 MB]: Starting MainProcess iteration 261
[186.805 MB]:     > Iteration 261: added new patches
Maximum jobs for cg (3) reached, will not submit more.
[186.805 MB]:     > Iteration 261: updated jobs
[186.805 MB]:     > Iteration 261: testing all jobs
[186.805 MB]: Starting MainProcess iteration 262
[186.805 MB]:     > Iteration 262: added new patches
Maximum jobs for cg (3) reached, will not submit more.
[186.805 MB]:     > Iteration 262: updated jobs
[186.805 MB]:     > Iteration 262: testing all jobs
[186.805 MB]: Starting MainProcess iteration 263
[186.805 MB]:     > Iteration 263: added new patches
Maximum jobs for cg (3) reached, will not submit more.
[186.805 MB]:     > Iteration 263: updated jobs
[186.805 MB]:     > Iteration 263: testing all jobs
[186.805 MB]: Starting MainProcess iteration 264
[186.805 MB]:     > Iteration 264: added new patches
Maximum jobs for cg (3) reached, will not submit more.
[186.805 MB]:     > Iteration 264: updated jobs
[186.805 MB]:     > Iteration 264: testing all jobs
[186.805 MB]: Starting MainProcess iteration 265
[186.805 MB]:     > Iteration 265: added new patches
Maximum jobs for cg (3) reached, will not submit more.
[186.805 MB]:     > Iteration 265: updated jobs
[186.805 MB]:     > Iteration 265: testing all jobs
[186.805 MB]: Starting MainProcess iteration 266
[186.805 MB]:     > Iteration 266: added new patches
Maximum jobs for cg (3) reached, will not submit more.
[186.805 MB]:     > Iteration 266: updated jobs
[186.805 MB]:     > Iteration 266: testing all jobs
[186.805 MB]: Starting MainProcess iteration 267
[186.805 MB]:     > Iteration 267: added new patches
Maximum jobs for cg (3) reached, will not submit more.
[186.805 MB]:     > Iteration 267: updated jobs
[186.805 MB]:     > Iteration 267: testing all jobs
[186.805 MB]: Starting MainProcess iteration 268
[186.805 MB]:     > Iteration 268: added new patches
Maximum jobs for cg (3) reached, will not submit more.
[186.805 MB]:     > Iteration 268: updated jobs
[186.805 MB]:     > Iteration 268: testing all jobs
[186.805 MB]: Starting MainProcess iteration 269
[186.805 MB]:     > Iteration 269: added new patches
Maximum jobs for cg (3) reached, will not submit more.
[186.805 MB]:     > Iteration 269: updated jobs
[186.805 MB]:     > Iteration 269: testing all jobs
[186.805 MB]: Starting MainProcess iteration 270
[186.805 MB]:     > Iteration 270: added new patches
Maximum jobs for cg (3) reached, will not submit more.
[186.805 MB]:     > Iteration 270: updated jobs
[186.805 MB]:     > Iteration 270: testing all jobs
[186.805 MB]: Starting MainProcess iteration 271
[186.805 MB]:     > Iteration 271: added new patches
Maximum jobs for cg (3) reached, will not submit more.
[186.805 MB]:     > Iteration 271: updated jobs
[186.805 MB]:     > Iteration 271: testing all jobs
[186.805 MB]: Starting MainProcess iteration 272
[186.805 MB]:     > Iteration 272: added new patches
Batch job for cganalysis-structure_iter00_000000000000 exists, assuming resumed: Conflict
[cg] Found already running cg job (Conflict) for simname = structure_iter00_000000000000
Batch job for cganalysis-structure_iter00_000000000002 exists, assuming resumed: Conflict
[cg] Found already running cg job (Conflict) for simname = structure_iter00_000000000002
Batch job for cganalysis-structure_iter00_000000000004 exists, assuming resumed: Conflict
[cg] Found already running cg job (Conflict) for simname = structure_iter00_000000000004
Batch job for cganalysis-structure_iter00_000000000006 exists, assuming resumed: Conflict
[cg] Found already running cg job (Conflict) for simname = structure_iter00_000000000006
Batch job for cganalysis-structure_iter00_000000000008 exists, assuming resumed: Conflict
[cg] Found already running cg job (Conflict) for simname = structure_iter00_000000000008
[186.805 MB]:     > Iteration 272: updated jobs
[186.805 MB]:     > Iteration 272: testing all jobs
[186.805 MB]: Starting MainProcess iteration 273
[186.805 MB]:     > Iteration 273: added new patches
Batch job for cganalysis-structure_iter00_000000000000 exists, assuming resumed: Conflict
[cg] Found already running cg job (Conflict) for simname = structure_iter00_000000000000
Batch job for cganalysis-structure_iter00_000000000002 exists, assuming resumed: Conflict
[cg] Found already running cg job (Conflict) for simname = structure_iter00_000000000002
Batch job for cganalysis-structure_iter00_000000000004 exists, assuming resumed: Conflict
[cg] Found already running cg job (Conflict) for simname = structure_iter00_000000000004
Batch job for cganalysis-structure_iter00_000000000006 exists, assuming resumed: Conflict
[cg] Found already running cg job (Conflict) for simname = structure_iter00_000000000006
Batch job for cganalysis-structure_iter00_000000000008 exists, assuming resumed: Conflict
[cg] Found already running cg job (Conflict) for simname = structure_iter00_000000000008
[186.805 MB]:     > Iteration 273: updated jobs
[186.805 MB]:     > Iteration 273: testing all jobs
[186.805 MB]: Starting MainProcess iteration 274
[186.805 MB]:     > Iteration 274: added new patches
Batch job for cganalysis-structure_iter00_000000000000 exists, assuming resumed: Conflict
[cg] Found already running cg job (Conflict) for simname = structure_iter00_000000000000
Batch job for cganalysis-structure_iter00_000000000002 exists, assuming resumed: Conflict
[cg] Found already running cg job (Conflict) for simname = structure_iter00_000000000002
Batch job for cganalysis-structure_iter00_000000000004 exists, assuming resumed: Conflict
[cg] Found already running cg job (Conflict) for simname = structure_iter00_000000000004
Batch job for cganalysis-structure_iter00_000000000006 exists, assuming resumed: Conflict
[cg] Found already running cg job (Conflict) for simname = structure_iter00_000000000006
Batch job for cganalysis-structure_iter00_000000000008 exists, assuming resumed: Conflict
[cg] Found already running cg job (Conflict) for simname = structure_iter00_000000000008
[186.805 MB]:     > Iteration 274: updated jobs
[186.805 MB]:     > Iteration 274: testing all jobs
[186.805 MB]: Starting MainProcess iteration 275
[186.805 MB]:     > Iteration 275: added new patches
Batch job for cganalysis-structure_iter00_000000000000 exists, assuming resumed: Conflict
[cg] Found already running cg job (Conflict) for simname = structure_iter00_000000000000
Batch job for cganalysis-structure_iter00_000000000002 exists, assuming resumed: Conflict
[cg] Found already running cg job (Conflict) for simname = structure_iter00_000000000002
Batch job for cganalysis-structure_iter00_000000000004 exists, assuming resumed: Conflict
[cg] Found already running cg job (Conflict) for simname = structure_iter00_000000000004
Pull policy for cganalysis-structure-iter00-000000000006 is IfNotPresent
Walltime is 2700.0
Backoff limit is 0
Pull policy for cganalysis-structure-iter00-000000000000 is IfNotPresent
Walltime is 2700.0
Backoff limit is 0
Pull policy for cganalysis-structure-iter00-000000000002 is IfNotPresent
Walltime is 2700.0
Backoff limit is 0
Pull policy for cganalysis-structure-iter00-000000000004 is IfNotPresent
Walltime is 2700.0
Backoff limit is 0
Pull policy for cganalysis-structure-iter00-000000000006 is IfNotPresent
Walltime is 2700.0
Backoff limit is 0
Pull policy for cganalysis-structure-iter00-000000000000 is IfNotPresent
Walltime is 2700.0
Backoff limit is 0
Pull policy for cganalysis-structure-iter00-000000000002 is IfNotPresent
Walltime is 2700.0
Backoff limit is 0
Pull policy for cganalysis-structure-iter00-000000000004 is IfNotPresent
Walltime is 2700.0
Backoff limit is 0
Pull policy for cganalysis-structure-iter00-000000000006 is IfNotPresent
Walltime is 2700.0
Backoff limit is 0
Pull policy for cganalysis-structure-iter00-000000000000 is IfNotPresent
Walltime is 2700.0
Backoff limit is 0
Pull policy for cganalysis-structure-iter00-000000000002 is IfNotPresent
Walltime is 2700.0
Backoff limit is 0
Pull policy for cganalysis-structure-iter00-000000000004 is IfNotPresent
Walltime is 2700.0
Backoff limit is 0
Pull policy for cganalysis-structure-iter00-000000000006 is IfNotPresent
Walltime is 2700.0
Backoff limit is 0
Pull policy for cganalysis-structure-iter00-000000000000 is IfNotPresent
Walltime is 2700.0
Backoff limit is 0
Pull policy for cganalysis-structure-iter00-000000000002 is IfNotPresent
Walltime is 2700.0
Backoff limit is 0
Pull policy for cganalysis-structure-iter00-000000000004 is IfNotPresent
Walltime is 2700.0
Backoff limit is 0
Pull policy for cganalysis-structure-iter00-000000000006 is IfNotPresent
Walltime is 2700.0
Backoff limit is 0
Pull policy for cganalysis-structure-iter00-000000000000 is IfNotPresent
Walltime is 2700.0
Backoff limit is 0
Pull policy for cganalysis-structure-iter00-000000000002 is IfNotPresent
Walltime is 2700.0
Backoff limit is 0
Pull policy for cganalysis-structure-iter00-000000000004 is IfNotPresent
Walltime is 2700.0
Backoff limit is 0
Pull policy for cganalysis-structure-iter00-000000000006 is IfNotPresent
Walltime is 2700.0
Backoff limit is 0
Pull policy for cganalysis-structure-iter00-000000000000 is IfNotPresent
Walltime is 2700.0
Backoff limit is 0
Pull policy for cganalysis-structure-iter00-000000000002 is IfNotPresent
Walltime is 2700.0
Backoff limit is 0
Pull policy for cganalysis-structure-iter00-000000000004 is IfNotPresent
Walltime is 2700.0
Backoff limit is 0
Pull policy for cganalysis-structure-iter00-000000000006 is IfNotPresent
Walltime is 2700.0
Backoff limit is 0
Pull policy for cganalysis-structure-iter00-000000000000 is IfNotPresent
Walltime is 2700.0
Backoff limit is 0
Pull policy for cganalysis-structure-iter00-000000000002 is IfNotPresent
Walltime is 2700.0
Backoff limit is 0
Pull policy for cganalysis-structure-iter00-000000000004 is IfNotPresent
Walltime is 2700.0
Backoff limit is 0
Pull policy for cganalysis-structure-iter00-000000000006 is IfNotPresent
Walltime is 2700.0
Backoff limit is 0
Pull policy for cganalysis-structure-iter00-000000000000 is IfNotPresent
Walltime is 2700.0
Backoff limit is 0
Pull policy for cganalysis-structure-iter00-000000000002 is IfNotPresent
Walltime is 2700.0
Backoff limit is 0
Pull policy for cganalysis-structure-iter00-000000000004 is IfNotPresent
Walltime is 2700.0
Backoff limit is 0
Pull policy for cganalysis-structure-iter00-000000000006 is IfNotPresent
Walltime is 2700.0
Backoff limit is 0
Pull policy for cganalysis-structure-iter00-000000000000 is IfNotPresent
Walltime is 2700.0
Backoff limit is 0
Pull policy for cganalysis-structure-iter00-000000000002 is IfNotPresent
Walltime is 2700.0
Backoff limit is 0
Pull policy for cganalysis-structure-iter00-000000000004 is IfNotPresent
Walltime is 2700.0
Backoff limit is 0
Pull policy for cganalysis-structure-iter00-000000000006 is IfNotPresent
Walltime is 2700.0
Backoff limit is 0
Pull policy for cganalysis-structure-iter00-000000000000 is IfNotPresent
Walltime is 2700.0
Backoff limit is 0
Pull policy for cganalysis-structure-iter00-000000000002 is IfNotPresent
Walltime is 2700.0
Backoff limit is 0
Pull policy for cganalysis-structure-iter00-000000000004 is IfNotPresent
Walltime is 2700.0
Backoff limit is 0
Pull policy for cganalysis-structure-iter00-000000000006 is IfNotPresent
Walltime is 2700.0
Backoff limit is 0
Pull policy for cganalysis-structure-iter00-000000000000 is IfNotPresent
Walltime is 2700.0
Backoff limit is 0
Pull policy for cganalysis-structure-iter00-000000000002 is IfNotPresent
Walltime is 2700.0
Backoff limit is 0
Pull policy for cganalysis-structure-iter00-000000000004 is IfNotPresent
Walltime is 2700.0
Backoff limit is 0
Pull policy for cganalysis-structure-iter00-000000000006 is IfNotPresent
Walltime is 2700.0
Backoff limit is 0
Pull policy for cganalysis-structure-iter00-000000000000 is IfNotPresent
Walltime is 2700.0
Backoff limit is 0
Pull policy for cganalysis-structure-iter00-000000000002 is IfNotPresent
Walltime is 2700.0
Backoff limit is 0
Pull policy for cganalysis-structure-iter00-000000000004 is IfNotPresent
Walltime is 2700.0
Backoff limit is 0
Pull policy for cganalysis-structure-iter00-000000000006 is IfNotPresent
Walltime is 2700.0
Backoff limit is 0
Pull policy for cganalysis-structure-iter00-000000000000 is IfNotPresent
Walltime is 2700.0
Backoff limit is 0
Pull policy for cganalysis-structure-iter00-000000000002 is IfNotPresent
Walltime is 2700.0
Backoff limit is 0
Pull policy for cganalysis-structure-iter00-000000000004 is IfNotPresent
Walltime is 2700.0
Backoff limit is 0
Pull policy for cganalysis-structure-iter00-000000000006 is IfNotPresent
Walltime is 2700.0
Backoff limit is 0
Pull policy for cganalysis-structure-iter00-000000000008 is IfNotPresent
Walltime is 2700.0
Backoff limit is 0
Pull policy for createsim-structure-iter00-000000000010 is IfNotPresent
Walltime is 2700.0
Backoff limit is 0
Pull policy for cganalysis-structure-iter00-000000000000 is IfNotPresent
Walltime is 2700.0
Backoff limit is 0
Pull policy for cganalysis-structure-iter00-000000000002 is IfNotPresent
Walltime is 2700.0
Backoff limit is 0
Pull policy for cganalysis-structure-iter00-000000000004 is IfNotPresent
Walltime is 2700.0
Backoff limit is 0
Pull policy for cganalysis-structure-iter00-000000000006 is IfNotPresent
Walltime is 2700.0
Backoff limit is 0
Pull policy for cganalysis-structure-iter00-000000000008 is IfNotPresent
Walltime is 2700.0
Backoff limit is 0
Pull policy for cganalysis-structure-iter00-000000000000 is IfNotPresent
Walltime is 2700.0
Backoff limit is 0
Pull policy for cganalysis-structure-iter00-000000000002 is IfNotPresent
Walltime is 2700.0
Backoff limit is 0
Pull policy for cganalysis-structure-iter00-000000000004 is IfNotPresent
Walltime is 2700.0
Backoff limit is 0
Pull policy for cganalysis-structure-iter00-000000000006 is IfNotPresent
Walltime is 2700.0
Backoff limit is 0
Pull policy for cganalysis-structure-iter00-000000000008 is IfNotPresent
Walltime is 2700.0
Backoff limit is 0
Pull policy for cganalysis-structure-iter00-000000000000 is IfNotPresent
Walltime is 2700.0
Backoff limit is 0
Pull policy for cganalysis-structure-iter00-000000000002 is IfNotPresent
Walltime is 2700.0
Backoff limit is 0
Pull policy for cganalysis-structure-iter00-000000000004 is IfNotPresent
Walltime is 2700.0
Backoff limit is 0
Pull policy for cganalysis-structure-iter00-000000000006 is IfNotPresent
Walltime is 2700.0
Backoff limit is 0
Pull policy for cganalysis-structure-iter00-000000000008 is IfNotPresent
Walltime is 2700.0
Backoff limit is 0
Pull policy for cganalysis-structure-iter00-000000000000 is IfNotPresent
Walltime is 2700.0
Backoff limit is 0
Pull policy for cganalysis-structure-iter00-000000000002 is IfNotPresent
Walltime is 2700.0
Backoff limit is 0
Pull policy for cganalysis-structure-iter00-000000000004 is IfNotPresent
Walltime is 2700.0
Backoff limit is 0
Pull policy for cganalysis-structure-iter00-000000000006 is IfNotPresent
Batch job for cganalysis-structure_iter00_000000000006 exists, assuming resumed: Conflict
[cg] Found already running cg job (Conflict) for simname = structure_iter00_000000000006
Batch job for cganalysis-structure_iter00_000000000008 exists, assuming resumed: Conflict
[cg] Found already running cg job (Conflict) for simname = structure_iter00_000000000008
[186.805 MB]:     > Iteration 275: updated jobs
[186.805 MB]:     > Iteration 275: testing all jobs
[186.805 MB]: Starting MainProcess iteration 276
[186.805 MB]:     > Iteration 276: added new patches
Batch job for cganalysis-structure_iter00_000000000000 exists, assuming resumed: Conflict
[cg] Found already running cg job (Conflict) for simname = structure_iter00_000000000000
Batch job for cganalysis-structure_iter00_000000000002 exists, assuming resumed: Conflict
[cg] Found already running cg job (Conflict) for simname = structure_iter00_000000000002
Batch job for cganalysis-structure_iter00_000000000004 exists, assuming resumed: Conflict
[cg] Found already running cg job (Conflict) for simname = structure_iter00_000000000004
Batch job for cganalysis-structure_iter00_000000000006 exists, assuming resumed: Conflict
[cg] Found already running cg job (Conflict) for simname = structure_iter00_000000000006
Batch job for cganalysis-structure_iter00_000000000008 exists, assuming resumed: Conflict
[cg] Found already running cg job (Conflict) for simname = structure_iter00_000000000008
[186.805 MB]:     > Iteration 276: updated jobs
[186.805 MB]:     > Iteration 276: testing all jobs
[186.805 MB]: Starting MainProcess iteration 277
[186.805 MB]:     > Iteration 277: added new patches
Batch job for cganalysis-structure_iter00_000000000000 exists, assuming resumed: Conflict
[cg] Found already running cg job (Conflict) for simname = structure_iter00_000000000000
Batch job for cganalysis-structure_iter00_000000000002 exists, assuming resumed: Conflict
[cg] Found already running cg job (Conflict) for simname = structure_iter00_000000000002
Batch job for cganalysis-structure_iter00_000000000004 exists, assuming resumed: Conflict
[cg] Found already running cg job (Conflict) for simname = structure_iter00_000000000004
Batch job for cganalysis-structure_iter00_000000000006 exists, assuming resumed: Conflict
[cg] Found already running cg job (Conflict) for simname = structure_iter00_000000000006
Batch job for cganalysis-structure_iter00_000000000008 exists, assuming resumed: Conflict
[cg] Found already running cg job (Conflict) for simname = structure_iter00_000000000008
[186.805 MB]:     > Iteration 277: updated jobs
[186.805 MB]:     > Iteration 277: testing all jobs
[186.805 MB]: Starting MainProcess iteration 278
[186.805 MB]:     > Iteration 278: added new patches
Batch job for cganalysis-structure_iter00_000000000000 exists, assuming resumed: Conflict
[cg] Found already running cg job (Conflict) for simname = structure_iter00_000000000000
Batch job for cganalysis-structure_iter00_000000000002 exists, assuming resumed: Conflict
[cg] Found already running cg job (Conflict) for simname = structure_iter00_000000000002
Batch job for cganalysis-structure_iter00_000000000004 exists, assuming resumed: Conflict
[cg] Found already running cg job (Conflict) for simname = structure_iter00_000000000004
Batch job for cganalysis-structure_iter00_000000000006 exists, assuming resumed: Conflict
[cg] Found already running cg job (Conflict) for simname = structure_iter00_000000000006
Batch job for cganalysis-structure_iter00_000000000008 exists, assuming resumed: Conflict
[cg] Found already running cg job (Conflict) for simname = structure_iter00_000000000008
[186.805 MB]:     > Iteration 278: updated jobs
[186.805 MB]:     > Iteration 278: testing all jobs
[186.805 MB]: Starting MainProcess iteration 279
[186.805 MB]:     > Iteration 279: added new patches
Batch job for cganalysis-structure_iter00_000000000000 exists, assuming resumed: Conflict
[cg] Found already running cg job (Conflict) for simname = structure_iter00_000000000000
Batch job for cganalysis-structure_iter00_000000000002 exists, assuming resumed: Conflict
[cg] Found already running cg job (Conflict) for simname = structure_iter00_000000000002
Batch job for cganalysis-structure_iter00_000000000004 exists, assuming resumed: Conflict
[cg] Found already running cg job (Conflict) for simname = structure_iter00_000000000004
Batch job for cganalysis-structure_iter00_000000000006 exists, assuming resumed: Conflict
[cg] Found already running cg job (Conflict) for simname = structure_iter00_000000000006
Batch job for cganalysis-structure_iter00_000000000008 exists, assuming resumed: Conflict
[cg] Found already running cg job (Conflict) for simname = structure_iter00_000000000008
[186.805 MB]:     > Iteration 279: updated jobs
[186.805 MB]:     > Iteration 279: testing all jobs
[186.805 MB]: Starting MainProcess iteration 280
[186.805 MB]:     > Iteration 280: added new patches
Batch job for cganalysis-structure_iter00_000000000000 exists, assuming resumed: Conflict
[cg] Found already running cg job (Conflict) for simname = structure_iter00_000000000000
Batch job for cganalysis-structure_iter00_000000000002 exists, assuming resumed: Conflict
[cg] Found already running cg job (Conflict) for simname = structure_iter00_000000000002
Batch job for cganalysis-structure_iter00_000000000004 exists, assuming resumed: Conflict
[cg] Found already running cg job (Conflict) for simname = structure_iter00_000000000004
Batch job for cganalysis-structure_iter00_000000000006 exists, assuming resumed: Conflict
[cg] Found already running cg job (Conflict) for simname = structure_iter00_000000000006
Batch job for cganalysis-structure_iter00_000000000008 exists, assuming resumed: Conflict
[cg] Found already running cg job (Conflict) for simname = structure_iter00_000000000008
[186.805 MB]:     > Iteration 280: updated jobs
[186.805 MB]:     > Iteration 280: testing all jobs
[186.805 MB]: Starting MainProcess iteration 281
[186.805 MB]:     > Iteration 281: added new patches
Batch job for cganalysis-structure_iter00_000000000000 exists, assuming resumed: Conflict
[cg] Found already running cg job (Conflict) for simname = structure_iter00_000000000000
Batch job for cganalysis-structure_iter00_000000000002 exists, assuming resumed: Conflict
[cg] Found already running cg job (Conflict) for simname = structure_iter00_000000000002
Batch job for cganalysis-structure_iter00_000000000004 exists, assuming resumed: Conflict
[cg] Found already running cg job (Conflict) for simname = structure_iter00_000000000004
Batch job for cganalysis-structure_iter00_000000000006 exists, assuming resumed: Conflict
[cg] Found already running cg job (Conflict) for simname = structure_iter00_000000000006
Batch job for cganalysis-structure_iter00_000000000008 exists, assuming resumed: Conflict
[cg] Found already running cg job (Conflict) for simname = structure_iter00_000000000008
[186.805 MB]:     > Iteration 281: updated jobs
[186.805 MB]:     > Iteration 281: testing all jobs
[186.805 MB]: Starting MainProcess iteration 282
[186.805 MB]:     > Iteration 282: added new patches
Batch job for cganalysis-structure_iter00_000000000000 exists, assuming resumed: Conflict
[cg] Found already running cg job (Conflict) for simname = structure_iter00_000000000000
Batch job for cganalysis-structure_iter00_000000000002 exists, assuming resumed: Conflict
[cg] Found already running cg job (Conflict) for simname = structure_iter00_000000000002
Batch job for cganalysis-structure_iter00_000000000004 exists, assuming resumed: Conflict
[cg] Found already running cg job (Conflict) for simname = structure_iter00_000000000004
Batch job for cganalysis-structure_iter00_000000000006 exists, assuming resumed: Conflict
[cg] Found already running cg job (Conflict) for simname = structure_iter00_000000000006
Batch job for cganalysis-structure_iter00_000000000008 exists, assuming resumed: Conflict
[cg] Found already running cg job (Conflict) for simname = structure_iter00_000000000008
[186.805 MB]:     > Iteration 282: updated jobs
[186.805 MB]:     > Iteration 282: testing all jobs
[186.805 MB]: Starting MainProcess iteration 283
[186.805 MB]:     > Iteration 283: added new patches
Batch job for cganalysis-structure_iter00_000000000000 exists, assuming resumed: Conflict
[cg] Found already running cg job (Conflict) for simname = structure_iter00_000000000000
Batch job for cganalysis-structure_iter00_000000000002 exists, assuming resumed: Conflict
[cg] Found already running cg job (Conflict) for simname = structure_iter00_000000000002
Batch job for cganalysis-structure_iter00_000000000004 exists, assuming resumed: Conflict
[cg] Found already running cg job (Conflict) for simname = structure_iter00_000000000004
Batch job for cganalysis-structure_iter00_000000000006 exists, assuming resumed: Conflict
[cg] Found already running cg job (Conflict) for simname = structure_iter00_000000000006
Batch job for cganalysis-structure_iter00_000000000008 exists, assuming resumed: Conflict
[cg] Found already running cg job (Conflict) for simname = structure_iter00_000000000008
[186.805 MB]:     > Iteration 283: updated jobs
[186.805 MB]:     > Iteration 283: testing all jobs
[186.805 MB]: Starting MainProcess iteration 284
[186.805 MB]:     > Iteration 284: added new patches
Batch job for cganalysis-structure_iter00_000000000000 exists, assuming resumed: Conflict
[cg] Found already running cg job (Conflict) for simname = structure_iter00_000000000000
Batch job for cganalysis-structure_iter00_000000000002 exists, assuming resumed: Conflict
[cg] Found already running cg job (Conflict) for simname = structure_iter00_000000000002
Batch job for cganalysis-structure_iter00_000000000004 exists, assuming resumed: Conflict
[cg] Found already running cg job (Conflict) for simname = structure_iter00_000000000004
Batch job for cganalysis-structure_iter00_000000000006 exists, assuming resumed: Conflict
[cg] Found already running cg job (Conflict) for simname = structure_iter00_000000000006
Batch job for cganalysis-structure_iter00_000000000008 exists, assuming resumed: Conflict
[cg] Found already running cg job (Conflict) for simname = structure_iter00_000000000008
[186.805 MB]:     > Iteration 284: updated jobs
[186.805 MB]:     > Iteration 284: testing all jobs
[186.805 MB]: Starting MainProcess iteration 285
[186.805 MB]:     > Iteration 285: added new patches
Batch job for cganalysis-structure_iter00_000000000000 exists, assuming resumed: Conflict
[cg] Found already running cg job (Conflict) for simname = structure_iter00_000000000000
Batch job for cganalysis-structure_iter00_000000000002 exists, assuming resumed: Conflict
[cg] Found already running cg job (Conflict) for simname = structure_iter00_000000000002
Batch job for cganalysis-structure_iter00_000000000004 exists, assuming resumed: Conflict
[cg] Found already running cg job (Conflict) for simname = structure_iter00_000000000004
Batch job for cganalysis-structure_iter00_000000000006 exists, assuming resumed: Conflict
[cg] Found already running cg job (Conflict) for simname = structure_iter00_000000000006
Batch job for cganalysis-structure_iter00_000000000008 exists, assuming resumed: Conflict
[cg] Found already running cg job (Conflict) for simname = structure_iter00_000000000008
[186.805 MB]:     > Iteration 285: updated jobs
[186.805 MB]:     > Iteration 285: testing all jobs
[186.805 MB]: Starting MainProcess iteration 286
[186.805 MB]:     > Iteration 286: added new patches
Batch job for cganalysis-structure_iter00_000000000000 exists, assuming resumed: Conflict
[cg] Found already running cg job (Conflict) for simname = structure_iter00_000000000000
Batch job for cganalysis-structure_iter00_000000000002 exists, assuming resumed: Conflict
[cg] Found already running cg job (Conflict) for simname = structure_iter00_000000000002
Batch job for cganalysis-structure_iter00_000000000004 exists, assuming resumed: Conflict
[cg] Found already running cg job (Conflict) for simname = structure_iter00_000000000004
Batch job for cganalysis-structure_iter00_000000000006 exists, assuming resumed: Conflict
[cg] Found already running cg job (Conflict) for simname = structure_iter00_000000000006
Batch job for cganalysis-structure_iter00_000000000008 exists, assuming resumed: Conflict
[cg] Found already running cg job (Conflict) for simname = structure_iter00_000000000008
[186.805 MB]:     > Iteration 286: updated jobs
[186.805 MB]:     > Iteration 286: testing all jobs
[186.805 MB]: Starting MainProcess iteration 287
[186.805 MB]:     > Iteration 287: added new patches
Batch job for cganalysis-structure_iter00_000000000000 exists, assuming resumed: Conflict
[cg] Found already running cg job (Conflict) for simname = structure_iter00_000000000000
Batch job for cganalysis-structure_iter00_000000000002 exists, assuming resumed: Conflict
[cg] Found already running cg job (Conflict) for simname = structure_iter00_000000000002
Batch job for cganalysis-structure_iter00_000000000004 exists, assuming resumed: Conflict
[cg] Found already running cg job (Conflict) for simname = structure_iter00_000000000004
Batch job for cganalysis-structure_iter00_000000000006 exists, assuming resumed: Conflict
[cg] Found already running cg job (Conflict) for simname = structure_iter00_000000000006
Batch job for cganalysis-structure_iter00_000000000008 exists, assuming resumed: Conflict
[cg] Found already running cg job (Conflict) for simname = structure_iter00_000000000008
[186.805 MB]:     > Iteration 287: updated jobs
[186.805 MB]:     > Iteration 287: testing all jobs
[186.805 MB]: Starting MainProcess iteration 288
[186.805 MB]:     > Iteration 288: added new patches
Batch job for cganalysis-structure_iter00_000000000000 exists, assuming resumed: Conflict
[cg] Found already running cg job (Conflict) for simname = structure_iter00_000000000000
Batch job for cganalysis-structure_iter00_000000000002 exists, assuming resumed: Conflict
[cg] Found already running cg job (Conflict) for simname = structure_iter00_000000000002
Batch job for cganalysis-structure_iter00_000000000004 exists, assuming resumed: Conflict
[cg] Found already running cg job (Conflict) for simname = structure_iter00_000000000004
Batch job for cganalysis-structure_iter00_000000000006 exists, assuming resumed: Conflict
[cg] Found already running cg job (Conflict) for simname = structure_iter00_000000000006
Batch job for cganalysis-structure_iter00_000000000008 exists, assuming resumed: Conflict
[cg] Found already running cg job (Conflict) for simname = structure_iter00_000000000008
[186.805 MB]:     > Iteration 288: updated jobs
[186.805 MB]:     > Iteration 288: testing all jobs
[186.805 MB]: Starting MainProcess iteration 289
[186.805 MB]:     > Iteration 289: added new patches
Batch job for cganalysis-structure_iter00_000000000000 exists, assuming resumed: Conflict
[cg] Found already running cg job (Conflict) for simname = structure_iter00_000000000000
Batch job for cganalysis-structure_iter00_000000000002 exists, assuming resumed: Conflict
[cg] Found already running cg job (Conflict) for simname = structure_iter00_000000000002
Batch job for cganalysis-structure_iter00_000000000004 exists, assuming resumed: Conflict
[cg] Found already running cg job (Conflict) for simname = structure_iter00_000000000004
Batch job for cganalysis-structure_iter00_000000000006 exists, assuming resumed: Conflict
[cg] Found already running cg job (Conflict) for simname = structure_iter00_000000000006
Batch job for cganalysis-structure_iter00_000000000008 exists, assuming resumed: Conflict
[cg] Found already running cg job (Conflict) for simname = structure_iter00_000000000008
[186.805 MB]:     > Iteration 289: updated jobs
[186.805 MB]:     > Iteration 289: testing all jobs
[186.805 MB]: Starting MainProcess iteration 290
[186.805 MB]:     > Iteration 290: added new patches
Batch job for cganalysis-structure_iter00_000000000000 exists, assuming resumed: Conflict
[cg] Found already running cg job (Conflict) for simname = structure_iter00_000000000000
Batch job for cganalysis-structure_iter00_000000000002 exists, assuming resumed: Conflict
[cg] Found already running cg job (Conflict) for simname = structure_iter00_000000000002
Walltime is 2700.0
Backoff limit is 0
Pull policy for cganalysis-structure-iter00-000000000008 is IfNotPresent
Walltime is 2700.0
Backoff limit is 0
Pull policy for cganalysis-structure-iter00-000000000000 is IfNotPresent
Walltime is 2700.0
Backoff limit is 0
Pull policy for cganalysis-structure-iter00-000000000002 is IfNotPresent
Walltime is 2700.0
Backoff limit is 0
Pull policy for cganalysis-structure-iter00-000000000004 is IfNotPresent
Walltime is 2700.0
Backoff limit is 0
Pull policy for cganalysis-structure-iter00-000000000006 is IfNotPresent
Walltime is 2700.0
Backoff limit is 0
Pull policy for cganalysis-structure-iter00-000000000008 is IfNotPresent
Walltime is 2700.0
Backoff limit is 0
Pull policy for cganalysis-structure-iter00-000000000000 is IfNotPresent
Walltime is 2700.0
Backoff limit is 0
Pull policy for cganalysis-structure-iter00-000000000002 is IfNotPresent
Walltime is 2700.0
Backoff limit is 0
Pull policy for cganalysis-structure-iter00-000000000004 is IfNotPresent
Walltime is 2700.0
Backoff limit is 0
Pull policy for cganalysis-structure-iter00-000000000006 is IfNotPresent
Walltime is 2700.0
Backoff limit is 0
Pull policy for cganalysis-structure-iter00-000000000008 is IfNotPresent
Walltime is 2700.0
Backoff limit is 0
Pull policy for cganalysis-structure-iter00-000000000000 is IfNotPresent
Walltime is 2700.0
Backoff limit is 0
Pull policy for cganalysis-structure-iter00-000000000002 is IfNotPresent
Walltime is 2700.0
Backoff limit is 0
Pull policy for cganalysis-structure-iter00-000000000004 is IfNotPresent
Walltime is 2700.0
Backoff limit is 0
Pull policy for cganalysis-structure-iter00-000000000006 is IfNotPresent
Walltime is 2700.0
Backoff limit is 0
Pull policy for cganalysis-structure-iter00-000000000008 is IfNotPresent
Walltime is 2700.0
Backoff limit is 0
Pull policy for cganalysis-structure-iter00-000000000000 is IfNotPresent
Walltime is 2700.0
Backoff limit is 0
Pull policy for cganalysis-structure-iter00-000000000002 is IfNotPresent
Walltime is 2700.0
Backoff limit is 0
Pull policy for cganalysis-structure-iter00-000000000004 is IfNotPresent
Walltime is 2700.0
Backoff limit is 0
Pull policy for cganalysis-structure-iter00-000000000006 is IfNotPresent
Walltime is 2700.0
Backoff limit is 0
Pull policy for cganalysis-structure-iter00-000000000008 is IfNotPresent
Walltime is 2700.0
Backoff limit is 0
Pull policy for cganalysis-structure-iter00-000000000000 is IfNotPresent
Walltime is 2700.0
Backoff limit is 0
Pull policy for cganalysis-structure-iter00-000000000002 is IfNotPresent
Walltime is 2700.0
Backoff limit is 0
Pull policy for cganalysis-structure-iter00-000000000004 is IfNotPresent
Walltime is 2700.0
Backoff limit is 0
Pull policy for cganalysis-structure-iter00-000000000006 is IfNotPresent
Walltime is 2700.0
Backoff limit is 0
Pull policy for cganalysis-structure-iter00-000000000008 is IfNotPresent
Walltime is 2700.0
Backoff limit is 0
Pull policy for cganalysis-structure-iter00-000000000000 is IfNotPresent
Walltime is 2700.0
Backoff limit is 0
Pull policy for cganalysis-structure-iter00-000000000002 is IfNotPresent
Walltime is 2700.0
Backoff limit is 0
Pull policy for cganalysis-structure-iter00-000000000004 is IfNotPresent
Walltime is 2700.0
Backoff limit is 0
Pull policy for cganalysis-structure-iter00-000000000006 is IfNotPresent
Walltime is 2700.0
Backoff limit is 0
Pull policy for cganalysis-structure-iter00-000000000008 is IfNotPresent
Walltime is 2700.0
Backoff limit is 0
Pull policy for cganalysis-structure-iter00-000000000000 is IfNotPresent
Walltime is 2700.0
Backoff limit is 0
Pull policy for cganalysis-structure-iter00-000000000002 is IfNotPresent
Walltime is 2700.0
Backoff limit is 0
Pull policy for cganalysis-structure-iter00-000000000004 is IfNotPresent
Walltime is 2700.0
Backoff limit is 0
Pull policy for cganalysis-structure-iter00-000000000006 is IfNotPresent
Walltime is 2700.0
Backoff limit is 0
Pull policy for cganalysis-structure-iter00-000000000008 is IfNotPresent
Walltime is 2700.0
Backoff limit is 0
Pull policy for cganalysis-structure-iter00-000000000000 is IfNotPresent
Walltime is 2700.0
Backoff limit is 0
Pull policy for cganalysis-structure-iter00-000000000002 is IfNotPresent
Walltime is 2700.0
Backoff limit is 0
Pull policy for cganalysis-structure-iter00-000000000004 is IfNotPresent
Walltime is 2700.0
Backoff limit is 0
Pull policy for cganalysis-structure-iter00-000000000006 is IfNotPresent
Walltime is 2700.0
Backoff limit is 0
Pull policy for cganalysis-structure-iter00-000000000008 is IfNotPresent
Walltime is 2700.0
Backoff limit is 0
Pull policy for cganalysis-structure-iter00-000000000000 is IfNotPresent
Walltime is 2700.0
Backoff limit is 0
Pull policy for cganalysis-structure-iter00-000000000002 is IfNotPresent
Walltime is 2700.0
Backoff limit is 0
Pull policy for cganalysis-structure-iter00-000000000004 is IfNotPresent
Walltime is 2700.0
Backoff limit is 0
Pull policy for cganalysis-structure-iter00-000000000006 is IfNotPresent
Walltime is 2700.0
Backoff limit is 0
Pull policy for cganalysis-structure-iter00-000000000008 is IfNotPresent
Walltime is 2700.0
Backoff limit is 0
Pull policy for cganalysis-structure-iter00-000000000000 is IfNotPresent
Walltime is 2700.0
Backoff limit is 0
Pull policy for cganalysis-structure-iter00-000000000002 is IfNotPresent
Walltime is 2700.0
Backoff limit is 0
Pull policy for cganalysis-structure-iter00-000000000004 is IfNotPresent
Walltime is 2700.0
Backoff limit is 0
Pull policy for cganalysis-structure-iter00-000000000006 is IfNotPresent
Walltime is 2700.0
Backoff limit is 0
Pull policy for cganalysis-structure-iter00-000000000008 is IfNotPresent
Walltime is 2700.0
Backoff limit is 0
Pull policy for cganalysis-structure-iter00-000000000000 is IfNotPresent
Walltime is 2700.0
Backoff limit is 0
Pull policy for cganalysis-structure-iter00-000000000002 is IfNotPresent
Walltime is 2700.0
Backoff limit is 0
Pull policy for cganalysis-structure-iter00-000000000004 is IfNotPresent
Walltime is 2700.0
Backoff limit is 0
Pull policy for cganalysis-structure-iter00-000000000006 is IfNotPresent
Walltime is 2700.0
Backoff limit is 0
Pull policy for cganalysis-structure-iter00-000000000008 is IfNotPresent
Walltime is 2700.0
Backoff limit is 0
Pull policy for cganalysis-structure-iter00-000000000000 is IfNotPresent
Walltime is 2700.0
Backoff limit is 0
Pull policy for cganalysis-structure-iter00-000000000002 is IfNotPresent
Walltime is 2700.0
Backoff limit is 0
Pull policy for cganalysis-structure-iter00-000000000004 is IfNotPresent
Walltime is 2700.0
Backoff limit is 0
Pull policy for cganalysis-structure-iter00-000000000006 is IfNotPresent
Walltime is 2700.0
Backoff limit is 0
Pull policy for cganalysis-structure-iter00-000000000008 is IfNotPresent
Walltime is 2700.0
Backoff limit is 0
Pull policy for cganalysis-structure-iter00-000000000000 is IfNotPresent
Walltime is 2700.0
Backoff limit is 0
Pull policy for cganalysis-structure-iter00-000000000002 is IfNotPresent
Walltime is 2700.0
Backoff limit is 0
Pull policy for cganalysis-structure-iter00-000000000004 is IfNotPresent
Walltime is 2700.0
Backoff limit is 0
Pull policy for cganalysis-structure-iter00-000000000006 is IfNotPresent
Walltime is 2700.0
Backoff limit is 0
Pull policy for cganalysis-structure-iter00-000000000008 is IfNotPresent
Walltime is 2700.0
Backoff limit is 0
Pull policy for cganalysis-structure-iter00-000000000000 is IfNotPresent
Walltime is 2700.0
Backoff limit is 0
Pull policy for cganalysis-structure-iter00-000000000002 is IfNotPresent
Walltime is 2700.0
Backoff limit is 0
Pull policy for cganalysis-structure-iter00-000000000004 is IfNotPresent
Walltime is 2700.0
Backoff limit is 0
Pull policy for cganalysis-structure-iter00-000000000006 is IfNotPresent
Walltime is 2700.0
Backoff limit is 0
Pull policy for cganalysis-structure-iter00-000000000008 is IfNotPresent
Walltime is 2700.0
Backoff limit is 0
Pull policy for cganalysis-structure-iter00-000000000000 is IfNotPresent
Walltime is 2700.0
Backoff limit is 0
Pull policy for cganalysis-structure-iter00-000000000002 is IfNotPresent
Walltime is 2700.0
Backoff limit is 0
Batch job for cganalysis-structure_iter00_000000000004 exists, assuming resumed: Conflict
[cg] Found already running cg job (Conflict) for simname = structure_iter00_000000000004
Batch job for cganalysis-structure_iter00_000000000006 exists, assuming resumed: Conflict
[cg] Found already running cg job (Conflict) for simname = structure_iter00_000000000006
Batch job for cganalysis-structure_iter00_000000000008 exists, assuming resumed: Conflict
[cg] Found already running cg job (Conflict) for simname = structure_iter00_000000000008
[186.805 MB]:     > Iteration 290: updated jobs
[186.805 MB]:     > Iteration 290: testing all jobs
[186.805 MB]: Starting MainProcess iteration 291
[186.805 MB]:     > Iteration 291: added new patches
Batch job for cganalysis-structure_iter00_000000000000 exists, assuming resumed: Conflict
[cg] Found already running cg job (Conflict) for simname = structure_iter00_000000000000
Batch job for cganalysis-structure_iter00_000000000002 exists, assuming resumed: Conflict
[cg] Found already running cg job (Conflict) for simname = structure_iter00_000000000002
Batch job for cganalysis-structure_iter00_000000000004 exists, assuming resumed: Conflict
[cg] Found already running cg job (Conflict) for simname = structure_iter00_000000000004
Batch job for cganalysis-structure_iter00_000000000006 exists, assuming resumed: Conflict
[cg] Found already running cg job (Conflict) for simname = structure_iter00_000000000006
Batch job for cganalysis-structure_iter00_000000000008 exists, assuming resumed: Conflict
[cg] Found already running cg job (Conflict) for simname = structure_iter00_000000000008
[186.805 MB]:     > Iteration 291: updated jobs
[186.805 MB]:     > Iteration 291: testing all jobs
[186.805 MB]: Starting MainProcess iteration 292
[186.805 MB]:     > Iteration 292: added new patches
Batch job for cganalysis-structure_iter00_000000000000 exists, assuming resumed: Conflict
[cg] Found already running cg job (Conflict) for simname = structure_iter00_000000000000
Batch job for cganalysis-structure_iter00_000000000002 exists, assuming resumed: Conflict
[cg] Found already running cg job (Conflict) for simname = structure_iter00_000000000002
Batch job for cganalysis-structure_iter00_000000000004 exists, assuming resumed: Conflict
[cg] Found already running cg job (Conflict) for simname = structure_iter00_000000000004
Batch job for cganalysis-structure_iter00_000000000006 exists, assuming resumed: Conflict
[cg] Found already running cg job (Conflict) for simname = structure_iter00_000000000006
Batch job for cganalysis-structure_iter00_000000000008 exists, assuming resumed: Conflict
[cg] Found already running cg job (Conflict) for simname = structure_iter00_000000000008
[186.805 MB]:     > Iteration 292: updated jobs
[186.805 MB]:     > Iteration 292: testing all jobs
[186.805 MB]: Starting MainProcess iteration 293
[186.805 MB]:     > Iteration 293: added new patches
Batch job for cganalysis-structure_iter00_000000000000 exists, assuming resumed: Conflict
[cg] Found already running cg job (Conflict) for simname = structure_iter00_000000000000
Batch job for cganalysis-structure_iter00_000000000002 exists, assuming resumed: Conflict
[cg] Found already running cg job (Conflict) for simname = structure_iter00_000000000002
Batch job for cganalysis-structure_iter00_000000000004 exists, assuming resumed: Conflict
[cg] Found already running cg job (Conflict) for simname = structure_iter00_000000000004
Batch job for cganalysis-structure_iter00_000000000006 exists, assuming resumed: Conflict
[cg] Found already running cg job (Conflict) for simname = structure_iter00_000000000006
Batch job for cganalysis-structure_iter00_000000000008 exists, assuming resumed: Conflict
[cg] Found already running cg job (Conflict) for simname = structure_iter00_000000000008
[186.805 MB]:     > Iteration 293: updated jobs
[186.805 MB]:     > Iteration 293: testing all jobs
[186.805 MB]: Starting MainProcess iteration 294
[186.805 MB]:     > Iteration 294: added new patches
Batch job for cganalysis-structure_iter00_000000000000 exists, assuming resumed: Conflict
[cg] Found already running cg job (Conflict) for simname = structure_iter00_000000000000
Batch job for cganalysis-structure_iter00_000000000002 exists, assuming resumed: Conflict
[cg] Found already running cg job (Conflict) for simname = structure_iter00_000000000002
Batch job for cganalysis-structure_iter00_000000000004 exists, assuming resumed: Conflict
[cg] Found already running cg job (Conflict) for simname = structure_iter00_000000000004
Batch job for cganalysis-structure_iter00_000000000006 exists, assuming resumed: Conflict
[cg] Found already running cg job (Conflict) for simname = structure_iter00_000000000006
Batch job for cganalysis-structure_iter00_000000000008 exists, assuming resumed: Conflict
[cg] Found already running cg job (Conflict) for simname = structure_iter00_000000000008
[186.805 MB]:     > Iteration 294: updated jobs
[186.805 MB]:     > Iteration 294: testing all jobs
[186.805 MB]: Starting MainProcess iteration 295
[186.805 MB]:     > Iteration 295: added new patches
Batch job for cganalysis-structure_iter00_000000000000 exists, assuming resumed: Conflict
[cg] Found already running cg job (Conflict) for simname = structure_iter00_000000000000
Batch job for cganalysis-structure_iter00_000000000002 exists, assuming resumed: Conflict
[cg] Found already running cg job (Conflict) for simname = structure_iter00_000000000002
Batch job for cganalysis-structure_iter00_000000000004 exists, assuming resumed: Conflict
[cg] Found already running cg job (Conflict) for simname = structure_iter00_000000000004
Batch job for cganalysis-structure_iter00_000000000006 exists, assuming resumed: Conflict
[cg] Found already running cg job (Conflict) for simname = structure_iter00_000000000006
Batch job for cganalysis-structure_iter00_000000000008 exists, assuming resumed: Conflict
[cg] Found already running cg job (Conflict) for simname = structure_iter00_000000000008
[186.805 MB]:     > Iteration 295: updated jobs
[186.805 MB]:     > Iteration 295: testing all jobs
[186.805 MB]: Starting MainProcess iteration 296
[186.805 MB]:     > Iteration 296: added new patches
Batch job for cganalysis-structure_iter00_000000000000 exists, assuming resumed: Conflict
[cg] Found already running cg job (Conflict) for simname = structure_iter00_000000000000
Batch job for cganalysis-structure_iter00_000000000002 exists, assuming resumed: Conflict
[cg] Found already running cg job (Conflict) for simname = structure_iter00_000000000002
Batch job for cganalysis-structure_iter00_000000000004 exists, assuming resumed: Conflict
[cg] Found already running cg job (Conflict) for simname = structure_iter00_000000000004
Batch job for cganalysis-structure_iter00_000000000006 exists, assuming resumed: Conflict
[cg] Found already running cg job (Conflict) for simname = structure_iter00_000000000006
Batch job for cganalysis-structure_iter00_000000000008 exists, assuming resumed: Conflict
[cg] Found already running cg job (Conflict) for simname = structure_iter00_000000000008
[186.805 MB]:     > Iteration 296: updated jobs
[186.805 MB]:     > Iteration 296: testing all jobs
[186.805 MB]: Starting MainProcess iteration 297
[186.805 MB]:     > Iteration 297: added new patches
Batch job for cganalysis-structure_iter00_000000000000 exists, assuming resumed: Conflict
[cg] Found already running cg job (Conflict) for simname = structure_iter00_000000000000
Batch job for cganalysis-structure_iter00_000000000002 exists, assuming resumed: Conflict
[cg] Found already running cg job (Conflict) for simname = structure_iter00_000000000002
Batch job for cganalysis-structure_iter00_000000000004 exists, assuming resumed: Conflict
[cg] Found already running cg job (Conflict) for simname = structure_iter00_000000000004
Batch job for cganalysis-structure_iter00_000000000006 exists, assuming resumed: Conflict
[cg] Found already running cg job (Conflict) for simname = structure_iter00_000000000006
Batch job for cganalysis-structure_iter00_000000000008 exists, assuming resumed: Conflict
[cg] Found already running cg job (Conflict) for simname = structure_iter00_000000000008
[186.805 MB]:     > Iteration 297: updated jobs
[186.805 MB]:     > Iteration 297: testing all jobs
[186.805 MB]: Starting MainProcess iteration 298
[186.805 MB]:     > Iteration 298: added new patches
Batch job for cganalysis-structure_iter00_000000000000 exists, assuming resumed: Conflict
[cg] Found already running cg job (Conflict) for simname = structure_iter00_000000000000
Batch job for cganalysis-structure_iter00_000000000002 exists, assuming resumed: Conflict
[cg] Found already running cg job (Conflict) for simname = structure_iter00_000000000002
Batch job for cganalysis-structure_iter00_000000000004 exists, assuming resumed: Conflict
[cg] Found already running cg job (Conflict) for simname = structure_iter00_000000000004
Batch job for cganalysis-structure_iter00_000000000006 exists, assuming resumed: Conflict
[cg] Found already running cg job (Conflict) for simname = structure_iter00_000000000006
Batch job for cganalysis-structure_iter00_000000000008 exists, assuming resumed: Conflict
[cg] Found already running cg job (Conflict) for simname = structure_iter00_000000000008
[186.805 MB]:     > Iteration 298: updated jobs
[186.805 MB]:     > Iteration 298: testing all jobs
[186.805 MB]: Starting MainProcess iteration 299
[186.805 MB]:     > Iteration 299: added new patches
Batch job for cganalysis-structure_iter00_000000000000 exists, assuming resumed: Conflict
[cg] Found already running cg job (Conflict) for simname = structure_iter00_000000000000
Batch job for cganalysis-structure_iter00_000000000002 exists, assuming resumed: Conflict
[cg] Found already running cg job (Conflict) for simname = structure_iter00_000000000002
Batch job for cganalysis-structure_iter00_000000000004 exists, assuming resumed: Conflict
[cg] Found already running cg job (Conflict) for simname = structure_iter00_000000000004
Batch job for cganalysis-structure_iter00_000000000006 exists, assuming resumed: Conflict
[cg] Found already running cg job (Conflict) for simname = structure_iter00_000000000006
Batch job for cganalysis-structure_iter00_000000000008 exists, assuming resumed: Conflict
[cg] Found already running cg job (Conflict) for simname = structure_iter00_000000000008
[186.805 MB]:     > Iteration 299: updated jobs
[186.805 MB]:     > Iteration 299: testing all jobs
[186.805 MB]: Starting MainProcess iteration 300
[186.805 MB]:     > Iteration 300: added new patches
Batch job for cganalysis-structure_iter00_000000000000 exists, assuming resumed: Conflict
[cg] Found already running cg job (Conflict) for simname = structure_iter00_000000000000
Batch job for cganalysis-structure_iter00_000000000002 exists, assuming resumed: Conflict
[cg] Found already running cg job (Conflict) for simname = structure_iter00_000000000002
Batch job for cganalysis-structure_iter00_000000000004 exists, assuming resumed: Conflict
[cg] Found already running cg job (Conflict) for simname = structure_iter00_000000000004
Batch job for cganalysis-structure_iter00_000000000006 exists, assuming resumed: Conflict
[cg] Found already running cg job (Conflict) for simname = structure_iter00_000000000006
Batch job for cganalysis-structure_iter00_000000000008 exists, assuming resumed: Conflict
[cg] Found already running cg job (Conflict) for simname = structure_iter00_000000000008
[186.805 MB]:     > Iteration 300: updated jobs
[186.805 MB]:     > Iteration 300: testing all jobs
[186.805 MB]: Starting MainProcess iteration 301
[186.805 MB]:     > Iteration 301: added new patches
Batch job for cganalysis-structure_iter00_000000000000 exists, assuming resumed: Conflict
[cg] Found already running cg job (Conflict) for simname = structure_iter00_000000000000
Batch job for cganalysis-structure_iter00_000000000002 exists, assuming resumed: Conflict
[cg] Found already running cg job (Conflict) for simname = structure_iter00_000000000002
Batch job for cganalysis-structure_iter00_000000000004 exists, assuming resumed: Conflict
[cg] Found already running cg job (Conflict) for simname = structure_iter00_000000000004
Batch job for cganalysis-structure_iter00_000000000006 exists, assuming resumed: Conflict
[cg] Found already running cg job (Conflict) for simname = structure_iter00_000000000006
Batch job for cganalysis-structure_iter00_000000000008 exists, assuming resumed: Conflict
[cg] Found already running cg job (Conflict) for simname = structure_iter00_000000000008
[186.805 MB]:     > Iteration 301: updated jobs
[186.805 MB]:     > Iteration 301: testing all jobs
[186.805 MB]: Starting MainProcess iteration 302
[186.805 MB]:     > Iteration 302: added new patches
Batch job for cganalysis-structure_iter00_000000000000 exists, assuming resumed: Conflict
[cg] Found already running cg job (Conflict) for simname = structure_iter00_000000000000
Batch job for cganalysis-structure_iter00_000000000002 exists, assuming resumed: Conflict
[cg] Found already running cg job (Conflict) for simname = structure_iter00_000000000002
Batch job for cganalysis-structure_iter00_000000000004 exists, assuming resumed: Conflict
[cg] Found already running cg job (Conflict) for simname = structure_iter00_000000000004
Batch job for cganalysis-structure_iter00_000000000006 exists, assuming resumed: Conflict
[cg] Found already running cg job (Conflict) for simname = structure_iter00_000000000006
Batch job for cganalysis-structure_iter00_000000000008 exists, assuming resumed: Conflict
[cg] Found already running cg job (Conflict) for simname = structure_iter00_000000000008
[186.805 MB]:     > Iteration 302: updated jobs
[186.805 MB]:     > Iteration 302: testing all jobs
[186.805 MB]: Starting MainProcess iteration 303
[186.805 MB]:     > Iteration 303: added new patches
Batch job for cganalysis-structure_iter00_000000000000 exists, assuming resumed: Conflict
[cg] Found already running cg job (Conflict) for simname = structure_iter00_000000000000
Batch job for cganalysis-structure_iter00_000000000002 exists, assuming resumed: Conflict
[cg] Found already running cg job (Conflict) for simname = structure_iter00_000000000002
Batch job for cganalysis-structure_iter00_000000000004 exists, assuming resumed: Conflict
[cg] Found already running cg job (Conflict) for simname = structure_iter00_000000000004
Batch job for cganalysis-structure_iter00_000000000006 exists, assuming resumed: Conflict
[cg] Found already running cg job (Conflict) for simname = structure_iter00_000000000006
Batch job for cganalysis-structure_iter00_000000000008 exists, assuming resumed: Conflict
[cg] Found already running cg job (Conflict) for simname = structure_iter00_000000000008
[186.805 MB]:     > Iteration 303: updated jobs
[186.805 MB]:     > Iteration 303: testing all jobs
[186.805 MB]: Starting MainProcess iteration 304
[186.805 MB]:     > Iteration 304: added new patches
Batch job for cganalysis-structure_iter00_000000000000 exists, assuming resumed: Conflict
[cg] Found already running cg job (Conflict) for simname = structure_iter00_000000000000
Batch job for cganalysis-structure_iter00_000000000002 exists, assuming resumed: Conflict
[cg] Found already running cg job (Conflict) for simname = structure_iter00_000000000002
Batch job for cganalysis-structure_iter00_000000000004 exists, assuming resumed: Conflict
[cg] Found already running cg job (Conflict) for simname = structure_iter00_000000000004
Batch job for cganalysis-structure_iter00_000000000006 exists, assuming resumed: Conflict
[cg] Found already running cg job (Conflict) for simname = structure_iter00_000000000006
Batch job for cganalysis-structure_iter00_000000000008 exists, assuming resumed: Conflict
[cg] Found already running cg job (Conflict) for simname = structure_iter00_000000000008
[186.805 MB]:     > Iteration 304: updated jobs
[186.805 MB]:     > Iteration 304: testing all jobs
[186.805 MB]: Starting MainProcess iteration 305
[186.805 MB]:     > Iteration 305: added new patches
Pull policy for cganalysis-structure-iter00-000000000004 is IfNotPresent
Walltime is 2700.0
Backoff limit is 0
Pull policy for cganalysis-structure-iter00-000000000006 is IfNotPresent
Walltime is 2700.0
Backoff limit is 0
Pull policy for cganalysis-structure-iter00-000000000008 is IfNotPresent
Walltime is 2700.0
Backoff limit is 0
Pull policy for cganalysis-structure-iter00-000000000000 is IfNotPresent
Walltime is 2700.0
Backoff limit is 0
Pull policy for cganalysis-structure-iter00-000000000002 is IfNotPresent
Walltime is 2700.0
Backoff limit is 0
Pull policy for cganalysis-structure-iter00-000000000004 is IfNotPresent
Walltime is 2700.0
Backoff limit is 0
Pull policy for cganalysis-structure-iter00-000000000006 is IfNotPresent
Walltime is 2700.0
Backoff limit is 0
Pull policy for cganalysis-structure-iter00-000000000008 is IfNotPresent
Walltime is 2700.0
Backoff limit is 0
Pull policy for cganalysis-structure-iter00-000000000000 is IfNotPresent
Walltime is 2700.0
Backoff limit is 0
Pull policy for cganalysis-structure-iter00-000000000002 is IfNotPresent
Walltime is 2700.0
Backoff limit is 0
Pull policy for cganalysis-structure-iter00-000000000004 is IfNotPresent
Walltime is 2700.0
Backoff limit is 0
Pull policy for cganalysis-structure-iter00-000000000006 is IfNotPresent
Walltime is 2700.0
Backoff limit is 0
Pull policy for cganalysis-structure-iter00-000000000008 is IfNotPresent
Walltime is 2700.0
Backoff limit is 0
Pull policy for cganalysis-structure-iter00-000000000000 is IfNotPresent
Walltime is 2700.0
Backoff limit is 0
Pull policy for cganalysis-structure-iter00-000000000002 is IfNotPresent
Walltime is 2700.0
Backoff limit is 0
Pull policy for cganalysis-structure-iter00-000000000004 is IfNotPresent
Walltime is 2700.0
Backoff limit is 0
Pull policy for cganalysis-structure-iter00-000000000006 is IfNotPresent
Walltime is 2700.0
Backoff limit is 0
Pull policy for cganalysis-structure-iter00-000000000008 is IfNotPresent
Walltime is 2700.0
Backoff limit is 0
Pull policy for cganalysis-structure-iter00-000000000000 is IfNotPresent
Walltime is 2700.0
Backoff limit is 0
Pull policy for cganalysis-structure-iter00-000000000002 is IfNotPresent
Walltime is 2700.0
Backoff limit is 0
Pull policy for cganalysis-structure-iter00-000000000004 is IfNotPresent
Walltime is 2700.0
Backoff limit is 0
Pull policy for cganalysis-structure-iter00-000000000006 is IfNotPresent
Walltime is 2700.0
Backoff limit is 0
Pull policy for cganalysis-structure-iter00-000000000008 is IfNotPresent
Walltime is 2700.0
Backoff limit is 0
Pull policy for cganalysis-structure-iter00-000000000000 is IfNotPresent
Walltime is 2700.0
Backoff limit is 0
Pull policy for cganalysis-structure-iter00-000000000002 is IfNotPresent
Walltime is 2700.0
Backoff limit is 0
Pull policy for cganalysis-structure-iter00-000000000004 is IfNotPresent
Walltime is 2700.0
Backoff limit is 0
Pull policy for cganalysis-structure-iter00-000000000006 is IfNotPresent
Walltime is 2700.0
Backoff limit is 0
Pull policy for cganalysis-structure-iter00-000000000008 is IfNotPresent
Walltime is 2700.0
Backoff limit is 0
Pull policy for cganalysis-structure-iter00-000000000000 is IfNotPresent
Walltime is 2700.0
Backoff limit is 0
Pull policy for cganalysis-structure-iter00-000000000002 is IfNotPresent
Walltime is 2700.0
Backoff limit is 0
Pull policy for cganalysis-structure-iter00-000000000004 is IfNotPresent
Walltime is 2700.0
Backoff limit is 0
Pull policy for cganalysis-structure-iter00-000000000006 is IfNotPresent
Walltime is 2700.0
Backoff limit is 0
Pull policy for cganalysis-structure-iter00-000000000008 is IfNotPresent
Walltime is 2700.0
Backoff limit is 0
Pull policy for cganalysis-structure-iter00-000000000000 is IfNotPresent
Walltime is 2700.0
Backoff limit is 0
Pull policy for cganalysis-structure-iter00-000000000002 is IfNotPresent
Walltime is 2700.0
Backoff limit is 0
Pull policy for cganalysis-structure-iter00-000000000004 is IfNotPresent
Walltime is 2700.0
Backoff limit is 0
Pull policy for cganalysis-structure-iter00-000000000006 is IfNotPresent
Walltime is 2700.0
Backoff limit is 0
Pull policy for cganalysis-structure-iter00-000000000008 is IfNotPresent
Walltime is 2700.0
Backoff limit is 0
Pull policy for cganalysis-structure-iter00-000000000000 is IfNotPresent
Walltime is 2700.0
Backoff limit is 0
Pull policy for cganalysis-structure-iter00-000000000002 is IfNotPresent
Walltime is 2700.0
Backoff limit is 0
Pull policy for cganalysis-structure-iter00-000000000004 is IfNotPresent
Walltime is 2700.0
Backoff limit is 0
Pull policy for cganalysis-structure-iter00-000000000006 is IfNotPresent
Walltime is 2700.0
Backoff limit is 0
Pull policy for cganalysis-structure-iter00-000000000008 is IfNotPresent
Walltime is 2700.0
Backoff limit is 0
Pull policy for cganalysis-structure-iter00-000000000000 is IfNotPresent
Walltime is 2700.0
Backoff limit is 0
Pull policy for cganalysis-structure-iter00-000000000002 is IfNotPresent
Walltime is 2700.0
Backoff limit is 0
Pull policy for cganalysis-structure-iter00-000000000004 is IfNotPresent
Walltime is 2700.0
Backoff limit is 0
Pull policy for cganalysis-structure-iter00-000000000006 is IfNotPresent
Walltime is 2700.0
Backoff limit is 0
Pull policy for cganalysis-structure-iter00-000000000008 is IfNotPresent
Walltime is 2700.0
Backoff limit is 0
Pull policy for cganalysis-structure-iter00-000000000000 is IfNotPresent
Walltime is 2700.0
Backoff limit is 0
Pull policy for cganalysis-structure-iter00-000000000002 is IfNotPresent
Walltime is 2700.0
Backoff limit is 0
Pull policy for cganalysis-structure-iter00-000000000004 is IfNotPresent
Walltime is 2700.0
Backoff limit is 0
Pull policy for cganalysis-structure-iter00-000000000006 is IfNotPresent
Walltime is 2700.0
Backoff limit is 0
Pull policy for cganalysis-structure-iter00-000000000008 is IfNotPresent
Walltime is 2700.0
Backoff limit is 0
Pull policy for cganalysis-structure-iter00-000000000000 is IfNotPresent
Walltime is 2700.0
Backoff limit is 0
Pull policy for cganalysis-structure-iter00-000000000002 is IfNotPresent
Walltime is 2700.0
Backoff limit is 0
Pull policy for cganalysis-structure-iter00-000000000004 is IfNotPresent
Walltime is 2700.0
Backoff limit is 0
Pull policy for cganalysis-structure-iter00-000000000006 is IfNotPresent
Walltime is 2700.0
Backoff limit is 0
Pull policy for cganalysis-structure-iter00-000000000008 is IfNotPresent
Walltime is 2700.0
Backoff limit is 0
Pull policy for cganalysis-structure-iter00-000000000000 is IfNotPresent
Walltime is 2700.0
Backoff limit is 0
Pull policy for cganalysis-structure-iter00-000000000002 is IfNotPresent
Walltime is 2700.0
Backoff limit is 0
Pull policy for cganalysis-structure-iter00-000000000004 is IfNotPresent
Walltime is 2700.0
Backoff limit is 0
Pull policy for cganalysis-structure-iter00-000000000006 is IfNotPresent
Walltime is 2700.0
Backoff limit is 0
Pull policy for cganalysis-structure-iter00-000000000008 is IfNotPresent
Walltime is 2700.0
Backoff limit is 0
Pull policy for cganalysis-structure-iter00-000000000000 is IfNotPresent
Walltime is 2700.0
Backoff limit is 0
Pull policy for cganalysis-structure-iter00-000000000002 is IfNotPresent
Walltime is 2700.0
Backoff limit is 0
Pull policy for cganalysis-structure-iter00-000000000004 is IfNotPresent
Walltime is 2700.0
Backoff limit is 0
Pull policy for cganalysis-structure-iter00-000000000006 is IfNotPresent
Walltime is 2700.0
Backoff limit is 0
Pull policy for cganalysis-structure-iter00-000000000008 is IfNotPresent
Walltime is 2700.0
Backoff limit is 0
Pull policy for cganalysis-structure-iter00-000000000000 is IfNotPresent
Walltime is 2700.0
Backoff limit is 0
Pull policy for cganalysis-structure-iter00-000000000002 is IfNotPresent
Walltime is 2700.0
Backoff limit is 0
Pull policy for cganalysis-structure-iter00-000000000004 is IfNotPresent
Walltime is 2700.0
Backoff limit is 0
Pull policy for cganalysis-structure-iter00-000000000006 is IfNotPresent
Walltime is 2700.0
Backoff limit is 0
Pull policy for cganalysis-structure-iter00-000000000008 is IfNotPresent
Walltime is 2700.0
Backoff limit is 0
Pull policy for cganalysis-structure-iter00-000000000000 is IfNotPresent
Batch job for cganalysis-structure_iter00_000000000000 exists, assuming resumed: Conflict
[cg] Found already running cg job (Conflict) for simname = structure_iter00_000000000000
Batch job for cganalysis-structure_iter00_000000000002 exists, assuming resumed: Conflict
[cg] Found already running cg job (Conflict) for simname = structure_iter00_000000000002
Batch job for cganalysis-structure_iter00_000000000004 exists, assuming resumed: Conflict
[cg] Found already running cg job (Conflict) for simname = structure_iter00_000000000004
Batch job for cganalysis-structure_iter00_000000000006 exists, assuming resumed: Conflict
[cg] Found already running cg job (Conflict) for simname = structure_iter00_000000000006
Batch job for cganalysis-structure_iter00_000000000008 exists, assuming resumed: Conflict
[cg] Found already running cg job (Conflict) for simname = structure_iter00_000000000008
[186.805 MB]:     > Iteration 305: updated jobs
[186.805 MB]:     > Iteration 305: testing all jobs
[186.805 MB]: Starting MainProcess iteration 306
[186.805 MB]:     > Iteration 306: added new patches
Batch job for cganalysis-structure_iter00_000000000000 exists, assuming resumed: Conflict
[cg] Found already running cg job (Conflict) for simname = structure_iter00_000000000000
Batch job for cganalysis-structure_iter00_000000000002 exists, assuming resumed: Conflict
[cg] Found already running cg job (Conflict) for simname = structure_iter00_000000000002
Batch job for cganalysis-structure_iter00_000000000004 exists, assuming resumed: Conflict
[cg] Found already running cg job (Conflict) for simname = structure_iter00_000000000004
Batch job for cganalysis-structure_iter00_000000000006 exists, assuming resumed: Conflict
[cg] Found already running cg job (Conflict) for simname = structure_iter00_000000000006
Batch job for cganalysis-structure_iter00_000000000008 exists, assuming resumed: Conflict
[cg] Found already running cg job (Conflict) for simname = structure_iter00_000000000008
[186.805 MB]:     > Iteration 306: updated jobs
[186.805 MB]:     > Iteration 306: testing all jobs
[186.805 MB]: Starting MainProcess iteration 307
[186.805 MB]:     > Iteration 307: added new patches
Batch job for cganalysis-structure_iter00_000000000000 exists, assuming resumed: Conflict
[cg] Found already running cg job (Conflict) for simname = structure_iter00_000000000000
Batch job for cganalysis-structure_iter00_000000000002 exists, assuming resumed: Conflict
[cg] Found already running cg job (Conflict) for simname = structure_iter00_000000000002
Batch job for cganalysis-structure_iter00_000000000004 exists, assuming resumed: Conflict
[cg] Found already running cg job (Conflict) for simname = structure_iter00_000000000004
Batch job for cganalysis-structure_iter00_000000000006 exists, assuming resumed: Conflict
[cg] Found already running cg job (Conflict) for simname = structure_iter00_000000000006
Batch job for cganalysis-structure_iter00_000000000008 exists, assuming resumed: Conflict
[cg] Found already running cg job (Conflict) for simname = structure_iter00_000000000008
[186.805 MB]:     > Iteration 307: updated jobs
[186.805 MB]:     > Iteration 307: testing all jobs
[186.805 MB]: Starting MainProcess iteration 308
We got Stream connection lost: ConnectionResetError(104, 'Connection reset by peer')
Did not find current user: defaulted to mummiusr
Using Plain connection (unsafe): TLS certificate /opt/clones/certs/client_rabbitmq_certificate.pem does not exist
[186.805 MB]:     > Iteration 308: added new patches
Batch job for cganalysis-structure_iter00_000000000000 exists, assuming resumed: Conflict
[cg] Found already running cg job (Conflict) for simname = structure_iter00_000000000000
Batch job for cganalysis-structure_iter00_000000000002 exists, assuming resumed: Conflict
[cg] Found already running cg job (Conflict) for simname = structure_iter00_000000000002
Batch job for cganalysis-structure_iter00_000000000004 exists, assuming resumed: Conflict
[cg] Found already running cg job (Conflict) for simname = structure_iter00_000000000004
Batch job for cganalysis-structure_iter00_000000000006 exists, assuming resumed: Conflict
[cg] Found already running cg job (Conflict) for simname = structure_iter00_000000000006
Batch job for cganalysis-structure_iter00_000000000008 exists, assuming resumed: Conflict
[cg] Found already running cg job (Conflict) for simname = structure_iter00_000000000008
[186.805 MB]:     > Iteration 308: updated jobs
[186.805 MB]:     > Iteration 308: testing all jobs
[186.805 MB]: Starting MainProcess iteration 309
Maximum jobs for createsim (2) reached, will not submit more.
[186.805 MB]:     > Iteration 309: added new patches
Maximum jobs for cg (3) reached, will not submit more.
[187.062 MB]:     > Iteration 309: updated jobs
[187.062 MB]:     > Iteration 309: testing all jobs
[187.062 MB]: Starting MainProcess iteration 310
[187.062 MB]:     > Iteration 310: added new patches
Maximum jobs for cg (3) reached, will not submit more.
[187.062 MB]:     > Iteration 310: updated jobs
[187.062 MB]:     > Iteration 310: testing all jobs
[187.062 MB]: Starting MainProcess iteration 311
[187.062 MB]:     > Iteration 311: added new patches
Maximum jobs for cg (3) reached, will not submit more.
[187.062 MB]:     > Iteration 311: updated jobs
[187.062 MB]:     > Iteration 311: testing all jobs
[187.062 MB]: Starting MainProcess iteration 312
[187.062 MB]:     > Iteration 312: added new patches
Maximum jobs for cg (3) reached, will not submit more.
[187.062 MB]:     > Iteration 312: updated jobs
[187.062 MB]:     > Iteration 312: testing all jobs
[187.062 MB]: Starting MainProcess iteration 313
[187.062 MB]:     > Iteration 313: added new patches
Maximum jobs for cg (3) reached, will not submit more.
[187.062 MB]:     > Iteration 313: updated jobs
[187.062 MB]:     > Iteration 313: testing all jobs
[187.062 MB]: Starting MainProcess iteration 314
[187.062 MB]:     > Iteration 314: added new patches
Maximum jobs for cg (3) reached, will not submit more.
[187.062 MB]:     > Iteration 314: updated jobs
[187.062 MB]:     > Iteration 314: testing all jobs
[187.062 MB]: Starting MainProcess iteration 315
[187.062 MB]:     > Iteration 315: added new patches
Maximum jobs for cg (3) reached, will not submit more.
[187.062 MB]:     > Iteration 315: updated jobs
[187.062 MB]:     > Iteration 315: testing all jobs
[187.062 MB]: Starting MainProcess iteration 316
[187.062 MB]:     > Iteration 316: added new patches
Maximum jobs for cg (3) reached, will not submit more.
[187.062 MB]:     > Iteration 316: updated jobs
[187.062 MB]:     > Iteration 316: testing all jobs
[187.062 MB]: Starting MainProcess iteration 317
[187.062 MB]:     > Iteration 317: added new patches
Maximum jobs for cg (3) reached, will not submit more.
[187.062 MB]:     > Iteration 317: updated jobs
[187.062 MB]:     > Iteration 317: testing all jobs
[187.062 MB]: Starting MainProcess iteration 318
[187.062 MB]:     > Iteration 318: added new patches
Maximum jobs for cg (3) reached, will not submit more.
[187.062 MB]:     > Iteration 318: updated jobs
[187.062 MB]:     > Iteration 318: testing all jobs
[187.062 MB]: Starting MainProcess iteration 319
[187.062 MB]:     > Iteration 319: added new patches
Maximum jobs for cg (3) reached, will not submit more.
[187.062 MB]:     > Iteration 319: updated jobs
[187.062 MB]:     > Iteration 319: testing all jobs
[187.062 MB]: Starting MainProcess iteration 320
[187.062 MB]:     > Iteration 320: added new patches
Maximum jobs for cg (3) reached, will not submit more.
[187.062 MB]:     > Iteration 320: updated jobs
[187.062 MB]:     > Iteration 320: testing all jobs
[187.062 MB]: Starting MainProcess iteration 321
[187.062 MB]:     > Iteration 321: added new patches
Maximum jobs for cg (3) reached, will not submit more.
[187.062 MB]:     > Iteration 321: updated jobs
[187.062 MB]:     > Iteration 321: testing all jobs
[187.062 MB]: Starting MainProcess iteration 322
[187.062 MB]:     > Iteration 322: added new patches
Maximum jobs for cg (3) reached, will not submit more.
[187.062 MB]:     > Iteration 322: updated jobs
[187.062 MB]:     > Iteration 322: testing all jobs
[187.062 MB]: Starting MainProcess iteration 323
[187.062 MB]:     > Iteration 323: added new patches
Batch job for cganalysis-structure_iter00_000000000000 exists, assuming resumed: Conflict
[cg] Found already running cg job (Conflict) for simname = structure_iter00_000000000000
Batch job for cganalysis-structure_iter00_000000000002 exists, assuming resumed: Conflict
[cg] Found already running cg job (Conflict) for simname = structure_iter00_000000000002
Batch job for cganalysis-structure_iter00_000000000004 exists, assuming resumed: Conflict
[cg] Found already running cg job (Conflict) for simname = structure_iter00_000000000004
Batch job for cganalysis-structure_iter00_000000000006 exists, assuming resumed: Conflict
[cg] Found already running cg job (Conflict) for simname = structure_iter00_000000000006
Batch job for cganalysis-structure_iter00_000000000008 exists, assuming resumed: Conflict
[cg] Found already running cg job (Conflict) for simname = structure_iter00_000000000008
Batch job for cganalysis-structure_iter00_000000000010 exists, assuming resumed: Conflict
[cg] Found already running cg job (Conflict) for simname = structure_iter00_000000000010
[187.062 MB]:     > Iteration 323: updated jobs
[187.062 MB]:     > Iteration 323: testing all jobs
[187.062 MB]: Starting MainProcess iteration 324
[187.062 MB]:     > Iteration 324: added new patches
Batch job for cganalysis-structure_iter00_000000000000 exists, assuming resumed: Conflict
[cg] Found already running cg job (Conflict) for simname = structure_iter00_000000000000
Batch job for cganalysis-structure_iter00_000000000002 exists, assuming resumed: Conflict
[cg] Found already running cg job (Conflict) for simname = structure_iter00_000000000002
Batch job for cganalysis-structure_iter00_000000000004 exists, assuming resumed: Conflict
[cg] Found already running cg job (Conflict) for simname = structure_iter00_000000000004
Batch job for cganalysis-structure_iter00_000000000006 exists, assuming resumed: Conflict
[cg] Found already running cg job (Conflict) for simname = structure_iter00_000000000006
Batch job for cganalysis-structure_iter00_000000000008 exists, assuming resumed: Conflict
[cg] Found already running cg job (Conflict) for simname = structure_iter00_000000000008
Batch job for cganalysis-structure_iter00_000000000010 exists, assuming resumed: Conflict
[cg] Found already running cg job (Conflict) for simname = structure_iter00_000000000010
[187.062 MB]:     > Iteration 324: updated jobs
[187.062 MB]:     > Iteration 324: testing all jobs
[187.062 MB]: Starting MainProcess iteration 325
[187.062 MB]:     > Iteration 325: added new patches
Batch job for cganalysis-structure_iter00_000000000000 exists, assuming resumed: Conflict
[cg] Found already running cg job (Conflict) for simname = structure_iter00_000000000000
Batch job for cganalysis-structure_iter00_000000000002 exists, assuming resumed: Conflict
[cg] Found already running cg job (Conflict) for simname = structure_iter00_000000000002
Batch job for cganalysis-structure_iter00_000000000004 exists, assuming resumed: Conflict
[cg] Found already running cg job (Conflict) for simname = structure_iter00_000000000004
Batch job for cganalysis-structure_iter00_000000000006 exists, assuming resumed: Conflict
[cg] Found already running cg job (Conflict) for simname = structure_iter00_000000000006
Batch job for cganalysis-structure_iter00_000000000008 exists, assuming resumed: Conflict
[cg] Found already running cg job (Conflict) for simname = structure_iter00_000000000008
Batch job for cganalysis-structure_iter00_000000000010 exists, assuming resumed: Conflict
[cg] Found already running cg job (Conflict) for simname = structure_iter00_000000000010
[187.062 MB]:     > Iteration 325: updated jobs
[187.062 MB]:     > Iteration 325: testing all jobs
[187.062 MB]: Starting MainProcess iteration 326
[187.062 MB]:     > Iteration 326: added new patches
Batch job for cganalysis-structure_iter00_000000000000 exists, assuming resumed: Conflict
[cg] Found already running cg job (Conflict) for simname = structure_iter00_000000000000
Batch job for cganalysis-structure_iter00_000000000002 exists, assuming resumed: Conflict
[cg] Found already running cg job (Conflict) for simname = structure_iter00_000000000002
Batch job for cganalysis-structure_iter00_000000000004 exists, assuming resumed: Conflict
[cg] Found already running cg job (Conflict) for simname = structure_iter00_000000000004
Batch job for cganalysis-structure_iter00_000000000006 exists, assuming resumed: Conflict
[cg] Found already running cg job (Conflict) for simname = structure_iter00_000000000006
Batch job for cganalysis-structure_iter00_000000000008 exists, assuming resumed: Conflict
[cg] Found already running cg job (Conflict) for simname = structure_iter00_000000000008
Batch job for cganalysis-structure_iter00_000000000010 exists, assuming resumed: Conflict
[cg] Found already running cg job (Conflict) for simname = structure_iter00_000000000010
[187.062 MB]:     > Iteration 326: updated jobs
[187.062 MB]:     > Iteration 326: testing all jobs
[187.062 MB]: Starting MainProcess iteration 327
[187.062 MB]:     > Iteration 327: added new patches
Batch job for cganalysis-structure_iter00_000000000000 exists, assuming resumed: Conflict
[cg] Found already running cg job (Conflict) for simname = structure_iter00_000000000000
Batch job for cganalysis-structure_iter00_000000000002 exists, assuming resumed: Conflict
[cg] Found already running cg job (Conflict) for simname = structure_iter00_000000000002
Batch job for cganalysis-structure_iter00_000000000004 exists, assuming resumed: Conflict
[cg] Found already running cg job (Conflict) for simname = structure_iter00_000000000004
Batch job for cganalysis-structure_iter00_000000000006 exists, assuming resumed: Conflict
[cg] Found already running cg job (Conflict) for simname = structure_iter00_000000000006
Batch job for cganalysis-structure_iter00_000000000008 exists, assuming resumed: Conflict
[cg] Found already running cg job (Conflict) for simname = structure_iter00_000000000008
Batch job for cganalysis-structure_iter00_000000000010 exists, assuming resumed: Conflict
[cg] Found already running cg job (Conflict) for simname = structure_iter00_000000000010
[187.062 MB]:     > Iteration 327: updated jobs
[187.062 MB]:     > Iteration 327: testing all jobs
[187.062 MB]: Starting MainProcess iteration 328
[187.062 MB]:     > Iteration 328: added new patches
Batch job for cganalysis-structure_iter00_000000000000 exists, assuming resumed: Conflict
[cg] Found already running cg job (Conflict) for simname = structure_iter00_000000000000
Batch job for cganalysis-structure_iter00_000000000002 exists, assuming resumed: Conflict
[cg] Found already running cg job (Conflict) for simname = structure_iter00_000000000002
Batch job for cganalysis-structure_iter00_000000000004 exists, assuming resumed: Conflict
[cg] Found already running cg job (Conflict) for simname = structure_iter00_000000000004
Batch job for cganalysis-structure_iter00_000000000006 exists, assuming resumed: Conflict
[cg] Found already running cg job (Conflict) for simname = structure_iter00_000000000006
Batch job for cganalysis-structure_iter00_000000000008 exists, assuming resumed: Conflict
[cg] Found already running cg job (Conflict) for simname = structure_iter00_000000000008
Batch job for cganalysis-structure_iter00_000000000010 exists, assuming resumed: Conflict
[cg] Found already running cg job (Conflict) for simname = structure_iter00_000000000010
[187.062 MB]:     > Iteration 328: updated jobs
[187.062 MB]:     > Iteration 328: testing all jobs
[187.062 MB]: Starting MainProcess iteration 329
[187.062 MB]:     > Iteration 329: added new patches
Batch job for cganalysis-structure_iter00_000000000000 exists, assuming resumed: Conflict
[cg] Found already running cg job (Conflict) for simname = structure_iter00_000000000000
Batch job for cganalysis-structure_iter00_000000000002 exists, assuming resumed: Conflict
[cg] Found already running cg job (Conflict) for simname = structure_iter00_000000000002
Batch job for cganalysis-structure_iter00_000000000004 exists, assuming resumed: Conflict
[cg] Found already running cg job (Conflict) for simname = structure_iter00_000000000004
Batch job for cganalysis-structure_iter00_000000000006 exists, assuming resumed: Conflict
[cg] Found already running cg job (Conflict) for simname = structure_iter00_000000000006
Batch job for cganalysis-structure_iter00_000000000008 exists, assuming resumed: Conflict
[cg] Found already running cg job (Conflict) for simname = structure_iter00_000000000008
Batch job for cganalysis-structure_iter00_000000000010 exists, assuming resumed: Conflict
[cg] Found already running cg job (Conflict) for simname = structure_iter00_000000000010
[187.062 MB]:     > Iteration 329: updated jobs
[187.062 MB]:     > Iteration 329: testing all jobs
[187.062 MB]: Starting MainProcess iteration 330
[187.062 MB]:     > Iteration 330: added new patches
Batch job for cganalysis-structure_iter00_000000000000 exists, assuming resumed: Conflict
[cg] Found already running cg job (Conflict) for simname = structure_iter00_000000000000
Batch job for cganalysis-structure_iter00_000000000002 exists, assuming resumed: Conflict
[cg] Found already running cg job (Conflict) for simname = structure_iter00_000000000002
Batch job for cganalysis-structure_iter00_000000000004 exists, assuming resumed: Conflict
[cg] Found already running cg job (Conflict) for simname = structure_iter00_000000000004
Batch job for cganalysis-structure_iter00_000000000006 exists, assuming resumed: Conflict
[cg] Found already running cg job (Conflict) for simname = structure_iter00_000000000006
Batch job for cganalysis-structure_iter00_000000000008 exists, assuming resumed: Conflict
[cg] Found already running cg job (Conflict) for simname = structure_iter00_000000000008
Batch job for cganalysis-structure_iter00_000000000010 exists, assuming resumed: Conflict
[cg] Found already running cg job (Conflict) for simname = structure_iter00_000000000010
[187.062 MB]:     > Iteration 330: updated jobs
[187.062 MB]:     > Iteration 330: testing all jobs
[187.062 MB]: Starting MainProcess iteration 331
[187.062 MB]:     > Iteration 331: added new patches
Batch job for cganalysis-structure_iter00_000000000000 exists, assuming resumed: Conflict
[cg] Found already running cg job (Conflict) for simname = structure_iter00_000000000000
Batch job for cganalysis-structure_iter00_000000000002 exists, assuming resumed: Conflict
[cg] Found already running cg job (Conflict) for simname = structure_iter00_000000000002
Batch job for cganalysis-structure_iter00_000000000004 exists, assuming resumed: Conflict
[cg] Found already running cg job (Conflict) for simname = structure_iter00_000000000004
Batch job for cganalysis-structure_iter00_000000000006 exists, assuming resumed: Conflict
[cg] Found already running cg job (Conflict) for simname = structure_iter00_000000000006
Walltime is 2700.0
Backoff limit is 0
Pull policy for cganalysis-structure-iter00-000000000002 is IfNotPresent
Walltime is 2700.0
Backoff limit is 0
Pull policy for cganalysis-structure-iter00-000000000004 is IfNotPresent
Walltime is 2700.0
Backoff limit is 0
Pull policy for cganalysis-structure-iter00-000000000006 is IfNotPresent
Walltime is 2700.0
Backoff limit is 0
Pull policy for cganalysis-structure-iter00-000000000008 is IfNotPresent
Walltime is 2700.0
Backoff limit is 0
Pull policy for cganalysis-structure-iter00-000000000000 is IfNotPresent
Walltime is 2700.0
Backoff limit is 0
Pull policy for cganalysis-structure-iter00-000000000002 is IfNotPresent
Walltime is 2700.0
Backoff limit is 0
Pull policy for cganalysis-structure-iter00-000000000004 is IfNotPresent
Walltime is 2700.0
Backoff limit is 0
Pull policy for cganalysis-structure-iter00-000000000006 is IfNotPresent
Walltime is 2700.0
Backoff limit is 0
Pull policy for cganalysis-structure-iter00-000000000008 is IfNotPresent
Walltime is 2700.0
Backoff limit is 0
Pull policy for cganalysis-structure-iter00-000000000000 is IfNotPresent
Walltime is 2700.0
Backoff limit is 0
Pull policy for cganalysis-structure-iter00-000000000002 is IfNotPresent
Walltime is 2700.0
Backoff limit is 0
Pull policy for cganalysis-structure-iter00-000000000004 is IfNotPresent
Walltime is 2700.0
Backoff limit is 0
Pull policy for cganalysis-structure-iter00-000000000006 is IfNotPresent
Walltime is 2700.0
Backoff limit is 0
Pull policy for cganalysis-structure-iter00-000000000008 is IfNotPresent
Walltime is 2700.0
Backoff limit is 0
Pull policy for cganalysis-structure-iter00-000000000000 is IfNotPresent
Walltime is 2700.0
Backoff limit is 0
Pull policy for cganalysis-structure-iter00-000000000002 is IfNotPresent
Walltime is 2700.0
Backoff limit is 0
Pull policy for cganalysis-structure-iter00-000000000004 is IfNotPresent
Walltime is 2700.0
Backoff limit is 0
Pull policy for cganalysis-structure-iter00-000000000006 is IfNotPresent
Walltime is 2700.0
Backoff limit is 0
Pull policy for cganalysis-structure-iter00-000000000008 is IfNotPresent
Walltime is 2700.0
Backoff limit is 0
Pull policy for cganalysis-structure-iter00-000000000010 is IfNotPresent
Walltime is 2700.0
Backoff limit is 0
Pull policy for createsim-structure-iter00-000000000012 is IfNotPresent
Walltime is 2700.0
Backoff limit is 0
Pull policy for cganalysis-structure-iter00-000000000000 is IfNotPresent
Walltime is 2700.0
Backoff limit is 0
Pull policy for cganalysis-structure-iter00-000000000002 is IfNotPresent
Walltime is 2700.0
Backoff limit is 0
Pull policy for cganalysis-structure-iter00-000000000004 is IfNotPresent
Walltime is 2700.0
Backoff limit is 0
Pull policy for cganalysis-structure-iter00-000000000006 is IfNotPresent
Walltime is 2700.0
Backoff limit is 0
Pull policy for cganalysis-structure-iter00-000000000008 is IfNotPresent
Walltime is 2700.0
Backoff limit is 0
Pull policy for cganalysis-structure-iter00-000000000010 is IfNotPresent
Walltime is 2700.0
Backoff limit is 0
Pull policy for cganalysis-structure-iter00-000000000000 is IfNotPresent
Walltime is 2700.0
Backoff limit is 0
Pull policy for cganalysis-structure-iter00-000000000002 is IfNotPresent
Walltime is 2700.0
Backoff limit is 0
Pull policy for cganalysis-structure-iter00-000000000004 is IfNotPresent
Walltime is 2700.0
Backoff limit is 0
Pull policy for cganalysis-structure-iter00-000000000006 is IfNotPresent
Walltime is 2700.0
Backoff limit is 0
Pull policy for cganalysis-structure-iter00-000000000008 is IfNotPresent
Walltime is 2700.0
Backoff limit is 0
Pull policy for cganalysis-structure-iter00-000000000010 is IfNotPresent
Walltime is 2700.0
Backoff limit is 0
Pull policy for cganalysis-structure-iter00-000000000000 is IfNotPresent
Walltime is 2700.0
Backoff limit is 0
Pull policy for cganalysis-structure-iter00-000000000002 is IfNotPresent
Walltime is 2700.0
Backoff limit is 0
Pull policy for cganalysis-structure-iter00-000000000004 is IfNotPresent
Walltime is 2700.0
Backoff limit is 0
Pull policy for cganalysis-structure-iter00-000000000006 is IfNotPresent
Walltime is 2700.0
Backoff limit is 0
Pull policy for cganalysis-structure-iter00-000000000008 is IfNotPresent
Walltime is 2700.0
Backoff limit is 0
Pull policy for cganalysis-structure-iter00-000000000010 is IfNotPresent
Walltime is 2700.0
Backoff limit is 0
Pull policy for cganalysis-structure-iter00-000000000000 is IfNotPresent
Walltime is 2700.0
Backoff limit is 0
Pull policy for cganalysis-structure-iter00-000000000002 is IfNotPresent
Walltime is 2700.0
Backoff limit is 0
Pull policy for cganalysis-structure-iter00-000000000004 is IfNotPresent
Walltime is 2700.0
Backoff limit is 0
Pull policy for cganalysis-structure-iter00-000000000006 is IfNotPresent
Walltime is 2700.0
Backoff limit is 0
Pull policy for cganalysis-structure-iter00-000000000008 is IfNotPresent
Walltime is 2700.0
Backoff limit is 0
Pull policy for cganalysis-structure-iter00-000000000010 is IfNotPresent
Walltime is 2700.0
Backoff limit is 0
Pull policy for cganalysis-structure-iter00-000000000000 is IfNotPresent
Walltime is 2700.0
Backoff limit is 0
Pull policy for cganalysis-structure-iter00-000000000002 is IfNotPresent
Walltime is 2700.0
Backoff limit is 0
Pull policy for cganalysis-structure-iter00-000000000004 is IfNotPresent
Walltime is 2700.0
Backoff limit is 0
Pull policy for cganalysis-structure-iter00-000000000006 is IfNotPresent
Walltime is 2700.0
Backoff limit is 0
Pull policy for cganalysis-structure-iter00-000000000008 is IfNotPresent
Walltime is 2700.0
Backoff limit is 0
Pull policy for cganalysis-structure-iter00-000000000010 is IfNotPresent
Walltime is 2700.0
Backoff limit is 0
Pull policy for cganalysis-structure-iter00-000000000000 is IfNotPresent
Walltime is 2700.0
Backoff limit is 0
Pull policy for cganalysis-structure-iter00-000000000002 is IfNotPresent
Walltime is 2700.0
Backoff limit is 0
Pull policy for cganalysis-structure-iter00-000000000004 is IfNotPresent
Walltime is 2700.0
Backoff limit is 0
Pull policy for cganalysis-structure-iter00-000000000006 is IfNotPresent
Walltime is 2700.0
Backoff limit is 0
Pull policy for cganalysis-structure-iter00-000000000008 is IfNotPresent
Walltime is 2700.0
Backoff limit is 0
Pull policy for cganalysis-structure-iter00-000000000010 is IfNotPresent
Walltime is 2700.0
Backoff limit is 0
Pull policy for cganalysis-structure-iter00-000000000000 is IfNotPresent
Walltime is 2700.0
Backoff limit is 0
Pull policy for cganalysis-structure-iter00-000000000002 is IfNotPresent
Walltime is 2700.0
Backoff limit is 0
Pull policy for cganalysis-structure-iter00-000000000004 is IfNotPresent
Walltime is 2700.0
Backoff limit is 0
Pull policy for cganalysis-structure-iter00-000000000006 is IfNotPresent
Walltime is 2700.0
Backoff limit is 0
Pull policy for cganalysis-structure-iter00-000000000008 is IfNotPresent
Walltime is 2700.0
Backoff limit is 0
Pull policy for cganalysis-structure-iter00-000000000010 is IfNotPresent
Walltime is 2700.0
Backoff limit is 0
Pull policy for cganalysis-structure-iter00-000000000000 is IfNotPresent
Walltime is 2700.0
Backoff limit is 0
Pull policy for cganalysis-structure-iter00-000000000002 is IfNotPresent
Walltime is 2700.0
Backoff limit is 0
Pull policy for cganalysis-structure-iter00-000000000004 is IfNotPresent
Walltime is 2700.0
Backoff limit is 0
Pull policy for cganalysis-structure-iter00-000000000006 is IfNotPresent
Walltime is 2700.0
Backoff limit is 0
Pull policy for cganalysis-structure-iter00-000000000008 is IfNotPresent
Walltime is 2700.0
Backoff limit is 0
Pull policy for cganalysis-structure-iter00-000000000010 is IfNotPresent
Walltime is 2700.0
Backoff limit is 0
Pull policy for cganalysis-structure-iter00-000000000000 is IfNotPresent
Walltime is 2700.0
Backoff limit is 0
Pull policy for cganalysis-structure-iter00-000000000002 is IfNotPresent
Walltime is 2700.0
Backoff limit is 0
Pull policy for cganalysis-structure-iter00-000000000004 is IfNotPresent
Walltime is 2700.0
Backoff limit is 0
Pull policy for cganalysis-structure-iter00-000000000006 is IfNotPresent
Walltime is 2700.0
Backoff limit is 0
Batch job for cganalysis-structure_iter00_000000000008 exists, assuming resumed: Conflict
[cg] Found already running cg job (Conflict) for simname = structure_iter00_000000000008
Batch job for cganalysis-structure_iter00_000000000010 exists, assuming resumed: Conflict
[cg] Found already running cg job (Conflict) for simname = structure_iter00_000000000010
[187.062 MB]:     > Iteration 331: updated jobs
[187.062 MB]:     > Iteration 331: testing all jobs
[187.062 MB]: Starting MainProcess iteration 332
[187.062 MB]:     > Iteration 332: added new patches
Batch job for cganalysis-structure_iter00_000000000000 exists, assuming resumed: Conflict
[cg] Found already running cg job (Conflict) for simname = structure_iter00_000000000000
Batch job for cganalysis-structure_iter00_000000000002 exists, assuming resumed: Conflict
[cg] Found already running cg job (Conflict) for simname = structure_iter00_000000000002
Batch job for cganalysis-structure_iter00_000000000004 exists, assuming resumed: Conflict
[cg] Found already running cg job (Conflict) for simname = structure_iter00_000000000004
Batch job for cganalysis-structure_iter00_000000000006 exists, assuming resumed: Conflict
[cg] Found already running cg job (Conflict) for simname = structure_iter00_000000000006
Batch job for cganalysis-structure_iter00_000000000008 exists, assuming resumed: Conflict
[cg] Found already running cg job (Conflict) for simname = structure_iter00_000000000008
Batch job for cganalysis-structure_iter00_000000000010 exists, assuming resumed: Conflict
[cg] Found already running cg job (Conflict) for simname = structure_iter00_000000000010
[187.062 MB]:     > Iteration 332: updated jobs
[187.062 MB]:     > Iteration 332: testing all jobs
[187.062 MB]: Starting MainProcess iteration 333
[187.062 MB]:     > Iteration 333: added new patches
Batch job for cganalysis-structure_iter00_000000000000 exists, assuming resumed: Conflict
[cg] Found already running cg job (Conflict) for simname = structure_iter00_000000000000
Batch job for cganalysis-structure_iter00_000000000002 exists, assuming resumed: Conflict
[cg] Found already running cg job (Conflict) for simname = structure_iter00_000000000002
Batch job for cganalysis-structure_iter00_000000000004 exists, assuming resumed: Conflict
[cg] Found already running cg job (Conflict) for simname = structure_iter00_000000000004
Batch job for cganalysis-structure_iter00_000000000006 exists, assuming resumed: Conflict
[cg] Found already running cg job (Conflict) for simname = structure_iter00_000000000006
Batch job for cganalysis-structure_iter00_000000000008 exists, assuming resumed: Conflict
[cg] Found already running cg job (Conflict) for simname = structure_iter00_000000000008
Batch job for cganalysis-structure_iter00_000000000010 exists, assuming resumed: Conflict
[cg] Found already running cg job (Conflict) for simname = structure_iter00_000000000010
[187.062 MB]:     > Iteration 333: updated jobs
[187.062 MB]:     > Iteration 333: testing all jobs
[187.062 MB]: Starting MainProcess iteration 334
[187.062 MB]:     > Iteration 334: added new patches
Batch job for cganalysis-structure_iter00_000000000000 exists, assuming resumed: Conflict
[cg] Found already running cg job (Conflict) for simname = structure_iter00_000000000000
Batch job for cganalysis-structure_iter00_000000000002 exists, assuming resumed: Conflict
[cg] Found already running cg job (Conflict) for simname = structure_iter00_000000000002
Batch job for cganalysis-structure_iter00_000000000004 exists, assuming resumed: Conflict
[cg] Found already running cg job (Conflict) for simname = structure_iter00_000000000004
Batch job for cganalysis-structure_iter00_000000000006 exists, assuming resumed: Conflict
[cg] Found already running cg job (Conflict) for simname = structure_iter00_000000000006
Batch job for cganalysis-structure_iter00_000000000008 exists, assuming resumed: Conflict
[cg] Found already running cg job (Conflict) for simname = structure_iter00_000000000008
Batch job for cganalysis-structure_iter00_000000000010 exists, assuming resumed: Conflict
[cg] Found already running cg job (Conflict) for simname = structure_iter00_000000000010
[187.062 MB]:     > Iteration 334: updated jobs
[187.062 MB]:     > Iteration 334: testing all jobs
[187.062 MB]: Starting MainProcess iteration 335
[187.062 MB]:     > Iteration 335: added new patches
Batch job for cganalysis-structure_iter00_000000000000 exists, assuming resumed: Conflict
[cg] Found already running cg job (Conflict) for simname = structure_iter00_000000000000
Batch job for cganalysis-structure_iter00_000000000002 exists, assuming resumed: Conflict
[cg] Found already running cg job (Conflict) for simname = structure_iter00_000000000002
Batch job for cganalysis-structure_iter00_000000000004 exists, assuming resumed: Conflict
[cg] Found already running cg job (Conflict) for simname = structure_iter00_000000000004
Batch job for cganalysis-structure_iter00_000000000006 exists, assuming resumed: Conflict
[cg] Found already running cg job (Conflict) for simname = structure_iter00_000000000006
Batch job for cganalysis-structure_iter00_000000000008 exists, assuming resumed: Conflict
[cg] Found already running cg job (Conflict) for simname = structure_iter00_000000000008
Batch job for cganalysis-structure_iter00_000000000010 exists, assuming resumed: Conflict
[cg] Found already running cg job (Conflict) for simname = structure_iter00_000000000010
[187.062 MB]:     > Iteration 335: updated jobs
[187.062 MB]:     > Iteration 335: testing all jobs
[187.062 MB]: Starting MainProcess iteration 336
[187.062 MB]:     > Iteration 336: added new patches
Batch job for cganalysis-structure_iter00_000000000000 exists, assuming resumed: Conflict
[cg] Found already running cg job (Conflict) for simname = structure_iter00_000000000000
Batch job for cganalysis-structure_iter00_000000000002 exists, assuming resumed: Conflict
[cg] Found already running cg job (Conflict) for simname = structure_iter00_000000000002
Batch job for cganalysis-structure_iter00_000000000004 exists, assuming resumed: Conflict
[cg] Found already running cg job (Conflict) for simname = structure_iter00_000000000004
Batch job for cganalysis-structure_iter00_000000000006 exists, assuming resumed: Conflict
[cg] Found already running cg job (Conflict) for simname = structure_iter00_000000000006
Batch job for cganalysis-structure_iter00_000000000008 exists, assuming resumed: Conflict
[cg] Found already running cg job (Conflict) for simname = structure_iter00_000000000008
Batch job for cganalysis-structure_iter00_000000000010 exists, assuming resumed: Conflict
[cg] Found already running cg job (Conflict) for simname = structure_iter00_000000000010
[187.062 MB]:     > Iteration 336: updated jobs
[187.062 MB]:     > Iteration 336: testing all jobs
[187.062 MB]: Starting MainProcess iteration 337
[187.062 MB]:     > Iteration 337: added new patches
Batch job for cganalysis-structure_iter00_000000000000 exists, assuming resumed: Conflict
[cg] Found already running cg job (Conflict) for simname = structure_iter00_000000000000
Batch job for cganalysis-structure_iter00_000000000002 exists, assuming resumed: Conflict
[cg] Found already running cg job (Conflict) for simname = structure_iter00_000000000002
Batch job for cganalysis-structure_iter00_000000000004 exists, assuming resumed: Conflict
[cg] Found already running cg job (Conflict) for simname = structure_iter00_000000000004
Batch job for cganalysis-structure_iter00_000000000006 exists, assuming resumed: Conflict
[cg] Found already running cg job (Conflict) for simname = structure_iter00_000000000006
Batch job for cganalysis-structure_iter00_000000000008 exists, assuming resumed: Conflict
[cg] Found already running cg job (Conflict) for simname = structure_iter00_000000000008
Batch job for cganalysis-structure_iter00_000000000010 exists, assuming resumed: Conflict
[cg] Found already running cg job (Conflict) for simname = structure_iter00_000000000010
[187.062 MB]:     > Iteration 337: updated jobs
[187.062 MB]:     > Iteration 337: testing all jobs
[187.062 MB]: Starting MainProcess iteration 338
[187.062 MB]:     > Iteration 338: added new patches
Batch job for cganalysis-structure_iter00_000000000000 exists, assuming resumed: Conflict
[cg] Found already running cg job (Conflict) for simname = structure_iter00_000000000000
Batch job for cganalysis-structure_iter00_000000000002 exists, assuming resumed: Conflict
[cg] Found already running cg job (Conflict) for simname = structure_iter00_000000000002
Batch job for cganalysis-structure_iter00_000000000004 exists, assuming resumed: Conflict
[cg] Found already running cg job (Conflict) for simname = structure_iter00_000000000004
Batch job for cganalysis-structure_iter00_000000000006 exists, assuming resumed: Conflict
[cg] Found already running cg job (Conflict) for simname = structure_iter00_000000000006
Batch job for cganalysis-structure_iter00_000000000008 exists, assuming resumed: Conflict
[cg] Found already running cg job (Conflict) for simname = structure_iter00_000000000008
Batch job for cganalysis-structure_iter00_000000000010 exists, assuming resumed: Conflict
[cg] Found already running cg job (Conflict) for simname = structure_iter00_000000000010
[187.062 MB]:     > Iteration 338: updated jobs
[187.062 MB]:     > Iteration 338: testing all jobs
[187.062 MB]: Starting MainProcess iteration 339
[187.062 MB]:     > Iteration 339: added new patches
Batch job for cganalysis-structure_iter00_000000000000 exists, assuming resumed: Conflict
[cg] Found already running cg job (Conflict) for simname = structure_iter00_000000000000
Batch job for cganalysis-structure_iter00_000000000002 exists, assuming resumed: Conflict
[cg] Found already running cg job (Conflict) for simname = structure_iter00_000000000002
Batch job for cganalysis-structure_iter00_000000000004 exists, assuming resumed: Conflict
[cg] Found already running cg job (Conflict) for simname = structure_iter00_000000000004
Batch job for cganalysis-structure_iter00_000000000006 exists, assuming resumed: Conflict
[cg] Found already running cg job (Conflict) for simname = structure_iter00_000000000006
Batch job for cganalysis-structure_iter00_000000000008 exists, assuming resumed: Conflict
[cg] Found already running cg job (Conflict) for simname = structure_iter00_000000000008
Batch job for cganalysis-structure_iter00_000000000010 exists, assuming resumed: Conflict
[cg] Found already running cg job (Conflict) for simname = structure_iter00_000000000010
[187.062 MB]:     > Iteration 339: updated jobs
[187.062 MB]:     > Iteration 339: testing all jobs
[187.062 MB]: Starting MainProcess iteration 340
[187.062 MB]:     > Iteration 340: added new patches
Batch job for cganalysis-structure_iter00_000000000000 exists, assuming resumed: Conflict
[cg] Found already running cg job (Conflict) for simname = structure_iter00_000000000000
Batch job for cganalysis-structure_iter00_000000000002 exists, assuming resumed: Conflict
[cg] Found already running cg job (Conflict) for simname = structure_iter00_000000000002
Batch job for cganalysis-structure_iter00_000000000004 exists, assuming resumed: Conflict
[cg] Found already running cg job (Conflict) for simname = structure_iter00_000000000004
Batch job for cganalysis-structure_iter00_000000000006 exists, assuming resumed: Conflict
[cg] Found already running cg job (Conflict) for simname = structure_iter00_000000000006
Batch job for cganalysis-structure_iter00_000000000008 exists, assuming resumed: Conflict
[cg] Found already running cg job (Conflict) for simname = structure_iter00_000000000008
Batch job for cganalysis-structure_iter00_000000000010 exists, assuming resumed: Conflict
[cg] Found already running cg job (Conflict) for simname = structure_iter00_000000000010
[187.062 MB]:     > Iteration 340: updated jobs
[187.062 MB]:     > Iteration 340: testing all jobs
[187.062 MB]: Starting MainProcess iteration 341
[187.062 MB]:     > Iteration 341: added new patches
Batch job for cganalysis-structure_iter00_000000000000 exists, assuming resumed: Conflict
[cg] Found already running cg job (Conflict) for simname = structure_iter00_000000000000
Batch job for cganalysis-structure_iter00_000000000002 exists, assuming resumed: Conflict
[cg] Found already running cg job (Conflict) for simname = structure_iter00_000000000002
Batch job for cganalysis-structure_iter00_000000000004 exists, assuming resumed: Conflict
[cg] Found already running cg job (Conflict) for simname = structure_iter00_000000000004
Batch job for cganalysis-structure_iter00_000000000006 exists, assuming resumed: Conflict
[cg] Found already running cg job (Conflict) for simname = structure_iter00_000000000006
Batch job for cganalysis-structure_iter00_000000000008 exists, assuming resumed: Conflict
[cg] Found already running cg job (Conflict) for simname = structure_iter00_000000000008
Batch job for cganalysis-structure_iter00_000000000010 exists, assuming resumed: Conflict
[cg] Found already running cg job (Conflict) for simname = structure_iter00_000000000010
[187.062 MB]:     > Iteration 341: updated jobs
[187.062 MB]:     > Iteration 341: testing all jobs
[187.062 MB]: Starting MainProcess iteration 342
[187.062 MB]:     > Iteration 342: added new patches
Batch job for cganalysis-structure_iter00_000000000000 exists, assuming resumed: Conflict
[cg] Found already running cg job (Conflict) for simname = structure_iter00_000000000000
Batch job for cganalysis-structure_iter00_000000000002 exists, assuming resumed: Conflict
[cg] Found already running cg job (Conflict) for simname = structure_iter00_000000000002
Batch job for cganalysis-structure_iter00_000000000004 exists, assuming resumed: Conflict
[cg] Found already running cg job (Conflict) for simname = structure_iter00_000000000004
Batch job for cganalysis-structure_iter00_000000000006 exists, assuming resumed: Conflict
[cg] Found already running cg job (Conflict) for simname = structure_iter00_000000000006
Batch job for cganalysis-structure_iter00_000000000008 exists, assuming resumed: Conflict
[cg] Found already running cg job (Conflict) for simname = structure_iter00_000000000008
Batch job for cganalysis-structure_iter00_000000000010 exists, assuming resumed: Conflict
[cg] Found already running cg job (Conflict) for simname = structure_iter00_000000000010
[187.062 MB]:     > Iteration 342: updated jobs
[187.062 MB]:     > Iteration 342: testing all jobs
[187.062 MB]: Starting MainProcess iteration 343
[187.062 MB]:     > Iteration 343: added new patches
Batch job for cganalysis-structure_iter00_000000000000 exists, assuming resumed: Conflict
[cg] Found already running cg job (Conflict) for simname = structure_iter00_000000000000
Batch job for cganalysis-structure_iter00_000000000002 exists, assuming resumed: Conflict
[cg] Found already running cg job (Conflict) for simname = structure_iter00_000000000002
Batch job for cganalysis-structure_iter00_000000000004 exists, assuming resumed: Conflict
[cg] Found already running cg job (Conflict) for simname = structure_iter00_000000000004
Batch job for cganalysis-structure_iter00_000000000006 exists, assuming resumed: Conflict
[cg] Found already running cg job (Conflict) for simname = structure_iter00_000000000006
Batch job for cganalysis-structure_iter00_000000000008 exists, assuming resumed: Conflict
[cg] Found already running cg job (Conflict) for simname = structure_iter00_000000000008
Pull policy for cganalysis-structure-iter00-000000000008 is IfNotPresent
Walltime is 2700.0
Backoff limit is 0
Pull policy for cganalysis-structure-iter00-000000000010 is IfNotPresent
Walltime is 2700.0
Backoff limit is 0
Pull policy for cganalysis-structure-iter00-000000000000 is IfNotPresent
Walltime is 2700.0
Backoff limit is 0
Pull policy for cganalysis-structure-iter00-000000000002 is IfNotPresent
Walltime is 2700.0
Backoff limit is 0
Pull policy for cganalysis-structure-iter00-000000000004 is IfNotPresent
Walltime is 2700.0
Backoff limit is 0
Pull policy for cganalysis-structure-iter00-000000000006 is IfNotPresent
Walltime is 2700.0
Backoff limit is 0
Pull policy for cganalysis-structure-iter00-000000000008 is IfNotPresent
Walltime is 2700.0
Backoff limit is 0
Pull policy for cganalysis-structure-iter00-000000000010 is IfNotPresent
Walltime is 2700.0
Backoff limit is 0
Pull policy for cganalysis-structure-iter00-000000000000 is IfNotPresent
Walltime is 2700.0
Backoff limit is 0
Pull policy for cganalysis-structure-iter00-000000000002 is IfNotPresent
Walltime is 2700.0
Backoff limit is 0
Pull policy for cganalysis-structure-iter00-000000000004 is IfNotPresent
Walltime is 2700.0
Backoff limit is 0
Pull policy for cganalysis-structure-iter00-000000000006 is IfNotPresent
Walltime is 2700.0
Backoff limit is 0
Pull policy for cganalysis-structure-iter00-000000000008 is IfNotPresent
Walltime is 2700.0
Backoff limit is 0
Pull policy for cganalysis-structure-iter00-000000000010 is IfNotPresent
Walltime is 2700.0
Backoff limit is 0
Pull policy for cganalysis-structure-iter00-000000000000 is IfNotPresent
Walltime is 2700.0
Backoff limit is 0
Pull policy for cganalysis-structure-iter00-000000000002 is IfNotPresent
Walltime is 2700.0
Backoff limit is 0
Pull policy for cganalysis-structure-iter00-000000000004 is IfNotPresent
Walltime is 2700.0
Backoff limit is 0
Pull policy for cganalysis-structure-iter00-000000000006 is IfNotPresent
Walltime is 2700.0
Backoff limit is 0
Pull policy for cganalysis-structure-iter00-000000000008 is IfNotPresent
Walltime is 2700.0
Backoff limit is 0
Pull policy for cganalysis-structure-iter00-000000000010 is IfNotPresent
Walltime is 2700.0
Backoff limit is 0
Pull policy for cganalysis-structure-iter00-000000000000 is IfNotPresent
Walltime is 2700.0
Backoff limit is 0
Pull policy for cganalysis-structure-iter00-000000000002 is IfNotPresent
Walltime is 2700.0
Backoff limit is 0
Pull policy for cganalysis-structure-iter00-000000000004 is IfNotPresent
Walltime is 2700.0
Backoff limit is 0
Pull policy for cganalysis-structure-iter00-000000000006 is IfNotPresent
Walltime is 2700.0
Backoff limit is 0
Pull policy for cganalysis-structure-iter00-000000000008 is IfNotPresent
Walltime is 2700.0
Backoff limit is 0
Pull policy for cganalysis-structure-iter00-000000000010 is IfNotPresent
Walltime is 2700.0
Backoff limit is 0
Pull policy for cganalysis-structure-iter00-000000000000 is IfNotPresent
Walltime is 2700.0
Backoff limit is 0
Pull policy for cganalysis-structure-iter00-000000000002 is IfNotPresent
Walltime is 2700.0
Backoff limit is 0
Pull policy for cganalysis-structure-iter00-000000000004 is IfNotPresent
Walltime is 2700.0
Backoff limit is 0
Pull policy for cganalysis-structure-iter00-000000000006 is IfNotPresent
Walltime is 2700.0
Backoff limit is 0
Pull policy for cganalysis-structure-iter00-000000000008 is IfNotPresent
Walltime is 2700.0
Backoff limit is 0
Pull policy for cganalysis-structure-iter00-000000000010 is IfNotPresent
Walltime is 2700.0
Backoff limit is 0
Pull policy for cganalysis-structure-iter00-000000000000 is IfNotPresent
Walltime is 2700.0
Backoff limit is 0
Pull policy for cganalysis-structure-iter00-000000000002 is IfNotPresent
Walltime is 2700.0
Backoff limit is 0
Pull policy for cganalysis-structure-iter00-000000000004 is IfNotPresent
Walltime is 2700.0
Backoff limit is 0
Pull policy for cganalysis-structure-iter00-000000000006 is IfNotPresent
Walltime is 2700.0
Backoff limit is 0
Pull policy for cganalysis-structure-iter00-000000000008 is IfNotPresent
Walltime is 2700.0
Backoff limit is 0
Pull policy for cganalysis-structure-iter00-000000000010 is IfNotPresent
Walltime is 2700.0
Backoff limit is 0
Pull policy for cganalysis-structure-iter00-000000000000 is IfNotPresent
Walltime is 2700.0
Backoff limit is 0
Pull policy for cganalysis-structure-iter00-000000000002 is IfNotPresent
Walltime is 2700.0
Backoff limit is 0
Pull policy for cganalysis-structure-iter00-000000000004 is IfNotPresent
Walltime is 2700.0
Backoff limit is 0
Pull policy for cganalysis-structure-iter00-000000000006 is IfNotPresent
Walltime is 2700.0
Backoff limit is 0
Pull policy for cganalysis-structure-iter00-000000000008 is IfNotPresent
Walltime is 2700.0
Backoff limit is 0
Pull policy for cganalysis-structure-iter00-000000000010 is IfNotPresent
Walltime is 2700.0
Backoff limit is 0
Pull policy for cganalysis-structure-iter00-000000000000 is IfNotPresent
Walltime is 2700.0
Backoff limit is 0
Pull policy for cganalysis-structure-iter00-000000000002 is IfNotPresent
Walltime is 2700.0
Backoff limit is 0
Pull policy for cganalysis-structure-iter00-000000000004 is IfNotPresent
Walltime is 2700.0
Backoff limit is 0
Pull policy for cganalysis-structure-iter00-000000000006 is IfNotPresent
Walltime is 2700.0
Backoff limit is 0
Pull policy for cganalysis-structure-iter00-000000000008 is IfNotPresent
Walltime is 2700.0
Backoff limit is 0
Pull policy for cganalysis-structure-iter00-000000000010 is IfNotPresent
Walltime is 2700.0
Backoff limit is 0
Pull policy for cganalysis-structure-iter00-000000000000 is IfNotPresent
Walltime is 2700.0
Backoff limit is 0
Pull policy for cganalysis-structure-iter00-000000000002 is IfNotPresent
Walltime is 2700.0
Backoff limit is 0
Pull policy for cganalysis-structure-iter00-000000000004 is IfNotPresent
Walltime is 2700.0
Backoff limit is 0
Pull policy for cganalysis-structure-iter00-000000000006 is IfNotPresent
Walltime is 2700.0
Backoff limit is 0
Pull policy for cganalysis-structure-iter00-000000000008 is IfNotPresent
Walltime is 2700.0
Backoff limit is 0
Pull policy for cganalysis-structure-iter00-000000000010 is IfNotPresent
Walltime is 2700.0
Backoff limit is 0
Pull policy for cganalysis-structure-iter00-000000000000 is IfNotPresent
Walltime is 2700.0
Backoff limit is 0
Pull policy for cganalysis-structure-iter00-000000000002 is IfNotPresent
Walltime is 2700.0
Backoff limit is 0
Pull policy for cganalysis-structure-iter00-000000000004 is IfNotPresent
Walltime is 2700.0
Backoff limit is 0
Pull policy for cganalysis-structure-iter00-000000000006 is IfNotPresent
Walltime is 2700.0
Backoff limit is 0
Pull policy for cganalysis-structure-iter00-000000000008 is IfNotPresent
Walltime is 2700.0
Backoff limit is 0
Pull policy for cganalysis-structure-iter00-000000000010 is IfNotPresent
Walltime is 2700.0
Backoff limit is 0
Pull policy for cganalysis-structure-iter00-000000000000 is IfNotPresent
Walltime is 2700.0
Backoff limit is 0
Pull policy for cganalysis-structure-iter00-000000000002 is IfNotPresent
Walltime is 2700.0
Backoff limit is 0
Pull policy for cganalysis-structure-iter00-000000000004 is IfNotPresent
Walltime is 2700.0
Backoff limit is 0
Pull policy for cganalysis-structure-iter00-000000000006 is IfNotPresent
Walltime is 2700.0
Backoff limit is 0
Pull policy for cganalysis-structure-iter00-000000000008 is IfNotPresent
Walltime is 2700.0
Backoff limit is 0
Pull policy for cganalysis-structure-iter00-000000000010 is IfNotPresent
Walltime is 2700.0
Backoff limit is 0
Pull policy for cganalysis-structure-iter00-000000000000 is IfNotPresent
Walltime is 2700.0
Backoff limit is 0
Pull policy for cganalysis-structure-iter00-000000000002 is IfNotPresent
Walltime is 2700.0
Backoff limit is 0
Pull policy for cganalysis-structure-iter00-000000000004 is IfNotPresent
Walltime is 2700.0
Backoff limit is 0
Pull policy for cganalysis-structure-iter00-000000000006 is IfNotPresent
Walltime is 2700.0
Backoff limit is 0
Pull policy for cganalysis-structure-iter00-000000000008 is IfNotPresent
Walltime is 2700.0
Backoff limit is 0
Pull policy for cganalysis-structure-iter00-000000000010 is IfNotPresent
Batch job for cganalysis-structure_iter00_000000000010 exists, assuming resumed: Conflict
[cg] Found already running cg job (Conflict) for simname = structure_iter00_000000000010
[187.062 MB]:     > Iteration 343: updated jobs
[187.062 MB]:     > Iteration 343: testing all jobs
[187.062 MB]: Starting MainProcess iteration 344
[187.062 MB]:     > Iteration 344: added new patches
Batch job for cganalysis-structure_iter00_000000000000 exists, assuming resumed: Conflict
[cg] Found already running cg job (Conflict) for simname = structure_iter00_000000000000
Batch job for cganalysis-structure_iter00_000000000002 exists, assuming resumed: Conflict
[cg] Found already running cg job (Conflict) for simname = structure_iter00_000000000002
Batch job for cganalysis-structure_iter00_000000000004 exists, assuming resumed: Conflict
[cg] Found already running cg job (Conflict) for simname = structure_iter00_000000000004
Batch job for cganalysis-structure_iter00_000000000006 exists, assuming resumed: Conflict
[cg] Found already running cg job (Conflict) for simname = structure_iter00_000000000006
Batch job for cganalysis-structure_iter00_000000000008 exists, assuming resumed: Conflict
[cg] Found already running cg job (Conflict) for simname = structure_iter00_000000000008
Batch job for cganalysis-structure_iter00_000000000010 exists, assuming resumed: Conflict
[cg] Found already running cg job (Conflict) for simname = structure_iter00_000000000010
[187.062 MB]:     > Iteration 344: updated jobs
[187.062 MB]:     > Iteration 344: testing all jobs
[187.062 MB]: Starting MainProcess iteration 345
[187.062 MB]:     > Iteration 345: added new patches
Batch job for cganalysis-structure_iter00_000000000000 exists, assuming resumed: Conflict
[cg] Found already running cg job (Conflict) for simname = structure_iter00_000000000000
Batch job for cganalysis-structure_iter00_000000000002 exists, assuming resumed: Conflict
[cg] Found already running cg job (Conflict) for simname = structure_iter00_000000000002
Batch job for cganalysis-structure_iter00_000000000004 exists, assuming resumed: Conflict
[cg] Found already running cg job (Conflict) for simname = structure_iter00_000000000004
Batch job for cganalysis-structure_iter00_000000000006 exists, assuming resumed: Conflict
[cg] Found already running cg job (Conflict) for simname = structure_iter00_000000000006
Batch job for cganalysis-structure_iter00_000000000008 exists, assuming resumed: Conflict
[cg] Found already running cg job (Conflict) for simname = structure_iter00_000000000008
Batch job for cganalysis-structure_iter00_000000000010 exists, assuming resumed: Conflict
[cg] Found already running cg job (Conflict) for simname = structure_iter00_000000000010
[187.062 MB]:     > Iteration 345: updated jobs
[187.062 MB]:     > Iteration 345: testing all jobs
[187.062 MB]: Starting MainProcess iteration 346
[187.062 MB]:     > Iteration 346: added new patches
Batch job for cganalysis-structure_iter00_000000000000 exists, assuming resumed: Conflict
[cg] Found already running cg job (Conflict) for simname = structure_iter00_000000000000
Batch job for cganalysis-structure_iter00_000000000002 exists, assuming resumed: Conflict
[cg] Found already running cg job (Conflict) for simname = structure_iter00_000000000002
Batch job for cganalysis-structure_iter00_000000000004 exists, assuming resumed: Conflict
[cg] Found already running cg job (Conflict) for simname = structure_iter00_000000000004
Batch job for cganalysis-structure_iter00_000000000006 exists, assuming resumed: Conflict
[cg] Found already running cg job (Conflict) for simname = structure_iter00_000000000006
Batch job for cganalysis-structure_iter00_000000000008 exists, assuming resumed: Conflict
[cg] Found already running cg job (Conflict) for simname = structure_iter00_000000000008
Batch job for cganalysis-structure_iter00_000000000010 exists, assuming resumed: Conflict
[cg] Found already running cg job (Conflict) for simname = structure_iter00_000000000010
[187.062 MB]:     > Iteration 346: updated jobs
[187.062 MB]:     > Iteration 346: testing all jobs
[187.062 MB]: Starting MainProcess iteration 347
[187.062 MB]:     > Iteration 347: added new patches
Batch job for cganalysis-structure_iter00_000000000000 exists, assuming resumed: Conflict
[cg] Found already running cg job (Conflict) for simname = structure_iter00_000000000000
Batch job for cganalysis-structure_iter00_000000000002 exists, assuming resumed: Conflict
[cg] Found already running cg job (Conflict) for simname = structure_iter00_000000000002
Batch job for cganalysis-structure_iter00_000000000004 exists, assuming resumed: Conflict
[cg] Found already running cg job (Conflict) for simname = structure_iter00_000000000004
Batch job for cganalysis-structure_iter00_000000000006 exists, assuming resumed: Conflict
[cg] Found already running cg job (Conflict) for simname = structure_iter00_000000000006
Batch job for cganalysis-structure_iter00_000000000008 exists, assuming resumed: Conflict
[cg] Found already running cg job (Conflict) for simname = structure_iter00_000000000008
Batch job for cganalysis-structure_iter00_000000000010 exists, assuming resumed: Conflict
[cg] Found already running cg job (Conflict) for simname = structure_iter00_000000000010
[187.062 MB]:     > Iteration 347: updated jobs
[187.062 MB]:     > Iteration 347: testing all jobs
[187.062 MB]: Starting MainProcess iteration 348
[187.062 MB]:     > Iteration 348: added new patches
Batch job for cganalysis-structure_iter00_000000000000 exists, assuming resumed: Conflict
[cg] Found already running cg job (Conflict) for simname = structure_iter00_000000000000
Batch job for cganalysis-structure_iter00_000000000002 exists, assuming resumed: Conflict
[cg] Found already running cg job (Conflict) for simname = structure_iter00_000000000002
Batch job for cganalysis-structure_iter00_000000000004 exists, assuming resumed: Conflict
[cg] Found already running cg job (Conflict) for simname = structure_iter00_000000000004
Batch job for cganalysis-structure_iter00_000000000006 exists, assuming resumed: Conflict
[cg] Found already running cg job (Conflict) for simname = structure_iter00_000000000006
Batch job for cganalysis-structure_iter00_000000000008 exists, assuming resumed: Conflict
[cg] Found already running cg job (Conflict) for simname = structure_iter00_000000000008
Batch job for cganalysis-structure_iter00_000000000010 exists, assuming resumed: Conflict
[cg] Found already running cg job (Conflict) for simname = structure_iter00_000000000010
[187.062 MB]:     > Iteration 348: updated jobs
[187.062 MB]:     > Iteration 348: testing all jobs
[187.062 MB]: Starting MainProcess iteration 349
[187.062 MB]:     > Iteration 349: added new patches
Batch job for cganalysis-structure_iter00_000000000000 exists, assuming resumed: Conflict
[cg] Found already running cg job (Conflict) for simname = structure_iter00_000000000000
Batch job for cganalysis-structure_iter00_000000000002 exists, assuming resumed: Conflict
[cg] Found already running cg job (Conflict) for simname = structure_iter00_000000000002
Batch job for cganalysis-structure_iter00_000000000004 exists, assuming resumed: Conflict
[cg] Found already running cg job (Conflict) for simname = structure_iter00_000000000004
Batch job for cganalysis-structure_iter00_000000000006 exists, assuming resumed: Conflict
[cg] Found already running cg job (Conflict) for simname = structure_iter00_000000000006
Batch job for cganalysis-structure_iter00_000000000008 exists, assuming resumed: Conflict
[cg] Found already running cg job (Conflict) for simname = structure_iter00_000000000008
Batch job for cganalysis-structure_iter00_000000000010 exists, assuming resumed: Conflict
[cg] Found already running cg job (Conflict) for simname = structure_iter00_000000000010
[187.062 MB]:     > Iteration 349: updated jobs
[187.062 MB]:     > Iteration 349: testing all jobs
[187.062 MB]: Starting MainProcess iteration 350
[187.062 MB]:     > Iteration 350: added new patches
Batch job for cganalysis-structure_iter00_000000000000 exists, assuming resumed: Conflict
[cg] Found already running cg job (Conflict) for simname = structure_iter00_000000000000
Batch job for cganalysis-structure_iter00_000000000002 exists, assuming resumed: Conflict
[cg] Found already running cg job (Conflict) for simname = structure_iter00_000000000002
Batch job for cganalysis-structure_iter00_000000000004 exists, assuming resumed: Conflict
[cg] Found already running cg job (Conflict) for simname = structure_iter00_000000000004
Batch job for cganalysis-structure_iter00_000000000006 exists, assuming resumed: Conflict
[cg] Found already running cg job (Conflict) for simname = structure_iter00_000000000006
Batch job for cganalysis-structure_iter00_000000000008 exists, assuming resumed: Conflict
[cg] Found already running cg job (Conflict) for simname = structure_iter00_000000000008
Batch job for cganalysis-structure_iter00_000000000010 exists, assuming resumed: Conflict
[cg] Found already running cg job (Conflict) for simname = structure_iter00_000000000010
[187.062 MB]:     > Iteration 350: updated jobs
[187.062 MB]:     > Iteration 350: testing all jobs
[187.062 MB]: Starting MainProcess iteration 351
[187.062 MB]:     > Iteration 351: added new patches
Batch job for cganalysis-structure_iter00_000000000000 exists, assuming resumed: Conflict
[cg] Found already running cg job (Conflict) for simname = structure_iter00_000000000000
Batch job for cganalysis-structure_iter00_000000000002 exists, assuming resumed: Conflict
[cg] Found already running cg job (Conflict) for simname = structure_iter00_000000000002
Batch job for cganalysis-structure_iter00_000000000004 exists, assuming resumed: Conflict
[cg] Found already running cg job (Conflict) for simname = structure_iter00_000000000004
Batch job for cganalysis-structure_iter00_000000000006 exists, assuming resumed: Conflict
[cg] Found already running cg job (Conflict) for simname = structure_iter00_000000000006
Batch job for cganalysis-structure_iter00_000000000008 exists, assuming resumed: Conflict
[cg] Found already running cg job (Conflict) for simname = structure_iter00_000000000008
Batch job for cganalysis-structure_iter00_000000000010 exists, assuming resumed: Conflict
[cg] Found already running cg job (Conflict) for simname = structure_iter00_000000000010
[187.062 MB]:     > Iteration 351: updated jobs
[187.062 MB]:     > Iteration 351: testing all jobs
[187.062 MB]: Starting MainProcess iteration 352
[187.062 MB]:     > Iteration 352: added new patches
Batch job for cganalysis-structure_iter00_000000000000 exists, assuming resumed: Conflict
[cg] Found already running cg job (Conflict) for simname = structure_iter00_000000000000
Batch job for cganalysis-structure_iter00_000000000002 exists, assuming resumed: Conflict
[cg] Found already running cg job (Conflict) for simname = structure_iter00_000000000002
Batch job for cganalysis-structure_iter00_000000000004 exists, assuming resumed: Conflict
[cg] Found already running cg job (Conflict) for simname = structure_iter00_000000000004
Batch job for cganalysis-structure_iter00_000000000006 exists, assuming resumed: Conflict
[cg] Found already running cg job (Conflict) for simname = structure_iter00_000000000006
Batch job for cganalysis-structure_iter00_000000000008 exists, assuming resumed: Conflict
[cg] Found already running cg job (Conflict) for simname = structure_iter00_000000000008
Batch job for cganalysis-structure_iter00_000000000010 exists, assuming resumed: Conflict
[cg] Found already running cg job (Conflict) for simname = structure_iter00_000000000010
[187.062 MB]:     > Iteration 352: updated jobs
[187.062 MB]:     > Iteration 352: testing all jobs
[187.062 MB]: Starting MainProcess iteration 353
[187.062 MB]:     > Iteration 353: added new patches
Batch job for cganalysis-structure_iter00_000000000000 exists, assuming resumed: Conflict
[cg] Found already running cg job (Conflict) for simname = structure_iter00_000000000000
Batch job for cganalysis-structure_iter00_000000000002 exists, assuming resumed: Conflict
[cg] Found already running cg job (Conflict) for simname = structure_iter00_000000000002
Batch job for cganalysis-structure_iter00_000000000004 exists, assuming resumed: Conflict
[cg] Found already running cg job (Conflict) for simname = structure_iter00_000000000004
Batch job for cganalysis-structure_iter00_000000000006 exists, assuming resumed: Conflict
[cg] Found already running cg job (Conflict) for simname = structure_iter00_000000000006
Batch job for cganalysis-structure_iter00_000000000008 exists, assuming resumed: Conflict
[cg] Found already running cg job (Conflict) for simname = structure_iter00_000000000008
Batch job for cganalysis-structure_iter00_000000000010 exists, assuming resumed: Conflict
[cg] Found already running cg job (Conflict) for simname = structure_iter00_000000000010
[187.062 MB]:     > Iteration 353: updated jobs
[187.062 MB]:     > Iteration 353: testing all jobs
[187.062 MB]: Starting MainProcess iteration 354
[187.062 MB]:     > Iteration 354: added new patches
Batch job for cganalysis-structure_iter00_000000000000 exists, assuming resumed: Conflict
[cg] Found already running cg job (Conflict) for simname = structure_iter00_000000000000
Batch job for cganalysis-structure_iter00_000000000002 exists, assuming resumed: Conflict
[cg] Found already running cg job (Conflict) for simname = structure_iter00_000000000002
Batch job for cganalysis-structure_iter00_000000000004 exists, assuming resumed: Conflict
[cg] Found already running cg job (Conflict) for simname = structure_iter00_000000000004
Batch job for cganalysis-structure_iter00_000000000006 exists, assuming resumed: Conflict
[cg] Found already running cg job (Conflict) for simname = structure_iter00_000000000006
Batch job for cganalysis-structure_iter00_000000000008 exists, assuming resumed: Conflict
[cg] Found already running cg job (Conflict) for simname = structure_iter00_000000000008
Batch job for cganalysis-structure_iter00_000000000010 exists, assuming resumed: Conflict
[cg] Found already running cg job (Conflict) for simname = structure_iter00_000000000010
[187.062 MB]:     > Iteration 354: updated jobs
[187.062 MB]:     > Iteration 354: testing all jobs
[187.062 MB]: Starting MainProcess iteration 355
[187.062 MB]:     > Iteration 355: added new patches
Batch job for cganalysis-structure_iter00_000000000000 exists, assuming resumed: Conflict
[cg] Found already running cg job (Conflict) for simname = structure_iter00_000000000000
Batch job for cganalysis-structure_iter00_000000000002 exists, assuming resumed: Conflict
[cg] Found already running cg job (Conflict) for simname = structure_iter00_000000000002
Batch job for cganalysis-structure_iter00_000000000004 exists, assuming resumed: Conflict
[cg] Found already running cg job (Conflict) for simname = structure_iter00_000000000004
Batch job for cganalysis-structure_iter00_000000000006 exists, assuming resumed: Conflict
[cg] Found already running cg job (Conflict) for simname = structure_iter00_000000000006
Batch job for cganalysis-structure_iter00_000000000008 exists, assuming resumed: Conflict
[cg] Found already running cg job (Conflict) for simname = structure_iter00_000000000008
Batch job for cganalysis-structure_iter00_000000000010 exists, assuming resumed: Conflict
[cg] Found already running cg job (Conflict) for simname = structure_iter00_000000000010
[187.062 MB]:     > Iteration 355: updated jobs
[187.062 MB]:     > Iteration 355: testing all jobs
[187.062 MB]: Starting MainProcess iteration 356
[187.062 MB]:     > Iteration 356: added new patches
Batch job for cganalysis-structure_iter00_000000000000 exists, assuming resumed: Conflict
[cg] Found already running cg job (Conflict) for simname = structure_iter00_000000000000
Walltime is 2700.0
Backoff limit is 0
Pull policy for cganalysis-structure-iter00-000000000000 is IfNotPresent
Walltime is 2700.0
Backoff limit is 0
Pull policy for cganalysis-structure-iter00-000000000002 is IfNotPresent
Walltime is 2700.0
Backoff limit is 0
Pull policy for cganalysis-structure-iter00-000000000004 is IfNotPresent
Walltime is 2700.0
Backoff limit is 0
Pull policy for cganalysis-structure-iter00-000000000006 is IfNotPresent
Walltime is 2700.0
Backoff limit is 0
Pull policy for cganalysis-structure-iter00-000000000008 is IfNotPresent
Walltime is 2700.0
Backoff limit is 0
Pull policy for cganalysis-structure-iter00-000000000010 is IfNotPresent
Walltime is 2700.0
Backoff limit is 0
Pull policy for cganalysis-structure-iter00-000000000000 is IfNotPresent
Walltime is 2700.0
Backoff limit is 0
Pull policy for cganalysis-structure-iter00-000000000002 is IfNotPresent
Walltime is 2700.0
Backoff limit is 0
Pull policy for cganalysis-structure-iter00-000000000004 is IfNotPresent
Walltime is 2700.0
Backoff limit is 0
Pull policy for cganalysis-structure-iter00-000000000006 is IfNotPresent
Walltime is 2700.0
Backoff limit is 0
Pull policy for cganalysis-structure-iter00-000000000008 is IfNotPresent
Walltime is 2700.0
Backoff limit is 0
Pull policy for cganalysis-structure-iter00-000000000010 is IfNotPresent
Walltime is 2700.0
Backoff limit is 0
Pull policy for cganalysis-structure-iter00-000000000000 is IfNotPresent
Walltime is 2700.0
Backoff limit is 0
Pull policy for cganalysis-structure-iter00-000000000002 is IfNotPresent
Walltime is 2700.0
Backoff limit is 0
Pull policy for cganalysis-structure-iter00-000000000004 is IfNotPresent
Walltime is 2700.0
Backoff limit is 0
Pull policy for cganalysis-structure-iter00-000000000006 is IfNotPresent
Walltime is 2700.0
Backoff limit is 0
Pull policy for cganalysis-structure-iter00-000000000008 is IfNotPresent
Walltime is 2700.0
Backoff limit is 0
Pull policy for cganalysis-structure-iter00-000000000010 is IfNotPresent
Walltime is 2700.0
Backoff limit is 0
Pull policy for cganalysis-structure-iter00-000000000000 is IfNotPresent
Walltime is 2700.0
Backoff limit is 0
Pull policy for cganalysis-structure-iter00-000000000002 is IfNotPresent
Walltime is 2700.0
Backoff limit is 0
Pull policy for cganalysis-structure-iter00-000000000004 is IfNotPresent
Walltime is 2700.0
Backoff limit is 0
Pull policy for cganalysis-structure-iter00-000000000006 is IfNotPresent
Walltime is 2700.0
Backoff limit is 0
Pull policy for cganalysis-structure-iter00-000000000008 is IfNotPresent
Walltime is 2700.0
Backoff limit is 0
Pull policy for cganalysis-structure-iter00-000000000010 is IfNotPresent
Walltime is 2700.0
Backoff limit is 0
Pull policy for cganalysis-structure-iter00-000000000000 is IfNotPresent
Walltime is 2700.0
Backoff limit is 0
Pull policy for cganalysis-structure-iter00-000000000002 is IfNotPresent
Walltime is 2700.0
Backoff limit is 0
Pull policy for cganalysis-structure-iter00-000000000004 is IfNotPresent
Walltime is 2700.0
Backoff limit is 0
Pull policy for cganalysis-structure-iter00-000000000006 is IfNotPresent
Walltime is 2700.0
Backoff limit is 0
Pull policy for cganalysis-structure-iter00-000000000008 is IfNotPresent
Walltime is 2700.0
Backoff limit is 0
Pull policy for cganalysis-structure-iter00-000000000010 is IfNotPresent
Walltime is 2700.0
Backoff limit is 0
Pull policy for cganalysis-structure-iter00-000000000000 is IfNotPresent
Walltime is 2700.0
Backoff limit is 0
Pull policy for cganalysis-structure-iter00-000000000002 is IfNotPresent
Walltime is 2700.0
Backoff limit is 0
Pull policy for cganalysis-structure-iter00-000000000004 is IfNotPresent
Walltime is 2700.0
Backoff limit is 0
Pull policy for cganalysis-structure-iter00-000000000006 is IfNotPresent
Walltime is 2700.0
Backoff limit is 0
Pull policy for cganalysis-structure-iter00-000000000008 is IfNotPresent
Walltime is 2700.0
Backoff limit is 0
Pull policy for cganalysis-structure-iter00-000000000010 is IfNotPresent
Walltime is 2700.0
Backoff limit is 0
Pull policy for cganalysis-structure-iter00-000000000000 is IfNotPresent
Walltime is 2700.0
Backoff limit is 0
Pull policy for cganalysis-structure-iter00-000000000002 is IfNotPresent
Walltime is 2700.0
Backoff limit is 0
Pull policy for cganalysis-structure-iter00-000000000004 is IfNotPresent
Walltime is 2700.0
Backoff limit is 0
Pull policy for cganalysis-structure-iter00-000000000006 is IfNotPresent
Walltime is 2700.0
Backoff limit is 0
Pull policy for cganalysis-structure-iter00-000000000008 is IfNotPresent
Walltime is 2700.0
Backoff limit is 0
Pull policy for cganalysis-structure-iter00-000000000010 is IfNotPresent
Walltime is 2700.0
Backoff limit is 0
Pull policy for cganalysis-structure-iter00-000000000000 is IfNotPresent
Walltime is 2700.0
Backoff limit is 0
Pull policy for cganalysis-structure-iter00-000000000002 is IfNotPresent
Walltime is 2700.0
Backoff limit is 0
Pull policy for cganalysis-structure-iter00-000000000004 is IfNotPresent
Walltime is 2700.0
Backoff limit is 0
Pull policy for cganalysis-structure-iter00-000000000006 is IfNotPresent
Walltime is 2700.0
Backoff limit is 0
Pull policy for cganalysis-structure-iter00-000000000008 is IfNotPresent
Walltime is 2700.0
Backoff limit is 0
Pull policy for cganalysis-structure-iter00-000000000010 is IfNotPresent
Walltime is 2700.0
Backoff limit is 0
Pull policy for cganalysis-structure-iter00-000000000000 is IfNotPresent
Walltime is 2700.0
Backoff limit is 0
Pull policy for cganalysis-structure-iter00-000000000002 is IfNotPresent
Walltime is 2700.0
Backoff limit is 0
Pull policy for cganalysis-structure-iter00-000000000004 is IfNotPresent
Walltime is 2700.0
Backoff limit is 0
Pull policy for cganalysis-structure-iter00-000000000006 is IfNotPresent
Walltime is 2700.0
Backoff limit is 0
Pull policy for cganalysis-structure-iter00-000000000008 is IfNotPresent
Walltime is 2700.0
Backoff limit is 0
Pull policy for cganalysis-structure-iter00-000000000010 is IfNotPresent
Walltime is 2700.0
Backoff limit is 0
Pull policy for cganalysis-structure-iter00-000000000000 is IfNotPresent
Walltime is 2700.0
Backoff limit is 0
Pull policy for cganalysis-structure-iter00-000000000002 is IfNotPresent
Walltime is 2700.0
Backoff limit is 0
Pull policy for cganalysis-structure-iter00-000000000004 is IfNotPresent
Walltime is 2700.0
Backoff limit is 0
Pull policy for cganalysis-structure-iter00-000000000006 is IfNotPresent
Walltime is 2700.0
Backoff limit is 0
Pull policy for cganalysis-structure-iter00-000000000008 is IfNotPresent
Walltime is 2700.0
Backoff limit is 0
Pull policy for cganalysis-structure-iter00-000000000010 is IfNotPresent
Walltime is 2700.0
Backoff limit is 0
Pull policy for cganalysis-structure-iter00-000000000000 is IfNotPresent
Walltime is 2700.0
Backoff limit is 0
Pull policy for cganalysis-structure-iter00-000000000002 is IfNotPresent
Walltime is 2700.0
Backoff limit is 0
Pull policy for cganalysis-structure-iter00-000000000004 is IfNotPresent
Walltime is 2700.0
Backoff limit is 0
Pull policy for cganalysis-structure-iter00-000000000006 is IfNotPresent
Walltime is 2700.0
Backoff limit is 0
Pull policy for cganalysis-structure-iter00-000000000008 is IfNotPresent
Walltime is 2700.0
Backoff limit is 0
Pull policy for cganalysis-structure-iter00-000000000010 is IfNotPresent
Walltime is 2700.0
Backoff limit is 0
Pull policy for cganalysis-structure-iter00-000000000000 is IfNotPresent
Walltime is 2700.0
Backoff limit is 0
Pull policy for cganalysis-structure-iter00-000000000002 is IfNotPresent
Walltime is 2700.0
Backoff limit is 0
Pull policy for cganalysis-structure-iter00-000000000004 is IfNotPresent
Walltime is 2700.0
Backoff limit is 0
Pull policy for cganalysis-structure-iter00-000000000006 is IfNotPresent
Walltime is 2700.0
Backoff limit is 0
Pull policy for cganalysis-structure-iter00-000000000008 is IfNotPresent
Walltime is 2700.0
Backoff limit is 0
Pull policy for cganalysis-structure-iter00-000000000010 is IfNotPresent
Walltime is 2700.0
Backoff limit is 0
Pull policy for cganalysis-structure-iter00-000000000000 is IfNotPresent
Walltime is 2700.0
Backoff limit is 0
Batch job for cganalysis-structure_iter00_000000000002 exists, assuming resumed: Conflict
[cg] Found already running cg job (Conflict) for simname = structure_iter00_000000000002
Batch job for cganalysis-structure_iter00_000000000004 exists, assuming resumed: Conflict
[cg] Found already running cg job (Conflict) for simname = structure_iter00_000000000004
Batch job for cganalysis-structure_iter00_000000000006 exists, assuming resumed: Conflict
[cg] Found already running cg job (Conflict) for simname = structure_iter00_000000000006
Batch job for cganalysis-structure_iter00_000000000008 exists, assuming resumed: Conflict
[cg] Found already running cg job (Conflict) for simname = structure_iter00_000000000008
Batch job for cganalysis-structure_iter00_000000000010 exists, assuming resumed: Conflict
[cg] Found already running cg job (Conflict) for simname = structure_iter00_000000000010
[187.062 MB]:     > Iteration 356: updated jobs
[187.062 MB]:     > Iteration 356: testing all jobs
[187.062 MB]: Starting MainProcess iteration 357
[187.062 MB]:     > Iteration 357: added new patches
Batch job for cganalysis-structure_iter00_000000000000 exists, assuming resumed: Conflict
[cg] Found already running cg job (Conflict) for simname = structure_iter00_000000000000
Batch job for cganalysis-structure_iter00_000000000002 exists, assuming resumed: Conflict
[cg] Found already running cg job (Conflict) for simname = structure_iter00_000000000002
Batch job for cganalysis-structure_iter00_000000000004 exists, assuming resumed: Conflict
[cg] Found already running cg job (Conflict) for simname = structure_iter00_000000000004
Batch job for cganalysis-structure_iter00_000000000006 exists, assuming resumed: Conflict
[cg] Found already running cg job (Conflict) for simname = structure_iter00_000000000006
Batch job for cganalysis-structure_iter00_000000000008 exists, assuming resumed: Conflict
[cg] Found already running cg job (Conflict) for simname = structure_iter00_000000000008
Batch job for cganalysis-structure_iter00_000000000010 exists, assuming resumed: Conflict
[cg] Found already running cg job (Conflict) for simname = structure_iter00_000000000010
[187.062 MB]:     > Iteration 357: updated jobs
[187.062 MB]:     > Iteration 357: testing all jobs
[187.062 MB]: Starting MainProcess iteration 358
[187.062 MB]:     > Iteration 358: added new patches
Batch job for cganalysis-structure_iter00_000000000000 exists, assuming resumed: Conflict
[cg] Found already running cg job (Conflict) for simname = structure_iter00_000000000000
Batch job for cganalysis-structure_iter00_000000000002 exists, assuming resumed: Conflict
[cg] Found already running cg job (Conflict) for simname = structure_iter00_000000000002
Batch job for cganalysis-structure_iter00_000000000004 exists, assuming resumed: Conflict
[cg] Found already running cg job (Conflict) for simname = structure_iter00_000000000004
Batch job for cganalysis-structure_iter00_000000000006 exists, assuming resumed: Conflict
[cg] Found already running cg job (Conflict) for simname = structure_iter00_000000000006
Batch job for cganalysis-structure_iter00_000000000008 exists, assuming resumed: Conflict
[cg] Found already running cg job (Conflict) for simname = structure_iter00_000000000008
Batch job for cganalysis-structure_iter00_000000000010 exists, assuming resumed: Conflict
[cg] Found already running cg job (Conflict) for simname = structure_iter00_000000000010
[187.062 MB]:     > Iteration 358: updated jobs
[187.062 MB]:     > Iteration 358: testing all jobs
[187.062 MB]: Starting MainProcess iteration 359
[187.062 MB]:     > Iteration 359: added new patches
Batch job for cganalysis-structure_iter00_000000000000 exists, assuming resumed: Conflict
[cg] Found already running cg job (Conflict) for simname = structure_iter00_000000000000
Batch job for cganalysis-structure_iter00_000000000002 exists, assuming resumed: Conflict
[cg] Found already running cg job (Conflict) for simname = structure_iter00_000000000002
Batch job for cganalysis-structure_iter00_000000000004 exists, assuming resumed: Conflict
[cg] Found already running cg job (Conflict) for simname = structure_iter00_000000000004
Batch job for cganalysis-structure_iter00_000000000006 exists, assuming resumed: Conflict
[cg] Found already running cg job (Conflict) for simname = structure_iter00_000000000006
Batch job for cganalysis-structure_iter00_000000000008 exists, assuming resumed: Conflict
[cg] Found already running cg job (Conflict) for simname = structure_iter00_000000000008
Batch job for cganalysis-structure_iter00_000000000010 exists, assuming resumed: Conflict
[cg] Found already running cg job (Conflict) for simname = structure_iter00_000000000010
[187.062 MB]:     > Iteration 359: updated jobs
[187.062 MB]:     > Iteration 359: testing all jobs
[187.062 MB]: Starting MainProcess iteration 360
We got Stream connection lost: ConnectionResetError(104, 'Connection reset by peer')
Did not find current user: defaulted to mummiusr
Using Plain connection (unsafe): TLS certificate /opt/clones/certs/client_rabbitmq_certificate.pem does not exist
[187.062 MB]:     > Iteration 360: added new patches
Batch job for cganalysis-structure_iter00_000000000000 exists, assuming resumed: Conflict
[cg] Found already running cg job (Conflict) for simname = structure_iter00_000000000000
Batch job for cganalysis-structure_iter00_000000000002 exists, assuming resumed: Conflict
[cg] Found already running cg job (Conflict) for simname = structure_iter00_000000000002
Batch job for cganalysis-structure_iter00_000000000004 exists, assuming resumed: Conflict
[cg] Found already running cg job (Conflict) for simname = structure_iter00_000000000004
Batch job for cganalysis-structure_iter00_000000000006 exists, assuming resumed: Conflict
[cg] Found already running cg job (Conflict) for simname = structure_iter00_000000000006
Batch job for cganalysis-structure_iter00_000000000008 exists, assuming resumed: Conflict
[cg] Found already running cg job (Conflict) for simname = structure_iter00_000000000008
Batch job for cganalysis-structure_iter00_000000000010 exists, assuming resumed: Conflict
[cg] Found already running cg job (Conflict) for simname = structure_iter00_000000000010
[187.062 MB]:     > Iteration 360: updated jobs
[187.062 MB]:     > Iteration 360: testing all jobs
[187.062 MB]: Starting MainProcess iteration 361
Maximum jobs for createsim (2) reached, will not submit more.
[187.062 MB]:     > Iteration 361: added new patches
Maximum jobs for cg (3) reached, will not submit more.
[187.062 MB]:     > Iteration 361: updated jobs
[187.062 MB]:     > Iteration 361: testing all jobs
[187.062 MB]: Starting MainProcess iteration 362
[187.062 MB]:     > Iteration 362: added new patches
Maximum jobs for cg (3) reached, will not submit more.
[187.062 MB]:     > Iteration 362: updated jobs
[187.062 MB]:     > Iteration 362: testing all jobs
[187.062 MB]: Starting MainProcess iteration 363
[187.062 MB]:     > Iteration 363: added new patches
Maximum jobs for cg (3) reached, will not submit more.
[187.062 MB]:     > Iteration 363: updated jobs
[187.062 MB]:     > Iteration 363: testing all jobs
[187.062 MB]: Starting MainProcess iteration 364
[187.062 MB]:     > Iteration 364: added new patches
Maximum jobs for cg (3) reached, will not submit more.
[187.062 MB]:     > Iteration 364: updated jobs
[187.062 MB]:     > Iteration 364: testing all jobs
[187.062 MB]: Starting MainProcess iteration 365
[187.062 MB]:     > Iteration 365: added new patches
Maximum jobs for cg (3) reached, will not submit more.
[187.062 MB]:     > Iteration 365: updated jobs
[187.062 MB]:     > Iteration 365: testing all jobs
[187.062 MB]: Starting MainProcess iteration 366
[187.062 MB]:     > Iteration 366: added new patches
Maximum jobs for cg (3) reached, will not submit more.
[187.062 MB]:     > Iteration 366: updated jobs
[187.062 MB]:     > Iteration 366: testing all jobs
[187.062 MB]: Starting MainProcess iteration 367
[187.062 MB]:     > Iteration 367: added new patches
Maximum jobs for cg (3) reached, will not submit more.
[187.062 MB]:     > Iteration 367: updated jobs
[187.062 MB]:     > Iteration 367: testing all jobs
[187.062 MB]: Starting MainProcess iteration 368
[187.062 MB]:     > Iteration 368: added new patches
Maximum jobs for cg (3) reached, will not submit more.
[187.062 MB]:     > Iteration 368: updated jobs
[187.062 MB]:     > Iteration 368: testing all jobs
[187.062 MB]: Starting MainProcess iteration 369
[187.062 MB]:     > Iteration 369: added new patches
Maximum jobs for cg (3) reached, will not submit more.
[187.062 MB]:     > Iteration 369: updated jobs
[187.062 MB]:     > Iteration 369: testing all jobs
[187.062 MB]: Starting MainProcess iteration 370
[187.062 MB]:     > Iteration 370: added new patches
Maximum jobs for cg (3) reached, will not submit more.
[187.062 MB]:     > Iteration 370: updated jobs
[187.062 MB]:     > Iteration 370: testing all jobs
[187.062 MB]: Starting MainProcess iteration 371
[187.062 MB]:     > Iteration 371: added new patches
Maximum jobs for cg (3) reached, will not submit more.
[187.062 MB]:     > Iteration 371: updated jobs
[187.062 MB]:     > Iteration 371: testing all jobs
[187.062 MB]: Starting MainProcess iteration 372
[187.062 MB]:     > Iteration 372: added new patches
Maximum jobs for cg (3) reached, will not submit more.
[187.062 MB]:     > Iteration 372: updated jobs
[187.062 MB]:     > Iteration 372: testing all jobs
[187.062 MB]: Starting MainProcess iteration 373
[187.062 MB]:     > Iteration 373: added new patches
Maximum jobs for cg (3) reached, will not submit more.
[187.062 MB]:     > Iteration 373: updated jobs
[187.062 MB]:     > Iteration 373: testing all jobs
[187.062 MB]: Starting MainProcess iteration 374
[187.062 MB]:     > Iteration 374: added new patches
Batch job for cganalysis-structure_iter00_000000000000 exists, assuming resumed: Conflict
[cg] Found already running cg job (Conflict) for simname = structure_iter00_000000000000
Batch job for cganalysis-structure_iter00_000000000002 exists, assuming resumed: Conflict
[cg] Found already running cg job (Conflict) for simname = structure_iter00_000000000002
Batch job for cganalysis-structure_iter00_000000000004 exists, assuming resumed: Conflict
[cg] Found already running cg job (Conflict) for simname = structure_iter00_000000000004
Batch job for cganalysis-structure_iter00_000000000006 exists, assuming resumed: Conflict
[cg] Found already running cg job (Conflict) for simname = structure_iter00_000000000006
Batch job for cganalysis-structure_iter00_000000000008 exists, assuming resumed: Conflict
[cg] Found already running cg job (Conflict) for simname = structure_iter00_000000000008
Batch job for cganalysis-structure_iter00_000000000010 exists, assuming resumed: Conflict
[cg] Found already running cg job (Conflict) for simname = structure_iter00_000000000010
Batch job for cganalysis-structure_iter00_000000000012 exists, assuming resumed: Conflict
[cg] Found already running cg job (Conflict) for simname = structure_iter00_000000000012
[187.062 MB]:     > Iteration 374: updated jobs
[187.062 MB]:     > Iteration 374: testing all jobs
[187.062 MB]: Starting MainProcess iteration 375
[187.062 MB]:     > Iteration 375: added new patches
Batch job for cganalysis-structure_iter00_000000000000 exists, assuming resumed: Conflict
[cg] Found already running cg job (Conflict) for simname = structure_iter00_000000000000
Batch job for cganalysis-structure_iter00_000000000002 exists, assuming resumed: Conflict
[cg] Found already running cg job (Conflict) for simname = structure_iter00_000000000002
Batch job for cganalysis-structure_iter00_000000000004 exists, assuming resumed: Conflict
[cg] Found already running cg job (Conflict) for simname = structure_iter00_000000000004
Batch job for cganalysis-structure_iter00_000000000006 exists, assuming resumed: Conflict
[cg] Found already running cg job (Conflict) for simname = structure_iter00_000000000006
Batch job for cganalysis-structure_iter00_000000000008 exists, assuming resumed: Conflict
[cg] Found already running cg job (Conflict) for simname = structure_iter00_000000000008
Batch job for cganalysis-structure_iter00_000000000010 exists, assuming resumed: Conflict
[cg] Found already running cg job (Conflict) for simname = structure_iter00_000000000010
Batch job for cganalysis-structure_iter00_000000000012 exists, assuming resumed: Conflict
[cg] Found already running cg job (Conflict) for simname = structure_iter00_000000000012
[187.062 MB]:     > Iteration 375: updated jobs
[187.062 MB]:     > Iteration 375: testing all jobs
[187.062 MB]: Starting MainProcess iteration 376
[187.062 MB]:     > Iteration 376: added new patches
Batch job for cganalysis-structure_iter00_000000000000 exists, assuming resumed: Conflict
[cg] Found already running cg job (Conflict) for simname = structure_iter00_000000000000
Batch job for cganalysis-structure_iter00_000000000002 exists, assuming resumed: Conflict
[cg] Found already running cg job (Conflict) for simname = structure_iter00_000000000002
Batch job for cganalysis-structure_iter00_000000000004 exists, assuming resumed: Conflict
[cg] Found already running cg job (Conflict) for simname = structure_iter00_000000000004
Batch job for cganalysis-structure_iter00_000000000006 exists, assuming resumed: Conflict
[cg] Found already running cg job (Conflict) for simname = structure_iter00_000000000006
Batch job for cganalysis-structure_iter00_000000000008 exists, assuming resumed: Conflict
[cg] Found already running cg job (Conflict) for simname = structure_iter00_000000000008
Batch job for cganalysis-structure_iter00_000000000010 exists, assuming resumed: Conflict
[cg] Found already running cg job (Conflict) for simname = structure_iter00_000000000010
Batch job for cganalysis-structure_iter00_000000000012 exists, assuming resumed: Conflict
[cg] Found already running cg job (Conflict) for simname = structure_iter00_000000000012
[187.062 MB]:     > Iteration 376: updated jobs
[187.062 MB]:     > Iteration 376: testing all jobs
[187.062 MB]: Starting MainProcess iteration 377
[187.062 MB]:     > Iteration 377: added new patches
Batch job for cganalysis-structure_iter00_000000000000 exists, assuming resumed: Conflict
[cg] Found already running cg job (Conflict) for simname = structure_iter00_000000000000
Batch job for cganalysis-structure_iter00_000000000002 exists, assuming resumed: Conflict
[cg] Found already running cg job (Conflict) for simname = structure_iter00_000000000002
Batch job for cganalysis-structure_iter00_000000000004 exists, assuming resumed: Conflict
[cg] Found already running cg job (Conflict) for simname = structure_iter00_000000000004
Batch job for cganalysis-structure_iter00_000000000006 exists, assuming resumed: Conflict
[cg] Found already running cg job (Conflict) for simname = structure_iter00_000000000006
Batch job for cganalysis-structure_iter00_000000000008 exists, assuming resumed: Conflict
[cg] Found already running cg job (Conflict) for simname = structure_iter00_000000000008
Batch job for cganalysis-structure_iter00_000000000010 exists, assuming resumed: Conflict
[cg] Found already running cg job (Conflict) for simname = structure_iter00_000000000010
Batch job for cganalysis-structure_iter00_000000000012 exists, assuming resumed: Conflict
[cg] Found already running cg job (Conflict) for simname = structure_iter00_000000000012
[187.062 MB]:     > Iteration 377: updated jobs
[187.062 MB]:     > Iteration 377: testing all jobs
[187.062 MB]: Starting MainProcess iteration 378
[187.062 MB]:     > Iteration 378: added new patches
Batch job for cganalysis-structure_iter00_000000000000 exists, assuming resumed: Conflict
[cg] Found already running cg job (Conflict) for simname = structure_iter00_000000000000
Batch job for cganalysis-structure_iter00_000000000002 exists, assuming resumed: Conflict
[cg] Found already running cg job (Conflict) for simname = structure_iter00_000000000002
Batch job for cganalysis-structure_iter00_000000000004 exists, assuming resumed: Conflict
[cg] Found already running cg job (Conflict) for simname = structure_iter00_000000000004
Batch job for cganalysis-structure_iter00_000000000006 exists, assuming resumed: Conflict
[cg] Found already running cg job (Conflict) for simname = structure_iter00_000000000006
Batch job for cganalysis-structure_iter00_000000000008 exists, assuming resumed: Conflict
[cg] Found already running cg job (Conflict) for simname = structure_iter00_000000000008
Batch job for cganalysis-structure_iter00_000000000010 exists, assuming resumed: Conflict
[cg] Found already running cg job (Conflict) for simname = structure_iter00_000000000010
Batch job for cganalysis-structure_iter00_000000000012 exists, assuming resumed: Conflict
[cg] Found already running cg job (Conflict) for simname = structure_iter00_000000000012
[187.062 MB]:     > Iteration 378: updated jobs
[187.062 MB]:     > Iteration 378: testing all jobs
[187.062 MB]: Starting MainProcess iteration 379
[187.062 MB]:     > Iteration 379: added new patches
Batch job for cganalysis-structure_iter00_000000000000 exists, assuming resumed: Conflict
[cg] Found already running cg job (Conflict) for simname = structure_iter00_000000000000
Batch job for cganalysis-structure_iter00_000000000002 exists, assuming resumed: Conflict
[cg] Found already running cg job (Conflict) for simname = structure_iter00_000000000002
Batch job for cganalysis-structure_iter00_000000000004 exists, assuming resumed: Conflict
[cg] Found already running cg job (Conflict) for simname = structure_iter00_000000000004
Batch job for cganalysis-structure_iter00_000000000006 exists, assuming resumed: Conflict
[cg] Found already running cg job (Conflict) for simname = structure_iter00_000000000006
Batch job for cganalysis-structure_iter00_000000000008 exists, assuming resumed: Conflict
[cg] Found already running cg job (Conflict) for simname = structure_iter00_000000000008
Batch job for cganalysis-structure_iter00_000000000010 exists, assuming resumed: Conflict
[cg] Found already running cg job (Conflict) for simname = structure_iter00_000000000010
Batch job for cganalysis-structure_iter00_000000000012 exists, assuming resumed: Conflict
[cg] Found already running cg job (Conflict) for simname = structure_iter00_000000000012
[187.062 MB]:     > Iteration 379: updated jobs
[187.062 MB]:     > Iteration 379: testing all jobs
[187.062 MB]: Starting MainProcess iteration 380
[187.062 MB]:     > Iteration 380: added new patches
Pull policy for cganalysis-structure-iter00-000000000002 is IfNotPresent
Walltime is 2700.0
Backoff limit is 0
Pull policy for cganalysis-structure-iter00-000000000004 is IfNotPresent
Walltime is 2700.0
Backoff limit is 0
Pull policy for cganalysis-structure-iter00-000000000006 is IfNotPresent
Walltime is 2700.0
Backoff limit is 0
Pull policy for cganalysis-structure-iter00-000000000008 is IfNotPresent
Walltime is 2700.0
Backoff limit is 0
Pull policy for cganalysis-structure-iter00-000000000010 is IfNotPresent
Walltime is 2700.0
Backoff limit is 0
Pull policy for cganalysis-structure-iter00-000000000000 is IfNotPresent
Walltime is 2700.0
Backoff limit is 0
Pull policy for cganalysis-structure-iter00-000000000002 is IfNotPresent
Walltime is 2700.0
Backoff limit is 0
Pull policy for cganalysis-structure-iter00-000000000004 is IfNotPresent
Walltime is 2700.0
Backoff limit is 0
Pull policy for cganalysis-structure-iter00-000000000006 is IfNotPresent
Walltime is 2700.0
Backoff limit is 0
Pull policy for cganalysis-structure-iter00-000000000008 is IfNotPresent
Walltime is 2700.0
Backoff limit is 0
Pull policy for cganalysis-structure-iter00-000000000010 is IfNotPresent
Walltime is 2700.0
Backoff limit is 0
Pull policy for cganalysis-structure-iter00-000000000000 is IfNotPresent
Walltime is 2700.0
Backoff limit is 0
Pull policy for cganalysis-structure-iter00-000000000002 is IfNotPresent
Walltime is 2700.0
Backoff limit is 0
Pull policy for cganalysis-structure-iter00-000000000004 is IfNotPresent
Walltime is 2700.0
Backoff limit is 0
Pull policy for cganalysis-structure-iter00-000000000006 is IfNotPresent
Walltime is 2700.0
Backoff limit is 0
Pull policy for cganalysis-structure-iter00-000000000008 is IfNotPresent
Walltime is 2700.0
Backoff limit is 0
Pull policy for cganalysis-structure-iter00-000000000010 is IfNotPresent
Walltime is 2700.0
Backoff limit is 0
Pull policy for cganalysis-structure-iter00-000000000000 is IfNotPresent
Walltime is 2700.0
Backoff limit is 0
Pull policy for cganalysis-structure-iter00-000000000002 is IfNotPresent
Walltime is 2700.0
Backoff limit is 0
Pull policy for cganalysis-structure-iter00-000000000004 is IfNotPresent
Walltime is 2700.0
Backoff limit is 0
Pull policy for cganalysis-structure-iter00-000000000006 is IfNotPresent
Walltime is 2700.0
Backoff limit is 0
Pull policy for cganalysis-structure-iter00-000000000008 is IfNotPresent
Walltime is 2700.0
Backoff limit is 0
Pull policy for cganalysis-structure-iter00-000000000010 is IfNotPresent
Walltime is 2700.0
Backoff limit is 0
Pull policy for cganalysis-structure-iter00-000000000000 is IfNotPresent
Walltime is 2700.0
Backoff limit is 0
Pull policy for cganalysis-structure-iter00-000000000002 is IfNotPresent
Walltime is 2700.0
Backoff limit is 0
Pull policy for cganalysis-structure-iter00-000000000004 is IfNotPresent
Walltime is 2700.0
Backoff limit is 0
Pull policy for cganalysis-structure-iter00-000000000006 is IfNotPresent
Walltime is 2700.0
Backoff limit is 0
Pull policy for cganalysis-structure-iter00-000000000008 is IfNotPresent
Walltime is 2700.0
Backoff limit is 0
Pull policy for cganalysis-structure-iter00-000000000010 is IfNotPresent
Walltime is 2700.0
Backoff limit is 0
Pull policy for cganalysis-structure-iter00-000000000012 is IfNotPresent
Walltime is 2700.0
Backoff limit is 0
Pull policy for createsim-structure-iter00-000000000014 is IfNotPresent
Walltime is 2700.0
Backoff limit is 0
Pull policy for cganalysis-structure-iter00-000000000000 is IfNotPresent
Walltime is 2700.0
Backoff limit is 0
Pull policy for cganalysis-structure-iter00-000000000002 is IfNotPresent
Walltime is 2700.0
Backoff limit is 0
Pull policy for cganalysis-structure-iter00-000000000004 is IfNotPresent
Walltime is 2700.0
Backoff limit is 0
Pull policy for cganalysis-structure-iter00-000000000006 is IfNotPresent
Walltime is 2700.0
Backoff limit is 0
Pull policy for cganalysis-structure-iter00-000000000008 is IfNotPresent
Walltime is 2700.0
Backoff limit is 0
Pull policy for cganalysis-structure-iter00-000000000010 is IfNotPresent
Walltime is 2700.0
Backoff limit is 0
Pull policy for cganalysis-structure-iter00-000000000012 is IfNotPresent
Walltime is 2700.0
Backoff limit is 0
Pull policy for cganalysis-structure-iter00-000000000000 is IfNotPresent
Walltime is 2700.0
Backoff limit is 0
Pull policy for cganalysis-structure-iter00-000000000002 is IfNotPresent
Walltime is 2700.0
Backoff limit is 0
Pull policy for cganalysis-structure-iter00-000000000004 is IfNotPresent
Walltime is 2700.0
Backoff limit is 0
Pull policy for cganalysis-structure-iter00-000000000006 is IfNotPresent
Walltime is 2700.0
Backoff limit is 0
Pull policy for cganalysis-structure-iter00-000000000008 is IfNotPresent
Walltime is 2700.0
Backoff limit is 0
Pull policy for cganalysis-structure-iter00-000000000010 is IfNotPresent
Walltime is 2700.0
Backoff limit is 0
Pull policy for cganalysis-structure-iter00-000000000012 is IfNotPresent
Walltime is 2700.0
Backoff limit is 0
Pull policy for cganalysis-structure-iter00-000000000000 is IfNotPresent
Walltime is 2700.0
Backoff limit is 0
Pull policy for cganalysis-structure-iter00-000000000002 is IfNotPresent
Walltime is 2700.0
Backoff limit is 0
Pull policy for cganalysis-structure-iter00-000000000004 is IfNotPresent
Walltime is 2700.0
Backoff limit is 0
Pull policy for cganalysis-structure-iter00-000000000006 is IfNotPresent
Walltime is 2700.0
Backoff limit is 0
Pull policy for cganalysis-structure-iter00-000000000008 is IfNotPresent
Walltime is 2700.0
Backoff limit is 0
Pull policy for cganalysis-structure-iter00-000000000010 is IfNotPresent
Walltime is 2700.0
Backoff limit is 0
Pull policy for cganalysis-structure-iter00-000000000012 is IfNotPresent
Walltime is 2700.0
Backoff limit is 0
Pull policy for cganalysis-structure-iter00-000000000000 is IfNotPresent
Walltime is 2700.0
Backoff limit is 0
Pull policy for cganalysis-structure-iter00-000000000002 is IfNotPresent
Walltime is 2700.0
Backoff limit is 0
Pull policy for cganalysis-structure-iter00-000000000004 is IfNotPresent
Walltime is 2700.0
Backoff limit is 0
Pull policy for cganalysis-structure-iter00-000000000006 is IfNotPresent
Walltime is 2700.0
Backoff limit is 0
Pull policy for cganalysis-structure-iter00-000000000008 is IfNotPresent
Walltime is 2700.0
Backoff limit is 0
Pull policy for cganalysis-structure-iter00-000000000010 is IfNotPresent
Walltime is 2700.0
Backoff limit is 0
Pull policy for cganalysis-structure-iter00-000000000012 is IfNotPresent
Walltime is 2700.0
Backoff limit is 0
Pull policy for cganalysis-structure-iter00-000000000000 is IfNotPresent
Walltime is 2700.0
Backoff limit is 0
Pull policy for cganalysis-structure-iter00-000000000002 is IfNotPresent
Walltime is 2700.0
Backoff limit is 0
Pull policy for cganalysis-structure-iter00-000000000004 is IfNotPresent
Walltime is 2700.0
Backoff limit is 0
Pull policy for cganalysis-structure-iter00-000000000006 is IfNotPresent
Walltime is 2700.0
Backoff limit is 0
Pull policy for cganalysis-structure-iter00-000000000008 is IfNotPresent
Walltime is 2700.0
Backoff limit is 0
Pull policy for cganalysis-structure-iter00-000000000010 is IfNotPresent
Walltime is 2700.0
Backoff limit is 0
Pull policy for cganalysis-structure-iter00-000000000012 is IfNotPresent
Walltime is 2700.0
Backoff limit is 0
Pull policy for cganalysis-structure-iter00-000000000000 is IfNotPresent
Walltime is 2700.0
Backoff limit is 0
Pull policy for cganalysis-structure-iter00-000000000002 is IfNotPresent
Walltime is 2700.0
Backoff limit is 0
Pull policy for cganalysis-structure-iter00-000000000004 is IfNotPresent
Walltime is 2700.0
Backoff limit is 0
Pull policy for cganalysis-structure-iter00-000000000006 is IfNotPresent
Walltime is 2700.0
Backoff limit is 0
Pull policy for cganalysis-structure-iter00-000000000008 is IfNotPresent
Walltime is 2700.0
Backoff limit is 0
Pull policy for cganalysis-structure-iter00-000000000010 is IfNotPresent
Walltime is 2700.0
Backoff limit is 0
Pull policy for cganalysis-structure-iter00-000000000012 is IfNotPresent
Walltime is 2700.0
Backoff limit is 0
Pull policy for cganalysis-structure-iter00-000000000000 is IfNotPresent
Batch job for cganalysis-structure_iter00_000000000000 exists, assuming resumed: Conflict
[cg] Found already running cg job (Conflict) for simname = structure_iter00_000000000000
Batch job for cganalysis-structure_iter00_000000000002 exists, assuming resumed: Conflict
[cg] Found already running cg job (Conflict) for simname = structure_iter00_000000000002
Batch job for cganalysis-structure_iter00_000000000004 exists, assuming resumed: Conflict
[cg] Found already running cg job (Conflict) for simname = structure_iter00_000000000004
Batch job for cganalysis-structure_iter00_000000000006 exists, assuming resumed: Conflict
[cg] Found already running cg job (Conflict) for simname = structure_iter00_000000000006
Batch job for cganalysis-structure_iter00_000000000008 exists, assuming resumed: Conflict
[cg] Found already running cg job (Conflict) for simname = structure_iter00_000000000008
Batch job for cganalysis-structure_iter00_000000000010 exists, assuming resumed: Conflict
[cg] Found already running cg job (Conflict) for simname = structure_iter00_000000000010
Batch job for cganalysis-structure_iter00_000000000012 exists, assuming resumed: Conflict
[cg] Found already running cg job (Conflict) for simname = structure_iter00_000000000012
[187.062 MB]:     > Iteration 380: updated jobs
[187.062 MB]:     > Iteration 380: testing all jobs
[187.062 MB]: Starting MainProcess iteration 381
[187.062 MB]:     > Iteration 381: added new patches
Batch job for cganalysis-structure_iter00_000000000000 exists, assuming resumed: Conflict
[cg] Found already running cg job (Conflict) for simname = structure_iter00_000000000000
Batch job for cganalysis-structure_iter00_000000000002 exists, assuming resumed: Conflict
[cg] Found already running cg job (Conflict) for simname = structure_iter00_000000000002
Batch job for cganalysis-structure_iter00_000000000004 exists, assuming resumed: Conflict
[cg] Found already running cg job (Conflict) for simname = structure_iter00_000000000004
Batch job for cganalysis-structure_iter00_000000000006 exists, assuming resumed: Conflict
[cg] Found already running cg job (Conflict) for simname = structure_iter00_000000000006
Batch job for cganalysis-structure_iter00_000000000008 exists, assuming resumed: Conflict
[cg] Found already running cg job (Conflict) for simname = structure_iter00_000000000008
Batch job for cganalysis-structure_iter00_000000000010 exists, assuming resumed: Conflict
[cg] Found already running cg job (Conflict) for simname = structure_iter00_000000000010
Batch job for cganalysis-structure_iter00_000000000012 exists, assuming resumed: Conflict
[cg] Found already running cg job (Conflict) for simname = structure_iter00_000000000012
[187.062 MB]:     > Iteration 381: updated jobs
[187.062 MB]:     > Iteration 381: testing all jobs
[187.062 MB]: Starting MainProcess iteration 382
[187.062 MB]:     > Iteration 382: added new patches
Batch job for cganalysis-structure_iter00_000000000000 exists, assuming resumed: Conflict
[cg] Found already running cg job (Conflict) for simname = structure_iter00_000000000000
Batch job for cganalysis-structure_iter00_000000000002 exists, assuming resumed: Conflict
[cg] Found already running cg job (Conflict) for simname = structure_iter00_000000000002
Batch job for cganalysis-structure_iter00_000000000004 exists, assuming resumed: Conflict
[cg] Found already running cg job (Conflict) for simname = structure_iter00_000000000004
Batch job for cganalysis-structure_iter00_000000000006 exists, assuming resumed: Conflict
[cg] Found already running cg job (Conflict) for simname = structure_iter00_000000000006
Batch job for cganalysis-structure_iter00_000000000008 exists, assuming resumed: Conflict
[cg] Found already running cg job (Conflict) for simname = structure_iter00_000000000008
Batch job for cganalysis-structure_iter00_000000000010 exists, assuming resumed: Conflict
[cg] Found already running cg job (Conflict) for simname = structure_iter00_000000000010
Batch job for cganalysis-structure_iter00_000000000012 exists, assuming resumed: Conflict
[cg] Found already running cg job (Conflict) for simname = structure_iter00_000000000012
[187.062 MB]:     > Iteration 382: updated jobs
[187.062 MB]:     > Iteration 382: testing all jobs
[187.062 MB]: Starting MainProcess iteration 383
[187.062 MB]:     > Iteration 383: added new patches
Batch job for cganalysis-structure_iter00_000000000000 exists, assuming resumed: Conflict
[cg] Found already running cg job (Conflict) for simname = structure_iter00_000000000000
Batch job for cganalysis-structure_iter00_000000000002 exists, assuming resumed: Conflict
[cg] Found already running cg job (Conflict) for simname = structure_iter00_000000000002
Batch job for cganalysis-structure_iter00_000000000004 exists, assuming resumed: Conflict
[cg] Found already running cg job (Conflict) for simname = structure_iter00_000000000004
Batch job for cganalysis-structure_iter00_000000000006 exists, assuming resumed: Conflict
[cg] Found already running cg job (Conflict) for simname = structure_iter00_000000000006
Batch job for cganalysis-structure_iter00_000000000008 exists, assuming resumed: Conflict
[cg] Found already running cg job (Conflict) for simname = structure_iter00_000000000008
Batch job for cganalysis-structure_iter00_000000000010 exists, assuming resumed: Conflict
[cg] Found already running cg job (Conflict) for simname = structure_iter00_000000000010
Batch job for cganalysis-structure_iter00_000000000012 exists, assuming resumed: Conflict
[cg] Found already running cg job (Conflict) for simname = structure_iter00_000000000012
[187.062 MB]:     > Iteration 383: updated jobs
[187.062 MB]:     > Iteration 383: testing all jobs
[187.062 MB]: Starting MainProcess iteration 384
[187.062 MB]:     > Iteration 384: added new patches
Batch job for cganalysis-structure_iter00_000000000000 exists, assuming resumed: Conflict
[cg] Found already running cg job (Conflict) for simname = structure_iter00_000000000000
Batch job for cganalysis-structure_iter00_000000000002 exists, assuming resumed: Conflict
[cg] Found already running cg job (Conflict) for simname = structure_iter00_000000000002
Batch job for cganalysis-structure_iter00_000000000004 exists, assuming resumed: Conflict
[cg] Found already running cg job (Conflict) for simname = structure_iter00_000000000004
Batch job for cganalysis-structure_iter00_000000000006 exists, assuming resumed: Conflict
[cg] Found already running cg job (Conflict) for simname = structure_iter00_000000000006
Batch job for cganalysis-structure_iter00_000000000008 exists, assuming resumed: Conflict
[cg] Found already running cg job (Conflict) for simname = structure_iter00_000000000008
Batch job for cganalysis-structure_iter00_000000000010 exists, assuming resumed: Conflict
[cg] Found already running cg job (Conflict) for simname = structure_iter00_000000000010
Batch job for cganalysis-structure_iter00_000000000012 exists, assuming resumed: Conflict
[cg] Found already running cg job (Conflict) for simname = structure_iter00_000000000012
[187.062 MB]:     > Iteration 384: updated jobs
[187.062 MB]:     > Iteration 384: testing all jobs
[187.062 MB]: Starting MainProcess iteration 385
[187.062 MB]:     > Iteration 385: added new patches
Batch job for cganalysis-structure_iter00_000000000000 exists, assuming resumed: Conflict
[cg] Found already running cg job (Conflict) for simname = structure_iter00_000000000000
Batch job for cganalysis-structure_iter00_000000000002 exists, assuming resumed: Conflict
[cg] Found already running cg job (Conflict) for simname = structure_iter00_000000000002
Batch job for cganalysis-structure_iter00_000000000004 exists, assuming resumed: Conflict
[cg] Found already running cg job (Conflict) for simname = structure_iter00_000000000004
Batch job for cganalysis-structure_iter00_000000000006 exists, assuming resumed: Conflict
[cg] Found already running cg job (Conflict) for simname = structure_iter00_000000000006
Batch job for cganalysis-structure_iter00_000000000008 exists, assuming resumed: Conflict
[cg] Found already running cg job (Conflict) for simname = structure_iter00_000000000008
Batch job for cganalysis-structure_iter00_000000000010 exists, assuming resumed: Conflict
[cg] Found already running cg job (Conflict) for simname = structure_iter00_000000000010
Batch job for cganalysis-structure_iter00_000000000012 exists, assuming resumed: Conflict
[cg] Found already running cg job (Conflict) for simname = structure_iter00_000000000012
[187.062 MB]:     > Iteration 385: updated jobs
[187.062 MB]:     > Iteration 385: testing all jobs
[187.062 MB]: Starting MainProcess iteration 386
[187.062 MB]:     > Iteration 386: added new patches
Batch job for cganalysis-structure_iter00_000000000000 exists, assuming resumed: Conflict
[cg] Found already running cg job (Conflict) for simname = structure_iter00_000000000000
Batch job for cganalysis-structure_iter00_000000000002 exists, assuming resumed: Conflict
[cg] Found already running cg job (Conflict) for simname = structure_iter00_000000000002
Batch job for cganalysis-structure_iter00_000000000004 exists, assuming resumed: Conflict
[cg] Found already running cg job (Conflict) for simname = structure_iter00_000000000004
Batch job for cganalysis-structure_iter00_000000000006 exists, assuming resumed: Conflict
[cg] Found already running cg job (Conflict) for simname = structure_iter00_000000000006
Batch job for cganalysis-structure_iter00_000000000008 exists, assuming resumed: Conflict
[cg] Found already running cg job (Conflict) for simname = structure_iter00_000000000008
Batch job for cganalysis-structure_iter00_000000000010 exists, assuming resumed: Conflict
[cg] Found already running cg job (Conflict) for simname = structure_iter00_000000000010
Batch job for cganalysis-structure_iter00_000000000012 exists, assuming resumed: Conflict
[cg] Found already running cg job (Conflict) for simname = structure_iter00_000000000012
[187.062 MB]:     > Iteration 386: updated jobs
[187.062 MB]:     > Iteration 386: testing all jobs
[187.062 MB]: Starting MainProcess iteration 387
[187.062 MB]:     > Iteration 387: added new patches
Batch job for cganalysis-structure_iter00_000000000000 exists, assuming resumed: Conflict
[cg] Found already running cg job (Conflict) for simname = structure_iter00_000000000000
Batch job for cganalysis-structure_iter00_000000000002 exists, assuming resumed: Conflict
[cg] Found already running cg job (Conflict) for simname = structure_iter00_000000000002
Batch job for cganalysis-structure_iter00_000000000004 exists, assuming resumed: Conflict
[cg] Found already running cg job (Conflict) for simname = structure_iter00_000000000004
Batch job for cganalysis-structure_iter00_000000000006 exists, assuming resumed: Conflict
[cg] Found already running cg job (Conflict) for simname = structure_iter00_000000000006
Batch job for cganalysis-structure_iter00_000000000008 exists, assuming resumed: Conflict
[cg] Found already running cg job (Conflict) for simname = structure_iter00_000000000008
Batch job for cganalysis-structure_iter00_000000000010 exists, assuming resumed: Conflict
[cg] Found already running cg job (Conflict) for simname = structure_iter00_000000000010
Batch job for cganalysis-structure_iter00_000000000012 exists, assuming resumed: Conflict
[cg] Found already running cg job (Conflict) for simname = structure_iter00_000000000012
[187.062 MB]:     > Iteration 387: updated jobs
[187.062 MB]:     > Iteration 387: testing all jobs
[187.062 MB]: Starting MainProcess iteration 388
[187.062 MB]:     > Iteration 388: added new patches
Batch job for cganalysis-structure_iter00_000000000000 exists, assuming resumed: Conflict
[cg] Found already running cg job (Conflict) for simname = structure_iter00_000000000000
Batch job for cganalysis-structure_iter00_000000000002 exists, assuming resumed: Conflict
[cg] Found already running cg job (Conflict) for simname = structure_iter00_000000000002
Batch job for cganalysis-structure_iter00_000000000004 exists, assuming resumed: Conflict
[cg] Found already running cg job (Conflict) for simname = structure_iter00_000000000004
Batch job for cganalysis-structure_iter00_000000000006 exists, assuming resumed: Conflict
[cg] Found already running cg job (Conflict) for simname = structure_iter00_000000000006
Batch job for cganalysis-structure_iter00_000000000008 exists, assuming resumed: Conflict
[cg] Found already running cg job (Conflict) for simname = structure_iter00_000000000008
Batch job for cganalysis-structure_iter00_000000000010 exists, assuming resumed: Conflict
[cg] Found already running cg job (Conflict) for simname = structure_iter00_000000000010
Batch job for cganalysis-structure_iter00_000000000012 exists, assuming resumed: Conflict
[cg] Found already running cg job (Conflict) for simname = structure_iter00_000000000012
[187.062 MB]:     > Iteration 388: updated jobs
[187.062 MB]:     > Iteration 388: testing all jobs
[187.062 MB]: Starting MainProcess iteration 389
[187.062 MB]:     > Iteration 389: added new patches
Batch job for cganalysis-structure_iter00_000000000000 exists, assuming resumed: Conflict
[cg] Found already running cg job (Conflict) for simname = structure_iter00_000000000000
Batch job for cganalysis-structure_iter00_000000000002 exists, assuming resumed: Conflict
[cg] Found already running cg job (Conflict) for simname = structure_iter00_000000000002
Batch job for cganalysis-structure_iter00_000000000004 exists, assuming resumed: Conflict
[cg] Found already running cg job (Conflict) for simname = structure_iter00_000000000004
Batch job for cganalysis-structure_iter00_000000000006 exists, assuming resumed: Conflict
[cg] Found already running cg job (Conflict) for simname = structure_iter00_000000000006
Batch job for cganalysis-structure_iter00_000000000008 exists, assuming resumed: Conflict
[cg] Found already running cg job (Conflict) for simname = structure_iter00_000000000008
Batch job for cganalysis-structure_iter00_000000000010 exists, assuming resumed: Conflict
[cg] Found already running cg job (Conflict) for simname = structure_iter00_000000000010
Batch job for cganalysis-structure_iter00_000000000012 exists, assuming resumed: Conflict
[cg] Found already running cg job (Conflict) for simname = structure_iter00_000000000012
[187.062 MB]:     > Iteration 389: updated jobs
[187.062 MB]:     > Iteration 389: testing all jobs
[187.062 MB]: Starting MainProcess iteration 390
[187.062 MB]:     > Iteration 390: added new patches
Batch job for cganalysis-structure_iter00_000000000000 exists, assuming resumed: Conflict
[cg] Found already running cg job (Conflict) for simname = structure_iter00_000000000000
Batch job for cganalysis-structure_iter00_000000000002 exists, assuming resumed: Conflict
[cg] Found already running cg job (Conflict) for simname = structure_iter00_000000000002
Batch job for cganalysis-structure_iter00_000000000004 exists, assuming resumed: Conflict
[cg] Found already running cg job (Conflict) for simname = structure_iter00_000000000004
Batch job for cganalysis-structure_iter00_000000000006 exists, assuming resumed: Conflict
[cg] Found already running cg job (Conflict) for simname = structure_iter00_000000000006
Walltime is 2700.0
Backoff limit is 0
Pull policy for cganalysis-structure-iter00-000000000002 is IfNotPresent
Walltime is 2700.0
Backoff limit is 0
Pull policy for cganalysis-structure-iter00-000000000004 is IfNotPresent
Walltime is 2700.0
Backoff limit is 0
Pull policy for cganalysis-structure-iter00-000000000006 is IfNotPresent
Walltime is 2700.0
Backoff limit is 0
Pull policy for cganalysis-structure-iter00-000000000008 is IfNotPresent
Walltime is 2700.0
Backoff limit is 0
Pull policy for cganalysis-structure-iter00-000000000010 is IfNotPresent
Walltime is 2700.0
Backoff limit is 0
Pull policy for cganalysis-structure-iter00-000000000012 is IfNotPresent
Walltime is 2700.0
Backoff limit is 0
Pull policy for cganalysis-structure-iter00-000000000000 is IfNotPresent
Walltime is 2700.0
Backoff limit is 0
Pull policy for cganalysis-structure-iter00-000000000002 is IfNotPresent
Walltime is 2700.0
Backoff limit is 0
Pull policy for cganalysis-structure-iter00-000000000004 is IfNotPresent
Walltime is 2700.0
Backoff limit is 0
Pull policy for cganalysis-structure-iter00-000000000006 is IfNotPresent
Walltime is 2700.0
Backoff limit is 0
Pull policy for cganalysis-structure-iter00-000000000008 is IfNotPresent
Walltime is 2700.0
Backoff limit is 0
Pull policy for cganalysis-structure-iter00-000000000010 is IfNotPresent
Walltime is 2700.0
Backoff limit is 0
Pull policy for cganalysis-structure-iter00-000000000012 is IfNotPresent
Walltime is 2700.0
Backoff limit is 0
Pull policy for cganalysis-structure-iter00-000000000000 is IfNotPresent
Walltime is 2700.0
Backoff limit is 0
Pull policy for cganalysis-structure-iter00-000000000002 is IfNotPresent
Walltime is 2700.0
Backoff limit is 0
Pull policy for cganalysis-structure-iter00-000000000004 is IfNotPresent
Walltime is 2700.0
Backoff limit is 0
Pull policy for cganalysis-structure-iter00-000000000006 is IfNotPresent
Walltime is 2700.0
Backoff limit is 0
Pull policy for cganalysis-structure-iter00-000000000008 is IfNotPresent
Walltime is 2700.0
Backoff limit is 0
Pull policy for cganalysis-structure-iter00-000000000010 is IfNotPresent
Walltime is 2700.0
Backoff limit is 0
Pull policy for cganalysis-structure-iter00-000000000012 is IfNotPresent
Walltime is 2700.0
Backoff limit is 0
Pull policy for cganalysis-structure-iter00-000000000000 is IfNotPresent
Walltime is 2700.0
Backoff limit is 0
Pull policy for cganalysis-structure-iter00-000000000002 is IfNotPresent
Walltime is 2700.0
Backoff limit is 0
Pull policy for cganalysis-structure-iter00-000000000004 is IfNotPresent
Walltime is 2700.0
Backoff limit is 0
Pull policy for cganalysis-structure-iter00-000000000006 is IfNotPresent
Walltime is 2700.0
Backoff limit is 0
Pull policy for cganalysis-structure-iter00-000000000008 is IfNotPresent
Walltime is 2700.0
Backoff limit is 0
Pull policy for cganalysis-structure-iter00-000000000010 is IfNotPresent
Walltime is 2700.0
Backoff limit is 0
Pull policy for cganalysis-structure-iter00-000000000012 is IfNotPresent
Walltime is 2700.0
Backoff limit is 0
Pull policy for cganalysis-structure-iter00-000000000000 is IfNotPresent
Walltime is 2700.0
Backoff limit is 0
Pull policy for cganalysis-structure-iter00-000000000002 is IfNotPresent
Walltime is 2700.0
Backoff limit is 0
Pull policy for cganalysis-structure-iter00-000000000004 is IfNotPresent
Walltime is 2700.0
Backoff limit is 0
Pull policy for cganalysis-structure-iter00-000000000006 is IfNotPresent
Walltime is 2700.0
Backoff limit is 0
Pull policy for cganalysis-structure-iter00-000000000008 is IfNotPresent
Walltime is 2700.0
Backoff limit is 0
Pull policy for cganalysis-structure-iter00-000000000010 is IfNotPresent
Walltime is 2700.0
Backoff limit is 0
Pull policy for cganalysis-structure-iter00-000000000012 is IfNotPresent
Walltime is 2700.0
Backoff limit is 0
Pull policy for cganalysis-structure-iter00-000000000000 is IfNotPresent
Walltime is 2700.0
Backoff limit is 0
Pull policy for cganalysis-structure-iter00-000000000002 is IfNotPresent
Walltime is 2700.0
Backoff limit is 0
Pull policy for cganalysis-structure-iter00-000000000004 is IfNotPresent
Walltime is 2700.0
Backoff limit is 0
Pull policy for cganalysis-structure-iter00-000000000006 is IfNotPresent
Walltime is 2700.0
Backoff limit is 0
Pull policy for cganalysis-structure-iter00-000000000008 is IfNotPresent
Walltime is 2700.0
Backoff limit is 0
Pull policy for cganalysis-structure-iter00-000000000010 is IfNotPresent
Walltime is 2700.0
Backoff limit is 0
Pull policy for cganalysis-structure-iter00-000000000012 is IfNotPresent
Walltime is 2700.0
Backoff limit is 0
Pull policy for cganalysis-structure-iter00-000000000000 is IfNotPresent
Walltime is 2700.0
Backoff limit is 0
Pull policy for cganalysis-structure-iter00-000000000002 is IfNotPresent
Walltime is 2700.0
Backoff limit is 0
Pull policy for cganalysis-structure-iter00-000000000004 is IfNotPresent
Walltime is 2700.0
Backoff limit is 0
Pull policy for cganalysis-structure-iter00-000000000006 is IfNotPresent
Walltime is 2700.0
Backoff limit is 0
Pull policy for cganalysis-structure-iter00-000000000008 is IfNotPresent
Walltime is 2700.0
Backoff limit is 0
Pull policy for cganalysis-structure-iter00-000000000010 is IfNotPresent
Walltime is 2700.0
Backoff limit is 0
Pull policy for cganalysis-structure-iter00-000000000012 is IfNotPresent
Walltime is 2700.0
Backoff limit is 0
Pull policy for cganalysis-structure-iter00-000000000000 is IfNotPresent
Walltime is 2700.0
Backoff limit is 0
Pull policy for cganalysis-structure-iter00-000000000002 is IfNotPresent
Walltime is 2700.0
Backoff limit is 0
Pull policy for cganalysis-structure-iter00-000000000004 is IfNotPresent
Walltime is 2700.0
Backoff limit is 0
Pull policy for cganalysis-structure-iter00-000000000006 is IfNotPresent
Walltime is 2700.0
Backoff limit is 0
Pull policy for cganalysis-structure-iter00-000000000008 is IfNotPresent
Walltime is 2700.0
Backoff limit is 0
Pull policy for cganalysis-structure-iter00-000000000010 is IfNotPresent
Walltime is 2700.0
Backoff limit is 0
Pull policy for cganalysis-structure-iter00-000000000012 is IfNotPresent
Walltime is 2700.0
Backoff limit is 0
Pull policy for cganalysis-structure-iter00-000000000000 is IfNotPresent
Walltime is 2700.0
Backoff limit is 0
Pull policy for cganalysis-structure-iter00-000000000002 is IfNotPresent
Walltime is 2700.0
Backoff limit is 0
Pull policy for cganalysis-structure-iter00-000000000004 is IfNotPresent
Walltime is 2700.0
Backoff limit is 0
Pull policy for cganalysis-structure-iter00-000000000006 is IfNotPresent
Walltime is 2700.0
Backoff limit is 0
Pull policy for cganalysis-structure-iter00-000000000008 is IfNotPresent
Walltime is 2700.0
Backoff limit is 0
Pull policy for cganalysis-structure-iter00-000000000010 is IfNotPresent
Walltime is 2700.0
Backoff limit is 0
Pull policy for cganalysis-structure-iter00-000000000012 is IfNotPresent
Walltime is 2700.0
Backoff limit is 0
Pull policy for cganalysis-structure-iter00-000000000000 is IfNotPresent
Walltime is 2700.0
Backoff limit is 0
Pull policy for cganalysis-structure-iter00-000000000002 is IfNotPresent
Walltime is 2700.0
Backoff limit is 0
Pull policy for cganalysis-structure-iter00-000000000004 is IfNotPresent
Walltime is 2700.0
Backoff limit is 0
Pull policy for cganalysis-structure-iter00-000000000006 is IfNotPresent
Walltime is 2700.0
Backoff limit is 0
Pull policy for cganalysis-structure-iter00-000000000008 is IfNotPresent
Walltime is 2700.0
Backoff limit is 0
Pull policy for cganalysis-structure-iter00-000000000010 is IfNotPresent
Walltime is 2700.0
Backoff limit is 0
Pull policy for cganalysis-structure-iter00-000000000012 is IfNotPresent
Walltime is 2700.0
Backoff limit is 0
Pull policy for cganalysis-structure-iter00-000000000000 is IfNotPresent
Walltime is 2700.0
Backoff limit is 0
Pull policy for cganalysis-structure-iter00-000000000002 is IfNotPresent
Walltime is 2700.0
Backoff limit is 0
Pull policy for cganalysis-structure-iter00-000000000004 is IfNotPresent
Walltime is 2700.0
Backoff limit is 0
Pull policy for cganalysis-structure-iter00-000000000006 is IfNotPresent
Walltime is 2700.0
Backoff limit is 0
Batch job for cganalysis-structure_iter00_000000000008 exists, assuming resumed: Conflict
[cg] Found already running cg job (Conflict) for simname = structure_iter00_000000000008
Batch job for cganalysis-structure_iter00_000000000010 exists, assuming resumed: Conflict
[cg] Found already running cg job (Conflict) for simname = structure_iter00_000000000010
Batch job for cganalysis-structure_iter00_000000000012 exists, assuming resumed: Conflict
[cg] Found already running cg job (Conflict) for simname = structure_iter00_000000000012
[187.062 MB]:     > Iteration 390: updated jobs
[187.062 MB]:     > Iteration 390: testing all jobs
[187.062 MB]: Starting MainProcess iteration 391
[187.062 MB]:     > Iteration 391: added new patches
Batch job for cganalysis-structure_iter00_000000000000 exists, assuming resumed: Conflict
[cg] Found already running cg job (Conflict) for simname = structure_iter00_000000000000
Batch job for cganalysis-structure_iter00_000000000002 exists, assuming resumed: Conflict
[cg] Found already running cg job (Conflict) for simname = structure_iter00_000000000002
Batch job for cganalysis-structure_iter00_000000000004 exists, assuming resumed: Conflict
[cg] Found already running cg job (Conflict) for simname = structure_iter00_000000000004
Batch job for cganalysis-structure_iter00_000000000006 exists, assuming resumed: Conflict
[cg] Found already running cg job (Conflict) for simname = structure_iter00_000000000006
Batch job for cganalysis-structure_iter00_000000000008 exists, assuming resumed: Conflict
[cg] Found already running cg job (Conflict) for simname = structure_iter00_000000000008
Batch job for cganalysis-structure_iter00_000000000010 exists, assuming resumed: Conflict
[cg] Found already running cg job (Conflict) for simname = structure_iter00_000000000010
Batch job for cganalysis-structure_iter00_000000000012 exists, assuming resumed: Conflict
[cg] Found already running cg job (Conflict) for simname = structure_iter00_000000000012
[187.062 MB]:     > Iteration 391: updated jobs
[187.062 MB]:     > Iteration 391: testing all jobs
[187.062 MB]: Starting MainProcess iteration 392
[187.062 MB]:     > Iteration 392: added new patches
Batch job for cganalysis-structure_iter00_000000000000 exists, assuming resumed: Conflict
[cg] Found already running cg job (Conflict) for simname = structure_iter00_000000000000
Batch job for cganalysis-structure_iter00_000000000002 exists, assuming resumed: Conflict
[cg] Found already running cg job (Conflict) for simname = structure_iter00_000000000002
Batch job for cganalysis-structure_iter00_000000000004 exists, assuming resumed: Conflict
[cg] Found already running cg job (Conflict) for simname = structure_iter00_000000000004
Batch job for cganalysis-structure_iter00_000000000006 exists, assuming resumed: Conflict
[cg] Found already running cg job (Conflict) for simname = structure_iter00_000000000006
Batch job for cganalysis-structure_iter00_000000000008 exists, assuming resumed: Conflict
[cg] Found already running cg job (Conflict) for simname = structure_iter00_000000000008
Batch job for cganalysis-structure_iter00_000000000010 exists, assuming resumed: Conflict
[cg] Found already running cg job (Conflict) for simname = structure_iter00_000000000010
Batch job for cganalysis-structure_iter00_000000000012 exists, assuming resumed: Conflict
[cg] Found already running cg job (Conflict) for simname = structure_iter00_000000000012
[187.062 MB]:     > Iteration 392: updated jobs
[187.062 MB]:     > Iteration 392: testing all jobs
[187.062 MB]: Starting MainProcess iteration 393
[187.062 MB]:     > Iteration 393: added new patches
Batch job for cganalysis-structure_iter00_000000000000 exists, assuming resumed: Conflict
[cg] Found already running cg job (Conflict) for simname = structure_iter00_000000000000
Batch job for cganalysis-structure_iter00_000000000002 exists, assuming resumed: Conflict
[cg] Found already running cg job (Conflict) for simname = structure_iter00_000000000002
Batch job for cganalysis-structure_iter00_000000000004 exists, assuming resumed: Conflict
[cg] Found already running cg job (Conflict) for simname = structure_iter00_000000000004
Batch job for cganalysis-structure_iter00_000000000006 exists, assuming resumed: Conflict
[cg] Found already running cg job (Conflict) for simname = structure_iter00_000000000006
Batch job for cganalysis-structure_iter00_000000000008 exists, assuming resumed: Conflict
[cg] Found already running cg job (Conflict) for simname = structure_iter00_000000000008
Batch job for cganalysis-structure_iter00_000000000010 exists, assuming resumed: Conflict
[cg] Found already running cg job (Conflict) for simname = structure_iter00_000000000010
Batch job for cganalysis-structure_iter00_000000000012 exists, assuming resumed: Conflict
[cg] Found already running cg job (Conflict) for simname = structure_iter00_000000000012
[187.062 MB]:     > Iteration 393: updated jobs
[187.062 MB]:     > Iteration 393: testing all jobs
[187.062 MB]: Starting MainProcess iteration 394
[187.062 MB]:     > Iteration 394: added new patches
Batch job for cganalysis-structure_iter00_000000000000 exists, assuming resumed: Conflict
[cg] Found already running cg job (Conflict) for simname = structure_iter00_000000000000
Batch job for cganalysis-structure_iter00_000000000002 exists, assuming resumed: Conflict
[cg] Found already running cg job (Conflict) for simname = structure_iter00_000000000002
Batch job for cganalysis-structure_iter00_000000000004 exists, assuming resumed: Conflict
[cg] Found already running cg job (Conflict) for simname = structure_iter00_000000000004
Batch job for cganalysis-structure_iter00_000000000006 exists, assuming resumed: Conflict
[cg] Found already running cg job (Conflict) for simname = structure_iter00_000000000006
Batch job for cganalysis-structure_iter00_000000000008 exists, assuming resumed: Conflict
[cg] Found already running cg job (Conflict) for simname = structure_iter00_000000000008
Batch job for cganalysis-structure_iter00_000000000010 exists, assuming resumed: Conflict
[cg] Found already running cg job (Conflict) for simname = structure_iter00_000000000010
Batch job for cganalysis-structure_iter00_000000000012 exists, assuming resumed: Conflict
[cg] Found already running cg job (Conflict) for simname = structure_iter00_000000000012
[187.062 MB]:     > Iteration 394: updated jobs
[187.062 MB]:     > Iteration 394: testing all jobs
[187.062 MB]: Starting MainProcess iteration 395
[187.062 MB]:     > Iteration 395: added new patches
Batch job for cganalysis-structure_iter00_000000000000 exists, assuming resumed: Conflict
[cg] Found already running cg job (Conflict) for simname = structure_iter00_000000000000
Batch job for cganalysis-structure_iter00_000000000002 exists, assuming resumed: Conflict
[cg] Found already running cg job (Conflict) for simname = structure_iter00_000000000002
Batch job for cganalysis-structure_iter00_000000000004 exists, assuming resumed: Conflict
[cg] Found already running cg job (Conflict) for simname = structure_iter00_000000000004
Batch job for cganalysis-structure_iter00_000000000006 exists, assuming resumed: Conflict
[cg] Found already running cg job (Conflict) for simname = structure_iter00_000000000006
Batch job for cganalysis-structure_iter00_000000000008 exists, assuming resumed: Conflict
[cg] Found already running cg job (Conflict) for simname = structure_iter00_000000000008
Batch job for cganalysis-structure_iter00_000000000010 exists, assuming resumed: Conflict
[cg] Found already running cg job (Conflict) for simname = structure_iter00_000000000010
Batch job for cganalysis-structure_iter00_000000000012 exists, assuming resumed: Conflict
[cg] Found already running cg job (Conflict) for simname = structure_iter00_000000000012
[187.062 MB]:     > Iteration 395: updated jobs
[187.062 MB]:     > Iteration 395: testing all jobs
[187.062 MB]: Starting MainProcess iteration 396
[187.062 MB]:     > Iteration 396: added new patches
Batch job for cganalysis-structure_iter00_000000000000 exists, assuming resumed: Conflict
[cg] Found already running cg job (Conflict) for simname = structure_iter00_000000000000
Batch job for cganalysis-structure_iter00_000000000002 exists, assuming resumed: Conflict
[cg] Found already running cg job (Conflict) for simname = structure_iter00_000000000002
Batch job for cganalysis-structure_iter00_000000000004 exists, assuming resumed: Conflict
[cg] Found already running cg job (Conflict) for simname = structure_iter00_000000000004
Batch job for cganalysis-structure_iter00_000000000006 exists, assuming resumed: Conflict
[cg] Found already running cg job (Conflict) for simname = structure_iter00_000000000006
Batch job for cganalysis-structure_iter00_000000000008 exists, assuming resumed: Conflict
[cg] Found already running cg job (Conflict) for simname = structure_iter00_000000000008
Batch job for cganalysis-structure_iter00_000000000010 exists, assuming resumed: Conflict
[cg] Found already running cg job (Conflict) for simname = structure_iter00_000000000010
Batch job for cganalysis-structure_iter00_000000000012 exists, assuming resumed: Conflict
[cg] Found already running cg job (Conflict) for simname = structure_iter00_000000000012
[187.062 MB]:     > Iteration 396: updated jobs
[187.062 MB]:     > Iteration 396: testing all jobs
[187.062 MB]: Starting MainProcess iteration 397
[187.062 MB]:     > Iteration 397: added new patches
Batch job for cganalysis-structure_iter00_000000000000 exists, assuming resumed: Conflict
[cg] Found already running cg job (Conflict) for simname = structure_iter00_000000000000
Batch job for cganalysis-structure_iter00_000000000002 exists, assuming resumed: Conflict
[cg] Found already running cg job (Conflict) for simname = structure_iter00_000000000002
Batch job for cganalysis-structure_iter00_000000000004 exists, assuming resumed: Conflict
[cg] Found already running cg job (Conflict) for simname = structure_iter00_000000000004
Batch job for cganalysis-structure_iter00_000000000006 exists, assuming resumed: Conflict
[cg] Found already running cg job (Conflict) for simname = structure_iter00_000000000006
Batch job for cganalysis-structure_iter00_000000000008 exists, assuming resumed: Conflict
[cg] Found already running cg job (Conflict) for simname = structure_iter00_000000000008
Batch job for cganalysis-structure_iter00_000000000010 exists, assuming resumed: Conflict
[cg] Found already running cg job (Conflict) for simname = structure_iter00_000000000010
Batch job for cganalysis-structure_iter00_000000000012 exists, assuming resumed: Conflict
[cg] Found already running cg job (Conflict) for simname = structure_iter00_000000000012
[187.062 MB]:     > Iteration 397: updated jobs
[187.062 MB]:     > Iteration 397: testing all jobs
[187.062 MB]: Starting MainProcess iteration 398
[187.062 MB]:     > Iteration 398: added new patches
Batch job for cganalysis-structure_iter00_000000000000 exists, assuming resumed: Conflict
[cg] Found already running cg job (Conflict) for simname = structure_iter00_000000000000
Batch job for cganalysis-structure_iter00_000000000002 exists, assuming resumed: Conflict
[cg] Found already running cg job (Conflict) for simname = structure_iter00_000000000002
Batch job for cganalysis-structure_iter00_000000000004 exists, assuming resumed: Conflict
[cg] Found already running cg job (Conflict) for simname = structure_iter00_000000000004
Batch job for cganalysis-structure_iter00_000000000006 exists, assuming resumed: Conflict
[cg] Found already running cg job (Conflict) for simname = structure_iter00_000000000006
Batch job for cganalysis-structure_iter00_000000000008 exists, assuming resumed: Conflict
[cg] Found already running cg job (Conflict) for simname = structure_iter00_000000000008
Batch job for cganalysis-structure_iter00_000000000010 exists, assuming resumed: Conflict
[cg] Found already running cg job (Conflict) for simname = structure_iter00_000000000010
Batch job for cganalysis-structure_iter00_000000000012 exists, assuming resumed: Conflict
[cg] Found already running cg job (Conflict) for simname = structure_iter00_000000000012
[187.062 MB]:     > Iteration 398: updated jobs
[187.062 MB]:     > Iteration 398: testing all jobs
[187.062 MB]: Starting MainProcess iteration 399
[187.062 MB]:     > Iteration 399: added new patches
Batch job for cganalysis-structure_iter00_000000000000 exists, assuming resumed: Conflict
[cg] Found already running cg job (Conflict) for simname = structure_iter00_000000000000
Batch job for cganalysis-structure_iter00_000000000002 exists, assuming resumed: Conflict
[cg] Found already running cg job (Conflict) for simname = structure_iter00_000000000002
Batch job for cganalysis-structure_iter00_000000000004 exists, assuming resumed: Conflict
[cg] Found already running cg job (Conflict) for simname = structure_iter00_000000000004
Batch job for cganalysis-structure_iter00_000000000006 exists, assuming resumed: Conflict
[cg] Found already running cg job (Conflict) for simname = structure_iter00_000000000006
Batch job for cganalysis-structure_iter00_000000000008 exists, assuming resumed: Conflict
[cg] Found already running cg job (Conflict) for simname = structure_iter00_000000000008
Batch job for cganalysis-structure_iter00_000000000010 exists, assuming resumed: Conflict
[cg] Found already running cg job (Conflict) for simname = structure_iter00_000000000010
Batch job for cganalysis-structure_iter00_000000000012 exists, assuming resumed: Conflict
[cg] Found already running cg job (Conflict) for simname = structure_iter00_000000000012
[187.062 MB]:     > Iteration 399: updated jobs
[187.062 MB]:     > Iteration 399: testing all jobs
[187.062 MB]: Starting MainProcess iteration 400
[187.062 MB]:     > Iteration 400: added new patches
Batch job for cganalysis-structure_iter00_000000000000 exists, assuming resumed: Conflict
[cg] Found already running cg job (Conflict) for simname = structure_iter00_000000000000
Batch job for cganalysis-structure_iter00_000000000002 exists, assuming resumed: Conflict
[cg] Found already running cg job (Conflict) for simname = structure_iter00_000000000002
Batch job for cganalysis-structure_iter00_000000000004 exists, assuming resumed: Conflict
[cg] Found already running cg job (Conflict) for simname = structure_iter00_000000000004
Batch job for cganalysis-structure_iter00_000000000006 exists, assuming resumed: Conflict
[cg] Found already running cg job (Conflict) for simname = structure_iter00_000000000006
Batch job for cganalysis-structure_iter00_000000000008 exists, assuming resumed: Conflict
[cg] Found already running cg job (Conflict) for simname = structure_iter00_000000000008
Batch job for cganalysis-structure_iter00_000000000010 exists, assuming resumed: Conflict
[cg] Found already running cg job (Conflict) for simname = structure_iter00_000000000010
Batch job for cganalysis-structure_iter00_000000000012 exists, assuming resumed: Conflict
[cg] Found already running cg job (Conflict) for simname = structure_iter00_000000000012
[187.062 MB]:     > Iteration 400: updated jobs
[187.062 MB]:     > Iteration 400: testing all jobs
[187.062 MB]: Starting MainProcess iteration 401
[187.062 MB]:     > Iteration 401: added new patches
Pull policy for cganalysis-structure-iter00-000000000008 is IfNotPresent
Walltime is 2700.0
Backoff limit is 0
Pull policy for cganalysis-structure-iter00-000000000010 is IfNotPresent
Walltime is 2700.0
Backoff limit is 0
Pull policy for cganalysis-structure-iter00-000000000012 is IfNotPresent
Walltime is 2700.0
Backoff limit is 0
Pull policy for cganalysis-structure-iter00-000000000000 is IfNotPresent
Walltime is 2700.0
Backoff limit is 0
Pull policy for cganalysis-structure-iter00-000000000002 is IfNotPresent
Walltime is 2700.0
Backoff limit is 0
Pull policy for cganalysis-structure-iter00-000000000004 is IfNotPresent
Walltime is 2700.0
Backoff limit is 0
Pull policy for cganalysis-structure-iter00-000000000006 is IfNotPresent
Walltime is 2700.0
Backoff limit is 0
Pull policy for cganalysis-structure-iter00-000000000008 is IfNotPresent
Walltime is 2700.0
Backoff limit is 0
Pull policy for cganalysis-structure-iter00-000000000010 is IfNotPresent
Walltime is 2700.0
Backoff limit is 0
Pull policy for cganalysis-structure-iter00-000000000012 is IfNotPresent
Walltime is 2700.0
Backoff limit is 0
Pull policy for cganalysis-structure-iter00-000000000000 is IfNotPresent
Walltime is 2700.0
Backoff limit is 0
Pull policy for cganalysis-structure-iter00-000000000002 is IfNotPresent
Walltime is 2700.0
Backoff limit is 0
Pull policy for cganalysis-structure-iter00-000000000004 is IfNotPresent
Walltime is 2700.0
Backoff limit is 0
Pull policy for cganalysis-structure-iter00-000000000006 is IfNotPresent
Walltime is 2700.0
Backoff limit is 0
Pull policy for cganalysis-structure-iter00-000000000008 is IfNotPresent
Walltime is 2700.0
Backoff limit is 0
Pull policy for cganalysis-structure-iter00-000000000010 is IfNotPresent
Walltime is 2700.0
Backoff limit is 0
Pull policy for cganalysis-structure-iter00-000000000012 is IfNotPresent
Walltime is 2700.0
Backoff limit is 0
Pull policy for cganalysis-structure-iter00-000000000000 is IfNotPresent
Walltime is 2700.0
Backoff limit is 0
Pull policy for cganalysis-structure-iter00-000000000002 is IfNotPresent
Walltime is 2700.0
Backoff limit is 0
Pull policy for cganalysis-structure-iter00-000000000004 is IfNotPresent
Walltime is 2700.0
Backoff limit is 0
Pull policy for cganalysis-structure-iter00-000000000006 is IfNotPresent
Walltime is 2700.0
Backoff limit is 0
Pull policy for cganalysis-structure-iter00-000000000008 is IfNotPresent
Walltime is 2700.0
Backoff limit is 0
Pull policy for cganalysis-structure-iter00-000000000010 is IfNotPresent
Walltime is 2700.0
Backoff limit is 0
Pull policy for cganalysis-structure-iter00-000000000012 is IfNotPresent
Walltime is 2700.0
Backoff limit is 0
Pull policy for cganalysis-structure-iter00-000000000000 is IfNotPresent
Walltime is 2700.0
Backoff limit is 0
Pull policy for cganalysis-structure-iter00-000000000002 is IfNotPresent
Walltime is 2700.0
Backoff limit is 0
Pull policy for cganalysis-structure-iter00-000000000004 is IfNotPresent
Walltime is 2700.0
Backoff limit is 0
Pull policy for cganalysis-structure-iter00-000000000006 is IfNotPresent
Walltime is 2700.0
Backoff limit is 0
Pull policy for cganalysis-structure-iter00-000000000008 is IfNotPresent
Walltime is 2700.0
Backoff limit is 0
Pull policy for cganalysis-structure-iter00-000000000010 is IfNotPresent
Walltime is 2700.0
Backoff limit is 0
Pull policy for cganalysis-structure-iter00-000000000012 is IfNotPresent
Walltime is 2700.0
Backoff limit is 0
Pull policy for cganalysis-structure-iter00-000000000000 is IfNotPresent
Walltime is 2700.0
Backoff limit is 0
Pull policy for cganalysis-structure-iter00-000000000002 is IfNotPresent
Walltime is 2700.0
Backoff limit is 0
Pull policy for cganalysis-structure-iter00-000000000004 is IfNotPresent
Walltime is 2700.0
Backoff limit is 0
Pull policy for cganalysis-structure-iter00-000000000006 is IfNotPresent
Walltime is 2700.0
Backoff limit is 0
Pull policy for cganalysis-structure-iter00-000000000008 is IfNotPresent
Walltime is 2700.0
Backoff limit is 0
Pull policy for cganalysis-structure-iter00-000000000010 is IfNotPresent
Walltime is 2700.0
Backoff limit is 0
Pull policy for cganalysis-structure-iter00-000000000012 is IfNotPresent
Walltime is 2700.0
Backoff limit is 0
Pull policy for cganalysis-structure-iter00-000000000000 is IfNotPresent
Walltime is 2700.0
Backoff limit is 0
Pull policy for cganalysis-structure-iter00-000000000002 is IfNotPresent
Walltime is 2700.0
Backoff limit is 0
Pull policy for cganalysis-structure-iter00-000000000004 is IfNotPresent
Walltime is 2700.0
Backoff limit is 0
Pull policy for cganalysis-structure-iter00-000000000006 is IfNotPresent
Walltime is 2700.0
Backoff limit is 0
Pull policy for cganalysis-structure-iter00-000000000008 is IfNotPresent
Walltime is 2700.0
Backoff limit is 0
Pull policy for cganalysis-structure-iter00-000000000010 is IfNotPresent
Walltime is 2700.0
Backoff limit is 0
Pull policy for cganalysis-structure-iter00-000000000012 is IfNotPresent
Walltime is 2700.0
Backoff limit is 0
Pull policy for cganalysis-structure-iter00-000000000000 is IfNotPresent
Walltime is 2700.0
Backoff limit is 0
Pull policy for cganalysis-structure-iter00-000000000002 is IfNotPresent
Walltime is 2700.0
Backoff limit is 0
Pull policy for cganalysis-structure-iter00-000000000004 is IfNotPresent
Walltime is 2700.0
Backoff limit is 0
Pull policy for cganalysis-structure-iter00-000000000006 is IfNotPresent
Walltime is 2700.0
Backoff limit is 0
Pull policy for cganalysis-structure-iter00-000000000008 is IfNotPresent
Walltime is 2700.0
Backoff limit is 0
Pull policy for cganalysis-structure-iter00-000000000010 is IfNotPresent
Walltime is 2700.0
Backoff limit is 0
Pull policy for cganalysis-structure-iter00-000000000012 is IfNotPresent
Walltime is 2700.0
Backoff limit is 0
Pull policy for cganalysis-structure-iter00-000000000000 is IfNotPresent
Walltime is 2700.0
Backoff limit is 0
Pull policy for cganalysis-structure-iter00-000000000002 is IfNotPresent
Walltime is 2700.0
Backoff limit is 0
Pull policy for cganalysis-structure-iter00-000000000004 is IfNotPresent
Walltime is 2700.0
Backoff limit is 0
Pull policy for cganalysis-structure-iter00-000000000006 is IfNotPresent
Walltime is 2700.0
Backoff limit is 0
Pull policy for cganalysis-structure-iter00-000000000008 is IfNotPresent
Walltime is 2700.0
Backoff limit is 0
Pull policy for cganalysis-structure-iter00-000000000010 is IfNotPresent
Walltime is 2700.0
Backoff limit is 0
Pull policy for cganalysis-structure-iter00-000000000012 is IfNotPresent
Walltime is 2700.0
Backoff limit is 0
Pull policy for cganalysis-structure-iter00-000000000000 is IfNotPresent
Walltime is 2700.0
Backoff limit is 0
Pull policy for cganalysis-structure-iter00-000000000002 is IfNotPresent
Walltime is 2700.0
Backoff limit is 0
Pull policy for cganalysis-structure-iter00-000000000004 is IfNotPresent
Walltime is 2700.0
Backoff limit is 0
Pull policy for cganalysis-structure-iter00-000000000006 is IfNotPresent
Walltime is 2700.0
Backoff limit is 0
Pull policy for cganalysis-structure-iter00-000000000008 is IfNotPresent
Walltime is 2700.0
Backoff limit is 0
Pull policy for cganalysis-structure-iter00-000000000010 is IfNotPresent
Walltime is 2700.0
Backoff limit is 0
Pull policy for cganalysis-structure-iter00-000000000012 is IfNotPresent
Walltime is 2700.0
Backoff limit is 0
Pull policy for cganalysis-structure-iter00-000000000000 is IfNotPresent
Walltime is 2700.0
Backoff limit is 0
Pull policy for cganalysis-structure-iter00-000000000002 is IfNotPresent
Walltime is 2700.0
Backoff limit is 0
Pull policy for cganalysis-structure-iter00-000000000004 is IfNotPresent
Walltime is 2700.0
Backoff limit is 0
Pull policy for cganalysis-structure-iter00-000000000006 is IfNotPresent
Walltime is 2700.0
Backoff limit is 0
Pull policy for cganalysis-structure-iter00-000000000008 is IfNotPresent
Walltime is 2700.0
Backoff limit is 0
Pull policy for cganalysis-structure-iter00-000000000010 is IfNotPresent
Walltime is 2700.0
Backoff limit is 0
Pull policy for cganalysis-structure-iter00-000000000012 is IfNotPresent
Walltime is 2700.0
Backoff limit is 0
Pull policy for cganalysis-structure-iter00-000000000000 is IfNotPresent
Batch job for cganalysis-structure_iter00_000000000000 exists, assuming resumed: Conflict
[cg] Found already running cg job (Conflict) for simname = structure_iter00_000000000000
Batch job for cganalysis-structure_iter00_000000000002 exists, assuming resumed: Conflict
[cg] Found already running cg job (Conflict) for simname = structure_iter00_000000000002
Batch job for cganalysis-structure_iter00_000000000004 exists, assuming resumed: Conflict
[cg] Found already running cg job (Conflict) for simname = structure_iter00_000000000004
Batch job for cganalysis-structure_iter00_000000000006 exists, assuming resumed: Conflict
[cg] Found already running cg job (Conflict) for simname = structure_iter00_000000000006
Batch job for cganalysis-structure_iter00_000000000008 exists, assuming resumed: Conflict
[cg] Found already running cg job (Conflict) for simname = structure_iter00_000000000008
Batch job for cganalysis-structure_iter00_000000000010 exists, assuming resumed: Conflict
[cg] Found already running cg job (Conflict) for simname = structure_iter00_000000000010
Batch job for cganalysis-structure_iter00_000000000012 exists, assuming resumed: Conflict
[cg] Found already running cg job (Conflict) for simname = structure_iter00_000000000012
[187.062 MB]:     > Iteration 401: updated jobs
[187.062 MB]:     > Iteration 401: testing all jobs
[187.062 MB]: Starting MainProcess iteration 402
[187.062 MB]:     > Iteration 402: added new patches
Batch job for cganalysis-structure_iter00_000000000000 exists, assuming resumed: Conflict
[cg] Found already running cg job (Conflict) for simname = structure_iter00_000000000000
Batch job for cganalysis-structure_iter00_000000000002 exists, assuming resumed: Conflict
[cg] Found already running cg job (Conflict) for simname = structure_iter00_000000000002
Batch job for cganalysis-structure_iter00_000000000004 exists, assuming resumed: Conflict
[cg] Found already running cg job (Conflict) for simname = structure_iter00_000000000004
Batch job for cganalysis-structure_iter00_000000000006 exists, assuming resumed: Conflict
[cg] Found already running cg job (Conflict) for simname = structure_iter00_000000000006
Batch job for cganalysis-structure_iter00_000000000008 exists, assuming resumed: Conflict
[cg] Found already running cg job (Conflict) for simname = structure_iter00_000000000008
Batch job for cganalysis-structure_iter00_000000000010 exists, assuming resumed: Conflict
[cg] Found already running cg job (Conflict) for simname = structure_iter00_000000000010
Batch job for cganalysis-structure_iter00_000000000012 exists, assuming resumed: Conflict
[cg] Found already running cg job (Conflict) for simname = structure_iter00_000000000012
[187.062 MB]:     > Iteration 402: updated jobs
[187.062 MB]:     > Iteration 402: testing all jobs
[187.062 MB]: Starting MainProcess iteration 403
[187.062 MB]:     > Iteration 403: added new patches
Batch job for cganalysis-structure_iter00_000000000000 exists, assuming resumed: Conflict
[cg] Found already running cg job (Conflict) for simname = structure_iter00_000000000000
Batch job for cganalysis-structure_iter00_000000000002 exists, assuming resumed: Conflict
[cg] Found already running cg job (Conflict) for simname = structure_iter00_000000000002
Batch job for cganalysis-structure_iter00_000000000004 exists, assuming resumed: Conflict
[cg] Found already running cg job (Conflict) for simname = structure_iter00_000000000004
Batch job for cganalysis-structure_iter00_000000000006 exists, assuming resumed: Conflict
[cg] Found already running cg job (Conflict) for simname = structure_iter00_000000000006
Batch job for cganalysis-structure_iter00_000000000008 exists, assuming resumed: Conflict
[cg] Found already running cg job (Conflict) for simname = structure_iter00_000000000008
Batch job for cganalysis-structure_iter00_000000000010 exists, assuming resumed: Conflict
[cg] Found already running cg job (Conflict) for simname = structure_iter00_000000000010
Batch job for cganalysis-structure_iter00_000000000012 exists, assuming resumed: Conflict
[cg] Found already running cg job (Conflict) for simname = structure_iter00_000000000012
[187.062 MB]:     > Iteration 403: updated jobs
[187.062 MB]:     > Iteration 403: testing all jobs
[187.062 MB]: Starting MainProcess iteration 404
[187.062 MB]:     > Iteration 404: added new patches
Batch job for cganalysis-structure_iter00_000000000000 exists, assuming resumed: Conflict
[cg] Found already running cg job (Conflict) for simname = structure_iter00_000000000000
Batch job for cganalysis-structure_iter00_000000000002 exists, assuming resumed: Conflict
[cg] Found already running cg job (Conflict) for simname = structure_iter00_000000000002
Batch job for cganalysis-structure_iter00_000000000004 exists, assuming resumed: Conflict
[cg] Found already running cg job (Conflict) for simname = structure_iter00_000000000004
Batch job for cganalysis-structure_iter00_000000000006 exists, assuming resumed: Conflict
[cg] Found already running cg job (Conflict) for simname = structure_iter00_000000000006
Batch job for cganalysis-structure_iter00_000000000008 exists, assuming resumed: Conflict
[cg] Found already running cg job (Conflict) for simname = structure_iter00_000000000008
Batch job for cganalysis-structure_iter00_000000000010 exists, assuming resumed: Conflict
[cg] Found already running cg job (Conflict) for simname = structure_iter00_000000000010
Batch job for cganalysis-structure_iter00_000000000012 exists, assuming resumed: Conflict
[cg] Found already running cg job (Conflict) for simname = structure_iter00_000000000012
[187.062 MB]:     > Iteration 404: updated jobs
[187.062 MB]:     > Iteration 404: testing all jobs
[187.062 MB]: Starting MainProcess iteration 405
[187.062 MB]:     > Iteration 405: added new patches
Batch job for cganalysis-structure_iter00_000000000000 exists, assuming resumed: Conflict
[cg] Found already running cg job (Conflict) for simname = structure_iter00_000000000000
Batch job for cganalysis-structure_iter00_000000000002 exists, assuming resumed: Conflict
[cg] Found already running cg job (Conflict) for simname = structure_iter00_000000000002
Batch job for cganalysis-structure_iter00_000000000004 exists, assuming resumed: Conflict
[cg] Found already running cg job (Conflict) for simname = structure_iter00_000000000004
Batch job for cganalysis-structure_iter00_000000000006 exists, assuming resumed: Conflict
[cg] Found already running cg job (Conflict) for simname = structure_iter00_000000000006
Batch job for cganalysis-structure_iter00_000000000008 exists, assuming resumed: Conflict
[cg] Found already running cg job (Conflict) for simname = structure_iter00_000000000008
Batch job for cganalysis-structure_iter00_000000000010 exists, assuming resumed: Conflict
[cg] Found already running cg job (Conflict) for simname = structure_iter00_000000000010
Batch job for cganalysis-structure_iter00_000000000012 exists, assuming resumed: Conflict
[cg] Found already running cg job (Conflict) for simname = structure_iter00_000000000012
[187.062 MB]:     > Iteration 405: updated jobs
[187.062 MB]:     > Iteration 405: testing all jobs
[187.062 MB]: Starting MainProcess iteration 406
[187.062 MB]:     > Iteration 406: added new patches
Batch job for cganalysis-structure_iter00_000000000000 exists, assuming resumed: Conflict
[cg] Found already running cg job (Conflict) for simname = structure_iter00_000000000000
Batch job for cganalysis-structure_iter00_000000000002 exists, assuming resumed: Conflict
[cg] Found already running cg job (Conflict) for simname = structure_iter00_000000000002
Batch job for cganalysis-structure_iter00_000000000004 exists, assuming resumed: Conflict
[cg] Found already running cg job (Conflict) for simname = structure_iter00_000000000004
Batch job for cganalysis-structure_iter00_000000000006 exists, assuming resumed: Conflict
[cg] Found already running cg job (Conflict) for simname = structure_iter00_000000000006
Batch job for cganalysis-structure_iter00_000000000008 exists, assuming resumed: Conflict
[cg] Found already running cg job (Conflict) for simname = structure_iter00_000000000008
Batch job for cganalysis-structure_iter00_000000000010 exists, assuming resumed: Conflict
[cg] Found already running cg job (Conflict) for simname = structure_iter00_000000000010
Batch job for cganalysis-structure_iter00_000000000012 exists, assuming resumed: Conflict
[cg] Found already running cg job (Conflict) for simname = structure_iter00_000000000012
[187.062 MB]:     > Iteration 406: updated jobs
[187.062 MB]:     > Iteration 406: testing all jobs
[187.062 MB]: Starting MainProcess iteration 407
[187.062 MB]:     > Iteration 407: added new patches
Batch job for cganalysis-structure_iter00_000000000000 exists, assuming resumed: Conflict
[cg] Found already running cg job (Conflict) for simname = structure_iter00_000000000000
Batch job for cganalysis-structure_iter00_000000000002 exists, assuming resumed: Conflict
[cg] Found already running cg job (Conflict) for simname = structure_iter00_000000000002
Batch job for cganalysis-structure_iter00_000000000004 exists, assuming resumed: Conflict
[cg] Found already running cg job (Conflict) for simname = structure_iter00_000000000004
Batch job for cganalysis-structure_iter00_000000000006 exists, assuming resumed: Conflict
[cg] Found already running cg job (Conflict) for simname = structure_iter00_000000000006
Batch job for cganalysis-structure_iter00_000000000008 exists, assuming resumed: Conflict
[cg] Found already running cg job (Conflict) for simname = structure_iter00_000000000008
Batch job for cganalysis-structure_iter00_000000000010 exists, assuming resumed: Conflict
[cg] Found already running cg job (Conflict) for simname = structure_iter00_000000000010
Batch job for cganalysis-structure_iter00_000000000012 exists, assuming resumed: Conflict
[cg] Found already running cg job (Conflict) for simname = structure_iter00_000000000012
[187.062 MB]:     > Iteration 407: updated jobs
[187.062 MB]:     > Iteration 407: testing all jobs
[187.062 MB]: Starting MainProcess iteration 408
[187.062 MB]:     > Iteration 408: added new patches
Batch job for cganalysis-structure_iter00_000000000000 exists, assuming resumed: Conflict
[cg] Found already running cg job (Conflict) for simname = structure_iter00_000000000000
Batch job for cganalysis-structure_iter00_000000000002 exists, assuming resumed: Conflict
[cg] Found already running cg job (Conflict) for simname = structure_iter00_000000000002
Batch job for cganalysis-structure_iter00_000000000004 exists, assuming resumed: Conflict
[cg] Found already running cg job (Conflict) for simname = structure_iter00_000000000004
Batch job for cganalysis-structure_iter00_000000000006 exists, assuming resumed: Conflict
[cg] Found already running cg job (Conflict) for simname = structure_iter00_000000000006
Batch job for cganalysis-structure_iter00_000000000008 exists, assuming resumed: Conflict
[cg] Found already running cg job (Conflict) for simname = structure_iter00_000000000008
Batch job for cganalysis-structure_iter00_000000000010 exists, assuming resumed: Conflict
[cg] Found already running cg job (Conflict) for simname = structure_iter00_000000000010
Batch job for cganalysis-structure_iter00_000000000012 exists, assuming resumed: Conflict
[cg] Found already running cg job (Conflict) for simname = structure_iter00_000000000012
[187.062 MB]:     > Iteration 408: updated jobs
[187.062 MB]:     > Iteration 408: testing all jobs
[187.062 MB]: Starting MainProcess iteration 409
[187.062 MB]:     > Iteration 409: added new patches
Batch job for cganalysis-structure_iter00_000000000000 exists, assuming resumed: Conflict
[cg] Found already running cg job (Conflict) for simname = structure_iter00_000000000000
Batch job for cganalysis-structure_iter00_000000000002 exists, assuming resumed: Conflict
[cg] Found already running cg job (Conflict) for simname = structure_iter00_000000000002
Batch job for cganalysis-structure_iter00_000000000004 exists, assuming resumed: Conflict
[cg] Found already running cg job (Conflict) for simname = structure_iter00_000000000004
Batch job for cganalysis-structure_iter00_000000000006 exists, assuming resumed: Conflict
[cg] Found already running cg job (Conflict) for simname = structure_iter00_000000000006
Batch job for cganalysis-structure_iter00_000000000008 exists, assuming resumed: Conflict
[cg] Found already running cg job (Conflict) for simname = structure_iter00_000000000008
Batch job for cganalysis-structure_iter00_000000000010 exists, assuming resumed: Conflict
[cg] Found already running cg job (Conflict) for simname = structure_iter00_000000000010
Batch job for cganalysis-structure_iter00_000000000012 exists, assuming resumed: Conflict
[cg] Found already running cg job (Conflict) for simname = structure_iter00_000000000012
[187.062 MB]:     > Iteration 409: updated jobs
[187.062 MB]:     > Iteration 409: testing all jobs
[187.062 MB]: Starting MainProcess iteration 410
[187.062 MB]:     > Iteration 410: added new patches
Batch job for cganalysis-structure_iter00_000000000000 exists, assuming resumed: Conflict
[cg] Found already running cg job (Conflict) for simname = structure_iter00_000000000000
Batch job for cganalysis-structure_iter00_000000000002 exists, assuming resumed: Conflict
[cg] Found already running cg job (Conflict) for simname = structure_iter00_000000000002
Batch job for cganalysis-structure_iter00_000000000004 exists, assuming resumed: Conflict
[cg] Found already running cg job (Conflict) for simname = structure_iter00_000000000004
Batch job for cganalysis-structure_iter00_000000000006 exists, assuming resumed: Conflict
[cg] Found already running cg job (Conflict) for simname = structure_iter00_000000000006
Batch job for cganalysis-structure_iter00_000000000008 exists, assuming resumed: Conflict
[cg] Found already running cg job (Conflict) for simname = structure_iter00_000000000008
Batch job for cganalysis-structure_iter00_000000000010 exists, assuming resumed: Conflict
[cg] Found already running cg job (Conflict) for simname = structure_iter00_000000000010
Batch job for cganalysis-structure_iter00_000000000012 exists, assuming resumed: Conflict
[cg] Found already running cg job (Conflict) for simname = structure_iter00_000000000012
[187.062 MB]:     > Iteration 410: updated jobs
[187.062 MB]:     > Iteration 410: testing all jobs
[187.062 MB]: Starting MainProcess iteration 411
[187.062 MB]:     > Iteration 411: added new patches
Batch job for cganalysis-structure_iter00_000000000000 exists, assuming resumed: Conflict
[cg] Found already running cg job (Conflict) for simname = structure_iter00_000000000000
Batch job for cganalysis-structure_iter00_000000000002 exists, assuming resumed: Conflict
[cg] Found already running cg job (Conflict) for simname = structure_iter00_000000000002
Batch job for cganalysis-structure_iter00_000000000004 exists, assuming resumed: Conflict
[cg] Found already running cg job (Conflict) for simname = structure_iter00_000000000004
Batch job for cganalysis-structure_iter00_000000000006 exists, assuming resumed: Conflict
[cg] Found already running cg job (Conflict) for simname = structure_iter00_000000000006
Walltime is 2700.0
Backoff limit is 0
Pull policy for cganalysis-structure-iter00-000000000002 is IfNotPresent
Walltime is 2700.0
Backoff limit is 0
Pull policy for cganalysis-structure-iter00-000000000004 is IfNotPresent
Walltime is 2700.0
Backoff limit is 0
Pull policy for cganalysis-structure-iter00-000000000006 is IfNotPresent
Walltime is 2700.0
Backoff limit is 0
Pull policy for cganalysis-structure-iter00-000000000008 is IfNotPresent
Walltime is 2700.0
Backoff limit is 0
Pull policy for cganalysis-structure-iter00-000000000010 is IfNotPresent
Walltime is 2700.0
Backoff limit is 0
Pull policy for cganalysis-structure-iter00-000000000012 is IfNotPresent
Walltime is 2700.0
Backoff limit is 0
Pull policy for cganalysis-structure-iter00-000000000000 is IfNotPresent
Walltime is 2700.0
Backoff limit is 0
Pull policy for cganalysis-structure-iter00-000000000002 is IfNotPresent
Walltime is 2700.0
Backoff limit is 0
Pull policy for cganalysis-structure-iter00-000000000004 is IfNotPresent
Walltime is 2700.0
Backoff limit is 0
Pull policy for cganalysis-structure-iter00-000000000006 is IfNotPresent
Walltime is 2700.0
Backoff limit is 0
Pull policy for cganalysis-structure-iter00-000000000008 is IfNotPresent
Walltime is 2700.0
Backoff limit is 0
Pull policy for cganalysis-structure-iter00-000000000010 is IfNotPresent
Walltime is 2700.0
Backoff limit is 0
Pull policy for cganalysis-structure-iter00-000000000012 is IfNotPresent
Walltime is 2700.0
Backoff limit is 0
Pull policy for cganalysis-structure-iter00-000000000000 is IfNotPresent
Walltime is 2700.0
Backoff limit is 0
Pull policy for cganalysis-structure-iter00-000000000002 is IfNotPresent
Walltime is 2700.0
Backoff limit is 0
Pull policy for cganalysis-structure-iter00-000000000004 is IfNotPresent
Walltime is 2700.0
Backoff limit is 0
Pull policy for cganalysis-structure-iter00-000000000006 is IfNotPresent
Walltime is 2700.0
Backoff limit is 0
Pull policy for cganalysis-structure-iter00-000000000008 is IfNotPresent
Walltime is 2700.0
Backoff limit is 0
Pull policy for cganalysis-structure-iter00-000000000010 is IfNotPresent
Walltime is 2700.0
Backoff limit is 0
Pull policy for cganalysis-structure-iter00-000000000012 is IfNotPresent
Walltime is 2700.0
Backoff limit is 0
Pull policy for cganalysis-structure-iter00-000000000000 is IfNotPresent
Walltime is 2700.0
Backoff limit is 0
Pull policy for cganalysis-structure-iter00-000000000002 is IfNotPresent
Walltime is 2700.0
Backoff limit is 0
Pull policy for cganalysis-structure-iter00-000000000004 is IfNotPresent
Walltime is 2700.0
Backoff limit is 0
Pull policy for cganalysis-structure-iter00-000000000006 is IfNotPresent
Walltime is 2700.0
Backoff limit is 0
Pull policy for cganalysis-structure-iter00-000000000008 is IfNotPresent
Walltime is 2700.0
Backoff limit is 0
Pull policy for cganalysis-structure-iter00-000000000010 is IfNotPresent
Walltime is 2700.0
Backoff limit is 0
Pull policy for cganalysis-structure-iter00-000000000012 is IfNotPresent
Walltime is 2700.0
Backoff limit is 0
Pull policy for cganalysis-structure-iter00-000000000000 is IfNotPresent
Walltime is 2700.0
Backoff limit is 0
Pull policy for cganalysis-structure-iter00-000000000002 is IfNotPresent
Walltime is 2700.0
Backoff limit is 0
Pull policy for cganalysis-structure-iter00-000000000004 is IfNotPresent
Walltime is 2700.0
Backoff limit is 0
Pull policy for cganalysis-structure-iter00-000000000006 is IfNotPresent
Walltime is 2700.0
Backoff limit is 0
Pull policy for cganalysis-structure-iter00-000000000008 is IfNotPresent
Walltime is 2700.0
Backoff limit is 0
Pull policy for cganalysis-structure-iter00-000000000010 is IfNotPresent
Walltime is 2700.0
Backoff limit is 0
Pull policy for cganalysis-structure-iter00-000000000012 is IfNotPresent
Walltime is 2700.0
Backoff limit is 0
Pull policy for cganalysis-structure-iter00-000000000000 is IfNotPresent
Walltime is 2700.0
Backoff limit is 0
Pull policy for cganalysis-structure-iter00-000000000002 is IfNotPresent
Walltime is 2700.0
Backoff limit is 0
Pull policy for cganalysis-structure-iter00-000000000004 is IfNotPresent
Walltime is 2700.0
Backoff limit is 0
Pull policy for cganalysis-structure-iter00-000000000006 is IfNotPresent
Walltime is 2700.0
Backoff limit is 0
Pull policy for cganalysis-structure-iter00-000000000008 is IfNotPresent
Walltime is 2700.0
Backoff limit is 0
Pull policy for cganalysis-structure-iter00-000000000010 is IfNotPresent
Walltime is 2700.0
Backoff limit is 0
Pull policy for cganalysis-structure-iter00-000000000012 is IfNotPresent
Walltime is 2700.0
Backoff limit is 0
Pull policy for cganalysis-structure-iter00-000000000000 is IfNotPresent
Walltime is 2700.0
Backoff limit is 0
Pull policy for cganalysis-structure-iter00-000000000002 is IfNotPresent
Walltime is 2700.0
Backoff limit is 0
Pull policy for cganalysis-structure-iter00-000000000004 is IfNotPresent
Walltime is 2700.0
Backoff limit is 0
Pull policy for cganalysis-structure-iter00-000000000006 is IfNotPresent
Walltime is 2700.0
Backoff limit is 0
Pull policy for cganalysis-structure-iter00-000000000008 is IfNotPresent
Walltime is 2700.0
Backoff limit is 0
Pull policy for cganalysis-structure-iter00-000000000010 is IfNotPresent
Walltime is 2700.0
Backoff limit is 0
Pull policy for cganalysis-structure-iter00-000000000012 is IfNotPresent
Walltime is 2700.0
Backoff limit is 0
Pull policy for cganalysis-structure-iter00-000000000000 is IfNotPresent
Walltime is 2700.0
Backoff limit is 0
Pull policy for cganalysis-structure-iter00-000000000002 is IfNotPresent
Walltime is 2700.0
Backoff limit is 0
Pull policy for cganalysis-structure-iter00-000000000004 is IfNotPresent
Walltime is 2700.0
Backoff limit is 0
Pull policy for cganalysis-structure-iter00-000000000006 is IfNotPresent
Walltime is 2700.0
Backoff limit is 0
Pull policy for cganalysis-structure-iter00-000000000008 is IfNotPresent
Walltime is 2700.0
Backoff limit is 0
Pull policy for cganalysis-structure-iter00-000000000010 is IfNotPresent
Walltime is 2700.0
Backoff limit is 0
Pull policy for cganalysis-structure-iter00-000000000012 is IfNotPresent
Walltime is 2700.0
Backoff limit is 0
Pull policy for cganalysis-structure-iter00-000000000000 is IfNotPresent
Walltime is 2700.0
Backoff limit is 0
Pull policy for cganalysis-structure-iter00-000000000002 is IfNotPresent
Walltime is 2700.0
Backoff limit is 0
Pull policy for cganalysis-structure-iter00-000000000004 is IfNotPresent
Walltime is 2700.0
Backoff limit is 0
Pull policy for cganalysis-structure-iter00-000000000006 is IfNotPresent
Walltime is 2700.0
Backoff limit is 0
Pull policy for cganalysis-structure-iter00-000000000008 is IfNotPresent
Walltime is 2700.0
Backoff limit is 0
Pull policy for cganalysis-structure-iter00-000000000010 is IfNotPresent
Walltime is 2700.0
Backoff limit is 0
Pull policy for cganalysis-structure-iter00-000000000012 is IfNotPresent
Walltime is 2700.0
Backoff limit is 0
Pull policy for cganalysis-structure-iter00-000000000000 is IfNotPresent
Walltime is 2700.0
Backoff limit is 0
Pull policy for cganalysis-structure-iter00-000000000002 is IfNotPresent
Walltime is 2700.0
Backoff limit is 0
Pull policy for cganalysis-structure-iter00-000000000004 is IfNotPresent
Walltime is 2700.0
Backoff limit is 0
Pull policy for cganalysis-structure-iter00-000000000006 is IfNotPresent
Walltime is 2700.0
Backoff limit is 0
Pull policy for cganalysis-structure-iter00-000000000008 is IfNotPresent
Walltime is 2700.0
Backoff limit is 0
Pull policy for cganalysis-structure-iter00-000000000010 is IfNotPresent
Walltime is 2700.0
Backoff limit is 0
Pull policy for cganalysis-structure-iter00-000000000012 is IfNotPresent
Walltime is 2700.0
Backoff limit is 0
Pull policy for cganalysis-structure-iter00-000000000000 is IfNotPresent
Walltime is 2700.0
Backoff limit is 0
Pull policy for cganalysis-structure-iter00-000000000002 is IfNotPresent
Walltime is 2700.0
Backoff limit is 0
Pull policy for cganalysis-structure-iter00-000000000004 is IfNotPresent
Walltime is 2700.0
Backoff limit is 0
Pull policy for cganalysis-structure-iter00-000000000006 is IfNotPresent
Walltime is 2700.0
Backoff limit is 0
Batch job for cganalysis-structure_iter00_000000000008 exists, assuming resumed: Conflict
[cg] Found already running cg job (Conflict) for simname = structure_iter00_000000000008
Batch job for cganalysis-structure_iter00_000000000010 exists, assuming resumed: Conflict
[cg] Found already running cg job (Conflict) for simname = structure_iter00_000000000010
Batch job for cganalysis-structure_iter00_000000000012 exists, assuming resumed: Conflict
[cg] Found already running cg job (Conflict) for simname = structure_iter00_000000000012
[187.062 MB]:     > Iteration 411: updated jobs
[187.062 MB]:     > Iteration 411: testing all jobs
[187.062 MB]: Starting MainProcess iteration 412
[187.062 MB]:     > Iteration 412: added new patches
Batch job for cganalysis-structure_iter00_000000000000 exists, assuming resumed: Conflict
[cg] Found already running cg job (Conflict) for simname = structure_iter00_000000000000
Batch job for cganalysis-structure_iter00_000000000002 exists, assuming resumed: Conflict
[cg] Found already running cg job (Conflict) for simname = structure_iter00_000000000002
Batch job for cganalysis-structure_iter00_000000000004 exists, assuming resumed: Conflict
[cg] Found already running cg job (Conflict) for simname = structure_iter00_000000000004
Batch job for cganalysis-structure_iter00_000000000006 exists, assuming resumed: Conflict
[cg] Found already running cg job (Conflict) for simname = structure_iter00_000000000006
Batch job for cganalysis-structure_iter00_000000000008 exists, assuming resumed: Conflict
[cg] Found already running cg job (Conflict) for simname = structure_iter00_000000000008
Batch job for cganalysis-structure_iter00_000000000010 exists, assuming resumed: Conflict
[cg] Found already running cg job (Conflict) for simname = structure_iter00_000000000010
Batch job for cganalysis-structure_iter00_000000000012 exists, assuming resumed: Conflict
[cg] Found already running cg job (Conflict) for simname = structure_iter00_000000000012
[187.062 MB]:     > Iteration 412: updated jobs
[187.062 MB]:     > Iteration 412: testing all jobs
[187.062 MB]: Starting MainProcess iteration 413
[187.062 MB]:     > Iteration 413: added new patches
Batch job for cganalysis-structure_iter00_000000000000 exists, assuming resumed: Conflict
[cg] Found already running cg job (Conflict) for simname = structure_iter00_000000000000
Batch job for cganalysis-structure_iter00_000000000002 exists, assuming resumed: Conflict
[cg] Found already running cg job (Conflict) for simname = structure_iter00_000000000002
Batch job for cganalysis-structure_iter00_000000000004 exists, assuming resumed: Conflict
[cg] Found already running cg job (Conflict) for simname = structure_iter00_000000000004
Batch job for cganalysis-structure_iter00_000000000006 exists, assuming resumed: Conflict
[cg] Found already running cg job (Conflict) for simname = structure_iter00_000000000006
Batch job for cganalysis-structure_iter00_000000000008 exists, assuming resumed: Conflict
[cg] Found already running cg job (Conflict) for simname = structure_iter00_000000000008
Batch job for cganalysis-structure_iter00_000000000010 exists, assuming resumed: Conflict
[cg] Found already running cg job (Conflict) for simname = structure_iter00_000000000010
Batch job for cganalysis-structure_iter00_000000000012 exists, assuming resumed: Conflict
[cg] Found already running cg job (Conflict) for simname = structure_iter00_000000000012
[187.062 MB]:     > Iteration 413: updated jobs
[187.062 MB]:     > Iteration 413: testing all jobs
[187.062 MB]: Starting MainProcess iteration 414
We got Stream connection lost: ConnectionResetError(104, 'Connection reset by peer')
Did not find current user: defaulted to mummiusr
Using Plain connection (unsafe): TLS certificate /opt/clones/certs/client_rabbitmq_certificate.pem does not exist
[187.062 MB]:     > Iteration 414: added new patches
Batch job for cganalysis-structure_iter00_000000000000 exists, assuming resumed: Conflict
[cg] Found already running cg job (Conflict) for simname = structure_iter00_000000000000
Batch job for cganalysis-structure_iter00_000000000002 exists, assuming resumed: Conflict
[cg] Found already running cg job (Conflict) for simname = structure_iter00_000000000002
Batch job for cganalysis-structure_iter00_000000000004 exists, assuming resumed: Conflict
[cg] Found already running cg job (Conflict) for simname = structure_iter00_000000000004
Batch job for cganalysis-structure_iter00_000000000006 exists, assuming resumed: Conflict
[cg] Found already running cg job (Conflict) for simname = structure_iter00_000000000006
Batch job for cganalysis-structure_iter00_000000000008 exists, assuming resumed: Conflict
[cg] Found already running cg job (Conflict) for simname = structure_iter00_000000000008
Batch job for cganalysis-structure_iter00_000000000010 exists, assuming resumed: Conflict
[cg] Found already running cg job (Conflict) for simname = structure_iter00_000000000010
Batch job for cganalysis-structure_iter00_000000000012 exists, assuming resumed: Conflict
[cg] Found already running cg job (Conflict) for simname = structure_iter00_000000000012
[187.062 MB]:     > Iteration 414: updated jobs
[187.062 MB]:     > Iteration 414: testing all jobs
[187.062 MB]: Starting MainProcess iteration 415
Maximum jobs for createsim (2) reached, will not submit more.
[187.062 MB]:     > Iteration 415: added new patches
Maximum jobs for cg (3) reached, will not submit more.
[187.320 MB]:     > Iteration 415: updated jobs
[187.320 MB]:     > Iteration 415: testing all jobs
[187.320 MB]: Starting MainProcess iteration 416
[187.320 MB]:     > Iteration 416: added new patches
Maximum jobs for cg (3) reached, will not submit more.
[187.320 MB]:     > Iteration 416: updated jobs
[187.320 MB]:     > Iteration 416: testing all jobs
[187.320 MB]: Starting MainProcess iteration 417
[187.320 MB]:     > Iteration 417: added new patches
Maximum jobs for cg (3) reached, will not submit more.
[187.320 MB]:     > Iteration 417: updated jobs
[187.320 MB]:     > Iteration 417: testing all jobs
[187.320 MB]: Starting MainProcess iteration 418
[187.320 MB]:     > Iteration 418: added new patches
Maximum jobs for cg (3) reached, will not submit more.
[187.320 MB]:     > Iteration 418: updated jobs
[187.320 MB]:     > Iteration 418: testing all jobs
[187.320 MB]: Starting MainProcess iteration 419
[187.320 MB]:     > Iteration 419: added new patches
Maximum jobs for cg (3) reached, will not submit more.
[187.320 MB]:     > Iteration 419: updated jobs
[187.320 MB]:     > Iteration 419: testing all jobs
[187.320 MB]: Starting MainProcess iteration 420
[187.320 MB]:     > Iteration 420: added new patches
Maximum jobs for cg (3) reached, will not submit more.
[187.320 MB]:     > Iteration 420: updated jobs
[187.320 MB]:     > Iteration 420: testing all jobs
[187.320 MB]: Starting MainProcess iteration 421
[187.320 MB]:     > Iteration 421: added new patches
Maximum jobs for cg (3) reached, will not submit more.
[187.320 MB]:     > Iteration 421: updated jobs
[187.320 MB]:     > Iteration 421: testing all jobs
[187.320 MB]: Starting MainProcess iteration 422
[187.320 MB]:     > Iteration 422: added new patches
Maximum jobs for cg (3) reached, will not submit more.
[187.320 MB]:     > Iteration 422: updated jobs
[187.320 MB]:     > Iteration 422: testing all jobs
[187.320 MB]: Starting MainProcess iteration 423
[187.320 MB]:     > Iteration 423: added new patches
Maximum jobs for cg (3) reached, will not submit more.
[187.320 MB]:     > Iteration 423: updated jobs
[187.320 MB]:     > Iteration 423: testing all jobs
[187.320 MB]: Starting MainProcess iteration 424
[187.320 MB]:     > Iteration 424: added new patches
Maximum jobs for cg (3) reached, will not submit more.
[187.320 MB]:     > Iteration 424: updated jobs
[187.320 MB]:     > Iteration 424: testing all jobs
[187.320 MB]: Starting MainProcess iteration 425
[187.320 MB]:     > Iteration 425: added new patches
Maximum jobs for cg (3) reached, will not submit more.
[187.320 MB]:     > Iteration 425: updated jobs
[187.320 MB]:     > Iteration 425: testing all jobs
[187.320 MB]: Starting MainProcess iteration 426
[187.320 MB]:     > Iteration 426: added new patches
Maximum jobs for cg (3) reached, will not submit more.
[187.320 MB]:     > Iteration 426: updated jobs
[187.320 MB]:     > Iteration 426: testing all jobs
[187.320 MB]: Starting MainProcess iteration 427
[187.320 MB]:     > Iteration 427: added new patches
Maximum jobs for cg (3) reached, will not submit more.
[187.320 MB]:     > Iteration 427: updated jobs
[187.320 MB]:     > Iteration 427: testing all jobs
[187.320 MB]: Starting MainProcess iteration 428
[187.320 MB]:     > Iteration 428: added new patches
Batch job for cganalysis-structure_iter00_000000000000 exists, assuming resumed: Conflict
[cg] Found already running cg job (Conflict) for simname = structure_iter00_000000000000
Batch job for cganalysis-structure_iter00_000000000002 exists, assuming resumed: Conflict
[cg] Found already running cg job (Conflict) for simname = structure_iter00_000000000002
Batch job for cganalysis-structure_iter00_000000000004 exists, assuming resumed: Conflict
[cg] Found already running cg job (Conflict) for simname = structure_iter00_000000000004
Batch job for cganalysis-structure_iter00_000000000006 exists, assuming resumed: Conflict
[cg] Found already running cg job (Conflict) for simname = structure_iter00_000000000006
Batch job for cganalysis-structure_iter00_000000000008 exists, assuming resumed: Conflict
[cg] Found already running cg job (Conflict) for simname = structure_iter00_000000000008
Batch job for cganalysis-structure_iter00_000000000010 exists, assuming resumed: Conflict
[cg] Found already running cg job (Conflict) for simname = structure_iter00_000000000010
Batch job for cganalysis-structure_iter00_000000000012 exists, assuming resumed: Conflict
[cg] Found already running cg job (Conflict) for simname = structure_iter00_000000000012
Batch job for cganalysis-structure_iter00_000000000014 exists, assuming resumed: Conflict
[cg] Found already running cg job (Conflict) for simname = structure_iter00_000000000014
[187.320 MB]:     > Iteration 428: updated jobs
[187.320 MB]:     > Iteration 428: testing all jobs
[187.320 MB]: Starting MainProcess iteration 429
[187.320 MB]:     > Iteration 429: added new patches
Batch job for cganalysis-structure_iter00_000000000000 exists, assuming resumed: Conflict
[cg] Found already running cg job (Conflict) for simname = structure_iter00_000000000000
Batch job for cganalysis-structure_iter00_000000000002 exists, assuming resumed: Conflict
[cg] Found already running cg job (Conflict) for simname = structure_iter00_000000000002
Batch job for cganalysis-structure_iter00_000000000004 exists, assuming resumed: Conflict
[cg] Found already running cg job (Conflict) for simname = structure_iter00_000000000004
Batch job for cganalysis-structure_iter00_000000000006 exists, assuming resumed: Conflict
[cg] Found already running cg job (Conflict) for simname = structure_iter00_000000000006
Batch job for cganalysis-structure_iter00_000000000008 exists, assuming resumed: Conflict
[cg] Found already running cg job (Conflict) for simname = structure_iter00_000000000008
Batch job for cganalysis-structure_iter00_000000000010 exists, assuming resumed: Conflict
[cg] Found already running cg job (Conflict) for simname = structure_iter00_000000000010
Batch job for cganalysis-structure_iter00_000000000012 exists, assuming resumed: Conflict
[cg] Found already running cg job (Conflict) for simname = structure_iter00_000000000012
Batch job for cganalysis-structure_iter00_000000000014 exists, assuming resumed: Conflict
[cg] Found already running cg job (Conflict) for simname = structure_iter00_000000000014
[187.320 MB]:     > Iteration 429: updated jobs
[187.320 MB]:     > Iteration 429: testing all jobs
[187.320 MB]: Starting MainProcess iteration 430
[187.320 MB]:     > Iteration 430: added new patches
Batch job for cganalysis-structure_iter00_000000000000 exists, assuming resumed: Conflict
[cg] Found already running cg job (Conflict) for simname = structure_iter00_000000000000
Batch job for cganalysis-structure_iter00_000000000002 exists, assuming resumed: Conflict
[cg] Found already running cg job (Conflict) for simname = structure_iter00_000000000002
Batch job for cganalysis-structure_iter00_000000000004 exists, assuming resumed: Conflict
[cg] Found already running cg job (Conflict) for simname = structure_iter00_000000000004
Batch job for cganalysis-structure_iter00_000000000006 exists, assuming resumed: Conflict
[cg] Found already running cg job (Conflict) for simname = structure_iter00_000000000006
Batch job for cganalysis-structure_iter00_000000000008 exists, assuming resumed: Conflict
[cg] Found already running cg job (Conflict) for simname = structure_iter00_000000000008
Batch job for cganalysis-structure_iter00_000000000010 exists, assuming resumed: Conflict
[cg] Found already running cg job (Conflict) for simname = structure_iter00_000000000010
Batch job for cganalysis-structure_iter00_000000000012 exists, assuming resumed: Conflict
[cg] Found already running cg job (Conflict) for simname = structure_iter00_000000000012
Batch job for cganalysis-structure_iter00_000000000014 exists, assuming resumed: Conflict
[cg] Found already running cg job (Conflict) for simname = structure_iter00_000000000014
[187.320 MB]:     > Iteration 430: updated jobs
[187.320 MB]:     > Iteration 430: testing all jobs
[187.320 MB]: Starting MainProcess iteration 431
[187.320 MB]:     > Iteration 431: added new patches
Batch job for cganalysis-structure_iter00_000000000000 exists, assuming resumed: Conflict
[cg] Found already running cg job (Conflict) for simname = structure_iter00_000000000000
Batch job for cganalysis-structure_iter00_000000000002 exists, assuming resumed: Conflict
[cg] Found already running cg job (Conflict) for simname = structure_iter00_000000000002
Batch job for cganalysis-structure_iter00_000000000004 exists, assuming resumed: Conflict
[cg] Found already running cg job (Conflict) for simname = structure_iter00_000000000004
Batch job for cganalysis-structure_iter00_000000000006 exists, assuming resumed: Conflict
[cg] Found already running cg job (Conflict) for simname = structure_iter00_000000000006
Batch job for cganalysis-structure_iter00_000000000008 exists, assuming resumed: Conflict
[cg] Found already running cg job (Conflict) for simname = structure_iter00_000000000008
Batch job for cganalysis-structure_iter00_000000000010 exists, assuming resumed: Conflict
[cg] Found already running cg job (Conflict) for simname = structure_iter00_000000000010
Batch job for cganalysis-structure_iter00_000000000012 exists, assuming resumed: Conflict
[cg] Found already running cg job (Conflict) for simname = structure_iter00_000000000012
Batch job for cganalysis-structure_iter00_000000000014 exists, assuming resumed: Conflict
[cg] Found already running cg job (Conflict) for simname = structure_iter00_000000000014
[187.320 MB]:     > Iteration 431: updated jobs
[187.320 MB]:     > Iteration 431: testing all jobs
[187.320 MB]: Starting MainProcess iteration 432
[187.320 MB]:     > Iteration 432: added new patches
Batch job for cganalysis-structure_iter00_000000000000 exists, assuming resumed: Conflict
[cg] Found already running cg job (Conflict) for simname = structure_iter00_000000000000
Batch job for cganalysis-structure_iter00_000000000002 exists, assuming resumed: Conflict
[cg] Found already running cg job (Conflict) for simname = structure_iter00_000000000002
Batch job for cganalysis-structure_iter00_000000000004 exists, assuming resumed: Conflict
[cg] Found already running cg job (Conflict) for simname = structure_iter00_000000000004
Batch job for cganalysis-structure_iter00_000000000006 exists, assuming resumed: Conflict
[cg] Found already running cg job (Conflict) for simname = structure_iter00_000000000006
Batch job for cganalysis-structure_iter00_000000000008 exists, assuming resumed: Conflict
[cg] Found already running cg job (Conflict) for simname = structure_iter00_000000000008
Batch job for cganalysis-structure_iter00_000000000010 exists, assuming resumed: Conflict
[cg] Found already running cg job (Conflict) for simname = structure_iter00_000000000010
Batch job for cganalysis-structure_iter00_000000000012 exists, assuming resumed: Conflict
[cg] Found already running cg job (Conflict) for simname = structure_iter00_000000000012
Batch job for cganalysis-structure_iter00_000000000014 exists, assuming resumed: Conflict
[cg] Found already running cg job (Conflict) for simname = structure_iter00_000000000014
[187.320 MB]:     > Iteration 432: updated jobs
[187.320 MB]:     > Iteration 432: testing all jobs
[187.320 MB]: Starting MainProcess iteration 433
[187.320 MB]:     > Iteration 433: added new patches
Batch job for cganalysis-structure_iter00_000000000000 exists, assuming resumed: Conflict
[cg] Found already running cg job (Conflict) for simname = structure_iter00_000000000000
Batch job for cganalysis-structure_iter00_000000000002 exists, assuming resumed: Conflict
[cg] Found already running cg job (Conflict) for simname = structure_iter00_000000000002
Batch job for cganalysis-structure_iter00_000000000004 exists, assuming resumed: Conflict
[cg] Found already running cg job (Conflict) for simname = structure_iter00_000000000004
Batch job for cganalysis-structure_iter00_000000000006 exists, assuming resumed: Conflict
[cg] Found already running cg job (Conflict) for simname = structure_iter00_000000000006
Batch job for cganalysis-structure_iter00_000000000008 exists, assuming resumed: Conflict
[cg] Found already running cg job (Conflict) for simname = structure_iter00_000000000008
Batch job for cganalysis-structure_iter00_000000000010 exists, assuming resumed: Conflict
[cg] Found already running cg job (Conflict) for simname = structure_iter00_000000000010
Batch job for cganalysis-structure_iter00_000000000012 exists, assuming resumed: Conflict
[cg] Found already running cg job (Conflict) for simname = structure_iter00_000000000012
Pull policy for cganalysis-structure-iter00-000000000008 is IfNotPresent
Walltime is 2700.0
Backoff limit is 0
Pull policy for cganalysis-structure-iter00-000000000010 is IfNotPresent
Walltime is 2700.0
Backoff limit is 0
Pull policy for cganalysis-structure-iter00-000000000012 is IfNotPresent
Walltime is 2700.0
Backoff limit is 0
Pull policy for cganalysis-structure-iter00-000000000000 is IfNotPresent
Walltime is 2700.0
Backoff limit is 0
Pull policy for cganalysis-structure-iter00-000000000002 is IfNotPresent
Walltime is 2700.0
Backoff limit is 0
Pull policy for cganalysis-structure-iter00-000000000004 is IfNotPresent
Walltime is 2700.0
Backoff limit is 0
Pull policy for cganalysis-structure-iter00-000000000006 is IfNotPresent
Walltime is 2700.0
Backoff limit is 0
Pull policy for cganalysis-structure-iter00-000000000008 is IfNotPresent
Walltime is 2700.0
Backoff limit is 0
Pull policy for cganalysis-structure-iter00-000000000010 is IfNotPresent
Walltime is 2700.0
Backoff limit is 0
Pull policy for cganalysis-structure-iter00-000000000012 is IfNotPresent
Walltime is 2700.0
Backoff limit is 0
Pull policy for cganalysis-structure-iter00-000000000000 is IfNotPresent
Walltime is 2700.0
Backoff limit is 0
Pull policy for cganalysis-structure-iter00-000000000002 is IfNotPresent
Walltime is 2700.0
Backoff limit is 0
Pull policy for cganalysis-structure-iter00-000000000004 is IfNotPresent
Walltime is 2700.0
Backoff limit is 0
Pull policy for cganalysis-structure-iter00-000000000006 is IfNotPresent
Walltime is 2700.0
Backoff limit is 0
Pull policy for cganalysis-structure-iter00-000000000008 is IfNotPresent
Walltime is 2700.0
Backoff limit is 0
Pull policy for cganalysis-structure-iter00-000000000010 is IfNotPresent
Walltime is 2700.0
Backoff limit is 0
Pull policy for cganalysis-structure-iter00-000000000012 is IfNotPresent
Walltime is 2700.0
Backoff limit is 0
Pull policy for cganalysis-structure-iter00-000000000000 is IfNotPresent
Walltime is 2700.0
Backoff limit is 0
Pull policy for cganalysis-structure-iter00-000000000002 is IfNotPresent
Walltime is 2700.0
Backoff limit is 0
Pull policy for cganalysis-structure-iter00-000000000004 is IfNotPresent
Walltime is 2700.0
Backoff limit is 0
Pull policy for cganalysis-structure-iter00-000000000006 is IfNotPresent
Walltime is 2700.0
Backoff limit is 0
Pull policy for cganalysis-structure-iter00-000000000008 is IfNotPresent
Walltime is 2700.0
Backoff limit is 0
Pull policy for cganalysis-structure-iter00-000000000010 is IfNotPresent
Walltime is 2700.0
Backoff limit is 0
Pull policy for cganalysis-structure-iter00-000000000012 is IfNotPresent
Walltime is 2700.0
Backoff limit is 0
Pull policy for cganalysis-structure-iter00-000000000014 is IfNotPresent
Walltime is 2700.0
Backoff limit is 0
Pull policy for createsim-structure-iter00-000000000016 is IfNotPresent
Walltime is 2700.0
Backoff limit is 0
Pull policy for cganalysis-structure-iter00-000000000000 is IfNotPresent
Walltime is 2700.0
Backoff limit is 0
Pull policy for cganalysis-structure-iter00-000000000002 is IfNotPresent
Walltime is 2700.0
Backoff limit is 0
Pull policy for cganalysis-structure-iter00-000000000004 is IfNotPresent
Walltime is 2700.0
Backoff limit is 0
Pull policy for cganalysis-structure-iter00-000000000006 is IfNotPresent
Walltime is 2700.0
Backoff limit is 0
Pull policy for cganalysis-structure-iter00-000000000008 is IfNotPresent
Walltime is 2700.0
Backoff limit is 0
Pull policy for cganalysis-structure-iter00-000000000010 is IfNotPresent
Walltime is 2700.0
Backoff limit is 0
Pull policy for cganalysis-structure-iter00-000000000012 is IfNotPresent
Walltime is 2700.0
Backoff limit is 0
Pull policy for cganalysis-structure-iter00-000000000014 is IfNotPresent
Walltime is 2700.0
Backoff limit is 0
Pull policy for cganalysis-structure-iter00-000000000000 is IfNotPresent
Walltime is 2700.0
Backoff limit is 0
Pull policy for cganalysis-structure-iter00-000000000002 is IfNotPresent
Walltime is 2700.0
Backoff limit is 0
Pull policy for cganalysis-structure-iter00-000000000004 is IfNotPresent
Walltime is 2700.0
Backoff limit is 0
Pull policy for cganalysis-structure-iter00-000000000006 is IfNotPresent
Walltime is 2700.0
Backoff limit is 0
Pull policy for cganalysis-structure-iter00-000000000008 is IfNotPresent
Walltime is 2700.0
Backoff limit is 0
Pull policy for cganalysis-structure-iter00-000000000010 is IfNotPresent
Walltime is 2700.0
Backoff limit is 0
Pull policy for cganalysis-structure-iter00-000000000012 is IfNotPresent
Walltime is 2700.0
Backoff limit is 0
Pull policy for cganalysis-structure-iter00-000000000014 is IfNotPresent
Walltime is 2700.0
Backoff limit is 0
Pull policy for cganalysis-structure-iter00-000000000000 is IfNotPresent
Walltime is 2700.0
Backoff limit is 0
Pull policy for cganalysis-structure-iter00-000000000002 is IfNotPresent
Walltime is 2700.0
Backoff limit is 0
Pull policy for cganalysis-structure-iter00-000000000004 is IfNotPresent
Walltime is 2700.0
Backoff limit is 0
Pull policy for cganalysis-structure-iter00-000000000006 is IfNotPresent
Walltime is 2700.0
Backoff limit is 0
Pull policy for cganalysis-structure-iter00-000000000008 is IfNotPresent
Walltime is 2700.0
Backoff limit is 0
Pull policy for cganalysis-structure-iter00-000000000010 is IfNotPresent
Walltime is 2700.0
Backoff limit is 0
Pull policy for cganalysis-structure-iter00-000000000012 is IfNotPresent
Walltime is 2700.0
Backoff limit is 0
Pull policy for cganalysis-structure-iter00-000000000014 is IfNotPresent
Walltime is 2700.0
Backoff limit is 0
Pull policy for cganalysis-structure-iter00-000000000000 is IfNotPresent
Walltime is 2700.0
Backoff limit is 0
Pull policy for cganalysis-structure-iter00-000000000002 is IfNotPresent
Walltime is 2700.0
Backoff limit is 0
Pull policy for cganalysis-structure-iter00-000000000004 is IfNotPresent
Walltime is 2700.0
Backoff limit is 0
Pull policy for cganalysis-structure-iter00-000000000006 is IfNotPresent
Walltime is 2700.0
Backoff limit is 0
Pull policy for cganalysis-structure-iter00-000000000008 is IfNotPresent
Walltime is 2700.0
Backoff limit is 0
Pull policy for cganalysis-structure-iter00-000000000010 is IfNotPresent
Walltime is 2700.0
Backoff limit is 0
Pull policy for cganalysis-structure-iter00-000000000012 is IfNotPresent
Walltime is 2700.0
Backoff limit is 0
Pull policy for cganalysis-structure-iter00-000000000014 is IfNotPresent
Walltime is 2700.0
Backoff limit is 0
Pull policy for cganalysis-structure-iter00-000000000000 is IfNotPresent
Walltime is 2700.0
Backoff limit is 0
Pull policy for cganalysis-structure-iter00-000000000002 is IfNotPresent
Walltime is 2700.0
Backoff limit is 0
Pull policy for cganalysis-structure-iter00-000000000004 is IfNotPresent
Walltime is 2700.0
Backoff limit is 0
Pull policy for cganalysis-structure-iter00-000000000006 is IfNotPresent
Walltime is 2700.0
Backoff limit is 0
Pull policy for cganalysis-structure-iter00-000000000008 is IfNotPresent
Walltime is 2700.0
Backoff limit is 0
Pull policy for cganalysis-structure-iter00-000000000010 is IfNotPresent
Walltime is 2700.0
Backoff limit is 0
Pull policy for cganalysis-structure-iter00-000000000012 is IfNotPresent
Walltime is 2700.0
Backoff limit is 0
Pull policy for cganalysis-structure-iter00-000000000014 is IfNotPresent
Walltime is 2700.0
Backoff limit is 0
Pull policy for cganalysis-structure-iter00-000000000000 is IfNotPresent
Walltime is 2700.0
Backoff limit is 0
Pull policy for cganalysis-structure-iter00-000000000002 is IfNotPresent
Walltime is 2700.0
Backoff limit is 0
Pull policy for cganalysis-structure-iter00-000000000004 is IfNotPresent
Walltime is 2700.0
Backoff limit is 0
Pull policy for cganalysis-structure-iter00-000000000006 is IfNotPresent
Walltime is 2700.0
Backoff limit is 0
Pull policy for cganalysis-structure-iter00-000000000008 is IfNotPresent
Walltime is 2700.0
Backoff limit is 0
Pull policy for cganalysis-structure-iter00-000000000010 is IfNotPresent
Walltime is 2700.0
Backoff limit is 0
Pull policy for cganalysis-structure-iter00-000000000012 is IfNotPresent
Walltime is 2700.0
Backoff limit is 0
Pull policy for cganalysis-structure-iter00-000000000014 is IfNotPresent
Batch job for cganalysis-structure_iter00_000000000014 exists, assuming resumed: Conflict
[cg] Found already running cg job (Conflict) for simname = structure_iter00_000000000014
[187.320 MB]:     > Iteration 433: updated jobs
[187.320 MB]:     > Iteration 433: testing all jobs
[187.320 MB]: Starting MainProcess iteration 434
[187.320 MB]:     > Iteration 434: added new patches
Batch job for cganalysis-structure_iter00_000000000000 exists, assuming resumed: Conflict
[cg] Found already running cg job (Conflict) for simname = structure_iter00_000000000000
Batch job for cganalysis-structure_iter00_000000000002 exists, assuming resumed: Conflict
[cg] Found already running cg job (Conflict) for simname = structure_iter00_000000000002
Batch job for cganalysis-structure_iter00_000000000004 exists, assuming resumed: Conflict
[cg] Found already running cg job (Conflict) for simname = structure_iter00_000000000004
Batch job for cganalysis-structure_iter00_000000000006 exists, assuming resumed: Conflict
[cg] Found already running cg job (Conflict) for simname = structure_iter00_000000000006
Batch job for cganalysis-structure_iter00_000000000008 exists, assuming resumed: Conflict
[cg] Found already running cg job (Conflict) for simname = structure_iter00_000000000008
Batch job for cganalysis-structure_iter00_000000000010 exists, assuming resumed: Conflict
[cg] Found already running cg job (Conflict) for simname = structure_iter00_000000000010
Batch job for cganalysis-structure_iter00_000000000012 exists, assuming resumed: Conflict
[cg] Found already running cg job (Conflict) for simname = structure_iter00_000000000012
Batch job for cganalysis-structure_iter00_000000000014 exists, assuming resumed: Conflict
[cg] Found already running cg job (Conflict) for simname = structure_iter00_000000000014
[187.320 MB]:     > Iteration 434: updated jobs
[187.320 MB]:     > Iteration 434: testing all jobs
[187.320 MB]: Starting MainProcess iteration 435
[187.320 MB]:     > Iteration 435: added new patches
Batch job for cganalysis-structure_iter00_000000000000 exists, assuming resumed: Conflict
[cg] Found already running cg job (Conflict) for simname = structure_iter00_000000000000
Batch job for cganalysis-structure_iter00_000000000002 exists, assuming resumed: Conflict
[cg] Found already running cg job (Conflict) for simname = structure_iter00_000000000002
Batch job for cganalysis-structure_iter00_000000000004 exists, assuming resumed: Conflict
[cg] Found already running cg job (Conflict) for simname = structure_iter00_000000000004
Batch job for cganalysis-structure_iter00_000000000006 exists, assuming resumed: Conflict
[cg] Found already running cg job (Conflict) for simname = structure_iter00_000000000006
Batch job for cganalysis-structure_iter00_000000000008 exists, assuming resumed: Conflict
[cg] Found already running cg job (Conflict) for simname = structure_iter00_000000000008
Batch job for cganalysis-structure_iter00_000000000010 exists, assuming resumed: Conflict
[cg] Found already running cg job (Conflict) for simname = structure_iter00_000000000010
Batch job for cganalysis-structure_iter00_000000000012 exists, assuming resumed: Conflict
[cg] Found already running cg job (Conflict) for simname = structure_iter00_000000000012
Batch job for cganalysis-structure_iter00_000000000014 exists, assuming resumed: Conflict
[cg] Found already running cg job (Conflict) for simname = structure_iter00_000000000014
[187.320 MB]:     > Iteration 435: updated jobs
[187.320 MB]:     > Iteration 435: testing all jobs
[187.320 MB]: Starting MainProcess iteration 436
[187.320 MB]:     > Iteration 436: added new patches
Batch job for cganalysis-structure_iter00_000000000000 exists, assuming resumed: Conflict
[cg] Found already running cg job (Conflict) for simname = structure_iter00_000000000000
Batch job for cganalysis-structure_iter00_000000000002 exists, assuming resumed: Conflict
[cg] Found already running cg job (Conflict) for simname = structure_iter00_000000000002
Batch job for cganalysis-structure_iter00_000000000004 exists, assuming resumed: Conflict
[cg] Found already running cg job (Conflict) for simname = structure_iter00_000000000004
Batch job for cganalysis-structure_iter00_000000000006 exists, assuming resumed: Conflict
[cg] Found already running cg job (Conflict) for simname = structure_iter00_000000000006
Batch job for cganalysis-structure_iter00_000000000008 exists, assuming resumed: Conflict
[cg] Found already running cg job (Conflict) for simname = structure_iter00_000000000008
Batch job for cganalysis-structure_iter00_000000000010 exists, assuming resumed: Conflict
[cg] Found already running cg job (Conflict) for simname = structure_iter00_000000000010
Batch job for cganalysis-structure_iter00_000000000012 exists, assuming resumed: Conflict
[cg] Found already running cg job (Conflict) for simname = structure_iter00_000000000012
Batch job for cganalysis-structure_iter00_000000000014 exists, assuming resumed: Conflict
[cg] Found already running cg job (Conflict) for simname = structure_iter00_000000000014
[187.320 MB]:     > Iteration 436: updated jobs
[187.320 MB]:     > Iteration 436: testing all jobs
[187.320 MB]: Starting MainProcess iteration 437
[187.320 MB]:     > Iteration 437: added new patches
Batch job for cganalysis-structure_iter00_000000000000 exists, assuming resumed: Conflict
[cg] Found already running cg job (Conflict) for simname = structure_iter00_000000000000
Batch job for cganalysis-structure_iter00_000000000002 exists, assuming resumed: Conflict
[cg] Found already running cg job (Conflict) for simname = structure_iter00_000000000002
Batch job for cganalysis-structure_iter00_000000000004 exists, assuming resumed: Conflict
[cg] Found already running cg job (Conflict) for simname = structure_iter00_000000000004
Batch job for cganalysis-structure_iter00_000000000006 exists, assuming resumed: Conflict
[cg] Found already running cg job (Conflict) for simname = structure_iter00_000000000006
Batch job for cganalysis-structure_iter00_000000000008 exists, assuming resumed: Conflict
[cg] Found already running cg job (Conflict) for simname = structure_iter00_000000000008
Batch job for cganalysis-structure_iter00_000000000010 exists, assuming resumed: Conflict
[cg] Found already running cg job (Conflict) for simname = structure_iter00_000000000010
Batch job for cganalysis-structure_iter00_000000000012 exists, assuming resumed: Conflict
[cg] Found already running cg job (Conflict) for simname = structure_iter00_000000000012
Batch job for cganalysis-structure_iter00_000000000014 exists, assuming resumed: Conflict
[cg] Found already running cg job (Conflict) for simname = structure_iter00_000000000014
[187.320 MB]:     > Iteration 437: updated jobs
[187.320 MB]:     > Iteration 437: testing all jobs
Received (SIGNUM=2) for "workflow[pid=100]"frame "<frame at 0x7f2d11cc0fb0, file '/pixi-env/.pixi/envs/default/lib/python3.11/multiprocessing/synchronize.py', line 349, code wait>"
NoneType: None
Walltime is 2700.0
Backoff limit is 0
Pull policy for cganalysis-structure-iter00-000000000000 is IfNotPresent
Walltime is 2700.0
Backoff limit is 0
Pull policy for cganalysis-structure-iter00-000000000002 is IfNotPresent
Walltime is 2700.0
Backoff limit is 0
Pull policy for cganalysis-structure-iter00-000000000004 is IfNotPresent
Walltime is 2700.0
Backoff limit is 0
Pull policy for cganalysis-structure-iter00-000000000006 is IfNotPresent
Walltime is 2700.0
Backoff limit is 0
Pull policy for cganalysis-structure-iter00-000000000008 is IfNotPresent
Walltime is 2700.0
Backoff limit is 0
Pull policy for cganalysis-structure-iter00-000000000010 is IfNotPresent
Walltime is 2700.0
Backoff limit is 0
Pull policy for cganalysis-structure-iter00-000000000012 is IfNotPresent
Walltime is 2700.0
Backoff limit is 0
Pull policy for cganalysis-structure-iter00-000000000014 is IfNotPresent
Walltime is 2700.0
Backoff limit is 0
Pull policy for cganalysis-structure-iter00-000000000000 is IfNotPresent
Walltime is 2700.0
Backoff limit is 0
Pull policy for cganalysis-structure-iter00-000000000002 is IfNotPresent
Walltime is 2700.0
Backoff limit is 0
Pull policy for cganalysis-structure-iter00-000000000004 is IfNotPresent
Walltime is 2700.0
Backoff limit is 0
Pull policy for cganalysis-structure-iter00-000000000006 is IfNotPresent
Walltime is 2700.0
Backoff limit is 0
Pull policy for cganalysis-structure-iter00-000000000008 is IfNotPresent
Walltime is 2700.0
Backoff limit is 0
Pull policy for cganalysis-structure-iter00-000000000010 is IfNotPresent
Walltime is 2700.0
Backoff limit is 0
Pull policy for cganalysis-structure-iter00-000000000012 is IfNotPresent
Walltime is 2700.0
Backoff limit is 0
Pull policy for cganalysis-structure-iter00-000000000014 is IfNotPresent
Walltime is 2700.0
Backoff limit is 0
Pull policy for cganalysis-structure-iter00-000000000000 is IfNotPresent
Walltime is 2700.0
Backoff limit is 0
Pull policy for cganalysis-structure-iter00-000000000002 is IfNotPresent
Walltime is 2700.0
Backoff limit is 0
Pull policy for cganalysis-structure-iter00-000000000004 is IfNotPresent
Walltime is 2700.0
Backoff limit is 0
Pull policy for cganalysis-structure-iter00-000000000006 is IfNotPresent
Walltime is 2700.0
Backoff limit is 0
Pull policy for cganalysis-structure-iter00-000000000008 is IfNotPresent
Walltime is 2700.0
Backoff limit is 0
Pull policy for cganalysis-structure-iter00-000000000010 is IfNotPresent
Walltime is 2700.0
Backoff limit is 0
Pull policy for cganalysis-structure-iter00-000000000012 is IfNotPresent
Walltime is 2700.0
Backoff limit is 0
Pull policy for cganalysis-structure-iter00-000000000014 is IfNotPresent
Walltime is 2700.0
Backoff limit is 0
Pull policy for cganalysis-structure-iter00-000000000000 is IfNotPresent
Walltime is 2700.0
Backoff limit is 0
Pull policy for cganalysis-structure-iter00-000000000002 is IfNotPresent
Walltime is 2700.0
Backoff limit is 0
Pull policy for cganalysis-structure-iter00-000000000004 is IfNotPresent
Walltime is 2700.0
Backoff limit is 0
Pull policy for cganalysis-structure-iter00-000000000006 is IfNotPresent
Walltime is 2700.0
Backoff limit is 0
Pull policy for cganalysis-structure-iter00-000000000008 is IfNotPresent
Walltime is 2700.0
Backoff limit is 0
Pull policy for cganalysis-structure-iter00-000000000010 is IfNotPresent
Walltime is 2700.0
Backoff limit is 0
Pull policy for cganalysis-structure-iter00-000000000012 is IfNotPresent
Walltime is 2700.0
Backoff limit is 0
Pull policy for cganalysis-structure-iter00-000000000014 is IfNotPresent
Walltime is 2700.0
Backoff limit is 0
=== times
{"times": {}, "timestamps": {"wfmanager_setup_start": 1741562644.2740588, "wfmanager_setup_complete": 1741562644.3223224, "wfmanager_run_workflow_start": 1741562644.322525, "wfmanager_init_scheduling_start": 1741562644.3225713, "wfmanager_init_scheduling_complete": 1741562644.324138, "wfmanager_init_patch_creation_start": 1741562644.324142, "wfmanager_init_mlserver_start": 1741562644.3241448, "wfmanager_init_mlserver_complete": 1741562644.34403, "wfmanager_add_new_patches_mlserver_0_start": 1741562644.4257295, "wfmanager_add_new_patches_mlserver_0_complete": 1741562648.4402876, "wfmanager_add_new_patches_to_ml_0_start": 1741562648.440292, "wfmanager_add_new_patches_to_ml_0_complete": 1741562648.4403176, "wfmanager_add_cgframes_to_ml_0_start": 1741562648.440574, "wfmanager_add_cgframes_to_ml_0_complete": 1741562648.440598, "wfmanager_update_jobs_0_start": 1741562648.4406004, "wfmanager_update_jobs_0_complete": 1741562648.8335326, "wfmanager_add_new_patches_mlserver_1_start": 1741562659.4263155, "wfmanager_add_new_patches_mlserver_1_complete": 1741562659.5128992, "wfmanager_add_new_patches_to_ml_1_start": 1741562659.5129037, "wfmanager_add_new_patches_to_ml_1_complete": 1741562659.512927, "wfmanager_add_cgframes_to_ml_1_start": 1741562659.5132246, "wfmanager_add_cgframes_to_ml_1_complete": 1741562659.5132482, "wfmanager_update_jobs_1_start": 1741562659.5132506, "wfmanager_update_jobs_1_complete": 1741562659.8935921, "wfmanager_add_new_patches_mlserver_2_start": 1741562674.4269087, "wfmanager_add_new_patches_mlserver_2_complete": 1741562674.5307453, "wfmanager_add_new_patches_to_ml_2_start": 1741562674.530749, "wfmanager_add_new_patches_to_ml_2_complete": 1741562674.5307715, "wfmanager_add_cgframes_to_ml_2_start": 1741562674.5310185, "wfmanager_add_cgframes_to_ml_2_complete": 1741562674.5310407, "wfmanager_update_jobs_2_start": 1741562674.5310426, "wfmanager_update_jobs_2_complete": 1741562674.901964, "wfmanager_add_new_patches_mlserver_3_start": 1741562689.427449, "wfmanager_add_new_patches_mlserver_3_complete": 1741562689.5047235, "wfmanager_add_new_patches_to_ml_3_start": 1741562689.5047276, "wfmanager_add_new_patches_to_ml_3_complete": 1741562689.5047886, "wfmanager_add_cgframes_to_ml_3_start": 1741562689.5050056, "wfmanager_add_cgframes_to_ml_3_complete": 1741562689.5050364, "wfmanager_update_jobs_3_start": 1741562689.5050387, "wfmanager_update_jobs_3_complete": 1741562689.8224316, "wfmanager_add_new_patches_mlserver_4_start": 1741562704.4279976, "wfmanager_add_new_patches_mlserver_4_complete": 1741562704.5059354, "wfmanager_add_new_patches_to_ml_4_start": 1741562704.5059404, "wfmanager_add_new_patches_to_ml_4_complete": 1741562704.5059695, "wfmanager_add_cgframes_to_ml_4_start": 1741562704.5062358, "wfmanager_add_cgframes_to_ml_4_complete": 1741562704.506259, "wfmanager_update_jobs_4_start": 1741562704.5062606, "wfmanager_update_jobs_4_complete": 1741562704.8762026, "wfmanager_add_new_patches_mlserver_5_start": 1741562719.4285216, "wfmanager_add_new_patches_mlserver_5_complete": 1741562719.499091, "wfmanager_add_new_patches_to_ml_5_start": 1741562719.499095, "wfmanager_add_new_patches_to_ml_5_complete": 1741562719.499117, "wfmanager_add_cgframes_to_ml_5_start": 1741562719.499326, "wfmanager_add_cgframes_to_ml_5_complete": 1741562719.4993472, "wfmanager_update_jobs_5_start": 1741562719.4993489, "wfmanager_update_jobs_5_complete": 1741562719.8306787, "wfmanager_add_new_patches_mlserver_6_start": 1741562734.4291174, "wfmanager_add_new_patches_mlserver_6_complete": 1741562734.4972062, "wfmanager_add_new_patches_to_ml_6_start": 1741562734.4972103, "wfmanager_add_new_patches_to_ml_6_complete": 1741562734.4972317, "wfmanager_add_cgframes_to_ml_6_start": 1741562734.4974585, "wfmanager_add_cgframes_to_ml_6_complete": 1741562734.4974797, "wfmanager_update_jobs_6_start": 1741562734.4974825, "wfmanager_update_jobs_6_complete": 1741562734.8386486, "wfmanager_add_new_patches_mlserver_7_start": 1741562749.4296563, "wfmanager_add_new_patches_mlserver_7_complete": 1741562749.5021865, "wfmanager_add_new_patches_to_ml_7_start": 1741562749.5021968, "wfmanager_add_new_patches_to_ml_7_complete": 1741562749.5022216, "wfmanager_add_cgframes_to_ml_7_start": 1741562749.5024486, "wfmanager_add_cgframes_to_ml_7_complete": 1741562749.5024817, "wfmanager_update_jobs_7_start": 1741562749.502484, "wfmanager_update_jobs_7_complete": 1741562749.8134975, "wfmanager_add_new_patches_mlserver_8_start": 1741562764.4302013, "wfmanager_add_new_patches_mlserver_8_complete": 1741562764.5641475, "wfmanager_add_new_patches_to_ml_8_start": 1741562764.5641515, "wfmanager_add_new_patches_to_ml_8_complete": 1741562764.5641716, "wfmanager_add_cgframes_to_ml_8_start": 1741562764.564394, "wfmanager_add_cgframes_to_ml_8_complete": 1741562764.5644147, "wfmanager_update_jobs_8_start": 1741562764.5644164, "wfmanager_update_jobs_8_complete": 1741562764.9106588, "wfmanager_add_new_patches_mlserver_9_start": 1741562779.4307425, "wfmanager_add_new_patches_mlserver_9_complete": 1741562779.5340781, "wfmanager_add_new_patches_to_ml_9_start": 1741562779.534082, "wfmanager_add_new_patches_to_ml_9_complete": 1741562779.5341032, "wfmanager_add_cgframes_to_ml_9_start": 1741562779.5344238, "wfmanager_add_cgframes_to_ml_9_complete": 1741562779.5344458, "wfmanager_update_jobs_9_start": 1741562779.5344546, "wfmanager_update_jobs_9_complete": 1741562779.9370947, "wfmanager_add_new_patches_mlserver_10_start": 1741562794.431313, "wfmanager_add_new_patches_mlserver_10_complete": 1741562794.5184667, "wfmanager_add_new_patches_to_ml_10_start": 1741562794.5184708, "wfmanager_add_new_patches_to_ml_10_complete": 1741562794.518491, "wfmanager_add_cgframes_to_ml_10_start": 1741562794.5187356, "wfmanager_add_cgframes_to_ml_10_complete": 1741562794.5187562, "wfmanager_update_jobs_10_start": 1741562794.518758, "wfmanager_update_jobs_10_complete": 1741562794.9150295, "wfmanager_add_new_patches_mlserver_11_start": 1741562809.4318345, "wfmanager_add_new_patches_mlserver_11_complete": 1741562809.5019207, "wfmanager_add_new_patches_to_ml_11_start": 1741562809.5019245, "wfmanager_add_new_patches_to_ml_11_complete": 1741562809.501945, "wfmanager_add_cgframes_to_ml_11_start": 1741562809.5021644, "wfmanager_add_cgframes_to_ml_11_complete": 1741562809.5021868, "wfmanager_update_jobs_11_start": 1741562809.502187, "wfmanager_update_jobs_11_complete": 1741562809.8372512, "wfmanager_add_new_patches_mlserver_12_start": 1741562824.4323623, "wfmanager_add_new_patches_mlserver_12_complete": 1741562824.5352907, "wfmanager_add_new_patches_to_ml_12_start": 1741562824.535294, "wfmanager_add_new_patches_to_ml_12_complete": 1741562824.535314, "wfmanager_add_cgframes_to_ml_12_start": 1741562824.535533, "wfmanager_add_cgframes_to_ml_12_complete": 1741562824.5355616, "wfmanager_update_jobs_12_start": 1741562824.535564, "wfmanager_update_jobs_12_complete": 1741562824.864222, "wfmanager_add_new_patches_mlserver_13_start": 1741562839.4329405, "wfmanager_add_new_patches_mlserver_13_complete": 1741562839.505742, "wfmanager_add_new_patches_to_ml_13_start": 1741562839.5057454, "wfmanager_add_new_patches_to_ml_13_complete": 1741562839.5057657, "wfmanager_add_cgframes_to_ml_13_start": 1741562839.5060654, "wfmanager_add_cgframes_to_ml_13_complete": 1741562839.5060866, "wfmanager_update_jobs_13_start": 1741562839.5060885, "wfmanager_update_jobs_13_complete": 1741562839.8386695, "wfmanager_add_new_patches_mlserver_14_start": 1741562854.433481, "wfmanager_add_new_patches_mlserver_14_complete": 1741562854.512154, "wfmanager_add_new_patches_to_ml_14_start": 1741562854.5121577, "wfmanager_add_new_patches_to_ml_14_complete": 1741562854.5121787, "wfmanager_add_cgframes_to_ml_14_start": 1741562854.5124002, "wfmanager_add_cgframes_to_ml_14_complete": 1741562854.5124211, "wfmanager_update_jobs_14_start": 1741562854.5124242, "wfmanager_update_jobs_14_complete": 1741562854.8583863, "wfmanager_add_new_patches_mlserver_15_start": 1741562869.4340577, "wfmanager_add_new_patches_mlserver_15_complete": 1741562869.5005715, "wfmanager_add_new_patches_to_ml_15_start": 1741562869.5005744, "wfmanager_add_new_patches_to_ml_15_complete": 1741562869.500595, "wfmanager_add_cgframes_to_ml_15_start": 1741562869.5008183, "wfmanager_add_cgframes_to_ml_15_complete": 1741562869.5008407, "wfmanager_update_jobs_15_start": 1741562869.500843, "wfmanager_update_jobs_15_complete": 1741562869.8463552, "wfmanager_add_new_patches_mlserver_16_start": 1741562884.434616, "wfmanager_add_new_patches_mlserver_16_complete": 1741562884.5218358, "wfmanager_add_new_patches_to_ml_16_start": 1741562884.5218396, "wfmanager_add_new_patches_to_ml_16_complete": 1741562884.5218608, "wfmanager_add_cgframes_to_ml_16_start": 1741562884.522098, "wfmanager_add_cgframes_to_ml_16_complete": 1741562884.5221205, "wfmanager_update_jobs_16_start": 1741562884.5221224, "wfmanager_update_jobs_16_complete": 1741562884.9701302, "wfmanager_add_new_patches_mlserver_17_start": 1741562899.4351487, "wfmanager_add_new_patches_mlserver_17_complete": 1741562899.5081275, "wfmanager_add_new_patches_to_ml_17_start": 1741562899.508131, "wfmanager_add_new_patches_to_ml_17_complete": 1741562899.5081506, "wfmanager_add_cgframes_to_ml_17_start": 1741562899.5084345, "wfmanager_add_cgframes_to_ml_17_complete": 1741562899.5084562, "wfmanager_update_jobs_17_start": 1741562899.5084581, "wfmanager_update_jobs_17_complete": 1741562899.8492231, "wfmanager_add_new_patches_mlserver_18_start": 1741562914.4356883, "wfmanager_add_new_patches_mlserver_18_complete": 1741562914.510903, "wfmanager_add_new_patches_to_ml_18_start": 1741562914.5109062, "wfmanager_add_new_patches_to_ml_18_complete": 1741562914.5109277, "wfmanager_add_cgframes_to_ml_18_start": 1741562914.5111318, "wfmanager_add_cgframes_to_ml_18_complete": 1741562914.511152, "wfmanager_update_jobs_18_start": 1741562914.511154, "wfmanager_update_jobs_18_complete": 1741562914.8222873, "wfmanager_add_new_patches_mlserver_19_start": 1741562929.4362442, "wfmanager_add_new_patches_mlserver_19_complete": 1741562929.5035107, "wfmanager_add_new_patches_to_ml_19_start": 1741562929.503514, "wfmanager_add_new_patches_to_ml_19_complete": 1741562929.503533, "wfmanager_add_cgframes_to_ml_19_start": 1741562929.503761, "wfmanager_add_cgframes_to_ml_19_complete": 1741562929.503794, "wfmanager_update_jobs_19_start": 1741562929.503797, "wfmanager_update_jobs_19_complete": 1741562929.8362978, "wfmanager_add_new_patches_mlserver_20_start": 1741562944.436831, "wfmanager_add_new_patches_mlserver_20_complete": 1741562944.558566, "wfmanager_add_new_patches_to_ml_20_start": 1741562944.55857, "wfmanager_add_new_patches_to_ml_20_complete": 1741562944.5586033, "wfmanager_add_cgframes_to_ml_20_start": 1741562944.5588143, "wfmanager_add_cgframes_to_ml_20_complete": 1741562944.558835, "wfmanager_update_jobs_20_start": 1741562944.5588365, "wfmanager_update_jobs_20_complete": 1741562944.927601, "wfmanager_add_new_patches_mlserver_21_start": 1741562959.4373705, "wfmanager_add_new_patches_mlserver_21_complete": 1741562959.5271568, "wfmanager_add_new_patches_to_ml_21_start": 1741562959.5271597, "wfmanager_add_new_patches_to_ml_21_complete": 1741562959.52718, "wfmanager_add_cgframes_to_ml_21_start": 1741562959.5274312, "wfmanager_add_cgframes_to_ml_21_complete": 1741562959.527467, "wfmanager_update_jobs_21_start": 1741562959.5274694, "wfmanager_update_jobs_21_complete": 1741562959.8582692, "wfmanager_add_new_patches_mlserver_22_start": 1741562974.4379513, "wfmanager_add_new_patches_mlserver_22_complete": 1741562974.5256212, "wfmanager_add_new_patches_to_ml_22_start": 1741562974.5256248, "wfmanager_add_new_patches_to_ml_22_complete": 1741562974.5256464, "wfmanager_add_cgframes_to_ml_22_start": 1741562974.5258954, "wfmanager_add_cgframes_to_ml_22_complete": 1741562974.5259168, "wfmanager_update_jobs_22_start": 1741562974.5259187, "wfmanager_update_jobs_22_complete": 1741562974.9541175, "wfmanager_add_new_patches_mlserver_23_start": 1741562989.4385095, "wfmanager_add_new_patches_mlserver_23_complete": 1741562989.5143087, "wfmanager_add_new_patches_to_ml_23_start": 1741562989.5143733, "wfmanager_add_new_patches_to_ml_23_complete": 1741562989.5144014, "wfmanager_add_cgframes_to_ml_23_start": 1741562989.5146337, "wfmanager_add_cgframes_to_ml_23_complete": 1741562989.5146546, "wfmanager_update_jobs_23_start": 1741562989.5146568, "wfmanager_update_jobs_23_complete": 1741562989.8670237, "wfmanager_add_new_patches_mlserver_24_start": 1741563004.439116, "wfmanager_add_new_patches_mlserver_24_complete": 1741563004.528403, "wfmanager_add_new_patches_to_ml_24_start": 1741563004.528406, "wfmanager_add_new_patches_to_ml_24_complete": 1741563004.5284266, "wfmanager_add_cgframes_to_ml_24_start": 1741563004.5286794, "wfmanager_add_cgframes_to_ml_24_complete": 1741563004.5287004, "wfmanager_update_jobs_24_start": 1741563004.5287023, "wfmanager_update_jobs_24_complete": 1741563004.937616, "wfmanager_add_new_patches_mlserver_25_start": 1741563019.4396818, "wfmanager_add_new_patches_mlserver_25_complete": 1741563019.5164578, "wfmanager_add_new_patches_to_ml_25_start": 1741563019.5164616, "wfmanager_add_new_patches_to_ml_25_complete": 1741563019.5164816, "wfmanager_add_cgframes_to_ml_25_start": 1741563019.5167248, "wfmanager_add_cgframes_to_ml_25_complete": 1741563019.516787, "wfmanager_update_jobs_25_start": 1741563019.5167887, "wfmanager_update_jobs_25_complete": 1741563019.8624713, "wfmanager_add_new_patches_mlserver_26_start": 1741563034.440273, "wfmanager_add_new_patches_mlserver_26_complete": 1741563034.517273, "wfmanager_add_new_patches_to_ml_26_start": 1741563034.5172765, "wfmanager_add_new_patches_to_ml_26_complete": 1741563034.5172968, "wfmanager_add_cgframes_to_ml_26_start": 1741563034.517528, "wfmanager_add_cgframes_to_ml_26_complete": 1741563034.517548, "wfmanager_update_jobs_26_start": 1741563034.5175498, "wfmanager_update_jobs_26_complete": 1741563034.8528821, "wfmanager_add_new_patches_mlserver_27_start": 1741563049.440908, "wfmanager_add_new_patches_mlserver_27_complete": 1741563049.5153928, "wfmanager_add_new_patches_to_ml_27_start": 1741563049.5153964, "wfmanager_add_new_patches_to_ml_27_complete": 1741563049.515416, "wfmanager_add_cgframes_to_ml_27_start": 1741563049.5156448, "wfmanager_add_cgframes_to_ml_27_complete": 1741563049.5156653, "wfmanager_update_jobs_27_start": 1741563049.5156672, "wfmanager_update_jobs_27_complete": 1741563049.847068, "wfmanager_add_new_patches_mlserver_28_start": 1741563064.4414816, "wfmanager_add_new_patches_mlserver_28_complete": 1741563064.5200114, "wfmanager_add_new_patches_to_ml_28_start": 1741563064.5200155, "wfmanager_add_new_patches_to_ml_28_complete": 1741563064.520037, "wfmanager_add_cgframes_to_ml_28_start": 1741563064.5202632, "wfmanager_add_cgframes_to_ml_28_complete": 1741563064.520294, "wfmanager_update_jobs_28_start": 1741563064.5202959, "wfmanager_update_jobs_28_complete": 1741563064.899878, "wfmanager_add_new_patches_mlserver_29_start": 1741563079.4420495, "wfmanager_add_new_patches_mlserver_29_complete": 1741563079.5129623, "wfmanager_add_new_patches_to_ml_29_start": 1741563079.5129657, "wfmanager_add_new_patches_to_ml_29_complete": 1741563079.512986, "wfmanager_add_cgframes_to_ml_29_start": 1741563079.5132136, "wfmanager_add_cgframes_to_ml_29_complete": 1741563079.5132327, "wfmanager_update_jobs_29_start": 1741563079.5132327, "wfmanager_update_jobs_29_complete": 1741563079.8520272, "wfmanager_add_new_patches_mlserver_30_start": 1741563094.4426084, "wfmanager_add_new_patches_mlserver_30_complete": 1741563094.5178466, "wfmanager_add_new_patches_to_ml_30_start": 1741563094.5178504, "wfmanager_add_new_patches_to_ml_30_complete": 1741563094.5178728, "wfmanager_add_cgframes_to_ml_30_start": 1741563094.5180984, "wfmanager_add_cgframes_to_ml_30_complete": 1741563094.51812, "wfmanager_update_jobs_30_start": 1741563094.5181217, "wfmanager_update_jobs_30_complete": 1741563094.9009974, "wfmanager_add_new_patches_mlserver_31_start": 1741563109.4431753, "wfmanager_add_new_patches_mlserver_31_complete": 1741563109.5203066, "wfmanager_add_new_patches_to_ml_31_start": 1741563109.5203102, "wfmanager_add_new_patches_to_ml_31_complete": 1741563109.520331, "wfmanager_add_cgframes_to_ml_31_start": 1741563109.5205536, "wfmanager_add_cgframes_to_ml_31_complete": 1741563109.520575, "wfmanager_update_jobs_31_start": 1741563109.5205767, "wfmanager_update_jobs_31_complete": 1741563109.8454046, "wfmanager_add_new_patches_mlserver_32_start": 1741563124.443734, "wfmanager_add_new_patches_mlserver_32_complete": 1741563124.5167196, "wfmanager_add_new_patches_to_ml_32_start": 1741563124.5167236, "wfmanager_add_new_patches_to_ml_32_complete": 1741563124.51679, "wfmanager_add_cgframes_to_ml_32_start": 1741563124.5170188, "wfmanager_add_cgframes_to_ml_32_complete": 1741563124.5170395, "wfmanager_update_jobs_32_start": 1741563124.5170417, "wfmanager_update_jobs_32_complete": 1741563124.9258206, "wfmanager_add_new_patches_mlserver_33_start": 1741563139.4442751, "wfmanager_add_new_patches_mlserver_33_complete": 1741563139.521479, "wfmanager_add_new_patches_to_ml_33_start": 1741563139.5214827, "wfmanager_add_new_patches_to_ml_33_complete": 1741563139.5215025, "wfmanager_add_cgframes_to_ml_33_start": 1741563139.521724, "wfmanager_add_cgframes_to_ml_33_complete": 1741563139.5217447, "wfmanager_update_jobs_33_start": 1741563139.5217464, "wfmanager_update_jobs_33_complete": 1741563139.8807073, "wfmanager_add_new_patches_mlserver_34_start": 1741563154.4448898, "wfmanager_add_new_patches_mlserver_34_complete": 1741563154.5166054, "wfmanager_add_new_patches_to_ml_34_start": 1741563154.5166092, "wfmanager_add_new_patches_to_ml_34_complete": 1741563154.5166326, "wfmanager_add_cgframes_to_ml_34_start": 1741563154.5168898, "wfmanager_add_cgframes_to_ml_34_complete": 1741563154.5169106, "wfmanager_update_jobs_34_start": 1741563154.516913, "wfmanager_update_jobs_34_complete": 1741563154.8849676, "wfmanager_add_new_patches_mlserver_35_start": 1741563169.4455004, "wfmanager_add_new_patches_mlserver_35_complete": 1741563169.528776, "wfmanager_add_new_patches_to_ml_35_start": 1741563169.5287802, "wfmanager_add_new_patches_to_ml_35_complete": 1741563169.5288033, "wfmanager_add_cgframes_to_ml_35_start": 1741563169.529049, "wfmanager_add_cgframes_to_ml_35_complete": 1741563169.5290709, "wfmanager_update_jobs_35_start": 1741563169.5290744, "wfmanager_update_jobs_35_complete": 1741563169.9521742, "wfmanager_add_new_patches_mlserver_36_start": 1741563184.446083, "wfmanager_add_new_patches_mlserver_36_complete": 1741563184.5339901, "wfmanager_add_new_patches_to_ml_36_start": 1741563184.5339942, "wfmanager_add_new_patches_to_ml_36_complete": 1741563184.534016, "wfmanager_add_cgframes_to_ml_36_start": 1741563184.534275, "wfmanager_add_cgframes_to_ml_36_complete": 1741563184.5342963, "wfmanager_update_jobs_36_start": 1741563184.5342994, "wfmanager_update_jobs_36_complete": 1741563184.9090524, "wfmanager_add_new_patches_mlserver_37_start": 1741563199.4466953, "wfmanager_add_new_patches_mlserver_37_complete": 1741563199.5409446, "wfmanager_add_new_patches_to_ml_37_start": 1741563199.540949, "wfmanager_add_new_patches_to_ml_37_complete": 1741563199.5409694, "wfmanager_add_cgframes_to_ml_37_start": 1741563199.5412407, "wfmanager_add_cgframes_to_ml_37_complete": 1741563199.5412643, "wfmanager_update_jobs_37_start": 1741563199.5412667, "wfmanager_update_jobs_37_complete": 1741563199.8783388, "wfmanager_add_new_patches_mlserver_38_start": 1741563214.4472635, "wfmanager_add_new_patches_mlserver_38_complete": 1741563214.5332289, "wfmanager_add_new_patches_to_ml_38_start": 1741563214.5332341, "wfmanager_add_new_patches_to_ml_38_complete": 1741563214.533259, "wfmanager_add_cgframes_to_ml_38_start": 1741563214.5335073, "wfmanager_add_cgframes_to_ml_38_complete": 1741563214.533529, "wfmanager_update_jobs_38_start": 1741563214.533531, "wfmanager_update_jobs_38_complete": 1741563214.8989995, "wfmanager_add_new_patches_mlserver_39_start": 1741563229.4478464, "wfmanager_add_new_patches_mlserver_39_complete": 1741563229.5253427, "wfmanager_add_new_patches_to_ml_39_start": 1741563229.5253463, "wfmanager_add_new_patches_to_ml_39_complete": 1741563229.5253668, "wfmanager_add_cgframes_to_ml_39_start": 1741563229.5255888, "wfmanager_add_cgframes_to_ml_39_complete": 1741563229.5256093, "wfmanager_update_jobs_39_start": 1741563229.5256116, "wfmanager_update_jobs_39_complete": 1741563229.850979, "wfmanager_add_new_patches_mlserver_40_start": 1741563244.4484189, "wfmanager_add_new_patches_mlserver_40_complete": 1741563244.5175536, "wfmanager_add_new_patches_to_ml_40_start": 1741563244.5175579, "wfmanager_add_new_patches_to_ml_40_complete": 1741563244.5175774, "wfmanager_add_cgframes_to_ml_40_start": 1741563244.5178003, "wfmanager_add_cgframes_to_ml_40_complete": 1741563244.5178216, "wfmanager_update_jobs_40_start": 1741563244.5178235, "wfmanager_update_jobs_40_complete": 1741563244.8393192, "wfmanager_add_new_patches_mlserver_41_start": 1741563259.449009, "wfmanager_add_new_patches_mlserver_41_complete": 1741563259.5221846, "wfmanager_add_new_patches_to_ml_41_start": 1741563259.522188, "wfmanager_add_new_patches_to_ml_41_complete": 1741563259.5222082, "wfmanager_add_cgframes_to_ml_41_start": 1741563259.5224383, "wfmanager_add_cgframes_to_ml_41_complete": 1741563259.5224676, "wfmanager_update_jobs_41_start": 1741563259.5224857, "wfmanager_update_jobs_41_complete": 1741563259.886079, "wfmanager_add_new_patches_mlserver_42_start": 1741563274.4495802, "wfmanager_add_new_patches_mlserver_42_complete": 1741563274.52868, "wfmanager_add_new_patches_to_ml_42_start": 1741563274.5286837, "wfmanager_add_new_patches_to_ml_42_complete": 1741563274.528705, "wfmanager_add_cgframes_to_ml_42_start": 1741563274.5289626, "wfmanager_add_cgframes_to_ml_42_complete": 1741563274.5289826, "wfmanager_update_jobs_42_start": 1741563274.5289848, "wfmanager_update_jobs_42_complete": 1741563274.86544, "wfmanager_add_new_patches_mlserver_43_start": 1741563289.4501407, "wfmanager_add_new_patches_mlserver_43_complete": 1741563289.5343716, "wfmanager_add_new_patches_to_ml_43_start": 1741563289.5343752, "wfmanager_add_new_patches_to_ml_43_complete": 1741563289.534395, "wfmanager_add_cgframes_to_ml_43_start": 1741563289.5346267, "wfmanager_add_cgframes_to_ml_43_complete": 1741563289.5346477, "wfmanager_update_jobs_43_start": 1741563289.5346496, "wfmanager_update_jobs_43_complete": 1741563289.8755853, "wfmanager_add_new_patches_mlserver_44_start": 1741563304.450733, "wfmanager_add_new_patches_mlserver_44_complete": 1741563304.5267146, "wfmanager_add_new_patches_to_ml_44_start": 1741563304.5267184, "wfmanager_add_new_patches_to_ml_44_complete": 1741563304.526739, "wfmanager_add_cgframes_to_ml_44_start": 1741563304.5269833, "wfmanager_add_cgframes_to_ml_44_complete": 1741563304.5270042, "wfmanager_update_jobs_44_start": 1741563304.527006, "wfmanager_update_jobs_44_complete": 1741563304.8829095, "wfmanager_add_new_patches_mlserver_45_start": 1741563319.4512882, "wfmanager_add_new_patches_mlserver_45_complete": 1741563319.5252073, "wfmanager_add_new_patches_to_ml_45_start": 1741563319.525211, "wfmanager_add_new_patches_to_ml_45_complete": 1741563319.525231, "wfmanager_add_cgframes_to_ml_45_start": 1741563319.5254557, "wfmanager_add_cgframes_to_ml_45_complete": 1741563319.5254755, "wfmanager_update_jobs_45_start": 1741563319.5254772, "wfmanager_update_jobs_45_complete": 1741563319.8588772, "wfmanager_add_new_patches_mlserver_46_start": 1741563334.4518323, "wfmanager_add_new_patches_mlserver_46_complete": 1741563334.5208328, "wfmanager_add_new_patches_to_ml_46_start": 1741563334.520836, "wfmanager_add_new_patches_to_ml_46_complete": 1741563334.5208564, "wfmanager_add_cgframes_to_ml_46_start": 1741563334.521065, "wfmanager_add_cgframes_to_ml_46_complete": 1741563334.5210848, "wfmanager_update_jobs_46_start": 1741563334.5210874, "wfmanager_update_jobs_46_complete": 1741563334.8350456, "wfmanager_add_new_patches_mlserver_47_start": 1741563349.45245, "wfmanager_add_new_patches_mlserver_47_complete": 1741563349.532162, "wfmanager_add_new_patches_to_ml_47_start": 1741563349.5321653, "wfmanager_add_new_patches_to_ml_47_complete": 1741563349.532185, "wfmanager_add_cgframes_to_ml_47_start": 1741563349.5324337, "wfmanager_add_cgframes_to_ml_47_complete": 1741563349.5324545, "wfmanager_update_jobs_47_start": 1741563349.532456, "wfmanager_update_jobs_47_complete": 1741563349.8848126, "wfmanager_add_new_patches_mlserver_48_start": 1741563364.4530249, "wfmanager_add_new_patches_mlserver_48_complete": 1741563364.5265806, "wfmanager_add_new_patches_to_ml_48_start": 1741563364.5265846, "wfmanager_add_new_patches_to_ml_48_complete": 1741563364.526606, "wfmanager_add_cgframes_to_ml_48_start": 1741563364.5268292, "wfmanager_add_cgframes_to_ml_48_complete": 1741563364.5268497, "wfmanager_update_jobs_48_start": 1741563364.5268517, "wfmanager_update_jobs_48_complete": 1741563364.8727827, "wfmanager_add_new_patches_mlserver_49_start": 1741563379.4535794, "wfmanager_add_new_patches_mlserver_49_complete": 1741563379.5311189, "wfmanager_add_new_patches_to_ml_49_start": 1741563379.5311248, "wfmanager_add_new_patches_to_ml_49_complete": 1741563379.5311608, "wfmanager_add_cgframes_to_ml_49_start": 1741563379.5314267, "wfmanager_add_cgframes_to_ml_49_complete": 1741563379.5314484, "wfmanager_update_jobs_49_start": 1741563379.53145, "wfmanager_update_jobs_49_complete": 1741563379.856996, "wfmanager_add_new_patches_mlserver_50_start": 1741563394.454133, "wfmanager_add_new_patches_mlserver_50_complete": 1741563394.5605855, "wfmanager_add_new_patches_to_ml_50_start": 1741563394.5605893, "wfmanager_add_new_patches_to_ml_50_complete": 1741563394.5606036, "wfmanager_add_cgframes_to_ml_50_start": 1741563394.5608892, "wfmanager_add_cgframes_to_ml_50_complete": 1741563394.5609121, "wfmanager_update_jobs_50_start": 1741563394.560913, "wfmanager_update_jobs_50_complete": 1741563395.0385644, "wfmanager_add_new_patches_mlserver_51_start": 1741563409.4547455, "wfmanager_add_new_patches_mlserver_51_complete": 1741563413.1402829, "wfmanager_add_new_patches_to_ml_51_start": 1741563413.140288, "wfmanager_add_new_patches_to_ml_51_complete": 1741563413.1403127, "wfmanager_add_cgframes_to_ml_51_start": 1741563413.1405954, "wfmanager_add_cgframes_to_ml_51_complete": 1741563413.1406183, "wfmanager_update_jobs_51_start": 1741563413.1406198, "wfmanager_update_jobs_51_complete": 1741563413.7321846, "wfmanager_add_new_patches_mlserver_52_start": 1741563424.4554143, "wfmanager_add_new_patches_mlserver_52_complete": 1741563424.5815191, "wfmanager_add_new_patches_to_ml_52_start": 1741563424.5815232, "wfmanager_add_new_patches_to_ml_52_complete": 1741563424.5815444, "wfmanager_add_cgframes_to_ml_52_start": 1741563424.5818205, "wfmanager_add_cgframes_to_ml_52_complete": 1741563424.5818422, "wfmanager_update_jobs_52_start": 1741563424.5818446, "wfmanager_update_jobs_52_complete": 1741563425.1763673, "wfmanager_add_new_patches_mlserver_53_start": 1741563439.4559808, "wfmanager_add_new_patches_mlserver_53_complete": 1741563439.5549285, "wfmanager_add_new_patches_to_ml_53_start": 1741563439.5549326, "wfmanager_add_new_patches_to_ml_53_complete": 1741563439.5549514, "wfmanager_add_cgframes_to_ml_53_start": 1741563439.5551965, "wfmanager_add_cgframes_to_ml_53_complete": 1741563439.555227, "wfmanager_update_jobs_53_start": 1741563439.5552294, "wfmanager_update_jobs_53_complete": 1741563440.198726, "wfmanager_add_new_patches_mlserver_54_start": 1741563454.4565697, "wfmanager_add_new_patches_mlserver_54_complete": 1741563454.5571322, "wfmanager_add_new_patches_to_ml_54_start": 1741563454.5571373, "wfmanager_add_new_patches_to_ml_54_complete": 1741563454.5571723, "wfmanager_add_cgframes_to_ml_54_start": 1741563454.5574505, "wfmanager_add_cgframes_to_ml_54_complete": 1741563454.5574727, "wfmanager_update_jobs_54_start": 1741563454.5574749, "wfmanager_update_jobs_54_complete": 1741563455.1660755, "wfmanager_add_new_patches_mlserver_55_start": 1741563469.4571874, "wfmanager_add_new_patches_mlserver_55_complete": 1741563469.5604305, "wfmanager_add_new_patches_to_ml_55_start": 1741563469.5604346, "wfmanager_add_new_patches_to_ml_55_complete": 1741563469.560455, "wfmanager_add_cgframes_to_ml_55_start": 1741563469.5606892, "wfmanager_add_cgframes_to_ml_55_complete": 1741563469.5607104, "wfmanager_update_jobs_55_start": 1741563469.5607119, "wfmanager_update_jobs_55_complete": 1741563470.17975, "wfmanager_add_new_patches_mlserver_56_start": 1741563484.457793, "wfmanager_add_new_patches_mlserver_56_complete": 1741563484.57105, "wfmanager_add_new_patches_to_ml_56_start": 1741563484.5710537, "wfmanager_add_new_patches_to_ml_56_complete": 1741563484.5710757, "wfmanager_add_cgframes_to_ml_56_start": 1741563484.5714111, "wfmanager_add_cgframes_to_ml_56_complete": 1741563484.5714438, "wfmanager_update_jobs_56_start": 1741563484.5714462, "wfmanager_update_jobs_56_complete": 1741563485.21888, "wfmanager_add_new_patches_mlserver_57_start": 1741563499.4583313, "wfmanager_add_new_patches_mlserver_57_complete": 1741563499.5555801, "wfmanager_add_new_patches_to_ml_57_start": 1741563499.5555842, "wfmanager_add_new_patches_to_ml_57_complete": 1741563499.5556045, "wfmanager_add_cgframes_to_ml_57_start": 1741563499.5558648, "wfmanager_add_cgframes_to_ml_57_complete": 1741563499.5558856, "wfmanager_update_jobs_57_start": 1741563499.5558875, "wfmanager_update_jobs_57_complete": 1741563500.2066066, "wfmanager_add_new_patches_mlserver_58_start": 1741563514.458946, "wfmanager_add_new_patches_mlserver_58_complete": 1741563514.5685368, "wfmanager_add_new_patches_to_ml_58_start": 1741563514.5685406, "wfmanager_add_new_patches_to_ml_58_complete": 1741563514.5685625, "wfmanager_add_cgframes_to_ml_58_start": 1741563514.5688634, "wfmanager_add_cgframes_to_ml_58_complete": 1741563514.568884, "wfmanager_update_jobs_58_start": 1741563514.568886, "wfmanager_update_jobs_58_complete": 1741563515.1788335, "wfmanager_add_new_patches_mlserver_59_start": 1741563529.4595177, "wfmanager_add_new_patches_mlserver_59_complete": 1741563529.5518348, "wfmanager_add_new_patches_to_ml_59_start": 1741563529.5518386, "wfmanager_add_new_patches_to_ml_59_complete": 1741563529.5518587, "wfmanager_add_cgframes_to_ml_59_start": 1741563529.5520852, "wfmanager_add_cgframes_to_ml_59_complete": 1741563529.5521054, "wfmanager_update_jobs_59_start": 1741563529.5521073, "wfmanager_update_jobs_59_complete": 1741563530.1337028, "wfmanager_add_new_patches_mlserver_60_start": 1741563544.4600918, "wfmanager_add_new_patches_mlserver_60_complete": 1741563544.563423, "wfmanager_add_new_patches_to_ml_60_start": 1741563544.563427, "wfmanager_add_new_patches_to_ml_60_complete": 1741563544.5634458, "wfmanager_add_cgframes_to_ml_60_start": 1741563544.5636656, "wfmanager_add_cgframes_to_ml_60_complete": 1741563544.5636864, "wfmanager_update_jobs_60_start": 1741563544.5636885, "wfmanager_update_jobs_60_complete": 1741563545.2604961, "wfmanager_add_new_patches_mlserver_61_start": 1741563559.4606593, "wfmanager_add_new_patches_mlserver_61_complete": 1741563559.562528, "wfmanager_add_new_patches_to_ml_61_start": 1741563559.562532, "wfmanager_add_new_patches_to_ml_61_complete": 1741563559.562552, "wfmanager_add_cgframes_to_ml_61_start": 1741563559.5627825, "wfmanager_add_cgframes_to_ml_61_complete": 1741563559.5628126, "wfmanager_update_jobs_61_start": 1741563559.562815, "wfmanager_update_jobs_61_complete": 1741563560.1542861, "wfmanager_add_new_patches_mlserver_62_start": 1741563574.4612653, "wfmanager_add_new_patches_mlserver_62_complete": 1741563574.5743632, "wfmanager_add_new_patches_to_ml_62_start": 1741563574.5743673, "wfmanager_add_new_patches_to_ml_62_complete": 1741563574.5743885, "wfmanager_add_cgframes_to_ml_62_start": 1741563574.574638, "wfmanager_add_cgframes_to_ml_62_complete": 1741563574.574659, "wfmanager_update_jobs_62_start": 1741563574.5746608, "wfmanager_update_jobs_62_complete": 1741563575.247456, "wfmanager_add_new_patches_mlserver_63_start": 1741563589.4618192, "wfmanager_add_new_patches_mlserver_63_complete": 1741563589.5567281, "wfmanager_add_new_patches_to_ml_63_start": 1741563589.5567565, "wfmanager_add_new_patches_to_ml_63_complete": 1741563589.556782, "wfmanager_add_cgframes_to_ml_63_start": 1741563589.5570138, "wfmanager_add_cgframes_to_ml_63_complete": 1741563589.5570436, "wfmanager_update_jobs_63_start": 1741563589.5570457, "wfmanager_update_jobs_63_complete": 1741563590.166503, "wfmanager_add_new_patches_mlserver_64_start": 1741563604.4623647, "wfmanager_add_new_patches_mlserver_64_complete": 1741563604.5521536, "wfmanager_add_new_patches_to_ml_64_start": 1741563604.5521572, "wfmanager_add_new_patches_to_ml_64_complete": 1741563604.552177, "wfmanager_add_cgframes_to_ml_64_start": 1741563604.552446, "wfmanager_add_cgframes_to_ml_64_complete": 1741563604.5524669, "wfmanager_update_jobs_64_start": 1741563604.5524685, "wfmanager_update_jobs_64_complete": 1741563605.1731813, "wfmanager_add_new_patches_mlserver_65_start": 1741563619.4629037, "wfmanager_add_new_patches_mlserver_65_complete": 1741563619.5584571, "wfmanager_add_new_patches_to_ml_65_start": 1741563619.5584605, "wfmanager_add_new_patches_to_ml_65_complete": 1741563619.558483, "wfmanager_add_cgframes_to_ml_65_start": 1741563619.5587296, "wfmanager_add_cgframes_to_ml_65_complete": 1741563619.5587597, "wfmanager_update_jobs_65_start": 1741563619.558763, "wfmanager_update_jobs_65_complete": 1741563620.1596725, "wfmanager_add_new_patches_mlserver_66_start": 1741563634.4634743, "wfmanager_add_new_patches_mlserver_66_complete": 1741563634.5705745, "wfmanager_add_new_patches_to_ml_66_start": 1741563634.5705783, "wfmanager_add_new_patches_to_ml_66_complete": 1741563634.5705984, "wfmanager_add_cgframes_to_ml_66_start": 1741563634.5708454, "wfmanager_add_cgframes_to_ml_66_complete": 1741563634.570876, "wfmanager_update_jobs_66_start": 1741563634.5708785, "wfmanager_update_jobs_66_complete": 1741563635.252307, "wfmanager_add_new_patches_mlserver_67_start": 1741563649.4640477, "wfmanager_add_new_patches_mlserver_67_complete": 1741563649.5587735, "wfmanager_add_new_patches_to_ml_67_start": 1741563649.5587773, "wfmanager_add_new_patches_to_ml_67_complete": 1741563649.5587976, "wfmanager_add_cgframes_to_ml_67_start": 1741563649.5590332, "wfmanager_add_cgframes_to_ml_67_complete": 1741563649.559054, "wfmanager_update_jobs_67_start": 1741563649.5590556, "wfmanager_update_jobs_67_complete": 1741563650.1314473, "wfmanager_add_new_patches_mlserver_68_start": 1741563664.464621, "wfmanager_add_new_patches_mlserver_68_complete": 1741563664.5697925, "wfmanager_add_new_patches_to_ml_68_start": 1741563664.569797, "wfmanager_add_new_patches_to_ml_68_complete": 1741563664.569819, "wfmanager_add_cgframes_to_ml_68_start": 1741563664.570081, "wfmanager_add_cgframes_to_ml_68_complete": 1741563664.5701015, "wfmanager_update_jobs_68_start": 1741563664.570104, "wfmanager_update_jobs_68_complete": 1741563665.1426737, "wfmanager_add_new_patches_mlserver_69_start": 1741563679.4652174, "wfmanager_add_new_patches_mlserver_69_complete": 1741563679.553524, "wfmanager_add_new_patches_to_ml_69_start": 1741563679.5535276, "wfmanager_add_new_patches_to_ml_69_complete": 1741563679.5535488, "wfmanager_add_cgframes_to_ml_69_start": 1741563679.553783, "wfmanager_add_cgframes_to_ml_69_complete": 1741563679.553805, "wfmanager_update_jobs_69_start": 1741563679.553807, "wfmanager_update_jobs_69_complete": 1741563680.1578517, "wfmanager_add_new_patches_mlserver_70_start": 1741563694.465788, "wfmanager_add_new_patches_mlserver_70_complete": 1741563694.5738869, "wfmanager_add_new_patches_to_ml_70_start": 1741563694.5738914, "wfmanager_add_new_patches_to_ml_70_complete": 1741563694.5739107, "wfmanager_add_cgframes_to_ml_70_start": 1741563694.5741835, "wfmanager_add_cgframes_to_ml_70_complete": 1741563694.5742126, "wfmanager_update_jobs_70_start": 1741563694.5742154, "wfmanager_update_jobs_70_complete": 1741563695.194942, "wfmanager_add_new_patches_mlserver_71_start": 1741563709.4663527, "wfmanager_add_new_patches_mlserver_71_complete": 1741563709.5715914, "wfmanager_add_new_patches_to_ml_71_start": 1741563709.5715954, "wfmanager_add_new_patches_to_ml_71_complete": 1741563709.571615, "wfmanager_add_cgframes_to_ml_71_start": 1741563709.5718753, "wfmanager_add_cgframes_to_ml_71_complete": 1741563709.5718956, "wfmanager_update_jobs_71_start": 1741563709.5718975, "wfmanager_update_jobs_71_complete": 1741563710.1220913, "wfmanager_add_new_patches_mlserver_72_start": 1741563724.466926, "wfmanager_add_new_patches_mlserver_72_complete": 1741563724.5660427, "wfmanager_add_new_patches_to_ml_72_start": 1741563724.5660467, "wfmanager_add_new_patches_to_ml_72_complete": 1741563724.5660682, "wfmanager_add_cgframes_to_ml_72_start": 1741563724.5663218, "wfmanager_add_cgframes_to_ml_72_complete": 1741563724.566342, "wfmanager_update_jobs_72_start": 1741563724.566344, "wfmanager_update_jobs_72_complete": 1741563725.1802564, "wfmanager_add_new_patches_mlserver_73_start": 1741563739.4675014, "wfmanager_add_new_patches_mlserver_73_complete": 1741563739.5860426, "wfmanager_add_new_patches_to_ml_73_start": 1741563739.5860465, "wfmanager_add_new_patches_to_ml_73_complete": 1741563739.5860677, "wfmanager_add_cgframes_to_ml_73_start": 1741563739.5863333, "wfmanager_add_cgframes_to_ml_73_complete": 1741563739.5863554, "wfmanager_update_jobs_73_start": 1741563739.5863576, "wfmanager_update_jobs_73_complete": 1741563740.220839, "wfmanager_add_new_patches_mlserver_74_start": 1741563754.4680743, "wfmanager_add_new_patches_mlserver_74_complete": 1741563754.592327, "wfmanager_add_new_patches_to_ml_74_start": 1741563754.592331, "wfmanager_add_new_patches_to_ml_74_complete": 1741563754.5923517, "wfmanager_add_cgframes_to_ml_74_start": 1741563754.5925999, "wfmanager_add_cgframes_to_ml_74_complete": 1741563754.5926225, "wfmanager_update_jobs_74_start": 1741563754.5926244, "wfmanager_update_jobs_74_complete": 1741563755.2567148, "wfmanager_add_new_patches_mlserver_75_start": 1741563769.4686537, "wfmanager_add_new_patches_mlserver_75_complete": 1741563769.5900812, "wfmanager_add_new_patches_to_ml_75_start": 1741563769.5900846, "wfmanager_add_new_patches_to_ml_75_complete": 1741563769.5901055, "wfmanager_add_cgframes_to_ml_75_start": 1741563769.5903916, "wfmanager_add_cgframes_to_ml_75_complete": 1741563769.5904114, "wfmanager_update_jobs_75_start": 1741563769.5904133, "wfmanager_update_jobs_75_complete": 1741563770.168508, "wfmanager_add_new_patches_mlserver_76_start": 1741563784.4692008, "wfmanager_add_new_patches_mlserver_76_complete": 1741563784.5700123, "wfmanager_add_new_patches_to_ml_76_start": 1741563784.5700161, "wfmanager_add_new_patches_to_ml_76_complete": 1741563784.5700362, "wfmanager_add_cgframes_to_ml_76_start": 1741563784.5702775, "wfmanager_add_cgframes_to_ml_76_complete": 1741563784.5702982, "wfmanager_update_jobs_76_start": 1741563784.5702999, "wfmanager_update_jobs_76_complete": 1741563785.2011797, "wfmanager_add_new_patches_mlserver_77_start": 1741563799.4697595, "wfmanager_add_new_patches_mlserver_77_complete": 1741563799.5758781, "wfmanager_add_new_patches_to_ml_77_start": 1741563799.575882, "wfmanager_add_new_patches_to_ml_77_complete": 1741563799.5759034, "wfmanager_add_cgframes_to_ml_77_start": 1741563799.5761347, "wfmanager_add_cgframes_to_ml_77_complete": 1741563799.5761554, "wfmanager_update_jobs_77_start": 1741563799.5761573, "wfmanager_update_jobs_77_complete": 1741563800.1733608, "wfmanager_add_new_patches_mlserver_78_start": 1741563814.4703276, "wfmanager_add_new_patches_mlserver_78_complete": 1741563814.5701919, "wfmanager_add_new_patches_to_ml_78_start": 1741563814.570196, "wfmanager_add_new_patches_to_ml_78_complete": 1741563814.5702167, "wfmanager_add_cgframes_to_ml_78_start": 1741563814.57045, "wfmanager_add_cgframes_to_ml_78_complete": 1741563814.5704708, "wfmanager_update_jobs_78_start": 1741563814.5704725, "wfmanager_update_jobs_78_complete": 1741563815.192035, "wfmanager_add_new_patches_mlserver_79_start": 1741563829.4709175, "wfmanager_add_new_patches_mlserver_79_complete": 1741563829.5718799, "wfmanager_add_new_patches_to_ml_79_start": 1741563829.571885, "wfmanager_add_new_patches_to_ml_79_complete": 1741563829.5719054, "wfmanager_add_cgframes_to_ml_79_start": 1741563829.5721436, "wfmanager_add_cgframes_to_ml_79_complete": 1741563829.5721636, "wfmanager_update_jobs_79_start": 1741563829.5721657, "wfmanager_update_jobs_79_complete": 1741563830.231343, "wfmanager_add_new_patches_mlserver_80_start": 1741563844.4715147, "wfmanager_add_new_patches_mlserver_80_complete": 1741563844.5795758, "wfmanager_add_new_patches_to_ml_80_start": 1741563844.5795798, "wfmanager_add_new_patches_to_ml_80_complete": 1741563844.579601, "wfmanager_add_cgframes_to_ml_80_start": 1741563844.5798492, "wfmanager_add_cgframes_to_ml_80_complete": 1741563844.57988, "wfmanager_update_jobs_80_start": 1741563844.5798821, "wfmanager_update_jobs_80_complete": 1741563845.2549372, "wfmanager_add_new_patches_mlserver_81_start": 1741563859.4721298, "wfmanager_add_new_patches_mlserver_81_complete": 1741563859.5751505, "wfmanager_add_new_patches_to_ml_81_start": 1741563859.5751538, "wfmanager_add_new_patches_to_ml_81_complete": 1741563859.5751743, "wfmanager_add_cgframes_to_ml_81_start": 1741563859.575449, "wfmanager_add_cgframes_to_ml_81_complete": 1741563859.5754788, "wfmanager_update_jobs_81_start": 1741563859.5754817, "wfmanager_update_jobs_81_complete": 1741563860.1835868, "wfmanager_add_new_patches_mlserver_82_start": 1741563874.4727914, "wfmanager_add_new_patches_mlserver_82_complete": 1741563874.576145, "wfmanager_add_new_patches_to_ml_82_start": 1741563874.5761485, "wfmanager_add_new_patches_to_ml_82_complete": 1741563874.5761697, "wfmanager_add_cgframes_to_ml_82_start": 1741563874.576421, "wfmanager_add_cgframes_to_ml_82_complete": 1741563874.576444, "wfmanager_update_jobs_82_start": 1741563874.576446, "wfmanager_update_jobs_82_complete": 1741563875.2733462, "wfmanager_add_new_patches_mlserver_83_start": 1741563889.4733243, "wfmanager_add_new_patches_mlserver_83_complete": 1741563889.57008, "wfmanager_add_new_patches_to_ml_83_start": 1741563889.5700836, "wfmanager_add_new_patches_to_ml_83_complete": 1741563889.5701044, "wfmanager_add_cgframes_to_ml_83_start": 1741563889.5703502, "wfmanager_add_cgframes_to_ml_83_complete": 1741563889.5703688, "wfmanager_update_jobs_83_start": 1741563889.5703743, "wfmanager_update_jobs_83_complete": 1741563890.1953206, "wfmanager_add_new_patches_mlserver_84_start": 1741563904.4739256, "wfmanager_add_new_patches_mlserver_84_complete": 1741563904.5715363, "wfmanager_add_new_patches_to_ml_84_start": 1741563904.5715406, "wfmanager_add_new_patches_to_ml_84_complete": 1741563904.5716164, "wfmanager_add_cgframes_to_ml_84_start": 1741563904.5718718, "wfmanager_add_cgframes_to_ml_84_complete": 1741563904.571895, "wfmanager_update_jobs_84_start": 1741563904.5718966, "wfmanager_update_jobs_84_complete": 1741563905.2077122, "wfmanager_add_new_patches_mlserver_85_start": 1741563919.4744906, "wfmanager_add_new_patches_mlserver_85_complete": 1741563919.5731628, "wfmanager_add_new_patches_to_ml_85_start": 1741563919.5731678, "wfmanager_add_new_patches_to_ml_85_complete": 1741563919.5731893, "wfmanager_add_cgframes_to_ml_85_start": 1741563919.5734239, "wfmanager_add_cgframes_to_ml_85_complete": 1741563919.5734453, "wfmanager_update_jobs_85_start": 1741563919.5734475, "wfmanager_update_jobs_85_complete": 1741563920.15191, "wfmanager_add_new_patches_mlserver_86_start": 1741563934.4750803, "wfmanager_add_new_patches_mlserver_86_complete": 1741563934.5853894, "wfmanager_add_new_patches_to_ml_86_start": 1741563934.5853934, "wfmanager_add_new_patches_to_ml_86_complete": 1741563934.5854254, "wfmanager_add_cgframes_to_ml_86_start": 1741563934.585726, "wfmanager_add_cgframes_to_ml_86_complete": 1741563934.5857487, "wfmanager_update_jobs_86_start": 1741563934.585749, "wfmanager_update_jobs_86_complete": 1741563935.2178748, "wfmanager_add_new_patches_mlserver_87_start": 1741563949.4756455, "wfmanager_add_new_patches_mlserver_87_complete": 1741563949.5694335, "wfmanager_add_new_patches_to_ml_87_start": 1741563949.5694377, "wfmanager_add_new_patches_to_ml_87_complete": 1741563949.5694578, "wfmanager_add_cgframes_to_ml_87_start": 1741563949.5696793, "wfmanager_add_cgframes_to_ml_87_complete": 1741563949.5697002, "wfmanager_update_jobs_87_start": 1741563949.5697021, "wfmanager_update_jobs_87_complete": 1741563950.1323771, "wfmanager_add_new_patches_mlserver_88_start": 1741563964.4762063, "wfmanager_add_new_patches_mlserver_88_complete": 1741563964.571331, "wfmanager_add_new_patches_to_ml_88_start": 1741563964.5713346, "wfmanager_add_new_patches_to_ml_88_complete": 1741563964.571355, "wfmanager_add_cgframes_to_ml_88_start": 1741563964.5716074, "wfmanager_add_cgframes_to_ml_88_complete": 1741563964.5716412, "wfmanager_update_jobs_88_start": 1741563964.5716434, "wfmanager_update_jobs_88_complete": 1741563965.169988, "wfmanager_add_new_patches_mlserver_89_start": 1741563979.4768162, "wfmanager_add_new_patches_mlserver_89_complete": 1741563979.5745888, "wfmanager_add_new_patches_to_ml_89_start": 1741563979.574592, "wfmanager_add_new_patches_to_ml_89_complete": 1741563979.574612, "wfmanager_add_cgframes_to_ml_89_start": 1741563979.5748346, "wfmanager_add_cgframes_to_ml_89_complete": 1741563979.5748546, "wfmanager_update_jobs_89_start": 1741563979.5748565, "wfmanager_update_jobs_89_complete": 1741563980.1571183, "wfmanager_add_new_patches_mlserver_90_start": 1741563994.477387, "wfmanager_add_new_patches_mlserver_90_complete": 1741563994.579859, "wfmanager_add_new_patches_to_ml_90_start": 1741563994.5798626, "wfmanager_add_new_patches_to_ml_90_complete": 1741563994.5798829, "wfmanager_add_cgframes_to_ml_90_start": 1741563994.5801268, "wfmanager_add_cgframes_to_ml_90_complete": 1741563994.5801554, "wfmanager_update_jobs_90_start": 1741563994.5801582, "wfmanager_update_jobs_90_complete": 1741563995.2611938, "wfmanager_add_new_patches_mlserver_91_start": 1741564009.4779446, "wfmanager_add_new_patches_mlserver_91_complete": 1741564009.5750992, "wfmanager_add_new_patches_to_ml_91_start": 1741564009.5751028, "wfmanager_add_new_patches_to_ml_91_complete": 1741564009.5751238, "wfmanager_add_cgframes_to_ml_91_start": 1741564009.575391, "wfmanager_add_cgframes_to_ml_91_complete": 1741564009.575413, "wfmanager_update_jobs_91_start": 1741564009.575415, "wfmanager_update_jobs_91_complete": 1741564010.171253, "wfmanager_add_new_patches_mlserver_92_start": 1741564024.4785361, "wfmanager_add_new_patches_mlserver_92_complete": 1741564024.5758722, "wfmanager_add_new_patches_to_ml_92_start": 1741564024.5758755, "wfmanager_add_new_patches_to_ml_92_complete": 1741564024.575896, "wfmanager_add_cgframes_to_ml_92_start": 1741564024.5761418, "wfmanager_add_cgframes_to_ml_92_complete": 1741564024.576162, "wfmanager_update_jobs_92_start": 1741564024.576164, "wfmanager_update_jobs_92_complete": 1741564025.201901, "wfmanager_add_new_patches_mlserver_93_start": 1741564039.4790828, "wfmanager_add_new_patches_mlserver_93_complete": 1741564039.5813725, "wfmanager_add_new_patches_to_ml_93_start": 1741564039.5813766, "wfmanager_add_new_patches_to_ml_93_complete": 1741564039.5813975, "wfmanager_add_cgframes_to_ml_93_start": 1741564039.5816436, "wfmanager_add_cgframes_to_ml_93_complete": 1741564039.5816638, "wfmanager_update_jobs_93_start": 1741564039.5816653, "wfmanager_update_jobs_93_complete": 1741564040.2406948, "wfmanager_add_new_patches_mlserver_94_start": 1741564054.4796715, "wfmanager_add_new_patches_mlserver_94_complete": 1741564054.5804412, "wfmanager_add_new_patches_to_ml_94_start": 1741564054.5804455, "wfmanager_add_new_patches_to_ml_94_complete": 1741564054.580466, "wfmanager_add_cgframes_to_ml_94_start": 1741564054.5807154, "wfmanager_add_cgframes_to_ml_94_complete": 1741564054.580767, "wfmanager_update_jobs_94_start": 1741564054.5807688, "wfmanager_update_jobs_94_complete": 1741564055.212329, "wfmanager_add_new_patches_mlserver_95_start": 1741564069.4802527, "wfmanager_add_new_patches_mlserver_95_complete": 1741564069.5962796, "wfmanager_add_new_patches_to_ml_95_start": 1741564069.5962834, "wfmanager_add_new_patches_to_ml_95_complete": 1741564069.596305, "wfmanager_add_cgframes_to_ml_95_start": 1741564069.5965593, "wfmanager_add_cgframes_to_ml_95_complete": 1741564069.5965846, "wfmanager_update_jobs_95_start": 1741564069.5965846, "wfmanager_update_jobs_95_complete": 1741564070.1950917, "wfmanager_add_new_patches_mlserver_96_start": 1741564084.4808867, "wfmanager_add_new_patches_mlserver_96_complete": 1741564084.5945675, "wfmanager_add_new_patches_to_ml_96_start": 1741564084.5945718, "wfmanager_add_new_patches_to_ml_96_complete": 1741564084.5945926, "wfmanager_add_cgframes_to_ml_96_start": 1741564084.5948331, "wfmanager_add_cgframes_to_ml_96_complete": 1741564084.5948558, "wfmanager_update_jobs_96_start": 1741564084.594858, "wfmanager_update_jobs_96_complete": 1741564085.2379806, "wfmanager_add_new_patches_mlserver_97_start": 1741564099.4814694, "wfmanager_add_new_patches_mlserver_97_complete": 1741564099.5783658, "wfmanager_add_new_patches_to_ml_97_start": 1741564099.5783687, "wfmanager_add_new_patches_to_ml_97_complete": 1741564099.578389, "wfmanager_add_cgframes_to_ml_97_start": 1741564099.5785792, "wfmanager_add_cgframes_to_ml_97_complete": 1741564099.5786123, "wfmanager_update_jobs_97_start": 1741564099.5786152, "wfmanager_update_jobs_97_complete": 1741564100.1951234, "wfmanager_add_new_patches_mlserver_98_start": 1741564114.4820423, "wfmanager_add_new_patches_mlserver_98_complete": 1741564114.5829651, "wfmanager_add_new_patches_to_ml_98_start": 1741564114.5829694, "wfmanager_add_new_patches_to_ml_98_complete": 1741564114.582989, "wfmanager_add_cgframes_to_ml_98_start": 1741564114.5832148, "wfmanager_add_cgframes_to_ml_98_complete": 1741564114.5832355, "wfmanager_update_jobs_98_start": 1741564114.5832372, "wfmanager_update_jobs_98_complete": 1741564115.1670518, "wfmanager_add_new_patches_mlserver_99_start": 1741564129.482605, "wfmanager_add_new_patches_mlserver_99_complete": 1741564129.578198, "wfmanager_add_new_patches_to_ml_99_start": 1741564129.5782025, "wfmanager_add_new_patches_to_ml_99_complete": 1741564129.5782235, "wfmanager_add_cgframes_to_ml_99_start": 1741564129.578459, "wfmanager_add_cgframes_to_ml_99_complete": 1741564129.578481, "wfmanager_update_jobs_99_start": 1741564129.578483, "wfmanager_update_jobs_99_complete": 1741564130.20615, "wfmanager_add_new_patches_mlserver_100_start": 1741564144.483176, "wfmanager_add_new_patches_mlserver_100_complete": 1741564144.5775998, "wfmanager_add_new_patches_to_ml_100_start": 1741564144.577603, "wfmanager_add_new_patches_to_ml_100_complete": 1741564144.5776238, "wfmanager_add_cgframes_to_ml_100_start": 1741564144.5778599, "wfmanager_add_cgframes_to_ml_100_complete": 1741564144.5778837, "wfmanager_update_jobs_100_start": 1741564144.5778837, "wfmanager_update_jobs_100_complete": 1741564145.1770675, "wfmanager_add_new_patches_mlserver_101_start": 1741564159.4837518, "wfmanager_add_new_patches_mlserver_101_complete": 1741564159.5997663, "wfmanager_add_new_patches_to_ml_101_start": 1741564159.5997698, "wfmanager_add_new_patches_to_ml_101_complete": 1741564159.5997844, "wfmanager_add_cgframes_to_ml_101_start": 1741564159.6, "wfmanager_add_cgframes_to_ml_101_complete": 1741564159.6000166, "wfmanager_update_jobs_101_start": 1741564159.600017, "wfmanager_update_jobs_101_complete": 1741564160.2412257, "wfmanager_add_new_patches_mlserver_102_start": 1741564174.48428, "wfmanager_add_new_patches_mlserver_102_complete": 1741564178.1826873, "wfmanager_add_new_patches_to_ml_102_start": 1741564178.182692, "wfmanager_add_new_patches_to_ml_102_complete": 1741564178.1827164, "wfmanager_add_cgframes_to_ml_102_start": 1741564178.1829648, "wfmanager_add_cgframes_to_ml_102_complete": 1741564178.1829908, "wfmanager_update_jobs_102_start": 1741564178.1829944, "wfmanager_update_jobs_102_complete": 1741564178.9044967, "wfmanager_add_new_patches_mlserver_103_start": 1741564189.4849284, "wfmanager_add_new_patches_mlserver_103_complete": 1741564189.620367, "wfmanager_add_new_patches_to_ml_103_start": 1741564189.6203725, "wfmanager_add_new_patches_to_ml_103_complete": 1741564189.6204126, "wfmanager_add_cgframes_to_ml_103_start": 1741564189.6206682, "wfmanager_add_cgframes_to_ml_103_complete": 1741564189.620691, "wfmanager_update_jobs_103_start": 1741564189.6206927, "wfmanager_update_jobs_103_complete": 1741564190.426831, "wfmanager_add_new_patches_mlserver_104_start": 1741564204.4855235, "wfmanager_add_new_patches_mlserver_104_complete": 1741564204.6064315, "wfmanager_add_new_patches_to_ml_104_start": 1741564204.606435, "wfmanager_add_new_patches_to_ml_104_complete": 1741564204.6064565, "wfmanager_add_cgframes_to_ml_104_start": 1741564204.6066945, "wfmanager_add_cgframes_to_ml_104_complete": 1741564204.606716, "wfmanager_update_jobs_104_start": 1741564204.6067176, "wfmanager_update_jobs_104_complete": 1741564205.4379137, "wfmanager_add_new_patches_mlserver_105_start": 1741564219.4861019, "wfmanager_add_new_patches_mlserver_105_complete": 1741564219.6183727, "wfmanager_add_new_patches_to_ml_105_start": 1741564219.6183774, "wfmanager_add_new_patches_to_ml_105_complete": 1741564219.6183999, "wfmanager_add_cgframes_to_ml_105_start": 1741564219.6186435, "wfmanager_add_cgframes_to_ml_105_complete": 1741564219.6186657, "wfmanager_update_jobs_105_start": 1741564219.6186678, "wfmanager_update_jobs_105_complete": 1741564220.3508444, "wfmanager_add_new_patches_mlserver_106_start": 1741564234.4866579, "wfmanager_add_new_patches_mlserver_106_complete": 1741564234.6009276, "wfmanager_add_new_patches_to_ml_106_start": 1741564234.6009312, "wfmanager_add_new_patches_to_ml_106_complete": 1741564234.600951, "wfmanager_add_cgframes_to_ml_106_start": 1741564234.6012204, "wfmanager_add_cgframes_to_ml_106_complete": 1741564234.60125, "wfmanager_update_jobs_106_start": 1741564234.601252, "wfmanager_update_jobs_106_complete": 1741564235.3192413, "wfmanager_add_new_patches_mlserver_107_start": 1741564249.4872165, "wfmanager_add_new_patches_mlserver_107_complete": 1741564249.605947, "wfmanager_add_new_patches_to_ml_107_start": 1741564249.605951, "wfmanager_add_new_patches_to_ml_107_complete": 1741564249.6059716, "wfmanager_add_cgframes_to_ml_107_start": 1741564249.6062841, "wfmanager_add_cgframes_to_ml_107_complete": 1741564249.6063056, "wfmanager_update_jobs_107_start": 1741564249.6063073, "wfmanager_update_jobs_107_complete": 1741564250.3935745, "wfmanager_add_new_patches_mlserver_108_start": 1741564264.4877744, "wfmanager_add_new_patches_mlserver_108_complete": 1741564264.6077197, "wfmanager_add_new_patches_to_ml_108_start": 1741564264.6077237, "wfmanager_add_new_patches_to_ml_108_complete": 1741564264.607745, "wfmanager_add_cgframes_to_ml_108_start": 1741564264.6079729, "wfmanager_add_cgframes_to_ml_108_complete": 1741564264.6080046, "wfmanager_update_jobs_108_start": 1741564264.6080072, "wfmanager_update_jobs_108_complete": 1741564265.372601, "wfmanager_add_new_patches_mlserver_109_start": 1741564279.4883125, "wfmanager_add_new_patches_mlserver_109_complete": 1741564279.6093264, "wfmanager_add_new_patches_to_ml_109_start": 1741564279.6093295, "wfmanager_add_new_patches_to_ml_109_complete": 1741564279.609349, "wfmanager_add_cgframes_to_ml_109_start": 1741564279.6095273, "wfmanager_add_cgframes_to_ml_109_complete": 1741564279.6095498, "wfmanager_update_jobs_109_start": 1741564279.6095533, "wfmanager_update_jobs_109_complete": 1741564280.3474739, "wfmanager_add_new_patches_mlserver_110_start": 1741564294.4889648, "wfmanager_add_new_patches_mlserver_110_complete": 1741564294.5997274, "wfmanager_add_new_patches_to_ml_110_start": 1741564294.5997314, "wfmanager_add_new_patches_to_ml_110_complete": 1741564294.599758, "wfmanager_add_cgframes_to_ml_110_start": 1741564294.5999746, "wfmanager_add_cgframes_to_ml_110_complete": 1741564294.5999956, "wfmanager_update_jobs_110_start": 1741564294.5999975, "wfmanager_update_jobs_110_complete": 1741564295.3957062, "wfmanager_add_new_patches_mlserver_111_start": 1741564309.4895597, "wfmanager_add_new_patches_mlserver_111_complete": 1741564309.6080842, "wfmanager_add_new_patches_to_ml_111_start": 1741564309.6080875, "wfmanager_add_new_patches_to_ml_111_complete": 1741564309.6081083, "wfmanager_add_cgframes_to_ml_111_start": 1741564309.6083815, "wfmanager_add_cgframes_to_ml_111_complete": 1741564309.608403, "wfmanager_update_jobs_111_start": 1741564309.6084054, "wfmanager_update_jobs_111_complete": 1741564310.32864, "wfmanager_add_new_patches_mlserver_112_start": 1741564324.490179, "wfmanager_add_new_patches_mlserver_112_complete": 1741564324.6200562, "wfmanager_add_new_patches_to_ml_112_start": 1741564324.6200597, "wfmanager_add_new_patches_to_ml_112_complete": 1741564324.620081, "wfmanager_add_cgframes_to_ml_112_start": 1741564324.6204064, "wfmanager_add_cgframes_to_ml_112_complete": 1741564324.6204293, "wfmanager_update_jobs_112_start": 1741564324.6204312, "wfmanager_update_jobs_112_complete": 1741564325.4297113, "wfmanager_add_new_patches_mlserver_113_start": 1741564339.4907343, "wfmanager_add_new_patches_mlserver_113_complete": 1741564339.6095881, "wfmanager_add_new_patches_to_ml_113_start": 1741564339.6095927, "wfmanager_add_new_patches_to_ml_113_complete": 1741564339.6096122, "wfmanager_add_cgframes_to_ml_113_start": 1741564339.6098516, "wfmanager_add_cgframes_to_ml_113_complete": 1741564339.6098819, "wfmanager_update_jobs_113_start": 1741564339.6098843, "wfmanager_update_jobs_113_complete": 1741564340.3431141, "wfmanager_add_new_patches_mlserver_114_start": 1741564354.4912941, "wfmanager_add_new_patches_mlserver_114_complete": 1741564354.626296, "wfmanager_add_new_patches_to_ml_114_start": 1741564354.6262996, "wfmanager_add_new_patches_to_ml_114_complete": 1741564354.6263194, "wfmanager_add_cgframes_to_ml_114_start": 1741564354.6265469, "wfmanager_add_cgframes_to_ml_114_complete": 1741564354.6265771, "wfmanager_update_jobs_114_start": 1741564354.6265793, "wfmanager_update_jobs_114_complete": 1741564355.4471595, "wfmanager_add_new_patches_mlserver_115_start": 1741564369.4918346, "wfmanager_add_new_patches_mlserver_115_complete": 1741564369.6061816, "wfmanager_add_new_patches_to_ml_115_start": 1741564369.606186, "wfmanager_add_new_patches_to_ml_115_complete": 1741564369.6062064, "wfmanager_add_cgframes_to_ml_115_start": 1741564369.6064374, "wfmanager_add_cgframes_to_ml_115_complete": 1741564369.6064582, "wfmanager_update_jobs_115_start": 1741564369.6064599, "wfmanager_update_jobs_115_complete": 1741564370.3409784, "wfmanager_add_new_patches_mlserver_116_start": 1741564384.4923675, "wfmanager_add_new_patches_mlserver_116_complete": 1741564384.6260602, "wfmanager_add_new_patches_to_ml_116_start": 1741564384.6260638, "wfmanager_add_new_patches_to_ml_116_complete": 1741564384.6260855, "wfmanager_add_cgframes_to_ml_116_start": 1741564384.626312, "wfmanager_add_cgframes_to_ml_116_complete": 1741564384.626333, "wfmanager_update_jobs_116_start": 1741564384.6263351, "wfmanager_update_jobs_116_complete": 1741564385.4228644, "wfmanager_add_new_patches_mlserver_117_start": 1741564399.4929366, "wfmanager_add_new_patches_mlserver_117_complete": 1741564399.6019435, "wfmanager_add_new_patches_to_ml_117_start": 1741564399.6019473, "wfmanager_add_new_patches_to_ml_117_complete": 1741564399.6019669, "wfmanager_add_cgframes_to_ml_117_start": 1741564399.602159, "wfmanager_add_cgframes_to_ml_117_complete": 1741564399.6021795, "wfmanager_update_jobs_117_start": 1741564399.6021814, "wfmanager_update_jobs_117_complete": 1741564400.3446007, "wfmanager_add_new_patches_mlserver_118_start": 1741564414.4934778, "wfmanager_add_new_patches_mlserver_118_complete": 1741564414.6108987, "wfmanager_add_new_patches_to_ml_118_start": 1741564414.6109023, "wfmanager_add_new_patches_to_ml_118_complete": 1741564414.610923, "wfmanager_add_cgframes_to_ml_118_start": 1741564414.6111472, "wfmanager_add_cgframes_to_ml_118_complete": 1741564414.6111689, "wfmanager_update_jobs_118_start": 1741564414.6111708, "wfmanager_update_jobs_118_complete": 1741564415.3669565, "wfmanager_add_new_patches_mlserver_119_start": 1741564429.4940403, "wfmanager_add_new_patches_mlserver_119_complete": 1741564429.617298, "wfmanager_add_new_patches_to_ml_119_start": 1741564429.617302, "wfmanager_add_new_patches_to_ml_119_complete": 1741564429.6173227, "wfmanager_add_cgframes_to_ml_119_start": 1741564429.6175475, "wfmanager_add_cgframes_to_ml_119_complete": 1741564429.6175694, "wfmanager_update_jobs_119_start": 1741564429.6175714, "wfmanager_update_jobs_119_complete": 1741564430.3920922, "wfmanager_add_new_patches_mlserver_120_start": 1741564444.4945955, "wfmanager_add_new_patches_mlserver_120_complete": 1741564444.6075182, "wfmanager_add_new_patches_to_ml_120_start": 1741564444.6075218, "wfmanager_add_new_patches_to_ml_120_complete": 1741564444.6075423, "wfmanager_add_cgframes_to_ml_120_start": 1741564444.6077209, "wfmanager_add_cgframes_to_ml_120_complete": 1741564444.6077518, "wfmanager_update_jobs_120_start": 1741564444.6077547, "wfmanager_update_jobs_120_complete": 1741564445.3884008, "wfmanager_add_new_patches_mlserver_121_start": 1741564459.495157, "wfmanager_add_new_patches_mlserver_121_complete": 1741564459.6097367, "wfmanager_add_new_patches_to_ml_121_start": 1741564459.60974, "wfmanager_add_new_patches_to_ml_121_complete": 1741564459.6097598, "wfmanager_add_cgframes_to_ml_121_start": 1741564459.6099317, "wfmanager_add_cgframes_to_ml_121_complete": 1741564459.6099532, "wfmanager_update_jobs_121_start": 1741564459.609955, "wfmanager_update_jobs_121_complete": 1741564460.3805246, "wfmanager_add_new_patches_mlserver_122_start": 1741564474.4957438, "wfmanager_add_new_patches_mlserver_122_complete": 1741564474.6226401, "wfmanager_add_new_patches_to_ml_122_start": 1741564474.6226437, "wfmanager_add_new_patches_to_ml_122_complete": 1741564474.6226645, "wfmanager_add_cgframes_to_ml_122_start": 1741564474.6228523, "wfmanager_add_cgframes_to_ml_122_complete": 1741564474.6228852, "wfmanager_update_jobs_122_start": 1741564474.6228878, "wfmanager_update_jobs_122_complete": 1741564475.384139, "wfmanager_add_new_patches_mlserver_123_start": 1741564489.496269, "wfmanager_add_new_patches_mlserver_123_complete": 1741564489.6122303, "wfmanager_add_new_patches_to_ml_123_start": 1741564489.6122334, "wfmanager_add_new_patches_to_ml_123_complete": 1741564489.6122527, "wfmanager_add_cgframes_to_ml_123_start": 1741564489.6124275, "wfmanager_add_cgframes_to_ml_123_complete": 1741564489.6124485, "wfmanager_update_jobs_123_start": 1741564489.6124508, "wfmanager_update_jobs_123_complete": 1741564490.3695652, "wfmanager_add_new_patches_mlserver_124_start": 1741564504.496858, "wfmanager_add_new_patches_mlserver_124_complete": 1741564504.6297317, "wfmanager_add_new_patches_to_ml_124_start": 1741564504.629735, "wfmanager_add_new_patches_to_ml_124_complete": 1741564504.629755, "wfmanager_add_cgframes_to_ml_124_start": 1741564504.6299396, "wfmanager_add_cgframes_to_ml_124_complete": 1741564504.6299598, "wfmanager_update_jobs_124_start": 1741564504.6299617, "wfmanager_update_jobs_124_complete": 1741564505.4078789, "wfmanager_add_new_patches_mlserver_125_start": 1741564519.4974136, "wfmanager_add_new_patches_mlserver_125_complete": 1741564519.6163244, "wfmanager_add_new_patches_to_ml_125_start": 1741564519.6163285, "wfmanager_add_new_patches_to_ml_125_complete": 1741564519.6163497, "wfmanager_add_cgframes_to_ml_125_start": 1741564519.6165442, "wfmanager_add_cgframes_to_ml_125_complete": 1741564519.616566, "wfmanager_update_jobs_125_start": 1741564519.6165695, "wfmanager_update_jobs_125_complete": 1741564520.465503, "wfmanager_add_new_patches_mlserver_126_start": 1741564534.498108, "wfmanager_add_new_patches_mlserver_126_complete": 1741564534.615489, "wfmanager_add_new_patches_to_ml_126_start": 1741564534.6154923, "wfmanager_add_new_patches_to_ml_126_complete": 1741564534.6155143, "wfmanager_add_cgframes_to_ml_126_start": 1741564534.6157143, "wfmanager_add_cgframes_to_ml_126_complete": 1741564534.6157458, "wfmanager_update_jobs_126_start": 1741564534.6157506, "wfmanager_update_jobs_126_complete": 1741564535.3162458, "wfmanager_add_new_patches_mlserver_127_start": 1741564549.4986732, "wfmanager_add_new_patches_mlserver_127_complete": 1741564549.6206167, "wfmanager_add_new_patches_to_ml_127_start": 1741564549.6206205, "wfmanager_add_new_patches_to_ml_127_complete": 1741564549.6206405, "wfmanager_add_cgframes_to_ml_127_start": 1741564549.620854, "wfmanager_add_cgframes_to_ml_127_complete": 1741564549.6208766, "wfmanager_update_jobs_127_start": 1741564549.6208787, "wfmanager_update_jobs_127_complete": 1741564550.3788733, "wfmanager_add_new_patches_mlserver_128_start": 1741564564.4993882, "wfmanager_add_new_patches_mlserver_128_complete": 1741564564.633009, "wfmanager_add_new_patches_to_ml_128_start": 1741564564.6330128, "wfmanager_add_new_patches_to_ml_128_complete": 1741564564.633034, "wfmanager_add_cgframes_to_ml_128_start": 1741564564.6332433, "wfmanager_add_cgframes_to_ml_128_complete": 1741564564.6332643, "wfmanager_update_jobs_128_start": 1741564564.6332664, "wfmanager_update_jobs_128_complete": 1741564565.4168332, "wfmanager_add_new_patches_mlserver_129_start": 1741564579.499936, "wfmanager_add_new_patches_mlserver_129_complete": 1741564579.628426, "wfmanager_add_new_patches_to_ml_129_start": 1741564579.6284304, "wfmanager_add_new_patches_to_ml_129_complete": 1741564579.6284504, "wfmanager_add_cgframes_to_ml_129_start": 1741564579.6286397, "wfmanager_add_cgframes_to_ml_129_complete": 1741564579.6286597, "wfmanager_update_jobs_129_start": 1741564579.6286619, "wfmanager_update_jobs_129_complete": 1741564580.4199376, "wfmanager_add_new_patches_mlserver_130_start": 1741564594.5004659, "wfmanager_add_new_patches_mlserver_130_complete": 1741564594.6150832, "wfmanager_add_new_patches_to_ml_130_start": 1741564594.6150863, "wfmanager_add_new_patches_to_ml_130_complete": 1741564594.615106, "wfmanager_add_cgframes_to_ml_130_start": 1741564594.6152909, "wfmanager_add_cgframes_to_ml_130_complete": 1741564594.6153224, "wfmanager_update_jobs_130_start": 1741564594.6153252, "wfmanager_update_jobs_130_complete": 1741564595.3494492, "wfmanager_add_new_patches_mlserver_131_start": 1741564609.501011, "wfmanager_add_new_patches_mlserver_131_complete": 1741564609.6264014, "wfmanager_add_new_patches_to_ml_131_start": 1741564609.6264043, "wfmanager_add_new_patches_to_ml_131_complete": 1741564609.6264248, "wfmanager_add_cgframes_to_ml_131_start": 1741564609.626598, "wfmanager_add_cgframes_to_ml_131_complete": 1741564609.6266181, "wfmanager_update_jobs_131_start": 1741564609.62662, "wfmanager_update_jobs_131_complete": 1741564610.424225, "wfmanager_add_new_patches_mlserver_132_start": 1741564624.5015607, "wfmanager_add_new_patches_mlserver_132_complete": 1741564624.6206477, "wfmanager_add_new_patches_to_ml_132_start": 1741564624.620651, "wfmanager_add_new_patches_to_ml_132_complete": 1741564624.6206713, "wfmanager_add_cgframes_to_ml_132_start": 1741564624.620879, "wfmanager_add_cgframes_to_ml_132_complete": 1741564624.6208997, "wfmanager_update_jobs_132_start": 1741564624.6209016, "wfmanager_update_jobs_132_complete": 1741564625.397348, "wfmanager_add_new_patches_mlserver_133_start": 1741564639.5021226, "wfmanager_add_new_patches_mlserver_133_complete": 1741564639.6251717, "wfmanager_add_new_patches_to_ml_133_start": 1741564639.625175, "wfmanager_add_new_patches_to_ml_133_complete": 1741564639.625195, "wfmanager_add_cgframes_to_ml_133_start": 1741564639.6253781, "wfmanager_add_cgframes_to_ml_133_complete": 1741564639.6253989, "wfmanager_update_jobs_133_start": 1741564639.6254008, "wfmanager_update_jobs_133_complete": 1741564640.4211342, "wfmanager_add_new_patches_mlserver_134_start": 1741564654.5026586, "wfmanager_add_new_patches_mlserver_134_complete": 1741564654.619645, "wfmanager_add_new_patches_to_ml_134_start": 1741564654.619648, "wfmanager_add_new_patches_to_ml_134_complete": 1741564654.6196675, "wfmanager_add_cgframes_to_ml_134_start": 1741564654.6198409, "wfmanager_add_cgframes_to_ml_134_complete": 1741564654.6198614, "wfmanager_update_jobs_134_start": 1741564654.6198623, "wfmanager_update_jobs_134_complete": 1741564655.3381772, "wfmanager_add_new_patches_mlserver_135_start": 1741564669.5032363, "wfmanager_add_new_patches_mlserver_135_complete": 1741564669.6220846, "wfmanager_add_new_patches_to_ml_135_start": 1741564669.6220884, "wfmanager_add_new_patches_to_ml_135_complete": 1741564669.6221206, "wfmanager_add_cgframes_to_ml_135_start": 1741564669.6223347, "wfmanager_add_cgframes_to_ml_135_complete": 1741564669.6223605, "wfmanager_update_jobs_135_start": 1741564669.6223633, "wfmanager_update_jobs_135_complete": 1741564670.4176471, "wfmanager_add_new_patches_mlserver_136_start": 1741564684.5039575, "wfmanager_add_new_patches_mlserver_136_complete": 1741564684.6180375, "wfmanager_add_new_patches_to_ml_136_start": 1741564684.618041, "wfmanager_add_new_patches_to_ml_136_complete": 1741564684.6180615, "wfmanager_add_cgframes_to_ml_136_start": 1741564684.618243, "wfmanager_add_cgframes_to_ml_136_complete": 1741564684.6182756, "wfmanager_update_jobs_136_start": 1741564684.6182778, "wfmanager_update_jobs_136_complete": 1741564685.4082346, "wfmanager_add_new_patches_mlserver_137_start": 1741564699.5045037, "wfmanager_add_new_patches_mlserver_137_complete": 1741564699.6257894, "wfmanager_add_new_patches_to_ml_137_start": 1741564699.6257932, "wfmanager_add_new_patches_to_ml_137_complete": 1741564699.6258144, "wfmanager_add_cgframes_to_ml_137_start": 1741564699.6260157, "wfmanager_add_cgframes_to_ml_137_complete": 1741564699.6260388, "wfmanager_update_jobs_137_start": 1741564699.6260405, "wfmanager_update_jobs_137_complete": 1741564700.383408, "wfmanager_add_new_patches_mlserver_138_start": 1741564714.5050848, "wfmanager_add_new_patches_mlserver_138_complete": 1741564714.6186311, "wfmanager_add_new_patches_to_ml_138_start": 1741564714.6186347, "wfmanager_add_new_patches_to_ml_138_complete": 1741564714.6186593, "wfmanager_add_cgframes_to_ml_138_start": 1741564714.6189022, "wfmanager_add_cgframes_to_ml_138_complete": 1741564714.6189227, "wfmanager_update_jobs_138_start": 1741564714.6189249, "wfmanager_update_jobs_138_complete": 1741564715.357024, "wfmanager_add_new_patches_mlserver_139_start": 1741564729.5056162, "wfmanager_add_new_patches_mlserver_139_complete": 1741564729.61663, "wfmanager_add_new_patches_to_ml_139_start": 1741564729.6166334, "wfmanager_add_new_patches_to_ml_139_complete": 1741564729.616653, "wfmanager_add_cgframes_to_ml_139_start": 1741564729.6168776, "wfmanager_add_cgframes_to_ml_139_complete": 1741564729.6168985, "wfmanager_update_jobs_139_start": 1741564729.6169007, "wfmanager_update_jobs_139_complete": 1741564730.3464909, "wfmanager_add_new_patches_mlserver_140_start": 1741564744.5061476, "wfmanager_add_new_patches_mlserver_140_complete": 1741564744.6325574, "wfmanager_add_new_patches_to_ml_140_start": 1741564744.6325607, "wfmanager_add_new_patches_to_ml_140_complete": 1741564744.6325824, "wfmanager_add_cgframes_to_ml_140_start": 1741564744.632791, "wfmanager_add_cgframes_to_ml_140_complete": 1741564744.6328125, "wfmanager_update_jobs_140_start": 1741564744.632815, "wfmanager_update_jobs_140_complete": 1741564745.3752475, "wfmanager_add_new_patches_mlserver_141_start": 1741564759.5068653, "wfmanager_add_new_patches_mlserver_141_complete": 1741564759.6164997, "wfmanager_add_new_patches_to_ml_141_start": 1741564759.6165032, "wfmanager_add_new_patches_to_ml_141_complete": 1741564759.616524, "wfmanager_add_cgframes_to_ml_141_start": 1741564759.6167254, "wfmanager_add_cgframes_to_ml_141_complete": 1741564759.6167762, "wfmanager_update_jobs_141_start": 1741564759.6167796, "wfmanager_update_jobs_141_complete": 1741564760.3843932, "wfmanager_add_new_patches_mlserver_142_start": 1741564774.5074027, "wfmanager_add_new_patches_mlserver_142_complete": 1741564774.6220393, "wfmanager_add_new_patches_to_ml_142_start": 1741564774.622043, "wfmanager_add_new_patches_to_ml_142_complete": 1741564774.6220636, "wfmanager_add_cgframes_to_ml_142_start": 1741564774.6222951, "wfmanager_add_cgframes_to_ml_142_complete": 1741564774.6223166, "wfmanager_update_jobs_142_start": 1741564774.622318, "wfmanager_update_jobs_142_complete": 1741564775.3585358, "wfmanager_add_new_patches_mlserver_143_start": 1741564789.5079331, "wfmanager_add_new_patches_mlserver_143_complete": 1741564789.6248934, "wfmanager_add_new_patches_to_ml_143_start": 1741564789.6248965, "wfmanager_add_new_patches_to_ml_143_complete": 1741564789.6249266, "wfmanager_add_cgframes_to_ml_143_start": 1741564789.6251247, "wfmanager_add_cgframes_to_ml_143_complete": 1741564789.6251469, "wfmanager_update_jobs_143_start": 1741564789.625151, "wfmanager_update_jobs_143_complete": 1741564790.3688374, "wfmanager_add_new_patches_mlserver_144_start": 1741564804.5084844, "wfmanager_add_new_patches_mlserver_144_complete": 1741564804.639362, "wfmanager_add_new_patches_to_ml_144_start": 1741564804.6393654, "wfmanager_add_new_patches_to_ml_144_complete": 1741564804.639386, "wfmanager_add_cgframes_to_ml_144_start": 1741564804.6396246, "wfmanager_add_cgframes_to_ml_144_complete": 1741564804.6396465, "wfmanager_update_jobs_144_start": 1741564804.6396525, "wfmanager_update_jobs_144_complete": 1741564805.450131, "wfmanager_add_new_patches_mlserver_145_start": 1741564819.5090325, "wfmanager_add_new_patches_mlserver_145_complete": 1741564819.62377, "wfmanager_add_new_patches_to_ml_145_start": 1741564819.6237733, "wfmanager_add_new_patches_to_ml_145_complete": 1741564819.6237931, "wfmanager_add_cgframes_to_ml_145_start": 1741564819.6239688, "wfmanager_add_cgframes_to_ml_145_complete": 1741564819.6239917, "wfmanager_update_jobs_145_start": 1741564819.623995, "wfmanager_update_jobs_145_complete": 1741564820.3874261, "wfmanager_add_new_patches_mlserver_146_start": 1741564834.5095575, "wfmanager_add_new_patches_mlserver_146_complete": 1741564834.6243486, "wfmanager_add_new_patches_to_ml_146_start": 1741564834.624352, "wfmanager_add_new_patches_to_ml_146_complete": 1741564834.624372, "wfmanager_add_cgframes_to_ml_146_start": 1741564834.6245534, "wfmanager_add_cgframes_to_ml_146_complete": 1741564834.6245844, "wfmanager_update_jobs_146_start": 1741564834.6245873, "wfmanager_update_jobs_146_complete": 1741564835.4186437, "wfmanager_add_new_patches_mlserver_147_start": 1741564849.5101035, "wfmanager_add_new_patches_mlserver_147_complete": 1741564849.661983, "wfmanager_add_new_patches_to_ml_147_start": 1741564849.6619859, "wfmanager_add_new_patches_to_ml_147_complete": 1741564849.6620066, "wfmanager_add_cgframes_to_ml_147_start": 1741564849.662222, "wfmanager_add_cgframes_to_ml_147_complete": 1741564849.6622536, "wfmanager_update_jobs_147_start": 1741564849.6622558, "wfmanager_update_jobs_147_complete": 1741564850.462072, "wfmanager_add_new_patches_mlserver_148_start": 1741564864.5106404, "wfmanager_add_new_patches_mlserver_148_complete": 1741564864.6288278, "wfmanager_add_new_patches_to_ml_148_start": 1741564864.628832, "wfmanager_add_new_patches_to_ml_148_complete": 1741564864.6288738, "wfmanager_add_cgframes_to_ml_148_start": 1741564864.6290605, "wfmanager_add_cgframes_to_ml_148_complete": 1741564864.6290832, "wfmanager_update_jobs_148_start": 1741564864.6290855, "wfmanager_update_jobs_148_complete": 1741564865.4368863, "wfmanager_add_new_patches_mlserver_149_start": 1741564879.511237, "wfmanager_add_new_patches_mlserver_149_complete": 1741564879.6337461, "wfmanager_add_new_patches_to_ml_149_start": 1741564879.6337495, "wfmanager_add_new_patches_to_ml_149_complete": 1741564879.6337702, "wfmanager_add_cgframes_to_ml_149_start": 1741564879.6339931, "wfmanager_add_cgframes_to_ml_149_complete": 1741564879.6340237, "wfmanager_update_jobs_149_start": 1741564879.634027, "wfmanager_update_jobs_149_complete": 1741564880.4392982, "wfmanager_add_new_patches_mlserver_150_start": 1741564894.511757, "wfmanager_add_new_patches_mlserver_150_complete": 1741564894.6368353, "wfmanager_add_new_patches_to_ml_150_start": 1741564894.6368399, "wfmanager_add_new_patches_to_ml_150_complete": 1741564894.6368597, "wfmanager_add_cgframes_to_ml_150_start": 1741564894.6370342, "wfmanager_add_cgframes_to_ml_150_complete": 1741564894.6370554, "wfmanager_update_jobs_150_start": 1741564894.6370573, "wfmanager_update_jobs_150_complete": 1741564895.4490018, "wfmanager_add_new_patches_mlserver_151_start": 1741564909.5123036, "wfmanager_add_new_patches_mlserver_151_complete": 1741564909.6298707, "wfmanager_add_new_patches_to_ml_151_start": 1741564909.629874, "wfmanager_add_new_patches_to_ml_151_complete": 1741564909.6298938, "wfmanager_add_cgframes_to_ml_151_start": 1741564909.630072, "wfmanager_add_cgframes_to_ml_151_complete": 1741564909.6300912, "wfmanager_update_jobs_151_start": 1741564909.630093, "wfmanager_update_jobs_151_complete": 1741564910.3769562, "wfmanager_add_new_patches_mlserver_152_start": 1741564924.5129905, "wfmanager_add_new_patches_mlserver_152_complete": 1741564924.650893, "wfmanager_add_new_patches_to_ml_152_start": 1741564924.6508973, "wfmanager_add_new_patches_to_ml_152_complete": 1741564924.6509113, "wfmanager_add_cgframes_to_ml_152_start": 1741564924.6510825, "wfmanager_add_cgframes_to_ml_152_complete": 1741564924.651101, "wfmanager_update_jobs_152_start": 1741564924.651104, "wfmanager_update_jobs_152_complete": 1741564925.511941, "wfmanager_add_new_patches_mlserver_153_start": 1741564939.5139368, "wfmanager_add_new_patches_mlserver_153_complete": 1741564943.5380795, "wfmanager_add_new_patches_to_ml_153_start": 1741564943.5380864, "wfmanager_add_new_patches_to_ml_153_complete": 1741564943.5381293, "wfmanager_add_cgframes_to_ml_153_start": 1741564943.5386393, "wfmanager_add_cgframes_to_ml_153_complete": 1741564943.5386813, "wfmanager_update_jobs_153_start": 1741564943.5386837, "wfmanager_update_jobs_153_complete": 1741564944.7236884, "wfmanager_add_new_patches_mlserver_154_start": 1741564954.5149198, "wfmanager_add_new_patches_mlserver_154_complete": 1741564954.733981, "wfmanager_add_new_patches_to_ml_154_start": 1741564954.733986, "wfmanager_add_new_patches_to_ml_154_complete": 1741564954.734013, "wfmanager_add_cgframes_to_ml_154_start": 1741564954.7345161, "wfmanager_add_cgframes_to_ml_154_complete": 1741564954.734591, "wfmanager_update_jobs_154_start": 1741564954.7345936, "wfmanager_update_jobs_154_complete": 1741564955.8800962, "wfmanager_add_new_patches_mlserver_155_start": 1741564969.5158176, "wfmanager_add_new_patches_mlserver_155_complete": 1741564969.7391882, "wfmanager_add_new_patches_to_ml_155_start": 1741564969.7391932, "wfmanager_add_new_patches_to_ml_155_complete": 1741564969.739224, "wfmanager_add_cgframes_to_ml_155_start": 1741564969.739514, "wfmanager_add_cgframes_to_ml_155_complete": 1741564969.7395456, "wfmanager_update_jobs_155_start": 1741564969.739548, "wfmanager_update_jobs_155_complete": 1741564970.8910792, "wfmanager_add_new_patches_mlserver_156_start": 1741564984.5167155, "wfmanager_add_new_patches_mlserver_156_complete": 1741564984.730995, "wfmanager_add_new_patches_to_ml_156_start": 1741564984.7310004, "wfmanager_add_new_patches_to_ml_156_complete": 1741564984.7311287, "wfmanager_add_cgframes_to_ml_156_start": 1741564984.7316906, "wfmanager_add_cgframes_to_ml_156_complete": 1741564984.73173, "wfmanager_update_jobs_156_start": 1741564984.731766, "wfmanager_update_jobs_156_complete": 1741564985.9358597, "wfmanager_add_new_patches_mlserver_157_start": 1741564999.5176365, "wfmanager_add_new_patches_mlserver_157_complete": 1741564999.729742, "wfmanager_add_new_patches_to_ml_157_start": 1741564999.729747, "wfmanager_add_new_patches_to_ml_157_complete": 1741564999.729784, "wfmanager_add_cgframes_to_ml_157_start": 1741564999.7302277, "wfmanager_add_cgframes_to_ml_157_complete": 1741564999.7302651, "wfmanager_update_jobs_157_start": 1741564999.7302687, "wfmanager_update_jobs_157_complete": 1741565000.8480647, "wfmanager_add_new_patches_mlserver_158_start": 1741565014.5185182, "wfmanager_add_new_patches_mlserver_158_complete": 1741565014.7440457, "wfmanager_add_new_patches_to_ml_158_start": 1741565014.7440505, "wfmanager_add_new_patches_to_ml_158_complete": 1741565014.7440789, "wfmanager_add_cgframes_to_ml_158_start": 1741565014.744528, "wfmanager_add_cgframes_to_ml_158_complete": 1741565014.7445645, "wfmanager_update_jobs_158_start": 1741565014.7445674, "wfmanager_update_jobs_158_complete": 1741565015.9491868, "wfmanager_add_new_patches_mlserver_159_start": 1741565029.5194752, "wfmanager_add_new_patches_mlserver_159_complete": 1741565029.725076, "wfmanager_add_new_patches_to_ml_159_start": 1741565029.7250779, "wfmanager_add_new_patches_to_ml_159_complete": 1741565029.7251062, "wfmanager_add_cgframes_to_ml_159_start": 1741565029.725563, "wfmanager_add_cgframes_to_ml_159_complete": 1741565029.7256036, "wfmanager_update_jobs_159_start": 1741565029.725606, "wfmanager_update_jobs_159_complete": 1741565030.9117422, "wfmanager_add_new_patches_mlserver_160_start": 1741565044.5203993, "wfmanager_add_new_patches_mlserver_160_complete": 1741565044.7309065, "wfmanager_add_new_patches_to_ml_160_start": 1741565044.7309115, "wfmanager_add_new_patches_to_ml_160_complete": 1741565044.7309413, "wfmanager_add_cgframes_to_ml_160_start": 1741565044.7315688, "wfmanager_add_cgframes_to_ml_160_complete": 1741565044.7316122, "wfmanager_update_jobs_160_start": 1741565044.7316163, "wfmanager_update_jobs_160_complete": 1741565045.9368393, "wfmanager_add_new_patches_mlserver_161_start": 1741565059.5213118, "wfmanager_add_new_patches_mlserver_161_complete": 1741565059.743172, "wfmanager_add_new_patches_to_ml_161_start": 1741565059.7431767, "wfmanager_add_new_patches_to_ml_161_complete": 1741565059.743207, "wfmanager_add_cgframes_to_ml_161_start": 1741565059.74369, "wfmanager_add_cgframes_to_ml_161_complete": 1741565059.7437274, "wfmanager_update_jobs_161_start": 1741565059.7437296, "wfmanager_update_jobs_161_complete": 1741565060.9192092, "wfmanager_add_new_patches_mlserver_162_start": 1741565074.5222487, "wfmanager_add_new_patches_mlserver_162_complete": 1741565074.772571, "wfmanager_add_new_patches_to_ml_162_start": 1741565074.7725759, "wfmanager_add_new_patches_to_ml_162_complete": 1741565074.772606, "wfmanager_add_cgframes_to_ml_162_start": 1741565074.773143, "wfmanager_add_cgframes_to_ml_162_complete": 1741565074.773179, "wfmanager_update_jobs_162_start": 1741565074.7731817, "wfmanager_update_jobs_162_complete": 1741565075.8939154, "wfmanager_add_new_patches_mlserver_163_start": 1741565089.5231674, "wfmanager_add_new_patches_mlserver_163_complete": 1741565089.7463253, "wfmanager_add_new_patches_to_ml_163_start": 1741565089.746331, "wfmanager_add_new_patches_to_ml_163_complete": 1741565089.746365, "wfmanager_add_cgframes_to_ml_163_start": 1741565089.7468402, "wfmanager_add_cgframes_to_ml_163_complete": 1741565089.746883, "wfmanager_update_jobs_163_start": 1741565089.7468865, "wfmanager_update_jobs_163_complete": 1741565090.9213073, "wfmanager_add_new_patches_mlserver_164_start": 1741565104.5240602, "wfmanager_add_new_patches_mlserver_164_complete": 1741565104.7266378, "wfmanager_add_new_patches_to_ml_164_start": 1741565104.7266426, "wfmanager_add_new_patches_to_ml_164_complete": 1741565104.7266707, "wfmanager_add_cgframes_to_ml_164_start": 1741565104.7271273, "wfmanager_add_cgframes_to_ml_164_complete": 1741565104.7271633, "wfmanager_update_jobs_164_start": 1741565104.7271657, "wfmanager_update_jobs_164_complete": 1741565105.8971722, "wfmanager_add_new_patches_mlserver_165_start": 1741565119.5249996, "wfmanager_add_new_patches_mlserver_165_complete": 1741565119.739729, "wfmanager_add_new_patches_to_ml_165_start": 1741565119.7397344, "wfmanager_add_new_patches_to_ml_165_complete": 1741565119.7397773, "wfmanager_add_cgframes_to_ml_165_start": 1741565119.7402506, "wfmanager_add_cgframes_to_ml_165_complete": 1741565119.740329, "wfmanager_update_jobs_165_start": 1741565119.7403314, "wfmanager_update_jobs_165_complete": 1741565120.9331014, "wfmanager_add_new_patches_mlserver_166_start": 1741565134.5259466, "wfmanager_add_new_patches_mlserver_166_complete": 1741565134.7354531, "wfmanager_add_new_patches_to_ml_166_start": 1741565134.735459, "wfmanager_add_new_patches_to_ml_166_complete": 1741565134.7354872, "wfmanager_add_cgframes_to_ml_166_start": 1741565134.7360215, "wfmanager_add_cgframes_to_ml_166_complete": 1741565134.7360587, "wfmanager_update_jobs_166_start": 1741565134.7360609, "wfmanager_update_jobs_166_complete": 1741565135.9005501, "wfmanager_add_new_patches_mlserver_167_start": 1741565149.526849, "wfmanager_add_new_patches_mlserver_167_complete": 1741565149.7445734, "wfmanager_add_new_patches_to_ml_167_start": 1741565149.7445784, "wfmanager_add_new_patches_to_ml_167_complete": 1741565149.744611, "wfmanager_add_cgframes_to_ml_167_start": 1741565149.7449152, "wfmanager_add_cgframes_to_ml_167_complete": 1741565149.7449503, "wfmanager_update_jobs_167_start": 1741565149.7449534, "wfmanager_update_jobs_167_complete": 1741565150.9278638, "wfmanager_add_new_patches_mlserver_168_start": 1741565164.527781, "wfmanager_add_new_patches_mlserver_168_complete": 1741565164.72816, "wfmanager_add_new_patches_to_ml_168_start": 1741565164.7281644, "wfmanager_add_new_patches_to_ml_168_complete": 1741565164.7282026, "wfmanager_add_cgframes_to_ml_168_start": 1741565164.7286668, "wfmanager_add_cgframes_to_ml_168_complete": 1741565164.728703, "wfmanager_update_jobs_168_start": 1741565164.728706, "wfmanager_update_jobs_168_complete": 1741565165.8739877, "wfmanager_add_new_patches_mlserver_169_start": 1741565179.5287058, "wfmanager_add_new_patches_mlserver_169_complete": 1741565179.7572856, "wfmanager_add_new_patches_to_ml_169_start": 1741565179.757291, "wfmanager_add_new_patches_to_ml_169_complete": 1741565179.7573197, "wfmanager_add_cgframes_to_ml_169_start": 1741565179.7578218, "wfmanager_add_cgframes_to_ml_169_complete": 1741565179.7579021, "wfmanager_update_jobs_169_start": 1741565179.7579618, "wfmanager_update_jobs_169_complete": 1741565180.943493, "wfmanager_add_new_patches_mlserver_170_start": 1741565194.529676, "wfmanager_add_new_patches_mlserver_170_complete": 1741565194.73244, "wfmanager_add_new_patches_to_ml_170_start": 1741565194.7324445, "wfmanager_add_new_patches_to_ml_170_complete": 1741565194.732476, "wfmanager_add_cgframes_to_ml_170_start": 1741565194.7329717, "wfmanager_add_cgframes_to_ml_170_complete": 1741565194.7330103, "wfmanager_update_jobs_170_start": 1741565194.733013, "wfmanager_update_jobs_170_complete": 1741565196.201549, "wfmanager_add_new_patches_mlserver_171_start": 1741565209.5363414, "wfmanager_add_new_patches_mlserver_171_complete": 1741565209.7499597, "wfmanager_add_new_patches_to_ml_171_start": 1741565209.7499628, "wfmanager_add_new_patches_to_ml_171_complete": 1741565209.7499917, "wfmanager_add_cgframes_to_ml_171_start": 1741565209.7504642, "wfmanager_add_cgframes_to_ml_171_complete": 1741565209.7505062, "wfmanager_update_jobs_171_start": 1741565209.750509, "wfmanager_update_jobs_171_complete": 1741565211.1264362, "wfmanager_add_new_patches_mlserver_172_start": 1741565224.5372863, "wfmanager_add_new_patches_mlserver_172_complete": 1741565224.754215, "wfmanager_add_new_patches_to_ml_172_start": 1741565224.7542207, "wfmanager_add_new_patches_to_ml_172_complete": 1741565224.7542572, "wfmanager_add_cgframes_to_ml_172_start": 1741565224.7545502, "wfmanager_add_cgframes_to_ml_172_complete": 1741565224.7545807, "wfmanager_update_jobs_172_start": 1741565224.7545836, "wfmanager_update_jobs_172_complete": 1741565226.1129136, "wfmanager_add_new_patches_mlserver_173_start": 1741565239.5381951, "wfmanager_add_new_patches_mlserver_173_complete": 1741565239.7711287, "wfmanager_add_new_patches_to_ml_173_start": 1741565239.7711334, "wfmanager_add_new_patches_to_ml_173_complete": 1741565239.7711608, "wfmanager_add_cgframes_to_ml_173_start": 1741565239.771613, "wfmanager_add_cgframes_to_ml_173_complete": 1741565239.7716475, "wfmanager_update_jobs_173_start": 1741565239.7716498, "wfmanager_update_jobs_173_complete": 1741565241.1495569, "wfmanager_add_new_patches_mlserver_174_start": 1741565254.5391583, "wfmanager_add_new_patches_mlserver_174_complete": 1741565254.7633877, "wfmanager_add_new_patches_to_ml_174_start": 1741565254.763392, "wfmanager_add_new_patches_to_ml_174_complete": 1741565254.7634223, "wfmanager_add_cgframes_to_ml_174_start": 1741565254.7639022, "wfmanager_add_cgframes_to_ml_174_complete": 1741565254.7639754, "wfmanager_update_jobs_174_start": 1741565254.7639785, "wfmanager_update_jobs_174_complete": 1741565256.132218, "wfmanager_add_new_patches_mlserver_175_start": 1741565269.5400655, "wfmanager_add_new_patches_mlserver_175_complete": 1741565269.7760324, "wfmanager_add_new_patches_to_ml_175_start": 1741565269.7760375, "wfmanager_add_new_patches_to_ml_175_complete": 1741565269.7760684, "wfmanager_add_cgframes_to_ml_175_start": 1741565269.776594, "wfmanager_add_cgframes_to_ml_175_complete": 1741565269.776637, "wfmanager_update_jobs_175_start": 1741565269.7766404, "wfmanager_update_jobs_175_complete": 1741565271.2181177, "wfmanager_add_new_patches_mlserver_176_start": 1741565284.5410588, "wfmanager_add_new_patches_mlserver_176_complete": 1741565284.7672994, "wfmanager_add_new_patches_to_ml_176_start": 1741565284.7673042, "wfmanager_add_new_patches_to_ml_176_complete": 1741565284.7673376, "wfmanager_add_cgframes_to_ml_176_start": 1741565284.7678616, "wfmanager_add_cgframes_to_ml_176_complete": 1741565284.7679002, "wfmanager_update_jobs_176_start": 1741565284.767903, "wfmanager_update_jobs_176_complete": 1741565286.2172809, "wfmanager_add_new_patches_mlserver_177_start": 1741565299.5419896, "wfmanager_add_new_patches_mlserver_177_complete": 1741565299.756087, "wfmanager_add_new_patches_to_ml_177_start": 1741565299.7560923, "wfmanager_add_new_patches_to_ml_177_complete": 1741565299.7561269, "wfmanager_add_cgframes_to_ml_177_start": 1741565299.756565, "wfmanager_add_cgframes_to_ml_177_complete": 1741565299.7566001, "wfmanager_update_jobs_177_start": 1741565299.7566028, "wfmanager_update_jobs_177_complete": 1741565301.2022293, "wfmanager_add_new_patches_mlserver_178_start": 1741565314.5429742, "wfmanager_add_new_patches_mlserver_178_complete": 1741565314.7615497, "wfmanager_add_new_patches_to_ml_178_start": 1741565314.7615547, "wfmanager_add_new_patches_to_ml_178_complete": 1741565314.7615924, "wfmanager_add_cgframes_to_ml_178_start": 1741565314.762072, "wfmanager_add_cgframes_to_ml_178_complete": 1741565314.7621078, "wfmanager_update_jobs_178_start": 1741565314.76211, "wfmanager_update_jobs_178_complete": 1741565316.1983807, "wfmanager_add_new_patches_mlserver_179_start": 1741565329.5441012, "wfmanager_add_new_patches_mlserver_179_complete": 1741565329.7637017, "wfmanager_add_new_patches_to_ml_179_start": 1741565329.7637064, "wfmanager_add_new_patches_to_ml_179_complete": 1741565329.7637377, "wfmanager_add_cgframes_to_ml_179_start": 1741565329.7642877, "wfmanager_add_cgframes_to_ml_179_complete": 1741565329.7643242, "wfmanager_update_jobs_179_start": 1741565329.7643263, "wfmanager_update_jobs_179_complete": 1741565331.247636, "wfmanager_add_new_patches_mlserver_180_start": 1741565344.5448794, "wfmanager_add_new_patches_mlserver_180_complete": 1741565344.7681339, "wfmanager_add_new_patches_to_ml_180_start": 1741565344.7681384, "wfmanager_add_new_patches_to_ml_180_complete": 1741565344.7681665, "wfmanager_add_cgframes_to_ml_180_start": 1741565344.7686012, "wfmanager_add_cgframes_to_ml_180_complete": 1741565344.7686386, "wfmanager_update_jobs_180_start": 1741565344.768641, "wfmanager_update_jobs_180_complete": 1741565346.1611001, "wfmanager_add_new_patches_mlserver_181_start": 1741565359.5458205, "wfmanager_add_new_patches_mlserver_181_complete": 1741565359.7697794, "wfmanager_add_new_patches_to_ml_181_start": 1741565359.7697842, "wfmanager_add_new_patches_to_ml_181_complete": 1741565359.7698135, "wfmanager_add_cgframes_to_ml_181_start": 1741565359.7702987, "wfmanager_add_cgframes_to_ml_181_complete": 1741565359.7703836, "wfmanager_update_jobs_181_start": 1741565359.770387, "wfmanager_update_jobs_181_complete": 1741565361.170472, "wfmanager_add_new_patches_mlserver_182_start": 1741565374.5467513, "wfmanager_add_new_patches_mlserver_182_complete": 1741565374.7676284, "wfmanager_add_new_patches_to_ml_182_start": 1741565374.7676342, "wfmanager_add_new_patches_to_ml_182_complete": 1741565374.7676637, "wfmanager_add_cgframes_to_ml_182_start": 1741565374.7681587, "wfmanager_add_cgframes_to_ml_182_complete": 1741565374.7682335, "wfmanager_update_jobs_182_start": 1741565374.7682364, "wfmanager_update_jobs_182_complete": 1741565376.17904, "wfmanager_add_new_patches_mlserver_183_start": 1741565389.5476544, "wfmanager_add_new_patches_mlserver_183_complete": 1741565389.7723932, "wfmanager_add_new_patches_to_ml_183_start": 1741565389.7723975, "wfmanager_add_new_patches_to_ml_183_complete": 1741565389.772426, "wfmanager_add_cgframes_to_ml_183_start": 1741565389.7728655, "wfmanager_add_cgframes_to_ml_183_complete": 1741565389.7729006, "wfmanager_update_jobs_183_start": 1741565389.772903, "wfmanager_update_jobs_183_complete": 1741565391.198778, "wfmanager_add_new_patches_mlserver_184_start": 1741565404.5486104, "wfmanager_add_new_patches_mlserver_184_complete": 1741565404.7606995, "wfmanager_add_new_patches_to_ml_184_start": 1741565404.760705, "wfmanager_add_new_patches_to_ml_184_complete": 1741565404.7607844, "wfmanager_add_cgframes_to_ml_184_start": 1741565404.7613344, "wfmanager_add_cgframes_to_ml_184_complete": 1741565404.7613697, "wfmanager_update_jobs_184_start": 1741565404.7613723, "wfmanager_update_jobs_184_complete": 1741565406.281711, "wfmanager_add_new_patches_mlserver_185_start": 1741565419.5495417, "wfmanager_add_new_patches_mlserver_185_complete": 1741565419.759778, "wfmanager_add_new_patches_to_ml_185_start": 1741565419.759782, "wfmanager_add_new_patches_to_ml_185_complete": 1741565419.7598305, "wfmanager_add_cgframes_to_ml_185_start": 1741565419.7602684, "wfmanager_add_cgframes_to_ml_185_complete": 1741565419.7603087, "wfmanager_update_jobs_185_start": 1741565419.7603111, "wfmanager_update_jobs_185_complete": 1741565421.1875713, "wfmanager_add_new_patches_mlserver_186_start": 1741565434.5504344, "wfmanager_add_new_patches_mlserver_186_complete": 1741565434.7701025, "wfmanager_add_new_patches_to_ml_186_start": 1741565434.7701075, "wfmanager_add_new_patches_to_ml_186_complete": 1741565434.7701647, "wfmanager_add_cgframes_to_ml_186_start": 1741565434.7705984, "wfmanager_add_cgframes_to_ml_186_complete": 1741565434.7706382, "wfmanager_update_jobs_186_start": 1741565434.7706406, "wfmanager_update_jobs_186_complete": 1741565436.1970327, "wfmanager_add_new_patches_mlserver_187_start": 1741565449.551355, "wfmanager_add_new_patches_mlserver_187_complete": 1741565449.7674937, "wfmanager_add_new_patches_to_ml_187_start": 1741565449.767498, "wfmanager_add_new_patches_to_ml_187_complete": 1741565449.767551, "wfmanager_add_cgframes_to_ml_187_start": 1741565449.7679944, "wfmanager_add_cgframes_to_ml_187_complete": 1741565449.7680323, "wfmanager_update_jobs_187_start": 1741565449.768035, "wfmanager_update_jobs_187_complete": 1741565451.2099407, "wfmanager_add_new_patches_mlserver_188_start": 1741565464.5522974, "wfmanager_add_new_patches_mlserver_188_complete": 1741565464.7756927, "wfmanager_add_new_patches_to_ml_188_start": 1741565464.775697, "wfmanager_add_new_patches_to_ml_188_complete": 1741565464.7757256, "wfmanager_add_cgframes_to_ml_188_start": 1741565464.7759943, "wfmanager_add_cgframes_to_ml_188_complete": 1741565464.7760243, "wfmanager_update_jobs_188_start": 1741565464.7760267, "wfmanager_update_jobs_188_complete": 1741565466.1845841, "wfmanager_add_new_patches_mlserver_189_start": 1741565479.5532386, "wfmanager_add_new_patches_mlserver_189_complete": 1741565479.7811494, "wfmanager_add_new_patches_to_ml_189_start": 1741565479.7811537, "wfmanager_add_new_patches_to_ml_189_complete": 1741565479.7811823, "wfmanager_add_cgframes_to_ml_189_start": 1741565479.78165, "wfmanager_add_cgframes_to_ml_189_complete": 1741565479.7816877, "wfmanager_update_jobs_189_start": 1741565479.7816906, "wfmanager_update_jobs_189_complete": 1741565481.1809728, "wfmanager_add_new_patches_mlserver_190_start": 1741565494.554141, "wfmanager_add_new_patches_mlserver_190_complete": 1741565494.8238158, "wfmanager_add_new_patches_to_ml_190_start": 1741565494.8238218, "wfmanager_add_new_patches_to_ml_190_complete": 1741565494.8238583, "wfmanager_add_cgframes_to_ml_190_start": 1741565494.8242989, "wfmanager_add_cgframes_to_ml_190_complete": 1741565494.8243358, "wfmanager_update_jobs_190_start": 1741565494.8243382, "wfmanager_update_jobs_190_complete": 1741565496.2651277, "wfmanager_add_new_patches_mlserver_191_start": 1741565509.5550332, "wfmanager_add_new_patches_mlserver_191_complete": 1741565509.7733479, "wfmanager_add_new_patches_to_ml_191_start": 1741565509.7733521, "wfmanager_add_new_patches_to_ml_191_complete": 1741565509.7733874, "wfmanager_add_cgframes_to_ml_191_start": 1741565509.7738304, "wfmanager_add_cgframes_to_ml_191_complete": 1741565509.7738695, "wfmanager_update_jobs_191_start": 1741565509.773872, "wfmanager_update_jobs_191_complete": 1741565511.1824856, "wfmanager_add_new_patches_mlserver_192_start": 1741565524.5560288, "wfmanager_add_new_patches_mlserver_192_complete": 1741565524.7916026, "wfmanager_add_new_patches_to_ml_192_start": 1741565524.7916064, "wfmanager_add_new_patches_to_ml_192_complete": 1741565524.7916257, "wfmanager_add_cgframes_to_ml_192_start": 1741565524.7918894, "wfmanager_add_cgframes_to_ml_192_complete": 1741565524.7919104, "wfmanager_update_jobs_192_start": 1741565524.791912, "wfmanager_update_jobs_192_complete": 1741565526.2632868, "wfmanager_add_new_patches_mlserver_193_start": 1741565539.557156, "wfmanager_add_new_patches_mlserver_193_complete": 1741565539.767114, "wfmanager_add_new_patches_to_ml_193_start": 1741565539.7671192, "wfmanager_add_new_patches_to_ml_193_complete": 1741565539.7671487, "wfmanager_add_cgframes_to_ml_193_start": 1741565539.7676663, "wfmanager_add_cgframes_to_ml_193_complete": 1741565539.7677073, "wfmanager_update_jobs_193_start": 1741565539.7677102, "wfmanager_update_jobs_193_complete": 1741565541.239435, "wfmanager_add_new_patches_mlserver_194_start": 1741565554.5580928, "wfmanager_add_new_patches_mlserver_194_complete": 1741565554.7812755, "wfmanager_add_new_patches_to_ml_194_start": 1741565554.7812805, "wfmanager_add_new_patches_to_ml_194_complete": 1741565554.7813106, "wfmanager_add_cgframes_to_ml_194_start": 1741565554.7818365, "wfmanager_add_cgframes_to_ml_194_complete": 1741565554.7819161, "wfmanager_update_jobs_194_start": 1741565554.78192, "wfmanager_update_jobs_194_complete": 1741565556.174782, "wfmanager_add_new_patches_mlserver_195_start": 1741565569.5590162, "wfmanager_add_new_patches_mlserver_195_complete": 1741565569.7784758, "wfmanager_add_new_patches_to_ml_195_start": 1741565569.77848, "wfmanager_add_new_patches_to_ml_195_complete": 1741565569.7785115, "wfmanager_add_cgframes_to_ml_195_start": 1741565569.7789443, "wfmanager_add_cgframes_to_ml_195_complete": 1741565569.7789843, "wfmanager_update_jobs_195_start": 1741565569.7789867, "wfmanager_update_jobs_195_complete": 1741565571.1445687, "wfmanager_add_new_patches_mlserver_196_start": 1741565584.5599098, "wfmanager_add_new_patches_mlserver_196_complete": 1741565584.7842917, "wfmanager_add_new_patches_to_ml_196_start": 1741565584.7842963, "wfmanager_add_new_patches_to_ml_196_complete": 1741565584.784325, "wfmanager_add_cgframes_to_ml_196_start": 1741565584.78482, "wfmanager_add_cgframes_to_ml_196_complete": 1741565584.7848554, "wfmanager_update_jobs_196_start": 1741565584.7848585, "wfmanager_update_jobs_196_complete": 1741565586.1890996, "wfmanager_add_new_patches_mlserver_197_start": 1741565599.5608382, "wfmanager_add_new_patches_mlserver_197_complete": 1741565599.7839708, "wfmanager_add_new_patches_to_ml_197_start": 1741565599.7839754, "wfmanager_add_new_patches_to_ml_197_complete": 1741565599.7840068, "wfmanager_add_cgframes_to_ml_197_start": 1741565599.7844813, "wfmanager_add_cgframes_to_ml_197_complete": 1741565599.7845173, "wfmanager_update_jobs_197_start": 1741565599.7845201, "wfmanager_update_jobs_197_complete": 1741565601.2212372, "wfmanager_add_new_patches_mlserver_198_start": 1741565614.5617807, "wfmanager_add_new_patches_mlserver_198_complete": 1741565614.7731361, "wfmanager_add_new_patches_to_ml_198_start": 1741565614.7731407, "wfmanager_add_new_patches_to_ml_198_complete": 1741565614.7731707, "wfmanager_add_cgframes_to_ml_198_start": 1741565614.7736375, "wfmanager_add_cgframes_to_ml_198_complete": 1741565614.7737164, "wfmanager_update_jobs_198_start": 1741565614.7737224, "wfmanager_update_jobs_198_complete": 1741565616.138967, "wfmanager_add_new_patches_mlserver_199_start": 1741565629.5626986, "wfmanager_add_new_patches_mlserver_199_complete": 1741565629.7838683, "wfmanager_add_new_patches_to_ml_199_start": 1741565629.7838733, "wfmanager_add_new_patches_to_ml_199_complete": 1741565629.7839124, "wfmanager_add_cgframes_to_ml_199_start": 1741565629.7843592, "wfmanager_add_cgframes_to_ml_199_complete": 1741565629.7843974, "wfmanager_update_jobs_199_start": 1741565629.7843995, "wfmanager_update_jobs_199_complete": 1741565631.2177997, "wfmanager_add_new_patches_mlserver_200_start": 1741565644.5636013, "wfmanager_add_new_patches_mlserver_200_complete": 1741565644.7915828, "wfmanager_add_new_patches_to_ml_200_start": 1741565644.7915869, "wfmanager_add_new_patches_to_ml_200_complete": 1741565644.7916074, "wfmanager_add_cgframes_to_ml_200_start": 1741565644.7918136, "wfmanager_add_cgframes_to_ml_200_complete": 1741565644.791841, "wfmanager_update_jobs_200_start": 1741565644.7918437, "wfmanager_update_jobs_200_complete": 1741565646.2396076, "wfmanager_add_new_patches_mlserver_201_start": 1741565659.5644944, "wfmanager_add_new_patches_mlserver_201_complete": 1741565659.7976797, "wfmanager_add_new_patches_to_ml_201_start": 1741565659.7976842, "wfmanager_add_new_patches_to_ml_201_complete": 1741565659.797713, "wfmanager_add_cgframes_to_ml_201_start": 1741565659.7984664, "wfmanager_add_cgframes_to_ml_201_complete": 1741565659.7985067, "wfmanager_update_jobs_201_start": 1741565659.7985094, "wfmanager_update_jobs_201_complete": 1741565661.192443, "wfmanager_add_new_patches_mlserver_202_start": 1741565674.565428, "wfmanager_add_new_patches_mlserver_202_complete": 1741565674.7908862, "wfmanager_add_new_patches_to_ml_202_start": 1741565674.7908905, "wfmanager_add_new_patches_to_ml_202_complete": 1741565674.790911, "wfmanager_add_cgframes_to_ml_202_start": 1741565674.7911177, "wfmanager_add_cgframes_to_ml_202_complete": 1741565674.7911386, "wfmanager_update_jobs_202_start": 1741565674.7911406, "wfmanager_update_jobs_202_complete": 1741565676.1259875, "wfmanager_add_new_patches_mlserver_203_start": 1741565689.5663586, "wfmanager_add_new_patches_mlserver_203_complete": 1741565689.9257512, "wfmanager_add_new_patches_to_ml_203_start": 1741565689.925757, "wfmanager_add_new_patches_to_ml_203_complete": 1741565689.9257867, "wfmanager_add_cgframes_to_ml_203_start": 1741565689.9260736, "wfmanager_add_cgframes_to_ml_203_complete": 1741565689.926214, "wfmanager_update_jobs_203_start": 1741565689.926218, "wfmanager_update_jobs_203_complete": 1741565691.3975198, "wfmanager_add_new_patches_mlserver_204_start": 1741565704.5672355, "wfmanager_add_new_patches_mlserver_204_complete": 1741565708.5613186, "wfmanager_add_new_patches_to_ml_204_start": 1741565708.5613246, "wfmanager_add_new_patches_to_ml_204_complete": 1741565708.5613544, "wfmanager_add_cgframes_to_ml_204_start": 1741565708.5618355, "wfmanager_add_cgframes_to_ml_204_complete": 1741565708.5618706, "wfmanager_update_jobs_204_start": 1741565708.5618727, "wfmanager_update_jobs_204_complete": 1741565710.004709, "wfmanager_add_new_patches_mlserver_205_start": 1741565719.568138, "wfmanager_add_new_patches_mlserver_205_complete": 1741565719.8262446, "wfmanager_add_new_patches_to_ml_205_start": 1741565719.82625, "wfmanager_add_new_patches_to_ml_205_complete": 1741565719.826287, "wfmanager_add_cgframes_to_ml_205_start": 1741565719.8267465, "wfmanager_add_cgframes_to_ml_205_complete": 1741565719.8267858, "wfmanager_update_jobs_205_start": 1741565719.8267882, "wfmanager_update_jobs_205_complete": 1741565721.2348344, "wfmanager_add_new_patches_mlserver_206_start": 1741565734.5691676, "wfmanager_add_new_patches_mlserver_206_complete": 1741565734.8336573, "wfmanager_add_new_patches_to_ml_206_start": 1741565734.8336623, "wfmanager_add_new_patches_to_ml_206_complete": 1741565734.8336918, "wfmanager_add_cgframes_to_ml_206_start": 1741565734.8342628, "wfmanager_add_cgframes_to_ml_206_complete": 1741565734.8343444, "wfmanager_update_jobs_206_start": 1741565734.8343475, "wfmanager_update_jobs_206_complete": 1741565736.2540834, "wfmanager_add_new_patches_mlserver_207_start": 1741565749.570066, "wfmanager_add_new_patches_mlserver_207_complete": 1741565749.812064, "wfmanager_add_new_patches_to_ml_207_start": 1741565749.8120694, "wfmanager_add_new_patches_to_ml_207_complete": 1741565749.8121014, "wfmanager_add_cgframes_to_ml_207_start": 1741565749.8125563, "wfmanager_add_cgframes_to_ml_207_complete": 1741565749.812597, "wfmanager_update_jobs_207_start": 1741565749.8126, "wfmanager_update_jobs_207_complete": 1741565751.2683687, "wfmanager_add_new_patches_mlserver_208_start": 1741565764.5710433, "wfmanager_add_new_patches_mlserver_208_complete": 1741565764.8200538, "wfmanager_add_new_patches_to_ml_208_start": 1741565764.820059, "wfmanager_add_new_patches_to_ml_208_complete": 1741565764.8201, "wfmanager_add_cgframes_to_ml_208_start": 1741565764.8205762, "wfmanager_add_cgframes_to_ml_208_complete": 1741565764.8206136, "wfmanager_update_jobs_208_start": 1741565764.820616, "wfmanager_update_jobs_208_complete": 1741565766.252542, "wfmanager_add_new_patches_mlserver_209_start": 1741565779.5719051, "wfmanager_add_new_patches_mlserver_209_complete": 1741565779.8179846, "wfmanager_add_new_patches_to_ml_209_start": 1741565779.8179903, "wfmanager_add_new_patches_to_ml_209_complete": 1741565779.81802, "wfmanager_add_cgframes_to_ml_209_start": 1741565779.8185465, "wfmanager_add_cgframes_to_ml_209_complete": 1741565779.818583, "wfmanager_update_jobs_209_start": 1741565779.8185852, "wfmanager_update_jobs_209_complete": 1741565781.2191687, "wfmanager_add_new_patches_mlserver_210_start": 1741565794.5728762, "wfmanager_add_new_patches_mlserver_210_complete": 1741565794.8364685, "wfmanager_add_new_patches_to_ml_210_start": 1741565794.836474, "wfmanager_add_new_patches_to_ml_210_complete": 1741565794.8365073, "wfmanager_add_cgframes_to_ml_210_start": 1741565794.837021, "wfmanager_add_cgframes_to_ml_210_complete": 1741565794.8370593, "wfmanager_update_jobs_210_start": 1741565794.8370624, "wfmanager_update_jobs_210_complete": 1741565796.2132368, "wfmanager_add_new_patches_mlserver_211_start": 1741565809.5737395, "wfmanager_add_new_patches_mlserver_211_complete": 1741565809.832074, "wfmanager_add_new_patches_to_ml_211_start": 1741565809.8320782, "wfmanager_add_new_patches_to_ml_211_complete": 1741565809.832142, "wfmanager_add_cgframes_to_ml_211_start": 1741565809.832618, "wfmanager_add_cgframes_to_ml_211_complete": 1741565809.8326948, "wfmanager_update_jobs_211_start": 1741565809.8326979, "wfmanager_update_jobs_211_complete": 1741565811.2870572, "wfmanager_add_new_patches_mlserver_212_start": 1741565824.5744438, "wfmanager_add_new_patches_mlserver_212_complete": 1741565824.8305902, "wfmanager_add_new_patches_to_ml_212_start": 1741565824.830595, "wfmanager_add_new_patches_to_ml_212_complete": 1741565824.8306317, "wfmanager_add_cgframes_to_ml_212_start": 1741565824.8311067, "wfmanager_add_cgframes_to_ml_212_complete": 1741565824.8311412, "wfmanager_update_jobs_212_start": 1741565824.8311436, "wfmanager_update_jobs_212_complete": 1741565826.2124898, "wfmanager_add_new_patches_mlserver_213_start": 1741565839.5753639, "wfmanager_add_new_patches_mlserver_213_complete": 1741565839.8240845, "wfmanager_add_new_patches_to_ml_213_start": 1741565839.824089, "wfmanager_add_new_patches_to_ml_213_complete": 1741565839.8241165, "wfmanager_add_cgframes_to_ml_213_start": 1741565839.8246057, "wfmanager_add_cgframes_to_ml_213_complete": 1741565839.8246417, "wfmanager_update_jobs_213_start": 1741565839.8246448, "wfmanager_update_jobs_213_complete": 1741565841.2964418, "wfmanager_add_new_patches_mlserver_214_start": 1741565854.5762715, "wfmanager_add_new_patches_mlserver_214_complete": 1741565854.8568504, "wfmanager_add_new_patches_to_ml_214_start": 1741565854.8568556, "wfmanager_add_new_patches_to_ml_214_complete": 1741565854.8568947, "wfmanager_add_cgframes_to_ml_214_start": 1741565854.8573492, "wfmanager_add_cgframes_to_ml_214_complete": 1741565854.857384, "wfmanager_update_jobs_214_start": 1741565854.8573868, "wfmanager_update_jobs_214_complete": 1741565856.28649, "wfmanager_add_new_patches_mlserver_215_start": 1741565869.5772498, "wfmanager_add_new_patches_mlserver_215_complete": 1741565869.8264549, "wfmanager_add_new_patches_to_ml_215_start": 1741565869.8264604, "wfmanager_add_new_patches_to_ml_215_complete": 1741565869.8265035, "wfmanager_add_cgframes_to_ml_215_start": 1741565869.8270807, "wfmanager_add_cgframes_to_ml_215_complete": 1741565869.8271606, "wfmanager_update_jobs_215_start": 1741565869.827163, "wfmanager_update_jobs_215_complete": 1741565871.2544203, "wfmanager_add_new_patches_mlserver_216_start": 1741565884.578125, "wfmanager_add_new_patches_mlserver_216_complete": 1741565884.8412864, "wfmanager_add_new_patches_to_ml_216_start": 1741565884.8412912, "wfmanager_add_new_patches_to_ml_216_complete": 1741565884.8413284, "wfmanager_add_cgframes_to_ml_216_start": 1741565884.8418539, "wfmanager_add_cgframes_to_ml_216_complete": 1741565884.8419304, "wfmanager_update_jobs_216_start": 1741565884.841933, "wfmanager_update_jobs_216_complete": 1741565886.2518635, "wfmanager_add_new_patches_mlserver_217_start": 1741565899.579024, "wfmanager_add_new_patches_mlserver_217_complete": 1741565899.8267746, "wfmanager_add_new_patches_to_ml_217_start": 1741565899.8267798, "wfmanager_add_new_patches_to_ml_217_complete": 1741565899.8268108, "wfmanager_add_cgframes_to_ml_217_start": 1741565899.8272676, "wfmanager_add_cgframes_to_ml_217_complete": 1741565899.827302, "wfmanager_update_jobs_217_start": 1741565899.8273044, "wfmanager_update_jobs_217_complete": 1741565901.2775953, "wfmanager_add_new_patches_mlserver_218_start": 1741565914.579955, "wfmanager_add_new_patches_mlserver_218_complete": 1741565914.8278887, "wfmanager_add_new_patches_to_ml_218_start": 1741565914.8278942, "wfmanager_add_new_patches_to_ml_218_complete": 1741565914.827923, "wfmanager_add_cgframes_to_ml_218_start": 1741565914.8284028, "wfmanager_add_cgframes_to_ml_218_complete": 1741565914.82844, "wfmanager_update_jobs_218_start": 1741565914.8284433, "wfmanager_update_jobs_218_complete": 1741565916.2330163, "wfmanager_add_new_patches_mlserver_219_start": 1741565929.5809205, "wfmanager_add_new_patches_mlserver_219_complete": 1741565929.8344908, "wfmanager_add_new_patches_to_ml_219_start": 1741565929.834495, "wfmanager_add_new_patches_to_ml_219_complete": 1741565929.8345256, "wfmanager_add_cgframes_to_ml_219_start": 1741565929.8349595, "wfmanager_add_cgframes_to_ml_219_complete": 1741565929.834996, "wfmanager_update_jobs_219_start": 1741565929.8349986, "wfmanager_update_jobs_219_complete": 1741565931.2704923, "wfmanager_add_new_patches_mlserver_220_start": 1741565944.581818, "wfmanager_add_new_patches_mlserver_220_complete": 1741565944.8511136, "wfmanager_add_new_patches_to_ml_220_start": 1741565944.8511188, "wfmanager_add_new_patches_to_ml_220_complete": 1741565944.851154, "wfmanager_add_cgframes_to_ml_220_start": 1741565944.851674, "wfmanager_add_cgframes_to_ml_220_complete": 1741565944.851747, "wfmanager_update_jobs_220_start": 1741565944.85175, "wfmanager_update_jobs_220_complete": 1741565946.2955136, "wfmanager_add_new_patches_mlserver_221_start": 1741565959.5827324, "wfmanager_add_new_patches_mlserver_221_complete": 1741565959.841018, "wfmanager_add_new_patches_to_ml_221_start": 1741565959.8410234, "wfmanager_add_new_patches_to_ml_221_complete": 1741565959.8410532, "wfmanager_add_cgframes_to_ml_221_start": 1741565959.8415549, "wfmanager_add_cgframes_to_ml_221_complete": 1741565959.8416243, "wfmanager_update_jobs_221_start": 1741565959.8416274, "wfmanager_update_jobs_221_complete": 1741565961.5197716, "wfmanager_add_new_patches_mlserver_222_start": 1741565974.5836585, "wfmanager_add_new_patches_mlserver_222_complete": 1741565974.8400576, "wfmanager_add_new_patches_to_ml_222_start": 1741565974.8400626, "wfmanager_add_new_patches_to_ml_222_complete": 1741565974.8401024, "wfmanager_add_cgframes_to_ml_222_start": 1741565974.8406014, "wfmanager_add_cgframes_to_ml_222_complete": 1741565974.8406386, "wfmanager_update_jobs_222_start": 1741565974.8406756, "wfmanager_update_jobs_222_complete": 1741565976.5263407, "wfmanager_add_new_patches_mlserver_223_start": 1741565989.5846493, "wfmanager_add_new_patches_mlserver_223_complete": 1741565989.8934138, "wfmanager_add_new_patches_to_ml_223_start": 1741565989.893419, "wfmanager_add_new_patches_to_ml_223_complete": 1741565989.8934474, "wfmanager_add_cgframes_to_ml_223_start": 1741565989.8940115, "wfmanager_add_cgframes_to_ml_223_complete": 1741565989.8940918, "wfmanager_update_jobs_223_start": 1741565989.894095, "wfmanager_update_jobs_223_complete": 1741565991.5673747, "wfmanager_add_new_patches_mlserver_224_start": 1741566004.5856104, "wfmanager_add_new_patches_mlserver_224_complete": 1741566004.880067, "wfmanager_add_new_patches_to_ml_224_start": 1741566004.8800724, "wfmanager_add_new_patches_to_ml_224_complete": 1741566004.8801057, "wfmanager_add_cgframes_to_ml_224_start": 1741566004.8805838, "wfmanager_add_cgframes_to_ml_224_complete": 1741566004.8806207, "wfmanager_update_jobs_224_start": 1741566004.880623, "wfmanager_update_jobs_224_complete": 1741566006.5356503, "wfmanager_add_new_patches_mlserver_225_start": 1741566019.5864968, "wfmanager_add_new_patches_mlserver_225_complete": 1741566019.8356795, "wfmanager_add_new_patches_to_ml_225_start": 1741566019.8356845, "wfmanager_add_new_patches_to_ml_225_complete": 1741566019.8357184, "wfmanager_add_cgframes_to_ml_225_start": 1741566019.8361611, "wfmanager_add_cgframes_to_ml_225_complete": 1741566019.8362, "wfmanager_update_jobs_225_start": 1741566019.836203, "wfmanager_update_jobs_225_complete": 1741566021.4906213, "wfmanager_add_new_patches_mlserver_226_start": 1741566034.5872219, "wfmanager_add_new_patches_mlserver_226_complete": 1741566034.8521295, "wfmanager_add_new_patches_to_ml_226_start": 1741566034.8521338, "wfmanager_add_new_patches_to_ml_226_complete": 1741566034.852163, "wfmanager_add_cgframes_to_ml_226_start": 1741566034.8526828, "wfmanager_add_cgframes_to_ml_226_complete": 1741566034.8527594, "wfmanager_update_jobs_226_start": 1741566034.8527646, "wfmanager_update_jobs_226_complete": 1741566036.533652, "wfmanager_add_new_patches_mlserver_227_start": 1741566049.5884235, "wfmanager_add_new_patches_mlserver_227_complete": 1741566049.8784173, "wfmanager_add_new_patches_to_ml_227_start": 1741566049.8784223, "wfmanager_add_new_patches_to_ml_227_complete": 1741566049.8784597, "wfmanager_add_cgframes_to_ml_227_start": 1741566049.8789773, "wfmanager_add_cgframes_to_ml_227_complete": 1741566049.879013, "wfmanager_update_jobs_227_start": 1741566049.8790555, "wfmanager_update_jobs_227_complete": 1741566051.489378, "wfmanager_add_new_patches_mlserver_228_start": 1741566064.589077, "wfmanager_add_new_patches_mlserver_228_complete": 1741566064.8648498, "wfmanager_add_new_patches_to_ml_228_start": 1741566064.8648553, "wfmanager_add_new_patches_to_ml_228_complete": 1741566064.8648927, "wfmanager_add_cgframes_to_ml_228_start": 1741566064.8654742, "wfmanager_add_cgframes_to_ml_228_complete": 1741566064.8655534, "wfmanager_update_jobs_228_start": 1741566064.8655574, "wfmanager_update_jobs_228_complete": 1741566066.5154088, "wfmanager_add_new_patches_mlserver_229_start": 1741566079.58997, "wfmanager_add_new_patches_mlserver_229_complete": 1741566079.8471198, "wfmanager_add_new_patches_to_ml_229_start": 1741566079.8471262, "wfmanager_add_new_patches_to_ml_229_complete": 1741566079.847164, "wfmanager_add_cgframes_to_ml_229_start": 1741566079.8476026, "wfmanager_add_cgframes_to_ml_229_complete": 1741566079.8476403, "wfmanager_update_jobs_229_start": 1741566079.8476431, "wfmanager_update_jobs_229_complete": 1741566081.5260596, "wfmanager_add_new_patches_mlserver_230_start": 1741566094.590541, "wfmanager_add_new_patches_mlserver_230_complete": 1741566094.8503644, "wfmanager_add_new_patches_to_ml_230_start": 1741566094.8503692, "wfmanager_add_new_patches_to_ml_230_complete": 1741566094.8504078, "wfmanager_add_cgframes_to_ml_230_start": 1741566094.850678, "wfmanager_add_cgframes_to_ml_230_complete": 1741566094.8507085, "wfmanager_update_jobs_230_start": 1741566094.850842, "wfmanager_update_jobs_230_complete": 1741566096.562504, "wfmanager_add_new_patches_mlserver_231_start": 1741566109.5914469, "wfmanager_add_new_patches_mlserver_231_complete": 1741566109.8917186, "wfmanager_add_new_patches_to_ml_231_start": 1741566109.891722, "wfmanager_add_new_patches_to_ml_231_complete": 1741566109.8917418, "wfmanager_add_cgframes_to_ml_231_start": 1741566109.8920233, "wfmanager_add_cgframes_to_ml_231_complete": 1741566109.8920438, "wfmanager_update_jobs_231_start": 1741566109.8920457, "wfmanager_update_jobs_231_complete": 1741566111.5224688, "wfmanager_add_new_patches_mlserver_232_start": 1741566124.592352, "wfmanager_add_new_patches_mlserver_232_complete": 1741566124.8798048, "wfmanager_add_new_patches_to_ml_232_start": 1741566124.8798115, "wfmanager_add_new_patches_to_ml_232_complete": 1741566124.8798509, "wfmanager_add_cgframes_to_ml_232_start": 1741566124.8803184, "wfmanager_add_cgframes_to_ml_232_complete": 1741566124.8803942, "wfmanager_update_jobs_232_start": 1741566124.8803973, "wfmanager_update_jobs_232_complete": 1741566126.5673046, "wfmanager_add_new_patches_mlserver_233_start": 1741566139.5933757, "wfmanager_add_new_patches_mlserver_233_complete": 1741566139.8479342, "wfmanager_add_new_patches_to_ml_233_start": 1741566139.847939, "wfmanager_add_new_patches_to_ml_233_complete": 1741566139.8479707, "wfmanager_add_cgframes_to_ml_233_start": 1741566139.8484137, "wfmanager_add_cgframes_to_ml_233_complete": 1741566139.8484516, "wfmanager_update_jobs_233_start": 1741566139.8484542, "wfmanager_update_jobs_233_complete": 1741566141.4840124, "wfmanager_add_new_patches_mlserver_234_start": 1741566154.594065, "wfmanager_add_new_patches_mlserver_234_complete": 1741566154.8553722, "wfmanager_add_new_patches_to_ml_234_start": 1741566154.8553772, "wfmanager_add_new_patches_to_ml_234_complete": 1741566154.8554087, "wfmanager_add_cgframes_to_ml_234_start": 1741566154.855702, "wfmanager_add_cgframes_to_ml_234_complete": 1741566154.8557315, "wfmanager_update_jobs_234_start": 1741566154.8558755, "wfmanager_update_jobs_234_complete": 1741566156.5941954, "wfmanager_add_new_patches_mlserver_235_start": 1741566169.5949612, "wfmanager_add_new_patches_mlserver_235_complete": 1741566169.8422859, "wfmanager_add_new_patches_to_ml_235_start": 1741566169.84229, "wfmanager_add_new_patches_to_ml_235_complete": 1741566169.8423207, "wfmanager_add_cgframes_to_ml_235_start": 1741566169.842783, "wfmanager_add_cgframes_to_ml_235_complete": 1741566169.8428183, "wfmanager_update_jobs_235_start": 1741566169.8428211, "wfmanager_update_jobs_235_complete": 1741566171.537289, "wfmanager_add_new_patches_mlserver_236_start": 1741566184.5958955, "wfmanager_add_new_patches_mlserver_236_complete": 1741566184.859336, "wfmanager_add_new_patches_to_ml_236_start": 1741566184.8593419, "wfmanager_add_new_patches_to_ml_236_complete": 1741566184.8593779, "wfmanager_add_cgframes_to_ml_236_start": 1741566184.859831, "wfmanager_add_cgframes_to_ml_236_complete": 1741566184.8598676, "wfmanager_update_jobs_236_start": 1741566184.8598702, "wfmanager_update_jobs_236_complete": 1741566186.5773008, "wfmanager_add_new_patches_mlserver_237_start": 1741566199.5968008, "wfmanager_add_new_patches_mlserver_237_complete": 1741566199.8625023, "wfmanager_add_new_patches_to_ml_237_start": 1741566199.8625073, "wfmanager_add_new_patches_to_ml_237_complete": 1741566199.862536, "wfmanager_add_cgframes_to_ml_237_start": 1741566199.862976, "wfmanager_add_cgframes_to_ml_237_complete": 1741566199.863018, "wfmanager_update_jobs_237_start": 1741566199.8630214, "wfmanager_update_jobs_237_complete": 1741566201.6392107, "wfmanager_add_new_patches_mlserver_238_start": 1741566214.5977087, "wfmanager_add_new_patches_mlserver_238_complete": 1741566214.8692918, "wfmanager_add_new_patches_to_ml_238_start": 1741566214.8692963, "wfmanager_add_new_patches_to_ml_238_complete": 1741566214.8693342, "wfmanager_add_cgframes_to_ml_238_start": 1741566214.8698225, "wfmanager_add_cgframes_to_ml_238_complete": 1741566214.8698583, "wfmanager_update_jobs_238_start": 1741566214.869861, "wfmanager_update_jobs_238_complete": 1741566216.5548046, "wfmanager_add_new_patches_mlserver_239_start": 1741566229.5986443, "wfmanager_add_new_patches_mlserver_239_complete": 1741566229.8566418, "wfmanager_add_new_patches_to_ml_239_start": 1741566229.856647, "wfmanager_add_new_patches_to_ml_239_complete": 1741566229.8566852, "wfmanager_add_cgframes_to_ml_239_start": 1741566229.857206, "wfmanager_add_cgframes_to_ml_239_complete": 1741566229.857248, "wfmanager_update_jobs_239_start": 1741566229.8572505, "wfmanager_update_jobs_239_complete": 1741566231.5432334, "wfmanager_add_new_patches_mlserver_240_start": 1741566244.5995686, "wfmanager_add_new_patches_mlserver_240_complete": 1741566244.8641548, "wfmanager_add_new_patches_to_ml_240_start": 1741566244.8641596, "wfmanager_add_new_patches_to_ml_240_complete": 1741566244.8641975, "wfmanager_add_cgframes_to_ml_240_start": 1741566244.864706, "wfmanager_add_cgframes_to_ml_240_complete": 1741566244.8647764, "wfmanager_update_jobs_240_start": 1741566244.8647792, "wfmanager_update_jobs_240_complete": 1741566246.603973, "wfmanager_add_new_patches_mlserver_241_start": 1741566259.6004965, "wfmanager_add_new_patches_mlserver_241_complete": 1741566259.8544872, "wfmanager_add_new_patches_to_ml_241_start": 1741566259.8544917, "wfmanager_add_new_patches_to_ml_241_complete": 1741566259.8545215, "wfmanager_add_cgframes_to_ml_241_start": 1741566259.8550005, "wfmanager_add_cgframes_to_ml_241_complete": 1741566259.8550828, "wfmanager_update_jobs_241_start": 1741566259.855087, "wfmanager_update_jobs_241_complete": 1741566261.4889522, "wfmanager_add_new_patches_mlserver_242_start": 1741566274.6014888, "wfmanager_add_new_patches_mlserver_242_complete": 1741566274.8869984, "wfmanager_add_new_patches_to_ml_242_start": 1741566274.8870234, "wfmanager_add_new_patches_to_ml_242_complete": 1741566274.8870623, "wfmanager_add_cgframes_to_ml_242_start": 1741566274.887604, "wfmanager_add_cgframes_to_ml_242_complete": 1741566274.8876843, "wfmanager_update_jobs_242_start": 1741566274.8876872, "wfmanager_update_jobs_242_complete": 1741566276.6451964, "wfmanager_add_new_patches_mlserver_243_start": 1741566289.6025026, "wfmanager_add_new_patches_mlserver_243_complete": 1741566289.880365, "wfmanager_add_new_patches_to_ml_243_start": 1741566289.8803694, "wfmanager_add_new_patches_to_ml_243_complete": 1741566289.8804023, "wfmanager_add_cgframes_to_ml_243_start": 1741566289.881016, "wfmanager_add_cgframes_to_ml_243_complete": 1741566289.8810558, "wfmanager_update_jobs_243_start": 1741566289.881058, "wfmanager_update_jobs_243_complete": 1741566291.6629791, "wfmanager_add_new_patches_mlserver_244_start": 1741566304.6034186, "wfmanager_add_new_patches_mlserver_244_complete": 1741566304.8533607, "wfmanager_add_new_patches_to_ml_244_start": 1741566304.8533664, "wfmanager_add_new_patches_to_ml_244_complete": 1741566304.8533967, "wfmanager_add_cgframes_to_ml_244_start": 1741566304.8539398, "wfmanager_add_cgframes_to_ml_244_complete": 1741566304.8539765, "wfmanager_update_jobs_244_start": 1741566304.8539796, "wfmanager_update_jobs_244_complete": 1741566306.5628889, "wfmanager_add_new_patches_mlserver_245_start": 1741566319.604391, "wfmanager_add_new_patches_mlserver_245_complete": 1741566319.8635523, "wfmanager_add_new_patches_to_ml_245_start": 1741566319.8635569, "wfmanager_add_new_patches_to_ml_245_complete": 1741566319.8635974, "wfmanager_add_cgframes_to_ml_245_start": 1741566319.864093, "wfmanager_add_cgframes_to_ml_245_complete": 1741566319.864132, "wfmanager_update_jobs_245_start": 1741566319.8641343, "wfmanager_update_jobs_245_complete": 1741566321.5267978, "wfmanager_add_new_patches_mlserver_246_start": 1741566334.6058507, "wfmanager_add_new_patches_mlserver_246_complete": 1741566334.862025, "wfmanager_add_new_patches_to_ml_246_start": 1741566334.8620303, "wfmanager_add_new_patches_to_ml_246_complete": 1741566334.862065, "wfmanager_add_cgframes_to_ml_246_start": 1741566334.8626175, "wfmanager_add_cgframes_to_ml_246_complete": 1741566334.8626988, "wfmanager_update_jobs_246_start": 1741566334.8627017, "wfmanager_update_jobs_246_complete": 1741566336.5564544, "wfmanager_add_new_patches_mlserver_247_start": 1741566349.6067228, "wfmanager_add_new_patches_mlserver_247_complete": 1741566349.8722491, "wfmanager_add_new_patches_to_ml_247_start": 1741566349.872254, "wfmanager_add_new_patches_to_ml_247_complete": 1741566349.8722832, "wfmanager_add_cgframes_to_ml_247_start": 1741566349.8727467, "wfmanager_add_cgframes_to_ml_247_complete": 1741566349.872877, "wfmanager_update_jobs_247_start": 1741566349.8728795, "wfmanager_update_jobs_247_complete": 1741566351.5060399, "wfmanager_add_new_patches_mlserver_248_start": 1741566364.6076667, "wfmanager_add_new_patches_mlserver_248_complete": 1741566364.8823385, "wfmanager_add_new_patches_to_ml_248_start": 1741566364.8823435, "wfmanager_add_new_patches_to_ml_248_complete": 1741566364.8823748, "wfmanager_add_cgframes_to_ml_248_start": 1741566364.8827982, "wfmanager_add_cgframes_to_ml_248_complete": 1741566364.8828366, "wfmanager_update_jobs_248_start": 1741566364.882839, "wfmanager_update_jobs_248_complete": 1741566366.5984366, "wfmanager_add_new_patches_mlserver_249_start": 1741566379.6085722, "wfmanager_add_new_patches_mlserver_249_complete": 1741566379.8901968, "wfmanager_add_new_patches_to_ml_249_start": 1741566379.8902016, "wfmanager_add_new_patches_to_ml_249_complete": 1741566379.8902333, "wfmanager_add_cgframes_to_ml_249_start": 1741566379.8907266, "wfmanager_add_cgframes_to_ml_249_complete": 1741566379.8907647, "wfmanager_update_jobs_249_start": 1741566379.8907678, "wfmanager_update_jobs_249_complete": 1741566381.6235507, "wfmanager_add_new_patches_mlserver_250_start": 1741566394.6095233, "wfmanager_add_new_patches_mlserver_250_complete": 1741566394.8618827, "wfmanager_add_new_patches_to_ml_250_start": 1741566394.8618875, "wfmanager_add_new_patches_to_ml_250_complete": 1741566394.8619153, "wfmanager_add_cgframes_to_ml_250_start": 1741566394.862388, "wfmanager_add_cgframes_to_ml_250_complete": 1741566394.8624263, "wfmanager_update_jobs_250_start": 1741566394.8624299, "wfmanager_update_jobs_250_complete": 1741566396.6238716, "wfmanager_add_new_patches_mlserver_251_start": 1741566409.6104338, "wfmanager_add_new_patches_mlserver_251_complete": 1741566409.8631248, "wfmanager_add_new_patches_to_ml_251_start": 1741566409.8631299, "wfmanager_add_new_patches_to_ml_251_complete": 1741566409.863159, "wfmanager_add_cgframes_to_ml_251_start": 1741566409.8636527, "wfmanager_add_cgframes_to_ml_251_complete": 1741566409.8636878, "wfmanager_update_jobs_251_start": 1741566409.8636906, "wfmanager_update_jobs_251_complete": 1741566411.613319, "wfmanager_add_new_patches_mlserver_252_start": 1741566424.611124, "wfmanager_add_new_patches_mlserver_252_complete": 1741566424.9220047, "wfmanager_add_new_patches_to_ml_252_start": 1741566424.9220092, "wfmanager_add_new_patches_to_ml_252_complete": 1741566424.9220853, "wfmanager_add_cgframes_to_ml_252_start": 1741566424.922621, "wfmanager_add_cgframes_to_ml_252_complete": 1741566424.9226966, "wfmanager_update_jobs_252_start": 1741566424.922701, "wfmanager_update_jobs_252_complete": 1741566426.6672287, "wfmanager_add_new_patches_mlserver_253_start": 1741566439.6120758, "wfmanager_add_new_patches_mlserver_253_complete": 1741566439.8580136, "wfmanager_add_new_patches_to_ml_253_start": 1741566439.8580184, "wfmanager_add_new_patches_to_ml_253_complete": 1741566439.8580563, "wfmanager_add_cgframes_to_ml_253_start": 1741566439.8586075, "wfmanager_add_cgframes_to_ml_253_complete": 1741566439.8586516, "wfmanager_update_jobs_253_start": 1741566439.8586543, "wfmanager_update_jobs_253_complete": 1741566441.5171473, "wfmanager_add_new_patches_mlserver_254_start": 1741566454.6128232, "wfmanager_add_new_patches_mlserver_254_complete": 1741566454.9482682, "wfmanager_add_new_patches_to_ml_254_start": 1741566454.9482746, "wfmanager_add_new_patches_to_ml_254_complete": 1741566454.9483023, "wfmanager_add_cgframes_to_ml_254_start": 1741566454.9485803, "wfmanager_add_cgframes_to_ml_254_complete": 1741566454.948709, "wfmanager_update_jobs_254_start": 1741566454.948712, "wfmanager_update_jobs_254_complete": 1741566456.729831, "wfmanager_add_new_patches_mlserver_255_start": 1741566469.613714, "wfmanager_add_new_patches_mlserver_255_complete": 1741566473.7501876, "wfmanager_add_new_patches_to_ml_255_start": 1741566473.7501945, "wfmanager_add_new_patches_to_ml_255_complete": 1741566473.7502337, "wfmanager_add_cgframes_to_ml_255_start": 1741566473.7507071, "wfmanager_add_cgframes_to_ml_255_complete": 1741566473.7507472, "wfmanager_update_jobs_255_start": 1741566473.7507503, "wfmanager_update_jobs_255_complete": 1741566475.3680153, "wfmanager_add_new_patches_mlserver_256_start": 1741566484.6146324, "wfmanager_add_new_patches_mlserver_256_complete": 1741566484.9036403, "wfmanager_add_new_patches_to_ml_256_start": 1741566484.903646, "wfmanager_add_new_patches_to_ml_256_complete": 1741566484.9036746, "wfmanager_add_cgframes_to_ml_256_start": 1741566484.9041202, "wfmanager_add_cgframes_to_ml_256_complete": 1741566484.9041615, "wfmanager_update_jobs_256_start": 1741566484.904164, "wfmanager_update_jobs_256_complete": 1741566486.6868567, "wfmanager_add_new_patches_mlserver_257_start": 1741566499.6156578, "wfmanager_add_new_patches_mlserver_257_complete": 1741566499.8986921, "wfmanager_add_new_patches_to_ml_257_start": 1741566499.8986967, "wfmanager_add_new_patches_to_ml_257_complete": 1741566499.8987293, "wfmanager_add_cgframes_to_ml_257_start": 1741566499.899171, "wfmanager_add_cgframes_to_ml_257_complete": 1741566499.8992085, "wfmanager_update_jobs_257_start": 1741566499.8992107, "wfmanager_update_jobs_257_complete": 1741566501.5687003, "wfmanager_add_new_patches_mlserver_258_start": 1741566514.6166432, "wfmanager_add_new_patches_mlserver_258_complete": 1741566514.9102468, "wfmanager_add_new_patches_to_ml_258_start": 1741566514.9102523, "wfmanager_add_new_patches_to_ml_258_complete": 1741566514.910288, "wfmanager_add_cgframes_to_ml_258_start": 1741566514.9108512, "wfmanager_add_cgframes_to_ml_258_complete": 1741566514.9109244, "wfmanager_update_jobs_258_start": 1741566514.9109273, "wfmanager_update_jobs_258_complete": 1741566516.5552282, "wfmanager_add_new_patches_mlserver_259_start": 1741566529.6175568, "wfmanager_add_new_patches_mlserver_259_complete": 1741566529.928015, "wfmanager_add_new_patches_to_ml_259_start": 1741566529.9280207, "wfmanager_add_new_patches_to_ml_259_complete": 1741566529.9280524, "wfmanager_add_cgframes_to_ml_259_start": 1741566529.9285085, "wfmanager_add_cgframes_to_ml_259_complete": 1741566529.9285479, "wfmanager_update_jobs_259_start": 1741566529.9285855, "wfmanager_update_jobs_259_complete": 1741566531.576684, "wfmanager_add_new_patches_mlserver_260_start": 1741566544.618475, "wfmanager_add_new_patches_mlserver_260_complete": 1741566544.9059107, "wfmanager_add_new_patches_to_ml_260_start": 1741566544.9059172, "wfmanager_add_new_patches_to_ml_260_complete": 1741566544.9059522, "wfmanager_add_cgframes_to_ml_260_start": 1741566544.9064322, "wfmanager_add_cgframes_to_ml_260_complete": 1741566544.906468, "wfmanager_update_jobs_260_start": 1741566544.9064705, "wfmanager_update_jobs_260_complete": 1741566546.6293035, "wfmanager_add_new_patches_mlserver_261_start": 1741566559.6193912, "wfmanager_add_new_patches_mlserver_261_complete": 1741566559.9204679, "wfmanager_add_new_patches_to_ml_261_start": 1741566559.920473, "wfmanager_add_new_patches_to_ml_261_complete": 1741566559.9205058, "wfmanager_add_cgframes_to_ml_261_start": 1741566559.9210155, "wfmanager_add_cgframes_to_ml_261_complete": 1741566559.9210603, "wfmanager_update_jobs_261_start": 1741566559.9210632, "wfmanager_update_jobs_261_complete": 1741566561.565569, "wfmanager_add_new_patches_mlserver_262_start": 1741566574.620306, "wfmanager_add_new_patches_mlserver_262_complete": 1741566574.9431953, "wfmanager_add_new_patches_to_ml_262_start": 1741566574.9432015, "wfmanager_add_new_patches_to_ml_262_complete": 1741566574.9432373, "wfmanager_add_cgframes_to_ml_262_start": 1741566574.9437892, "wfmanager_add_cgframes_to_ml_262_complete": 1741566574.9438274, "wfmanager_update_jobs_262_start": 1741566574.943865, "wfmanager_update_jobs_262_complete": 1741566576.5223994, "wfmanager_add_new_patches_mlserver_263_start": 1741566589.621223, "wfmanager_add_new_patches_mlserver_263_complete": 1741566589.95811, "wfmanager_add_new_patches_to_ml_263_start": 1741566589.9581158, "wfmanager_add_new_patches_to_ml_263_complete": 1741566589.958149, "wfmanager_add_cgframes_to_ml_263_start": 1741566589.9586358, "wfmanager_add_cgframes_to_ml_263_complete": 1741566589.958674, "wfmanager_update_jobs_263_start": 1741566589.9587154, "wfmanager_update_jobs_263_complete": 1741566591.5511198, "wfmanager_add_new_patches_mlserver_264_start": 1741566604.6221516, "wfmanager_add_new_patches_mlserver_264_complete": 1741566604.9218504, "wfmanager_add_new_patches_to_ml_264_start": 1741566604.9218557, "wfmanager_add_new_patches_to_ml_264_complete": 1741566604.9218957, "wfmanager_add_cgframes_to_ml_264_start": 1741566604.922387, "wfmanager_add_cgframes_to_ml_264_complete": 1741566604.9224246, "wfmanager_update_jobs_264_start": 1741566604.9224274, "wfmanager_update_jobs_264_complete": 1741566606.541604, "wfmanager_add_new_patches_mlserver_265_start": 1741566619.6230292, "wfmanager_add_new_patches_mlserver_265_complete": 1741566619.9625483, "wfmanager_add_new_patches_to_ml_265_start": 1741566619.9625556, "wfmanager_add_new_patches_to_ml_265_complete": 1741566619.9625914, "wfmanager_add_cgframes_to_ml_265_start": 1741566619.9631565, "wfmanager_add_cgframes_to_ml_265_complete": 1741566619.963192, "wfmanager_update_jobs_265_start": 1741566619.9631946, "wfmanager_update_jobs_265_complete": 1741566621.5703578, "wfmanager_add_new_patches_mlserver_266_start": 1741566634.624002, "wfmanager_add_new_patches_mlserver_266_complete": 1741566635.009744, "wfmanager_add_new_patches_to_ml_266_start": 1741566635.0097494, "wfmanager_add_new_patches_to_ml_266_complete": 1741566635.0097833, "wfmanager_add_cgframes_to_ml_266_start": 1741566635.0103343, "wfmanager_add_cgframes_to_ml_266_complete": 1741566635.0103765, "wfmanager_update_jobs_266_start": 1741566635.0103796, "wfmanager_update_jobs_266_complete": 1741566636.6856918, "wfmanager_add_new_patches_mlserver_267_start": 1741566649.6249804, "wfmanager_add_new_patches_mlserver_267_complete": 1741566649.9391353, "wfmanager_add_new_patches_to_ml_267_start": 1741566649.9391408, "wfmanager_add_new_patches_to_ml_267_complete": 1741566649.9391708, "wfmanager_add_cgframes_to_ml_267_start": 1741566649.9396486, "wfmanager_add_cgframes_to_ml_267_complete": 1741566649.9396906, "wfmanager_update_jobs_267_start": 1741566649.9396935, "wfmanager_update_jobs_267_complete": 1741566651.5906258, "wfmanager_add_new_patches_mlserver_268_start": 1741566664.6259036, "wfmanager_add_new_patches_mlserver_268_complete": 1741566664.9287155, "wfmanager_add_new_patches_to_ml_268_start": 1741566664.928721, "wfmanager_add_new_patches_to_ml_268_complete": 1741566664.9288034, "wfmanager_add_cgframes_to_ml_268_start": 1741566664.9290864, "wfmanager_add_cgframes_to_ml_268_complete": 1741566664.929118, "wfmanager_update_jobs_268_start": 1741566664.9291203, "wfmanager_update_jobs_268_complete": 1741566666.6350722, "wfmanager_add_new_patches_mlserver_269_start": 1741566679.626804, "wfmanager_add_new_patches_mlserver_269_complete": 1741566679.9293237, "wfmanager_add_new_patches_to_ml_269_start": 1741566679.9293292, "wfmanager_add_new_patches_to_ml_269_complete": 1741566679.9293575, "wfmanager_add_cgframes_to_ml_269_start": 1741566679.9297972, "wfmanager_add_cgframes_to_ml_269_complete": 1741566679.9298348, "wfmanager_update_jobs_269_start": 1741566679.9298384, "wfmanager_update_jobs_269_complete": 1741566681.5641975, "wfmanager_add_new_patches_mlserver_270_start": 1741566694.6277418, "wfmanager_add_new_patches_mlserver_270_complete": 1741566694.9176805, "wfmanager_add_new_patches_to_ml_270_start": 1741566694.9176848, "wfmanager_add_new_patches_to_ml_270_complete": 1741566694.9177172, "wfmanager_add_cgframes_to_ml_270_start": 1741566694.9179816, "wfmanager_add_cgframes_to_ml_270_complete": 1741566694.9180143, "wfmanager_update_jobs_270_start": 1741566694.9180183, "wfmanager_update_jobs_270_complete": 1741566696.6081636, "wfmanager_add_new_patches_mlserver_271_start": 1741566709.6286423, "wfmanager_add_new_patches_mlserver_271_complete": 1741566709.9141643, "wfmanager_add_new_patches_to_ml_271_start": 1741566709.9141693, "wfmanager_add_new_patches_to_ml_271_complete": 1741566709.9142025, "wfmanager_add_cgframes_to_ml_271_start": 1741566709.9146943, "wfmanager_add_cgframes_to_ml_271_complete": 1741566709.9147327, "wfmanager_update_jobs_271_start": 1741566709.9147723, "wfmanager_update_jobs_271_complete": 1741566711.2600465, "wfmanager_add_new_patches_mlserver_272_start": 1741566724.629208, "wfmanager_add_new_patches_mlserver_272_complete": 1741566724.834458, "wfmanager_add_new_patches_to_ml_272_start": 1741566724.8344612, "wfmanager_add_new_patches_to_ml_272_complete": 1741566724.8344803, "wfmanager_add_cgframes_to_ml_272_start": 1741566724.8347855, "wfmanager_add_cgframes_to_ml_272_complete": 1741566724.8348067, "wfmanager_update_jobs_272_start": 1741566724.834809, "wfmanager_update_jobs_272_complete": 1741566726.2129009, "wfmanager_add_new_patches_mlserver_273_start": 1741566739.6297677, "wfmanager_add_new_patches_mlserver_273_complete": 1741566739.8314888, "wfmanager_add_new_patches_to_ml_273_start": 1741566739.8314927, "wfmanager_add_new_patches_to_ml_273_complete": 1741566739.8315127, "wfmanager_add_cgframes_to_ml_273_start": 1741566739.831734, "wfmanager_add_cgframes_to_ml_273_complete": 1741566739.8317552, "wfmanager_update_jobs_273_start": 1741566739.8317575, "wfmanager_update_jobs_273_complete": 1741566741.210054, "wfmanager_add_new_patches_mlserver_274_start": 1741566754.6303763, "wfmanager_add_new_patches_mlserver_274_complete": 1741566754.8191876, "wfmanager_add_new_patches_to_ml_274_start": 1741566754.8191926, "wfmanager_add_new_patches_to_ml_274_complete": 1741566754.8192282, "wfmanager_add_cgframes_to_ml_274_start": 1741566754.8194654, "wfmanager_add_cgframes_to_ml_274_complete": 1741566754.8194907, "wfmanager_update_jobs_274_start": 1741566754.8194928, "wfmanager_update_jobs_274_complete": 1741566756.1682463, "wfmanager_add_new_patches_mlserver_275_start": 1741566769.630903, "wfmanager_add_new_patches_mlserver_275_complete": 1741566769.8238175, "wfmanager_add_new_patches_to_ml_275_start": 1741566769.8238208, "wfmanager_add_new_patches_to_ml_275_complete": 1741566769.8238409, "wfmanager_add_cgframes_to_ml_275_start": 1741566769.824067, "wfmanager_add_cgframes_to_ml_275_complete": 1741566769.8240895, "wfmanager_update_jobs_275_start": 1741566769.824092, "wfmanager_update_jobs_275_complete": 1741566771.1523292, "wfmanager_add_new_patches_mlserver_276_start": 1741566784.6315422, "wfmanager_add_new_patches_mlserver_276_complete": 1741566784.831964, "wfmanager_add_new_patches_to_ml_276_start": 1741566784.831967, "wfmanager_add_new_patches_to_ml_276_complete": 1741566784.8319876, "wfmanager_add_cgframes_to_ml_276_start": 1741566784.8321838, "wfmanager_add_cgframes_to_ml_276_complete": 1741566784.8322048, "wfmanager_update_jobs_276_start": 1741566784.8322055, "wfmanager_update_jobs_276_complete": 1741566786.2186458, "wfmanager_add_new_patches_mlserver_277_start": 1741566799.632305, "wfmanager_add_new_patches_mlserver_277_complete": 1741566799.8234916, "wfmanager_add_new_patches_to_ml_277_start": 1741566799.8234947, "wfmanager_add_new_patches_to_ml_277_complete": 1741566799.823515, "wfmanager_add_cgframes_to_ml_277_start": 1741566799.823701, "wfmanager_add_cgframes_to_ml_277_complete": 1741566799.8237228, "wfmanager_update_jobs_277_start": 1741566799.823725, "wfmanager_update_jobs_277_complete": 1741566801.2033935, "wfmanager_add_new_patches_mlserver_278_start": 1741566814.6329565, "wfmanager_add_new_patches_mlserver_278_complete": 1741566814.84003, "wfmanager_add_new_patches_to_ml_278_start": 1741566814.8400338, "wfmanager_add_new_patches_to_ml_278_complete": 1741566814.840054, "wfmanager_add_cgframes_to_ml_278_start": 1741566814.8402452, "wfmanager_add_cgframes_to_ml_278_complete": 1741566814.8402793, "wfmanager_update_jobs_278_start": 1741566814.8402822, "wfmanager_update_jobs_278_complete": 1741566816.200209, "wfmanager_add_new_patches_mlserver_279_start": 1741566829.6334832, "wfmanager_add_new_patches_mlserver_279_complete": 1741566829.8225532, "wfmanager_add_new_patches_to_ml_279_start": 1741566829.8225563, "wfmanager_add_new_patches_to_ml_279_complete": 1741566829.8225758, "wfmanager_add_cgframes_to_ml_279_start": 1741566829.8227532, "wfmanager_add_cgframes_to_ml_279_complete": 1741566829.8227735, "wfmanager_update_jobs_279_start": 1741566829.8227754, "wfmanager_update_jobs_279_complete": 1741566831.14964, "wfmanager_add_new_patches_mlserver_280_start": 1741566844.6340315, "wfmanager_add_new_patches_mlserver_280_complete": 1741566844.8286304, "wfmanager_add_new_patches_to_ml_280_start": 1741566844.828634, "wfmanager_add_new_patches_to_ml_280_complete": 1741566844.8286545, "wfmanager_add_cgframes_to_ml_280_start": 1741566844.8289292, "wfmanager_add_cgframes_to_ml_280_complete": 1741566844.8289642, "wfmanager_update_jobs_280_start": 1741566844.8289669, "wfmanager_update_jobs_280_complete": 1741566846.256285, "wfmanager_add_new_patches_mlserver_281_start": 1741566859.6345787, "wfmanager_add_new_patches_mlserver_281_complete": 1741566859.838252, "wfmanager_add_new_patches_to_ml_281_start": 1741566859.8382552, "wfmanager_add_new_patches_to_ml_281_complete": 1741566859.8382754, "wfmanager_add_cgframes_to_ml_281_start": 1741566859.838465, "wfmanager_add_cgframes_to_ml_281_complete": 1741566859.8384867, "wfmanager_update_jobs_281_start": 1741566859.8384893, "wfmanager_update_jobs_281_complete": 1741566861.2203813, "wfmanager_add_new_patches_mlserver_282_start": 1741566874.6351116, "wfmanager_add_new_patches_mlserver_282_complete": 1741566874.8551867, "wfmanager_add_new_patches_to_ml_282_start": 1741566874.8551903, "wfmanager_add_new_patches_to_ml_282_complete": 1741566874.8552108, "wfmanager_add_cgframes_to_ml_282_start": 1741566874.8554275, "wfmanager_add_cgframes_to_ml_282_complete": 1741566874.8554509, "wfmanager_update_jobs_282_start": 1741566874.855453, "wfmanager_update_jobs_282_complete": 1741566876.2829514, "wfmanager_add_new_patches_mlserver_283_start": 1741566889.6356685, "wfmanager_add_new_patches_mlserver_283_complete": 1741566889.8364608, "wfmanager_add_new_patches_to_ml_283_start": 1741566889.8364642, "wfmanager_add_new_patches_to_ml_283_complete": 1741566889.8364856, "wfmanager_add_cgframes_to_ml_283_start": 1741566889.836697, "wfmanager_add_cgframes_to_ml_283_complete": 1741566889.8367584, "wfmanager_update_jobs_283_start": 1741566889.8367624, "wfmanager_update_jobs_283_complete": 1741566891.2366433, "wfmanager_add_new_patches_mlserver_284_start": 1741566904.6362078, "wfmanager_add_new_patches_mlserver_284_complete": 1741566904.8296592, "wfmanager_add_new_patches_to_ml_284_start": 1741566904.829663, "wfmanager_add_new_patches_to_ml_284_complete": 1741566904.8296828, "wfmanager_add_cgframes_to_ml_284_start": 1741566904.829895, "wfmanager_add_cgframes_to_ml_284_complete": 1741566904.8299236, "wfmanager_update_jobs_284_start": 1741566904.829928, "wfmanager_update_jobs_284_complete": 1741566906.259684, "wfmanager_add_new_patches_mlserver_285_start": 1741566919.6367939, "wfmanager_add_new_patches_mlserver_285_complete": 1741566919.8260128, "wfmanager_add_new_patches_to_ml_285_start": 1741566919.8260164, "wfmanager_add_new_patches_to_ml_285_complete": 1741566919.826039, "wfmanager_add_cgframes_to_ml_285_start": 1741566919.8262637, "wfmanager_add_cgframes_to_ml_285_complete": 1741566919.826293, "wfmanager_update_jobs_285_start": 1741566919.826296, "wfmanager_update_jobs_285_complete": 1741566921.2133474, "wfmanager_add_new_patches_mlserver_286_start": 1741566934.637331, "wfmanager_add_new_patches_mlserver_286_complete": 1741566934.8395755, "wfmanager_add_new_patches_to_ml_286_start": 1741566934.8395798, "wfmanager_add_new_patches_to_ml_286_complete": 1741566934.8396006, "wfmanager_add_cgframes_to_ml_286_start": 1741566934.8397858, "wfmanager_add_cgframes_to_ml_286_complete": 1741566934.8398056, "wfmanager_update_jobs_286_start": 1741566934.8398075, "wfmanager_update_jobs_286_complete": 1741566936.214193, "wfmanager_add_new_patches_mlserver_287_start": 1741566949.637866, "wfmanager_add_new_patches_mlserver_287_complete": 1741566949.8300228, "wfmanager_add_new_patches_to_ml_287_start": 1741566949.830026, "wfmanager_add_new_patches_to_ml_287_complete": 1741566949.8300464, "wfmanager_add_cgframes_to_ml_287_start": 1741566949.8302248, "wfmanager_add_cgframes_to_ml_287_complete": 1741566949.8302455, "wfmanager_update_jobs_287_start": 1741566949.830248, "wfmanager_update_jobs_287_complete": 1741566951.2364812, "wfmanager_add_new_patches_mlserver_288_start": 1741566964.6383996, "wfmanager_add_new_patches_mlserver_288_complete": 1741566964.8352268, "wfmanager_add_new_patches_to_ml_288_start": 1741566964.8352304, "wfmanager_add_new_patches_to_ml_288_complete": 1741566964.8352506, "wfmanager_add_cgframes_to_ml_288_start": 1741566964.8354607, "wfmanager_add_cgframes_to_ml_288_complete": 1741566964.8354855, "wfmanager_update_jobs_288_start": 1741566964.8354876, "wfmanager_update_jobs_288_complete": 1741566966.1409261, "wfmanager_add_new_patches_mlserver_289_start": 1741566979.6389174, "wfmanager_add_new_patches_mlserver_289_complete": 1741566979.8778775, "wfmanager_add_new_patches_to_ml_289_start": 1741566979.877881, "wfmanager_add_new_patches_to_ml_289_complete": 1741566979.8779016, "wfmanager_add_cgframes_to_ml_289_start": 1741566979.8781025, "wfmanager_add_cgframes_to_ml_289_complete": 1741566979.8781235, "wfmanager_update_jobs_289_start": 1741566979.8781257, "wfmanager_update_jobs_289_complete": 1741566981.2220879, "wfmanager_add_new_patches_mlserver_290_start": 1741566994.6394632, "wfmanager_add_new_patches_mlserver_290_complete": 1741566994.8854916, "wfmanager_add_new_patches_to_ml_290_start": 1741566994.8854952, "wfmanager_add_new_patches_to_ml_290_complete": 1741566994.8855155, "wfmanager_add_cgframes_to_ml_290_start": 1741566994.8857398, "wfmanager_add_cgframes_to_ml_290_complete": 1741566994.885762, "wfmanager_update_jobs_290_start": 1741566994.8857641, "wfmanager_update_jobs_290_complete": 1741566996.273032, "wfmanager_add_new_patches_mlserver_291_start": 1741567009.6400373, "wfmanager_add_new_patches_mlserver_291_complete": 1741567009.8385475, "wfmanager_add_new_patches_to_ml_291_start": 1741567009.8385515, "wfmanager_add_new_patches_to_ml_291_complete": 1741567009.838571, "wfmanager_add_cgframes_to_ml_291_start": 1741567009.8387465, "wfmanager_add_cgframes_to_ml_291_complete": 1741567009.8387666, "wfmanager_update_jobs_291_start": 1741567009.8387685, "wfmanager_update_jobs_291_complete": 1741567011.2188354, "wfmanager_add_new_patches_mlserver_292_start": 1741567024.6405785, "wfmanager_add_new_patches_mlserver_292_complete": 1741567024.8310378, "wfmanager_add_new_patches_to_ml_292_start": 1741567024.831042, "wfmanager_add_new_patches_to_ml_292_complete": 1741567024.831063, "wfmanager_add_cgframes_to_ml_292_start": 1741567024.8312678, "wfmanager_add_cgframes_to_ml_292_complete": 1741567024.8312914, "wfmanager_update_jobs_292_start": 1741567024.831294, "wfmanager_update_jobs_292_complete": 1741567026.1435623, "wfmanager_add_new_patches_mlserver_293_start": 1741567039.64113, "wfmanager_add_new_patches_mlserver_293_complete": 1741567039.8256783, "wfmanager_add_new_patches_to_ml_293_start": 1741567039.8256826, "wfmanager_add_new_patches_to_ml_293_complete": 1741567039.8257031, "wfmanager_add_cgframes_to_ml_293_start": 1741567039.8258777, "wfmanager_add_cgframes_to_ml_293_complete": 1741567039.8258986, "wfmanager_update_jobs_293_start": 1741567039.8259008, "wfmanager_update_jobs_293_complete": 1741567041.1290686, "wfmanager_add_new_patches_mlserver_294_start": 1741567054.6416624, "wfmanager_add_new_patches_mlserver_294_complete": 1741567054.8444417, "wfmanager_add_new_patches_to_ml_294_start": 1741567054.8444464, "wfmanager_add_new_patches_to_ml_294_complete": 1741567054.8444755, "wfmanager_add_cgframes_to_ml_294_start": 1741567054.844787, "wfmanager_add_cgframes_to_ml_294_complete": 1741567054.8448203, "wfmanager_update_jobs_294_start": 1741567054.844823, "wfmanager_update_jobs_294_complete": 1741567056.2139833, "wfmanager_add_new_patches_mlserver_295_start": 1741567069.6422515, "wfmanager_add_new_patches_mlserver_295_complete": 1741567069.8468158, "wfmanager_add_new_patches_to_ml_295_start": 1741567069.8468196, "wfmanager_add_new_patches_to_ml_295_complete": 1741567069.8468409, "wfmanager_add_cgframes_to_ml_295_start": 1741567069.8470354, "wfmanager_add_cgframes_to_ml_295_complete": 1741567069.847056, "wfmanager_update_jobs_295_start": 1741567069.8470578, "wfmanager_update_jobs_295_complete": 1741567071.2257092, "wfmanager_add_new_patches_mlserver_296_start": 1741567084.64279, "wfmanager_add_new_patches_mlserver_296_complete": 1741567084.825984, "wfmanager_add_new_patches_to_ml_296_start": 1741567084.8259876, "wfmanager_add_new_patches_to_ml_296_complete": 1741567084.8260078, "wfmanager_add_cgframes_to_ml_296_start": 1741567084.8261828, "wfmanager_add_cgframes_to_ml_296_complete": 1741567084.826203, "wfmanager_update_jobs_296_start": 1741567084.826206, "wfmanager_update_jobs_296_complete": 1741567086.1539125, "wfmanager_add_new_patches_mlserver_297_start": 1741567099.6433184, "wfmanager_add_new_patches_mlserver_297_complete": 1741567099.825299, "wfmanager_add_new_patches_to_ml_297_start": 1741567099.8253024, "wfmanager_add_new_patches_to_ml_297_complete": 1741567099.8253224, "wfmanager_add_cgframes_to_ml_297_start": 1741567099.8254972, "wfmanager_add_cgframes_to_ml_297_complete": 1741567099.8255177, "wfmanager_update_jobs_297_start": 1741567099.825519, "wfmanager_update_jobs_297_complete": 1741567101.2880535, "wfmanager_add_new_patches_mlserver_298_start": 1741567114.6438658, "wfmanager_add_new_patches_mlserver_298_complete": 1741567114.8376718, "wfmanager_add_new_patches_to_ml_298_start": 1741567114.8376763, "wfmanager_add_new_patches_to_ml_298_complete": 1741567114.8377116, "wfmanager_add_cgframes_to_ml_298_start": 1741567114.8379562, "wfmanager_add_cgframes_to_ml_298_complete": 1741567114.8379772, "wfmanager_update_jobs_298_start": 1741567114.8379788, "wfmanager_update_jobs_298_complete": 1741567116.2295759, "wfmanager_add_new_patches_mlserver_299_start": 1741567129.6444013, "wfmanager_add_new_patches_mlserver_299_complete": 1741567129.8307576, "wfmanager_add_new_patches_to_ml_299_start": 1741567129.8307612, "wfmanager_add_new_patches_to_ml_299_complete": 1741567129.830782, "wfmanager_add_cgframes_to_ml_299_start": 1741567129.8309724, "wfmanager_add_cgframes_to_ml_299_complete": 1741567129.8310041, "wfmanager_update_jobs_299_start": 1741567129.8310075, "wfmanager_update_jobs_299_complete": 1741567131.347261, "wfmanager_add_new_patches_mlserver_300_start": 1741567144.644976, "wfmanager_add_new_patches_mlserver_300_complete": 1741567144.8733006, "wfmanager_add_new_patches_to_ml_300_start": 1741567144.8733044, "wfmanager_add_new_patches_to_ml_300_complete": 1741567144.8733253, "wfmanager_add_cgframes_to_ml_300_start": 1741567144.8735166, "wfmanager_add_cgframes_to_ml_300_complete": 1741567144.8735392, "wfmanager_update_jobs_300_start": 1741567144.873542, "wfmanager_update_jobs_300_complete": 1741567146.2072241, "wfmanager_add_new_patches_mlserver_301_start": 1741567159.645509, "wfmanager_add_new_patches_mlserver_301_complete": 1741567159.8317068, "wfmanager_add_new_patches_to_ml_301_start": 1741567159.8317106, "wfmanager_add_new_patches_to_ml_301_complete": 1741567159.8317306, "wfmanager_add_cgframes_to_ml_301_start": 1741567159.8319263, "wfmanager_add_cgframes_to_ml_301_complete": 1741567159.8319466, "wfmanager_update_jobs_301_start": 1741567159.8319483, "wfmanager_update_jobs_301_complete": 1741567161.1771915, "wfmanager_add_new_patches_mlserver_302_start": 1741567174.6461616, "wfmanager_add_new_patches_mlserver_302_complete": 1741567174.861658, "wfmanager_add_new_patches_to_ml_302_start": 1741567174.8616617, "wfmanager_add_new_patches_to_ml_302_complete": 1741567174.8616822, "wfmanager_add_cgframes_to_ml_302_start": 1741567174.8618598, "wfmanager_add_cgframes_to_ml_302_complete": 1741567174.8618805, "wfmanager_update_jobs_302_start": 1741567174.8618832, "wfmanager_update_jobs_302_complete": 1741567176.2352643, "wfmanager_add_new_patches_mlserver_303_start": 1741567189.646713, "wfmanager_add_new_patches_mlserver_303_complete": 1741567189.8389928, "wfmanager_add_new_patches_to_ml_303_start": 1741567189.8389978, "wfmanager_add_new_patches_to_ml_303_complete": 1741567189.8390172, "wfmanager_add_cgframes_to_ml_303_start": 1741567189.839221, "wfmanager_add_cgframes_to_ml_303_complete": 1741567189.839248, "wfmanager_update_jobs_303_start": 1741567189.8392503, "wfmanager_update_jobs_303_complete": 1741567191.1757286, "wfmanager_add_new_patches_mlserver_304_start": 1741567204.6474001, "wfmanager_add_new_patches_mlserver_304_complete": 1741567204.8471715, "wfmanager_add_new_patches_to_ml_304_start": 1741567204.8471751, "wfmanager_add_new_patches_to_ml_304_complete": 1741567204.8471951, "wfmanager_add_cgframes_to_ml_304_start": 1741567204.8473897, "wfmanager_add_cgframes_to_ml_304_complete": 1741567204.847416, "wfmanager_update_jobs_304_start": 1741567204.8474183, "wfmanager_update_jobs_304_complete": 1741567206.2268407, "wfmanager_add_new_patches_mlserver_305_start": 1741567219.6479287, "wfmanager_add_new_patches_mlserver_305_complete": 1741567219.8477623, "wfmanager_add_new_patches_to_ml_305_start": 1741567219.8477662, "wfmanager_add_new_patches_to_ml_305_complete": 1741567219.8477862, "wfmanager_add_cgframes_to_ml_305_start": 1741567219.8479648, "wfmanager_add_cgframes_to_ml_305_complete": 1741567219.8479855, "wfmanager_update_jobs_305_start": 1741567219.8479874, "wfmanager_update_jobs_305_complete": 1741567221.1611338, "wfmanager_add_new_patches_mlserver_306_start": 1741567234.648512, "wfmanager_add_new_patches_mlserver_306_complete": 1741567234.8339732, "wfmanager_add_new_patches_to_ml_306_start": 1741567234.8339767, "wfmanager_add_new_patches_to_ml_306_complete": 1741567234.8339963, "wfmanager_add_cgframes_to_ml_306_start": 1741567234.8341868, "wfmanager_add_cgframes_to_ml_306_complete": 1741567234.8342068, "wfmanager_update_jobs_306_start": 1741567234.8342073, "wfmanager_update_jobs_306_complete": 1741567236.2870672, "wfmanager_add_new_patches_mlserver_307_start": 1741567249.6490982, "wfmanager_add_new_patches_mlserver_307_complete": 1741567249.8426497, "wfmanager_add_new_patches_to_ml_307_start": 1741567249.842653, "wfmanager_add_new_patches_to_ml_307_complete": 1741567249.8426733, "wfmanager_add_cgframes_to_ml_307_start": 1741567249.8428557, "wfmanager_add_cgframes_to_ml_307_complete": 1741567249.8428767, "wfmanager_update_jobs_307_start": 1741567249.842878, "wfmanager_update_jobs_307_complete": 1741567251.2098942, "wfmanager_add_new_patches_mlserver_308_start": 1741567264.6496809, "wfmanager_add_new_patches_mlserver_308_complete": 1741567264.86916, "wfmanager_add_new_patches_to_ml_308_start": 1741567264.8691638, "wfmanager_add_new_patches_to_ml_308_complete": 1741567264.8691795, "wfmanager_add_cgframes_to_ml_308_start": 1741567264.8693633, "wfmanager_add_cgframes_to_ml_308_complete": 1741567264.8693824, "wfmanager_update_jobs_308_start": 1741567264.8693843, "wfmanager_update_jobs_308_complete": 1741567266.3026822, "wfmanager_add_new_patches_mlserver_309_start": 1741567279.6506035, "wfmanager_add_new_patches_mlserver_309_complete": 1741567283.8436425, "wfmanager_add_new_patches_to_ml_309_start": 1741567283.8436477, "wfmanager_add_new_patches_to_ml_309_complete": 1741567283.843685, "wfmanager_add_cgframes_to_ml_309_start": 1741567283.844139, "wfmanager_add_cgframes_to_ml_309_complete": 1741567283.844178, "wfmanager_update_jobs_309_start": 1741567283.8441806, "wfmanager_update_jobs_309_complete": 1741567285.764462, "wfmanager_add_new_patches_mlserver_310_start": 1741567294.6513088, "wfmanager_add_new_patches_mlserver_310_complete": 1741567294.997012, "wfmanager_add_new_patches_to_ml_310_start": 1741567294.997017, "wfmanager_add_new_patches_to_ml_310_complete": 1741567294.99705, "wfmanager_add_cgframes_to_ml_310_start": 1741567294.9975379, "wfmanager_add_cgframes_to_ml_310_complete": 1741567294.9975774, "wfmanager_update_jobs_310_start": 1741567294.9975805, "wfmanager_update_jobs_310_complete": 1741567296.858255, "wfmanager_add_new_patches_mlserver_311_start": 1741567309.652212, "wfmanager_add_new_patches_mlserver_311_complete": 1741567309.9850943, "wfmanager_add_new_patches_to_ml_311_start": 1741567309.9851, "wfmanager_add_new_patches_to_ml_311_complete": 1741567309.9851305, "wfmanager_add_cgframes_to_ml_311_start": 1741567309.985617, "wfmanager_add_cgframes_to_ml_311_complete": 1741567309.985651, "wfmanager_update_jobs_311_start": 1741567309.9856539, "wfmanager_update_jobs_311_complete": 1741567311.7785707, "wfmanager_add_new_patches_mlserver_312_start": 1741567324.653158, "wfmanager_add_new_patches_mlserver_312_complete": 1741567325.0121171, "wfmanager_add_new_patches_to_ml_312_start": 1741567325.0121236, "wfmanager_add_new_patches_to_ml_312_complete": 1741567325.0121553, "wfmanager_add_cgframes_to_ml_312_start": 1741567325.012708, "wfmanager_add_cgframes_to_ml_312_complete": 1741567325.01279, "wfmanager_update_jobs_312_start": 1741567325.012793, "wfmanager_update_jobs_312_complete": 1741567326.9025147, "wfmanager_add_new_patches_mlserver_313_start": 1741567339.6540558, "wfmanager_add_new_patches_mlserver_313_complete": 1741567340.028844, "wfmanager_add_new_patches_to_ml_313_start": 1741567340.0288498, "wfmanager_add_new_patches_to_ml_313_complete": 1741567340.0288932, "wfmanager_add_cgframes_to_ml_313_start": 1741567340.029472, "wfmanager_add_cgframes_to_ml_313_complete": 1741567340.0295641, "wfmanager_update_jobs_313_start": 1741567340.029567, "wfmanager_update_jobs_313_complete": 1741567341.8556921, "wfmanager_add_new_patches_mlserver_314_start": 1741567354.654986, "wfmanager_add_new_patches_mlserver_314_complete": 1741567355.0395718, "wfmanager_add_new_patches_to_ml_314_start": 1741567355.0395775, "wfmanager_add_new_patches_to_ml_314_complete": 1741567355.0396156, "wfmanager_add_cgframes_to_ml_314_start": 1741567355.040371, "wfmanager_add_cgframes_to_ml_314_complete": 1741567355.0404134, "wfmanager_update_jobs_314_start": 1741567355.0404167, "wfmanager_update_jobs_314_complete": 1741567356.883665, "wfmanager_add_new_patches_mlserver_315_start": 1741567369.6559012, "wfmanager_add_new_patches_mlserver_315_complete": 1741567370.0695953, "wfmanager_add_new_patches_to_ml_315_start": 1741567370.0696003, "wfmanager_add_new_patches_to_ml_315_complete": 1741567370.0696378, "wfmanager_add_cgframes_to_ml_315_start": 1741567370.070206, "wfmanager_add_cgframes_to_ml_315_complete": 1741567370.0702424, "wfmanager_update_jobs_315_start": 1741567370.0702443, "wfmanager_update_jobs_315_complete": 1741567371.8646858, "wfmanager_add_new_patches_mlserver_316_start": 1741567384.6569016, "wfmanager_add_new_patches_mlserver_316_complete": 1741567384.996955, "wfmanager_add_new_patches_to_ml_316_start": 1741567384.9969597, "wfmanager_add_new_patches_to_ml_316_complete": 1741567384.9969885, "wfmanager_add_cgframes_to_ml_316_start": 1741567384.9975526, "wfmanager_add_cgframes_to_ml_316_complete": 1741567384.997632, "wfmanager_update_jobs_316_start": 1741567384.9976351, "wfmanager_update_jobs_316_complete": 1741567386.924139, "wfmanager_add_new_patches_mlserver_317_start": 1741567399.6577492, "wfmanager_add_new_patches_mlserver_317_complete": 1741567399.9842808, "wfmanager_add_new_patches_to_ml_317_start": 1741567399.9842868, "wfmanager_add_new_patches_to_ml_317_complete": 1741567399.9843197, "wfmanager_add_cgframes_to_ml_317_start": 1741567399.984771, "wfmanager_add_cgframes_to_ml_317_complete": 1741567399.984808, "wfmanager_update_jobs_317_start": 1741567399.984811, "wfmanager_update_jobs_317_complete": 1741567401.8467245, "wfmanager_add_new_patches_mlserver_318_start": 1741567414.6587362, "wfmanager_add_new_patches_mlserver_318_complete": 1741567414.9914215, "wfmanager_add_new_patches_to_ml_318_start": 1741567414.9914248, "wfmanager_add_new_patches_to_ml_318_complete": 1741567414.991444, "wfmanager_add_cgframes_to_ml_318_start": 1741567414.9916444, "wfmanager_add_cgframes_to_ml_318_complete": 1741567414.9916747, "wfmanager_update_jobs_318_start": 1741567414.991677, "wfmanager_update_jobs_318_complete": 1741567416.8989317, "wfmanager_add_new_patches_mlserver_319_start": 1741567429.6596441, "wfmanager_add_new_patches_mlserver_319_complete": 1741567429.9981947, "wfmanager_add_new_patches_to_ml_319_start": 1741567429.9982004, "wfmanager_add_new_patches_to_ml_319_complete": 1741567429.9982362, "wfmanager_add_cgframes_to_ml_319_start": 1741567429.9986727, "wfmanager_add_cgframes_to_ml_319_complete": 1741567429.9987073, "wfmanager_update_jobs_319_start": 1741567429.99871, "wfmanager_update_jobs_319_complete": 1741567431.9427888, "wfmanager_add_new_patches_mlserver_320_start": 1741567444.6606395, "wfmanager_add_new_patches_mlserver_320_complete": 1741567445.0106046, "wfmanager_add_new_patches_to_ml_320_start": 1741567445.0106099, "wfmanager_add_new_patches_to_ml_320_complete": 1741567445.0106425, "wfmanager_add_cgframes_to_ml_320_start": 1741567445.0112128, "wfmanager_add_cgframes_to_ml_320_complete": 1741567445.0112545, "wfmanager_update_jobs_320_start": 1741567445.011297, "wfmanager_update_jobs_320_complete": 1741567446.9187984, "wfmanager_add_new_patches_mlserver_321_start": 1741567459.6615527, "wfmanager_add_new_patches_mlserver_321_complete": 1741567459.9910364, "wfmanager_add_new_patches_to_ml_321_start": 1741567459.9910395, "wfmanager_add_new_patches_to_ml_321_complete": 1741567459.9910586, "wfmanager_add_cgframes_to_ml_321_start": 1741567459.9912472, "wfmanager_add_cgframes_to_ml_321_complete": 1741567459.991269, "wfmanager_update_jobs_321_start": 1741567459.991271, "wfmanager_update_jobs_321_complete": 1741567461.848628, "wfmanager_add_new_patches_mlserver_322_start": 1741567474.6624994, "wfmanager_add_new_patches_mlserver_322_complete": 1741567475.0413406, "wfmanager_add_new_patches_to_ml_322_start": 1741567475.0413465, "wfmanager_add_new_patches_to_ml_322_complete": 1741567475.0413778, "wfmanager_add_cgframes_to_ml_322_start": 1741567475.0419855, "wfmanager_add_cgframes_to_ml_322_complete": 1741567475.042064, "wfmanager_update_jobs_322_start": 1741567475.0420675, "wfmanager_update_jobs_322_complete": 1741567477.0192673, "wfmanager_add_new_patches_mlserver_323_start": 1741567489.664492, "wfmanager_add_new_patches_mlserver_323_complete": 1741567490.0094922, "wfmanager_add_new_patches_to_ml_323_start": 1741567490.0094976, "wfmanager_add_new_patches_to_ml_323_complete": 1741567490.0095289, "wfmanager_add_cgframes_to_ml_323_start": 1741567490.0100656, "wfmanager_add_cgframes_to_ml_323_complete": 1741567490.0101376, "wfmanager_update_jobs_323_start": 1741567490.0101414, "wfmanager_update_jobs_323_complete": 1741567492.2842028, "wfmanager_add_new_patches_mlserver_324_start": 1741567504.665485, "wfmanager_add_new_patches_mlserver_324_complete": 1741567505.030384, "wfmanager_add_new_patches_to_ml_324_start": 1741567505.0303903, "wfmanager_add_new_patches_to_ml_324_complete": 1741567505.0304277, "wfmanager_add_cgframes_to_ml_324_start": 1741567505.031056, "wfmanager_add_cgframes_to_ml_324_complete": 1741567505.0311308, "wfmanager_update_jobs_324_start": 1741567505.0311334, "wfmanager_update_jobs_324_complete": 1741567507.4751458, "wfmanager_add_new_patches_mlserver_325_start": 1741567519.6664007, "wfmanager_add_new_patches_mlserver_325_complete": 1741567520.0174577, "wfmanager_add_new_patches_to_ml_325_start": 1741567520.017463, "wfmanager_add_new_patches_to_ml_325_complete": 1741567520.017501, "wfmanager_add_cgframes_to_ml_325_start": 1741567520.0180583, "wfmanager_add_cgframes_to_ml_325_complete": 1741567520.0180962, "wfmanager_update_jobs_325_start": 1741567520.0181193, "wfmanager_update_jobs_325_complete": 1741567522.2716234, "wfmanager_add_new_patches_mlserver_326_start": 1741567534.6673365, "wfmanager_add_new_patches_mlserver_326_complete": 1741567535.0201664, "wfmanager_add_new_patches_to_ml_326_start": 1741567535.0201724, "wfmanager_add_new_patches_to_ml_326_complete": 1741567535.0202086, "wfmanager_add_cgframes_to_ml_326_start": 1741567535.0205278, "wfmanager_add_cgframes_to_ml_326_complete": 1741567535.0205612, "wfmanager_update_jobs_326_start": 1741567535.0205626, "wfmanager_update_jobs_326_complete": 1741567537.3662808, "wfmanager_add_new_patches_mlserver_327_start": 1741567549.668233, "wfmanager_add_new_patches_mlserver_327_complete": 1741567550.0141568, "wfmanager_add_new_patches_to_ml_327_start": 1741567550.0141625, "wfmanager_add_new_patches_to_ml_327_complete": 1741567550.0141923, "wfmanager_add_cgframes_to_ml_327_start": 1741567550.0147347, "wfmanager_add_cgframes_to_ml_327_complete": 1741567550.0147727, "wfmanager_update_jobs_327_start": 1741567550.014775, "wfmanager_update_jobs_327_complete": 1741567552.3405633, "wfmanager_add_new_patches_mlserver_328_start": 1741567564.6691716, "wfmanager_add_new_patches_mlserver_328_complete": 1741567565.0135224, "wfmanager_add_new_patches_to_ml_328_start": 1741567565.0135272, "wfmanager_add_new_patches_to_ml_328_complete": 1741567565.0135562, "wfmanager_add_cgframes_to_ml_328_start": 1741567565.0140991, "wfmanager_add_cgframes_to_ml_328_complete": 1741567565.0141382, "wfmanager_update_jobs_328_start": 1741567565.0141406, "wfmanager_update_jobs_328_complete": 1741567567.391477, "wfmanager_add_new_patches_mlserver_329_start": 1741567579.670085, "wfmanager_add_new_patches_mlserver_329_complete": 1741567580.0257635, "wfmanager_add_new_patches_to_ml_329_start": 1741567580.0257702, "wfmanager_add_new_patches_to_ml_329_complete": 1741567580.0258086, "wfmanager_add_cgframes_to_ml_329_start": 1741567580.0263834, "wfmanager_add_cgframes_to_ml_329_complete": 1741567580.0264583, "wfmanager_update_jobs_329_start": 1741567580.0264623, "wfmanager_update_jobs_329_complete": 1741567582.2763395, "wfmanager_add_new_patches_mlserver_330_start": 1741567594.6710024, "wfmanager_add_new_patches_mlserver_330_complete": 1741567595.0190454, "wfmanager_add_new_patches_to_ml_330_start": 1741567595.019051, "wfmanager_add_new_patches_to_ml_330_complete": 1741567595.019083, "wfmanager_add_cgframes_to_ml_330_start": 1741567595.0194075, "wfmanager_add_cgframes_to_ml_330_complete": 1741567595.0194385, "wfmanager_update_jobs_330_start": 1741567595.0194411, "wfmanager_update_jobs_330_complete": 1741567597.5278556, "wfmanager_add_new_patches_mlserver_331_start": 1741567609.6735585, "wfmanager_add_new_patches_mlserver_331_complete": 1741567610.0338032, "wfmanager_add_new_patches_to_ml_331_start": 1741567610.0338094, "wfmanager_add_new_patches_to_ml_331_complete": 1741567610.03384, "wfmanager_add_cgframes_to_ml_331_start": 1741567610.0345314, "wfmanager_add_cgframes_to_ml_331_complete": 1741567610.0345736, "wfmanager_update_jobs_331_start": 1741567610.0345771, "wfmanager_update_jobs_331_complete": 1741567612.3632417, "wfmanager_add_new_patches_mlserver_332_start": 1741567624.674506, "wfmanager_add_new_patches_mlserver_332_complete": 1741567625.016409, "wfmanager_add_new_patches_to_ml_332_start": 1741567625.0164137, "wfmanager_add_new_patches_to_ml_332_complete": 1741567625.0164516, "wfmanager_add_cgframes_to_ml_332_start": 1741567625.0171456, "wfmanager_add_cgframes_to_ml_332_complete": 1741567625.0171845, "wfmanager_update_jobs_332_start": 1741567625.0171874, "wfmanager_update_jobs_332_complete": 1741567627.4517515, "wfmanager_add_new_patches_mlserver_333_start": 1741567639.6752033, "wfmanager_add_new_patches_mlserver_333_complete": 1741567640.0083985, "wfmanager_add_new_patches_to_ml_333_start": 1741567640.008404, "wfmanager_add_new_patches_to_ml_333_complete": 1741567640.008438, "wfmanager_add_cgframes_to_ml_333_start": 1741567640.0090168, "wfmanager_add_cgframes_to_ml_333_complete": 1741567640.0090523, "wfmanager_update_jobs_333_start": 1741567640.0090551, "wfmanager_update_jobs_333_complete": 1741567642.2243001, "wfmanager_add_new_patches_mlserver_334_start": 1741567654.6761465, "wfmanager_add_new_patches_mlserver_334_complete": 1741567655.0272894, "wfmanager_add_new_patches_to_ml_334_start": 1741567655.0272954, "wfmanager_add_new_patches_to_ml_334_complete": 1741567655.0273259, "wfmanager_add_cgframes_to_ml_334_start": 1741567655.0276852, "wfmanager_add_cgframes_to_ml_334_complete": 1741567655.0277185, "wfmanager_update_jobs_334_start": 1741567655.0277216, "wfmanager_update_jobs_334_complete": 1741567657.3398163, "wfmanager_add_new_patches_mlserver_335_start": 1741567669.6771722, "wfmanager_add_new_patches_mlserver_335_complete": 1741567670.008723, "wfmanager_add_new_patches_to_ml_335_start": 1741567670.008728, "wfmanager_add_new_patches_to_ml_335_complete": 1741567670.008806, "wfmanager_add_cgframes_to_ml_335_start": 1741567670.0093267, "wfmanager_add_cgframes_to_ml_335_complete": 1741567670.009404, "wfmanager_update_jobs_335_start": 1741567670.0094075, "wfmanager_update_jobs_335_complete": 1741567672.3097696, "wfmanager_add_new_patches_mlserver_336_start": 1741567684.6781387, "wfmanager_add_new_patches_mlserver_336_complete": 1741567685.044817, "wfmanager_add_new_patches_to_ml_336_start": 1741567685.0448225, "wfmanager_add_new_patches_to_ml_336_complete": 1741567685.0448554, "wfmanager_add_cgframes_to_ml_336_start": 1741567685.045446, "wfmanager_add_cgframes_to_ml_336_complete": 1741567685.0454834, "wfmanager_update_jobs_336_start": 1741567685.045486, "wfmanager_update_jobs_336_complete": 1741567687.3678594, "wfmanager_add_new_patches_mlserver_337_start": 1741567699.6791208, "wfmanager_add_new_patches_mlserver_337_complete": 1741567700.0249844, "wfmanager_add_new_patches_to_ml_337_start": 1741567700.024991, "wfmanager_add_new_patches_to_ml_337_complete": 1741567700.0250242, "wfmanager_add_cgframes_to_ml_337_start": 1741567700.0255945, "wfmanager_add_cgframes_to_ml_337_complete": 1741567700.0256379, "wfmanager_update_jobs_337_start": 1741567700.0256405, "wfmanager_update_jobs_337_complete": 1741567702.2746809, "wfmanager_add_new_patches_mlserver_338_start": 1741567714.6802104, "wfmanager_add_new_patches_mlserver_338_complete": 1741567715.0112078, "wfmanager_add_new_patches_to_ml_338_start": 1741567715.011213, "wfmanager_add_new_patches_to_ml_338_complete": 1741567715.0112455, "wfmanager_add_cgframes_to_ml_338_start": 1741567715.0117896, "wfmanager_add_cgframes_to_ml_338_complete": 1741567715.0118349, "wfmanager_update_jobs_338_start": 1741567715.0118377, "wfmanager_update_jobs_338_complete": 1741567717.3752317, "wfmanager_add_new_patches_mlserver_339_start": 1741567729.6811733, "wfmanager_add_new_patches_mlserver_339_complete": 1741567730.0266194, "wfmanager_add_new_patches_to_ml_339_start": 1741567730.026625, "wfmanager_add_new_patches_to_ml_339_complete": 1741567730.026655, "wfmanager_add_cgframes_to_ml_339_start": 1741567730.0272322, "wfmanager_add_cgframes_to_ml_339_complete": 1741567730.0272682, "wfmanager_update_jobs_339_start": 1741567730.0272715, "wfmanager_update_jobs_339_complete": 1741567732.2929308, "wfmanager_add_new_patches_mlserver_340_start": 1741567744.6821046, "wfmanager_add_new_patches_mlserver_340_complete": 1741567745.0811565, "wfmanager_add_new_patches_to_ml_340_start": 1741567745.0811622, "wfmanager_add_new_patches_to_ml_340_complete": 1741567745.0813305, "wfmanager_add_cgframes_to_ml_340_start": 1741567745.0819132, "wfmanager_add_cgframes_to_ml_340_complete": 1741567745.081948, "wfmanager_update_jobs_340_start": 1741567745.0819504, "wfmanager_update_jobs_340_complete": 1741567747.3629885, "wfmanager_add_new_patches_mlserver_341_start": 1741567759.6830688, "wfmanager_add_new_patches_mlserver_341_complete": 1741567760.0997074, "wfmanager_add_new_patches_to_ml_341_start": 1741567760.0997126, "wfmanager_add_new_patches_to_ml_341_complete": 1741567760.0997417, "wfmanager_add_cgframes_to_ml_341_start": 1741567760.1002982, "wfmanager_add_cgframes_to_ml_341_complete": 1741567760.1003358, "wfmanager_update_jobs_341_start": 1741567760.1003385, "wfmanager_update_jobs_341_complete": 1741567762.3968053, "wfmanager_add_new_patches_mlserver_342_start": 1741567774.6840405, "wfmanager_add_new_patches_mlserver_342_complete": 1741567775.0857432, "wfmanager_add_new_patches_to_ml_342_start": 1741567775.0857487, "wfmanager_add_new_patches_to_ml_342_complete": 1741567775.0857801, "wfmanager_add_cgframes_to_ml_342_start": 1741567775.0861073, "wfmanager_add_cgframes_to_ml_342_complete": 1741567775.0861402, "wfmanager_update_jobs_342_start": 1741567775.086142, "wfmanager_update_jobs_342_complete": 1741567777.3243914, "wfmanager_add_new_patches_mlserver_343_start": 1741567789.6850002, "wfmanager_add_new_patches_mlserver_343_complete": 1741567790.023478, "wfmanager_add_new_patches_to_ml_343_start": 1741567790.0234833, "wfmanager_add_new_patches_to_ml_343_complete": 1741567790.0235195, "wfmanager_add_cgframes_to_ml_343_start": 1741567790.0241013, "wfmanager_add_cgframes_to_ml_343_complete": 1741567790.0241394, "wfmanager_update_jobs_343_start": 1741567790.024176, "wfmanager_update_jobs_343_complete": 1741567792.4031994, "wfmanager_add_new_patches_mlserver_344_start": 1741567804.6859798, "wfmanager_add_new_patches_mlserver_344_complete": 1741567805.0251875, "wfmanager_add_new_patches_to_ml_344_start": 1741567805.0251927, "wfmanager_add_new_patches_to_ml_344_complete": 1741567805.025224, "wfmanager_add_cgframes_to_ml_344_start": 1741567805.0258186, "wfmanager_add_cgframes_to_ml_344_complete": 1741567805.025855, "wfmanager_update_jobs_344_start": 1741567805.025893, "wfmanager_update_jobs_344_complete": 1741567807.30323, "wfmanager_add_new_patches_mlserver_345_start": 1741567819.686906, "wfmanager_add_new_patches_mlserver_345_complete": 1741567820.0436347, "wfmanager_add_new_patches_to_ml_345_start": 1741567820.0436401, "wfmanager_add_new_patches_to_ml_345_complete": 1741567820.0436728, "wfmanager_add_cgframes_to_ml_345_start": 1741567820.044258, "wfmanager_add_cgframes_to_ml_345_complete": 1741567820.044294, "wfmanager_update_jobs_345_start": 1741567820.0442965, "wfmanager_update_jobs_345_complete": 1741567822.334395, "wfmanager_add_new_patches_mlserver_346_start": 1741567834.6878445, "wfmanager_add_new_patches_mlserver_346_complete": 1741567835.029144, "wfmanager_add_new_patches_to_ml_346_start": 1741567835.0291498, "wfmanager_add_new_patches_to_ml_346_complete": 1741567835.029183, "wfmanager_add_cgframes_to_ml_346_start": 1741567835.029514, "wfmanager_add_cgframes_to_ml_346_complete": 1741567835.0295458, "wfmanager_update_jobs_346_start": 1741567835.0295484, "wfmanager_update_jobs_346_complete": 1741567837.3614738, "wfmanager_add_new_patches_mlserver_347_start": 1741567849.6887782, "wfmanager_add_new_patches_mlserver_347_complete": 1741567850.0285141, "wfmanager_add_new_patches_to_ml_347_start": 1741567850.0285192, "wfmanager_add_new_patches_to_ml_347_complete": 1741567850.028554, "wfmanager_add_cgframes_to_ml_347_start": 1741567850.0292015, "wfmanager_add_cgframes_to_ml_347_complete": 1741567850.0292768, "wfmanager_update_jobs_347_start": 1741567850.0292816, "wfmanager_update_jobs_347_complete": 1741567852.263732, "wfmanager_add_new_patches_mlserver_348_start": 1741567864.6899018, "wfmanager_add_new_patches_mlserver_348_complete": 1741567865.0240934, "wfmanager_add_new_patches_to_ml_348_start": 1741567865.0240984, "wfmanager_add_new_patches_to_ml_348_complete": 1741567865.0241282, "wfmanager_add_cgframes_to_ml_348_start": 1741567865.0246904, "wfmanager_add_cgframes_to_ml_348_complete": 1741567865.0247252, "wfmanager_update_jobs_348_start": 1741567865.0247278, "wfmanager_update_jobs_348_complete": 1741567867.3737009, "wfmanager_add_new_patches_mlserver_349_start": 1741567879.6908052, "wfmanager_add_new_patches_mlserver_349_complete": 1741567880.0205832, "wfmanager_add_new_patches_to_ml_349_start": 1741567880.020589, "wfmanager_add_new_patches_to_ml_349_complete": 1741567880.020628, "wfmanager_add_cgframes_to_ml_349_start": 1741567880.0212202, "wfmanager_add_cgframes_to_ml_349_complete": 1741567880.0212593, "wfmanager_update_jobs_349_start": 1741567880.021262, "wfmanager_update_jobs_349_complete": 1741567882.3377168, "wfmanager_add_new_patches_mlserver_350_start": 1741567894.6917517, "wfmanager_add_new_patches_mlserver_350_complete": 1741567895.051312, "wfmanager_add_new_patches_to_ml_350_start": 1741567895.0513175, "wfmanager_add_new_patches_to_ml_350_complete": 1741567895.0513465, "wfmanager_add_cgframes_to_ml_350_start": 1741567895.0519626, "wfmanager_add_cgframes_to_ml_350_complete": 1741567895.051999, "wfmanager_update_jobs_350_start": 1741567895.0520015, "wfmanager_update_jobs_350_complete": 1741567897.3921518, "wfmanager_add_new_patches_mlserver_351_start": 1741567909.6926584, "wfmanager_add_new_patches_mlserver_351_complete": 1741567910.0351877, "wfmanager_add_new_patches_to_ml_351_start": 1741567910.0351944, "wfmanager_add_new_patches_to_ml_351_complete": 1741567910.0352297, "wfmanager_add_cgframes_to_ml_351_start": 1741567910.035815, "wfmanager_add_cgframes_to_ml_351_complete": 1741567910.0358524, "wfmanager_update_jobs_351_start": 1741567910.035855, "wfmanager_update_jobs_351_complete": 1741567912.294649, "wfmanager_add_new_patches_mlserver_352_start": 1741567924.6935444, "wfmanager_add_new_patches_mlserver_352_complete": 1741567925.03178, "wfmanager_add_new_patches_to_ml_352_start": 1741567925.031786, "wfmanager_add_new_patches_to_ml_352_complete": 1741567925.0318258, "wfmanager_add_cgframes_to_ml_352_start": 1741567925.032164, "wfmanager_add_cgframes_to_ml_352_complete": 1741567925.0324318, "wfmanager_update_jobs_352_start": 1741567925.032436, "wfmanager_update_jobs_352_complete": 1741567927.3250227, "wfmanager_add_new_patches_mlserver_353_start": 1741567939.6944609, "wfmanager_add_new_patches_mlserver_353_complete": 1741567940.0300558, "wfmanager_add_new_patches_to_ml_353_start": 1741567940.030061, "wfmanager_add_new_patches_to_ml_353_complete": 1741567940.0300958, "wfmanager_add_cgframes_to_ml_353_start": 1741567940.0306826, "wfmanager_add_cgframes_to_ml_353_complete": 1741567940.0307195, "wfmanager_update_jobs_353_start": 1741567940.0307221, "wfmanager_update_jobs_353_complete": 1741567942.3403847, "wfmanager_add_new_patches_mlserver_354_start": 1741567954.69537, "wfmanager_add_new_patches_mlserver_354_complete": 1741567955.0435126, "wfmanager_add_new_patches_to_ml_354_start": 1741567955.0435174, "wfmanager_add_new_patches_to_ml_354_complete": 1741567955.0435467, "wfmanager_add_cgframes_to_ml_354_start": 1741567955.044161, "wfmanager_add_cgframes_to_ml_354_complete": 1741567955.0442402, "wfmanager_update_jobs_354_start": 1741567955.044243, "wfmanager_update_jobs_354_complete": 1741567957.3677642, "wfmanager_add_new_patches_mlserver_355_start": 1741567969.6962721, "wfmanager_add_new_patches_mlserver_355_complete": 1741567970.0432723, "wfmanager_add_new_patches_to_ml_355_start": 1741567970.0432777, "wfmanager_add_new_patches_to_ml_355_complete": 1741567970.043318, "wfmanager_add_cgframes_to_ml_355_start": 1741567970.043905, "wfmanager_add_cgframes_to_ml_355_complete": 1741567970.0439417, "wfmanager_update_jobs_355_start": 1741567970.043944, "wfmanager_update_jobs_355_complete": 1741567972.4044971, "wfmanager_add_new_patches_mlserver_356_start": 1741567984.6972651, "wfmanager_add_new_patches_mlserver_356_complete": 1741567985.0284119, "wfmanager_add_new_patches_to_ml_356_start": 1741567985.0284176, "wfmanager_add_new_patches_to_ml_356_complete": 1741567985.028448, "wfmanager_add_cgframes_to_ml_356_start": 1741567985.0290542, "wfmanager_add_cgframes_to_ml_356_complete": 1741567985.0290926, "wfmanager_update_jobs_356_start": 1741567985.0291307, "wfmanager_update_jobs_356_complete": 1741567987.3009968, "wfmanager_add_new_patches_mlserver_357_start": 1741567999.6984866, "wfmanager_add_new_patches_mlserver_357_complete": 1741568000.0254927, "wfmanager_add_new_patches_to_ml_357_start": 1741568000.0254974, "wfmanager_add_new_patches_to_ml_357_complete": 1741568000.0255287, "wfmanager_add_cgframes_to_ml_357_start": 1741568000.0261247, "wfmanager_add_cgframes_to_ml_357_complete": 1741568000.0262043, "wfmanager_update_jobs_357_start": 1741568000.0262072, "wfmanager_update_jobs_357_complete": 1741568002.3007789, "wfmanager_add_new_patches_mlserver_358_start": 1741568014.6993737, "wfmanager_add_new_patches_mlserver_358_complete": 1741568015.0409746, "wfmanager_add_new_patches_to_ml_358_start": 1741568015.0409796, "wfmanager_add_new_patches_to_ml_358_complete": 1741568015.0410206, "wfmanager_add_cgframes_to_ml_358_start": 1741568015.041645, "wfmanager_add_cgframes_to_ml_358_complete": 1741568015.0416813, "wfmanager_update_jobs_358_start": 1741568015.0416846, "wfmanager_update_jobs_358_complete": 1741568017.3491328, "wfmanager_add_new_patches_mlserver_359_start": 1741568029.7002602, "wfmanager_add_new_patches_mlserver_359_complete": 1741568030.0402355, "wfmanager_add_new_patches_to_ml_359_start": 1741568030.0402465, "wfmanager_add_new_patches_to_ml_359_complete": 1741568030.040277, "wfmanager_add_cgframes_to_ml_359_start": 1741568030.0409374, "wfmanager_add_cgframes_to_ml_359_complete": 1741568030.0410144, "wfmanager_update_jobs_359_start": 1741568030.0410168, "wfmanager_update_jobs_359_complete": 1741568032.2407267, "wfmanager_add_new_patches_mlserver_360_start": 1741568044.7012355, "wfmanager_add_new_patches_mlserver_360_complete": 1741568045.1429005, "wfmanager_add_new_patches_to_ml_360_start": 1741568045.142906, "wfmanager_add_new_patches_to_ml_360_complete": 1741568045.1429408, "wfmanager_add_cgframes_to_ml_360_start": 1741568045.1434488, "wfmanager_add_cgframes_to_ml_360_complete": 1741568045.1435192, "wfmanager_update_jobs_360_start": 1741568045.143523, "wfmanager_update_jobs_360_complete": 1741568047.4602122, "wfmanager_add_new_patches_mlserver_361_start": 1741568059.7022161, "wfmanager_add_new_patches_mlserver_361_complete": 1741568063.9945636, "wfmanager_add_new_patches_to_ml_361_start": 1741568063.9945686, "wfmanager_add_new_patches_to_ml_361_complete": 1741568063.9946003, "wfmanager_add_cgframes_to_ml_361_start": 1741568063.99513, "wfmanager_add_cgframes_to_ml_361_complete": 1741568063.9951649, "wfmanager_update_jobs_361_start": 1741568063.9951677, "wfmanager_update_jobs_361_complete": 1741568066.1495068, "wfmanager_add_new_patches_mlserver_362_start": 1741568074.703166, "wfmanager_add_new_patches_mlserver_362_complete": 1741568075.0745351, "wfmanager_add_new_patches_to_ml_362_start": 1741568075.0745401, "wfmanager_add_new_patches_to_ml_362_complete": 1741568075.0745697, "wfmanager_add_cgframes_to_ml_362_start": 1741568075.0751636, "wfmanager_add_cgframes_to_ml_362_complete": 1741568075.075239, "wfmanager_update_jobs_362_start": 1741568075.075242, "wfmanager_update_jobs_362_complete": 1741568077.2164736, "wfmanager_add_new_patches_mlserver_363_start": 1741568089.704087, "wfmanager_add_new_patches_mlserver_363_complete": 1741568090.0840683, "wfmanager_add_new_patches_to_ml_363_start": 1741568090.0840735, "wfmanager_add_new_patches_to_ml_363_complete": 1741568090.0841138, "wfmanager_add_cgframes_to_ml_363_start": 1741568090.0849097, "wfmanager_add_cgframes_to_ml_363_complete": 1741568090.0849483, "wfmanager_update_jobs_363_start": 1741568090.084951, "wfmanager_update_jobs_363_complete": 1741568092.1819751, "wfmanager_add_new_patches_mlserver_364_start": 1741568104.7050598, "wfmanager_add_new_patches_mlserver_364_complete": 1741568105.0909016, "wfmanager_add_new_patches_to_ml_364_start": 1741568105.0909088, "wfmanager_add_new_patches_to_ml_364_complete": 1741568105.0909388, "wfmanager_add_cgframes_to_ml_364_start": 1741568105.0911858, "wfmanager_add_cgframes_to_ml_364_complete": 1741568105.0912166, "wfmanager_update_jobs_364_start": 1741568105.0912194, "wfmanager_update_jobs_364_complete": 1741568107.1731157, "wfmanager_add_new_patches_mlserver_365_start": 1741568119.7057521, "wfmanager_add_new_patches_mlserver_365_complete": 1741568120.0800135, "wfmanager_add_new_patches_to_ml_365_start": 1741568120.0800195, "wfmanager_add_new_patches_to_ml_365_complete": 1741568120.0800536, "wfmanager_add_cgframes_to_ml_365_start": 1741568120.0806623, "wfmanager_add_cgframes_to_ml_365_complete": 1741568120.0806978, "wfmanager_update_jobs_365_start": 1741568120.0807004, "wfmanager_update_jobs_365_complete": 1741568122.1440952, "wfmanager_add_new_patches_mlserver_366_start": 1741568134.7064698, "wfmanager_add_new_patches_mlserver_366_complete": 1741568135.0908916, "wfmanager_add_new_patches_to_ml_366_start": 1741568135.090895, "wfmanager_add_new_patches_to_ml_366_complete": 1741568135.0909166, "wfmanager_add_cgframes_to_ml_366_start": 1741568135.0911674, "wfmanager_add_cgframes_to_ml_366_complete": 1741568135.09119, "wfmanager_update_jobs_366_start": 1741568135.0911918, "wfmanager_update_jobs_366_complete": 1741568137.2277918, "wfmanager_add_new_patches_mlserver_367_start": 1741568149.7074113, "wfmanager_add_new_patches_mlserver_367_complete": 1741568150.0944602, "wfmanager_add_new_patches_to_ml_367_start": 1741568150.0944653, "wfmanager_add_new_patches_to_ml_367_complete": 1741568150.0944967, "wfmanager_add_cgframes_to_ml_367_start": 1741568150.0949044, "wfmanager_add_cgframes_to_ml_367_complete": 1741568150.094939, "wfmanager_update_jobs_367_start": 1741568150.0949411, "wfmanager_update_jobs_367_complete": 1741568152.1968427, "wfmanager_add_new_patches_mlserver_368_start": 1741568164.7083197, "wfmanager_add_new_patches_mlserver_368_complete": 1741568165.1348884, "wfmanager_add_new_patches_to_ml_368_start": 1741568165.1348941, "wfmanager_add_new_patches_to_ml_368_complete": 1741568165.134926, "wfmanager_add_cgframes_to_ml_368_start": 1741568165.1354618, "wfmanager_add_cgframes_to_ml_368_complete": 1741568165.1354985, "wfmanager_update_jobs_368_start": 1741568165.1355538, "wfmanager_update_jobs_368_complete": 1741568167.2112043, "wfmanager_add_new_patches_mlserver_369_start": 1741568179.7092648, "wfmanager_add_new_patches_mlserver_369_complete": 1741568180.135281, "wfmanager_add_new_patches_to_ml_369_start": 1741568180.1352866, "wfmanager_add_new_patches_to_ml_369_complete": 1741568180.1353216, "wfmanager_add_cgframes_to_ml_369_start": 1741568180.1358716, "wfmanager_add_cgframes_to_ml_369_complete": 1741568180.1359153, "wfmanager_update_jobs_369_start": 1741568180.135918, "wfmanager_update_jobs_369_complete": 1741568182.191213, "wfmanager_add_new_patches_mlserver_370_start": 1741568194.709936, "wfmanager_add_new_patches_mlserver_370_complete": 1741568195.1370602, "wfmanager_add_new_patches_to_ml_370_start": 1741568195.1370656, "wfmanager_add_new_patches_to_ml_370_complete": 1741568195.1370997, "wfmanager_add_cgframes_to_ml_370_start": 1741568195.1376429, "wfmanager_add_cgframes_to_ml_370_complete": 1741568195.1376793, "wfmanager_update_jobs_370_start": 1741568195.1376817, "wfmanager_update_jobs_370_complete": 1741568197.198211, "wfmanager_add_new_patches_mlserver_371_start": 1741568209.7108653, "wfmanager_add_new_patches_mlserver_371_complete": 1741568210.1320064, "wfmanager_add_new_patches_to_ml_371_start": 1741568210.132011, "wfmanager_add_new_patches_to_ml_371_complete": 1741568210.1320446, "wfmanager_add_cgframes_to_ml_371_start": 1741568210.132594, "wfmanager_add_cgframes_to_ml_371_complete": 1741568210.1326334, "wfmanager_update_jobs_371_start": 1741568210.1326373, "wfmanager_update_jobs_371_complete": 1741568212.2427466, "wfmanager_add_new_patches_mlserver_372_start": 1741568224.7117865, "wfmanager_add_new_patches_mlserver_372_complete": 1741568225.0864701, "wfmanager_add_new_patches_to_ml_372_start": 1741568225.0864754, "wfmanager_add_new_patches_to_ml_372_complete": 1741568225.0865104, "wfmanager_add_cgframes_to_ml_372_start": 1741568225.087043, "wfmanager_add_cgframes_to_ml_372_complete": 1741568225.0870814, "wfmanager_update_jobs_372_start": 1741568225.087084, "wfmanager_update_jobs_372_complete": 1741568227.2112334, "wfmanager_add_new_patches_mlserver_373_start": 1741568239.7127357, "wfmanager_add_new_patches_mlserver_373_complete": 1741568240.1080105, "wfmanager_add_new_patches_to_ml_373_start": 1741568240.108016, "wfmanager_add_new_patches_to_ml_373_complete": 1741568240.1080487, "wfmanager_add_cgframes_to_ml_373_start": 1741568240.108644, "wfmanager_add_cgframes_to_ml_373_complete": 1741568240.1087263, "wfmanager_update_jobs_373_start": 1741568240.1087291, "wfmanager_update_jobs_373_complete": 1741568242.2844474, "wfmanager_add_new_patches_mlserver_374_start": 1741568254.7136316, "wfmanager_add_new_patches_mlserver_374_complete": 1741568255.1128466, "wfmanager_add_new_patches_to_ml_374_start": 1741568255.1128526, "wfmanager_add_new_patches_to_ml_374_complete": 1741568255.1128855, "wfmanager_add_cgframes_to_ml_374_start": 1741568255.1134262, "wfmanager_add_cgframes_to_ml_374_complete": 1741568255.113504, "wfmanager_update_jobs_374_start": 1741568255.113507, "wfmanager_update_jobs_374_complete": 1741568257.7318306, "wfmanager_add_new_patches_mlserver_375_start": 1741568269.7145576, "wfmanager_add_new_patches_mlserver_375_complete": 1741568270.0965574, "wfmanager_add_new_patches_to_ml_375_start": 1741568270.0965626, "wfmanager_add_new_patches_to_ml_375_complete": 1741568270.0965955, "wfmanager_add_cgframes_to_ml_375_start": 1741568270.097224, "wfmanager_add_cgframes_to_ml_375_complete": 1741568270.0973048, "wfmanager_update_jobs_375_start": 1741568270.0973074, "wfmanager_update_jobs_375_complete": 1741568272.694705, "wfmanager_add_new_patches_mlserver_376_start": 1741568284.7154784, "wfmanager_add_new_patches_mlserver_376_complete": 1741568285.087129, "wfmanager_add_new_patches_to_ml_376_start": 1741568285.0871353, "wfmanager_add_new_patches_to_ml_376_complete": 1741568285.0871685, "wfmanager_add_cgframes_to_ml_376_start": 1741568285.0877101, "wfmanager_add_cgframes_to_ml_376_complete": 1741568285.0877545, "wfmanager_update_jobs_376_start": 1741568285.0877576, "wfmanager_update_jobs_376_complete": 1741568287.6930609, "wfmanager_add_new_patches_mlserver_377_start": 1741568299.7164347, "wfmanager_add_new_patches_mlserver_377_complete": 1741568300.1357381, "wfmanager_add_new_patches_to_ml_377_start": 1741568300.1357431, "wfmanager_add_new_patches_to_ml_377_complete": 1741568300.1357765, "wfmanager_add_cgframes_to_ml_377_start": 1741568300.13639, "wfmanager_add_cgframes_to_ml_377_complete": 1741568300.136472, "wfmanager_update_jobs_377_start": 1741568300.136475, "wfmanager_update_jobs_377_complete": 1741568302.752696, "wfmanager_add_new_patches_mlserver_378_start": 1741568314.7174497, "wfmanager_add_new_patches_mlserver_378_complete": 1741568315.0914419, "wfmanager_add_new_patches_to_ml_378_start": 1741568315.0914454, "wfmanager_add_new_patches_to_ml_378_complete": 1741568315.0914664, "wfmanager_add_cgframes_to_ml_378_start": 1741568315.0917065, "wfmanager_add_cgframes_to_ml_378_complete": 1741568315.091728, "wfmanager_update_jobs_378_start": 1741568315.0917296, "wfmanager_update_jobs_378_complete": 1741568317.7097518, "wfmanager_add_new_patches_mlserver_379_start": 1741568329.718412, "wfmanager_add_new_patches_mlserver_379_complete": 1741568330.0896297, "wfmanager_add_new_patches_to_ml_379_start": 1741568330.089635, "wfmanager_add_new_patches_to_ml_379_complete": 1741568330.0896678, "wfmanager_add_cgframes_to_ml_379_start": 1741568330.089984, "wfmanager_add_cgframes_to_ml_379_complete": 1741568330.090018, "wfmanager_update_jobs_379_start": 1741568330.0900211, "wfmanager_update_jobs_379_complete": 1741568332.6518154, "wfmanager_add_new_patches_mlserver_380_start": 1741568344.7191296, "wfmanager_add_new_patches_mlserver_380_complete": 1741568345.112916, "wfmanager_add_new_patches_to_ml_380_start": 1741568345.1129212, "wfmanager_add_new_patches_to_ml_380_complete": 1741568345.1129544, "wfmanager_add_cgframes_to_ml_380_start": 1741568345.113544, "wfmanager_add_cgframes_to_ml_380_complete": 1741568345.1136203, "wfmanager_update_jobs_380_start": 1741568345.1136243, "wfmanager_update_jobs_380_complete": 1741568347.8120222, "wfmanager_add_new_patches_mlserver_381_start": 1741568359.7199082, "wfmanager_add_new_patches_mlserver_381_complete": 1741568360.1306987, "wfmanager_add_new_patches_to_ml_381_start": 1741568360.1307044, "wfmanager_add_new_patches_to_ml_381_complete": 1741568360.1307325, "wfmanager_add_cgframes_to_ml_381_start": 1741568360.131042, "wfmanager_add_cgframes_to_ml_381_complete": 1741568360.1310694, "wfmanager_update_jobs_381_start": 1741568360.1310723, "wfmanager_update_jobs_381_complete": 1741568362.680007, "wfmanager_add_new_patches_mlserver_382_start": 1741568374.720621, "wfmanager_add_new_patches_mlserver_382_complete": 1741568375.1070433, "wfmanager_add_new_patches_to_ml_382_start": 1741568375.1070487, "wfmanager_add_new_patches_to_ml_382_complete": 1741568375.1070766, "wfmanager_add_cgframes_to_ml_382_start": 1741568375.1073804, "wfmanager_add_cgframes_to_ml_382_complete": 1741568375.1074083, "wfmanager_update_jobs_382_start": 1741568375.107411, "wfmanager_update_jobs_382_complete": 1741568377.6177063, "wfmanager_add_new_patches_mlserver_383_start": 1741568389.7215629, "wfmanager_add_new_patches_mlserver_383_complete": 1741568390.1081734, "wfmanager_add_new_patches_to_ml_383_start": 1741568390.1081784, "wfmanager_add_new_patches_to_ml_383_complete": 1741568390.1082137, "wfmanager_add_cgframes_to_ml_383_start": 1741568390.1087594, "wfmanager_add_cgframes_to_ml_383_complete": 1741568390.1088488, "wfmanager_update_jobs_383_start": 1741568390.1088517, "wfmanager_update_jobs_383_complete": 1741568392.6546977, "wfmanager_add_new_patches_mlserver_384_start": 1741568404.722511, "wfmanager_add_new_patches_mlserver_384_complete": 1741568405.1405272, "wfmanager_add_new_patches_to_ml_384_start": 1741568405.1405327, "wfmanager_add_new_patches_to_ml_384_complete": 1741568405.1405685, "wfmanager_add_cgframes_to_ml_384_start": 1741568405.1409516, "wfmanager_add_cgframes_to_ml_384_complete": 1741568405.1409829, "wfmanager_update_jobs_384_start": 1741568405.1409853, "wfmanager_update_jobs_384_complete": 1741568407.7666848, "wfmanager_add_new_patches_mlserver_385_start": 1741568419.7233963, "wfmanager_add_new_patches_mlserver_385_complete": 1741568420.1011243, "wfmanager_add_new_patches_to_ml_385_start": 1741568420.1011295, "wfmanager_add_new_patches_to_ml_385_complete": 1741568420.1011584, "wfmanager_add_cgframes_to_ml_385_start": 1741568420.101705, "wfmanager_add_cgframes_to_ml_385_complete": 1741568420.1017478, "wfmanager_update_jobs_385_start": 1741568420.1017509, "wfmanager_update_jobs_385_complete": 1741568422.609198, "wfmanager_add_new_patches_mlserver_386_start": 1741568434.7241483, "wfmanager_add_new_patches_mlserver_386_complete": 1741568435.1385622, "wfmanager_add_new_patches_to_ml_386_start": 1741568435.138568, "wfmanager_add_new_patches_to_ml_386_complete": 1741568435.1385992, "wfmanager_add_cgframes_to_ml_386_start": 1741568435.1392024, "wfmanager_add_cgframes_to_ml_386_complete": 1741568435.1392767, "wfmanager_update_jobs_386_start": 1741568435.1392806, "wfmanager_update_jobs_386_complete": 1741568437.6737945, "wfmanager_add_new_patches_mlserver_387_start": 1741568449.7250998, "wfmanager_add_new_patches_mlserver_387_complete": 1741568450.1472125, "wfmanager_add_new_patches_to_ml_387_start": 1741568450.147218, "wfmanager_add_new_patches_to_ml_387_complete": 1741568450.147249, "wfmanager_add_cgframes_to_ml_387_start": 1741568450.147818, "wfmanager_add_cgframes_to_ml_387_complete": 1741568450.1478546, "wfmanager_update_jobs_387_start": 1741568450.1478574, "wfmanager_update_jobs_387_complete": 1741568452.6858506, "wfmanager_add_new_patches_mlserver_388_start": 1741568464.7260141, "wfmanager_add_new_patches_mlserver_388_complete": 1741568465.1543772, "wfmanager_add_new_patches_to_ml_388_start": 1741568465.1543834, "wfmanager_add_new_patches_to_ml_388_complete": 1741568465.1544166, "wfmanager_add_cgframes_to_ml_388_start": 1741568465.154992, "wfmanager_add_cgframes_to_ml_388_complete": 1741568465.155069, "wfmanager_update_jobs_388_start": 1741568465.1550722, "wfmanager_update_jobs_388_complete": 1741568467.668687, "wfmanager_add_new_patches_mlserver_389_start": 1741568479.7269542, "wfmanager_add_new_patches_mlserver_389_complete": 1741568480.115502, "wfmanager_add_new_patches_to_ml_389_start": 1741568480.115507, "wfmanager_add_new_patches_to_ml_389_complete": 1741568480.1155376, "wfmanager_add_cgframes_to_ml_389_start": 1741568480.1160915, "wfmanager_add_cgframes_to_ml_389_complete": 1741568480.1161325, "wfmanager_update_jobs_389_start": 1741568480.1161354, "wfmanager_update_jobs_389_complete": 1741568482.8204894, "wfmanager_add_new_patches_mlserver_390_start": 1741568494.727916, "wfmanager_add_new_patches_mlserver_390_complete": 1741568495.1196144, "wfmanager_add_new_patches_to_ml_390_start": 1741568495.1196198, "wfmanager_add_new_patches_to_ml_390_complete": 1741568495.1196504, "wfmanager_add_cgframes_to_ml_390_start": 1741568495.1202328, "wfmanager_add_cgframes_to_ml_390_complete": 1741568495.1203094, "wfmanager_update_jobs_390_start": 1741568495.1203122, "wfmanager_update_jobs_390_complete": 1741568497.7752492, "wfmanager_add_new_patches_mlserver_391_start": 1741568509.728865, "wfmanager_add_new_patches_mlserver_391_complete": 1741568510.1126182, "wfmanager_add_new_patches_to_ml_391_start": 1741568510.1126235, "wfmanager_add_new_patches_to_ml_391_complete": 1741568510.1126575, "wfmanager_add_cgframes_to_ml_391_start": 1741568510.113275, "wfmanager_add_cgframes_to_ml_391_complete": 1741568510.11331, "wfmanager_update_jobs_391_start": 1741568510.1133447, "wfmanager_update_jobs_391_complete": 1741568512.7022686, "wfmanager_add_new_patches_mlserver_392_start": 1741568524.729575, "wfmanager_add_new_patches_mlserver_392_complete": 1741568525.1143062, "wfmanager_add_new_patches_to_ml_392_start": 1741568525.1143124, "wfmanager_add_new_patches_to_ml_392_complete": 1741568525.1143494, "wfmanager_add_cgframes_to_ml_392_start": 1741568525.1146681, "wfmanager_add_cgframes_to_ml_392_complete": 1741568525.114697, "wfmanager_update_jobs_392_start": 1741568525.1146994, "wfmanager_update_jobs_392_complete": 1741568527.7595754, "wfmanager_add_new_patches_mlserver_393_start": 1741568539.7305439, "wfmanager_add_new_patches_mlserver_393_complete": 1741568540.1393988, "wfmanager_add_new_patches_to_ml_393_start": 1741568540.139404, "wfmanager_add_new_patches_to_ml_393_complete": 1741568540.13944, "wfmanager_add_cgframes_to_ml_393_start": 1741568540.140007, "wfmanager_add_cgframes_to_ml_393_complete": 1741568540.1400464, "wfmanager_update_jobs_393_start": 1741568540.1400487, "wfmanager_update_jobs_393_complete": 1741568542.8861313, "wfmanager_add_new_patches_mlserver_394_start": 1741568554.7314758, "wfmanager_add_new_patches_mlserver_394_complete": 1741568555.0956075, "wfmanager_add_new_patches_to_ml_394_start": 1741568555.0956125, "wfmanager_add_new_patches_to_ml_394_complete": 1741568555.0956464, "wfmanager_add_cgframes_to_ml_394_start": 1741568555.0961962, "wfmanager_add_cgframes_to_ml_394_complete": 1741568555.0962353, "wfmanager_update_jobs_394_start": 1741568555.0962389, "wfmanager_update_jobs_394_complete": 1741568557.641002, "wfmanager_add_new_patches_mlserver_395_start": 1741568569.732367, "wfmanager_add_new_patches_mlserver_395_complete": 1741568570.150686, "wfmanager_add_new_patches_to_ml_395_start": 1741568570.150692, "wfmanager_add_new_patches_to_ml_395_complete": 1741568570.1507256, "wfmanager_add_cgframes_to_ml_395_start": 1741568570.1514196, "wfmanager_add_cgframes_to_ml_395_complete": 1741568570.1514568, "wfmanager_update_jobs_395_start": 1741568570.15146, "wfmanager_update_jobs_395_complete": 1741568572.8199425, "wfmanager_add_new_patches_mlserver_396_start": 1741568584.73311, "wfmanager_add_new_patches_mlserver_396_complete": 1741568585.122235, "wfmanager_add_new_patches_to_ml_396_start": 1741568585.12224, "wfmanager_add_new_patches_to_ml_396_complete": 1741568585.1222732, "wfmanager_add_cgframes_to_ml_396_start": 1741568585.1225848, "wfmanager_add_cgframes_to_ml_396_complete": 1741568585.1226192, "wfmanager_update_jobs_396_start": 1741568585.12262, "wfmanager_update_jobs_396_complete": 1741568587.861386, "wfmanager_add_new_patches_mlserver_397_start": 1741568599.7339714, "wfmanager_add_new_patches_mlserver_397_complete": 1741568600.1082876, "wfmanager_add_new_patches_to_ml_397_start": 1741568600.1082926, "wfmanager_add_new_patches_to_ml_397_complete": 1741568600.1083298, "wfmanager_add_cgframes_to_ml_397_start": 1741568600.1089246, "wfmanager_add_cgframes_to_ml_397_complete": 1741568600.1090004, "wfmanager_update_jobs_397_start": 1741568600.1090033, "wfmanager_update_jobs_397_complete": 1741568602.6921997, "wfmanager_add_new_patches_mlserver_398_start": 1741568614.7346754, "wfmanager_add_new_patches_mlserver_398_complete": 1741568615.1287715, "wfmanager_add_new_patches_to_ml_398_start": 1741568615.1288192, "wfmanager_add_new_patches_to_ml_398_complete": 1741568615.1288576, "wfmanager_add_cgframes_to_ml_398_start": 1741568615.129169, "wfmanager_add_cgframes_to_ml_398_complete": 1741568615.129198, "wfmanager_update_jobs_398_start": 1741568615.1292012, "wfmanager_update_jobs_398_complete": 1741568617.75905, "wfmanager_add_new_patches_mlserver_399_start": 1741568629.7355382, "wfmanager_add_new_patches_mlserver_399_complete": 1741568630.1115913, "wfmanager_add_new_patches_to_ml_399_start": 1741568630.1115963, "wfmanager_add_new_patches_to_ml_399_complete": 1741568630.1116343, "wfmanager_add_cgframes_to_ml_399_start": 1741568630.112199, "wfmanager_add_cgframes_to_ml_399_complete": 1741568630.1122344, "wfmanager_update_jobs_399_start": 1741568630.1122367, "wfmanager_update_jobs_399_complete": 1741568632.64774, "wfmanager_add_new_patches_mlserver_400_start": 1741568644.7362306, "wfmanager_add_new_patches_mlserver_400_complete": 1741568645.1667604, "wfmanager_add_new_patches_to_ml_400_start": 1741568645.1667664, "wfmanager_add_new_patches_to_ml_400_complete": 1741568645.1667955, "wfmanager_add_cgframes_to_ml_400_start": 1741568645.167104, "wfmanager_add_cgframes_to_ml_400_complete": 1741568645.1671348, "wfmanager_update_jobs_400_start": 1741568645.1671395, "wfmanager_update_jobs_400_complete": 1741568647.7676609, "wfmanager_add_new_patches_mlserver_401_start": 1741568659.737207, "wfmanager_add_new_patches_mlserver_401_complete": 1741568660.1653206, "wfmanager_add_new_patches_to_ml_401_start": 1741568660.1653259, "wfmanager_add_new_patches_to_ml_401_complete": 1741568660.165356, "wfmanager_add_cgframes_to_ml_401_start": 1741568660.1659136, "wfmanager_add_cgframes_to_ml_401_complete": 1741568660.1659946, "wfmanager_update_jobs_401_start": 1741568660.1659992, "wfmanager_update_jobs_401_complete": 1741568662.8021822, "wfmanager_add_new_patches_mlserver_402_start": 1741568674.7381332, "wfmanager_add_new_patches_mlserver_402_complete": 1741568675.1118066, "wfmanager_add_new_patches_to_ml_402_start": 1741568675.1118119, "wfmanager_add_new_patches_to_ml_402_complete": 1741568675.1118472, "wfmanager_add_cgframes_to_ml_402_start": 1741568675.112369, "wfmanager_add_cgframes_to_ml_402_complete": 1741568675.112445, "wfmanager_update_jobs_402_start": 1741568675.1124485, "wfmanager_update_jobs_402_complete": 1741568677.664048, "wfmanager_add_new_patches_mlserver_403_start": 1741568689.7390788, "wfmanager_add_new_patches_mlserver_403_complete": 1741568690.144226, "wfmanager_add_new_patches_to_ml_403_start": 1741568690.144231, "wfmanager_add_new_patches_to_ml_403_complete": 1741568690.1442583, "wfmanager_add_cgframes_to_ml_403_start": 1741568690.1449096, "wfmanager_add_cgframes_to_ml_403_complete": 1741568690.1449513, "wfmanager_update_jobs_403_start": 1741568690.1449544, "wfmanager_update_jobs_403_complete": 1741568692.7766187, "wfmanager_add_new_patches_mlserver_404_start": 1741568704.7400248, "wfmanager_add_new_patches_mlserver_404_complete": 1741568705.1862235, "wfmanager_add_new_patches_to_ml_404_start": 1741568705.1862292, "wfmanager_add_new_patches_to_ml_404_complete": 1741568705.1862638, "wfmanager_add_cgframes_to_ml_404_start": 1741568705.1867926, "wfmanager_add_cgframes_to_ml_404_complete": 1741568705.1868339, "wfmanager_update_jobs_404_start": 1741568705.186872, "wfmanager_update_jobs_404_complete": 1741568707.777843, "wfmanager_add_new_patches_mlserver_405_start": 1741568719.7410603, "wfmanager_add_new_patches_mlserver_405_complete": 1741568720.192704, "wfmanager_add_new_patches_to_ml_405_start": 1741568720.1927075, "wfmanager_add_new_patches_to_ml_405_complete": 1741568720.192761, "wfmanager_add_cgframes_to_ml_405_start": 1741568720.1933212, "wfmanager_add_cgframes_to_ml_405_complete": 1741568720.193357, "wfmanager_update_jobs_405_start": 1741568720.1933606, "wfmanager_update_jobs_405_complete": 1741568722.7151074, "wfmanager_add_new_patches_mlserver_406_start": 1741568734.7420313, "wfmanager_add_new_patches_mlserver_406_complete": 1741568735.1219676, "wfmanager_add_new_patches_to_ml_406_start": 1741568735.1219728, "wfmanager_add_new_patches_to_ml_406_complete": 1741568735.1220024, "wfmanager_add_cgframes_to_ml_406_start": 1741568735.1225402, "wfmanager_add_cgframes_to_ml_406_complete": 1741568735.1225777, "wfmanager_update_jobs_406_start": 1741568735.1225803, "wfmanager_update_jobs_406_complete": 1741568737.664192, "wfmanager_add_new_patches_mlserver_407_start": 1741568749.742924, "wfmanager_add_new_patches_mlserver_407_complete": 1741568750.1307578, "wfmanager_add_new_patches_to_ml_407_start": 1741568750.1307638, "wfmanager_add_new_patches_to_ml_407_complete": 1741568750.1307933, "wfmanager_add_cgframes_to_ml_407_start": 1741568750.1428452, "wfmanager_add_cgframes_to_ml_407_complete": 1741568750.1429293, "wfmanager_update_jobs_407_start": 1741568750.142933, "wfmanager_update_jobs_407_complete": 1741568752.8116403, "wfmanager_add_new_patches_mlserver_408_start": 1741568764.7438436, "wfmanager_add_new_patches_mlserver_408_complete": 1741568765.1636143, "wfmanager_add_new_patches_to_ml_408_start": 1741568765.1636195, "wfmanager_add_new_patches_to_ml_408_complete": 1741568765.163653, "wfmanager_add_cgframes_to_ml_408_start": 1741568765.164233, "wfmanager_add_cgframes_to_ml_408_complete": 1741568765.1642704, "wfmanager_update_jobs_408_start": 1741568765.1642728, "wfmanager_update_jobs_408_complete": 1741568767.9185123, "wfmanager_add_new_patches_mlserver_409_start": 1741568779.7447867, "wfmanager_add_new_patches_mlserver_409_complete": 1741568780.1224809, "wfmanager_add_new_patches_to_ml_409_start": 1741568780.1224868, "wfmanager_add_new_patches_to_ml_409_complete": 1741568780.1225233, "wfmanager_add_cgframes_to_ml_409_start": 1741568780.1230912, "wfmanager_add_cgframes_to_ml_409_complete": 1741568780.1231651, "wfmanager_update_jobs_409_start": 1741568780.1231687, "wfmanager_update_jobs_409_complete": 1741568782.7842915, "wfmanager_add_new_patches_mlserver_410_start": 1741568794.7453349, "wfmanager_add_new_patches_mlserver_410_complete": 1741568795.1522315, "wfmanager_add_new_patches_to_ml_410_start": 1741568795.1522365, "wfmanager_add_new_patches_to_ml_410_complete": 1741568795.1522722, "wfmanager_add_cgframes_to_ml_410_start": 1741568795.1528127, "wfmanager_add_cgframes_to_ml_410_complete": 1741568795.1528902, "wfmanager_update_jobs_410_start": 1741568795.152893, "wfmanager_update_jobs_410_complete": 1741568797.8015654, "wfmanager_add_new_patches_mlserver_411_start": 1741568809.7460687, "wfmanager_add_new_patches_mlserver_411_complete": 1741568810.1639385, "wfmanager_add_new_patches_to_ml_411_start": 1741568810.1639435, "wfmanager_add_new_patches_to_ml_411_complete": 1741568810.1639774, "wfmanager_add_cgframes_to_ml_411_start": 1741568810.1645904, "wfmanager_add_cgframes_to_ml_411_complete": 1741568810.1646678, "wfmanager_update_jobs_411_start": 1741568810.1646705, "wfmanager_update_jobs_411_complete": 1741568812.8646193, "wfmanager_add_new_patches_mlserver_412_start": 1741568824.747066, "wfmanager_add_new_patches_mlserver_412_complete": 1741568825.1853585, "wfmanager_add_new_patches_to_ml_412_start": 1741568825.1853645, "wfmanager_add_new_patches_to_ml_412_complete": 1741568825.1854014, "wfmanager_add_cgframes_to_ml_412_start": 1741568825.185979, "wfmanager_add_cgframes_to_ml_412_complete": 1741568825.1860197, "wfmanager_update_jobs_412_start": 1741568825.1860223, "wfmanager_update_jobs_412_complete": 1741568827.7959483, "wfmanager_add_new_patches_mlserver_413_start": 1741568839.7480001, "wfmanager_add_new_patches_mlserver_413_complete": 1741568840.180488, "wfmanager_add_new_patches_to_ml_413_start": 1741568840.1804936, "wfmanager_add_new_patches_to_ml_413_complete": 1741568840.1805282, "wfmanager_add_cgframes_to_ml_413_start": 1741568840.1811776, "wfmanager_add_cgframes_to_ml_413_complete": 1741568840.181252, "wfmanager_update_jobs_413_start": 1741568840.1812553, "wfmanager_update_jobs_413_complete": 1741568842.7554498, "wfmanager_add_new_patches_mlserver_414_start": 1741568854.7488987, "wfmanager_add_new_patches_mlserver_414_complete": 1741568855.1780357, "wfmanager_add_new_patches_to_ml_414_start": 1741568855.1780531, "wfmanager_add_new_patches_to_ml_414_complete": 1741568855.178074, "wfmanager_add_cgframes_to_ml_414_start": 1741568855.178579, "wfmanager_add_cgframes_to_ml_414_complete": 1741568855.1786158, "wfmanager_update_jobs_414_start": 1741568855.1786187, "wfmanager_update_jobs_414_complete": 1741568857.9143016, "wfmanager_add_new_patches_mlserver_415_start": 1741568869.7498178, "wfmanager_add_new_patches_mlserver_415_complete": 1741568874.0735765, "wfmanager_add_new_patches_to_ml_415_start": 1741568874.073582, "wfmanager_add_new_patches_to_ml_415_complete": 1741568874.0736246, "wfmanager_add_cgframes_to_ml_415_start": 1741568874.0742078, "wfmanager_add_cgframes_to_ml_415_complete": 1741568874.0742908, "wfmanager_update_jobs_415_start": 1741568874.0742939, "wfmanager_update_jobs_415_complete": 1741568876.3329136, "wfmanager_add_new_patches_mlserver_416_start": 1741568884.7507524, "wfmanager_add_new_patches_mlserver_416_complete": 1741568885.2031076, "wfmanager_add_new_patches_to_ml_416_start": 1741568885.2031126, "wfmanager_add_new_patches_to_ml_416_complete": 1741568885.2031462, "wfmanager_add_cgframes_to_ml_416_start": 1741568885.2037203, "wfmanager_add_cgframes_to_ml_416_complete": 1741568885.2037582, "wfmanager_update_jobs_416_start": 1741568885.2037606, "wfmanager_update_jobs_416_complete": 1741568887.5159395, "wfmanager_add_new_patches_mlserver_417_start": 1741568899.751645, "wfmanager_add_new_patches_mlserver_417_complete": 1741568900.161129, "wfmanager_add_new_patches_to_ml_417_start": 1741568900.161135, "wfmanager_add_new_patches_to_ml_417_complete": 1741568900.1611633, "wfmanager_add_cgframes_to_ml_417_start": 1741568900.161705, "wfmanager_add_cgframes_to_ml_417_complete": 1741568900.1617427, "wfmanager_update_jobs_417_start": 1741568900.1617448, "wfmanager_update_jobs_417_complete": 1741568902.434699, "wfmanager_add_new_patches_mlserver_418_start": 1741568914.752515, "wfmanager_add_new_patches_mlserver_418_complete": 1741568915.165072, "wfmanager_add_new_patches_to_ml_418_start": 1741568915.1650777, "wfmanager_add_new_patches_to_ml_418_complete": 1741568915.1651065, "wfmanager_add_cgframes_to_ml_418_start": 1741568915.1656735, "wfmanager_add_cgframes_to_ml_418_complete": 1741568915.1657536, "wfmanager_update_jobs_418_start": 1741568915.1657565, "wfmanager_update_jobs_418_complete": 1741568917.4186308, "wfmanager_add_new_patches_mlserver_419_start": 1741568929.753412, "wfmanager_add_new_patches_mlserver_419_complete": 1741568930.1729317, "wfmanager_add_new_patches_to_ml_419_start": 1741568930.1729372, "wfmanager_add_new_patches_to_ml_419_complete": 1741568930.1729705, "wfmanager_add_cgframes_to_ml_419_start": 1741568930.1735334, "wfmanager_add_cgframes_to_ml_419_complete": 1741568930.1736124, "wfmanager_update_jobs_419_start": 1741568930.1736152, "wfmanager_update_jobs_419_complete": 1741568932.5481226, "wfmanager_add_new_patches_mlserver_420_start": 1741568944.7543163, "wfmanager_add_new_patches_mlserver_420_complete": 1741568945.1760926, "wfmanager_add_new_patches_to_ml_420_start": 1741568945.1760979, "wfmanager_add_new_patches_to_ml_420_complete": 1741568945.1761398, "wfmanager_add_cgframes_to_ml_420_start": 1741568945.1767132, "wfmanager_add_cgframes_to_ml_420_complete": 1741568945.1768322, "wfmanager_update_jobs_420_start": 1741568945.1768348, "wfmanager_update_jobs_420_complete": 1741568947.5550861, "wfmanager_add_new_patches_mlserver_421_start": 1741568959.755265, "wfmanager_add_new_patches_mlserver_421_complete": 1741568960.1697648, "wfmanager_add_new_patches_to_ml_421_start": 1741568960.1697707, "wfmanager_add_new_patches_to_ml_421_complete": 1741568960.1698058, "wfmanager_add_cgframes_to_ml_421_start": 1741568960.170354, "wfmanager_add_cgframes_to_ml_421_complete": 1741568960.1703944, "wfmanager_update_jobs_421_start": 1741568960.1703973, "wfmanager_update_jobs_421_complete": 1741568962.5924075, "wfmanager_add_new_patches_mlserver_422_start": 1741568974.7561781, "wfmanager_add_new_patches_mlserver_422_complete": 1741568975.1973507, "wfmanager_add_new_patches_to_ml_422_start": 1741568975.1973557, "wfmanager_add_new_patches_to_ml_422_complete": 1741568975.1973863, "wfmanager_add_cgframes_to_ml_422_start": 1741568975.197962, "wfmanager_add_cgframes_to_ml_422_complete": 1741568975.1980019, "wfmanager_update_jobs_422_start": 1741568975.1980438, "wfmanager_update_jobs_422_complete": 1741568977.519435, "wfmanager_add_new_patches_mlserver_423_start": 1741568989.7571957, "wfmanager_add_new_patches_mlserver_423_complete": 1741568990.1768935, "wfmanager_add_new_patches_to_ml_423_start": 1741568990.1768987, "wfmanager_add_new_patches_to_ml_423_complete": 1741568990.1769345, "wfmanager_add_cgframes_to_ml_423_start": 1741568990.1774921, "wfmanager_add_cgframes_to_ml_423_complete": 1741568990.1775315, "wfmanager_update_jobs_423_start": 1741568990.1775706, "wfmanager_update_jobs_423_complete": 1741568992.5541778, "wfmanager_add_new_patches_mlserver_424_start": 1741569004.758113, "wfmanager_add_new_patches_mlserver_424_complete": 1741569005.1617272, "wfmanager_add_new_patches_to_ml_424_start": 1741569005.1617332, "wfmanager_add_new_patches_to_ml_424_complete": 1741569005.1617613, "wfmanager_add_cgframes_to_ml_424_start": 1741569005.1623354, "wfmanager_add_cgframes_to_ml_424_complete": 1741569005.1624153, "wfmanager_update_jobs_424_start": 1741569005.1624188, "wfmanager_update_jobs_424_complete": 1741569007.5129647, "wfmanager_add_new_patches_mlserver_425_start": 1741569019.7591155, "wfmanager_add_new_patches_mlserver_425_complete": 1741569020.1750073, "wfmanager_add_new_patches_to_ml_425_start": 1741569020.1750124, "wfmanager_add_new_patches_to_ml_425_complete": 1741569020.175041, "wfmanager_add_cgframes_to_ml_425_start": 1741569020.1756434, "wfmanager_add_cgframes_to_ml_425_complete": 1741569020.175683, "wfmanager_update_jobs_425_start": 1741569020.175686, "wfmanager_update_jobs_425_complete": 1741569022.5727742, "wfmanager_add_new_patches_mlserver_426_start": 1741569034.7600582, "wfmanager_add_new_patches_mlserver_426_complete": 1741569035.1763153, "wfmanager_add_new_patches_to_ml_426_start": 1741569035.1763213, "wfmanager_add_new_patches_to_ml_426_complete": 1741569035.1763585, "wfmanager_add_cgframes_to_ml_426_start": 1741569035.1769702, "wfmanager_add_cgframes_to_ml_426_complete": 1741569035.1770418, "wfmanager_update_jobs_426_start": 1741569035.1770446, "wfmanager_update_jobs_426_complete": 1741569037.5515883, "wfmanager_add_new_patches_mlserver_427_start": 1741569049.7610686, "wfmanager_add_new_patches_mlserver_427_complete": 1741569050.2062807, "wfmanager_add_new_patches_to_ml_427_start": 1741569050.2062867, "wfmanager_add_new_patches_to_ml_427_complete": 1741569050.2063234, "wfmanager_add_cgframes_to_ml_427_start": 1741569050.2069123, "wfmanager_add_cgframes_to_ml_427_complete": 1741569050.2069988, "wfmanager_update_jobs_427_start": 1741569050.2070017, "wfmanager_update_jobs_427_complete": 1741569052.177544, "wfmanager_add_new_patches_mlserver_428_start": 1741569064.7616792, "wfmanager_add_new_patches_mlserver_428_complete": 1741569065.024223, "wfmanager_add_new_patches_to_ml_428_start": 1741569065.0242271, "wfmanager_add_new_patches_to_ml_428_complete": 1741569065.0242474, "wfmanager_add_cgframes_to_ml_428_start": 1741569065.0244825, "wfmanager_add_cgframes_to_ml_428_complete": 1741569065.024512, "wfmanager_update_jobs_428_start": 1741569065.0245142, "wfmanager_update_jobs_428_complete": 1741569067.0330162, "wfmanager_add_new_patches_mlserver_429_start": 1741569079.7622175, "wfmanager_add_new_patches_mlserver_429_complete": 1741569080.0365138, "wfmanager_add_new_patches_to_ml_429_start": 1741569080.036518, "wfmanager_add_new_patches_to_ml_429_complete": 1741569080.0365388, "wfmanager_add_cgframes_to_ml_429_start": 1741569080.036826, "wfmanager_add_cgframes_to_ml_429_complete": 1741569080.0368476, "wfmanager_update_jobs_429_start": 1741569080.0368497, "wfmanager_update_jobs_429_complete": 1741569081.8751538, "wfmanager_add_new_patches_mlserver_430_start": 1741569094.762834, "wfmanager_add_new_patches_mlserver_430_complete": 1741569095.0208309, "wfmanager_add_new_patches_to_ml_430_start": 1741569095.0208354, "wfmanager_add_new_patches_to_ml_430_complete": 1741569095.0208573, "wfmanager_add_cgframes_to_ml_430_start": 1741569095.0210848, "wfmanager_add_cgframes_to_ml_430_complete": 1741569095.0211058, "wfmanager_update_jobs_430_start": 1741569095.0211077, "wfmanager_update_jobs_430_complete": 1741569096.9727821, "wfmanager_add_new_patches_mlserver_431_start": 1741569109.7633548, "wfmanager_add_new_patches_mlserver_431_complete": 1741569110.0195737, "wfmanager_add_new_patches_to_ml_431_start": 1741569110.0195777, "wfmanager_add_new_patches_to_ml_431_complete": 1741569110.0195985, "wfmanager_add_cgframes_to_ml_431_start": 1741569110.0198197, "wfmanager_add_cgframes_to_ml_431_complete": 1741569110.019841, "wfmanager_update_jobs_431_start": 1741569110.0198438, "wfmanager_update_jobs_431_complete": 1741569111.9125745, "wfmanager_add_new_patches_mlserver_432_start": 1741569124.763971, "wfmanager_add_new_patches_mlserver_432_complete": 1741569125.0482485, "wfmanager_add_new_patches_to_ml_432_start": 1741569125.048252, "wfmanager_add_new_patches_to_ml_432_complete": 1741569125.0482743, "wfmanager_add_cgframes_to_ml_432_start": 1741569125.0485227, "wfmanager_add_cgframes_to_ml_432_complete": 1741569125.0485425, "wfmanager_update_jobs_432_start": 1741569125.0485442, "wfmanager_update_jobs_432_complete": 1741569127.0357726, "wfmanager_add_new_patches_mlserver_433_start": 1741569139.764643, "wfmanager_add_new_patches_mlserver_433_complete": 1741569140.0206835, "wfmanager_add_new_patches_to_ml_433_start": 1741569140.0206876, "wfmanager_add_new_patches_to_ml_433_complete": 1741569140.0207083, "wfmanager_add_cgframes_to_ml_433_start": 1741569140.0209577, "wfmanager_add_cgframes_to_ml_433_complete": 1741569140.0209777, "wfmanager_update_jobs_433_start": 1741569140.0209792, "wfmanager_update_jobs_433_complete": 1741569141.9030159, "wfmanager_add_new_patches_mlserver_434_start": 1741569154.765204, "wfmanager_add_new_patches_mlserver_434_complete": 1741569155.0316222, "wfmanager_add_new_patches_to_ml_434_start": 1741569155.0316257, "wfmanager_add_new_patches_to_ml_434_complete": 1741569155.0316465, "wfmanager_add_cgframes_to_ml_434_start": 1741569155.0318933, "wfmanager_add_cgframes_to_ml_434_complete": 1741569155.0319223, "wfmanager_update_jobs_434_start": 1741569155.031925, "wfmanager_update_jobs_434_complete": 1741569156.9436634, "wfmanager_add_new_patches_mlserver_435_start": 1741569169.7658386, "wfmanager_add_new_patches_mlserver_435_complete": 1741569170.0290086, "wfmanager_add_new_patches_to_ml_435_start": 1741569170.029013, "wfmanager_add_new_patches_to_ml_435_complete": 1741569170.029034, "wfmanager_add_cgframes_to_ml_435_start": 1741569170.0292752, "wfmanager_add_cgframes_to_ml_435_complete": 1741569170.0292964, "wfmanager_update_jobs_435_start": 1741569170.0292985, "wfmanager_update_jobs_435_complete": 1741569171.925423, "wfmanager_add_new_patches_mlserver_436_start": 1741569184.76635, "wfmanager_add_new_patches_mlserver_436_complete": 1741569185.022801, "wfmanager_add_new_patches_to_ml_436_start": 1741569185.0228143, "wfmanager_add_new_patches_to_ml_436_complete": 1741569185.0228374, "wfmanager_add_cgframes_to_ml_436_start": 1741569185.023081, "wfmanager_add_cgframes_to_ml_436_complete": 1741569185.0231018, "wfmanager_update_jobs_436_start": 1741569185.0231035, "wfmanager_update_jobs_436_complete": 1741569187.04919, "wfmanager_add_new_patches_mlserver_437_start": 1741569199.7668846, "wfmanager_add_new_patches_mlserver_437_complete": 1741569200.0250604, "wfmanager_add_new_patches_to_ml_437_start": 1741569200.0250647, "wfmanager_add_new_patches_to_ml_437_complete": 1741569200.0250864, "wfmanager_add_cgframes_to_ml_437_start": 1741569200.0253277, "wfmanager_add_cgframes_to_ml_437_complete": 1741569200.025348, "wfmanager_update_jobs_437_start": 1741569200.0253496, "wfmanager_update_jobs_437_complete": 1741569201.9120874}}
