2025-04-08 16:16:08,951 - [MainProcess:160236] root:init_logger:344 - INFO - Enabled
2025-04-08 16:16:08,951 - [MainProcess:160236] root:init_logger:345 - WARNING - Enabled
2025-04-08 16:16:08,951 - [MainProcess:160236] root:init_logger:346 - ERROR - Enabled
2025-04-08 16:16:08,951 - [MainProcess:160236] root:init_logger:347 - CRITICAL - Enabled
2025-04-08 16:16:08,988 - [MainProcess:160236] root:_log_profile:78 - PROFILE - [136.688 MB]: Enabled
2025-04-08 16:16:08,989 - [MainProcess:160236] mummi_ras.online.cg.cganalysis:run_cganalysis:881 - INFO - Running CG analysis, options are:
2025-04-08 16:16:08,989 - [MainProcess:160236] mummi_ras.online.cg.cganalysis:run_cganalysis:882 - INFO - Namespace(simname='structure_iter00_000000000014', fcount=0, noninteractive=False, path='/tmp/mummi/cg/structure_iter00_000000000014-20250408_161548', pathremote='/p/gpfs1/pottier1/minimummi-sc25/roots/root1/sims-cg/structure_iter00_000000000014', fstype='mummi', fbio='mummi', nprocs=1, loglevel=2, logpath='./', logstdout=True, test=False, logfile='cg_analysis', maxsimtime=250000000, stopsimtime=600, minsimtime=100000000, frameProcessBatchSize=10, siminputs='/p/gpfs1/pottier1/minimummi-sc25/roots/root1/sims-cg/structure_iter00_000000000014', simbin='gmx', simruntime='0.5', simcores=8, nofeedback=False, backend=<MDEngine.GROMACS: <class 'mummi_ras.online.simulation.GROMACS'>>, mini=True)
2025-04-08 16:16:08,989 - [MainProcess:160236] mummi_ras.online.cg.cganalysis:run_cganalysis:883 - INFO - local path = /tmp/mummi/cg/structure_iter00_000000000014-20250408_161548
2025-04-08 16:16:08,989 - [MainProcess:160236] mummi_ras.online.cg.cganalysis:run_cganalysis:885 - INFO - remote path = /p/gpfs1/pottier1/minimummi-sc25/roots/root1/sims-cg/structure_iter00_000000000014
2025-04-08 16:16:09,153 - [MainProcess:160236] mummi_ras.online.cg.cganalysis:run_cganalysis:895 - INFO - Using IO_Interface [<class 'mummi_ras.interfaces.mummi.IO_Mummi'>] for data output
2025-04-08 16:16:09,153 - [MainProcess:160236] mummi_ras.online.cg.cganalysis:run_cganalysis:896 - INFO - Using IO_Interface [<class 'mummi_ras.interfaces.mummi.IO_Mummi'>] for feedback output
2025-04-08 16:16:09,153 - [MainProcess:160236] mummi_ras.online.cg.cgoptions:__init__:47 - INFO - Loading parameters from /g/g92/pottier1/admirral_sc25/mummi_resources/analysis/cg/cg_analysis_parameters.yaml
2025-04-08 16:16:09,161 - [MainProcess:160236] mummi_ras.feedback.feedback_manager_cg2ml:__init__:56 - INFO - Initialized FeedbackManager (type = FeedbackManagerType.Worker; name = structure_iter00_000000000014; host = lassen426)
2025-04-08 16:16:09,217 - [MainProcess:160236] mummi_ras.parsers.cg:setup:68 - INFO - Initializing CGParser (MDAnalysis version 2.8.0-dev0)
2025-04-08 16:16:09,217 - [MainProcess:160236] mummi_ras.parsers.cg:setup:69 - INFO - 	Loading: (/tmp/mummi/cg/structure_iter00_000000000014-20250408_161548/lipids-water-eq6.gro) (/tmp/mummi/cg/structure_iter00_000000000014-20250408_161548/topol.tpr)
2025-04-08 16:16:09,236 - [MainProcess:160236] MDAnalysis.topology.TPRparser:_log_header:258 - INFO - Gromacs version   : b'VERSION 2024.1'
2025-04-08 16:16:09,236 - [MainProcess:160236] MDAnalysis.topology.TPRparser:_log_header:259 - INFO - tpx version       : 133
2025-04-08 16:16:09,236 - [MainProcess:160236] MDAnalysis.topology.TPRparser:_log_header:260 - INFO - tpx generation    : 28
2025-04-08 16:16:09,236 - [MainProcess:160236] MDAnalysis.topology.TPRparser:_log_header:261 - INFO - tpx precision     : 4
2025-04-08 16:16:09,236 - [MainProcess:160236] MDAnalysis.topology.TPRparser:_log_header:262 - INFO - tpx file_tag      : b'release'
2025-04-08 16:16:09,236 - [MainProcess:160236] MDAnalysis.topology.TPRparser:_log_header:263 - INFO - tpx natoms        : 54441
2025-04-08 16:16:09,237 - [MainProcess:160236] MDAnalysis.topology.TPRparser:_log_header:264 - INFO - tpx ngtc          : 2
2025-04-08 16:16:09,237 - [MainProcess:160236] MDAnalysis.topology.TPRparser:_log_header:265 - INFO - tpx fep_state     : 0
2025-04-08 16:16:09,237 - [MainProcess:160236] MDAnalysis.topology.TPRparser:_log_header:266 - INFO - tpx lambda        : 0.0
2025-04-08 16:16:10,092 - [MainProcess:160236] mummi_ras.parsers.cg:setup:74 - INFO - 	Number of frames in sim: 1
2025-04-08 16:16:10,092 - [MainProcess:160236] mummi_ras.parsers.cg:setup:75 - INFO - 	Number of atoms in sim: 54441
2025-04-08 16:16:10,092 - [MainProcess:160236] mummi_ras.parsers.cg:setup:76 - INFO - 	Sim dimensions: [182.0292 182.0292 180.6585]
2025-04-08 16:16:10,128 - [MainProcess:160236] mummi_ras.parsers.cg:_setup_lipids:103 - WARNING -  Resnames ['ALA' 'ARG' 'ASN' 'ASP' 'CGW' 'CYF' 'CYM' 'CYS' 'GLN' 'GLU' 'GLY' 'GTP'
 'HSE' 'ILE' 'ION' 'LEU' 'LYS' 'MET' 'MG' 'PHE' 'PRO' 'SER' 'THR' 'TRP'
 'TYR' 'VAL' 'W' 'ZN2'] either not lipids or not supported!
2025-04-08 16:16:10,362 - [MainProcess:160236] numexpr.utils:_init_num_threads:145 - INFO - Note: detected 176 virtual cores but NumExpr set to maximum of 64, check "NUMEXPR_MAX_THREADS" environment variable.
2025-04-08 16:16:10,362 - [MainProcess:160236] numexpr.utils:_init_num_threads:148 - INFO - Note: NumExpr detected 176 cores but "NUMEXPR_MAX_THREADS" not set, so enforcing safe limit of 8.
2025-04-08 16:16:10,844 - [MainProcess:160236] mummi_ras.parsers.cg:_setup_lipids:145 - WARNING - Found leaflets of size 448 355
2025-04-08 16:16:10,848 - [MainProcess:160236] mummi_ras.parsers.cg_aligner:init:144 - INFO - origin: (165,): ['THR', 'GLU', 'TYR', 'LYS', 'LEU', 'VAL', 'VAL', 'VAL', 'GLY', 'ALA', 'ASP', 'GLY', 'VAL', 'GLY', 'LYS', 'SER', 'ALA', 'LEU', 'THR', 'ILE', 'GLN', 'LEU', 'ILE', 'GLN', 'ASN', 'HSE', 'PHE', 'VAL', 'ASP', 'GLU', 'TYR', 'ASP', 'PRO', 'THR', 'ILE', 'GLU', 'ASP', 'SER', 'TYR', 'ARG', 'LYS', 'GLN', 'VAL', 'VAL', 'ILE', 'ASP', 'GLY', 'GLU', 'THR', 'CYS', 'LEU', 'LEU', 'ASP', 'ILE', 'LEU', 'ASP', 'THR', 'ALA', 'GLY', 'GLN', 'GLU', 'GLU', 'TYR', 'SER', 'ALA', 'MET', 'ARG', 'ASP', 'GLN', 'TYR', 'MET', 'ARG', 'THR', 'GLY', 'GLU', 'GLY', 'PHE', 'LEU', 'CYS', 'VAL', 'PHE', 'ALA', 'ILE', 'ASN', 'ASN', 'THR', 'LYS', 'SER', 'PHE', 'GLU', 'ASP', 'ILE', 'HSE', 'HSE', 'TYR', 'ARG', 'GLU', 'GLN', 'ILE', 'LYS', 'ARG', 'VAL', 'LYS', 'ASP', 'SER', 'GLU', 'ASP', 'VAL', 'PRO', 'MET', 'VAL', 'LEU', 'VAL', 'GLY', 'ASN', 'LYS', 'CYS', 'ASP', 'LEU', 'PRO', 'SER', 'ARG', 'THR', 'VAL', 'ASP', 'THR', 'LYS', 'GLN', 'ALA', 'GLN', 'ASP', 'LEU', 'ALA', 'ARG', 'SER', 'TYR', 'GLY', 'ILE', 'PRO', 'PHE', 'ILE', 'GLU', 'THR', 'SER', 'ALA', 'LYS', 'THR', 'ARG', 'GLN', 'GLY', 'VAL', 'ASP', 'ASP', 'ALA', 'PHE', 'TYR', 'THR', 'LEU', 'VAL', 'ARG', 'GLU', 'ILE', 'ARG', 'LYS', 'HSE']
2025-04-08 16:16:10,849 - [MainProcess:160236] mummi_ras.parsers.cg_aligner:init:145 - INFO - xaxis:  (8,): ['THR', 'PHE', 'PHE', 'THR', 'LEU', 'LEU', 'PHE', 'GLN']
2025-04-08 16:16:10,852 - [MainProcess:160236] mummi_ras.online.cg.cganalysis:run_cganalysis:978 - INFO - Testing flags: [Success='cg_success', Fail='cg_failure']
2025-04-08 16:16:10,852 - [MainProcess:160236] mummi_ras.online.cg.cganalysis:run_cganalysis:979 - INFO - Checking for exit condition [/p/gpfs1/pottier1/minimummi-sc25/roots/root1/sims-cg/structure_iter00_000000000014] (pass=False fail=False)
2025-04-08 16:16:10,853 - [MainProcess:160236] mummi_ras.online.simulation:run:101 - INFO - Starting /usr/WS1/mummiusr/mummi-spack/spack/0.21/opt/spack/__spack_path_placeholder__/__spack_path_placeholder__/__spack_path_placeholder__/__spack_path_placeholder__/__spack_path_placeholder__/__spack_path_placeholder__/__spack_path_placeholder__/__spack_path_pla/linux-rhel7-power9le/gcc-11.2.1/gromacs-2024.1-qjy7zpleiv5vefcx74wqch3gy2rui4uh/bin/gmx....
2025-04-08 16:16:10,853 - [MainProcess:160236] mummi_ras.online.simulation:run:115 - INFO - cmd =       /usr/WS1/mummiusr/mummi-spack/spack/0.21/opt/spack/__spack_path_placeholder__/__spack_path_placeholder__/__spack_path_placeholder__/__spack_path_placeholder__/__spack_path_placeholder__/__spack_path_placeholder__/__spack_path_placeholder__/__spack_path_pla/linux-rhel7-power9le/gcc-11.2.1/gromacs-2024.1-qjy7zpleiv5vefcx74wqch3gy2rui4uh/bin/gmx mdrun -cpi -nb gpu -ntmpi 1 -ntomp 8 -pin off -maxh 0.5 >> mdrun.log 2>&1
2025-04-08 16:16:10,853 - [MainProcess:160236] mummi_ras.online.simulation:run:116 - INFO - os.pwd =    /tmp/mummi/cg/structure_iter00_000000000014-20250408_161548
2025-04-08 16:16:10,853 - [MainProcess:160236] mummi_ras.online.simulation:run:117 - INFO - simdir =    /tmp/mummi/cg/structure_iter00_000000000014-20250408_161548
2025-04-08 16:16:15,860 - [MainProcess:160236] mummi_ras.online.simulation:run:122 - INFO - Process Running? None
2025-04-08 16:16:15,862 - [MainProcess:160236] mummi_ras.online.simulation:run:126 - INFO - CUDA_VISIBLE_DEVICES=0
2025-04-08 16:16:15,862 - [MainProcess:160236] mummi_ras.online.simulation:run:127 - INFO - ROCR_VISIBLE_DEVICES=UNSET
2025-04-08 16:16:15,952 - [MainProcess:160236] mummi_ras.online.simulation:get_new_frames:399 - INFO - Getting all frame numbers in trajectory from 0 to 0.
2025-04-08 16:16:15,952 - [MainProcess:160236] mummi_ras.online.cg.cganalysis:run_main_analysis:193 - INFO - Process frame 0
2025-04-08 16:16:15,952 - [MainProcess:160236] mummi_ras.online.cg.cganalysis:processFrame:554 - INFO - Load 1 frames: current frame ID /tmp/mummi/cg/structure_iter00_000000000014-20250408_161548/traj_comp.xtc
2025-04-08 16:16:15,964 - [MainProcess:160236] mummi_ras.online.cg.cganalysis:processFrame:580 - INFO - Frame:     0, Time:    0.000 ps, Bbox = [0, 182.0292, 0, 182.0292]
2025-04-08 16:16:15,964 - [MainProcess:160236] mummi_ras.online.cg.cganalysis:processFrame:584 - INFO - Lengths of layers: 667 25 492
2025-04-08 16:16:16,063 - [MainProcess:160236] mummi_ras.online.cg.cganalysis:processFrame:765 - INFO - Time for analysis - frameNum 0, time 0.11136364936828613 s
2025-04-08 16:16:18,064 - [MainProcess:160236] mummi_ras.online.simulation:has_computed_enough:352 - INFO - runtime_hours*0.99 = 0.495 vs delta_time = 0.0020032537645763822 (length 0.0 ns) False False
2025-04-08 16:16:20,068 - [MainProcess:160236] mummi_ras.online.simulation:has_computed_enough:352 - INFO - runtime_hours*0.99 = 0.495 vs delta_time = 0.0025598678323957656 (length 0.0 ns) False False
2025-04-08 16:16:22,072 - [MainProcess:160236] mummi_ras.online.simulation:has_computed_enough:352 - INFO - runtime_hours*0.99 = 0.495 vs delta_time = 0.003116435408592224 (length 0.0 ns) False False
2025-04-08 16:16:24,075 - [MainProcess:160236] mummi_ras.online.simulation:has_computed_enough:352 - INFO - runtime_hours*0.99 = 0.495 vs delta_time = 0.0036729876200358074 (length 0.0 ns) False False
2025-04-08 16:16:26,079 - [MainProcess:160236] mummi_ras.online.simulation:has_computed_enough:352 - INFO - runtime_hours*0.99 = 0.495 vs delta_time = 0.004229547116491529 (length 0.0 ns) False False
2025-04-08 16:16:28,082 - [MainProcess:160236] mummi_ras.online.simulation:has_computed_enough:352 - INFO - runtime_hours*0.99 = 0.495 vs delta_time = 0.004786099394162496 (length 0.0 ns) False False
2025-04-08 16:16:30,086 - [MainProcess:160236] mummi_ras.online.simulation:has_computed_enough:352 - INFO - runtime_hours*0.99 = 0.495 vs delta_time = 0.0053426516056060795 (length 0.0 ns) False False
2025-04-08 16:16:32,090 - [MainProcess:160236] mummi_ras.online.simulation:has_computed_enough:352 - INFO - runtime_hours*0.99 = 0.495 vs delta_time = 0.005899199710951911 (length 0.0 ns) False False
2025-04-08 16:16:34,093 - [MainProcess:160236] mummi_ras.online.simulation:has_computed_enough:352 - INFO - runtime_hours*0.99 = 0.495 vs delta_time = 0.0064557505978478326 (length 0.0 ns) False False
2025-04-08 16:16:36,097 - [MainProcess:160236] mummi_ras.online.simulation:has_computed_enough:352 - INFO - runtime_hours*0.99 = 0.495 vs delta_time = 0.007012298305829366 (length 0.0 ns) False False
2025-04-08 16:16:36,868 - [MainProcess:160236] mummi_ras.online.simulation:get_new_frames:399 - INFO - Getting all frame numbers in trajectory from 1 to 1.
2025-04-08 16:16:36,868 - [MainProcess:160236] mummi_ras.online.cg.cganalysis:run_main_analysis:193 - INFO - Process frame 1
2025-04-08 16:16:36,868 - [MainProcess:160236] mummi_ras.online.cg.cganalysis:processFrame:554 - INFO - Load 2 frames: current frame ID /tmp/mummi/cg/structure_iter00_000000000014-20250408_161548/traj_comp.xtc
2025-04-08 16:16:36,875 - [MainProcess:160236] mummi_ras.online.cg.cganalysis:processFrame:580 - INFO - Frame:     1, Time:  500.000 ps, Bbox = [0, 180.67285, 0, 180.67285]
2025-04-08 16:16:36,875 - [MainProcess:160236] mummi_ras.online.cg.cganalysis:processFrame:584 - INFO - Lengths of layers: 664 29 491
2025-04-08 16:16:36,935 - [MainProcess:160236] mummi_ras.online.cg.cganalysis:processFrame:765 - INFO - Time for analysis - frameNum 1, time 0.06724381446838379 s
2025-04-08 16:16:38,936 - [MainProcess:160236] mummi_ras.online.simulation:has_computed_enough:352 - INFO - runtime_hours*0.99 = 0.495 vs delta_time = 0.007800892392794291 (length 0.5 ns) False False
2025-04-08 16:16:40,939 - [MainProcess:160236] mummi_ras.online.simulation:has_computed_enough:352 - INFO - runtime_hours*0.99 = 0.495 vs delta_time = 0.008357484141985576 (length 0.5 ns) False False
2025-04-08 16:16:42,943 - [MainProcess:160236] mummi_ras.online.simulation:has_computed_enough:352 - INFO - runtime_hours*0.99 = 0.495 vs delta_time = 0.008914039995935229 (length 0.5 ns) False False
2025-04-08 16:16:44,947 - [MainProcess:160236] mummi_ras.online.simulation:has_computed_enough:352 - INFO - runtime_hours*0.99 = 0.495 vs delta_time = 0.009470588896009657 (length 0.5 ns) False False
2025-04-08 16:16:46,950 - [MainProcess:160236] mummi_ras.online.simulation:has_computed_enough:352 - INFO - runtime_hours*0.99 = 0.495 vs delta_time = 0.010027142895592584 (length 0.5 ns) False False
2025-04-08 16:16:48,954 - [MainProcess:160236] mummi_ras.online.simulation:has_computed_enough:352 - INFO - runtime_hours*0.99 = 0.495 vs delta_time = 0.010583688219388326 (length 0.5 ns) False False
2025-04-08 16:16:50,957 - [MainProcess:160236] mummi_ras.online.simulation:has_computed_enough:352 - INFO - runtime_hours*0.99 = 0.495 vs delta_time = 0.011140238775147332 (length 0.5 ns) False False
2025-04-08 16:16:52,961 - [MainProcess:160236] mummi_ras.online.simulation:has_computed_enough:352 - INFO - runtime_hours*0.99 = 0.495 vs delta_time = 0.011696787145402697 (length 0.5 ns) False False
2025-04-08 16:16:54,965 - [MainProcess:160236] mummi_ras.online.simulation:has_computed_enough:352 - INFO - runtime_hours*0.99 = 0.495 vs delta_time = 0.012253359026379055 (length 0.5 ns) False False
2025-04-08 16:16:56,968 - [MainProcess:160236] mummi_ras.online.simulation:has_computed_enough:352 - INFO - runtime_hours*0.99 = 0.495 vs delta_time = 0.01280991792678833 (length 0.5 ns) False False
2025-04-08 16:16:58,972 - [MainProcess:160236] mummi_ras.online.simulation:has_computed_enough:352 - INFO - runtime_hours*0.99 = 0.495 vs delta_time = 0.013366475568877326 (length 0.5 ns) False False
2025-04-08 16:16:59,005 - [MainProcess:160236] mummi_ras.online.simulation:get_new_frames:399 - INFO - Getting all frame numbers in trajectory from 2 to 2.
2025-04-08 16:16:59,005 - [MainProcess:160236] mummi_ras.online.cg.cganalysis:run_main_analysis:193 - INFO - Process frame 2
2025-04-08 16:16:59,005 - [MainProcess:160236] mummi_ras.online.cg.cganalysis:processFrame:554 - INFO - Load 3 frames: current frame ID /tmp/mummi/cg/structure_iter00_000000000014-20250408_161548/traj_comp.xtc
2025-04-08 16:16:59,012 - [MainProcess:160236] mummi_ras.online.cg.cganalysis:processFrame:580 - INFO - Frame:     2, Time: 1000.000 ps, Bbox = [0, 181.5969, 0, 181.5969]
2025-04-08 16:16:59,012 - [MainProcess:160236] mummi_ras.online.cg.cganalysis:processFrame:584 - INFO - Lengths of layers: 665 25 494
2025-04-08 16:16:59,072 - [MainProcess:160236] mummi_ras.online.cg.cganalysis:processFrame:765 - INFO - Time for analysis - frameNum 2, time 0.06688666343688965 s
2025-04-08 16:17:01,073 - [MainProcess:160236] mummi_ras.online.simulation:has_computed_enough:352 - INFO - runtime_hours*0.99 = 0.495 vs delta_time = 0.013950062857733833 (length 1.0 ns) False False
2025-04-08 16:17:03,077 - [MainProcess:160236] mummi_ras.online.simulation:has_computed_enough:352 - INFO - runtime_hours*0.99 = 0.495 vs delta_time = 0.014506659905115763 (length 1.0 ns) False False
2025-04-08 16:17:05,080 - [MainProcess:160236] mummi_ras.online.simulation:has_computed_enough:352 - INFO - runtime_hours*0.99 = 0.495 vs delta_time = 0.015063215163018968 (length 1.0 ns) False False
2025-04-08 16:17:07,084 - [MainProcess:160236] mummi_ras.online.simulation:has_computed_enough:352 - INFO - runtime_hours*0.99 = 0.495 vs delta_time = 0.015619770023557874 (length 1.0 ns) False False
2025-04-08 16:17:09,087 - [MainProcess:160236] mummi_ras.online.simulation:has_computed_enough:352 - INFO - runtime_hours*0.99 = 0.495 vs delta_time = 0.01617632137404548 (length 1.0 ns) False False
2025-04-08 16:17:11,091 - [MainProcess:160236] mummi_ras.online.simulation:has_computed_enough:352 - INFO - runtime_hours*0.99 = 0.495 vs delta_time = 0.01673286643293169 (length 1.0 ns) False False
2025-04-08 16:17:13,094 - [MainProcess:160236] mummi_ras.online.simulation:has_computed_enough:352 - INFO - runtime_hours*0.99 = 0.495 vs delta_time = 0.01728940976990594 (length 1.0 ns) False False
2025-04-08 16:17:15,098 - [MainProcess:160236] mummi_ras.online.simulation:has_computed_enough:352 - INFO - runtime_hours*0.99 = 0.495 vs delta_time = 0.017845955093701682 (length 1.0 ns) False False
2025-04-08 16:17:17,102 - [MainProcess:160236] mummi_ras.online.simulation:has_computed_enough:352 - INFO - runtime_hours*0.99 = 0.495 vs delta_time = 0.0184025028679106 (length 1.0 ns) False False
2025-04-08 16:17:19,105 - [MainProcess:160236] mummi_ras.online.simulation:has_computed_enough:352 - INFO - runtime_hours*0.99 = 0.495 vs delta_time = 0.01895904858907064 (length 1.0 ns) False False
2025-04-08 16:17:21,109 - [MainProcess:160236] mummi_ras.online.simulation:has_computed_enough:352 - INFO - runtime_hours*0.99 = 0.495 vs delta_time = 0.019515595237414043 (length 1.0 ns) False False
2025-04-08 16:17:21,198 - [MainProcess:160236] mummi_ras.online.simulation:get_new_frames:399 - INFO - Getting all frame numbers in trajectory from 3 to 3.
2025-04-08 16:17:21,198 - [MainProcess:160236] mummi_ras.online.cg.cganalysis:run_main_analysis:193 - INFO - Process frame 3
2025-04-08 16:17:21,198 - [MainProcess:160236] mummi_ras.online.cg.cganalysis:processFrame:554 - INFO - Load 4 frames: current frame ID /tmp/mummi/cg/structure_iter00_000000000014-20250408_161548/traj_comp.xtc
2025-04-08 16:17:21,205 - [MainProcess:160236] mummi_ras.online.cg.cganalysis:processFrame:580 - INFO - Frame:     3, Time: 1500.000 ps, Bbox = [0, 181.67273, 0, 181.67273]
2025-04-08 16:17:21,205 - [MainProcess:160236] mummi_ras.online.cg.cganalysis:processFrame:584 - INFO - Lengths of layers: 664 24 496
2025-04-08 16:17:21,265 - [MainProcess:160236] mummi_ras.online.cg.cganalysis:processFrame:765 - INFO - Time for analysis - frameNum 3, time 0.0668494701385498 s
2025-04-08 16:17:23,266 - [MainProcess:160236] mummi_ras.online.simulation:has_computed_enough:352 - INFO - runtime_hours*0.99 = 0.495 vs delta_time = 0.020114752451578777 (length 1.5 ns) False False
2025-04-08 16:17:25,269 - [MainProcess:160236] mummi_ras.online.simulation:has_computed_enough:352 - INFO - runtime_hours*0.99 = 0.495 vs delta_time = 0.02067135234673818 (length 1.5 ns) False False
2025-04-08 16:17:27,273 - [MainProcess:160236] mummi_ras.online.simulation:has_computed_enough:352 - INFO - runtime_hours*0.99 = 0.495 vs delta_time = 0.021227909790145025 (length 1.5 ns) False False
2025-04-08 16:17:29,277 - [MainProcess:160236] mummi_ras.online.simulation:has_computed_enough:352 - INFO - runtime_hours*0.99 = 0.495 vs delta_time = 0.0217844647831387 (length 1.5 ns) False False
2025-04-08 16:17:31,280 - [MainProcess:160236] mummi_ras.online.simulation:has_computed_enough:352 - INFO - runtime_hours*0.99 = 0.495 vs delta_time = 0.022341012557347616 (length 1.5 ns) False False
2025-04-08 16:17:33,284 - [MainProcess:160236] mummi_ras.online.simulation:has_computed_enough:352 - INFO - runtime_hours*0.99 = 0.495 vs delta_time = 0.022897560397783914 (length 1.5 ns) False False
2025-04-08 16:17:35,287 - [MainProcess:160236] mummi_ras.online.simulation:has_computed_enough:352 - INFO - runtime_hours*0.99 = 0.495 vs delta_time = 0.02345410406589508 (length 1.5 ns) False False
2025-04-08 16:17:37,291 - [MainProcess:160236] mummi_ras.online.simulation:has_computed_enough:352 - INFO - runtime_hours*0.99 = 0.495 vs delta_time = 0.02401065561506483 (length 1.5 ns) False False
2025-04-08 16:17:39,294 - [MainProcess:160236] mummi_ras.online.simulation:has_computed_enough:352 - INFO - runtime_hours*0.99 = 0.495 vs delta_time = 0.024567207164234585 (length 1.5 ns) False False
2025-04-08 16:17:41,298 - [MainProcess:160236] mummi_ras.online.simulation:has_computed_enough:352 - INFO - runtime_hours*0.99 = 0.495 vs delta_time = 0.025123755865626866 (length 1.5 ns) False False
2025-04-08 16:17:43,302 - [MainProcess:160236] mummi_ras.online.simulation:has_computed_enough:352 - INFO - runtime_hours*0.99 = 0.495 vs delta_time = 0.02568030039469401 (length 1.5 ns) False False
2025-04-08 16:17:43,696 - [MainProcess:160236] mummi_ras.online.simulation:get_new_frames:399 - INFO - Getting all frame numbers in trajectory from 4 to 4.
2025-04-08 16:17:43,696 - [MainProcess:160236] mummi_ras.online.cg.cganalysis:run_main_analysis:193 - INFO - Process frame 4
2025-04-08 16:17:43,697 - [MainProcess:160236] mummi_ras.online.cg.cganalysis:processFrame:554 - INFO - Load 5 frames: current frame ID /tmp/mummi/cg/structure_iter00_000000000014-20250408_161548/traj_comp.xtc
2025-04-08 16:17:43,703 - [MainProcess:160236] mummi_ras.online.cg.cganalysis:processFrame:580 - INFO - Frame:     4, Time: 2000.000 ps, Bbox = [0, 181.12364, 0, 181.12364]
2025-04-08 16:17:43,703 - [MainProcess:160236] mummi_ras.online.cg.cganalysis:processFrame:584 - INFO - Lengths of layers: 663 27 494
2025-04-08 16:17:43,764 - [MainProcess:160236] mummi_ras.online.cg.cganalysis:processFrame:765 - INFO - Time for analysis - frameNum 4, time 0.06724071502685547 s
2025-04-08 16:17:45,764 - [MainProcess:160236] mummi_ras.online.simulation:has_computed_enough:352 - INFO - runtime_hours*0.99 = 0.495 vs delta_time = 0.026364377207226224 (length 2.0 ns) False False
2025-04-08 16:17:47,768 - [MainProcess:160236] mummi_ras.online.simulation:has_computed_enough:352 - INFO - runtime_hours*0.99 = 0.495 vs delta_time = 0.026920968757735357 (length 2.0 ns) False False
2025-04-08 16:17:49,772 - [MainProcess:160236] mummi_ras.online.simulation:has_computed_enough:352 - INFO - runtime_hours*0.99 = 0.495 vs delta_time = 0.027477529380056594 (length 2.0 ns) False False
2025-04-08 16:17:51,775 - [MainProcess:160236] mummi_ras.online.simulation:has_computed_enough:352 - INFO - runtime_hours*0.99 = 0.495 vs delta_time = 0.028034074306488035 (length 2.0 ns) False False
2025-04-08 16:17:53,779 - [MainProcess:160236] mummi_ras.online.simulation:has_computed_enough:352 - INFO - runtime_hours*0.99 = 0.495 vs delta_time = 0.028590622809198166 (length 2.0 ns) False False
2025-04-08 16:17:55,782 - [MainProcess:160236] mummi_ras.online.simulation:has_computed_enough:352 - INFO - runtime_hours*0.99 = 0.495 vs delta_time = 0.029147165682580738 (length 2.0 ns) False False
2025-04-08 16:17:57,786 - [MainProcess:160236] mummi_ras.online.simulation:has_computed_enough:352 - INFO - runtime_hours*0.99 = 0.495 vs delta_time = 0.029703705774413214 (length 2.0 ns) False False
2025-04-08 16:17:59,789 - [MainProcess:160236] mummi_ras.online.simulation:has_computed_enough:352 - INFO - runtime_hours*0.99 = 0.495 vs delta_time = 0.030260256859991286 (length 2.0 ns) False False
2025-04-08 16:18:01,793 - [MainProcess:160236] mummi_ras.online.simulation:has_computed_enough:352 - INFO - runtime_hours*0.99 = 0.495 vs delta_time = 0.030816805296474032 (length 2.0 ns) False False
2025-04-08 16:18:03,797 - [MainProcess:160236] mummi_ras.online.simulation:has_computed_enough:352 - INFO - runtime_hours*0.99 = 0.495 vs delta_time = 0.03137334307034811 (length 2.0 ns) False False
2025-04-08 16:18:05,800 - [MainProcess:160236] mummi_ras.online.simulation:has_computed_enough:352 - INFO - runtime_hours*0.99 = 0.495 vs delta_time = 0.03192988528145684 (length 2.0 ns) False False
2025-04-08 16:18:05,832 - [MainProcess:160236] mummi_ras.online.simulation:get_new_frames:399 - INFO - Getting all frame numbers in trajectory from 5 to 5.
2025-04-08 16:18:05,833 - [MainProcess:160236] mummi_ras.online.cg.cganalysis:run_main_analysis:193 - INFO - Process frame 5
2025-04-08 16:18:05,833 - [MainProcess:160236] mummi_ras.online.cg.cganalysis:processFrame:554 - INFO - Load 6 frames: current frame ID /tmp/mummi/cg/structure_iter00_000000000014-20250408_161548/traj_comp.xtc
2025-04-08 16:18:05,839 - [MainProcess:160236] mummi_ras.online.cg.cganalysis:processFrame:580 - INFO - Frame:     5, Time: 2500.000 ps, Bbox = [0, 181.12897, 0, 181.12897]
2025-04-08 16:18:05,840 - [MainProcess:160236] mummi_ras.online.cg.cganalysis:processFrame:584 - INFO - Lengths of layers: 663 22 499
2025-04-08 16:18:05,900 - [MainProcess:160236] mummi_ras.online.cg.cganalysis:processFrame:765 - INFO - Time for analysis - frameNum 5, time 0.0673222541809082 s
2025-04-08 16:18:07,900 - [MainProcess:160236] mummi_ras.online.simulation:has_computed_enough:352 - INFO - runtime_hours*0.99 = 0.495 vs delta_time = 0.03251330852508545 (length 2.5 ns) False False
2025-04-08 16:18:09,904 - [MainProcess:160236] mummi_ras.online.simulation:has_computed_enough:352 - INFO - runtime_hours*0.99 = 0.495 vs delta_time = 0.03306989987691244 (length 2.5 ns) False False
2025-04-08 16:18:11,908 - [MainProcess:160236] mummi_ras.online.simulation:has_computed_enough:352 - INFO - runtime_hours*0.99 = 0.495 vs delta_time = 0.033626443213886685 (length 2.5 ns) False False
2025-04-08 16:18:13,911 - [MainProcess:160236] mummi_ras.online.simulation:has_computed_enough:352 - INFO - runtime_hours*0.99 = 0.495 vs delta_time = 0.034182993239826626 (length 2.5 ns) False False
2025-04-08 16:18:15,915 - [MainProcess:160236] mummi_ras.online.simulation:has_computed_enough:352 - INFO - runtime_hours*0.99 = 0.495 vs delta_time = 0.03473952677514818 (length 2.5 ns) False False
2025-04-08 16:18:17,918 - [MainProcess:160236] mummi_ras.online.simulation:has_computed_enough:352 - INFO - runtime_hours*0.99 = 0.495 vs delta_time = 0.035296067131890194 (length 2.5 ns) False False
2025-04-08 16:18:19,922 - [MainProcess:160236] mummi_ras.online.simulation:has_computed_enough:352 - INFO - runtime_hours*0.99 = 0.495 vs delta_time = 0.03585260656144884 (length 2.5 ns) False False
2025-04-08 16:18:21,925 - [MainProcess:160236] mummi_ras.online.simulation:has_computed_enough:352 - INFO - runtime_hours*0.99 = 0.495 vs delta_time = 0.03640914797782898 (length 2.5 ns) False False
2025-04-08 16:18:23,929 - [MainProcess:160236] mummi_ras.online.simulation:has_computed_enough:352 - INFO - runtime_hours*0.99 = 0.495 vs delta_time = 0.03696568482451969 (length 2.5 ns) False False
2025-04-08 16:18:25,932 - [MainProcess:160236] mummi_ras.online.simulation:has_computed_enough:352 - INFO - runtime_hours*0.99 = 0.495 vs delta_time = 0.03752221312787798 (length 2.5 ns) False False
2025-04-08 16:18:27,936 - [MainProcess:160236] mummi_ras.online.simulation:has_computed_enough:352 - INFO - runtime_hours*0.99 = 0.495 vs delta_time = 0.0380787499083413 (length 2.5 ns) False False
2025-04-08 16:18:29,940 - [MainProcess:160236] mummi_ras.online.simulation:has_computed_enough:352 - INFO - runtime_hours*0.99 = 0.495 vs delta_time = 0.03863528947035472 (length 2.5 ns) False False
2025-04-08 16:18:30,179 - [MainProcess:160236] mummi_ras.online.simulation:get_new_frames:399 - INFO - Getting all frame numbers in trajectory from 6 to 6.
2025-04-08 16:18:30,179 - [MainProcess:160236] mummi_ras.online.cg.cganalysis:run_main_analysis:193 - INFO - Process frame 6
2025-04-08 16:18:30,179 - [MainProcess:160236] mummi_ras.online.cg.cganalysis:processFrame:554 - INFO - Load 7 frames: current frame ID /tmp/mummi/cg/structure_iter00_000000000014-20250408_161548/traj_comp.xtc
2025-04-08 16:18:30,186 - [MainProcess:160236] mummi_ras.online.cg.cganalysis:processFrame:580 - INFO - Frame:     6, Time: 3000.000 ps, Bbox = [0, 180.56923, 0, 180.56923]
2025-04-08 16:18:30,186 - [MainProcess:160236] mummi_ras.online.cg.cganalysis:processFrame:584 - INFO - Lengths of layers: 663 27 494
2025-04-08 16:18:30,246 - [MainProcess:160236] mummi_ras.online.cg.cganalysis:processFrame:765 - INFO - Time for analysis - frameNum 6, time 0.06706547737121582 s
2025-04-08 16:18:32,247 - [MainProcess:160236] mummi_ras.online.simulation:has_computed_enough:352 - INFO - runtime_hours*0.99 = 0.495 vs delta_time = 0.03927613039811452 (length 3.0 ns) False False
2025-04-08 16:18:34,250 - [MainProcess:160236] mummi_ras.online.simulation:has_computed_enough:352 - INFO - runtime_hours*0.99 = 0.495 vs delta_time = 0.039832737114694386 (length 3.0 ns) False False
2025-04-08 16:18:36,254 - [MainProcess:160236] mummi_ras.online.simulation:has_computed_enough:352 - INFO - runtime_hours*0.99 = 0.495 vs delta_time = 0.04038928005430433 (length 3.0 ns) False False
2025-04-08 16:18:38,258 - [MainProcess:160236] mummi_ras.online.simulation:has_computed_enough:352 - INFO - runtime_hours*0.99 = 0.495 vs delta_time = 0.04094583120610979 (length 3.0 ns) False False
2025-04-08 16:18:40,261 - [MainProcess:160236] mummi_ras.online.simulation:has_computed_enough:352 - INFO - runtime_hours*0.99 = 0.495 vs delta_time = 0.04150237202644348 (length 3.0 ns) False False
2025-04-08 16:18:42,265 - [MainProcess:160236] mummi_ras.online.simulation:has_computed_enough:352 - INFO - runtime_hours*0.99 = 0.495 vs delta_time = 0.0420589186085595 (length 3.0 ns) False False
2025-04-08 16:18:44,268 - [MainProcess:160236] mummi_ras.online.simulation:has_computed_enough:352 - INFO - runtime_hours*0.99 = 0.495 vs delta_time = 0.04261546691258748 (length 3.0 ns) False False
2025-04-08 16:18:46,272 - [MainProcess:160236] mummi_ras.online.simulation:has_computed_enough:352 - INFO - runtime_hours*0.99 = 0.495 vs delta_time = 0.04317201269997491 (length 3.0 ns) False False
2025-04-08 16:18:48,275 - [MainProcess:160236] mummi_ras.online.simulation:has_computed_enough:352 - INFO - runtime_hours*0.99 = 0.495 vs delta_time = 0.04372854676511553 (length 3.0 ns) False False
2025-04-08 16:18:50,279 - [MainProcess:160236] mummi_ras.online.simulation:has_computed_enough:352 - INFO - runtime_hours*0.99 = 0.495 vs delta_time = 0.04428508493635389 (length 3.0 ns) False False
2025-04-08 16:18:52,282 - [MainProcess:160236] mummi_ras.online.simulation:has_computed_enough:352 - INFO - runtime_hours*0.99 = 0.495 vs delta_time = 0.044841623836093476 (length 3.0 ns) False False
2025-04-08 16:18:53,291 - [MainProcess:160236] mummi_ras.online.simulation:get_new_frames:399 - INFO - Getting all frame numbers in trajectory from 7 to 7.
2025-04-08 16:18:53,291 - [MainProcess:160236] mummi_ras.online.cg.cganalysis:run_main_analysis:193 - INFO - Process frame 7
2025-04-08 16:18:53,291 - [MainProcess:160236] mummi_ras.online.cg.cganalysis:processFrame:554 - INFO - Load 8 frames: current frame ID /tmp/mummi/cg/structure_iter00_000000000014-20250408_161548/traj_comp.xtc
2025-04-08 16:18:53,298 - [MainProcess:160236] mummi_ras.online.cg.cganalysis:processFrame:580 - INFO - Frame:     7, Time: 3500.000 ps, Bbox = [0, 181.20186, 0, 181.20186]
2025-04-08 16:18:53,298 - [MainProcess:160236] mummi_ras.online.cg.cganalysis:processFrame:584 - INFO - Lengths of layers: 661 28 495
2025-04-08 16:18:53,358 - [MainProcess:160236] mummi_ras.online.cg.cganalysis:processFrame:765 - INFO - Time for analysis - frameNum 7, time 0.06687736511230469 s
2025-04-08 16:18:55,358 - [MainProcess:160236] mummi_ras.online.simulation:has_computed_enough:352 - INFO - runtime_hours*0.99 = 0.495 vs delta_time = 0.04569609112209744 (length 3.5 ns) False False
2025-04-08 16:18:57,362 - [MainProcess:160236] mummi_ras.online.simulation:has_computed_enough:352 - INFO - runtime_hours*0.99 = 0.495 vs delta_time = 0.04625269697772132 (length 3.5 ns) False False
2025-04-08 16:18:59,366 - [MainProcess:160236] mummi_ras.online.simulation:has_computed_enough:352 - INFO - runtime_hours*0.99 = 0.495 vs delta_time = 0.04680925283167097 (length 3.5 ns) False False
2025-04-08 16:19:01,369 - [MainProcess:160236] mummi_ras.online.simulation:has_computed_enough:352 - INFO - runtime_hours*0.99 = 0.495 vs delta_time = 0.047365806102752685 (length 3.5 ns) False False
2025-04-08 16:19:03,373 - [MainProcess:160236] mummi_ras.online.simulation:has_computed_enough:352 - INFO - runtime_hours*0.99 = 0.495 vs delta_time = 0.04792235414187113 (length 3.5 ns) False False
2025-04-08 16:19:05,377 - [MainProcess:160236] mummi_ras.online.simulation:has_computed_enough:352 - INFO - runtime_hours*0.99 = 0.495 vs delta_time = 0.048478897677527534 (length 3.5 ns) False False
2025-04-08 16:19:07,380 - [MainProcess:160236] mummi_ras.online.simulation:has_computed_enough:352 - INFO - runtime_hours*0.99 = 0.495 vs delta_time = 0.049035446378919816 (length 3.5 ns) False False
2025-04-08 16:19:09,384 - [MainProcess:160236] mummi_ras.online.simulation:has_computed_enough:352 - INFO - runtime_hours*0.99 = 0.495 vs delta_time = 0.04959199408690135 (length 3.5 ns) False False
2025-04-08 16:19:11,387 - [MainProcess:160236] mummi_ras.online.simulation:has_computed_enough:352 - INFO - runtime_hours*0.99 = 0.495 vs delta_time = 0.050148540867699515 (length 3.5 ns) False False
2025-04-08 16:19:13,391 - [MainProcess:160236] mummi_ras.online.simulation:has_computed_enough:352 - INFO - runtime_hours*0.99 = 0.495 vs delta_time = 0.050705087582270304 (length 3.5 ns) False False
2025-04-08 16:19:15,394 - [MainProcess:160236] mummi_ras.online.simulation:has_computed_enough:352 - INFO - runtime_hours*0.99 = 0.495 vs delta_time = 0.05126163131660885 (length 3.5 ns) False False
2025-04-08 16:19:15,427 - [MainProcess:160236] mummi_ras.online.simulation:get_new_frames:399 - INFO - Getting all frame numbers in trajectory from 8 to 8.
2025-04-08 16:19:15,427 - [MainProcess:160236] mummi_ras.online.cg.cganalysis:run_main_analysis:193 - INFO - Process frame 8
2025-04-08 16:19:15,427 - [MainProcess:160236] mummi_ras.online.cg.cganalysis:processFrame:554 - INFO - Load 9 frames: current frame ID /tmp/mummi/cg/structure_iter00_000000000014-20250408_161548/traj_comp.xtc
2025-04-08 16:19:15,434 - [MainProcess:160236] mummi_ras.online.cg.cganalysis:processFrame:580 - INFO - Frame:     8, Time: 4000.000 ps, Bbox = [0, 181.18805, 0, 181.18805]
2025-04-08 16:19:15,434 - [MainProcess:160236] mummi_ras.online.cg.cganalysis:processFrame:584 - INFO - Lengths of layers: 662 29 493
2025-04-08 16:19:15,494 - [MainProcess:160236] mummi_ras.online.cg.cganalysis:processFrame:765 - INFO - Time for analysis - frameNum 8, time 0.06708002090454102 s
2025-04-08 16:19:17,494 - [MainProcess:160236] mummi_ras.online.simulation:has_computed_enough:352 - INFO - runtime_hours*0.99 = 0.495 vs delta_time = 0.051844977140426636 (length 4.0 ns) False False
2025-04-08 16:19:19,498 - [MainProcess:160236] mummi_ras.online.simulation:has_computed_enough:352 - INFO - runtime_hours*0.99 = 0.495 vs delta_time = 0.052401576108402674 (length 4.0 ns) False False
2025-04-08 16:19:21,502 - [MainProcess:160236] mummi_ras.online.simulation:has_computed_enough:352 - INFO - runtime_hours*0.99 = 0.495 vs delta_time = 0.05295813249217139 (length 4.0 ns) False False
2025-04-08 16:19:23,505 - [MainProcess:160236] mummi_ras.online.simulation:has_computed_enough:352 - INFO - runtime_hours*0.99 = 0.495 vs delta_time = 0.053514678478240964 (length 4.0 ns) False False
2025-04-08 16:19:25,509 - [MainProcess:160236] mummi_ras.online.simulation:has_computed_enough:352 - INFO - runtime_hours*0.99 = 0.495 vs delta_time = 0.054071218834982976 (length 4.0 ns) False False
2025-04-08 16:19:27,512 - [MainProcess:160236] mummi_ras.online.simulation:has_computed_enough:352 - INFO - runtime_hours*0.99 = 0.495 vs delta_time = 0.05462776747014787 (length 4.0 ns) False False
2025-04-08 16:19:29,516 - [MainProcess:160236] mummi_ras.online.simulation:has_computed_enough:352 - INFO - runtime_hours*0.99 = 0.495 vs delta_time = 0.05518432140350342 (length 4.0 ns) False False
2025-04-08 16:19:31,520 - [MainProcess:160236] mummi_ras.online.simulation:has_computed_enough:352 - INFO - runtime_hours*0.99 = 0.495 vs delta_time = 0.05574087123076121 (length 4.0 ns) False False
2025-04-08 16:19:33,523 - [MainProcess:160236] mummi_ras.online.simulation:has_computed_enough:352 - INFO - runtime_hours*0.99 = 0.495 vs delta_time = 0.056297421256701154 (length 4.0 ns) False False
2025-04-08 16:19:35,527 - [MainProcess:160236] mummi_ras.online.simulation:has_computed_enough:352 - INFO - runtime_hours*0.99 = 0.495 vs delta_time = 0.05685396571954091 (length 4.0 ns) False False
2025-04-08 16:19:37,530 - [MainProcess:160236] mummi_ras.online.simulation:has_computed_enough:352 - INFO - runtime_hours*0.99 = 0.495 vs delta_time = 0.057410515281889174 (length 4.0 ns) False False
2025-04-08 16:19:37,748 - [MainProcess:160236] mummi_ras.online.simulation:get_new_frames:399 - INFO - Getting all frame numbers in trajectory from 9 to 9.
2025-04-08 16:19:37,748 - [MainProcess:160236] mummi_ras.online.cg.cganalysis:run_main_analysis:193 - INFO - Process frame 9
2025-04-08 16:19:37,748 - [MainProcess:160236] mummi_ras.online.cg.cganalysis:processFrame:554 - INFO - Load 10 frames: current frame ID /tmp/mummi/cg/structure_iter00_000000000014-20250408_161548/traj_comp.xtc
2025-04-08 16:19:37,755 - [MainProcess:160236] mummi_ras.online.cg.cganalysis:processFrame:580 - INFO - Frame:     9, Time: 4500.000 ps, Bbox = [0, 180.62689, 0, 180.62689]
2025-04-08 16:19:37,755 - [MainProcess:160236] mummi_ras.online.cg.cganalysis:processFrame:584 - INFO - Lengths of layers: 662 32 490
2025-04-08 16:19:37,815 - [MainProcess:160236] mummi_ras.online.cg.cganalysis:processFrame:765 - INFO - Time for analysis - frameNum 9, time 0.06703400611877441 s
2025-04-08 16:19:39,815 - [MainProcess:160236] mummi_ras.online.simulation:has_computed_enough:352 - INFO - runtime_hours*0.99 = 0.495 vs delta_time = 0.05804521560668945 (length 4.5 ns) False False
2025-04-08 16:19:39,819 - [MainProcess:160236] mummi_ras.online.cg.cganalysis:processOutput:92 - INFO - Add feedback for frameNum 0 - state []
2025-04-08 16:19:39,819 - [MainProcess:160236] mummi_ras.online.cg.cganalysis:processOutput:92 - INFO - Add feedback for frameNum 1 - state []
2025-04-08 16:19:39,819 - [MainProcess:160236] mummi_ras.online.cg.cganalysis:processOutput:92 - INFO - Add feedback for frameNum 2 - state []
2025-04-08 16:19:39,819 - [MainProcess:160236] mummi_ras.online.cg.cganalysis:processOutput:92 - INFO - Add feedback for frameNum 3 - state []
2025-04-08 16:19:39,819 - [MainProcess:160236] mummi_ras.online.cg.cganalysis:processOutput:92 - INFO - Add feedback for frameNum 4 - state []
2025-04-08 16:19:39,820 - [MainProcess:160236] mummi_ras.online.cg.cganalysis:processOutput:92 - INFO - Add feedback for frameNum 5 - state []
2025-04-08 16:19:39,820 - [MainProcess:160236] mummi_ras.online.cg.cganalysis:processOutput:92 - INFO - Add feedback for frameNum 6 - state []
2025-04-08 16:19:39,820 - [MainProcess:160236] mummi_ras.online.cg.cganalysis:processOutput:92 - INFO - Add feedback for frameNum 7 - state []
2025-04-08 16:19:39,820 - [MainProcess:160236] mummi_ras.online.cg.cganalysis:processOutput:92 - INFO - Add feedback for frameNum 8 - state []
2025-04-08 16:19:39,820 - [MainProcess:160236] mummi_ras.online.cg.cganalysis:processOutput:92 - INFO - Add feedback for frameNum 9 - state []
2025-04-08 16:19:39,832 - [MainProcess:160236] mummi_core.interfaces.simple:_save_files:91 - INFO - Wrote 10 files to (/p/gpfs1/pottier1/minimummi-sc25/roots/root1/feedback-cg2ml/014)
2025-04-08 16:19:39,832 - [MainProcess:160236] mummi_ras.feedback.feedback_manager_cg2ml:report:118 - INFO - Added 10 frames (from structure_iter00_000000000014) to feedback (/p/gpfs1/pottier1/minimummi-sc25/roots/root1/feedback-cg2ml)
2025-04-08 16:19:39,832 - [MainProcess:160236] mummi_ras.online.cg.cganalysis:processOutput:112 - INFO - processOutput: 9
2025-04-08 16:19:39,832 - [MainProcess:160236] mummi_ras.online.cg.cganalysis:copyRemoteRestart:452 - INFO - Copy to remote frames [0, 1, 2, 3, 4, 5, 6, 7, 8, 9]
2025-04-08 16:19:39,946 - [MainProcess:160236] mummi_core.utils.utilities:sys_call:184 - INFO - Run command: rsync -va --no-g traj_comp.xtc topol.tpr state.cpt ener.edr md.log mdrun.log /p/gpfs1/pottier1/minimummi-sc25/roots/root1/sims-cg/structure_iter00_000000000014 || true
2025-04-08 16:19:40,347 - [MainProcess:160236] mummi_ras.interfaces.mummi:save_analysis_data:253 - INFO - Saved all analysis data for frames [0, 1, 2, 3, 4, 5, 6, 7, 8, 9]
2025-04-08 16:19:40,347 - [MainProcess:160236] mummi_ras.online.cg.cganalysis:copyRemoteLogs:350 - INFO - Copy over log files
2025-04-08 16:19:40,368 - [MainProcess:160236] mummi_core.utils.utilities:sys_call:184 - INFO - Run command: cp -r  /tmp/mummi/cg/structure_iter00_000000000014-20250408_161548/cg_analysis.out /tmp/mummi/cg/structure_iter00_000000000014-20250408_161548/traj_comp.xtc /tmp/mummi/cg/structure_iter00_000000000014-20250408_161548/*.log /p/gpfs1/pottier1/minimummi-sc25/roots/root1/sims-cg/structure_iter00_000000000014/ || true
2025-04-08 16:19:40,368 - [MainProcess:160236] mummi_ras.online.cg.cganalysis:copyRemoteLogs:365 - INFO - copyRemoteLogs =  /tmp/mummi/cg/structure_iter00_000000000014-20250408_161548/cg_analysis.out /tmp/mummi/cg/structure_iter00_000000000014-20250408_161548/traj_comp.xtc /tmp/mummi/cg/structure_iter00_000000000014-20250408_161548/*.log
2025-04-08 16:19:40,369 - [MainProcess:160236] mummi_ras.online.cg.cganalysis:cleanupLocal:375 - WARNING - Copy cleanup local only works for ddcMD files
2025-04-08 16:19:42,369 - [MainProcess:160236] mummi_ras.online.simulation:has_computed_enough:352 - INFO - runtime_hours*0.99 = 0.495 vs delta_time = 0.058754493726624384 (length 4.5 ns) False False
2025-04-08 16:19:44,372 - [MainProcess:160236] mummi_ras.online.simulation:has_computed_enough:352 - INFO - runtime_hours*0.99 = 0.495 vs delta_time = 0.059311069316334196 (length 4.5 ns) False False
2025-04-08 16:19:46,376 - [MainProcess:160236] mummi_ras.online.simulation:has_computed_enough:352 - INFO - runtime_hours*0.99 = 0.495 vs delta_time = 0.059867625368966 (length 4.5 ns) False False
2025-04-08 16:19:48,380 - [MainProcess:160236] mummi_ras.online.simulation:has_computed_enough:352 - INFO - runtime_hours*0.99 = 0.495 vs delta_time = 0.060424167778756886 (length 4.5 ns) False False
2025-04-08 16:19:50,383 - [MainProcess:160236] mummi_ras.online.simulation:has_computed_enough:352 - INFO - runtime_hours*0.99 = 0.495 vs delta_time = 0.06098071283764309 (length 4.5 ns) False False
2025-04-08 16:19:52,387 - [MainProcess:160236] mummi_ras.online.simulation:has_computed_enough:352 - INFO - runtime_hours*0.99 = 0.495 vs delta_time = 0.06153725432025062 (length 4.5 ns) False False
2025-04-08 16:19:54,391 - [MainProcess:160236] mummi_ras.online.simulation:has_computed_enough:352 - INFO - runtime_hours*0.99 = 0.495 vs delta_time = 0.06209392699930403 (length 4.5 ns) False False
2025-04-08 16:19:56,394 - [MainProcess:160236] mummi_ras.online.simulation:has_computed_enough:352 - INFO - runtime_hours*0.99 = 0.495 vs delta_time = 0.0626505113310284 (length 4.5 ns) False False
2025-04-08 16:19:58,398 - [MainProcess:160236] mummi_ras.online.simulation:has_computed_enough:352 - INFO - runtime_hours*0.99 = 0.495 vs delta_time = 0.06320706923802694 (length 4.5 ns) False False
2025-04-08 16:20:00,402 - [MainProcess:160236] mummi_ras.online.simulation:has_computed_enough:352 - INFO - runtime_hours*0.99 = 0.495 vs delta_time = 0.06376361045572493 (length 4.5 ns) False False
2025-04-08 16:20:00,552 - [MainProcess:160236] mummi_ras.online.simulation:get_new_frames:399 - INFO - Getting all frame numbers in trajectory from 10 to 10.
2025-04-08 16:20:00,553 - [MainProcess:160236] mummi_ras.online.cg.cganalysis:run_main_analysis:193 - INFO - Process frame 10
2025-04-08 16:20:00,553 - [MainProcess:160236] mummi_ras.online.cg.cganalysis:processFrame:554 - INFO - Load 11 frames: current frame ID /tmp/mummi/cg/structure_iter00_000000000014-20250408_161548/traj_comp.xtc
2025-04-08 16:20:00,560 - [MainProcess:160236] mummi_ras.online.cg.cganalysis:processFrame:580 - INFO - Frame:    10, Time: 5000.000 ps, Bbox = [0, 181.49124, 0, 181.49124]
2025-04-08 16:20:00,560 - [MainProcess:160236] mummi_ras.online.cg.cganalysis:processFrame:584 - INFO - Lengths of layers: 660 33 491
2025-04-08 16:20:00,620 - [MainProcess:160236] mummi_ras.online.cg.cganalysis:processFrame:765 - INFO - Time for analysis - frameNum 10, time 0.06775856018066406 s
2025-04-08 16:20:02,621 - [MainProcess:160236] mummi_ras.online.simulation:has_computed_enough:352 - INFO - runtime_hours*0.99 = 0.495 vs delta_time = 0.06438010778692034 (length 5.0 ns) False False
2025-04-08 16:20:04,625 - [MainProcess:160236] mummi_ras.online.simulation:has_computed_enough:352 - INFO - runtime_hours*0.99 = 0.495 vs delta_time = 0.0649367007944319 (length 5.0 ns) False False
2025-04-08 16:20:06,628 - [MainProcess:160236] mummi_ras.online.simulation:has_computed_enough:352 - INFO - runtime_hours*0.99 = 0.495 vs delta_time = 0.06549325221114688 (length 5.0 ns) False False
2025-04-08 16:20:08,632 - [MainProcess:160236] mummi_ras.online.simulation:has_computed_enough:352 - INFO - runtime_hours*0.99 = 0.495 vs delta_time = 0.0660498046875 (length 5.0 ns) False False
2025-04-08 16:20:10,635 - [MainProcess:160236] mummi_ras.online.simulation:has_computed_enough:352 - INFO - runtime_hours*0.99 = 0.495 vs delta_time = 0.06660635093847911 (length 5.0 ns) False False
2025-04-08 16:20:12,639 - [MainProcess:160236] mummi_ras.online.simulation:has_computed_enough:352 - INFO - runtime_hours*0.99 = 0.495 vs delta_time = 0.06716288944085438 (length 5.0 ns) False False
2025-04-08 16:20:14,643 - [MainProcess:160236] mummi_ras.online.simulation:has_computed_enough:352 - INFO - runtime_hours*0.99 = 0.495 vs delta_time = 0.0677194395992491 (length 5.0 ns) False False
2025-04-08 16:20:16,646 - [MainProcess:160236] mummi_ras.online.simulation:has_computed_enough:352 - INFO - runtime_hours*0.99 = 0.495 vs delta_time = 0.06827598181035784 (length 5.0 ns) False False
2025-04-08 16:20:18,650 - [MainProcess:160236] mummi_ras.online.simulation:has_computed_enough:352 - INFO - runtime_hours*0.99 = 0.495 vs delta_time = 0.06883252898852031 (length 5.0 ns) False False
2025-04-08 16:20:20,653 - [MainProcess:160236] mummi_ras.online.simulation:has_computed_enough:352 - INFO - runtime_hours*0.99 = 0.495 vs delta_time = 0.06938906782203251 (length 5.0 ns) False False
2025-04-08 16:20:22,657 - [MainProcess:160236] mummi_ras.online.simulation:has_computed_enough:352 - INFO - runtime_hours*0.99 = 0.495 vs delta_time = 0.06994560036394332 (length 5.0 ns) False False
2025-04-08 16:20:22,689 - [MainProcess:160236] mummi_ras.online.simulation:get_new_frames:399 - INFO - Getting all frame numbers in trajectory from 11 to 11.
2025-04-08 16:20:22,689 - [MainProcess:160236] mummi_ras.online.cg.cganalysis:run_main_analysis:193 - INFO - Process frame 11
2025-04-08 16:20:22,689 - [MainProcess:160236] mummi_ras.online.cg.cganalysis:processFrame:554 - INFO - Load 12 frames: current frame ID /tmp/mummi/cg/structure_iter00_000000000014-20250408_161548/traj_comp.xtc
2025-04-08 16:20:22,696 - [MainProcess:160236] mummi_ras.online.cg.cganalysis:processFrame:580 - INFO - Frame:    11, Time: 5500.000 ps, Bbox = [0, 180.12575, 0, 180.12575]
2025-04-08 16:20:22,696 - [MainProcess:160236] mummi_ras.online.cg.cganalysis:processFrame:584 - INFO - Lengths of layers: 665 25 494
2025-04-08 16:20:22,756 - [MainProcess:160236] mummi_ras.online.cg.cganalysis:processFrame:765 - INFO - Time for analysis - frameNum 11, time 0.06704258918762207 s
2025-04-08 16:20:24,757 - [MainProcess:160236] mummi_ras.online.simulation:has_computed_enough:352 - INFO - runtime_hours*0.99 = 0.495 vs delta_time = 0.07052894234657288 (length 5.5 ns) False False
2025-04-08 16:20:26,760 - [MainProcess:160236] mummi_ras.online.simulation:has_computed_enough:352 - INFO - runtime_hours*0.99 = 0.495 vs delta_time = 0.07108554548687405 (length 5.5 ns) False False
2025-04-08 16:20:28,764 - [MainProcess:160236] mummi_ras.online.simulation:has_computed_enough:352 - INFO - runtime_hours*0.99 = 0.495 vs delta_time = 0.0716421021355523 (length 5.5 ns) False False
2025-04-08 16:20:30,768 - [MainProcess:160236] mummi_ras.online.simulation:has_computed_enough:352 - INFO - runtime_hours*0.99 = 0.495 vs delta_time = 0.07219865613513522 (length 5.5 ns) False False
2025-04-08 16:20:32,771 - [MainProcess:160236] mummi_ras.online.simulation:has_computed_enough:352 - INFO - runtime_hours*0.99 = 0.495 vs delta_time = 0.07275519523355696 (length 5.5 ns) False False
2025-04-08 16:20:34,775 - [MainProcess:160236] mummi_ras.online.simulation:has_computed_enough:352 - INFO - runtime_hours*0.99 = 0.495 vs delta_time = 0.07331174472967783 (length 5.5 ns) False False
2025-04-08 16:20:36,778 - [MainProcess:160236] mummi_ras.online.simulation:has_computed_enough:352 - INFO - runtime_hours*0.99 = 0.495 vs delta_time = 0.07386829084820218 (length 5.5 ns) False False
2025-04-08 16:20:38,782 - [MainProcess:160236] mummi_ras.online.simulation:has_computed_enough:352 - INFO - runtime_hours*0.99 = 0.495 vs delta_time = 0.07442483650313483 (length 5.5 ns) False False
2025-04-08 16:20:40,786 - [MainProcess:160236] mummi_ras.online.simulation:has_computed_enough:352 - INFO - runtime_hours*0.99 = 0.495 vs delta_time = 0.07498138427734374 (length 5.5 ns) False False
2025-04-08 16:20:42,789 - [MainProcess:160236] mummi_ras.online.simulation:has_computed_enough:352 - INFO - runtime_hours*0.99 = 0.495 vs delta_time = 0.07553793410460154 (length 5.5 ns) False False
2025-04-08 16:20:44,793 - [MainProcess:160236] mummi_ras.online.simulation:has_computed_enough:352 - INFO - runtime_hours*0.99 = 0.495 vs delta_time = 0.07609448161390092 (length 5.5 ns) False False
2025-04-08 16:20:46,796 - [MainProcess:160236] mummi_ras.online.simulation:has_computed_enough:352 - INFO - runtime_hours*0.99 = 0.495 vs delta_time = 0.07665103183852302 (length 5.5 ns) False False
2025-04-08 16:20:46,911 - [MainProcess:160236] mummi_ras.online.simulation:get_new_frames:399 - INFO - Getting all frame numbers in trajectory from 12 to 12.
2025-04-08 16:20:46,911 - [MainProcess:160236] mummi_ras.online.cg.cganalysis:run_main_analysis:193 - INFO - Process frame 12
2025-04-08 16:20:46,911 - [MainProcess:160236] mummi_ras.online.cg.cganalysis:processFrame:554 - INFO - Load 13 frames: current frame ID /tmp/mummi/cg/structure_iter00_000000000014-20250408_161548/traj_comp.xtc
2025-04-08 16:20:46,918 - [MainProcess:160236] mummi_ras.online.cg.cganalysis:processFrame:580 - INFO - Frame:    12, Time: 6000.000 ps, Bbox = [0, 180.8573, 0, 180.8573]
2025-04-08 16:20:46,918 - [MainProcess:160236] mummi_ras.online.cg.cganalysis:processFrame:584 - INFO - Lengths of layers: 665 24 495
2025-04-08 16:20:46,978 - [MainProcess:160236] mummi_ras.online.cg.cganalysis:processFrame:765 - INFO - Time for analysis - frameNum 12, time 0.06720328330993652 s
2025-04-08 16:20:48,979 - [MainProcess:160236] mummi_ras.online.simulation:has_computed_enough:352 - INFO - runtime_hours*0.99 = 0.495 vs delta_time = 0.07725729372766282 (length 6.0 ns) False False
2025-04-08 16:20:50,983 - [MainProcess:160236] mummi_ras.online.simulation:has_computed_enough:352 - INFO - runtime_hours*0.99 = 0.495 vs delta_time = 0.07781389627191755 (length 6.0 ns) False False
2025-04-08 16:20:52,986 - [MainProcess:160236] mummi_ras.online.simulation:has_computed_enough:352 - INFO - runtime_hours*0.99 = 0.495 vs delta_time = 0.07837045338418748 (length 6.0 ns) False False
2025-04-08 16:20:54,990 - [MainProcess:160236] mummi_ras.online.simulation:has_computed_enough:352 - INFO - runtime_hours*0.99 = 0.495 vs delta_time = 0.0789270097679562 (length 6.0 ns) False False
2025-04-08 16:20:56,993 - [MainProcess:160236] mummi_ras.online.simulation:has_computed_enough:352 - INFO - runtime_hours*0.99 = 0.495 vs delta_time = 0.07948355668120914 (length 6.0 ns) False False
2025-04-08 16:20:58,997 - [MainProcess:160236] mummi_ras.online.simulation:has_computed_enough:352 - INFO - runtime_hours*0.99 = 0.495 vs delta_time = 0.08004011041588253 (length 6.0 ns) False False
2025-04-08 16:21:01,001 - [MainProcess:160236] mummi_ras.online.simulation:has_computed_enough:352 - INFO - runtime_hours*0.99 = 0.495 vs delta_time = 0.08059666143523322 (length 6.0 ns) False False
2025-04-08 16:21:03,004 - [MainProcess:160236] mummi_ras.online.simulation:has_computed_enough:352 - INFO - runtime_hours*0.99 = 0.495 vs delta_time = 0.08115320901076 (length 6.0 ns) False False
2025-04-08 16:21:05,008 - [MainProcess:160236] mummi_ras.online.simulation:has_computed_enough:352 - INFO - runtime_hours*0.99 = 0.495 vs delta_time = 0.08170975956651899 (length 6.0 ns) False False
2025-04-08 16:21:07,011 - [MainProcess:160236] mummi_ras.online.simulation:has_computed_enough:352 - INFO - runtime_hours*0.99 = 0.495 vs delta_time = 0.08226630992359585 (length 6.0 ns) False False
2025-04-08 16:21:09,015 - [MainProcess:160236] mummi_ras.online.simulation:has_computed_enough:352 - INFO - runtime_hours*0.99 = 0.495 vs delta_time = 0.08282285511493682 (length 6.0 ns) False False
2025-04-08 16:21:09,195 - [MainProcess:160236] mummi_ras.online.simulation:get_new_frames:399 - INFO - Getting all frame numbers in trajectory from 13 to 13.
2025-04-08 16:21:09,195 - [MainProcess:160236] mummi_ras.online.cg.cganalysis:run_main_analysis:193 - INFO - Process frame 13
2025-04-08 16:21:09,195 - [MainProcess:160236] mummi_ras.online.cg.cganalysis:processFrame:554 - INFO - Load 14 frames: current frame ID /tmp/mummi/cg/structure_iter00_000000000014-20250408_161548/traj_comp.xtc
2025-04-08 16:21:09,202 - [MainProcess:160236] mummi_ras.online.cg.cganalysis:processFrame:580 - INFO - Frame:    13, Time: 6500.000 ps, Bbox = [0, 181.40405, 0, 181.40405]
2025-04-08 16:21:09,202 - [MainProcess:160236] mummi_ras.online.cg.cganalysis:processFrame:584 - INFO - Lengths of layers: 667 22 495
2025-04-08 16:21:09,263 - [MainProcess:160236] mummi_ras.online.cg.cganalysis:processFrame:765 - INFO - Time for analysis - frameNum 13, time 0.06818914413452148 s
2025-04-08 16:21:11,264 - [MainProcess:160236] mummi_ras.online.simulation:has_computed_enough:352 - INFO - runtime_hours*0.99 = 0.495 vs delta_time = 0.08344762470987108 (length 6.5 ns) False False
2025-04-08 16:21:13,268 - [MainProcess:160236] mummi_ras.online.simulation:has_computed_enough:352 - INFO - runtime_hours*0.99 = 0.495 vs delta_time = 0.0840042249361674 (length 6.5 ns) False False
2025-04-08 16:21:15,271 - [MainProcess:160236] mummi_ras.online.simulation:has_computed_enough:352 - INFO - runtime_hours*0.99 = 0.495 vs delta_time = 0.08456078290939331 (length 6.5 ns) False False
2025-04-08 16:21:17,275 - [MainProcess:160236] mummi_ras.online.simulation:has_computed_enough:352 - INFO - runtime_hours*0.99 = 0.495 vs delta_time = 0.08511732498804728 (length 6.5 ns) False False
2025-04-08 16:21:19,278 - [MainProcess:160236] mummi_ras.online.simulation:has_computed_enough:352 - INFO - runtime_hours*0.99 = 0.495 vs delta_time = 0.08567387123902638 (length 6.5 ns) False False
2025-04-08 16:21:21,282 - [MainProcess:160236] mummi_ras.online.simulation:has_computed_enough:352 - INFO - runtime_hours*0.99 = 0.495 vs delta_time = 0.08623042159610324 (length 6.5 ns) False False
2025-04-08 16:21:23,286 - [MainProcess:160236] mummi_ras.online.simulation:has_computed_enough:352 - INFO - runtime_hours*0.99 = 0.495 vs delta_time = 0.08678697334395515 (length 6.5 ns) False False
2025-04-08 16:21:25,289 - [MainProcess:160236] mummi_ras.online.simulation:has_computed_enough:352 - INFO - runtime_hours*0.99 = 0.495 vs delta_time = 0.08734352833694882 (length 6.5 ns) False False
2025-04-08 16:21:27,293 - [MainProcess:160236] mummi_ras.online.simulation:has_computed_enough:352 - INFO - runtime_hours*0.99 = 0.495 vs delta_time = 0.0879000738594267 (length 6.5 ns) False False
2025-04-08 16:21:29,296 - [MainProcess:160236] mummi_ras.online.simulation:has_computed_enough:352 - INFO - runtime_hours*0.99 = 0.495 vs delta_time = 0.08845662348800236 (length 6.5 ns) False False
2025-04-08 16:21:31,300 - [MainProcess:160236] mummi_ras.online.simulation:has_computed_enough:352 - INFO - runtime_hours*0.99 = 0.495 vs delta_time = 0.0890131727192137 (length 6.5 ns) False False
2025-04-08 16:21:31,332 - [MainProcess:160236] mummi_ras.online.simulation:get_new_frames:399 - INFO - Getting all frame numbers in trajectory from 14 to 14.
2025-04-08 16:21:31,332 - [MainProcess:160236] mummi_ras.online.cg.cganalysis:run_main_analysis:193 - INFO - Process frame 14
2025-04-08 16:21:31,332 - [MainProcess:160236] mummi_ras.online.cg.cganalysis:processFrame:554 - INFO - Load 15 frames: current frame ID /tmp/mummi/cg/structure_iter00_000000000014-20250408_161548/traj_comp.xtc
2025-04-08 16:21:31,339 - [MainProcess:160236] mummi_ras.online.cg.cganalysis:processFrame:580 - INFO - Frame:    14, Time: 7000.000 ps, Bbox = [0, 180.94409, 0, 180.94409]
2025-04-08 16:21:31,339 - [MainProcess:160236] mummi_ras.online.cg.cganalysis:processFrame:584 - INFO - Lengths of layers: 663 31 490
2025-04-08 16:21:31,400 - [MainProcess:160236] mummi_ras.online.cg.cganalysis:processFrame:765 - INFO - Time for analysis - frameNum 14, time 0.0673980712890625 s
2025-04-08 16:21:33,400 - [MainProcess:160236] mummi_ras.online.simulation:has_computed_enough:352 - INFO - runtime_hours*0.99 = 0.495 vs delta_time = 0.08959660172462464 (length 7.0 ns) False False
2025-04-08 16:21:35,404 - [MainProcess:160236] mummi_ras.online.simulation:has_computed_enough:352 - INFO - runtime_hours*0.99 = 0.495 vs delta_time = 0.09015319764614105 (length 7.0 ns) False False
2025-04-08 16:21:37,408 - [MainProcess:160236] mummi_ras.online.simulation:has_computed_enough:352 - INFO - runtime_hours*0.99 = 0.495 vs delta_time = 0.0907097452878952 (length 7.0 ns) False False
2025-04-08 16:21:39,411 - [MainProcess:160236] mummi_ras.online.simulation:has_computed_enough:352 - INFO - runtime_hours*0.99 = 0.495 vs delta_time = 0.09126629061169095 (length 7.0 ns) False False
2025-04-08 16:21:41,415 - [MainProcess:160236] mummi_ras.online.simulation:has_computed_enough:352 - INFO - runtime_hours*0.99 = 0.495 vs delta_time = 0.09182283600171406 (length 7.0 ns) False False
2025-04-08 16:21:43,418 - [MainProcess:160236] mummi_ras.online.simulation:has_computed_enough:352 - INFO - runtime_hours*0.99 = 0.495 vs delta_time = 0.09237937655713824 (length 7.0 ns) False False
2025-04-08 16:21:45,422 - [MainProcess:160236] mummi_ras.online.simulation:has_computed_enough:352 - INFO - runtime_hours*0.99 = 0.495 vs delta_time = 0.09293592545721266 (length 7.0 ns) False False
2025-04-08 16:21:47,425 - [MainProcess:160236] mummi_ras.online.simulation:has_computed_enough:352 - INFO - runtime_hours*0.99 = 0.495 vs delta_time = 0.09349246932400597 (length 7.0 ns) False False
2025-04-08 16:21:49,429 - [MainProcess:160236] mummi_ras.online.simulation:has_computed_enough:352 - INFO - runtime_hours*0.99 = 0.495 vs delta_time = 0.09404901385307313 (length 7.0 ns) False False
2025-04-08 16:21:51,433 - [MainProcess:160236] mummi_ras.online.simulation:has_computed_enough:352 - INFO - runtime_hours*0.99 = 0.495 vs delta_time = 0.09460556109746297 (length 7.0 ns) False False
2025-04-08 16:21:53,436 - [MainProcess:160236] mummi_ras.online.simulation:has_computed_enough:352 - INFO - runtime_hours*0.99 = 0.495 vs delta_time = 0.0951621041695277 (length 7.0 ns) False False
2025-04-08 16:21:53,809 - [MainProcess:160236] mummi_ras.online.simulation:get_new_frames:399 - INFO - Getting all frame numbers in trajectory from 15 to 15.
2025-04-08 16:21:53,809 - [MainProcess:160236] mummi_ras.online.cg.cganalysis:run_main_analysis:193 - INFO - Process frame 15
2025-04-08 16:21:53,809 - [MainProcess:160236] mummi_ras.online.cg.cganalysis:processFrame:554 - INFO - Load 16 frames: current frame ID /tmp/mummi/cg/structure_iter00_000000000014-20250408_161548/traj_comp.xtc
2025-04-08 16:21:53,816 - [MainProcess:160236] mummi_ras.online.cg.cganalysis:processFrame:580 - INFO - Frame:    15, Time: 7500.000 ps, Bbox = [0, 180.63098, 0, 180.63098]
2025-04-08 16:21:53,816 - [MainProcess:160236] mummi_ras.online.cg.cganalysis:processFrame:584 - INFO - Lengths of layers: 665 26 493
2025-04-08 16:21:53,877 - [MainProcess:160236] mummi_ras.online.cg.cganalysis:processFrame:765 - INFO - Time for analysis - frameNum 15, time 0.06743574142456055 s
2025-04-08 16:21:55,877 - [MainProcess:160236] mummi_ras.online.simulation:has_computed_enough:352 - INFO - runtime_hours*0.99 = 0.495 vs delta_time = 0.09584018170833587 (length 7.5 ns) False False
2025-04-08 16:21:57,881 - [MainProcess:160236] mummi_ras.online.simulation:has_computed_enough:352 - INFO - runtime_hours*0.99 = 0.495 vs delta_time = 0.09639677570925818 (length 7.5 ns) False False
2025-04-08 16:21:59,884 - [MainProcess:160236] mummi_ras.online.simulation:has_computed_enough:352 - INFO - runtime_hours*0.99 = 0.495 vs delta_time = 0.09695332474178738 (length 7.5 ns) False False
2025-04-08 16:22:01,888 - [MainProcess:160236] mummi_ras.online.simulation:has_computed_enough:352 - INFO - runtime_hours*0.99 = 0.495 vs delta_time = 0.0975098772181405 (length 7.5 ns) False False
2025-04-08 16:22:03,892 - [MainProcess:160236] mummi_ras.online.simulation:has_computed_enough:352 - INFO - runtime_hours*0.99 = 0.495 vs delta_time = 0.09806641783979204 (length 7.5 ns) False False
2025-04-08 16:22:05,895 - [MainProcess:160236] mummi_ras.online.simulation:has_computed_enough:352 - INFO - runtime_hours*0.99 = 0.495 vs delta_time = 0.09862296965387132 (length 7.5 ns) False False
2025-04-08 16:22:07,899 - [MainProcess:160236] mummi_ras.online.simulation:has_computed_enough:352 - INFO - runtime_hours*0.99 = 0.495 vs delta_time = 0.0991795124610265 (length 7.5 ns) False False
2025-04-08 16:22:09,902 - [MainProcess:160236] mummi_ras.online.simulation:has_computed_enough:352 - INFO - runtime_hours*0.99 = 0.495 vs delta_time = 0.09973606626192728 (length 7.5 ns) False False
2025-04-08 16:22:11,906 - [MainProcess:160236] mummi_ras.online.simulation:has_computed_enough:352 - INFO - runtime_hours*0.99 = 0.495 vs delta_time = 0.10029260628753238 (length 7.5 ns) False False
2025-04-08 16:22:13,909 - [MainProcess:160236] mummi_ras.online.simulation:has_computed_enough:352 - INFO - runtime_hours*0.99 = 0.495 vs delta_time = 0.10084915439287821 (length 7.5 ns) False False
2025-04-08 16:22:15,913 - [MainProcess:160236] mummi_ras.online.simulation:has_computed_enough:352 - INFO - runtime_hours*0.99 = 0.495 vs delta_time = 0.10140569494830237 (length 7.5 ns) False False
2025-04-08 16:22:17,917 - [MainProcess:160236] mummi_ras.online.simulation:has_computed_enough:352 - INFO - runtime_hours*0.99 = 0.495 vs delta_time = 0.1019622278213501 (length 7.5 ns) False False
2025-04-08 16:22:18,077 - [MainProcess:160236] mummi_ras.online.simulation:get_new_frames:399 - INFO - Getting all frame numbers in trajectory from 16 to 16.
2025-04-08 16:22:18,077 - [MainProcess:160236] mummi_ras.online.cg.cganalysis:run_main_analysis:193 - INFO - Process frame 16
2025-04-08 16:22:18,077 - [MainProcess:160236] mummi_ras.online.cg.cganalysis:processFrame:554 - INFO - Load 17 frames: current frame ID /tmp/mummi/cg/structure_iter00_000000000014-20250408_161548/traj_comp.xtc
2025-04-08 16:22:18,084 - [MainProcess:160236] mummi_ras.online.cg.cganalysis:processFrame:580 - INFO - Frame:    16, Time: 8000.000 ps, Bbox = [0, 181.93831, 0, 181.93831]
2025-04-08 16:22:18,084 - [MainProcess:160236] mummi_ras.online.cg.cganalysis:processFrame:584 - INFO - Lengths of layers: 664 31 489
2025-04-08 16:22:18,145 - [MainProcess:160236] mummi_ras.online.cg.cganalysis:processFrame:765 - INFO - Time for analysis - frameNum 16, time 0.06730246543884277 s
2025-04-08 16:22:20,145 - [MainProcess:160236] mummi_ras.online.simulation:has_computed_enough:352 - INFO - runtime_hours*0.99 = 0.495 vs delta_time = 0.10258130841785007 (length 8.0 ns) False False
2025-04-08 16:22:22,149 - [MainProcess:160236] mummi_ras.online.simulation:has_computed_enough:352 - INFO - runtime_hours*0.99 = 0.495 vs delta_time = 0.10313789904117585 (length 8.0 ns) False False
2025-04-08 16:22:24,153 - [MainProcess:160236] mummi_ras.online.simulation:has_computed_enough:352 - INFO - runtime_hours*0.99 = 0.495 vs delta_time = 0.10369446052445305 (length 8.0 ns) False False
2025-04-08 16:22:26,156 - [MainProcess:160236] mummi_ras.online.simulation:has_computed_enough:352 - INFO - runtime_hours*0.99 = 0.495 vs delta_time = 0.10425101313326093 (length 8.0 ns) False False
2025-04-08 16:22:28,160 - [MainProcess:160236] mummi_ras.online.simulation:has_computed_enough:352 - INFO - runtime_hours*0.99 = 0.495 vs delta_time = 0.10480756183465322 (length 8.0 ns) False False
2025-04-08 16:22:30,163 - [MainProcess:160236] mummi_ras.online.simulation:has_computed_enough:352 - INFO - runtime_hours*0.99 = 0.495 vs delta_time = 0.10536411742369334 (length 8.0 ns) False False
2025-04-08 16:22:32,167 - [MainProcess:160236] mummi_ras.online.simulation:has_computed_enough:352 - INFO - runtime_hours*0.99 = 0.495 vs delta_time = 0.10592065506511264 (length 8.0 ns) False False
2025-04-08 16:22:34,170 - [MainProcess:160236] mummi_ras.online.simulation:has_computed_enough:352 - INFO - runtime_hours*0.99 = 0.495 vs delta_time = 0.1064772089322408 (length 8.0 ns) False False
2025-04-08 16:22:36,174 - [MainProcess:160236] mummi_ras.online.simulation:has_computed_enough:352 - INFO - runtime_hours*0.99 = 0.495 vs delta_time = 0.10703375677267711 (length 8.0 ns) False False
2025-04-08 16:22:38,178 - [MainProcess:160236] mummi_ras.online.simulation:has_computed_enough:352 - INFO - runtime_hours*0.99 = 0.495 vs delta_time = 0.1075903050104777 (length 8.0 ns) False False
2025-04-08 16:22:40,181 - [MainProcess:160236] mummi_ras.online.simulation:has_computed_enough:352 - INFO - runtime_hours*0.99 = 0.495 vs delta_time = 0.10814684232076009 (length 8.0 ns) False False
2025-04-08 16:22:40,214 - [MainProcess:160236] mummi_ras.online.simulation:get_new_frames:399 - INFO - Getting all frame numbers in trajectory from 17 to 17.
2025-04-08 16:22:40,214 - [MainProcess:160236] mummi_ras.online.cg.cganalysis:run_main_analysis:193 - INFO - Process frame 17
2025-04-08 16:22:40,214 - [MainProcess:160236] mummi_ras.online.cg.cganalysis:processFrame:554 - INFO - Load 18 frames: current frame ID /tmp/mummi/cg/structure_iter00_000000000014-20250408_161548/traj_comp.xtc
2025-04-08 16:22:40,220 - [MainProcess:160236] mummi_ras.online.cg.cganalysis:processFrame:580 - INFO - Frame:    17, Time: 8500.000 ps, Bbox = [0, 181.56268, 0, 181.56268]
2025-04-08 16:22:40,221 - [MainProcess:160236] mummi_ras.online.cg.cganalysis:processFrame:584 - INFO - Lengths of layers: 661 33 490
2025-04-08 16:22:40,281 - [MainProcess:160236] mummi_ras.online.cg.cganalysis:processFrame:765 - INFO - Time for analysis - frameNum 17, time 0.06687045097351074 s
2025-04-08 16:22:42,281 - [MainProcess:160236] mummi_ras.online.simulation:has_computed_enough:352 - INFO - runtime_hours*0.99 = 0.495 vs delta_time = 0.10873014344109429 (length 8.5 ns) False False
2025-04-08 16:22:44,285 - [MainProcess:160236] mummi_ras.online.simulation:has_computed_enough:352 - INFO - runtime_hours*0.99 = 0.495 vs delta_time = 0.10928673399819268 (length 8.5 ns) False False
2025-04-08 16:22:46,288 - [MainProcess:160236] mummi_ras.online.simulation:has_computed_enough:352 - INFO - runtime_hours*0.99 = 0.495 vs delta_time = 0.10984329164028167 (length 8.5 ns) False False
2025-04-08 16:22:48,292 - [MainProcess:160236] mummi_ras.online.simulation:has_computed_enough:352 - INFO - runtime_hours*0.99 = 0.495 vs delta_time = 0.11039983087115818 (length 8.5 ns) False False
2025-04-08 16:22:50,295 - [MainProcess:160236] mummi_ras.online.simulation:has_computed_enough:352 - INFO - runtime_hours*0.99 = 0.495 vs delta_time = 0.11095637864536709 (length 8.5 ns) False False
2025-04-08 16:22:52,299 - [MainProcess:160236] mummi_ras.online.simulation:has_computed_enough:352 - INFO - runtime_hours*0.99 = 0.495 vs delta_time = 0.11151292012797462 (length 8.5 ns) False False
2025-04-08 16:22:54,303 - [MainProcess:160236] mummi_ras.online.simulation:has_computed_enough:352 - INFO - runtime_hours*0.99 = 0.495 vs delta_time = 0.11206947141223483 (length 8.5 ns) False False
2025-04-08 16:22:56,306 - [MainProcess:160236] mummi_ras.online.simulation:has_computed_enough:352 - INFO - runtime_hours*0.99 = 0.495 vs delta_time = 0.11262602322631413 (length 8.5 ns) False False
2025-04-08 16:22:58,310 - [MainProcess:160236] mummi_ras.online.simulation:has_computed_enough:352 - INFO - runtime_hours*0.99 = 0.495 vs delta_time = 0.11318256934483846 (length 8.5 ns) False False
2025-04-08 16:23:00,316 - [MainProcess:160236] mummi_ras.online.simulation:has_computed_enough:352 - INFO - runtime_hours*0.99 = 0.495 vs delta_time = 0.11373996039231618 (length 8.5 ns) False False
2025-04-08 16:23:02,323 - [MainProcess:160236] mummi_ras.online.simulation:has_computed_enough:352 - INFO - runtime_hours*0.99 = 0.495 vs delta_time = 0.11429735488361782 (length 8.5 ns) False False
2025-04-08 16:23:02,417 - [MainProcess:160236] mummi_ras.online.simulation:get_new_frames:399 - INFO - Getting all frame numbers in trajectory from 18 to 18.
2025-04-08 16:23:02,417 - [MainProcess:160236] mummi_ras.online.cg.cganalysis:run_main_analysis:193 - INFO - Process frame 18
2025-04-08 16:23:02,417 - [MainProcess:160236] mummi_ras.online.cg.cganalysis:processFrame:554 - INFO - Load 19 frames: current frame ID /tmp/mummi/cg/structure_iter00_000000000014-20250408_161548/traj_comp.xtc
2025-04-08 16:23:02,424 - [MainProcess:160236] mummi_ras.online.cg.cganalysis:processFrame:580 - INFO - Frame:    18, Time: 9000.000 ps, Bbox = [0, 180.94766, 0, 180.94766]
2025-04-08 16:23:02,424 - [MainProcess:160236] mummi_ras.online.cg.cganalysis:processFrame:584 - INFO - Lengths of layers: 660 31 493
2025-04-08 16:23:02,485 - [MainProcess:160236] mummi_ras.online.cg.cganalysis:processFrame:765 - INFO - Time for analysis - frameNum 18, time 0.06708383560180664 s
2025-04-08 16:23:04,485 - [MainProcess:160236] mummi_ras.online.simulation:has_computed_enough:352 - INFO - runtime_hours*0.99 = 0.495 vs delta_time = 0.11489791797267065 (length 9.0 ns) False False
2025-04-08 16:23:06,489 - [MainProcess:160236] mummi_ras.online.simulation:has_computed_enough:352 - INFO - runtime_hours*0.99 = 0.495 vs delta_time = 0.11545451727178362 (length 9.0 ns) False False
2025-04-08 16:23:08,492 - [MainProcess:160236] mummi_ras.online.simulation:has_computed_enough:352 - INFO - runtime_hours*0.99 = 0.495 vs delta_time = 0.11601107392046187 (length 9.0 ns) False False
2025-04-08 16:23:10,496 - [MainProcess:160236] mummi_ras.online.simulation:has_computed_enough:352 - INFO - runtime_hours*0.99 = 0.495 vs delta_time = 0.11656761295265622 (length 9.0 ns) False False
2025-04-08 16:23:12,500 - [MainProcess:160236] mummi_ras.online.simulation:has_computed_enough:352 - INFO - runtime_hours*0.99 = 0.495 vs delta_time = 0.11712416423691643 (length 9.0 ns) False False
2025-04-08 16:23:14,503 - [MainProcess:160236] mummi_ras.online.simulation:has_computed_enough:352 - INFO - runtime_hours*0.99 = 0.495 vs delta_time = 0.11768071333567301 (length 9.0 ns) False False
2025-04-08 16:23:16,507 - [MainProcess:160236] mummi_ras.online.simulation:has_computed_enough:352 - INFO - runtime_hours*0.99 = 0.495 vs delta_time = 0.11823726230197483 (length 9.0 ns) False False
2025-04-08 16:23:18,510 - [MainProcess:160236] mummi_ras.online.simulation:has_computed_enough:352 - INFO - runtime_hours*0.99 = 0.495 vs delta_time = 0.1187938106060028 (length 9.0 ns) False False
2025-04-08 16:23:20,514 - [MainProcess:160236] mummi_ras.online.simulation:has_computed_enough:352 - INFO - runtime_hours*0.99 = 0.495 vs delta_time = 0.11935034957196977 (length 9.0 ns) False False
2025-04-08 16:23:22,517 - [MainProcess:160236] mummi_ras.online.simulation:has_computed_enough:352 - INFO - runtime_hours*0.99 = 0.495 vs delta_time = 0.11990689827336205 (length 9.0 ns) False False
2025-04-08 16:23:24,521 - [MainProcess:160236] mummi_ras.online.simulation:has_computed_enough:352 - INFO - runtime_hours*0.99 = 0.495 vs delta_time = 0.12046344518661499 (length 9.0 ns) False False
2025-04-08 16:23:26,525 - [MainProcess:160236] mummi_ras.online.simulation:has_computed_enough:352 - INFO - runtime_hours*0.99 = 0.495 vs delta_time = 0.12101999898751577 (length 9.0 ns) False False
2025-04-08 16:23:26,769 - [MainProcess:160236] mummi_ras.online.simulation:get_new_frames:399 - INFO - Getting all frame numbers in trajectory from 19 to 19.
2025-04-08 16:23:26,769 - [MainProcess:160236] mummi_ras.online.cg.cganalysis:run_main_analysis:193 - INFO - Process frame 19
2025-04-08 16:23:26,769 - [MainProcess:160236] mummi_ras.online.cg.cganalysis:processFrame:554 - INFO - Load 20 frames: current frame ID /tmp/mummi/cg/structure_iter00_000000000014-20250408_161548/traj_comp.xtc
2025-04-08 16:23:26,776 - [MainProcess:160236] mummi_ras.online.cg.cganalysis:processFrame:580 - INFO - Frame:    19, Time: 9500.000 ps, Bbox = [0, 180.83755, 0, 180.83755]
2025-04-08 16:23:26,776 - [MainProcess:160236] mummi_ras.online.cg.cganalysis:processFrame:584 - INFO - Lengths of layers: 657 34 493
2025-04-08 16:23:26,836 - [MainProcess:160236] mummi_ras.online.cg.cganalysis:processFrame:765 - INFO - Time for analysis - frameNum 19, time 0.06671476364135742 s
2025-04-08 16:23:28,836 - [MainProcess:160236] mummi_ras.online.simulation:has_computed_enough:352 - INFO - runtime_hours*0.99 = 0.495 vs delta_time = 0.12166208227475485 (length 9.5 ns) False False
2025-04-08 16:23:28,840 - [MainProcess:160236] mummi_ras.online.cg.cganalysis:processOutput:92 - INFO - Add feedback for frameNum 10 - state []
2025-04-08 16:23:28,840 - [MainProcess:160236] mummi_ras.online.cg.cganalysis:processOutput:92 - INFO - Add feedback for frameNum 11 - state []
2025-04-08 16:23:28,840 - [MainProcess:160236] mummi_ras.online.cg.cganalysis:processOutput:92 - INFO - Add feedback for frameNum 12 - state []
2025-04-08 16:23:28,840 - [MainProcess:160236] mummi_ras.online.cg.cganalysis:processOutput:92 - INFO - Add feedback for frameNum 13 - state []
2025-04-08 16:23:28,840 - [MainProcess:160236] mummi_ras.online.cg.cganalysis:processOutput:92 - INFO - Add feedback for frameNum 14 - state []
2025-04-08 16:23:28,840 - [MainProcess:160236] mummi_ras.online.cg.cganalysis:processOutput:92 - INFO - Add feedback for frameNum 15 - state []
2025-04-08 16:23:28,840 - [MainProcess:160236] mummi_ras.online.cg.cganalysis:processOutput:92 - INFO - Add feedback for frameNum 16 - state []
2025-04-08 16:23:28,840 - [MainProcess:160236] mummi_ras.online.cg.cganalysis:processOutput:92 - INFO - Add feedback for frameNum 17 - state []
2025-04-08 16:23:28,841 - [MainProcess:160236] mummi_ras.online.cg.cganalysis:processOutput:92 - INFO - Add feedback for frameNum 18 - state []
2025-04-08 16:23:28,841 - [MainProcess:160236] mummi_ras.online.cg.cganalysis:processOutput:92 - INFO - Add feedback for frameNum 19 - state []
2025-04-08 16:23:28,853 - [MainProcess:160236] mummi_core.interfaces.simple:_save_files:91 - INFO - Wrote 10 files to (/p/gpfs1/pottier1/minimummi-sc25/roots/root1/feedback-cg2ml/014)
2025-04-08 16:23:28,853 - [MainProcess:160236] mummi_ras.feedback.feedback_manager_cg2ml:report:118 - INFO - Added 10 frames (from structure_iter00_000000000014) to feedback (/p/gpfs1/pottier1/minimummi-sc25/roots/root1/feedback-cg2ml)
2025-04-08 16:23:28,853 - [MainProcess:160236] mummi_ras.online.cg.cganalysis:processOutput:112 - INFO - processOutput: 19
2025-04-08 16:23:28,854 - [MainProcess:160236] mummi_ras.online.cg.cganalysis:copyRemoteRestart:452 - INFO - Copy to remote frames [10, 11, 12, 13, 14, 15, 16, 17, 18, 19]
2025-04-08 16:23:29,030 - [MainProcess:160236] mummi_core.utils.utilities:sys_call:184 - INFO - Run command: rsync -va --no-g traj_comp.xtc topol.tpr state.cpt ener.edr md.log mdrun.log /p/gpfs1/pottier1/minimummi-sc25/roots/root1/sims-cg/structure_iter00_000000000014 || true
2025-04-08 16:23:29,346 - [MainProcess:160236] mummi_ras.interfaces.mummi:save_analysis_data:253 - INFO - Saved all analysis data for frames [10, 11, 12, 13, 14, 15, 16, 17, 18, 19]
2025-04-08 16:23:29,346 - [MainProcess:160236] mummi_ras.online.cg.cganalysis:copyRemoteLogs:350 - INFO - Copy over log files
2025-04-08 16:23:29,376 - [MainProcess:160236] mummi_core.utils.utilities:sys_call:184 - INFO - Run command: cp -r  /tmp/mummi/cg/structure_iter00_000000000014-20250408_161548/cg_analysis.out /tmp/mummi/cg/structure_iter00_000000000014-20250408_161548/traj_comp.xtc /tmp/mummi/cg/structure_iter00_000000000014-20250408_161548/*.log /p/gpfs1/pottier1/minimummi-sc25/roots/root1/sims-cg/structure_iter00_000000000014/ || true
2025-04-08 16:23:29,376 - [MainProcess:160236] mummi_ras.online.cg.cganalysis:copyRemoteLogs:365 - INFO - copyRemoteLogs =  /tmp/mummi/cg/structure_iter00_000000000014-20250408_161548/cg_analysis.out /tmp/mummi/cg/structure_iter00_000000000014-20250408_161548/traj_comp.xtc /tmp/mummi/cg/structure_iter00_000000000014-20250408_161548/*.log
2025-04-08 16:23:29,377 - [MainProcess:160236] mummi_ras.online.cg.cganalysis:cleanupLocal:375 - WARNING - Copy cleanup local only works for ddcMD files
2025-04-08 16:23:31,377 - [MainProcess:160236] mummi_ras.online.simulation:has_computed_enough:352 - INFO - runtime_hours*0.99 = 0.495 vs delta_time = 0.12236785736348894 (length 9.5 ns) False False
2025-04-08 16:23:33,383 - [MainProcess:160236] mummi_ras.online.simulation:has_computed_enough:352 - INFO - runtime_hours*0.99 = 0.495 vs delta_time = 0.12292524615923564 (length 9.5 ns) False False
2025-04-08 16:23:35,390 - [MainProcess:160236] mummi_ras.online.simulation:has_computed_enough:352 - INFO - runtime_hours*0.99 = 0.495 vs delta_time = 0.12348262257046169 (length 9.5 ns) False False
2025-04-08 16:23:37,397 - [MainProcess:160236] mummi_ras.online.simulation:has_computed_enough:352 - INFO - runtime_hours*0.99 = 0.495 vs delta_time = 0.1240400109688441 (length 9.5 ns) False False
2025-04-08 16:23:39,403 - [MainProcess:160236] mummi_ras.online.simulation:has_computed_enough:352 - INFO - runtime_hours*0.99 = 0.495 vs delta_time = 0.12459737446573045 (length 9.5 ns) False False
2025-04-08 16:23:41,409 - [MainProcess:160236] mummi_ras.online.simulation:has_computed_enough:352 - INFO - runtime_hours*0.99 = 0.495 vs delta_time = 0.12515468849076164 (length 9.5 ns) False False
2025-04-08 16:23:43,416 - [MainProcess:160236] mummi_ras.online.simulation:has_computed_enough:352 - INFO - runtime_hours*0.99 = 0.495 vs delta_time = 0.1257119882106781 (length 9.5 ns) False False
2025-04-08 16:23:45,422 - [MainProcess:160236] mummi_ras.online.simulation:has_computed_enough:352 - INFO - runtime_hours*0.99 = 0.495 vs delta_time = 0.12626929865943062 (length 9.5 ns) False False
2025-04-08 16:23:47,428 - [MainProcess:160236] mummi_ras.online.simulation:has_computed_enough:352 - INFO - runtime_hours*0.99 = 0.495 vs delta_time = 0.12682658579614428 (length 9.5 ns) False False
2025-04-08 16:23:47,482 - [MainProcess:160236] mummi_ras.online.simulation:get_new_frames:399 - INFO - Getting all frame numbers in trajectory from 20 to 20.
2025-04-08 16:23:47,483 - [MainProcess:160236] mummi_ras.online.cg.cganalysis:run_main_analysis:193 - INFO - Process frame 20
2025-04-08 16:23:47,483 - [MainProcess:160236] mummi_ras.online.cg.cganalysis:processFrame:554 - INFO - Load 21 frames: current frame ID /tmp/mummi/cg/structure_iter00_000000000014-20250408_161548/traj_comp.xtc
2025-04-08 16:23:47,494 - [MainProcess:160236] mummi_ras.online.cg.cganalysis:processFrame:580 - INFO - Frame:    20, Time: 10000.000 ps, Bbox = [0, 181.68307, 0, 181.68307]
2025-04-08 16:23:47,494 - [MainProcess:160236] mummi_ras.online.cg.cganalysis:processFrame:584 - INFO - Lengths of layers: 658 31 495
2025-04-08 16:23:47,601 - [MainProcess:160236] mummi_ras.online.cg.cganalysis:processFrame:765 - INFO - Time for analysis - frameNum 20, time 0.11769795417785645 s
2025-04-08 16:23:49,601 - [MainProcess:160236] mummi_ras.online.simulation:has_computed_enough:352 - INFO - runtime_hours*0.99 = 0.495 vs delta_time = 0.12743018693394131 (length 10.0 ns) False False
2025-04-08 16:23:51,608 - [MainProcess:160236] mummi_ras.online.simulation:has_computed_enough:352 - INFO - runtime_hours*0.99 = 0.495 vs delta_time = 0.12798758566379548 (length 10.0 ns) False False
2025-04-08 16:23:53,614 - [MainProcess:160236] mummi_ras.online.simulation:has_computed_enough:352 - INFO - runtime_hours*0.99 = 0.495 vs delta_time = 0.1285449457168579 (length 10.0 ns) False False
2025-04-08 16:23:55,621 - [MainProcess:160236] mummi_ras.online.simulation:has_computed_enough:352 - INFO - runtime_hours*0.99 = 0.495 vs delta_time = 0.12910229398144615 (length 10.0 ns) False False
2025-04-08 16:23:57,627 - [MainProcess:160236] mummi_ras.online.simulation:has_computed_enough:352 - INFO - runtime_hours*0.99 = 0.495 vs delta_time = 0.12965962171554565 (length 10.0 ns) False False
2025-04-08 16:23:59,633 - [MainProcess:160236] mummi_ras.online.simulation:has_computed_enough:352 - INFO - runtime_hours*0.99 = 0.495 vs delta_time = 0.1302169018321567 (length 10.0 ns) False False
2025-04-08 16:24:01,640 - [MainProcess:160236] mummi_ras.online.simulation:has_computed_enough:352 - INFO - runtime_hours*0.99 = 0.495 vs delta_time = 0.13077420115470886 (length 10.0 ns) False False
2025-04-08 16:24:03,646 - [MainProcess:160236] mummi_ras.online.simulation:has_computed_enough:352 - INFO - runtime_hours*0.99 = 0.495 vs delta_time = 0.13133150935173035 (length 10.0 ns) False False
2025-04-08 16:24:05,653 - [MainProcess:160236] mummi_ras.online.simulation:has_computed_enough:352 - INFO - runtime_hours*0.99 = 0.495 vs delta_time = 0.1318888897365994 (length 10.0 ns) False False
2025-04-08 16:24:07,659 - [MainProcess:160236] mummi_ras.online.simulation:has_computed_enough:352 - INFO - runtime_hours*0.99 = 0.495 vs delta_time = 0.13244625336594051 (length 10.0 ns) False False
2025-04-08 16:24:09,665 - [MainProcess:160236] mummi_ras.online.simulation:has_computed_enough:352 - INFO - runtime_hours*0.99 = 0.495 vs delta_time = 0.13300356606642405 (length 10.0 ns) False False
2025-04-08 16:24:11,672 - [MainProcess:160236] mummi_ras.online.simulation:has_computed_enough:352 - INFO - runtime_hours*0.99 = 0.495 vs delta_time = 0.13356085651450686 (length 10.0 ns) False False
2025-04-08 16:24:11,767 - [MainProcess:160236] mummi_ras.online.simulation:get_new_frames:399 - INFO - Getting all frame numbers in trajectory from 21 to 21.
2025-04-08 16:24:11,767 - [MainProcess:160236] mummi_ras.online.cg.cganalysis:run_main_analysis:193 - INFO - Process frame 21
2025-04-08 16:24:11,767 - [MainProcess:160236] mummi_ras.online.cg.cganalysis:processFrame:554 - INFO - Load 22 frames: current frame ID /tmp/mummi/cg/structure_iter00_000000000014-20250408_161548/traj_comp.xtc
2025-04-08 16:24:11,779 - [MainProcess:160236] mummi_ras.online.cg.cganalysis:processFrame:580 - INFO - Frame:    21, Time: 10500.000 ps, Bbox = [0, 180.42508, 0, 180.42508]
2025-04-08 16:24:11,779 - [MainProcess:160236] mummi_ras.online.cg.cganalysis:processFrame:584 - INFO - Lengths of layers: 658 32 494
2025-04-08 16:24:11,882 - [MainProcess:160236] mummi_ras.online.cg.cganalysis:processFrame:765 - INFO - Time for analysis - frameNum 21, time 0.11507558822631836 s
2025-04-08 16:24:13,883 - [MainProcess:160236] mummi_ras.online.simulation:has_computed_enough:352 - INFO - runtime_hours*0.99 = 0.495 vs delta_time = 0.13417516072591146 (length 10.5 ns) False False
2025-04-08 16:24:15,890 - [MainProcess:160236] mummi_ras.online.simulation:has_computed_enough:352 - INFO - runtime_hours*0.99 = 0.495 vs delta_time = 0.13473252753416698 (length 10.5 ns) False False
2025-04-08 16:24:17,896 - [MainProcess:160236] mummi_ras.online.simulation:has_computed_enough:352 - INFO - runtime_hours*0.99 = 0.495 vs delta_time = 0.13528990149497985 (length 10.5 ns) False False
2025-04-08 16:24:19,903 - [MainProcess:160236] mummi_ras.online.simulation:has_computed_enough:352 - INFO - runtime_hours*0.99 = 0.495 vs delta_time = 0.13584725558757782 (length 10.5 ns) False False
2025-04-08 16:24:21,909 - [MainProcess:160236] mummi_ras.online.simulation:has_computed_enough:352 - INFO - runtime_hours*0.99 = 0.495 vs delta_time = 0.13640464074081846 (length 10.5 ns) False False
2025-04-08 16:24:23,916 - [MainProcess:160236] mummi_ras.online.simulation:has_computed_enough:352 - INFO - runtime_hours*0.99 = 0.495 vs delta_time = 0.13696201609240638 (length 10.5 ns) False False
2025-04-08 16:24:25,922 - [MainProcess:160236] mummi_ras.online.simulation:has_computed_enough:352 - INFO - runtime_hours*0.99 = 0.495 vs delta_time = 0.13751940117941963 (length 10.5 ns) False False
2025-04-08 16:24:27,929 - [MainProcess:160236] mummi_ras.online.simulation:has_computed_enough:352 - INFO - runtime_hours*0.99 = 0.495 vs delta_time = 0.13807677699459925 (length 10.5 ns) False False
2025-04-08 16:24:29,936 - [MainProcess:160236] mummi_ras.online.simulation:has_computed_enough:352 - INFO - runtime_hours*0.99 = 0.495 vs delta_time = 0.1386341642671161 (length 10.5 ns) False False
2025-04-08 16:24:31,942 - [MainProcess:160236] mummi_ras.online.simulation:has_computed_enough:352 - INFO - runtime_hours*0.99 = 0.495 vs delta_time = 0.13919153571128845 (length 10.5 ns) False False
2025-04-08 16:24:33,949 - [MainProcess:160236] mummi_ras.online.simulation:has_computed_enough:352 - INFO - runtime_hours*0.99 = 0.495 vs delta_time = 0.1397489137781991 (length 10.5 ns) False False
2025-04-08 16:24:34,170 - [MainProcess:160236] mummi_ras.online.simulation:get_new_frames:399 - INFO - Getting all frame numbers in trajectory from 22 to 22.
2025-04-08 16:24:34,170 - [MainProcess:160236] mummi_ras.online.cg.cganalysis:run_main_analysis:193 - INFO - Process frame 22
2025-04-08 16:24:34,170 - [MainProcess:160236] mummi_ras.online.cg.cganalysis:processFrame:554 - INFO - Load 23 frames: current frame ID /tmp/mummi/cg/structure_iter00_000000000014-20250408_161548/traj_comp.xtc
2025-04-08 16:24:34,182 - [MainProcess:160236] mummi_ras.online.cg.cganalysis:processFrame:580 - INFO - Frame:    22, Time: 11000.000 ps, Bbox = [0, 180.6236, 0, 180.6236]
2025-04-08 16:24:34,182 - [MainProcess:160236] mummi_ras.online.cg.cganalysis:processFrame:584 - INFO - Lengths of layers: 660 28 496
2025-04-08 16:24:34,285 - [MainProcess:160236] mummi_ras.online.cg.cganalysis:processFrame:765 - INFO - Time for analysis - frameNum 22, time 0.11519074440002441 s
2025-04-08 16:24:36,286 - [MainProcess:160236] mummi_ras.online.simulation:has_computed_enough:352 - INFO - runtime_hours*0.99 = 0.495 vs delta_time = 0.1403982142607371 (length 11.0 ns) False False
2025-04-08 16:24:38,293 - [MainProcess:160236] mummi_ras.online.simulation:has_computed_enough:352 - INFO - runtime_hours*0.99 = 0.495 vs delta_time = 0.1409556402100457 (length 11.0 ns) False False
2025-04-08 16:24:40,299 - [MainProcess:160236] mummi_ras.online.simulation:has_computed_enough:352 - INFO - runtime_hours*0.99 = 0.495 vs delta_time = 0.14151299489869013 (length 11.0 ns) False False
2025-04-08 16:24:42,305 - [MainProcess:160236] mummi_ras.online.simulation:has_computed_enough:352 - INFO - runtime_hours*0.99 = 0.495 vs delta_time = 0.14207025792863634 (length 11.0 ns) False False
2025-04-08 16:24:44,312 - [MainProcess:160236] mummi_ras.online.simulation:has_computed_enough:352 - INFO - runtime_hours*0.99 = 0.495 vs delta_time = 0.14262754340966544 (length 11.0 ns) False False
2025-04-08 16:24:46,318 - [MainProcess:160236] mummi_ras.online.simulation:has_computed_enough:352 - INFO - runtime_hours*0.99 = 0.495 vs delta_time = 0.14318489399221207 (length 11.0 ns) False False
2025-04-08 16:24:48,325 - [MainProcess:160236] mummi_ras.online.simulation:has_computed_enough:352 - INFO - runtime_hours*0.99 = 0.495 vs delta_time = 0.14374226934380002 (length 11.0 ns) False False
2025-04-08 16:24:50,331 - [MainProcess:160236] mummi_ras.online.simulation:has_computed_enough:352 - INFO - runtime_hours*0.99 = 0.495 vs delta_time = 0.14429966058995988 (length 11.0 ns) False False
2025-04-08 16:24:52,338 - [MainProcess:160236] mummi_ras.online.simulation:has_computed_enough:352 - INFO - runtime_hours*0.99 = 0.495 vs delta_time = 0.14485705859131284 (length 11.0 ns) False False
2025-04-08 16:24:54,345 - [MainProcess:160236] mummi_ras.online.simulation:has_computed_enough:352 - INFO - runtime_hours*0.99 = 0.495 vs delta_time = 0.1454144529501597 (length 11.0 ns) False False
2025-04-08 16:24:56,351 - [MainProcess:160236] mummi_ras.online.simulation:has_computed_enough:352 - INFO - runtime_hours*0.99 = 0.495 vs delta_time = 0.1459717959827847 (length 11.0 ns) False False
2025-04-08 16:24:56,405 - [MainProcess:160236] mummi_ras.online.simulation:get_new_frames:399 - INFO - Getting all frame numbers in trajectory from 23 to 23.
2025-04-08 16:24:56,405 - [MainProcess:160236] mummi_ras.online.cg.cganalysis:run_main_analysis:193 - INFO - Process frame 23
2025-04-08 16:24:56,405 - [MainProcess:160236] mummi_ras.online.cg.cganalysis:processFrame:554 - INFO - Load 24 frames: current frame ID /tmp/mummi/cg/structure_iter00_000000000014-20250408_161548/traj_comp.xtc
2025-04-08 16:24:56,417 - [MainProcess:160236] mummi_ras.online.cg.cganalysis:processFrame:580 - INFO - Frame:    23, Time: 11500.000 ps, Bbox = [0, 180.78024, 0, 180.78024]
2025-04-08 16:24:56,417 - [MainProcess:160236] mummi_ras.online.cg.cganalysis:processFrame:584 - INFO - Lengths of layers: 659 30 495
2025-04-08 16:24:56,521 - [MainProcess:160236] mummi_ras.online.cg.cganalysis:processFrame:765 - INFO - Time for analysis - frameNum 23, time 0.11504673957824707 s
2025-04-08 16:24:58,521 - [MainProcess:160236] mummi_ras.online.simulation:has_computed_enough:352 - INFO - runtime_hours*0.99 = 0.495 vs delta_time = 0.14657460378275977 (length 11.5 ns) False False
2025-04-08 16:25:00,528 - [MainProcess:160236] mummi_ras.online.simulation:has_computed_enough:352 - INFO - runtime_hours*0.99 = 0.495 vs delta_time = 0.14713200781080457 (length 11.5 ns) False False
2025-04-08 16:25:02,534 - [MainProcess:160236] mummi_ras.online.simulation:has_computed_enough:352 - INFO - runtime_hours*0.99 = 0.495 vs delta_time = 0.14768937978479596 (length 11.5 ns) False False
2025-04-08 16:25:04,541 - [MainProcess:160236] mummi_ras.online.simulation:has_computed_enough:352 - INFO - runtime_hours*0.99 = 0.495 vs delta_time = 0.14824674593077766 (length 11.5 ns) False False
2025-04-08 16:25:06,547 - [MainProcess:160236] mummi_ras.online.simulation:has_computed_enough:352 - INFO - runtime_hours*0.99 = 0.495 vs delta_time = 0.14880412452750735 (length 11.5 ns) False False
2025-04-08 16:25:08,554 - [MainProcess:160236] mummi_ras.online.simulation:has_computed_enough:352 - INFO - runtime_hours*0.99 = 0.495 vs delta_time = 0.14936148987876044 (length 11.5 ns) False False
2025-04-08 16:25:10,560 - [MainProcess:160236] mummi_ras.online.simulation:has_computed_enough:352 - INFO - runtime_hours*0.99 = 0.495 vs delta_time = 0.14991885072655148 (length 11.5 ns) False False
2025-04-08 16:25:12,567 - [MainProcess:160236] mummi_ras.online.simulation:has_computed_enough:352 - INFO - runtime_hours*0.99 = 0.495 vs delta_time = 0.15047611792882284 (length 11.5 ns) False False
2025-04-08 16:25:14,573 - [MainProcess:160236] mummi_ras.online.simulation:has_computed_enough:352 - INFO - runtime_hours*0.99 = 0.495 vs delta_time = 0.15103342029783462 (length 11.5 ns) False False
2025-04-08 16:25:16,579 - [MainProcess:160236] mummi_ras.online.simulation:has_computed_enough:352 - INFO - runtime_hours*0.99 = 0.495 vs delta_time = 0.15159071995152368 (length 11.5 ns) False False
2025-04-08 16:25:18,586 - [MainProcess:160236] mummi_ras.online.simulation:has_computed_enough:352 - INFO - runtime_hours*0.99 = 0.495 vs delta_time = 0.1521480949057473 (length 11.5 ns) False False
2025-04-08 16:25:20,592 - [MainProcess:160236] mummi_ras.online.simulation:has_computed_enough:352 - INFO - runtime_hours*0.99 = 0.495 vs delta_time = 0.15270544290542604 (length 11.5 ns) False False
2025-04-08 16:25:20,688 - [MainProcess:160236] mummi_ras.online.simulation:get_new_frames:399 - INFO - Getting all frame numbers in trajectory from 24 to 24.
2025-04-08 16:25:20,688 - [MainProcess:160236] mummi_ras.online.cg.cganalysis:run_main_analysis:193 - INFO - Process frame 24
2025-04-08 16:25:20,688 - [MainProcess:160236] mummi_ras.online.cg.cganalysis:processFrame:554 - INFO - Load 25 frames: current frame ID /tmp/mummi/cg/structure_iter00_000000000014-20250408_161548/traj_comp.xtc
2025-04-08 16:25:20,700 - [MainProcess:160236] mummi_ras.online.cg.cganalysis:processFrame:580 - INFO - Frame:    24, Time: 12000.000 ps, Bbox = [0, 180.894, 0, 180.894]
2025-04-08 16:25:20,700 - [MainProcess:160236] mummi_ras.online.cg.cganalysis:processFrame:584 - INFO - Lengths of layers: 658 42 484
2025-04-08 16:25:20,804 - [MainProcess:160236] mummi_ras.online.cg.cganalysis:processFrame:765 - INFO - Time for analysis - frameNum 24, time 0.11561155319213867 s
2025-04-08 16:25:22,804 - [MainProcess:160236] mummi_ras.online.simulation:has_computed_enough:352 - INFO - runtime_hours*0.99 = 0.495 vs delta_time = 0.1533199487792121 (length 12.0 ns) False False
2025-04-08 16:25:24,811 - [MainProcess:160236] mummi_ras.online.simulation:has_computed_enough:352 - INFO - runtime_hours*0.99 = 0.495 vs delta_time = 0.1538773223426607 (length 12.0 ns) False False
2025-04-08 16:25:26,817 - [MainProcess:160236] mummi_ras.online.simulation:has_computed_enough:352 - INFO - runtime_hours*0.99 = 0.495 vs delta_time = 0.1544346410698361 (length 12.0 ns) False False
2025-04-08 16:25:28,824 - [MainProcess:160236] mummi_ras.online.simulation:has_computed_enough:352 - INFO - runtime_hours*0.99 = 0.495 vs delta_time = 0.1549919632408354 (length 12.0 ns) False False
2025-04-08 16:25:30,830 - [MainProcess:160236] mummi_ras.online.simulation:has_computed_enough:352 - INFO - runtime_hours*0.99 = 0.495 vs delta_time = 0.15554934720198313 (length 12.0 ns) False False
2025-04-08 16:25:32,837 - [MainProcess:160236] mummi_ras.online.simulation:has_computed_enough:352 - INFO - runtime_hours*0.99 = 0.495 vs delta_time = 0.15610669804943933 (length 12.0 ns) False False
2025-04-08 16:25:34,843 - [MainProcess:160236] mummi_ras.online.simulation:has_computed_enough:352 - INFO - runtime_hours*0.99 = 0.495 vs delta_time = 0.15666407035456764 (length 12.0 ns) False False
2025-04-08 16:25:36,850 - [MainProcess:160236] mummi_ras.online.simulation:has_computed_enough:352 - INFO - runtime_hours*0.99 = 0.495 vs delta_time = 0.15722145285871295 (length 12.0 ns) False False
2025-04-08 16:25:38,856 - [MainProcess:160236] mummi_ras.online.simulation:has_computed_enough:352 - INFO - runtime_hours*0.99 = 0.495 vs delta_time = 0.15777884324391683 (length 12.0 ns) False False
2025-04-08 16:25:40,863 - [MainProcess:160236] mummi_ras.online.simulation:has_computed_enough:352 - INFO - runtime_hours*0.99 = 0.495 vs delta_time = 0.1583362172047297 (length 12.0 ns) False False
2025-04-08 16:25:42,869 - [MainProcess:160236] mummi_ras.online.simulation:has_computed_enough:352 - INFO - runtime_hours*0.99 = 0.495 vs delta_time = 0.15889356666141086 (length 12.0 ns) False False
2025-04-08 16:25:43,049 - [MainProcess:160236] mummi_ras.online.simulation:get_new_frames:399 - INFO - Getting all frame numbers in trajectory from 25 to 25.
2025-04-08 16:25:43,049 - [MainProcess:160236] mummi_ras.online.cg.cganalysis:run_main_analysis:193 - INFO - Process frame 25
2025-04-08 16:25:43,049 - [MainProcess:160236] mummi_ras.online.cg.cganalysis:processFrame:554 - INFO - Load 26 frames: current frame ID /tmp/mummi/cg/structure_iter00_000000000014-20250408_161548/traj_comp.xtc
2025-04-08 16:25:43,061 - [MainProcess:160236] mummi_ras.online.cg.cganalysis:processFrame:580 - INFO - Frame:    25, Time: 12500.000 ps, Bbox = [0, 181.6434, 0, 181.6434]
2025-04-08 16:25:43,061 - [MainProcess:160236] mummi_ras.online.cg.cganalysis:processFrame:584 - INFO - Lengths of layers: 661 32 491
2025-04-08 16:25:43,166 - [MainProcess:160236] mummi_ras.online.cg.cganalysis:processFrame:765 - INFO - Time for analysis - frameNum 25, time 0.1165611743927002 s
2025-04-08 16:25:45,166 - [MainProcess:160236] mummi_ras.online.simulation:has_computed_enough:352 - INFO - runtime_hours*0.99 = 0.495 vs delta_time = 0.15953157087167105 (length 12.5 ns) False False
2025-04-08 16:25:47,173 - [MainProcess:160236] mummi_ras.online.simulation:has_computed_enough:352 - INFO - runtime_hours*0.99 = 0.495 vs delta_time = 0.16008897907204098 (length 12.5 ns) False False
2025-04-08 16:25:49,179 - [MainProcess:160236] mummi_ras.online.simulation:has_computed_enough:352 - INFO - runtime_hours*0.99 = 0.495 vs delta_time = 0.16064632501867082 (length 12.5 ns) False False
2025-04-08 16:25:51,186 - [MainProcess:160236] mummi_ras.online.simulation:has_computed_enough:352 - INFO - runtime_hours*0.99 = 0.495 vs delta_time = 0.16120370070139567 (length 12.5 ns) False False
2025-04-08 16:25:53,192 - [MainProcess:160236] mummi_ras.online.simulation:has_computed_enough:352 - INFO - runtime_hours*0.99 = 0.495 vs delta_time = 0.1617610627412796 (length 12.5 ns) False False
2025-04-08 16:25:55,199 - [MainProcess:160236] mummi_ras.online.simulation:has_computed_enough:352 - INFO - runtime_hours*0.99 = 0.495 vs delta_time = 0.1623184288210339 (length 12.5 ns) False False
2025-04-08 16:25:57,205 - [MainProcess:160236] mummi_ras.online.simulation:has_computed_enough:352 - INFO - runtime_hours*0.99 = 0.495 vs delta_time = 0.16287578350967832 (length 12.5 ns) False False
2025-04-08 16:25:59,212 - [MainProcess:160236] mummi_ras.online.simulation:has_computed_enough:352 - INFO - runtime_hours*0.99 = 0.495 vs delta_time = 0.16343316753705342 (length 12.5 ns) False False
2025-04-08 16:26:01,219 - [MainProcess:160236] mummi_ras.online.simulation:has_computed_enough:352 - INFO - runtime_hours*0.99 = 0.495 vs delta_time = 0.16399054050445558 (length 12.5 ns) False False
2025-04-08 16:26:03,225 - [MainProcess:160236] mummi_ras.online.simulation:has_computed_enough:352 - INFO - runtime_hours*0.99 = 0.495 vs delta_time = 0.1645478492975235 (length 12.5 ns) False False
2025-04-08 16:26:05,231 - [MainProcess:160236] mummi_ras.online.simulation:has_computed_enough:352 - INFO - runtime_hours*0.99 = 0.495 vs delta_time = 0.16510516464710234 (length 12.5 ns) False False
2025-04-08 16:26:05,285 - [MainProcess:160236] mummi_ras.online.simulation:get_new_frames:399 - INFO - Getting all frame numbers in trajectory from 26 to 26.
2025-04-08 16:26:05,285 - [MainProcess:160236] mummi_ras.online.cg.cganalysis:run_main_analysis:193 - INFO - Process frame 26
2025-04-08 16:26:05,286 - [MainProcess:160236] mummi_ras.online.cg.cganalysis:processFrame:554 - INFO - Load 27 frames: current frame ID /tmp/mummi/cg/structure_iter00_000000000014-20250408_161548/traj_comp.xtc
2025-04-08 16:26:05,297 - [MainProcess:160236] mummi_ras.online.cg.cganalysis:processFrame:580 - INFO - Frame:    26, Time: 13000.000 ps, Bbox = [0, 180.83167, 0, 180.83167]
2025-04-08 16:26:05,297 - [MainProcess:160236] mummi_ras.online.cg.cganalysis:processFrame:584 - INFO - Lengths of layers: 662 35 487
2025-04-08 16:26:05,401 - [MainProcess:160236] mummi_ras.online.cg.cganalysis:processFrame:765 - INFO - Time for analysis - frameNum 26, time 0.11549210548400879 s
2025-04-08 16:26:07,402 - [MainProcess:160236] mummi_ras.online.simulation:has_computed_enough:352 - INFO - runtime_hours*0.99 = 0.495 vs delta_time = 0.16570810748471154 (length 13.0 ns) False False
2025-04-08 16:26:09,408 - [MainProcess:160236] mummi_ras.online.simulation:has_computed_enough:352 - INFO - runtime_hours*0.99 = 0.495 vs delta_time = 0.16626544581519234 (length 13.0 ns) False False
2025-04-08 16:26:11,414 - [MainProcess:160236] mummi_ras.online.simulation:has_computed_enough:352 - INFO - runtime_hours*0.99 = 0.495 vs delta_time = 0.16682273474004533 (length 13.0 ns) False False
2025-04-08 16:26:13,421 - [MainProcess:160236] mummi_ras.online.simulation:has_computed_enough:352 - INFO - runtime_hours*0.99 = 0.495 vs delta_time = 0.1673800520102183 (length 13.0 ns) False False
2025-04-08 16:26:15,427 - [MainProcess:160236] mummi_ras.online.simulation:has_computed_enough:352 - INFO - runtime_hours*0.99 = 0.495 vs delta_time = 0.16793739689721002 (length 13.0 ns) False False
2025-04-08 16:26:17,434 - [MainProcess:160236] mummi_ras.online.simulation:has_computed_enough:352 - INFO - runtime_hours*0.99 = 0.495 vs delta_time = 0.16849474767843883 (length 13.0 ns) False False
2025-04-08 16:26:19,440 - [MainProcess:160236] mummi_ras.online.simulation:has_computed_enough:352 - INFO - runtime_hours*0.99 = 0.495 vs delta_time = 0.16905205428600312 (length 13.0 ns) False False
2025-04-08 16:26:21,446 - [MainProcess:160236] mummi_ras.online.simulation:has_computed_enough:352 - INFO - runtime_hours*0.99 = 0.495 vs delta_time = 0.16960933764775593 (length 13.0 ns) False False
2025-04-08 16:26:23,453 - [MainProcess:160236] mummi_ras.online.simulation:has_computed_enough:352 - INFO - runtime_hours*0.99 = 0.495 vs delta_time = 0.17016665359338123 (length 13.0 ns) False False
2025-04-08 16:26:25,459 - [MainProcess:160236] mummi_ras.online.simulation:has_computed_enough:352 - INFO - runtime_hours*0.99 = 0.495 vs delta_time = 0.17072403397825028 (length 13.0 ns) False False
2025-04-08 16:26:27,466 - [MainProcess:160236] mummi_ras.online.simulation:has_computed_enough:352 - INFO - runtime_hours*0.99 = 0.495 vs delta_time = 0.17128140542242262 (length 13.0 ns) False False
2025-04-08 16:26:27,563 - [MainProcess:160236] mummi_ras.online.simulation:get_new_frames:399 - INFO - Getting all frame numbers in trajectory from 27 to 27.
2025-04-08 16:26:27,563 - [MainProcess:160236] mummi_ras.online.cg.cganalysis:run_main_analysis:193 - INFO - Process frame 27
2025-04-08 16:26:27,563 - [MainProcess:160236] mummi_ras.online.cg.cganalysis:processFrame:554 - INFO - Load 28 frames: current frame ID /tmp/mummi/cg/structure_iter00_000000000014-20250408_161548/traj_comp.xtc
2025-04-08 16:26:27,575 - [MainProcess:160236] mummi_ras.online.cg.cganalysis:processFrame:580 - INFO - Frame:    27, Time: 13500.000 ps, Bbox = [0, 180.51337, 0, 180.51337]
2025-04-08 16:26:27,575 - [MainProcess:160236] mummi_ras.online.cg.cganalysis:processFrame:584 - INFO - Lengths of layers: 661 38 485
2025-04-08 16:26:27,679 - [MainProcess:160236] mummi_ras.online.cg.cganalysis:processFrame:765 - INFO - Time for analysis - frameNum 27, time 0.1154472827911377 s
2025-04-08 16:26:29,679 - [MainProcess:160236] mummi_ras.online.simulation:has_computed_enough:352 - INFO - runtime_hours*0.99 = 0.495 vs delta_time = 0.17189635773499806 (length 13.5 ns) False False
2025-04-08 16:26:31,686 - [MainProcess:160236] mummi_ras.online.simulation:has_computed_enough:352 - INFO - runtime_hours*0.99 = 0.495 vs delta_time = 0.1724537612994512 (length 13.5 ns) False False
2025-04-08 16:26:33,693 - [MainProcess:160236] mummi_ras.online.simulation:has_computed_enough:352 - INFO - runtime_hours*0.99 = 0.495 vs delta_time = 0.17301114122072855 (length 13.5 ns) False False
2025-04-08 16:26:35,699 - [MainProcess:160236] mummi_ras.online.simulation:has_computed_enough:352 - INFO - runtime_hours*0.99 = 0.495 vs delta_time = 0.17356850657198164 (length 13.5 ns) False False
2025-04-08 16:26:37,706 - [MainProcess:160236] mummi_ras.online.simulation:has_computed_enough:352 - INFO - runtime_hours*0.99 = 0.495 vs delta_time = 0.1741258763604694 (length 13.5 ns) False False
2025-04-08 16:26:39,712 - [MainProcess:160236] mummi_ras.online.simulation:has_computed_enough:352 - INFO - runtime_hours*0.99 = 0.495 vs delta_time = 0.17468322707547082 (length 13.5 ns) False False
2025-04-08 16:26:41,718 - [MainProcess:160236] mummi_ras.online.simulation:has_computed_enough:352 - INFO - runtime_hours*0.99 = 0.495 vs delta_time = 0.1752404706345664 (length 13.5 ns) False False
2025-04-08 16:26:43,724 - [MainProcess:160236] mummi_ras.online.simulation:has_computed_enough:352 - INFO - runtime_hours*0.99 = 0.495 vs delta_time = 0.17579776326815288 (length 13.5 ns) False False
2025-04-08 16:26:45,731 - [MainProcess:160236] mummi_ras.online.simulation:has_computed_enough:352 - INFO - runtime_hours*0.99 = 0.495 vs delta_time = 0.17635507848527696 (length 13.5 ns) False False
2025-04-08 16:26:47,737 - [MainProcess:160236] mummi_ras.online.simulation:has_computed_enough:352 - INFO - runtime_hours*0.99 = 0.495 vs delta_time = 0.17691242376963298 (length 13.5 ns) False False
2025-04-08 16:26:49,744 - [MainProcess:160236] mummi_ras.online.simulation:has_computed_enough:352 - INFO - runtime_hours*0.99 = 0.495 vs delta_time = 0.1774697760740916 (length 13.5 ns) False False
2025-04-08 16:26:51,750 - [MainProcess:160236] mummi_ras.online.simulation:has_computed_enough:352 - INFO - runtime_hours*0.99 = 0.495 vs delta_time = 0.1780271389749315 (length 13.5 ns) False False
2025-04-08 16:26:51,915 - [MainProcess:160236] mummi_ras.online.simulation:get_new_frames:399 - INFO - Getting all frame numbers in trajectory from 28 to 28.
2025-04-08 16:26:51,915 - [MainProcess:160236] mummi_ras.online.cg.cganalysis:run_main_analysis:193 - INFO - Process frame 28
2025-04-08 16:26:51,916 - [MainProcess:160236] mummi_ras.online.cg.cganalysis:processFrame:554 - INFO - Load 29 frames: current frame ID /tmp/mummi/cg/structure_iter00_000000000014-20250408_161548/traj_comp.xtc
2025-04-08 16:26:51,927 - [MainProcess:160236] mummi_ras.online.cg.cganalysis:processFrame:580 - INFO - Frame:    28, Time: 14000.000 ps, Bbox = [0, 180.35677, 0, 180.35677]
2025-04-08 16:26:51,927 - [MainProcess:160236] mummi_ras.online.cg.cganalysis:processFrame:584 - INFO - Lengths of layers: 661 35 488
2025-04-08 16:26:52,031 - [MainProcess:160236] mummi_ras.online.cg.cganalysis:processFrame:765 - INFO - Time for analysis - frameNum 28, time 0.11548233032226562 s
2025-04-08 16:26:54,032 - [MainProcess:160236] mummi_ras.online.simulation:has_computed_enough:352 - INFO - runtime_hours*0.99 = 0.495 vs delta_time = 0.17866086065769196 (length 14.0 ns) False False
2025-04-08 16:26:56,038 - [MainProcess:160236] mummi_ras.online.simulation:has_computed_enough:352 - INFO - runtime_hours*0.99 = 0.495 vs delta_time = 0.1792182411087884 (length 14.0 ns) False False
2025-04-08 16:26:58,044 - [MainProcess:160236] mummi_ras.online.simulation:has_computed_enough:352 - INFO - runtime_hours*0.99 = 0.495 vs delta_time = 0.17977553175555336 (length 14.0 ns) False False
2025-04-08 16:27:00,051 - [MainProcess:160236] mummi_ras.online.simulation:has_computed_enough:352 - INFO - runtime_hours*0.99 = 0.495 vs delta_time = 0.1803328369061152 (length 14.0 ns) False False
2025-04-08 16:27:02,057 - [MainProcess:160236] mummi_ras.online.simulation:has_computed_enough:352 - INFO - runtime_hours*0.99 = 0.495 vs delta_time = 0.18089021649625567 (length 14.0 ns) False False
2025-04-08 16:27:04,064 - [MainProcess:160236] mummi_ras.online.simulation:has_computed_enough:352 - INFO - runtime_hours*0.99 = 0.495 vs delta_time = 0.18144756906562381 (length 14.0 ns) False False
2025-04-08 16:27:06,070 - [MainProcess:160236] mummi_ras.online.simulation:has_computed_enough:352 - INFO - runtime_hours*0.99 = 0.495 vs delta_time = 0.18200495037767622 (length 14.0 ns) False False
2025-04-08 16:27:08,077 - [MainProcess:160236] mummi_ras.online.simulation:has_computed_enough:352 - INFO - runtime_hours*0.99 = 0.495 vs delta_time = 0.18256230526500278 (length 14.0 ns) False False
2025-04-08 16:27:10,083 - [MainProcess:160236] mummi_ras.online.simulation:has_computed_enough:352 - INFO - runtime_hours*0.99 = 0.495 vs delta_time = 0.1831196786959966 (length 14.0 ns) False False
2025-04-08 16:27:12,090 - [MainProcess:160236] mummi_ras.online.simulation:has_computed_enough:352 - INFO - runtime_hours*0.99 = 0.495 vs delta_time = 0.18367705835236445 (length 14.0 ns) False False
2025-04-08 16:27:14,097 - [MainProcess:160236] mummi_ras.online.simulation:has_computed_enough:352 - INFO - runtime_hours*0.99 = 0.495 vs delta_time = 0.18423444522751703 (length 14.0 ns) False False
2025-04-08 16:27:14,151 - [MainProcess:160236] mummi_ras.online.simulation:get_new_frames:399 - INFO - Getting all frame numbers in trajectory from 29 to 29.
2025-04-08 16:27:14,151 - [MainProcess:160236] mummi_ras.online.cg.cganalysis:run_main_analysis:193 - INFO - Process frame 29
2025-04-08 16:27:14,151 - [MainProcess:160236] mummi_ras.online.cg.cganalysis:processFrame:554 - INFO - Load 30 frames: current frame ID /tmp/mummi/cg/structure_iter00_000000000014-20250408_161548/traj_comp.xtc
2025-04-08 16:27:14,163 - [MainProcess:160236] mummi_ras.online.cg.cganalysis:processFrame:580 - INFO - Frame:    29, Time: 14500.000 ps, Bbox = [0, 180.75305, 0, 180.75305]
2025-04-08 16:27:14,163 - [MainProcess:160236] mummi_ras.online.cg.cganalysis:processFrame:584 - INFO - Lengths of layers: 659 40 485
2025-04-08 16:27:14,273 - [MainProcess:160236] mummi_ras.online.cg.cganalysis:processFrame:765 - INFO - Time for analysis - frameNum 29, time 0.12141561508178711 s
2025-04-08 16:27:16,274 - [MainProcess:160236] mummi_ras.online.simulation:has_computed_enough:352 - INFO - runtime_hours*0.99 = 0.495 vs delta_time = 0.18483915342224969 (length 14.5 ns) False False
2025-04-08 16:27:16,280 - [MainProcess:160236] mummi_ras.online.cg.cganalysis:processOutput:92 - INFO - Add feedback for frameNum 20 - state []
2025-04-08 16:27:16,280 - [MainProcess:160236] mummi_ras.online.cg.cganalysis:processOutput:92 - INFO - Add feedback for frameNum 21 - state []
2025-04-08 16:27:16,280 - [MainProcess:160236] mummi_ras.online.cg.cganalysis:processOutput:92 - INFO - Add feedback for frameNum 22 - state []
2025-04-08 16:27:16,281 - [MainProcess:160236] mummi_ras.online.cg.cganalysis:processOutput:92 - INFO - Add feedback for frameNum 23 - state []
2025-04-08 16:27:16,281 - [MainProcess:160236] mummi_ras.online.cg.cganalysis:processOutput:92 - INFO - Add feedback for frameNum 24 - state []
2025-04-08 16:27:16,281 - [MainProcess:160236] mummi_ras.online.cg.cganalysis:processOutput:92 - INFO - Add feedback for frameNum 25 - state []
2025-04-08 16:27:16,281 - [MainProcess:160236] mummi_ras.online.cg.cganalysis:processOutput:92 - INFO - Add feedback for frameNum 26 - state []
2025-04-08 16:27:16,281 - [MainProcess:160236] mummi_ras.online.cg.cganalysis:processOutput:92 - INFO - Add feedback for frameNum 27 - state []
2025-04-08 16:27:16,281 - [MainProcess:160236] mummi_ras.online.cg.cganalysis:processOutput:92 - INFO - Add feedback for frameNum 28 - state []
2025-04-08 16:27:16,281 - [MainProcess:160236] mummi_ras.online.cg.cganalysis:processOutput:92 - INFO - Add feedback for frameNum 29 - state []
2025-04-08 16:27:16,296 - [MainProcess:160236] mummi_core.interfaces.simple:_save_files:91 - INFO - Wrote 10 files to (/p/gpfs1/pottier1/minimummi-sc25/roots/root1/feedback-cg2ml/014)
2025-04-08 16:27:16,297 - [MainProcess:160236] mummi_ras.feedback.feedback_manager_cg2ml:report:118 - INFO - Added 10 frames (from structure_iter00_000000000014) to feedback (/p/gpfs1/pottier1/minimummi-sc25/roots/root1/feedback-cg2ml)
2025-04-08 16:27:16,297 - [MainProcess:160236] mummi_ras.online.cg.cganalysis:processOutput:112 - INFO - processOutput: 29
2025-04-08 16:27:16,297 - [MainProcess:160236] mummi_ras.online.cg.cganalysis:copyRemoteRestart:452 - INFO - Copy to remote frames [20, 21, 22, 23, 24, 25, 26, 27, 28, 29]
2025-04-08 16:27:16,524 - [MainProcess:160236] mummi_core.utils.utilities:sys_call:184 - INFO - Run command: rsync -va --no-g traj_comp.xtc topol.tpr state.cpt ener.edr md.log mdrun.log /p/gpfs1/pottier1/minimummi-sc25/roots/root1/sims-cg/structure_iter00_000000000014 || true
2025-04-08 16:27:16,838 - [MainProcess:160236] mummi_ras.interfaces.mummi:save_analysis_data:253 - INFO - Saved all analysis data for frames [20, 21, 22, 23, 24, 25, 26, 27, 28, 29]
2025-04-08 16:27:16,838 - [MainProcess:160236] mummi_ras.online.cg.cganalysis:copyRemoteLogs:350 - INFO - Copy over log files
2025-04-08 16:27:16,868 - [MainProcess:160236] mummi_core.utils.utilities:sys_call:184 - INFO - Run command: cp -r  /tmp/mummi/cg/structure_iter00_000000000014-20250408_161548/cg_analysis.out /tmp/mummi/cg/structure_iter00_000000000014-20250408_161548/traj_comp.xtc /tmp/mummi/cg/structure_iter00_000000000014-20250408_161548/*.log /p/gpfs1/pottier1/minimummi-sc25/roots/root1/sims-cg/structure_iter00_000000000014/ || true
2025-04-08 16:27:16,868 - [MainProcess:160236] mummi_ras.online.cg.cganalysis:copyRemoteLogs:365 - INFO - copyRemoteLogs =  /tmp/mummi/cg/structure_iter00_000000000014-20250408_161548/cg_analysis.out /tmp/mummi/cg/structure_iter00_000000000014-20250408_161548/traj_comp.xtc /tmp/mummi/cg/structure_iter00_000000000014-20250408_161548/*.log
2025-04-08 16:27:16,869 - [MainProcess:160236] mummi_ras.online.cg.cganalysis:cleanupLocal:375 - WARNING - Copy cleanup local only works for ddcMD files
2025-04-08 16:27:18,869 - [MainProcess:160236] mummi_ras.online.simulation:has_computed_enough:352 - INFO - runtime_hours*0.99 = 0.495 vs delta_time = 0.18556009464793735 (length 14.5 ns) False False
2025-04-08 16:27:20,876 - [MainProcess:160236] mummi_ras.online.simulation:has_computed_enough:352 - INFO - runtime_hours*0.99 = 0.495 vs delta_time = 0.18611750410662756 (length 14.5 ns) False False
2025-04-08 16:27:22,882 - [MainProcess:160236] mummi_ras.online.simulation:has_computed_enough:352 - INFO - runtime_hours*0.99 = 0.495 vs delta_time = 0.18667489058441586 (length 14.5 ns) False False
2025-04-08 16:27:24,889 - [MainProcess:160236] mummi_ras.online.simulation:has_computed_enough:352 - INFO - runtime_hours*0.99 = 0.495 vs delta_time = 0.1872322781218423 (length 14.5 ns) False False
2025-04-08 16:27:26,895 - [MainProcess:160236] mummi_ras.online.simulation:has_computed_enough:352 - INFO - runtime_hours*0.99 = 0.495 vs delta_time = 0.18778966201676262 (length 14.5 ns) False False
2025-04-08 16:27:28,902 - [MainProcess:160236] mummi_ras.online.simulation:has_computed_enough:352 - INFO - runtime_hours*0.99 = 0.495 vs delta_time = 0.18834702279832627 (length 14.5 ns) False False
2025-04-08 16:27:30,908 - [MainProcess:160236] mummi_ras.online.simulation:has_computed_enough:352 - INFO - runtime_hours*0.99 = 0.495 vs delta_time = 0.18890428596072728 (length 14.5 ns) False False
2025-04-08 16:27:32,914 - [MainProcess:160236] mummi_ras.online.simulation:has_computed_enough:352 - INFO - runtime_hours*0.99 = 0.495 vs delta_time = 0.18946159793270959 (length 14.5 ns) False False
2025-04-08 16:27:34,921 - [MainProcess:160236] mummi_ras.online.simulation:has_computed_enough:352 - INFO - runtime_hours*0.99 = 0.495 vs delta_time = 0.19001891911029817 (length 14.5 ns) False False
2025-04-08 16:27:36,927 - [MainProcess:160236] mummi_ras.online.simulation:has_computed_enough:352 - INFO - runtime_hours*0.99 = 0.495 vs delta_time = 0.19057623750633665 (length 14.5 ns) False False
2025-04-08 16:27:37,031 - [MainProcess:160236] mummi_ras.online.simulation:get_new_frames:399 - INFO - Getting all frame numbers in trajectory from 30 to 30.
2025-04-08 16:27:37,031 - [MainProcess:160236] mummi_ras.online.cg.cganalysis:run_main_analysis:193 - INFO - Process frame 30
2025-04-08 16:27:37,031 - [MainProcess:160236] mummi_ras.online.cg.cganalysis:processFrame:554 - INFO - Load 31 frames: current frame ID /tmp/mummi/cg/structure_iter00_000000000014-20250408_161548/traj_comp.xtc
2025-04-08 16:27:37,042 - [MainProcess:160236] mummi_ras.online.cg.cganalysis:processFrame:580 - INFO - Frame:    30, Time: 15000.000 ps, Bbox = [0, 180.7566, 0, 180.7566]
2025-04-08 16:27:37,043 - [MainProcess:160236] mummi_ras.online.cg.cganalysis:processFrame:584 - INFO - Lengths of layers: 664 34 486
2025-04-08 16:27:37,147 - [MainProcess:160236] mummi_ras.online.cg.cganalysis:processFrame:765 - INFO - Time for analysis - frameNum 30, time 0.1162724494934082 s
2025-04-08 16:27:39,148 - [MainProcess:160236] mummi_ras.online.simulation:has_computed_enough:352 - INFO - runtime_hours*0.99 = 0.495 vs delta_time = 0.1911931864420573 (length 15.0 ns) False False
2025-04-08 16:27:41,155 - [MainProcess:160236] mummi_ras.online.simulation:has_computed_enough:352 - INFO - runtime_hours*0.99 = 0.495 vs delta_time = 0.19175062219301858 (length 15.0 ns) False False
2025-04-08 16:27:43,161 - [MainProcess:160236] mummi_ras.online.simulation:has_computed_enough:352 - INFO - runtime_hours*0.99 = 0.495 vs delta_time = 0.19230799191527898 (length 15.0 ns) False False
2025-04-08 16:27:45,168 - [MainProcess:160236] mummi_ras.online.simulation:has_computed_enough:352 - INFO - runtime_hours*0.99 = 0.495 vs delta_time = 0.19286537879043156 (length 15.0 ns) False False
2025-04-08 16:27:47,174 - [MainProcess:160236] mummi_ras.online.simulation:has_computed_enough:352 - INFO - runtime_hours*0.99 = 0.495 vs delta_time = 0.1934227595726649 (length 15.0 ns) False False
2025-04-08 16:27:49,181 - [MainProcess:160236] mummi_ras.online.simulation:has_computed_enough:352 - INFO - runtime_hours*0.99 = 0.495 vs delta_time = 0.19398014843463898 (length 15.0 ns) False False
2025-04-08 16:27:51,188 - [MainProcess:160236] mummi_ras.online.simulation:has_computed_enough:352 - INFO - runtime_hours*0.99 = 0.495 vs delta_time = 0.19453752868705326 (length 15.0 ns) False False
2025-04-08 16:27:53,194 - [MainProcess:160236] mummi_ras.online.simulation:has_computed_enough:352 - INFO - runtime_hours*0.99 = 0.495 vs delta_time = 0.1950948907269372 (length 15.0 ns) False False
2025-04-08 16:27:55,201 - [MainProcess:160236] mummi_ras.online.simulation:has_computed_enough:352 - INFO - runtime_hours*0.99 = 0.495 vs delta_time = 0.1956522680653466 (length 15.0 ns) False False
2025-04-08 16:27:57,207 - [MainProcess:160236] mummi_ras.online.simulation:has_computed_enough:352 - INFO - runtime_hours*0.99 = 0.495 vs delta_time = 0.19620964407920838 (length 15.0 ns) False False
2025-04-08 16:27:59,214 - [MainProcess:160236] mummi_ras.online.simulation:has_computed_enough:352 - INFO - runtime_hours*0.99 = 0.495 vs delta_time = 0.1967670182387034 (length 15.0 ns) False False
2025-04-08 16:27:59,403 - [MainProcess:160236] mummi_ras.online.simulation:get_new_frames:399 - INFO - Getting all frame numbers in trajectory from 31 to 31.
2025-04-08 16:27:59,403 - [MainProcess:160236] mummi_ras.online.cg.cganalysis:run_main_analysis:193 - INFO - Process frame 31
2025-04-08 16:27:59,403 - [MainProcess:160236] mummi_ras.online.cg.cganalysis:processFrame:554 - INFO - Load 32 frames: current frame ID /tmp/mummi/cg/structure_iter00_000000000014-20250408_161548/traj_comp.xtc
2025-04-08 16:27:59,414 - [MainProcess:160236] mummi_ras.online.cg.cganalysis:processFrame:580 - INFO - Frame:    31, Time: 15500.000 ps, Bbox = [0, 180.3318, 0, 180.3318]
2025-04-08 16:27:59,415 - [MainProcess:160236] mummi_ras.online.cg.cganalysis:processFrame:584 - INFO - Lengths of layers: 659 36 489
2025-04-08 16:27:59,518 - [MainProcess:160236] mummi_ras.online.cg.cganalysis:processFrame:765 - INFO - Time for analysis - frameNum 31, time 0.11556649208068848 s
2025-04-08 16:28:01,519 - [MainProcess:160236] mummi_ras.online.simulation:has_computed_enough:352 - INFO - runtime_hours*0.99 = 0.495 vs delta_time = 0.19740736484527588 (length 15.5 ns) False False
2025-04-08 16:28:03,526 - [MainProcess:160236] mummi_ras.online.simulation:has_computed_enough:352 - INFO - runtime_hours*0.99 = 0.495 vs delta_time = 0.19796474940247005 (length 15.5 ns) False False
2025-04-08 16:28:05,532 - [MainProcess:160236] mummi_ras.online.simulation:has_computed_enough:352 - INFO - runtime_hours*0.99 = 0.495 vs delta_time = 0.19852207481861114 (length 15.5 ns) False False
2025-04-08 16:28:07,538 - [MainProcess:160236] mummi_ras.online.simulation:has_computed_enough:352 - INFO - runtime_hours*0.99 = 0.495 vs delta_time = 0.19907941811614566 (length 15.5 ns) False False
2025-04-08 16:28:09,545 - [MainProcess:160236] mummi_ras.online.simulation:has_computed_enough:352 - INFO - runtime_hours*0.99 = 0.495 vs delta_time = 0.1996367992295159 (length 15.5 ns) False False
2025-04-08 16:28:11,552 - [MainProcess:160236] mummi_ras.online.simulation:has_computed_enough:352 - INFO - runtime_hours*0.99 = 0.495 vs delta_time = 0.2001941631237666 (length 15.5 ns) False False
2025-04-08 16:28:13,558 - [MainProcess:160236] mummi_ras.online.simulation:has_computed_enough:352 - INFO - runtime_hours*0.99 = 0.495 vs delta_time = 0.2007515380779902 (length 15.5 ns) False False
2025-04-08 16:28:15,565 - [MainProcess:160236] mummi_ras.online.simulation:has_computed_enough:352 - INFO - runtime_hours*0.99 = 0.495 vs delta_time = 0.20130890283319686 (length 15.5 ns) False False
2025-04-08 16:28:17,571 - [MainProcess:160236] mummi_ras.online.simulation:has_computed_enough:352 - INFO - runtime_hours*0.99 = 0.495 vs delta_time = 0.20186626474062602 (length 15.5 ns) False False
2025-04-08 16:28:19,578 - [MainProcess:160236] mummi_ras.online.simulation:has_computed_enough:352 - INFO - runtime_hours*0.99 = 0.495 vs delta_time = 0.20242361750867632 (length 15.5 ns) False False
2025-04-08 16:28:21,584 - [MainProcess:160236] mummi_ras.online.simulation:has_computed_enough:352 - INFO - runtime_hours*0.99 = 0.495 vs delta_time = 0.20298098391956754 (length 15.5 ns) False False
2025-04-08 16:28:21,638 - [MainProcess:160236] mummi_ras.online.simulation:get_new_frames:399 - INFO - Getting all frame numbers in trajectory from 32 to 32.
2025-04-08 16:28:21,638 - [MainProcess:160236] mummi_ras.online.cg.cganalysis:run_main_analysis:193 - INFO - Process frame 32
2025-04-08 16:28:21,639 - [MainProcess:160236] mummi_ras.online.cg.cganalysis:processFrame:554 - INFO - Load 33 frames: current frame ID /tmp/mummi/cg/structure_iter00_000000000014-20250408_161548/traj_comp.xtc
2025-04-08 16:28:21,650 - [MainProcess:160236] mummi_ras.online.cg.cganalysis:processFrame:580 - INFO - Frame:    32, Time: 16000.000 ps, Bbox = [0, 180.43948, 0, 180.43948]
2025-04-08 16:28:21,650 - [MainProcess:160236] mummi_ras.online.cg.cganalysis:processFrame:584 - INFO - Lengths of layers: 662 41 481
2025-04-08 16:28:21,754 - [MainProcess:160236] mummi_ras.online.cg.cganalysis:processFrame:765 - INFO - Time for analysis - frameNum 32, time 0.1156778335571289 s
2025-04-08 16:28:23,755 - [MainProcess:160236] mummi_ras.online.simulation:has_computed_enough:352 - INFO - runtime_hours*0.99 = 0.495 vs delta_time = 0.20358398662673102 (length 16.0 ns) False False
2025-04-08 16:28:25,762 - [MainProcess:160236] mummi_ras.online.simulation:has_computed_enough:352 - INFO - runtime_hours*0.99 = 0.495 vs delta_time = 0.20414139681392246 (length 16.0 ns) False False
2025-04-08 16:28:27,768 - [MainProcess:160236] mummi_ras.online.simulation:has_computed_enough:352 - INFO - runtime_hours*0.99 = 0.495 vs delta_time = 0.20469876454936134 (length 16.0 ns) False False
2025-04-08 16:28:29,775 - [MainProcess:160236] mummi_ras.online.simulation:has_computed_enough:352 - INFO - runtime_hours*0.99 = 0.495 vs delta_time = 0.20525615168942346 (length 16.0 ns) False False
2025-04-08 16:28:31,781 - [MainProcess:160236] mummi_ras.online.simulation:has_computed_enough:352 - INFO - runtime_hours*0.99 = 0.495 vs delta_time = 0.2058135285642412 (length 16.0 ns) False False
2025-04-08 16:28:33,788 - [MainProcess:160236] mummi_ras.online.simulation:has_computed_enough:352 - INFO - runtime_hours*0.99 = 0.495 vs delta_time = 0.20637090060445998 (length 16.0 ns) False False
2025-04-08 16:28:35,794 - [MainProcess:160236] mummi_ras.online.simulation:has_computed_enough:352 - INFO - runtime_hours*0.99 = 0.495 vs delta_time = 0.2069282736380895 (length 16.0 ns) False False
2025-04-08 16:28:37,801 - [MainProcess:160236] mummi_ras.online.simulation:has_computed_enough:352 - INFO - runtime_hours*0.99 = 0.495 vs delta_time = 0.20748564441998799 (length 16.0 ns) False False
2025-04-08 16:28:39,807 - [MainProcess:160236] mummi_ras.online.simulation:has_computed_enough:352 - INFO - runtime_hours*0.99 = 0.495 vs delta_time = 0.20804301453961266 (length 16.0 ns) False False
2025-04-08 16:28:41,814 - [MainProcess:160236] mummi_ras.online.simulation:has_computed_enough:352 - INFO - runtime_hours*0.99 = 0.495 vs delta_time = 0.20860040002399022 (length 16.0 ns) False False
2025-04-08 16:28:43,821 - [MainProcess:160236] mummi_ras.online.simulation:has_computed_enough:352 - INFO - runtime_hours*0.99 = 0.495 vs delta_time = 0.20915777736239963 (length 16.0 ns) False False
2025-04-08 16:28:45,827 - [MainProcess:160236] mummi_ras.online.simulation:has_computed_enough:352 - INFO - runtime_hours*0.99 = 0.495 vs delta_time = 0.20971514311101702 (length 16.0 ns) False False
2025-04-08 16:28:46,062 - [MainProcess:160236] mummi_ras.online.simulation:get_new_frames:399 - INFO - Getting all frame numbers in trajectory from 33 to 33.
2025-04-08 16:28:46,062 - [MainProcess:160236] mummi_ras.online.cg.cganalysis:run_main_analysis:193 - INFO - Process frame 33
2025-04-08 16:28:46,063 - [MainProcess:160236] mummi_ras.online.cg.cganalysis:processFrame:554 - INFO - Load 34 frames: current frame ID /tmp/mummi/cg/structure_iter00_000000000014-20250408_161548/traj_comp.xtc
2025-04-08 16:28:46,074 - [MainProcess:160236] mummi_ras.online.cg.cganalysis:processFrame:580 - INFO - Frame:    33, Time: 16500.000 ps, Bbox = [0, 181.02469, 0, 181.02469]
2025-04-08 16:28:46,074 - [MainProcess:160236] mummi_ras.online.cg.cganalysis:processFrame:584 - INFO - Lengths of layers: 659 45 480
2025-04-08 16:28:46,180 - [MainProcess:160236] mummi_ras.online.cg.cganalysis:processFrame:765 - INFO - Time for analysis - frameNum 33, time 0.11732292175292969 s
2025-04-08 16:28:48,181 - [MainProcess:160236] mummi_ras.online.simulation:has_computed_enough:352 - INFO - runtime_hours*0.99 = 0.495 vs delta_time = 0.210368901292483 (length 16.5 ns) False False
2025-04-08 16:28:50,187 - [MainProcess:160236] mummi_ras.online.simulation:has_computed_enough:352 - INFO - runtime_hours*0.99 = 0.495 vs delta_time = 0.21092632744047377 (length 16.5 ns) False False
2025-04-08 16:28:52,194 - [MainProcess:160236] mummi_ras.online.simulation:has_computed_enough:352 - INFO - runtime_hours*0.99 = 0.495 vs delta_time = 0.2114837066994773 (length 16.5 ns) False False
2025-04-08 16:28:54,200 - [MainProcess:160236] mummi_ras.online.simulation:has_computed_enough:352 - INFO - runtime_hours*0.99 = 0.495 vs delta_time = 0.21204105191760592 (length 16.5 ns) False False
2025-04-08 16:28:56,207 - [MainProcess:160236] mummi_ras.online.simulation:has_computed_enough:352 - INFO - runtime_hours*0.99 = 0.495 vs delta_time = 0.2125983907779058 (length 16.5 ns) False False
2025-04-08 16:28:58,213 - [MainProcess:160236] mummi_ras.online.simulation:has_computed_enough:352 - INFO - runtime_hours*0.99 = 0.495 vs delta_time = 0.21315569546487595 (length 16.5 ns) False False
2025-04-08 16:29:00,219 - [MainProcess:160236] mummi_ras.online.simulation:has_computed_enough:352 - INFO - runtime_hours*0.99 = 0.495 vs delta_time = 0.21371291021505992 (length 16.5 ns) False False
2025-04-08 16:29:02,225 - [MainProcess:160236] mummi_ras.online.simulation:has_computed_enough:352 - INFO - runtime_hours*0.99 = 0.495 vs delta_time = 0.2142701953649521 (length 16.5 ns) False False
2025-04-08 16:29:04,232 - [MainProcess:160236] mummi_ras.online.simulation:has_computed_enough:352 - INFO - runtime_hours*0.99 = 0.495 vs delta_time = 0.214827565352122 (length 16.5 ns) False False
2025-04-08 16:29:06,238 - [MainProcess:160236] mummi_ras.online.simulation:has_computed_enough:352 - INFO - runtime_hours*0.99 = 0.495 vs delta_time = 0.21538494103484684 (length 16.5 ns) False False
2025-04-08 16:29:08,245 - [MainProcess:160236] mummi_ras.online.simulation:has_computed_enough:352 - INFO - runtime_hours*0.99 = 0.495 vs delta_time = 0.21594230996237862 (length 16.5 ns) False False
2025-04-08 16:29:08,416 - [MainProcess:160236] mummi_ras.online.simulation:get_new_frames:399 - INFO - Getting all frame numbers in trajectory from 34 to 34.
2025-04-08 16:29:08,416 - [MainProcess:160236] mummi_ras.online.cg.cganalysis:run_main_analysis:193 - INFO - Process frame 34
2025-04-08 16:29:08,416 - [MainProcess:160236] mummi_ras.online.cg.cganalysis:processFrame:554 - INFO - Load 35 frames: current frame ID /tmp/mummi/cg/structure_iter00_000000000014-20250408_161548/traj_comp.xtc
2025-04-08 16:29:08,427 - [MainProcess:160236] mummi_ras.online.cg.cganalysis:processFrame:580 - INFO - Frame:    34, Time: 17000.000 ps, Bbox = [0, 180.8574, 0, 180.8574]
2025-04-08 16:29:08,427 - [MainProcess:160236] mummi_ras.online.cg.cganalysis:processFrame:584 - INFO - Lengths of layers: 658 40 486
2025-04-08 16:29:08,531 - [MainProcess:160236] mummi_ras.online.cg.cganalysis:processFrame:765 - INFO - Time for analysis - frameNum 34, time 0.11538338661193848 s
2025-04-08 16:29:10,532 - [MainProcess:160236] mummi_ras.online.simulation:has_computed_enough:352 - INFO - runtime_hours*0.99 = 0.495 vs delta_time = 0.21657761620150673 (length 17.0 ns) False False
2025-04-08 16:29:12,539 - [MainProcess:160236] mummi_ras.online.simulation:has_computed_enough:352 - INFO - runtime_hours*0.99 = 0.495 vs delta_time = 0.21713499307632447 (length 17.0 ns) False False
2025-04-08 16:29:14,545 - [MainProcess:160236] mummi_ras.online.simulation:has_computed_enough:352 - INFO - runtime_hours*0.99 = 0.495 vs delta_time = 0.21769226372241973 (length 17.0 ns) False False
2025-04-08 16:29:16,551 - [MainProcess:160236] mummi_ras.online.simulation:has_computed_enough:352 - INFO - runtime_hours*0.99 = 0.495 vs delta_time = 0.21824955350822872 (length 17.0 ns) False False
2025-04-08 16:29:18,557 - [MainProcess:160236] mummi_ras.online.simulation:has_computed_enough:352 - INFO - runtime_hours*0.99 = 0.495 vs delta_time = 0.21880690548155043 (length 17.0 ns) False False
2025-04-08 16:29:20,564 - [MainProcess:160236] mummi_ras.online.simulation:has_computed_enough:352 - INFO - runtime_hours*0.99 = 0.495 vs delta_time = 0.21936426003774007 (length 17.0 ns) False False
2025-04-08 16:29:22,570 - [MainProcess:160236] mummi_ras.online.simulation:has_computed_enough:352 - INFO - runtime_hours*0.99 = 0.495 vs delta_time = 0.21992161360051896 (length 17.0 ns) False False
2025-04-08 16:29:24,577 - [MainProcess:160236] mummi_ras.online.simulation:has_computed_enough:352 - INFO - runtime_hours*0.99 = 0.495 vs delta_time = 0.220478983786371 (length 17.0 ns) False False
2025-04-08 16:29:26,583 - [MainProcess:160236] mummi_ras.online.simulation:has_computed_enough:352 - INFO - runtime_hours*0.99 = 0.495 vs delta_time = 0.22103635595904456 (length 17.0 ns) False False
2025-04-08 16:29:28,590 - [MainProcess:160236] mummi_ras.online.simulation:has_computed_enough:352 - INFO - runtime_hours*0.99 = 0.495 vs delta_time = 0.22159373071458605 (length 17.0 ns) False False
2025-04-08 16:29:30,596 - [MainProcess:160236] mummi_ras.online.simulation:has_computed_enough:352 - INFO - runtime_hours*0.99 = 0.495 vs delta_time = 0.22215105381276873 (length 17.0 ns) False False
2025-04-08 16:29:30,650 - [MainProcess:160236] mummi_ras.online.simulation:get_new_frames:399 - INFO - Getting all frame numbers in trajectory from 35 to 35.
2025-04-08 16:29:30,651 - [MainProcess:160236] mummi_ras.online.cg.cganalysis:run_main_analysis:193 - INFO - Process frame 35
2025-04-08 16:29:30,651 - [MainProcess:160236] mummi_ras.online.cg.cganalysis:processFrame:554 - INFO - Load 36 frames: current frame ID /tmp/mummi/cg/structure_iter00_000000000014-20250408_161548/traj_comp.xtc
2025-04-08 16:29:30,662 - [MainProcess:160236] mummi_ras.online.cg.cganalysis:processFrame:580 - INFO - Frame:    35, Time: 17500.000 ps, Bbox = [0, 180.19606, 0, 180.19606]
2025-04-08 16:29:30,662 - [MainProcess:160236] mummi_ras.online.cg.cganalysis:processFrame:584 - INFO - Lengths of layers: 658 39 487
2025-04-08 16:29:30,766 - [MainProcess:160236] mummi_ras.online.cg.cganalysis:processFrame:765 - INFO - Time for analysis - frameNum 35, time 0.11567282676696777 s
2025-04-08 16:29:32,767 - [MainProcess:160236] mummi_ras.online.simulation:has_computed_enough:352 - INFO - runtime_hours*0.99 = 0.495 vs delta_time = 0.2227540178431405 (length 17.5 ns) False False
2025-04-08 16:29:34,774 - [MainProcess:160236] mummi_ras.online.simulation:has_computed_enough:352 - INFO - runtime_hours*0.99 = 0.495 vs delta_time = 0.22331143571270837 (length 17.5 ns) False False
2025-04-08 16:29:36,780 - [MainProcess:160236] mummi_ras.online.simulation:has_computed_enough:352 - INFO - runtime_hours*0.99 = 0.495 vs delta_time = 0.223868791129854 (length 17.5 ns) False False
2025-04-08 16:29:38,787 - [MainProcess:160236] mummi_ras.online.simulation:has_computed_enough:352 - INFO - runtime_hours*0.99 = 0.495 vs delta_time = 0.22442615469296773 (length 17.5 ns) False False
2025-04-08 16:29:40,793 - [MainProcess:160236] mummi_ras.online.simulation:has_computed_enough:352 - INFO - runtime_hours*0.99 = 0.495 vs delta_time = 0.22498351958062915 (length 17.5 ns) False False
2025-04-08 16:29:42,800 - [MainProcess:160236] mummi_ras.online.simulation:has_computed_enough:352 - INFO - runtime_hours*0.99 = 0.495 vs delta_time = 0.22554090109136368 (length 17.5 ns) False False
2025-04-08 16:29:44,806 - [MainProcess:160236] mummi_ras.online.simulation:has_computed_enough:352 - INFO - runtime_hours*0.99 = 0.495 vs delta_time = 0.22609825783305698 (length 17.5 ns) False False
2025-04-08 16:29:46,812 - [MainProcess:160236] mummi_ras.online.simulation:has_computed_enough:352 - INFO - runtime_hours*0.99 = 0.495 vs delta_time = 0.22665550662411585 (length 17.5 ns) False False
2025-04-08 16:29:48,819 - [MainProcess:160236] mummi_ras.online.simulation:has_computed_enough:352 - INFO - runtime_hours*0.99 = 0.495 vs delta_time = 0.22721288959185282 (length 17.5 ns) False False
2025-04-08 16:29:50,826 - [MainProcess:160236] mummi_ras.online.simulation:has_computed_enough:352 - INFO - runtime_hours*0.99 = 0.495 vs delta_time = 0.22777027242713505 (length 17.5 ns) False False
2025-04-08 16:29:52,831 - [MainProcess:160236] mummi_ras.online.simulation:has_computed_enough:352 - INFO - runtime_hours*0.99 = 0.495 vs delta_time = 0.2283274828063117 (length 17.5 ns) False False
2025-04-08 16:29:53,042 - [MainProcess:160236] mummi_ras.online.simulation:get_new_frames:399 - INFO - Getting all frame numbers in trajectory from 36 to 36.
2025-04-08 16:29:53,042 - [MainProcess:160236] mummi_ras.online.cg.cganalysis:run_main_analysis:193 - INFO - Process frame 36
2025-04-08 16:29:53,042 - [MainProcess:160236] mummi_ras.online.cg.cganalysis:processFrame:554 - INFO - Load 37 frames: current frame ID /tmp/mummi/cg/structure_iter00_000000000014-20250408_161548/traj_comp.xtc
2025-04-08 16:29:53,053 - [MainProcess:160236] mummi_ras.online.cg.cganalysis:processFrame:580 - INFO - Frame:    36, Time: 18000.000 ps, Bbox = [0, 181.65709, 0, 181.65709]
2025-04-08 16:29:53,053 - [MainProcess:160236] mummi_ras.online.cg.cganalysis:processFrame:584 - INFO - Lengths of layers: 657 39 488
2025-04-08 16:29:53,157 - [MainProcess:160236] mummi_ras.online.cg.cganalysis:processFrame:765 - INFO - Time for analysis - frameNum 36, time 0.11528730392456055 s
2025-04-08 16:29:55,158 - [MainProcess:160236] mummi_ras.online.simulation:has_computed_enough:352 - INFO - runtime_hours*0.99 = 0.495 vs delta_time = 0.22897368861569298 (length 18.0 ns) False False
2025-04-08 16:29:57,164 - [MainProcess:160236] mummi_ras.online.simulation:has_computed_enough:352 - INFO - runtime_hours*0.99 = 0.495 vs delta_time = 0.22953097144762674 (length 18.0 ns) False False
2025-04-08 16:29:59,170 - [MainProcess:160236] mummi_ras.online.simulation:has_computed_enough:352 - INFO - runtime_hours*0.99 = 0.495 vs delta_time = 0.23008829123444027 (length 18.0 ns) False False
2025-04-08 16:30:01,177 - [MainProcess:160236] mummi_ras.online.simulation:has_computed_enough:352 - INFO - runtime_hours*0.99 = 0.495 vs delta_time = 0.23064565426773495 (length 18.0 ns) False False
2025-04-08 16:30:03,183 - [MainProcess:160236] mummi_ras.online.simulation:has_computed_enough:352 - INFO - runtime_hours*0.99 = 0.495 vs delta_time = 0.23120302273167503 (length 18.0 ns) False False
2025-04-08 16:30:05,190 - [MainProcess:160236] mummi_ras.online.simulation:has_computed_enough:352 - INFO - runtime_hours*0.99 = 0.495 vs delta_time = 0.23176030231846703 (length 18.0 ns) False False
2025-04-08 16:30:07,196 - [MainProcess:160236] mummi_ras.online.simulation:has_computed_enough:352 - INFO - runtime_hours*0.99 = 0.495 vs delta_time = 0.23231768601470523 (length 18.0 ns) False False
2025-04-08 16:30:09,203 - [MainProcess:160236] mummi_ras.online.simulation:has_computed_enough:352 - INFO - runtime_hours*0.99 = 0.495 vs delta_time = 0.2328750740819507 (length 18.0 ns) False False
2025-04-08 16:30:11,209 - [MainProcess:160236] mummi_ras.online.simulation:has_computed_enough:352 - INFO - runtime_hours*0.99 = 0.495 vs delta_time = 0.233432454334365 (length 18.0 ns) False False
2025-04-08 16:30:13,216 - [MainProcess:160236] mummi_ras.online.simulation:has_computed_enough:352 - INFO - runtime_hours*0.99 = 0.495 vs delta_time = 0.2339897914065255 (length 18.0 ns) False False
2025-04-08 16:30:15,222 - [MainProcess:160236] mummi_ras.online.simulation:has_computed_enough:352 - INFO - runtime_hours*0.99 = 0.495 vs delta_time = 0.23454710940519968 (length 18.0 ns) False False
2025-04-08 16:30:17,228 - [MainProcess:160236] mummi_ras.online.simulation:has_computed_enough:352 - INFO - runtime_hours*0.99 = 0.495 vs delta_time = 0.23510442038377127 (length 18.0 ns) False False
2025-04-08 16:30:17,389 - [MainProcess:160236] mummi_ras.online.simulation:get_new_frames:399 - INFO - Getting all frame numbers in trajectory from 37 to 37.
2025-04-08 16:30:17,389 - [MainProcess:160236] mummi_ras.online.cg.cganalysis:run_main_analysis:193 - INFO - Process frame 37
2025-04-08 16:30:17,389 - [MainProcess:160236] mummi_ras.online.cg.cganalysis:processFrame:554 - INFO - Load 38 frames: current frame ID /tmp/mummi/cg/structure_iter00_000000000014-20250408_161548/traj_comp.xtc
2025-04-08 16:30:17,401 - [MainProcess:160236] mummi_ras.online.cg.cganalysis:processFrame:580 - INFO - Frame:    37, Time: 18500.000 ps, Bbox = [0, 180.56097, 0, 180.56097]
2025-04-08 16:30:17,401 - [MainProcess:160236] mummi_ras.online.cg.cganalysis:processFrame:584 - INFO - Lengths of layers: 659 38 487
2025-04-08 16:30:17,505 - [MainProcess:160236] mummi_ras.online.cg.cganalysis:processFrame:765 - INFO - Time for analysis - frameNum 37, time 0.11520743370056152 s
2025-04-08 16:30:19,505 - [MainProcess:160236] mummi_ras.online.simulation:has_computed_enough:352 - INFO - runtime_hours*0.99 = 0.495 vs delta_time = 0.23573686367935603 (length 18.5 ns) False False
2025-04-08 16:30:21,512 - [MainProcess:160236] mummi_ras.online.simulation:has_computed_enough:352 - INFO - runtime_hours*0.99 = 0.495 vs delta_time = 0.2362942949268553 (length 18.5 ns) False False
2025-04-08 16:30:23,519 - [MainProcess:160236] mummi_ras.online.simulation:has_computed_enough:352 - INFO - runtime_hours*0.99 = 0.495 vs delta_time = 0.23685165497991773 (length 18.5 ns) False False
2025-04-08 16:30:25,525 - [MainProcess:160236] mummi_ras.online.simulation:has_computed_enough:352 - INFO - runtime_hours*0.99 = 0.495 vs delta_time = 0.23740893873903487 (length 18.5 ns) False False
2025-04-08 16:30:27,531 - [MainProcess:160236] mummi_ras.online.simulation:has_computed_enough:352 - INFO - runtime_hours*0.99 = 0.495 vs delta_time = 0.2379662428299586 (length 18.5 ns) False False
2025-04-08 16:30:29,538 - [MainProcess:160236] mummi_ras.online.simulation:has_computed_enough:352 - INFO - runtime_hours*0.99 = 0.495 vs delta_time = 0.23852359765105777 (length 18.5 ns) False False
2025-04-08 16:30:31,544 - [MainProcess:160236] mummi_ras.online.simulation:has_computed_enough:352 - INFO - runtime_hours*0.99 = 0.495 vs delta_time = 0.23908098525471158 (length 18.5 ns) False False
2025-04-08 16:30:33,551 - [MainProcess:160236] mummi_ras.online.simulation:has_computed_enough:352 - INFO - runtime_hours*0.99 = 0.495 vs delta_time = 0.2396383433871799 (length 18.5 ns) False False
2025-04-08 16:30:35,557 - [MainProcess:160236] mummi_ras.online.simulation:has_computed_enough:352 - INFO - runtime_hours*0.99 = 0.495 vs delta_time = 0.24019556442896525 (length 18.5 ns) False False
2025-04-08 16:30:37,563 - [MainProcess:160236] mummi_ras.online.simulation:has_computed_enough:352 - INFO - runtime_hours*0.99 = 0.495 vs delta_time = 0.24075284600257874 (length 18.5 ns) False False
2025-04-08 16:30:39,569 - [MainProcess:160236] mummi_ras.online.simulation:has_computed_enough:352 - INFO - runtime_hours*0.99 = 0.495 vs delta_time = 0.24131018406815 (length 18.5 ns) False False
2025-04-08 16:30:39,624 - [MainProcess:160236] mummi_ras.online.simulation:get_new_frames:399 - INFO - Getting all frame numbers in trajectory from 38 to 38.
2025-04-08 16:30:39,624 - [MainProcess:160236] mummi_ras.online.cg.cganalysis:run_main_analysis:193 - INFO - Process frame 38
2025-04-08 16:30:39,624 - [MainProcess:160236] mummi_ras.online.cg.cganalysis:processFrame:554 - INFO - Load 39 frames: current frame ID /tmp/mummi/cg/structure_iter00_000000000014-20250408_161548/traj_comp.xtc
2025-04-08 16:30:39,635 - [MainProcess:160236] mummi_ras.online.cg.cganalysis:processFrame:580 - INFO - Frame:    38, Time: 19000.000 ps, Bbox = [0, 180.79288, 0, 180.79288]
2025-04-08 16:30:39,635 - [MainProcess:160236] mummi_ras.online.cg.cganalysis:processFrame:584 - INFO - Lengths of layers: 658 37 489
2025-04-08 16:30:39,740 - [MainProcess:160236] mummi_ras.online.cg.cganalysis:processFrame:765 - INFO - Time for analysis - frameNum 38, time 0.11614704132080078 s
2025-04-08 16:30:41,741 - [MainProcess:160236] mummi_ras.online.simulation:has_computed_enough:352 - INFO - runtime_hours*0.99 = 0.495 vs delta_time = 0.2419133691655265 (length 19.0 ns) False False
2025-04-08 16:30:43,747 - [MainProcess:160236] mummi_ras.online.simulation:has_computed_enough:352 - INFO - runtime_hours*0.99 = 0.495 vs delta_time = 0.24247079975075192 (length 19.0 ns) False False
2025-04-08 16:30:45,754 - [MainProcess:160236] mummi_ras.online.simulation:has_computed_enough:352 - INFO - runtime_hours*0.99 = 0.495 vs delta_time = 0.24302818629476758 (length 19.0 ns) False False
2025-04-08 16:30:47,761 - [MainProcess:160236] mummi_ras.online.simulation:has_computed_enough:352 - INFO - runtime_hours*0.99 = 0.495 vs delta_time = 0.24358556694454617 (length 19.0 ns) False False
2025-04-08 16:30:49,767 - [MainProcess:160236] mummi_ras.online.simulation:has_computed_enough:352 - INFO - runtime_hours*0.99 = 0.495 vs delta_time = 0.24414293878608279 (length 19.0 ns) False False
2025-04-08 16:30:51,773 - [MainProcess:160236] mummi_ras.online.simulation:has_computed_enough:352 - INFO - runtime_hours*0.99 = 0.495 vs delta_time = 0.24470022896925608 (length 19.0 ns) False False
2025-04-08 16:30:53,780 - [MainProcess:160236] mummi_ras.online.simulation:has_computed_enough:352 - INFO - runtime_hours*0.99 = 0.495 vs delta_time = 0.2452575190199746 (length 19.0 ns) False False
2025-04-08 16:30:55,786 - [MainProcess:160236] mummi_ras.online.simulation:has_computed_enough:352 - INFO - runtime_hours*0.99 = 0.495 vs delta_time = 0.24581484019756317 (length 19.0 ns) False False
2025-04-08 16:30:57,792 - [MainProcess:160236] mummi_ras.online.simulation:has_computed_enough:352 - INFO - runtime_hours*0.99 = 0.495 vs delta_time = 0.2463721822367774 (length 19.0 ns) False False
2025-04-08 16:30:59,799 - [MainProcess:160236] mummi_ras.online.simulation:has_computed_enough:352 - INFO - runtime_hours*0.99 = 0.495 vs delta_time = 0.2469295526213116 (length 19.0 ns) False False
2025-04-08 16:31:01,805 - [MainProcess:160236] mummi_ras.online.simulation:has_computed_enough:352 - INFO - runtime_hours*0.99 = 0.495 vs delta_time = 0.2474869172440635 (length 19.0 ns) False False
2025-04-08 16:31:01,898 - [MainProcess:160236] mummi_ras.online.simulation:get_new_frames:399 - INFO - Getting all frame numbers in trajectory from 39 to 39.
2025-04-08 16:31:01,898 - [MainProcess:160236] mummi_ras.online.cg.cganalysis:run_main_analysis:193 - INFO - Process frame 39
2025-04-08 16:31:01,898 - [MainProcess:160236] mummi_ras.online.cg.cganalysis:processFrame:554 - INFO - Load 40 frames: current frame ID /tmp/mummi/cg/structure_iter00_000000000014-20250408_161548/traj_comp.xtc
2025-04-08 16:31:01,910 - [MainProcess:160236] mummi_ras.online.cg.cganalysis:processFrame:580 - INFO - Frame:    39, Time: 19500.000 ps, Bbox = [0, 181.23537, 0, 181.23537]
2025-04-08 16:31:01,910 - [MainProcess:160236] mummi_ras.online.cg.cganalysis:processFrame:584 - INFO - Lengths of layers: 659 35 490
2025-04-08 16:31:02,013 - [MainProcess:160236] mummi_ras.online.cg.cganalysis:processFrame:765 - INFO - Time for analysis - frameNum 39, time 0.11542224884033203 s
2025-04-08 16:31:04,014 - [MainProcess:160236] mummi_ras.online.simulation:has_computed_enough:352 - INFO - runtime_hours*0.99 = 0.495 vs delta_time = 0.2481004304356045 (length 19.5 ns) False False
2025-04-08 16:31:04,021 - [MainProcess:160236] mummi_ras.online.cg.cganalysis:processOutput:92 - INFO - Add feedback for frameNum 30 - state []
2025-04-08 16:31:04,021 - [MainProcess:160236] mummi_ras.online.cg.cganalysis:processOutput:92 - INFO - Add feedback for frameNum 31 - state []
2025-04-08 16:31:04,021 - [MainProcess:160236] mummi_ras.online.cg.cganalysis:processOutput:92 - INFO - Add feedback for frameNum 32 - state []
2025-04-08 16:31:04,021 - [MainProcess:160236] mummi_ras.online.cg.cganalysis:processOutput:92 - INFO - Add feedback for frameNum 33 - state []
2025-04-08 16:31:04,021 - [MainProcess:160236] mummi_ras.online.cg.cganalysis:processOutput:92 - INFO - Add feedback for frameNum 34 - state []
2025-04-08 16:31:04,022 - [MainProcess:160236] mummi_ras.online.cg.cganalysis:processOutput:92 - INFO - Add feedback for frameNum 35 - state []
2025-04-08 16:31:04,022 - [MainProcess:160236] mummi_ras.online.cg.cganalysis:processOutput:92 - INFO - Add feedback for frameNum 36 - state []
2025-04-08 16:31:04,022 - [MainProcess:160236] mummi_ras.online.cg.cganalysis:processOutput:92 - INFO - Add feedback for frameNum 37 - state []
2025-04-08 16:31:04,022 - [MainProcess:160236] mummi_ras.online.cg.cganalysis:processOutput:92 - INFO - Add feedback for frameNum 38 - state []
2025-04-08 16:31:04,022 - [MainProcess:160236] mummi_ras.online.cg.cganalysis:processOutput:92 - INFO - Add feedback for frameNum 39 - state []
2025-04-08 16:31:04,037 - [MainProcess:160236] mummi_core.interfaces.simple:_save_files:91 - INFO - Wrote 10 files to (/p/gpfs1/pottier1/minimummi-sc25/roots/root1/feedback-cg2ml/014)
2025-04-08 16:31:04,037 - [MainProcess:160236] mummi_ras.feedback.feedback_manager_cg2ml:report:118 - INFO - Added 10 frames (from structure_iter00_000000000014) to feedback (/p/gpfs1/pottier1/minimummi-sc25/roots/root1/feedback-cg2ml)
2025-04-08 16:31:04,037 - [MainProcess:160236] mummi_ras.online.cg.cganalysis:processOutput:112 - INFO - processOutput: 39
2025-04-08 16:31:04,037 - [MainProcess:160236] mummi_ras.online.cg.cganalysis:copyRemoteRestart:452 - INFO - Copy to remote frames [30, 31, 32, 33, 34, 35, 36, 37, 38, 39]
2025-04-08 16:31:04,163 - [MainProcess:160236] mummi_core.utils.utilities:sys_call:184 - INFO - Run command: rsync -va --no-g traj_comp.xtc topol.tpr state.cpt ener.edr md.log mdrun.log /p/gpfs1/pottier1/minimummi-sc25/roots/root1/sims-cg/structure_iter00_000000000014 || true
2025-04-08 16:31:04,609 - [MainProcess:160236] mummi_ras.interfaces.mummi:save_analysis_data:253 - INFO - Saved all analysis data for frames [30, 31, 32, 33, 34, 35, 36, 37, 38, 39]
2025-04-08 16:31:04,610 - [MainProcess:160236] mummi_ras.online.cg.cganalysis:copyRemoteLogs:350 - INFO - Copy over log files
2025-04-08 16:31:04,635 - [MainProcess:160236] mummi_core.utils.utilities:sys_call:184 - INFO - Run command: cp -r  /tmp/mummi/cg/structure_iter00_000000000014-20250408_161548/cg_analysis.out /tmp/mummi/cg/structure_iter00_000000000014-20250408_161548/traj_comp.xtc /tmp/mummi/cg/structure_iter00_000000000014-20250408_161548/*.log /p/gpfs1/pottier1/minimummi-sc25/roots/root1/sims-cg/structure_iter00_000000000014/ || true
2025-04-08 16:31:04,635 - [MainProcess:160236] mummi_ras.online.cg.cganalysis:copyRemoteLogs:365 - INFO - copyRemoteLogs =  /tmp/mummi/cg/structure_iter00_000000000014-20250408_161548/cg_analysis.out /tmp/mummi/cg/structure_iter00_000000000014-20250408_161548/traj_comp.xtc /tmp/mummi/cg/structure_iter00_000000000014-20250408_161548/*.log
2025-04-08 16:31:04,635 - [MainProcess:160236] mummi_ras.online.cg.cganalysis:cleanupLocal:375 - WARNING - Copy cleanup local only works for ddcMD files
2025-04-08 16:31:06,635 - [MainProcess:160236] mummi_ras.online.simulation:has_computed_enough:352 - INFO - runtime_hours*0.99 = 0.495 vs delta_time = 0.24882846044169532 (length 19.5 ns) False False
2025-04-08 16:31:08,639 - [MainProcess:160236] mummi_ras.online.simulation:has_computed_enough:352 - INFO - runtime_hours*0.99 = 0.495 vs delta_time = 0.24938505351543427 (length 19.5 ns) False False
2025-04-08 16:31:10,642 - [MainProcess:160236] mummi_ras.online.simulation:has_computed_enough:352 - INFO - runtime_hours*0.99 = 0.495 vs delta_time = 0.24994161049524943 (length 19.5 ns) False False
2025-04-08 16:31:12,646 - [MainProcess:160236] mummi_ras.online.simulation:has_computed_enough:352 - INFO - runtime_hours*0.99 = 0.495 vs delta_time = 0.25049815124935576 (length 19.5 ns) False False
2025-04-08 16:31:14,649 - [MainProcess:160236] mummi_ras.online.simulation:has_computed_enough:352 - INFO - runtime_hours*0.99 = 0.495 vs delta_time = 0.25105470849408046 (length 19.5 ns) False False
2025-04-08 16:31:16,653 - [MainProcess:160236] mummi_ras.online.simulation:has_computed_enough:352 - INFO - runtime_hours*0.99 = 0.495 vs delta_time = 0.2516112541490131 (length 19.5 ns) False False
2025-04-08 16:31:18,657 - [MainProcess:160236] mummi_ras.online.simulation:has_computed_enough:352 - INFO - runtime_hours*0.99 = 0.495 vs delta_time = 0.2521678022543589 (length 19.5 ns) False False
2025-04-08 16:31:20,660 - [MainProcess:160236] mummi_ras.online.simulation:has_computed_enough:352 - INFO - runtime_hours*0.99 = 0.495 vs delta_time = 0.2527243567175335 (length 19.5 ns) False False
2025-04-08 16:31:22,664 - [MainProcess:160236] mummi_ras.online.simulation:has_computed_enough:352 - INFO - runtime_hours*0.99 = 0.495 vs delta_time = 0.25328090329964953 (length 19.5 ns) False False
2025-04-08 16:31:24,667 - [MainProcess:160236] mummi_ras.online.simulation:has_computed_enough:352 - INFO - runtime_hours*0.99 = 0.495 vs delta_time = 0.2538374517361323 (length 19.5 ns) False False
2025-04-08 16:31:24,801 - [MainProcess:160236] mummi_ras.online.simulation:get_new_frames:399 - INFO - Getting all frame numbers in trajectory from 40 to 40.
2025-04-08 16:31:24,801 - [MainProcess:160236] mummi_ras.online.cg.cganalysis:run_main_analysis:193 - INFO - Process frame 40
2025-04-08 16:31:24,801 - [MainProcess:160236] mummi_ras.online.cg.cganalysis:processFrame:554 - INFO - Load 41 frames: current frame ID /tmp/mummi/cg/structure_iter00_000000000014-20250408_161548/traj_comp.xtc
2025-04-08 16:31:24,808 - [MainProcess:160236] mummi_ras.online.cg.cganalysis:processFrame:580 - INFO - Frame:    40, Time: 20000.000 ps, Bbox = [0, 181.55844, 0, 181.55844]
2025-04-08 16:31:24,808 - [MainProcess:160236] mummi_ras.online.cg.cganalysis:processFrame:584 - INFO - Lengths of layers: 658 38 488
2025-04-08 16:31:24,868 - [MainProcess:160236] mummi_ras.online.cg.cganalysis:processFrame:765 - INFO - Time for analysis - frameNum 40, time 0.06690454483032227 s
2025-04-08 16:31:26,868 - [MainProcess:160236] mummi_ras.online.simulation:has_computed_enough:352 - INFO - runtime_hours*0.99 = 0.495 vs delta_time = 0.25444881021976473 (length 20.0 ns) False False
2025-04-08 16:31:28,872 - [MainProcess:160236] mummi_ras.online.simulation:has_computed_enough:352 - INFO - runtime_hours*0.99 = 0.495 vs delta_time = 0.2550054121017456 (length 20.0 ns) False False
2025-04-08 16:31:30,876 - [MainProcess:160236] mummi_ras.online.simulation:has_computed_enough:352 - INFO - runtime_hours*0.99 = 0.495 vs delta_time = 0.25556196166409384 (length 20.0 ns) False False
2025-04-08 16:31:32,879 - [MainProcess:160236] mummi_ras.online.simulation:has_computed_enough:352 - INFO - runtime_hours*0.99 = 0.495 vs delta_time = 0.2561185120873981 (length 20.0 ns) False False
2025-04-08 16:31:34,883 - [MainProcess:160236] mummi_ras.online.simulation:has_computed_enough:352 - INFO - runtime_hours*0.99 = 0.495 vs delta_time = 0.2566750518480937 (length 20.0 ns) False False
2025-04-08 16:31:36,886 - [MainProcess:160236] mummi_ras.online.simulation:has_computed_enough:352 - INFO - runtime_hours*0.99 = 0.495 vs delta_time = 0.25723158631059856 (length 20.0 ns) False False
2025-04-08 16:31:38,890 - [MainProcess:160236] mummi_ras.online.simulation:has_computed_enough:352 - INFO - runtime_hours*0.99 = 0.495 vs delta_time = 0.2577881318993039 (length 20.0 ns) False False
2025-04-08 16:31:40,893 - [MainProcess:160236] mummi_ras.online.simulation:has_computed_enough:352 - INFO - runtime_hours*0.99 = 0.495 vs delta_time = 0.25834467967351277 (length 20.0 ns) False False
2025-04-08 16:31:42,897 - [MainProcess:160236] mummi_ras.online.simulation:has_computed_enough:352 - INFO - runtime_hours*0.99 = 0.495 vs delta_time = 0.2589012228118049 (length 20.0 ns) False False
2025-04-08 16:31:44,900 - [MainProcess:160236] mummi_ras.online.simulation:has_computed_enough:352 - INFO - runtime_hours*0.99 = 0.495 vs delta_time = 0.2594577657514148 (length 20.0 ns) False False
2025-04-08 16:31:46,904 - [MainProcess:160236] mummi_ras.online.simulation:has_computed_enough:352 - INFO - runtime_hours*0.99 = 0.495 vs delta_time = 0.26001431067784625 (length 20.0 ns) False False
2025-04-08 16:31:48,908 - [MainProcess:160236] mummi_ras.online.simulation:has_computed_enough:352 - INFO - runtime_hours*0.99 = 0.495 vs delta_time = 0.2605708561340968 (length 20.0 ns) False False
2025-04-08 16:31:48,940 - [MainProcess:160236] mummi_ras.online.simulation:get_new_frames:399 - INFO - Getting all frame numbers in trajectory from 41 to 41.
2025-04-08 16:31:48,940 - [MainProcess:160236] mummi_ras.online.cg.cganalysis:run_main_analysis:193 - INFO - Process frame 41
2025-04-08 16:31:48,940 - [MainProcess:160236] mummi_ras.online.cg.cganalysis:processFrame:554 - INFO - Load 42 frames: current frame ID /tmp/mummi/cg/structure_iter00_000000000014-20250408_161548/traj_comp.xtc
2025-04-08 16:31:48,947 - [MainProcess:160236] mummi_ras.online.cg.cganalysis:processFrame:580 - INFO - Frame:    41, Time: 20500.000 ps, Bbox = [0, 180.55453, 0, 180.55453]
2025-04-08 16:31:48,947 - [MainProcess:160236] mummi_ras.online.cg.cganalysis:processFrame:584 - INFO - Lengths of layers: 659 34 491
2025-04-08 16:31:49,008 - [MainProcess:160236] mummi_ras.online.cg.cganalysis:processFrame:765 - INFO - Time for analysis - frameNum 41, time 0.06730461120605469 s
2025-04-08 16:31:51,008 - [MainProcess:160236] mummi_ras.online.simulation:has_computed_enough:352 - INFO - runtime_hours*0.99 = 0.495 vs delta_time = 0.2611543618308173 (length 20.5 ns) False False
2025-04-08 16:31:53,012 - [MainProcess:160236] mummi_ras.online.simulation:has_computed_enough:352 - INFO - runtime_hours*0.99 = 0.495 vs delta_time = 0.26171096689171264 (length 20.5 ns) False False
2025-04-08 16:31:55,016 - [MainProcess:160236] mummi_ras.online.simulation:has_computed_enough:352 - INFO - runtime_hours*0.99 = 0.495 vs delta_time = 0.2622675336069531 (length 20.5 ns) False False
2025-04-08 16:31:57,019 - [MainProcess:160236] mummi_ras.online.simulation:has_computed_enough:352 - INFO - runtime_hours*0.99 = 0.495 vs delta_time = 0.2628240750895606 (length 20.5 ns) False False
2025-04-08 16:31:59,023 - [MainProcess:160236] mummi_ras.online.simulation:has_computed_enough:352 - INFO - runtime_hours*0.99 = 0.495 vs delta_time = 0.263380621737904 (length 20.5 ns) False False
2025-04-08 16:32:01,026 - [MainProcess:160236] mummi_ras.online.simulation:has_computed_enough:352 - INFO - runtime_hours*0.99 = 0.495 vs delta_time = 0.2639371697770225 (length 20.5 ns) False False
2025-04-08 16:32:03,030 - [MainProcess:160236] mummi_ras.online.simulation:has_computed_enough:352 - INFO - runtime_hours*0.99 = 0.495 vs delta_time = 0.2644937151008182 (length 20.5 ns) False False
2025-04-08 16:32:05,033 - [MainProcess:160236] mummi_ras.online.simulation:has_computed_enough:352 - INFO - runtime_hours*0.99 = 0.495 vs delta_time = 0.26505025896761153 (length 20.5 ns) False False
2025-04-08 16:32:07,037 - [MainProcess:160236] mummi_ras.online.simulation:has_computed_enough:352 - INFO - runtime_hours*0.99 = 0.495 vs delta_time = 0.26560680111249285 (length 20.5 ns) False False
2025-04-08 16:32:09,041 - [MainProcess:160236] mummi_ras.online.simulation:has_computed_enough:352 - INFO - runtime_hours*0.99 = 0.495 vs delta_time = 0.2661633481582006 (length 20.5 ns) False False
2025-04-08 16:32:11,044 - [MainProcess:160236] mummi_ras.online.simulation:has_computed_enough:352 - INFO - runtime_hours*0.99 = 0.495 vs delta_time = 0.2667198877864414 (length 20.5 ns) False False
2025-04-08 16:32:11,118 - [MainProcess:160236] mummi_ras.online.simulation:get_new_frames:399 - INFO - Getting all frame numbers in trajectory from 42 to 42.
2025-04-08 16:32:11,118 - [MainProcess:160236] mummi_ras.online.cg.cganalysis:run_main_analysis:193 - INFO - Process frame 42
2025-04-08 16:32:11,119 - [MainProcess:160236] mummi_ras.online.cg.cganalysis:processFrame:554 - INFO - Load 43 frames: current frame ID /tmp/mummi/cg/structure_iter00_000000000014-20250408_161548/traj_comp.xtc
2025-04-08 16:32:11,125 - [MainProcess:160236] mummi_ras.online.cg.cganalysis:processFrame:580 - INFO - Frame:    42, Time: 21000.000 ps, Bbox = [0, 181.3227, 0, 181.3227]
2025-04-08 16:32:11,125 - [MainProcess:160236] mummi_ras.online.cg.cganalysis:processFrame:584 - INFO - Lengths of layers: 658 34 492
2025-04-08 16:32:11,187 - [MainProcess:160236] mummi_ras.online.cg.cganalysis:processFrame:765 - INFO - Time for analysis - frameNum 42, time 0.06806707382202148 s
2025-04-08 16:32:13,187 - [MainProcess:160236] mummi_ras.online.simulation:has_computed_enough:352 - INFO - runtime_hours*0.99 = 0.495 vs delta_time = 0.26731516937414807 (length 21.0 ns) False False
2025-04-08 16:32:15,191 - [MainProcess:160236] mummi_ras.online.simulation:has_computed_enough:352 - INFO - runtime_hours*0.99 = 0.495 vs delta_time = 0.2678717643684811 (length 21.0 ns) False False
2025-04-08 16:32:17,194 - [MainProcess:160236] mummi_ras.online.simulation:has_computed_enough:352 - INFO - runtime_hours*0.99 = 0.495 vs delta_time = 0.268428315255377 (length 21.0 ns) False False
2025-04-08 16:32:19,198 - [MainProcess:160236] mummi_ras.online.simulation:has_computed_enough:352 - INFO - runtime_hours*0.99 = 0.495 vs delta_time = 0.26898485991689897 (length 21.0 ns) False False
2025-04-08 16:32:21,202 - [MainProcess:160236] mummi_ras.online.simulation:has_computed_enough:352 - INFO - runtime_hours*0.99 = 0.495 vs delta_time = 0.2695414117972056 (length 21.0 ns) False False
2025-04-08 16:32:23,205 - [MainProcess:160236] mummi_ras.online.simulation:has_computed_enough:352 - INFO - runtime_hours*0.99 = 0.495 vs delta_time = 0.2700979552666346 (length 21.0 ns) False False
2025-04-08 16:32:25,209 - [MainProcess:160236] mummi_ras.online.simulation:has_computed_enough:352 - INFO - runtime_hours*0.99 = 0.495 vs delta_time = 0.27065450767676036 (length 21.0 ns) False False
2025-04-08 16:32:27,212 - [MainProcess:160236] mummi_ras.online.simulation:has_computed_enough:352 - INFO - runtime_hours*0.99 = 0.495 vs delta_time = 0.271211053331693 (length 21.0 ns) False False
2025-04-08 16:32:29,216 - [MainProcess:160236] mummi_ras.online.simulation:has_computed_enough:352 - INFO - runtime_hours*0.99 = 0.495 vs delta_time = 0.2717676008409924 (length 21.0 ns) False False
2025-04-08 16:32:31,219 - [MainProcess:160236] mummi_ras.online.simulation:has_computed_enough:352 - INFO - runtime_hours*0.99 = 0.495 vs delta_time = 0.2723241404692332 (length 21.0 ns) False False
2025-04-08 16:32:33,223 - [MainProcess:160236] mummi_ras.online.simulation:has_computed_enough:352 - INFO - runtime_hours*0.99 = 0.495 vs delta_time = 0.2728806853956646 (length 21.0 ns) False False
2025-04-08 16:32:33,362 - [MainProcess:160236] mummi_ras.online.simulation:get_new_frames:399 - INFO - Getting all frame numbers in trajectory from 43 to 43.
2025-04-08 16:32:33,362 - [MainProcess:160236] mummi_ras.online.cg.cganalysis:run_main_analysis:193 - INFO - Process frame 43
2025-04-08 16:32:33,362 - [MainProcess:160236] mummi_ras.online.cg.cganalysis:processFrame:554 - INFO - Load 44 frames: current frame ID /tmp/mummi/cg/structure_iter00_000000000014-20250408_161548/traj_comp.xtc
2025-04-08 16:32:33,369 - [MainProcess:160236] mummi_ras.online.cg.cganalysis:processFrame:580 - INFO - Frame:    43, Time: 21500.000 ps, Bbox = [0, 180.79468, 0, 180.79468]
2025-04-08 16:32:33,369 - [MainProcess:160236] mummi_ras.online.cg.cganalysis:processFrame:584 - INFO - Lengths of layers: 658 33 493
2025-04-08 16:32:33,429 - [MainProcess:160236] mummi_ras.online.cg.cganalysis:processFrame:765 - INFO - Time for analysis - frameNum 43, time 0.06694674491882324 s
2025-04-08 16:32:35,430 - [MainProcess:160236] mummi_ras.online.simulation:has_computed_enough:352 - INFO - runtime_hours*0.99 = 0.495 vs delta_time = 0.27349364909860824 (length 21.5 ns) False False
2025-04-08 16:32:37,433 - [MainProcess:160236] mummi_ras.online.simulation:has_computed_enough:352 - INFO - runtime_hours*0.99 = 0.495 vs delta_time = 0.274050238860978 (length 21.5 ns) False False
2025-04-08 16:32:39,437 - [MainProcess:160236] mummi_ras.online.simulation:has_computed_enough:352 - INFO - runtime_hours*0.99 = 0.495 vs delta_time = 0.2746067891518275 (length 21.5 ns) False False
2025-04-08 16:32:41,441 - [MainProcess:160236] mummi_ras.online.simulation:has_computed_enough:352 - INFO - runtime_hours*0.99 = 0.495 vs delta_time = 0.27516334348254734 (length 21.5 ns) False False
2025-04-08 16:32:43,444 - [MainProcess:160236] mummi_ras.online.simulation:has_computed_enough:352 - INFO - runtime_hours*0.99 = 0.495 vs delta_time = 0.2757198911243015 (length 21.5 ns) False False
2025-04-08 16:32:45,448 - [MainProcess:160236] mummi_ras.online.simulation:has_computed_enough:352 - INFO - runtime_hours*0.99 = 0.495 vs delta_time = 0.2762764426072439 (length 21.5 ns) False False
2025-04-08 16:32:47,451 - [MainProcess:160236] mummi_ras.online.simulation:has_computed_enough:352 - INFO - runtime_hours*0.99 = 0.495 vs delta_time = 0.2768329877323574 (length 21.5 ns) False False
2025-04-08 16:32:49,455 - [MainProcess:160236] mummi_ras.online.simulation:has_computed_enough:352 - INFO - runtime_hours*0.99 = 0.495 vs delta_time = 0.2773895311355591 (length 21.5 ns) False False
2025-04-08 16:32:51,458 - [MainProcess:160236] mummi_ras.online.simulation:has_computed_enough:352 - INFO - runtime_hours*0.99 = 0.495 vs delta_time = 0.277946074936125 (length 21.5 ns) False False
2025-04-08 16:32:53,462 - [MainProcess:160236] mummi_ras.online.simulation:has_computed_enough:352 - INFO - runtime_hours*0.99 = 0.495 vs delta_time = 0.2785026276111603 (length 21.5 ns) False False
2025-04-08 16:32:55,466 - [MainProcess:160236] mummi_ras.online.simulation:has_computed_enough:352 - INFO - runtime_hours*0.99 = 0.495 vs delta_time = 0.27905916584862606 (length 21.5 ns) False False
2025-04-08 16:32:57,469 - [MainProcess:160236] mummi_ras.online.simulation:has_computed_enough:352 - INFO - runtime_hours*0.99 = 0.495 vs delta_time = 0.2796157080597348 (length 21.5 ns) False False
2025-04-08 16:32:57,503 - [MainProcess:160236] mummi_ras.online.simulation:get_new_frames:399 - INFO - Getting all frame numbers in trajectory from 44 to 44.
2025-04-08 16:32:57,503 - [MainProcess:160236] mummi_ras.online.cg.cganalysis:run_main_analysis:193 - INFO - Process frame 44
2025-04-08 16:32:57,503 - [MainProcess:160236] mummi_ras.online.cg.cganalysis:processFrame:554 - INFO - Load 45 frames: current frame ID /tmp/mummi/cg/structure_iter00_000000000014-20250408_161548/traj_comp.xtc
2025-04-08 16:32:57,510 - [MainProcess:160236] mummi_ras.online.cg.cganalysis:processFrame:580 - INFO - Frame:    44, Time: 22000.000 ps, Bbox = [0, 181.06773, 0, 181.06773]
2025-04-08 16:32:57,510 - [MainProcess:160236] mummi_ras.online.cg.cganalysis:processFrame:584 - INFO - Lengths of layers: 660 31 493
2025-04-08 16:32:57,570 - [MainProcess:160236] mummi_ras.online.cg.cganalysis:processFrame:765 - INFO - Time for analysis - frameNum 44, time 0.06677794456481934 s
2025-04-08 16:32:59,570 - [MainProcess:160236] mummi_ras.online.simulation:has_computed_enough:352 - INFO - runtime_hours*0.99 = 0.495 vs delta_time = 0.28019931256771086 (length 22.0 ns) False False
2025-04-08 16:33:01,574 - [MainProcess:160236] mummi_ras.online.simulation:has_computed_enough:352 - INFO - runtime_hours*0.99 = 0.495 vs delta_time = 0.2807559104760488 (length 22.0 ns) False False
2025-04-08 16:33:03,577 - [MainProcess:160236] mummi_ras.online.simulation:has_computed_enough:352 - INFO - runtime_hours*0.99 = 0.495 vs delta_time = 0.2813124629524019 (length 22.0 ns) False False
2025-04-08 16:33:05,581 - [MainProcess:160236] mummi_ras.online.simulation:has_computed_enough:352 - INFO - runtime_hours*0.99 = 0.495 vs delta_time = 0.28186901410420734 (length 22.0 ns) False False
2025-04-08 16:33:07,585 - [MainProcess:160236] mummi_ras.online.simulation:has_computed_enough:352 - INFO - runtime_hours*0.99 = 0.495 vs delta_time = 0.2824255559841792 (length 22.0 ns) False False
2025-04-08 16:33:09,588 - [MainProcess:160236] mummi_ras.online.simulation:has_computed_enough:352 - INFO - runtime_hours*0.99 = 0.495 vs delta_time = 0.28298210468557145 (length 22.0 ns) False False
2025-04-08 16:33:11,592 - [MainProcess:160236] mummi_ras.online.simulation:has_computed_enough:352 - INFO - runtime_hours*0.99 = 0.495 vs delta_time = 0.28353865060541367 (length 22.0 ns) False False
2025-04-08 16:33:13,595 - [MainProcess:160236] mummi_ras.online.simulation:has_computed_enough:352 - INFO - runtime_hours*0.99 = 0.495 vs delta_time = 0.2840951985120773 (length 22.0 ns) False False
2025-04-08 16:33:15,599 - [MainProcess:160236] mummi_ras.online.simulation:has_computed_enough:352 - INFO - runtime_hours*0.99 = 0.495 vs delta_time = 0.28465173304080965 (length 22.0 ns) False False
2025-04-08 16:33:17,602 - [MainProcess:160236] mummi_ras.online.simulation:has_computed_enough:352 - INFO - runtime_hours*0.99 = 0.495 vs delta_time = 0.28520826558272044 (length 22.0 ns) False False
2025-04-08 16:33:19,606 - [MainProcess:160236] mummi_ras.online.simulation:has_computed_enough:352 - INFO - runtime_hours*0.99 = 0.495 vs delta_time = 0.28576479759481216 (length 22.0 ns) False False
2025-04-08 16:33:19,691 - [MainProcess:160236] mummi_ras.online.simulation:get_new_frames:399 - INFO - Getting all frame numbers in trajectory from 45 to 45.
2025-04-08 16:33:19,691 - [MainProcess:160236] mummi_ras.online.cg.cganalysis:run_main_analysis:193 - INFO - Process frame 45
2025-04-08 16:33:19,691 - [MainProcess:160236] mummi_ras.online.cg.cganalysis:processFrame:554 - INFO - Load 46 frames: current frame ID /tmp/mummi/cg/structure_iter00_000000000014-20250408_161548/traj_comp.xtc
2025-04-08 16:33:19,698 - [MainProcess:160236] mummi_ras.online.cg.cganalysis:processFrame:580 - INFO - Frame:    45, Time: 22500.000 ps, Bbox = [0, 181.4996, 0, 181.4996]
2025-04-08 16:33:19,698 - [MainProcess:160236] mummi_ras.online.cg.cganalysis:processFrame:584 - INFO - Lengths of layers: 660 37 487
2025-04-08 16:33:19,759 - [MainProcess:160236] mummi_ras.online.cg.cganalysis:processFrame:765 - INFO - Time for analysis - frameNum 45, time 0.06712460517883301 s
2025-04-08 16:33:21,759 - [MainProcess:160236] mummi_ras.online.simulation:has_computed_enough:352 - INFO - runtime_hours*0.99 = 0.495 vs delta_time = 0.2863629138469696 (length 22.5 ns) False False
2025-04-08 16:33:23,763 - [MainProcess:160236] mummi_ras.online.simulation:has_computed_enough:352 - INFO - runtime_hours*0.99 = 0.495 vs delta_time = 0.28691950506634184 (length 22.5 ns) False False
2025-04-08 16:33:25,766 - [MainProcess:160236] mummi_ras.online.simulation:has_computed_enough:352 - INFO - runtime_hours*0.99 = 0.495 vs delta_time = 0.2874760662847095 (length 22.5 ns) False False
2025-04-08 16:33:27,770 - [MainProcess:160236] mummi_ras.online.simulation:has_computed_enough:352 - INFO - runtime_hours*0.99 = 0.495 vs delta_time = 0.28803261399269103 (length 22.5 ns) False False
2025-04-08 16:33:29,774 - [MainProcess:160236] mummi_ras.online.simulation:has_computed_enough:352 - INFO - runtime_hours*0.99 = 0.495 vs delta_time = 0.2885891658067703 (length 22.5 ns) False False
2025-04-08 16:33:31,777 - [MainProcess:160236] mummi_ras.online.simulation:has_computed_enough:352 - INFO - runtime_hours*0.99 = 0.495 vs delta_time = 0.28914571199152206 (length 22.5 ns) False False
2025-04-08 16:33:33,781 - [MainProcess:160236] mummi_ras.online.simulation:has_computed_enough:352 - INFO - runtime_hours*0.99 = 0.495 vs delta_time = 0.2897022618850072 (length 22.5 ns) False False
2025-04-08 16:33:35,784 - [MainProcess:160236] mummi_ras.online.simulation:has_computed_enough:352 - INFO - runtime_hours*0.99 = 0.495 vs delta_time = 0.29025879793696935 (length 22.5 ns) False False
2025-04-08 16:33:37,788 - [MainProcess:160236] mummi_ras.online.simulation:has_computed_enough:352 - INFO - runtime_hours*0.99 = 0.495 vs delta_time = 0.2908153443866306 (length 22.5 ns) False False
2025-04-08 16:33:39,791 - [MainProcess:160236] mummi_ras.online.simulation:has_computed_enough:352 - INFO - runtime_hours*0.99 = 0.495 vs delta_time = 0.2913718758026759 (length 22.5 ns) False False
2025-04-08 16:33:41,795 - [MainProcess:160236] mummi_ras.online.simulation:has_computed_enough:352 - INFO - runtime_hours*0.99 = 0.495 vs delta_time = 0.29192841788132984 (length 22.5 ns) False False
2025-04-08 16:33:41,928 - [MainProcess:160236] mummi_ras.online.simulation:get_new_frames:399 - INFO - Getting all frame numbers in trajectory from 46 to 46.
2025-04-08 16:33:41,928 - [MainProcess:160236] mummi_ras.online.cg.cganalysis:run_main_analysis:193 - INFO - Process frame 46
2025-04-08 16:33:41,928 - [MainProcess:160236] mummi_ras.online.cg.cganalysis:processFrame:554 - INFO - Load 47 frames: current frame ID /tmp/mummi/cg/structure_iter00_000000000014-20250408_161548/traj_comp.xtc
2025-04-08 16:33:41,935 - [MainProcess:160236] mummi_ras.online.cg.cganalysis:processFrame:580 - INFO - Frame:    46, Time: 23000.000 ps, Bbox = [0, 179.81958, 0, 179.81958]
2025-04-08 16:33:41,935 - [MainProcess:160236] mummi_ras.online.cg.cganalysis:processFrame:584 - INFO - Lengths of layers: 657 37 490
2025-04-08 16:33:41,995 - [MainProcess:160236] mummi_ras.online.cg.cganalysis:processFrame:765 - INFO - Time for analysis - frameNum 46, time 0.06708049774169922 s
2025-04-08 16:33:43,996 - [MainProcess:160236] mummi_ras.online.simulation:has_computed_enough:352 - INFO - runtime_hours*0.99 = 0.495 vs delta_time = 0.29253973623116813 (length 23.0 ns) False False
2025-04-08 16:33:45,999 - [MainProcess:160236] mummi_ras.online.simulation:has_computed_enough:352 - INFO - runtime_hours*0.99 = 0.495 vs delta_time = 0.2930963410271539 (length 23.0 ns) False False
2025-04-08 16:33:48,003 - [MainProcess:160236] mummi_ras.online.simulation:has_computed_enough:352 - INFO - runtime_hours*0.99 = 0.495 vs delta_time = 0.2936528942982356 (length 23.0 ns) False False
2025-04-08 16:33:50,007 - [MainProcess:160236] mummi_ras.online.simulation:has_computed_enough:352 - INFO - runtime_hours*0.99 = 0.495 vs delta_time = 0.2942094520727793 (length 23.0 ns) False False
2025-04-08 16:33:52,010 - [MainProcess:160236] mummi_ras.online.simulation:has_computed_enough:352 - INFO - runtime_hours*0.99 = 0.495 vs delta_time = 0.29476599468125236 (length 23.0 ns) False False
2025-04-08 16:33:54,014 - [MainProcess:160236] mummi_ras.online.simulation:has_computed_enough:352 - INFO - runtime_hours*0.99 = 0.495 vs delta_time = 0.2953225466940138 (length 23.0 ns) False False
2025-04-08 16:33:56,017 - [MainProcess:160236] mummi_ras.online.simulation:has_computed_enough:352 - INFO - runtime_hours*0.99 = 0.495 vs delta_time = 0.29587909387217626 (length 23.0 ns) False False
2025-04-08 16:33:58,021 - [MainProcess:160236] mummi_ras.online.simulation:has_computed_enough:352 - INFO - runtime_hours*0.99 = 0.495 vs delta_time = 0.2964356396595637 (length 23.0 ns) False False
2025-04-08 16:34:00,024 - [MainProcess:160236] mummi_ras.online.simulation:has_computed_enough:352 - INFO - runtime_hours*0.99 = 0.495 vs delta_time = 0.2969921886920929 (length 23.0 ns) False False
2025-04-08 16:34:02,028 - [MainProcess:160236] mummi_ras.online.simulation:has_computed_enough:352 - INFO - runtime_hours*0.99 = 0.495 vs delta_time = 0.2975487344794803 (length 23.0 ns) False False
2025-04-08 16:34:04,032 - [MainProcess:160236] mummi_ras.online.simulation:has_computed_enough:352 - INFO - runtime_hours*0.99 = 0.495 vs delta_time = 0.2981052736441294 (length 23.0 ns) False False
2025-04-08 16:34:04,064 - [MainProcess:160236] mummi_ras.online.simulation:get_new_frames:399 - INFO - Getting all frame numbers in trajectory from 47 to 47.
2025-04-08 16:34:04,064 - [MainProcess:160236] mummi_ras.online.cg.cganalysis:run_main_analysis:193 - INFO - Process frame 47
2025-04-08 16:34:04,064 - [MainProcess:160236] mummi_ras.online.cg.cganalysis:processFrame:554 - INFO - Load 48 frames: current frame ID /tmp/mummi/cg/structure_iter00_000000000014-20250408_161548/traj_comp.xtc
2025-04-08 16:34:04,071 - [MainProcess:160236] mummi_ras.online.cg.cganalysis:processFrame:580 - INFO - Frame:    47, Time: 23500.000 ps, Bbox = [0, 180.90985, 0, 180.90985]
2025-04-08 16:34:04,071 - [MainProcess:160236] mummi_ras.online.cg.cganalysis:processFrame:584 - INFO - Lengths of layers: 660 30 494
2025-04-08 16:34:04,131 - [MainProcess:160236] mummi_ras.online.cg.cganalysis:processFrame:765 - INFO - Time for analysis - frameNum 47, time 0.06708002090454102 s
2025-04-08 16:34:06,132 - [MainProcess:160236] mummi_ras.online.simulation:has_computed_enough:352 - INFO - runtime_hours*0.99 = 0.495 vs delta_time = 0.29868869569566514 (length 23.5 ns) False False
2025-04-08 16:34:08,136 - [MainProcess:160236] mummi_ras.online.simulation:has_computed_enough:352 - INFO - runtime_hours*0.99 = 0.495 vs delta_time = 0.2992452736695608 (length 23.5 ns) False False
2025-04-08 16:34:10,139 - [MainProcess:160236] mummi_ras.online.simulation:has_computed_enough:352 - INFO - runtime_hours*0.99 = 0.495 vs delta_time = 0.29980183170901403 (length 23.5 ns) False False
2025-04-08 16:34:12,143 - [MainProcess:160236] mummi_ras.online.simulation:has_computed_enough:352 - INFO - runtime_hours*0.99 = 0.495 vs delta_time = 0.30035837133725485 (length 23.5 ns) False False
2025-04-08 16:34:14,146 - [MainProcess:160236] mummi_ras.online.simulation:has_computed_enough:352 - INFO - runtime_hours*0.99 = 0.495 vs delta_time = 0.3009149212969674 (length 23.5 ns) False False
2025-04-08 16:34:16,150 - [MainProcess:160236] mummi_ras.online.simulation:has_computed_enough:352 - INFO - runtime_hours*0.99 = 0.495 vs delta_time = 0.3014714639716678 (length 23.5 ns) False False
2025-04-08 16:34:18,153 - [MainProcess:160236] mummi_ras.online.simulation:has_computed_enough:352 - INFO - runtime_hours*0.99 = 0.495 vs delta_time = 0.302028006778823 (length 23.5 ns) False False
2025-04-08 16:34:20,157 - [MainProcess:160236] mummi_ras.online.simulation:has_computed_enough:352 - INFO - runtime_hours*0.99 = 0.495 vs delta_time = 0.3025845507118437 (length 23.5 ns) False False
2025-04-08 16:34:22,160 - [MainProcess:160236] mummi_ras.online.simulation:has_computed_enough:352 - INFO - runtime_hours*0.99 = 0.495 vs delta_time = 0.3031410943137275 (length 23.5 ns) False False
2025-04-08 16:34:24,164 - [MainProcess:160236] mummi_ras.online.simulation:has_computed_enough:352 - INFO - runtime_hours*0.99 = 0.495 vs delta_time = 0.3036976285775502 (length 23.5 ns) False False
2025-04-08 16:34:26,168 - [MainProcess:160236] mummi_ras.online.simulation:has_computed_enough:352 - INFO - runtime_hours*0.99 = 0.495 vs delta_time = 0.3042541736364365 (length 23.5 ns) False False
2025-04-08 16:34:28,171 - [MainProcess:160236] mummi_ras.online.simulation:has_computed_enough:352 - INFO - runtime_hours*0.99 = 0.495 vs delta_time = 0.30481070710553065 (length 23.5 ns) False False
2025-04-08 16:34:28,335 - [MainProcess:160236] mummi_ras.online.simulation:get_new_frames:399 - INFO - Getting all frame numbers in trajectory from 48 to 48.
2025-04-08 16:34:28,335 - [MainProcess:160236] mummi_ras.online.cg.cganalysis:run_main_analysis:193 - INFO - Process frame 48
2025-04-08 16:34:28,336 - [MainProcess:160236] mummi_ras.online.cg.cganalysis:processFrame:554 - INFO - Load 49 frames: current frame ID /tmp/mummi/cg/structure_iter00_000000000014-20250408_161548/traj_comp.xtc
2025-04-08 16:34:28,342 - [MainProcess:160236] mummi_ras.online.cg.cganalysis:processFrame:580 - INFO - Frame:    48, Time: 24000.000 ps, Bbox = [0, 181.16936, 0, 181.16936]
2025-04-08 16:34:28,342 - [MainProcess:160236] mummi_ras.online.cg.cganalysis:processFrame:584 - INFO - Lengths of layers: 658 31 495
2025-04-08 16:34:28,403 - [MainProcess:160236] mummi_ras.online.cg.cganalysis:processFrame:765 - INFO - Time for analysis - frameNum 48, time 0.06713247299194336 s
2025-04-08 16:34:30,403 - [MainProcess:160236] mummi_ras.online.simulation:has_computed_enough:352 - INFO - runtime_hours*0.99 = 0.495 vs delta_time = 0.3054307431644864 (length 24.0 ns) False False
2025-04-08 16:34:32,407 - [MainProcess:160236] mummi_ras.online.simulation:has_computed_enough:352 - INFO - runtime_hours*0.99 = 0.495 vs delta_time = 0.3059873331917657 (length 24.0 ns) False False
2025-04-08 16:34:34,410 - [MainProcess:160236] mummi_ras.online.simulation:has_computed_enough:352 - INFO - runtime_hours*0.99 = 0.495 vs delta_time = 0.30654388003879124 (length 24.0 ns) False False
2025-04-08 16:34:36,414 - [MainProcess:160236] mummi_ras.online.simulation:has_computed_enough:352 - INFO - runtime_hours*0.99 = 0.495 vs delta_time = 0.3071004311243693 (length 24.0 ns) False False
2025-04-08 16:34:38,418 - [MainProcess:160236] mummi_ras.online.simulation:has_computed_enough:352 - INFO - runtime_hours*0.99 = 0.495 vs delta_time = 0.3076569860511356 (length 24.0 ns) False False
2025-04-08 16:34:40,421 - [MainProcess:160236] mummi_ras.online.simulation:has_computed_enough:352 - INFO - runtime_hours*0.99 = 0.495 vs delta_time = 0.3082135399182638 (length 24.0 ns) False False
2025-04-08 16:34:42,425 - [MainProcess:160236] mummi_ras.online.simulation:has_computed_enough:352 - INFO - runtime_hours*0.99 = 0.495 vs delta_time = 0.30877008305655584 (length 24.0 ns) False False
2025-04-08 16:34:44,428 - [MainProcess:160236] mummi_ras.online.simulation:has_computed_enough:352 - INFO - runtime_hours*0.99 = 0.495 vs delta_time = 0.30932663281758627 (length 24.0 ns) False False
2025-04-08 16:34:46,432 - [MainProcess:160236] mummi_ras.online.simulation:has_computed_enough:352 - INFO - runtime_hours*0.99 = 0.495 vs delta_time = 0.30988318231370715 (length 24.0 ns) False False
2025-04-08 16:34:48,436 - [MainProcess:160236] mummi_ras.online.simulation:has_computed_enough:352 - INFO - runtime_hours*0.99 = 0.495 vs delta_time = 0.3104397331343757 (length 24.0 ns) False False
2025-04-08 16:34:50,439 - [MainProcess:160236] mummi_ras.online.simulation:has_computed_enough:352 - INFO - runtime_hours*0.99 = 0.495 vs delta_time = 0.31099627355734505 (length 24.0 ns) False False
2025-04-08 16:34:50,603 - [MainProcess:160236] mummi_ras.online.simulation:get_new_frames:399 - INFO - Getting all frame numbers in trajectory from 49 to 49.
2025-04-08 16:34:50,603 - [MainProcess:160236] mummi_ras.online.cg.cganalysis:run_main_analysis:193 - INFO - Process frame 49
2025-04-08 16:34:50,603 - [MainProcess:160236] mummi_ras.online.cg.cganalysis:processFrame:554 - INFO - Load 50 frames: current frame ID /tmp/mummi/cg/structure_iter00_000000000014-20250408_161548/traj_comp.xtc
2025-04-08 16:34:50,610 - [MainProcess:160236] mummi_ras.online.cg.cganalysis:processFrame:580 - INFO - Frame:    49, Time: 24500.000 ps, Bbox = [0, 181.61768, 0, 181.61768]
2025-04-08 16:34:50,610 - [MainProcess:160236] mummi_ras.online.cg.cganalysis:processFrame:584 - INFO - Lengths of layers: 654 35 495
2025-04-08 16:34:50,670 - [MainProcess:160236] mummi_ras.online.cg.cganalysis:processFrame:765 - INFO - Time for analysis - frameNum 49, time 0.06721305847167969 s
2025-04-08 16:34:52,671 - [MainProcess:160236] mummi_ras.online.simulation:has_computed_enough:352 - INFO - runtime_hours*0.99 = 0.495 vs delta_time = 0.3116162000099818 (length 24.5 ns) False False
2025-04-08 16:34:52,675 - [MainProcess:160236] mummi_ras.online.cg.cganalysis:processOutput:92 - INFO - Add feedback for frameNum 40 - state []
2025-04-08 16:34:52,675 - [MainProcess:160236] mummi_ras.online.cg.cganalysis:processOutput:92 - INFO - Add feedback for frameNum 41 - state []
2025-04-08 16:34:52,675 - [MainProcess:160236] mummi_ras.online.cg.cganalysis:processOutput:92 - INFO - Add feedback for frameNum 42 - state []
2025-04-08 16:34:52,675 - [MainProcess:160236] mummi_ras.online.cg.cganalysis:processOutput:92 - INFO - Add feedback for frameNum 43 - state []
2025-04-08 16:34:52,675 - [MainProcess:160236] mummi_ras.online.cg.cganalysis:processOutput:92 - INFO - Add feedback for frameNum 44 - state []
2025-04-08 16:34:52,675 - [MainProcess:160236] mummi_ras.online.cg.cganalysis:processOutput:92 - INFO - Add feedback for frameNum 45 - state []
2025-04-08 16:34:52,675 - [MainProcess:160236] mummi_ras.online.cg.cganalysis:processOutput:92 - INFO - Add feedback for frameNum 46 - state []
2025-04-08 16:34:52,675 - [MainProcess:160236] mummi_ras.online.cg.cganalysis:processOutput:92 - INFO - Add feedback for frameNum 47 - state []
2025-04-08 16:34:52,675 - [MainProcess:160236] mummi_ras.online.cg.cganalysis:processOutput:92 - INFO - Add feedback for frameNum 48 - state []
2025-04-08 16:34:52,675 - [MainProcess:160236] mummi_ras.online.cg.cganalysis:processOutput:92 - INFO - Add feedback for frameNum 49 - state []
2025-04-08 16:34:52,686 - [MainProcess:160236] mummi_core.interfaces.simple:_save_files:91 - INFO - Wrote 10 files to (/p/gpfs1/pottier1/minimummi-sc25/roots/root1/feedback-cg2ml/014)
2025-04-08 16:34:52,686 - [MainProcess:160236] mummi_ras.feedback.feedback_manager_cg2ml:report:118 - INFO - Added 10 frames (from structure_iter00_000000000014) to feedback (/p/gpfs1/pottier1/minimummi-sc25/roots/root1/feedback-cg2ml)
2025-04-08 16:34:52,686 - [MainProcess:160236] mummi_ras.online.cg.cganalysis:processOutput:112 - INFO - processOutput: 49
2025-04-08 16:34:52,686 - [MainProcess:160236] mummi_ras.online.cg.cganalysis:copyRemoteRestart:452 - INFO - Copy to remote frames [40, 41, 42, 43, 44, 45, 46, 47, 48, 49]
2025-04-08 16:34:52,820 - [MainProcess:160236] mummi_core.utils.utilities:sys_call:184 - INFO - Run command: rsync -va --no-g traj_comp.xtc topol.tpr state.cpt ener.edr md.log mdrun.log /p/gpfs1/pottier1/minimummi-sc25/roots/root1/sims-cg/structure_iter00_000000000014 || true
2025-04-08 16:34:53,353 - [MainProcess:160236] mummi_ras.interfaces.mummi:save_analysis_data:253 - INFO - Saved all analysis data for frames [40, 41, 42, 43, 44, 45, 46, 47, 48, 49]
2025-04-08 16:34:53,353 - [MainProcess:160236] mummi_ras.online.cg.cganalysis:copyRemoteLogs:350 - INFO - Copy over log files
2025-04-08 16:34:53,379 - [MainProcess:160236] mummi_core.utils.utilities:sys_call:184 - INFO - Run command: cp -r  /tmp/mummi/cg/structure_iter00_000000000014-20250408_161548/cg_analysis.out /tmp/mummi/cg/structure_iter00_000000000014-20250408_161548/traj_comp.xtc /tmp/mummi/cg/structure_iter00_000000000014-20250408_161548/*.log /p/gpfs1/pottier1/minimummi-sc25/roots/root1/sims-cg/structure_iter00_000000000014/ || true
2025-04-08 16:34:53,380 - [MainProcess:160236] mummi_ras.online.cg.cganalysis:copyRemoteLogs:365 - INFO - copyRemoteLogs =  /tmp/mummi/cg/structure_iter00_000000000014-20250408_161548/cg_analysis.out /tmp/mummi/cg/structure_iter00_000000000014-20250408_161548/traj_comp.xtc /tmp/mummi/cg/structure_iter00_000000000014-20250408_161548/*.log
2025-04-08 16:34:53,380 - [MainProcess:160236] mummi_ras.online.cg.cganalysis:cleanupLocal:375 - WARNING - Copy cleanup local only works for ddcMD files
2025-04-08 16:34:55,380 - [MainProcess:160236] mummi_ras.online.simulation:has_computed_enough:352 - INFO - runtime_hours*0.99 = 0.495 vs delta_time = 0.3123687202400631 (length 24.5 ns) False False
2025-04-08 16:34:57,386 - [MainProcess:160236] mummi_ras.online.simulation:has_computed_enough:352 - INFO - runtime_hours*0.99 = 0.495 vs delta_time = 0.31292608824041157 (length 24.5 ns) False False
2025-04-08 16:34:59,393 - [MainProcess:160236] mummi_ras.online.simulation:has_computed_enough:352 - INFO - runtime_hours*0.99 = 0.495 vs delta_time = 0.31348340544435715 (length 24.5 ns) False False
2025-04-08 16:35:01,399 - [MainProcess:160236] mummi_ras.online.simulation:has_computed_enough:352 - INFO - runtime_hours*0.99 = 0.495 vs delta_time = 0.3140407164891561 (length 24.5 ns) False False
2025-04-08 16:35:03,405 - [MainProcess:160236] mummi_ras.online.simulation:has_computed_enough:352 - INFO - runtime_hours*0.99 = 0.495 vs delta_time = 0.31459803601106007 (length 24.5 ns) False False
2025-04-08 16:35:05,412 - [MainProcess:160236] mummi_ras.online.simulation:has_computed_enough:352 - INFO - runtime_hours*0.99 = 0.495 vs delta_time = 0.31515537824895645 (length 24.5 ns) False False
2025-04-08 16:35:07,418 - [MainProcess:160236] mummi_ras.online.simulation:has_computed_enough:352 - INFO - runtime_hours*0.99 = 0.495 vs delta_time = 0.31571273340119255 (length 24.5 ns) False False
2025-04-08 16:35:09,425 - [MainProcess:160236] mummi_ras.online.simulation:has_computed_enough:352 - INFO - runtime_hours*0.99 = 0.495 vs delta_time = 0.31627008047368793 (length 24.5 ns) False False
2025-04-08 16:35:11,431 - [MainProcess:160236] mummi_ras.online.simulation:has_computed_enough:352 - INFO - runtime_hours*0.99 = 0.495 vs delta_time = 0.3168274672163857 (length 24.5 ns) False False
2025-04-08 16:35:13,438 - [MainProcess:160236] mummi_ras.online.simulation:has_computed_enough:352 - INFO - runtime_hours*0.99 = 0.495 vs delta_time = 0.3173848584625456 (length 24.5 ns) False False
2025-04-08 16:35:13,486 - [MainProcess:160236] mummi_ras.online.simulation:get_new_frames:399 - INFO - Getting all frame numbers in trajectory from 50 to 50.
2025-04-08 16:35:13,486 - [MainProcess:160236] mummi_ras.online.cg.cganalysis:run_main_analysis:193 - INFO - Process frame 50
2025-04-08 16:35:13,486 - [MainProcess:160236] mummi_ras.online.cg.cganalysis:processFrame:554 - INFO - Load 51 frames: current frame ID /tmp/mummi/cg/structure_iter00_000000000014-20250408_161548/traj_comp.xtc
2025-04-08 16:35:13,493 - [MainProcess:160236] mummi_ras.online.cg.cganalysis:processFrame:580 - INFO - Frame:    50, Time: 25000.000 ps, Bbox = [0, 181.21596, 0, 181.21596]
2025-04-08 16:35:13,493 - [MainProcess:160236] mummi_ras.online.cg.cganalysis:processFrame:584 - INFO - Lengths of layers: 659 29 496
2025-04-08 16:35:13,555 - [MainProcess:160236] mummi_ras.online.cg.cganalysis:processFrame:765 - INFO - Time for analysis - frameNum 50, time 0.06914710998535156 s
2025-04-08 16:35:15,556 - [MainProcess:160236] mummi_ras.online.simulation:has_computed_enough:352 - INFO - runtime_hours*0.99 = 0.495 vs delta_time = 0.31797316835986245 (length 25.0 ns) False False
2025-04-08 16:35:17,560 - [MainProcess:160236] mummi_ras.online.simulation:has_computed_enough:352 - INFO - runtime_hours*0.99 = 0.495 vs delta_time = 0.3185297696457969 (length 25.0 ns) False False
2025-04-08 16:35:19,563 - [MainProcess:160236] mummi_ras.online.simulation:has_computed_enough:352 - INFO - runtime_hours*0.99 = 0.495 vs delta_time = 0.3190863193405999 (length 25.0 ns) False False
2025-04-08 16:35:21,567 - [MainProcess:160236] mummi_ras.online.simulation:has_computed_enough:352 - INFO - runtime_hours*0.99 = 0.495 vs delta_time = 0.319642869565222 (length 25.0 ns) False False
2025-04-08 16:35:23,570 - [MainProcess:160236] mummi_ras.online.simulation:has_computed_enough:352 - INFO - runtime_hours*0.99 = 0.495 vs delta_time = 0.32019941409428915 (length 25.0 ns) False False
2025-04-08 16:35:25,574 - [MainProcess:160236] mummi_ras.online.simulation:has_computed_enough:352 - INFO - runtime_hours*0.99 = 0.495 vs delta_time = 0.32075595259666445 (length 25.0 ns) False False
2025-04-08 16:35:27,577 - [MainProcess:160236] mummi_ras.online.simulation:has_computed_enough:352 - INFO - runtime_hours*0.99 = 0.495 vs delta_time = 0.32131249248981475 (length 25.0 ns) False False
2025-04-08 16:35:29,581 - [MainProcess:160236] mummi_ras.online.simulation:has_computed_enough:352 - INFO - runtime_hours*0.99 = 0.495 vs delta_time = 0.32186904165479874 (length 25.0 ns) False False
2025-04-08 16:35:31,585 - [MainProcess:160236] mummi_ras.online.simulation:has_computed_enough:352 - INFO - runtime_hours*0.99 = 0.495 vs delta_time = 0.32242557850148945 (length 25.0 ns) False False
2025-04-08 16:35:33,588 - [MainProcess:160236] mummi_ras.online.simulation:has_computed_enough:352 - INFO - runtime_hours*0.99 = 0.495 vs delta_time = 0.32298211932182314 (length 25.0 ns) False False
2025-04-08 16:35:35,592 - [MainProcess:160236] mummi_ras.online.simulation:has_computed_enough:352 - INFO - runtime_hours*0.99 = 0.495 vs delta_time = 0.3235386586851544 (length 25.0 ns) False False
2025-04-08 16:35:35,670 - [MainProcess:160236] mummi_ras.online.simulation:get_new_frames:399 - INFO - Getting all frame numbers in trajectory from 51 to 51.
2025-04-08 16:35:35,670 - [MainProcess:160236] mummi_ras.online.cg.cganalysis:run_main_analysis:193 - INFO - Process frame 51
2025-04-08 16:35:35,670 - [MainProcess:160236] mummi_ras.online.cg.cganalysis:processFrame:554 - INFO - Load 52 frames: current frame ID /tmp/mummi/cg/structure_iter00_000000000014-20250408_161548/traj_comp.xtc
2025-04-08 16:35:35,677 - [MainProcess:160236] mummi_ras.online.cg.cganalysis:processFrame:580 - INFO - Frame:    51, Time: 25500.000 ps, Bbox = [0, 181.42271, 0, 181.42271]
2025-04-08 16:35:35,677 - [MainProcess:160236] mummi_ras.online.cg.cganalysis:processFrame:584 - INFO - Lengths of layers: 663 28 493
2025-04-08 16:35:35,737 - [MainProcess:160236] mummi_ras.online.cg.cganalysis:processFrame:765 - INFO - Time for analysis - frameNum 51, time 0.066864013671875 s
2025-04-08 16:35:37,737 - [MainProcess:160236] mummi_ras.online.simulation:has_computed_enough:352 - INFO - runtime_hours*0.99 = 0.495 vs delta_time = 0.3241346894370185 (length 25.5 ns) False False
2025-04-08 16:35:39,741 - [MainProcess:160236] mummi_ras.online.simulation:has_computed_enough:352 - INFO - runtime_hours*0.99 = 0.495 vs delta_time = 0.3246912856896718 (length 25.5 ns) False False
2025-04-08 16:35:41,745 - [MainProcess:160236] mummi_ras.online.simulation:has_computed_enough:352 - INFO - runtime_hours*0.99 = 0.495 vs delta_time = 0.3252478431330787 (length 25.5 ns) False False
2025-04-08 16:35:43,748 - [MainProcess:160236] mummi_ras.online.simulation:has_computed_enough:352 - INFO - runtime_hours*0.99 = 0.495 vs delta_time = 0.32580439163578884 (length 25.5 ns) False False
2025-04-08 16:35:45,752 - [MainProcess:160236] mummi_ras.online.simulation:has_computed_enough:352 - INFO - runtime_hours*0.99 = 0.495 vs delta_time = 0.32636093490653567 (length 25.5 ns) False False
2025-04-08 16:35:47,755 - [MainProcess:160236] mummi_ras.online.simulation:has_computed_enough:352 - INFO - runtime_hours*0.99 = 0.495 vs delta_time = 0.3269174761904611 (length 25.5 ns) False False
2025-04-08 16:35:49,759 - [MainProcess:160236] mummi_ras.online.simulation:has_computed_enough:352 - INFO - runtime_hours*0.99 = 0.495 vs delta_time = 0.3274740251567629 (length 25.5 ns) False False
2025-04-08 16:35:51,763 - [MainProcess:160236] mummi_ras.online.simulation:has_computed_enough:352 - INFO - runtime_hours*0.99 = 0.495 vs delta_time = 0.32803056445386675 (length 25.5 ns) False False
2025-04-08 16:35:53,766 - [MainProcess:160236] mummi_ras.online.simulation:has_computed_enough:352 - INFO - runtime_hours*0.99 = 0.495 vs delta_time = 0.32858711507585314 (length 25.5 ns) False False
2025-04-08 16:35:55,770 - [MainProcess:160236] mummi_ras.online.simulation:has_computed_enough:352 - INFO - runtime_hours*0.99 = 0.495 vs delta_time = 0.32914365278349983 (length 25.5 ns) False False
2025-04-08 16:35:57,773 - [MainProcess:160236] mummi_ras.online.simulation:has_computed_enough:352 - INFO - runtime_hours*0.99 = 0.495 vs delta_time = 0.32970019969675274 (length 25.5 ns) False False
2025-04-08 16:35:59,777 - [MainProcess:160236] mummi_ras.online.simulation:has_computed_enough:352 - INFO - runtime_hours*0.99 = 0.495 vs delta_time = 0.33025674290127227 (length 25.5 ns) False False
2025-04-08 16:36:00,110 - [MainProcess:160236] mummi_ras.online.simulation:get_new_frames:399 - INFO - Getting all frame numbers in trajectory from 52 to 52.
2025-04-08 16:36:00,110 - [MainProcess:160236] mummi_ras.online.cg.cganalysis:run_main_analysis:193 - INFO - Process frame 52
2025-04-08 16:36:00,110 - [MainProcess:160236] mummi_ras.online.cg.cganalysis:processFrame:554 - INFO - Load 53 frames: current frame ID /tmp/mummi/cg/structure_iter00_000000000014-20250408_161548/traj_comp.xtc
2025-04-08 16:36:00,116 - [MainProcess:160236] mummi_ras.online.cg.cganalysis:processFrame:580 - INFO - Frame:    52, Time: 26000.000 ps, Bbox = [0, 180.79169, 0, 180.79169]
2025-04-08 16:36:00,117 - [MainProcess:160236] mummi_ras.online.cg.cganalysis:processFrame:584 - INFO - Lengths of layers: 664 29 491
2025-04-08 16:36:00,177 - [MainProcess:160236] mummi_ras.online.cg.cganalysis:processFrame:765 - INFO - Time for analysis - frameNum 52, time 0.06722521781921387 s
2025-04-08 16:36:02,177 - [MainProcess:160236] mummi_ras.online.simulation:has_computed_enough:352 - INFO - runtime_hours*0.99 = 0.495 vs delta_time = 0.3309236000643836 (length 26.0 ns) False False
2025-04-08 16:36:04,181 - [MainProcess:160236] mummi_ras.online.simulation:has_computed_enough:352 - INFO - runtime_hours*0.99 = 0.495 vs delta_time = 0.3314801882372962 (length 26.0 ns) False False
2025-04-08 16:36:06,185 - [MainProcess:160236] mummi_ras.online.simulation:has_computed_enough:352 - INFO - runtime_hours*0.99 = 0.495 vs delta_time = 0.3320367419057422 (length 26.0 ns) False False
2025-04-08 16:36:08,188 - [MainProcess:160236] mummi_ras.online.simulation:has_computed_enough:352 - INFO - runtime_hours*0.99 = 0.495 vs delta_time = 0.33259328027566276 (length 26.0 ns) False False
2025-04-08 16:36:10,192 - [MainProcess:160236] mummi_ras.online.simulation:has_computed_enough:352 - INFO - runtime_hours*0.99 = 0.495 vs delta_time = 0.3331498254670037 (length 26.0 ns) False False
2025-04-08 16:36:12,195 - [MainProcess:160236] mummi_ras.online.simulation:has_computed_enough:352 - INFO - runtime_hours*0.99 = 0.495 vs delta_time = 0.33370635787645975 (length 26.0 ns) False False
2025-04-08 16:36:14,199 - [MainProcess:160236] mummi_ras.online.simulation:has_computed_enough:352 - INFO - runtime_hours*0.99 = 0.495 vs delta_time = 0.3342629024717543 (length 26.0 ns) False False
2025-04-08 16:36:16,202 - [MainProcess:160236] mummi_ras.online.simulation:has_computed_enough:352 - INFO - runtime_hours*0.99 = 0.495 vs delta_time = 0.33481943428516386 (length 26.0 ns) False False
2025-04-08 16:36:18,206 - [MainProcess:160236] mummi_ras.online.simulation:has_computed_enough:352 - INFO - runtime_hours*0.99 = 0.495 vs delta_time = 0.33537597941027747 (length 26.0 ns) False False
2025-04-08 16:36:20,210 - [MainProcess:160236] mummi_ras.online.simulation:has_computed_enough:352 - INFO - runtime_hours*0.99 = 0.495 vs delta_time = 0.3359325175815158 (length 26.0 ns) False False
2025-04-08 16:36:22,213 - [MainProcess:160236] mummi_ras.online.simulation:has_computed_enough:352 - INFO - runtime_hours*0.99 = 0.495 vs delta_time = 0.33648906237549253 (length 26.0 ns) False False
2025-04-08 16:36:22,246 - [MainProcess:160236] mummi_ras.online.simulation:get_new_frames:399 - INFO - Getting all frame numbers in trajectory from 53 to 53.
2025-04-08 16:36:22,246 - [MainProcess:160236] mummi_ras.online.cg.cganalysis:run_main_analysis:193 - INFO - Process frame 53
2025-04-08 16:36:22,246 - [MainProcess:160236] mummi_ras.online.cg.cganalysis:processFrame:554 - INFO - Load 54 frames: current frame ID /tmp/mummi/cg/structure_iter00_000000000014-20250408_161548/traj_comp.xtc
2025-04-08 16:36:22,253 - [MainProcess:160236] mummi_ras.online.cg.cganalysis:processFrame:580 - INFO - Frame:    53, Time: 26500.000 ps, Bbox = [0, 181.29419, 0, 181.29419]
2025-04-08 16:36:22,253 - [MainProcess:160236] mummi_ras.online.cg.cganalysis:processFrame:584 - INFO - Lengths of layers: 664 30 490
2025-04-08 16:36:22,313 - [MainProcess:160236] mummi_ras.online.cg.cganalysis:processFrame:765 - INFO - Time for analysis - frameNum 53, time 0.06684470176696777 s
2025-04-08 16:36:24,313 - [MainProcess:160236] mummi_ras.online.simulation:has_computed_enough:352 - INFO - runtime_hours*0.99 = 0.495 vs delta_time = 0.33707241661018794 (length 26.5 ns) False False
2025-04-08 16:36:26,317 - [MainProcess:160236] mummi_ras.online.simulation:has_computed_enough:352 - INFO - runtime_hours*0.99 = 0.495 vs delta_time = 0.3376290141211616 (length 26.5 ns) False False
2025-04-08 16:36:28,321 - [MainProcess:160236] mummi_ras.online.simulation:has_computed_enough:352 - INFO - runtime_hours*0.99 = 0.495 vs delta_time = 0.3381855656703313 (length 26.5 ns) False False
2025-04-08 16:36:30,324 - [MainProcess:160236] mummi_ras.online.simulation:has_computed_enough:352 - INFO - runtime_hours*0.99 = 0.495 vs delta_time = 0.33874210953712464 (length 26.5 ns) False False
2025-04-08 16:36:32,328 - [MainProcess:160236] mummi_ras.online.simulation:has_computed_enough:352 - INFO - runtime_hours*0.99 = 0.495 vs delta_time = 0.3392986594968372 (length 26.5 ns) False False
2025-04-08 16:36:34,331 - [MainProcess:160236] mummi_ras.online.simulation:has_computed_enough:352 - INFO - runtime_hours*0.99 = 0.495 vs delta_time = 0.3398552101188236 (length 26.5 ns) False False
2025-04-08 16:36:36,335 - [MainProcess:160236] mummi_ras.online.simulation:has_computed_enough:352 - INFO - runtime_hours*0.99 = 0.495 vs delta_time = 0.34041175723075867 (length 26.5 ns) False False
2025-04-08 16:36:38,338 - [MainProcess:160236] mummi_ras.online.simulation:has_computed_enough:352 - INFO - runtime_hours*0.99 = 0.495 vs delta_time = 0.3409683030843735 (length 26.5 ns) False False
2025-04-08 16:36:40,342 - [MainProcess:160236] mummi_ras.online.simulation:has_computed_enough:352 - INFO - runtime_hours*0.99 = 0.495 vs delta_time = 0.3415248373481962 (length 26.5 ns) False False
2025-04-08 16:36:42,345 - [MainProcess:160236] mummi_ras.online.simulation:has_computed_enough:352 - INFO - runtime_hours*0.99 = 0.495 vs delta_time = 0.34208138273821936 (length 26.5 ns) False False
2025-04-08 16:36:44,349 - [MainProcess:160236] mummi_ras.online.simulation:has_computed_enough:352 - INFO - runtime_hours*0.99 = 0.495 vs delta_time = 0.342637918194135 (length 26.5 ns) False False
2025-04-08 16:36:44,545 - [MainProcess:160236] mummi_ras.online.simulation:get_new_frames:399 - INFO - Getting all frame numbers in trajectory from 54 to 54.
2025-04-08 16:36:44,545 - [MainProcess:160236] mummi_ras.online.cg.cganalysis:run_main_analysis:193 - INFO - Process frame 54
2025-04-08 16:36:44,545 - [MainProcess:160236] mummi_ras.online.cg.cganalysis:processFrame:554 - INFO - Load 55 frames: current frame ID /tmp/mummi/cg/structure_iter00_000000000014-20250408_161548/traj_comp.xtc
2025-04-08 16:36:44,552 - [MainProcess:160236] mummi_ras.online.cg.cganalysis:processFrame:580 - INFO - Frame:    54, Time: 27000.000 ps, Bbox = [0, 180.52023, 0, 180.52023]
2025-04-08 16:36:44,552 - [MainProcess:160236] mummi_ras.online.cg.cganalysis:processFrame:584 - INFO - Lengths of layers: 664 28 492
2025-04-08 16:36:44,612 - [MainProcess:160236] mummi_ras.online.cg.cganalysis:processFrame:765 - INFO - Time for analysis - frameNum 54, time 0.06733965873718262 s
2025-04-08 16:36:46,613 - [MainProcess:160236] mummi_ras.online.simulation:has_computed_enough:352 - INFO - runtime_hours*0.99 = 0.495 vs delta_time = 0.3432667160696454 (length 27.0 ns) False False
2025-04-08 16:36:48,616 - [MainProcess:160236] mummi_ras.online.simulation:has_computed_enough:352 - INFO - runtime_hours*0.99 = 0.495 vs delta_time = 0.3438233086797926 (length 27.0 ns) False False
2025-04-08 16:36:50,620 - [MainProcess:160236] mummi_ras.online.simulation:has_computed_enough:352 - INFO - runtime_hours*0.99 = 0.495 vs delta_time = 0.3443798571162754 (length 27.0 ns) False False
2025-04-08 16:36:52,624 - [MainProcess:160236] mummi_ras.online.simulation:has_computed_enough:352 - INFO - runtime_hours*0.99 = 0.495 vs delta_time = 0.3449364044268926 (length 27.0 ns) False False
2025-04-08 16:36:54,627 - [MainProcess:160236] mummi_ras.online.simulation:has_computed_enough:352 - INFO - runtime_hours*0.99 = 0.495 vs delta_time = 0.3454929472340478 (length 27.0 ns) False False
2025-04-08 16:36:56,631 - [MainProcess:160236] mummi_ras.online.simulation:has_computed_enough:352 - INFO - runtime_hours*0.99 = 0.495 vs delta_time = 0.34604948103427885 (length 27.0 ns) False False
2025-04-08 16:36:58,634 - [MainProcess:160236] mummi_ras.online.simulation:has_computed_enough:352 - INFO - runtime_hours*0.99 = 0.495 vs delta_time = 0.3466060272190306 (length 27.0 ns) False False
2025-04-08 16:37:00,638 - [MainProcess:160236] mummi_ras.online.simulation:has_computed_enough:352 - INFO - runtime_hours*0.99 = 0.495 vs delta_time = 0.34716255949603186 (length 27.0 ns) False False
2025-04-08 16:37:02,641 - [MainProcess:160236] mummi_ras.online.simulation:has_computed_enough:352 - INFO - runtime_hours*0.99 = 0.495 vs delta_time = 0.34771909726990596 (length 27.0 ns) False False
2025-04-08 16:37:04,645 - [MainProcess:160236] mummi_ras.online.simulation:has_computed_enough:352 - INFO - runtime_hours*0.99 = 0.495 vs delta_time = 0.34827564080556234 (length 27.0 ns) False False
2025-04-08 16:37:06,648 - [MainProcess:160236] mummi_ras.online.simulation:has_computed_enough:352 - INFO - runtime_hours*0.99 = 0.495 vs delta_time = 0.3488321848710378 (length 27.0 ns) False False
2025-04-08 16:37:06,938 - [MainProcess:160236] mummi_ras.online.simulation:get_new_frames:399 - INFO - Getting all frame numbers in trajectory from 55 to 55.
2025-04-08 16:37:06,938 - [MainProcess:160236] mummi_ras.online.cg.cganalysis:run_main_analysis:193 - INFO - Process frame 55
2025-04-08 16:37:06,938 - [MainProcess:160236] mummi_ras.online.cg.cganalysis:processFrame:554 - INFO - Load 56 frames: current frame ID /tmp/mummi/cg/structure_iter00_000000000014-20250408_161548/traj_comp.xtc
2025-04-08 16:37:06,945 - [MainProcess:160236] mummi_ras.online.cg.cganalysis:processFrame:580 - INFO - Frame:    55, Time: 27500.000 ps, Bbox = [0, 180.93158, 0, 180.93158]
2025-04-08 16:37:06,945 - [MainProcess:160236] mummi_ras.online.cg.cganalysis:processFrame:584 - INFO - Lengths of layers: 663 34 487
2025-04-08 16:37:07,005 - [MainProcess:160236] mummi_ras.online.cg.cganalysis:processFrame:765 - INFO - Time for analysis - frameNum 55, time 0.0669717788696289 s
2025-04-08 16:37:09,005 - [MainProcess:160236] mummi_ras.online.simulation:has_computed_enough:352 - INFO - runtime_hours*0.99 = 0.495 vs delta_time = 0.3494869069258372 (length 27.5 ns) False False
2025-04-08 16:37:11,009 - [MainProcess:160236] mummi_ras.online.simulation:has_computed_enough:352 - INFO - runtime_hours*0.99 = 0.495 vs delta_time = 0.3500435047679477 (length 27.5 ns) False False
2025-04-08 16:37:13,013 - [MainProcess:160236] mummi_ras.online.simulation:has_computed_enough:352 - INFO - runtime_hours*0.99 = 0.495 vs delta_time = 0.35060005995962357 (length 27.5 ns) False False
2025-04-08 16:37:15,016 - [MainProcess:160236] mummi_ras.online.simulation:has_computed_enough:352 - INFO - runtime_hours*0.99 = 0.495 vs delta_time = 0.3511566117074755 (length 27.5 ns) False False
2025-04-08 16:37:17,020 - [MainProcess:160236] mummi_ras.online.simulation:has_computed_enough:352 - INFO - runtime_hours*0.99 = 0.495 vs delta_time = 0.3517131630579631 (length 27.5 ns) False False
2025-04-08 16:37:19,023 - [MainProcess:160236] mummi_ras.online.simulation:has_computed_enough:352 - INFO - runtime_hours*0.99 = 0.495 vs delta_time = 0.3522697114944458 (length 27.5 ns) False False
2025-04-08 16:37:21,027 - [MainProcess:160236] mummi_ras.online.simulation:has_computed_enough:352 - INFO - runtime_hours*0.99 = 0.495 vs delta_time = 0.3528262573480606 (length 27.5 ns) False False
2025-04-08 16:37:23,031 - [MainProcess:160236] mummi_ras.online.simulation:has_computed_enough:352 - INFO - runtime_hours*0.99 = 0.495 vs delta_time = 0.35338280399640404 (length 27.5 ns) False False
2025-04-08 16:37:25,034 - [MainProcess:160236] mummi_ras.online.simulation:has_computed_enough:352 - INFO - runtime_hours*0.99 = 0.495 vs delta_time = 0.35393934686978656 (length 27.5 ns) False False
2025-04-08 16:37:27,038 - [MainProcess:160236] mummi_ras.online.simulation:has_computed_enough:352 - INFO - runtime_hours*0.99 = 0.495 vs delta_time = 0.35449589245849183 (length 27.5 ns) False False
2025-04-08 16:37:29,041 - [MainProcess:160236] mummi_ras.online.simulation:has_computed_enough:352 - INFO - runtime_hours*0.99 = 0.495 vs delta_time = 0.35505244606071046 (length 27.5 ns) False False
2025-04-08 16:37:31,045 - [MainProcess:160236] mummi_ras.online.simulation:has_computed_enough:352 - INFO - runtime_hours*0.99 = 0.495 vs delta_time = 0.35560899191432527 (length 27.5 ns) False False
2025-04-08 16:37:31,077 - [MainProcess:160236] mummi_ras.online.simulation:get_new_frames:399 - INFO - Getting all frame numbers in trajectory from 56 to 56.
2025-04-08 16:37:31,077 - [MainProcess:160236] mummi_ras.online.cg.cganalysis:run_main_analysis:193 - INFO - Process frame 56
2025-04-08 16:37:31,078 - [MainProcess:160236] mummi_ras.online.cg.cganalysis:processFrame:554 - INFO - Load 57 frames: current frame ID /tmp/mummi/cg/structure_iter00_000000000014-20250408_161548/traj_comp.xtc
2025-04-08 16:37:31,084 - [MainProcess:160236] mummi_ras.online.cg.cganalysis:processFrame:580 - INFO - Frame:    56, Time: 28000.000 ps, Bbox = [0, 180.71184, 0, 180.71184]
2025-04-08 16:37:31,084 - [MainProcess:160236] mummi_ras.online.cg.cganalysis:processFrame:584 - INFO - Lengths of layers: 663 31 490
2025-04-08 16:37:31,145 - [MainProcess:160236] mummi_ras.online.cg.cganalysis:processFrame:765 - INFO - Time for analysis - frameNum 56, time 0.06718039512634277 s
2025-04-08 16:37:33,145 - [MainProcess:160236] mummi_ras.online.simulation:has_computed_enough:352 - INFO - runtime_hours*0.99 = 0.495 vs delta_time = 0.35619240164756777 (length 28.0 ns) False False
2025-04-08 16:37:35,149 - [MainProcess:160236] mummi_ras.online.simulation:has_computed_enough:352 - INFO - runtime_hours*0.99 = 0.495 vs delta_time = 0.35674899399280546 (length 28.0 ns) False False
2025-04-08 16:37:37,152 - [MainProcess:160236] mummi_ras.online.simulation:has_computed_enough:352 - INFO - runtime_hours*0.99 = 0.495 vs delta_time = 0.3573055472638872 (length 28.0 ns) False False
2025-04-08 16:37:39,156 - [MainProcess:160236] mummi_ras.online.simulation:has_computed_enough:352 - INFO - runtime_hours*0.99 = 0.495 vs delta_time = 0.35786209046840667 (length 28.0 ns) False False
2025-04-08 16:37:41,160 - [MainProcess:160236] mummi_ras.online.simulation:has_computed_enough:352 - INFO - runtime_hours*0.99 = 0.495 vs delta_time = 0.35841863499747384 (length 28.0 ns) False False
2025-04-08 16:37:43,163 - [MainProcess:160236] mummi_ras.online.simulation:has_computed_enough:352 - INFO - runtime_hours*0.99 = 0.495 vs delta_time = 0.35897518038749693 (length 28.0 ns) False False
2025-04-08 16:37:45,167 - [MainProcess:160236] mummi_ras.online.simulation:has_computed_enough:352 - INFO - runtime_hours*0.99 = 0.495 vs delta_time = 0.359531721274058 (length 28.0 ns) False False
2025-04-08 16:37:47,170 - [MainProcess:160236] mummi_ras.online.simulation:has_computed_enough:352 - INFO - runtime_hours*0.99 = 0.495 vs delta_time = 0.3600882660680347 (length 28.0 ns) False False
2025-04-08 16:37:49,174 - [MainProcess:160236] mummi_ras.online.simulation:has_computed_enough:352 - INFO - runtime_hours*0.99 = 0.495 vs delta_time = 0.3606448096036911 (length 28.0 ns) False False
2025-04-08 16:37:51,177 - [MainProcess:160236] mummi_ras.online.simulation:has_computed_enough:352 - INFO - runtime_hours*0.99 = 0.495 vs delta_time = 0.36120134671529136 (length 28.0 ns) False False
2025-04-08 16:37:53,181 - [MainProcess:160236] mummi_ras.online.simulation:has_computed_enough:352 - INFO - runtime_hours*0.99 = 0.495 vs delta_time = 0.36175789104567635 (length 28.0 ns) False False
2025-04-08 16:37:53,290 - [MainProcess:160236] mummi_ras.online.simulation:get_new_frames:399 - INFO - Getting all frame numbers in trajectory from 57 to 57.
2025-04-08 16:37:53,290 - [MainProcess:160236] mummi_ras.online.cg.cganalysis:run_main_analysis:193 - INFO - Process frame 57
2025-04-08 16:37:53,291 - [MainProcess:160236] mummi_ras.online.cg.cganalysis:processFrame:554 - INFO - Load 58 frames: current frame ID /tmp/mummi/cg/structure_iter00_000000000014-20250408_161548/traj_comp.xtc
2025-04-08 16:37:53,297 - [MainProcess:160236] mummi_ras.online.cg.cganalysis:processFrame:580 - INFO - Frame:    57, Time: 28500.000 ps, Bbox = [0, 181.2862, 0, 181.2862]
2025-04-08 16:37:53,298 - [MainProcess:160236] mummi_ras.online.cg.cganalysis:processFrame:584 - INFO - Lengths of layers: 658 33 493
2025-04-08 16:37:53,357 - [MainProcess:160236] mummi_ras.online.cg.cganalysis:processFrame:765 - INFO - Time for analysis - frameNum 57, time 0.06688261032104492 s
2025-04-08 16:37:55,358 - [MainProcess:160236] mummi_ras.online.simulation:has_computed_enough:352 - INFO - runtime_hours*0.99 = 0.495 vs delta_time = 0.3623626223537657 (length 28.5 ns) False False
2025-04-08 16:37:57,362 - [MainProcess:160236] mummi_ras.online.simulation:has_computed_enough:352 - INFO - runtime_hours*0.99 = 0.495 vs delta_time = 0.3629192250304752 (length 28.5 ns) False False
2025-04-08 16:37:59,365 - [MainProcess:160236] mummi_ras.online.simulation:has_computed_enough:352 - INFO - runtime_hours*0.99 = 0.495 vs delta_time = 0.36347577763928307 (length 28.5 ns) False False
2025-04-08 16:38:01,369 - [MainProcess:160236] mummi_ras.online.simulation:has_computed_enough:352 - INFO - runtime_hours*0.99 = 0.495 vs delta_time = 0.36403233415550657 (length 28.5 ns) False False
2025-04-08 16:38:03,372 - [MainProcess:160236] mummi_ras.online.simulation:has_computed_enough:352 - INFO - runtime_hours*0.99 = 0.495 vs delta_time = 0.36458887683020696 (length 28.5 ns) False False
2025-04-08 16:38:05,376 - [MainProcess:160236] mummi_ras.online.simulation:has_computed_enough:352 - INFO - runtime_hours*0.99 = 0.495 vs delta_time = 0.3651454166571299 (length 28.5 ns) False False
2025-04-08 16:38:07,380 - [MainProcess:160236] mummi_ras.online.simulation:has_computed_enough:352 - INFO - runtime_hours*0.99 = 0.495 vs delta_time = 0.3657019652922948 (length 28.5 ns) False False
2025-04-08 16:38:09,383 - [MainProcess:160236] mummi_ras.online.simulation:has_computed_enough:352 - INFO - runtime_hours*0.99 = 0.495 vs delta_time = 0.3662585190931956 (length 28.5 ns) False False
2025-04-08 16:38:11,387 - [MainProcess:160236] mummi_ras.online.simulation:has_computed_enough:352 - INFO - runtime_hours*0.99 = 0.495 vs delta_time = 0.36681506123807694 (length 28.5 ns) False False
2025-04-08 16:38:13,390 - [MainProcess:160236] mummi_ras.online.simulation:has_computed_enough:352 - INFO - runtime_hours*0.99 = 0.495 vs delta_time = 0.3673716115951538 (length 28.5 ns) False False
2025-04-08 16:38:15,394 - [MainProcess:160236] mummi_ras.online.simulation:has_computed_enough:352 - INFO - runtime_hours*0.99 = 0.495 vs delta_time = 0.36792815307776133 (length 28.5 ns) False False
2025-04-08 16:38:15,627 - [MainProcess:160236] mummi_ras.online.simulation:get_new_frames:399 - INFO - Getting all frame numbers in trajectory from 58 to 58.
2025-04-08 16:38:15,627 - [MainProcess:160236] mummi_ras.online.cg.cganalysis:run_main_analysis:193 - INFO - Process frame 58
2025-04-08 16:38:15,627 - [MainProcess:160236] mummi_ras.online.cg.cganalysis:processFrame:554 - INFO - Load 59 frames: current frame ID /tmp/mummi/cg/structure_iter00_000000000014-20250408_161548/traj_comp.xtc
2025-04-08 16:38:15,634 - [MainProcess:160236] mummi_ras.online.cg.cganalysis:processFrame:580 - INFO - Frame:    58, Time: 29000.000 ps, Bbox = [0, 180.43135, 0, 180.43135]
2025-04-08 16:38:15,634 - [MainProcess:160236] mummi_ras.online.cg.cganalysis:processFrame:584 - INFO - Lengths of layers: 662 37 485
2025-04-08 16:38:15,694 - [MainProcess:160236] mummi_ras.online.cg.cganalysis:processFrame:765 - INFO - Time for analysis - frameNum 58, time 0.06679463386535645 s
2025-04-08 16:38:17,694 - [MainProcess:160236] mummi_ras.online.simulation:has_computed_enough:352 - INFO - runtime_hours*0.99 = 0.495 vs delta_time = 0.36856721229023404 (length 29.0 ns) False False
2025-04-08 16:38:19,698 - [MainProcess:160236] mummi_ras.online.simulation:has_computed_enough:352 - INFO - runtime_hours*0.99 = 0.495 vs delta_time = 0.36912380821175045 (length 29.0 ns) False False
2025-04-08 16:38:21,702 - [MainProcess:160236] mummi_ras.online.simulation:has_computed_enough:352 - INFO - runtime_hours*0.99 = 0.495 vs delta_time = 0.3696803644630644 (length 29.0 ns) False False
2025-04-08 16:38:23,705 - [MainProcess:160236] mummi_ras.online.simulation:has_computed_enough:352 - INFO - runtime_hours*0.99 = 0.495 vs delta_time = 0.3702369068066279 (length 29.0 ns) False False
2025-04-08 16:38:25,709 - [MainProcess:160236] mummi_ras.online.simulation:has_computed_enough:352 - INFO - runtime_hours*0.99 = 0.495 vs delta_time = 0.37079344590504965 (length 29.0 ns) False False
2025-04-08 16:38:27,712 - [MainProcess:160236] mummi_ras.online.simulation:has_computed_enough:352 - INFO - runtime_hours*0.99 = 0.495 vs delta_time = 0.3713499907652537 (length 29.0 ns) False False
2025-04-08 16:38:29,716 - [MainProcess:160236] mummi_ras.online.simulation:has_computed_enough:352 - INFO - runtime_hours*0.99 = 0.495 vs delta_time = 0.37190654383765326 (length 29.0 ns) False False
2025-04-08 16:38:31,720 - [MainProcess:160236] mummi_ras.online.simulation:has_computed_enough:352 - INFO - runtime_hours*0.99 = 0.495 vs delta_time = 0.3724630824062559 (length 29.0 ns) False False
2025-04-08 16:38:33,723 - [MainProcess:160236] mummi_ras.online.simulation:has_computed_enough:352 - INFO - runtime_hours*0.99 = 0.495 vs delta_time = 0.3730196296506458 (length 29.0 ns) False False
2025-04-08 16:38:35,727 - [MainProcess:160236] mummi_ras.online.simulation:has_computed_enough:352 - INFO - runtime_hours*0.99 = 0.495 vs delta_time = 0.3735761643118328 (length 29.0 ns) False False
2025-04-08 16:38:37,730 - [MainProcess:160236] mummi_ras.online.simulation:has_computed_enough:352 - INFO - runtime_hours*0.99 = 0.495 vs delta_time = 0.37413270817862615 (length 29.0 ns) False False
2025-04-08 16:38:39,734 - [MainProcess:160236] mummi_ras.online.simulation:has_computed_enough:352 - INFO - runtime_hours*0.99 = 0.495 vs delta_time = 0.374689250058598 (length 29.0 ns) False False
2025-04-08 16:38:39,766 - [MainProcess:160236] mummi_ras.online.simulation:get_new_frames:399 - INFO - Getting all frame numbers in trajectory from 59 to 59.
2025-04-08 16:38:39,766 - [MainProcess:160236] mummi_ras.online.cg.cganalysis:run_main_analysis:193 - INFO - Process frame 59
2025-04-08 16:38:39,767 - [MainProcess:160236] mummi_ras.online.cg.cganalysis:processFrame:554 - INFO - Load 60 frames: current frame ID /tmp/mummi/cg/structure_iter00_000000000014-20250408_161548/traj_comp.xtc
2025-04-08 16:38:39,773 - [MainProcess:160236] mummi_ras.online.cg.cganalysis:processFrame:580 - INFO - Frame:    59, Time: 29500.000 ps, Bbox = [0, 180.72752, 0, 180.72752]
2025-04-08 16:38:39,773 - [MainProcess:160236] mummi_ras.online.cg.cganalysis:processFrame:584 - INFO - Lengths of layers: 661 37 486
2025-04-08 16:38:39,834 - [MainProcess:160236] mummi_ras.online.cg.cganalysis:processFrame:765 - INFO - Time for analysis - frameNum 59, time 0.06730055809020996 s
2025-04-08 16:38:41,834 - [MainProcess:160236] mummi_ras.online.simulation:has_computed_enough:352 - INFO - runtime_hours*0.99 = 0.495 vs delta_time = 0.37527272058857813 (length 29.5 ns) False False
2025-04-08 16:38:41,838 - [MainProcess:160236] mummi_ras.online.cg.cganalysis:processOutput:92 - INFO - Add feedback for frameNum 50 - state []
2025-04-08 16:38:41,838 - [MainProcess:160236] mummi_ras.online.cg.cganalysis:processOutput:92 - INFO - Add feedback for frameNum 51 - state []
2025-04-08 16:38:41,838 - [MainProcess:160236] mummi_ras.online.cg.cganalysis:processOutput:92 - INFO - Add feedback for frameNum 52 - state []
2025-04-08 16:38:41,838 - [MainProcess:160236] mummi_ras.online.cg.cganalysis:processOutput:92 - INFO - Add feedback for frameNum 53 - state []
2025-04-08 16:38:41,838 - [MainProcess:160236] mummi_ras.online.cg.cganalysis:processOutput:92 - INFO - Add feedback for frameNum 54 - state []
2025-04-08 16:38:41,839 - [MainProcess:160236] mummi_ras.online.cg.cganalysis:processOutput:92 - INFO - Add feedback for frameNum 55 - state []
2025-04-08 16:38:41,839 - [MainProcess:160236] mummi_ras.online.cg.cganalysis:processOutput:92 - INFO - Add feedback for frameNum 56 - state []
2025-04-08 16:38:41,839 - [MainProcess:160236] mummi_ras.online.cg.cganalysis:processOutput:92 - INFO - Add feedback for frameNum 57 - state []
2025-04-08 16:38:41,839 - [MainProcess:160236] mummi_ras.online.cg.cganalysis:processOutput:92 - INFO - Add feedback for frameNum 58 - state []
2025-04-08 16:38:41,839 - [MainProcess:160236] mummi_ras.online.cg.cganalysis:processOutput:92 - INFO - Add feedback for frameNum 59 - state []
2025-04-08 16:38:42,996 - [MainProcess:160236] mummi_core.interfaces.simple:_save_files:91 - INFO - Wrote 10 files to (/p/gpfs1/pottier1/minimummi-sc25/roots/root1/feedback-cg2ml/014)
2025-04-08 16:38:42,996 - [MainProcess:160236] mummi_ras.feedback.feedback_manager_cg2ml:report:118 - INFO - Added 10 frames (from structure_iter00_000000000014) to feedback (/p/gpfs1/pottier1/minimummi-sc25/roots/root1/feedback-cg2ml)
2025-04-08 16:38:42,996 - [MainProcess:160236] mummi_ras.online.cg.cganalysis:processOutput:112 - INFO - processOutput: 59
2025-04-08 16:38:42,996 - [MainProcess:160236] mummi_ras.online.cg.cganalysis:copyRemoteRestart:452 - INFO - Copy to remote frames [50, 51, 52, 53, 54, 55, 56, 57, 58, 59]
2025-04-08 16:38:43,135 - [MainProcess:160236] mummi_core.utils.utilities:sys_call:184 - INFO - Run command: rsync -va --no-g traj_comp.xtc topol.tpr state.cpt ener.edr md.log mdrun.log /p/gpfs1/pottier1/minimummi-sc25/roots/root1/sims-cg/structure_iter00_000000000014 || true
2025-04-08 16:38:43,589 - [MainProcess:160236] mummi_ras.interfaces.mummi:save_analysis_data:253 - INFO - Saved all analysis data for frames [50, 51, 52, 53, 54, 55, 56, 57, 58, 59]
2025-04-08 16:38:43,589 - [MainProcess:160236] mummi_ras.online.cg.cganalysis:copyRemoteLogs:350 - INFO - Copy over log files
2025-04-08 16:38:43,617 - [MainProcess:160236] mummi_core.utils.utilities:sys_call:184 - INFO - Run command: cp -r  /tmp/mummi/cg/structure_iter00_000000000014-20250408_161548/cg_analysis.out /tmp/mummi/cg/structure_iter00_000000000014-20250408_161548/traj_comp.xtc /tmp/mummi/cg/structure_iter00_000000000014-20250408_161548/*.log /p/gpfs1/pottier1/minimummi-sc25/roots/root1/sims-cg/structure_iter00_000000000014/ || true
2025-04-08 16:38:43,617 - [MainProcess:160236] mummi_ras.online.cg.cganalysis:copyRemoteLogs:365 - INFO - copyRemoteLogs =  /tmp/mummi/cg/structure_iter00_000000000014-20250408_161548/cg_analysis.out /tmp/mummi/cg/structure_iter00_000000000014-20250408_161548/traj_comp.xtc /tmp/mummi/cg/structure_iter00_000000000014-20250408_161548/*.log
2025-04-08 16:38:43,617 - [MainProcess:160236] mummi_ras.online.cg.cganalysis:cleanupLocal:375 - WARNING - Copy cleanup local only works for ddcMD files
2025-04-08 16:38:45,617 - [MainProcess:160236] mummi_ras.online.simulation:has_computed_enough:352 - INFO - runtime_hours*0.99 = 0.495 vs delta_time = 0.3763235000769297 (length 29.5 ns) False False
2025-04-08 16:38:47,624 - [MainProcess:160236] mummi_ras.online.simulation:has_computed_enough:352 - INFO - runtime_hours*0.99 = 0.495 vs delta_time = 0.3768809496031867 (length 29.5 ns) False False
2025-04-08 16:38:49,631 - [MainProcess:160236] mummi_ras.online.simulation:has_computed_enough:352 - INFO - runtime_hours*0.99 = 0.495 vs delta_time = 0.37743835575050777 (length 29.5 ns) False False
2025-04-08 16:38:51,637 - [MainProcess:160236] mummi_ras.online.simulation:has_computed_enough:352 - INFO - runtime_hours*0.99 = 0.495 vs delta_time = 0.3779957522948583 (length 29.5 ns) False False
2025-04-08 16:38:53,644 - [MainProcess:160236] mummi_ras.online.simulation:has_computed_enough:352 - INFO - runtime_hours*0.99 = 0.495 vs delta_time = 0.3785531432761086 (length 29.5 ns) False False
2025-04-08 16:38:55,650 - [MainProcess:160236] mummi_ras.online.simulation:has_computed_enough:352 - INFO - runtime_hours*0.99 = 0.495 vs delta_time = 0.37911050068007573 (length 29.5 ns) False False
2025-04-08 16:38:57,657 - [MainProcess:160236] mummi_ras.online.simulation:has_computed_enough:352 - INFO - runtime_hours*0.99 = 0.495 vs delta_time = 0.3796678180827035 (length 29.5 ns) False False
2025-04-08 16:38:59,663 - [MainProcess:160236] mummi_ras.online.simulation:has_computed_enough:352 - INFO - runtime_hours*0.99 = 0.495 vs delta_time = 0.3802251358164681 (length 29.5 ns) False False
2025-04-08 16:39:01,669 - [MainProcess:160236] mummi_ras.online.simulation:has_computed_enough:352 - INFO - runtime_hours*0.99 = 0.495 vs delta_time = 0.3807824346754286 (length 29.5 ns) False False
2025-04-08 16:39:01,759 - [MainProcess:160236] mummi_ras.online.simulation:get_new_frames:399 - INFO - Getting all frame numbers in trajectory from 60 to 60.
2025-04-08 16:39:01,760 - [MainProcess:160236] mummi_ras.online.cg.cganalysis:run_main_analysis:193 - INFO - Process frame 60
2025-04-08 16:39:01,760 - [MainProcess:160236] mummi_ras.online.cg.cganalysis:processFrame:554 - INFO - Load 61 frames: current frame ID /tmp/mummi/cg/structure_iter00_000000000014-20250408_161548/traj_comp.xtc
2025-04-08 16:39:01,771 - [MainProcess:160236] mummi_ras.online.cg.cganalysis:processFrame:580 - INFO - Frame:    60, Time: 30000.000 ps, Bbox = [0, 180.41277, 0, 180.41277]
2025-04-08 16:39:01,771 - [MainProcess:160236] mummi_ras.online.cg.cganalysis:processFrame:584 - INFO - Lengths of layers: 658 39 487
2025-04-08 16:39:01,840 - [MainProcess:160236] mummi_ras.online.cg.cganalysis:processFrame:765 - INFO - Time for analysis - frameNum 60, time 0.07994866371154785 s
2025-04-08 16:39:03,840 - [MainProcess:160236] mummi_ras.online.simulation:has_computed_enough:352 - INFO - runtime_hours*0.99 = 0.495 vs delta_time = 0.38138548725181154 (length 30.0 ns) False False
2025-04-08 16:39:05,844 - [MainProcess:160236] mummi_ras.online.simulation:has_computed_enough:352 - INFO - runtime_hours*0.99 = 0.495 vs delta_time = 0.3819420746299956 (length 30.0 ns) False False
2025-04-08 16:39:07,848 - [MainProcess:160236] mummi_ras.online.simulation:has_computed_enough:352 - INFO - runtime_hours*0.99 = 0.495 vs delta_time = 0.38249862664275697 (length 30.0 ns) False False
2025-04-08 16:39:09,851 - [MainProcess:160236] mummi_ras.online.simulation:has_computed_enough:352 - INFO - runtime_hours*0.99 = 0.495 vs delta_time = 0.3830551762713326 (length 30.0 ns) False False
2025-04-08 16:39:11,855 - [MainProcess:160236] mummi_ras.online.simulation:has_computed_enough:352 - INFO - runtime_hours*0.99 = 0.495 vs delta_time = 0.38361171702543895 (length 30.0 ns) False False
2025-04-08 16:39:13,858 - [MainProcess:160236] mummi_ras.online.simulation:has_computed_enough:352 - INFO - runtime_hours*0.99 = 0.495 vs delta_time = 0.3841682681772444 (length 30.0 ns) False False
2025-04-08 16:39:15,862 - [MainProcess:160236] mummi_ras.online.simulation:has_computed_enough:352 - INFO - runtime_hours*0.99 = 0.495 vs delta_time = 0.3847248078054852 (length 30.0 ns) False False
2025-04-08 16:39:17,865 - [MainProcess:160236] mummi_ras.online.simulation:has_computed_enough:352 - INFO - runtime_hours*0.99 = 0.495 vs delta_time = 0.3852813603480657 (length 30.0 ns) False False
2025-04-08 16:39:19,869 - [MainProcess:160236] mummi_ras.online.simulation:has_computed_enough:352 - INFO - runtime_hours*0.99 = 0.495 vs delta_time = 0.3858379063341353 (length 30.0 ns) False False
2025-04-08 16:39:21,873 - [MainProcess:160236] mummi_ras.online.simulation:has_computed_enough:352 - INFO - runtime_hours*0.99 = 0.495 vs delta_time = 0.38639446039994557 (length 30.0 ns) False False
2025-04-08 16:39:23,876 - [MainProcess:160236] mummi_ras.online.simulation:has_computed_enough:352 - INFO - runtime_hours*0.99 = 0.495 vs delta_time = 0.38695100141896144 (length 30.0 ns) False False
2025-04-08 16:39:24,018 - [MainProcess:160236] mummi_ras.online.simulation:get_new_frames:399 - INFO - Getting all frame numbers in trajectory from 61 to 61.
2025-04-08 16:39:24,018 - [MainProcess:160236] mummi_ras.online.cg.cganalysis:run_main_analysis:193 - INFO - Process frame 61
2025-04-08 16:39:24,018 - [MainProcess:160236] mummi_ras.online.cg.cganalysis:processFrame:554 - INFO - Load 62 frames: current frame ID /tmp/mummi/cg/structure_iter00_000000000014-20250408_161548/traj_comp.xtc
2025-04-08 16:39:24,025 - [MainProcess:160236] mummi_ras.online.cg.cganalysis:processFrame:580 - INFO - Frame:    61, Time: 30500.000 ps, Bbox = [0, 180.258, 0, 180.258]
2025-04-08 16:39:24,025 - [MainProcess:160236] mummi_ras.online.cg.cganalysis:processFrame:584 - INFO - Lengths of layers: 654 46 484
2025-04-08 16:39:24,085 - [MainProcess:160236] mummi_ras.online.cg.cganalysis:processFrame:765 - INFO - Time for analysis - frameNum 61, time 0.06710100173950195 s
2025-04-08 16:39:26,086 - [MainProcess:160236] mummi_ras.online.simulation:has_computed_enough:352 - INFO - runtime_hours*0.99 = 0.495 vs delta_time = 0.38756476402282714 (length 30.5 ns) False False
2025-04-08 16:39:28,089 - [MainProcess:160236] mummi_ras.online.simulation:has_computed_enough:352 - INFO - runtime_hours*0.99 = 0.495 vs delta_time = 0.38812135921584234 (length 30.5 ns) False False
2025-04-08 16:39:30,093 - [MainProcess:160236] mummi_ras.online.simulation:has_computed_enough:352 - INFO - runtime_hours*0.99 = 0.495 vs delta_time = 0.3886779114272859 (length 30.5 ns) False False
2025-04-08 16:39:32,097 - [MainProcess:160236] mummi_ras.online.simulation:has_computed_enough:352 - INFO - runtime_hours*0.99 = 0.495 vs delta_time = 0.38923444999588863 (length 30.5 ns) False False
2025-04-08 16:39:34,100 - [MainProcess:160236] mummi_ras.online.simulation:has_computed_enough:352 - INFO - runtime_hours*0.99 = 0.495 vs delta_time = 0.389790996644232 (length 30.5 ns) False False
2025-04-08 16:39:36,104 - [MainProcess:160236] mummi_ras.online.simulation:has_computed_enough:352 - INFO - runtime_hours*0.99 = 0.495 vs delta_time = 0.39034753176901077 (length 30.5 ns) False False
2025-04-08 16:39:38,107 - [MainProcess:160236] mummi_ras.online.simulation:has_computed_enough:352 - INFO - runtime_hours*0.99 = 0.495 vs delta_time = 0.39090407888094586 (length 30.5 ns) False False
2025-04-08 16:39:40,111 - [MainProcess:160236] mummi_ras.online.simulation:has_computed_enough:352 - INFO - runtime_hours*0.99 = 0.495 vs delta_time = 0.3914606198337343 (length 30.5 ns) False False
2025-04-08 16:39:42,114 - [MainProcess:160236] mummi_ras.online.simulation:has_computed_enough:352 - INFO - runtime_hours*0.99 = 0.495 vs delta_time = 0.3920171670781242 (length 30.5 ns) False False
2025-04-08 16:39:44,118 - [MainProcess:160236] mummi_ras.online.simulation:has_computed_enough:352 - INFO - runtime_hours*0.99 = 0.495 vs delta_time = 0.39257370193799335 (length 30.5 ns) False False
2025-04-08 16:39:46,121 - [MainProcess:160236] mummi_ras.online.simulation:has_computed_enough:352 - INFO - runtime_hours*0.99 = 0.495 vs delta_time = 0.3931302336189482 (length 30.5 ns) False False
2025-04-08 16:39:48,125 - [MainProcess:160236] mummi_ras.online.simulation:has_computed_enough:352 - INFO - runtime_hours*0.99 = 0.495 vs delta_time = 0.39368676788277096 (length 30.5 ns) False False
2025-04-08 16:39:48,157 - [MainProcess:160236] mummi_ras.online.simulation:get_new_frames:399 - INFO - Getting all frame numbers in trajectory from 62 to 62.
2025-04-08 16:39:48,158 - [MainProcess:160236] mummi_ras.online.cg.cganalysis:run_main_analysis:193 - INFO - Process frame 62
2025-04-08 16:39:48,158 - [MainProcess:160236] mummi_ras.online.cg.cganalysis:processFrame:554 - INFO - Load 63 frames: current frame ID /tmp/mummi/cg/structure_iter00_000000000014-20250408_161548/traj_comp.xtc
2025-04-08 16:39:48,164 - [MainProcess:160236] mummi_ras.online.cg.cganalysis:processFrame:580 - INFO - Frame:    62, Time: 31000.000 ps, Bbox = [0, 180.34239, 0, 180.34239]
2025-04-08 16:39:48,165 - [MainProcess:160236] mummi_ras.online.cg.cganalysis:processFrame:584 - INFO - Lengths of layers: 656 39 489
2025-04-08 16:39:48,225 - [MainProcess:160236] mummi_ras.online.cg.cganalysis:processFrame:765 - INFO - Time for analysis - frameNum 62, time 0.0676734447479248 s
2025-04-08 16:39:50,226 - [MainProcess:160236] mummi_ras.online.simulation:has_computed_enough:352 - INFO - runtime_hours*0.99 = 0.495 vs delta_time = 0.3942703691456053 (length 31.0 ns) False False
2025-04-08 16:39:52,230 - [MainProcess:160236] mummi_ras.online.simulation:has_computed_enough:352 - INFO - runtime_hours*0.99 = 0.495 vs delta_time = 0.39482695056332484 (length 31.0 ns) False False
2025-04-08 16:39:54,233 - [MainProcess:160236] mummi_ras.online.simulation:has_computed_enough:352 - INFO - runtime_hours*0.99 = 0.495 vs delta_time = 0.39538350535763633 (length 31.0 ns) False False
2025-04-08 16:39:56,237 - [MainProcess:160236] mummi_ras.online.simulation:has_computed_enough:352 - INFO - runtime_hours*0.99 = 0.495 vs delta_time = 0.3959400382306841 (length 31.0 ns) False False
2025-04-08 16:39:58,240 - [MainProcess:160236] mummi_ras.online.simulation:has_computed_enough:352 - INFO - runtime_hours*0.99 = 0.495 vs delta_time = 0.3964965877930323 (length 31.0 ns) False False
2025-04-08 16:40:00,244 - [MainProcess:160236] mummi_ras.online.simulation:has_computed_enough:352 - INFO - runtime_hours*0.99 = 0.495 vs delta_time = 0.3970531290769577 (length 31.0 ns) False False
2025-04-08 16:40:02,247 - [MainProcess:160236] mummi_ras.online.simulation:has_computed_enough:352 - INFO - runtime_hours*0.99 = 0.495 vs delta_time = 0.39760967307620576 (length 31.0 ns) False False
2025-04-08 16:40:04,251 - [MainProcess:160236] mummi_ras.online.simulation:has_computed_enough:352 - INFO - runtime_hours*0.99 = 0.495 vs delta_time = 0.3981662078036202 (length 31.0 ns) False False
2025-04-08 16:40:06,254 - [MainProcess:160236] mummi_ras.online.simulation:has_computed_enough:352 - INFO - runtime_hours*0.99 = 0.495 vs delta_time = 0.3987227526638243 (length 31.0 ns) False False
2025-04-08 16:40:08,258 - [MainProcess:160236] mummi_ras.online.simulation:has_computed_enough:352 - INFO - runtime_hours*0.99 = 0.495 vs delta_time = 0.39927928427855175 (length 31.0 ns) False False
2025-04-08 16:40:10,261 - [MainProcess:160236] mummi_ras.online.simulation:has_computed_enough:352 - INFO - runtime_hours*0.99 = 0.495 vs delta_time = 0.39983582543002233 (length 31.0 ns) False False
2025-04-08 16:40:10,339 - [MainProcess:160236] mummi_ras.online.simulation:get_new_frames:399 - INFO - Getting all frame numbers in trajectory from 63 to 63.
2025-04-08 16:40:10,339 - [MainProcess:160236] mummi_ras.online.cg.cganalysis:run_main_analysis:193 - INFO - Process frame 63
2025-04-08 16:40:10,339 - [MainProcess:160236] mummi_ras.online.cg.cganalysis:processFrame:554 - INFO - Load 64 frames: current frame ID /tmp/mummi/cg/structure_iter00_000000000014-20250408_161548/traj_comp.xtc
2025-04-08 16:40:10,346 - [MainProcess:160236] mummi_ras.online.cg.cganalysis:processFrame:580 - INFO - Frame:    63, Time: 31500.000 ps, Bbox = [0, 180.27737, 0, 180.27737]
2025-04-08 16:40:10,346 - [MainProcess:160236] mummi_ras.online.cg.cganalysis:processFrame:584 - INFO - Lengths of layers: 653 42 489
2025-04-08 16:40:10,407 - [MainProcess:160236] mummi_ras.online.cg.cganalysis:processFrame:765 - INFO - Time for analysis - frameNum 63, time 0.06813192367553711 s
2025-04-08 16:40:12,407 - [MainProcess:160236] mummi_ras.online.simulation:has_computed_enough:352 - INFO - runtime_hours*0.99 = 0.495 vs delta_time = 0.40043190711074406 (length 31.5 ns) False False
2025-04-08 16:40:14,411 - [MainProcess:160236] mummi_ras.online.simulation:has_computed_enough:352 - INFO - runtime_hours*0.99 = 0.495 vs delta_time = 0.400988511774275 (length 31.5 ns) False False
2025-04-08 16:40:16,415 - [MainProcess:160236] mummi_ras.online.simulation:has_computed_enough:352 - INFO - runtime_hours*0.99 = 0.495 vs delta_time = 0.40154506537649365 (length 31.5 ns) False False
2025-04-08 16:40:18,418 - [MainProcess:160236] mummi_ras.online.simulation:has_computed_enough:352 - INFO - runtime_hours*0.99 = 0.495 vs delta_time = 0.40210161692566343 (length 31.5 ns) False False
2025-04-08 16:40:20,422 - [MainProcess:160236] mummi_ras.online.simulation:has_computed_enough:352 - INFO - runtime_hours*0.99 = 0.495 vs delta_time = 0.40265815397103627 (length 31.5 ns) False False
2025-04-08 16:40:22,425 - [MainProcess:160236] mummi_ras.online.simulation:has_computed_enough:352 - INFO - runtime_hours*0.99 = 0.495 vs delta_time = 0.4032147008180618 (length 31.5 ns) False False
2025-04-08 16:40:24,429 - [MainProcess:160236] mummi_ras.online.simulation:has_computed_enough:352 - INFO - runtime_hours*0.99 = 0.495 vs delta_time = 0.40377124872472553 (length 31.5 ns) False False
2025-04-08 16:40:26,433 - [MainProcess:160236] mummi_ras.online.simulation:has_computed_enough:352 - INFO - runtime_hours*0.99 = 0.495 vs delta_time = 0.40432779404852126 (length 31.5 ns) False False
2025-04-08 16:40:28,436 - [MainProcess:160236] mummi_ras.online.simulation:has_computed_enough:352 - INFO - runtime_hours*0.99 = 0.495 vs delta_time = 0.40488433599472046 (length 31.5 ns) False False
2025-04-08 16:40:30,440 - [MainProcess:160236] mummi_ras.online.simulation:has_computed_enough:352 - INFO - runtime_hours*0.99 = 0.495 vs delta_time = 0.40544088039133286 (length 31.5 ns) False False
2025-04-08 16:40:32,443 - [MainProcess:160236] mummi_ras.online.simulation:has_computed_enough:352 - INFO - runtime_hours*0.99 = 0.495 vs delta_time = 0.40599743008613587 (length 31.5 ns) False False
2025-04-08 16:40:32,613 - [MainProcess:160236] mummi_ras.online.simulation:get_new_frames:399 - INFO - Getting all frame numbers in trajectory from 64 to 64.
2025-04-08 16:40:32,614 - [MainProcess:160236] mummi_ras.online.cg.cganalysis:run_main_analysis:193 - INFO - Process frame 64
2025-04-08 16:40:32,614 - [MainProcess:160236] mummi_ras.online.cg.cganalysis:processFrame:554 - INFO - Load 65 frames: current frame ID /tmp/mummi/cg/structure_iter00_000000000014-20250408_161548/traj_comp.xtc
2025-04-08 16:40:32,620 - [MainProcess:160236] mummi_ras.online.cg.cganalysis:processFrame:580 - INFO - Frame:    64, Time: 32000.000 ps, Bbox = [0, 180.73912, 0, 180.73912]
2025-04-08 16:40:32,621 - [MainProcess:160236] mummi_ras.online.cg.cganalysis:processFrame:584 - INFO - Lengths of layers: 657 38 489
2025-04-08 16:40:32,681 - [MainProcess:160236] mummi_ras.online.cg.cganalysis:processFrame:765 - INFO - Time for analysis - frameNum 64, time 0.06690216064453125 s
2025-04-08 16:40:34,681 - [MainProcess:160236] mummi_ras.online.simulation:has_computed_enough:352 - INFO - runtime_hours*0.99 = 0.495 vs delta_time = 0.40661897646056283 (length 32.0 ns) False False
2025-04-08 16:40:36,685 - [MainProcess:160236] mummi_ras.online.simulation:has_computed_enough:352 - INFO - runtime_hours*0.99 = 0.495 vs delta_time = 0.407175576488177 (length 32.0 ns) False False
2025-04-08 16:40:38,688 - [MainProcess:160236] mummi_ras.online.simulation:has_computed_enough:352 - INFO - runtime_hours*0.99 = 0.495 vs delta_time = 0.4077321351899041 (length 32.0 ns) False False
2025-04-08 16:40:40,692 - [MainProcess:160236] mummi_ras.online.simulation:has_computed_enough:352 - INFO - runtime_hours*0.99 = 0.495 vs delta_time = 0.4082886803812451 (length 32.0 ns) False False
2025-04-08 16:40:42,695 - [MainProcess:160236] mummi_ras.online.simulation:has_computed_enough:352 - INFO - runtime_hours*0.99 = 0.495 vs delta_time = 0.4088452325926887 (length 32.0 ns) False False
2025-04-08 16:40:44,699 - [MainProcess:160236] mummi_ras.online.simulation:has_computed_enough:352 - INFO - runtime_hours*0.99 = 0.495 vs delta_time = 0.4094017850028144 (length 32.0 ns) False False
2025-04-08 16:40:46,703 - [MainProcess:160236] mummi_ras.online.simulation:has_computed_enough:352 - INFO - runtime_hours*0.99 = 0.495 vs delta_time = 0.4099583430422677 (length 32.0 ns) False False
2025-04-08 16:40:48,706 - [MainProcess:160236] mummi_ras.online.simulation:has_computed_enough:352 - INFO - runtime_hours*0.99 = 0.495 vs delta_time = 0.4105148924059338 (length 32.0 ns) False False
2025-04-08 16:40:50,710 - [MainProcess:160236] mummi_ras.online.simulation:has_computed_enough:352 - INFO - runtime_hours*0.99 = 0.495 vs delta_time = 0.41107143183549244 (length 32.0 ns) False False
2025-04-08 16:40:52,713 - [MainProcess:160236] mummi_ras.online.simulation:has_computed_enough:352 - INFO - runtime_hours*0.99 = 0.495 vs delta_time = 0.41162798252370625 (length 32.0 ns) False False
2025-04-08 16:40:54,717 - [MainProcess:160236] mummi_ras.online.simulation:has_computed_enough:352 - INFO - runtime_hours*0.99 = 0.495 vs delta_time = 0.41218453367551167 (length 32.0 ns) False False
2025-04-08 16:40:56,720 - [MainProcess:160236] mummi_ras.online.simulation:has_computed_enough:352 - INFO - runtime_hours*0.99 = 0.495 vs delta_time = 0.412741088602278 (length 32.0 ns) False False
2025-04-08 16:40:56,753 - [MainProcess:160236] mummi_ras.online.simulation:get_new_frames:399 - INFO - Getting all frame numbers in trajectory from 65 to 65.
2025-04-08 16:40:56,753 - [MainProcess:160236] mummi_ras.online.cg.cganalysis:run_main_analysis:193 - INFO - Process frame 65
2025-04-08 16:40:56,753 - [MainProcess:160236] mummi_ras.online.cg.cganalysis:processFrame:554 - INFO - Load 66 frames: current frame ID /tmp/mummi/cg/structure_iter00_000000000014-20250408_161548/traj_comp.xtc
2025-04-08 16:40:56,760 - [MainProcess:160236] mummi_ras.online.cg.cganalysis:processFrame:580 - INFO - Frame:    65, Time: 32500.000 ps, Bbox = [0, 180.54465, 0, 180.54465]
2025-04-08 16:40:56,760 - [MainProcess:160236] mummi_ras.online.cg.cganalysis:processFrame:584 - INFO - Lengths of layers: 655 45 484
2025-04-08 16:40:56,820 - [MainProcess:160236] mummi_ras.online.cg.cganalysis:processFrame:765 - INFO - Time for analysis - frameNum 65, time 0.06701850891113281 s
2025-04-08 16:40:58,821 - [MainProcess:160236] mummi_ras.online.simulation:has_computed_enough:352 - INFO - runtime_hours*0.99 = 0.495 vs delta_time = 0.41332451939582826 (length 32.5 ns) False False
2025-04-08 16:41:00,824 - [MainProcess:160236] mummi_ras.online.simulation:has_computed_enough:352 - INFO - runtime_hours*0.99 = 0.495 vs delta_time = 0.4138811017407311 (length 32.5 ns) False False
2025-04-08 16:41:02,828 - [MainProcess:160236] mummi_ras.online.simulation:has_computed_enough:352 - INFO - runtime_hours*0.99 = 0.495 vs delta_time = 0.4144376583894094 (length 32.5 ns) False False
2025-04-08 16:41:04,832 - [MainProcess:160236] mummi_ras.online.simulation:has_computed_enough:352 - INFO - runtime_hours*0.99 = 0.495 vs delta_time = 0.4149942110644447 (length 32.5 ns) False False
2025-04-08 16:41:06,835 - [MainProcess:160236] mummi_ras.online.simulation:has_computed_enough:352 - INFO - runtime_hours*0.99 = 0.495 vs delta_time = 0.41555076274606917 (length 32.5 ns) False False
2025-04-08 16:41:08,839 - [MainProcess:160236] mummi_ras.online.simulation:has_computed_enough:352 - INFO - runtime_hours*0.99 = 0.495 vs delta_time = 0.4161073105202781 (length 32.5 ns) False False
2025-04-08 16:41:10,842 - [MainProcess:160236] mummi_ras.online.simulation:has_computed_enough:352 - INFO - runtime_hours*0.99 = 0.495 vs delta_time = 0.4166638610760371 (length 32.5 ns) False False
2025-04-08 16:41:12,846 - [MainProcess:160236] mummi_ras.online.simulation:has_computed_enough:352 - INFO - runtime_hours*0.99 = 0.495 vs delta_time = 0.417220408850246 (length 32.5 ns) False False
2025-04-08 16:41:14,850 - [MainProcess:160236] mummi_ras.online.simulation:has_computed_enough:352 - INFO - runtime_hours*0.99 = 0.495 vs delta_time = 0.41777695821391214 (length 32.5 ns) False False
2025-04-08 16:41:16,853 - [MainProcess:160236] mummi_ras.online.simulation:has_computed_enough:352 - INFO - runtime_hours*0.99 = 0.495 vs delta_time = 0.41833350400129954 (length 32.5 ns) False False
2025-04-08 16:41:18,857 - [MainProcess:160236] mummi_ras.online.simulation:has_computed_enough:352 - INFO - runtime_hours*0.99 = 0.495 vs delta_time = 0.4188900534974204 (length 32.5 ns) False False
2025-04-08 16:41:18,940 - [MainProcess:160236] mummi_ras.online.simulation:get_new_frames:399 - INFO - Getting all frame numbers in trajectory from 66 to 66.
2025-04-08 16:41:18,940 - [MainProcess:160236] mummi_ras.online.cg.cganalysis:run_main_analysis:193 - INFO - Process frame 66
2025-04-08 16:41:18,940 - [MainProcess:160236] mummi_ras.online.cg.cganalysis:processFrame:554 - INFO - Load 67 frames: current frame ID /tmp/mummi/cg/structure_iter00_000000000014-20250408_161548/traj_comp.xtc
2025-04-08 16:41:18,947 - [MainProcess:160236] mummi_ras.online.cg.cganalysis:processFrame:580 - INFO - Frame:    66, Time: 33000.000 ps, Bbox = [0, 180.13916, 0, 180.13916]
2025-04-08 16:41:18,947 - [MainProcess:160236] mummi_ras.online.cg.cganalysis:processFrame:584 - INFO - Lengths of layers: 656 42 486
2025-04-08 16:41:19,007 - [MainProcess:160236] mummi_ras.online.cg.cganalysis:processFrame:765 - INFO - Time for analysis - frameNum 66, time 0.06685185432434082 s
2025-04-08 16:41:21,007 - [MainProcess:160236] mummi_ras.online.simulation:has_computed_enough:352 - INFO - runtime_hours*0.99 = 0.495 vs delta_time = 0.41948743753963047 (length 33.0 ns) False False
2025-04-08 16:41:23,011 - [MainProcess:160236] mummi_ras.online.simulation:has_computed_enough:352 - INFO - runtime_hours*0.99 = 0.495 vs delta_time = 0.4200441384315491 (length 33.0 ns) False False
2025-04-08 16:41:25,015 - [MainProcess:160236] mummi_ras.online.simulation:has_computed_enough:352 - INFO - runtime_hours*0.99 = 0.495 vs delta_time = 0.42060070315996806 (length 33.0 ns) False False
2025-04-08 16:41:27,019 - [MainProcess:160236] mummi_ras.online.simulation:has_computed_enough:352 - INFO - runtime_hours*0.99 = 0.495 vs delta_time = 0.4211572511990865 (length 33.0 ns) False False
2025-04-08 16:41:29,022 - [MainProcess:160236] mummi_ras.online.simulation:has_computed_enough:352 - INFO - runtime_hours*0.99 = 0.495 vs delta_time = 0.42171380254957413 (length 33.0 ns) False False
2025-04-08 16:41:31,026 - [MainProcess:160236] mummi_ras.online.simulation:has_computed_enough:352 - INFO - runtime_hours*0.99 = 0.495 vs delta_time = 0.4222703451580471 (length 33.0 ns) False False
2025-04-08 16:41:33,029 - [MainProcess:160236] mummi_ras.online.simulation:has_computed_enough:352 - INFO - runtime_hours*0.99 = 0.495 vs delta_time = 0.4228268891572952 (length 33.0 ns) False False
2025-04-08 16:41:35,033 - [MainProcess:160236] mummi_ras.online.simulation:has_computed_enough:352 - INFO - runtime_hours*0.99 = 0.495 vs delta_time = 0.42338343494468267 (length 33.0 ns) False False
2025-04-08 16:41:37,036 - [MainProcess:160236] mummi_ras.online.simulation:has_computed_enough:352 - INFO - runtime_hours*0.99 = 0.495 vs delta_time = 0.4239399767584271 (length 33.0 ns) False False
2025-04-08 16:41:39,040 - [MainProcess:160236] mummi_ras.online.simulation:has_computed_enough:352 - INFO - runtime_hours*0.99 = 0.495 vs delta_time = 0.4244965244664086 (length 33.0 ns) False False
2025-04-08 16:41:41,044 - [MainProcess:160236] mummi_ras.online.simulation:has_computed_enough:352 - INFO - runtime_hours*0.99 = 0.495 vs delta_time = 0.42505306813451976 (length 33.0 ns) False False
2025-04-08 16:41:41,339 - [MainProcess:160236] mummi_ras.online.simulation:get_new_frames:399 - INFO - Getting all frame numbers in trajectory from 67 to 67.
2025-04-08 16:41:41,339 - [MainProcess:160236] mummi_ras.online.cg.cganalysis:run_main_analysis:193 - INFO - Process frame 67
2025-04-08 16:41:41,339 - [MainProcess:160236] mummi_ras.online.cg.cganalysis:processFrame:554 - INFO - Load 68 frames: current frame ID /tmp/mummi/cg/structure_iter00_000000000014-20250408_161548/traj_comp.xtc
2025-04-08 16:41:41,346 - [MainProcess:160236] mummi_ras.online.cg.cganalysis:processFrame:580 - INFO - Frame:    67, Time: 33500.000 ps, Bbox = [0, 180.4152, 0, 180.4152]
2025-04-08 16:41:41,346 - [MainProcess:160236] mummi_ras.online.cg.cganalysis:processFrame:584 - INFO - Lengths of layers: 657 35 492
2025-04-08 16:41:41,407 - [MainProcess:160236] mummi_ras.online.cg.cganalysis:processFrame:765 - INFO - Time for analysis - frameNum 67, time 0.06728553771972656 s
2025-04-08 16:41:43,407 - [MainProcess:160236] mummi_ras.online.simulation:has_computed_enough:352 - INFO - runtime_hours*0.99 = 0.495 vs delta_time = 0.4257096435626348 (length 33.5 ns) False False
2025-04-08 16:41:45,411 - [MainProcess:160236] mummi_ras.online.simulation:has_computed_enough:352 - INFO - runtime_hours*0.99 = 0.495 vs delta_time = 0.4262662391530143 (length 33.5 ns) False False
2025-04-08 16:41:47,415 - [MainProcess:160236] mummi_ras.online.simulation:has_computed_enough:352 - INFO - runtime_hours*0.99 = 0.495 vs delta_time = 0.4268227891789542 (length 33.5 ns) False False
2025-04-08 16:41:49,418 - [MainProcess:160236] mummi_ras.online.simulation:has_computed_enough:352 - INFO - runtime_hours*0.99 = 0.495 vs delta_time = 0.4273793413903978 (length 33.5 ns) False False
2025-04-08 16:41:51,422 - [MainProcess:160236] mummi_ras.online.simulation:has_computed_enough:352 - INFO - runtime_hours*0.99 = 0.495 vs delta_time = 0.427935888171196 (length 33.5 ns) False False
2025-04-08 16:41:53,425 - [MainProcess:160236] mummi_ras.online.simulation:has_computed_enough:352 - INFO - runtime_hours*0.99 = 0.495 vs delta_time = 0.4284924364089966 (length 33.5 ns) False False
2025-04-08 16:41:55,429 - [MainProcess:160236] mummi_ras.online.simulation:has_computed_enough:352 - INFO - runtime_hours*0.99 = 0.495 vs delta_time = 0.4290489800108804 (length 33.5 ns) False False
2025-04-08 16:41:57,432 - [MainProcess:160236] mummi_ras.online.simulation:has_computed_enough:352 - INFO - runtime_hours*0.99 = 0.495 vs delta_time = 0.4296055287785 (length 33.5 ns) False False
2025-04-08 16:41:59,436 - [MainProcess:160236] mummi_ras.online.simulation:has_computed_enough:352 - INFO - runtime_hours*0.99 = 0.495 vs delta_time = 0.430162074830797 (length 33.5 ns) False False
2025-04-08 16:42:01,440 - [MainProcess:160236] mummi_ras.online.simulation:has_computed_enough:352 - INFO - runtime_hours*0.99 = 0.495 vs delta_time = 0.43071862512164644 (length 33.5 ns) False False
2025-04-08 16:42:03,443 - [MainProcess:160236] mummi_ras.online.simulation:has_computed_enough:352 - INFO - runtime_hours*0.99 = 0.495 vs delta_time = 0.4312751646836599 (length 33.5 ns) False False
2025-04-08 16:42:03,476 - [MainProcess:160236] mummi_ras.online.simulation:get_new_frames:399 - INFO - Getting all frame numbers in trajectory from 68 to 68.
2025-04-08 16:42:03,476 - [MainProcess:160236] mummi_ras.online.cg.cganalysis:run_main_analysis:193 - INFO - Process frame 68
2025-04-08 16:42:03,476 - [MainProcess:160236] mummi_ras.online.cg.cganalysis:processFrame:554 - INFO - Load 69 frames: current frame ID /tmp/mummi/cg/structure_iter00_000000000014-20250408_161548/traj_comp.xtc
2025-04-08 16:42:03,483 - [MainProcess:160236] mummi_ras.online.cg.cganalysis:processFrame:580 - INFO - Frame:    68, Time: 34000.000 ps, Bbox = [0, 182.35309, 0, 182.35309]
2025-04-08 16:42:03,483 - [MainProcess:160236] mummi_ras.online.cg.cganalysis:processFrame:584 - INFO - Lengths of layers: 658 36 490
2025-04-08 16:42:03,543 - [MainProcess:160236] mummi_ras.online.cg.cganalysis:processFrame:765 - INFO - Time for analysis - frameNum 68, time 0.06727027893066406 s
2025-04-08 16:42:05,544 - [MainProcess:160236] mummi_ras.online.simulation:has_computed_enough:352 - INFO - runtime_hours*0.99 = 0.495 vs delta_time = 0.4318587127659056 (length 34.0 ns) False False
2025-04-08 16:42:07,548 - [MainProcess:160236] mummi_ras.online.simulation:has_computed_enough:352 - INFO - runtime_hours*0.99 = 0.495 vs delta_time = 0.43241530815760293 (length 34.0 ns) False False
2025-04-08 16:42:09,551 - [MainProcess:160236] mummi_ras.online.simulation:has_computed_enough:352 - INFO - runtime_hours*0.99 = 0.495 vs delta_time = 0.4329718662632836 (length 34.0 ns) False False
2025-04-08 16:42:11,555 - [MainProcess:160236] mummi_ras.online.simulation:has_computed_enough:352 - INFO - runtime_hours*0.99 = 0.495 vs delta_time = 0.43352841238180795 (length 34.0 ns) False False
2025-04-08 16:42:13,558 - [MainProcess:160236] mummi_ras.online.simulation:has_computed_enough:352 - INFO - runtime_hours*0.99 = 0.495 vs delta_time = 0.4340849569771025 (length 34.0 ns) False False
2025-04-08 16:42:15,562 - [MainProcess:160236] mummi_ras.online.simulation:has_computed_enough:352 - INFO - runtime_hours*0.99 = 0.495 vs delta_time = 0.43464150455262923 (length 34.0 ns) False False
2025-04-08 16:42:17,566 - [MainProcess:160236] mummi_ras.online.simulation:has_computed_enough:352 - INFO - runtime_hours*0.99 = 0.495 vs delta_time = 0.43519805398252276 (length 34.0 ns) False False
2025-04-08 16:42:19,569 - [MainProcess:160236] mummi_ras.online.simulation:has_computed_enough:352 - INFO - runtime_hours*0.99 = 0.495 vs delta_time = 0.4357546044720544 (length 34.0 ns) False False
2025-04-08 16:42:21,573 - [MainProcess:160236] mummi_ras.online.simulation:has_computed_enough:352 - INFO - runtime_hours*0.99 = 0.495 vs delta_time = 0.4363111536370383 (length 34.0 ns) False False
2025-04-08 16:42:23,576 - [MainProcess:160236] mummi_ras.online.simulation:has_computed_enough:352 - INFO - runtime_hours*0.99 = 0.495 vs delta_time = 0.43686769531832803 (length 34.0 ns) False False
2025-04-08 16:42:25,580 - [MainProcess:160236] mummi_ras.online.simulation:has_computed_enough:352 - INFO - runtime_hours*0.99 = 0.495 vs delta_time = 0.4374242338869307 (length 34.0 ns) False False
2025-04-08 16:42:27,583 - [MainProcess:160236] mummi_ras.online.simulation:has_computed_enough:352 - INFO - runtime_hours*0.99 = 0.495 vs delta_time = 0.43798077702522276 (length 34.0 ns) False False
2025-04-08 16:42:27,651 - [MainProcess:160236] mummi_ras.online.simulation:get_new_frames:399 - INFO - Getting all frame numbers in trajectory from 69 to 69.
2025-04-08 16:42:27,651 - [MainProcess:160236] mummi_ras.online.cg.cganalysis:run_main_analysis:193 - INFO - Process frame 69
2025-04-08 16:42:27,652 - [MainProcess:160236] mummi_ras.online.cg.cganalysis:processFrame:554 - INFO - Load 70 frames: current frame ID /tmp/mummi/cg/structure_iter00_000000000014-20250408_161548/traj_comp.xtc
2025-04-08 16:42:27,658 - [MainProcess:160236] mummi_ras.online.cg.cganalysis:processFrame:580 - INFO - Frame:    69, Time: 34500.000 ps, Bbox = [0, 180.9143, 0, 180.9143]
2025-04-08 16:42:27,658 - [MainProcess:160236] mummi_ras.online.cg.cganalysis:processFrame:584 - INFO - Lengths of layers: 661 29 494
2025-04-08 16:42:27,719 - [MainProcess:160236] mummi_ras.online.cg.cganalysis:processFrame:765 - INFO - Time for analysis - frameNum 69, time 0.06782841682434082 s
2025-04-08 16:42:29,720 - [MainProcess:160236] mummi_ras.online.simulation:has_computed_enough:352 - INFO - runtime_hours*0.99 = 0.495 vs delta_time = 0.4385742696126302 (length 34.5 ns) False False
2025-04-08 16:42:29,724 - [MainProcess:160236] mummi_ras.online.cg.cganalysis:processOutput:92 - INFO - Add feedback for frameNum 60 - state []
2025-04-08 16:42:29,724 - [MainProcess:160236] mummi_ras.online.cg.cganalysis:processOutput:92 - INFO - Add feedback for frameNum 61 - state []
2025-04-08 16:42:29,724 - [MainProcess:160236] mummi_ras.online.cg.cganalysis:processOutput:92 - INFO - Add feedback for frameNum 62 - state []
2025-04-08 16:42:29,724 - [MainProcess:160236] mummi_ras.online.cg.cganalysis:processOutput:92 - INFO - Add feedback for frameNum 63 - state []
2025-04-08 16:42:29,724 - [MainProcess:160236] mummi_ras.online.cg.cganalysis:processOutput:92 - INFO - Add feedback for frameNum 64 - state []
2025-04-08 16:42:29,724 - [MainProcess:160236] mummi_ras.online.cg.cganalysis:processOutput:92 - INFO - Add feedback for frameNum 65 - state []
2025-04-08 16:42:29,724 - [MainProcess:160236] mummi_ras.online.cg.cganalysis:processOutput:92 - INFO - Add feedback for frameNum 66 - state []
2025-04-08 16:42:29,724 - [MainProcess:160236] mummi_ras.online.cg.cganalysis:processOutput:92 - INFO - Add feedback for frameNum 67 - state []
2025-04-08 16:42:29,724 - [MainProcess:160236] mummi_ras.online.cg.cganalysis:processOutput:92 - INFO - Add feedback for frameNum 68 - state []
2025-04-08 16:42:29,724 - [MainProcess:160236] mummi_ras.online.cg.cganalysis:processOutput:92 - INFO - Add feedback for frameNum 69 - state []
2025-04-08 16:42:29,734 - [MainProcess:160236] mummi_core.interfaces.simple:_save_files:91 - INFO - Wrote 10 files to (/p/gpfs1/pottier1/minimummi-sc25/roots/root1/feedback-cg2ml/014)
2025-04-08 16:42:29,735 - [MainProcess:160236] mummi_ras.feedback.feedback_manager_cg2ml:report:118 - INFO - Added 10 frames (from structure_iter00_000000000014) to feedback (/p/gpfs1/pottier1/minimummi-sc25/roots/root1/feedback-cg2ml)
2025-04-08 16:42:29,735 - [MainProcess:160236] mummi_ras.online.cg.cganalysis:processOutput:112 - INFO - processOutput: 69
2025-04-08 16:42:29,735 - [MainProcess:160236] mummi_ras.online.cg.cganalysis:copyRemoteRestart:452 - INFO - Copy to remote frames [60, 61, 62, 63, 64, 65, 66, 67, 68, 69]
2025-04-08 16:42:29,885 - [MainProcess:160236] mummi_core.utils.utilities:sys_call:184 - INFO - Run command: rsync -va --no-g traj_comp.xtc topol.tpr state.cpt ener.edr md.log mdrun.log /p/gpfs1/pottier1/minimummi-sc25/roots/root1/sims-cg/structure_iter00_000000000014 || true
2025-04-08 16:42:30,341 - [MainProcess:160236] mummi_ras.interfaces.mummi:save_analysis_data:253 - INFO - Saved all analysis data for frames [60, 61, 62, 63, 64, 65, 66, 67, 68, 69]
2025-04-08 16:42:30,341 - [MainProcess:160236] mummi_ras.online.cg.cganalysis:copyRemoteLogs:350 - INFO - Copy over log files
2025-04-08 16:42:30,368 - [MainProcess:160236] mummi_core.utils.utilities:sys_call:184 - INFO - Run command: cp -r  /tmp/mummi/cg/structure_iter00_000000000014-20250408_161548/cg_analysis.out /tmp/mummi/cg/structure_iter00_000000000014-20250408_161548/traj_comp.xtc /tmp/mummi/cg/structure_iter00_000000000014-20250408_161548/*.log /p/gpfs1/pottier1/minimummi-sc25/roots/root1/sims-cg/structure_iter00_000000000014/ || true
2025-04-08 16:42:30,368 - [MainProcess:160236] mummi_ras.online.cg.cganalysis:copyRemoteLogs:365 - INFO - copyRemoteLogs =  /tmp/mummi/cg/structure_iter00_000000000014-20250408_161548/cg_analysis.out /tmp/mummi/cg/structure_iter00_000000000014-20250408_161548/traj_comp.xtc /tmp/mummi/cg/structure_iter00_000000000014-20250408_161548/*.log
2025-04-08 16:42:30,368 - [MainProcess:160236] mummi_ras.online.cg.cganalysis:cleanupLocal:375 - WARNING - Copy cleanup local only works for ddcMD files
2025-04-08 16:42:32,368 - [MainProcess:160236] mummi_ras.online.simulation:has_computed_enough:352 - INFO - runtime_hours*0.99 = 0.495 vs delta_time = 0.43930993649694655 (length 34.5 ns) False False
2025-04-08 16:42:34,372 - [MainProcess:160236] mummi_ras.online.simulation:has_computed_enough:352 - INFO - runtime_hours*0.99 = 0.495 vs delta_time = 0.43986652188830905 (length 34.5 ns) False False
2025-04-08 16:42:36,376 - [MainProcess:160236] mummi_ras.online.simulation:has_computed_enough:352 - INFO - runtime_hours*0.99 = 0.495 vs delta_time = 0.44042307568920985 (length 34.5 ns) False False
2025-04-08 16:42:38,379 - [MainProcess:160236] mummi_ras.online.simulation:has_computed_enough:352 - INFO - runtime_hours*0.99 = 0.495 vs delta_time = 0.440979627834426 (length 34.5 ns) False False
2025-04-08 16:42:40,383 - [MainProcess:160236] mummi_ras.online.simulation:has_computed_enough:352 - INFO - runtime_hours*0.99 = 0.495 vs delta_time = 0.4415361757410897 (length 34.5 ns) False False
2025-04-08 16:42:42,386 - [MainProcess:160236] mummi_ras.online.simulation:has_computed_enough:352 - INFO - runtime_hours*0.99 = 0.495 vs delta_time = 0.44209271563424 (length 34.5 ns) False False
2025-04-08 16:42:44,390 - [MainProcess:160236] mummi_ras.online.simulation:has_computed_enough:352 - INFO - runtime_hours*0.99 = 0.495 vs delta_time = 0.44264926029576196 (length 34.5 ns) False False
2025-04-08 16:42:46,393 - [MainProcess:160236] mummi_ras.online.simulation:has_computed_enough:352 - INFO - runtime_hours*0.99 = 0.495 vs delta_time = 0.44320580813619825 (length 34.5 ns) False False
2025-04-08 16:42:48,397 - [MainProcess:160236] mummi_ras.online.simulation:has_computed_enough:352 - INFO - runtime_hours*0.99 = 0.495 vs delta_time = 0.44376234902275935 (length 34.5 ns) False False
2025-04-08 16:42:50,401 - [MainProcess:160236] mummi_ras.online.simulation:has_computed_enough:352 - INFO - runtime_hours*0.99 = 0.495 vs delta_time = 0.44431890077061126 (length 34.5 ns) False False
2025-04-08 16:42:50,550 - [MainProcess:160236] mummi_ras.online.simulation:get_new_frames:399 - INFO - Getting all frame numbers in trajectory from 70 to 70.
2025-04-08 16:42:50,550 - [MainProcess:160236] mummi_ras.online.cg.cganalysis:run_main_analysis:193 - INFO - Process frame 70
2025-04-08 16:42:50,550 - [MainProcess:160236] mummi_ras.online.cg.cganalysis:processFrame:554 - INFO - Load 71 frames: current frame ID /tmp/mummi/cg/structure_iter00_000000000014-20250408_161548/traj_comp.xtc
2025-04-08 16:42:50,557 - [MainProcess:160236] mummi_ras.online.cg.cganalysis:processFrame:580 - INFO - Frame:    70, Time: 35000.000 ps, Bbox = [0, 180.72777, 0, 180.72777]
2025-04-08 16:42:50,557 - [MainProcess:160236] mummi_ras.online.cg.cganalysis:processFrame:584 - INFO - Lengths of layers: 655 39 490
2025-04-08 16:42:50,617 - [MainProcess:160236] mummi_ras.online.cg.cganalysis:processFrame:765 - INFO - Time for analysis - frameNum 70, time 0.06728529930114746 s
2025-04-08 16:42:52,618 - [MainProcess:160236] mummi_ras.online.simulation:has_computed_enough:352 - INFO - runtime_hours*0.99 = 0.495 vs delta_time = 0.4449347354306115 (length 35.0 ns) False False
2025-04-08 16:42:54,621 - [MainProcess:160236] mummi_ras.online.simulation:has_computed_enough:352 - INFO - runtime_hours*0.99 = 0.495 vs delta_time = 0.4454913379086389 (length 35.0 ns) False False
2025-04-08 16:42:56,625 - [MainProcess:160236] mummi_ras.online.simulation:has_computed_enough:352 - INFO - runtime_hours*0.99 = 0.495 vs delta_time = 0.4460478896564907 (length 35.0 ns) False False
2025-04-08 16:42:58,629 - [MainProcess:160236] mummi_ras.online.simulation:has_computed_enough:352 - INFO - runtime_hours*0.99 = 0.495 vs delta_time = 0.4466044416030248 (length 35.0 ns) False False
2025-04-08 16:43:00,632 - [MainProcess:160236] mummi_ras.online.simulation:has_computed_enough:352 - INFO - runtime_hours*0.99 = 0.495 vs delta_time = 0.4471609944105148 (length 35.0 ns) False False
2025-04-08 16:43:02,636 - [MainProcess:160236] mummi_ras.online.simulation:has_computed_enough:352 - INFO - runtime_hours*0.99 = 0.495 vs delta_time = 0.447717541191313 (length 35.0 ns) False False
2025-04-08 16:43:04,639 - [MainProcess:160236] mummi_ras.online.simulation:has_computed_enough:352 - INFO - runtime_hours*0.99 = 0.495 vs delta_time = 0.44827408631642657 (length 35.0 ns) False False
2025-04-08 16:43:06,643 - [MainProcess:160236] mummi_ras.online.simulation:has_computed_enough:352 - INFO - runtime_hours*0.99 = 0.495 vs delta_time = 0.44883063342836166 (length 35.0 ns) False False
2025-04-08 16:43:08,646 - [MainProcess:160236] mummi_ras.online.simulation:has_computed_enough:352 - INFO - runtime_hours*0.99 = 0.495 vs delta_time = 0.44938717987802296 (length 35.0 ns) False False
2025-04-08 16:43:10,650 - [MainProcess:160236] mummi_ras.online.simulation:has_computed_enough:352 - INFO - runtime_hours*0.99 = 0.495 vs delta_time = 0.449943725599183 (length 35.0 ns) False False
2025-04-08 16:43:12,653 - [MainProcess:160236] mummi_ras.online.simulation:has_computed_enough:352 - INFO - runtime_hours*0.99 = 0.495 vs delta_time = 0.4505002608564165 (length 35.0 ns) False False
2025-04-08 16:43:12,686 - [MainProcess:160236] mummi_ras.online.simulation:get_new_frames:399 - INFO - Getting all frame numbers in trajectory from 71 to 71.
2025-04-08 16:43:12,686 - [MainProcess:160236] mummi_ras.online.cg.cganalysis:run_main_analysis:193 - INFO - Process frame 71
2025-04-08 16:43:12,686 - [MainProcess:160236] mummi_ras.online.cg.cganalysis:processFrame:554 - INFO - Load 72 frames: current frame ID /tmp/mummi/cg/structure_iter00_000000000014-20250408_161548/traj_comp.xtc
2025-04-08 16:43:12,693 - [MainProcess:160236] mummi_ras.online.cg.cganalysis:processFrame:580 - INFO - Frame:    71, Time: 35500.000 ps, Bbox = [0, 181.20027, 0, 181.20027]
2025-04-08 16:43:12,693 - [MainProcess:160236] mummi_ras.online.cg.cganalysis:processFrame:584 - INFO - Lengths of layers: 655 34 495
2025-04-08 16:43:12,754 - [MainProcess:160236] mummi_ras.online.cg.cganalysis:processFrame:765 - INFO - Time for analysis - frameNum 71, time 0.06715965270996094 s
2025-04-08 16:43:14,754 - [MainProcess:160236] mummi_ras.online.simulation:has_computed_enough:352 - INFO - runtime_hours*0.99 = 0.495 vs delta_time = 0.4510837123791377 (length 35.5 ns) False False
2025-04-08 16:43:16,758 - [MainProcess:160236] mummi_ras.online.simulation:has_computed_enough:352 - INFO - runtime_hours*0.99 = 0.495 vs delta_time = 0.45164030214150747 (length 35.5 ns) False False
2025-04-08 16:43:18,761 - [MainProcess:160236] mummi_ras.online.simulation:has_computed_enough:352 - INFO - runtime_hours*0.99 = 0.495 vs delta_time = 0.4521968618366453 (length 35.5 ns) False False
2025-04-08 16:43:20,765 - [MainProcess:160236] mummi_ras.online.simulation:has_computed_enough:352 - INFO - runtime_hours*0.99 = 0.495 vs delta_time = 0.4527534082200792 (length 35.5 ns) False False
2025-04-08 16:43:22,768 - [MainProcess:160236] mummi_ras.online.simulation:has_computed_enough:352 - INFO - runtime_hours*0.99 = 0.495 vs delta_time = 0.4533099565241072 (length 35.5 ns) False False
2025-04-08 16:43:24,772 - [MainProcess:160236] mummi_ras.online.simulation:has_computed_enough:352 - INFO - runtime_hours*0.99 = 0.495 vs delta_time = 0.4538664988014433 (length 35.5 ns) False False
2025-04-08 16:43:26,775 - [MainProcess:160236] mummi_ras.online.simulation:has_computed_enough:352 - INFO - runtime_hours*0.99 = 0.495 vs delta_time = 0.45442304564846886 (length 35.5 ns) False False
2025-04-08 16:43:28,779 - [MainProcess:160236] mummi_ras.online.simulation:has_computed_enough:352 - INFO - runtime_hours*0.99 = 0.495 vs delta_time = 0.4549795964691374 (length 35.5 ns) False False
2025-04-08 16:43:30,783 - [MainProcess:160236] mummi_ras.online.simulation:has_computed_enough:352 - INFO - runtime_hours*0.99 = 0.495 vs delta_time = 0.45553614265388914 (length 35.5 ns) False False
2025-04-08 16:43:32,786 - [MainProcess:160236] mummi_ras.online.simulation:has_computed_enough:352 - INFO - runtime_hours*0.99 = 0.495 vs delta_time = 0.4560926763878928 (length 35.5 ns) False False
2025-04-08 16:43:34,790 - [MainProcess:160236] mummi_ras.online.simulation:has_computed_enough:352 - INFO - runtime_hours*0.99 = 0.495 vs delta_time = 0.4566492223739624 (length 35.5 ns) False False
2025-04-08 16:43:34,863 - [MainProcess:160236] mummi_ras.online.simulation:get_new_frames:399 - INFO - Getting all frame numbers in trajectory from 72 to 72.
2025-04-08 16:43:34,863 - [MainProcess:160236] mummi_ras.online.cg.cganalysis:run_main_analysis:193 - INFO - Process frame 72
2025-04-08 16:43:34,864 - [MainProcess:160236] mummi_ras.online.cg.cganalysis:processFrame:554 - INFO - Load 73 frames: current frame ID /tmp/mummi/cg/structure_iter00_000000000014-20250408_161548/traj_comp.xtc
2025-04-08 16:43:34,870 - [MainProcess:160236] mummi_ras.online.cg.cganalysis:processFrame:580 - INFO - Frame:    72, Time: 36000.000 ps, Bbox = [0, 180.31659, 0, 180.31659]
2025-04-08 16:43:34,870 - [MainProcess:160236] mummi_ras.online.cg.cganalysis:processFrame:584 - INFO - Lengths of layers: 653 37 494
2025-04-08 16:43:34,932 - [MainProcess:160236] mummi_ras.online.cg.cganalysis:processFrame:765 - INFO - Time for analysis - frameNum 72, time 0.06841516494750977 s
2025-04-08 16:43:36,932 - [MainProcess:160236] mummi_ras.online.simulation:has_computed_enough:352 - INFO - runtime_hours*0.99 = 0.495 vs delta_time = 0.4572444258795844 (length 36.0 ns) False False
2025-04-08 16:43:38,936 - [MainProcess:160236] mummi_ras.online.simulation:has_computed_enough:352 - INFO - runtime_hours*0.99 = 0.495 vs delta_time = 0.4578010243177414 (length 36.0 ns) False False
2025-04-08 16:43:40,940 - [MainProcess:160236] mummi_ras.online.simulation:has_computed_enough:352 - INFO - runtime_hours*0.99 = 0.495 vs delta_time = 0.45835757672786714 (length 36.0 ns) False False
2025-04-08 16:43:42,943 - [MainProcess:160236] mummi_ras.online.simulation:has_computed_enough:352 - INFO - runtime_hours*0.99 = 0.495 vs delta_time = 0.45891412622398803 (length 36.0 ns) False False
2025-04-08 16:43:44,947 - [MainProcess:160236] mummi_ras.online.simulation:has_computed_enough:352 - INFO - runtime_hours*0.99 = 0.495 vs delta_time = 0.4594706760512458 (length 36.0 ns) False False
2025-04-08 16:43:46,951 - [MainProcess:160236] mummi_ras.online.simulation:has_computed_enough:352 - INFO - runtime_hours*0.99 = 0.495 vs delta_time = 0.4600272249513202 (length 36.0 ns) False False
2025-04-08 16:43:48,954 - [MainProcess:160236] mummi_ras.online.simulation:has_computed_enough:352 - INFO - runtime_hours*0.99 = 0.495 vs delta_time = 0.46058376848697663 (length 36.0 ns) False False
2025-04-08 16:43:50,958 - [MainProcess:160236] mummi_ras.online.simulation:has_computed_enough:352 - INFO - runtime_hours*0.99 = 0.495 vs delta_time = 0.4611403122213152 (length 36.0 ns) False False
2025-04-08 16:43:52,961 - [MainProcess:160236] mummi_ras.online.simulation:has_computed_enough:352 - INFO - runtime_hours*0.99 = 0.495 vs delta_time = 0.4616968453592724 (length 36.0 ns) False False
2025-04-08 16:43:54,965 - [MainProcess:160236] mummi_ras.online.simulation:has_computed_enough:352 - INFO - runtime_hours*0.99 = 0.495 vs delta_time = 0.46225339147779676 (length 36.0 ns) False False
2025-04-08 16:43:56,968 - [MainProcess:160236] mummi_ras.online.simulation:has_computed_enough:352 - INFO - runtime_hours*0.99 = 0.495 vs delta_time = 0.46280995428562166 (length 36.0 ns) False False
2025-04-08 16:43:58,972 - [MainProcess:160236] mummi_ras.online.simulation:has_computed_enough:352 - INFO - runtime_hours*0.99 = 0.495 vs delta_time = 0.4633665019936032 (length 36.0 ns) False False
2025-04-08 16:43:59,186 - [MainProcess:160236] mummi_ras.online.simulation:get_new_frames:399 - INFO - Getting all frame numbers in trajectory from 73 to 73.
2025-04-08 16:43:59,187 - [MainProcess:160236] mummi_ras.online.cg.cganalysis:run_main_analysis:193 - INFO - Process frame 73
2025-04-08 16:43:59,187 - [MainProcess:160236] mummi_ras.online.cg.cganalysis:processFrame:554 - INFO - Load 74 frames: current frame ID /tmp/mummi/cg/structure_iter00_000000000014-20250408_161548/traj_comp.xtc
2025-04-08 16:43:59,194 - [MainProcess:160236] mummi_ras.online.cg.cganalysis:processFrame:580 - INFO - Frame:    73, Time: 36500.000 ps, Bbox = [0, 179.27722, 0, 179.27722]
2025-04-08 16:43:59,194 - [MainProcess:160236] mummi_ras.online.cg.cganalysis:processFrame:584 - INFO - Lengths of layers: 654 35 495
2025-04-08 16:43:59,254 - [MainProcess:160236] mummi_ras.online.cg.cganalysis:processFrame:765 - INFO - Time for analysis - frameNum 73, time 0.06687641143798828 s
2025-04-08 16:44:01,254 - [MainProcess:160236] mummi_ras.online.simulation:has_computed_enough:352 - INFO - runtime_hours*0.99 = 0.495 vs delta_time = 0.4640004485183292 (length 36.5 ns) False False
2025-04-08 16:44:03,258 - [MainProcess:160236] mummi_ras.online.simulation:has_computed_enough:352 - INFO - runtime_hours*0.99 = 0.495 vs delta_time = 0.4645570384793811 (length 36.5 ns) False False
2025-04-08 16:44:05,261 - [MainProcess:160236] mummi_ras.online.simulation:has_computed_enough:352 - INFO - runtime_hours*0.99 = 0.495 vs delta_time = 0.4651135971148809 (length 36.5 ns) False False
2025-04-08 16:44:07,265 - [MainProcess:160236] mummi_ras.online.simulation:has_computed_enough:352 - INFO - runtime_hours*0.99 = 0.495 vs delta_time = 0.46567014111412897 (length 36.5 ns) False False
2025-04-08 16:44:09,269 - [MainProcess:160236] mummi_ras.online.simulation:has_computed_enough:352 - INFO - runtime_hours*0.99 = 0.495 vs delta_time = 0.4662266923321618 (length 36.5 ns) False False
2025-04-08 16:44:11,272 - [MainProcess:160236] mummi_ras.online.simulation:has_computed_enough:352 - INFO - runtime_hours*0.99 = 0.495 vs delta_time = 0.4667832425567839 (length 36.5 ns) False False
2025-04-08 16:44:13,276 - [MainProcess:160236] mummi_ras.online.simulation:has_computed_enough:352 - INFO - runtime_hours*0.99 = 0.495 vs delta_time = 0.46733979013231064 (length 36.5 ns) False False
2025-04-08 16:44:15,279 - [MainProcess:160236] mummi_ras.online.simulation:has_computed_enough:352 - INFO - runtime_hours*0.99 = 0.495 vs delta_time = 0.46789633293946586 (length 36.5 ns) False False
2025-04-08 16:44:17,283 - [MainProcess:160236] mummi_ras.online.simulation:has_computed_enough:352 - INFO - runtime_hours*0.99 = 0.495 vs delta_time = 0.4684528728988436 (length 36.5 ns) False False
2025-04-08 16:44:19,286 - [MainProcess:160236] mummi_ras.online.simulation:has_computed_enough:352 - INFO - runtime_hours*0.99 = 0.495 vs delta_time = 0.4690094127919939 (length 36.5 ns) False False
2025-04-08 16:44:21,290 - [MainProcess:160236] mummi_ras.online.simulation:has_computed_enough:352 - INFO - runtime_hours*0.99 = 0.495 vs delta_time = 0.469565961294704 (length 36.5 ns) False False
2025-04-08 16:44:21,323 - [MainProcess:160236] mummi_ras.online.simulation:get_new_frames:399 - INFO - Getting all frame numbers in trajectory from 74 to 74.
2025-04-08 16:44:21,323 - [MainProcess:160236] mummi_ras.online.cg.cganalysis:run_main_analysis:193 - INFO - Process frame 74
2025-04-08 16:44:21,324 - [MainProcess:160236] mummi_ras.online.cg.cganalysis:processFrame:554 - INFO - Load 75 frames: current frame ID /tmp/mummi/cg/structure_iter00_000000000014-20250408_161548/traj_comp.xtc
2025-04-08 16:44:21,330 - [MainProcess:160236] mummi_ras.online.cg.cganalysis:processFrame:580 - INFO - Frame:    74, Time: 37000.000 ps, Bbox = [0, 179.69743, 0, 179.69743]
2025-04-08 16:44:21,331 - [MainProcess:160236] mummi_ras.online.cg.cganalysis:processFrame:584 - INFO - Lengths of layers: 653 32 499
2025-04-08 16:44:21,391 - [MainProcess:160236] mummi_ras.online.cg.cganalysis:processFrame:765 - INFO - Time for analysis - frameNum 74, time 0.06699967384338379 s
2025-04-08 16:44:23,391 - [MainProcess:160236] mummi_ras.online.simulation:has_computed_enough:352 - INFO - runtime_hours*0.99 = 0.495 vs delta_time = 0.4701495967970954 (length 37.0 ns) False False
2025-04-08 16:44:25,395 - [MainProcess:160236] mummi_ras.online.simulation:has_computed_enough:352 - INFO - runtime_hours*0.99 = 0.495 vs delta_time = 0.47070619649357265 (length 37.0 ns) False False
2025-04-08 16:44:27,398 - [MainProcess:160236] mummi_ras.online.simulation:has_computed_enough:352 - INFO - runtime_hours*0.99 = 0.495 vs delta_time = 0.47126274824142456 (length 37.0 ns) False False
2025-04-08 16:44:29,402 - [MainProcess:160236] mummi_ras.online.simulation:has_computed_enough:352 - INFO - runtime_hours*0.99 = 0.495 vs delta_time = 0.47181930694315166 (length 37.0 ns) False False
2025-04-08 16:44:31,406 - [MainProcess:160236] mummi_ras.online.simulation:has_computed_enough:352 - INFO - runtime_hours*0.99 = 0.495 vs delta_time = 0.47237585571077134 (length 37.0 ns) False False
2025-04-08 16:44:33,409 - [MainProcess:160236] mummi_ras.online.simulation:has_computed_enough:352 - INFO - runtime_hours*0.99 = 0.495 vs delta_time = 0.4729324097765817 (length 37.0 ns) False False
2025-04-08 16:44:35,413 - [MainProcess:160236] mummi_ras.online.simulation:has_computed_enough:352 - INFO - runtime_hours*0.99 = 0.495 vs delta_time = 0.47348895649115247 (length 37.0 ns) False False
2025-04-08 16:44:37,416 - [MainProcess:160236] mummi_ras.online.simulation:has_computed_enough:352 - INFO - runtime_hours*0.99 = 0.495 vs delta_time = 0.47404549724525874 (length 37.0 ns) False False
2025-04-08 16:44:39,420 - [MainProcess:160236] mummi_ras.online.simulation:has_computed_enough:352 - INFO - runtime_hours*0.99 = 0.495 vs delta_time = 0.4746020411782795 (length 37.0 ns) False False
2025-04-08 16:44:41,423 - [MainProcess:160236] mummi_ras.online.simulation:has_computed_enough:352 - INFO - runtime_hours*0.99 = 0.495 vs delta_time = 0.47515858908494313 (length 37.0 ns) False False
2025-04-08 16:44:43,427 - [MainProcess:160236] mummi_ras.online.simulation:has_computed_enough:352 - INFO - runtime_hours*0.99 = 0.495 vs delta_time = 0.47571513017018635 (length 37.0 ns) False False
2025-04-08 16:44:43,532 - [MainProcess:160236] mummi_ras.online.simulation:get_new_frames:399 - INFO - Getting all frame numbers in trajectory from 75 to 75.
2025-04-08 16:44:43,533 - [MainProcess:160236] mummi_ras.online.cg.cganalysis:run_main_analysis:193 - INFO - Process frame 75
2025-04-08 16:44:43,533 - [MainProcess:160236] mummi_ras.online.cg.cganalysis:processFrame:554 - INFO - Load 76 frames: current frame ID /tmp/mummi/cg/structure_iter00_000000000014-20250408_161548/traj_comp.xtc
2025-04-08 16:44:43,539 - [MainProcess:160236] mummi_ras.online.cg.cganalysis:processFrame:580 - INFO - Frame:    75, Time: 37500.000 ps, Bbox = [0, 178.55164, 0, 178.55164]
2025-04-08 16:44:43,540 - [MainProcess:160236] mummi_ras.online.cg.cganalysis:processFrame:584 - INFO - Lengths of layers: 654 35 495
2025-04-08 16:44:43,600 - [MainProcess:160236] mummi_ras.online.cg.cganalysis:processFrame:765 - INFO - Time for analysis - frameNum 75, time 0.06690478324890137 s
2025-04-08 16:44:45,600 - [MainProcess:160236] mummi_ras.online.simulation:has_computed_enough:352 - INFO - runtime_hours*0.99 = 0.495 vs delta_time = 0.4763187725014157 (length 37.5 ns) False False
2025-04-08 16:44:47,604 - [MainProcess:160236] mummi_ras.online.simulation:has_computed_enough:352 - INFO - runtime_hours*0.99 = 0.495 vs delta_time = 0.47687535895241634 (length 37.5 ns) False False
2025-04-08 16:44:49,607 - [MainProcess:160236] mummi_ras.online.simulation:has_computed_enough:352 - INFO - runtime_hours*0.99 = 0.495 vs delta_time = 0.47743191745546126 (length 37.5 ns) False False
2025-04-08 16:44:51,611 - [MainProcess:160236] mummi_ras.online.simulation:has_computed_enough:352 - INFO - runtime_hours*0.99 = 0.495 vs delta_time = 0.47798846198452843 (length 37.5 ns) False False
2025-04-08 16:44:53,615 - [MainProcess:160236] mummi_ras.online.simulation:has_computed_enough:352 - INFO - runtime_hours*0.99 = 0.495 vs delta_time = 0.4785450100236469 (length 37.5 ns) False False
2025-04-08 16:44:55,618 - [MainProcess:160236] mummi_ras.online.simulation:has_computed_enough:352 - INFO - runtime_hours*0.99 = 0.495 vs delta_time = 0.47910154925452336 (length 37.5 ns) False False
2025-04-08 16:44:57,622 - [MainProcess:160236] mummi_ras.online.simulation:has_computed_enough:352 - INFO - runtime_hours*0.99 = 0.495 vs delta_time = 0.47965809894932643 (length 37.5 ns) False False
2025-04-08 16:44:59,625 - [MainProcess:160236] mummi_ras.online.simulation:has_computed_enough:352 - INFO - runtime_hours*0.99 = 0.495 vs delta_time = 0.48021463943852316 (length 37.5 ns) False False
2025-04-08 16:45:01,629 - [MainProcess:160236] mummi_ras.online.simulation:has_computed_enough:352 - INFO - runtime_hours*0.99 = 0.495 vs delta_time = 0.48077118708027733 (length 37.5 ns) False False
2025-04-08 16:45:03,632 - [MainProcess:160236] mummi_ras.online.simulation:has_computed_enough:352 - INFO - runtime_hours*0.99 = 0.495 vs delta_time = 0.4813277241918776 (length 37.5 ns) False False
2025-04-08 16:45:05,636 - [MainProcess:160236] mummi_ras.online.simulation:has_computed_enough:352 - INFO - runtime_hours*0.99 = 0.495 vs delta_time = 0.4818842703766293 (length 37.5 ns) False False
2025-04-08 16:45:07,639 - [MainProcess:160236] mummi_ras.online.simulation:has_computed_enough:352 - INFO - runtime_hours*0.99 = 0.495 vs delta_time = 0.4824408096737332 (length 37.5 ns) False False
2025-04-08 16:45:07,805 - [MainProcess:160236] mummi_ras.online.simulation:get_new_frames:399 - INFO - Getting all frame numbers in trajectory from 76 to 76.
2025-04-08 16:45:07,805 - [MainProcess:160236] mummi_ras.online.cg.cganalysis:run_main_analysis:193 - INFO - Process frame 76
2025-04-08 16:45:07,805 - [MainProcess:160236] mummi_ras.online.cg.cganalysis:processFrame:554 - INFO - Load 77 frames: current frame ID /tmp/mummi/cg/structure_iter00_000000000014-20250408_161548/traj_comp.xtc
2025-04-08 16:45:07,812 - [MainProcess:160236] mummi_ras.online.cg.cganalysis:processFrame:580 - INFO - Frame:    76, Time: 38000.000 ps, Bbox = [0, 180.08398, 0, 180.08398]
2025-04-08 16:45:07,812 - [MainProcess:160236] mummi_ras.online.cg.cganalysis:processFrame:584 - INFO - Lengths of layers: 652 35 497
2025-04-08 16:45:07,872 - [MainProcess:160236] mummi_ras.online.cg.cganalysis:processFrame:765 - INFO - Time for analysis - frameNum 76, time 0.06734514236450195 s
2025-04-08 16:45:09,873 - [MainProcess:160236] mummi_ras.online.simulation:has_computed_enough:352 - INFO - runtime_hours*0.99 = 0.495 vs delta_time = 0.4830611991882324 (length 38.0 ns) False False
2025-04-08 16:45:11,877 - [MainProcess:160236] mummi_ras.online.simulation:has_computed_enough:352 - INFO - runtime_hours*0.99 = 0.495 vs delta_time = 0.48361780120266806 (length 38.0 ns) False False
2025-04-08 16:45:13,880 - [MainProcess:160236] mummi_ras.online.simulation:has_computed_enough:352 - INFO - runtime_hours*0.99 = 0.495 vs delta_time = 0.4841743668582704 (length 38.0 ns) False False
2025-04-08 16:45:15,884 - [MainProcess:160236] mummi_ras.online.simulation:has_computed_enough:352 - INFO - runtime_hours*0.99 = 0.495 vs delta_time = 0.4847309141688877 (length 38.0 ns) False False
2025-04-08 16:45:17,887 - [MainProcess:160236] mummi_ras.online.simulation:has_computed_enough:352 - INFO - runtime_hours*0.99 = 0.495 vs delta_time = 0.48528745399581064 (length 38.0 ns) False False
2025-04-08 16:45:19,891 - [MainProcess:160236] mummi_ras.online.simulation:has_computed_enough:352 - INFO - runtime_hours*0.99 = 0.495 vs delta_time = 0.4858439984586504 (length 38.0 ns) False False
2025-04-08 16:45:21,895 - [MainProcess:160236] mummi_ras.online.simulation:has_computed_enough:352 - INFO - runtime_hours*0.99 = 0.495 vs delta_time = 0.48640055411391786 (length 38.0 ns) False False
2025-04-08 16:45:23,898 - [MainProcess:160236] mummi_ras.online.simulation:has_computed_enough:352 - INFO - runtime_hours*0.99 = 0.495 vs delta_time = 0.4869570936097039 (length 38.0 ns) False False
2025-04-08 16:45:25,902 - [MainProcess:160236] mummi_ras.online.simulation:has_computed_enough:352 - INFO - runtime_hours*0.99 = 0.495 vs delta_time = 0.4875136465496487 (length 38.0 ns) False False
2025-04-08 16:45:27,905 - [MainProcess:160236] mummi_ras.online.simulation:has_computed_enough:352 - INFO - runtime_hours*0.99 = 0.495 vs delta_time = 0.4880701873699824 (length 38.0 ns) False False
2025-04-08 16:45:29,909 - [MainProcess:160236] mummi_ras.online.simulation:has_computed_enough:352 - INFO - runtime_hours*0.99 = 0.495 vs delta_time = 0.4886267411046558 (length 38.0 ns) False False
2025-04-08 16:45:29,953 - [MainProcess:160236] mummi_ras.online.simulation:get_new_frames:399 - INFO - Getting all frame numbers in trajectory from 77 to 77.
2025-04-08 16:45:29,953 - [MainProcess:160236] mummi_ras.online.cg.cganalysis:run_main_analysis:193 - INFO - Process frame 77
2025-04-08 16:45:29,953 - [MainProcess:160236] mummi_ras.online.cg.cganalysis:processFrame:554 - INFO - Load 78 frames: current frame ID /tmp/mummi/cg/structure_iter00_000000000014-20250408_161548/traj_comp.xtc
2025-04-08 16:45:29,960 - [MainProcess:160236] mummi_ras.online.cg.cganalysis:processFrame:580 - INFO - Frame:    77, Time: 38500.000 ps, Bbox = [0, 180.90486, 0, 180.90486]
2025-04-08 16:45:29,960 - [MainProcess:160236] mummi_ras.online.cg.cganalysis:processFrame:584 - INFO - Lengths of layers: 655 32 497
2025-04-08 16:45:30,020 - [MainProcess:160236] mummi_ras.online.cg.cganalysis:processFrame:765 - INFO - Time for analysis - frameNum 77, time 0.06753325462341309 s
2025-04-08 16:45:32,021 - [MainProcess:160236] mummi_ras.online.simulation:has_computed_enough:352 - INFO - runtime_hours*0.99 = 0.495 vs delta_time = 0.489213452272945 (length 38.5 ns) False False
2025-04-08 16:45:34,025 - [MainProcess:160236] mummi_ras.online.simulation:has_computed_enough:352 - INFO - runtime_hours*0.99 = 0.495 vs delta_time = 0.4897700497839186 (length 38.5 ns) False False
2025-04-08 16:45:36,028 - [MainProcess:160236] mummi_ras.online.simulation:has_computed_enough:352 - INFO - runtime_hours*0.99 = 0.495 vs delta_time = 0.49032659371693926 (length 38.5 ns) False False
2025-04-08 16:45:38,032 - [MainProcess:160236] mummi_ras.online.simulation:has_computed_enough:352 - INFO - runtime_hours*0.99 = 0.495 vs delta_time = 0.49088313546445633 (length 38.5 ns) False False
2025-04-08 16:45:40,035 - [MainProcess:160236] mummi_ras.online.simulation:has_computed_enough:352 - INFO - runtime_hours*0.99 = 0.495 vs delta_time = 0.49143968019220563 (length 38.5 ns) False False
2025-04-08 16:45:42,039 - [MainProcess:160236] mummi_ras.online.simulation:has_computed_enough:352 - INFO - runtime_hours*0.99 = 0.495 vs delta_time = 0.49199622770150503 (length 38.5 ns) False False
2025-04-08 16:45:44,042 - [MainProcess:160236] mummi_ras.online.simulation:has_computed_enough:352 - INFO - runtime_hours*0.99 = 0.495 vs delta_time = 0.49255276845561136 (length 38.5 ns) False False
2025-04-08 16:45:46,046 - [MainProcess:160236] mummi_ras.online.simulation:has_computed_enough:352 - INFO - runtime_hours*0.99 = 0.495 vs delta_time = 0.49310930914349027 (length 38.5 ns) False False
2025-04-08 16:45:48,050 - [MainProcess:160236] mummi_ras.online.simulation:has_computed_enough:352 - INFO - runtime_hours*0.99 = 0.495 vs delta_time = 0.4936658487055037 (length 38.5 ns) False False
2025-04-08 16:45:50,053 - [MainProcess:160236] mummi_ras.online.simulation:has_computed_enough:352 - INFO - runtime_hours*0.99 = 0.495 vs delta_time = 0.4942223982678519 (length 38.5 ns) False False
2025-04-08 16:45:52,057 - [MainProcess:160236] mummi_ras.online.simulation:has_computed_enough:352 - INFO - runtime_hours*0.99 = 0.495 vs delta_time = 0.4947789411412345 (length 38.5 ns) False False
2025-04-08 16:45:52,130 - [MainProcess:160236] mummi_ras.online.simulation:get_new_frames:399 - INFO - Getting all frame numbers in trajectory from 78 to 78.
2025-04-08 16:45:52,130 - [MainProcess:160236] mummi_ras.online.cg.cganalysis:run_main_analysis:193 - INFO - Process frame 78
2025-04-08 16:45:52,130 - [MainProcess:160236] mummi_ras.online.cg.cganalysis:processFrame:554 - INFO - Load 79 frames: current frame ID /tmp/mummi/cg/structure_iter00_000000000014-20250408_161548/traj_comp.xtc
2025-04-08 16:45:52,137 - [MainProcess:160236] mummi_ras.online.cg.cganalysis:processFrame:580 - INFO - Frame:    78, Time: 39000.000 ps, Bbox = [0, 180.2842, 0, 180.2842]
2025-04-08 16:45:52,137 - [MainProcess:160236] mummi_ras.online.cg.cganalysis:processFrame:584 - INFO - Lengths of layers: 655 36 493
2025-04-08 16:45:52,197 - [MainProcess:160236] mummi_ras.online.cg.cganalysis:processFrame:765 - INFO - Time for analysis - frameNum 78, time 0.0668480396270752 s
2025-04-08 16:45:54,198 - [MainProcess:160236] mummi_ras.online.simulation:has_computed_enough:352 - INFO - runtime_hours*0.99 = 0.495 vs delta_time = 0.49537363522582584 (length 39.0 ns) True False
2025-04-08 16:45:54,199 - [MainProcess:160236] mummi_ras.online.simulation:has_computed_enough:355 - INFO - TEST False
2025-04-08 16:45:54,201 - [MainProcess:160236] mummi_core.interfaces.base:send_signal:280 - INFO - Saved signal (/p/gpfs1/pottier1/minimummi-sc25/roots/root1/sims-cg/structure_iter00_000000000014/cg_success)
2025-04-08 16:45:54,201 - [MainProcess:160236] mummi_ras.online.simulation:has_computed_enough:358 - INFO - Setting success flag for /p/gpfs1/pottier1/minimummi-sc25/roots/root1/sims-cg/structure_iter00_000000000014 (runtime 0.49537363522582584 hours) (length 39.0 ns)
2025-04-08 16:45:54,201 - [MainProcess:160236] mummi_ras.online.cg.cganalysis:run_main_analysis:232 - INFO - Sim structure_iter00_000000000014 IS DONE
2025-04-08 16:45:54,201 - [MainProcess:160236] mummi_ras.online.simulation:stop:135 - INFO - Stopping simulation structure_iter00_000000000014
2025-04-08 16:45:54,201 - [MainProcess:160236] mummi_ras.online.cg.cganalysis:processOutput:92 - INFO - Add feedback for frameNum 70 - state []
2025-04-08 16:45:54,201 - [MainProcess:160236] mummi_ras.online.cg.cganalysis:processOutput:92 - INFO - Add feedback for frameNum 71 - state []
2025-04-08 16:45:54,201 - [MainProcess:160236] mummi_ras.online.cg.cganalysis:processOutput:92 - INFO - Add feedback for frameNum 72 - state []
2025-04-08 16:45:54,201 - [MainProcess:160236] mummi_ras.online.cg.cganalysis:processOutput:92 - INFO - Add feedback for frameNum 73 - state []
2025-04-08 16:45:54,201 - [MainProcess:160236] mummi_ras.online.cg.cganalysis:processOutput:92 - INFO - Add feedback for frameNum 74 - state []
2025-04-08 16:45:54,202 - [MainProcess:160236] mummi_ras.online.cg.cganalysis:processOutput:92 - INFO - Add feedback for frameNum 75 - state []
2025-04-08 16:45:54,202 - [MainProcess:160236] mummi_ras.online.cg.cganalysis:processOutput:92 - INFO - Add feedback for frameNum 76 - state []
2025-04-08 16:45:54,202 - [MainProcess:160236] mummi_ras.online.cg.cganalysis:processOutput:92 - INFO - Add feedback for frameNum 77 - state []
2025-04-08 16:45:54,209 - [MainProcess:160236] mummi_core.interfaces.simple:_save_files:91 - INFO - Wrote 8 files to (/p/gpfs1/pottier1/minimummi-sc25/roots/root1/feedback-cg2ml/014)
2025-04-08 16:45:54,209 - [MainProcess:160236] mummi_ras.feedback.feedback_manager_cg2ml:report:118 - INFO - Added 8 frames (from structure_iter00_000000000014) to feedback (/p/gpfs1/pottier1/minimummi-sc25/roots/root1/feedback-cg2ml)
2025-04-08 16:45:54,209 - [MainProcess:160236] mummi_ras.online.cg.cganalysis:processOutput:112 - INFO - processOutput: 77
2025-04-08 16:45:54,209 - [MainProcess:160236] mummi_ras.online.cg.cganalysis:copyRemoteRestart:452 - INFO - Copy to remote frames [70, 71, 72, 73, 74, 75, 76, 77]
2025-04-08 16:45:54,397 - [MainProcess:160236] mummi_core.utils.utilities:sys_call:184 - INFO - Run command: rsync -va --no-g traj_comp.xtc topol.tpr state.cpt ener.edr md.log mdrun.log /p/gpfs1/pottier1/minimummi-sc25/roots/root1/sims-cg/structure_iter00_000000000014 || true
2025-04-08 16:45:54,625 - [MainProcess:160236] mummi_ras.interfaces.mummi:save_analysis_data:253 - INFO - Saved all analysis data for frames [70, 71, 72, 73, 74, 75, 76, 77]
2025-04-08 16:45:54,625 - [MainProcess:160236] mummi_ras.online.cg.cganalysis:copyRemoteLogs:350 - INFO - Copy over log files
2025-04-08 16:45:54,653 - [MainProcess:160236] mummi_core.utils.utilities:sys_call:184 - INFO - Run command: cp -r  /tmp/mummi/cg/structure_iter00_000000000014-20250408_161548/cg_analysis.out /tmp/mummi/cg/structure_iter00_000000000014-20250408_161548/traj_comp.xtc /tmp/mummi/cg/structure_iter00_000000000014-20250408_161548/*.log /p/gpfs1/pottier1/minimummi-sc25/roots/root1/sims-cg/structure_iter00_000000000014/ || true
2025-04-08 16:45:54,653 - [MainProcess:160236] mummi_ras.online.cg.cganalysis:copyRemoteLogs:365 - INFO - copyRemoteLogs =  /tmp/mummi/cg/structure_iter00_000000000014-20250408_161548/cg_analysis.out /tmp/mummi/cg/structure_iter00_000000000014-20250408_161548/traj_comp.xtc /tmp/mummi/cg/structure_iter00_000000000014-20250408_161548/*.log
2025-04-08 16:45:54,653 - [MainProcess:160236] mummi_ras.online.cg.cganalysis:cleanupLocal:375 - WARNING - Copy cleanup local only works for ddcMD files
2025-04-08 16:45:54,653 - [MainProcess:160236] mummi_core.interfaces.base:send_signal:275 - ERROR - Signal (/p/gpfs1/pottier1/minimummi-sc25/roots/root1/sims-cg/structure_iter00_000000000014/cg_success) already exist! Aborting.
2025-04-08 16:45:54,653 - [MainProcess:160236] mummi_core.interfaces.base:send_signal:280 - INFO - Saved signal (/p/gpfs1/pottier1/minimummi-sc25/roots/root1/sims-cg/structure_iter00_000000000014/cg_success)
2025-04-08 16:45:54,654 - [MainProcess:160236] mummi_ras.online.cg.cganalysis:copyRemoteLogs:350 - INFO - Copy over log files
2025-04-08 16:45:54,731 - [MainProcess:160236] mummi_core.utils.utilities:sys_call:184 - INFO - Run command: cp -r  /tmp/mummi/cg/structure_iter00_000000000014-20250408_161548/cg_analysis.out /tmp/mummi/cg/structure_iter00_000000000014-20250408_161548/traj_comp.xtc /tmp/mummi/cg/structure_iter00_000000000014-20250408_161548/*.log /p/gpfs1/pottier1/minimummi-sc25/roots/root1/sims-cg/structure_iter00_000000000014/ || true
2025-04-08 16:45:54,731 - [MainProcess:160236] mummi_ras.online.cg.cganalysis:copyRemoteLogs:365 - INFO - copyRemoteLogs =  /tmp/mummi/cg/structure_iter00_000000000014-20250408_161548/cg_analysis.out /tmp/mummi/cg/structure_iter00_000000000014-20250408_161548/traj_comp.xtc /tmp/mummi/cg/structure_iter00_000000000014-20250408_161548/*.log
2025-04-08 16:45:54,731 - [MainProcess:160236] mummi_ras.online.cg.cganalysis:run_main_analysis:248 - INFO - EXITING: structure_iter00_000000000014
