state-machine-manager start /opt/jobs/state-machine-workflow.yaml --config-dir=/opt/jobs --scheduler kubernetes --registry registry-0.mummi.default.svc.cluster.local:5000 --plain-http
INFO:state_machine_operator.manager.manager: Job Prefix: [structure_]
INFO:state_machine_operator.manager.manager:  Scheduler: [kubernetes]
INFO:state_machine_operator.manager.manager:   Registry: [registry-0.mummi.default.svc.cluster.local:5000]
INFO:state_machine_operator.manager.manager:Manager running with 0 job sequence completions.
INFO:state_machine_operator.manager.manager:
> 🌀 Starting step mlrunner
INFO:state_machine_operator.manager.manager:> Workflow needs
INFO:state_machine_operator.manager.manager:  > total completions           10 
INFO:state_machine_operator.manager.manager:  > max nodes allowed use       6

INFO:state_machine_operator.manager.manager:> Current state
INFO:state_machine_operator.manager.manager:  > nodes / step                1 
INFO:state_machine_operator.manager.manager:  > jobs needed                 10 
INFO:state_machine_operator.manager.manager:  > nodes allowed               6 
INFO:state_machine_operator.manager.manager:  > jobs allowed                6

INFO:state_machine_operator.manager.manager:> Workflow progress
INFO:state_machine_operator.manager.manager:  > Completions                 0
INFO:state_machine_operator.manager.manager:  > In progress                 0
INFO:state_machine_operator.manager.manager:  > New job sequences submit    6 
INFO:state_machine_operator.manager.manager:
> 🌀 Starting step mlrunner
INFO:state_machine_operator.manager.manager:> Workflow needs
INFO:state_machine_operator.manager.manager:  > total completions           10 
INFO:state_machine_operator.manager.manager:  > max nodes allowed use       6

INFO:state_machine_operator.manager.manager:> Current state
INFO:state_machine_operator.manager.manager:  > nodes / step                1 
INFO:state_machine_operator.manager.manager:  > jobs needed                 10 
INFO:state_machine_operator.manager.manager:  > nodes allowed               6 
INFO:state_machine_operator.manager.manager:  > jobs allowed                6

INFO:state_machine_operator.manager.manager:> Workflow progress
INFO:state_machine_operator.manager.manager:  > Completions                 0
INFO:state_machine_operator.manager.manager:  > In progress                 6
INFO:state_machine_operator.manager.manager:  > New job sequences submit    0 
INFO:state_machine_operator.manager.manager:
> 🌀 Starting step mlrunner
INFO:state_machine_operator.manager.manager:> Workflow needs
INFO:state_machine_operator.manager.manager:  > total completions           10 
INFO:state_machine_operator.manager.manager:  > max nodes allowed use       6

INFO:state_machine_operator.manager.manager:> Current state
INFO:state_machine_operator.manager.manager:  > nodes / step                1 
INFO:state_machine_operator.manager.manager:  > jobs needed                 10 
INFO:state_machine_operator.manager.manager:  > nodes allowed               6 
INFO:state_machine_operator.manager.manager:  > jobs allowed                6

INFO:state_machine_operator.manager.manager:> Workflow progress
INFO:state_machine_operator.manager.manager:  > Completions                 0
INFO:state_machine_operator.manager.manager:  > In progress                 6
INFO:state_machine_operator.manager.manager:  > New job sequences submit    0 
INFO:state_machine_operator.manager.manager:
> 🌀 Starting step mlrunner
INFO:state_machine_operator.manager.manager:> Workflow needs
INFO:state_machine_operator.manager.manager:  > total completions           10 
INFO:state_machine_operator.manager.manager:  > max nodes allowed use       6

INFO:state_machine_operator.manager.manager:> Current state
INFO:state_machine_operator.manager.manager:  > nodes / step                1 
INFO:state_machine_operator.manager.manager:  > jobs needed                 10 
INFO:state_machine_operator.manager.manager:  > nodes allowed               6 
INFO:state_machine_operator.manager.manager:  > jobs allowed                6

INFO:state_machine_operator.manager.manager:> Workflow progress
INFO:state_machine_operator.manager.manager:  > Completions                 0
INFO:state_machine_operator.manager.manager:  > In progress                 6
INFO:state_machine_operator.manager.manager:  > New job sequences submit    0 
INFO:state_machine_operator.manager.manager:
> 🌀 Starting step mlrunner
INFO:state_machine_operator.manager.manager:> Workflow needs
INFO:state_machine_operator.manager.manager:  > total completions           10 
INFO:state_machine_operator.manager.manager:  > max nodes allowed use       6

INFO:state_machine_operator.manager.manager:> Current state
INFO:state_machine_operator.manager.manager:  > nodes / step                1 
INFO:state_machine_operator.manager.manager:  > jobs needed                 10 
INFO:state_machine_operator.manager.manager:  > nodes allowed               6 
INFO:state_machine_operator.manager.manager:  > jobs allowed                6

INFO:state_machine_operator.manager.manager:> Workflow progress
INFO:state_machine_operator.manager.manager:  > Completions                 0
INFO:state_machine_operator.manager.manager:  > In progress                 6
INFO:state_machine_operator.manager.manager:  > New job sequences submit    0 
INFO:state_machine_operator.manager.manager:
> 🌀 Starting step mlrunner
INFO:state_machine_operator.manager.manager:> Workflow needs
INFO:state_machine_operator.manager.manager:  > total completions           10 
INFO:state_machine_operator.manager.manager:  > max nodes allowed use       6

INFO:state_machine_operator.manager.manager:> Current state
INFO:state_machine_operator.manager.manager:  > nodes / step                1 
INFO:state_machine_operator.manager.manager:  > jobs needed                 10 
INFO:state_machine_operator.manager.manager:  > nodes allowed               6 
INFO:state_machine_operator.manager.manager:  > jobs allowed                6

INFO:state_machine_operator.manager.manager:> Workflow progress
INFO:state_machine_operator.manager.manager:  > Completions                 0
INFO:state_machine_operator.manager.manager:  > In progress                 6
INFO:state_machine_operator.manager.manager:  > New job sequences submit    0 
INFO:state_machine_operator.manager.manager:
> 🌀 Starting step mlrunner
INFO:state_machine_operator.manager.manager:> Workflow needs
INFO:state_machine_operator.manager.manager:  > total completions           10 
INFO:state_machine_operator.manager.manager:  > max nodes allowed use       6

INFO:state_machine_operator.manager.manager:> Current state
INFO:state_machine_operator.manager.manager:  > nodes / step                1 
INFO:state_machine_operator.manager.manager:  > jobs needed                 10 
INFO:state_machine_operator.manager.manager:  > nodes allowed               6 
INFO:state_machine_operator.manager.manager:  > jobs allowed                6

INFO:state_machine_operator.manager.manager:> Workflow progress
INFO:state_machine_operator.manager.manager:  > Completions                 0
INFO:state_machine_operator.manager.manager:  > In progress                 6
INFO:state_machine_operator.manager.manager:  > New job sequences submit    0 
INFO:state_machine_operator.manager.manager:
> 🌀 Starting step mlrunner
INFO:state_machine_operator.manager.manager:> Workflow needs
INFO:state_machine_operator.manager.manager:  > total completions           10 
INFO:state_machine_operator.manager.manager:  > max nodes allowed use       6

INFO:state_machine_operator.manager.manager:> Current state
INFO:state_machine_operator.manager.manager:  > nodes / step                1 
INFO:state_machine_operator.manager.manager:  > jobs needed                 10 
INFO:state_machine_operator.manager.manager:  > nodes allowed               6 
INFO:state_machine_operator.manager.manager:  > jobs allowed                6

INFO:state_machine_operator.manager.manager:> Workflow progress
INFO:state_machine_operator.manager.manager:  > Completions                 0
INFO:state_machine_operator.manager.manager:  > In progress                 6
INFO:state_machine_operator.manager.manager:  > New job sequences submit    0 
INFO:state_machine_operator.manager.manager:
> 🌀 Starting step mlrunner
INFO:state_machine_operator.manager.manager:> Workflow needs
INFO:state_machine_operator.manager.manager:  > total completions           10 
INFO:state_machine_operator.manager.manager:  > max nodes allowed use       6

INFO:state_machine_operator.manager.manager:> Current state
INFO:state_machine_operator.manager.manager:  > nodes / step                1 
INFO:state_machine_operator.manager.manager:  > jobs needed                 10 
INFO:state_machine_operator.manager.manager:  > nodes allowed               6 
INFO:state_machine_operator.manager.manager:  > jobs allowed                6

INFO:state_machine_operator.manager.manager:> Workflow progress
INFO:state_machine_operator.manager.manager:  > Completions                 0
INFO:state_machine_operator.manager.manager:  > In progress                 6
INFO:state_machine_operator.manager.manager:  > New job sequences submit    0 
INFO:state_machine_operator.manager.manager:
> 🌀 Starting step mlrunner
INFO:state_machine_operator.manager.manager:> Workflow needs
INFO:state_machine_operator.manager.manager:  > total completions           10 
INFO:state_machine_operator.manager.manager:  > max nodes allowed use       6

INFO:state_machine_operator.manager.manager:> Current state
INFO:state_machine_operator.manager.manager:  > nodes / step                1 
INFO:state_machine_operator.manager.manager:  > jobs needed                 10 
INFO:state_machine_operator.manager.manager:  > nodes allowed               6 
INFO:state_machine_operator.manager.manager:  > jobs allowed                6

INFO:state_machine_operator.manager.manager:> Workflow progress
INFO:state_machine_operator.manager.manager:  > Completions                 0
INFO:state_machine_operator.manager.manager:  > In progress                 6
INFO:state_machine_operator.manager.manager:  > New job sequences submit    0 
INFO:state_machine_operator.manager.manager:
> 🌀 Starting step mlrunner
INFO:state_machine_operator.manager.manager:> Workflow needs
INFO:state_machine_operator.manager.manager:  > total completions           10 
INFO:state_machine_operator.manager.manager:  > max nodes allowed use       6

INFO:state_machine_operator.manager.manager:> Current state
INFO:state_machine_operator.manager.manager:  > nodes / step                1 
INFO:state_machine_operator.manager.manager:  > jobs needed                 10 
INFO:state_machine_operator.manager.manager:  > nodes allowed               6 
INFO:state_machine_operator.manager.manager:  > jobs allowed                6

INFO:state_machine_operator.manager.manager:> Workflow progress
INFO:state_machine_operator.manager.manager:  > Completions                 0
INFO:state_machine_operator.manager.manager:  > In progress                 6
INFO:state_machine_operator.manager.manager:  > New job sequences submit    0 
INFO:state_machine_operator.manager.manager:
> 🌀 Starting step mlrunner
INFO:state_machine_operator.manager.manager:> Workflow needs
INFO:state_machine_operator.manager.manager:  > total completions           10 
INFO:state_machine_operator.manager.manager:  > max nodes allowed use       6

INFO:state_machine_operator.manager.manager:> Current state
INFO:state_machine_operator.manager.manager:  > nodes / step                1 
INFO:state_machine_operator.manager.manager:  > jobs needed                 10 
INFO:state_machine_operator.manager.manager:  > nodes allowed               6 
INFO:state_machine_operator.manager.manager:  > jobs allowed                6

INFO:state_machine_operator.manager.manager:> Workflow progress
INFO:state_machine_operator.manager.manager:  > Completions                 0
INFO:state_machine_operator.manager.manager:  > In progress                 6
INFO:state_machine_operator.manager.manager:  > New job sequences submit    0 
INFO:state_machine_operator.manager.manager:
> 🌀 Starting step mlrunner
INFO:state_machine_operator.manager.manager:> Workflow needs
INFO:state_machine_operator.manager.manager:  > total completions           10 
INFO:state_machine_operator.manager.manager:  > max nodes allowed use       6

INFO:state_machine_operator.manager.manager:> Current state
INFO:state_machine_operator.manager.manager:  > nodes / step                1 
INFO:state_machine_operator.manager.manager:  > jobs needed                 10 
INFO:state_machine_operator.manager.manager:  > nodes allowed               6 
INFO:state_machine_operator.manager.manager:  > jobs allowed                6

INFO:state_machine_operator.manager.manager:> Workflow progress
INFO:state_machine_operator.manager.manager:  > Completions                 0
INFO:state_machine_operator.manager.manager:  > In progress                 6
INFO:state_machine_operator.manager.manager:  > New job sequences submit    0 
INFO:state_machine_operator.manager.manager:
> 🌀 Starting step mlrunner
INFO:state_machine_operator.manager.manager:> Workflow needs
INFO:state_machine_operator.manager.manager:  > total completions           10 
INFO:state_machine_operator.manager.manager:  > max nodes allowed use       6

INFO:state_machine_operator.manager.manager:> Current state
INFO:state_machine_operator.manager.manager:  > nodes / step                1 
INFO:state_machine_operator.manager.manager:  > jobs needed                 10 
INFO:state_machine_operator.manager.manager:  > nodes allowed               6 
INFO:state_machine_operator.manager.manager:  > jobs allowed                6

INFO:state_machine_operator.manager.manager:> Workflow progress
INFO:state_machine_operator.manager.manager:  > Completions                 0
INFO:state_machine_operator.manager.manager:  > In progress                 6
INFO:state_machine_operator.manager.manager:  > New job sequences submit    0 
INFO:state_machine_operator.manager.manager:
> 🌀 Starting step mlrunner
INFO:state_machine_operator.manager.manager:> Workflow needs
INFO:state_machine_operator.manager.manager:  > total completions           10 
INFO:state_machine_operator.manager.manager:  > max nodes allowed use       6

INFO:state_machine_operator.manager.manager:> Current state
INFO:state_machine_operator.manager.manager:  > nodes / step                1 
INFO:state_machine_operator.manager.manager:  > jobs needed                 10 
INFO:state_machine_operator.manager.manager:  > nodes allowed               6 
INFO:state_machine_operator.manager.manager:  > jobs allowed                6

INFO:state_machine_operator.manager.manager:> Workflow progress
INFO:state_machine_operator.manager.manager:  > Completions                 0
INFO:state_machine_operator.manager.manager:  > In progress                 6
INFO:state_machine_operator.manager.manager:  > New job sequences submit    0 
INFO:state_machine_operator.manager.manager:
> 🌀 Starting step mlrunner
INFO:state_machine_operator.manager.manager:> Workflow needs
INFO:state_machine_operator.manager.manager:  > total completions           10 
INFO:state_machine_operator.manager.manager:  > max nodes allowed use       6

INFO:state_machine_operator.manager.manager:> Current state
INFO:state_machine_operator.manager.manager:  > nodes / step                1 
INFO:state_machine_operator.manager.manager:  > jobs needed                 10 
INFO:state_machine_operator.manager.manager:  > nodes allowed               6 
INFO:state_machine_operator.manager.manager:  > jobs allowed                6

INFO:state_machine_operator.manager.manager:> Workflow progress
INFO:state_machine_operator.manager.manager:  > Completions                 0
INFO:state_machine_operator.manager.manager:  > In progress                 6
INFO:state_machine_operator.manager.manager:  > New job sequences submit    0 
INFO:state_machine_operator.manager.manager:
> 🌀 Starting step mlrunner
INFO:state_machine_operator.manager.manager:> Workflow needs
INFO:state_machine_operator.manager.manager:  > total completions           10 
INFO:state_machine_operator.manager.manager:  > max nodes allowed use       6

INFO:state_machine_operator.manager.manager:> Current state
INFO:state_machine_operator.manager.manager:  > nodes / step                1 
INFO:state_machine_operator.manager.manager:  > jobs needed                 10 
INFO:state_machine_operator.manager.manager:  > nodes allowed               6 
INFO:state_machine_operator.manager.manager:  > jobs allowed                6

INFO:state_machine_operator.manager.manager:> Workflow progress
INFO:state_machine_operator.manager.manager:  > Completions                 0
INFO:state_machine_operator.manager.manager:  > In progress                 6
INFO:state_machine_operator.manager.manager:  > New job sequences submit    0 
INFO:state_machine_operator.manager.manager:
> 🌀 Starting step mlrunner
INFO:state_machine_operator.manager.manager:> Workflow needs
INFO:state_machine_operator.manager.manager:  > total completions           10 
INFO:state_machine_operator.manager.manager:  > max nodes allowed use       6

INFO:state_machine_operator.manager.manager:> Current state
INFO:state_machine_operator.manager.manager:  > nodes / step                1 
INFO:state_machine_operator.manager.manager:  > jobs needed                 10 
INFO:state_machine_operator.manager.manager:  > nodes allowed               6 
INFO:state_machine_operator.manager.manager:  > jobs allowed                6

INFO:state_machine_operator.manager.manager:> Workflow progress
INFO:state_machine_operator.manager.manager:  > Completions                 0
INFO:state_machine_operator.manager.manager:  > In progress                 6
INFO:state_machine_operator.manager.manager:  > New job sequences submit    0 
INFO:state_machine_operator.manager.manager:
> 🌀 Starting step mlrunner
INFO:state_machine_operator.manager.manager:> Workflow needs
INFO:state_machine_operator.manager.manager:  > total completions           10 
INFO:state_machine_operator.manager.manager:  > max nodes allowed use       6

INFO:state_machine_operator.manager.manager:> Current state
INFO:state_machine_operator.manager.manager:  > nodes / step                1 
INFO:state_machine_operator.manager.manager:  > jobs needed                 10 
INFO:state_machine_operator.manager.manager:  > nodes allowed               6 
INFO:state_machine_operator.manager.manager:  > jobs allowed                6

INFO:state_machine_operator.manager.manager:> Workflow progress
INFO:state_machine_operator.manager.manager:  > Completions                 0
INFO:state_machine_operator.manager.manager:  > In progress                 6
INFO:state_machine_operator.manager.manager:  > New job sequences submit    0 
INFO:state_machine_operator.manager.manager:
> 🌀 Starting step mlrunner
INFO:state_machine_operator.manager.manager:> Workflow needs
INFO:state_machine_operator.manager.manager:  > total completions           10 
INFO:state_machine_operator.manager.manager:  > max nodes allowed use       6

INFO:state_machine_operator.manager.manager:> Current state
INFO:state_machine_operator.manager.manager:  > nodes / step                1 
INFO:state_machine_operator.manager.manager:  > jobs needed                 10 
INFO:state_machine_operator.manager.manager:  > nodes allowed               6 
INFO:state_machine_operator.manager.manager:  > jobs allowed                6

INFO:state_machine_operator.manager.manager:> Workflow progress
INFO:state_machine_operator.manager.manager:  > Completions                 0
INFO:state_machine_operator.manager.manager:  > In progress                 6
INFO:state_machine_operator.manager.manager:  > New job sequences submit    0 
INFO:state_machine_operator.manager.manager:
> 🌀 Starting step mlrunner
INFO:state_machine_operator.manager.manager:> Workflow needs
INFO:state_machine_operator.manager.manager:  > total completions           10 
INFO:state_machine_operator.manager.manager:  > max nodes allowed use       6

INFO:state_machine_operator.manager.manager:> Current state
INFO:state_machine_operator.manager.manager:  > nodes / step                1 
INFO:state_machine_operator.manager.manager:  > jobs needed                 10 
INFO:state_machine_operator.manager.manager:  > nodes allowed               6 
INFO:state_machine_operator.manager.manager:  > jobs allowed                6

INFO:state_machine_operator.manager.manager:> Workflow progress
INFO:state_machine_operator.manager.manager:  > Completions                 0
INFO:state_machine_operator.manager.manager:  > In progress                 6
INFO:state_machine_operator.manager.manager:  > New job sequences submit    0 
INFO:state_machine_operator.manager.manager:
> 🌀 Starting step mlrunner
INFO:state_machine_operator.manager.manager:> Workflow needs
INFO:state_machine_operator.manager.manager:  > total completions           10 
INFO:state_machine_operator.manager.manager:  > max nodes allowed use       6

INFO:state_machine_operator.manager.manager:> Current state
INFO:state_machine_operator.manager.manager:  > nodes / step                1 
INFO:state_machine_operator.manager.manager:  > jobs needed                 10 
INFO:state_machine_operator.manager.manager:  > nodes allowed               6 
INFO:state_machine_operator.manager.manager:  > jobs allowed                6

INFO:state_machine_operator.manager.manager:> Workflow progress
INFO:state_machine_operator.manager.manager:  > Completions                 0
INFO:state_machine_operator.manager.manager:  > In progress                 6
INFO:state_machine_operator.manager.manager:  > New job sequences submit    0 
INFO:state_machine_operator.manager.manager:
> 🌀 Starting step mlrunner
INFO:state_machine_operator.manager.manager:> Workflow needs
INFO:state_machine_operator.manager.manager:  > total completions           10 
INFO:state_machine_operator.manager.manager:  > max nodes allowed use       6

INFO:state_machine_operator.manager.manager:> Current state
INFO:state_machine_operator.manager.manager:  > nodes / step                1 
INFO:state_machine_operator.manager.manager:  > jobs needed                 10 
INFO:state_machine_operator.manager.manager:  > nodes allowed               6 
INFO:state_machine_operator.manager.manager:  > jobs allowed                6

INFO:state_machine_operator.manager.manager:> Workflow progress
INFO:state_machine_operator.manager.manager:  > Completions                 0
INFO:state_machine_operator.manager.manager:  > In progress                 6
INFO:state_machine_operator.manager.manager:  > New job sequences submit    0 
INFO:state_machine_operator.manager.manager:
> 🌀 Starting step mlrunner
INFO:state_machine_operator.manager.manager:> Workflow needs
INFO:state_machine_operator.manager.manager:  > total completions           10 
INFO:state_machine_operator.manager.manager:  > max nodes allowed use       6

INFO:state_machine_operator.manager.manager:> Current state
INFO:state_machine_operator.manager.manager:  > nodes / step                1 
INFO:state_machine_operator.manager.manager:  > jobs needed                 10 
INFO:state_machine_operator.manager.manager:  > nodes allowed               6 
INFO:state_machine_operator.manager.manager:  > jobs allowed                6

INFO:state_machine_operator.manager.manager:> Workflow progress
INFO:state_machine_operator.manager.manager:  > Completions                 0
INFO:state_machine_operator.manager.manager:  > In progress                 6
INFO:state_machine_operator.manager.manager:  > New job sequences submit    0 
INFO:state_machine_operator.manager.manager:
> 🌀 Starting step mlrunner
INFO:state_machine_operator.manager.manager:> Workflow needs
INFO:state_machine_operator.manager.manager:  > total completions           10 
INFO:state_machine_operator.manager.manager:  > max nodes allowed use       6

INFO:state_machine_operator.manager.manager:> Current state
INFO:state_machine_operator.manager.manager:  > nodes / step                1 
INFO:state_machine_operator.manager.manager:  > jobs needed                 10 
INFO:state_machine_operator.manager.manager:  > nodes allowed               6 
INFO:state_machine_operator.manager.manager:  > jobs allowed                6

INFO:state_machine_operator.manager.manager:> Workflow progress
INFO:state_machine_operator.manager.manager:  > Completions                 0
INFO:state_machine_operator.manager.manager:  > In progress                 6
INFO:state_machine_operator.manager.manager:  > New job sequences submit    0 
INFO:state_machine_operator.manager.manager:
> 🌀 Starting step mlrunner
INFO:state_machine_operator.manager.manager:> Workflow needs
INFO:state_machine_operator.manager.manager:  > total completions           10 
INFO:state_machine_operator.manager.manager:  > max nodes allowed use       6

INFO:state_machine_operator.manager.manager:> Current state
INFO:state_machine_operator.manager.manager:  > nodes / step                1 
INFO:state_machine_operator.manager.manager:  > jobs needed                 10 
INFO:state_machine_operator.manager.manager:  > nodes allowed               6 
INFO:state_machine_operator.manager.manager:  > jobs allowed                6

INFO:state_machine_operator.manager.manager:> Workflow progress
INFO:state_machine_operator.manager.manager:  > Completions                 0
INFO:state_machine_operator.manager.manager:  > In progress                 6
INFO:state_machine_operator.manager.manager:  > New job sequences submit    0 
INFO:state_machine_operator.manager.manager:
> 🌀 Starting step mlrunner
INFO:state_machine_operator.manager.manager:> Workflow needs
INFO:state_machine_operator.manager.manager:  > total completions           10 
INFO:state_machine_operator.manager.manager:  > max nodes allowed use       6

INFO:state_machine_operator.manager.manager:> Current state
INFO:state_machine_operator.manager.manager:  > nodes / step                1 
INFO:state_machine_operator.manager.manager:  > jobs needed                 10 
INFO:state_machine_operator.manager.manager:  > nodes allowed               6 
INFO:state_machine_operator.manager.manager:  > jobs allowed                6

INFO:state_machine_operator.manager.manager:> Workflow progress
INFO:state_machine_operator.manager.manager:  > Completions                 0
INFO:state_machine_operator.manager.manager:  > In progress                 6
INFO:state_machine_operator.manager.manager:  > New job sequences submit    0 
INFO:state_machine_operator.manager.manager:
> 🌀 Starting step mlrunner
INFO:state_machine_operator.manager.manager:> Workflow needs
INFO:state_machine_operator.manager.manager:  > total completions           10 
INFO:state_machine_operator.manager.manager:  > max nodes allowed use       6

INFO:state_machine_operator.manager.manager:> Current state
INFO:state_machine_operator.manager.manager:  > nodes / step                1 
INFO:state_machine_operator.manager.manager:  > jobs needed                 10 
INFO:state_machine_operator.manager.manager:  > nodes allowed               6 
INFO:state_machine_operator.manager.manager:  > jobs allowed                6

INFO:state_machine_operator.manager.manager:> Workflow progress
INFO:state_machine_operator.manager.manager:  > Completions                 0
INFO:state_machine_operator.manager.manager:  > In progress                 6
INFO:state_machine_operator.manager.manager:  > New job sequences submit    0 
INFO:state_machine_operator.manager.manager:
> 🌀 Starting step mlrunner
INFO:state_machine_operator.manager.manager:> Workflow needs
INFO:state_machine_operator.manager.manager:  > total completions           10 
INFO:state_machine_operator.manager.manager:  > max nodes allowed use       6

INFO:state_machine_operator.manager.manager:> Current state
INFO:state_machine_operator.manager.manager:  > nodes / step                1 
INFO:state_machine_operator.manager.manager:  > jobs needed                 10 
INFO:state_machine_operator.manager.manager:  > nodes allowed               6 
INFO:state_machine_operator.manager.manager:  > jobs allowed                6

INFO:state_machine_operator.manager.manager:> Workflow progress
INFO:state_machine_operator.manager.manager:  > Completions                 0
INFO:state_machine_operator.manager.manager:  > In progress                 6
INFO:state_machine_operator.manager.manager:  > New job sequences submit    0 
INFO:state_machine_operator.manager.manager:
> 🌀 Starting step mlrunner
INFO:state_machine_operator.manager.manager:> Workflow needs
INFO:state_machine_operator.manager.manager:  > total completions           10 
INFO:state_machine_operator.manager.manager:  > max nodes allowed use       6

INFO:state_machine_operator.manager.manager:> Current state
INFO:state_machine_operator.manager.manager:  > nodes / step                1 
INFO:state_machine_operator.manager.manager:  > jobs needed                 10 
INFO:state_machine_operator.manager.manager:  > nodes allowed               6 
INFO:state_machine_operator.manager.manager:  > jobs allowed                6

INFO:state_machine_operator.manager.manager:> Workflow progress
INFO:state_machine_operator.manager.manager:  > Completions                 0
INFO:state_machine_operator.manager.manager:  > In progress                 6
INFO:state_machine_operator.manager.manager:  > New job sequences submit    0 
INFO:state_machine_operator.manager.manager:
> 🌀 Starting step mlrunner
INFO:state_machine_operator.manager.manager:> Workflow needs
INFO:state_machine_operator.manager.manager:  > total completions           10 
INFO:state_machine_operator.manager.manager:  > max nodes allowed use       6

INFO:state_machine_operator.manager.manager:> Current state
INFO:state_machine_operator.manager.manager:  > nodes / step                1 
INFO:state_machine_operator.manager.manager:  > jobs needed                 10 
INFO:state_machine_operator.manager.manager:  > nodes allowed               6 
INFO:state_machine_operator.manager.manager:  > jobs allowed                6

INFO:state_machine_operator.manager.manager:> Workflow progress
INFO:state_machine_operator.manager.manager:  > Completions                 0
INFO:state_machine_operator.manager.manager:  > In progress                 6
INFO:state_machine_operator.manager.manager:  > New job sequences submit    0 
INFO:state_machine_operator.manager.manager:
> 🌀 Starting step mlrunner
INFO:state_machine_operator.manager.manager:> Workflow needs
INFO:state_machine_operator.manager.manager:  > total completions           10 
INFO:state_machine_operator.manager.manager:  > max nodes allowed use       6

INFO:state_machine_operator.manager.manager:> Current state
INFO:state_machine_operator.manager.manager:  > nodes / step                1 
INFO:state_machine_operator.manager.manager:  > jobs needed                 10 
INFO:state_machine_operator.manager.manager:  > nodes allowed               6 
INFO:state_machine_operator.manager.manager:  > jobs allowed                6

INFO:state_machine_operator.manager.manager:> Workflow progress
INFO:state_machine_operator.manager.manager:  > Completions                 0
INFO:state_machine_operator.manager.manager:  > In progress                 6
INFO:state_machine_operator.manager.manager:  > New job sequences submit    0 
INFO:state_machine_operator.manager.manager:
> 🌀 Starting step mlrunner
INFO:state_machine_operator.manager.manager:> Workflow needs
INFO:state_machine_operator.manager.manager:  > total completions           10 
INFO:state_machine_operator.manager.manager:  > max nodes allowed use       6

INFO:state_machine_operator.manager.manager:> Current state
INFO:state_machine_operator.manager.manager:  > nodes / step                1 
INFO:state_machine_operator.manager.manager:  > jobs needed                 10 
INFO:state_machine_operator.manager.manager:  > nodes allowed               6 
INFO:state_machine_operator.manager.manager:  > jobs allowed                6

INFO:state_machine_operator.manager.manager:> Workflow progress
INFO:state_machine_operator.manager.manager:  > Completions                 0
INFO:state_machine_operator.manager.manager:  > In progress                 6
INFO:state_machine_operator.manager.manager:  > New job sequences submit    0 
INFO:state_machine_operator.manager.manager:
> 🌀 Starting step mlrunner
INFO:state_machine_operator.manager.manager:> Workflow needs
INFO:state_machine_operator.manager.manager:  > total completions           10 
INFO:state_machine_operator.manager.manager:  > max nodes allowed use       6

INFO:state_machine_operator.manager.manager:> Current state
INFO:state_machine_operator.manager.manager:  > nodes / step                1 
INFO:state_machine_operator.manager.manager:  > jobs needed                 10 
INFO:state_machine_operator.manager.manager:  > nodes allowed               6 
INFO:state_machine_operator.manager.manager:  > jobs allowed                6

INFO:state_machine_operator.manager.manager:> Workflow progress
INFO:state_machine_operator.manager.manager:  > Completions                 0
INFO:state_machine_operator.manager.manager:  > In progress                 6
INFO:state_machine_operator.manager.manager:  > New job sequences submit    0 
INFO:state_machine_operator.manager.manager:
> 🌀 Starting step mlrunner
INFO:state_machine_operator.manager.manager:> Workflow needs
INFO:state_machine_operator.manager.manager:  > total completions           10 
INFO:state_machine_operator.manager.manager:  > max nodes allowed use       6

INFO:state_machine_operator.manager.manager:> Current state
INFO:state_machine_operator.manager.manager:  > nodes / step                1 
INFO:state_machine_operator.manager.manager:  > jobs needed                 10 
INFO:state_machine_operator.manager.manager:  > nodes allowed               6 
INFO:state_machine_operator.manager.manager:  > jobs allowed                6

INFO:state_machine_operator.manager.manager:> Workflow progress
INFO:state_machine_operator.manager.manager:  > Completions                 0
INFO:state_machine_operator.manager.manager:  > In progress                 6
INFO:state_machine_operator.manager.manager:  > New job sequences submit    0 
INFO:state_machine_operator.manager.manager:
> 🌀 Starting step mlrunner
INFO:state_machine_operator.manager.manager:> Workflow needs
INFO:state_machine_operator.manager.manager:  > total completions           10 
INFO:state_machine_operator.manager.manager:  > max nodes allowed use       6

INFO:state_machine_operator.manager.manager:> Current state
INFO:state_machine_operator.manager.manager:  > nodes / step                1 
INFO:state_machine_operator.manager.manager:  > jobs needed                 10 
INFO:state_machine_operator.manager.manager:  > nodes allowed               6 
INFO:state_machine_operator.manager.manager:  > jobs allowed                6

INFO:state_machine_operator.manager.manager:> Workflow progress
INFO:state_machine_operator.manager.manager:  > Completions                 0
INFO:state_machine_operator.manager.manager:  > In progress                 6
INFO:state_machine_operator.manager.manager:  > New job sequences submit    0 
INFO:state_machine_operator.manager.manager:
> 🌀 Starting step mlrunner
INFO:state_machine_operator.manager.manager:> Workflow needs
INFO:state_machine_operator.manager.manager:  > total completions           10 
INFO:state_machine_operator.manager.manager:  > max nodes allowed use       6

INFO:state_machine_operator.manager.manager:> Current state
INFO:state_machine_operator.manager.manager:  > nodes / step                1 
INFO:state_machine_operator.manager.manager:  > jobs needed                 10 
INFO:state_machine_operator.manager.manager:  > nodes allowed               6 
INFO:state_machine_operator.manager.manager:  > jobs allowed                6

INFO:state_machine_operator.manager.manager:> Workflow progress
INFO:state_machine_operator.manager.manager:  > Completions                 0
INFO:state_machine_operator.manager.manager:  > In progress                 6
INFO:state_machine_operator.manager.manager:  > New job sequences submit    0 
INFO:state_machine_operator.manager.manager:
> 🌀 Starting step mlrunner
INFO:state_machine_operator.manager.manager:> Workflow needs
INFO:state_machine_operator.manager.manager:  > total completions           10 
INFO:state_machine_operator.manager.manager:  > max nodes allowed use       6

INFO:state_machine_operator.manager.manager:> Current state
INFO:state_machine_operator.manager.manager:  > nodes / step                1 
INFO:state_machine_operator.manager.manager:  > jobs needed                 10 
INFO:state_machine_operator.manager.manager:  > nodes allowed               6 
INFO:state_machine_operator.manager.manager:  > jobs allowed                6

INFO:state_machine_operator.manager.manager:> Workflow progress
INFO:state_machine_operator.manager.manager:  > Completions                 0
INFO:state_machine_operator.manager.manager:  > In progress                 6
INFO:state_machine_operator.manager.manager:  > New job sequences submit    0 
INFO:state_machine_operator.manager.manager:
> 🌀 Starting step mlrunner
INFO:state_machine_operator.manager.manager:> Workflow needs
INFO:state_machine_operator.manager.manager:  > total completions           10 
INFO:state_machine_operator.manager.manager:  > max nodes allowed use       6

INFO:state_machine_operator.manager.manager:> Current state
INFO:state_machine_operator.manager.manager:  > nodes / step                1 
INFO:state_machine_operator.manager.manager:  > jobs needed                 9 
INFO:state_machine_operator.manager.manager:  > nodes allowed               6 
INFO:state_machine_operator.manager.manager:  > jobs allowed                6

INFO:state_machine_operator.manager.manager:> Workflow progress
INFO:state_machine_operator.manager.manager:  > Completions                 1
INFO:state_machine_operator.manager.manager:  > In progress                 5
INFO:state_machine_operator.manager.manager:  > New job sequences submit    1 
INFO:state_machine_operator.manager.manager:
> 🌀 Starting step mlrunner
INFO:state_machine_operator.manager.manager:> Workflow needs
INFO:state_machine_operator.manager.manager:  > total completions           10 
INFO:state_machine_operator.manager.manager:  > max nodes allowed use       6

INFO:state_machine_operator.manager.manager:> Current state
INFO:state_machine_operator.manager.manager:  > nodes / step                1 
INFO:state_machine_operator.manager.manager:  > jobs needed                 9 
INFO:state_machine_operator.manager.manager:  > nodes allowed               6 
INFO:state_machine_operator.manager.manager:  > jobs allowed                6

INFO:state_machine_operator.manager.manager:> Workflow progress
INFO:state_machine_operator.manager.manager:  > Completions                 1
INFO:state_machine_operator.manager.manager:  > In progress                 6
INFO:state_machine_operator.manager.manager:  > New job sequences submit    0 
INFO:state_machine_operator.manager.manager:
> 🌀 Starting step mlrunner
INFO:state_machine_operator.manager.manager:> Workflow needs
INFO:state_machine_operator.manager.manager:  > total completions           10 
INFO:state_machine_operator.manager.manager:  > max nodes allowed use       6

INFO:state_machine_operator.manager.manager:> Current state
INFO:state_machine_operator.manager.manager:  > nodes / step                1 
INFO:state_machine_operator.manager.manager:  > jobs needed                 9 
INFO:state_machine_operator.manager.manager:  > nodes allowed               6 
INFO:state_machine_operator.manager.manager:  > jobs allowed                6

INFO:state_machine_operator.manager.manager:> Workflow progress
INFO:state_machine_operator.manager.manager:  > Completions                 1
INFO:state_machine_operator.manager.manager:  > In progress                 6
INFO:state_machine_operator.manager.manager:  > New job sequences submit    0 
INFO:state_machine_operator.manager.manager:
> 🌀 Starting step mlrunner
INFO:state_machine_operator.manager.manager:> Workflow needs
INFO:state_machine_operator.manager.manager:  > total completions           10 
INFO:state_machine_operator.manager.manager:  > max nodes allowed use       6

INFO:state_machine_operator.manager.manager:> Current state
INFO:state_machine_operator.manager.manager:  > nodes / step                1 
INFO:state_machine_operator.manager.manager:  > jobs needed                 8 
INFO:state_machine_operator.manager.manager:  > nodes allowed               6 
INFO:state_machine_operator.manager.manager:  > jobs allowed                6

INFO:state_machine_operator.manager.manager:> Workflow progress
INFO:state_machine_operator.manager.manager:  > Completions                 2
INFO:state_machine_operator.manager.manager:  > In progress                 5
INFO:state_machine_operator.manager.manager:  > New job sequences submit    1 
INFO:state_machine_operator.manager.manager:
> 🌀 Starting step mlrunner
INFO:state_machine_operator.manager.manager:> Workflow needs
INFO:state_machine_operator.manager.manager:  > total completions           10 
INFO:state_machine_operator.manager.manager:  > max nodes allowed use       6

INFO:state_machine_operator.manager.manager:> Current state
INFO:state_machine_operator.manager.manager:  > nodes / step                1 
INFO:state_machine_operator.manager.manager:  > jobs needed                 8 
INFO:state_machine_operator.manager.manager:  > nodes allowed               6 
INFO:state_machine_operator.manager.manager:  > jobs allowed                6

INFO:state_machine_operator.manager.manager:> Workflow progress
INFO:state_machine_operator.manager.manager:  > Completions                 2
INFO:state_machine_operator.manager.manager:  > In progress                 6
INFO:state_machine_operator.manager.manager:  > New job sequences submit    0 
INFO:state_machine_operator.manager.manager:
> 🌀 Starting step mlrunner
INFO:state_machine_operator.manager.manager:> Workflow needs
INFO:state_machine_operator.manager.manager:  > total completions           10 
INFO:state_machine_operator.manager.manager:  > max nodes allowed use       6

INFO:state_machine_operator.manager.manager:> Current state
INFO:state_machine_operator.manager.manager:  > nodes / step                1 
INFO:state_machine_operator.manager.manager:  > jobs needed                 8 
INFO:state_machine_operator.manager.manager:  > nodes allowed               6 
INFO:state_machine_operator.manager.manager:  > jobs allowed                6

INFO:state_machine_operator.manager.manager:> Workflow progress
INFO:state_machine_operator.manager.manager:  > Completions                 2
INFO:state_machine_operator.manager.manager:  > In progress                 6
INFO:state_machine_operator.manager.manager:  > New job sequences submit    0 
INFO:state_machine_operator.manager.manager:
> 🌀 Starting step mlrunner
INFO:state_machine_operator.manager.manager:> Workflow needs
INFO:state_machine_operator.manager.manager:  > total completions           10 
INFO:state_machine_operator.manager.manager:  > max nodes allowed use       6

INFO:state_machine_operator.manager.manager:> Current state
INFO:state_machine_operator.manager.manager:  > nodes / step                1 
INFO:state_machine_operator.manager.manager:  > jobs needed                 7 
INFO:state_machine_operator.manager.manager:  > nodes allowed               6 
INFO:state_machine_operator.manager.manager:  > jobs allowed                6

INFO:state_machine_operator.manager.manager:> Workflow progress
INFO:state_machine_operator.manager.manager:  > Completions                 3
INFO:state_machine_operator.manager.manager:  > In progress                 5
INFO:state_machine_operator.manager.manager:  > New job sequences submit    1 
INFO:state_machine_operator.manager.manager:
> 🌀 Starting step mlrunner
INFO:state_machine_operator.manager.manager:> Workflow needs
INFO:state_machine_operator.manager.manager:  > total completions           10 
INFO:state_machine_operator.manager.manager:  > max nodes allowed use       6

INFO:state_machine_operator.manager.manager:> Current state
INFO:state_machine_operator.manager.manager:  > nodes / step                1 
INFO:state_machine_operator.manager.manager:  > jobs needed                 7 
INFO:state_machine_operator.manager.manager:  > nodes allowed               6 
INFO:state_machine_operator.manager.manager:  > jobs allowed                6

INFO:state_machine_operator.manager.manager:> Workflow progress
INFO:state_machine_operator.manager.manager:  > Completions                 3
INFO:state_machine_operator.manager.manager:  > In progress                 6
INFO:state_machine_operator.manager.manager:  > New job sequences submit    0 
INFO:state_machine_operator.manager.manager:
> 🌀 Starting step mlrunner
INFO:state_machine_operator.manager.manager:> Workflow needs
INFO:state_machine_operator.manager.manager:  > total completions           10 
INFO:state_machine_operator.manager.manager:  > max nodes allowed use       6

INFO:state_machine_operator.manager.manager:> Current state
INFO:state_machine_operator.manager.manager:  > nodes / step                1 
INFO:state_machine_operator.manager.manager:  > jobs needed                 7 
INFO:state_machine_operator.manager.manager:  > nodes allowed               6 
INFO:state_machine_operator.manager.manager:  > jobs allowed                6

INFO:state_machine_operator.manager.manager:> Workflow progress
INFO:state_machine_operator.manager.manager:  > Completions                 3
INFO:state_machine_operator.manager.manager:  > In progress                 6
INFO:state_machine_operator.manager.manager:  > New job sequences submit    0 
INFO:state_machine_operator.manager.manager:
> 🌀 Starting step mlrunner
INFO:state_machine_operator.manager.manager:> Workflow needs
INFO:state_machine_operator.manager.manager:  > total completions           10 
INFO:state_machine_operator.manager.manager:  > max nodes allowed use       6

INFO:state_machine_operator.manager.manager:> Current state
INFO:state_machine_operator.manager.manager:  > nodes / step                1 
INFO:state_machine_operator.manager.manager:  > jobs needed                 6 
INFO:state_machine_operator.manager.manager:  > nodes allowed               6 
INFO:state_machine_operator.manager.manager:  > jobs allowed                6

INFO:state_machine_operator.manager.manager:> Workflow progress
INFO:state_machine_operator.manager.manager:  > Completions                 4
INFO:state_machine_operator.manager.manager:  > In progress                 5
INFO:state_machine_operator.manager.manager:  > New job sequences submit    1 
INFO:state_machine_operator.manager.manager:
> 🌀 Starting step mlrunner
INFO:state_machine_operator.manager.manager:> Workflow needs
INFO:state_machine_operator.manager.manager:  > total completions           10 
INFO:state_machine_operator.manager.manager:  > max nodes allowed use       6

INFO:state_machine_operator.manager.manager:> Current state
INFO:state_machine_operator.manager.manager:  > nodes / step                1 
INFO:state_machine_operator.manager.manager:  > jobs needed                 6 
INFO:state_machine_operator.manager.manager:  > nodes allowed               6 
INFO:state_machine_operator.manager.manager:  > jobs allowed                6

INFO:state_machine_operator.manager.manager:> Workflow progress
INFO:state_machine_operator.manager.manager:  > Completions                 4
INFO:state_machine_operator.manager.manager:  > In progress                 6
INFO:state_machine_operator.manager.manager:  > New job sequences submit    0 
INFO:state_machine_operator.manager.manager:
> 🌀 Starting step mlrunner
INFO:state_machine_operator.manager.manager:> Workflow needs
INFO:state_machine_operator.manager.manager:  > total completions           10 
INFO:state_machine_operator.manager.manager:  > max nodes allowed use       6

INFO:state_machine_operator.manager.manager:> Current state
INFO:state_machine_operator.manager.manager:  > nodes / step                1 
INFO:state_machine_operator.manager.manager:  > jobs needed                 6 
INFO:state_machine_operator.manager.manager:  > nodes allowed               6 
INFO:state_machine_operator.manager.manager:  > jobs allowed                6

INFO:state_machine_operator.manager.manager:> Workflow progress
INFO:state_machine_operator.manager.manager:  > Completions                 4
INFO:state_machine_operator.manager.manager:  > In progress                 6
INFO:state_machine_operator.manager.manager:  > New job sequences submit    0 
INFO:state_machine_operator.manager.manager:
> 🌀 Starting step mlrunner
INFO:state_machine_operator.manager.manager:> Workflow needs
INFO:state_machine_operator.manager.manager:  > total completions           10 
INFO:state_machine_operator.manager.manager:  > max nodes allowed use       6

INFO:state_machine_operator.manager.manager:> Current state
INFO:state_machine_operator.manager.manager:  > nodes / step                1 
INFO:state_machine_operator.manager.manager:  > jobs needed                 5 
INFO:state_machine_operator.manager.manager:  > nodes allowed               6 
INFO:state_machine_operator.manager.manager:  > jobs allowed                5

INFO:state_machine_operator.manager.manager:> Workflow progress
INFO:state_machine_operator.manager.manager:  > Completions                 5
INFO:state_machine_operator.manager.manager:  > In progress                 5
INFO:state_machine_operator.manager.manager:  > New job sequences submit    0 
INFO:state_machine_operator.manager.manager:
> 🌀 Starting step mlrunner
INFO:state_machine_operator.manager.manager:> Workflow needs
INFO:state_machine_operator.manager.manager:  > total completions           10 
INFO:state_machine_operator.manager.manager:  > max nodes allowed use       6

INFO:state_machine_operator.manager.manager:> Current state
INFO:state_machine_operator.manager.manager:  > nodes / step                1 
INFO:state_machine_operator.manager.manager:  > jobs needed                 5 
INFO:state_machine_operator.manager.manager:  > nodes allowed               6 
INFO:state_machine_operator.manager.manager:  > jobs allowed                5

INFO:state_machine_operator.manager.manager:> Workflow progress
INFO:state_machine_operator.manager.manager:  > Completions                 5
INFO:state_machine_operator.manager.manager:  > In progress                 5
INFO:state_machine_operator.manager.manager:  > New job sequences submit    0 
INFO:state_machine_operator.manager.manager:
> 🌀 Starting step mlrunner
INFO:state_machine_operator.manager.manager:> Workflow needs
INFO:state_machine_operator.manager.manager:  > total completions           10 
INFO:state_machine_operator.manager.manager:  > max nodes allowed use       6

INFO:state_machine_operator.manager.manager:> Current state
INFO:state_machine_operator.manager.manager:  > nodes / step                1 
INFO:state_machine_operator.manager.manager:  > jobs needed                 4 
INFO:state_machine_operator.manager.manager:  > nodes allowed               6 
INFO:state_machine_operator.manager.manager:  > jobs allowed                4

INFO:state_machine_operator.manager.manager:> Workflow progress
INFO:state_machine_operator.manager.manager:  > Completions                 6
INFO:state_machine_operator.manager.manager:  > In progress                 4
INFO:state_machine_operator.manager.manager:  > New job sequences submit    0 
INFO:state_machine_operator.manager.manager:
> 🌀 Starting step mlrunner
INFO:state_machine_operator.manager.manager:> Workflow needs
INFO:state_machine_operator.manager.manager:  > total completions           10 
INFO:state_machine_operator.manager.manager:  > max nodes allowed use       6

INFO:state_machine_operator.manager.manager:> Current state
INFO:state_machine_operator.manager.manager:  > nodes / step                1 
INFO:state_machine_operator.manager.manager:  > jobs needed                 4 
INFO:state_machine_operator.manager.manager:  > nodes allowed               6 
INFO:state_machine_operator.manager.manager:  > jobs allowed                4

INFO:state_machine_operator.manager.manager:> Workflow progress
INFO:state_machine_operator.manager.manager:  > Completions                 6
INFO:state_machine_operator.manager.manager:  > In progress                 4
INFO:state_machine_operator.manager.manager:  > New job sequences submit    0 
INFO:state_machine_operator.manager.manager:
> 🌀 Starting step mlrunner
INFO:state_machine_operator.manager.manager:> Workflow needs
INFO:state_machine_operator.manager.manager:  > total completions           10 
INFO:state_machine_operator.manager.manager:  > max nodes allowed use       6

INFO:state_machine_operator.manager.manager:> Current state
INFO:state_machine_operator.manager.manager:  > nodes / step                1 
INFO:state_machine_operator.manager.manager:  > jobs needed                 4 
INFO:state_machine_operator.manager.manager:  > nodes allowed               6 
INFO:state_machine_operator.manager.manager:  > jobs allowed                4

INFO:state_machine_operator.manager.manager:> Workflow progress
INFO:state_machine_operator.manager.manager:  > Completions                 6
INFO:state_machine_operator.manager.manager:  > In progress                 4
INFO:state_machine_operator.manager.manager:  > New job sequences submit    0 
INFO:state_machine_operator.manager.manager:
> 🌀 Starting step mlrunner
INFO:state_machine_operator.manager.manager:> Workflow needs
INFO:state_machine_operator.manager.manager:  > total completions           10 
INFO:state_machine_operator.manager.manager:  > max nodes allowed use       6

INFO:state_machine_operator.manager.manager:> Current state
INFO:state_machine_operator.manager.manager:  > nodes / step                1 
INFO:state_machine_operator.manager.manager:  > jobs needed                 4 
INFO:state_machine_operator.manager.manager:  > nodes allowed               6 
INFO:state_machine_operator.manager.manager:  > jobs allowed                4

INFO:state_machine_operator.manager.manager:> Workflow progress
INFO:state_machine_operator.manager.manager:  > Completions                 6
INFO:state_machine_operator.manager.manager:  > In progress                 4
INFO:state_machine_operator.manager.manager:  > New job sequences submit    0 
INFO:state_machine_operator.manager.manager:
> 🌀 Starting step mlrunner
INFO:state_machine_operator.manager.manager:> Workflow needs
INFO:state_machine_operator.manager.manager:  > total completions           10 
INFO:state_machine_operator.manager.manager:  > max nodes allowed use       6

INFO:state_machine_operator.manager.manager:> Current state
INFO:state_machine_operator.manager.manager:  > nodes / step                1 
INFO:state_machine_operator.manager.manager:  > jobs needed                 4 
INFO:state_machine_operator.manager.manager:  > nodes allowed               6 
INFO:state_machine_operator.manager.manager:  > jobs allowed                4

INFO:state_machine_operator.manager.manager:> Workflow progress
INFO:state_machine_operator.manager.manager:  > Completions                 6
INFO:state_machine_operator.manager.manager:  > In progress                 4
INFO:state_machine_operator.manager.manager:  > New job sequences submit    0 
INFO:state_machine_operator.manager.manager:
> 🌀 Starting step mlrunner
INFO:state_machine_operator.manager.manager:> Workflow needs
INFO:state_machine_operator.manager.manager:  > total completions           10 
INFO:state_machine_operator.manager.manager:  > max nodes allowed use       6

INFO:state_machine_operator.manager.manager:> Current state
INFO:state_machine_operator.manager.manager:  > nodes / step                1 
INFO:state_machine_operator.manager.manager:  > jobs needed                 4 
INFO:state_machine_operator.manager.manager:  > nodes allowed               6 
INFO:state_machine_operator.manager.manager:  > jobs allowed                4

INFO:state_machine_operator.manager.manager:> Workflow progress
INFO:state_machine_operator.manager.manager:  > Completions                 6
INFO:state_machine_operator.manager.manager:  > In progress                 4
INFO:state_machine_operator.manager.manager:  > New job sequences submit    0 
INFO:state_machine_operator.manager.manager:
> 🌀 Starting step mlrunner
INFO:state_machine_operator.manager.manager:> Workflow needs
INFO:state_machine_operator.manager.manager:  > total completions           10 
INFO:state_machine_operator.manager.manager:  > max nodes allowed use       6

INFO:state_machine_operator.manager.manager:> Current state
INFO:state_machine_operator.manager.manager:  > nodes / step                1 
INFO:state_machine_operator.manager.manager:  > jobs needed                 4 
INFO:state_machine_operator.manager.manager:  > nodes allowed               6 
INFO:state_machine_operator.manager.manager:  > jobs allowed                4

INFO:state_machine_operator.manager.manager:> Workflow progress
INFO:state_machine_operator.manager.manager:  > Completions                 6
INFO:state_machine_operator.manager.manager:  > In progress                 4
INFO:state_machine_operator.manager.manager:  > New job sequences submit    0 
INFO:state_machine_operator.manager.manager:
> 🌀 Starting step mlrunner
INFO:state_machine_operator.manager.manager:> Workflow needs
INFO:state_machine_operator.manager.manager:  > total completions           10 
INFO:state_machine_operator.manager.manager:  > max nodes allowed use       6

INFO:state_machine_operator.manager.manager:> Current state
INFO:state_machine_operator.manager.manager:  > nodes / step                1 
INFO:state_machine_operator.manager.manager:  > jobs needed                 4 
INFO:state_machine_operator.manager.manager:  > nodes allowed               6 
INFO:state_machine_operator.manager.manager:  > jobs allowed                4

INFO:state_machine_operator.manager.manager:> Workflow progress
INFO:state_machine_operator.manager.manager:  > Completions                 6
INFO:state_machine_operator.manager.manager:  > In progress                 4
INFO:state_machine_operator.manager.manager:  > New job sequences submit    0 
INFO:state_machine_operator.manager.manager:
> 🌀 Starting step mlrunner
INFO:state_machine_operator.manager.manager:> Workflow needs
INFO:state_machine_operator.manager.manager:  > total completions           10 
INFO:state_machine_operator.manager.manager:  > max nodes allowed use       6

INFO:state_machine_operator.manager.manager:> Current state
INFO:state_machine_operator.manager.manager:  > nodes / step                1 
INFO:state_machine_operator.manager.manager:  > jobs needed                 4 
INFO:state_machine_operator.manager.manager:  > nodes allowed               6 
INFO:state_machine_operator.manager.manager:  > jobs allowed                4

INFO:state_machine_operator.manager.manager:> Workflow progress
INFO:state_machine_operator.manager.manager:  > Completions                 6
INFO:state_machine_operator.manager.manager:  > In progress                 4
INFO:state_machine_operator.manager.manager:  > New job sequences submit    0 
INFO:state_machine_operator.manager.manager:
> 🌀 Starting step mlrunner
INFO:state_machine_operator.manager.manager:> Workflow needs
INFO:state_machine_operator.manager.manager:  > total completions           10 
INFO:state_machine_operator.manager.manager:  > max nodes allowed use       6

INFO:state_machine_operator.manager.manager:> Current state
INFO:state_machine_operator.manager.manager:  > nodes / step                1 
INFO:state_machine_operator.manager.manager:  > jobs needed                 4 
INFO:state_machine_operator.manager.manager:  > nodes allowed               6 
INFO:state_machine_operator.manager.manager:  > jobs allowed                4

INFO:state_machine_operator.manager.manager:> Workflow progress
INFO:state_machine_operator.manager.manager:  > Completions                 6
INFO:state_machine_operator.manager.manager:  > In progress                 4
INFO:state_machine_operator.manager.manager:  > New job sequences submit    0 
INFO:state_machine_operator.manager.manager:
> 🌀 Starting step mlrunner
INFO:state_machine_operator.manager.manager:> Workflow needs
INFO:state_machine_operator.manager.manager:  > total completions           10 
INFO:state_machine_operator.manager.manager:  > max nodes allowed use       6

INFO:state_machine_operator.manager.manager:> Current state
INFO:state_machine_operator.manager.manager:  > nodes / step                1 
INFO:state_machine_operator.manager.manager:  > jobs needed                 4 
INFO:state_machine_operator.manager.manager:  > nodes allowed               6 
INFO:state_machine_operator.manager.manager:  > jobs allowed                4

INFO:state_machine_operator.manager.manager:> Workflow progress
INFO:state_machine_operator.manager.manager:  > Completions                 6
INFO:state_machine_operator.manager.manager:  > In progress                 4
INFO:state_machine_operator.manager.manager:  > New job sequences submit    0 
INFO:state_machine_operator.manager.manager:
> 🌀 Starting step mlrunner
INFO:state_machine_operator.manager.manager:> Workflow needs
INFO:state_machine_operator.manager.manager:  > total completions           10 
INFO:state_machine_operator.manager.manager:  > max nodes allowed use       6

INFO:state_machine_operator.manager.manager:> Current state
INFO:state_machine_operator.manager.manager:  > nodes / step                1 
INFO:state_machine_operator.manager.manager:  > jobs needed                 4 
INFO:state_machine_operator.manager.manager:  > nodes allowed               6 
INFO:state_machine_operator.manager.manager:  > jobs allowed                4

INFO:state_machine_operator.manager.manager:> Workflow progress
INFO:state_machine_operator.manager.manager:  > Completions                 6
INFO:state_machine_operator.manager.manager:  > In progress                 4
INFO:state_machine_operator.manager.manager:  > New job sequences submit    0 
INFO:state_machine_operator.manager.manager:
> 🌀 Starting step mlrunner
INFO:state_machine_operator.manager.manager:> Workflow needs
INFO:state_machine_operator.manager.manager:  > total completions           10 
INFO:state_machine_operator.manager.manager:  > max nodes allowed use       6

INFO:state_machine_operator.manager.manager:> Current state
INFO:state_machine_operator.manager.manager:  > nodes / step                1 
INFO:state_machine_operator.manager.manager:  > jobs needed                 4 
INFO:state_machine_operator.manager.manager:  > nodes allowed               6 
INFO:state_machine_operator.manager.manager:  > jobs allowed                4

INFO:state_machine_operator.manager.manager:> Workflow progress
INFO:state_machine_operator.manager.manager:  > Completions                 6
INFO:state_machine_operator.manager.manager:  > In progress                 4
INFO:state_machine_operator.manager.manager:  > New job sequences submit    0 
INFO:state_machine_operator.manager.manager:
> 🌀 Starting step mlrunner
INFO:state_machine_operator.manager.manager:> Workflow needs
INFO:state_machine_operator.manager.manager:  > total completions           10 
INFO:state_machine_operator.manager.manager:  > max nodes allowed use       6

INFO:state_machine_operator.manager.manager:> Current state
INFO:state_machine_operator.manager.manager:  > nodes / step                1 
INFO:state_machine_operator.manager.manager:  > jobs needed                 4 
INFO:state_machine_operator.manager.manager:  > nodes allowed               6 
INFO:state_machine_operator.manager.manager:  > jobs allowed                4

INFO:state_machine_operator.manager.manager:> Workflow progress
INFO:state_machine_operator.manager.manager:  > Completions                 6
INFO:state_machine_operator.manager.manager:  > In progress                 4
INFO:state_machine_operator.manager.manager:  > New job sequences submit    0 
INFO:state_machine_operator.manager.manager:
> 🌀 Starting step mlrunner
INFO:state_machine_operator.manager.manager:> Workflow needs
INFO:state_machine_operator.manager.manager:  > total completions           10 
INFO:state_machine_operator.manager.manager:  > max nodes allowed use       6

INFO:state_machine_operator.manager.manager:> Current state
INFO:state_machine_operator.manager.manager:  > nodes / step                1 
INFO:state_machine_operator.manager.manager:  > jobs needed                 4 
INFO:state_machine_operator.manager.manager:  > nodes allowed               6 
INFO:state_machine_operator.manager.manager:  > jobs allowed                4

INFO:state_machine_operator.manager.manager:> Workflow progress
INFO:state_machine_operator.manager.manager:  > Completions                 6
INFO:state_machine_operator.manager.manager:  > In progress                 3
INFO:state_machine_operator.manager.manager:  > New job sequences submit    1 
INFO:state_machine_operator.manager.manager:
> 🌀 Starting step mlrunner
INFO:state_machine_operator.manager.manager:> Workflow needs
INFO:state_machine_operator.manager.manager:  > total completions           10 
INFO:state_machine_operator.manager.manager:  > max nodes allowed use       6

INFO:state_machine_operator.manager.manager:> Current state
INFO:state_machine_operator.manager.manager:  > nodes / step                1 
INFO:state_machine_operator.manager.manager:  > jobs needed                 4 
INFO:state_machine_operator.manager.manager:  > nodes allowed               6 
INFO:state_machine_operator.manager.manager:  > jobs allowed                4

INFO:state_machine_operator.manager.manager:> Workflow progress
INFO:state_machine_operator.manager.manager:  > Completions                 6
INFO:state_machine_operator.manager.manager:  > In progress                 4
INFO:state_machine_operator.manager.manager:  > New job sequences submit    0 
INFO:state_machine_operator.manager.manager:
> 🌀 Starting step mlrunner
INFO:state_machine_operator.manager.manager:> Workflow needs
INFO:state_machine_operator.manager.manager:  > total completions           10 
INFO:state_machine_operator.manager.manager:  > max nodes allowed use       6

INFO:state_machine_operator.manager.manager:> Current state
INFO:state_machine_operator.manager.manager:  > nodes / step                1 
INFO:state_machine_operator.manager.manager:  > jobs needed                 4 
INFO:state_machine_operator.manager.manager:  > nodes allowed               6 
INFO:state_machine_operator.manager.manager:  > jobs allowed                4

INFO:state_machine_operator.manager.manager:> Workflow progress
INFO:state_machine_operator.manager.manager:  > Completions                 6
INFO:state_machine_operator.manager.manager:  > In progress                 4
INFO:state_machine_operator.manager.manager:  > New job sequences submit    0 
INFO:state_machine_operator.manager.manager:
> 🌀 Starting step mlrunner
INFO:state_machine_operator.manager.manager:> Workflow needs
INFO:state_machine_operator.manager.manager:  > total completions           10 
INFO:state_machine_operator.manager.manager:  > max nodes allowed use       6

INFO:state_machine_operator.manager.manager:> Current state
INFO:state_machine_operator.manager.manager:  > nodes / step                1 
INFO:state_machine_operator.manager.manager:  > jobs needed                 4 
INFO:state_machine_operator.manager.manager:  > nodes allowed               6 
INFO:state_machine_operator.manager.manager:  > jobs allowed                4

INFO:state_machine_operator.manager.manager:> Workflow progress
INFO:state_machine_operator.manager.manager:  > Completions                 6
INFO:state_machine_operator.manager.manager:  > In progress                 4
INFO:state_machine_operator.manager.manager:  > New job sequences submit    0 
INFO:state_machine_operator.manager.manager:
> 🌀 Starting step mlrunner
INFO:state_machine_operator.manager.manager:> Workflow needs
INFO:state_machine_operator.manager.manager:  > total completions           10 
INFO:state_machine_operator.manager.manager:  > max nodes allowed use       6

INFO:state_machine_operator.manager.manager:> Current state
INFO:state_machine_operator.manager.manager:  > nodes / step                1 
INFO:state_machine_operator.manager.manager:  > jobs needed                 4 
INFO:state_machine_operator.manager.manager:  > nodes allowed               6 
INFO:state_machine_operator.manager.manager:  > jobs allowed                4

INFO:state_machine_operator.manager.manager:> Workflow progress
INFO:state_machine_operator.manager.manager:  > Completions                 6
INFO:state_machine_operator.manager.manager:  > In progress                 4
INFO:state_machine_operator.manager.manager:  > New job sequences submit    0 
INFO:state_machine_operator.manager.manager:
> 🌀 Starting step mlrunner
INFO:state_machine_operator.manager.manager:> Workflow needs
INFO:state_machine_operator.manager.manager:  > total completions           10 
INFO:state_machine_operator.manager.manager:  > max nodes allowed use       6

INFO:state_machine_operator.manager.manager:> Current state
INFO:state_machine_operator.manager.manager:  > nodes / step                1 
INFO:state_machine_operator.manager.manager:  > jobs needed                 4 
INFO:state_machine_operator.manager.manager:  > nodes allowed               6 
INFO:state_machine_operator.manager.manager:  > jobs allowed                4

INFO:state_machine_operator.manager.manager:> Workflow progress
INFO:state_machine_operator.manager.manager:  > Completions                 6
INFO:state_machine_operator.manager.manager:  > In progress                 4
INFO:state_machine_operator.manager.manager:  > New job sequences submit    0 
INFO:state_machine_operator.manager.manager:
> 🌀 Starting step mlrunner
INFO:state_machine_operator.manager.manager:> Workflow needs
INFO:state_machine_operator.manager.manager:  > total completions           10 
INFO:state_machine_operator.manager.manager:  > max nodes allowed use       6

INFO:state_machine_operator.manager.manager:> Current state
INFO:state_machine_operator.manager.manager:  > nodes / step                1 
INFO:state_machine_operator.manager.manager:  > jobs needed                 4 
INFO:state_machine_operator.manager.manager:  > nodes allowed               6 
INFO:state_machine_operator.manager.manager:  > jobs allowed                4

INFO:state_machine_operator.manager.manager:> Workflow progress
INFO:state_machine_operator.manager.manager:  > Completions                 6
INFO:state_machine_operator.manager.manager:  > In progress                 4
INFO:state_machine_operator.manager.manager:  > New job sequences submit    0 
INFO:state_machine_operator.manager.manager:
> 🌀 Starting step mlrunner
INFO:state_machine_operator.manager.manager:> Workflow needs
INFO:state_machine_operator.manager.manager:  > total completions           10 
INFO:state_machine_operator.manager.manager:  > max nodes allowed use       6

INFO:state_machine_operator.manager.manager:> Current state
INFO:state_machine_operator.manager.manager:  > nodes / step                1 
INFO:state_machine_operator.manager.manager:  > jobs needed                 4 
INFO:state_machine_operator.manager.manager:  > nodes allowed               6 
INFO:state_machine_operator.manager.manager:  > jobs allowed                4

INFO:state_machine_operator.manager.manager:> Workflow progress
INFO:state_machine_operator.manager.manager:  > Completions                 6
INFO:state_machine_operator.manager.manager:  > In progress                 4
INFO:state_machine_operator.manager.manager:  > New job sequences submit    0 
INFO:state_machine_operator.manager.manager:
> 🌀 Starting step mlrunner
INFO:state_machine_operator.manager.manager:> Workflow needs
INFO:state_machine_operator.manager.manager:  > total completions           10 
INFO:state_machine_operator.manager.manager:  > max nodes allowed use       6

INFO:state_machine_operator.manager.manager:> Current state
INFO:state_machine_operator.manager.manager:  > nodes / step                1 
INFO:state_machine_operator.manager.manager:  > jobs needed                 4 
INFO:state_machine_operator.manager.manager:  > nodes allowed               6 
INFO:state_machine_operator.manager.manager:  > jobs allowed                4

INFO:state_machine_operator.manager.manager:> Workflow progress
INFO:state_machine_operator.manager.manager:  > Completions                 6
INFO:state_machine_operator.manager.manager:  > In progress                 4
INFO:state_machine_operator.manager.manager:  > New job sequences submit    0 
INFO:state_machine_operator.manager.manager:
> 🌀 Starting step mlrunner
INFO:state_machine_operator.manager.manager:> Workflow needs
INFO:state_machine_operator.manager.manager:  > total completions           10 
INFO:state_machine_operator.manager.manager:  > max nodes allowed use       6

INFO:state_machine_operator.manager.manager:> Current state
INFO:state_machine_operator.manager.manager:  > nodes / step                1 
INFO:state_machine_operator.manager.manager:  > jobs needed                 4 
INFO:state_machine_operator.manager.manager:  > nodes allowed               6 
INFO:state_machine_operator.manager.manager:  > jobs allowed                4

INFO:state_machine_operator.manager.manager:> Workflow progress
INFO:state_machine_operator.manager.manager:  > Completions                 6
INFO:state_machine_operator.manager.manager:  > In progress                 4
INFO:state_machine_operator.manager.manager:  > New job sequences submit    0 
INFO:state_machine_operator.manager.manager:
> 🌀 Starting step mlrunner
INFO:state_machine_operator.manager.manager:> Workflow needs
INFO:state_machine_operator.manager.manager:  > total completions           10 
INFO:state_machine_operator.manager.manager:  > max nodes allowed use       6

INFO:state_machine_operator.manager.manager:> Current state
INFO:state_machine_operator.manager.manager:  > nodes / step                1 
INFO:state_machine_operator.manager.manager:  > jobs needed                 4 
INFO:state_machine_operator.manager.manager:  > nodes allowed               6 
INFO:state_machine_operator.manager.manager:  > jobs allowed                4

INFO:state_machine_operator.manager.manager:> Workflow progress
INFO:state_machine_operator.manager.manager:  > Completions                 6
INFO:state_machine_operator.manager.manager:  > In progress                 4
INFO:state_machine_operator.manager.manager:  > New job sequences submit    0 
INFO:state_machine_operator.manager.manager:
> 🌀 Starting step mlrunner
INFO:state_machine_operator.manager.manager:> Workflow needs
INFO:state_machine_operator.manager.manager:  > total completions           10 
INFO:state_machine_operator.manager.manager:  > max nodes allowed use       6

INFO:state_machine_operator.manager.manager:> Current state
INFO:state_machine_operator.manager.manager:  > nodes / step                1 
INFO:state_machine_operator.manager.manager:  > jobs needed                 4 
INFO:state_machine_operator.manager.manager:  > nodes allowed               6 
INFO:state_machine_operator.manager.manager:  > jobs allowed                4

INFO:state_machine_operator.manager.manager:> Workflow progress
INFO:state_machine_operator.manager.manager:  > Completions                 6
INFO:state_machine_operator.manager.manager:  > In progress                 4
INFO:state_machine_operator.manager.manager:  > New job sequences submit    0 
INFO:state_machine_operator.manager.manager:
> 🌀 Starting step mlrunner
INFO:state_machine_operator.manager.manager:> Workflow needs
INFO:state_machine_operator.manager.manager:  > total completions           10 
INFO:state_machine_operator.manager.manager:  > max nodes allowed use       6

INFO:state_machine_operator.manager.manager:> Current state
INFO:state_machine_operator.manager.manager:  > nodes / step                1 
INFO:state_machine_operator.manager.manager:  > jobs needed                 4 
INFO:state_machine_operator.manager.manager:  > nodes allowed               6 
INFO:state_machine_operator.manager.manager:  > jobs allowed                4

INFO:state_machine_operator.manager.manager:> Workflow progress
INFO:state_machine_operator.manager.manager:  > Completions                 6
INFO:state_machine_operator.manager.manager:  > In progress                 4
INFO:state_machine_operator.manager.manager:  > New job sequences submit    0 
INFO:state_machine_operator.manager.manager:
> 🌀 Starting step mlrunner
INFO:state_machine_operator.manager.manager:> Workflow needs
INFO:state_machine_operator.manager.manager:  > total completions           10 
INFO:state_machine_operator.manager.manager:  > max nodes allowed use       6

INFO:state_machine_operator.manager.manager:> Current state
INFO:state_machine_operator.manager.manager:  > nodes / step                1 
INFO:state_machine_operator.manager.manager:  > jobs needed                 4 
INFO:state_machine_operator.manager.manager:  > nodes allowed               6 
INFO:state_machine_operator.manager.manager:  > jobs allowed                4

INFO:state_machine_operator.manager.manager:> Workflow progress
INFO:state_machine_operator.manager.manager:  > Completions                 6
INFO:state_machine_operator.manager.manager:  > In progress                 4
INFO:state_machine_operator.manager.manager:  > New job sequences submit    0 
INFO:state_machine_operator.manager.manager:
> 🌀 Starting step mlrunner
INFO:state_machine_operator.manager.manager:> Workflow needs
INFO:state_machine_operator.manager.manager:  > total completions           10 
INFO:state_machine_operator.manager.manager:  > max nodes allowed use       6

INFO:state_machine_operator.manager.manager:> Current state
INFO:state_machine_operator.manager.manager:  > nodes / step                1 
INFO:state_machine_operator.manager.manager:  > jobs needed                 4 
INFO:state_machine_operator.manager.manager:  > nodes allowed               6 
INFO:state_machine_operator.manager.manager:  > jobs allowed                4

INFO:state_machine_operator.manager.manager:> Workflow progress
INFO:state_machine_operator.manager.manager:  > Completions                 6
INFO:state_machine_operator.manager.manager:  > In progress                 4
INFO:state_machine_operator.manager.manager:  > New job sequences submit    0 
INFO:state_machine_operator.manager.manager:
> 🌀 Starting step mlrunner
INFO:state_machine_operator.manager.manager:> Workflow needs
INFO:state_machine_operator.manager.manager:  > total completions           10 
INFO:state_machine_operator.manager.manager:  > max nodes allowed use       6

INFO:state_machine_operator.manager.manager:> Current state
INFO:state_machine_operator.manager.manager:  > nodes / step                1 
INFO:state_machine_operator.manager.manager:  > jobs needed                 4 
INFO:state_machine_operator.manager.manager:  > nodes allowed               6 
INFO:state_machine_operator.manager.manager:  > jobs allowed                4

INFO:state_machine_operator.manager.manager:> Workflow progress
INFO:state_machine_operator.manager.manager:  > Completions                 6
INFO:state_machine_operator.manager.manager:  > In progress                 4
INFO:state_machine_operator.manager.manager:  > New job sequences submit    0 
INFO:state_machine_operator.manager.manager:
> 🌀 Starting step mlrunner
INFO:state_machine_operator.manager.manager:> Workflow needs
INFO:state_machine_operator.manager.manager:  > total completions           10 
INFO:state_machine_operator.manager.manager:  > max nodes allowed use       6

INFO:state_machine_operator.manager.manager:> Current state
INFO:state_machine_operator.manager.manager:  > nodes / step                1 
INFO:state_machine_operator.manager.manager:  > jobs needed                 4 
INFO:state_machine_operator.manager.manager:  > nodes allowed               6 
INFO:state_machine_operator.manager.manager:  > jobs allowed                4

INFO:state_machine_operator.manager.manager:> Workflow progress
INFO:state_machine_operator.manager.manager:  > Completions                 6
INFO:state_machine_operator.manager.manager:  > In progress                 4
INFO:state_machine_operator.manager.manager:  > New job sequences submit    0 
INFO:state_machine_operator.manager.manager:
> 🌀 Starting step mlrunner
INFO:state_machine_operator.manager.manager:> Workflow needs
INFO:state_machine_operator.manager.manager:  > total completions           10 
INFO:state_machine_operator.manager.manager:  > max nodes allowed use       6

INFO:state_machine_operator.manager.manager:> Current state
INFO:state_machine_operator.manager.manager:  > nodes / step                1 
INFO:state_machine_operator.manager.manager:  > jobs needed                 4 
INFO:state_machine_operator.manager.manager:  > nodes allowed               6 
INFO:state_machine_operator.manager.manager:  > jobs allowed                4

INFO:state_machine_operator.manager.manager:> Workflow progress
INFO:state_machine_operator.manager.manager:  > Completions                 6
INFO:state_machine_operator.manager.manager:  > In progress                 4
INFO:state_machine_operator.manager.manager:  > New job sequences submit    0 
INFO:state_machine_operator.manager.manager:
> 🌀 Starting step mlrunner
INFO:state_machine_operator.manager.manager:> Workflow needs
INFO:state_machine_operator.manager.manager:  > total completions           10 
INFO:state_machine_operator.manager.manager:  > max nodes allowed use       6

INFO:state_machine_operator.manager.manager:> Current state
INFO:state_machine_operator.manager.manager:  > nodes / step                1 
INFO:state_machine_operator.manager.manager:  > jobs needed                 3 
INFO:state_machine_operator.manager.manager:  > nodes allowed               6 
INFO:state_machine_operator.manager.manager:  > jobs allowed                3

INFO:state_machine_operator.manager.manager:> Workflow progress
INFO:state_machine_operator.manager.manager:  > Completions                 7
INFO:state_machine_operator.manager.manager:  > In progress                 3
INFO:state_machine_operator.manager.manager:  > New job sequences submit    0 
INFO:state_machine_operator.manager.manager:
> 🌀 Starting step mlrunner
INFO:state_machine_operator.manager.manager:> Workflow needs
INFO:state_machine_operator.manager.manager:  > total completions           10 
INFO:state_machine_operator.manager.manager:  > max nodes allowed use       6

INFO:state_machine_operator.manager.manager:> Current state
INFO:state_machine_operator.manager.manager:  > nodes / step                1 
INFO:state_machine_operator.manager.manager:  > jobs needed                 3 
INFO:state_machine_operator.manager.manager:  > nodes allowed               6 
INFO:state_machine_operator.manager.manager:  > jobs allowed                3

INFO:state_machine_operator.manager.manager:> Workflow progress
INFO:state_machine_operator.manager.manager:  > Completions                 7
INFO:state_machine_operator.manager.manager:  > In progress                 3
INFO:state_machine_operator.manager.manager:  > New job sequences submit    0 
INFO:state_machine_operator.manager.manager:
> 🌀 Starting step mlrunner
INFO:state_machine_operator.manager.manager:> Workflow needs
INFO:state_machine_operator.manager.manager:  > total completions           10 
INFO:state_machine_operator.manager.manager:  > max nodes allowed use       6

INFO:state_machine_operator.manager.manager:> Current state
INFO:state_machine_operator.manager.manager:  > nodes / step                1 
INFO:state_machine_operator.manager.manager:  > jobs needed                 2 
INFO:state_machine_operator.manager.manager:  > nodes allowed               6 
INFO:state_machine_operator.manager.manager:  > jobs allowed                2

INFO:state_machine_operator.manager.manager:> Workflow progress
INFO:state_machine_operator.manager.manager:  > Completions                 8
INFO:state_machine_operator.manager.manager:  > In progress                 2
INFO:state_machine_operator.manager.manager:  > New job sequences submit    0 
INFO:state_machine_operator.manager.manager:
> 🌀 Starting step mlrunner
INFO:state_machine_operator.manager.manager:> Workflow needs
INFO:state_machine_operator.manager.manager:  > total completions           10 
INFO:state_machine_operator.manager.manager:  > max nodes allowed use       6

INFO:state_machine_operator.manager.manager:> Current state
INFO:state_machine_operator.manager.manager:  > nodes / step                1 
INFO:state_machine_operator.manager.manager:  > jobs needed                 2 
INFO:state_machine_operator.manager.manager:  > nodes allowed               6 
INFO:state_machine_operator.manager.manager:  > jobs allowed                2

INFO:state_machine_operator.manager.manager:> Workflow progress
INFO:state_machine_operator.manager.manager:  > Completions                 8
INFO:state_machine_operator.manager.manager:  > In progress                 2
INFO:state_machine_operator.manager.manager:  > New job sequences submit    0 
INFO:state_machine_operator.manager.manager:
> 🌀 Starting step mlrunner
INFO:state_machine_operator.manager.manager:> Workflow needs
INFO:state_machine_operator.manager.manager:  > total completions           10 
INFO:state_machine_operator.manager.manager:  > max nodes allowed use       6

INFO:state_machine_operator.manager.manager:> Current state
INFO:state_machine_operator.manager.manager:  > nodes / step                1 
INFO:state_machine_operator.manager.manager:  > jobs needed                 1 
INFO:state_machine_operator.manager.manager:  > nodes allowed               6 
INFO:state_machine_operator.manager.manager:  > jobs allowed                1

INFO:state_machine_operator.manager.manager:> Workflow progress
INFO:state_machine_operator.manager.manager:  > Completions                 9
INFO:state_machine_operator.manager.manager:  > In progress                 1
INFO:state_machine_operator.manager.manager:  > New job sequences submit    0 
INFO:state_machine_operator.manager.manager:
> 🌀 Starting step mlrunner
INFO:state_machine_operator.manager.manager:> Workflow needs
INFO:state_machine_operator.manager.manager:  > total completions           10 
INFO:state_machine_operator.manager.manager:  > max nodes allowed use       6

INFO:state_machine_operator.manager.manager:> Current state
INFO:state_machine_operator.manager.manager:  > nodes / step                1 
INFO:state_machine_operator.manager.manager:  > jobs needed                 1 
INFO:state_machine_operator.manager.manager:  > nodes allowed               6 
INFO:state_machine_operator.manager.manager:  > jobs allowed                1

INFO:state_machine_operator.manager.manager:> Workflow progress
INFO:state_machine_operator.manager.manager:  > Completions                 9
INFO:state_machine_operator.manager.manager:  > In progress                 1
INFO:state_machine_operator.manager.manager:  > New job sequences submit    0 
INFO:state_machine_operator.manager.manager:
> 🌀 Starting step mlrunner
INFO:state_machine_operator.manager.manager:> Workflow needs
INFO:state_machine_operator.manager.manager:  > total completions           10 
INFO:state_machine_operator.manager.manager:  > max nodes allowed use       6

INFO:state_machine_operator.manager.manager:> Current state
INFO:state_machine_operator.manager.manager:  > nodes / step                1 
INFO:state_machine_operator.manager.manager:  > jobs needed                 0 
INFO:state_machine_operator.manager.manager:  > nodes allowed               6 
INFO:state_machine_operator.manager.manager:  > jobs allowed                0

INFO:state_machine_operator.manager.manager:> Workflow progress
INFO:state_machine_operator.manager.manager:  > Completions                 10
INFO:state_machine_operator.manager.manager:  > In progress                 0
INFO:state_machine_operator.manager.manager:  > New job sequences submit    0 
INFO:state_machine_operator.manager.manager:Workflow is complete - 10/10 are done
> Launching workflow manager on (manager)
=== nodes
{"ip-192-168-12-67.ec2.internal": {"created": 1741978340.0, "labels": {"alpha.eksctl.io/cluster-name": "mini-mummi", "alpha.eksctl.io/nodegroup-name": "workers", "beta.kubernetes.io/arch": "arm64", "beta.kubernetes.io/instance-type": "hpc7g.16xlarge", "beta.kubernetes.io/os": "linux", "eks.amazonaws.com/capacityType": "ON_DEMAND", "eks.amazonaws.com/nodegroup": "workers", "eks.amazonaws.com/nodegroup-image": "ami-0f5d3360a3f4d9ff7", "eks.amazonaws.com/sourceLaunchTemplateId": "lt-009eb2b15843d9b14", "eks.amazonaws.com/sourceLaunchTemplateVersion": "1", "failure-domain.beta.kubernetes.io/region": "us-east-1", "failure-domain.beta.kubernetes.io/zone": "us-east-1a", "k8s.io/cloud-provider-aws": "253aeae30855c021b88b55cfb55b26ca", "kubernetes.io/arch": "arm64", "kubernetes.io/hostname": "ip-192-168-12-67.ec2.internal", "kubernetes.io/os": "linux", "node.kubernetes.io/instance-type": "hpc7g.16xlarge", "nodegroup": "hpc7g-16xlarge", "topology.kubernetes.io/region": "us-east-1", "topology.kubernetes.io/zone": "us-east-1a"}, "conditions": [{"last_transition_time": 1741978353.0, "message": "kubelet is posting ready status", "reason": "KubeletReady", "status": true, "type": "Ready", "recorded_at": 1741978532.0295131}], "is_ready": true}, "ip-192-168-15-97.ec2.internal": {"created": 1741978378.0, "labels": {"alpha.eksctl.io/cluster-name": "mini-mummi", "alpha.eksctl.io/nodegroup-name": "workers", "beta.kubernetes.io/arch": "arm64", "beta.kubernetes.io/instance-type": "hpc7g.16xlarge", "beta.kubernetes.io/os": "linux", "eks.amazonaws.com/capacityType": "ON_DEMAND", "eks.amazonaws.com/nodegroup": "workers", "eks.amazonaws.com/nodegroup-image": "ami-0f5d3360a3f4d9ff7", "eks.amazonaws.com/sourceLaunchTemplateId": "lt-009eb2b15843d9b14", "eks.amazonaws.com/sourceLaunchTemplateVersion": "1", "failure-domain.beta.kubernetes.io/region": "us-east-1", "failure-domain.beta.kubernetes.io/zone": "us-east-1a", "k8s.io/cloud-provider-aws": "253aeae30855c021b88b55cfb55b26ca", "kubernetes.io/arch": "arm64", "kubernetes.io/hostname": "ip-192-168-15-97.ec2.internal", "kubernetes.io/os": "linux", "node.kubernetes.io/instance-type": "hpc7g.16xlarge", "nodegroup": "hpc7g-16xlarge", "topology.kubernetes.io/region": "us-east-1", "topology.kubernetes.io/zone": "us-east-1a"}, "conditions": [{"last_transition_time": 1741978398.0, "message": "kubelet is posting ready status", "reason": "KubeletReady", "status": true, "type": "Ready", "recorded_at": 1741978532.029623}], "is_ready": true}, "ip-192-168-22-102.ec2.internal": {"created": 1741978367.0, "labels": {"alpha.eksctl.io/cluster-name": "mini-mummi", "alpha.eksctl.io/nodegroup-name": "workers", "beta.kubernetes.io/arch": "arm64", "beta.kubernetes.io/instance-type": "hpc7g.16xlarge", "beta.kubernetes.io/os": "linux", "eks.amazonaws.com/capacityType": "ON_DEMAND", "eks.amazonaws.com/nodegroup": "workers", "eks.amazonaws.com/nodegroup-image": "ami-0f5d3360a3f4d9ff7", "eks.amazonaws.com/sourceLaunchTemplateId": "lt-009eb2b15843d9b14", "eks.amazonaws.com/sourceLaunchTemplateVersion": "1", "failure-domain.beta.kubernetes.io/region": "us-east-1", "failure-domain.beta.kubernetes.io/zone": "us-east-1a", "k8s.io/cloud-provider-aws": "253aeae30855c021b88b55cfb55b26ca", "kubernetes.io/arch": "arm64", "kubernetes.io/hostname": "ip-192-168-22-102.ec2.internal", "kubernetes.io/os": "linux", "node.kubernetes.io/instance-type": "hpc7g.16xlarge", "nodegroup": "hpc7g-16xlarge", "topology.kubernetes.io/region": "us-east-1", "topology.kubernetes.io/zone": "us-east-1a"}, "conditions": [{"last_transition_time": 1741978374.0, "message": "kubelet is posting ready status", "reason": "KubeletReady", "status": true, "type": "Ready", "recorded_at": 1741978532.0297189}], "is_ready": true}, "ip-192-168-30-209.ec2.internal": {"created": 1741978336.0, "labels": {"alpha.eksctl.io/cluster-name": "mini-mummi", "alpha.eksctl.io/nodegroup-name": "workers", "beta.kubernetes.io/arch": "arm64", "beta.kubernetes.io/instance-type": "hpc7g.16xlarge", "beta.kubernetes.io/os": "linux", "eks.amazonaws.com/capacityType": "ON_DEMAND", "eks.amazonaws.com/nodegroup": "workers", "eks.amazonaws.com/nodegroup-image": "ami-0f5d3360a3f4d9ff7", "eks.amazonaws.com/sourceLaunchTemplateId": "lt-009eb2b15843d9b14", "eks.amazonaws.com/sourceLaunchTemplateVersion": "1", "failure-domain.beta.kubernetes.io/region": "us-east-1", "failure-domain.beta.kubernetes.io/zone": "us-east-1a", "k8s.io/cloud-provider-aws": "253aeae30855c021b88b55cfb55b26ca", "kubernetes.io/arch": "arm64", "kubernetes.io/hostname": "ip-192-168-30-209.ec2.internal", "kubernetes.io/os": "linux", "node.kubernetes.io/instance-type": "hpc7g.16xlarge", "nodegroup": "hpc7g-16xlarge", "topology.kubernetes.io/region": "us-east-1", "topology.kubernetes.io/zone": "us-east-1a"}, "conditions": [{"last_transition_time": 1741978350.0, "message": "kubelet is posting ready status", "reason": "KubeletReady", "status": true, "type": "Ready", "recorded_at": 1741978532.0298574}], "is_ready": true}, "ip-192-168-4-17.ec2.internal": {"created": 1741978389.0, "labels": {"alpha.eksctl.io/cluster-name": "mini-mummi", "alpha.eksctl.io/nodegroup-name": "workers", "beta.kubernetes.io/arch": "arm64", "beta.kubernetes.io/instance-type": "hpc7g.16xlarge", "beta.kubernetes.io/os": "linux", "eks.amazonaws.com/capacityType": "ON_DEMAND", "eks.amazonaws.com/nodegroup": "workers", "eks.amazonaws.com/nodegroup-image": "ami-0f5d3360a3f4d9ff7", "eks.amazonaws.com/sourceLaunchTemplateId": "lt-009eb2b15843d9b14", "eks.amazonaws.com/sourceLaunchTemplateVersion": "1", "failure-domain.beta.kubernetes.io/region": "us-east-1", "failure-domain.beta.kubernetes.io/zone": "us-east-1a", "k8s.io/cloud-provider-aws": "253aeae30855c021b88b55cfb55b26ca", "kubernetes.io/arch": "arm64", "kubernetes.io/hostname": "ip-192-168-4-17.ec2.internal", "kubernetes.io/os": "linux", "node.kubernetes.io/instance-type": "hpc7g.16xlarge", "nodegroup": "hpc7g-16xlarge", "topology.kubernetes.io/region": "us-east-1", "topology.kubernetes.io/zone": "us-east-1a"}, "conditions": [{"last_transition_time": 1741978404.0, "message": "kubelet is posting ready status", "reason": "KubeletReady", "status": true, "type": "Ready", "recorded_at": 1741978532.030022}], "is_ready": true}, "ip-192-168-43-126.ec2.internal": {"created": 1741978340.0, "labels": {"alpha.eksctl.io/cluster-name": "mini-mummi", "alpha.eksctl.io/nodegroup-name": "workers-control-plane", "beta.kubernetes.io/arch": "amd64", "beta.kubernetes.io/instance-type": "m6a.4xlarge", "beta.kubernetes.io/os": "linux", "eks.amazonaws.com/capacityType": "ON_DEMAND", "eks.amazonaws.com/nodegroup": "workers-control-plane", "eks.amazonaws.com/nodegroup-image": "ami-094fa8fc1e6b34c46", "eks.amazonaws.com/sourceLaunchTemplateId": "lt-0fbd92aa1d07a4770", "eks.amazonaws.com/sourceLaunchTemplateVersion": "1", "failure-domain.beta.kubernetes.io/region": "us-east-1", "failure-domain.beta.kubernetes.io/zone": "us-east-1b", "k8s.io/cloud-provider-aws": "253aeae30855c021b88b55cfb55b26ca", "kubernetes.io/arch": "amd64", "kubernetes.io/hostname": "ip-192-168-43-126.ec2.internal", "kubernetes.io/os": "linux", "node.kubernetes.io/instance-type": "m6a.4xlarge", "topology.kubernetes.io/region": "us-east-1", "topology.kubernetes.io/zone": "us-east-1b"}, "conditions": [{"last_transition_time": 1741978360.0, "message": "kubelet is posting ready status", "reason": "KubeletReady", "status": true, "type": "Ready", "recorded_at": 1741978532.0305076}], "is_ready": true}, "ip-192-168-8-24.ec2.internal": {"created": 1741978341.0, "labels": {"alpha.eksctl.io/cluster-name": "mini-mummi", "alpha.eksctl.io/nodegroup-name": "workers", "beta.kubernetes.io/arch": "arm64", "beta.kubernetes.io/instance-type": "hpc7g.16xlarge", "beta.kubernetes.io/os": "linux", "eks.amazonaws.com/capacityType": "ON_DEMAND", "eks.amazonaws.com/nodegroup": "workers", "eks.amazonaws.com/nodegroup-image": "ami-0f5d3360a3f4d9ff7", "eks.amazonaws.com/sourceLaunchTemplateId": "lt-009eb2b15843d9b14", "eks.amazonaws.com/sourceLaunchTemplateVersion": "1", "failure-domain.beta.kubernetes.io/region": "us-east-1", "failure-domain.beta.kubernetes.io/zone": "us-east-1a", "k8s.io/cloud-provider-aws": "253aeae30855c021b88b55cfb55b26ca", "kubernetes.io/arch": "arm64", "kubernetes.io/hostname": "ip-192-168-8-24.ec2.internal", "kubernetes.io/os": "linux", "node.kubernetes.io/instance-type": "hpc7g.16xlarge", "nodegroup": "hpc7g-16xlarge", "topology.kubernetes.io/region": "us-east-1", "topology.kubernetes.io/zone": "us-east-1a"}, "conditions": [{"last_transition_time": 1741978354.0, "message": "kubelet is posting ready status", "reason": "KubeletReady", "status": true, "type": "Ready", "recorded_at": 1741978532.0306594}], "is_ready": true}}
===
=== times
{"times": {"list_jobs_by_status": [0.014, 0.01, 0.011, 0.026, 0.026, 0.022, 0.029, 0.017, 0.024, 0.023, 0.027, 0.02, 0.021, 0.018, 0.032, 0.017, 0.05, 0.019, 0.022, 0.019, 0.024, 0.02, 0.018, 0.027, 0.019, 0.027, 0.028, 0.024, 0.025, 0.026, 0.019, 0.023, 0.031, 0.027, 0.025, 0.025, 0.025, 0.027, 0.022, 0.025, 0.025, 0.043, 0.036, 0.027, 0.051, 0.044, 0.04, 0.027, 0.023, 0.03, 0.029, 0.032, 0.051, 0.031, 0.028, 0.029, 0.033, 0.035, 0.027, 0.036, 0.055, 0.036, 0.044, 0.03, 0.059, 0.034, 0.038, 0.048, 0.04, 0.031, 0.04, 0.035, 0.03, 0.047, 0.042, 0.035, 0.03, 0.058, 0.036, 0.038, 0.048, 0.038, 0.038, 0.036, 0.035, 0.039, 0.039, 0.035, 0.043, 0.038, 0.048, 0.061, 0.036, 0.05, 0.04, 0.037, 0.04, 0.046, 0.053, 0.035, 0.044, 0.055, 0.036, 0.039, 0.045, 0.05, 0.054, 0.043, 0.038, 0.045, 0.041, 0.039, 0.04, 0.061, 0.039, 0.043, 0.043, 0.047, 0.058, 0.039, 0.042, 0.046, 0.052, 0.047, 0.046, 0.047, 0.047, 0.049, 0.063, 0.044, 0.041, 0.07, 0.044, 0.048, 0.042, 0.049, 0.058, 0.044, 0.043, 0.059, 0.051, 0.045, 0.06, 0.046, 0.053, 0.048, 0.044, 0.056, 0.062, 0.045, 0.056, 0.069, 0.05, 0.055, 0.063, 0.054, 0.048, 0.062, 0.056, 0.049, 0.07, 0.052, 0.048, 0.061, 0.061, 0.062, 0.049, 0.051, 0.067, 0.062, 0.067, 0.05, 0.051, 0.058, 0.052, 0.051, 0.05, 0.074, 0.055, 0.051, 0.062, 0.056, 0.051, 0.052]}, "timestamps": {"workflow_start": 1741978531.6933951, "structure_041674294_mlrunner_start": 1741978532.0326476, "structure_029601618_mlrunner_start": 1741978532.0868492, "structure_067546927_mlrunner_start": 1741978532.0880492, "structure_000848916_mlrunner_start": 1741978532.089228, "structure_089108463_mlrunner_start": 1741978532.0904405, "structure_040359927_mlrunner_start": 1741978532.0915966, "structure_000848916_mlrunner_succeeded": 1741978858.724628, "structure_000848916_createsim_start": 1741978858.8342729, "structure_040359927_mlrunner_succeeded": 1741978860.663173, "structure_040359927_createsim_start": 1741978860.7713566, "structure_041674294_mlrunner_succeeded": 1741978861.9985137, "structure_041674294_createsim_start": 1741978862.1230528, "structure_067546927_mlrunner_succeeded": 1741978868.816969, "structure_067546927_createsim_start": 1741978868.9515593, "structure_029601618_mlrunner_succeeded": 1741978869.485227, "structure_029601618_createsim_start": 1741978869.5951672, "structure_089108463_mlrunner_succeeded": 1741978872.6595554, "structure_089108463_createsim_start": 1741978872.7744896, "structure_029601618_createsim_succeeded": 1741979384.580731, "structure_029601618_cganalysis_start": 1741979384.7285028, "structure_067546927_createsim_succeeded": 1741979387.1985712, "structure_067546927_cganalysis_start": 1741979387.329728, "structure_040359927_createsim_succeeded": 1741979398.4524002, "structure_040359927_cganalysis_start": 1741979398.5984955, "structure_041674294_createsim_succeeded": 1741979400.8563056, "structure_041674294_cganalysis_start": 1741979401.002136, "structure_089108463_createsim_succeeded": 1741979405.4293628, "structure_089108463_cganalysis_start": 1741979405.5834184, "structure_000848916_createsim_succeeded": 1741979420.487205, "structure_000848916_cganalysis_start": 1741979420.6377392, "structure_029601618_cganalysis_succeeded": 1741981174.3036056, "structure_030641144_mlrunner_start": 1741981174.3924222, "structure_067546927_cganalysis_succeeded": 1741981176.8246174, "structure_089365616_mlrunner_start": 1741981176.904581, "structure_040359927_cganalysis_succeeded": 1741981187.1975486, "structure_055809178_mlrunner_start": 1741981187.2954245, "structure_041674294_cganalysis_succeeded": 1741981189.710548, "structure_061107227_mlrunner_start": 1741981189.8108423, "structure_089108463_cganalysis_succeeded": 1741981195.0672596, "structure_000848916_cganalysis_succeeded": 1741981209.1521351, "structure_089365616_mlrunner_succeeded": 1741981233.87894, "structure_089365616_createsim_start": 1741981234.0411272, "structure_030641144_mlrunner_succeeded": 1741981236.3242462, "structure_030641144_createsim_start": 1741981236.4955094, "structure_055809178_mlrunner_succeeded": 1741981244.2329729, "structure_055809178_createsim_start": 1741981244.3931131, "structure_061107227_mlrunner_succeeded": 1741981246.779965, "structure_061107227_createsim_start": 1741981246.93589, "structure_061107227_createsim_failed": 1741981294.3615384, "structure_018201636_mlrunner_start": 1741981294.4704728, "structure_018201636_mlrunner_succeeded": 1741981352.0379992, "structure_018201636_createsim_start": 1741981352.2315528, "structure_089365616_createsim_succeeded": 1741981709.8511994, "structure_089365616_cganalysis_start": 1741981710.0513618, "structure_030641144_createsim_succeeded": 1741981718.0604959, "structure_030641144_cganalysis_start": 1741981718.242743, "structure_055809178_createsim_succeeded": 1741981746.848639, "structure_055809178_cganalysis_start": 1741981747.0358858, "structure_018201636_createsim_succeeded": 1741981835.824555, "structure_018201636_cganalysis_start": 1741981836.0224793, "structure_089365616_cganalysis_succeeded": 1741983498.6610491, "structure_030641144_cganalysis_succeeded": 1741983505.7324865, "structure_055809178_cganalysis_succeeded": 1741983534.482787, "structure_018201636_cganalysis_succeeded": 1741983623.6045184, "workflow_complete": 1741983623.6563766}}
===
Workflow is complete. You can delete the deployment to clean up.
