state-machine-manager start /opt/jobs/state-machine-workflow.yaml --config-dir=/opt/jobs --scheduler kubernetes --registry registry-0.mummi.default.svc.cluster.local:5000 --plain-http
INFO:state_machine_operator.manager.manager: Job Prefix: [structure_]
INFO:state_machine_operator.manager.manager:  Scheduler: [kubernetes]
INFO:state_machine_operator.manager.manager:   Registry: [registry-0.mummi.default.svc.cluster.local:5000]
INFO:state_machine_operator.manager.manager:Manager running with 0 job sequence completions.
INFO:state_machine_operator.manager.manager:
> 🌀 Starting step mlrunner
INFO:state_machine_operator.manager.manager:> Workflow needs
INFO:state_machine_operator.manager.manager:  > total completions           10 
INFO:state_machine_operator.manager.manager:  > max nodes allowed use       6

INFO:state_machine_operator.manager.manager:> Current state
INFO:state_machine_operator.manager.manager:  > nodes / step                1 
INFO:state_machine_operator.manager.manager:  > jobs needed                 10 
INFO:state_machine_operator.manager.manager:  > nodes allowed               6 
INFO:state_machine_operator.manager.manager:  > jobs allowed                6

INFO:state_machine_operator.manager.manager:> Workflow progress
INFO:state_machine_operator.manager.manager:  > Completions                 0
INFO:state_machine_operator.manager.manager:  > In progress                 0
INFO:state_machine_operator.manager.manager:  > New job sequences submit    6 
INFO:state_machine_operator.manager.manager:
> 🌀 Starting step mlrunner
INFO:state_machine_operator.manager.manager:> Workflow needs
INFO:state_machine_operator.manager.manager:  > total completions           10 
INFO:state_machine_operator.manager.manager:  > max nodes allowed use       6

INFO:state_machine_operator.manager.manager:> Current state
INFO:state_machine_operator.manager.manager:  > nodes / step                1 
INFO:state_machine_operator.manager.manager:  > jobs needed                 10 
INFO:state_machine_operator.manager.manager:  > nodes allowed               6 
INFO:state_machine_operator.manager.manager:  > jobs allowed                6

INFO:state_machine_operator.manager.manager:> Workflow progress
INFO:state_machine_operator.manager.manager:  > Completions                 0
INFO:state_machine_operator.manager.manager:  > In progress                 6
INFO:state_machine_operator.manager.manager:  > New job sequences submit    0 
INFO:state_machine_operator.manager.manager:
> 🌀 Starting step mlrunner
INFO:state_machine_operator.manager.manager:> Workflow needs
INFO:state_machine_operator.manager.manager:  > total completions           10 
INFO:state_machine_operator.manager.manager:  > max nodes allowed use       6

INFO:state_machine_operator.manager.manager:> Current state
INFO:state_machine_operator.manager.manager:  > nodes / step                1 
INFO:state_machine_operator.manager.manager:  > jobs needed                 10 
INFO:state_machine_operator.manager.manager:  > nodes allowed               6 
INFO:state_machine_operator.manager.manager:  > jobs allowed                6

INFO:state_machine_operator.manager.manager:> Workflow progress
INFO:state_machine_operator.manager.manager:  > Completions                 0
INFO:state_machine_operator.manager.manager:  > In progress                 6
INFO:state_machine_operator.manager.manager:  > New job sequences submit    0 
INFO:state_machine_operator.manager.manager:
> 🌀 Starting step mlrunner
INFO:state_machine_operator.manager.manager:> Workflow needs
INFO:state_machine_operator.manager.manager:  > total completions           10 
INFO:state_machine_operator.manager.manager:  > max nodes allowed use       6

INFO:state_machine_operator.manager.manager:> Current state
INFO:state_machine_operator.manager.manager:  > nodes / step                1 
INFO:state_machine_operator.manager.manager:  > jobs needed                 10 
INFO:state_machine_operator.manager.manager:  > nodes allowed               6 
INFO:state_machine_operator.manager.manager:  > jobs allowed                6

INFO:state_machine_operator.manager.manager:> Workflow progress
INFO:state_machine_operator.manager.manager:  > Completions                 0
INFO:state_machine_operator.manager.manager:  > In progress                 6
INFO:state_machine_operator.manager.manager:  > New job sequences submit    0 
INFO:state_machine_operator.manager.manager:
> 🌀 Starting step mlrunner
INFO:state_machine_operator.manager.manager:> Workflow needs
INFO:state_machine_operator.manager.manager:  > total completions           10 
INFO:state_machine_operator.manager.manager:  > max nodes allowed use       6

INFO:state_machine_operator.manager.manager:> Current state
INFO:state_machine_operator.manager.manager:  > nodes / step                1 
INFO:state_machine_operator.manager.manager:  > jobs needed                 10 
INFO:state_machine_operator.manager.manager:  > nodes allowed               6 
INFO:state_machine_operator.manager.manager:  > jobs allowed                6

INFO:state_machine_operator.manager.manager:> Workflow progress
INFO:state_machine_operator.manager.manager:  > Completions                 0
INFO:state_machine_operator.manager.manager:  > In progress                 6
INFO:state_machine_operator.manager.manager:  > New job sequences submit    0 
INFO:state_machine_operator.manager.manager:
> 🌀 Starting step mlrunner
INFO:state_machine_operator.manager.manager:> Workflow needs
INFO:state_machine_operator.manager.manager:  > total completions           10 
INFO:state_machine_operator.manager.manager:  > max nodes allowed use       6

INFO:state_machine_operator.manager.manager:> Current state
INFO:state_machine_operator.manager.manager:  > nodes / step                1 
INFO:state_machine_operator.manager.manager:  > jobs needed                 10 
INFO:state_machine_operator.manager.manager:  > nodes allowed               6 
INFO:state_machine_operator.manager.manager:  > jobs allowed                6

INFO:state_machine_operator.manager.manager:> Workflow progress
INFO:state_machine_operator.manager.manager:  > Completions                 0
INFO:state_machine_operator.manager.manager:  > In progress                 6
INFO:state_machine_operator.manager.manager:  > New job sequences submit    0 
INFO:state_machine_operator.manager.manager:
> 🌀 Starting step mlrunner
INFO:state_machine_operator.manager.manager:> Workflow needs
INFO:state_machine_operator.manager.manager:  > total completions           10 
INFO:state_machine_operator.manager.manager:  > max nodes allowed use       6

INFO:state_machine_operator.manager.manager:> Current state
INFO:state_machine_operator.manager.manager:  > nodes / step                1 
INFO:state_machine_operator.manager.manager:  > jobs needed                 10 
INFO:state_machine_operator.manager.manager:  > nodes allowed               6 
INFO:state_machine_operator.manager.manager:  > jobs allowed                6

INFO:state_machine_operator.manager.manager:> Workflow progress
INFO:state_machine_operator.manager.manager:  > Completions                 0
INFO:state_machine_operator.manager.manager:  > In progress                 6
INFO:state_machine_operator.manager.manager:  > New job sequences submit    0 
INFO:state_machine_operator.manager.manager:
> 🌀 Starting step mlrunner
INFO:state_machine_operator.manager.manager:> Workflow needs
INFO:state_machine_operator.manager.manager:  > total completions           10 
INFO:state_machine_operator.manager.manager:  > max nodes allowed use       6

INFO:state_machine_operator.manager.manager:> Current state
INFO:state_machine_operator.manager.manager:  > nodes / step                1 
INFO:state_machine_operator.manager.manager:  > jobs needed                 10 
INFO:state_machine_operator.manager.manager:  > nodes allowed               6 
INFO:state_machine_operator.manager.manager:  > jobs allowed                6

INFO:state_machine_operator.manager.manager:> Workflow progress
INFO:state_machine_operator.manager.manager:  > Completions                 0
INFO:state_machine_operator.manager.manager:  > In progress                 6
INFO:state_machine_operator.manager.manager:  > New job sequences submit    0 
INFO:state_machine_operator.manager.manager:
> 🌀 Starting step mlrunner
INFO:state_machine_operator.manager.manager:> Workflow needs
INFO:state_machine_operator.manager.manager:  > total completions           10 
INFO:state_machine_operator.manager.manager:  > max nodes allowed use       6

INFO:state_machine_operator.manager.manager:> Current state
INFO:state_machine_operator.manager.manager:  > nodes / step                1 
INFO:state_machine_operator.manager.manager:  > jobs needed                 10 
INFO:state_machine_operator.manager.manager:  > nodes allowed               6 
INFO:state_machine_operator.manager.manager:  > jobs allowed                6

INFO:state_machine_operator.manager.manager:> Workflow progress
INFO:state_machine_operator.manager.manager:  > Completions                 0
INFO:state_machine_operator.manager.manager:  > In progress                 6
INFO:state_machine_operator.manager.manager:  > New job sequences submit    0 
INFO:state_machine_operator.manager.manager:
> 🌀 Starting step mlrunner
INFO:state_machine_operator.manager.manager:> Workflow needs
INFO:state_machine_operator.manager.manager:  > total completions           10 
INFO:state_machine_operator.manager.manager:  > max nodes allowed use       6

INFO:state_machine_operator.manager.manager:> Current state
INFO:state_machine_operator.manager.manager:  > nodes / step                1 
INFO:state_machine_operator.manager.manager:  > jobs needed                 10 
INFO:state_machine_operator.manager.manager:  > nodes allowed               6 
INFO:state_machine_operator.manager.manager:  > jobs allowed                6

INFO:state_machine_operator.manager.manager:> Workflow progress
INFO:state_machine_operator.manager.manager:  > Completions                 0
INFO:state_machine_operator.manager.manager:  > In progress                 6
INFO:state_machine_operator.manager.manager:  > New job sequences submit    0 
INFO:state_machine_operator.manager.manager:
> 🌀 Starting step mlrunner
INFO:state_machine_operator.manager.manager:> Workflow needs
INFO:state_machine_operator.manager.manager:  > total completions           10 
INFO:state_machine_operator.manager.manager:  > max nodes allowed use       6

INFO:state_machine_operator.manager.manager:> Current state
INFO:state_machine_operator.manager.manager:  > nodes / step                1 
INFO:state_machine_operator.manager.manager:  > jobs needed                 10 
INFO:state_machine_operator.manager.manager:  > nodes allowed               6 
INFO:state_machine_operator.manager.manager:  > jobs allowed                6

INFO:state_machine_operator.manager.manager:> Workflow progress
INFO:state_machine_operator.manager.manager:  > Completions                 0
INFO:state_machine_operator.manager.manager:  > In progress                 6
INFO:state_machine_operator.manager.manager:  > New job sequences submit    0 
INFO:state_machine_operator.manager.manager:
> 🌀 Starting step mlrunner
INFO:state_machine_operator.manager.manager:> Workflow needs
INFO:state_machine_operator.manager.manager:  > total completions           10 
INFO:state_machine_operator.manager.manager:  > max nodes allowed use       6

INFO:state_machine_operator.manager.manager:> Current state
INFO:state_machine_operator.manager.manager:  > nodes / step                1 
INFO:state_machine_operator.manager.manager:  > jobs needed                 10 
INFO:state_machine_operator.manager.manager:  > nodes allowed               6 
INFO:state_machine_operator.manager.manager:  > jobs allowed                6

INFO:state_machine_operator.manager.manager:> Workflow progress
INFO:state_machine_operator.manager.manager:  > Completions                 0
INFO:state_machine_operator.manager.manager:  > In progress                 6
INFO:state_machine_operator.manager.manager:  > New job sequences submit    0 
INFO:state_machine_operator.manager.manager:
> 🌀 Starting step mlrunner
INFO:state_machine_operator.manager.manager:> Workflow needs
INFO:state_machine_operator.manager.manager:  > total completions           10 
INFO:state_machine_operator.manager.manager:  > max nodes allowed use       6

INFO:state_machine_operator.manager.manager:> Current state
INFO:state_machine_operator.manager.manager:  > nodes / step                1 
INFO:state_machine_operator.manager.manager:  > jobs needed                 10 
INFO:state_machine_operator.manager.manager:  > nodes allowed               6 
INFO:state_machine_operator.manager.manager:  > jobs allowed                6

INFO:state_machine_operator.manager.manager:> Workflow progress
INFO:state_machine_operator.manager.manager:  > Completions                 0
INFO:state_machine_operator.manager.manager:  > In progress                 6
INFO:state_machine_operator.manager.manager:  > New job sequences submit    0 
INFO:state_machine_operator.manager.manager:
> 🌀 Starting step mlrunner
INFO:state_machine_operator.manager.manager:> Workflow needs
INFO:state_machine_operator.manager.manager:  > total completions           10 
INFO:state_machine_operator.manager.manager:  > max nodes allowed use       6

INFO:state_machine_operator.manager.manager:> Current state
INFO:state_machine_operator.manager.manager:  > nodes / step                1 
INFO:state_machine_operator.manager.manager:  > jobs needed                 10 
INFO:state_machine_operator.manager.manager:  > nodes allowed               6 
INFO:state_machine_operator.manager.manager:  > jobs allowed                6

INFO:state_machine_operator.manager.manager:> Workflow progress
INFO:state_machine_operator.manager.manager:  > Completions                 0
INFO:state_machine_operator.manager.manager:  > In progress                 6
INFO:state_machine_operator.manager.manager:  > New job sequences submit    0 
INFO:state_machine_operator.manager.manager:
> 🌀 Starting step mlrunner
INFO:state_machine_operator.manager.manager:> Workflow needs
INFO:state_machine_operator.manager.manager:  > total completions           10 
INFO:state_machine_operator.manager.manager:  > max nodes allowed use       6

INFO:state_machine_operator.manager.manager:> Current state
INFO:state_machine_operator.manager.manager:  > nodes / step                1 
INFO:state_machine_operator.manager.manager:  > jobs needed                 10 
INFO:state_machine_operator.manager.manager:  > nodes allowed               6 
INFO:state_machine_operator.manager.manager:  > jobs allowed                6

INFO:state_machine_operator.manager.manager:> Workflow progress
INFO:state_machine_operator.manager.manager:  > Completions                 0
INFO:state_machine_operator.manager.manager:  > In progress                 6
INFO:state_machine_operator.manager.manager:  > New job sequences submit    0 
INFO:state_machine_operator.manager.manager:
> 🌀 Starting step mlrunner
INFO:state_machine_operator.manager.manager:> Workflow needs
INFO:state_machine_operator.manager.manager:  > total completions           10 
INFO:state_machine_operator.manager.manager:  > max nodes allowed use       6

INFO:state_machine_operator.manager.manager:> Current state
INFO:state_machine_operator.manager.manager:  > nodes / step                1 
INFO:state_machine_operator.manager.manager:  > jobs needed                 10 
INFO:state_machine_operator.manager.manager:  > nodes allowed               6 
INFO:state_machine_operator.manager.manager:  > jobs allowed                6

INFO:state_machine_operator.manager.manager:> Workflow progress
INFO:state_machine_operator.manager.manager:  > Completions                 0
INFO:state_machine_operator.manager.manager:  > In progress                 6
INFO:state_machine_operator.manager.manager:  > New job sequences submit    0 
INFO:state_machine_operator.manager.manager:
> 🌀 Starting step mlrunner
INFO:state_machine_operator.manager.manager:> Workflow needs
INFO:state_machine_operator.manager.manager:  > total completions           10 
INFO:state_machine_operator.manager.manager:  > max nodes allowed use       6

INFO:state_machine_operator.manager.manager:> Current state
INFO:state_machine_operator.manager.manager:  > nodes / step                1 
INFO:state_machine_operator.manager.manager:  > jobs needed                 10 
INFO:state_machine_operator.manager.manager:  > nodes allowed               6 
INFO:state_machine_operator.manager.manager:  > jobs allowed                6

INFO:state_machine_operator.manager.manager:> Workflow progress
INFO:state_machine_operator.manager.manager:  > Completions                 0
INFO:state_machine_operator.manager.manager:  > In progress                 6
INFO:state_machine_operator.manager.manager:  > New job sequences submit    0 
INFO:state_machine_operator.manager.manager:
> 🌀 Starting step mlrunner
INFO:state_machine_operator.manager.manager:> Workflow needs
INFO:state_machine_operator.manager.manager:  > total completions           10 
INFO:state_machine_operator.manager.manager:  > max nodes allowed use       6

INFO:state_machine_operator.manager.manager:> Current state
INFO:state_machine_operator.manager.manager:  > nodes / step                1 
INFO:state_machine_operator.manager.manager:  > jobs needed                 10 
INFO:state_machine_operator.manager.manager:  > nodes allowed               6 
INFO:state_machine_operator.manager.manager:  > jobs allowed                6

INFO:state_machine_operator.manager.manager:> Workflow progress
INFO:state_machine_operator.manager.manager:  > Completions                 0
INFO:state_machine_operator.manager.manager:  > In progress                 6
INFO:state_machine_operator.manager.manager:  > New job sequences submit    0 
INFO:state_machine_operator.manager.manager:
> 🌀 Starting step mlrunner
INFO:state_machine_operator.manager.manager:> Workflow needs
INFO:state_machine_operator.manager.manager:  > total completions           10 
INFO:state_machine_operator.manager.manager:  > max nodes allowed use       6

INFO:state_machine_operator.manager.manager:> Current state
INFO:state_machine_operator.manager.manager:  > nodes / step                1 
INFO:state_machine_operator.manager.manager:  > jobs needed                 10 
INFO:state_machine_operator.manager.manager:  > nodes allowed               6 
INFO:state_machine_operator.manager.manager:  > jobs allowed                6

INFO:state_machine_operator.manager.manager:> Workflow progress
INFO:state_machine_operator.manager.manager:  > Completions                 0
INFO:state_machine_operator.manager.manager:  > In progress                 6
INFO:state_machine_operator.manager.manager:  > New job sequences submit    0 
INFO:state_machine_operator.manager.manager:
> 🌀 Starting step mlrunner
INFO:state_machine_operator.manager.manager:> Workflow needs
INFO:state_machine_operator.manager.manager:  > total completions           10 
INFO:state_machine_operator.manager.manager:  > max nodes allowed use       6

INFO:state_machine_operator.manager.manager:> Current state
INFO:state_machine_operator.manager.manager:  > nodes / step                1 
INFO:state_machine_operator.manager.manager:  > jobs needed                 10 
INFO:state_machine_operator.manager.manager:  > nodes allowed               6 
INFO:state_machine_operator.manager.manager:  > jobs allowed                6

INFO:state_machine_operator.manager.manager:> Workflow progress
INFO:state_machine_operator.manager.manager:  > Completions                 0
INFO:state_machine_operator.manager.manager:  > In progress                 6
INFO:state_machine_operator.manager.manager:  > New job sequences submit    0 
INFO:state_machine_operator.manager.manager:
> 🌀 Starting step mlrunner
INFO:state_machine_operator.manager.manager:> Workflow needs
INFO:state_machine_operator.manager.manager:  > total completions           10 
INFO:state_machine_operator.manager.manager:  > max nodes allowed use       6

INFO:state_machine_operator.manager.manager:> Current state
INFO:state_machine_operator.manager.manager:  > nodes / step                1 
INFO:state_machine_operator.manager.manager:  > jobs needed                 10 
INFO:state_machine_operator.manager.manager:  > nodes allowed               6 
INFO:state_machine_operator.manager.manager:  > jobs allowed                6

INFO:state_machine_operator.manager.manager:> Workflow progress
INFO:state_machine_operator.manager.manager:  > Completions                 0
INFO:state_machine_operator.manager.manager:  > In progress                 5
INFO:state_machine_operator.manager.manager:  > New job sequences submit    1 
INFO:state_machine_operator.manager.manager:
> 🌀 Starting step mlrunner
INFO:state_machine_operator.manager.manager:> Workflow needs
INFO:state_machine_operator.manager.manager:  > total completions           10 
INFO:state_machine_operator.manager.manager:  > max nodes allowed use       6

INFO:state_machine_operator.manager.manager:> Current state
INFO:state_machine_operator.manager.manager:  > nodes / step                1 
INFO:state_machine_operator.manager.manager:  > jobs needed                 10 
INFO:state_machine_operator.manager.manager:  > nodes allowed               6 
INFO:state_machine_operator.manager.manager:  > jobs allowed                6

INFO:state_machine_operator.manager.manager:> Workflow progress
INFO:state_machine_operator.manager.manager:  > Completions                 0
INFO:state_machine_operator.manager.manager:  > In progress                 6
INFO:state_machine_operator.manager.manager:  > New job sequences submit    0 
INFO:state_machine_operator.manager.manager:
> 🌀 Starting step mlrunner
INFO:state_machine_operator.manager.manager:> Workflow needs
INFO:state_machine_operator.manager.manager:  > total completions           10 
INFO:state_machine_operator.manager.manager:  > max nodes allowed use       6

INFO:state_machine_operator.manager.manager:> Current state
INFO:state_machine_operator.manager.manager:  > nodes / step                1 
INFO:state_machine_operator.manager.manager:  > jobs needed                 10 
INFO:state_machine_operator.manager.manager:  > nodes allowed               6 
INFO:state_machine_operator.manager.manager:  > jobs allowed                6

INFO:state_machine_operator.manager.manager:> Workflow progress
INFO:state_machine_operator.manager.manager:  > Completions                 0
INFO:state_machine_operator.manager.manager:  > In progress                 6
INFO:state_machine_operator.manager.manager:  > New job sequences submit    0 
INFO:state_machine_operator.manager.manager:
> 🌀 Starting step mlrunner
INFO:state_machine_operator.manager.manager:> Workflow needs
INFO:state_machine_operator.manager.manager:  > total completions           10 
INFO:state_machine_operator.manager.manager:  > max nodes allowed use       6

INFO:state_machine_operator.manager.manager:> Current state
INFO:state_machine_operator.manager.manager:  > nodes / step                1 
INFO:state_machine_operator.manager.manager:  > jobs needed                 10 
INFO:state_machine_operator.manager.manager:  > nodes allowed               6 
INFO:state_machine_operator.manager.manager:  > jobs allowed                6

INFO:state_machine_operator.manager.manager:> Workflow progress
INFO:state_machine_operator.manager.manager:  > Completions                 0
INFO:state_machine_operator.manager.manager:  > In progress                 6
INFO:state_machine_operator.manager.manager:  > New job sequences submit    0 
INFO:state_machine_operator.manager.manager:
> 🌀 Starting step mlrunner
INFO:state_machine_operator.manager.manager:> Workflow needs
INFO:state_machine_operator.manager.manager:  > total completions           10 
INFO:state_machine_operator.manager.manager:  > max nodes allowed use       6

INFO:state_machine_operator.manager.manager:> Current state
INFO:state_machine_operator.manager.manager:  > nodes / step                1 
INFO:state_machine_operator.manager.manager:  > jobs needed                 10 
INFO:state_machine_operator.manager.manager:  > nodes allowed               6 
INFO:state_machine_operator.manager.manager:  > jobs allowed                6

INFO:state_machine_operator.manager.manager:> Workflow progress
INFO:state_machine_operator.manager.manager:  > Completions                 0
INFO:state_machine_operator.manager.manager:  > In progress                 6
INFO:state_machine_operator.manager.manager:  > New job sequences submit    0 
INFO:state_machine_operator.manager.manager:
> 🌀 Starting step mlrunner
INFO:state_machine_operator.manager.manager:> Workflow needs
INFO:state_machine_operator.manager.manager:  > total completions           10 
INFO:state_machine_operator.manager.manager:  > max nodes allowed use       6

INFO:state_machine_operator.manager.manager:> Current state
INFO:state_machine_operator.manager.manager:  > nodes / step                1 
INFO:state_machine_operator.manager.manager:  > jobs needed                 10 
INFO:state_machine_operator.manager.manager:  > nodes allowed               6 
INFO:state_machine_operator.manager.manager:  > jobs allowed                6

INFO:state_machine_operator.manager.manager:> Workflow progress
INFO:state_machine_operator.manager.manager:  > Completions                 0
INFO:state_machine_operator.manager.manager:  > In progress                 6
INFO:state_machine_operator.manager.manager:  > New job sequences submit    0 
INFO:state_machine_operator.manager.manager:
> 🌀 Starting step mlrunner
INFO:state_machine_operator.manager.manager:> Workflow needs
INFO:state_machine_operator.manager.manager:  > total completions           10 
INFO:state_machine_operator.manager.manager:  > max nodes allowed use       6

INFO:state_machine_operator.manager.manager:> Current state
INFO:state_machine_operator.manager.manager:  > nodes / step                1 
INFO:state_machine_operator.manager.manager:  > jobs needed                 10 
INFO:state_machine_operator.manager.manager:  > nodes allowed               6 
INFO:state_machine_operator.manager.manager:  > jobs allowed                6

INFO:state_machine_operator.manager.manager:> Workflow progress
INFO:state_machine_operator.manager.manager:  > Completions                 0
INFO:state_machine_operator.manager.manager:  > In progress                 6
INFO:state_machine_operator.manager.manager:  > New job sequences submit    0 
INFO:state_machine_operator.manager.manager:
> 🌀 Starting step mlrunner
INFO:state_machine_operator.manager.manager:> Workflow needs
INFO:state_machine_operator.manager.manager:  > total completions           10 
INFO:state_machine_operator.manager.manager:  > max nodes allowed use       6

INFO:state_machine_operator.manager.manager:> Current state
INFO:state_machine_operator.manager.manager:  > nodes / step                1 
INFO:state_machine_operator.manager.manager:  > jobs needed                 10 
INFO:state_machine_operator.manager.manager:  > nodes allowed               6 
INFO:state_machine_operator.manager.manager:  > jobs allowed                6

INFO:state_machine_operator.manager.manager:> Workflow progress
INFO:state_machine_operator.manager.manager:  > Completions                 0
INFO:state_machine_operator.manager.manager:  > In progress                 6
INFO:state_machine_operator.manager.manager:  > New job sequences submit    0 
INFO:state_machine_operator.manager.manager:
> 🌀 Starting step mlrunner
INFO:state_machine_operator.manager.manager:> Workflow needs
INFO:state_machine_operator.manager.manager:  > total completions           10 
INFO:state_machine_operator.manager.manager:  > max nodes allowed use       6

INFO:state_machine_operator.manager.manager:> Current state
INFO:state_machine_operator.manager.manager:  > nodes / step                1 
INFO:state_machine_operator.manager.manager:  > jobs needed                 10 
INFO:state_machine_operator.manager.manager:  > nodes allowed               6 
INFO:state_machine_operator.manager.manager:  > jobs allowed                6

INFO:state_machine_operator.manager.manager:> Workflow progress
INFO:state_machine_operator.manager.manager:  > Completions                 0
INFO:state_machine_operator.manager.manager:  > In progress                 6
INFO:state_machine_operator.manager.manager:  > New job sequences submit    0 
INFO:state_machine_operator.manager.manager:
> 🌀 Starting step mlrunner
INFO:state_machine_operator.manager.manager:> Workflow needs
INFO:state_machine_operator.manager.manager:  > total completions           10 
INFO:state_machine_operator.manager.manager:  > max nodes allowed use       6

INFO:state_machine_operator.manager.manager:> Current state
INFO:state_machine_operator.manager.manager:  > nodes / step                1 
INFO:state_machine_operator.manager.manager:  > jobs needed                 10 
INFO:state_machine_operator.manager.manager:  > nodes allowed               6 
INFO:state_machine_operator.manager.manager:  > jobs allowed                6

INFO:state_machine_operator.manager.manager:> Workflow progress
INFO:state_machine_operator.manager.manager:  > Completions                 0
INFO:state_machine_operator.manager.manager:  > In progress                 6
INFO:state_machine_operator.manager.manager:  > New job sequences submit    0 
INFO:state_machine_operator.manager.manager:
> 🌀 Starting step mlrunner
INFO:state_machine_operator.manager.manager:> Workflow needs
INFO:state_machine_operator.manager.manager:  > total completions           10 
INFO:state_machine_operator.manager.manager:  > max nodes allowed use       6

INFO:state_machine_operator.manager.manager:> Current state
INFO:state_machine_operator.manager.manager:  > nodes / step                1 
INFO:state_machine_operator.manager.manager:  > jobs needed                 10 
INFO:state_machine_operator.manager.manager:  > nodes allowed               6 
INFO:state_machine_operator.manager.manager:  > jobs allowed                6

INFO:state_machine_operator.manager.manager:> Workflow progress
INFO:state_machine_operator.manager.manager:  > Completions                 0
INFO:state_machine_operator.manager.manager:  > In progress                 6
INFO:state_machine_operator.manager.manager:  > New job sequences submit    0 
INFO:state_machine_operator.manager.manager:
> 🌀 Starting step mlrunner
INFO:state_machine_operator.manager.manager:> Workflow needs
INFO:state_machine_operator.manager.manager:  > total completions           10 
INFO:state_machine_operator.manager.manager:  > max nodes allowed use       6

INFO:state_machine_operator.manager.manager:> Current state
INFO:state_machine_operator.manager.manager:  > nodes / step                1 
INFO:state_machine_operator.manager.manager:  > jobs needed                 10 
INFO:state_machine_operator.manager.manager:  > nodes allowed               6 
INFO:state_machine_operator.manager.manager:  > jobs allowed                6

INFO:state_machine_operator.manager.manager:> Workflow progress
INFO:state_machine_operator.manager.manager:  > Completions                 0
INFO:state_machine_operator.manager.manager:  > In progress                 6
INFO:state_machine_operator.manager.manager:  > New job sequences submit    0 
INFO:state_machine_operator.manager.manager:
> 🌀 Starting step mlrunner
INFO:state_machine_operator.manager.manager:> Workflow needs
INFO:state_machine_operator.manager.manager:  > total completions           10 
INFO:state_machine_operator.manager.manager:  > max nodes allowed use       6

INFO:state_machine_operator.manager.manager:> Current state
INFO:state_machine_operator.manager.manager:  > nodes / step                1 
INFO:state_machine_operator.manager.manager:  > jobs needed                 10 
INFO:state_machine_operator.manager.manager:  > nodes allowed               6 
INFO:state_machine_operator.manager.manager:  > jobs allowed                6

INFO:state_machine_operator.manager.manager:> Workflow progress
INFO:state_machine_operator.manager.manager:  > Completions                 0
INFO:state_machine_operator.manager.manager:  > In progress                 6
INFO:state_machine_operator.manager.manager:  > New job sequences submit    0 
INFO:state_machine_operator.manager.manager:
> 🌀 Starting step mlrunner
INFO:state_machine_operator.manager.manager:> Workflow needs
INFO:state_machine_operator.manager.manager:  > total completions           10 
INFO:state_machine_operator.manager.manager:  > max nodes allowed use       6

INFO:state_machine_operator.manager.manager:> Current state
INFO:state_machine_operator.manager.manager:  > nodes / step                1 
INFO:state_machine_operator.manager.manager:  > jobs needed                 10 
INFO:state_machine_operator.manager.manager:  > nodes allowed               6 
INFO:state_machine_operator.manager.manager:  > jobs allowed                6

INFO:state_machine_operator.manager.manager:> Workflow progress
INFO:state_machine_operator.manager.manager:  > Completions                 0
INFO:state_machine_operator.manager.manager:  > In progress                 6
INFO:state_machine_operator.manager.manager:  > New job sequences submit    0 
INFO:state_machine_operator.manager.manager:
> 🌀 Starting step mlrunner
INFO:state_machine_operator.manager.manager:> Workflow needs
INFO:state_machine_operator.manager.manager:  > total completions           10 
INFO:state_machine_operator.manager.manager:  > max nodes allowed use       6

INFO:state_machine_operator.manager.manager:> Current state
INFO:state_machine_operator.manager.manager:  > nodes / step                1 
INFO:state_machine_operator.manager.manager:  > jobs needed                 10 
INFO:state_machine_operator.manager.manager:  > nodes allowed               6 
INFO:state_machine_operator.manager.manager:  > jobs allowed                6

INFO:state_machine_operator.manager.manager:> Workflow progress
INFO:state_machine_operator.manager.manager:  > Completions                 0
INFO:state_machine_operator.manager.manager:  > In progress                 6
INFO:state_machine_operator.manager.manager:  > New job sequences submit    0 
INFO:state_machine_operator.manager.manager:
> 🌀 Starting step mlrunner
INFO:state_machine_operator.manager.manager:> Workflow needs
INFO:state_machine_operator.manager.manager:  > total completions           10 
INFO:state_machine_operator.manager.manager:  > max nodes allowed use       6

INFO:state_machine_operator.manager.manager:> Current state
INFO:state_machine_operator.manager.manager:  > nodes / step                1 
INFO:state_machine_operator.manager.manager:  > jobs needed                 10 
INFO:state_machine_operator.manager.manager:  > nodes allowed               6 
INFO:state_machine_operator.manager.manager:  > jobs allowed                6

INFO:state_machine_operator.manager.manager:> Workflow progress
INFO:state_machine_operator.manager.manager:  > Completions                 0
INFO:state_machine_operator.manager.manager:  > In progress                 6
INFO:state_machine_operator.manager.manager:  > New job sequences submit    0 
INFO:state_machine_operator.manager.manager:
> 🌀 Starting step mlrunner
INFO:state_machine_operator.manager.manager:> Workflow needs
INFO:state_machine_operator.manager.manager:  > total completions           10 
INFO:state_machine_operator.manager.manager:  > max nodes allowed use       6

INFO:state_machine_operator.manager.manager:> Current state
INFO:state_machine_operator.manager.manager:  > nodes / step                1 
INFO:state_machine_operator.manager.manager:  > jobs needed                 10 
INFO:state_machine_operator.manager.manager:  > nodes allowed               6 
INFO:state_machine_operator.manager.manager:  > jobs allowed                6

INFO:state_machine_operator.manager.manager:> Workflow progress
INFO:state_machine_operator.manager.manager:  > Completions                 0
INFO:state_machine_operator.manager.manager:  > In progress                 6
INFO:state_machine_operator.manager.manager:  > New job sequences submit    0 
INFO:state_machine_operator.manager.manager:
> 🌀 Starting step mlrunner
INFO:state_machine_operator.manager.manager:> Workflow needs
INFO:state_machine_operator.manager.manager:  > total completions           10 
INFO:state_machine_operator.manager.manager:  > max nodes allowed use       6

INFO:state_machine_operator.manager.manager:> Current state
INFO:state_machine_operator.manager.manager:  > nodes / step                1 
INFO:state_machine_operator.manager.manager:  > jobs needed                 10 
INFO:state_machine_operator.manager.manager:  > nodes allowed               6 
INFO:state_machine_operator.manager.manager:  > jobs allowed                6

INFO:state_machine_operator.manager.manager:> Workflow progress
INFO:state_machine_operator.manager.manager:  > Completions                 0
INFO:state_machine_operator.manager.manager:  > In progress                 6
INFO:state_machine_operator.manager.manager:  > New job sequences submit    0 
INFO:state_machine_operator.manager.manager:
> 🌀 Starting step mlrunner
INFO:state_machine_operator.manager.manager:> Workflow needs
INFO:state_machine_operator.manager.manager:  > total completions           10 
INFO:state_machine_operator.manager.manager:  > max nodes allowed use       6

INFO:state_machine_operator.manager.manager:> Current state
INFO:state_machine_operator.manager.manager:  > nodes / step                1 
INFO:state_machine_operator.manager.manager:  > jobs needed                 10 
INFO:state_machine_operator.manager.manager:  > nodes allowed               6 
INFO:state_machine_operator.manager.manager:  > jobs allowed                6

INFO:state_machine_operator.manager.manager:> Workflow progress
INFO:state_machine_operator.manager.manager:  > Completions                 0
INFO:state_machine_operator.manager.manager:  > In progress                 6
INFO:state_machine_operator.manager.manager:  > New job sequences submit    0 
INFO:state_machine_operator.manager.manager:
> 🌀 Starting step mlrunner
INFO:state_machine_operator.manager.manager:> Workflow needs
INFO:state_machine_operator.manager.manager:  > total completions           10 
INFO:state_machine_operator.manager.manager:  > max nodes allowed use       6

INFO:state_machine_operator.manager.manager:> Current state
INFO:state_machine_operator.manager.manager:  > nodes / step                1 
INFO:state_machine_operator.manager.manager:  > jobs needed                 10 
INFO:state_machine_operator.manager.manager:  > nodes allowed               6 
INFO:state_machine_operator.manager.manager:  > jobs allowed                6

INFO:state_machine_operator.manager.manager:> Workflow progress
INFO:state_machine_operator.manager.manager:  > Completions                 0
INFO:state_machine_operator.manager.manager:  > In progress                 6
INFO:state_machine_operator.manager.manager:  > New job sequences submit    0 
INFO:state_machine_operator.manager.manager:
> 🌀 Starting step mlrunner
INFO:state_machine_operator.manager.manager:> Workflow needs
INFO:state_machine_operator.manager.manager:  > total completions           10 
INFO:state_machine_operator.manager.manager:  > max nodes allowed use       6

INFO:state_machine_operator.manager.manager:> Current state
INFO:state_machine_operator.manager.manager:  > nodes / step                1 
INFO:state_machine_operator.manager.manager:  > jobs needed                 10 
INFO:state_machine_operator.manager.manager:  > nodes allowed               6 
INFO:state_machine_operator.manager.manager:  > jobs allowed                6

INFO:state_machine_operator.manager.manager:> Workflow progress
INFO:state_machine_operator.manager.manager:  > Completions                 0
INFO:state_machine_operator.manager.manager:  > In progress                 6
INFO:state_machine_operator.manager.manager:  > New job sequences submit    0 
INFO:state_machine_operator.manager.manager:
> 🌀 Starting step mlrunner
INFO:state_machine_operator.manager.manager:> Workflow needs
INFO:state_machine_operator.manager.manager:  > total completions           10 
INFO:state_machine_operator.manager.manager:  > max nodes allowed use       6

INFO:state_machine_operator.manager.manager:> Current state
INFO:state_machine_operator.manager.manager:  > nodes / step                1 
INFO:state_machine_operator.manager.manager:  > jobs needed                 10 
INFO:state_machine_operator.manager.manager:  > nodes allowed               6 
INFO:state_machine_operator.manager.manager:  > jobs allowed                6

INFO:state_machine_operator.manager.manager:> Workflow progress
INFO:state_machine_operator.manager.manager:  > Completions                 0
INFO:state_machine_operator.manager.manager:  > In progress                 6
INFO:state_machine_operator.manager.manager:  > New job sequences submit    0 
INFO:state_machine_operator.manager.manager:
> 🌀 Starting step mlrunner
INFO:state_machine_operator.manager.manager:> Workflow needs
INFO:state_machine_operator.manager.manager:  > total completions           10 
INFO:state_machine_operator.manager.manager:  > max nodes allowed use       6

INFO:state_machine_operator.manager.manager:> Current state
INFO:state_machine_operator.manager.manager:  > nodes / step                1 
INFO:state_machine_operator.manager.manager:  > jobs needed                 10 
INFO:state_machine_operator.manager.manager:  > nodes allowed               6 
INFO:state_machine_operator.manager.manager:  > jobs allowed                6

INFO:state_machine_operator.manager.manager:> Workflow progress
INFO:state_machine_operator.manager.manager:  > Completions                 0
INFO:state_machine_operator.manager.manager:  > In progress                 6
INFO:state_machine_operator.manager.manager:  > New job sequences submit    0 
INFO:state_machine_operator.manager.manager:
> 🌀 Starting step mlrunner
INFO:state_machine_operator.manager.manager:> Workflow needs
INFO:state_machine_operator.manager.manager:  > total completions           10 
INFO:state_machine_operator.manager.manager:  > max nodes allowed use       6

INFO:state_machine_operator.manager.manager:> Current state
INFO:state_machine_operator.manager.manager:  > nodes / step                1 
INFO:state_machine_operator.manager.manager:  > jobs needed                 10 
INFO:state_machine_operator.manager.manager:  > nodes allowed               6 
INFO:state_machine_operator.manager.manager:  > jobs allowed                6

INFO:state_machine_operator.manager.manager:> Workflow progress
INFO:state_machine_operator.manager.manager:  > Completions                 0
INFO:state_machine_operator.manager.manager:  > In progress                 6
INFO:state_machine_operator.manager.manager:  > New job sequences submit    0 
INFO:state_machine_operator.manager.manager:
> 🌀 Starting step mlrunner
INFO:state_machine_operator.manager.manager:> Workflow needs
INFO:state_machine_operator.manager.manager:  > total completions           10 
INFO:state_machine_operator.manager.manager:  > max nodes allowed use       6

INFO:state_machine_operator.manager.manager:> Current state
INFO:state_machine_operator.manager.manager:  > nodes / step                1 
INFO:state_machine_operator.manager.manager:  > jobs needed                 9 
INFO:state_machine_operator.manager.manager:  > nodes allowed               6 
INFO:state_machine_operator.manager.manager:  > jobs allowed                6

INFO:state_machine_operator.manager.manager:> Workflow progress
INFO:state_machine_operator.manager.manager:  > Completions                 1
INFO:state_machine_operator.manager.manager:  > In progress                 5
INFO:state_machine_operator.manager.manager:  > New job sequences submit    1 
INFO:state_machine_operator.manager.manager:
> 🌀 Starting step mlrunner
INFO:state_machine_operator.manager.manager:> Workflow needs
INFO:state_machine_operator.manager.manager:  > total completions           10 
INFO:state_machine_operator.manager.manager:  > max nodes allowed use       6

INFO:state_machine_operator.manager.manager:> Current state
INFO:state_machine_operator.manager.manager:  > nodes / step                1 
INFO:state_machine_operator.manager.manager:  > jobs needed                 9 
INFO:state_machine_operator.manager.manager:  > nodes allowed               6 
INFO:state_machine_operator.manager.manager:  > jobs allowed                6

INFO:state_machine_operator.manager.manager:> Workflow progress
INFO:state_machine_operator.manager.manager:  > Completions                 1
INFO:state_machine_operator.manager.manager:  > In progress                 6
INFO:state_machine_operator.manager.manager:  > New job sequences submit    0 
INFO:state_machine_operator.manager.manager:
> 🌀 Starting step mlrunner
INFO:state_machine_operator.manager.manager:> Workflow needs
INFO:state_machine_operator.manager.manager:  > total completions           10 
INFO:state_machine_operator.manager.manager:  > max nodes allowed use       6

INFO:state_machine_operator.manager.manager:> Current state
INFO:state_machine_operator.manager.manager:  > nodes / step                1 
INFO:state_machine_operator.manager.manager:  > jobs needed                 9 
INFO:state_machine_operator.manager.manager:  > nodes allowed               6 
INFO:state_machine_operator.manager.manager:  > jobs allowed                6

INFO:state_machine_operator.manager.manager:> Workflow progress
INFO:state_machine_operator.manager.manager:  > Completions                 1
INFO:state_machine_operator.manager.manager:  > In progress                 6
INFO:state_machine_operator.manager.manager:  > New job sequences submit    0 
INFO:state_machine_operator.manager.manager:
> 🌀 Starting step mlrunner
INFO:state_machine_operator.manager.manager:> Workflow needs
INFO:state_machine_operator.manager.manager:  > total completions           10 
INFO:state_machine_operator.manager.manager:  > max nodes allowed use       6

INFO:state_machine_operator.manager.manager:> Current state
INFO:state_machine_operator.manager.manager:  > nodes / step                1 
INFO:state_machine_operator.manager.manager:  > jobs needed                 8 
INFO:state_machine_operator.manager.manager:  > nodes allowed               6 
INFO:state_machine_operator.manager.manager:  > jobs allowed                6

INFO:state_machine_operator.manager.manager:> Workflow progress
INFO:state_machine_operator.manager.manager:  > Completions                 2
INFO:state_machine_operator.manager.manager:  > In progress                 5
INFO:state_machine_operator.manager.manager:  > New job sequences submit    1 
INFO:state_machine_operator.manager.manager:
> 🌀 Starting step mlrunner
INFO:state_machine_operator.manager.manager:> Workflow needs
INFO:state_machine_operator.manager.manager:  > total completions           10 
INFO:state_machine_operator.manager.manager:  > max nodes allowed use       6

INFO:state_machine_operator.manager.manager:> Current state
INFO:state_machine_operator.manager.manager:  > nodes / step                1 
INFO:state_machine_operator.manager.manager:  > jobs needed                 8 
INFO:state_machine_operator.manager.manager:  > nodes allowed               6 
INFO:state_machine_operator.manager.manager:  > jobs allowed                6

INFO:state_machine_operator.manager.manager:> Workflow progress
INFO:state_machine_operator.manager.manager:  > Completions                 2
INFO:state_machine_operator.manager.manager:  > In progress                 6
INFO:state_machine_operator.manager.manager:  > New job sequences submit    0 
INFO:state_machine_operator.manager.manager:
> 🌀 Starting step mlrunner
INFO:state_machine_operator.manager.manager:> Workflow needs
INFO:state_machine_operator.manager.manager:  > total completions           10 
INFO:state_machine_operator.manager.manager:  > max nodes allowed use       6

INFO:state_machine_operator.manager.manager:> Current state
INFO:state_machine_operator.manager.manager:  > nodes / step                1 
INFO:state_machine_operator.manager.manager:  > jobs needed                 8 
INFO:state_machine_operator.manager.manager:  > nodes allowed               6 
INFO:state_machine_operator.manager.manager:  > jobs allowed                6

INFO:state_machine_operator.manager.manager:> Workflow progress
INFO:state_machine_operator.manager.manager:  > Completions                 2
INFO:state_machine_operator.manager.manager:  > In progress                 6
INFO:state_machine_operator.manager.manager:  > New job sequences submit    0 
INFO:state_machine_operator.manager.manager:
> 🌀 Starting step mlrunner
INFO:state_machine_operator.manager.manager:> Workflow needs
INFO:state_machine_operator.manager.manager:  > total completions           10 
INFO:state_machine_operator.manager.manager:  > max nodes allowed use       6

INFO:state_machine_operator.manager.manager:> Current state
INFO:state_machine_operator.manager.manager:  > nodes / step                1 
INFO:state_machine_operator.manager.manager:  > jobs needed                 7 
INFO:state_machine_operator.manager.manager:  > nodes allowed               6 
INFO:state_machine_operator.manager.manager:  > jobs allowed                6

INFO:state_machine_operator.manager.manager:> Workflow progress
INFO:state_machine_operator.manager.manager:  > Completions                 3
INFO:state_machine_operator.manager.manager:  > In progress                 5
INFO:state_machine_operator.manager.manager:  > New job sequences submit    1 
INFO:state_machine_operator.manager.manager:
> 🌀 Starting step mlrunner
INFO:state_machine_operator.manager.manager:> Workflow needs
INFO:state_machine_operator.manager.manager:  > total completions           10 
INFO:state_machine_operator.manager.manager:  > max nodes allowed use       6

INFO:state_machine_operator.manager.manager:> Current state
INFO:state_machine_operator.manager.manager:  > nodes / step                1 
INFO:state_machine_operator.manager.manager:  > jobs needed                 7 
INFO:state_machine_operator.manager.manager:  > nodes allowed               6 
INFO:state_machine_operator.manager.manager:  > jobs allowed                6

INFO:state_machine_operator.manager.manager:> Workflow progress
INFO:state_machine_operator.manager.manager:  > Completions                 3
INFO:state_machine_operator.manager.manager:  > In progress                 6
INFO:state_machine_operator.manager.manager:  > New job sequences submit    0 
INFO:state_machine_operator.manager.manager:
> 🌀 Starting step mlrunner
INFO:state_machine_operator.manager.manager:> Workflow needs
INFO:state_machine_operator.manager.manager:  > total completions           10 
INFO:state_machine_operator.manager.manager:  > max nodes allowed use       6

INFO:state_machine_operator.manager.manager:> Current state
INFO:state_machine_operator.manager.manager:  > nodes / step                1 
INFO:state_machine_operator.manager.manager:  > jobs needed                 7 
INFO:state_machine_operator.manager.manager:  > nodes allowed               6 
INFO:state_machine_operator.manager.manager:  > jobs allowed                6

INFO:state_machine_operator.manager.manager:> Workflow progress
INFO:state_machine_operator.manager.manager:  > Completions                 3
INFO:state_machine_operator.manager.manager:  > In progress                 6
INFO:state_machine_operator.manager.manager:  > New job sequences submit    0 
INFO:state_machine_operator.manager.manager:
> 🌀 Starting step mlrunner
INFO:state_machine_operator.manager.manager:> Workflow needs
INFO:state_machine_operator.manager.manager:  > total completions           10 
INFO:state_machine_operator.manager.manager:  > max nodes allowed use       6

INFO:state_machine_operator.manager.manager:> Current state
INFO:state_machine_operator.manager.manager:  > nodes / step                1 
INFO:state_machine_operator.manager.manager:  > jobs needed                 6 
INFO:state_machine_operator.manager.manager:  > nodes allowed               6 
INFO:state_machine_operator.manager.manager:  > jobs allowed                6

INFO:state_machine_operator.manager.manager:> Workflow progress
INFO:state_machine_operator.manager.manager:  > Completions                 4
INFO:state_machine_operator.manager.manager:  > In progress                 5
INFO:state_machine_operator.manager.manager:  > New job sequences submit    1 
INFO:state_machine_operator.manager.manager:
> 🌀 Starting step mlrunner
INFO:state_machine_operator.manager.manager:> Workflow needs
INFO:state_machine_operator.manager.manager:  > total completions           10 
INFO:state_machine_operator.manager.manager:  > max nodes allowed use       6

INFO:state_machine_operator.manager.manager:> Current state
INFO:state_machine_operator.manager.manager:  > nodes / step                1 
INFO:state_machine_operator.manager.manager:  > jobs needed                 6 
INFO:state_machine_operator.manager.manager:  > nodes allowed               6 
INFO:state_machine_operator.manager.manager:  > jobs allowed                6

INFO:state_machine_operator.manager.manager:> Workflow progress
INFO:state_machine_operator.manager.manager:  > Completions                 4
INFO:state_machine_operator.manager.manager:  > In progress                 6
INFO:state_machine_operator.manager.manager:  > New job sequences submit    0 
INFO:state_machine_operator.manager.manager:
> 🌀 Starting step mlrunner
INFO:state_machine_operator.manager.manager:> Workflow needs
INFO:state_machine_operator.manager.manager:  > total completions           10 
INFO:state_machine_operator.manager.manager:  > max nodes allowed use       6

INFO:state_machine_operator.manager.manager:> Current state
INFO:state_machine_operator.manager.manager:  > nodes / step                1 
INFO:state_machine_operator.manager.manager:  > jobs needed                 6 
INFO:state_machine_operator.manager.manager:  > nodes allowed               6 
INFO:state_machine_operator.manager.manager:  > jobs allowed                6

INFO:state_machine_operator.manager.manager:> Workflow progress
INFO:state_machine_operator.manager.manager:  > Completions                 4
INFO:state_machine_operator.manager.manager:  > In progress                 6
INFO:state_machine_operator.manager.manager:  > New job sequences submit    0 
INFO:state_machine_operator.manager.manager:
> 🌀 Starting step mlrunner
INFO:state_machine_operator.manager.manager:> Workflow needs
INFO:state_machine_operator.manager.manager:  > total completions           10 
INFO:state_machine_operator.manager.manager:  > max nodes allowed use       6

INFO:state_machine_operator.manager.manager:> Current state
INFO:state_machine_operator.manager.manager:  > nodes / step                1 
INFO:state_machine_operator.manager.manager:  > jobs needed                 5 
INFO:state_machine_operator.manager.manager:  > nodes allowed               6 
INFO:state_machine_operator.manager.manager:  > jobs allowed                5

INFO:state_machine_operator.manager.manager:> Workflow progress
INFO:state_machine_operator.manager.manager:  > Completions                 5
INFO:state_machine_operator.manager.manager:  > In progress                 5
INFO:state_machine_operator.manager.manager:  > New job sequences submit    0 
INFO:state_machine_operator.manager.manager:
> 🌀 Starting step mlrunner
INFO:state_machine_operator.manager.manager:> Workflow needs
INFO:state_machine_operator.manager.manager:  > total completions           10 
INFO:state_machine_operator.manager.manager:  > max nodes allowed use       6

INFO:state_machine_operator.manager.manager:> Current state
INFO:state_machine_operator.manager.manager:  > nodes / step                1 
INFO:state_machine_operator.manager.manager:  > jobs needed                 5 
INFO:state_machine_operator.manager.manager:  > nodes allowed               6 
INFO:state_machine_operator.manager.manager:  > jobs allowed                5

INFO:state_machine_operator.manager.manager:> Workflow progress
INFO:state_machine_operator.manager.manager:  > Completions                 5
INFO:state_machine_operator.manager.manager:  > In progress                 5
INFO:state_machine_operator.manager.manager:  > New job sequences submit    0 
INFO:state_machine_operator.manager.manager:
> 🌀 Starting step mlrunner
INFO:state_machine_operator.manager.manager:> Workflow needs
INFO:state_machine_operator.manager.manager:  > total completions           10 
INFO:state_machine_operator.manager.manager:  > max nodes allowed use       6

INFO:state_machine_operator.manager.manager:> Current state
INFO:state_machine_operator.manager.manager:  > nodes / step                1 
INFO:state_machine_operator.manager.manager:  > jobs needed                 5 
INFO:state_machine_operator.manager.manager:  > nodes allowed               6 
INFO:state_machine_operator.manager.manager:  > jobs allowed                5

INFO:state_machine_operator.manager.manager:> Workflow progress
INFO:state_machine_operator.manager.manager:  > Completions                 5
INFO:state_machine_operator.manager.manager:  > In progress                 5
INFO:state_machine_operator.manager.manager:  > New job sequences submit    0 
INFO:state_machine_operator.manager.manager:
> 🌀 Starting step mlrunner
INFO:state_machine_operator.manager.manager:> Workflow needs
INFO:state_machine_operator.manager.manager:  > total completions           10 
INFO:state_machine_operator.manager.manager:  > max nodes allowed use       6

INFO:state_machine_operator.manager.manager:> Current state
INFO:state_machine_operator.manager.manager:  > nodes / step                1 
INFO:state_machine_operator.manager.manager:  > jobs needed                 5 
INFO:state_machine_operator.manager.manager:  > nodes allowed               6 
INFO:state_machine_operator.manager.manager:  > jobs allowed                5

INFO:state_machine_operator.manager.manager:> Workflow progress
INFO:state_machine_operator.manager.manager:  > Completions                 5
INFO:state_machine_operator.manager.manager:  > In progress                 5
INFO:state_machine_operator.manager.manager:  > New job sequences submit    0 
INFO:state_machine_operator.manager.manager:
> 🌀 Starting step mlrunner
INFO:state_machine_operator.manager.manager:> Workflow needs
INFO:state_machine_operator.manager.manager:  > total completions           10 
INFO:state_machine_operator.manager.manager:  > max nodes allowed use       6

INFO:state_machine_operator.manager.manager:> Current state
INFO:state_machine_operator.manager.manager:  > nodes / step                1 
INFO:state_machine_operator.manager.manager:  > jobs needed                 5 
INFO:state_machine_operator.manager.manager:  > nodes allowed               6 
INFO:state_machine_operator.manager.manager:  > jobs allowed                5

INFO:state_machine_operator.manager.manager:> Workflow progress
INFO:state_machine_operator.manager.manager:  > Completions                 5
INFO:state_machine_operator.manager.manager:  > In progress                 5
INFO:state_machine_operator.manager.manager:  > New job sequences submit    0 
INFO:state_machine_operator.manager.manager:
> 🌀 Starting step mlrunner
INFO:state_machine_operator.manager.manager:> Workflow needs
INFO:state_machine_operator.manager.manager:  > total completions           10 
INFO:state_machine_operator.manager.manager:  > max nodes allowed use       6

INFO:state_machine_operator.manager.manager:> Current state
INFO:state_machine_operator.manager.manager:  > nodes / step                1 
INFO:state_machine_operator.manager.manager:  > jobs needed                 5 
INFO:state_machine_operator.manager.manager:  > nodes allowed               6 
INFO:state_machine_operator.manager.manager:  > jobs allowed                5

INFO:state_machine_operator.manager.manager:> Workflow progress
INFO:state_machine_operator.manager.manager:  > Completions                 5
INFO:state_machine_operator.manager.manager:  > In progress                 5
INFO:state_machine_operator.manager.manager:  > New job sequences submit    0 
INFO:state_machine_operator.manager.manager:
> 🌀 Starting step mlrunner
INFO:state_machine_operator.manager.manager:> Workflow needs
INFO:state_machine_operator.manager.manager:  > total completions           10 
INFO:state_machine_operator.manager.manager:  > max nodes allowed use       6

INFO:state_machine_operator.manager.manager:> Current state
INFO:state_machine_operator.manager.manager:  > nodes / step                1 
INFO:state_machine_operator.manager.manager:  > jobs needed                 5 
INFO:state_machine_operator.manager.manager:  > nodes allowed               6 
INFO:state_machine_operator.manager.manager:  > jobs allowed                5

INFO:state_machine_operator.manager.manager:> Workflow progress
INFO:state_machine_operator.manager.manager:  > Completions                 5
INFO:state_machine_operator.manager.manager:  > In progress                 5
INFO:state_machine_operator.manager.manager:  > New job sequences submit    0 
INFO:state_machine_operator.manager.manager:
> 🌀 Starting step mlrunner
INFO:state_machine_operator.manager.manager:> Workflow needs
INFO:state_machine_operator.manager.manager:  > total completions           10 
INFO:state_machine_operator.manager.manager:  > max nodes allowed use       6

INFO:state_machine_operator.manager.manager:> Current state
INFO:state_machine_operator.manager.manager:  > nodes / step                1 
INFO:state_machine_operator.manager.manager:  > jobs needed                 5 
INFO:state_machine_operator.manager.manager:  > nodes allowed               6 
INFO:state_machine_operator.manager.manager:  > jobs allowed                5

INFO:state_machine_operator.manager.manager:> Workflow progress
INFO:state_machine_operator.manager.manager:  > Completions                 5
INFO:state_machine_operator.manager.manager:  > In progress                 5
INFO:state_machine_operator.manager.manager:  > New job sequences submit    0 
INFO:state_machine_operator.manager.manager:
> 🌀 Starting step mlrunner
INFO:state_machine_operator.manager.manager:> Workflow needs
INFO:state_machine_operator.manager.manager:  > total completions           10 
INFO:state_machine_operator.manager.manager:  > max nodes allowed use       6

INFO:state_machine_operator.manager.manager:> Current state
INFO:state_machine_operator.manager.manager:  > nodes / step                1 
INFO:state_machine_operator.manager.manager:  > jobs needed                 5 
INFO:state_machine_operator.manager.manager:  > nodes allowed               6 
INFO:state_machine_operator.manager.manager:  > jobs allowed                5

INFO:state_machine_operator.manager.manager:> Workflow progress
INFO:state_machine_operator.manager.manager:  > Completions                 5
INFO:state_machine_operator.manager.manager:  > In progress                 5
INFO:state_machine_operator.manager.manager:  > New job sequences submit    0 
INFO:state_machine_operator.manager.manager:
> 🌀 Starting step mlrunner
INFO:state_machine_operator.manager.manager:> Workflow needs
INFO:state_machine_operator.manager.manager:  > total completions           10 
INFO:state_machine_operator.manager.manager:  > max nodes allowed use       6

INFO:state_machine_operator.manager.manager:> Current state
INFO:state_machine_operator.manager.manager:  > nodes / step                1 
INFO:state_machine_operator.manager.manager:  > jobs needed                 5 
INFO:state_machine_operator.manager.manager:  > nodes allowed               6 
INFO:state_machine_operator.manager.manager:  > jobs allowed                5

INFO:state_machine_operator.manager.manager:> Workflow progress
INFO:state_machine_operator.manager.manager:  > Completions                 5
INFO:state_machine_operator.manager.manager:  > In progress                 5
INFO:state_machine_operator.manager.manager:  > New job sequences submit    0 
INFO:state_machine_operator.manager.manager:
> 🌀 Starting step mlrunner
INFO:state_machine_operator.manager.manager:> Workflow needs
INFO:state_machine_operator.manager.manager:  > total completions           10 
INFO:state_machine_operator.manager.manager:  > max nodes allowed use       6

INFO:state_machine_operator.manager.manager:> Current state
INFO:state_machine_operator.manager.manager:  > nodes / step                1 
INFO:state_machine_operator.manager.manager:  > jobs needed                 5 
INFO:state_machine_operator.manager.manager:  > nodes allowed               6 
INFO:state_machine_operator.manager.manager:  > jobs allowed                5

INFO:state_machine_operator.manager.manager:> Workflow progress
INFO:state_machine_operator.manager.manager:  > Completions                 5
INFO:state_machine_operator.manager.manager:  > In progress                 5
INFO:state_machine_operator.manager.manager:  > New job sequences submit    0 
INFO:state_machine_operator.manager.manager:
> 🌀 Starting step mlrunner
INFO:state_machine_operator.manager.manager:> Workflow needs
INFO:state_machine_operator.manager.manager:  > total completions           10 
INFO:state_machine_operator.manager.manager:  > max nodes allowed use       6

INFO:state_machine_operator.manager.manager:> Current state
INFO:state_machine_operator.manager.manager:  > nodes / step                1 
INFO:state_machine_operator.manager.manager:  > jobs needed                 5 
INFO:state_machine_operator.manager.manager:  > nodes allowed               6 
INFO:state_machine_operator.manager.manager:  > jobs allowed                5

INFO:state_machine_operator.manager.manager:> Workflow progress
INFO:state_machine_operator.manager.manager:  > Completions                 5
INFO:state_machine_operator.manager.manager:  > In progress                 5
INFO:state_machine_operator.manager.manager:  > New job sequences submit    0 
INFO:state_machine_operator.manager.manager:
> 🌀 Starting step mlrunner
INFO:state_machine_operator.manager.manager:> Workflow needs
INFO:state_machine_operator.manager.manager:  > total completions           10 
INFO:state_machine_operator.manager.manager:  > max nodes allowed use       6

INFO:state_machine_operator.manager.manager:> Current state
INFO:state_machine_operator.manager.manager:  > nodes / step                1 
INFO:state_machine_operator.manager.manager:  > jobs needed                 5 
INFO:state_machine_operator.manager.manager:  > nodes allowed               6 
INFO:state_machine_operator.manager.manager:  > jobs allowed                5

INFO:state_machine_operator.manager.manager:> Workflow progress
INFO:state_machine_operator.manager.manager:  > Completions                 5
INFO:state_machine_operator.manager.manager:  > In progress                 5
INFO:state_machine_operator.manager.manager:  > New job sequences submit    0 
INFO:state_machine_operator.manager.manager:
> 🌀 Starting step mlrunner
INFO:state_machine_operator.manager.manager:> Workflow needs
INFO:state_machine_operator.manager.manager:  > total completions           10 
INFO:state_machine_operator.manager.manager:  > max nodes allowed use       6

INFO:state_machine_operator.manager.manager:> Current state
INFO:state_machine_operator.manager.manager:  > nodes / step                1 
INFO:state_machine_operator.manager.manager:  > jobs needed                 5 
INFO:state_machine_operator.manager.manager:  > nodes allowed               6 
INFO:state_machine_operator.manager.manager:  > jobs allowed                5

INFO:state_machine_operator.manager.manager:> Workflow progress
INFO:state_machine_operator.manager.manager:  > Completions                 5
INFO:state_machine_operator.manager.manager:  > In progress                 5
INFO:state_machine_operator.manager.manager:  > New job sequences submit    0 
INFO:state_machine_operator.manager.manager:
> 🌀 Starting step mlrunner
INFO:state_machine_operator.manager.manager:> Workflow needs
INFO:state_machine_operator.manager.manager:  > total completions           10 
INFO:state_machine_operator.manager.manager:  > max nodes allowed use       6

INFO:state_machine_operator.manager.manager:> Current state
INFO:state_machine_operator.manager.manager:  > nodes / step                1 
INFO:state_machine_operator.manager.manager:  > jobs needed                 4 
INFO:state_machine_operator.manager.manager:  > nodes allowed               6 
INFO:state_machine_operator.manager.manager:  > jobs allowed                4

INFO:state_machine_operator.manager.manager:> Workflow progress
INFO:state_machine_operator.manager.manager:  > Completions                 6
INFO:state_machine_operator.manager.manager:  > In progress                 4
INFO:state_machine_operator.manager.manager:  > New job sequences submit    0 
INFO:state_machine_operator.manager.manager:
> 🌀 Starting step mlrunner
INFO:state_machine_operator.manager.manager:> Workflow needs
INFO:state_machine_operator.manager.manager:  > total completions           10 
INFO:state_machine_operator.manager.manager:  > max nodes allowed use       6

INFO:state_machine_operator.manager.manager:> Current state
INFO:state_machine_operator.manager.manager:  > nodes / step                1 
INFO:state_machine_operator.manager.manager:  > jobs needed                 4 
INFO:state_machine_operator.manager.manager:  > nodes allowed               6 
INFO:state_machine_operator.manager.manager:  > jobs allowed                4

INFO:state_machine_operator.manager.manager:> Workflow progress
INFO:state_machine_operator.manager.manager:  > Completions                 6
INFO:state_machine_operator.manager.manager:  > In progress                 4
INFO:state_machine_operator.manager.manager:  > New job sequences submit    0 
INFO:state_machine_operator.manager.manager:
> 🌀 Starting step mlrunner
INFO:state_machine_operator.manager.manager:> Workflow needs
INFO:state_machine_operator.manager.manager:  > total completions           10 
INFO:state_machine_operator.manager.manager:  > max nodes allowed use       6

INFO:state_machine_operator.manager.manager:> Current state
INFO:state_machine_operator.manager.manager:  > nodes / step                1 
INFO:state_machine_operator.manager.manager:  > jobs needed                 4 
INFO:state_machine_operator.manager.manager:  > nodes allowed               6 
INFO:state_machine_operator.manager.manager:  > jobs allowed                4

INFO:state_machine_operator.manager.manager:> Workflow progress
INFO:state_machine_operator.manager.manager:  > Completions                 6
INFO:state_machine_operator.manager.manager:  > In progress                 4
INFO:state_machine_operator.manager.manager:  > New job sequences submit    0 
INFO:state_machine_operator.manager.manager:
> 🌀 Starting step mlrunner
INFO:state_machine_operator.manager.manager:> Workflow needs
INFO:state_machine_operator.manager.manager:  > total completions           10 
INFO:state_machine_operator.manager.manager:  > max nodes allowed use       6

INFO:state_machine_operator.manager.manager:> Current state
INFO:state_machine_operator.manager.manager:  > nodes / step                1 
INFO:state_machine_operator.manager.manager:  > jobs needed                 4 
INFO:state_machine_operator.manager.manager:  > nodes allowed               6 
INFO:state_machine_operator.manager.manager:  > jobs allowed                4

INFO:state_machine_operator.manager.manager:> Workflow progress
INFO:state_machine_operator.manager.manager:  > Completions                 6
INFO:state_machine_operator.manager.manager:  > In progress                 4
INFO:state_machine_operator.manager.manager:  > New job sequences submit    0 
INFO:state_machine_operator.manager.manager:
> 🌀 Starting step mlrunner
INFO:state_machine_operator.manager.manager:> Workflow needs
INFO:state_machine_operator.manager.manager:  > total completions           10 
INFO:state_machine_operator.manager.manager:  > max nodes allowed use       6

INFO:state_machine_operator.manager.manager:> Current state
INFO:state_machine_operator.manager.manager:  > nodes / step                1 
INFO:state_machine_operator.manager.manager:  > jobs needed                 4 
INFO:state_machine_operator.manager.manager:  > nodes allowed               6 
INFO:state_machine_operator.manager.manager:  > jobs allowed                4

INFO:state_machine_operator.manager.manager:> Workflow progress
INFO:state_machine_operator.manager.manager:  > Completions                 6
INFO:state_machine_operator.manager.manager:  > In progress                 4
INFO:state_machine_operator.manager.manager:  > New job sequences submit    0 
INFO:state_machine_operator.manager.manager:
> 🌀 Starting step mlrunner
INFO:state_machine_operator.manager.manager:> Workflow needs
INFO:state_machine_operator.manager.manager:  > total completions           10 
INFO:state_machine_operator.manager.manager:  > max nodes allowed use       6

INFO:state_machine_operator.manager.manager:> Current state
INFO:state_machine_operator.manager.manager:  > nodes / step                1 
INFO:state_machine_operator.manager.manager:  > jobs needed                 4 
INFO:state_machine_operator.manager.manager:  > nodes allowed               6 
INFO:state_machine_operator.manager.manager:  > jobs allowed                4

INFO:state_machine_operator.manager.manager:> Workflow progress
INFO:state_machine_operator.manager.manager:  > Completions                 6
INFO:state_machine_operator.manager.manager:  > In progress                 4
INFO:state_machine_operator.manager.manager:  > New job sequences submit    0 
INFO:state_machine_operator.manager.manager:
> 🌀 Starting step mlrunner
INFO:state_machine_operator.manager.manager:> Workflow needs
INFO:state_machine_operator.manager.manager:  > total completions           10 
INFO:state_machine_operator.manager.manager:  > max nodes allowed use       6

INFO:state_machine_operator.manager.manager:> Current state
INFO:state_machine_operator.manager.manager:  > nodes / step                1 
INFO:state_machine_operator.manager.manager:  > jobs needed                 4 
INFO:state_machine_operator.manager.manager:  > nodes allowed               6 
INFO:state_machine_operator.manager.manager:  > jobs allowed                4

INFO:state_machine_operator.manager.manager:> Workflow progress
INFO:state_machine_operator.manager.manager:  > Completions                 6
INFO:state_machine_operator.manager.manager:  > In progress                 4
INFO:state_machine_operator.manager.manager:  > New job sequences submit    0 
INFO:state_machine_operator.manager.manager:
> 🌀 Starting step mlrunner
INFO:state_machine_operator.manager.manager:> Workflow needs
INFO:state_machine_operator.manager.manager:  > total completions           10 
INFO:state_machine_operator.manager.manager:  > max nodes allowed use       6

INFO:state_machine_operator.manager.manager:> Current state
INFO:state_machine_operator.manager.manager:  > nodes / step                1 
INFO:state_machine_operator.manager.manager:  > jobs needed                 4 
INFO:state_machine_operator.manager.manager:  > nodes allowed               6 
INFO:state_machine_operator.manager.manager:  > jobs allowed                4

INFO:state_machine_operator.manager.manager:> Workflow progress
INFO:state_machine_operator.manager.manager:  > Completions                 6
INFO:state_machine_operator.manager.manager:  > In progress                 4
INFO:state_machine_operator.manager.manager:  > New job sequences submit    0 
INFO:state_machine_operator.manager.manager:
> 🌀 Starting step mlrunner
INFO:state_machine_operator.manager.manager:> Workflow needs
INFO:state_machine_operator.manager.manager:  > total completions           10 
INFO:state_machine_operator.manager.manager:  > max nodes allowed use       6

INFO:state_machine_operator.manager.manager:> Current state
INFO:state_machine_operator.manager.manager:  > nodes / step                1 
INFO:state_machine_operator.manager.manager:  > jobs needed                 4 
INFO:state_machine_operator.manager.manager:  > nodes allowed               6 
INFO:state_machine_operator.manager.manager:  > jobs allowed                4

INFO:state_machine_operator.manager.manager:> Workflow progress
INFO:state_machine_operator.manager.manager:  > Completions                 6
INFO:state_machine_operator.manager.manager:  > In progress                 4
INFO:state_machine_operator.manager.manager:  > New job sequences submit    0 
INFO:state_machine_operator.manager.manager:
> 🌀 Starting step mlrunner
INFO:state_machine_operator.manager.manager:> Workflow needs
INFO:state_machine_operator.manager.manager:  > total completions           10 
INFO:state_machine_operator.manager.manager:  > max nodes allowed use       6

INFO:state_machine_operator.manager.manager:> Current state
INFO:state_machine_operator.manager.manager:  > nodes / step                1 
INFO:state_machine_operator.manager.manager:  > jobs needed                 4 
INFO:state_machine_operator.manager.manager:  > nodes allowed               6 
INFO:state_machine_operator.manager.manager:  > jobs allowed                4

INFO:state_machine_operator.manager.manager:> Workflow progress
INFO:state_machine_operator.manager.manager:  > Completions                 6
INFO:state_machine_operator.manager.manager:  > In progress                 4
INFO:state_machine_operator.manager.manager:  > New job sequences submit    0 
INFO:state_machine_operator.manager.manager:
> 🌀 Starting step mlrunner
INFO:state_machine_operator.manager.manager:> Workflow needs
INFO:state_machine_operator.manager.manager:  > total completions           10 
INFO:state_machine_operator.manager.manager:  > max nodes allowed use       6

INFO:state_machine_operator.manager.manager:> Current state
INFO:state_machine_operator.manager.manager:  > nodes / step                1 
INFO:state_machine_operator.manager.manager:  > jobs needed                 4 
INFO:state_machine_operator.manager.manager:  > nodes allowed               6 
INFO:state_machine_operator.manager.manager:  > jobs allowed                4

INFO:state_machine_operator.manager.manager:> Workflow progress
INFO:state_machine_operator.manager.manager:  > Completions                 6
INFO:state_machine_operator.manager.manager:  > In progress                 4
INFO:state_machine_operator.manager.manager:  > New job sequences submit    0 
INFO:state_machine_operator.manager.manager:
> 🌀 Starting step mlrunner
INFO:state_machine_operator.manager.manager:> Workflow needs
INFO:state_machine_operator.manager.manager:  > total completions           10 
INFO:state_machine_operator.manager.manager:  > max nodes allowed use       6

INFO:state_machine_operator.manager.manager:> Current state
INFO:state_machine_operator.manager.manager:  > nodes / step                1 
INFO:state_machine_operator.manager.manager:  > jobs needed                 4 
INFO:state_machine_operator.manager.manager:  > nodes allowed               6 
INFO:state_machine_operator.manager.manager:  > jobs allowed                4

INFO:state_machine_operator.manager.manager:> Workflow progress
INFO:state_machine_operator.manager.manager:  > Completions                 6
INFO:state_machine_operator.manager.manager:  > In progress                 4
INFO:state_machine_operator.manager.manager:  > New job sequences submit    0 
INFO:state_machine_operator.manager.manager:
> 🌀 Starting step mlrunner
INFO:state_machine_operator.manager.manager:> Workflow needs
INFO:state_machine_operator.manager.manager:  > total completions           10 
INFO:state_machine_operator.manager.manager:  > max nodes allowed use       6

INFO:state_machine_operator.manager.manager:> Current state
INFO:state_machine_operator.manager.manager:  > nodes / step                1 
INFO:state_machine_operator.manager.manager:  > jobs needed                 4 
INFO:state_machine_operator.manager.manager:  > nodes allowed               6 
INFO:state_machine_operator.manager.manager:  > jobs allowed                4

INFO:state_machine_operator.manager.manager:> Workflow progress
INFO:state_machine_operator.manager.manager:  > Completions                 6
INFO:state_machine_operator.manager.manager:  > In progress                 4
INFO:state_machine_operator.manager.manager:  > New job sequences submit    0 
INFO:state_machine_operator.manager.manager:
> 🌀 Starting step mlrunner
INFO:state_machine_operator.manager.manager:> Workflow needs
INFO:state_machine_operator.manager.manager:  > total completions           10 
INFO:state_machine_operator.manager.manager:  > max nodes allowed use       6

INFO:state_machine_operator.manager.manager:> Current state
INFO:state_machine_operator.manager.manager:  > nodes / step                1 
INFO:state_machine_operator.manager.manager:  > jobs needed                 4 
INFO:state_machine_operator.manager.manager:  > nodes allowed               6 
INFO:state_machine_operator.manager.manager:  > jobs allowed                4

INFO:state_machine_operator.manager.manager:> Workflow progress
INFO:state_machine_operator.manager.manager:  > Completions                 6
INFO:state_machine_operator.manager.manager:  > In progress                 4
INFO:state_machine_operator.manager.manager:  > New job sequences submit    0 
INFO:state_machine_operator.manager.manager:
> 🌀 Starting step mlrunner
INFO:state_machine_operator.manager.manager:> Workflow needs
INFO:state_machine_operator.manager.manager:  > total completions           10 
INFO:state_machine_operator.manager.manager:  > max nodes allowed use       6

INFO:state_machine_operator.manager.manager:> Current state
INFO:state_machine_operator.manager.manager:  > nodes / step                1 
INFO:state_machine_operator.manager.manager:  > jobs needed                 3 
INFO:state_machine_operator.manager.manager:  > nodes allowed               6 
INFO:state_machine_operator.manager.manager:  > jobs allowed                3

INFO:state_machine_operator.manager.manager:> Workflow progress
INFO:state_machine_operator.manager.manager:  > Completions                 7
INFO:state_machine_operator.manager.manager:  > In progress                 3
INFO:state_machine_operator.manager.manager:  > New job sequences submit    0 
INFO:state_machine_operator.manager.manager:
> 🌀 Starting step mlrunner
INFO:state_machine_operator.manager.manager:> Workflow needs
INFO:state_machine_operator.manager.manager:  > total completions           10 
INFO:state_machine_operator.manager.manager:  > max nodes allowed use       6

INFO:state_machine_operator.manager.manager:> Current state
INFO:state_machine_operator.manager.manager:  > nodes / step                1 
INFO:state_machine_operator.manager.manager:  > jobs needed                 3 
INFO:state_machine_operator.manager.manager:  > nodes allowed               6 
INFO:state_machine_operator.manager.manager:  > jobs allowed                3

INFO:state_machine_operator.manager.manager:> Workflow progress
INFO:state_machine_operator.manager.manager:  > Completions                 7
INFO:state_machine_operator.manager.manager:  > In progress                 3
INFO:state_machine_operator.manager.manager:  > New job sequences submit    0 
INFO:state_machine_operator.manager.manager:
> 🌀 Starting step mlrunner
INFO:state_machine_operator.manager.manager:> Workflow needs
INFO:state_machine_operator.manager.manager:  > total completions           10 
INFO:state_machine_operator.manager.manager:  > max nodes allowed use       6

INFO:state_machine_operator.manager.manager:> Current state
INFO:state_machine_operator.manager.manager:  > nodes / step                1 
INFO:state_machine_operator.manager.manager:  > jobs needed                 2 
INFO:state_machine_operator.manager.manager:  > nodes allowed               6 
INFO:state_machine_operator.manager.manager:  > jobs allowed                2

INFO:state_machine_operator.manager.manager:> Workflow progress
INFO:state_machine_operator.manager.manager:  > Completions                 8
INFO:state_machine_operator.manager.manager:  > In progress                 2
INFO:state_machine_operator.manager.manager:  > New job sequences submit    0 
INFO:state_machine_operator.manager.manager:
> 🌀 Starting step mlrunner
INFO:state_machine_operator.manager.manager:> Workflow needs
INFO:state_machine_operator.manager.manager:  > total completions           10 
INFO:state_machine_operator.manager.manager:  > max nodes allowed use       6

INFO:state_machine_operator.manager.manager:> Current state
INFO:state_machine_operator.manager.manager:  > nodes / step                1 
INFO:state_machine_operator.manager.manager:  > jobs needed                 2 
INFO:state_machine_operator.manager.manager:  > nodes allowed               6 
INFO:state_machine_operator.manager.manager:  > jobs allowed                2

INFO:state_machine_operator.manager.manager:> Workflow progress
INFO:state_machine_operator.manager.manager:  > Completions                 8
INFO:state_machine_operator.manager.manager:  > In progress                 2
INFO:state_machine_operator.manager.manager:  > New job sequences submit    0 
INFO:state_machine_operator.manager.manager:
> 🌀 Starting step mlrunner
INFO:state_machine_operator.manager.manager:> Workflow needs
INFO:state_machine_operator.manager.manager:  > total completions           10 
INFO:state_machine_operator.manager.manager:  > max nodes allowed use       6

INFO:state_machine_operator.manager.manager:> Current state
INFO:state_machine_operator.manager.manager:  > nodes / step                1 
INFO:state_machine_operator.manager.manager:  > jobs needed                 1 
INFO:state_machine_operator.manager.manager:  > nodes allowed               6 
INFO:state_machine_operator.manager.manager:  > jobs allowed                1

INFO:state_machine_operator.manager.manager:> Workflow progress
INFO:state_machine_operator.manager.manager:  > Completions                 9
INFO:state_machine_operator.manager.manager:  > In progress                 1
INFO:state_machine_operator.manager.manager:  > New job sequences submit    0 
INFO:state_machine_operator.manager.manager:
> 🌀 Starting step mlrunner
INFO:state_machine_operator.manager.manager:> Workflow needs
INFO:state_machine_operator.manager.manager:  > total completions           10 
INFO:state_machine_operator.manager.manager:  > max nodes allowed use       6

INFO:state_machine_operator.manager.manager:> Current state
INFO:state_machine_operator.manager.manager:  > nodes / step                1 
INFO:state_machine_operator.manager.manager:  > jobs needed                 1 
INFO:state_machine_operator.manager.manager:  > nodes allowed               6 
INFO:state_machine_operator.manager.manager:  > jobs allowed                1

INFO:state_machine_operator.manager.manager:> Workflow progress
INFO:state_machine_operator.manager.manager:  > Completions                 9
INFO:state_machine_operator.manager.manager:  > In progress                 1
INFO:state_machine_operator.manager.manager:  > New job sequences submit    0 
INFO:state_machine_operator.manager.manager:
> 🌀 Starting step mlrunner
INFO:state_machine_operator.manager.manager:> Workflow needs
INFO:state_machine_operator.manager.manager:  > total completions           10 
INFO:state_machine_operator.manager.manager:  > max nodes allowed use       6

INFO:state_machine_operator.manager.manager:> Current state
INFO:state_machine_operator.manager.manager:  > nodes / step                1 
INFO:state_machine_operator.manager.manager:  > jobs needed                 0 
INFO:state_machine_operator.manager.manager:  > nodes allowed               6 
INFO:state_machine_operator.manager.manager:  > jobs allowed                0

INFO:state_machine_operator.manager.manager:> Workflow progress
INFO:state_machine_operator.manager.manager:  > Completions                 10
INFO:state_machine_operator.manager.manager:  > In progress                 0
INFO:state_machine_operator.manager.manager:  > New job sequences submit    0 
INFO:state_machine_operator.manager.manager:Workflow is complete - 10/10 are done
> Launching workflow manager on (manager)
=== nodes
{"ip-192-168-19-80.ec2.internal": {"created": 1742043004.0, "labels": {"alpha.eksctl.io/cluster-name": "mini-mummi", "alpha.eksctl.io/nodegroup-name": "workers", "beta.kubernetes.io/arch": "arm64", "beta.kubernetes.io/instance-type": "hpc7g.16xlarge", "beta.kubernetes.io/os": "linux", "eks.amazonaws.com/capacityType": "ON_DEMAND", "eks.amazonaws.com/nodegroup": "workers", "eks.amazonaws.com/nodegroup-image": "ami-0f5d3360a3f4d9ff7", "eks.amazonaws.com/sourceLaunchTemplateId": "lt-0161ee047c4224d65", "eks.amazonaws.com/sourceLaunchTemplateVersion": "1", "failure-domain.beta.kubernetes.io/region": "us-east-1", "failure-domain.beta.kubernetes.io/zone": "us-east-1a", "k8s.io/cloud-provider-aws": "253aeae30855c021b88b55cfb55b26ca", "kubernetes.io/arch": "arm64", "kubernetes.io/hostname": "ip-192-168-19-80.ec2.internal", "kubernetes.io/os": "linux", "node.kubernetes.io/instance-type": "hpc7g.16xlarge", "nodegroup": "hpc7g-16xlarge", "topology.kubernetes.io/region": "us-east-1", "topology.kubernetes.io/zone": "us-east-1a"}, "conditions": [{"last_transition_time": 1742043020.0, "message": "kubelet is posting ready status", "reason": "KubeletReady", "status": true, "type": "Ready", "recorded_at": 1742043465.0119135}, {"last_transition_time": 1742046321.0, "message": "Kubelet stopped posting node status.", "reason": "NodeStatusUnknown", "status": false, "type": "Ready", "recorded_at": 1742046321.861509}], "is_ready": false}, "ip-192-168-28-103.ec2.internal": {"created": 1742042993.0, "labels": {"alpha.eksctl.io/cluster-name": "mini-mummi", "alpha.eksctl.io/nodegroup-name": "workers", "beta.kubernetes.io/arch": "arm64", "beta.kubernetes.io/instance-type": "hpc7g.16xlarge", "beta.kubernetes.io/os": "linux", "eks.amazonaws.com/capacityType": "ON_DEMAND", "eks.amazonaws.com/nodegroup": "workers", "eks.amazonaws.com/nodegroup-image": "ami-0f5d3360a3f4d9ff7", "eks.amazonaws.com/sourceLaunchTemplateId": "lt-0161ee047c4224d65", "eks.amazonaws.com/sourceLaunchTemplateVersion": "1", "failure-domain.beta.kubernetes.io/region": "us-east-1", "failure-domain.beta.kubernetes.io/zone": "us-east-1a", "k8s.io/cloud-provider-aws": "253aeae30855c021b88b55cfb55b26ca", "kubernetes.io/arch": "arm64", "kubernetes.io/hostname": "ip-192-168-28-103.ec2.internal", "kubernetes.io/os": "linux", "node.kubernetes.io/instance-type": "hpc7g.16xlarge", "nodegroup": "hpc7g-16xlarge", "topology.kubernetes.io/region": "us-east-1", "topology.kubernetes.io/zone": "us-east-1a"}, "conditions": [{"last_transition_time": 1742043007.0, "message": "kubelet is posting ready status", "reason": "KubeletReady", "status": true, "type": "Ready", "recorded_at": 1742043465.0120382}], "is_ready": true}, "ip-192-168-29-13.ec2.internal": {"created": 1742042969.0, "labels": {"alpha.eksctl.io/cluster-name": "mini-mummi", "alpha.eksctl.io/nodegroup-name": "workers", "beta.kubernetes.io/arch": "arm64", "beta.kubernetes.io/instance-type": "hpc7g.16xlarge", "beta.kubernetes.io/os": "linux", "eks.amazonaws.com/capacityType": "ON_DEMAND", "eks.amazonaws.com/nodegroup": "workers", "eks.amazonaws.com/nodegroup-image": "ami-0f5d3360a3f4d9ff7", "eks.amazonaws.com/sourceLaunchTemplateId": "lt-0161ee047c4224d65", "eks.amazonaws.com/sourceLaunchTemplateVersion": "1", "failure-domain.beta.kubernetes.io/region": "us-east-1", "failure-domain.beta.kubernetes.io/zone": "us-east-1a", "k8s.io/cloud-provider-aws": "253aeae30855c021b88b55cfb55b26ca", "kubernetes.io/arch": "arm64", "kubernetes.io/hostname": "ip-192-168-29-13.ec2.internal", "kubernetes.io/os": "linux", "node.kubernetes.io/instance-type": "hpc7g.16xlarge", "nodegroup": "hpc7g-16xlarge", "topology.kubernetes.io/region": "us-east-1", "topology.kubernetes.io/zone": "us-east-1a"}, "conditions": [{"last_transition_time": 1742042981.0, "message": "kubelet is posting ready status", "reason": "KubeletReady", "status": true, "type": "Ready", "recorded_at": 1742043465.0121858}], "is_ready": true}, "ip-192-168-30-153.ec2.internal": {"created": 1742042968.0, "labels": {"alpha.eksctl.io/cluster-name": "mini-mummi", "alpha.eksctl.io/nodegroup-name": "workers", "beta.kubernetes.io/arch": "arm64", "beta.kubernetes.io/instance-type": "hpc7g.16xlarge", "beta.kubernetes.io/os": "linux", "eks.amazonaws.com/capacityType": "ON_DEMAND", "eks.amazonaws.com/nodegroup": "workers", "eks.amazonaws.com/nodegroup-image": "ami-0f5d3360a3f4d9ff7", "eks.amazonaws.com/sourceLaunchTemplateId": "lt-0161ee047c4224d65", "eks.amazonaws.com/sourceLaunchTemplateVersion": "1", "failure-domain.beta.kubernetes.io/region": "us-east-1", "failure-domain.beta.kubernetes.io/zone": "us-east-1a", "k8s.io/cloud-provider-aws": "253aeae30855c021b88b55cfb55b26ca", "kubernetes.io/arch": "arm64", "kubernetes.io/hostname": "ip-192-168-30-153.ec2.internal", "kubernetes.io/os": "linux", "node.kubernetes.io/instance-type": "hpc7g.16xlarge", "nodegroup": "hpc7g-16xlarge", "topology.kubernetes.io/region": "us-east-1", "topology.kubernetes.io/zone": "us-east-1a"}, "conditions": [{"last_transition_time": 1742042982.0, "message": "kubelet is posting ready status", "reason": "KubeletReady", "status": true, "type": "Ready", "recorded_at": 1742043465.0122826}], "is_ready": true}, "ip-192-168-5-140.ec2.internal": {"created": 1742042972.0, "labels": {"alpha.eksctl.io/cluster-name": "mini-mummi", "alpha.eksctl.io/nodegroup-name": "workers", "beta.kubernetes.io/arch": "arm64", "beta.kubernetes.io/instance-type": "hpc7g.16xlarge", "beta.kubernetes.io/os": "linux", "eks.amazonaws.com/capacityType": "ON_DEMAND", "eks.amazonaws.com/nodegroup": "workers", "eks.amazonaws.com/nodegroup-image": "ami-0f5d3360a3f4d9ff7", "eks.amazonaws.com/sourceLaunchTemplateId": "lt-0161ee047c4224d65", "eks.amazonaws.com/sourceLaunchTemplateVersion": "1", "failure-domain.beta.kubernetes.io/region": "us-east-1", "failure-domain.beta.kubernetes.io/zone": "us-east-1a", "k8s.io/cloud-provider-aws": "253aeae30855c021b88b55cfb55b26ca", "kubernetes.io/arch": "arm64", "kubernetes.io/hostname": "ip-192-168-5-140.ec2.internal", "kubernetes.io/os": "linux", "node.kubernetes.io/instance-type": "hpc7g.16xlarge", "nodegroup": "hpc7g-16xlarge", "topology.kubernetes.io/region": "us-east-1", "topology.kubernetes.io/zone": "us-east-1a"}, "conditions": [{"last_transition_time": 1742042986.0, "message": "kubelet is posting ready status", "reason": "KubeletReady", "status": true, "type": "Ready", "recorded_at": 1742043465.012369}], "is_ready": true}, "ip-192-168-62-91.ec2.internal": {"created": 1742042963.0, "labels": {"alpha.eksctl.io/cluster-name": "mini-mummi", "alpha.eksctl.io/nodegroup-name": "workers-control-plane", "beta.kubernetes.io/arch": "amd64", "beta.kubernetes.io/instance-type": "m6a.4xlarge", "beta.kubernetes.io/os": "linux", "eks.amazonaws.com/capacityType": "ON_DEMAND", "eks.amazonaws.com/nodegroup": "workers-control-plane", "eks.amazonaws.com/nodegroup-image": "ami-094fa8fc1e6b34c46", "eks.amazonaws.com/sourceLaunchTemplateId": "lt-06e79fd11aa5ef80f", "eks.amazonaws.com/sourceLaunchTemplateVersion": "1", "failure-domain.beta.kubernetes.io/region": "us-east-1", "failure-domain.beta.kubernetes.io/zone": "us-east-1b", "k8s.io/cloud-provider-aws": "253aeae30855c021b88b55cfb55b26ca", "kubernetes.io/arch": "amd64", "kubernetes.io/hostname": "ip-192-168-62-91.ec2.internal", "kubernetes.io/os": "linux", "node.kubernetes.io/instance-type": "m6a.4xlarge", "topology.kubernetes.io/region": "us-east-1", "topology.kubernetes.io/zone": "us-east-1b"}, "conditions": [{"last_transition_time": 1742042977.0, "message": "kubelet is posting ready status", "reason": "KubeletReady", "status": true, "type": "Ready", "recorded_at": 1742043465.0124562}], "is_ready": true}, "ip-192-168-8-39.ec2.internal": {"created": 1742042969.0, "labels": {"alpha.eksctl.io/cluster-name": "mini-mummi", "alpha.eksctl.io/nodegroup-name": "workers", "beta.kubernetes.io/arch": "arm64", "beta.kubernetes.io/instance-type": "hpc7g.16xlarge", "beta.kubernetes.io/os": "linux", "eks.amazonaws.com/capacityType": "ON_DEMAND", "eks.amazonaws.com/nodegroup": "workers", "eks.amazonaws.com/nodegroup-image": "ami-0f5d3360a3f4d9ff7", "eks.amazonaws.com/sourceLaunchTemplateId": "lt-0161ee047c4224d65", "eks.amazonaws.com/sourceLaunchTemplateVersion": "1", "failure-domain.beta.kubernetes.io/region": "us-east-1", "failure-domain.beta.kubernetes.io/zone": "us-east-1a", "k8s.io/cloud-provider-aws": "253aeae30855c021b88b55cfb55b26ca", "kubernetes.io/arch": "arm64", "kubernetes.io/hostname": "ip-192-168-8-39.ec2.internal", "kubernetes.io/os": "linux", "node.kubernetes.io/instance-type": "hpc7g.16xlarge", "nodegroup": "hpc7g-16xlarge", "topology.kubernetes.io/region": "us-east-1", "topology.kubernetes.io/zone": "us-east-1a"}, "conditions": [{"last_transition_time": 1742042982.0, "message": "kubelet is posting ready status", "reason": "KubeletReady", "status": true, "type": "Ready", "recorded_at": 1742043465.0125432}, {"last_transition_time": 1742046406.0, "message": "Kubelet stopped posting node status.", "reason": "NodeStatusUnknown", "status": false, "type": "Ready", "recorded_at": 1742046406.922123}], "is_ready": false}}
===
=== times
{"times": {"list_jobs_by_status": [0.011, 0.008, 0.017, 0.043, 0.017, 0.019, 0.021, 0.016, 0.02, 0.019, 0.025, 0.022, 0.019, 0.021, 0.02, 0.016, 0.034, 0.02, 0.019, 0.02, 0.023, 0.017, 0.066, 0.023, 0.018, 0.022, 0.024, 0.019, 0.02, 0.023, 0.022, 0.023, 0.026, 0.023, 0.024, 0.025, 0.024, 0.029, 0.03, 0.023, 0.022, 0.026, 0.024, 0.055, 0.023, 0.024, 0.024, 0.037, 0.029, 0.032, 0.025, 0.026, 0.023, 0.034, 0.029, 0.026, 0.036, 0.025, 0.03, 0.039, 0.03, 0.033, 0.03, 0.044, 0.031, 0.033, 0.03, 0.032, 0.031, 0.035, 0.054, 0.036, 0.029, 0.036, 0.028, 0.031, 0.031, 0.045, 0.033, 0.052, 0.034, 0.034, 0.035, 0.035, 0.034, 0.034, 0.032, 0.033, 0.039, 0.042, 0.035, 0.037, 0.058, 0.033, 0.034, 0.034, 0.04, 0.038, 0.039, 0.042, 0.039, 0.041, 0.038, 0.05, 0.039, 0.054, 0.042, 0.043, 0.041, 0.04, 0.041, 0.038, 0.037, 0.044, 0.045, 0.046, 0.044, 0.045, 0.056, 0.042, 0.044, 0.047, 0.039, 0.046, 0.046, 0.047, 0.045, 0.041, 0.044, 0.049, 0.061, 0.048, 0.048, 0.048, 0.046, 0.048, 0.043, 0.048, 0.047, 0.049, 0.066, 0.05, 0.045, 0.045, 0.05, 0.06, 0.045, 0.045, 0.044, 0.061, 0.046, 0.049, 0.052, 0.053, 0.052, 0.048, 0.047, 0.051, 0.068, 0.063, 0.048, 0.053, 0.055, 0.053, 0.052, 0.057, 0.068, 0.054, 0.051, 0.054, 0.051, 0.048, 0.054, 0.056, 0.06, 0.074, 0.05, 0.062, 0.053, 0.053, 0.056, 0.054, 0.055, 0.072]}, "timestamps": {"workflow_start": 1742043464.7255452, "structure_023224664_mlrunner_start": 1742043464.98944, "structure_082336963_mlrunner_start": 1742043464.9907873, "structure_082865760_mlrunner_start": 1742043464.9920754, "structure_075696127_mlrunner_start": 1742043464.993354, "structure_037140505_mlrunner_start": 1742043464.9945726, "structure_024071044_mlrunner_start": 1742043464.9955213, "structure_082336963_mlrunner_succeeded": 1742043765.9555542, "structure_082336963_createsim_start": 1742043766.0708337, "structure_023224664_mlrunner_succeeded": 1742043766.6813054, "structure_023224664_createsim_start": 1742043766.7763567, "structure_037140505_mlrunner_succeeded": 1742043767.0559387, "structure_037140505_createsim_start": 1742043767.1570337, "structure_024071044_mlrunner_succeeded": 1742043768.742193, "structure_024071044_createsim_start": 1742043768.8492346, "structure_075696127_mlrunner_succeeded": 1742043771.6288948, "structure_075696127_createsim_start": 1742043771.7346578, "structure_082865760_mlrunner_succeeded": 1742043772.5276363, "structure_082865760_createsim_start": 1742043772.6423972, "structure_023224664_createsim_failed": 1742043865.127355, "structure_002228387_mlrunner_start": 1742043865.2072544, "structure_002228387_mlrunner_succeeded": 1742043905.1551654, "structure_002228387_createsim_start": 1742043905.2806392, "structure_024071044_createsim_succeeded": 1742044292.4887407, "structure_024071044_cganalysis_start": 1742044292.6120312, "structure_075696127_createsim_succeeded": 1742044293.2619605, "structure_075696127_cganalysis_start": 1742044293.3874195, "structure_037140505_createsim_succeeded": 1742044299.8039153, "structure_037140505_cganalysis_start": 1742044299.92794, "structure_082336963_createsim_succeeded": 1742044318.474352, "structure_082336963_cganalysis_start": 1742044318.5952287, "structure_082865760_createsim_succeeded": 1742044322.4019134, "structure_082865760_cganalysis_start": 1742044322.5489154, "structure_002228387_createsim_succeeded": 1742044385.855233, "structure_002228387_cganalysis_start": 1742044385.9772656, "structure_024071044_cganalysis_succeeded": 1742046081.9334667, "structure_056875909_mlrunner_start": 1742046082.0304463, "structure_075696127_cganalysis_succeeded": 1742046082.2059987, "structure_048374956_mlrunner_start": 1742046082.285206, "structure_037140505_cganalysis_succeeded": 1742046088.4973552, "structure_072532526_mlrunner_start": 1742046088.5884483, "structure_082336963_cganalysis_succeeded": 1742046107.077403, "structure_023006487_mlrunner_start": 1742046107.160295, "structure_082865760_cganalysis_succeeded": 1742046111.00539, "structure_056875909_mlrunner_succeeded": 1742046130.2304778, "structure_056875909_createsim_start": 1742046130.3822505, "structure_048374956_mlrunner_succeeded": 1742046134.9776764, "structure_048374956_createsim_start": 1742046135.1246662, "structure_072532526_mlrunner_succeeded": 1742046141.5588496, "structure_072532526_createsim_start": 1742046141.7123456, "structure_023006487_mlrunner_succeeded": 1742046164.116399, "structure_023006487_createsim_start": 1742046164.2771578, "structure_002228387_cganalysis_succeeded": 1742046174.5921323, "structure_056875909_createsim_succeeded": 1742046606.9498246, "structure_056875909_cganalysis_start": 1742046607.1090307, "structure_048374956_createsim_succeeded": 1742046613.734771, "structure_048374956_cganalysis_start": 1742046613.902382, "structure_072532526_createsim_succeeded": 1742046621.778435, "structure_072532526_cganalysis_start": 1742046621.9456983, "structure_023006487_createsim_succeeded": 1742046670.8639297, "structure_023006487_cganalysis_start": 1742046671.0512052, "structure_056875909_cganalysis_succeeded": 1742048394.7150471, "structure_048374956_cganalysis_succeeded": 1742048401.4109569, "structure_072532526_cganalysis_succeeded": 1742048409.5022767, "structure_023006487_cganalysis_succeeded": 1742048458.5938604, "workflow_complete": 1742048458.66614}}
===
Workflow is complete. You can delete the deployment to clean up.
