,experiment,job,sample,event,duration,global,iteration
0,flux-cpu,createsim,structure_079346304,createsim_runtime,492.2460572719574,createsim_runtime,1
1,flux-cpu,createsim,structure_079346304,createsims_create_cg_patch,0.004476785659790039,createsims_create_cg_patch,1
2,flux-cpu,createsim,structure_079346304,createsims_setup_cg_sim,490.87485575675964,createsims_setup_cg_sim,1
3,flux-cpu,createsim,structure_079346304,createsims_gromacs_energy_minimization_0,3.5128064155578613,createsims_gromacs_energy_minimization,1
4,flux-cpu,createsim,structure_079346304,createsims_mdrun_lipids_water_0,1.8343024253845215,createsims_mdrun_lipids_water,1
5,flux-cpu,createsim,structure_079346304,createsims_trjconv_lipids_water_0,0.2451033592224121,createsims_trjconv_lipids_water,1
6,flux-cpu,createsim,structure_079346304,createsims_gromacs_make_ndx_0,0.5106580257415771,createsims_gromacs_make_ndx,1
7,flux-cpu,createsim,structure_079346304,createsims_generate_velocities_0,33.65332841873169,createsims_generate_velocities,1
8,flux-cpu,createsim,structure_079346304,createsims_short_equilibration_0,69.574209690094,createsims_short_equilibration,1
9,flux-cpu,createsim,structure_079346304,createsims_pull_molecules_0,282.2030394077301,createsims_pull_molecules,1
10,flux-cpu,createsim,structure_079346304,createsims_relax_protein,23.535723447799683,createsims_relax_protein,1
11,flux-cpu,createsim,structure_079346304,createsims_short_equilibration_20fs,72.13057827949524,createsims_short_equilibration,1
12,flux-cpu,createsim,structure_079346304,createsims_prime_cg_sim,1.299649715423584,createsims_prime_cg_sim,1
13,flux-cpu,createsim,structure_058491350,createsim_runtime,513.1347455978394,createsim_runtime,1
14,flux-cpu,createsim,structure_058491350,createsims_create_cg_patch,0.0035583972930908203,createsims_create_cg_patch,1
15,flux-cpu,createsim,structure_058491350,createsims_setup_cg_sim,511.7762339115143,createsims_setup_cg_sim,1
16,flux-cpu,createsim,structure_058491350,createsims_gromacs_energy_minimization_0,3.5224716663360596,createsims_gromacs_energy_minimization,1
17,flux-cpu,createsim,structure_058491350,createsims_mdrun_lipids_water_0,1.792241096496582,createsims_mdrun_lipids_water,1
18,flux-cpu,createsim,structure_058491350,createsims_trjconv_lipids_water_0,0.24151301383972168,createsims_trjconv_lipids_water,1
19,flux-cpu,createsim,structure_058491350,createsims_gromacs_make_ndx_0,0.5128870010375977,createsims_gromacs_make_ndx,1
20,flux-cpu,createsim,structure_058491350,createsims_generate_velocities_0,32.67223358154297,createsims_generate_velocities,1
21,flux-cpu,createsim,structure_058491350,createsims_short_equilibration_0,71.64657187461853,createsims_short_equilibration,1
22,flux-cpu,createsim,structure_058491350,createsims_pull_molecules_0,297.55258679389954,createsims_pull_molecules,1
23,flux-cpu,createsim,structure_058491350,createsims_relax_protein,25.046510457992554,createsims_relax_protein,1
24,flux-cpu,createsim,structure_058491350,createsims_short_equilibration_20fs,75.15369057655334,createsims_short_equilibration,1
25,flux-cpu,createsim,structure_058491350,createsims_prime_cg_sim,1.2909047603607178,createsims_prime_cg_sim,1
26,flux-cpu,createsim,structure_091332104,createsim_runtime,524.6178772449493,createsim_runtime,1
27,flux-cpu,createsim,structure_091332104,createsims_create_cg_patch,0.0026471614837646484,createsims_create_cg_patch,1
28,flux-cpu,createsim,structure_091332104,createsims_setup_cg_sim,523.2678699493408,createsims_setup_cg_sim,1
29,flux-cpu,createsim,structure_091332104,createsims_gromacs_energy_minimization_0,1.0552825927734375,createsims_gromacs_energy_minimization,1
30,flux-cpu,createsim,structure_091332104,createsims_mdrun_lipids_water_0,1.8938746452331543,createsims_mdrun_lipids_water,1
31,flux-cpu,createsim,structure_091332104,createsims_trjconv_lipids_water_0,0.24306011199951172,createsims_trjconv_lipids_water,1
32,flux-cpu,createsim,structure_091332104,createsims_gromacs_make_ndx_0,0.512197732925415,createsims_gromacs_make_ndx,1
33,flux-cpu,createsim,structure_091332104,createsims_generate_velocities_0,35.02425765991211,createsims_generate_velocities,1
34,flux-cpu,createsim,structure_091332104,createsims_short_equilibration_0,70.53261041641235,createsims_short_equilibration,1
35,flux-cpu,createsim,structure_091332104,createsims_pull_molecules_0,314.6055266857147,createsims_pull_molecules,1
36,flux-cpu,createsim,structure_091332104,createsims_relax_protein,24.07235598564148,createsims_relax_protein,1
37,flux-cpu,createsim,structure_091332104,createsims_short_equilibration_20fs,72.22172951698303,createsims_short_equilibration,1
38,flux-cpu,createsim,structure_091332104,createsims_prime_cg_sim,1.2836296558380127,createsims_prime_cg_sim,1
39,flux-cpu,createsim,structure_054411423,createsim_runtime,491.1287386417389,createsim_runtime,1
40,flux-cpu,createsim,structure_054411423,createsims_create_cg_patch,0.0034677982330322266,createsims_create_cg_patch,1
41,flux-cpu,createsim,structure_054411423,createsims_setup_cg_sim,489.7694115638733,createsims_setup_cg_sim,1
42,flux-cpu,createsim,structure_054411423,createsims_gromacs_energy_minimization_0,3.5383458137512207,createsims_gromacs_energy_minimization,1
43,flux-cpu,createsim,structure_054411423,createsims_mdrun_lipids_water_0,1.7147388458251953,createsims_mdrun_lipids_water,1
44,flux-cpu,createsim,structure_054411423,createsims_trjconv_lipids_water_0,0.25144052505493164,createsims_trjconv_lipids_water,1
45,flux-cpu,createsim,structure_054411423,createsims_gromacs_make_ndx_0,0.5081362724304199,createsims_gromacs_make_ndx,1
46,flux-cpu,createsim,structure_054411423,createsims_generate_velocities_0,33.64589881896973,createsims_generate_velocities,1
47,flux-cpu,createsim,structure_054411423,createsims_short_equilibration_0,70.3252158164978,createsims_short_equilibration,1
48,flux-cpu,createsim,structure_054411423,createsims_pull_molecules_0,280.4219980239868,createsims_pull_molecules,1
49,flux-cpu,createsim,structure_054411423,createsims_relax_protein,23.550886392593384,createsims_relax_protein,1
50,flux-cpu,createsim,structure_054411423,createsims_short_equilibration_20fs,72.21473526954651,createsims_short_equilibration,1
51,flux-cpu,createsim,structure_054411423,createsims_prime_cg_sim,1.292590618133545,createsims_prime_cg_sim,1
52,flux-cpu,createsim,structure_092923284,createsim_runtime,491.68682312965393,createsim_runtime,1
53,flux-cpu,createsim,structure_092923284,createsims_create_cg_patch,0.0026793479919433594,createsims_create_cg_patch,1
54,flux-cpu,createsim,structure_092923284,createsims_setup_cg_sim,490.3314690589905,createsims_setup_cg_sim,1
55,flux-cpu,createsim,structure_092923284,createsims_gromacs_energy_minimization_0,1.0523796081542969,createsims_gromacs_energy_minimization,1
56,flux-cpu,createsim,structure_092923284,createsims_mdrun_lipids_water_0,1.7296085357666016,createsims_mdrun_lipids_water,1
57,flux-cpu,createsim,structure_092923284,createsims_trjconv_lipids_water_0,0.2413315773010254,createsims_trjconv_lipids_water,1
58,flux-cpu,createsim,structure_092923284,createsims_gromacs_make_ndx_0,0.5167627334594727,createsims_gromacs_make_ndx,1
59,flux-cpu,createsim,structure_092923284,createsims_generate_velocities_0,33.515101194381714,createsims_generate_velocities,1
60,flux-cpu,createsim,structure_092923284,createsims_short_equilibration_0,71.83554029464722,createsims_short_equilibration,1
61,flux-cpu,createsim,structure_092923284,createsims_pull_molecules_0,285.9035632610321,createsims_pull_molecules,1
62,flux-cpu,createsim,structure_092923284,createsims_relax_protein,23.067517518997192,createsims_relax_protein,1
63,flux-cpu,createsim,structure_092923284,createsims_short_equilibration_20fs,69.3803870677948,createsims_short_equilibration,1
64,flux-cpu,createsim,structure_092923284,createsims_prime_cg_sim,1.2895069122314453,createsims_prime_cg_sim,1
65,flux-cpu,createsim,structure_000920520,createsim_runtime,489.8743054866791,createsim_runtime,1
66,flux-cpu,createsim,structure_000920520,createsims_create_cg_patch,0.003539562225341797,createsims_create_cg_patch,1
67,flux-cpu,createsim,structure_000920520,createsims_setup_cg_sim,488.49247455596924,createsims_setup_cg_sim,1
68,flux-cpu,createsim,structure_000920520,createsims_gromacs_energy_minimization_0,3.5359537601470947,createsims_gromacs_energy_minimization,1
69,flux-cpu,createsim,structure_000920520,createsims_mdrun_lipids_water_0,1.763453483581543,createsims_mdrun_lipids_water,1
70,flux-cpu,createsim,structure_000920520,createsims_trjconv_lipids_water_0,0.2494034767150879,createsims_trjconv_lipids_water,1
71,flux-cpu,createsim,structure_000920520,createsims_gromacs_make_ndx_0,0.5123686790466309,createsims_gromacs_make_ndx,1
72,flux-cpu,createsim,structure_000920520,createsims_generate_velocities_0,34.333815574645996,createsims_generate_velocities,1
73,flux-cpu,createsim,structure_000920520,createsims_short_equilibration_0,70.8725278377533,createsims_short_equilibration,1
74,flux-cpu,createsim,structure_000920520,createsims_pull_molecules_0,280.3842124938965,createsims_pull_molecules,1
75,flux-cpu,createsim,structure_000920520,createsims_relax_protein,23.51773238182068,createsims_relax_protein,1
76,flux-cpu,createsim,structure_000920520,createsims_short_equilibration_20fs,69.65221953392029,createsims_short_equilibration,1
77,flux-cpu,createsim,structure_000920520,createsims_prime_cg_sim,1.3110811710357666,createsims_prime_cg_sim,1
78,flux-cpu,createsim,structure_001913380,createsims_create_cg_patch,0.0025665760040283203,createsims_create_cg_patch,1
79,flux-cpu,createsim,structure_001913380,createsims_gromacs_energy_minimization_0,1.0541141033172607,createsims_gromacs_energy_minimization,1
80,flux-cpu,createsim,structure_001913380,createsims_mdrun_lipids_water_0,0.2528660297393799,createsims_mdrun_lipids_water,1
81,flux-cpu,createsim,structure_001913380,createsims_trjconv_lipids_water_0,0.2447206974029541,createsims_trjconv_lipids_water,1
82,flux-cpu,createsim,structure_001913380,createsims_gromacs_energy_minimization_1,0.9344978332519531,createsims_gromacs_energy_minimization,1
83,flux-cpu,createsim,structure_001913380,createsims_mdrun_lipids_water_1,1.7491283416748047,createsims_mdrun_lipids_water,1
84,flux-cpu,createsim,structure_001913380,createsims_trjconv_lipids_water_1,0.24447321891784668,createsims_trjconv_lipids_water,1
85,flux-cpu,createsim,structure_001913380,createsims_gromacs_energy_minimization_2,0.9285378456115723,createsims_gromacs_energy_minimization,1
86,flux-cpu,createsim,structure_001913380,createsims_mdrun_lipids_water_2,1.7252075672149658,createsims_mdrun_lipids_water,1
87,flux-cpu,createsim,structure_001913380,createsims_trjconv_lipids_water_2,0.2424328327178955,createsims_trjconv_lipids_water,1
88,flux-cpu,createsim,structure_001913380,createsims_gromacs_energy_minimization_3,0.9279046058654785,createsims_gromacs_energy_minimization,1
89,flux-cpu,createsim,structure_001913380,createsims_mdrun_lipids_water_3,0.2526419162750244,createsims_mdrun_lipids_water,1
90,flux-cpu,createsim,structure_001913380,createsims_trjconv_lipids_water_3,0.23822307586669922,createsims_trjconv_lipids_water,1
91,flux-cpu,createsim,structure_001913380,createsims_gromacs_energy_minimization_4,0.9306848049163818,createsims_gromacs_energy_minimization,1
92,flux-cpu,createsim,structure_001913380,createsims_mdrun_lipids_water_4,1.8875868320465088,createsims_mdrun_lipids_water,1
93,flux-cpu,createsim,structure_001913380,createsims_trjconv_lipids_water_4,0.24207472801208496,createsims_trjconv_lipids_water,1
94,flux-cpu,createsim,structure_001913380,createsims_gromacs_energy_minimization_5,0.9277243614196777,createsims_gromacs_energy_minimization,1
95,flux-cpu,createsim,structure_001913380,createsims_mdrun_lipids_water_5,1.8048181533813477,createsims_mdrun_lipids_water,1
96,flux-cpu,createsim,structure_001913380,createsims_trjconv_lipids_water_5,0.25037074089050293,createsims_trjconv_lipids_water,1
97,flux-cpu,createsim,structure_001913380,createsims_gromacs_energy_minimization_6,0.9294044971466064,createsims_gromacs_energy_minimization,1
98,flux-cpu,createsim,structure_001913380,createsims_mdrun_lipids_water_6,1.669438362121582,createsims_mdrun_lipids_water,1
99,flux-cpu,createsim,structure_001913380,createsims_trjconv_lipids_water_6,0.24531912803649902,createsims_trjconv_lipids_water,1
100,flux-cpu,createsim,structure_001913380,createsims_gromacs_energy_minimization_7,0.9281620979309082,createsims_gromacs_energy_minimization,1
101,flux-cpu,createsim,structure_001913380,createsims_mdrun_lipids_water_7,1.7429969310760498,createsims_mdrun_lipids_water,1
102,flux-cpu,createsim,structure_001913380,createsims_trjconv_lipids_water_7,0.23710322380065918,createsims_trjconv_lipids_water,1
103,flux-cpu,createsim,structure_001913380,createsims_gromacs_energy_minimization_8,0.9333949089050293,createsims_gromacs_energy_minimization,1
104,flux-cpu,createsim,structure_001913380,createsims_mdrun_lipids_water_8,1.8086769580841064,createsims_mdrun_lipids_water,1
105,flux-cpu,createsim,structure_001913380,createsims_trjconv_lipids_water_8,0.23690390586853027,createsims_trjconv_lipids_water,1
106,flux-cpu,createsim,structure_001913380,createsims_gromacs_energy_minimization_9,0.9334156513214111,createsims_gromacs_energy_minimization,1
107,flux-cpu,createsim,structure_001913380,createsims_mdrun_lipids_water_9,0.25858235359191895,createsims_mdrun_lipids_water,1
108,flux-cpu,createsim,structure_001913380,createsims_trjconv_lipids_water_9,0.24154925346374512,createsims_trjconv_lipids_water,1
109,flux-cpu,createsim,structure_001913380,createsims_gromacs_make_ndx_9,0.5122613906860352,createsims_gromacs_make_ndx,1
110,flux-cpu,createsim,structure_086054556,createsim_runtime,487.9179456233978,createsim_runtime,1
111,flux-cpu,createsim,structure_086054556,createsims_create_cg_patch,0.0034046173095703125,createsims_create_cg_patch,1
112,flux-cpu,createsim,structure_086054556,createsims_setup_cg_sim,486.5151982307434,createsims_setup_cg_sim,1
113,flux-cpu,createsim,structure_086054556,createsims_gromacs_energy_minimization_0,3.515420436859131,createsims_gromacs_energy_minimization,1
114,flux-cpu,createsim,structure_086054556,createsims_mdrun_lipids_water_0,1.8675041198730469,createsims_mdrun_lipids_water,1
115,flux-cpu,createsim,structure_086054556,createsims_trjconv_lipids_water_0,0.24248480796813965,createsims_trjconv_lipids_water,1
116,flux-cpu,createsim,structure_086054556,createsims_gromacs_make_ndx_0,0.5059452056884766,createsims_gromacs_make_ndx,1
117,flux-cpu,createsim,structure_086054556,createsims_generate_velocities_0,33.69366478919983,createsims_generate_velocities,1
118,flux-cpu,createsim,structure_086054556,createsims_short_equilibration_0,69.66249799728394,createsims_short_equilibration,1
119,flux-cpu,createsim,structure_086054556,createsims_pull_molecules_0,279.2776348590851,createsims_pull_molecules,1
120,flux-cpu,createsim,structure_086054556,createsims_relax_protein,23.052940130233765,createsims_relax_protein,1
121,flux-cpu,createsim,structure_086054556,createsims_short_equilibration_20fs,70.89580345153809,createsims_short_equilibration,1
122,flux-cpu,createsim,structure_086054556,createsims_prime_cg_sim,1.3320865631103516,createsims_prime_cg_sim,1
123,flux-cpu,createsim,structure_094586946,createsim_runtime,505.28047585487366,createsim_runtime,1
124,flux-cpu,createsim,structure_094586946,createsims_create_cg_patch,0.002685546875,createsims_create_cg_patch,1
125,flux-cpu,createsim,structure_094586946,createsims_setup_cg_sim,503.9282908439636,createsims_setup_cg_sim,1
126,flux-cpu,createsim,structure_094586946,createsims_gromacs_energy_minimization_0,1.048210620880127,createsims_gromacs_energy_minimization,1
127,flux-cpu,createsim,structure_094586946,createsims_mdrun_lipids_water_0,1.7308804988861084,createsims_mdrun_lipids_water,1
128,flux-cpu,createsim,structure_094586946,createsims_trjconv_lipids_water_0,0.2500579357147217,createsims_trjconv_lipids_water,1
129,flux-cpu,createsim,structure_094586946,createsims_gromacs_make_ndx_0,0.5153915882110596,createsims_gromacs_make_ndx,1
130,flux-cpu,createsim,structure_094586946,createsims_generate_velocities_0,36.324185848236084,createsims_generate_velocities,1
131,flux-cpu,createsim,structure_094586946,createsims_short_equilibration_0,69.29772424697876,createsims_short_equilibration,1
132,flux-cpu,createsim,structure_094586946,createsims_pull_molecules_0,298.2586350440979,createsims_pull_molecules,1
133,flux-cpu,createsim,structure_094586946,createsims_relax_protein,23.72984790802002,createsims_relax_protein,1
134,flux-cpu,createsim,structure_094586946,createsims_short_equilibration_20fs,69.68914365768433,createsims_short_equilibration,1
135,flux-cpu,createsim,structure_094586946,createsims_prime_cg_sim,1.2872142791748047,createsims_prime_cg_sim,1
136,flux-cpu,createsim,structure_026461975,createsim_runtime,487.2725794315338,createsim_runtime,1
137,flux-cpu,createsim,structure_026461975,createsims_create_cg_patch,0.0025353431701660156,createsims_create_cg_patch,1
138,flux-cpu,createsim,structure_026461975,createsims_setup_cg_sim,485.9000709056854,createsims_setup_cg_sim,1
139,flux-cpu,createsim,structure_026461975,createsims_gromacs_energy_minimization_0,1.0472815036773682,createsims_gromacs_energy_minimization,1
140,flux-cpu,createsim,structure_026461975,createsims_mdrun_lipids_water_0,1.770176649093628,createsims_mdrun_lipids_water,1
141,flux-cpu,createsim,structure_026461975,createsims_trjconv_lipids_water_0,0.2363739013671875,createsims_trjconv_lipids_water,1
142,flux-cpu,createsim,structure_026461975,createsims_gromacs_make_ndx_0,0.5082533359527588,createsims_gromacs_make_ndx,1
143,flux-cpu,createsim,structure_026461975,createsims_generate_velocities_0,36.51380133628845,createsims_generate_velocities,1
144,flux-cpu,createsim,structure_026461975,createsims_short_equilibration_0,69.31753158569336,createsims_short_equilibration,1
145,flux-cpu,createsim,structure_026461975,createsims_pull_molecules_0,280.5811948776245,createsims_pull_molecules,1
146,flux-cpu,createsim,structure_026461975,createsims_relax_protein,23.580278158187866,createsims_relax_protein,1
147,flux-cpu,createsim,structure_026461975,createsims_short_equilibration_20fs,69.2654402256012,createsims_short_equilibration,1
148,flux-cpu,createsim,structure_026461975,createsims_prime_cg_sim,1.304915428161621,createsims_prime_cg_sim,1
149,flux-cpu,createsim,structure_010567707,createsim_runtime,494.90483140945435,createsim_runtime,1
150,flux-cpu,createsim,structure_010567707,createsims_create_cg_patch,0.003859996795654297,createsims_create_cg_patch,1
151,flux-cpu,createsim,structure_010567707,createsims_setup_cg_sim,493.5486493110657,createsims_setup_cg_sim,1
152,flux-cpu,createsim,structure_010567707,createsims_gromacs_energy_minimization_0,3.507857322692871,createsims_gromacs_energy_minimization,1
153,flux-cpu,createsim,structure_010567707,createsims_mdrun_lipids_water_0,1.853407621383667,createsims_mdrun_lipids_water,1
154,flux-cpu,createsim,structure_010567707,createsims_trjconv_lipids_water_0,0.2454836368560791,createsims_trjconv_lipids_water,1
155,flux-cpu,createsim,structure_010567707,createsims_gromacs_make_ndx_0,0.510761022567749,createsims_gromacs_make_ndx,1
156,flux-cpu,createsim,structure_010567707,createsims_generate_velocities_0,34.41432285308838,createsims_generate_velocities,1
157,flux-cpu,createsim,structure_010567707,createsims_short_equilibration_0,69.31134462356567,createsims_short_equilibration,1
158,flux-cpu,createsim,structure_010567707,createsims_pull_molecules_0,285.5576422214508,createsims_pull_molecules,1
159,flux-cpu,createsim,structure_010567707,createsims_relax_protein,24.874165773391724,createsims_relax_protein,1
160,flux-cpu,createsim,structure_010567707,createsims_short_equilibration_20fs,69.63132667541504,createsims_short_equilibration,1
161,flux-cpu,createsim,structure_010567707,createsims_prime_cg_sim,1.2846579551696777,createsims_prime_cg_sim,1
162,flux-cpu,cganalysis,structure_079346304,cganalysis_run,1788.9554908275604,cganalysis_run,1
163,flux-cpu,cganalysis,structure_079346304,cganalysis_load_mdanalysis,3.184650421142578,cganalysis_load_mdanalysis,1
164,flux-cpu,cganalysis,structure_079346304,cganalysis_run_simulation,5.008410215377808,cganalysis_run_simulation,1
165,flux-cpu,cganalysis,structure_079346304,cganalysis_simrun,5.008309364318848,cganalysis_simrun,1
166,flux-cpu,cganalysis,structure_079346304,cganalysis_main_analysis,1780.4968404769897,cganalysis_main_analysis,1
167,flux-cpu,cganalysis,structure_058491350,cganalysis_run,1787.54492521286,cganalysis_run,1
168,flux-cpu,cganalysis,structure_058491350,cganalysis_load_mdanalysis,1.871312141418457,cganalysis_load_mdanalysis,1
169,flux-cpu,cganalysis,structure_058491350,cganalysis_run_simulation,5.008567571640015,cganalysis_run_simulation,1
170,flux-cpu,cganalysis,structure_058491350,cganalysis_simrun,5.008450508117676,cganalysis_simrun,1
171,flux-cpu,cganalysis,structure_058491350,cganalysis_main_analysis,1780.4629147052765,cganalysis_main_analysis,1
172,flux-cpu,cganalysis,structure_091332104,cganalysis_run,1784.4117178916931,cganalysis_run,1
173,flux-cpu,cganalysis,structure_091332104,cganalysis_load_mdanalysis,0.8804512023925781,cganalysis_load_mdanalysis,1
174,flux-cpu,cganalysis,structure_091332104,cganalysis_run_simulation,5.009839057922363,cganalysis_run_simulation,1
175,flux-cpu,cganalysis,structure_091332104,cganalysis_simrun,5.0097362995147705,cganalysis_simrun,1
176,flux-cpu,cganalysis,structure_091332104,cganalysis_main_analysis,1778.4275424480438,cganalysis_main_analysis,1
177,flux-cpu,cganalysis,structure_054411423,cganalysis_run,1788.9619538784027,cganalysis_run,1
178,flux-cpu,cganalysis,structure_054411423,cganalysis_load_mdanalysis,3.1761109828948975,cganalysis_load_mdanalysis,1
179,flux-cpu,cganalysis,structure_054411423,cganalysis_run_simulation,5.010946035385132,cganalysis_run_simulation,1
180,flux-cpu,cganalysis,structure_054411423,cganalysis_simrun,5.01084041595459,cganalysis_simrun,1
181,flux-cpu,cganalysis,structure_054411423,cganalysis_main_analysis,1780.4779419898987,cganalysis_main_analysis,1
182,flux-cpu,cganalysis,structure_092923284,cganalysis_run,1784.3929064273834,cganalysis_run,1
183,flux-cpu,cganalysis,structure_092923284,cganalysis_load_mdanalysis,0.878878116607666,cganalysis_load_mdanalysis,1
184,flux-cpu,cganalysis,structure_092923284,cganalysis_run_simulation,5.010501146316528,cganalysis_run_simulation,1
185,flux-cpu,cganalysis,structure_092923284,cganalysis_simrun,5.0103981494903564,cganalysis_simrun,1
186,flux-cpu,cganalysis,structure_092923284,cganalysis_main_analysis,1778.407027721405,cganalysis_main_analysis,1
187,flux-cpu,cganalysis,structure_000920520,cganalysis_run,1788.974931716919,cganalysis_run,1
188,flux-cpu,cganalysis,structure_000920520,cganalysis_load_mdanalysis,3.187007427215576,cganalysis_load_mdanalysis,1
189,flux-cpu,cganalysis,structure_000920520,cganalysis_run_simulation,5.008511543273926,cganalysis_run_simulation,1
190,flux-cpu,cganalysis,structure_000920520,cganalysis_simrun,5.0084028244018555,cganalysis_simrun,1
191,flux-cpu,cganalysis,structure_000920520,cganalysis_main_analysis,1780.4972965717316,cganalysis_main_analysis,1
192,flux-cpu,cganalysis,structure_086054556,cganalysis_run,1788.942139863968,cganalysis_run,1
193,flux-cpu,cganalysis,structure_086054556,cganalysis_load_mdanalysis,3.1690852642059326,cganalysis_load_mdanalysis,1
194,flux-cpu,cganalysis,structure_086054556,cganalysis_run_simulation,5.008197784423828,cganalysis_run_simulation,1
195,flux-cpu,cganalysis,structure_086054556,cganalysis_simrun,5.00807785987854,cganalysis_simrun,1
196,flux-cpu,cganalysis,structure_086054556,cganalysis_main_analysis,1780.4869453907013,cganalysis_main_analysis,1
197,flux-cpu,cganalysis,structure_094586946,cganalysis_run,1784.3891198635101,cganalysis_run,1
198,flux-cpu,cganalysis,structure_094586946,cganalysis_load_mdanalysis,0.8766024112701416,cganalysis_load_mdanalysis,1
199,flux-cpu,cganalysis,structure_094586946,cganalysis_run_simulation,5.007487773895264,cganalysis_run_simulation,1
200,flux-cpu,cganalysis,structure_094586946,cganalysis_simrun,5.00738525390625,cganalysis_simrun,1
201,flux-cpu,cganalysis,structure_094586946,cganalysis_main_analysis,1778.410677909851,cganalysis_main_analysis,1
202,flux-cpu,cganalysis,structure_026461975,cganalysis_run,1784.3962252140045,cganalysis_run,1
203,flux-cpu,cganalysis,structure_026461975,cganalysis_load_mdanalysis,0.8810522556304932,cganalysis_load_mdanalysis,1
204,flux-cpu,cganalysis,structure_026461975,cganalysis_run_simulation,5.007792234420776,cganalysis_run_simulation,1
205,flux-cpu,cganalysis,structure_026461975,cganalysis_simrun,5.007670164108276,cganalysis_simrun,1
206,flux-cpu,cganalysis,structure_026461975,cganalysis_main_analysis,1778.412329673767,cganalysis_main_analysis,1
207,flux-cpu,cganalysis,structure_010567707,cganalysis_run,1788.8693134784698,cganalysis_run,1
208,flux-cpu,cganalysis,structure_010567707,cganalysis_load_mdanalysis,3.189837694168091,cganalysis_load_mdanalysis,1
209,flux-cpu,cganalysis,structure_010567707,cganalysis_run_simulation,5.008386135101318,cganalysis_run_simulation,1
210,flux-cpu,cganalysis,structure_010567707,cganalysis_simrun,5.0082848072052,cganalysis_simrun,1
211,flux-cpu,cganalysis,structure_010567707,cganalysis_main_analysis,1780.4181694984436,cganalysis_main_analysis,1
212,flux-cpu,createsim,structure_037750636,createsim_runtime,484.5278277397156,createsim_runtime,3
213,flux-cpu,createsim,structure_037750636,createsims_create_cg_patch,0.002815723419189453,createsims_create_cg_patch,3
214,flux-cpu,createsim,structure_037750636,createsims_setup_cg_sim,483.171594619751,createsims_setup_cg_sim,3
215,flux-cpu,createsim,structure_037750636,createsims_gromacs_energy_minimization_0,1.0494835376739502,createsims_gromacs_energy_minimization,3
216,flux-cpu,createsim,structure_037750636,createsims_mdrun_lipids_water_0,1.6385083198547363,createsims_mdrun_lipids_water,3
217,flux-cpu,createsim,structure_037750636,createsims_trjconv_lipids_water_0,0.25254201889038086,createsims_trjconv_lipids_water,3
218,flux-cpu,createsim,structure_037750636,createsims_gromacs_make_ndx_0,0.5073673725128174,createsims_gromacs_make_ndx,3
219,flux-cpu,createsim,structure_037750636,createsims_generate_velocities_0,33.34842920303345,createsims_generate_velocities,3
220,flux-cpu,createsim,structure_037750636,createsims_short_equilibration_0,70.12670660018921,createsims_short_equilibration,3
221,flux-cpu,createsim,structure_037750636,createsims_pull_molecules_0,276.54402589797974,createsims_pull_molecules,3
222,flux-cpu,createsim,structure_037750636,createsims_relax_protein,23.88568687438965,createsims_relax_protein,3
223,flux-cpu,createsim,structure_037750636,createsims_short_equilibration_20fs,72.66818070411682,createsims_short_equilibration,3
224,flux-cpu,createsim,structure_037750636,createsims_prime_cg_sim,1.2848899364471436,createsims_prime_cg_sim,3
225,flux-cpu,createsim,structure_079790672,createsim_runtime,500.53502130508423,createsim_runtime,3
226,flux-cpu,createsim,structure_079790672,createsims_create_cg_patch,0.002735614776611328,createsims_create_cg_patch,3
227,flux-cpu,createsim,structure_079790672,createsims_setup_cg_sim,499.1742961406708,createsims_setup_cg_sim,3
228,flux-cpu,createsim,structure_079790672,createsims_gromacs_energy_minimization_0,1.0588157176971436,createsims_gromacs_energy_minimization,3
229,flux-cpu,createsim,structure_079790672,createsims_mdrun_lipids_water_0,1.8138525485992432,createsims_mdrun_lipids_water,3
230,flux-cpu,createsim,structure_079790672,createsims_trjconv_lipids_water_0,0.24508047103881836,createsims_trjconv_lipids_water,3
231,flux-cpu,createsim,structure_079790672,createsims_gromacs_make_ndx_0,0.5093100070953369,createsims_gromacs_make_ndx,3
232,flux-cpu,createsim,structure_079790672,createsims_generate_velocities_0,33.83723330497742,createsims_generate_velocities,3
233,flux-cpu,createsim,structure_079790672,createsims_short_equilibration_0,73.79202914237976,createsims_short_equilibration,3
234,flux-cpu,createsim,structure_079790672,createsims_pull_molecules_0,290.23596572875977,createsims_pull_molecules,3
235,flux-cpu,createsim,structure_079790672,createsims_relax_protein,23.22039270401001,createsims_relax_protein,3
236,flux-cpu,createsim,structure_079790672,createsims_short_equilibration_20fs,71.33285284042358,createsims_short_equilibration,3
237,flux-cpu,createsim,structure_079790672,createsims_prime_cg_sim,1.2914142608642578,createsims_prime_cg_sim,3
238,flux-cpu,createsim,structure_048708132,createsim_runtime,514.4374711513519,createsim_runtime,3
239,flux-cpu,createsim,structure_048708132,createsims_create_cg_patch,0.003306150436401367,createsims_create_cg_patch,3
240,flux-cpu,createsim,structure_048708132,createsims_setup_cg_sim,513.0846881866455,createsims_setup_cg_sim,3
241,flux-cpu,createsim,structure_048708132,createsims_gromacs_energy_minimization_0,1.0603787899017334,createsims_gromacs_energy_minimization,3
242,flux-cpu,createsim,structure_048708132,createsims_mdrun_lipids_water_0,0.26337289810180664,createsims_mdrun_lipids_water,3
243,flux-cpu,createsim,structure_048708132,createsims_trjconv_lipids_water_0,0.27091479301452637,createsims_trjconv_lipids_water,3
244,flux-cpu,createsim,structure_048708132,createsims_gromacs_energy_minimization_1,0.9269394874572754,createsims_gromacs_energy_minimization,3
245,flux-cpu,createsim,structure_048708132,createsims_mdrun_lipids_water_1,1.6164369583129883,createsims_mdrun_lipids_water,3
246,flux-cpu,createsim,structure_048708132,createsims_trjconv_lipids_water_1,0.2381887435913086,createsims_trjconv_lipids_water,3
247,flux-cpu,createsim,structure_048708132,createsims_gromacs_energy_minimization_2,0.9322376251220703,createsims_gromacs_energy_minimization,3
248,flux-cpu,createsim,structure_048708132,createsims_mdrun_lipids_water_2,1.8469581604003906,createsims_mdrun_lipids_water,3
249,flux-cpu,createsim,structure_048708132,createsims_trjconv_lipids_water_2,0.24849462509155273,createsims_trjconv_lipids_water,3
250,flux-cpu,createsim,structure_048708132,createsims_gromacs_energy_minimization_3,0.9244813919067383,createsims_gromacs_energy_minimization,3
251,flux-cpu,createsim,structure_048708132,createsims_mdrun_lipids_water_3,0.23056864738464355,createsims_mdrun_lipids_water,3
252,flux-cpu,createsim,structure_048708132,createsims_trjconv_lipids_water_3,0.23288965225219727,createsims_trjconv_lipids_water,3
253,flux-cpu,createsim,structure_048708132,createsims_gromacs_energy_minimization_4,0.922391414642334,createsims_gromacs_energy_minimization,3
254,flux-cpu,createsim,structure_048708132,createsims_mdrun_lipids_water_4,1.5690197944641113,createsims_mdrun_lipids_water,3
255,flux-cpu,createsim,structure_048708132,createsims_trjconv_lipids_water_4,0.24791383743286133,createsims_trjconv_lipids_water,3
256,flux-cpu,createsim,structure_048708132,createsims_gromacs_energy_minimization_5,0.9310405254364014,createsims_gromacs_energy_minimization,3
257,flux-cpu,createsim,structure_048708132,createsims_mdrun_lipids_water_5,0.2597348690032959,createsims_mdrun_lipids_water,3
258,flux-cpu,createsim,structure_048708132,createsims_trjconv_lipids_water_5,0.23450565338134766,createsims_trjconv_lipids_water,3
259,flux-cpu,createsim,structure_048708132,createsims_gromacs_energy_minimization_6,0.9218511581420898,createsims_gromacs_energy_minimization,3
260,flux-cpu,createsim,structure_048708132,createsims_mdrun_lipids_water_6,1.6971914768218994,createsims_mdrun_lipids_water,3
261,flux-cpu,createsim,structure_048708132,createsims_trjconv_lipids_water_6,0.25097012519836426,createsims_trjconv_lipids_water,3
262,flux-cpu,createsim,structure_048708132,createsims_gromacs_energy_minimization_7,0.9283370971679688,createsims_gromacs_energy_minimization,3
263,flux-cpu,createsim,structure_048708132,createsims_mdrun_lipids_water_7,0.2606525421142578,createsims_mdrun_lipids_water,3
264,flux-cpu,createsim,structure_048708132,createsims_trjconv_lipids_water_7,0.23599529266357422,createsims_trjconv_lipids_water,3
265,flux-cpu,createsim,structure_048708132,createsims_gromacs_energy_minimization_8,0.9426212310791016,createsims_gromacs_energy_minimization,3
266,flux-cpu,createsim,structure_048708132,createsims_mdrun_lipids_water_8,1.7035024166107178,createsims_mdrun_lipids_water,3
267,flux-cpu,createsim,structure_048708132,createsims_trjconv_lipids_water_8,0.25037598609924316,createsims_trjconv_lipids_water,3
268,flux-cpu,createsim,structure_048708132,createsims_gromacs_energy_minimization_9,0.9311630725860596,createsims_gromacs_energy_minimization,3
269,flux-cpu,createsim,structure_048708132,createsims_mdrun_lipids_water_9,1.654928207397461,createsims_mdrun_lipids_water,3
270,flux-cpu,createsim,structure_048708132,createsims_trjconv_lipids_water_9,0.2334127426147461,createsims_trjconv_lipids_water,3
271,flux-cpu,createsim,structure_048708132,createsims_gromacs_make_ndx_9,0.5067427158355713,createsims_gromacs_make_ndx,3
272,flux-cpu,createsim,structure_048708132,createsims_generate_velocities_0,33.68888998031616,createsims_generate_velocities,3
273,flux-cpu,createsim,structure_048708132,createsims_short_equilibration_0,72.33729815483093,createsims_short_equilibration,3
274,flux-cpu,createsim,structure_048708132,createsims_pull_molecules_0,279.6463623046875,createsims_pull_molecules,3
275,flux-cpu,createsim,structure_048708132,createsims_relax_protein,23.79012370109558,createsims_relax_protein,3
276,flux-cpu,createsim,structure_048708132,createsims_short_equilibration_20fs,72.12714457511902,createsims_short_equilibration,3
277,flux-cpu,createsim,structure_048708132,createsims_prime_cg_sim,1.2822816371917725,createsims_prime_cg_sim,3
278,flux-cpu,createsim,structure_067097120,createsim_runtime,490.52598309516907,createsim_runtime,3
279,flux-cpu,createsim,structure_067097120,createsims_create_cg_patch,0.002515077590942383,createsims_create_cg_patch,3
280,flux-cpu,createsim,structure_067097120,createsims_setup_cg_sim,489.16512632369995,createsims_setup_cg_sim,3
281,flux-cpu,createsim,structure_067097120,createsims_gromacs_energy_minimization_0,1.0535666942596436,createsims_gromacs_energy_minimization,3
282,flux-cpu,createsim,structure_067097120,createsims_mdrun_lipids_water_0,1.7127926349639893,createsims_mdrun_lipids_water,3
283,flux-cpu,createsim,structure_067097120,createsims_trjconv_lipids_water_0,0.25043582916259766,createsims_trjconv_lipids_water,3
284,flux-cpu,createsim,structure_067097120,createsims_gromacs_make_ndx_0,0.5188145637512207,createsims_gromacs_make_ndx,3
285,flux-cpu,createsim,structure_067097120,createsims_generate_velocities_0,33.99875020980835,createsims_generate_velocities,3
286,flux-cpu,createsim,structure_067097120,createsims_short_equilibration_0,70.44571423530579,createsims_short_equilibration,3
287,flux-cpu,createsim,structure_067097120,createsims_pull_molecules_0,284.5991714000702,createsims_pull_molecules,3
288,flux-cpu,createsim,structure_067097120,createsims_relax_protein,23.600607872009277,createsims_relax_protein,3
289,flux-cpu,createsim,structure_067097120,createsims_short_equilibration_20fs,69.85653305053711,createsims_short_equilibration,3
290,flux-cpu,createsim,structure_067097120,createsims_prime_cg_sim,1.2941296100616455,createsims_prime_cg_sim,3
291,flux-cpu,createsim,structure_019411057,createsim_runtime,492.35779190063477,createsim_runtime,3
292,flux-cpu,createsim,structure_019411057,createsims_create_cg_patch,0.0025589466094970703,createsims_create_cg_patch,3
293,flux-cpu,createsim,structure_019411057,createsims_setup_cg_sim,491.0001299381256,createsims_setup_cg_sim,3
294,flux-cpu,createsim,structure_019411057,createsims_gromacs_energy_minimization_0,1.0456509590148926,createsims_gromacs_energy_minimization,3
295,flux-cpu,createsim,structure_019411057,createsims_mdrun_lipids_water_0,1.8576154708862305,createsims_mdrun_lipids_water,3
296,flux-cpu,createsim,structure_019411057,createsims_trjconv_lipids_water_0,0.2500290870666504,createsims_trjconv_lipids_water,3
297,flux-cpu,createsim,structure_019411057,createsims_gromacs_make_ndx_0,0.5104067325592041,createsims_gromacs_make_ndx,3
298,flux-cpu,createsim,structure_019411057,createsims_generate_velocities_0,35.0950608253479,createsims_generate_velocities,3
299,flux-cpu,createsim,structure_019411057,createsims_short_equilibration_0,69.20464062690735,createsims_short_equilibration,3
300,flux-cpu,createsim,structure_019411057,createsims_pull_molecules_0,283.890202999115,createsims_pull_molecules,3
301,flux-cpu,createsim,structure_019411057,createsims_relax_protein,23.645566940307617,createsims_relax_protein,3
302,flux-cpu,createsim,structure_019411057,createsims_short_equilibration_20fs,72.39427971839905,createsims_short_equilibration,3
303,flux-cpu,createsim,structure_019411057,createsims_prime_cg_sim,1.2895374298095703,createsims_prime_cg_sim,3
304,flux-cpu,createsim,structure_023483804,createsim_runtime,502.52305269241333,createsim_runtime,3
305,flux-cpu,createsim,structure_023483804,createsims_create_cg_patch,0.0032303333282470703,createsims_create_cg_patch,3
306,flux-cpu,createsim,structure_023483804,createsims_setup_cg_sim,501.1627674102783,createsims_setup_cg_sim,3
307,flux-cpu,createsim,structure_023483804,createsims_gromacs_energy_minimization_0,1.0485060214996338,createsims_gromacs_energy_minimization,3
308,flux-cpu,createsim,structure_023483804,createsims_mdrun_lipids_water_0,1.7818574905395508,createsims_mdrun_lipids_water,3
309,flux-cpu,createsim,structure_023483804,createsims_trjconv_lipids_water_0,0.2470109462738037,createsims_trjconv_lipids_water,3
310,flux-cpu,createsim,structure_023483804,createsims_gromacs_make_ndx_0,0.5065944194793701,createsims_gromacs_make_ndx,3
311,flux-cpu,createsim,structure_023483804,createsims_generate_velocities_0,33.496541261672974,createsims_generate_velocities,3
312,flux-cpu,createsim,structure_023483804,createsims_short_equilibration_0,69.44947290420532,createsims_short_equilibration,3
313,flux-cpu,createsim,structure_023483804,createsims_pull_molecules_0,296.7083306312561,createsims_pull_molecules,3
314,flux-cpu,createsim,structure_023483804,createsims_relax_protein,23.891305208206177,createsims_relax_protein,3
315,flux-cpu,createsim,structure_023483804,createsims_short_equilibration_20fs,70.89968991279602,createsims_short_equilibration,3
316,flux-cpu,createsim,structure_023483804,createsims_prime_cg_sim,1.2898521423339844,createsims_prime_cg_sim,3
317,flux-cpu,createsim,structure_044669686,createsim_runtime,491.7071051597595,createsim_runtime,3
318,flux-cpu,createsim,structure_044669686,createsims_create_cg_patch,0.003275156021118164,createsims_create_cg_patch,3
319,flux-cpu,createsim,structure_044669686,createsims_setup_cg_sim,490.3282902240753,createsims_setup_cg_sim,3
320,flux-cpu,createsim,structure_044669686,createsims_gromacs_energy_minimization_0,1.0572266578674316,createsims_gromacs_energy_minimization,3
321,flux-cpu,createsim,structure_044669686,createsims_mdrun_lipids_water_0,1.7053873538970947,createsims_mdrun_lipids_water,3
322,flux-cpu,createsim,structure_044669686,createsims_trjconv_lipids_water_0,0.23557734489440918,createsims_trjconv_lipids_water,3
323,flux-cpu,createsim,structure_044669686,createsims_gromacs_make_ndx_0,0.5084986686706543,createsims_gromacs_make_ndx,3
324,flux-cpu,createsim,structure_044669686,createsims_generate_velocities_0,34.04830837249756,createsims_generate_velocities,3
325,flux-cpu,createsim,structure_044669686,createsims_short_equilibration_0,68.51913189888,createsims_short_equilibration,3
326,flux-cpu,createsim,structure_044669686,createsims_pull_molecules_0,285.08170652389526,createsims_pull_molecules,3
327,flux-cpu,createsim,structure_044669686,createsims_relax_protein,23.239559412002563,createsims_relax_protein,3
328,flux-cpu,createsim,structure_044669686,createsims_short_equilibration_20fs,72.7048180103302,createsims_short_equilibration,3
329,flux-cpu,createsim,structure_044669686,createsims_prime_cg_sim,1.3090243339538574,createsims_prime_cg_sim,3
330,flux-cpu,createsim,structure_027173108,createsim_runtime,491.0450608730316,createsim_runtime,3
331,flux-cpu,createsim,structure_027173108,createsims_create_cg_patch,0.003868579864501953,createsims_create_cg_patch,3
332,flux-cpu,createsim,structure_027173108,createsims_setup_cg_sim,489.689759016037,createsims_setup_cg_sim,3
333,flux-cpu,createsim,structure_027173108,createsims_gromacs_energy_minimization_0,1.0599420070648193,createsims_gromacs_energy_minimization,3
334,flux-cpu,createsim,structure_027173108,createsims_mdrun_lipids_water_0,1.7858200073242188,createsims_mdrun_lipids_water,3
335,flux-cpu,createsim,structure_027173108,createsims_trjconv_lipids_water_0,0.2510981559753418,createsims_trjconv_lipids_water,3
336,flux-cpu,createsim,structure_027173108,createsims_gromacs_make_ndx_0,0.5172739028930664,createsims_gromacs_make_ndx,3
337,flux-cpu,createsim,structure_027173108,createsims_generate_velocities_0,35.264522314071655,createsims_generate_velocities,3
338,flux-cpu,createsim,structure_027173108,createsims_short_equilibration_0,69.07777404785156,createsims_short_equilibration,3
339,flux-cpu,createsim,structure_027173108,createsims_pull_molecules_0,280.6648187637329,createsims_pull_molecules,3
340,flux-cpu,createsim,structure_027173108,createsims_relax_protein,24.041036367416382,createsims_relax_protein,3
341,flux-cpu,createsim,structure_027173108,createsims_short_equilibration_20fs,73.84436774253845,createsims_short_equilibration,3
342,flux-cpu,createsim,structure_027173108,createsims_prime_cg_sim,1.2823991775512695,createsims_prime_cg_sim,3
343,flux-cpu,createsim,structure_054699681,createsim_runtime,486.82976484298706,createsim_runtime,3
344,flux-cpu,createsim,structure_054699681,createsims_create_cg_patch,0.003335237503051758,createsims_create_cg_patch,3
345,flux-cpu,createsim,structure_054699681,createsims_setup_cg_sim,485.4474205970764,createsims_setup_cg_sim,3
346,flux-cpu,createsim,structure_054699681,createsims_gromacs_energy_minimization_0,1.0683767795562744,createsims_gromacs_energy_minimization,3
347,flux-cpu,createsim,structure_054699681,createsims_mdrun_lipids_water_0,1.6416606903076172,createsims_mdrun_lipids_water,3
348,flux-cpu,createsim,structure_054699681,createsims_trjconv_lipids_water_0,0.24850702285766602,createsims_trjconv_lipids_water,3
349,flux-cpu,createsim,structure_054699681,createsims_gromacs_make_ndx_0,0.5030426979064941,createsims_gromacs_make_ndx,3
350,flux-cpu,createsim,structure_054699681,createsims_generate_velocities_0,34.429688692092896,createsims_generate_velocities,3
351,flux-cpu,createsim,structure_054699681,createsims_short_equilibration_0,68.77772665023804,createsims_short_equilibration,3
352,flux-cpu,createsim,structure_054699681,createsims_pull_molecules_0,280.4323570728302,createsims_pull_molecules,3
353,flux-cpu,createsim,structure_054699681,createsims_relax_protein,23.065094470977783,createsims_relax_protein,3
354,flux-cpu,createsim,structure_054699681,createsims_short_equilibration_20fs,72.17394065856934,createsims_short_equilibration,3
355,flux-cpu,createsim,structure_054699681,createsims_prime_cg_sim,1.3074140548706055,createsims_prime_cg_sim,3
356,flux-cpu,createsim,structure_066355585,createsim_runtime,493.691303730011,createsim_runtime,3
357,flux-cpu,createsim,structure_066355585,createsims_create_cg_patch,0.0033354759216308594,createsims_create_cg_patch,3
358,flux-cpu,createsim,structure_066355585,createsims_setup_cg_sim,492.3163664340973,createsims_setup_cg_sim,3
359,flux-cpu,createsim,structure_066355585,createsims_gromacs_energy_minimization_0,1.060107946395874,createsims_gromacs_energy_minimization,3
360,flux-cpu,createsim,structure_066355585,createsims_mdrun_lipids_water_0,1.8454203605651855,createsims_mdrun_lipids_water,3
361,flux-cpu,createsim,structure_066355585,createsims_trjconv_lipids_water_0,0.257265567779541,createsims_trjconv_lipids_water,3
362,flux-cpu,createsim,structure_066355585,createsims_gromacs_make_ndx_0,0.5098905563354492,createsims_gromacs_make_ndx,3
363,flux-cpu,createsim,structure_066355585,createsims_generate_velocities_0,35.73267722129822,createsims_generate_velocities,3
364,flux-cpu,createsim,structure_066355585,createsims_short_equilibration_0,70.34425258636475,createsims_short_equilibration,3
365,flux-cpu,createsim,structure_066355585,createsims_pull_molecules_0,286.27368688583374,createsims_pull_molecules,3
366,flux-cpu,createsim,structure_066355585,createsims_relax_protein,23.717609405517578,createsims_relax_protein,3
367,flux-cpu,createsim,structure_066355585,createsims_short_equilibration_20fs,69.4169249534607,createsims_short_equilibration,3
368,flux-cpu,createsim,structure_066355585,createsims_prime_cg_sim,1.3004884719848633,createsims_prime_cg_sim,3
369,flux-cpu,cganalysis,structure_037750636,cganalysis_run,1784.400624036789,cganalysis_run,3
370,flux-cpu,cganalysis,structure_037750636,cganalysis_load_mdanalysis,0.8759150505065918,cganalysis_load_mdanalysis,3
371,flux-cpu,cganalysis,structure_037750636,cganalysis_run_simulation,5.009947776794434,cganalysis_run_simulation,3
372,flux-cpu,cganalysis,structure_037750636,cganalysis_simrun,5.0098419189453125,cganalysis_simrun,3
373,flux-cpu,cganalysis,structure_037750636,cganalysis_main_analysis,1778.420655488968,cganalysis_main_analysis,3
374,flux-cpu,cganalysis,structure_079790672,cganalysis_run,1784.4192044734955,cganalysis_run,3
375,flux-cpu,cganalysis,structure_079790672,cganalysis_load_mdanalysis,0.9001812934875488,cganalysis_load_mdanalysis,3
376,flux-cpu,cganalysis,structure_079790672,cganalysis_run_simulation,5.00956392288208,cganalysis_run_simulation,3
377,flux-cpu,cganalysis,structure_079790672,cganalysis_simrun,5.009462356567383,cganalysis_simrun,3
378,flux-cpu,cganalysis,structure_079790672,cganalysis_main_analysis,1778.4142937660217,cganalysis_main_analysis,3
379,flux-cpu,cganalysis,structure_048708132,cganalysis_run,396.0987844467163,cganalysis_run,3
380,flux-cpu,cganalysis,structure_048708132,cganalysis_load_mdanalysis,0.8795549869537354,cganalysis_load_mdanalysis,3
381,flux-cpu,cganalysis,structure_048708132,cganalysis_run_simulation,5.010728597640991,cganalysis_run_simulation,3
382,flux-cpu,cganalysis,structure_048708132,cganalysis_simrun,5.010626792907715,cganalysis_simrun,3
383,flux-cpu,cganalysis,structure_048708132,cganalysis_main_analysis,390.115234375,cganalysis_main_analysis,3
384,flux-cpu,cganalysis,structure_067097120,cganalysis_run,1784.3865826129913,cganalysis_run,3
385,flux-cpu,cganalysis,structure_067097120,cganalysis_load_mdanalysis,0.8816864490509033,cganalysis_load_mdanalysis,3
386,flux-cpu,cganalysis,structure_067097120,cganalysis_run_simulation,5.009095668792725,cganalysis_run_simulation,3
387,flux-cpu,cganalysis,structure_067097120,cganalysis_simrun,5.0089921951293945,cganalysis_simrun,3
388,flux-cpu,cganalysis,structure_067097120,cganalysis_main_analysis,1778.4014990329742,cganalysis_main_analysis,3
389,flux-cpu,cganalysis,structure_019411057,cganalysis_run,1784.3643980026245,cganalysis_run,3
390,flux-cpu,cganalysis,structure_019411057,cganalysis_load_mdanalysis,0.8768389225006104,cganalysis_load_mdanalysis,3
391,flux-cpu,cganalysis,structure_019411057,cganalysis_run_simulation,5.0104429721832275,cganalysis_run_simulation,3
392,flux-cpu,cganalysis,structure_019411057,cganalysis_simrun,5.010334253311157,cganalysis_simrun,3
393,flux-cpu,cganalysis,structure_019411057,cganalysis_main_analysis,1778.383282661438,cganalysis_main_analysis,3
394,flux-cpu,cganalysis,structure_023483804,cganalysis_run,1784.376515865326,cganalysis_run,3
395,flux-cpu,cganalysis,structure_023483804,cganalysis_load_mdanalysis,0.8727128505706787,cganalysis_load_mdanalysis,3
396,flux-cpu,cganalysis,structure_023483804,cganalysis_run_simulation,5.00869083404541,cganalysis_run_simulation,3
397,flux-cpu,cganalysis,structure_023483804,cganalysis_simrun,5.008587837219238,cganalysis_simrun,3
398,flux-cpu,cganalysis,structure_023483804,cganalysis_main_analysis,1778.402240037918,cganalysis_main_analysis,3
399,flux-cpu,cganalysis,structure_044669686,cganalysis_run,1784.3874869346619,cganalysis_run,3
400,flux-cpu,cganalysis,structure_044669686,cganalysis_load_mdanalysis,0.8805890083312988,cganalysis_load_mdanalysis,3
401,flux-cpu,cganalysis,structure_044669686,cganalysis_run_simulation,5.008101463317871,cganalysis_run_simulation,3
402,flux-cpu,cganalysis,structure_044669686,cganalysis_simrun,5.0079967975616455,cganalysis_simrun,3
403,flux-cpu,cganalysis,structure_044669686,cganalysis_main_analysis,1778.4045431613922,cganalysis_main_analysis,3
404,flux-cpu,cganalysis,structure_027173108,cganalysis_run,1784.3774902820587,cganalysis_run,3
405,flux-cpu,cganalysis,structure_027173108,cganalysis_load_mdanalysis,0.8746497631072998,cganalysis_load_mdanalysis,3
406,flux-cpu,cganalysis,structure_027173108,cganalysis_run_simulation,5.008577585220337,cganalysis_run_simulation,3
407,flux-cpu,cganalysis,structure_027173108,cganalysis_simrun,5.008476495742798,cganalysis_simrun,3
408,flux-cpu,cganalysis,structure_027173108,cganalysis_main_analysis,1778.3974213600159,cganalysis_main_analysis,3
409,flux-cpu,cganalysis,structure_054699681,cganalysis_run,1784.4048657417297,cganalysis_run,3
410,flux-cpu,cganalysis,structure_054699681,cganalysis_load_mdanalysis,0.8776223659515381,cganalysis_load_mdanalysis,3
411,flux-cpu,cganalysis,structure_054699681,cganalysis_run_simulation,5.010655879974365,cganalysis_run_simulation,3
412,flux-cpu,cganalysis,structure_054699681,cganalysis_simrun,5.010555267333984,cganalysis_simrun,3
413,flux-cpu,cganalysis,structure_054699681,cganalysis_main_analysis,1778.4222378730774,cganalysis_main_analysis,3
414,flux-cpu,cganalysis,structure_066355585,cganalysis_run,1784.384066104889,cganalysis_run,3
415,flux-cpu,cganalysis,structure_066355585,cganalysis_load_mdanalysis,0.8738594055175781,cganalysis_load_mdanalysis,3
416,flux-cpu,cganalysis,structure_066355585,cganalysis_run_simulation,5.01066780090332,cganalysis_run_simulation,3
417,flux-cpu,cganalysis,structure_066355585,cganalysis_simrun,5.010566711425781,cganalysis_simrun,3
418,flux-cpu,cganalysis,structure_066355585,cganalysis_main_analysis,1778.4057075977325,cganalysis_main_analysis,3
419,flux-cpu,createsim,structure_028105089,createsim_runtime,493.2744867801666,createsim_runtime,2
420,flux-cpu,createsim,structure_028105089,createsims_create_cg_patch,0.003412961959838867,createsims_create_cg_patch,2
421,flux-cpu,createsim,structure_028105089,createsims_setup_cg_sim,491.91442608833313,createsims_setup_cg_sim,2
422,flux-cpu,createsim,structure_028105089,createsims_gromacs_energy_minimization_0,3.188754081726074,createsims_gromacs_energy_minimization,2
423,flux-cpu,createsim,structure_028105089,createsims_mdrun_lipids_water_0,1.644761085510254,createsims_mdrun_lipids_water,2
424,flux-cpu,createsim,structure_028105089,createsims_trjconv_lipids_water_0,0.24239778518676758,createsims_trjconv_lipids_water,2
425,flux-cpu,createsim,structure_028105089,createsims_gromacs_make_ndx_0,0.5103580951690674,createsims_gromacs_make_ndx,2
426,flux-cpu,createsim,structure_028105089,createsims_generate_velocities_0,34.230865478515625,createsims_generate_velocities,2
427,flux-cpu,createsim,structure_028105089,createsims_short_equilibration_0,72.57076621055603,createsims_short_equilibration,2
428,flux-cpu,createsim,structure_028105089,createsims_pull_molecules_0,280.243173122406,createsims_pull_molecules,2
429,flux-cpu,createsim,structure_028105089,createsims_relax_protein,23.92686438560486,createsims_relax_protein,2
430,flux-cpu,createsim,structure_028105089,createsims_short_equilibration_20fs,71.82671785354614,createsims_short_equilibration,2
431,flux-cpu,createsim,structure_028105089,createsims_prime_cg_sim,1.2900416851043701,createsims_prime_cg_sim,2
432,flux-cpu,createsim,structure_023401045,createsim_runtime,493.52112317085266,createsim_runtime,2
433,flux-cpu,createsim,structure_023401045,createsims_create_cg_patch,0.0025756359100341797,createsims_create_cg_patch,2
434,flux-cpu,createsim,structure_023401045,createsims_setup_cg_sim,492.14739990234375,createsims_setup_cg_sim,2
435,flux-cpu,createsim,structure_023401045,createsims_gromacs_energy_minimization_0,1.0547964572906494,createsims_gromacs_energy_minimization,2
436,flux-cpu,createsim,structure_023401045,createsims_mdrun_lipids_water_0,1.7536540031433105,createsims_mdrun_lipids_water,2
437,flux-cpu,createsim,structure_023401045,createsims_trjconv_lipids_water_0,0.2519230842590332,createsims_trjconv_lipids_water,2
438,flux-cpu,createsim,structure_023401045,createsims_gromacs_make_ndx_0,0.5072221755981445,createsims_gromacs_make_ndx,2
439,flux-cpu,createsim,structure_023401045,createsims_generate_velocities_0,34.46882915496826,createsims_generate_velocities,2
440,flux-cpu,createsim,structure_023401045,createsims_short_equilibration_0,68.91128921508789,createsims_short_equilibration,2
441,flux-cpu,createsim,structure_023401045,createsims_pull_molecules_0,274.4677894115448,createsims_pull_molecules,2
442,flux-cpu,createsim,structure_023401045,createsims_relax_protein,23.70378279685974,createsims_relax_protein,2
443,flux-cpu,createsim,structure_023401045,createsims_short_equilibration_20fs,83.83116888999939,createsims_short_equilibration,2
444,flux-cpu,createsim,structure_023401045,createsims_prime_cg_sim,1.301616907119751,createsims_prime_cg_sim,2
445,flux-cpu,createsim,structure_026968633,createsim_runtime,491.24130725860596,createsim_runtime,2
446,flux-cpu,createsim,structure_026968633,createsims_create_cg_patch,0.0025861263275146484,createsims_create_cg_patch,2
447,flux-cpu,createsim,structure_026968633,createsims_setup_cg_sim,489.85670804977417,createsims_setup_cg_sim,2
448,flux-cpu,createsim,structure_026968633,createsims_gromacs_energy_minimization_0,1.0519206523895264,createsims_gromacs_energy_minimization,2
449,flux-cpu,createsim,structure_026968633,createsims_mdrun_lipids_water_0,1.8868556022644043,createsims_mdrun_lipids_water,2
450,flux-cpu,createsim,structure_026968633,createsims_trjconv_lipids_water_0,0.24992752075195312,createsims_trjconv_lipids_water,2
451,flux-cpu,createsim,structure_026968633,createsims_gromacs_make_ndx_0,0.5106334686279297,createsims_gromacs_make_ndx,2
452,flux-cpu,createsim,structure_026968633,createsims_generate_velocities_0,33.97434711456299,createsims_generate_velocities,2
453,flux-cpu,createsim,structure_026968633,createsims_short_equilibration_0,70.54255294799805,createsims_short_equilibration,2
454,flux-cpu,createsim,structure_026968633,createsims_pull_molecules_0,285.72417306900024,createsims_pull_molecules,2
455,flux-cpu,createsim,structure_026968633,createsims_relax_protein,22.962909936904907,createsims_relax_protein,2
456,flux-cpu,createsim,structure_026968633,createsims_short_equilibration_20fs,69.76521182060242,createsims_short_equilibration,2
457,flux-cpu,createsim,structure_026968633,createsims_prime_cg_sim,1.31386399269104,createsims_prime_cg_sim,2
458,flux-cpu,createsim,structure_092690531,createsim_runtime,492.64730310440063,createsim_runtime,2
459,flux-cpu,createsim,structure_092690531,createsims_create_cg_patch,0.0038199424743652344,createsims_create_cg_patch,2
460,flux-cpu,createsim,structure_092690531,createsims_setup_cg_sim,491.28757524490356,createsims_setup_cg_sim,2
461,flux-cpu,createsim,structure_092690531,createsims_gromacs_energy_minimization_0,3.164574384689331,createsims_gromacs_energy_minimization,2
462,flux-cpu,createsim,structure_092690531,createsims_mdrun_lipids_water_0,1.7279212474822998,createsims_mdrun_lipids_water,2
463,flux-cpu,createsim,structure_092690531,createsims_trjconv_lipids_water_0,0.2327558994293213,createsims_trjconv_lipids_water,2
464,flux-cpu,createsim,structure_092690531,createsims_gromacs_make_ndx_0,0.5086474418640137,createsims_gromacs_make_ndx,2
465,flux-cpu,createsim,structure_092690531,createsims_generate_velocities_0,33.87372183799744,createsims_generate_velocities,2
466,flux-cpu,createsim,structure_092690531,createsims_short_equilibration_0,70.24991655349731,createsims_short_equilibration,2
467,flux-cpu,createsim,structure_092690531,createsims_pull_molecules_0,284.7239212989807,createsims_pull_molecules,2
468,flux-cpu,createsim,structure_092690531,createsims_relax_protein,23.521259307861328,createsims_relax_protein,2
469,flux-cpu,createsim,structure_092690531,createsims_short_equilibration_20fs,69.67931151390076,createsims_short_equilibration,2
470,flux-cpu,createsim,structure_092690531,createsims_prime_cg_sim,1.2859156131744385,createsims_prime_cg_sim,2
471,flux-cpu,createsim,structure_007417746,createsim_runtime,519.7597739696503,createsim_runtime,2
472,flux-cpu,createsim,structure_007417746,createsims_create_cg_patch,0.002535104751586914,createsims_create_cg_patch,2
473,flux-cpu,createsim,structure_007417746,createsims_setup_cg_sim,518.4036068916321,createsims_setup_cg_sim,2
474,flux-cpu,createsim,structure_007417746,createsims_gromacs_energy_minimization_0,1.0517945289611816,createsims_gromacs_energy_minimization,2
475,flux-cpu,createsim,structure_007417746,createsims_mdrun_lipids_water_0,1.8113682270050049,createsims_mdrun_lipids_water,2
476,flux-cpu,createsim,structure_007417746,createsims_trjconv_lipids_water_0,0.2578437328338623,createsims_trjconv_lipids_water,2
477,flux-cpu,createsim,structure_007417746,createsims_gromacs_make_ndx_0,0.5087835788726807,createsims_gromacs_make_ndx,2
478,flux-cpu,createsim,structure_007417746,createsims_generate_velocities_0,34.489386796951294,createsims_generate_velocities,2
479,flux-cpu,createsim,structure_007417746,createsims_short_equilibration_0,71.18893599510193,createsims_short_equilibration,2
480,flux-cpu,createsim,structure_007417746,createsims_pull_molecules_0,310.81387639045715,createsims_pull_molecules,2
481,flux-cpu,createsim,structure_007417746,createsims_relax_protein,23.51189374923706,createsims_relax_protein,2
482,flux-cpu,createsim,structure_007417746,createsims_short_equilibration_20fs,71.56050944328308,createsims_short_equilibration,2
483,flux-cpu,createsim,structure_007417746,createsims_prime_cg_sim,1.2888567447662354,createsims_prime_cg_sim,2
484,flux-cpu,createsim,structure_054823014,createsim_runtime,495.4311158657074,createsim_runtime,2
485,flux-cpu,createsim,structure_054823014,createsims_create_cg_patch,0.0034461021423339844,createsims_create_cg_patch,2
486,flux-cpu,createsim,structure_054823014,createsims_setup_cg_sim,494.06399178504944,createsims_setup_cg_sim,2
487,flux-cpu,createsim,structure_054823014,createsims_gromacs_energy_minimization_0,3.1776185035705566,createsims_gromacs_energy_minimization,2
488,flux-cpu,createsim,structure_054823014,createsims_mdrun_lipids_water_0,1.7439429759979248,createsims_mdrun_lipids_water,2
489,flux-cpu,createsim,structure_054823014,createsims_trjconv_lipids_water_0,0.2358243465423584,createsims_trjconv_lipids_water,2
490,flux-cpu,createsim,structure_054823014,createsims_gromacs_make_ndx_0,0.513920783996582,createsims_gromacs_make_ndx,2
491,flux-cpu,createsim,structure_054823014,createsims_generate_velocities_0,34.58116817474365,createsims_generate_velocities,2
492,flux-cpu,createsim,structure_054823014,createsims_short_equilibration_0,71.44721055030823,createsims_short_equilibration,2
493,flux-cpu,createsim,structure_054823014,createsims_pull_molecules_0,280.78446078300476,createsims_pull_molecules,2
494,flux-cpu,createsim,structure_054823014,createsims_relax_protein,25.059457540512085,createsims_relax_protein,2
495,flux-cpu,createsim,structure_054823014,createsims_short_equilibration_20fs,72.96741342544556,createsims_short_equilibration,2
496,flux-cpu,createsim,structure_054823014,createsims_prime_cg_sim,1.296631097793579,createsims_prime_cg_sim,2
497,flux-cpu,createsim,structure_076149879,createsim_runtime,502.6227648258209,createsim_runtime,2
498,flux-cpu,createsim,structure_076149879,createsims_create_cg_patch,0.003347158432006836,createsims_create_cg_patch,2
499,flux-cpu,createsim,structure_076149879,createsims_setup_cg_sim,501.2714991569519,createsims_setup_cg_sim,2
500,flux-cpu,createsim,structure_076149879,createsims_gromacs_energy_minimization_0,3.184924364089966,createsims_gromacs_energy_minimization,2
501,flux-cpu,createsim,structure_076149879,createsims_mdrun_lipids_water_0,1.6553680896759033,createsims_mdrun_lipids_water,2
502,flux-cpu,createsim,structure_076149879,createsims_trjconv_lipids_water_0,0.25304579734802246,createsims_trjconv_lipids_water,2
503,flux-cpu,createsim,structure_076149879,createsims_gromacs_make_ndx_0,0.5166513919830322,createsims_gromacs_make_ndx,2
504,flux-cpu,createsim,structure_076149879,createsims_generate_velocities_0,33.75049352645874,createsims_generate_velocities,2
505,flux-cpu,createsim,structure_076149879,createsims_short_equilibration_0,71.56257748603821,createsims_short_equilibration,2
506,flux-cpu,createsim,structure_076149879,createsims_pull_molecules_0,288.0062017440796,createsims_pull_molecules,2
507,flux-cpu,createsim,structure_076149879,createsims_relax_protein,23.561521530151367,createsims_relax_protein,2
508,flux-cpu,createsim,structure_076149879,createsims_short_equilibration_20fs,75.23498845100403,createsims_short_equilibration,2
509,flux-cpu,createsim,structure_076149879,createsims_prime_cg_sim,1.2825431823730469,createsims_prime_cg_sim,2
510,flux-cpu,createsim,structure_045599865,createsim_runtime,487.4588816165924,createsim_runtime,2
511,flux-cpu,createsim,structure_045599865,createsims_create_cg_patch,0.0035219192504882812,createsims_create_cg_patch,2
512,flux-cpu,createsim,structure_045599865,createsims_setup_cg_sim,486.078999042511,createsims_setup_cg_sim,2
513,flux-cpu,createsim,structure_045599865,createsims_gromacs_energy_minimization_0,3.173521041870117,createsims_gromacs_energy_minimization,2
514,flux-cpu,createsim,structure_045599865,createsims_mdrun_lipids_water_0,1.7257516384124756,createsims_mdrun_lipids_water,2
515,flux-cpu,createsim,structure_045599865,createsims_trjconv_lipids_water_0,0.23426318168640137,createsims_trjconv_lipids_water,2
516,flux-cpu,createsim,structure_045599865,createsims_gromacs_make_ndx_0,0.5089290142059326,createsims_gromacs_make_ndx,2
517,flux-cpu,createsim,structure_045599865,createsims_generate_velocities_0,33.599876165390015,createsims_generate_velocities,2
518,flux-cpu,createsim,structure_045599865,createsims_short_equilibration_0,69.27487802505493,createsims_short_equilibration,2
519,flux-cpu,createsim,structure_045599865,createsims_pull_molecules_0,280.59584164619446,createsims_pull_molecules,2
520,flux-cpu,createsim,structure_045599865,createsims_relax_protein,23.52022409439087,createsims_relax_protein,2
521,flux-cpu,createsim,structure_045599865,createsims_short_equilibration_20fs,69.80216526985168,createsims_short_equilibration,2
522,flux-cpu,createsim,structure_045599865,createsims_prime_cg_sim,1.3069837093353271,createsims_prime_cg_sim,2
523,flux-cpu,createsim,structure_093805289,createsim_runtime,484.38383388519287,createsim_runtime,2
524,flux-cpu,createsim,structure_093805289,createsims_create_cg_patch,0.002648591995239258,createsims_create_cg_patch,2
525,flux-cpu,createsim,structure_093805289,createsims_setup_cg_sim,482.98569917678833,createsims_setup_cg_sim,2
526,flux-cpu,createsim,structure_093805289,createsims_gromacs_energy_minimization_0,1.052391767501831,createsims_gromacs_energy_minimization,2
527,flux-cpu,createsim,structure_093805289,createsims_mdrun_lipids_water_0,1.7557103633880615,createsims_mdrun_lipids_water,2
528,flux-cpu,createsim,structure_093805289,createsims_trjconv_lipids_water_0,0.25078320503234863,createsims_trjconv_lipids_water,2
529,flux-cpu,createsim,structure_093805289,createsims_gromacs_make_ndx_0,0.5077767372131348,createsims_gromacs_make_ndx,2
530,flux-cpu,createsim,structure_093805289,createsims_generate_velocities_0,34.54424834251404,createsims_generate_velocities,2
531,flux-cpu,createsim,structure_093805289,createsims_short_equilibration_0,68.85237050056458,createsims_short_equilibration,2
532,flux-cpu,createsim,structure_093805289,createsims_pull_molecules_0,278.7167959213257,createsims_pull_molecules,2
533,flux-cpu,createsim,structure_093805289,createsims_relax_protein,23.312644958496094,createsims_relax_protein,2
534,flux-cpu,createsim,structure_093805289,createsims_short_equilibration_20fs,70.76006937026978,createsims_short_equilibration,2
535,flux-cpu,createsim,structure_093805289,createsims_prime_cg_sim,1.3285961151123047,createsims_prime_cg_sim,2
536,flux-cpu,createsim,structure_046077434,createsim_runtime,518.7936897277832,createsim_runtime,2
537,flux-cpu,createsim,structure_046077434,createsims_create_cg_patch,0.003206014633178711,createsims_create_cg_patch,2
538,flux-cpu,createsim,structure_046077434,createsims_setup_cg_sim,517.421302318573,createsims_setup_cg_sim,2
539,flux-cpu,createsim,structure_046077434,createsims_gromacs_energy_minimization_0,3.1657023429870605,createsims_gromacs_energy_minimization,2
540,flux-cpu,createsim,structure_046077434,createsims_mdrun_lipids_water_0,1.6925632953643799,createsims_mdrun_lipids_water,2
541,flux-cpu,createsim,structure_046077434,createsims_trjconv_lipids_water_0,0.23523449897766113,createsims_trjconv_lipids_water,2
542,flux-cpu,createsim,structure_046077434,createsims_gromacs_make_ndx_0,0.5102581977844238,createsims_gromacs_make_ndx,2
543,flux-cpu,createsim,structure_046077434,createsims_generate_velocities_0,34.027965784072876,createsims_generate_velocities,2
544,flux-cpu,createsim,structure_046077434,createsims_short_equilibration_0,70.25080394744873,createsims_short_equilibration,2
545,flux-cpu,createsim,structure_046077434,createsims_pull_molecules_0,309.22391629219055,createsims_pull_molecules,2
546,flux-cpu,createsim,structure_046077434,createsims_relax_protein,23.803489446640015,createsims_relax_protein,2
547,flux-cpu,createsim,structure_046077434,createsims_short_equilibration_20fs,70.96505975723267,createsims_short_equilibration,2
548,flux-cpu,createsim,structure_046077434,createsims_prime_cg_sim,1.3000047206878662,createsims_prime_cg_sim,2
549,flux-cpu,cganalysis,structure_028105089,cganalysis_run,1788.404592514038,cganalysis_run,2
550,flux-cpu,cganalysis,structure_028105089,cganalysis_load_mdanalysis,2.7740087509155273,cganalysis_load_mdanalysis,2
551,flux-cpu,cganalysis,structure_028105089,cganalysis_run_simulation,5.0083911418914795,cganalysis_run_simulation,2
552,flux-cpu,cganalysis,structure_028105089,cganalysis_simrun,5.008283376693726,cganalysis_simrun,2
553,flux-cpu,cganalysis,structure_028105089,cganalysis_main_analysis,1780.4617433547974,cganalysis_main_analysis,2
554,flux-cpu,cganalysis,structure_023401045,cganalysis_run,1784.3898153305054,cganalysis_run,2
555,flux-cpu,cganalysis,structure_023401045,cganalysis_load_mdanalysis,0.8791277408599854,cganalysis_load_mdanalysis,2
556,flux-cpu,cganalysis,structure_023401045,cganalysis_run_simulation,5.008605003356934,cganalysis_run_simulation,2
557,flux-cpu,cganalysis,structure_023401045,cganalysis_simrun,5.008501768112183,cganalysis_simrun,2
558,flux-cpu,cganalysis,structure_023401045,cganalysis_main_analysis,1778.4067540168762,cganalysis_main_analysis,2
559,flux-cpu,cganalysis,structure_026968633,cganalysis_run,1784.4237670898438,cganalysis_run,2
560,flux-cpu,cganalysis,structure_026968633,cganalysis_load_mdanalysis,0.9076371192932129,cganalysis_load_mdanalysis,2
561,flux-cpu,cganalysis,structure_026968633,cganalysis_run_simulation,5.00925087928772,cganalysis_run_simulation,2
562,flux-cpu,cganalysis,structure_026968633,cganalysis_simrun,5.009131908416748,cganalysis_simrun,2
563,flux-cpu,cganalysis,structure_026968633,cganalysis_main_analysis,1778.4083840847015,cganalysis_main_analysis,2
564,flux-cpu,cganalysis,structure_092690531,cganalysis_run,1788.424702167511,cganalysis_run,2
565,flux-cpu,cganalysis,structure_092690531,cganalysis_load_mdanalysis,2.641751766204834,cganalysis_load_mdanalysis,2
566,flux-cpu,cganalysis,structure_092690531,cganalysis_run_simulation,5.008423805236816,cganalysis_run_simulation,2
567,flux-cpu,cganalysis,structure_092690531,cganalysis_simrun,5.008320331573486,cganalysis_simrun,2
568,flux-cpu,cganalysis,structure_092690531,cganalysis_main_analysis,1780.5034766197205,cganalysis_main_analysis,2
569,flux-cpu,cganalysis,structure_007417746,cganalysis_run,1784.409034729004,cganalysis_run,2
570,flux-cpu,cganalysis,structure_007417746,cganalysis_load_mdanalysis,0.8775696754455566,cganalysis_load_mdanalysis,2
571,flux-cpu,cganalysis,structure_007417746,cganalysis_run_simulation,5.008295774459839,cganalysis_run_simulation,2
572,flux-cpu,cganalysis,structure_007417746,cganalysis_simrun,5.008189678192139,cganalysis_simrun,2
573,flux-cpu,cganalysis,structure_007417746,cganalysis_main_analysis,1778.4290533065796,cganalysis_main_analysis,2
574,flux-cpu,cganalysis,structure_054823014,cganalysis_run,1788.4221851825714,cganalysis_run,2
575,flux-cpu,cganalysis,structure_054823014,cganalysis_load_mdanalysis,2.6446213722229004,cganalysis_load_mdanalysis,2
576,flux-cpu,cganalysis,structure_054823014,cganalysis_run_simulation,5.008000612258911,cganalysis_run_simulation,2
577,flux-cpu,cganalysis,structure_054823014,cganalysis_simrun,5.007898330688477,cganalysis_simrun,2
578,flux-cpu,cganalysis,structure_054823014,cganalysis_main_analysis,1780.519248008728,cganalysis_main_analysis,2
579,flux-cpu,cganalysis,structure_076149879,cganalysis_run,1787.4532811641693,cganalysis_run,2
580,flux-cpu,cganalysis,structure_076149879,cganalysis_load_mdanalysis,1.8228089809417725,cganalysis_load_mdanalysis,2
581,flux-cpu,cganalysis,structure_076149879,cganalysis_run_simulation,5.009150505065918,cganalysis_run_simulation,2
582,flux-cpu,cganalysis,structure_076149879,cganalysis_simrun,5.009038209915161,cganalysis_simrun,2
583,flux-cpu,cganalysis,structure_076149879,cganalysis_main_analysis,1780.445621728897,cganalysis_main_analysis,2
584,flux-cpu,cganalysis,structure_045599865,cganalysis_run,1788.4287469387054,cganalysis_run,2
585,flux-cpu,cganalysis,structure_045599865,cganalysis_load_mdanalysis,2.6635894775390625,cganalysis_load_mdanalysis,2
586,flux-cpu,cganalysis,structure_045599865,cganalysis_run_simulation,5.010569095611572,cganalysis_run_simulation,2
587,flux-cpu,cganalysis,structure_045599865,cganalysis_simrun,5.010465145111084,cganalysis_simrun,2
588,flux-cpu,cganalysis,structure_045599865,cganalysis_main_analysis,1780.5107102394104,cganalysis_main_analysis,2
589,flux-cpu,cganalysis,structure_093805289,cganalysis_run,1784.380297422409,cganalysis_run,2
590,flux-cpu,cganalysis,structure_093805289,cganalysis_load_mdanalysis,0.8704774379730225,cganalysis_load_mdanalysis,2
591,flux-cpu,cganalysis,structure_093805289,cganalysis_run_simulation,5.007441997528076,cganalysis_run_simulation,2
592,flux-cpu,cganalysis,structure_093805289,cganalysis_simrun,5.0073370933532715,cganalysis_simrun,2
593,flux-cpu,cganalysis,structure_093805289,cganalysis_main_analysis,1778.4092712402344,cganalysis_main_analysis,2
594,flux-cpu,cganalysis,structure_046077434,cganalysis_run,1785.5488605499268,cganalysis_run,2
595,flux-cpu,cganalysis,structure_046077434,cganalysis_load_mdanalysis,1.860595703125,cganalysis_load_mdanalysis,2
596,flux-cpu,cganalysis,structure_046077434,cganalysis_run_simulation,5.009952545166016,cganalysis_run_simulation,2
597,flux-cpu,cganalysis,structure_046077434,cganalysis_simrun,5.009846925735474,cganalysis_simrun,2
598,flux-cpu,cganalysis,structure_046077434,cganalysis_main_analysis,1778.4484751224518,cganalysis_main_analysis,2
599,flux-gpu,createsim,structure_040677839,createsim_runtime,691.8564591407776,createsim_runtime,1
600,flux-gpu,createsim,structure_040677839,createsims_create_cg_patch,0.004855155944824219,createsims_create_cg_patch,1
601,flux-gpu,createsim,structure_040677839,createsims_setup_cg_sim,689.974940776825,createsims_setup_cg_sim,1
602,flux-gpu,createsim,structure_040677839,createsims_gromacs_energy_minimization_0,3.9617435932159424,createsims_gromacs_energy_minimization,1
603,flux-gpu,createsim,structure_040677839,createsims_mdrun_lipids_water_0,5.479311227798462,createsims_mdrun_lipids_water,1
604,flux-gpu,createsim,structure_040677839,createsims_trjconv_lipids_water_0,0.35559844970703125,createsims_trjconv_lipids_water,1
605,flux-gpu,createsim,structure_040677839,createsims_gromacs_make_ndx_0,0.5631306171417236,createsims_gromacs_make_ndx,1
606,flux-gpu,createsim,structure_040677839,createsims_generate_velocities_0,44.116310596466064,createsims_generate_velocities,1
607,flux-gpu,createsim,structure_040677839,createsims_short_equilibration_0,99.86753797531128,createsims_short_equilibration,1
608,flux-gpu,createsim,structure_040677839,createsims_pull_molecules_0,395.90446376800537,createsims_pull_molecules,1
609,flux-gpu,createsim,structure_040677839,createsims_relax_protein,34.17777872085571,createsims_relax_protein,1
610,flux-gpu,createsim,structure_040677839,createsims_short_equilibration_20fs,101.27462530136108,createsims_short_equilibration,1
611,flux-gpu,createsim,structure_040677839,createsims_prime_cg_sim,1.796947956085205,createsims_prime_cg_sim,1
612,flux-gpu,createsim,structure_066889898,createsim_runtime,689.2721660137177,createsim_runtime,1
613,flux-gpu,createsim,structure_066889898,createsims_create_cg_patch,0.0033218860626220703,createsims_create_cg_patch,1
614,flux-gpu,createsim,structure_066889898,createsims_setup_cg_sim,687.3988687992096,createsims_setup_cg_sim,1
615,flux-gpu,createsim,structure_066889898,createsims_gromacs_energy_minimization_0,1.5487415790557861,createsims_gromacs_energy_minimization,1
616,flux-gpu,createsim,structure_066889898,createsims_mdrun_lipids_water_0,2.759606122970581,createsims_mdrun_lipids_water,1
617,flux-gpu,createsim,structure_066889898,createsims_trjconv_lipids_water_0,0.34821438789367676,createsims_trjconv_lipids_water,1
618,flux-gpu,createsim,structure_066889898,createsims_gromacs_make_ndx_0,0.5629575252532959,createsims_gromacs_make_ndx,1
619,flux-gpu,createsim,structure_066889898,createsims_generate_velocities_0,44.09795045852661,createsims_generate_velocities,1
620,flux-gpu,createsim,structure_066889898,createsims_short_equilibration_0,100.17401361465454,createsims_short_equilibration,1
621,flux-gpu,createsim,structure_066889898,createsims_pull_molecules_0,399.1866965293884,createsims_pull_molecules,1
622,flux-gpu,createsim,structure_066889898,createsims_relax_protein,34.02619028091431,createsims_relax_protein,1
623,flux-gpu,createsim,structure_066889898,createsims_short_equilibration_20fs,100.84932613372803,createsims_short_equilibration,1
624,flux-gpu,createsim,structure_066889898,createsims_prime_cg_sim,1.7983553409576416,createsims_prime_cg_sim,1
625,flux-gpu,createsim,structure_011207928,createsims_create_cg_patch,0.005487918853759766,createsims_create_cg_patch,1
626,flux-gpu,createsim,structure_011207928,createsims_gromacs_energy_minimization_0,3.961394786834717,createsims_gromacs_energy_minimization,1
627,flux-gpu,createsim,structure_011207928,createsims_mdrun_lipids_water_0,3.5018398761749268,createsims_mdrun_lipids_water,1
628,flux-gpu,createsim,structure_011207928,createsims_trjconv_lipids_water_0,0.35602736473083496,createsims_trjconv_lipids_water,1
629,flux-gpu,createsim,structure_011207928,createsims_gromacs_energy_minimization_1,1.3015081882476807,createsims_gromacs_energy_minimization,1
630,flux-gpu,createsim,structure_011207928,createsims_mdrun_lipids_water_1,2.718877077102661,createsims_mdrun_lipids_water,1
631,flux-gpu,createsim,structure_011207928,createsims_trjconv_lipids_water_1,0.3517038822174072,createsims_trjconv_lipids_water,1
632,flux-gpu,createsim,structure_011207928,createsims_gromacs_energy_minimization_2,1.2964282035827637,createsims_gromacs_energy_minimization,1
633,flux-gpu,createsim,structure_011207928,createsims_mdrun_lipids_water_2,2.638739585876465,createsims_mdrun_lipids_water,1
634,flux-gpu,createsim,structure_011207928,createsims_trjconv_lipids_water_2,0.3462789058685303,createsims_trjconv_lipids_water,1
635,flux-gpu,createsim,structure_011207928,createsims_gromacs_energy_minimization_3,1.2890644073486328,createsims_gromacs_energy_minimization,1
636,flux-gpu,createsim,structure_011207928,createsims_mdrun_lipids_water_3,2.6460390090942383,createsims_mdrun_lipids_water,1
637,flux-gpu,createsim,structure_011207928,createsims_trjconv_lipids_water_3,0.35587382316589355,createsims_trjconv_lipids_water,1
638,flux-gpu,createsim,structure_011207928,createsims_gromacs_energy_minimization_4,1.2924787998199463,createsims_gromacs_energy_minimization,1
639,flux-gpu,createsim,structure_011207928,createsims_mdrun_lipids_water_4,2.871509552001953,createsims_mdrun_lipids_water,1
640,flux-gpu,createsim,structure_011207928,createsims_trjconv_lipids_water_4,0.3490719795227051,createsims_trjconv_lipids_water,1
641,flux-gpu,createsim,structure_011207928,createsims_gromacs_energy_minimization_5,1.3000690937042236,createsims_gromacs_energy_minimization,1
642,flux-gpu,createsim,structure_011207928,createsims_mdrun_lipids_water_5,0.6901659965515137,createsims_mdrun_lipids_water,1
643,flux-gpu,createsim,structure_011207928,createsims_trjconv_lipids_water_5,0.353041410446167,createsims_trjconv_lipids_water,1
644,flux-gpu,createsim,structure_011207928,createsims_gromacs_energy_minimization_6,1.285301923751831,createsims_gromacs_energy_minimization,1
645,flux-gpu,createsim,structure_011207928,createsims_mdrun_lipids_water_6,2.6632957458496094,createsims_mdrun_lipids_water,1
646,flux-gpu,createsim,structure_011207928,createsims_trjconv_lipids_water_6,0.34327006340026855,createsims_trjconv_lipids_water,1
647,flux-gpu,createsim,structure_011207928,createsims_gromacs_energy_minimization_7,1.2851641178131104,createsims_gromacs_energy_minimization,1
648,flux-gpu,createsim,structure_011207928,createsims_mdrun_lipids_water_7,2.644325017929077,createsims_mdrun_lipids_water,1
649,flux-gpu,createsim,structure_011207928,createsims_trjconv_lipids_water_7,0.34224367141723633,createsims_trjconv_lipids_water,1
650,flux-gpu,createsim,structure_011207928,createsims_gromacs_energy_minimization_8,1.4215788841247559,createsims_gromacs_energy_minimization,1
651,flux-gpu,createsim,structure_011207928,createsims_mdrun_lipids_water_8,2.666621446609497,createsims_mdrun_lipids_water,1
652,flux-gpu,createsim,structure_011207928,createsims_trjconv_lipids_water_8,0.3610374927520752,createsims_trjconv_lipids_water,1
653,flux-gpu,createsim,structure_011207928,createsims_gromacs_energy_minimization_9,1.2888734340667725,createsims_gromacs_energy_minimization,1
654,flux-gpu,createsim,structure_011207928,createsims_mdrun_lipids_water_9,0.701624870300293,createsims_mdrun_lipids_water,1
655,flux-gpu,createsim,structure_011207928,createsims_trjconv_lipids_water_9,0.35390710830688477,createsims_trjconv_lipids_water,1
656,flux-gpu,createsim,structure_011207928,createsims_gromacs_make_ndx_9,0.5837364196777344,createsims_gromacs_make_ndx,1
657,flux-gpu,createsim,structure_067951850,createsim_runtime,671.6700127124786,createsim_runtime,1
658,flux-gpu,createsim,structure_067951850,createsims_create_cg_patch,0.00321197509765625,createsims_create_cg_patch,1
659,flux-gpu,createsim,structure_067951850,createsims_setup_cg_sim,669.7491281032562,createsims_setup_cg_sim,1
660,flux-gpu,createsim,structure_067951850,createsims_gromacs_energy_minimization_0,1.5004198551177979,createsims_gromacs_energy_minimization,1
661,flux-gpu,createsim,structure_067951850,createsims_mdrun_lipids_water_0,2.626964807510376,createsims_mdrun_lipids_water,1
662,flux-gpu,createsim,structure_067951850,createsims_trjconv_lipids_water_0,0.3510012626647949,createsims_trjconv_lipids_water,1
663,flux-gpu,createsim,structure_067951850,createsims_gromacs_make_ndx_0,0.5630078315734863,createsims_gromacs_make_ndx,1
664,flux-gpu,createsim,structure_067951850,createsims_generate_velocities_0,43.176570892333984,createsims_generate_velocities,1
665,flux-gpu,createsim,structure_067951850,createsims_short_equilibration_0,97.89305663108826,createsims_short_equilibration,1
666,flux-gpu,createsim,structure_067951850,createsims_pull_molecules_0,386.9430227279663,createsims_pull_molecules,1
667,flux-gpu,createsim,structure_067951850,createsims_relax_protein,33.47796964645386,createsims_relax_protein,1
668,flux-gpu,createsim,structure_067951850,createsims_short_equilibration_20fs,99.3197271823883,createsims_short_equilibration,1
669,flux-gpu,createsim,structure_067951850,createsims_prime_cg_sim,1.8319323062896729,createsims_prime_cg_sim,1
670,flux-gpu,createsim,structure_035214444,createsim_runtime,699.2890605926514,createsim_runtime,1
671,flux-gpu,createsim,structure_035214444,createsims_create_cg_patch,0.004294157028198242,createsims_create_cg_patch,1
672,flux-gpu,createsim,structure_035214444,createsims_setup_cg_sim,697.3716259002686,createsims_setup_cg_sim,1
673,flux-gpu,createsim,structure_035214444,createsims_gromacs_energy_minimization_0,3.9670674800872803,createsims_gromacs_energy_minimization,1
674,flux-gpu,createsim,structure_035214444,createsims_mdrun_lipids_water_0,5.44918417930603,createsims_mdrun_lipids_water,1
675,flux-gpu,createsim,structure_035214444,createsims_trjconv_lipids_water_0,0.3525097370147705,createsims_trjconv_lipids_water,1
676,flux-gpu,createsim,structure_035214444,createsims_gromacs_make_ndx_0,0.5667769908905029,createsims_gromacs_make_ndx,1
677,flux-gpu,createsim,structure_035214444,createsims_generate_velocities_0,43.16817808151245,createsims_generate_velocities,1
678,flux-gpu,createsim,structure_035214444,createsims_short_equilibration_0,98.35484528541565,createsims_short_equilibration,1
679,flux-gpu,createsim,structure_035214444,createsims_pull_molecules_0,406.1360170841217,createsims_pull_molecules,1
680,flux-gpu,createsim,structure_035214444,createsims_relax_protein,33.890472412109375,createsims_relax_protein,1
681,flux-gpu,createsim,structure_035214444,createsims_short_equilibration_20fs,101.20243334770203,createsims_short_equilibration,1
682,flux-gpu,createsim,structure_035214444,createsims_prime_cg_sim,1.8327808380126953,createsims_prime_cg_sim,1
683,flux-gpu,createsim,structure_011973770,createsim_runtime,698.6204013824463,createsim_runtime,1
684,flux-gpu,createsim,structure_011973770,createsims_create_cg_patch,0.026334762573242188,createsims_create_cg_patch,1
685,flux-gpu,createsim,structure_011973770,createsims_setup_cg_sim,696.6242072582245,createsims_setup_cg_sim,1
686,flux-gpu,createsim,structure_011973770,createsims_gromacs_energy_minimization_0,3.848024606704712,createsims_gromacs_energy_minimization,1
687,flux-gpu,createsim,structure_011973770,createsims_mdrun_lipids_water_0,5.447810173034668,createsims_mdrun_lipids_water,1
688,flux-gpu,createsim,structure_011973770,createsims_trjconv_lipids_water_0,0.3697068691253662,createsims_trjconv_lipids_water,1
689,flux-gpu,createsim,structure_011973770,createsims_gromacs_make_ndx_0,0.5846385955810547,createsims_gromacs_make_ndx,1
690,flux-gpu,createsim,structure_011973770,createsims_generate_velocities_0,44.681918144226074,createsims_generate_velocities,1
691,flux-gpu,createsim,structure_011973770,createsims_short_equilibration_0,101.46491885185242,createsims_short_equilibration,1
692,flux-gpu,createsim,structure_011973770,createsims_pull_molecules_0,399.54560685157776,createsims_pull_molecules,1
693,flux-gpu,createsim,structure_011973770,createsims_relax_protein,34.242735385894775,createsims_relax_protein,1
694,flux-gpu,createsim,structure_011973770,createsims_short_equilibration_20fs,101.75086426734924,createsims_short_equilibration,1
695,flux-gpu,createsim,structure_011973770,createsims_prime_cg_sim,1.8378980159759521,createsims_prime_cg_sim,1
696,flux-gpu,createsim,structure_043604866,createsim_runtime,680.5141825675964,createsim_runtime,1
697,flux-gpu,createsim,structure_043604866,createsims_create_cg_patch,0.003231048583984375,createsims_create_cg_patch,1
698,flux-gpu,createsim,structure_043604866,createsims_setup_cg_sim,678.632978439331,createsims_setup_cg_sim,1
699,flux-gpu,createsim,structure_043604866,createsims_gromacs_energy_minimization_0,1.4927315711975098,createsims_gromacs_energy_minimization,1
700,flux-gpu,createsim,structure_043604866,createsims_mdrun_lipids_water_0,2.7466604709625244,createsims_mdrun_lipids_water,1
701,flux-gpu,createsim,structure_043604866,createsims_trjconv_lipids_water_0,0.3598146438598633,createsims_trjconv_lipids_water,1
702,flux-gpu,createsim,structure_043604866,createsims_gromacs_make_ndx_0,0.5608665943145752,createsims_gromacs_make_ndx,1
703,flux-gpu,createsim,structure_043604866,createsims_generate_velocities_0,44.47447681427002,createsims_generate_velocities,1
704,flux-gpu,createsim,structure_043604866,createsims_short_equilibration_0,100.18582224845886,createsims_short_equilibration,1
705,flux-gpu,createsim,structure_043604866,createsims_pull_molecules_0,391.08482813835144,createsims_pull_molecules,1
706,flux-gpu,createsim,structure_043604866,createsims_relax_protein,33.930721282958984,createsims_relax_protein,1
707,flux-gpu,createsim,structure_043604866,createsims_short_equilibration_20fs,99.93284463882446,createsims_short_equilibration,1
708,flux-gpu,createsim,structure_043604866,createsims_prime_cg_sim,1.802412748336792,createsims_prime_cg_sim,1
709,flux-gpu,createsim,structure_051480197,createsim_runtime,678.8833277225494,createsim_runtime,1
710,flux-gpu,createsim,structure_051480197,createsims_create_cg_patch,0.003255128860473633,createsims_create_cg_patch,1
711,flux-gpu,createsim,structure_051480197,createsims_setup_cg_sim,676.4502367973328,createsims_setup_cg_sim,1
712,flux-gpu,createsim,structure_051480197,createsims_gromacs_energy_minimization_0,1.497990608215332,createsims_gromacs_energy_minimization,1
713,flux-gpu,createsim,structure_051480197,createsims_mdrun_lipids_water_0,2.720823049545288,createsims_mdrun_lipids_water,1
714,flux-gpu,createsim,structure_051480197,createsims_trjconv_lipids_water_0,0.35834288597106934,createsims_trjconv_lipids_water,1
715,flux-gpu,createsim,structure_051480197,createsims_gromacs_make_ndx_0,0.5592172145843506,createsims_gromacs_make_ndx,1
716,flux-gpu,createsim,structure_051480197,createsims_generate_velocities_0,43.94536089897156,createsims_generate_velocities,1
717,flux-gpu,createsim,structure_051480197,createsims_short_equilibration_0,98.44813466072083,createsims_short_equilibration,1
718,flux-gpu,createsim,structure_051480197,createsims_pull_molecules_0,392.25191497802734,createsims_pull_molecules,1
719,flux-gpu,createsim,structure_051480197,createsims_relax_protein,33.49115443229675,createsims_relax_protein,1
720,flux-gpu,createsim,structure_051480197,createsims_short_equilibration_20fs,99.24487638473511,createsims_short_equilibration,1
721,flux-gpu,createsim,structure_051480197,createsims_prime_cg_sim,2.3527581691741943,createsims_prime_cg_sim,1
722,flux-gpu,createsim,structure_069556892,createsim_runtime,742.5446755886078,createsim_runtime,1
723,flux-gpu,createsim,structure_069556892,createsims_create_cg_patch,0.0047528743743896484,createsims_create_cg_patch,1
724,flux-gpu,createsim,structure_069556892,createsims_setup_cg_sim,740.6031405925751,createsims_setup_cg_sim,1
725,flux-gpu,createsim,structure_069556892,createsims_gromacs_energy_minimization_0,4.083176851272583,createsims_gromacs_energy_minimization,1
726,flux-gpu,createsim,structure_069556892,createsims_mdrun_lipids_water_0,3.5018069744110107,createsims_mdrun_lipids_water,1
727,flux-gpu,createsim,structure_069556892,createsims_trjconv_lipids_water_0,0.36148905754089355,createsims_trjconv_lipids_water,1
728,flux-gpu,createsim,structure_069556892,createsims_gromacs_energy_minimization_1,1.3014867305755615,createsims_gromacs_energy_minimization,1
729,flux-gpu,createsim,structure_069556892,createsims_mdrun_lipids_water_1,3.209136962890625,createsims_mdrun_lipids_water,1
730,flux-gpu,createsim,structure_069556892,createsims_trjconv_lipids_water_1,0.3433990478515625,createsims_trjconv_lipids_water,1
731,flux-gpu,createsim,structure_069556892,createsims_gromacs_energy_minimization_2,1.2831981182098389,createsims_gromacs_energy_minimization,1
732,flux-gpu,createsim,structure_069556892,createsims_mdrun_lipids_water_2,2.643657684326172,createsims_mdrun_lipids_water,1
733,flux-gpu,createsim,structure_069556892,createsims_trjconv_lipids_water_2,0.3446493148803711,createsims_trjconv_lipids_water,1
734,flux-gpu,createsim,structure_069556892,createsims_gromacs_energy_minimization_3,1.2862069606781006,createsims_gromacs_energy_minimization,1
735,flux-gpu,createsim,structure_069556892,createsims_mdrun_lipids_water_3,2.6481051445007324,createsims_mdrun_lipids_water,1
736,flux-gpu,createsim,structure_069556892,createsims_trjconv_lipids_water_3,0.35094594955444336,createsims_trjconv_lipids_water,1
737,flux-gpu,createsim,structure_069556892,createsims_gromacs_energy_minimization_4,1.2905025482177734,createsims_gromacs_energy_minimization,1
738,flux-gpu,createsim,structure_069556892,createsims_mdrun_lipids_water_4,2.6631178855895996,createsims_mdrun_lipids_water,1
739,flux-gpu,createsim,structure_069556892,createsims_trjconv_lipids_water_4,0.3429677486419678,createsims_trjconv_lipids_water,1
740,flux-gpu,createsim,structure_069556892,createsims_gromacs_energy_minimization_5,1.2845451831817627,createsims_gromacs_energy_minimization,1
741,flux-gpu,createsim,structure_069556892,createsims_mdrun_lipids_water_5,2.623542308807373,createsims_mdrun_lipids_water,1
742,flux-gpu,createsim,structure_069556892,createsims_trjconv_lipids_water_5,0.3433206081390381,createsims_trjconv_lipids_water,1
743,flux-gpu,createsim,structure_069556892,createsims_gromacs_energy_minimization_6,1.2929062843322754,createsims_gromacs_energy_minimization,1
744,flux-gpu,createsim,structure_069556892,createsims_mdrun_lipids_water_6,2.645632743835449,createsims_mdrun_lipids_water,1
745,flux-gpu,createsim,structure_069556892,createsims_trjconv_lipids_water_6,0.34781718254089355,createsims_trjconv_lipids_water,1
746,flux-gpu,createsim,structure_069556892,createsims_gromacs_energy_minimization_7,1.3161101341247559,createsims_gromacs_energy_minimization,1
747,flux-gpu,createsim,structure_069556892,createsims_mdrun_lipids_water_7,2.6307590007781982,createsims_mdrun_lipids_water,1
748,flux-gpu,createsim,structure_069556892,createsims_trjconv_lipids_water_7,0.3405430316925049,createsims_trjconv_lipids_water,1
749,flux-gpu,createsim,structure_069556892,createsims_gromacs_energy_minimization_8,1.2944273948669434,createsims_gromacs_energy_minimization,1
750,flux-gpu,createsim,structure_069556892,createsims_mdrun_lipids_water_8,2.651353597640991,createsims_mdrun_lipids_water,1
751,flux-gpu,createsim,structure_069556892,createsims_trjconv_lipids_water_8,0.3559610843658447,createsims_trjconv_lipids_water,1
752,flux-gpu,createsim,structure_069556892,createsims_gromacs_energy_minimization_9,1.2761998176574707,createsims_gromacs_energy_minimization,1
753,flux-gpu,createsim,structure_069556892,createsims_mdrun_lipids_water_9,2.626718282699585,createsims_mdrun_lipids_water,1
754,flux-gpu,createsim,structure_069556892,createsims_trjconv_lipids_water_9,0.34955430030822754,createsims_trjconv_lipids_water,1
755,flux-gpu,createsim,structure_069556892,createsims_gromacs_make_ndx_9,0.5627772808074951,createsims_gromacs_make_ndx,1
756,flux-gpu,createsim,structure_069556892,createsims_generate_velocities_0,44.50386190414429,createsims_generate_velocities,1
757,flux-gpu,createsim,structure_069556892,createsims_short_equilibration_0,101.26321387290955,createsims_short_equilibration,1
758,flux-gpu,createsim,structure_069556892,createsims_pull_molecules_0,400.61855125427246,createsims_pull_molecules,1
759,flux-gpu,createsim,structure_069556892,createsims_relax_protein,34.58164930343628,createsims_relax_protein,1
760,flux-gpu,createsim,structure_069556892,createsims_short_equilibration_20fs,102.24365973472595,createsims_short_equilibration,1
761,flux-gpu,createsim,structure_069556892,createsims_prime_cg_sim,1.846285104751587,createsims_prime_cg_sim,1
762,flux-gpu,createsim,structure_037989186,createsim_runtime,697.4937400817871,createsim_runtime,1
763,flux-gpu,createsim,structure_037989186,createsims_create_cg_patch,0.004000186920166016,createsims_create_cg_patch,1
764,flux-gpu,createsim,structure_037989186,createsims_setup_cg_sim,695.5485391616821,createsims_setup_cg_sim,1
765,flux-gpu,createsim,structure_037989186,createsims_gromacs_energy_minimization_0,1.5660569667816162,createsims_gromacs_energy_minimization,1
766,flux-gpu,createsim,structure_037989186,createsims_mdrun_lipids_water_0,2.755561351776123,createsims_mdrun_lipids_water,1
767,flux-gpu,createsim,structure_037989186,createsims_trjconv_lipids_water_0,0.3561275005340576,createsims_trjconv_lipids_water,1
768,flux-gpu,createsim,structure_037989186,createsims_gromacs_make_ndx_0,0.5725746154785156,createsims_gromacs_make_ndx,1
769,flux-gpu,createsim,structure_037989186,createsims_generate_velocities_0,45.255261182785034,createsims_generate_velocities,1
770,flux-gpu,createsim,structure_037989186,createsims_short_equilibration_0,101.20566082000732,createsims_short_equilibration,1
771,flux-gpu,createsim,structure_037989186,createsims_pull_molecules_0,402.051753282547,createsims_pull_molecules,1
772,flux-gpu,createsim,structure_037989186,createsims_relax_protein,34.6779248714447,createsims_relax_protein,1
773,flux-gpu,createsim,structure_037989186,createsims_short_equilibration_20fs,103.0258355140686,createsims_short_equilibration,1
774,flux-gpu,createsim,structure_037989186,createsims_prime_cg_sim,1.8552396297454834,createsims_prime_cg_sim,1
775,flux-gpu,createsim,structure_007517946,createsim_runtime,684.3359978199005,createsim_runtime,1
776,flux-gpu,createsim,structure_007517946,createsims_create_cg_patch,0.004991769790649414,createsims_create_cg_patch,1
777,flux-gpu,createsim,structure_007517946,createsims_setup_cg_sim,682.4385900497437,createsims_setup_cg_sim,1
778,flux-gpu,createsim,structure_007517946,createsims_gromacs_energy_minimization_0,3.9697394371032715,createsims_gromacs_energy_minimization,1
779,flux-gpu,createsim,structure_007517946,createsims_mdrun_lipids_water_0,5.46094012260437,createsims_mdrun_lipids_water,1
780,flux-gpu,createsim,structure_007517946,createsims_trjconv_lipids_water_0,0.3577091693878174,createsims_trjconv_lipids_water,1
781,flux-gpu,createsim,structure_007517946,createsims_gromacs_make_ndx_0,0.5605080127716064,createsims_gromacs_make_ndx,1
782,flux-gpu,createsim,structure_007517946,createsims_generate_velocities_0,45.0413932800293,createsims_generate_velocities,1
783,flux-gpu,createsim,structure_007517946,createsims_short_equilibration_0,98.57580137252808,createsims_short_equilibration,1
784,flux-gpu,createsim,structure_007517946,createsims_pull_molecules_0,391.0331823825836,createsims_pull_molecules,1
785,flux-gpu,createsim,structure_007517946,createsims_relax_protein,33.521575689315796,createsims_relax_protein,1
786,flux-gpu,createsim,structure_007517946,createsims_short_equilibration_20fs,99.60898351669312,createsims_short_equilibration,1
787,flux-gpu,createsim,structure_007517946,createsims_prime_cg_sim,1.811457633972168,createsims_prime_cg_sim,1
788,flux-gpu,cganalysis,structure_040677839,cganalysis_run,1790.7775506973267,cganalysis_run,1
789,flux-gpu,cganalysis,structure_040677839,cganalysis_load_mdanalysis,2.941466808319092,cganalysis_load_mdanalysis,1
790,flux-gpu,cganalysis,structure_040677839,cganalysis_run_simulation,5.023554801940918,cganalysis_run_simulation,1
791,flux-gpu,cganalysis,structure_040677839,cganalysis_simrun,5.023419618606567,cganalysis_simrun,1
792,flux-gpu,cganalysis,structure_040677839,cganalysis_main_analysis,1782.5433168411255,cganalysis_main_analysis,1
793,flux-gpu,cganalysis,structure_066889898,cganalysis_run,1784.8091428279877,cganalysis_run,1
794,flux-gpu,cganalysis,structure_066889898,cganalysis_load_mdanalysis,1.1164708137512207,cganalysis_load_mdanalysis,1
795,flux-gpu,cganalysis,structure_066889898,cganalysis_run_simulation,5.021017551422119,cganalysis_run_simulation,1
796,flux-gpu,cganalysis,structure_066889898,cganalysis_simrun,5.020902395248413,cganalysis_simrun,1
797,flux-gpu,cganalysis,structure_066889898,cganalysis_main_analysis,1778.5379784107208,cganalysis_main_analysis,1
798,flux-gpu,cganalysis,structure_067951850,cganalysis_run,1784.8061010837555,cganalysis_run,1
799,flux-gpu,cganalysis,structure_067951850,cganalysis_load_mdanalysis,1.1141297817230225,cganalysis_load_mdanalysis,1
800,flux-gpu,cganalysis,structure_067951850,cganalysis_run_simulation,5.021968841552734,cganalysis_run_simulation,1
801,flux-gpu,cganalysis,structure_067951850,cganalysis_simrun,5.0218517780303955,cganalysis_simrun,1
802,flux-gpu,cganalysis,structure_067951850,cganalysis_main_analysis,1778.5352945327759,cganalysis_main_analysis,1
803,flux-gpu,cganalysis,structure_035214444,cganalysis_run,1791.1745474338531,cganalysis_run,1
804,flux-gpu,cganalysis,structure_035214444,cganalysis_load_mdanalysis,3.228132486343384,cganalysis_load_mdanalysis,1
805,flux-gpu,cganalysis,structure_035214444,cganalysis_run_simulation,5.016934633255005,cganalysis_run_simulation,1
806,flux-gpu,cganalysis,structure_035214444,cganalysis_simrun,5.016819000244141,cganalysis_simrun,1
807,flux-gpu,cganalysis,structure_035214444,cganalysis_main_analysis,1782.5512342453003,cganalysis_main_analysis,1
808,flux-gpu,cganalysis,structure_011973770,cganalysis_run,1790.7749857902527,cganalysis_run,1
809,flux-gpu,cganalysis,structure_011973770,cganalysis_load_mdanalysis,2.9394562244415283,cganalysis_load_mdanalysis,1
810,flux-gpu,cganalysis,structure_011973770,cganalysis_run_simulation,5.01780891418457,cganalysis_run_simulation,1
811,flux-gpu,cganalysis,structure_011973770,cganalysis_simrun,5.017701864242554,cganalysis_simrun,1
812,flux-gpu,cganalysis,structure_011973770,cganalysis_main_analysis,1782.5470921993256,cganalysis_main_analysis,1
813,flux-gpu,cganalysis,structure_043604866,cganalysis_run,1784.7382612228394,cganalysis_run,1
814,flux-gpu,cganalysis,structure_043604866,cganalysis_load_mdanalysis,1.095780611038208,cganalysis_load_mdanalysis,1
815,flux-gpu,cganalysis,structure_043604866,cganalysis_run_simulation,5.019660949707031,cganalysis_run_simulation,1
816,flux-gpu,cganalysis,structure_043604866,cganalysis_simrun,5.0195372104644775,cganalysis_simrun,1
817,flux-gpu,cganalysis,structure_043604866,cganalysis_main_analysis,1778.490566253662,cganalysis_main_analysis,1
818,flux-gpu,cganalysis,structure_051480197,cganalysis_run,1784.7765424251556,cganalysis_run,1
819,flux-gpu,cganalysis,structure_051480197,cganalysis_load_mdanalysis,1.1031811237335205,cganalysis_load_mdanalysis,1
820,flux-gpu,cganalysis,structure_051480197,cganalysis_run_simulation,5.020599842071533,cganalysis_run_simulation,1
821,flux-gpu,cganalysis,structure_051480197,cganalysis_simrun,5.020473480224609,cganalysis_simrun,1
822,flux-gpu,cganalysis,structure_051480197,cganalysis_main_analysis,1778.514466047287,cganalysis_main_analysis,1
823,flux-gpu,cganalysis,structure_069556892,cganalysis_run,1788.4157247543335,cganalysis_run,1
824,flux-gpu,cganalysis,structure_069556892,cganalysis_load_mdanalysis,2.487377882003784,cganalysis_load_mdanalysis,1
825,flux-gpu,cganalysis,structure_069556892,cganalysis_run_simulation,5.020355939865112,cganalysis_run_simulation,1
826,flux-gpu,cganalysis,structure_069556892,cganalysis_simrun,5.020246744155884,cganalysis_simrun,1
827,flux-gpu,cganalysis,structure_069556892,cganalysis_main_analysis,1780.5805308818817,cganalysis_main_analysis,1
828,flux-gpu,cganalysis,structure_037989186,cganalysis_run,1785.172236442566,cganalysis_run,1
829,flux-gpu,cganalysis,structure_037989186,cganalysis_load_mdanalysis,1.3880460262298584,cganalysis_load_mdanalysis,1
830,flux-gpu,cganalysis,structure_037989186,cganalysis_run_simulation,5.023022651672363,cganalysis_run_simulation,1
831,flux-gpu,cganalysis,structure_037989186,cganalysis_simrun,5.022893190383911,cganalysis_simrun,1
832,flux-gpu,cganalysis,structure_037989186,cganalysis_main_analysis,1778.5790297985077,cganalysis_main_analysis,1
833,flux-gpu,cganalysis,structure_007517946,cganalysis_run,1787.0725338459015,cganalysis_run,1
834,flux-gpu,cganalysis,structure_007517946,cganalysis_load_mdanalysis,1.2429673671722412,cganalysis_load_mdanalysis,1
835,flux-gpu,cganalysis,structure_007517946,cganalysis_run_simulation,5.020326852798462,cganalysis_run_simulation,1
836,flux-gpu,cganalysis,structure_007517946,cganalysis_simrun,5.020220994949341,cganalysis_simrun,1
837,flux-gpu,cganalysis,structure_007517946,cganalysis_main_analysis,1780.567523241043,cganalysis_main_analysis,1
838,flux-gpu,createsim,structure_024625793,createsim_runtime,689.252311706543,createsim_runtime,3
839,flux-gpu,createsim,structure_024625793,createsims_create_cg_patch,0.00436091423034668,createsims_create_cg_patch,3
840,flux-gpu,createsim,structure_024625793,createsims_setup_cg_sim,687.3843770027161,createsims_setup_cg_sim,3
841,flux-gpu,createsim,structure_024625793,createsims_gromacs_energy_minimization_0,1.5212321281433105,createsims_gromacs_energy_minimization,3
842,flux-gpu,createsim,structure_024625793,createsims_mdrun_lipids_water_0,2.756988525390625,createsims_mdrun_lipids_water,3
843,flux-gpu,createsim,structure_024625793,createsims_trjconv_lipids_water_0,0.349409818649292,createsims_trjconv_lipids_water,3
844,flux-gpu,createsim,structure_024625793,createsims_gromacs_make_ndx_0,0.5634818077087402,createsims_gromacs_make_ndx,3
845,flux-gpu,createsim,structure_024625793,createsims_generate_velocities_0,44.28648519515991,createsims_generate_velocities,3
846,flux-gpu,createsim,structure_024625793,createsims_short_equilibration_0,100.47516584396362,createsims_short_equilibration,3
847,flux-gpu,createsim,structure_024625793,createsims_pull_molecules_0,398.35337924957275,createsims_pull_molecules,3
848,flux-gpu,createsim,structure_024625793,createsims_relax_protein,34.01054239273071,createsims_relax_protein,3
849,flux-gpu,createsim,structure_024625793,createsims_short_equilibration_20fs,101.1473822593689,createsims_short_equilibration,3
850,flux-gpu,createsim,structure_024625793,createsims_prime_cg_sim,1.7877435684204102,createsims_prime_cg_sim,3
851,flux-gpu,createsim,structure_001601747,createsim_runtime,688.0969607830048,createsim_runtime,3
852,flux-gpu,createsim,structure_001601747,createsims_create_cg_patch,0.003408670425415039,createsims_create_cg_patch,3
853,flux-gpu,createsim,structure_001601747,createsims_setup_cg_sim,686.2189388275146,createsims_setup_cg_sim,3
854,flux-gpu,createsim,structure_001601747,createsims_gromacs_energy_minimization_0,1.5071370601654053,createsims_gromacs_energy_minimization,3
855,flux-gpu,createsim,structure_001601747,createsims_mdrun_lipids_water_0,2.701795816421509,createsims_mdrun_lipids_water,3
856,flux-gpu,createsim,structure_001601747,createsims_trjconv_lipids_water_0,0.3528282642364502,createsims_trjconv_lipids_water,3
857,flux-gpu,createsim,structure_001601747,createsims_gromacs_make_ndx_0,0.5545375347137451,createsims_gromacs_make_ndx,3
858,flux-gpu,createsim,structure_001601747,createsims_generate_velocities_0,44.185020208358765,createsims_generate_velocities,3
859,flux-gpu,createsim,structure_001601747,createsims_short_equilibration_0,100.33145880699158,createsims_short_equilibration,3
860,flux-gpu,createsim,structure_001601747,createsims_pull_molecules_0,397.6694345474243,createsims_pull_molecules,3
861,flux-gpu,createsim,structure_001601747,createsims_relax_protein,34.23033618927002,createsims_relax_protein,3
862,flux-gpu,createsim,structure_001601747,createsims_short_equilibration_20fs,100.79274678230286,createsims_short_equilibration,3
863,flux-gpu,createsim,structure_001601747,createsims_prime_cg_sim,1.8012633323669434,createsims_prime_cg_sim,3
864,flux-gpu,createsim,structure_073016831,createsim_runtime,674.4869165420532,createsim_runtime,3
865,flux-gpu,createsim,structure_073016831,createsims_create_cg_patch,0.004466056823730469,createsims_create_cg_patch,3
866,flux-gpu,createsim,structure_073016831,createsims_setup_cg_sim,672.5525166988373,createsims_setup_cg_sim,3
867,flux-gpu,createsim,structure_073016831,createsims_gromacs_energy_minimization_0,1.5323052406311035,createsims_gromacs_energy_minimization,3
868,flux-gpu,createsim,structure_073016831,createsims_mdrun_lipids_water_0,2.6689720153808594,createsims_mdrun_lipids_water,3
869,flux-gpu,createsim,structure_073016831,createsims_trjconv_lipids_water_0,0.3454298973083496,createsims_trjconv_lipids_water,3
870,flux-gpu,createsim,structure_073016831,createsims_gromacs_make_ndx_0,0.5590581893920898,createsims_gromacs_make_ndx,3
871,flux-gpu,createsim,structure_073016831,createsims_generate_velocities_0,43.25797414779663,createsims_generate_velocities,3
872,flux-gpu,createsim,structure_073016831,createsims_short_equilibration_0,97.94540882110596,createsims_short_equilibration,3
873,flux-gpu,createsim,structure_073016831,createsims_pull_molecules_0,389.43338775634766,createsims_pull_molecules,3
874,flux-gpu,createsim,structure_073016831,createsims_relax_protein,33.58652448654175,createsims_relax_protein,3
875,flux-gpu,createsim,structure_073016831,createsims_short_equilibration_20fs,99.34865307807922,createsims_short_equilibration,3
876,flux-gpu,createsim,structure_073016831,createsims_prime_cg_sim,1.85444974899292,createsims_prime_cg_sim,3
877,flux-gpu,createsim,structure_077033048,createsim_runtime,701.0585615634918,createsim_runtime,3
878,flux-gpu,createsim,structure_077033048,createsims_create_cg_patch,0.0033829212188720703,createsims_create_cg_patch,3
879,flux-gpu,createsim,structure_077033048,createsims_setup_cg_sim,699.1486654281616,createsims_setup_cg_sim,3
880,flux-gpu,createsim,structure_077033048,createsims_gromacs_energy_minimization_0,1.5352301597595215,createsims_gromacs_energy_minimization,3
881,flux-gpu,createsim,structure_077033048,createsims_mdrun_lipids_water_0,2.78627610206604,createsims_mdrun_lipids_water,3
882,flux-gpu,createsim,structure_077033048,createsims_trjconv_lipids_water_0,0.36022424697875977,createsims_trjconv_lipids_water,3
883,flux-gpu,createsim,structure_077033048,createsims_gromacs_make_ndx_0,0.5607931613922119,createsims_gromacs_make_ndx,3
884,flux-gpu,createsim,structure_077033048,createsims_generate_velocities_0,45.09329009056091,createsims_generate_velocities,3
885,flux-gpu,createsim,structure_077033048,createsims_short_equilibration_0,102.38889241218567,createsims_short_equilibration,3
886,flux-gpu,createsim,structure_077033048,createsims_pull_molecules_0,404.77604269981384,createsims_pull_molecules,3
887,flux-gpu,createsim,structure_077033048,createsims_relax_protein,34.81558966636658,createsims_relax_protein,3
888,flux-gpu,createsim,structure_077033048,createsims_short_equilibration_20fs,102.90402674674988,createsims_short_equilibration,3
889,flux-gpu,createsim,structure_077033048,createsims_prime_cg_sim,1.828514814376831,createsims_prime_cg_sim,3
890,flux-gpu,createsim,structure_017649704,createsim_runtime,702.9520397186279,createsim_runtime,3
891,flux-gpu,createsim,structure_017649704,createsims_create_cg_patch,0.00452876091003418,createsims_create_cg_patch,3
892,flux-gpu,createsim,structure_017649704,createsims_setup_cg_sim,701.0544278621674,createsims_setup_cg_sim,3
893,flux-gpu,createsim,structure_017649704,createsims_gromacs_energy_minimization_0,1.5224080085754395,createsims_gromacs_energy_minimization,3
894,flux-gpu,createsim,structure_017649704,createsims_mdrun_lipids_water_0,2.7876994609832764,createsims_mdrun_lipids_water,3
895,flux-gpu,createsim,structure_017649704,createsims_trjconv_lipids_water_0,0.3522460460662842,createsims_trjconv_lipids_water,3
896,flux-gpu,createsim,structure_017649704,createsims_gromacs_make_ndx_0,0.5622169971466064,createsims_gromacs_make_ndx,3
897,flux-gpu,createsim,structure_017649704,createsims_generate_velocities_0,45.292941093444824,createsims_generate_velocities,3
898,flux-gpu,createsim,structure_017649704,createsims_short_equilibration_0,102.87144422531128,createsims_short_equilibration,3
899,flux-gpu,createsim,structure_017649704,createsims_pull_molecules_0,406.1300756931305,createsims_pull_molecules,3
900,flux-gpu,createsim,structure_017649704,createsims_relax_protein,34.6919629573822,createsims_relax_protein,3
901,flux-gpu,createsim,structure_017649704,createsims_short_equilibration_20fs,102.93046379089355,createsims_short_equilibration,3
902,flux-gpu,createsim,structure_017649704,createsims_prime_cg_sim,1.8141059875488281,createsims_prime_cg_sim,3
903,flux-gpu,createsim,structure_063456009,createsim_runtime,711.1400923728943,createsim_runtime,3
904,flux-gpu,createsim,structure_063456009,createsims_create_cg_patch,0.0042994022369384766,createsims_create_cg_patch,3
905,flux-gpu,createsim,structure_063456009,createsims_setup_cg_sim,709.2519180774689,createsims_setup_cg_sim,3
906,flux-gpu,createsim,structure_063456009,createsims_gromacs_energy_minimization_0,1.5244474411010742,createsims_gromacs_energy_minimization,3
907,flux-gpu,createsim,structure_063456009,createsims_mdrun_lipids_water_0,2.7532103061676025,createsims_mdrun_lipids_water,3
908,flux-gpu,createsim,structure_063456009,createsims_trjconv_lipids_water_0,0.3436911106109619,createsims_trjconv_lipids_water,3
909,flux-gpu,createsim,structure_063456009,createsims_gromacs_make_ndx_0,0.5614376068115234,createsims_gromacs_make_ndx,3
910,flux-gpu,createsim,structure_063456009,createsims_generate_velocities_0,46.276243925094604,createsims_generate_velocities,3
911,flux-gpu,createsim,structure_063456009,createsims_short_equilibration_0,103.97628569602966,createsims_short_equilibration,3
912,flux-gpu,createsim,structure_063456009,createsims_pull_molecules_0,409.9266736507416,createsims_pull_molecules,3
913,flux-gpu,createsim,structure_063456009,createsims_relax_protein,35.13419055938721,createsims_relax_protein,3
914,flux-gpu,createsim,structure_063456009,createsims_short_equilibration_20fs,104.83369541168213,createsims_short_equilibration,3
915,flux-gpu,createsim,structure_063456009,createsims_prime_cg_sim,1.8095579147338867,createsims_prime_cg_sim,3
916,flux-gpu,createsim,structure_064867332,createsim_runtime,683.0385959148407,createsim_runtime,3
917,flux-gpu,createsim,structure_064867332,createsims_create_cg_patch,0.0042650699615478516,createsims_create_cg_patch,3
918,flux-gpu,createsim,structure_064867332,createsims_setup_cg_sim,681.1571710109711,createsims_setup_cg_sim,3
919,flux-gpu,createsim,structure_064867332,createsims_gromacs_energy_minimization_0,1.5194087028503418,createsims_gromacs_energy_minimization,3
920,flux-gpu,createsim,structure_064867332,createsims_mdrun_lipids_water_0,2.722846031188965,createsims_mdrun_lipids_water,3
921,flux-gpu,createsim,structure_064867332,createsims_trjconv_lipids_water_0,0.3600344657897949,createsims_trjconv_lipids_water,3
922,flux-gpu,createsim,structure_064867332,createsims_gromacs_make_ndx_0,0.5619490146636963,createsims_gromacs_make_ndx,3
923,flux-gpu,createsim,structure_064867332,createsims_generate_velocities_0,44.18940258026123,createsims_generate_velocities,3
924,flux-gpu,createsim,structure_064867332,createsims_short_equilibration_0,99.33067679405212,createsims_short_equilibration,3
925,flux-gpu,createsim,structure_064867332,createsims_pull_molecules_0,393.62682723999023,createsims_pull_molecules,3
926,flux-gpu,createsim,structure_064867332,createsims_relax_protein,34.038939476013184,createsims_relax_protein,3
927,flux-gpu,createsim,structure_064867332,createsims_short_equilibration_20fs,100.86770915985107,createsims_short_equilibration,3
928,flux-gpu,createsim,structure_064867332,createsims_prime_cg_sim,1.8009872436523438,createsims_prime_cg_sim,3
929,flux-gpu,createsim,structure_044047878,createsim_runtime,685.4695317745209,createsim_runtime,3
930,flux-gpu,createsim,structure_044047878,createsims_create_cg_patch,0.003304719924926758,createsims_create_cg_patch,3
931,flux-gpu,createsim,structure_044047878,createsims_setup_cg_sim,683.5566623210907,createsims_setup_cg_sim,3
932,flux-gpu,createsim,structure_044047878,createsims_gromacs_energy_minimization_0,1.5555751323699951,createsims_gromacs_energy_minimization,3
933,flux-gpu,createsim,structure_044047878,createsims_mdrun_lipids_water_0,2.9995510578155518,createsims_mdrun_lipids_water,3
934,flux-gpu,createsim,structure_044047878,createsims_trjconv_lipids_water_0,0.3593623638153076,createsims_trjconv_lipids_water,3
935,flux-gpu,createsim,structure_044047878,createsims_gromacs_make_ndx_0,0.5641753673553467,createsims_gromacs_make_ndx,3
936,flux-gpu,createsim,structure_044047878,createsims_generate_velocities_0,44.5679190158844,createsims_generate_velocities,3
937,flux-gpu,createsim,structure_044047878,createsims_short_equilibration_0,99.7248911857605,createsims_short_equilibration,3
938,flux-gpu,createsim,structure_044047878,createsims_pull_molecules_0,394.98094844818115,createsims_pull_molecules,3
939,flux-gpu,createsim,structure_044047878,createsims_relax_protein,33.75225377082825,createsims_relax_protein,3
940,flux-gpu,createsim,structure_044047878,createsims_short_equilibration_20fs,101.11477470397949,createsims_short_equilibration,3
941,flux-gpu,createsim,structure_044047878,createsims_prime_cg_sim,1.8356144428253174,createsims_prime_cg_sim,3
942,flux-gpu,createsim,structure_078172185,createsim_runtime,675.2244284152985,createsim_runtime,3
943,flux-gpu,createsim,structure_078172185,createsims_create_cg_patch,0.003214597702026367,createsims_create_cg_patch,3
944,flux-gpu,createsim,structure_078172185,createsims_setup_cg_sim,673.3466606140137,createsims_setup_cg_sim,3
945,flux-gpu,createsim,structure_078172185,createsims_gromacs_energy_minimization_0,1.49222993850708,createsims_gromacs_energy_minimization,3
946,flux-gpu,createsim,structure_078172185,createsims_mdrun_lipids_water_0,2.6520445346832275,createsims_mdrun_lipids_water,3
947,flux-gpu,createsim,structure_078172185,createsims_trjconv_lipids_water_0,0.3599064350128174,createsims_trjconv_lipids_water,3
948,flux-gpu,createsim,structure_078172185,createsims_gromacs_make_ndx_0,0.560513973236084,createsims_gromacs_make_ndx,3
949,flux-gpu,createsim,structure_078172185,createsims_generate_velocities_0,43.8648202419281,createsims_generate_velocities,3
950,flux-gpu,createsim,structure_078172185,createsims_short_equilibration_0,99.13336443901062,createsims_short_equilibration,3
951,flux-gpu,createsim,structure_078172185,createsims_pull_molecules_0,388.96299290657043,createsims_pull_molecules,3
952,flux-gpu,createsim,structure_078172185,createsims_relax_protein,33.49734544754028,createsims_relax_protein,3
953,flux-gpu,createsim,structure_078172185,createsims_short_equilibration_20fs,98.96549606323242,createsims_short_equilibration,3
954,flux-gpu,createsim,structure_078172185,createsims_prime_cg_sim,1.7991623878479004,createsims_prime_cg_sim,3
955,flux-gpu,createsim,structure_060537212,createsim_runtime,698.9308261871338,createsim_runtime,3
956,flux-gpu,createsim,structure_060537212,createsims_create_cg_patch,0.004263639450073242,createsims_create_cg_patch,3
957,flux-gpu,createsim,structure_060537212,createsims_setup_cg_sim,697.0288827419281,createsims_setup_cg_sim,3
958,flux-gpu,createsim,structure_060537212,createsims_gromacs_energy_minimization_0,1.5191805362701416,createsims_gromacs_energy_minimization,3
959,flux-gpu,createsim,structure_060537212,createsims_mdrun_lipids_water_0,2.780357599258423,createsims_mdrun_lipids_water,3
960,flux-gpu,createsim,structure_060537212,createsims_trjconv_lipids_water_0,0.3538036346435547,createsims_trjconv_lipids_water,3
961,flux-gpu,createsim,structure_060537212,createsims_gromacs_make_ndx_0,0.5569853782653809,createsims_gromacs_make_ndx,3
962,flux-gpu,createsim,structure_060537212,createsims_generate_velocities_0,44.50296330451965,createsims_generate_velocities,3
963,flux-gpu,createsim,structure_060537212,createsims_short_equilibration_0,101.55498671531677,createsims_short_equilibration,3
964,flux-gpu,createsim,structure_060537212,createsims_pull_molecules_0,404.1477029323578,createsims_pull_molecules,3
965,flux-gpu,createsim,structure_060537212,createsims_relax_protein,34.5691397190094,createsims_relax_protein,3
966,flux-gpu,createsim,structure_060537212,createsims_short_equilibration_20fs,103.13327527046204,createsims_short_equilibration,3
967,flux-gpu,createsim,structure_060537212,createsims_prime_cg_sim,1.823387861251831,createsims_prime_cg_sim,3
968,flux-gpu,cganalysis,structure_024625793,cganalysis_run,1784.792198419571,cganalysis_run,3
969,flux-gpu,cganalysis,structure_024625793,cganalysis_load_mdanalysis,1.1138229370117188,cganalysis_load_mdanalysis,3
970,flux-gpu,cganalysis,structure_024625793,cganalysis_run_simulation,5.024127721786499,cganalysis_run_simulation,3
971,flux-gpu,cganalysis,structure_024625793,cganalysis_simrun,5.0240161418914795,cganalysis_simrun,3
972,flux-gpu,cganalysis,structure_024625793,cganalysis_main_analysis,1778.5214750766754,cganalysis_main_analysis,3
973,flux-gpu,cganalysis,structure_001601747,cganalysis_run,1784.7943441867828,cganalysis_run,3
974,flux-gpu,cganalysis,structure_001601747,cganalysis_load_mdanalysis,1.1254305839538574,cganalysis_load_mdanalysis,3
975,flux-gpu,cganalysis,structure_001601747,cganalysis_run_simulation,5.02298641204834,cganalysis_run_simulation,3
976,flux-gpu,cganalysis,structure_001601747,cganalysis_simrun,5.022853851318359,cganalysis_simrun,3
977,flux-gpu,cganalysis,structure_001601747,cganalysis_main_analysis,1778.5156004428864,cganalysis_main_analysis,3
978,flux-gpu,cganalysis,structure_073016831,cganalysis_run,1784.7166674137115,cganalysis_run,3
979,flux-gpu,cganalysis,structure_073016831,cganalysis_load_mdanalysis,1.0833382606506348,cganalysis_load_mdanalysis,3
980,flux-gpu,cganalysis,structure_073016831,cganalysis_run_simulation,5.018630743026733,cganalysis_run_simulation,3
981,flux-gpu,cganalysis,structure_073016831,cganalysis_simrun,5.018524885177612,cganalysis_simrun,3
982,flux-gpu,cganalysis,structure_073016831,cganalysis_main_analysis,1778.4852488040924,cganalysis_main_analysis,3
983,flux-gpu,cganalysis,structure_077033048,cganalysis_run,1784.8633790016174,cganalysis_run,3
984,flux-gpu,cganalysis,structure_077033048,cganalysis_load_mdanalysis,1.167696237564087,cganalysis_load_mdanalysis,3
985,flux-gpu,cganalysis,structure_077033048,cganalysis_run_simulation,5.021535873413086,cganalysis_run_simulation,3
986,flux-gpu,cganalysis,structure_077033048,cganalysis_simrun,5.021390199661255,cganalysis_simrun,3
987,flux-gpu,cganalysis,structure_077033048,cganalysis_main_analysis,1778.5345199108124,cganalysis_main_analysis,3
988,flux-gpu,cganalysis,structure_017649704,cganalysis_run,1784.8092212677002,cganalysis_run,3
989,flux-gpu,cganalysis,structure_017649704,cganalysis_load_mdanalysis,1.12483549118042,cganalysis_load_mdanalysis,3
990,flux-gpu,cganalysis,structure_017649704,cganalysis_run_simulation,5.023157358169556,cganalysis_run_simulation,3
991,flux-gpu,cganalysis,structure_017649704,cganalysis_simrun,5.023033618927002,cganalysis_simrun,3
992,flux-gpu,cganalysis,structure_017649704,cganalysis_main_analysis,1778.5251154899597,cganalysis_main_analysis,3
993,flux-gpu,cganalysis,structure_063456009,cganalysis_run,1784.8338885307312,cganalysis_run,3
994,flux-gpu,cganalysis,structure_063456009,cganalysis_load_mdanalysis,1.137848138809204,cganalysis_load_mdanalysis,3
995,flux-gpu,cganalysis,structure_063456009,cganalysis_run_simulation,5.022675037384033,cganalysis_run_simulation,3
996,flux-gpu,cganalysis,structure_063456009,cganalysis_simrun,5.022525310516357,cganalysis_simrun,3
997,flux-gpu,cganalysis,structure_063456009,cganalysis_main_analysis,1778.5382070541382,cganalysis_main_analysis,3
998,flux-gpu,cganalysis,structure_064867332,cganalysis_run,1784.8191628456116,cganalysis_run,3
999,flux-gpu,cganalysis,structure_064867332,cganalysis_load_mdanalysis,1.1406381130218506,cganalysis_load_mdanalysis,3
1000,flux-gpu,cganalysis,structure_064867332,cganalysis_run_simulation,5.021073818206787,cganalysis_run_simulation,3
1001,flux-gpu,cganalysis,structure_064867332,cganalysis_simrun,5.020910024642944,cganalysis_simrun,3
1002,flux-gpu,cganalysis,structure_064867332,cganalysis_main_analysis,1778.5246279239655,cganalysis_main_analysis,3
1003,flux-gpu,cganalysis,structure_044047878,cganalysis_run,1784.7425174713135,cganalysis_run,3
1004,flux-gpu,cganalysis,structure_044047878,cganalysis_load_mdanalysis,1.0983660221099854,cganalysis_load_mdanalysis,3
1005,flux-gpu,cganalysis,structure_044047878,cganalysis_run_simulation,5.020853281021118,cganalysis_run_simulation,3
1006,flux-gpu,cganalysis,structure_044047878,cganalysis_simrun,5.020745038986206,cganalysis_simrun,3
1007,flux-gpu,cganalysis,structure_044047878,cganalysis_main_analysis,1778.4913291931152,cganalysis_main_analysis,3
1008,flux-gpu,cganalysis,structure_078172185,cganalysis_run,1784.7653086185455,cganalysis_run,3
1009,flux-gpu,cganalysis,structure_078172185,cganalysis_load_mdanalysis,1.0943737030029297,cganalysis_load_mdanalysis,3
1010,flux-gpu,cganalysis,structure_078172185,cganalysis_run_simulation,5.020190954208374,cganalysis_run_simulation,3
1011,flux-gpu,cganalysis,structure_078172185,cganalysis_simrun,5.020082473754883,cganalysis_simrun,3
1012,flux-gpu,cganalysis,structure_078172185,cganalysis_main_analysis,1778.5147247314453,cganalysis_main_analysis,3
1013,flux-gpu,cganalysis,structure_060537212,cganalysis_run,1784.81969332695,cganalysis_run,3
1014,flux-gpu,cganalysis,structure_060537212,cganalysis_load_mdanalysis,1.1281836032867432,cganalysis_load_mdanalysis,3
1015,flux-gpu,cganalysis,structure_060537212,cganalysis_run_simulation,5.020094633102417,cganalysis_run_simulation,3
1016,flux-gpu,cganalysis,structure_060537212,cganalysis_simrun,5.0199737548828125,cganalysis_simrun,3
1017,flux-gpu,cganalysis,structure_060537212,cganalysis_main_analysis,1778.5387377738953,cganalysis_main_analysis,3
1018,flux-gpu,createsim,structure_058519229,createsim_runtime,669.6799006462097,createsim_runtime,2
1019,flux-gpu,createsim,structure_058519229,createsims_create_cg_patch,0.0033559799194335938,createsims_create_cg_patch,2
1020,flux-gpu,createsim,structure_058519229,createsims_setup_cg_sim,667.8042757511139,createsims_setup_cg_sim,2
1021,flux-gpu,createsim,structure_058519229,createsims_gromacs_energy_minimization_0,1.515808343887329,createsims_gromacs_energy_minimization,2
1022,flux-gpu,createsim,structure_058519229,createsims_mdrun_lipids_water_0,3.0276577472686768,createsims_mdrun_lipids_water,2
1023,flux-gpu,createsim,structure_058519229,createsims_trjconv_lipids_water_0,0.3431839942932129,createsims_trjconv_lipids_water,2
1024,flux-gpu,createsim,structure_058519229,createsims_gromacs_make_ndx_0,0.5595314502716064,createsims_gromacs_make_ndx,2
1025,flux-gpu,createsim,structure_058519229,createsims_generate_velocities_0,43.68141055107117,createsims_generate_velocities,2
1026,flux-gpu,createsim,structure_058519229,createsims_short_equilibration_0,98.06668615341187,createsims_short_equilibration,2
1027,flux-gpu,createsim,structure_058519229,createsims_pull_molecules_0,385.5011510848999,createsims_pull_molecules,2
1028,flux-gpu,createsim,structure_058519229,createsims_relax_protein,33.16725540161133,createsims_relax_protein,2
1029,flux-gpu,createsim,structure_058519229,createsims_short_equilibration_20fs,98.03632402420044,createsims_short_equilibration,2
1030,flux-gpu,createsim,structure_058519229,createsims_prime_cg_sim,1.7951467037200928,createsims_prime_cg_sim,2
1031,flux-gpu,createsim,structure_007964002,createsim_runtime,684.5880501270294,createsim_runtime,2
1032,flux-gpu,createsim,structure_007964002,createsims_create_cg_patch,0.004525661468505859,createsims_create_cg_patch,2
1033,flux-gpu,createsim,structure_007964002,createsims_setup_cg_sim,682.6762566566467,createsims_setup_cg_sim,2
1034,flux-gpu,createsim,structure_007964002,createsims_gromacs_energy_minimization_0,1.511228084564209,createsims_gromacs_energy_minimization,2
1035,flux-gpu,createsim,structure_007964002,createsims_mdrun_lipids_water_0,2.735004186630249,createsims_mdrun_lipids_water,2
1036,flux-gpu,createsim,structure_007964002,createsims_trjconv_lipids_water_0,0.35491347312927246,createsims_trjconv_lipids_water,2
1037,flux-gpu,createsim,structure_007964002,createsims_gromacs_make_ndx_0,0.5739805698394775,createsims_gromacs_make_ndx,2
1038,flux-gpu,createsim,structure_007964002,createsims_generate_velocities_0,44.75223088264465,createsims_generate_velocities,2
1039,flux-gpu,createsim,structure_007964002,createsims_short_equilibration_0,99.58278322219849,createsims_short_equilibration,2
1040,flux-gpu,createsim,structure_007964002,createsims_pull_molecules_0,394.952285528183,createsims_pull_molecules,2
1041,flux-gpu,createsim,structure_007964002,createsims_relax_protein,34.010064125061035,createsims_relax_protein,2
1042,flux-gpu,createsim,structure_007964002,createsims_short_equilibration_20fs,100.26711964607239,createsims_short_equilibration,2
1043,flux-gpu,createsim,structure_007964002,createsims_prime_cg_sim,1.8296184539794922,createsims_prime_cg_sim,2
1044,flux-gpu,createsim,structure_007691442,createsim_runtime,699.7977209091187,createsim_runtime,2
1045,flux-gpu,createsim,structure_007691442,createsims_create_cg_patch,0.004395484924316406,createsims_create_cg_patch,2
1046,flux-gpu,createsim,structure_007691442,createsims_setup_cg_sim,697.9186308383942,createsims_setup_cg_sim,2
1047,flux-gpu,createsim,structure_007691442,createsims_gromacs_energy_minimization_0,1.5120465755462646,createsims_gromacs_energy_minimization,2
1048,flux-gpu,createsim,structure_007691442,createsims_mdrun_lipids_water_0,2.7233269214630127,createsims_mdrun_lipids_water,2
1049,flux-gpu,createsim,structure_007691442,createsims_trjconv_lipids_water_0,0.3582305908203125,createsims_trjconv_lipids_water,2
1050,flux-gpu,createsim,structure_007691442,createsims_gromacs_make_ndx_0,0.5611135959625244,createsims_gromacs_make_ndx,2
1051,flux-gpu,createsim,structure_007691442,createsims_generate_velocities_0,44.81313419342041,createsims_generate_velocities,2
1052,flux-gpu,createsim,structure_007691442,createsims_short_equilibration_0,101.81074070930481,createsims_short_equilibration,2
1053,flux-gpu,createsim,structure_007691442,createsims_pull_molecules_0,405.00472354888916,createsims_pull_molecules,2
1054,flux-gpu,createsim,structure_007691442,createsims_relax_protein,34.736881494522095,createsims_relax_protein,2
1055,flux-gpu,createsim,structure_007691442,createsims_short_equilibration_20fs,102.4915668964386,createsims_short_equilibration,2
1056,flux-gpu,createsim,structure_007691442,createsims_prime_cg_sim,1.8001892566680908,createsims_prime_cg_sim,2
1057,flux-gpu,createsim,structure_086566131,createsim_runtime,687.8029284477234,createsim_runtime,2
1058,flux-gpu,createsim,structure_086566131,createsims_create_cg_patch,0.003415822982788086,createsims_create_cg_patch,2
1059,flux-gpu,createsim,structure_086566131,createsims_setup_cg_sim,685.929146528244,createsims_setup_cg_sim,2
1060,flux-gpu,createsim,structure_086566131,createsims_gromacs_energy_minimization_0,1.5109546184539795,createsims_gromacs_energy_minimization,2
1061,flux-gpu,createsim,structure_086566131,createsims_mdrun_lipids_water_0,2.698162078857422,createsims_mdrun_lipids_water,2
1062,flux-gpu,createsim,structure_086566131,createsims_trjconv_lipids_water_0,0.3513612747192383,createsims_trjconv_lipids_water,2
1063,flux-gpu,createsim,structure_086566131,createsims_gromacs_make_ndx_0,0.557403564453125,createsims_gromacs_make_ndx,2
1064,flux-gpu,createsim,structure_086566131,createsims_generate_velocities_0,43.601238489151,createsims_generate_velocities,2
1065,flux-gpu,createsim,structure_086566131,createsims_short_equilibration_0,100.02127861976624,createsims_short_equilibration,2
1066,flux-gpu,createsim,structure_086566131,createsims_pull_molecules_0,397.21959471702576,createsims_pull_molecules,2
1067,flux-gpu,createsim,structure_086566131,createsims_relax_protein,34.47315311431885,createsims_relax_protein,2
1068,flux-gpu,createsim,structure_086566131,createsims_short_equilibration_20fs,101.5991427898407,createsims_short_equilibration,2
1069,flux-gpu,createsim,structure_086566131,createsims_prime_cg_sim,1.7981986999511719,createsims_prime_cg_sim,2
1070,flux-gpu,createsim,structure_082977229,createsim_runtime,735.8416366577148,createsim_runtime,2
1071,flux-gpu,createsim,structure_082977229,createsims_create_cg_patch,0.0032241344451904297,createsims_create_cg_patch,2
1072,flux-gpu,createsim,structure_082977229,createsims_setup_cg_sim,733.9107148647308,createsims_setup_cg_sim,2
1073,flux-gpu,createsim,structure_082977229,createsims_gromacs_energy_minimization_0,1.4978249073028564,createsims_gromacs_energy_minimization,2
1074,flux-gpu,createsim,structure_082977229,createsims_mdrun_lipids_water_0,0.7631897926330566,createsims_mdrun_lipids_water,2
1075,flux-gpu,createsim,structure_082977229,createsims_trjconv_lipids_water_0,0.3555121421813965,createsims_trjconv_lipids_water,2
1076,flux-gpu,createsim,structure_082977229,createsims_gromacs_energy_minimization_1,1.2848739624023438,createsims_gromacs_energy_minimization,2
1077,flux-gpu,createsim,structure_082977229,createsims_mdrun_lipids_water_1,2.6103665828704834,createsims_mdrun_lipids_water,2
1078,flux-gpu,createsim,structure_082977229,createsims_trjconv_lipids_water_1,0.34967947006225586,createsims_trjconv_lipids_water,2
1079,flux-gpu,createsim,structure_082977229,createsims_gromacs_energy_minimization_2,1.2880115509033203,createsims_gromacs_energy_minimization,2
1080,flux-gpu,createsim,structure_082977229,createsims_mdrun_lipids_water_2,2.634814739227295,createsims_mdrun_lipids_water,2
1081,flux-gpu,createsim,structure_082977229,createsims_trjconv_lipids_water_2,0.3524816036224365,createsims_trjconv_lipids_water,2
1082,flux-gpu,createsim,structure_082977229,createsims_gromacs_energy_minimization_3,1.2776434421539307,createsims_gromacs_energy_minimization,2
1083,flux-gpu,createsim,structure_082977229,createsims_mdrun_lipids_water_3,0.6501777172088623,createsims_mdrun_lipids_water,2
1084,flux-gpu,createsim,structure_082977229,createsims_trjconv_lipids_water_3,0.3384976387023926,createsims_trjconv_lipids_water,2
1085,flux-gpu,createsim,structure_082977229,createsims_gromacs_energy_minimization_4,1.2754619121551514,createsims_gromacs_energy_minimization,2
1086,flux-gpu,createsim,structure_082977229,createsims_mdrun_lipids_water_4,2.644693613052368,createsims_mdrun_lipids_water,2
1087,flux-gpu,createsim,structure_082977229,createsims_trjconv_lipids_water_4,0.3392362594604492,createsims_trjconv_lipids_water,2
1088,flux-gpu,createsim,structure_082977229,createsims_gromacs_energy_minimization_5,1.3080921173095703,createsims_gromacs_energy_minimization,2
1089,flux-gpu,createsim,structure_082977229,createsims_mdrun_lipids_water_5,2.6378278732299805,createsims_mdrun_lipids_water,2
1090,flux-gpu,createsim,structure_082977229,createsims_trjconv_lipids_water_5,0.3514273166656494,createsims_trjconv_lipids_water,2
1091,flux-gpu,createsim,structure_082977229,createsims_gromacs_energy_minimization_6,1.292651891708374,createsims_gromacs_energy_minimization,2
1092,flux-gpu,createsim,structure_082977229,createsims_mdrun_lipids_water_6,2.6229166984558105,createsims_mdrun_lipids_water,2
1093,flux-gpu,createsim,structure_082977229,createsims_trjconv_lipids_water_6,0.3536806106567383,createsims_trjconv_lipids_water,2
1094,flux-gpu,createsim,structure_082977229,createsims_gromacs_energy_minimization_7,1.2968568801879883,createsims_gromacs_energy_minimization,2
1095,flux-gpu,createsim,structure_082977229,createsims_mdrun_lipids_water_7,2.647125482559204,createsims_mdrun_lipids_water,2
1096,flux-gpu,createsim,structure_082977229,createsims_trjconv_lipids_water_7,0.3624272346496582,createsims_trjconv_lipids_water,2
1097,flux-gpu,createsim,structure_082977229,createsims_gromacs_energy_minimization_8,1.2836675643920898,createsims_gromacs_energy_minimization,2
1098,flux-gpu,createsim,structure_082977229,createsims_mdrun_lipids_water_8,2.6049723625183105,createsims_mdrun_lipids_water,2
1099,flux-gpu,createsim,structure_082977229,createsims_trjconv_lipids_water_8,0.34850168228149414,createsims_trjconv_lipids_water,2
1100,flux-gpu,createsim,structure_082977229,createsims_gromacs_energy_minimization_9,1.3209476470947266,createsims_gromacs_energy_minimization,2
1101,flux-gpu,createsim,structure_082977229,createsims_mdrun_lipids_water_9,2.692650079727173,createsims_mdrun_lipids_water,2
1102,flux-gpu,createsim,structure_082977229,createsims_trjconv_lipids_water_9,0.3567185401916504,createsims_trjconv_lipids_water,2
1103,flux-gpu,createsim,structure_082977229,createsims_gromacs_make_ndx_9,0.5582900047302246,createsims_gromacs_make_ndx,2
1104,flux-gpu,createsim,structure_082977229,createsims_generate_velocities_0,44.82827186584473,createsims_generate_velocities,2
1105,flux-gpu,createsim,structure_082977229,createsims_short_equilibration_0,101.69865798950195,createsims_short_equilibration,2
1106,flux-gpu,createsim,structure_082977229,createsims_pull_molecules_0,402.1695280075073,createsims_pull_molecules,2
1107,flux-gpu,createsim,structure_082977229,createsims_relax_protein,34.66005182266235,createsims_relax_protein,2
1108,flux-gpu,createsim,structure_082977229,createsims_short_equilibration_20fs,101.49664759635925,createsims_short_equilibration,2
1109,flux-gpu,createsim,structure_082977229,createsims_prime_cg_sim,1.852022647857666,createsims_prime_cg_sim,2
1110,flux-gpu,createsim,structure_078849779,createsim_runtime,713.6767480373383,createsim_runtime,2
1111,flux-gpu,createsim,structure_078849779,createsims_create_cg_patch,0.0044519901275634766,createsims_create_cg_patch,2
1112,flux-gpu,createsim,structure_078849779,createsims_setup_cg_sim,711.8298394680023,createsims_setup_cg_sim,2
1113,flux-gpu,createsim,structure_078849779,createsims_gromacs_energy_minimization_0,1.491833209991455,createsims_gromacs_energy_minimization,2
1114,flux-gpu,createsim,structure_078849779,createsims_mdrun_lipids_water_0,0.7174291610717773,createsims_mdrun_lipids_water,2
1115,flux-gpu,createsim,structure_078849779,createsims_trjconv_lipids_water_0,0.3610832691192627,createsims_trjconv_lipids_water,2
1116,flux-gpu,createsim,structure_078849779,createsims_gromacs_energy_minimization_1,1.271726131439209,createsims_gromacs_energy_minimization,2
1117,flux-gpu,createsim,structure_078849779,createsims_mdrun_lipids_water_1,2.544649839401245,createsims_mdrun_lipids_water,2
1118,flux-gpu,createsim,structure_078849779,createsims_trjconv_lipids_water_1,0.33984923362731934,createsims_trjconv_lipids_water,2
1119,flux-gpu,createsim,structure_078849779,createsims_gromacs_energy_minimization_2,1.278658151626587,createsims_gromacs_energy_minimization,2
1120,flux-gpu,createsim,structure_078849779,createsims_mdrun_lipids_water_2,2.5606329441070557,createsims_mdrun_lipids_water,2
1121,flux-gpu,createsim,structure_078849779,createsims_trjconv_lipids_water_2,0.34325122833251953,createsims_trjconv_lipids_water,2
1122,flux-gpu,createsim,structure_078849779,createsims_gromacs_energy_minimization_3,1.2611937522888184,createsims_gromacs_energy_minimization,2
1123,flux-gpu,createsim,structure_078849779,createsims_mdrun_lipids_water_3,2.565199851989746,createsims_mdrun_lipids_water,2
1124,flux-gpu,createsim,structure_078849779,createsims_trjconv_lipids_water_3,0.34610676765441895,createsims_trjconv_lipids_water,2
1125,flux-gpu,createsim,structure_078849779,createsims_gromacs_energy_minimization_4,1.2729525566101074,createsims_gromacs_energy_minimization,2
1126,flux-gpu,createsim,structure_078849779,createsims_mdrun_lipids_water_4,2.5338306427001953,createsims_mdrun_lipids_water,2
1127,flux-gpu,createsim,structure_078849779,createsims_trjconv_lipids_water_4,0.3489806652069092,createsims_trjconv_lipids_water,2
1128,flux-gpu,createsim,structure_078849779,createsims_gromacs_energy_minimization_5,1.2793586254119873,createsims_gromacs_energy_minimization,2
1129,flux-gpu,createsim,structure_078849779,createsims_mdrun_lipids_water_5,2.599395751953125,createsims_mdrun_lipids_water,2
1130,flux-gpu,createsim,structure_078849779,createsims_trjconv_lipids_water_5,0.34726476669311523,createsims_trjconv_lipids_water,2
1131,flux-gpu,createsim,structure_078849779,createsims_gromacs_energy_minimization_6,1.2652027606964111,createsims_gromacs_energy_minimization,2
1132,flux-gpu,createsim,structure_078849779,createsims_mdrun_lipids_water_6,0.63350510597229,createsims_mdrun_lipids_water,2
1133,flux-gpu,createsim,structure_078849779,createsims_trjconv_lipids_water_6,0.33829545974731445,createsims_trjconv_lipids_water,2
1134,flux-gpu,createsim,structure_078849779,createsims_gromacs_energy_minimization_7,1.272371530532837,createsims_gromacs_energy_minimization,2
1135,flux-gpu,createsim,structure_078849779,createsims_mdrun_lipids_water_7,2.5767831802368164,createsims_mdrun_lipids_water,2
1136,flux-gpu,createsim,structure_078849779,createsims_trjconv_lipids_water_7,0.3417484760284424,createsims_trjconv_lipids_water,2
1137,flux-gpu,createsim,structure_078849779,createsims_gromacs_energy_minimization_8,1.2893550395965576,createsims_gromacs_energy_minimization,2
1138,flux-gpu,createsim,structure_078849779,createsims_mdrun_lipids_water_8,0.634697675704956,createsims_mdrun_lipids_water,2
1139,flux-gpu,createsim,structure_078849779,createsims_trjconv_lipids_water_8,0.3486931324005127,createsims_trjconv_lipids_water,2
1140,flux-gpu,createsim,structure_078849779,createsims_gromacs_energy_minimization_9,1.2677218914031982,createsims_gromacs_energy_minimization,2
1141,flux-gpu,createsim,structure_078849779,createsims_mdrun_lipids_water_9,2.559422016143799,createsims_mdrun_lipids_water,2
1142,flux-gpu,createsim,structure_078849779,createsims_trjconv_lipids_water_9,0.34999680519104004,createsims_trjconv_lipids_water,2
1143,flux-gpu,createsim,structure_078849779,createsims_gromacs_make_ndx_9,0.5538821220397949,createsims_gromacs_make_ndx,2
1144,flux-gpu,createsim,structure_078849779,createsims_generate_velocities_0,44.01060938835144,createsims_generate_velocities,2
1145,flux-gpu,createsim,structure_078849779,createsims_short_equilibration_0,98.3206639289856,createsims_short_equilibration,2
1146,flux-gpu,createsim,structure_078849779,createsims_pull_molecules_0,390.4908754825592,createsims_pull_molecules,2
1147,flux-gpu,createsim,structure_078849779,createsims_relax_protein,33.460113525390625,createsims_relax_protein,2
1148,flux-gpu,createsim,structure_078849779,createsims_short_equilibration_20fs,99.51184701919556,createsims_short_equilibration,2
1149,flux-gpu,createsim,structure_078849779,createsims_prime_cg_sim,1.769761562347412,createsims_prime_cg_sim,2
1150,flux-gpu,createsim,structure_009073482,createsim_runtime,694.0194158554077,createsim_runtime,2
1151,flux-gpu,createsim,structure_009073482,createsims_create_cg_patch,0.0041046142578125,createsims_create_cg_patch,2
1152,flux-gpu,createsim,structure_009073482,createsims_setup_cg_sim,692.1549088954926,createsims_setup_cg_sim,2
1153,flux-gpu,createsim,structure_009073482,createsims_gromacs_energy_minimization_0,1.501535177230835,createsims_gromacs_energy_minimization,2
1154,flux-gpu,createsim,structure_009073482,createsims_mdrun_lipids_water_0,2.7128992080688477,createsims_mdrun_lipids_water,2
1155,flux-gpu,createsim,structure_009073482,createsims_trjconv_lipids_water_0,0.3503384590148926,createsims_trjconv_lipids_water,2
1156,flux-gpu,createsim,structure_009073482,createsims_gromacs_make_ndx_0,0.5614008903503418,createsims_gromacs_make_ndx,2
1157,flux-gpu,createsim,structure_009073482,createsims_generate_velocities_0,45.10632348060608,createsims_generate_velocities,2
1158,flux-gpu,createsim,structure_009073482,createsims_short_equilibration_0,100.70903587341309,createsims_short_equilibration,2
1159,flux-gpu,createsim,structure_009073482,createsims_pull_molecules_0,401.22902154922485,createsims_pull_molecules,2
1160,flux-gpu,createsim,structure_009073482,createsims_relax_protein,34.28243613243103,createsims_relax_protein,2
1161,flux-gpu,createsim,structure_009073482,createsims_short_equilibration_20fs,101.82552742958069,createsims_short_equilibration,2
1162,flux-gpu,createsim,structure_009073482,createsims_prime_cg_sim,1.788381576538086,createsims_prime_cg_sim,2
1163,flux-gpu,createsim,structure_003186137,createsim_runtime,688.669068813324,createsim_runtime,2
1164,flux-gpu,createsim,structure_003186137,createsims_create_cg_patch,0.00411224365234375,createsims_create_cg_patch,2
1165,flux-gpu,createsim,structure_003186137,createsims_setup_cg_sim,686.7987132072449,createsims_setup_cg_sim,2
1166,flux-gpu,createsim,structure_003186137,createsims_gromacs_energy_minimization_0,1.5402328968048096,createsims_gromacs_energy_minimization,2
1167,flux-gpu,createsim,structure_003186137,createsims_mdrun_lipids_water_0,2.7221028804779053,createsims_mdrun_lipids_water,2
1168,flux-gpu,createsim,structure_003186137,createsims_trjconv_lipids_water_0,0.3438098430633545,createsims_trjconv_lipids_water,2
1169,flux-gpu,createsim,structure_003186137,createsims_gromacs_make_ndx_0,0.5628604888916016,createsims_gromacs_make_ndx,2
1170,flux-gpu,createsim,structure_003186137,createsims_generate_velocities_0,44.66723966598511,createsims_generate_velocities,2
1171,flux-gpu,createsim,structure_003186137,createsims_short_equilibration_0,100.09936881065369,createsims_short_equilibration,2
1172,flux-gpu,createsim,structure_003186137,createsims_pull_molecules_0,397.2562212944031,createsims_pull_molecules,2
1173,flux-gpu,createsim,structure_003186137,createsims_relax_protein,34.219818115234375,createsims_relax_protein,2
1174,flux-gpu,createsim,structure_003186137,createsims_short_equilibration_20fs,101.50412178039551,createsims_short_equilibration,2
1175,flux-gpu,createsim,structure_003186137,createsims_prime_cg_sim,1.7892568111419678,createsims_prime_cg_sim,2
1176,flux-gpu,createsim,structure_019519092,createsim_runtime,688.0129516124725,createsim_runtime,2
1177,flux-gpu,createsim,structure_019519092,createsims_create_cg_patch,0.0035469532012939453,createsims_create_cg_patch,2
1178,flux-gpu,createsim,structure_019519092,createsims_setup_cg_sim,686.073273897171,createsims_setup_cg_sim,2
1179,flux-gpu,createsim,structure_019519092,createsims_gromacs_energy_minimization_0,1.5508692264556885,createsims_gromacs_energy_minimization,2
1180,flux-gpu,createsim,structure_019519092,createsims_mdrun_lipids_water_0,2.7303121089935303,createsims_mdrun_lipids_water,2
1181,flux-gpu,createsim,structure_019519092,createsims_trjconv_lipids_water_0,0.34758710861206055,createsims_trjconv_lipids_water,2
1182,flux-gpu,createsim,structure_019519092,createsims_gromacs_make_ndx_0,0.5621874332427979,createsims_gromacs_make_ndx,2
1183,flux-gpu,createsim,structure_019519092,createsims_generate_velocities_0,44.279714584350586,createsims_generate_velocities,2
1184,flux-gpu,createsim,structure_019519092,createsims_short_equilibration_0,100.07668328285217,createsims_short_equilibration,2
1185,flux-gpu,createsim,structure_019519092,createsims_pull_molecules_0,397.2386083602905,createsims_pull_molecules,2
1186,flux-gpu,createsim,structure_019519092,createsims_relax_protein,34.07659935951233,createsims_relax_protein,2
1187,flux-gpu,createsim,structure_019519092,createsims_short_equilibration_20fs,101.32600831985474,createsims_short_equilibration,2
1188,flux-gpu,createsim,structure_019519092,createsims_prime_cg_sim,1.8588407039642334,createsims_prime_cg_sim,2
1189,flux-gpu,createsim,structure_063741872,createsim_runtime,690.2233486175537,createsim_runtime,2
1190,flux-gpu,createsim,structure_063741872,createsims_create_cg_patch,0.00436854362487793,createsims_create_cg_patch,2
1191,flux-gpu,createsim,structure_063741872,createsims_setup_cg_sim,688.3379814624786,createsims_setup_cg_sim,2
1192,flux-gpu,createsim,structure_063741872,createsims_gromacs_energy_minimization_0,1.5145447254180908,createsims_gromacs_energy_minimization,2
1193,flux-gpu,createsim,structure_063741872,createsims_mdrun_lipids_water_0,2.729870080947876,createsims_mdrun_lipids_water,2
1194,flux-gpu,createsim,structure_063741872,createsims_trjconv_lipids_water_0,0.35154223442077637,createsims_trjconv_lipids_water,2
1195,flux-gpu,createsim,structure_063741872,createsims_gromacs_make_ndx_0,0.5581488609313965,createsims_gromacs_make_ndx,2
1196,flux-gpu,createsim,structure_063741872,createsims_generate_velocities_0,44.10445594787598,createsims_generate_velocities,2
1197,flux-gpu,createsim,structure_063741872,createsims_short_equilibration_0,100.34651017189026,createsims_short_equilibration,2
1198,flux-gpu,createsim,structure_063741872,createsims_pull_molecules_0,399.16862058639526,createsims_pull_molecules,2
1199,flux-gpu,createsim,structure_063741872,createsims_relax_protein,34.45176982879639,createsims_relax_protein,2
1200,flux-gpu,createsim,structure_063741872,createsims_short_equilibration_20fs,101.21887445449829,createsims_short_equilibration,2
1201,flux-gpu,createsim,structure_063741872,createsims_prime_cg_sim,1.806774377822876,createsims_prime_cg_sim,2
1202,flux-gpu,cganalysis,structure_058519229,cganalysis_run,1784.8609006404877,cganalysis_run,2
1203,flux-gpu,cganalysis,structure_058519229,cganalysis_load_mdanalysis,1.1697866916656494,cganalysis_load_mdanalysis,2
1204,flux-gpu,cganalysis,structure_058519229,cganalysis_run_simulation,5.024077892303467,cganalysis_run_simulation,2
1205,flux-gpu,cganalysis,structure_058519229,cganalysis_simrun,5.02394437789917,cganalysis_simrun,2
1206,flux-gpu,cganalysis,structure_058519229,cganalysis_main_analysis,1778.526072025299,cganalysis_main_analysis,2
1207,flux-gpu,cganalysis,structure_007964002,cganalysis_run,1784.778660774231,cganalysis_run,2
1208,flux-gpu,cganalysis,structure_007964002,cganalysis_load_mdanalysis,1.106827735900879,cganalysis_load_mdanalysis,2
1209,flux-gpu,cganalysis,structure_007964002,cganalysis_run_simulation,5.018337726593018,cganalysis_run_simulation,2
1210,flux-gpu,cganalysis,structure_007964002,cganalysis_simrun,5.018225431442261,cganalysis_simrun,2
1211,flux-gpu,cganalysis,structure_007964002,cganalysis_main_analysis,1778.521094083786,cganalysis_main_analysis,2
1212,flux-gpu,cganalysis,structure_007691442,cganalysis_run,1784.7947413921356,cganalysis_run,2
1213,flux-gpu,cganalysis,structure_007691442,cganalysis_load_mdanalysis,1.116389274597168,cganalysis_load_mdanalysis,2
1214,flux-gpu,cganalysis,structure_007691442,cganalysis_run_simulation,5.02086615562439,cganalysis_run_simulation,2
1215,flux-gpu,cganalysis,structure_007691442,cganalysis_simrun,5.0207436084747314,cganalysis_simrun,2
1216,flux-gpu,cganalysis,structure_007691442,cganalysis_main_analysis,1778.5241630077362,cganalysis_main_analysis,2
1217,flux-gpu,cganalysis,structure_086566131,cganalysis_run,1784.793783903122,cganalysis_run,2
1218,flux-gpu,cganalysis,structure_086566131,cganalysis_load_mdanalysis,1.1185154914855957,cganalysis_load_mdanalysis,2
1219,flux-gpu,cganalysis,structure_086566131,cganalysis_run_simulation,5.023765325546265,cganalysis_run_simulation,2
1220,flux-gpu,cganalysis,structure_086566131,cganalysis_simrun,5.023643970489502,cganalysis_simrun,2
1221,flux-gpu,cganalysis,structure_086566131,cganalysis_main_analysis,1778.517142534256,cganalysis_main_analysis,2
1222,flux-gpu,cganalysis,structure_082977229,cganalysis_run,1784.789319038391,cganalysis_run,2
1223,flux-gpu,cganalysis,structure_082977229,cganalysis_load_mdanalysis,1.102771520614624,cganalysis_load_mdanalysis,2
1224,flux-gpu,cganalysis,structure_082977229,cganalysis_run_simulation,5.0209503173828125,cganalysis_run_simulation,2
1225,flux-gpu,cganalysis,structure_082977229,cganalysis_simrun,5.020840167999268,cganalysis_simrun,2
1226,flux-gpu,cganalysis,structure_082977229,cganalysis_main_analysis,1778.5341453552246,cganalysis_main_analysis,2
1227,flux-gpu,cganalysis,structure_078849779,cganalysis_run,1784.7208936214447,cganalysis_run,2
1228,flux-gpu,cganalysis,structure_078849779,cganalysis_load_mdanalysis,1.0893230438232422,cganalysis_load_mdanalysis,2
1229,flux-gpu,cganalysis,structure_078849779,cganalysis_run_simulation,5.0229949951171875,cganalysis_run_simulation,2
1230,flux-gpu,cganalysis,structure_078849779,cganalysis_simrun,5.0228705406188965,cganalysis_simrun,2
1231,flux-gpu,cganalysis,structure_078849779,cganalysis_main_analysis,1778.4782655239105,cganalysis_main_analysis,2
1232,flux-gpu,cganalysis,structure_009073482,cganalysis_run,1784.7747797966003,cganalysis_run,2
1233,flux-gpu,cganalysis,structure_009073482,cganalysis_load_mdanalysis,1.1002585887908936,cganalysis_load_mdanalysis,2
1234,flux-gpu,cganalysis,structure_009073482,cganalysis_run_simulation,5.0201733112335205,cganalysis_run_simulation,2
1235,flux-gpu,cganalysis,structure_009073482,cganalysis_simrun,5.02005934715271,cganalysis_simrun,2
1236,flux-gpu,cganalysis,structure_009073482,cganalysis_main_analysis,1778.52445602417,cganalysis_main_analysis,2
1237,flux-gpu,cganalysis,structure_003186137,cganalysis_run,1784.7717032432556,cganalysis_run,2
1238,flux-gpu,cganalysis,structure_003186137,cganalysis_load_mdanalysis,1.0957038402557373,cganalysis_load_mdanalysis,2
1239,flux-gpu,cganalysis,structure_003186137,cganalysis_run_simulation,5.027984857559204,cganalysis_run_simulation,2
1240,flux-gpu,cganalysis,structure_003186137,cganalysis_simrun,5.027867317199707,cganalysis_simrun,2
1241,flux-gpu,cganalysis,structure_003186137,cganalysis_main_analysis,1778.516546010971,cganalysis_main_analysis,2
1242,flux-gpu,cganalysis,structure_019519092,cganalysis_run,1784.7475292682648,cganalysis_run,2
1243,flux-gpu,cganalysis,structure_019519092,cganalysis_load_mdanalysis,1.096125602722168,cganalysis_load_mdanalysis,2
1244,flux-gpu,cganalysis,structure_019519092,cganalysis_run_simulation,5.020498991012573,cganalysis_run_simulation,2
1245,flux-gpu,cganalysis,structure_019519092,cganalysis_simrun,5.020395755767822,cganalysis_simrun,2
1246,flux-gpu,cganalysis,structure_019519092,cganalysis_main_analysis,1778.4988176822662,cganalysis_main_analysis,2
1247,flux-gpu,cganalysis,structure_063741872,cganalysis_run,1784.839081287384,cganalysis_run,2
1248,flux-gpu,cganalysis,structure_063741872,cganalysis_load_mdanalysis,1.1449768543243408,cganalysis_load_mdanalysis,2
1249,flux-gpu,cganalysis,structure_063741872,cganalysis_run_simulation,5.0235161781311035,cganalysis_run_simulation,2
1250,flux-gpu,cganalysis,structure_063741872,cganalysis_simrun,5.023395299911499,cganalysis_simrun,2
1251,flux-gpu,cganalysis,structure_063741872,cganalysis_main_analysis,1778.5399005413055,cganalysis_main_analysis,2
