2025-04-08 21:59:16,222 - [MainProcess:46254] root:init_logger:344 - INFO - Enabled
2025-04-08 21:59:16,223 - [MainProcess:46254] root:init_logger:345 - WARNING - Enabled
2025-04-08 21:59:16,223 - [MainProcess:46254] root:init_logger:346 - ERROR - Enabled
2025-04-08 21:59:16,223 - [MainProcess:46254] root:init_logger:347 - CRITICAL - Enabled
2025-04-08 21:59:16,257 - [MainProcess:46254] root:_log_profile:78 - PROFILE - [136.688 MB]: Enabled
2025-04-08 21:59:16,257 - [MainProcess:46254] mummi_ras.online.cg.cganalysis:run_cganalysis:881 - INFO - Running CG analysis, options are:
2025-04-08 21:59:16,257 - [MainProcess:46254] mummi_ras.online.cg.cganalysis:run_cganalysis:882 - INFO - Namespace(simname='structure_iter00_000000000014', fcount=0, noninteractive=False, path='/tmp/mummi/cg/structure_iter00_000000000014-20250408_215900', pathremote='/p/gpfs1/pottier1/minimummi-sc25/roots/root3/sims-cg/structure_iter00_000000000014', fstype='mummi', fbio='mummi', nprocs=1, loglevel=2, logpath='./', logstdout=True, test=False, logfile='cg_analysis', maxsimtime=250000000, stopsimtime=600, minsimtime=100000000, frameProcessBatchSize=10, siminputs='/p/gpfs1/pottier1/minimummi-sc25/roots/root3/sims-cg/structure_iter00_000000000014', simbin='gmx', simruntime='0.5', simcores=8, nofeedback=False, backend=<MDEngine.GROMACS: <class 'mummi_ras.online.simulation.GROMACS'>>, mini=True)
2025-04-08 21:59:16,257 - [MainProcess:46254] mummi_ras.online.cg.cganalysis:run_cganalysis:883 - INFO - local path = /tmp/mummi/cg/structure_iter00_000000000014-20250408_215900
2025-04-08 21:59:16,257 - [MainProcess:46254] mummi_ras.online.cg.cganalysis:run_cganalysis:885 - INFO - remote path = /p/gpfs1/pottier1/minimummi-sc25/roots/root3/sims-cg/structure_iter00_000000000014
2025-04-08 21:59:16,379 - [MainProcess:46254] mummi_ras.online.cg.cganalysis:run_cganalysis:895 - INFO - Using IO_Interface [<class 'mummi_ras.interfaces.mummi.IO_Mummi'>] for data output
2025-04-08 21:59:16,380 - [MainProcess:46254] mummi_ras.online.cg.cganalysis:run_cganalysis:896 - INFO - Using IO_Interface [<class 'mummi_ras.interfaces.mummi.IO_Mummi'>] for feedback output
2025-04-08 21:59:16,380 - [MainProcess:46254] mummi_ras.online.cg.cgoptions:__init__:47 - INFO - Loading parameters from /g/g92/pottier1/admirral_sc25/mummi_resources/analysis/cg/cg_analysis_parameters.yaml
2025-04-08 21:59:16,387 - [MainProcess:46254] mummi_ras.feedback.feedback_manager_cg2ml:__init__:56 - INFO - Initialized FeedbackManager (type = FeedbackManagerType.Worker; name = structure_iter00_000000000014; host = lassen597)
2025-04-08 21:59:16,446 - [MainProcess:46254] mummi_ras.parsers.cg:setup:68 - INFO - Initializing CGParser (MDAnalysis version 2.8.0-dev0)
2025-04-08 21:59:16,446 - [MainProcess:46254] mummi_ras.parsers.cg:setup:69 - INFO - 	Loading: (/tmp/mummi/cg/structure_iter00_000000000014-20250408_215900/lipids-water-eq6.gro) (/tmp/mummi/cg/structure_iter00_000000000014-20250408_215900/topol.tpr)
2025-04-08 21:59:16,466 - [MainProcess:46254] MDAnalysis.topology.TPRparser:_log_header:258 - INFO - Gromacs version   : b'VERSION 2024.1'
2025-04-08 21:59:16,466 - [MainProcess:46254] MDAnalysis.topology.TPRparser:_log_header:259 - INFO - tpx version       : 133
2025-04-08 21:59:16,466 - [MainProcess:46254] MDAnalysis.topology.TPRparser:_log_header:260 - INFO - tpx generation    : 28
2025-04-08 21:59:16,466 - [MainProcess:46254] MDAnalysis.topology.TPRparser:_log_header:261 - INFO - tpx precision     : 4
2025-04-08 21:59:16,466 - [MainProcess:46254] MDAnalysis.topology.TPRparser:_log_header:262 - INFO - tpx file_tag      : b'release'
2025-04-08 21:59:16,466 - [MainProcess:46254] MDAnalysis.topology.TPRparser:_log_header:263 - INFO - tpx natoms        : 54637
2025-04-08 21:59:16,466 - [MainProcess:46254] MDAnalysis.topology.TPRparser:_log_header:264 - INFO - tpx ngtc          : 2
2025-04-08 21:59:16,466 - [MainProcess:46254] MDAnalysis.topology.TPRparser:_log_header:265 - INFO - tpx fep_state     : 0
2025-04-08 21:59:16,467 - [MainProcess:46254] MDAnalysis.topology.TPRparser:_log_header:266 - INFO - tpx lambda        : 0.0
2025-04-08 21:59:17,374 - [MainProcess:46254] mummi_ras.parsers.cg:setup:74 - INFO - 	Number of frames in sim: 1
2025-04-08 21:59:17,374 - [MainProcess:46254] mummi_ras.parsers.cg:setup:75 - INFO - 	Number of atoms in sim: 54637
2025-04-08 21:59:17,375 - [MainProcess:46254] mummi_ras.parsers.cg:setup:76 - INFO - 	Sim dimensions: [181.14719 181.14719 182.9975 ]
2025-04-08 21:59:17,410 - [MainProcess:46254] mummi_ras.parsers.cg:_setup_lipids:103 - WARNING -  Resnames ['ALA' 'ARG' 'ASN' 'ASP' 'CGW' 'CYF' 'CYM' 'CYS' 'GLN' 'GLU' 'GLY' 'GTP'
 'HSE' 'ILE' 'ION' 'LEU' 'LYS' 'MET' 'MG' 'PHE' 'PRO' 'SER' 'THR' 'TRP'
 'TYR' 'VAL' 'W' 'ZN2'] either not lipids or not supported!
2025-04-08 21:59:17,606 - [MainProcess:46254] numexpr.utils:_init_num_threads:145 - INFO - Note: detected 176 virtual cores but NumExpr set to maximum of 64, check "NUMEXPR_MAX_THREADS" environment variable.
2025-04-08 21:59:17,606 - [MainProcess:46254] numexpr.utils:_init_num_threads:148 - INFO - Note: NumExpr detected 176 cores but "NUMEXPR_MAX_THREADS" not set, so enforcing safe limit of 8.
2025-04-08 21:59:18,030 - [MainProcess:46254] mummi_ras.parsers.cg:_setup_lipids:145 - WARNING - Found leaflets of size 448 353
2025-04-08 21:59:18,034 - [MainProcess:46254] mummi_ras.parsers.cg_aligner:init:144 - INFO - origin: (165,): ['THR', 'GLU', 'TYR', 'LYS', 'LEU', 'VAL', 'VAL', 'VAL', 'GLY', 'ALA', 'ASP', 'GLY', 'VAL', 'GLY', 'LYS', 'SER', 'ALA', 'LEU', 'THR', 'ILE', 'GLN', 'LEU', 'ILE', 'GLN', 'ASN', 'HSE', 'PHE', 'VAL', 'ASP', 'GLU', 'TYR', 'ASP', 'PRO', 'THR', 'ILE', 'GLU', 'ASP', 'SER', 'TYR', 'ARG', 'LYS', 'GLN', 'VAL', 'VAL', 'ILE', 'ASP', 'GLY', 'GLU', 'THR', 'CYS', 'LEU', 'LEU', 'ASP', 'ILE', 'LEU', 'ASP', 'THR', 'ALA', 'GLY', 'GLN', 'GLU', 'GLU', 'TYR', 'SER', 'ALA', 'MET', 'ARG', 'ASP', 'GLN', 'TYR', 'MET', 'ARG', 'THR', 'GLY', 'GLU', 'GLY', 'PHE', 'LEU', 'CYS', 'VAL', 'PHE', 'ALA', 'ILE', 'ASN', 'ASN', 'THR', 'LYS', 'SER', 'PHE', 'GLU', 'ASP', 'ILE', 'HSE', 'HSE', 'TYR', 'ARG', 'GLU', 'GLN', 'ILE', 'LYS', 'ARG', 'VAL', 'LYS', 'ASP', 'SER', 'GLU', 'ASP', 'VAL', 'PRO', 'MET', 'VAL', 'LEU', 'VAL', 'GLY', 'ASN', 'LYS', 'CYS', 'ASP', 'LEU', 'PRO', 'SER', 'ARG', 'THR', 'VAL', 'ASP', 'THR', 'LYS', 'GLN', 'ALA', 'GLN', 'ASP', 'LEU', 'ALA', 'ARG', 'SER', 'TYR', 'GLY', 'ILE', 'PRO', 'PHE', 'ILE', 'GLU', 'THR', 'SER', 'ALA', 'LYS', 'THR', 'ARG', 'GLN', 'GLY', 'VAL', 'ASP', 'ASP', 'ALA', 'PHE', 'TYR', 'THR', 'LEU', 'VAL', 'ARG', 'GLU', 'ILE', 'ARG', 'LYS', 'HSE']
2025-04-08 21:59:18,034 - [MainProcess:46254] mummi_ras.parsers.cg_aligner:init:145 - INFO - xaxis:  (8,): ['THR', 'PHE', 'PHE', 'THR', 'LEU', 'LEU', 'PHE', 'GLN']
2025-04-08 21:59:18,038 - [MainProcess:46254] mummi_ras.online.cg.cganalysis:run_cganalysis:978 - INFO - Testing flags: [Success='cg_success', Fail='cg_failure']
2025-04-08 21:59:18,038 - [MainProcess:46254] mummi_ras.online.cg.cganalysis:run_cganalysis:979 - INFO - Checking for exit condition [/p/gpfs1/pottier1/minimummi-sc25/roots/root3/sims-cg/structure_iter00_000000000014] (pass=False fail=False)
2025-04-08 21:59:18,038 - [MainProcess:46254] mummi_ras.online.simulation:run:101 - INFO - Starting /usr/WS1/mummiusr/mummi-spack/spack/0.21/opt/spack/__spack_path_placeholder__/__spack_path_placeholder__/__spack_path_placeholder__/__spack_path_placeholder__/__spack_path_placeholder__/__spack_path_placeholder__/__spack_path_placeholder__/__spack_path_pla/linux-rhel7-power9le/gcc-11.2.1/gromacs-2024.1-qjy7zpleiv5vefcx74wqch3gy2rui4uh/bin/gmx....
2025-04-08 21:59:18,038 - [MainProcess:46254] mummi_ras.online.simulation:run:115 - INFO - cmd =       /usr/WS1/mummiusr/mummi-spack/spack/0.21/opt/spack/__spack_path_placeholder__/__spack_path_placeholder__/__spack_path_placeholder__/__spack_path_placeholder__/__spack_path_placeholder__/__spack_path_placeholder__/__spack_path_placeholder__/__spack_path_pla/linux-rhel7-power9le/gcc-11.2.1/gromacs-2024.1-qjy7zpleiv5vefcx74wqch3gy2rui4uh/bin/gmx mdrun -cpi -nb gpu -ntmpi 1 -ntomp 8 -pin off -maxh 0.5 >> mdrun.log 2>&1
2025-04-08 21:59:18,038 - [MainProcess:46254] mummi_ras.online.simulation:run:116 - INFO - os.pwd =    /tmp/mummi/cg/structure_iter00_000000000014-20250408_215900
2025-04-08 21:59:18,039 - [MainProcess:46254] mummi_ras.online.simulation:run:117 - INFO - simdir =    /tmp/mummi/cg/structure_iter00_000000000014-20250408_215900
2025-04-08 21:59:23,046 - [MainProcess:46254] mummi_ras.online.simulation:run:122 - INFO - Process Running? None
2025-04-08 21:59:23,048 - [MainProcess:46254] mummi_ras.online.simulation:run:126 - INFO - CUDA_VISIBLE_DEVICES=0
2025-04-08 21:59:23,048 - [MainProcess:46254] mummi_ras.online.simulation:run:127 - INFO - ROCR_VISIBLE_DEVICES=UNSET
2025-04-08 21:59:23,105 - [MainProcess:46254] mummi_ras.online.simulation:get_new_frames:399 - INFO - Getting all frame numbers in trajectory from 0 to 0.
2025-04-08 21:59:23,106 - [MainProcess:46254] mummi_ras.online.cg.cganalysis:run_main_analysis:193 - INFO - Process frame 0
2025-04-08 21:59:23,106 - [MainProcess:46254] mummi_ras.online.cg.cganalysis:processFrame:554 - INFO - Load 1 frames: current frame ID /tmp/mummi/cg/structure_iter00_000000000014-20250408_215900/traj_comp.xtc
2025-04-08 21:59:23,113 - [MainProcess:46254] mummi_ras.online.cg.cganalysis:processFrame:580 - INFO - Frame:     0, Time:    0.000 ps, Bbox = [0, 181.14719, 0, 181.14719]
2025-04-08 21:59:23,113 - [MainProcess:46254] mummi_ras.online.cg.cganalysis:processFrame:584 - INFO - Lengths of layers: 662 37 484
2025-04-08 21:59:23,190 - [MainProcess:46254] mummi_ras.online.cg.cganalysis:processFrame:765 - INFO - Time for analysis - frameNum 0, time 0.08478093147277832 s
2025-04-08 21:59:25,191 - [MainProcess:46254] mummi_ras.online.simulation:has_computed_enough:352 - INFO - runtime_hours*0.99 = 0.495 vs delta_time = 0.0019869851403766206 (length 0.0 ns) False False
2025-04-08 21:59:27,195 - [MainProcess:46254] mummi_ras.online.simulation:has_computed_enough:352 - INFO - runtime_hours*0.99 = 0.495 vs delta_time = 0.002543653315967984 (length 0.0 ns) False False
2025-04-08 21:59:29,199 - [MainProcess:46254] mummi_ras.online.simulation:has_computed_enough:352 - INFO - runtime_hours*0.99 = 0.495 vs delta_time = 0.003100268973244561 (length 0.0 ns) False False
2025-04-08 21:59:31,203 - [MainProcess:46254] mummi_ras.online.simulation:has_computed_enough:352 - INFO - runtime_hours*0.99 = 0.495 vs delta_time = 0.0036568756898244224 (length 0.0 ns) False False
2025-04-08 21:59:33,207 - [MainProcess:46254] mummi_ras.online.simulation:has_computed_enough:352 - INFO - runtime_hours*0.99 = 0.495 vs delta_time = 0.004213481015629238 (length 0.0 ns) False False
2025-04-08 21:59:35,210 - [MainProcess:46254] mummi_ras.online.simulation:has_computed_enough:352 - INFO - runtime_hours*0.99 = 0.495 vs delta_time = 0.004770084884431627 (length 0.0 ns) False False
2025-04-08 21:59:37,214 - [MainProcess:46254] mummi_ras.online.simulation:has_computed_enough:352 - INFO - runtime_hours*0.99 = 0.495 vs delta_time = 0.005326692594422235 (length 0.0 ns) False False
2025-04-08 21:59:39,218 - [MainProcess:46254] mummi_ras.online.simulation:has_computed_enough:352 - INFO - runtime_hours*0.99 = 0.495 vs delta_time = 0.005883297522862752 (length 0.0 ns) False False
2025-04-08 21:59:41,222 - [MainProcess:46254] mummi_ras.online.simulation:has_computed_enough:352 - INFO - runtime_hours*0.99 = 0.495 vs delta_time = 0.006439895232518514 (length 0.0 ns) False False
2025-04-08 21:59:43,226 - [MainProcess:46254] mummi_ras.online.simulation:has_computed_enough:352 - INFO - runtime_hours*0.99 = 0.495 vs delta_time = 0.0069964935382207235 (length 0.0 ns) False False
2025-04-08 21:59:45,229 - [MainProcess:46254] mummi_ras.online.simulation:has_computed_enough:352 - INFO - runtime_hours*0.99 = 0.495 vs delta_time = 0.007553094625473022 (length 0.0 ns) False False
2025-04-08 21:59:47,233 - [MainProcess:46254] mummi_ras.online.simulation:has_computed_enough:352 - INFO - runtime_hours*0.99 = 0.495 vs delta_time = 0.008109688427713183 (length 0.0 ns) False False
2025-04-08 21:59:47,270 - [MainProcess:46254] mummi_ras.online.simulation:get_new_frames:399 - INFO - Getting all frame numbers in trajectory from 1 to 1.
2025-04-08 21:59:47,270 - [MainProcess:46254] mummi_ras.online.cg.cganalysis:run_main_analysis:193 - INFO - Process frame 1
2025-04-08 21:59:47,270 - [MainProcess:46254] mummi_ras.online.cg.cganalysis:processFrame:554 - INFO - Load 2 frames: current frame ID /tmp/mummi/cg/structure_iter00_000000000014-20250408_215900/traj_comp.xtc
2025-04-08 21:59:47,277 - [MainProcess:46254] mummi_ras.online.cg.cganalysis:processFrame:580 - INFO - Frame:     1, Time:  500.000 ps, Bbox = [0, 181.27377, 0, 181.27377]
2025-04-08 21:59:47,277 - [MainProcess:46254] mummi_ras.online.cg.cganalysis:processFrame:584 - INFO - Lengths of layers: 664 43 476
2025-04-08 21:59:47,338 - [MainProcess:46254] mummi_ras.online.cg.cganalysis:processFrame:765 - INFO - Time for analysis - frameNum 1, time 0.06781554222106934 s
2025-04-08 21:59:49,338 - [MainProcess:46254] mummi_ras.online.simulation:has_computed_enough:352 - INFO - runtime_hours*0.99 = 0.495 vs delta_time = 0.008694445755746629 (length 0.5 ns) False False
2025-04-08 21:59:51,342 - [MainProcess:46254] mummi_ras.online.simulation:has_computed_enough:352 - INFO - runtime_hours*0.99 = 0.495 vs delta_time = 0.009251056710879007 (length 0.5 ns) False False
2025-04-08 21:59:53,346 - [MainProcess:46254] mummi_ras.online.simulation:has_computed_enough:352 - INFO - runtime_hours*0.99 = 0.495 vs delta_time = 0.009807624618212381 (length 0.5 ns) False False
2025-04-08 21:59:55,349 - [MainProcess:46254] mummi_ras.online.simulation:has_computed_enough:352 - INFO - runtime_hours*0.99 = 0.495 vs delta_time = 0.010364187624719409 (length 0.5 ns) False False
2025-04-08 21:59:57,353 - [MainProcess:46254] mummi_ras.online.simulation:has_computed_enough:352 - INFO - runtime_hours*0.99 = 0.495 vs delta_time = 0.010920755134688483 (length 0.5 ns) False False
2025-04-08 21:59:59,356 - [MainProcess:46254] mummi_ras.online.simulation:has_computed_enough:352 - INFO - runtime_hours*0.99 = 0.495 vs delta_time = 0.011477319465743171 (length 0.5 ns) False False
2025-04-08 22:00:01,360 - [MainProcess:46254] mummi_ras.online.simulation:has_computed_enough:352 - INFO - runtime_hours*0.99 = 0.495 vs delta_time = 0.012033875385920207 (length 0.5 ns) False False
2025-04-08 22:00:03,364 - [MainProcess:46254] mummi_ras.online.simulation:has_computed_enough:352 - INFO - runtime_hours*0.99 = 0.495 vs delta_time = 0.012590442564752367 (length 0.5 ns) False False
2025-04-08 22:00:05,367 - [MainProcess:46254] mummi_ras.online.simulation:has_computed_enough:352 - INFO - runtime_hours*0.99 = 0.495 vs delta_time = 0.013147009743584527 (length 0.5 ns) False False
2025-04-08 22:00:07,371 - [MainProcess:46254] mummi_ras.online.simulation:has_computed_enough:352 - INFO - runtime_hours*0.99 = 0.495 vs delta_time = 0.013703566922081842 (length 0.5 ns) False False
2025-04-08 22:00:09,375 - [MainProcess:46254] mummi_ras.online.simulation:has_computed_enough:352 - INFO - runtime_hours*0.99 = 0.495 vs delta_time = 0.014260129597451952 (length 0.5 ns) False False
2025-04-08 22:00:11,378 - [MainProcess:46254] mummi_ras.online.simulation:has_computed_enough:352 - INFO - runtime_hours*0.99 = 0.495 vs delta_time = 0.014816687107086182 (length 0.5 ns) False False
2025-04-08 22:00:13,382 - [MainProcess:46254] mummi_ras.online.simulation:has_computed_enough:352 - INFO - runtime_hours*0.99 = 0.495 vs delta_time = 0.015373253623644511 (length 0.5 ns) False False
2025-04-08 22:00:13,700 - [MainProcess:46254] mummi_ras.online.simulation:get_new_frames:399 - INFO - Getting all frame numbers in trajectory from 2 to 2.
2025-04-08 22:00:13,700 - [MainProcess:46254] mummi_ras.online.cg.cganalysis:run_main_analysis:193 - INFO - Process frame 2
2025-04-08 22:00:13,700 - [MainProcess:46254] mummi_ras.online.cg.cganalysis:processFrame:554 - INFO - Load 3 frames: current frame ID /tmp/mummi/cg/structure_iter00_000000000014-20250408_215900/traj_comp.xtc
2025-04-08 22:00:13,707 - [MainProcess:46254] mummi_ras.online.cg.cganalysis:processFrame:580 - INFO - Frame:     2, Time: 1000.000 ps, Bbox = [0, 180.56271, 0, 180.56271]
2025-04-08 22:00:13,707 - [MainProcess:46254] mummi_ras.online.cg.cganalysis:processFrame:584 - INFO - Lengths of layers: 664 39 480
2025-04-08 22:00:13,768 - [MainProcess:46254] mummi_ras.online.cg.cganalysis:processFrame:765 - INFO - Time for analysis - frameNum 2, time 0.06760478019714355 s
2025-04-08 22:00:15,768 - [MainProcess:46254] mummi_ras.online.simulation:has_computed_enough:352 - INFO - runtime_hours*0.99 = 0.495 vs delta_time = 0.016036142773098415 (length 1.0 ns) False False
2025-04-08 22:00:17,772 - [MainProcess:46254] mummi_ras.online.simulation:has_computed_enough:352 - INFO - runtime_hours*0.99 = 0.495 vs delta_time = 0.016592812538146973 (length 1.0 ns) False False
2025-04-08 22:00:19,776 - [MainProcess:46254] mummi_ras.online.simulation:has_computed_enough:352 - INFO - runtime_hours*0.99 = 0.495 vs delta_time = 0.0171494507127338 (length 1.0 ns) False False
2025-04-08 22:00:21,780 - [MainProcess:46254] mummi_ras.online.simulation:has_computed_enough:352 - INFO - runtime_hours*0.99 = 0.495 vs delta_time = 0.017706088489956327 (length 1.0 ns) False False
2025-04-08 22:00:23,784 - [MainProcess:46254] mummi_ras.online.simulation:has_computed_enough:352 - INFO - runtime_hours*0.99 = 0.495 vs delta_time = 0.018262750837537978 (length 1.0 ns) False False
2025-04-08 22:00:25,788 - [MainProcess:46254] mummi_ras.online.simulation:has_computed_enough:352 - INFO - runtime_hours*0.99 = 0.495 vs delta_time = 0.018819419013129342 (length 1.0 ns) False False
2025-04-08 22:00:27,792 - [MainProcess:46254] mummi_ras.online.simulation:has_computed_enough:352 - INFO - runtime_hours*0.99 = 0.495 vs delta_time = 0.019376073545879786 (length 1.0 ns) False False
2025-04-08 22:00:29,796 - [MainProcess:46254] mummi_ras.online.simulation:has_computed_enough:352 - INFO - runtime_hours*0.99 = 0.495 vs delta_time = 0.019932710462146334 (length 1.0 ns) False False
2025-04-08 22:00:31,800 - [MainProcess:46254] mummi_ras.online.simulation:has_computed_enough:352 - INFO - runtime_hours*0.99 = 0.495 vs delta_time = 0.020489344464408026 (length 1.0 ns) False False
2025-04-08 22:00:33,804 - [MainProcess:46254] mummi_ras.online.simulation:has_computed_enough:352 - INFO - runtime_hours*0.99 = 0.495 vs delta_time = 0.021045981976721022 (length 1.0 ns) False False
2025-04-08 22:00:35,808 - [MainProcess:46254] mummi_ras.online.simulation:has_computed_enough:352 - INFO - runtime_hours*0.99 = 0.495 vs delta_time = 0.021602613197432625 (length 1.0 ns) False False
2025-04-08 22:00:37,811 - [MainProcess:46254] mummi_ras.online.simulation:has_computed_enough:352 - INFO - runtime_hours*0.99 = 0.495 vs delta_time = 0.022159239848454793 (length 1.0 ns) False False
2025-04-08 22:00:39,815 - [MainProcess:46254] mummi_ras.online.simulation:has_computed_enough:352 - INFO - runtime_hours*0.99 = 0.495 vs delta_time = 0.022715869479709203 (length 1.0 ns) False False
2025-04-08 22:00:41,819 - [MainProcess:46254] mummi_ras.online.simulation:has_computed_enough:352 - INFO - runtime_hours*0.99 = 0.495 vs delta_time = 0.023272495336002775 (length 1.0 ns) False False
2025-04-08 22:00:41,852 - [MainProcess:46254] mummi_ras.online.simulation:get_new_frames:399 - INFO - Getting all frame numbers in trajectory from 3 to 3.
2025-04-08 22:00:41,852 - [MainProcess:46254] mummi_ras.online.cg.cganalysis:run_main_analysis:193 - INFO - Process frame 3
2025-04-08 22:00:41,852 - [MainProcess:46254] mummi_ras.online.cg.cganalysis:processFrame:554 - INFO - Load 4 frames: current frame ID /tmp/mummi/cg/structure_iter00_000000000014-20250408_215900/traj_comp.xtc
2025-04-08 22:00:41,859 - [MainProcess:46254] mummi_ras.online.cg.cganalysis:processFrame:580 - INFO - Frame:     3, Time: 1500.000 ps, Bbox = [0, 179.94336, 0, 179.94336]
2025-04-08 22:00:41,859 - [MainProcess:46254] mummi_ras.online.cg.cganalysis:processFrame:584 - INFO - Lengths of layers: 662 42 479
2025-04-08 22:00:41,919 - [MainProcess:46254] mummi_ras.online.cg.cganalysis:processFrame:765 - INFO - Time for analysis - frameNum 3, time 0.06741809844970703 s
2025-04-08 22:00:43,920 - [MainProcess:46254] mummi_ras.online.simulation:has_computed_enough:352 - INFO - runtime_hours*0.99 = 0.495 vs delta_time = 0.023855985734197827 (length 1.5 ns) False False
2025-04-08 22:00:45,924 - [MainProcess:46254] mummi_ras.online.simulation:has_computed_enough:352 - INFO - runtime_hours*0.99 = 0.495 vs delta_time = 0.024412640730539958 (length 1.5 ns) False False
2025-04-08 22:00:47,927 - [MainProcess:46254] mummi_ras.online.simulation:has_computed_enough:352 - INFO - runtime_hours*0.99 = 0.495 vs delta_time = 0.02496924989753299 (length 1.5 ns) False False
2025-04-08 22:00:49,931 - [MainProcess:46254] mummi_ras.online.simulation:has_computed_enough:352 - INFO - runtime_hours*0.99 = 0.495 vs delta_time = 0.025525878336694504 (length 1.5 ns) False False
2025-04-08 22:00:51,935 - [MainProcess:46254] mummi_ras.online.simulation:has_computed_enough:352 - INFO - runtime_hours*0.99 = 0.495 vs delta_time = 0.026082481940587363 (length 1.5 ns) False False
2025-04-08 22:00:53,939 - [MainProcess:46254] mummi_ras.online.simulation:has_computed_enough:352 - INFO - runtime_hours*0.99 = 0.495 vs delta_time = 0.026639088988304138 (length 1.5 ns) False False
2025-04-08 22:00:55,943 - [MainProcess:46254] mummi_ras.online.simulation:has_computed_enough:352 - INFO - runtime_hours*0.99 = 0.495 vs delta_time = 0.027195691665013632 (length 1.5 ns) False False
2025-04-08 22:00:57,946 - [MainProcess:46254] mummi_ras.online.simulation:has_computed_enough:352 - INFO - runtime_hours*0.99 = 0.495 vs delta_time = 0.02775229771931966 (length 1.5 ns) False False
2025-04-08 22:00:59,950 - [MainProcess:46254] mummi_ras.online.simulation:has_computed_enough:352 - INFO - runtime_hours*0.99 = 0.495 vs delta_time = 0.028308899535073175 (length 1.5 ns) False False
2025-04-08 22:01:01,954 - [MainProcess:46254] mummi_ras.online.simulation:has_computed_enough:352 - INFO - runtime_hours*0.99 = 0.495 vs delta_time = 0.028865510953797236 (length 1.5 ns) False False
2025-04-08 22:01:03,958 - [MainProcess:46254] mummi_ras.online.simulation:has_computed_enough:352 - INFO - runtime_hours*0.99 = 0.495 vs delta_time = 0.0294221082660887 (length 1.5 ns) False False
2025-04-08 22:01:05,961 - [MainProcess:46254] mummi_ras.online.simulation:has_computed_enough:352 - INFO - runtime_hours*0.99 = 0.495 vs delta_time = 0.029978709552023145 (length 1.5 ns) False False
2025-04-08 22:01:07,965 - [MainProcess:46254] mummi_ras.online.simulation:has_computed_enough:352 - INFO - runtime_hours*0.99 = 0.495 vs delta_time = 0.030535307460361056 (length 1.5 ns) False False
2025-04-08 22:01:08,000 - [MainProcess:46254] mummi_ras.online.simulation:get_new_frames:399 - INFO - Getting all frame numbers in trajectory from 4 to 4.
2025-04-08 22:01:08,000 - [MainProcess:46254] mummi_ras.online.cg.cganalysis:run_main_analysis:193 - INFO - Process frame 4
2025-04-08 22:01:08,000 - [MainProcess:46254] mummi_ras.online.cg.cganalysis:processFrame:554 - INFO - Load 5 frames: current frame ID /tmp/mummi/cg/structure_iter00_000000000014-20250408_215900/traj_comp.xtc
2025-04-08 22:01:08,007 - [MainProcess:46254] mummi_ras.online.cg.cganalysis:processFrame:580 - INFO - Frame:     4, Time: 2000.000 ps, Bbox = [0, 180.09306, 0, 180.09306]
2025-04-08 22:01:08,007 - [MainProcess:46254] mummi_ras.online.cg.cganalysis:processFrame:584 - INFO - Lengths of layers: 665 40 478
2025-04-08 22:01:08,067 - [MainProcess:46254] mummi_ras.online.cg.cganalysis:processFrame:765 - INFO - Time for analysis - frameNum 4, time 0.06766319274902344 s
2025-04-08 22:01:10,068 - [MainProcess:46254] mummi_ras.online.simulation:has_computed_enough:352 - INFO - runtime_hours*0.99 = 0.495 vs delta_time = 0.031119384633170235 (length 2.0 ns) False False
2025-04-08 22:01:12,072 - [MainProcess:46254] mummi_ras.online.simulation:has_computed_enough:352 - INFO - runtime_hours*0.99 = 0.495 vs delta_time = 0.031676064199871484 (length 2.0 ns) False False
2025-04-08 22:01:14,076 - [MainProcess:46254] mummi_ras.online.simulation:has_computed_enough:352 - INFO - runtime_hours*0.99 = 0.495 vs delta_time = 0.03223270701037513 (length 2.0 ns) False False
2025-04-08 22:01:16,080 - [MainProcess:46254] mummi_ras.online.simulation:has_computed_enough:352 - INFO - runtime_hours*0.99 = 0.495 vs delta_time = 0.03278933975431654 (length 2.0 ns) False False
2025-04-08 22:01:18,084 - [MainProcess:46254] mummi_ras.online.simulation:has_computed_enough:352 - INFO - runtime_hours*0.99 = 0.495 vs delta_time = 0.03334598037931654 (length 2.0 ns) False False
2025-04-08 22:01:20,088 - [MainProcess:46254] mummi_ras.online.simulation:has_computed_enough:352 - INFO - runtime_hours*0.99 = 0.495 vs delta_time = 0.03390262047449748 (length 2.0 ns) False False
2025-04-08 22:01:22,091 - [MainProcess:46254] mummi_ras.online.simulation:has_computed_enough:352 - INFO - runtime_hours*0.99 = 0.495 vs delta_time = 0.03445925917890337 (length 2.0 ns) False False
2025-04-08 22:01:24,095 - [MainProcess:46254] mummi_ras.online.simulation:has_computed_enough:352 - INFO - runtime_hours*0.99 = 0.495 vs delta_time = 0.0350158883465661 (length 2.0 ns) False False
2025-04-08 22:01:26,099 - [MainProcess:46254] mummi_ras.online.simulation:has_computed_enough:352 - INFO - runtime_hours*0.99 = 0.495 vs delta_time = 0.03557251804404789 (length 2.0 ns) False False
2025-04-08 22:01:28,109 - [MainProcess:46254] mummi_ras.online.simulation:has_computed_enough:352 - INFO - runtime_hours*0.99 = 0.495 vs delta_time = 0.03613072878784603 (length 2.0 ns) False False
2025-04-08 22:01:30,113 - [MainProcess:46254] mummi_ras.online.simulation:has_computed_enough:352 - INFO - runtime_hours*0.99 = 0.495 vs delta_time = 0.03668742232852512 (length 2.0 ns) False False
2025-04-08 22:01:32,117 - [MainProcess:46254] mummi_ras.online.simulation:has_computed_enough:352 - INFO - runtime_hours*0.99 = 0.495 vs delta_time = 0.03724408600065443 (length 2.0 ns) False False
2025-04-08 22:01:34,121 - [MainProcess:46254] mummi_ras.online.simulation:has_computed_enough:352 - INFO - runtime_hours*0.99 = 0.495 vs delta_time = 0.03780075212319692 (length 2.0 ns) False False
2025-04-08 22:01:36,125 - [MainProcess:46254] mummi_ras.online.simulation:has_computed_enough:352 - INFO - runtime_hours*0.99 = 0.495 vs delta_time = 0.03835738466845618 (length 2.0 ns) False False
2025-04-08 22:01:36,158 - [MainProcess:46254] mummi_ras.online.simulation:get_new_frames:399 - INFO - Getting all frame numbers in trajectory from 5 to 5.
2025-04-08 22:01:36,158 - [MainProcess:46254] mummi_ras.online.cg.cganalysis:run_main_analysis:193 - INFO - Process frame 5
2025-04-08 22:01:36,158 - [MainProcess:46254] mummi_ras.online.cg.cganalysis:processFrame:554 - INFO - Load 6 frames: current frame ID /tmp/mummi/cg/structure_iter00_000000000014-20250408_215900/traj_comp.xtc
2025-04-08 22:01:36,165 - [MainProcess:46254] mummi_ras.online.cg.cganalysis:processFrame:580 - INFO - Frame:     5, Time: 2500.000 ps, Bbox = [0, 180.37347, 0, 180.37347]
2025-04-08 22:01:36,165 - [MainProcess:46254] mummi_ras.online.cg.cganalysis:processFrame:584 - INFO - Lengths of layers: 669 31 483
2025-04-08 22:01:36,226 - [MainProcess:46254] mummi_ras.online.cg.cganalysis:processFrame:765 - INFO - Time for analysis - frameNum 5, time 0.06812810897827148 s
2025-04-08 22:01:38,227 - [MainProcess:46254] mummi_ras.online.simulation:has_computed_enough:352 - INFO - runtime_hours*0.99 = 0.495 vs delta_time = 0.03894126693407694 (length 2.5 ns) False False
2025-04-08 22:01:40,231 - [MainProcess:46254] mummi_ras.online.simulation:has_computed_enough:352 - INFO - runtime_hours*0.99 = 0.495 vs delta_time = 0.03949795636865828 (length 2.5 ns) False False
2025-04-08 22:01:42,235 - [MainProcess:46254] mummi_ras.online.simulation:has_computed_enough:352 - INFO - runtime_hours*0.99 = 0.495 vs delta_time = 0.04005460083484649 (length 2.5 ns) False False
2025-04-08 22:01:44,239 - [MainProcess:46254] mummi_ras.online.simulation:has_computed_enough:352 - INFO - runtime_hours*0.99 = 0.495 vs delta_time = 0.040611251923773024 (length 2.5 ns) False False
2025-04-08 22:01:46,243 - [MainProcess:46254] mummi_ras.online.simulation:has_computed_enough:352 - INFO - runtime_hours*0.99 = 0.495 vs delta_time = 0.04116788797908359 (length 2.5 ns) False False
2025-04-08 22:01:48,246 - [MainProcess:46254] mummi_ras.online.simulation:has_computed_enough:352 - INFO - runtime_hours*0.99 = 0.495 vs delta_time = 0.041724518669976125 (length 2.5 ns) False False
2025-04-08 22:01:50,250 - [MainProcess:46254] mummi_ras.online.simulation:has_computed_enough:352 - INFO - runtime_hours*0.99 = 0.495 vs delta_time = 0.04228115969234043 (length 2.5 ns) False False
2025-04-08 22:01:52,254 - [MainProcess:46254] mummi_ras.online.simulation:has_computed_enough:352 - INFO - runtime_hours*0.99 = 0.495 vs delta_time = 0.04283779031700558 (length 2.5 ns) False False
2025-04-08 22:01:54,258 - [MainProcess:46254] mummi_ras.online.simulation:has_computed_enough:352 - INFO - runtime_hours*0.99 = 0.495 vs delta_time = 0.04339443266391754 (length 2.5 ns) False False
2025-04-08 22:01:56,262 - [MainProcess:46254] mummi_ras.online.simulation:has_computed_enough:352 - INFO - runtime_hours*0.99 = 0.495 vs delta_time = 0.04395106156667074 (length 2.5 ns) False False
2025-04-08 22:01:58,266 - [MainProcess:46254] mummi_ras.online.simulation:has_computed_enough:352 - INFO - runtime_hours*0.99 = 0.495 vs delta_time = 0.0445076968272527 (length 2.5 ns) False False
2025-04-08 22:02:00,270 - [MainProcess:46254] mummi_ras.online.simulation:has_computed_enough:352 - INFO - runtime_hours*0.99 = 0.495 vs delta_time = 0.045064337452252703 (length 2.5 ns) False False
2025-04-08 22:02:02,274 - [MainProcess:46254] mummi_ras.online.simulation:has_computed_enough:352 - INFO - runtime_hours*0.99 = 0.495 vs delta_time = 0.045620978871981306 (length 2.5 ns) False False
2025-04-08 22:02:02,306 - [MainProcess:46254] mummi_ras.online.simulation:get_new_frames:399 - INFO - Getting all frame numbers in trajectory from 6 to 6.
2025-04-08 22:02:02,306 - [MainProcess:46254] mummi_ras.online.cg.cganalysis:run_main_analysis:193 - INFO - Process frame 6
2025-04-08 22:02:02,307 - [MainProcess:46254] mummi_ras.online.cg.cganalysis:processFrame:554 - INFO - Load 7 frames: current frame ID /tmp/mummi/cg/structure_iter00_000000000014-20250408_215900/traj_comp.xtc
2025-04-08 22:02:02,314 - [MainProcess:46254] mummi_ras.online.cg.cganalysis:processFrame:580 - INFO - Frame:     6, Time: 3000.000 ps, Bbox = [0, 181.85129, 0, 181.85129]
2025-04-08 22:02:02,314 - [MainProcess:46254] mummi_ras.online.cg.cganalysis:processFrame:584 - INFO - Lengths of layers: 667 32 484
2025-04-08 22:02:02,374 - [MainProcess:46254] mummi_ras.online.cg.cganalysis:processFrame:765 - INFO - Time for analysis - frameNum 6, time 0.06734967231750488 s
2025-04-08 22:02:04,374 - [MainProcess:46254] mummi_ras.online.simulation:has_computed_enough:352 - INFO - runtime_hours*0.99 = 0.495 vs delta_time = 0.046204493774308096 (length 3.0 ns) False False
2025-04-08 22:02:06,378 - [MainProcess:46254] mummi_ras.online.simulation:has_computed_enough:352 - INFO - runtime_hours*0.99 = 0.495 vs delta_time = 0.046761168771319916 (length 3.0 ns) False False
2025-04-08 22:02:08,382 - [MainProcess:46254] mummi_ras.online.simulation:has_computed_enough:352 - INFO - runtime_hours*0.99 = 0.495 vs delta_time = 0.047317804959085254 (length 3.0 ns) False False
2025-04-08 22:02:10,386 - [MainProcess:46254] mummi_ras.online.simulation:has_computed_enough:352 - INFO - runtime_hours*0.99 = 0.495 vs delta_time = 0.04787445174323188 (length 3.0 ns) False False
2025-04-08 22:02:12,390 - [MainProcess:46254] mummi_ras.online.simulation:has_computed_enough:352 - INFO - runtime_hours*0.99 = 0.495 vs delta_time = 0.048431089056862726 (length 3.0 ns) False False
2025-04-08 22:02:14,394 - [MainProcess:46254] mummi_ras.online.simulation:has_computed_enough:352 - INFO - runtime_hours*0.99 = 0.495 vs delta_time = 0.04898772557576497 (length 3.0 ns) False False
2025-04-08 22:02:16,398 - [MainProcess:46254] mummi_ras.online.simulation:has_computed_enough:352 - INFO - runtime_hours*0.99 = 0.495 vs delta_time = 0.04954435878329807 (length 3.0 ns) False False
2025-04-08 22:02:18,402 - [MainProcess:46254] mummi_ras.online.simulation:has_computed_enough:352 - INFO - runtime_hours*0.99 = 0.495 vs delta_time = 0.050101001063982645 (length 3.0 ns) False False
2025-04-08 22:02:20,406 - [MainProcess:46254] mummi_ras.online.simulation:has_computed_enough:352 - INFO - runtime_hours*0.99 = 0.495 vs delta_time = 0.050657639503479006 (length 3.0 ns) False False
2025-04-08 22:02:22,410 - [MainProcess:46254] mummi_ras.online.simulation:has_computed_enough:352 - INFO - runtime_hours*0.99 = 0.495 vs delta_time = 0.051214282777574324 (length 3.0 ns) False False
2025-04-08 22:02:24,413 - [MainProcess:46254] mummi_ras.online.simulation:has_computed_enough:352 - INFO - runtime_hours*0.99 = 0.495 vs delta_time = 0.0517709133360121 (length 3.0 ns) False False
2025-04-08 22:02:26,417 - [MainProcess:46254] mummi_ras.online.simulation:has_computed_enough:352 - INFO - runtime_hours*0.99 = 0.495 vs delta_time = 0.052327542702356976 (length 3.0 ns) False False
2025-04-08 22:02:28,421 - [MainProcess:46254] mummi_ras.online.simulation:has_computed_enough:352 - INFO - runtime_hours*0.99 = 0.495 vs delta_time = 0.052884172598520914 (length 3.0 ns) False False
2025-04-08 22:02:30,425 - [MainProcess:46254] mummi_ras.online.simulation:has_computed_enough:352 - INFO - runtime_hours*0.99 = 0.495 vs delta_time = 0.053440810441970826 (length 3.0 ns) False False
2025-04-08 22:02:30,605 - [MainProcess:46254] mummi_ras.online.simulation:get_new_frames:399 - INFO - Getting all frame numbers in trajectory from 7 to 7.
2025-04-08 22:02:30,605 - [MainProcess:46254] mummi_ras.online.cg.cganalysis:run_main_analysis:193 - INFO - Process frame 7
2025-04-08 22:02:30,605 - [MainProcess:46254] mummi_ras.online.cg.cganalysis:processFrame:554 - INFO - Load 8 frames: current frame ID /tmp/mummi/cg/structure_iter00_000000000014-20250408_215900/traj_comp.xtc
2025-04-08 22:02:30,613 - [MainProcess:46254] mummi_ras.online.cg.cganalysis:processFrame:580 - INFO - Frame:     7, Time: 3500.000 ps, Bbox = [0, 181.76262, 0, 181.76262]
2025-04-08 22:02:30,613 - [MainProcess:46254] mummi_ras.online.cg.cganalysis:processFrame:584 - INFO - Lengths of layers: 666 33 484
2025-04-08 22:02:30,673 - [MainProcess:46254] mummi_ras.online.cg.cganalysis:processFrame:765 - INFO - Time for analysis - frameNum 7, time 0.0678548812866211 s
2025-04-08 22:02:32,674 - [MainProcess:46254] mummi_ras.online.simulation:has_computed_enough:352 - INFO - runtime_hours*0.99 = 0.495 vs delta_time = 0.0540654589732488 (length 3.5 ns) False False
2025-04-08 22:02:34,678 - [MainProcess:46254] mummi_ras.online.simulation:has_computed_enough:352 - INFO - runtime_hours*0.99 = 0.495 vs delta_time = 0.05462216171953413 (length 3.5 ns) False False
2025-04-08 22:02:36,682 - [MainProcess:46254] mummi_ras.online.simulation:has_computed_enough:352 - INFO - runtime_hours*0.99 = 0.495 vs delta_time = 0.05517883386876848 (length 3.5 ns) False False
2025-04-08 22:02:38,686 - [MainProcess:46254] mummi_ras.online.simulation:has_computed_enough:352 - INFO - runtime_hours*0.99 = 0.495 vs delta_time = 0.055735509196917214 (length 3.5 ns) False False
2025-04-08 22:02:40,690 - [MainProcess:46254] mummi_ras.online.simulation:has_computed_enough:352 - INFO - runtime_hours*0.99 = 0.495 vs delta_time = 0.05629217373000251 (length 3.5 ns) False False
2025-04-08 22:02:42,694 - [MainProcess:46254] mummi_ras.online.simulation:has_computed_enough:352 - INFO - runtime_hours*0.99 = 0.495 vs delta_time = 0.05684881925582886 (length 3.5 ns) False False
2025-04-08 22:02:44,698 - [MainProcess:46254] mummi_ras.online.simulation:has_computed_enough:352 - INFO - runtime_hours*0.99 = 0.495 vs delta_time = 0.05740546829170651 (length 3.5 ns) False False
2025-04-08 22:02:46,702 - [MainProcess:46254] mummi_ras.online.simulation:has_computed_enough:352 - INFO - runtime_hours*0.99 = 0.495 vs delta_time = 0.057962101035647924 (length 3.5 ns) False False
2025-04-08 22:02:48,706 - [MainProcess:46254] mummi_ras.online.simulation:has_computed_enough:352 - INFO - runtime_hours*0.99 = 0.495 vs delta_time = 0.05851873278617859 (length 3.5 ns) False False
2025-04-08 22:02:50,709 - [MainProcess:46254] mummi_ras.online.simulation:has_computed_enough:352 - INFO - runtime_hours*0.99 = 0.495 vs delta_time = 0.05907536870903439 (length 3.5 ns) False False
2025-04-08 22:02:52,713 - [MainProcess:46254] mummi_ras.online.simulation:has_computed_enough:352 - INFO - runtime_hours*0.99 = 0.495 vs delta_time = 0.059632002512613934 (length 3.5 ns) False False
2025-04-08 22:02:54,717 - [MainProcess:46254] mummi_ras.online.simulation:has_computed_enough:352 - INFO - runtime_hours*0.99 = 0.495 vs delta_time = 0.06018864671389262 (length 3.5 ns) False False
2025-04-08 22:02:56,721 - [MainProcess:46254] mummi_ras.online.simulation:has_computed_enough:352 - INFO - runtime_hours*0.99 = 0.495 vs delta_time = 0.060745280318790014 (length 3.5 ns) False False
2025-04-08 22:02:56,774 - [MainProcess:46254] mummi_ras.online.simulation:get_new_frames:399 - INFO - Getting all frame numbers in trajectory from 8 to 8.
2025-04-08 22:02:56,774 - [MainProcess:46254] mummi_ras.online.cg.cganalysis:run_main_analysis:193 - INFO - Process frame 8
2025-04-08 22:02:56,774 - [MainProcess:46254] mummi_ras.online.cg.cganalysis:processFrame:554 - INFO - Load 9 frames: current frame ID /tmp/mummi/cg/structure_iter00_000000000014-20250408_215900/traj_comp.xtc
2025-04-08 22:02:56,781 - [MainProcess:46254] mummi_ras.online.cg.cganalysis:processFrame:580 - INFO - Frame:     8, Time: 4000.000 ps, Bbox = [0, 181.60846, 0, 181.60846]
2025-04-08 22:02:56,781 - [MainProcess:46254] mummi_ras.online.cg.cganalysis:processFrame:584 - INFO - Lengths of layers: 668 31 484
2025-04-08 22:02:56,841 - [MainProcess:46254] mummi_ras.online.cg.cganalysis:processFrame:765 - INFO - Time for analysis - frameNum 8, time 0.06761050224304199 s
2025-04-08 22:02:58,842 - [MainProcess:46254] mummi_ras.online.simulation:has_computed_enough:352 - INFO - runtime_hours*0.99 = 0.495 vs delta_time = 0.06133437216281891 (length 4.0 ns) False False
2025-04-08 22:03:00,846 - [MainProcess:46254] mummi_ras.online.simulation:has_computed_enough:352 - INFO - runtime_hours*0.99 = 0.495 vs delta_time = 0.06189105378256904 (length 4.0 ns) False False
2025-04-08 22:03:02,850 - [MainProcess:46254] mummi_ras.online.simulation:has_computed_enough:352 - INFO - runtime_hours*0.99 = 0.495 vs delta_time = 0.06244770202371809 (length 4.0 ns) False False
2025-04-08 22:03:04,854 - [MainProcess:46254] mummi_ras.online.simulation:has_computed_enough:352 - INFO - runtime_hours*0.99 = 0.495 vs delta_time = 0.06300434814559089 (length 4.0 ns) False False
2025-04-08 22:03:06,858 - [MainProcess:46254] mummi_ras.online.simulation:has_computed_enough:352 - INFO - runtime_hours*0.99 = 0.495 vs delta_time = 0.06356098671754201 (length 4.0 ns) False False
2025-04-08 22:03:08,862 - [MainProcess:46254] mummi_ras.online.simulation:has_computed_enough:352 - INFO - runtime_hours*0.99 = 0.495 vs delta_time = 0.06411763085259331 (length 4.0 ns) False False
2025-04-08 22:03:10,866 - [MainProcess:46254] mummi_ras.online.simulation:has_computed_enough:352 - INFO - runtime_hours*0.99 = 0.495 vs delta_time = 0.06467427558369107 (length 4.0 ns) False False
2025-04-08 22:03:12,869 - [MainProcess:46254] mummi_ras.online.simulation:has_computed_enough:352 - INFO - runtime_hours*0.99 = 0.495 vs delta_time = 0.06523091991742452 (length 4.0 ns) False False
2025-04-08 22:03:14,873 - [MainProcess:46254] mummi_ras.online.simulation:has_computed_enough:352 - INFO - runtime_hours*0.99 = 0.495 vs delta_time = 0.06578756398624844 (length 4.0 ns) False False
2025-04-08 22:03:16,877 - [MainProcess:46254] mummi_ras.online.simulation:has_computed_enough:352 - INFO - runtime_hours*0.99 = 0.495 vs delta_time = 0.06634418944517771 (length 4.0 ns) False False
2025-04-08 22:03:18,881 - [MainProcess:46254] mummi_ras.online.simulation:has_computed_enough:352 - INFO - runtime_hours*0.99 = 0.495 vs delta_time = 0.06690083298418258 (length 4.0 ns) False False
2025-04-08 22:03:20,885 - [MainProcess:46254] mummi_ras.online.simulation:has_computed_enough:352 - INFO - runtime_hours*0.99 = 0.495 vs delta_time = 0.06745747440391117 (length 4.0 ns) False False
2025-04-08 22:03:22,889 - [MainProcess:46254] mummi_ras.online.simulation:has_computed_enough:352 - INFO - runtime_hours*0.99 = 0.495 vs delta_time = 0.06801411708196005 (length 4.0 ns) False False
2025-04-08 22:03:24,893 - [MainProcess:46254] mummi_ras.online.simulation:has_computed_enough:352 - INFO - runtime_hours*0.99 = 0.495 vs delta_time = 0.06857075750827789 (length 4.0 ns) False False
2025-04-08 22:03:24,925 - [MainProcess:46254] mummi_ras.online.simulation:get_new_frames:399 - INFO - Getting all frame numbers in trajectory from 9 to 9.
2025-04-08 22:03:24,925 - [MainProcess:46254] mummi_ras.online.cg.cganalysis:run_main_analysis:193 - INFO - Process frame 9
2025-04-08 22:03:24,925 - [MainProcess:46254] mummi_ras.online.cg.cganalysis:processFrame:554 - INFO - Load 10 frames: current frame ID /tmp/mummi/cg/structure_iter00_000000000014-20250408_215900/traj_comp.xtc
2025-04-08 22:03:24,932 - [MainProcess:46254] mummi_ras.online.cg.cganalysis:processFrame:580 - INFO - Frame:     9, Time: 4500.000 ps, Bbox = [0, 181.40091, 0, 181.40091]
2025-04-08 22:03:24,932 - [MainProcess:46254] mummi_ras.online.cg.cganalysis:processFrame:584 - INFO - Lengths of layers: 667 30 486
2025-04-08 22:03:24,992 - [MainProcess:46254] mummi_ras.online.cg.cganalysis:processFrame:765 - INFO - Time for analysis - frameNum 9, time 0.0670325756072998 s
2025-04-08 22:03:26,992 - [MainProcess:46254] mummi_ras.online.simulation:has_computed_enough:352 - INFO - runtime_hours*0.99 = 0.495 vs delta_time = 0.069153983063168 (length 4.5 ns) False False
2025-04-08 22:03:26,996 - [MainProcess:46254] mummi_ras.online.cg.cganalysis:processOutput:92 - INFO - Add feedback for frameNum 0 - state []
2025-04-08 22:03:26,996 - [MainProcess:46254] mummi_ras.online.cg.cganalysis:processOutput:92 - INFO - Add feedback for frameNum 1 - state []
2025-04-08 22:03:26,997 - [MainProcess:46254] mummi_ras.online.cg.cganalysis:processOutput:92 - INFO - Add feedback for frameNum 2 - state []
2025-04-08 22:03:26,997 - [MainProcess:46254] mummi_ras.online.cg.cganalysis:processOutput:92 - INFO - Add feedback for frameNum 3 - state []
2025-04-08 22:03:26,997 - [MainProcess:46254] mummi_ras.online.cg.cganalysis:processOutput:92 - INFO - Add feedback for frameNum 4 - state []
2025-04-08 22:03:26,997 - [MainProcess:46254] mummi_ras.online.cg.cganalysis:processOutput:92 - INFO - Add feedback for frameNum 5 - state []
2025-04-08 22:03:26,997 - [MainProcess:46254] mummi_ras.online.cg.cganalysis:processOutput:92 - INFO - Add feedback for frameNum 6 - state []
2025-04-08 22:03:26,997 - [MainProcess:46254] mummi_ras.online.cg.cganalysis:processOutput:92 - INFO - Add feedback for frameNum 7 - state []
2025-04-08 22:03:26,997 - [MainProcess:46254] mummi_ras.online.cg.cganalysis:processOutput:92 - INFO - Add feedback for frameNum 8 - state []
2025-04-08 22:03:26,997 - [MainProcess:46254] mummi_ras.online.cg.cganalysis:processOutput:92 - INFO - Add feedback for frameNum 9 - state []
2025-04-08 22:03:27,009 - [MainProcess:46254] mummi_core.interfaces.simple:_save_files:91 - INFO - Wrote 10 files to (/p/gpfs1/pottier1/minimummi-sc25/roots/root3/feedback-cg2ml/014)
2025-04-08 22:03:27,009 - [MainProcess:46254] mummi_ras.feedback.feedback_manager_cg2ml:report:118 - INFO - Added 10 frames (from structure_iter00_000000000014) to feedback (/p/gpfs1/pottier1/minimummi-sc25/roots/root3/feedback-cg2ml)
2025-04-08 22:03:27,009 - [MainProcess:46254] mummi_ras.online.cg.cganalysis:processOutput:112 - INFO - processOutput: 9
2025-04-08 22:03:27,009 - [MainProcess:46254] mummi_ras.online.cg.cganalysis:copyRemoteRestart:452 - INFO - Copy to remote frames [0, 1, 2, 3, 4, 5, 6, 7, 8, 9]
2025-04-08 22:03:27,090 - [MainProcess:46254] mummi_core.utils.utilities:sys_call:184 - INFO - Run command: rsync -va --no-g traj_comp.xtc topol.tpr state.cpt ener.edr md.log mdrun.log /p/gpfs1/pottier1/minimummi-sc25/roots/root3/sims-cg/structure_iter00_000000000014 || true
2025-04-08 22:03:27,348 - [MainProcess:46254] mummi_ras.interfaces.mummi:save_analysis_data:253 - INFO - Saved all analysis data for frames [0, 1, 2, 3, 4, 5, 6, 7, 8, 9]
2025-04-08 22:03:27,348 - [MainProcess:46254] mummi_ras.online.cg.cganalysis:copyRemoteLogs:350 - INFO - Copy over log files
2025-04-08 22:03:27,375 - [MainProcess:46254] mummi_core.utils.utilities:sys_call:184 - INFO - Run command: cp -r  /tmp/mummi/cg/structure_iter00_000000000014-20250408_215900/cg_analysis.out /tmp/mummi/cg/structure_iter00_000000000014-20250408_215900/traj_comp.xtc /tmp/mummi/cg/structure_iter00_000000000014-20250408_215900/*.log /p/gpfs1/pottier1/minimummi-sc25/roots/root3/sims-cg/structure_iter00_000000000014/ || true
2025-04-08 22:03:27,375 - [MainProcess:46254] mummi_ras.online.cg.cganalysis:copyRemoteLogs:365 - INFO - copyRemoteLogs =  /tmp/mummi/cg/structure_iter00_000000000014-20250408_215900/cg_analysis.out /tmp/mummi/cg/structure_iter00_000000000014-20250408_215900/traj_comp.xtc /tmp/mummi/cg/structure_iter00_000000000014-20250408_215900/*.log
2025-04-08 22:03:27,375 - [MainProcess:46254] mummi_ras.online.cg.cganalysis:cleanupLocal:375 - WARNING - Copy cleanup local only works for ddcMD files
2025-04-08 22:03:29,375 - [MainProcess:46254] mummi_ras.online.simulation:has_computed_enough:352 - INFO - runtime_hours*0.99 = 0.495 vs delta_time = 0.0698158778084649 (length 4.5 ns) False False
2025-04-08 22:03:31,382 - [MainProcess:46254] mummi_ras.online.simulation:has_computed_enough:352 - INFO - runtime_hours*0.99 = 0.495 vs delta_time = 0.07037325885560777 (length 4.5 ns) False False
2025-04-08 22:03:33,388 - [MainProcess:46254] mummi_ras.online.simulation:has_computed_enough:352 - INFO - runtime_hours*0.99 = 0.495 vs delta_time = 0.07093053466743893 (length 4.5 ns) False False
2025-04-08 22:03:35,395 - [MainProcess:46254] mummi_ras.online.simulation:has_computed_enough:352 - INFO - runtime_hours*0.99 = 0.495 vs delta_time = 0.07148793776830037 (length 4.5 ns) False False
2025-04-08 22:03:37,401 - [MainProcess:46254] mummi_ras.online.simulation:has_computed_enough:352 - INFO - runtime_hours*0.99 = 0.495 vs delta_time = 0.07204533874988556 (length 4.5 ns) False False
2025-04-08 22:03:39,408 - [MainProcess:46254] mummi_ras.online.simulation:has_computed_enough:352 - INFO - runtime_hours*0.99 = 0.495 vs delta_time = 0.07260262800587548 (length 4.5 ns) False False
2025-04-08 22:03:41,414 - [MainProcess:46254] mummi_ras.online.simulation:has_computed_enough:352 - INFO - runtime_hours*0.99 = 0.495 vs delta_time = 0.07315998925103082 (length 4.5 ns) False False
2025-04-08 22:03:43,421 - [MainProcess:46254] mummi_ras.online.simulation:has_computed_enough:352 - INFO - runtime_hours*0.99 = 0.495 vs delta_time = 0.07371742520067427 (length 4.5 ns) False False
2025-04-08 22:03:45,428 - [MainProcess:46254] mummi_ras.online.simulation:has_computed_enough:352 - INFO - runtime_hours*0.99 = 0.495 vs delta_time = 0.0742748400900099 (length 4.5 ns) False False
2025-04-08 22:03:47,434 - [MainProcess:46254] mummi_ras.online.simulation:has_computed_enough:352 - INFO - runtime_hours*0.99 = 0.495 vs delta_time = 0.0748321568303638 (length 4.5 ns) False False
2025-04-08 22:03:49,440 - [MainProcess:46254] mummi_ras.online.simulation:has_computed_enough:352 - INFO - runtime_hours*0.99 = 0.495 vs delta_time = 0.07538953979810079 (length 4.5 ns) False False
2025-04-08 22:03:51,447 - [MainProcess:46254] mummi_ras.online.simulation:has_computed_enough:352 - INFO - runtime_hours*0.99 = 0.495 vs delta_time = 0.07594692263338301 (length 4.5 ns) False False
2025-04-08 22:03:51,502 - [MainProcess:46254] mummi_ras.online.simulation:get_new_frames:399 - INFO - Getting all frame numbers in trajectory from 10 to 10.
2025-04-08 22:03:51,502 - [MainProcess:46254] mummi_ras.online.cg.cganalysis:run_main_analysis:193 - INFO - Process frame 10
2025-04-08 22:03:51,502 - [MainProcess:46254] mummi_ras.online.cg.cganalysis:processFrame:554 - INFO - Load 11 frames: current frame ID /tmp/mummi/cg/structure_iter00_000000000014-20250408_215900/traj_comp.xtc
2025-04-08 22:03:51,513 - [MainProcess:46254] mummi_ras.online.cg.cganalysis:processFrame:580 - INFO - Frame:    10, Time: 5000.000 ps, Bbox = [0, 181.0014, 0, 181.0014]
2025-04-08 22:03:51,513 - [MainProcess:46254] mummi_ras.online.cg.cganalysis:processFrame:584 - INFO - Lengths of layers: 667 27 489
2025-04-08 22:03:51,617 - [MainProcess:46254] mummi_ras.online.cg.cganalysis:processFrame:765 - INFO - Time for analysis - frameNum 10, time 0.11507821083068848 s
2025-04-08 22:03:53,617 - [MainProcess:46254] mummi_ras.online.simulation:has_computed_enough:352 - INFO - runtime_hours*0.99 = 0.495 vs delta_time = 0.07654981646272871 (length 5.0 ns) False False
2025-04-08 22:03:55,624 - [MainProcess:46254] mummi_ras.online.simulation:has_computed_enough:352 - INFO - runtime_hours*0.99 = 0.495 vs delta_time = 0.07710723651780023 (length 5.0 ns) False False
2025-04-08 22:03:57,631 - [MainProcess:46254] mummi_ras.online.simulation:has_computed_enough:352 - INFO - runtime_hours*0.99 = 0.495 vs delta_time = 0.07766462491618262 (length 5.0 ns) False False
2025-04-08 22:03:59,637 - [MainProcess:46254] mummi_ras.online.simulation:has_computed_enough:352 - INFO - runtime_hours*0.99 = 0.495 vs delta_time = 0.07822198543283675 (length 5.0 ns) False False
2025-04-08 22:04:01,643 - [MainProcess:46254] mummi_ras.online.simulation:has_computed_enough:352 - INFO - runtime_hours*0.99 = 0.495 vs delta_time = 0.07877924535009596 (length 5.0 ns) False False
2025-04-08 22:04:03,650 - [MainProcess:46254] mummi_ras.online.simulation:has_computed_enough:352 - INFO - runtime_hours*0.99 = 0.495 vs delta_time = 0.079336585799853 (length 5.0 ns) False False
2025-04-08 22:04:05,656 - [MainProcess:46254] mummi_ras.online.simulation:has_computed_enough:352 - INFO - runtime_hours*0.99 = 0.495 vs delta_time = 0.07989396433035532 (length 5.0 ns) False False
2025-04-08 22:04:07,663 - [MainProcess:46254] mummi_ras.online.simulation:has_computed_enough:352 - INFO - runtime_hours*0.99 = 0.495 vs delta_time = 0.08045129994551341 (length 5.0 ns) False False
2025-04-08 22:04:09,669 - [MainProcess:46254] mummi_ras.online.simulation:has_computed_enough:352 - INFO - runtime_hours*0.99 = 0.495 vs delta_time = 0.08100856535964542 (length 5.0 ns) False False
2025-04-08 22:04:11,676 - [MainProcess:46254] mummi_ras.online.simulation:has_computed_enough:352 - INFO - runtime_hours*0.99 = 0.495 vs delta_time = 0.08156593223412832 (length 5.0 ns) False False
2025-04-08 22:04:13,682 - [MainProcess:46254] mummi_ras.online.simulation:has_computed_enough:352 - INFO - runtime_hours*0.99 = 0.495 vs delta_time = 0.08212330692344241 (length 5.0 ns) False False
2025-04-08 22:04:15,688 - [MainProcess:46254] mummi_ras.online.simulation:has_computed_enough:352 - INFO - runtime_hours*0.99 = 0.495 vs delta_time = 0.08268059975571103 (length 5.0 ns) False False
2025-04-08 22:04:17,695 - [MainProcess:46254] mummi_ras.online.simulation:has_computed_enough:352 - INFO - runtime_hours*0.99 = 0.495 vs delta_time = 0.08323792987399631 (length 5.0 ns) False False
2025-04-08 22:04:17,747 - [MainProcess:46254] mummi_ras.online.simulation:get_new_frames:399 - INFO - Getting all frame numbers in trajectory from 11 to 11.
2025-04-08 22:04:17,747 - [MainProcess:46254] mummi_ras.online.cg.cganalysis:run_main_analysis:193 - INFO - Process frame 11
2025-04-08 22:04:17,748 - [MainProcess:46254] mummi_ras.online.cg.cganalysis:processFrame:554 - INFO - Load 12 frames: current frame ID /tmp/mummi/cg/structure_iter00_000000000014-20250408_215900/traj_comp.xtc
2025-04-08 22:04:17,759 - [MainProcess:46254] mummi_ras.online.cg.cganalysis:processFrame:580 - INFO - Frame:    11, Time: 5500.000 ps, Bbox = [0, 180.50784, 0, 180.50784]
2025-04-08 22:04:17,759 - [MainProcess:46254] mummi_ras.online.cg.cganalysis:processFrame:584 - INFO - Lengths of layers: 665 27 491
2025-04-08 22:04:17,863 - [MainProcess:46254] mummi_ras.online.cg.cganalysis:processFrame:765 - INFO - Time for analysis - frameNum 11, time 0.11535859107971191 s
2025-04-08 22:04:19,863 - [MainProcess:46254] mummi_ras.online.simulation:has_computed_enough:352 - INFO - runtime_hours*0.99 = 0.495 vs delta_time = 0.08384033461411794 (length 5.5 ns) False False
2025-04-08 22:04:21,870 - [MainProcess:46254] mummi_ras.online.simulation:has_computed_enough:352 - INFO - runtime_hours*0.99 = 0.495 vs delta_time = 0.08439769632286495 (length 5.5 ns) False False
2025-04-08 22:04:23,876 - [MainProcess:46254] mummi_ras.online.simulation:has_computed_enough:352 - INFO - runtime_hours*0.99 = 0.495 vs delta_time = 0.08495504366026985 (length 5.5 ns) False False
2025-04-08 22:04:25,883 - [MainProcess:46254] mummi_ras.online.simulation:has_computed_enough:352 - INFO - runtime_hours*0.99 = 0.495 vs delta_time = 0.08551243424415589 (length 5.5 ns) False False
2025-04-08 22:04:27,889 - [MainProcess:46254] mummi_ras.online.simulation:has_computed_enough:352 - INFO - runtime_hours*0.99 = 0.495 vs delta_time = 0.08606979913181728 (length 5.5 ns) False False
2025-04-08 22:04:29,895 - [MainProcess:46254] mummi_ras.online.simulation:has_computed_enough:352 - INFO - runtime_hours*0.99 = 0.495 vs delta_time = 0.0866270214981503 (length 5.5 ns) False False
2025-04-08 22:04:31,902 - [MainProcess:46254] mummi_ras.online.simulation:has_computed_enough:352 - INFO - runtime_hours*0.99 = 0.495 vs delta_time = 0.08718439804183112 (length 5.5 ns) False False
2025-04-08 22:04:33,909 - [MainProcess:46254] mummi_ras.online.simulation:has_computed_enough:352 - INFO - runtime_hours*0.99 = 0.495 vs delta_time = 0.08774176359176636 (length 5.5 ns) False False
2025-04-08 22:04:35,915 - [MainProcess:46254] mummi_ras.online.simulation:has_computed_enough:352 - INFO - runtime_hours*0.99 = 0.495 vs delta_time = 0.08829911695586311 (length 5.5 ns) False False
2025-04-08 22:04:37,921 - [MainProcess:46254] mummi_ras.online.simulation:has_computed_enough:352 - INFO - runtime_hours*0.99 = 0.495 vs delta_time = 0.08885639031728108 (length 5.5 ns) False False
2025-04-08 22:04:39,928 - [MainProcess:46254] mummi_ras.online.simulation:has_computed_enough:352 - INFO - runtime_hours*0.99 = 0.495 vs delta_time = 0.08941377639770508 (length 5.5 ns) False False
2025-04-08 22:04:41,934 - [MainProcess:46254] mummi_ras.online.simulation:has_computed_enough:352 - INFO - runtime_hours*0.99 = 0.495 vs delta_time = 0.08997115585539076 (length 5.5 ns) False False
2025-04-08 22:04:43,941 - [MainProcess:46254] mummi_ras.online.simulation:has_computed_enough:352 - INFO - runtime_hours*0.99 = 0.495 vs delta_time = 0.09052851286199358 (length 5.5 ns) False False
2025-04-08 22:04:45,947 - [MainProcess:46254] mummi_ras.online.simulation:has_computed_enough:352 - INFO - runtime_hours*0.99 = 0.495 vs delta_time = 0.09108580940299564 (length 5.5 ns) False False
2025-04-08 22:04:45,999 - [MainProcess:46254] mummi_ras.online.simulation:get_new_frames:399 - INFO - Getting all frame numbers in trajectory from 12 to 12.
2025-04-08 22:04:45,999 - [MainProcess:46254] mummi_ras.online.cg.cganalysis:run_main_analysis:193 - INFO - Process frame 12
2025-04-08 22:04:45,999 - [MainProcess:46254] mummi_ras.online.cg.cganalysis:processFrame:554 - INFO - Load 13 frames: current frame ID /tmp/mummi/cg/structure_iter00_000000000014-20250408_215900/traj_comp.xtc
2025-04-08 22:04:46,011 - [MainProcess:46254] mummi_ras.online.cg.cganalysis:processFrame:580 - INFO - Frame:    12, Time: 6000.000 ps, Bbox = [0, 181.62286, 0, 181.62286]
2025-04-08 22:04:46,011 - [MainProcess:46254] mummi_ras.online.cg.cganalysis:processFrame:584 - INFO - Lengths of layers: 663 29 491
2025-04-08 22:04:46,115 - [MainProcess:46254] mummi_ras.online.cg.cganalysis:processFrame:765 - INFO - Time for analysis - frameNum 12, time 0.11584663391113281 s
2025-04-08 22:04:48,116 - [MainProcess:46254] mummi_ras.online.simulation:has_computed_enough:352 - INFO - runtime_hours*0.99 = 0.495 vs delta_time = 0.09168821970621745 (length 6.0 ns) False False
2025-04-08 22:04:50,123 - [MainProcess:46254] mummi_ras.online.simulation:has_computed_enough:352 - INFO - runtime_hours*0.99 = 0.495 vs delta_time = 0.09224565049012502 (length 6.0 ns) False False
2025-04-08 22:04:52,129 - [MainProcess:46254] mummi_ras.online.simulation:has_computed_enough:352 - INFO - runtime_hours*0.99 = 0.495 vs delta_time = 0.09280295643541547 (length 6.0 ns) False False
2025-04-08 22:04:54,135 - [MainProcess:46254] mummi_ras.online.simulation:has_computed_enough:352 - INFO - runtime_hours*0.99 = 0.495 vs delta_time = 0.09336029569307963 (length 6.0 ns) False False
2025-04-08 22:04:56,142 - [MainProcess:46254] mummi_ras.online.simulation:has_computed_enough:352 - INFO - runtime_hours*0.99 = 0.495 vs delta_time = 0.09391768097877502 (length 6.0 ns) False False
2025-04-08 22:04:58,148 - [MainProcess:46254] mummi_ras.online.simulation:has_computed_enough:352 - INFO - runtime_hours*0.99 = 0.495 vs delta_time = 0.09447501540184021 (length 6.0 ns) False False
2025-04-08 22:05:00,154 - [MainProcess:46254] mummi_ras.online.simulation:has_computed_enough:352 - INFO - runtime_hours*0.99 = 0.495 vs delta_time = 0.09503229200839997 (length 6.0 ns) False False
2025-04-08 22:05:02,161 - [MainProcess:46254] mummi_ras.online.simulation:has_computed_enough:352 - INFO - runtime_hours*0.99 = 0.495 vs delta_time = 0.09558963278929393 (length 6.0 ns) False False
2025-04-08 22:05:04,167 - [MainProcess:46254] mummi_ras.online.simulation:has_computed_enough:352 - INFO - runtime_hours*0.99 = 0.495 vs delta_time = 0.09614702469772762 (length 6.0 ns) False False
2025-04-08 22:05:06,174 - [MainProcess:46254] mummi_ras.online.simulation:has_computed_enough:352 - INFO - runtime_hours*0.99 = 0.495 vs delta_time = 0.09670439236693912 (length 6.0 ns) False False
2025-04-08 22:05:08,180 - [MainProcess:46254] mummi_ras.online.simulation:has_computed_enough:352 - INFO - runtime_hours*0.99 = 0.495 vs delta_time = 0.09726166499985589 (length 6.0 ns) False False
2025-04-08 22:05:10,187 - [MainProcess:46254] mummi_ras.online.simulation:has_computed_enough:352 - INFO - runtime_hours*0.99 = 0.495 vs delta_time = 0.09781900836361779 (length 6.0 ns) False False
2025-04-08 22:05:12,193 - [MainProcess:46254] mummi_ras.online.simulation:has_computed_enough:352 - INFO - runtime_hours*0.99 = 0.495 vs delta_time = 0.09837641007370419 (length 6.0 ns) False False
2025-04-08 22:05:12,251 - [MainProcess:46254] mummi_ras.online.simulation:get_new_frames:399 - INFO - Getting all frame numbers in trajectory from 13 to 13.
2025-04-08 22:05:12,251 - [MainProcess:46254] mummi_ras.online.cg.cganalysis:run_main_analysis:193 - INFO - Process frame 13
2025-04-08 22:05:12,251 - [MainProcess:46254] mummi_ras.online.cg.cganalysis:processFrame:554 - INFO - Load 14 frames: current frame ID /tmp/mummi/cg/structure_iter00_000000000014-20250408_215900/traj_comp.xtc
2025-04-08 22:05:12,263 - [MainProcess:46254] mummi_ras.online.cg.cganalysis:processFrame:580 - INFO - Frame:    13, Time: 6500.000 ps, Bbox = [0, 180.99973, 0, 180.99973]
2025-04-08 22:05:12,263 - [MainProcess:46254] mummi_ras.online.cg.cganalysis:processFrame:584 - INFO - Lengths of layers: 665 27 491
2025-04-08 22:05:12,368 - [MainProcess:46254] mummi_ras.online.cg.cganalysis:processFrame:765 - INFO - Time for analysis - frameNum 13, time 0.11702847480773926 s
2025-04-08 22:05:14,369 - [MainProcess:46254] mummi_ras.online.simulation:has_computed_enough:352 - INFO - runtime_hours*0.99 = 0.495 vs delta_time = 0.09898067918088702 (length 6.5 ns) False False
2025-04-08 22:05:16,375 - [MainProcess:46254] mummi_ras.online.simulation:has_computed_enough:352 - INFO - runtime_hours*0.99 = 0.495 vs delta_time = 0.09953812301158906 (length 6.5 ns) False False
2025-04-08 22:05:18,382 - [MainProcess:46254] mummi_ras.online.simulation:has_computed_enough:352 - INFO - runtime_hours*0.99 = 0.495 vs delta_time = 0.10009548975361718 (length 6.5 ns) False False
2025-04-08 22:05:20,388 - [MainProcess:46254] mummi_ras.online.simulation:has_computed_enough:352 - INFO - runtime_hours*0.99 = 0.495 vs delta_time = 0.10065277523464626 (length 6.5 ns) False False
2025-04-08 22:05:22,395 - [MainProcess:46254] mummi_ras.online.simulation:has_computed_enough:352 - INFO - runtime_hours*0.99 = 0.495 vs delta_time = 0.10121016608344184 (length 6.5 ns) False False
2025-04-08 22:05:24,401 - [MainProcess:46254] mummi_ras.online.simulation:has_computed_enough:352 - INFO - runtime_hours*0.99 = 0.495 vs delta_time = 0.10176755666732788 (length 6.5 ns) False False
2025-04-08 22:05:26,408 - [MainProcess:46254] mummi_ras.online.simulation:has_computed_enough:352 - INFO - runtime_hours*0.99 = 0.495 vs delta_time = 0.10232492049535115 (length 6.5 ns) False False
2025-04-08 22:05:28,414 - [MainProcess:46254] mummi_ras.online.simulation:has_computed_enough:352 - INFO - runtime_hours*0.99 = 0.495 vs delta_time = 0.1028822214073605 (length 6.5 ns) False False
2025-04-08 22:05:30,421 - [MainProcess:46254] mummi_ras.online.simulation:has_computed_enough:352 - INFO - runtime_hours*0.99 = 0.495 vs delta_time = 0.10343959457344479 (length 6.5 ns) False False
2025-04-08 22:05:32,427 - [MainProcess:46254] mummi_ras.online.simulation:has_computed_enough:352 - INFO - runtime_hours*0.99 = 0.495 vs delta_time = 0.10399700078699324 (length 6.5 ns) False False
2025-04-08 22:05:34,434 - [MainProcess:46254] mummi_ras.online.simulation:has_computed_enough:352 - INFO - runtime_hours*0.99 = 0.495 vs delta_time = 0.10455445408821105 (length 6.5 ns) False False
2025-04-08 22:05:36,440 - [MainProcess:46254] mummi_ras.online.simulation:has_computed_enough:352 - INFO - runtime_hours*0.99 = 0.495 vs delta_time = 0.10511175049675836 (length 6.5 ns) False False
2025-04-08 22:05:38,447 - [MainProcess:46254] mummi_ras.online.simulation:has_computed_enough:352 - INFO - runtime_hours*0.99 = 0.495 vs delta_time = 0.10566914631260765 (length 6.5 ns) False False
2025-04-08 22:05:40,454 - [MainProcess:46254] mummi_ras.online.simulation:has_computed_enough:352 - INFO - runtime_hours*0.99 = 0.495 vs delta_time = 0.10622654636700948 (length 6.5 ns) False False
2025-04-08 22:05:40,506 - [MainProcess:46254] mummi_ras.online.simulation:get_new_frames:399 - INFO - Getting all frame numbers in trajectory from 14 to 14.
2025-04-08 22:05:40,506 - [MainProcess:46254] mummi_ras.online.cg.cganalysis:run_main_analysis:193 - INFO - Process frame 14
2025-04-08 22:05:40,506 - [MainProcess:46254] mummi_ras.online.cg.cganalysis:processFrame:554 - INFO - Load 15 frames: current frame ID /tmp/mummi/cg/structure_iter00_000000000014-20250408_215900/traj_comp.xtc
2025-04-08 22:05:40,518 - [MainProcess:46254] mummi_ras.online.cg.cganalysis:processFrame:580 - INFO - Frame:    14, Time: 7000.000 ps, Bbox = [0, 180.82399, 0, 180.82399]
2025-04-08 22:05:40,518 - [MainProcess:46254] mummi_ras.online.cg.cganalysis:processFrame:584 - INFO - Lengths of layers: 663 24 496
2025-04-08 22:05:40,622 - [MainProcess:46254] mummi_ras.online.cg.cganalysis:processFrame:765 - INFO - Time for analysis - frameNum 14, time 0.11594176292419434 s
2025-04-08 22:05:42,623 - [MainProcess:46254] mummi_ras.online.simulation:has_computed_enough:352 - INFO - runtime_hours*0.99 = 0.495 vs delta_time = 0.1068291124370363 (length 7.0 ns) False False
2025-04-08 22:05:44,630 - [MainProcess:46254] mummi_ras.online.simulation:has_computed_enough:352 - INFO - runtime_hours*0.99 = 0.495 vs delta_time = 0.10738655904928843 (length 7.0 ns) False False
2025-04-08 22:05:46,636 - [MainProcess:46254] mummi_ras.online.simulation:has_computed_enough:352 - INFO - runtime_hours*0.99 = 0.495 vs delta_time = 0.10794394413630168 (length 7.0 ns) False False
2025-04-08 22:05:48,643 - [MainProcess:46254] mummi_ras.online.simulation:has_computed_enough:352 - INFO - runtime_hours*0.99 = 0.495 vs delta_time = 0.10850131988525391 (length 7.0 ns) False False
2025-04-08 22:05:50,649 - [MainProcess:46254] mummi_ras.online.simulation:has_computed_enough:352 - INFO - runtime_hours*0.99 = 0.495 vs delta_time = 0.1090585575501124 (length 7.0 ns) False False
2025-04-08 22:05:52,656 - [MainProcess:46254] mummi_ras.online.simulation:has_computed_enough:352 - INFO - runtime_hours*0.99 = 0.495 vs delta_time = 0.1096159530348248 (length 7.0 ns) False False
2025-04-08 22:05:54,662 - [MainProcess:46254] mummi_ras.online.simulation:has_computed_enough:352 - INFO - runtime_hours*0.99 = 0.495 vs delta_time = 0.11017332633336385 (length 7.0 ns) False False
2025-04-08 22:05:56,668 - [MainProcess:46254] mummi_ras.online.simulation:has_computed_enough:352 - INFO - runtime_hours*0.99 = 0.495 vs delta_time = 0.11073062207963731 (length 7.0 ns) False False
2025-04-08 22:05:58,675 - [MainProcess:46254] mummi_ras.online.simulation:has_computed_enough:352 - INFO - runtime_hours*0.99 = 0.495 vs delta_time = 0.11128804796271854 (length 7.0 ns) False False
2025-04-08 22:06:00,682 - [MainProcess:46254] mummi_ras.online.simulation:has_computed_enough:352 - INFO - runtime_hours*0.99 = 0.495 vs delta_time = 0.1118454392088784 (length 7.0 ns) False False
2025-04-08 22:06:02,688 - [MainProcess:46254] mummi_ras.online.simulation:has_computed_enough:352 - INFO - runtime_hours*0.99 = 0.495 vs delta_time = 0.11240266541639964 (length 7.0 ns) False False
2025-04-08 22:06:04,694 - [MainProcess:46254] mummi_ras.online.simulation:has_computed_enough:352 - INFO - runtime_hours*0.99 = 0.495 vs delta_time = 0.11296003652943505 (length 7.0 ns) False False
2025-04-08 22:06:06,701 - [MainProcess:46254] mummi_ras.online.simulation:has_computed_enough:352 - INFO - runtime_hours*0.99 = 0.495 vs delta_time = 0.11351732399728563 (length 7.0 ns) False False
2025-04-08 22:06:06,753 - [MainProcess:46254] mummi_ras.online.simulation:get_new_frames:399 - INFO - Getting all frame numbers in trajectory from 15 to 15.
2025-04-08 22:06:06,753 - [MainProcess:46254] mummi_ras.online.cg.cganalysis:run_main_analysis:193 - INFO - Process frame 15
2025-04-08 22:06:06,753 - [MainProcess:46254] mummi_ras.online.cg.cganalysis:processFrame:554 - INFO - Load 16 frames: current frame ID /tmp/mummi/cg/structure_iter00_000000000014-20250408_215900/traj_comp.xtc
2025-04-08 22:06:06,765 - [MainProcess:46254] mummi_ras.online.cg.cganalysis:processFrame:580 - INFO - Frame:    15, Time: 7500.000 ps, Bbox = [0, 181.68106, 0, 181.68106]
2025-04-08 22:06:06,765 - [MainProcess:46254] mummi_ras.online.cg.cganalysis:processFrame:584 - INFO - Lengths of layers: 661 28 494
2025-04-08 22:06:06,869 - [MainProcess:46254] mummi_ras.online.cg.cganalysis:processFrame:765 - INFO - Time for analysis - frameNum 15, time 0.11565351486206055 s
2025-04-08 22:06:08,870 - [MainProcess:46254] mummi_ras.online.simulation:has_computed_enough:352 - INFO - runtime_hours*0.99 = 0.495 vs delta_time = 0.11411982887321048 (length 7.5 ns) False False
2025-04-08 22:06:10,876 - [MainProcess:46254] mummi_ras.online.simulation:has_computed_enough:352 - INFO - runtime_hours*0.99 = 0.495 vs delta_time = 0.11467709441979726 (length 7.5 ns) False False
2025-04-08 22:06:12,882 - [MainProcess:46254] mummi_ras.online.simulation:has_computed_enough:352 - INFO - runtime_hours*0.99 = 0.495 vs delta_time = 0.11523449175887637 (length 7.5 ns) False False
2025-04-08 22:06:14,889 - [MainProcess:46254] mummi_ras.online.simulation:has_computed_enough:352 - INFO - runtime_hours*0.99 = 0.495 vs delta_time = 0.11579183591736687 (length 7.5 ns) False False
2025-04-08 22:06:16,895 - [MainProcess:46254] mummi_ras.online.simulation:has_computed_enough:352 - INFO - runtime_hours*0.99 = 0.495 vs delta_time = 0.11634923206435309 (length 7.5 ns) False False
2025-04-08 22:06:18,902 - [MainProcess:46254] mummi_ras.online.simulation:has_computed_enough:352 - INFO - runtime_hours*0.99 = 0.495 vs delta_time = 0.11690662205219268 (length 7.5 ns) False False
2025-04-08 22:06:20,908 - [MainProcess:46254] mummi_ras.online.simulation:has_computed_enough:352 - INFO - runtime_hours*0.99 = 0.495 vs delta_time = 0.11746388879087236 (length 7.5 ns) False False
2025-04-08 22:06:22,915 - [MainProcess:46254] mummi_ras.online.simulation:has_computed_enough:352 - INFO - runtime_hours*0.99 = 0.495 vs delta_time = 0.11802129162682427 (length 7.5 ns) False False
2025-04-08 22:06:24,921 - [MainProcess:46254] mummi_ras.online.simulation:has_computed_enough:352 - INFO - runtime_hours*0.99 = 0.495 vs delta_time = 0.11857865631580353 (length 7.5 ns) False False
2025-04-08 22:06:26,928 - [MainProcess:46254] mummi_ras.online.simulation:has_computed_enough:352 - INFO - runtime_hours*0.99 = 0.495 vs delta_time = 0.11913601126935747 (length 7.5 ns) False False
2025-04-08 22:06:28,934 - [MainProcess:46254] mummi_ras.online.simulation:has_computed_enough:352 - INFO - runtime_hours*0.99 = 0.495 vs delta_time = 0.11969340370761024 (length 7.5 ns) False False
2025-04-08 22:06:30,941 - [MainProcess:46254] mummi_ras.online.simulation:has_computed_enough:352 - INFO - runtime_hours*0.99 = 0.495 vs delta_time = 0.12025073409080506 (length 7.5 ns) False False
2025-04-08 22:06:32,947 - [MainProcess:46254] mummi_ras.online.simulation:has_computed_enough:352 - INFO - runtime_hours*0.99 = 0.495 vs delta_time = 0.1208080968591902 (length 7.5 ns) False False
2025-04-08 22:06:34,954 - [MainProcess:46254] mummi_ras.online.simulation:has_computed_enough:352 - INFO - runtime_hours*0.99 = 0.495 vs delta_time = 0.12136548810535007 (length 7.5 ns) False False
2025-04-08 22:06:35,008 - [MainProcess:46254] mummi_ras.online.simulation:get_new_frames:399 - INFO - Getting all frame numbers in trajectory from 16 to 16.
2025-04-08 22:06:35,008 - [MainProcess:46254] mummi_ras.online.cg.cganalysis:run_main_analysis:193 - INFO - Process frame 16
2025-04-08 22:06:35,008 - [MainProcess:46254] mummi_ras.online.cg.cganalysis:processFrame:554 - INFO - Load 17 frames: current frame ID /tmp/mummi/cg/structure_iter00_000000000014-20250408_215900/traj_comp.xtc
2025-04-08 22:06:35,019 - [MainProcess:46254] mummi_ras.online.cg.cganalysis:processFrame:580 - INFO - Frame:    16, Time: 8000.000 ps, Bbox = [0, 180.6862, 0, 180.6862]
2025-04-08 22:06:35,020 - [MainProcess:46254] mummi_ras.online.cg.cganalysis:processFrame:584 - INFO - Lengths of layers: 665 29 489
2025-04-08 22:06:35,123 - [MainProcess:46254] mummi_ras.online.cg.cganalysis:processFrame:765 - INFO - Time for analysis - frameNum 16, time 0.11520051956176758 s
2025-04-08 22:06:37,124 - [MainProcess:46254] mummi_ras.online.simulation:has_computed_enough:352 - INFO - runtime_hours*0.99 = 0.495 vs delta_time = 0.12196826802359687 (length 8.0 ns) False False
2025-04-08 22:06:39,131 - [MainProcess:46254] mummi_ras.online.simulation:has_computed_enough:352 - INFO - runtime_hours*0.99 = 0.495 vs delta_time = 0.12252572211954328 (length 8.0 ns) False False
2025-04-08 22:06:41,137 - [MainProcess:46254] mummi_ras.online.simulation:has_computed_enough:352 - INFO - runtime_hours*0.99 = 0.495 vs delta_time = 0.12308301654126909 (length 8.0 ns) False False
2025-04-08 22:06:43,144 - [MainProcess:46254] mummi_ras.online.simulation:has_computed_enough:352 - INFO - runtime_hours*0.99 = 0.495 vs delta_time = 0.1236403884490331 (length 8.0 ns) False False
2025-04-08 22:06:45,150 - [MainProcess:46254] mummi_ras.online.simulation:has_computed_enough:352 - INFO - runtime_hours*0.99 = 0.495 vs delta_time = 0.12419778605302174 (length 8.0 ns) False False
2025-04-08 22:06:47,156 - [MainProcess:46254] mummi_ras.online.simulation:has_computed_enough:352 - INFO - runtime_hours*0.99 = 0.495 vs delta_time = 0.1247550376256307 (length 8.0 ns) False False
2025-04-08 22:06:49,163 - [MainProcess:46254] mummi_ras.online.simulation:has_computed_enough:352 - INFO - runtime_hours*0.99 = 0.495 vs delta_time = 0.1253124221165975 (length 8.0 ns) False False
2025-04-08 22:06:51,169 - [MainProcess:46254] mummi_ras.online.simulation:has_computed_enough:352 - INFO - runtime_hours*0.99 = 0.495 vs delta_time = 0.12586977779865266 (length 8.0 ns) False False
2025-04-08 22:06:53,176 - [MainProcess:46254] mummi_ras.online.simulation:has_computed_enough:352 - INFO - runtime_hours*0.99 = 0.495 vs delta_time = 0.12642705354425643 (length 8.0 ns) False False
2025-04-08 22:06:55,182 - [MainProcess:46254] mummi_ras.online.simulation:has_computed_enough:352 - INFO - runtime_hours*0.99 = 0.495 vs delta_time = 0.12698445551925236 (length 8.0 ns) False False
2025-04-08 22:06:57,189 - [MainProcess:46254] mummi_ras.online.simulation:has_computed_enough:352 - INFO - runtime_hours*0.99 = 0.495 vs delta_time = 0.12754184954696232 (length 8.0 ns) False False
2025-04-08 22:06:59,195 - [MainProcess:46254] mummi_ras.online.simulation:has_computed_enough:352 - INFO - runtime_hours*0.99 = 0.495 vs delta_time = 0.12809912860393524 (length 8.0 ns) False False
2025-04-08 22:07:01,202 - [MainProcess:46254] mummi_ras.online.simulation:has_computed_enough:352 - INFO - runtime_hours*0.99 = 0.495 vs delta_time = 0.12865655057960088 (length 8.0 ns) False False
2025-04-08 22:07:01,255 - [MainProcess:46254] mummi_ras.online.simulation:get_new_frames:399 - INFO - Getting all frame numbers in trajectory from 17 to 17.
2025-04-08 22:07:01,255 - [MainProcess:46254] mummi_ras.online.cg.cganalysis:run_main_analysis:193 - INFO - Process frame 17
2025-04-08 22:07:01,255 - [MainProcess:46254] mummi_ras.online.cg.cganalysis:processFrame:554 - INFO - Load 18 frames: current frame ID /tmp/mummi/cg/structure_iter00_000000000014-20250408_215900/traj_comp.xtc
2025-04-08 22:07:01,266 - [MainProcess:46254] mummi_ras.online.cg.cganalysis:processFrame:580 - INFO - Frame:    17, Time: 8500.000 ps, Bbox = [0, 180.02724, 0, 180.02724]
2025-04-08 22:07:01,266 - [MainProcess:46254] mummi_ras.online.cg.cganalysis:processFrame:584 - INFO - Lengths of layers: 666 34 483
2025-04-08 22:07:01,370 - [MainProcess:46254] mummi_ras.online.cg.cganalysis:processFrame:765 - INFO - Time for analysis - frameNum 17, time 0.1147928237915039 s
2025-04-08 22:07:03,370 - [MainProcess:46254] mummi_ras.online.simulation:has_computed_enough:352 - INFO - runtime_hours*0.99 = 0.495 vs delta_time = 0.12925887982050577 (length 8.5 ns) False False
2025-04-08 22:07:05,377 - [MainProcess:46254] mummi_ras.online.simulation:has_computed_enough:352 - INFO - runtime_hours*0.99 = 0.495 vs delta_time = 0.12981633928087022 (length 8.5 ns) False False
2025-04-08 22:07:07,383 - [MainProcess:46254] mummi_ras.online.simulation:has_computed_enough:352 - INFO - runtime_hours*0.99 = 0.495 vs delta_time = 0.13037369747956593 (length 8.5 ns) False False
2025-04-08 22:07:09,390 - [MainProcess:46254] mummi_ras.online.simulation:has_computed_enough:352 - INFO - runtime_hours*0.99 = 0.495 vs delta_time = 0.1309310508436627 (length 8.5 ns) False False
2025-04-08 22:07:11,396 - [MainProcess:46254] mummi_ras.online.simulation:has_computed_enough:352 - INFO - runtime_hours*0.99 = 0.495 vs delta_time = 0.13148842215538026 (length 8.5 ns) False False
2025-04-08 22:07:13,403 - [MainProcess:46254] mummi_ras.online.simulation:has_computed_enough:352 - INFO - runtime_hours*0.99 = 0.495 vs delta_time = 0.1320456913444731 (length 8.5 ns) False False
2025-04-08 22:07:15,409 - [MainProcess:46254] mummi_ras.online.simulation:has_computed_enough:352 - INFO - runtime_hours*0.99 = 0.495 vs delta_time = 0.1326030957036548 (length 8.5 ns) False False
2025-04-08 22:07:17,416 - [MainProcess:46254] mummi_ras.online.simulation:has_computed_enough:352 - INFO - runtime_hours*0.99 = 0.495 vs delta_time = 0.1331604054901335 (length 8.5 ns) False False
2025-04-08 22:07:19,422 - [MainProcess:46254] mummi_ras.online.simulation:has_computed_enough:352 - INFO - runtime_hours*0.99 = 0.495 vs delta_time = 0.13371776640415192 (length 8.5 ns) False False
2025-04-08 22:07:21,429 - [MainProcess:46254] mummi_ras.online.simulation:has_computed_enough:352 - INFO - runtime_hours*0.99 = 0.495 vs delta_time = 0.13427515082889133 (length 8.5 ns) False False
2025-04-08 22:07:23,435 - [MainProcess:46254] mummi_ras.online.simulation:has_computed_enough:352 - INFO - runtime_hours*0.99 = 0.495 vs delta_time = 0.1348324610127343 (length 8.5 ns) False False
2025-04-08 22:07:25,441 - [MainProcess:46254] mummi_ras.online.simulation:has_computed_enough:352 - INFO - runtime_hours*0.99 = 0.495 vs delta_time = 0.1353898180855645 (length 8.5 ns) False False
2025-04-08 22:07:27,448 - [MainProcess:46254] mummi_ras.online.simulation:has_computed_enough:352 - INFO - runtime_hours*0.99 = 0.495 vs delta_time = 0.13594719694720375 (length 8.5 ns) False False
2025-04-08 22:07:29,455 - [MainProcess:46254] mummi_ras.online.simulation:has_computed_enough:352 - INFO - runtime_hours*0.99 = 0.495 vs delta_time = 0.1365045650800069 (length 8.5 ns) False False
2025-04-08 22:07:29,507 - [MainProcess:46254] mummi_ras.online.simulation:get_new_frames:399 - INFO - Getting all frame numbers in trajectory from 18 to 18.
2025-04-08 22:07:29,507 - [MainProcess:46254] mummi_ras.online.cg.cganalysis:run_main_analysis:193 - INFO - Process frame 18
2025-04-08 22:07:29,507 - [MainProcess:46254] mummi_ras.online.cg.cganalysis:processFrame:554 - INFO - Load 19 frames: current frame ID /tmp/mummi/cg/structure_iter00_000000000014-20250408_215900/traj_comp.xtc
2025-04-08 22:07:29,519 - [MainProcess:46254] mummi_ras.online.cg.cganalysis:processFrame:580 - INFO - Frame:    18, Time: 9000.000 ps, Bbox = [0, 181.11055, 0, 181.11055]
2025-04-08 22:07:29,519 - [MainProcess:46254] mummi_ras.online.cg.cganalysis:processFrame:584 - INFO - Lengths of layers: 665 33 485
2025-04-08 22:07:29,623 - [MainProcess:46254] mummi_ras.online.cg.cganalysis:processFrame:765 - INFO - Time for analysis - frameNum 18, time 0.11581540107727051 s
2025-04-08 22:07:31,623 - [MainProcess:46254] mummi_ras.online.simulation:has_computed_enough:352 - INFO - runtime_hours*0.99 = 0.495 vs delta_time = 0.13710700074831644 (length 9.0 ns) False False
2025-04-08 22:07:33,630 - [MainProcess:46254] mummi_ras.online.simulation:has_computed_enough:352 - INFO - runtime_hours*0.99 = 0.495 vs delta_time = 0.13766442656517028 (length 9.0 ns) False False
2025-04-08 22:07:35,636 - [MainProcess:46254] mummi_ras.online.simulation:has_computed_enough:352 - INFO - runtime_hours*0.99 = 0.495 vs delta_time = 0.13822173529201084 (length 9.0 ns) False False
2025-04-08 22:07:37,643 - [MainProcess:46254] mummi_ras.online.simulation:has_computed_enough:352 - INFO - runtime_hours*0.99 = 0.495 vs delta_time = 0.1387790713707606 (length 9.0 ns) False False
2025-04-08 22:07:39,649 - [MainProcess:46254] mummi_ras.online.simulation:has_computed_enough:352 - INFO - runtime_hours*0.99 = 0.495 vs delta_time = 0.13933646043141684 (length 9.0 ns) False False
2025-04-08 22:07:41,656 - [MainProcess:46254] mummi_ras.online.simulation:has_computed_enough:352 - INFO - runtime_hours*0.99 = 0.495 vs delta_time = 0.13989384611447653 (length 9.0 ns) False False
2025-04-08 22:07:43,662 - [MainProcess:46254] mummi_ras.online.simulation:has_computed_enough:352 - INFO - runtime_hours*0.99 = 0.495 vs delta_time = 0.14045119338565404 (length 9.0 ns) False False
2025-04-08 22:07:45,669 - [MainProcess:46254] mummi_ras.online.simulation:has_computed_enough:352 - INFO - runtime_hours*0.99 = 0.495 vs delta_time = 0.1410084855556488 (length 9.0 ns) False False
2025-04-08 22:07:47,675 - [MainProcess:46254] mummi_ras.online.simulation:has_computed_enough:352 - INFO - runtime_hours*0.99 = 0.495 vs delta_time = 0.14156588117281596 (length 9.0 ns) False False
2025-04-08 22:07:49,682 - [MainProcess:46254] mummi_ras.online.simulation:has_computed_enough:352 - INFO - runtime_hours*0.99 = 0.495 vs delta_time = 0.1421232709619734 (length 9.0 ns) False False
2025-04-08 22:07:51,688 - [MainProcess:46254] mummi_ras.online.simulation:has_computed_enough:352 - INFO - runtime_hours*0.99 = 0.495 vs delta_time = 0.14268063531981573 (length 9.0 ns) False False
2025-04-08 22:07:53,695 - [MainProcess:46254] mummi_ras.online.simulation:has_computed_enough:352 - INFO - runtime_hours*0.99 = 0.495 vs delta_time = 0.14323789325025346 (length 9.0 ns) False False
2025-04-08 22:07:55,701 - [MainProcess:46254] mummi_ras.online.simulation:has_computed_enough:352 - INFO - runtime_hours*0.99 = 0.495 vs delta_time = 0.1437952913178338 (length 9.0 ns) False False
2025-04-08 22:07:55,770 - [MainProcess:46254] mummi_ras.online.simulation:get_new_frames:399 - INFO - Getting all frame numbers in trajectory from 19 to 19.
2025-04-08 22:07:55,770 - [MainProcess:46254] mummi_ras.online.cg.cganalysis:run_main_analysis:193 - INFO - Process frame 19
2025-04-08 22:07:55,770 - [MainProcess:46254] mummi_ras.online.cg.cganalysis:processFrame:554 - INFO - Load 20 frames: current frame ID /tmp/mummi/cg/structure_iter00_000000000014-20250408_215900/traj_comp.xtc
2025-04-08 22:07:55,781 - [MainProcess:46254] mummi_ras.online.cg.cganalysis:processFrame:580 - INFO - Frame:    19, Time: 9500.000 ps, Bbox = [0, 180.0894, 0, 180.0894]
2025-04-08 22:07:55,782 - [MainProcess:46254] mummi_ras.online.cg.cganalysis:processFrame:584 - INFO - Lengths of layers: 668 26 489
2025-04-08 22:07:55,885 - [MainProcess:46254] mummi_ras.online.cg.cganalysis:processFrame:765 - INFO - Time for analysis - frameNum 19, time 0.11482357978820801 s
2025-04-08 22:07:57,885 - [MainProcess:46254] mummi_ras.online.simulation:has_computed_enough:352 - INFO - runtime_hours*0.99 = 0.495 vs delta_time = 0.14440203143490685 (length 9.5 ns) False False
2025-04-08 22:07:57,892 - [MainProcess:46254] mummi_ras.online.cg.cganalysis:processOutput:92 - INFO - Add feedback for frameNum 10 - state []
2025-04-08 22:07:57,892 - [MainProcess:46254] mummi_ras.online.cg.cganalysis:processOutput:92 - INFO - Add feedback for frameNum 11 - state []
2025-04-08 22:07:57,892 - [MainProcess:46254] mummi_ras.online.cg.cganalysis:processOutput:92 - INFO - Add feedback for frameNum 12 - state []
2025-04-08 22:07:57,892 - [MainProcess:46254] mummi_ras.online.cg.cganalysis:processOutput:92 - INFO - Add feedback for frameNum 13 - state []
2025-04-08 22:07:57,893 - [MainProcess:46254] mummi_ras.online.cg.cganalysis:processOutput:92 - INFO - Add feedback for frameNum 14 - state []
2025-04-08 22:07:57,893 - [MainProcess:46254] mummi_ras.online.cg.cganalysis:processOutput:92 - INFO - Add feedback for frameNum 15 - state []
2025-04-08 22:07:57,893 - [MainProcess:46254] mummi_ras.online.cg.cganalysis:processOutput:92 - INFO - Add feedback for frameNum 16 - state []
2025-04-08 22:07:57,893 - [MainProcess:46254] mummi_ras.online.cg.cganalysis:processOutput:92 - INFO - Add feedback for frameNum 17 - state []
2025-04-08 22:07:57,893 - [MainProcess:46254] mummi_ras.online.cg.cganalysis:processOutput:92 - INFO - Add feedback for frameNum 18 - state []
2025-04-08 22:07:57,893 - [MainProcess:46254] mummi_ras.online.cg.cganalysis:processOutput:92 - INFO - Add feedback for frameNum 19 - state []
2025-04-08 22:07:57,908 - [MainProcess:46254] mummi_core.interfaces.simple:_save_files:91 - INFO - Wrote 10 files to (/p/gpfs1/pottier1/minimummi-sc25/roots/root3/feedback-cg2ml/014)
2025-04-08 22:07:57,908 - [MainProcess:46254] mummi_ras.feedback.feedback_manager_cg2ml:report:118 - INFO - Added 10 frames (from structure_iter00_000000000014) to feedback (/p/gpfs1/pottier1/minimummi-sc25/roots/root3/feedback-cg2ml)
2025-04-08 22:07:57,908 - [MainProcess:46254] mummi_ras.online.cg.cganalysis:processOutput:112 - INFO - processOutput: 19
2025-04-08 22:07:57,908 - [MainProcess:46254] mummi_ras.online.cg.cganalysis:copyRemoteRestart:452 - INFO - Copy to remote frames [10, 11, 12, 13, 14, 15, 16, 17, 18, 19]
2025-04-08 22:07:58,019 - [MainProcess:46254] mummi_core.utils.utilities:sys_call:184 - INFO - Run command: rsync -va --no-g traj_comp.xtc topol.tpr state.cpt ener.edr md.log mdrun.log /p/gpfs1/pottier1/minimummi-sc25/roots/root3/sims-cg/structure_iter00_000000000014 || true
2025-04-08 22:07:58,297 - [MainProcess:46254] mummi_ras.interfaces.mummi:save_analysis_data:253 - INFO - Saved all analysis data for frames [10, 11, 12, 13, 14, 15, 16, 17, 18, 19]
2025-04-08 22:07:58,297 - [MainProcess:46254] mummi_ras.online.cg.cganalysis:copyRemoteLogs:350 - INFO - Copy over log files
2025-04-08 22:07:58,328 - [MainProcess:46254] mummi_core.utils.utilities:sys_call:184 - INFO - Run command: cp -r  /tmp/mummi/cg/structure_iter00_000000000014-20250408_215900/cg_analysis.out /tmp/mummi/cg/structure_iter00_000000000014-20250408_215900/traj_comp.xtc /tmp/mummi/cg/structure_iter00_000000000014-20250408_215900/*.log /p/gpfs1/pottier1/minimummi-sc25/roots/root3/sims-cg/structure_iter00_000000000014/ || true
2025-04-08 22:07:58,328 - [MainProcess:46254] mummi_ras.online.cg.cganalysis:copyRemoteLogs:365 - INFO - copyRemoteLogs =  /tmp/mummi/cg/structure_iter00_000000000014-20250408_215900/cg_analysis.out /tmp/mummi/cg/structure_iter00_000000000014-20250408_215900/traj_comp.xtc /tmp/mummi/cg/structure_iter00_000000000014-20250408_215900/*.log
2025-04-08 22:07:58,329 - [MainProcess:46254] mummi_ras.online.cg.cganalysis:cleanupLocal:375 - WARNING - Copy cleanup local only works for ddcMD files
2025-04-08 22:08:00,329 - [MainProcess:46254] mummi_ras.online.simulation:has_computed_enough:352 - INFO - runtime_hours*0.99 = 0.495 vs delta_time = 0.14508074429300097 (length 9.5 ns) False False
2025-04-08 22:08:02,335 - [MainProcess:46254] mummi_ras.online.simulation:has_computed_enough:352 - INFO - runtime_hours*0.99 = 0.495 vs delta_time = 0.1456380734178755 (length 9.5 ns) False False
2025-04-08 22:08:04,341 - [MainProcess:46254] mummi_ras.online.simulation:has_computed_enough:352 - INFO - runtime_hours*0.99 = 0.495 vs delta_time = 0.1461953274408976 (length 9.5 ns) False False
2025-04-08 22:08:06,348 - [MainProcess:46254] mummi_ras.online.simulation:has_computed_enough:352 - INFO - runtime_hours*0.99 = 0.495 vs delta_time = 0.1467527342504925 (length 9.5 ns) False False
2025-04-08 22:08:08,355 - [MainProcess:46254] mummi_ras.online.simulation:has_computed_enough:352 - INFO - runtime_hours*0.99 = 0.495 vs delta_time = 0.1473101583454344 (length 9.5 ns) False False
2025-04-08 22:08:10,361 - [MainProcess:46254] mummi_ras.online.simulation:has_computed_enough:352 - INFO - runtime_hours*0.99 = 0.495 vs delta_time = 0.14786756840017107 (length 9.5 ns) False False
2025-04-08 22:08:12,368 - [MainProcess:46254] mummi_ras.online.simulation:has_computed_enough:352 - INFO - runtime_hours*0.99 = 0.495 vs delta_time = 0.14842486063639324 (length 9.5 ns) False False
2025-04-08 22:08:14,374 - [MainProcess:46254] mummi_ras.online.simulation:has_computed_enough:352 - INFO - runtime_hours*0.99 = 0.495 vs delta_time = 0.14898224777645536 (length 9.5 ns) False False
2025-04-08 22:08:16,381 - [MainProcess:46254] mummi_ras.online.simulation:has_computed_enough:352 - INFO - runtime_hours*0.99 = 0.495 vs delta_time = 0.14953963418801625 (length 9.5 ns) False False
2025-04-08 22:08:18,387 - [MainProcess:46254] mummi_ras.online.simulation:has_computed_enough:352 - INFO - runtime_hours*0.99 = 0.495 vs delta_time = 0.15009693582852682 (length 9.5 ns) False False
2025-04-08 22:08:20,394 - [MainProcess:46254] mummi_ras.online.simulation:has_computed_enough:352 - INFO - runtime_hours*0.99 = 0.495 vs delta_time = 0.15065428329838645 (length 9.5 ns) False False
2025-04-08 22:08:22,400 - [MainProcess:46254] mummi_ras.online.simulation:has_computed_enough:352 - INFO - runtime_hours*0.99 = 0.495 vs delta_time = 0.15121164606677162 (length 9.5 ns) False False
2025-04-08 22:08:22,453 - [MainProcess:46254] mummi_ras.online.simulation:get_new_frames:399 - INFO - Getting all frame numbers in trajectory from 20 to 20.
2025-04-08 22:08:22,453 - [MainProcess:46254] mummi_ras.online.cg.cganalysis:run_main_analysis:193 - INFO - Process frame 20
2025-04-08 22:08:22,453 - [MainProcess:46254] mummi_ras.online.cg.cganalysis:processFrame:554 - INFO - Load 21 frames: current frame ID /tmp/mummi/cg/structure_iter00_000000000014-20250408_215900/traj_comp.xtc
2025-04-08 22:08:22,464 - [MainProcess:46254] mummi_ras.online.cg.cganalysis:processFrame:580 - INFO - Frame:    20, Time: 10000.000 ps, Bbox = [0, 180.84216, 0, 180.84216]
2025-04-08 22:08:22,464 - [MainProcess:46254] mummi_ras.online.cg.cganalysis:processFrame:584 - INFO - Lengths of layers: 668 28 487
2025-04-08 22:08:22,570 - [MainProcess:46254] mummi_ras.online.cg.cganalysis:processFrame:765 - INFO - Time for analysis - frameNum 20, time 0.11707639694213867 s
2025-04-08 22:08:24,571 - [MainProcess:46254] mummi_ras.online.simulation:has_computed_enough:352 - INFO - runtime_hours*0.99 = 0.495 vs delta_time = 0.15181459446748097 (length 10.0 ns) False False
2025-04-08 22:08:26,578 - [MainProcess:46254] mummi_ras.online.simulation:has_computed_enough:352 - INFO - runtime_hours*0.99 = 0.495 vs delta_time = 0.1523720402850045 (length 10.0 ns) False False
2025-04-08 22:08:28,584 - [MainProcess:46254] mummi_ras.online.simulation:has_computed_enough:352 - INFO - runtime_hours*0.99 = 0.495 vs delta_time = 0.15292934166060554 (length 10.0 ns) False False
2025-04-08 22:08:30,590 - [MainProcess:46254] mummi_ras.online.simulation:has_computed_enough:352 - INFO - runtime_hours*0.99 = 0.495 vs delta_time = 0.15348669025633072 (length 10.0 ns) False False
2025-04-08 22:08:32,597 - [MainProcess:46254] mummi_ras.online.simulation:has_computed_enough:352 - INFO - runtime_hours*0.99 = 0.495 vs delta_time = 0.15404408282703824 (length 10.0 ns) False False
2025-04-08 22:08:34,603 - [MainProcess:46254] mummi_ras.online.simulation:has_computed_enough:352 - INFO - runtime_hours*0.99 = 0.495 vs delta_time = 0.15460141956806184 (length 10.0 ns) False False
2025-04-08 22:08:36,610 - [MainProcess:46254] mummi_ras.online.simulation:has_computed_enough:352 - INFO - runtime_hours*0.99 = 0.495 vs delta_time = 0.15515875226921505 (length 10.0 ns) False False
2025-04-08 22:08:38,616 - [MainProcess:46254] mummi_ras.online.simulation:has_computed_enough:352 - INFO - runtime_hours*0.99 = 0.495 vs delta_time = 0.1557161349720425 (length 10.0 ns) False False
2025-04-08 22:08:40,623 - [MainProcess:46254] mummi_ras.online.simulation:has_computed_enough:352 - INFO - runtime_hours*0.99 = 0.495 vs delta_time = 0.15627348290549384 (length 10.0 ns) False False
2025-04-08 22:08:42,629 - [MainProcess:46254] mummi_ras.online.simulation:has_computed_enough:352 - INFO - runtime_hours*0.99 = 0.495 vs delta_time = 0.15683069593376583 (length 10.0 ns) False False
2025-04-08 22:08:44,635 - [MainProcess:46254] mummi_ras.online.simulation:has_computed_enough:352 - INFO - runtime_hours*0.99 = 0.495 vs delta_time = 0.1573880876435174 (length 10.0 ns) False False
2025-04-08 22:08:46,642 - [MainProcess:46254] mummi_ras.online.simulation:has_computed_enough:352 - INFO - runtime_hours*0.99 = 0.495 vs delta_time = 0.15794544067647723 (length 10.0 ns) False False
2025-04-08 22:08:48,648 - [MainProcess:46254] mummi_ras.online.simulation:has_computed_enough:352 - INFO - runtime_hours*0.99 = 0.495 vs delta_time = 0.15850273238288032 (length 10.0 ns) False False
2025-04-08 22:08:50,655 - [MainProcess:46254] mummi_ras.online.simulation:has_computed_enough:352 - INFO - runtime_hours*0.99 = 0.495 vs delta_time = 0.15906011799971262 (length 10.0 ns) False False
2025-04-08 22:08:50,707 - [MainProcess:46254] mummi_ras.online.simulation:get_new_frames:399 - INFO - Getting all frame numbers in trajectory from 21 to 21.
2025-04-08 22:08:50,707 - [MainProcess:46254] mummi_ras.online.cg.cganalysis:run_main_analysis:193 - INFO - Process frame 21
2025-04-08 22:08:50,707 - [MainProcess:46254] mummi_ras.online.cg.cganalysis:processFrame:554 - INFO - Load 22 frames: current frame ID /tmp/mummi/cg/structure_iter00_000000000014-20250408_215900/traj_comp.xtc
2025-04-08 22:08:50,719 - [MainProcess:46254] mummi_ras.online.cg.cganalysis:processFrame:580 - INFO - Frame:    21, Time: 10500.000 ps, Bbox = [0, 180.77554, 0, 180.77554]
2025-04-08 22:08:50,719 - [MainProcess:46254] mummi_ras.online.cg.cganalysis:processFrame:584 - INFO - Lengths of layers: 665 27 491
2025-04-08 22:08:50,823 - [MainProcess:46254] mummi_ras.online.cg.cganalysis:processFrame:765 - INFO - Time for analysis - frameNum 21, time 0.11541080474853516 s
2025-04-08 22:08:52,823 - [MainProcess:46254] mummi_ras.online.simulation:has_computed_enough:352 - INFO - runtime_hours*0.99 = 0.495 vs delta_time = 0.15966253803835975 (length 10.5 ns) False False
2025-04-08 22:08:54,830 - [MainProcess:46254] mummi_ras.online.simulation:has_computed_enough:352 - INFO - runtime_hours*0.99 = 0.495 vs delta_time = 0.16021987272633448 (length 10.5 ns) False False
2025-04-08 22:08:56,836 - [MainProcess:46254] mummi_ras.online.simulation:has_computed_enough:352 - INFO - runtime_hours*0.99 = 0.495 vs delta_time = 0.16077724721696643 (length 10.5 ns) False False
2025-04-08 22:08:58,843 - [MainProcess:46254] mummi_ras.online.simulation:has_computed_enough:352 - INFO - runtime_hours*0.99 = 0.495 vs delta_time = 0.1613346352842119 (length 10.5 ns) False False
2025-04-08 22:09:00,849 - [MainProcess:46254] mummi_ras.online.simulation:has_computed_enough:352 - INFO - runtime_hours*0.99 = 0.495 vs delta_time = 0.161891979376475 (length 10.5 ns) False False
2025-04-08 22:09:02,856 - [MainProcess:46254] mummi_ras.online.simulation:has_computed_enough:352 - INFO - runtime_hours*0.99 = 0.495 vs delta_time = 0.16244926777150895 (length 10.5 ns) False False
2025-04-08 22:09:04,862 - [MainProcess:46254] mummi_ras.online.simulation:has_computed_enough:352 - INFO - runtime_hours*0.99 = 0.495 vs delta_time = 0.1630066657728619 (length 10.5 ns) False False
2025-04-08 22:09:06,869 - [MainProcess:46254] mummi_ras.online.simulation:has_computed_enough:352 - INFO - runtime_hours*0.99 = 0.495 vs delta_time = 0.1635640412569046 (length 10.5 ns) False False
2025-04-08 22:09:08,875 - [MainProcess:46254] mummi_ras.online.simulation:has_computed_enough:352 - INFO - runtime_hours*0.99 = 0.495 vs delta_time = 0.16412136183844672 (length 10.5 ns) False False
2025-04-08 22:09:10,882 - [MainProcess:46254] mummi_ras.online.simulation:has_computed_enough:352 - INFO - runtime_hours*0.99 = 0.495 vs delta_time = 0.16467874056763118 (length 10.5 ns) False False
2025-04-08 22:09:12,888 - [MainProcess:46254] mummi_ras.online.simulation:has_computed_enough:352 - INFO - runtime_hours*0.99 = 0.495 vs delta_time = 0.1652361614836587 (length 10.5 ns) False False
2025-04-08 22:09:14,895 - [MainProcess:46254] mummi_ras.online.simulation:has_computed_enough:352 - INFO - runtime_hours*0.99 = 0.495 vs delta_time = 0.1657935767703586 (length 10.5 ns) False False
2025-04-08 22:09:16,901 - [MainProcess:46254] mummi_ras.online.simulation:has_computed_enough:352 - INFO - runtime_hours*0.99 = 0.495 vs delta_time = 0.16635089033179812 (length 10.5 ns) False False
2025-04-08 22:09:16,955 - [MainProcess:46254] mummi_ras.online.simulation:get_new_frames:399 - INFO - Getting all frame numbers in trajectory from 22 to 22.
2025-04-08 22:09:16,955 - [MainProcess:46254] mummi_ras.online.cg.cganalysis:run_main_analysis:193 - INFO - Process frame 22
2025-04-08 22:09:16,955 - [MainProcess:46254] mummi_ras.online.cg.cganalysis:processFrame:554 - INFO - Load 23 frames: current frame ID /tmp/mummi/cg/structure_iter00_000000000014-20250408_215900/traj_comp.xtc
2025-04-08 22:09:16,967 - [MainProcess:46254] mummi_ras.online.cg.cganalysis:processFrame:580 - INFO - Frame:    22, Time: 11000.000 ps, Bbox = [0, 180.40414, 0, 180.40414]
2025-04-08 22:09:16,967 - [MainProcess:46254] mummi_ras.online.cg.cganalysis:processFrame:584 - INFO - Lengths of layers: 664 25 494
2025-04-08 22:09:17,071 - [MainProcess:46254] mummi_ras.online.cg.cganalysis:processFrame:765 - INFO - Time for analysis - frameNum 22, time 0.11559677124023438 s
2025-04-08 22:09:19,071 - [MainProcess:46254] mummi_ras.online.simulation:has_computed_enough:352 - INFO - runtime_hours*0.99 = 0.495 vs delta_time = 0.16695359117454953 (length 11.0 ns) False False
2025-04-08 22:09:21,078 - [MainProcess:46254] mummi_ras.online.simulation:has_computed_enough:352 - INFO - runtime_hours*0.99 = 0.495 vs delta_time = 0.1675110336807039 (length 11.0 ns) False False
2025-04-08 22:09:23,084 - [MainProcess:46254] mummi_ras.online.simulation:has_computed_enough:352 - INFO - runtime_hours*0.99 = 0.495 vs delta_time = 0.16806837750805748 (length 11.0 ns) False False
2025-04-08 22:09:25,090 - [MainProcess:46254] mummi_ras.online.simulation:has_computed_enough:352 - INFO - runtime_hours*0.99 = 0.495 vs delta_time = 0.16862565173043145 (length 11.0 ns) False False
2025-04-08 22:09:27,097 - [MainProcess:46254] mummi_ras.online.simulation:has_computed_enough:352 - INFO - runtime_hours*0.99 = 0.495 vs delta_time = 0.1691830184724596 (length 11.0 ns) False False
2025-04-08 22:09:29,104 - [MainProcess:46254] mummi_ras.online.simulation:has_computed_enough:352 - INFO - runtime_hours*0.99 = 0.495 vs delta_time = 0.16974040660593245 (length 11.0 ns) False False
2025-04-08 22:09:31,110 - [MainProcess:46254] mummi_ras.online.simulation:has_computed_enough:352 - INFO - runtime_hours*0.99 = 0.495 vs delta_time = 0.1702977501683765 (length 11.0 ns) False False
2025-04-08 22:09:33,116 - [MainProcess:46254] mummi_ras.online.simulation:has_computed_enough:352 - INFO - runtime_hours*0.99 = 0.495 vs delta_time = 0.17085496412383186 (length 11.0 ns) False False
2025-04-08 22:09:35,123 - [MainProcess:46254] mummi_ras.online.simulation:has_computed_enough:352 - INFO - runtime_hours*0.99 = 0.495 vs delta_time = 0.1714123629861408 (length 11.0 ns) False False
2025-04-08 22:09:37,129 - [MainProcess:46254] mummi_ras.online.simulation:has_computed_enough:352 - INFO - runtime_hours*0.99 = 0.495 vs delta_time = 0.17196973568863338 (length 11.0 ns) False False
2025-04-08 22:09:39,136 - [MainProcess:46254] mummi_ras.online.simulation:has_computed_enough:352 - INFO - runtime_hours*0.99 = 0.495 vs delta_time = 0.17252706302536858 (length 11.0 ns) False False
2025-04-08 22:09:41,142 - [MainProcess:46254] mummi_ras.online.simulation:has_computed_enough:352 - INFO - runtime_hours*0.99 = 0.495 vs delta_time = 0.17308431519402398 (length 11.0 ns) False False
2025-04-08 22:09:43,148 - [MainProcess:46254] mummi_ras.online.simulation:has_computed_enough:352 - INFO - runtime_hours*0.99 = 0.495 vs delta_time = 0.1736417144536972 (length 11.0 ns) False False
2025-04-08 22:09:45,155 - [MainProcess:46254] mummi_ras.online.simulation:has_computed_enough:352 - INFO - runtime_hours*0.99 = 0.495 vs delta_time = 0.1741991110642751 (length 11.0 ns) False False
2025-04-08 22:09:45,208 - [MainProcess:46254] mummi_ras.online.simulation:get_new_frames:399 - INFO - Getting all frame numbers in trajectory from 23 to 23.
2025-04-08 22:09:45,208 - [MainProcess:46254] mummi_ras.online.cg.cganalysis:run_main_analysis:193 - INFO - Process frame 23
2025-04-08 22:09:45,208 - [MainProcess:46254] mummi_ras.online.cg.cganalysis:processFrame:554 - INFO - Load 24 frames: current frame ID /tmp/mummi/cg/structure_iter00_000000000014-20250408_215900/traj_comp.xtc
2025-04-08 22:09:45,219 - [MainProcess:46254] mummi_ras.online.cg.cganalysis:processFrame:580 - INFO - Frame:    23, Time: 11500.000 ps, Bbox = [0, 180.09904, 0, 180.09904]
2025-04-08 22:09:45,219 - [MainProcess:46254] mummi_ras.online.cg.cganalysis:processFrame:584 - INFO - Lengths of layers: 664 26 493
2025-04-08 22:09:45,323 - [MainProcess:46254] mummi_ras.online.cg.cganalysis:processFrame:765 - INFO - Time for analysis - frameNum 23, time 0.11504101753234863 s
2025-04-08 22:09:47,324 - [MainProcess:46254] mummi_ras.online.simulation:has_computed_enough:352 - INFO - runtime_hours*0.99 = 0.495 vs delta_time = 0.1748015528255039 (length 11.5 ns) False False
2025-04-08 22:09:49,330 - [MainProcess:46254] mummi_ras.online.simulation:has_computed_enough:352 - INFO - runtime_hours*0.99 = 0.495 vs delta_time = 0.175358883606063 (length 11.5 ns) False False
2025-04-08 22:09:51,337 - [MainProcess:46254] mummi_ras.online.simulation:has_computed_enough:352 - INFO - runtime_hours*0.99 = 0.495 vs delta_time = 0.17591624034775627 (length 11.5 ns) False False
2025-04-08 22:09:53,343 - [MainProcess:46254] mummi_ras.online.simulation:has_computed_enough:352 - INFO - runtime_hours*0.99 = 0.495 vs delta_time = 0.176473624308904 (length 11.5 ns) False False
2025-04-08 22:09:55,350 - [MainProcess:46254] mummi_ras.online.simulation:has_computed_enough:352 - INFO - runtime_hours*0.99 = 0.495 vs delta_time = 0.17703095727496676 (length 11.5 ns) False False
2025-04-08 22:09:57,356 - [MainProcess:46254] mummi_ras.online.simulation:has_computed_enough:352 - INFO - runtime_hours*0.99 = 0.495 vs delta_time = 0.17758822818597159 (length 11.5 ns) False False
2025-04-08 22:09:59,362 - [MainProcess:46254] mummi_ras.online.simulation:has_computed_enough:352 - INFO - runtime_hours*0.99 = 0.495 vs delta_time = 0.17814560459719764 (length 11.5 ns) False False
2025-04-08 22:10:01,369 - [MainProcess:46254] mummi_ras.online.simulation:has_computed_enough:352 - INFO - runtime_hours*0.99 = 0.495 vs delta_time = 0.17870297922028436 (length 11.5 ns) False False
2025-04-08 22:10:03,375 - [MainProcess:46254] mummi_ras.online.simulation:has_computed_enough:352 - INFO - runtime_hours*0.99 = 0.495 vs delta_time = 0.17926027728451624 (length 11.5 ns) False False
2025-04-08 22:10:05,381 - [MainProcess:46254] mummi_ras.online.simulation:has_computed_enough:352 - INFO - runtime_hours*0.99 = 0.495 vs delta_time = 0.17981756581200495 (length 11.5 ns) False False
2025-04-08 22:10:07,388 - [MainProcess:46254] mummi_ras.online.simulation:has_computed_enough:352 - INFO - runtime_hours*0.99 = 0.495 vs delta_time = 0.18037494738896687 (length 11.5 ns) False False
2025-04-08 22:10:09,395 - [MainProcess:46254] mummi_ras.online.simulation:has_computed_enough:352 - INFO - runtime_hours*0.99 = 0.495 vs delta_time = 0.180932337641716 (length 11.5 ns) False False
2025-04-08 22:10:11,401 - [MainProcess:46254] mummi_ras.online.simulation:has_computed_enough:352 - INFO - runtime_hours*0.99 = 0.495 vs delta_time = 0.18148971749676598 (length 11.5 ns) False False
2025-04-08 22:10:11,555 - [MainProcess:46254] mummi_ras.online.simulation:get_new_frames:399 - INFO - Getting all frame numbers in trajectory from 24 to 24.
2025-04-08 22:10:11,555 - [MainProcess:46254] mummi_ras.online.cg.cganalysis:run_main_analysis:193 - INFO - Process frame 24
2025-04-08 22:10:11,555 - [MainProcess:46254] mummi_ras.online.cg.cganalysis:processFrame:554 - INFO - Load 25 frames: current frame ID /tmp/mummi/cg/structure_iter00_000000000014-20250408_215900/traj_comp.xtc
2025-04-08 22:10:11,566 - [MainProcess:46254] mummi_ras.online.cg.cganalysis:processFrame:580 - INFO - Frame:    24, Time: 12000.000 ps, Bbox = [0, 179.4537, 0, 179.4537]
2025-04-08 22:10:11,567 - [MainProcess:46254] mummi_ras.online.cg.cganalysis:processFrame:584 - INFO - Lengths of layers: 664 30 489
2025-04-08 22:10:11,670 - [MainProcess:46254] mummi_ras.online.cg.cganalysis:processFrame:765 - INFO - Time for analysis - frameNum 24, time 0.11484646797180176 s
2025-04-08 22:10:13,670 - [MainProcess:46254] mummi_ras.online.simulation:has_computed_enough:352 - INFO - runtime_hours*0.99 = 0.495 vs delta_time = 0.18212006707986195 (length 12.0 ns) False False
2025-04-08 22:10:15,677 - [MainProcess:46254] mummi_ras.online.simulation:has_computed_enough:352 - INFO - runtime_hours*0.99 = 0.495 vs delta_time = 0.18267749832736122 (length 12.0 ns) False False
2025-04-08 22:10:17,684 - [MainProcess:46254] mummi_ras.online.simulation:has_computed_enough:352 - INFO - runtime_hours*0.99 = 0.495 vs delta_time = 0.18323493401209515 (length 12.0 ns) False False
2025-04-08 22:10:19,691 - [MainProcess:46254] mummi_ras.online.simulation:has_computed_enough:352 - INFO - runtime_hours*0.99 = 0.495 vs delta_time = 0.18379231645001307 (length 12.0 ns) False False
2025-04-08 22:10:21,697 - [MainProcess:46254] mummi_ras.online.simulation:has_computed_enough:352 - INFO - runtime_hours*0.99 = 0.495 vs delta_time = 0.18434963828987547 (length 12.0 ns) False False
2025-04-08 22:10:23,703 - [MainProcess:46254] mummi_ras.online.simulation:has_computed_enough:352 - INFO - runtime_hours*0.99 = 0.495 vs delta_time = 0.18490683800644345 (length 12.0 ns) False False
2025-04-08 22:10:25,709 - [MainProcess:46254] mummi_ras.online.simulation:has_computed_enough:352 - INFO - runtime_hours*0.99 = 0.495 vs delta_time = 0.1854641525612937 (length 12.0 ns) False False
2025-04-08 22:10:27,716 - [MainProcess:46254] mummi_ras.online.simulation:has_computed_enough:352 - INFO - runtime_hours*0.99 = 0.495 vs delta_time = 0.18602153890662723 (length 12.0 ns) False False
2025-04-08 22:10:29,722 - [MainProcess:46254] mummi_ras.online.simulation:has_computed_enough:352 - INFO - runtime_hours*0.99 = 0.495 vs delta_time = 0.18657892915937635 (length 12.0 ns) False False
2025-04-08 22:10:31,729 - [MainProcess:46254] mummi_ras.online.simulation:has_computed_enough:352 - INFO - runtime_hours*0.99 = 0.495 vs delta_time = 0.18713631570339204 (length 12.0 ns) False False
2025-04-08 22:10:33,735 - [MainProcess:46254] mummi_ras.online.simulation:has_computed_enough:352 - INFO - runtime_hours*0.99 = 0.495 vs delta_time = 0.1876936235692766 (length 12.0 ns) False False
2025-04-08 22:10:35,741 - [MainProcess:46254] mummi_ras.online.simulation:has_computed_enough:352 - INFO - runtime_hours*0.99 = 0.495 vs delta_time = 0.18825090607007344 (length 12.0 ns) False False
2025-04-08 22:10:37,748 - [MainProcess:46254] mummi_ras.online.simulation:has_computed_enough:352 - INFO - runtime_hours*0.99 = 0.495 vs delta_time = 0.1888082386387719 (length 12.0 ns) False False
2025-04-08 22:10:39,754 - [MainProcess:46254] mummi_ras.online.simulation:has_computed_enough:352 - INFO - runtime_hours*0.99 = 0.495 vs delta_time = 0.18936563127570682 (length 12.0 ns) False False
2025-04-08 22:10:39,808 - [MainProcess:46254] mummi_ras.online.simulation:get_new_frames:399 - INFO - Getting all frame numbers in trajectory from 25 to 25.
2025-04-08 22:10:39,809 - [MainProcess:46254] mummi_ras.online.cg.cganalysis:run_main_analysis:193 - INFO - Process frame 25
2025-04-08 22:10:39,809 - [MainProcess:46254] mummi_ras.online.cg.cganalysis:processFrame:554 - INFO - Load 26 frames: current frame ID /tmp/mummi/cg/structure_iter00_000000000014-20250408_215900/traj_comp.xtc
2025-04-08 22:10:39,820 - [MainProcess:46254] mummi_ras.online.cg.cganalysis:processFrame:580 - INFO - Frame:    25, Time: 12500.000 ps, Bbox = [0, 181.47958, 0, 181.47958]
2025-04-08 22:10:39,820 - [MainProcess:46254] mummi_ras.online.cg.cganalysis:processFrame:584 - INFO - Lengths of layers: 661 33 489
2025-04-08 22:10:39,925 - [MainProcess:46254] mummi_ras.online.cg.cganalysis:processFrame:765 - INFO - Time for analysis - frameNum 25, time 0.11664009094238281 s
2025-04-08 22:10:41,926 - [MainProcess:46254] mummi_ras.online.simulation:has_computed_enough:352 - INFO - runtime_hours*0.99 = 0.495 vs delta_time = 0.1899687612719006 (length 12.5 ns) False False
2025-04-08 22:10:43,932 - [MainProcess:46254] mummi_ras.online.simulation:has_computed_enough:352 - INFO - runtime_hours*0.99 = 0.495 vs delta_time = 0.19052611529827118 (length 12.5 ns) False False
2025-04-08 22:10:45,939 - [MainProcess:46254] mummi_ras.online.simulation:has_computed_enough:352 - INFO - runtime_hours*0.99 = 0.495 vs delta_time = 0.19108347137769063 (length 12.5 ns) False False
2025-04-08 22:10:47,945 - [MainProcess:46254] mummi_ras.online.simulation:has_computed_enough:352 - INFO - runtime_hours*0.99 = 0.495 vs delta_time = 0.1916408625576231 (length 12.5 ns) False False
2025-04-08 22:10:49,952 - [MainProcess:46254] mummi_ras.online.simulation:has_computed_enough:352 - INFO - runtime_hours*0.99 = 0.495 vs delta_time = 0.1921982953283522 (length 12.5 ns) False False
2025-04-08 22:10:51,958 - [MainProcess:46254] mummi_ras.online.simulation:has_computed_enough:352 - INFO - runtime_hours*0.99 = 0.495 vs delta_time = 0.19275555769602457 (length 12.5 ns) False False
2025-04-08 22:10:53,965 - [MainProcess:46254] mummi_ras.online.simulation:has_computed_enough:352 - INFO - runtime_hours*0.99 = 0.495 vs delta_time = 0.19331290973557366 (length 12.5 ns) False False
2025-04-08 22:10:55,971 - [MainProcess:46254] mummi_ras.online.simulation:has_computed_enough:352 - INFO - runtime_hours*0.99 = 0.495 vs delta_time = 0.19387030025323232 (length 12.5 ns) False False
2025-04-08 22:10:57,978 - [MainProcess:46254] mummi_ras.online.simulation:has_computed_enough:352 - INFO - runtime_hours*0.99 = 0.495 vs delta_time = 0.194427666399214 (length 12.5 ns) False False
2025-04-08 22:10:59,984 - [MainProcess:46254] mummi_ras.online.simulation:has_computed_enough:352 - INFO - runtime_hours*0.99 = 0.495 vs delta_time = 0.1949848751227061 (length 12.5 ns) False False
2025-04-08 22:11:01,990 - [MainProcess:46254] mummi_ras.online.simulation:has_computed_enough:352 - INFO - runtime_hours*0.99 = 0.495 vs delta_time = 0.1955422388182746 (length 12.5 ns) False False
2025-04-08 22:11:03,997 - [MainProcess:46254] mummi_ras.online.simulation:has_computed_enough:352 - INFO - runtime_hours*0.99 = 0.495 vs delta_time = 0.19609961132208506 (length 12.5 ns) False False
2025-04-08 22:11:06,003 - [MainProcess:46254] mummi_ras.online.simulation:has_computed_enough:352 - INFO - runtime_hours*0.99 = 0.495 vs delta_time = 0.19665697038173677 (length 12.5 ns) False False
2025-04-08 22:11:06,056 - [MainProcess:46254] mummi_ras.online.simulation:get_new_frames:399 - INFO - Getting all frame numbers in trajectory from 26 to 26.
2025-04-08 22:11:06,056 - [MainProcess:46254] mummi_ras.online.cg.cganalysis:run_main_analysis:193 - INFO - Process frame 26
2025-04-08 22:11:06,056 - [MainProcess:46254] mummi_ras.online.cg.cganalysis:processFrame:554 - INFO - Load 27 frames: current frame ID /tmp/mummi/cg/structure_iter00_000000000014-20250408_215900/traj_comp.xtc
2025-04-08 22:11:06,068 - [MainProcess:46254] mummi_ras.online.cg.cganalysis:processFrame:580 - INFO - Frame:    26, Time: 13000.000 ps, Bbox = [0, 179.9208, 0, 179.9208]
2025-04-08 22:11:06,068 - [MainProcess:46254] mummi_ras.online.cg.cganalysis:processFrame:584 - INFO - Lengths of layers: 660 33 490
2025-04-08 22:11:06,172 - [MainProcess:46254] mummi_ras.online.cg.cganalysis:processFrame:765 - INFO - Time for analysis - frameNum 26, time 0.1160116195678711 s
2025-04-08 22:11:08,173 - [MainProcess:46254] mummi_ras.online.simulation:has_computed_enough:352 - INFO - runtime_hours*0.99 = 0.495 vs delta_time = 0.197259580956565 (length 13.0 ns) False False
2025-04-08 22:11:10,179 - [MainProcess:46254] mummi_ras.online.simulation:has_computed_enough:352 - INFO - runtime_hours*0.99 = 0.495 vs delta_time = 0.19781703525119357 (length 13.0 ns) False False
2025-04-08 22:11:12,186 - [MainProcess:46254] mummi_ras.online.simulation:has_computed_enough:352 - INFO - runtime_hours*0.99 = 0.495 vs delta_time = 0.1983743566936917 (length 13.0 ns) False False
2025-04-08 22:11:14,192 - [MainProcess:46254] mummi_ras.online.simulation:has_computed_enough:352 - INFO - runtime_hours*0.99 = 0.495 vs delta_time = 0.19893171787261962 (length 13.0 ns) False False
2025-04-08 22:11:16,199 - [MainProcess:46254] mummi_ras.online.simulation:has_computed_enough:352 - INFO - runtime_hours*0.99 = 0.495 vs delta_time = 0.19948910037676493 (length 13.0 ns) False False
2025-04-08 22:11:18,206 - [MainProcess:46254] mummi_ras.online.simulation:has_computed_enough:352 - INFO - runtime_hours*0.99 = 0.495 vs delta_time = 0.20004650115966796 (length 13.0 ns) False False
2025-04-08 22:11:20,212 - [MainProcess:46254] mummi_ras.online.simulation:has_computed_enough:352 - INFO - runtime_hours*0.99 = 0.495 vs delta_time = 0.2006038502189848 (length 13.0 ns) False False
2025-04-08 22:11:22,218 - [MainProcess:46254] mummi_ras.online.simulation:has_computed_enough:352 - INFO - runtime_hours*0.99 = 0.495 vs delta_time = 0.201161124308904 (length 13.0 ns) False False
2025-04-08 22:11:24,225 - [MainProcess:46254] mummi_ras.online.simulation:has_computed_enough:352 - INFO - runtime_hours*0.99 = 0.495 vs delta_time = 0.2017184790637758 (length 13.0 ns) False False
2025-04-08 22:11:26,231 - [MainProcess:46254] mummi_ras.online.simulation:has_computed_enough:352 - INFO - runtime_hours*0.99 = 0.495 vs delta_time = 0.2022758976618449 (length 13.0 ns) False False
2025-04-08 22:11:28,238 - [MainProcess:46254] mummi_ras.online.simulation:has_computed_enough:352 - INFO - runtime_hours*0.99 = 0.495 vs delta_time = 0.2028333189090093 (length 13.0 ns) False False
2025-04-08 22:11:30,244 - [MainProcess:46254] mummi_ras.online.simulation:has_computed_enough:352 - INFO - runtime_hours*0.99 = 0.495 vs delta_time = 0.2033906443251504 (length 13.0 ns) False False
2025-04-08 22:11:32,251 - [MainProcess:46254] mummi_ras.online.simulation:has_computed_enough:352 - INFO - runtime_hours*0.99 = 0.495 vs delta_time = 0.2039480353726281 (length 13.0 ns) False False
2025-04-08 22:11:34,258 - [MainProcess:46254] mummi_ras.online.simulation:has_computed_enough:352 - INFO - runtime_hours*0.99 = 0.495 vs delta_time = 0.2045054272810618 (length 13.0 ns) False False
2025-04-08 22:11:34,310 - [MainProcess:46254] mummi_ras.online.simulation:get_new_frames:399 - INFO - Getting all frame numbers in trajectory from 27 to 27.
2025-04-08 22:11:34,310 - [MainProcess:46254] mummi_ras.online.cg.cganalysis:run_main_analysis:193 - INFO - Process frame 27
2025-04-08 22:11:34,310 - [MainProcess:46254] mummi_ras.online.cg.cganalysis:processFrame:554 - INFO - Load 28 frames: current frame ID /tmp/mummi/cg/structure_iter00_000000000014-20250408_215900/traj_comp.xtc
2025-04-08 22:11:34,321 - [MainProcess:46254] mummi_ras.online.cg.cganalysis:processFrame:580 - INFO - Frame:    27, Time: 13500.000 ps, Bbox = [0, 180.22697, 0, 180.22697]
2025-04-08 22:11:34,321 - [MainProcess:46254] mummi_ras.online.cg.cganalysis:processFrame:584 - INFO - Lengths of layers: 659 30 494
2025-04-08 22:11:34,425 - [MainProcess:46254] mummi_ras.online.cg.cganalysis:processFrame:765 - INFO - Time for analysis - frameNum 27, time 0.11524295806884766 s
2025-04-08 22:11:36,426 - [MainProcess:46254] mummi_ras.online.simulation:has_computed_enough:352 - INFO - runtime_hours*0.99 = 0.495 vs delta_time = 0.20510762949784597 (length 13.5 ns) False False
2025-04-08 22:11:38,432 - [MainProcess:46254] mummi_ras.online.simulation:has_computed_enough:352 - INFO - runtime_hours*0.99 = 0.495 vs delta_time = 0.20566507147418128 (length 13.5 ns) False False
2025-04-08 22:11:40,439 - [MainProcess:46254] mummi_ras.online.simulation:has_computed_enough:352 - INFO - runtime_hours*0.99 = 0.495 vs delta_time = 0.20622244722313351 (length 13.5 ns) False False
2025-04-08 22:11:42,445 - [MainProcess:46254] mummi_ras.online.simulation:has_computed_enough:352 - INFO - runtime_hours*0.99 = 0.495 vs delta_time = 0.20677979131539662 (length 13.5 ns) False False
2025-04-08 22:11:44,451 - [MainProcess:46254] mummi_ras.online.simulation:has_computed_enough:352 - INFO - runtime_hours*0.99 = 0.495 vs delta_time = 0.20733701136377122 (length 13.5 ns) False False
2025-04-08 22:11:46,458 - [MainProcess:46254] mummi_ras.online.simulation:has_computed_enough:352 - INFO - runtime_hours*0.99 = 0.495 vs delta_time = 0.20789435207843782 (length 13.5 ns) False False
2025-04-08 22:11:48,464 - [MainProcess:46254] mummi_ras.online.simulation:has_computed_enough:352 - INFO - runtime_hours*0.99 = 0.495 vs delta_time = 0.2084517463710573 (length 13.5 ns) False False
2025-04-08 22:11:50,471 - [MainProcess:46254] mummi_ras.online.simulation:has_computed_enough:352 - INFO - runtime_hours*0.99 = 0.495 vs delta_time = 0.20900911470254263 (length 13.5 ns) False False
2025-04-08 22:11:52,477 - [MainProcess:46254] mummi_ras.online.simulation:has_computed_enough:352 - INFO - runtime_hours*0.99 = 0.495 vs delta_time = 0.2095662988556756 (length 13.5 ns) False False
2025-04-08 22:11:54,483 - [MainProcess:46254] mummi_ras.online.simulation:has_computed_enough:352 - INFO - runtime_hours*0.99 = 0.495 vs delta_time = 0.2101236887110604 (length 13.5 ns) False False
2025-04-08 22:11:56,490 - [MainProcess:46254] mummi_ras.online.simulation:has_computed_enough:352 - INFO - runtime_hours*0.99 = 0.495 vs delta_time = 0.21068105472458734 (length 13.5 ns) False False
2025-04-08 22:11:58,496 - [MainProcess:46254] mummi_ras.online.simulation:has_computed_enough:352 - INFO - runtime_hours*0.99 = 0.495 vs delta_time = 0.21123824934164684 (length 13.5 ns) False False
2025-04-08 22:12:00,502 - [MainProcess:46254] mummi_ras.online.simulation:has_computed_enough:352 - INFO - runtime_hours*0.99 = 0.495 vs delta_time = 0.21179563290543027 (length 13.5 ns) False False
2025-04-08 22:12:00,556 - [MainProcess:46254] mummi_ras.online.simulation:get_new_frames:399 - INFO - Getting all frame numbers in trajectory from 28 to 28.
2025-04-08 22:12:00,557 - [MainProcess:46254] mummi_ras.online.cg.cganalysis:run_main_analysis:193 - INFO - Process frame 28
2025-04-08 22:12:00,557 - [MainProcess:46254] mummi_ras.online.cg.cganalysis:processFrame:554 - INFO - Load 29 frames: current frame ID /tmp/mummi/cg/structure_iter00_000000000014-20250408_215900/traj_comp.xtc
2025-04-08 22:12:00,568 - [MainProcess:46254] mummi_ras.online.cg.cganalysis:processFrame:580 - INFO - Frame:    28, Time: 14000.000 ps, Bbox = [0, 180.99133, 0, 180.99133]
2025-04-08 22:12:00,568 - [MainProcess:46254] mummi_ras.online.cg.cganalysis:processFrame:584 - INFO - Lengths of layers: 659 31 493
2025-04-08 22:12:00,672 - [MainProcess:46254] mummi_ras.online.cg.cganalysis:processFrame:765 - INFO - Time for analysis - frameNum 28, time 0.11485505104064941 s
2025-04-08 22:12:02,672 - [MainProcess:46254] mummi_ras.online.simulation:has_computed_enough:352 - INFO - runtime_hours*0.99 = 0.495 vs delta_time = 0.2123983046743605 (length 14.0 ns) False False
2025-04-08 22:12:04,679 - [MainProcess:46254] mummi_ras.online.simulation:has_computed_enough:352 - INFO - runtime_hours*0.99 = 0.495 vs delta_time = 0.21295571817292108 (length 14.0 ns) False False
2025-04-08 22:12:06,685 - [MainProcess:46254] mummi_ras.online.simulation:has_computed_enough:352 - INFO - runtime_hours*0.99 = 0.495 vs delta_time = 0.213513127234247 (length 14.0 ns) False False
2025-04-08 22:12:08,692 - [MainProcess:46254] mummi_ras.online.simulation:has_computed_enough:352 - INFO - runtime_hours*0.99 = 0.495 vs delta_time = 0.2140705249706904 (length 14.0 ns) False False
2025-04-08 22:12:10,698 - [MainProcess:46254] mummi_ras.online.simulation:has_computed_enough:352 - INFO - runtime_hours*0.99 = 0.495 vs delta_time = 0.2146278730365965 (length 14.0 ns) False False
2025-04-08 22:12:12,705 - [MainProcess:46254] mummi_ras.online.simulation:has_computed_enough:352 - INFO - runtime_hours*0.99 = 0.495 vs delta_time = 0.21518510162830354 (length 14.0 ns) False False
2025-04-08 22:12:14,711 - [MainProcess:46254] mummi_ras.online.simulation:has_computed_enough:352 - INFO - runtime_hours*0.99 = 0.495 vs delta_time = 0.21574246757560306 (length 14.0 ns) False False
2025-04-08 22:12:16,718 - [MainProcess:46254] mummi_ras.online.simulation:has_computed_enough:352 - INFO - runtime_hours*0.99 = 0.495 vs delta_time = 0.21629984027809568 (length 14.0 ns) False False
2025-04-08 22:12:18,724 - [MainProcess:46254] mummi_ras.online.simulation:has_computed_enough:352 - INFO - runtime_hours*0.99 = 0.495 vs delta_time = 0.2168572282128864 (length 14.0 ns) False False
2025-04-08 22:12:20,730 - [MainProcess:46254] mummi_ras.online.simulation:has_computed_enough:352 - INFO - runtime_hours*0.99 = 0.495 vs delta_time = 0.2174145382642746 (length 14.0 ns) False False
2025-04-08 22:12:22,737 - [MainProcess:46254] mummi_ras.online.simulation:has_computed_enough:352 - INFO - runtime_hours*0.99 = 0.495 vs delta_time = 0.2179718173212475 (length 14.0 ns) False False
2025-04-08 22:12:24,743 - [MainProcess:46254] mummi_ras.online.simulation:has_computed_enough:352 - INFO - runtime_hours*0.99 = 0.495 vs delta_time = 0.21852917757299212 (length 14.0 ns) False False
2025-04-08 22:12:26,750 - [MainProcess:46254] mummi_ras.online.simulation:has_computed_enough:352 - INFO - runtime_hours*0.99 = 0.495 vs delta_time = 0.21908656762705908 (length 14.0 ns) False False
2025-04-08 22:12:28,759 - [MainProcess:46254] mummi_ras.online.simulation:has_computed_enough:352 - INFO - runtime_hours*0.99 = 0.495 vs delta_time = 0.21964453558127087 (length 14.0 ns) False False
2025-04-08 22:12:28,812 - [MainProcess:46254] mummi_ras.online.simulation:get_new_frames:399 - INFO - Getting all frame numbers in trajectory from 29 to 29.
2025-04-08 22:12:28,812 - [MainProcess:46254] mummi_ras.online.cg.cganalysis:run_main_analysis:193 - INFO - Process frame 29
2025-04-08 22:12:28,812 - [MainProcess:46254] mummi_ras.online.cg.cganalysis:processFrame:554 - INFO - Load 30 frames: current frame ID /tmp/mummi/cg/structure_iter00_000000000014-20250408_215900/traj_comp.xtc
2025-04-08 22:12:28,823 - [MainProcess:46254] mummi_ras.online.cg.cganalysis:processFrame:580 - INFO - Frame:    29, Time: 14500.000 ps, Bbox = [0, 179.95325, 0, 179.95325]
2025-04-08 22:12:28,824 - [MainProcess:46254] mummi_ras.online.cg.cganalysis:processFrame:584 - INFO - Lengths of layers: 658 31 494
2025-04-08 22:12:28,927 - [MainProcess:46254] mummi_ras.online.cg.cganalysis:processFrame:765 - INFO - Time for analysis - frameNum 29, time 0.11525297164916992 s
2025-04-08 22:12:30,928 - [MainProcess:46254] mummi_ras.online.simulation:has_computed_enough:352 - INFO - runtime_hours*0.99 = 0.495 vs delta_time = 0.220247153573566 (length 14.5 ns) False False
2025-04-08 22:12:30,934 - [MainProcess:46254] mummi_ras.online.cg.cganalysis:processOutput:92 - INFO - Add feedback for frameNum 20 - state []
2025-04-08 22:12:30,934 - [MainProcess:46254] mummi_ras.online.cg.cganalysis:processOutput:92 - INFO - Add feedback for frameNum 21 - state []
2025-04-08 22:12:30,934 - [MainProcess:46254] mummi_ras.online.cg.cganalysis:processOutput:92 - INFO - Add feedback for frameNum 22 - state []
2025-04-08 22:12:30,935 - [MainProcess:46254] mummi_ras.online.cg.cganalysis:processOutput:92 - INFO - Add feedback for frameNum 23 - state []
2025-04-08 22:12:30,935 - [MainProcess:46254] mummi_ras.online.cg.cganalysis:processOutput:92 - INFO - Add feedback for frameNum 24 - state []
2025-04-08 22:12:30,935 - [MainProcess:46254] mummi_ras.online.cg.cganalysis:processOutput:92 - INFO - Add feedback for frameNum 25 - state []
2025-04-08 22:12:30,935 - [MainProcess:46254] mummi_ras.online.cg.cganalysis:processOutput:92 - INFO - Add feedback for frameNum 26 - state []
2025-04-08 22:12:30,935 - [MainProcess:46254] mummi_ras.online.cg.cganalysis:processOutput:92 - INFO - Add feedback for frameNum 27 - state []
2025-04-08 22:12:30,935 - [MainProcess:46254] mummi_ras.online.cg.cganalysis:processOutput:92 - INFO - Add feedback for frameNum 28 - state []
2025-04-08 22:12:30,935 - [MainProcess:46254] mummi_ras.online.cg.cganalysis:processOutput:92 - INFO - Add feedback for frameNum 29 - state []
2025-04-08 22:12:30,950 - [MainProcess:46254] mummi_core.interfaces.simple:_save_files:91 - INFO - Wrote 10 files to (/p/gpfs1/pottier1/minimummi-sc25/roots/root3/feedback-cg2ml/014)
2025-04-08 22:12:30,950 - [MainProcess:46254] mummi_ras.feedback.feedback_manager_cg2ml:report:118 - INFO - Added 10 frames (from structure_iter00_000000000014) to feedback (/p/gpfs1/pottier1/minimummi-sc25/roots/root3/feedback-cg2ml)
2025-04-08 22:12:30,950 - [MainProcess:46254] mummi_ras.online.cg.cganalysis:processOutput:112 - INFO - processOutput: 29
2025-04-08 22:12:30,951 - [MainProcess:46254] mummi_ras.online.cg.cganalysis:copyRemoteRestart:452 - INFO - Copy to remote frames [20, 21, 22, 23, 24, 25, 26, 27, 28, 29]
2025-04-08 22:12:31,020 - [MainProcess:46254] mummi_core.utils.utilities:sys_call:184 - INFO - Run command: rsync -va --no-g traj_comp.xtc topol.tpr state.cpt ener.edr md.log mdrun.log /p/gpfs1/pottier1/minimummi-sc25/roots/root3/sims-cg/structure_iter00_000000000014 || true
2025-04-08 22:12:31,480 - [MainProcess:46254] mummi_ras.interfaces.mummi:save_analysis_data:253 - INFO - Saved all analysis data for frames [20, 21, 22, 23, 24, 25, 26, 27, 28, 29]
2025-04-08 22:12:31,480 - [MainProcess:46254] mummi_ras.online.cg.cganalysis:copyRemoteLogs:350 - INFO - Copy over log files
2025-04-08 22:12:31,504 - [MainProcess:46254] mummi_core.utils.utilities:sys_call:184 - INFO - Run command: cp -r  /tmp/mummi/cg/structure_iter00_000000000014-20250408_215900/cg_analysis.out /tmp/mummi/cg/structure_iter00_000000000014-20250408_215900/traj_comp.xtc /tmp/mummi/cg/structure_iter00_000000000014-20250408_215900/*.log /p/gpfs1/pottier1/minimummi-sc25/roots/root3/sims-cg/structure_iter00_000000000014/ || true
2025-04-08 22:12:31,504 - [MainProcess:46254] mummi_ras.online.cg.cganalysis:copyRemoteLogs:365 - INFO - copyRemoteLogs =  /tmp/mummi/cg/structure_iter00_000000000014-20250408_215900/cg_analysis.out /tmp/mummi/cg/structure_iter00_000000000014-20250408_215900/traj_comp.xtc /tmp/mummi/cg/structure_iter00_000000000014-20250408_215900/*.log
2025-04-08 22:12:31,505 - [MainProcess:46254] mummi_ras.online.cg.cganalysis:cleanupLocal:375 - WARNING - Copy cleanup local only works for ddcMD files
2025-04-08 22:12:33,505 - [MainProcess:46254] mummi_ras.online.simulation:has_computed_enough:352 - INFO - runtime_hours*0.99 = 0.495 vs delta_time = 0.22096295012368097 (length 14.5 ns) False False
2025-04-08 22:12:35,509 - [MainProcess:46254] mummi_ras.online.simulation:has_computed_enough:352 - INFO - runtime_hours*0.99 = 0.495 vs delta_time = 0.22151961167653403 (length 14.5 ns) False False
2025-04-08 22:12:37,513 - [MainProcess:46254] mummi_ras.online.simulation:has_computed_enough:352 - INFO - runtime_hours*0.99 = 0.495 vs delta_time = 0.22207625640763176 (length 14.5 ns) False False
2025-04-08 22:12:39,517 - [MainProcess:46254] mummi_ras.online.simulation:has_computed_enough:352 - INFO - runtime_hours*0.99 = 0.495 vs delta_time = 0.222632883588473 (length 14.5 ns) False False
2025-04-08 22:12:41,520 - [MainProcess:46254] mummi_ras.online.simulation:has_computed_enough:352 - INFO - runtime_hours*0.99 = 0.495 vs delta_time = 0.2231895198424657 (length 14.5 ns) False False
2025-04-08 22:12:43,524 - [MainProcess:46254] mummi_ras.online.simulation:has_computed_enough:352 - INFO - runtime_hours*0.99 = 0.495 vs delta_time = 0.22374614867899154 (length 14.5 ns) False False
2025-04-08 22:12:45,528 - [MainProcess:46254] mummi_ras.online.simulation:has_computed_enough:352 - INFO - runtime_hours*0.99 = 0.495 vs delta_time = 0.22430277797910902 (length 14.5 ns) False False
2025-04-08 22:12:47,532 - [MainProcess:46254] mummi_ras.online.simulation:has_computed_enough:352 - INFO - runtime_hours*0.99 = 0.495 vs delta_time = 0.22485941920015548 (length 14.5 ns) False False
2025-04-08 22:12:49,536 - [MainProcess:46254] mummi_ras.online.simulation:has_computed_enough:352 - INFO - runtime_hours*0.99 = 0.495 vs delta_time = 0.22541607313685946 (length 14.5 ns) False False
2025-04-08 22:12:51,540 - [MainProcess:46254] mummi_ras.online.simulation:has_computed_enough:352 - INFO - runtime_hours*0.99 = 0.495 vs delta_time = 0.225972697602378 (length 14.5 ns) False False
2025-04-08 22:12:53,544 - [MainProcess:46254] mummi_ras.online.simulation:has_computed_enough:352 - INFO - runtime_hours*0.99 = 0.495 vs delta_time = 0.22652931974993812 (length 14.5 ns) False False
2025-04-08 22:12:55,548 - [MainProcess:46254] mummi_ras.online.simulation:has_computed_enough:352 - INFO - runtime_hours*0.99 = 0.495 vs delta_time = 0.2270859459373686 (length 14.5 ns) False False
2025-04-08 22:12:55,580 - [MainProcess:46254] mummi_ras.online.simulation:get_new_frames:399 - INFO - Getting all frame numbers in trajectory from 30 to 30.
2025-04-08 22:12:55,580 - [MainProcess:46254] mummi_ras.online.cg.cganalysis:run_main_analysis:193 - INFO - Process frame 30
2025-04-08 22:12:55,580 - [MainProcess:46254] mummi_ras.online.cg.cganalysis:processFrame:554 - INFO - Load 31 frames: current frame ID /tmp/mummi/cg/structure_iter00_000000000014-20250408_215900/traj_comp.xtc
2025-04-08 22:12:55,587 - [MainProcess:46254] mummi_ras.online.cg.cganalysis:processFrame:580 - INFO - Frame:    30, Time: 15000.000 ps, Bbox = [0, 180.8332, 0, 180.8332]
2025-04-08 22:12:55,587 - [MainProcess:46254] mummi_ras.online.cg.cganalysis:processFrame:584 - INFO - Lengths of layers: 664 31 488
2025-04-08 22:12:55,647 - [MainProcess:46254] mummi_ras.online.cg.cganalysis:processFrame:765 - INFO - Time for analysis - frameNum 30, time 0.0674436092376709 s
2025-04-08 22:12:57,648 - [MainProcess:46254] mummi_ras.online.simulation:has_computed_enough:352 - INFO - runtime_hours*0.99 = 0.495 vs delta_time = 0.2276693084504869 (length 15.0 ns) False False
2025-04-08 22:12:59,651 - [MainProcess:46254] mummi_ras.online.simulation:has_computed_enough:352 - INFO - runtime_hours*0.99 = 0.495 vs delta_time = 0.22822592039903006 (length 15.0 ns) False False
2025-04-08 22:13:01,655 - [MainProcess:46254] mummi_ras.online.simulation:has_computed_enough:352 - INFO - runtime_hours*0.99 = 0.495 vs delta_time = 0.2287824942006005 (length 15.0 ns) False False
2025-04-08 22:13:03,659 - [MainProcess:46254] mummi_ras.online.simulation:has_computed_enough:352 - INFO - runtime_hours*0.99 = 0.495 vs delta_time = 0.22933905250496334 (length 15.0 ns) False False
2025-04-08 22:13:05,662 - [MainProcess:46254] mummi_ras.online.simulation:has_computed_enough:352 - INFO - runtime_hours*0.99 = 0.495 vs delta_time = 0.22989562273025513 (length 15.0 ns) False False
2025-04-08 22:13:07,666 - [MainProcess:46254] mummi_ras.online.simulation:has_computed_enough:352 - INFO - runtime_hours*0.99 = 0.495 vs delta_time = 0.23045218692885505 (length 15.0 ns) False False
2025-04-08 22:13:09,670 - [MainProcess:46254] mummi_ras.online.simulation:has_computed_enough:352 - INFO - runtime_hours*0.99 = 0.495 vs delta_time = 0.2310087576177385 (length 15.0 ns) False False
2025-04-08 22:13:11,673 - [MainProcess:46254] mummi_ras.online.simulation:has_computed_enough:352 - INFO - runtime_hours*0.99 = 0.495 vs delta_time = 0.23156532062424554 (length 15.0 ns) False False
2025-04-08 22:13:13,677 - [MainProcess:46254] mummi_ras.online.simulation:has_computed_enough:352 - INFO - runtime_hours*0.99 = 0.495 vs delta_time = 0.23212187475628324 (length 15.0 ns) False False
2025-04-08 22:13:15,680 - [MainProcess:46254] mummi_ras.online.simulation:has_computed_enough:352 - INFO - runtime_hours*0.99 = 0.495 vs delta_time = 0.23267842955059476 (length 15.0 ns) False False
2025-04-08 22:13:17,684 - [MainProcess:46254] mummi_ras.online.simulation:has_computed_enough:352 - INFO - runtime_hours*0.99 = 0.495 vs delta_time = 0.23323499116632673 (length 15.0 ns) False False
2025-04-08 22:13:19,688 - [MainProcess:46254] mummi_ras.online.simulation:has_computed_enough:352 - INFO - runtime_hours*0.99 = 0.495 vs delta_time = 0.2337915516561932 (length 15.0 ns) False False
2025-04-08 22:13:21,691 - [MainProcess:46254] mummi_ras.online.simulation:has_computed_enough:352 - INFO - runtime_hours*0.99 = 0.495 vs delta_time = 0.23434812638494704 (length 15.0 ns) False False
2025-04-08 22:13:21,725 - [MainProcess:46254] mummi_ras.online.simulation:get_new_frames:399 - INFO - Getting all frame numbers in trajectory from 31 to 31.
2025-04-08 22:13:21,725 - [MainProcess:46254] mummi_ras.online.cg.cganalysis:run_main_analysis:193 - INFO - Process frame 31
2025-04-08 22:13:21,725 - [MainProcess:46254] mummi_ras.online.cg.cganalysis:processFrame:554 - INFO - Load 32 frames: current frame ID /tmp/mummi/cg/structure_iter00_000000000014-20250408_215900/traj_comp.xtc
2025-04-08 22:13:21,732 - [MainProcess:46254] mummi_ras.online.cg.cganalysis:processFrame:580 - INFO - Frame:    31, Time: 15500.000 ps, Bbox = [0, 180.47859, 0, 180.47859]
2025-04-08 22:13:21,732 - [MainProcess:46254] mummi_ras.online.cg.cganalysis:processFrame:584 - INFO - Lengths of layers: 663 27 493
2025-04-08 22:13:21,792 - [MainProcess:46254] mummi_ras.online.cg.cganalysis:processFrame:765 - INFO - Time for analysis - frameNum 31, time 0.06719446182250977 s
2025-04-08 22:13:23,793 - [MainProcess:46254] mummi_ras.online.simulation:has_computed_enough:352 - INFO - runtime_hours*0.99 = 0.495 vs delta_time = 0.2349317803647783 (length 15.5 ns) False False
2025-04-08 22:13:25,796 - [MainProcess:46254] mummi_ras.online.simulation:has_computed_enough:352 - INFO - runtime_hours*0.99 = 0.495 vs delta_time = 0.23548839251200357 (length 15.5 ns) False False
2025-04-08 22:13:27,800 - [MainProcess:46254] mummi_ras.online.simulation:has_computed_enough:352 - INFO - runtime_hours*0.99 = 0.495 vs delta_time = 0.23604496194256677 (length 15.5 ns) False False
2025-04-08 22:13:29,804 - [MainProcess:46254] mummi_ras.online.simulation:has_computed_enough:352 - INFO - runtime_hours*0.99 = 0.495 vs delta_time = 0.2366015343533622 (length 15.5 ns) False False
2025-04-08 22:13:31,807 - [MainProcess:46254] mummi_ras.online.simulation:has_computed_enough:352 - INFO - runtime_hours*0.99 = 0.495 vs delta_time = 0.2371580923265881 (length 15.5 ns) False False
2025-04-08 22:13:33,811 - [MainProcess:46254] mummi_ras.online.simulation:has_computed_enough:352 - INFO - runtime_hours*0.99 = 0.495 vs delta_time = 0.23771464930640326 (length 15.5 ns) False False
2025-04-08 22:13:35,815 - [MainProcess:46254] mummi_ras.online.simulation:has_computed_enough:352 - INFO - runtime_hours*0.99 = 0.495 vs delta_time = 0.23827122224701774 (length 15.5 ns) False False
2025-04-08 22:13:37,818 - [MainProcess:46254] mummi_ras.online.simulation:has_computed_enough:352 - INFO - runtime_hours*0.99 = 0.495 vs delta_time = 0.23882782273822362 (length 15.5 ns) False False
2025-04-08 22:13:39,822 - [MainProcess:46254] mummi_ras.online.simulation:has_computed_enough:352 - INFO - runtime_hours*0.99 = 0.495 vs delta_time = 0.23938441673914593 (length 15.5 ns) False False
2025-04-08 22:13:41,826 - [MainProcess:46254] mummi_ras.online.simulation:has_computed_enough:352 - INFO - runtime_hours*0.99 = 0.495 vs delta_time = 0.23994098650084603 (length 15.5 ns) False False
2025-04-08 22:13:43,829 - [MainProcess:46254] mummi_ras.online.simulation:has_computed_enough:352 - INFO - runtime_hours*0.99 = 0.495 vs delta_time = 0.24049753957324557 (length 15.5 ns) False False
2025-04-08 22:13:45,833 - [MainProcess:46254] mummi_ras.online.simulation:has_computed_enough:352 - INFO - runtime_hours*0.99 = 0.495 vs delta_time = 0.24105410721566942 (length 15.5 ns) False False
2025-04-08 22:13:47,837 - [MainProcess:46254] mummi_ras.online.simulation:has_computed_enough:352 - INFO - runtime_hours*0.99 = 0.495 vs delta_time = 0.24161066591739655 (length 15.5 ns) False False
2025-04-08 22:13:49,840 - [MainProcess:46254] mummi_ras.online.simulation:has_computed_enough:352 - INFO - runtime_hours*0.99 = 0.495 vs delta_time = 0.24216725018289353 (length 15.5 ns) False False
2025-04-08 22:13:49,873 - [MainProcess:46254] mummi_ras.online.simulation:get_new_frames:399 - INFO - Getting all frame numbers in trajectory from 32 to 32.
2025-04-08 22:13:49,873 - [MainProcess:46254] mummi_ras.online.cg.cganalysis:run_main_analysis:193 - INFO - Process frame 32
2025-04-08 22:13:49,873 - [MainProcess:46254] mummi_ras.online.cg.cganalysis:processFrame:554 - INFO - Load 33 frames: current frame ID /tmp/mummi/cg/structure_iter00_000000000014-20250408_215900/traj_comp.xtc
2025-04-08 22:13:49,880 - [MainProcess:46254] mummi_ras.online.cg.cganalysis:processFrame:580 - INFO - Frame:    32, Time: 16000.000 ps, Bbox = [0, 180.03311, 0, 180.03311]
2025-04-08 22:13:49,880 - [MainProcess:46254] mummi_ras.online.cg.cganalysis:processFrame:584 - INFO - Lengths of layers: 660 31 492
2025-04-08 22:13:49,941 - [MainProcess:46254] mummi_ras.online.cg.cganalysis:processFrame:765 - INFO - Time for analysis - frameNum 32, time 0.0676274299621582 s
2025-04-08 22:13:51,941 - [MainProcess:46254] mummi_ras.online.simulation:has_computed_enough:352 - INFO - runtime_hours*0.99 = 0.495 vs delta_time = 0.242750912838512 (length 16.0 ns) False False
2025-04-08 22:13:53,945 - [MainProcess:46254] mummi_ras.online.simulation:has_computed_enough:352 - INFO - runtime_hours*0.99 = 0.495 vs delta_time = 0.24330759015348222 (length 16.0 ns) False False
2025-04-08 22:13:55,949 - [MainProcess:46254] mummi_ras.online.simulation:has_computed_enough:352 - INFO - runtime_hours*0.99 = 0.495 vs delta_time = 0.24386421700318656 (length 16.0 ns) False False
2025-04-08 22:13:57,953 - [MainProcess:46254] mummi_ras.online.simulation:has_computed_enough:352 - INFO - runtime_hours*0.99 = 0.495 vs delta_time = 0.24442085405190786 (length 16.0 ns) False False
2025-04-08 22:13:59,957 - [MainProcess:46254] mummi_ras.online.simulation:has_computed_enough:352 - INFO - runtime_hours*0.99 = 0.495 vs delta_time = 0.24497747315300836 (length 16.0 ns) False False
2025-04-08 22:14:01,961 - [MainProcess:46254] mummi_ras.online.simulation:has_computed_enough:352 - INFO - runtime_hours*0.99 = 0.495 vs delta_time = 0.2455341132481893 (length 16.0 ns) False False
2025-04-08 22:14:03,965 - [MainProcess:46254] mummi_ras.online.simulation:has_computed_enough:352 - INFO - runtime_hours*0.99 = 0.495 vs delta_time = 0.2460907335413827 (length 16.0 ns) False False
2025-04-08 22:14:05,969 - [MainProcess:46254] mummi_ras.online.simulation:has_computed_enough:352 - INFO - runtime_hours*0.99 = 0.495 vs delta_time = 0.24664736337131923 (length 16.0 ns) False False
2025-04-08 22:14:07,972 - [MainProcess:46254] mummi_ras.online.simulation:has_computed_enough:352 - INFO - runtime_hours*0.99 = 0.495 vs delta_time = 0.24720398816797468 (length 16.0 ns) False False
2025-04-08 22:14:09,976 - [MainProcess:46254] mummi_ras.online.simulation:has_computed_enough:352 - INFO - runtime_hours*0.99 = 0.495 vs delta_time = 0.24776061998473273 (length 16.0 ns) False False
2025-04-08 22:14:11,980 - [MainProcess:46254] mummi_ras.online.simulation:has_computed_enough:352 - INFO - runtime_hours*0.99 = 0.495 vs delta_time = 0.24831725365585752 (length 16.0 ns) False False
2025-04-08 22:14:13,984 - [MainProcess:46254] mummi_ras.online.simulation:has_computed_enough:352 - INFO - runtime_hours*0.99 = 0.495 vs delta_time = 0.24887388779057396 (length 16.0 ns) False False
2025-04-08 22:14:15,988 - [MainProcess:46254] mummi_ras.online.simulation:has_computed_enough:352 - INFO - runtime_hours*0.99 = 0.495 vs delta_time = 0.24943050543467205 (length 16.0 ns) False False
2025-04-08 22:14:16,021 - [MainProcess:46254] mummi_ras.online.simulation:get_new_frames:399 - INFO - Getting all frame numbers in trajectory from 33 to 33.
2025-04-08 22:14:16,021 - [MainProcess:46254] mummi_ras.online.cg.cganalysis:run_main_analysis:193 - INFO - Process frame 33
2025-04-08 22:14:16,021 - [MainProcess:46254] mummi_ras.online.cg.cganalysis:processFrame:554 - INFO - Load 34 frames: current frame ID /tmp/mummi/cg/structure_iter00_000000000014-20250408_215900/traj_comp.xtc
2025-04-08 22:14:16,028 - [MainProcess:46254] mummi_ras.online.cg.cganalysis:processFrame:580 - INFO - Frame:    33, Time: 16500.000 ps, Bbox = [0, 180.51811, 0, 180.51811]
2025-04-08 22:14:16,028 - [MainProcess:46254] mummi_ras.online.cg.cganalysis:processFrame:584 - INFO - Lengths of layers: 660 28 495
2025-04-08 22:14:16,090 - [MainProcess:46254] mummi_ras.online.cg.cganalysis:processFrame:765 - INFO - Time for analysis - frameNum 33, time 0.06893396377563477 s
2025-04-08 22:14:18,090 - [MainProcess:46254] mummi_ras.online.simulation:has_computed_enough:352 - INFO - runtime_hours*0.99 = 0.495 vs delta_time = 0.2500144676367442 (length 16.5 ns) False False
2025-04-08 22:14:20,094 - [MainProcess:46254] mummi_ras.online.simulation:has_computed_enough:352 - INFO - runtime_hours*0.99 = 0.495 vs delta_time = 0.25057110071182254 (length 16.5 ns) False False
2025-04-08 22:14:22,098 - [MainProcess:46254] mummi_ras.online.simulation:has_computed_enough:352 - INFO - runtime_hours*0.99 = 0.495 vs delta_time = 0.25112770868672263 (length 16.5 ns) False False
2025-04-08 22:14:24,102 - [MainProcess:46254] mummi_ras.online.simulation:has_computed_enough:352 - INFO - runtime_hours*0.99 = 0.495 vs delta_time = 0.25168430705865225 (length 16.5 ns) False False
2025-04-08 22:14:26,105 - [MainProcess:46254] mummi_ras.online.simulation:has_computed_enough:352 - INFO - runtime_hours*0.99 = 0.495 vs delta_time = 0.2522409063577652 (length 16.5 ns) False False
2025-04-08 22:14:28,109 - [MainProcess:46254] mummi_ras.online.simulation:has_computed_enough:352 - INFO - runtime_hours*0.99 = 0.495 vs delta_time = 0.2527974972460005 (length 16.5 ns) False False
2025-04-08 22:14:30,113 - [MainProcess:46254] mummi_ras.online.simulation:has_computed_enough:352 - INFO - runtime_hours*0.99 = 0.495 vs delta_time = 0.2533540940284729 (length 16.5 ns) False False
2025-04-08 22:14:32,117 - [MainProcess:46254] mummi_ras.online.simulation:has_computed_enough:352 - INFO - runtime_hours*0.99 = 0.495 vs delta_time = 0.253910693526268 (length 16.5 ns) False False
2025-04-08 22:14:34,120 - [MainProcess:46254] mummi_ras.online.simulation:has_computed_enough:352 - INFO - runtime_hours*0.99 = 0.495 vs delta_time = 0.2544672890504201 (length 16.5 ns) False False
2025-04-08 22:14:36,124 - [MainProcess:46254] mummi_ras.online.simulation:has_computed_enough:352 - INFO - runtime_hours*0.99 = 0.495 vs delta_time = 0.2550238862964842 (length 16.5 ns) False False
2025-04-08 22:14:38,128 - [MainProcess:46254] mummi_ras.online.simulation:has_computed_enough:352 - INFO - runtime_hours*0.99 = 0.495 vs delta_time = 0.2555804763237635 (length 16.5 ns) False False
2025-04-08 22:14:40,132 - [MainProcess:46254] mummi_ras.online.simulation:has_computed_enough:352 - INFO - runtime_hours*0.99 = 0.495 vs delta_time = 0.25613707502683003 (length 16.5 ns) False False
2025-04-08 22:14:42,135 - [MainProcess:46254] mummi_ras.online.simulation:has_computed_enough:352 - INFO - runtime_hours*0.99 = 0.495 vs delta_time = 0.2566937004857593 (length 16.5 ns) False False
2025-04-08 22:14:44,139 - [MainProcess:46254] mummi_ras.online.simulation:has_computed_enough:352 - INFO - runtime_hours*0.99 = 0.495 vs delta_time = 0.2572503368722068 (length 16.5 ns) False False
2025-04-08 22:14:44,173 - [MainProcess:46254] mummi_ras.online.simulation:get_new_frames:399 - INFO - Getting all frame numbers in trajectory from 34 to 34.
2025-04-08 22:14:44,173 - [MainProcess:46254] mummi_ras.online.cg.cganalysis:run_main_analysis:193 - INFO - Process frame 34
2025-04-08 22:14:44,173 - [MainProcess:46254] mummi_ras.online.cg.cganalysis:processFrame:554 - INFO - Load 35 frames: current frame ID /tmp/mummi/cg/structure_iter00_000000000014-20250408_215900/traj_comp.xtc
2025-04-08 22:14:44,180 - [MainProcess:46254] mummi_ras.online.cg.cganalysis:processFrame:580 - INFO - Frame:    34, Time: 17000.000 ps, Bbox = [0, 180.60983, 0, 180.60983]
2025-04-08 22:14:44,180 - [MainProcess:46254] mummi_ras.online.cg.cganalysis:processFrame:584 - INFO - Lengths of layers: 656 33 494
2025-04-08 22:14:44,241 - [MainProcess:46254] mummi_ras.online.cg.cganalysis:processFrame:765 - INFO - Time for analysis - frameNum 34, time 0.06789135932922363 s
2025-04-08 22:14:46,241 - [MainProcess:46254] mummi_ras.online.simulation:has_computed_enough:352 - INFO - runtime_hours*0.99 = 0.495 vs delta_time = 0.25783416132132214 (length 17.0 ns) False False
2025-04-08 22:14:48,245 - [MainProcess:46254] mummi_ras.online.simulation:has_computed_enough:352 - INFO - runtime_hours*0.99 = 0.495 vs delta_time = 0.25839076220989227 (length 17.0 ns) False False
2025-04-08 22:14:50,249 - [MainProcess:46254] mummi_ras.online.simulation:has_computed_enough:352 - INFO - runtime_hours*0.99 = 0.495 vs delta_time = 0.2589473376009199 (length 17.0 ns) False False
2025-04-08 22:14:52,252 - [MainProcess:46254] mummi_ras.online.simulation:has_computed_enough:352 - INFO - runtime_hours*0.99 = 0.495 vs delta_time = 0.2595039055082533 (length 17.0 ns) False False
2025-04-08 22:14:54,256 - [MainProcess:46254] mummi_ras.online.simulation:has_computed_enough:352 - INFO - runtime_hours*0.99 = 0.495 vs delta_time = 0.26006047242217595 (length 17.0 ns) False False
2025-04-08 22:14:56,259 - [MainProcess:46254] mummi_ras.online.simulation:has_computed_enough:352 - INFO - runtime_hours*0.99 = 0.495 vs delta_time = 0.26061703277958764 (length 17.0 ns) False False
2025-04-08 22:14:58,263 - [MainProcess:46254] mummi_ras.online.simulation:has_computed_enough:352 - INFO - runtime_hours*0.99 = 0.495 vs delta_time = 0.2611735989650091 (length 17.0 ns) False False
2025-04-08 22:15:00,267 - [MainProcess:46254] mummi_ras.online.simulation:has_computed_enough:352 - INFO - runtime_hours*0.99 = 0.495 vs delta_time = 0.261730145878262 (length 17.0 ns) False False
2025-04-08 22:15:02,270 - [MainProcess:46254] mummi_ras.online.simulation:has_computed_enough:352 - INFO - runtime_hours*0.99 = 0.495 vs delta_time = 0.2622867073615392 (length 17.0 ns) False False
2025-04-08 22:15:04,274 - [MainProcess:46254] mummi_ras.online.simulation:has_computed_enough:352 - INFO - runtime_hours*0.99 = 0.495 vs delta_time = 0.2628432672553592 (length 17.0 ns) False False
2025-04-08 22:15:06,278 - [MainProcess:46254] mummi_ras.online.simulation:has_computed_enough:352 - INFO - runtime_hours*0.99 = 0.495 vs delta_time = 0.2633998339705997 (length 17.0 ns) False False
2025-04-08 22:15:08,281 - [MainProcess:46254] mummi_ras.online.simulation:has_computed_enough:352 - INFO - runtime_hours*0.99 = 0.495 vs delta_time = 0.2639563963810603 (length 17.0 ns) False False
2025-04-08 22:15:10,285 - [MainProcess:46254] mummi_ras.online.simulation:has_computed_enough:352 - INFO - runtime_hours*0.99 = 0.495 vs delta_time = 0.26451296263270907 (length 17.0 ns) False False
2025-04-08 22:15:10,318 - [MainProcess:46254] mummi_ras.online.simulation:get_new_frames:399 - INFO - Getting all frame numbers in trajectory from 35 to 35.
2025-04-08 22:15:10,318 - [MainProcess:46254] mummi_ras.online.cg.cganalysis:run_main_analysis:193 - INFO - Process frame 35
2025-04-08 22:15:10,318 - [MainProcess:46254] mummi_ras.online.cg.cganalysis:processFrame:554 - INFO - Load 36 frames: current frame ID /tmp/mummi/cg/structure_iter00_000000000014-20250408_215900/traj_comp.xtc
2025-04-08 22:15:10,325 - [MainProcess:46254] mummi_ras.online.cg.cganalysis:processFrame:580 - INFO - Frame:    35, Time: 17500.000 ps, Bbox = [0, 181.47205, 0, 181.47205]
2025-04-08 22:15:10,325 - [MainProcess:46254] mummi_ras.online.cg.cganalysis:processFrame:584 - INFO - Lengths of layers: 660 32 491
2025-04-08 22:15:10,385 - [MainProcess:46254] mummi_ras.online.cg.cganalysis:processFrame:765 - INFO - Time for analysis - frameNum 35, time 0.06730341911315918 s
2025-04-08 22:15:12,386 - [MainProcess:46254] mummi_ras.online.simulation:has_computed_enough:352 - INFO - runtime_hours*0.99 = 0.495 vs delta_time = 0.26509651627805497 (length 17.5 ns) False False
2025-04-08 22:15:14,390 - [MainProcess:46254] mummi_ras.online.simulation:has_computed_enough:352 - INFO - runtime_hours*0.99 = 0.495 vs delta_time = 0.26565319981839924 (length 17.5 ns) False False
2025-04-08 22:15:16,394 - [MainProcess:46254] mummi_ras.online.simulation:has_computed_enough:352 - INFO - runtime_hours*0.99 = 0.495 vs delta_time = 0.2662098515695996 (length 17.5 ns) False False
2025-04-08 22:15:18,398 - [MainProcess:46254] mummi_ras.online.simulation:has_computed_enough:352 - INFO - runtime_hours*0.99 = 0.495 vs delta_time = 0.2667664920621448 (length 17.5 ns) False False
2025-04-08 22:15:20,401 - [MainProcess:46254] mummi_ras.online.simulation:has_computed_enough:352 - INFO - runtime_hours*0.99 = 0.495 vs delta_time = 0.26732313209109837 (length 17.5 ns) False False
2025-04-08 22:15:22,405 - [MainProcess:46254] mummi_ras.online.simulation:has_computed_enough:352 - INFO - runtime_hours*0.99 = 0.495 vs delta_time = 0.267879771788915 (length 17.5 ns) False False
2025-04-08 22:15:24,409 - [MainProcess:46254] mummi_ras.online.simulation:has_computed_enough:352 - INFO - runtime_hours*0.99 = 0.495 vs delta_time = 0.268436408440272 (length 17.5 ns) False False
2025-04-08 22:15:26,413 - [MainProcess:46254] mummi_ras.online.simulation:has_computed_enough:352 - INFO - runtime_hours*0.99 = 0.495 vs delta_time = 0.26899304853545297 (length 17.5 ns) False False
2025-04-08 22:15:28,417 - [MainProcess:46254] mummi_ras.online.simulation:has_computed_enough:352 - INFO - runtime_hours*0.99 = 0.495 vs delta_time = 0.26954967657725015 (length 17.5 ns) False False
2025-04-08 22:15:30,421 - [MainProcess:46254] mummi_ras.online.simulation:has_computed_enough:352 - INFO - runtime_hours*0.99 = 0.495 vs delta_time = 0.2701063162750668 (length 17.5 ns) False False
2025-04-08 22:15:32,425 - [MainProcess:46254] mummi_ras.online.simulation:has_computed_enough:352 - INFO - runtime_hours*0.99 = 0.495 vs delta_time = 0.2706629490852356 (length 17.5 ns) False False
2025-04-08 22:15:34,429 - [MainProcess:46254] mummi_ras.online.simulation:has_computed_enough:352 - INFO - runtime_hours*0.99 = 0.495 vs delta_time = 0.2712195862664117 (length 17.5 ns) False False
2025-04-08 22:15:36,433 - [MainProcess:46254] mummi_ras.online.simulation:has_computed_enough:352 - INFO - runtime_hours*0.99 = 0.495 vs delta_time = 0.2717762241098616 (length 17.5 ns) False False
2025-04-08 22:15:38,436 - [MainProcess:46254] mummi_ras.online.simulation:has_computed_enough:352 - INFO - runtime_hours*0.99 = 0.495 vs delta_time = 0.27233286341031393 (length 17.5 ns) False False
2025-04-08 22:15:38,589 - [MainProcess:46254] mummi_ras.online.simulation:get_new_frames:399 - INFO - Getting all frame numbers in trajectory from 36 to 36.
2025-04-08 22:15:38,589 - [MainProcess:46254] mummi_ras.online.cg.cganalysis:run_main_analysis:193 - INFO - Process frame 36
2025-04-08 22:15:38,589 - [MainProcess:46254] mummi_ras.online.cg.cganalysis:processFrame:554 - INFO - Load 37 frames: current frame ID /tmp/mummi/cg/structure_iter00_000000000014-20250408_215900/traj_comp.xtc
2025-04-08 22:15:38,596 - [MainProcess:46254] mummi_ras.online.cg.cganalysis:processFrame:580 - INFO - Frame:    36, Time: 18000.000 ps, Bbox = [0, 180.54968, 0, 180.54968]
2025-04-08 22:15:38,596 - [MainProcess:46254] mummi_ras.online.cg.cganalysis:processFrame:584 - INFO - Lengths of layers: 662 36 485
2025-04-08 22:15:38,656 - [MainProcess:46254] mummi_ras.online.cg.cganalysis:processFrame:765 - INFO - Time for analysis - frameNum 36, time 0.06737565994262695 s
2025-04-08 22:15:40,657 - [MainProcess:46254] mummi_ras.online.simulation:has_computed_enough:352 - INFO - runtime_hours*0.99 = 0.495 vs delta_time = 0.2729496502214008 (length 18.0 ns) False False
2025-04-08 22:15:42,661 - [MainProcess:46254] mummi_ras.online.simulation:has_computed_enough:352 - INFO - runtime_hours*0.99 = 0.495 vs delta_time = 0.2735062685277727 (length 18.0 ns) False False
2025-04-08 22:15:44,664 - [MainProcess:46254] mummi_ras.online.simulation:has_computed_enough:352 - INFO - runtime_hours*0.99 = 0.495 vs delta_time = 0.2740628479586707 (length 18.0 ns) False False
2025-04-08 22:15:46,668 - [MainProcess:46254] mummi_ras.online.simulation:has_computed_enough:352 - INFO - runtime_hours*0.99 = 0.495 vs delta_time = 0.27461944103240965 (length 18.0 ns) False False
2025-04-08 22:15:48,672 - [MainProcess:46254] mummi_ras.online.simulation:has_computed_enough:352 - INFO - runtime_hours*0.99 = 0.495 vs delta_time = 0.27517604178852506 (length 18.0 ns) False False
2025-04-08 22:15:50,676 - [MainProcess:46254] mummi_ras.online.simulation:has_computed_enough:352 - INFO - runtime_hours*0.99 = 0.495 vs delta_time = 0.2757326344648997 (length 18.0 ns) False False
2025-04-08 22:15:52,679 - [MainProcess:46254] mummi_ras.online.simulation:has_computed_enough:352 - INFO - runtime_hours*0.99 = 0.495 vs delta_time = 0.27628920409414504 (length 18.0 ns) False False
2025-04-08 22:15:54,683 - [MainProcess:46254] mummi_ras.online.simulation:has_computed_enough:352 - INFO - runtime_hours*0.99 = 0.495 vs delta_time = 0.27684577531284754 (length 18.0 ns) False False
2025-04-08 22:15:56,687 - [MainProcess:46254] mummi_ras.online.simulation:has_computed_enough:352 - INFO - runtime_hours*0.99 = 0.495 vs delta_time = 0.2774023487832811 (length 18.0 ns) False False
2025-04-08 22:15:58,690 - [MainProcess:46254] mummi_ras.online.simulation:has_computed_enough:352 - INFO - runtime_hours*0.99 = 0.495 vs delta_time = 0.27795891596211325 (length 18.0 ns) False False
2025-04-08 22:16:00,694 - [MainProcess:46254] mummi_ras.online.simulation:has_computed_enough:352 - INFO - runtime_hours*0.99 = 0.495 vs delta_time = 0.2785154759221607 (length 18.0 ns) False False
2025-04-08 22:16:02,697 - [MainProcess:46254] mummi_ras.online.simulation:has_computed_enough:352 - INFO - runtime_hours*0.99 = 0.495 vs delta_time = 0.2790720405181249 (length 18.0 ns) False False
2025-04-08 22:16:04,701 - [MainProcess:46254] mummi_ras.online.simulation:has_computed_enough:352 - INFO - runtime_hours*0.99 = 0.495 vs delta_time = 0.2796286106771893 (length 18.0 ns) False False
2025-04-08 22:16:04,734 - [MainProcess:46254] mummi_ras.online.simulation:get_new_frames:399 - INFO - Getting all frame numbers in trajectory from 37 to 37.
2025-04-08 22:16:04,735 - [MainProcess:46254] mummi_ras.online.cg.cganalysis:run_main_analysis:193 - INFO - Process frame 37
2025-04-08 22:16:04,735 - [MainProcess:46254] mummi_ras.online.cg.cganalysis:processFrame:554 - INFO - Load 38 frames: current frame ID /tmp/mummi/cg/structure_iter00_000000000014-20250408_215900/traj_comp.xtc
2025-04-08 22:16:04,741 - [MainProcess:46254] mummi_ras.online.cg.cganalysis:processFrame:580 - INFO - Frame:    37, Time: 18500.000 ps, Bbox = [0, 180.72096, 0, 180.72096]
2025-04-08 22:16:04,742 - [MainProcess:46254] mummi_ras.online.cg.cganalysis:processFrame:584 - INFO - Lengths of layers: 660 33 490
2025-04-08 22:16:04,802 - [MainProcess:46254] mummi_ras.online.cg.cganalysis:processFrame:765 - INFO - Time for analysis - frameNum 37, time 0.06717991828918457 s
2025-04-08 22:16:06,802 - [MainProcess:46254] mummi_ras.online.simulation:has_computed_enough:352 - INFO - runtime_hours*0.99 = 0.495 vs delta_time = 0.2802122666438421 (length 18.5 ns) False False
2025-04-08 22:16:08,806 - [MainProcess:46254] mummi_ras.online.simulation:has_computed_enough:352 - INFO - runtime_hours*0.99 = 0.495 vs delta_time = 0.28076886620786456 (length 18.5 ns) False False
2025-04-08 22:16:10,810 - [MainProcess:46254] mummi_ras.online.simulation:has_computed_enough:352 - INFO - runtime_hours*0.99 = 0.495 vs delta_time = 0.28132543941338856 (length 18.5 ns) False False
2025-04-08 22:16:12,813 - [MainProcess:46254] mummi_ras.online.simulation:has_computed_enough:352 - INFO - runtime_hours*0.99 = 0.495 vs delta_time = 0.2818820070558124 (length 18.5 ns) False False
2025-04-08 22:16:14,817 - [MainProcess:46254] mummi_ras.online.simulation:has_computed_enough:352 - INFO - runtime_hours*0.99 = 0.495 vs delta_time = 0.28243857257896 (length 18.5 ns) False False
2025-04-08 22:16:16,821 - [MainProcess:46254] mummi_ras.online.simulation:has_computed_enough:352 - INFO - runtime_hours*0.99 = 0.495 vs delta_time = 0.28299512922763825 (length 18.5 ns) False False
2025-04-08 22:16:18,824 - [MainProcess:46254] mummi_ras.online.simulation:has_computed_enough:352 - INFO - runtime_hours*0.99 = 0.495 vs delta_time = 0.28355170210202535 (length 18.5 ns) False False
2025-04-08 22:16:20,828 - [MainProcess:46254] mummi_ras.online.simulation:has_computed_enough:352 - INFO - runtime_hours*0.99 = 0.495 vs delta_time = 0.2841082688172658 (length 18.5 ns) False False
2025-04-08 22:16:22,832 - [MainProcess:46254] mummi_ras.online.simulation:has_computed_enough:352 - INFO - runtime_hours*0.99 = 0.495 vs delta_time = 0.28466483228736456 (length 18.5 ns) False False
2025-04-08 22:16:24,835 - [MainProcess:46254] mummi_ras.online.simulation:has_computed_enough:352 - INFO - runtime_hours*0.99 = 0.495 vs delta_time = 0.285221399863561 (length 18.5 ns) False False
2025-04-08 22:16:26,839 - [MainProcess:46254] mummi_ras.online.simulation:has_computed_enough:352 - INFO - runtime_hours*0.99 = 0.495 vs delta_time = 0.2857779610157013 (length 18.5 ns) False False
2025-04-08 22:16:28,842 - [MainProcess:46254] mummi_ras.online.simulation:has_computed_enough:352 - INFO - runtime_hours*0.99 = 0.495 vs delta_time = 0.2863345162073771 (length 18.5 ns) False False
2025-04-08 22:16:30,846 - [MainProcess:46254] mummi_ras.online.simulation:has_computed_enough:352 - INFO - runtime_hours*0.99 = 0.495 vs delta_time = 0.286891076763471 (length 18.5 ns) False False
2025-04-08 22:16:32,850 - [MainProcess:46254] mummi_ras.online.simulation:has_computed_enough:352 - INFO - runtime_hours*0.99 = 0.495 vs delta_time = 0.2874476355314255 (length 18.5 ns) False False
2025-04-08 22:16:32,882 - [MainProcess:46254] mummi_ras.online.simulation:get_new_frames:399 - INFO - Getting all frame numbers in trajectory from 38 to 38.
2025-04-08 22:16:32,882 - [MainProcess:46254] mummi_ras.online.cg.cganalysis:run_main_analysis:193 - INFO - Process frame 38
2025-04-08 22:16:32,883 - [MainProcess:46254] mummi_ras.online.cg.cganalysis:processFrame:554 - INFO - Load 39 frames: current frame ID /tmp/mummi/cg/structure_iter00_000000000014-20250408_215900/traj_comp.xtc
2025-04-08 22:16:32,890 - [MainProcess:46254] mummi_ras.online.cg.cganalysis:processFrame:580 - INFO - Frame:    38, Time: 19000.000 ps, Bbox = [0, 181.24695, 0, 181.24695]
2025-04-08 22:16:32,890 - [MainProcess:46254] mummi_ras.online.cg.cganalysis:processFrame:584 - INFO - Lengths of layers: 660 32 491
2025-04-08 22:16:32,950 - [MainProcess:46254] mummi_ras.online.cg.cganalysis:processFrame:765 - INFO - Time for analysis - frameNum 38, time 0.06758642196655273 s
2025-04-08 22:16:34,951 - [MainProcess:46254] mummi_ras.online.simulation:has_computed_enough:352 - INFO - runtime_hours*0.99 = 0.495 vs delta_time = 0.2880312528875139 (length 19.0 ns) False False
2025-04-08 22:16:36,955 - [MainProcess:46254] mummi_ras.online.simulation:has_computed_enough:352 - INFO - runtime_hours*0.99 = 0.495 vs delta_time = 0.28858794040150115 (length 19.0 ns) False False
2025-04-08 22:16:38,959 - [MainProcess:46254] mummi_ras.online.simulation:has_computed_enough:352 - INFO - runtime_hours*0.99 = 0.495 vs delta_time = 0.2891445805629094 (length 19.0 ns) False False
2025-04-08 22:16:40,963 - [MainProcess:46254] mummi_ras.online.simulation:has_computed_enough:352 - INFO - runtime_hours*0.99 = 0.495 vs delta_time = 0.2897012232409583 (length 19.0 ns) False False
2025-04-08 22:16:42,966 - [MainProcess:46254] mummi_ras.online.simulation:has_computed_enough:352 - INFO - runtime_hours*0.99 = 0.495 vs delta_time = 0.29025785896513195 (length 19.0 ns) False False
2025-04-08 22:16:44,970 - [MainProcess:46254] mummi_ras.online.simulation:has_computed_enough:352 - INFO - runtime_hours*0.99 = 0.495 vs delta_time = 0.2908144989940855 (length 19.0 ns) False False
2025-04-08 22:16:46,974 - [MainProcess:46254] mummi_ras.online.simulation:has_computed_enough:352 - INFO - runtime_hours*0.99 = 0.495 vs delta_time = 0.29137113604280684 (length 19.0 ns) False False
2025-04-08 22:16:48,978 - [MainProcess:46254] mummi_ras.online.simulation:has_computed_enough:352 - INFO - runtime_hours*0.99 = 0.495 vs delta_time = 0.2919277744160758 (length 19.0 ns) False False
2025-04-08 22:16:50,982 - [MainProcess:46254] mummi_ras.online.simulation:has_computed_enough:352 - INFO - runtime_hours*0.99 = 0.495 vs delta_time = 0.2924844143125746 (length 19.0 ns) False False
2025-04-08 22:16:52,986 - [MainProcess:46254] mummi_ras.online.simulation:has_computed_enough:352 - INFO - runtime_hours*0.99 = 0.495 vs delta_time = 0.29304107454087996 (length 19.0 ns) False False
2025-04-08 22:16:54,990 - [MainProcess:46254] mummi_ras.online.simulation:has_computed_enough:352 - INFO - runtime_hours*0.99 = 0.495 vs delta_time = 0.29359774510065717 (length 19.0 ns) False False
2025-04-08 22:16:56,994 - [MainProcess:46254] mummi_ras.online.simulation:has_computed_enough:352 - INFO - runtime_hours*0.99 = 0.495 vs delta_time = 0.29415442360772026 (length 19.0 ns) False False
2025-04-08 22:16:58,998 - [MainProcess:46254] mummi_ras.online.simulation:has_computed_enough:352 - INFO - runtime_hours*0.99 = 0.495 vs delta_time = 0.29471105966303085 (length 19.0 ns) False False
2025-04-08 22:16:59,030 - [MainProcess:46254] mummi_ras.online.simulation:get_new_frames:399 - INFO - Getting all frame numbers in trajectory from 39 to 39.
2025-04-08 22:16:59,031 - [MainProcess:46254] mummi_ras.online.cg.cganalysis:run_main_analysis:193 - INFO - Process frame 39
2025-04-08 22:16:59,031 - [MainProcess:46254] mummi_ras.online.cg.cganalysis:processFrame:554 - INFO - Load 40 frames: current frame ID /tmp/mummi/cg/structure_iter00_000000000014-20250408_215900/traj_comp.xtc
2025-04-08 22:16:59,038 - [MainProcess:46254] mummi_ras.online.cg.cganalysis:processFrame:580 - INFO - Frame:    39, Time: 19500.000 ps, Bbox = [0, 181.49458, 0, 181.49458]
2025-04-08 22:16:59,038 - [MainProcess:46254] mummi_ras.online.cg.cganalysis:processFrame:584 - INFO - Lengths of layers: 660 37 486
2025-04-08 22:16:59,098 - [MainProcess:46254] mummi_ras.online.cg.cganalysis:processFrame:765 - INFO - Time for analysis - frameNum 39, time 0.06717443466186523 s
2025-04-08 22:17:01,098 - [MainProcess:46254] mummi_ras.online.simulation:has_computed_enough:352 - INFO - runtime_hours*0.99 = 0.495 vs delta_time = 0.29529449548986225 (length 19.5 ns) False False
2025-04-08 22:17:01,102 - [MainProcess:46254] mummi_ras.online.cg.cganalysis:processOutput:92 - INFO - Add feedback for frameNum 30 - state []
2025-04-08 22:17:01,102 - [MainProcess:46254] mummi_ras.online.cg.cganalysis:processOutput:92 - INFO - Add feedback for frameNum 31 - state []
2025-04-08 22:17:01,102 - [MainProcess:46254] mummi_ras.online.cg.cganalysis:processOutput:92 - INFO - Add feedback for frameNum 32 - state []
2025-04-08 22:17:01,103 - [MainProcess:46254] mummi_ras.online.cg.cganalysis:processOutput:92 - INFO - Add feedback for frameNum 33 - state []
2025-04-08 22:17:01,103 - [MainProcess:46254] mummi_ras.online.cg.cganalysis:processOutput:92 - INFO - Add feedback for frameNum 34 - state []
2025-04-08 22:17:01,103 - [MainProcess:46254] mummi_ras.online.cg.cganalysis:processOutput:92 - INFO - Add feedback for frameNum 35 - state []
2025-04-08 22:17:01,103 - [MainProcess:46254] mummi_ras.online.cg.cganalysis:processOutput:92 - INFO - Add feedback for frameNum 36 - state []
2025-04-08 22:17:01,103 - [MainProcess:46254] mummi_ras.online.cg.cganalysis:processOutput:92 - INFO - Add feedback for frameNum 37 - state []
2025-04-08 22:17:01,103 - [MainProcess:46254] mummi_ras.online.cg.cganalysis:processOutput:92 - INFO - Add feedback for frameNum 38 - state []
2025-04-08 22:17:01,103 - [MainProcess:46254] mummi_ras.online.cg.cganalysis:processOutput:92 - INFO - Add feedback for frameNum 39 - state []
2025-04-08 22:17:01,113 - [MainProcess:46254] mummi_core.interfaces.simple:_save_files:91 - INFO - Wrote 10 files to (/p/gpfs1/pottier1/minimummi-sc25/roots/root3/feedback-cg2ml/014)
2025-04-08 22:17:01,113 - [MainProcess:46254] mummi_ras.feedback.feedback_manager_cg2ml:report:118 - INFO - Added 10 frames (from structure_iter00_000000000014) to feedback (/p/gpfs1/pottier1/minimummi-sc25/roots/root3/feedback-cg2ml)
2025-04-08 22:17:01,113 - [MainProcess:46254] mummi_ras.online.cg.cganalysis:processOutput:112 - INFO - processOutput: 39
2025-04-08 22:17:01,113 - [MainProcess:46254] mummi_ras.online.cg.cganalysis:copyRemoteRestart:452 - INFO - Copy to remote frames [30, 31, 32, 33, 34, 35, 36, 37, 38, 39]
2025-04-08 22:17:01,211 - [MainProcess:46254] mummi_core.utils.utilities:sys_call:184 - INFO - Run command: rsync -va --no-g traj_comp.xtc topol.tpr state.cpt ener.edr md.log mdrun.log /p/gpfs1/pottier1/minimummi-sc25/roots/root3/sims-cg/structure_iter00_000000000014 || true
2025-04-08 22:17:01,646 - [MainProcess:46254] mummi_ras.interfaces.mummi:save_analysis_data:253 - INFO - Saved all analysis data for frames [30, 31, 32, 33, 34, 35, 36, 37, 38, 39]
2025-04-08 22:17:01,646 - [MainProcess:46254] mummi_ras.online.cg.cganalysis:copyRemoteLogs:350 - INFO - Copy over log files
2025-04-08 22:17:01,671 - [MainProcess:46254] mummi_core.utils.utilities:sys_call:184 - INFO - Run command: cp -r  /tmp/mummi/cg/structure_iter00_000000000014-20250408_215900/cg_analysis.out /tmp/mummi/cg/structure_iter00_000000000014-20250408_215900/traj_comp.xtc /tmp/mummi/cg/structure_iter00_000000000014-20250408_215900/*.log /p/gpfs1/pottier1/minimummi-sc25/roots/root3/sims-cg/structure_iter00_000000000014/ || true
2025-04-08 22:17:01,672 - [MainProcess:46254] mummi_ras.online.cg.cganalysis:copyRemoteLogs:365 - INFO - copyRemoteLogs =  /tmp/mummi/cg/structure_iter00_000000000014-20250408_215900/cg_analysis.out /tmp/mummi/cg/structure_iter00_000000000014-20250408_215900/traj_comp.xtc /tmp/mummi/cg/structure_iter00_000000000014-20250408_215900/*.log
2025-04-08 22:17:01,672 - [MainProcess:46254] mummi_ras.online.cg.cganalysis:cleanupLocal:375 - WARNING - Copy cleanup local only works for ddcMD files
2025-04-08 22:17:03,672 - [MainProcess:46254] mummi_ras.online.simulation:has_computed_enough:352 - INFO - runtime_hours*0.99 = 0.495 vs delta_time = 0.29600935816764834 (length 19.5 ns) False False
2025-04-08 22:17:05,676 - [MainProcess:46254] mummi_ras.online.simulation:has_computed_enough:352 - INFO - runtime_hours*0.99 = 0.495 vs delta_time = 0.2965659898519516 (length 19.5 ns) False False
2025-04-08 22:17:07,679 - [MainProcess:46254] mummi_ras.online.simulation:has_computed_enough:352 - INFO - runtime_hours*0.99 = 0.495 vs delta_time = 0.29712259948253633 (length 19.5 ns) False False
2025-04-08 22:17:09,683 - [MainProcess:46254] mummi_ras.online.simulation:has_computed_enough:352 - INFO - runtime_hours*0.99 = 0.495 vs delta_time = 0.2976792084508472 (length 19.5 ns) False False
2025-04-08 22:17:11,687 - [MainProcess:46254] mummi_ras.online.simulation:has_computed_enough:352 - INFO - runtime_hours*0.99 = 0.495 vs delta_time = 0.2982358016570409 (length 19.5 ns) False False
2025-04-08 22:17:13,691 - [MainProcess:46254] mummi_ras.online.simulation:has_computed_enough:352 - INFO - runtime_hours*0.99 = 0.495 vs delta_time = 0.29879239545928105 (length 19.5 ns) False False
2025-04-08 22:17:15,695 - [MainProcess:46254] mummi_ras.online.simulation:has_computed_enough:352 - INFO - runtime_hours*0.99 = 0.495 vs delta_time = 0.29934898826811046 (length 19.5 ns) False False
2025-04-08 22:17:17,698 - [MainProcess:46254] mummi_ras.online.simulation:has_computed_enough:352 - INFO - runtime_hours*0.99 = 0.495 vs delta_time = 0.299905588693089 (length 19.5 ns) False False
2025-04-08 22:17:19,702 - [MainProcess:46254] mummi_ras.online.simulation:has_computed_enough:352 - INFO - runtime_hours*0.99 = 0.495 vs delta_time = 0.30046218196551006 (length 19.5 ns) False False
2025-04-08 22:17:21,706 - [MainProcess:46254] mummi_ras.online.simulation:has_computed_enough:352 - INFO - runtime_hours*0.99 = 0.495 vs delta_time = 0.30101878298653495 (length 19.5 ns) False False
2025-04-08 22:17:23,709 - [MainProcess:46254] mummi_ras.online.simulation:has_computed_enough:352 - INFO - runtime_hours*0.99 = 0.495 vs delta_time = 0.3015753740734524 (length 19.5 ns) False False
2025-04-08 22:17:25,713 - [MainProcess:46254] mummi_ras.online.simulation:has_computed_enough:352 - INFO - runtime_hours*0.99 = 0.495 vs delta_time = 0.30213197741243575 (length 19.5 ns) False False
2025-04-08 22:17:27,717 - [MainProcess:46254] mummi_ras.online.simulation:has_computed_enough:352 - INFO - runtime_hours*0.99 = 0.495 vs delta_time = 0.30268858015537264 (length 19.5 ns) False False
2025-04-08 22:17:27,751 - [MainProcess:46254] mummi_ras.online.simulation:get_new_frames:399 - INFO - Getting all frame numbers in trajectory from 40 to 40.
2025-04-08 22:17:27,751 - [MainProcess:46254] mummi_ras.online.cg.cganalysis:run_main_analysis:193 - INFO - Process frame 40
2025-04-08 22:17:27,751 - [MainProcess:46254] mummi_ras.online.cg.cganalysis:processFrame:554 - INFO - Load 41 frames: current frame ID /tmp/mummi/cg/structure_iter00_000000000014-20250408_215900/traj_comp.xtc
2025-04-08 22:17:27,758 - [MainProcess:46254] mummi_ras.online.cg.cganalysis:processFrame:580 - INFO - Frame:    40, Time: 20000.000 ps, Bbox = [0, 179.73021, 0, 179.73021]
2025-04-08 22:17:27,758 - [MainProcess:46254] mummi_ras.online.cg.cganalysis:processFrame:584 - INFO - Lengths of layers: 657 36 490
2025-04-08 22:17:27,818 - [MainProcess:46254] mummi_ras.online.cg.cganalysis:processFrame:765 - INFO - Time for analysis - frameNum 40, time 0.06756377220153809 s
2025-04-08 22:17:29,819 - [MainProcess:46254] mummi_ras.online.simulation:has_computed_enough:352 - INFO - runtime_hours*0.99 = 0.495 vs delta_time = 0.30327240513430703 (length 20.0 ns) False False
2025-04-08 22:17:31,823 - [MainProcess:46254] mummi_ras.online.simulation:has_computed_enough:352 - INFO - runtime_hours*0.99 = 0.495 vs delta_time = 0.30382901085747616 (length 20.0 ns) False False
2025-04-08 22:17:33,826 - [MainProcess:46254] mummi_ras.online.simulation:has_computed_enough:352 - INFO - runtime_hours*0.99 = 0.495 vs delta_time = 0.3043855669763353 (length 20.0 ns) False False
2025-04-08 22:17:35,830 - [MainProcess:46254] mummi_ras.online.simulation:has_computed_enough:352 - INFO - runtime_hours*0.99 = 0.495 vs delta_time = 0.30494212177064683 (length 20.0 ns) False False
2025-04-08 22:17:37,833 - [MainProcess:46254] mummi_ras.online.simulation:has_computed_enough:352 - INFO - runtime_hours*0.99 = 0.495 vs delta_time = 0.30549868755870396 (length 20.0 ns) False False
2025-04-08 22:17:39,837 - [MainProcess:46254] mummi_ras.online.simulation:has_computed_enough:352 - INFO - runtime_hours*0.99 = 0.495 vs delta_time = 0.3060552450683382 (length 20.0 ns) False False
2025-04-08 22:17:41,841 - [MainProcess:46254] mummi_ras.online.simulation:has_computed_enough:352 - INFO - runtime_hours*0.99 = 0.495 vs delta_time = 0.3066118111875322 (length 20.0 ns) False False
2025-04-08 22:17:43,844 - [MainProcess:46254] mummi_ras.online.simulation:has_computed_enough:352 - INFO - runtime_hours*0.99 = 0.495 vs delta_time = 0.307168364127477 (length 20.0 ns) False False
2025-04-08 22:17:45,848 - [MainProcess:46254] mummi_ras.online.simulation:has_computed_enough:352 - INFO - runtime_hours*0.99 = 0.495 vs delta_time = 0.3077249272664388 (length 20.0 ns) False False
2025-04-08 22:17:47,851 - [MainProcess:46254] mummi_ras.online.simulation:has_computed_enough:352 - INFO - runtime_hours*0.99 = 0.495 vs delta_time = 0.308281486497985 (length 20.0 ns) False False
2025-04-08 22:17:49,855 - [MainProcess:46254] mummi_ras.online.simulation:has_computed_enough:352 - INFO - runtime_hours*0.99 = 0.495 vs delta_time = 0.3088380507628123 (length 20.0 ns) False False
2025-04-08 22:17:51,859 - [MainProcess:46254] mummi_ras.online.simulation:has_computed_enough:352 - INFO - runtime_hours*0.99 = 0.495 vs delta_time = 0.30939460350407494 (length 20.0 ns) False False
2025-04-08 22:17:53,862 - [MainProcess:46254] mummi_ras.online.simulation:has_computed_enough:352 - INFO - runtime_hours*0.99 = 0.495 vs delta_time = 0.30995117088158924 (length 20.0 ns) False False
2025-04-08 22:17:54,045 - [MainProcess:46254] mummi_ras.online.simulation:get_new_frames:399 - INFO - Getting all frame numbers in trajectory from 41 to 41.
2025-04-08 22:17:54,045 - [MainProcess:46254] mummi_ras.online.cg.cganalysis:run_main_analysis:193 - INFO - Process frame 41
2025-04-08 22:17:54,045 - [MainProcess:46254] mummi_ras.online.cg.cganalysis:processFrame:554 - INFO - Load 42 frames: current frame ID /tmp/mummi/cg/structure_iter00_000000000014-20250408_215900/traj_comp.xtc
2025-04-08 22:17:54,052 - [MainProcess:46254] mummi_ras.online.cg.cganalysis:processFrame:580 - INFO - Frame:    41, Time: 20500.000 ps, Bbox = [0, 179.39175, 0, 179.39175]
2025-04-08 22:17:54,052 - [MainProcess:46254] mummi_ras.online.cg.cganalysis:processFrame:584 - INFO - Lengths of layers: 658 39 486
2025-04-08 22:17:54,112 - [MainProcess:46254] mummi_ras.online.cg.cganalysis:processFrame:765 - INFO - Time for analysis - frameNum 41, time 0.06709623336791992 s
2025-04-08 22:17:56,112 - [MainProcess:46254] mummi_ras.online.simulation:has_computed_enough:352 - INFO - runtime_hours*0.99 = 0.495 vs delta_time = 0.3105761965778139 (length 20.5 ns) False False
2025-04-08 22:17:58,117 - [MainProcess:46254] mummi_ras.online.simulation:has_computed_enough:352 - INFO - runtime_hours*0.99 = 0.495 vs delta_time = 0.3111328935623169 (length 20.5 ns) False False
2025-04-08 22:18:00,121 - [MainProcess:46254] mummi_ras.online.simulation:has_computed_enough:352 - INFO - runtime_hours*0.99 = 0.495 vs delta_time = 0.3116895670360989 (length 20.5 ns) False False
2025-04-08 22:18:02,125 - [MainProcess:46254] mummi_ras.online.simulation:has_computed_enough:352 - INFO - runtime_hours*0.99 = 0.495 vs delta_time = 0.312246236205101 (length 20.5 ns) False False
2025-04-08 22:18:04,128 - [MainProcess:46254] mummi_ras.online.simulation:has_computed_enough:352 - INFO - runtime_hours*0.99 = 0.495 vs delta_time = 0.3128028708034091 (length 20.5 ns) False False
2025-04-08 22:18:06,132 - [MainProcess:46254] mummi_ras.online.simulation:has_computed_enough:352 - INFO - runtime_hours*0.99 = 0.495 vs delta_time = 0.3133595171901915 (length 20.5 ns) False False
2025-04-08 22:18:08,136 - [MainProcess:46254] mummi_ras.online.simulation:has_computed_enough:352 - INFO - runtime_hours*0.99 = 0.495 vs delta_time = 0.3139161482784483 (length 20.5 ns) False False
2025-04-08 22:18:10,140 - [MainProcess:46254] mummi_ras.online.simulation:has_computed_enough:352 - INFO - runtime_hours*0.99 = 0.495 vs delta_time = 0.3144727861218982 (length 20.5 ns) False False
2025-04-08 22:18:12,144 - [MainProcess:46254] mummi_ras.online.simulation:has_computed_enough:352 - INFO - runtime_hours*0.99 = 0.495 vs delta_time = 0.31502942899862924 (length 20.5 ns) False False
2025-04-08 22:18:14,148 - [MainProcess:46254] mummi_ras.online.simulation:has_computed_enough:352 - INFO - runtime_hours*0.99 = 0.495 vs delta_time = 0.31558606677585177 (length 20.5 ns) False False
2025-04-08 22:18:16,152 - [MainProcess:46254] mummi_ras.online.simulation:has_computed_enough:352 - INFO - runtime_hours*0.99 = 0.495 vs delta_time = 0.31614270574516723 (length 20.5 ns) False False
2025-04-08 22:18:18,156 - [MainProcess:46254] mummi_ras.online.simulation:has_computed_enough:352 - INFO - runtime_hours*0.99 = 0.495 vs delta_time = 0.3166993353764216 (length 20.5 ns) False False
2025-04-08 22:18:20,160 - [MainProcess:46254] mummi_ras.online.simulation:has_computed_enough:352 - INFO - runtime_hours*0.99 = 0.495 vs delta_time = 0.31725597235891556 (length 20.5 ns) False False
2025-04-08 22:18:22,164 - [MainProcess:46254] mummi_ras.online.simulation:has_computed_enough:352 - INFO - runtime_hours*0.99 = 0.495 vs delta_time = 0.3178126100036833 (length 20.5 ns) False False
2025-04-08 22:18:22,196 - [MainProcess:46254] mummi_ras.online.simulation:get_new_frames:399 - INFO - Getting all frame numbers in trajectory from 42 to 42.
2025-04-08 22:18:22,196 - [MainProcess:46254] mummi_ras.online.cg.cganalysis:run_main_analysis:193 - INFO - Process frame 42
2025-04-08 22:18:22,196 - [MainProcess:46254] mummi_ras.online.cg.cganalysis:processFrame:554 - INFO - Load 43 frames: current frame ID /tmp/mummi/cg/structure_iter00_000000000014-20250408_215900/traj_comp.xtc
2025-04-08 22:18:22,203 - [MainProcess:46254] mummi_ras.online.cg.cganalysis:processFrame:580 - INFO - Frame:    42, Time: 21000.000 ps, Bbox = [0, 180.40674, 0, 180.40674]
2025-04-08 22:18:22,203 - [MainProcess:46254] mummi_ras.online.cg.cganalysis:processFrame:584 - INFO - Lengths of layers: 652 44 487
2025-04-08 22:18:22,265 - [MainProcess:46254] mummi_ras.online.cg.cganalysis:processFrame:765 - INFO - Time for analysis - frameNum 42, time 0.06890082359313965 s
2025-04-08 22:18:24,265 - [MainProcess:46254] mummi_ras.online.simulation:has_computed_enough:352 - INFO - runtime_hours*0.99 = 0.495 vs delta_time = 0.3183963751130634 (length 21.0 ns) False False
2025-04-08 22:18:26,269 - [MainProcess:46254] mummi_ras.online.simulation:has_computed_enough:352 - INFO - runtime_hours*0.99 = 0.495 vs delta_time = 0.31895299156506857 (length 21.0 ns) False False
2025-04-08 22:18:28,273 - [MainProcess:46254] mummi_ras.online.simulation:has_computed_enough:352 - INFO - runtime_hours*0.99 = 0.495 vs delta_time = 0.3195095641745461 (length 21.0 ns) False False
2025-04-08 22:18:30,276 - [MainProcess:46254] mummi_ras.online.simulation:has_computed_enough:352 - INFO - runtime_hours*0.99 = 0.495 vs delta_time = 0.32006613824102614 (length 21.0 ns) False False
2025-04-08 22:18:32,280 - [MainProcess:46254] mummi_ras.online.simulation:has_computed_enough:352 - INFO - runtime_hours*0.99 = 0.495 vs delta_time = 0.32062270892990963 (length 21.0 ns) False False
2025-04-08 22:18:34,284 - [MainProcess:46254] mummi_ras.online.simulation:has_computed_enough:352 - INFO - runtime_hours*0.99 = 0.495 vs delta_time = 0.3211792804135217 (length 21.0 ns) False False
2025-04-08 22:18:36,287 - [MainProcess:46254] mummi_ras.online.simulation:has_computed_enough:352 - INFO - runtime_hours*0.99 = 0.495 vs delta_time = 0.32173584712876213 (length 21.0 ns) False False
2025-04-08 22:18:38,291 - [MainProcess:46254] mummi_ras.online.simulation:has_computed_enough:352 - INFO - runtime_hours*0.99 = 0.495 vs delta_time = 0.32229242119524215 (length 21.0 ns) False False
2025-04-08 22:18:40,295 - [MainProcess:46254] mummi_ras.online.simulation:has_computed_enough:352 - INFO - runtime_hours*0.99 = 0.495 vs delta_time = 0.3228489916192161 (length 21.0 ns) False False
2025-04-08 22:18:42,298 - [MainProcess:46254] mummi_ras.online.simulation:has_computed_enough:352 - INFO - runtime_hours*0.99 = 0.495 vs delta_time = 0.32340556455983055 (length 21.0 ns) False False
2025-04-08 22:18:44,302 - [MainProcess:46254] mummi_ras.online.simulation:has_computed_enough:352 - INFO - runtime_hours*0.99 = 0.495 vs delta_time = 0.32396214134163326 (length 21.0 ns) False False
2025-04-08 22:18:46,306 - [MainProcess:46254] mummi_ras.online.simulation:has_computed_enough:352 - INFO - runtime_hours*0.99 = 0.495 vs delta_time = 0.3245187134212918 (length 21.0 ns) False False
2025-04-08 22:18:48,309 - [MainProcess:46254] mummi_ras.online.simulation:has_computed_enough:352 - INFO - runtime_hours*0.99 = 0.495 vs delta_time = 0.3250752754343881 (length 21.0 ns) False False
2025-04-08 22:18:48,343 - [MainProcess:46254] mummi_ras.online.simulation:get_new_frames:399 - INFO - Getting all frame numbers in trajectory from 43 to 43.
2025-04-08 22:18:48,343 - [MainProcess:46254] mummi_ras.online.cg.cganalysis:run_main_analysis:193 - INFO - Process frame 43
2025-04-08 22:18:48,343 - [MainProcess:46254] mummi_ras.online.cg.cganalysis:processFrame:554 - INFO - Load 44 frames: current frame ID /tmp/mummi/cg/structure_iter00_000000000014-20250408_215900/traj_comp.xtc
2025-04-08 22:18:48,350 - [MainProcess:46254] mummi_ras.online.cg.cganalysis:processFrame:580 - INFO - Frame:    43, Time: 21500.000 ps, Bbox = [0, 180.98146, 0, 180.98146]
2025-04-08 22:18:48,350 - [MainProcess:46254] mummi_ras.online.cg.cganalysis:processFrame:584 - INFO - Lengths of layers: 661 38 484
2025-04-08 22:18:48,411 - [MainProcess:46254] mummi_ras.online.cg.cganalysis:processFrame:765 - INFO - Time for analysis - frameNum 43, time 0.06781220436096191 s
2025-04-08 22:18:50,411 - [MainProcess:46254] mummi_ras.online.simulation:has_computed_enough:352 - INFO - runtime_hours*0.99 = 0.495 vs delta_time = 0.32565913445419736 (length 21.5 ns) False False
2025-04-08 22:18:52,415 - [MainProcess:46254] mummi_ras.online.simulation:has_computed_enough:352 - INFO - runtime_hours*0.99 = 0.495 vs delta_time = 0.3262157458729214 (length 21.5 ns) False False
2025-04-08 22:18:54,419 - [MainProcess:46254] mummi_ras.online.simulation:has_computed_enough:352 - INFO - runtime_hours*0.99 = 0.495 vs delta_time = 0.326772325568729 (length 21.5 ns) False False
2025-04-08 22:18:56,422 - [MainProcess:46254] mummi_ras.online.simulation:has_computed_enough:352 - INFO - runtime_hours*0.99 = 0.495 vs delta_time = 0.3273288951979743 (length 21.5 ns) False False
2025-04-08 22:18:58,426 - [MainProcess:46254] mummi_ras.online.simulation:has_computed_enough:352 - INFO - runtime_hours*0.99 = 0.495 vs delta_time = 0.3278854636351268 (length 21.5 ns) False False
2025-04-08 22:19:00,429 - [MainProcess:46254] mummi_ras.online.simulation:has_computed_enough:352 - INFO - runtime_hours*0.99 = 0.495 vs delta_time = 0.32844203571478525 (length 21.5 ns) False False
2025-04-08 22:19:02,433 - [MainProcess:46254] mummi_ras.online.simulation:has_computed_enough:352 - INFO - runtime_hours*0.99 = 0.495 vs delta_time = 0.32899862044387396 (length 21.5 ns) False False
2025-04-08 22:19:04,437 - [MainProcess:46254] mummi_ras.online.simulation:has_computed_enough:352 - INFO - runtime_hours*0.99 = 0.495 vs delta_time = 0.3295552155044344 (length 21.5 ns) False False
2025-04-08 22:19:06,441 - [MainProcess:46254] mummi_ras.online.simulation:has_computed_enough:352 - INFO - runtime_hours*0.99 = 0.495 vs delta_time = 0.330111822353469 (length 21.5 ns) False False
2025-04-08 22:19:08,444 - [MainProcess:46254] mummi_ras.online.simulation:has_computed_enough:352 - INFO - runtime_hours*0.99 = 0.495 vs delta_time = 0.330668390194575 (length 21.5 ns) False False
2025-04-08 22:19:10,448 - [MainProcess:46254] mummi_ras.online.simulation:has_computed_enough:352 - INFO - runtime_hours*0.99 = 0.495 vs delta_time = 0.3312249597575929 (length 21.5 ns) False False
2025-04-08 22:19:12,452 - [MainProcess:46254] mummi_ras.online.simulation:has_computed_enough:352 - INFO - runtime_hours*0.99 = 0.495 vs delta_time = 0.33178152865833704 (length 21.5 ns) False False
2025-04-08 22:19:14,455 - [MainProcess:46254] mummi_ras.online.simulation:has_computed_enough:352 - INFO - runtime_hours*0.99 = 0.495 vs delta_time = 0.33233809663189784 (length 21.5 ns) False False
2025-04-08 22:19:16,459 - [MainProcess:46254] mummi_ras.online.simulation:has_computed_enough:352 - INFO - runtime_hours*0.99 = 0.495 vs delta_time = 0.332894662088818 (length 21.5 ns) False False
2025-04-08 22:19:16,492 - [MainProcess:46254] mummi_ras.online.simulation:get_new_frames:399 - INFO - Getting all frame numbers in trajectory from 44 to 44.
2025-04-08 22:19:16,492 - [MainProcess:46254] mummi_ras.online.cg.cganalysis:run_main_analysis:193 - INFO - Process frame 44
2025-04-08 22:19:16,492 - [MainProcess:46254] mummi_ras.online.cg.cganalysis:processFrame:554 - INFO - Load 45 frames: current frame ID /tmp/mummi/cg/structure_iter00_000000000014-20250408_215900/traj_comp.xtc
2025-04-08 22:19:16,499 - [MainProcess:46254] mummi_ras.online.cg.cganalysis:processFrame:580 - INFO - Frame:    44, Time: 22000.000 ps, Bbox = [0, 179.33272, 0, 179.33272]
2025-04-08 22:19:16,499 - [MainProcess:46254] mummi_ras.online.cg.cganalysis:processFrame:584 - INFO - Lengths of layers: 658 34 491
2025-04-08 22:19:16,560 - [MainProcess:46254] mummi_ras.online.cg.cganalysis:processFrame:765 - INFO - Time for analysis - frameNum 44, time 0.06828141212463379 s
2025-04-08 22:19:18,561 - [MainProcess:46254] mummi_ras.online.simulation:has_computed_enough:352 - INFO - runtime_hours*0.99 = 0.495 vs delta_time = 0.3334784769349628 (length 22.0 ns) False False
2025-04-08 22:19:20,565 - [MainProcess:46254] mummi_ras.online.simulation:has_computed_enough:352 - INFO - runtime_hours*0.99 = 0.495 vs delta_time = 0.3340351645151774 (length 22.0 ns) False False
2025-04-08 22:19:22,569 - [MainProcess:46254] mummi_ras.online.simulation:has_computed_enough:352 - INFO - runtime_hours*0.99 = 0.495 vs delta_time = 0.33459180838531916 (length 22.0 ns) False False
2025-04-08 22:19:24,573 - [MainProcess:46254] mummi_ras.online.simulation:has_computed_enough:352 - INFO - runtime_hours*0.99 = 0.495 vs delta_time = 0.3351484509971407 (length 22.0 ns) False False
2025-04-08 22:19:26,576 - [MainProcess:46254] mummi_ras.online.simulation:has_computed_enough:352 - INFO - runtime_hours*0.99 = 0.495 vs delta_time = 0.33570508950286443 (length 22.0 ns) False False
2025-04-08 22:19:28,580 - [MainProcess:46254] mummi_ras.online.simulation:has_computed_enough:352 - INFO - runtime_hours*0.99 = 0.495 vs delta_time = 0.33626171363724605 (length 22.0 ns) False False
2025-04-08 22:19:30,584 - [MainProcess:46254] mummi_ras.online.simulation:has_computed_enough:352 - INFO - runtime_hours*0.99 = 0.495 vs delta_time = 0.3368183532688353 (length 22.0 ns) False False
2025-04-08 22:19:32,588 - [MainProcess:46254] mummi_ras.online.simulation:has_computed_enough:352 - INFO - runtime_hours*0.99 = 0.495 vs delta_time = 0.3373749848206838 (length 22.0 ns) False False
2025-04-08 22:19:34,592 - [MainProcess:46254] mummi_ras.online.simulation:has_computed_enough:352 - INFO - runtime_hours*0.99 = 0.495 vs delta_time = 0.33793162557813855 (length 22.0 ns) False False
2025-04-08 22:19:36,596 - [MainProcess:46254] mummi_ras.online.simulation:has_computed_enough:352 - INFO - runtime_hours*0.99 = 0.495 vs delta_time = 0.3384882630242242 (length 22.0 ns) False False
2025-04-08 22:19:38,600 - [MainProcess:46254] mummi_ras.online.simulation:has_computed_enough:352 - INFO - runtime_hours*0.99 = 0.495 vs delta_time = 0.3390448985497157 (length 22.0 ns) False False
2025-04-08 22:19:40,604 - [MainProcess:46254] mummi_ras.online.simulation:has_computed_enough:352 - INFO - runtime_hours*0.99 = 0.495 vs delta_time = 0.33960153851244185 (length 22.0 ns) False False
2025-04-08 22:19:42,608 - [MainProcess:46254] mummi_ras.online.simulation:has_computed_enough:352 - INFO - runtime_hours*0.99 = 0.495 vs delta_time = 0.34015817569361795 (length 22.0 ns) False False
2025-04-08 22:19:42,640 - [MainProcess:46254] mummi_ras.online.simulation:get_new_frames:399 - INFO - Getting all frame numbers in trajectory from 45 to 45.
2025-04-08 22:19:42,640 - [MainProcess:46254] mummi_ras.online.cg.cganalysis:run_main_analysis:193 - INFO - Process frame 45
2025-04-08 22:19:42,640 - [MainProcess:46254] mummi_ras.online.cg.cganalysis:processFrame:554 - INFO - Load 46 frames: current frame ID /tmp/mummi/cg/structure_iter00_000000000014-20250408_215900/traj_comp.xtc
2025-04-08 22:19:42,647 - [MainProcess:46254] mummi_ras.online.cg.cganalysis:processFrame:580 - INFO - Frame:    45, Time: 22500.000 ps, Bbox = [0, 180.88504, 0, 180.88504]
2025-04-08 22:19:42,647 - [MainProcess:46254] mummi_ras.online.cg.cganalysis:processFrame:584 - INFO - Lengths of layers: 659 36 488
2025-04-08 22:19:42,708 - [MainProcess:46254] mummi_ras.online.cg.cganalysis:processFrame:765 - INFO - Time for analysis - frameNum 45, time 0.06792116165161133 s
2025-04-08 22:19:44,709 - [MainProcess:46254] mummi_ras.online.simulation:has_computed_enough:352 - INFO - runtime_hours*0.99 = 0.495 vs delta_time = 0.34074185139603086 (length 22.5 ns) False False
2025-04-08 22:19:46,713 - [MainProcess:46254] mummi_ras.online.simulation:has_computed_enough:352 - INFO - runtime_hours*0.99 = 0.495 vs delta_time = 0.34129848884211644 (length 22.5 ns) False False
2025-04-08 22:19:48,716 - [MainProcess:46254] mummi_ras.online.simulation:has_computed_enough:352 - INFO - runtime_hours*0.99 = 0.495 vs delta_time = 0.34185507747862076 (length 22.5 ns) False False
2025-04-08 22:19:50,720 - [MainProcess:46254] mummi_ras.online.simulation:has_computed_enough:352 - INFO - runtime_hours*0.99 = 0.495 vs delta_time = 0.34241166982385846 (length 22.5 ns) False False
2025-04-08 22:19:52,724 - [MainProcess:46254] mummi_ras.online.simulation:has_computed_enough:352 - INFO - runtime_hours*0.99 = 0.495 vs delta_time = 0.34296826594405705 (length 22.5 ns) False False
2025-04-08 22:19:54,728 - [MainProcess:46254] mummi_ras.online.simulation:has_computed_enough:352 - INFO - runtime_hours*0.99 = 0.495 vs delta_time = 0.3435248573621114 (length 22.5 ns) False False
2025-04-08 22:19:56,731 - [MainProcess:46254] mummi_ras.online.simulation:has_computed_enough:352 - INFO - runtime_hours*0.99 = 0.495 vs delta_time = 0.3440814522902171 (length 22.5 ns) False False
2025-04-08 22:19:58,735 - [MainProcess:46254] mummi_ras.online.simulation:has_computed_enough:352 - INFO - runtime_hours*0.99 = 0.495 vs delta_time = 0.34463804682095844 (length 22.5 ns) False False
2025-04-08 22:20:00,739 - [MainProcess:46254] mummi_ras.online.simulation:has_computed_enough:352 - INFO - runtime_hours*0.99 = 0.495 vs delta_time = 0.34519463777542114 (length 22.5 ns) False False
2025-04-08 22:20:02,743 - [MainProcess:46254] mummi_ras.online.simulation:has_computed_enough:352 - INFO - runtime_hours*0.99 = 0.495 vs delta_time = 0.3457512265443802 (length 22.5 ns) False False
2025-04-08 22:20:04,746 - [MainProcess:46254] mummi_ras.online.simulation:has_computed_enough:352 - INFO - runtime_hours*0.99 = 0.495 vs delta_time = 0.3463078184922536 (length 22.5 ns) False False
2025-04-08 22:20:06,750 - [MainProcess:46254] mummi_ras.online.simulation:has_computed_enough:352 - INFO - runtime_hours*0.99 = 0.495 vs delta_time = 0.34686440818839603 (length 22.5 ns) False False
2025-04-08 22:20:08,754 - [MainProcess:46254] mummi_ras.online.simulation:has_computed_enough:352 - INFO - runtime_hours*0.99 = 0.495 vs delta_time = 0.34742102570003935 (length 22.5 ns) False False
2025-04-08 22:20:10,758 - [MainProcess:46254] mummi_ras.online.simulation:has_computed_enough:352 - INFO - runtime_hours*0.99 = 0.495 vs delta_time = 0.34797765327824487 (length 22.5 ns) False False
2025-04-08 22:20:10,791 - [MainProcess:46254] mummi_ras.online.simulation:get_new_frames:399 - INFO - Getting all frame numbers in trajectory from 46 to 46.
2025-04-08 22:20:10,791 - [MainProcess:46254] mummi_ras.online.cg.cganalysis:run_main_analysis:193 - INFO - Process frame 46
2025-04-08 22:20:10,791 - [MainProcess:46254] mummi_ras.online.cg.cganalysis:processFrame:554 - INFO - Load 47 frames: current frame ID /tmp/mummi/cg/structure_iter00_000000000014-20250408_215900/traj_comp.xtc
2025-04-08 22:20:10,798 - [MainProcess:46254] mummi_ras.online.cg.cganalysis:processFrame:580 - INFO - Frame:    46, Time: 23000.000 ps, Bbox = [0, 180.31235, 0, 180.31235]
2025-04-08 22:20:10,798 - [MainProcess:46254] mummi_ras.online.cg.cganalysis:processFrame:584 - INFO - Lengths of layers: 657 34 492
2025-04-08 22:20:10,859 - [MainProcess:46254] mummi_ras.online.cg.cganalysis:processFrame:765 - INFO - Time for analysis - frameNum 46, time 0.06772899627685547 s
2025-04-08 22:20:12,859 - [MainProcess:46254] mummi_ras.online.simulation:has_computed_enough:352 - INFO - runtime_hours*0.99 = 0.495 vs delta_time = 0.3485614640182919 (length 23.0 ns) False False
2025-04-08 22:20:14,863 - [MainProcess:46254] mummi_ras.online.simulation:has_computed_enough:352 - INFO - runtime_hours*0.99 = 0.495 vs delta_time = 0.3491180744436052 (length 23.0 ns) False False
2025-04-08 22:20:16,867 - [MainProcess:46254] mummi_ras.online.simulation:has_computed_enough:352 - INFO - runtime_hours*0.99 = 0.495 vs delta_time = 0.34967464447021485 (length 23.0 ns) False False
2025-04-08 22:20:18,870 - [MainProcess:46254] mummi_ras.online.simulation:has_computed_enough:352 - INFO - runtime_hours*0.99 = 0.495 vs delta_time = 0.350231202310986 (length 23.0 ns) False False
2025-04-08 22:20:20,874 - [MainProcess:46254] mummi_ras.online.simulation:has_computed_enough:352 - INFO - runtime_hours*0.99 = 0.495 vs delta_time = 0.35078776829772523 (length 23.0 ns) False False
2025-04-08 22:20:22,878 - [MainProcess:46254] mummi_ras.online.simulation:has_computed_enough:352 - INFO - runtime_hours*0.99 = 0.495 vs delta_time = 0.35134432832400003 (length 23.0 ns) False False
2025-04-08 22:20:24,881 - [MainProcess:46254] mummi_ras.online.simulation:has_computed_enough:352 - INFO - runtime_hours*0.99 = 0.495 vs delta_time = 0.3519008847739961 (length 23.0 ns) False False
2025-04-08 22:20:26,885 - [MainProcess:46254] mummi_ras.online.simulation:has_computed_enough:352 - INFO - runtime_hours*0.99 = 0.495 vs delta_time = 0.3524574455287721 (length 23.0 ns) False False
2025-04-08 22:20:28,889 - [MainProcess:46254] mummi_ras.online.simulation:has_computed_enough:352 - INFO - runtime_hours*0.99 = 0.495 vs delta_time = 0.3530139963494407 (length 23.0 ns) False False
2025-04-08 22:20:30,892 - [MainProcess:46254] mummi_ras.online.simulation:has_computed_enough:352 - INFO - runtime_hours*0.99 = 0.495 vs delta_time = 0.3535705578327179 (length 23.0 ns) False False
2025-04-08 22:20:32,896 - [MainProcess:46254] mummi_ras.online.simulation:has_computed_enough:352 - INFO - runtime_hours*0.99 = 0.495 vs delta_time = 0.3541271128257116 (length 23.0 ns) False False
2025-04-08 22:20:34,899 - [MainProcess:46254] mummi_ras.online.simulation:has_computed_enough:352 - INFO - runtime_hours*0.99 = 0.495 vs delta_time = 0.35468367060025535 (length 23.0 ns) False False
2025-04-08 22:20:36,903 - [MainProcess:46254] mummi_ras.online.simulation:has_computed_enough:352 - INFO - runtime_hours*0.99 = 0.495 vs delta_time = 0.35524023426903617 (length 23.0 ns) False False
2025-04-08 22:20:36,936 - [MainProcess:46254] mummi_ras.online.simulation:get_new_frames:399 - INFO - Getting all frame numbers in trajectory from 47 to 47.
2025-04-08 22:20:36,936 - [MainProcess:46254] mummi_ras.online.cg.cganalysis:run_main_analysis:193 - INFO - Process frame 47
2025-04-08 22:20:36,936 - [MainProcess:46254] mummi_ras.online.cg.cganalysis:processFrame:554 - INFO - Load 48 frames: current frame ID /tmp/mummi/cg/structure_iter00_000000000014-20250408_215900/traj_comp.xtc
2025-04-08 22:20:36,943 - [MainProcess:46254] mummi_ras.online.cg.cganalysis:processFrame:580 - INFO - Frame:    47, Time: 23500.000 ps, Bbox = [0, 181.01302, 0, 181.01302]
2025-04-08 22:20:36,943 - [MainProcess:46254] mummi_ras.online.cg.cganalysis:processFrame:584 - INFO - Lengths of layers: 660 34 489
2025-04-08 22:20:37,004 - [MainProcess:46254] mummi_ras.online.cg.cganalysis:processFrame:765 - INFO - Time for analysis - frameNum 47, time 0.06766915321350098 s
2025-04-08 22:20:39,004 - [MainProcess:46254] mummi_ras.online.simulation:has_computed_enough:352 - INFO - runtime_hours*0.99 = 0.495 vs delta_time = 0.3558239065276252 (length 23.5 ns) False False
2025-04-08 22:20:41,008 - [MainProcess:46254] mummi_ras.online.simulation:has_computed_enough:352 - INFO - runtime_hours*0.99 = 0.495 vs delta_time = 0.3563805913262897 (length 23.5 ns) False False
2025-04-08 22:20:43,012 - [MainProcess:46254] mummi_ras.online.simulation:has_computed_enough:352 - INFO - runtime_hours*0.99 = 0.495 vs delta_time = 0.3569372334745195 (length 23.5 ns) False False
2025-04-08 22:20:45,016 - [MainProcess:46254] mummi_ras.online.simulation:has_computed_enough:352 - INFO - runtime_hours*0.99 = 0.495 vs delta_time = 0.35749387356970047 (length 23.5 ns) False False
2025-04-08 22:20:47,020 - [MainProcess:46254] mummi_ras.online.simulation:has_computed_enough:352 - INFO - runtime_hours*0.99 = 0.495 vs delta_time = 0.3580505120091968 (length 23.5 ns) False False
2025-04-08 22:20:49,024 - [MainProcess:46254] mummi_ras.online.simulation:has_computed_enough:352 - INFO - runtime_hours*0.99 = 0.495 vs delta_time = 0.3586071507136027 (length 23.5 ns) False False
2025-04-08 22:20:51,028 - [MainProcess:46254] mummi_ras.online.simulation:has_computed_enough:352 - INFO - runtime_hours*0.99 = 0.495 vs delta_time = 0.3591637799474928 (length 23.5 ns) False False
2025-04-08 22:20:53,032 - [MainProcess:46254] mummi_ras.online.simulation:has_computed_enough:352 - INFO - runtime_hours*0.99 = 0.495 vs delta_time = 0.3597204104397032 (length 23.5 ns) False False
2025-04-08 22:20:55,035 - [MainProcess:46254] mummi_ras.online.simulation:has_computed_enough:352 - INFO - runtime_hours*0.99 = 0.495 vs delta_time = 0.3602770412630505 (length 23.5 ns) False False
2025-04-08 22:20:57,039 - [MainProcess:46254] mummi_ras.online.simulation:has_computed_enough:352 - INFO - runtime_hours*0.99 = 0.495 vs delta_time = 0.3608336792389552 (length 23.5 ns) False False
2025-04-08 22:20:59,043 - [MainProcess:46254] mummi_ras.online.simulation:has_computed_enough:352 - INFO - runtime_hours*0.99 = 0.495 vs delta_time = 0.36139031310876213 (length 23.5 ns) False False
2025-04-08 22:21:01,047 - [MainProcess:46254] mummi_ras.online.simulation:has_computed_enough:352 - INFO - runtime_hours*0.99 = 0.495 vs delta_time = 0.3619469496276643 (length 23.5 ns) False False
2025-04-08 22:21:03,051 - [MainProcess:46254] mummi_ras.online.simulation:has_computed_enough:352 - INFO - runtime_hours*0.99 = 0.495 vs delta_time = 0.3625035826365153 (length 23.5 ns) False False
2025-04-08 22:21:05,055 - [MainProcess:46254] mummi_ras.online.simulation:has_computed_enough:352 - INFO - runtime_hours*0.99 = 0.495 vs delta_time = 0.36306021796332466 (length 23.5 ns) False False
2025-04-08 22:21:05,200 - [MainProcess:46254] mummi_ras.online.simulation:get_new_frames:399 - INFO - Getting all frame numbers in trajectory from 48 to 48.
2025-04-08 22:21:05,200 - [MainProcess:46254] mummi_ras.online.cg.cganalysis:run_main_analysis:193 - INFO - Process frame 48
2025-04-08 22:21:05,200 - [MainProcess:46254] mummi_ras.online.cg.cganalysis:processFrame:554 - INFO - Load 49 frames: current frame ID /tmp/mummi/cg/structure_iter00_000000000014-20250408_215900/traj_comp.xtc
2025-04-08 22:21:05,207 - [MainProcess:46254] mummi_ras.online.cg.cganalysis:processFrame:580 - INFO - Frame:    48, Time: 24000.000 ps, Bbox = [0, 180.52629, 0, 180.52629]
2025-04-08 22:21:05,207 - [MainProcess:46254] mummi_ras.online.cg.cganalysis:processFrame:584 - INFO - Lengths of layers: 661 37 485
2025-04-08 22:21:05,267 - [MainProcess:46254] mummi_ras.online.cg.cganalysis:processFrame:765 - INFO - Time for analysis - frameNum 48, time 0.06707572937011719 s
2025-04-08 22:21:07,267 - [MainProcess:46254] mummi_ras.online.simulation:has_computed_enough:352 - INFO - runtime_hours*0.99 = 0.495 vs delta_time = 0.36367481569449106 (length 24.0 ns) False False
2025-04-08 22:21:09,271 - [MainProcess:46254] mummi_ras.online.simulation:has_computed_enough:352 - INFO - runtime_hours*0.99 = 0.495 vs delta_time = 0.3642314295636283 (length 24.0 ns) False False
2025-04-08 22:21:11,275 - [MainProcess:46254] mummi_ras.online.simulation:has_computed_enough:352 - INFO - runtime_hours*0.99 = 0.495 vs delta_time = 0.36478801177607645 (length 24.0 ns) False False
2025-04-08 22:21:13,279 - [MainProcess:46254] mummi_ras.online.simulation:has_computed_enough:352 - INFO - runtime_hours*0.99 = 0.495 vs delta_time = 0.3653446005450355 (length 24.0 ns) False False
2025-04-08 22:21:15,282 - [MainProcess:46254] mummi_ras.online.simulation:has_computed_enough:352 - INFO - runtime_hours*0.99 = 0.495 vs delta_time = 0.365901199777921 (length 24.0 ns) False False
2025-04-08 22:21:17,286 - [MainProcess:46254] mummi_ras.online.simulation:has_computed_enough:352 - INFO - runtime_hours*0.99 = 0.495 vs delta_time = 0.36645778748724195 (length 24.0 ns) False False
2025-04-08 22:21:19,290 - [MainProcess:46254] mummi_ras.online.simulation:has_computed_enough:352 - INFO - runtime_hours*0.99 = 0.495 vs delta_time = 0.3670143472486072 (length 24.0 ns) False False
2025-04-08 22:21:21,293 - [MainProcess:46254] mummi_ras.online.simulation:has_computed_enough:352 - INFO - runtime_hours*0.99 = 0.495 vs delta_time = 0.36757091489103105 (length 24.0 ns) False False
2025-04-08 22:21:23,297 - [MainProcess:46254] mummi_ras.online.simulation:has_computed_enough:352 - INFO - runtime_hours*0.99 = 0.495 vs delta_time = 0.36812747286425695 (length 24.0 ns) False False
2025-04-08 22:21:25,301 - [MainProcess:46254] mummi_ras.online.simulation:has_computed_enough:352 - INFO - runtime_hours*0.99 = 0.495 vs delta_time = 0.368684035870764 (length 24.0 ns) False False
2025-04-08 22:21:27,304 - [MainProcess:46254] mummi_ras.online.simulation:has_computed_enough:352 - INFO - runtime_hours*0.99 = 0.495 vs delta_time = 0.36924060040050083 (length 24.0 ns) False False
2025-04-08 22:21:29,308 - [MainProcess:46254] mummi_ras.online.simulation:has_computed_enough:352 - INFO - runtime_hours*0.99 = 0.495 vs delta_time = 0.3697971656587389 (length 24.0 ns) False False
2025-04-08 22:21:31,312 - [MainProcess:46254] mummi_ras.online.simulation:has_computed_enough:352 - INFO - runtime_hours*0.99 = 0.495 vs delta_time = 0.3703537231683731 (length 24.0 ns) False False
2025-04-08 22:21:31,345 - [MainProcess:46254] mummi_ras.online.simulation:get_new_frames:399 - INFO - Getting all frame numbers in trajectory from 49 to 49.
2025-04-08 22:21:31,345 - [MainProcess:46254] mummi_ras.online.cg.cganalysis:run_main_analysis:193 - INFO - Process frame 49
2025-04-08 22:21:31,345 - [MainProcess:46254] mummi_ras.online.cg.cganalysis:processFrame:554 - INFO - Load 50 frames: current frame ID /tmp/mummi/cg/structure_iter00_000000000014-20250408_215900/traj_comp.xtc
2025-04-08 22:21:31,352 - [MainProcess:46254] mummi_ras.online.cg.cganalysis:processFrame:580 - INFO - Frame:    49, Time: 24500.000 ps, Bbox = [0, 181.14438, 0, 181.14438]
2025-04-08 22:21:31,352 - [MainProcess:46254] mummi_ras.online.cg.cganalysis:processFrame:584 - INFO - Lengths of layers: 662 31 490
2025-04-08 22:21:31,412 - [MainProcess:46254] mummi_ras.online.cg.cganalysis:processFrame:765 - INFO - Time for analysis - frameNum 49, time 0.06727766990661621 s
2025-04-08 22:21:33,413 - [MainProcess:46254] mummi_ras.online.simulation:has_computed_enough:352 - INFO - runtime_hours*0.99 = 0.495 vs delta_time = 0.3709374179442724 (length 24.5 ns) False False
2025-04-08 22:21:33,417 - [MainProcess:46254] mummi_ras.online.cg.cganalysis:processOutput:92 - INFO - Add feedback for frameNum 40 - state []
2025-04-08 22:21:33,417 - [MainProcess:46254] mummi_ras.online.cg.cganalysis:processOutput:92 - INFO - Add feedback for frameNum 41 - state []
2025-04-08 22:21:33,417 - [MainProcess:46254] mummi_ras.online.cg.cganalysis:processOutput:92 - INFO - Add feedback for frameNum 42 - state []
2025-04-08 22:21:33,417 - [MainProcess:46254] mummi_ras.online.cg.cganalysis:processOutput:92 - INFO - Add feedback for frameNum 43 - state []
2025-04-08 22:21:33,417 - [MainProcess:46254] mummi_ras.online.cg.cganalysis:processOutput:92 - INFO - Add feedback for frameNum 44 - state []
2025-04-08 22:21:33,417 - [MainProcess:46254] mummi_ras.online.cg.cganalysis:processOutput:92 - INFO - Add feedback for frameNum 45 - state []
2025-04-08 22:21:33,417 - [MainProcess:46254] mummi_ras.online.cg.cganalysis:processOutput:92 - INFO - Add feedback for frameNum 46 - state []
2025-04-08 22:21:33,417 - [MainProcess:46254] mummi_ras.online.cg.cganalysis:processOutput:92 - INFO - Add feedback for frameNum 47 - state []
2025-04-08 22:21:33,417 - [MainProcess:46254] mummi_ras.online.cg.cganalysis:processOutput:92 - INFO - Add feedback for frameNum 48 - state []
2025-04-08 22:21:33,418 - [MainProcess:46254] mummi_ras.online.cg.cganalysis:processOutput:92 - INFO - Add feedback for frameNum 49 - state []
2025-04-08 22:21:33,429 - [MainProcess:46254] mummi_core.interfaces.simple:_save_files:91 - INFO - Wrote 10 files to (/p/gpfs1/pottier1/minimummi-sc25/roots/root3/feedback-cg2ml/014)
2025-04-08 22:21:33,429 - [MainProcess:46254] mummi_ras.feedback.feedback_manager_cg2ml:report:118 - INFO - Added 10 frames (from structure_iter00_000000000014) to feedback (/p/gpfs1/pottier1/minimummi-sc25/roots/root3/feedback-cg2ml)
2025-04-08 22:21:33,430 - [MainProcess:46254] mummi_ras.online.cg.cganalysis:processOutput:112 - INFO - processOutput: 49
2025-04-08 22:21:33,430 - [MainProcess:46254] mummi_ras.online.cg.cganalysis:copyRemoteRestart:452 - INFO - Copy to remote frames [40, 41, 42, 43, 44, 45, 46, 47, 48, 49]
2025-04-08 22:21:33,527 - [MainProcess:46254] mummi_core.utils.utilities:sys_call:184 - INFO - Run command: rsync -va --no-g traj_comp.xtc topol.tpr state.cpt ener.edr md.log mdrun.log /p/gpfs1/pottier1/minimummi-sc25/roots/root3/sims-cg/structure_iter00_000000000014 || true
2025-04-08 22:21:33,970 - [MainProcess:46254] mummi_ras.interfaces.mummi:save_analysis_data:253 - INFO - Saved all analysis data for frames [40, 41, 42, 43, 44, 45, 46, 47, 48, 49]
2025-04-08 22:21:33,971 - [MainProcess:46254] mummi_ras.online.cg.cganalysis:copyRemoteLogs:350 - INFO - Copy over log files
2025-04-08 22:21:33,997 - [MainProcess:46254] mummi_core.utils.utilities:sys_call:184 - INFO - Run command: cp -r  /tmp/mummi/cg/structure_iter00_000000000014-20250408_215900/cg_analysis.out /tmp/mummi/cg/structure_iter00_000000000014-20250408_215900/traj_comp.xtc /tmp/mummi/cg/structure_iter00_000000000014-20250408_215900/*.log /p/gpfs1/pottier1/minimummi-sc25/roots/root3/sims-cg/structure_iter00_000000000014/ || true
2025-04-08 22:21:33,998 - [MainProcess:46254] mummi_ras.online.cg.cganalysis:copyRemoteLogs:365 - INFO - copyRemoteLogs =  /tmp/mummi/cg/structure_iter00_000000000014-20250408_215900/cg_analysis.out /tmp/mummi/cg/structure_iter00_000000000014-20250408_215900/traj_comp.xtc /tmp/mummi/cg/structure_iter00_000000000014-20250408_215900/*.log
2025-04-08 22:21:33,998 - [MainProcess:46254] mummi_ras.online.cg.cganalysis:cleanupLocal:375 - WARNING - Copy cleanup local only works for ddcMD files
2025-04-08 22:21:35,998 - [MainProcess:46254] mummi_ras.online.simulation:has_computed_enough:352 - INFO - runtime_hours*0.99 = 0.495 vs delta_time = 0.3716554954316881 (length 24.5 ns) False False
2025-04-08 22:21:38,004 - [MainProcess:46254] mummi_ras.online.simulation:has_computed_enough:352 - INFO - runtime_hours*0.99 = 0.495 vs delta_time = 0.3722128262784746 (length 24.5 ns) False False
2025-04-08 22:21:40,010 - [MainProcess:46254] mummi_ras.online.simulation:has_computed_enough:352 - INFO - runtime_hours*0.99 = 0.495 vs delta_time = 0.3727700920237435 (length 24.5 ns) False False
2025-04-08 22:21:42,017 - [MainProcess:46254] mummi_ras.online.simulation:has_computed_enough:352 - INFO - runtime_hours*0.99 = 0.495 vs delta_time = 0.3733274002869924 (length 24.5 ns) False False
2025-04-08 22:21:44,023 - [MainProcess:46254] mummi_ras.online.simulation:has_computed_enough:352 - INFO - runtime_hours*0.99 = 0.495 vs delta_time = 0.37388472417990365 (length 24.5 ns) False False
2025-04-08 22:21:46,030 - [MainProcess:46254] mummi_ras.online.simulation:has_computed_enough:352 - INFO - runtime_hours*0.99 = 0.495 vs delta_time = 0.3744420785374112 (length 24.5 ns) False False
2025-04-08 22:21:48,036 - [MainProcess:46254] mummi_ras.online.simulation:has_computed_enough:352 - INFO - runtime_hours*0.99 = 0.495 vs delta_time = 0.3749993909729852 (length 24.5 ns) False False
2025-04-08 22:21:50,042 - [MainProcess:46254] mummi_ras.online.simulation:has_computed_enough:352 - INFO - runtime_hours*0.99 = 0.495 vs delta_time = 0.37555659936534036 (length 24.5 ns) False False
2025-04-08 22:21:52,048 - [MainProcess:46254] mummi_ras.online.simulation:has_computed_enough:352 - INFO - runtime_hours*0.99 = 0.495 vs delta_time = 0.3761139473650191 (length 24.5 ns) False False
2025-04-08 22:21:54,055 - [MainProcess:46254] mummi_ras.online.simulation:has_computed_enough:352 - INFO - runtime_hours*0.99 = 0.495 vs delta_time = 0.37667128238413067 (length 24.5 ns) False False
2025-04-08 22:21:56,061 - [MainProcess:46254] mummi_ras.online.simulation:has_computed_enough:352 - INFO - runtime_hours*0.99 = 0.495 vs delta_time = 0.3772286248869366 (length 24.5 ns) False False
2025-04-08 22:21:58,068 - [MainProcess:46254] mummi_ras.online.simulation:has_computed_enough:352 - INFO - runtime_hours*0.99 = 0.495 vs delta_time = 0.37778596103191375 (length 24.5 ns) False False
2025-04-08 22:21:58,112 - [MainProcess:46254] mummi_ras.online.simulation:get_new_frames:399 - INFO - Getting all frame numbers in trajectory from 50 to 50.
2025-04-08 22:21:58,112 - [MainProcess:46254] mummi_ras.online.cg.cganalysis:run_main_analysis:193 - INFO - Process frame 50
2025-04-08 22:21:58,112 - [MainProcess:46254] mummi_ras.online.cg.cganalysis:processFrame:554 - INFO - Load 51 frames: current frame ID /tmp/mummi/cg/structure_iter00_000000000014-20250408_215900/traj_comp.xtc
2025-04-08 22:21:58,119 - [MainProcess:46254] mummi_ras.online.cg.cganalysis:processFrame:580 - INFO - Frame:    50, Time: 25000.000 ps, Bbox = [0, 181.05789, 0, 181.05789]
2025-04-08 22:21:58,119 - [MainProcess:46254] mummi_ras.online.cg.cganalysis:processFrame:584 - INFO - Lengths of layers: 663 31 489
2025-04-08 22:21:58,182 - [MainProcess:46254] mummi_ras.online.cg.cganalysis:processFrame:765 - INFO - Time for analysis - frameNum 50, time 0.06957626342773438 s
2025-04-08 22:22:00,182 - [MainProcess:46254] mummi_ras.online.simulation:has_computed_enough:352 - INFO - runtime_hours*0.99 = 0.495 vs delta_time = 0.3783733693758647 (length 25.0 ns) False False
2025-04-08 22:22:02,186 - [MainProcess:46254] mummi_ras.online.simulation:has_computed_enough:352 - INFO - runtime_hours*0.99 = 0.495 vs delta_time = 0.3789300505320231 (length 25.0 ns) False False
2025-04-08 22:22:04,190 - [MainProcess:46254] mummi_ras.online.simulation:has_computed_enough:352 - INFO - runtime_hours*0.99 = 0.495 vs delta_time = 0.3794866841369205 (length 25.0 ns) False False
2025-04-08 22:22:06,194 - [MainProcess:46254] mummi_ras.online.simulation:has_computed_enough:352 - INFO - runtime_hours*0.99 = 0.495 vs delta_time = 0.38004331350326537 (length 25.0 ns) False False
2025-04-08 22:22:08,198 - [MainProcess:46254] mummi_ras.online.simulation:has_computed_enough:352 - INFO - runtime_hours*0.99 = 0.495 vs delta_time = 0.3805999388297399 (length 25.0 ns) False False
2025-04-08 22:22:10,202 - [MainProcess:46254] mummi_ras.online.simulation:has_computed_enough:352 - INFO - runtime_hours*0.99 = 0.495 vs delta_time = 0.38115657508373263 (length 25.0 ns) False False
2025-04-08 22:22:12,206 - [MainProcess:46254] mummi_ras.online.simulation:has_computed_enough:352 - INFO - runtime_hours*0.99 = 0.495 vs delta_time = 0.3817131996817059 (length 25.0 ns) False False
2025-04-08 22:22:14,210 - [MainProcess:46254] mummi_ras.online.simulation:has_computed_enough:352 - INFO - runtime_hours*0.99 = 0.495 vs delta_time = 0.3822698268625471 (length 25.0 ns) False False
2025-04-08 22:22:16,213 - [MainProcess:46254] mummi_ras.online.simulation:has_computed_enough:352 - INFO - runtime_hours*0.99 = 0.495 vs delta_time = 0.3828264536460241 (length 25.0 ns) False False
2025-04-08 22:22:18,217 - [MainProcess:46254] mummi_ras.online.simulation:has_computed_enough:352 - INFO - runtime_hours*0.99 = 0.495 vs delta_time = 0.38338310619195304 (length 25.0 ns) False False
2025-04-08 22:22:20,221 - [MainProcess:46254] mummi_ras.online.simulation:has_computed_enough:352 - INFO - runtime_hours*0.99 = 0.495 vs delta_time = 0.3839397852950626 (length 25.0 ns) False False
2025-04-08 22:22:22,225 - [MainProcess:46254] mummi_ras.online.simulation:has_computed_enough:352 - INFO - runtime_hours*0.99 = 0.495 vs delta_time = 0.3844964537355635 (length 25.0 ns) False False
2025-04-08 22:22:24,229 - [MainProcess:46254] mummi_ras.online.simulation:has_computed_enough:352 - INFO - runtime_hours*0.99 = 0.495 vs delta_time = 0.3850530814462238 (length 25.0 ns) False False
2025-04-08 22:22:26,233 - [MainProcess:46254] mummi_ras.online.simulation:has_computed_enough:352 - INFO - runtime_hours*0.99 = 0.495 vs delta_time = 0.3856097093555662 (length 25.0 ns) False False
2025-04-08 22:22:26,266 - [MainProcess:46254] mummi_ras.online.simulation:get_new_frames:399 - INFO - Getting all frame numbers in trajectory from 51 to 51.
2025-04-08 22:22:26,266 - [MainProcess:46254] mummi_ras.online.cg.cganalysis:run_main_analysis:193 - INFO - Process frame 51
2025-04-08 22:22:26,266 - [MainProcess:46254] mummi_ras.online.cg.cganalysis:processFrame:554 - INFO - Load 52 frames: current frame ID /tmp/mummi/cg/structure_iter00_000000000014-20250408_215900/traj_comp.xtc
2025-04-08 22:22:26,273 - [MainProcess:46254] mummi_ras.online.cg.cganalysis:processFrame:580 - INFO - Frame:    51, Time: 25500.000 ps, Bbox = [0, 180.78249, 0, 180.78249]
2025-04-08 22:22:26,273 - [MainProcess:46254] mummi_ras.online.cg.cganalysis:processFrame:584 - INFO - Lengths of layers: 664 34 485
2025-04-08 22:22:26,333 - [MainProcess:46254] mummi_ras.online.cg.cganalysis:processFrame:765 - INFO - Time for analysis - frameNum 51, time 0.06736087799072266 s
2025-04-08 22:22:28,334 - [MainProcess:46254] mummi_ras.online.simulation:has_computed_enough:352 - INFO - runtime_hours*0.99 = 0.495 vs delta_time = 0.3861932129330105 (length 25.5 ns) False False
2025-04-08 22:22:30,338 - [MainProcess:46254] mummi_ras.online.simulation:has_computed_enough:352 - INFO - runtime_hours*0.99 = 0.495 vs delta_time = 0.3867498602469762 (length 25.5 ns) False False
2025-04-08 22:22:32,341 - [MainProcess:46254] mummi_ras.online.simulation:has_computed_enough:352 - INFO - runtime_hours*0.99 = 0.495 vs delta_time = 0.3873064574930403 (length 25.5 ns) False False
2025-04-08 22:22:34,345 - [MainProcess:46254] mummi_ras.online.simulation:has_computed_enough:352 - INFO - runtime_hours*0.99 = 0.495 vs delta_time = 0.38786305798424614 (length 25.5 ns) False False
2025-04-08 22:22:36,349 - [MainProcess:46254] mummi_ras.online.simulation:has_computed_enough:352 - INFO - runtime_hours*0.99 = 0.495 vs delta_time = 0.3884196490049362 (length 25.5 ns) False False
2025-04-08 22:22:38,353 - [MainProcess:46254] mummi_ras.online.simulation:has_computed_enough:352 - INFO - runtime_hours*0.99 = 0.495 vs delta_time = 0.38897625168164573 (length 25.5 ns) False False
2025-04-08 22:22:40,356 - [MainProcess:46254] mummi_ras.online.simulation:has_computed_enough:352 - INFO - runtime_hours*0.99 = 0.495 vs delta_time = 0.3895328502522575 (length 25.5 ns) False False
2025-04-08 22:22:42,360 - [MainProcess:46254] mummi_ras.online.simulation:has_computed_enough:352 - INFO - runtime_hours*0.99 = 0.495 vs delta_time = 0.3900894484255049 (length 25.5 ns) False False
2025-04-08 22:22:44,364 - [MainProcess:46254] mummi_ras.online.simulation:has_computed_enough:352 - INFO - runtime_hours*0.99 = 0.495 vs delta_time = 0.39064603686332705 (length 25.5 ns) False False
2025-04-08 22:22:46,368 - [MainProcess:46254] mummi_ras.online.simulation:has_computed_enough:352 - INFO - runtime_hours*0.99 = 0.495 vs delta_time = 0.3912026238441467 (length 25.5 ns) False False
2025-04-08 22:22:48,371 - [MainProcess:46254] mummi_ras.online.simulation:has_computed_enough:352 - INFO - runtime_hours*0.99 = 0.495 vs delta_time = 0.39175921539465586 (length 25.5 ns) False False
2025-04-08 22:22:50,375 - [MainProcess:46254] mummi_ras.online.simulation:has_computed_enough:352 - INFO - runtime_hours*0.99 = 0.495 vs delta_time = 0.3923158241642846 (length 25.5 ns) False False
2025-04-08 22:22:52,379 - [MainProcess:46254] mummi_ras.online.simulation:has_computed_enough:352 - INFO - runtime_hours*0.99 = 0.495 vs delta_time = 0.3928724100854662 (length 25.5 ns) False False
2025-04-08 22:22:52,412 - [MainProcess:46254] mummi_ras.online.simulation:get_new_frames:399 - INFO - Getting all frame numbers in trajectory from 52 to 52.
2025-04-08 22:22:52,412 - [MainProcess:46254] mummi_ras.online.cg.cganalysis:run_main_analysis:193 - INFO - Process frame 52
2025-04-08 22:22:52,412 - [MainProcess:46254] mummi_ras.online.cg.cganalysis:processFrame:554 - INFO - Load 53 frames: current frame ID /tmp/mummi/cg/structure_iter00_000000000014-20250408_215900/traj_comp.xtc
2025-04-08 22:22:52,419 - [MainProcess:46254] mummi_ras.online.cg.cganalysis:processFrame:580 - INFO - Frame:    52, Time: 26000.000 ps, Bbox = [0, 180.57254, 0, 180.57254]
2025-04-08 22:22:52,419 - [MainProcess:46254] mummi_ras.online.cg.cganalysis:processFrame:584 - INFO - Lengths of layers: 666 31 486
2025-04-08 22:22:52,480 - [MainProcess:46254] mummi_ras.online.cg.cganalysis:processFrame:765 - INFO - Time for analysis - frameNum 52, time 0.06716132164001465 s
2025-04-08 22:22:54,480 - [MainProcess:46254] mummi_ras.online.simulation:has_computed_enough:352 - INFO - runtime_hours*0.99 = 0.495 vs delta_time = 0.393456056382921 (length 26.0 ns) False False
2025-04-08 22:22:56,484 - [MainProcess:46254] mummi_ras.online.simulation:has_computed_enough:352 - INFO - runtime_hours*0.99 = 0.495 vs delta_time = 0.394012663298183 (length 26.0 ns) False False
2025-04-08 22:22:58,487 - [MainProcess:46254] mummi_ras.online.simulation:has_computed_enough:352 - INFO - runtime_hours*0.99 = 0.495 vs delta_time = 0.3945692334572474 (length 26.0 ns) False False
2025-04-08 22:23:00,491 - [MainProcess:46254] mummi_ras.online.simulation:has_computed_enough:352 - INFO - runtime_hours*0.99 = 0.495 vs delta_time = 0.3951257997088962 (length 26.0 ns) False False
2025-04-08 22:23:02,495 - [MainProcess:46254] mummi_ras.online.simulation:has_computed_enough:352 - INFO - runtime_hours*0.99 = 0.495 vs delta_time = 0.3956823656956355 (length 26.0 ns) False False
2025-04-08 22:23:04,498 - [MainProcess:46254] mummi_ras.online.simulation:has_computed_enough:352 - INFO - runtime_hours*0.99 = 0.495 vs delta_time = 0.3962389192978541 (length 26.0 ns) False False
2025-04-08 22:23:06,502 - [MainProcess:46254] mummi_ras.online.simulation:has_computed_enough:352 - INFO - runtime_hours*0.99 = 0.495 vs delta_time = 0.39679547018475003 (length 26.0 ns) False False
2025-04-08 22:23:08,505 - [MainProcess:46254] mummi_ras.online.simulation:has_computed_enough:352 - INFO - runtime_hours*0.99 = 0.495 vs delta_time = 0.39735203464825947 (length 26.0 ns) False False
2025-04-08 22:23:10,509 - [MainProcess:46254] mummi_ras.online.simulation:has_computed_enough:352 - INFO - runtime_hours*0.99 = 0.495 vs delta_time = 0.3979085922903485 (length 26.0 ns) False False
2025-04-08 22:23:12,513 - [MainProcess:46254] mummi_ras.online.simulation:has_computed_enough:352 - INFO - runtime_hours*0.99 = 0.495 vs delta_time = 0.398465156422721 (length 26.0 ns) False False
2025-04-08 22:23:14,516 - [MainProcess:46254] mummi_ras.online.simulation:has_computed_enough:352 - INFO - runtime_hours*0.99 = 0.495 vs delta_time = 0.3990217222770055 (length 26.0 ns) False False
2025-04-08 22:23:16,520 - [MainProcess:46254] mummi_ras.online.simulation:has_computed_enough:352 - INFO - runtime_hours*0.99 = 0.495 vs delta_time = 0.3995782752831777 (length 26.0 ns) False False
2025-04-08 22:23:18,524 - [MainProcess:46254] mummi_ras.online.simulation:has_computed_enough:352 - INFO - runtime_hours*0.99 = 0.495 vs delta_time = 0.4001348355081346 (length 26.0 ns) False False
2025-04-08 22:23:20,527 - [MainProcess:46254] mummi_ras.online.simulation:has_computed_enough:352 - INFO - runtime_hours*0.99 = 0.495 vs delta_time = 0.4006914005014631 (length 26.0 ns) False False
2025-04-08 22:23:20,560 - [MainProcess:46254] mummi_ras.online.simulation:get_new_frames:399 - INFO - Getting all frame numbers in trajectory from 53 to 53.
2025-04-08 22:23:20,560 - [MainProcess:46254] mummi_ras.online.cg.cganalysis:run_main_analysis:193 - INFO - Process frame 53
2025-04-08 22:23:20,560 - [MainProcess:46254] mummi_ras.online.cg.cganalysis:processFrame:554 - INFO - Load 54 frames: current frame ID /tmp/mummi/cg/structure_iter00_000000000014-20250408_215900/traj_comp.xtc
2025-04-08 22:23:20,567 - [MainProcess:46254] mummi_ras.online.cg.cganalysis:processFrame:580 - INFO - Frame:    53, Time: 26500.000 ps, Bbox = [0, 181.81296, 0, 181.81296]
2025-04-08 22:23:20,568 - [MainProcess:46254] mummi_ras.online.cg.cganalysis:processFrame:584 - INFO - Lengths of layers: 664 28 491
2025-04-08 22:23:20,628 - [MainProcess:46254] mummi_ras.online.cg.cganalysis:processFrame:765 - INFO - Time for analysis - frameNum 53, time 0.06730413436889648 s
2025-04-08 22:23:22,628 - [MainProcess:46254] mummi_ras.online.simulation:has_computed_enough:352 - INFO - runtime_hours*0.99 = 0.495 vs delta_time = 0.4012749937507841 (length 26.5 ns) False False
2025-04-08 22:23:24,632 - [MainProcess:46254] mummi_ras.online.simulation:has_computed_enough:352 - INFO - runtime_hours*0.99 = 0.495 vs delta_time = 0.40183169133133356 (length 26.5 ns) False False
2025-04-08 22:23:26,636 - [MainProcess:46254] mummi_ras.online.simulation:has_computed_enough:352 - INFO - runtime_hours*0.99 = 0.495 vs delta_time = 0.4023883499701818 (length 26.5 ns) False False
2025-04-08 22:23:28,640 - [MainProcess:46254] mummi_ras.online.simulation:has_computed_enough:352 - INFO - runtime_hours*0.99 = 0.495 vs delta_time = 0.4029449909925461 (length 26.5 ns) False False
2025-04-08 22:23:30,644 - [MainProcess:46254] mummi_ras.online.simulation:has_computed_enough:352 - INFO - runtime_hours*0.99 = 0.495 vs delta_time = 0.4035016247961256 (length 26.5 ns) False False
2025-04-08 22:23:32,648 - [MainProcess:46254] mummi_ras.online.simulation:has_computed_enough:352 - INFO - runtime_hours*0.99 = 0.495 vs delta_time = 0.40405824840068816 (length 26.5 ns) False False
2025-04-08 22:23:34,652 - [MainProcess:46254] mummi_ras.online.simulation:has_computed_enough:352 - INFO - runtime_hours*0.99 = 0.495 vs delta_time = 0.4046148810784022 (length 26.5 ns) False False
2025-04-08 22:23:36,656 - [MainProcess:46254] mummi_ras.online.simulation:has_computed_enough:352 - INFO - runtime_hours*0.99 = 0.495 vs delta_time = 0.4051715016365051 (length 26.5 ns) False False
2025-04-08 22:23:38,659 - [MainProcess:46254] mummi_ras.online.simulation:has_computed_enough:352 - INFO - runtime_hours*0.99 = 0.495 vs delta_time = 0.40572812371783784 (length 26.5 ns) False False
2025-04-08 22:23:40,663 - [MainProcess:46254] mummi_ras.online.simulation:has_computed_enough:352 - INFO - runtime_hours*0.99 = 0.495 vs delta_time = 0.40628475798500907 (length 26.5 ns) False False
2025-04-08 22:23:42,667 - [MainProcess:46254] mummi_ras.online.simulation:has_computed_enough:352 - INFO - runtime_hours*0.99 = 0.495 vs delta_time = 0.4068413884109921 (length 26.5 ns) False False
2025-04-08 22:23:44,671 - [MainProcess:46254] mummi_ras.online.simulation:has_computed_enough:352 - INFO - runtime_hours*0.99 = 0.495 vs delta_time = 0.40739800956514144 (length 26.5 ns) False False
2025-04-08 22:23:46,675 - [MainProcess:46254] mummi_ras.online.simulation:has_computed_enough:352 - INFO - runtime_hours*0.99 = 0.495 vs delta_time = 0.4079546282688777 (length 26.5 ns) False False
2025-04-08 22:23:46,707 - [MainProcess:46254] mummi_ras.online.simulation:get_new_frames:399 - INFO - Getting all frame numbers in trajectory from 54 to 54.
2025-04-08 22:23:46,707 - [MainProcess:46254] mummi_ras.online.cg.cganalysis:run_main_analysis:193 - INFO - Process frame 54
2025-04-08 22:23:46,707 - [MainProcess:46254] mummi_ras.online.cg.cganalysis:processFrame:554 - INFO - Load 55 frames: current frame ID /tmp/mummi/cg/structure_iter00_000000000014-20250408_215900/traj_comp.xtc
2025-04-08 22:23:46,714 - [MainProcess:46254] mummi_ras.online.cg.cganalysis:processFrame:580 - INFO - Frame:    54, Time: 27000.000 ps, Bbox = [0, 181.29373, 0, 181.29373]
2025-04-08 22:23:46,714 - [MainProcess:46254] mummi_ras.online.cg.cganalysis:processFrame:584 - INFO - Lengths of layers: 663 31 489
2025-04-08 22:23:46,774 - [MainProcess:46254] mummi_ras.online.cg.cganalysis:processFrame:765 - INFO - Time for analysis - frameNum 54, time 0.06702852249145508 s
2025-04-08 22:23:48,774 - [MainProcess:46254] mummi_ras.online.simulation:has_computed_enough:352 - INFO - runtime_hours*0.99 = 0.495 vs delta_time = 0.40853786528110503 (length 27.0 ns) False False
2025-04-08 22:23:50,778 - [MainProcess:46254] mummi_ras.online.simulation:has_computed_enough:352 - INFO - runtime_hours*0.99 = 0.495 vs delta_time = 0.40909447458055287 (length 27.0 ns) False False
2025-04-08 22:23:52,782 - [MainProcess:46254] mummi_ras.online.simulation:has_computed_enough:352 - INFO - runtime_hours*0.99 = 0.495 vs delta_time = 0.4096510532167223 (length 27.0 ns) False False
2025-04-08 22:23:54,786 - [MainProcess:46254] mummi_ras.online.simulation:has_computed_enough:352 - INFO - runtime_hours*0.99 = 0.495 vs delta_time = 0.4102076240380605 (length 27.0 ns) False False
2025-04-08 22:23:56,789 - [MainProcess:46254] mummi_ras.online.simulation:has_computed_enough:352 - INFO - runtime_hours*0.99 = 0.495 vs delta_time = 0.4107641849915187 (length 27.0 ns) False False
2025-04-08 22:23:58,793 - [MainProcess:46254] mummi_ras.online.simulation:has_computed_enough:352 - INFO - runtime_hours*0.99 = 0.495 vs delta_time = 0.4113207606474559 (length 27.0 ns) False False
2025-04-08 22:24:00,797 - [MainProcess:46254] mummi_ras.online.simulation:has_computed_enough:352 - INFO - runtime_hours*0.99 = 0.495 vs delta_time = 0.411877327826288 (length 27.0 ns) False False
2025-04-08 22:24:02,800 - [MainProcess:46254] mummi_ras.online.simulation:has_computed_enough:352 - INFO - runtime_hours*0.99 = 0.495 vs delta_time = 0.4124338928858439 (length 27.0 ns) False False
2025-04-08 22:24:04,804 - [MainProcess:46254] mummi_ras.online.simulation:has_computed_enough:352 - INFO - runtime_hours*0.99 = 0.495 vs delta_time = 0.41299046138922374 (length 27.0 ns) False False
2025-04-08 22:24:06,807 - [MainProcess:46254] mummi_ras.online.simulation:has_computed_enough:352 - INFO - runtime_hours*0.99 = 0.495 vs delta_time = 0.4135470175080829 (length 27.0 ns) False False
2025-04-08 22:24:08,811 - [MainProcess:46254] mummi_ras.online.simulation:has_computed_enough:352 - INFO - runtime_hours*0.99 = 0.495 vs delta_time = 0.41410358806451164 (length 27.0 ns) False False
2025-04-08 22:24:10,815 - [MainProcess:46254] mummi_ras.online.simulation:has_computed_enough:352 - INFO - runtime_hours*0.99 = 0.495 vs delta_time = 0.41466015464729733 (length 27.0 ns) False False
2025-04-08 22:24:12,818 - [MainProcess:46254] mummi_ras.online.simulation:has_computed_enough:352 - INFO - runtime_hours*0.99 = 0.495 vs delta_time = 0.4152167234155867 (length 27.0 ns) False False
2025-04-08 22:24:14,822 - [MainProcess:46254] mummi_ras.online.simulation:has_computed_enough:352 - INFO - runtime_hours*0.99 = 0.495 vs delta_time = 0.41577329297860466 (length 27.0 ns) False False
2025-04-08 22:24:14,855 - [MainProcess:46254] mummi_ras.online.simulation:get_new_frames:399 - INFO - Getting all frame numbers in trajectory from 55 to 55.
2025-04-08 22:24:14,856 - [MainProcess:46254] mummi_ras.online.cg.cganalysis:run_main_analysis:193 - INFO - Process frame 55
2025-04-08 22:24:14,856 - [MainProcess:46254] mummi_ras.online.cg.cganalysis:processFrame:554 - INFO - Load 56 frames: current frame ID /tmp/mummi/cg/structure_iter00_000000000014-20250408_215900/traj_comp.xtc
2025-04-08 22:24:14,863 - [MainProcess:46254] mummi_ras.online.cg.cganalysis:processFrame:580 - INFO - Frame:    55, Time: 27500.000 ps, Bbox = [0, 179.61977, 0, 179.61977]
2025-04-08 22:24:14,863 - [MainProcess:46254] mummi_ras.online.cg.cganalysis:processFrame:584 - INFO - Lengths of layers: 662 35 486
2025-04-08 22:24:14,924 - [MainProcess:46254] mummi_ras.online.cg.cganalysis:processFrame:765 - INFO - Time for analysis - frameNum 55, time 0.06782889366149902 s
2025-04-08 22:24:16,924 - [MainProcess:46254] mummi_ras.online.simulation:has_computed_enough:352 - INFO - runtime_hours*0.99 = 0.495 vs delta_time = 0.41635716471407147 (length 27.5 ns) False False
2025-04-08 22:24:18,928 - [MainProcess:46254] mummi_ras.online.simulation:has_computed_enough:352 - INFO - runtime_hours*0.99 = 0.495 vs delta_time = 0.4169137809673945 (length 27.5 ns) False False
2025-04-08 22:24:20,931 - [MainProcess:46254] mummi_ras.online.simulation:has_computed_enough:352 - INFO - runtime_hours*0.99 = 0.495 vs delta_time = 0.417470357020696 (length 27.5 ns) False False
2025-04-08 22:24:22,935 - [MainProcess:46254] mummi_ras.online.simulation:has_computed_enough:352 - INFO - runtime_hours*0.99 = 0.495 vs delta_time = 0.4180269291003545 (length 27.5 ns) False False
2025-04-08 22:24:24,939 - [MainProcess:46254] mummi_ras.online.simulation:has_computed_enough:352 - INFO - runtime_hours*0.99 = 0.495 vs delta_time = 0.41858348574903276 (length 27.5 ns) False False
2025-04-08 22:24:26,942 - [MainProcess:46254] mummi_ras.online.simulation:has_computed_enough:352 - INFO - runtime_hours*0.99 = 0.495 vs delta_time = 0.4191400596168306 (length 27.5 ns) False False
2025-04-08 22:24:28,946 - [MainProcess:46254] mummi_ras.online.simulation:has_computed_enough:352 - INFO - runtime_hours*0.99 = 0.495 vs delta_time = 0.4196966479884254 (length 27.5 ns) False False
2025-04-08 22:24:30,950 - [MainProcess:46254] mummi_ras.online.simulation:has_computed_enough:352 - INFO - runtime_hours*0.99 = 0.495 vs delta_time = 0.42025325655937196 (length 27.5 ns) False False
2025-04-08 22:24:32,954 - [MainProcess:46254] mummi_ras.online.simulation:has_computed_enough:352 - INFO - runtime_hours*0.99 = 0.495 vs delta_time = 0.42080985056029424 (length 27.5 ns) False False
2025-04-08 22:24:34,957 - [MainProcess:46254] mummi_ras.online.simulation:has_computed_enough:352 - INFO - runtime_hours*0.99 = 0.495 vs delta_time = 0.42136642383204564 (length 27.5 ns) False False
2025-04-08 22:24:36,961 - [MainProcess:46254] mummi_ras.online.simulation:has_computed_enough:352 - INFO - runtime_hours*0.99 = 0.495 vs delta_time = 0.421922993461291 (length 27.5 ns) False False
2025-04-08 22:24:38,965 - [MainProcess:46254] mummi_ras.online.simulation:has_computed_enough:352 - INFO - runtime_hours*0.99 = 0.495 vs delta_time = 0.4224795628256268 (length 27.5 ns) False False
2025-04-08 22:24:40,968 - [MainProcess:46254] mummi_ras.online.simulation:has_computed_enough:352 - INFO - runtime_hours*0.99 = 0.495 vs delta_time = 0.4230361258983612 (length 27.5 ns) False False
2025-04-08 22:24:41,001 - [MainProcess:46254] mummi_ras.online.simulation:get_new_frames:399 - INFO - Getting all frame numbers in trajectory from 56 to 56.
2025-04-08 22:24:41,001 - [MainProcess:46254] mummi_ras.online.cg.cganalysis:run_main_analysis:193 - INFO - Process frame 56
2025-04-08 22:24:41,001 - [MainProcess:46254] mummi_ras.online.cg.cganalysis:processFrame:554 - INFO - Load 57 frames: current frame ID /tmp/mummi/cg/structure_iter00_000000000014-20250408_215900/traj_comp.xtc
2025-04-08 22:24:41,008 - [MainProcess:46254] mummi_ras.online.cg.cganalysis:processFrame:580 - INFO - Frame:    56, Time: 28000.000 ps, Bbox = [0, 180.29477, 0, 180.29477]
2025-04-08 22:24:41,008 - [MainProcess:46254] mummi_ras.online.cg.cganalysis:processFrame:584 - INFO - Lengths of layers: 662 30 491
2025-04-08 22:24:41,069 - [MainProcess:46254] mummi_ras.online.cg.cganalysis:processFrame:765 - INFO - Time for analysis - frameNum 56, time 0.06763005256652832 s
2025-04-08 22:24:43,069 - [MainProcess:46254] mummi_ras.online.simulation:has_computed_enough:352 - INFO - runtime_hours*0.99 = 0.495 vs delta_time = 0.42361972047222984 (length 28.0 ns) False False
2025-04-08 22:24:45,073 - [MainProcess:46254] mummi_ras.online.simulation:has_computed_enough:352 - INFO - runtime_hours*0.99 = 0.495 vs delta_time = 0.42417641354931723 (length 28.0 ns) False False
2025-04-08 22:24:47,077 - [MainProcess:46254] mummi_ras.online.simulation:has_computed_enough:352 - INFO - runtime_hours*0.99 = 0.495 vs delta_time = 0.4247330559624566 (length 28.0 ns) False False
2025-04-08 22:24:49,081 - [MainProcess:46254] mummi_ras.online.simulation:has_computed_enough:352 - INFO - runtime_hours*0.99 = 0.495 vs delta_time = 0.4252896875805325 (length 28.0 ns) False False
2025-04-08 22:24:51,085 - [MainProcess:46254] mummi_ras.online.simulation:has_computed_enough:352 - INFO - runtime_hours*0.99 = 0.495 vs delta_time = 0.4258463288678063 (length 28.0 ns) False False
2025-04-08 22:24:53,089 - [MainProcess:46254] mummi_ras.online.simulation:has_computed_enough:352 - INFO - runtime_hours*0.99 = 0.495 vs delta_time = 0.42640296896298724 (length 28.0 ns) False False
2025-04-08 22:24:55,093 - [MainProcess:46254] mummi_ras.online.simulation:has_computed_enough:352 - INFO - runtime_hours*0.99 = 0.495 vs delta_time = 0.42695960634284547 (length 28.0 ns) False False
2025-04-08 22:24:57,097 - [MainProcess:46254] mummi_ras.online.simulation:has_computed_enough:352 - INFO - runtime_hours*0.99 = 0.495 vs delta_time = 0.4275162439213859 (length 28.0 ns) False False
2025-04-08 22:24:59,101 - [MainProcess:46254] mummi_ras.online.simulation:has_computed_enough:352 - INFO - runtime_hours*0.99 = 0.495 vs delta_time = 0.42807287938065 (length 28.0 ns) False False
2025-04-08 22:25:01,104 - [MainProcess:46254] mummi_ras.online.simulation:has_computed_enough:352 - INFO - runtime_hours*0.99 = 0.495 vs delta_time = 0.4286295156346427 (length 28.0 ns) False False
2025-04-08 22:25:03,108 - [MainProcess:46254] mummi_ras.online.simulation:has_computed_enough:352 - INFO - runtime_hours*0.99 = 0.495 vs delta_time = 0.42918615255090925 (length 28.0 ns) False False
2025-04-08 22:25:05,112 - [MainProcess:46254] mummi_ras.online.simulation:has_computed_enough:352 - INFO - runtime_hours*0.99 = 0.495 vs delta_time = 0.42974279317590924 (length 28.0 ns) False False
2025-04-08 22:25:07,116 - [MainProcess:46254] mummi_ras.online.simulation:has_computed_enough:352 - INFO - runtime_hours*0.99 = 0.495 vs delta_time = 0.4302994309531318 (length 28.0 ns) False False
2025-04-08 22:25:09,120 - [MainProcess:46254] mummi_ras.online.simulation:has_computed_enough:352 - INFO - runtime_hours*0.99 = 0.495 vs delta_time = 0.4308560684654448 (length 28.0 ns) False False
2025-04-08 22:25:09,153 - [MainProcess:46254] mummi_ras.online.simulation:get_new_frames:399 - INFO - Getting all frame numbers in trajectory from 57 to 57.
2025-04-08 22:25:09,153 - [MainProcess:46254] mummi_ras.online.cg.cganalysis:run_main_analysis:193 - INFO - Process frame 57
2025-04-08 22:25:09,153 - [MainProcess:46254] mummi_ras.online.cg.cganalysis:processFrame:554 - INFO - Load 58 frames: current frame ID /tmp/mummi/cg/structure_iter00_000000000014-20250408_215900/traj_comp.xtc
2025-04-08 22:25:09,160 - [MainProcess:46254] mummi_ras.online.cg.cganalysis:processFrame:580 - INFO - Frame:    57, Time: 28500.000 ps, Bbox = [0, 180.48705, 0, 180.48705]
2025-04-08 22:25:09,160 - [MainProcess:46254] mummi_ras.online.cg.cganalysis:processFrame:584 - INFO - Lengths of layers: 664 28 491
2025-04-08 22:25:09,220 - [MainProcess:46254] mummi_ras.online.cg.cganalysis:processFrame:765 - INFO - Time for analysis - frameNum 57, time 0.06744980812072754 s
2025-04-08 22:25:11,221 - [MainProcess:46254] mummi_ras.online.simulation:has_computed_enough:352 - INFO - runtime_hours*0.99 = 0.495 vs delta_time = 0.4314396313826243 (length 28.5 ns) False False
2025-04-08 22:25:13,225 - [MainProcess:46254] mummi_ras.online.simulation:has_computed_enough:352 - INFO - runtime_hours*0.99 = 0.495 vs delta_time = 0.43199627187516954 (length 28.5 ns) False False
2025-04-08 22:25:15,229 - [MainProcess:46254] mummi_ras.online.simulation:has_computed_enough:352 - INFO - runtime_hours*0.99 = 0.495 vs delta_time = 0.4325528785917494 (length 28.5 ns) False False
2025-04-08 22:25:17,232 - [MainProcess:46254] mummi_ras.online.simulation:has_computed_enough:352 - INFO - runtime_hours*0.99 = 0.495 vs delta_time = 0.43310948299037083 (length 28.5 ns) False False
2025-04-08 22:25:19,236 - [MainProcess:46254] mummi_ras.online.simulation:has_computed_enough:352 - INFO - runtime_hours*0.99 = 0.495 vs delta_time = 0.43366608248816596 (length 28.5 ns) False False
2025-04-08 22:25:21,240 - [MainProcess:46254] mummi_ras.online.simulation:has_computed_enough:352 - INFO - runtime_hours*0.99 = 0.495 vs delta_time = 0.4342226711246702 (length 28.5 ns) False False
2025-04-08 22:25:23,244 - [MainProcess:46254] mummi_ras.online.simulation:has_computed_enough:352 - INFO - runtime_hours*0.99 = 0.495 vs delta_time = 0.43477926916546294 (length 28.5 ns) False False
2025-04-08 22:25:25,247 - [MainProcess:46254] mummi_ras.online.simulation:has_computed_enough:352 - INFO - runtime_hours*0.99 = 0.495 vs delta_time = 0.435335869524214 (length 28.5 ns) False False
2025-04-08 22:25:27,251 - [MainProcess:46254] mummi_ras.online.simulation:has_computed_enough:352 - INFO - runtime_hours*0.99 = 0.495 vs delta_time = 0.43589246352513633 (length 28.5 ns) False False
2025-04-08 22:25:29,255 - [MainProcess:46254] mummi_ras.online.simulation:has_computed_enough:352 - INFO - runtime_hours*0.99 = 0.495 vs delta_time = 0.43644905673133 (length 28.5 ns) False False
2025-04-08 22:25:31,258 - [MainProcess:46254] mummi_ras.online.simulation:has_computed_enough:352 - INFO - runtime_hours*0.99 = 0.495 vs delta_time = 0.4370056528515286 (length 28.5 ns) False False
2025-04-08 22:25:33,262 - [MainProcess:46254] mummi_ras.online.simulation:has_computed_enough:352 - INFO - runtime_hours*0.99 = 0.495 vs delta_time = 0.4375622621509764 (length 28.5 ns) False False
2025-04-08 22:25:35,266 - [MainProcess:46254] mummi_ras.online.simulation:has_computed_enough:352 - INFO - runtime_hours*0.99 = 0.495 vs delta_time = 0.43811888231171503 (length 28.5 ns) False False
2025-04-08 22:25:35,300 - [MainProcess:46254] mummi_ras.online.simulation:get_new_frames:399 - INFO - Getting all frame numbers in trajectory from 58 to 58.
2025-04-08 22:25:35,300 - [MainProcess:46254] mummi_ras.online.cg.cganalysis:run_main_analysis:193 - INFO - Process frame 58
2025-04-08 22:25:35,300 - [MainProcess:46254] mummi_ras.online.cg.cganalysis:processFrame:554 - INFO - Load 59 frames: current frame ID /tmp/mummi/cg/structure_iter00_000000000014-20250408_215900/traj_comp.xtc
2025-04-08 22:25:35,307 - [MainProcess:46254] mummi_ras.online.cg.cganalysis:processFrame:580 - INFO - Frame:    58, Time: 29000.000 ps, Bbox = [0, 180.16003, 0, 180.16003]
2025-04-08 22:25:35,307 - [MainProcess:46254] mummi_ras.online.cg.cganalysis:processFrame:584 - INFO - Lengths of layers: 663 30 490
2025-04-08 22:25:35,367 - [MainProcess:46254] mummi_ras.online.cg.cganalysis:processFrame:765 - INFO - Time for analysis - frameNum 58, time 0.0673213005065918 s
2025-04-08 22:25:37,368 - [MainProcess:46254] mummi_ras.online.simulation:has_computed_enough:352 - INFO - runtime_hours*0.99 = 0.495 vs delta_time = 0.4387026083469391 (length 29.0 ns) False False
2025-04-08 22:25:39,371 - [MainProcess:46254] mummi_ras.online.simulation:has_computed_enough:352 - INFO - runtime_hours*0.99 = 0.495 vs delta_time = 0.43925923162036473 (length 29.0 ns) False False
2025-04-08 22:25:41,375 - [MainProcess:46254] mummi_ras.online.simulation:has_computed_enough:352 - INFO - runtime_hours*0.99 = 0.495 vs delta_time = 0.43981579807069565 (length 29.0 ns) False False
2025-04-08 22:25:43,379 - [MainProcess:46254] mummi_ras.online.simulation:has_computed_enough:352 - INFO - runtime_hours*0.99 = 0.495 vs delta_time = 0.4403723631302516 (length 29.0 ns) False False
2025-04-08 22:25:45,382 - [MainProcess:46254] mummi_ras.online.simulation:has_computed_enough:352 - INFO - runtime_hours*0.99 = 0.495 vs delta_time = 0.440928935541047 (length 29.0 ns) False False
2025-04-08 22:25:47,386 - [MainProcess:46254] mummi_ras.online.simulation:has_computed_enough:352 - INFO - runtime_hours*0.99 = 0.495 vs delta_time = 0.44148549689186944 (length 29.0 ns) False False
2025-04-08 22:25:49,390 - [MainProcess:46254] mummi_ras.online.simulation:has_computed_enough:352 - INFO - runtime_hours*0.99 = 0.495 vs delta_time = 0.44204206155406106 (length 29.0 ns) False False
2025-04-08 22:25:51,393 - [MainProcess:46254] mummi_ras.online.simulation:has_computed_enough:352 - INFO - runtime_hours*0.99 = 0.495 vs delta_time = 0.44259862297111086 (length 29.0 ns) False False
2025-04-08 22:25:53,397 - [MainProcess:46254] mummi_ras.online.simulation:has_computed_enough:352 - INFO - runtime_hours*0.99 = 0.495 vs delta_time = 0.4431551882955763 (length 29.0 ns) False False
2025-04-08 22:25:55,400 - [MainProcess:46254] mummi_ras.online.simulation:has_computed_enough:352 - INFO - runtime_hours*0.99 = 0.495 vs delta_time = 0.4437117507060369 (length 29.0 ns) False False
2025-04-08 22:25:57,404 - [MainProcess:46254] mummi_ras.online.simulation:has_computed_enough:352 - INFO - runtime_hours*0.99 = 0.495 vs delta_time = 0.4442683167590035 (length 29.0 ns) False False
2025-04-08 22:25:59,408 - [MainProcess:46254] mummi_ras.online.simulation:has_computed_enough:352 - INFO - runtime_hours*0.99 = 0.495 vs delta_time = 0.44482487738132476 (length 29.0 ns) False False
2025-04-08 22:26:01,411 - [MainProcess:46254] mummi_ras.online.simulation:has_computed_enough:352 - INFO - runtime_hours*0.99 = 0.495 vs delta_time = 0.44538143310281963 (length 29.0 ns) False False
2025-04-08 22:26:03,415 - [MainProcess:46254] mummi_ras.online.simulation:has_computed_enough:352 - INFO - runtime_hours*0.99 = 0.495 vs delta_time = 0.44593799041377175 (length 29.0 ns) False False
2025-04-08 22:26:03,448 - [MainProcess:46254] mummi_ras.online.simulation:get_new_frames:399 - INFO - Getting all frame numbers in trajectory from 59 to 59.
2025-04-08 22:26:03,448 - [MainProcess:46254] mummi_ras.online.cg.cganalysis:run_main_analysis:193 - INFO - Process frame 59
2025-04-08 22:26:03,448 - [MainProcess:46254] mummi_ras.online.cg.cganalysis:processFrame:554 - INFO - Load 60 frames: current frame ID /tmp/mummi/cg/structure_iter00_000000000014-20250408_215900/traj_comp.xtc
2025-04-08 22:26:03,455 - [MainProcess:46254] mummi_ras.online.cg.cganalysis:processFrame:580 - INFO - Frame:    59, Time: 29500.000 ps, Bbox = [0, 180.87447, 0, 180.87447]
2025-04-08 22:26:03,455 - [MainProcess:46254] mummi_ras.online.cg.cganalysis:processFrame:584 - INFO - Lengths of layers: 663 30 490
2025-04-08 22:26:03,515 - [MainProcess:46254] mummi_ras.online.cg.cganalysis:processFrame:765 - INFO - Time for analysis - frameNum 59, time 0.0672750473022461 s
2025-04-08 22:26:05,516 - [MainProcess:46254] mummi_ras.online.simulation:has_computed_enough:352 - INFO - runtime_hours*0.99 = 0.495 vs delta_time = 0.44652156525188025 (length 29.5 ns) False False
2025-04-08 22:26:05,520 - [MainProcess:46254] mummi_ras.online.cg.cganalysis:processOutput:92 - INFO - Add feedback for frameNum 50 - state []
2025-04-08 22:26:05,520 - [MainProcess:46254] mummi_ras.online.cg.cganalysis:processOutput:92 - INFO - Add feedback for frameNum 51 - state []
2025-04-08 22:26:05,520 - [MainProcess:46254] mummi_ras.online.cg.cganalysis:processOutput:92 - INFO - Add feedback for frameNum 52 - state []
2025-04-08 22:26:05,520 - [MainProcess:46254] mummi_ras.online.cg.cganalysis:processOutput:92 - INFO - Add feedback for frameNum 53 - state []
2025-04-08 22:26:05,520 - [MainProcess:46254] mummi_ras.online.cg.cganalysis:processOutput:92 - INFO - Add feedback for frameNum 54 - state []
2025-04-08 22:26:05,520 - [MainProcess:46254] mummi_ras.online.cg.cganalysis:processOutput:92 - INFO - Add feedback for frameNum 55 - state []
2025-04-08 22:26:05,520 - [MainProcess:46254] mummi_ras.online.cg.cganalysis:processOutput:92 - INFO - Add feedback for frameNum 56 - state []
2025-04-08 22:26:05,520 - [MainProcess:46254] mummi_ras.online.cg.cganalysis:processOutput:92 - INFO - Add feedback for frameNum 57 - state []
2025-04-08 22:26:05,521 - [MainProcess:46254] mummi_ras.online.cg.cganalysis:processOutput:92 - INFO - Add feedback for frameNum 58 - state []
2025-04-08 22:26:05,521 - [MainProcess:46254] mummi_ras.online.cg.cganalysis:processOutput:92 - INFO - Add feedback for frameNum 59 - state []
2025-04-08 22:26:06,666 - [MainProcess:46254] mummi_core.interfaces.simple:_save_files:91 - INFO - Wrote 10 files to (/p/gpfs1/pottier1/minimummi-sc25/roots/root3/feedback-cg2ml/014)
2025-04-08 22:26:06,666 - [MainProcess:46254] mummi_ras.feedback.feedback_manager_cg2ml:report:118 - INFO - Added 10 frames (from structure_iter00_000000000014) to feedback (/p/gpfs1/pottier1/minimummi-sc25/roots/root3/feedback-cg2ml)
2025-04-08 22:26:06,666 - [MainProcess:46254] mummi_ras.online.cg.cganalysis:processOutput:112 - INFO - processOutput: 59
2025-04-08 22:26:06,666 - [MainProcess:46254] mummi_ras.online.cg.cganalysis:copyRemoteRestart:452 - INFO - Copy to remote frames [50, 51, 52, 53, 54, 55, 56, 57, 58, 59]
2025-04-08 22:26:06,792 - [MainProcess:46254] mummi_core.utils.utilities:sys_call:184 - INFO - Run command: rsync -va --no-g traj_comp.xtc topol.tpr state.cpt ener.edr md.log mdrun.log /p/gpfs1/pottier1/minimummi-sc25/roots/root3/sims-cg/structure_iter00_000000000014 || true
2025-04-08 22:26:07,234 - [MainProcess:46254] mummi_ras.interfaces.mummi:save_analysis_data:253 - INFO - Saved all analysis data for frames [50, 51, 52, 53, 54, 55, 56, 57, 58, 59]
2025-04-08 22:26:07,234 - [MainProcess:46254] mummi_ras.online.cg.cganalysis:copyRemoteLogs:350 - INFO - Copy over log files
2025-04-08 22:26:07,260 - [MainProcess:46254] mummi_core.utils.utilities:sys_call:184 - INFO - Run command: cp -r  /tmp/mummi/cg/structure_iter00_000000000014-20250408_215900/cg_analysis.out /tmp/mummi/cg/structure_iter00_000000000014-20250408_215900/traj_comp.xtc /tmp/mummi/cg/structure_iter00_000000000014-20250408_215900/*.log /p/gpfs1/pottier1/minimummi-sc25/roots/root3/sims-cg/structure_iter00_000000000014/ || true
2025-04-08 22:26:07,261 - [MainProcess:46254] mummi_ras.online.cg.cganalysis:copyRemoteLogs:365 - INFO - copyRemoteLogs =  /tmp/mummi/cg/structure_iter00_000000000014-20250408_215900/cg_analysis.out /tmp/mummi/cg/structure_iter00_000000000014-20250408_215900/traj_comp.xtc /tmp/mummi/cg/structure_iter00_000000000014-20250408_215900/*.log
2025-04-08 22:26:07,261 - [MainProcess:46254] mummi_ras.online.cg.cganalysis:cleanupLocal:375 - WARNING - Copy cleanup local only works for ddcMD files
2025-04-08 22:26:09,261 - [MainProcess:46254] mummi_ras.online.simulation:has_computed_enough:352 - INFO - runtime_hours*0.99 = 0.495 vs delta_time = 0.44756192167599995 (length 29.5 ns) False False
2025-04-08 22:26:11,268 - [MainProcess:46254] mummi_ras.online.simulation:has_computed_enough:352 - INFO - runtime_hours*0.99 = 0.495 vs delta_time = 0.44811926225821175 (length 29.5 ns) False False
2025-04-08 22:26:13,274 - [MainProcess:46254] mummi_ras.online.simulation:has_computed_enough:352 - INFO - runtime_hours*0.99 = 0.495 vs delta_time = 0.44867661436398826 (length 29.5 ns) False False
2025-04-08 22:26:15,280 - [MainProcess:46254] mummi_ras.online.simulation:has_computed_enough:352 - INFO - runtime_hours*0.99 = 0.495 vs delta_time = 0.4492339489195082 (length 29.5 ns) False False
2025-04-08 22:26:17,287 - [MainProcess:46254] mummi_ras.online.simulation:has_computed_enough:352 - INFO - runtime_hours*0.99 = 0.495 vs delta_time = 0.4497912879784902 (length 29.5 ns) False False
2025-04-08 22:26:19,293 - [MainProcess:46254] mummi_ras.online.simulation:has_computed_enough:352 - INFO - runtime_hours*0.99 = 0.495 vs delta_time = 0.4503485914733675 (length 29.5 ns) False False
2025-04-08 22:26:21,299 - [MainProcess:46254] mummi_ras.online.simulation:has_computed_enough:352 - INFO - runtime_hours*0.99 = 0.495 vs delta_time = 0.4509059035778046 (length 29.5 ns) False False
2025-04-08 22:26:23,306 - [MainProcess:46254] mummi_ras.online.simulation:has_computed_enough:352 - INFO - runtime_hours*0.99 = 0.495 vs delta_time = 0.45146316866079966 (length 29.5 ns) False False
2025-04-08 22:26:25,312 - [MainProcess:46254] mummi_ras.online.simulation:has_computed_enough:352 - INFO - runtime_hours*0.99 = 0.495 vs delta_time = 0.4520205083820555 (length 29.5 ns) False False
2025-04-08 22:26:27,318 - [MainProcess:46254] mummi_ras.online.simulation:has_computed_enough:352 - INFO - runtime_hours*0.99 = 0.495 vs delta_time = 0.4525778344604704 (length 29.5 ns) False False
2025-04-08 22:26:29,324 - [MainProcess:46254] mummi_ras.online.simulation:has_computed_enough:352 - INFO - runtime_hours*0.99 = 0.495 vs delta_time = 0.45313504762119716 (length 29.5 ns) False False
2025-04-08 22:26:29,369 - [MainProcess:46254] mummi_ras.online.simulation:get_new_frames:399 - INFO - Getting all frame numbers in trajectory from 60 to 60.
2025-04-08 22:26:29,369 - [MainProcess:46254] mummi_ras.online.cg.cganalysis:run_main_analysis:193 - INFO - Process frame 60
2025-04-08 22:26:29,370 - [MainProcess:46254] mummi_ras.online.cg.cganalysis:processFrame:554 - INFO - Load 61 frames: current frame ID /tmp/mummi/cg/structure_iter00_000000000014-20250408_215900/traj_comp.xtc
2025-04-08 22:26:29,376 - [MainProcess:46254] mummi_ras.online.cg.cganalysis:processFrame:580 - INFO - Frame:    60, Time: 30000.000 ps, Bbox = [0, 181.11435, 0, 181.11435]
2025-04-08 22:26:29,377 - [MainProcess:46254] mummi_ras.online.cg.cganalysis:processFrame:584 - INFO - Lengths of layers: 666 26 491
2025-04-08 22:26:29,437 - [MainProcess:46254] mummi_ras.online.cg.cganalysis:processFrame:765 - INFO - Time for analysis - frameNum 60, time 0.0674600601196289 s
2025-04-08 22:26:31,438 - [MainProcess:46254] mummi_ras.online.simulation:has_computed_enough:352 - INFO - runtime_hours*0.99 = 0.495 vs delta_time = 0.453722050719791 (length 30.0 ns) False False
2025-04-08 22:26:33,441 - [MainProcess:46254] mummi_ras.online.simulation:has_computed_enough:352 - INFO - runtime_hours*0.99 = 0.495 vs delta_time = 0.45427866525120203 (length 30.0 ns) False False
2025-04-08 22:26:35,445 - [MainProcess:46254] mummi_ras.online.simulation:has_computed_enough:352 - INFO - runtime_hours*0.99 = 0.495 vs delta_time = 0.45483523898654515 (length 30.0 ns) False False
2025-04-08 22:26:37,449 - [MainProcess:46254] mummi_ras.online.simulation:has_computed_enough:352 - INFO - runtime_hours*0.99 = 0.495 vs delta_time = 0.4553918096092012 (length 30.0 ns) False False
2025-04-08 22:26:39,452 - [MainProcess:46254] mummi_ras.online.simulation:has_computed_enough:352 - INFO - runtime_hours*0.99 = 0.495 vs delta_time = 0.4559483866559135 (length 30.0 ns) False False
2025-04-08 22:26:41,456 - [MainProcess:46254] mummi_ras.online.simulation:has_computed_enough:352 - INFO - runtime_hours*0.99 = 0.495 vs delta_time = 0.4565049770143297 (length 30.0 ns) False False
2025-04-08 22:26:43,460 - [MainProcess:46254] mummi_ras.online.simulation:has_computed_enough:352 - INFO - runtime_hours*0.99 = 0.495 vs delta_time = 0.45706157584985097 (length 30.0 ns) False False
2025-04-08 22:26:45,464 - [MainProcess:46254] mummi_ras.online.simulation:has_computed_enough:352 - INFO - runtime_hours*0.99 = 0.495 vs delta_time = 0.45761816720167797 (length 30.0 ns) False False
2025-04-08 22:26:47,467 - [MainProcess:46254] mummi_ras.online.simulation:has_computed_enough:352 - INFO - runtime_hours*0.99 = 0.495 vs delta_time = 0.4581747318638696 (length 30.0 ns) False False
2025-04-08 22:26:49,471 - [MainProcess:46254] mummi_ras.online.simulation:has_computed_enough:352 - INFO - runtime_hours*0.99 = 0.495 vs delta_time = 0.4587313148048189 (length 30.0 ns) False False
2025-04-08 22:26:51,475 - [MainProcess:46254] mummi_ras.online.simulation:has_computed_enough:352 - INFO - runtime_hours*0.99 = 0.495 vs delta_time = 0.4592878794670105 (length 30.0 ns) False False
2025-04-08 22:26:53,478 - [MainProcess:46254] mummi_ras.online.simulation:has_computed_enough:352 - INFO - runtime_hours*0.99 = 0.495 vs delta_time = 0.4598444469107522 (length 30.0 ns) False False
2025-04-08 22:26:55,482 - [MainProcess:46254] mummi_ras.online.simulation:has_computed_enough:352 - INFO - runtime_hours*0.99 = 0.495 vs delta_time = 0.46040101362599267 (length 30.0 ns) False False
2025-04-08 22:26:57,485 - [MainProcess:46254] mummi_ras.online.simulation:has_computed_enough:352 - INFO - runtime_hours*0.99 = 0.495 vs delta_time = 0.4609575793478224 (length 30.0 ns) False False
2025-04-08 22:26:57,519 - [MainProcess:46254] mummi_ras.online.simulation:get_new_frames:399 - INFO - Getting all frame numbers in trajectory from 61 to 61.
2025-04-08 22:26:57,519 - [MainProcess:46254] mummi_ras.online.cg.cganalysis:run_main_analysis:193 - INFO - Process frame 61
2025-04-08 22:26:57,519 - [MainProcess:46254] mummi_ras.online.cg.cganalysis:processFrame:554 - INFO - Load 62 frames: current frame ID /tmp/mummi/cg/structure_iter00_000000000014-20250408_215900/traj_comp.xtc
2025-04-08 22:26:57,526 - [MainProcess:46254] mummi_ras.online.cg.cganalysis:processFrame:580 - INFO - Frame:    61, Time: 30500.000 ps, Bbox = [0, 180.19395, 0, 180.19395]
2025-04-08 22:26:57,526 - [MainProcess:46254] mummi_ras.online.cg.cganalysis:processFrame:584 - INFO - Lengths of layers: 662 29 492
2025-04-08 22:26:57,587 - [MainProcess:46254] mummi_ras.online.cg.cganalysis:processFrame:765 - INFO - Time for analysis - frameNum 61, time 0.067657470703125 s
2025-04-08 22:26:59,587 - [MainProcess:46254] mummi_ras.online.simulation:has_computed_enough:352 - INFO - runtime_hours*0.99 = 0.495 vs delta_time = 0.4615414035320282 (length 30.5 ns) False False
2025-04-08 22:27:01,591 - [MainProcess:46254] mummi_ras.online.simulation:has_computed_enough:352 - INFO - runtime_hours*0.99 = 0.495 vs delta_time = 0.4620980061425103 (length 30.5 ns) False False
2025-04-08 22:27:03,595 - [MainProcess:46254] mummi_ras.online.simulation:has_computed_enough:352 - INFO - runtime_hours*0.99 = 0.495 vs delta_time = 0.46265457842085095 (length 30.5 ns) False False
2025-04-08 22:27:05,598 - [MainProcess:46254] mummi_ras.online.simulation:has_computed_enough:352 - INFO - runtime_hours*0.99 = 0.495 vs delta_time = 0.46321114361286164 (length 30.5 ns) False False
2025-04-08 22:27:07,602 - [MainProcess:46254] mummi_ras.online.simulation:has_computed_enough:352 - INFO - runtime_hours*0.99 = 0.495 vs delta_time = 0.4637677077452342 (length 30.5 ns) False False
2025-04-08 22:27:09,606 - [MainProcess:46254] mummi_ras.online.simulation:has_computed_enough:352 - INFO - runtime_hours*0.99 = 0.495 vs delta_time = 0.46432427558634015 (length 30.5 ns) False False
2025-04-08 22:27:11,609 - [MainProcess:46254] mummi_ras.online.simulation:has_computed_enough:352 - INFO - runtime_hours*0.99 = 0.495 vs delta_time = 0.46488083594375185 (length 30.5 ns) False False
2025-04-08 22:27:13,613 - [MainProcess:46254] mummi_ras.online.simulation:has_computed_enough:352 - INFO - runtime_hours*0.99 = 0.495 vs delta_time = 0.4654374028576745 (length 30.5 ns) False False
2025-04-08 22:27:15,616 - [MainProcess:46254] mummi_ras.online.simulation:has_computed_enough:352 - INFO - runtime_hours*0.99 = 0.495 vs delta_time = 0.4659939671887292 (length 30.5 ns) False False
2025-04-08 22:27:17,620 - [MainProcess:46254] mummi_ras.online.simulation:has_computed_enough:352 - INFO - runtime_hours*0.99 = 0.495 vs delta_time = 0.4665505315197839 (length 30.5 ns) False False
2025-04-08 22:27:19,624 - [MainProcess:46254] mummi_ras.online.simulation:has_computed_enough:352 - INFO - runtime_hours*0.99 = 0.495 vs delta_time = 0.4671070908837848 (length 30.5 ns) False False
2025-04-08 22:27:21,627 - [MainProcess:46254] mummi_ras.online.simulation:has_computed_enough:352 - INFO - runtime_hours*0.99 = 0.495 vs delta_time = 0.4676636436250475 (length 30.5 ns) False False
2025-04-08 22:27:23,631 - [MainProcess:46254] mummi_ras.online.simulation:has_computed_enough:352 - INFO - runtime_hours*0.99 = 0.495 vs delta_time = 0.46822020709514617 (length 30.5 ns) False False
2025-04-08 22:27:23,664 - [MainProcess:46254] mummi_ras.online.simulation:get_new_frames:399 - INFO - Getting all frame numbers in trajectory from 62 to 62.
2025-04-08 22:27:23,664 - [MainProcess:46254] mummi_ras.online.cg.cganalysis:run_main_analysis:193 - INFO - Process frame 62
2025-04-08 22:27:23,664 - [MainProcess:46254] mummi_ras.online.cg.cganalysis:processFrame:554 - INFO - Load 63 frames: current frame ID /tmp/mummi/cg/structure_iter00_000000000014-20250408_215900/traj_comp.xtc
2025-04-08 22:27:23,671 - [MainProcess:46254] mummi_ras.online.cg.cganalysis:processFrame:580 - INFO - Frame:    62, Time: 31000.000 ps, Bbox = [0, 179.39331, 0, 179.39331]
2025-04-08 22:27:23,671 - [MainProcess:46254] mummi_ras.online.cg.cganalysis:processFrame:584 - INFO - Lengths of layers: 662 30 491
2025-04-08 22:27:23,732 - [MainProcess:46254] mummi_ras.online.cg.cganalysis:processFrame:765 - INFO - Time for analysis - frameNum 62, time 0.06828594207763672 s
2025-04-08 22:27:25,733 - [MainProcess:46254] mummi_ras.online.simulation:has_computed_enough:352 - INFO - runtime_hours*0.99 = 0.495 vs delta_time = 0.4688040420744154 (length 31.0 ns) False False
2025-04-08 22:27:27,737 - [MainProcess:46254] mummi_ras.online.simulation:has_computed_enough:352 - INFO - runtime_hours*0.99 = 0.495 vs delta_time = 0.4693607187933392 (length 31.0 ns) False False
2025-04-08 22:27:29,741 - [MainProcess:46254] mummi_ras.online.simulation:has_computed_enough:352 - INFO - runtime_hours*0.99 = 0.495 vs delta_time = 0.46991736253102623 (length 31.0 ns) False False
2025-04-08 22:27:31,745 - [MainProcess:46254] mummi_ras.online.simulation:has_computed_enough:352 - INFO - runtime_hours*0.99 = 0.495 vs delta_time = 0.4704739932881461 (length 31.0 ns) False False
2025-04-08 22:27:33,748 - [MainProcess:46254] mummi_ras.online.simulation:has_computed_enough:352 - INFO - runtime_hours*0.99 = 0.495 vs delta_time = 0.4710306276877721 (length 31.0 ns) False False
2025-04-08 22:27:35,752 - [MainProcess:46254] mummi_ras.online.simulation:has_computed_enough:352 - INFO - runtime_hours*0.99 = 0.495 vs delta_time = 0.47158725904093846 (length 31.0 ns) False False
2025-04-08 22:27:37,756 - [MainProcess:46254] mummi_ras.online.simulation:has_computed_enough:352 - INFO - runtime_hours*0.99 = 0.495 vs delta_time = 0.47214389549361335 (length 31.0 ns) False False
2025-04-08 22:27:39,760 - [MainProcess:46254] mummi_ras.online.simulation:has_computed_enough:352 - INFO - runtime_hours*0.99 = 0.495 vs delta_time = 0.4727005325423347 (length 31.0 ns) False False
2025-04-08 22:27:41,764 - [MainProcess:46254] mummi_ras.online.simulation:has_computed_enough:352 - INFO - runtime_hours*0.99 = 0.495 vs delta_time = 0.47325715872976515 (length 31.0 ns) False False
2025-04-08 22:27:43,768 - [MainProcess:46254] mummi_ras.online.simulation:has_computed_enough:352 - INFO - runtime_hours*0.99 = 0.495 vs delta_time = 0.4738137877649731 (length 31.0 ns) False False
2025-04-08 22:27:45,772 - [MainProcess:46254] mummi_ras.online.simulation:has_computed_enough:352 - INFO - runtime_hours*0.99 = 0.495 vs delta_time = 0.47437042468123963 (length 31.0 ns) False False
2025-04-08 22:27:47,776 - [MainProcess:46254] mummi_ras.online.simulation:has_computed_enough:352 - INFO - runtime_hours*0.99 = 0.495 vs delta_time = 0.47492708921432497 (length 31.0 ns) False False
2025-04-08 22:27:49,780 - [MainProcess:46254] mummi_ras.online.simulation:has_computed_enough:352 - INFO - runtime_hours*0.99 = 0.495 vs delta_time = 0.4754837559991413 (length 31.0 ns) False False
2025-04-08 22:27:51,784 - [MainProcess:46254] mummi_ras.online.simulation:has_computed_enough:352 - INFO - runtime_hours*0.99 = 0.495 vs delta_time = 0.47604041311475964 (length 31.0 ns) False False
2025-04-08 22:27:51,816 - [MainProcess:46254] mummi_ras.online.simulation:get_new_frames:399 - INFO - Getting all frame numbers in trajectory from 63 to 63.
2025-04-08 22:27:51,816 - [MainProcess:46254] mummi_ras.online.cg.cganalysis:run_main_analysis:193 - INFO - Process frame 63
2025-04-08 22:27:51,817 - [MainProcess:46254] mummi_ras.online.cg.cganalysis:processFrame:554 - INFO - Load 64 frames: current frame ID /tmp/mummi/cg/structure_iter00_000000000014-20250408_215900/traj_comp.xtc
2025-04-08 22:27:51,823 - [MainProcess:46254] mummi_ras.online.cg.cganalysis:processFrame:580 - INFO - Frame:    63, Time: 31500.000 ps, Bbox = [0, 179.97638, 0, 179.97638]
2025-04-08 22:27:51,824 - [MainProcess:46254] mummi_ras.online.cg.cganalysis:processFrame:584 - INFO - Lengths of layers: 661 33 489
2025-04-08 22:27:51,885 - [MainProcess:46254] mummi_ras.online.cg.cganalysis:processFrame:765 - INFO - Time for analysis - frameNum 63, time 0.06798744201660156 s
2025-04-08 22:27:53,885 - [MainProcess:46254] mummi_ras.online.simulation:has_computed_enough:352 - INFO - runtime_hours*0.99 = 0.495 vs delta_time = 0.47662411550680794 (length 31.5 ns) False False
2025-04-08 22:27:55,889 - [MainProcess:46254] mummi_ras.online.simulation:has_computed_enough:352 - INFO - runtime_hours*0.99 = 0.495 vs delta_time = 0.477180759774314 (length 31.5 ns) False False
2025-04-08 22:27:57,893 - [MainProcess:46254] mummi_ras.online.simulation:has_computed_enough:352 - INFO - runtime_hours*0.99 = 0.495 vs delta_time = 0.477737357351515 (length 31.5 ns) False False
2025-04-08 22:27:59,896 - [MainProcess:46254] mummi_ras.online.simulation:has_computed_enough:352 - INFO - runtime_hours*0.99 = 0.495 vs delta_time = 0.4782939510875278 (length 31.5 ns) False False
2025-04-08 22:28:01,900 - [MainProcess:46254] mummi_ras.online.simulation:has_computed_enough:352 - INFO - runtime_hours*0.99 = 0.495 vs delta_time = 0.4788505344258414 (length 31.5 ns) False False
2025-04-08 22:28:03,904 - [MainProcess:46254] mummi_ras.online.simulation:has_computed_enough:352 - INFO - runtime_hours*0.99 = 0.495 vs delta_time = 0.4794071255789863 (length 31.5 ns) False False
2025-04-08 22:28:05,908 - [MainProcess:46254] mummi_ras.online.simulation:has_computed_enough:352 - INFO - runtime_hours*0.99 = 0.495 vs delta_time = 0.4799637194474538 (length 31.5 ns) False False
2025-04-08 22:28:07,911 - [MainProcess:46254] mummi_ras.online.simulation:has_computed_enough:352 - INFO - runtime_hours*0.99 = 0.495 vs delta_time = 0.4805203080177307 (length 31.5 ns) False False
2025-04-08 22:28:09,915 - [MainProcess:46254] mummi_ras.online.simulation:has_computed_enough:352 - INFO - runtime_hours*0.99 = 0.495 vs delta_time = 0.48107690579361384 (length 31.5 ns) False False
2025-04-08 22:28:11,919 - [MainProcess:46254] mummi_ras.online.simulation:has_computed_enough:352 - INFO - runtime_hours*0.99 = 0.495 vs delta_time = 0.48163349476125505 (length 31.5 ns) False False
2025-04-08 22:28:13,922 - [MainProcess:46254] mummi_ras.online.simulation:has_computed_enough:352 - INFO - runtime_hours*0.99 = 0.495 vs delta_time = 0.4821900949875514 (length 31.5 ns) False False
2025-04-08 22:28:15,926 - [MainProcess:46254] mummi_ras.online.simulation:has_computed_enough:352 - INFO - runtime_hours*0.99 = 0.495 vs delta_time = 0.4827466855446498 (length 31.5 ns) False False
2025-04-08 22:28:17,930 - [MainProcess:46254] mummi_ras.online.simulation:has_computed_enough:352 - INFO - runtime_hours*0.99 = 0.495 vs delta_time = 0.48330328325430555 (length 31.5 ns) False False
2025-04-08 22:28:17,963 - [MainProcess:46254] mummi_ras.online.simulation:get_new_frames:399 - INFO - Getting all frame numbers in trajectory from 64 to 64.
2025-04-08 22:28:17,964 - [MainProcess:46254] mummi_ras.online.cg.cganalysis:run_main_analysis:193 - INFO - Process frame 64
2025-04-08 22:28:17,964 - [MainProcess:46254] mummi_ras.online.cg.cganalysis:processFrame:554 - INFO - Load 65 frames: current frame ID /tmp/mummi/cg/structure_iter00_000000000014-20250408_215900/traj_comp.xtc
2025-04-08 22:28:17,970 - [MainProcess:46254] mummi_ras.online.cg.cganalysis:processFrame:580 - INFO - Frame:    64, Time: 32000.000 ps, Bbox = [0, 180.60422, 0, 180.60422]
2025-04-08 22:28:17,971 - [MainProcess:46254] mummi_ras.online.cg.cganalysis:processFrame:584 - INFO - Lengths of layers: 662 38 483
2025-04-08 22:28:18,031 - [MainProcess:46254] mummi_ras.online.cg.cganalysis:processFrame:765 - INFO - Time for analysis - frameNum 64, time 0.06729412078857422 s
2025-04-08 22:28:20,031 - [MainProcess:46254] mummi_ras.online.simulation:has_computed_enough:352 - INFO - runtime_hours*0.99 = 0.495 vs delta_time = 0.48388701856136324 (length 32.0 ns) False False
2025-04-08 22:28:22,035 - [MainProcess:46254] mummi_ras.online.simulation:has_computed_enough:352 - INFO - runtime_hours*0.99 = 0.495 vs delta_time = 0.48444363084104325 (length 32.0 ns) False False
2025-04-08 22:28:24,039 - [MainProcess:46254] mummi_ras.online.simulation:has_computed_enough:352 - INFO - runtime_hours*0.99 = 0.495 vs delta_time = 0.4850001959005992 (length 32.0 ns) False False
2025-04-08 22:28:26,042 - [MainProcess:46254] mummi_ras.online.simulation:has_computed_enough:352 - INFO - runtime_hours*0.99 = 0.495 vs delta_time = 0.4855567601654265 (length 32.0 ns) False False
2025-04-08 22:28:28,046 - [MainProcess:46254] mummi_ras.online.simulation:has_computed_enough:352 - INFO - runtime_hours*0.99 = 0.495 vs delta_time = 0.48611331807242497 (length 32.0 ns) False False
2025-04-08 22:28:30,050 - [MainProcess:46254] mummi_ras.online.simulation:has_computed_enough:352 - INFO - runtime_hours*0.99 = 0.495 vs delta_time = 0.48666988843017156 (length 32.0 ns) False False
2025-04-08 22:28:32,053 - [MainProcess:46254] mummi_ras.online.simulation:has_computed_enough:352 - INFO - runtime_hours*0.99 = 0.495 vs delta_time = 0.487226444416576 (length 32.0 ns) False False
2025-04-08 22:28:34,057 - [MainProcess:46254] mummi_ras.online.simulation:has_computed_enough:352 - INFO - runtime_hours*0.99 = 0.495 vs delta_time = 0.48778300510512457 (length 32.0 ns) False False
2025-04-08 22:28:36,061 - [MainProcess:46254] mummi_ras.online.simulation:has_computed_enough:352 - INFO - runtime_hours*0.99 = 0.495 vs delta_time = 0.48833955976698135 (length 32.0 ns) False False
2025-04-08 22:28:38,064 - [MainProcess:46254] mummi_ras.online.simulation:has_computed_enough:352 - INFO - runtime_hours*0.99 = 0.495 vs delta_time = 0.48889612913131714 (length 32.0 ns) False False
2025-04-08 22:28:40,068 - [MainProcess:46254] mummi_ras.online.simulation:has_computed_enough:352 - INFO - runtime_hours*0.99 = 0.495 vs delta_time = 0.4894526963763767 (length 32.0 ns) False False
2025-04-08 22:28:42,071 - [MainProcess:46254] mummi_ras.online.simulation:has_computed_enough:352 - INFO - runtime_hours*0.99 = 0.495 vs delta_time = 0.4900092632240719 (length 32.0 ns) False False
2025-04-08 22:28:44,075 - [MainProcess:46254] mummi_ras.online.simulation:has_computed_enough:352 - INFO - runtime_hours*0.99 = 0.495 vs delta_time = 0.4905658197402954 (length 32.0 ns) False False
2025-04-08 22:28:46,079 - [MainProcess:46254] mummi_ras.online.simulation:has_computed_enough:352 - INFO - runtime_hours*0.99 = 0.495 vs delta_time = 0.4911223798327976 (length 32.0 ns) False False
2025-04-08 22:28:46,231 - [MainProcess:46254] mummi_ras.online.simulation:get_new_frames:399 - INFO - Getting all frame numbers in trajectory from 65 to 65.
2025-04-08 22:28:46,231 - [MainProcess:46254] mummi_ras.online.cg.cganalysis:run_main_analysis:193 - INFO - Process frame 65
2025-04-08 22:28:46,231 - [MainProcess:46254] mummi_ras.online.cg.cganalysis:processFrame:554 - INFO - Load 66 frames: current frame ID /tmp/mummi/cg/structure_iter00_000000000014-20250408_215900/traj_comp.xtc
2025-04-08 22:28:46,238 - [MainProcess:46254] mummi_ras.online.cg.cganalysis:processFrame:580 - INFO - Frame:    65, Time: 32500.000 ps, Bbox = [0, 180.61453, 0, 180.61453]
2025-04-08 22:28:46,239 - [MainProcess:46254] mummi_ras.online.cg.cganalysis:processFrame:584 - INFO - Lengths of layers: 663 32 488
2025-04-08 22:28:46,299 - [MainProcess:46254] mummi_ras.online.cg.cganalysis:processFrame:765 - INFO - Time for analysis - frameNum 65, time 0.06748700141906738 s
2025-04-08 22:28:48,299 - [MainProcess:46254] mummi_ras.online.simulation:has_computed_enough:352 - INFO - runtime_hours*0.99 = 0.495 vs delta_time = 0.4917392256524828 (length 32.5 ns) False False
2025-04-08 22:28:50,303 - [MainProcess:46254] mummi_ras.online.simulation:has_computed_enough:352 - INFO - runtime_hours*0.99 = 0.495 vs delta_time = 0.49229591574933795 (length 32.5 ns) False False
2025-04-08 22:28:52,307 - [MainProcess:46254] mummi_ras.online.simulation:has_computed_enough:352 - INFO - runtime_hours*0.99 = 0.495 vs delta_time = 0.49285257895787554 (length 32.5 ns) False False
2025-04-08 22:28:54,311 - [MainProcess:46254] mummi_ras.online.simulation:has_computed_enough:352 - INFO - runtime_hours*0.99 = 0.495 vs delta_time = 0.49340924978256223 (length 32.5 ns) False False
2025-04-08 22:28:56,315 - [MainProcess:46254] mummi_ras.online.simulation:has_computed_enough:352 - INFO - runtime_hours*0.99 = 0.495 vs delta_time = 0.49396590504381394 (length 32.5 ns) False False
2025-04-08 22:28:58,319 - [MainProcess:46254] mummi_ras.online.simulation:has_computed_enough:352 - INFO - runtime_hours*0.99 = 0.495 vs delta_time = 0.49452254679467944 (length 32.5 ns) False False
2025-04-08 22:29:00,323 - [MainProcess:46254] mummi_ras.online.simulation:has_computed_enough:352 - INFO - runtime_hours*0.99 = 0.495 vs delta_time = 0.49507918761836156 (length 32.5 ns) True False
2025-04-08 22:29:00,324 - [MainProcess:46254] mummi_ras.online.simulation:has_computed_enough:355 - INFO - TEST False
2025-04-08 22:29:00,326 - [MainProcess:46254] mummi_core.interfaces.base:send_signal:280 - INFO - Saved signal (/p/gpfs1/pottier1/minimummi-sc25/roots/root3/sims-cg/structure_iter00_000000000014/cg_success)
2025-04-08 22:29:00,327 - [MainProcess:46254] mummi_ras.online.simulation:has_computed_enough:358 - INFO - Setting success flag for /p/gpfs1/pottier1/minimummi-sc25/roots/root3/sims-cg/structure_iter00_000000000014 (runtime 0.49507918761836156 hours) (length 32.5 ns)
2025-04-08 22:29:00,327 - [MainProcess:46254] mummi_ras.online.cg.cganalysis:run_main_analysis:232 - INFO - Sim structure_iter00_000000000014 IS DONE
2025-04-08 22:29:00,327 - [MainProcess:46254] mummi_ras.online.simulation:stop:135 - INFO - Stopping simulation structure_iter00_000000000014
2025-04-08 22:29:00,327 - [MainProcess:46254] mummi_ras.online.cg.cganalysis:processOutput:92 - INFO - Add feedback for frameNum 60 - state []
2025-04-08 22:29:00,327 - [MainProcess:46254] mummi_ras.online.cg.cganalysis:processOutput:92 - INFO - Add feedback for frameNum 61 - state []
2025-04-08 22:29:00,327 - [MainProcess:46254] mummi_ras.online.cg.cganalysis:processOutput:92 - INFO - Add feedback for frameNum 62 - state []
2025-04-08 22:29:00,327 - [MainProcess:46254] mummi_ras.online.cg.cganalysis:processOutput:92 - INFO - Add feedback for frameNum 63 - state []
2025-04-08 22:29:00,327 - [MainProcess:46254] mummi_ras.online.cg.cganalysis:processOutput:92 - INFO - Add feedback for frameNum 64 - state []
2025-04-08 22:29:00,327 - [MainProcess:46254] mummi_ras.online.cg.cganalysis:processOutput:92 - INFO - Add feedback for frameNum 65 - state []
2025-04-08 22:29:00,334 - [MainProcess:46254] mummi_core.interfaces.simple:_save_files:91 - INFO - Wrote 6 files to (/p/gpfs1/pottier1/minimummi-sc25/roots/root3/feedback-cg2ml/014)
2025-04-08 22:29:00,334 - [MainProcess:46254] mummi_ras.feedback.feedback_manager_cg2ml:report:118 - INFO - Added 6 frames (from structure_iter00_000000000014) to feedback (/p/gpfs1/pottier1/minimummi-sc25/roots/root3/feedback-cg2ml)
2025-04-08 22:29:00,334 - [MainProcess:46254] mummi_ras.online.cg.cganalysis:processOutput:112 - INFO - processOutput: 65
2025-04-08 22:29:00,334 - [MainProcess:46254] mummi_ras.online.cg.cganalysis:copyRemoteRestart:452 - INFO - Copy to remote frames [60, 61, 62, 63, 64, 65]
2025-04-08 22:29:00,417 - [MainProcess:46254] mummi_core.utils.utilities:sys_call:184 - INFO - Run command: rsync -va --no-g traj_comp.xtc topol.tpr state.cpt ener.edr md.log mdrun.log /p/gpfs1/pottier1/minimummi-sc25/roots/root3/sims-cg/structure_iter00_000000000014 || true
2025-04-08 22:29:00,587 - [MainProcess:46254] mummi_ras.interfaces.mummi:save_analysis_data:253 - INFO - Saved all analysis data for frames [60, 61, 62, 63, 64, 65]
2025-04-08 22:29:00,587 - [MainProcess:46254] mummi_ras.online.cg.cganalysis:copyRemoteLogs:350 - INFO - Copy over log files
2025-04-08 22:29:00,613 - [MainProcess:46254] mummi_core.utils.utilities:sys_call:184 - INFO - Run command: cp -r  /tmp/mummi/cg/structure_iter00_000000000014-20250408_215900/cg_analysis.out /tmp/mummi/cg/structure_iter00_000000000014-20250408_215900/traj_comp.xtc /tmp/mummi/cg/structure_iter00_000000000014-20250408_215900/*.log /p/gpfs1/pottier1/minimummi-sc25/roots/root3/sims-cg/structure_iter00_000000000014/ || true
2025-04-08 22:29:00,613 - [MainProcess:46254] mummi_ras.online.cg.cganalysis:copyRemoteLogs:365 - INFO - copyRemoteLogs =  /tmp/mummi/cg/structure_iter00_000000000014-20250408_215900/cg_analysis.out /tmp/mummi/cg/structure_iter00_000000000014-20250408_215900/traj_comp.xtc /tmp/mummi/cg/structure_iter00_000000000014-20250408_215900/*.log
2025-04-08 22:29:00,613 - [MainProcess:46254] mummi_ras.online.cg.cganalysis:cleanupLocal:375 - WARNING - Copy cleanup local only works for ddcMD files
2025-04-08 22:29:00,613 - [MainProcess:46254] mummi_core.interfaces.base:send_signal:275 - ERROR - Signal (/p/gpfs1/pottier1/minimummi-sc25/roots/root3/sims-cg/structure_iter00_000000000014/cg_success) already exist! Aborting.
2025-04-08 22:29:00,614 - [MainProcess:46254] mummi_core.interfaces.base:send_signal:280 - INFO - Saved signal (/p/gpfs1/pottier1/minimummi-sc25/roots/root3/sims-cg/structure_iter00_000000000014/cg_success)
2025-04-08 22:29:00,614 - [MainProcess:46254] mummi_ras.online.cg.cganalysis:copyRemoteLogs:350 - INFO - Copy over log files
2025-04-08 22:29:00,637 - [MainProcess:46254] mummi_core.utils.utilities:sys_call:184 - INFO - Run command: cp -r  /tmp/mummi/cg/structure_iter00_000000000014-20250408_215900/cg_analysis.out /tmp/mummi/cg/structure_iter00_000000000014-20250408_215900/traj_comp.xtc /tmp/mummi/cg/structure_iter00_000000000014-20250408_215900/*.log /p/gpfs1/pottier1/minimummi-sc25/roots/root3/sims-cg/structure_iter00_000000000014/ || true
2025-04-08 22:29:00,637 - [MainProcess:46254] mummi_ras.online.cg.cganalysis:copyRemoteLogs:365 - INFO - copyRemoteLogs =  /tmp/mummi/cg/structure_iter00_000000000014-20250408_215900/cg_analysis.out /tmp/mummi/cg/structure_iter00_000000000014-20250408_215900/traj_comp.xtc /tmp/mummi/cg/structure_iter00_000000000014-20250408_215900/*.log
2025-04-08 22:29:00,637 - [MainProcess:46254] mummi_ras.online.cg.cganalysis:run_main_analysis:248 - INFO - EXITING: structure_iter00_000000000014
